seeding.strategy,org.silo_strength,rep,strategy,final_rate,peak_rate,cumulative_rate,retention_rate,plateau,relapse,steps_to_fixed_point,converged,n_adopted,n_not_able,n_not_willing,n_not_ready,n_relapsed,curve,dept_rates,team_rates,seeded_teams
broadcast,0.5,0,broadcast,0.076,0.076,0.076,1.0,0.076,0.0,36,True,152,0,286,1562,0,"[0.0, 0.021, 0.0225, 0.0235, 0.025, 0.027, 0.0285, 0.03, 0.032, 0.035, 0.0375, 0.0405, 0.0435, 0.0465, 0.0505, 0.0515, 0.053, 0.0545, 0.056, 0.0565, 0.057, 0.0585, 0.061, 0.064, 0.066, 0.0675, 0.068, 0.0685, 0.069, 0.07, 0.0715, 0.0725, 0.0735, 0.0745, 0.0755, 0.076, 0.076, 0.076, 0.076, 0.076, 0.076, 0.076, 0.076, 0.076, 0.076, 0.076, 0.076, 0.076, 0.076, 0.076, 0.076, 0.076, 0.076, 0.076, 0.076, 0.076, 0.076, 0.076, 0.076, 0.076, 0.076, 0.076, 0.076, 0.076, 0.076, 0.076, 0.076, 0.076, 0.076, 0.076, 0.076, 0.076, 0.076, 0.076, 0.076, 0.076, 0.076, 0.076, 0.076, 0.076, 0.076, 0.076, 0.076, 0.076, 0.076, 0.076, 0.076, 0.076, 0.076, 0.076, 0.076, 0.076, 0.076, 0.076, 0.076, 0.076, 0.076, 0.076, 0.076, 0.076, 0.076]","{""0"": 0.0226, ""1"": 0.0201, ""2"": 0.0154, ""3"": 0.0167, ""4"": 0.0198, ""5"": 0.0212, ""6"": 0.46, ""7"": 0.0324}","[0.1111, 0.0, 0.1, 0.1, 0.0, 0.0, 0.0, 1.0, 0.0, 0.0, 0.0, 0.0, 0.1429, 0.0, 0.0, 0.8182, 0.0, 0.1538, 0.0, 0.0, 0.0, 0.0, 0.0, 0.8182, 0.0, 0.1667, 0.0, 0.0, 0.0, 0.0, 0.0, 1.0, 0.0, 0.0, 0.0, 0.0, 0.0, 0.125, 0.0, 0.5714, 0.0, 0.0, 0.0, 0.0, 0.1667, 0.0, 0.0833, 1.0, 0.1818, 0.0, 0.0, 0.0, 0.1667, 0.0, 0.0, 0.875, 0.0, 0.0, 0.1429, 0.0, 0.0, 0.0, 0.0, 0.1667, 0.0, 0.0, 0.0, 0.0, 0.0, 0.0, 0.0, 0.0, 0.0, 0.0, 0.0, 0.0, 0.0, 0.0769, 0.0, 0.0, 0.0, 0.125, 0.0, 0.0, 0.0, 0.1667, 0.0, 0.0, 0.125, 0.0, 0.0, 0.0, 0.0, 0.0, 0.0, 0.0, 0.0, 0.0, 0.0, 0.0, 0.0, 0.0, 0.0, 0.0, 0.1429, 0.0, 0.0, 0.0, 0.0, 0.0, 0.125, 0.0, 0.0, 0.0, 0.1667, 0.0, 0.0, 0.0, 0.0, 0.0, 0.0, 0.1429, 0.0, 0.25, 0.0, 0.0, 0.0, 0.1, 0.0, 0.0, 0.0, 0.0, 0.0, 0.0, 0.0, 0.0, 0.125, 0.0, 0.1429, 0.0, 0.0, 0.0, 0.0833, 0.0, 0.0, 0.0, 0.0, 0.0, 0.0, 0.0, 0.0, 0.0, 0.0, 0.0, 0.0, 0.0, 0.0, 0.0, 0.0, 0.0, 0.0, 0.0, 0.0, 0.0, 0.0, 0.0, 0.0, 0.125, 0.0769, 0.0, 0.0, 0.0, 0.0, 0.0, 0.0, 0.1, 0.0, 0.0, 0.0, 0.0, 0.0909, 0.0, 0.2, 0.0, 0.0, 0.0, 0.0, 0.0, 0.0, 0.0, 0.0, 0.8571, 0.0, 0.0, 0.0, 0.0, 0.0, 0.0, 0.0, 0.8, 0.1667, 0.0, 0.0, 0.0, 0.0, 0.0, 0.0, 1.0, 0.125, 0.0, 0.1429, 0.0, 0.0, 0.0, 0.0, 0.8, 0.0, 0.0, 0.0, 0.0, 0.0, 0.0, 0.0, 1.0, 0.0, 0.1667, 0.0, 0.1111, 0.0, 0.0, 0.0, 0.8182, 0.0, 0.0, 0.0, 0.0, 0.0, 0.1111, 0.1667, 1.0, 0.0, 0.0, 0.0, 0.0, 0.0, 0.1, 0.0, 1.0, 0.0, 0.0]",[]
broadcast,0.5,1,broadcast,0.0745,0.0745,0.0745,1.0,0.0745,0.0,21,True,149,0,290,1561,0,"[0.0, 0.0255, 0.0275, 0.0295, 0.0315, 0.036, 0.04, 0.0445, 0.0495, 0.0545, 0.0565, 0.059, 0.0615, 0.064, 0.066, 0.069, 0.0705, 0.0715, 0.0725, 0.074, 0.0745, 0.0745, 0.0745, 0.0745, 0.0745, 0.0745, 0.0745, 0.0745, 0.0745, 0.0745, 0.0745, 0.0745, 0.0745, 0.0745, 0.0745, 0.0745, 0.0745, 0.0745, 0.0745, 0.0745, 0.0745, 0.0745, 0.0745, 0.0745, 0.0745, 0.0745, 0.0745, 0.0745, 0.0745, 0.0745, 0.0745, 0.0745, 0.0745, 0.0745, 0.0745, 0.0745, 0.0745, 0.0745, 0.0745, 0.0745, 0.0745, 0.0745, 0.0745, 0.0745, 0.0745, 0.0745, 0.0745, 0.0745, 0.0745, 0.0745, 0.0745, 0.0745, 0.0745, 0.0745, 0.0745, 0.0745, 0.0745, 0.0745, 0.0745, 0.0745, 0.0745, 0.0745, 0.0745, 0.0745, 0.0745, 0.0745, 0.0745, 0.0745, 0.0745, 0.0745, 0.0745, 0.0745, 0.0745, 0.0745, 0.0745, 0.0745, 0.0745, 0.0745, 0.0745, 0.0745, 0.0745]","{""0"": 0.0423, ""1"": 0.0202, ""2"": 0.0282, ""3"": 0.2885, ""4"": 0.0551, ""5"": 0.0409, ""6"": 0.0043, ""7"": 0.1053}","[0.1111, 0.125, 0.0, 0.0, 0.0, 0.0, 0.0909, 0.0, 0.125, 0.0, 0.0, 0.0, 0.0, 0.0, 0.1111, 0.0, 0.0, 0.125, 0.0, 0.1667, 0.0, 0.0, 0.0, 0.0, 0.7778, 0.125, 0.0, 0.0, 0.0, 0.0, 0.0, 0.0, 1.0, 0.0, 0.0, 0.1111, 0.0, 0.6667, 0.0, 0.0, 0.75, 0.8, 0.0, 0.0, 0.0, 0.8, 0.2, 0.0, 0.0, 0.0, 0.0, 0.0, 0.0, 0.25, 0.0, 0.0, 0.0, 0.0, 0.0, 0.0, 0.0, 0.0, 0.0, 0.0, 0.0, 0.0, 0.0, 0.0769, 0.0, 0.0, 0.0, 0.0, 0.0, 0.0, 0.0, 0.0, 0.875, 0.0, 0.1, 0.0, 0.0, 0.0, 0.0, 0.0, 1.0, 0.0, 0.0833, 0.0, 0.0, 0.0, 0.0, 0.0, 0.7143, 0.0, 0.0, 0.0, 0.0, 0.0, 0.1111, 0.0, 1.0, 0.0, 0.0, 0.0, 0.0, 0.0, 0.0, 0.0, 0.75, 0.0, 0.0, 0.0, 0.0, 0.0, 0.125, 0.1429, 0.9, 0.0, 0.1, 0.0, 0.0, 0.0, 0.0, 0.0, 1.0, 0.0, 0.0667, 0.0, 0.0, 0.1429, 0.0, 0.1667, 0.8462, 0.0, 0.0, 0.1667, 0.0, 0.0, 0.0, 0.0, 0.875, 0.0, 0.0, 0.0, 0.0, 0.0, 0.0, 0.0, 0.0, 0.0, 0.0, 0.0, 0.0, 0.0, 0.0, 0.125, 0.0, 0.0, 0.0, 0.0, 0.0909, 0.0, 0.0, 0.0, 0.0, 0.0, 0.0, 0.0, 0.0, 0.0, 0.0, 0.1111, 0.0, 0.0, 0.0, 0.0, 0.0, 0.0, 0.0, 0.0, 0.1667, 0.2857, 0.1818, 0.0, 0.0, 0.125, 0.0, 0.0, 0.0, 0.0, 0.0, 0.0, 0.0, 0.1429, 0.0, 0.0, 0.0, 0.0, 0.0, 0.0, 0.1429, 0.0909, 0.1111, 0.0, 0.0769, 0.0, 0.1111, 0.0, 0.0, 0.0, 0.0, 0.0, 0.0, 0.0, 0.0, 0.0, 0.0, 0.0, 0.0, 0.0, 0.0, 0.0, 0.0, 0.0, 0.0, 0.0, 0.1667, 0.0, 0.0, 0.0, 0.0, 0.0, 0.0, 0.0, 0.0, 0.0, 0.0, 0.0, 0.0, 0.0, 0.0, 0.0, 0.1, 0.0, 0.0, 0.0, 0.0, 0.0, 0.0, 0.0]",[]
broadcast,0.5,2,broadcast,0.0245,0.0245,0.0245,1.0,0.0245,0.0,10,True,49,0,307,1644,0,"[0.0, 0.0185, 0.0195, 0.02, 0.021, 0.0215, 0.0225, 0.023, 0.024, 0.0245, 0.0245, 0.0245, 0.0245, 0.0245, 0.0245, 0.0245, 0.0245, 0.0245, 0.0245, 0.0245, 0.0245, 0.0245, 0.0245, 0.0245, 0.0245, 0.0245, 0.0245, 0.0245, 0.0245, 0.0245, 0.0245, 0.0245, 0.0245, 0.0245, 0.0245, 0.0245, 0.0245, 0.0245, 0.0245, 0.0245, 0.0245, 0.0245, 0.0245, 0.0245, 0.0245, 0.0245, 0.0245, 0.0245, 0.0245, 0.0245, 0.0245, 0.0245, 0.0245, 0.0245, 0.0245, 0.0245, 0.0245, 0.0245, 0.0245, 0.0245, 0.0245, 0.0245, 0.0245, 0.0245, 0.0245, 0.0245, 0.0245, 0.0245, 0.0245, 0.0245, 0.0245, 0.0245, 0.0245, 0.0245, 0.0245, 0.0245, 0.0245, 0.0245, 0.0245, 0.0245, 0.0245, 0.0245, 0.0245, 0.0245, 0.0245, 0.0245, 0.0245, 0.0245, 0.0245, 0.0245, 0.0245, 0.0245, 0.0245, 0.0245, 0.0245, 0.0245, 0.0245, 0.0245, 0.0245, 0.0245, 0.0245]","{""0"": 0.0228, ""1"": 0.0538, ""2"": 0.0206, ""3"": 0.0078, ""4"": 0.0239, ""5"": 0.0245, ""6"": 0.0295, ""7"": 0.0122}","[0.0, 0.0, 0.5, 0.0, 0.0, 0.0, 0.0, 0.0, 0.0, 0.0, 0.0, 0.0, 0.0, 0.0, 0.1111, 0.0, 0.0, 0.0, 0.0, 0.125, 0.0, 0.1111, 0.0, 0.0, 0.0, 0.0, 0.0, 0.0, 0.0, 0.0, 0.0, 0.0, 0.0, 0.0, 0.0, 0.0, 0.0, 0.0, 0.0, 0.0, 0.0, 0.0, 0.0, 0.0, 0.0, 0.1667, 0.0, 0.0, 0.0, 0.2, 0.0, 0.0, 0.0, 0.0, 0.0, 0.0, 0.1111, 0.0, 0.0, 0.0, 0.0, 0.0, 0.0909, 0.0, 0.0, 0.1429, 0.0, 0.0, 0.0, 0.0, 0.0, 0.1, 0.0, 0.0, 0.0, 0.0, 0.0, 0.1111, 0.0, 0.125, 0.0, 0.0, 0.0, 0.2, 0.0, 0.0, 0.0, 0.0, 0.0, 0.125, 0.0, 0.0, 0.0, 0.0, 0.0, 0.0, 0.0, 0.0, 0.0, 0.0, 0.0, 0.0, 0.125, 0.0, 0.0, 0.0, 0.0, 0.0, 0.1429, 0.0, 0.0, 0.0, 0.0, 0.0, 0.0, 0.0, 0.0, 0.0, 0.0, 0.0, 0.0, 0.0, 0.0, 0.0, 0.0, 0.0, 0.0, 0.0, 0.0, 0.0, 0.0, 0.0, 0.0, 0.0, 0.0, 0.0, 0.0, 0.0, 0.0, 0.0, 0.0, 0.0, 0.0, 0.0, 0.0, 0.0, 0.1667, 0.0, 0.0, 0.1, 0.0, 0.1, 0.0, 0.0, 0.0, 0.0, 0.0, 0.0, 0.0, 0.0, 0.0, 0.0, 0.0, 0.0, 0.0, 0.0, 0.0, 0.0, 0.0, 0.0, 0.0, 0.0, 0.0, 0.0, 0.0, 0.2, 0.0, 0.1667, 0.0, 0.1429, 0.0, 0.0833, 0.0, 0.0, 0.0, 0.0, 0.0, 0.1111, 0.0, 0.0, 0.0, 0.0, 0.0, 0.0, 0.0, 0.0, 0.1111, 0.0, 0.0909, 0.0, 0.25, 0.0, 0.0, 0.0, 0.0, 0.1429, 0.0, 0.0, 0.0, 0.0, 0.0, 0.0, 0.0, 0.0, 0.125, 0.0909, 0.0, 0.0, 0.0, 0.0, 0.0, 0.0, 0.1111, 0.0, 0.0, 0.0, 0.0, 0.0, 0.0, 0.0, 0.0, 0.1429, 0.0, 0.0, 0.0769, 0.1667, 0.0, 0.0, 0.0, 0.0, 0.0, 0.0, 0.8182, 0.0, 0.0, 0.0, 0.0, 0.1111, 0.0, 0.0]",[]
broadcast,0.5,3,broadcast,0.0305,0.0305,0.0305,1.0,0.0305,0.0,5,True,61,0,302,1637,0,"[0.0, 0.0255, 0.0275, 0.03, 0.0305, 0.0305, 0.0305, 0.0305, 0.0305, 0.0305, 0.0305, 0.0305, 0.0305, 0.0305, 0.0305, 0.0305, 0.0305, 0.0305, 0.0305, 0.0305, 0.0305, 0.0305, 0.0305, 0.0305, 0.0305, 0.0305, 0.0305, 0.0305, 0.0305, 0.0305, 0.0305, 0.0305, 0.0305, 0.0305, 0.0305, 0.0305, 0.0305, 0.0305, 0.0305, 0.0305, 0.0305, 0.0305, 0.0305, 0.0305, 0.0305, 0.0305, 0.0305, 0.0305, 0.0305, 0.0305, 0.0305, 0.0305, 0.0305, 0.0305, 0.0305, 0.0305, 0.0305, 0.0305, 0.0305, 0.0305, 0.0305, 0.0305, 0.0305, 0.0305, 0.0305, 0.0305, 0.0305, 0.0305, 0.0305, 0.0305, 0.0305, 0.0305, 0.0305, 0.0305, 0.0305, 0.0305, 0.0305, 0.0305, 0.0305, 0.0305, 0.0305, 0.0305, 0.0305, 0.0305, 0.0305, 0.0305, 0.0305, 0.0305, 0.0305, 0.0305, 0.0305, 0.0305, 0.0305, 0.0305, 0.0305, 0.0305, 0.0305, 0.0305, 0.0305, 0.0305, 0.0305]","{""0"": 0.0257, ""1"": 0.0224, ""2"": 0.0591, ""3"": 0.024, ""4"": 0.0261, ""5"": 0.0444, ""6"": 0.0278, ""7"": 0.0121}","[0.0, 0.0, 0.0909, 0.0, 0.0, 0.0, 0.125, 0.0, 0.0, 0.0, 0.1667, 0.0, 0.1111, 0.0, 0.1667, 0.0, 0.0, 0.0, 0.0, 0.0, 0.0, 0.0, 0.0, 0.0, 0.0, 0.0, 0.0, 0.0, 0.0, 0.0, 0.125, 0.0, 0.0, 0.0, 0.0, 0.0769, 0.2857, 0.0, 0.0, 0.0, 0.0, 0.0, 0.0, 0.0, 0.0, 0.1111, 0.0, 0.0, 0.1429, 0.0, 0.0, 0.0, 0.0, 0.0, 0.0, 0.0, 0.1667, 0.0, 0.0, 0.0, 0.0, 0.0, 0.0, 0.25, 0.1, 0.0, 0.0, 0.4, 0.0, 0.0, 0.0, 0.0, 0.0, 0.0625, 0.0, 0.625, 0.0, 0.0, 0.0, 0.0, 0.0, 0.0769, 0.0, 0.0, 0.125, 0.1429, 0.2, 0.125, 0.0, 0.0, 0.0, 0.0, 0.0, 0.0, 0.0, 0.0, 0.0, 0.125, 0.0, 0.0, 0.0, 0.0, 0.125, 0.0, 0.0, 0.2222, 0.0, 0.0, 0.0, 0.0, 0.0, 0.0, 0.0, 0.0, 0.0, 0.0, 0.0, 0.0, 0.0, 0.0, 0.0, 0.0, 0.0, 0.25, 0.0, 0.0, 0.0, 0.0, 0.0, 0.0, 0.0, 0.1, 0.0, 0.0, 0.5, 0.0, 0.0, 0.0, 0.0, 0.125, 0.0, 0.0, 0.0, 0.0, 0.0, 0.1, 0.2857, 0.0, 0.0, 0.3333, 0.0, 0.0833, 0.0, 0.0, 0.0, 0.1667, 0.0, 0.0, 0.0, 0.0, 0.0, 0.0714, 0.0, 0.0, 0.0, 0.0, 0.0, 0.0, 0.0, 0.0, 0.1667, 0.0, 0.0714, 0.0, 0.0, 0.0, 0.0, 0.0, 0.0, 0.1111, 0.0, 0.1667, 0.0, 0.0, 0.0, 0.0, 0.0, 0.0, 0.0, 0.0, 0.0, 0.0, 0.0, 0.0, 0.0, 0.0, 0.0, 0.0, 0.0, 0.0, 0.0, 0.0, 0.0, 0.0, 0.1429, 0.125, 0.0556, 0.2, 0.0, 0.0, 0.0, 0.1111, 0.0, 0.0, 0.0, 0.0, 0.0, 0.0, 0.0, 0.0, 0.0, 0.0, 0.125, 0.25, 0.0, 0.0, 0.0, 0.0, 0.0, 0.125, 0.0, 0.0, 0.0, 0.0, 0.0, 0.0, 0.0, 0.0, 0.0, 0.1111, 0.0, 0.0, 0.0, 0.0, 0.0, 0.0, 0.1111, 0.0, 0.0, 0.0]",[]
broadcast,0.5,4,broadcast,0.0375,0.0375,0.0375,1.0,0.0375,0.0,16,True,75,0,298,1627,0,"[0.0, 0.0205, 0.023, 0.024, 0.0245, 0.0255, 0.027, 0.0285, 0.03, 0.031, 0.0325, 0.034, 0.0345, 0.0355, 0.037, 0.0375, 0.0375, 0.0375, 0.0375, 0.0375, 0.0375, 0.0375, 0.0375, 0.0375, 0.0375, 0.0375, 0.0375, 0.0375, 0.0375, 0.0375, 0.0375, 0.0375, 0.0375, 0.0375, 0.0375, 0.0375, 0.0375, 0.0375, 0.0375, 0.0375, 0.0375, 0.0375, 0.0375, 0.0375, 0.0375, 0.0375, 0.0375, 0.0375, 0.0375, 0.0375, 0.0375, 0.0375, 0.0375, 0.0375, 0.0375, 0.0375, 0.0375, 0.0375, 0.0375, 0.0375, 0.0375, 0.0375, 0.0375, 0.0375, 0.0375, 0.0375, 0.0375, 0.0375, 0.0375, 0.0375, 0.0375, 0.0375, 0.0375, 0.0375, 0.0375, 0.0375, 0.0375, 0.0375, 0.0375, 0.0375, 0.0375, 0.0375, 0.0375, 0.0375, 0.0375, 0.0375, 0.0375, 0.0375, 0.0375, 0.0375, 0.0375, 0.0375, 0.0375, 0.0375, 0.0375, 0.0375, 0.0375, 0.0375, 0.0375, 0.0375, 0.0375]","{""0"": 0.0152, ""1"": 0.0126, ""2"": 0.1434, ""3"": 0.0041, ""4"": 0.0551, ""5"": 0.0282, ""6"": 0.012, ""7"": 0.0247}","[0.0, 0.0, 0.0, 0.0, 0.0, 0.0, 0.0, 0.125, 0.0, 0.1667, 0.0, 0.1111, 0.0, 0.1429, 0.1111, 0.0, 0.0, 0.0, 0.0, 0.0, 0.0, 0.0909, 0.0, 0.0, 0.0, 0.0, 0.0, 0.0, 0.0, 0.0, 0.1111, 0.0, 0.0, 0.0, 0.0, 0.1667, 0.0, 0.1429, 0.0, 0.0, 0.0, 0.0, 0.0, 0.0, 0.0, 0.0, 0.0, 0.0, 0.0, 0.1667, 0.0, 0.8, 0.0, 0.0, 0.0, 0.0, 0.0, 0.0, 0.0, 1.0, 0.0, 0.0, 0.0, 0.0, 0.1, 0.0, 0.1667, 1.0, 0.0, 0.0, 0.0, 0.0, 0.0, 0.0, 0.125, 0.75, 0.0, 0.0, 0.0, 0.0, 0.0, 0.0, 0.0, 0.6, 0.0, 0.0, 0.0, 0.0, 0.0, 0.0, 0.0, 0.1, 0.0, 0.0, 0.0, 0.0, 0.0, 0.0, 0.1429, 0.0, 0.0, 0.0, 0.0, 0.0, 0.1667, 0.0, 0.0, 0.0, 0.0, 0.2857, 0.0, 0.0, 0.0, 0.0, 0.0, 0.0, 0.0, 0.1, 0.0, 0.0, 0.0, 0.0, 0.0, 0.0, 0.0, 0.0, 0.0, 0.0, 0.0, 0.0, 0.0, 0.0, 0.0, 0.1667, 0.0, 0.0, 0.0, 0.0, 0.0, 0.0, 0.0, 0.0, 0.0, 0.0, 0.0, 0.0, 0.0, 0.0, 0.0, 0.1429, 0.0, 0.1, 0.1429, 0.1, 0.0, 0.0, 0.0833, 0.0, 0.0, 0.0, 0.0, 0.0, 0.0, 0.0, 0.0, 0.0, 0.0, 0.0, 0.0, 0.0, 0.0, 0.0, 0.0, 0.0, 0.2857, 0.125, 0.0, 0.0, 0.0, 0.0, 0.0, 0.0833, 0.1667, 0.0, 0.0, 0.0, 0.0, 0.0, 0.0, 0.0769, 0.0, 0.0, 0.0, 0.0, 0.0, 0.0, 0.0, 0.0, 0.0, 0.0, 0.125, 0.0, 0.0, 0.0, 0.0, 0.0, 0.0, 0.0, 0.0, 0.0, 0.0, 0.0, 0.0, 0.1, 0.0, 0.0, 0.1667, 0.0, 0.0, 0.0, 0.0, 0.1818, 0.1667, 0.0, 0.0, 0.0, 0.0, 0.0, 0.0, 0.0, 0.0, 0.0, 0.1429, 0.0, 0.0, 0.0, 0.0, 0.0, 0.0, 0.0, 0.0, 0.0, 0.0, 0.4, 0.0, 0.0, 0.1111, 0.0, 0.0, 0.0]",[]
broadcast,0.5,5,broadcast,0.022,0.022,0.022,1.0,0.022,0.0,9,True,44,0,282,1674,0,"[0.0, 0.016, 0.0165, 0.017, 0.0175, 0.0185, 0.0205, 0.021, 0.022, 0.022, 0.022, 0.022, 0.022, 0.022, 0.022, 0.022, 0.022, 0.022, 0.022, 0.022, 0.022, 0.022, 0.022, 0.022, 0.022, 0.022, 0.022, 0.022, 0.022, 0.022, 0.022, 0.022, 0.022, 0.022, 0.022, 0.022, 0.022, 0.022, 0.022, 0.022, 0.022, 0.022, 0.022, 0.022, 0.022, 0.022, 0.022, 0.022, 0.022, 0.022, 0.022, 0.022, 0.022, 0.022, 0.022, 0.022, 0.022, 0.022, 0.022, 0.022, 0.022, 0.022, 0.022, 0.022, 0.022, 0.022, 0.022, 0.022, 0.022, 0.022, 0.022, 0.022, 0.022, 0.022, 0.022, 0.022, 0.022, 0.022, 0.022, 0.022, 0.022, 0.022, 0.022, 0.022, 0.022, 0.022, 0.022, 0.022, 0.022, 0.022, 0.022, 0.022, 0.022, 0.022, 0.022, 0.022, 0.022, 0.022, 0.022, 0.022, 0.022]","{""0"": 0.0159, ""1"": 0.0216, ""2"": 0.0225, ""3"": 0.0167, ""4"": 0.008, ""5"": 0.0083, ""6"": 0.0151, ""7"": 0.0664}","[0.0, 0.0, 0.0, 0.0, 0.125, 0.0, 0.0, 0.0, 0.0, 0.0, 0.0, 0.0, 0.0, 0.0, 0.0, 0.0, 0.0, 0.0, 0.0, 0.0, 0.0, 0.0, 0.0, 0.125, 0.1667, 0.0, 0.0, 0.1667, 0.0, 0.125, 0.0, 0.0, 0.0, 0.0, 0.0, 0.0, 0.0909, 0.0, 0.0, 0.0, 0.0, 0.0, 0.0, 0.0, 0.0, 0.0, 0.0, 0.0, 0.0, 0.0, 0.0, 0.1111, 0.2, 0.0, 0.1111, 0.0, 0.0, 0.0, 0.0, 0.0, 0.0, 0.0, 0.0, 0.0, 0.0, 0.0, 0.0, 0.0, 0.0, 0.0, 0.0, 0.0, 0.0, 0.0, 0.0, 0.1111, 0.0, 0.0, 0.0909, 0.0625, 0.0, 0.3333, 0.0, 0.0, 0.0, 0.0, 0.0, 0.0, 0.1667, 0.0, 0.1667, 0.0, 0.0, 0.0, 0.0, 0.0, 0.0, 0.0, 0.0, 0.0, 0.0, 0.0909, 0.0, 0.0, 0.0, 0.0, 0.0, 0.1, 0.0, 0.0, 0.0, 0.0, 0.125, 0.0, 0.0, 0.0, 0.0, 0.0, 0.0, 0.0, 1.0, 0.0, 0.0, 0.0, 0.0, 0.0, 0.0, 0.0, 0.1667, 0.0, 0.1667, 0.0, 0.0, 0.0, 0.0, 0.0, 0.0, 0.0769, 0.0, 0.0, 0.0, 0.0, 0.0, 0.0, 0.1111, 0.0, 0.0, 0.0, 0.0, 0.0, 0.0, 0.1, 0.0, 0.0, 0.0, 0.0, 0.0, 0.0, 0.0, 0.0, 0.0, 0.0, 0.1, 0.0, 0.0, 0.0, 0.0, 0.0, 0.0, 0.0, 0.0, 0.0, 0.0, 0.0, 0.0, 0.0, 0.0, 0.0, 0.0, 0.0, 0.0, 0.0, 0.0, 0.0, 0.0, 0.0, 0.0, 0.0, 0.0, 0.0, 0.0, 0.0, 0.0, 0.25, 0.0, 0.0, 0.0, 0.0, 0.0, 0.0, 0.0, 0.0, 0.0, 0.2, 0.0, 0.0, 0.0, 0.0, 0.0, 0.0, 0.125, 0.0, 0.0, 0.0, 0.0, 0.0, 0.0, 0.0, 0.0, 0.0, 0.0, 0.0, 0.0, 0.0, 0.0, 0.0, 0.0, 0.0, 0.0769, 0.0, 0.0, 0.0714, 0.0, 0.1667, 0.1429, 0.0, 0.0, 0.0, 0.0, 0.0, 0.0, 0.0, 0.0, 0.0, 0.0, 0.0, 0.0, 0.0, 0.125, 0.0]",[]
broadcast,0.5,6,broadcast,0.0695,0.0695,0.0695,1.0,0.0695,0.0,26,True,139,0,302,1559,0,"[0.0, 0.024, 0.0255, 0.0265, 0.028, 0.03, 0.0315, 0.0335, 0.0365, 0.041, 0.044, 0.047, 0.049, 0.052, 0.0555, 0.057, 0.0575, 0.059, 0.061, 0.0615, 0.0625, 0.064, 0.066, 0.0675, 0.068, 0.0695, 0.0695, 0.0695, 0.0695, 0.0695, 0.0695, 0.0695, 0.0695, 0.0695, 0.0695, 0.0695, 0.0695, 0.0695, 0.0695, 0.0695, 0.0695, 0.0695, 0.0695, 0.0695, 0.0695, 0.0695, 0.0695, 0.0695, 0.0695, 0.0695, 0.0695, 0.0695, 0.0695, 0.0695, 0.0695, 0.0695, 0.0695, 0.0695, 0.0695, 0.0695, 0.0695, 0.0695, 0.0695, 0.0695, 0.0695, 0.0695, 0.0695, 0.0695, 0.0695, 0.0695, 0.0695, 0.0695, 0.0695, 0.0695, 0.0695, 0.0695, 0.0695, 0.0695, 0.0695, 0.0695, 0.0695, 0.0695, 0.0695, 0.0695, 0.0695, 0.0695, 0.0695, 0.0695, 0.0695, 0.0695, 0.0695, 0.0695, 0.0695, 0.0695, 0.0695, 0.0695, 0.0695, 0.0695, 0.0695, 0.0695, 0.0695]","{""0"": 0.0233, ""1"": 0.0114, ""2"": 0.0294, ""3"": 0.2717, ""4"": 0.0201, ""5"": 0.0308, ""6"": 0.0272, ""7"": 0.1545}","[0.0, 0.0, 0.0, 0.0, 0.9, 0.0, 0.0, 0.0, 0.0, 0.0, 0.0, 0.0, 1.0, 0.0, 0.0, 0.1111, 0.0, 0.1111, 0.0, 0.0, 1.0, 0.0, 0.0714, 0.0769, 0.0, 0.0, 0.0, 0.0, 1.0, 0.0, 0.0909, 0.1429, 0.0, 0.0, 0.0909, 0.0, 0.8571, 0.0, 0.1429, 0.0, 0.0, 0.0, 0.0, 0.0, 0.75, 0.0, 0.0, 0.0, 0.0, 0.0, 0.0, 0.1111, 0.0, 0.0909, 0.0, 0.0, 0.0, 0.0, 0.0, 0.0, 0.0769, 0.1429, 0.0, 0.0, 0.0, 0.0, 0.0, 0.0, 0.0, 0.0, 0.1111, 0.0, 0.0, 0.0, 0.1, 0.0, 0.0, 0.0, 0.0, 0.0, 0.0, 0.0, 0.0, 0.0, 0.0833, 0.1667, 0.0, 0.0, 0.0, 0.0, 0.0, 0.0, 0.1429, 0.0, 0.0, 0.0, 0.0, 0.0, 0.0, 0.0, 0.0, 0.0, 0.1429, 0.0, 0.1, 0.125, 0.0, 0.125, 0.0, 0.0, 0.0, 0.2, 0.0, 0.0, 0.0, 0.1111, 0.0, 0.0, 0.1, 0.0, 0.0, 0.1, 0.0, 0.0, 0.0, 0.0, 0.0, 0.0, 0.0, 0.0, 0.0, 0.25, 0.0, 0.0, 0.0, 0.0, 1.0, 0.1429, 0.0, 0.0, 0.0, 0.0, 0.0, 0.0, 0.875, 0.0, 0.0769, 0.0, 0.25, 0.0, 0.0, 0.0, 1.0, 0.0, 0.0, 0.0, 0.0, 0.0, 0.0, 0.0, 0.875, 0.0, 0.0, 0.0, 0.0, 0.0, 0.0, 0.0, 0.6667, 0.0, 0.0, 0.0, 0.0, 0.0, 0.0, 0.4, 0.0, 0.0, 0.0, 0.0, 0.0, 0.0, 0.1111, 0.0, 0.0, 0.0, 0.0, 0.0, 0.0, 0.0, 0.1429, 0.0, 0.0, 0.0667, 0.0, 0.0, 0.25, 0.0, 0.0, 0.0, 0.0909, 0.0, 0.0, 0.0, 0.0, 0.0, 0.0, 0.0, 0.1, 0.0, 0.0, 0.0, 0.0, 0.0, 0.0, 0.0, 0.0, 0.0, 0.0, 0.1538, 0.0, 0.0, 0.0, 0.0, 0.0, 0.0, 0.0, 0.0, 0.0, 0.0, 0.0, 0.1, 0.0, 0.125, 0.0, 0.0, 0.8889, 0.0, 0.0, 0.0, 0.0, 0.0, 0.0, 0.0, 0.8889, 0.0909, 0.0, 0.0, 0.0, 0.0]",[]
broadcast,0.5,7,broadcast,0.032,0.032,0.032,1.0,0.032,-0.0,7,True,64,0,280,1656,0,"[0.0, 0.0255, 0.027, 0.028, 0.0295, 0.0315, 0.032, 0.032, 0.032, 0.032, 0.032, 0.032, 0.032, 0.032, 0.032, 0.032, 0.032, 0.032, 0.032, 0.032, 0.032, 0.032, 0.032, 0.032, 0.032, 0.032, 0.032, 0.032, 0.032, 0.032, 0.032, 0.032, 0.032, 0.032, 0.032, 0.032, 0.032, 0.032, 0.032, 0.032, 0.032, 0.032, 0.032, 0.032, 0.032, 0.032, 0.032, 0.032, 0.032, 0.032, 0.032, 0.032, 0.032, 0.032, 0.032, 0.032, 0.032, 0.032, 0.032, 0.032, 0.032, 0.032, 0.032, 0.032, 0.032, 0.032, 0.032, 0.032, 0.032, 0.032, 0.032, 0.032, 0.032, 0.032, 0.032, 0.032, 0.032, 0.032, 0.032, 0.032, 0.032, 0.032, 0.032, 0.032, 0.032, 0.032, 0.032, 0.032, 0.032, 0.032, 0.032, 0.032, 0.032, 0.032, 0.032, 0.032, 0.032, 0.032, 0.032, 0.032, 0.032]","{""0"": 0.0118, ""1"": 0.0198, ""2"": 0.0335, ""3"": 0.0263, ""4"": 0.0315, ""5"": 0.0847, ""6"": 0.0321, ""7"": 0.0182}","[0.1111, 0.0, 0.0, 0.0, 0.0, 0.0, 0.0, 0.0, 0.0, 0.0, 0.125, 0.0, 0.0, 0.0, 0.0, 0.0, 0.1111, 0.0, 0.0, 0.0, 0.0, 0.0, 0.0, 0.2, 0.0, 0.0, 0.125, 0.0, 0.0, 0.0, 0.0, 0.1, 0.0, 0.0, 0.0, 0.0, 0.0, 0.0, 0.0, 0.0, 0.0, 0.0, 0.0, 0.0, 0.0, 0.0, 0.1111, 0.2857, 0.0, 0.0, 0.0, 0.2, 0.1, 0.1, 0.125, 0.1111, 0.0, 0.0, 0.0, 0.0, 0.0, 0.0, 0.8333, 0.0, 0.0, 0.0, 0.0, 0.0, 0.1667, 0.0, 0.875, 0.1111, 0.0, 0.0, 0.0, 0.0, 0.0, 0.0, 0.125, 0.0, 0.0, 0.0, 0.0, 0.1429, 0.0, 0.0, 0.0, 0.0, 0.0, 0.0, 0.0, 0.0, 0.1, 0.0, 0.0, 0.1429, 0.0, 0.0, 0.0, 0.0, 0.0, 0.0, 0.0, 0.0, 0.0, 0.0, 0.0, 0.0, 0.1, 0.0, 0.0, 0.0, 0.1429, 0.0, 0.0, 0.0833, 0.0, 0.3333, 0.1111, 0.0, 0.0, 0.0, 0.25, 0.0, 0.0, 0.0, 0.0, 0.0, 0.0, 0.0, 0.0, 0.0, 0.0, 0.0, 0.0, 0.0, 0.0, 0.0, 0.0, 0.125, 0.0, 0.0, 0.25, 0.0, 0.0, 0.0, 0.0, 0.0, 0.0, 0.0, 0.1111, 0.0, 0.0, 0.0, 0.1429, 0.1667, 0.0, 0.0, 0.0, 0.0, 0.0, 0.0, 0.0, 0.0, 0.125, 0.4, 0.0, 0.0769, 0.1667, 0.1, 0.0833, 0.0, 0.0, 0.0, 0.0, 0.0, 0.0, 0.0, 0.0, 0.1429, 0.0, 0.0, 0.1111, 0.0, 0.0, 0.0, 0.0, 0.0909, 0.0, 0.0, 0.0, 0.0, 0.0, 0.0, 0.0, 0.0, 0.0, 0.1667, 0.0833, 0.0, 0.0, 0.0, 0.0, 0.0, 0.0769, 0.0, 0.0, 0.0, 0.0, 0.0, 0.0, 0.1429, 0.0, 0.0, 0.0, 0.0, 0.0, 0.0, 0.0, 0.0, 0.0, 0.0, 0.0, 0.0, 0.0, 0.1111, 0.0, 0.0, 0.0, 0.0, 0.0, 0.0, 0.0, 0.0, 0.0, 0.0, 0.0, 0.0, 0.0, 0.0, 0.0769, 0.0, 0.0, 0.0, 0.0, 0.125, 0.1, 0.0, 0.0, 0.1111]",[]
broadcast,0.5,8,broadcast,0.029,0.029,0.029,1.0,0.029,-0.0,9,True,58,0,305,1637,0,"[0.0, 0.0195, 0.0215, 0.023, 0.024, 0.0255, 0.0275, 0.0285, 0.029, 0.029, 0.029, 0.029, 0.029, 0.029, 0.029, 0.029, 0.029, 0.029, 0.029, 0.029, 0.029, 0.029, 0.029, 0.029, 0.029, 0.029, 0.029, 0.029, 0.029, 0.029, 0.029, 0.029, 0.029, 0.029, 0.029, 0.029, 0.029, 0.029, 0.029, 0.029, 0.029, 0.029, 0.029, 0.029, 0.029, 0.029, 0.029, 0.029, 0.029, 0.029, 0.029, 0.029, 0.029, 0.029, 0.029, 0.029, 0.029, 0.029, 0.029, 0.029, 0.029, 0.029, 0.029, 0.029, 0.029, 0.029, 0.029, 0.029, 0.029, 0.029, 0.029, 0.029, 0.029, 0.029, 0.029, 0.029, 0.029, 0.029, 0.029, 0.029, 0.029, 0.029, 0.029, 0.029, 0.029, 0.029, 0.029, 0.029, 0.029, 0.029, 0.029, 0.029, 0.029, 0.029, 0.029, 0.029, 0.029, 0.029, 0.029, 0.029, 0.029]","{""0"": 0.0086, ""1"": 0.0615, ""2"": 0.0154, ""3"": 0.0234, ""4"": 0.0357, ""5"": 0.0159, ""6"": 0.0447, ""7"": 0.026}","[0.0, 0.0, 0.0, 0.0, 0.0, 0.1429, 0.0, 0.0, 0.1667, 0.0, 0.0, 0.0, 0.2222, 0.0, 0.0, 0.0, 0.0, 0.0, 0.0, 0.0, 0.0, 0.0, 0.0909, 0.0, 0.0, 0.0, 0.0, 0.125, 0.0, 0.0, 0.0, 0.0, 0.0909, 0.0, 0.5, 0.0, 0.0, 0.2, 0.0, 0.0, 0.0, 0.0, 0.75, 0.0769, 0.0909, 0.1, 0.0, 0.0, 0.0, 0.0, 0.2, 0.0, 0.0, 0.125, 0.0, 0.0, 0.0, 0.0, 0.0, 0.0, 0.0, 0.0, 0.0, 0.0, 0.0, 0.0, 0.0, 0.0, 0.0, 0.1667, 0.1429, 0.0, 0.0, 0.0, 0.0, 0.0, 0.0, 0.0, 0.1111, 0.0, 0.0, 0.0, 0.0, 0.0, 0.0, 0.0, 0.0, 0.0, 0.0, 0.0, 0.25, 0.0, 0.0714, 0.1111, 0.0, 0.0, 0.0, 0.0, 0.0, 0.0, 0.0, 0.0, 0.0, 0.0, 0.0, 0.0, 0.0, 0.0, 0.0, 0.0, 0.0, 0.0, 0.0, 0.0, 0.0, 0.1429, 0.0, 0.0, 0.0, 0.0, 0.0, 0.0, 0.0, 0.0, 0.0, 0.0, 0.0, 1.0, 0.0, 0.2, 0.0, 0.0, 0.0, 0.0, 0.0, 0.0833, 0.0, 0.1429, 0.0, 0.0, 0.1, 0.0, 0.0, 0.0, 0.0, 0.0, 0.0, 0.0, 0.0, 0.0, 0.0, 0.0, 0.0, 0.0, 0.0909, 0.0, 0.0, 0.0, 0.0, 0.0, 0.0, 0.0, 0.0, 0.0, 0.0, 0.0, 0.0, 0.0, 0.0909, 0.0, 0.0, 0.0, 0.0, 0.0, 0.0, 0.0, 0.0, 0.0, 0.0, 0.0, 0.0, 0.0, 0.0, 0.0, 0.3333, 0.0, 0.0833, 0.0, 0.0, 0.1111, 0.0, 0.0, 0.0, 0.0, 0.0, 0.0, 0.0, 0.0, 0.0, 0.0, 0.0, 0.0, 0.0, 0.0, 0.0, 0.0, 0.0, 0.0, 0.0, 0.0, 0.0, 0.0, 0.0, 0.1667, 0.0, 0.0, 0.2, 0.0, 0.1667, 0.1429, 0.1429, 0.0, 0.0, 0.0, 0.0, 0.0, 0.0, 0.0, 0.0, 0.0, 0.0, 0.0, 0.0, 0.0, 0.0, 0.0, 0.0, 0.0714, 0.125, 0.125, 0.0, 0.0, 0.0, 0.0, 0.0, 0.0, 0.0, 0.0, 0.0, 0.0]",[]
broadcast,0.5,9,broadcast,0.0205,0.0205,0.0205,1.0,0.0205,0.0,4,True,41,0,297,1662,0,"[0.0, 0.0175, 0.0195, 0.0205, 0.0205, 0.0205, 0.0205, 0.0205, 0.0205, 0.0205, 0.0205, 0.0205, 0.0205, 0.0205, 0.0205, 0.0205, 0.0205, 0.0205, 0.0205, 0.0205, 0.0205, 0.0205, 0.0205, 0.0205, 0.0205, 0.0205, 0.0205, 0.0205, 0.0205, 0.0205, 0.0205, 0.0205, 0.0205, 0.0205, 0.0205, 0.0205, 0.0205, 0.0205, 0.0205, 0.0205, 0.0205, 0.0205, 0.0205, 0.0205, 0.0205, 0.0205, 0.0205, 0.0205, 0.0205, 0.0205, 0.0205, 0.0205, 0.0205, 0.0205, 0.0205, 0.0205, 0.0205, 0.0205, 0.0205, 0.0205, 0.0205, 0.0205, 0.0205, 0.0205, 0.0205, 0.0205, 0.0205, 0.0205, 0.0205, 0.0205, 0.0205, 0.0205, 0.0205, 0.0205, 0.0205, 0.0205, 0.0205, 0.0205, 0.0205, 0.0205, 0.0205, 0.0205, 0.0205, 0.0205, 0.0205, 0.0205, 0.0205, 0.0205, 0.0205, 0.0205, 0.0205, 0.0205, 0.0205, 0.0205, 0.0205, 0.0205, 0.0205, 0.0205, 0.0205, 0.0205, 0.0205]","{""0"": 0.0314, ""1"": 0.0328, ""2"": 0.0267, ""3"": 0.0395, ""4"": 0.0, ""5"": 0.008, ""6"": 0.0158, ""7"": 0.008}","[0.0, 0.0, 0.0, 0.0, 0.0, 0.0, 0.0, 0.0, 0.0, 0.0, 0.0, 0.0, 0.0, 0.0, 0.0, 0.0, 0.0, 0.0, 0.0, 0.0, 0.0, 0.0, 0.0, 0.2, 0.125, 0.0, 0.0, 0.125, 0.0, 0.0, 0.0, 0.0, 0.0, 0.0, 0.0, 0.0, 0.0, 0.0, 0.0, 0.0, 0.0, 0.0, 0.0, 0.0, 0.0, 0.0, 0.0, 0.0, 0.0, 0.0667, 0.0, 0.0, 0.0833, 0.0, 0.0, 0.0, 0.0, 0.0, 0.0, 0.0, 0.0, 0.0, 0.0, 0.0, 0.0, 0.0, 0.0, 0.0, 0.0, 0.0, 0.0, 0.0, 0.0, 0.0, 0.0, 0.1429, 0.0, 0.0, 0.0, 0.2, 0.0, 0.0, 0.0, 0.0, 0.0, 0.0, 0.0, 0.0, 0.0, 0.0, 0.0, 0.0, 0.0, 0.0, 0.0, 0.0, 0.0, 0.0, 0.1, 0.0, 0.1667, 0.0, 0.0, 0.0, 0.0, 0.0, 0.0, 0.0, 0.0, 0.0, 0.0, 0.0, 0.0, 0.0, 0.0833, 0.2, 0.0, 0.0, 0.0, 0.0, 0.0, 0.0, 0.0625, 0.0, 0.0769, 0.0, 0.0, 0.0, 0.0, 0.0, 0.0, 0.0, 0.0909, 0.0, 0.0, 0.0, 0.0, 0.0, 0.0, 0.0, 0.0, 0.0, 0.0, 0.0, 0.0, 0.0, 0.0, 0.0, 0.0, 0.0, 0.0, 0.0714, 0.0, 0.0, 0.0, 0.125, 0.0, 0.0, 0.0, 0.0, 0.0, 0.125, 0.0, 0.1111, 0.125, 0.0, 0.0, 0.0, 0.0, 0.1429, 0.0, 0.0, 0.0, 0.0, 0.0, 0.0, 0.0, 0.0909, 0.0, 0.0, 0.0, 0.0, 0.1111, 0.0, 0.0, 0.0, 0.0, 0.0, 0.0, 0.0, 0.0, 0.0, 0.0, 0.0, 0.0833, 0.0, 0.0714, 0.0, 0.0, 0.0, 0.0, 0.0, 0.0, 0.0, 0.0714, 0.0, 0.0, 0.0, 0.125, 0.0, 0.2308, 0.1, 0.125, 0.0, 0.0, 0.0, 0.0, 0.0, 0.1667, 0.0, 0.0, 0.0, 0.1111, 0.0, 0.0, 0.1429, 0.0, 0.0, 0.1429, 0.0, 0.0, 0.0, 0.0, 0.3333, 0.0, 0.0, 0.0, 0.0, 0.0, 0.0, 0.0, 0.0, 0.0, 0.0, 0.2, 0.0, 0.0, 0.0, 0.0, 0.0]",[]
broadcast,0.5,10,broadcast,0.032,0.032,0.032,1.0,0.032,-0.0,11,True,64,0,314,1622,0,"[0.0, 0.025, 0.027, 0.0275, 0.028, 0.029, 0.0295, 0.03, 0.031, 0.0315, 0.032, 0.032, 0.032, 0.032, 0.032, 0.032, 0.032, 0.032, 0.032, 0.032, 0.032, 0.032, 0.032, 0.032, 0.032, 0.032, 0.032, 0.032, 0.032, 0.032, 0.032, 0.032, 0.032, 0.032, 0.032, 0.032, 0.032, 0.032, 0.032, 0.032, 0.032, 0.032, 0.032, 0.032, 0.032, 0.032, 0.032, 0.032, 0.032, 0.032, 0.032, 0.032, 0.032, 0.032, 0.032, 0.032, 0.032, 0.032, 0.032, 0.032, 0.032, 0.032, 0.032, 0.032, 0.032, 0.032, 0.032, 0.032, 0.032, 0.032, 0.032, 0.032, 0.032, 0.032, 0.032, 0.032, 0.032, 0.032, 0.032, 0.032, 0.032, 0.032, 0.032, 0.032, 0.032, 0.032, 0.032, 0.032, 0.032, 0.032, 0.032, 0.032, 0.032, 0.032, 0.032, 0.032, 0.032, 0.032, 0.032, 0.032, 0.032]","{""0"": 0.0269, ""1"": 0.0433, ""2"": 0.0128, ""3"": 0.0435, ""4"": 0.0615, ""5"": 0.0367, ""6"": 0.023, ""7"": 0.0081}","[0.1111, 0.0, 0.0, 0.0, 0.0, 0.0, 0.1667, 0.0, 0.0, 0.125, 0.0, 0.0, 0.0, 0.0, 0.0, 0.0, 0.125, 0.0, 0.1429, 0.0, 0.0, 0.0, 0.0, 0.0, 0.0, 0.0, 0.0, 0.0, 0.0, 0.0, 0.0, 0.0, 0.0, 0.0, 0.0909, 0.0, 0.0, 0.0, 0.0, 0.0, 0.0, 0.2, 0.1429, 0.0, 0.0, 0.0, 0.1111, 0.1, 0.0, 0.0, 0.0, 0.0, 0.125, 0.0, 0.0, 0.0, 0.0, 0.0, 0.1111, 0.125, 0.0, 0.1429, 0.0, 0.0, 0.0, 0.0, 0.0, 0.0, 0.0, 0.0, 0.125, 0.1667, 0.0, 0.0, 0.0, 0.1667, 0.0, 0.0, 0.0, 0.0, 0.0, 0.0, 0.0, 0.0, 0.0, 0.0, 0.0, 0.0, 0.0, 0.0, 0.1, 0.0, 0.1667, 0.0, 0.0, 0.0, 0.0, 0.0, 0.0, 0.0, 0.0, 0.0, 0.0, 0.0, 0.0, 0.0, 0.0, 0.0, 0.0, 0.0, 0.1429, 0.1667, 0.0, 0.0, 0.0, 0.0, 0.0, 0.0, 0.0, 0.0, 0.0, 0.0, 0.0, 0.0, 0.0, 0.0, 0.0, 0.0, 0.0, 0.0, 0.1111, 0.0, 0.0, 0.0, 0.0833, 0.0, 0.0, 0.0, 0.0, 0.0, 0.1429, 0.0, 0.0, 0.0, 0.0, 0.0, 0.0, 0.0, 0.0, 0.1, 0.0, 0.0, 0.0, 0.0, 0.1429, 0.0, 0.0, 0.0, 0.0, 0.0, 0.0, 0.1429, 0.2, 0.0, 0.0909, 0.0, 0.0, 0.0, 0.0, 0.1, 0.0, 0.0, 0.1429, 0.0, 0.1667, 0.0, 0.0, 0.1111, 0.0, 0.0, 0.0, 0.0, 0.0, 0.0, 0.0, 0.0, 0.0, 0.0, 0.375, 0.0, 0.0, 0.0, 0.2, 0.0, 0.0, 0.0, 0.1667, 0.8, 0.0, 0.0, 0.0, 0.0, 0.0, 0.125, 0.0, 0.8333, 0.1111, 0.0, 0.0, 0.0, 0.0, 0.0, 0.0909, 0.0, 0.0, 0.125, 0.0, 0.0, 0.125, 0.0, 0.0, 0.0, 0.0, 0.0, 0.0, 0.0, 0.0, 0.0, 0.0, 0.0, 0.1667, 0.0, 0.0, 0.0, 0.1667, 0.0, 0.0, 0.0, 0.125, 0.0, 0.0, 0.0, 0.0, 0.0, 0.0, 0.0, 0.0, 0.25, 0.0, 0.0833]",[]
broadcast,0.5,11,broadcast,0.0255,0.0255,0.0255,1.0,0.0255,-0.0,5,True,51,0,318,1631,0,"[0.0, 0.0225, 0.0245, 0.025, 0.0255, 0.0255, 0.0255, 0.0255, 0.0255, 0.0255, 0.0255, 0.0255, 0.0255, 0.0255, 0.0255, 0.0255, 0.0255, 0.0255, 0.0255, 0.0255, 0.0255, 0.0255, 0.0255, 0.0255, 0.0255, 0.0255, 0.0255, 0.0255, 0.0255, 0.0255, 0.0255, 0.0255, 0.0255, 0.0255, 0.0255, 0.0255, 0.0255, 0.0255, 0.0255, 0.0255, 0.0255, 0.0255, 0.0255, 0.0255, 0.0255, 0.0255, 0.0255, 0.0255, 0.0255, 0.0255, 0.0255, 0.0255, 0.0255, 0.0255, 0.0255, 0.0255, 0.0255, 0.0255, 0.0255, 0.0255, 0.0255, 0.0255, 0.0255, 0.0255, 0.0255, 0.0255, 0.0255, 0.0255, 0.0255, 0.0255, 0.0255, 0.0255, 0.0255, 0.0255, 0.0255, 0.0255, 0.0255, 0.0255, 0.0255, 0.0255, 0.0255, 0.0255, 0.0255, 0.0255, 0.0255, 0.0255, 0.0255, 0.0255, 0.0255, 0.0255, 0.0255, 0.0255, 0.0255, 0.0255, 0.0255, 0.0255, 0.0255, 0.0255, 0.0255, 0.0255, 0.0255]","{""0"": 0.0191, ""1"": 0.0426, ""2"": 0.0078, ""3"": 0.0233, ""4"": 0.0472, ""5"": 0.0202, ""6"": 0.0081, ""7"": 0.0375}","[0.0, 0.0, 0.0, 0.0, 0.0, 0.1429, 0.0, 0.0, 0.1111, 0.0, 0.0833, 0.125, 0.0, 0.1, 0.0, 0.0, 0.0, 0.0, 0.0, 0.0, 0.0, 0.0, 0.0, 0.0, 0.1667, 0.0, 0.0, 0.0, 0.0, 0.0, 0.0, 0.0, 0.0, 0.0667, 0.0, 0.0, 0.0, 0.1111, 0.0, 0.0, 0.125, 0.1667, 0.0, 0.0, 0.0, 0.0, 0.0, 0.0, 0.0, 0.0, 0.1667, 0.0, 0.0, 0.0, 0.0, 0.0, 0.0, 0.0909, 0.0, 0.0, 0.1667, 0.0, 0.0, 0.0, 0.0, 0.0, 0.0, 0.0, 0.0909, 0.0, 0.0, 0.0, 0.0, 0.0, 0.0, 0.0, 0.0, 0.0, 0.0, 0.0, 0.0, 0.0, 0.1111, 0.0, 0.0, 0.0, 0.0909, 0.0, 0.0, 0.0, 0.0, 0.0, 0.0, 0.3333, 0.0, 0.0, 0.0, 0.0, 0.0, 0.0, 0.0, 0.0, 0.0, 0.2, 0.0, 0.0, 0.0, 0.0, 0.0, 0.0, 0.0, 0.0, 0.0, 0.1, 0.0, 0.0, 0.1, 0.1429, 0.0, 0.0, 0.0, 0.0, 0.0, 0.0, 0.1, 0.0625, 0.0, 0.0, 0.125, 0.0, 0.0, 0.0, 0.0, 0.0, 0.0, 0.0, 0.0, 0.1, 0.0, 0.0, 0.0, 0.0, 0.0, 0.0, 0.0, 0.0, 0.0, 0.0, 0.0, 0.0, 0.0, 0.0, 0.0, 0.0, 0.0, 0.0, 0.0, 0.0, 0.0, 0.1429, 0.2, 0.0, 0.0, 0.0, 0.0, 0.0, 0.1, 0.0, 0.0, 0.0, 0.0, 0.0, 0.0, 0.4286, 0.0, 0.0, 0.0, 0.0, 0.0, 0.0, 0.0, 0.2, 0.0, 0.0, 0.0, 0.0, 0.125, 0.0, 0.0, 0.1, 0.0, 0.0, 0.0, 0.0, 0.0, 0.1429, 0.1667, 0.0, 0.1429, 0.0, 0.3333, 0.0, 0.0, 0.0, 0.0, 0.0, 0.0, 0.0, 0.1111, 0.0, 0.2, 0.0, 0.0, 0.0, 0.1818, 0.0, 0.0, 0.0, 0.0, 0.0, 0.0, 0.0, 0.0, 0.0, 0.0, 0.0, 0.0, 0.0, 0.0, 0.0, 0.0, 0.0, 0.0, 0.0, 0.125, 0.0, 0.1111, 0.0, 0.0, 0.0, 0.0, 0.0, 0.8, 0.0, 0.0, 0.0, 0.0, 0.0, 0.1429, 0.0]",[]
broadcast,0.6,0,broadcast,0.0365,0.0365,0.0365,1.0,0.0365,0.0,11,True,73,0,264,1663,0,"[0.0, 0.022, 0.023, 0.025, 0.0255, 0.027, 0.0285, 0.0315, 0.0345, 0.036, 0.0365, 0.0365, 0.0365, 0.0365, 0.0365, 0.0365, 0.0365, 0.0365, 0.0365, 0.0365, 0.0365, 0.0365, 0.0365, 0.0365, 0.0365, 0.0365, 0.0365, 0.0365, 0.0365, 0.0365, 0.0365, 0.0365, 0.0365, 0.0365, 0.0365, 0.0365, 0.0365, 0.0365, 0.0365, 0.0365, 0.0365, 0.0365, 0.0365, 0.0365, 0.0365, 0.0365, 0.0365, 0.0365, 0.0365, 0.0365, 0.0365, 0.0365, 0.0365, 0.0365, 0.0365, 0.0365, 0.0365, 0.0365, 0.0365, 0.0365, 0.0365, 0.0365, 0.0365, 0.0365, 0.0365, 0.0365, 0.0365, 0.0365, 0.0365, 0.0365, 0.0365, 0.0365, 0.0365, 0.0365, 0.0365, 0.0365, 0.0365, 0.0365, 0.0365, 0.0365, 0.0365, 0.0365, 0.0365, 0.0365, 0.0365, 0.0365, 0.0365, 0.0365, 0.0365, 0.0365, 0.0365, 0.0365, 0.0365, 0.0365, 0.0365, 0.0365, 0.0365, 0.0365, 0.0365, 0.0365, 0.0365]","{""0"": 0.0198, ""1"": 0.027, ""2"": 0.0124, ""3"": 0.0283, ""4"": 0.1292, ""5"": 0.0397, ""6"": 0.0191, ""7"": 0.0205}","[0.0, 0.0, 0.0, 0.0, 0.0, 0.0, 0.0, 0.0, 0.0, 0.0, 0.0, 0.0, 0.0, 0.0, 0.2, 0.1667, 0.0, 0.0, 0.0, 0.0, 0.0, 0.0, 0.0, 0.0, 0.0, 0.0, 0.1667, 0.0, 0.0909, 0.0, 0.0, 0.0, 0.125, 0.0, 0.0, 0.0, 0.1111, 0.0, 0.0, 0.0, 0.0, 0.0, 0.0, 0.0, 0.1667, 0.0, 0.1111, 0.0, 0.0909, 0.0, 0.0, 0.0, 0.0, 0.0, 0.0, 0.0, 0.0, 0.0, 0.0, 0.1111, 0.0, 0.0, 0.0, 0.0, 0.0909, 0.0, 0.0833, 0.0, 0.0, 0.1429, 0.0, 0.0, 0.0, 0.0, 0.0, 0.0, 0.0, 0.0714, 0.0, 0.0, 0.0, 0.0, 0.0, 0.1429, 0.0, 0.0, 0.0, 0.0, 0.0, 0.0, 0.1111, 0.1111, 0.0, 0.0, 0.0, 0.0, 0.0, 0.0, 0.0, 0.0, 0.0, 0.0, 0.0, 0.0, 0.1, 0.0, 0.1, 0.0, 0.0, 0.1429, 0.0, 0.0, 0.0, 0.0, 0.0, 0.0, 0.0, 0.0, 0.0, 0.1667, 0.0, 0.0, 0.0, 0.0, 0.0, 1.0, 0.0, 0.0, 0.1, 0.0, 0.0, 0.0, 0.0, 1.0, 0.0, 0.0, 0.0, 0.0, 0.0833, 0.0, 0.0, 0.8889, 0.7143, 0.0, 0.0, 0.0909, 0.1538, 0.0, 0.0, 0.8333, 0.2857, 0.125, 0.0, 0.0, 0.0, 0.0, 0.0, 0.2, 0.0, 0.0, 0.0, 0.0, 0.0, 0.0, 0.0769, 0.0, 0.0, 0.0, 0.0, 0.0, 0.0, 0.0, 0.0, 0.0, 0.0, 0.125, 0.0, 0.0, 0.0, 0.0, 0.0, 0.0, 0.0, 0.0, 0.0, 0.1429, 0.0, 0.0, 0.1111, 0.0, 0.0, 0.0, 0.0, 0.0, 0.0, 0.0, 0.1429, 0.0, 0.0, 0.0, 0.0, 0.0, 0.0, 0.0, 0.1111, 0.0, 0.1667, 0.0, 0.0, 0.0, 0.0, 0.0, 0.0, 0.0, 0.0, 0.0, 0.0, 0.0, 0.0, 0.0, 0.0, 0.0, 0.0, 0.125, 0.0, 0.0, 0.0, 0.0, 0.0, 0.0, 0.0, 0.0, 0.0, 0.1111, 0.0, 0.0, 0.0, 0.0, 0.0, 0.0, 0.0, 0.0, 0.0, 0.0, 0.0, 0.0, 0.0, 0.0, 0.0, 0.2222]",[]
broadcast,0.6,1,broadcast,0.0405,0.0405,0.0405,1.0,0.0405,0.0,11,True,81,0,307,1612,0,"[0.0, 0.021, 0.0235, 0.0255, 0.0265, 0.0285, 0.032, 0.0345, 0.0375, 0.0395, 0.0405, 0.0405, 0.0405, 0.0405, 0.0405, 0.0405, 0.0405, 0.0405, 0.0405, 0.0405, 0.0405, 0.0405, 0.0405, 0.0405, 0.0405, 0.0405, 0.0405, 0.0405, 0.0405, 0.0405, 0.0405, 0.0405, 0.0405, 0.0405, 0.0405, 0.0405, 0.0405, 0.0405, 0.0405, 0.0405, 0.0405, 0.0405, 0.0405, 0.0405, 0.0405, 0.0405, 0.0405, 0.0405, 0.0405, 0.0405, 0.0405, 0.0405, 0.0405, 0.0405, 0.0405, 0.0405, 0.0405, 0.0405, 0.0405, 0.0405, 0.0405, 0.0405, 0.0405, 0.0405, 0.0405, 0.0405, 0.0405, 0.0405, 0.0405, 0.0405, 0.0405, 0.0405, 0.0405, 0.0405, 0.0405, 0.0405, 0.0405, 0.0405, 0.0405, 0.0405, 0.0405, 0.0405, 0.0405, 0.0405, 0.0405, 0.0405, 0.0405, 0.0405, 0.0405, 0.0405, 0.0405, 0.0405, 0.0405, 0.0405, 0.0405, 0.0405, 0.0405, 0.0405, 0.0405, 0.0405, 0.0405]","{""0"": 0.1475, ""1"": 0.0319, ""2"": 0.0187, ""3"": 0.026, ""4"": 0.0169, ""5"": 0.0363, ""6"": 0.0317, ""7"": 0.0}","[0.0, 0.0, 0.0, 0.0, 0.0, 0.0, 0.0, 0.0, 0.0, 0.0, 0.0, 0.125, 0.0, 0.0833, 0.0, 0.0, 0.0, 0.0, 0.0, 0.0, 0.0, 0.0, 0.0, 0.1429, 0.0, 0.1667, 0.0, 0.0, 0.0, 0.0, 0.1429, 0.1429, 0.0, 0.0, 0.0, 0.0, 0.0, 0.0, 0.0, 0.0, 0.0, 0.125, 0.0, 0.0, 0.0, 0.0909, 0.0, 0.0, 0.0, 0.0, 0.0, 0.0, 0.1818, 0.0, 0.0, 0.0, 0.0, 0.0, 0.0, 0.125, 0.125, 0.0, 0.0, 0.0, 0.0, 0.1111, 0.0, 0.0, 0.0, 0.0, 0.1111, 0.0, 0.0, 0.0, 0.0, 0.0, 0.0, 0.0, 0.375, 0.1667, 0.0, 0.0, 0.0, 0.1111, 0.125, 0.0, 0.0, 0.0, 0.0, 0.0, 0.0, 0.0, 0.0, 0.0, 0.0, 0.0, 0.0, 0.0, 0.0, 0.0, 0.0, 0.0, 0.0, 0.0, 0.0, 0.1111, 0.0, 0.0, 0.1, 0.0, 0.0, 0.125, 0.0, 0.0, 0.125, 0.0, 0.0, 0.0, 0.0, 0.0, 0.0, 0.0, 0.3333, 0.0, 0.1667, 0.0, 0.0, 0.0, 0.0, 0.0, 0.125, 0.0, 0.1, 0.0, 0.0, 0.0, 0.0, 0.0, 0.0, 0.0, 0.0, 0.1429, 0.1429, 0.1429, 0.0, 0.0, 0.0, 0.0, 0.0, 0.0, 0.0, 0.0, 0.0, 0.0, 0.1111, 0.0, 0.0, 0.0, 0.0, 0.125, 0.0, 0.0, 0.0, 0.0, 0.0, 0.0, 0.0, 0.0, 0.0, 0.0, 0.0, 0.1429, 0.0, 0.2, 0.0, 0.0, 0.0, 0.6667, 0.1111, 0.0, 0.0, 0.0, 0.125, 0.0, 0.0, 0.875, 0.0, 0.2, 0.0, 0.0, 0.0, 0.0, 0.0, 1.0, 0.0, 0.0, 0.0, 0.0, 0.1, 0.0909, 0.0, 0.875, 0.0909, 0.0, 0.0, 0.0, 0.0, 0.0, 0.0, 0.875, 0.0, 0.0, 0.0, 0.0, 0.1, 0.0, 0.0, 0.8571, 0.1429, 0.0, 0.0, 0.0, 0.0, 0.0, 0.0, 0.0, 0.0, 0.0, 0.0, 0.0, 0.0, 0.0, 0.0, 0.0, 0.0, 0.0, 0.0, 0.0, 0.0, 0.0, 0.0, 0.0, 0.0, 0.0, 0.0, 0.0, 0.0, 0.0, 0.0, 0.0]",[]
broadcast,0.6,2,broadcast,0.04,0.04,0.04,1.0,0.04,0.0,13,True,80,0,301,1619,0,"[0.0, 0.0195, 0.021, 0.023, 0.0255, 0.028, 0.03, 0.033, 0.0345, 0.036, 0.039, 0.0395, 0.04, 0.04, 0.04, 0.04, 0.04, 0.04, 0.04, 0.04, 0.04, 0.04, 0.04, 0.04, 0.04, 0.04, 0.04, 0.04, 0.04, 0.04, 0.04, 0.04, 0.04, 0.04, 0.04, 0.04, 0.04, 0.04, 0.04, 0.04, 0.04, 0.04, 0.04, 0.04, 0.04, 0.04, 0.04, 0.04, 0.04, 0.04, 0.04, 0.04, 0.04, 0.04, 0.04, 0.04, 0.04, 0.04, 0.04, 0.04, 0.04, 0.04, 0.04, 0.04, 0.04, 0.04, 0.04, 0.04, 0.04, 0.04, 0.04, 0.04, 0.04, 0.04, 0.04, 0.04, 0.04, 0.04, 0.04, 0.04, 0.04, 0.04, 0.04, 0.04, 0.04, 0.04, 0.04, 0.04, 0.04, 0.04, 0.04, 0.04, 0.04, 0.04, 0.04, 0.04, 0.04, 0.04, 0.04, 0.04, 0.04]","{""0"": 0.0039, ""1"": 0.0289, ""2"": 0.0264, ""3"": 0.0203, ""4"": 0.1667, ""5"": 0.0164, ""6"": 0.0502, ""7"": 0.0078}","[0.0, 0.0, 0.1, 0.0, 0.1111, 0.0, 0.0, 0.1, 0.0, 0.0, 0.0, 0.0, 0.0, 0.0, 0.0, 0.1429, 0.0, 0.0, 0.0, 0.1429, 0.0, 0.0, 0.1111, 0.0, 0.0, 0.0, 0.0, 0.0, 0.0, 0.8333, 0.0, 0.1429, 0.0, 0.0, 0.0, 0.0, 0.0, 1.0, 0.0, 0.0, 0.0, 0.0, 0.0, 0.0, 0.0, 1.0, 0.0, 0.0833, 0.0, 0.0, 0.0, 0.0, 0.0, 0.8571, 0.0, 0.0, 0.0, 0.0, 0.0, 0.125, 0.0, 1.0, 0.0, 0.0, 0.0, 0.0, 0.0, 0.0, 0.0, 0.8333, 0.0, 0.0, 0.0, 0.0, 0.0, 0.0, 0.0, 0.0, 0.0, 0.1, 0.0, 0.0, 0.3333, 0.0, 0.125, 0.0, 0.0, 0.0, 0.0, 0.0, 0.0, 0.0, 0.0, 0.0, 0.0, 0.0667, 0.0, 0.0, 0.1, 0.0, 0.0, 0.0, 0.0, 0.125, 0.0, 0.0, 0.0, 0.0, 0.0, 0.0, 0.0, 0.4, 0.0, 0.0, 0.0, 0.0, 0.1429, 0.0, 0.0, 0.1429, 0.0, 0.0, 0.0909, 0.0, 0.0, 0.0, 0.0, 0.0, 0.0909, 0.0, 0.0, 0.0, 0.1111, 0.1429, 0.1111, 0.0833, 0.0, 0.0, 0.0, 0.0, 0.0, 0.0, 0.0, 0.0, 0.0, 0.125, 0.0, 0.0, 0.0, 0.0, 0.1429, 0.0, 0.0, 0.0, 0.125, 0.0, 0.0, 0.0, 0.0, 0.0, 0.0, 0.0, 0.2857, 0.0, 0.0, 0.0, 0.0, 0.0, 0.0, 0.0, 0.0, 0.0, 0.0, 0.0, 0.0, 0.0, 0.0, 0.0, 0.0, 0.0, 0.0, 0.0, 0.0, 0.1111, 0.0, 0.0, 0.0, 0.0, 0.0, 0.0, 0.0, 0.0, 0.0, 0.0, 0.0, 0.0, 0.1429, 0.1429, 0.0, 0.0, 0.0, 0.0, 0.0, 0.0, 0.0, 0.0, 0.0, 0.0, 0.0, 0.0, 0.0, 0.0, 0.0, 0.0, 0.0, 0.0, 0.0, 0.0, 0.0, 0.0, 0.0, 0.0, 0.0, 0.0, 0.0, 0.0, 0.0, 0.1429, 0.0, 0.1111, 0.125, 0.0, 0.0, 0.0, 0.0, 0.5, 0.0, 0.0, 0.0, 0.0, 0.125, 0.0, 0.0, 0.0, 0.0, 0.1111, 0.0, 0.0, 0.0, 0.0]",[]
broadcast,0.6,3,broadcast,0.113,0.113,0.113,1.0,0.113,-0.0,30,True,226,0,320,1454,0,"[0.0, 0.0245, 0.028, 0.029, 0.0325, 0.0375, 0.042, 0.047, 0.0525, 0.0565, 0.0605, 0.064, 0.066, 0.0675, 0.069, 0.0705, 0.073, 0.074, 0.0755, 0.0775, 0.0825, 0.087, 0.09, 0.093, 0.098, 0.1015, 0.106, 0.108, 0.112, 0.113, 0.113, 0.113, 0.113, 0.113, 0.113, 0.113, 0.113, 0.113, 0.113, 0.113, 0.113, 0.113, 0.113, 0.113, 0.113, 0.113, 0.113, 0.113, 0.113, 0.113, 0.113, 0.113, 0.113, 0.113, 0.113, 0.113, 0.113, 0.113, 0.113, 0.113, 0.113, 0.113, 0.113, 0.113, 0.113, 0.113, 0.113, 0.113, 0.113, 0.113, 0.113, 0.113, 0.113, 0.113, 0.113, 0.113, 0.113, 0.113, 0.113, 0.113, 0.113, 0.113, 0.113, 0.113, 0.113, 0.113, 0.113, 0.113, 0.113, 0.113, 0.113, 0.113, 0.113, 0.113, 0.113, 0.113, 0.113, 0.113, 0.113, 0.113, 0.113]","{""0"": 0.0201, ""1"": 0.197, ""2"": 0.032, ""3"": 0.0202, ""4"": 0.0363, ""5"": 0.0244, ""6"": 0.012, ""7"": 0.561}","[0.0, 0.0, 0.0, 0.0, 0.0, 0.0, 0.0, 0.0, 0.0, 0.0, 0.0, 0.0, 0.1429, 0.0, 0.0, 0.0, 0.0, 0.0, 0.0, 0.0, 0.0, 0.0, 0.0, 0.125, 0.0, 0.0, 0.4286, 0.0, 0.0, 0.0, 0.0, 0.0, 0.0, 0.0, 0.0, 0.0, 0.0, 0.1429, 0.0, 0.0, 0.0, 0.0, 0.0, 0.125, 0.0, 0.0, 0.0, 0.0, 0.0, 0.2, 0.0, 0.0, 0.0, 0.0, 0.0, 0.0, 0.0, 0.2, 0.0, 0.0, 0.0, 0.1, 0.0, 0.0, 0.1, 0.0, 0.0, 0.0, 0.0, 0.1667, 0.0, 0.0, 1.0, 0.0, 0.0, 0.0, 0.0, 0.0, 0.0, 0.0, 1.0, 0.0, 0.25, 0.1667, 0.0, 0.0, 0.0, 0.0, 0.875, 0.0, 1.0, 0.0, 0.0, 0.0, 0.0, 0.1, 0.9286, 0.0, 1.0, 0.0, 0.1667, 0.0833, 0.0, 0.0, 1.0, 0.0, 0.7, 0.1667, 0.0, 0.0, 0.1, 0.0, 0.75, 0.0, 1.0, 0.0, 0.0, 0.1111, 0.2857, 0.0, 0.875, 0.1, 0.8889, 0.1667, 0.0, 0.0, 0.0, 0.2, 0.9, 0.0, 0.7778, 0.0, 0.0, 0.0, 0.0, 0.0, 1.0, 0.0909, 0.0, 0.0, 0.0, 0.1667, 0.0, 0.0, 0.875, 0.0, 0.0, 0.0, 0.0, 0.0, 0.0, 0.0, 1.0, 0.0769, 0.0833, 0.0, 0.0, 0.0, 0.0, 0.0, 0.875, 0.0, 0.0, 0.125, 0.0, 0.1111, 0.0, 0.0, 1.0, 0.0, 0.0, 0.0909, 0.0, 0.0, 0.0, 0.0, 1.0, 0.0, 0.0, 0.0, 0.0, 0.1667, 0.0, 0.0, 1.0, 0.0, 0.0, 0.0, 0.125, 0.0, 0.0, 0.0, 1.0, 0.0, 0.0, 0.0, 0.1, 0.0, 0.0, 0.0, 0.875, 0.0, 0.0, 0.0, 0.0, 0.0, 0.125, 0.0, 1.0, 0.0, 0.0, 0.0, 0.0, 0.0, 0.0, 0.0, 0.6, 0.0, 0.0, 0.0, 0.0, 0.0, 0.0, 0.0, 0.2, 0.0, 0.1, 0.1111, 0.0, 0.0, 0.0, 0.0, 0.0, 0.0, 0.0, 0.0, 0.0909, 0.1429, 0.1429, 0.0, 0.0, 0.0, 0.0, 0.125, 0.0, 0.0, 0.125, 0.0, 0.0, 0.0]",[]
broadcast,0.6,4,broadcast,0.084,0.084,0.084,1.0,0.084,0.0,23,True,168,0,287,1545,0,"[0.0, 0.024, 0.027, 0.0305, 0.0355, 0.0405, 0.045, 0.048, 0.05, 0.053, 0.0565, 0.0585, 0.0595, 0.062, 0.0665, 0.0705, 0.0725, 0.0745, 0.0755, 0.078, 0.08, 0.082, 0.084, 0.084, 0.084, 0.084, 0.084, 0.084, 0.084, 0.084, 0.084, 0.084, 0.084, 0.084, 0.084, 0.084, 0.084, 0.084, 0.084, 0.084, 0.084, 0.084, 0.084, 0.084, 0.084, 0.084, 0.084, 0.084, 0.084, 0.084, 0.084, 0.084, 0.084, 0.084, 0.084, 0.084, 0.084, 0.084, 0.084, 0.084, 0.084, 0.084, 0.084, 0.084, 0.084, 0.084, 0.084, 0.084, 0.084, 0.084, 0.084, 0.084, 0.084, 0.084, 0.084, 0.084, 0.084, 0.084, 0.084, 0.084, 0.084, 0.084, 0.084, 0.084, 0.084, 0.084, 0.084, 0.084, 0.084, 0.084, 0.084, 0.084, 0.084, 0.084, 0.084, 0.084, 0.084, 0.084, 0.084, 0.084, 0.084]","{""0"": 0.0041, ""1"": 0.3574, ""2"": 0.0286, ""3"": 0.0268, ""4"": 0.017, ""5"": 0.02, ""6"": 0.1825, ""7"": 0.0162}","[0.0, 0.0, 0.0, 0.0, 0.0, 0.0, 0.0, 0.0769, 0.0, 0.0, 0.0, 0.0, 0.0, 0.0, 0.0, 0.8, 0.0, 0.0, 0.0, 0.1111, 0.1538, 0.0, 0.0, 1.0, 0.0, 0.0, 0.0, 0.0, 0.1429, 0.0, 0.0, 0.6364, 0.0, 0.0, 0.0, 0.0, 0.0, 0.1, 0.0, 1.0, 0.0, 0.0, 0.2, 0.0, 0.0, 0.0, 0.0, 0.8, 0.1111, 0.0, 0.0, 0.0, 0.0, 0.0, 0.0, 0.0, 0.0, 0.0, 0.0, 0.0, 0.0, 0.0, 0.1429, 0.125, 0.0, 0.0, 0.0, 0.0, 0.0, 0.0, 0.0, 0.1111, 0.0, 0.0, 0.0, 0.0, 0.0, 0.0, 0.0, 0.0, 0.0769, 0.0, 0.0, 0.0, 0.0, 0.125, 0.0, 0.0, 0.0, 0.0, 0.125, 0.0, 0.0, 0.0, 0.0, 0.0, 0.0, 0.0, 0.6, 0.0, 0.0, 0.0, 0.0, 0.0833, 0.0, 0.0, 1.0, 0.125, 0.0, 0.0, 0.0, 0.0, 0.0, 0.0, 1.0, 0.0, 0.0, 0.0, 0.0, 0.1, 0.0, 0.0, 0.8889, 0.0, 0.0, 0.0, 0.1111, 0.1429, 0.0, 0.0, 1.0, 0.0, 0.1667, 0.1667, 0.0, 0.0, 0.0, 0.0, 0.9231, 0.0, 0.125, 0.1, 0.0, 0.0, 0.0, 0.0, 0.9167, 0.0, 0.0, 0.0, 0.0, 0.1667, 0.1111, 0.0, 1.0, 0.0, 0.0909, 0.0, 0.0, 0.0, 0.0, 0.0, 0.8571, 0.0, 0.1, 0.0, 0.0, 0.1429, 0.0, 0.0, 1.0, 0.3333, 0.0, 0.0, 0.0, 0.1111, 0.0, 0.0, 0.8571, 0.1667, 0.0, 0.0, 0.0, 0.0, 0.0, 0.0, 1.0, 0.0, 0.0, 0.0, 0.0, 0.0, 0.0, 0.1111, 0.0, 0.1429, 0.0, 0.0, 0.1667, 0.0, 0.0, 0.0, 0.0, 0.0, 0.0, 0.0, 0.0, 0.0, 0.0, 0.0, 0.0, 0.0, 0.0, 0.0, 0.0909, 0.0, 0.0, 0.0, 0.0, 0.125, 0.0, 0.0, 0.0, 0.0, 0.0, 0.0, 0.0, 0.0, 0.0, 0.0, 0.0, 0.125, 0.125, 0.0, 0.0, 0.0, 0.0, 0.0, 0.0, 0.1667, 0.0, 0.0, 0.0833, 0.0, 0.0, 0.0, 0.1111, 0.0833, 0.0, 0.0]",[]
broadcast,0.6,5,broadcast,0.029,0.029,0.029,1.0,0.029,-0.0,7,True,58,0,310,1632,0,"[0.0, 0.025, 0.026, 0.027, 0.0275, 0.028, 0.029, 0.029, 0.029, 0.029, 0.029, 0.029, 0.029, 0.029, 0.029, 0.029, 0.029, 0.029, 0.029, 0.029, 0.029, 0.029, 0.029, 0.029, 0.029, 0.029, 0.029, 0.029, 0.029, 0.029, 0.029, 0.029, 0.029, 0.029, 0.029, 0.029, 0.029, 0.029, 0.029, 0.029, 0.029, 0.029, 0.029, 0.029, 0.029, 0.029, 0.029, 0.029, 0.029, 0.029, 0.029, 0.029, 0.029, 0.029, 0.029, 0.029, 0.029, 0.029, 0.029, 0.029, 0.029, 0.029, 0.029, 0.029, 0.029, 0.029, 0.029, 0.029, 0.029, 0.029, 0.029, 0.029, 0.029, 0.029, 0.029, 0.029, 0.029, 0.029, 0.029, 0.029, 0.029, 0.029, 0.029, 0.029, 0.029, 0.029, 0.029, 0.029, 0.029, 0.029, 0.029, 0.029, 0.029, 0.029, 0.029, 0.029, 0.029, 0.029, 0.029, 0.029, 0.029]","{""0"": 0.0282, ""1"": 0.0145, ""2"": 0.0299, ""3"": 0.0236, ""4"": 0.0328, ""5"": 0.0165, ""6"": 0.0447, ""7"": 0.0431}","[0.0, 0.0, 0.0, 0.1667, 0.1429, 0.0, 0.0, 0.0, 0.0, 0.2, 0.0, 0.0, 0.0, 0.1667, 0.0, 0.0, 0.0, 0.0, 0.0, 0.125, 0.0, 0.0, 0.0, 0.0, 0.0, 0.0, 0.0, 0.0, 0.0, 0.0, 0.0, 0.0, 0.0, 0.0, 0.0, 0.0, 0.0909, 0.125, 0.0, 0.1111, 0.0, 0.1667, 0.0, 0.0, 0.0, 0.0, 0.0, 0.0, 0.0, 0.0, 0.0, 0.0, 0.0909, 0.1667, 0.0, 0.0, 0.0, 0.0, 0.0833, 0.0, 0.0, 0.0, 0.1111, 0.0, 0.0, 0.0, 0.1111, 0.0909, 0.0, 0.0, 0.0, 0.1429, 0.0, 0.0, 0.0, 0.0, 0.0, 0.0, 0.0, 0.1667, 0.0, 0.1667, 0.0, 0.0, 0.0, 0.0, 0.0, 0.1429, 0.0, 0.0, 0.0, 0.0, 0.0, 0.0, 0.0, 0.125, 0.0, 0.0, 0.0, 0.0, 0.0, 0.0833, 0.0, 0.0, 0.0, 0.0, 0.0, 0.0, 0.0, 0.0, 0.0, 0.125, 0.0, 0.0, 0.25, 0.0, 0.0, 0.0, 0.0, 0.0, 0.1111, 0.0, 0.0, 0.0, 0.0, 0.0769, 0.0, 0.1667, 0.0, 0.125, 0.0, 0.0, 0.0, 0.0, 0.1111, 0.2857, 0.1, 0.0, 0.0, 0.0, 0.1429, 0.2857, 0.0, 0.0, 0.0, 0.0, 0.0, 0.0, 0.1, 0.0, 0.0, 0.0, 0.0, 0.0, 0.0, 0.0, 0.0, 0.0, 0.0, 0.0, 0.0, 0.0, 0.0, 0.0, 0.0, 0.0, 0.0, 0.0769, 0.0, 0.0, 0.0, 0.0, 0.0, 0.0, 0.0, 0.0, 0.0, 0.0, 0.0, 0.0, 0.0, 0.0, 0.1, 0.0, 0.0, 0.0, 0.0, 0.0, 0.0, 0.0, 0.0, 0.0, 0.0, 0.125, 0.0, 0.2, 0.0, 0.1, 0.125, 0.0, 0.7778, 0.125, 0.0, 0.2857, 0.0, 0.0, 0.0, 0.0, 0.125, 0.0, 0.0, 0.0, 0.0, 0.0, 0.0, 0.0, 0.0, 0.0, 0.0, 0.0, 0.0, 0.0, 0.0, 0.0, 0.0, 0.0, 0.0667, 0.0, 0.0, 0.0, 0.0, 0.1111, 0.0, 0.0, 0.0, 0.0769, 0.0909, 0.0, 0.0, 0.0, 0.1667, 0.0, 0.0, 0.0, 0.0, 0.0, 0.0, 0.0, 0.0, 0.0]",[]
broadcast,0.6,6,broadcast,0.029,0.029,0.029,1.0,0.029,-0.0,3,True,58,0,290,1652,0,"[0.0, 0.0275, 0.029, 0.029, 0.029, 0.029, 0.029, 0.029, 0.029, 0.029, 0.029, 0.029, 0.029, 0.029, 0.029, 0.029, 0.029, 0.029, 0.029, 0.029, 0.029, 0.029, 0.029, 0.029, 0.029, 0.029, 0.029, 0.029, 0.029, 0.029, 0.029, 0.029, 0.029, 0.029, 0.029, 0.029, 0.029, 0.029, 0.029, 0.029, 0.029, 0.029, 0.029, 0.029, 0.029, 0.029, 0.029, 0.029, 0.029, 0.029, 0.029, 0.029, 0.029, 0.029, 0.029, 0.029, 0.029, 0.029, 0.029, 0.029, 0.029, 0.029, 0.029, 0.029, 0.029, 0.029, 0.029, 0.029, 0.029, 0.029, 0.029, 0.029, 0.029, 0.029, 0.029, 0.029, 0.029, 0.029, 0.029, 0.029, 0.029, 0.029, 0.029, 0.029, 0.029, 0.029, 0.029, 0.029, 0.029, 0.029, 0.029, 0.029, 0.029, 0.029, 0.029, 0.029, 0.029, 0.029, 0.029, 0.029, 0.029]","{""0"": 0.0337, ""1"": 0.0282, ""2"": 0.0253, ""3"": 0.0225, ""4"": 0.0123, ""5"": 0.0462, ""6"": 0.0407, ""7"": 0.0237}","[0.0, 0.3333, 0.0, 0.0, 0.0, 0.0, 0.0, 0.0, 0.1429, 0.25, 0.0, 0.0, 0.0, 0.0, 0.0, 0.0, 0.0, 0.1111, 0.0, 0.0, 0.0, 0.1429, 0.0, 0.0, 0.0, 0.0, 0.1111, 0.0, 0.0, 0.0, 0.0, 0.0, 0.0, 0.2222, 0.0, 0.0, 0.0, 0.0, 0.1667, 0.125, 0.0, 0.0, 0.0, 0.0, 0.0, 0.0, 0.0, 0.1667, 0.0, 0.1, 0.0, 0.0, 0.0, 0.0, 0.125, 0.0, 0.0, 0.0, 0.0, 0.1429, 0.0, 0.0, 0.1818, 0.0, 0.0, 0.1, 0.0, 0.0, 0.0, 0.0, 0.0, 0.0, 0.0, 0.0, 0.1429, 0.0, 0.125, 0.0, 0.2, 0.0, 0.0, 0.0, 0.0, 0.0, 0.1667, 0.0, 0.0, 0.1429, 0.0, 0.0, 0.1, 0.0, 0.0, 0.0, 0.1429, 0.1429, 0.125, 0.0, 0.0, 0.0, 0.1111, 0.0, 0.1429, 0.0, 0.0, 0.0, 0.0, 0.0, 0.0, 0.0, 0.0, 0.0, 0.125, 0.0, 0.0, 0.0, 0.0, 0.0, 0.0, 0.0, 0.0, 0.0, 0.0, 0.2222, 0.0909, 0.0, 0.0, 0.1667, 0.0, 0.0, 0.125, 0.2, 0.0, 0.125, 0.0, 0.0, 0.0, 0.0, 0.0, 0.0, 0.0833, 0.0, 0.0, 0.0, 0.0, 0.0, 0.0, 0.0, 0.0, 0.0, 0.0, 0.0, 0.0, 0.0, 0.0, 0.25, 0.0, 0.0, 0.0, 0.0, 0.0, 0.0, 0.0, 0.0, 0.0, 0.0, 0.0, 0.0, 0.125, 0.0, 0.1, 0.0, 0.0, 0.0, 0.0, 0.1667, 0.0, 0.1429, 0.0, 0.0, 0.0, 0.0, 0.1, 0.0, 0.0, 0.0, 0.0, 0.0, 0.0, 0.0, 0.0, 0.0, 0.0, 0.0, 0.0, 0.0, 0.0, 0.1667, 0.0, 0.0, 0.0, 0.0, 0.1, 0.0, 0.0, 0.0, 0.0, 0.1429, 0.3333, 0.0, 0.0, 0.0, 0.0, 0.0, 0.0, 0.0, 0.0, 0.0, 0.1429, 0.125, 0.2, 0.0, 0.1111, 0.1429, 0.0, 0.0, 0.0, 0.0, 0.0, 0.0, 0.0, 0.0, 0.0, 0.0, 0.0, 0.0, 0.0, 0.0, 0.0, 0.1, 0.125, 0.0, 0.0, 0.0, 0.0, 0.0, 0.1429, 0.0909, 0.0, 0.0]",[]
broadcast,0.6,7,broadcast,0.074,0.074,0.074,1.0,0.074,0.0,21,True,148,0,302,1550,0,"[0.0, 0.0215, 0.0245, 0.0265, 0.0295, 0.034, 0.0395, 0.0425, 0.0465, 0.0485, 0.05, 0.0525, 0.0575, 0.0615, 0.0655, 0.068, 0.07, 0.0715, 0.072, 0.073, 0.074, 0.074, 0.074, 0.074, 0.074, 0.074, 0.074, 0.074, 0.074, 0.074, 0.074, 0.074, 0.074, 0.074, 0.074, 0.074, 0.074, 0.074, 0.074, 0.074, 0.074, 0.074, 0.074, 0.074, 0.074, 0.074, 0.074, 0.074, 0.074, 0.074, 0.074, 0.074, 0.074, 0.074, 0.074, 0.074, 0.074, 0.074, 0.074, 0.074, 0.074, 0.074, 0.074, 0.074, 0.074, 0.074, 0.074, 0.074, 0.074, 0.074, 0.074, 0.074, 0.074, 0.074, 0.074, 0.074, 0.074, 0.074, 0.074, 0.074, 0.074, 0.074, 0.074, 0.074, 0.074, 0.074, 0.074, 0.074, 0.074, 0.074, 0.074, 0.074, 0.074, 0.074, 0.074, 0.074, 0.074, 0.074, 0.074, 0.074, 0.074]","{""0"": 0.0114, ""1"": 0.0637, ""2"": 0.0086, ""3"": 0.3884, ""4"": 0.0292, ""5"": 0.0741, ""6"": 0.0187, ""7"": 0.0115}","[0.1111, 0.0, 0.0, 0.0, 0.0, 0.0, 0.0, 0.0, 0.0, 0.0, 0.2857, 0.0, 0.0, 0.0, 0.0, 0.0, 0.0, 0.0, 1.0, 0.0, 0.5, 0.0, 0.0, 0.0, 0.0, 0.0, 0.25, 0.0, 0.125, 0.0, 0.0, 0.0, 0.0, 0.0, 0.4, 0.0, 0.0, 0.1429, 0.25, 0.0, 0.0, 0.0, 0.0, 0.0, 0.1667, 0.0, 0.8571, 0.1429, 0.0, 0.0, 0.0, 0.0, 0.625, 0.0, 0.125, 0.2, 0.0, 0.0, 0.0, 0.0, 0.8462, 0.0, 0.0, 0.1429, 0.0, 0.1429, 0.0, 0.0, 1.0, 0.0, 0.0, 0.1429, 0.0, 0.0, 0.0, 0.0, 0.8571, 0.1111, 0.0, 0.0, 0.0, 0.0, 0.0, 0.0, 1.0, 0.0, 0.0, 0.0, 0.0, 0.0, 0.0769, 0.0, 1.0, 0.125, 0.0, 0.0, 0.0, 0.0, 0.0, 0.0, 1.0, 0.0, 0.0, 0.0, 0.0, 0.0, 0.0, 0.0, 0.875, 0.0, 0.0, 0.0, 0.2, 0.0, 0.1667, 0.0, 0.8, 0.0714, 0.0, 0.0, 0.0, 0.0, 0.0, 0.0, 1.0, 0.0, 0.0, 0.0, 0.0, 0.0, 0.0, 0.0, 0.7778, 0.0, 0.0, 0.0, 0.0, 0.0, 0.0, 0.0, 0.8571, 0.0, 0.0, 0.0, 0.0, 0.0, 0.0, 0.0, 0.8333, 0.0, 0.0, 0.0, 0.0, 0.0, 0.0, 0.0, 0.6667, 0.125, 0.0, 0.0, 0.0, 0.0, 0.125, 0.0, 0.0, 0.0, 0.0, 0.0, 0.0, 0.0, 0.0, 0.0, 0.0, 0.0, 0.0, 0.0, 0.0, 0.1, 0.0, 0.0, 0.0, 0.0, 0.2, 0.0, 0.0, 0.0, 0.0, 0.0, 0.0, 0.0833, 0.0, 0.0, 0.0, 0.0, 0.0, 0.1429, 0.0, 0.0, 0.125, 0.0, 0.0, 0.0, 0.0, 0.0, 0.0, 0.0, 0.0, 0.0, 0.0, 0.0, 0.0, 0.0, 0.0, 0.0, 0.0, 0.0, 0.1, 0.0, 0.0, 0.125, 0.0, 0.0, 0.0, 0.0909, 0.0, 0.0, 0.0, 0.0, 0.0, 0.0, 0.1111, 0.0, 0.0, 0.0, 0.1429, 0.0, 0.0, 0.0, 0.0, 0.0, 0.1111, 0.0, 0.0, 0.0, 0.0, 0.1429, 0.0, 0.0, 0.0, 0.0769]",[]
broadcast,0.6,8,broadcast,0.0295,0.0295,0.0295,1.0,0.0295,0.0,5,True,59,0,277,1664,0,"[0.0, 0.0235, 0.0275, 0.029, 0.0295, 0.0295, 0.0295, 0.0295, 0.0295, 0.0295, 0.0295, 0.0295, 0.0295, 0.0295, 0.0295, 0.0295, 0.0295, 0.0295, 0.0295, 0.0295, 0.0295, 0.0295, 0.0295, 0.0295, 0.0295, 0.0295, 0.0295, 0.0295, 0.0295, 0.0295, 0.0295, 0.0295, 0.0295, 0.0295, 0.0295, 0.0295, 0.0295, 0.0295, 0.0295, 0.0295, 0.0295, 0.0295, 0.0295, 0.0295, 0.0295, 0.0295, 0.0295, 0.0295, 0.0295, 0.0295, 0.0295, 0.0295, 0.0295, 0.0295, 0.0295, 0.0295, 0.0295, 0.0295, 0.0295, 0.0295, 0.0295, 0.0295, 0.0295, 0.0295, 0.0295, 0.0295, 0.0295, 0.0295, 0.0295, 0.0295, 0.0295, 0.0295, 0.0295, 0.0295, 0.0295, 0.0295, 0.0295, 0.0295, 0.0295, 0.0295, 0.0295, 0.0295, 0.0295, 0.0295, 0.0295, 0.0295, 0.0295, 0.0295, 0.0295, 0.0295, 0.0295, 0.0295, 0.0295, 0.0295, 0.0295, 0.0295, 0.0295, 0.0295, 0.0295, 0.0295, 0.0295]","{""0"": 0.015, ""1"": 0.0233, ""2"": 0.03, ""3"": 0.0408, ""4"": 0.0415, ""5"": 0.0275, ""6"": 0.0208, ""7"": 0.0385}","[0.0, 0.0, 0.0, 0.1429, 0.0, 0.0, 0.0, 0.0, 0.0, 0.0, 0.1667, 0.0, 0.0, 0.1111, 0.0, 0.0, 0.0909, 0.0, 0.1429, 0.1429, 0.0, 0.0, 0.0, 0.0, 0.125, 0.0, 0.0, 0.0, 0.2222, 0.1667, 0.0, 0.0, 0.0, 0.0, 0.0, 0.0, 0.0, 0.0, 0.0, 0.0, 0.0, 0.0, 0.0, 0.0, 0.125, 0.125, 0.0, 0.0, 0.1429, 0.0, 0.0, 0.0, 0.0, 0.0, 0.25, 0.0, 0.0, 0.0, 0.0, 0.0, 0.0, 0.0, 0.1667, 0.1429, 0.0, 0.0, 0.0, 0.0, 0.0, 0.0, 0.1, 0.0, 0.0, 0.0, 0.0, 0.0, 0.0, 0.0, 0.1429, 0.0, 0.0, 0.0, 0.25, 0.0, 0.0, 0.0, 0.1429, 0.0, 0.0, 0.0, 0.0, 0.0, 0.0, 0.0, 0.0, 0.0, 0.0, 0.0, 0.125, 0.0, 0.0, 0.0, 0.0, 0.0, 0.1818, 0.2222, 0.0, 0.0, 0.0, 0.0, 0.0, 0.0, 0.1667, 0.0, 0.0, 0.0, 0.0, 0.0, 0.0, 0.0, 0.1667, 0.0, 0.0, 0.0, 0.0, 0.2857, 0.2, 0.0, 0.0, 0.0, 0.1429, 0.0, 0.0, 0.0, 0.0, 0.0, 0.1667, 0.0, 0.0, 0.0, 0.0, 0.0, 0.0, 0.0, 0.0, 0.0, 0.0, 0.0, 0.0, 0.0, 0.0, 0.0, 0.0, 0.0909, 0.0, 0.0, 0.0, 0.1667, 0.0, 0.1429, 0.0, 0.0, 0.1667, 0.125, 0.0, 0.2222, 0.0, 0.0, 0.0, 0.0, 0.0, 0.0, 0.0, 0.0, 0.0, 0.0, 0.0909, 0.0, 0.0, 0.1111, 0.0, 0.125, 0.0, 0.0, 0.0, 0.0, 0.0, 0.0, 0.0, 0.0, 0.0, 0.0, 0.0, 0.1111, 0.0, 0.0, 0.1, 0.0, 0.0, 0.0, 0.0, 0.0, 0.0, 0.0, 0.1111, 0.0, 0.1, 0.0, 0.0, 0.0, 0.0, 0.0, 0.0, 0.125, 0.0, 0.0, 0.0, 0.0, 0.0, 0.2, 0.0, 0.0, 0.0, 0.0, 0.0, 0.0, 0.0, 0.2, 0.0, 0.0, 0.0, 0.4286, 0.0, 0.0, 0.0, 0.0, 0.625, 0.0, 0.0, 0.0, 0.0, 0.0, 0.0, 0.0, 0.0, 0.0, 0.0, 0.0, 0.0, 0.0]",[]
broadcast,0.6,9,broadcast,0.072,0.072,0.072,1.0,0.072,0.0,27,True,144,0,312,1544,0,"[0.0, 0.0235, 0.0255, 0.0285, 0.0315, 0.034, 0.037, 0.041, 0.0435, 0.047, 0.0485, 0.0505, 0.051, 0.0525, 0.053, 0.055, 0.0575, 0.0595, 0.061, 0.063, 0.0645, 0.066, 0.067, 0.0675, 0.0685, 0.0715, 0.072, 0.072, 0.072, 0.072, 0.072, 0.072, 0.072, 0.072, 0.072, 0.072, 0.072, 0.072, 0.072, 0.072, 0.072, 0.072, 0.072, 0.072, 0.072, 0.072, 0.072, 0.072, 0.072, 0.072, 0.072, 0.072, 0.072, 0.072, 0.072, 0.072, 0.072, 0.072, 0.072, 0.072, 0.072, 0.072, 0.072, 0.072, 0.072, 0.072, 0.072, 0.072, 0.072, 0.072, 0.072, 0.072, 0.072, 0.072, 0.072, 0.072, 0.072, 0.072, 0.072, 0.072, 0.072, 0.072, 0.072, 0.072, 0.072, 0.072, 0.072, 0.072, 0.072, 0.072, 0.072, 0.072, 0.072, 0.072, 0.072, 0.072, 0.072, 0.072, 0.072, 0.072, 0.072]","{""0"": 0.426, ""1"": 0.0453, ""2"": 0.0386, ""3"": 0.0299, ""4"": 0.0221, ""5"": 0.012, ""6"": 0.0359, ""7"": 0.0082}","[0.1111, 0.8333, 0.0, 0.0, 0.0, 0.0833, 0.0, 0.0, 0.0, 0.8889, 0.0, 0.0, 0.1, 0.0, 0.0, 0.0, 0.0, 1.0, 0.0, 0.0, 0.0, 0.0, 0.0, 0.0, 0.0, 1.0, 0.0, 0.0, 0.0, 0.0, 0.0, 0.0, 0.0, 1.0, 0.0, 0.8333, 0.1, 0.0, 0.0, 0.1429, 0.1667, 1.0, 0.0, 0.1429, 0.125, 0.0, 0.1111, 0.0, 0.0, 1.0, 0.0, 0.0, 0.0, 0.0, 0.0, 0.0, 0.0, 0.8333, 0.0, 0.0, 0.0, 0.1111, 0.0, 0.0, 0.1667, 0.7143, 0.0, 0.0, 0.0, 0.0, 0.0, 0.0, 0.0, 1.0, 0.0833, 0.0, 0.0, 0.0, 0.0, 0.0, 0.0, 0.75, 0.0, 0.0, 0.0, 0.0, 0.0, 0.0, 0.0, 1.0, 0.0, 0.0, 0.0, 0.1667, 0.0, 0.0, 0.0, 0.6667, 0.0, 0.0, 0.1667, 0.0, 0.0, 0.125, 0.0, 1.0, 0.0, 0.0909, 0.0, 0.0, 0.1429, 0.1429, 0.0, 0.1667, 0.1429, 0.0, 0.0, 0.0, 0.0, 0.0, 0.0, 0.0, 0.6667, 0.0, 0.0, 0.0, 0.0, 0.0, 0.0, 0.0, 0.0, 0.0, 0.0, 0.0, 0.0, 0.0667, 0.0, 0.0, 0.0, 0.0, 0.0, 0.0, 0.0909, 0.0, 0.0, 0.0, 0.0, 0.0, 0.1, 0.0, 0.0, 0.0, 0.0, 0.0, 0.0, 0.125, 0.0, 0.1, 0.0, 0.1111, 0.0, 0.0, 0.0, 0.0, 0.0, 0.0, 0.0, 0.1667, 0.0, 0.0, 0.0, 0.0, 0.0, 0.0, 0.0, 0.0, 0.0, 0.0, 0.1, 0.1, 0.0, 0.0, 0.0, 0.1111, 0.0, 0.1667, 0.0, 0.0, 0.0, 0.0, 0.0, 0.0, 0.0, 0.0, 0.0909, 0.0, 0.0, 0.0909, 0.0, 0.0, 0.0, 0.0, 0.0, 0.0, 0.0, 0.0, 0.0, 0.25, 0.0, 0.0, 0.2, 0.1, 0.1667, 0.0, 0.0, 0.0, 0.0, 0.0, 0.0, 0.0, 0.0769, 0.0, 0.0, 0.0, 0.0, 0.125, 0.0, 0.0, 0.0, 0.0, 0.0, 0.0, 0.0, 0.0, 0.0, 0.0, 0.0, 0.0, 0.0, 0.0, 0.0, 0.6, 0.0909, 0.0, 0.0, 0.25, 0.0, 0.125, 0.0, 1.0]",[]
broadcast,0.6,10,broadcast,0.0325,0.0325,0.0325,1.0,0.0325,0.0,9,True,65,0,310,1625,0,"[0.0, 0.022, 0.023, 0.024, 0.026, 0.0275, 0.0295, 0.0315, 0.0325, 0.0325, 0.0325, 0.0325, 0.0325, 0.0325, 0.0325, 0.0325, 0.0325, 0.0325, 0.0325, 0.0325, 0.0325, 0.0325, 0.0325, 0.0325, 0.0325, 0.0325, 0.0325, 0.0325, 0.0325, 0.0325, 0.0325, 0.0325, 0.0325, 0.0325, 0.0325, 0.0325, 0.0325, 0.0325, 0.0325, 0.0325, 0.0325, 0.0325, 0.0325, 0.0325, 0.0325, 0.0325, 0.0325, 0.0325, 0.0325, 0.0325, 0.0325, 0.0325, 0.0325, 0.0325, 0.0325, 0.0325, 0.0325, 0.0325, 0.0325, 0.0325, 0.0325, 0.0325, 0.0325, 0.0325, 0.0325, 0.0325, 0.0325, 0.0325, 0.0325, 0.0325, 0.0325, 0.0325, 0.0325, 0.0325, 0.0325, 0.0325, 0.0325, 0.0325, 0.0325, 0.0325, 0.0325, 0.0325, 0.0325, 0.0325, 0.0325, 0.0325, 0.0325, 0.0325, 0.0325, 0.0325, 0.0325, 0.0325, 0.0325, 0.0325, 0.0325, 0.0325, 0.0325, 0.0325, 0.0325, 0.0325, 0.0325]","{""0"": 0.0332, ""1"": 0.0147, ""2"": 0.0241, ""3"": 0.0147, ""4"": 0.1143, ""5"": 0.0198, ""6"": 0.0184, ""7"": 0.0242}","[0.1111, 0.0, 0.0, 0.0, 0.0, 0.4286, 0.0, 0.0, 0.125, 0.0, 0.0, 0.125, 0.0, 0.1429, 0.0, 0.0, 0.0, 0.0, 0.0, 0.0, 0.0, 0.0, 0.0, 0.0, 0.0, 0.0, 0.0, 0.125, 0.0, 0.25, 0.0, 0.0, 0.0, 0.1, 0.0, 0.0, 0.0, 1.0, 0.2, 0.0, 0.0, 0.0, 0.0, 0.0, 0.0, 0.875, 0.1429, 0.0, 0.0, 0.1429, 0.0, 0.0, 0.1667, 0.8, 0.0, 0.1667, 0.0, 0.0, 0.0, 0.0, 0.0, 0.1667, 0.0, 0.0, 0.0, 0.0, 0.0, 0.0, 0.0, 0.0, 0.0, 0.0, 0.0, 0.0, 0.0, 0.0, 0.0, 0.0, 0.0, 0.1667, 0.0, 0.0, 0.0, 0.0, 0.0, 0.0, 0.0, 0.0, 0.0, 0.0, 0.0, 0.0, 0.0, 0.0, 0.1111, 0.0, 0.0, 0.0, 0.1111, 0.1667, 0.0, 0.5, 0.0, 0.0, 0.1111, 0.0, 0.1, 0.1667, 0.0, 0.0, 0.0, 0.0, 0.0, 0.0, 0.0, 0.0, 0.0, 0.0, 0.0, 0.0, 0.1111, 0.0, 0.0, 0.0, 0.0, 0.0, 0.0, 0.0, 0.0, 0.0, 0.0, 0.0, 0.0, 0.125, 0.0, 0.0, 0.0, 0.0, 0.1111, 0.0, 0.0, 0.0, 0.0, 0.0, 0.0, 0.0909, 0.0, 0.0, 0.0, 0.0, 0.0, 0.0, 0.0, 0.1, 0.0, 0.0, 0.0, 0.0, 0.0, 0.0, 0.1111, 0.0, 0.0, 0.0, 0.0714, 0.0, 0.0, 0.0, 0.0, 0.1667, 0.0, 0.0833, 0.2, 0.0, 0.0, 0.0, 0.1429, 0.2857, 0.0, 0.0, 0.0, 0.0, 0.0, 0.0, 0.0, 0.0, 0.0, 0.0, 0.0, 0.0, 0.0, 0.0, 0.0, 0.0, 0.0, 0.0, 0.0, 0.0, 0.0, 0.0, 0.0, 0.0, 0.0, 0.0, 0.0, 0.0, 0.0, 0.0, 0.0, 0.0, 0.0, 0.0, 0.0, 0.0, 0.0, 0.0, 0.0, 0.0, 0.0, 0.0, 0.0, 0.0, 0.0, 0.0, 0.0, 0.0, 0.0, 0.0, 0.0, 0.0, 0.0769, 0.0, 0.0909, 0.1667, 0.1429, 0.0, 0.0, 0.0, 0.0, 0.0, 0.0, 0.0, 0.0, 0.1667, 0.0, 0.0, 0.0, 0.125, 0.0, 0.0]",[]
broadcast,0.6,11,broadcast,0.0255,0.0255,0.0255,1.0,0.0255,-0.0,8,True,51,0,284,1665,0,"[0.0, 0.02, 0.023, 0.0235, 0.024, 0.0245, 0.025, 0.0255, 0.0255, 0.0255, 0.0255, 0.0255, 0.0255, 0.0255, 0.0255, 0.0255, 0.0255, 0.0255, 0.0255, 0.0255, 0.0255, 0.0255, 0.0255, 0.0255, 0.0255, 0.0255, 0.0255, 0.0255, 0.0255, 0.0255, 0.0255, 0.0255, 0.0255, 0.0255, 0.0255, 0.0255, 0.0255, 0.0255, 0.0255, 0.0255, 0.0255, 0.0255, 0.0255, 0.0255, 0.0255, 0.0255, 0.0255, 0.0255, 0.0255, 0.0255, 0.0255, 0.0255, 0.0255, 0.0255, 0.0255, 0.0255, 0.0255, 0.0255, 0.0255, 0.0255, 0.0255, 0.0255, 0.0255, 0.0255, 0.0255, 0.0255, 0.0255, 0.0255, 0.0255, 0.0255, 0.0255, 0.0255, 0.0255, 0.0255, 0.0255, 0.0255, 0.0255, 0.0255, 0.0255, 0.0255, 0.0255, 0.0255, 0.0255, 0.0255, 0.0255, 0.0255, 0.0255, 0.0255, 0.0255, 0.0255, 0.0255, 0.0255, 0.0255, 0.0255, 0.0255, 0.0255, 0.0255, 0.0255, 0.0255, 0.0255, 0.0255]","{""0"": 0.0222, ""1"": 0.0201, ""2"": 0.0403, ""3"": 0.027, ""4"": 0.0229, ""5"": 0.0325, ""6"": 0.0117, ""7"": 0.0276}","[0.0, 0.0, 0.0, 0.0, 0.0, 0.0, 0.0, 0.0, 0.0, 0.0, 0.0, 0.0, 0.0, 0.0, 0.0, 0.0, 0.0714, 0.0, 0.1429, 0.0, 0.0, 0.0, 0.0, 0.0, 0.0, 0.0, 0.0, 0.0, 0.0, 0.0, 0.0, 0.0, 0.0, 0.0, 0.0, 0.0, 0.0, 0.0, 0.0, 0.0, 0.0, 0.0, 0.0, 0.0, 0.0, 0.0, 0.0, 0.0, 0.0, 0.0909, 0.0, 0.1667, 0.0, 0.0, 0.0, 0.0, 0.0, 0.0, 0.0, 0.125, 0.0, 0.0, 0.0, 0.0, 0.0, 0.1429, 0.25, 0.0769, 0.1429, 0.0, 0.0, 0.0, 0.0, 0.0, 0.0, 0.0, 0.0, 0.0, 0.0, 0.0, 0.0, 0.0, 0.0, 0.0, 0.125, 0.0, 0.0, 0.0, 0.0769, 0.0, 0.0, 0.0, 0.0, 0.0, 0.0, 0.0, 0.0, 0.0, 0.0, 0.1429, 0.0, 0.0, 0.0, 0.0, 0.0, 0.0, 0.0, 0.0, 0.125, 0.0, 0.0, 0.0, 0.375, 0.0, 0.0, 0.1, 0.1111, 0.0, 0.7778, 0.0, 0.0, 0.0, 0.1111, 0.125, 0.0, 0.0, 0.125, 0.1111, 0.0, 0.0, 0.0, 0.0, 0.0, 0.0, 0.0, 0.1, 0.125, 0.0, 0.0, 0.0, 0.0, 0.0, 0.0, 0.0, 0.0, 0.1429, 0.0, 0.0909, 0.0, 0.0, 0.0, 0.125, 0.0, 0.0, 0.0, 0.1, 0.0, 0.3, 0.0, 0.0, 0.1667, 0.0, 0.0, 0.0, 0.1, 0.125, 0.0, 0.0, 0.0, 0.0, 0.0, 0.0, 0.0, 0.0833, 0.0, 0.0, 0.0, 0.0, 0.0, 0.0, 0.0, 0.0, 0.0, 0.0, 0.0, 0.0, 0.0, 0.0, 0.0, 0.0, 0.0, 0.0, 0.0, 0.0, 0.0, 0.0, 0.0, 0.0, 0.0, 0.0, 0.0, 0.0, 0.0, 0.1667, 0.1818, 0.0833, 0.0, 0.0, 0.0, 0.0, 0.0, 0.0, 0.0, 0.0, 0.0, 0.0, 0.0, 0.0, 0.0, 0.0, 0.0, 0.0, 0.0, 0.0, 0.0, 0.2857, 0.0, 0.1, 0.0, 0.0, 0.0, 0.0, 0.0, 0.0, 0.125, 0.0, 0.0, 0.0, 0.0, 0.0, 0.0, 0.0, 0.0, 0.0, 0.0, 0.0, 0.0, 0.0, 0.0, 0.0]",[]
broadcast,0.7,0,broadcast,0.0185,0.0185,0.0185,1.0,0.0185,0.0,3,True,37,0,297,1666,0,"[0.0, 0.0175, 0.0185, 0.0185, 0.0185, 0.0185, 0.0185, 0.0185, 0.0185, 0.0185, 0.0185, 0.0185, 0.0185, 0.0185, 0.0185, 0.0185, 0.0185, 0.0185, 0.0185, 0.0185, 0.0185, 0.0185, 0.0185, 0.0185, 0.0185, 0.0185, 0.0185, 0.0185, 0.0185, 0.0185, 0.0185, 0.0185, 0.0185, 0.0185, 0.0185, 0.0185, 0.0185, 0.0185, 0.0185, 0.0185, 0.0185, 0.0185, 0.0185, 0.0185, 0.0185, 0.0185, 0.0185, 0.0185, 0.0185, 0.0185, 0.0185, 0.0185, 0.0185, 0.0185, 0.0185, 0.0185, 0.0185, 0.0185, 0.0185, 0.0185, 0.0185, 0.0185, 0.0185, 0.0185, 0.0185, 0.0185, 0.0185, 0.0185, 0.0185, 0.0185, 0.0185, 0.0185, 0.0185, 0.0185, 0.0185, 0.0185, 0.0185, 0.0185, 0.0185, 0.0185, 0.0185, 0.0185, 0.0185, 0.0185, 0.0185, 0.0185, 0.0185, 0.0185, 0.0185, 0.0185, 0.0185, 0.0185, 0.0185, 0.0185, 0.0185, 0.0185, 0.0185, 0.0185, 0.0185, 0.0185, 0.0185]","{""0"": 0.0152, ""1"": 0.0122, ""2"": 0.0296, ""3"": 0.0397, ""4"": 0.0042, ""5"": 0.0243, ""6"": 0.0172, ""7"": 0.004}","[0.0, 0.0, 0.0, 0.0, 0.0, 0.0, 0.0, 0.0, 0.0, 0.0, 0.0, 0.0, 0.0, 0.0, 0.0, 0.0, 0.0, 0.0, 0.0, 0.0, 0.0, 0.0, 0.0909, 0.0, 0.0, 0.0, 0.0, 0.125, 0.0, 0.0, 0.0, 0.0, 0.0, 0.0, 0.0, 0.0, 0.0, 0.0, 0.0, 0.0, 0.0, 0.0, 0.0, 0.0, 0.0, 0.0, 0.0, 0.0, 0.0, 0.0, 0.0, 0.0, 0.0, 0.0, 0.0909, 0.0, 0.0, 0.0, 0.0, 0.3, 0.0, 0.0, 0.2, 0.0, 0.0, 0.0, 0.0, 0.0, 0.0, 0.0, 0.0, 0.0, 0.0, 0.0, 0.0, 0.0, 0.0, 0.25, 0.0, 0.0, 0.0, 0.0, 0.0, 0.0, 0.0, 0.0, 0.0, 0.125, 0.0, 0.0, 0.0, 0.0, 0.0, 0.0, 0.0, 0.0, 0.0, 0.0909, 0.0, 0.0, 0.0, 0.0, 0.0, 0.0, 0.0, 0.0, 0.0, 0.0, 0.1429, 0.0, 0.0, 0.0909, 0.0, 0.0, 0.0, 0.0, 0.0, 0.0, 0.0, 0.0, 0.0, 0.0909, 0.0, 0.0, 0.0, 0.0, 0.0, 0.0, 0.0, 0.0, 0.0, 0.0, 0.0, 0.0, 0.125, 0.0, 0.1111, 0.0, 0.0, 0.0, 0.0, 0.0, 0.0, 0.0, 0.0, 0.1667, 0.0, 0.0, 0.0714, 0.0, 0.0, 0.1429, 0.0, 0.1111, 0.0, 0.0, 0.0, 0.0, 0.1111, 0.0, 0.0, 0.0, 0.0, 0.1667, 0.25, 0.0, 0.0, 0.0, 0.0, 0.0, 0.0, 0.0909, 0.0, 0.0, 0.0, 0.0, 0.0, 0.0, 0.0, 0.0, 0.0, 0.0, 0.0, 0.0, 0.0, 0.0, 0.0, 0.0, 0.2, 0.0, 0.0, 0.0, 0.0, 0.0, 0.0, 0.0, 0.0, 0.0, 0.0, 0.0, 0.0, 0.0, 0.1111, 0.1, 0.0, 0.0, 0.0, 0.0, 0.0, 0.0, 0.0909, 0.0, 0.1429, 0.0, 0.0909, 0.0, 0.0, 0.0, 0.0, 0.0, 0.0, 0.0, 0.0, 0.0, 0.0, 0.0, 0.0, 0.0, 0.25, 0.0, 0.0, 0.0, 0.0, 0.0, 0.1429, 0.0, 0.0, 0.0, 0.0, 0.0, 0.0, 0.0, 0.0, 0.0, 0.0, 0.0, 0.0, 0.0909, 0.0, 0.0]",[]
broadcast,0.7,1,broadcast,0.0255,0.0255,0.0255,1.0,0.0255,-0.0,8,True,51,0,295,1654,0,"[0.0, 0.0175, 0.0185, 0.019, 0.0205, 0.0225, 0.024, 0.0255, 0.0255, 0.0255, 0.0255, 0.0255, 0.0255, 0.0255, 0.0255, 0.0255, 0.0255, 0.0255, 0.0255, 0.0255, 0.0255, 0.0255, 0.0255, 0.0255, 0.0255, 0.0255, 0.0255, 0.0255, 0.0255, 0.0255, 0.0255, 0.0255, 0.0255, 0.0255, 0.0255, 0.0255, 0.0255, 0.0255, 0.0255, 0.0255, 0.0255, 0.0255, 0.0255, 0.0255, 0.0255, 0.0255, 0.0255, 0.0255, 0.0255, 0.0255, 0.0255, 0.0255, 0.0255, 0.0255, 0.0255, 0.0255, 0.0255, 0.0255, 0.0255, 0.0255, 0.0255, 0.0255, 0.0255, 0.0255, 0.0255, 0.0255, 0.0255, 0.0255, 0.0255, 0.0255, 0.0255, 0.0255, 0.0255, 0.0255, 0.0255, 0.0255, 0.0255, 0.0255, 0.0255, 0.0255, 0.0255, 0.0255, 0.0255, 0.0255, 0.0255, 0.0255, 0.0255, 0.0255, 0.0255, 0.0255, 0.0255, 0.0255, 0.0255, 0.0255, 0.0255, 0.0255, 0.0255, 0.0255, 0.0255, 0.0255, 0.0255]","{""0"": 0.0271, ""1"": 0.0132, ""2"": 0.0077, ""3"": 0.0163, ""4"": 0.0797, ""5"": 0.0121, ""6"": 0.0154, ""7"": 0.0319}","[0.0, 0.125, 0.0, 0.0, 0.0, 0.0, 0.0, 0.0, 0.0, 0.1667, 0.0, 0.0, 0.0, 0.0, 0.0, 0.0, 0.0, 0.0, 0.0, 0.0, 0.0, 0.0, 0.1111, 0.0, 0.0, 0.0, 0.0, 0.0, 0.0, 0.0, 0.0, 0.0, 0.0, 0.0, 0.0, 0.0, 0.1111, 0.0, 0.0, 0.0, 0.0, 0.0, 0.0, 0.0, 0.0, 0.0, 0.0, 0.1429, 0.0, 0.0, 0.1429, 0.0, 0.1429, 0.0, 0.0, 0.0, 0.0, 0.0, 0.0, 0.0, 0.0, 0.0, 0.0, 0.0, 0.0, 0.0, 0.1111, 0.0, 0.0, 0.0, 0.0, 0.0, 0.0, 0.0, 0.0, 0.0, 0.0, 0.0, 0.0, 0.0, 0.0, 0.0, 0.0, 0.0, 0.0, 0.0, 0.0, 0.0, 0.1, 0.0833, 0.0, 0.0, 0.0, 0.0, 0.0, 0.0, 0.0, 0.0, 0.0667, 0.0, 0.0, 0.0, 0.0, 0.0, 0.0, 0.0, 0.0, 0.0833, 0.2, 0.1111, 0.0, 0.0, 0.0, 0.25, 0.0, 0.0, 0.0, 0.0, 0.0, 0.0, 0.0, 0.0909, 0.0, 0.0, 0.0, 0.0, 0.0, 0.0, 0.2222, 0.0, 0.0, 0.0, 0.0, 0.0, 0.0, 0.0, 0.1111, 0.125, 0.0, 0.0, 0.0909, 0.0, 0.0, 0.0, 0.0, 0.0, 0.0, 0.125, 0.0, 1.0, 0.0, 0.0, 0.1, 0.0, 0.0, 0.0, 0.0, 0.8333, 0.1429, 0.0, 0.0, 0.0, 0.0, 0.0, 0.0, 0.0, 0.0, 0.0, 0.0, 0.0, 0.0, 0.0, 0.0, 0.0, 0.0, 0.1, 0.0, 0.0, 0.0, 0.0, 0.0, 0.0, 0.0, 0.0, 0.0, 0.0, 0.0, 0.0, 0.0, 0.0, 0.0, 0.0, 0.0, 0.0, 0.0, 0.0, 0.0, 0.0, 0.0, 0.1111, 0.0, 0.0, 0.0, 0.0, 0.0, 0.0, 0.0, 0.0, 0.0, 0.0, 0.0, 0.0, 0.0, 0.1, 0.125, 0.0, 0.0, 0.1667, 0.0, 0.0, 0.0, 0.1, 0.0, 0.0, 0.2, 0.0, 0.0, 0.0, 0.0, 0.375, 0.0, 0.1, 0.1, 0.0, 0.0, 0.0, 0.0, 0.0, 0.0, 0.0, 0.0, 0.0, 0.0, 0.0, 0.0, 0.0, 0.0, 0.0, 0.0, 0.0]",[]
broadcast,0.7,2,broadcast,0.026,0.026,0.026,1.0,0.026,-0.0,7,True,52,0,279,1669,0,"[0.0, 0.0185, 0.021, 0.0225, 0.0235, 0.025, 0.026, 0.026, 0.026, 0.026, 0.026, 0.026, 0.026, 0.026, 0.026, 0.026, 0.026, 0.026, 0.026, 0.026, 0.026, 0.026, 0.026, 0.026, 0.026, 0.026, 0.026, 0.026, 0.026, 0.026, 0.026, 0.026, 0.026, 0.026, 0.026, 0.026, 0.026, 0.026, 0.026, 0.026, 0.026, 0.026, 0.026, 0.026, 0.026, 0.026, 0.026, 0.026, 0.026, 0.026, 0.026, 0.026, 0.026, 0.026, 0.026, 0.026, 0.026, 0.026, 0.026, 0.026, 0.026, 0.026, 0.026, 0.026, 0.026, 0.026, 0.026, 0.026, 0.026, 0.026, 0.026, 0.026, 0.026, 0.026, 0.026, 0.026, 0.026, 0.026, 0.026, 0.026, 0.026, 0.026, 0.026, 0.026, 0.026, 0.026, 0.026, 0.026, 0.026, 0.026, 0.026, 0.026, 0.026, 0.026, 0.026, 0.026, 0.026, 0.026, 0.026, 0.026, 0.026]","{""0"": 0.0084, ""1"": 0.013, ""2"": 0.0231, ""3"": 0.0157, ""4"": 0.0394, ""5"": 0.0625, ""6"": 0.0159, ""7"": 0.0275}","[0.0, 0.0, 0.0, 0.0909, 0.0, 0.0, 0.0, 0.0, 0.1, 0.0, 0.0, 0.0, 0.1111, 0.0, 0.0, 0.1111, 0.125, 0.0, 0.0, 0.0, 0.0909, 0.0, 0.0, 0.0, 0.0, 0.0, 0.0, 0.0769, 0.1111, 0.0, 0.0, 0.0, 0.0, 0.0, 0.0, 0.0, 0.0, 0.1667, 0.125, 0.0, 0.0, 0.0, 0.0, 0.0, 0.0, 0.0, 1.0, 0.0, 0.1111, 0.0, 0.0, 0.0, 0.0, 0.0, 1.0, 0.0, 0.1429, 0.0, 0.0, 0.0, 0.0, 0.0, 0.0, 0.0, 0.0, 0.1429, 0.0, 0.0, 0.0, 0.0, 0.0, 0.0, 0.0, 0.0, 0.0, 0.0, 0.0, 0.0, 0.0, 0.0, 0.0, 0.0, 0.0, 0.0, 0.0, 0.0, 0.0, 0.0, 0.0, 0.0, 0.0, 0.0, 0.0, 0.0, 0.1111, 0.0, 0.0, 0.0, 0.0, 0.0, 0.0, 0.0, 0.0, 0.125, 0.0, 0.0, 0.0, 0.0, 0.0, 0.0, 0.0, 0.0, 0.1111, 0.0, 0.0, 0.0, 0.0, 0.0, 0.0, 0.0, 0.1111, 0.0, 0.0, 0.0, 0.0, 0.0, 0.0, 0.0, 0.0, 0.0, 0.0, 0.1, 0.0, 0.0, 0.0, 0.0, 0.0, 0.0, 0.2, 0.0, 0.0, 0.0, 0.0, 0.0, 0.0, 0.0, 0.0, 0.0, 0.0, 0.0, 0.0, 0.0, 0.0, 0.0, 0.0, 0.0, 0.0, 0.0, 0.0, 0.0, 0.0, 0.0, 0.0, 0.0, 0.1, 0.0, 0.0, 0.0, 0.0, 0.0, 0.0, 0.0, 0.0, 0.0, 0.0, 0.0, 0.0, 0.0, 0.0, 0.0, 0.0, 0.1111, 0.0, 0.0, 0.0, 0.0, 0.0, 0.0, 0.0, 0.2222, 0.0, 0.0909, 0.0, 0.0, 0.0, 0.0, 0.0, 0.0, 0.0, 0.1111, 0.0, 0.0, 0.0, 0.0, 0.0, 0.0, 0.0, 0.0, 0.125, 0.1429, 0.0, 0.0, 0.0, 0.2222, 0.0, 0.0, 0.0, 0.0, 0.0, 0.2308, 0.0, 0.2, 0.1, 0.0, 0.0, 0.0, 0.0, 0.0, 0.0, 0.2857, 0.0, 0.0, 0.0, 0.0, 0.1667, 0.0, 0.0, 0.0, 0.0769, 0.0, 0.0, 0.0, 0.125, 0.0, 0.0, 0.1, 0.0, 0.0, 0.0, 0.0]",[]
broadcast,0.7,3,broadcast,0.0195,0.0195,0.0195,1.0,0.0195,0.0,4,True,39,0,309,1652,0,"[0.0, 0.0175, 0.019, 0.0195, 0.0195, 0.0195, 0.0195, 0.0195, 0.0195, 0.0195, 0.0195, 0.0195, 0.0195, 0.0195, 0.0195, 0.0195, 0.0195, 0.0195, 0.0195, 0.0195, 0.0195, 0.0195, 0.0195, 0.0195, 0.0195, 0.0195, 0.0195, 0.0195, 0.0195, 0.0195, 0.0195, 0.0195, 0.0195, 0.0195, 0.0195, 0.0195, 0.0195, 0.0195, 0.0195, 0.0195, 0.0195, 0.0195, 0.0195, 0.0195, 0.0195, 0.0195, 0.0195, 0.0195, 0.0195, 0.0195, 0.0195, 0.0195, 0.0195, 0.0195, 0.0195, 0.0195, 0.0195, 0.0195, 0.0195, 0.0195, 0.0195, 0.0195, 0.0195, 0.0195, 0.0195, 0.0195, 0.0195, 0.0195, 0.0195, 0.0195, 0.0195, 0.0195, 0.0195, 0.0195, 0.0195, 0.0195, 0.0195, 0.0195, 0.0195, 0.0195, 0.0195, 0.0195, 0.0195, 0.0195, 0.0195, 0.0195, 0.0195, 0.0195, 0.0195, 0.0195, 0.0195, 0.0195, 0.0195, 0.0195, 0.0195, 0.0195, 0.0195, 0.0195, 0.0195, 0.0195, 0.0195]","{""0"": 0.038, ""1"": 0.0165, ""2"": 0.0199, ""3"": 0.0169, ""4"": 0.0224, ""5"": 0.0077, ""6"": 0.0189, ""7"": 0.0156}","[0.1111, 0.0, 0.0, 0.1429, 0.0, 0.0, 0.0, 0.0, 0.0, 0.0, 0.0, 0.0, 0.0, 0.0, 0.0, 0.0, 0.0, 0.0, 0.0, 0.0, 0.0, 0.125, 0.0, 0.0, 0.0, 0.1667, 0.125, 0.0, 0.0, 0.0, 0.0, 0.0, 0.1111, 0.0, 0.0, 0.125, 0.0, 0.0, 0.0, 0.0, 0.0, 0.0, 0.0, 0.0, 0.0, 0.0, 0.0, 0.0, 0.1111, 0.0, 0.125, 0.1429, 0.0, 0.1111, 0.0, 0.1667, 0.0, 0.0, 0.0, 0.0, 0.0, 0.0, 0.0, 0.0, 0.0, 0.0, 0.0, 0.0, 0.0, 0.25, 0.0, 0.1111, 0.0, 0.1111, 0.0, 0.0, 0.1429, 0.0, 0.0, 0.0, 0.0, 0.0, 0.0, 0.0, 0.0, 0.0, 0.0, 0.0, 0.0, 0.0, 0.1, 0.0, 0.0, 0.0, 0.0, 0.0, 0.0, 0.0, 0.0, 0.0, 0.0, 0.0, 0.0, 0.0769, 0.0, 0.0, 0.0909, 0.0, 0.0, 0.0, 0.0, 0.0, 0.0, 0.0, 0.0, 0.0, 0.0, 0.0, 0.0, 0.0, 0.0, 0.0, 0.0, 0.0, 0.0, 0.0, 0.0, 0.0, 0.0, 0.0, 0.0, 0.0, 0.0, 0.0, 0.0, 0.0, 0.0, 0.125, 0.0, 0.0, 0.0, 0.0, 0.0, 0.0, 0.0, 0.0, 0.0, 0.0, 0.0, 0.0, 0.0, 0.0, 0.0, 0.0, 0.0, 0.0909, 0.1667, 0.0, 0.0, 0.0, 0.0, 0.0, 0.0, 0.0, 0.0, 0.0, 0.0, 0.0, 0.0, 0.1667, 0.0, 0.0, 0.0, 0.1, 0.0, 0.0909, 0.0, 0.0, 0.0, 0.0, 0.0833, 0.0, 0.0, 0.0, 0.0, 0.0, 0.0, 0.0, 0.0, 0.0, 0.0, 0.0, 0.0, 0.0, 0.0, 0.0, 0.0, 0.0, 0.0909, 0.0, 0.0, 0.0, 0.0, 0.0, 0.0, 0.0, 0.0, 0.0, 0.0, 0.0, 0.0, 0.0, 0.0, 0.0, 0.0, 0.0, 0.0, 0.2, 0.0, 0.0, 0.0, 0.0, 0.0833, 0.0, 0.1111, 0.0, 0.0, 0.0, 0.2, 0.0, 0.0, 0.0, 0.0, 0.0, 0.0, 0.0, 0.0, 0.0, 0.0, 0.125, 0.125, 0.5, 0.0, 0.0, 0.0, 0.0833, 0.0, 0.0, 0.0, 0.1429]",[]
broadcast,0.7,4,broadcast,0.1115,0.1115,0.1115,1.0,0.1115,0.0,33,True,223,0,287,1490,0,"[0.0, 0.0225, 0.024, 0.026, 0.0275, 0.0285, 0.0305, 0.0345, 0.038, 0.0405, 0.0425, 0.046, 0.055, 0.064, 0.0705, 0.0765, 0.0815, 0.086, 0.0905, 0.0945, 0.0975, 0.0985, 0.101, 0.102, 0.1025, 0.1035, 0.1045, 0.105, 0.1055, 0.1065, 0.1085, 0.111, 0.1115, 0.1115, 0.1115, 0.1115, 0.1115, 0.1115, 0.1115, 0.1115, 0.1115, 0.1115, 0.1115, 0.1115, 0.1115, 0.1115, 0.1115, 0.1115, 0.1115, 0.1115, 0.1115, 0.1115, 0.1115, 0.1115, 0.1115, 0.1115, 0.1115, 0.1115, 0.1115, 0.1115, 0.1115, 0.1115, 0.1115, 0.1115, 0.1115, 0.1115, 0.1115, 0.1115, 0.1115, 0.1115, 0.1115, 0.1115, 0.1115, 0.1115, 0.1115, 0.1115, 0.1115, 0.1115, 0.1115, 0.1115, 0.1115, 0.1115, 0.1115, 0.1115, 0.1115, 0.1115, 0.1115, 0.1115, 0.1115, 0.1115, 0.1115, 0.1115, 0.1115, 0.1115, 0.1115, 0.1115, 0.1115, 0.1115, 0.1115, 0.1115, 0.1115]","{""0"": 0.0199, ""1"": 0.0256, ""2"": 0.0159, ""3"": 0.0303, ""4"": 0.012, ""5"": 0.0195, ""6"": 0.4032, ""7"": 0.3766}","[0.1111, 0.0, 0.0, 0.0, 0.0, 0.0769, 0.0, 1.0, 0.0, 0.0, 0.0, 0.0, 0.0, 0.0, 0.0, 0.9, 0.1111, 0.0, 0.0, 0.1667, 0.0, 0.0, 0.0, 1.0, 0.0, 0.0, 0.0, 0.0, 0.0, 0.0, 0.0, 0.7143, 0.0, 0.0, 0.0, 0.0, 0.0, 0.0, 0.0, 1.0, 0.0, 0.125, 0.1429, 0.0, 0.0, 0.0, 0.0, 0.5, 1.0, 0.0, 0.0, 0.0, 0.0, 0.0, 0.0, 0.0, 1.0, 0.0, 0.1667, 0.0, 0.0, 0.0, 0.0, 0.0, 0.8889, 0.0, 0.0, 0.0, 0.0, 0.0, 0.1667, 0.1111, 0.8889, 0.0, 0.0, 0.0, 0.1818, 0.0, 0.0, 0.0, 0.9, 0.1429, 0.0, 0.0, 0.0, 0.0, 0.0, 0.0, 0.7143, 0.0, 0.0, 0.0, 0.0, 0.0667, 0.0, 0.0, 1.0, 0.0, 0.0, 0.0, 0.0, 0.0, 0.0, 0.0, 0.9091, 0.125, 0.0, 0.0, 0.0, 0.0, 0.0, 0.1667, 1.0, 0.0, 0.0, 0.0, 0.0, 0.0, 0.0, 0.125, 0.7143, 0.0, 0.0, 0.1429, 0.0909, 0.0, 0.0, 0.0, 0.8333, 0.0, 0.0, 0.0, 0.0, 0.0, 0.0, 0.1667, 0.7143, 0.0, 0.0, 0.0, 0.0, 0.0, 0.0, 0.0, 0.1429, 0.0, 0.0, 0.0, 0.0, 0.0, 0.0, 0.0, 0.1429, 0.0, 0.1429, 0.0769, 0.0, 0.0, 0.3, 0.0, 0.0, 0.0, 0.0, 0.0, 0.1429, 0.0, 0.0, 0.0, 0.0, 0.0, 0.0, 0.0, 0.0, 0.0, 0.0, 0.0, 0.0, 0.1111, 0.0, 0.1667, 0.4, 0.0, 0.0, 0.75, 0.0, 0.0, 0.0, 0.0, 0.0, 0.125, 0.0, 0.6, 0.0, 0.0909, 0.0, 0.0, 0.0, 0.0, 0.0, 1.0, 0.0, 0.0, 0.0, 0.0, 0.0, 0.0, 0.0, 0.7143, 0.0, 0.0, 0.0, 0.0, 0.0, 0.0, 0.0, 0.9167, 0.0, 0.0, 0.0, 0.0, 0.0, 0.0, 0.0, 1.0, 0.0, 0.0, 0.1111, 0.0, 0.0909, 0.0, 0.0, 1.0, 0.0, 0.0, 0.0, 0.0, 0.0625, 0.0, 0.0, 0.875, 0.0, 0.0, 0.0909, 0.0, 0.0, 0.0, 0.1667, 1.0, 0.0, 0.0]",[]
broadcast,0.7,5,broadcast,0.029,0.029,0.029,1.0,0.029,-0.0,8,True,58,0,290,1652,0,"[0.0, 0.021, 0.0225, 0.0235, 0.025, 0.027, 0.0285, 0.029, 0.029, 0.029, 0.029, 0.029, 0.029, 0.029, 0.029, 0.029, 0.029, 0.029, 0.029, 0.029, 0.029, 0.029, 0.029, 0.029, 0.029, 0.029, 0.029, 0.029, 0.029, 0.029, 0.029, 0.029, 0.029, 0.029, 0.029, 0.029, 0.029, 0.029, 0.029, 0.029, 0.029, 0.029, 0.029, 0.029, 0.029, 0.029, 0.029, 0.029, 0.029, 0.029, 0.029, 0.029, 0.029, 0.029, 0.029, 0.029, 0.029, 0.029, 0.029, 0.029, 0.029, 0.029, 0.029, 0.029, 0.029, 0.029, 0.029, 0.029, 0.029, 0.029, 0.029, 0.029, 0.029, 0.029, 0.029, 0.029, 0.029, 0.029, 0.029, 0.029, 0.029, 0.029, 0.029, 0.029, 0.029, 0.029, 0.029, 0.029, 0.029, 0.029, 0.029, 0.029, 0.029, 0.029, 0.029, 0.029, 0.029, 0.029, 0.029, 0.029, 0.029]","{""0"": 0.0705, ""1"": 0.0126, ""2"": 0.0221, ""3"": 0.0165, ""4"": 0.0271, ""5"": 0.0352, ""6"": 0.0287, ""7"": 0.0202}","[0.0, 0.0, 0.0, 0.0, 0.0, 0.2, 0.0, 0.0, 0.0, 0.0, 0.0, 0.0, 0.0, 0.0, 0.0, 0.1667, 0.0, 0.0, 0.0, 0.0, 0.0, 0.0, 0.0, 0.1667, 0.0, 0.0, 0.0, 0.0, 0.0, 0.0, 0.0, 0.0, 0.0, 0.0, 0.1667, 0.0, 0.0, 0.3333, 0.0, 0.0, 0.0, 0.0, 0.0769, 0.0, 0.0, 0.0, 0.0, 0.125, 0.0, 0.0, 0.0, 0.0, 0.1667, 0.0, 0.1, 0.0, 0.0, 0.0, 0.0, 0.1, 0.0, 0.0, 0.2, 0.0, 0.0, 0.0, 0.1, 0.0, 0.0, 0.0, 0.1111, 0.0, 0.0769, 0.0, 0.0, 0.0, 0.0, 0.0, 0.0, 0.2, 0.0, 0.0, 0.0, 0.0, 0.0833, 0.1111, 0.0, 0.0, 0.0, 0.0, 0.0, 0.0, 0.0, 0.0, 0.0, 0.0, 0.0, 0.0, 0.0, 0.0, 0.0, 0.0, 0.0, 0.0, 0.0833, 0.0, 0.0, 0.0, 0.0, 0.0, 0.2, 0.0, 0.0, 0.1667, 0.0, 0.0, 0.0, 0.0, 0.0, 0.0, 0.1111, 0.4, 0.0, 0.0, 0.0769, 0.1, 0.0, 0.0, 0.1667, 0.0, 0.0, 0.0, 0.0, 0.0, 0.0, 0.1111, 0.0, 1.0, 0.0, 0.0, 0.0, 0.0, 0.0, 0.0, 0.0, 1.0, 0.0, 0.0, 0.0, 0.1, 0.0769, 0.0, 0.0, 0.0, 0.0, 0.1667, 0.0, 0.125, 0.0, 0.1, 0.0, 0.0, 0.0, 0.0, 0.0, 0.0, 0.0, 0.0, 0.0, 0.0, 0.0, 0.0, 0.0, 0.0, 0.1111, 0.0, 0.0, 0.0, 0.0, 0.1, 0.0, 0.0, 0.1667, 0.0, 0.0, 0.0, 0.0, 0.0, 0.0, 0.0, 0.1429, 0.0, 0.0, 0.0, 0.0, 0.25, 0.0, 0.0, 0.0, 0.0, 0.0, 0.0, 0.0, 0.0714, 0.0, 0.0, 0.0, 0.0, 0.0, 0.0, 0.0, 0.0, 0.0, 0.0, 0.0, 0.0, 0.0, 0.0, 0.0, 0.0, 0.0, 0.0, 0.0, 0.0, 0.0, 0.0, 0.0, 0.0, 0.0, 0.0, 0.0, 0.0, 0.0, 0.0, 0.0, 0.0, 0.0, 0.0, 0.125, 0.1111, 0.0, 0.0, 0.0, 0.0, 0.1429, 0.0, 0.0, 0.0, 0.2, 0.0]",[]
broadcast,0.7,6,broadcast,0.018,0.018,0.018,1.0,0.018,0.0,3,True,36,0,293,1671,0,"[0.0, 0.017, 0.018, 0.018, 0.018, 0.018, 0.018, 0.018, 0.018, 0.018, 0.018, 0.018, 0.018, 0.018, 0.018, 0.018, 0.018, 0.018, 0.018, 0.018, 0.018, 0.018, 0.018, 0.018, 0.018, 0.018, 0.018, 0.018, 0.018, 0.018, 0.018, 0.018, 0.018, 0.018, 0.018, 0.018, 0.018, 0.018, 0.018, 0.018, 0.018, 0.018, 0.018, 0.018, 0.018, 0.018, 0.018, 0.018, 0.018, 0.018, 0.018, 0.018, 0.018, 0.018, 0.018, 0.018, 0.018, 0.018, 0.018, 0.018, 0.018, 0.018, 0.018, 0.018, 0.018, 0.018, 0.018, 0.018, 0.018, 0.018, 0.018, 0.018, 0.018, 0.018, 0.018, 0.018, 0.018, 0.018, 0.018, 0.018, 0.018, 0.018, 0.018, 0.018, 0.018, 0.018, 0.018, 0.018, 0.018, 0.018, 0.018, 0.018, 0.018, 0.018, 0.018, 0.018, 0.018, 0.018, 0.018, 0.018, 0.018]","{""0"": 0.0196, ""1"": 0.021, ""2"": 0.0164, ""3"": 0.0228, ""4"": 0.017, ""5"": 0.0195, ""6"": 0.0154, ""7"": 0.0121}","[0.0, 0.0, 0.0, 0.0, 0.0, 0.0, 0.0, 0.0, 0.0, 0.0, 0.0, 0.1, 0.0, 0.0, 0.0, 0.0, 0.0, 0.0, 0.0, 0.0, 0.0, 0.0, 0.0, 0.1, 0.0, 0.0, 0.0, 0.0, 0.0, 0.0, 0.0, 0.0, 0.0, 0.0, 0.0, 0.0, 0.0, 0.0, 0.1429, 0.0, 0.2222, 0.0, 0.0, 0.1667, 0.0, 0.0, 0.0, 0.0, 0.0, 0.0, 0.0, 0.0, 0.0, 0.0, 0.0, 0.0, 0.0, 0.0, 0.0, 0.0, 0.0, 0.0, 0.1111, 0.0, 0.0, 0.0, 0.0, 0.0, 0.0, 0.0, 0.0, 0.0, 0.0, 0.0, 0.0, 0.0, 0.0, 0.0, 0.0, 0.0, 0.0, 0.0, 0.0, 0.0, 0.375, 0.1429, 0.0, 0.0, 0.0, 0.2, 0.0, 0.1111, 0.0, 0.0, 0.0, 0.0, 0.0, 0.1429, 0.0, 0.0, 0.1, 0.0, 0.0, 0.0, 0.0, 0.0, 0.0, 0.0, 0.1111, 0.1111, 0.0, 0.0, 0.0, 0.0, 0.25, 0.0, 0.0, 0.0, 0.0, 0.0, 0.0, 0.0, 0.0, 0.0, 0.1, 0.0, 0.0, 0.0, 0.0, 0.0, 0.0, 0.0, 0.0, 0.0, 0.0, 0.0, 0.0, 0.0909, 0.2, 0.0, 0.0, 0.0, 0.1667, 0.0, 0.0, 0.0, 0.2, 0.0, 0.0, 0.0, 0.1111, 0.0, 0.0, 0.0, 0.0, 0.0, 0.0, 0.0, 0.0, 0.0, 0.0, 0.0, 0.1667, 0.0, 0.0, 0.0, 0.0, 0.1667, 0.0, 0.1, 0.0, 0.0, 0.0, 0.0, 0.0, 0.0, 0.0, 0.0, 0.0, 0.0, 0.0, 0.0, 0.2, 0.0, 0.0, 0.1, 0.0, 0.0, 0.0, 0.0, 0.0, 0.0, 0.0, 0.0, 0.0, 0.0, 0.0, 0.0, 0.0, 0.0, 0.0, 0.0, 0.0, 0.1429, 0.0, 0.0, 0.0, 0.1111, 0.0, 0.0, 0.0, 0.0, 0.0, 0.0, 0.0, 0.1111, 0.0, 0.0, 0.0, 0.0, 0.0, 0.0, 0.0, 0.0, 0.0, 0.0, 0.0, 0.0, 0.0, 0.0, 0.0, 0.0, 0.0, 0.0, 0.0, 0.0, 0.0, 0.0, 0.0, 0.0, 0.2, 0.0, 0.0, 0.0, 0.0, 0.2222, 0.0, 0.0, 0.0, 0.0]",[]
broadcast,0.7,7,broadcast,0.0495,0.0495,0.0495,1.0,0.0495,0.0,13,True,99,0,308,1593,0,"[0.0, 0.025, 0.0275, 0.0285, 0.03, 0.032, 0.034, 0.036, 0.0385, 0.0425, 0.047, 0.049, 0.0495, 0.0495, 0.0495, 0.0495, 0.0495, 0.0495, 0.0495, 0.0495, 0.0495, 0.0495, 0.0495, 0.0495, 0.0495, 0.0495, 0.0495, 0.0495, 0.0495, 0.0495, 0.0495, 0.0495, 0.0495, 0.0495, 0.0495, 0.0495, 0.0495, 0.0495, 0.0495, 0.0495, 0.0495, 0.0495, 0.0495, 0.0495, 0.0495, 0.0495, 0.0495, 0.0495, 0.0495, 0.0495, 0.0495, 0.0495, 0.0495, 0.0495, 0.0495, 0.0495, 0.0495, 0.0495, 0.0495, 0.0495, 0.0495, 0.0495, 0.0495, 0.0495, 0.0495, 0.0495, 0.0495, 0.0495, 0.0495, 0.0495, 0.0495, 0.0495, 0.0495, 0.0495, 0.0495, 0.0495, 0.0495, 0.0495, 0.0495, 0.0495, 0.0495, 0.0495, 0.0495, 0.0495, 0.0495, 0.0495, 0.0495, 0.0495, 0.0495, 0.0495, 0.0495, 0.0495, 0.0495, 0.0495, 0.0495, 0.0495, 0.0495, 0.0495, 0.0495, 0.0495, 0.0495]","{""0"": 0.022, ""1"": 0.0237, ""2"": 0.0157, ""3"": 0.0209, ""4"": 0.0285, ""5"": 0.0379, ""6"": 0.1378, ""7"": 0.1034}","[0.0, 0.1111, 0.1429, 0.0, 0.0, 0.0, 0.0, 0.0, 0.0, 0.0, 0.2, 0.0, 0.0, 0.0, 0.0, 0.0, 0.0, 0.0, 0.0, 0.0, 0.0, 0.0, 0.0, 0.1111, 0.1, 0.0, 0.125, 0.0909, 0.0, 0.0, 0.0, 0.0, 0.0, 0.0, 0.0, 0.0, 0.0, 0.0, 0.0, 0.0, 0.1429, 0.0, 0.0, 0.0, 0.0, 0.0, 0.0, 0.0, 0.1111, 0.0, 0.0, 0.0, 0.0, 0.0, 0.0, 0.0, 0.0, 0.0, 0.0, 0.0, 0.0, 0.0, 0.1, 0.0833, 0.125, 0.0, 0.0, 0.0, 0.1429, 0.4, 0.125, 0.0, 0.9, 0.1111, 0.0, 0.0, 0.0, 0.0, 0.0, 0.0, 1.0, 0.0, 0.0, 0.0, 0.0, 0.0, 0.0, 0.0, 0.4444, 0.1429, 0.1429, 0.0, 0.1111, 0.125, 0.0, 0.125, 0.5, 0.0, 0.0, 0.0833, 0.0, 0.0, 0.1111, 0.7857, 0.0, 0.0, 0.0, 0.0, 0.0, 0.0, 0.0, 0.8889, 0.0, 0.0, 0.0, 0.0, 0.1429, 0.0, 0.0, 1.0, 0.0, 0.0, 0.0, 0.0, 0.0, 0.0, 0.0, 1.0, 0.0, 0.0, 0.0, 0.1667, 0.1667, 0.0, 0.1667, 0.0, 0.125, 0.0, 0.0, 0.1, 0.0, 0.0, 0.0, 0.1667, 0.0, 0.0, 0.0, 0.0, 0.0, 0.0, 0.0, 0.0, 0.0, 0.0, 0.0, 0.0, 0.0, 0.0, 0.0, 0.0, 0.0, 0.0, 0.0, 0.0, 0.0, 0.0, 0.0833, 0.0, 0.1429, 0.0, 0.125, 0.0, 0.0, 0.1429, 0.2222, 0.0, 0.0, 0.0, 0.0909, 0.0, 0.0, 0.0, 0.1429, 0.1429, 0.0, 0.0, 0.0, 0.0, 0.0, 0.0, 0.0, 0.0, 0.0, 0.1429, 0.0, 0.0, 0.0, 0.0, 0.2, 0.0, 0.0, 0.0, 0.0, 0.0, 0.0, 0.0833, 0.0, 0.0, 0.0, 0.0, 0.0, 0.0, 0.0, 0.1, 0.0, 0.0, 0.0, 0.0, 0.0, 0.0, 0.0, 0.0, 0.0, 0.0, 0.0, 0.1, 0.0, 0.0, 0.0, 0.0, 0.0, 0.0, 0.0, 0.0, 0.0, 0.0, 0.1667, 0.1, 0.0, 0.0, 0.0, 0.0, 0.0, 0.0, 0.0, 0.0, 0.2, 0.0, 0.0, 0.0]",[]
broadcast,0.7,8,broadcast,0.096,0.096,0.096,1.0,0.096,0.0,47,True,192,0,315,1493,0,"[0.0, 0.0195, 0.0235, 0.026, 0.028, 0.03, 0.0335, 0.037, 0.039, 0.0415, 0.044, 0.0495, 0.0535, 0.056, 0.0575, 0.059, 0.06, 0.0615, 0.0625, 0.064, 0.066, 0.067, 0.068, 0.07, 0.071, 0.0725, 0.075, 0.0765, 0.078, 0.0805, 0.082, 0.0835, 0.084, 0.0845, 0.085, 0.0855, 0.086, 0.0875, 0.089, 0.0905, 0.0915, 0.093, 0.094, 0.0945, 0.095, 0.0955, 0.096, 0.096, 0.096, 0.096, 0.096, 0.096, 0.096, 0.096, 0.096, 0.096, 0.096, 0.096, 0.096, 0.096, 0.096, 0.096, 0.096, 0.096, 0.096, 0.096, 0.096, 0.096, 0.096, 0.096, 0.096, 0.096, 0.096, 0.096, 0.096, 0.096, 0.096, 0.096, 0.096, 0.096, 0.096, 0.096, 0.096, 0.096, 0.096, 0.096, 0.096, 0.096, 0.096, 0.096, 0.096, 0.096, 0.096, 0.096, 0.096, 0.096, 0.096, 0.096, 0.096, 0.096, 0.096]","{""0"": 0.0195, ""1"": 0.0076, ""2"": 0.0171, ""3"": 0.0286, ""4"": 0.5702, ""5"": 0.0692, ""6"": 0.0444, ""7"": 0.0278}","[0.1111, 0.0, 0.0, 0.0, 0.0, 0.0, 0.0, 0.0, 0.0, 0.0, 0.0, 0.125, 0.0, 0.1667, 0.0, 0.0, 0.0, 0.0, 0.0, 0.0, 0.0, 1.0, 0.5, 0.0, 0.0, 0.1429, 0.0, 0.0, 0.0, 0.8571, 0.0, 0.0, 0.0, 0.0, 0.0, 0.125, 0.0, 0.8, 0.0, 0.0, 0.0, 0.0909, 0.0, 0.0, 0.0, 0.9091, 0.0, 0.0, 0.0, 0.0, 0.0, 0.0, 0.0, 0.75, 0.0, 0.0, 0.0, 0.0, 0.0, 0.0, 0.0, 1.0, 0.0, 0.0, 0.0, 0.0, 0.0, 0.0, 0.0, 1.0, 0.1111, 0.0, 0.0, 0.0, 0.0, 0.125, 0.0833, 0.8333, 0.0, 0.0, 0.0, 0.0833, 0.0, 0.0, 0.0, 0.9091, 0.0, 0.0, 0.1429, 0.0, 0.0, 0.0, 0.1667, 0.8571, 0.0, 0.0, 0.0, 0.0, 0.0, 0.0, 0.0, 0.8333, 0.0, 0.1111, 0.0, 0.0, 0.0, 0.0, 0.0909, 1.0, 0.5714, 0.0, 0.0, 0.0, 0.0, 0.1429, 0.0, 1.0, 0.7778, 0.0, 0.0, 0.0, 0.0, 0.0, 0.0, 1.0, 0.2857, 0.0, 0.0, 0.0, 0.1, 0.0, 0.0, 0.875, 0.0, 0.0, 0.0, 0.0, 0.0, 0.0, 0.0, 0.7778, 0.0, 0.0, 0.0, 0.0, 0.0909, 0.0, 0.0, 0.8333, 0.0, 0.4, 0.0, 0.0, 0.0, 0.0, 0.5714, 0.875, 0.0, 0.625, 0.0, 0.0, 0.0, 0.0, 0.0, 0.8889, 0.0, 0.0, 0.0, 0.0, 0.0, 0.0, 0.0, 0.5, 0.0, 0.0, 0.0714, 0.1667, 0.0, 0.0, 0.0, 0.5556, 0.0, 0.0, 0.0, 0.0, 0.0, 0.0, 0.0, 0.0, 0.0, 0.0, 0.0, 0.0, 0.0, 0.0, 0.0, 0.1429, 0.0, 0.0, 0.5714, 0.0, 0.0, 0.0, 0.0, 0.0, 0.0, 0.0, 0.0, 0.1667, 0.0, 0.0, 0.0, 0.0, 0.2, 0.0769, 0.0, 0.0, 0.0, 0.0, 0.0, 0.1, 0.0, 0.1429, 0.0, 0.0, 0.0, 0.0, 0.0, 0.0, 0.0, 0.1429, 0.0, 0.0, 0.0, 0.0, 0.0, 0.0, 0.0, 0.0, 0.0, 0.0, 0.0, 0.0, 0.0, 0.0, 0.0, 0.0, 0.1111, 0.0]",[]
broadcast,0.7,9,broadcast,0.0355,0.0355,0.0355,1.0,0.0355,0.0,9,True,71,0,306,1623,0,"[0.0, 0.022, 0.0245, 0.0255, 0.027, 0.0305, 0.033, 0.034, 0.0355, 0.0355, 0.0355, 0.0355, 0.0355, 0.0355, 0.0355, 0.0355, 0.0355, 0.0355, 0.0355, 0.0355, 0.0355, 0.0355, 0.0355, 0.0355, 0.0355, 0.0355, 0.0355, 0.0355, 0.0355, 0.0355, 0.0355, 0.0355, 0.0355, 0.0355, 0.0355, 0.0355, 0.0355, 0.0355, 0.0355, 0.0355, 0.0355, 0.0355, 0.0355, 0.0355, 0.0355, 0.0355, 0.0355, 0.0355, 0.0355, 0.0355, 0.0355, 0.0355, 0.0355, 0.0355, 0.0355, 0.0355, 0.0355, 0.0355, 0.0355, 0.0355, 0.0355, 0.0355, 0.0355, 0.0355, 0.0355, 0.0355, 0.0355, 0.0355, 0.0355, 0.0355, 0.0355, 0.0355, 0.0355, 0.0355, 0.0355, 0.0355, 0.0355, 0.0355, 0.0355, 0.0355, 0.0355, 0.0355, 0.0355, 0.0355, 0.0355, 0.0355, 0.0355, 0.0355, 0.0355, 0.0355, 0.0355, 0.0355, 0.0355, 0.0355, 0.0355, 0.0355, 0.0355, 0.0355, 0.0355, 0.0355, 0.0355]","{""0"": 0.0123, ""1"": 0.0407, ""2"": 0.0154, ""3"": 0.0248, ""4"": 0.126, ""5"": 0.0238, ""6"": 0.0181, ""7"": 0.0215}","[0.1111, 0.0, 0.0, 0.0, 0.0, 0.0, 0.1818, 0.0, 0.0, 0.0, 0.0, 0.125, 0.1429, 0.0, 0.0, 0.0769, 0.0, 0.0, 0.0, 0.0, 0.0, 0.0, 0.0, 0.3333, 0.0, 0.0, 0.0, 0.0, 0.0, 0.0, 0.0, 0.0, 0.0, 0.0, 0.0, 0.0, 0.0, 0.8333, 0.0, 0.0, 0.0, 0.0, 0.0, 0.0, 0.0, 0.75, 0.0, 0.0, 0.0, 0.0, 0.0, 0.0, 0.0, 0.875, 0.1111, 0.0, 0.0, 0.0, 0.1, 0.0, 0.0, 0.8333, 0.0, 0.0, 0.0, 0.0, 0.0, 0.0, 0.2857, 0.0, 0.1667, 0.0, 0.0, 0.0, 0.25, 0.5, 0.0, 0.0, 0.0, 0.0, 0.0, 0.0, 0.2, 0.0, 0.1, 0.0, 0.0, 0.0, 0.0, 0.0, 0.0, 0.0, 0.0, 0.0, 0.0, 0.0, 0.0, 0.0, 0.0, 0.0, 0.0, 0.0, 0.0, 0.0, 0.1667, 0.0, 0.0, 0.0, 0.0, 0.0, 0.0, 0.0, 0.0, 0.0, 0.0, 0.0, 0.0, 0.0, 0.0, 0.0, 0.0, 0.0, 0.0, 0.0, 0.2, 0.0, 0.0, 0.0, 0.1667, 0.0, 0.125, 0.0, 0.0, 0.0, 0.0, 0.0, 0.0, 0.2, 0.125, 0.0, 0.0, 0.0, 0.0, 0.0, 0.0, 0.0, 0.0, 0.0, 0.0, 0.0, 0.0, 0.0667, 0.0, 0.0, 0.0, 0.0, 0.0, 0.0, 0.0, 0.0909, 0.0, 0.0, 0.0, 0.0, 0.0, 0.0, 0.0, 0.0, 0.0, 0.0, 0.0, 0.0, 0.0, 0.0, 0.0, 0.0, 0.0769, 0.0769, 0.0, 0.0, 0.0, 0.0, 0.0, 0.0, 0.0, 0.125, 0.125, 0.0, 0.1, 0.1111, 0.2, 0.0, 0.0, 0.0, 0.1429, 0.0, 0.0, 0.1111, 0.0, 0.0, 0.1429, 0.0, 0.1818, 0.0833, 0.0, 0.0, 0.0, 0.0, 0.0, 0.0, 0.0, 0.0, 0.0, 0.0909, 0.0, 0.0, 0.0, 0.0, 0.0, 0.0, 0.0, 0.0, 0.0, 0.0, 0.0, 0.0, 0.125, 0.0, 0.0, 0.0, 0.0, 0.0, 0.1, 0.0, 0.0, 0.0, 0.0, 0.0, 0.1429, 0.0, 0.0, 0.0, 0.0, 0.0, 0.0, 0.0, 0.0, 0.0, 0.0, 0.0]",[]
broadcast,0.7,10,broadcast,0.053,0.053,0.053,1.0,0.053,-0.0,14,True,106,0,322,1572,0,"[0.0, 0.025, 0.029, 0.031, 0.033, 0.0365, 0.04, 0.0435, 0.047, 0.049, 0.05, 0.051, 0.052, 0.053, 0.053, 0.053, 0.053, 0.053, 0.053, 0.053, 0.053, 0.053, 0.053, 0.053, 0.053, 0.053, 0.053, 0.053, 0.053, 0.053, 0.053, 0.053, 0.053, 0.053, 0.053, 0.053, 0.053, 0.053, 0.053, 0.053, 0.053, 0.053, 0.053, 0.053, 0.053, 0.053, 0.053, 0.053, 0.053, 0.053, 0.053, 0.053, 0.053, 0.053, 0.053, 0.053, 0.053, 0.053, 0.053, 0.053, 0.053, 0.053, 0.053, 0.053, 0.053, 0.053, 0.053, 0.053, 0.053, 0.053, 0.053, 0.053, 0.053, 0.053, 0.053, 0.053, 0.053, 0.053, 0.053, 0.053, 0.053, 0.053, 0.053, 0.053, 0.053, 0.053, 0.053, 0.053, 0.053, 0.053, 0.053, 0.053, 0.053, 0.053, 0.053, 0.053, 0.053, 0.053, 0.053, 0.053, 0.053]","{""0"": 0.1612, ""1"": 0.0333, ""2"": 0.0205, ""3"": 0.0201, ""4"": 0.0352, ""5"": 0.072, ""6"": 0.023, ""7"": 0.0623}","[0.0, 0.0, 0.0, 0.1111, 0.0, 0.0, 0.3333, 0.0, 0.2857, 0.7143, 0.0, 0.0, 0.0, 0.0, 0.0, 0.0, 0.8333, 0.7143, 0.0, 0.0, 0.0, 0.1, 0.0, 0.0, 0.0, 1.0, 0.0, 0.0, 0.1667, 0.0, 0.0, 0.125, 0.0, 1.0, 0.1667, 0.0, 0.0, 0.0, 0.0, 0.0, 0.0, 0.9, 0.0, 0.0, 0.0, 0.0, 0.1111, 0.0, 0.0, 0.6, 0.0, 0.0, 0.1, 0.0, 0.0, 0.0, 0.0769, 0.0, 0.0, 0.0, 0.0, 0.0, 0.0, 0.0, 0.0, 0.0, 0.0909, 0.125, 0.0, 0.0, 0.0, 0.0, 0.0, 0.0, 0.0, 0.0, 0.0, 0.1667, 0.0, 0.0, 0.0, 0.0, 0.0, 0.0, 0.0, 0.1111, 0.0, 0.0, 0.0, 0.0, 0.0, 0.0, 0.0, 0.0, 0.0, 0.0, 0.125, 0.0, 0.0, 0.0, 0.0, 0.0, 0.0, 0.1429, 0.1538, 0.1429, 0.0, 0.0, 0.2, 0.3333, 0.0, 0.25, 0.0, 0.0, 0.0, 0.0, 0.0, 0.0, 0.0, 0.0, 0.0, 0.0, 0.0, 0.0, 0.0, 0.0, 0.0, 0.0, 0.0, 0.0, 0.0, 0.0, 0.0, 0.0, 0.1429, 0.0, 0.0, 0.0, 0.0, 0.125, 0.0, 0.0, 0.0, 0.0, 0.125, 0.0, 0.0, 0.1429, 0.0, 0.1667, 0.0, 0.0, 0.125, 0.0, 0.0909, 0.1667, 0.0, 0.0909, 0.2857, 0.0, 0.0, 0.0, 0.2222, 0.0, 0.1, 0.0, 0.0, 0.1, 0.0, 0.0, 0.0, 0.0, 0.0, 0.0, 0.0, 0.0, 0.0, 0.0, 0.0, 0.0, 0.0, 0.0, 0.0, 0.0, 0.1429, 0.0, 0.0, 0.0, 0.0, 0.0, 0.0, 0.0, 0.0, 0.0, 0.0, 0.0, 0.0, 0.0, 0.0, 0.0, 0.0, 0.0, 0.2857, 0.0, 0.0, 0.0, 0.0, 0.0, 0.0, 0.0, 0.0, 0.0, 0.0, 0.0, 0.0, 0.0, 0.0, 0.0, 0.0, 0.0, 0.0, 0.0, 0.0, 0.0, 0.0, 0.0, 0.125, 0.0, 0.1429, 0.0, 0.2222, 0.0, 0.125, 0.0, 0.0, 0.0, 0.0, 0.1667, 0.8, 0.0, 0.0, 0.0, 0.0, 0.0, 0.0, 0.0, 0.75, 0.0, 0.1111, 0.0]",[]
broadcast,0.7,11,broadcast,0.026,0.026,0.026,1.0,0.026,-0.0,8,True,52,0,298,1650,0,"[0.0, 0.0165, 0.018, 0.019, 0.02, 0.0215, 0.0245, 0.026, 0.026, 0.026, 0.026, 0.026, 0.026, 0.026, 0.026, 0.026, 0.026, 0.026, 0.026, 0.026, 0.026, 0.026, 0.026, 0.026, 0.026, 0.026, 0.026, 0.026, 0.026, 0.026, 0.026, 0.026, 0.026, 0.026, 0.026, 0.026, 0.026, 0.026, 0.026, 0.026, 0.026, 0.026, 0.026, 0.026, 0.026, 0.026, 0.026, 0.026, 0.026, 0.026, 0.026, 0.026, 0.026, 0.026, 0.026, 0.026, 0.026, 0.026, 0.026, 0.026, 0.026, 0.026, 0.026, 0.026, 0.026, 0.026, 0.026, 0.026, 0.026, 0.026, 0.026, 0.026, 0.026, 0.026, 0.026, 0.026, 0.026, 0.026, 0.026, 0.026, 0.026, 0.026, 0.026, 0.026, 0.026, 0.026, 0.026, 0.026, 0.026, 0.026, 0.026, 0.026, 0.026, 0.026, 0.026, 0.026, 0.026, 0.026, 0.026, 0.026, 0.026]","{""0"": 0.0074, ""1"": 0.0206, ""2"": 0.0159, ""3"": 0.0117, ""4"": 0.0233, ""5"": 0.0165, ""6"": 0.0889, ""7"": 0.0315}","[0.0, 0.0, 0.0, 0.0, 0.0, 0.0, 0.0, 0.0, 0.0, 0.0, 0.0, 0.0, 0.0, 0.125, 0.0, 0.0, 0.0, 0.0, 0.0, 0.0, 0.0, 0.0, 0.0, 0.0, 0.0, 0.0, 0.0, 0.0, 0.125, 0.0, 0.0, 0.0, 0.0, 0.0, 0.0, 0.0, 0.0, 0.0, 0.0, 0.0, 0.0, 0.0, 0.0, 0.0, 0.0, 0.0, 0.0, 0.1429, 0.0, 0.0, 0.0909, 0.1429, 0.0, 0.0, 0.0, 0.0, 0.0, 0.0, 0.0, 0.0, 0.0, 0.1667, 0.0, 0.0, 0.0, 0.0, 0.0, 0.0, 0.0, 0.0, 0.0, 0.0, 0.0, 0.0, 0.0, 0.0, 0.0, 0.0, 0.0, 0.0, 0.0, 0.0, 0.0, 0.0, 0.0, 0.0, 0.0, 0.0, 0.0, 0.0, 0.0, 0.0, 0.0, 0.0, 0.0, 0.25, 0.0, 0.1, 0.0, 0.0, 0.0, 0.125, 0.0, 0.0, 0.0, 0.0, 0.0, 0.0, 0.0, 0.0, 0.0, 0.0, 0.0, 0.0, 0.0, 0.0, 0.0, 0.0, 0.0, 0.0, 0.1, 0.0, 0.0, 0.1111, 0.0, 0.0, 0.0, 0.0, 0.4444, 0.0, 0.25, 0.0, 0.1111, 0.1429, 0.0, 0.0, 0.0, 0.0, 0.0, 0.0, 0.0, 0.0, 0.125, 0.0, 0.0, 0.0, 0.0, 0.125, 0.0, 0.0, 0.0, 0.0, 0.0, 0.0, 0.0, 0.0, 0.125, 0.0, 0.0, 0.0, 0.0, 0.1111, 0.0, 0.0, 0.0, 0.0, 0.0, 0.0, 0.1667, 0.0, 0.0, 0.0, 0.0, 0.0, 0.125, 0.0, 0.0, 0.0, 0.0, 0.0, 0.0, 0.0, 0.0, 0.0, 0.0, 0.0, 0.0, 0.0, 0.0, 0.0, 0.0, 0.0, 0.0, 0.0, 0.2857, 0.0, 0.0, 0.0, 0.0, 0.1111, 0.1429, 0.0, 0.0, 0.0, 0.0, 0.0, 0.0, 0.4, 0.0, 0.0, 0.0, 0.0, 0.0, 0.0, 0.0833, 1.0, 0.0, 0.0, 0.0, 0.0, 0.0, 0.0, 0.125, 1.0, 0.1111, 0.0, 0.0, 0.0, 0.0, 0.0, 0.0, 0.0, 0.0, 0.0, 0.0, 0.1429, 0.0, 0.1667, 0.0, 0.0, 0.0, 0.0, 0.0, 0.0, 0.0, 0.1111, 0.0, 0.0, 0.0, 0.0]",[]
broadcast,0.8,0,broadcast,0.017,0.017,0.017,1.0,0.017,-0.0,3,True,34,0,273,1693,0,"[0.0, 0.0165, 0.017, 0.017, 0.017, 0.017, 0.017, 0.017, 0.017, 0.017, 0.017, 0.017, 0.017, 0.017, 0.017, 0.017, 0.017, 0.017, 0.017, 0.017, 0.017, 0.017, 0.017, 0.017, 0.017, 0.017, 0.017, 0.017, 0.017, 0.017, 0.017, 0.017, 0.017, 0.017, 0.017, 0.017, 0.017, 0.017, 0.017, 0.017, 0.017, 0.017, 0.017, 0.017, 0.017, 0.017, 0.017, 0.017, 0.017, 0.017, 0.017, 0.017, 0.017, 0.017, 0.017, 0.017, 0.017, 0.017, 0.017, 0.017, 0.017, 0.017, 0.017, 0.017, 0.017, 0.017, 0.017, 0.017, 0.017, 0.017, 0.017, 0.017, 0.017, 0.017, 0.017, 0.017, 0.017, 0.017, 0.017, 0.017, 0.017, 0.017, 0.017, 0.017, 0.017, 0.017, 0.017, 0.017, 0.017, 0.017, 0.017, 0.017, 0.017, 0.017, 0.017, 0.017, 0.017, 0.017, 0.017, 0.017, 0.017]","{""0"": 0.0076, ""1"": 0.0123, ""2"": 0.0331, ""3"": 0.025, ""4"": 0.0039, ""5"": 0.0081, ""6"": 0.016, ""7"": 0.0309}","[0.0, 0.0, 0.0, 0.0, 0.125, 0.0, 0.0, 0.0, 0.0, 0.0, 0.0, 0.0, 0.0, 0.0, 0.0, 0.0, 0.0, 0.125, 0.1, 0.0, 0.0, 0.0, 0.0, 0.0, 0.0, 0.0, 0.1111, 0.0, 0.0, 0.0, 0.0, 0.0, 0.0, 0.0, 0.0, 0.0, 0.0, 0.0, 0.0, 0.0, 0.0, 0.0, 0.0, 0.0, 0.1111, 0.0, 0.0, 0.0, 0.0, 0.0, 0.0, 0.0, 0.1429, 0.0, 0.0, 0.0, 0.0769, 0.125, 0.0, 0.0, 0.0, 0.0, 0.0, 0.0, 0.0, 0.0, 0.0, 0.0, 0.0, 0.0, 0.0, 0.0, 0.1429, 0.0, 0.0, 0.125, 0.0, 0.0, 0.0, 0.0909, 0.0, 0.0, 0.0, 0.0, 0.0, 0.0, 0.0, 0.0, 0.0, 0.0, 0.0, 0.0, 0.2, 0.0, 0.0, 0.0, 0.0, 0.0, 0.0, 0.1111, 0.0, 0.0, 0.0, 0.0, 0.0, 0.0, 0.0833, 0.0833, 0.0, 0.0, 0.0, 0.0, 0.0, 0.0, 0.0, 0.0, 0.0, 0.0, 0.0, 0.1, 0.0, 0.0, 0.0, 0.0, 0.1, 0.0, 0.0, 0.0, 0.0, 0.0, 0.0, 0.0, 0.0, 0.0, 0.0, 0.0, 0.0, 0.0, 0.0, 0.0, 0.0, 0.0, 0.0, 0.0, 0.0, 0.0, 0.0, 0.0, 0.0, 0.0, 0.0, 0.0, 0.0769, 0.0, 0.0, 0.0, 0.0, 0.0, 0.0, 0.0, 0.0, 0.0, 0.0, 0.1, 0.0, 0.0, 0.0, 0.1429, 0.0, 0.0, 0.0, 0.2, 0.0, 0.0, 0.0, 0.0, 0.0, 0.0, 0.0, 0.1, 0.0, 0.0, 0.0, 0.1, 0.0909, 0.0, 0.0, 0.1667, 0.0, 0.0, 0.0, 0.0, 0.0, 0.0, 0.0, 0.0, 0.0, 0.0, 0.0, 0.0, 0.0, 0.0, 0.0, 0.1667, 0.0, 0.0, 0.0, 0.0, 0.1, 0.0, 0.0, 0.0, 0.0, 0.0, 0.0, 0.0, 0.0, 0.0, 0.0, 0.0, 0.0, 0.0, 0.0, 0.0, 0.2727, 0.0, 0.0, 0.0, 0.0, 0.0, 0.125, 0.0, 0.0, 0.0, 0.0, 0.0, 0.1, 0.0, 0.1, 0.0, 0.0, 0.0, 0.0, 0.0, 0.0, 0.1111, 0.0, 0.0, 0.0, 0.0]",[]
broadcast,0.8,1,broadcast,0.0915,0.0915,0.0915,1.0,0.0915,0.0,34,True,183,0,329,1488,0,"[0.0, 0.028, 0.0315, 0.0335, 0.036, 0.039, 0.043, 0.0465, 0.049, 0.051, 0.0525, 0.0545, 0.0575, 0.06, 0.062, 0.0635, 0.065, 0.066, 0.067, 0.0685, 0.0695, 0.0705, 0.0715, 0.074, 0.078, 0.0825, 0.0845, 0.086, 0.0875, 0.088, 0.089, 0.09, 0.091, 0.0915, 0.0915, 0.0915, 0.0915, 0.0915, 0.0915, 0.0915, 0.0915, 0.0915, 0.0915, 0.0915, 0.0915, 0.0915, 0.0915, 0.0915, 0.0915, 0.0915, 0.0915, 0.0915, 0.0915, 0.0915, 0.0915, 0.0915, 0.0915, 0.0915, 0.0915, 0.0915, 0.0915, 0.0915, 0.0915, 0.0915, 0.0915, 0.0915, 0.0915, 0.0915, 0.0915, 0.0915, 0.0915, 0.0915, 0.0915, 0.0915, 0.0915, 0.0915, 0.0915, 0.0915, 0.0915, 0.0915, 0.0915, 0.0915, 0.0915, 0.0915, 0.0915, 0.0915, 0.0915, 0.0915, 0.0915, 0.0915, 0.0915, 0.0915, 0.0915, 0.0915, 0.0915, 0.0915, 0.0915, 0.0915, 0.0915, 0.0915, 0.0915]","{""0"": 0.4291, ""1"": 0.0163, ""2"": 0.0863, ""3"": 0.0234, ""4"": 0.0531, ""5"": 0.0081, ""6"": 0.0324, ""7"": 0.0445}","[0.0, 0.2222, 0.0, 0.0, 0.0, 0.0, 0.0, 0.0, 0.0, 0.4545, 0.0, 0.0, 0.0, 0.0, 0.0, 0.0, 0.0, 0.875, 0.0, 0.0, 0.0, 0.0, 0.0, 0.0, 0.0, 0.9, 0.0, 0.0, 0.0, 0.1, 0.0, 0.0, 0.0, 0.7143, 0.0, 0.1667, 0.0, 0.25, 0.0, 0.0769, 0.0, 0.6, 0.1111, 0.0, 0.0, 0.1429, 0.0, 0.0, 0.1429, 0.8889, 0.0, 0.0, 0.0, 0.0, 0.0, 0.0, 0.1111, 0.7143, 0.125, 0.0, 0.0, 0.0, 0.0, 0.0, 0.0909, 0.7692, 0.1111, 0.1667, 0.0, 0.0, 0.0, 0.0, 0.0, 1.0, 0.0, 0.1429, 0.1111, 0.0, 0.0, 0.0, 0.0, 1.0, 0.0, 0.0, 0.1, 0.0, 0.0, 0.0, 0.125, 1.0, 0.0, 0.0, 0.0, 0.0, 0.0, 0.0, 0.0, 0.7778, 0.0, 0.0, 0.0, 0.1, 0.25, 0.25, 0.0, 1.0, 0.0, 0.0, 0.0, 0.0, 0.0, 0.0, 0.0, 1.0, 0.0, 0.0, 0.0, 0.0, 0.0, 0.0, 0.125, 1.0, 0.0, 0.0909, 0.0, 0.0, 0.0, 0.0, 0.0, 0.75, 0.0, 0.0, 0.0, 0.0, 0.0, 0.0, 0.0, 0.6667, 0.0, 0.0, 0.1, 0.125, 0.0, 0.0, 0.0, 0.1667, 0.0, 0.8333, 0.0, 0.0, 0.0, 0.0, 0.0, 0.0, 0.0, 1.0, 0.0, 0.0, 0.0, 0.0909, 0.0, 0.0, 0.1, 0.125, 0.0, 0.0, 0.0, 0.0, 0.0, 0.0, 0.0, 0.0, 0.0, 0.1429, 0.0, 0.0, 0.0, 0.0, 0.0, 0.0, 0.1111, 0.2, 0.0, 0.0, 0.0833, 0.0, 0.0, 0.0, 0.0, 0.1667, 0.0, 0.125, 0.0, 0.125, 0.0, 0.0, 0.0, 0.0833, 0.0, 0.2, 0.3333, 0.0, 0.0, 0.1429, 0.25, 0.0, 0.0, 0.0, 0.1429, 0.125, 0.0, 0.0, 0.0, 0.1818, 0.0, 0.0, 0.0, 0.375, 0.0, 0.0, 0.0909, 0.0, 0.0, 0.0, 0.3333, 0.125, 0.0, 0.1429, 0.0, 0.0, 0.0, 0.0, 0.0, 0.0, 0.0, 0.0, 0.0, 0.0, 0.0, 0.25, 0.0, 0.0, 0.0, 0.0, 0.0, 0.0, 0.0, 0.0, 0.0, 0.0]",[]
broadcast,0.8,2,broadcast,0.159,0.159,0.159,1.0,0.159,0.0,43,True,318,0,275,1407,0,"[0.0, 0.025, 0.03, 0.034, 0.0395, 0.0455, 0.052, 0.0585, 0.063, 0.067, 0.0695, 0.0725, 0.077, 0.08, 0.084, 0.09, 0.0935, 0.0945, 0.095, 0.0965, 0.097, 0.098, 0.0995, 0.102, 0.108, 0.113, 0.117, 0.121, 0.1255, 0.129, 0.1325, 0.1365, 0.1385, 0.14, 0.141, 0.1425, 0.144, 0.146, 0.1485, 0.152, 0.1535, 0.158, 0.159, 0.159, 0.159, 0.159, 0.159, 0.159, 0.159, 0.159, 0.159, 0.159, 0.159, 0.159, 0.159, 0.159, 0.159, 0.159, 0.159, 0.159, 0.159, 0.159, 0.159, 0.159, 0.159, 0.159, 0.159, 0.159, 0.159, 0.159, 0.159, 0.159, 0.159, 0.159, 0.159, 0.159, 0.159, 0.159, 0.159, 0.159, 0.159, 0.159, 0.159, 0.159, 0.159, 0.159, 0.159, 0.159, 0.159, 0.159, 0.159, 0.159, 0.159, 0.159, 0.159, 0.159, 0.159, 0.159, 0.159, 0.159, 0.159]","{""0"": 0.0373, ""1"": 0.2328, ""2"": 0.5057, ""3"": 0.017, ""4"": 0.2085, ""5"": 0.03, ""6"": 0.2017, ""7"": 0.0189}","[0.4444, 0.0, 0.0, 0.8571, 0.0, 0.8, 0.0, 0.8889, 0.0, 0.0, 0.0, 1.0, 0.0, 1.0, 0.0, 0.0, 0.125, 0.0, 0.0, 1.0, 0.25, 0.75, 0.0, 0.0, 0.0, 0.1111, 0.0, 0.9, 0.0, 0.5, 0.0, 0.1111, 0.0, 0.0, 0.0, 0.8, 0.0, 0.0, 0.0, 0.1111, 0.0, 0.0, 0.8571, 0.75, 0.0, 0.0, 0.0, 0.0, 0.0, 0.0, 1.0, 0.8333, 0.0, 0.0, 0.0, 0.0, 0.0, 0.0, 1.0, 0.7857, 0.0, 0.0, 0.0, 0.0, 0.0, 0.1, 0.7, 1.0, 0.0, 0.0, 0.125, 0.1667, 0.0, 0.0909, 1.0, 0.875, 0.0, 0.0, 0.3, 0.4, 0.0, 0.1111, 0.9, 0.7143, 0.0, 0.0, 0.0, 0.0, 0.1429, 0.1111, 0.6, 0.8889, 0.0, 0.0, 0.0, 0.0, 0.0, 0.0, 0.0, 1.0, 0.0, 0.0, 0.0, 0.375, 0.0, 0.0, 0.0, 0.7778, 0.0, 0.0, 0.0, 0.0, 0.1667, 0.0, 0.0, 0.0, 0.0, 0.0909, 0.0, 0.0, 0.0, 0.0, 0.0, 0.0, 0.0, 0.0, 0.0, 0.0, 0.0, 0.0, 0.5714, 0.0, 0.1, 0.0, 0.2, 0.0, 0.0, 0.0, 0.0, 0.2, 0.0, 0.1429, 0.0, 0.0, 0.0, 0.0, 0.0, 0.0, 0.0, 0.0, 0.0, 0.0, 0.0, 0.0, 0.2, 0.0, 0.0, 0.0, 0.0, 0.0, 0.0, 0.0833, 0.0, 0.2, 0.0, 0.0, 0.0, 0.0, 0.0, 0.0, 0.0, 0.0, 0.0, 0.0, 0.0, 0.0, 0.1111, 0.0, 0.0, 0.0, 0.1, 0.0, 0.0, 0.0, 0.0, 0.0, 0.0, 0.0, 0.0, 0.0, 0.0, 0.0, 0.0, 0.0, 0.0, 0.1, 0.0, 0.0, 0.2, 0.0, 0.2, 0.0, 0.0, 0.0, 0.0, 0.0, 0.0, 0.0, 0.0, 0.0, 0.0, 0.0, 0.0909, 0.3333, 0.0, 0.0, 0.0, 0.0, 0.0, 0.8571, 0.0, 1.0, 0.0, 0.8, 0.0, 0.0, 0.0, 0.8182, 0.0, 0.875, 0.0, 0.9231, 0.0, 0.0, 0.0, 0.8889, 0.0, 1.0, 0.0, 1.0, 0.0, 0.0, 0.1, 0.8571, 0.0, 0.875, 0.0, 0.75, 0.0, 0.8]",[]
broadcast,0.8,3,broadcast,0.086,0.086,0.086,1.0,0.086,0.0,25,True,172,0,289,1539,0,"[0.0, 0.02, 0.0225, 0.0255, 0.0295, 0.034, 0.0415, 0.048, 0.0525, 0.057, 0.0605, 0.0645, 0.067, 0.069, 0.0705, 0.073, 0.074, 0.075, 0.076, 0.078, 0.0805, 0.082, 0.083, 0.0855, 0.086, 0.086, 0.086, 0.086, 0.086, 0.086, 0.086, 0.086, 0.086, 0.086, 0.086, 0.086, 0.086, 0.086, 0.086, 0.086, 0.086, 0.086, 0.086, 0.086, 0.086, 0.086, 0.086, 0.086, 0.086, 0.086, 0.086, 0.086, 0.086, 0.086, 0.086, 0.086, 0.086, 0.086, 0.086, 0.086, 0.086, 0.086, 0.086, 0.086, 0.086, 0.086, 0.086, 0.086, 0.086, 0.086, 0.086, 0.086, 0.086, 0.086, 0.086, 0.086, 0.086, 0.086, 0.086, 0.086, 0.086, 0.086, 0.086, 0.086, 0.086, 0.086, 0.086, 0.086, 0.086, 0.086, 0.086, 0.086, 0.086, 0.086, 0.086, 0.086, 0.086, 0.086, 0.086, 0.086, 0.086]","{""0"": 0.0332, ""1"": 0.0202, ""2"": 0.3258, ""3"": 0.0117, ""4"": 0.1299, ""5"": 0.0156, ""6"": 0.1364, ""7"": 0.0116}","[0.0, 0.1667, 0.0, 0.0, 0.2, 1.0, 0.0, 0.0, 0.0, 0.0, 0.0, 0.0, 0.0, 0.2, 0.0, 0.0, 0.0, 0.0, 0.0, 0.0, 0.0, 0.0, 0.0, 0.0, 0.0, 0.0, 0.0, 0.0, 0.0909, 0.0, 0.0, 0.0, 0.0769, 0.0, 0.0, 0.25, 0.0, 0.0833, 0.0, 0.0, 0.0, 0.0, 0.0, 0.0, 0.0, 0.0, 0.3333, 0.0, 0.0, 0.1111, 0.0, 0.0, 0.0, 0.0, 0.1, 0.0, 0.0, 0.0, 0.0, 0.1667, 0.0, 0.0, 0.0, 0.0, 0.0, 0.2, 0.0, 0.0, 0.0, 0.0, 0.0, 0.0, 0.0, 0.4, 0.0909, 0.0, 0.0, 0.0, 0.0, 0.0, 0.0, 0.0, 0.0, 0.0, 0.0, 0.0, 0.0, 0.0, 0.1667, 0.0, 0.0, 0.0, 0.0, 0.0, 0.0, 0.1667, 0.0, 0.0, 0.0, 0.1111, 0.1429, 0.0, 0.0, 0.0, 0.0, 0.0, 0.0, 0.0, 0.0, 0.0, 0.0, 0.0, 0.0, 0.0, 0.0, 0.0, 0.0, 0.0, 0.0, 0.7143, 0.0, 0.0, 0.0, 0.125, 0.0, 0.0667, 0.0, 1.0, 0.0, 0.0, 0.0, 0.0833, 0.0, 0.0, 0.1, 1.0, 0.0, 0.0, 0.0, 0.0909, 0.0, 0.0, 0.0, 0.75, 0.0, 0.0, 0.1667, 0.8, 0.0, 0.0, 0.0, 0.8571, 0.0, 0.0, 0.1111, 1.0, 0.0, 0.0, 0.0, 0.0, 0.0, 0.0, 0.0, 1.0, 0.0, 0.0, 0.0, 0.0, 0.0, 0.0, 0.0, 1.0, 0.0, 0.0, 0.0909, 0.0, 0.0, 0.0, 0.0, 0.7692, 0.0, 0.0, 0.0, 0.0, 0.0, 0.0, 0.0, 0.7778, 0.0, 0.0, 0.0, 0.1111, 0.0, 0.1667, 0.0, 0.875, 0.0, 0.125, 0.0, 0.0, 0.0, 0.0, 0.0, 1.0, 0.0, 0.0, 0.0, 0.0, 0.0, 0.0, 0.0, 0.9167, 0.0, 0.0, 0.0, 0.125, 0.0769, 0.0, 0.0, 0.0, 0.0, 0.125, 0.0, 0.0, 0.0, 0.0, 0.1429, 0.0, 0.0, 0.8333, 0.0, 0.0, 0.0, 0.0, 0.0, 0.1111, 0.0, 1.0, 0.0, 0.0, 0.0, 0.0, 0.0, 0.0, 0.0, 0.875, 0.0, 0.0, 0.0, 0.1111]",[]
broadcast,0.8,4,broadcast,0.0525,0.0525,0.0525,1.0,0.0525,-0.0,19,True,105,0,282,1613,0,"[0.0, 0.02, 0.0225, 0.026, 0.03, 0.034, 0.0355, 0.038, 0.0395, 0.041, 0.0415, 0.0425, 0.0435, 0.0445, 0.0455, 0.0465, 0.048, 0.0505, 0.0525, 0.0525, 0.0525, 0.0525, 0.0525, 0.0525, 0.0525, 0.0525, 0.0525, 0.0525, 0.0525, 0.0525, 0.0525, 0.0525, 0.0525, 0.0525, 0.0525, 0.0525, 0.0525, 0.0525, 0.0525, 0.0525, 0.0525, 0.0525, 0.0525, 0.0525, 0.0525, 0.0525, 0.0525, 0.0525, 0.0525, 0.0525, 0.0525, 0.0525, 0.0525, 0.0525, 0.0525, 0.0525, 0.0525, 0.0525, 0.0525, 0.0525, 0.0525, 0.0525, 0.0525, 0.0525, 0.0525, 0.0525, 0.0525, 0.0525, 0.0525, 0.0525, 0.0525, 0.0525, 0.0525, 0.0525, 0.0525, 0.0525, 0.0525, 0.0525, 0.0525, 0.0525, 0.0525, 0.0525, 0.0525, 0.0525, 0.0525, 0.0525, 0.0525, 0.0525, 0.0525, 0.0525, 0.0525, 0.0525, 0.0525, 0.0525, 0.0525, 0.0525, 0.0525, 0.0525, 0.0525, 0.0525, 0.0525]","{""0"": 0.0113, ""1"": 0.0444, ""2"": 0.023, ""3"": 0.0164, ""4"": 0.2481, ""5"": 0.0128, ""6"": 0.046, ""7"": 0.012}","[0.0, 0.0, 0.0, 0.0, 0.0, 0.0, 0.0, 0.0, 0.0, 0.0, 0.0, 0.0, 0.0, 0.0714, 0.0, 0.0, 0.0, 0.0, 0.0, 0.0, 0.0, 0.0, 0.0, 0.0, 0.0, 0.0, 0.0, 0.0, 0.0, 0.0833, 0.0, 0.0, 0.0, 0.0, 0.0, 0.0, 0.0, 0.0, 0.0, 0.0, 0.1429, 0.0, 0.0, 0.0, 0.0, 0.0, 0.0, 0.0, 0.0, 0.0, 0.0, 0.1667, 0.0, 0.0, 0.0, 0.1111, 0.1, 0.0, 0.0, 0.0, 0.0, 0.0, 0.0, 0.0, 0.0, 0.0, 0.0, 0.0, 0.0, 0.0, 0.0, 0.0, 0.0, 0.0, 0.0, 0.125, 0.0, 0.0, 0.125, 0.0, 0.0, 0.1667, 0.0, 0.0, 0.0, 0.0, 0.0, 0.0, 0.0, 0.0, 0.0, 0.0, 0.0, 0.0, 0.1429, 0.125, 0.0, 0.0, 0.0, 0.0, 0.0, 0.0, 0.0, 0.1111, 0.0, 0.0, 1.0, 0.0, 0.0, 0.1111, 0.0, 0.0, 0.0, 0.0, 0.125, 0.0, 0.0, 0.0, 0.0, 0.0, 0.0, 0.0, 0.0, 0.0, 0.0, 0.0, 0.0, 0.0, 0.0, 0.0, 0.2, 0.0, 0.0, 0.125, 0.0, 0.0, 0.0, 0.0, 0.0, 0.0, 0.0, 0.0, 0.0, 0.0, 0.0, 0.0, 0.125, 0.0, 0.1667, 0.0, 0.0, 0.0, 0.0, 0.0, 0.0, 0.0, 0.0, 0.1429, 0.0, 0.0, 0.0, 0.0, 0.0, 0.0, 0.0833, 0.0, 0.0, 0.0, 0.0, 0.0, 0.0, 0.0, 0.0833, 0.0, 0.0, 0.0, 0.0, 0.0, 0.0, 0.0, 0.0, 0.8333, 0.0, 0.0, 0.0, 0.0, 0.0, 0.0, 0.0, 1.0, 0.0, 0.7, 0.0, 0.0, 0.0, 0.1667, 0.0, 1.0, 0.0, 0.0833, 0.0, 0.0, 0.0, 0.0, 0.0, 0.875, 0.0, 0.0, 0.0, 0.1429, 0.0, 0.0909, 0.0, 1.0, 0.0, 0.1, 0.0, 0.0, 0.0, 0.0, 0.0, 0.75, 0.1, 0.0, 0.0, 0.0, 0.0, 0.0, 0.1111, 0.7778, 0.0, 0.0, 0.0, 0.0, 0.0, 0.0909, 0.0, 1.0, 0.0, 0.0, 0.0, 0.0, 0.0, 0.0, 0.0, 0.0, 0.0, 0.0, 0.1429, 0.1]",[]
broadcast,0.8,5,broadcast,0.0705,0.0705,0.0705,1.0,0.0705,0.0,13,True,141,0,313,1546,0,"[0.0, 0.0245, 0.0285, 0.031, 0.034, 0.037, 0.0415, 0.0445, 0.048, 0.054, 0.061, 0.0665, 0.0705, 0.0705, 0.0705, 0.0705, 0.0705, 0.0705, 0.0705, 0.0705, 0.0705, 0.0705, 0.0705, 0.0705, 0.0705, 0.0705, 0.0705, 0.0705, 0.0705, 0.0705, 0.0705, 0.0705, 0.0705, 0.0705, 0.0705, 0.0705, 0.0705, 0.0705, 0.0705, 0.0705, 0.0705, 0.0705, 0.0705, 0.0705, 0.0705, 0.0705, 0.0705, 0.0705, 0.0705, 0.0705, 0.0705, 0.0705, 0.0705, 0.0705, 0.0705, 0.0705, 0.0705, 0.0705, 0.0705, 0.0705, 0.0705, 0.0705, 0.0705, 0.0705, 0.0705, 0.0705, 0.0705, 0.0705, 0.0705, 0.0705, 0.0705, 0.0705, 0.0705, 0.0705, 0.0705, 0.0705, 0.0705, 0.0705, 0.0705, 0.0705, 0.0705, 0.0705, 0.0705, 0.0705, 0.0705, 0.0705, 0.0705, 0.0705, 0.0705, 0.0705, 0.0705, 0.0705, 0.0705, 0.0705, 0.0705, 0.0705, 0.0705, 0.0705, 0.0705, 0.0705, 0.0705]","{""0"": 0.0128, ""1"": 0.2033, ""2"": 0.0547, ""3"": 0.2097, ""4"": 0.046, ""5"": 0.0121, ""6"": 0.0123, ""7"": 0.0153}","[0.0, 0.0, 0.0, 0.0, 1.0, 0.0, 0.0, 0.0, 0.0, 0.0, 0.0, 0.0, 1.0, 0.2222, 0.0, 0.0, 0.0, 0.0, 0.0, 0.0, 0.6, 0.6667, 0.0, 0.0, 0.25, 0.0, 0.2222, 0.0, 0.0, 0.25, 0.0, 0.1429, 0.0, 0.0, 0.0, 0.0909, 0.0, 0.1, 0.0, 0.0, 0.0, 0.125, 0.0, 0.1429, 0.0, 0.0, 0.0, 0.0, 0.0, 0.0, 0.0, 0.2, 0.0, 0.25, 0.0, 0.0, 0.0, 0.0, 0.0, 0.1429, 0.0, 0.0, 0.0, 0.0, 0.0, 0.0, 0.125, 0.0, 0.0, 0.0, 0.0, 0.0, 0.0, 0.0, 0.0, 0.0, 0.0, 0.0, 0.0, 0.0, 0.0, 0.0, 0.125, 0.1, 0.0, 0.0, 0.0, 0.0, 0.0, 0.0, 0.0, 0.1, 0.0, 0.0, 0.1, 0.0, 0.0, 0.125, 0.0, 0.125, 0.0, 0.0, 0.125, 0.0, 0.0, 0.0, 0.0, 0.0, 0.0, 0.0, 0.0, 0.0, 0.0, 0.0, 0.0, 0.0, 0.0, 0.0, 0.0, 0.0, 0.1429, 0.0, 0.0, 0.0, 0.0, 0.0, 0.0, 0.0909, 0.0, 0.0, 0.0714, 0.0, 0.0, 0.0, 0.0, 0.0, 0.0, 0.0, 1.0, 0.1111, 0.0, 0.0, 0.0, 0.0, 0.0, 0.0, 1.0, 0.4444, 0.25, 0.0909, 0.0, 0.0, 0.0, 0.0, 0.8333, 0.0, 0.0, 0.1429, 0.125, 0.0, 0.0, 0.0, 1.0, 0.0, 0.0, 0.0, 0.0, 0.0, 0.0, 0.0, 1.0, 0.0, 0.0, 0.0, 0.0, 0.0, 0.0, 0.0, 1.0, 0.0, 0.0, 0.0, 0.0, 0.0, 0.0, 0.0, 0.2222, 0.1, 0.0, 0.1111, 0.0, 0.1111, 0.0, 0.0, 0.0909, 0.0, 0.1, 0.0, 0.0, 0.0, 0.0, 0.125, 0.0, 0.0, 0.0, 0.0, 0.0, 0.0, 0.125, 0.0, 0.0, 0.0, 1.0, 0.0, 0.0, 0.0, 0.0, 0.0, 0.0, 0.1111, 1.0, 0.0, 0.0, 0.0, 0.0, 0.0, 0.0, 0.0, 0.6, 0.0, 0.0, 0.0, 0.0, 0.0, 0.0, 0.0, 0.8571, 0.0, 0.0, 0.0, 0.0, 0.0, 0.0, 0.0, 0.875, 0.0, 0.0, 0.0, 0.0, 0.0]",[]
broadcast,0.8,6,broadcast,0.023,0.023,0.023,1.0,0.023,0.0,4,True,46,0,292,1662,0,"[0.0, 0.021, 0.0225, 0.023, 0.023, 0.023, 0.023, 0.023, 0.023, 0.023, 0.023, 0.023, 0.023, 0.023, 0.023, 0.023, 0.023, 0.023, 0.023, 0.023, 0.023, 0.023, 0.023, 0.023, 0.023, 0.023, 0.023, 0.023, 0.023, 0.023, 0.023, 0.023, 0.023, 0.023, 0.023, 0.023, 0.023, 0.023, 0.023, 0.023, 0.023, 0.023, 0.023, 0.023, 0.023, 0.023, 0.023, 0.023, 0.023, 0.023, 0.023, 0.023, 0.023, 0.023, 0.023, 0.023, 0.023, 0.023, 0.023, 0.023, 0.023, 0.023, 0.023, 0.023, 0.023, 0.023, 0.023, 0.023, 0.023, 0.023, 0.023, 0.023, 0.023, 0.023, 0.023, 0.023, 0.023, 0.023, 0.023, 0.023, 0.023, 0.023, 0.023, 0.023, 0.023, 0.023, 0.023, 0.023, 0.023, 0.023, 0.023, 0.023, 0.023, 0.023, 0.023, 0.023, 0.023, 0.023, 0.023, 0.023, 0.023]","{""0"": 0.0153, ""1"": 0.0327, ""2"": 0.0285, ""3"": 0.0494, ""4"": 0.0174, ""5"": 0.0195, ""6"": 0.0161, ""7"": 0.004}","[0.0, 0.0, 0.1538, 0.0, 0.375, 0.0, 0.0, 0.0, 0.0, 0.0769, 0.0, 0.1429, 0.0, 0.0, 0.125, 0.0, 0.0, 0.0, 0.0, 0.0, 0.0, 0.0, 0.2, 0.125, 0.0, 0.0, 0.2857, 0.0, 0.0, 0.1, 0.0, 0.0, 0.0, 0.0, 0.0, 0.0, 0.0, 0.0, 0.0, 0.0, 0.0, 0.0, 0.0, 0.1429, 0.0, 0.0, 0.0, 0.0, 0.0, 0.125, 0.0, 0.0, 0.0, 0.0, 0.0, 0.0, 0.1111, 0.0, 0.0, 0.0, 0.0, 0.0, 0.0, 0.0, 0.0, 0.0, 0.0, 0.0, 0.0, 0.1, 0.0, 0.0, 0.0, 0.0, 0.0, 0.1111, 0.0, 0.0, 0.0, 0.0, 0.0, 0.0, 0.1429, 0.0, 0.0, 0.0714, 0.1, 0.0, 0.0, 0.0, 0.0, 0.0, 0.0, 0.0, 0.0, 0.0, 0.0, 0.1111, 0.0, 0.0, 0.0, 0.0, 0.0, 0.0, 0.0, 0.0, 0.0, 0.0, 0.1111, 0.0, 0.0, 0.0, 0.0, 0.0, 0.0, 0.0, 0.1, 0.1111, 0.0, 0.2, 0.0, 0.0, 0.0, 0.1, 0.0, 0.0, 0.0, 0.0, 0.0, 0.0, 0.0, 0.0, 0.0, 0.0, 0.0, 0.1111, 0.0, 0.0, 0.0, 0.0, 0.0909, 0.0, 0.0, 0.0, 0.0, 0.0, 0.0, 0.0, 0.1429, 0.0, 0.0, 0.0, 0.0, 0.0, 0.1667, 0.0, 0.1111, 0.0, 0.0, 0.0, 0.0, 0.1429, 0.0, 0.0, 0.0, 0.0, 0.1429, 0.0, 0.0, 0.0, 0.0, 0.0, 0.0, 0.0, 0.0, 0.0, 0.0, 0.0, 0.0, 0.0, 0.0, 0.0, 0.0, 0.0, 0.0, 0.0, 0.0, 0.0, 0.0909, 0.0, 0.0, 0.0, 0.0, 0.0, 0.0, 0.0, 0.0, 0.0, 0.0, 0.0, 0.0, 0.0, 0.125, 0.0, 0.0, 0.0, 0.0, 0.0, 0.0, 0.0, 0.0, 0.0, 0.125, 0.0, 0.0, 0.0, 0.0, 0.0, 0.0, 0.0, 0.0, 0.0, 0.0, 0.0, 0.0, 0.0, 0.125, 0.0909, 0.1667, 0.0, 0.0, 0.1667, 0.0, 0.0, 0.0, 0.2222, 0.0, 0.0, 0.0, 0.0, 0.0, 0.0, 0.0, 0.0, 0.2222, 0.0, 0.0667, 0.0, 0.0, 0.0]",[]
broadcast,0.8,7,broadcast,0.018,0.018,0.018,1.0,0.018,0.0,3,True,36,0,271,1693,0,"[0.0, 0.0175, 0.018, 0.018, 0.018, 0.018, 0.018, 0.018, 0.018, 0.018, 0.018, 0.018, 0.018, 0.018, 0.018, 0.018, 0.018, 0.018, 0.018, 0.018, 0.018, 0.018, 0.018, 0.018, 0.018, 0.018, 0.018, 0.018, 0.018, 0.018, 0.018, 0.018, 0.018, 0.018, 0.018, 0.018, 0.018, 0.018, 0.018, 0.018, 0.018, 0.018, 0.018, 0.018, 0.018, 0.018, 0.018, 0.018, 0.018, 0.018, 0.018, 0.018, 0.018, 0.018, 0.018, 0.018, 0.018, 0.018, 0.018, 0.018, 0.018, 0.018, 0.018, 0.018, 0.018, 0.018, 0.018, 0.018, 0.018, 0.018, 0.018, 0.018, 0.018, 0.018, 0.018, 0.018, 0.018, 0.018, 0.018, 0.018, 0.018, 0.018, 0.018, 0.018, 0.018, 0.018, 0.018, 0.018, 0.018, 0.018, 0.018, 0.018, 0.018, 0.018, 0.018, 0.018, 0.018, 0.018, 0.018, 0.018, 0.018]","{""0"": 0.0123, ""1"": 0.0039, ""2"": 0.0207, ""3"": 0.0243, ""4"": 0.0194, ""5"": 0.013, ""6"": 0.0236, ""7"": 0.026}","[0.0, 0.0, 0.0, 0.0, 0.0, 0.0, 0.0, 0.0, 0.0, 0.0, 0.0, 0.0, 0.0, 0.0, 0.3333, 0.0, 0.0, 0.0, 0.0, 0.1667, 0.0, 0.0, 0.0, 0.0, 0.0, 0.125, 0.0, 0.0, 0.0, 0.0, 0.0, 0.0909, 0.0, 0.0, 0.0, 0.0, 0.0, 0.0, 0.0, 0.0, 0.0, 0.0, 0.0, 0.0, 0.0, 0.0, 0.0, 0.0, 0.0, 0.0, 0.0, 0.0, 0.0, 0.0, 0.0588, 0.0, 0.0, 0.0, 0.0, 0.0, 0.0, 0.0, 0.0, 0.0, 0.0, 0.0, 0.0, 0.0, 0.0, 0.0, 0.0, 0.0, 0.0, 0.0, 0.0, 0.0, 0.0, 0.0, 0.0, 0.0, 0.0, 0.0, 0.0, 0.0, 0.0, 0.0, 0.0, 0.0, 0.0, 0.0, 0.0, 0.0, 0.1111, 0.0, 0.0, 0.0, 0.0, 0.0, 0.0, 0.1667, 0.0833, 0.0, 0.0, 0.125, 0.0714, 0.0, 0.0, 0.0, 0.0, 0.1, 0.0, 0.0, 0.0, 0.0, 0.1, 0.0, 0.1429, 0.0, 0.0, 0.0, 0.3333, 0.0, 0.0, 0.125, 0.0, 0.0, 0.0, 0.0, 0.0, 0.0, 0.0, 0.0, 0.0, 0.0, 0.0, 0.1429, 0.0, 0.0, 0.0, 0.0, 0.0, 0.0, 0.0, 0.125, 0.0, 0.0, 0.0, 0.0, 0.0, 0.0, 0.0909, 0.0, 0.0, 0.0, 0.0, 0.0, 0.0, 0.0, 0.0, 0.0, 0.0, 0.0, 0.0, 0.0, 0.1111, 0.0769, 0.0, 0.0, 0.1818, 0.1429, 0.0, 0.1429, 0.0, 0.0, 0.0, 0.0, 0.0, 0.0, 0.0, 0.0, 0.0, 0.0, 0.0, 0.0, 0.0, 0.125, 0.0, 0.0, 0.0, 0.0, 0.0, 0.0, 0.0, 0.0, 0.0, 0.0, 0.0, 0.125, 0.0, 0.0, 0.125, 0.0, 0.0, 0.0667, 0.1, 0.0, 0.0, 0.0, 0.0909, 0.0, 0.0, 0.0, 0.0, 0.0, 0.0, 0.0, 0.0, 0.0, 0.0, 0.0, 0.1429, 0.0, 0.0, 0.0, 0.0, 0.0, 0.0, 0.0, 0.0, 0.2222, 0.0, 0.1111, 0.0, 0.0, 0.0, 0.0, 0.0, 0.0, 0.0, 0.0909, 0.0, 0.0, 0.0, 0.0, 0.0, 0.0, 0.0, 0.0, 0.0, 0.0]",[]
broadcast,0.8,8,broadcast,0.084,0.084,0.084,1.0,0.084,0.0,27,True,168,0,315,1517,0,"[0.0, 0.0205, 0.0245, 0.026, 0.0275, 0.0285, 0.03, 0.0315, 0.0335, 0.0365, 0.039, 0.044, 0.0475, 0.05, 0.052, 0.0565, 0.059, 0.062, 0.068, 0.071, 0.073, 0.0755, 0.0775, 0.08, 0.082, 0.0835, 0.084, 0.084, 0.084, 0.084, 0.084, 0.084, 0.084, 0.084, 0.084, 0.084, 0.084, 0.084, 0.084, 0.084, 0.084, 0.084, 0.084, 0.084, 0.084, 0.084, 0.084, 0.084, 0.084, 0.084, 0.084, 0.084, 0.084, 0.084, 0.084, 0.084, 0.084, 0.084, 0.084, 0.084, 0.084, 0.084, 0.084, 0.084, 0.084, 0.084, 0.084, 0.084, 0.084, 0.084, 0.084, 0.084, 0.084, 0.084, 0.084, 0.084, 0.084, 0.084, 0.084, 0.084, 0.084, 0.084, 0.084, 0.084, 0.084, 0.084, 0.084, 0.084, 0.084, 0.084, 0.084, 0.084, 0.084, 0.084, 0.084, 0.084, 0.084, 0.084, 0.084, 0.084, 0.084]","{""0"": 0.4846, ""1"": 0.0199, ""2"": 0.02, ""3"": 0.0173, ""4"": 0.0352, ""5"": 0.0255, ""6"": 0.0075, ""7"": 0.0442}","[0.1111, 0.875, 0.0, 0.0, 0.0, 0.0, 0.0, 0.0, 0.0833, 1.0, 0.0, 0.4, 0.1111, 0.0, 0.0, 0.0, 0.0, 0.9091, 0.0, 0.0, 0.0, 0.0, 0.1111, 0.1111, 0.0, 0.625, 0.125, 0.0, 0.0, 0.0, 0.0, 0.0, 0.0, 0.7, 0.0, 0.0, 0.1429, 0.0, 0.0, 0.0, 0.0, 0.8, 0.1111, 0.0, 0.0, 0.0, 0.0, 0.0, 0.0, 0.0, 0.0, 0.0, 0.0, 0.0, 0.0, 0.1111, 0.0, 0.0909, 0.0, 0.0, 0.0, 0.0, 0.0, 0.0, 0.0, 0.0, 0.0, 0.0, 0.0, 0.0833, 0.0, 0.0, 0.0, 0.0, 0.0, 0.0, 0.0, 0.0, 0.0, 0.0, 0.0, 0.0, 0.1111, 0.0, 0.0, 0.0, 0.0, 0.0, 0.0, 0.0, 0.1, 0.0, 0.0, 0.0, 0.0, 0.0, 0.0, 0.0, 0.0, 0.1429, 0.0, 0.0, 0.0, 0.0, 0.0, 0.0, 0.0, 0.0, 0.0, 0.0, 0.125, 0.0, 0.0, 0.125, 0.0, 0.0, 0.0, 0.0, 0.2, 0.0, 0.0, 0.0, 0.0, 0.0, 0.0, 0.1667, 0.0, 0.0, 0.5714, 0.0, 0.0, 0.0, 0.0, 0.0, 0.0, 0.0, 0.1667, 0.0, 0.0, 0.0, 0.0, 0.0, 0.0, 0.0, 0.1429, 0.0, 0.0, 0.0, 0.0, 0.0, 0.0, 0.0, 0.0, 0.0, 0.0, 0.0, 0.0, 0.0, 0.0, 0.0, 0.0, 0.8, 0.0, 0.0, 0.0, 0.0, 0.0, 0.0, 0.0, 0.6667, 0.0, 0.0, 0.0, 0.0, 0.0, 0.0, 0.0, 1.0, 0.0, 0.0, 0.0, 0.0, 0.1429, 0.0, 0.2857, 0.8571, 0.0, 0.0, 0.0, 0.0, 0.0, 0.0, 0.0, 0.6667, 0.0, 0.0, 0.0, 0.1667, 0.0, 0.0, 0.125, 0.6, 0.125, 0.0, 0.0, 0.0, 0.0, 0.0, 0.125, 0.7143, 0.0, 0.0, 0.0, 0.0909, 0.0, 0.0, 0.0, 1.0, 0.0, 0.0, 0.0, 0.0, 0.0, 0.0, 0.0, 0.875, 0.0, 0.0, 0.0, 0.1111, 0.3333, 0.0, 0.0, 0.9, 0.0, 0.0, 0.0714, 0.8, 0.0, 0.0, 0.0, 0.9167, 0.0, 0.0, 0.0, 0.0, 0.0, 0.0, 0.0, 1.0]",[]
broadcast,0.8,9,broadcast,0.022,0.022,0.022,1.0,0.022,0.0,2,True,44,0,291,1665,0,"[0.0, 0.022, 0.022, 0.022, 0.022, 0.022, 0.022, 0.022, 0.022, 0.022, 0.022, 0.022, 0.022, 0.022, 0.022, 0.022, 0.022, 0.022, 0.022, 0.022, 0.022, 0.022, 0.022, 0.022, 0.022, 0.022, 0.022, 0.022, 0.022, 0.022, 0.022, 0.022, 0.022, 0.022, 0.022, 0.022, 0.022, 0.022, 0.022, 0.022, 0.022, 0.022, 0.022, 0.022, 0.022, 0.022, 0.022, 0.022, 0.022, 0.022, 0.022, 0.022, 0.022, 0.022, 0.022, 0.022, 0.022, 0.022, 0.022, 0.022, 0.022, 0.022, 0.022, 0.022, 0.022, 0.022, 0.022, 0.022, 0.022, 0.022, 0.022, 0.022, 0.022, 0.022, 0.022, 0.022, 0.022, 0.022, 0.022, 0.022, 0.022, 0.022, 0.022, 0.022, 0.022, 0.022, 0.022, 0.022, 0.022, 0.022, 0.022, 0.022, 0.022, 0.022, 0.022, 0.022, 0.022, 0.022, 0.022, 0.022, 0.022]","{""0"": 0.028, ""1"": 0.0233, ""2"": 0.0199, ""3"": 0.0352, ""4"": 0.0246, ""5"": 0.0117, ""6"": 0.0169, ""7"": 0.0163}","[0.0, 0.0, 0.0, 0.0, 0.0, 0.0, 0.0, 0.0, 0.0, 0.0, 0.1, 0.0, 0.0, 0.0, 0.0, 0.0, 0.0, 0.0, 0.0, 0.0, 0.0, 0.0, 0.0, 0.0, 0.0909, 0.0909, 0.0, 0.0, 0.0, 0.0625, 0.0, 0.0, 0.0, 0.1111, 0.0, 0.0, 0.0, 0.1667, 0.0, 0.0, 0.0, 0.0, 0.0, 0.0, 0.0, 0.0, 0.0, 0.0, 0.0, 0.0, 0.0, 0.0, 0.0, 0.0, 0.0, 0.1667, 0.0, 0.0, 0.0, 0.0, 0.0, 0.0, 0.0, 0.0, 0.125, 0.0909, 0.0, 0.0, 0.0, 0.125, 0.0, 0.0, 0.0, 0.0, 0.0, 0.0, 0.1667, 0.0, 0.0, 0.0, 0.0, 0.0, 0.0, 0.1111, 0.0, 0.1111, 0.1, 0.0, 0.0, 0.0, 0.0, 0.0, 0.1429, 0.0, 0.0, 0.1667, 0.0, 0.0, 0.0, 0.0, 0.0909, 0.1667, 0.0, 0.0, 0.0, 0.125, 0.0, 0.0, 0.0, 0.0, 0.0769, 0.0, 0.0, 0.0, 0.0, 0.0, 0.125, 0.0, 0.0, 0.0, 0.0, 0.0, 0.0, 0.0, 0.0, 0.0, 0.0, 0.0, 0.0, 0.0, 0.0833, 0.0, 0.0, 0.0, 0.0, 0.0, 0.0, 0.0, 0.0, 0.1429, 0.1, 0.0, 0.0, 0.0, 0.0, 0.0, 0.0, 0.0, 0.0, 0.0, 0.0, 0.0, 0.0, 0.125, 0.0, 0.125, 0.0, 0.0, 0.0, 0.0, 0.0, 0.0, 0.0, 0.0, 0.0, 0.0, 0.0, 0.0, 0.0, 0.0, 0.0833, 0.0, 0.0, 0.0, 0.1111, 0.1111, 0.0, 0.0, 0.1111, 0.0, 0.1667, 0.0, 0.0, 0.0, 0.0, 0.0, 0.1, 0.0, 0.1429, 0.0, 0.0, 0.0, 0.0, 0.0909, 0.0, 0.0, 0.0, 0.0, 0.0, 0.0, 0.0, 0.0, 0.0, 0.0, 0.0, 0.0, 0.0, 0.0, 0.0, 0.0909, 0.0, 0.0, 0.0, 0.0, 0.0, 0.0, 0.0, 0.0, 0.1, 0.1667, 0.0, 0.1429, 0.0, 0.2, 0.0, 0.0, 0.0, 0.0, 0.0, 0.0, 0.0, 0.0, 0.0, 0.0, 0.0, 0.125, 0.0, 0.0, 0.0, 0.0, 0.0909, 0.0, 0.0, 0.0, 0.0, 0.0, 0.0, 0.0, 0.1, 0.0]",[]
broadcast,0.8,10,broadcast,0.0705,0.0705,0.0705,1.0,0.0705,0.0,15,True,141,0,284,1575,0,"[0.0, 0.0235, 0.026, 0.0285, 0.032, 0.035, 0.039, 0.044, 0.048, 0.0535, 0.06, 0.0655, 0.0675, 0.0695, 0.0705, 0.0705, 0.0705, 0.0705, 0.0705, 0.0705, 0.0705, 0.0705, 0.0705, 0.0705, 0.0705, 0.0705, 0.0705, 0.0705, 0.0705, 0.0705, 0.0705, 0.0705, 0.0705, 0.0705, 0.0705, 0.0705, 0.0705, 0.0705, 0.0705, 0.0705, 0.0705, 0.0705, 0.0705, 0.0705, 0.0705, 0.0705, 0.0705, 0.0705, 0.0705, 0.0705, 0.0705, 0.0705, 0.0705, 0.0705, 0.0705, 0.0705, 0.0705, 0.0705, 0.0705, 0.0705, 0.0705, 0.0705, 0.0705, 0.0705, 0.0705, 0.0705, 0.0705, 0.0705, 0.0705, 0.0705, 0.0705, 0.0705, 0.0705, 0.0705, 0.0705, 0.0705, 0.0705, 0.0705, 0.0705, 0.0705, 0.0705, 0.0705, 0.0705, 0.0705, 0.0705, 0.0705, 0.0705, 0.0705, 0.0705, 0.0705, 0.0705, 0.0705, 0.0705, 0.0705, 0.0705, 0.0705, 0.0705, 0.0705, 0.0705, 0.0705, 0.0705]","{""0"": 0.0195, ""1"": 0.0382, ""2"": 0.1451, ""3"": 0.0927, ""4"": 0.0244, ""5"": 0.0246, ""6"": 0.193, ""7"": 0.0361}","[0.0, 0.0, 0.0, 0.0, 0.0, 0.0, 0.0, 0.0, 0.0, 0.0, 0.4, 0.0, 0.0, 0.2222, 0.0, 0.1111, 0.0, 0.1667, 0.0, 0.0, 0.0, 0.0833, 0.0, 0.4286, 0.1429, 0.1667, 0.0, 0.0, 0.0, 0.0, 0.0, 0.0, 0.0, 0.0, 0.0, 0.0, 0.0, 0.0, 0.0, 0.0, 0.0, 0.0, 0.2, 0.0, 0.0, 0.0, 0.0, 0.0, 0.0, 0.0, 0.0, 0.0, 0.0, 0.0, 0.0, 0.0, 0.0, 0.0, 0.0, 0.0, 0.0, 0.0, 0.0, 0.0, 0.0, 0.0, 0.0, 0.0, 0.0, 0.0, 0.0, 0.0, 0.1818, 0.0909, 0.1, 0.0, 0.0, 0.0, 0.0, 0.0, 0.0, 0.0, 0.0, 0.0, 0.2, 0.0, 0.0, 0.0, 0.0, 0.0, 0.0, 0.1, 0.0, 0.0, 0.0, 0.0, 0.0, 0.0, 0.1, 0.1667, 0.0, 0.0, 0.0, 0.0, 0.3333, 0.0, 0.0, 0.0, 0.0, 0.0, 0.0, 0.0, 0.0, 0.0, 0.1111, 0.5714, 0.0, 0.0, 0.0909, 0.0, 0.0, 0.0, 0.0, 0.8571, 0.2222, 0.0, 0.0, 0.0, 0.0, 0.0, 0.0, 1.0, 1.0, 0.0, 0.0, 0.0, 0.0, 0.0909, 0.0, 0.8333, 0.8889, 0.0, 0.25, 0.0, 0.0, 0.0, 0.0, 0.8571, 1.0, 0.0, 0.0, 0.0, 0.0, 0.0, 0.0, 0.8333, 0.0, 0.0, 0.0, 0.125, 0.0, 0.0, 0.0, 0.1, 0.0, 0.0, 0.0909, 0.0, 0.0, 0.0, 0.0, 0.0, 0.0, 0.0, 0.0, 0.0, 0.0, 0.0, 0.125, 0.0, 0.0, 0.0, 0.0, 0.6667, 0.0, 0.0, 0.0, 0.0, 0.0, 0.0, 0.0, 1.0, 0.0, 0.0, 0.0, 0.0, 0.0, 0.1429, 0.0, 0.8889, 0.0, 0.0909, 0.0, 0.0909, 0.0, 0.0, 0.1667, 0.8571, 0.0, 0.0, 0.0, 0.0833, 0.0, 0.1429, 0.1, 0.9091, 0.0, 0.0, 0.0, 0.0, 0.0, 0.1, 0.0, 0.5714, 0.1667, 0.0, 0.0, 0.0, 0.0, 0.0, 0.0, 0.0, 0.0, 0.0, 0.1, 0.0, 0.0, 0.0, 0.1429, 0.1111, 0.1111, 0.0, 0.0, 0.0, 0.1429, 0.0, 0.0, 0.1667, 0.1667, 0.0]",[]
broadcast,0.8,11,broadcast,0.0235,0.0235,0.0235,1.0,0.0235,0.0,3,True,47,0,310,1643,0,"[0.0, 0.0225, 0.0235, 0.0235, 0.0235, 0.0235, 0.0235, 0.0235, 0.0235, 0.0235, 0.0235, 0.0235, 0.0235, 0.0235, 0.0235, 0.0235, 0.0235, 0.0235, 0.0235, 0.0235, 0.0235, 0.0235, 0.0235, 0.0235, 0.0235, 0.0235, 0.0235, 0.0235, 0.0235, 0.0235, 0.0235, 0.0235, 0.0235, 0.0235, 0.0235, 0.0235, 0.0235, 0.0235, 0.0235, 0.0235, 0.0235, 0.0235, 0.0235, 0.0235, 0.0235, 0.0235, 0.0235, 0.0235, 0.0235, 0.0235, 0.0235, 0.0235, 0.0235, 0.0235, 0.0235, 0.0235, 0.0235, 0.0235, 0.0235, 0.0235, 0.0235, 0.0235, 0.0235, 0.0235, 0.0235, 0.0235, 0.0235, 0.0235, 0.0235, 0.0235, 0.0235, 0.0235, 0.0235, 0.0235, 0.0235, 0.0235, 0.0235, 0.0235, 0.0235, 0.0235, 0.0235, 0.0235, 0.0235, 0.0235, 0.0235, 0.0235, 0.0235, 0.0235, 0.0235, 0.0235, 0.0235, 0.0235, 0.0235, 0.0235, 0.0235, 0.0235, 0.0235, 0.0235, 0.0235, 0.0235, 0.0235]","{""0"": 0.0202, ""1"": 0.0207, ""2"": 0.0281, ""3"": 0.0196, ""4"": 0.0182, ""5"": 0.0246, ""6"": 0.0286, ""7"": 0.0288}","[0.0, 0.0, 0.0, 0.0, 0.0909, 0.0714, 0.0, 0.0, 0.0909, 0.1111, 0.0, 0.0, 0.0833, 0.0, 0.0, 0.0, 0.0, 0.0, 0.1818, 0.0, 0.0, 0.0, 0.0, 0.1111, 0.0, 0.0, 0.0, 0.0, 0.0, 0.0, 0.0, 0.1, 0.0, 0.1429, 0.0, 0.0, 0.0, 0.0, 0.0, 0.0, 0.0, 0.0, 0.0, 0.0, 0.0, 0.0, 0.0, 0.0, 0.125, 0.0, 0.0, 0.0, 0.0, 0.1111, 0.125, 0.0, 0.0, 0.0, 0.0, 0.0, 0.0, 0.0, 0.0, 0.0, 0.0, 0.0, 0.0, 0.0, 0.0, 0.0, 0.0833, 0.0, 0.0769, 0.0, 0.1667, 0.0, 0.0, 0.0, 0.0, 0.0, 0.0, 0.0, 0.0, 0.0, 0.0, 0.0, 0.0, 0.0, 0.0, 0.0, 0.0, 0.0, 0.0, 0.0, 0.0, 0.0, 0.0, 0.0, 0.0, 0.0, 0.0, 0.0, 0.1667, 0.0, 0.0, 0.0, 0.0, 0.0, 0.0, 0.0, 0.0, 0.0, 0.0, 0.0, 0.0, 0.0, 0.0, 0.0, 0.0, 0.0, 0.0, 0.1667, 0.0, 0.2, 0.0, 0.0, 0.0, 0.0, 0.0909, 0.0, 0.0, 0.125, 0.125, 0.0, 0.0, 0.3333, 0.1111, 0.0, 0.1111, 0.0, 0.0, 0.0, 0.0, 0.125, 0.0, 0.0909, 0.0, 0.0, 0.0, 0.0, 0.0, 0.0, 0.0, 0.0769, 0.0, 0.1429, 0.0, 0.0, 0.0, 0.0, 0.0, 0.0, 0.0, 0.0, 0.0, 0.0, 0.0, 0.125, 0.0, 0.0, 0.0, 0.0, 0.0, 0.25, 0.0, 0.0, 0.0, 0.0, 0.0, 0.2, 0.0, 0.0, 0.0, 0.0, 0.0, 0.0, 0.0, 0.0, 0.1429, 0.0, 0.0, 0.0, 0.0, 0.0, 0.0, 0.0, 0.0, 0.1111, 0.2, 0.0, 0.0, 0.0, 0.0, 0.0, 0.0, 0.0, 0.0, 0.0, 0.1429, 0.0, 0.0, 0.0, 0.0, 0.0, 0.0, 0.1, 0.0, 0.0, 0.0, 0.1111, 0.0, 0.0, 0.0, 0.0, 0.0, 0.0, 0.1, 0.0, 0.1, 0.0, 0.0, 0.0, 0.0, 0.0, 0.0, 0.0, 0.0, 0.0, 0.125, 0.0, 0.0, 0.0, 0.0, 0.125, 0.0, 0.0, 0.125, 0.0, 0.1, 0.0]",[]
broadcast,0.9,0,broadcast,0.0525,0.0525,0.0525,1.0,0.0525,-0.0,21,True,105,0,297,1598,0,"[0.0, 0.02, 0.024, 0.0255, 0.0285, 0.031, 0.033, 0.035, 0.0375, 0.0385, 0.039, 0.0395, 0.041, 0.0425, 0.044, 0.0455, 0.0475, 0.049, 0.051, 0.052, 0.0525, 0.0525, 0.0525, 0.0525, 0.0525, 0.0525, 0.0525, 0.0525, 0.0525, 0.0525, 0.0525, 0.0525, 0.0525, 0.0525, 0.0525, 0.0525, 0.0525, 0.0525, 0.0525, 0.0525, 0.0525, 0.0525, 0.0525, 0.0525, 0.0525, 0.0525, 0.0525, 0.0525, 0.0525, 0.0525, 0.0525, 0.0525, 0.0525, 0.0525, 0.0525, 0.0525, 0.0525, 0.0525, 0.0525, 0.0525, 0.0525, 0.0525, 0.0525, 0.0525, 0.0525, 0.0525, 0.0525, 0.0525, 0.0525, 0.0525, 0.0525, 0.0525, 0.0525, 0.0525, 0.0525, 0.0525, 0.0525, 0.0525, 0.0525, 0.0525, 0.0525, 0.0525, 0.0525, 0.0525, 0.0525, 0.0525, 0.0525, 0.0525, 0.0525, 0.0525, 0.0525, 0.0525, 0.0525, 0.0525, 0.0525, 0.0525, 0.0525, 0.0525, 0.0525, 0.0525, 0.0525]","{""0"": 0.0154, ""1"": 0.0167, ""2"": 0.0114, ""3"": 0.2451, ""4"": 0.0234, ""5"": 0.0467, ""6"": 0.0126, ""7"": 0.0439}","[0.1111, 0.0, 0.0, 0.0, 1.0, 0.0, 0.0, 0.0, 0.0, 0.0769, 0.0, 0.0, 0.0, 0.0, 0.0, 0.0, 0.1, 0.0, 0.0, 0.0, 0.0, 0.0, 0.0, 0.0, 0.0, 0.0, 0.0, 0.0, 0.0, 0.0, 0.0, 0.0, 0.0, 0.0, 0.0, 0.0, 0.0, 0.0, 0.1111, 0.0, 0.0, 0.0, 0.0, 0.0, 0.0, 0.0, 0.0, 0.0, 0.0, 0.0, 0.0, 0.0, 0.0, 0.0769, 0.0, 0.0, 0.1111, 0.1111, 0.0, 0.0, 0.0, 0.0, 0.0, 0.0, 0.0, 0.0, 0.0, 0.0, 0.0, 0.0, 0.1111, 0.0, 0.0, 0.0, 0.0, 0.0, 0.0, 0.0, 0.0, 0.0, 0.0, 0.0, 0.0, 0.0, 0.1111, 0.0, 0.0, 0.0, 0.0, 0.0, 0.0, 0.0, 0.1667, 0.125, 0.2308, 0.0, 0.0, 0.0, 0.0, 0.0, 0.0, 0.0, 0.0, 0.0, 0.2, 0.0, 0.0, 0.0, 0.0, 0.0, 0.0, 0.0, 0.125, 0.0, 0.0, 0.0, 0.0, 0.0, 0.0, 0.0, 0.0, 0.0, 0.0, 0.1, 0.0, 0.0, 0.0, 0.0, 0.0, 0.0, 0.0, 0.0, 0.0, 0.0, 0.0, 0.0, 0.1111, 0.0, 0.0, 0.0, 0.0, 0.0, 0.0, 0.0, 0.2857, 0.0, 0.375, 0.0, 0.0, 0.0, 0.3333, 0.0769, 0.0, 0.0, 0.0, 0.0, 0.0, 0.0, 0.2222, 0.1667, 0.1667, 0.0, 0.0, 0.0, 0.0, 0.0, 0.2, 0.0, 0.0, 0.0, 0.0, 0.0, 0.0, 0.0, 0.0, 0.125, 0.0, 0.0, 0.0, 0.0833, 0.0909, 0.1429, 0.0, 0.0, 0.0, 0.1111, 0.0, 0.0, 1.0, 0.25, 0.0, 0.0, 0.0, 0.1429, 0.1429, 0.0, 0.8, 0.0, 0.0909, 0.0, 0.0833, 0.0, 0.0, 0.25, 0.7778, 0.1111, 0.0, 0.0, 0.0, 0.0, 0.0, 0.0, 0.8571, 0.0, 0.0, 0.0, 0.0, 0.0, 0.0, 0.0, 0.8571, 0.0, 0.0, 0.0, 0.0, 0.0, 0.0, 0.0, 1.0, 0.0, 0.0, 0.0, 0.0, 0.0, 0.0, 0.0, 0.8333, 0.0, 0.0, 0.0, 0.1111, 0.0, 0.0, 0.0, 0.8333, 0.0, 0.0, 0.0, 0.0, 0.0]",[]
broadcast,0.9,1,broadcast,0.0895,0.0895,0.0895,1.0,0.0895,0.0,28,True,179,0,263,1558,0,"[0.0, 0.0235, 0.0265, 0.03, 0.0315, 0.033, 0.036, 0.0385, 0.0415, 0.0445, 0.048, 0.0515, 0.0565, 0.0605, 0.0665, 0.0695, 0.0725, 0.076, 0.077, 0.0775, 0.079, 0.0805, 0.0825, 0.085, 0.0865, 0.0885, 0.089, 0.0895, 0.0895, 0.0895, 0.0895, 0.0895, 0.0895, 0.0895, 0.0895, 0.0895, 0.0895, 0.0895, 0.0895, 0.0895, 0.0895, 0.0895, 0.0895, 0.0895, 0.0895, 0.0895, 0.0895, 0.0895, 0.0895, 0.0895, 0.0895, 0.0895, 0.0895, 0.0895, 0.0895, 0.0895, 0.0895, 0.0895, 0.0895, 0.0895, 0.0895, 0.0895, 0.0895, 0.0895, 0.0895, 0.0895, 0.0895, 0.0895, 0.0895, 0.0895, 0.0895, 0.0895, 0.0895, 0.0895, 0.0895, 0.0895, 0.0895, 0.0895, 0.0895, 0.0895, 0.0895, 0.0895, 0.0895, 0.0895, 0.0895, 0.0895, 0.0895, 0.0895, 0.0895, 0.0895, 0.0895, 0.0895, 0.0895, 0.0895, 0.0895, 0.0895, 0.0895, 0.0895, 0.0895, 0.0895, 0.0895]","{""0"": 0.0077, ""1"": 0.0193, ""2"": 0.212, ""3"": 0.0329, ""4"": 0.0199, ""5"": 0.2231, ""6"": 0.2, ""7"": 0.0119}","[0.2222, 0.0, 0.1111, 0.0, 0.0, 0.1111, 0.0, 1.0, 0.0, 0.0, 0.0, 0.0, 0.2, 0.0, 0.0, 1.0, 0.0, 0.0667, 0.0, 0.0, 0.2222, 0.125, 0.0, 0.8, 0.0, 0.0, 0.0, 0.2, 0.0, 0.0, 0.2, 0.875, 0.0, 0.0, 0.0, 0.0, 0.1429, 0.0, 0.0, 0.25, 0.0, 0.0, 0.0, 0.1111, 0.0, 0.0, 0.125, 0.0, 0.0, 0.0, 0.0, 0.0, 0.0, 0.0, 0.1667, 0.0, 0.0, 0.0, 0.0, 0.0, 0.0, 0.0, 0.0, 0.1, 0.0, 0.0, 0.0, 0.0, 0.0, 0.0, 0.0, 0.0, 0.1667, 0.0, 0.0, 0.0, 0.0, 0.0, 0.0, 0.0, 0.0, 0.0, 0.0, 0.0, 0.0, 0.0, 0.1818, 0.0, 0.0, 0.0, 0.0909, 0.0, 0.0, 0.0, 0.1111, 0.0, 0.0, 0.0, 0.0, 0.8571, 0.0, 0.0, 0.0, 0.0, 0.0, 0.0, 0.1429, 1.0, 0.0, 0.25, 0.0, 0.0, 0.0, 0.0, 0.0, 0.6667, 0.0, 0.0, 0.0, 0.0, 0.125, 0.0, 0.0, 1.0, 0.0, 0.1667, 0.0, 0.0, 0.0, 0.0, 0.0, 0.8333, 0.0, 0.0, 0.0, 0.0, 0.0, 0.0, 0.1111, 0.9167, 0.0909, 0.0, 0.0, 0.0, 0.0, 0.0, 0.0, 0.7143, 0.0, 0.0, 0.0, 0.0, 0.0, 0.0, 0.0, 0.1111, 0.0, 0.0, 0.0, 0.0, 0.0, 0.0, 0.0, 0.0, 0.125, 0.0, 0.2, 0.0, 0.0, 0.0, 0.0, 0.0, 0.0, 0.0, 0.2222, 0.0, 0.0, 0.0, 0.0, 0.0, 0.0, 0.0, 0.0833, 0.0, 0.0, 0.0, 0.0, 0.1667, 0.0, 0.0, 1.0, 0.0, 0.0, 0.0, 0.0, 0.0, 0.0, 0.0, 1.0, 0.0, 0.0, 0.0, 0.0, 0.0, 0.0, 0.0, 0.8889, 0.0, 0.25, 0.1111, 0.0, 0.0, 0.0, 0.0, 1.0, 0.0, 0.0, 0.0, 0.1, 0.0, 0.0, 0.0, 0.8, 0.1818, 0.0, 0.0, 0.0, 0.0, 0.0, 0.0, 1.0, 0.0, 0.0, 0.0, 0.0, 0.0, 0.1, 0.0, 0.0, 1.0, 0.0, 0.0, 0.0, 0.1111, 0.0, 0.0, 0.0, 0.8571, 0.0, 0.0]",[]
broadcast,0.9,2,broadcast,0.036,0.036,0.036,1.0,0.036,0.0,7,True,72,0,279,1649,0,"[0.0, 0.0275, 0.031, 0.0315, 0.0325, 0.0345, 0.036, 0.036, 0.036, 0.036, 0.036, 0.036, 0.036, 0.036, 0.036, 0.036, 0.036, 0.036, 0.036, 0.036, 0.036, 0.036, 0.036, 0.036, 0.036, 0.036, 0.036, 0.036, 0.036, 0.036, 0.036, 0.036, 0.036, 0.036, 0.036, 0.036, 0.036, 0.036, 0.036, 0.036, 0.036, 0.036, 0.036, 0.036, 0.036, 0.036, 0.036, 0.036, 0.036, 0.036, 0.036, 0.036, 0.036, 0.036, 0.036, 0.036, 0.036, 0.036, 0.036, 0.036, 0.036, 0.036, 0.036, 0.036, 0.036, 0.036, 0.036, 0.036, 0.036, 0.036, 0.036, 0.036, 0.036, 0.036, 0.036, 0.036, 0.036, 0.036, 0.036, 0.036, 0.036, 0.036, 0.036, 0.036, 0.036, 0.036, 0.036, 0.036, 0.036, 0.036, 0.036, 0.036, 0.036, 0.036, 0.036, 0.036, 0.036, 0.036, 0.036, 0.036, 0.036]","{""0"": 0.036, ""1"": 0.0215, ""2"": 0.0273, ""3"": 0.0205, ""4"": 0.0372, ""5"": 0.0241, ""6"": 0.0722, ""7"": 0.047}","[0.0, 0.0, 0.0, 0.0, 0.0, 0.0, 0.0, 0.0, 0.0, 0.0, 0.0, 0.1667, 0.0, 0.0, 0.2, 0.0, 0.0, 0.0, 0.0, 0.0, 0.3333, 0.1667, 0.0, 0.0, 0.1429, 0.125, 0.0, 0.125, 0.0, 0.1, 0.0, 0.0, 0.0, 0.0, 0.0, 0.0, 0.0, 0.0, 0.0, 0.1, 0.0, 0.1, 0.0, 0.0, 0.125, 0.0, 0.0833, 0.0, 0.0, 0.0, 0.0, 0.0, 0.0, 0.0, 0.0, 0.0, 0.0, 0.0, 0.1429, 0.0, 0.0, 0.3333, 0.0, 0.0909, 0.0, 0.1429, 0.1429, 0.4, 0.0, 0.2857, 0.0, 0.0, 0.0, 0.2, 0.3333, 0.0, 0.0, 0.0714, 0.0, 0.0, 0.0, 0.0, 0.0, 0.0, 0.0, 0.0, 0.0, 0.0, 0.0, 0.0, 0.0769, 0.0, 0.0, 0.0, 0.1667, 0.0, 0.0, 0.0, 0.0, 0.0, 0.0, 0.0, 0.0, 0.2, 0.0, 0.0, 0.0, 0.0, 0.0, 0.0, 0.0909, 0.0, 0.1111, 0.0, 0.0, 0.0, 0.0, 0.1429, 0.0, 0.7143, 0.0833, 0.0, 0.0, 0.0, 0.0, 0.0, 0.0, 0.8571, 0.0, 0.0, 0.0, 0.0, 0.1111, 0.0, 0.0, 0.1111, 0.1667, 0.0, 0.0, 0.0, 0.0, 0.0, 0.0, 0.1429, 0.0, 0.0, 0.0833, 0.0, 0.0, 0.0, 0.0, 0.0, 0.0, 0.0, 0.0, 0.0, 0.1111, 0.2, 0.0, 0.2, 0.0, 0.1429, 0.0, 0.0, 0.0, 0.0, 0.0, 0.0, 0.1429, 0.0, 0.0, 0.0, 0.0, 0.0, 0.0, 0.0, 0.2857, 0.0, 0.0, 0.1818, 0.0, 0.0, 0.25, 0.0, 0.0, 0.0, 0.0, 0.0, 0.0, 0.0, 0.0, 0.0, 0.1111, 0.1538, 0.0, 0.0, 0.0, 0.0, 0.1111, 0.0, 0.0, 0.0, 0.0, 0.0, 0.0, 0.0, 0.0, 0.0, 0.1429, 0.0, 0.0, 0.0, 0.0, 0.0, 0.0, 0.0, 0.125, 0.0, 0.0, 0.125, 0.0, 0.0, 0.0, 0.0, 0.0, 0.0, 0.0, 0.0, 0.125, 0.0, 0.0, 0.0909, 0.0, 0.0, 0.0, 0.0, 0.0, 0.0, 0.0, 0.0, 0.0, 0.0, 0.0, 0.0, 0.0, 0.0, 0.0, 0.0, 0.0, 0.1538]",[]
broadcast,0.9,3,broadcast,0.0345,0.0345,0.0345,1.0,0.0345,0.0,19,True,69,0,302,1629,0,"[0.0, 0.0195, 0.021, 0.0225, 0.0235, 0.024, 0.0255, 0.026, 0.0265, 0.027, 0.0285, 0.029, 0.0295, 0.0305, 0.031, 0.0315, 0.0325, 0.0335, 0.0345, 0.0345, 0.0345, 0.0345, 0.0345, 0.0345, 0.0345, 0.0345, 0.0345, 0.0345, 0.0345, 0.0345, 0.0345, 0.0345, 0.0345, 0.0345, 0.0345, 0.0345, 0.0345, 0.0345, 0.0345, 0.0345, 0.0345, 0.0345, 0.0345, 0.0345, 0.0345, 0.0345, 0.0345, 0.0345, 0.0345, 0.0345, 0.0345, 0.0345, 0.0345, 0.0345, 0.0345, 0.0345, 0.0345, 0.0345, 0.0345, 0.0345, 0.0345, 0.0345, 0.0345, 0.0345, 0.0345, 0.0345, 0.0345, 0.0345, 0.0345, 0.0345, 0.0345, 0.0345, 0.0345, 0.0345, 0.0345, 0.0345, 0.0345, 0.0345, 0.0345, 0.0345, 0.0345, 0.0345, 0.0345, 0.0345, 0.0345, 0.0345, 0.0345, 0.0345, 0.0345, 0.0345, 0.0345, 0.0345, 0.0345, 0.0345, 0.0345, 0.0345, 0.0345, 0.0345, 0.0345, 0.0345, 0.0345]","{""0"": 0.0113, ""1"": 0.0173, ""2"": 0.0352, ""3"": 0.0239, ""4"": 0.1522, ""5"": 0.0317, ""6"": 0.0075, ""7"": 0.008}","[0.0, 0.0, 0.0, 0.0, 0.0, 0.0, 0.0, 0.0, 0.0, 0.0, 0.0, 0.0, 0.0, 0.0, 0.0, 0.0, 0.0, 0.0, 0.0, 0.0, 0.1, 0.1111, 0.0, 0.0, 0.0, 0.0, 0.1, 0.0, 0.1111, 0.0, 0.0, 0.0, 0.0, 0.0909, 0.0, 0.0, 0.0, 0.0, 0.0, 0.0, 0.0, 0.0, 0.0, 0.0, 0.0, 0.0, 0.0, 0.0, 0.0, 0.0, 0.0, 0.0, 0.0, 0.0, 0.0, 0.0, 0.0, 0.0, 0.0, 0.0, 0.0, 0.0, 0.0, 0.0, 0.0, 0.0, 0.0, 0.25, 0.0, 0.0, 0.0, 0.0, 0.0, 0.0, 0.0, 0.0, 0.0, 0.0, 0.0, 0.0, 0.0, 0.0, 0.0, 0.0, 0.0, 0.8, 0.0, 0.0, 0.0, 0.0, 0.0, 0.0, 0.0, 1.0, 0.0, 0.0, 0.0, 0.0, 0.0, 0.0, 0.0, 0.75, 0.0, 0.0, 0.0, 0.0, 0.0, 0.0, 0.0, 1.0, 0.0, 0.0, 0.0, 0.0, 0.0, 0.0, 0.0, 1.0, 0.0, 0.0, 0.0, 0.0, 0.1111, 0.0, 0.0833, 0.0909, 0.25, 0.0, 0.0, 0.0, 0.0, 0.0, 0.0, 0.0, 0.0, 0.0, 0.0, 0.0, 0.0, 0.0, 0.125, 0.0, 0.1, 0.125, 0.0, 0.0, 0.1, 0.125, 0.0, 0.0, 0.0833, 0.1111, 0.0, 0.0, 0.0, 0.0833, 0.0, 0.0, 0.2, 0.0, 0.0, 0.0, 0.0, 0.0, 0.0, 0.1, 0.1429, 0.0, 0.0, 0.0, 0.0, 0.0, 0.0, 0.0, 0.1818, 0.0, 0.0, 0.0, 0.0, 0.1667, 0.125, 0.0, 0.0, 0.0, 0.1111, 0.0, 0.0, 0.2, 0.0, 0.0, 0.0, 0.0, 0.0, 0.1111, 0.0, 0.0, 0.0, 0.0, 0.0, 0.0, 0.0, 0.0, 0.0, 0.0, 0.0, 0.0, 0.0, 0.0, 0.0, 0.0, 0.125, 0.0, 0.0, 0.0, 0.0, 0.0, 0.0, 0.0, 0.0, 0.1667, 0.0, 0.1, 0.0, 0.0, 0.0, 0.0, 0.0, 0.0, 0.0, 0.0, 0.0, 0.0, 0.125, 0.0, 0.0, 0.0, 0.0, 0.0, 0.0, 0.0, 0.0, 0.0, 0.0, 0.1429, 0.0833, 0.0, 0.0, 0.0, 0.0, 0.1429]",[]
broadcast,0.9,4,broadcast,0.082,0.082,0.082,1.0,0.082,0.0,25,True,164,0,301,1535,0,"[0.0, 0.0225, 0.025, 0.0285, 0.0325, 0.0355, 0.037, 0.0395, 0.044, 0.0475, 0.0505, 0.053, 0.0535, 0.054, 0.0555, 0.0575, 0.059, 0.0605, 0.0645, 0.07, 0.0735, 0.078, 0.08, 0.0815, 0.082, 0.082, 0.082, 0.082, 0.082, 0.082, 0.082, 0.082, 0.082, 0.082, 0.082, 0.082, 0.082, 0.082, 0.082, 0.082, 0.082, 0.082, 0.082, 0.082, 0.082, 0.082, 0.082, 0.082, 0.082, 0.082, 0.082, 0.082, 0.082, 0.082, 0.082, 0.082, 0.082, 0.082, 0.082, 0.082, 0.082, 0.082, 0.082, 0.082, 0.082, 0.082, 0.082, 0.082, 0.082, 0.082, 0.082, 0.082, 0.082, 0.082, 0.082, 0.082, 0.082, 0.082, 0.082, 0.082, 0.082, 0.082, 0.082, 0.082, 0.082, 0.082, 0.082, 0.082, 0.082, 0.082, 0.082, 0.082, 0.082, 0.082, 0.082, 0.082, 0.082, 0.082, 0.082, 0.082, 0.082]","{""0"": 0.0227, ""1"": 0.0618, ""2"": 0.0195, ""3"": 0.0308, ""4"": 0.0338, ""5"": 0.0327, ""6"": 0.4557, ""7"": 0.0208}","[0.1111, 0.0, 0.0, 0.0, 0.0, 0.0, 0.125, 0.9, 0.0, 0.0, 0.0769, 0.0, 0.0, 0.0, 0.0, 0.875, 0.0, 0.0, 0.1667, 0.0, 0.0, 0.0, 0.0, 1.0, 0.0, 0.0, 0.875, 0.0, 0.1429, 0.0, 0.0, 1.0, 0.0, 0.0, 0.5, 0.0, 0.0, 0.0, 0.0, 0.8571, 0.0, 0.0, 0.0, 0.0, 0.0, 0.0, 0.0, 1.0, 0.0, 0.1429, 0.0909, 0.0, 0.0, 0.0, 0.0, 1.0, 0.0, 0.0, 0.0, 0.1429, 0.0, 0.0, 0.0, 1.0, 0.0, 0.0, 0.0, 0.0, 0.1429, 0.1111, 0.0, 0.75, 0.1429, 0.0833, 0.0, 0.0, 0.0, 0.0, 0.0, 1.0, 0.1, 0.0, 0.0, 0.0, 0.0, 0.0, 0.0, 1.0, 0.0, 0.2, 0.0, 0.0, 0.0, 0.0, 0.1, 0.75, 0.0, 0.2, 0.0, 0.0, 0.0, 0.0, 0.0, 0.8, 0.0, 0.0, 0.0, 0.125, 0.0, 0.0, 0.0, 0.2222, 0.0, 0.0, 0.0, 0.0, 0.0, 0.0, 0.0, 0.0, 0.0, 0.0, 0.1, 0.0, 0.0, 0.1111, 0.0, 0.0, 0.0, 0.0, 0.0, 0.0, 0.0, 0.0, 0.0, 0.0, 0.0, 0.0, 0.0, 0.0, 0.0714, 0.0, 0.1667, 0.0, 0.0, 0.0, 0.0, 0.0, 0.0, 0.0, 0.0, 0.0, 0.0, 0.0, 0.0, 0.0, 0.1111, 0.0, 0.0, 0.0, 0.0, 0.1111, 0.0, 0.0, 0.0, 0.0, 0.0, 0.0, 0.0833, 0.0, 0.0, 0.0, 0.0, 0.0, 0.1667, 0.0, 0.125, 0.0, 0.0, 0.0, 0.0, 0.0, 0.25, 0.0, 0.0, 0.0, 0.0, 0.0, 0.1, 0.0, 0.0, 0.0, 0.0, 0.0, 0.0909, 0.0, 0.0, 0.0, 0.1429, 0.0, 0.0, 0.0, 0.0, 0.1111, 0.0, 0.0, 0.0, 0.0, 0.0, 0.0, 0.0, 0.125, 0.0, 0.0, 0.0, 0.125, 0.1111, 0.0, 0.0, 0.0, 0.1111, 0.0769, 0.0, 0.0, 0.0, 0.0, 0.0, 0.0, 0.0, 0.4286, 0.0, 0.0, 0.0, 0.0, 0.0, 0.0, 0.2222, 0.2857, 0.0, 0.8, 0.0, 0.0, 0.0, 0.1111, 0.0, 0.0, 0.0, 1.0, 0.0, 0.0]",[]
broadcast,0.9,5,broadcast,0.076,0.076,0.076,1.0,0.076,0.0,27,True,152,0,300,1548,0,"[0.0, 0.0205, 0.0245, 0.0275, 0.03, 0.032, 0.0345, 0.038, 0.04, 0.0425, 0.045, 0.0465, 0.0495, 0.0515, 0.053, 0.055, 0.057, 0.0605, 0.064, 0.067, 0.0695, 0.0705, 0.072, 0.073, 0.074, 0.075, 0.076, 0.076, 0.076, 0.076, 0.076, 0.076, 0.076, 0.076, 0.076, 0.076, 0.076, 0.076, 0.076, 0.076, 0.076, 0.076, 0.076, 0.076, 0.076, 0.076, 0.076, 0.076, 0.076, 0.076, 0.076, 0.076, 0.076, 0.076, 0.076, 0.076, 0.076, 0.076, 0.076, 0.076, 0.076, 0.076, 0.076, 0.076, 0.076, 0.076, 0.076, 0.076, 0.076, 0.076, 0.076, 0.076, 0.076, 0.076, 0.076, 0.076, 0.076, 0.076, 0.076, 0.076, 0.076, 0.076, 0.076, 0.076, 0.076, 0.076, 0.076, 0.076, 0.076, 0.076, 0.076, 0.076, 0.076, 0.076, 0.076, 0.076, 0.076, 0.076, 0.076, 0.076, 0.076]","{""0"": 0.0272, ""1"": 0.127, ""2"": 0.0271, ""3"": 0.2778, ""4"": 0.0165, ""5"": 0.0038, ""6"": 0.1004, ""7"": 0.0297}","[0.1111, 0.0, 0.0, 0.0, 1.0, 0.0, 0.0, 0.0, 0.0, 0.0, 0.0, 0.1111, 1.0, 0.0833, 0.0, 0.0, 0.0, 0.0, 0.0, 0.0, 1.0, 0.0, 0.0, 0.0, 0.0, 0.0, 0.0, 0.0, 0.75, 0.0, 0.0, 0.0, 0.0, 0.0, 0.0, 0.0, 0.0, 0.0, 0.0, 0.0, 0.0, 0.1429, 0.0, 0.0, 0.0, 0.0, 0.0, 0.0, 0.0, 0.0, 0.0, 0.0, 0.0, 0.1429, 0.0, 0.0, 0.1429, 0.0, 0.0, 0.0, 0.0, 0.0, 0.0769, 0.0, 0.0, 0.0, 0.1429, 0.0, 0.0625, 0.0, 0.0, 0.0, 0.0, 0.0, 0.0, 0.0, 0.0, 0.0, 0.0, 0.0, 0.0, 0.0, 0.0, 0.0, 0.0, 0.125, 0.0, 0.0, 0.0, 0.0, 0.0, 0.0, 0.0, 0.0, 0.0, 0.0, 0.0, 0.0, 0.0, 0.0, 0.1111, 0.1429, 0.0, 0.0, 0.0, 0.0, 0.0, 0.0833, 0.0, 0.0, 0.0, 0.0, 0.0, 0.0, 0.25, 0.0, 0.0, 0.0, 0.0, 0.2, 0.0, 0.0, 0.0, 0.0, 0.0, 0.0, 0.0, 0.0, 0.0, 0.1667, 0.0, 0.0, 0.0, 0.0, 0.0, 0.0, 0.0, 0.0, 0.0, 0.0, 0.0, 0.0, 0.0, 0.0, 0.0, 0.0, 0.2222, 0.0, 0.0, 0.0, 0.0, 0.0, 0.2857, 0.0909, 0.8571, 0.0, 0.2, 0.0, 0.0, 0.0, 0.3, 0.0, 1.0, 0.0, 0.0, 0.0, 0.0, 0.0, 0.0, 0.0, 0.8333, 0.0, 0.1, 0.0, 0.0, 0.0, 0.0, 0.1111, 0.1429, 0.125, 0.0, 0.0, 0.0, 0.0, 0.0, 0.0, 0.0, 0.0, 0.0, 0.0, 0.0, 0.0, 0.0, 0.1111, 0.0, 0.1111, 0.0, 0.0, 0.0, 0.8571, 0.0, 0.0, 0.2, 0.0, 0.875, 0.0, 0.0, 0.8889, 0.0, 0.0, 0.1, 0.0, 1.0, 0.0, 0.0, 1.0, 0.0, 0.1, 0.0, 0.1, 1.0, 0.0, 0.0, 0.0769, 0.0, 0.0, 0.2857, 0.0, 0.8571, 0.0, 0.0, 0.1667, 0.1111, 0.0, 0.0, 0.1429, 1.0, 0.0, 0.0, 0.0, 0.0, 0.0, 0.0, 0.0909, 1.0, 0.0, 0.0, 0.1667, 0.0, 0.0]",[]
broadcast,0.9,6,broadcast,0.018,0.018,0.018,1.0,0.018,0.0,4,True,36,0,273,1691,0,"[0.0, 0.016, 0.0175, 0.018, 0.018, 0.018, 0.018, 0.018, 0.018, 0.018, 0.018, 0.018, 0.018, 0.018, 0.018, 0.018, 0.018, 0.018, 0.018, 0.018, 0.018, 0.018, 0.018, 0.018, 0.018, 0.018, 0.018, 0.018, 0.018, 0.018, 0.018, 0.018, 0.018, 0.018, 0.018, 0.018, 0.018, 0.018, 0.018, 0.018, 0.018, 0.018, 0.018, 0.018, 0.018, 0.018, 0.018, 0.018, 0.018, 0.018, 0.018, 0.018, 0.018, 0.018, 0.018, 0.018, 0.018, 0.018, 0.018, 0.018, 0.018, 0.018, 0.018, 0.018, 0.018, 0.018, 0.018, 0.018, 0.018, 0.018, 0.018, 0.018, 0.018, 0.018, 0.018, 0.018, 0.018, 0.018, 0.018, 0.018, 0.018, 0.018, 0.018, 0.018, 0.018, 0.018, 0.018, 0.018, 0.018, 0.018, 0.018, 0.018, 0.018, 0.018, 0.018, 0.018, 0.018, 0.018, 0.018, 0.018, 0.018]","{""0"": 0.0115, ""1"": 0.0112, ""2"": 0.0444, ""3"": 0.0, ""4"": 0.0263, ""5"": 0.0289, ""6"": 0.0166, ""7"": 0.008}","[0.0, 0.0, 0.0, 0.0, 0.0, 0.1667, 0.0, 0.0, 0.0, 0.0, 0.0, 0.2, 0.0, 0.1667, 0.0, 0.0, 0.0, 0.0, 0.0, 0.0, 0.0, 0.0, 0.0, 0.0, 0.0, 0.0, 0.0, 0.4, 0.0, 0.0, 0.0, 0.1429, 0.0, 0.0, 0.0, 0.0, 0.0, 0.0, 0.0, 0.0, 0.0, 0.0, 0.0, 0.0, 0.0, 0.0, 0.0, 0.0, 0.0, 0.0, 0.1111, 0.0, 0.0, 0.0, 0.0833, 0.0, 0.0833, 0.0, 0.0, 0.0, 0.0, 0.0, 0.0, 0.0, 0.0, 0.0, 0.0, 0.0, 0.0, 0.0, 0.0, 0.0, 0.0, 0.0, 0.0, 0.1, 0.0, 0.1667, 0.0, 0.0, 0.0, 0.125, 0.0, 0.3636, 0.0, 0.0, 0.0, 0.0, 0.1, 0.0, 0.0, 0.0, 0.0, 0.0, 0.0, 0.0, 0.0, 0.1, 0.0, 0.0, 0.0, 0.0, 0.0, 0.0, 0.0, 0.0, 0.0, 0.0, 0.0, 0.0, 0.2857, 0.0, 0.0, 0.0, 0.1, 0.0, 0.0, 0.0, 0.0, 0.125, 0.0, 0.0, 0.0, 0.0, 0.0, 0.0, 0.0, 0.0, 0.0, 0.0, 0.0, 0.0909, 0.0, 0.0, 0.1, 0.0, 0.0, 0.0, 0.0, 0.0, 0.0, 0.0, 0.0, 0.0, 0.0, 0.0, 0.0, 0.0, 0.0, 0.0, 0.1429, 0.0, 0.0, 0.0, 0.0, 0.1429, 0.0, 0.0, 0.0, 0.0, 0.0, 0.0, 0.0, 0.0, 0.0, 0.0, 0.0, 0.0, 0.0, 0.0, 0.1429, 0.0714, 0.0, 0.0, 0.0, 0.0, 0.0, 0.0, 0.0, 0.0, 0.0, 0.0, 0.0, 0.0, 0.0, 0.0, 0.0, 0.0, 0.0, 0.0, 0.0, 0.0, 0.0, 0.0, 0.0, 0.0, 0.0, 0.0, 0.0, 0.0, 0.0, 0.0, 0.0, 0.0, 0.0, 0.0, 0.0, 0.125, 0.0, 0.0, 0.0, 0.0, 0.0, 0.0, 0.1111, 0.0, 0.0, 0.0, 0.0, 0.0, 0.0, 0.0, 0.125, 0.0, 0.0, 0.0, 0.0, 0.0, 0.0, 0.0, 0.0, 0.0, 0.0, 0.0, 0.0, 0.0, 0.0, 0.1429, 0.0, 0.1429, 0.0, 0.0833, 0.0, 0.0, 0.0, 0.2, 0.0, 0.0, 0.0, 0.0]",[]
broadcast,0.9,7,broadcast,0.0795,0.0795,0.0795,1.0,0.0795,0.0,28,True,159,0,279,1562,0,"[0.0, 0.0195, 0.0225, 0.0245, 0.0285, 0.032, 0.0355, 0.0405, 0.045, 0.048, 0.051, 0.0535, 0.0555, 0.058, 0.0605, 0.0615, 0.063, 0.0645, 0.0655, 0.0665, 0.0695, 0.072, 0.0725, 0.073, 0.0735, 0.0755, 0.077, 0.0795, 0.0795, 0.0795, 0.0795, 0.0795, 0.0795, 0.0795, 0.0795, 0.0795, 0.0795, 0.0795, 0.0795, 0.0795, 0.0795, 0.0795, 0.0795, 0.0795, 0.0795, 0.0795, 0.0795, 0.0795, 0.0795, 0.0795, 0.0795, 0.0795, 0.0795, 0.0795, 0.0795, 0.0795, 0.0795, 0.0795, 0.0795, 0.0795, 0.0795, 0.0795, 0.0795, 0.0795, 0.0795, 0.0795, 0.0795, 0.0795, 0.0795, 0.0795, 0.0795, 0.0795, 0.0795, 0.0795, 0.0795, 0.0795, 0.0795, 0.0795, 0.0795, 0.0795, 0.0795, 0.0795, 0.0795, 0.0795, 0.0795, 0.0795, 0.0795, 0.0795, 0.0795, 0.0795, 0.0795, 0.0795, 0.0795, 0.0795, 0.0795, 0.0795, 0.0795, 0.0795, 0.0795, 0.0795, 0.0795]","{""0"": 0.0366, ""1"": 0.0084, ""2"": 0.0156, ""3"": 0.3906, ""4"": 0.0229, ""5"": 0.0395, ""6"": 0.1331, ""7"": 0.0152}","[0.1111, 0.0, 0.0, 0.0, 0.8889, 0.0, 0.0, 0.0, 0.0, 0.0, 0.0, 0.0, 0.75, 0.0, 0.0, 0.0, 0.0, 0.0, 0.0, 0.0, 0.9, 0.0, 0.0, 0.0, 0.0, 0.0, 0.0, 0.0, 0.9, 0.0, 0.0769, 0.0, 0.1667, 0.0, 0.0, 0.0, 0.8571, 0.3333, 0.0, 0.1667, 0.0, 0.0, 0.0, 0.0, 0.0, 0.0, 0.0, 0.0909, 0.0, 0.0, 0.1667, 0.0, 0.0, 0.0, 0.125, 0.0, 0.0, 0.0, 0.0, 0.0, 0.0, 0.0, 0.0, 0.0, 0.0, 0.0, 0.0, 0.0, 0.0, 0.1111, 0.0, 0.1667, 0.0, 0.25, 0.0, 0.0, 0.0, 0.0, 0.0, 0.0, 0.0, 0.8571, 0.1111, 0.0, 0.125, 0.0, 0.125, 0.0, 0.0, 0.1429, 0.0, 0.0, 0.0, 0.0, 0.1, 0.0, 0.0, 0.0, 0.0, 0.0, 0.0, 0.0, 0.0, 0.0, 0.1429, 0.0, 0.0, 0.0, 0.0, 0.0, 0.0, 0.0, 0.0, 0.0, 0.0, 0.0, 0.0, 0.0, 0.125, 0.0, 0.0, 0.0, 0.0, 0.0, 0.0, 0.0, 0.0, 0.0, 0.125, 0.0, 0.0, 0.0, 0.0, 0.0, 0.1111, 0.1667, 0.0, 0.0, 0.0, 0.0, 0.0, 0.0, 0.0, 0.0, 0.0, 0.125, 0.0, 0.3333, 0.0, 0.0, 0.0, 0.0, 0.0, 0.0, 0.0, 0.0, 0.0, 0.1, 0.0, 0.0, 0.0, 0.0, 0.0, 0.0, 0.0, 0.0, 0.2, 0.2, 0.0, 0.0, 0.0, 0.0909, 0.2857, 0.0, 0.0, 0.0, 0.0, 0.0, 0.0, 0.0, 0.0, 0.0, 0.1111, 0.0, 0.0, 0.0, 0.0, 0.1, 0.875, 0.1111, 0.0, 0.2, 0.0, 0.0, 0.0, 0.0, 1.0, 0.0, 0.0, 0.75, 0.0, 0.0, 0.0, 0.0, 0.6, 0.0, 0.0, 1.0, 0.0, 0.0, 0.0, 0.0, 1.0, 0.0, 0.0, 1.0, 0.0769, 0.0, 0.0, 0.0, 1.0, 0.0, 0.1, 1.0, 0.0, 0.0, 0.0, 0.0833, 1.0, 0.0, 0.0, 0.0, 0.0, 0.0, 0.0, 0.0, 1.0, 0.0, 0.0, 0.0, 0.0, 0.0, 0.0, 0.0, 1.0, 0.0, 0.1429, 0.0, 0.0, 0.0]",[]
broadcast,0.9,8,broadcast,0.0415,0.0415,0.0415,1.0,0.0415,0.0,9,True,83,0,314,1603,0,"[0.0, 0.017, 0.02, 0.023, 0.0275, 0.0335, 0.0375, 0.04, 0.0415, 0.0415, 0.0415, 0.0415, 0.0415, 0.0415, 0.0415, 0.0415, 0.0415, 0.0415, 0.0415, 0.0415, 0.0415, 0.0415, 0.0415, 0.0415, 0.0415, 0.0415, 0.0415, 0.0415, 0.0415, 0.0415, 0.0415, 0.0415, 0.0415, 0.0415, 0.0415, 0.0415, 0.0415, 0.0415, 0.0415, 0.0415, 0.0415, 0.0415, 0.0415, 0.0415, 0.0415, 0.0415, 0.0415, 0.0415, 0.0415, 0.0415, 0.0415, 0.0415, 0.0415, 0.0415, 0.0415, 0.0415, 0.0415, 0.0415, 0.0415, 0.0415, 0.0415, 0.0415, 0.0415, 0.0415, 0.0415, 0.0415, 0.0415, 0.0415, 0.0415, 0.0415, 0.0415, 0.0415, 0.0415, 0.0415, 0.0415, 0.0415, 0.0415, 0.0415, 0.0415, 0.0415, 0.0415, 0.0415, 0.0415, 0.0415, 0.0415, 0.0415, 0.0415, 0.0415, 0.0415, 0.0415, 0.0415, 0.0415, 0.0415, 0.0415, 0.0415, 0.0415, 0.0415, 0.0415, 0.0415, 0.0415, 0.0415]","{""0"": 0.0145, ""1"": 0.0223, ""2"": 0.0244, ""3"": 0.0117, ""4"": 0.0124, ""5"": 0.0204, ""6"": 0.0164, ""7"": 0.2342}","[0.1111, 0.0, 0.0, 0.0, 0.0, 0.0, 0.2857, 0.0, 0.2, 0.0, 0.0, 0.0, 0.0, 0.0, 0.0833, 0.0, 0.0833, 0.0, 0.0, 0.4286, 0.0, 0.0, 0.0, 0.0, 0.1111, 0.0, 0.0, 0.0, 0.0, 0.0, 0.1111, 0.0, 1.0, 0.0, 0.1429, 0.0, 0.0, 0.0, 0.0, 0.0, 1.0, 0.1, 0.1667, 0.0, 0.1, 0.0, 0.0, 0.0, 0.875, 0.0, 0.0, 0.0, 0.0, 0.0, 0.0, 0.0, 1.0, 0.0, 0.0, 0.0, 0.0, 0.0, 0.0, 0.125, 0.875, 0.0, 0.0, 0.0, 0.0, 0.0, 0.0, 0.0, 1.0, 0.0, 0.0909, 0.0, 0.0, 0.0, 0.0, 0.0, 0.6, 0.0, 0.0, 0.0, 0.0, 0.0, 0.0, 0.0, 1.0, 0.0, 0.125, 0.0, 0.2, 0.0, 0.0, 0.0, 0.0, 0.0, 0.0, 0.0, 0.1429, 0.0, 0.0, 0.0, 0.0, 0.0, 0.0, 0.5, 0.0, 0.0, 0.0, 0.1, 0.0, 0.0, 0.0, 0.0, 0.0, 0.0, 0.0, 0.0, 0.0, 0.125, 0.0, 0.0, 0.0, 0.0, 0.0, 0.0, 0.0, 0.0, 0.0, 0.0, 0.0, 0.1111, 0.0, 0.0, 0.0, 0.0, 0.0, 0.0, 0.0, 0.1111, 0.0, 0.0, 0.0909, 0.0, 0.0, 0.125, 0.0, 0.0, 0.0, 0.0, 0.0, 0.0, 0.0, 0.0, 0.0, 0.0, 0.0, 0.1667, 0.0, 0.1429, 0.0833, 0.0, 0.0, 0.0, 0.0, 0.1429, 0.0, 0.0, 0.0, 0.0, 0.0, 0.0, 0.0, 0.0, 0.0, 0.0, 0.0, 0.0, 0.0, 0.1, 0.0, 0.0, 0.0, 0.0, 0.0, 0.0, 0.0, 0.0, 0.0, 0.0, 0.0, 0.0, 0.0, 0.0, 0.0, 0.0, 0.0, 0.0, 0.0, 0.1111, 0.1111, 0.0, 0.0, 0.0, 0.0, 0.0, 0.0, 0.0, 0.0, 0.0, 0.0, 0.0, 0.125, 0.0, 0.0, 0.0, 0.0, 0.0, 0.0, 0.0, 0.0, 0.0, 0.0, 0.0, 0.0, 0.0, 0.0, 0.0, 0.0, 0.0, 0.0, 0.0, 0.0, 0.0, 0.0, 0.0, 0.0, 0.0, 0.0, 0.0, 0.0, 0.0, 0.0, 0.0, 0.0, 0.0, 0.0, 0.0]",[]
broadcast,0.9,9,broadcast,0.053,0.053,0.053,1.0,0.053,-0.0,13,True,106,0,319,1575,0,"[0.0, 0.0215, 0.0255, 0.029, 0.0305, 0.0325, 0.037, 0.04, 0.046, 0.051, 0.0515, 0.0525, 0.053, 0.053, 0.053, 0.053, 0.053, 0.053, 0.053, 0.053, 0.053, 0.053, 0.053, 0.053, 0.053, 0.053, 0.053, 0.053, 0.053, 0.053, 0.053, 0.053, 0.053, 0.053, 0.053, 0.053, 0.053, 0.053, 0.053, 0.053, 0.053, 0.053, 0.053, 0.053, 0.053, 0.053, 0.053, 0.053, 0.053, 0.053, 0.053, 0.053, 0.053, 0.053, 0.053, 0.053, 0.053, 0.053, 0.053, 0.053, 0.053, 0.053, 0.053, 0.053, 0.053, 0.053, 0.053, 0.053, 0.053, 0.053, 0.053, 0.053, 0.053, 0.053, 0.053, 0.053, 0.053, 0.053, 0.053, 0.053, 0.053, 0.053, 0.053, 0.053, 0.053, 0.053, 0.053, 0.053, 0.053, 0.053, 0.053, 0.053, 0.053, 0.053, 0.053, 0.053, 0.053, 0.053, 0.053, 0.053, 0.053]","{""0"": 0.2148, ""1"": 0.0378, ""2"": 0.0237, ""3"": 0.016, ""4"": 0.0238, ""5"": 0.0262, ""6"": 0.0278, ""7"": 0.0392}","[0.0, 0.375, 0.125, 0.0, 0.125, 0.0, 0.0, 0.0, 0.0, 0.0, 0.1111, 0.0, 0.0, 0.1, 0.0, 0.0, 0.0, 0.0, 0.1667, 0.0, 0.0, 0.0, 0.0, 0.0, 0.0, 0.0, 0.1429, 0.1111, 0.0, 0.0, 0.0, 0.0, 0.0, 0.125, 0.0, 0.0, 0.0, 0.0, 0.0, 0.0, 0.0, 0.0, 0.0, 0.0, 0.0, 0.1429, 0.0, 0.0, 0.0, 0.0, 0.0, 0.0, 0.0, 0.0, 0.0, 0.0, 0.0, 0.0, 0.0, 0.0, 0.0, 0.0, 0.0, 0.1429, 0.375, 0.0, 0.0, 0.0, 0.0, 0.0, 0.1667, 0.0, 0.1111, 0.0, 0.0, 0.0, 0.0, 0.0, 0.0, 0.0, 0.0, 0.0, 0.0, 0.0, 0.0, 0.0, 0.0, 0.0, 0.0, 0.0, 0.0, 0.25, 0.0, 0.125, 0.125, 0.0, 0.0, 0.1429, 0.0, 0.0, 0.0, 0.0, 0.0, 0.0, 0.0, 0.0, 0.0, 0.0, 0.0, 0.0, 0.0, 0.0, 0.0, 0.0, 0.0, 0.0, 0.0, 0.0, 0.0, 0.1667, 0.0, 0.0, 0.0, 0.0, 0.1, 0.0, 0.0, 0.0, 0.0, 0.0, 0.0, 0.0, 0.0, 0.1111, 0.0, 0.0, 0.0, 0.0, 0.0, 0.0, 0.0, 0.0, 0.0, 0.1667, 0.0, 0.0, 0.0, 0.0, 0.125, 0.0, 0.0, 0.0, 0.0, 0.0, 0.0, 0.0, 0.0, 0.0, 0.0, 0.0, 0.0, 0.0, 0.0, 0.0, 0.0, 0.125, 0.0, 0.0, 0.0, 0.0, 0.0, 0.0909, 0.0, 0.0, 0.2, 0.0, 0.1429, 0.0, 0.0, 0.0, 0.0, 0.0, 0.0, 0.0, 0.0, 0.0, 0.0, 0.0, 0.0, 0.0, 0.1667, 0.125, 0.0, 1.0, 0.0, 0.0, 0.0, 0.0, 0.0, 0.0, 0.0, 0.8889, 0.0, 0.0, 0.0, 0.0, 0.0, 0.0, 0.25, 0.7778, 0.3333, 0.0909, 0.125, 0.0, 0.0, 0.0, 0.2, 1.0, 0.3333, 0.0, 0.0, 0.0909, 0.125, 0.0, 0.1429, 1.0, 0.0, 0.0, 0.0, 0.0, 0.0, 0.4, 0.0, 0.9091, 0.0, 0.2, 0.0, 0.0, 0.0, 0.0, 0.0, 0.7143, 0.125, 0.1, 0.0, 0.0, 0.0, 0.0, 0.0, 0.7778]",[]
broadcast,0.9,10,broadcast,0.021,0.021,0.021,1.0,0.021,0.0,4,True,42,0,306,1652,0,"[0.0, 0.019, 0.0205, 0.021, 0.021, 0.021, 0.021, 0.021, 0.021, 0.021, 0.021, 0.021, 0.021, 0.021, 0.021, 0.021, 0.021, 0.021, 0.021, 0.021, 0.021, 0.021, 0.021, 0.021, 0.021, 0.021, 0.021, 0.021, 0.021, 0.021, 0.021, 0.021, 0.021, 0.021, 0.021, 0.021, 0.021, 0.021, 0.021, 0.021, 0.021, 0.021, 0.021, 0.021, 0.021, 0.021, 0.021, 0.021, 0.021, 0.021, 0.021, 0.021, 0.021, 0.021, 0.021, 0.021, 0.021, 0.021, 0.021, 0.021, 0.021, 0.021, 0.021, 0.021, 0.021, 0.021, 0.021, 0.021, 0.021, 0.021, 0.021, 0.021, 0.021, 0.021, 0.021, 0.021, 0.021, 0.021, 0.021, 0.021, 0.021, 0.021, 0.021, 0.021, 0.021, 0.021, 0.021, 0.021, 0.021, 0.021, 0.021, 0.021, 0.021, 0.021, 0.021, 0.021, 0.021, 0.021, 0.021, 0.021, 0.021]","{""0"": 0.0249, ""1"": 0.0309, ""2"": 0.0348, ""3"": 0.0079, ""4"": 0.0198, ""5"": 0.0169, ""6"": 0.0162, ""7"": 0.0167}","[0.0, 0.0, 0.0, 0.0, 0.0, 0.0, 0.0, 0.0, 0.0, 0.0, 0.1111, 0.2, 0.0, 0.0, 0.0, 0.0, 0.0, 0.0, 0.0, 0.1429, 0.0, 0.0, 0.0, 0.0, 0.0, 0.0, 0.0, 0.1, 0.0, 0.0909, 0.1111, 0.0, 0.0, 0.0, 0.0, 0.0, 0.0, 0.125, 0.0, 0.0, 0.0, 0.0, 0.125, 0.0, 0.0, 0.0, 0.0, 0.0, 0.0, 0.0, 0.0, 0.0, 0.0, 0.0, 0.0, 0.0, 0.0, 0.1111, 0.0, 0.0, 0.0, 0.0, 0.0909, 0.0, 0.0, 0.0, 0.0, 0.0, 0.0, 0.0, 0.0, 0.0, 0.0, 0.0, 0.0, 0.0, 0.0, 0.1429, 0.0, 0.125, 0.0, 0.0, 0.0, 0.0, 0.0, 0.0, 0.0, 0.0, 0.0, 0.0, 0.0, 0.0, 0.0, 0.0, 0.0, 0.1111, 0.0, 0.0, 0.1, 0.0, 0.0, 0.0, 0.0, 0.0, 0.0, 0.0, 0.0, 0.0, 0.125, 0.0, 0.0, 0.0714, 0.0, 0.0, 0.0, 0.1667, 0.0, 0.0, 0.0, 0.0, 0.0, 0.0, 0.0, 0.0, 0.0, 0.0, 0.0, 0.0, 0.125, 0.2857, 0.0, 0.0, 0.0, 0.0, 0.0, 0.0, 0.0, 0.125, 0.1667, 0.0, 0.0, 0.0, 0.0, 0.0, 0.0, 0.0, 0.0, 0.1, 0.0, 0.1, 0.0, 0.0, 0.1111, 0.0, 0.1111, 0.0, 0.0, 0.0, 0.0, 0.0, 0.1667, 0.0, 0.0, 0.0, 0.0, 0.0, 0.0, 0.0, 0.125, 0.0, 0.0, 0.3333, 0.0, 0.0, 0.125, 0.0, 0.0, 0.0, 0.0, 0.0, 0.1111, 0.0, 0.0, 0.0, 0.0, 0.0, 0.0, 0.0, 0.0, 0.0, 0.0, 0.0, 0.0, 0.0, 0.0, 0.0, 0.0, 0.0, 0.0, 0.0, 0.0, 0.0, 0.0, 0.0, 0.0, 0.1111, 0.0, 0.0, 0.0, 0.0833, 0.2, 0.125, 0.0, 0.0, 0.0, 0.0, 0.0, 0.0, 0.0, 0.0, 0.0, 0.0, 0.1667, 0.1667, 0.0, 0.0, 0.1, 0.0, 0.0, 0.0, 0.0, 0.0, 0.0, 0.2222, 0.0, 0.0, 0.0, 0.0, 0.0, 0.0, 0.0, 0.0, 0.1111, 0.0, 0.0, 0.0, 0.0, 0.0, 0.0, 0.0]",[]
broadcast,0.9,11,broadcast,0.027,0.027,0.027,1.0,0.027,-0.0,10,True,54,0,290,1656,0,"[0.0, 0.0185, 0.02, 0.021, 0.0225, 0.024, 0.025, 0.026, 0.0265, 0.027, 0.027, 0.027, 0.027, 0.027, 0.027, 0.027, 0.027, 0.027, 0.027, 0.027, 0.027, 0.027, 0.027, 0.027, 0.027, 0.027, 0.027, 0.027, 0.027, 0.027, 0.027, 0.027, 0.027, 0.027, 0.027, 0.027, 0.027, 0.027, 0.027, 0.027, 0.027, 0.027, 0.027, 0.027, 0.027, 0.027, 0.027, 0.027, 0.027, 0.027, 0.027, 0.027, 0.027, 0.027, 0.027, 0.027, 0.027, 0.027, 0.027, 0.027, 0.027, 0.027, 0.027, 0.027, 0.027, 0.027, 0.027, 0.027, 0.027, 0.027, 0.027, 0.027, 0.027, 0.027, 0.027, 0.027, 0.027, 0.027, 0.027, 0.027, 0.027, 0.027, 0.027, 0.027, 0.027, 0.027, 0.027, 0.027, 0.027, 0.027, 0.027, 0.027, 0.027, 0.027, 0.027, 0.027, 0.027, 0.027, 0.027, 0.027, 0.027]","{""0"": 0.0249, ""1"": 0.0205, ""2"": 0.0233, ""3"": 0.008, ""4"": 0.0827, ""5"": 0.021, ""6"": 0.0264, ""7"": 0.0081}","[0.1111, 0.1111, 0.2, 0.0, 0.0, 0.0, 0.0, 0.0, 0.0, 0.0, 0.0, 0.0, 0.0, 0.0833, 0.0, 0.0, 0.1111, 0.0, 0.0, 0.1429, 0.0, 0.0, 0.0, 0.0, 0.0, 0.0, 0.1111, 0.0, 0.0, 0.0, 0.0, 0.0, 0.0, 0.0909, 0.0, 0.125, 0.0, 0.0, 0.0, 0.0, 0.0, 0.0, 0.0, 0.0, 0.0, 0.0, 0.0, 0.0, 0.0, 0.0, 0.0, 0.1667, 0.0, 0.0, 0.0, 0.0, 0.0, 0.0, 0.0, 0.0, 0.0, 0.0833, 0.0, 0.0, 0.0, 0.1429, 0.0, 0.0, 0.0, 0.0, 0.0, 0.0, 0.0, 0.0, 0.0, 0.0, 0.0, 0.0833, 0.0, 0.0, 0.0, 0.0, 0.0, 0.0, 0.0, 1.0, 0.0, 0.0, 0.0, 0.0, 0.0, 0.0, 0.0, 0.8571, 0.1111, 0.0, 0.0, 0.0, 0.1, 0.0, 0.0, 0.2222, 0.0, 0.0, 0.0, 0.0, 0.0, 0.0, 0.0, 0.0, 0.0, 0.0, 0.0, 0.0, 0.0, 0.0, 0.0, 0.0, 0.0, 0.3333, 0.0, 0.0, 0.0, 0.0, 0.0, 0.0, 0.0, 0.0, 0.0, 0.0, 0.0, 0.0, 0.0, 0.0, 0.0, 0.0, 0.0, 0.0667, 0.0, 0.0, 0.125, 0.0, 0.0, 0.0, 0.0, 0.2, 0.0, 0.0, 0.0, 0.0, 0.0, 0.1111, 0.0, 0.0, 0.1111, 0.0, 0.0, 0.0, 0.0, 0.0, 0.0, 0.0, 0.0, 0.0, 0.0, 0.0, 0.0, 0.0, 0.1, 0.0, 0.1429, 0.0, 0.0, 0.0, 0.0, 0.0, 0.0, 0.0, 0.0, 0.2222, 0.0, 0.0, 0.0, 0.1, 0.0, 0.0, 0.0, 0.0, 0.1429, 0.0, 0.0, 0.0, 0.0, 0.0833, 0.0, 0.0, 0.0, 0.0, 0.0, 0.0, 0.0, 0.0, 0.0, 0.0, 0.0, 0.0, 0.0, 0.0, 0.0, 0.0, 0.0, 0.0, 0.0, 0.0, 0.0, 0.0, 0.0, 0.0, 0.0, 0.0, 0.0, 0.0, 0.1429, 0.0, 0.0, 0.0, 0.0, 0.0, 0.0, 0.0, 0.1429, 0.0, 0.0, 0.1667, 0.0, 0.0, 0.0, 0.0, 0.1429, 0.1667, 0.0, 0.0, 0.0, 0.0, 0.0, 0.0, 0.0, 0.1429, 0.0, 0.0]",[]
broadcast,0.95,0,broadcast,0.048,0.048,0.048,1.0,0.048,0.0,15,True,96,0,300,1604,0,"[0.0, 0.0225, 0.025, 0.027, 0.028, 0.03, 0.032, 0.035, 0.0385, 0.041, 0.0425, 0.0445, 0.046, 0.047, 0.048, 0.048, 0.048, 0.048, 0.048, 0.048, 0.048, 0.048, 0.048, 0.048, 0.048, 0.048, 0.048, 0.048, 0.048, 0.048, 0.048, 0.048, 0.048, 0.048, 0.048, 0.048, 0.048, 0.048, 0.048, 0.048, 0.048, 0.048, 0.048, 0.048, 0.048, 0.048, 0.048, 0.048, 0.048, 0.048, 0.048, 0.048, 0.048, 0.048, 0.048, 0.048, 0.048, 0.048, 0.048, 0.048, 0.048, 0.048, 0.048, 0.048, 0.048, 0.048, 0.048, 0.048, 0.048, 0.048, 0.048, 0.048, 0.048, 0.048, 0.048, 0.048, 0.048, 0.048, 0.048, 0.048, 0.048, 0.048, 0.048, 0.048, 0.048, 0.048, 0.048, 0.048, 0.048, 0.048, 0.048, 0.048, 0.048, 0.048, 0.048, 0.048, 0.048, 0.048, 0.048, 0.048, 0.048]","{""0"": 0.0122, ""1"": 0.2262, ""2"": 0.0171, ""3"": 0.0283, ""4"": 0.0154, ""5"": 0.0605, ""6"": 0.0247, ""7"": 0.0247}","[0.1111, 0.0909, 0.8571, 0.0, 0.0, 0.0, 0.0, 0.0, 0.0, 0.0, 0.8462, 0.0, 0.0, 0.0, 0.6667, 0.0769, 0.0, 0.0, 0.8889, 0.0, 0.0, 0.0, 0.1429, 0.0, 0.0, 0.0, 0.875, 0.1667, 0.0, 0.0, 0.0667, 0.0, 0.0, 0.0, 1.0, 0.0, 0.0, 0.0, 0.0, 0.0, 0.0, 0.0, 0.8, 0.0, 0.25, 0.1111, 0.0, 0.0, 0.0, 0.0, 0.0, 0.0, 0.0, 0.0, 0.1, 0.0, 0.0, 0.0, 0.0, 0.0, 0.0, 0.0, 0.0, 0.0, 0.0, 0.1, 0.0, 0.0, 0.0, 0.0, 0.0, 0.0, 0.0, 0.0, 0.2, 0.0, 0.0, 0.0, 0.0, 0.0, 0.0, 0.0909, 0.0, 0.0, 0.1111, 0.0, 0.0, 0.0, 0.0, 0.0, 0.0, 0.0, 0.0, 0.0, 0.0, 0.0, 0.0, 0.0, 0.0, 0.0, 0.0, 0.0, 0.0, 0.0, 0.0, 0.0, 0.0, 0.0, 0.0, 0.0, 0.0, 0.0, 0.0, 0.0, 0.125, 0.0, 0.0, 0.1667, 0.0, 0.0, 0.1111, 0.0, 0.0, 0.0, 0.0, 0.0, 0.0588, 0.0, 0.0, 0.0, 0.0, 0.0, 0.0, 0.1, 0.0, 0.0, 0.0, 0.0, 0.0, 0.0, 0.0, 0.0, 0.0, 0.0, 0.0, 0.0, 0.0, 0.0, 0.0, 0.0, 0.2857, 0.0, 0.25, 0.0, 0.0, 0.1111, 0.0, 0.0, 0.0, 0.0, 0.1, 0.0, 0.0, 0.0, 0.1667, 0.0, 0.0, 0.1429, 0.0, 0.0, 0.0, 0.0, 0.0, 0.0, 0.2, 0.0, 0.0, 0.0, 0.0, 0.0, 0.0, 0.0, 0.1429, 0.1, 0.0, 0.0, 0.0, 0.3333, 0.0, 0.0, 0.1, 0.0, 0.0, 0.0, 0.0, 0.0, 0.0, 0.1111, 0.2222, 0.0, 0.0, 0.0, 0.0, 0.0, 0.2222, 0.0, 0.0, 0.0833, 0.0, 0.0, 0.0, 0.0, 0.1111, 0.0, 0.0, 0.0, 0.2, 0.0, 0.125, 0.0, 0.0, 0.0, 0.0, 0.1, 0.0, 0.0, 0.0, 0.0, 0.0, 0.0, 0.0, 0.1667, 0.0, 0.0, 0.0, 0.1667, 0.0, 0.0, 0.0, 0.0, 0.1, 0.0, 0.7143, 0.0, 0.0, 0.0, 0.0, 0.0, 0.0, 0.0]",[]
broadcast,0.95,1,broadcast,0.0485,0.0485,0.0485,1.0,0.0485,0.0,13,True,97,0,303,1600,0,"[0.0, 0.0215, 0.0265, 0.028, 0.0315, 0.0345, 0.0375, 0.04, 0.043, 0.0445, 0.046, 0.047, 0.0485, 0.0485, 0.0485, 0.0485, 0.0485, 0.0485, 0.0485, 0.0485, 0.0485, 0.0485, 0.0485, 0.0485, 0.0485, 0.0485, 0.0485, 0.0485, 0.0485, 0.0485, 0.0485, 0.0485, 0.0485, 0.0485, 0.0485, 0.0485, 0.0485, 0.0485, 0.0485, 0.0485, 0.0485, 0.0485, 0.0485, 0.0485, 0.0485, 0.0485, 0.0485, 0.0485, 0.0485, 0.0485, 0.0485, 0.0485, 0.0485, 0.0485, 0.0485, 0.0485, 0.0485, 0.0485, 0.0485, 0.0485, 0.0485, 0.0485, 0.0485, 0.0485, 0.0485, 0.0485, 0.0485, 0.0485, 0.0485, 0.0485, 0.0485, 0.0485, 0.0485, 0.0485, 0.0485, 0.0485, 0.0485, 0.0485, 0.0485, 0.0485, 0.0485, 0.0485, 0.0485, 0.0485, 0.0485, 0.0485, 0.0485, 0.0485, 0.0485, 0.0485, 0.0485, 0.0485, 0.0485, 0.0485, 0.0485, 0.0485, 0.0485, 0.0485, 0.0485, 0.0485, 0.0485]","{""0"": 0.0273, ""1"": 0.0781, ""2"": 0.0316, ""3"": 0.17, ""4"": 0.0081, ""5"": 0.0281, ""6"": 0.008, ""7"": 0.037}","[0.0, 0.0, 0.0, 0.0, 0.7778, 0.0, 0.0, 0.0, 0.0, 0.0, 0.0769, 0.0, 0.0, 0.0, 0.0, 0.0, 0.0, 0.0, 0.0, 0.0, 0.0, 0.0, 0.0, 0.0, 0.0, 0.0, 0.0, 0.0, 0.0, 0.0, 0.0, 0.0, 0.0, 0.0, 0.0, 0.0, 0.0, 0.0, 0.0, 0.0, 0.0, 0.2222, 0.1429, 0.0, 0.0, 0.0, 0.0, 0.0, 0.2, 0.0, 0.7, 0.0, 0.0, 0.0, 0.0909, 0.0, 0.0, 0.125, 0.8889, 0.0, 0.0, 0.0, 0.0, 0.0, 0.0, 0.0, 0.0, 0.1429, 0.0, 0.0, 0.0769, 0.1111, 0.0, 0.0, 0.0, 0.0, 0.1111, 0.0, 0.0, 0.0833, 0.0, 0.0, 0.0, 0.0, 1.0, 0.0, 0.0, 0.0, 0.125, 0.0, 0.0, 0.1667, 0.3636, 0.0, 0.0, 0.0, 0.0, 0.0, 0.0, 0.1111, 0.1818, 0.0, 0.0, 0.0, 0.0, 0.0, 0.0, 0.0, 0.2857, 0.0, 0.0, 0.0, 0.0, 0.0, 0.0, 0.0, 0.125, 0.0, 0.0, 0.0, 0.0, 0.0, 0.0, 0.2222, 0.0, 0.0, 0.0, 0.0, 0.0, 0.0, 0.0909, 0.0, 0.0, 0.0, 0.0, 0.0, 0.0, 0.0, 0.0667, 0.0, 0.0, 0.0, 0.0, 0.0, 0.0, 0.0, 0.0, 0.0, 0.0, 0.0, 0.0, 0.0, 0.2727, 0.0, 0.0, 0.0, 0.0, 0.0, 0.1111, 0.0, 0.1, 0.1429, 0.0, 0.0714, 0.0, 0.0, 0.0, 0.0, 0.1667, 0.1667, 0.0, 0.0, 0.0909, 0.0, 0.0, 0.0, 0.125, 0.0, 0.0, 0.0, 0.1667, 0.0, 0.0, 0.0, 0.125, 0.0, 0.0, 0.0, 0.0, 0.0, 0.0, 0.0, 0.0, 0.0, 0.0, 0.0, 0.0, 0.0, 0.125, 0.0, 0.0, 0.0, 0.0, 0.0, 0.0, 0.0, 0.2857, 0.0, 0.0, 0.0, 0.0, 0.0833, 0.0, 0.0, 0.0, 0.0, 0.0, 0.0909, 0.0, 0.0, 0.0, 0.0, 0.0, 0.0, 0.0, 0.0, 0.0, 0.0, 0.0, 0.0, 0.0, 0.0, 0.0, 0.0, 0.1429, 0.0, 1.0, 0.0, 0.0, 0.0, 0.0, 0.0, 0.0, 0.0, 1.0, 0.1818, 0.1111, 0.0, 0.0, 0.125]",[]
broadcast,0.95,2,broadcast,0.1515,0.1515,0.1515,1.0,0.1515,0.0,37,True,303,0,302,1395,0,"[0.0, 0.023, 0.0255, 0.027, 0.0295, 0.0335, 0.0365, 0.0405, 0.042, 0.043, 0.0445, 0.0465, 0.0485, 0.052, 0.057, 0.0615, 0.0675, 0.074, 0.0785, 0.0835, 0.09, 0.0975, 0.106, 0.1115, 0.116, 0.1215, 0.126, 0.13, 0.132, 0.134, 0.1375, 0.1415, 0.1465, 0.1475, 0.1495, 0.1505, 0.1515, 0.1515, 0.1515, 0.1515, 0.1515, 0.1515, 0.1515, 0.1515, 0.1515, 0.1515, 0.1515, 0.1515, 0.1515, 0.1515, 0.1515, 0.1515, 0.1515, 0.1515, 0.1515, 0.1515, 0.1515, 0.1515, 0.1515, 0.1515, 0.1515, 0.1515, 0.1515, 0.1515, 0.1515, 0.1515, 0.1515, 0.1515, 0.1515, 0.1515, 0.1515, 0.1515, 0.1515, 0.1515, 0.1515, 0.1515, 0.1515, 0.1515, 0.1515, 0.1515, 0.1515, 0.1515, 0.1515, 0.1515, 0.1515, 0.1515, 0.1515, 0.1515, 0.1515, 0.1515, 0.1515, 0.1515, 0.1515, 0.1515, 0.1515, 0.1515, 0.1515, 0.1515, 0.1515, 0.1515, 0.1515]","{""0"": 0.0152, ""1"": 0.0403, ""2"": 0.0135, ""3"": 0.0241, ""4"": 0.0382, ""5"": 0.884, ""6"": 0.1966, ""7"": 0.0111}","[0.1111, 0.0, 0.0, 0.0, 0.1429, 0.3333, 1.0, 0.0, 0.0, 0.0, 0.1429, 0.0, 0.1111, 0.1111, 0.4286, 0.0, 0.0, 0.0, 0.0, 0.0, 0.0, 0.1667, 0.6667, 0.1111, 0.0, 0.0, 0.0, 0.0, 0.0, 0.1, 1.0, 0.0, 0.0, 0.0, 0.375, 0.0, 0.0, 0.0, 1.0, 0.0, 0.0909, 0.0, 0.0, 0.0, 0.125, 0.0, 1.0, 0.0, 0.0, 0.2, 0.0, 0.0, 0.0, 0.0, 1.0, 0.0, 0.0, 0.0, 0.0, 0.0, 0.0, 0.0, 0.75, 0.0, 0.0, 0.0, 0.0, 0.0, 0.0, 0.1, 1.0, 0.0, 0.0, 0.0, 0.0, 0.0, 0.0, 0.0, 0.8889, 0.2, 0.0, 0.0, 0.0, 0.0, 0.0, 0.0, 0.8, 1.0, 0.0, 0.0, 0.0, 0.0, 0.0, 0.0, 1.0, 0.875, 0.0, 0.1667, 0.0, 0.0, 0.0, 0.0, 1.0, 1.0, 0.0, 0.0833, 0.0, 0.0, 0.0, 0.0, 1.0, 0.625, 0.0, 0.0, 0.0833, 0.0, 0.0, 0.0, 1.0, 0.8, 0.0, 0.0, 0.0, 0.0, 0.0, 0.0, 0.8, 0.8889, 0.0, 0.0, 0.0909, 0.0, 0.0, 0.1429, 0.9091, 0.75, 0.0, 0.0, 0.0, 0.0, 0.0, 0.0, 0.8333, 0.0, 0.0, 0.0, 0.1429, 0.125, 0.0833, 0.0, 1.0, 0.0, 0.0, 0.0, 0.0, 0.0, 0.1111, 0.1, 0.8333, 0.0, 0.0, 0.0, 0.1, 0.0, 0.0, 0.0, 1.0, 0.0, 0.0, 0.0, 0.0, 0.0, 0.0, 0.0, 0.8571, 0.0, 0.1667, 0.0, 0.0, 0.0, 0.0, 0.0833, 0.8333, 0.0, 0.0769, 0.0, 0.0, 0.1429, 0.0, 0.0, 0.75, 0.0, 0.0, 0.0, 0.0833, 0.0, 0.0, 0.0833, 1.0, 0.0, 0.0, 0.0, 0.0, 0.0, 0.0, 0.0, 1.0, 0.0, 0.0, 0.0, 0.0, 0.0, 0.0, 0.0, 0.7143, 0.0, 0.0, 0.0, 0.0, 0.1429, 0.0, 0.0, 0.5556, 0.0, 0.0, 0.0, 0.0, 0.0, 0.0, 0.0, 0.8333, 0.0, 0.0, 0.0, 0.0, 0.0, 0.0, 0.0, 1.0, 0.0, 0.0, 0.0, 0.0769, 0.0, 0.1111, 0.0, 0.8333, 0.0, 0.0, 0.0]",[]
broadcast,0.95,3,broadcast,0.0195,0.0195,0.0195,1.0,0.0195,0.0,3,True,39,0,319,1642,0,"[0.0, 0.0185, 0.0195, 0.0195, 0.0195, 0.0195, 0.0195, 0.0195, 0.0195, 0.0195, 0.0195, 0.0195, 0.0195, 0.0195, 0.0195, 0.0195, 0.0195, 0.0195, 0.0195, 0.0195, 0.0195, 0.0195, 0.0195, 0.0195, 0.0195, 0.0195, 0.0195, 0.0195, 0.0195, 0.0195, 0.0195, 0.0195, 0.0195, 0.0195, 0.0195, 0.0195, 0.0195, 0.0195, 0.0195, 0.0195, 0.0195, 0.0195, 0.0195, 0.0195, 0.0195, 0.0195, 0.0195, 0.0195, 0.0195, 0.0195, 0.0195, 0.0195, 0.0195, 0.0195, 0.0195, 0.0195, 0.0195, 0.0195, 0.0195, 0.0195, 0.0195, 0.0195, 0.0195, 0.0195, 0.0195, 0.0195, 0.0195, 0.0195, 0.0195, 0.0195, 0.0195, 0.0195, 0.0195, 0.0195, 0.0195, 0.0195, 0.0195, 0.0195, 0.0195, 0.0195, 0.0195, 0.0195, 0.0195, 0.0195, 0.0195, 0.0195, 0.0195, 0.0195, 0.0195, 0.0195, 0.0195, 0.0195, 0.0195, 0.0195, 0.0195, 0.0195, 0.0195, 0.0195, 0.0195, 0.0195, 0.0195]","{""0"": 0.0155, ""1"": 0.0154, ""2"": 0.0269, ""3"": 0.0154, ""4"": 0.016, ""5"": 0.0298, ""6"": 0.0241, ""7"": 0.0132}","[0.0, 0.0, 0.0, 0.0833, 0.0, 0.0, 0.0, 0.0, 0.0, 0.0, 0.0, 0.1429, 0.0, 0.0, 0.0, 0.0, 0.0, 0.0, 0.1, 0.0, 0.0, 0.0, 0.2, 0.0, 0.0, 0.0, 0.0, 0.0, 0.1, 0.0, 0.0, 0.0, 0.0, 0.0, 0.0, 0.1111, 0.0, 0.0, 0.0, 0.0, 0.125, 0.0, 0.0, 0.0, 0.0, 0.0, 0.3333, 0.0, 0.0, 0.0, 0.0, 0.0, 0.0, 0.0, 0.0, 0.0, 0.0, 0.25, 0.0, 0.1, 0.0, 0.1, 0.0, 0.0, 0.0, 0.0, 0.1111, 0.0, 0.0, 0.0, 0.0, 0.0, 0.0, 0.0, 0.0, 0.0, 0.0, 0.1429, 0.0, 0.0, 0.0, 0.0, 0.0, 0.0, 0.0, 0.0, 0.0, 0.0, 0.0, 0.0, 0.0, 0.0, 0.125, 0.0, 0.1111, 0.0, 0.0, 0.0, 0.0, 0.0, 0.0, 0.0, 0.25, 0.0, 0.0, 0.0, 0.0, 0.0, 0.0, 0.0, 0.0, 0.0, 0.0, 0.0, 0.0, 0.0, 0.0, 0.0, 0.0, 0.0, 0.1, 0.0, 0.1, 0.0769, 0.125, 0.0, 0.0, 0.1429, 0.0909, 0.0, 0.0, 0.3333, 0.0, 0.0, 0.0, 0.0, 0.0, 0.2, 0.0, 0.125, 0.0, 0.1429, 0.0, 0.0, 0.0, 0.0, 0.0, 0.0, 0.125, 0.0, 0.0, 0.0, 0.0, 0.0, 0.0, 0.0, 0.0, 0.0, 0.0, 0.125, 0.0, 0.0, 0.0, 0.0, 0.0, 0.0, 0.0, 0.0, 0.0, 0.0, 0.0, 0.0, 0.0, 0.1, 0.0, 0.0, 0.0, 0.0, 0.0, 0.0, 0.0, 0.0, 0.0, 0.1111, 0.0, 0.0, 0.0, 0.0, 0.0, 0.0, 0.0, 0.1111, 0.0, 0.0, 0.0667, 0.0, 0.0, 0.0, 0.1, 0.0, 0.0, 0.0, 0.0, 0.0, 0.0, 0.0, 0.1111, 0.0, 0.0, 0.0, 0.0, 0.0, 0.0, 0.0, 0.0, 0.0, 0.0, 0.0, 0.0, 0.0, 0.0, 0.0, 0.125, 0.1111, 0.0, 0.0909, 0.0, 0.0, 0.0, 0.0, 0.0, 0.125, 0.0, 0.0, 0.0, 0.0, 0.0, 0.0, 0.0, 0.0, 0.0, 0.125, 0.0, 0.0, 0.0, 0.0, 0.0, 0.0, 0.0, 0.0]",[]
broadcast,0.95,4,broadcast,0.0575,0.0575,0.0575,1.0,0.0575,-0.0,15,True,115,0,305,1580,0,"[0.0, 0.0245, 0.027, 0.029, 0.0325, 0.0365, 0.041, 0.044, 0.0455, 0.0475, 0.0485, 0.05, 0.052, 0.055, 0.0575, 0.0575, 0.0575, 0.0575, 0.0575, 0.0575, 0.0575, 0.0575, 0.0575, 0.0575, 0.0575, 0.0575, 0.0575, 0.0575, 0.0575, 0.0575, 0.0575, 0.0575, 0.0575, 0.0575, 0.0575, 0.0575, 0.0575, 0.0575, 0.0575, 0.0575, 0.0575, 0.0575, 0.0575, 0.0575, 0.0575, 0.0575, 0.0575, 0.0575, 0.0575, 0.0575, 0.0575, 0.0575, 0.0575, 0.0575, 0.0575, 0.0575, 0.0575, 0.0575, 0.0575, 0.0575, 0.0575, 0.0575, 0.0575, 0.0575, 0.0575, 0.0575, 0.0575, 0.0575, 0.0575, 0.0575, 0.0575, 0.0575, 0.0575, 0.0575, 0.0575, 0.0575, 0.0575, 0.0575, 0.0575, 0.0575, 0.0575, 0.0575, 0.0575, 0.0575, 0.0575, 0.0575, 0.0575, 0.0575, 0.0575, 0.0575, 0.0575, 0.0575, 0.0575, 0.0575, 0.0575, 0.0575, 0.0575, 0.0575, 0.0575, 0.0575, 0.0575]","{""0"": 0.0187, ""1"": 0.0156, ""2"": 0.0084, ""3"": 0.0276, ""4"": 0.1393, ""5"": 0.209, ""6"": 0.0205, ""7"": 0.0279}","[0.2222, 0.125, 0.0833, 0.0, 0.0909, 0.0, 0.0, 0.0, 0.1, 0.1, 0.0, 0.0, 0.0, 0.1, 0.0, 0.1818, 0.0, 0.0, 0.0, 0.0, 0.0, 0.1, 0.0, 0.0, 0.0, 0.0, 0.0909, 0.0, 0.0, 0.1, 0.0, 0.0, 0.0, 0.0, 0.0, 0.0, 0.0, 0.0, 0.0, 0.0, 0.0, 0.0, 0.125, 0.0, 0.0, 0.0, 0.0, 0.0, 0.0, 0.0, 0.0, 0.0, 0.125, 0.1111, 0.125, 0.0, 0.0, 0.0, 0.0, 0.0, 0.0, 0.0, 0.0, 0.0, 0.0, 0.0, 0.0, 0.0, 0.0, 0.0, 0.0, 0.0, 0.0, 0.0, 0.0, 0.0, 0.0, 0.0, 0.0, 0.0, 0.0, 0.1429, 0.125, 0.0, 0.0, 0.1818, 0.0, 0.0, 0.0, 0.0, 0.0, 0.0, 0.0, 0.0, 0.0, 0.0, 0.125, 0.0, 0.0, 0.0, 0.0, 0.0, 0.0, 0.0, 0.0, 0.0, 0.0, 0.0, 0.0909, 0.0, 0.0, 0.125, 0.0, 0.0, 0.0, 0.0, 0.0, 0.0, 0.0, 0.0, 0.1, 0.0, 0.0, 0.0, 0.0, 0.0, 0.0, 0.0, 0.0, 0.0, 0.0, 0.0, 0.1, 0.1111, 0.0, 0.0, 0.0, 0.0, 0.0, 0.0, 0.1429, 0.125, 0.0, 0.0, 0.0, 0.0, 0.0, 0.0, 0.125, 0.1667, 0.1, 0.0, 0.0, 0.1429, 0.0, 0.0, 0.0, 0.0, 0.2, 0.0, 0.0, 0.0, 0.0, 0.0, 0.0, 0.5, 0.75, 0.1667, 0.0, 0.0, 0.0, 0.0, 0.0, 1.0, 0.8571, 0.125, 0.1667, 0.0, 0.0, 0.0, 0.0, 0.9, 1.0, 0.0, 0.0, 0.0, 0.0, 0.0, 0.0, 1.0, 0.8182, 0.0, 0.0, 0.0, 0.0, 0.0, 0.0, 0.5714, 0.8333, 0.0, 0.1, 0.0, 0.0, 0.0, 0.0, 0.0, 1.0, 0.0, 0.0, 0.0, 0.0, 0.0, 0.0, 0.0, 0.6667, 0.0, 0.1, 0.0, 0.0, 0.0, 0.1429, 0.0, 0.0, 0.0, 0.0, 0.0, 0.0, 0.0, 0.0, 0.0909, 0.0, 0.0, 0.0, 0.0, 0.0, 0.0, 0.0, 0.0, 0.0909, 0.0, 0.1429, 0.0, 0.0, 0.125, 0.0, 0.0, 0.0, 0.0, 0.0, 0.0625]",[]
broadcast,0.95,5,broadcast,0.13,0.13,0.13,1.0,0.13,0.0,42,True,260,0,312,1428,0,"[0.0, 0.0175, 0.022, 0.0265, 0.035, 0.042, 0.0495, 0.055, 0.0615, 0.068, 0.074, 0.079, 0.0815, 0.084, 0.087, 0.0905, 0.0925, 0.0945, 0.0955, 0.097, 0.0985, 0.1, 0.101, 0.102, 0.103, 0.1035, 0.104, 0.1045, 0.1055, 0.107, 0.1085, 0.109, 0.11, 0.1115, 0.116, 0.119, 0.1215, 0.122, 0.1235, 0.126, 0.129, 0.13, 0.13, 0.13, 0.13, 0.13, 0.13, 0.13, 0.13, 0.13, 0.13, 0.13, 0.13, 0.13, 0.13, 0.13, 0.13, 0.13, 0.13, 0.13, 0.13, 0.13, 0.13, 0.13, 0.13, 0.13, 0.13, 0.13, 0.13, 0.13, 0.13, 0.13, 0.13, 0.13, 0.13, 0.13, 0.13, 0.13, 0.13, 0.13, 0.13, 0.13, 0.13, 0.13, 0.13, 0.13, 0.13, 0.13, 0.13, 0.13, 0.13, 0.13, 0.13, 0.13, 0.13, 0.13, 0.13, 0.13, 0.13, 0.13, 0.13]","{""0"": 0.0035, ""1"": 0.0364, ""2"": 0.3444, ""3"": 0.1406, ""4"": 0.0119, ""5"": 0.004, ""6"": 0.5188, ""7"": 0.0169}","[0.0, 0.0, 0.0, 0.0, 0.0, 0.0, 0.0, 0.5, 0.0, 0.0, 0.0, 0.0, 0.0, 0.0667, 0.0, 0.6, 0.0, 0.0, 0.0, 0.0, 0.0, 0.0, 0.0, 1.0, 0.0, 0.0, 0.0, 0.0, 0.0, 0.0, 0.0, 0.875, 0.0, 0.0, 0.0909, 0.0, 0.0, 0.0, 0.0, 0.8, 0.0, 0.0, 0.1429, 0.0, 0.0, 0.0, 0.0, 1.0, 0.0, 0.0, 0.0, 0.0, 0.125, 0.0, 0.0, 0.8333, 0.0, 0.0, 0.125, 0.0, 0.75, 0.0, 0.0, 0.9, 0.1667, 0.0, 0.0, 0.0, 0.8571, 0.0, 0.0, 0.7273, 0.0, 0.0, 0.0, 0.0, 1.0, 0.0833, 0.0, 1.0, 0.0, 0.0, 0.1429, 0.0, 0.7, 0.0, 0.0, 0.8333, 0.0, 0.0, 0.0, 0.0, 0.8571, 0.0, 0.0, 0.8, 0.0, 0.0, 0.0, 0.0, 0.0, 0.0, 0.0, 0.1111, 0.0, 0.0, 0.0, 0.0, 0.0, 0.0, 0.0, 0.0, 0.0833, 0.0, 0.0, 0.0, 0.0, 0.0, 0.125, 0.0, 0.0, 0.0, 0.0, 0.0, 0.2, 0.0, 0.0, 0.0, 0.1667, 0.0, 0.0, 0.0, 0.0, 0.0769, 0.0, 0.0, 0.0, 0.0, 0.0, 0.0, 0.0, 0.0, 0.0, 0.0, 0.0, 0.0, 0.0, 0.1, 0.0, 0.0, 0.0, 0.0, 0.0, 0.0, 0.0, 0.1429, 0.0, 0.0, 0.0, 0.1, 0.0, 0.0, 0.0, 1.0, 0.0, 0.0, 0.0, 0.0, 0.0, 0.0, 0.0, 0.8333, 0.0, 0.0, 0.0, 0.0, 0.0, 0.0, 0.0, 1.0, 0.0, 0.0, 0.0, 0.0, 0.0, 0.0, 0.0, 1.0, 0.0833, 0.0, 0.0, 0.8333, 0.0, 0.0, 0.4444, 0.7778, 0.0, 0.0, 0.0, 0.8333, 0.0, 0.0, 0.0, 1.0, 0.0, 0.0, 0.0, 1.0, 0.1667, 0.0, 0.0, 1.0, 0.0, 0.0, 0.0, 0.8889, 0.0, 0.0, 0.0, 1.0, 0.0, 0.0, 0.0, 0.6667, 0.0, 0.0, 0.0, 0.75, 0.0, 0.0, 0.0, 0.8571, 0.0, 0.0, 0.2, 0.75, 0.0, 0.0, 0.0, 1.0, 0.0, 0.0, 0.0, 0.7778, 0.0, 0.0, 0.0, 0.875, 0.0, 0.0769]",[]
broadcast,0.95,6,broadcast,0.055,0.055,0.055,1.0,0.055,-0.0,26,True,110,0,315,1575,0,"[0.0, 0.018, 0.0215, 0.0235, 0.0255, 0.0275, 0.029, 0.031, 0.032, 0.033, 0.0345, 0.037, 0.04, 0.0415, 0.042, 0.0425, 0.043, 0.0435, 0.045, 0.0465, 0.0475, 0.048, 0.049, 0.051, 0.054, 0.055, 0.055, 0.055, 0.055, 0.055, 0.055, 0.055, 0.055, 0.055, 0.055, 0.055, 0.055, 0.055, 0.055, 0.055, 0.055, 0.055, 0.055, 0.055, 0.055, 0.055, 0.055, 0.055, 0.055, 0.055, 0.055, 0.055, 0.055, 0.055, 0.055, 0.055, 0.055, 0.055, 0.055, 0.055, 0.055, 0.055, 0.055, 0.055, 0.055, 0.055, 0.055, 0.055, 0.055, 0.055, 0.055, 0.055, 0.055, 0.055, 0.055, 0.055, 0.055, 0.055, 0.055, 0.055, 0.055, 0.055, 0.055, 0.055, 0.055, 0.055, 0.055, 0.055, 0.055, 0.055, 0.055, 0.055, 0.055, 0.055, 0.055, 0.055, 0.055, 0.055, 0.055, 0.055, 0.055]","{""0"": 0.0273, ""1"": 0.3062, ""2"": 0.012, ""3"": 0.0165, ""4"": 0.0361, ""5"": 0.0078, ""6"": 0.0207, ""7"": 0.004}","[0.1111, 0.0, 0.0, 0.125, 0.0, 0.0, 0.0, 0.0, 0.0, 0.0, 0.0, 0.0, 0.1111, 0.1, 0.0, 0.1429, 0.0, 0.0, 0.0, 0.0, 0.0, 0.4, 0.0, 0.0, 0.0, 0.0, 0.0, 0.0, 0.0, 0.1, 0.0, 0.0, 0.0, 0.0, 0.0, 0.125, 0.0, 0.0, 0.0, 0.0, 0.0, 0.0, 0.0, 0.0, 0.0, 0.125, 0.0, 0.0, 0.0, 0.0, 0.0, 0.0, 0.0, 0.0, 0.0, 0.0, 0.0, 0.0, 0.0, 0.0, 0.0, 0.1667, 0.1429, 0.0, 0.0, 0.0, 0.0, 0.0, 0.1429, 0.25, 0.0, 0.0, 0.0, 0.1111, 0.0, 0.0, 0.1667, 0.0, 0.0, 0.0, 0.0, 0.0, 0.0, 0.0, 0.0, 0.0, 0.0, 0.125, 0.0, 0.0, 0.1111, 0.0, 0.1429, 0.0, 0.0, 0.0909, 0.0, 0.0, 0.0, 0.0, 0.0, 0.0, 0.0, 0.0, 0.0, 0.0, 0.0, 0.0, 0.0, 0.0, 0.0, 0.0, 0.0, 0.0, 0.75, 0.0, 0.0, 0.0, 0.125, 0.0, 0.0, 0.0, 0.7273, 0.0, 0.0, 0.0, 0.0, 0.0, 0.0, 0.1429, 0.875, 0.0, 0.0, 0.0, 0.0, 0.0, 0.0, 0.0909, 0.875, 0.0, 0.0, 0.0, 0.0, 0.0, 0.1111, 0.1111, 0.75, 0.0, 0.0, 0.0, 0.0, 0.0, 0.0, 0.0, 0.7143, 0.0, 0.0, 0.0, 0.0, 0.0, 0.0, 0.0, 1.0, 0.125, 0.0, 0.0, 0.0, 0.0, 0.0, 0.0, 0.8, 0.0, 0.0, 0.0, 0.0, 0.0, 0.0, 0.1, 0.7778, 0.0, 0.0, 0.0, 0.0, 0.0, 0.0, 0.0, 0.8889, 0.0, 0.0, 0.0, 0.0, 0.1429, 0.0, 0.0, 1.0, 0.0, 0.0, 0.0, 0.0, 0.0, 0.0, 0.0, 0.125, 0.0, 0.0, 0.1667, 0.0, 0.0, 0.0, 0.1667, 0.0, 0.0, 0.0, 0.0, 0.0, 0.0, 0.0, 0.1111, 0.0, 0.0, 0.0, 0.0, 0.0, 0.0, 0.0, 0.0, 0.0, 0.0, 0.0, 0.0, 0.0, 0.125, 0.0, 0.0, 0.0, 0.0, 0.0, 0.0, 0.0, 0.0, 0.0, 0.0, 0.1111, 0.0, 0.0, 0.0, 0.0, 0.0, 0.0, 0.0]",[]
broadcast,0.95,7,broadcast,0.053,0.053,0.053,1.0,0.053,-0.0,12,True,106,0,300,1594,0,"[0.0, 0.022, 0.028, 0.0305, 0.033, 0.0355, 0.0395, 0.0445, 0.0485, 0.05, 0.0515, 0.053, 0.053, 0.053, 0.053, 0.053, 0.053, 0.053, 0.053, 0.053, 0.053, 0.053, 0.053, 0.053, 0.053, 0.053, 0.053, 0.053, 0.053, 0.053, 0.053, 0.053, 0.053, 0.053, 0.053, 0.053, 0.053, 0.053, 0.053, 0.053, 0.053, 0.053, 0.053, 0.053, 0.053, 0.053, 0.053, 0.053, 0.053, 0.053, 0.053, 0.053, 0.053, 0.053, 0.053, 0.053, 0.053, 0.053, 0.053, 0.053, 0.053, 0.053, 0.053, 0.053, 0.053, 0.053, 0.053, 0.053, 0.053, 0.053, 0.053, 0.053, 0.053, 0.053, 0.053, 0.053, 0.053, 0.053, 0.053, 0.053, 0.053, 0.053, 0.053, 0.053, 0.053, 0.053, 0.053, 0.053, 0.053, 0.053, 0.053, 0.053, 0.053, 0.053, 0.053, 0.053, 0.053, 0.053, 0.053, 0.053, 0.053]","{""0"": 0.0465, ""1"": 0.0198, ""2"": 0.0264, ""3"": 0.0088, ""4"": 0.1857, ""5"": 0.0899, ""6"": 0.0325, ""7"": 0.0162}","[0.2222, 0.2857, 0.0, 0.0, 0.0, 0.25, 0.0, 0.0, 0.0, 0.0, 0.0, 0.0, 0.0, 0.0, 0.0, 0.0, 0.0, 0.0, 0.0, 0.0833, 0.0, 0.0, 0.0, 0.0, 0.0, 0.25, 0.0, 0.0, 0.0, 0.1429, 0.0, 0.0, 0.0, 0.0, 0.0, 0.0, 0.0, 1.0, 0.1429, 0.0, 0.0, 0.0, 0.0, 0.1667, 0.0, 1.0, 0.0714, 0.1, 0.0, 0.0, 0.0, 0.0, 0.0, 0.8889, 0.0, 0.0, 0.1111, 0.0, 0.1429, 0.0, 0.0, 0.9091, 1.0, 0.4286, 0.0, 0.0556, 0.0, 0.0909, 0.0, 0.7778, 1.0, 0.0, 0.0, 0.0, 0.0, 0.0, 0.1429, 0.25, 0.3333, 0.0, 0.0, 0.0, 0.0, 0.0, 0.0, 0.0, 0.0, 0.0, 0.1111, 0.0, 0.0, 0.0, 0.0, 0.0, 0.0, 0.0, 0.0, 0.0, 0.0, 0.0, 0.0, 0.0, 0.0, 0.0, 0.0, 0.0909, 0.0, 0.0, 0.0, 0.0, 0.0, 0.0, 0.0, 0.0, 0.0, 0.0, 0.0, 0.0, 0.0, 0.2, 0.1, 0.0, 0.0, 0.0, 0.1111, 0.0, 0.0833, 0.25, 0.0, 0.1429, 0.0, 0.1111, 0.0, 0.0, 0.0, 0.0, 0.0, 0.0, 0.0, 0.0, 0.0, 0.0, 0.0, 0.0, 0.0, 0.1667, 0.2222, 0.0, 0.0, 0.0, 0.0, 0.0, 0.0, 0.1667, 0.0, 0.0, 0.0, 0.0, 0.0, 0.0, 0.0, 0.1, 0.125, 0.0, 0.0, 0.0, 0.0, 0.0, 0.0, 0.0, 0.0, 0.0, 0.0, 0.0, 0.0, 0.0, 0.0, 0.0, 0.1429, 0.0, 0.0, 0.0, 0.0, 0.0, 0.0, 0.0, 0.0, 0.0, 0.0, 0.125, 0.0, 0.0, 0.0, 0.0, 0.0, 0.0, 0.0, 0.3, 0.0, 0.0, 0.0, 0.0, 0.0, 0.0, 0.0, 0.0, 0.0, 0.0, 0.0, 0.1, 0.0, 0.0, 0.0, 0.0, 0.0714, 0.0, 0.125, 0.0, 0.0, 0.0, 0.0, 0.0, 0.1, 0.0, 0.0, 0.1667, 0.0, 0.0, 0.0, 0.0, 0.0, 0.0, 0.0, 0.0, 0.0, 0.0, 0.0, 0.0, 0.0, 0.0, 0.0, 0.0, 0.0, 0.2, 0.0, 0.0, 0.0, 0.0, 0.0, 0.0]",[]
broadcast,0.95,8,broadcast,0.059,0.059,0.059,1.0,0.059,0.0,24,True,118,0,295,1587,0,"[0.0, 0.019, 0.0205, 0.024, 0.0265, 0.029, 0.031, 0.0325, 0.0355, 0.038, 0.041, 0.0435, 0.0455, 0.0475, 0.0485, 0.051, 0.0525, 0.053, 0.0535, 0.0545, 0.056, 0.0575, 0.0585, 0.059, 0.059, 0.059, 0.059, 0.059, 0.059, 0.059, 0.059, 0.059, 0.059, 0.059, 0.059, 0.059, 0.059, 0.059, 0.059, 0.059, 0.059, 0.059, 0.059, 0.059, 0.059, 0.059, 0.059, 0.059, 0.059, 0.059, 0.059, 0.059, 0.059, 0.059, 0.059, 0.059, 0.059, 0.059, 0.059, 0.059, 0.059, 0.059, 0.059, 0.059, 0.059, 0.059, 0.059, 0.059, 0.059, 0.059, 0.059, 0.059, 0.059, 0.059, 0.059, 0.059, 0.059, 0.059, 0.059, 0.059, 0.059, 0.059, 0.059, 0.059, 0.059, 0.059, 0.059, 0.059, 0.059, 0.059, 0.059, 0.059, 0.059, 0.059, 0.059, 0.059, 0.059, 0.059, 0.059, 0.059, 0.059]","{""0"": 0.3359, ""1"": 0.009, ""2"": 0.0238, ""3"": 0.0226, ""4"": 0.0081, ""5"": 0.0112, ""6"": 0.016, ""7"": 0.0378}","[0.1111, 0.0, 0.0, 0.0, 0.0, 0.0, 0.0, 0.0, 0.0, 0.4286, 0.0, 0.125, 0.0, 0.0, 0.0, 0.0, 0.0, 0.0, 0.0, 0.0, 0.0, 0.0, 0.0, 0.0, 0.0, 0.0, 0.0, 0.0, 0.0, 0.0, 0.1111, 0.0, 0.0, 0.1429, 0.0, 0.1111, 0.0, 0.0, 0.0, 0.0, 0.0, 0.8571, 0.0, 0.0, 0.0, 0.0, 0.1667, 0.0, 0.0, 0.625, 0.0, 0.0, 0.0, 0.0, 0.0, 0.0, 0.0, 0.8333, 0.0, 0.0, 0.0, 0.0, 0.0, 0.0, 0.0, 1.0, 0.0, 0.0, 0.0, 0.0, 0.0, 0.0, 0.0, 1.0, 0.0, 0.1429, 0.0, 0.0, 0.0, 0.0, 0.0, 0.875, 0.0, 0.2, 0.1, 0.0, 0.0, 0.0, 0.0, 1.0, 0.0, 0.0, 0.0, 0.0, 0.0, 0.1429, 0.0, 0.8889, 0.0, 0.0, 0.0, 0.0, 0.0, 0.0, 0.0, 0.8889, 0.0, 0.0, 0.0, 0.0, 0.0, 0.1429, 0.0, 0.8571, 0.0, 0.0, 0.0, 0.0, 0.0, 0.0, 0.0, 1.0, 0.0, 0.0, 0.1667, 0.0, 0.0, 0.0, 0.0, 0.625, 0.0, 0.0, 0.0, 0.0, 0.0, 0.0, 0.1429, 0.0, 0.0, 0.0, 0.0, 0.0, 0.1111, 0.0, 0.0, 0.1, 0.125, 0.0, 0.0, 0.0, 0.0, 0.0, 0.0, 0.0, 0.0, 0.0, 0.0625, 0.0, 0.0, 0.0, 0.0, 0.125, 0.0, 0.0, 0.125, 0.0, 0.0, 0.0, 0.0, 0.0, 0.125, 0.0, 0.0, 0.0, 0.0, 0.0, 0.0, 0.0, 0.0, 0.0, 0.0, 0.1, 0.0, 0.0909, 0.125, 0.0, 0.0, 0.0, 0.0909, 0.0, 0.0, 0.0, 0.2222, 0.0714, 0.0, 0.0, 0.0, 0.0, 0.0, 0.0, 0.4, 0.0, 0.0, 0.1429, 0.0, 0.0, 0.0, 0.0, 0.2857, 0.0, 0.0, 0.0, 0.1667, 0.0, 0.0, 0.0, 0.0, 0.0, 0.0, 0.1, 0.0, 0.0, 0.0, 0.0, 0.0, 0.125, 0.0, 0.0, 0.0, 0.0, 0.0, 0.0625, 0.1667, 0.0, 0.0, 0.0, 0.0, 0.125, 0.0, 0.0, 0.0, 0.0, 0.0, 0.0, 0.0, 0.0, 0.0, 0.0, 0.0, 0.0]",[]
broadcast,0.95,9,broadcast,0.0335,0.0335,0.0335,1.0,0.0335,0.0,11,True,67,0,316,1617,0,"[0.0, 0.0175, 0.0195, 0.021, 0.0225, 0.025, 0.026, 0.027, 0.0295, 0.0315, 0.0335, 0.0335, 0.0335, 0.0335, 0.0335, 0.0335, 0.0335, 0.0335, 0.0335, 0.0335, 0.0335, 0.0335, 0.0335, 0.0335, 0.0335, 0.0335, 0.0335, 0.0335, 0.0335, 0.0335, 0.0335, 0.0335, 0.0335, 0.0335, 0.0335, 0.0335, 0.0335, 0.0335, 0.0335, 0.0335, 0.0335, 0.0335, 0.0335, 0.0335, 0.0335, 0.0335, 0.0335, 0.0335, 0.0335, 0.0335, 0.0335, 0.0335, 0.0335, 0.0335, 0.0335, 0.0335, 0.0335, 0.0335, 0.0335, 0.0335, 0.0335, 0.0335, 0.0335, 0.0335, 0.0335, 0.0335, 0.0335, 0.0335, 0.0335, 0.0335, 0.0335, 0.0335, 0.0335, 0.0335, 0.0335, 0.0335, 0.0335, 0.0335, 0.0335, 0.0335, 0.0335, 0.0335, 0.0335, 0.0335, 0.0335, 0.0335, 0.0335, 0.0335, 0.0335, 0.0335, 0.0335, 0.0335, 0.0335, 0.0335, 0.0335, 0.0335, 0.0335, 0.0335, 0.0335, 0.0335, 0.0335]","{""0"": 0.0114, ""1"": 0.0161, ""2"": 0.0262, ""3"": 0.0162, ""4"": 0.1374, ""5"": 0.0079, ""6"": 0.0197, ""7"": 0.029}","[0.0, 0.0, 0.0, 0.0, 0.0, 0.0, 0.0, 0.0, 0.1111, 0.0, 0.0, 0.0, 0.0, 0.0, 0.0, 0.0, 0.1, 0.0, 0.0, 0.125, 0.0, 0.0, 0.0, 0.0, 0.0769, 0.0, 0.0, 0.0, 0.0, 0.0, 0.0, 0.0, 0.0, 0.0, 0.0, 0.0, 0.0, 0.0, 0.0, 0.0, 0.1429, 0.0, 0.0, 0.0, 0.0, 0.0, 0.0, 0.0, 0.0, 0.0, 0.0, 0.0, 0.0, 0.0, 0.0, 0.0, 0.0, 0.0, 0.0, 0.0, 0.0, 0.0, 0.0, 0.0, 0.0, 0.0, 0.0, 0.0, 0.0, 0.1111, 0.0, 0.1, 0.0, 0.0, 0.0, 0.1111, 0.0, 0.0, 0.0, 0.0, 0.0, 0.0, 0.0, 0.0, 0.0, 0.1111, 0.0, 0.0, 0.0, 0.0, 0.0, 0.0, 0.0, 0.0, 0.0, 0.0833, 0.1111, 0.0, 0.0, 0.0, 0.0, 0.125, 0.0, 0.0, 0.0, 0.0, 0.0, 0.0, 0.0, 0.0, 0.125, 0.0, 0.0, 0.0, 0.0, 0.0, 0.0, 0.0, 0.0, 0.0909, 0.0, 0.0, 0.0, 0.0, 0.0, 0.0, 0.0, 0.0833, 0.0, 0.0, 0.0, 0.0, 0.0, 0.0, 0.0, 0.0, 0.0, 0.0, 0.1111, 0.0, 0.0, 1.0, 0.0, 0.0, 0.0, 0.0, 0.0, 0.0, 0.0909, 0.75, 0.0, 0.0, 0.2, 0.0, 0.0, 0.2, 0.3333, 0.8889, 0.0, 0.0, 0.0, 0.0909, 0.0, 0.0, 0.0909, 0.1111, 0.0, 0.0, 0.0, 0.0, 0.1667, 0.3333, 0.0, 0.8333, 0.0, 0.0, 0.0, 0.0, 0.0, 0.0, 0.0, 0.7143, 0.0, 0.0, 0.1667, 0.0, 0.0, 0.0, 0.0, 0.1429, 0.0, 0.0, 0.0, 0.25, 0.0, 0.0, 0.0, 0.0, 0.1667, 0.0, 0.0, 0.0, 0.0, 0.0, 0.0, 0.0, 0.0, 0.0, 0.0, 0.0, 0.0, 0.0909, 0.0, 0.0, 0.0, 0.0, 0.0, 0.0, 0.0, 0.0, 0.0, 0.0, 0.0, 0.1111, 0.0, 0.0, 0.1667, 0.0, 0.0, 0.0, 0.0, 0.0, 0.0, 0.0, 0.0, 0.0, 0.0, 0.0, 0.0, 0.0, 0.0, 0.0, 0.1111, 0.0, 0.0, 0.0, 0.0, 0.0, 0.0, 0.0]",[]
broadcast,0.95,10,broadcast,0.0175,0.0175,0.0175,1.0,0.0175,-0.0,4,True,35,0,306,1659,0,"[0.0, 0.016, 0.017, 0.0175, 0.0175, 0.0175, 0.0175, 0.0175, 0.0175, 0.0175, 0.0175, 0.0175, 0.0175, 0.0175, 0.0175, 0.0175, 0.0175, 0.0175, 0.0175, 0.0175, 0.0175, 0.0175, 0.0175, 0.0175, 0.0175, 0.0175, 0.0175, 0.0175, 0.0175, 0.0175, 0.0175, 0.0175, 0.0175, 0.0175, 0.0175, 0.0175, 0.0175, 0.0175, 0.0175, 0.0175, 0.0175, 0.0175, 0.0175, 0.0175, 0.0175, 0.0175, 0.0175, 0.0175, 0.0175, 0.0175, 0.0175, 0.0175, 0.0175, 0.0175, 0.0175, 0.0175, 0.0175, 0.0175, 0.0175, 0.0175, 0.0175, 0.0175, 0.0175, 0.0175, 0.0175, 0.0175, 0.0175, 0.0175, 0.0175, 0.0175, 0.0175, 0.0175, 0.0175, 0.0175, 0.0175, 0.0175, 0.0175, 0.0175, 0.0175, 0.0175, 0.0175, 0.0175, 0.0175, 0.0175, 0.0175, 0.0175, 0.0175, 0.0175, 0.0175, 0.0175, 0.0175, 0.0175, 0.0175, 0.0175, 0.0175, 0.0175, 0.0175, 0.0175, 0.0175, 0.0175, 0.0175]","{""0"": 0.0076, ""1"": 0.0233, ""2"": 0.0122, ""3"": 0.0152, ""4"": 0.0268, ""5"": 0.0087, ""6"": 0.016, ""7"": 0.0304}","[0.1111, 0.0, 0.0, 0.0, 0.0, 0.0, 0.0, 0.0, 0.1667, 0.0, 0.0, 0.0, 0.0, 0.0, 0.0, 0.0, 0.0, 0.0, 0.0, 0.0, 0.0909, 0.1, 0.0, 0.0, 0.0, 0.0, 0.0, 0.0, 0.0, 0.0, 0.0, 0.0, 0.0, 0.0, 0.0, 0.0, 0.0, 0.0, 0.0, 0.0, 0.1, 0.0, 0.0, 0.0, 0.0, 0.1111, 0.0, 0.0, 0.1429, 0.0, 0.0, 0.0, 0.0, 0.0, 0.0, 0.0, 0.0, 0.0, 0.0, 0.0, 0.0, 0.0, 0.0, 0.0, 0.0, 0.0, 0.0, 0.0, 0.0, 0.1667, 0.0, 0.0, 0.0, 0.0833, 0.0, 0.0, 0.0, 0.0, 0.0, 0.0, 0.0, 0.0, 0.1429, 0.0, 0.0, 0.0, 0.0, 0.0, 0.0, 0.0, 0.0, 0.0, 0.0, 0.0, 0.0, 0.0, 0.0, 0.125, 0.0, 0.0, 0.0, 0.0, 0.0, 0.0, 0.0, 0.0, 0.0, 0.0, 0.0, 0.0, 0.0, 0.0, 0.1, 0.0, 0.0, 0.0, 0.125, 0.0, 0.0, 0.0, 0.0, 0.0, 0.0, 0.0, 0.0, 0.0833, 0.0, 0.0, 0.0, 0.0, 0.0, 0.0, 0.0, 0.0, 0.0, 0.0, 0.0, 0.0, 0.0, 0.0, 0.0, 0.0, 0.0, 0.0, 0.0, 0.0, 0.125, 0.0, 0.0, 0.0, 0.1667, 0.0, 0.0, 0.0, 0.0, 0.0, 0.1429, 0.0, 0.0, 0.0, 0.1111, 0.0, 0.0, 0.0, 0.0, 0.0, 0.0, 0.0, 0.0, 0.0, 0.0, 0.0, 0.0, 0.0, 0.0, 0.5, 0.0, 0.0, 0.1111, 0.0, 0.0, 0.0, 0.1, 0.1667, 0.0, 0.0, 0.125, 0.0, 0.0, 0.0, 0.0, 0.0, 0.0, 0.0, 0.1111, 0.1111, 0.0, 0.0, 0.0, 0.0, 0.0, 0.0, 0.0, 0.0, 0.0, 0.0, 0.0, 0.0, 0.0, 0.0, 0.0, 0.0, 0.0, 0.1, 0.0, 0.0, 0.2222, 0.0, 0.0, 0.0, 0.0, 0.0909, 0.0, 0.0, 0.0, 0.0, 0.0, 0.0, 0.0, 0.0, 0.0, 0.0, 0.0, 0.0, 0.0, 0.3333, 0.0, 0.0, 0.0, 0.0, 0.0, 0.0, 0.1, 0.0, 0.0909, 0.0, 0.0, 0.0, 0.0, 0.0]",[]
broadcast,0.95,11,broadcast,0.0455,0.0455,0.0455,1.0,0.0455,0.0,24,True,91,0,307,1602,0,"[0.0, 0.0135, 0.0165, 0.018, 0.0205, 0.022, 0.0235, 0.0255, 0.0285, 0.0315, 0.032, 0.0325, 0.0335, 0.035, 0.037, 0.038, 0.04, 0.0405, 0.0415, 0.042, 0.043, 0.0445, 0.045, 0.0455, 0.0455, 0.0455, 0.0455, 0.0455, 0.0455, 0.0455, 0.0455, 0.0455, 0.0455, 0.0455, 0.0455, 0.0455, 0.0455, 0.0455, 0.0455, 0.0455, 0.0455, 0.0455, 0.0455, 0.0455, 0.0455, 0.0455, 0.0455, 0.0455, 0.0455, 0.0455, 0.0455, 0.0455, 0.0455, 0.0455, 0.0455, 0.0455, 0.0455, 0.0455, 0.0455, 0.0455, 0.0455, 0.0455, 0.0455, 0.0455, 0.0455, 0.0455, 0.0455, 0.0455, 0.0455, 0.0455, 0.0455, 0.0455, 0.0455, 0.0455, 0.0455, 0.0455, 0.0455, 0.0455, 0.0455, 0.0455, 0.0455, 0.0455, 0.0455, 0.0455, 0.0455, 0.0455, 0.0455, 0.0455, 0.0455, 0.0455, 0.0455, 0.0455, 0.0455, 0.0455, 0.0455, 0.0455, 0.0455, 0.0455, 0.0455, 0.0455, 0.0455]","{""0"": 0.019, ""1"": 0.0169, ""2"": 0.0116, ""3"": 0.0121, ""4"": 0.0163, ""5"": 0.0115, ""6"": 0.2705, ""7"": 0.0124}","[0.0, 0.0, 0.0, 0.0, 0.0, 0.0, 0.0, 0.0, 0.0, 0.25, 0.0, 0.0, 0.0, 0.0, 0.0, 0.0, 0.0, 0.0, 0.0, 0.1429, 0.0, 0.0, 0.0, 0.0, 0.0, 0.0, 0.0, 0.0, 0.0, 0.0, 0.0, 0.125, 0.0, 0.0, 0.0, 0.0, 0.0, 0.2222, 0.0, 0.0, 0.0, 0.0, 0.0, 0.0, 0.0, 0.0, 0.0, 0.0, 0.0, 0.0, 0.0, 0.0, 0.1111, 0.1111, 0.0, 0.0, 0.0, 0.0, 0.0, 0.0, 0.0, 0.0, 0.0, 0.0, 0.0, 0.0, 0.0, 0.0, 0.0, 0.0, 0.0, 0.0, 0.0, 0.0, 0.0, 0.0, 0.0, 0.0, 0.0, 0.0, 0.0, 0.0, 0.0, 0.0, 0.0, 0.0, 0.0, 0.0, 0.0, 0.0, 0.0, 0.0, 0.0, 0.0, 0.0, 0.0, 0.0, 0.0, 0.0, 0.0, 0.0, 0.0, 0.0, 0.0, 0.0909, 0.125, 0.0, 0.0, 0.0, 0.0, 0.0, 0.0, 0.0, 0.0, 0.0, 0.0, 0.0, 0.0, 0.0, 0.0, 0.0, 0.0, 0.0909, 0.0, 0.0, 0.0, 0.0, 0.0, 0.0, 0.0, 0.0, 0.0, 0.0, 0.0, 0.0, 0.0, 0.0, 0.0, 0.0, 0.0, 0.0, 0.0, 0.0, 0.0, 0.0, 0.0, 0.0, 0.125, 0.1111, 0.0, 0.0, 0.875, 0.0, 0.0, 0.0, 0.0, 0.0, 0.0, 0.0, 0.7778, 0.0, 0.0, 0.0, 0.0, 0.0, 0.0, 0.0, 0.8571, 0.0, 0.0, 0.1111, 0.1111, 0.0, 0.0, 0.0, 0.8571, 0.0, 0.0, 0.0, 0.0, 0.0, 0.0, 0.0, 1.0, 0.0833, 0.0, 0.0, 0.0, 0.0, 0.0, 0.0, 0.8333, 0.1111, 0.0625, 0.125, 0.0, 0.125, 0.0, 0.0, 0.6667, 0.0, 0.1667, 0.0, 0.0, 0.0, 0.1429, 0.0, 0.75, 0.0, 0.0, 0.0, 0.0, 0.0, 0.0, 0.375, 0.8333, 0.0, 0.0, 0.1667, 0.0, 0.0, 0.0, 0.0, 1.0, 0.0, 0.0, 0.0, 0.0, 0.0, 0.0, 0.0, 0.6667, 0.0, 0.0, 0.0, 0.0, 0.0, 0.0, 0.0, 0.1818, 0.0, 0.0, 0.0, 0.0, 0.0, 0.0, 0.0, 0.0, 0.0, 0.0]",[]
random,0.5,0,random,0.851,0.851,0.851,1.0,0.851,0.0,35,True,1702,0,269,29,0,"[0.05, 0.07, 0.0885, 0.11, 0.129, 0.1475, 0.1775, 0.2105, 0.237, 0.258, 0.2855, 0.316, 0.3405, 0.3715, 0.4, 0.421, 0.4505, 0.484, 0.5135, 0.5425, 0.574, 0.6035, 0.6385, 0.6715, 0.699, 0.724, 0.7505, 0.7795, 0.801, 0.8175, 0.8295, 0.8375, 0.847, 0.8505, 0.851, 0.851, 0.851, 0.851, 0.851, 0.851, 0.851, 0.851, 0.851, 0.851, 0.851, 0.851, 0.851, 0.851, 0.851, 0.851, 0.851, 0.851, 0.851, 0.851, 0.851, 0.851, 0.851, 0.851, 0.851, 0.851, 0.851, 0.851, 0.851, 0.851, 0.851, 0.851, 0.851, 0.851, 0.851, 0.851, 0.851, 0.851, 0.851, 0.851, 0.851, 0.851, 0.851, 0.851, 0.851, 0.851, 0.851, 0.851, 0.851, 0.851, 0.851, 0.851, 0.851, 0.851, 0.851, 0.851, 0.851, 0.851, 0.851, 0.851, 0.851, 0.851, 0.851, 0.851, 0.851, 0.851, 0.851]","{""0"": 0.8421, ""1"": 0.8735, ""2"": 0.845, ""3"": 0.8788, ""4"": 0.8707, ""5"": 0.8571, ""6"": 0.752, ""7"": 0.8907}","[0.8889, 0.9091, 0.8889, 0.8889, 1.0, 1.0, 0.8, 1.0, 0.9231, 0.9, 1.0, 0.7778, 0.8889, 0.6667, 0.7143, 1.0, 1.0, 0.8571, 0.75, 1.0, 0.75, 0.5, 0.9, 0.7143, 0.8571, 0.8889, 1.0, 1.0, 0.7, 0.7778, 0.8333, 0.125, 1.0, 0.8, 1.0, 0.7273, 0.9, 0.9, 0.9091, 0.0, 1.0, 0.8462, 0.7143, 1.0, 1.0, 0.75, 0.875, 0.1667, 1.0, 1.0, 0.7778, 1.0, 0.8571, 0.8333, 0.8333, 0.0, 1.0, 0.875, 0.8, 0.7778, 0.9231, 0.8571, 1.0, 0.6667, 0.8571, 0.8, 1.0, 1.0, 0.8571, 1.0, 0.7, 0.6667, 1.0, 0.8, 0.9091, 0.8571, 0.875, 0.9167, 0.875, 0.875, 1.0, 0.7143, 0.8, 1.0, 1.0, 0.7778, 0.8333, 0.8333, 0.9167, 1.0, 0.8571, 0.8182, 1.0, 1.0, 1.0, 0.8571, 1.0, 0.8, 0.8889, 0.5714, 0.7778, 0.7778, 0.75, 0.9231, 0.8333, 0.6667, 0.8889, 0.8889, 0.8571, 1.0, 0.9091, 0.8182, 1.0, 0.6667, 0.875, 0.5, 0.5714, 0.8333, 1.0, 0.8, 0.8889, 0.8889, 1.0, 0.9231, 1.0, 0.8571, 0.8333, 0.875, 0.2857, 1.0, 0.8182, 0.8333, 0.7778, 1.0, 0.7778, 0.875, 1.0, 0.8, 0.8, 0.8182, 0.6667, 0.75, 1.0, 0.9167, 0.8333, 0.8, 0.8, 1.0, 0.8571, 0.875, 0.75, 1.0, 0.8889, 0.875, 0.8571, 0.8, 1.0, 1.0, 0.8571, 1.0, 1.0, 0.8571, 0.8571, 0.8, 1.0, 0.8889, 0.8889, 0.875, 0.7, 1.0, 0.8889, 1.0, 0.875, 1.0, 0.9091, 1.0, 0.8, 0.8571, 1.0, 0.6667, 1.0, 1.0, 0.8333, 1.0, 1.0, 0.7143, 0.8571, 0.7143, 1.0, 0.8, 0.8889, 1.0, 0.8333, 0.7778, 1.0, 0.9091, 0.7778, 0.75, 1.0, 0.75, 0.7, 0.875, 1.0, 0.7778, 0.9, 1.0, 0.8, 1.0, 0.8889, 0.7143, 0.75, 0.9286, 0.6667, 0.8571, 0.8333, 0.8571, 1.0, 0.7143, 1.0, 0.6667, 0.8, 1.0, 0.8333, 0.625, 0.875, 0.875, 1.0, 0.875, 0.9, 1.0, 0.875, 0.8182, 1.0, 0.875, 0.6667, 0.8333, 1.0, 0.875, 1.0, 0.9231, 1.0, 0.8571, 0.8, 0.75, 1.0, 0.8333, 0.8, 0.625, 0.75, 0.75]","[0, 3, 4, 6, 10, 16, 17, 18, 24, 27, 29, 33, 34, 35, 36, 38, 41, 43, 44, 52, 56, 57, 62, 63, 64, 65, 66, 69, 71, 77, 86, 90, 101, 105, 107, 108, 110, 115, 117, 118, 120, 124, 125, 126, 129, 130, 132, 134, 136, 137, 148, 151, 152, 155, 157, 158, 161, 162, 174, 176, 178, 179, 181, 184, 185, 192, 195, 204, 211, 216, 220, 222, 227, 229, 234, 236, 238, 239, 240, 242, 243, 247, 248]"
random,0.5,1,random,0.8525,0.8525,0.8525,1.0,0.8525,0.0,25,True,1705,0,295,0,0,"[0.05, 0.075, 0.097, 0.1275, 0.155, 0.19, 0.231, 0.2775, 0.333, 0.3865, 0.4395, 0.4855, 0.5305, 0.588, 0.644, 0.6895, 0.728, 0.76, 0.785, 0.801, 0.82, 0.8315, 0.841, 0.849, 0.8525, 0.8525, 0.8525, 0.8525, 0.8525, 0.8525, 0.8525, 0.8525, 0.8525, 0.8525, 0.8525, 0.8525, 0.8525, 0.8525, 0.8525, 0.8525, 0.8525, 0.8525, 0.8525, 0.8525, 0.8525, 0.8525, 0.8525, 0.8525, 0.8525, 0.8525, 0.8525, 0.8525, 0.8525, 0.8525, 0.8525, 0.8525, 0.8525, 0.8525, 0.8525, 0.8525, 0.8525, 0.8525, 0.8525, 0.8525, 0.8525, 0.8525, 0.8525, 0.8525, 0.8525, 0.8525, 0.8525, 0.8525, 0.8525, 0.8525, 0.8525, 0.8525, 0.8525, 0.8525, 0.8525, 0.8525, 0.8525, 0.8525, 0.8525, 0.8525, 0.8525, 0.8525, 0.8525, 0.8525, 0.8525, 0.8525, 0.8525, 0.8525, 0.8525, 0.8525, 0.8525, 0.8525, 0.8525, 0.8525, 0.8525, 0.8525, 0.8525]","{""0"": 0.856, ""1"": 0.8354, ""2"": 0.8435, ""3"": 0.8419, ""4"": 0.856, ""5"": 0.8566, ""6"": 0.873, ""7"": 0.8598}","[0.7778, 0.9091, 0.8333, 0.8571, 0.875, 1.0, 0.7, 0.7143, 1.0, 0.75, 0.9, 0.6, 0.75, 0.4, 0.8333, 1.0, 0.875, 0.7, 1.0, 1.0, 1.0, 0.875, 1.0, 0.8889, 0.6667, 0.9, 1.0, 0.9, 0.875, 0.75, 0.8571, 0.7778, 0.9286, 0.8462, 0.8333, 0.875, 1.0, 1.0, 1.0, 0.8889, 0.7143, 0.75, 0.7143, 0.8889, 0.8889, 0.8, 0.875, 0.8333, 0.7143, 0.9, 1.0, 1.0, 1.0, 1.0, 0.8889, 0.6667, 0.9, 0.8889, 0.5556, 1.0, 0.875, 0.6, 0.8571, 1.0, 0.8571, 0.6667, 1.0, 0.625, 1.0, 0.8333, 0.8571, 0.7778, 0.8182, 1.0, 0.7143, 0.5714, 0.75, 1.0, 0.8333, 1.0, 1.0, 0.8571, 1.0, 0.6667, 0.7143, 0.75, 0.8333, 0.8, 0.5556, 1.0, 0.8, 1.0, 0.7778, 1.0, 0.8889, 0.75, 1.0, 0.5, 1.0, 0.75, 1.0, 1.0, 0.7778, 0.8333, 0.8889, 1.0, 0.9, 0.875, 0.8571, 0.8571, 0.7778, 0.75, 1.0, 0.6923, 1.0, 0.875, 1.0, 0.5714, 1.0, 0.8182, 0.8333, 0.9, 0.9091, 0.9091, 0.9, 0.8571, 1.0, 1.0, 0.7, 0.8, 0.6, 1.0, 1.0, 0.7, 0.9, 1.0, 0.875, 1.0, 0.5714, 0.7143, 0.7143, 0.9091, 0.875, 0.875, 0.75, 1.0, 0.8333, 0.75, 1.0, 0.875, 0.8889, 1.0, 0.7143, 0.5, 0.8333, 0.7143, 0.3333, 0.8889, 0.8571, 0.5, 0.7778, 1.0, 0.875, 1.0, 0.8182, 1.0, 0.6667, 0.8, 0.8571, 1.0, 0.75, 1.0, 0.6667, 1.0, 1.0, 0.6667, 0.8182, 0.8571, 0.875, 0.8182, 0.6667, 1.0, 1.0, 1.0, 1.0, 0.8889, 0.5, 1.0, 1.0, 0.7273, 0.75, 1.0, 1.0, 1.0, 0.8889, 0.5714, 0.7692, 0.9167, 0.7857, 0.9, 1.0, 0.9, 0.7778, 0.6667, 0.8, 0.7273, 0.875, 0.9, 1.0, 1.0, 0.75, 1.0, 0.8571, 1.0, 1.0, 0.875, 0.8889, 0.875, 0.8, 0.8, 0.5714, 0.8889, 0.9167, 0.9, 1.0, 0.7, 0.6667, 0.8, 0.8571, 0.9, 0.6, 0.9167, 1.0, 0.8333, 0.8889, 0.875, 0.6667, 0.6667, 0.5, 1.0, 0.6667, 1.0, 1.0, 0.7778, 1.0, 1.0, 1.0, 1.0, 0.6667, 1.0]","[5, 6, 8, 12, 14, 15, 16, 20, 21, 23, 28, 32, 33, 38, 47, 48, 50, 53, 56, 64, 66, 73, 74, 76, 77, 80, 85, 88, 90, 93, 94, 96, 98, 99, 100, 107, 110, 112, 113, 114, 115, 116, 119, 123, 125, 135, 137, 140, 141, 142, 147, 148, 151, 157, 158, 160, 163, 168, 169, 170, 171, 175, 176, 180, 181, 182, 184, 185, 190, 192, 200, 205, 206, 210, 213, 214, 219, 221, 222, 223, 225, 226, 232, 235, 236, 237, 241, 242, 243, 246]"
random,0.5,2,random,0.833,0.833,0.833,1.0,0.833,0.0,26,True,1666,0,266,68,0,"[0.05, 0.0765, 0.096, 0.1195, 0.152, 0.184, 0.21, 0.2385, 0.2675, 0.3035, 0.339, 0.379, 0.434, 0.487, 0.535, 0.588, 0.6505, 0.699, 0.737, 0.775, 0.7975, 0.811, 0.8195, 0.827, 0.8315, 0.833, 0.833, 0.833, 0.833, 0.833, 0.833, 0.833, 0.833, 0.833, 0.833, 0.833, 0.833, 0.833, 0.833, 0.833, 0.833, 0.833, 0.833, 0.833, 0.833, 0.833, 0.833, 0.833, 0.833, 0.833, 0.833, 0.833, 0.833, 0.833, 0.833, 0.833, 0.833, 0.833, 0.833, 0.833, 0.833, 0.833, 0.833, 0.833, 0.833, 0.833, 0.833, 0.833, 0.833, 0.833, 0.833, 0.833, 0.833, 0.833, 0.833, 0.833, 0.833, 0.833, 0.833, 0.833, 0.833, 0.833, 0.833, 0.833, 0.833, 0.833, 0.833, 0.833, 0.833, 0.833, 0.833, 0.833, 0.833, 0.833, 0.833, 0.833, 0.833, 0.833, 0.833, 0.833, 0.833]","{""0"": 0.8873, ""1"": 0.8542, ""2"": 0.8693, ""3"": 0.7627, ""4"": 0.8719, ""5"": 0.6762, ""6"": 0.8719, ""7"": 0.8565}","[0.8889, 0.8, 0.8889, 0.8182, 1.0, 0.8333, 0.0, 1.0, 0.8889, 1.0, 0.8333, 1.0, 0.9, 1.0, 0.2, 1.0, 0.8333, 1.0, 1.0, 0.625, 0.8333, 1.0, 0.0, 1.0, 1.0, 0.8, 0.875, 0.8, 0.8889, 0.8182, 0.125, 1.0, 0.625, 0.6667, 0.9, 0.8889, 0.7778, 0.875, 0.8571, 0.7333, 0.8889, 0.875, 0.8889, 0.875, 1.0, 0.6364, 0.875, 0.8462, 1.0, 0.75, 0.8571, 0.6667, 0.625, 0.8571, 0.875, 0.8571, 1.0, 0.875, 0.625, 0.875, 0.7143, 0.875, 0.75, 1.0, 1.0, 1.0, 0.875, 0.8333, 0.8333, 1.0, 0.8889, 1.0, 0.4286, 0.8571, 0.5, 0.9, 0.5, 0.8571, 0.8889, 1.0, 1.0, 0.8, 1.0, 1.0, 0.875, 0.6667, 1.0, 0.875, 0.8, 0.7143, 0.6, 1.0, 1.0, 1.0, 0.8571, 0.7143, 0.7, 0.7143, 0.75, 0.5714, 1.0, 0.875, 0.8889, 0.7778, 1.0, 0.75, 0.9091, 0.875, 0.75, 0.875, 0.9, 0.8, 0.8, 0.8571, 0.875, 1.0, 0.8462, 1.0, 1.0, 0.75, 0.8, 0.8571, 0.8, 0.9, 1.0, 1.0, 0.8571, 0.875, 0.8889, 0.7778, 0.8571, 1.0, 0.8571, 0.7143, 0.9231, 0.8333, 0.7143, 1.0, 1.0, 0.7692, 0.6, 0.875, 1.0, 1.0, 0.7143, 1.0, 0.6667, 0.625, 0.2222, 1.0, 1.0, 0.8333, 0.8333, 0.8182, 1.0, 0.875, 0.0, 0.8571, 1.0, 0.875, 1.0, 1.0, 0.7778, 1.0, 0.5556, 0.875, 0.75, 0.6, 1.0, 1.0, 1.0, 0.9, 0.75, 0.875, 0.875, 0.7778, 0.875, 0.8889, 1.0, 0.9, 1.0, 0.5, 0.8889, 0.75, 0.9, 1.0, 0.9231, 0.9167, 1.0, 1.0, 0.8333, 0.7143, 0.8571, 0.9091, 0.8182, 0.8125, 1.0, 0.8333, 0.8571, 1.0, 0.75, 0.9091, 1.0, 0.9167, 0.8889, 1.0, 0.75, 1.0, 0.8333, 1.0, 0.8571, 1.0, 0.8889, 1.0, 0.0, 0.8, 1.0, 0.8462, 1.0, 0.875, 0.7143, 0.75, 0.0, 0.9, 0.8, 1.0, 0.75, 0.9167, 0.75, 0.875, 0.3333, 0.875, 0.875, 0.8333, 1.0, 1.0, 0.7143, 0.8889, 0.7143, 0.9091, 1.0, 1.0, 0.7143, 1.0, 0.9, 0.8333, 0.0, 1.0, 0.7273, 1.0]","[0, 1, 11, 17, 18, 27, 29, 32, 39, 40, 50, 59, 62, 64, 68, 70, 71, 72, 73, 78, 80, 81, 82, 85, 86, 92, 94, 96, 98, 107, 115, 117, 119, 121, 123, 128, 129, 132, 134, 140, 141, 146, 148, 149, 153, 161, 163, 165, 166, 167, 171, 176, 178, 188, 199, 201, 202, 207, 208, 209, 210, 212, 213, 216, 219, 223, 224, 225, 226, 227, 228, 230, 232, 235, 237, 238, 241, 243, 244, 245, 247, 249]"
random,0.5,3,random,0.853,0.853,0.853,1.0,0.853,0.0,48,True,1706,0,280,14,0,"[0.05, 0.0685, 0.0825, 0.1, 0.122, 0.1395, 0.155, 0.1745, 0.197, 0.2195, 0.241, 0.259, 0.2735, 0.288, 0.2995, 0.313, 0.3265, 0.3395, 0.355, 0.3665, 0.378, 0.3895, 0.403, 0.422, 0.4415, 0.4615, 0.486, 0.5095, 0.5395, 0.5695, 0.603, 0.645, 0.682, 0.712, 0.736, 0.7585, 0.7765, 0.794, 0.808, 0.8215, 0.829, 0.8395, 0.8455, 0.848, 0.849, 0.851, 0.852, 0.853, 0.853, 0.853, 0.853, 0.853, 0.853, 0.853, 0.853, 0.853, 0.853, 0.853, 0.853, 0.853, 0.853, 0.853, 0.853, 0.853, 0.853, 0.853, 0.853, 0.853, 0.853, 0.853, 0.853, 0.853, 0.853, 0.853, 0.853, 0.853, 0.853, 0.853, 0.853, 0.853, 0.853, 0.853, 0.853, 0.853, 0.853, 0.853, 0.853, 0.853, 0.853, 0.853, 0.853, 0.853, 0.853, 0.853, 0.853, 0.853, 0.853, 0.853, 0.853, 0.853, 0.853]","{""0"": 0.8927, ""1"": 0.8694, ""2"": 0.8613, ""3"": 0.8444, ""4"": 0.8963, ""5"": 0.8458, ""6"": 0.8384, ""7"": 0.7738}","[0.7778, 1.0, 0.7143, 0.5, 0.9, 0.6667, 0.6, 1.0, 0.8, 0.8571, 1.0, 0.875, 0.8, 0.75, 1.0, 1.0, 0.8333, 0.6667, 0.6667, 0.8333, 0.8, 1.0, 0.7143, 0.875, 1.0, 1.0, 1.0, 1.0, 1.0, 1.0, 0.875, 0.8889, 0.9, 1.0, 0.6667, 0.8, 0.8889, 0.8, 0.8333, 0.8571, 0.8, 1.0, 0.8, 1.0, 0.875, 1.0, 1.0, 0.8333, 0.875, 0.8, 0.6667, 1.0, 0.7143, 0.9167, 1.0, 1.0, 0.8462, 0.625, 0.9231, 0.7778, 0.8889, 1.0, 1.0, 0.8, 0.7143, 0.8182, 1.0, 1.0, 0.8, 0.8333, 1.0, 0.7778, 0.8571, 0.9, 0.875, 0.8333, 0.8182, 0.8571, 0.8182, 0.8571, 1.0, 1.0, 0.75, 0.625, 0.8333, 1.0, 0.625, 0.8571, 0.7143, 1.0, 1.0, 0.8571, 0.8571, 1.0, 0.8889, 1.0, 0.625, 0.8, 1.0, 0.8, 0.875, 0.7692, 0.8571, 0.8, 0.6364, 1.0, 0.6667, 0.8889, 0.75, 1.0, 0.8333, 1.0, 0.7778, 0.8889, 1.0, 0.9, 0.8333, 1.0, 0.8, 0.8889, 0.8, 0.7778, 1.0, 1.0, 0.8333, 1.0, 0.9231, 0.8, 0.9, 1.0, 1.0, 0.9091, 1.0, 0.875, 0.9, 0.75, 0.8889, 1.0, 0.7143, 1.0, 0.5, 0.75, 0.9091, 0.875, 1.0, 0.8333, 0.7143, 0.8182, 0.8571, 1.0, 0.75, 0.6, 1.0, 0.8, 0.875, 1.0, 0.875, 1.0, 0.8571, 0.8889, 1.0, 0.9091, 0.7143, 0.7692, 0.8333, 0.7778, 0.8, 0.5, 0.8, 0.75, 1.0, 0.9167, 0.9, 1.0, 0.8, 1.0, 0.8333, 0.8, 1.0, 0.8333, 1.0, 0.8, 0.7273, 0.6667, 1.0, 1.0, 1.0, 1.0, 0.75, 0.9, 0.8889, 0.8571, 0.9, 0.9167, 0.875, 1.0, 0.8333, 1.0, 0.6667, 0.7778, 0.7143, 0.875, 0.9, 1.0, 0.8462, 0.8571, 0.8462, 0.8889, 0.7, 0.75, 0.875, 0.6667, 0.8571, 0.75, 0.8571, 0.8, 1.0, 1.0, 1.0, 0.8571, 0.75, 1.0, 0.8, 0.7778, 0.875, 0.9, 0.8333, 0.6667, 0.8, 0.6667, 1.0, 0.8889, 0.0, 1.0, 0.7143, 0.8333, 0.9167, 1.0, 1.0, 0.8, 0.1429, 0.8889, 0.875, 0.8333, 1.0, 0.8571, 1.0, 0.8571, 0.625, 0.875]","[0, 1, 7, 11, 13, 16, 22, 25, 27, 35, 36, 38, 42, 53, 56, 60, 61, 62, 65, 66, 76, 80, 81, 83, 85, 86, 89, 92, 93, 99, 109, 110, 113, 114, 119, 126, 131, 136, 141, 145, 147, 150, 151, 154, 161, 163, 164, 168, 172, 173, 174, 175, 176, 179, 180, 181, 188, 189, 192, 193, 196, 197, 198, 199, 203, 204, 206, 207, 212, 219, 220, 224, 225, 228, 234, 235, 239, 241, 243, 244, 245, 247, 248, 249]"
random,0.5,4,random,0.8495,0.8495,0.8495,1.0,0.8495,-0.0,32,True,1699,0,299,2,0,"[0.05, 0.069, 0.086, 0.1045, 0.128, 0.1585, 0.187, 0.2175, 0.249, 0.279, 0.311, 0.3415, 0.375, 0.417, 0.4625, 0.521, 0.5725, 0.623, 0.671, 0.7115, 0.7495, 0.774, 0.791, 0.809, 0.821, 0.8255, 0.829, 0.835, 0.841, 0.847, 0.8485, 0.8495, 0.8495, 0.8495, 0.8495, 0.8495, 0.8495, 0.8495, 0.8495, 0.8495, 0.8495, 0.8495, 0.8495, 0.8495, 0.8495, 0.8495, 0.8495, 0.8495, 0.8495, 0.8495, 0.8495, 0.8495, 0.8495, 0.8495, 0.8495, 0.8495, 0.8495, 0.8495, 0.8495, 0.8495, 0.8495, 0.8495, 0.8495, 0.8495, 0.8495, 0.8495, 0.8495, 0.8495, 0.8495, 0.8495, 0.8495, 0.8495, 0.8495, 0.8495, 0.8495, 0.8495, 0.8495, 0.8495, 0.8495, 0.8495, 0.8495, 0.8495, 0.8495, 0.8495, 0.8495, 0.8495, 0.8495, 0.8495, 0.8495, 0.8495, 0.8495, 0.8495, 0.8495, 0.8495, 0.8495, 0.8495, 0.8495, 0.8495, 0.8495, 0.8495, 0.8495]","{""0"": 0.8502, ""1"": 0.8566, ""2"": 0.8442, ""3"": 0.8301, ""4"": 0.8571, ""5"": 0.8821, ""6"": 0.8374, ""7"": 0.8354}","[0.8889, 0.75, 0.8571, 0.8333, 0.7778, 0.9167, 0.8333, 0.5, 0.7143, 0.7, 1.0, 0.7143, 0.8889, 0.8, 0.875, 0.8889, 0.9, 0.7273, 0.75, 0.9, 0.6667, 0.8571, 0.3333, 1.0, 0.8, 0.6667, 1.0, 0.4444, 0.875, 0.8571, 0.8, 0.9091, 0.7273, 0.9091, 1.0, 0.7143, 0.4, 1.0, 0.8, 1.0, 0.9, 1.0, 0.8, 1.0, 0.9, 0.6364, 0.625, 0.8, 0.8333, 0.7143, 0.8182, 0.6667, 0.875, 0.875, 0.7143, 1.0, 0.625, 0.4286, 0.7778, 1.0, 0.8, 0.8889, 0.9, 0.7778, 0.7778, 0.7143, 1.0, 1.0, 0.9, 1.0, 0.9286, 0.8571, 0.8, 1.0, 0.875, 0.6667, 0.8462, 0.875, 0.9091, 0.875, 1.0, 1.0, 0.8182, 1.0, 1.0, 1.0, 1.0, 0.9091, 0.875, 1.0, 0.7778, 0.8571, 0.875, 0.6667, 1.0, 0.8889, 1.0, 0.875, 0.6667, 0.8889, 0.8, 1.0, 0.9167, 0.75, 0.7143, 1.0, 1.0, 1.0, 1.0, 1.0, 1.0, 0.6667, 1.0, 0.8333, 0.8571, 0.75, 0.8571, 1.0, 0.8571, 0.7778, 0.8333, 1.0, 0.9167, 0.8571, 0.5, 0.8, 1.0, 0.875, 0.75, 1.0, 0.8333, 1.0, 0.625, 0.8571, 1.0, 0.8333, 0.8571, 0.8182, 0.8, 0.8889, 0.75, 0.7778, 0.9, 0.75, 1.0, 0.7273, 0.625, 1.0, 0.8, 0.8, 1.0, 0.9, 0.8571, 0.875, 0.7857, 0.7, 0.7143, 0.6667, 0.8, 0.8571, 0.875, 1.0, 0.7778, 0.7143, 0.8182, 1.0, 1.0, 0.75, 0.8, 0.7778, 0.75, 0.8889, 0.8182, 0.8571, 0.8571, 0.8571, 1.0, 0.875, 1.0, 0.8571, 1.0, 1.0, 1.0, 0.9, 0.6667, 1.0, 1.0, 0.6667, 0.875, 0.8571, 1.0, 0.7778, 0.8182, 1.0, 0.7273, 0.8889, 0.6, 1.0, 1.0, 1.0, 0.8333, 1.0, 1.0, 0.8889, 0.8182, 0.8571, 0.8333, 0.75, 0.8889, 1.0, 1.0, 0.8571, 1.0, 0.5, 1.0, 0.8571, 0.8182, 0.8, 0.875, 1.0, 0.9, 0.8333, 0.6667, 0.7, 0.8571, 0.7143, 0.9091, 0.8333, 0.9167, 0.8571, 1.0, 1.0, 1.0, 0.9, 1.0, 1.0, 0.8, 0.7273, 0.7143, 0.75, 0.6667, 0.75, 0.8571, 0.8, 0.9167, 0.8571, 0.75, 0.8571, 0.6667, 0.8]","[5, 10, 12, 14, 16, 19, 21, 24, 26, 32, 38, 39, 41, 42, 43, 45, 47, 50, 51, 55, 60, 61, 63, 66, 67, 69, 70, 78, 80, 81, 82, 89, 90, 93, 99, 110, 111, 112, 119, 122, 125, 126, 128, 129, 130, 131, 137, 139, 141, 142, 143, 146, 150, 151, 152, 153, 158, 161, 164, 166, 171, 182, 188, 190, 191, 193, 197, 200, 207, 212, 214, 217, 219, 224, 225, 226, 228, 230, 234, 236, 237, 238, 247]"
random,0.5,5,random,0.869,0.869,0.869,1.0,0.869,0.0,27,True,1738,0,261,1,0,"[0.05, 0.0685, 0.08, 0.0945, 0.116, 0.1435, 0.1685, 0.2035, 0.243, 0.274, 0.3125, 0.3535, 0.4005, 0.4435, 0.4775, 0.5205, 0.5605, 0.606, 0.646, 0.6815, 0.7165, 0.77, 0.805, 0.8315, 0.846, 0.8605, 0.869, 0.869, 0.869, 0.869, 0.869, 0.869, 0.869, 0.869, 0.869, 0.869, 0.869, 0.869, 0.869, 0.869, 0.869, 0.869, 0.869, 0.869, 0.869, 0.869, 0.869, 0.869, 0.869, 0.869, 0.869, 0.869, 0.869, 0.869, 0.869, 0.869, 0.869, 0.869, 0.869, 0.869, 0.869, 0.869, 0.869, 0.869, 0.869, 0.869, 0.869, 0.869, 0.869, 0.869, 0.869, 0.869, 0.869, 0.869, 0.869, 0.869, 0.869, 0.869, 0.869, 0.869, 0.869, 0.869, 0.869, 0.869, 0.869, 0.869, 0.869, 0.869, 0.869, 0.869, 0.869, 0.869, 0.869, 0.869, 0.869, 0.869, 0.869, 0.869, 0.869, 0.869, 0.869]","{""0"": 0.8571, ""1"": 0.8755, ""2"": 0.849, ""3"": 0.8625, ""4"": 0.865, ""5"": 0.8617, ""6"": 0.8954, ""7"": 0.8893}","[0.8889, 0.5556, 1.0, 0.5714, 0.8889, 0.8889, 1.0, 0.6667, 0.8889, 0.6923, 1.0, 0.7143, 0.6, 0.5556, 0.8, 0.875, 1.0, 0.8889, 0.8333, 0.7273, 0.8333, 0.8571, 0.8889, 0.8182, 1.0, 1.0, 0.8, 0.75, 0.9167, 1.0, 0.8889, 1.0, 0.875, 1.0, 0.7778, 1.0, 0.8333, 0.9091, 0.8889, 0.7778, 0.8889, 0.8, 0.6364, 0.875, 0.9167, 0.9, 1.0, 1.0, 0.75, 0.5, 1.0, 0.875, 1.0, 0.8571, 0.75, 1.0, 1.0, 0.875, 0.8571, 1.0, 1.0, 0.8571, 1.0, 1.0, 0.7778, 1.0, 1.0, 1.0, 0.875, 0.8571, 1.0, 0.9091, 0.8889, 0.75, 0.6, 0.875, 0.8889, 1.0, 0.8889, 1.0, 0.875, 1.0, 0.75, 0.75, 0.8889, 1.0, 0.7, 0.6, 0.8333, 0.75, 1.0, 0.8571, 0.8889, 0.625, 0.4444, 1.0, 1.0, 0.8571, 0.8571, 0.8889, 1.0, 0.75, 0.8, 0.875, 0.875, 1.0, 1.0, 0.9, 0.75, 0.7778, 1.0, 0.8571, 0.7, 1.0, 0.9091, 0.8333, 0.6667, 1.0, 0.8889, 0.8, 1.0, 0.5, 0.875, 1.0, 0.7143, 0.6667, 1.0, 0.8889, 1.0, 0.8571, 1.0, 0.9167, 1.0, 0.8889, 0.8889, 0.875, 1.0, 0.7778, 0.8571, 1.0, 0.9, 0.9091, 0.8333, 1.0, 0.8462, 0.7778, 0.7778, 0.8333, 1.0, 0.9091, 1.0, 0.7778, 1.0, 1.0, 1.0, 1.0, 1.0, 0.75, 0.8333, 1.0, 1.0, 1.0, 1.0, 0.6667, 1.0, 0.8, 1.0, 1.0, 0.8333, 1.0, 0.8889, 0.9091, 0.625, 0.7857, 0.6667, 0.8333, 0.75, 1.0, 0.9, 0.8333, 0.8333, 1.0, 0.6, 0.75, 0.8571, 0.875, 1.0, 0.8, 0.7143, 0.8824, 0.875, 1.0, 1.0, 1.0, 0.7273, 0.8889, 0.5714, 0.8, 0.875, 1.0, 0.9, 1.0, 0.6667, 0.875, 1.0, 0.875, 0.8333, 0.8333, 0.8, 0.75, 0.8571, 0.9091, 0.875, 0.8, 0.75, 1.0, 0.9, 0.7143, 0.7778, 0.75, 0.8571, 1.0, 1.0, 0.8889, 0.7, 1.0, 0.8889, 1.0, 0.6667, 1.0, 0.75, 1.0, 0.8889, 1.0, 1.0, 0.8571, 1.0, 0.9231, 1.0, 0.8571, 0.9, 1.0, 1.0, 0.5, 1.0, 0.5, 0.6667, 1.0, 0.9167, 0.7143]","[0, 2, 3, 4, 6, 8, 9, 11, 12, 24, 28, 29, 31, 32, 34, 37, 39, 41, 43, 46, 49, 50, 51, 64, 68, 71, 77, 80, 81, 83, 86, 92, 93, 94, 98, 102, 106, 108, 110, 116, 117, 119, 120, 122, 127, 128, 129, 130, 132, 133, 138, 140, 144, 145, 152, 153, 156, 161, 162, 165, 169, 170, 173, 174, 178, 180, 185, 189, 191, 192, 194, 196, 199, 204, 205, 206, 212, 213, 220, 221, 222, 226, 229, 233, 234, 247, 249]"
random,0.5,6,random,0.863,0.863,0.863,1.0,0.863,0.0,33,True,1726,0,274,0,0,"[0.05, 0.0735, 0.0995, 0.1345, 0.1745, 0.217, 0.248, 0.2815, 0.3165, 0.3545, 0.4, 0.455, 0.503, 0.557, 0.6195, 0.664, 0.6955, 0.714, 0.7325, 0.755, 0.772, 0.7865, 0.8015, 0.814, 0.823, 0.8305, 0.839, 0.8435, 0.8475, 0.8535, 0.8575, 0.8615, 0.863, 0.863, 0.863, 0.863, 0.863, 0.863, 0.863, 0.863, 0.863, 0.863, 0.863, 0.863, 0.863, 0.863, 0.863, 0.863, 0.863, 0.863, 0.863, 0.863, 0.863, 0.863, 0.863, 0.863, 0.863, 0.863, 0.863, 0.863, 0.863, 0.863, 0.863, 0.863, 0.863, 0.863, 0.863, 0.863, 0.863, 0.863, 0.863, 0.863, 0.863, 0.863, 0.863, 0.863, 0.863, 0.863, 0.863, 0.863, 0.863, 0.863, 0.863, 0.863, 0.863, 0.863, 0.863, 0.863, 0.863, 0.863, 0.863, 0.863, 0.863, 0.863, 0.863, 0.863, 0.863, 0.863, 0.863, 0.863, 0.863]","{""0"": 0.8808, ""1"": 0.8511, ""2"": 0.8548, ""3"": 0.8766, ""4"": 0.893, ""5"": 0.8438, ""6"": 0.8348, ""7"": 0.8676}","[1.0, 1.0, 1.0, 0.875, 1.0, 0.875, 1.0, 0.75, 0.8889, 0.8333, 0.75, 0.7143, 1.0, 1.0, 1.0, 0.8, 0.9, 1.0, 0.8571, 1.0, 0.8333, 1.0, 0.8333, 1.0, 1.0, 1.0, 0.75, 0.8, 1.0, 1.0, 0.9231, 0.8, 0.8333, 1.0, 0.8333, 0.7143, 1.0, 1.0, 1.0, 0.8889, 0.5, 0.8, 0.875, 1.0, 1.0, 0.8571, 0.8889, 0.875, 1.0, 0.8571, 1.0, 1.0, 1.0, 0.6, 0.7273, 1.0, 0.9091, 1.0, 0.75, 0.875, 0.5, 1.0, 0.6667, 0.7273, 1.0, 1.0, 0.9, 0.8, 0.9231, 1.0, 0.8, 0.8571, 1.0, 0.5, 0.8, 1.0, 0.8571, 0.8333, 0.9, 0.8, 0.875, 1.0, 0.8571, 0.75, 0.8333, 1.0, 1.0, 0.875, 0.7273, 1.0, 0.9, 0.75, 0.8182, 1.0, 1.0, 0.625, 1.0, 1.0, 0.6667, 0.8571, 1.0, 0.5714, 0.7778, 0.8571, 0.875, 0.8, 0.6, 0.8333, 0.9231, 1.0, 0.8, 0.6, 0.8889, 0.875, 0.9231, 0.875, 0.8571, 1.0, 0.9167, 0.875, 0.8182, 1.0, 0.8, 1.0, 1.0, 0.7, 0.75, 0.875, 0.9, 0.9, 0.8571, 0.6, 0.75, 0.875, 0.8571, 1.0, 0.75, 1.0, 0.875, 1.0, 0.7143, 0.7, 0.9, 1.0, 0.8889, 1.0, 0.9, 0.6667, 0.8889, 0.9, 1.0, 0.5714, 1.0, 0.8889, 0.7778, 0.7778, 0.6667, 0.8889, 0.75, 0.5714, 0.8462, 0.8462, 0.8, 0.7778, 1.0, 1.0, 0.8571, 0.5714, 0.8333, 0.9091, 0.9, 0.8571, 0.8, 0.7778, 0.8333, 1.0, 0.875, 0.75, 1.0, 0.7143, 1.0, 0.8, 0.7, 0.75, 0.6667, 0.8, 0.75, 0.8571, 1.0, 0.8333, 0.6667, 0.875, 0.8, 0.8182, 1.0, 1.0, 0.75, 0.8571, 0.6667, 0.9091, 0.6, 0.8, 0.7857, 1.0, 1.0, 0.8, 0.7, 1.0, 1.0, 0.6429, 1.0, 0.3333, 1.0, 0.8889, 0.8333, 1.0, 1.0, 0.7143, 0.75, 0.875, 0.6, 0.8571, 0.6667, 0.5714, 0.8571, 1.0, 0.7778, 0.9167, 0.6667, 1.0, 0.875, 1.0, 0.6429, 0.8889, 0.9, 0.8, 0.8889, 1.0, 1.0, 0.9, 1.0, 0.875, 1.0, 1.0, 0.8, 1.0, 0.8571, 0.9, 1.0, 0.8889]","[1, 3, 5, 8, 10, 19, 20, 21, 22, 30, 31, 37, 42, 49, 52, 54, 56, 57, 58, 59, 63, 64, 65, 66, 68, 69, 72, 74, 75, 76, 78, 88, 94, 95, 96, 99, 100, 101, 104, 114, 116, 118, 123, 127, 129, 139, 140, 143, 144, 145, 148, 153, 155, 157, 159, 165, 175, 177, 180, 181, 184, 197, 202, 206, 213, 215, 216, 226, 228, 230, 231, 232, 233, 236, 240, 243, 245, 246, 248, 249]"
random,0.5,7,random,0.862,0.862,0.862,1.0,0.862,0.0,24,True,1724,0,275,1,0,"[0.05, 0.0745, 0.0975, 0.1275, 0.163, 0.211, 0.2615, 0.3105, 0.3585, 0.4115, 0.4655, 0.5185, 0.57, 0.6145, 0.6605, 0.6945, 0.725, 0.76, 0.7955, 0.8185, 0.8375, 0.8495, 0.8585, 0.862, 0.862, 0.862, 0.862, 0.862, 0.862, 0.862, 0.862, 0.862, 0.862, 0.862, 0.862, 0.862, 0.862, 0.862, 0.862, 0.862, 0.862, 0.862, 0.862, 0.862, 0.862, 0.862, 0.862, 0.862, 0.862, 0.862, 0.862, 0.862, 0.862, 0.862, 0.862, 0.862, 0.862, 0.862, 0.862, 0.862, 0.862, 0.862, 0.862, 0.862, 0.862, 0.862, 0.862, 0.862, 0.862, 0.862, 0.862, 0.862, 0.862, 0.862, 0.862, 0.862, 0.862, 0.862, 0.862, 0.862, 0.862, 0.862, 0.862, 0.862, 0.862, 0.862, 0.862, 0.862, 0.862, 0.862, 0.862, 0.862, 0.862, 0.862, 0.862, 0.862, 0.862, 0.862, 0.862, 0.862, 0.862]","{""0"": 0.8617, ""1"": 0.8326, ""2"": 0.8848, ""3"": 0.8852, ""4"": 0.8582, ""5"": 0.8776, ""6"": 0.8035, ""7"": 0.8837}","[0.8889, 1.0, 0.8, 1.0, 0.9167, 0.875, 1.0, 0.6667, 0.75, 0.9, 1.0, 0.8889, 0.8182, 0.9167, 0.8182, 0.75, 0.875, 0.7692, 0.7778, 1.0, 0.9167, 1.0, 0.875, 0.6667, 1.0, 0.875, 1.0, 0.75, 0.8, 1.0, 0.8333, 0.875, 0.8889, 1.0, 0.8571, 1.0, 0.7778, 0.8, 0.875, 1.0, 0.8, 0.75, 0.7778, 0.8889, 1.0, 1.0, 0.8333, 0.8333, 0.8182, 0.8333, 0.9, 0.8333, 0.8571, 0.8889, 1.0, 0.75, 1.0, 1.0, 0.9, 1.0, 0.6, 0.8889, 1.0, 0.7143, 0.75, 0.7143, 1.0, 0.8571, 0.8333, 0.8571, 0.8889, 1.0, 0.875, 1.0, 0.8, 1.0, 0.8889, 0.7143, 0.625, 0.75, 1.0, 1.0, 0.875, 0.5714, 1.0, 1.0, 0.8333, 1.0, 0.7778, 1.0, 1.0, 0.75, 0.9091, 0.8333, 1.0, 1.0, 1.0, 0.75, 1.0, 0.8, 1.0, 0.8571, 1.0, 1.0, 0.8, 0.8571, 0.6667, 0.875, 0.8571, 0.8, 1.0, 0.7143, 0.8571, 0.9091, 1.0, 0.8333, 1.0, 0.8889, 1.0, 0.875, 0.8571, 0.875, 0.875, 1.0, 1.0, 0.7273, 0.7647, 0.8571, 1.0, 1.0, 0.625, 1.0, 0.875, 0.7143, 0.8, 0.8571, 0.75, 0.7273, 1.0, 0.8571, 0.875, 0.7143, 0.8182, 0.7778, 0.75, 0.8, 0.8333, 0.8571, 0.8333, 0.875, 0.8571, 1.0, 1.0, 0.875, 0.7778, 1.0, 1.0, 1.0, 1.0, 0.8889, 0.875, 0.8571, 0.7, 1.0, 1.0, 0.8182, 1.0, 0.7273, 1.0, 0.6667, 0.5714, 0.75, 1.0, 0.8571, 1.0, 1.0, 0.9167, 0.9167, 0.8571, 0.75, 0.8, 1.0, 1.0, 0.7143, 0.8889, 0.875, 0.7143, 1.0, 0.8571, 0.8333, 0.8333, 0.6667, 0.8333, 0.7143, 0.8462, 0.8571, 0.7778, 1.0, 0.8889, 0.9, 1.0, 0.8, 1.0, 1.0, 0.8889, 0.6667, 1.0, 0.6667, 0.8, 1.0, 0.8, 0.6667, 0.7143, 0.7778, 0.625, 0.75, 0.7143, 0.7143, 0.5, 1.0, 0.7143, 1.0, 0.8571, 0.6667, 1.0, 0.7143, 1.0, 0.8571, 1.0, 0.75, 0.8, 0.8333, 0.8889, 0.8462, 0.75, 1.0, 0.9091, 0.7, 0.8, 1.0, 1.0, 0.8889, 0.75, 0.7, 1.0, 0.8889, 0.8571, 0.625, 1.0, 0.8]","[0, 6, 13, 14, 15, 18, 22, 24, 25, 26, 30, 31, 33, 40, 41, 44, 58, 66, 71, 72, 75, 79, 80, 84, 86, 87, 88, 89, 98, 99, 100, 101, 104, 110, 111, 112, 113, 114, 115, 116, 118, 119, 122, 126, 133, 136, 138, 142, 155, 157, 158, 159, 165, 166, 167, 174, 175, 180, 181, 185, 192, 193, 194, 197, 198, 202, 203, 204, 213, 217, 219, 222, 223, 229, 232, 235, 238, 239, 243, 245, 248]"
random,0.5,8,random,0.849,0.849,0.849,1.0,0.849,0.0,34,True,1698,0,286,16,0,"[0.05, 0.075, 0.1025, 0.137, 0.165, 0.1975, 0.2285, 0.2565, 0.283, 0.3055, 0.3235, 0.346, 0.378, 0.4185, 0.4575, 0.491, 0.5275, 0.5715, 0.618, 0.668, 0.71, 0.7435, 0.767, 0.7915, 0.8135, 0.824, 0.833, 0.836, 0.839, 0.842, 0.845, 0.8475, 0.8485, 0.849, 0.849, 0.849, 0.849, 0.849, 0.849, 0.849, 0.849, 0.849, 0.849, 0.849, 0.849, 0.849, 0.849, 0.849, 0.849, 0.849, 0.849, 0.849, 0.849, 0.849, 0.849, 0.849, 0.849, 0.849, 0.849, 0.849, 0.849, 0.849, 0.849, 0.849, 0.849, 0.849, 0.849, 0.849, 0.849, 0.849, 0.849, 0.849, 0.849, 0.849, 0.849, 0.849, 0.849, 0.849, 0.849, 0.849, 0.849, 0.849, 0.849, 0.849, 0.849, 0.849, 0.849, 0.849, 0.849, 0.849, 0.849, 0.849, 0.849, 0.849, 0.849, 0.849, 0.849, 0.849, 0.849, 0.849, 0.849]","{""0"": 0.9091, ""1"": 0.8406, ""2"": 0.8833, ""3"": 0.8367, ""4"": 0.8283, ""5"": 0.7727, ""6"": 0.8654, ""7"": 0.8513}","[0.8889, 0.8889, 0.8333, 1.0, 0.75, 1.0, 0.875, 0.8889, 0.9, 0.8571, 1.0, 1.0, 0.75, 0.7778, 1.0, 0.875, 0.9, 1.0, 1.0, 0.6, 0.8, 1.0, 1.0, 0.875, 1.0, 1.0, 0.75, 1.0, 1.0, 1.0, 0.875, 1.0, 1.0, 1.0, 1.0, 1.0, 0.9091, 0.9375, 0.8571, 0.9091, 0.9, 1.0, 1.0, 1.0, 0.8, 0.8, 1.0, 1.0, 0.875, 0.5, 0.9091, 0.8182, 0.875, 1.0, 0.8333, 0.7778, 0.8333, 1.0, 0.7273, 0.8889, 0.75, 0.75, 0.6667, 1.0, 0.8889, 0.8571, 0.8182, 1.0, 0.8182, 1.0, 0.2, 1.0, 0.5, 0.8889, 0.8571, 0.8, 0.6667, 0.75, 0.0, 1.0, 0.875, 0.8333, 0.9167, 0.875, 0.8571, 0.8333, 0.75, 0.875, 1.0, 1.0, 0.8571, 0.9091, 0.9, 0.625, 0.8571, 0.75, 1.0, 0.8333, 0.8, 0.9, 0.7143, 0.625, 0.9167, 1.0, 0.6667, 0.9, 0.8889, 0.9231, 1.0, 0.6, 0.9, 0.5556, 0.8182, 1.0, 0.6667, 0.875, 0.75, 1.0, 0.8, 1.0, 1.0, 1.0, 0.4, 1.0, 0.75, 0.75, 0.6667, 0.875, 0.8, 1.0, 1.0, 0.7778, 1.0, 0.7143, 0.7, 0.5, 0.6, 0.8889, 0.8889, 1.0, 0.8333, 0.5714, 1.0, 0.9091, 1.0, 0.8571, 0.8889, 1.0, 1.0, 0.8, 0.9167, 0.625, 1.0, 0.9167, 0.8571, 0.7143, 0.8182, 0.8571, 0.8889, 0.8889, 0.8, 0.7273, 0.75, 0.8889, 0.7778, 0.8889, 0.875, 0.8, 0.9091, 0.875, 0.8571, 0.7143, 1.0, 0.8333, 1.0, 0.8889, 0.6667, 1.0, 0.7143, 0.8, 1.0, 0.8333, 0.6, 1.0, 0.8571, 0.9167, 1.0, 1.0, 1.0, 1.0, 0.7273, 0.875, 1.0, 1.0, 0.625, 0.8, 0.75, 1.0, 0.75, 0.625, 0.75, 1.0, 0.5556, 0.5556, 0.5714, 0.8571, 0.8182, 0.8889, 0.8182, 1.0, 1.0, 1.0, 0.5714, 0.75, 0.875, 0.9, 0.8333, 0.8, 1.0, 0.875, 0.7143, 0.7143, 1.0, 0.8333, 0.6, 0.8333, 1.0, 1.0, 0.9, 0.5714, 0.6, 0.875, 1.0, 0.75, 1.0, 0.7778, 0.8889, 1.0, 0.8333, 0.8889, 0.9, 1.0, 0.5714, 1.0, 0.75, 0.9, 0.8571, 0.8333, 0.6, 0.875]","[2, 4, 6, 7, 9, 12, 19, 25, 27, 30, 31, 32, 33, 37, 39, 40, 41, 44, 45, 47, 48, 52, 54, 62, 64, 65, 66, 71, 73, 74, 79, 80, 82, 86, 87, 90, 91, 92, 94, 96, 99, 101, 102, 105, 107, 111, 123, 126, 130, 133, 134, 136, 139, 143, 144, 155, 156, 161, 163, 164, 165, 168, 169, 170, 175, 177, 179, 180, 183, 185, 188, 191, 198, 200, 209, 218, 219, 220, 223, 229, 234, 237, 240, 243, 245]"
random,0.5,9,random,0.8535,0.8535,0.8535,1.0,0.8535,0.0,40,True,1707,0,293,0,0,"[0.05, 0.0705, 0.087, 0.102, 0.118, 0.136, 0.154, 0.1745, 0.1995, 0.2235, 0.243, 0.2675, 0.2935, 0.321, 0.353, 0.395, 0.439, 0.48, 0.5295, 0.5705, 0.605, 0.6505, 0.6975, 0.733, 0.746, 0.752, 0.7575, 0.7635, 0.772, 0.7835, 0.79, 0.7945, 0.8005, 0.81, 0.819, 0.8295, 0.8395, 0.8465, 0.8525, 0.8535, 0.8535, 0.8535, 0.8535, 0.8535, 0.8535, 0.8535, 0.8535, 0.8535, 0.8535, 0.8535, 0.8535, 0.8535, 0.8535, 0.8535, 0.8535, 0.8535, 0.8535, 0.8535, 0.8535, 0.8535, 0.8535, 0.8535, 0.8535, 0.8535, 0.8535, 0.8535, 0.8535, 0.8535, 0.8535, 0.8535, 0.8535, 0.8535, 0.8535, 0.8535, 0.8535, 0.8535, 0.8535, 0.8535, 0.8535, 0.8535, 0.8535, 0.8535, 0.8535, 0.8535, 0.8535, 0.8535, 0.8535, 0.8535, 0.8535, 0.8535, 0.8535, 0.8535, 0.8535, 0.8535, 0.8535, 0.8535, 0.8535, 0.8535, 0.8535, 0.8535, 0.8535]","{""0"": 0.8566, ""1"": 0.8293, ""2"": 0.8903, ""3"": 0.8297, ""4"": 0.9062, ""5"": 0.8178, ""6"": 0.844, ""7"": 0.8559}","[1.0, 0.8, 1.0, 1.0, 0.8, 0.8, 1.0, 0.75, 0.8571, 0.875, 0.7143, 0.875, 0.7778, 0.875, 0.5714, 0.7, 0.75, 1.0, 1.0, 0.7778, 0.8333, 1.0, 0.8182, 0.8889, 0.8333, 1.0, 0.9091, 1.0, 0.875, 1.0, 0.8462, 0.8571, 0.75, 0.8182, 0.9, 1.0, 0.875, 0.9167, 0.6, 0.8, 1.0, 0.9091, 1.0, 0.8571, 0.6667, 1.0, 0.75, 1.0, 0.5714, 1.0, 0.625, 0.8571, 0.7, 0.75, 0.75, 1.0, 0.75, 1.0, 0.8889, 0.8, 0.9, 0.8889, 0.7143, 0.8333, 0.8571, 1.0, 1.0, 0.8333, 0.9, 1.0, 0.8889, 0.8571, 0.8571, 0.8571, 0.5, 0.75, 0.625, 0.6, 0.5, 0.8889, 1.0, 0.7143, 1.0, 0.5714, 0.8571, 0.6667, 1.0, 0.6667, 0.6667, 0.8889, 0.5, 0.8333, 0.8333, 1.0, 0.8333, 0.875, 0.8571, 1.0, 0.6364, 1.0, 1.0, 0.9231, 0.8333, 0.7143, 0.75, 0.6667, 0.8, 1.0, 0.8889, 0.8889, 0.875, 0.8333, 0.7143, 0.8, 0.9, 1.0, 0.7273, 1.0, 0.625, 0.7778, 0.8571, 0.7143, 0.8333, 1.0, 0.8, 0.8571, 0.8333, 0.9, 0.8333, 0.75, 0.8571, 0.875, 0.7778, 1.0, 1.0, 0.7143, 0.875, 0.9, 0.7778, 0.8571, 0.8889, 0.9, 0.8333, 1.0, 1.0, 0.9091, 0.75, 0.8, 0.8333, 1.0, 0.7778, 1.0, 0.8571, 0.5556, 0.6667, 1.0, 0.9091, 0.7143, 0.8889, 0.8333, 1.0, 1.0, 0.9, 0.875, 0.7143, 1.0, 0.6, 0.7143, 0.8333, 0.8333, 0.5, 1.0, 1.0, 0.8, 1.0, 0.8333, 0.8, 0.8889, 0.9231, 0.7692, 1.0, 1.0, 1.0, 0.8, 1.0, 0.75, 1.0, 0.8333, 0.7143, 0.8571, 0.8333, 0.8889, 0.8889, 0.6667, 0.6, 1.0, 0.6667, 0.8889, 0.8571, 0.8333, 0.8889, 0.8889, 0.7778, 1.0, 1.0, 1.0, 0.5714, 1.0, 0.8333, 1.0, 0.8, 0.75, 0.8889, 1.0, 0.8333, 0.8571, 0.7778, 0.8333, 1.0, 1.0, 0.875, 1.0, 0.7, 0.875, 1.0, 1.0, 0.875, 1.0, 0.8333, 1.0, 0.8571, 1.0, 0.8333, 0.5714, 0.8333, 0.6667, 0.6667, 0.875, 1.0, 1.0, 0.75, 0.7143, 1.0, 1.0, 1.0, 0.7778, 0.8571, 0.75, 1.0, 0.8462]","[5, 6, 13, 16, 19, 20, 21, 23, 24, 25, 26, 27, 28, 36, 37, 39, 40, 45, 46, 48, 51, 57, 67, 69, 74, 76, 80, 88, 89, 93, 95, 96, 98, 99, 106, 108, 111, 113, 114, 122, 124, 125, 132, 136, 143, 145, 148, 151, 153, 157, 162, 164, 166, 176, 177, 178, 181, 182, 190, 191, 192, 196, 197, 200, 204, 207, 210, 213, 215, 216, 218, 220, 223, 230, 235, 239, 240, 245, 246, 247, 248]"
random,0.5,10,random,0.8325,0.8325,0.8325,1.0,0.8325,0.0,34,True,1665,0,289,46,0,"[0.05, 0.075, 0.092, 0.1095, 0.1315, 0.1545, 0.182, 0.208, 0.2325, 0.256, 0.2775, 0.298, 0.318, 0.3395, 0.36, 0.3835, 0.412, 0.4465, 0.4825, 0.518, 0.547, 0.572, 0.599, 0.631, 0.6705, 0.7005, 0.734, 0.7605, 0.7805, 0.798, 0.812, 0.825, 0.832, 0.8325, 0.8325, 0.8325, 0.8325, 0.8325, 0.8325, 0.8325, 0.8325, 0.8325, 0.8325, 0.8325, 0.8325, 0.8325, 0.8325, 0.8325, 0.8325, 0.8325, 0.8325, 0.8325, 0.8325, 0.8325, 0.8325, 0.8325, 0.8325, 0.8325, 0.8325, 0.8325, 0.8325, 0.8325, 0.8325, 0.8325, 0.8325, 0.8325, 0.8325, 0.8325, 0.8325, 0.8325, 0.8325, 0.8325, 0.8325, 0.8325, 0.8325, 0.8325, 0.8325, 0.8325, 0.8325, 0.8325, 0.8325, 0.8325, 0.8325, 0.8325, 0.8325, 0.8325, 0.8325, 0.8325, 0.8325, 0.8325, 0.8325, 0.8325, 0.8325, 0.8325, 0.8325, 0.8325, 0.8325, 0.8325, 0.8325, 0.8325, 0.8325]","{""0"": 0.8734, ""1"": 0.7878, ""2"": 0.8846, ""3"": 0.82, ""4"": 0.851, ""5"": 0.8587, ""6"": 0.6971, ""7"": 0.8802}","[0.7778, 0.8571, 0.6667, 1.0, 0.7143, 0.875, 0.875, 1.0, 1.0, 0.8889, 0.8571, 0.8, 0.7, 0.875, 1.0, 0.8333, 0.8571, 1.0, 0.5, 0.6667, 0.8182, 0.8333, 1.0, 1.0, 1.0, 1.0, 0.0, 1.0, 0.8889, 1.0, 1.0, 0.7143, 0.7778, 0.875, 0.7273, 0.8571, 1.0, 0.5, 0.5, 0.8889, 1.0, 0.8571, 0.75, 1.0, 0.75, 0.9, 0.75, 0.8, 1.0, 0.8571, 0.6667, 0.75, 0.75, 0.8333, 0.6667, 0.7143, 0.8333, 0.9167, 1.0, 0.9333, 0.75, 1.0, 1.0, 0.9167, 1.0, 1.0, 0.9, 1.0, 1.0, 0.7692, 0.8889, 0.75, 1.0, 0.875, 0.8333, 0.9, 1.0, 0.5556, 0.875, 0.8889, 0.8571, 1.0, 0.5, 1.0, 0.625, 0.8182, 0.9, 0.8333, 0.7143, 1.0, 0.875, 1.0, 0.75, 1.0, 0.8571, 0.8333, 0.9, 0.7143, 1.0, 0.8182, 0.7778, 0.8, 1.0, 1.0, 1.0, 1.0, 1.0, 0.7143, 1.0, 1.0, 0.8571, 1.0, 0.8, 1.0, 0.6667, 0.8, 0.8333, 0.8571, 0.9333, 1.0, 0.8, 0.875, 1.0, 0.7778, 0.625, 0.9, 1.0, 1.0, 0.9, 0.7143, 1.0, 0.8, 0.9, 1.0, 0.8571, 1.0, 1.0, 0.8333, 0.8333, 0.7778, 0.8333, 0.8, 0.6, 0.8571, 0.5333, 1.0, 0.4, 1.0, 0.8889, 0.5, 0.8571, 0.6, 1.0, 0.8333, 1.0, 0.9, 0.875, 1.0, 1.0, 0.8571, 1.0, 1.0, 0.7692, 0.8889, 0.8571, 0.9, 1.0, 0.8, 1.0, 0.8, 0.75, 1.0, 0.875, 0.8333, 0.5455, 0.9091, 1.0, 0.7143, 0.8571, 0.7778, 1.0, 0.8333, 0.875, 0.7, 1.0, 0.75, 0.8333, 0.875, 0.7692, 0.875, 1.0, 0.8, 0.8571, 1.0, 0.7778, 1.0, 0.5714, 1.0, 1.0, 0.0, 0.8571, 0.75, 0.9, 0.875, 0.7778, 0.875, 0.9, 0.0, 1.0, 0.875, 1.0, 0.8889, 0.7778, 1.0, 0.8889, 0.1667, 0.7273, 0.7, 0.9231, 0.8, 0.8571, 1.0, 1.0, 0.0, 0.9, 0.9167, 1.0, 1.0, 1.0, 0.9091, 0.8, 0.1, 0.6667, 0.6667, 0.6667, 0.8462, 0.8333, 0.8, 0.6364, 0.2222, 1.0, 0.875, 0.8, 1.0, 0.8, 0.8333, 0.6, 0.8571, 0.875, 0.7143]","[6, 8, 9, 20, 22, 24, 25, 27, 28, 32, 34, 37, 43, 44, 49, 55, 57, 60, 61, 66, 67, 69, 71, 72, 75, 77, 84, 86, 87, 91, 93, 94, 95, 100, 104, 105, 107, 108, 110, 113, 118, 119, 121, 122, 126, 127, 131, 135, 138, 139, 143, 144, 146, 147, 152, 156, 158, 159, 168, 169, 171, 175, 178, 181, 184, 186, 188, 189, 190, 194, 198, 200, 204, 209, 212, 213, 217, 218, 221, 224, 225, 233, 237, 239, 240, 242, 243, 245, 247]"
random,0.5,11,random,0.8425,0.8425,0.8425,1.0,0.8425,0.0,21,True,1685,0,276,39,0,"[0.05, 0.073, 0.101, 0.136, 0.178, 0.227, 0.2835, 0.343, 0.418, 0.494, 0.567, 0.63, 0.687, 0.733, 0.7685, 0.794, 0.8055, 0.8115, 0.822, 0.8325, 0.8425, 0.8425, 0.8425, 0.8425, 0.8425, 0.8425, 0.8425, 0.8425, 0.8425, 0.8425, 0.8425, 0.8425, 0.8425, 0.8425, 0.8425, 0.8425, 0.8425, 0.8425, 0.8425, 0.8425, 0.8425, 0.8425, 0.8425, 0.8425, 0.8425, 0.8425, 0.8425, 0.8425, 0.8425, 0.8425, 0.8425, 0.8425, 0.8425, 0.8425, 0.8425, 0.8425, 0.8425, 0.8425, 0.8425, 0.8425, 0.8425, 0.8425, 0.8425, 0.8425, 0.8425, 0.8425, 0.8425, 0.8425, 0.8425, 0.8425, 0.8425, 0.8425, 0.8425, 0.8425, 0.8425, 0.8425, 0.8425, 0.8425, 0.8425, 0.8425, 0.8425, 0.8425, 0.8425, 0.8425, 0.8425, 0.8425, 0.8425, 0.8425, 0.8425, 0.8425, 0.8425, 0.8425, 0.8425, 0.8425, 0.8425, 0.8425, 0.8425, 0.8425, 0.8425, 0.8425, 0.8425]","{""0"": 0.8833, ""1"": 0.8694, ""2"": 0.8677, ""3"": 0.6992, ""4"": 0.8396, ""5"": 0.8672, ""6"": 0.8311, ""7"": 0.8911}","[0.8889, 0.8889, 1.0, 0.7273, 0.0, 0.7778, 1.0, 0.75, 0.9231, 0.7857, 0.8333, 0.8889, 0.0, 0.8889, 0.9167, 0.8, 1.0, 0.8571, 0.8, 0.875, 0.0, 0.6667, 0.8889, 0.8333, 0.8571, 0.75, 0.9333, 0.75, 0.0, 0.8333, 0.8571, 0.875, 0.7857, 1.0, 0.5455, 0.8571, 0.875, 0.8889, 0.9091, 0.875, 1.0, 0.8889, 1.0, 1.0, 1.0, 0.9167, 0.8333, 1.0, 0.7143, 0.7778, 1.0, 0.7273, 0.5714, 0.8889, 1.0, 0.7778, 0.8571, 0.8571, 0.8571, 0.6, 0.8333, 0.9167, 0.6667, 0.8, 1.0, 1.0, 0.7143, 0.9231, 0.8571, 1.0, 0.9091, 1.0, 0.8571, 0.9, 0.875, 0.9, 1.0, 0.8462, 0.8571, 1.0, 0.6667, 1.0, 1.0, 0.75, 0.8, 0.75, 0.8333, 1.0, 0.8889, 0.6667, 1.0, 0.5556, 0.8571, 0.7692, 1.0, 1.0, 1.0, 0.7143, 0.9, 1.0, 0.9091, 0.8, 0.6667, 0.8333, 1.0, 1.0, 0.75, 1.0, 0.9, 0.7143, 0.8571, 0.8889, 0.8571, 1.0, 0.8889, 1.0, 0.7143, 0.75, 0.5, 0.8333, 0.9091, 0.7778, 0.8333, 0.9, 0.8462, 0.875, 0.75, 0.8, 1.0, 1.0, 0.9167, 0.8571, 1.0, 1.0, 1.0, 0.5, 1.0, 1.0, 0.6, 1.0, 0.875, 0.75, 0.8571, 0.875, 1.0, 0.625, 1.0, 1.0, 1.0, 1.0, 0.8333, 0.8, 1.0, 1.0, 0.875, 1.0, 0.8889, 0.6, 0.875, 0.7, 0.7143, 0.7143, 0.7778, 1.0, 1.0, 0.9231, 0.8333, 0.8333, 0.875, 0.75, 1.0, 0.8571, 1.0, 1.0, 0.8571, 0.8, 0.875, 1.0, 1.0, 0.8571, 0.8889, 0.7, 0.9167, 0.5, 0.9, 1.0, 1.0, 0.875, 0.625, 0.875, 0.8571, 0.6, 1.0, 1.0, 0.8333, 0.875, 0.6667, 1.0, 1.0, 0.8889, 1.0, 0.8571, 0.8333, 0.7778, 0.0, 0.6, 0.875, 0.8889, 0.6667, 1.0, 0.625, 0.7692, 0.6667, 0.5714, 0.8182, 1.0, 1.0, 1.0, 0.75, 1.0, 1.0, 0.7778, 1.0, 1.0, 0.8571, 0.8889, 1.0, 0.8889, 1.0, 0.8, 0.8462, 1.0, 1.0, 1.0, 1.0, 0.9, 0.75, 0.8889, 0.8333, 0.6667, 0.8333, 0.875, 0.8889, 1.0, 0.5, 0.875, 0.8, 0.7, 0.7692, 1.0]","[1, 6, 7, 13, 14, 18, 21, 24, 25, 26, 29, 30, 31, 32, 34, 37, 39, 40, 41, 42, 43, 52, 57, 61, 64, 67, 70, 71, 74, 79, 80, 82, 83, 85, 88, 90, 96, 98, 102, 106, 107, 108, 114, 120, 125, 126, 127, 130, 136, 137, 139, 144, 147, 149, 150, 154, 156, 158, 163, 166, 167, 168, 169, 170, 172, 174, 185, 188, 189, 191, 192, 194, 195, 197, 202, 203, 207, 211, 215, 216, 217, 221, 225, 230, 232, 241, 248]"
random,0.6,0,random,0.8335,0.8335,0.8335,1.0,0.8335,-0.0,40,True,1667,0,283,50,0,"[0.05, 0.071, 0.088, 0.1125, 0.144, 0.179, 0.21, 0.2455, 0.28, 0.323, 0.361, 0.396, 0.4295, 0.4565, 0.4895, 0.522, 0.545, 0.573, 0.604, 0.6305, 0.653, 0.6755, 0.694, 0.71, 0.727, 0.744, 0.759, 0.774, 0.787, 0.7965, 0.8, 0.8035, 0.805, 0.8075, 0.813, 0.817, 0.821, 0.8265, 0.831, 0.8335, 0.8335, 0.8335, 0.8335, 0.8335, 0.8335, 0.8335, 0.8335, 0.8335, 0.8335, 0.8335, 0.8335, 0.8335, 0.8335, 0.8335, 0.8335, 0.8335, 0.8335, 0.8335, 0.8335, 0.8335, 0.8335, 0.8335, 0.8335, 0.8335, 0.8335, 0.8335, 0.8335, 0.8335, 0.8335, 0.8335, 0.8335, 0.8335, 0.8335, 0.8335, 0.8335, 0.8335, 0.8335, 0.8335, 0.8335, 0.8335, 0.8335, 0.8335, 0.8335, 0.8335, 0.8335, 0.8335, 0.8335, 0.8335, 0.8335, 0.8335, 0.8335, 0.8335, 0.8335, 0.8335, 0.8335, 0.8335, 0.8335, 0.8335, 0.8335, 0.8335, 0.8335]","{""0"": 0.7137, ""1"": 0.8589, ""2"": 0.834, ""3"": 0.8386, ""4"": 0.8514, ""5"": 0.8607, ""6"": 0.8387, ""7"": 0.874}","[0.8889, 1.0, 0.7778, 0.8, 1.0, 0.6667, 0.8333, 0.8333, 1.0, 0.875, 1.0, 0.7143, 0.7778, 0.6667, 0.8571, 0.75, 0.6, 0.8, 0.625, 0.8571, 1.0, 1.0, 0.7778, 1.0, 1.0, 0.1818, 1.0, 1.0, 0.8571, 0.75, 0.9, 0.6667, 0.8889, 0.1, 1.0, 0.8, 0.7778, 1.0, 0.8333, 1.0, 0.8333, 0.0, 1.0, 1.0, 1.0, 0.8889, 0.9, 1.0, 0.875, 0.0, 0.9091, 1.0, 1.0, 0.8889, 0.8333, 0.8571, 1.0, 0.0, 0.8333, 0.9, 1.0, 1.0, 0.8, 0.8571, 1.0, 0.125, 0.8889, 1.0, 0.7778, 0.8182, 0.8333, 1.0, 1.0, 0.7273, 0.875, 0.5714, 0.8571, 0.7143, 0.8889, 0.8, 1.0, 0.9, 0.75, 1.0, 1.0, 0.8182, 0.8333, 0.7, 0.8182, 1.0, 1.0, 1.0, 0.7143, 0.9, 0.9091, 1.0, 0.8333, 0.9167, 0.8889, 0.7273, 0.8889, 0.9167, 0.875, 1.0, 0.7778, 0.875, 0.875, 0.8889, 0.8889, 0.75, 1.0, 1.0, 0.9091, 1.0, 0.8333, 0.4286, 0.8, 1.0, 0.9, 1.0, 0.7778, 0.7143, 1.0, 1.0, 0.9, 0.8889, 0.8333, 1.0, 0.875, 1.0, 1.0, 0.6667, 0.7143, 0.6, 1.0, 0.625, 0.8, 1.0, 1.0, 0.875, 0.6, 0.75, 1.0, 0.875, 1.0, 0.7778, 0.8, 0.625, 0.7, 0.8571, 0.8333, 0.8571, 1.0, 1.0, 1.0, 0.7143, 0.875, 1.0, 0.8333, 1.0, 1.0, 0.625, 0.7778, 0.8, 0.9, 1.0, 0.8571, 1.0, 0.6667, 0.7, 0.625, 0.8, 0.6, 0.8182, 0.875, 0.7778, 0.8182, 1.0, 0.875, 0.7778, 0.8333, 0.8889, 0.9, 0.75, 0.8889, 0.75, 0.8571, 1.0, 0.8889, 0.7778, 1.0, 0.9, 1.0, 1.0, 0.7857, 0.7778, 0.8, 0.8, 0.75, 0.8, 0.875, 1.0, 0.8571, 1.0, 0.8333, 0.8889, 0.7778, 0.8889, 0.8182, 1.0, 0.8, 1.0, 0.5455, 0.6, 0.6, 0.0, 0.875, 0.8571, 0.7143, 0.7778, 0.9167, 0.875, 1.0, 0.8571, 0.7143, 1.0, 0.6667, 0.8, 0.75, 0.8333, 0.75, 1.0, 0.875, 0.6667, 0.6, 0.8571, 1.0, 1.0, 1.0, 0.75, 0.8889, 0.8889, 1.0, 1.0, 0.75, 0.6, 0.625, 0.8333, 0.6667, 1.0]","[4, 6, 11, 13, 15, 16, 25, 26, 33, 34, 37, 43, 44, 46, 48, 51, 59, 61, 65, 69, 71, 73, 74, 79, 80, 81, 83, 84, 85, 87, 88, 89, 99, 100, 102, 105, 109, 113, 114, 116, 117, 118, 119, 120, 126, 128, 129, 130, 136, 142, 145, 146, 147, 148, 152, 154, 155, 157, 162, 164, 169, 170, 173, 175, 176, 181, 184, 191, 192, 193, 194, 200, 201, 203, 204, 206, 213, 219, 220, 225, 226, 227, 236, 240, 244, 246, 249]"
random,0.6,1,random,0.8585,0.8585,0.8585,1.0,0.8585,0.0,27,True,1717,0,283,0,0,"[0.05, 0.075, 0.0945, 0.1145, 0.133, 0.156, 0.1805, 0.209, 0.238, 0.2735, 0.311, 0.356, 0.408, 0.454, 0.4945, 0.53, 0.5715, 0.6195, 0.658, 0.6985, 0.742, 0.7795, 0.8055, 0.8285, 0.848, 0.858, 0.8585, 0.8585, 0.8585, 0.8585, 0.8585, 0.8585, 0.8585, 0.8585, 0.8585, 0.8585, 0.8585, 0.8585, 0.8585, 0.8585, 0.8585, 0.8585, 0.8585, 0.8585, 0.8585, 0.8585, 0.8585, 0.8585, 0.8585, 0.8585, 0.8585, 0.8585, 0.8585, 0.8585, 0.8585, 0.8585, 0.8585, 0.8585, 0.8585, 0.8585, 0.8585, 0.8585, 0.8585, 0.8585, 0.8585, 0.8585, 0.8585, 0.8585, 0.8585, 0.8585, 0.8585, 0.8585, 0.8585, 0.8585, 0.8585, 0.8585, 0.8585, 0.8585, 0.8585, 0.8585, 0.8585, 0.8585, 0.8585, 0.8585, 0.8585, 0.8585, 0.8585, 0.8585, 0.8585, 0.8585, 0.8585, 0.8585, 0.8585, 0.8585, 0.8585, 0.8585, 0.8585, 0.8585, 0.8585, 0.8585, 0.8585]","{""0"": 0.8521, ""1"": 0.875, ""2"": 0.8308, ""3"": 0.8549, ""4"": 0.8577, ""5"": 0.8589, ""6"": 0.873, ""7"": 0.8667}","[0.7778, 0.6667, 1.0, 0.7273, 0.75, 0.8333, 0.8333, 1.0, 0.8, 0.8333, 1.0, 0.7778, 1.0, 1.0, 0.8571, 0.9167, 0.8, 1.0, 0.9333, 0.875, 1.0, 0.8889, 0.625, 1.0, 0.8, 0.8182, 0.6667, 0.7143, 1.0, 0.8462, 0.9, 0.7143, 0.8571, 1.0, 1.0, 0.7778, 1.0, 0.8571, 0.6667, 0.9167, 0.75, 1.0, 0.875, 1.0, 0.8182, 1.0, 1.0, 1.0, 0.75, 0.8, 0.7778, 1.0, 0.6667, 0.9091, 0.8571, 0.8889, 0.6667, 0.6, 0.6667, 1.0, 0.7143, 0.8462, 1.0, 1.0, 0.9167, 0.75, 1.0, 1.0, 0.875, 0.875, 1.0, 0.875, 0.8571, 1.0, 0.8889, 0.7692, 0.8571, 0.8889, 0.875, 0.6667, 1.0, 0.8571, 0.8, 0.7, 0.8, 0.8333, 1.0, 0.8889, 0.75, 0.8571, 0.7778, 0.7143, 1.0, 1.0, 0.75, 1.0, 0.75, 1.0, 1.0, 0.9167, 1.0, 0.875, 0.75, 1.0, 0.7778, 0.7143, 1.0, 0.8, 0.875, 0.7778, 0.875, 0.7143, 0.8571, 1.0, 0.7143, 0.8889, 0.8889, 1.0, 0.875, 0.875, 1.0, 1.0, 1.0, 0.8571, 1.0, 0.6667, 0.8333, 0.8889, 0.9, 0.6667, 0.875, 0.8571, 0.5833, 0.8889, 0.75, 0.875, 0.8, 0.7143, 0.6667, 1.0, 0.6667, 0.875, 0.9091, 1.0, 1.0, 0.875, 0.9, 0.8889, 0.875, 0.6, 0.6667, 0.75, 0.9, 1.0, 0.8, 1.0, 0.7143, 0.8333, 0.7143, 0.8182, 1.0, 0.9091, 0.8889, 0.875, 0.9091, 1.0, 1.0, 0.8571, 0.7143, 1.0, 1.0, 0.8889, 0.7778, 0.8, 1.0, 1.0, 1.0, 0.7273, 1.0, 0.5, 0.9, 0.8, 1.0, 1.0, 1.0, 0.8571, 0.7143, 0.8571, 0.7143, 0.75, 0.75, 0.75, 0.8571, 0.7778, 0.9, 0.5, 1.0, 0.75, 0.7143, 0.8571, 0.875, 0.8571, 1.0, 0.8571, 1.0, 0.5, 0.875, 0.75, 0.9091, 1.0, 1.0, 0.875, 0.75, 1.0, 0.8571, 1.0, 1.0, 0.8571, 1.0, 1.0, 0.8571, 1.0, 0.7692, 0.5714, 0.8571, 0.8889, 0.7778, 0.6667, 0.8889, 1.0, 1.0, 0.9167, 1.0, 0.8333, 0.8333, 1.0, 0.7778, 0.7778, 1.0, 1.0, 0.7143, 0.5714, 0.8333, 0.6, 1.0, 0.8889, 1.0, 0.6667, 1.0, 0.8333]","[0, 6, 8, 9, 11, 12, 17, 18, 19, 20, 25, 26, 32, 39, 42, 49, 52, 53, 54, 56, 57, 58, 64, 71, 73, 75, 83, 84, 85, 87, 88, 92, 94, 95, 96, 99, 101, 102, 105, 108, 115, 119, 121, 122, 123, 124, 133, 138, 143, 146, 147, 150, 151, 153, 154, 156, 157, 159, 163, 164, 167, 168, 169, 173, 175, 193, 194, 198, 204, 206, 208, 209, 215, 218, 221, 222, 223, 224, 225, 230, 233, 235, 243, 244, 245, 248]"
random,0.6,2,random,0.86,0.86,0.86,1.0,0.86,0.0,26,True,1720,0,280,0,0,"[0.05, 0.072, 0.093, 0.12, 0.155, 0.1895, 0.2265, 0.2615, 0.302, 0.3435, 0.3875, 0.444, 0.5155, 0.5775, 0.6235, 0.6655, 0.709, 0.751, 0.78, 0.808, 0.828, 0.839, 0.846, 0.8535, 0.8585, 0.86, 0.86, 0.86, 0.86, 0.86, 0.86, 0.86, 0.86, 0.86, 0.86, 0.86, 0.86, 0.86, 0.86, 0.86, 0.86, 0.86, 0.86, 0.86, 0.86, 0.86, 0.86, 0.86, 0.86, 0.86, 0.86, 0.86, 0.86, 0.86, 0.86, 0.86, 0.86, 0.86, 0.86, 0.86, 0.86, 0.86, 0.86, 0.86, 0.86, 0.86, 0.86, 0.86, 0.86, 0.86, 0.86, 0.86, 0.86, 0.86, 0.86, 0.86, 0.86, 0.86, 0.86, 0.86, 0.86, 0.86, 0.86, 0.86, 0.86, 0.86, 0.86, 0.86, 0.86, 0.86, 0.86, 0.86, 0.86, 0.86, 0.86, 0.86, 0.86, 0.86, 0.86, 0.86, 0.86]","{""0"": 0.8906, ""1"": 0.8765, ""2"": 0.8788, ""3"": 0.8477, ""4"": 0.8635, ""5"": 0.8308, ""6"": 0.8403, ""7"": 0.8472}","[1.0, 0.8, 1.0, 0.8571, 0.7143, 1.0, 0.6667, 1.0, 1.0, 1.0, 0.8333, 1.0, 0.875, 0.875, 1.0, 1.0, 0.9, 1.0, 0.625, 0.8333, 1.0, 1.0, 0.8333, 0.7143, 0.6667, 1.0, 0.8889, 1.0, 0.8571, 1.0, 0.8462, 1.0, 1.0, 1.0, 0.8889, 0.75, 1.0, 0.875, 0.7, 0.7143, 0.875, 0.7778, 0.8571, 0.9091, 1.0, 0.6667, 0.8333, 0.8, 0.5714, 0.8333, 1.0, 0.9, 1.0, 0.875, 1.0, 1.0, 0.875, 0.8889, 1.0, 0.8333, 0.875, 0.8571, 0.8889, 0.875, 0.8571, 0.75, 0.8462, 1.0, 0.8333, 1.0, 0.5714, 0.875, 1.0, 1.0, 1.0, 0.8571, 0.75, 0.8333, 1.0, 0.7778, 1.0, 1.0, 0.8, 0.75, 0.75, 0.7143, 1.0, 0.8, 0.7778, 0.6, 1.0, 1.0, 0.8571, 0.9091, 0.8571, 0.8571, 1.0, 1.0, 0.9, 0.7778, 0.7, 0.7143, 0.6667, 0.8571, 0.6, 0.8571, 0.9091, 0.9, 0.8571, 0.8333, 1.0, 0.8, 0.8333, 0.9091, 0.875, 1.0, 0.8571, 0.875, 0.6667, 1.0, 0.6667, 1.0, 1.0, 1.0, 0.7, 1.0, 0.9, 0.8571, 0.8, 0.8, 1.0, 0.7, 1.0, 1.0, 0.8571, 0.8333, 0.625, 0.8333, 1.0, 0.75, 0.8, 0.875, 0.875, 1.0, 1.0, 0.9, 0.75, 0.8182, 0.8571, 0.8571, 0.75, 0.7778, 1.0, 1.0, 0.8889, 0.6667, 0.8333, 0.625, 0.9167, 0.8333, 1.0, 0.8182, 0.8571, 1.0, 0.8571, 0.8889, 0.7273, 0.8, 0.8889, 0.8571, 0.875, 1.0, 0.8571, 1.0, 0.8182, 0.875, 0.5, 1.0, 0.75, 1.0, 0.5, 0.8333, 1.0, 0.75, 1.0, 0.75, 0.75, 0.8333, 1.0, 0.8571, 0.7143, 0.9091, 0.3333, 1.0, 0.8182, 1.0, 0.7143, 0.7143, 0.9091, 0.8, 1.0, 0.875, 0.7778, 0.8571, 1.0, 0.8, 0.7778, 1.0, 0.8333, 0.8333, 0.7143, 0.8182, 1.0, 1.0, 1.0, 0.8333, 0.7778, 1.0, 0.7778, 1.0, 0.8571, 0.7143, 0.8, 0.9, 0.5, 0.7143, 1.0, 1.0, 1.0, 1.0, 0.9091, 0.8182, 1.0, 0.9, 0.75, 0.9091, 0.875, 0.7, 0.5714, 0.7, 0.8889, 0.7778, 1.0, 0.75, 0.25, 0.8, 0.6667, 0.4286, 0.8333, 0.875]","[2, 14, 15, 20, 25, 28, 29, 36, 37, 40, 44, 46, 50, 53, 55, 57, 61, 65, 71, 73, 74, 75, 78, 79, 81, 82, 83, 87, 88, 92, 93, 95, 106, 110, 113, 127, 131, 137, 139, 142, 143, 145, 146, 148, 153, 154, 156, 158, 161, 162, 168, 169, 171, 175, 178, 181, 183, 184, 188, 191, 194, 195, 200, 201, 202, 203, 204, 205, 208, 209, 211, 218, 223, 225, 230, 231, 232, 235, 239, 243, 244, 248, 249]"
random,0.6,3,random,0.852,0.852,0.852,1.0,0.852,0.0,40,True,1704,0,264,32,0,"[0.05, 0.072, 0.0945, 0.1205, 0.142, 0.1715, 0.2055, 0.2375, 0.275, 0.3055, 0.3395, 0.374, 0.4015, 0.43, 0.463, 0.488, 0.522, 0.562, 0.597, 0.6255, 0.6535, 0.6825, 0.7095, 0.732, 0.749, 0.7625, 0.776, 0.7905, 0.807, 0.817, 0.826, 0.8305, 0.8345, 0.838, 0.839, 0.8405, 0.8435, 0.848, 0.8515, 0.852, 0.852, 0.852, 0.852, 0.852, 0.852, 0.852, 0.852, 0.852, 0.852, 0.852, 0.852, 0.852, 0.852, 0.852, 0.852, 0.852, 0.852, 0.852, 0.852, 0.852, 0.852, 0.852, 0.852, 0.852, 0.852, 0.852, 0.852, 0.852, 0.852, 0.852, 0.852, 0.852, 0.852, 0.852, 0.852, 0.852, 0.852, 0.852, 0.852, 0.852, 0.852, 0.852, 0.852, 0.852, 0.852, 0.852, 0.852, 0.852, 0.852, 0.852, 0.852, 0.852, 0.852, 0.852, 0.852, 0.852, 0.852, 0.852, 0.852, 0.852, 0.852]","{""0"": 0.8571, ""1"": 0.8554, ""2"": 0.8866, ""3"": 0.8814, ""4"": 0.8917, ""5"": 0.6807, ""6"": 0.875, ""7"": 0.8797}","[0.7778, 0.9, 1.0, 1.0, 0.8333, 1.0, 0.0, 0.8571, 0.8889, 0.8889, 0.6667, 0.875, 0.75, 0.75, 0.2222, 0.9, 0.8462, 1.0, 0.5556, 1.0, 0.8571, 1.0, 0.5714, 0.8, 1.0, 0.7778, 0.8333, 0.6667, 0.8182, 0.7143, 1.0, 0.875, 1.0, 0.7778, 0.8, 0.8, 1.0, 0.7143, 1.0, 0.875, 0.8333, 0.8889, 1.0, 0.3333, 0.8333, 0.75, 0.8, 0.7778, 0.7778, 0.6, 1.0, 0.8889, 0.7778, 0.875, 1.0, 1.0, 1.0, 1.0, 0.875, 0.8333, 1.0, 0.8462, 0.8571, 0.6667, 1.0, 0.9091, 0.8571, 0.8571, 1.0, 0.8571, 0.8, 0.75, 0.9286, 0.875, 0.8571, 0.9, 0.875, 1.0, 0.8889, 0.9091, 0.8889, 1.0, 0.8, 0.9, 0.8, 1.0, 0.8, 0.8889, 0.6667, 0.8889, 0.875, 1.0, 1.0, 0.9, 0.5, 0.9091, 1.0, 0.625, 1.0, 1.0, 0.8, 0.75, 0.8, 0.8333, 0.75, 0.8, 0.5, 0.75, 1.0, 1.0, 0.875, 1.0, 0.5455, 0.8333, 0.9, 1.0, 0.9091, 1.0, 0.8, 0.75, 0.9091, 0.625, 0.8333, 0.8, 0.8571, 0.9, 1.0, 1.0, 0.8182, 0.75, 0.8333, 1.0, 0.8889, 1.0, 1.0, 1.0, 1.0, 0.8333, 1.0, 1.0, 0.625, 1.0, 0.7778, 0.8, 0.9, 0.8889, 1.0, 0.7778, 1.0, 0.7143, 0.5714, 0.6667, 1.0, 1.0, 0.8571, 0.875, 1.0, 1.0, 0.9091, 1.0, 0.875, 0.8571, 0.8, 0.8571, 0.8889, 0.75, 0.8, 1.0, 0.8571, 0.7778, 1.0, 0.8571, 0.75, 1.0, 0.6923, 0.7778, 1.0, 1.0, 0.8571, 0.8, 1.0, 0.7143, 0.75, 0.8, 0.5556, 1.0, 0.9, 0.8333, 0.8571, 1.0, 1.0, 0.8333, 1.0, 0.5, 0.8571, 1.0, 1.0, 1.0, 0.8889, 0.8, 1.0, 0.8333, 1.0, 1.0, 1.0, 1.0, 0.8571, 0.9231, 1.0, 0.9167, 0.7143, 0.8333, 0.8333, 1.0, 0.8333, 1.0, 0.8571, 1.0, 0.625, 1.0, 0.8889, 0.4, 0.2, 0.875, 1.0, 0.75, 0.875, 1.0, 0.875, 1.0, 0.0, 1.0, 0.6667, 0.7778, 0.8571, 0.8333, 0.8333, 1.0, 0.0, 0.8, 0.8889, 0.8889, 1.0, 1.0, 1.0, 0.75, 0.0, 1.0, 1.0, 0.9091]","[1, 8, 12, 15, 17, 18, 23, 24, 28, 31, 35, 36, 41, 44, 47, 50, 52, 54, 55, 61, 66, 68, 74, 75, 83, 84, 86, 87, 90, 95, 99, 103, 109, 114, 118, 122, 123, 126, 138, 141, 142, 151, 157, 158, 159, 163, 164, 168, 169, 171, 172, 176, 181, 182, 183, 185, 186, 187, 188, 191, 195, 196, 197, 202, 203, 206, 207, 209, 215, 217, 222, 223, 226, 229, 232, 233, 235, 236, 242, 247]"
random,0.6,4,random,0.8495,0.8495,0.8495,1.0,0.8495,-0.0,31,True,1699,0,301,0,0,"[0.05, 0.073, 0.097, 0.128, 0.156, 0.189, 0.221, 0.258, 0.296, 0.326, 0.3565, 0.384, 0.4105, 0.4415, 0.4755, 0.524, 0.57, 0.6095, 0.642, 0.678, 0.7085, 0.7335, 0.757, 0.775, 0.796, 0.809, 0.8225, 0.8315, 0.8395, 0.8455, 0.8495, 0.8495, 0.8495, 0.8495, 0.8495, 0.8495, 0.8495, 0.8495, 0.8495, 0.8495, 0.8495, 0.8495, 0.8495, 0.8495, 0.8495, 0.8495, 0.8495, 0.8495, 0.8495, 0.8495, 0.8495, 0.8495, 0.8495, 0.8495, 0.8495, 0.8495, 0.8495, 0.8495, 0.8495, 0.8495, 0.8495, 0.8495, 0.8495, 0.8495, 0.8495, 0.8495, 0.8495, 0.8495, 0.8495, 0.8495, 0.8495, 0.8495, 0.8495, 0.8495, 0.8495, 0.8495, 0.8495, 0.8495, 0.8495, 0.8495, 0.8495, 0.8495, 0.8495, 0.8495, 0.8495, 0.8495, 0.8495, 0.8495, 0.8495, 0.8495, 0.8495, 0.8495, 0.8495, 0.8495, 0.8495, 0.8495, 0.8495, 0.8495, 0.8495, 0.8495, 0.8495]","{""0"": 0.8369, ""1"": 0.8633, ""2"": 0.8571, ""3"": 0.8559, ""4"": 0.8648, ""5"": 0.8672, ""6"": 0.811, ""7"": 0.8392}","[0.7778, 0.5, 1.0, 0.875, 1.0, 0.8571, 0.9, 0.8, 0.8, 0.8333, 0.8333, 0.7273, 0.875, 0.9091, 0.8, 0.8333, 0.8571, 1.0, 1.0, 1.0, 0.7143, 0.875, 0.875, 0.8, 1.0, 0.7778, 1.0, 0.8889, 0.8182, 1.0, 1.0, 0.9091, 1.0, 0.75, 0.7778, 1.0, 0.8889, 0.9, 0.8333, 0.3333, 0.75, 1.0, 0.7273, 0.875, 0.8571, 0.8, 0.7143, 0.8182, 1.0, 0.875, 0.8571, 0.875, 0.8333, 1.0, 0.8333, 0.5556, 0.9167, 0.8571, 0.7, 0.8571, 0.8, 1.0, 0.9, 1.0, 0.7778, 0.875, 0.875, 0.8333, 1.0, 0.75, 0.7143, 0.875, 0.75, 0.6667, 1.0, 0.8889, 0.75, 1.0, 1.0, 1.0, 0.8889, 1.0, 0.5, 0.9167, 0.9231, 0.8333, 1.0, 0.6667, 1.0, 0.8889, 0.8182, 0.8, 0.7143, 0.75, 0.8, 1.0, 1.0, 0.7778, 0.8571, 0.9231, 0.8889, 0.8571, 1.0, 0.6667, 0.625, 0.7778, 0.6667, 0.7778, 0.6, 0.875, 0.6667, 0.7143, 0.7143, 1.0, 0.8, 0.75, 1.0, 0.8889, 0.7778, 0.7692, 0.7, 0.5714, 1.0, 0.8, 1.0, 0.8571, 1.0, 0.5, 1.0, 1.0, 0.875, 0.8889, 0.7143, 0.875, 0.7778, 1.0, 0.7143, 0.7143, 0.8, 1.0, 0.9167, 1.0, 0.7273, 0.8333, 1.0, 0.8333, 1.0, 0.875, 0.7273, 0.75, 1.0, 0.8, 0.5556, 0.7143, 1.0, 1.0, 1.0, 0.6667, 0.8571, 0.4286, 0.8571, 0.8889, 0.8333, 0.7778, 0.6667, 1.0, 1.0, 0.7778, 1.0, 1.0, 0.9, 0.8462, 0.8333, 0.7, 0.8, 0.8182, 1.0, 1.0, 0.8889, 0.7273, 0.8571, 0.875, 1.0, 0.8571, 1.0, 0.8889, 0.8889, 0.75, 1.0, 0.75, 0.5, 1.0, 1.0, 0.7778, 1.0, 0.75, 1.0, 1.0, 0.8889, 0.8889, 0.9167, 1.0, 1.0, 0.875, 1.0, 0.8, 0.8, 0.875, 0.5, 0.6, 1.0, 1.0, 0.875, 0.8889, 0.7143, 0.6667, 0.9, 0.8, 0.8571, 0.8, 0.8333, 0.8889, 1.0, 0.8571, 0.8889, 0.875, 0.625, 1.0, 0.8571, 1.0, 1.0, 0.8, 0.8182, 0.625, 0.8333, 0.8667, 0.75, 0.875, 0.8333, 0.8889, 0.8571, 0.8571, 1.0, 0.8571, 0.9, 0.8571, 1.0, 1.0, 0.6364, 0.8333]","[1, 2, 6, 9, 14, 23, 27, 28, 29, 30, 34, 37, 40, 41, 44, 46, 47, 48, 49, 54, 57, 60, 64, 67, 68, 70, 75, 77, 79, 82, 83, 84, 88, 89, 90, 91, 92, 96, 100, 109, 115, 116, 117, 118, 120, 125, 126, 127, 128, 129, 134, 138, 141, 152, 155, 160, 162, 163, 169, 173, 177, 179, 181, 182, 186, 187, 191, 193, 194, 196, 198, 200, 205, 210, 222, 224, 225, 233, 236, 241, 243, 244, 246, 248, 249]"
random,0.6,5,random,0.8485,0.8485,0.8485,1.0,0.8485,0.0,37,True,1697,0,289,14,0,"[0.05, 0.0715, 0.092, 0.1185, 0.1505, 0.188, 0.2315, 0.274, 0.3165, 0.3605, 0.404, 0.4485, 0.494, 0.5415, 0.5845, 0.6235, 0.6615, 0.6835, 0.7065, 0.7285, 0.75, 0.77, 0.7815, 0.789, 0.7975, 0.8055, 0.811, 0.8175, 0.8255, 0.8345, 0.8365, 0.838, 0.841, 0.8445, 0.846, 0.8475, 0.8485, 0.8485, 0.8485, 0.8485, 0.8485, 0.8485, 0.8485, 0.8485, 0.8485, 0.8485, 0.8485, 0.8485, 0.8485, 0.8485, 0.8485, 0.8485, 0.8485, 0.8485, 0.8485, 0.8485, 0.8485, 0.8485, 0.8485, 0.8485, 0.8485, 0.8485, 0.8485, 0.8485, 0.8485, 0.8485, 0.8485, 0.8485, 0.8485, 0.8485, 0.8485, 0.8485, 0.8485, 0.8485, 0.8485, 0.8485, 0.8485, 0.8485, 0.8485, 0.8485, 0.8485, 0.8485, 0.8485, 0.8485, 0.8485, 0.8485, 0.8485, 0.8485, 0.8485, 0.8485, 0.8485, 0.8485, 0.8485, 0.8485, 0.8485, 0.8485, 0.8485, 0.8485, 0.8485, 0.8485, 0.8485]","{""0"": 0.8095, ""1"": 0.8627, ""2"": 0.8692, ""3"": 0.8735, ""4"": 0.8487, ""5"": 0.8196, ""6"": 0.8672, ""7"": 0.8419}","[0.7778, 1.0, 0.625, 1.0, 1.0, 0.75, 0.8, 0.875, 0.8333, 0.6667, 0.9, 1.0, 1.0, 0.75, 0.8571, 0.9, 1.0, 0.7273, 0.875, 1.0, 1.0, 0.875, 1.0, 0.7778, 1.0, 0.9167, 0.8889, 0.8889, 1.0, 0.875, 0.9, 0.875, 1.0, 1.0, 0.9, 0.8571, 0.9, 0.4545, 0.7778, 1.0, 0.8182, 0.9, 0.6667, 0.875, 0.8889, 0.8, 1.0, 0.9091, 0.8571, 0.4, 0.9091, 0.7273, 0.6154, 1.0, 1.0, 0.9, 0.75, 0.0, 1.0, 1.0, 0.8, 0.8571, 0.5556, 1.0, 0.75, 0.0, 0.9231, 0.8889, 0.8, 0.8333, 0.8571, 0.5, 0.875, 0.8333, 1.0, 0.7143, 1.0, 0.9091, 0.625, 0.75, 0.75, 0.875, 0.8182, 0.8889, 0.7778, 1.0, 1.0, 0.7, 0.6154, 1.0, 0.75, 0.8571, 0.75, 1.0, 0.7, 0.75, 0.8, 1.0, 0.8, 0.8889, 1.0, 0.8333, 0.8333, 1.0, 0.875, 1.0, 0.8889, 0.7778, 0.8571, 0.8333, 0.7, 1.0, 0.8, 0.8333, 1.0, 0.5714, 0.9231, 0.8571, 0.8, 1.0, 0.8571, 0.6667, 0.9, 1.0, 0.7692, 0.875, 0.8571, 1.0, 0.8889, 0.6667, 0.8889, 1.0, 1.0, 1.0, 0.7778, 1.0, 0.5714, 0.875, 1.0, 1.0, 0.9, 0.8, 1.0, 0.6, 0.8, 1.0, 1.0, 0.8571, 0.9, 1.0, 0.625, 0.875, 0.8, 1.0, 0.75, 1.0, 1.0, 0.7143, 0.7778, 0.8, 0.7778, 1.0, 0.9091, 1.0, 0.8, 0.7778, 1.0, 1.0, 1.0, 0.6667, 1.0, 1.0, 0.8182, 0.6667, 0.6667, 0.7778, 0.8, 0.8571, 0.7778, 0.7143, 0.8571, 0.8333, 0.8889, 0.9231, 1.0, 0.8889, 0.5714, 1.0, 1.0, 0.8571, 0.75, 0.8889, 0.9, 0.9, 1.0, 0.5, 0.6667, 0.7143, 0.9167, 1.0, 1.0, 0.8333, 0.8889, 1.0, 0.8571, 0.8182, 0.5714, 0.8571, 1.0, 0.8889, 1.0, 0.8889, 0.8, 0.9, 0.75, 1.0, 0.7143, 0.8333, 0.625, 0.7143, 0.7143, 0.8571, 1.0, 0.8, 0.8571, 0.8889, 1.0, 0.9231, 1.0, 1.0, 1.0, 0.9, 0.8333, 0.8571, 0.5, 0.625, 1.0, 0.9, 0.75, 0.8571, 1.0, 0.625, 1.0, 0.75, 0.875, 1.0, 0.8333, 1.0, 0.75, 1.0]","[8, 10, 15, 16, 17, 18, 19, 23, 25, 26, 27, 31, 32, 34, 39, 41, 43, 44, 45, 46, 47, 55, 58, 60, 62, 66, 67, 68, 69, 72, 74, 92, 94, 101, 105, 107, 112, 113, 114, 115, 120, 122, 127, 128, 130, 132, 133, 135, 140, 141, 145, 146, 148, 149, 154, 155, 156, 163, 165, 166, 167, 169, 170, 172, 174, 177, 179, 183, 187, 188, 192, 194, 198, 201, 205, 207, 211, 213, 220, 223, 225, 227, 230, 233, 235, 245, 249]"
random,0.6,6,random,0.8595,0.8595,0.8595,1.0,0.8595,0.0,38,True,1719,0,281,0,0,"[0.05, 0.068, 0.0845, 0.1005, 0.119, 0.149, 0.1855, 0.2175, 0.256, 0.305, 0.3435, 0.375, 0.4005, 0.429, 0.4555, 0.481, 0.509, 0.5335, 0.559, 0.59, 0.613, 0.633, 0.6505, 0.669, 0.692, 0.7085, 0.7205, 0.728, 0.7375, 0.7485, 0.7685, 0.79, 0.8155, 0.8315, 0.843, 0.852, 0.8585, 0.8595, 0.8595, 0.8595, 0.8595, 0.8595, 0.8595, 0.8595, 0.8595, 0.8595, 0.8595, 0.8595, 0.8595, 0.8595, 0.8595, 0.8595, 0.8595, 0.8595, 0.8595, 0.8595, 0.8595, 0.8595, 0.8595, 0.8595, 0.8595, 0.8595, 0.8595, 0.8595, 0.8595, 0.8595, 0.8595, 0.8595, 0.8595, 0.8595, 0.8595, 0.8595, 0.8595, 0.8595, 0.8595, 0.8595, 0.8595, 0.8595, 0.8595, 0.8595, 0.8595, 0.8595, 0.8595, 0.8595, 0.8595, 0.8595, 0.8595, 0.8595, 0.8595, 0.8595, 0.8595, 0.8595, 0.8595, 0.8595, 0.8595, 0.8595, 0.8595, 0.8595, 0.8595, 0.8595, 0.8595]","{""0"": 0.9073, ""1"": 0.8465, ""2"": 0.8667, ""3"": 0.8394, ""4"": 0.8273, ""5"": 0.8659, ""6"": 0.8675, ""7"": 0.8526}","[0.7778, 1.0, 1.0, 0.9091, 1.0, 1.0, 1.0, 0.5455, 0.875, 0.9, 0.625, 0.6923, 1.0, 0.875, 0.75, 0.875, 0.8, 0.6364, 0.75, 0.8667, 0.8182, 0.75, 1.0, 0.8889, 0.5556, 1.0, 0.7143, 1.0, 1.0, 0.7143, 1.0, 1.0, 0.4286, 1.0, 0.8, 0.8571, 0.625, 1.0, 0.875, 0.875, 1.0, 0.8571, 1.0, 0.8571, 0.6, 0.8, 1.0, 0.6667, 1.0, 1.0, 1.0, 0.8333, 0.8571, 0.75, 0.8571, 1.0, 0.8889, 1.0, 0.6667, 1.0, 0.8571, 0.8333, 0.875, 0.8333, 0.8, 0.9, 0.8889, 1.0, 0.8182, 1.0, 0.75, 0.875, 1.0, 0.7778, 0.75, 0.75, 0.75, 0.8182, 0.7778, 0.875, 0.8182, 0.7778, 0.8333, 0.875, 0.6667, 0.9167, 1.0, 0.7778, 0.625, 0.875, 1.0, 0.75, 0.8, 0.8889, 0.7143, 0.8571, 1.0, 1.0, 0.7778, 0.8333, 0.8, 0.75, 0.6667, 0.8889, 0.75, 1.0, 0.9091, 0.5, 1.0, 0.8, 0.7778, 0.8889, 1.0, 1.0, 1.0, 0.625, 0.875, 1.0, 0.8, 0.8571, 0.7143, 0.5, 1.0, 1.0, 0.9, 0.6667, 0.9, 0.8571, 0.8, 1.0, 0.8571, 1.0, 0.75, 0.7778, 0.8, 0.8889, 0.75, 0.7143, 0.875, 0.9, 1.0, 1.0, 0.8889, 1.0, 0.8333, 1.0, 0.8889, 0.8571, 0.8571, 0.8889, 0.875, 0.6667, 0.8889, 0.875, 1.0, 1.0, 0.8889, 0.7143, 0.8571, 1.0, 0.625, 1.0, 0.8, 1.0, 0.8333, 1.0, 0.9, 0.9091, 1.0, 1.0, 0.6667, 0.8571, 1.0, 0.5714, 0.4286, 0.9091, 1.0, 1.0, 1.0, 0.8, 0.5556, 1.0, 0.8333, 0.875, 0.875, 1.0, 0.9, 0.8571, 0.6667, 0.8889, 0.8, 1.0, 1.0, 1.0, 0.875, 1.0, 0.8571, 0.9091, 0.8462, 1.0, 0.875, 1.0, 0.6667, 1.0, 1.0, 0.75, 0.8, 0.8889, 0.8333, 1.0, 1.0, 0.6, 0.6667, 0.8, 1.0, 0.8, 1.0, 0.8, 0.6667, 0.8889, 0.8, 0.75, 1.0, 0.875, 1.0, 1.0, 0.75, 0.875, 1.0, 0.7, 1.0, 0.8889, 1.0, 0.8, 1.0, 1.0, 0.75, 0.7, 1.0, 1.0, 0.8333, 0.8571, 0.625, 0.75, 1.0, 0.75, 1.0, 0.8889, 0.8182, 0.6667]","[2, 7, 10, 12, 13, 15, 16, 20, 25, 31, 35, 48, 55, 56, 59, 60, 62, 64, 68, 70, 71, 72, 73, 75, 76, 78, 79, 82, 86, 87, 88, 90, 92, 95, 96, 101, 103, 104, 106, 109, 110, 118, 123, 127, 129, 134, 135, 136, 140, 147, 148, 155, 165, 167, 168, 170, 175, 178, 190, 192, 193, 194, 196, 198, 201, 204, 207, 216, 217, 218, 223, 224, 225, 227, 230, 231, 233, 240, 245, 247]"
random,0.6,7,random,0.8055,0.8055,0.8055,1.0,0.8055,0.0,32,True,1611,0,322,67,0,"[0.05, 0.0725, 0.095, 0.1195, 0.145, 0.171, 0.204, 0.2495, 0.3005, 0.3485, 0.39, 0.431, 0.4695, 0.509, 0.5435, 0.577, 0.6095, 0.6295, 0.649, 0.667, 0.6775, 0.6895, 0.7035, 0.722, 0.737, 0.752, 0.7695, 0.7825, 0.7915, 0.7985, 0.8035, 0.8055, 0.8055, 0.8055, 0.8055, 0.8055, 0.8055, 0.8055, 0.8055, 0.8055, 0.8055, 0.8055, 0.8055, 0.8055, 0.8055, 0.8055, 0.8055, 0.8055, 0.8055, 0.8055, 0.8055, 0.8055, 0.8055, 0.8055, 0.8055, 0.8055, 0.8055, 0.8055, 0.8055, 0.8055, 0.8055, 0.8055, 0.8055, 0.8055, 0.8055, 0.8055, 0.8055, 0.8055, 0.8055, 0.8055, 0.8055, 0.8055, 0.8055, 0.8055, 0.8055, 0.8055, 0.8055, 0.8055, 0.8055, 0.8055, 0.8055, 0.8055, 0.8055, 0.8055, 0.8055, 0.8055, 0.8055, 0.8055, 0.8055, 0.8055, 0.8055, 0.8055, 0.8055, 0.8055, 0.8055, 0.8055, 0.8055, 0.8055, 0.8055, 0.8055, 0.8055]","{""0"": 0.7598, ""1"": 0.8115, ""2"": 0.6275, ""3"": 0.8419, ""4"": 0.888, ""5"": 0.8304, ""6"": 0.8071, ""7"": 0.8712}","[0.8889, 0.8571, 1.0, 0.8333, 0.7273, 1.0, 1.0, 0.7143, 0.75, 1.0, 0.8333, 0.6667, 1.0, 0.7143, 0.875, 0.7, 0.7778, 0.6667, 0.8889, 0.9, 0.7143, 0.8889, 0.6, 1.0, 1.0, 0.875, 0.25, 0.6667, 0.875, 0.75, 0.9091, 0.7143, 0.9, 0.75, 0.8571, 0.8571, 1.0, 0.8889, 1.0, 0.7778, 0.7778, 1.0, 0.8571, 1.0, 1.0, 0.8, 0.75, 0.8, 0.8333, 0.6667, 0.875, 1.0, 0.9231, 0.9091, 1.0, 0.8889, 1.0, 1.0, 1.0, 0.9091, 0.7143, 0.9091, 0.75, 1.0, 0.9091, 0.6, 0.6364, 0.7143, 0.7143, 1.0, 0.8571, 0.8571, 1.0, 0.7273, 0.7778, 1.0, 0.8, 0.9, 0.8571, 0.6364, 1.0, 1.0, 0.875, 1.0, 1.0, 1.0, 0.8333, 0.8182, 1.0, 0.8889, 0.7143, 1.0, 0.8, 0.8182, 0.8571, 0.8889, 0.625, 0.6, 0.9091, 1.0, 0.6667, 0.9, 0.6667, 0.875, 0.8571, 1.0, 0.75, 1.0, 0.875, 0.9, 0.8333, 0.8, 1.0, 0.8889, 0.5556, 0.8889, 0.9231, 1.0, 0.8333, 1.0, 0.8, 0.9, 0.8333, 0.7778, 0.9, 0.875, 1.0, 0.7857, 1.0, 0.7143, 0.75, 1.0, 0.8571, 0.875, 0.8571, 0.7, 0.7143, 0.8571, 0.75, 0.875, 0.5, 0.5, 0.625, 0.6667, 0.5, 0.6667, 0.7778, 0.8571, 0.8571, 1.0, 0.7143, 1.0, 1.0, 0.8571, 1.0, 0.0, 0.9091, 1.0, 0.875, 0.6667, 0.7143, 0.7778, 0.75, 0.0, 0.9091, 1.0, 0.6667, 0.8333, 0.7778, 0.3, 0.8571, 0.0, 0.75, 0.9167, 0.8333, 0.9, 0.875, 0.2, 0.9091, 0.0, 1.0, 0.8889, 0.8, 0.75, 1.0, 0.5, 1.0, 0.0, 0.8333, 0.9, 0.75, 0.8, 0.875, 0.75, 0.75, 0.0, 0.8571, 0.875, 0.8, 0.625, 1.0, 0.8571, 0.6, 0.0, 0.7, 0.8333, 0.8, 0.8571, 0.8889, 1.0, 0.8571, 0.0, 1.0, 0.8182, 1.0, 0.7143, 1.0, 0.8571, 1.0, 0.2, 0.7692, 1.0, 0.7143, 0.6667, 0.7, 0.625, 0.8333, 0.7778, 0.75, 0.8889, 1.0, 0.7778, 0.9167, 0.8, 0.75, 1.0, 0.875, 0.875, 0.8889, 0.9091, 0.7778, 0.7143, 0.8571, 1.0, 0.8571, 0.7143, 0.6667, 0.9091, 0.9091, 0.6667]","[0, 5, 7, 10, 11, 14, 15, 16, 19, 23, 25, 28, 33, 35, 36, 42, 44, 47, 50, 51, 53, 55, 56, 58, 61, 66, 71, 73, 75, 76, 78, 79, 89, 101, 103, 105, 106, 107, 108, 110, 111, 116, 118, 120, 124, 125, 126, 140, 144, 145, 149, 150, 156, 158, 162, 165, 168, 173, 174, 175, 178, 180, 182, 183, 184, 186, 189, 193, 199, 200, 201, 210, 220, 222, 223, 224, 230, 231, 232, 240, 243, 247]"
random,0.6,8,random,0.8355,0.8355,0.8355,1.0,0.8355,0.0,33,True,1671,0,277,52,0,"[0.05, 0.077, 0.104, 0.14, 0.1835, 0.2305, 0.2655, 0.295, 0.3255, 0.3535, 0.392, 0.436, 0.4725, 0.5035, 0.5385, 0.583, 0.6255, 0.66, 0.691, 0.72, 0.7425, 0.762, 0.7745, 0.784, 0.7955, 0.8035, 0.8075, 0.8155, 0.824, 0.8295, 0.832, 0.834, 0.8355, 0.8355, 0.8355, 0.8355, 0.8355, 0.8355, 0.8355, 0.8355, 0.8355, 0.8355, 0.8355, 0.8355, 0.8355, 0.8355, 0.8355, 0.8355, 0.8355, 0.8355, 0.8355, 0.8355, 0.8355, 0.8355, 0.8355, 0.8355, 0.8355, 0.8355, 0.8355, 0.8355, 0.8355, 0.8355, 0.8355, 0.8355, 0.8355, 0.8355, 0.8355, 0.8355, 0.8355, 0.8355, 0.8355, 0.8355, 0.8355, 0.8355, 0.8355, 0.8355, 0.8355, 0.8355, 0.8355, 0.8355, 0.8355, 0.8355, 0.8355, 0.8355, 0.8355, 0.8355, 0.8355, 0.8355, 0.8355, 0.8355, 0.8355, 0.8355, 0.8355, 0.8355, 0.8355, 0.8355, 0.8355, 0.8355, 0.8355, 0.8355, 0.8355]","{""0"": 0.6604, ""1"": 0.8619, ""2"": 0.8577, ""3"": 0.8313, ""4"": 0.876, ""5"": 0.8661, ""6"": 0.8854, ""7"": 0.8565}","[0.8889, 0.875, 1.0, 0.7273, 1.0, 0.8571, 0.7778, 0.75, 0.875, 1.0, 0.8571, 0.7778, 0.9, 0.8889, 0.6667, 0.8462, 0.8889, 0.5714, 1.0, 0.8182, 1.0, 0.6, 1.0, 0.8, 0.7143, 0.75, 0.75, 0.9231, 1.0, 0.7143, 1.0, 0.9, 0.9, 0.8333, 0.7778, 1.0, 0.8571, 0.8889, 0.8889, 0.8571, 0.9231, 0.8889, 0.9167, 0.9, 0.7778, 0.8462, 0.8333, 0.8571, 0.875, 1.0, 0.625, 0.8889, 0.375, 0.8571, 0.875, 1.0, 1.0, 0.0, 0.875, 0.8, 0.8333, 0.9, 0.8, 1.0, 0.6667, 0.0, 0.8571, 0.9, 1.0, 0.8333, 0.6667, 0.6667, 0.75, 0.0714, 1.0, 1.0, 0.75, 0.8889, 0.625, 1.0, 0.7778, 0.1667, 0.7143, 0.7143, 0.875, 1.0, 1.0, 0.8, 0.7778, 0.0, 0.8889, 0.9, 1.0, 1.0, 1.0, 0.75, 0.9167, 0.6667, 0.6667, 1.0, 0.8571, 1.0, 0.6667, 0.7143, 0.6667, 0.8, 0.8889, 0.8, 0.75, 0.7778, 1.0, 1.0, 0.75, 0.8333, 1.0, 1.0, 1.0, 1.0, 0.875, 1.0, 1.0, 1.0, 0.8333, 0.7143, 0.3333, 0.8889, 0.875, 1.0, 1.0, 1.0, 0.9, 0.75, 0.875, 0.8462, 1.0, 1.0, 0.875, 0.8889, 0.8, 1.0, 0.6667, 0.875, 1.0, 0.9, 0.8333, 0.8571, 0.875, 0.75, 1.0, 1.0, 0.8889, 1.0, 1.0, 1.0, 0.7778, 1.0, 0.8333, 1.0, 0.75, 0.6667, 1.0, 1.0, 1.0, 0.4286, 1.0, 0.7273, 1.0, 0.7143, 0.8, 0.7143, 0.8889, 0.7778, 0.7778, 0.8571, 1.0, 1.0, 0.8889, 0.0909, 0.75, 0.8333, 0.8571, 1.0, 0.9, 1.0, 1.0, 0.0, 0.9286, 0.8571, 0.6667, 0.6667, 0.8571, 0.75, 0.8, 1.0, 0.75, 1.0, 0.6667, 0.75, 1.0, 0.7778, 1.0, 0.7692, 0.7273, 1.0, 0.5714, 1.0, 0.7778, 0.9, 0.6, 0.8333, 1.0, 1.0, 0.75, 1.0, 0.5714, 0.8333, 0.7, 0.7, 0.8571, 0.8, 0.8889, 1.0, 1.0, 1.0, 0.75, 1.0, 1.0, 0.7143, 0.9286, 0.8889, 1.0, 1.0, 0.5714, 0.9, 1.0, 1.0, 0.6667, 1.0, 0.75, 1.0, 0.8571, 0.75, 0.9, 1.0, 0.8182, 0.6667, 0.8333, 0.8, 1.0, 1.0]","[1, 10, 14, 15, 18, 19, 24, 27, 28, 31, 35, 36, 37, 40, 43, 47, 49, 50, 51, 54, 55, 59, 60, 61, 70, 72, 75, 77, 80, 81, 84, 88, 90, 93, 94, 99, 106, 107, 108, 109, 110, 111, 112, 114, 116, 118, 128, 129, 130, 132, 138, 141, 152, 156, 160, 165, 175, 176, 177, 179, 181, 182, 183, 188, 194, 198, 212, 214, 218, 219, 223, 224, 230, 232, 233, 236, 239, 242, 243, 248, 249]"
random,0.6,9,random,0.853,0.853,0.853,1.0,0.853,0.0,53,True,1706,0,294,0,0,"[0.05, 0.0725, 0.091, 0.111, 0.139, 0.165, 0.1975, 0.228, 0.2555, 0.283, 0.306, 0.3325, 0.363, 0.397, 0.4245, 0.4425, 0.4635, 0.484, 0.5135, 0.5365, 0.552, 0.57, 0.588, 0.6045, 0.6235, 0.6445, 0.668, 0.69, 0.706, 0.72, 0.73, 0.735, 0.7385, 0.746, 0.755, 0.7645, 0.7705, 0.777, 0.781, 0.7825, 0.785, 0.7895, 0.801, 0.8105, 0.8255, 0.8315, 0.8335, 0.8365, 0.8405, 0.8415, 0.844, 0.8495, 0.853, 0.853, 0.853, 0.853, 0.853, 0.853, 0.853, 0.853, 0.853, 0.853, 0.853, 0.853, 0.853, 0.853, 0.853, 0.853, 0.853, 0.853, 0.853, 0.853, 0.853, 0.853, 0.853, 0.853, 0.853, 0.853, 0.853, 0.853, 0.853, 0.853, 0.853, 0.853, 0.853, 0.853, 0.853, 0.853, 0.853, 0.853, 0.853, 0.853, 0.853, 0.853, 0.853, 0.853, 0.853, 0.853, 0.853, 0.853, 0.853]","{""0"": 0.8796, ""1"": 0.8589, ""2"": 0.8543, ""3"": 0.8175, ""4"": 0.8605, ""5"": 0.865, ""6"": 0.8436, ""7"": 0.8421}","[0.7778, 1.0, 1.0, 0.75, 1.0, 1.0, 0.6, 0.8889, 1.0, 1.0, 0.75, 0.8333, 0.875, 0.5, 0.8889, 0.8889, 1.0, 0.75, 0.875, 0.875, 0.5, 0.8, 0.8, 0.9091, 0.9, 0.8571, 0.75, 0.7, 0.8571, 0.7778, 1.0, 0.7143, 1.0, 0.8333, 0.8571, 0.8182, 0.8, 1.0, 0.75, 1.0, 1.0, 1.0, 0.8889, 0.75, 0.75, 1.0, 0.875, 0.8333, 0.6, 0.8333, 0.8, 1.0, 0.7778, 0.9, 0.9091, 0.8571, 0.8333, 0.8571, 1.0, 0.8, 0.8333, 0.875, 0.8, 0.6, 0.75, 0.9091, 0.875, 0.8333, 0.8462, 0.8889, 0.75, 1.0, 0.875, 0.8, 0.8, 0.8571, 0.8571, 0.8182, 0.625, 1.0, 0.8571, 1.0, 1.0, 0.75, 0.9091, 0.8571, 0.8, 1.0, 0.7778, 0.9091, 1.0, 0.625, 0.8182, 0.7143, 1.0, 0.8571, 0.8571, 0.7778, 0.8, 0.8, 0.875, 0.7, 0.8, 0.8, 0.8182, 1.0, 0.8571, 1.0, 0.9231, 0.875, 1.0, 0.8571, 0.5, 1.0, 1.0, 1.0, 0.3333, 0.8571, 1.0, 0.875, 0.7, 0.9091, 0.75, 1.0, 0.875, 1.0, 0.9091, 0.7, 0.875, 1.0, 1.0, 1.0, 1.0, 1.0, 0.9, 0.6667, 1.0, 0.9167, 0.875, 0.7778, 0.8333, 0.9, 0.7778, 0.6667, 0.8, 0.7692, 0.7778, 1.0, 0.8333, 1.0, 0.8333, 0.875, 0.9091, 1.0, 0.9091, 1.0, 0.8333, 0.8571, 1.0, 1.0, 1.0, 0.7, 0.875, 0.6667, 0.5556, 1.0, 1.0, 0.8333, 0.875, 0.7778, 0.7143, 0.7, 0.8571, 0.8889, 0.4, 1.0, 0.7143, 1.0, 1.0, 0.9091, 1.0, 0.8667, 0.875, 0.875, 0.8571, 1.0, 0.8571, 0.6, 0.8571, 1.0, 1.0, 0.6923, 0.6667, 0.7143, 0.5, 0.8889, 0.75, 1.0, 0.9167, 0.6667, 0.7143, 0.6, 0.9, 0.9, 0.875, 1.0, 1.0, 0.8889, 0.8571, 0.7692, 0.6667, 1.0, 0.75, 0.7143, 0.7778, 0.875, 1.0, 0.9, 0.9091, 0.8889, 0.5714, 0.8, 0.8571, 0.875, 0.8571, 1.0, 0.8571, 0.6667, 1.0, 0.6364, 1.0, 0.75, 0.8889, 1.0, 1.0, 0.8182, 0.9167, 0.9167, 0.8, 0.9091, 0.7143, 1.0, 0.8571, 0.8571, 0.7778, 0.6, 0.6667, 0.8182, 0.8889, 0.9]","[2, 9, 10, 11, 12, 14, 15, 16, 17, 18, 20, 22, 26, 27, 29, 31, 39, 42, 44, 50, 52, 54, 57, 58, 65, 66, 67, 68, 69, 73, 75, 76, 84, 87, 88, 89, 93, 97, 98, 104, 108, 109, 111, 120, 122, 127, 131, 133, 135, 136, 137, 145, 146, 149, 152, 154, 155, 156, 158, 169, 175, 177, 178, 179, 188, 191, 192, 199, 201, 202, 204, 205, 206, 208, 211, 214, 217, 220, 226, 229, 231, 232, 235, 236, 241, 242]"
random,0.6,10,random,0.8485,0.8485,0.8485,1.0,0.8485,0.0,49,True,1697,0,303,0,0,"[0.05, 0.0735, 0.0955, 0.1245, 0.1535, 0.179, 0.2125, 0.2445, 0.28, 0.3125, 0.3365, 0.361, 0.387, 0.4115, 0.437, 0.469, 0.501, 0.5275, 0.555, 0.574, 0.5865, 0.598, 0.61, 0.6215, 0.632, 0.6425, 0.656, 0.6695, 0.684, 0.695, 0.7065, 0.722, 0.7405, 0.7535, 0.77, 0.79, 0.8035, 0.8095, 0.813, 0.816, 0.8195, 0.8225, 0.827, 0.831, 0.835, 0.8405, 0.8435, 0.8455, 0.8485, 0.8485, 0.8485, 0.8485, 0.8485, 0.8485, 0.8485, 0.8485, 0.8485, 0.8485, 0.8485, 0.8485, 0.8485, 0.8485, 0.8485, 0.8485, 0.8485, 0.8485, 0.8485, 0.8485, 0.8485, 0.8485, 0.8485, 0.8485, 0.8485, 0.8485, 0.8485, 0.8485, 0.8485, 0.8485, 0.8485, 0.8485, 0.8485, 0.8485, 0.8485, 0.8485, 0.8485, 0.8485, 0.8485, 0.8485, 0.8485, 0.8485, 0.8485, 0.8485, 0.8485, 0.8485, 0.8485, 0.8485, 0.8485, 0.8485, 0.8485, 0.8485, 0.8485]","{""0"": 0.8223, ""1"": 0.8533, ""2"": 0.8498, ""3"": 0.8517, ""4"": 0.8712, ""5"": 0.83, ""6"": 0.8554, ""7"": 0.8519}","[0.8889, 0.875, 0.8889, 0.6667, 1.0, 0.8462, 1.0, 1.0, 0.9091, 0.8, 1.0, 0.75, 0.8889, 0.8333, 0.5, 0.75, 0.8333, 0.75, 1.0, 0.8333, 0.7143, 0.75, 0.8462, 0.9, 0.7, 1.0, 0.875, 0.875, 0.75, 0.9, 1.0, 1.0, 0.6667, 0.8333, 0.7778, 1.0, 0.75, 0.8889, 1.0, 1.0, 1.0, 0.7, 1.0, 0.6667, 0.6667, 0.8571, 1.0, 0.7143, 0.75, 1.0, 0.75, 1.0, 0.8571, 0.875, 0.8889, 0.9091, 1.0, 0.6364, 1.0, 0.875, 0.875, 1.0, 0.8571, 0.7143, 1.0, 0.8, 1.0, 0.7, 0.875, 1.0, 0.7273, 0.6, 0.7778, 0.8182, 0.8333, 0.6667, 0.7143, 1.0, 1.0, 1.0, 1.0, 0.7143, 0.8889, 0.8571, 0.7, 0.9167, 1.0, 1.0, 1.0, 0.625, 1.0, 0.8571, 0.7143, 0.7143, 0.875, 1.0, 0.5, 0.6, 0.8333, 1.0, 0.9091, 0.7143, 0.75, 1.0, 0.75, 1.0, 0.625, 1.0, 1.0, 0.7143, 0.75, 0.8, 0.8571, 0.8, 0.6667, 0.7143, 1.0, 1.0, 0.8333, 1.0, 1.0, 0.8571, 0.7692, 0.75, 1.0, 1.0, 0.8889, 1.0, 0.6667, 1.0, 0.875, 1.0, 1.0, 1.0, 0.9, 0.8182, 1.0, 0.7143, 0.5556, 1.0, 1.0, 0.875, 0.4545, 0.7273, 0.8333, 0.8, 0.75, 1.0, 0.8889, 0.8, 1.0, 1.0, 0.875, 0.7778, 0.8889, 1.0, 0.8571, 0.8182, 0.6667, 0.4286, 1.0, 0.8571, 0.9, 0.6, 0.8571, 0.8889, 0.8, 0.75, 0.8889, 0.6667, 0.75, 0.8333, 1.0, 0.7143, 1.0, 0.7143, 0.8333, 1.0, 0.8333, 0.8571, 0.9231, 0.8, 0.875, 0.8333, 0.75, 1.0, 0.875, 0.7143, 0.8462, 0.8889, 0.6, 1.0, 0.8571, 1.0, 0.8571, 1.0, 1.0, 0.8889, 0.7143, 1.0, 0.8, 0.8333, 0.8, 1.0, 0.875, 1.0, 0.5714, 0.7273, 0.8571, 0.6667, 0.8571, 0.7143, 0.8571, 0.875, 0.875, 0.875, 0.8571, 1.0, 0.9, 0.875, 0.625, 0.8, 1.0, 1.0, 0.875, 0.8889, 0.8333, 0.7778, 0.8, 1.0, 0.7143, 0.8333, 0.8571, 0.6667, 0.9, 1.0, 0.6667, 0.9167, 0.9091, 0.625, 1.0, 0.8571, 1.0, 0.875, 0.6667, 1.0, 0.8333, 0.7778, 0.625, 0.9091]","[2, 4, 7, 8, 10, 17, 26, 29, 30, 32, 35, 40, 49, 51, 52, 56, 59, 61, 62, 63, 64, 67, 69, 70, 72, 73, 74, 76, 77, 78, 79, 83, 85, 86, 88, 90, 91, 97, 99, 101, 109, 110, 111, 119, 120, 124, 130, 134, 137, 139, 140, 142, 147, 150, 153, 155, 161, 165, 168, 169, 170, 172, 173, 174, 177, 180, 181, 184, 189, 192, 197, 198, 200, 203, 204, 208, 209, 210, 214, 219, 223, 225, 226, 229, 230, 237, 244, 247]"
random,0.6,11,random,0.852,0.852,0.852,1.0,0.852,0.0,38,True,1704,0,296,0,0,"[0.05, 0.0665, 0.0795, 0.0905, 0.105, 0.119, 0.1335, 0.1535, 0.1705, 0.1885, 0.212, 0.236, 0.262, 0.2895, 0.3175, 0.3485, 0.377, 0.4035, 0.431, 0.4655, 0.504, 0.54, 0.5665, 0.595, 0.628, 0.657, 0.688, 0.7165, 0.7465, 0.7775, 0.789, 0.8, 0.8125, 0.826, 0.836, 0.8445, 0.85, 0.852, 0.852, 0.852, 0.852, 0.852, 0.852, 0.852, 0.852, 0.852, 0.852, 0.852, 0.852, 0.852, 0.852, 0.852, 0.852, 0.852, 0.852, 0.852, 0.852, 0.852, 0.852, 0.852, 0.852, 0.852, 0.852, 0.852, 0.852, 0.852, 0.852, 0.852, 0.852, 0.852, 0.852, 0.852, 0.852, 0.852, 0.852, 0.852, 0.852, 0.852, 0.852, 0.852, 0.852, 0.852, 0.852, 0.852, 0.852, 0.852, 0.852, 0.852, 0.852, 0.852, 0.852, 0.852, 0.852, 0.852, 0.852, 0.852, 0.852, 0.852, 0.852, 0.852, 0.852]","{""0"": 0.8465, ""1"": 0.8594, ""2"": 0.8566, ""3"": 0.8182, ""4"": 0.8354, ""5"": 0.8588, ""6"": 0.8623, ""7"": 0.8792}","[0.8889, 1.0, 0.8, 0.8571, 1.0, 0.7143, 0.7778, 0.9091, 1.0, 0.75, 1.0, 0.9, 0.75, 1.0, 1.0, 0.7778, 0.8333, 0.8, 0.8333, 0.875, 0.7273, 0.7273, 0.8889, 0.8889, 1.0, 0.7857, 1.0, 0.75, 0.7, 1.0, 1.0, 0.6667, 1.0, 0.8, 0.8889, 0.7778, 0.8, 0.75, 0.7, 1.0, 0.8889, 0.7, 0.7778, 1.0, 1.0, 0.875, 1.0, 0.8, 0.9, 1.0, 0.8571, 1.0, 0.7778, 1.0, 1.0, 0.7143, 0.7143, 0.7778, 0.8333, 0.8182, 0.7, 0.625, 1.0, 0.8571, 0.9091, 1.0, 1.0, 0.8571, 0.75, 0.8571, 0.8462, 0.8, 0.8571, 1.0, 0.8889, 0.6667, 0.6667, 0.7143, 1.0, 1.0, 0.8333, 1.0, 0.6667, 0.9, 0.7778, 0.8, 0.6923, 0.875, 0.75, 0.8333, 0.8, 0.7778, 1.0, 1.0, 0.625, 0.7, 0.9, 1.0, 1.0, 0.9091, 1.0, 0.5714, 1.0, 1.0, 0.8, 0.75, 0.8889, 0.8, 0.75, 0.875, 0.8462, 0.6, 0.8333, 0.75, 1.0, 1.0, 1.0, 1.0, 1.0, 1.0, 0.75, 1.0, 1.0, 1.0, 1.0, 0.6, 0.8333, 1.0, 0.9, 0.625, 1.0, 0.6667, 0.75, 0.875, 0.8333, 1.0, 0.8571, 0.8, 0.6667, 1.0, 1.0, 0.6667, 0.875, 0.75, 1.0, 0.8333, 0.7778, 0.625, 0.7273, 0.7143, 1.0, 0.8571, 0.875, 0.8, 0.5, 0.8571, 0.8571, 0.8333, 1.0, 0.8889, 1.0, 0.6, 0.9, 0.6, 0.75, 0.8889, 0.7778, 1.0, 0.8, 0.9, 0.7143, 0.75, 0.8571, 1.0, 0.8333, 1.0, 1.0, 1.0, 1.0, 0.8571, 0.8333, 0.6667, 0.7273, 1.0, 0.6, 1.0, 0.8182, 0.8571, 0.6667, 1.0, 1.0, 0.8571, 0.9167, 0.875, 0.8182, 1.0, 0.9, 0.75, 0.75, 1.0, 1.0, 1.0, 1.0, 0.75, 0.8, 0.8125, 0.875, 0.9, 1.0, 0.5, 1.0, 0.875, 0.8571, 0.875, 0.8571, 0.75, 1.0, 0.75, 0.7778, 0.9091, 0.625, 1.0, 0.8333, 0.75, 1.0, 0.7778, 1.0, 0.8, 0.875, 0.8571, 1.0, 0.75, 1.0, 0.8571, 0.8571, 0.8889, 0.7778, 1.0, 0.75, 0.8889, 0.6667, 1.0, 0.75, 1.0, 0.875, 0.7143, 0.7273, 0.8889, 0.7143, 0.9]","[3, 7, 11, 12, 14, 18, 19, 20, 22, 24, 26, 29, 30, 35, 39, 41, 44, 47, 48, 50, 52, 54, 55, 57, 58, 59, 61, 67, 70, 75, 84, 86, 87, 92, 96, 97, 100, 103, 104, 106, 109, 110, 114, 127, 129, 131, 132, 138, 139, 142, 145, 147, 153, 157, 159, 166, 169, 176, 177, 178, 182, 183, 186, 189, 190, 194, 205, 208, 211, 216, 218, 221, 225, 227, 232, 233, 234, 238, 239, 244, 246, 247, 248]"
random,0.7,0,random,0.831,0.831,0.831,1.0,0.831,0.0,36,True,1662,0,281,57,0,"[0.05, 0.0765, 0.0975, 0.124, 0.155, 0.1895, 0.237, 0.2805, 0.321, 0.369, 0.407, 0.449, 0.488, 0.5205, 0.5505, 0.5855, 0.6105, 0.6365, 0.6575, 0.6765, 0.697, 0.72, 0.7435, 0.7605, 0.7695, 0.775, 0.784, 0.792, 0.801, 0.804, 0.8105, 0.817, 0.8215, 0.8265, 0.8295, 0.831, 0.831, 0.831, 0.831, 0.831, 0.831, 0.831, 0.831, 0.831, 0.831, 0.831, 0.831, 0.831, 0.831, 0.831, 0.831, 0.831, 0.831, 0.831, 0.831, 0.831, 0.831, 0.831, 0.831, 0.831, 0.831, 0.831, 0.831, 0.831, 0.831, 0.831, 0.831, 0.831, 0.831, 0.831, 0.831, 0.831, 0.831, 0.831, 0.831, 0.831, 0.831, 0.831, 0.831, 0.831, 0.831, 0.831, 0.831, 0.831, 0.831, 0.831, 0.831, 0.831, 0.831, 0.831, 0.831, 0.831, 0.831, 0.831, 0.831, 0.831, 0.831, 0.831, 0.831, 0.831, 0.831]","{""0"": 0.6327, ""1"": 0.8996, ""2"": 0.8167, ""3"": 0.8745, ""4"": 0.8631, ""5"": 0.868, ""6"": 0.8354, ""7"": 0.8502}","[1.0, 0.0, 0.9167, 1.0, 0.8333, 1.0, 0.75, 0.8889, 0.875, 0.0, 0.625, 0.875, 0.875, 0.8571, 0.875, 0.875, 0.5833, 1.0, 0.8571, 1.0, 0.875, 1.0, 0.8889, 0.8571, 0.6, 0.8, 1.0, 1.0, 1.0, 0.7, 0.875, 1.0, 0.875, 0.8, 0.75, 0.8571, 0.8889, 0.8182, 0.9, 0.5714, 1.0, 1.0, 0.8333, 0.8333, 0.8333, 0.625, 0.8889, 1.0, 0.75, 1.0, 1.0, 0.8182, 0.9091, 0.8333, 0.8, 0.875, 0.7778, 0.75, 0.6667, 0.5714, 0.8571, 1.0, 0.875, 0.3333, 1.0, 0.875, 0.5, 0.8182, 0.75, 0.8333, 1.0, 0.8333, 0.75, 1.0, 0.9091, 0.9, 1.0, 0.875, 1.0, 0.8182, 0.875, 0.875, 0.8, 1.0, 0.6667, 0.6667, 1.0, 1.0, 0.875, 0.8, 1.0, 1.0, 0.4, 0.9, 0.9167, 1.0, 1.0, 0.8333, 1.0, 0.5, 0.8333, 0.6667, 1.0, 1.0, 0.625, 1.0, 1.0, 0.625, 0.8462, 0.8571, 0.8333, 0.75, 0.875, 0.8889, 1.0, 0.875, 0.7857, 1.0, 0.875, 1.0, 1.0, 1.0, 0.8571, 1.0, 0.8333, 0.875, 0.875, 1.0, 0.6875, 0.8, 1.0, 0.375, 1.0, 1.0, 0.7778, 0.8571, 1.0, 1.0, 1.0, 0.8, 1.0, 1.0, 0.8, 0.8, 0.9, 1.0, 0.8, 0.8889, 1.0, 1.0, 0.875, 0.6667, 0.8889, 1.0, 1.0, 0.8, 1.0, 0.875, 0.75, 0.8333, 1.0, 0.75, 0.8571, 0.625, 0.9091, 1.0, 0.8333, 0.8571, 0.875, 1.0, 0.9091, 0.875, 0.8889, 0.7778, 0.8571, 0.875, 1.0, 0.9, 0.8889, 0.8, 0.5714, 0.8, 0.8333, 0.6667, 1.0, 1.0, 1.0, 0.6923, 1.0, 0.75, 0.8571, 0.75, 0.75, 0.75, 1.0, 0.7143, 1.0, 1.0, 1.0, 0.7778, 0.875, 0.0833, 1.0, 1.0, 1.0, 0.5556, 0.75, 1.0, 1.0, 0.0, 0.8889, 0.7143, 0.875, 0.8333, 1.0, 0.8, 1.0, 0.0833, 0.9, 0.8571, 0.8333, 0.7778, 0.875, 1.0, 0.7, 0.0, 0.9167, 0.8571, 0.9091, 0.8333, 0.6667, 0.875, 0.7778, 0.0, 0.8889, 0.8889, 0.875, 1.0, 0.75, 0.8889, 1.0, 0.0, 0.8333, 0.8889, 0.8333, 0.9, 0.8571, 0.6364, 1.0, 0.0]","[2, 4, 8, 15, 17, 20, 22, 26, 29, 30, 31, 37, 39, 40, 43, 44, 46, 49, 50, 52, 53, 54, 60, 65, 67, 68, 70, 74, 75, 77, 78, 82, 84, 88, 91, 94, 98, 106, 108, 113, 114, 117, 119, 120, 124, 126, 127, 129, 132, 134, 137, 138, 140, 141, 146, 147, 148, 150, 161, 165, 169, 178, 181, 183, 184, 189, 191, 193, 194, 195, 197, 200, 203, 212, 215, 217, 218, 219, 224, 226, 227, 234, 245, 246, 248]"
random,0.7,1,random,0.729,0.729,0.729,1.0,0.729,0.0,49,True,1458,0,282,260,0,"[0.05, 0.07, 0.086, 0.104, 0.13, 0.1625, 0.1935, 0.2285, 0.269, 0.307, 0.338, 0.3695, 0.3925, 0.418, 0.444, 0.4755, 0.4945, 0.519, 0.5355, 0.549, 0.5565, 0.5655, 0.5715, 0.577, 0.5835, 0.5915, 0.6015, 0.61, 0.618, 0.6275, 0.6375, 0.6485, 0.6595, 0.666, 0.674, 0.6795, 0.682, 0.6835, 0.6875, 0.6895, 0.693, 0.697, 0.7025, 0.7065, 0.7085, 0.712, 0.7195, 0.7275, 0.729, 0.729, 0.729, 0.729, 0.729, 0.729, 0.729, 0.729, 0.729, 0.729, 0.729, 0.729, 0.729, 0.729, 0.729, 0.729, 0.729, 0.729, 0.729, 0.729, 0.729, 0.729, 0.729, 0.729, 0.729, 0.729, 0.729, 0.729, 0.729, 0.729, 0.729, 0.729, 0.729, 0.729, 0.729, 0.729, 0.729, 0.729, 0.729, 0.729, 0.729, 0.729, 0.729, 0.729, 0.729, 0.729, 0.729, 0.729, 0.729, 0.729, 0.729, 0.729, 0.729]","{""0"": 0.6488, ""1"": 0.4788, ""2"": 0.8726, ""3"": 0.8056, ""4"": 0.8606, ""5"": 0.8554, ""6"": 0.8876, ""7"": 0.392}","[1.0, 1.0, 0.0833, 1.0, 0.9231, 1.0, 1.0, 0.7273, 1.0, 1.0, 0.1111, 0.7, 0.7143, 1.0, 1.0, 0.8333, 0.8571, 1.0, 0.2, 1.0, 0.9, 1.0, 1.0, 0.8571, 0.5833, 1.0, 0.0, 1.0, 0.9091, 1.0, 1.0, 0.8333, 1.0, 0.6, 0.0, 1.0, 0.875, 1.0, 0.7778, 0.9, 0.9, 0.8571, 0.0, 0.875, 0.875, 0.8889, 0.7778, 0.9091, 1.0, 0.9091, 0.2, 0.7143, 0.75, 0.7778, 0.8571, 0.5714, 0.7, 1.0, 0.5714, 0.8571, 0.8333, 0.8333, 0.8571, 0.8, 0.8333, 1.0, 0.8333, 1.0, 0.7, 1.0, 0.8571, 1.0, 1.0, 1.0, 0.8, 0.9091, 0.8889, 0.875, 0.7, 1.0, 0.8571, 0.8333, 0.875, 1.0, 0.75, 0.5714, 1.0, 1.0, 1.0, 1.0, 1.0, 0.8, 0.8, 0.875, 0.7143, 0.875, 0.5, 1.0, 1.0, 0.8333, 0.875, 0.8, 1.0, 0.875, 0.0, 0.6667, 0.7778, 1.0, 0.8571, 0.8571, 0.875, 1.0, 0.0, 0.7778, 0.8333, 1.0, 0.625, 0.6, 0.8571, 0.8889, 0.0, 1.0, 1.0, 0.75, 0.5714, 0.8, 0.8, 1.0, 0.0769, 1.0, 0.8571, 0.8333, 0.8, 0.9167, 0.8571, 0.9091, 0.0, 0.8333, 0.8571, 0.7778, 1.0, 1.0, 0.75, 0.9167, 0.0, 0.6, 0.7273, 0.6923, 0.7, 0.8333, 0.8571, 0.9, 0.0, 0.5, 0.7, 0.75, 0.875, 0.8571, 0.875, 0.9091, 0.0, 0.0, 0.5, 0.875, 1.0, 1.0, 0.875, 1.0, 0.0, 0.0, 0.1, 1.0, 0.8571, 0.8889, 0.6364, 0.8571, 0.0, 0.0, 0.0, 0.8, 0.7273, 0.8333, 0.8571, 0.7143, 0.125, 0.0, 0.3333, 0.8571, 0.8333, 0.625, 1.0, 0.9, 0.0, 0.125, 0.0, 1.0, 0.875, 0.7778, 0.8, 0.8333, 0.1429, 0.0, 0.0, 0.625, 1.0, 0.75, 1.0, 1.0, 0.0, 0.0, 0.2222, 0.8571, 0.7143, 0.8462, 0.7, 0.7778, 0.0, 0.0, 0.8333, 1.0, 0.8571, 1.0, 0.8, 1.0, 0.0, 0.8333, 1.0, 1.0, 0.5714, 0.8, 1.0, 0.8182, 0.875, 1.0, 1.0, 0.8333, 0.5556, 0.9, 0.7143, 1.0, 0.8, 0.7778, 0.0, 0.8462, 0.8, 0.75, 1.0, 1.0, 0.6, 0.9167]","[0, 2, 6, 8, 10, 13, 14, 16, 18, 20, 24, 25, 28, 29, 31, 32, 36, 39, 41, 44, 48, 49, 52, 54, 55, 61, 68, 72, 75, 77, 78, 81, 82, 84, 87, 89, 92, 93, 98, 99, 102, 107, 108, 110, 113, 115, 121, 124, 128, 129, 130, 131, 139, 145, 146, 147, 148, 150, 151, 157, 158, 159, 162, 163, 173, 175, 180, 184, 187, 188, 189, 199, 200, 204, 206, 207, 211, 214, 219, 225, 227, 230, 231, 235, 240, 246]"
random,0.7,2,random,0.8175,0.8175,0.8175,1.0,0.8175,-0.0,36,True,1635,0,260,105,0,"[0.05, 0.0745, 0.0955, 0.12, 0.147, 0.1745, 0.204, 0.2335, 0.272, 0.311, 0.348, 0.386, 0.4205, 0.4625, 0.5035, 0.5405, 0.5685, 0.5945, 0.6095, 0.63, 0.6535, 0.676, 0.6975, 0.723, 0.746, 0.759, 0.7695, 0.781, 0.7945, 0.8025, 0.8045, 0.807, 0.81, 0.8135, 0.817, 0.8175, 0.8175, 0.8175, 0.8175, 0.8175, 0.8175, 0.8175, 0.8175, 0.8175, 0.8175, 0.8175, 0.8175, 0.8175, 0.8175, 0.8175, 0.8175, 0.8175, 0.8175, 0.8175, 0.8175, 0.8175, 0.8175, 0.8175, 0.8175, 0.8175, 0.8175, 0.8175, 0.8175, 0.8175, 0.8175, 0.8175, 0.8175, 0.8175, 0.8175, 0.8175, 0.8175, 0.8175, 0.8175, 0.8175, 0.8175, 0.8175, 0.8175, 0.8175, 0.8175, 0.8175, 0.8175, 0.8175, 0.8175, 0.8175, 0.8175, 0.8175, 0.8175, 0.8175, 0.8175, 0.8175, 0.8175, 0.8175, 0.8175, 0.8175, 0.8175, 0.8175, 0.8175, 0.8175, 0.8175, 0.8175, 0.8175]","{""0"": 0.9087, ""1"": 0.8803, ""2"": 0.8016, ""3"": 0.7849, ""4"": 0.8462, ""5"": 0.8675, ""6"": 0.6047, ""7"": 0.8519}","[0.7778, 1.0, 0.8, 1.0, 1.0, 0.625, 0.8, 0.8182, 0.8333, 1.0, 0.875, 0.8, 0.6667, 0.7778, 0.8889, 0.9, 0.7778, 0.8889, 1.0, 0.8333, 1.0, 1.0, 0.7778, 0.875, 1.0, 1.0, 0.75, 0.875, 0.8571, 0.75, 1.0, 0.2222, 0.9167, 0.8889, 0.8, 1.0, 0.8571, 0.8462, 0.875, 0.0, 0.8889, 1.0, 1.0, 0.7143, 1.0, 1.0, 0.5714, 0.0, 1.0, 1.0, 1.0, 1.0, 0.875, 1.0, 0.7143, 0.0, 0.9, 1.0, 0.6667, 0.8333, 0.8889, 0.7778, 0.8571, 0.0, 0.9, 0.9091, 1.0, 0.8, 0.625, 0.8333, 1.0, 0.4, 1.0, 0.7143, 1.0, 1.0, 1.0, 0.9231, 1.0, 0.1111, 1.0, 1.0, 0.5556, 1.0, 0.8571, 1.0, 1.0, 0.1429, 0.5714, 0.8571, 0.8889, 0.8333, 0.875, 0.6667, 1.0, 0.1818, 0.8571, 0.7778, 1.0, 0.5, 0.9167, 0.75, 1.0, 0.1429, 0.6667, 0.8889, 1.0, 1.0, 0.7273, 0.7778, 0.8, 0.0, 0.8889, 1.0, 0.875, 1.0, 0.5556, 0.7143, 1.0, 0.1, 1.0, 0.7143, 1.0, 0.875, 1.0, 0.8889, 1.0, 1.0, 0.875, 1.0, 0.5714, 1.0, 0.6667, 0.625, 0.75, 1.0, 1.0, 1.0, 0.8571, 0.8889, 0.8571, 0.5, 1.0, 1.0, 1.0, 1.0, 0.8571, 0.9, 0.9, 1.0, 0.5714, 0.8333, 0.8333, 0.7778, 0.6667, 1.0, 0.8462, 1.0, 0.6667, 0.9, 0.75, 0.8462, 0.875, 0.5714, 1.0, 0.8, 0.9, 0.8889, 0.9091, 0.875, 1.0, 0.8333, 0.875, 0.8333, 1.0, 1.0, 1.0, 0.7143, 0.875, 0.5714, 1.0, 1.0, 0.9231, 1.0, 0.5556, 0.8571, 0.8571, 0.1111, 0.0, 0.75, 0.9091, 0.8571, 0.8, 1.0, 1.0, 0.0833, 0.0, 1.0, 1.0, 0.875, 1.0, 0.8571, 1.0, 0.4286, 0.6, 0.8571, 0.8, 1.0, 0.8571, 0.7778, 0.875, 1.0, 1.0, 1.0, 1.0, 1.0, 0.7143, 1.0, 1.0, 1.0, 1.0, 1.0, 0.75, 0.8333, 0.8182, 0.8, 0.8462, 0.8889, 0.9, 0.8889, 0.6667, 0.8571, 0.7778, 0.9, 0.875, 0.8889, 0.8333, 0.8182, 0.8, 1.0, 0.75, 1.0, 0.7143, 0.8333, 0.875, 0.8333, 1.0, 0.8, 0.7143, 1.0]","[0, 2, 3, 4, 5, 9, 13, 15, 17, 20, 23, 30, 35, 36, 40, 43, 45, 49, 51, 53, 56, 64, 65, 66, 69, 71, 76, 77, 78, 86, 90, 92, 95, 96, 98, 100, 103, 106, 107, 108, 109, 118, 120, 122, 123, 125, 128, 129, 130, 132, 135, 139, 146, 147, 148, 151, 159, 161, 162, 163, 168, 175, 181, 192, 198, 200, 202, 203, 207, 208, 213, 217, 218, 221, 224, 227, 230, 232, 233, 235, 238, 241, 246]"
random,0.7,3,random,0.7885,0.7885,0.7885,1.0,0.7885,0.0,46,True,1577,0,295,128,0,"[0.05, 0.072, 0.0875, 0.114, 0.1425, 0.179, 0.2105, 0.238, 0.2585, 0.2775, 0.301, 0.3265, 0.3485, 0.375, 0.4015, 0.4305, 0.4535, 0.4755, 0.506, 0.538, 0.5635, 0.5915, 0.6145, 0.632, 0.6505, 0.6655, 0.6745, 0.6845, 0.699, 0.7075, 0.7135, 0.7175, 0.724, 0.731, 0.7395, 0.7455, 0.752, 0.7605, 0.769, 0.774, 0.778, 0.7825, 0.784, 0.7865, 0.788, 0.7885, 0.7885, 0.7885, 0.7885, 0.7885, 0.7885, 0.7885, 0.7885, 0.7885, 0.7885, 0.7885, 0.7885, 0.7885, 0.7885, 0.7885, 0.7885, 0.7885, 0.7885, 0.7885, 0.7885, 0.7885, 0.7885, 0.7885, 0.7885, 0.7885, 0.7885, 0.7885, 0.7885, 0.7885, 0.7885, 0.7885, 0.7885, 0.7885, 0.7885, 0.7885, 0.7885, 0.7885, 0.7885, 0.7885, 0.7885, 0.7885, 0.7885, 0.7885, 0.7885, 0.7885, 0.7885, 0.7885, 0.7885, 0.7885, 0.7885, 0.7885, 0.7885, 0.7885, 0.7885, 0.7885, 0.7885]","{""0"": 0.6883, ""1"": 0.8606, ""2"": 0.8571, ""3"": 0.8527, ""4"": 0.4661, ""5"": 0.849, ""6"": 0.8721, ""7"": 0.8378}","[0.8889, 1.0, 0.6667, 0.5, 0.8, 0.8333, 0.6667, 0.75, 1.0, 1.0, 0.8, 0.875, 0.6364, 0.8333, 0.8333, 1.0, 1.0, 0.8889, 0.8, 0.8571, 0.8182, 0.8, 0.75, 1.0, 1.0, 0.3333, 0.8333, 0.8889, 1.0, 0.8333, 0.7778, 0.7778, 0.9, 0.0, 1.0, 0.6667, 0.6667, 0.7143, 0.7, 1.0, 1.0, 0.0, 0.7, 0.6429, 0.8182, 0.8571, 0.6667, 1.0, 0.8889, 0.0, 0.9091, 1.0, 1.0, 0.9, 1.0, 1.0, 0.8182, 0.0, 0.8, 0.8889, 1.0, 0.0, 1.0, 0.7143, 0.8571, 0.0, 0.8333, 1.0, 1.0, 0.0, 0.5, 0.8, 0.875, 0.0, 1.0, 0.7143, 1.0, 0.0667, 0.8333, 1.0, 0.75, 0.7778, 0.7143, 1.0, 0.9, 0.0, 0.8333, 0.9, 1.0, 0.8889, 0.8889, 1.0, 0.7, 0.1, 0.9167, 1.0, 0.8333, 1.0, 0.8889, 1.0, 0.8, 0.0, 1.0, 0.7778, 0.8462, 0.7143, 1.0, 1.0, 0.875, 0.25, 0.8889, 0.75, 0.8889, 1.0, 0.875, 0.9167, 0.5714, 0.0, 1.0, 0.8333, 0.5714, 0.8333, 0.8333, 0.8, 1.0, 0.0, 0.8889, 0.875, 0.6667, 0.8571, 0.7778, 1.0, 1.0, 0.0, 0.9, 0.7143, 0.8571, 0.8889, 0.6667, 0.6667, 0.75, 0.0, 0.5, 1.0, 0.5556, 0.7778, 0.75, 0.875, 1.0, 0.0, 1.0, 0.9091, 0.6667, 0.8, 0.8333, 0.8889, 0.875, 0.1818, 1.0, 0.9091, 0.8, 1.0, 1.0, 0.7778, 0.75, 0.2, 1.0, 1.0, 0.8, 0.7, 1.0, 1.0, 0.8667, 1.0, 0.6, 0.8182, 0.8, 0.75, 0.875, 0.9, 0.8, 1.0, 0.7692, 0.7, 1.0, 0.8571, 1.0, 0.875, 1.0, 1.0, 1.0, 0.625, 0.9091, 1.0, 0.8889, 0.5, 1.0, 0.8571, 1.0, 0.8571, 0.7143, 0.8333, 1.0, 0.8333, 0.6667, 0.7273, 1.0, 0.875, 0.8462, 1.0, 1.0, 0.8462, 0.8889, 0.6667, 0.7143, 1.0, 0.8889, 1.0, 0.8571, 0.8889, 0.875, 1.0, 0.8571, 1.0, 0.75, 0.8571, 1.0, 0.8333, 0.9, 0.8333, 0.9, 0.9091, 0.75, 1.0, 1.0, 0.875, 0.9, 0.5, 0.7273, 0.8, 0.8333, 0.8571, 0.5, 1.0, 0.8571, 0.9, 1.0, 0.8462, 1.0, 0.625]","[0, 6, 8, 17, 18, 19, 21, 24, 25, 30, 31, 36, 50, 51, 52, 53, 60, 62, 64, 66, 68, 74, 77, 80, 81, 83, 91, 93, 95, 98, 104, 107, 109, 110, 111, 114, 115, 119, 120, 121, 122, 123, 124, 131, 132, 136, 137, 140, 146, 155, 156, 157, 162, 163, 166, 168, 170, 173, 176, 177, 180, 181, 182, 186, 189, 192, 195, 198, 199, 201, 206, 208, 211, 212, 215, 216, 217, 222, 224, 227, 231, 242, 245, 246]"
random,0.7,4,random,0.78,0.78,0.78,1.0,0.78,0.0,35,True,1560,0,298,142,0,"[0.05, 0.072, 0.0925, 0.119, 0.146, 0.1715, 0.2015, 0.232, 0.2635, 0.285, 0.3075, 0.329, 0.36, 0.397, 0.428, 0.4515, 0.4735, 0.5, 0.5245, 0.5455, 0.562, 0.5775, 0.6065, 0.636, 0.661, 0.6875, 0.7085, 0.721, 0.7305, 0.742, 0.754, 0.763, 0.771, 0.777, 0.78, 0.78, 0.78, 0.78, 0.78, 0.78, 0.78, 0.78, 0.78, 0.78, 0.78, 0.78, 0.78, 0.78, 0.78, 0.78, 0.78, 0.78, 0.78, 0.78, 0.78, 0.78, 0.78, 0.78, 0.78, 0.78, 0.78, 0.78, 0.78, 0.78, 0.78, 0.78, 0.78, 0.78, 0.78, 0.78, 0.78, 0.78, 0.78, 0.78, 0.78, 0.78, 0.78, 0.78, 0.78, 0.78, 0.78, 0.78, 0.78, 0.78, 0.78, 0.78, 0.78, 0.78, 0.78, 0.78, 0.78, 0.78, 0.78, 0.78, 0.78, 0.78, 0.78, 0.78, 0.78, 0.78, 0.78]","{""0"": 0.8795, ""1"": 0.8824, ""2"": 0.8386, ""3"": 0.8498, ""4"": 0.8445, ""5"": 0.3817, ""6"": 0.8213, ""7"": 0.7645}","[0.8889, 0.8333, 0.9091, 0.8333, 0.8889, 1.0, 0.0, 0.6667, 1.0, 1.0, 0.7, 0.7143, 1.0, 0.8333, 0.0, 0.8462, 1.0, 0.8889, 0.875, 1.0, 0.8, 0.8889, 0.0, 0.8889, 1.0, 0.8333, 1.0, 0.7, 0.75, 0.7143, 0.0, 0.0, 0.75, 0.7273, 0.875, 0.6, 0.8889, 0.9, 0.0, 0.2857, 0.7143, 0.875, 0.8333, 1.0, 0.8889, 0.8, 0.0909, 1.0, 0.6667, 0.875, 0.7, 1.0, 0.7778, 1.0, 0.0, 0.875, 0.7778, 1.0, 0.8333, 1.0, 0.9167, 0.8333, 0.0, 1.0, 1.0, 0.8333, 0.7778, 1.0, 0.9, 1.0, 0.1111, 1.0, 0.8571, 1.0, 0.8, 1.0, 0.8, 0.6667, 0.1, 1.0, 0.6, 1.0, 1.0, 0.7778, 0.8, 0.625, 0.3333, 1.0, 0.8889, 1.0, 1.0, 1.0, 0.8, 0.8889, 0.1111, 0.8182, 0.7692, 0.9091, 1.0, 0.8333, 0.6667, 0.7778, 0.125, 1.0, 0.7143, 0.875, 0.6, 0.7273, 0.8, 1.0, 0.1, 0.8571, 0.625, 0.8571, 0.8571, 0.8, 0.8333, 0.5, 0.0, 1.0, 1.0, 0.75, 0.8, 1.0, 0.75, 0.9091, 0.1429, 0.9, 1.0, 1.0, 1.0, 0.8333, 1.0, 1.0, 0.0714, 0.9091, 0.8571, 0.8571, 1.0, 0.6667, 0.8, 0.75, 0.6, 0.8889, 1.0, 0.625, 1.0, 0.8333, 0.8571, 0.8333, 0.8462, 1.0, 0.2222, 0.7778, 1.0, 0.8462, 1.0, 0.8, 0.8333, 0.875, 0.0, 0.8571, 1.0, 0.625, 0.8889, 1.0, 1.0, 0.8, 0.1429, 0.7143, 1.0, 0.8182, 0.8333, 0.75, 0.8, 0.8, 0.0, 1.0, 1.0, 0.875, 1.0, 0.7778, 1.0, 1.0, 0.5714, 0.8571, 0.5714, 0.75, 1.0, 1.0, 0.75, 0.9, 1.0, 0.8333, 0.875, 0.6, 0.7, 0.8, 0.875, 1.0, 0.8889, 0.875, 1.0, 0.8571, 0.8889, 0.8, 1.0, 0.8, 0.625, 0.9167, 0.6667, 0.7143, 0.8, 1.0, 1.0, 0.8889, 1.0, 1.0, 1.0, 1.0, 1.0, 0.5714, 0.9, 0.6364, 0.9, 1.0, 1.0, 1.0, 0.7143, 0.8333, 1.0, 0.7143, 1.0, 1.0, 0.7778, 0.8333, 0.8571, 0.9091, 0.8, 0.5625, 0.7273, 1.0, 0.8889, 0.8889, 0.5714, 0.75, 0.3333, 1.0, 1.0, 0.625]","[4, 9, 11, 13, 15, 17, 19, 23, 28, 29, 35, 41, 42, 47, 51, 55, 61, 65, 67, 68, 69, 72, 73, 79, 83, 84, 86, 87, 88, 92, 93, 96, 98, 99, 100, 101, 102, 105, 111, 113, 114, 115, 119, 121, 124, 125, 126, 127, 128, 131, 136, 138, 139, 148, 150, 158, 163, 171, 180, 181, 182, 185, 188, 193, 195, 200, 203, 204, 208, 216, 218, 219, 221, 222, 223, 224, 234, 238, 240, 243]"
random,0.7,5,random,0.8215,0.8215,0.8215,1.0,0.8215,0.0,34,True,1643,0,284,73,0,"[0.05, 0.076, 0.098, 0.134, 0.179, 0.2215, 0.2655, 0.3085, 0.352, 0.4025, 0.4475, 0.48, 0.513, 0.5465, 0.5765, 0.6005, 0.6295, 0.657, 0.6805, 0.704, 0.7265, 0.744, 0.7585, 0.7675, 0.774, 0.7805, 0.7875, 0.792, 0.796, 0.803, 0.81, 0.815, 0.821, 0.8215, 0.8215, 0.8215, 0.8215, 0.8215, 0.8215, 0.8215, 0.8215, 0.8215, 0.8215, 0.8215, 0.8215, 0.8215, 0.8215, 0.8215, 0.8215, 0.8215, 0.8215, 0.8215, 0.8215, 0.8215, 0.8215, 0.8215, 0.8215, 0.8215, 0.8215, 0.8215, 0.8215, 0.8215, 0.8215, 0.8215, 0.8215, 0.8215, 0.8215, 0.8215, 0.8215, 0.8215, 0.8215, 0.8215, 0.8215, 0.8215, 0.8215, 0.8215, 0.8215, 0.8215, 0.8215, 0.8215, 0.8215, 0.8215, 0.8215, 0.8215, 0.8215, 0.8215, 0.8215, 0.8215, 0.8215, 0.8215, 0.8215, 0.8215, 0.8215, 0.8215, 0.8215, 0.8215, 0.8215, 0.8215, 0.8215, 0.8215, 0.8215]","{""0"": 0.8779, ""1"": 0.8783, ""2"": 0.8462, ""3"": 0.8608, ""4"": 0.8496, ""5"": 0.7778, ""6"": 0.6235, ""7"": 0.8549}","[0.7778, 0.7692, 0.875, 0.8571, 0.7143, 1.0, 1.0, 0.8182, 0.8, 1.0, 0.8889, 0.9, 0.875, 0.8333, 0.6923, 1.0, 0.8182, 1.0, 0.8333, 0.8333, 0.75, 0.875, 1.0, 0.75, 1.0, 0.9, 0.7143, 0.9, 0.8889, 0.8333, 0.6667, 0.6667, 0.7273, 0.625, 1.0, 1.0, 1.0, 0.8667, 0.8, 0.0, 1.0, 0.8, 0.6667, 1.0, 0.75, 0.75, 0.9, 0.125, 0.8, 0.8, 0.7778, 1.0, 0.8571, 0.75, 0.8571, 0.125, 0.6667, 0.9, 0.9, 0.7, 0.7692, 0.875, 0.5714, 0.3333, 0.8, 0.8889, 1.0, 0.75, 0.7692, 0.8889, 0.9231, 0.125, 1.0, 0.8889, 0.8571, 0.8333, 1.0, 0.6667, 0.9, 0.0, 0.8571, 0.8333, 0.8889, 0.625, 0.8571, 0.75, 0.8667, 0.0, 0.8571, 1.0, 1.0, 0.875, 0.8571, 1.0, 1.0, 0.125, 0.8, 0.8182, 1.0, 0.9091, 0.7, 1.0, 0.0, 0.0, 0.7778, 0.8571, 1.0, 0.7778, 0.8889, 1.0, 0.125, 0.8333, 0.9091, 1.0, 0.875, 0.75, 1.0, 0.8889, 0.1429, 0.8571, 0.75, 0.7, 1.0, 0.9, 0.8889, 0.7778, 0.875, 0.8889, 0.875, 0.7778, 0.8333, 1.0, 1.0, 1.0, 0.6, 0.8571, 0.7778, 1.0, 0.875, 0.5714, 0.625, 0.6667, 0.75, 1.0, 0.9, 0.8, 0.8333, 0.7, 0.8571, 0.7778, 0.8333, 0.8333, 0.9, 0.875, 0.8571, 1.0, 0.75, 1.0, 0.8, 0.6667, 0.8571, 1.0, 0.8, 0.8333, 1.0, 0.5714, 0.8333, 1.0, 1.0, 1.0, 1.0, 0.6667, 0.9286, 0.625, 1.0, 1.0, 0.8, 1.0, 0.8, 0.8571, 0.8889, 1.0, 1.0, 1.0, 0.8333, 0.6, 1.0, 0.8333, 0.8571, 0.8571, 0.875, 0.8571, 0.75, 1.0, 1.0, 1.0, 0.8333, 1.0, 1.0, 1.0, 0.8571, 1.0, 0.7778, 0.875, 0.8889, 0.8333, 1.0, 0.8889, 1.0, 0.7143, 1.0, 0.9091, 1.0, 0.8571, 0.8, 1.0, 1.0, 0.7143, 1.0, 0.8333, 0.8571, 0.8, 1.0, 0.9091, 0.9091, 1.0, 0.8571, 1.0, 0.9, 0.8333, 0.625, 0.8571, 1.0, 1.0, 0.7778, 0.7778, 0.9091, 1.0, 0.75, 0.8462, 0.6, 1.0, 0.7778, 0.8571, 0.9, 1.0, 0.8571, 0.8, 0.7273, 0.8182]","[0, 1, 3, 6, 9, 10, 11, 17, 18, 21, 29, 31, 34, 36, 41, 43, 44, 48, 52, 58, 64, 66, 69, 70, 73, 75, 77, 78, 83, 90, 104, 105, 108, 113, 116, 117, 120, 122, 126, 129, 131, 136, 151, 153, 156, 159, 164, 165, 172, 174, 176, 177, 180, 181, 182, 183, 191, 194, 198, 199, 200, 203, 204, 206, 208, 209, 210, 211, 212, 213, 214, 221, 222, 223, 224, 230, 231, 232, 233, 234, 235, 236, 238, 239, 244, 245, 249]"
random,0.7,6,random,0.85,0.85,0.85,1.0,0.85,0.0,36,True,1700,0,300,0,0,"[0.05, 0.073, 0.1005, 0.13, 0.164, 0.1945, 0.2295, 0.265, 0.303, 0.3335, 0.374, 0.4095, 0.444, 0.4875, 0.533, 0.575, 0.61, 0.6435, 0.6705, 0.7005, 0.7275, 0.753, 0.775, 0.7935, 0.8085, 0.8185, 0.8295, 0.8335, 0.8365, 0.839, 0.842, 0.843, 0.8455, 0.8475, 0.849, 0.85, 0.85, 0.85, 0.85, 0.85, 0.85, 0.85, 0.85, 0.85, 0.85, 0.85, 0.85, 0.85, 0.85, 0.85, 0.85, 0.85, 0.85, 0.85, 0.85, 0.85, 0.85, 0.85, 0.85, 0.85, 0.85, 0.85, 0.85, 0.85, 0.85, 0.85, 0.85, 0.85, 0.85, 0.85, 0.85, 0.85, 0.85, 0.85, 0.85, 0.85, 0.85, 0.85, 0.85, 0.85, 0.85, 0.85, 0.85, 0.85, 0.85, 0.85, 0.85, 0.85, 0.85, 0.85, 0.85, 0.85, 0.85, 0.85, 0.85, 0.85, 0.85, 0.85, 0.85, 0.85, 0.85]","{""0"": 0.8446, ""1"": 0.8664, ""2"": 0.8388, ""3"": 0.8669, ""4"": 0.874, ""5"": 0.849, ""6"": 0.8017, ""7"": 0.8538}","[0.7778, 1.0, 0.9, 0.8571, 0.875, 0.7778, 0.5, 0.75, 0.75, 1.0, 0.875, 0.9, 0.875, 0.7, 0.6, 1.0, 0.6, 1.0, 1.0, 0.625, 0.8889, 1.0, 1.0, 0.8, 0.8571, 0.8333, 0.9231, 0.9091, 1.0, 1.0, 0.5, 0.9091, 0.8571, 1.0, 1.0, 0.7778, 0.8571, 0.8182, 0.9, 0.8571, 0.8571, 0.8, 0.9, 0.875, 0.9, 0.8571, 0.8889, 0.8, 0.8, 1.0, 0.875, 0.7778, 0.7778, 0.5714, 0.875, 1.0, 1.0, 0.9, 0.9167, 1.0, 0.8462, 0.7778, 0.875, 0.8571, 0.9, 1.0, 1.0, 1.0, 0.8333, 1.0, 1.0, 0.7, 0.9091, 0.875, 0.9091, 0.6667, 0.75, 0.8, 1.0, 1.0, 1.0, 0.9, 0.875, 0.8333, 1.0, 0.7143, 1.0, 0.5556, 0.7143, 0.7778, 1.0, 1.0, 0.8333, 0.8571, 0.7143, 0.75, 0.875, 0.8333, 0.8571, 0.875, 0.8571, 1.0, 1.0, 0.8571, 0.8571, 0.8571, 0.75, 0.8571, 0.8333, 0.8889, 1.0, 0.8182, 0.75, 0.9231, 1.0, 0.7, 1.0, 1.0, 0.6667, 0.6154, 0.9, 0.7143, 0.8889, 0.6667, 0.75, 0.8571, 0.6364, 1.0, 0.625, 0.7778, 1.0, 0.75, 0.75, 1.0, 1.0, 0.7778, 1.0, 0.9, 1.0, 0.8571, 0.8571, 0.75, 1.0, 0.8571, 0.8182, 1.0, 0.8333, 0.7143, 1.0, 1.0, 0.7143, 1.0, 0.7, 0.8571, 1.0, 0.9167, 0.7273, 1.0, 0.7, 0.5, 0.8, 0.75, 1.0, 0.6667, 0.8571, 1.0, 0.7143, 0.6667, 0.8, 0.7143, 0.5714, 0.8571, 0.8889, 1.0, 1.0, 1.0, 0.8, 1.0, 0.375, 0.5556, 1.0, 1.0, 0.8571, 1.0, 0.8571, 0.7143, 0.5714, 1.0, 0.6667, 0.8333, 0.75, 0.7, 0.6, 0.7778, 1.0, 1.0, 0.8182, 0.8462, 1.0, 0.7143, 1.0, 0.7143, 0.6667, 1.0, 0.8333, 1.0, 0.7143, 0.6, 1.0, 1.0, 0.8, 1.0, 0.8, 1.0, 1.0, 1.0, 0.75, 0.7, 0.7778, 0.9, 0.9231, 0.7273, 0.9091, 1.0, 0.8889, 0.7778, 0.8571, 1.0, 1.0, 0.8333, 0.9091, 0.8571, 1.0, 0.7, 0.875, 1.0, 1.0, 0.875, 0.8571, 0.6, 1.0, 0.6667, 0.8571, 0.75, 1.0, 0.9091, 1.0, 0.8889, 1.0, 0.8333]","[1, 2, 8, 14, 20, 34, 40, 43, 48, 49, 50, 51, 52, 54, 60, 63, 64, 66, 70, 72, 73, 74, 75, 78, 80, 83, 89, 90, 92, 94, 96, 98, 99, 105, 109, 111, 114, 117, 118, 119, 120, 122, 124, 126, 129, 133, 135, 137, 144, 146, 147, 148, 152, 155, 157, 160, 166, 167, 179, 181, 185, 195, 196, 198, 199, 200, 202, 205, 212, 217, 218, 222, 223, 224, 231, 233, 235, 237, 238, 240, 243, 244, 246]"
random,0.7,7,random,0.8595,0.8595,0.8595,1.0,0.8595,0.0,38,True,1719,0,280,1,0,"[0.05, 0.0675, 0.0815, 0.097, 0.117, 0.136, 0.1575, 0.174, 0.194, 0.2155, 0.238, 0.2595, 0.286, 0.311, 0.3345, 0.365, 0.3945, 0.4265, 0.4565, 0.484, 0.515, 0.554, 0.5965, 0.6345, 0.671, 0.7055, 0.734, 0.755, 0.775, 0.7905, 0.804, 0.819, 0.8305, 0.8395, 0.846, 0.852, 0.8565, 0.8595, 0.8595, 0.8595, 0.8595, 0.8595, 0.8595, 0.8595, 0.8595, 0.8595, 0.8595, 0.8595, 0.8595, 0.8595, 0.8595, 0.8595, 0.8595, 0.8595, 0.8595, 0.8595, 0.8595, 0.8595, 0.8595, 0.8595, 0.8595, 0.8595, 0.8595, 0.8595, 0.8595, 0.8595, 0.8595, 0.8595, 0.8595, 0.8595, 0.8595, 0.8595, 0.8595, 0.8595, 0.8595, 0.8595, 0.8595, 0.8595, 0.8595, 0.8595, 0.8595, 0.8595, 0.8595, 0.8595, 0.8595, 0.8595, 0.8595, 0.8595, 0.8595, 0.8595, 0.8595, 0.8595, 0.8595, 0.8595, 0.8595, 0.8595, 0.8595, 0.8595, 0.8595, 0.8595, 0.8595]","{""0"": 0.8654, ""1"": 0.8477, ""2"": 0.8293, ""3"": 0.8777, ""4"": 0.8908, ""5"": 0.8498, ""6"": 0.8723, ""7"": 0.8491}","[0.8889, 1.0, 0.8571, 0.8571, 0.6667, 0.6, 0.5714, 0.625, 0.7143, 0.6667, 0.9091, 0.6364, 1.0, 0.8333, 0.75, 0.875, 0.9, 1.0, 1.0, 0.8571, 0.8571, 0.8, 0.8, 0.7, 0.7143, 1.0, 0.875, 1.0, 0.8333, 1.0, 0.7778, 1.0, 1.0, 1.0, 1.0, 1.0, 1.0, 0.75, 1.0, 0.6667, 0.875, 0.8571, 0.7778, 1.0, 0.8571, 0.9, 0.8, 0.6, 0.8571, 0.9167, 0.8333, 0.7143, 0.9, 0.75, 0.9, 0.9, 0.8333, 0.8889, 0.8182, 0.6667, 1.0, 1.0, 0.8182, 0.6667, 0.8571, 0.7, 0.8, 0.8889, 0.8889, 1.0, 0.7778, 1.0, 1.0, 1.0, 0.8, 0.7143, 0.8571, 1.0, 0.8333, 1.0, 0.7143, 1.0, 1.0, 0.8333, 1.0, 0.625, 0.8, 0.8333, 0.9091, 0.8333, 1.0, 0.8571, 0.75, 0.875, 0.875, 1.0, 0.8571, 1.0, 0.7778, 0.8333, 0.8333, 1.0, 0.75, 1.0, 1.0, 0.8, 0.75, 1.0, 0.7143, 0.8571, 0.875, 0.8, 0.8182, 0.9091, 0.7143, 0.6, 0.8333, 0.75, 0.875, 0.8889, 0.7143, 0.5714, 1.0, 0.9167, 0.875, 0.8571, 0.75, 1.0, 0.7273, 0.7778, 0.8571, 0.8889, 1.0, 1.0, 1.0, 1.0, 1.0, 0.8, 0.6667, 1.0, 0.8571, 1.0, 0.5714, 1.0, 1.0, 0.7778, 0.9, 0.7778, 0.8333, 0.9, 0.875, 0.7, 1.0, 0.3333, 0.375, 0.8, 0.8333, 0.7143, 1.0, 0.75, 1.0, 0.8333, 0.8571, 0.7143, 1.0, 1.0, 0.8333, 0.6364, 0.8462, 1.0, 0.8, 0.6667, 1.0, 0.875, 0.875, 1.0, 1.0, 1.0, 1.0, 1.0, 0.625, 1.0, 1.0, 0.9091, 1.0, 0.7778, 1.0, 0.8182, 1.0, 0.9, 1.0, 1.0, 0.6667, 1.0, 0.625, 0.8333, 0.7778, 0.8333, 0.875, 0.8571, 0.8889, 0.8, 0.75, 1.0, 0.9167, 0.9, 1.0, 1.0, 0.5714, 0.75, 0.8889, 0.8333, 1.0, 0.8889, 0.9, 0.5556, 0.5, 1.0, 0.75, 0.625, 0.7273, 1.0, 0.8182, 1.0, 0.8, 0.8571, 0.9167, 0.6364, 1.0, 1.0, 0.7778, 0.9333, 0.6667, 0.6667, 0.875, 1.0, 0.8571, 1.0, 0.875, 0.875, 1.0, 0.7273, 1.0, 0.7143, 1.0, 0.7143, 1.0, 1.0, 1.0, 1.0]","[2, 4, 8, 10, 11, 14, 17, 24, 25, 29, 30, 38, 39, 42, 48, 49, 52, 54, 56, 59, 60, 68, 70, 72, 75, 77, 79, 90, 91, 96, 102, 106, 111, 116, 119, 120, 126, 128, 129, 132, 133, 136, 139, 140, 143, 146, 147, 150, 151, 152, 154, 157, 159, 160, 167, 169, 170, 171, 172, 179, 182, 183, 184, 185, 186, 187, 189, 190, 192, 198, 214, 216, 220, 222, 226, 227, 229, 231, 238, 243, 245, 248]"
random,0.7,8,random,0.675,0.675,0.675,1.0,0.675,0.0,43,True,1350,0,310,340,0,"[0.05, 0.0715, 0.0935, 0.1215, 0.1435, 0.1595, 0.1795, 0.2055, 0.23, 0.2525, 0.274, 0.302, 0.337, 0.3755, 0.4005, 0.42, 0.4365, 0.4545, 0.4725, 0.486, 0.503, 0.519, 0.529, 0.5405, 0.552, 0.564, 0.5735, 0.5875, 0.607, 0.624, 0.636, 0.644, 0.651, 0.6555, 0.658, 0.66, 0.662, 0.6655, 0.669, 0.6705, 0.6725, 0.6745, 0.675, 0.675, 0.675, 0.675, 0.675, 0.675, 0.675, 0.675, 0.675, 0.675, 0.675, 0.675, 0.675, 0.675, 0.675, 0.675, 0.675, 0.675, 0.675, 0.675, 0.675, 0.675, 0.675, 0.675, 0.675, 0.675, 0.675, 0.675, 0.675, 0.675, 0.675, 0.675, 0.675, 0.675, 0.675, 0.675, 0.675, 0.675, 0.675, 0.675, 0.675, 0.675, 0.675, 0.675, 0.675, 0.675, 0.675, 0.675, 0.675, 0.675, 0.675, 0.675, 0.675, 0.675, 0.675, 0.675, 0.675, 0.675, 0.675]","{""0"": 0.0763, ""1"": 0.8596, ""2"": 0.8601, ""3"": 0.572, ""4"": 0.6693, ""5"": 0.8413, ""6"": 0.7934, ""7"": 0.7579}","[0.7778, 0.1667, 0.7143, 0.8571, 0.0, 0.0, 1.0, 0.8, 0.6, 0.0909, 1.0, 0.8333, 0.0, 0.2, 0.8571, 1.0, 0.8889, 0.0, 1.0, 0.4286, 1.0, 0.3333, 1.0, 0.6, 1.0, 0.0, 0.6, 0.8889, 1.0, 1.0, 1.0, 1.0, 0.875, 0.1, 0.875, 1.0, 0.4, 0.625, 0.75, 0.8889, 1.0, 0.0, 1.0, 0.8, 0.6, 0.5, 0.8182, 0.8, 0.8, 0.0, 0.8, 0.8, 0.8571, 0.8667, 0.75, 0.8571, 1.0, 0.0, 0.8889, 1.0, 0.5, 0.7273, 0.75, 1.0, 0.9167, 0.0, 0.8333, 1.0, 0.6667, 1.0, 0.7778, 0.875, 1.0, 0.0, 0.75, 0.8889, 0.8889, 0.8333, 0.2857, 0.8333, 1.0, 0.0, 0.8333, 0.9091, 1.0, 0.9091, 0.8, 0.7778, 0.8, 0.0, 0.9231, 1.0, 1.0, 1.0, 0.7273, 0.75, 0.8333, 0.0, 1.0, 0.7778, 0.7692, 0.8, 1.0, 0.8182, 0.875, 0.0, 0.6667, 1.0, 0.5, 0.875, 1.0, 0.8571, 1.0, 0.0909, 0.7143, 1.0, 0.5, 0.875, 0.9091, 1.0, 0.8, 0.0, 0.5455, 0.9, 0.75, 0.8889, 0.8, 1.0, 0.625, 0.1667, 0.8889, 0.8333, 0.8, 1.0, 1.0, 0.6364, 0.75, 0.0, 0.6667, 0.6, 0.875, 0.7143, 0.8, 0.75, 0.7778, 0.0, 0.9, 1.0, 0.5, 1.0, 1.0, 0.8889, 0.75, 0.1667, 0.8571, 0.75, 0.8182, 1.0, 0.75, 0.7143, 0.875, 0.0, 0.75, 1.0, 0.75, 1.0, 0.8889, 0.875, 0.5714, 0.0, 0.7143, 0.6, 0.8, 0.75, 0.8, 0.8182, 0.2222, 0.7, 1.0, 0.5, 0.9167, 0.8889, 0.875, 0.8333, 0.0, 0.1, 0.875, 0.8571, 0.75, 0.8333, 0.8462, 0.0, 0.0, 0.1429, 1.0, 0.9167, 1.0, 0.8, 0.9, 0.5, 0.6667, 0.0, 0.9286, 1.0, 0.0, 0.0, 0.7778, 0.8, 0.9286, 0.0, 1.0, 0.625, 0.0, 0.6667, 0.9, 1.0, 0.5, 0.2857, 0.8, 1.0, 0.0, 0.0, 0.7692, 1.0, 0.8182, 0.2, 1.0, 0.8, 0.0, 0.0, 1.0, 0.75, 0.9, 0.0, 0.8333, 0.8182, 0.0, 0.125, 0.875, 0.8, 0.8571, 0.0, 1.0, 0.8333, 0.0, 0.0, 0.8571, 0.8182, 0.8, 0.0833]","[1, 3, 10, 11, 14, 27, 30, 33, 34, 39, 46, 50, 51, 53, 54, 58, 59, 64, 71, 74, 82, 90, 91, 94, 95, 96, 98, 99, 100, 101, 104, 109, 110, 113, 124, 127, 128, 129, 130, 131, 136, 141, 142, 146, 148, 149, 150, 151, 153, 154, 156, 160, 162, 163, 164, 165, 166, 171, 172, 173, 175, 176, 177, 181, 193, 194, 195, 198, 199, 206, 210, 222, 223, 225, 227, 230, 232, 235, 237, 238, 239, 240, 247]"
random,0.7,9,random,0.8675,0.8675,0.8675,1.0,0.8675,0.0,32,True,1735,0,251,14,0,"[0.05, 0.073, 0.0965, 0.1225, 0.1635, 0.207, 0.2445, 0.2915, 0.327, 0.3665, 0.401, 0.433, 0.4645, 0.4915, 0.5265, 0.5495, 0.573, 0.5945, 0.6115, 0.6315, 0.651, 0.6735, 0.689, 0.7025, 0.7205, 0.7455, 0.7675, 0.793, 0.821, 0.8485, 0.863, 0.8675, 0.8675, 0.8675, 0.8675, 0.8675, 0.8675, 0.8675, 0.8675, 0.8675, 0.8675, 0.8675, 0.8675, 0.8675, 0.8675, 0.8675, 0.8675, 0.8675, 0.8675, 0.8675, 0.8675, 0.8675, 0.8675, 0.8675, 0.8675, 0.8675, 0.8675, 0.8675, 0.8675, 0.8675, 0.8675, 0.8675, 0.8675, 0.8675, 0.8675, 0.8675, 0.8675, 0.8675, 0.8675, 0.8675, 0.8675, 0.8675, 0.8675, 0.8675, 0.8675, 0.8675, 0.8675, 0.8675, 0.8675, 0.8675, 0.8675, 0.8675, 0.8675, 0.8675, 0.8675, 0.8675, 0.8675, 0.8675, 0.8675, 0.8675, 0.8675, 0.8675, 0.8675, 0.8675, 0.8675, 0.8675, 0.8675, 0.8675, 0.8675, 0.8675, 0.8675]","{""0"": 0.8588, ""1"": 0.8272, ""2"": 0.886, ""3"": 0.8514, ""4"": 0.9115, ""5"": 0.8819, ""6"": 0.8624, ""7"": 0.8566}","[0.7778, 1.0, 1.0, 0.7143, 0.6667, 1.0, 1.0, 1.0, 1.0, 0.8889, 0.8, 1.0, 1.0, 1.0, 1.0, 0.5714, 0.875, 0.6667, 0.8333, 0.75, 0.8333, 1.0, 0.8333, 0.8571, 0.7143, 0.75, 1.0, 1.0, 0.8, 1.0, 0.5, 0.625, 0.875, 0.75, 1.0, 0.875, 0.8462, 1.0, 0.6667, 1.0, 0.7, 1.0, 0.8889, 1.0, 1.0, 0.9091, 0.9091, 0.875, 0.8182, 0.8462, 1.0, 0.8333, 1.0, 1.0, 1.0, 0.875, 0.8333, 0.875, 1.0, 0.8889, 0.625, 1.0, 1.0, 1.0, 0.9, 0.8, 0.9, 1.0, 0.9286, 0.5714, 1.0, 1.0, 0.8889, 0.7273, 0.8889, 1.0, 0.8889, 0.7273, 0.7, 0.8571, 0.6667, 0.8333, 0.8, 0.8889, 0.875, 1.0, 0.7143, 0.7778, 0.9231, 0.875, 1.0, 0.7778, 0.625, 0.8571, 1.0, 1.0, 1.0, 0.875, 1.0, 1.0, 0.8333, 1.0, 1.0, 0.7778, 1.0, 1.0, 1.0, 0.8571, 1.0, 0.875, 0.8571, 0.875, 0.8889, 1.0, 1.0, 0.8182, 0.875, 1.0, 0.75, 1.0, 0.5, 1.0, 1.0, 1.0, 0.7778, 1.0, 1.0, 0.75, 1.0, 1.0, 0.8571, 1.0, 0.8571, 0.9, 0.8889, 0.8889, 1.0, 0.8, 0.8, 0.9091, 0.8182, 0.875, 1.0, 1.0, 0.8333, 0.8333, 0.9167, 0.9167, 0.6667, 0.8333, 1.0, 0.8, 0.8333, 1.0, 0.8, 0.6, 0.8333, 0.9091, 0.7143, 1.0, 0.8333, 1.0, 0.8, 0.875, 1.0, 1.0, 0.9, 0.6, 1.0, 0.8, 0.9091, 0.8889, 0.875, 0.8462, 1.0, 0.8889, 1.0, 0.9231, 1.0, 1.0, 1.0, 1.0, 0.875, 0.7143, 0.9091, 0.875, 1.0, 1.0, 0.75, 0.8333, 0.8182, 1.0, 0.7143, 0.875, 0.8, 1.0, 0.8333, 0.875, 1.0, 0.75, 0.5455, 0.875, 0.875, 0.9167, 0.875, 1.0, 0.6, 1.0, 0.7778, 0.6667, 0.1111, 0.5556, 0.6667, 0.8889, 0.8889, 1.0, 0.8, 0.7, 0.0, 0.8889, 1.0, 1.0, 0.9091, 1.0, 0.8, 0.7143, 0.0, 1.0, 0.75, 0.75, 0.8, 1.0, 1.0, 0.8, 0.625, 1.0, 1.0, 0.875, 0.875, 0.9, 0.8571, 0.8182, 1.0, 0.7, 0.875, 0.7778, 1.0, 0.7778, 1.0, 1.0]","[7, 10, 11, 13, 14, 16, 23, 25, 27, 32, 36, 38, 39, 40, 41, 43, 44, 45, 48, 52, 55, 57, 59, 64, 65, 68, 69, 71, 74, 83, 88, 93, 94, 95, 97, 106, 107, 108, 112, 113, 121, 122, 124, 136, 138, 139, 143, 145, 146, 147, 152, 154, 155, 157, 160, 168, 169, 170, 171, 173, 176, 177, 180, 182, 186, 189, 194, 198, 201, 202, 212, 213, 214, 217, 221, 222, 225, 227, 232, 233, 238, 239, 241, 243]"
random,0.7,10,random,0.868,0.868,0.868,1.0,0.868,0.0,38,True,1736,0,263,1,0,"[0.05, 0.07, 0.0925, 0.12, 0.1475, 0.1725, 0.2045, 0.2385, 0.268, 0.296, 0.3185, 0.347, 0.3785, 0.405, 0.4235, 0.4405, 0.455, 0.4705, 0.487, 0.508, 0.5315, 0.56, 0.59, 0.6215, 0.649, 0.681, 0.715, 0.7505, 0.7835, 0.801, 0.8135, 0.828, 0.8355, 0.843, 0.8545, 0.86, 0.866, 0.868, 0.868, 0.868, 0.868, 0.868, 0.868, 0.868, 0.868, 0.868, 0.868, 0.868, 0.868, 0.868, 0.868, 0.868, 0.868, 0.868, 0.868, 0.868, 0.868, 0.868, 0.868, 0.868, 0.868, 0.868, 0.868, 0.868, 0.868, 0.868, 0.868, 0.868, 0.868, 0.868, 0.868, 0.868, 0.868, 0.868, 0.868, 0.868, 0.868, 0.868, 0.868, 0.868, 0.868, 0.868, 0.868, 0.868, 0.868, 0.868, 0.868, 0.868, 0.868, 0.868, 0.868, 0.868, 0.868, 0.868, 0.868, 0.868, 0.868, 0.868, 0.868, 0.868, 0.868]","{""0"": 0.8704, ""1"": 0.8704, ""2"": 0.8526, ""3"": 0.8685, ""4"": 0.8506, ""5"": 0.8826, ""6"": 0.8589, ""7"": 0.8937}","[0.7778, 0.6667, 0.8462, 0.8, 1.0, 0.6667, 0.8182, 0.8333, 1.0, 0.7, 0.7, 0.75, 0.8889, 0.7143, 0.8333, 0.875, 1.0, 0.8889, 0.75, 0.75, 1.0, 0.625, 0.8, 1.0, 0.9167, 1.0, 1.0, 1.0, 0.8571, 0.875, 1.0, 1.0, 0.8333, 0.8571, 0.875, 0.75, 1.0, 0.8571, 1.0, 0.7778, 1.0, 0.875, 0.8889, 0.875, 1.0, 0.7143, 1.0, 0.8889, 0.8462, 0.6667, 0.8571, 0.875, 1.0, 0.9091, 0.875, 1.0, 0.8571, 1.0, 0.8333, 1.0, 1.0, 0.8182, 1.0, 1.0, 0.875, 0.8333, 1.0, 0.625, 0.875, 1.0, 0.7778, 1.0, 0.8889, 1.0, 0.8182, 0.8571, 0.8571, 1.0, 1.0, 1.0, 0.6667, 1.0, 0.9, 0.8571, 0.6364, 0.8889, 1.0, 0.9, 1.0, 0.875, 1.0, 1.0, 0.75, 0.8, 1.0, 0.625, 0.8571, 1.0, 1.0, 0.8, 0.8333, 0.7778, 0.9231, 0.875, 1.0, 0.9091, 1.0, 0.75, 0.6667, 0.8182, 1.0, 0.875, 0.8, 0.7, 1.0, 1.0, 0.7273, 0.8, 1.0, 1.0, 1.0, 0.875, 1.0, 0.8889, 0.8333, 0.5, 0.8, 0.8, 0.8, 0.8571, 1.0, 0.8571, 0.7143, 1.0, 0.8571, 0.8333, 1.0, 0.75, 0.8182, 1.0, 0.875, 0.8, 0.8, 1.0, 0.8182, 0.875, 0.7778, 0.875, 0.8182, 1.0, 1.0, 1.0, 0.8333, 0.875, 0.8571, 0.9375, 0.8889, 1.0, 0.7778, 1.0, 1.0, 1.0, 1.0, 0.9, 0.6667, 0.7778, 0.6667, 1.0, 0.8889, 1.0, 0.9091, 0.8889, 1.0, 1.0, 0.7143, 0.8333, 0.8333, 1.0, 0.8571, 1.0, 1.0, 1.0, 1.0, 0.7, 1.0, 0.6, 1.0, 0.8571, 0.8333, 0.75, 0.875, 1.0, 1.0, 1.0, 0.8462, 0.8, 0.8, 0.75, 0.6667, 0.8, 1.0, 1.0, 1.0, 1.0, 0.9167, 0.7778, 0.8889, 0.8571, 0.9, 0.875, 0.6, 0.875, 0.8571, 1.0, 1.0, 0.5, 1.0, 0.8571, 0.6667, 0.8571, 1.0, 1.0, 0.5, 0.75, 0.6, 1.0, 0.8333, 1.0, 0.8889, 1.0, 0.8571, 0.625, 1.0, 0.5, 0.6667, 0.375, 0.7778, 0.7, 0.875, 0.75, 0.75, 0.8333, 1.0, 0.5714, 1.0, 0.8571, 1.0, 0.6, 0.8182, 1.0]","[2, 3, 11, 16, 20, 21, 22, 24, 25, 26, 28, 36, 38, 39, 40, 42, 44, 47, 48, 54, 57, 58, 59, 60, 61, 67, 71, 73, 77, 84, 85, 87, 93, 96, 97, 101, 102, 106, 108, 112, 115, 126, 129, 135, 143, 144, 154, 155, 157, 158, 159, 160, 162, 165, 166, 167, 168, 170, 171, 176, 177, 184, 196, 200, 203, 205, 208, 209, 213, 222, 223, 228, 229, 231, 233, 240, 242, 243, 244, 248, 249]"
random,0.7,11,random,0.8175,0.8175,0.8175,1.0,0.8175,-0.0,36,True,1635,0,280,85,0,"[0.05, 0.075, 0.0985, 0.12, 0.151, 0.1875, 0.2265, 0.273, 0.316, 0.356, 0.4, 0.4485, 0.4965, 0.5425, 0.586, 0.6315, 0.6705, 0.7005, 0.7265, 0.747, 0.762, 0.7675, 0.7715, 0.778, 0.7815, 0.7845, 0.7905, 0.7945, 0.7995, 0.806, 0.8075, 0.8085, 0.809, 0.81, 0.814, 0.8175, 0.8175, 0.8175, 0.8175, 0.8175, 0.8175, 0.8175, 0.8175, 0.8175, 0.8175, 0.8175, 0.8175, 0.8175, 0.8175, 0.8175, 0.8175, 0.8175, 0.8175, 0.8175, 0.8175, 0.8175, 0.8175, 0.8175, 0.8175, 0.8175, 0.8175, 0.8175, 0.8175, 0.8175, 0.8175, 0.8175, 0.8175, 0.8175, 0.8175, 0.8175, 0.8175, 0.8175, 0.8175, 0.8175, 0.8175, 0.8175, 0.8175, 0.8175, 0.8175, 0.8175, 0.8175, 0.8175, 0.8175, 0.8175, 0.8175, 0.8175, 0.8175, 0.8175, 0.8175, 0.8175, 0.8175, 0.8175, 0.8175, 0.8175, 0.8175, 0.8175, 0.8175, 0.8175, 0.8175, 0.8175, 0.8175]","{""0"": 0.8852, ""1"": 0.8659, ""2"": 0.624, ""3"": 0.8647, ""4"": 0.8508, ""5"": 0.9008, ""6"": 0.6695, ""7"": 0.86}","[0.8889, 1.0, 0.7857, 0.6667, 0.9167, 0.8, 1.0, 0.7778, 0.9091, 1.0, 0.75, 0.8333, 1.0, 0.8889, 1.0, 0.8333, 0.7778, 1.0, 0.9091, 0.8333, 0.8889, 1.0, 1.0, 0.8333, 0.6667, 0.875, 0.8333, 0.2222, 1.0, 0.9231, 0.8182, 1.0, 0.75, 0.8889, 1.0, 0.0, 0.75, 1.0, 1.0, 0.75, 0.8333, 0.8889, 1.0, 0.125, 0.8667, 0.7778, 1.0, 0.7778, 0.75, 0.8333, 0.7143, 0.125, 0.6667, 0.8, 0.875, 0.8333, 1.0, 0.875, 1.0, 0.0, 0.8333, 0.8889, 1.0, 1.0, 1.0, 0.5, 1.0, 0.0, 0.75, 1.0, 0.875, 0.8333, 0.8333, 0.8333, 1.0, 0.0, 1.0, 0.6667, 0.8571, 1.0, 0.8889, 1.0, 1.0, 1.0, 0.8571, 0.6667, 1.0, 0.6667, 0.8889, 0.9, 0.9, 0.875, 0.7778, 0.5714, 0.875, 1.0, 0.9, 0.875, 0.7143, 1.0, 1.0, 0.7143, 0.6667, 0.6667, 0.6667, 0.8, 1.0, 0.8333, 1.0, 0.8889, 0.8333, 0.0, 1.0, 1.0, 0.8571, 0.8333, 0.8333, 0.875, 1.0, 0.0, 0.9, 0.8333, 0.7, 0.6667, 1.0, 0.8571, 0.7778, 0.0, 1.0, 0.8, 0.8333, 0.9091, 0.75, 0.8571, 0.75, 0.0, 0.6, 0.9231, 0.6667, 1.0, 1.0, 1.0, 0.7778, 0.0833, 0.7, 0.7143, 0.6667, 0.8571, 0.8889, 0.7778, 0.6, 0.6, 0.8571, 0.6667, 0.7, 0.6667, 0.8, 0.6667, 1.0, 0.875, 0.9, 0.8571, 0.9, 0.9, 0.8571, 1.0, 1.0, 1.0, 0.8571, 0.8333, 1.0, 0.7273, 1.0, 0.8, 0.9091, 0.7143, 0.75, 1.0, 0.7778, 1.0, 0.8571, 0.8182, 1.0, 0.75, 0.9, 0.7778, 0.7273, 0.7143, 1.0, 0.7273, 0.8889, 0.7, 0.8571, 1.0, 1.0, 0.8571, 0.5714, 0.9, 0.75, 0.7143, 0.875, 0.8889, 1.0, 0.8, 0.8182, 1.0, 0.7, 0.7778, 0.8182, 1.0, 1.0, 0.9, 1.0, 1.0, 1.0, 0.9, 1.0, 1.0, 0.8333, 0.9, 0.6667, 0.8, 1.0, 1.0, 0.8889, 0.7143, 1.0, 0.4286, 0.8, 1.0, 1.0, 0.875, 0.75, 1.0, 1.0, 0.8571, 1.0, 0.9, 0.875, 1.0, 1.0, 0.8571, 0.75, 0.5556, 0.875, 0.7778, 1.0, 0.8333, 1.0, 1.0]","[0, 1, 3, 6, 7, 8, 14, 16, 17, 18, 22, 31, 33, 34, 40, 42, 43, 47, 50, 52, 54, 56, 57, 65, 66, 70, 71, 78, 80, 85, 86, 88, 91, 94, 96, 99, 102, 106, 107, 108, 113, 115, 120, 122, 124, 126, 129, 131, 133, 137, 140, 142, 148, 149, 152, 155, 160, 161, 162, 164, 167, 181, 182, 186, 189, 192, 197, 198, 199, 200, 201, 202, 211, 213, 216, 220, 225, 227, 228, 229, 230, 235, 236, 239, 240, 241, 243, 248]"
random,0.8,0,random,0.688,0.688,0.688,1.0,0.688,0.0,55,True,1376,0,310,314,0,"[0.05, 0.0725, 0.0865, 0.102, 0.1185, 0.1365, 0.162, 0.185, 0.2095, 0.2355, 0.264, 0.284, 0.3025, 0.321, 0.3365, 0.3475, 0.3595, 0.3705, 0.383, 0.397, 0.4155, 0.4305, 0.4475, 0.4615, 0.475, 0.487, 0.5005, 0.51, 0.523, 0.5315, 0.5405, 0.552, 0.5655, 0.5775, 0.5905, 0.5975, 0.6045, 0.6145, 0.6215, 0.6325, 0.645, 0.6555, 0.6625, 0.665, 0.67, 0.672, 0.6735, 0.675, 0.6775, 0.679, 0.6815, 0.6845, 0.686, 0.6875, 0.688, 0.688, 0.688, 0.688, 0.688, 0.688, 0.688, 0.688, 0.688, 0.688, 0.688, 0.688, 0.688, 0.688, 0.688, 0.688, 0.688, 0.688, 0.688, 0.688, 0.688, 0.688, 0.688, 0.688, 0.688, 0.688, 0.688, 0.688, 0.688, 0.688, 0.688, 0.688, 0.688, 0.688, 0.688, 0.688, 0.688, 0.688, 0.688, 0.688, 0.688, 0.688, 0.688, 0.688, 0.688, 0.688, 0.688]","{""0"": 0.8555, ""1"": 0.8264, ""2"": 0.8359, ""3"": 0.209, ""4"": 0.8498, ""5"": 0.8439, ""6"": 0.6756, ""7"": 0.3423}","[0.8889, 1.0, 1.0, 0.6, 0.0, 1.0, 1.0, 0.0, 0.0, 1.0, 0.75, 1.0, 0.2857, 0.5714, 1.0, 0.8333, 0.0, 1.0, 0.8889, 0.5, 0.125, 0.9091, 0.8333, 0.6, 0.0909, 0.875, 0.8333, 1.0, 0.0, 1.0, 1.0, 0.8333, 0.125, 0.9091, 0.5, 0.6667, 0.0, 0.875, 0.875, 1.0, 0.8, 1.0, 0.3333, 0.75, 0.0, 0.9, 1.0, 0.7273, 1.0, 0.8333, 1.0, 1.0, 0.0, 0.8, 0.75, 0.9333, 0.8571, 1.0, 0.75, 0.75, 0.0, 1.0, 1.0, 0.7778, 1.0, 0.75, 1.0, 1.0, 0.0, 1.0, 0.5714, 1.0, 0.8889, 0.8, 0.8, 1.0, 0.0, 0.6667, 1.0, 0.9, 0.8571, 0.7143, 0.8333, 0.7143, 0.0909, 0.8333, 0.8, 0.9, 0.8, 0.6667, 0.8333, 0.75, 0.2, 0.8571, 0.875, 0.8889, 0.8, 0.8182, 0.875, 0.8889, 0.8571, 0.625, 0.8333, 0.6, 1.0, 0.9091, 0.9091, 0.5714, 0.75, 0.9, 0.6667, 0.6, 0.6667, 0.8333, 0.8333, 0.7, 0.75, 1.0, 0.4286, 0.8333, 1.0, 1.0, 0.8182, 0.9231, 0.6667, 0.6364, 0.9, 1.0, 0.7143, 0.8571, 1.0, 0.6667, 1.0, 0.8571, 0.875, 0.8333, 0.1, 0.875, 0.5714, 0.8, 0.875, 0.8333, 1.0, 0.9, 0.0, 0.625, 0.625, 0.8, 0.0, 0.8889, 0.9, 0.7143, 0.0, 0.8462, 0.75, 1.0, 0.0, 0.9286, 0.8, 1.0, 0.0, 1.0, 1.0, 1.0, 0.0, 0.75, 0.8889, 0.9, 0.0, 0.9, 0.6667, 1.0, 0.125, 0.8182, 1.0, 0.8462, 0.0, 0.8182, 1.0, 0.6667, 0.1538, 0.8182, 0.875, 0.9167, 0.0, 0.6923, 0.8571, 0.6667, 0.0, 1.0, 0.6667, 0.875, 0.0, 0.75, 0.5556, 0.7143, 0.1, 0.9286, 0.7, 0.875, 0.0, 0.6667, 0.8889, 0.9, 0.0, 0.9, 0.8333, 0.625, 0.1429, 1.0, 0.875, 0.7, 0.0, 0.8333, 0.875, 0.0909, 0.1429, 1.0, 0.9091, 1.0, 0.7143, 1.0, 0.9, 0.0769, 0.0, 1.0, 0.7143, 0.8889, 0.0833, 0.6, 1.0, 0.0, 0.0, 0.875, 1.0, 1.0, 0.0, 0.8333, 0.75, 0.0833, 0.3333, 1.0, 0.8, 0.8571, 0.0, 0.8, 0.75, 0.0, 0.25, 0.8889]","[6, 10, 11, 12, 18, 21, 23, 24, 30, 37, 46, 57, 59, 70, 74, 75, 78, 84, 89, 93, 94, 96, 99, 105, 106, 107, 108, 109, 111, 113, 114, 118, 122, 123, 125, 134, 135, 138, 139, 140, 141, 142, 143, 147, 154, 157, 159, 162, 163, 167, 171, 172, 175, 177, 180, 181, 183, 186, 191, 194, 195, 197, 201, 202, 203, 205, 208, 216, 219, 220, 222, 223, 226, 227, 228, 230, 237, 238, 239, 241, 243, 245, 246, 248]"
random,0.8,1,random,0.7625,0.7625,0.7625,1.0,0.7625,0.0,41,True,1525,0,300,175,0,"[0.05, 0.0725, 0.0905, 0.109, 0.132, 0.1555, 0.1835, 0.2185, 0.2505, 0.285, 0.3215, 0.3535, 0.378, 0.4015, 0.4225, 0.4475, 0.476, 0.5, 0.5245, 0.5465, 0.569, 0.589, 0.612, 0.6315, 0.649, 0.657, 0.668, 0.685, 0.7015, 0.7145, 0.7245, 0.7325, 0.741, 0.745, 0.7505, 0.7545, 0.757, 0.7585, 0.7595, 0.761, 0.7625, 0.7625, 0.7625, 0.7625, 0.7625, 0.7625, 0.7625, 0.7625, 0.7625, 0.7625, 0.7625, 0.7625, 0.7625, 0.7625, 0.7625, 0.7625, 0.7625, 0.7625, 0.7625, 0.7625, 0.7625, 0.7625, 0.7625, 0.7625, 0.7625, 0.7625, 0.7625, 0.7625, 0.7625, 0.7625, 0.7625, 0.7625, 0.7625, 0.7625, 0.7625, 0.7625, 0.7625, 0.7625, 0.7625, 0.7625, 0.7625, 0.7625, 0.7625, 0.7625, 0.7625, 0.7625, 0.7625, 0.7625, 0.7625, 0.7625, 0.7625, 0.7625, 0.7625, 0.7625, 0.7625, 0.7625, 0.7625, 0.7625, 0.7625, 0.7625, 0.7625]","{""0"": 0.7391, ""1"": 0.7755, ""2"": 0.8561, ""3"": 0.872, ""4"": 0.815, ""5"": 0.2457, ""6"": 0.8779, ""7"": 0.875}","[0.7778, 1.0, 0.8889, 0.8889, 1.0, 0.6364, 0.0, 1.0, 0.7273, 0.6364, 0.8571, 0.8182, 0.8333, 0.75, 0.6667, 0.9, 0.8571, 0.7778, 0.8571, 0.9, 1.0, 0.5556, 0.4444, 1.0, 1.0, 0.8571, 0.75, 0.8889, 0.8182, 0.625, 0.1, 0.875, 0.8571, 1.0, 0.8889, 0.5, 0.8333, 1.0, 0.0, 0.6667, 0.8462, 0.6667, 0.8, 0.5, 0.8333, 1.0, 0.0, 0.8, 0.6667, 0.8571, 0.0, 1.0, 0.8182, 0.8333, 0.0, 1.0, 0.8333, 1.0, 0.1111, 0.9, 1.0, 0.8571, 0.0, 0.6667, 0.75, 0.3333, 0.8, 1.0, 0.8571, 0.75, 0.0, 0.8333, 0.9, 0.0, 1.0, 1.0, 1.0, 0.7, 0.0, 1.0, 1.0, 0.0, 1.0, 0.5714, 0.8, 0.8, 0.0, 0.8, 0.75, 0.0714, 0.6, 0.9, 1.0, 1.0, 1.0, 1.0, 0.875, 0.5, 0.7778, 0.8889, 0.7143, 1.0, 0.7143, 0.6667, 1.0, 0.875, 0.7778, 0.6, 0.8182, 1.0, 0.75, 1.0, 1.0, 0.8333, 0.8571, 0.7778, 0.7778, 0.7778, 1.0, 0.8462, 0.7273, 1.0, 0.7778, 0.8889, 0.8571, 0.8, 0.75, 1.0, 0.8571, 1.0, 0.7143, 0.9167, 1.0, 0.8571, 0.75, 0.875, 0.8571, 0.9091, 0.9167, 0.8, 0.8333, 0.9167, 0.6667, 0.9091, 1.0, 0.9, 0.8571, 0.9, 0.75, 0.8, 0.0, 1.0, 1.0, 0.6667, 0.8, 1.0, 0.8333, 0.875, 0.1, 0.6667, 1.0, 0.9, 0.6, 0.9167, 0.8333, 1.0, 0.1667, 1.0, 1.0, 0.7143, 0.625, 0.8889, 1.0, 0.8889, 0.0, 0.8333, 0.6667, 1.0, 1.0, 1.0, 1.0, 0.8333, 0.1667, 1.0, 0.8889, 0.8571, 0.8889, 0.8571, 0.6, 0.625, 0.0, 0.8, 0.8333, 1.0, 1.0, 1.0, 1.0, 1.0, 0.1, 0.7143, 0.8, 0.8333, 0.7778, 0.6667, 0.75, 0.6667, 0.0, 1.0, 0.9, 0.8333, 0.6667, 0.8889, 0.875, 0.6667, 0.0, 0.8889, 0.8, 0.7778, 1.0, 0.8, 0.8889, 0.7, 0.0, 1.0, 1.0, 1.0, 0.8333, 0.875, 1.0, 0.7778, 0.0, 0.8333, 0.875, 1.0, 0.75, 0.8571, 0.8333, 0.8889, 0.0, 0.8333, 1.0, 1.0, 1.0, 0.9286, 0.75, 1.0, 0.0, 0.8571, 1.0, 0.75]","[8, 12, 14, 17, 24, 26, 29, 30, 31, 40, 42, 51, 55, 57, 59, 60, 72, 77, 85, 91, 92, 95, 96, 97, 98, 104, 105, 106, 108, 110, 118, 119, 122, 124, 126, 127, 130, 136, 138, 141, 142, 143, 144, 145, 147, 149, 151, 153, 155, 157, 158, 161, 166, 170, 171, 175, 177, 182, 189, 191, 192, 198, 199, 207, 211, 212, 219, 223, 225, 226, 227, 228, 231, 237, 239, 242, 244]"
random,0.8,2,random,0.748,0.748,0.748,1.0,0.748,0.0,51,True,1496,0,305,199,0,"[0.05, 0.071, 0.091, 0.116, 0.1445, 0.167, 0.1955, 0.225, 0.2535, 0.2865, 0.3175, 0.3475, 0.3835, 0.4085, 0.4275, 0.4475, 0.4695, 0.4895, 0.5055, 0.521, 0.5335, 0.5455, 0.5605, 0.578, 0.5905, 0.599, 0.605, 0.613, 0.6205, 0.625, 0.63, 0.6375, 0.6445, 0.654, 0.661, 0.668, 0.6745, 0.6825, 0.692, 0.7, 0.71, 0.721, 0.727, 0.731, 0.736, 0.7395, 0.741, 0.743, 0.745, 0.7475, 0.748, 0.748, 0.748, 0.748, 0.748, 0.748, 0.748, 0.748, 0.748, 0.748, 0.748, 0.748, 0.748, 0.748, 0.748, 0.748, 0.748, 0.748, 0.748, 0.748, 0.748, 0.748, 0.748, 0.748, 0.748, 0.748, 0.748, 0.748, 0.748, 0.748, 0.748, 0.748, 0.748, 0.748, 0.748, 0.748, 0.748, 0.748, 0.748, 0.748, 0.748, 0.748, 0.748, 0.748, 0.748, 0.748, 0.748, 0.748, 0.748, 0.748, 0.748]","{""0"": 0.7885, ""1"": 0.8606, ""2"": 0.4659, ""3"": 0.8347, ""4"": 0.8327, ""5"": 0.751, ""6"": 0.6, ""7"": 0.8378}","[0.8889, 1.0, 0.7143, 0.0, 0.9091, 0.8571, 0.8571, 0.0, 0.0, 1.0, 1.0, 0.0, 0.7, 0.9, 0.8571, 0.0, 0.6667, 0.8571, 1.0, 0.1667, 0.8, 1.0, 0.8571, 0.0769, 0.7778, 0.8571, 0.8, 0.0, 1.0, 0.8333, 0.8333, 0.25, 0.9, 0.8571, 0.9231, 0.0, 1.0, 0.6, 1.0, 0.1667, 1.0, 0.8333, 0.8333, 0.0909, 0.7778, 0.7, 0.875, 0.1429, 0.9, 0.7778, 1.0, 0.7143, 0.8333, 1.0, 0.8889, 0.0, 0.8333, 1.0, 0.8333, 0.9, 0.6667, 0.7778, 0.8, 0.1429, 0.8333, 0.8333, 0.8889, 0.8571, 0.8571, 0.8571, 0.8182, 0.0, 1.0, 1.0, 0.9091, 1.0, 0.6667, 0.8571, 0.7143, 1.0, 1.0, 0.875, 0.6667, 0.8333, 1.0, 1.0, 0.875, 1.0, 0.8889, 0.6, 0.8, 0.75, 0.7273, 0.5714, 0.8182, 0.7143, 1.0, 0.0769, 0.8889, 1.0, 0.625, 0.7778, 1.0, 0.9, 0.8, 0.0714, 0.875, 0.625, 1.0, 1.0, 1.0, 1.0, 0.6667, 1.0, 0.875, 0.75, 0.5714, 0.7273, 0.8333, 0.8333, 0.9091, 1.0, 0.8182, 0.75, 0.8, 0.7778, 1.0, 0.5714, 1.0, 1.0, 0.875, 0.75, 0.7273, 0.7857, 1.0, 0.8571, 1.0, 0.8182, 1.0, 0.0, 0.5, 0.8, 0.875, 0.9091, 0.9091, 1.0, 0.7, 0.0, 1.0, 0.9091, 1.0, 0.875, 0.8, 1.0, 0.9231, 0.0, 1.0, 1.0, 0.8571, 0.8889, 0.9286, 0.8333, 1.0, 0.0, 1.0, 0.8333, 0.0, 1.0, 1.0, 0.8333, 0.8462, 0.8, 0.875, 0.875, 0.1111, 0.875, 0.875, 0.7143, 0.9091, 0.8182, 1.0, 0.9091, 0.0, 1.0, 0.9167, 1.0, 1.0, 0.8889, 0.8333, 0.8571, 0.0, 0.8333, 1.0, 1.0, 0.8, 0.8889, 0.8182, 0.875, 0.8889, 0.8333, 1.0, 0.875, 1.0, 0.5714, 1.0, 0.4444, 0.8182, 0.8571, 0.7143, 0.8889, 0.6667, 1.0, 0.8333, 0.9, 0.8571, 0.8571, 1.0, 0.75, 0.8889, 0.6, 0.6, 0.8889, 0.875, 0.8333, 1.0, 0.7778, 0.6667, 0.5556, 0.8889, 0.8889, 1.0, 0.875, 1.0, 0.8, 0.5, 0.0, 0.875, 0.8571, 1.0, 0.5, 0.8571, 0.6667, 1.0, 0.0, 1.0, 0.6667, 0.75, 0.0909, 0.0, 0.7]","[0, 5, 9, 13, 16, 19, 21, 22, 26, 28, 29, 34, 39, 43, 44, 49, 51, 54, 60, 70, 72, 73, 74, 75, 80, 85, 86, 87, 91, 94, 95, 96, 98, 100, 103, 109, 110, 113, 119, 120, 121, 126, 128, 133, 142, 144, 145, 161, 167, 172, 173, 176, 179, 180, 183, 184, 188, 189, 192, 193, 194, 196, 197, 201, 202, 203, 207, 213, 216, 218, 222, 225, 226, 227, 229, 231, 232, 233, 234, 241, 242, 247, 249]"
random,0.8,3,random,0.719,0.719,0.719,1.0,0.719,-0.0,32,True,1438,0,283,279,0,"[0.05, 0.074, 0.097, 0.1225, 0.1445, 0.174, 0.2015, 0.2215, 0.2455, 0.271, 0.2985, 0.3325, 0.365, 0.393, 0.4255, 0.4525, 0.481, 0.5085, 0.536, 0.5595, 0.582, 0.601, 0.622, 0.6435, 0.6625, 0.6765, 0.686, 0.697, 0.708, 0.716, 0.7185, 0.719, 0.719, 0.719, 0.719, 0.719, 0.719, 0.719, 0.719, 0.719, 0.719, 0.719, 0.719, 0.719, 0.719, 0.719, 0.719, 0.719, 0.719, 0.719, 0.719, 0.719, 0.719, 0.719, 0.719, 0.719, 0.719, 0.719, 0.719, 0.719, 0.719, 0.719, 0.719, 0.719, 0.719, 0.719, 0.719, 0.719, 0.719, 0.719, 0.719, 0.719, 0.719, 0.719, 0.719, 0.719, 0.719, 0.719, 0.719, 0.719, 0.719, 0.719, 0.719, 0.719, 0.719, 0.719, 0.719, 0.719, 0.719, 0.719, 0.719, 0.719, 0.719, 0.719, 0.719, 0.719, 0.719, 0.719, 0.719, 0.719, 0.719]","{""0"": 0.3218, ""1"": 0.8835, ""2"": 0.5743, ""3"": 0.8423, ""4"": 0.7879, ""5"": 0.8571, ""6"": 0.6405, ""7"": 0.8632}","[0.8889, 0.0, 0.75, 0.8333, 0.6, 1.0, 0.8571, 1.0, 0.7778, 0.0, 1.0, 0.8333, 0.5455, 0.7143, 0.8333, 0.8889, 1.0, 0.0, 0.875, 0.8889, 1.0, 1.0, 0.8182, 0.625, 0.8889, 0.0, 1.0, 0.875, 0.6667, 1.0, 0.8333, 0.7143, 0.9091, 0.0, 0.8333, 1.0, 0.8333, 1.0, 1.0, 0.6667, 1.0, 0.7, 0.8889, 0.7778, 1.0, 1.0, 0.875, 0.8, 0.8571, 1.0, 1.0, 0.7143, 1.0, 0.8571, 0.875, 0.2857, 0.8571, 0.9167, 0.8333, 0.6, 0.8, 0.8889, 0.7, 0.3333, 0.875, 1.0, 0.8, 0.6667, 0.875, 0.7273, 1.0, 0.0714, 0.875, 1.0, 0.9, 1.0, 1.0, 0.75, 1.0, 0.5, 0.6667, 1.0, 0.9167, 1.0, 0.8571, 0.7, 0.8, 1.0, 1.0, 1.0, 0.75, 0.875, 1.0, 0.9, 0.625, 1.0, 0.6667, 0.7143, 1.0, 0.8333, 0.7, 1.0, 1.0, 0.9091, 1.0, 0.75, 0.8889, 1.0, 1.0, 1.0, 0.8571, 0.6667, 0.8571, 0.6, 1.0, 0.7, 0.9, 0.5, 0.875, 0.8, 1.0, 0.0, 1.0, 0.75, 0.8889, 0.8, 1.0, 0.75, 1.0, 0.0, 0.7, 0.8571, 0.875, 0.8333, 0.75, 1.0, 1.0, 0.0, 0.7143, 1.0, 0.6667, 1.0, 0.9, 1.0, 0.8889, 0.0, 0.8571, 0.5455, 0.8, 0.8, 0.8, 0.0, 0.6, 0.1667, 0.7857, 0.7778, 0.8571, 0.8889, 0.875, 0.0, 0.6667, 0.0, 0.8889, 0.7778, 0.8571, 1.0, 0.7778, 0.0, 1.0, 0.125, 0.8571, 1.0, 0.6667, 1.0, 1.0, 0.0, 0.6364, 0.25, 1.0, 0.2857, 0.8571, 0.9167, 0.9, 0.4286, 0.8571, 0.0, 1.0, 0.1, 1.0, 0.8889, 0.75, 0.8333, 0.875, 0.0, 1.0, 0.3333, 0.8, 0.8333, 0.7143, 0.8571, 0.75, 0.0, 0.625, 0.125, 0.6, 0.0769, 0.9091, 0.6667, 0.5714, 0.0, 1.0, 0.0, 1.0, 0.0, 0.6667, 0.8571, 1.0, 0.25, 1.0, 0.125, 1.0, 0.7143, 1.0, 0.8, 1.0, 0.125, 1.0, 0.0, 0.5714, 1.0, 0.75, 1.0, 0.75, 0.1429, 0.75, 0.0, 0.9167, 0.6667, 0.8889, 0.8571, 1.0, 0.2222, 0.9091, 0.0, 0.9, 0.7778, 0.875, 1.0, 0.7778, 0.0]","[5, 12, 19, 20, 22, 23, 24, 29, 30, 35, 44, 47, 52, 53, 54, 57, 60, 61, 62, 64, 69, 70, 71, 72, 75, 77, 81, 83, 87, 88, 89, 93, 96, 99, 100, 101, 103, 104, 106, 108, 114, 120, 122, 123, 126, 134, 138, 140, 142, 143, 146, 153, 154, 155, 160, 163, 165, 169, 171, 172, 173, 174, 177, 181, 194, 196, 206, 210, 214, 217, 221, 222, 223, 224, 226, 229, 230, 231, 233, 240, 241, 244]"
random,0.8,4,random,0.8125,0.8125,0.8125,1.0,0.8125,0.0,45,True,1625,0,292,83,0,"[0.05, 0.0735, 0.096, 0.1225, 0.156, 0.1885, 0.2285, 0.2665, 0.299, 0.3365, 0.3615, 0.386, 0.4135, 0.438, 0.457, 0.4765, 0.5005, 0.521, 0.54, 0.559, 0.574, 0.592, 0.6115, 0.629, 0.647, 0.67, 0.694, 0.7105, 0.725, 0.7365, 0.746, 0.753, 0.761, 0.77, 0.7735, 0.7785, 0.7815, 0.7855, 0.7915, 0.796, 0.798, 0.801, 0.8065, 0.811, 0.8125, 0.8125, 0.8125, 0.8125, 0.8125, 0.8125, 0.8125, 0.8125, 0.8125, 0.8125, 0.8125, 0.8125, 0.8125, 0.8125, 0.8125, 0.8125, 0.8125, 0.8125, 0.8125, 0.8125, 0.8125, 0.8125, 0.8125, 0.8125, 0.8125, 0.8125, 0.8125, 0.8125, 0.8125, 0.8125, 0.8125, 0.8125, 0.8125, 0.8125, 0.8125, 0.8125, 0.8125, 0.8125, 0.8125, 0.8125, 0.8125, 0.8125, 0.8125, 0.8125, 0.8125, 0.8125, 0.8125, 0.8125, 0.8125, 0.8125, 0.8125, 0.8125, 0.8125, 0.8125, 0.8125, 0.8125, 0.8125]","{""0"": 0.8268, ""1"": 0.8667, ""2"": 0.874, ""3"": 0.6559, ""4"": 0.844, ""5"": 0.888, ""6"": 0.6864, ""7"": 0.8458}","[0.7778, 0.7143, 0.8333, 0.875, 1.0, 0.3333, 0.8333, 1.0, 0.8182, 0.75, 0.8571, 0.875, 1.0, 1.0, 0.8333, 0.7273, 0.8, 1.0, 0.5, 0.875, 0.8889, 0.875, 1.0, 1.0, 1.0, 0.8889, 0.8889, 0.8, 0.75, 0.75, 1.0, 0.8333, 0.8571, 1.0, 0.8889, 0.75, 0.7143, 1.0, 0.8571, 0.75, 1.0, 1.0, 1.0, 0.7778, 1.0, 0.7143, 1.0, 1.0, 1.0, 0.75, 0.9091, 0.8571, 0.7778, 0.8, 0.75, 0.75, 1.0, 0.6667, 0.6667, 0.8889, 0.1, 1.0, 1.0, 1.0, 0.8, 1.0, 0.75, 0.875, 0.1, 0.8182, 0.6, 1.0, 1.0, 0.8, 1.0, 0.9, 0.0, 0.8333, 0.8333, 0.75, 0.875, 0.8333, 1.0, 0.9091, 0.0, 1.0, 0.625, 1.0, 0.7857, 0.8462, 0.8571, 0.8571, 0.0, 1.0, 1.0, 0.6667, 0.7778, 0.8333, 0.8333, 0.625, 0.1429, 1.0, 0.6667, 1.0, 0.875, 0.4286, 0.8571, 0.8571, 0.1667, 0.75, 0.75, 0.8667, 0.75, 1.0, 1.0, 1.0, 0.0, 0.875, 0.8571, 0.8333, 0.6667, 1.0, 0.6667, 1.0, 0.8333, 0.875, 1.0, 1.0, 0.2, 1.0, 0.8889, 0.8, 1.0, 0.8333, 0.8, 0.6, 0.8, 0.5, 1.0, 0.9091, 0.875, 0.75, 0.8889, 0.0, 0.9, 0.7143, 0.875, 0.7273, 0.7778, 0.875, 0.8333, 0.25, 0.5714, 0.8333, 0.625, 0.7778, 1.0, 0.9, 1.0, 0.0, 0.7273, 0.75, 0.9, 0.875, 0.8333, 0.8333, 0.8889, 0.0, 0.8333, 0.5, 0.75, 0.8571, 0.8333, 0.8, 0.8, 0.1429, 0.8, 0.9091, 0.625, 0.8182, 0.8889, 0.9091, 0.9167, 0.0, 0.75, 0.8, 1.0, 1.0, 0.75, 0.9, 1.0, 1.0, 0.9, 0.875, 1.0, 1.0, 0.875, 1.0, 1.0, 0.8333, 0.8, 0.6667, 1.0, 1.0, 0.7143, 1.0, 0.9167, 1.0, 1.0, 0.8889, 1.0, 0.8889, 0.8889, 0.8182, 0.9, 1.0, 1.0, 0.6667, 1.0, 0.875, 0.8571, 0.8889, 1.0, 1.0, 1.0, 0.8889, 0.8333, 1.0, 1.0, 0.75, 1.0, 0.875, 1.0, 1.0, 1.0, 1.0, 0.9231, 0.4, 0.7857, 0.8333, 0.9, 0.6, 0.7778, 1.0, 0.7143, 0.8, 1.0, 1.0, 0.7778, 1.0]","[1, 2, 4, 7, 15, 16, 20, 24, 25, 27, 33, 34, 35, 37, 38, 40, 41, 43, 45, 48, 49, 50, 53, 56, 58, 63, 64, 69, 78, 79, 80, 83, 90, 95, 96, 97, 98, 99, 108, 112, 113, 115, 119, 121, 124, 131, 133, 134, 135, 139, 141, 144, 147, 148, 162, 165, 166, 174, 177, 184, 192, 195, 196, 198, 199, 201, 202, 206, 208, 211, 216, 217, 221, 226, 228, 231, 232, 235, 240, 242, 245, 247, 248, 249]"
random,0.8,5,random,0.817,0.817,0.817,1.0,0.817,0.0,45,True,1634,0,290,76,0,"[0.05, 0.075, 0.1025, 0.1315, 0.1585, 0.1885, 0.222, 0.2665, 0.3065, 0.3395, 0.381, 0.417, 0.4455, 0.4735, 0.5115, 0.5515, 0.5915, 0.624, 0.652, 0.672, 0.6925, 0.712, 0.7285, 0.741, 0.7515, 0.7595, 0.767, 0.771, 0.775, 0.7765, 0.778, 0.7805, 0.7825, 0.7865, 0.79, 0.7955, 0.799, 0.801, 0.803, 0.8055, 0.809, 0.8125, 0.8135, 0.816, 0.817, 0.817, 0.817, 0.817, 0.817, 0.817, 0.817, 0.817, 0.817, 0.817, 0.817, 0.817, 0.817, 0.817, 0.817, 0.817, 0.817, 0.817, 0.817, 0.817, 0.817, 0.817, 0.817, 0.817, 0.817, 0.817, 0.817, 0.817, 0.817, 0.817, 0.817, 0.817, 0.817, 0.817, 0.817, 0.817, 0.817, 0.817, 0.817, 0.817, 0.817, 0.817, 0.817, 0.817, 0.817, 0.817, 0.817, 0.817, 0.817, 0.817, 0.817, 0.817, 0.817, 0.817, 0.817, 0.817, 0.817]","{""0"": 0.8571, ""1"": 0.8623, ""2"": 0.8456, ""3"": 0.874, ""4"": 0.8279, ""5"": 0.8403, ""6"": 0.5765, ""7"": 0.856}","[1.0, 0.8889, 0.5, 1.0, 1.0, 0.8333, 0.8571, 1.0, 0.8889, 0.5714, 0.8333, 0.75, 1.0, 0.8333, 0.75, 0.75, 0.8, 1.0, 1.0, 0.7273, 0.7143, 1.0, 1.0, 1.0, 1.0, 1.0, 0.875, 0.8333, 0.8889, 0.8, 0.7143, 0.0, 0.8571, 1.0, 0.875, 0.9, 1.0, 0.8333, 1.0, 0.0, 0.8889, 1.0, 0.75, 0.9, 1.0, 0.8889, 1.0, 0.2, 0.5556, 1.0, 0.8333, 0.9, 0.6923, 0.75, 1.0, 0.1111, 1.0, 0.7143, 0.875, 0.7692, 1.0, 1.0, 0.8571, 0.1667, 0.5, 0.9, 1.0, 1.0, 1.0, 0.8333, 0.8333, 0.0, 0.7, 1.0, 1.0, 1.0, 0.8571, 0.8, 0.5, 0.0, 1.0, 1.0, 1.0, 0.5455, 0.7692, 0.8, 0.5714, 0.0, 1.0, 0.7143, 1.0, 1.0, 0.9167, 0.9, 0.8333, 0.1, 0.75, 1.0, 0.6667, 0.8, 1.0, 0.7, 0.7143, 0.1667, 1.0, 0.7778, 0.9, 0.8889, 1.0, 0.7143, 0.9, 0.0, 0.8571, 0.7778, 1.0, 0.8889, 0.8, 1.0, 0.8889, 0.125, 0.8182, 0.5, 1.0, 0.8571, 0.7, 0.8571, 0.8571, 0.25, 1.0, 0.8, 0.8571, 0.9, 1.0, 0.8, 0.8889, 0.8571, 1.0, 1.0, 0.7143, 0.875, 1.0, 0.7778, 0.5714, 1.0, 0.8333, 0.8333, 0.9091, 0.9, 1.0, 0.8571, 0.875, 0.8, 0.8889, 1.0, 0.6923, 0.8333, 0.6667, 0.9167, 0.6, 0.9167, 1.0, 0.8, 0.8, 1.0, 0.8182, 0.7143, 1.0, 0.8571, 0.8333, 1.0, 0.8333, 1.0, 0.8333, 1.0, 0.5556, 0.8333, 0.75, 0.7778, 0.8333, 0.75, 1.0, 0.9, 1.0, 1.0, 0.8571, 0.9, 0.8, 1.0, 0.6667, 0.8182, 0.9, 1.0, 0.8, 1.0, 1.0, 0.6667, 1.0, 0.7692, 0.8333, 0.9167, 0.9, 0.8333, 1.0, 0.75, 0.6667, 0.75, 0.9, 0.9091, 0.8462, 0.6, 0.7778, 1.0, 1.0, 0.6, 0.8889, 0.875, 0.8, 1.0, 0.6, 0.8571, 0.7778, 0.8571, 0.7143, 0.7778, 0.8333, 0.6667, 0.9, 0.7143, 0.9091, 0.7143, 0.8333, 0.8571, 1.0, 0.8571, 0.75, 0.7273, 0.7143, 1.0, 1.0, 0.9091, 0.8889, 0.7, 1.0, 0.875, 1.0, 0.5714, 1.0, 0.8571, 0.7273, 0.6667]","[0, 2, 6, 8, 11, 14, 15, 17, 19, 23, 24, 35, 38, 42, 43, 45, 48, 51, 53, 54, 57, 58, 60, 63, 64, 66, 67, 68, 69, 72, 73, 74, 75, 81, 88, 90, 93, 95, 99, 101, 102, 107, 110, 113, 115, 121, 122, 125, 133, 134, 137, 142, 143, 146, 148, 152, 157, 160, 161, 162, 169, 178, 181, 184, 187, 189, 191, 193, 201, 203, 206, 208, 211, 213, 215, 220, 223, 226, 228, 230, 233, 238, 239, 240, 244, 247, 249]"
random,0.8,6,random,0.7275,0.7275,0.7275,1.0,0.7275,0.0,39,True,1455,0,288,257,0,"[0.05, 0.08, 0.111, 0.151, 0.1885, 0.2305, 0.279, 0.3265, 0.3735, 0.415, 0.4415, 0.473, 0.503, 0.5365, 0.5665, 0.594, 0.616, 0.6345, 0.654, 0.6715, 0.6845, 0.694, 0.701, 0.7045, 0.7075, 0.7125, 0.714, 0.7145, 0.715, 0.716, 0.718, 0.719, 0.7205, 0.7225, 0.7245, 0.725, 0.7265, 0.727, 0.7275, 0.7275, 0.7275, 0.7275, 0.7275, 0.7275, 0.7275, 0.7275, 0.7275, 0.7275, 0.7275, 0.7275, 0.7275, 0.7275, 0.7275, 0.7275, 0.7275, 0.7275, 0.7275, 0.7275, 0.7275, 0.7275, 0.7275, 0.7275, 0.7275, 0.7275, 0.7275, 0.7275, 0.7275, 0.7275, 0.7275, 0.7275, 0.7275, 0.7275, 0.7275, 0.7275, 0.7275, 0.7275, 0.7275, 0.7275, 0.7275, 0.7275, 0.7275, 0.7275, 0.7275, 0.7275, 0.7275, 0.7275, 0.7275, 0.7275, 0.7275, 0.7275, 0.7275, 0.7275, 0.7275, 0.7275, 0.7275, 0.7275, 0.7275, 0.7275, 0.7275, 0.7275, 0.7275]","{""0"": 0.8599, ""1"": 0.5774, ""2"": 0.875, ""3"": 0.6096, ""4"": 0.4229, ""5"": 0.8395, ""6"": 0.8902, ""7"": 0.7407}","[0.6667, 0.8333, 1.0, 0.7143, 1.0, 0.7143, 0.6, 0.8333, 1.0, 1.0, 1.0, 0.7778, 0.8182, 0.7778, 1.0, 0.75, 0.75, 0.75, 0.875, 0.8, 0.8333, 0.0, 0.6, 0.6667, 1.0, 0.8889, 1.0, 0.875, 1.0, 0.0, 0.8, 0.8333, 0.8571, 1.0, 0.7, 0.9, 0.6667, 0.0, 0.7143, 1.0, 0.8889, 0.7273, 1.0, 0.8, 0.8571, 0.0, 1.0, 1.0, 0.7778, 0.875, 0.8889, 1.0, 1.0, 0.125, 0.8333, 1.0, 0.0, 0.7143, 0.8182, 0.875, 0.8889, 0.0, 0.75, 0.625, 0.0, 0.4286, 0.7143, 1.0, 0.8889, 0.0, 1.0, 1.0, 0.25, 0.8889, 0.9, 1.0, 0.875, 0.0, 0.8, 1.0, 0.1111, 1.0, 0.7778, 0.875, 0.8, 0.75, 0.7143, 1.0, 0.0, 0.8571, 0.7692, 1.0, 0.1111, 1.0, 0.8889, 0.875, 1.0, 0.8889, 1.0, 0.8889, 0.3333, 1.0, 1.0, 1.0, 1.0, 0.9, 0.8333, 0.75, 0.0, 1.0, 0.9167, 0.8889, 0.6667, 1.0, 0.6, 0.875, 0.0, 0.1, 0.5, 0.8889, 0.75, 0.9091, 1.0, 1.0, 0.3333, 0.5714, 0.8182, 0.8571, 0.9, 0.9, 0.8571, 0.9, 0.0, 0.0, 0.8333, 0.75, 0.7143, 0.6667, 0.75, 1.0, 0.0, 0.0, 1.0, 0.6667, 0.75, 0.8, 1.0, 0.7778, 0.1667, 0.0, 0.9167, 1.0, 0.8, 0.8, 0.5556, 0.5, 0.0, 0.0, 1.0, 1.0, 1.0, 1.0, 1.0, 1.0, 0.5, 0.1111, 0.9091, 0.9, 0.8182, 1.0, 0.2857, 0.7368, 0.75, 0.25, 0.8571, 1.0, 0.8, 1.0, 0.1667, 1.0, 0.75, 0.0, 0.5, 1.0, 0.9091, 1.0, 0.0769, 0.8571, 0.875, 0.8333, 1.0, 0.8, 1.0, 0.8571, 0.0769, 0.8889, 0.75, 0.75, 1.0, 0.75, 1.0, 0.8, 0.0833, 0.9167, 0.8333, 1.0, 0.7143, 0.8889, 1.0, 0.7143, 0.25, 0.9167, 0.6, 0.625, 0.7778, 0.75, 0.8889, 0.7778, 0.0, 1.0, 1.0, 0.8889, 0.5714, 1.0, 0.875, 1.0, 0.0909, 0.8333, 1.0, 0.7778, 0.9231, 1.0, 0.8889, 0.8333, 0.0, 0.875, 1.0, 0.9091, 0.8333, 0.9, 0.8889, 0.7, 0.7778, 0.9, 0.8889, 0.8182, 0.9091, 0.875, 1.0, 0.9091]","[2, 13, 20, 23, 28, 36, 41, 51, 53, 54, 58, 59, 60, 68, 70, 72, 73, 74, 75, 78, 86, 89, 92, 93, 94, 95, 101, 104, 106, 107, 109, 110, 111, 120, 123, 128, 131, 134, 136, 143, 151, 152, 159, 162, 166, 171, 175, 179, 187, 188, 189, 192, 195, 197, 198, 201, 202, 203, 205, 206, 207, 215, 216, 224, 226, 231, 237, 241, 242, 245, 246, 249]"
random,0.8,7,random,0.5265,0.5265,0.5265,1.0,0.5265,-0.0,33,True,1053,0,267,680,0,"[0.05, 0.072, 0.0845, 0.0995, 0.1225, 0.139, 0.1585, 0.1815, 0.2065, 0.2245, 0.242, 0.2625, 0.283, 0.303, 0.3295, 0.3535, 0.38, 0.403, 0.412, 0.4185, 0.428, 0.438, 0.4475, 0.4555, 0.4665, 0.4795, 0.494, 0.503, 0.511, 0.5165, 0.5225, 0.526, 0.5265, 0.5265, 0.5265, 0.5265, 0.5265, 0.5265, 0.5265, 0.5265, 0.5265, 0.5265, 0.5265, 0.5265, 0.5265, 0.5265, 0.5265, 0.5265, 0.5265, 0.5265, 0.5265, 0.5265, 0.5265, 0.5265, 0.5265, 0.5265, 0.5265, 0.5265, 0.5265, 0.5265, 0.5265, 0.5265, 0.5265, 0.5265, 0.5265, 0.5265, 0.5265, 0.5265, 0.5265, 0.5265, 0.5265, 0.5265, 0.5265, 0.5265, 0.5265, 0.5265, 0.5265, 0.5265, 0.5265, 0.5265, 0.5265, 0.5265, 0.5265, 0.5265, 0.5265, 0.5265, 0.5265, 0.5265, 0.5265, 0.5265, 0.5265, 0.5265, 0.5265, 0.5265, 0.5265, 0.5265, 0.5265, 0.5265, 0.5265, 0.5265, 0.5265]","{""0"": 0.0476, ""1"": 0.0658, ""2"": 0.3877, ""3"": 0.8281, ""4"": 0.9138, ""5"": 0.2095, ""6"": 0.8653, ""7"": 0.8745}","[0.5556, 0.0, 0.0, 0.0, 0.6667, 0.8571, 0.0, 0.7, 0.9167, 0.0, 0.0, 0.0, 0.875, 1.0, 0.0769, 0.8571, 1.0, 0.0, 0.0, 0.1429, 1.0, 1.0, 0.0, 0.9167, 0.8571, 0.0, 0.0, 0.2222, 0.7143, 1.0, 0.0, 1.0, 0.9, 0.0, 0.1667, 0.1111, 0.75, 0.8889, 0.0, 0.8571, 0.7778, 0.1, 0.375, 0.0, 0.9, 1.0, 0.4286, 1.0, 0.8333, 0.1667, 0.1, 0.125, 1.0, 0.8333, 0.2857, 1.0, 0.9, 0.0, 0.0, 0.0, 0.8333, 0.875, 0.0, 0.5455, 1.0, 0.0, 0.0, 0.1667, 1.0, 0.8333, 0.0, 0.8462, 0.9091, 0.0, 0.0, 0.8182, 1.0, 0.8, 0.1667, 0.8571, 0.875, 0.0, 0.0, 0.6667, 0.7143, 0.9, 0.125, 0.75, 0.7778, 0.0, 0.0, 0.8889, 0.875, 1.0, 0.1111, 0.6667, 0.8571, 0.0, 0.1111, 0.7, 0.7143, 0.6667, 0.1667, 1.0, 0.75, 0.0, 0.0833, 0.8333, 0.7778, 0.75, 0.0909, 1.0, 0.8333, 0.0, 0.1111, 0.9091, 1.0, 0.9231, 0.0, 0.8889, 0.7778, 0.0, 0.0, 0.8, 0.8333, 1.0, 0.2, 1.0, 0.875, 0.0, 0.0, 0.9091, 0.7143, 1.0, 0.0, 0.8571, 0.9091, 0.1429, 0.0, 1.0, 0.8, 0.875, 0.0, 0.75, 1.0, 0.0, 0.0, 0.75, 0.7778, 0.8889, 0.0, 0.8571, 1.0, 0.3333, 0.0, 0.8889, 1.0, 0.9091, 0.1, 0.8571, 1.0, 0.1667, 0.0, 0.0, 0.875, 1.0, 0.0, 0.9091, 0.4, 0.0, 0.1, 0.0, 0.7143, 1.0, 1.0, 0.8889, 0.8182, 0.1667, 0.25, 0.1111, 1.0, 1.0, 0.8333, 0.8889, 0.875, 0.2727, 0.375, 0.0, 0.6364, 1.0, 1.0, 0.8333, 0.75, 0.1429, 0.0, 0.2857, 0.8, 0.8333, 0.8, 0.9091, 0.5, 0.0, 0.1111, 0.75, 0.9, 0.875, 0.75, 0.875, 1.0, 0.0, 0.1667, 0.2222, 0.8, 0.8889, 1.0, 1.0, 1.0, 0.0, 0.0, 0.1, 0.8571, 0.8571, 0.0, 0.8, 1.0, 0.0, 0.0, 0.0, 0.6667, 1.0, 0.0, 1.0, 1.0, 0.0, 0.0, 0.0, 1.0, 0.8889, 0.1667, 1.0, 0.8571, 0.0, 0.125, 0.2, 0.7778, 1.0, 0.125, 0.75, 0.9167, 0.0]","[5, 8, 13, 14, 21, 27, 29, 32, 37, 41, 42, 44, 46, 47, 49, 50, 53, 55, 60, 61, 64, 69, 78, 79, 84, 87, 88, 94, 98, 100, 103, 106, 107, 108, 109, 112, 115, 117, 120, 123, 124, 126, 135, 137, 140, 147, 153, 158, 161, 164, 167, 170, 172, 174, 175, 178, 179, 180, 182, 185, 186, 188, 189, 190, 191, 193, 199, 202, 203, 204, 208, 210, 213, 219, 220, 223, 224, 232, 236, 238, 242, 243, 244, 247]"
random,0.8,8,random,0.8445,0.8445,0.8445,1.0,0.8445,0.0,38,True,1689,0,280,31,0,"[0.05, 0.077, 0.101, 0.1275, 0.152, 0.1855, 0.2185, 0.2545, 0.2885, 0.319, 0.3605, 0.3965, 0.43, 0.46, 0.497, 0.53, 0.561, 0.5885, 0.625, 0.6645, 0.699, 0.723, 0.744, 0.761, 0.779, 0.7905, 0.798, 0.8075, 0.814, 0.82, 0.824, 0.8265, 0.8295, 0.8345, 0.838, 0.841, 0.843, 0.8445, 0.8445, 0.8445, 0.8445, 0.8445, 0.8445, 0.8445, 0.8445, 0.8445, 0.8445, 0.8445, 0.8445, 0.8445, 0.8445, 0.8445, 0.8445, 0.8445, 0.8445, 0.8445, 0.8445, 0.8445, 0.8445, 0.8445, 0.8445, 0.8445, 0.8445, 0.8445, 0.8445, 0.8445, 0.8445, 0.8445, 0.8445, 0.8445, 0.8445, 0.8445, 0.8445, 0.8445, 0.8445, 0.8445, 0.8445, 0.8445, 0.8445, 0.8445, 0.8445, 0.8445, 0.8445, 0.8445, 0.8445, 0.8445, 0.8445, 0.8445, 0.8445, 0.8445, 0.8445, 0.8445, 0.8445, 0.8445, 0.8445, 0.8445, 0.8445, 0.8445, 0.8445, 0.8445, 0.8445]","{""0"": 0.8266, ""1"": 0.8805, ""2"": 0.8766, ""3"": 0.8554, ""4"": 0.8617, ""5"": 0.8659, ""6"": 0.7347, ""7"": 0.8523}","[0.8889, 1.0, 1.0, 0.8, 1.0, 0.8889, 0.75, 0.7, 0.8333, 0.9, 1.0, 0.9091, 0.8333, 1.0, 0.7778, 0.8889, 1.0, 0.8571, 1.0, 0.8889, 0.8182, 0.4, 0.8, 1.0, 0.8889, 1.0, 0.8, 0.6667, 0.75, 0.75, 1.0, 1.0, 0.75, 0.8889, 0.9, 0.7143, 0.75, 0.8571, 0.9, 1.0, 0.8333, 0.8, 1.0, 0.8571, 0.8571, 1.0, 1.0, 1.0, 0.8889, 0.625, 1.0, 0.75, 1.0, 1.0, 0.8571, 0.9167, 0.8, 0.8333, 0.8889, 0.8333, 0.7778, 0.7778, 1.0, 1.0, 0.9, 0.6667, 0.9231, 1.0, 0.8333, 0.9091, 0.8571, 1.0, 0.8, 1.0, 0.8182, 0.8, 0.875, 0.6364, 0.75, 0.6154, 0.875, 0.8889, 0.7143, 0.8571, 0.5714, 0.9167, 1.0, 0.8889, 0.6667, 0.875, 0.8571, 1.0, 0.75, 1.0, 0.6, 0.4, 0.6667, 0.9, 0.7778, 1.0, 1.0, 0.75, 0.8571, 0.0, 0.75, 0.7143, 0.8462, 0.9, 1.0, 0.5, 0.8571, 0.8889, 0.75, 1.0, 0.8, 1.0, 1.0, 0.8125, 1.0, 0.9091, 0.875, 1.0, 0.75, 0.8333, 0.7778, 0.8889, 0.625, 0.6667, 1.0, 0.6, 1.0, 0.9, 1.0, 1.0, 0.875, 1.0, 1.0, 0.75, 0.8, 0.5714, 0.8182, 0.8333, 1.0, 0.7143, 0.875, 0.8571, 0.8333, 0.625, 0.8571, 0.8571, 0.7, 1.0, 1.0, 0.8333, 1.0, 0.6667, 0.875, 1.0, 1.0, 1.0, 1.0, 0.8571, 0.7273, 1.0, 0.8571, 1.0, 1.0, 1.0, 1.0, 1.0, 0.75, 0.7778, 1.0, 0.6667, 0.8333, 0.875, 0.8333, 1.0, 1.0, 1.0, 1.0, 0.6, 0.875, 1.0, 0.5714, 0.8571, 0.75, 0.875, 0.8182, 0.875, 0.875, 1.0, 1.0, 0.7778, 1.0, 0.75, 1.0, 0.8, 1.0, 1.0, 0.8889, 0.8, 0.8571, 1.0, 0.8182, 0.7143, 1.0, 0.125, 0.8182, 1.0, 1.0, 0.8571, 0.8571, 1.0, 0.8, 0.0, 0.8182, 0.5556, 1.0, 1.0, 0.7, 1.0, 0.75, 0.0, 0.9412, 0.5, 1.0, 1.0, 1.0, 1.0, 0.8889, 0.2727, 1.0, 0.7143, 0.75, 1.0, 0.875, 0.7778, 0.9, 0.75, 0.5, 1.0, 0.875, 1.0, 0.7778, 1.0, 0.9, 0.8, 0.9167, 0.8571]","[0, 7, 13, 15, 19, 20, 22, 23, 26, 28, 33, 39, 40, 45, 49, 50, 53, 55, 57, 60, 62, 66, 68, 73, 75, 81, 83, 89, 90, 92, 97, 100, 104, 106, 107, 109, 112, 119, 121, 122, 129, 130, 131, 133, 139, 140, 145, 146, 147, 155, 161, 162, 163, 164, 165, 166, 169, 171, 172, 180, 182, 183, 186, 189, 192, 194, 198, 200, 201, 202, 203, 208, 214, 216, 218, 221, 224, 229, 235, 242]"
random,0.8,9,random,0.814,0.814,0.814,1.0,0.814,0.0,32,True,1628,0,243,129,0,"[0.05, 0.0675, 0.0845, 0.1015, 0.1205, 0.145, 0.173, 0.2015, 0.234, 0.266, 0.3015, 0.344, 0.3915, 0.4315, 0.469, 0.5055, 0.538, 0.579, 0.617, 0.645, 0.6675, 0.685, 0.703, 0.7185, 0.731, 0.746, 0.773, 0.7915, 0.802, 0.808, 0.8135, 0.814, 0.814, 0.814, 0.814, 0.814, 0.814, 0.814, 0.814, 0.814, 0.814, 0.814, 0.814, 0.814, 0.814, 0.814, 0.814, 0.814, 0.814, 0.814, 0.814, 0.814, 0.814, 0.814, 0.814, 0.814, 0.814, 0.814, 0.814, 0.814, 0.814, 0.814, 0.814, 0.814, 0.814, 0.814, 0.814, 0.814, 0.814, 0.814, 0.814, 0.814, 0.814, 0.814, 0.814, 0.814, 0.814, 0.814, 0.814, 0.814, 0.814, 0.814, 0.814, 0.814, 0.814, 0.814, 0.814, 0.814, 0.814, 0.814, 0.814, 0.814, 0.814, 0.814, 0.814, 0.814, 0.814, 0.814, 0.814, 0.814, 0.814]","{""0"": 0.878, ""1"": 0.8455, ""2"": 0.8627, ""3"": 0.8819, ""4"": 0.4232, ""5"": 0.8491, ""6"": 0.9083, ""7"": 0.8924}","[0.8889, 0.8, 0.875, 0.8333, 1.0, 0.9, 0.8333, 0.8889, 1.0, 1.0, 0.75, 1.0, 0.8571, 1.0, 1.0, 1.0, 1.0, 0.7, 0.7143, 1.0, 1.0, 1.0, 0.6667, 0.7778, 0.8333, 1.0, 0.7857, 0.6667, 0.5556, 0.7778, 0.8571, 1.0, 1.0, 1.0, 0.75, 0.7273, 1.0, 1.0, 0.8889, 1.0, 0.9167, 1.0, 0.9, 0.9, 0.7273, 0.0, 0.8333, 0.7778, 1.0, 1.0, 1.0, 0.8571, 1.0, 0.1818, 0.9091, 1.0, 0.8333, 0.8889, 1.0, 0.7143, 0.7143, 0.25, 0.8571, 0.9091, 0.7778, 1.0, 0.6667, 0.9, 1.0, 0.0625, 0.9, 1.0, 1.0, 0.8333, 0.8571, 0.5714, 0.875, 0.0, 0.8333, 1.0, 0.8571, 0.7778, 1.0, 0.8333, 1.0, 0.0, 0.75, 1.0, 0.9, 0.9, 0.8, 0.9231, 0.9091, 0.0, 0.6667, 0.75, 0.8182, 1.0, 0.8889, 0.9091, 0.75, 0.0, 0.75, 1.0, 0.8182, 0.7143, 0.4, 0.8, 0.8, 0.1429, 1.0, 1.0, 0.8, 0.6667, 0.4286, 1.0, 0.8571, 0.0, 0.8889, 0.6, 1.0, 0.8571, 1.0, 1.0, 0.875, 0.0, 1.0, 0.75, 0.8, 0.8333, 1.0, 0.8571, 1.0, 0.1429, 0.8333, 0.8333, 1.0, 0.8571, 0.875, 0.8889, 0.6875, 0.0, 0.7273, 0.875, 0.8571, 1.0, 0.875, 0.7778, 1.0, 0.3333, 0.8, 1.0, 0.8571, 0.8, 0.8571, 0.6667, 1.0, 0.0, 0.8571, 0.8889, 1.0, 0.2857, 0.8182, 1.0, 0.875, 0.0, 0.8889, 1.0, 1.0, 0.9, 0.8333, 0.8571, 1.0, 0.0, 0.9, 1.0, 0.8889, 1.0, 0.7778, 0.7273, 0.75, 0.7143, 0.6667, 1.0, 0.75, 0.7143, 1.0, 0.9091, 0.875, 0.8889, 1.0, 0.8889, 1.0, 0.8889, 0.8333, 0.8, 1.0, 0.8333, 0.8333, 1.0, 0.5714, 1.0, 0.875, 1.0, 1.0, 1.0, 1.0, 0.8889, 0.6667, 1.0, 1.0, 1.0, 0.875, 1.0, 0.5, 0.8889, 0.7143, 0.8, 0.8889, 0.9, 1.0, 1.0, 1.0, 1.0, 1.0, 1.0, 1.0, 0.6, 0.9167, 0.8, 1.0, 1.0, 1.0, 0.7143, 1.0, 1.0, 0.8889, 0.8571, 0.875, 1.0, 1.0, 1.0, 0.8571, 1.0, 1.0, 1.0, 0.5, 0.7143, 0.8462, 0.9091]","[0, 2, 8, 9, 11, 12, 16, 19, 21, 24, 29, 31, 33, 37, 38, 39, 40, 41, 42, 43, 44, 49, 53, 55, 64, 66, 67, 68, 72, 78, 80, 83, 87, 90, 91, 94, 96, 97, 103, 104, 105, 109, 114, 118, 122, 132, 134, 140, 142, 145, 146, 149, 152, 159, 160, 162, 166, 177, 179, 181, 183, 185, 187, 190, 192, 201, 202, 203, 206, 209, 212, 214, 215, 216, 221, 226, 230, 231, 237, 239, 240, 243, 248, 249]"
random,0.8,10,random,0.571,0.571,0.571,1.0,0.571,0.0,28,True,1142,0,285,573,0,"[0.05, 0.0755, 0.101, 0.132, 0.1715, 0.213, 0.254, 0.303, 0.3505, 0.3895, 0.4225, 0.4515, 0.476, 0.4995, 0.521, 0.5355, 0.545, 0.549, 0.5525, 0.5545, 0.557, 0.56, 0.564, 0.5655, 0.5675, 0.5695, 0.5705, 0.571, 0.571, 0.571, 0.571, 0.571, 0.571, 0.571, 0.571, 0.571, 0.571, 0.571, 0.571, 0.571, 0.571, 0.571, 0.571, 0.571, 0.571, 0.571, 0.571, 0.571, 0.571, 0.571, 0.571, 0.571, 0.571, 0.571, 0.571, 0.571, 0.571, 0.571, 0.571, 0.571, 0.571, 0.571, 0.571, 0.571, 0.571, 0.571, 0.571, 0.571, 0.571, 0.571, 0.571, 0.571, 0.571, 0.571, 0.571, 0.571, 0.571, 0.571, 0.571, 0.571, 0.571, 0.571, 0.571, 0.571, 0.571, 0.571, 0.571, 0.571, 0.571, 0.571, 0.571, 0.571, 0.571, 0.571, 0.571, 0.571, 0.571, 0.571, 0.571, 0.571, 0.571]","{""0"": 0.8502, ""1"": 0.3361, ""2"": 0.7102, ""3"": 0.3571, ""4"": 0.8571, ""5"": 0.8306, ""6"": 0.0551, ""7"": 0.5968}","[1.0, 0.8333, 0.8571, 0.9091, 0.1111, 0.8333, 0.75, 0.0, 0.0, 1.0, 0.0909, 0.875, 0.0, 0.7273, 0.875, 0.0, 0.1, 0.875, 0.0, 0.8182, 0.0, 0.8182, 0.6667, 0.1818, 0.0, 0.7778, 0.0, 0.8889, 0.0, 0.9231, 0.5455, 0.0, 0.0, 0.7778, 0.1667, 0.0, 0.0909, 0.7778, 0.8571, 0.0, 0.0909, 0.8571, 0.0, 0.0, 1.0, 0.875, 0.8182, 0.1667, 0.0, 0.875, 0.0, 0.0, 1.0, 0.9231, 0.875, 0.0, 0.3333, 0.8571, 0.0, 0.0, 1.0, 0.8333, 0.4444, 0.0, 1.0, 0.8333, 0.0, 0.2, 0.8571, 0.9, 1.0, 0.0, 0.8, 0.8889, 0.1429, 1.0, 1.0, 1.0, 0.9091, 0.0, 0.8889, 0.875, 0.0, 1.0, 0.875, 0.5, 0.9167, 0.0, 1.0, 0.8333, 0.0, 0.875, 0.8889, 0.8, 1.0, 0.0, 1.0, 0.8, 0.0, 0.875, 1.0, 0.6667, 1.0, 0.0, 0.7778, 1.0, 0.0, 1.0, 0.75, 0.875, 0.9, 0.0, 0.8889, 0.875, 0.0, 0.7778, 1.0, 1.0, 0.5, 0.0, 1.0, 0.6667, 0.0, 0.8333, 0.8571, 0.8333, 0.7778, 0.1, 0.875, 0.6667, 0.1429, 0.5556, 0.7778, 0.7143, 1.0, 0.0, 0.875, 1.0, 0.0, 1.0, 0.6667, 1.0, 1.0, 0.0, 1.0, 0.8, 0.0, 1.0, 0.125, 1.0, 0.8333, 0.4167, 0.8571, 0.8333, 0.2, 0.9, 0.0, 1.0, 0.875, 0.0, 1.0, 0.8889, 0.1429, 0.7143, 0.0, 0.7778, 0.8889, 0.0, 1.0, 0.875, 0.0, 1.0, 0.0, 0.8, 0.6667, 0.0, 0.7273, 0.9, 1.0, 1.0, 0.0, 0.75, 0.8182, 0.1, 0.875, 1.0, 0.875, 1.0, 0.0, 1.0, 0.8, 0.2222, 0.75, 0.7778, 0.8571, 0.4286, 0.0, 0.8, 0.8889, 0.0, 0.8889, 0.75, 0.8333, 0.7143, 0.125, 1.0, 0.7778, 0.0, 1.0, 0.8333, 1.0, 1.0, 0.0833, 1.0, 1.0, 0.0, 1.0, 0.8571, 0.875, 0.5714, 0.0, 0.875, 0.8571, 0.0, 0.1111, 0.8333, 0.9, 0.8333, 0.0, 0.8, 1.0, 0.1111, 0.0909, 1.0, 1.0, 0.8889, 0.0588, 1.0, 1.0, 0.0, 0.0, 0.75, 1.0, 0.875, 0.0, 0.8, 0.6, 0.0, 0.125, 0.8333]","[0, 1, 2, 4, 11, 13, 14, 16, 23, 25, 30, 33, 34, 40, 41, 44, 45, 46, 47, 49, 57, 61, 62, 64, 69, 74, 76, 77, 83, 84, 86, 92, 100, 104, 105, 107, 110, 113, 115, 123, 124, 125, 130, 136, 137, 139, 141, 144, 147, 149, 151, 152, 154, 155, 163, 166, 171, 173, 177, 178, 183, 185, 190, 200, 202, 205, 208, 212, 213, 219, 221, 226, 227, 229, 231, 232, 234, 238, 241, 242, 245, 248, 249]"
random,0.8,11,random,0.6475,0.6475,0.6475,1.0,0.6475,0.0,39,True,1295,0,295,410,0,"[0.05, 0.074, 0.097, 0.1285, 0.165, 0.201, 0.2375, 0.274, 0.316, 0.352, 0.377, 0.3945, 0.4165, 0.43, 0.4405, 0.45, 0.464, 0.476, 0.4815, 0.492, 0.502, 0.5105, 0.5185, 0.5265, 0.542, 0.5625, 0.58, 0.5965, 0.613, 0.624, 0.628, 0.632, 0.635, 0.6375, 0.6385, 0.64, 0.6445, 0.6465, 0.6475, 0.6475, 0.6475, 0.6475, 0.6475, 0.6475, 0.6475, 0.6475, 0.6475, 0.6475, 0.6475, 0.6475, 0.6475, 0.6475, 0.6475, 0.6475, 0.6475, 0.6475, 0.6475, 0.6475, 0.6475, 0.6475, 0.6475, 0.6475, 0.6475, 0.6475, 0.6475, 0.6475, 0.6475, 0.6475, 0.6475, 0.6475, 0.6475, 0.6475, 0.6475, 0.6475, 0.6475, 0.6475, 0.6475, 0.6475, 0.6475, 0.6475, 0.6475, 0.6475, 0.6475, 0.6475, 0.6475, 0.6475, 0.6475, 0.6475, 0.6475, 0.6475, 0.6475, 0.6475, 0.6475, 0.6475, 0.6475, 0.6475, 0.6475, 0.6475, 0.6475, 0.6475, 0.6475]","{""0"": 0.8583, ""1"": 0.7519, ""2"": 0.0905, ""3"": 0.8789, ""4"": 0.7056, ""5"": 0.4654, ""6"": 0.8543, ""7"": 0.5336}","[0.7778, 0.875, 0.0, 0.1667, 0.6667, 0.7143, 1.0, 1.0, 0.8889, 0.75, 0.8571, 0.1667, 0.6667, 0.8, 1.0, 0.8571, 0.3333, 0.9, 1.0, 0.0, 0.8889, 1.0, 0.0, 1.0, 0.9091, 0.8571, 0.7143, 0.25, 0.9091, 0.9091, 0.0, 0.5556, 0.5833, 1.0, 1.0, 0.0, 0.625, 0.7778, 0.1429, 0.8571, 0.8333, 0.5, 0.5714, 0.3333, 0.7778, 0.9, 0.1429, 0.875, 0.0, 1.0, 0.625, 0.0, 1.0, 0.8571, 0.1, 0.8571, 0.0, 0.8333, 0.8571, 0.0, 1.0, 1.0, 0.0, 1.0, 0.0, 0.8333, 1.0, 0.0, 0.8, 1.0, 0.1667, 0.75, 0.1, 0.8333, 1.0, 0.0, 1.0, 0.7143, 0.0, 0.75, 0.0, 0.8, 0.8571, 0.0, 1.0, 0.6667, 0.0, 0.8571, 0.0833, 0.8333, 1.0, 0.0, 0.8889, 1.0, 0.125, 0.8182, 0.0, 0.6, 1.0, 0.2, 0.9286, 1.0, 0.0, 0.875, 0.0, 1.0, 0.75, 0.0, 0.8889, 1.0, 0.0, 0.875, 0.2857, 0.8, 0.875, 0.0, 0.9, 0.8571, 0.0, 0.875, 0.0, 0.875, 0.75, 0.1, 0.75, 0.8, 0.0, 0.8333, 0.0, 1.0, 0.9, 0.1667, 1.0, 0.6667, 0.1111, 0.6667, 0.0, 0.8333, 1.0, 0.0, 1.0, 0.875, 0.5714, 0.75, 0.8333, 0.9091, 0.8889, 0.75, 1.0, 0.7143, 1.0, 0.8571, 0.8333, 1.0, 0.8889, 0.5, 1.0, 0.8571, 1.0, 0.8, 1.0, 0.8333, 1.0, 0.4, 1.0, 0.8, 1.0, 0.7, 0.8889, 0.9091, 0.7143, 0.0, 0.8889, 0.8889, 1.0, 0.875, 0.8, 0.8889, 0.7143, 0.0, 1.0, 0.7778, 0.875, 0.875, 1.0, 0.75, 0.9, 0.0, 1.0, 0.125, 0.8571, 0.8571, 1.0, 1.0, 1.0, 0.0, 0.75, 0.0, 0.5, 0.9091, 0.6667, 0.8, 1.0, 0.0, 1.0, 0.0, 0.8571, 1.0, 0.9091, 0.875, 0.7143, 0.0, 0.7273, 0.1, 0.8889, 1.0, 1.0, 0.8, 0.1667, 0.0, 0.7, 0.0, 1.0, 1.0, 1.0, 0.8333, 0.0, 0.0, 0.8571, 0.8571, 0.8182, 0.7692, 1.0, 0.8571, 0.0, 0.0, 0.8, 1.0, 0.75, 1.0, 0.9, 0.8, 0.0, 0.0909, 1.0, 1.0, 0.8182, 0.7778, 0.8571, 0.7]","[3, 7, 8, 17, 21, 24, 25, 27, 28, 29, 31, 33, 34, 38, 40, 42, 43, 46, 47, 55, 60, 63, 66, 69, 70, 82, 87, 88, 89, 90, 92, 95, 99, 103, 105, 108, 127, 129, 130, 133, 137, 138, 146, 147, 148, 152, 154, 155, 157, 161, 162, 164, 168, 169, 173, 174, 176, 180, 183, 184, 186, 191, 192, 193, 196, 200, 202, 210, 212, 213, 217, 222, 223, 225, 228, 229, 230, 236, 238, 241, 243, 244, 247, 248]"
random,0.9,0,random,0.77,0.77,0.77,1.0,0.77,0.0,35,True,1540,0,278,182,0,"[0.05, 0.0745, 0.0955, 0.124, 0.155, 0.185, 0.215, 0.245, 0.2725, 0.3005, 0.329, 0.3625, 0.3965, 0.428, 0.458, 0.482, 0.5165, 0.543, 0.57, 0.593, 0.6205, 0.648, 0.666, 0.6815, 0.692, 0.7045, 0.717, 0.728, 0.738, 0.745, 0.7515, 0.7585, 0.7635, 0.768, 0.77, 0.77, 0.77, 0.77, 0.77, 0.77, 0.77, 0.77, 0.77, 0.77, 0.77, 0.77, 0.77, 0.77, 0.77, 0.77, 0.77, 0.77, 0.77, 0.77, 0.77, 0.77, 0.77, 0.77, 0.77, 0.77, 0.77, 0.77, 0.77, 0.77, 0.77, 0.77, 0.77, 0.77, 0.77, 0.77, 0.77, 0.77, 0.77, 0.77, 0.77, 0.77, 0.77, 0.77, 0.77, 0.77, 0.77, 0.77, 0.77, 0.77, 0.77, 0.77, 0.77, 0.77, 0.77, 0.77, 0.77, 0.77, 0.77, 0.77, 0.77, 0.77, 0.77, 0.77, 0.77, 0.77, 0.77]","{""0"": 0.8089, ""1"": 0.4767, ""2"": 0.8577, ""3"": 0.8769, ""4"": 0.8755, ""5"": 0.8348, ""6"": 0.8554, ""7"": 0.5922}","[0.7778, 1.0, 0.0, 0.6667, 0.8, 1.0, 1.0, 0.875, 1.0, 1.0, 0.0, 0.7273, 0.9091, 0.875, 1.0, 0.8824, 0.0, 1.0, 0.75, 0.75, 0.7778, 0.8889, 0.9091, 0.875, 0.0, 0.8571, 0.8571, 0.875, 0.8889, 1.0, 1.0, 1.0, 0.0, 0.8, 1.0, 0.8333, 0.875, 0.8333, 1.0, 0.8571, 0.0, 1.0, 0.75, 0.8182, 1.0, 0.8333, 0.75, 0.7143, 0.0, 1.0, 1.0, 1.0, 1.0, 0.9333, 0.7143, 0.7778, 0.0, 0.875, 0.6667, 0.8889, 1.0, 0.6, 0.75, 0.75, 0.0, 0.8889, 0.9, 1.0, 1.0, 0.9, 0.9167, 0.8333, 0.0, 0.75, 1.0, 0.8889, 0.7, 0.75, 1.0, 1.0, 0.25, 0.9, 0.7778, 1.0, 0.6, 0.8333, 1.0, 1.0, 0.8571, 0.8333, 0.8333, 0.9, 0.7778, 1.0, 0.9091, 0.8, 0.875, 0.875, 0.1111, 1.0, 1.0, 0.5, 0.125, 0.8333, 0.7692, 0.8333, 0.0, 0.8333, 0.9091, 0.75, 0.0, 0.6, 0.8571, 0.7273, 0.0, 0.7778, 0.8333, 1.0, 0.1429, 0.8, 0.7, 1.0, 0.1667, 1.0, 1.0, 1.0, 1.0, 1.0, 0.7, 0.8333, 0.0, 0.5714, 0.8889, 1.0, 1.0, 0.8571, 1.0, 0.1667, 0.0714, 0.8571, 1.0, 0.7143, 1.0, 1.0, 1.0, 0.0, 0.0909, 0.75, 0.8182, 1.0, 1.0, 1.0, 0.5, 0.2, 0.1667, 0.8333, 0.7273, 1.0, 0.8, 0.8, 0.5714, 0.7, 0.0, 0.8333, 0.7692, 1.0, 1.0, 0.875, 1.0, 0.8333, 0.0, 0.9, 1.0, 1.0, 1.0, 0.6, 0.6364, 1.0, 0.0, 0.625, 0.8333, 1.0, 1.0, 1.0, 1.0, 1.0, 0.8889, 0.9167, 0.7143, 0.75, 0.8333, 1.0, 0.8889, 0.8333, 0.7143, 1.0, 1.0, 0.8333, 0.8, 0.8333, 1.0, 0.8571, 0.75, 1.0, 0.9091, 0.6667, 0.8889, 1.0, 0.8889, 0.875, 1.0, 1.0, 1.0, 0.6, 0.75, 0.75, 0.8, 1.0, 0.7778, 0.875, 0.6, 0.875, 0.8889, 0.875, 0.625, 0.8333, 0.8571, 0.875, 0.7143, 0.875, 0.8571, 0.875, 0.8, 0.8, 0.9091, 0.8, 1.0, 0.8333, 0.7778, 0.875, 0.8, 0.7778, 0.8, 0.7692, 1.0, 0.875, 1.0, 0.7, 1.0, 0.75]","[1, 3, 5, 8, 9, 11, 15, 18, 19, 21, 23, 29, 30, 31, 33, 43, 46, 50, 51, 53, 59, 60, 66, 67, 68, 70, 81, 83, 85, 90, 95, 99, 101, 104, 105, 111, 112, 116, 121, 124, 125, 127, 128, 135, 136, 137, 138, 140, 146, 149, 151, 155, 163, 164, 167, 168, 169, 171, 172, 173, 180, 183, 184, 185, 186, 190, 197, 199, 200, 201, 203, 204, 208, 210, 214, 216, 217, 218, 219, 222, 224, 226, 230, 234, 240, 241, 243, 245, 249]"
random,0.9,1,random,0.7605,0.7605,0.7605,1.0,0.7605,-0.0,33,True,1521,0,294,185,0,"[0.05, 0.073, 0.0995, 0.1345, 0.169, 0.2, 0.231, 0.265, 0.3, 0.336, 0.379, 0.4135, 0.449, 0.481, 0.508, 0.5335, 0.5585, 0.588, 0.614, 0.6395, 0.664, 0.681, 0.6955, 0.708, 0.723, 0.7375, 0.746, 0.749, 0.751, 0.753, 0.7565, 0.759, 0.7605, 0.7605, 0.7605, 0.7605, 0.7605, 0.7605, 0.7605, 0.7605, 0.7605, 0.7605, 0.7605, 0.7605, 0.7605, 0.7605, 0.7605, 0.7605, 0.7605, 0.7605, 0.7605, 0.7605, 0.7605, 0.7605, 0.7605, 0.7605, 0.7605, 0.7605, 0.7605, 0.7605, 0.7605, 0.7605, 0.7605, 0.7605, 0.7605, 0.7605, 0.7605, 0.7605, 0.7605, 0.7605, 0.7605, 0.7605, 0.7605, 0.7605, 0.7605, 0.7605, 0.7605, 0.7605, 0.7605, 0.7605, 0.7605, 0.7605, 0.7605, 0.7605, 0.7605, 0.7605, 0.7605, 0.7605, 0.7605, 0.7605, 0.7605, 0.7605, 0.7605, 0.7605, 0.7605, 0.7605, 0.7605, 0.7605, 0.7605, 0.7605, 0.7605]","{""0"": 0.5236, ""1"": 0.8755, ""2"": 0.7607, ""3"": 0.7347, ""4"": 0.8521, ""5"": 0.8354, ""6"": 0.6186, ""7"": 0.8638}","[1.0, 0.0909, 0.8571, 0.875, 0.8, 1.0, 0.6923, 0.6667, 0.7778, 0.0, 1.0, 1.0, 1.0, 0.9, 0.6667, 1.0, 0.75, 0.8, 0.8182, 1.0, 0.8, 0.7143, 0.6667, 1.0, 0.8889, 0.7778, 1.0, 0.875, 0.5714, 0.625, 0.6667, 1.0, 0.8571, 1.0, 0.8462, 1.0, 0.7, 1.0, 0.8571, 0.8, 1.0, 0.9, 0.9091, 0.8571, 0.8571, 0.9091, 0.9, 0.8, 0.8, 1.0, 0.7778, 0.8571, 0.7778, 0.9167, 0.75, 0.8571, 1.0, 0.75, 0.8, 0.8889, 0.875, 0.7778, 0.875, 1.0, 1.0, 0.7778, 0.8889, 0.7778, 0.7143, 1.0, 0.8571, 0.625, 1.0, 1.0, 0.75, 0.7143, 1.0, 1.0, 0.7778, 0.8333, 1.0, 0.6923, 0.5, 1.0, 0.75, 1.0, 0.9, 1.0, 0.7273, 1.0, 0.8182, 0.8333, 1.0, 0.8333, 0.8, 0.6667, 0.8182, 1.0, 0.7143, 0.625, 1.0, 0.6, 0.8, 0.5, 0.9, 0.8, 0.9167, 0.8333, 1.0, 0.6667, 1.0, 0.0, 0.75, 0.875, 0.8889, 0.8889, 1.0, 0.5714, 1.0, 0.0, 1.0, 1.0, 0.8889, 0.8333, 0.5714, 1.0, 0.8571, 0.0, 0.875, 0.8889, 0.8182, 1.0, 0.5714, 0.8571, 1.0, 0.0, 0.8, 0.9167, 1.0, 0.7778, 0.0, 0.8889, 0.75, 0.0909, 0.7, 0.7778, 0.8333, 0.8889, 0.2, 0.8182, 0.7143, 0.0, 0.625, 0.6, 0.7778, 1.0, 0.0909, 1.0, 0.8889, 0.0, 0.6667, 0.2, 1.0, 0.75, 0.0, 0.9, 1.0, 0.0, 1.0, 0.0, 0.875, 1.0, 0.875, 0.6, 0.7143, 0.8333, 0.75, 0.0909, 0.875, 0.8571, 0.8571, 0.8, 1.0, 1.0, 1.0, 0.0, 1.0, 0.875, 1.0, 0.8571, 1.0, 0.9, 1.0, 0.5, 0.6667, 0.8571, 1.0, 1.0, 1.0, 0.8, 1.0, 0.0, 1.0, 0.2, 1.0, 1.0, 1.0, 0.6667, 0.6364, 0.25, 0.9231, 0.25, 0.6, 0.6667, 1.0, 0.9091, 0.875, 0.0, 1.0, 0.0, 1.0, 0.8, 0.8333, 1.0, 0.8571, 0.0, 1.0, 0.0, 1.0, 1.0, 0.9, 0.8333, 0.875, 0.0, 1.0, 0.0, 0.8889, 0.7, 0.7143, 0.875, 1.0, 0.0, 0.8333, 0.5714, 0.6667, 0.8571, 0.7143, 1.0, 0.9, 0.0]","[0, 2, 3, 6, 11, 12, 13, 17, 18, 19, 22, 27, 31, 36, 37, 40, 43, 47, 49, 50, 52, 53, 56, 57, 62, 65, 69, 70, 71, 73, 74, 77, 79, 83, 87, 88, 90, 91, 96, 97, 104, 105, 107, 108, 114, 116, 124, 126, 137, 139, 143, 144, 145, 146, 149, 152, 156, 158, 160, 163, 168, 170, 171, 172, 177, 178, 182, 183, 184, 186, 189, 193, 209, 211, 213, 215, 216, 220, 221, 226, 234, 236, 237, 238, 245, 247]"
random,0.9,2,random,0.744,0.744,0.744,1.0,0.744,0.0,46,True,1488,0,278,234,0,"[0.05, 0.0755, 0.101, 0.1335, 0.1695, 0.2015, 0.228, 0.2595, 0.2895, 0.3195, 0.351, 0.3725, 0.3875, 0.404, 0.4175, 0.4335, 0.4505, 0.4595, 0.4705, 0.4805, 0.4965, 0.511, 0.523, 0.5395, 0.559, 0.5795, 0.5955, 0.6055, 0.6145, 0.622, 0.627, 0.637, 0.6435, 0.6545, 0.6605, 0.666, 0.6755, 0.6875, 0.6955, 0.702, 0.712, 0.725, 0.7335, 0.7365, 0.741, 0.744, 0.744, 0.744, 0.744, 0.744, 0.744, 0.744, 0.744, 0.744, 0.744, 0.744, 0.744, 0.744, 0.744, 0.744, 0.744, 0.744, 0.744, 0.744, 0.744, 0.744, 0.744, 0.744, 0.744, 0.744, 0.744, 0.744, 0.744, 0.744, 0.744, 0.744, 0.744, 0.744, 0.744, 0.744, 0.744, 0.744, 0.744, 0.744, 0.744, 0.744, 0.744, 0.744, 0.744, 0.744, 0.744, 0.744, 0.744, 0.744, 0.744, 0.744, 0.744, 0.744, 0.744, 0.744, 0.744]","{""0"": 0.249, ""1"": 0.8785, ""2"": 0.8648, ""3"": 0.8502, ""4"": 0.8653, ""5"": 0.594, ""6"": 0.754, ""7"": 0.8988}","[0.7778, 0.0, 0.75, 0.8571, 0.6667, 1.0, 0.8889, 0.75, 0.7143, 0.0, 0.8571, 1.0, 0.7143, 1.0, 0.9231, 0.8182, 1.0, 0.0, 0.8333, 0.8571, 0.6667, 0.7778, 0.5, 0.9, 1.0, 0.1667, 0.7143, 1.0, 0.8, 1.0, 0.0, 1.0, 0.9091, 0.125, 1.0, 0.9, 0.75, 0.9167, 0.0, 0.375, 0.7273, 0.1818, 0.8, 1.0, 0.7778, 1.0, 0.0, 0.8, 0.8571, 0.0, 0.7143, 0.875, 1.0, 0.625, 0.0, 0.8125, 1.0, 0.0, 1.0, 1.0, 0.8333, 1.0, 0.0, 0.8571, 0.6667, 0.0, 0.8, 0.7143, 1.0, 0.8, 0.0, 1.0, 1.0, 0.1, 0.75, 1.0, 0.625, 1.0, 0.0, 0.8889, 0.8333, 0.0, 0.875, 0.75, 0.7778, 1.0, 0.0667, 0.7778, 0.9091, 0.0, 0.8333, 0.6, 0.75, 0.875, 0.875, 1.0, 1.0, 0.0, 1.0, 1.0, 0.75, 0.8333, 1.0, 0.8333, 0.8571, 0.0, 0.8571, 0.6667, 0.9, 1.0, 0.8889, 0.2, 1.0, 0.1333, 1.0, 1.0, 1.0, 0.8333, 0.7273, 0.0, 1.0, 0.25, 1.0, 0.8333, 0.8333, 0.8333, 0.8571, 0.125, 0.8571, 0.0, 0.875, 0.6, 1.0, 0.8889, 0.875, 0.75, 0.8889, 0.2, 0.875, 1.0, 0.7778, 0.8, 1.0, 0.875, 0.8333, 0.3333, 1.0, 1.0, 1.0, 0.9, 0.7273, 1.0, 1.0, 0.1667, 1.0, 0.7143, 0.7273, 0.6667, 0.8571, 0.625, 0.8571, 0.0, 1.0, 0.7143, 1.0, 1.0, 0.8, 0.8889, 1.0, 0.1, 0.875, 0.7273, 0.8, 0.8889, 0.8889, 0.8, 0.875, 0.0, 1.0, 0.7143, 1.0, 0.875, 0.9, 0.75, 0.75, 0.0, 1.0, 0.6667, 1.0, 0.8571, 0.8333, 1.0, 0.8889, 0.7143, 1.0, 0.8571, 0.9091, 0.8571, 1.0, 0.8333, 1.0, 0.8, 1.0, 0.875, 0.75, 0.8571, 1.0, 0.7, 1.0, 0.8889, 0.75, 0.9167, 0.875, 0.75, 1.0, 1.0, 0.9, 1.0, 0.5714, 0.9, 0.9091, 0.4, 0.5, 0.7, 0.8571, 0.9286, 1.0, 1.0, 0.8571, 0.875, 0.75, 0.8, 0.875, 0.8889, 0.7143, 1.0, 0.7778, 0.8333, 0.9, 0.8333, 1.0, 0.3333, 0.8, 0.8182, 1.0, 0.8333, 0.7143, 0.8571, 0.7778, 0.0]","[5, 11, 13, 14, 15, 18, 27, 28, 31, 33, 37, 41, 42, 45, 47, 53, 56, 63, 67, 68, 71, 72, 77, 82, 83, 84, 85, 88, 90, 92, 93, 99, 100, 109, 110, 113, 114, 115, 116, 123, 126, 128, 132, 134, 135, 144, 145, 146, 151, 156, 157, 158, 162, 163, 166, 167, 169, 170, 171, 174, 178, 181, 182, 186, 188, 191, 194, 201, 207, 211, 219, 220, 223, 225, 227, 232, 233, 237, 239, 240, 241, 244, 247]"
random,0.9,3,random,0.735,0.735,0.735,1.0,0.735,-0.0,47,True,1470,0,247,283,0,"[0.05, 0.0705, 0.093, 0.1275, 0.1715, 0.212, 0.2495, 0.282, 0.323, 0.3715, 0.41, 0.4415, 0.4715, 0.4995, 0.521, 0.5385, 0.5595, 0.5785, 0.6005, 0.6165, 0.6305, 0.638, 0.641, 0.644, 0.6465, 0.6495, 0.653, 0.657, 0.6625, 0.6665, 0.672, 0.677, 0.683, 0.6875, 0.694, 0.698, 0.702, 0.7055, 0.71, 0.7135, 0.7175, 0.72, 0.7225, 0.727, 0.7325, 0.7345, 0.735, 0.735, 0.735, 0.735, 0.735, 0.735, 0.735, 0.735, 0.735, 0.735, 0.735, 0.735, 0.735, 0.735, 0.735, 0.735, 0.735, 0.735, 0.735, 0.735, 0.735, 0.735, 0.735, 0.735, 0.735, 0.735, 0.735, 0.735, 0.735, 0.735, 0.735, 0.735, 0.735, 0.735, 0.735, 0.735, 0.735, 0.735, 0.735, 0.735, 0.735, 0.735, 0.735, 0.735, 0.735, 0.735, 0.735, 0.735, 0.735, 0.735, 0.735, 0.735, 0.735, 0.735, 0.735]","{""0"": 0.8386, ""1"": 0.8987, ""2"": 0.8763, ""3"": 0.8911, ""4"": 0.5458, ""5"": 0.893, ""6"": 0.8642, ""7"": 0.0417}","[0.7778, 0.8333, 0.75, 0.8571, 0.8, 0.0, 0.7143, 0.875, 0.1111, 0.8, 0.875, 0.9, 0.8571, 0.1, 0.7778, 1.0, 0.0, 0.8889, 0.75, 0.9167, 1.0, 0.0, 1.0, 0.5833, 0.1111, 0.9091, 0.8333, 1.0, 0.8571, 0.3333, 1.0, 0.7143, 0.0714, 0.9091, 0.6, 0.8333, 1.0, 0.25, 1.0, 1.0, 0.0, 0.8571, 1.0, 0.8333, 0.8333, 0.0909, 0.7143, 1.0, 0.1, 0.8333, 0.8333, 0.9, 0.9, 0.0, 1.0, 1.0, 0.0, 1.0, 0.7778, 0.8889, 0.9, 0.0, 0.8571, 0.8571, 0.0, 1.0, 1.0, 0.8333, 1.0, 0.0, 0.8, 1.0, 0.0, 0.875, 1.0, 1.0, 0.75, 0.0, 0.8571, 0.9167, 0.0, 0.8333, 0.8333, 0.8, 0.7143, 0.5, 1.0, 0.7143, 0.0, 0.7778, 0.9, 0.8, 0.875, 0.875, 0.8571, 0.875, 0.0, 0.875, 0.9286, 0.75, 1.0, 0.9167, 0.7, 0.8571, 0.0, 0.7778, 1.0, 1.0, 0.8, 1.0, 1.0, 0.7778, 0.0, 0.6667, 1.0, 0.7778, 1.0, 0.7143, 0.875, 0.875, 0.0, 0.875, 0.7778, 0.75, 0.8889, 1.0, 1.0, 0.9, 0.0, 0.7273, 1.0, 1.0, 0.875, 1.0, 0.9, 0.9167, 0.0909, 1.0, 1.0, 0.9167, 1.0, 1.0, 0.9, 0.9, 0.2222, 1.0, 1.0, 0.6364, 1.0, 0.9, 0.8571, 0.75, 0.0, 0.6, 1.0, 0.8667, 0.75, 0.8571, 1.0, 0.875, 0.0, 0.8, 1.0, 0.75, 0.875, 1.0, 1.0, 0.8333, 0.0, 0.7143, 1.0, 1.0, 1.0, 0.8889, 1.0, 0.8571, 0.125, 0.5714, 0.7778, 0.8889, 0.875, 0.8889, 1.0, 0.6667, 0.0, 0.8, 1.0, 1.0, 0.75, 1.0, 0.7273, 0.875, 0.0, 0.8571, 1.0, 1.0, 0.875, 1.0, 1.0, 1.0, 0.0, 0.8, 0.8333, 0.8, 0.8571, 1.0, 0.7778, 0.8, 0.1667, 1.0, 1.0, 1.0, 0.8462, 1.0, 1.0, 0.8889, 0.0, 1.0, 1.0, 0.7778, 0.75, 0.1429, 1.0, 0.6667, 0.0, 0.8, 1.0, 0.8889, 0.9091, 0.25, 0.5, 1.0, 0.1429, 0.7143, 0.8, 0.8571, 0.9, 0.0833, 1.0, 0.8333, 0.0, 0.875, 1.0, 0.9231, 0.9091, 0.0, 1.0, 1.0, 0.0, 0.8889]","[1, 3, 8, 9, 10, 13, 14, 15, 18, 20, 23, 24, 26, 27, 28, 30, 32, 33, 35, 42, 45, 46, 48, 51, 58, 59, 60, 67, 73, 74, 75, 81, 84, 86, 89, 90, 92, 94, 98, 101, 106, 107, 110, 118, 123, 126, 127, 130, 135, 136, 140, 142, 143, 144, 159, 162, 166, 172, 179, 180, 182, 185, 187, 204, 207, 208, 212, 213, 214, 215, 217, 220, 225, 228, 230, 232, 233, 236, 237, 241, 242, 247]"
random,0.9,4,random,0.6935,0.6935,0.6935,1.0,0.6935,0.0,81,True,1387,0,286,327,0,"[0.05, 0.0735, 0.095, 0.125, 0.1615, 0.1995, 0.2335, 0.2665, 0.2975, 0.3255, 0.344, 0.359, 0.3695, 0.3845, 0.3995, 0.4115, 0.4245, 0.4385, 0.4475, 0.455, 0.464, 0.47, 0.4745, 0.484, 0.494, 0.5035, 0.511, 0.516, 0.519, 0.522, 0.526, 0.5295, 0.535, 0.542, 0.549, 0.551, 0.554, 0.557, 0.559, 0.56, 0.5615, 0.5645, 0.569, 0.5715, 0.573, 0.5745, 0.577, 0.58, 0.584, 0.5865, 0.5905, 0.593, 0.596, 0.599, 0.6005, 0.6015, 0.6025, 0.6055, 0.608, 0.611, 0.6145, 0.619, 0.6225, 0.6265, 0.633, 0.6425, 0.6505, 0.6575, 0.6655, 0.671, 0.6765, 0.6835, 0.685, 0.6865, 0.6875, 0.6885, 0.6905, 0.691, 0.6915, 0.693, 0.6935, 0.6935, 0.6935, 0.6935, 0.6935, 0.6935, 0.6935, 0.6935, 0.6935, 0.6935, 0.6935, 0.6935, 0.6935, 0.6935, 0.6935, 0.6935, 0.6935, 0.6935, 0.6935, 0.6935, 0.6935]","{""0"": 0.4292, ""1"": 0.649, ""2"": 0.8605, ""3"": 0.8616, ""4"": 0.7456, ""5"": 0.2863, ""6"": 0.8627, ""7"": 0.8455}","[0.7778, 0.0714, 0.0, 1.0, 0.8333, 0.75, 0.875, 1.0, 0.5, 0.0, 0.0909, 0.9, 0.8889, 1.0, 0.8571, 0.8333, 1.0, 0.1667, 1.0, 0.7273, 1.0, 1.0, 0.5833, 0.8, 0.7778, 0.0, 0.7143, 1.0, 0.8571, 0.8182, 0.9167, 1.0, 0.8571, 0.0, 0.5, 0.6923, 1.0, 0.9, 0.875, 1.0, 1.0, 0.2, 0.8571, 0.7778, 1.0, 0.8571, 0.875, 0.625, 0.875, 0.1111, 0.7, 0.8, 1.0, 0.8571, 0.875, 1.0, 0.8333, 0.1667, 1.0, 0.9, 0.75, 0.5714, 0.8, 0.8889, 1.0, 0.5, 1.0, 0.8889, 1.0, 0.0, 0.4, 0.8889, 0.9, 0.125, 0.8, 0.6667, 0.9, 0.0, 0.1111, 1.0, 0.75, 0.0, 0.8571, 0.7778, 1.0, 0.0, 0.0, 1.0, 0.6, 0.0, 0.8889, 1.0, 1.0, 0.0, 0.0, 0.8333, 0.8333, 0.7778, 0.875, 1.0, 0.9167, 0.6667, 0.0, 0.8333, 1.0, 0.875, 0.8333, 0.8, 0.7273, 0.6667, 0.0, 0.875, 0.8, 1.0, 0.6667, 0.625, 0.875, 1.0, 0.0, 1.0, 0.8, 1.0, 0.8182, 1.0, 0.8, 0.8889, 0.0, 0.9, 1.0, 1.0, 1.0, 0.6667, 1.0, 0.8571, 0.0, 0.7778, 0.625, 1.0, 0.8571, 1.0, 0.8333, 1.0, 0.0, 0.6667, 0.8, 1.0, 1.0, 0.8182, 1.0, 1.0, 0.0, 1.0, 1.0, 0.875, 0.7778, 1.0, 0.8571, 0.8889, 0.125, 0.9231, 0.8, 0.7143, 1.0, 0.8333, 0.7143, 0.5, 0.0, 0.9231, 0.8889, 0.8182, 0.8571, 1.0, 0.7143, 0.9, 0.0, 0.7273, 0.75, 0.75, 1.0, 0.9167, 0.875, 1.0, 0.0, 0.625, 1.0, 0.5714, 0.8571, 0.8571, 0.5556, 0.5, 0.0, 0.75, 0.8571, 0.7143, 0.8182, 1.0, 0.8889, 0.8333, 0.1429, 1.0, 0.7143, 0.75, 0.1, 1.0, 0.75, 0.7778, 0.0, 0.8333, 1.0, 0.8571, 0.1111, 0.8889, 0.75, 0.8571, 0.1429, 0.7, 0.7, 0.2, 0.0, 0.75, 1.0, 1.0, 0.0, 0.8333, 0.875, 0.1667, 0.0, 0.75, 0.8333, 0.9231, 0.0909, 0.8333, 0.75, 0.0, 0.0, 1.0, 0.8333, 0.8889, 0.3333, 1.0, 0.9167, 0.0, 0.0, 0.8571, 0.75, 0.9167, 0.6667, 0.8, 0.875, 0.0]","[1, 3, 6, 10, 13, 16, 17, 19, 21, 27, 30, 32, 36, 40, 41, 44, 45, 48, 49, 51, 53, 55, 57, 58, 59, 63, 64, 65, 68, 70, 71, 73, 83, 90, 100, 103, 104, 111, 112, 113, 116, 120, 122, 125, 127, 128, 129, 137, 139, 145, 147, 158, 160, 163, 164, 167, 172, 173, 177, 181, 189, 193, 194, 198, 204, 214, 215, 216, 217, 219, 220, 223, 227, 228, 229, 230, 231, 232, 238, 239, 243, 245]"
random,0.9,5,random,0.541,0.541,0.541,1.0,0.541,-0.0,36,True,1082,0,249,669,0,"[0.05, 0.072, 0.092, 0.121, 0.1465, 0.1765, 0.2095, 0.2435, 0.2805, 0.3195, 0.3425, 0.3605, 0.382, 0.398, 0.4075, 0.4175, 0.427, 0.4365, 0.448, 0.4625, 0.4755, 0.485, 0.4935, 0.498, 0.501, 0.5085, 0.512, 0.515, 0.5185, 0.5215, 0.5245, 0.5275, 0.5305, 0.533, 0.5365, 0.541, 0.541, 0.541, 0.541, 0.541, 0.541, 0.541, 0.541, 0.541, 0.541, 0.541, 0.541, 0.541, 0.541, 0.541, 0.541, 0.541, 0.541, 0.541, 0.541, 0.541, 0.541, 0.541, 0.541, 0.541, 0.541, 0.541, 0.541, 0.541, 0.541, 0.541, 0.541, 0.541, 0.541, 0.541, 0.541, 0.541, 0.541, 0.541, 0.541, 0.541, 0.541, 0.541, 0.541, 0.541, 0.541, 0.541, 0.541, 0.541, 0.541, 0.541, 0.541, 0.541, 0.541, 0.541, 0.541, 0.541, 0.541, 0.541, 0.541, 0.541, 0.541, 0.541, 0.541, 0.541, 0.541]","{""0"": 0.0508, ""1"": 0.2803, ""2"": 0.8642, ""3"": 0.2287, ""4"": 0.8512, ""5"": 0.877, ""6"": 0.3167, ""7"": 0.9087}","[0.5556, 0.0, 0.1, 0.8, 0.8, 0.8571, 0.9, 0.0, 0.875, 0.0, 0.0, 0.9091, 0.0, 1.0, 0.8, 0.0, 0.8333, 0.0, 0.0, 0.7273, 0.125, 1.0, 1.0, 0.0, 0.875, 0.1111, 0.0, 1.0, 0.0, 1.0, 1.0, 0.1, 0.8, 0.0, 0.0833, 1.0, 0.0, 0.875, 0.75, 0.0, 0.7273, 0.0, 0.0909, 0.875, 0.0833, 0.75, 1.0, 0.0, 0.8, 0.125, 0.0, 0.7778, 0.0, 0.8182, 0.6667, 0.0909, 1.0, 0.0, 0.1111, 0.875, 0.1667, 1.0, 1.0, 0.0, 1.0, 0.2, 0.0, 1.0, 0.125, 0.6667, 0.5, 0.0, 0.9091, 0.1111, 0.0, 0.8, 0.0, 0.8889, 1.0, 0.8571, 0.8889, 0.1, 0.0, 0.7778, 0.0, 0.8571, 1.0, 0.8462, 0.8333, 0.0, 0.1667, 0.8333, 0.0, 0.8571, 0.75, 0.7143, 1.0, 0.0, 0.0, 0.8462, 0.0, 0.8, 0.8571, 1.0, 0.8333, 0.0, 0.0, 0.8462, 0.0, 0.6, 0.8571, 1.0, 1.0, 0.0, 0.0, 0.6667, 0.0, 0.75, 0.875, 0.7143, 0.8571, 0.2, 0.1667, 1.0, 0.1667, 0.8, 0.875, 0.8333, 1.0, 0.0, 0.875, 0.8571, 0.5, 0.9, 0.7143, 1.0, 1.0, 0.125, 0.8571, 1.0, 0.1667, 0.8889, 1.0, 0.8571, 0.9167, 0.0, 0.9, 0.875, 0.0, 0.7, 0.8, 1.0, 1.0, 0.0, 1.0, 0.8571, 0.0, 1.0, 0.875, 0.4, 0.8889, 0.0, 0.8889, 0.8333, 0.1667, 0.75, 0.9, 0.0, 0.6667, 0.0, 0.625, 1.0, 0.1429, 0.8571, 0.8889, 0.0, 1.0, 0.25, 0.9091, 1.0, 0.0, 0.9, 0.8571, 0.0, 1.0, 0.2, 1.0, 0.75, 0.0, 0.9231, 0.75, 0.0, 0.8889, 0.2857, 0.0, 1.0, 0.1111, 0.6667, 0.7778, 0.2857, 0.8889, 0.0, 0.0, 0.8333, 1.0, 0.625, 0.8889, 0.1111, 1.0, 0.0, 0.0, 0.8571, 0.8333, 1.0, 0.8889, 0.0, 1.0, 0.0, 0.0, 0.9, 0.9, 0.75, 1.0, 0.0, 1.0, 0.0, 0.5, 1.0, 0.8333, 1.0, 1.0, 0.2222, 0.875, 0.0, 0.0, 1.0, 1.0, 0.75, 1.0, 0.0, 0.8889, 0.0, 0.0, 0.7, 0.875, 1.0, 1.0, 0.1667, 0.9, 0.0]","[0, 2, 3, 5, 6, 14, 16, 21, 24, 25, 27, 29, 34, 35, 40, 42, 49, 53, 55, 56, 58, 60, 64, 65, 68, 70, 72, 77, 78, 81, 83, 90, 103, 111, 115, 119, 121, 124, 132, 133, 136, 137, 138, 139, 141, 142, 143, 144, 147, 154, 164, 170, 171, 172, 176, 177, 179, 181, 184, 186, 187, 193, 195, 196, 197, 200, 203, 204, 205, 206, 207, 211, 214, 216, 219, 221, 226, 228, 230, 231, 232, 235, 236, 243, 244, 248]"
random,0.9,6,random,0.4855,0.4855,0.4855,1.0,0.4855,0.0,49,True,971,0,298,731,0,"[0.05, 0.067, 0.0835, 0.104, 0.13, 0.157, 0.1895, 0.2175, 0.2415, 0.262, 0.28, 0.3, 0.3165, 0.3265, 0.335, 0.346, 0.355, 0.3595, 0.3635, 0.368, 0.374, 0.3825, 0.3895, 0.398, 0.4065, 0.4125, 0.4185, 0.4275, 0.4365, 0.4405, 0.444, 0.448, 0.4525, 0.458, 0.4625, 0.4655, 0.4665, 0.4675, 0.469, 0.4705, 0.4715, 0.4725, 0.4745, 0.476, 0.4775, 0.4785, 0.4815, 0.4845, 0.4855, 0.4855, 0.4855, 0.4855, 0.4855, 0.4855, 0.4855, 0.4855, 0.4855, 0.4855, 0.4855, 0.4855, 0.4855, 0.4855, 0.4855, 0.4855, 0.4855, 0.4855, 0.4855, 0.4855, 0.4855, 0.4855, 0.4855, 0.4855, 0.4855, 0.4855, 0.4855, 0.4855, 0.4855, 0.4855, 0.4855, 0.4855, 0.4855, 0.4855, 0.4855, 0.4855, 0.4855, 0.4855, 0.4855, 0.4855, 0.4855, 0.4855, 0.4855, 0.4855, 0.4855, 0.4855, 0.4855, 0.4855, 0.4855, 0.4855, 0.4855, 0.4855, 0.4855]","{""0"": 0.1288, ""1"": 0.8415, ""2"": 0.4449, ""3"": 0.2403, ""4"": 0.4981, ""5"": 0.5693, ""6"": 0.8359, ""7"": 0.2881}","[0.6667, 0.0, 1.0, 0.8333, 0.0, 0.375, 0.0909, 0.75, 0.0833, 0.0, 0.6667, 1.0, 0.0, 0.3333, 0.125, 0.6, 0.0, 0.0, 1.0, 1.0, 0.0, 0.0, 0.0, 0.8333, 0.0, 0.2857, 0.6667, 0.625, 0.0, 0.0, 0.0, 1.0, 0.0, 0.0, 0.5556, 1.0, 0.0909, 0.0, 0.0, 1.0, 0.0, 0.0, 1.0, 0.75, 0.0, 0.0, 0.0, 0.5, 0.0, 0.1429, 0.9, 0.7143, 0.0, 0.0, 0.0, 0.8, 0.0, 0.0, 0.8889, 1.0, 0.0, 0.0909, 0.25, 0.8333, 0.0, 0.0, 1.0, 0.875, 0.0909, 0.0, 0.0, 0.75, 0.1, 0.0, 0.9, 1.0, 0.0, 0.0, 0.0, 0.625, 0.1667, 0.125, 0.8889, 0.0, 0.7143, 0.25, 0.0, 0.8, 0.0, 0.0, 0.7143, 0.0, 1.0, 0.8889, 0.9231, 0.8571, 0.1, 0.6667, 0.875, 0.0, 0.8462, 0.8333, 0.8182, 1.0, 0.0, 1.0, 0.6667, 0.0, 0.8667, 0.8182, 0.875, 0.7143, 0.1667, 0.6667, 0.8889, 0.0, 0.8333, 0.8333, 0.8333, 0.8889, 1.0, 0.5556, 1.0, 0.1111, 0.8889, 0.8571, 1.0, 0.7778, 0.8, 0.0, 0.75, 0.1429, 0.1429, 1.0, 1.0, 1.0, 0.625, 0.0, 1.0, 0.1429, 0.1111, 0.7143, 0.75, 1.0, 1.0, 0.0, 1.0, 0.25, 0.125, 0.9286, 0.9286, 0.8889, 1.0, 0.0, 0.875, 0.0, 0.2222, 0.8, 1.0, 1.0, 1.0, 0.0, 0.8889, 0.0, 0.0, 0.8333, 1.0, 0.6667, 1.0, 0.0, 1.0, 0.0, 0.4286, 0.8667, 0.75, 0.8333, 0.8333, 0.25, 0.5714, 0.0, 0.0, 0.8571, 0.8, 0.875, 0.7778, 0.0, 1.0, 0.25, 0.0, 0.9, 0.7, 1.0, 0.0, 0.1111, 0.5, 0.0, 0.0, 0.8, 0.6667, 0.7, 0.0, 0.0, 0.7143, 0.0, 0.0, 0.9, 0.75, 1.0, 0.0, 0.2857, 0.6667, 0.0, 0.1429, 1.0, 0.8333, 0.7778, 0.0, 0.0, 1.0, 0.8889, 0.1, 0.75, 0.8333, 0.8333, 0.0, 0.0, 0.7857, 1.0, 0.0, 0.0, 0.8889, 1.0, 0.0, 0.0, 0.75, 0.8889, 0.1667, 0.2143, 0.6667, 1.0, 0.1111, 0.0, 0.875, 0.75, 0.0, 0.0833, 1.0, 0.625, 0.1429, 0.0]","[0, 3, 5, 8, 14, 18, 23, 25, 27, 31, 34, 36, 49, 58, 61, 63, 67, 72, 79, 81, 82, 85, 87, 90, 92, 96, 97, 100, 102, 103, 105, 110, 111, 114, 122, 123, 125, 127, 131, 135, 138, 139, 141, 142, 144, 148, 149, 150, 156, 159, 165, 168, 172, 173, 176, 177, 178, 181, 184, 186, 187, 189, 193, 194, 197, 199, 202, 205, 207, 210, 212, 213, 215, 219, 220, 222, 223, 235, 236, 237, 238, 239, 240, 247]"
random,0.9,7,random,0.7415,0.7415,0.7415,1.0,0.7415,0.0,47,True,1483,0,300,217,0,"[0.05, 0.0715, 0.0905, 0.113, 0.137, 0.1675, 0.203, 0.2355, 0.265, 0.296, 0.3225, 0.3485, 0.373, 0.395, 0.4185, 0.4435, 0.4675, 0.4805, 0.4905, 0.494, 0.4985, 0.5025, 0.5075, 0.5145, 0.525, 0.541, 0.554, 0.5745, 0.591, 0.6135, 0.63, 0.6435, 0.656, 0.668, 0.681, 0.697, 0.7035, 0.709, 0.72, 0.7255, 0.73, 0.734, 0.7375, 0.7385, 0.7395, 0.741, 0.7415, 0.7415, 0.7415, 0.7415, 0.7415, 0.7415, 0.7415, 0.7415, 0.7415, 0.7415, 0.7415, 0.7415, 0.7415, 0.7415, 0.7415, 0.7415, 0.7415, 0.7415, 0.7415, 0.7415, 0.7415, 0.7415, 0.7415, 0.7415, 0.7415, 0.7415, 0.7415, 0.7415, 0.7415, 0.7415, 0.7415, 0.7415, 0.7415, 0.7415, 0.7415, 0.7415, 0.7415, 0.7415, 0.7415, 0.7415, 0.7415, 0.7415, 0.7415, 0.7415, 0.7415, 0.7415, 0.7415, 0.7415, 0.7415, 0.7415, 0.7415, 0.7415, 0.7415, 0.7415, 0.7415]","{""0"": 0.8949, ""1"": 0.8388, ""2"": 0.5869, ""3"": 0.5447, ""4"": 0.6752, ""5"": 0.776, ""6"": 0.7336, ""7"": 0.8819}","[0.8889, 0.8571, 1.0, 1.0, 0.5, 0.5, 0.0, 0.8889, 1.0, 0.8889, 1.0, 0.8333, 0.7273, 0.6, 0.5, 0.6667, 0.75, 1.0, 0.8333, 1.0, 1.0, 0.9167, 0.8889, 0.875, 0.5, 1.0, 0.8889, 1.0, 0.8333, 1.0, 0.8333, 1.0, 1.0, 0.75, 0.75, 1.0, 0.8571, 0.6667, 1.0, 0.8889, 0.8333, 0.8571, 0.9, 0.8889, 0.8889, 0.9091, 0.7143, 0.5, 1.0, 0.8333, 1.0, 1.0, 1.0, 0.8333, 1.0, 0.75, 1.0, 0.8333, 0.8889, 0.7778, 1.0, 0.7143, 0.875, 0.6667, 0.9091, 1.0, 1.0, 0.8889, 0.75, 0.7, 1.0, 0.75, 0.8333, 0.8182, 0.7778, 0.625, 0.75, 0.8571, 0.8889, 1.0, 1.0, 1.0, 1.0, 0.8571, 1.0, 0.6, 0.8333, 0.9, 1.0, 0.7778, 1.0, 0.5556, 0.75, 0.7143, 0.75, 0.875, 0.875, 0.8333, 0.5556, 0.0, 1.0, 0.9, 0.9167, 0.8, 1.0, 0.875, 1.0, 0.0, 0.8, 0.8333, 1.0, 0.7778, 1.0, 1.0, 1.0, 0.0, 0.0, 0.8333, 0.875, 0.9, 1.0, 1.0, 0.7143, 0.0, 0.0769, 1.0, 0.8889, 0.0, 0.9, 0.9091, 0.625, 0.0909, 1.0, 0.8333, 1.0, 0.0, 0.6667, 0.6, 1.0, 0.0, 0.8, 0.875, 0.8333, 0.0, 0.7692, 0.8889, 0.8571, 0.0, 1.0, 1.0, 0.8571, 0.9, 0.8889, 0.75, 0.6, 0.0, 0.8889, 0.7, 1.0, 0.7143, 0.8571, 0.8, 0.8571, 0.0, 0.125, 0.8333, 0.9, 0.8889, 0.8, 1.0, 0.7, 0.4, 0.0, 1.0, 0.8571, 0.5, 1.0, 1.0, 1.0, 1.0, 0.0, 0.9, 0.9167, 0.8889, 0.75, 0.6923, 1.0, 0.8571, 0.0, 1.0, 1.0, 0.75, 1.0, 0.8571, 1.0, 0.8889, 0.0667, 0.0, 0.8333, 1.0, 0.9091, 0.8571, 1.0, 0.625, 0.5, 0.3333, 0.8182, 1.0, 0.8333, 1.0, 0.8, 1.0, 0.1111, 0.125, 1.0, 1.0, 0.8571, 1.0, 0.6, 0.5714, 0.125, 0.0, 1.0, 0.875, 0.8571, 1.0, 0.6364, 0.8333, 0.0, 0.0, 0.0, 0.8333, 0.8333, 1.0, 0.5714, 0.7143, 0.2, 0.0, 0.0, 0.6667, 0.8333, 0.8571, 1.0, 0.7778, 0.8, 0.1667, 0.0, 0.625, 0.6667, 1.0]","[3, 4, 8, 10, 11, 13, 14, 15, 17, 18, 19, 21, 22, 31, 36, 39, 44, 45, 53, 54, 55, 56, 58, 60, 65, 67, 68, 69, 77, 86, 87, 90, 91, 92, 95, 96, 97, 101, 106, 112, 131, 134, 141, 145, 146, 148, 150, 157, 161, 165, 169, 170, 171, 173, 178, 182, 183, 186, 187, 191, 192, 202, 203, 204, 205, 207, 209, 211, 212, 217, 219, 220, 222, 227, 239, 244]"
random,0.9,8,random,0.6705,0.6705,0.6705,1.0,0.6705,0.0,35,True,1341,0,279,380,0,"[0.05, 0.0715, 0.1, 0.128, 0.1665, 0.2085, 0.244, 0.2785, 0.312, 0.343, 0.369, 0.3955, 0.4165, 0.4365, 0.4585, 0.482, 0.504, 0.522, 0.5445, 0.563, 0.574, 0.587, 0.602, 0.615, 0.6235, 0.637, 0.6485, 0.6575, 0.6605, 0.6625, 0.6635, 0.665, 0.667, 0.6685, 0.6705, 0.6705, 0.6705, 0.6705, 0.6705, 0.6705, 0.6705, 0.6705, 0.6705, 0.6705, 0.6705, 0.6705, 0.6705, 0.6705, 0.6705, 0.6705, 0.6705, 0.6705, 0.6705, 0.6705, 0.6705, 0.6705, 0.6705, 0.6705, 0.6705, 0.6705, 0.6705, 0.6705, 0.6705, 0.6705, 0.6705, 0.6705, 0.6705, 0.6705, 0.6705, 0.6705, 0.6705, 0.6705, 0.6705, 0.6705, 0.6705, 0.6705, 0.6705, 0.6705, 0.6705, 0.6705, 0.6705, 0.6705, 0.6705, 0.6705, 0.6705, 0.6705, 0.6705, 0.6705, 0.6705, 0.6705, 0.6705, 0.6705, 0.6705, 0.6705, 0.6705, 0.6705, 0.6705, 0.6705, 0.6705, 0.6705, 0.6705]","{""0"": 0.8653, ""1"": 0.8521, ""2"": 0.4235, ""3"": 0.0652, ""4"": 0.8926, ""5"": 0.5646, ""6"": 0.8235, ""7"": 0.8484}","[0.8889, 1.0, 0.7143, 0.0, 0.3333, 1.0, 0.8333, 0.875, 0.8571, 0.8333, 0.6, 0.0, 0.0, 0.6667, 0.9, 0.3333, 1.0, 0.8, 0.9231, 0.0, 0.0, 1.0, 1.0, 1.0, 1.0, 0.7143, 0.7, 1.0, 0.0, 0.8333, 1.0, 0.8, 1.0, 0.7333, 0.7143, 0.8571, 0.0, 0.8571, 1.0, 0.8889, 1.0, 0.7778, 0.875, 0.7143, 0.4286, 0.5714, 1.0, 0.875, 0.8333, 0.7778, 1.0, 0.75, 0.125, 0.8571, 0.875, 1.0, 1.0, 1.0, 0.7778, 1.0, 0.0, 1.0, 1.0, 1.0, 0.75, 1.0, 0.8, 0.6364, 0.0, 1.0, 1.0, 0.75, 0.6, 1.0, 0.8333, 1.0, 0.0, 0.875, 0.0, 0.875, 0.8182, 0.8333, 1.0, 0.8182, 0.0, 1.0, 0.0, 0.875, 0.875, 0.75, 0.9, 0.8571, 0.0, 0.75, 0.0833, 0.75, 0.625, 0.8, 1.0, 0.8571, 0.125, 1.0, 0.0, 0.875, 1.0, 0.8, 1.0, 0.625, 0.2, 0.8, 0.0, 0.625, 0.8, 0.7778, 1.0, 1.0, 0.0, 0.8, 0.0, 0.8, 0.8333, 0.8889, 0.5, 1.0, 0.0, 0.8571, 0.0, 0.9, 0.75, 1.0, 0.9091, 1.0, 0.0, 0.8889, 0.0, 0.6, 1.0, 0.8333, 0.7273, 0.875, 0.1667, 0.8333, 0.0, 0.8889, 0.8571, 1.0, 1.0, 0.25, 0.2, 0.875, 0.0909, 0.75, 0.8182, 1.0, 0.8, 0.0, 0.0, 0.8182, 0.1, 0.8571, 0.7143, 0.6, 0.8, 0.0, 0.0, 1.0, 0.5556, 0.6667, 0.9, 0.9091, 0.8, 0.0, 0.0, 0.6, 1.0, 0.625, 0.75, 0.8333, 0.8889, 0.0909, 0.1429, 1.0, 0.8182, 0.8, 0.8571, 1.0, 0.7, 0.0, 0.0, 0.9, 1.0, 0.6667, 0.75, 1.0, 1.0, 0.0, 0.0, 1.0, 0.8333, 0.625, 0.625, 1.0, 0.6667, 0.0, 0.0, 1.0, 0.875, 0.7857, 0.875, 1.0, 1.0, 0.0, 0.0, 0.8571, 0.8, 1.0, 1.0, 0.8, 0.8571, 0.1, 0.2222, 1.0, 0.9167, 0.8333, 0.8889, 0.75, 0.8333, 0.0, 0.0, 0.9231, 0.7, 1.0, 0.5, 1.0, 1.0, 0.125, 0.125, 0.875, 1.0, 1.0, 0.875, 1.0, 0.9091, 0.0, 0.0, 1.0, 1.0, 0.8889, 0.6667, 0.7778]","[4, 6, 7, 13, 16, 18, 21, 25, 29, 31, 35, 41, 42, 44, 46, 48, 49, 50, 51, 55, 56, 58, 61, 62, 75, 77, 80, 85, 88, 89, 94, 97, 98, 99, 100, 101, 103, 104, 106, 108, 109, 114, 115, 119, 123, 125, 129, 130, 139, 143, 146, 148, 149, 150, 151, 157, 159, 162, 168, 169, 177, 180, 186, 189, 190, 191, 194, 198, 207, 216, 219, 220, 230, 233, 234, 235, 236, 238, 240, 242]"
random,0.9,9,random,0.5345,0.5345,0.5345,1.0,0.5345,0.0,49,True,1069,0,305,626,0,"[0.05, 0.0675, 0.085, 0.101, 0.1235, 0.1475, 0.17, 0.1925, 0.2215, 0.245, 0.256, 0.266, 0.2755, 0.2885, 0.301, 0.3135, 0.3245, 0.3335, 0.3455, 0.357, 0.3705, 0.38, 0.3915, 0.408, 0.4225, 0.434, 0.442, 0.4475, 0.4505, 0.4525, 0.4565, 0.4625, 0.467, 0.474, 0.48, 0.486, 0.4935, 0.5, 0.5035, 0.5095, 0.519, 0.522, 0.5235, 0.5245, 0.526, 0.5275, 0.5295, 0.5325, 0.5345, 0.5345, 0.5345, 0.5345, 0.5345, 0.5345, 0.5345, 0.5345, 0.5345, 0.5345, 0.5345, 0.5345, 0.5345, 0.5345, 0.5345, 0.5345, 0.5345, 0.5345, 0.5345, 0.5345, 0.5345, 0.5345, 0.5345, 0.5345, 0.5345, 0.5345, 0.5345, 0.5345, 0.5345, 0.5345, 0.5345, 0.5345, 0.5345, 0.5345, 0.5345, 0.5345, 0.5345, 0.5345, 0.5345, 0.5345, 0.5345, 0.5345, 0.5345, 0.5345, 0.5345, 0.5345, 0.5345, 0.5345, 0.5345, 0.5345, 0.5345, 0.5345, 0.5345]","{""0"": 0.8421, ""1"": 0.671, ""2"": 0.4462, ""3"": 0.6376, ""4"": 0.8657, ""5"": 0.2255, ""6"": 0.4907, ""7"": 0.06}","[0.3333, 0.6667, 0.125, 0.1111, 0.9, 1.0, 0.0, 1.0, 0.3333, 0.9091, 0.0, 0.0, 1.0, 1.0, 0.0, 0.9, 0.25, 0.8571, 0.0, 0.8571, 0.8889, 0.9167, 0.0, 0.8889, 0.3, 0.8889, 0.8, 0.8571, 0.75, 0.8333, 0.2, 0.9091, 0.0, 0.8182, 0.8571, 0.8, 0.8, 0.8182, 0.125, 0.8889, 0.0, 0.8889, 0.875, 1.0, 0.8889, 1.0, 0.0, 0.0909, 0.0, 1.0, 0.8333, 1.0, 0.8889, 1.0, 0.5, 0.0, 0.0, 0.75, 1.0, 0.875, 0.6364, 0.4, 0.0, 0.0, 0.0, 1.0, 1.0, 1.0, 0.8, 0.8, 0.875, 0.0, 0.0, 1.0, 0.5714, 0.0, 0.75, 1.0, 0.8, 0.125, 0.0, 0.8571, 1.0, 0.0, 0.8, 0.8889, 0.875, 0.0, 0.3333, 0.9091, 0.8333, 0.0, 0.6, 0.8, 0.75, 0.2857, 0.0, 1.0, 0.6667, 0.6364, 0.0, 0.8333, 0.8333, 0.0, 0.1429, 0.7143, 0.6667, 0.0, 0.0, 1.0, 0.8333, 1.0, 0.0, 0.8182, 1.0, 0.8889, 0.1667, 0.8571, 0.0, 0.0, 0.0, 0.8889, 1.0, 1.0, 0.0, 0.9091, 0.0, 0.0, 0.0, 0.8571, 0.7143, 1.0, 0.0, 0.75, 0.0, 0.125, 0.0, 0.6, 0.8182, 0.8333, 0.0, 0.75, 0.1111, 0.1, 0.3333, 1.0, 1.0, 1.0, 0.1667, 0.8333, 0.75, 0.375, 0.0, 0.8, 1.0, 1.0, 0.0, 1.0, 0.0, 0.0, 0.0, 0.7778, 0.8, 0.8889, 0.0, 1.0, 0.0, 0.0, 0.0, 0.8, 0.8571, 0.0, 0.7143, 0.6667, 0.0833, 0.8571, 0.0, 0.8571, 1.0, 0.0, 1.0, 0.8571, 0.0833, 0.9, 0.0, 0.5, 0.8889, 0.0, 0.8, 0.75, 0.0, 0.6667, 0.0, 0.8182, 0.6, 0.2, 1.0, 0.75, 0.375, 0.9167, 0.0, 0.875, 0.75, 0.0, 0.8333, 0.9, 0.125, 1.0, 0.1667, 0.7143, 0.75, 0.0, 0.8333, 0.7059, 0.2, 0.8889, 0.0, 0.9, 0.8, 0.0769, 0.7692, 0.9, 0.0, 0.8571, 0.0, 0.75, 0.0, 0.0, 0.7143, 0.8889, 0.0, 0.8, 0.1111, 0.9, 0.0, 0.0, 0.6667, 1.0, 0.0, 1.0, 0.0, 0.8571, 0.0, 0.0, 0.9167, 1.0, 0.0, 0.8, 0.0, 1.0]","[1, 2, 3, 4, 5, 7, 8, 15, 17, 19, 20, 24, 30, 33, 34, 36, 38, 41, 45, 47, 49, 52, 53, 54, 58, 60, 69, 79, 85, 88, 89, 92, 94, 95, 101, 102, 104, 109, 111, 114, 115, 116, 122, 123, 125, 129, 131, 135, 139, 142, 143, 144, 145, 148, 150, 151, 153, 155, 165, 169, 170, 172, 174, 175, 182, 191, 193, 194, 195, 196, 198, 201, 205, 207, 208, 214, 215, 219, 221, 228, 229, 232, 245]"
random,0.9,10,random,0.615,0.615,0.615,1.0,0.615,0.0,37,True,1230,0,294,476,0,"[0.05, 0.0735, 0.099, 0.1355, 0.1765, 0.218, 0.254, 0.285, 0.3105, 0.337, 0.367, 0.402, 0.4355, 0.4555, 0.47, 0.484, 0.4945, 0.506, 0.52, 0.5335, 0.5445, 0.555, 0.567, 0.5745, 0.5795, 0.585, 0.5915, 0.5985, 0.6045, 0.6055, 0.607, 0.6085, 0.61, 0.6115, 0.6135, 0.6145, 0.615, 0.615, 0.615, 0.615, 0.615, 0.615, 0.615, 0.615, 0.615, 0.615, 0.615, 0.615, 0.615, 0.615, 0.615, 0.615, 0.615, 0.615, 0.615, 0.615, 0.615, 0.615, 0.615, 0.615, 0.615, 0.615, 0.615, 0.615, 0.615, 0.615, 0.615, 0.615, 0.615, 0.615, 0.615, 0.615, 0.615, 0.615, 0.615, 0.615, 0.615, 0.615, 0.615, 0.615, 0.615, 0.615, 0.615, 0.615, 0.615, 0.615, 0.615, 0.615, 0.615, 0.615, 0.615, 0.615, 0.615, 0.615, 0.615, 0.615, 0.615, 0.615, 0.615, 0.615, 0.615]","{""0"": 0.5602, ""1"": 0.8482, ""2"": 0.3796, ""3"": 0.7336, ""4"": 0.0649, ""5"": 0.8537, ""6"": 0.5588, ""7"": 0.8599}","[0.7778, 0.0, 0.8333, 0.8, 0.6667, 0.1667, 0.8889, 0.1429, 0.8, 0.0, 1.0, 0.8333, 0.0, 0.2857, 0.8571, 0.1667, 1.0, 0.8333, 0.8333, 1.0, 0.0, 0.1429, 0.7143, 0.875, 0.7, 0.8333, 0.625, 0.8333, 0.3333, 0.0, 1.0, 0.7143, 0.9167, 1.0, 0.6, 1.0, 0.0, 0.0, 0.6667, 1.0, 0.6667, 1.0, 0.8333, 0.75, 0.1429, 0.1667, 1.0, 1.0, 0.7, 0.7273, 0.5, 0.9, 1.0, 0.0, 0.8889, 0.7, 0.7778, 0.125, 0.7273, 0.8889, 0.625, 0.0, 0.75, 1.0, 0.8, 0.0, 1.0, 0.8182, 0.8462, 0.0, 0.8571, 1.0, 0.6667, 0.0, 0.8889, 1.0, 1.0, 0.0, 1.0, 0.6667, 1.0, 0.0, 1.0, 1.0, 0.7778, 0.125, 0.75, 1.0, 0.8889, 0.125, 0.6667, 0.75, 0.4545, 0.2, 0.6, 0.875, 1.0, 0.0, 1.0, 0.0, 1.0, 0.0, 0.8571, 1.0, 0.7778, 0.1429, 1.0, 0.1667, 1.0, 0.0, 0.8, 0.3333, 0.9, 0.8333, 0.6667, 0.0, 0.8889, 0.0, 0.8333, 1.0, 0.8571, 1.0, 1.0, 0.0833, 1.0, 0.2222, 1.0, 0.5, 1.0, 0.8571, 1.0, 0.0, 0.8889, 0.0, 0.8571, 0.6667, 0.7143, 0.9091, 0.6, 0.1, 0.8571, 0.0, 1.0, 0.8571, 1.0, 0.8, 1.0, 0.0, 0.7143, 0.1429, 0.8, 1.0, 1.0, 0.6667, 0.9091, 0.0, 0.875, 0.0, 0.8571, 0.9091, 0.6923, 0.9, 0.7857, 0.0, 0.7692, 0.0, 0.875, 0.875, 0.7778, 0.5, 0.6667, 0.1, 0.7, 0.1667, 0.8889, 0.1667, 1.0, 1.0, 0.875, 0.2857, 1.0, 0.0, 1.0, 0.0, 0.8333, 0.875, 0.7778, 0.0, 0.875, 0.3333, 1.0, 0.0, 0.6667, 1.0, 0.8889, 0.0, 0.8889, 0.0, 0.8889, 0.1111, 1.0, 0.75, 0.8571, 0.0, 0.875, 0.2, 0.9, 0.0, 1.0, 0.8889, 1.0, 0.1429, 0.8, 0.0, 0.75, 0.0, 0.875, 0.9, 0.9, 0.0, 1.0, 0.0, 1.0, 0.0, 1.0, 0.8, 1.0, 0.0, 1.0, 0.0, 1.0, 0.875, 1.0, 0.0, 0.7143, 0.1, 0.8571, 0.1111, 0.7273, 0.8333, 0.9, 0.0, 1.0, 0.875, 1.0, 0.0, 0.7273, 0.0, 1.0, 0.1111]","[2, 3, 6, 11, 13, 23, 25, 27, 33, 39, 45, 46, 47, 49, 52, 59, 63, 64, 66, 68, 72, 78, 79, 85, 86, 89, 91, 92, 95, 98, 111, 112, 114, 119, 122, 123, 125, 128, 132, 137, 138, 139, 144, 145, 146, 149, 156, 158, 159, 161, 162, 167, 172, 173, 177, 179, 185, 189, 193, 194, 196, 198, 199, 209, 212, 214, 216, 220, 222, 228, 231, 232, 234, 236, 237, 239, 240, 242, 243, 248, 249]"
random,0.9,11,random,0.84,0.84,0.84,1.0,0.84,-0.0,71,True,1680,0,296,24,0,"[0.05, 0.0695, 0.093, 0.1255, 0.157, 0.1875, 0.2165, 0.2415, 0.2655, 0.2855, 0.3095, 0.33, 0.35, 0.3635, 0.377, 0.398, 0.421, 0.441, 0.463, 0.482, 0.499, 0.521, 0.54, 0.562, 0.583, 0.6065, 0.6185, 0.6295, 0.6405, 0.654, 0.6665, 0.679, 0.692, 0.7045, 0.715, 0.722, 0.7245, 0.726, 0.7275, 0.7315, 0.7365, 0.739, 0.741, 0.742, 0.744, 0.7445, 0.746, 0.7495, 0.752, 0.7525, 0.7535, 0.7545, 0.755, 0.7565, 0.759, 0.762, 0.7685, 0.7755, 0.785, 0.789, 0.7955, 0.8, 0.8065, 0.8145, 0.8215, 0.8245, 0.8285, 0.833, 0.8355, 0.838, 0.84, 0.84, 0.84, 0.84, 0.84, 0.84, 0.84, 0.84, 0.84, 0.84, 0.84, 0.84, 0.84, 0.84, 0.84, 0.84, 0.84, 0.84, 0.84, 0.84, 0.84, 0.84, 0.84, 0.84, 0.84, 0.84, 0.84, 0.84, 0.84, 0.84, 0.84]","{""0"": 0.8736, ""1"": 0.8692, ""2"": 0.8333, ""3"": 0.7368, ""4"": 0.832, ""5"": 0.8498, ""6"": 0.8583, ""7"": 0.864}","[0.7778, 0.7778, 0.8, 1.0, 0.8462, 0.7143, 0.75, 0.8571, 0.8333, 0.8889, 0.8, 0.8889, 0.8, 0.8571, 0.8, 1.0, 0.8, 0.875, 1.0, 0.75, 0.8333, 1.0, 0.8, 0.625, 0.875, 1.0, 0.875, 0.8, 0.75, 1.0, 1.0, 0.8571, 0.9091, 0.75, 0.8571, 0.875, 1.0, 1.0, 0.8333, 1.0, 1.0, 1.0, 0.875, 0.9, 1.0, 0.8571, 0.7143, 0.8333, 1.0, 1.0, 0.8889, 0.6667, 1.0, 0.75, 0.8333, 0.875, 0.75, 0.75, 0.7778, 0.7273, 0.9, 0.9167, 0.9231, 0.9, 0.8889, 0.8667, 1.0, 1.0, 0.4286, 1.0, 1.0, 0.8889, 0.75, 0.8571, 1.0, 1.0, 0.625, 1.0, 0.8889, 0.9, 1.0, 0.8571, 0.875, 0.7143, 1.0, 0.7778, 0.75, 1.0, 0.75, 0.8571, 0.75, 1.0, 1.0, 0.8889, 0.7778, 1.0, 0.8571, 1.0, 0.8, 1.0, 0.8182, 1.0, 0.75, 0.8571, 0.8571, 0.7857, 0.875, 0.9, 1.0, 1.0, 1.0, 1.0, 1.0, 0.8889, 0.875, 0.75, 1.0, 0.8, 0.7143, 1.0, 0.9091, 1.0, 1.0, 0.75, 1.0, 0.875, 0.8571, 0.8182, 0.8889, 1.0, 0.8889, 0.8889, 0.7273, 1.0, 0.8889, 0.7778, 0.8333, 1.0, 0.8333, 0.7778, 0.8182, 0.75, 0.875, 1.0, 0.9091, 0.5455, 0.9, 1.0, 0.8889, 0.75, 0.8571, 0.7, 0.8571, 0.625, 0.8182, 0.9, 0.8, 0.8571, 0.8, 0.9, 0.8333, 1.0, 0.8571, 0.7692, 0.5556, 0.8333, 0.8333, 0.8, 0.8571, 1.0, 0.8571, 0.9, 0.0, 0.75, 0.75, 1.0, 0.3333, 0.75, 0.8333, 0.8, 0.0714, 1.0, 0.8333, 0.8333, 0.8571, 0.5, 0.8889, 0.7778, 0.125, 0.5556, 0.8333, 0.4286, 1.0, 0.75, 1.0, 0.8571, 0.5, 0.6667, 0.9091, 0.6667, 1.0, 1.0, 0.8333, 0.7143, 0.8571, 0.6667, 0.6, 0.8571, 0.9091, 0.9167, 0.8, 0.6, 1.0, 0.7, 0.8333, 0.8889, 0.6364, 0.8333, 0.7, 1.0, 0.7143, 0.1667, 0.8, 0.8333, 0.7, 1.0, 1.0, 1.0, 0.7778, 0.9, 1.0, 1.0, 0.8889, 1.0, 1.0, 0.7273, 0.7143, 0.8889, 0.875, 0.6364, 1.0, 0.8333, 0.8, 0.6, 0.875, 1.0, 0.875, 1.0, 1.0, 1.0]","[2, 7, 10, 13, 17, 20, 30, 32, 35, 38, 41, 44, 45, 47, 49, 62, 65, 68, 70, 71, 74, 76, 78, 79, 80, 84, 88, 90, 91, 92, 93, 96, 97, 98, 100, 101, 102, 107, 111, 113, 115, 117, 121, 122, 124, 133, 138, 139, 140, 143, 144, 146, 150, 151, 155, 157, 158, 159, 161, 163, 164, 167, 177, 179, 180, 181, 182, 185, 186, 188, 190, 191, 195, 197, 199, 204, 205, 213, 215, 226, 228, 229, 232, 233, 234, 236, 237, 238, 241, 246, 247]"
random,0.95,0,random,0.4375,0.4375,0.4375,1.0,0.4375,0.0,23,True,875,0,262,863,0,"[0.05, 0.0705, 0.094, 0.1235, 0.1565, 0.1855, 0.2165, 0.24, 0.262, 0.2815, 0.2995, 0.3225, 0.348, 0.3695, 0.3845, 0.397, 0.409, 0.418, 0.428, 0.4345, 0.4355, 0.4365, 0.4375, 0.4375, 0.4375, 0.4375, 0.4375, 0.4375, 0.4375, 0.4375, 0.4375, 0.4375, 0.4375, 0.4375, 0.4375, 0.4375, 0.4375, 0.4375, 0.4375, 0.4375, 0.4375, 0.4375, 0.4375, 0.4375, 0.4375, 0.4375, 0.4375, 0.4375, 0.4375, 0.4375, 0.4375, 0.4375, 0.4375, 0.4375, 0.4375, 0.4375, 0.4375, 0.4375, 0.4375, 0.4375, 0.4375, 0.4375, 0.4375, 0.4375, 0.4375, 0.4375, 0.4375, 0.4375, 0.4375, 0.4375, 0.4375, 0.4375, 0.4375, 0.4375, 0.4375, 0.4375, 0.4375, 0.4375, 0.4375, 0.4375, 0.4375, 0.4375, 0.4375, 0.4375, 0.4375, 0.4375, 0.4375, 0.4375, 0.4375, 0.4375, 0.4375, 0.4375, 0.4375, 0.4375, 0.4375, 0.4375, 0.4375, 0.4375, 0.4375, 0.4375, 0.4375]","{""0"": 0.0549, ""1"": 0.8907, ""2"": 0.1653, ""3"": 0.636, ""4"": 0.8449, ""5"": 0.4583, ""6"": 0.0233, ""7"": 0.449}","[0.6667, 0.0, 0.7143, 0.0, 0.0, 1.0, 0.1429, 0.0, 0.8571, 0.0, 0.875, 0.2857, 1.0, 0.6667, 0.0, 0.1429, 0.625, 0.1429, 0.8571, 0.1429, 1.0, 0.9, 0.0, 0.0, 0.875, 0.1, 1.0, 0.0, 0.9286, 1.0, 0.25, 0.0, 0.6667, 0.1667, 0.9, 0.25, 1.0, 0.8571, 0.0, 0.0, 1.0, 0.0, 1.0, 0.1667, 0.7143, 0.7, 0.875, 0.0, 0.8333, 0.0, 0.8571, 0.1, 1.0, 0.8571, 0.8333, 0.0, 0.8333, 0.0, 0.8333, 0.0, 0.8889, 0.8333, 0.9091, 0.0, 0.6, 0.0, 1.0, 0.2222, 0.8333, 0.8462, 0.9, 0.125, 1.0, 0.0, 0.8571, 0.0, 0.6667, 0.8889, 0.8, 0.0, 0.8889, 0.0, 1.0, 1.0, 0.6667, 0.8571, 1.0, 0.0, 0.8333, 0.0, 0.7778, 0.7143, 1.0, 0.8889, 1.0, 0.0, 0.25, 0.0, 0.7778, 0.75, 0.8571, 0.8889, 1.0, 0.0, 0.1111, 0.0, 1.0, 0.5, 0.9091, 0.8571, 0.9167, 0.1, 0.0, 0.0, 0.6667, 0.0, 1.0, 0.8182, 0.9091, 0.0, 0.0, 0.0, 0.8571, 0.0, 0.9, 0.8, 1.0, 0.0, 0.6667, 0.0, 1.0, 0.0909, 0.7778, 0.75, 1.0, 0.0, 0.7778, 0.0, 1.0, 0.0, 1.0, 0.8571, 0.875, 0.0, 0.0769, 0.0, 1.0, 0.0, 1.0, 0.8889, 0.5, 0.0, 0.0, 0.0, 0.75, 0.1429, 0.8182, 0.875, 0.6667, 0.0, 0.0909, 0.0, 0.7143, 0.0625, 1.0, 0.875, 0.0, 0.0, 0.1818, 0.125, 0.9167, 0.1429, 0.8333, 1.0, 0.1429, 0.2222, 0.0, 0.0, 1.0, 0.1, 0.7143, 1.0, 0.0, 0.0, 0.0, 0.0, 0.75, 0.0, 0.8, 0.8889, 0.0909, 0.0, 0.0909, 0.0, 1.0, 0.125, 0.0, 0.75, 0.0, 0.0769, 0.0, 0.0833, 0.875, 0.4286, 0.0, 0.8571, 0.0, 0.0, 0.0, 0.0, 0.875, 0.0, 0.1667, 0.7143, 0.1429, 0.0, 0.0, 0.1667, 0.8571, 0.0, 0.0, 1.0, 0.125, 0.0, 1.0, 0.875, 0.8, 0.1667, 0.0, 0.5, 0.0, 0.0, 1.0, 0.0, 1.0, 0.0, 0.1111, 0.7273, 0.0, 0.0, 0.7778, 0.0, 1.0, 0.0, 0.0, 0.8571, 0.125, 0.0, 1.0, 0.1429]","[0, 5, 6, 10, 11, 15, 16, 18, 20, 25, 28, 30, 32, 33, 34, 35, 36, 42, 45, 48, 50, 51, 58, 60, 62, 64, 67, 70, 71, 74, 83, 86, 90, 91, 93, 100, 101, 108, 110, 111, 116, 118, 128, 131, 132, 133, 136, 138, 140, 141, 144, 146, 148, 149, 155, 156, 158, 163, 168, 170, 171, 172, 174, 175, 178, 181, 190, 192, 194, 195, 199, 201, 202, 203, 210, 212, 214, 224, 225, 226, 227, 234, 236, 245, 246, 249]"
random,0.95,1,random,0.642,0.642,0.642,1.0,0.642,-0.0,52,True,1284,0,299,417,0,"[0.05, 0.0745, 0.0975, 0.122, 0.148, 0.1865, 0.22, 0.2515, 0.2755, 0.299, 0.3285, 0.3575, 0.3905, 0.4205, 0.4445, 0.475, 0.4995, 0.5145, 0.5275, 0.5355, 0.546, 0.556, 0.5665, 0.578, 0.5885, 0.5955, 0.599, 0.6005, 0.602, 0.6035, 0.6055, 0.6075, 0.6105, 0.614, 0.616, 0.618, 0.619, 0.6195, 0.6215, 0.623, 0.624, 0.625, 0.6265, 0.629, 0.6325, 0.6335, 0.636, 0.638, 0.6395, 0.6405, 0.641, 0.642, 0.642, 0.642, 0.642, 0.642, 0.642, 0.642, 0.642, 0.642, 0.642, 0.642, 0.642, 0.642, 0.642, 0.642, 0.642, 0.642, 0.642, 0.642, 0.642, 0.642, 0.642, 0.642, 0.642, 0.642, 0.642, 0.642, 0.642, 0.642, 0.642, 0.642, 0.642, 0.642, 0.642, 0.642, 0.642, 0.642, 0.642, 0.642, 0.642, 0.642, 0.642, 0.642, 0.642, 0.642, 0.642, 0.642, 0.642, 0.642, 0.642]","{""0"": 0.4661, ""1"": 0.8, ""2"": 0.5303, ""3"": 0.8675, ""4"": 0.8494, ""5"": 0.0391, ""6"": 0.8629, ""7"": 0.7328}","[0.8889, 0.1, 0.875, 0.9, 0.6, 0.8, 0.0, 0.9, 0.75, 0.0769, 0.6667, 1.0, 0.7, 0.9286, 0.0, 0.9231, 0.875, 0.0, 1.0, 1.0, 1.0, 0.7143, 0.1111, 0.8571, 0.8571, 0.3636, 0.8, 0.9091, 0.7778, 1.0, 0.0, 0.875, 0.7778, 1.0, 1.0, 0.8889, 0.6667, 0.75, 0.1, 0.7, 1.0, 1.0, 0.8333, 0.8, 1.0, 1.0, 0.0, 0.7273, 0.75, 0.8889, 1.0, 1.0, 0.8571, 0.6667, 0.0, 1.0, 0.7, 1.0, 0.8889, 0.75, 0.6667, 0.7059, 0.0, 1.0, 0.8182, 0.8889, 1.0, 0.1111, 0.875, 0.8571, 0.0, 0.8889, 0.0, 1.0, 1.0, 0.0, 0.6, 1.0, 0.1111, 1.0, 0.0, 1.0, 0.75, 0.0, 0.7692, 0.875, 0.25, 0.8889, 0.0, 0.8889, 0.5556, 0.0, 0.9, 0.8889, 0.125, 1.0, 0.8, 1.0, 0.0, 0.0, 0.8889, 0.6, 0.0, 1.0, 0.5556, 0.7778, 0.1667, 0.1111, 0.8571, 1.0, 0.0, 0.8333, 0.875, 0.7778, 0.0, 0.8571, 1.0, 0.7143, 0.1111, 0.9, 1.0, 0.7143, 0.2857, 0.8889, 1.0, 1.0, 0.0, 0.6, 0.875, 1.0, 0.8889, 0.8, 0.8889, 1.0, 0.0, 0.8571, 1.0, 1.0, 1.0, 0.9091, 1.0, 0.8571, 0.0, 1.0, 0.625, 0.8, 1.0, 0.5714, 1.0, 0.875, 0.0, 0.8, 0.75, 0.875, 1.0, 0.0, 0.7143, 0.6667, 0.1429, 0.5, 0.8, 0.0, 0.8333, 0.0, 0.875, 0.5, 0.0, 1.0, 1.0, 0.0, 0.875, 0.0, 0.75, 0.875, 0.0, 0.75, 1.0, 0.0, 1.0, 0.0, 0.9167, 0.8, 0.0, 1.0, 0.875, 0.1667, 1.0, 0.2, 0.8333, 1.0, 0.1, 0.8333, 1.0, 0.0, 0.9, 0.1667, 1.0, 1.0, 0.0, 1.0, 0.8571, 0.0833, 0.8571, 0.6667, 1.0, 0.8, 0.0, 0.7778, 0.7143, 0.1429, 0.8333, 0.8889, 1.0, 1.0, 0.0, 0.75, 0.75, 0.0, 0.75, 0.8889, 1.0, 0.7857, 0.0, 1.0, 1.0, 0.1429, 0.875, 0.8571, 0.8571, 1.0, 0.0, 0.6, 0.8889, 0.2, 1.0, 0.875, 1.0, 1.0, 0.1, 1.0, 0.5556, 0.0, 0.8571, 0.875, 0.8, 0.7778, 0.0, 1.0, 0.5, 0.125]","[0, 1, 5, 7, 12, 13, 20, 22, 23, 26, 27, 28, 29, 31, 32, 36, 39, 40, 45, 47, 53, 56, 57, 61, 64, 65, 68, 77, 84, 89, 92, 94, 105, 109, 112, 116, 117, 118, 119, 125, 128, 132, 135, 136, 137, 138, 139, 143, 144, 149, 154, 158, 160, 167, 183, 184, 185, 186, 188, 190, 192, 194, 196, 197, 201, 207, 209, 211, 218, 219, 220, 223, 229, 232, 233, 235, 236, 238, 240, 247, 249]"
random,0.95,2,random,0.446,0.446,0.446,1.0,0.446,0.0,28,True,892,0,323,785,0,"[0.05, 0.0745, 0.0955, 0.124, 0.1485, 0.1715, 0.1945, 0.2195, 0.2445, 0.265, 0.29, 0.314, 0.3315, 0.353, 0.3795, 0.4005, 0.4125, 0.4195, 0.423, 0.4295, 0.433, 0.434, 0.4345, 0.436, 0.438, 0.4415, 0.445, 0.446, 0.446, 0.446, 0.446, 0.446, 0.446, 0.446, 0.446, 0.446, 0.446, 0.446, 0.446, 0.446, 0.446, 0.446, 0.446, 0.446, 0.446, 0.446, 0.446, 0.446, 0.446, 0.446, 0.446, 0.446, 0.446, 0.446, 0.446, 0.446, 0.446, 0.446, 0.446, 0.446, 0.446, 0.446, 0.446, 0.446, 0.446, 0.446, 0.446, 0.446, 0.446, 0.446, 0.446, 0.446, 0.446, 0.446, 0.446, 0.446, 0.446, 0.446, 0.446, 0.446, 0.446, 0.446, 0.446, 0.446, 0.446, 0.446, 0.446, 0.446, 0.446, 0.446, 0.446, 0.446, 0.446, 0.446, 0.446, 0.446, 0.446, 0.446, 0.446, 0.446, 0.446]","{""0"": 0.8158, ""1"": 0.8417, ""2"": 0.1877, ""3"": 0.704, ""4"": 0.151, ""5"": 0.0618, ""6"": 0.6571, ""7"": 0.1416}","[0.5556, 0.625, 0.6667, 0.1667, 0.0, 0.1111, 0.1111, 0.7778, 0.0, 0.2, 1.0, 0.1111, 0.0, 0.1, 0.2857, 1.0, 0.0, 0.0, 1.0, 0.0, 0.8, 0.0, 0.0, 1.0, 0.0, 0.875, 1.0, 0.0, 0.8, 0.2, 0.0, 0.5455, 0.2, 0.8333, 1.0, 0.0, 0.7778, 1.0, 0.2, 1.0, 0.1667, 0.875, 1.0, 0.0, 0.875, 0.5, 0.0, 1.0, 0.1111, 0.8889, 0.8, 0.0, 0.8, 0.125, 0.0667, 0.0, 0.0, 0.7778, 0.75, 0.3333, 1.0, 0.0, 0.0, 0.0, 0.0, 1.0, 0.7778, 0.0, 0.8, 0.0, 0.0, 0.0, 0.0, 1.0, 0.6667, 0.1111, 0.75, 0.0, 0.1111, 0.4286, 0.0, 1.0, 0.8571, 0.0, 0.9091, 0.0, 0.125, 0.0, 0.0, 0.75, 0.7778, 0.875, 0.8571, 0.0, 0.0, 0.0, 0.8, 0.5, 1.0, 0.625, 1.0, 0.0, 0.125, 0.75, 0.9, 0.6667, 0.5833, 0.9091, 0.8, 0.3333, 0.0, 1.0, 0.75, 0.8462, 0.8, 0.6, 0.5, 0.0, 0.0909, 0.6667, 0.8571, 1.0, 0.8, 0.8889, 0.8, 0.1, 0.1111, 0.7778, 0.0, 1.0, 1.0, 0.6667, 0.8333, 0.0769, 0.0, 0.8571, 0.1, 0.8333, 1.0, 0.1, 0.9, 0.1429, 0.4, 1.0, 0.2, 0.8333, 1.0, 0.0, 1.0, 0.8333, 0.0, 0.8889, 0.0, 1.0, 0.6667, 0.1667, 0.8, 0.8, 0.0, 0.8, 0.0, 0.8889, 1.0, 0.0, 1.0, 0.2222, 0.0, 0.7273, 0.1, 0.9167, 1.0, 0.0, 0.6667, 0.0, 0.0, 0.2, 0.0, 1.0, 0.5714, 0.0, 0.75, 0.0, 0.0, 0.6667, 0.0, 1.0, 0.9, 0.0, 0.5, 0.0, 0.0, 0.8, 0.0909, 1.0, 0.8, 0.0, 0.75, 0.125, 0.1429, 0.6, 0.0, 0.8889, 0.75, 0.1111, 0.8182, 0.0, 0.0667, 0.8571, 0.0, 0.8, 0.875, 0.0, 1.0, 0.0, 0.0, 1.0, 0.0, 0.8, 0.75, 0.0, 0.8, 0.0, 0.1429, 0.7692, 0.1429, 1.0, 0.8182, 0.0, 0.2857, 0.0, 0.0, 1.0, 0.0, 0.8182, 0.875, 0.0, 0.0769, 0.0, 0.0, 1.0, 0.0, 1.0, 0.8571, 0.125, 0.125, 0.0, 0.2, 1.0, 0.0, 0.8]","[1, 5, 11, 13, 14, 18, 25, 28, 31, 32, 37, 38, 39, 42, 44, 45, 48, 49, 50, 58, 59, 60, 65, 73, 78, 79, 82, 84, 86, 89, 90, 92, 104, 107, 108, 109, 118, 120, 123, 124, 125, 126, 127, 129, 130, 133, 135, 136, 137, 142, 143, 144, 146, 149, 154, 155, 156, 162, 165, 168, 169, 175, 177, 186, 188, 192, 194, 197, 199, 204, 206, 209, 215, 220, 222, 224, 226, 233, 236, 239, 241, 244, 246, 249]"
random,0.95,3,random,0.601,0.601,0.601,1.0,0.601,0.0,32,True,1202,0,281,517,0,"[0.05, 0.0765, 0.101, 0.1395, 0.1795, 0.224, 0.263, 0.302, 0.333, 0.3585, 0.3855, 0.4095, 0.431, 0.451, 0.466, 0.4835, 0.506, 0.522, 0.531, 0.542, 0.5545, 0.569, 0.579, 0.586, 0.589, 0.5905, 0.5925, 0.5945, 0.5965, 0.5985, 0.6, 0.601, 0.601, 0.601, 0.601, 0.601, 0.601, 0.601, 0.601, 0.601, 0.601, 0.601, 0.601, 0.601, 0.601, 0.601, 0.601, 0.601, 0.601, 0.601, 0.601, 0.601, 0.601, 0.601, 0.601, 0.601, 0.601, 0.601, 0.601, 0.601, 0.601, 0.601, 0.601, 0.601, 0.601, 0.601, 0.601, 0.601, 0.601, 0.601, 0.601, 0.601, 0.601, 0.601, 0.601, 0.601, 0.601, 0.601, 0.601, 0.601, 0.601, 0.601, 0.601, 0.601, 0.601, 0.601, 0.601, 0.601, 0.601, 0.601, 0.601, 0.601, 0.601, 0.601, 0.601, 0.601, 0.601, 0.601, 0.601, 0.601, 0.601]","{""0"": 0.8722, ""1"": 0.025, ""2"": 0.0367, ""3"": 0.5784, ""4"": 0.7959, ""5"": 0.8658, ""6"": 0.8542, ""7"": 0.7538}","[0.7778, 1.0, 0.125, 0.2222, 0.1111, 0.875, 1.0, 0.6667, 0.75, 0.7143, 0.0, 0.0, 0.5, 0.5714, 1.0, 0.875, 0.8, 1.0, 0.0, 0.0, 0.75, 1.0, 0.8333, 0.5714, 0.9167, 0.7143, 0.0, 0.0, 0.9, 0.7692, 1.0, 0.75, 0.6667, 1.0, 0.1111, 0.0, 1.0, 1.0, 0.8333, 0.8571, 0.8667, 0.9231, 0.0909, 0.0, 0.7143, 0.7143, 1.0, 0.9, 0.8333, 0.875, 0.0, 0.0, 1.0, 0.75, 0.9, 0.8182, 0.8571, 0.8889, 0.0, 0.0, 1.0, 0.875, 1.0, 0.8, 1.0, 0.8, 0.0, 0.0, 0.7143, 0.6667, 0.7, 1.0, 1.0, 0.8571, 0.0, 0.0, 0.7, 1.0, 0.8, 0.875, 0.8571, 0.8, 0.0, 0.0, 0.75, 1.0, 0.8571, 1.0, 0.8333, 0.7143, 0.0, 0.0, 0.8889, 0.9, 0.6667, 1.0, 0.9, 0.8182, 0.0, 0.0, 0.8889, 0.8571, 0.8889, 0.8333, 0.8, 0.8, 0.0, 0.0, 1.0, 1.0, 1.0, 1.0, 1.0, 0.8333, 0.0, 0.0, 0.7, 1.0, 1.0, 1.0, 0.8571, 1.0, 0.0, 0.0, 0.8182, 1.0, 0.7143, 1.0, 1.0, 1.0, 0.0, 0.0, 1.0, 0.8889, 0.5714, 0.9, 0.8889, 1.0, 0.1429, 0.1429, 0.25, 1.0, 1.0, 0.7143, 1.0, 0.875, 0.0, 0.0, 0.5714, 0.875, 1.0, 0.4, 0.75, 0.8333, 0.0, 0.0, 0.9, 0.75, 0.5, 1.0, 0.8889, 0.8, 0.0, 0.0, 0.6, 0.75, 0.8571, 0.7273, 0.0, 1.0, 0.0, 0.0, 1.0, 0.875, 1.0, 1.0, 0.0, 0.9167, 0.0, 0.4, 0.8571, 1.0, 0.8889, 0.5714, 0.1818, 0.8, 0.0, 0.1818, 0.8333, 1.0, 1.0, 0.8571, 0.0, 0.8889, 0.0, 0.0, 0.6, 0.8889, 0.7273, 0.9167, 0.0, 1.0, 0.0, 0.0, 0.0, 0.6667, 0.875, 1.0, 0.7778, 0.8182, 0.1, 0.125, 0.0, 0.0, 0.9167, 0.75, 1.0, 1.0, 0.0, 0.0, 0.0, 0.0, 0.625, 0.8, 1.0, 0.8571, 0.125, 0.0, 0.0, 0.125, 0.875, 1.0, 1.0, 1.0, 0.0, 0.0, 0.0, 0.8571, 0.875, 0.8889, 0.875, 0.7778, 0.0, 0.1429, 0.0, 1.0, 0.6667, 0.9, 0.7778, 0.6667]","[0, 1, 2, 3, 4, 8, 15, 17, 22, 24, 28, 31, 34, 36, 37, 38, 42, 46, 49, 53, 54, 55, 56, 63, 72, 73, 76, 77, 80, 85, 92, 93, 94, 96, 100, 101, 110, 116, 121, 124, 125, 126, 127, 128, 136, 137, 138, 139, 142, 148, 153, 156, 159, 160, 164, 167, 169, 174, 184, 187, 189, 191, 193, 197, 206, 210, 211, 214, 217, 226, 238, 240, 241, 243, 247]"
random,0.95,4,random,0.6635,0.6635,0.6635,1.0,0.6635,0.0,31,True,1327,0,257,416,0,"[0.05, 0.071, 0.0905, 0.1185, 0.1515, 0.1915, 0.2205, 0.2515, 0.288, 0.311, 0.334, 0.3625, 0.3995, 0.426, 0.4505, 0.482, 0.5065, 0.537, 0.5675, 0.5855, 0.6075, 0.626, 0.6405, 0.6505, 0.6545, 0.6565, 0.658, 0.6595, 0.6605, 0.6625, 0.6635, 0.6635, 0.6635, 0.6635, 0.6635, 0.6635, 0.6635, 0.6635, 0.6635, 0.6635, 0.6635, 0.6635, 0.6635, 0.6635, 0.6635, 0.6635, 0.6635, 0.6635, 0.6635, 0.6635, 0.6635, 0.6635, 0.6635, 0.6635, 0.6635, 0.6635, 0.6635, 0.6635, 0.6635, 0.6635, 0.6635, 0.6635, 0.6635, 0.6635, 0.6635, 0.6635, 0.6635, 0.6635, 0.6635, 0.6635, 0.6635, 0.6635, 0.6635, 0.6635, 0.6635, 0.6635, 0.6635, 0.6635, 0.6635, 0.6635, 0.6635, 0.6635, 0.6635, 0.6635, 0.6635, 0.6635, 0.6635, 0.6635, 0.6635, 0.6635, 0.6635, 0.6635, 0.6635, 0.6635, 0.6635, 0.6635, 0.6635, 0.6635, 0.6635, 0.6635, 0.6635]","{""0"": 0.8498, ""1"": 0.6693, ""2"": 0.8041, ""3"": 0.8964, ""4"": 0.1474, ""5"": 0.3346, ""6"": 0.8889, ""7"": 0.7426}","[0.6667, 0.5833, 0.6667, 1.0, 0.8333, 0.875, 0.0, 0.8, 1.0, 1.0, 0.8333, 1.0, 0.8333, 0.875, 0.1111, 0.8889, 0.9, 0.7, 0.8571, 0.875, 1.0, 0.875, 0.0, 1.0, 0.9, 1.0, 1.0, 0.875, 1.0, 0.2, 0.125, 0.9375, 0.4444, 1.0, 1.0, 0.8571, 1.0, 0.0909, 0.1667, 1.0, 1.0, 1.0, 0.5, 1.0, 0.75, 0.0, 0.0, 0.8889, 0.75, 0.8571, 1.0, 0.75, 0.8333, 0.0, 0.0, 0.8, 1.0, 0.9231, 0.8333, 1.0, 0.8333, 0.0, 0.0, 0.8571, 0.6667, 0.8889, 0.9, 0.7778, 1.0, 0.0, 0.0, 0.9, 1.0, 1.0, 0.5714, 0.75, 0.8889, 0.0, 0.1, 0.875, 1.0, 0.7, 1.0, 0.9167, 1.0, 0.0, 0.0, 0.8889, 0.8889, 1.0, 0.75, 0.8182, 0.75, 0.1818, 0.1667, 1.0, 0.7143, 0.8889, 0.625, 0.8571, 0.75, 0.0, 1.0, 0.8889, 1.0, 0.7857, 1.0, 1.0, 1.0, 0.0, 0.9091, 1.0, 0.8333, 0.7143, 0.8333, 1.0, 1.0, 0.0, 0.8333, 0.8571, 0.625, 0.8, 0.9091, 1.0, 0.75, 0.0, 0.8, 0.8333, 0.1, 0.75, 0.8, 1.0, 0.8333, 0.125, 0.9167, 0.8571, 0.0, 1.0, 0.1667, 1.0, 1.0, 0.0, 1.0, 0.875, 0.0, 0.8182, 0.0, 0.6667, 1.0, 0.0, 0.7778, 1.0, 0.0, 0.875, 0.0, 1.0, 1.0, 0.125, 0.8333, 0.875, 0.4, 0.6667, 0.3333, 1.0, 0.75, 0.125, 1.0, 1.0, 0.8, 0.625, 0.0625, 1.0, 1.0, 0.0, 0.4, 0.5, 1.0, 0.7273, 0.0909, 0.8889, 1.0, 0.0, 0.0, 0.5714, 0.8, 1.0, 0.3333, 0.8, 0.7778, 0.0, 0.0, 0.8, 0.875, 1.0, 0.75, 1.0, 0.7, 0.0, 0.0, 1.0, 1.0, 0.8333, 1.0, 0.0, 1.0, 0.0, 0.1818, 1.0, 0.875, 0.875, 1.0, 0.1667, 0.9091, 0.0, 0.0909, 0.8, 0.8571, 0.7143, 0.75, 0.0, 1.0, 0.0, 0.0, 1.0, 1.0, 0.8, 1.0, 0.875, 1.0, 0.0, 0.0, 1.0, 0.6667, 0.8, 0.8, 1.0, 0.9167, 1.0, 0.0, 0.875, 0.875, 1.0, 0.75, 0.8, 0.8, 0.8333, 0.0, 0.75, 1.0, 1.0]","[0, 3, 4, 7, 9, 10, 13, 14, 19, 20, 21, 26, 27, 32, 35, 36, 38, 39, 44, 47, 48, 49, 56, 59, 60, 63, 64, 65, 71, 74, 76, 78, 79, 80, 81, 82, 83, 88, 93, 96, 98, 99, 102, 103, 114, 115, 127, 128, 131, 132, 133, 135, 139, 142, 150, 151, 157, 158, 159, 161, 162, 165, 166, 168, 170, 172, 177, 178, 179, 183, 184, 192, 194, 196, 199, 209, 214, 216, 223, 228, 235, 237, 239, 243, 249]"
random,0.95,5,random,0.7855,0.7855,0.7855,1.0,0.7855,0.0,48,True,1571,0,265,164,0,"[0.05, 0.07, 0.0955, 0.1295, 0.17, 0.2105, 0.252, 0.291, 0.33, 0.3695, 0.408, 0.4425, 0.473, 0.502, 0.5225, 0.542, 0.5585, 0.5725, 0.5865, 0.602, 0.6175, 0.6255, 0.632, 0.6395, 0.6465, 0.6565, 0.667, 0.676, 0.6855, 0.6995, 0.71, 0.717, 0.7215, 0.7265, 0.7305, 0.736, 0.7435, 0.747, 0.751, 0.7555, 0.7595, 0.762, 0.763, 0.7645, 0.7665, 0.7735, 0.783, 0.7855, 0.7855, 0.7855, 0.7855, 0.7855, 0.7855, 0.7855, 0.7855, 0.7855, 0.7855, 0.7855, 0.7855, 0.7855, 0.7855, 0.7855, 0.7855, 0.7855, 0.7855, 0.7855, 0.7855, 0.7855, 0.7855, 0.7855, 0.7855, 0.7855, 0.7855, 0.7855, 0.7855, 0.7855, 0.7855, 0.7855, 0.7855, 0.7855, 0.7855, 0.7855, 0.7855, 0.7855, 0.7855, 0.7855, 0.7855, 0.7855, 0.7855, 0.7855, 0.7855, 0.7855, 0.7855, 0.7855, 0.7855, 0.7855, 0.7855, 0.7855, 0.7855, 0.7855, 0.7855]","{""0"": 0.751, ""1"": 0.8669, ""2"": 0.7634, ""3"": 0.6437, ""4"": 0.8861, ""5"": 0.6398, ""6"": 0.8656, ""7"": 0.8648}","[0.7778, 1.0, 1.0, 0.4, 1.0, 0.875, 1.0, 0.8571, 0.7143, 0.8462, 0.7778, 0.7143, 0.8462, 1.0, 0.6667, 1.0, 1.0, 1.0, 1.0, 0.9, 0.9, 1.0, 0.7, 0.8333, 0.8, 1.0, 1.0, 0.7143, 0.8889, 0.8333, 0.5714, 1.0, 1.0, 1.0, 0.9167, 1.0, 1.0, 1.0, 0.8571, 1.0, 0.8571, 1.0, 0.8182, 1.0, 1.0, 1.0, 1.0, 1.0, 0.75, 0.6667, 1.0, 1.0, 0.875, 0.875, 0.0, 1.0, 1.0, 1.0, 1.0, 1.0, 1.0, 0.8571, 0.0, 1.0, 0.8333, 0.8333, 0.7778, 0.8, 1.0, 0.75, 0.0, 0.6, 0.7143, 0.8333, 1.0, 0.8462, 0.9, 1.0, 0.0, 1.0, 0.9231, 1.0, 1.0, 0.8, 0.8571, 0.8, 0.0, 0.8182, 0.8889, 0.875, 0.8889, 0.9, 1.0, 1.0, 0.0, 0.7143, 1.0, 0.9, 1.0, 0.8571, 1.0, 0.9091, 0.125, 0.7778, 0.625, 1.0, 0.8571, 1.0, 0.7143, 0.8571, 0.7, 1.0, 1.0, 0.7, 0.8571, 0.8333, 0.8571, 0.8571, 0.8333, 1.0, 0.9091, 0.75, 1.0, 0.875, 0.8889, 0.8, 1.0, 0.8333, 0.8, 0.7143, 0.7778, 0.9091, 1.0, 1.0, 0.8571, 0.9167, 1.0, 0.875, 0.9, 0.8462, 0.2, 1.0, 0.8333, 1.0, 1.0, 1.0, 0.8, 1.0, 0.0, 0.8571, 0.6, 1.0, 0.8333, 1.0, 0.875, 0.875, 0.0, 0.6364, 1.0, 0.6667, 1.0, 1.0, 0.5, 1.0, 0.0, 0.75, 0.9286, 0.5, 0.7778, 0.8889, 0.8889, 0.0769, 0.0, 1.0, 1.0, 0.8, 0.8889, 0.8571, 0.7333, 0.0, 0.0, 0.8, 0.8, 0.9167, 1.0, 1.0, 1.0, 0.0833, 0.1111, 0.75, 0.7143, 0.625, 0.6667, 0.75, 1.0, 1.0, 0.0, 0.875, 1.0, 0.8182, 0.8, 0.8333, 0.8571, 0.6, 0.0, 0.8, 0.875, 0.9167, 0.8182, 0.4, 0.8333, 0.8571, 1.0, 1.0, 0.8333, 0.7778, 0.75, 0.0, 0.7143, 0.7778, 0.9, 1.0, 0.7, 0.75, 1.0, 0.0909, 0.4286, 0.7, 1.0, 1.0, 0.6, 1.0, 1.0, 0.0, 0.8333, 1.0, 0.875, 0.9091, 0.8333, 0.9091, 0.8333, 0.0, 1.0, 0.8571, 0.7143, 0.8889, 0.6667, 0.8, 0.8333, 0.8182]","[1, 4, 5, 10, 12, 17, 18, 22, 23, 29, 40, 41, 44, 45, 46, 47, 58, 60, 65, 74, 75, 81, 82, 90, 91, 93, 96, 98, 99, 100, 101, 103, 108, 110, 114, 115, 119, 123, 125, 127, 128, 130, 131, 135, 142, 145, 146, 147, 150, 152, 153, 158, 161, 165, 166, 168, 170, 177, 178, 184, 190, 194, 195, 202, 211, 213, 216, 220, 221, 223, 224, 225, 227, 229, 230, 232, 234, 237, 243, 244, 248, 249]"
random,0.95,6,random,0.7135,0.7135,0.7135,1.0,0.7135,0.0,37,True,1427,0,284,289,0,"[0.05, 0.0735, 0.095, 0.1215, 0.1475, 0.1785, 0.2145, 0.2435, 0.268, 0.3035, 0.3305, 0.359, 0.386, 0.4035, 0.4255, 0.446, 0.468, 0.4885, 0.5115, 0.5265, 0.545, 0.5645, 0.585, 0.6095, 0.631, 0.6475, 0.664, 0.6775, 0.684, 0.69, 0.6955, 0.7005, 0.705, 0.7095, 0.712, 0.713, 0.7135, 0.7135, 0.7135, 0.7135, 0.7135, 0.7135, 0.7135, 0.7135, 0.7135, 0.7135, 0.7135, 0.7135, 0.7135, 0.7135, 0.7135, 0.7135, 0.7135, 0.7135, 0.7135, 0.7135, 0.7135, 0.7135, 0.7135, 0.7135, 0.7135, 0.7135, 0.7135, 0.7135, 0.7135, 0.7135, 0.7135, 0.7135, 0.7135, 0.7135, 0.7135, 0.7135, 0.7135, 0.7135, 0.7135, 0.7135, 0.7135, 0.7135, 0.7135, 0.7135, 0.7135, 0.7135, 0.7135, 0.7135, 0.7135, 0.7135, 0.7135, 0.7135, 0.7135, 0.7135, 0.7135, 0.7135, 0.7135, 0.7135, 0.7135, 0.7135, 0.7135, 0.7135, 0.7135, 0.7135, 0.7135]","{""0"": 0.874, ""1"": 0.7649, ""2"": 0.6992, ""3"": 0.605, ""4"": 0.8745, ""5"": 0.8655, ""6"": 0.3686, ""7"": 0.627}","[1.0, 1.0, 0.8889, 0.8, 0.9, 0.7778, 1.0, 0.2, 0.5, 0.5, 0.75, 1.0, 1.0, 0.8889, 1.0, 0.1429, 0.8571, 0.8, 1.0, 1.0, 0.8333, 1.0, 0.75, 0.1429, 0.9, 1.0, 1.0, 0.9167, 1.0, 1.0, 0.8571, 0.6, 0.6, 0.8571, 1.0, 0.7778, 1.0, 0.8571, 0.6, 1.0, 0.7143, 0.8571, 1.0, 0.5714, 0.7143, 1.0, 1.0, 1.0, 0.7, 0.875, 0.8333, 1.0, 0.7, 0.75, 0.7143, 0.875, 1.0, 0.9091, 0.0, 0.0, 0.8462, 0.75, 0.7778, 0.6667, 1.0, 0.9, 0.0, 1.0, 1.0, 1.0, 0.8889, 1.0, 1.0, 1.0, 0.0, 1.0, 1.0, 0.8333, 0.8333, 0.8333, 0.8571, 0.8333, 0.6, 0.8571, 0.0, 0.75, 1.0, 0.5714, 0.875, 1.0, 0.7, 0.9167, 0.0, 1.0, 1.0, 0.875, 0.7143, 0.9, 0.8, 0.9167, 0.1111, 0.8889, 0.6667, 0.8571, 0.6, 0.8, 1.0, 0.6667, 0.1333, 0.8571, 0.6667, 1.0, 0.7143, 1.0, 1.0, 0.8571, 0.0, 0.6667, 0.6667, 1.0, 0.8889, 0.6, 0.8889, 1.0, 0.1, 1.0, 1.0, 0.75, 0.7778, 0.6923, 0.75, 1.0, 1.0, 0.9167, 0.6667, 0.6, 1.0, 0.8571, 0.9231, 1.0, 1.0, 1.0, 1.0, 0.0, 0.8889, 0.7143, 0.5714, 0.7778, 1.0, 0.7143, 1.0, 0.0, 0.8571, 0.875, 0.8571, 0.8889, 0.7143, 0.8571, 0.875, 0.0, 0.8571, 1.0, 0.9286, 0.8182, 0.875, 0.8889, 1.0, 0.1429, 0.9091, 1.0, 0.7778, 0.8462, 0.7143, 0.8182, 1.0, 0.0, 0.7, 0.75, 0.75, 1.0, 0.75, 0.8, 0.875, 0.0, 0.8, 0.8333, 1.0, 0.75, 0.8889, 0.9231, 0.875, 0.0, 1.0, 0.7778, 0.6, 0.7143, 0.8, 0.8182, 1.0, 0.0, 0.0, 1.0, 1.0, 0.1667, 0.0, 1.0, 1.0, 0.0, 0.0, 0.75, 0.875, 0.0909, 0.0, 0.9, 1.0, 0.0, 0.1111, 1.0, 0.8571, 0.0, 0.25, 1.0, 0.2, 0.0, 0.0, 0.8182, 0.8, 0.0, 0.7143, 1.0, 0.8571, 0.0, 0.0, 1.0, 1.0, 0.0, 0.5714, 0.9, 1.0, 0.0, 0.125, 0.8333, 0.8571, 0.0, 0.8571, 0.5, 1.0, 0.0, 0.1, 0.8889]","[0, 3, 5, 7, 8, 13, 15, 16, 19, 21, 23, 24, 25, 26, 28, 30, 35, 39, 45, 46, 48, 51, 52, 54, 55, 57, 62, 63, 65, 67, 68, 71, 73, 75, 77, 80, 83, 89, 93, 98, 99, 100, 101, 103, 109, 113, 114, 117, 118, 120, 122, 134, 138, 139, 140, 142, 147, 148, 158, 160, 163, 168, 172, 176, 178, 180, 181, 184, 185, 186, 187, 189, 193, 197, 201, 206, 209, 210, 213, 216, 217, 225, 226, 233, 240]"
random,0.95,7,random,0.6275,0.6275,0.6275,1.0,0.6275,0.0,34,True,1255,0,261,484,0,"[0.05, 0.071, 0.092, 0.1195, 0.1525, 0.184, 0.2105, 0.2345, 0.2575, 0.288, 0.3075, 0.323, 0.3415, 0.3595, 0.3815, 0.403, 0.4215, 0.44, 0.4645, 0.488, 0.507, 0.52, 0.532, 0.5415, 0.553, 0.5645, 0.5785, 0.589, 0.6005, 0.6085, 0.617, 0.6235, 0.627, 0.6275, 0.6275, 0.6275, 0.6275, 0.6275, 0.6275, 0.6275, 0.6275, 0.6275, 0.6275, 0.6275, 0.6275, 0.6275, 0.6275, 0.6275, 0.6275, 0.6275, 0.6275, 0.6275, 0.6275, 0.6275, 0.6275, 0.6275, 0.6275, 0.6275, 0.6275, 0.6275, 0.6275, 0.6275, 0.6275, 0.6275, 0.6275, 0.6275, 0.6275, 0.6275, 0.6275, 0.6275, 0.6275, 0.6275, 0.6275, 0.6275, 0.6275, 0.6275, 0.6275, 0.6275, 0.6275, 0.6275, 0.6275, 0.6275, 0.6275, 0.6275, 0.6275, 0.6275, 0.6275, 0.6275, 0.6275, 0.6275, 0.6275, 0.6275, 0.6275, 0.6275, 0.6275, 0.6275, 0.6275, 0.6275, 0.6275, 0.6275, 0.6275]","{""0"": 0.436, ""1"": 0.7783, ""2"": 0.7137, ""3"": 0.9052, ""4"": 0.2713, ""5"": 0.1378, ""6"": 0.8589, ""7"": 0.9203}","[0.6667, 0.6667, 1.0, 1.0, 1.0, 0.0, 0.0, 0.6667, 1.0, 1.0, 0.8571, 0.4444, 1.0, 0.0, 0.0, 1.0, 0.9286, 1.0, 1.0, 0.5, 1.0, 0.0, 0.1111, 1.0, 1.0, 0.7143, 0.875, 0.0, 0.8, 0.1429, 0.0, 0.8889, 0.9091, 0.8333, 0.8889, 0.0, 0.7143, 0.0, 0.0, 0.875, 0.8571, 0.75, 0.8889, 0.0, 1.0, 0.0, 0.0, 0.875, 1.0, 1.0, 0.8571, 0.0, 0.9091, 0.0, 0.8889, 0.9, 0.9231, 0.8571, 1.0, 0.75, 0.6667, 0.0, 0.8889, 0.9091, 0.8, 0.75, 1.0, 0.8333, 1.0, 0.0, 1.0, 0.8889, 0.8571, 1.0, 1.0, 0.8571, 1.0, 0.0, 0.1, 0.875, 1.0, 1.0, 0.8571, 0.8, 1.0, 0.0, 0.0, 0.8182, 1.0, 0.4286, 0.8, 0.6667, 1.0, 0.0, 0.0, 1.0, 0.8571, 0.8571, 1.0, 0.75, 0.75, 0.0, 0.0, 0.8333, 1.0, 0.375, 0.8, 0.8462, 1.0, 0.125, 0.1429, 0.8889, 1.0, 0.1818, 0.5714, 0.8333, 0.75, 0.0, 0.1111, 1.0, 0.8182, 0.0, 0.0, 0.9091, 1.0, 0.3333, 0.0, 0.9, 1.0, 0.0, 0.0, 1.0, 0.8333, 0.8, 0.1, 0.4, 0.9, 0.125, 0.0, 1.0, 0.8889, 0.8571, 0.1429, 0.9375, 0.75, 0.0, 0.7, 0.8, 0.9091, 0.6, 0.0, 0.5714, 1.0, 0.0, 1.0, 1.0, 1.0, 1.0, 0.0, 0.6667, 0.9, 0.0, 1.0, 0.6667, 0.8571, 0.75, 0.1, 0.7143, 0.9, 0.0, 0.5714, 0.875, 0.8571, 0.8889, 0.0, 1.0, 0.75, 0.1111, 1.0, 1.0, 1.0, 0.8889, 0.0, 1.0, 1.0, 0.0, 0.875, 0.7778, 0.8571, 0.875, 0.0, 0.75, 0.8333, 0.0, 0.6667, 1.0, 0.8889, 0.8571, 0.0, 0.7143, 1.0, 0.125, 1.0, 0.9, 0.7778, 0.0, 0.0833, 0.8182, 1.0, 0.1111, 1.0, 1.0, 1.0, 0.0, 0.0, 1.0, 1.0, 0.1429, 1.0, 0.6, 1.0, 0.0, 0.125, 0.8, 1.0, 0.0, 0.75, 0.8, 0.7692, 0.0909, 0.0, 0.8571, 0.8333, 1.0, 0.8333, 1.0, 1.0, 0.0, 0.25, 0.9, 0.875, 0.875, 0.8571, 0.8, 0.8333, 0.2, 0.0, 1.0, 0.8571, 0.8]","[3, 8, 9, 11, 16, 17, 18, 22, 24, 26, 29, 31, 34, 49, 54, 55, 62, 64, 68, 70, 72, 73, 74, 75, 79, 80, 83, 90, 91, 92, 97, 103, 107, 109, 113, 114, 115, 116, 118, 119, 124, 131, 133, 134, 137, 142, 143, 144, 146, 147, 148, 149, 162, 165, 173, 177, 180, 183, 184, 187, 188, 191, 195, 199, 200, 201, 203, 204, 206, 207, 208, 209, 211, 212, 215, 216, 218, 222, 223, 229, 231, 233, 235, 236, 238, 241, 244, 245, 249]"
random,0.95,8,random,0.7105,0.7105,0.7105,1.0,0.7105,0.0,48,True,1421,0,272,307,0,"[0.05, 0.069, 0.0915, 0.1145, 0.14, 0.1595, 0.179, 0.2035, 0.2245, 0.2475, 0.27, 0.2895, 0.3085, 0.327, 0.348, 0.373, 0.396, 0.4165, 0.4405, 0.4655, 0.485, 0.5055, 0.522, 0.539, 0.5535, 0.5715, 0.5905, 0.6075, 0.6175, 0.626, 0.6325, 0.641, 0.6455, 0.65, 0.654, 0.66, 0.6645, 0.6685, 0.675, 0.686, 0.6945, 0.6985, 0.7035, 0.706, 0.7075, 0.709, 0.71, 0.7105, 0.7105, 0.7105, 0.7105, 0.7105, 0.7105, 0.7105, 0.7105, 0.7105, 0.7105, 0.7105, 0.7105, 0.7105, 0.7105, 0.7105, 0.7105, 0.7105, 0.7105, 0.7105, 0.7105, 0.7105, 0.7105, 0.7105, 0.7105, 0.7105, 0.7105, 0.7105, 0.7105, 0.7105, 0.7105, 0.7105, 0.7105, 0.7105, 0.7105, 0.7105, 0.7105, 0.7105, 0.7105, 0.7105, 0.7105, 0.7105, 0.7105, 0.7105, 0.7105, 0.7105, 0.7105, 0.7105, 0.7105, 0.7105, 0.7105, 0.7105, 0.7105, 0.7105, 0.7105]","{""0"": 0.8851, ""1"": 0.8202, ""2"": 0.0381, ""3"": 0.8516, ""4"": 0.5, ""5"": 0.8157, ""6"": 0.8458, ""7"": 0.8996}","[0.8889, 0.8182, 0.7692, 0.0, 0.9231, 0.875, 0.8, 1.0, 0.8, 1.0, 1.0, 0.0, 0.875, 0.125, 0.8333, 1.0, 1.0, 0.8182, 1.0, 0.0, 0.7273, 0.0, 0.9286, 0.75, 0.8333, 1.0, 1.0, 0.0, 0.75, 0.6667, 0.8889, 0.6667, 1.0, 0.8333, 0.7778, 0.0, 0.9, 1.0, 0.875, 0.7143, 0.8, 1.0, 0.8571, 0.0, 0.5714, 1.0, 1.0, 1.0, 0.8889, 0.8333, 0.7778, 0.0, 0.6667, 0.9, 0.8, 1.0, 0.7143, 0.875, 1.0, 0.0, 1.0, 0.75, 1.0, 0.875, 0.9, 0.875, 0.9231, 0.125, 1.0, 0.9, 0.875, 0.9, 1.0, 0.875, 0.875, 0.1429, 0.8182, 0.9, 0.8333, 0.8, 0.8, 1.0, 0.7, 0.0, 1.0, 0.8571, 0.8889, 1.0, 1.0, 0.875, 0.875, 0.0, 0.8889, 0.8333, 1.0, 0.625, 1.0, 1.0, 0.875, 0.0, 0.6, 1.0, 0.8333, 0.6364, 0.75, 1.0, 0.8333, 0.0, 1.0, 1.0, 0.9, 1.0, 1.0, 0.75, 0.7692, 0.0909, 0.875, 0.8889, 1.0, 0.9333, 1.0, 0.7143, 0.6, 0.0, 1.0, 1.0, 1.0, 1.0, 1.0, 1.0, 0.8, 0.0, 0.625, 1.0, 1.0, 1.0, 0.8571, 1.0, 0.6667, 0.0, 1.0, 0.8182, 1.0, 0.8333, 0.8889, 0.8333, 0.6667, 0.25, 0.8, 0.7143, 1.0, 0.8333, 1.0, 1.0, 1.0, 0.0, 0.8333, 1.0, 0.5714, 0.8, 0.875, 0.6, 0.6667, 0.1667, 0.6667, 0.0, 1.0, 0.875, 0.8571, 1.0, 0.8333, 0.0, 0.7143, 0.125, 0.9, 0.75, 1.0, 0.8, 1.0, 0.0, 0.7778, 0.0, 0.9, 0.8, 1.0, 1.0, 0.875, 0.0, 0.8333, 0.0, 0.5, 0.8571, 0.8571, 0.75, 0.5455, 0.0, 0.7273, 0.0, 0.8182, 0.875, 1.0, 0.8, 0.8571, 0.0, 0.9286, 0.0, 0.875, 1.0, 1.0, 1.0, 0.875, 0.25, 1.0, 0.0, 1.0, 0.5556, 0.7778, 1.0, 0.625, 0.0, 1.0, 0.0769, 1.0, 0.7778, 0.8571, 0.8571, 1.0, 0.0, 0.9, 0.0, 0.75, 0.8, 0.875, 1.0, 1.0, 0.0, 1.0, 0.1667, 0.0, 0.6667, 0.9, 0.8571, 0.5, 0.1111, 0.8571, 0.1, 0.0833, 0.8889, 1.0, 0.8889]","[2, 4, 7, 10, 12, 14, 15, 16, 17, 37, 44, 46, 48, 49, 53, 58, 64, 65, 68, 69, 72, 74, 75, 76, 77, 79, 81, 82, 84, 85, 90, 92, 94, 98, 106, 109, 110, 111, 113, 115, 117, 118, 121, 126, 133, 134, 135, 138, 143, 147, 152, 158, 163, 167, 173, 175, 178, 191, 192, 201, 202, 206, 207, 208, 210, 211, 214, 221, 222, 226, 228, 230, 231, 236, 239, 241, 243, 244, 245, 248]"
random,0.95,9,random,0.803,0.803,0.803,1.0,0.803,-0.0,35,True,1606,0,290,104,0,"[0.05, 0.079, 0.104, 0.131, 0.1625, 0.2035, 0.249, 0.2885, 0.3215, 0.361, 0.404, 0.443, 0.486, 0.5255, 0.557, 0.5915, 0.62, 0.645, 0.668, 0.6965, 0.717, 0.7315, 0.746, 0.7535, 0.758, 0.764, 0.773, 0.7795, 0.783, 0.786, 0.7925, 0.798, 0.801, 0.802, 0.803, 0.803, 0.803, 0.803, 0.803, 0.803, 0.803, 0.803, 0.803, 0.803, 0.803, 0.803, 0.803, 0.803, 0.803, 0.803, 0.803, 0.803, 0.803, 0.803, 0.803, 0.803, 0.803, 0.803, 0.803, 0.803, 0.803, 0.803, 0.803, 0.803, 0.803, 0.803, 0.803, 0.803, 0.803, 0.803, 0.803, 0.803, 0.803, 0.803, 0.803, 0.803, 0.803, 0.803, 0.803, 0.803, 0.803, 0.803, 0.803, 0.803, 0.803, 0.803, 0.803, 0.803, 0.803, 0.803, 0.803, 0.803, 0.803, 0.803, 0.803, 0.803, 0.803, 0.803, 0.803, 0.803, 0.803]","{""0"": 0.9021, ""1"": 0.8415, ""2"": 0.5448, ""3"": 0.736, ""4"": 0.8484, ""5"": 0.8559, ""6"": 0.8295, ""7"": 0.893}","[1.0, 0.6667, 0.7143, 0.0, 0.9091, 0.9091, 0.8333, 0.8182, 1.0, 0.8571, 0.7, 0.125, 1.0, 0.5714, 0.4286, 0.8182, 0.8889, 0.8889, 0.8, 0.0, 0.8889, 1.0, 1.0, 0.5, 1.0, 1.0, 0.5714, 0.125, 0.875, 1.0, 0.875, 0.875, 1.0, 0.6667, 0.875, 0.8333, 0.8571, 0.9, 0.9, 0.75, 1.0, 1.0, 1.0, 0.8, 0.75, 0.6667, 1.0, 1.0, 0.6667, 1.0, 0.8889, 0.8, 1.0, 1.0, 0.8333, 0.875, 1.0, 0.75, 1.0, 0.8, 0.8571, 0.8571, 1.0, 0.7143, 1.0, 0.8571, 0.8889, 1.0, 0.7143, 0.6667, 1.0, 1.0, 0.75, 1.0, 0.625, 0.8, 0.8333, 1.0, 0.8, 0.8, 0.7778, 0.8333, 0.8889, 0.75, 1.0, 0.8333, 0.8, 0.75, 0.8333, 1.0, 0.7, 0.7778, 0.6, 1.0, 0.875, 1.0, 0.7143, 0.8, 1.0, 1.0, 0.6364, 0.7778, 0.9, 1.0, 1.0, 1.0, 0.2857, 0.8571, 0.7143, 1.0, 0.8571, 0.5714, 1.0, 0.8889, 0.7143, 0.8333, 0.8889, 0.875, 0.8333, 0.5714, 1.0, 1.0, 1.0, 0.8, 1.0, 1.0, 0.75, 0.7778, 0.8333, 0.9, 1.0, 0.8889, 0.9, 1.0, 0.8, 0.5714, 1.0, 0.8889, 0.8, 0.9, 1.0, 0.8182, 0.875, 0.7, 1.0, 1.0, 1.0, 0.625, 0.8, 0.6, 0.8333, 0.9167, 1.0, 0.9, 0.8889, 0.7273, 0.0, 0.75, 0.7778, 0.7778, 0.8571, 0.8889, 0.8, 0.8333, 0.0, 0.6667, 0.7143, 1.0, 0.7778, 0.6667, 0.9375, 1.0, 0.0, 0.8571, 0.7143, 1.0, 0.7143, 0.7143, 1.0, 0.8, 0.3333, 0.6667, 0.8, 0.8, 0.9167, 0.875, 0.9, 1.0, 0.0, 0.6, 0.8462, 0.7778, 1.0, 1.0, 1.0, 1.0, 0.8571, 0.8462, 1.0, 0.8, 0.9, 1.0, 0.9167, 0.0, 0.8571, 0.75, 1.0, 1.0, 1.0, 1.0, 0.8333, 0.0, 0.75, 0.8571, 0.8, 0.8, 1.0, 0.9, 0.9286, 0.0909, 0.8889, 0.9, 0.7143, 0.875, 0.4286, 1.0, 0.75, 0.1333, 1.0, 1.0, 1.0, 1.0, 0.9231, 1.0, 0.7, 0.0909, 0.9, 0.8571, 0.8889, 0.8889, 0.75, 1.0, 0.8, 0.0, 0.7692, 0.6667, 1.0, 0.75, 1.0, 1.0]","[4, 5, 6, 11, 14, 15, 16, 17, 21, 31, 36, 37, 39, 42, 45, 50, 56, 60, 61, 65, 66, 70, 73, 79, 82, 83, 84, 85, 86, 90, 91, 95, 96, 97, 101, 103, 113, 119, 125, 126, 127, 130, 131, 132, 136, 140, 142, 144, 150, 151, 152, 154, 159, 162, 165, 166, 167, 168, 179, 184, 185, 189, 193, 194, 197, 201, 202, 205, 209, 212, 215, 216, 218, 221, 223, 226, 227, 234, 235, 236, 238, 239, 240, 244, 249]"
random,0.95,10,random,0.673,0.673,0.673,1.0,0.673,0.0,35,True,1346,0,301,353,0,"[0.05, 0.074, 0.096, 0.1215, 0.153, 0.183, 0.2185, 0.2545, 0.2925, 0.328, 0.3525, 0.38, 0.4015, 0.424, 0.45, 0.4745, 0.493, 0.5145, 0.536, 0.548, 0.561, 0.574, 0.5855, 0.5955, 0.605, 0.6145, 0.6215, 0.629, 0.6415, 0.656, 0.665, 0.669, 0.6705, 0.672, 0.673, 0.673, 0.673, 0.673, 0.673, 0.673, 0.673, 0.673, 0.673, 0.673, 0.673, 0.673, 0.673, 0.673, 0.673, 0.673, 0.673, 0.673, 0.673, 0.673, 0.673, 0.673, 0.673, 0.673, 0.673, 0.673, 0.673, 0.673, 0.673, 0.673, 0.673, 0.673, 0.673, 0.673, 0.673, 0.673, 0.673, 0.673, 0.673, 0.673, 0.673, 0.673, 0.673, 0.673, 0.673, 0.673, 0.673, 0.673, 0.673, 0.673, 0.673, 0.673, 0.673, 0.673, 0.673, 0.673, 0.673, 0.673, 0.673, 0.673, 0.673, 0.673, 0.673, 0.673, 0.673, 0.673, 0.673]","{""0"": 0.0409, ""1"": 0.6017, ""2"": 0.6946, ""3"": 0.691, ""4"": 0.8397, ""5"": 0.8766, ""6"": 0.8206, ""7"": 0.8566}","[0.7778, 0.1111, 0.0, 0.8571, 1.0, 0.8889, 0.8889, 0.6923, 1.0, 0.125, 0.1429, 0.9, 0.75, 0.9091, 1.0, 0.9091, 0.8333, 0.0, 0.0, 1.0, 0.8333, 0.7143, 0.75, 1.0, 0.7143, 0.0909, 0.0, 0.9091, 0.8889, 0.6667, 0.9091, 0.8333, 1.0, 0.25, 0.0, 0.7273, 1.0, 0.8571, 1.0, 0.875, 1.0, 0.0, 0.8889, 0.8889, 0.7143, 0.875, 1.0, 0.5, 0.8, 0.0909, 1.0, 1.0, 0.75, 0.9091, 0.8571, 0.625, 0.875, 0.0, 0.75, 0.8182, 1.0, 0.875, 1.0, 0.8889, 0.8889, 0.0, 1.0, 0.8, 0.8333, 0.5556, 0.8, 0.5714, 1.0, 0.0, 0.8571, 1.0, 0.8889, 0.7692, 0.8, 0.875, 0.8, 0.0, 1.0, 1.0, 1.0, 1.0, 0.7, 0.6, 1.0, 0.1667, 0.6667, 0.8571, 0.9, 0.75, 1.0, 0.9, 0.6667, 0.0, 0.8571, 0.8, 1.0, 0.9167, 0.5714, 0.75, 1.0, 0.0, 0.6667, 1.0, 0.8, 1.0, 0.8, 0.875, 0.8, 0.0, 0.9, 0.75, 1.0, 0.8667, 0.8333, 0.75, 0.8, 0.0, 0.8333, 0.6667, 0.7143, 1.0, 1.0, 1.0, 0.75, 0.0, 1.0, 0.75, 0.0, 0.8571, 0.75, 0.875, 1.0, 0.0, 1.0, 0.8333, 0.0, 0.6667, 0.8889, 0.8889, 0.5714, 0.0, 0.8571, 0.8571, 0.0, 0.9091, 0.8889, 0.8, 0.8571, 0.0, 0.8, 0.8333, 0.0, 0.8, 1.0, 0.8333, 0.875, 0.0667, 0.75, 0.2, 0.1667, 0.6, 0.8, 0.75, 0.8182, 0.0, 0.8, 0.0, 0.0, 1.0, 0.7, 0.8889, 0.8889, 0.375, 1.0, 0.0, 0.0, 1.0, 1.0, 1.0, 1.0, 0.0, 0.875, 0.0, 0.2857, 0.7273, 0.8571, 0.875, 0.8571, 0.0, 1.0, 0.1429, 0.8333, 0.75, 1.0, 0.75, 0.8889, 0.0, 0.6, 0.0625, 1.0, 0.875, 1.0, 0.75, 0.8333, 0.0, 0.75, 0.8333, 1.0, 1.0, 1.0, 0.6, 0.7778, 0.0, 0.8182, 0.8333, 0.8571, 1.0, 1.0, 1.0, 0.9167, 0.0, 0.0, 0.7143, 0.8571, 0.8889, 0.6667, 0.8889, 0.875, 0.0, 0.0, 0.8, 0.9167, 0.7, 1.0, 0.875, 0.8571, 0.0, 0.0, 1.0, 1.0, 0.8571, 0.8182, 0.8889, 0.6429, 0.0]","[1, 3, 5, 9, 10, 11, 12, 13, 15, 16, 20, 21, 23, 29, 31, 32, 33, 37, 40, 42, 43, 51, 64, 68, 69, 74, 76, 77, 85, 89, 94, 95, 96, 99, 100, 103, 106, 107, 108, 112, 114, 117, 119, 125, 127, 130, 131, 136, 141, 142, 143, 150, 157, 166, 168, 176, 177, 178, 182, 188, 192, 196, 204, 205, 206, 213, 214, 218, 222, 224, 227, 230, 236, 239, 243, 244, 246, 247, 248]"
random,0.95,11,random,0.692,0.692,0.692,1.0,0.692,0.0,34,True,1384,0,273,343,0,"[0.05, 0.073, 0.097, 0.129, 0.1735, 0.221, 0.2675, 0.316, 0.3645, 0.4155, 0.4545, 0.479, 0.499, 0.5215, 0.537, 0.5485, 0.559, 0.569, 0.576, 0.581, 0.585, 0.5915, 0.599, 0.6105, 0.6235, 0.6355, 0.647, 0.658, 0.667, 0.675, 0.6815, 0.6865, 0.6905, 0.692, 0.692, 0.692, 0.692, 0.692, 0.692, 0.692, 0.692, 0.692, 0.692, 0.692, 0.692, 0.692, 0.692, 0.692, 0.692, 0.692, 0.692, 0.692, 0.692, 0.692, 0.692, 0.692, 0.692, 0.692, 0.692, 0.692, 0.692, 0.692, 0.692, 0.692, 0.692, 0.692, 0.692, 0.692, 0.692, 0.692, 0.692, 0.692, 0.692, 0.692, 0.692, 0.692, 0.692, 0.692, 0.692, 0.692, 0.692, 0.692, 0.692, 0.692, 0.692, 0.692, 0.692, 0.692, 0.692, 0.692, 0.692, 0.692, 0.692, 0.692, 0.692, 0.692, 0.692, 0.692, 0.692, 0.692, 0.692]","{""0"": 0.0847, ""1"": 0.8798, ""2"": 0.8125, ""3"": 0.8544, ""4"": 0.324, ""5"": 0.8419, ""6"": 0.8718, ""7"": 0.8678}","[0.6667, 0.0, 0.9167, 0.9, 1.0, 0.0, 1.0, 0.8, 0.9, 0.0, 0.8462, 0.8462, 0.875, 0.0, 0.8333, 1.0, 0.8333, 0.0, 0.875, 0.8889, 1.0, 0.0, 0.5714, 0.7778, 1.0, 0.0, 0.8, 0.875, 1.0, 1.0, 0.75, 0.8333, 1.0, 0.0, 1.0, 0.6667, 1.0, 0.8333, 1.0, 1.0, 0.8889, 0.0, 0.8333, 0.75, 1.0, 1.0, 1.0, 1.0, 0.7, 0.2, 1.0, 1.0, 0.6667, 0.9167, 0.9, 0.8889, 0.5714, 0.2, 0.625, 0.8571, 0.7, 0.7857, 0.8571, 0.875, 0.7778, 0.0, 1.0, 0.625, 0.8462, 0.8571, 0.875, 0.9, 0.875, 0.0, 0.8182, 1.0, 0.8182, 1.0, 0.8, 1.0, 0.75, 0.0, 0.75, 0.9091, 0.6364, 0.0, 0.7143, 0.6, 0.875, 0.0714, 0.75, 0.8333, 0.9091, 0.0, 0.7778, 1.0, 0.75, 0.0, 0.8182, 0.9091, 1.0, 0.0, 1.0, 1.0, 0.875, 0.25, 0.9091, 1.0, 0.8182, 0.2, 1.0, 0.7143, 0.7143, 1.0, 0.7143, 0.8571, 0.8333, 0.0, 1.0, 0.8889, 1.0, 0.0, 1.0, 0.5714, 0.7273, 0.0, 0.8889, 0.7, 1.0, 0.0, 1.0, 0.0, 0.8, 1.0, 0.875, 0.5, 1.0, 0.75, 1.0, 0.7143, 0.8333, 0.75, 0.6, 1.0, 0.9091, 0.0, 1.0, 0.8571, 0.8, 1.0, 0.7143, 0.8, 0.8889, 0.125, 0.9, 0.8571, 0.9, 0.0, 0.75, 0.8333, 0.6, 0.0, 0.8333, 0.9091, 0.7778, 0.0, 0.875, 1.0, 1.0, 0.0, 0.8571, 0.8889, 0.75, 0.1667, 1.0, 0.7143, 0.8182, 0.0, 0.8571, 0.75, 0.875, 0.0, 1.0, 0.9, 0.75, 0.1429, 1.0, 0.875, 1.0, 0.0, 0.8, 1.0, 1.0, 0.0, 0.8889, 0.6667, 0.8, 0.1429, 0.6667, 1.0, 1.0, 0.125, 0.6, 0.5833, 0.9167, 0.1111, 0.8571, 0.875, 0.7778, 0.0, 0.8, 0.7778, 0.8333, 0.0, 0.625, 0.875, 0.875, 0.0, 0.8, 0.8571, 0.8, 0.0, 1.0, 1.0, 1.0, 0.0, 1.0, 1.0, 1.0, 0.0, 0.8333, 0.875, 0.8333, 0.1111, 1.0, 1.0, 1.0, 0.0, 0.875, 0.8, 0.8333, 0.25, 1.0, 0.9, 0.8, 0.0, 0.875, 0.8889, 1.0, 0.1667]","[4, 7, 10, 11, 12, 18, 23, 24, 29, 30, 31, 32, 44, 45, 47, 49, 51, 52, 53, 55, 59, 60, 63, 67, 69, 74, 78, 89, 91, 94, 100, 102, 103, 107, 108, 109, 111, 113, 115, 123, 126, 127, 128, 133, 136, 137, 139, 146, 149, 150, 151, 152, 153, 154, 155, 163, 166, 168, 170, 171, 173, 175, 179, 185, 198, 199, 200, 201, 203, 210, 212, 214, 215, 218, 219, 220, 223, 228, 230, 233, 235, 241, 242, 244, 246]"
cluster,0.5,0,cluster,0.2985,0.2985,0.2985,1.0,0.2985,0.0,28,True,597,0,277,1126,0,"[0.05, 0.066, 0.08, 0.0905, 0.1015, 0.112, 0.126, 0.1395, 0.1545, 0.17, 0.1835, 0.1975, 0.2065, 0.2165, 0.2295, 0.2395, 0.2455, 0.253, 0.2615, 0.269, 0.275, 0.2795, 0.283, 0.289, 0.294, 0.296, 0.298, 0.2985, 0.2985, 0.2985, 0.2985, 0.2985, 0.2985, 0.2985, 0.2985, 0.2985, 0.2985, 0.2985, 0.2985, 0.2985, 0.2985, 0.2985, 0.2985, 0.2985, 0.2985, 0.2985, 0.2985, 0.2985, 0.2985, 0.2985, 0.2985, 0.2985, 0.2985, 0.2985, 0.2985, 0.2985, 0.2985, 0.2985, 0.2985, 0.2985, 0.2985, 0.2985, 0.2985, 0.2985, 0.2985, 0.2985, 0.2985, 0.2985, 0.2985, 0.2985, 0.2985, 0.2985, 0.2985, 0.2985, 0.2985, 0.2985, 0.2985, 0.2985, 0.2985, 0.2985, 0.2985, 0.2985, 0.2985, 0.2985, 0.2985, 0.2985, 0.2985, 0.2985, 0.2985, 0.2985, 0.2985, 0.2985, 0.2985, 0.2985, 0.2985, 0.2985, 0.2985, 0.2985, 0.2985, 0.2985, 0.2985]","{""0"": 0.4345, ""1"": 0.0639, ""2"": 0.1157, ""3"": 0.1507, ""4"": 0.4231, ""5"": 0.2894, ""6"": 0.8934, ""7"": 0.0236}","[0.5556, 1.0, 0.0909, 0.1, 0.0, 0.0, 0.0, 0.8889, 0.1, 0.9, 0.0, 0.0, 0.0, 0.0, 0.0, 0.6667, 0.0, 0.75, 0.0, 0.0, 0.0, 0.0, 0.0769, 1.0, 0.0, 0.0, 0.0, 0.0, 0.0, 0.0, 0.0, 1.0, 0.0, 0.0, 0.625, 0.0, 0.0, 0.0, 0.0, 0.9091, 0.0, 0.0909, 1.0, 0.0, 0.0, 0.0909, 0.0, 0.8333, 0.0, 0.8571, 0.2, 0.0, 0.1111, 0.0, 0.0, 1.0, 0.0, 1.0, 0.0, 0.0, 0.0, 0.0, 0.0, 1.0, 0.0, 0.875, 0.0, 0.0, 0.0, 0.0, 0.1429, 0.875, 0.0, 1.0, 0.0, 0.0, 0.0, 0.0, 0.1667, 1.0, 0.0, 0.4, 0.0, 0.0, 0.0, 0.8333, 0.0, 0.8, 0.0, 0.7, 0.1429, 0.0, 0.4, 0.8571, 0.0, 1.0, 0.1111, 0.0, 0.0, 0.0, 0.7778, 0.75, 0.0, 0.8, 0.0, 0.0, 0.0, 0.0, 1.0, 0.875, 0.0, 1.0, 0.0, 0.0, 0.0, 0.0, 0.8333, 0.8889, 0.875, 0.8571, 0.0714, 0.0, 0.0, 0.0, 0.75, 1.0, 0.4, 0.875, 0.0, 0.0, 0.0, 0.0, 0.0, 0.9, 1.0, 0.8182, 0.1, 0.5556, 0.0, 0.0, 0.0, 1.0, 0.9333, 1.0, 0.0, 0.8333, 0.0, 0.0, 0.0, 0.875, 1.0, 1.0, 0.0833, 1.0, 0.0, 0.0, 0.25, 0.6667, 0.75, 1.0, 0.1667, 1.0, 0.0, 0.0, 0.1667, 0.9, 0.9333, 1.0, 0.0, 0.8, 0.0, 1.0, 0.125, 0.7778, 0.875, 0.75, 0.0, 0.6667, 0.0769, 0.0, 0.0, 1.0, 1.0, 0.8571, 0.0, 0.875, 0.0, 0.0, 0.0, 0.625, 0.0769, 0.8182, 0.0, 0.8889, 0.0, 0.0, 0.0, 1.0, 0.0, 0.7143, 0.0, 0.0, 0.0, 0.0, 0.0, 0.0, 0.0, 0.6667, 0.0, 0.0, 0.0, 0.0, 0.0, 0.0, 0.0, 0.875, 0.0, 0.1111, 0.1, 0.8182, 0.0, 0.0833, 0.0, 1.0, 0.0, 0.0, 0.0, 1.0, 0.0, 0.0, 0.0, 1.0, 0.0, 0.0, 0.0, 1.0, 0.0, 0.0, 0.0, 1.0, 0.0, 0.0, 0.0, 0.0, 0.0, 0.0, 0.0, 0.6667, 0.0, 0.0]","[1, 31, 73, 108, 111, 125, 150, 161, 171, 181, 223, 235]"
cluster,0.5,1,cluster,0.6485,0.6485,0.6485,1.0,0.6485,-0.0,59,True,1297,0,289,414,0,"[0.05, 0.074, 0.098, 0.121, 0.1365, 0.1505, 0.1655, 0.1825, 0.1955, 0.2125, 0.2265, 0.2395, 0.2475, 0.2565, 0.268, 0.277, 0.2825, 0.287, 0.2905, 0.2955, 0.303, 0.3155, 0.32, 0.323, 0.33, 0.3375, 0.3445, 0.3555, 0.363, 0.37, 0.378, 0.3875, 0.4, 0.4145, 0.4275, 0.438, 0.4485, 0.459, 0.4725, 0.486, 0.4965, 0.51, 0.5195, 0.5325, 0.5455, 0.5575, 0.5685, 0.581, 0.593, 0.607, 0.612, 0.6175, 0.624, 0.6345, 0.6435, 0.646, 0.647, 0.648, 0.6485, 0.6485, 0.6485, 0.6485, 0.6485, 0.6485, 0.6485, 0.6485, 0.6485, 0.6485, 0.6485, 0.6485, 0.6485, 0.6485, 0.6485, 0.6485, 0.6485, 0.6485, 0.6485, 0.6485, 0.6485, 0.6485, 0.6485, 0.6485, 0.6485, 0.6485, 0.6485, 0.6485, 0.6485, 0.6485, 0.6485, 0.6485, 0.6485, 0.6485, 0.6485, 0.6485, 0.6485, 0.6485, 0.6485, 0.6485, 0.6485, 0.6485, 0.6485]","{""0"": 0.663, ""1"": 0.3621, ""2"": 0.1551, ""3"": 0.9036, ""4"": 0.8333, ""5"": 0.8623, ""6"": 0.718, ""7"": 0.682}","[0.4444, 0.5, 0.0, 0.0, 0.875, 0.9167, 0.625, 1.0, 1.0, 0.6364, 0.0, 0.0, 0.6, 1.0, 0.8, 0.75, 0.8889, 1.0, 0.0, 0.0, 0.6667, 1.0, 1.0, 1.0, 0.0714, 0.7778, 0.0, 0.0, 1.0, 0.6667, 0.8182, 0.6667, 0.0, 0.7778, 0.0, 0.0, 1.0, 0.8571, 0.6, 0.6667, 0.0, 0.5, 0.0, 0.0, 1.0, 0.7143, 1.0, 0.875, 0.0, 0.0, 0.0, 0.0, 1.0, 0.7, 0.875, 0.8333, 0.0, 0.0, 0.0, 0.0, 0.8333, 0.8, 0.8889, 1.0, 0.0, 0.0, 0.0, 0.0, 0.8571, 0.875, 0.7778, 1.0, 0.0, 0.125, 0.4444, 0.0, 1.0, 1.0, 0.8182, 0.875, 0.7143, 0.0, 0.3333, 0.0, 0.875, 0.8, 1.0, 0.8462, 0.8, 0.7778, 0.0, 0.0, 0.8889, 0.6667, 1.0, 1.0, 1.0, 1.0, 0.0, 0.0, 0.9, 1.0, 1.0, 1.0, 0.8571, 0.9, 0.0, 0.6667, 1.0, 0.6667, 0.8333, 0.0, 0.7273, 0.75, 0.0, 0.7, 0.9, 1.0, 0.9091, 0.0769, 1.0, 0.875, 0.0, 0.8333, 1.0, 0.7778, 1.0, 0.0, 0.7778, 1.0, 0.5, 0.8333, 0.9091, 1.0, 1.0, 0.0, 0.8571, 0.8333, 0.8, 0.8333, 1.0, 0.625, 1.0, 1.0, 0.8, 1.0, 0.8, 0.875, 0.7778, 0.6667, 0.7, 1.0, 1.0, 0.8571, 0.9, 0.0, 0.7778, 0.875, 0.9, 0.8571, 1.0, 1.0, 0.6, 0.0, 1.0, 1.0, 0.625, 0.8, 1.0, 0.7778, 0.7143, 0.0, 0.9, 1.0, 0.8571, 1.0, 1.0, 0.875, 0.8889, 0.0, 1.0, 1.0, 1.0, 0.8, 1.0, 1.0, 0.8571, 0.0, 1.0, 0.7143, 1.0, 0.6667, 0.8571, 0.9, 1.0, 0.0, 0.875, 0.875, 0.8571, 0.8, 1.0, 0.9, 0.7778, 0.0, 0.8889, 0.5, 0.6, 0.75, 0.9, 0.9, 1.0, 0.0, 0.9, 0.8333, 0.9091, 0.8889, 1.0, 0.25, 1.0, 0.0, 0.7778, 0.8571, 1.0, 0.5556, 1.0, 0.0, 1.0, 0.0, 1.0, 1.0, 0.7778, 0.8, 1.0, 0.7778, 0.125, 0.0, 1.0, 0.8333, 0.6667, 0.8889, 0.75, 1.0, 0.0, 0.0, 0.9333, 0.7143, 0.875, 0.875, 1.0, 0.8462]","[7, 8, 13, 23, 76, 101, 126, 145, 161, 165, 180, 210, 226, 239, 241]"
cluster,0.5,2,cluster,0.282,0.282,0.282,1.0,0.282,0.0,34,True,564,0,268,1168,0,"[0.05, 0.0705, 0.0885, 0.1015, 0.1125, 0.121, 0.1325, 0.1435, 0.155, 0.167, 0.1795, 0.1975, 0.21, 0.2225, 0.2335, 0.2415, 0.246, 0.253, 0.2565, 0.2585, 0.2615, 0.265, 0.268, 0.27, 0.271, 0.272, 0.2735, 0.276, 0.2775, 0.2785, 0.279, 0.2805, 0.2815, 0.282, 0.282, 0.282, 0.282, 0.282, 0.282, 0.282, 0.282, 0.282, 0.282, 0.282, 0.282, 0.282, 0.282, 0.282, 0.282, 0.282, 0.282, 0.282, 0.282, 0.282, 0.282, 0.282, 0.282, 0.282, 0.282, 0.282, 0.282, 0.282, 0.282, 0.282, 0.282, 0.282, 0.282, 0.282, 0.282, 0.282, 0.282, 0.282, 0.282, 0.282, 0.282, 0.282, 0.282, 0.282, 0.282, 0.282, 0.282, 0.282, 0.282, 0.282, 0.282, 0.282, 0.282, 0.282, 0.282, 0.282, 0.282, 0.282, 0.282, 0.282, 0.282, 0.282, 0.282, 0.282, 0.282, 0.282, 0.282]","{""0"": 0.2972, ""1"": 0.0395, ""2"": 0.146, ""3"": 0.0115, ""4"": 0.2402, ""5"": 0.5682, ""6"": 0.7636, ""7"": 0.1589}","[0.4444, 0.0, 0.0, 1.0, 0.0, 0.0, 0.0, 0.8333, 0.5714, 0.0, 0.0, 1.0, 0.0, 0.0, 0.0, 1.0, 0.5, 0.0, 0.0, 0.5714, 0.0, 0.0, 0.4286, 0.6667, 0.0, 0.0, 0.0, 0.2, 0.0, 0.0, 1.0, 1.0, 0.2222, 0.0, 0.0, 0.0, 0.1111, 0.0, 0.9, 1.0, 0.0, 0.0, 0.0, 0.0, 0.0, 0.0, 0.9, 0.7143, 0.0, 0.0, 0.0, 0.0, 0.0, 0.0, 1.0, 0.9231, 0.0, 0.0, 0.0, 0.0, 0.0, 0.0, 1.0, 0.8182, 0.0, 0.0, 1.0, 0.0, 0.0, 0.0833, 1.0, 1.0, 0.0, 0.0, 1.0, 0.0, 0.0, 0.8333, 0.0, 1.0, 0.0, 0.8333, 0.0, 0.0, 0.0, 1.0, 0.0, 0.6667, 0.0, 1.0, 0.0, 0.0, 0.0, 1.0, 0.0, 1.0, 0.0, 0.875, 0.0, 0.0, 0.0, 0.8889, 0.7778, 0.8182, 0.0, 1.0, 0.0, 0.125, 0.0, 0.75, 1.0, 0.8, 0.875, 1.0, 0.0, 0.0, 0.0, 1.0, 1.0, 1.0, 1.0, 1.0, 0.0, 0.0, 0.0, 0.8, 1.0, 0.8333, 1.0, 1.0, 0.0, 0.0, 0.0, 1.0, 1.0, 0.8889, 0.0, 0.9091, 0.0, 0.0, 0.1667, 0.0, 1.0, 1.0, 0.0, 0.8571, 0.0, 0.0, 0.0, 0.0, 1.0, 1.0, 0.0, 1.0, 0.0, 0.0, 0.0, 0.0, 0.7273, 0.6667, 0.0, 0.0, 0.0, 1.0, 0.0, 0.125, 1.0, 0.875, 0.0, 0.0, 0.0, 0.1429, 0.0, 0.0909, 0.8, 0.8333, 0.0, 0.0, 0.0, 0.0, 0.0, 0.0, 0.8889, 1.0, 0.0, 0.0, 0.0, 0.0, 0.0, 0.0, 0.7778, 1.0, 0.1429, 0.0, 0.0, 0.0, 0.0, 0.0, 0.875, 1.0, 0.0, 0.0, 0.0, 0.0, 0.0, 0.0, 0.0, 1.0, 0.0, 0.0833, 0.0, 0.0, 0.0, 0.1667, 0.0, 1.0, 0.0, 0.0, 0.0, 0.0909, 0.0, 0.0, 0.0, 0.0909, 0.7778, 0.0, 0.0, 0.0, 0.0, 0.0, 0.0, 0.0714, 0.75, 0.0, 0.0, 0.1111, 0.0, 0.0, 0.0, 0.0, 0.0, 0.0, 0.0, 1.0, 0.0, 0.0, 0.0, 0.0, 0.0, 0.0]","[62, 66, 79, 93, 110, 113, 117, 119, 120, 129, 143, 163, 215, 243]"
cluster,0.5,3,cluster,0.831,0.831,0.831,1.0,0.831,0.0,91,True,1662,0,279,59,0,"[0.05, 0.0715, 0.0985, 0.1195, 0.1385, 0.152, 0.162, 0.1705, 0.1765, 0.182, 0.1865, 0.1915, 0.2005, 0.2105, 0.216, 0.222, 0.2295, 0.2335, 0.2385, 0.2425, 0.247, 0.2535, 0.261, 0.2705, 0.281, 0.29, 0.3, 0.3075, 0.311, 0.3165, 0.322, 0.3295, 0.3375, 0.35, 0.3635, 0.3775, 0.39, 0.401, 0.415, 0.4295, 0.4465, 0.4675, 0.4815, 0.49, 0.5015, 0.507, 0.5165, 0.526, 0.531, 0.5345, 0.537, 0.5415, 0.5455, 0.5505, 0.5575, 0.5655, 0.572, 0.5805, 0.5915, 0.601, 0.609, 0.6165, 0.625, 0.631, 0.6385, 0.6445, 0.655, 0.67, 0.678, 0.687, 0.694, 0.705, 0.714, 0.719, 0.728, 0.7375, 0.7435, 0.752, 0.759, 0.7655, 0.776, 0.787, 0.7955, 0.8025, 0.809, 0.812, 0.815, 0.8205, 0.8255, 0.8295, 0.831, 0.831, 0.831, 0.831, 0.831, 0.831, 0.831, 0.831, 0.831, 0.831, 0.831]","{""0"": 0.8652, ""1"": 0.8771, ""2"": 0.8269, ""3"": 0.8561, ""4"": 0.8706, ""5"": 0.8306, ""6"": 0.892, ""7"": 0.6367}","[0.8889, 1.0, 1.0, 0.8333, 0.8571, 1.0, 0.5714, 0.7143, 0.0, 0.875, 0.8333, 0.9333, 1.0, 0.8, 0.6667, 1.0, 0.0, 0.8333, 1.0, 0.8333, 0.75, 1.0, 1.0, 0.8571, 0.8333, 0.9, 1.0, 0.5455, 1.0, 1.0, 1.0, 0.8182, 1.0, 1.0, 0.75, 0.5, 0.8333, 1.0, 0.7778, 0.5714, 0.7143, 1.0, 1.0, 1.0, 0.6667, 0.75, 0.9, 0.8571, 0.8889, 0.75, 1.0, 1.0, 0.8, 0.8333, 0.75, 1.0, 0.8, 0.8889, 0.875, 0.8889, 0.9167, 0.7143, 0.75, 0.6667, 1.0, 1.0, 0.75, 0.7143, 0.8333, 0.7692, 0.8571, 1.0, 1.0, 1.0, 0.9167, 0.8182, 0.8571, 0.875, 1.0, 1.0, 0.8, 0.6667, 1.0, 1.0, 0.9167, 1.0, 0.8571, 1.0, 0.8571, 0.8, 1.0, 0.8, 0.9167, 1.0, 1.0, 0.9, 0.5714, 1.0, 0.7, 1.0, 0.9091, 1.0, 1.0, 0.8571, 0.8889, 0.8333, 0.8571, 1.0, 0.9, 0.8, 0.6923, 0.9167, 0.8889, 0.75, 0.8889, 1.0, 0.8889, 0.625, 1.0, 0.875, 0.8182, 1.0, 1.0, 0.9231, 0.6, 0.7778, 1.0, 1.0, 0.8889, 0.7143, 1.0, 0.7143, 0.8333, 0.8, 0.4286, 1.0, 1.0, 0.8889, 1.0, 0.75, 0.5, 0.9091, 0.8333, 1.0, 0.7143, 1.0, 0.875, 0.75, 0.8182, 0.8889, 0.875, 1.0, 1.0, 0.875, 0.8, 0.9, 0.75, 1.0, 0.8571, 0.8571, 0.75, 0.7273, 0.8889, 0.8333, 1.0, 0.3333, 0.5, 1.0, 0.8333, 0.75, 0.8333, 0.9231, 1.0, 0.8182, 0.8889, 1.0, 0.9091, 0.7143, 0.8889, 0.6667, 1.0, 0.8462, 1.0, 1.0, 0.8889, 0.5, 1.0, 1.0, 0.5714, 0.8, 1.0, 0.7778, 0.875, 0.8571, 0.75, 0.7778, 0.9091, 1.0, 0.75, 0.8889, 0.7143, 1.0, 0.7, 0.6667, 0.75, 1.0, 0.7778, 1.0, 0.1111, 0.8571, 1.0, 1.0, 1.0, 0.7778, 0.7273, 0.6667, 0.0909, 1.0, 0.6429, 0.7143, 0.9, 1.0, 0.875, 0.8889, 0.0, 0.8, 0.875, 0.7143, 0.6667, 0.5, 0.6667, 0.7778, 0.0, 1.0, 0.8571, 0.8333, 0.8333, 0.8333, 0.7143, 0.9091, 0.2222, 1.0, 0.8889, 0.625, 0.9, 1.0, 1.0, 0.875, 0.1667, 0.8571]","[42, 51, 73, 93, 97, 99, 151, 157, 172, 176, 182, 183]"
cluster,0.5,4,cluster,0.4055,0.4055,0.4055,1.0,0.4055,-0.0,59,True,811,0,267,922,0,"[0.05, 0.0705, 0.092, 0.113, 0.13, 0.1435, 0.1555, 0.168, 0.1775, 0.183, 0.1915, 0.2005, 0.2065, 0.2125, 0.2205, 0.227, 0.229, 0.231, 0.2335, 0.2375, 0.2395, 0.2405, 0.242, 0.2445, 0.247, 0.2515, 0.258, 0.2645, 0.271, 0.2775, 0.2855, 0.2935, 0.3035, 0.3145, 0.3255, 0.3345, 0.34, 0.3435, 0.3485, 0.3515, 0.355, 0.3615, 0.371, 0.3775, 0.381, 0.382, 0.3835, 0.385, 0.3875, 0.39, 0.392, 0.3945, 0.398, 0.4005, 0.402, 0.4025, 0.4035, 0.4045, 0.4055, 0.4055, 0.4055, 0.4055, 0.4055, 0.4055, 0.4055, 0.4055, 0.4055, 0.4055, 0.4055, 0.4055, 0.4055, 0.4055, 0.4055, 0.4055, 0.4055, 0.4055, 0.4055, 0.4055, 0.4055, 0.4055, 0.4055, 0.4055, 0.4055, 0.4055, 0.4055, 0.4055, 0.4055, 0.4055, 0.4055, 0.4055, 0.4055, 0.4055, 0.4055, 0.4055, 0.4055, 0.4055, 0.4055, 0.4055, 0.4055, 0.4055, 0.4055]","{""0"": 0.0203, ""1"": 0.0321, ""2"": 0.795, ""3"": 0.316, ""4"": 0.5, ""5"": 0.76, ""6"": 0.4146, ""7"": 0.4125}","[0.6667, 0.0, 0.1111, 1.0, 0.875, 0.8, 0.8571, 0.8333, 0.6, 0.0, 0.0, 0.8889, 0.7143, 1.0, 1.0, 1.0, 0.0, 0.0, 0.0, 0.8333, 0.8889, 0.6667, 0.625, 0.7143, 0.0, 0.0, 0.0, 0.8182, 1.0, 0.1429, 1.0, 1.0, 0.0, 0.0, 0.0, 0.6667, 1.0, 0.0, 0.8333, 1.0, 0.0, 0.0, 0.1429, 0.875, 1.0, 0.0, 0.8333, 1.0, 0.0, 0.0, 0.2857, 0.875, 0.8, 0.0, 1.0, 0.8333, 0.0, 0.1, 0.0, 1.0, 0.0, 0.0, 1.0, 0.8571, 0.0, 0.0, 0.0, 1.0, 0.125, 0.0, 1.0, 1.0, 0.8571, 0.0, 0.0, 0.9, 0.0, 0.0, 0.75, 0.8, 0.8462, 0.0, 0.0, 0.6667, 0.0, 0.0, 1.0, 0.8, 1.0, 0.0, 0.0, 0.5714, 0.0, 0.0, 0.9091, 1.0, 1.0, 0.0, 0.0, 0.7143, 0.0, 0.0, 0.9091, 0.8571, 0.8333, 0.0, 0.0, 0.8, 0.2857, 0.0, 1.0, 0.4286, 0.75, 0.0, 0.0, 1.0, 0.0, 0.0769, 0.8, 0.4286, 0.8, 0.0, 0.1667, 1.0, 0.0, 0.0, 0.6667, 0.0, 0.5, 0.0, 0.0833, 1.0, 0.0, 0.8571, 1.0, 0.0, 1.0, 0.0, 0.0, 0.8, 0.0, 1.0, 0.75, 0.1429, 1.0, 0.0, 0.0, 0.8333, 0.0, 0.8333, 0.8, 0.0, 0.8333, 0.0, 0.0, 1.0, 0.1429, 0.875, 0.0, 0.0, 0.8, 0.0, 0.0, 0.875, 0.1818, 0.8333, 0.0, 0.2, 0.2857, 0.0, 0.0, 0.375, 0.1, 1.0, 0.0, 0.1, 0.0, 0.1429, 0.0, 0.8571, 0.0, 0.8571, 0.0, 0.0, 0.0, 0.0, 0.0, 0.8, 0.0, 0.8333, 0.0, 0.0, 0.0, 0.2222, 0.1818, 0.8571, 0.1667, 0.8182, 0.8571, 0.0, 0.0, 0.0, 0.0, 1.0, 0.0, 0.8182, 0.8333, 0.0, 0.0, 0.0, 0.0, 0.7143, 0.0, 0.8333, 1.0, 0.1429, 0.0, 0.0, 0.0, 0.0, 0.0, 0.9167, 0.9167, 0.0, 0.5714, 0.0, 0.0, 0.8333, 0.8, 0.6667, 1.0, 0.0, 1.0, 0.0, 0.0, 0.6, 0.9, 1.0, 1.0, 0.0, 0.4, 0.0, 0.0, 1.0, 1.0, 1.0, 0.8571, 0.0, 1.0, 0.1429]","[3, 15, 44, 54, 59, 71, 88, 95, 102, 155, 173, 237]"
cluster,0.5,5,cluster,0.702,0.702,0.702,1.0,0.70105,0.00095,95,True,1404,0,283,313,0,"[0.05, 0.0665, 0.0855, 0.104, 0.1165, 0.1305, 0.1425, 0.1515, 0.158, 0.1655, 0.1695, 0.1745, 0.1815, 0.189, 0.194, 0.1985, 0.2035, 0.2085, 0.215, 0.2215, 0.229, 0.237, 0.243, 0.2495, 0.2545, 0.2575, 0.265, 0.271, 0.2765, 0.281, 0.284, 0.2895, 0.298, 0.3085, 0.318, 0.324, 0.3285, 0.3345, 0.338, 0.3425, 0.3525, 0.36, 0.367, 0.3775, 0.384, 0.391, 0.3975, 0.404, 0.4125, 0.424, 0.4385, 0.457, 0.472, 0.4865, 0.5, 0.515, 0.5305, 0.539, 0.5445, 0.551, 0.558, 0.569, 0.5735, 0.5785, 0.5865, 0.59, 0.5915, 0.592, 0.5925, 0.5935, 0.595, 0.5965, 0.6015, 0.6045, 0.6065, 0.6085, 0.611, 0.613, 0.616, 0.617, 0.619, 0.6215, 0.6235, 0.6265, 0.632, 0.64, 0.65, 0.664, 0.6735, 0.6835, 0.6905, 0.697, 0.6985, 0.701, 0.702, 0.702, 0.702, 0.702, 0.702, 0.702, 0.702]","{""0"": 0.7429, ""1"": 0.8769, ""2"": 0.8819, ""3"": 0.8217, ""4"": 0.8704, ""5"": 0.2578, ""6"": 0.3089, ""7"": 0.8831}","[0.7778, 0.9091, 0.8182, 1.0, 0.8, 1.0, 1.0, 0.0, 0.8333, 1.0, 0.9286, 0.7143, 1.0, 0.75, 1.0, 0.0, 0.9286, 1.0, 0.8333, 1.0, 1.0, 0.875, 0.8889, 0.0, 0.5714, 0.8333, 0.6667, 0.875, 0.9167, 0.875, 0.75, 0.125, 0.9, 0.8889, 0.7143, 1.0, 0.5714, 0.8889, 0.7778, 0.0, 0.9167, 0.6667, 1.0, 0.75, 1.0, 1.0, 0.0, 0.125, 1.0, 0.875, 0.5714, 0.7143, 0.8333, 1.0, 0.0, 0.0, 0.75, 0.8, 0.9, 0.9091, 0.5714, 1.0, 0.0, 0.0, 1.0, 0.0, 0.8, 1.0, 0.0, 0.7778, 0.1111, 0.0, 0.9, 0.0, 0.7143, 0.7143, 0.0, 0.8182, 0.0, 0.0, 1.0, 0.0, 1.0, 0.8889, 0.8333, 0.8, 0.0, 0.2, 1.0, 0.0, 0.7, 1.0, 0.6667, 1.0, 0.0, 0.0, 1.0, 0.0, 0.8889, 1.0, 0.8, 1.0, 0.0, 0.0, 0.8, 0.6667, 0.8889, 1.0, 1.0, 1.0, 0.0, 0.0769, 0.75, 1.0, 1.0, 0.7143, 0.8333, 0.8571, 0.0, 0.0, 1.0, 1.0, 1.0, 0.7778, 0.8, 0.9, 0.1667, 0.2, 1.0, 0.625, 1.0, 1.0, 0.8333, 1.0, 0.0, 0.75, 0.6, 1.0, 1.0, 0.6667, 1.0, 0.8571, 0.0, 0.8889, 0.8571, 0.7143, 0.8571, 1.0, 1.0, 0.75, 0.0, 0.8889, 0.875, 1.0, 1.0, 0.8571, 0.6667, 0.6667, 0.0, 0.8333, 1.0, 0.7143, 1.0, 0.8, 0.8571, 1.0, 0.1667, 0.75, 0.6667, 1.0, 0.8889, 0.9091, 0.9091, 0.8333, 0.0, 1.0, 0.6667, 0.5, 0.8333, 0.8889, 0.8, 0.7778, 0.0, 1.0, 0.875, 0.9, 1.0, 0.625, 1.0, 0.625, 0.1429, 0.5714, 0.9, 0.7778, 0.8182, 1.0, 0.8889, 0.8889, 0.0, 0.8333, 1.0, 0.7143, 1.0, 0.8571, 0.8571, 0.8333, 0.0, 0.875, 0.9091, 1.0, 0.9091, 1.0, 1.0, 0.8, 0.0, 1.0, 1.0, 0.8571, 0.6667, 1.0, 0.8182, 0.7143, 0.6667, 0.5714, 0.8889, 0.6667, 0.9, 0.9091, 1.0, 0.875, 0.8889, 0.0, 0.8333, 0.8, 0.8889, 0.8571, 0.6667, 0.8182, 0.75, 0.0, 1.0, 1.0, 1.0, 1.0, 0.9231, 0.8667, 1.0, 0.0, 1.0, 0.7143]","[6, 37, 48, 53, 101, 109, 140, 148, 153, 195, 219, 240, 241]"
cluster,0.5,6,cluster,0.273,0.273,0.273,1.0,0.273,0.0,43,True,546,0,310,1144,0,"[0.05, 0.066, 0.0765, 0.088, 0.1005, 0.1125, 0.123, 0.134, 0.144, 0.1545, 0.1615, 0.1705, 0.183, 0.193, 0.2025, 0.2135, 0.2205, 0.226, 0.229, 0.2345, 0.2415, 0.248, 0.25, 0.2515, 0.2525, 0.253, 0.254, 0.255, 0.256, 0.2565, 0.258, 0.26, 0.262, 0.263, 0.265, 0.2665, 0.2675, 0.269, 0.2695, 0.27, 0.271, 0.2725, 0.273, 0.273, 0.273, 0.273, 0.273, 0.273, 0.273, 0.273, 0.273, 0.273, 0.273, 0.273, 0.273, 0.273, 0.273, 0.273, 0.273, 0.273, 0.273, 0.273, 0.273, 0.273, 0.273, 0.273, 0.273, 0.273, 0.273, 0.273, 0.273, 0.273, 0.273, 0.273, 0.273, 0.273, 0.273, 0.273, 0.273, 0.273, 0.273, 0.273, 0.273, 0.273, 0.273, 0.273, 0.273, 0.273, 0.273, 0.273, 0.273, 0.273, 0.273, 0.273, 0.273, 0.273, 0.273, 0.273, 0.273, 0.273, 0.273]","{""0"": 0.0038, ""1"": 0.042, ""2"": 0.3821, ""3"": 0.2744, ""4"": 0.0123, ""5"": 0.5615, ""6"": 0.7284, ""7"": 0.2355}","[0.4444, 0.0, 0.0, 0.0, 0.6923, 0.1429, 0.0, 1.0, 0.0, 0.0, 0.0, 0.0, 1.0, 0.0, 0.8462, 1.0, 0.0, 0.0, 0.0, 0.0, 0.8333, 0.0, 1.0, 1.0, 0.0, 0.0, 0.0, 0.0, 0.5, 0.0, 1.0, 0.8, 0.0, 0.0, 0.0, 0.0, 0.0, 0.0, 0.8, 0.7778, 0.0, 0.0, 0.0, 0.0, 0.2857, 0.0, 0.8889, 0.8889, 0.0, 0.0, 0.0, 0.0, 0.0, 0.0, 0.8, 0.875, 0.0, 0.0, 0.0, 0.0, 0.0, 0.0, 0.875, 0.875, 0.0, 0.0, 0.0, 0.0, 0.1667, 0.0, 0.9091, 0.875, 0.0, 0.0, 0.0, 0.1, 0.0, 0.0, 1.0, 1.0, 0.1667, 0.0, 0.0, 0.125, 0.0, 0.0, 0.875, 1.0, 0.0, 0.0, 0.0, 0.25, 0.1429, 0.0, 0.8571, 0.8571, 0.0, 0.0, 0.0, 1.0, 0.0, 0.0, 1.0, 0.7143, 0.0, 0.0, 0.0, 0.8182, 0.0, 0.0, 0.8333, 0.1429, 0.1429, 0.0, 0.125, 1.0, 0.0, 0.0, 1.0, 0.1111, 0.0, 0.0, 0.1111, 0.6667, 0.0, 0.0, 0.875, 0.8, 0.0, 0.0, 0.0, 0.9, 0.0, 0.1111, 0.875, 0.8, 0.0, 0.0, 0.0, 0.75, 0.0, 0.0, 0.7143, 0.7778, 0.2222, 0.0, 0.0, 1.0, 0.0, 0.0, 1.0, 1.0, 0.0909, 0.0, 0.0, 1.0, 0.8889, 0.0, 1.0, 1.0, 0.8571, 0.0, 0.0, 1.0, 1.0, 0.25, 0.5, 1.0, 0.5, 0.0, 0.0, 0.8333, 0.875, 0.0, 0.0, 0.9, 1.0, 0.0, 0.0, 1.0, 0.625, 0.0, 0.0, 1.0, 0.8, 0.0, 0.0, 0.875, 1.0, 0.0, 0.0, 0.7778, 1.0, 0.0, 0.0, 1.0, 0.875, 0.0, 0.0, 1.0, 1.0, 0.0, 0.0833, 0.25, 0.3333, 0.0, 0.0, 0.75, 0.8333, 0.0, 0.0, 0.0, 0.0, 0.0, 0.0, 0.1667, 0.6667, 0.0909, 1.0, 0.0, 0.125, 0.0, 0.0, 0.0, 1.0, 0.0, 0.125, 0.0, 0.0, 0.0, 0.0, 0.0833, 0.3333, 0.0, 0.0, 0.0, 0.0, 0.0, 0.0, 0.0, 0.0, 0.0, 0.0, 0.0, 0.0, 0.0, 0.0, 0.8, 0.0, 0.0]","[12, 23, 30, 78, 102, 155, 159, 176, 179, 192, 199, 218]"
cluster,0.5,7,cluster,0.8515,0.8515,0.8515,1.0,0.8515,0.0,91,True,1703,0,297,0,0,"[0.05, 0.0665, 0.081, 0.0935, 0.105, 0.1185, 0.1315, 0.143, 0.1535, 0.162, 0.1675, 0.1725, 0.1785, 0.1835, 0.19, 0.1975, 0.203, 0.2085, 0.2145, 0.2205, 0.225, 0.229, 0.2325, 0.2355, 0.2395, 0.2425, 0.246, 0.2485, 0.2505, 0.253, 0.255, 0.2565, 0.259, 0.2635, 0.269, 0.276, 0.2835, 0.291, 0.3005, 0.307, 0.316, 0.324, 0.3305, 0.337, 0.3445, 0.354, 0.368, 0.3855, 0.403, 0.419, 0.4405, 0.4565, 0.471, 0.48, 0.487, 0.4985, 0.5065, 0.517, 0.531, 0.548, 0.566, 0.5815, 0.596, 0.6085, 0.624, 0.639, 0.6555, 0.6645, 0.6715, 0.678, 0.6885, 0.7, 0.7115, 0.721, 0.7305, 0.742, 0.7505, 0.7565, 0.7645, 0.7755, 0.7835, 0.791, 0.799, 0.807, 0.8135, 0.818, 0.8215, 0.8295, 0.838, 0.8455, 0.8515, 0.8515, 0.8515, 0.8515, 0.8515, 0.8515, 0.8515, 0.8515, 0.8515, 0.8515, 0.8515]","{""0"": 0.8526, ""1"": 0.8623, ""2"": 0.856, ""3"": 0.8543, ""4"": 0.861, ""5"": 0.8554, ""6"": 0.8233, ""7"": 0.8489}","[0.5556, 0.8571, 0.875, 1.0, 0.875, 0.875, 0.875, 0.5, 0.8, 0.8333, 0.7692, 1.0, 0.6364, 0.625, 0.9167, 0.75, 1.0, 0.8889, 0.75, 1.0, 1.0, 0.9286, 1.0, 0.8182, 0.7, 1.0, 0.75, 0.875, 0.8333, 0.8333, 0.875, 1.0, 0.7778, 0.7692, 0.8462, 1.0, 1.0, 0.9, 0.8889, 0.8, 0.75, 0.4, 0.8333, 1.0, 0.6667, 1.0, 1.0, 0.7143, 0.9167, 1.0, 0.8571, 0.8889, 1.0, 0.7, 1.0, 0.875, 1.0, 1.0, 0.8889, 0.8889, 0.875, 0.8889, 0.8, 0.8, 0.8571, 1.0, 1.0, 1.0, 0.75, 0.75, 0.8, 0.6667, 0.8571, 0.6, 0.7778, 1.0, 1.0, 1.0, 1.0, 1.0, 0.8333, 0.8, 0.9167, 0.8889, 1.0, 0.75, 0.8, 0.8571, 0.8, 1.0, 0.75, 0.8, 0.8333, 0.625, 0.8889, 0.8, 0.6, 1.0, 1.0, 0.75, 1.0, 0.7692, 0.75, 1.0, 0.7143, 0.8333, 0.8333, 0.6667, 1.0, 0.9091, 0.6667, 0.8889, 1.0, 0.7273, 0.7778, 1.0, 0.7778, 0.8333, 1.0, 0.8571, 0.75, 1.0, 0.8182, 1.0, 1.0, 1.0, 1.0, 0.8333, 1.0, 0.875, 1.0, 0.6667, 0.75, 0.7143, 0.7273, 0.6667, 0.875, 1.0, 0.7778, 0.8, 0.8, 1.0, 0.75, 1.0, 0.8333, 0.9091, 0.8333, 0.875, 0.7, 0.8889, 0.8571, 0.875, 1.0, 0.7143, 0.75, 0.8571, 1.0, 1.0, 0.3333, 0.75, 0.8, 0.8571, 0.9, 0.5, 0.5714, 0.8571, 1.0, 0.5, 0.875, 0.8333, 0.875, 0.9091, 1.0, 1.0, 1.0, 0.75, 0.8, 0.8182, 1.0, 0.8462, 1.0, 1.0, 1.0, 0.8333, 1.0, 0.8, 0.8182, 0.875, 0.8333, 0.8, 1.0, 1.0, 1.0, 0.7143, 0.8333, 0.7143, 0.8333, 1.0, 0.6667, 0.7, 0.8182, 0.7273, 1.0, 0.75, 0.75, 1.0, 0.625, 0.7778, 1.0, 0.75, 0.8333, 0.625, 0.8, 0.7778, 0.875, 1.0, 1.0, 0.875, 0.8, 1.0, 1.0, 0.6, 0.7143, 1.0, 0.5, 1.0, 0.8571, 0.75, 0.6667, 1.0, 0.75, 1.0, 0.7778, 1.0, 1.0, 1.0, 1.0, 0.7778, 0.875, 0.9, 0.75, 0.8889, 0.9231, 0.7, 0.7692, 0.8333, 1.0, 0.7778, 1.0, 0.5714]","[31, 49, 52, 67, 76, 80, 84, 89, 100, 156, 166, 180, 197, 234]"
cluster,0.5,8,cluster,0.3255,0.3255,0.3255,1.0,0.3255,0.0,26,True,651,0,286,1063,0,"[0.05, 0.071, 0.095, 0.1195, 0.141, 0.156, 0.171, 0.187, 0.2065, 0.224, 0.2405, 0.2605, 0.272, 0.284, 0.293, 0.3015, 0.309, 0.313, 0.3155, 0.3175, 0.32, 0.321, 0.3215, 0.323, 0.3245, 0.3255, 0.3255, 0.3255, 0.3255, 0.3255, 0.3255, 0.3255, 0.3255, 0.3255, 0.3255, 0.3255, 0.3255, 0.3255, 0.3255, 0.3255, 0.3255, 0.3255, 0.3255, 0.3255, 0.3255, 0.3255, 0.3255, 0.3255, 0.3255, 0.3255, 0.3255, 0.3255, 0.3255, 0.3255, 0.3255, 0.3255, 0.3255, 0.3255, 0.3255, 0.3255, 0.3255, 0.3255, 0.3255, 0.3255, 0.3255, 0.3255, 0.3255, 0.3255, 0.3255, 0.3255, 0.3255, 0.3255, 0.3255, 0.3255, 0.3255, 0.3255, 0.3255, 0.3255, 0.3255, 0.3255, 0.3255, 0.3255, 0.3255, 0.3255, 0.3255, 0.3255, 0.3255, 0.3255, 0.3255, 0.3255, 0.3255, 0.3255, 0.3255, 0.3255, 0.3255, 0.3255, 0.3255, 0.3255, 0.3255, 0.3255, 0.3255]","{""0"": 0.5212, ""1"": 0.3023, ""2"": 0.358, ""3"": 0.1457, ""4"": 0.27, ""5"": 0.0242, ""6"": 0.2456, ""7"": 0.7154}","[0.4444, 1.0, 1.0, 0.0, 0.0, 1.0, 0.0, 0.8571, 0.2, 0.6667, 1.0, 0.0, 0.0, 0.75, 0.0833, 0.8, 0.0, 1.0, 1.0, 0.0, 0.0, 1.0, 0.0, 1.0, 0.0, 0.7143, 0.8333, 0.0, 0.0, 0.1429, 0.0, 0.6, 0.7778, 0.7778, 0.5, 0.0, 0.0, 0.0, 0.0, 0.8889, 0.8889, 0.8571, 1.0, 0.0, 0.0, 0.0, 0.0, 1.0, 1.0, 1.0, 0.75, 0.0, 0.0, 0.0, 0.0, 0.8333, 0.8889, 1.0, 0.75, 0.0, 0.0, 0.0, 0.0, 0.1667, 0.5, 0.8333, 1.0, 0.0, 0.0, 0.0, 0.0, 0.0, 0.7143, 0.8, 1.0, 0.0, 0.0, 0.0, 0.0, 0.0, 1.0, 0.875, 1.0, 0.7143, 0.0, 0.0, 0.0, 0.0, 0.7273, 0.875, 0.1429, 0.9, 0.0, 0.0, 0.0, 0.0, 0.7778, 0.0, 0.125, 1.0, 0.0, 0.0, 0.375, 0.0, 0.875, 0.0, 0.0, 0.8, 0.0, 0.0, 0.0, 0.0, 1.0, 0.0, 0.0, 0.8889, 0.0, 0.0, 0.0, 0.0, 0.8889, 0.0, 0.2, 0.9, 0.0, 0.0, 0.0, 0.0, 1.0, 0.0, 0.0, 1.0, 0.0, 0.0, 0.0, 0.0, 0.7778, 0.0, 0.2222, 0.8889, 0.4, 0.0, 0.0, 0.0, 1.0, 0.0, 0.0, 0.8571, 0.625, 0.0, 0.0, 0.0, 1.0, 0.0, 0.0, 0.8, 0.5, 0.1, 0.0, 0.0, 0.7143, 0.0, 0.0, 1.0, 1.0, 0.0, 0.1111, 0.0, 0.875, 0.0, 0.0, 0.875, 1.0, 0.0, 0.0, 0.0, 0.9091, 0.1429, 0.0, 0.1538, 1.0, 0.0, 0.0, 0.0, 0.75, 0.0, 0.0, 0.0, 0.0, 0.0, 0.0, 0.0, 1.0, 0.0, 0.0, 0.0, 0.0, 0.0909, 0.0, 0.0, 1.0, 0.9, 0.0, 0.0, 0.0, 0.8571, 0.0, 0.1111, 0.875, 0.8889, 0.0, 0.0, 0.0, 1.0, 0.0, 0.0, 1.0, 0.75, 0.0, 0.0, 0.125, 0.7, 0.0, 0.0, 0.2857, 0.8889, 0.0, 0.0, 0.0, 1.0, 0.0, 0.0, 0.0, 1.0, 0.0, 0.0, 0.0, 0.9, 0.0, 0.5, 0.0, 1.0, 0.0, 0.0, 0.0, 0.9091, 0.1429, 1.0, 0.0, 0.8571]","[10, 17, 21, 47, 57, 66, 80, 99, 144, 164, 168, 192, 229]"
cluster,0.5,9,cluster,0.8245,0.8245,0.8245,1.0,0.8245,-0.0,71,True,1649,0,261,90,0,"[0.05, 0.069, 0.0885, 0.109, 0.126, 0.1415, 0.1595, 0.174, 0.185, 0.2, 0.213, 0.2255, 0.242, 0.2595, 0.276, 0.2855, 0.2925, 0.3, 0.307, 0.3125, 0.3165, 0.321, 0.327, 0.3375, 0.347, 0.354, 0.3605, 0.37, 0.381, 0.3915, 0.405, 0.4205, 0.435, 0.4455, 0.4575, 0.4675, 0.477, 0.4905, 0.511, 0.5325, 0.551, 0.5685, 0.583, 0.596, 0.609, 0.6265, 0.645, 0.665, 0.6785, 0.6895, 0.698, 0.7055, 0.7115, 0.719, 0.7285, 0.738, 0.7455, 0.7535, 0.758, 0.7645, 0.773, 0.782, 0.788, 0.7925, 0.7965, 0.8, 0.8055, 0.8105, 0.816, 0.821, 0.8245, 0.8245, 0.8245, 0.8245, 0.8245, 0.8245, 0.8245, 0.8245, 0.8245, 0.8245, 0.8245, 0.8245, 0.8245, 0.8245, 0.8245, 0.8245, 0.8245, 0.8245, 0.8245, 0.8245, 0.8245, 0.8245, 0.8245, 0.8245, 0.8245, 0.8245, 0.8245, 0.8245, 0.8245, 0.8245, 0.8245]","{""0"": 0.9212, ""1"": 0.8674, ""2"": 0.8529, ""3"": 0.8419, ""4"": 0.508, ""5"": 0.8314, ""6"": 0.8755, ""7"": 0.9004}","[0.8889, 1.0, 0.7778, 0.7857, 0.7273, 0.0, 0.8889, 0.75, 0.9286, 1.0, 1.0, 0.8, 1.0, 0.0, 0.8571, 1.0, 1.0, 0.875, 0.8, 0.875, 1.0, 0.0, 0.6667, 0.875, 0.8889, 1.0, 0.6, 1.0, 0.8182, 0.0, 0.6667, 0.75, 0.8571, 1.0, 1.0, 1.0, 0.7273, 0.8889, 0.6667, 0.8571, 0.9167, 0.7273, 1.0, 0.8, 0.9, 0.7778, 0.7, 0.7778, 0.9, 1.0, 0.9231, 0.875, 0.7333, 1.0, 0.9167, 1.0, 0.8571, 0.9, 0.8571, 1.0, 0.8571, 1.0, 0.7143, 0.7143, 0.7778, 0.8, 0.8571, 1.0, 1.0, 1.0, 0.8333, 0.8571, 0.8333, 1.0, 0.8333, 0.7143, 1.0, 0.8, 0.8182, 0.9167, 0.875, 1.0, 1.0, 0.7143, 0.6667, 0.9, 1.0, 0.6, 0.8333, 1.0, 0.5385, 0.6667, 1.0, 1.0, 0.6667, 0.875, 1.0, 0.8, 1.0, 0.8333, 0.6, 0.875, 1.0, 1.0, 0.8182, 1.0, 0.8, 0.8571, 0.7692, 0.0, 0.75, 0.875, 0.875, 0.8, 0.75, 0.8571, 0.9091, 0.0, 0.75, 1.0, 0.8889, 1.0, 1.0, 1.0, 0.8333, 0.0, 1.0, 0.6667, 1.0, 0.8571, 0.8333, 0.8889, 0.5, 0.0, 0.7143, 0.7, 0.8571, 1.0, 1.0, 0.8333, 0.7, 1.0, 0.7778, 1.0, 1.0, 1.0, 0.8571, 0.7273, 0.7143, 1.0, 0.8889, 0.9, 1.0, 1.0, 1.0, 0.8571, 0.9, 0.9167, 0.8889, 0.7778, 0.8333, 0.6667, 0.9091, 0.875, 0.6667, 0.6, 0.75, 1.0, 1.0, 1.0, 0.6667, 1.0, 1.0, 0.0, 0.8333, 1.0, 1.0, 1.0, 1.0, 0.8333, 0.8, 0.0, 0.875, 1.0, 1.0, 1.0, 0.8182, 0.8, 0.8571, 0.0, 1.0, 0.7143, 0.875, 0.8571, 1.0, 1.0, 1.0, 0.7143, 1.0, 1.0, 1.0, 1.0, 0.8333, 1.0, 0.8571, 1.0, 0.7692, 1.0, 1.0, 1.0, 1.0, 1.0, 0.875, 0.8889, 1.0, 1.0, 0.6667, 1.0, 0.6667, 0.7778, 1.0, 1.0, 0.6667, 0.8182, 0.8333, 0.8, 1.0, 0.625, 1.0, 1.0, 0.9, 0.9, 1.0, 0.8333, 0.8571, 0.9, 0.8333, 0.0, 1.0, 0.875, 0.9, 1.0, 0.8889, 0.8, 1.0, 0.0, 0.6667, 1.0, 1.0, 0.5556]","[1, 15, 34, 42, 49, 53, 55, 68, 98, 123, 169, 221]"
cluster,0.5,10,cluster,0.8685,0.8685,0.8685,1.0,0.8685,0.0,65,True,1737,0,261,2,0,"[0.05, 0.0685, 0.0855, 0.1055, 0.126, 0.1485, 0.164, 0.1825, 0.203, 0.218, 0.2315, 0.239, 0.246, 0.254, 0.263, 0.2695, 0.275, 0.2855, 0.299, 0.3065, 0.3165, 0.3295, 0.341, 0.35, 0.355, 0.363, 0.37, 0.378, 0.387, 0.398, 0.4095, 0.423, 0.433, 0.4405, 0.4485, 0.457, 0.47, 0.483, 0.491, 0.499, 0.508, 0.521, 0.534, 0.5505, 0.564, 0.5805, 0.5935, 0.6025, 0.6175, 0.6325, 0.648, 0.6635, 0.681, 0.698, 0.7195, 0.746, 0.7685, 0.788, 0.81, 0.835, 0.8545, 0.8635, 0.8655, 0.868, 0.8685, 0.8685, 0.8685, 0.8685, 0.8685, 0.8685, 0.8685, 0.8685, 0.8685, 0.8685, 0.8685, 0.8685, 0.8685, 0.8685, 0.8685, 0.8685, 0.8685, 0.8685, 0.8685, 0.8685, 0.8685, 0.8685, 0.8685, 0.8685, 0.8685, 0.8685, 0.8685, 0.8685, 0.8685, 0.8685, 0.8685, 0.8685, 0.8685, 0.8685, 0.8685, 0.8685, 0.8685]","{""0"": 0.8387, ""1"": 0.9134, ""2"": 0.8346, ""3"": 0.8902, ""4"": 0.898, ""5"": 0.8147, ""6"": 0.8911, ""7"": 0.8726}","[1.0, 0.4, 1.0, 0.75, 1.0, 0.6667, 0.8889, 0.7778, 0.625, 1.0, 0.3333, 0.9091, 0.8889, 0.8, 0.75, 1.0, 1.0, 1.0, 0.875, 1.0, 1.0, 1.0, 1.0, 1.0, 0.8333, 0.8571, 1.0, 1.0, 1.0, 0.7143, 0.8571, 0.7273, 0.9167, 1.0, 0.8333, 0.8333, 1.0, 0.8333, 0.8333, 1.0, 1.0, 0.8333, 0.8333, 1.0, 1.0, 0.8571, 0.75, 0.875, 0.75, 0.7857, 0.8571, 0.7857, 1.0, 0.875, 0.8333, 0.9167, 0.625, 0.75, 1.0, 1.0, 1.0, 0.9231, 0.875, 0.8, 0.9, 1.0, 1.0, 0.8571, 1.0, 1.0, 0.7778, 1.0, 0.8571, 0.9, 1.0, 0.8, 0.9091, 1.0, 0.875, 0.625, 0.7778, 0.8889, 1.0, 0.8333, 0.8333, 1.0, 0.8889, 1.0, 0.8, 0.8571, 0.75, 0.9091, 0.8, 1.0, 1.0, 0.7692, 1.0, 0.875, 0.9, 0.6, 1.0, 0.8333, 0.875, 0.8571, 1.0, 0.7143, 1.0, 0.7143, 0.7143, 1.0, 0.8333, 1.0, 0.7778, 1.0, 0.8889, 0.7143, 0.8, 0.7778, 0.8333, 0.8571, 0.75, 1.0, 1.0, 0.8, 0.7778, 1.0, 0.5, 1.0, 0.9, 0.7143, 1.0, 1.0, 0.7778, 1.0, 0.75, 1.0, 0.9, 0.8, 1.0, 0.8333, 0.8571, 0.7778, 1.0, 1.0, 1.0, 1.0, 0.8889, 0.875, 1.0, 0.8333, 0.875, 0.8571, 1.0, 1.0, 0.875, 0.75, 0.875, 1.0, 1.0, 0.9091, 0.8571, 1.0, 0.6, 0.7857, 0.7778, 0.7143, 0.7143, 0.8571, 1.0, 0.75, 1.0, 0.8, 0.8889, 1.0, 1.0, 1.0, 0.8, 0.6667, 0.75, 0.6667, 0.8333, 1.0, 0.75, 1.0, 1.0, 0.8, 0.8889, 0.8571, 0.9091, 0.7778, 0.8571, 0.75, 0.7, 0.9, 1.0, 0.5, 0.9, 1.0, 0.625, 0.9231, 1.0, 0.7, 0.8889, 1.0, 0.8571, 0.8571, 0.8, 1.0, 1.0, 0.875, 1.0, 1.0, 0.8889, 1.0, 1.0, 0.8333, 0.8571, 0.9, 1.0, 1.0, 0.875, 0.9, 0.7778, 0.75, 1.0, 1.0, 0.8889, 0.875, 0.875, 1.0, 0.6667, 0.8, 0.8889, 0.7143, 1.0, 1.0, 1.0, 0.8333, 0.625, 1.0, 0.8333, 0.75, 0.875, 0.6667, 0.75, 0.8889, 0.7, 0.75, 1.0, 0.4286]","[21, 52, 82, 85, 122, 129, 130, 158, 175, 184, 194, 208, 234]"
cluster,0.5,11,cluster,0.866,0.866,0.866,1.0,0.866,0.0,53,True,1732,0,244,24,0,"[0.05, 0.0745, 0.108, 0.142, 0.171, 0.198, 0.22, 0.237, 0.251, 0.268, 0.283, 0.2995, 0.3165, 0.3375, 0.3635, 0.391, 0.4115, 0.4335, 0.4585, 0.484, 0.5055, 0.5235, 0.544, 0.564, 0.5875, 0.616, 0.6335, 0.6495, 0.667, 0.6815, 0.697, 0.707, 0.712, 0.718, 0.728, 0.7385, 0.751, 0.764, 0.775, 0.789, 0.7985, 0.8105, 0.8185, 0.8255, 0.834, 0.842, 0.8445, 0.848, 0.8525, 0.8565, 0.859, 0.862, 0.866, 0.866, 0.866, 0.866, 0.866, 0.866, 0.866, 0.866, 0.866, 0.866, 0.866, 0.866, 0.866, 0.866, 0.866, 0.866, 0.866, 0.866, 0.866, 0.866, 0.866, 0.866, 0.866, 0.866, 0.866, 0.866, 0.866, 0.866, 0.866, 0.866, 0.866, 0.866, 0.866, 0.866, 0.866, 0.866, 0.866, 0.866, 0.866, 0.866, 0.866, 0.866, 0.866, 0.866, 0.866, 0.866, 0.866, 0.866, 0.866]","{""0"": 0.874, ""1"": 0.8819, ""2"": 0.875, ""3"": 0.8423, ""4"": 0.813, ""5"": 0.868, ""6"": 0.8924, ""7"": 0.8818}","[0.7778, 0.5455, 1.0, 0.875, 1.0, 1.0, 1.0, 1.0, 0.8571, 1.0, 0.8571, 0.8889, 0.6364, 0.6667, 1.0, 0.8333, 1.0, 1.0, 1.0, 0.9091, 1.0, 0.0, 0.75, 0.8333, 0.8333, 1.0, 0.8889, 1.0, 0.8667, 0.1667, 0.875, 1.0, 1.0, 0.875, 0.875, 0.6154, 0.75, 0.0, 0.7143, 0.875, 0.5, 0.5714, 1.0, 0.7143, 0.9091, 1.0, 1.0, 0.6923, 1.0, 1.0, 0.9, 0.75, 0.9, 0.6667, 0.75, 1.0, 0.8889, 1.0, 0.8571, 1.0, 1.0, 1.0, 0.6667, 0.8571, 1.0, 0.7, 0.7692, 0.875, 1.0, 0.9091, 1.0, 1.0, 1.0, 0.8, 0.75, 0.8889, 1.0, 1.0, 1.0, 0.8, 0.75, 0.8, 0.8333, 0.875, 0.7778, 1.0, 0.8, 1.0, 1.0, 0.8889, 0.875, 0.8333, 0.6, 0.8, 0.875, 0.75, 0.9091, 0.875, 0.6667, 1.0, 0.7143, 1.0, 0.6, 1.0, 1.0, 1.0, 0.875, 0.8889, 0.7, 0.8889, 1.0, 1.0, 0.375, 1.0, 1.0, 1.0, 0.8333, 1.0, 0.6667, 0.6667, 1.0, 1.0, 0.8333, 1.0, 0.75, 0.875, 1.0, 0.75, 1.0, 1.0, 1.0, 1.0, 0.8, 1.0, 0.8, 0.8571, 0.875, 0.7, 0.8333, 0.75, 1.0, 1.0, 0.8889, 1.0, 1.0, 1.0, 0.8571, 0.8571, 1.0, 1.0, 0.8571, 1.0, 0.8, 1.0, 1.0, 0.875, 0.875, 1.0, 0.8, 1.0, 1.0, 0.8182, 1.0, 1.0, 0.7143, 0.75, 0.8, 0.75, 1.0, 1.0, 0.8, 0.875, 0.9167, 0.6667, 0.9231, 1.0, 0.8571, 0.7143, 0.7778, 1.0, 1.0, 0.8889, 0.9412, 0.6, 1.0, 0.7273, 1.0, 1.0, 0.9, 0.75, 0.8, 0.8667, 0.9, 1.0, 0.8333, 0.75, 0.8333, 1.0, 1.0, 0.8571, 1.0, 0.6667, 0.8571, 0.8889, 0.6, 1.0, 0.625, 0.7143, 0.7143, 0.8571, 0.8571, 1.0, 0.6667, 0.875, 1.0, 1.0, 0.8571, 0.9167, 1.0, 1.0, 0.8889, 0.6, 0.8333, 1.0, 0.5, 0.8, 0.9091, 0.8462, 0.6, 0.875, 0.8, 1.0, 1.0, 1.0, 0.8571, 0.8889, 1.0, 1.0, 0.8, 1.0, 1.0, 0.8889, 0.8889, 0.75, 0.8889, 1.0, 0.9167, 0.8889, 0.7778, 1.0]","[7, 17, 42, 78, 105, 113, 130, 168, 179, 205, 223, 236, 245]"
cluster,0.6,0,cluster,0.2195,0.2195,0.2195,1.0,0.2195,0.0,22,True,439,0,286,1275,0,"[0.05, 0.0685, 0.0845, 0.1005, 0.116, 0.1295, 0.1405, 0.1525, 0.1665, 0.179, 0.1885, 0.195, 0.2025, 0.2085, 0.212, 0.214, 0.215, 0.217, 0.218, 0.2185, 0.219, 0.2195, 0.2195, 0.2195, 0.2195, 0.2195, 0.2195, 0.2195, 0.2195, 0.2195, 0.2195, 0.2195, 0.2195, 0.2195, 0.2195, 0.2195, 0.2195, 0.2195, 0.2195, 0.2195, 0.2195, 0.2195, 0.2195, 0.2195, 0.2195, 0.2195, 0.2195, 0.2195, 0.2195, 0.2195, 0.2195, 0.2195, 0.2195, 0.2195, 0.2195, 0.2195, 0.2195, 0.2195, 0.2195, 0.2195, 0.2195, 0.2195, 0.2195, 0.2195, 0.2195, 0.2195, 0.2195, 0.2195, 0.2195, 0.2195, 0.2195, 0.2195, 0.2195, 0.2195, 0.2195, 0.2195, 0.2195, 0.2195, 0.2195, 0.2195, 0.2195, 0.2195, 0.2195, 0.2195, 0.2195, 0.2195, 0.2195, 0.2195, 0.2195, 0.2195, 0.2195, 0.2195, 0.2195, 0.2195, 0.2195, 0.2195, 0.2195, 0.2195, 0.2195, 0.2195, 0.2195]","{""0"": 0.1294, ""1"": 0.0773, ""2"": 0.1612, ""3"": 0.5339, ""4"": 0.1914, ""5"": 0.0084, ""6"": 0.5691, ""7"": 0.0863}","[0.1111, 0.0, 0.0, 0.0, 0.0, 1.0, 0.0, 0.0, 0.0, 0.0, 0.0, 0.0, 0.0, 0.8571, 0.1111, 0.0, 0.0, 0.0, 0.0, 0.0, 0.0, 1.0, 0.0, 0.0, 0.0, 0.0, 0.0, 0.0, 0.1667, 0.8333, 0.0, 0.0, 0.0, 0.0, 0.0, 0.0, 0.6667, 1.0, 0.0, 0.0, 0.0, 0.0, 0.0, 0.0, 0.8889, 1.0, 0.0, 0.0, 0.0, 0.0, 0.0, 0.0, 0.875, 0.0909, 0.0, 0.0, 0.0, 0.0, 0.0, 0.0, 0.8333, 0.0, 0.0, 1.0, 0.0, 0.0, 0.0, 0.1111, 1.0, 0.0, 0.0, 1.0, 0.0, 0.0, 0.0, 0.0909, 1.0, 0.0, 0.0, 0.9091, 0.1111, 0.0, 0.0, 0.0, 1.0, 0.0, 0.0, 1.0, 0.0, 0.0, 0.0, 0.0, 0.6, 0.0, 0.0, 0.8571, 0.0, 0.0, 0.0, 0.0, 0.8333, 0.0, 0.0, 1.0, 0.0, 0.0, 0.0, 0.0, 0.6667, 0.0, 0.0, 0.6667, 0.0, 0.0, 0.1667, 0.0, 1.0, 0.0, 0.0, 0.7143, 0.0, 0.0, 0.0, 0.0, 0.8333, 0.0, 0.0, 1.0, 0.0, 0.0, 0.0, 0.0, 1.0, 0.0, 0.0, 0.875, 0.0, 0.0, 0.0, 0.0, 0.8333, 0.0, 0.0, 0.9091, 0.0, 0.0, 0.0, 0.0, 0.2857, 0.0, 0.0, 1.0, 0.0, 0.0, 0.0, 0.0, 0.8571, 0.0, 0.0, 1.0, 0.0, 0.0, 0.0, 0.0, 1.0, 0.0, 0.1667, 0.6667, 0.0, 0.0, 0.2, 0.0, 0.8333, 0.0, 0.0, 0.9, 0.0, 0.7273, 0.0, 0.0, 1.0, 0.0769, 0.0, 0.75, 0.0, 1.0, 0.0, 0.4, 1.0, 0.0, 0.0, 0.6667, 0.2, 0.9, 0.0, 0.7273, 0.6667, 0.0, 0.0, 1.0, 0.9, 1.0, 0.8571, 1.0, 0.0, 0.0, 0.0, 1.0, 1.0, 0.5, 1.0, 0.75, 0.0, 0.0, 0.0, 0.7273, 0.1, 0.0, 0.8333, 0.8, 0.0, 0.0, 0.0, 0.1111, 0.0, 0.0, 0.0, 0.3333, 0.3333, 0.0, 0.0, 0.1667, 0.0, 0.0, 0.0, 0.0, 0.0833, 0.0, 0.0, 0.0, 0.0, 0.0, 0.0, 0.0, 0.0, 0.6667, 0.0, 0.0, 0.1429, 0.0]","[5, 21, 71, 84, 127, 151, 164, 199, 201, 203, 207, 208, 210]"
cluster,0.6,1,cluster,0.318,0.318,0.318,1.0,0.318,0.0,44,True,636,0,279,1085,0,"[0.05, 0.0655, 0.081, 0.0975, 0.1125, 0.121, 0.13, 0.1385, 0.145, 0.152, 0.1565, 0.1635, 0.172, 0.177, 0.182, 0.191, 0.1965, 0.202, 0.205, 0.2115, 0.2165, 0.222, 0.225, 0.23, 0.2365, 0.245, 0.2525, 0.261, 0.267, 0.2715, 0.2775, 0.285, 0.29, 0.2915, 0.294, 0.2995, 0.305, 0.3085, 0.3115, 0.3135, 0.3155, 0.317, 0.3175, 0.318, 0.318, 0.318, 0.318, 0.318, 0.318, 0.318, 0.318, 0.318, 0.318, 0.318, 0.318, 0.318, 0.318, 0.318, 0.318, 0.318, 0.318, 0.318, 0.318, 0.318, 0.318, 0.318, 0.318, 0.318, 0.318, 0.318, 0.318, 0.318, 0.318, 0.318, 0.318, 0.318, 0.318, 0.318, 0.318, 0.318, 0.318, 0.318, 0.318, 0.318, 0.318, 0.318, 0.318, 0.318, 0.318, 0.318, 0.318, 0.318, 0.318, 0.318, 0.318, 0.318, 0.318, 0.318, 0.318, 0.318, 0.318]","{""0"": 0.1556, ""1"": 0.4138, ""2"": 0.1322, ""3"": 0.625, ""4"": 0.024, ""5"": 0.1674, ""6"": 0.3386, ""7"": 0.7064}","[0.4444, 0.8571, 0.0, 0.0, 0.0, 0.0, 0.0, 0.0, 1.0, 0.6, 0.0, 0.0, 0.125, 0.0, 0.0, 0.0, 0.6667, 0.875, 0.0, 0.0, 0.0, 0.0, 0.0, 0.1429, 0.7143, 1.0, 0.125, 0.0, 0.1667, 0.0, 0.0, 0.0, 0.6667, 0.25, 0.1111, 0.0, 0.7, 0.0, 0.0, 0.0, 0.0, 0.0, 0.0, 0.0, 0.875, 0.0, 0.0, 0.0, 0.1818, 0.0, 0.0, 0.0, 0.6667, 0.0, 0.0, 0.0, 0.8333, 0.0, 0.4, 0.0, 1.0, 0.0, 0.0, 0.0, 1.0, 0.1111, 1.0, 0.0, 0.8182, 0.0, 0.0909, 0.0, 0.7143, 0.0, 1.0, 0.0, 0.8182, 0.0, 0.0, 0.0, 0.7778, 0.0, 0.6667, 0.0, 0.8571, 0.0, 0.0, 0.0, 1.0, 0.0, 0.875, 0.0, 0.75, 0.0, 0.125, 0.0, 0.8889, 0.0, 1.0, 0.0, 1.0, 0.0, 0.0, 0.0, 0.5, 0.0, 0.0, 0.0, 0.8, 0.0, 0.0, 0.0, 0.2, 0.0, 0.0, 0.0, 1.0, 0.0, 0.0, 0.0, 0.0, 0.0, 0.0, 0.0, 1.0, 0.0, 0.2, 0.0, 0.0, 0.0, 0.0, 0.0, 0.8889, 0.0, 0.125, 0.0, 1.0, 0.0, 0.0, 0.1429, 0.875, 0.0, 1.0, 0.0, 1.0, 0.0, 0.1, 0.0, 1.0, 0.1111, 0.8333, 0.5, 1.0, 0.0, 1.0, 0.0, 1.0, 0.0, 1.0, 0.2, 1.0, 0.0, 1.0, 0.0, 0.8333, 0.0, 0.625, 1.0, 1.0, 0.0714, 0.7778, 0.0, 1.0, 0.0, 1.0, 0.6667, 0.625, 0.0, 1.0, 0.125, 1.0, 0.125, 1.0, 0.8333, 0.8333, 0.0, 0.625, 0.875, 0.6364, 0.0, 0.2, 1.0, 1.0, 0.0, 0.8889, 1.0, 1.0, 0.0, 0.0, 1.0, 0.8, 1.0, 1.0, 0.75, 0.875, 0.3333, 0.0, 0.8, 1.0, 0.125, 1.0, 0.8889, 0.0, 0.0, 0.0, 1.0, 0.8182, 0.0, 0.0, 0.0, 0.0, 0.0, 0.0, 1.0, 1.0, 0.0, 0.0, 0.0, 0.0, 0.0, 0.0, 0.9091, 0.625, 0.0, 0.0, 0.0, 0.0, 0.0, 0.0, 0.2, 0.8889, 0.1111, 0.0, 0.0, 0.0, 0.1429, 0.0, 0.0, 0.8333, 1.0]","[25, 64, 66, 152, 154, 156, 167, 195, 201, 202, 215, 223]"
cluster,0.6,2,cluster,0.3785,0.3785,0.3785,1.0,0.3785,0.0,35,True,757,0,287,956,0,"[0.05, 0.0705, 0.088, 0.117, 0.1345, 0.154, 0.171, 0.185, 0.2015, 0.217, 0.2275, 0.2395, 0.255, 0.268, 0.276, 0.284, 0.292, 0.302, 0.31, 0.3185, 0.3275, 0.3345, 0.3375, 0.34, 0.343, 0.3475, 0.355, 0.361, 0.364, 0.3685, 0.373, 0.375, 0.377, 0.378, 0.3785, 0.3785, 0.3785, 0.3785, 0.3785, 0.3785, 0.3785, 0.3785, 0.3785, 0.3785, 0.3785, 0.3785, 0.3785, 0.3785, 0.3785, 0.3785, 0.3785, 0.3785, 0.3785, 0.3785, 0.3785, 0.3785, 0.3785, 0.3785, 0.3785, 0.3785, 0.3785, 0.3785, 0.3785, 0.3785, 0.3785, 0.3785, 0.3785, 0.3785, 0.3785, 0.3785, 0.3785, 0.3785, 0.3785, 0.3785, 0.3785, 0.3785, 0.3785, 0.3785, 0.3785, 0.3785, 0.3785, 0.3785, 0.3785, 0.3785, 0.3785, 0.3785, 0.3785, 0.3785, 0.3785, 0.3785, 0.3785, 0.3785, 0.3785, 0.3785, 0.3785, 0.3785, 0.3785, 0.3785, 0.3785, 0.3785, 0.3785]","{""0"": 0.2209, ""1"": 0.4357, ""2"": 0.2585, ""3"": 0.3436, ""4"": 0.5615, ""5"": 0.652, ""6"": 0.3246, ""7"": 0.2341}","[0.6667, 0.0, 0.0, 0.0, 1.0, 0.0, 0.0, 0.0, 0.0, 0.0, 0.0, 0.0, 0.9, 1.0, 0.0, 0.0, 0.0, 0.0, 0.0, 0.0, 1.0, 1.0, 0.0, 0.0, 0.0, 0.0, 0.875, 0.0, 0.0, 1.0, 0.0, 0.0, 0.0, 0.0, 1.0, 0.0, 0.0, 0.6667, 0.25, 0.0, 0.0, 0.0, 0.5, 0.0, 0.0, 1.0, 0.625, 0.0, 0.2, 1.0, 0.8889, 0.0, 0.0, 1.0, 1.0, 0.0, 0.0, 1.0, 0.75, 0.0, 0.1429, 1.0, 0.8182, 0.0, 0.0, 1.0, 0.6667, 0.0, 0.0, 0.7778, 1.0, 0.0, 0.0, 0.875, 1.0, 0.0, 0.0, 0.875, 1.0, 0.0, 0.2, 1.0, 1.0, 0.0, 0.0, 1.0, 1.0, 0.0, 0.1111, 0.875, 1.0, 0.0, 0.0, 1.0, 0.7, 0.0, 0.0, 0.875, 1.0, 0.0, 0.0, 0.0, 0.8, 0.0, 1.0, 0.0, 1.0, 0.0, 0.0, 0.1, 0.8182, 0.0, 0.75, 0.1429, 0.7143, 0.0, 0.0, 0.0, 0.9, 0.0, 0.75, 0.0, 0.875, 0.0, 0.0, 0.0, 0.8571, 0.0, 0.9091, 0.0, 0.25, 0.2, 0.1667, 0.1429, 1.0, 0.3333, 0.5556, 0.0, 0.0, 0.1667, 0.0, 0.0, 0.75, 0.75, 0.8333, 0.0, 0.3333, 0.8, 0.0, 0.2, 1.0, 0.7778, 1.0, 0.0, 0.0, 1.0, 0.0, 0.7143, 1.0, 1.0, 0.9091, 0.0, 0.0, 1.0, 0.0, 0.7143, 0.8333, 0.7273, 0.0, 0.0, 0.0, 0.75, 0.0, 0.9, 0.5, 1.0, 0.0, 0.0, 0.4, 1.0, 0.0, 1.0, 0.5, 1.0, 0.0, 0.0, 0.875, 0.9, 0.1111, 0.8889, 1.0, 0.9167, 0.0, 0.2222, 0.25, 1.0, 0.8, 0.8333, 1.0, 0.75, 0.0, 0.0, 0.0, 0.6, 0.9, 0.8333, 0.625, 1.0, 0.0, 0.0, 0.0, 1.0, 0.7778, 0.2, 0.8, 0.7143, 0.0, 0.0, 0.0, 0.6667, 1.0, 0.0, 0.4, 0.7, 0.0, 0.0, 0.0, 0.0, 0.7778, 0.0, 0.0, 0.0, 0.0, 0.0, 0.0, 0.125, 1.0, 0.0, 0.0, 0.0, 0.0, 0.0, 0.0, 0.0, 1.0, 0.0, 0.0, 1.0, 0.0, 0.0]","[4, 13, 65, 70, 74, 93, 104, 158, 175, 190, 211, 220, 247]"
cluster,0.6,3,cluster,0.263,0.263,0.263,1.0,0.263,0.0,32,True,526,0,294,1180,0,"[0.05, 0.0685, 0.0875, 0.107, 0.122, 0.135, 0.146, 0.1595, 0.168, 0.1745, 0.1835, 0.1925, 0.2005, 0.2115, 0.2255, 0.234, 0.237, 0.2385, 0.239, 0.2395, 0.241, 0.244, 0.245, 0.2455, 0.2465, 0.2485, 0.251, 0.253, 0.254, 0.257, 0.261, 0.263, 0.263, 0.263, 0.263, 0.263, 0.263, 0.263, 0.263, 0.263, 0.263, 0.263, 0.263, 0.263, 0.263, 0.263, 0.263, 0.263, 0.263, 0.263, 0.263, 0.263, 0.263, 0.263, 0.263, 0.263, 0.263, 0.263, 0.263, 0.263, 0.263, 0.263, 0.263, 0.263, 0.263, 0.263, 0.263, 0.263, 0.263, 0.263, 0.263, 0.263, 0.263, 0.263, 0.263, 0.263, 0.263, 0.263, 0.263, 0.263, 0.263, 0.263, 0.263, 0.263, 0.263, 0.263, 0.263, 0.263, 0.263, 0.263, 0.263, 0.263, 0.263, 0.263, 0.263, 0.263, 0.263, 0.263, 0.263, 0.263, 0.263]","{""0"": 0.2107, ""1"": 0.1784, ""2"": 0.0126, ""3"": 0.8544, ""4"": 0.3779, ""5"": 0.0417, ""6"": 0.2335, ""7"": 0.1401}","[0.3333, 0.1667, 0.3333, 0.0, 0.625, 0.8571, 0.0, 1.0, 0.1667, 0.0, 1.0, 0.0, 0.75, 1.0, 0.0, 0.625, 0.0, 0.0, 1.0, 0.0, 0.9, 0.8889, 0.0, 0.0, 0.0, 0.0, 1.0, 0.0, 0.8, 0.0, 0.0, 0.0, 0.0, 0.0, 1.0, 0.0, 1.0, 0.0, 0.0, 0.0, 0.0, 0.0, 1.0, 0.0, 1.0, 0.0, 0.0, 0.0, 0.0, 0.0, 0.75, 0.0, 0.75, 0.0, 0.0, 0.0, 0.0, 0.0, 0.0, 0.0, 1.0, 0.0, 0.0, 0.0, 0.0, 0.0, 0.0, 0.0, 1.0, 0.0, 0.0, 0.0, 0.0, 0.0, 0.0, 0.0, 0.6667, 0.0, 0.0, 0.0, 0.1111, 0.0, 0.0, 0.0, 0.9286, 0.0, 0.0, 0.0, 0.0, 0.0, 0.0, 0.0, 1.0, 0.0, 0.0, 0.0, 0.0, 0.0, 0.0, 0.0, 0.8889, 0.0, 0.0769, 0.0, 0.0, 0.875, 0.0, 0.0, 0.8333, 0.0, 1.0, 0.0, 0.0, 1.0, 0.0, 0.0, 1.0, 0.0, 0.5, 0.0, 0.0, 0.9, 0.3333, 0.0, 0.875, 0.1111, 0.0, 0.0769, 0.0, 0.8571, 0.0, 0.0, 0.6667, 0.0, 0.0, 0.0, 0.0, 1.0, 0.0, 0.0, 0.875, 0.0, 0.0, 0.0, 0.0, 0.8571, 0.0, 0.0, 0.7143, 0.0, 0.0, 0.0, 0.0, 0.2, 0.0, 0.0, 0.875, 0.0, 0.0, 0.0, 0.0, 0.125, 0.0, 0.0, 0.8, 0.2, 0.0, 0.0, 0.0, 0.0, 0.0, 0.0, 0.6667, 0.3, 0.0, 0.0, 0.0, 0.0, 0.0, 0.0, 0.75, 1.0, 0.0, 0.0, 0.4286, 0.0, 0.0, 0.0, 0.8571, 1.0, 0.0, 0.3, 0.0, 0.0, 0.0, 0.0, 1.0, 0.9167, 0.0, 1.0, 0.0, 0.0, 0.0, 0.1, 1.0, 1.0, 0.0, 0.7143, 0.125, 0.0, 0.0, 0.1429, 0.7778, 0.8571, 0.0, 0.5714, 0.1111, 0.0, 0.0, 0.0, 0.75, 0.9167, 0.0, 1.0, 0.8889, 0.0, 0.0, 0.0, 0.8333, 0.9, 0.0, 0.5455, 1.0, 1.0, 0.0, 0.0, 0.7778, 1.0, 0.0, 0.8571, 0.8571, 0.2, 0.0, 0.125, 0.9, 0.75, 0.0, 1.0, 0.8, 0.0]","[13, 26, 34, 42, 84, 110, 113, 189, 196, 199, 223, 232, 233]"
cluster,0.6,4,cluster,0.7895,0.7895,0.7895,1.0,0.7895,-0.0,79,True,1579,0,270,151,0,"[0.05, 0.066, 0.0825, 0.103, 0.1255, 0.1475, 0.1625, 0.1775, 0.189, 0.201, 0.211, 0.218, 0.226, 0.237, 0.243, 0.2485, 0.254, 0.26, 0.266, 0.2735, 0.278, 0.2825, 0.288, 0.2945, 0.3, 0.3085, 0.319, 0.331, 0.3365, 0.3405, 0.3475, 0.3555, 0.3635, 0.3715, 0.381, 0.392, 0.3985, 0.4035, 0.409, 0.415, 0.4215, 0.43, 0.4395, 0.448, 0.4575, 0.465, 0.4735, 0.4795, 0.4895, 0.496, 0.506, 0.512, 0.5165, 0.522, 0.532, 0.5455, 0.561, 0.578, 0.597, 0.614, 0.6275, 0.6395, 0.653, 0.6685, 0.681, 0.6915, 0.6995, 0.707, 0.7125, 0.7235, 0.733, 0.743, 0.752, 0.758, 0.7675, 0.7765, 0.7825, 0.787, 0.7895, 0.7895, 0.7895, 0.7895, 0.7895, 0.7895, 0.7895, 0.7895, 0.7895, 0.7895, 0.7895, 0.7895, 0.7895, 0.7895, 0.7895, 0.7895, 0.7895, 0.7895, 0.7895, 0.7895, 0.7895, 0.7895, 0.7895]","{""0"": 0.7245, ""1"": 0.8508, ""2"": 0.5423, ""3"": 0.9053, ""4"": 0.8708, ""5"": 0.8707, ""6"": 0.8522, ""7"": 0.72}","[1.0, 0.7778, 0.875, 0.0, 0.7778, 0.7857, 1.0, 0.75, 0.1, 0.5556, 0.7143, 0.1111, 1.0, 0.9091, 1.0, 0.875, 0.8333, 0.8571, 0.875, 0.0, 1.0, 0.8182, 0.8182, 1.0, 0.875, 0.8182, 0.75, 0.1111, 0.8333, 1.0, 0.875, 0.875, 0.75, 1.0, 1.0, 0.0, 1.0, 0.8571, 1.0, 1.0, 1.0, 1.0, 1.0, 0.0, 1.0, 0.8333, 1.0, 1.0, 1.0, 0.75, 0.8, 0.0, 0.8889, 0.6667, 0.8889, 0.8571, 0.8889, 0.8, 0.875, 0.0, 1.0, 0.9167, 0.6667, 0.7143, 1.0, 0.875, 0.7778, 0.0, 0.6667, 1.0, 1.0, 0.9231, 0.6667, 1.0, 0.75, 0.0, 0.8889, 0.8182, 1.0, 0.8, 1.0, 0.7273, 0.8571, 0.8, 0.8889, 0.8889, 0.8889, 0.8333, 1.0, 0.6667, 1.0, 0.75, 0.8571, 1.0, 0.7143, 1.0, 0.8333, 0.8571, 0.6667, 0.9, 0.8182, 0.8571, 0.8333, 0.625, 1.0, 0.8571, 0.8571, 1.0, 0.8571, 0.8333, 0.7143, 1.0, 0.625, 0.6, 0.8182, 0.8571, 1.0, 0.75, 1.0, 0.7143, 0.8889, 0.0, 1.0, 0.75, 0.7, 1.0, 0.75, 0.8333, 0.9, 0.0, 0.8, 1.0, 1.0, 1.0, 0.9, 0.8, 1.0, 0.0, 1.0, 1.0, 0.8333, 1.0, 1.0, 0.5714, 1.0, 0.0833, 1.0, 0.8889, 1.0, 1.0, 0.8, 1.0, 0.6667, 0.7143, 1.0, 0.9091, 0.875, 0.8571, 1.0, 0.8889, 0.8, 1.0, 0.5, 0.8, 0.875, 0.8, 1.0, 0.9091, 0.8889, 1.0, 0.75, 0.7, 0.9, 0.7778, 0.875, 0.75, 0.875, 0.875, 1.0, 0.8571, 1.0, 1.0, 0.5556, 0.8, 0.625, 1.0, 0.75, 1.0, 0.8889, 0.75, 1.0, 1.0, 1.0, 1.0, 0.75, 0.875, 1.0, 0.8, 1.0, 0.6364, 0.8333, 0.8, 0.9091, 0.8333, 1.0, 1.0, 0.5, 1.0, 0.8333, 1.0, 0.7143, 1.0, 0.8571, 0.7143, 0.875, 0.8571, 0.7143, 0.7143, 0.9091, 0.6667, 0.875, 0.8333, 0.8571, 0.8333, 0.0, 1.0, 0.7143, 0.7778, 1.0, 1.0, 0.7778, 1.0, 0.0, 1.0, 1.0, 0.6667, 0.8889, 0.7, 0.875, 0.6667, 0.0, 0.5556, 1.0, 0.0909, 1.0, 0.9091, 0.8, 0.75, 0.0, 1.0]","[33, 34, 69, 70, 80, 122, 125, 144, 146, 204, 205, 207, 211]"
cluster,0.6,5,cluster,0.193,0.193,0.193,1.0,0.193,0.0,27,True,386,0,277,1337,0,"[0.05, 0.065, 0.0815, 0.0965, 0.112, 0.1215, 0.127, 0.133, 0.1385, 0.146, 0.1525, 0.1595, 0.162, 0.1645, 0.166, 0.167, 0.1685, 0.173, 0.1765, 0.1805, 0.1835, 0.1845, 0.1855, 0.189, 0.1905, 0.1915, 0.193, 0.193, 0.193, 0.193, 0.193, 0.193, 0.193, 0.193, 0.193, 0.193, 0.193, 0.193, 0.193, 0.193, 0.193, 0.193, 0.193, 0.193, 0.193, 0.193, 0.193, 0.193, 0.193, 0.193, 0.193, 0.193, 0.193, 0.193, 0.193, 0.193, 0.193, 0.193, 0.193, 0.193, 0.193, 0.193, 0.193, 0.193, 0.193, 0.193, 0.193, 0.193, 0.193, 0.193, 0.193, 0.193, 0.193, 0.193, 0.193, 0.193, 0.193, 0.193, 0.193, 0.193, 0.193, 0.193, 0.193, 0.193, 0.193, 0.193, 0.193, 0.193, 0.193, 0.193, 0.193, 0.193, 0.193, 0.193, 0.193, 0.193, 0.193, 0.193, 0.193, 0.193, 0.193]","{""0"": 0.0181, ""1"": 0.1701, ""2"": 0.1184, ""3"": 0.4343, ""4"": 0.0386, ""5"": 0.3577, ""6"": 0.313, ""7"": 0.0769}","[0.3333, 0.0, 0.0, 0.0, 0.1429, 0.0, 0.0, 0.8333, 0.0, 0.0833, 0.4286, 0.0, 0.0, 0.0, 0.8571, 0.8571, 0.0, 0.0, 0.6, 0.8889, 0.0, 0.0, 1.0, 1.0, 0.0, 0.0833, 0.8571, 1.0, 0.0714, 0.0, 1.0, 1.0, 0.0, 0.0, 1.0, 1.0, 0.0, 1.0, 0.8, 0.9167, 0.0, 0.0, 1.0, 0.0, 0.0, 0.0, 1.0, 0.8889, 0.0, 0.0, 0.8333, 0.0, 0.0, 0.3333, 0.9, 0.0, 0.0, 0.0, 0.1, 0.0, 0.0, 0.0, 1.0, 0.1429, 0.0, 0.0, 0.0, 0.0, 0.0, 0.0, 0.0, 0.0, 0.0, 0.0, 0.0, 0.0, 0.0, 0.0, 0.0, 0.0, 0.0, 0.0, 0.0, 0.0, 0.1667, 0.0, 0.0, 0.0, 0.0, 0.0, 0.0909, 0.1111, 0.8333, 0.0, 0.0, 1.0, 0.0, 0.0909, 0.0, 0.0, 1.0, 0.0, 0.0, 0.1667, 0.5714, 0.0, 0.2857, 0.0, 1.0, 0.0, 0.0, 0.1667, 0.0, 0.0, 0.0, 0.0, 0.8571, 0.0, 0.0, 0.0, 0.3333, 0.0, 0.0, 0.0, 1.0, 0.0, 0.7143, 0.0, 1.0, 0.0, 0.0, 0.0, 0.875, 0.0, 0.8333, 0.0833, 0.875, 0.0, 0.0, 0.0, 1.0, 0.0, 1.0, 0.0, 0.0, 0.0, 0.0, 0.0, 0.8, 0.0, 1.0, 0.0, 0.0, 0.0, 0.0, 0.0, 0.9091, 0.0, 1.0, 0.0, 0.0, 0.0, 0.0, 0.0, 1.0, 0.0, 0.0833, 0.1667, 0.0, 0.1111, 0.0, 0.0, 0.875, 0.0, 0.0, 1.0, 0.0, 0.0, 0.0, 0.0, 0.75, 0.0, 0.1, 0.0, 0.0, 0.0, 0.0, 0.0, 0.0, 0.0, 0.0, 0.0, 0.0, 0.0, 0.0, 0.0, 0.0, 0.0, 0.0909, 0.0, 0.0, 0.0, 0.0, 0.0, 0.0, 0.0, 0.0, 0.0, 0.0, 0.0, 0.0, 0.0, 0.0, 0.0, 0.0, 0.0, 0.0, 0.2, 0.0, 0.0, 0.0, 0.0, 0.0, 0.0, 0.0, 0.0, 0.25, 0.0, 1.0, 0.1111, 0.0, 0.0, 0.0, 0.0, 0.0, 0.0, 0.8571, 0.0, 0.0, 0.6, 0.0, 0.0, 0.0, 0.0, 0.7143, 0.0, 0.0, 0.875, 0.0, 0.0]","[22, 23, 27, 34, 37, 95, 100, 108, 128, 158, 175, 228]"
cluster,0.6,6,cluster,0.2195,0.2195,0.2195,1.0,0.2195,0.0,22,True,439,0,293,1268,0,"[0.05, 0.0735, 0.1, 0.114, 0.1215, 0.1315, 0.143, 0.1505, 0.1565, 0.161, 0.1645, 0.17, 0.174, 0.179, 0.185, 0.1965, 0.2055, 0.2115, 0.2145, 0.217, 0.219, 0.2195, 0.2195, 0.2195, 0.2195, 0.2195, 0.2195, 0.2195, 0.2195, 0.2195, 0.2195, 0.2195, 0.2195, 0.2195, 0.2195, 0.2195, 0.2195, 0.2195, 0.2195, 0.2195, 0.2195, 0.2195, 0.2195, 0.2195, 0.2195, 0.2195, 0.2195, 0.2195, 0.2195, 0.2195, 0.2195, 0.2195, 0.2195, 0.2195, 0.2195, 0.2195, 0.2195, 0.2195, 0.2195, 0.2195, 0.2195, 0.2195, 0.2195, 0.2195, 0.2195, 0.2195, 0.2195, 0.2195, 0.2195, 0.2195, 0.2195, 0.2195, 0.2195, 0.2195, 0.2195, 0.2195, 0.2195, 0.2195, 0.2195, 0.2195, 0.2195, 0.2195, 0.2195, 0.2195, 0.2195, 0.2195, 0.2195, 0.2195, 0.2195, 0.2195, 0.2195, 0.2195, 0.2195, 0.2195, 0.2195, 0.2195, 0.2195, 0.2195, 0.2195, 0.2195, 0.2195]","{""0"": 0.2582, ""1"": 0.0189, ""2"": 0.3416, ""3"": 0.1277, ""4"": 0.7546, ""5"": 0.095, ""6"": 0.0786, ""7"": 0.1825}","[0.1111, 0.0, 0.0, 1.0, 0.0, 1.0, 1.0, 0.0, 0.0, 0.125, 0.0, 0.8, 0.0, 0.7, 0.0, 0.0, 0.0, 0.0, 0.0, 1.0, 0.0, 0.8333, 0.0, 0.0, 0.1429, 0.0, 0.0, 0.8333, 0.0, 0.7143, 0.0, 0.0, 0.1429, 0.0, 0.2857, 0.75, 0.1111, 0.8889, 0.0, 0.0, 0.0, 0.0, 0.0, 0.7143, 0.7143, 1.0, 1.0, 0.0, 0.0, 0.0, 0.0, 0.0909, 1.0, 1.0, 0.0, 0.0, 0.0, 0.0, 0.1111, 0.0, 0.0, 1.0, 0.0, 0.0, 0.875, 0.0, 0.0, 0.1429, 0.0, 1.0, 0.0, 0.0, 0.75, 0.0, 0.0, 0.0, 0.0, 0.7143, 0.0, 0.0, 1.0, 0.0, 0.0, 0.0, 0.0, 0.0, 0.0, 0.0, 0.8182, 0.0, 0.0, 0.0, 0.0, 0.0, 0.0, 0.0, 1.0, 0.0, 0.0, 0.0, 0.0, 0.0, 0.0, 0.0, 1.0, 0.0, 0.0, 0.1, 0.0, 0.75, 0.0, 0.0, 0.1111, 0.0, 0.0, 0.0, 0.0, 1.0, 0.0, 0.0, 0.0, 0.0, 0.1111, 0.0, 0.0, 1.0, 0.0, 0.0, 0.0, 0.0, 0.0, 0.0, 0.0, 0.75, 0.0, 0.1111, 0.0, 0.1667, 0.0, 0.0, 0.0, 0.8571, 0.0, 0.0, 0.0, 0.625, 0.0, 0.0, 0.0, 0.8, 0.0, 0.0, 0.0, 1.0, 0.0, 0.1, 0.0, 0.875, 0.0, 0.0, 0.0, 1.0, 0.1429, 1.0, 0.0, 0.8571, 0.0, 0.0, 0.0, 0.8, 0.0, 0.0, 0.0, 0.8571, 0.0, 0.0, 0.0, 1.0, 0.0, 0.125, 0.0, 1.0, 0.0, 0.0, 0.0, 0.9, 0.0, 0.0, 0.0, 0.6667, 0.1667, 0.0, 0.0, 1.0, 0.0, 0.0, 0.6, 0.8, 0.0, 0.0, 0.0, 0.6667, 0.0, 0.0, 1.0, 0.8571, 0.0, 0.875, 0.0, 0.3333, 0.0, 0.375, 1.0, 0.8889, 0.0, 1.0, 0.0, 0.0, 0.0, 0.0, 0.25, 0.6667, 0.0, 0.7143, 0.0, 0.0, 0.0, 0.8, 0.0, 0.6667, 0.0, 0.0, 0.0, 0.0, 0.0, 1.0, 0.0, 0.8333, 0.0, 0.0, 0.0, 0.0, 0.0, 0.7778, 0.0, 0.8, 1.0, 0.0, 0.0, 0.0]","[3, 5, 6, 19, 46, 52, 96, 117, 153, 163, 193, 204, 215]"
cluster,0.6,7,cluster,0.187,0.187,0.187,1.0,0.187,0.0,20,True,374,0,285,1341,0,"[0.05, 0.0715, 0.087, 0.1045, 0.1185, 0.1315, 0.1415, 0.151, 0.159, 0.164, 0.1665, 0.169, 0.1725, 0.175, 0.1795, 0.182, 0.184, 0.186, 0.1865, 0.187, 0.187, 0.187, 0.187, 0.187, 0.187, 0.187, 0.187, 0.187, 0.187, 0.187, 0.187, 0.187, 0.187, 0.187, 0.187, 0.187, 0.187, 0.187, 0.187, 0.187, 0.187, 0.187, 0.187, 0.187, 0.187, 0.187, 0.187, 0.187, 0.187, 0.187, 0.187, 0.187, 0.187, 0.187, 0.187, 0.187, 0.187, 0.187, 0.187, 0.187, 0.187, 0.187, 0.187, 0.187, 0.187, 0.187, 0.187, 0.187, 0.187, 0.187, 0.187, 0.187, 0.187, 0.187, 0.187, 0.187, 0.187, 0.187, 0.187, 0.187, 0.187, 0.187, 0.187, 0.187, 0.187, 0.187, 0.187, 0.187, 0.187, 0.187, 0.187, 0.187, 0.187, 0.187, 0.187, 0.187, 0.187, 0.187, 0.187, 0.187, 0.187]","{""0"": 0.0035, ""1"": 0.4941, ""2"": 0.0041, ""3"": 0.2603, ""4"": 0.1047, ""5"": 0.3651, ""6"": 0.2134, ""7"": 0.0717}","[0.2222, 0.0, 0.75, 0.0, 0.0, 0.0, 1.0, 0.1667, 0.2, 0.0, 0.5556, 0.0, 0.0, 0.0, 1.0, 0.0, 0.6667, 0.0, 1.0, 0.125, 0.0, 0.0, 0.8333, 0.0, 0.0, 0.0, 0.8, 0.0, 0.0, 0.0, 1.0, 0.0, 0.0, 0.0, 1.0, 0.0, 0.0, 0.0, 0.6667, 0.0, 0.0, 0.0, 0.625, 0.0, 0.6667, 0.0, 0.9, 0.0, 0.0, 0.0, 1.0, 0.0, 1.0, 0.0, 0.1, 0.0, 0.0, 0.0, 1.0, 0.0, 0.8571, 0.0909, 0.0, 0.0, 0.1429, 0.0, 0.8889, 0.0, 0.0, 0.1429, 0.0, 0.0, 0.0, 0.0, 0.8571, 0.0, 0.0, 0.1111, 0.0, 0.0, 0.0, 0.0, 0.8182, 0.0, 0.0, 1.0, 0.0, 0.0, 0.0, 0.0, 0.5, 0.0, 0.1667, 0.8, 0.1667, 0.0, 0.0, 0.0, 0.1429, 0.0, 0.0, 1.0, 1.0, 0.0, 0.0, 0.0833, 0.0, 0.0, 0.0, 0.6667, 0.8571, 0.0, 0.0, 0.0, 0.0, 0.0, 0.0, 0.0, 0.1, 0.0, 0.0, 0.0, 0.0, 0.0, 0.0, 0.0, 0.0769, 0.0, 0.0, 0.0, 0.0, 0.0, 0.0, 0.0, 0.0, 0.0, 0.0, 0.0, 0.0, 0.0, 0.0, 0.0, 0.0, 0.0, 0.0, 0.0, 0.1111, 0.0, 0.0, 0.0, 0.0, 0.0, 0.0, 0.0, 0.0, 0.0, 0.0, 0.0, 0.125, 0.0, 0.0, 0.0, 0.0909, 0.0, 0.125, 0.0, 0.0, 0.25, 0.0, 0.0, 0.125, 0.0, 1.0, 0.0, 0.0, 0.0, 1.0, 0.0, 0.125, 0.0, 1.0, 0.0, 0.0, 0.2, 0.8, 0.0, 0.0, 0.0, 0.7143, 0.0, 0.0, 0.75, 0.0, 0.0, 0.1429, 0.0, 1.0, 0.0, 0.0, 0.8571, 0.0, 0.0, 1.0, 0.0, 0.8333, 0.0, 0.0, 0.875, 0.0, 0.0, 0.7143, 0.0, 1.0, 0.0, 0.6667, 1.0, 0.1, 0.0, 1.0, 0.0, 0.0, 0.0, 0.875, 1.0, 0.0, 0.0, 0.8571, 0.0, 0.0, 0.0, 0.9, 0.7778, 0.1429, 0.0, 0.9167, 0.0, 0.0, 0.0, 0.5, 1.0, 0.0, 0.0, 1.0, 0.0, 0.0, 0.0, 1.0, 0.0, 0.0, 0.0]","[8, 18, 30, 50, 52, 101, 102, 176, 180, 212, 218, 223, 246]"
cluster,0.6,8,cluster,0.199,0.199,0.199,1.0,0.199,0.0,19,True,398,0,311,1291,0,"[0.05, 0.068, 0.087, 0.1045, 0.1265, 0.136, 0.144, 0.151, 0.1585, 0.1655, 0.1705, 0.1735, 0.1775, 0.1815, 0.185, 0.1895, 0.1925, 0.195, 0.199, 0.199, 0.199, 0.199, 0.199, 0.199, 0.199, 0.199, 0.199, 0.199, 0.199, 0.199, 0.199, 0.199, 0.199, 0.199, 0.199, 0.199, 0.199, 0.199, 0.199, 0.199, 0.199, 0.199, 0.199, 0.199, 0.199, 0.199, 0.199, 0.199, 0.199, 0.199, 0.199, 0.199, 0.199, 0.199, 0.199, 0.199, 0.199, 0.199, 0.199, 0.199, 0.199, 0.199, 0.199, 0.199, 0.199, 0.199, 0.199, 0.199, 0.199, 0.199, 0.199, 0.199, 0.199, 0.199, 0.199, 0.199, 0.199, 0.199, 0.199, 0.199, 0.199, 0.199, 0.199, 0.199, 0.199, 0.199, 0.199, 0.199, 0.199, 0.199, 0.199, 0.199, 0.199, 0.199, 0.199, 0.199, 0.199, 0.199, 0.199, 0.199, 0.199]","{""0"": 0.3233, ""1"": 0.0491, ""2"": 0.0373, ""3"": 0.0506, ""4"": 0.2937, ""5"": 0.5978, ""6"": 0.0081, ""7"": 0.1778}","[0.3333, 0.0, 0.0, 0.0, 0.0, 0.0909, 0.1667, 0.0, 1.0, 0.0, 1.0, 0.0, 0.0, 0.0, 0.0, 0.3333, 0.7273, 1.0, 0.0, 0.0, 0.0, 0.0, 0.0, 0.0, 0.8889, 1.0, 0.0, 0.0, 0.0, 0.0, 0.0, 0.0, 0.5, 0.7778, 0.0, 0.0, 0.0, 0.0, 0.0, 0.0, 0.0, 1.0, 0.1429, 0.0, 0.0, 0.0, 0.0, 0.0, 0.125, 1.0, 0.0, 0.0, 0.0, 0.8, 0.0, 0.0, 0.0, 1.0, 0.0, 0.0, 0.0, 1.0, 0.0, 0.0, 0.0, 1.0, 1.0, 0.1111, 0.0, 0.875, 0.0, 0.0, 0.0, 0.6667, 0.0, 0.0, 0.0, 1.0, 0.0, 0.0, 0.0, 0.8333, 0.1667, 0.0, 0.0, 1.0, 1.0, 0.0, 0.0, 1.0, 0.0, 0.0, 0.0, 0.7778, 1.0, 0.0, 0.0, 0.0, 0.0, 0.0, 0.0, 1.0, 1.0, 0.0, 0.0, 0.0, 0.0, 0.0, 0.1667, 1.0, 0.625, 0.0, 0.0, 0.3333, 0.0, 0.0, 1.0, 1.0, 1.0, 0.0, 0.0, 0.0, 0.0, 1.0, 0.0, 0.6364, 1.0, 0.0, 0.0, 0.0, 0.0, 0.0, 0.0, 0.1111, 0.7778, 0.0, 0.0, 0.0, 0.0, 0.0, 0.0, 0.0, 0.8571, 0.0, 0.0, 0.0, 0.0, 0.0, 0.0, 0.0, 1.0, 0.0, 0.0, 0.0, 0.0, 0.0, 0.0, 0.0, 0.7857, 0.0, 0.0714, 0.0, 0.0, 0.0, 0.0, 0.0, 1.0, 0.0, 0.0, 0.0, 0.0, 0.0, 0.0, 0.0, 1.0, 0.0, 0.0, 0.0, 0.0, 0.0, 0.125, 0.0, 0.9, 0.0, 0.0, 0.0, 0.0, 0.0, 0.0, 0.0, 0.875, 0.0, 0.0, 0.0, 0.0, 0.0, 0.0, 0.0, 0.875, 0.0, 0.0, 0.0, 0.0, 0.0, 0.0, 0.0, 1.0, 0.0, 0.0, 0.0, 0.0, 0.0, 0.0, 0.0, 0.9, 0.0, 0.0, 0.0, 0.0, 0.0, 0.0, 0.0, 1.0, 0.0, 0.0, 0.0, 0.0, 0.0, 0.0, 0.0, 0.6667, 0.0, 0.6, 0.0, 0.0, 0.0, 0.0, 0.0, 1.0, 0.0, 1.0, 0.0, 0.0, 0.0, 0.0, 0.0, 0.6667, 0.0, 0.7, 0.1429]","[8, 10, 25, 57, 65, 66, 85, 89, 102, 116, 123, 206, 238, 240]"
cluster,0.6,9,cluster,0.2615,0.2615,0.2615,1.0,0.2615,0.0,23,True,523,0,284,1193,0,"[0.05, 0.064, 0.078, 0.092, 0.1055, 0.1205, 0.1335, 0.1455, 0.1555, 0.1625, 0.171, 0.1825, 0.194, 0.2055, 0.218, 0.235, 0.2475, 0.252, 0.255, 0.2575, 0.259, 0.2605, 0.2615, 0.2615, 0.2615, 0.2615, 0.2615, 0.2615, 0.2615, 0.2615, 0.2615, 0.2615, 0.2615, 0.2615, 0.2615, 0.2615, 0.2615, 0.2615, 0.2615, 0.2615, 0.2615, 0.2615, 0.2615, 0.2615, 0.2615, 0.2615, 0.2615, 0.2615, 0.2615, 0.2615, 0.2615, 0.2615, 0.2615, 0.2615, 0.2615, 0.2615, 0.2615, 0.2615, 0.2615, 0.2615, 0.2615, 0.2615, 0.2615, 0.2615, 0.2615, 0.2615, 0.2615, 0.2615, 0.2615, 0.2615, 0.2615, 0.2615, 0.2615, 0.2615, 0.2615, 0.2615, 0.2615, 0.2615, 0.2615, 0.2615, 0.2615, 0.2615, 0.2615, 0.2615, 0.2615, 0.2615, 0.2615, 0.2615, 0.2615, 0.2615, 0.2615, 0.2615, 0.2615, 0.2615, 0.2615, 0.2615, 0.2615, 0.2615, 0.2615, 0.2615, 0.2615]","{""0"": 0.1179, ""1"": 0.7787, ""2"": 0.3248, ""3"": 0.0155, ""4"": 0.0805, ""5"": 0.0078, ""6"": 0.3557, ""7"": 0.437}","[0.3333, 0.0, 0.9167, 0.7692, 0.0, 0.0, 0.0, 0.0, 1.0, 0.0, 1.0, 0.8182, 0.0, 0.125, 0.0, 0.0, 0.8182, 0.0, 0.8333, 0.625, 0.1111, 0.1111, 0.0, 0.0, 1.0, 0.0, 1.0, 1.0, 0.0, 0.0, 0.0, 0.0, 1.0, 0.0, 0.8889, 0.75, 0.0, 1.0, 0.0, 0.0, 1.0, 0.0, 0.8333, 1.0, 0.0, 0.0, 0.0, 0.0, 0.0, 0.0, 0.8571, 0.125, 0.0, 0.0, 0.0, 0.0, 0.0, 0.0, 1.0, 0.0, 0.0, 0.0, 0.0, 1.0, 0.0, 0.0, 0.9, 0.0, 0.0, 0.0, 0.0, 0.8333, 0.4, 0.0, 0.0, 0.0, 0.125, 0.0, 0.0, 1.0, 0.0, 0.875, 0.0, 0.0, 0.1, 0.0, 0.0, 1.0, 0.0, 0.875, 0.0, 0.0, 0.0, 0.0, 0.0, 1.0, 0.0, 0.0, 0.0, 0.0, 0.0, 0.0, 0.0, 0.5, 0.0, 0.0, 1.0, 0.0, 0.0, 0.0, 0.0, 0.75, 0.0, 0.0, 0.8333, 0.0, 0.0, 0.0, 0.0, 1.0, 0.0, 0.25, 0.8571, 0.0, 0.0, 0.0, 0.0, 0.875, 0.0, 0.1667, 0.8571, 0.0, 0.0, 0.0, 0.0, 1.0, 0.0, 0.3333, 0.6667, 0.0, 0.0, 0.0, 0.0, 1.0, 0.0, 0.8, 0.9231, 0.0, 0.0, 0.0, 0.0, 1.0, 0.0, 1.0, 0.875, 0.0, 0.0, 0.0, 0.0, 0.0, 0.0, 0.0, 0.8333, 0.0, 0.0, 0.0, 0.1429, 0.0, 0.0, 0.0, 0.8889, 0.0, 0.0, 0.1429, 0.0, 0.0, 0.1, 0.0, 0.8571, 0.0, 0.0833, 0.0, 0.1111, 0.0, 0.8, 0.0, 1.0, 0.0, 0.0, 0.4286, 0.0, 0.0, 0.8571, 0.0, 1.0, 0.0, 0.0, 0.25, 0.0, 0.0, 0.8, 0.0, 0.75, 0.0, 0.0, 0.0, 0.0, 0.0, 1.0, 0.2727, 1.0, 0.0833, 0.0, 0.0, 0.0, 0.0, 1.0, 0.0, 1.0, 0.875, 0.0, 0.0, 0.0, 0.0, 0.8571, 0.0, 0.7778, 1.0, 0.0, 0.0, 0.0, 0.0, 0.7, 0.0, 0.7, 1.0, 0.0, 0.125, 0.0, 0.0, 1.0, 0.0, 0.6667, 0.875, 0.0, 0.0, 0.0, 0.0, 0.8889, 0.0]","[32, 37, 40, 58, 63, 87, 106, 143, 151, 153, 208, 209, 218, 235]"
cluster,0.6,10,cluster,0.5415,0.5415,0.5415,1.0,0.5415,0.0,56,True,1083,0,288,629,0,"[0.05, 0.07, 0.093, 0.1125, 0.136, 0.1605, 0.1795, 0.198, 0.226, 0.2435, 0.2555, 0.267, 0.2785, 0.288, 0.299, 0.307, 0.3155, 0.3225, 0.3315, 0.3415, 0.3535, 0.362, 0.372, 0.3815, 0.3925, 0.401, 0.409, 0.4145, 0.42, 0.4255, 0.428, 0.43, 0.4345, 0.441, 0.4505, 0.462, 0.47, 0.4745, 0.4805, 0.486, 0.4915, 0.497, 0.502, 0.507, 0.511, 0.517, 0.524, 0.5295, 0.5315, 0.534, 0.5355, 0.537, 0.5385, 0.54, 0.541, 0.5415, 0.5415, 0.5415, 0.5415, 0.5415, 0.5415, 0.5415, 0.5415, 0.5415, 0.5415, 0.5415, 0.5415, 0.5415, 0.5415, 0.5415, 0.5415, 0.5415, 0.5415, 0.5415, 0.5415, 0.5415, 0.5415, 0.5415, 0.5415, 0.5415, 0.5415, 0.5415, 0.5415, 0.5415, 0.5415, 0.5415, 0.5415, 0.5415, 0.5415, 0.5415, 0.5415, 0.5415, 0.5415, 0.5415, 0.5415, 0.5415, 0.5415, 0.5415, 0.5415, 0.5415, 0.5415]","{""0"": 0.0243, ""1"": 0.8614, ""2"": 0.5923, ""3"": 0.4789, ""4"": 0.8528, ""5"": 0.3023, ""6"": 0.5168, ""7"": 0.7131}","[0.7778, 0.0, 0.7143, 0.0, 0.0, 1.0, 0.0, 0.8, 0.7778, 0.2, 0.7, 0.1429, 0.0, 0.625, 0.0, 0.8333, 1.0, 0.25, 1.0, 0.0, 0.0, 0.8, 0.0, 1.0, 1.0, 0.1429, 1.0, 0.0, 0.0, 0.8333, 0.0, 0.8, 0.7778, 0.0, 1.0, 0.0, 0.0, 0.875, 0.125, 1.0, 0.9, 0.0, 0.7143, 0.0, 0.0, 0.7143, 0.0, 1.0, 1.0, 0.0, 0.5714, 0.0833, 0.0, 0.875, 0.0, 0.5, 1.0, 0.0, 1.0, 0.1111, 0.0, 1.0, 0.0, 0.7143, 0.75, 0.0, 0.8889, 0.0909, 0.0, 1.0, 0.0, 0.875, 1.0, 0.0, 0.9091, 0.625, 0.0, 0.8, 0.0, 0.7143, 0.8, 0.0, 1.0, 1.0, 0.0, 0.5714, 1.0, 1.0, 1.0, 0.0, 0.8333, 1.0, 0.0, 0.6667, 1.0, 1.0, 0.25, 0.0, 0.7, 0.8889, 0.6667, 0.7143, 0.7778, 1.0, 0.0, 0.0, 1.0, 1.0, 0.75, 1.0, 0.7778, 0.6667, 0.0, 0.0, 0.9, 0.8, 0.6667, 1.0, 1.0, 0.8889, 0.2, 0.0, 0.8571, 1.0, 0.8182, 1.0, 0.8333, 1.0, 0.8571, 0.0, 1.0, 0.6667, 0.8182, 0.875, 0.9333, 0.8, 1.0, 0.0, 0.8571, 0.8333, 0.9091, 0.8, 1.0, 0.0, 1.0, 0.0, 0.8, 0.9, 0.8182, 0.7, 0.9, 0.0, 0.8333, 0.1667, 1.0, 0.8571, 0.7778, 1.0, 0.5, 0.125, 1.0, 0.0, 0.8571, 0.6667, 0.8333, 0.8333, 0.3333, 0.0, 1.0, 0.0, 0.8333, 0.6667, 0.875, 0.8571, 0.0, 0.0, 1.0, 0.0, 0.8571, 0.8462, 0.8571, 1.0, 0.0, 0.0, 0.875, 0.0, 1.0, 0.9, 0.8, 0.75, 0.0, 0.0, 0.625, 0.0, 0.9, 1.0, 0.7143, 0.9091, 0.0, 0.0, 0.0, 0.0, 1.0, 0.8571, 1.0, 0.8333, 0.125, 0.1, 0.0, 0.0, 0.8, 0.9091, 0.875, 0.8, 0.0, 0.1, 0.0, 0.0, 0.6667, 0.7778, 1.0, 1.0, 0.0, 0.0, 0.5, 0.0, 0.8889, 0.8571, 0.8333, 1.0, 0.0, 0.0, 1.0, 0.1111, 0.8889, 1.0, 0.75, 0.7143, 0.0, 0.8571, 0.8, 0.0, 0.75, 0.8333, 0.1, 1.0, 0.0, 0.7143, 0.9, 0.0]","[23, 24, 47, 61, 72, 82, 99, 130, 142, 144, 186, 229, 235]"
cluster,0.6,11,cluster,0.5585,0.5585,0.5585,1.0,0.5585,-0.0,80,True,1117,0,294,589,0,"[0.05, 0.07, 0.0855, 0.1015, 0.1165, 0.129, 0.1425, 0.1535, 0.1645, 0.1755, 0.185, 0.1965, 0.2025, 0.2085, 0.2135, 0.218, 0.2215, 0.2255, 0.2285, 0.2325, 0.236, 0.241, 0.2455, 0.251, 0.259, 0.2665, 0.2745, 0.2825, 0.2895, 0.2935, 0.299, 0.307, 0.312, 0.316, 0.3205, 0.3235, 0.3275, 0.333, 0.3385, 0.344, 0.3505, 0.3585, 0.365, 0.3685, 0.372, 0.3775, 0.3845, 0.388, 0.394, 0.4005, 0.404, 0.4065, 0.4105, 0.4145, 0.419, 0.4255, 0.4305, 0.4335, 0.4385, 0.4425, 0.4465, 0.453, 0.4595, 0.4655, 0.471, 0.476, 0.4815, 0.488, 0.4965, 0.51, 0.522, 0.5305, 0.5395, 0.5425, 0.5455, 0.5495, 0.5535, 0.5555, 0.5575, 0.5585, 0.5585, 0.5585, 0.5585, 0.5585, 0.5585, 0.5585, 0.5585, 0.5585, 0.5585, 0.5585, 0.5585, 0.5585, 0.5585, 0.5585, 0.5585, 0.5585, 0.5585, 0.5585, 0.5585, 0.5585, 0.5585]","{""0"": 0.8072, ""1"": 0.705, ""2"": 0.4637, ""3"": 0.3414, ""4"": 0.2955, ""5"": 0.4859, ""6"": 0.8864, ""7"": 0.5058}","[0.5556, 0.9, 0.7692, 0.0, 0.7778, 1.0, 0.2308, 1.0, 0.9091, 0.9167, 0.75, 0.0, 1.0, 0.8571, 0.0, 1.0, 0.875, 1.0, 1.0, 0.7, 0.7778, 1.0, 0.0, 0.5714, 1.0, 1.0, 0.7, 0.8571, 1.0, 0.9, 0.0, 0.75, 0.8, 0.8333, 0.7143, 0.7143, 0.9091, 1.0, 0.0, 1.0, 0.8571, 1.0, 0.625, 0.9091, 0.75, 0.7143, 0.1667, 1.0, 0.8333, 0.7778, 0.75, 1.0, 0.7143, 0.0, 0.0, 1.0, 0.0, 0.7273, 1.0, 0.8571, 1.0, 0.0, 0.0, 1.0, 0.0, 1.0, 0.7273, 0.7778, 0.2, 0.0, 0.0, 0.75, 0.0, 1.0, 0.875, 1.0, 0.0, 0.1667, 0.0, 1.0, 0.1667, 0.8, 1.0, 0.875, 0.0, 0.0, 0.1429, 0.8333, 1.0, 1.0, 0.9167, 1.0, 0.0, 0.0, 0.0, 0.875, 0.8571, 0.3333, 1.0, 0.8333, 0.0, 0.0, 0.0714, 0.7143, 0.9, 1.0, 1.0, 1.0, 0.0, 0.0, 0.0, 0.8571, 0.5714, 0.8889, 0.6667, 0.0, 0.0, 0.0, 0.0, 1.0, 1.0, 0.8, 1.0, 0.0, 0.0, 0.0, 0.7778, 0.75, 0.8571, 0.8, 0.9, 0.0, 0.0, 0.0, 1.0, 0.8889, 1.0, 0.0, 0.625, 0.0, 0.0, 0.0, 0.9231, 1.0, 0.8571, 0.0, 0.0, 0.1667, 0.1429, 0.0, 1.0, 1.0, 0.7143, 0.0, 0.0, 0.0, 0.0, 0.0, 0.8571, 0.7143, 0.0, 0.6, 0.0, 0.0, 0.0, 0.0, 0.7, 0.875, 0.0, 1.0, 0.0, 0.0, 0.0, 0.0, 0.8571, 1.0, 0.0, 0.6667, 0.0, 0.0, 0.1111, 0.0, 0.75, 1.0, 0.0, 0.8333, 0.6, 0.0, 0.0, 0.0, 1.0, 0.7778, 0.1429, 1.0, 0.7143, 0.7143, 0.0, 0.0, 1.0, 0.8571, 0.0, 1.0, 1.0, 1.0, 0.0, 0.0, 1.0, 0.8, 0.0, 1.0, 0.8, 1.0, 0.0, 0.6667, 1.0, 0.8571, 0.0, 0.7778, 0.75, 0.4286, 0.3333, 1.0, 1.0, 1.0, 0.0, 0.875, 1.0, 1.0, 0.8333, 1.0, 0.75, 1.0, 0.0, 0.9167, 0.9, 0.25, 0.875, 0.875, 1.0, 0.6667, 0.875, 0.875, 1.0, 0.0, 0.8, 0.8333, 0.75, 1.0, 1.0, 1.0]","[12, 51, 65, 105, 136, 150, 151, 183, 190, 226, 227, 242]"
cluster,0.7,0,cluster,0.2995,0.2995,0.2995,1.0,0.2995,0.0,27,True,599,0,285,1116,0,"[0.05, 0.0705, 0.09, 0.105, 0.1185, 0.1285, 0.141, 0.151, 0.164, 0.176, 0.1875, 0.2, 0.213, 0.2275, 0.2365, 0.2445, 0.2525, 0.257, 0.262, 0.2685, 0.273, 0.2815, 0.288, 0.292, 0.295, 0.299, 0.2995, 0.2995, 0.2995, 0.2995, 0.2995, 0.2995, 0.2995, 0.2995, 0.2995, 0.2995, 0.2995, 0.2995, 0.2995, 0.2995, 0.2995, 0.2995, 0.2995, 0.2995, 0.2995, 0.2995, 0.2995, 0.2995, 0.2995, 0.2995, 0.2995, 0.2995, 0.2995, 0.2995, 0.2995, 0.2995, 0.2995, 0.2995, 0.2995, 0.2995, 0.2995, 0.2995, 0.2995, 0.2995, 0.2995, 0.2995, 0.2995, 0.2995, 0.2995, 0.2995, 0.2995, 0.2995, 0.2995, 0.2995, 0.2995, 0.2995, 0.2995, 0.2995, 0.2995, 0.2995, 0.2995, 0.2995, 0.2995, 0.2995, 0.2995, 0.2995, 0.2995, 0.2995, 0.2995, 0.2995, 0.2995, 0.2995, 0.2995, 0.2995, 0.2995, 0.2995, 0.2995, 0.2995, 0.2995, 0.2995, 0.2995]","{""0"": 0.3849, ""1"": 0.4423, ""2"": 0.4412, ""3"": 0.0428, ""4"": 0.113, ""5"": 0.0517, ""6"": 0.2541, ""7"": 0.6192}","[0.3333, 0.0, 1.0, 1.0, 0.0, 1.0, 0.0, 0.0, 0.0, 0.1429, 0.8182, 0.7273, 0.1667, 0.0, 0.0, 0.75, 0.0, 0.0, 1.0, 0.75, 0.0, 0.0, 0.0, 1.0, 0.0, 0.0, 1.0, 1.0, 0.0, 0.0, 0.0, 0.8571, 0.0, 0.0, 0.8333, 0.875, 0.0, 0.0, 0.0, 1.0, 0.6, 0.0, 1.0, 0.8571, 0.0, 0.0, 0.0, 1.0, 1.0, 0.8889, 0.8333, 0.8, 0.0, 0.0, 0.0, 0.0833, 0.8333, 0.8333, 0.0, 0.5, 0.0, 0.125, 0.0, 0.0, 1.0, 1.0, 0.0, 0.0, 0.0, 0.0, 0.0, 0.0, 1.0, 1.0, 0.0, 0.0, 0.0, 0.0, 0.0, 0.0, 0.9231, 1.0, 0.0, 0.0, 0.0, 0.0, 0.1111, 0.0, 0.6, 0.0, 0.0, 0.0, 0.0, 0.0, 1.0, 0.0, 0.8889, 0.0, 0.0, 0.0, 0.0, 0.0, 0.2857, 0.0, 0.7273, 0.0, 0.1111, 0.0, 0.0, 0.0, 0.2, 0.0, 0.8571, 0.0, 0.0, 0.0, 1.0, 0.0, 0.0, 0.0, 0.875, 0.0, 1.0, 0.0, 0.0, 0.0, 0.0, 0.0, 1.0, 0.0, 0.0, 0.0, 0.0, 0.0, 0.0, 0.0, 1.0, 0.0, 0.0, 0.0, 0.0, 0.0, 0.0, 0.0, 0.75, 0.0, 0.0, 0.0, 0.0, 0.0, 0.0, 0.0, 1.0, 0.0, 0.0, 0.0, 0.0, 0.0, 0.0, 0.0, 0.8333, 0.0, 0.0, 0.0, 0.0, 0.0, 0.0, 0.0, 1.0, 0.1429, 0.0, 0.0, 0.0, 0.0, 0.0, 0.8, 1.0, 0.1667, 0.0, 0.1111, 0.0, 0.0, 0.0, 1.0, 1.0, 1.0, 0.125, 0.875, 0.0, 0.0, 0.0, 0.6, 1.0, 0.7273, 0.6, 1.0, 0.0, 0.0, 0.0, 1.0, 0.8333, 1.0, 0.8182, 1.0, 0.0, 0.0, 0.0, 0.5, 0.8571, 1.0, 1.0, 1.0, 0.4, 0.0, 0.0, 0.0, 0.9091, 0.8571, 0.8333, 1.0, 0.0, 0.125, 0.0, 0.0, 0.0, 1.0, 0.8333, 1.0, 0.0, 0.625, 0.2222, 0.0, 0.0, 1.0, 0.8125, 1.0, 0.0, 0.8571, 0.0, 0.0, 0.0, 0.9, 1.0, 1.0, 0.0, 0.8571, 0.0, 0.0, 0.0, 0.0]","[5, 18, 39, 42, 48, 65, 94, 116, 122, 185, 199, 219]"
cluster,0.7,1,cluster,0.2795,0.2795,0.2795,1.0,0.2795,0.0,27,True,559,0,277,1164,0,"[0.05, 0.07, 0.0915, 0.116, 0.1405, 0.162, 0.18, 0.1915, 0.2, 0.2055, 0.21, 0.218, 0.227, 0.2345, 0.244, 0.249, 0.253, 0.258, 0.2655, 0.271, 0.2735, 0.275, 0.276, 0.277, 0.2785, 0.279, 0.2795, 0.2795, 0.2795, 0.2795, 0.2795, 0.2795, 0.2795, 0.2795, 0.2795, 0.2795, 0.2795, 0.2795, 0.2795, 0.2795, 0.2795, 0.2795, 0.2795, 0.2795, 0.2795, 0.2795, 0.2795, 0.2795, 0.2795, 0.2795, 0.2795, 0.2795, 0.2795, 0.2795, 0.2795, 0.2795, 0.2795, 0.2795, 0.2795, 0.2795, 0.2795, 0.2795, 0.2795, 0.2795, 0.2795, 0.2795, 0.2795, 0.2795, 0.2795, 0.2795, 0.2795, 0.2795, 0.2795, 0.2795, 0.2795, 0.2795, 0.2795, 0.2795, 0.2795, 0.2795, 0.2795, 0.2795, 0.2795, 0.2795, 0.2795, 0.2795, 0.2795, 0.2795, 0.2795, 0.2795, 0.2795, 0.2795, 0.2795, 0.2795, 0.2795, 0.2795, 0.2795, 0.2795, 0.2795, 0.2795, 0.2795]","{""0"": 0.4206, ""1"": 0.3689, ""2"": 0.2143, ""3"": 0.2283, ""4"": 0.3362, ""5"": 0.1289, ""6"": 0.234, ""7"": 0.3154}","[0.5556, 1.0, 1.0, 0.0, 0.0, 0.0, 0.0, 0.0, 0.0, 0.875, 0.875, 0.0, 0.0, 0.0, 0.0, 0.0, 0.8571, 1.0, 0.0, 0.0, 0.0, 0.0, 0.0, 0.0, 1.0, 1.0, 0.0, 0.1, 0.0, 0.1667, 0.0, 0.0, 0.7692, 0.7778, 0.0, 0.3333, 0.0, 0.7143, 0.0, 0.0, 0.8571, 0.8, 0.0, 0.875, 0.0, 0.8333, 0.0, 0.0, 1.0, 0.8571, 0.0, 1.0, 1.0, 1.0, 0.8, 0.0, 1.0, 1.0, 0.0, 0.8571, 1.0, 0.9, 0.0, 0.0, 0.8889, 1.0, 0.0, 0.625, 0.9091, 0.875, 0.0, 0.0, 1.0, 0.875, 0.0, 1.0, 0.875, 0.7778, 0.0769, 0.0, 0.75, 0.875, 0.0, 1.0, 0.8, 0.8333, 0.0, 0.0, 0.0, 0.0, 0.0, 0.8571, 0.0, 1.0, 0.0, 0.0, 0.0909, 0.0, 0.0, 0.8571, 0.0, 1.0, 0.0, 0.0, 0.1667, 0.0, 0.0, 0.0, 0.0, 1.0, 0.0, 1.0, 0.0, 0.0, 0.0, 0.0, 0.0, 1.0, 0.0, 0.1429, 0.0, 0.125, 0.0, 0.0, 0.0, 0.1429, 0.125, 0.1429, 0.0, 0.1667, 0.0, 0.0, 0.0, 0.0, 1.0, 0.0, 0.0, 0.1, 0.0, 0.0, 0.0, 0.0, 0.8571, 0.6667, 0.0, 0.0, 0.4444, 0.0, 0.0, 0.0, 1.0, 1.0, 0.1111, 0.0, 0.75, 0.0, 0.0, 0.0, 0.4444, 0.8333, 0.0, 0.0, 1.0, 0.0, 0.0, 0.0, 0.0, 0.8571, 0.0, 0.0, 1.0, 0.0, 0.0, 0.0, 0.0, 1.0, 1.0, 0.0, 0.8571, 0.0, 0.0, 0.0, 0.0, 1.0, 0.8571, 0.0, 1.0, 0.0, 0.1, 0.0, 0.0, 0.8, 0.0, 0.1111, 0.8, 0.0, 0.7778, 0.0, 0.0, 1.0, 0.0, 0.0, 0.875, 0.0, 0.9, 0.0, 0.0, 0.1429, 0.0, 0.0, 0.75, 0.0, 0.0, 0.0, 0.0, 0.0, 0.0, 0.2, 0.75, 0.0, 0.0, 0.0, 0.0, 0.0, 0.0, 1.0, 0.7778, 0.0, 0.0, 0.0, 0.0, 0.0, 0.0, 0.875, 1.0, 0.0, 0.0, 0.0, 0.0, 0.0, 0.0, 1.0, 1.0, 0.0, 0.0, 0.0, 0.0, 0.0, 0.0, 0.9167]","[25, 48, 51, 60, 65, 109, 111, 134, 150, 162, 175, 176, 204]"
cluster,0.7,2,cluster,0.305,0.305,0.305,1.0,0.305,-0.0,33,True,610,0,288,1102,0,"[0.05, 0.0675, 0.0845, 0.1105, 0.1385, 0.158, 0.1735, 0.183, 0.191, 0.1995, 0.208, 0.22, 0.2265, 0.238, 0.2475, 0.258, 0.268, 0.275, 0.281, 0.285, 0.287, 0.29, 0.2915, 0.293, 0.2945, 0.296, 0.298, 0.299, 0.301, 0.302, 0.303, 0.304, 0.305, 0.305, 0.305, 0.305, 0.305, 0.305, 0.305, 0.305, 0.305, 0.305, 0.305, 0.305, 0.305, 0.305, 0.305, 0.305, 0.305, 0.305, 0.305, 0.305, 0.305, 0.305, 0.305, 0.305, 0.305, 0.305, 0.305, 0.305, 0.305, 0.305, 0.305, 0.305, 0.305, 0.305, 0.305, 0.305, 0.305, 0.305, 0.305, 0.305, 0.305, 0.305, 0.305, 0.305, 0.305, 0.305, 0.305, 0.305, 0.305, 0.305, 0.305, 0.305, 0.305, 0.305, 0.305, 0.305, 0.305, 0.305, 0.305, 0.305, 0.305, 0.305, 0.305, 0.305, 0.305, 0.305, 0.305, 0.305, 0.305]","{""0"": 0.5796, ""1"": 0.0331, ""2"": 0.0601, ""3"": 0.7104, ""4"": 0.1866, ""5"": 0.0512, ""6"": 0.2585, ""7"": 0.5857}","[0.5556, 0.5, 0.0, 0.0, 0.0, 0.0, 0.0, 1.0, 1.0, 0.8333, 0.0, 0.0, 0.75, 0.0, 0.0, 1.0, 1.0, 1.0, 0.0, 0.0, 1.0, 0.0, 0.0, 0.3333, 0.8571, 0.8889, 0.0, 0.0, 1.0, 0.0, 0.0, 0.0, 1.0, 1.0, 0.0, 0.0, 0.7, 0.0, 0.0, 0.0, 0.8571, 0.6364, 0.0, 0.0, 0.8571, 0.0, 0.0, 0.0, 0.7273, 1.0, 0.0, 0.0, 0.8889, 0.0, 0.0, 0.0, 0.1667, 0.8333, 0.0, 0.0, 0.875, 0.0, 0.375, 0.0, 0.0, 0.875, 0.0, 0.0, 0.8182, 0.0, 0.0, 0.0, 0.0, 0.7778, 0.0, 0.0, 0.9375, 0.0, 0.0, 0.0, 0.0, 1.0, 0.0, 0.0, 0.8571, 0.0, 0.0, 0.0, 0.0, 0.0, 0.0, 0.0, 1.0, 0.0, 0.0, 0.0, 0.0, 0.0, 0.0, 0.0, 0.625, 0.0, 0.0, 0.0, 0.0, 0.0, 0.0, 0.0, 0.0, 0.0, 0.0, 0.0, 0.0, 0.0, 0.0, 0.0, 0.0909, 0.0, 0.0, 0.0, 0.0, 0.0, 0.0, 0.0, 0.0, 0.75, 0.0, 0.0, 0.0, 0.0, 1.0, 0.0, 0.7143, 0.7778, 0.0, 0.125, 0.0, 0.0, 0.0, 0.0, 0.6667, 0.75, 0.1429, 0.1429, 0.8333, 0.0, 0.0, 0.0, 1.0, 1.0, 0.0, 0.0, 1.0, 0.0, 0.0, 0.0, 0.8, 1.0, 0.0, 0.0, 0.8, 0.125, 0.0, 0.1667, 0.7143, 0.8571, 0.0, 0.0, 0.8, 0.8, 0.0, 0.0, 1.0, 1.0, 0.0, 0.125, 1.0, 1.0, 0.0, 0.8, 1.0, 0.3333, 0.0, 0.0, 0.8182, 0.8889, 0.0, 1.0, 0.8889, 0.0, 1.0, 0.0, 1.0, 1.0, 0.0, 0.0, 0.875, 0.0, 0.0, 0.0, 0.7778, 0.2, 0.0, 0.125, 0.75, 0.0, 0.0, 1.0, 0.8889, 1.0, 0.125, 0.0, 0.8571, 0.0, 0.1111, 0.75, 1.0, 1.0, 0.0, 0.0, 1.0, 0.0, 0.0, 0.5714, 0.8, 0.875, 0.0, 0.0, 0.6, 0.0, 0.0, 0.8571, 1.0, 0.8889, 0.0, 0.0, 0.2, 0.0, 0.0, 0.9167, 0.8, 1.0, 0.0, 0.0, 0.0, 0.0, 0.0, 0.8333, 0.9, 0.6667]","[8, 28, 130, 142, 149, 172, 176, 177, 187, 190, 207, 216, 217, 220]"
cluster,0.7,3,cluster,0.365,0.365,0.365,1.0,0.365,-0.0,50,True,730,0,272,998,0,"[0.05, 0.068, 0.081, 0.1, 0.1205, 0.134, 0.1465, 0.1575, 0.167, 0.174, 0.183, 0.1945, 0.2065, 0.2125, 0.2165, 0.2215, 0.2255, 0.2285, 0.233, 0.2395, 0.248, 0.2555, 0.262, 0.2705, 0.276, 0.281, 0.2865, 0.2905, 0.2935, 0.297, 0.302, 0.307, 0.314, 0.3195, 0.324, 0.3285, 0.332, 0.336, 0.338, 0.3405, 0.3435, 0.3485, 0.354, 0.356, 0.358, 0.36, 0.3605, 0.3615, 0.363, 0.365, 0.365, 0.365, 0.365, 0.365, 0.365, 0.365, 0.365, 0.365, 0.365, 0.365, 0.365, 0.365, 0.365, 0.365, 0.365, 0.365, 0.365, 0.365, 0.365, 0.365, 0.365, 0.365, 0.365, 0.365, 0.365, 0.365, 0.365, 0.365, 0.365, 0.365, 0.365, 0.365, 0.365, 0.365, 0.365, 0.365, 0.365, 0.365, 0.365, 0.365, 0.365, 0.365, 0.365, 0.365, 0.365, 0.365, 0.365, 0.365, 0.365, 0.365, 0.365]","{""0"": 0.0193, ""1"": 0.52, ""2"": 0.5992, ""3"": 0.5315, ""4"": 0.0124, ""5"": 0.0264, ""6"": 0.8755, ""7"": 0.3792}","[0.5556, 0.0, 0.6667, 0.8333, 0.0, 0.0, 0.1429, 0.7778, 0.8, 0.0, 0.8571, 0.0, 0.0, 0.0, 0.0, 0.75, 0.8182, 0.0, 0.8889, 0.0, 1.0, 0.0, 0.0, 0.8333, 0.3, 0.0, 1.0, 0.0, 1.0, 0.0, 0.0, 1.0, 0.0, 0.0, 0.8182, 0.0, 1.0, 0.0, 0.0, 1.0, 0.0, 0.0, 0.6, 0.0, 1.0, 0.0, 0.0, 1.0, 0.0, 0.0, 0.875, 0.0, 0.8, 0.0, 0.0, 0.8571, 0.0, 0.4286, 0.9167, 0.0, 0.8333, 0.0, 0.0, 0.6667, 0.0, 0.125, 0.875, 0.0, 0.8, 0.0, 0.0, 0.6, 0.0, 0.0, 0.6667, 0.0, 0.875, 0.0, 0.0909, 1.0, 0.0, 0.0, 0.7778, 0.5, 1.0, 0.0, 0.0, 1.0, 0.0, 0.0, 0.8, 0.0, 1.0, 0.0, 0.0, 0.5714, 0.0, 0.0, 1.0, 0.0, 0.875, 0.0, 0.0, 1.0, 0.0, 0.0, 0.8571, 1.0, 0.875, 0.0, 0.0769, 1.0, 0.0, 0.0, 0.3, 1.0, 1.0, 0.0, 0.0, 0.8182, 0.0, 0.125, 0.0, 1.0, 0.7, 0.1111, 0.0, 1.0, 0.1111, 0.0, 0.0, 0.8333, 0.8333, 0.0, 0.0, 1.0, 0.0, 0.0, 0.0, 0.75, 1.0, 0.0, 0.0, 0.9091, 0.0, 0.0, 0.0, 1.0, 1.0, 0.1111, 0.0, 0.8333, 0.0, 0.0, 0.0, 1.0, 1.0, 0.125, 0.0, 0.8571, 0.0, 0.0, 0.1, 1.0, 0.0, 0.0, 0.0, 1.0, 0.1, 0.0, 1.0, 1.0, 0.0, 0.0, 0.1429, 1.0, 0.875, 0.0, 0.2222, 0.8182, 0.0, 0.0, 0.0, 1.0, 0.8571, 0.0, 0.0, 1.0, 0.1429, 0.0, 0.0, 1.0, 1.0, 0.0, 0.0, 1.0, 0.0, 0.0, 0.0, 1.0, 1.0, 0.0, 0.0, 0.875, 0.0, 0.0, 0.0, 0.8, 1.0, 0.0, 0.0, 0.8889, 0.0, 0.0, 0.0667, 0.875, 1.0, 0.0, 0.5714, 1.0, 0.0, 0.0, 0.0, 0.7778, 0.5, 0.0, 0.6, 1.0, 0.0, 0.0, 0.0, 0.8571, 1.0, 0.0, 1.0, 0.8182, 0.0, 0.0, 0.0, 0.8462, 0.6667, 0.0, 0.9, 0.875, 0.0, 0.0, 0.0833, 0.7143, 1.0, 0.0]","[26, 31, 44, 92, 115, 125, 127, 140, 156, 170, 216, 227, 232]"
cluster,0.7,4,cluster,0.407,0.407,0.407,1.0,0.407,0.0,52,True,814,0,268,918,0,"[0.05, 0.0685, 0.0855, 0.102, 0.1225, 0.1455, 0.168, 0.1905, 0.2095, 0.223, 0.236, 0.2485, 0.2665, 0.2805, 0.291, 0.3015, 0.3105, 0.3195, 0.3235, 0.326, 0.329, 0.3315, 0.3345, 0.3365, 0.3405, 0.3445, 0.3465, 0.348, 0.3495, 0.3505, 0.3535, 0.3575, 0.3605, 0.362, 0.364, 0.367, 0.369, 0.3705, 0.3725, 0.375, 0.3765, 0.3785, 0.3805, 0.3855, 0.388, 0.3895, 0.392, 0.394, 0.396, 0.4, 0.404, 0.407, 0.407, 0.407, 0.407, 0.407, 0.407, 0.407, 0.407, 0.407, 0.407, 0.407, 0.407, 0.407, 0.407, 0.407, 0.407, 0.407, 0.407, 0.407, 0.407, 0.407, 0.407, 0.407, 0.407, 0.407, 0.407, 0.407, 0.407, 0.407, 0.407, 0.407, 0.407, 0.407, 0.407, 0.407, 0.407, 0.407, 0.407, 0.407, 0.407, 0.407, 0.407, 0.407, 0.407, 0.407, 0.407, 0.407, 0.407, 0.407, 0.407]","{""0"": 0.0044, ""1"": 0.8623, ""2"": 0.3843, ""3"": 0.0433, ""4"": 0.3782, ""5"": 0.8625, ""6"": 0.6462, ""7"": 0.019}","[0.5556, 0.0, 0.875, 0.0, 0.0, 0.0, 1.0, 0.1111, 0.0, 0.0, 0.625, 0.0, 0.0, 0.0, 1.0, 0.0, 0.0, 0.0, 0.9231, 0.0, 0.0, 0.0, 0.75, 0.0, 0.0, 0.0, 0.75, 0.0, 0.0, 0.0, 1.0, 0.0, 0.2, 0.0, 1.0, 0.75, 0.0, 0.0, 0.75, 0.125, 0.0, 0.0, 1.0, 0.875, 0.0, 0.0, 0.9, 0.0, 0.0, 0.0, 0.8333, 1.0, 0.0, 1.0, 1.0, 0.6, 0.0833, 0.0, 0.8182, 1.0, 0.0, 0.8333, 0.9, 0.8571, 0.0, 0.0, 1.0, 0.8571, 0.0, 0.8333, 0.9091, 0.6667, 0.0, 0.0, 1.0, 1.0, 0.0, 0.875, 0.7143, 1.0, 0.0, 0.0, 1.0, 1.0, 0.0, 0.7778, 0.7273, 0.8571, 0.0, 0.0, 0.6667, 1.0, 0.0, 0.8333, 0.8182, 0.9286, 0.0, 0.0, 0.6667, 1.0, 0.0, 0.8571, 0.7, 0.7143, 0.0, 0.1429, 0.8, 0.8333, 0.0, 1.0, 1.0, 1.0, 0.0, 0.0, 0.9, 0.6667, 0.0, 1.0, 0.875, 0.8333, 0.0, 0.0, 1.0, 0.8889, 0.0, 1.0, 1.0, 1.0, 0.0, 0.0, 0.8333, 0.875, 0.0, 1.0, 0.875, 0.8333, 0.0, 0.0, 1.0, 0.0, 0.0, 1.0, 1.0, 1.0, 0.0, 0.0, 0.7778, 0.2, 0.0, 0.0, 0.75, 0.875, 0.0909, 0.0, 1.0, 0.0, 0.0, 0.1429, 0.8571, 0.8, 0.0, 0.0, 0.8, 0.0, 0.0, 0.0, 1.0, 1.0, 0.0, 0.0, 0.8182, 0.7143, 0.1111, 0.0, 0.8571, 0.8889, 0.0, 0.0, 0.8, 0.0, 0.0909, 0.0, 0.9091, 1.0, 0.0, 0.0, 0.8333, 0.0, 0.0, 0.0, 0.8889, 0.7, 0.0, 0.0, 1.0, 0.0, 0.0, 0.1429, 0.8333, 0.8, 0.0, 0.0, 1.0, 0.0, 0.0, 0.0, 0.8571, 1.0, 0.0, 0.0, 0.8462, 0.0, 0.0, 0.2222, 0.75, 0.5714, 0.0, 0.0, 0.8333, 0.0, 0.8, 0.0, 0.7143, 1.0, 0.1429, 0.0, 0.8571, 0.0, 0.0, 0.0, 0.7, 0.75, 0.2, 0.0, 1.0, 0.0, 0.1429, 0.0, 0.8, 0.4286, 0.0, 0.0, 0.6667, 0.0, 0.0, 0.0, 0.6, 0.0714, 0.0, 0.0]","[30, 53, 83, 109, 111, 117, 138, 142, 154, 183, 194, 223]"
cluster,0.7,5,cluster,0.552,0.552,0.552,1.0,0.552,0.0,54,True,1104,0,290,606,0,"[0.05, 0.0695, 0.086, 0.1, 0.1115, 0.1205, 0.129, 0.1385, 0.1485, 0.1555, 0.164, 0.1755, 0.189, 0.1995, 0.2135, 0.2255, 0.2375, 0.2495, 0.262, 0.2745, 0.29, 0.3065, 0.322, 0.338, 0.3525, 0.3695, 0.3875, 0.404, 0.4195, 0.4345, 0.452, 0.4625, 0.4745, 0.485, 0.495, 0.5005, 0.505, 0.509, 0.512, 0.5145, 0.518, 0.52, 0.5205, 0.5215, 0.523, 0.5245, 0.527, 0.531, 0.534, 0.5395, 0.547, 0.5505, 0.5515, 0.552, 0.552, 0.552, 0.552, 0.552, 0.552, 0.552, 0.552, 0.552, 0.552, 0.552, 0.552, 0.552, 0.552, 0.552, 0.552, 0.552, 0.552, 0.552, 0.552, 0.552, 0.552, 0.552, 0.552, 0.552, 0.552, 0.552, 0.552, 0.552, 0.552, 0.552, 0.552, 0.552, 0.552, 0.552, 0.552, 0.552, 0.552, 0.552, 0.552, 0.552, 0.552, 0.552, 0.552, 0.552, 0.552, 0.552, 0.552]","{""0"": 0.8745, ""1"": 0.2024, ""2"": 0.7357, ""3"": 0.5935, ""4"": 0.0484, ""5"": 0.4233, ""6"": 0.8485, ""7"": 0.6453}","[0.7778, 1.0, 0.0, 0.9, 1.0, 0.1111, 0.0, 0.5, 0.1111, 0.875, 0.0, 0.8, 1.0, 0.0, 0.0, 0.9, 0.6667, 0.9091, 0.8, 0.8333, 0.7778, 0.0, 0.125, 0.8333, 0.8333, 1.0, 1.0, 0.8889, 1.0, 0.0, 0.0, 0.75, 0.8571, 0.5556, 0.6667, 0.8, 0.7692, 0.0, 0.0, 0.875, 1.0, 0.7857, 0.0, 0.8889, 1.0, 0.0, 0.0, 0.9091, 1.0, 0.9, 0.0, 0.9, 0.8889, 0.0, 0.1667, 0.6667, 0.8, 0.875, 0.0, 0.8571, 0.75, 0.0, 0.0, 1.0, 0.6667, 0.9167, 0.0, 0.8571, 0.9167, 1.0, 0.0, 0.9, 0.5, 1.0, 0.0, 0.9091, 0.6667, 0.125, 0.0, 0.8333, 0.9, 1.0, 0.0, 0.8571, 0.25, 0.0, 0.0, 0.8889, 0.875, 0.8, 0.0, 1.0, 0.0, 0.0, 0.1667, 1.0, 1.0, 0.5833, 0.2857, 1.0, 0.1667, 0.0, 0.0, 1.0, 0.5556, 0.8889, 0.8333, 0.6, 0.0, 0.1, 0.0, 1.0, 0.9091, 1.0, 0.8333, 0.125, 0.0, 0.0, 0.0, 0.8889, 1.0, 0.8571, 1.0, 0.2, 0.0, 0.0, 0.6, 0.5, 1.0, 1.0, 1.0, 0.0, 0.125, 0.0, 0.8, 0.875, 1.0, 0.875, 0.25, 0.125, 0.0769, 0.0, 1.0, 1.0, 0.8, 0.7143, 0.0, 0.0, 0.0, 0.0, 1.0, 0.8333, 1.0, 0.8333, 0.0, 0.5, 0.0, 0.1111, 0.8333, 0.75, 1.0, 1.0, 0.0, 1.0, 0.0, 0.1, 1.0, 0.6667, 0.8571, 0.8, 0.0, 0.8333, 1.0, 0.0, 0.8, 0.7273, 0.8571, 0.875, 0.0, 0.9, 1.0, 0.0, 0.8333, 0.9, 0.9, 0.8, 0.0, 0.8, 0.8571, 0.0, 0.8333, 1.0, 1.0, 1.0, 0.0909, 1.0, 0.7692, 0.0, 0.75, 0.7143, 0.0, 1.0, 0.0, 0.8571, 0.7273, 0.0, 0.9091, 0.875, 0.0, 0.8571, 0.0909, 0.8, 0.9, 0.0, 1.0, 0.7778, 0.0, 0.875, 0.125, 0.75, 0.8667, 0.0, 0.8182, 1.0, 0.0, 0.8333, 0.0714, 0.8571, 0.8571, 0.0, 0.6667, 0.8571, 0.0, 1.0, 0.0, 1.0, 0.9, 0.0, 0.3333, 1.0, 0.0, 1.0, 0.0, 0.8333, 0.7778, 0.0, 0.5, 0.8571, 0.0, 0.7143]","[1, 12, 26, 28, 48, 69, 72, 99, 103, 122, 172, 191, 192]"
cluster,0.7,6,cluster,0.351,0.351,0.351,1.0,0.351,0.0,34,True,702,0,253,1045,0,"[0.05, 0.066, 0.083, 0.0995, 0.121, 0.1395, 0.1535, 0.1735, 0.187, 0.2, 0.2125, 0.226, 0.24, 0.2495, 0.2595, 0.2645, 0.272, 0.28, 0.2835, 0.288, 0.2945, 0.301, 0.307, 0.3105, 0.315, 0.32, 0.325, 0.3305, 0.335, 0.3415, 0.349, 0.35, 0.3505, 0.351, 0.351, 0.351, 0.351, 0.351, 0.351, 0.351, 0.351, 0.351, 0.351, 0.351, 0.351, 0.351, 0.351, 0.351, 0.351, 0.351, 0.351, 0.351, 0.351, 0.351, 0.351, 0.351, 0.351, 0.351, 0.351, 0.351, 0.351, 0.351, 0.351, 0.351, 0.351, 0.351, 0.351, 0.351, 0.351, 0.351, 0.351, 0.351, 0.351, 0.351, 0.351, 0.351, 0.351, 0.351, 0.351, 0.351, 0.351, 0.351, 0.351, 0.351, 0.351, 0.351, 0.351, 0.351, 0.351, 0.351, 0.351, 0.351, 0.351, 0.351, 0.351, 0.351, 0.351, 0.351, 0.351, 0.351, 0.351]","{""0"": 0.2863, ""1"": 0.1704, ""2"": 0.0075, ""3"": 0.3856, ""4"": 0.0285, ""5"": 0.8919, ""6"": 0.302, ""7"": 0.7115}","[0.5556, 1.0, 0.0, 0.0, 0.0, 0.0, 1.0, 0.0, 0.8333, 0.9, 0.0, 0.0, 0.0, 0.625, 0.8889, 0.0, 0.9286, 0.8182, 0.0, 0.0, 0.0, 0.0, 0.9167, 0.0, 1.0, 0.6667, 0.0, 0.0, 0.0, 0.0, 0.9231, 0.0, 0.7778, 0.0, 0.0, 0.0, 0.0, 0.0, 1.0, 0.0, 0.9167, 0.0, 0.0, 0.0, 0.0, 0.0, 1.0, 0.0, 1.0, 0.0, 0.0, 0.0, 0.0, 0.0, 1.0, 0.75, 0.8333, 0.0, 0.0, 0.0, 0.1429, 0.0, 1.0, 0.9, 0.9, 0.0, 0.0, 0.0, 0.7273, 0.0, 0.6, 0.8571, 0.5, 0.0, 0.0, 0.0, 1.0, 0.0, 1.0, 0.75, 0.75, 0.0, 0.0, 0.0, 0.75, 0.0, 1.0, 0.875, 0.4286, 0.0, 0.0, 0.1429, 0.8571, 0.0, 0.9, 0.875, 0.125, 0.0, 0.0, 0.0, 1.0, 0.0, 0.8571, 1.0, 0.0, 0.0, 0.0, 0.0, 0.875, 0.0, 1.0, 0.75, 0.0, 0.0, 0.0, 0.0, 0.0, 0.0, 1.0, 1.0, 0.0, 0.0, 0.125, 0.0, 1.0, 0.0, 0.7778, 0.75, 0.0, 0.0, 0.0, 0.0, 0.875, 0.0, 0.6667, 0.8889, 0.1667, 0.0, 0.1429, 0.0, 1.0, 0.0, 0.7778, 0.0, 1.0, 0.0, 0.0, 0.0, 1.0, 0.0, 0.75, 0.0, 0.8, 0.0, 0.1667, 0.0, 0.8, 0.0, 1.0, 0.0, 0.8, 0.0, 0.8, 0.0, 0.8571, 0.0, 1.0, 0.0667, 0.9091, 0.0, 0.8, 0.0, 0.9, 0.0, 0.7778, 0.0, 0.6667, 0.0, 0.875, 0.0, 0.1429, 0.0, 0.9091, 0.0, 0.9333, 0.0, 1.0, 0.0, 0.0, 0.0, 0.7778, 0.0, 1.0, 0.0, 0.75, 0.0, 0.0, 0.0, 0.5, 0.0, 0.9, 0.0, 1.0, 0.0, 0.0, 0.0, 1.0, 0.0, 0.8571, 0.0, 1.0, 0.0, 0.0, 0.0, 1.0, 0.0, 1.0, 1.0, 0.0, 0.1667, 0.0, 0.0, 0.8571, 0.0, 1.0, 1.0, 0.0, 0.0, 0.0, 0.0, 1.0, 0.0, 0.7778, 1.0, 0.0, 0.0, 0.0, 0.2, 1.0, 0.0, 0.8571, 1.0, 0.0, 0.0, 0.0, 0.0, 0.75, 0.0, 1.0, 0.9091]","[38, 46, 71, 78, 100, 103, 144, 148, 192, 202, 210, 217, 225, 248]"
cluster,0.7,7,cluster,0.528,0.528,0.528,1.0,0.528,-0.0,34,True,1056,0,283,661,0,"[0.05, 0.0735, 0.0985, 0.121, 0.1455, 0.1675, 0.1875, 0.2095, 0.235, 0.2635, 0.3, 0.332, 0.3485, 0.37, 0.3885, 0.4035, 0.421, 0.4425, 0.461, 0.4815, 0.5, 0.5075, 0.5115, 0.5135, 0.5145, 0.515, 0.5155, 0.5165, 0.518, 0.5185, 0.519, 0.52, 0.524, 0.528, 0.528, 0.528, 0.528, 0.528, 0.528, 0.528, 0.528, 0.528, 0.528, 0.528, 0.528, 0.528, 0.528, 0.528, 0.528, 0.528, 0.528, 0.528, 0.528, 0.528, 0.528, 0.528, 0.528, 0.528, 0.528, 0.528, 0.528, 0.528, 0.528, 0.528, 0.528, 0.528, 0.528, 0.528, 0.528, 0.528, 0.528, 0.528, 0.528, 0.528, 0.528, 0.528, 0.528, 0.528, 0.528, 0.528, 0.528, 0.528, 0.528, 0.528, 0.528, 0.528, 0.528, 0.528, 0.528, 0.528, 0.528, 0.528, 0.528, 0.528, 0.528, 0.528, 0.528, 0.528, 0.528, 0.528, 0.528]","{""0"": 0.3682, ""1"": 0.8618, ""2"": 0.2244, ""3"": 0.3729, ""4"": 0.752, ""5"": 0.8487, ""6"": 0.6964, ""7"": 0.1451}","[0.8889, 0.7692, 0.875, 0.0, 1.0, 0.8571, 1.0, 1.0, 0.0, 1.0, 0.75, 0.0, 0.625, 0.9091, 0.8, 1.0, 0.0, 0.75, 0.7778, 0.0, 0.8333, 0.8, 0.8571, 0.8571, 0.0, 0.8571, 1.0, 0.125, 0.7778, 1.0, 0.7143, 1.0, 0.1429, 1.0, 1.0, 0.0, 1.0, 0.8571, 0.9, 0.8, 0.0, 1.0, 0.6, 0.0, 0.1429, 1.0, 0.9167, 0.8, 0.0, 1.0, 0.8333, 0.0, 0.0, 1.0, 0.5556, 1.0, 0.0, 0.6667, 0.8889, 0.0, 0.0, 1.0, 1.0, 0.8333, 0.0, 0.0, 0.8333, 0.0, 0.0, 0.7143, 0.5714, 0.7143, 0.0, 0.0, 1.0, 0.0, 0.0, 1.0, 1.0, 0.8333, 0.0, 0.0, 0.8, 0.2, 0.0, 0.9091, 0.8, 0.6667, 0.0, 0.0, 0.9, 1.0, 0.0, 0.75, 0.875, 0.8889, 0.0, 0.0, 0.9, 0.8182, 0.0, 0.8, 1.0, 1.0, 0.0, 0.0, 0.8889, 0.875, 0.0, 0.1667, 1.0, 1.0, 0.0, 0.0, 0.75, 0.875, 0.0, 0.0, 1.0, 1.0, 0.0, 0.0, 1.0, 1.0, 0.0, 0.1111, 0.75, 0.9, 0.0, 0.0, 0.6, 1.0, 0.0, 0.0, 1.0, 0.75, 0.4, 0.0, 0.8889, 0.6667, 0.0, 0.8333, 1.0, 1.0, 0.7143, 0.0, 1.0, 0.1, 0.0, 0.8333, 1.0, 0.875, 0.8889, 0.0, 0.875, 0.0, 0.0, 1.0, 1.0, 0.6667, 1.0, 1.0, 0.7778, 0.0, 0.8, 1.0, 0.5, 0.7143, 0.625, 1.0, 0.8889, 0.0, 0.75, 1.0, 0.8182, 1.0, 0.8333, 0.875, 0.75, 0.0, 0.875, 0.5, 0.875, 0.8889, 0.3333, 0.0, 1.0, 0.0, 0.75, 0.8889, 0.9091, 1.0, 0.0, 0.125, 0.8889, 0.125, 1.0, 0.9231, 1.0, 0.2, 0.0, 0.1, 0.7143, 0.0, 0.8, 0.75, 0.8889, 0.0, 0.0, 0.0, 0.9, 0.0, 0.875, 0.9, 0.7, 0.0, 0.0, 0.0, 1.0, 0.0, 0.5556, 0.8571, 0.8, 0.0, 0.0, 0.0, 0.6667, 0.0, 0.875, 0.5, 0.8889, 0.0, 0.0, 0.7143, 1.0, 0.0, 0.75, 0.9, 0.8333, 0.0, 0.0, 0.8667, 0.8, 0.0, 1.0, 0.8, 0.6667, 0.625, 0.0, 1.0]","[36, 53, 55, 91, 111, 118, 119, 158, 160, 169, 173, 196, 198, 214, 218, 249]"
cluster,0.7,8,cluster,0.3445,0.3445,0.3445,1.0,0.3445,0.0,38,True,689,0,302,1009,0,"[0.05, 0.0695, 0.0925, 0.116, 0.14, 0.16, 0.1745, 0.19, 0.2025, 0.215, 0.2295, 0.2415, 0.251, 0.2565, 0.2605, 0.2635, 0.2675, 0.271, 0.2755, 0.2785, 0.2815, 0.285, 0.2925, 0.2985, 0.3045, 0.313, 0.317, 0.319, 0.3215, 0.325, 0.3295, 0.3325, 0.3345, 0.3365, 0.3405, 0.343, 0.344, 0.3445, 0.3445, 0.3445, 0.3445, 0.3445, 0.3445, 0.3445, 0.3445, 0.3445, 0.3445, 0.3445, 0.3445, 0.3445, 0.3445, 0.3445, 0.3445, 0.3445, 0.3445, 0.3445, 0.3445, 0.3445, 0.3445, 0.3445, 0.3445, 0.3445, 0.3445, 0.3445, 0.3445, 0.3445, 0.3445, 0.3445, 0.3445, 0.3445, 0.3445, 0.3445, 0.3445, 0.3445, 0.3445, 0.3445, 0.3445, 0.3445, 0.3445, 0.3445, 0.3445, 0.3445, 0.3445, 0.3445, 0.3445, 0.3445, 0.3445, 0.3445, 0.3445, 0.3445, 0.3445, 0.3445, 0.3445, 0.3445, 0.3445, 0.3445, 0.3445, 0.3445, 0.3445, 0.3445, 0.3445]","{""0"": 0.6431, ""1"": 0.1352, ""2"": 0.3563, ""3"": 0.0574, ""4"": 0.668, ""5"": 0.5061, ""6"": 0.3176, ""7"": 0.0}","[0.5556, 0.875, 0.5, 0.0, 0.125, 1.0, 0.8571, 0.0, 0.0, 0.9286, 0.0, 0.0, 0.0, 1.0, 0.8, 0.0, 0.0, 1.0, 0.0, 0.0, 0.0, 1.0, 0.6, 0.0, 0.0, 0.75, 0.0, 0.0, 0.0, 1.0, 0.875, 0.0, 0.0, 0.8, 0.0, 0.0, 0.0, 1.0, 0.6, 0.0, 0.0, 0.875, 0.0, 0.0, 0.0, 0.0, 0.875, 0.0, 0.0, 1.0, 0.0, 0.0, 0.0, 0.0, 0.8889, 0.8, 0.0, 1.0, 0.0, 0.1111, 0.0, 0.0, 0.75, 0.875, 0.0, 1.0, 0.0, 0.875, 0.0, 0.0, 1.0, 1.0, 0.0, 0.75, 0.0, 0.8889, 0.0, 0.0, 1.0, 0.9091, 0.0, 0.8889, 0.0, 0.8333, 0.0, 0.0, 0.8333, 0.8889, 0.0, 0.6667, 0.0, 1.0, 0.0, 0.0, 0.6667, 1.0, 0.0, 0.0, 0.1667, 0.8571, 0.0, 0.9231, 0.0, 1.0, 0.0, 0.5714, 0.1429, 1.0, 0.0, 0.8571, 0.0, 0.875, 0.0, 0.75, 0.0, 0.6667, 0.0, 0.875, 0.0, 0.8889, 0.0, 0.8462, 1.0, 0.7778, 0.0, 1.0, 0.0, 0.8889, 0.0, 1.0, 0.0, 0.6, 1.0, 1.0, 0.0, 0.1111, 0.0, 0.9167, 0.0, 0.0, 0.6667, 0.8571, 0.0, 0.0, 0.0, 0.4444, 0.0, 0.0, 0.0, 1.0, 0.0, 0.25, 0.0, 0.0, 0.0, 0.0, 0.0, 0.875, 0.0, 0.0, 0.0, 0.0, 0.0, 0.0, 0.0, 1.0, 0.0, 0.0, 0.0, 0.0, 0.0, 0.0, 0.0, 0.8333, 0.0, 0.1111, 0.0, 0.0, 0.0, 0.1, 0.0, 0.8571, 0.1111, 0.0, 0.0, 0.0, 0.0, 0.0833, 0.0, 0.8667, 0.4286, 0.0, 0.0, 0.1111, 0.0, 0.0, 0.0, 0.8889, 0.7143, 0.0, 0.0, 0.0, 0.0, 0.8, 0.0, 0.625, 0.8571, 0.0, 0.0, 0.8333, 0.125, 1.0, 0.2727, 0.8333, 0.8889, 0.0, 0.0, 0.8889, 0.0, 0.9091, 0.0, 0.4, 0.9333, 0.0, 0.0, 0.9231, 1.0, 1.0, 0.0, 1.0, 1.0, 0.0, 0.0, 0.875, 1.0, 0.0, 0.0, 0.7778, 0.75, 0.0, 0.0, 1.0, 0.7778, 0.0, 0.0, 1.0, 0.8333, 0.0, 0.0, 1.0]","[5, 46, 49, 70, 91, 103, 122, 132, 133, 211, 229, 234, 241]"
cluster,0.7,9,cluster,0.419,0.419,0.419,1.0,0.419,0.0,47,True,838,0,259,903,0,"[0.05, 0.076, 0.1075, 0.134, 0.154, 0.1725, 0.1905, 0.2055, 0.2215, 0.2325, 0.239, 0.2485, 0.2565, 0.2665, 0.276, 0.282, 0.286, 0.288, 0.291, 0.294, 0.297, 0.299, 0.301, 0.305, 0.3095, 0.315, 0.3195, 0.324, 0.3285, 0.335, 0.341, 0.3465, 0.3545, 0.36, 0.3645, 0.369, 0.3735, 0.38, 0.388, 0.393, 0.398, 0.4035, 0.409, 0.4135, 0.4165, 0.418, 0.419, 0.419, 0.419, 0.419, 0.419, 0.419, 0.419, 0.419, 0.419, 0.419, 0.419, 0.419, 0.419, 0.419, 0.419, 0.419, 0.419, 0.419, 0.419, 0.419, 0.419, 0.419, 0.419, 0.419, 0.419, 0.419, 0.419, 0.419, 0.419, 0.419, 0.419, 0.419, 0.419, 0.419, 0.419, 0.419, 0.419, 0.419, 0.419, 0.419, 0.419, 0.419, 0.419, 0.419, 0.419, 0.419, 0.419, 0.419, 0.419, 0.419, 0.419, 0.419, 0.419, 0.419, 0.419]","{""0"": 0.1734, ""1"": 0.5504, ""2"": 0.1923, ""3"": 0.541, ""4"": 0.1593, ""5"": 0.2723, ""6"": 0.544, ""7"": 0.8988}","[0.6667, 0.0, 1.0, 0.0, 0.25, 0.0, 0.0, 0.0, 0.8571, 0.1111, 0.7, 0.125, 0.0, 0.0, 0.2, 0.0, 0.8889, 0.0, 0.8333, 0.2, 0.1, 0.0, 0.2222, 0.0, 1.0, 0.0, 1.0, 0.0, 0.0, 0.0, 0.0, 0.2, 0.8182, 0.0, 0.875, 0.0, 0.0, 0.0, 0.0, 0.125, 0.8, 0.8333, 1.0, 0.0, 0.0, 0.0, 0.0, 0.0, 1.0, 0.875, 0.75, 0.0, 0.125, 0.0, 0.0, 0.0, 1.0, 0.625, 1.0, 0.0, 0.0, 0.0, 0.0, 0.1667, 1.0, 1.0, 0.8571, 0.0, 0.0, 0.125, 0.0, 0.0, 0.9, 0.75, 0.8889, 0.0, 0.2222, 0.0, 0.1429, 0.0, 1.0, 0.8333, 0.1429, 0.0909, 0.8, 0.0, 0.5714, 0.125, 1.0, 0.7143, 0.0, 0.0, 1.0, 0.0, 0.8333, 0.5, 1.0, 0.1667, 0.0, 1.0, 1.0, 0.0, 1.0, 0.8, 1.0, 0.0, 0.0, 1.0, 0.8889, 0.0, 0.6667, 0.8333, 0.9, 0.0, 0.0, 0.9, 1.0, 0.0909, 1.0, 0.8889, 0.8, 0.0, 0.0, 0.8333, 0.9231, 0.0909, 0.9, 0.8571, 0.75, 0.0, 0.2857, 1.0, 1.0, 0.0, 1.0, 0.8571, 1.0, 0.0, 0.6667, 0.875, 1.0, 0.0, 1.0, 1.0, 0.6667, 0.0, 0.9, 0.1429, 1.0, 0.0, 0.7143, 0.75, 1.0, 0.0, 1.0, 0.0, 0.5, 0.0, 0.0, 0.8, 1.0, 0.0, 0.75, 0.0, 0.125, 0.0, 0.25, 0.6667, 0.625, 0.0, 0.6, 0.0, 0.0909, 0.8889, 0.0, 0.75, 1.0, 0.0, 0.0, 0.0, 0.0, 0.875, 0.0, 1.0, 0.875, 0.0, 0.0, 0.0, 0.0, 0.9231, 0.1667, 1.0, 1.0, 0.0, 0.0, 0.0, 1.0, 0.8, 0.0, 0.8889, 1.0, 0.0, 0.0, 0.0, 0.5714, 0.9, 0.0, 0.875, 0.8462, 0.0, 0.0, 0.0, 0.8889, 0.0, 0.0, 0.9, 0.8571, 0.0, 0.125, 0.0, 1.0, 0.0, 0.0, 0.8889, 0.8462, 0.0, 0.6667, 0.0, 1.0, 0.0, 0.0, 1.0, 0.5, 0.2222, 1.0, 0.0, 0.8889, 0.0, 0.0, 0.8889, 1.0, 0.0, 0.875, 0.0, 0.7778, 0.0, 0.1111, 0.75, 0.875, 0.0]","[42, 88, 99, 116, 118, 132, 143, 154, 200, 228, 231]"
cluster,0.7,10,cluster,0.3135,0.3135,0.3135,1.0,0.3135,0.0,29,True,627,0,287,1086,0,"[0.05, 0.0715, 0.094, 0.112, 0.129, 0.1465, 0.1675, 0.183, 0.1945, 0.2065, 0.2165, 0.227, 0.238, 0.245, 0.25, 0.256, 0.262, 0.2675, 0.275, 0.284, 0.289, 0.2925, 0.2985, 0.3035, 0.3075, 0.3085, 0.3105, 0.312, 0.3135, 0.3135, 0.3135, 0.3135, 0.3135, 0.3135, 0.3135, 0.3135, 0.3135, 0.3135, 0.3135, 0.3135, 0.3135, 0.3135, 0.3135, 0.3135, 0.3135, 0.3135, 0.3135, 0.3135, 0.3135, 0.3135, 0.3135, 0.3135, 0.3135, 0.3135, 0.3135, 0.3135, 0.3135, 0.3135, 0.3135, 0.3135, 0.3135, 0.3135, 0.3135, 0.3135, 0.3135, 0.3135, 0.3135, 0.3135, 0.3135, 0.3135, 0.3135, 0.3135, 0.3135, 0.3135, 0.3135, 0.3135, 0.3135, 0.3135, 0.3135, 0.3135, 0.3135, 0.3135, 0.3135, 0.3135, 0.3135, 0.3135, 0.3135, 0.3135, 0.3135, 0.3135, 0.3135, 0.3135, 0.3135, 0.3135, 0.3135, 0.3135, 0.3135, 0.3135, 0.3135, 0.3135, 0.3135]","{""0"": 0.2939, ""1"": 0.008, ""2"": 0.4612, ""3"": 0.3885, ""4"": 0.6718, ""5"": 0.2311, ""6"": 0.2576, ""7"": 0.1934}","[0.4444, 0.0, 0.0, 0.6, 0.1667, 0.1111, 1.0, 0.0, 0.0, 0.0, 0.0, 1.0, 0.0, 0.0, 0.0, 0.0, 0.0, 0.0, 0.0, 0.8889, 0.0, 0.0, 0.0, 0.0, 0.0, 0.0, 0.0, 1.0, 0.0, 0.0, 0.0, 0.0, 0.0, 0.0, 0.0, 0.9, 0.0, 0.0, 0.0, 0.0, 0.0, 0.0, 0.0, 0.6667, 0.0, 0.2222, 0.0, 0.0, 0.0, 0.0, 0.0, 0.8333, 0.0, 0.0, 0.0, 0.0, 0.0, 0.1667, 0.0, 1.0, 0.0, 0.875, 0.0, 0.0, 0.0, 0.75, 0.0, 1.0, 0.0, 0.8889, 0.0, 0.0, 0.0, 0.8462, 0.0, 0.6667, 0.1875, 0.6, 0.0, 0.0, 0.0, 0.8333, 0.0, 0.7143, 0.0, 0.8182, 0.125, 0.0, 0.0, 0.75, 0.0, 1.0, 0.0, 0.7778, 0.25, 0.0, 0.0, 0.8333, 0.0, 0.8571, 0.0, 1.0, 0.0909, 0.0, 0.7778, 0.75, 0.0, 1.0, 0.0, 0.8333, 0.0, 0.0, 1.0, 1.0, 0.4, 0.8333, 0.0, 1.0, 0.0, 0.0, 0.875, 0.8, 0.0, 1.0, 0.75, 0.875, 0.0, 0.25, 0.8333, 1.0, 0.0, 0.4286, 1.0, 1.0, 0.0, 0.0, 0.8182, 0.8889, 0.0, 0.0, 1.0, 0.8333, 0.0, 0.0, 1.0, 1.0, 0.0, 0.0, 1.0, 1.0, 0.0, 0.8333, 0.8, 1.0, 0.0, 0.0, 1.0, 0.7778, 0.0, 0.8, 0.0, 0.0, 0.0, 0.0, 1.0, 1.0, 0.1, 0.875, 0.0, 0.0, 0.0, 0.0, 0.8571, 0.8182, 0.0, 0.6, 0.0769, 0.0, 0.0, 0.0, 0.6667, 0.7778, 0.0, 0.8333, 0.125, 0.0, 0.0, 0.0, 1.0, 1.0, 0.125, 0.7143, 0.0, 0.0, 0.0, 0.0, 1.0, 0.8889, 0.7, 1.0, 0.0, 0.0, 0.0, 0.0, 0.9091, 0.8889, 1.0, 0.6667, 0.0, 0.0, 0.0, 0.0, 0.7778, 0.8889, 0.8333, 0.0, 0.0, 0.0, 0.0, 0.0, 1.0, 1.0, 1.0, 0.0, 0.0, 0.0, 0.0, 0.0, 0.0, 0.5556, 0.8571, 0.0, 0.0, 0.0, 0.0, 0.0, 0.0, 1.0, 1.0, 1.0, 0.0, 0.0, 0.0, 0.875, 0.0, 0.6667, 0.875, 0.75, 0.0, 0.0]","[6, 11, 91, 107, 112, 113, 133, 149, 188, 189, 199, 220, 239]"
cluster,0.7,11,cluster,0.209,0.209,0.209,1.0,0.209,0.0,25,True,418,0,286,1296,0,"[0.05, 0.0715, 0.085, 0.102, 0.1195, 0.1325, 0.1415, 0.15, 0.161, 0.168, 0.173, 0.18, 0.1845, 0.188, 0.192, 0.1965, 0.199, 0.201, 0.2035, 0.2045, 0.205, 0.206, 0.208, 0.2085, 0.209, 0.209, 0.209, 0.209, 0.209, 0.209, 0.209, 0.209, 0.209, 0.209, 0.209, 0.209, 0.209, 0.209, 0.209, 0.209, 0.209, 0.209, 0.209, 0.209, 0.209, 0.209, 0.209, 0.209, 0.209, 0.209, 0.209, 0.209, 0.209, 0.209, 0.209, 0.209, 0.209, 0.209, 0.209, 0.209, 0.209, 0.209, 0.209, 0.209, 0.209, 0.209, 0.209, 0.209, 0.209, 0.209, 0.209, 0.209, 0.209, 0.209, 0.209, 0.209, 0.209, 0.209, 0.209, 0.209, 0.209, 0.209, 0.209, 0.209, 0.209, 0.209, 0.209, 0.209, 0.209, 0.209, 0.209, 0.209, 0.209, 0.209, 0.209, 0.209, 0.209, 0.209, 0.209, 0.209, 0.209]","{""0"": 0.0823, ""1"": 0.1832, ""2"": 0.0, ""3"": 0.4042, ""4"": 0.3152, ""5"": 0.2887, ""6"": 0.2143, ""7"": 0.1837}","[0.4444, 0.0, 0.0, 0.0, 0.0, 0.0, 0.8889, 0.0, 0.0, 0.0, 0.0, 0.0, 0.0, 0.0, 0.7778, 0.0, 0.0, 0.0, 0.0, 0.0, 0.0, 0.0, 0.2, 0.0, 0.0, 0.0, 0.0, 0.0, 0.0, 0.0, 0.0, 0.0, 0.0, 0.1667, 0.0, 0.0, 0.0, 0.0, 0.0, 0.0, 0.0, 1.0, 0.0, 0.0, 0.0, 0.0, 0.0, 0.0, 0.0, 0.0, 0.0, 0.0, 0.0, 0.0, 0.0, 0.0, 0.1111, 0.0, 0.0, 0.0, 0.0, 0.0, 0.0, 0.0, 1.0, 0.0, 0.0, 0.0, 0.8182, 0.0, 0.0, 0.0, 0.0833, 0.0, 0.0, 0.0, 0.875, 0.0, 0.0, 0.0, 0.0, 0.0, 0.0, 0.0, 0.75, 0.0, 0.0, 0.0, 0.2, 0.0, 0.0, 0.0, 1.0, 0.0, 0.0, 0.0, 0.0833, 0.0, 0.0, 0.0, 1.0, 0.0, 0.0, 0.0, 0.0, 0.0, 0.0909, 0.0, 0.875, 0.0, 0.0, 0.0, 0.0, 0.0, 0.0, 0.0, 0.4, 0.0, 0.0, 0.8333, 0.0, 0.0, 0.0, 0.0, 1.0, 1.0, 0.0, 0.6667, 0.0, 0.0, 0.0, 0.0, 0.7778, 1.0, 0.0, 1.0, 1.0, 0.0, 0.7778, 0.0, 1.0, 1.0, 0.0, 0.8333, 0.8, 0.0, 0.8182, 0.0, 1.0, 1.0, 0.0, 1.0, 0.75, 0.0, 1.0, 0.0, 0.8333, 1.0, 0.0, 0.8, 1.0, 0.0, 0.8889, 0.0, 0.8182, 0.8571, 0.0, 1.0, 1.0, 0.0, 0.7273, 0.0, 1.0, 0.875, 0.0, 0.0, 0.3333, 0.6667, 0.6667, 0.0, 0.8, 0.8571, 0.0, 0.1429, 0.0, 1.0, 0.25, 0.0, 0.0, 0.9333, 0.6667, 0.1111, 0.0, 0.3333, 0.0, 0.0, 0.0, 0.8889, 0.8333, 0.0, 0.0, 0.0, 0.0, 0.0, 0.0, 0.0833, 1.0, 0.0, 0.0, 0.0, 0.0, 0.0, 0.0, 0.0, 0.875, 0.0, 0.0, 0.0, 0.0, 0.0, 0.0, 0.0, 1.0, 0.0, 0.0, 0.125, 0.0, 0.0, 0.0, 0.0, 1.0, 0.0, 0.0, 0.0, 0.0, 0.0, 0.0, 0.0, 1.0, 0.0, 0.0, 0.0, 0.0, 0.0, 0.0, 0.0, 0.8889, 0.0, 0.0, 0.0]","[41, 64, 125, 133, 135, 148, 151, 154, 168, 185, 189, 238]"
cluster,0.8,0,cluster,0.3585,0.3585,0.3585,1.0,0.3585,0.0,31,True,717,0,272,1011,0,"[0.05, 0.067, 0.09, 0.117, 0.1415, 0.156, 0.1765, 0.197, 0.219, 0.239, 0.252, 0.261, 0.271, 0.2805, 0.2905, 0.2995, 0.305, 0.311, 0.318, 0.323, 0.327, 0.332, 0.336, 0.3385, 0.341, 0.3435, 0.3455, 0.348, 0.351, 0.3565, 0.3585, 0.3585, 0.3585, 0.3585, 0.3585, 0.3585, 0.3585, 0.3585, 0.3585, 0.3585, 0.3585, 0.3585, 0.3585, 0.3585, 0.3585, 0.3585, 0.3585, 0.3585, 0.3585, 0.3585, 0.3585, 0.3585, 0.3585, 0.3585, 0.3585, 0.3585, 0.3585, 0.3585, 0.3585, 0.3585, 0.3585, 0.3585, 0.3585, 0.3585, 0.3585, 0.3585, 0.3585, 0.3585, 0.3585, 0.3585, 0.3585, 0.3585, 0.3585, 0.3585, 0.3585, 0.3585, 0.3585, 0.3585, 0.3585, 0.3585, 0.3585, 0.3585, 0.3585, 0.3585, 0.3585, 0.3585, 0.3585, 0.3585, 0.3585, 0.3585, 0.3585, 0.3585, 0.3585, 0.3585, 0.3585, 0.3585, 0.3585, 0.3585, 0.3585, 0.3585, 0.3585]","{""0"": 0.1511, ""1"": 0.0081, ""2"": 0.352, ""3"": 0.122, ""4"": 0.304, ""5"": 0.8282, ""6"": 0.6693, ""7"": 0.4202}","[0.5556, 0.0, 0.0, 0.0, 0.0, 1.0, 0.9091, 0.8462, 0.0, 0.0, 0.0, 0.0, 0.0, 0.0, 0.8571, 0.8, 0.0, 0.0, 0.0, 0.0, 0.0, 0.0, 0.8, 0.0, 0.0, 0.0, 0.0, 0.0, 0.0, 0.0, 1.0, 0.0, 0.0, 0.0, 0.0, 0.0, 0.0, 0.0, 1.0, 0.0, 0.0, 0.0, 0.0, 0.0, 0.0, 0.0, 1.0, 0.0, 0.0, 0.0, 0.4, 0.1111, 0.0, 0.0, 0.75, 0.0, 0.0, 0.0, 0.0, 0.0, 0.0, 0.0, 0.8333, 0.0, 0.0, 0.0, 0.0, 0.0, 0.0, 0.0, 1.0, 0.0, 0.0, 0.0, 0.0, 0.0, 0.0, 0.0, 0.8, 0.75, 0.0, 0.0, 0.0, 0.1, 0.0, 0.0, 0.8182, 0.875, 0.0, 0.0, 0.0, 0.0, 0.0, 0.0, 0.8571, 0.9, 0.0, 0.0, 0.0, 0.0, 1.0, 0.0, 0.8333, 1.0, 0.0, 0.0, 0.0, 0.0, 0.8571, 0.0, 1.0, 0.875, 0.0, 0.1667, 0.0, 0.0, 1.0, 0.0, 0.8, 1.0, 1.0, 0.0, 0.0, 0.0, 0.5, 0.0, 1.0, 0.8333, 0.8571, 0.0, 0.0, 0.0, 0.0, 0.0, 1.0, 0.8333, 1.0, 0.0, 0.0, 0.0, 0.0, 0.0, 0.6154, 1.0, 0.6667, 0.0, 0.0, 1.0, 0.0, 0.1667, 0.3333, 0.8571, 1.0, 0.0, 0.0, 0.8333, 0.0, 0.0, 0.625, 1.0, 0.5, 0.0, 0.0, 0.8, 0.0, 0.0, 1.0, 1.0, 1.0, 0.0, 0.0, 1.0, 0.0, 0.0, 0.6667, 1.0, 1.0, 0.1111, 0.0, 1.0, 0.0, 1.0, 1.0, 0.8571, 0.7143, 0.0, 0.0, 1.0, 0.0, 1.0, 1.0, 1.0, 0.8, 0.0, 0.0, 1.0, 0.0, 0.8571, 0.8, 1.0, 1.0, 0.375, 0.0, 0.8889, 0.0, 1.0, 0.5, 1.0, 1.0, 0.7857, 0.0, 1.0, 0.0, 0.875, 0.75, 0.75, 1.0, 0.75, 0.0, 1.0, 0.0, 1.0, 1.0, 1.0, 1.0, 1.0, 0.0, 0.8571, 0.1818, 0.8333, 0.6667, 0.7778, 0.0, 1.0, 0.0, 0.5556, 0.0, 1.0, 1.0, 1.0, 0.0, 0.75, 0.0, 0.0, 0.0, 1.0, 1.0, 0.9167, 0.0, 0.1111]","[5, 38, 103, 110, 116, 120, 175, 181, 207, 208, 216, 219, 225]"
cluster,0.8,1,cluster,0.2085,0.2085,0.2085,1.0,0.2085,0.0,27,True,417,0,270,1313,0,"[0.05, 0.065, 0.0795, 0.093, 0.106, 0.1175, 0.1305, 0.14, 0.146, 0.1535, 0.1575, 0.1635, 0.166, 0.1695, 0.1725, 0.1755, 0.179, 0.182, 0.189, 0.1945, 0.1975, 0.2005, 0.204, 0.2065, 0.2075, 0.208, 0.2085, 0.2085, 0.2085, 0.2085, 0.2085, 0.2085, 0.2085, 0.2085, 0.2085, 0.2085, 0.2085, 0.2085, 0.2085, 0.2085, 0.2085, 0.2085, 0.2085, 0.2085, 0.2085, 0.2085, 0.2085, 0.2085, 0.2085, 0.2085, 0.2085, 0.2085, 0.2085, 0.2085, 0.2085, 0.2085, 0.2085, 0.2085, 0.2085, 0.2085, 0.2085, 0.2085, 0.2085, 0.2085, 0.2085, 0.2085, 0.2085, 0.2085, 0.2085, 0.2085, 0.2085, 0.2085, 0.2085, 0.2085, 0.2085, 0.2085, 0.2085, 0.2085, 0.2085, 0.2085, 0.2085, 0.2085, 0.2085, 0.2085, 0.2085, 0.2085, 0.2085, 0.2085, 0.2085, 0.2085, 0.2085, 0.2085, 0.2085, 0.2085, 0.2085, 0.2085, 0.2085, 0.2085, 0.2085, 0.2085, 0.2085]","{""0"": 0.6813, ""1"": 0.0044, ""2"": 0.0667, ""3"": 0.1306, ""4"": 0.0236, ""5"": 0.0625, ""6"": 0.3436, ""7"": 0.2751}","[0.2222, 1.0, 0.0, 0.0, 0.4, 0.0, 0.0, 0.0, 0.875, 1.0, 0.125, 0.0, 0.8333, 0.0, 0.0, 0.0, 1.0, 0.9, 0.0, 0.0, 1.0, 0.0, 0.0, 1.0, 0.25, 0.6667, 0.0, 0.0, 1.0, 0.0, 0.0, 0.8571, 0.0, 1.0, 0.0, 1.0, 0.3333, 0.0, 0.0, 0.875, 0.1111, 0.625, 0.0, 0.1111, 0.0, 0.0, 0.0, 0.75, 0.0, 0.0, 0.0, 0.0, 0.0, 0.0, 0.0, 1.0, 0.0, 0.0, 0.0, 0.0, 0.0, 0.0, 0.0, 0.7692, 0.0, 0.0, 0.0, 0.0, 0.0, 0.0, 0.0, 1.0, 0.0, 0.0, 0.0, 0.0, 0.0, 0.1667, 0.0, 0.875, 0.0, 0.0, 0.0, 0.0, 0.0, 0.0, 0.0, 1.0, 0.0, 0.0, 0.0, 0.125, 0.1111, 0.0, 0.0, 0.9091, 0.0, 0.0, 0.0, 0.0, 1.0, 0.0, 0.0, 1.0, 0.0, 0.9, 0.0, 0.0, 0.0, 0.0, 0.0, 0.0, 0.0, 0.8571, 0.0, 0.0, 0.0, 0.0, 0.0, 0.0, 0.125, 0.9091, 0.0, 0.0, 0.0, 0.0, 0.0, 0.0, 0.0, 0.75, 0.0, 0.0, 0.0, 0.0, 0.0, 0.0, 0.0, 0.8571, 0.0, 0.0, 0.0, 0.0, 1.0, 0.0, 0.0, 0.9, 0.0, 0.0, 0.0, 0.0, 0.8333, 0.0, 0.1667, 1.0, 0.0, 0.0, 0.0, 0.0, 0.5, 1.0, 0.0, 0.8889, 0.0, 0.0, 0.0, 0.0, 0.0, 0.1111, 1.0, 1.0, 0.0, 0.0, 0.0, 0.0, 0.0, 0.0, 1.0, 0.875, 0.0, 0.0, 0.0, 0.0, 0.0, 0.0, 1.0, 0.8889, 0.0, 0.0, 0.0, 0.0, 0.0, 0.1429, 0.8889, 0.875, 0.0, 0.0, 0.0, 0.0, 0.0, 0.0, 0.7778, 0.8333, 0.0, 0.0, 0.0, 0.1111, 0.0, 0.0, 0.0, 0.6667, 0.0, 0.0, 0.0, 0.0, 0.0, 0.0, 0.1111, 1.0, 0.0, 0.0, 0.0, 1.0, 0.1, 0.0, 0.0, 1.0, 0.0, 1.0, 0.0, 0.0, 0.0, 0.0, 0.0909, 0.95, 0.0, 0.25, 0.0, 0.0, 0.0, 0.0, 0.6667, 0.8, 0.0, 0.0, 0.1111, 0.0, 0.0, 0.0, 0.9091, 1.0]","[9, 16, 20, 35, 55, 87, 100, 103, 142, 159, 169, 176, 221, 225, 227]"
cluster,0.8,2,cluster,0.309,0.309,0.309,1.0,0.309,-0.0,28,True,618,0,297,1085,0,"[0.05, 0.0665, 0.0835, 0.1025, 0.1225, 0.137, 0.1485, 0.158, 0.1685, 0.18, 0.1945, 0.208, 0.221, 0.233, 0.2435, 0.254, 0.2625, 0.268, 0.274, 0.281, 0.289, 0.2965, 0.3045, 0.306, 0.3065, 0.307, 0.308, 0.309, 0.309, 0.309, 0.309, 0.309, 0.309, 0.309, 0.309, 0.309, 0.309, 0.309, 0.309, 0.309, 0.309, 0.309, 0.309, 0.309, 0.309, 0.309, 0.309, 0.309, 0.309, 0.309, 0.309, 0.309, 0.309, 0.309, 0.309, 0.309, 0.309, 0.309, 0.309, 0.309, 0.309, 0.309, 0.309, 0.309, 0.309, 0.309, 0.309, 0.309, 0.309, 0.309, 0.309, 0.309, 0.309, 0.309, 0.309, 0.309, 0.309, 0.309, 0.309, 0.309, 0.309, 0.309, 0.309, 0.309, 0.309, 0.309, 0.309, 0.309, 0.309, 0.309, 0.309, 0.309, 0.309, 0.309, 0.309, 0.309, 0.309, 0.309, 0.309, 0.309, 0.309]","{""0"": 0.0563, ""1"": 0.0041, ""2"": 0.4646, ""3"": 0.0745, ""4"": 0.719, ""5"": 0.5779, ""6"": 0.2203, ""7"": 0.4034}","[0.5556, 0.0, 0.0, 0.0, 0.0, 1.0, 0.0, 0.2222, 0.1667, 0.2, 0.0, 0.0, 1.0, 0.75, 0.0, 0.6667, 0.0, 0.0, 0.0, 0.0, 1.0, 0.875, 0.8571, 0.8, 0.0, 0.0, 0.0, 0.0, 0.0, 0.5714, 1.0, 1.0, 0.0, 0.0, 0.0, 0.0, 0.0, 0.8571, 0.7, 1.0, 0.0, 0.0, 0.0, 0.0, 0.0, 1.0, 1.0, 1.0, 0.0, 0.0, 0.0, 0.0, 0.5556, 0.8889, 1.0, 1.0, 0.0, 0.0, 0.0, 0.0, 0.1667, 0.8333, 1.0, 1.0, 0.0, 0.0, 0.0, 0.0, 0.0909, 0.6667, 1.0, 0.0, 0.0, 0.0, 0.0, 0.0, 0.0, 0.875, 1.0, 0.0, 0.0, 0.0, 0.0, 0.0, 0.0, 1.0, 0.75, 0.0, 0.0, 0.0, 0.0, 1.0, 0.0, 1.0, 0.875, 0.0, 0.0, 0.0, 0.0, 0.8571, 0.0, 0.7143, 0.8462, 0.0, 0.0, 0.1, 0.0, 0.7778, 0.0, 1.0, 1.0, 0.0, 0.0, 0.1111, 0.0, 0.875, 0.0, 0.8571, 0.9, 0.0, 0.0, 0.0909, 0.0, 0.8889, 0.0, 1.0, 1.0, 0.0, 0.0, 0.0, 0.0, 0.7143, 0.0, 1.0, 0.875, 0.0, 0.0, 0.0, 0.2, 0.8889, 0.0, 0.9167, 0.8182, 0.0, 1.0, 0.0, 0.0, 1.0, 0.0, 1.0, 1.0, 0.0, 1.0, 1.0, 0.0, 1.0, 0.0, 0.7778, 0.8889, 0.0, 0.6667, 0.0588, 0.0, 1.0, 0.0, 0.7778, 0.7778, 0.0, 1.0, 0.0, 0.0, 1.0, 0.0, 0.125, 0.0769, 0.0, 1.0, 0.0769, 0.0, 0.6667, 0.0, 0.0, 0.0, 0.0, 0.8, 0.0, 0.0, 0.7273, 0.0, 0.0, 0.0, 0.0, 0.6667, 0.0, 0.0, 1.0, 0.0, 0.0, 0.0, 0.0, 1.0, 0.0, 0.0, 0.8571, 0.0, 0.0, 0.8333, 0.0, 0.8889, 0.0, 0.0, 0.875, 0.0, 0.5, 0.1429, 0.0, 0.8, 0.0, 0.0, 0.1111, 0.0, 0.8, 0.0, 0.0, 0.9091, 0.0, 0.0, 0.0, 0.0, 0.6667, 0.0, 0.0, 0.8571, 0.0, 0.0, 0.0, 0.0, 0.8182, 0.0, 0.0, 1.0, 0.2, 0.0, 0.1111, 0.0, 1.0, 0.0, 0.125, 1.0, 0.0]","[20, 45, 47, 52, 110, 125, 133, 144, 153, 163, 171, 195, 200]"
cluster,0.8,3,cluster,0.2345,0.2345,0.2345,1.0,0.2345,-0.0,19,True,469,0,287,1244,0,"[0.05, 0.065, 0.084, 0.1075, 0.121, 0.134, 0.148, 0.163, 0.178, 0.191, 0.2025, 0.2075, 0.2125, 0.22, 0.2235, 0.2265, 0.2305, 0.233, 0.2345, 0.2345, 0.2345, 0.2345, 0.2345, 0.2345, 0.2345, 0.2345, 0.2345, 0.2345, 0.2345, 0.2345, 0.2345, 0.2345, 0.2345, 0.2345, 0.2345, 0.2345, 0.2345, 0.2345, 0.2345, 0.2345, 0.2345, 0.2345, 0.2345, 0.2345, 0.2345, 0.2345, 0.2345, 0.2345, 0.2345, 0.2345, 0.2345, 0.2345, 0.2345, 0.2345, 0.2345, 0.2345, 0.2345, 0.2345, 0.2345, 0.2345, 0.2345, 0.2345, 0.2345, 0.2345, 0.2345, 0.2345, 0.2345, 0.2345, 0.2345, 0.2345, 0.2345, 0.2345, 0.2345, 0.2345, 0.2345, 0.2345, 0.2345, 0.2345, 0.2345, 0.2345, 0.2345, 0.2345, 0.2345, 0.2345, 0.2345, 0.2345, 0.2345, 0.2345, 0.2345, 0.2345, 0.2345, 0.2345, 0.2345, 0.2345, 0.2345, 0.2345, 0.2345, 0.2345, 0.2345, 0.2345, 0.2345]","{""0"": 0.1331, ""1"": 0.1255, ""2"": 0.0581, ""3"": 0.1398, ""4"": 0.0121, ""5"": 0.3451, ""6"": 0.2976, ""7"": 0.718}","[0.1111, 0.0, 0.0, 0.0, 0.0, 0.0, 0.0, 1.0, 1.0, 0.0833, 0.25, 0.0, 0.0, 0.0, 0.0, 0.8182, 1.0, 0.0, 0.0, 0.0, 0.0, 0.0, 0.0833, 0.8, 1.0, 0.0, 0.0, 0.0, 0.0, 0.0, 0.0833, 0.9, 0.9231, 0.0, 0.0, 0.0, 1.0, 0.0, 0.7778, 0.5, 0.75, 0.0, 0.0, 0.0, 0.8571, 0.0, 1.0, 0.0769, 0.8889, 0.0, 0.0, 0.2, 0.75, 0.0, 1.0, 0.0, 0.9286, 0.0, 0.0, 0.0, 1.0, 0.0, 0.0, 0.0, 1.0, 0.0, 0.0, 0.0, 0.0, 0.0, 0.0, 0.0, 1.0, 0.8, 0.0, 0.0, 0.0, 0.0, 0.0, 0.0, 0.8, 1.0, 0.6, 0.0, 0.0, 0.0, 0.0, 0.0, 0.75, 1.0, 0.8, 0.0, 0.0, 0.0, 0.0, 0.125, 0.875, 0.875, 0.875, 0.0, 0.0, 0.0, 0.0, 0.0, 0.7143, 0.8889, 1.0, 0.0, 0.0, 0.0, 0.0, 0.0, 0.8182, 0.0, 0.7143, 0.0, 0.0, 0.0, 0.0, 0.0, 1.0, 0.0, 0.0, 0.0, 0.1429, 0.0, 0.0, 0.0, 0.75, 0.0, 0.0, 0.0, 1.0, 0.0, 0.0, 0.0, 0.625, 0.0, 0.0909, 0.0, 0.0, 0.0, 0.0, 0.0, 1.0, 0.0, 0.0, 0.0, 0.0, 0.0, 0.0, 0.0, 0.8571, 0.0, 0.0, 0.0, 0.0, 0.0, 0.6667, 0.0, 0.0, 0.0, 0.0, 0.0, 0.0, 0.0, 1.0, 0.0, 0.0, 0.0, 0.0, 0.0, 0.0, 0.0, 1.0, 0.0, 0.0, 0.0, 0.0, 0.0, 0.0, 0.0, 1.0, 0.0, 0.0, 0.0, 0.0, 0.0, 0.0, 0.0, 0.8571, 0.0, 0.1667, 0.0, 0.0, 0.0, 0.0, 0.0, 1.0, 0.0, 0.0, 0.0, 0.0, 0.0, 0.2, 0.4286, 0.8889, 0.0, 0.1111, 0.0909, 0.0, 0.0, 0.0, 0.0, 0.8333, 0.8571, 0.8333, 0.0, 0.0, 0.0, 0.0, 0.0, 0.75, 0.8333, 0.7143, 0.0, 0.0, 0.2857, 0.0, 0.0, 0.625, 0.7143, 0.8889, 0.0, 0.0, 0.6667, 0.0, 0.0, 0.125, 0.8889, 0.8571, 0.0, 0.0, 1.0, 0.0, 0.0, 0.0, 1.0, 1.0, 0.0]","[7, 10, 24, 54, 60, 72, 89, 106, 120, 132, 144, 198, 243]"
cluster,0.8,4,cluster,0.316,0.316,0.316,1.0,0.316,0.0,24,True,632,0,280,1088,0,"[0.05, 0.07, 0.0945, 0.1165, 0.1335, 0.1515, 0.1675, 0.182, 0.195, 0.2045, 0.2145, 0.226, 0.243, 0.256, 0.2675, 0.278, 0.286, 0.2915, 0.299, 0.303, 0.306, 0.3095, 0.312, 0.316, 0.316, 0.316, 0.316, 0.316, 0.316, 0.316, 0.316, 0.316, 0.316, 0.316, 0.316, 0.316, 0.316, 0.316, 0.316, 0.316, 0.316, 0.316, 0.316, 0.316, 0.316, 0.316, 0.316, 0.316, 0.316, 0.316, 0.316, 0.316, 0.316, 0.316, 0.316, 0.316, 0.316, 0.316, 0.316, 0.316, 0.316, 0.316, 0.316, 0.316, 0.316, 0.316, 0.316, 0.316, 0.316, 0.316, 0.316, 0.316, 0.316, 0.316, 0.316, 0.316, 0.316, 0.316, 0.316, 0.316, 0.316, 0.316, 0.316, 0.316, 0.316, 0.316, 0.316, 0.316, 0.316, 0.316, 0.316, 0.316, 0.316, 0.316, 0.316, 0.316, 0.316, 0.316, 0.316, 0.316, 0.316]","{""0"": 0.0, ""1"": 0.2051, ""2"": 0.0121, ""3"": 0.3191, ""4"": 0.2829, ""5"": 0.8893, ""6"": 0.3792, ""7"": 0.5}","[0.0, 0.0, 0.0, 0.0, 0.0, 1.0, 1.0, 0.0, 0.0, 0.0, 0.0, 0.0, 0.0, 1.0, 1.0, 0.0, 0.0, 0.0, 0.0, 0.0, 0.0, 0.8333, 1.0, 0.0, 0.0, 0.0, 0.0, 0.0, 0.0, 0.8571, 0.8571, 0.0, 0.0, 0.0, 0.0, 0.0, 0.0, 0.8333, 1.0, 0.0, 0.0, 0.0, 0.0, 0.0, 0.2222, 0.875, 0.8, 0.0, 0.0, 0.0, 0.0, 0.0, 0.8, 0.8182, 1.0, 0.0, 0.5, 0.0, 0.0, 0.0, 1.0, 0.2857, 0.8, 0.0, 1.0, 0.0, 0.0, 0.0, 0.8889, 0.0, 1.0, 0.0, 0.7273, 0.0, 0.0, 0.0, 0.9286, 0.1429, 0.8889, 0.1429, 0.875, 0.0, 0.6667, 0.0, 1.0, 0.0, 0.8333, 0.2, 1.0, 0.0, 0.8889, 0.0, 0.9091, 0.0, 0.4, 0.7778, 1.0, 0.0, 0.5714, 0.0, 1.0, 0.2, 0.9167, 0.8571, 0.8182, 0.0, 0.875, 0.0, 1.0, 0.0, 0.75, 1.0, 0.875, 0.0, 1.0, 0.0, 0.8571, 0.0, 1.0, 0.9, 0.8571, 0.0, 0.8571, 0.0, 0.8571, 0.0, 0.7143, 0.8333, 0.7692, 0.0, 1.0, 0.0, 1.0, 0.0, 1.0, 1.0, 0.9, 0.0, 1.0, 0.0, 0.0, 0.0, 0.7778, 0.8, 0.9091, 0.0, 0.0, 0.0, 0.0, 0.0, 1.0, 0.9, 0.875, 0.0, 0.0, 0.1667, 0.0, 0.0, 0.875, 1.0, 0.6667, 0.0, 0.0, 0.125, 0.0, 0.0, 1.0, 1.0, 0.8333, 0.0, 0.0, 0.0, 0.0, 0.0, 1.0, 1.0, 1.0, 0.0, 0.0, 0.0, 0.0, 0.0, 1.0, 0.8571, 1.0, 0.0, 0.0, 0.0, 0.0, 0.0, 0.8571, 0.4, 0.625, 0.0, 0.0, 0.0, 0.0, 0.0, 0.9, 0.6667, 0.0, 0.0, 0.0, 0.0, 0.0, 0.0, 1.0, 0.0, 0.0, 0.0, 0.0, 0.0, 0.0, 0.0, 1.0, 0.0, 0.0, 0.0, 0.0, 0.0, 0.0, 0.0, 0.625, 0.0, 0.0, 0.0, 0.0, 0.0, 0.0, 0.8571, 1.0, 0.0, 0.0, 0.0, 0.0, 0.0, 0.0, 1.0, 0.6667, 0.0, 0.0, 0.0, 0.0, 0.0, 0.0, 1.0, 1.0, 0.0, 0.0, 0.0]","[5, 14, 53, 64, 70, 108, 134, 135, 138, 176, 184, 206, 214, 246]"
cluster,0.8,5,cluster,0.2555,0.2555,0.2555,1.0,0.2555,0.0,34,True,511,0,294,1195,0,"[0.05, 0.066, 0.083, 0.1075, 0.131, 0.1445, 0.1595, 0.1715, 0.181, 0.1885, 0.1945, 0.1995, 0.206, 0.212, 0.2175, 0.2225, 0.2255, 0.228, 0.23, 0.2335, 0.2375, 0.24, 0.242, 0.244, 0.2455, 0.246, 0.2465, 0.247, 0.2485, 0.2495, 0.2505, 0.252, 0.254, 0.2555, 0.2555, 0.2555, 0.2555, 0.2555, 0.2555, 0.2555, 0.2555, 0.2555, 0.2555, 0.2555, 0.2555, 0.2555, 0.2555, 0.2555, 0.2555, 0.2555, 0.2555, 0.2555, 0.2555, 0.2555, 0.2555, 0.2555, 0.2555, 0.2555, 0.2555, 0.2555, 0.2555, 0.2555, 0.2555, 0.2555, 0.2555, 0.2555, 0.2555, 0.2555, 0.2555, 0.2555, 0.2555, 0.2555, 0.2555, 0.2555, 0.2555, 0.2555, 0.2555, 0.2555, 0.2555, 0.2555, 0.2555, 0.2555, 0.2555, 0.2555, 0.2555, 0.2555, 0.2555, 0.2555, 0.2555, 0.2555, 0.2555, 0.2555, 0.2555, 0.2555, 0.2555, 0.2555, 0.2555, 0.2555, 0.2555, 0.2555, 0.2555]","{""0"": 0.0586, ""1"": 0.8667, ""2"": 0.0, ""3"": 0.3051, ""4"": 0.2731, ""5"": 0.1885, ""6"": 0.25, ""7"": 0.0744}","[0.2222, 0.0, 1.0, 0.0, 0.0, 0.0, 0.0, 0.0, 1.0, 0.0, 0.8571, 0.0, 0.0, 0.0, 0.0, 0.0, 0.0, 0.0, 0.7778, 0.0, 0.0, 0.0, 0.0, 0.0, 0.0, 0.0, 0.8333, 0.0, 0.0, 0.0, 0.0, 0.0, 0.0, 0.0, 1.0, 0.0, 0.2, 0.0, 0.1111, 0.0, 0.0, 0.0, 1.0, 0.0, 0.8333, 0.125, 0.8889, 1.0, 0.0, 0.1, 0.8571, 0.0, 1.0, 0.0, 0.8571, 1.0, 0.0, 0.0, 0.7143, 0.0, 0.75, 0.0, 1.0, 0.6923, 0.0, 0.0, 0.9167, 0.0, 0.8333, 1.0, 1.0, 0.0, 0.0, 0.0, 1.0, 0.0, 1.0, 1.0, 0.1667, 0.0, 0.0, 0.1429, 0.9167, 0.0, 0.8889, 1.0, 0.0, 0.0, 0.0, 1.0, 0.8889, 0.0, 1.0, 1.0, 0.0, 0.0, 0.0, 0.0, 0.6667, 0.0, 0.8333, 1.0, 0.0, 0.0, 0.0, 0.0, 0.8889, 0.0, 1.0, 0.875, 0.0, 0.0, 0.0, 0.0, 0.6667, 0.0, 1.0, 0.8571, 0.0, 0.0, 0.0, 0.0, 1.0, 0.0, 0.6667, 0.7143, 0.0, 0.0, 0.0, 0.0, 0.7143, 0.0, 0.0, 0.1333, 0.0, 0.0, 0.0, 0.0, 0.8, 0.0, 0.0, 0.0, 0.0, 0.0, 0.0, 0.0, 0.875, 0.0, 0.0, 0.0, 0.0, 0.0, 0.0, 0.0, 0.75, 0.0, 0.125, 0.0, 0.7143, 0.0, 0.0, 0.0, 0.9, 0.0, 0.0, 0.0, 0.2222, 1.0, 0.1, 0.0, 0.8889, 0.0, 0.0, 0.0, 0.0, 0.8571, 0.0, 0.0, 0.7692, 0.0, 0.0, 0.0, 0.0, 1.0, 0.0, 0.0, 0.875, 0.0, 0.0, 0.0, 1.0, 0.75, 0.0, 0.0, 1.0, 0.0, 0.0, 0.0, 0.125, 1.0, 0.0, 0.0, 0.7143, 0.0, 0.0, 0.0, 0.0, 1.0, 0.0, 0.1111, 0.8571, 0.0, 0.0, 0.0, 0.0, 0.0, 0.0, 0.0, 0.8, 0.0, 0.0, 0.0, 0.0, 0.0, 0.0, 0.0, 1.0, 0.0, 0.0, 0.0, 0.0, 0.0, 0.0, 0.0, 1.0, 0.0, 0.0, 0.0, 0.0, 0.0, 0.5714, 0.0, 0.75, 0.0, 0.0, 0.0, 0.0, 0.0, 1.0, 0.0]","[2, 47, 69, 70, 74, 76, 89, 101, 116, 167, 190, 248]"
cluster,0.8,6,cluster,0.3435,0.3435,0.3435,1.0,0.3435,0.0,32,True,687,0,278,1035,0,"[0.05, 0.071, 0.095, 0.1175, 0.1495, 0.173, 0.1955, 0.215, 0.237, 0.2575, 0.271, 0.281, 0.29, 0.2955, 0.299, 0.3025, 0.3055, 0.308, 0.3105, 0.3135, 0.3165, 0.32, 0.323, 0.326, 0.331, 0.334, 0.337, 0.3395, 0.3415, 0.3425, 0.343, 0.3435, 0.3435, 0.3435, 0.3435, 0.3435, 0.3435, 0.3435, 0.3435, 0.3435, 0.3435, 0.3435, 0.3435, 0.3435, 0.3435, 0.3435, 0.3435, 0.3435, 0.3435, 0.3435, 0.3435, 0.3435, 0.3435, 0.3435, 0.3435, 0.3435, 0.3435, 0.3435, 0.3435, 0.3435, 0.3435, 0.3435, 0.3435, 0.3435, 0.3435, 0.3435, 0.3435, 0.3435, 0.3435, 0.3435, 0.3435, 0.3435, 0.3435, 0.3435, 0.3435, 0.3435, 0.3435, 0.3435, 0.3435, 0.3435, 0.3435, 0.3435, 0.3435, 0.3435, 0.3435, 0.3435, 0.3435, 0.3435, 0.3435, 0.3435, 0.3435, 0.3435, 0.3435, 0.3435, 0.3435, 0.3435, 0.3435, 0.3435, 0.3435, 0.3435, 0.3435]","{""0"": 0.1673, ""1"": 0.156, ""2"": 0.5992, ""3"": 0.144, ""4"": 0.5527, ""5"": 0.2016, ""6"": 0.621, ""7"": 0.3043}","[0.4444, 0.0, 0.0, 0.1111, 0.0, 0.25, 0.0, 0.875, 0.2222, 0.0, 0.0, 0.0, 0.3333, 0.0, 0.0, 1.0, 0.8889, 0.0, 0.0, 0.0, 0.0, 0.75, 0.0, 0.9, 1.0, 0.0, 0.0, 0.0, 0.0, 1.0, 0.0, 1.0, 0.8571, 0.0, 0.0, 0.0, 0.0, 0.8462, 0.0, 0.8571, 1.0, 0.0, 0.0, 0.125, 0.0, 0.9091, 0.0, 0.6667, 0.875, 0.0, 0.1111, 0.0, 0.0, 1.0, 0.0, 1.0, 0.8, 0.0, 0.1667, 0.0, 0.0, 1.0, 0.5, 0.8333, 0.1667, 0.0, 0.0, 0.0, 0.0, 0.8333, 0.7143, 0.7, 0.1, 0.0, 0.0, 0.7143, 0.0, 0.7778, 1.0, 0.5, 0.0, 0.0, 0.0, 1.0, 0.0, 0.6667, 0.7778, 1.0, 0.0, 0.0, 0.0, 1.0, 0.0, 0.875, 0.8889, 1.0, 0.0, 0.7778, 0.0, 0.8333, 0.0, 1.0, 1.0, 0.875, 0.0, 1.0, 0.0, 0.7, 0.0, 0.75, 1.0, 0.7, 0.2222, 1.0, 0.0, 0.8333, 0.0, 0.1667, 0.4, 1.0, 1.0, 1.0, 0.1, 0.9, 0.0, 0.0, 0.0, 0.9091, 0.75, 1.0, 0.0, 1.0, 0.0, 0.0, 0.0, 0.0, 0.8333, 1.0, 0.0, 1.0, 0.0, 0.0, 0.0, 0.0, 0.8, 0.0, 0.3333, 0.9333, 0.9, 0.1111, 0.0, 0.1, 0.0, 0.0, 0.7273, 1.0, 1.0, 0.4286, 0.0, 0.0, 0.0, 0.0, 1.0, 1.0, 0.8333, 0.0, 0.0, 0.0, 0.0, 0.0, 0.8182, 1.0, 1.0, 0.75, 1.0, 0.0, 0.0, 0.0, 0.875, 0.875, 0.1111, 0.8333, 0.0, 0.0, 0.0, 0.0, 0.2857, 1.0, 0.25, 1.0, 0.0, 1.0, 0.0, 0.0, 0.0, 0.8, 0.0, 1.0, 0.0, 1.0, 0.0, 0.0, 0.0, 0.7778, 0.0, 0.8889, 0.0, 0.8333, 0.0, 0.0, 0.0, 1.0, 0.1818, 0.8, 0.0, 0.7143, 0.0, 0.0, 0.0, 0.8333, 0.0, 0.8571, 0.0, 0.8333, 0.0, 0.0, 0.0, 1.0, 0.0, 0.0, 0.2, 1.0, 0.0, 0.0, 0.0, 0.8182, 0.0, 0.0, 0.125, 0.8462, 0.0, 0.0, 0.0, 0.8571, 0.0, 0.0, 0.0, 0.6, 0.4444, 0.0]","[15, 29, 40, 53, 91, 119, 120, 121, 155, 162, 174, 187, 191, 197]"
cluster,0.8,7,cluster,0.263,0.263,0.263,1.0,0.263,0.0,28,True,526,0,285,1189,0,"[0.05, 0.0725, 0.096, 0.1145, 0.131, 0.1475, 0.163, 0.174, 0.1825, 0.1885, 0.1945, 0.202, 0.2125, 0.2175, 0.2225, 0.226, 0.2305, 0.233, 0.236, 0.2395, 0.2445, 0.252, 0.256, 0.26, 0.261, 0.2615, 0.262, 0.263, 0.263, 0.263, 0.263, 0.263, 0.263, 0.263, 0.263, 0.263, 0.263, 0.263, 0.263, 0.263, 0.263, 0.263, 0.263, 0.263, 0.263, 0.263, 0.263, 0.263, 0.263, 0.263, 0.263, 0.263, 0.263, 0.263, 0.263, 0.263, 0.263, 0.263, 0.263, 0.263, 0.263, 0.263, 0.263, 0.263, 0.263, 0.263, 0.263, 0.263, 0.263, 0.263, 0.263, 0.263, 0.263, 0.263, 0.263, 0.263, 0.263, 0.263, 0.263, 0.263, 0.263, 0.263, 0.263, 0.263, 0.263, 0.263, 0.263, 0.263, 0.263, 0.263, 0.263, 0.263, 0.263, 0.263, 0.263, 0.263, 0.263, 0.263, 0.263, 0.263, 0.263]","{""0"": 0.2842, ""1"": 0.6739, ""2"": 0.2845, ""3"": 0.2746, ""4"": 0.3133, ""5"": 0.2852, ""6"": 0.0087, ""7"": 0.0075}","[0.2222, 0.0, 1.0, 0.0, 1.0, 0.0, 0.0, 0.0, 0.3333, 0.0, 0.875, 0.0, 0.8333, 0.0, 0.0, 0.0, 0.0, 0.0, 0.7143, 0.0, 0.1, 0.0, 0.0, 0.0, 0.0, 0.0, 1.0, 0.0, 0.0, 0.0, 0.0, 0.1667, 0.0, 0.0, 0.7143, 0.0, 0.0, 0.0, 0.0, 0.0, 0.0, 0.0, 0.75, 0.0, 0.0, 0.0, 0.0, 0.0, 0.0, 0.0, 0.8333, 0.0, 0.0, 0.8333, 0.0, 0.0, 0.0, 0.75, 0.6667, 0.0, 0.125, 1.0, 0.0, 0.0, 0.0, 0.9, 1.0, 0.1111, 0.0, 0.6, 0.0, 0.0, 0.0, 0.8462, 1.0, 0.0, 0.0, 0.7273, 0.0, 0.0, 0.0, 0.7692, 0.6, 0.0, 0.0, 0.7778, 0.0, 0.0, 0.0, 0.875, 1.0, 0.0, 0.0, 0.875, 0.0, 0.0, 0.0, 1.0, 1.0, 0.0833, 0.0, 0.8571, 0.0, 0.0, 0.0, 1.0, 0.5714, 0.1111, 0.0, 1.0, 0.0, 0.0, 0.0, 0.875, 0.875, 0.0, 0.0, 1.0, 0.0, 0.0, 0.0, 1.0, 1.0, 1.0, 0.0, 1.0, 0.0, 0.0, 0.0, 0.0, 0.7143, 0.7, 0.0, 0.0, 0.0, 0.0, 0.0, 0.0, 0.0, 1.0, 0.0, 0.0, 0.0, 0.0, 0.0, 0.0, 0.0, 1.0, 0.0, 0.0, 0.0, 0.0, 0.0, 0.0, 0.0, 1.0, 0.0, 0.0, 0.8, 0.0, 0.0, 0.2, 0.0, 1.0, 0.0, 0.0, 1.0, 0.0, 0.0, 0.25, 0.1111, 0.8571, 0.0, 0.0, 0.8571, 0.0, 0.0, 0.0, 0.25, 1.0, 0.0, 0.0, 1.0, 0.0, 0.0, 0.0, 0.4444, 1.0, 0.0, 0.0, 1.0, 0.0, 0.0, 0.0, 0.875, 0.8571, 0.6667, 0.0, 1.0, 0.1, 0.0, 0.0, 1.0, 0.0, 1.0, 1.0, 1.0, 0.0, 0.0, 0.0, 0.8571, 0.0, 1.0, 1.0, 0.9167, 0.0, 0.0, 0.0, 0.8889, 0.0, 0.8889, 0.8571, 0.6364, 0.0, 0.0, 0.0, 0.7778, 0.0909, 1.0, 0.0, 0.0, 0.0, 0.0, 0.0, 0.9091, 0.0, 0.8889, 0.0, 0.0, 0.0, 0.0, 0.0, 1.0, 0.0, 0.8889, 0.1429, 0.0, 0.0, 0.0, 0.125]","[2, 4, 61, 65, 90, 105, 121, 139, 147, 190, 198, 204, 228]"
cluster,0.8,8,cluster,0.242,0.242,0.242,1.0,0.242,0.0,20,True,484,0,261,1255,0,"[0.05, 0.064, 0.078, 0.0955, 0.1065, 0.1185, 0.1325, 0.1475, 0.162, 0.178, 0.191, 0.204, 0.215, 0.2225, 0.228, 0.2345, 0.238, 0.2405, 0.2415, 0.242, 0.242, 0.242, 0.242, 0.242, 0.242, 0.242, 0.242, 0.242, 0.242, 0.242, 0.242, 0.242, 0.242, 0.242, 0.242, 0.242, 0.242, 0.242, 0.242, 0.242, 0.242, 0.242, 0.242, 0.242, 0.242, 0.242, 0.242, 0.242, 0.242, 0.242, 0.242, 0.242, 0.242, 0.242, 0.242, 0.242, 0.242, 0.242, 0.242, 0.242, 0.242, 0.242, 0.242, 0.242, 0.242, 0.242, 0.242, 0.242, 0.242, 0.242, 0.242, 0.242, 0.242, 0.242, 0.242, 0.242, 0.242, 0.242, 0.242, 0.242, 0.242, 0.242, 0.242, 0.242, 0.242, 0.242, 0.242, 0.242, 0.242, 0.242, 0.242, 0.242, 0.242, 0.242, 0.242, 0.242, 0.242, 0.242, 0.242, 0.242, 0.242]","{""0"": 0.0, ""1"": 0.2576, ""2"": 0.0302, ""3"": 0.687, ""4"": 0.2967, ""5"": 0.5976, ""6"": 0.0, ""7"": 0.0593}","[0.3333, 0.0, 0.0, 0.0, 1.0, 0.625, 0.75, 0.0, 1.0, 0.0, 0.1429, 0.0, 0.7143, 1.0, 1.0, 0.0, 1.0, 0.0, 0.0, 0.0, 0.8, 0.8571, 1.0, 0.0, 0.75, 0.0, 0.8, 0.0, 0.75, 0.8333, 0.0, 0.0, 0.0, 0.0, 0.8, 0.0, 1.0, 1.0, 0.0, 0.0, 0.0, 0.0, 0.9091, 0.0, 0.9, 0.9, 0.0, 0.0, 0.0, 0.0, 0.8889, 0.0, 0.8333, 0.7778, 0.0, 0.0, 0.0, 0.0, 0.7143, 0.0, 1.0, 0.8571, 0.0, 0.0, 0.0, 0.0, 1.0, 0.0, 0.7143, 0.0, 0.0, 0.0, 0.0, 0.0, 0.0, 0.0, 0.6, 0.0, 0.0, 0.0, 0.0, 0.0, 0.0, 0.0, 0.8571, 0.0, 0.0, 0.0, 0.0, 0.0, 0.0, 0.0, 1.0, 0.0, 0.0, 0.0, 0.0, 0.0, 0.0, 0.0, 1.0, 0.0, 0.1, 0.0, 0.0, 0.0, 0.5, 0.0, 0.8, 0.0, 0.8, 0.0, 0.0, 0.0, 0.1429, 0.0, 1.0, 0.0, 0.7143, 0.0, 0.0, 0.0, 0.1111, 0.0, 0.8, 0.0, 0.875, 0.0, 0.0, 0.0, 0.0, 0.0, 0.8571, 0.0, 0.8, 0.0, 0.0, 0.0, 0.0909, 0.0, 0.0, 0.0, 1.0, 0.0, 0.0, 0.0, 0.0, 0.0, 0.0, 0.0, 1.0, 0.0, 0.0, 0.0, 0.0, 0.0, 0.0, 0.0, 0.75, 0.0, 0.1111, 0.0, 0.0, 0.0, 0.0, 0.0909, 0.8571, 0.0, 0.0, 0.0, 0.0, 0.0, 0.0, 1.0, 0.8333, 0.0, 0.0, 0.0, 0.0, 0.0, 0.0, 0.0, 0.875, 0.0, 0.0, 0.0, 0.0, 0.0, 0.8333, 0.0, 0.875, 0.0, 0.0, 0.0, 0.0, 1.0, 1.0, 0.0, 0.9, 0.0, 0.0, 0.0, 0.0, 0.5, 1.0, 0.0, 1.0, 0.0, 0.0, 0.0, 0.25, 0.0, 0.9, 0.0, 1.0, 0.0, 0.0, 0.0, 0.8571, 0.0, 1.0, 0.0, 1.0, 0.0, 0.0, 0.0, 1.0, 0.0, 1.0, 0.0, 0.9167, 0.0, 0.0, 0.0, 0.0, 0.0, 0.9, 0.5, 1.0, 0.0, 0.0, 0.0, 0.0, 0.0, 1.0, 0.1429, 1.0, 0.0, 0.0, 0.0]","[8, 16, 22, 36, 37, 50, 92, 100, 150, 173, 195, 196, 214]"
cluster,0.8,9,cluster,0.277,0.277,0.277,1.0,0.277,0.0,35,True,554,0,279,1167,0,"[0.05, 0.071, 0.0925, 0.1185, 0.1405, 0.1585, 0.1765, 0.1885, 0.197, 0.2045, 0.21, 0.2145, 0.217, 0.2195, 0.223, 0.227, 0.233, 0.2385, 0.243, 0.247, 0.249, 0.2505, 0.2515, 0.253, 0.255, 0.256, 0.2565, 0.2575, 0.26, 0.2635, 0.2675, 0.27, 0.273, 0.2745, 0.277, 0.277, 0.277, 0.277, 0.277, 0.277, 0.277, 0.277, 0.277, 0.277, 0.277, 0.277, 0.277, 0.277, 0.277, 0.277, 0.277, 0.277, 0.277, 0.277, 0.277, 0.277, 0.277, 0.277, 0.277, 0.277, 0.277, 0.277, 0.277, 0.277, 0.277, 0.277, 0.277, 0.277, 0.277, 0.277, 0.277, 0.277, 0.277, 0.277, 0.277, 0.277, 0.277, 0.277, 0.277, 0.277, 0.277, 0.277, 0.277, 0.277, 0.277, 0.277, 0.277, 0.277, 0.277, 0.277, 0.277, 0.277, 0.277, 0.277, 0.277, 0.277, 0.277, 0.277, 0.277, 0.277, 0.277]","{""0"": 0.9125, ""1"": 0.0, ""2"": 0.5633, ""3"": 0.2869, ""4"": 0.0041, ""5"": 0.3504, ""6"": 0.0394, ""7"": 0.0451}","[0.3333, 1.0, 0.0, 0.75, 1.0, 0.0, 0.9, 1.0, 0.1667, 1.0, 0.0, 0.8571, 1.0, 0.0, 1.0, 0.0, 0.0, 0.8333, 0.0, 0.0, 0.7143, 0.0, 0.875, 0.0909, 0.0, 0.9, 0.0, 0.0, 0.8, 0.0, 1.0, 0.0, 0.0, 1.0, 0.0, 0.1667, 1.0, 0.0, 1.0, 0.0, 0.0, 0.6, 0.0, 0.0909, 1.0, 0.0, 1.0, 0.0, 1.0, 0.875, 0.0, 0.0, 1.0, 0.0, 0.8571, 0.0, 0.0, 1.0, 0.0, 0.0, 1.0, 0.0, 0.0, 0.0, 0.0, 0.8333, 0.0, 0.0, 1.0, 0.0, 0.0, 0.0, 0.0, 1.0, 0.0, 0.0, 1.0, 0.0, 0.0, 0.0, 0.1111, 0.8182, 0.0, 0.0, 0.4, 0.0, 0.0, 0.0, 0.0, 1.0, 0.0, 0.1667, 0.1, 0.0, 0.0, 0.0, 0.0, 0.8571, 0.0, 0.1667, 0.0, 0.0, 0.0, 0.0, 0.0, 0.8182, 0.0, 0.6667, 0.1333, 0.2, 0.0, 0.0, 0.0, 1.0, 0.0, 0.6667, 0.0, 0.0, 0.0, 0.0, 0.0, 1.0, 0.0, 0.8889, 0.0, 0.0, 0.0, 0.0, 0.0, 1.0, 0.0, 0.8333, 0.0, 0.0, 0.1429, 0.0, 0.0, 0.8571, 0.0, 0.5, 0.0, 0.0, 0.25, 0.0, 0.0, 0.8889, 0.0, 1.0, 0.0, 0.0, 0.9, 0.0, 0.0, 1.0, 0.0, 1.0, 0.0, 0.0, 1.0, 0.0, 0.0, 0.6667, 0.0, 1.0, 0.0, 0.0, 0.6667, 0.0, 0.0, 1.0, 0.0, 1.0, 0.0, 0.0, 0.0, 0.0, 0.0, 1.0, 0.0, 0.875, 0.0, 0.0, 0.0, 0.0, 0.0, 1.0, 0.0, 0.8889, 0.0, 0.0, 0.0, 0.0, 0.0, 1.0, 0.0, 0.75, 0.0, 0.0, 0.0, 0.0, 0.0, 1.0, 0.0, 0.9, 0.0, 0.0, 0.1429, 0.0, 0.0, 1.0, 0.0, 1.0, 0.0, 0.0, 0.1429, 0.0, 0.0, 1.0, 0.0, 0.6667, 0.0, 0.0, 0.0, 0.0, 0.1667, 0.5, 0.0, 1.0, 0.0, 0.0, 0.0, 0.0, 0.0, 0.8333, 0.0, 1.0, 0.0, 0.0, 0.0, 0.25, 0.0, 1.0, 0.0, 0.7778, 0.125, 0.0, 0.3333, 0.1111, 0.0, 0.9]","[4, 7, 36, 46, 48, 52, 73, 158, 171, 193, 203, 211, 235]"
cluster,0.8,10,cluster,0.412,0.412,0.412,1.0,0.412,-0.0,39,True,824,0,261,915,0,"[0.05, 0.0715, 0.0915, 0.1125, 0.136, 0.1565, 0.1755, 0.1895, 0.202, 0.2135, 0.227, 0.242, 0.2575, 0.273, 0.2865, 0.292, 0.2995, 0.3105, 0.321, 0.3335, 0.3415, 0.3495, 0.359, 0.364, 0.3685, 0.374, 0.379, 0.385, 0.389, 0.391, 0.393, 0.396, 0.398, 0.3995, 0.4035, 0.4065, 0.409, 0.4115, 0.412, 0.412, 0.412, 0.412, 0.412, 0.412, 0.412, 0.412, 0.412, 0.412, 0.412, 0.412, 0.412, 0.412, 0.412, 0.412, 0.412, 0.412, 0.412, 0.412, 0.412, 0.412, 0.412, 0.412, 0.412, 0.412, 0.412, 0.412, 0.412, 0.412, 0.412, 0.412, 0.412, 0.412, 0.412, 0.412, 0.412, 0.412, 0.412, 0.412, 0.412, 0.412, 0.412, 0.412, 0.412, 0.412, 0.412, 0.412, 0.412, 0.412, 0.412, 0.412, 0.412, 0.412, 0.412, 0.412, 0.412, 0.412, 0.412, 0.412, 0.412, 0.412, 0.412]","{""0"": 0.8158, ""1"": 0.0082, ""2"": 0.0041, ""3"": 0.0344, ""4"": 0.3725, ""5"": 0.4297, ""6"": 0.8921, ""7"": 0.7532}","[0.6667, 0.8333, 0.0, 0.0, 0.0, 0.0, 0.9, 1.0, 0.8, 0.7273, 0.0, 0.0, 0.0, 0.0, 0.6667, 0.8889, 0.8571, 1.0, 0.0, 0.0, 0.0, 0.0, 0.8333, 0.8182, 0.8889, 0.8182, 0.0, 0.0, 0.0, 0.0, 0.0, 1.0, 0.875, 0.0, 0.0, 0.0, 0.0, 0.0, 0.1429, 1.0, 0.8333, 0.1429, 0.0, 0.0, 0.0, 1.0, 0.0, 0.7143, 1.0, 0.5, 0.1667, 0.0, 0.0, 1.0, 0.0, 0.75, 0.8571, 0.9, 0.125, 0.0, 0.0, 1.0, 0.125, 1.0, 1.0, 0.8571, 0.0, 0.0, 0.0, 0.8571, 0.0, 1.0, 1.0, 0.75, 0.0, 0.0, 0.0, 0.75, 0.0, 1.0, 1.0, 0.75, 0.0, 0.0, 0.2857, 0.8, 0.0, 1.0, 0.8333, 1.0, 0.0, 0.0, 1.0, 1.0, 0.0, 0.8, 0.5, 1.0, 0.0, 0.0, 0.0, 1.0, 0.0, 1.0, 0.8571, 1.0, 0.0, 0.0, 0.0, 0.75, 0.0, 0.875, 1.0, 1.0, 0.0, 0.0, 0.0, 0.8889, 0.0, 0.7, 0.75, 1.0, 0.0, 0.0, 0.0, 0.875, 0.0, 1.0, 0.0, 1.0, 0.0, 0.1111, 0.0, 1.0, 0.0, 0.8571, 0.0, 0.75, 0.0, 0.0, 0.0, 0.8571, 0.0, 0.6667, 0.0, 1.0, 0.0, 0.0, 0.0, 0.1429, 0.0, 0.7143, 0.4286, 0.75, 0.0, 0.0, 0.0, 0.125, 0.0, 0.8889, 0.6667, 0.875, 0.0, 0.0, 0.0, 0.0, 0.8571, 0.8462, 0.75, 0.8182, 0.0, 0.0, 0.0, 0.0, 1.0, 0.8889, 1.0, 0.75, 0.0, 0.0, 0.0, 0.0, 0.875, 1.0, 0.8571, 0.75, 0.0, 0.0, 0.0, 0.0, 1.0, 0.8571, 0.8333, 0.8889, 0.0, 0.0, 0.0, 0.0, 0.9167, 1.0, 0.75, 0.7778, 0.0, 0.0, 0.0, 0.0, 1.0, 0.8571, 1.0, 0.875, 0.0, 0.0, 0.0, 0.0, 1.0, 1.0, 0.875, 0.8462, 0.0, 0.0, 0.0, 0.0, 0.875, 1.0, 0.8889, 1.0, 0.0, 0.0, 0.0, 0.0, 0.875, 1.0, 0.8, 1.0, 0.0, 0.0, 0.0, 0.0, 0.7778, 0.9231, 1.0, 0.8889, 0.0, 0.0, 0.0, 0.0, 1.0, 1.0, 1.0, 1.0]","[17, 48, 53, 61, 64, 89, 92, 101, 127, 208, 214, 215, 233]"
cluster,0.8,11,cluster,0.171,0.171,0.171,1.0,0.171,0.0,20,True,342,0,293,1365,0,"[0.05, 0.067, 0.089, 0.1025, 0.121, 0.1335, 0.1385, 0.144, 0.1485, 0.153, 0.1555, 0.158, 0.1605, 0.1615, 0.162, 0.164, 0.1655, 0.167, 0.169, 0.171, 0.171, 0.171, 0.171, 0.171, 0.171, 0.171, 0.171, 0.171, 0.171, 0.171, 0.171, 0.171, 0.171, 0.171, 0.171, 0.171, 0.171, 0.171, 0.171, 0.171, 0.171, 0.171, 0.171, 0.171, 0.171, 0.171, 0.171, 0.171, 0.171, 0.171, 0.171, 0.171, 0.171, 0.171, 0.171, 0.171, 0.171, 0.171, 0.171, 0.171, 0.171, 0.171, 0.171, 0.171, 0.171, 0.171, 0.171, 0.171, 0.171, 0.171, 0.171, 0.171, 0.171, 0.171, 0.171, 0.171, 0.171, 0.171, 0.171, 0.171, 0.171, 0.171, 0.171, 0.171, 0.171, 0.171, 0.171, 0.171, 0.171, 0.171, 0.171, 0.171, 0.171, 0.171, 0.171, 0.171, 0.171, 0.171, 0.171, 0.171, 0.171]","{""0"": 0.4776, ""1"": 0.3722, ""2"": 0.0221, ""3"": 0.0591, ""4"": 0.1622, ""5"": 0.0, ""6"": 0.2805, ""7"": 0.0}","[0.1111, 0.0, 0.0, 0.0, 1.0, 0.0, 0.0, 0.9091, 0.0, 0.8, 0.0, 0.0, 0.0, 0.0, 0.0, 0.8571, 0.0, 1.0, 0.0, 0.0, 0.0, 0.0, 0.0, 1.0, 0.0, 1.0, 0.0, 0.0, 0.1429, 0.0, 0.0, 1.0, 0.0, 0.7143, 0.0, 0.0, 0.0, 0.0, 0.0, 1.0, 0.0, 0.75, 0.0, 0.0, 0.0, 0.0, 0.0, 0.7143, 0.0, 0.6667, 0.0, 0.0, 0.0, 0.0, 0.0, 0.25, 0.0, 0.6667, 0.0, 0.0, 0.0, 0.0, 0.0, 0.0769, 0.0, 1.0, 0.0, 0.0, 0.0, 0.0, 0.0, 0.0, 0.0, 0.875, 0.0, 0.0, 0.0, 0.0, 0.0, 0.0, 0.0, 0.8333, 0.9, 0.0, 0.0, 0.0, 0.0, 0.0, 0.0, 1.0, 1.0, 0.0, 0.0, 0.0, 0.0, 0.0, 0.0, 0.8333, 0.8571, 0.0, 0.0, 0.0, 0.0, 0.1, 0.0, 1.0, 1.0, 0.0, 0.0, 0.0, 0.0, 0.25, 0.0, 0.875, 0.8571, 0.0, 0.0, 0.0, 0.0, 0.0, 0.0, 0.8333, 1.0, 0.0, 0.0, 0.0, 0.0, 0.1667, 0.0, 0.8889, 0.8571, 0.0833, 0.0, 0.0, 0.0, 1.0, 0.0, 0.7143, 0.6, 0.0, 0.0, 0.0, 0.0, 1.0, 0.0, 0.7143, 1.0, 1.0, 0.0, 0.0, 0.0, 0.0, 0.0, 0.2, 1.0, 0.0, 0.0, 0.0, 0.0, 0.0, 0.0, 0.3333, 0.8, 0.0, 0.0, 0.0, 0.0, 0.0, 0.0, 0.0, 0.1429, 0.0, 0.0, 0.0, 0.0, 0.0, 0.0, 0.0, 0.1, 0.0, 0.0, 0.0, 0.0, 0.0, 0.0, 0.0, 0.0, 0.0, 0.0, 1.0, 0.0, 0.0, 0.0, 0.0, 0.0, 0.0, 0.0, 1.0, 0.0, 0.0, 0.0, 0.0, 0.0, 0.0, 0.0, 0.8571, 0.0, 0.0, 0.0, 0.0, 1.0, 0.0, 0.0, 1.0, 0.0, 0.0, 0.0, 0.0, 1.0, 0.0, 0.0, 0.6667, 0.0, 0.0, 0.0, 0.0, 0.0, 0.0, 0.0, 0.1429, 0.0, 0.0, 0.0, 0.0, 0.0, 0.0, 0.0, 0.0, 0.0, 0.0, 0.0, 0.0, 0.0, 0.0, 1.0, 0.0, 0.0, 0.3333, 0.0, 0.0]","[4, 17, 39, 89, 90, 122, 135, 146, 147, 197, 210]"
cluster,0.9,0,cluster,0.3405,0.3405,0.3405,1.0,0.3405,0.0,47,True,681,0,290,1029,0,"[0.05, 0.0685, 0.086, 0.103, 0.117, 0.127, 0.1395, 0.15, 0.164, 0.1775, 0.1875, 0.196, 0.2055, 0.2135, 0.2235, 0.2335, 0.2415, 0.251, 0.263, 0.2715, 0.281, 0.2915, 0.3005, 0.3035, 0.309, 0.3105, 0.3125, 0.3145, 0.315, 0.316, 0.318, 0.3195, 0.3215, 0.322, 0.323, 0.3255, 0.328, 0.3285, 0.33, 0.331, 0.332, 0.3325, 0.3335, 0.3355, 0.337, 0.3375, 0.3405, 0.3405, 0.3405, 0.3405, 0.3405, 0.3405, 0.3405, 0.3405, 0.3405, 0.3405, 0.3405, 0.3405, 0.3405, 0.3405, 0.3405, 0.3405, 0.3405, 0.3405, 0.3405, 0.3405, 0.3405, 0.3405, 0.3405, 0.3405, 0.3405, 0.3405, 0.3405, 0.3405, 0.3405, 0.3405, 0.3405, 0.3405, 0.3405, 0.3405, 0.3405, 0.3405, 0.3405, 0.3405, 0.3405, 0.3405, 0.3405, 0.3405, 0.3405, 0.3405, 0.3405, 0.3405, 0.3405, 0.3405, 0.3405, 0.3405, 0.3405, 0.3405, 0.3405, 0.3405, 0.3405]","{""0"": 0.3805, ""1"": 0.5099, ""2"": 0.459, ""3"": 0.6468, ""4"": 0.0039, ""5"": 0.1234, ""6"": 0.4882, ""7"": 0.0984}","[0.5556, 1.0, 0.0, 0.0, 0.8, 0.0, 0.0, 1.0, 0.0, 1.0, 0.0, 0.2, 0.8571, 0.0, 0.0, 0.8, 0.0, 1.0, 0.0, 0.0, 0.75, 0.0, 0.0, 0.8, 0.0, 0.75, 0.0, 0.0, 0.8, 0.0, 0.0, 1.0, 0.0, 0.1111, 0.0, 0.0, 0.8571, 0.0, 1.0, 1.0, 0.0, 0.0, 0.0, 0.0, 0.875, 0.0, 0.8333, 1.0, 0.0, 0.0, 0.0, 0.8889, 0.8571, 0.0, 0.8, 0.8571, 0.0, 0.0, 0.0, 0.75, 0.0, 0.0, 1.0, 1.0, 0.0, 0.0, 0.8571, 1.0, 0.0, 0.0, 0.0, 0.8889, 0.0, 0.0, 1.0, 0.75, 0.0, 0.0, 0.0, 0.8889, 0.0, 0.0, 0.8889, 1.0, 0.0, 0.0, 0.0833, 0.8333, 0.0, 0.0, 1.0, 1.0, 0.0, 0.0, 0.0, 0.8, 0.0, 0.0, 0.8182, 0.25, 0.0, 0.0, 0.0, 0.6923, 0.0, 0.0, 1.0, 0.0, 0.0, 0.0, 0.0, 1.0, 0.0, 0.0, 0.9167, 0.0, 0.1818, 0.0, 0.0, 1.0, 0.0, 0.0, 0.6667, 0.0, 1.0, 0.0, 0.0, 1.0, 0.1667, 0.0, 1.0, 0.0, 1.0, 0.0, 0.0, 0.0, 0.7778, 0.0, 0.75, 0.0, 1.0, 0.0, 0.0, 0.0, 1.0, 0.0, 0.75, 0.7273, 1.0, 0.0, 0.0, 0.0, 1.0, 0.0, 0.6667, 0.7143, 0.8, 0.0, 0.0, 0.0, 0.6667, 0.0, 0.7692, 0.8, 0.6667, 0.0, 0.0, 0.0, 0.0, 0.0, 1.0, 0.8889, 1.0, 0.0, 0.0, 0.0, 0.0, 0.5714, 0.625, 0.9167, 0.8, 0.0, 0.0, 0.0, 0.0, 1.0, 0.8571, 1.0, 0.875, 0.0, 0.0, 0.0, 0.0, 0.8333, 1.0, 0.75, 0.6667, 0.0, 0.0, 0.0, 0.0, 0.8182, 1.0, 0.875, 1.0, 0.0, 0.0, 0.0, 0.0, 1.0, 0.6667, 0.875, 0.7778, 0.1111, 0.0, 0.0, 0.0, 1.0, 0.0, 0.5, 1.0, 0.0, 0.0, 0.0, 0.0, 0.7143, 0.0, 0.0833, 0.8333, 0.0, 0.0, 0.0, 0.0, 0.75, 0.0, 0.0, 0.8182, 0.0, 0.0, 0.0, 0.0, 0.8889, 0.0, 0.0, 1.0, 0.0, 0.0, 1.0, 0.0, 0.9167]","[38, 39, 62, 63, 71, 83, 124, 144, 172, 185, 187, 194, 209]"
cluster,0.9,1,cluster,0.2025,0.2025,0.2025,1.0,0.2025,-0.0,25,True,405,0,288,1307,0,"[0.05, 0.062, 0.0745, 0.0895, 0.1035, 0.117, 0.13, 0.1395, 0.147, 0.152, 0.156, 0.161, 0.1675, 0.173, 0.177, 0.1795, 0.1825, 0.1865, 0.189, 0.19, 0.192, 0.196, 0.1995, 0.202, 0.2025, 0.2025, 0.2025, 0.2025, 0.2025, 0.2025, 0.2025, 0.2025, 0.2025, 0.2025, 0.2025, 0.2025, 0.2025, 0.2025, 0.2025, 0.2025, 0.2025, 0.2025, 0.2025, 0.2025, 0.2025, 0.2025, 0.2025, 0.2025, 0.2025, 0.2025, 0.2025, 0.2025, 0.2025, 0.2025, 0.2025, 0.2025, 0.2025, 0.2025, 0.2025, 0.2025, 0.2025, 0.2025, 0.2025, 0.2025, 0.2025, 0.2025, 0.2025, 0.2025, 0.2025, 0.2025, 0.2025, 0.2025, 0.2025, 0.2025, 0.2025, 0.2025, 0.2025, 0.2025, 0.2025, 0.2025, 0.2025, 0.2025, 0.2025, 0.2025, 0.2025, 0.2025, 0.2025, 0.2025, 0.2025, 0.2025, 0.2025, 0.2025, 0.2025, 0.2025, 0.2025, 0.2025, 0.2025, 0.2025, 0.2025, 0.2025, 0.2025]","{""0"": 0.3198, ""1"": 0.1197, ""2"": 0.0, ""3"": 0.0, ""4"": 0.144, ""5"": 0.7451, ""6"": 0.1631, ""7"": 0.1273}","[0.1111, 0.0, 0.4, 0.0, 0.0, 0.0, 0.9, 0.125, 0.0, 0.0, 0.8333, 0.0, 0.0, 0.0, 0.8333, 0.9091, 0.0, 0.0, 0.6667, 0.0, 0.0, 0.0, 1.0, 1.0, 0.0, 0.0, 0.75, 0.0, 0.0, 0.0, 0.5, 0.8571, 0.1, 0.0, 1.0, 0.0, 0.0, 0.0, 0.5, 0.7778, 0.125, 0.0, 0.0, 0.0, 0.0, 0.0, 0.0769, 0.0, 0.0, 0.0, 1.0, 0.0, 0.0, 0.0, 0.0, 0.0, 0.0, 0.0, 0.0, 0.0, 0.0, 0.0, 0.0, 0.0, 0.0, 0.0, 0.0, 0.0, 0.0, 0.0, 0.0, 0.0, 0.0, 0.0, 0.0, 0.0, 0.0, 0.1111, 0.0, 0.0, 0.0, 0.0, 0.0, 0.0, 0.0, 0.0909, 1.0, 0.0, 0.0, 0.0, 0.0, 0.0, 0.0, 0.1, 1.0, 0.0, 0.0, 0.0, 0.0, 0.0, 0.0, 0.0, 1.0, 0.0, 0.1, 0.0, 0.0, 0.0, 0.0, 0.0, 0.9, 0.0, 0.0, 0.1, 0.0, 0.0, 0.0, 0.0, 1.0, 0.1, 0.0, 0.7143, 0.0, 0.0, 0.0, 0.0, 0.875, 1.0, 0.0, 0.9167, 0.0, 0.0, 0.0, 0.0, 0.9, 0.2, 0.0, 1.0, 0.0, 0.0, 0.0, 0.0, 0.8889, 0.1429, 0.0, 0.875, 0.0, 0.0, 0.0, 0.0, 0.7778, 0.0, 0.0, 0.8333, 0.0, 0.0, 0.0, 0.0, 1.0, 0.0, 0.0, 1.0, 0.0, 0.0, 0.0, 0.0, 1.0, 0.0, 0.0, 0.8, 0.0, 0.0, 0.0, 0.125, 0.75, 0.0, 0.0, 0.8571, 0.0, 0.0, 0.0, 0.6667, 0.8, 0.0, 0.0, 1.0, 0.0, 0.0, 0.0, 1.0, 0.9, 0.0, 0.0, 1.0, 0.0, 0.0, 0.0, 1.0, 1.0, 0.0, 0.0, 0.5, 0.0, 0.0, 0.0, 1.0, 1.0, 0.0, 0.0, 0.0833, 0.0, 0.0, 0.0, 0.125, 0.8571, 0.0, 0.5, 0.1111, 0.0, 0.0, 0.0, 0.0, 1.0, 0.0, 0.7778, 0.1667, 0.0, 0.0, 0.0, 0.0, 0.625, 0.0, 1.0, 0.0, 0.0, 0.0, 0.0, 0.0, 1.0, 0.0, 0.9, 0.0, 0.0, 0.0, 0.0, 0.0, 1.0, 0.0, 0.25, 0.0]","[15, 34, 50, 86, 94, 118, 127, 161, 166, 197, 198, 232]"
cluster,0.9,2,cluster,0.2985,0.2985,0.2985,1.0,0.2985,0.0,57,True,597,0,281,1122,0,"[0.05, 0.0665, 0.084, 0.104, 0.1235, 0.138, 0.1465, 0.154, 0.16, 0.1665, 0.1735, 0.1795, 0.1825, 0.185, 0.1895, 0.194, 0.201, 0.2065, 0.2075, 0.2085, 0.211, 0.213, 0.216, 0.2175, 0.2205, 0.2225, 0.2235, 0.2245, 0.227, 0.2295, 0.235, 0.2415, 0.246, 0.2495, 0.253, 0.256, 0.26, 0.2625, 0.2655, 0.2705, 0.275, 0.2805, 0.285, 0.286, 0.288, 0.29, 0.292, 0.2935, 0.294, 0.2945, 0.295, 0.2955, 0.2965, 0.297, 0.2975, 0.298, 0.2985, 0.2985, 0.2985, 0.2985, 0.2985, 0.2985, 0.2985, 0.2985, 0.2985, 0.2985, 0.2985, 0.2985, 0.2985, 0.2985, 0.2985, 0.2985, 0.2985, 0.2985, 0.2985, 0.2985, 0.2985, 0.2985, 0.2985, 0.2985, 0.2985, 0.2985, 0.2985, 0.2985, 0.2985, 0.2985, 0.2985, 0.2985, 0.2985, 0.2985, 0.2985, 0.2985, 0.2985, 0.2985, 0.2985, 0.2985, 0.2985, 0.2985, 0.2985, 0.2985, 0.2985]","{""0"": 0.4567, ""1"": 0.3105, ""2"": 0.0433, ""3"": 0.1174, ""4"": 0.8889, ""5"": 0.0, ""6"": 0.3819, ""7"": 0.1461}","[0.5556, 1.0, 0.0, 0.0, 0.0, 0.75, 0.0, 1.0, 0.0, 0.8889, 0.0, 0.0, 0.0, 0.8889, 0.0, 1.0, 0.0, 0.9286, 0.0, 0.0, 1.0, 0.9, 0.0, 1.0, 0.0, 1.0, 0.0, 0.0, 1.0, 0.875, 0.0, 1.0, 0.0, 1.0, 0.0909, 0.0, 0.2, 1.0, 0.0, 1.0, 0.875, 0.0, 0.0, 0.0, 0.0, 1.0, 0.0, 0.7273, 0.6667, 0.0, 0.0, 0.0, 0.0, 1.0, 0.0, 0.4, 1.0, 0.1429, 0.0, 0.125, 0.0, 0.8889, 0.0, 0.0, 1.0, 0.1111, 0.0769, 0.0, 0.0, 0.8889, 0.0, 0.0, 0.7778, 0.8333, 0.0909, 0.0, 0.0, 0.8889, 0.0, 0.0, 0.1429, 1.0, 0.2857, 0.0, 0.0, 1.0, 0.0, 0.1818, 0.0, 1.0, 0.1667, 0.0, 1.0, 1.0, 0.0, 0.0, 0.0, 0.8, 0.0, 0.0, 1.0, 1.0, 0.0, 0.1, 0.0, 1.0, 0.0, 0.0, 0.0, 1.0, 0.0, 0.0, 0.0, 0.7143, 0.0, 0.0, 0.0, 0.8333, 0.0, 0.0, 0.0, 0.9, 0.0, 0.0, 0.0, 0.8667, 0.0, 0.0, 0.0, 0.75, 1.0, 1.0, 0.0, 1.0, 0.0, 0.0, 0.0, 0.5, 1.0, 0.6667, 0.0, 0.8333, 0.0, 0.0, 0.1, 0.1538, 1.0, 0.1111, 0.0, 1.0, 0.0, 0.0, 0.0, 0.0, 0.7143, 0.0, 0.0, 0.7273, 0.0, 0.0, 0.0, 0.0, 0.1667, 0.0, 0.0, 0.9167, 0.0, 1.0, 0.0, 0.0, 0.0, 0.0, 0.0, 1.0, 0.0, 0.4, 0.0, 0.0, 0.0, 0.1429, 0.0, 0.8, 0.0, 0.0, 0.0, 0.0, 0.125, 0.0, 0.0, 0.7778, 0.0, 0.0, 0.0, 0.0, 0.2222, 0.0, 0.0, 0.8, 0.0, 0.0, 0.0, 0.0, 0.8889, 0.0, 0.0, 1.0, 0.0, 0.0, 0.0, 0.0, 0.8182, 0.0, 0.0, 0.8889, 0.0, 0.1111, 0.0, 0.0, 0.8333, 0.0, 0.1429, 1.0, 0.0, 0.8, 0.0, 0.125, 1.0, 0.0, 0.0, 0.4444, 0.0, 1.0, 0.0, 0.0, 0.25, 0.0, 0.0, 0.8571, 0.0, 1.0, 0.0, 0.8571, 0.0, 0.0, 0.0, 1.0, 0.0, 0.875, 0.0, 0.6667]","[1, 20, 33, 39, 64, 81, 89, 100, 131, 146, 167, 179, 226, 245]"
cluster,0.9,3,cluster,0.274,0.274,0.274,1.0,0.274,0.0,25,True,548,0,289,1163,0,"[0.05, 0.0675, 0.087, 0.1075, 0.1315, 0.153, 0.1715, 0.185, 0.2065, 0.224, 0.2365, 0.243, 0.2475, 0.2505, 0.254, 0.259, 0.263, 0.2655, 0.268, 0.2695, 0.2705, 0.271, 0.2715, 0.2725, 0.274, 0.274, 0.274, 0.274, 0.274, 0.274, 0.274, 0.274, 0.274, 0.274, 0.274, 0.274, 0.274, 0.274, 0.274, 0.274, 0.274, 0.274, 0.274, 0.274, 0.274, 0.274, 0.274, 0.274, 0.274, 0.274, 0.274, 0.274, 0.274, 0.274, 0.274, 0.274, 0.274, 0.274, 0.274, 0.274, 0.274, 0.274, 0.274, 0.274, 0.274, 0.274, 0.274, 0.274, 0.274, 0.274, 0.274, 0.274, 0.274, 0.274, 0.274, 0.274, 0.274, 0.274, 0.274, 0.274, 0.274, 0.274, 0.274, 0.274, 0.274, 0.274, 0.274, 0.274, 0.274, 0.274, 0.274, 0.274, 0.274, 0.274, 0.274, 0.274, 0.274, 0.274, 0.274, 0.274, 0.274]","{""0"": 0.425, ""1"": 0.1639, ""2"": 0.2521, ""3"": 0.2381, ""4"": 0.2154, ""5"": 0.2065, ""6"": 0.2317, ""7"": 0.4492}","[0.2222, 0.0, 0.0, 0.0, 0.0, 0.0, 0.125, 0.6667, 0.875, 0.0, 0.0, 0.0, 0.0, 0.1, 0.0, 0.8571, 0.75, 0.0, 0.0, 0.0, 0.0, 0.0, 0.0, 0.7, 0.8, 0.0, 0.0, 0.0, 0.0, 0.1111, 0.0, 0.8, 0.6667, 0.0, 0.2, 0.0, 0.0, 0.0, 0.0, 1.0, 0.8333, 0.875, 0.875, 0.0, 0.0, 0.0, 0.0, 1.0, 1.0, 1.0, 1.0, 0.0, 0.0, 0.0, 0.0, 1.0, 0.8333, 0.625, 0.9, 0.0, 0.0, 0.0, 0.0, 0.8333, 1.0, 0.75, 1.0, 0.25, 0.0, 0.0, 0.0, 1.0, 0.0, 0.5833, 0.6667, 0.4545, 0.0, 0.0, 0.0, 0.8333, 0.0, 0.8571, 0.5, 0.8889, 0.1429, 0.0, 0.0, 0.0, 0.0, 0.875, 0.0, 0.8182, 1.0, 0.0, 0.0, 0.0, 0.0, 0.8333, 0.0, 1.0, 0.0833, 0.0, 0.0, 0.0, 0.0, 0.8, 0.0, 0.8571, 0.0, 0.0, 0.0, 0.0, 0.0, 1.0, 0.0, 0.875, 0.0, 0.0, 0.0, 0.0, 0.875, 1.0, 0.0, 0.8571, 0.0, 0.0, 0.0, 0.0, 1.0, 0.5714, 0.0, 1.0, 0.0, 0.625, 0.0, 0.0, 1.0, 1.0, 0.0, 0.25, 0.0, 0.75, 0.0, 0.1111, 0.8889, 0.8462, 0.0, 0.0, 0.0, 0.8571, 0.0, 0.0, 0.8571, 0.8571, 0.0, 0.0, 0.0, 1.0, 1.0, 0.0, 0.875, 0.5556, 0.0, 0.0, 0.0, 0.8889, 1.0, 0.0, 0.8333, 1.0, 0.0, 0.0, 0.0, 0.875, 0.7143, 0.0, 0.1429, 0.0, 0.0, 0.0, 0.5, 1.0, 0.8571, 0.0, 0.0, 0.0, 0.0, 0.0, 0.7778, 1.0, 1.0, 0.0, 0.0, 0.0, 0.0, 0.0, 1.0, 0.0, 0.9167, 0.0, 0.0, 0.0, 0.0, 0.0, 1.0, 0.0, 0.8333, 0.0, 0.0, 0.0, 0.0, 0.0, 1.0, 0.0, 0.0, 0.0, 0.0, 0.1111, 0.0, 0.0, 0.875, 0.0, 0.0, 0.0, 0.0, 0.0, 0.0, 0.0, 0.8, 0.0, 0.0, 0.0, 0.0, 0.0, 0.0, 0.0, 0.0, 0.0, 0.0, 0.0, 1.0, 0.0, 0.0, 0.0, 0.0, 0.1429, 0.0, 0.0, 0.8571, 0.0]","[47, 49, 50, 64, 66, 92, 99, 136, 137, 157, 169, 190, 212]"
cluster,0.9,4,cluster,0.2505,0.2505,0.2505,1.0,0.2505,-0.0,31,True,501,0,305,1194,0,"[0.05, 0.0755, 0.0975, 0.111, 0.125, 0.1415, 0.1565, 0.166, 0.176, 0.189, 0.197, 0.2085, 0.2165, 0.2235, 0.226, 0.2285, 0.23, 0.232, 0.234, 0.2355, 0.2365, 0.238, 0.2395, 0.2405, 0.2415, 0.2435, 0.2445, 0.2455, 0.248, 0.2495, 0.2505, 0.2505, 0.2505, 0.2505, 0.2505, 0.2505, 0.2505, 0.2505, 0.2505, 0.2505, 0.2505, 0.2505, 0.2505, 0.2505, 0.2505, 0.2505, 0.2505, 0.2505, 0.2505, 0.2505, 0.2505, 0.2505, 0.2505, 0.2505, 0.2505, 0.2505, 0.2505, 0.2505, 0.2505, 0.2505, 0.2505, 0.2505, 0.2505, 0.2505, 0.2505, 0.2505, 0.2505, 0.2505, 0.2505, 0.2505, 0.2505, 0.2505, 0.2505, 0.2505, 0.2505, 0.2505, 0.2505, 0.2505, 0.2505, 0.2505, 0.2505, 0.2505, 0.2505, 0.2505, 0.2505, 0.2505, 0.2505, 0.2505, 0.2505, 0.2505, 0.2505, 0.2505, 0.2505, 0.2505, 0.2505, 0.2505, 0.2505, 0.2505, 0.2505, 0.2505, 0.2505]","{""0"": 0.4667, ""1"": 0.0, ""2"": 0.5622, ""3"": 0.3361, ""4"": 0.083, ""5"": 0.0, ""6"": 0.246, ""7"": 0.3105}","[0.5556, 0.0, 0.0, 0.0, 0.0, 0.0, 0.0, 0.0, 0.1111, 0.0, 0.0, 0.0, 0.0, 0.0, 0.0, 0.0, 1.0, 0.0, 0.0, 0.0, 0.0, 0.0, 0.0, 0.0, 0.8, 0.0, 0.0, 0.0, 0.0, 0.0769, 0.0, 0.0, 1.0, 0.0, 0.0, 0.7778, 0.0, 0.0, 0.0, 0.0, 0.0, 0.0, 0.0, 0.8, 0.0, 0.0, 0.0, 0.0, 0.0, 0.0, 0.0, 1.0, 0.0, 0.0, 0.0, 0.0, 0.0, 0.0, 0.0, 1.0, 0.0, 0.0, 0.0, 0.1667, 0.0, 0.0, 0.0, 0.8182, 0.0, 0.0, 0.0, 0.8889, 0.0, 0.0, 0.0, 1.0, 0.0, 0.0, 0.0, 0.625, 0.0, 0.0, 0.0, 1.0, 0.25, 0.0, 0.0, 1.0, 0.0, 0.0, 0.0, 0.875, 0.8889, 0.0, 0.0, 0.6667, 0.0, 0.0, 0.0, 0.8571, 1.0, 0.0, 0.0, 0.8571, 0.1, 0.8333, 0.0, 1.0, 0.75, 0.0, 0.0, 0.8333, 0.3, 0.9, 0.0, 1.0, 0.7778, 0.0, 0.0, 0.875, 0.7143, 0.875, 0.0, 1.0, 1.0, 0.125, 0.0, 1.0, 0.8571, 0.875, 0.0, 0.6667, 0.7778, 0.0, 0.0, 1.0, 1.0, 0.8333, 0.0, 0.875, 0.8333, 0.0, 0.0, 0.0, 0.7778, 0.6, 0.0, 1.0, 0.7143, 0.0, 0.0, 0.0, 0.875, 0.7778, 0.0, 0.7692, 1.0, 1.0, 0.0, 0.0, 1.0, 1.0, 0.0, 1.0, 1.0, 0.625, 0.0, 0.0909, 1.0, 0.875, 0.0, 0.75, 0.8333, 0.0, 0.0, 0.0, 1.0, 1.0, 0.0, 0.6667, 0.8333, 0.0, 0.0, 0.0, 0.1429, 1.0, 0.0, 0.7143, 0.1111, 0.0, 0.0, 0.0, 0.0909, 0.75, 0.0, 0.125, 0.0, 0.0, 0.0, 0.0, 0.0, 0.8571, 0.0, 0.0, 0.0, 0.0, 0.0, 0.0, 0.0, 1.0, 0.0, 0.0, 0.0, 1.0, 0.0, 0.0, 0.0, 0.8182, 0.0, 0.125, 0.0, 0.0, 0.0, 0.0, 0.0, 0.8571, 0.0, 0.0, 0.0, 0.0, 0.0, 0.0, 0.0, 0.7143, 0.0, 0.0, 0.0, 0.0, 0.0, 0.0, 0.0, 1.0, 0.0, 0.0, 0.0, 0.0, 0.0, 0.0, 0.0, 0.0]","[16, 32, 59, 107, 124, 127, 157, 161, 163, 164, 168, 177, 213, 241]"
cluster,0.9,5,cluster,0.2765,0.2765,0.2765,1.0,0.2765,0.0,18,True,553,0,272,1175,0,"[0.05, 0.072, 0.094, 0.12, 0.1395, 0.1565, 0.174, 0.1945, 0.21, 0.225, 0.2405, 0.249, 0.2555, 0.26, 0.2675, 0.2725, 0.2755, 0.2765, 0.2765, 0.2765, 0.2765, 0.2765, 0.2765, 0.2765, 0.2765, 0.2765, 0.2765, 0.2765, 0.2765, 0.2765, 0.2765, 0.2765, 0.2765, 0.2765, 0.2765, 0.2765, 0.2765, 0.2765, 0.2765, 0.2765, 0.2765, 0.2765, 0.2765, 0.2765, 0.2765, 0.2765, 0.2765, 0.2765, 0.2765, 0.2765, 0.2765, 0.2765, 0.2765, 0.2765, 0.2765, 0.2765, 0.2765, 0.2765, 0.2765, 0.2765, 0.2765, 0.2765, 0.2765, 0.2765, 0.2765, 0.2765, 0.2765, 0.2765, 0.2765, 0.2765, 0.2765, 0.2765, 0.2765, 0.2765, 0.2765, 0.2765, 0.2765, 0.2765, 0.2765, 0.2765, 0.2765, 0.2765, 0.2765, 0.2765, 0.2765, 0.2765, 0.2765, 0.2765, 0.2765, 0.2765, 0.2765, 0.2765, 0.2765, 0.2765, 0.2765, 0.2765, 0.2765, 0.2765, 0.2765, 0.2765, 0.2765]","{""0"": 0.1858, ""1"": 0.2688, ""2"": 0.252, ""3"": 0.084, ""4"": 0.7961, ""5"": 0.0636, ""6"": 0.2112, ""7"": 0.3118}","[0.4444, 0.0, 0.75, 0.7273, 0.0, 0.8333, 0.0, 0.0, 0.0, 0.0, 1.0, 0.75, 0.1111, 0.8, 0.0, 0.0, 0.0909, 0.0, 1.0, 0.8333, 0.0, 1.0, 0.0, 0.125, 0.0, 0.0, 0.75, 1.0, 0.0, 1.0, 0.0, 0.0, 0.1, 0.0, 0.6667, 1.0, 0.0, 1.0, 0.0, 0.1111, 0.0, 0.0, 1.0, 0.8333, 0.0, 0.6364, 0.0, 0.875, 0.0, 0.0, 1.0, 0.0, 0.0, 1.0, 0.0, 0.875, 0.0, 0.0, 1.0, 0.0, 0.0, 0.1538, 0.0, 0.6667, 0.0, 0.0, 1.0, 0.0, 0.0, 0.0, 0.0, 1.0, 0.0, 0.5, 0.6667, 0.1111, 0.0, 0.0, 0.0, 1.0, 0.0, 1.0, 0.0833, 0.5, 0.0, 1.0, 0.0, 0.75, 0.0833, 1.0, 0.0, 0.125, 0.0, 0.6, 0.0, 1.0, 0.8, 1.0, 0.1667, 0.0, 0.0, 0.8, 0.0, 0.8571, 0.8333, 1.0, 0.0, 0.0909, 0.0, 1.0, 0.0, 0.0, 1.0, 0.8571, 0.0, 0.0, 0.0, 0.8571, 0.0, 0.0, 1.0, 0.4286, 0.0, 0.0, 0.0, 1.0, 0.0, 0.0, 1.0, 0.0, 0.0, 0.0, 0.0, 0.7143, 0.0, 0.0, 0.8571, 0.3077, 0.0, 0.0, 0.0, 0.8182, 0.0, 0.0, 1.0, 0.1667, 0.0, 0.5, 0.0, 0.6, 0.0, 0.0, 0.625, 0.2857, 0.0, 0.9, 0.0, 0.7778, 0.0, 0.0, 0.875, 0.0, 0.0, 1.0, 0.0, 0.8889, 0.0, 0.0, 0.0, 0.0, 0.0, 0.3333, 0.0, 0.9091, 0.0, 0.0, 0.0, 0.0, 0.0, 0.0, 0.0, 1.0, 1.0, 0.0, 0.0, 0.0, 0.0, 0.0, 0.0, 0.8571, 1.0, 0.0, 0.0, 0.0, 0.0, 0.0, 0.0, 0.8, 0.0, 0.0, 0.0, 0.0, 0.0, 0.0, 0.0, 0.9231, 0.0, 0.0, 0.0, 0.0, 0.0, 0.0, 0.1111, 1.0, 0.0, 0.0, 0.6667, 0.0, 0.0, 0.0, 0.0, 1.0, 0.0, 0.0, 0.0, 0.0, 0.0, 0.0, 0.8333, 1.0, 0.0, 0.0, 0.0, 0.0, 0.0, 0.0, 1.0, 0.8889, 0.0, 0.0, 0.0, 0.0, 0.8333, 0.1667, 0.8333, 1.0, 0.0, 0.0, 0.0, 0.0]","[10, 27, 71, 95, 105, 112, 125, 163, 165, 182, 229, 236, 245]"
cluster,0.9,6,cluster,0.4795,0.4795,0.4795,1.0,0.4795,0.0,41,True,959,0,267,774,0,"[0.05, 0.068, 0.0915, 0.1175, 0.142, 0.1655, 0.1835, 0.199, 0.218, 0.2425, 0.266, 0.2875, 0.307, 0.3235, 0.339, 0.354, 0.369, 0.381, 0.391, 0.3985, 0.4065, 0.4115, 0.4145, 0.4185, 0.422, 0.426, 0.43, 0.434, 0.439, 0.445, 0.4465, 0.45, 0.4535, 0.4575, 0.463, 0.4675, 0.47, 0.472, 0.4745, 0.4785, 0.4795, 0.4795, 0.4795, 0.4795, 0.4795, 0.4795, 0.4795, 0.4795, 0.4795, 0.4795, 0.4795, 0.4795, 0.4795, 0.4795, 0.4795, 0.4795, 0.4795, 0.4795, 0.4795, 0.4795, 0.4795, 0.4795, 0.4795, 0.4795, 0.4795, 0.4795, 0.4795, 0.4795, 0.4795, 0.4795, 0.4795, 0.4795, 0.4795, 0.4795, 0.4795, 0.4795, 0.4795, 0.4795, 0.4795, 0.4795, 0.4795, 0.4795, 0.4795, 0.4795, 0.4795, 0.4795, 0.4795, 0.4795, 0.4795, 0.4795, 0.4795, 0.4795, 0.4795, 0.4795, 0.4795, 0.4795, 0.4795, 0.4795, 0.4795, 0.4795, 0.4795]","{""0"": 0.8615, ""1"": 0.9073, ""2"": 0.2203, ""3"": 0.0117, ""4"": 0.8635, ""5"": 0.1911, ""6"": 0.7529, ""7"": 0.0}","[0.5556, 1.0, 1.0, 0.0, 0.0, 1.0, 0.0, 0.0, 0.0, 0.8182, 0.8889, 0.0, 0.0, 0.8462, 0.2222, 0.0, 0.0, 0.8889, 0.875, 0.0, 0.0, 1.0, 0.0, 0.0, 0.0, 0.75, 0.8, 0.0, 0.1, 0.8889, 0.0, 0.7143, 0.0, 0.75, 0.8889, 0.0, 0.0, 0.875, 0.0, 1.0, 0.0, 0.9231, 1.0, 0.0, 0.0, 0.8571, 0.0, 1.0, 0.0, 0.75, 0.875, 0.1, 0.0, 0.875, 0.4286, 1.0, 0.0, 0.8462, 1.0, 0.8333, 0.0, 0.9, 0.6667, 1.0, 0.0, 0.8889, 1.0, 1.0, 0.0, 0.8333, 0.4444, 0.7143, 0.0, 0.6, 1.0, 0.875, 0.0, 1.0, 0.0, 0.75, 0.0, 0.8889, 0.8571, 1.0, 0.0, 0.7143, 0.0, 0.5, 0.0, 0.6667, 0.4, 0.75, 0.0, 1.0, 0.0, 0.8182, 0.0, 0.8333, 1.0, 1.0, 0.0, 1.0, 0.0, 0.8182, 0.0, 0.625, 0.8462, 1.0, 0.0, 1.0, 0.0, 0.8889, 0.0, 1.0, 1.0, 0.8, 0.0, 0.8, 0.0, 0.7, 0.0, 0.625, 1.0, 0.0, 0.0, 0.8, 0.0, 1.0, 0.0, 1.0, 0.9, 0.0, 0.0, 0.9167, 0.0, 1.0, 0.0, 0.9091, 0.8, 0.0, 0.4, 0.9091, 0.0, 1.0, 0.0, 0.7778, 0.8571, 0.0, 0.0, 0.8, 0.0, 1.0, 0.0, 0.75, 1.0, 0.0, 0.0, 0.75, 0.0, 0.875, 0.0, 1.0, 1.0, 0.0, 0.0, 1.0, 0.75, 0.9167, 0.0, 1.0, 0.6667, 0.0, 0.0, 0.8333, 1.0, 0.8333, 0.0, 0.8, 1.0, 0.0, 0.0, 0.0, 1.0, 0.875, 0.0, 1.0, 0.9091, 0.0, 0.0, 0.8333, 1.0, 1.0, 0.0, 1.0, 1.0, 0.0, 0.0, 1.0, 1.0, 0.7143, 0.0, 1.0, 1.0, 0.0, 0.0, 0.6667, 0.3333, 0.8333, 0.0, 0.8571, 0.9091, 0.0, 0.0, 0.9, 0.0, 1.0, 0.0, 1.0, 0.8889, 0.0, 0.0, 1.0, 0.0, 0.5, 0.0, 0.9231, 0.8333, 0.0, 0.0, 0.875, 0.0, 0.5714, 0.0, 0.7273, 0.9, 0.0, 0.0, 0.875, 0.0, 0.0, 0.0, 1.0, 0.9167, 0.0, 0.0, 0.9, 0.0, 0.3333, 0.0, 0.8889]","[47, 74, 77, 93, 98, 101, 107, 113, 122, 127, 174, 185, 194]"
cluster,0.9,7,cluster,0.48,0.48,0.48,1.0,0.48,-0.0,52,True,960,0,285,755,0,"[0.05, 0.07, 0.0895, 0.1065, 0.1235, 0.141, 0.158, 0.1735, 0.1915, 0.208, 0.223, 0.238, 0.254, 0.2655, 0.2725, 0.283, 0.293, 0.3045, 0.314, 0.3215, 0.328, 0.333, 0.34, 0.3465, 0.351, 0.3565, 0.363, 0.37, 0.3775, 0.3835, 0.388, 0.3935, 0.401, 0.406, 0.4095, 0.413, 0.416, 0.4185, 0.421, 0.4245, 0.43, 0.434, 0.4395, 0.445, 0.45, 0.4575, 0.4645, 0.473, 0.4775, 0.4785, 0.4795, 0.48, 0.48, 0.48, 0.48, 0.48, 0.48, 0.48, 0.48, 0.48, 0.48, 0.48, 0.48, 0.48, 0.48, 0.48, 0.48, 0.48, 0.48, 0.48, 0.48, 0.48, 0.48, 0.48, 0.48, 0.48, 0.48, 0.48, 0.48, 0.48, 0.48, 0.48, 0.48, 0.48, 0.48, 0.48, 0.48, 0.48, 0.48, 0.48, 0.48, 0.48, 0.48, 0.48, 0.48, 0.48, 0.48, 0.48, 0.48, 0.48, 0.48]","{""0"": 0.5261, ""1"": 0.0917, ""2"": 0.9073, ""3"": 0.1585, ""4"": 0.6679, ""5"": 0.4147, ""6"": 0.3712, ""7"": 0.6533}","[0.8889, 1.0, 0.1818, 0.7778, 0.0, 0.875, 0.0, 0.1111, 0.8889, 0.8, 1.0, 1.0, 0.0, 0.8333, 0.0, 0.0, 1.0, 0.8571, 0.0, 0.8571, 0.0, 0.75, 0.0, 0.0, 1.0, 1.0, 0.0, 0.8333, 0.0, 1.0, 0.0, 0.0, 0.7143, 0.7273, 0.0, 1.0, 0.0, 0.9167, 0.0, 0.0, 0.875, 0.8333, 0.0, 1.0, 0.0, 0.8333, 0.0, 0.0, 0.8571, 0.9091, 0.0, 0.7778, 0.0, 0.8, 0.0, 0.0, 1.0, 0.9091, 0.0, 1.0, 0.0, 0.0, 0.0, 0.0, 1.0, 0.8571, 0.0, 0.8889, 0.0, 0.0, 0.0, 0.0, 0.75, 0.9, 0.0, 1.0, 0.0, 0.0, 0.0, 0.0, 1.0, 1.0, 0.0, 1.0, 0.0, 0.0, 0.0, 0.0, 1.0, 0.9, 0.0, 1.0, 0.0, 0.0, 0.1429, 0.0, 0.875, 0.75, 0.0, 1.0, 0.0, 0.0, 0.0, 0.0, 1.0, 0.9, 0.0, 1.0, 0.0, 0.1429, 0.0, 0.0, 0.75, 1.0, 0.0, 0.875, 0.0, 0.4286, 0.125, 0.0, 1.0, 0.6, 0.0, 0.875, 0.0, 0.7273, 0.6923, 0.3333, 1.0, 1.0, 0.0, 0.8182, 0.0, 0.625, 0.8333, 1.0, 0.75, 0.0, 0.0, 0.8889, 0.0, 1.0, 1.0, 0.625, 1.0, 0.0, 0.0, 0.875, 0.0, 0.8, 0.8571, 1.0, 0.875, 0.0, 0.25, 1.0, 0.0, 0.9, 0.9091, 1.0, 0.75, 0.4, 0.1429, 1.0, 0.0, 0.75, 0.5714, 0.8571, 0.0, 0.0, 0.0, 0.8333, 0.0, 0.75, 0.9, 1.0, 0.0, 0.0, 0.0, 0.8, 0.0, 0.9091, 1.0, 1.0, 0.0, 0.0, 1.0, 1.0, 0.25, 1.0, 1.0, 0.6, 0.0, 0.0, 0.0, 0.9, 0.7143, 0.625, 1.0, 1.0, 0.25, 0.0, 0.0, 0.9, 1.0, 1.0, 0.7143, 1.0, 0.0, 0.0, 0.0, 0.8, 1.0, 0.9, 0.7778, 0.8, 0.0, 0.0, 0.0, 0.875, 0.9, 0.8182, 1.0, 0.8333, 0.0, 0.0, 0.0, 1.0, 1.0, 0.8571, 0.8333, 1.0, 0.0, 0.0, 0.0, 0.6, 0.3333, 1.0, 0.5, 1.0, 0.5, 0.5714, 0.0, 0.8333, 0.0, 0.9091, 0.0, 0.0, 1.0, 1.0]","[10, 11, 29, 104, 113, 120, 142, 182, 183, 186, 187, 189, 190, 245]"
cluster,0.9,8,cluster,0.3435,0.3435,0.3435,1.0,0.3435,0.0,35,True,687,0,301,1012,0,"[0.05, 0.0665, 0.0825, 0.0995, 0.118, 0.142, 0.1675, 0.1875, 0.2105, 0.2355, 0.2525, 0.2675, 0.2825, 0.297, 0.302, 0.3065, 0.311, 0.3155, 0.3205, 0.3245, 0.326, 0.328, 0.3285, 0.329, 0.33, 0.331, 0.3315, 0.332, 0.3335, 0.3355, 0.336, 0.3375, 0.341, 0.342, 0.3435, 0.3435, 0.3435, 0.3435, 0.3435, 0.3435, 0.3435, 0.3435, 0.3435, 0.3435, 0.3435, 0.3435, 0.3435, 0.3435, 0.3435, 0.3435, 0.3435, 0.3435, 0.3435, 0.3435, 0.3435, 0.3435, 0.3435, 0.3435, 0.3435, 0.3435, 0.3435, 0.3435, 0.3435, 0.3435, 0.3435, 0.3435, 0.3435, 0.3435, 0.3435, 0.3435, 0.3435, 0.3435, 0.3435, 0.3435, 0.3435, 0.3435, 0.3435, 0.3435, 0.3435, 0.3435, 0.3435, 0.3435, 0.3435, 0.3435, 0.3435, 0.3435, 0.3435, 0.3435, 0.3435, 0.3435, 0.3435, 0.3435, 0.3435, 0.3435, 0.3435, 0.3435, 0.3435, 0.3435, 0.3435, 0.3435, 0.3435]","{""0"": 0.069, ""1"": 0.5301, ""2"": 0.5259, ""3"": 0.7597, ""4"": 0.0081, ""5"": 0.4268, ""6"": 0.4432, ""7"": 0.0453}","[0.5556, 0.0, 1.0, 0.8, 0.8333, 0.0, 0.0, 0.0, 0.0, 0.0, 1.0, 0.8571, 1.0, 0.0, 0.0, 1.0, 0.0, 0.0, 0.8, 1.0, 0.8889, 0.0, 0.0, 1.0, 0.0, 0.0, 1.0, 0.7143, 0.875, 0.1111, 0.0, 0.9, 0.0, 0.0, 0.6667, 0.7692, 0.9, 0.0, 0.0, 0.6667, 0.0, 0.0, 0.8182, 1.0, 0.7778, 0.0, 0.0, 0.7778, 0.1667, 0.1667, 1.0, 0.875, 1.0, 0.0, 0.0, 0.875, 0.0, 1.0, 0.8889, 1.0, 1.0, 0.0, 0.0, 0.8333, 0.0, 0.8333, 0.9, 0.6667, 1.0, 0.0, 0.75, 0.875, 0.0769, 1.0, 1.0, 0.9, 0.5714, 0.0, 0.9091, 1.0, 0.0, 0.0, 0.8889, 0.9, 0.0, 0.0, 1.0, 0.9, 0.0, 0.0, 1.0, 1.0, 0.0, 0.0, 0.6667, 1.0, 0.0, 0.0, 1.0, 1.0, 0.25, 0.0, 1.0, 1.0, 0.0, 0.0, 0.875, 0.8889, 0.0, 0.0, 0.625, 0.0, 1.0, 0.0, 0.7143, 1.0, 0.0, 0.125, 0.6667, 0.0, 0.2222, 0.0, 1.0, 0.7143, 0.7, 0.0, 0.75, 0.0, 0.125, 0.0, 0.5, 0.5714, 0.8333, 0.0, 1.0, 0.0, 0.0, 0.0, 0.0, 0.0, 1.0, 0.0, 0.7778, 0.0, 0.0, 0.0, 0.0, 0.0, 1.0, 0.0, 0.75, 0.0, 0.0, 0.0, 0.0, 0.0, 0.8333, 0.0, 1.0, 0.0, 0.0, 0.0, 0.0, 0.0, 1.0, 0.0, 0.8571, 0.1111, 0.0, 0.0, 0.125, 0.0, 1.0, 0.0, 0.75, 0.625, 0.0, 0.0, 0.0, 0.0, 0.7778, 0.0, 0.625, 1.0, 0.0, 0.0, 0.0, 0.0, 1.0, 0.0, 0.75, 0.5455, 0.0, 0.0, 0.0, 0.0, 0.7778, 0.0, 0.1111, 0.8333, 0.0, 0.0, 0.0, 0.0, 0.8571, 0.0, 0.0, 0.3333, 0.0, 0.0, 0.0, 0.0, 0.7778, 0.0, 0.0, 0.2, 0.0, 0.0, 0.0, 0.0833, 1.0, 0.0, 0.1, 0.0, 0.0, 0.0, 0.0, 0.0, 1.0, 0.0, 0.0, 0.0, 0.0, 0.0, 0.1, 0.2, 0.6667, 0.0, 0.0, 0.0, 0.0, 0.0, 0.9, 0.3333, 0.8, 0.0, 0.0, 0.0, 0.0, 0.0]","[2, 12, 15, 57, 59, 90, 103, 112, 158, 172, 180, 183, 220, 228]"
cluster,0.9,9,cluster,0.255,0.255,0.255,1.0,0.255,0.0,32,True,510,0,273,1217,0,"[0.05, 0.0675, 0.078, 0.087, 0.097, 0.1105, 0.121, 0.132, 0.1425, 0.1535, 0.167, 0.1745, 0.1835, 0.1935, 0.2, 0.205, 0.213, 0.2215, 0.2285, 0.2355, 0.241, 0.2435, 0.245, 0.246, 0.2465, 0.247, 0.2475, 0.249, 0.25, 0.252, 0.2535, 0.255, 0.255, 0.255, 0.255, 0.255, 0.255, 0.255, 0.255, 0.255, 0.255, 0.255, 0.255, 0.255, 0.255, 0.255, 0.255, 0.255, 0.255, 0.255, 0.255, 0.255, 0.255, 0.255, 0.255, 0.255, 0.255, 0.255, 0.255, 0.255, 0.255, 0.255, 0.255, 0.255, 0.255, 0.255, 0.255, 0.255, 0.255, 0.255, 0.255, 0.255, 0.255, 0.255, 0.255, 0.255, 0.255, 0.255, 0.255, 0.255, 0.255, 0.255, 0.255, 0.255, 0.255, 0.255, 0.255, 0.255, 0.255, 0.255, 0.255, 0.255, 0.255, 0.255, 0.255, 0.255, 0.255, 0.255, 0.255, 0.255, 0.255]","{""0"": 0.0, ""1"": 0.0403, ""2"": 0.2539, ""3"": 0.5795, ""4"": 0.0, ""5"": 0.4959, ""6"": 0.2963, ""7"": 0.3947}","[0.3333, 0.0, 0.1, 0.0, 1.0, 0.0, 1.0, 0.0, 0.0, 0.0, 0.1429, 0.0, 0.8889, 0.0, 0.6667, 0.75, 0.0, 0.0, 0.0, 0.0, 0.4286, 0.0, 0.7143, 0.8333, 0.0, 0.0, 0.0, 0.0, 0.0, 0.0, 1.0, 0.625, 0.0, 0.0, 0.0, 0.0, 0.1429, 0.0, 1.0, 0.8333, 0.0, 0.0, 0.0, 0.0, 0.0, 0.0, 1.0, 0.9, 0.0, 0.0, 0.0, 0.125, 0.0, 0.0, 0.8571, 0.875, 0.0, 0.0, 0.0, 1.0, 0.0, 0.0, 0.875, 1.0, 0.0, 0.0, 0.0, 1.0, 0.0, 0.0, 0.5, 0.8571, 0.0, 0.0, 0.0, 0.8571, 0.0, 0.0, 1.0, 1.0, 0.0, 0.0, 0.0, 0.8333, 0.0, 0.0, 0.8333, 1.0, 0.8571, 0.0, 0.0, 0.8, 0.0, 0.0, 0.8571, 0.8333, 1.0, 0.0, 0.0, 0.875, 0.0, 0.0, 0.9, 0.0, 0.6364, 0.0, 0.0, 1.0, 0.0833, 0.0, 0.2857, 0.0, 0.75, 0.0, 0.0, 0.0, 0.8889, 0.0, 0.1667, 0.0, 0.75, 0.0, 0.0, 0.0, 1.0, 0.0, 0.375, 0.0909, 1.0, 0.0, 0.0, 0.0, 1.0, 0.0, 0.0909, 0.0, 0.75, 0.0, 0.0, 0.0, 0.8571, 0.0, 0.0, 0.125, 0.8333, 0.0, 0.0, 0.0, 1.0, 0.0, 0.0, 0.0, 0.8571, 0.0, 0.0, 0.0, 0.6667, 0.0, 0.0, 0.0, 0.8571, 0.0, 0.0, 0.0, 1.0, 0.0, 0.0, 0.0, 0.8333, 0.0, 0.0, 0.0, 1.0, 0.0, 0.0, 0.0, 0.8571, 0.0, 0.0, 0.0, 0.7778, 0.0, 0.0, 0.0, 1.0, 0.0, 0.0, 0.75, 0.8333, 0.0, 0.0, 0.0, 0.8571, 0.0, 0.0, 1.0, 1.0, 0.0, 0.0, 0.0, 0.0, 0.0, 0.8889, 0.0, 0.8333, 0.0, 0.0, 0.0, 0.0, 0.0, 0.0, 0.0, 0.7778, 0.0, 0.0, 0.0, 0.0, 0.0, 0.0, 0.0, 0.9286, 0.0, 0.0, 0.0, 0.0, 0.0, 0.0, 0.0, 1.0, 0.0, 0.6, 0.0, 0.0, 0.0, 0.0, 0.0, 0.7857, 0.0, 0.7, 0.0, 0.0, 0.0, 0.0, 0.0, 1.0, 0.0, 0.9, 0.0, 0.0, 0.0]","[30, 78, 79, 87, 107, 124, 132, 184, 195, 202, 228]"
cluster,0.9,10,cluster,0.175,0.175,0.175,1.0,0.175,0.0,15,True,350,0,312,1338,0,"[0.05, 0.068, 0.0885, 0.109, 0.1275, 0.141, 0.148, 0.1525, 0.1575, 0.1615, 0.165, 0.1705, 0.1725, 0.1745, 0.175, 0.175, 0.175, 0.175, 0.175, 0.175, 0.175, 0.175, 0.175, 0.175, 0.175, 0.175, 0.175, 0.175, 0.175, 0.175, 0.175, 0.175, 0.175, 0.175, 0.175, 0.175, 0.175, 0.175, 0.175, 0.175, 0.175, 0.175, 0.175, 0.175, 0.175, 0.175, 0.175, 0.175, 0.175, 0.175, 0.175, 0.175, 0.175, 0.175, 0.175, 0.175, 0.175, 0.175, 0.175, 0.175, 0.175, 0.175, 0.175, 0.175, 0.175, 0.175, 0.175, 0.175, 0.175, 0.175, 0.175, 0.175, 0.175, 0.175, 0.175, 0.175, 0.175, 0.175, 0.175, 0.175, 0.175, 0.175, 0.175, 0.175, 0.175, 0.175, 0.175, 0.175, 0.175, 0.175, 0.175, 0.175, 0.175, 0.175, 0.175, 0.175, 0.175, 0.175, 0.175, 0.175, 0.175]","{""0"": 0.209, ""1"": 0.1492, ""2"": 0.3805, ""3"": 0.0, ""4"": 0.2177, ""5"": 0.2954, ""6"": 0.1133, ""7"": 0.0682}","[0.0, 0.0, 0.0, 0.0, 0.0, 1.0, 1.0, 0.0, 0.0, 0.0, 0.0, 0.0, 0.0, 1.0, 0.8889, 0.0, 0.0, 0.0, 0.0, 0.0, 0.0, 0.8333, 0.8, 0.0, 0.0, 1.0, 0.0, 0.0, 0.0, 0.0, 1.0, 0.0, 0.0, 0.2, 0.0, 0.0, 0.0, 0.0, 0.7778, 0.0, 0.0, 0.0, 0.0, 0.0, 0.0, 0.0, 1.0, 0.0, 0.0, 0.0, 0.0, 0.6667, 0.0, 0.0, 1.0, 0.0, 0.0, 0.0, 0.0, 1.0, 0.0, 0.0, 0.0, 0.0, 0.0, 0.0, 0.0, 1.0, 0.0, 0.0, 0.0, 0.0, 0.0, 0.0, 0.0, 1.0, 0.0, 0.0, 0.0, 0.0, 0.0, 0.625, 0.0, 0.6667, 0.0, 0.0, 0.0, 0.0, 0.0, 0.9091, 0.0, 0.0, 0.0, 0.0, 0.0, 0.0, 0.0, 1.0, 0.0, 0.0, 0.0, 0.1111, 0.0, 1.0, 0.0, 1.0, 0.0, 0.0, 0.0, 0.0, 0.0, 1.0, 0.0, 0.0, 0.0, 0.0, 0.0, 0.0, 0.0, 1.0, 0.0, 0.0, 0.0, 0.75, 0.0, 0.0, 0.0, 0.6, 0.0, 0.0, 0.0, 1.0, 0.0, 0.0, 0.0, 0.1667, 0.0, 0.0, 0.0, 0.8889, 0.0, 0.0, 0.0, 0.0, 0.0, 0.0, 0.0, 0.8571, 0.0, 0.0, 0.0, 0.0, 0.0, 0.0, 0.0, 0.7778, 0.0, 0.0, 0.0, 0.0, 0.0, 0.8333, 0.0, 0.8333, 0.0, 0.0, 0.0, 0.0, 0.0, 1.0, 0.0, 1.0, 0.0, 0.0, 0.0, 0.0, 0.0, 1.0, 0.0, 1.0, 0.0, 0.0, 0.0, 0.0, 0.0, 0.0, 0.1, 0.5556, 0.0, 0.0, 0.0, 0.0, 0.0, 0.0, 1.0, 0.125, 0.0, 0.0, 0.0, 0.0, 0.0, 0.0, 1.0, 0.0, 0.0, 0.1111, 0.0, 0.0, 0.0, 0.0, 0.8571, 0.0, 0.0, 0.7143, 0.0, 0.0, 0.0, 0.0, 1.0, 0.0, 0.0, 0.75, 0.1667, 0.0, 0.0, 0.0, 0.8, 0.0, 0.0, 1.0, 1.0, 0.0, 0.2857, 0.0, 0.625, 0.0, 0.0, 1.0, 0.8333, 0.0, 0.6667, 0.0, 0.1111, 0.0, 0.0, 0.8333, 1.0, 0.0, 1.0, 0.0]","[5, 14, 25, 59, 97, 105, 119, 131, 171, 202, 230, 237, 248]"
cluster,0.9,11,cluster,0.2295,0.2295,0.2295,1.0,0.2295,0.0,25,True,459,0,272,1269,0,"[0.05, 0.0705, 0.0915, 0.1145, 0.132, 0.149, 0.161, 0.17, 0.1795, 0.19, 0.1985, 0.204, 0.208, 0.2125, 0.2145, 0.216, 0.219, 0.2205, 0.222, 0.223, 0.224, 0.226, 0.228, 0.229, 0.2295, 0.2295, 0.2295, 0.2295, 0.2295, 0.2295, 0.2295, 0.2295, 0.2295, 0.2295, 0.2295, 0.2295, 0.2295, 0.2295, 0.2295, 0.2295, 0.2295, 0.2295, 0.2295, 0.2295, 0.2295, 0.2295, 0.2295, 0.2295, 0.2295, 0.2295, 0.2295, 0.2295, 0.2295, 0.2295, 0.2295, 0.2295, 0.2295, 0.2295, 0.2295, 0.2295, 0.2295, 0.2295, 0.2295, 0.2295, 0.2295, 0.2295, 0.2295, 0.2295, 0.2295, 0.2295, 0.2295, 0.2295, 0.2295, 0.2295, 0.2295, 0.2295, 0.2295, 0.2295, 0.2295, 0.2295, 0.2295, 0.2295, 0.2295, 0.2295, 0.2295, 0.2295, 0.2295, 0.2295, 0.2295, 0.2295, 0.2295, 0.2295, 0.2295, 0.2295, 0.2295, 0.2295, 0.2295, 0.2295, 0.2295, 0.2295, 0.2295]","{""0"": 0.0947, ""1"": 0.645, ""2"": 0.0039, ""3"": 0.0, ""4"": 0.1, ""5"": 0.4464, ""6"": 0.4488, ""7"": 0.1589}","[0.2222, 0.0, 0.8889, 0.0, 0.0, 0.0, 0.0, 1.0, 0.2857, 0.375, 1.0, 0.0, 0.0, 0.0, 0.0, 0.8, 0.0, 1.0, 1.0, 0.0, 0.0, 0.0, 1.0, 1.0, 0.0, 0.8571, 0.7778, 0.0, 0.0, 0.0, 1.0, 0.8, 0.0, 0.0, 0.875, 0.0, 0.0, 0.0, 0.3333, 0.8889, 0.0, 0.0, 0.5, 0.0, 0.0, 0.0, 0.0, 1.0, 0.0, 0.0, 0.1111, 0.0, 0.0, 0.0, 0.0, 0.75, 0.0, 0.0, 0.0, 0.0, 0.0, 0.0, 0.1111, 1.0, 0.0, 0.0, 0.2222, 0.125, 0.0, 0.0, 1.0, 0.0, 0.0, 0.0, 1.0, 0.0, 0.0, 0.0, 0.0, 0.0, 0.0, 0.0, 1.0, 0.0, 0.0, 0.0769, 0.0, 0.0, 0.0, 0.0, 1.0, 0.0, 0.0, 1.0, 0.0, 0.0, 0.0, 0.0, 0.6667, 0.0, 0.0, 0.875, 0.0, 0.0, 0.0, 0.0, 0.9, 0.0, 0.0, 1.0, 0.0, 0.0, 0.0, 0.0, 1.0, 0.0, 0.0, 0.0, 0.0, 0.0, 0.0, 0.0, 1.0, 0.0, 0.0, 0.0, 0.0, 0.0, 0.0, 0.0, 1.0, 0.0, 0.0, 0.0, 0.0909, 0.0, 0.0, 0.0, 0.75, 0.0, 0.0, 0.2, 0.8571, 0.875, 0.0, 0.0, 1.0, 0.0, 0.0, 0.0, 0.8, 0.8571, 0.0, 0.0, 0.8571, 0.0, 0.0, 0.0, 1.0, 1.0, 0.0, 0.0, 1.0, 0.0, 0.0, 0.0, 0.9, 1.0, 0.0, 0.0769, 1.0, 0.0, 0.0, 0.0, 1.0, 1.0, 0.0, 0.0, 0.7143, 0.0, 0.0, 0.0, 0.75, 1.0, 0.0, 0.0, 1.0, 0.0, 0.0, 0.0, 0.875, 0.0, 0.0, 0.0, 0.2, 0.0, 0.0, 0.0, 0.8571, 0.1429, 0.0, 0.0, 0.0, 0.0, 0.0, 0.0, 1.0, 0.0, 0.25, 0.0, 0.0, 0.0, 0.0, 0.0, 0.875, 0.0, 1.0, 0.0, 0.0, 0.0, 0.0, 0.0, 0.8889, 0.0, 0.8571, 0.0, 0.0, 0.0, 0.0, 0.0, 0.2, 0.0, 0.8889, 0.0, 0.1111, 0.0, 0.0, 0.0, 0.0, 0.4286, 1.0, 0.0, 0.375, 0.0, 0.0, 0.0, 0.0, 0.7778, 0.75, 0.0833]","[10, 17, 23, 30, 63, 70, 109, 167, 170, 174, 216, 240]"
cluster,0.95,0,cluster,0.2745,0.2745,0.2745,1.0,0.2745,-0.0,35,True,549,0,288,1163,0,"[0.05, 0.0665, 0.086, 0.1075, 0.12, 0.133, 0.141, 0.148, 0.1575, 0.1655, 0.172, 0.179, 0.1875, 0.193, 0.1965, 0.201, 0.208, 0.2155, 0.223, 0.226, 0.2295, 0.2305, 0.232, 0.237, 0.2435, 0.2465, 0.2505, 0.2545, 0.2575, 0.261, 0.263, 0.2645, 0.268, 0.2725, 0.2745, 0.2745, 0.2745, 0.2745, 0.2745, 0.2745, 0.2745, 0.2745, 0.2745, 0.2745, 0.2745, 0.2745, 0.2745, 0.2745, 0.2745, 0.2745, 0.2745, 0.2745, 0.2745, 0.2745, 0.2745, 0.2745, 0.2745, 0.2745, 0.2745, 0.2745, 0.2745, 0.2745, 0.2745, 0.2745, 0.2745, 0.2745, 0.2745, 0.2745, 0.2745, 0.2745, 0.2745, 0.2745, 0.2745, 0.2745, 0.2745, 0.2745, 0.2745, 0.2745, 0.2745, 0.2745, 0.2745, 0.2745, 0.2745, 0.2745, 0.2745, 0.2745, 0.2745, 0.2745, 0.2745, 0.2745, 0.2745, 0.2745, 0.2745, 0.2745, 0.2745, 0.2745, 0.2745, 0.2745, 0.2745, 0.2745, 0.2745]","{""0"": 0.0, ""1"": 0.1912, ""2"": 0.369, ""3"": 0.5195, ""4"": 0.6128, ""5"": 0.4798, ""6"": 0.0, ""7"": 0.044}","[0.5556, 0.0, 0.0, 0.0, 0.9231, 0.8333, 0.7143, 0.0, 0.0, 0.0, 0.0, 0.0, 0.7, 0.9231, 1.0, 0.0, 0.0, 0.0, 0.7778, 0.0, 0.6667, 1.0, 0.9, 0.0, 0.0, 0.0, 0.9, 0.125, 0.6667, 0.8571, 1.0, 0.0, 0.0, 0.0, 1.0, 0.0, 1.0, 1.0, 1.0, 0.0, 0.0, 0.0, 0.875, 0.7778, 1.0, 0.75, 0.75, 0.0, 0.0, 0.0, 0.8571, 1.0, 0.0, 0.8333, 1.0, 0.0, 0.0, 0.0, 0.1667, 1.0, 0.0, 1.0, 1.0, 0.0, 0.0, 0.0, 0.0, 1.0, 0.0, 1.0, 0.8889, 0.0, 0.0, 0.0, 0.0, 0.7, 0.0, 0.875, 0.75, 0.0, 0.0, 0.0, 0.0, 1.0, 0.0, 0.8, 1.0, 0.0, 0.0, 0.0, 0.0, 1.0, 0.0, 0.875, 1.0, 0.0, 0.0, 0.0, 0.0, 1.0, 0.0, 1.0, 0.0, 0.0, 0.0, 0.0, 0.0, 0.8571, 0.0, 0.2222, 0.0, 0.0, 0.0, 0.0, 0.0, 0.9091, 0.0, 0.0, 0.0909, 0.0, 0.0, 0.0, 0.0, 0.8, 0.0, 0.0909, 0.0, 0.0, 0.0, 0.0, 0.0, 0.0909, 0.0, 0.0, 0.0, 0.0, 0.0, 0.0, 0.0, 0.0, 0.0, 0.0, 0.0, 0.0, 0.0, 0.0, 0.0, 0.0, 0.0, 0.0, 0.0, 0.0, 0.0, 0.0, 0.1, 0.0, 0.5714, 0.0, 0.0, 0.0, 0.0, 0.0, 0.3333, 0.0, 0.9, 0.1667, 0.0, 0.0, 0.0, 0.0, 1.0, 0.0, 0.875, 0.0, 0.0, 0.0, 0.0, 0.0, 0.0, 0.0, 1.0, 0.0, 0.0, 0.0, 0.0, 0.0, 0.0, 0.0, 0.875, 0.7143, 0.0, 0.0, 0.0, 0.0, 0.0, 0.0, 0.9, 1.0, 0.0, 0.0, 0.0, 0.0, 0.0, 0.0, 0.8889, 0.6364, 0.0, 0.0, 0.2857, 0.0, 0.0, 0.0, 0.8889, 1.0, 0.8889, 0.0, 1.0, 0.0, 0.0, 0.0, 0.75, 1.0, 1.0, 0.0, 0.0, 0.0, 0.0, 0.0, 1.0, 1.0, 1.0, 0.0, 0.0, 0.0, 0.0, 0.0, 0.9, 0.8, 0.9, 0.0, 0.0, 0.0, 0.0, 0.0, 0.8889, 0.8, 0.6667, 0.0, 0.0, 0.0]","[34, 38, 44, 51, 59, 91, 99, 101, 170, 197, 216, 228, 230]"
cluster,0.95,1,cluster,0.2525,0.2525,0.2525,1.0,0.2525,0.0,45,True,505,0,287,1208,0,"[0.05, 0.0695, 0.0945, 0.113, 0.129, 0.1385, 0.1465, 0.1555, 0.161, 0.165, 0.17, 0.172, 0.1755, 0.1795, 0.1825, 0.184, 0.185, 0.1855, 0.186, 0.1875, 0.189, 0.1915, 0.1925, 0.1935, 0.1945, 0.1955, 0.1975, 0.1995, 0.2005, 0.202, 0.204, 0.2055, 0.207, 0.2095, 0.2125, 0.215, 0.219, 0.2255, 0.2285, 0.231, 0.233, 0.2365, 0.2415, 0.248, 0.2525, 0.2525, 0.2525, 0.2525, 0.2525, 0.2525, 0.2525, 0.2525, 0.2525, 0.2525, 0.2525, 0.2525, 0.2525, 0.2525, 0.2525, 0.2525, 0.2525, 0.2525, 0.2525, 0.2525, 0.2525, 0.2525, 0.2525, 0.2525, 0.2525, 0.2525, 0.2525, 0.2525, 0.2525, 0.2525, 0.2525, 0.2525, 0.2525, 0.2525, 0.2525, 0.2525, 0.2525, 0.2525, 0.2525, 0.2525, 0.2525, 0.2525, 0.2525, 0.2525, 0.2525, 0.2525, 0.2525, 0.2525, 0.2525, 0.2525, 0.2525, 0.2525, 0.2525, 0.2525, 0.2525, 0.2525, 0.2525]","{""0"": 0.0407, ""1"": 0.088, ""2"": 0.2764, ""3"": 0.1983, ""4"": 0.3402, ""5"": 0.8884, ""6"": 0.0267, ""7"": 0.2097}","[0.3333, 0.0, 0.0, 0.0, 0.0, 0.0, 1.0, 0.0, 0.0, 0.0, 0.0, 0.0, 0.0, 0.0, 0.8571, 0.0, 0.0, 0.0, 0.0, 0.0, 0.0, 0.0833, 0.8333, 0.0, 0.0, 0.0, 0.0, 0.0, 0.0, 0.0, 1.0, 0.0, 0.0, 0.0, 0.0, 0.0, 0.0, 0.0, 0.8333, 0.0, 0.0, 0.0, 0.0, 0.0, 0.0, 0.625, 0.75, 0.0, 0.0, 0.0, 0.0, 0.0, 0.0, 1.0, 0.7778, 0.0, 0.0, 0.0, 0.375, 0.0, 0.0, 1.0, 1.0, 0.0, 0.125, 0.0, 0.0, 0.0, 0.0, 0.8571, 0.8, 0.0, 0.0, 0.0, 0.0, 0.0769, 0.0, 0.8333, 1.0, 0.0, 0.0, 0.0, 1.0, 0.0, 0.5, 0.5, 0.7778, 1.0, 0.0, 0.0, 0.9, 0.0, 0.8, 0.875, 1.0, 0.0714, 0.0, 0.0, 0.0, 0.0, 0.9091, 0.8333, 0.8571, 0.0, 0.0, 0.0, 0.0, 0.0, 0.9, 0.8333, 0.9091, 0.0, 0.0, 0.0, 0.0, 0.0, 1.0, 1.0, 0.9, 0.0, 0.0, 0.0, 0.0, 0.0, 1.0, 1.0, 0.75, 0.0, 0.0, 0.0, 0.0, 1.0, 0.6667, 0.8333, 1.0, 0.0, 0.0, 0.0, 0.0, 1.0, 0.0, 1.0, 1.0, 0.0, 0.0, 0.0, 0.0, 1.0, 0.0, 0.5714, 0.8333, 0.0, 0.0, 0.0, 0.0, 1.0, 0.0, 0.0, 0.8889, 0.0, 0.0, 0.0, 0.0, 0.8571, 0.0, 0.0, 1.0, 0.0, 0.7778, 0.0, 0.0, 1.0, 0.0, 0.0, 1.0, 0.0, 0.9091, 0.0, 0.0, 1.0, 0.0, 0.0, 0.8571, 0.0, 0.8, 0.0, 0.0, 1.0, 0.0, 0.0, 0.75, 0.0, 1.0, 0.2222, 0.0, 0.75, 0.0, 0.0, 0.875, 0.0, 0.8571, 0.875, 0.0, 0.125, 0.0, 0.0, 0.8, 0.0, 1.0, 0.0, 0.0, 0.0, 0.0, 0.0, 0.9231, 0.0, 0.7143, 0.0, 0.0, 0.0, 0.0, 0.0, 0.8571, 0.0, 0.0, 0.2222, 0.0, 0.0, 0.0, 0.0, 1.0, 0.0, 0.0, 0.0, 0.0, 0.0, 0.1667, 0.0, 0.875, 0.0, 0.0, 0.0, 0.1667, 0.0, 0.0, 0.0, 0.8571, 0.0, 0.0, 0.0]","[53, 82, 87, 124, 125, 131, 139, 171, 174, 192, 201, 230]"
cluster,0.95,2,cluster,0.3165,0.3165,0.3165,1.0,0.3165,0.0,32,True,633,0,271,1096,0,"[0.05, 0.069, 0.0925, 0.1135, 0.131, 0.151, 0.1725, 0.1855, 0.203, 0.2145, 0.225, 0.235, 0.2435, 0.249, 0.255, 0.2645, 0.2735, 0.28, 0.283, 0.286, 0.291, 0.294, 0.2985, 0.3025, 0.3045, 0.306, 0.3065, 0.308, 0.31, 0.3135, 0.316, 0.3165, 0.3165, 0.3165, 0.3165, 0.3165, 0.3165, 0.3165, 0.3165, 0.3165, 0.3165, 0.3165, 0.3165, 0.3165, 0.3165, 0.3165, 0.3165, 0.3165, 0.3165, 0.3165, 0.3165, 0.3165, 0.3165, 0.3165, 0.3165, 0.3165, 0.3165, 0.3165, 0.3165, 0.3165, 0.3165, 0.3165, 0.3165, 0.3165, 0.3165, 0.3165, 0.3165, 0.3165, 0.3165, 0.3165, 0.3165, 0.3165, 0.3165, 0.3165, 0.3165, 0.3165, 0.3165, 0.3165, 0.3165, 0.3165, 0.3165, 0.3165, 0.3165, 0.3165, 0.3165, 0.3165, 0.3165, 0.3165, 0.3165, 0.3165, 0.3165, 0.3165, 0.3165, 0.3165, 0.3165, 0.3165, 0.3165, 0.3165, 0.3165, 0.3165, 0.3165]","{""0"": 0.1468, ""1"": 0.249, ""2"": 0.5362, ""3"": 0.303, ""4"": 0.4059, ""5"": 0.5733, ""6"": 0.1962, ""7"": 0.1615}","[0.3333, 0.0, 1.0, 0.75, 0.0, 0.0, 0.7778, 0.0, 0.4, 0.0, 1.0, 0.8571, 0.0, 0.0, 0.0, 1.0, 0.6667, 0.0, 0.8333, 0.7778, 0.0909, 0.0, 0.0, 0.0, 1.0, 0.2, 1.0, 1.0, 0.0, 0.0, 0.0, 0.0, 0.8571, 0.1, 0.7143, 0.875, 0.0, 0.0, 0.0, 0.0, 0.8333, 0.6, 0.7, 1.0, 0.0, 0.0, 0.8571, 0.0, 0.9091, 1.0, 0.0833, 0.8, 0.0, 0.0, 1.0, 0.0, 0.6667, 0.7778, 0.0, 0.6, 0.0, 0.0, 1.0, 0.0, 0.0, 1.0, 0.0, 1.0, 0.0, 0.0, 0.0, 0.8889, 0.0, 0.5714, 0.0, 0.7143, 0.125, 0.0667, 0.0, 1.0, 0.0, 0.0, 0.0, 0.8889, 0.125, 0.0, 0.0, 1.0, 0.0, 0.0, 0.0, 1.0, 0.0, 0.0, 0.0, 1.0, 0.0, 0.0, 0.0, 0.8, 0.0, 0.0, 0.0, 0.5455, 0.0, 0.0, 0.0, 0.8889, 0.3333, 0.0, 0.0, 0.8571, 0.0, 0.0, 0.0, 1.0, 0.6, 0.0, 0.6, 0.4, 0.0, 0.0, 0.0, 0.875, 0.8, 0.8333, 1.0, 0.0, 0.0, 0.0, 0.0, 0.8571, 0.75, 1.0, 0.7143, 0.0, 0.0, 0.0, 0.0, 0.9, 0.6667, 1.0, 1.0, 0.0, 0.0, 0.0, 0.0, 0.8333, 0.9, 1.0, 0.875, 0.0, 0.0, 0.0, 0.0, 1.0, 1.0, 0.9167, 1.0, 0.0, 0.0, 0.0, 0.0, 0.0, 0.8571, 1.0, 1.0, 0.0909, 0.0, 0.0, 0.0, 0.0, 0.9091, 1.0, 0.9167, 0.0, 0.0, 0.0, 0.0, 0.0, 1.0, 0.8571, 0.8889, 0.0, 0.0, 0.0, 0.0, 0.0, 0.9, 0.6667, 1.0, 0.0, 0.0, 0.0, 0.0, 0.0, 0.0833, 1.0, 0.8571, 0.0, 0.0, 0.0, 0.0, 0.0, 0.0, 0.75, 1.0, 0.0, 0.0, 0.0, 0.0, 0.0, 0.0, 1.0, 1.0, 0.0, 0.0, 0.0, 0.0, 0.2, 0.0, 0.6667, 0.8889, 0.0, 0.0, 0.0, 1.0, 0.0, 0.0, 0.0, 0.8333, 0.0, 0.0, 0.0, 1.0, 0.0, 0.0, 0.0, 0.5714, 0.0, 0.0, 0.0, 0.8333, 0.0, 0.0, 0.0, 1.0, 0.0, 0.0, 0.0]","[15, 24, 26, 27, 54, 65, 87, 95, 133, 150, 166, 180, 213]"
cluster,0.95,3,cluster,0.3215,0.3215,0.3215,1.0,0.3215,0.0,27,True,643,0,312,1045,0,"[0.05, 0.068, 0.087, 0.1075, 0.13, 0.1585, 0.1775, 0.1965, 0.213, 0.2295, 0.246, 0.2555, 0.264, 0.274, 0.2815, 0.288, 0.2935, 0.3, 0.3055, 0.3105, 0.315, 0.316, 0.317, 0.3185, 0.3195, 0.3205, 0.3215, 0.3215, 0.3215, 0.3215, 0.3215, 0.3215, 0.3215, 0.3215, 0.3215, 0.3215, 0.3215, 0.3215, 0.3215, 0.3215, 0.3215, 0.3215, 0.3215, 0.3215, 0.3215, 0.3215, 0.3215, 0.3215, 0.3215, 0.3215, 0.3215, 0.3215, 0.3215, 0.3215, 0.3215, 0.3215, 0.3215, 0.3215, 0.3215, 0.3215, 0.3215, 0.3215, 0.3215, 0.3215, 0.3215, 0.3215, 0.3215, 0.3215, 0.3215, 0.3215, 0.3215, 0.3215, 0.3215, 0.3215, 0.3215, 0.3215, 0.3215, 0.3215, 0.3215, 0.3215, 0.3215, 0.3215, 0.3215, 0.3215, 0.3215, 0.3215, 0.3215, 0.3215, 0.3215, 0.3215, 0.3215, 0.3215, 0.3215, 0.3215, 0.3215, 0.3215, 0.3215, 0.3215, 0.3215, 0.3215, 0.3215]","{""0"": 0.6128, ""1"": 0.315, ""2"": 0.2702, ""3"": 0.552, ""4"": 0.1983, ""5"": 0.5155, ""6"": 0.0043, ""7"": 0.052}","[0.3333, 0.0, 0.0, 0.0, 0.0, 0.0, 0.7143, 0.0, 0.0, 0.0, 0.0, 0.0, 0.0, 0.0, 0.0, 0.0, 0.0, 0.0, 0.0, 0.0, 0.0, 0.0, 0.0, 0.0, 0.0, 1.0, 0.1667, 0.0, 0.0, 0.0, 0.0, 0.0, 0.0, 1.0, 0.4286, 0.0, 1.0, 0.0, 0.0, 0.0, 0.0, 1.0, 0.6667, 0.0, 0.25, 0.0, 0.0, 0.0, 0.0, 1.0, 0.875, 0.0, 0.0, 0.0, 0.0, 0.0, 0.0, 0.625, 0.8333, 0.0, 0.0, 0.0, 0.0, 0.0, 0.0, 0.8333, 1.0, 0.0, 1.0, 0.0, 0.0, 0.0, 0.0, 0.9, 0.875, 0.0, 0.9091, 0.0, 0.1818, 0.0, 0.0, 0.875, 1.0, 0.0, 0.8571, 0.0, 0.0, 0.0, 0.0, 1.0, 1.0, 0.0, 0.9091, 0.0, 0.0, 0.0, 0.0, 0.6364, 0.75, 0.0, 0.625, 0.0, 0.0, 0.0, 0.125, 0.75, 0.8889, 0.0, 0.5, 0.0, 0.6667, 0.0, 1.0, 0.7778, 1.0, 0.0, 0.9, 1.0, 1.0, 0.0, 0.875, 0.5714, 0.7778, 0.0, 1.0, 0.75, 0.75, 0.0, 0.0, 1.0, 0.0, 0.0, 1.0, 0.8889, 1.0, 0.0, 0.0, 0.5, 0.0, 0.0, 0.75, 1.0, 0.5833, 0.125, 0.0, 0.125, 0.0, 0.0, 0.7778, 1.0, 1.0, 0.0, 0.0, 1.0, 0.0, 0.0, 1.0, 0.875, 1.0, 0.0, 0.0, 0.9091, 0.0, 0.8571, 0.8, 1.0, 1.0, 0.0, 0.0, 0.8, 0.0, 0.8889, 1.0, 0.0, 0.8571, 0.0, 0.0, 0.8333, 0.0, 1.0, 1.0, 0.0, 0.5714, 0.0, 0.0, 0.8889, 0.0, 0.8333, 0.8889, 0.0, 1.0, 0.0, 0.0, 1.0, 0.0, 0.9, 1.0, 0.0, 0.75, 0.0, 0.0, 0.8, 0.0, 0.8889, 0.875, 0.0, 0.8889, 0.0, 0.0, 1.0, 0.0, 1.0, 0.7143, 0.0, 0.7143, 0.0, 0.0, 0.875, 0.0, 0.7143, 0.0, 0.2, 0.7778, 0.0, 0.0, 0.0, 0.0, 0.2, 0.0, 0.0, 1.0, 0.0, 0.0, 0.1111, 0.0, 0.0, 0.0, 0.0, 0.8333, 0.0, 0.0, 0.0, 0.0, 0.1111, 0.0, 0.0, 0.75, 0.0, 0.0, 0.0]","[25, 36, 66, 68, 81, 112, 114, 117, 129, 132, 158, 165, 179, 190, 211]"
cluster,0.95,4,cluster,0.336,0.336,0.336,1.0,0.336,0.0,32,True,672,0,305,1023,0,"[0.05, 0.068, 0.084, 0.1045, 0.1215, 0.1415, 0.1615, 0.1775, 0.192, 0.203, 0.2105, 0.2185, 0.2245, 0.2335, 0.244, 0.256, 0.2645, 0.272, 0.284, 0.2985, 0.307, 0.311, 0.3145, 0.317, 0.3205, 0.3235, 0.3275, 0.332, 0.333, 0.334, 0.3355, 0.336, 0.336, 0.336, 0.336, 0.336, 0.336, 0.336, 0.336, 0.336, 0.336, 0.336, 0.336, 0.336, 0.336, 0.336, 0.336, 0.336, 0.336, 0.336, 0.336, 0.336, 0.336, 0.336, 0.336, 0.336, 0.336, 0.336, 0.336, 0.336, 0.336, 0.336, 0.336, 0.336, 0.336, 0.336, 0.336, 0.336, 0.336, 0.336, 0.336, 0.336, 0.336, 0.336, 0.336, 0.336, 0.336, 0.336, 0.336, 0.336, 0.336, 0.336, 0.336, 0.336, 0.336, 0.336, 0.336, 0.336, 0.336, 0.336, 0.336, 0.336, 0.336, 0.336, 0.336, 0.336, 0.336, 0.336, 0.336, 0.336, 0.336]","{""0"": 0.3089, ""1"": 0.0531, ""2"": 0.825, ""3"": 0.0, ""4"": 0.1092, ""5"": 0.8803, ""6"": 0.179, ""7"": 0.3089}","[0.5556, 0.0, 0.0, 1.0, 0.0, 0.125, 1.0, 0.0, 0.6667, 0.0, 0.0, 0.6667, 0.0, 1.0, 1.0, 0.0, 0.9091, 0.0, 0.0, 1.0, 0.0, 1.0, 0.8571, 0.0, 1.0, 0.0, 0.0, 0.7143, 0.0, 0.25, 1.0, 0.0, 1.0, 0.0, 0.1429, 1.0, 0.0, 0.0, 0.75, 0.0, 0.8333, 0.0, 0.1, 0.8, 0.0, 0.0, 0.9, 0.0, 0.5, 0.0, 0.0, 0.875, 0.0, 0.25, 0.9091, 0.0, 1.0, 0.0, 1.0, 0.8571, 0.0, 0.0, 0.875, 0.0, 0.3333, 0.0, 0.4, 0.75, 0.0, 1.0, 0.875, 0.0, 0.0, 0.0, 0.0769, 0.8889, 0.0, 0.0, 0.9286, 0.0, 0.125, 0.0, 0.0, 0.8333, 0.0, 0.0, 1.0, 0.0, 0.75, 0.0, 0.0, 1.0, 0.0, 0.0, 0.9, 0.0, 0.6, 0.0, 0.0, 0.8571, 0.0, 0.0, 0.7778, 0.0, 0.0, 1.0, 0.0, 1.0, 0.0, 0.0, 0.8571, 0.0, 0.0, 0.8, 0.0, 1.0, 0.0, 0.0, 0.8571, 0.0, 0.0, 1.0, 0.0, 0.9, 0.0, 0.0, 1.0, 0.0, 0.0, 1.0, 0.0, 0.75, 0.0, 0.0909, 1.0, 0.0, 0.0, 0.8571, 0.0, 0.1, 0.0, 0.0, 1.0, 0.0, 0.0, 0.8, 0.0, 0.1667, 0.0, 0.0, 0.6667, 0.0, 0.0, 1.0, 0.0, 0.5, 0.0, 0.0, 0.8889, 0.0588, 0.0, 1.0, 0.0, 0.8571, 0.0, 0.0, 0.7273, 0.8571, 0.0, 1.0, 0.0, 0.9091, 0.0, 0.0, 0.875, 1.0, 0.0, 0.9, 0.0, 0.8333, 0.0, 0.0, 1.0, 1.0, 0.0, 0.5455, 0.0, 1.0, 0.0, 0.0, 0.9231, 1.0, 0.0, 0.0, 0.0, 0.7, 0.0, 0.1667, 1.0, 0.75, 0.0, 0.25, 0.0, 0.8, 0.0, 0.0, 0.5556, 0.6667, 0.0, 0.0, 0.0, 0.8182, 0.0, 0.0, 0.8571, 0.0, 0.0, 0.0, 0.0, 0.9231, 0.0, 0.0, 0.9091, 0.1, 0.0, 0.0, 0.0, 1.0, 0.0, 0.0, 0.8, 0.0, 0.1429, 0.0, 0.0, 1.0, 0.0, 0.0, 0.8889, 0.0, 0.8571, 0.0, 0.0, 1.0, 0.0, 0.4286, 0.8889, 0.0, 0.8571, 0.0]","[14, 21, 24, 56, 58, 69, 115, 126, 161, 187, 191, 198, 235]"
cluster,0.95,5,cluster,0.217,0.217,0.217,1.0,0.217,0.0,15,True,434,0,282,1284,0,"[0.05, 0.067, 0.092, 0.1125, 0.1325, 0.1535, 0.1685, 0.1795, 0.189, 0.197, 0.2055, 0.212, 0.2145, 0.2155, 0.217, 0.217, 0.217, 0.217, 0.217, 0.217, 0.217, 0.217, 0.217, 0.217, 0.217, 0.217, 0.217, 0.217, 0.217, 0.217, 0.217, 0.217, 0.217, 0.217, 0.217, 0.217, 0.217, 0.217, 0.217, 0.217, 0.217, 0.217, 0.217, 0.217, 0.217, 0.217, 0.217, 0.217, 0.217, 0.217, 0.217, 0.217, 0.217, 0.217, 0.217, 0.217, 0.217, 0.217, 0.217, 0.217, 0.217, 0.217, 0.217, 0.217, 0.217, 0.217, 0.217, 0.217, 0.217, 0.217, 0.217, 0.217, 0.217, 0.217, 0.217, 0.217, 0.217, 0.217, 0.217, 0.217, 0.217, 0.217, 0.217, 0.217, 0.217, 0.217, 0.217, 0.217, 0.217, 0.217, 0.217, 0.217, 0.217, 0.217, 0.217, 0.217, 0.217, 0.217, 0.217, 0.217, 0.217]","{""0"": 0.3004, ""1"": 0.1107, ""2"": 0.1181, ""3"": 0.2625, ""4"": 0.0892, ""5"": 0.1365, ""6"": 0.2263, ""7"": 0.5348}","[0.2222, 0.75, 0.0, 0.0, 0.0, 0.0, 0.0, 0.6667, 0.0, 1.0, 0.0, 0.0, 0.0, 0.0, 0.0, 0.7273, 0.0, 0.8889, 0.0, 0.0, 0.0, 0.0, 0.0, 1.0, 0.0, 1.0, 0.1111, 0.0, 0.0, 1.0, 0.0, 1.0, 0.0, 0.75, 0.0, 0.0, 0.0, 1.0, 0.1818, 0.8889, 0.7778, 0.8182, 0.0, 0.0, 0.0, 0.8571, 0.0, 1.0, 0.8, 0.8571, 0.0, 0.0, 0.0, 0.2, 0.8333, 0.2, 1.0, 0.7, 0.0, 0.0, 0.0, 0.0, 0.8333, 0.0, 1.0, 1.0, 0.0, 0.0, 0.7778, 0.0, 1.0, 0.0, 0.875, 0.0, 0.0, 0.0, 1.0, 0.0, 0.875, 0.0, 1.0, 0.0, 0.0, 0.0, 0.7778, 0.0, 1.0, 0.0, 0.8, 0.0, 0.0, 0.0, 1.0, 0.0, 0.125, 0.0, 1.0, 0.0, 0.0, 0.0, 0.8182, 0.0, 0.0, 0.0, 0.6667, 0.0, 0.0, 0.0, 1.0, 0.0, 0.0, 0.0, 1.0, 0.0, 0.0, 0.0, 0.8667, 0.2857, 0.0, 0.0, 0.8333, 0.0, 0.125, 1.0, 0.8333, 0.0, 0.0, 0.7778, 0.875, 0.0, 1.0, 0.8889, 0.0, 0.0, 0.0, 0.0, 0.8571, 0.0, 1.0, 1.0, 0.0, 0.0, 0.0, 0.0, 1.0, 0.0, 0.8571, 0.625, 0.0, 0.0, 0.0, 0.0, 1.0, 0.125, 0.6667, 0.0, 0.0, 0.0, 0.0, 0.0, 0.875, 0.0, 0.0, 0.0, 0.0, 0.0, 0.0, 0.0, 0.8, 0.0, 0.0, 0.0, 0.0, 0.0, 0.0, 0.0, 0.8, 0.0, 0.0, 0.0, 0.0, 0.0, 0.0, 0.0, 0.125, 0.0, 0.0, 0.0, 0.0, 0.0, 0.0, 0.0, 0.0, 0.0, 0.0, 0.0, 0.125, 0.0, 0.0, 0.0, 0.0, 0.0, 0.0, 0.0, 0.0, 0.0, 0.0, 0.0, 0.0, 0.0, 0.0, 0.0, 0.0, 0.0, 0.0, 0.0, 0.0, 0.0, 0.0, 0.0, 0.0, 0.0, 0.0, 0.0, 0.0, 0.1667, 0.0, 0.0, 0.0, 0.0, 0.0, 0.0, 0.0, 0.0, 0.0, 0.0, 0.0, 0.0, 0.0, 0.0, 0.25, 1.0, 0.0, 0.0, 0.0, 0.0, 0.0, 0.0, 0.0, 0.75]","[9, 23, 31, 37, 65, 86, 96, 108, 127, 130, 138, 139, 144]"
cluster,0.95,6,cluster,0.386,0.386,0.386,1.0,0.386,0.0,41,True,772,0,309,919,0,"[0.05, 0.073, 0.098, 0.121, 0.1425, 0.1595, 0.1735, 0.186, 0.1965, 0.2085, 0.2225, 0.234, 0.2445, 0.256, 0.2695, 0.2785, 0.2885, 0.299, 0.309, 0.3165, 0.3235, 0.33, 0.339, 0.3435, 0.348, 0.352, 0.354, 0.3545, 0.3565, 0.36, 0.363, 0.364, 0.365, 0.366, 0.368, 0.37, 0.3705, 0.3725, 0.376, 0.3835, 0.386, 0.386, 0.386, 0.386, 0.386, 0.386, 0.386, 0.386, 0.386, 0.386, 0.386, 0.386, 0.386, 0.386, 0.386, 0.386, 0.386, 0.386, 0.386, 0.386, 0.386, 0.386, 0.386, 0.386, 0.386, 0.386, 0.386, 0.386, 0.386, 0.386, 0.386, 0.386, 0.386, 0.386, 0.386, 0.386, 0.386, 0.386, 0.386, 0.386, 0.386, 0.386, 0.386, 0.386, 0.386, 0.386, 0.386, 0.386, 0.386, 0.386, 0.386, 0.386, 0.386, 0.386, 0.386, 0.386, 0.386, 0.386, 0.386, 0.386, 0.386]","{""0"": 0.8492, ""1"": 0.7206, ""2"": 0.2092, ""3"": 0.2996, ""4"": 0.556, ""5"": 0.1339, ""6"": 0.0811, ""7"": 0.247}","[0.5556, 1.0, 0.6667, 0.0, 0.0, 0.0, 0.1, 1.0, 0.375, 0.8889, 0.75, 0.0, 0.0, 0.0, 0.0, 0.7778, 1.0, 0.8, 1.0, 0.0, 0.0, 0.0, 0.0, 0.0, 0.7692, 1.0, 0.8, 0.0, 0.0, 0.0, 0.0, 0.0, 1.0, 0.8182, 0.625, 0.0, 0.0, 0.0, 0.0, 0.0, 1.0, 0.7273, 1.0, 0.0, 0.0, 0.0, 0.0, 0.0, 1.0, 1.0, 0.9091, 0.0, 0.0, 0.0, 0.0, 0.0, 0.8, 0.6667, 0.8571, 0.0, 0.0, 0.1667, 0.125, 0.0, 0.0, 0.8462, 0.6667, 0.0, 0.125, 0.0, 0.6, 0.25, 0.0, 1.0, 0.0, 0.0, 0.0, 1.0, 1.0, 0.1, 0.0, 1.0, 0.0, 0.1429, 0.0, 1.0, 0.75, 0.0, 0.0, 1.0, 0.0, 0.1429, 1.0, 1.0, 1.0, 0.0, 0.0, 0.8333, 0.0, 0.0, 1.0, 1.0, 1.0, 0.0, 0.0, 0.9, 0.6667, 0.0, 0.8333, 1.0, 0.0, 0.0, 0.0, 0.8333, 0.5833, 0.0, 0.75, 0.875, 0.0, 0.0, 0.0, 0.4286, 0.8889, 0.0, 0.3333, 1.0, 0.0, 0.0, 0.0, 0.8462, 1.0, 0.0, 1.0, 0.7273, 0.0, 0.1, 0.0, 0.8, 1.0, 0.8333, 1.0, 0.7778, 0.0, 0.0, 0.0, 0.875, 1.0, 0.8333, 1.0, 0.875, 0.0, 0.0, 0.0, 1.0, 0.7778, 0.8462, 0.7778, 0.8, 0.0, 0.0, 0.0, 0.8, 1.0, 0.6667, 1.0, 0.8, 0.0, 0.0, 0.0, 1.0, 0.8571, 1.0, 0.875, 0.75, 0.0, 0.0, 0.0, 1.0, 1.0, 1.0, 1.0, 1.0, 0.0, 0.0, 0.0, 0.8889, 0.6667, 1.0, 0.0, 0.6667, 0.0, 0.0, 0.0, 0.875, 0.75, 0.25, 0.0, 0.9231, 0.0, 0.0, 0.2222, 1.0, 0.875, 0.0, 0.0, 0.9, 0.0, 0.0, 0.25, 1.0, 1.0, 0.0, 0.0, 1.0, 0.0, 0.0, 0.0, 0.8, 0.7778, 0.0, 0.0, 1.0, 0.0, 0.0, 0.0, 0.75, 0.8333, 0.0, 0.0, 0.1667, 0.0, 0.0, 0.0, 0.6667, 0.7778, 0.0, 0.0, 0.1667, 0.0, 0.125, 0.0, 0.7273, 1.0, 0.0, 0.0, 0.0, 0.0, 0.0, 0.0, 0.8]","[7, 25, 48, 85, 94, 100, 132, 171, 181, 201, 210, 242]"
cluster,0.95,7,cluster,0.181,0.181,0.181,1.0,0.181,0.0,18,True,362,0,307,1331,0,"[0.05, 0.0705, 0.0905, 0.1085, 0.1185, 0.1285, 0.143, 0.155, 0.1645, 0.1705, 0.1735, 0.174, 0.1745, 0.175, 0.1755, 0.1775, 0.1795, 0.181, 0.181, 0.181, 0.181, 0.181, 0.181, 0.181, 0.181, 0.181, 0.181, 0.181, 0.181, 0.181, 0.181, 0.181, 0.181, 0.181, 0.181, 0.181, 0.181, 0.181, 0.181, 0.181, 0.181, 0.181, 0.181, 0.181, 0.181, 0.181, 0.181, 0.181, 0.181, 0.181, 0.181, 0.181, 0.181, 0.181, 0.181, 0.181, 0.181, 0.181, 0.181, 0.181, 0.181, 0.181, 0.181, 0.181, 0.181, 0.181, 0.181, 0.181, 0.181, 0.181, 0.181, 0.181, 0.181, 0.181, 0.181, 0.181, 0.181, 0.181, 0.181, 0.181, 0.181, 0.181, 0.181, 0.181, 0.181, 0.181, 0.181, 0.181, 0.181, 0.181, 0.181, 0.181, 0.181, 0.181, 0.181, 0.181, 0.181, 0.181, 0.181, 0.181, 0.181]","{""0"": 0.5862, ""1"": 0.1694, ""2"": 0.1206, ""3"": 0.0, ""4"": 0.2267, ""5"": 0.1514, ""6"": 0.0044, ""7"": 0.1548}","[0.2222, 1.0, 0.0, 0.0, 0.0, 0.0, 0.5, 0.125, 0.0, 1.0, 0.0, 0.0, 0.0, 0.0, 0.0, 0.0, 0.0, 1.0, 0.0, 0.4286, 0.0, 0.0833, 0.0, 0.0, 0.1429, 1.0, 0.0, 1.0, 0.0, 0.25, 0.0, 0.0, 0.0, 1.0, 0.0, 0.8571, 0.0, 0.0, 0.0, 0.0, 0.0, 0.8571, 0.8333, 0.8, 0.0, 0.0, 0.0, 0.0, 0.0, 0.875, 1.0, 0.8, 0.0, 0.0, 0.0, 0.0, 0.0, 0.875, 1.0, 0.125, 0.0, 0.0, 0.0, 0.0, 0.0, 0.6667, 1.0, 0.0, 0.0, 0.0, 0.0, 0.0, 0.0, 0.8, 0.8, 0.0, 0.0, 0.0, 0.0, 0.0, 0.0, 0.6667, 0.6, 0.0, 0.0, 0.0, 0.0, 0.0, 0.0, 1.0, 0.0, 0.0, 0.0, 0.0, 0.0, 0.0, 0.0, 0.875, 0.0, 0.0, 0.0, 0.0, 0.0, 0.0, 0.0, 1.0, 0.0, 0.0, 0.0, 0.5, 0.0, 0.0, 0.0, 1.0, 0.0, 0.0, 0.0, 1.0, 0.0, 0.0, 0.125, 1.0, 0.0, 0.0, 0.0, 0.9167, 0.0, 0.0, 0.0, 0.8333, 0.0, 0.0, 0.0, 0.8333, 0.0, 0.0, 0.0, 0.0, 0.0, 0.0, 0.0, 1.0, 1.0, 0.0, 0.0, 0.1667, 0.0, 0.0, 0.0, 0.75, 0.8, 0.0, 0.0, 0.0, 0.0, 0.0, 0.0, 0.8571, 0.0, 0.0, 0.0, 0.0, 0.2222, 0.0, 0.0, 0.5, 0.0, 0.0, 0.6667, 0.0, 0.0, 0.0, 0.0, 0.3333, 0.0, 0.0, 0.875, 0.0, 0.0, 0.0, 0.0, 0.0909, 0.0, 0.0, 0.9, 0.0, 0.0, 0.0, 0.0, 0.0, 0.0, 0.0, 1.0, 0.0, 0.0, 0.0, 0.0, 0.0, 0.0, 0.0, 1.0, 0.0, 0.0, 0.0, 0.0, 0.0, 0.0, 0.0, 0.1, 0.0, 0.0, 0.0, 0.0, 0.0, 0.0, 0.0, 0.0, 0.0, 0.0, 0.0, 0.0, 0.0, 0.3333, 0.0, 0.0, 0.0, 0.0, 0.0, 0.0, 0.0, 0.7778, 0.0, 0.0, 0.0, 0.0, 0.0, 0.0, 0.0, 1.0, 0.0, 0.0, 0.5714, 0.0, 0.0, 0.0, 0.0, 0.8571, 0.0, 0.0, 0.7273]","[1, 17, 27, 66, 117, 121, 141, 142, 176, 192, 238]"
cluster,0.95,8,cluster,0.2745,0.2745,0.2745,1.0,0.2745,-0.0,30,True,549,0,287,1164,0,"[0.05, 0.0695, 0.09, 0.1055, 0.1175, 0.1325, 0.145, 0.157, 0.1705, 0.1835, 0.197, 0.2025, 0.208, 0.2125, 0.2185, 0.2225, 0.228, 0.2335, 0.241, 0.2475, 0.252, 0.2565, 0.26, 0.2625, 0.2645, 0.2665, 0.269, 0.2715, 0.2735, 0.2745, 0.2745, 0.2745, 0.2745, 0.2745, 0.2745, 0.2745, 0.2745, 0.2745, 0.2745, 0.2745, 0.2745, 0.2745, 0.2745, 0.2745, 0.2745, 0.2745, 0.2745, 0.2745, 0.2745, 0.2745, 0.2745, 0.2745, 0.2745, 0.2745, 0.2745, 0.2745, 0.2745, 0.2745, 0.2745, 0.2745, 0.2745, 0.2745, 0.2745, 0.2745, 0.2745, 0.2745, 0.2745, 0.2745, 0.2745, 0.2745, 0.2745, 0.2745, 0.2745, 0.2745, 0.2745, 0.2745, 0.2745, 0.2745, 0.2745, 0.2745, 0.2745, 0.2745, 0.2745, 0.2745, 0.2745, 0.2745, 0.2745, 0.2745, 0.2745, 0.2745, 0.2745, 0.2745, 0.2745, 0.2745, 0.2745, 0.2745, 0.2745, 0.2745, 0.2745, 0.2745, 0.2745]","{""0"": 0.3433, ""1"": 0.6777, ""2"": 0.0957, ""3"": 0.4533, ""4"": 0.1053, ""5"": 0.1202, ""6"": 0.0421, ""7"": 0.3333}","[0.3333, 0.0, 1.0, 0.0, 0.0, 0.8182, 0.0, 0.0, 0.0, 0.0, 0.9167, 0.2, 0.0, 0.0, 0.0, 0.0, 0.625, 0.0, 1.0, 0.6667, 1.0, 0.0, 0.0, 0.0, 1.0, 0.0, 0.875, 0.8, 0.7143, 0.0, 0.75, 0.0, 1.0, 0.0, 1.0, 0.8571, 1.0, 0.0, 1.0, 0.0, 1.0, 0.0, 0.875, 0.5, 0.8, 0.3333, 1.0, 0.0, 0.7, 0.0, 1.0, 0.0, 0.0, 1.0, 0.625, 0.0, 1.0, 0.0, 0.9286, 0.0, 0.0, 0.0, 0.0, 0.0, 1.0, 0.0, 0.9091, 0.0, 0.0, 0.0, 0.0, 0.0, 1.0, 0.0, 1.0, 0.0, 0.1111, 0.0, 0.0, 0.0, 1.0, 0.0, 0.8889, 0.0, 0.2, 0.0, 0.0, 0.0, 0.6667, 0.0, 0.8889, 0.0, 0.0, 0.0, 0.0, 0.0, 0.8333, 0.0, 0.8889, 0.0, 0.0, 0.0, 0.0, 0.0, 0.0, 0.0, 0.9, 0.0, 0.8333, 0.0, 0.0, 0.0, 0.0, 0.0, 1.0, 0.0, 1.0, 0.0, 0.0, 0.0, 0.0, 0.0, 1.0, 0.0, 1.0, 0.0, 0.0, 0.1111, 0.0, 0.0, 1.0, 0.1, 0.8333, 0.0, 0.0, 0.0, 0.0, 0.1667, 0.75, 0.0, 1.0, 0.0, 0.0, 0.0, 0.0, 0.8571, 0.7778, 0.0, 1.0, 0.0, 0.0, 0.0, 0.0, 1.0, 0.6667, 0.0, 0.6667, 0.0, 0.0, 0.0, 0.0, 0.8182, 0.0, 0.0, 1.0, 0.0, 0.0, 0.0, 0.0, 1.0, 0.125, 0.0, 1.0, 0.0, 0.0, 0.0, 0.0, 1.0, 0.0, 0.0, 0.9, 0.0, 0.0, 0.0, 0.0, 0.7273, 0.0, 0.0, 0.7143, 0.0, 0.0, 0.0, 0.0, 1.0, 0.0, 0.0, 0.8, 0.2, 0.0, 0.0, 0.0, 0.9, 0.0, 0.0, 0.0, 0.0, 0.0, 0.0, 0.0, 0.8333, 0.0, 0.0, 0.0, 0.0, 0.0, 0.0, 0.0, 0.9, 0.0, 0.0, 0.0, 0.0, 0.0, 0.0, 0.2857, 1.0, 0.6667, 0.0, 0.0, 0.0, 0.0, 0.0, 0.0, 0.8571, 0.6364, 0.0, 0.0, 0.125, 0.0, 1.0, 0.0, 0.625, 0.625, 0.0, 0.0, 1.0, 0.0, 0.0, 0.0, 0.0]","[20, 24, 38, 46, 50, 53, 74, 80, 116, 124, 169, 239, 245]"
cluster,0.95,9,cluster,0.241,0.241,0.241,1.0,0.241,-0.0,15,True,482,0,302,1216,0,"[0.05, 0.069, 0.0875, 0.1115, 0.1355, 0.1545, 0.1745, 0.184, 0.196, 0.211, 0.22, 0.229, 0.236, 0.24, 0.241, 0.241, 0.241, 0.241, 0.241, 0.241, 0.241, 0.241, 0.241, 0.241, 0.241, 0.241, 0.241, 0.241, 0.241, 0.241, 0.241, 0.241, 0.241, 0.241, 0.241, 0.241, 0.241, 0.241, 0.241, 0.241, 0.241, 0.241, 0.241, 0.241, 0.241, 0.241, 0.241, 0.241, 0.241, 0.241, 0.241, 0.241, 0.241, 0.241, 0.241, 0.241, 0.241, 0.241, 0.241, 0.241, 0.241, 0.241, 0.241, 0.241, 0.241, 0.241, 0.241, 0.241, 0.241, 0.241, 0.241, 0.241, 0.241, 0.241, 0.241, 0.241, 0.241, 0.241, 0.241, 0.241, 0.241, 0.241, 0.241, 0.241, 0.241, 0.241, 0.241, 0.241, 0.241, 0.241, 0.241, 0.241, 0.241, 0.241, 0.241, 0.241, 0.241, 0.241, 0.241, 0.241, 0.241]","{""0"": 0.0902, ""1"": 0.8824, ""2"": 0.0285, ""3"": 0.4118, ""4"": 0.1473, ""5"": 0.0268, ""6"": 0.1057, ""7"": 0.2179}","[0.3333, 0.1, 0.8, 0.0, 0.75, 0.0, 0.0, 1.0, 0.0, 0.0, 0.8571, 0.0, 1.0, 0.0, 0.0, 0.0, 0.0, 0.2, 0.75, 0.0, 1.0, 0.0, 0.0, 0.0, 0.0, 0.1429, 0.5714, 0.0, 1.0, 0.0, 0.0, 0.0, 0.0, 0.0, 1.0, 0.0, 0.0, 0.0, 0.0, 0.1111, 0.0, 0.0, 0.8, 0.0, 0.0, 0.0, 0.0, 0.1, 0.0, 0.0, 0.8333, 0.0, 0.0, 0.1111, 0.0, 0.0, 0.0, 0.0, 1.0, 0.0, 0.0, 0.0, 0.0, 0.1667, 0.0, 0.0, 0.8, 0.0, 0.0, 0.8571, 0.0, 0.0, 0.0, 0.0, 0.875, 0.0, 0.0, 1.0, 0.0, 0.0, 0.0, 0.0, 1.0, 0.0, 0.125, 0.8182, 0.0, 0.0, 0.0, 0.0, 0.5, 0.0, 0.0, 0.7778, 0.0, 0.0, 0.0833, 0.0, 0.8571, 0.0, 0.0, 0.8889, 0.0, 0.0, 1.0, 0.0, 0.8, 0.0, 0.0, 0.0, 0.0, 0.0, 0.875, 0.0, 1.0, 0.0, 0.0, 0.0909, 0.0, 0.0, 0.875, 0.0, 0.8333, 0.0, 0.0, 0.0, 0.0, 0.0, 0.8333, 0.0, 0.8182, 0.0, 0.0, 0.0, 0.0, 0.0, 1.0, 0.0, 1.0, 0.0, 0.0, 0.0, 0.0, 0.0, 0.8571, 0.0, 0.8333, 0.0, 0.0, 0.0, 0.125, 0.0, 0.6667, 0.0, 1.0, 0.0, 0.0, 0.0, 0.0, 0.0, 0.5, 0.0, 1.0, 0.0, 0.4, 0.0, 0.0, 0.0, 0.0, 0.1429, 0.8571, 0.0, 0.75, 0.0, 0.0, 0.0, 0.0, 0.0, 0.9167, 1.0, 0.8333, 0.0, 1.0, 0.0, 0.0, 0.0, 1.0, 0.0, 1.0, 0.0, 0.0, 0.0, 0.0, 0.0, 0.6667, 0.0, 0.8571, 0.0, 0.0, 0.0, 0.0, 0.0, 1.0, 0.0, 0.8571, 0.0, 0.1429, 0.0, 0.0, 0.0, 1.0, 0.0, 1.0, 0.0, 0.0, 0.0, 0.0, 0.0, 0.75, 0.0, 0.6667, 0.0, 0.0, 0.0, 0.0, 0.8, 1.0, 0.0, 0.8571, 0.0, 0.0, 0.875, 0.0, 1.0, 1.0, 0.0909, 0.9091, 0.0, 0.0, 1.0, 0.0, 1.0, 1.0, 0.0, 1.0, 0.0, 0.0, 0.25, 0.0, 0.0]","[7, 12, 34, 77, 114, 136, 162, 179, 182, 212, 233, 234, 239, 244]"
cluster,0.95,10,cluster,0.359,0.359,0.359,1.0,0.359,0.0,53,True,718,0,280,1002,0,"[0.05, 0.0695, 0.089, 0.1025, 0.1195, 0.142, 0.1645, 0.184, 0.2035, 0.217, 0.2275, 0.239, 0.245, 0.2525, 0.2615, 0.268, 0.27, 0.2735, 0.276, 0.2785, 0.2835, 0.287, 0.291, 0.2935, 0.2955, 0.2975, 0.2985, 0.299, 0.2995, 0.3015, 0.304, 0.306, 0.309, 0.312, 0.315, 0.319, 0.323, 0.328, 0.331, 0.3355, 0.337, 0.3375, 0.339, 0.34, 0.3415, 0.3435, 0.347, 0.3495, 0.351, 0.3525, 0.355, 0.357, 0.359, 0.359, 0.359, 0.359, 0.359, 0.359, 0.359, 0.359, 0.359, 0.359, 0.359, 0.359, 0.359, 0.359, 0.359, 0.359, 0.359, 0.359, 0.359, 0.359, 0.359, 0.359, 0.359, 0.359, 0.359, 0.359, 0.359, 0.359, 0.359, 0.359, 0.359, 0.359, 0.359, 0.359, 0.359, 0.359, 0.359, 0.359, 0.359, 0.359, 0.359, 0.359, 0.359, 0.359, 0.359, 0.359, 0.359, 0.359, 0.359]","{""0"": 0.0, ""1"": 0.0, ""2"": 0.2708, ""3"": 0.0325, ""4"": 0.2789, ""5"": 0.8484, ""6"": 0.6475, ""7"": 0.7977}","[0.6667, 0.0, 0.0, 0.8, 0.1, 1.0, 1.0, 0.3333, 0.8, 0.0, 0.0, 0.8571, 0.0, 1.0, 1.0, 0.0, 0.75, 0.0, 0.0, 0.75, 0.0, 1.0, 1.0, 0.0, 1.0, 0.0, 0.0, 0.5714, 0.0, 0.5, 0.8571, 0.0, 0.8, 0.0, 0.0, 0.0, 0.0, 0.8571, 0.6, 0.0, 0.9231, 0.0, 0.0, 0.0, 0.0, 1.0, 0.8, 1.0, 0.75, 0.0, 0.0, 0.0, 0.0, 0.7778, 0.8571, 0.8889, 0.5714, 0.0, 0.0, 0.0, 0.0, 1.0, 0.5714, 0.0, 0.7143, 0.0, 0.0, 0.0, 0.0, 1.0, 0.8571, 0.0, 0.7857, 0.0, 0.0, 0.0, 0.0, 1.0, 0.7778, 0.0, 0.8889, 0.0, 0.0, 0.0, 0.0, 0.875, 0.8333, 0.0, 1.0, 0.0, 0.0, 0.0, 0.0, 0.125, 1.0, 0.8333, 0.8889, 0.0, 0.0, 0.0, 0.1, 0.0, 0.8571, 1.0, 0.875, 0.0, 0.0, 1.0, 0.0, 0.2857, 1.0, 0.7273, 1.0, 0.0, 0.0, 0.0, 1.0, 0.0, 0.6, 1.0, 1.0, 0.0, 0.0, 0.0, 0.0, 0.0, 0.8571, 0.8571, 0.9, 0.0, 0.0, 0.1111, 0.0, 0.0, 1.0, 1.0, 0.9, 0.0, 0.0, 0.0, 0.0, 0.0, 0.8333, 1.0, 0.0, 0.0, 0.0, 0.0, 0.0, 0.0, 0.8182, 0.7273, 0.1, 0.0, 0.0, 0.0, 0.0, 0.0, 0.9231, 0.8889, 0.8571, 0.0, 0.0, 0.0, 0.0, 0.0, 1.0, 1.0, 0.875, 0.0, 0.0, 0.0, 0.0, 0.0, 0.5714, 1.0, 0.9, 0.0, 0.0, 0.0, 0.0, 0.0, 0.8, 0.8889, 1.0, 0.0, 0.0, 0.0, 0.0, 0.0, 0.8889, 0.6667, 1.0, 0.0, 0.0, 0.125, 0.0, 0.0, 0.5714, 0.8889, 1.0, 0.0, 0.0, 0.1111, 0.0, 0.0, 1.0, 0.9167, 1.0, 0.0, 0.0, 1.0, 0.0, 0.0, 0.7778, 1.0, 0.7778, 0.0, 0.0, 0.7143, 0.0, 0.0, 1.0, 1.0, 0.75, 0.0, 0.0, 0.8, 0.0, 0.0, 0.5556, 0.8333, 0.8, 0.0, 0.0, 1.0, 0.0, 0.1667, 1.0, 1.0, 1.0, 0.0, 0.0, 0.9091, 0.1538, 0.0, 1.0, 1.0, 0.7692, 0.0]","[19, 45, 61, 69, 94, 107, 116, 119, 134, 143, 166, 175, 200, 222, 223]"
cluster,0.95,11,cluster,0.22,0.22,0.22,1.0,0.22,-0.0,23,True,440,0,300,1260,0,"[0.05, 0.0725, 0.0985, 0.122, 0.1355, 0.148, 0.1605, 0.1695, 0.175, 0.1805, 0.187, 0.191, 0.195, 0.198, 0.2005, 0.203, 0.2055, 0.207, 0.209, 0.2125, 0.217, 0.2195, 0.22, 0.22, 0.22, 0.22, 0.22, 0.22, 0.22, 0.22, 0.22, 0.22, 0.22, 0.22, 0.22, 0.22, 0.22, 0.22, 0.22, 0.22, 0.22, 0.22, 0.22, 0.22, 0.22, 0.22, 0.22, 0.22, 0.22, 0.22, 0.22, 0.22, 0.22, 0.22, 0.22, 0.22, 0.22, 0.22, 0.22, 0.22, 0.22, 0.22, 0.22, 0.22, 0.22, 0.22, 0.22, 0.22, 0.22, 0.22, 0.22, 0.22, 0.22, 0.22, 0.22, 0.22, 0.22, 0.22, 0.22, 0.22, 0.22, 0.22, 0.22, 0.22, 0.22, 0.22, 0.22, 0.22, 0.22, 0.22, 0.22, 0.22, 0.22, 0.22, 0.22, 0.22, 0.22, 0.22, 0.22, 0.22, 0.22]","{""0"": 0.0083, ""1"": 0.4242, ""2"": 0.4641, ""3"": 0.4917, ""4"": 0.1976, ""5"": 0.0988, ""6"": 0.0871, ""7"": 0.0037}","[0.6667, 0.0, 0.0, 0.8182, 0.0, 0.0, 0.0, 0.0, 0.0, 0.0, 0.0, 1.0, 0.0, 0.0, 0.0, 0.0, 0.0, 0.0, 0.0, 1.0, 0.0, 0.0, 0.0, 0.0, 0.0, 0.0, 0.0, 0.6667, 0.0, 0.0, 0.0, 0.0, 0.0, 0.0, 0.0, 0.75, 0.0, 0.0, 0.0, 0.0, 0.0, 0.0, 0.0909, 0.75, 0.0, 0.0, 0.0, 1.0, 0.0, 0.0, 0.0, 0.8333, 0.0833, 0.0, 0.0, 0.8889, 0.0, 0.0, 0.0, 1.0, 0.0, 0.1429, 0.0, 0.8571, 0.0, 0.0, 0.0, 1.0, 0.625, 0.0, 0.0, 0.1429, 0.0, 0.0, 0.0, 0.875, 0.9, 0.0, 0.0, 0.0714, 0.0, 0.0, 0.0, 0.9091, 0.8333, 0.0, 0.0, 0.0, 0.0, 0.0, 0.0, 1.0, 1.0, 0.0, 0.0, 0.0, 0.0, 0.0, 0.8889, 0.75, 1.0, 0.0, 0.0, 0.0, 0.0, 0.0, 0.875, 0.0, 0.6667, 0.0, 0.0, 0.0, 0.0, 0.0, 0.875, 0.0, 1.0, 0.1, 0.0, 0.0, 0.0, 0.0, 1.0, 0.0, 0.8889, 0.0, 0.0, 0.0, 0.0, 0.0, 0.8571, 0.0, 1.0, 0.0, 0.0, 0.0, 0.0, 0.0, 0.7778, 0.1667, 0.75, 0.0, 0.0, 0.0, 0.0, 0.0, 0.7143, 0.0, 1.0, 0.0, 0.0, 0.0, 0.0, 0.125, 0.1429, 0.0, 0.1429, 0.0, 0.0, 0.0, 0.0, 0.0, 0.0, 0.0, 0.0, 0.0, 0.0, 0.0, 0.0, 0.2, 0.0, 0.0, 0.0909, 0.1429, 0.0, 0.0, 0.0, 0.0, 1.0, 0.0, 0.0, 0.2222, 0.0, 0.0, 0.0, 0.0, 0.9091, 0.0, 0.6667, 0.7143, 0.0, 0.0, 0.0, 0.0, 1.0, 0.0, 0.5714, 0.875, 0.5, 0.0, 0.0, 0.0, 1.0, 0.1, 1.0, 1.0, 0.7143, 0.0, 0.0, 0.0, 0.6364, 0.0, 1.0, 1.0, 1.0, 0.0, 0.0, 0.0, 0.8571, 0.0, 1.0, 1.0, 0.75, 0.0, 0.0, 0.0, 0.8571, 0.25, 0.6, 0.6667, 0.0, 0.0, 0.0, 0.0, 0.8, 1.0, 0.0, 0.4, 0.0, 0.0, 0.0, 0.0, 0.5, 1.0, 0.0, 0.2222, 0.1429, 0.0, 0.0, 0.0]","[11, 47, 67, 91, 100, 122, 148, 153, 202, 204, 212, 213, 214, 221]"
