seeding.strategy,agents.p_innovator,rep,strategy,final_rate,peak_rate,plateau,relapse,steps_to_fixed_point,converged,n_adopted,n_not_able,n_not_willing,n_not_ready,n_relapsed,curve,dept_rates,team_rates
broadcast,0.0,0,broadcast,0.0,0.0,0.0,0.0,1,True,0,0,286,1714,0,"[0.0, 0.0, 0.0, 0.0, 0.0, 0.0, 0.0, 0.0, 0.0, 0.0, 0.0, 0.0, 0.0, 0.0, 0.0, 0.0, 0.0, 0.0, 0.0, 0.0, 0.0, 0.0, 0.0, 0.0, 0.0, 0.0, 0.0, 0.0, 0.0, 0.0, 0.0, 0.0, 0.0, 0.0, 0.0, 0.0, 0.0, 0.0, 0.0, 0.0, 0.0, 0.0, 0.0, 0.0, 0.0, 0.0, 0.0, 0.0, 0.0, 0.0, 0.0, 0.0, 0.0, 0.0, 0.0, 0.0, 0.0, 0.0, 0.0, 0.0, 0.0, 0.0, 0.0, 0.0, 0.0, 0.0, 0.0, 0.0, 0.0, 0.0, 0.0, 0.0, 0.0, 0.0, 0.0, 0.0, 0.0, 0.0, 0.0, 0.0, 0.0, 0.0, 0.0, 0.0, 0.0, 0.0, 0.0, 0.0, 0.0, 0.0, 0.0, 0.0, 0.0, 0.0, 0.0, 0.0, 0.0, 0.0, 0.0, 0.0, 0.0]","{""0"": 0.0, ""1"": 0.0, ""2"": 0.0, ""3"": 0.0, ""4"": 0.0, ""5"": 0.0, ""6"": 0.0, ""7"": 0.0}","[0.0, 0.0, 0.0, 0.0, 0.0, 0.0, 0.0, 0.0, 0.0, 0.0, 0.0, 0.0, 0.0, 0.0, 0.0, 0.0, 0.0, 0.0, 0.0, 0.0, 0.0, 0.0, 0.0, 0.0, 0.0, 0.0, 0.0, 0.0, 0.0, 0.0, 0.0, 0.0, 0.0, 0.0, 0.0, 0.0, 0.0, 0.0, 0.0, 0.0, 0.0, 0.0, 0.0, 0.0, 0.0, 0.0, 0.0, 0.0, 0.0, 0.0, 0.0, 0.0, 0.0, 0.0, 0.0, 0.0, 0.0, 0.0, 0.0, 0.0, 0.0, 0.0, 0.0, 0.0, 0.0, 0.0, 0.0, 0.0, 0.0, 0.0, 0.0, 0.0, 0.0, 0.0, 0.0, 0.0, 0.0, 0.0, 0.0, 0.0, 0.0, 0.0, 0.0, 0.0, 0.0, 0.0, 0.0, 0.0, 0.0, 0.0, 0.0, 0.0, 0.0, 0.0, 0.0, 0.0, 0.0, 0.0, 0.0, 0.0, 0.0, 0.0, 0.0, 0.0, 0.0, 0.0, 0.0, 0.0, 0.0, 0.0, 0.0, 0.0, 0.0, 0.0, 0.0, 0.0, 0.0, 0.0, 0.0, 0.0, 0.0, 0.0, 0.0, 0.0, 0.0, 0.0, 0.0, 0.0, 0.0, 0.0, 0.0, 0.0, 0.0, 0.0, 0.0, 0.0, 0.0, 0.0, 0.0, 0.0, 0.0, 0.0, 0.0, 0.0, 0.0, 0.0, 0.0, 0.0, 0.0, 0.0, 0.0, 0.0, 0.0, 0.0, 0.0, 0.0, 0.0, 0.0, 0.0, 0.0, 0.0, 0.0, 0.0, 0.0, 0.0, 0.0, 0.0, 0.0, 0.0, 0.0, 0.0, 0.0, 0.0, 0.0, 0.0, 0.0, 0.0, 0.0, 0.0, 0.0, 0.0, 0.0, 0.0, 0.0, 0.0, 0.0, 0.0, 0.0, 0.0, 0.0, 0.0, 0.0, 0.0, 0.0, 0.0, 0.0, 0.0, 0.0, 0.0, 0.0, 0.0, 0.0, 0.0, 0.0, 0.0, 0.0, 0.0, 0.0, 0.0, 0.0, 0.0, 0.0, 0.0, 0.0, 0.0, 0.0, 0.0, 0.0, 0.0, 0.0, 0.0, 0.0, 0.0, 0.0, 0.0, 0.0, 0.0, 0.0, 0.0, 0.0, 0.0, 0.0, 0.0, 0.0, 0.0, 0.0, 0.0, 0.0, 0.0, 0.0, 0.0, 0.0, 0.0, 0.0, 0.0, 0.0, 0.0, 0.0, 0.0, 0.0]"
broadcast,0.0,1,broadcast,0.0,0.0,0.0,0.0,1,True,0,0,290,1710,0,"[0.0, 0.0, 0.0, 0.0, 0.0, 0.0, 0.0, 0.0, 0.0, 0.0, 0.0, 0.0, 0.0, 0.0, 0.0, 0.0, 0.0, 0.0, 0.0, 0.0, 0.0, 0.0, 0.0, 0.0, 0.0, 0.0, 0.0, 0.0, 0.0, 0.0, 0.0, 0.0, 0.0, 0.0, 0.0, 0.0, 0.0, 0.0, 0.0, 0.0, 0.0, 0.0, 0.0, 0.0, 0.0, 0.0, 0.0, 0.0, 0.0, 0.0, 0.0, 0.0, 0.0, 0.0, 0.0, 0.0, 0.0, 0.0, 0.0, 0.0, 0.0, 0.0, 0.0, 0.0, 0.0, 0.0, 0.0, 0.0, 0.0, 0.0, 0.0, 0.0, 0.0, 0.0, 0.0, 0.0, 0.0, 0.0, 0.0, 0.0, 0.0, 0.0, 0.0, 0.0, 0.0, 0.0, 0.0, 0.0, 0.0, 0.0, 0.0, 0.0, 0.0, 0.0, 0.0, 0.0, 0.0, 0.0, 0.0, 0.0, 0.0]","{""0"": 0.0, ""1"": 0.0, ""2"": 0.0, ""3"": 0.0, ""4"": 0.0, ""5"": 0.0, ""6"": 0.0, ""7"": 0.0}","[0.0, 0.0, 0.0, 0.0, 0.0, 0.0, 0.0, 0.0, 0.0, 0.0, 0.0, 0.0, 0.0, 0.0, 0.0, 0.0, 0.0, 0.0, 0.0, 0.0, 0.0, 0.0, 0.0, 0.0, 0.0, 0.0, 0.0, 0.0, 0.0, 0.0, 0.0, 0.0, 0.0, 0.0, 0.0, 0.0, 0.0, 0.0, 0.0, 0.0, 0.0, 0.0, 0.0, 0.0, 0.0, 0.0, 0.0, 0.0, 0.0, 0.0, 0.0, 0.0, 0.0, 0.0, 0.0, 0.0, 0.0, 0.0, 0.0, 0.0, 0.0, 0.0, 0.0, 0.0, 0.0, 0.0, 0.0, 0.0, 0.0, 0.0, 0.0, 0.0, 0.0, 0.0, 0.0, 0.0, 0.0, 0.0, 0.0, 0.0, 0.0, 0.0, 0.0, 0.0, 0.0, 0.0, 0.0, 0.0, 0.0, 0.0, 0.0, 0.0, 0.0, 0.0, 0.0, 0.0, 0.0, 0.0, 0.0, 0.0, 0.0, 0.0, 0.0, 0.0, 0.0, 0.0, 0.0, 0.0, 0.0, 0.0, 0.0, 0.0, 0.0, 0.0, 0.0, 0.0, 0.0, 0.0, 0.0, 0.0, 0.0, 0.0, 0.0, 0.0, 0.0, 0.0, 0.0, 0.0, 0.0, 0.0, 0.0, 0.0, 0.0, 0.0, 0.0, 0.0, 0.0, 0.0, 0.0, 0.0, 0.0, 0.0, 0.0, 0.0, 0.0, 0.0, 0.0, 0.0, 0.0, 0.0, 0.0, 0.0, 0.0, 0.0, 0.0, 0.0, 0.0, 0.0, 0.0, 0.0, 0.0, 0.0, 0.0, 0.0, 0.0, 0.0, 0.0, 0.0, 0.0, 0.0, 0.0, 0.0, 0.0, 0.0, 0.0, 0.0, 0.0, 0.0, 0.0, 0.0, 0.0, 0.0, 0.0, 0.0, 0.0, 0.0, 0.0, 0.0, 0.0, 0.0, 0.0, 0.0, 0.0, 0.0, 0.0, 0.0, 0.0, 0.0, 0.0, 0.0, 0.0, 0.0, 0.0, 0.0, 0.0, 0.0, 0.0, 0.0, 0.0, 0.0, 0.0, 0.0, 0.0, 0.0, 0.0, 0.0, 0.0, 0.0, 0.0, 0.0, 0.0, 0.0, 0.0, 0.0, 0.0, 0.0, 0.0, 0.0, 0.0, 0.0, 0.0, 0.0, 0.0, 0.0, 0.0, 0.0, 0.0, 0.0, 0.0, 0.0, 0.0, 0.0, 0.0, 0.0, 0.0, 0.0, 0.0, 0.0, 0.0, 0.0]"
broadcast,0.0,2,broadcast,0.0,0.0,0.0,0.0,1,True,0,0,307,1693,0,"[0.0, 0.0, 0.0, 0.0, 0.0, 0.0, 0.0, 0.0, 0.0, 0.0, 0.0, 0.0, 0.0, 0.0, 0.0, 0.0, 0.0, 0.0, 0.0, 0.0, 0.0, 0.0, 0.0, 0.0, 0.0, 0.0, 0.0, 0.0, 0.0, 0.0, 0.0, 0.0, 0.0, 0.0, 0.0, 0.0, 0.0, 0.0, 0.0, 0.0, 0.0, 0.0, 0.0, 0.0, 0.0, 0.0, 0.0, 0.0, 0.0, 0.0, 0.0, 0.0, 0.0, 0.0, 0.0, 0.0, 0.0, 0.0, 0.0, 0.0, 0.0, 0.0, 0.0, 0.0, 0.0, 0.0, 0.0, 0.0, 0.0, 0.0, 0.0, 0.0, 0.0, 0.0, 0.0, 0.0, 0.0, 0.0, 0.0, 0.0, 0.0, 0.0, 0.0, 0.0, 0.0, 0.0, 0.0, 0.0, 0.0, 0.0, 0.0, 0.0, 0.0, 0.0, 0.0, 0.0, 0.0, 0.0, 0.0, 0.0, 0.0]","{""0"": 0.0, ""1"": 0.0, ""2"": 0.0, ""3"": 0.0, ""4"": 0.0, ""5"": 0.0, ""6"": 0.0, ""7"": 0.0}","[0.0, 0.0, 0.0, 0.0, 0.0, 0.0, 0.0, 0.0, 0.0, 0.0, 0.0, 0.0, 0.0, 0.0, 0.0, 0.0, 0.0, 0.0, 0.0, 0.0, 0.0, 0.0, 0.0, 0.0, 0.0, 0.0, 0.0, 0.0, 0.0, 0.0, 0.0, 0.0, 0.0, 0.0, 0.0, 0.0, 0.0, 0.0, 0.0, 0.0, 0.0, 0.0, 0.0, 0.0, 0.0, 0.0, 0.0, 0.0, 0.0, 0.0, 0.0, 0.0, 0.0, 0.0, 0.0, 0.0, 0.0, 0.0, 0.0, 0.0, 0.0, 0.0, 0.0, 0.0, 0.0, 0.0, 0.0, 0.0, 0.0, 0.0, 0.0, 0.0, 0.0, 0.0, 0.0, 0.0, 0.0, 0.0, 0.0, 0.0, 0.0, 0.0, 0.0, 0.0, 0.0, 0.0, 0.0, 0.0, 0.0, 0.0, 0.0, 0.0, 0.0, 0.0, 0.0, 0.0, 0.0, 0.0, 0.0, 0.0, 0.0, 0.0, 0.0, 0.0, 0.0, 0.0, 0.0, 0.0, 0.0, 0.0, 0.0, 0.0, 0.0, 0.0, 0.0, 0.0, 0.0, 0.0, 0.0, 0.0, 0.0, 0.0, 0.0, 0.0, 0.0, 0.0, 0.0, 0.0, 0.0, 0.0, 0.0, 0.0, 0.0, 0.0, 0.0, 0.0, 0.0, 0.0, 0.0, 0.0, 0.0, 0.0, 0.0, 0.0, 0.0, 0.0, 0.0, 0.0, 0.0, 0.0, 0.0, 0.0, 0.0, 0.0, 0.0, 0.0, 0.0, 0.0, 0.0, 0.0, 0.0, 0.0, 0.0, 0.0, 0.0, 0.0, 0.0, 0.0, 0.0, 0.0, 0.0, 0.0, 0.0, 0.0, 0.0, 0.0, 0.0, 0.0, 0.0, 0.0, 0.0, 0.0, 0.0, 0.0, 0.0, 0.0, 0.0, 0.0, 0.0, 0.0, 0.0, 0.0, 0.0, 0.0, 0.0, 0.0, 0.0, 0.0, 0.0, 0.0, 0.0, 0.0, 0.0, 0.0, 0.0, 0.0, 0.0, 0.0, 0.0, 0.0, 0.0, 0.0, 0.0, 0.0, 0.0, 0.0, 0.0, 0.0, 0.0, 0.0, 0.0, 0.0, 0.0, 0.0, 0.0, 0.0, 0.0, 0.0, 0.0, 0.0, 0.0, 0.0, 0.0, 0.0, 0.0, 0.0, 0.0, 0.0, 0.0, 0.0, 0.0, 0.0, 0.0, 0.0, 0.0, 0.0, 0.0, 0.0, 0.0, 0.0]"
broadcast,0.0,3,broadcast,0.0,0.0,0.0,0.0,1,True,0,0,302,1698,0,"[0.0, 0.0, 0.0, 0.0, 0.0, 0.0, 0.0, 0.0, 0.0, 0.0, 0.0, 0.0, 0.0, 0.0, 0.0, 0.0, 0.0, 0.0, 0.0, 0.0, 0.0, 0.0, 0.0, 0.0, 0.0, 0.0, 0.0, 0.0, 0.0, 0.0, 0.0, 0.0, 0.0, 0.0, 0.0, 0.0, 0.0, 0.0, 0.0, 0.0, 0.0, 0.0, 0.0, 0.0, 0.0, 0.0, 0.0, 0.0, 0.0, 0.0, 0.0, 0.0, 0.0, 0.0, 0.0, 0.0, 0.0, 0.0, 0.0, 0.0, 0.0, 0.0, 0.0, 0.0, 0.0, 0.0, 0.0, 0.0, 0.0, 0.0, 0.0, 0.0, 0.0, 0.0, 0.0, 0.0, 0.0, 0.0, 0.0, 0.0, 0.0, 0.0, 0.0, 0.0, 0.0, 0.0, 0.0, 0.0, 0.0, 0.0, 0.0, 0.0, 0.0, 0.0, 0.0, 0.0, 0.0, 0.0, 0.0, 0.0, 0.0]","{""0"": 0.0, ""1"": 0.0, ""2"": 0.0, ""3"": 0.0, ""4"": 0.0, ""5"": 0.0, ""6"": 0.0, ""7"": 0.0}","[0.0, 0.0, 0.0, 0.0, 0.0, 0.0, 0.0, 0.0, 0.0, 0.0, 0.0, 0.0, 0.0, 0.0, 0.0, 0.0, 0.0, 0.0, 0.0, 0.0, 0.0, 0.0, 0.0, 0.0, 0.0, 0.0, 0.0, 0.0, 0.0, 0.0, 0.0, 0.0, 0.0, 0.0, 0.0, 0.0, 0.0, 0.0, 0.0, 0.0, 0.0, 0.0, 0.0, 0.0, 0.0, 0.0, 0.0, 0.0, 0.0, 0.0, 0.0, 0.0, 0.0, 0.0, 0.0, 0.0, 0.0, 0.0, 0.0, 0.0, 0.0, 0.0, 0.0, 0.0, 0.0, 0.0, 0.0, 0.0, 0.0, 0.0, 0.0, 0.0, 0.0, 0.0, 0.0, 0.0, 0.0, 0.0, 0.0, 0.0, 0.0, 0.0, 0.0, 0.0, 0.0, 0.0, 0.0, 0.0, 0.0, 0.0, 0.0, 0.0, 0.0, 0.0, 0.0, 0.0, 0.0, 0.0, 0.0, 0.0, 0.0, 0.0, 0.0, 0.0, 0.0, 0.0, 0.0, 0.0, 0.0, 0.0, 0.0, 0.0, 0.0, 0.0, 0.0, 0.0, 0.0, 0.0, 0.0, 0.0, 0.0, 0.0, 0.0, 0.0, 0.0, 0.0, 0.0, 0.0, 0.0, 0.0, 0.0, 0.0, 0.0, 0.0, 0.0, 0.0, 0.0, 0.0, 0.0, 0.0, 0.0, 0.0, 0.0, 0.0, 0.0, 0.0, 0.0, 0.0, 0.0, 0.0, 0.0, 0.0, 0.0, 0.0, 0.0, 0.0, 0.0, 0.0, 0.0, 0.0, 0.0, 0.0, 0.0, 0.0, 0.0, 0.0, 0.0, 0.0, 0.0, 0.0, 0.0, 0.0, 0.0, 0.0, 0.0, 0.0, 0.0, 0.0, 0.0, 0.0, 0.0, 0.0, 0.0, 0.0, 0.0, 0.0, 0.0, 0.0, 0.0, 0.0, 0.0, 0.0, 0.0, 0.0, 0.0, 0.0, 0.0, 0.0, 0.0, 0.0, 0.0, 0.0, 0.0, 0.0, 0.0, 0.0, 0.0, 0.0, 0.0, 0.0, 0.0, 0.0, 0.0, 0.0, 0.0, 0.0, 0.0, 0.0, 0.0, 0.0, 0.0, 0.0, 0.0, 0.0, 0.0, 0.0, 0.0, 0.0, 0.0, 0.0, 0.0, 0.0, 0.0, 0.0, 0.0, 0.0, 0.0, 0.0, 0.0, 0.0, 0.0, 0.0, 0.0, 0.0, 0.0, 0.0, 0.0, 0.0, 0.0, 0.0]"
broadcast,0.0,4,broadcast,0.0,0.0,0.0,0.0,1,True,0,0,298,1702,0,"[0.0, 0.0, 0.0, 0.0, 0.0, 0.0, 0.0, 0.0, 0.0, 0.0, 0.0, 0.0, 0.0, 0.0, 0.0, 0.0, 0.0, 0.0, 0.0, 0.0, 0.0, 0.0, 0.0, 0.0, 0.0, 0.0, 0.0, 0.0, 0.0, 0.0, 0.0, 0.0, 0.0, 0.0, 0.0, 0.0, 0.0, 0.0, 0.0, 0.0, 0.0, 0.0, 0.0, 0.0, 0.0, 0.0, 0.0, 0.0, 0.0, 0.0, 0.0, 0.0, 0.0, 0.0, 0.0, 0.0, 0.0, 0.0, 0.0, 0.0, 0.0, 0.0, 0.0, 0.0, 0.0, 0.0, 0.0, 0.0, 0.0, 0.0, 0.0, 0.0, 0.0, 0.0, 0.0, 0.0, 0.0, 0.0, 0.0, 0.0, 0.0, 0.0, 0.0, 0.0, 0.0, 0.0, 0.0, 0.0, 0.0, 0.0, 0.0, 0.0, 0.0, 0.0, 0.0, 0.0, 0.0, 0.0, 0.0, 0.0, 0.0]","{""0"": 0.0, ""1"": 0.0, ""2"": 0.0, ""3"": 0.0, ""4"": 0.0, ""5"": 0.0, ""6"": 0.0, ""7"": 0.0}","[0.0, 0.0, 0.0, 0.0, 0.0, 0.0, 0.0, 0.0, 0.0, 0.0, 0.0, 0.0, 0.0, 0.0, 0.0, 0.0, 0.0, 0.0, 0.0, 0.0, 0.0, 0.0, 0.0, 0.0, 0.0, 0.0, 0.0, 0.0, 0.0, 0.0, 0.0, 0.0, 0.0, 0.0, 0.0, 0.0, 0.0, 0.0, 0.0, 0.0, 0.0, 0.0, 0.0, 0.0, 0.0, 0.0, 0.0, 0.0, 0.0, 0.0, 0.0, 0.0, 0.0, 0.0, 0.0, 0.0, 0.0, 0.0, 0.0, 0.0, 0.0, 0.0, 0.0, 0.0, 0.0, 0.0, 0.0, 0.0, 0.0, 0.0, 0.0, 0.0, 0.0, 0.0, 0.0, 0.0, 0.0, 0.0, 0.0, 0.0, 0.0, 0.0, 0.0, 0.0, 0.0, 0.0, 0.0, 0.0, 0.0, 0.0, 0.0, 0.0, 0.0, 0.0, 0.0, 0.0, 0.0, 0.0, 0.0, 0.0, 0.0, 0.0, 0.0, 0.0, 0.0, 0.0, 0.0, 0.0, 0.0, 0.0, 0.0, 0.0, 0.0, 0.0, 0.0, 0.0, 0.0, 0.0, 0.0, 0.0, 0.0, 0.0, 0.0, 0.0, 0.0, 0.0, 0.0, 0.0, 0.0, 0.0, 0.0, 0.0, 0.0, 0.0, 0.0, 0.0, 0.0, 0.0, 0.0, 0.0, 0.0, 0.0, 0.0, 0.0, 0.0, 0.0, 0.0, 0.0, 0.0, 0.0, 0.0, 0.0, 0.0, 0.0, 0.0, 0.0, 0.0, 0.0, 0.0, 0.0, 0.0, 0.0, 0.0, 0.0, 0.0, 0.0, 0.0, 0.0, 0.0, 0.0, 0.0, 0.0, 0.0, 0.0, 0.0, 0.0, 0.0, 0.0, 0.0, 0.0, 0.0, 0.0, 0.0, 0.0, 0.0, 0.0, 0.0, 0.0, 0.0, 0.0, 0.0, 0.0, 0.0, 0.0, 0.0, 0.0, 0.0, 0.0, 0.0, 0.0, 0.0, 0.0, 0.0, 0.0, 0.0, 0.0, 0.0, 0.0, 0.0, 0.0, 0.0, 0.0, 0.0, 0.0, 0.0, 0.0, 0.0, 0.0, 0.0, 0.0, 0.0, 0.0, 0.0, 0.0, 0.0, 0.0, 0.0, 0.0, 0.0, 0.0, 0.0, 0.0, 0.0, 0.0, 0.0, 0.0, 0.0, 0.0, 0.0, 0.0, 0.0, 0.0, 0.0, 0.0, 0.0, 0.0, 0.0, 0.0, 0.0, 0.0]"
broadcast,0.0,5,broadcast,0.0,0.0,0.0,0.0,1,True,0,0,282,1718,0,"[0.0, 0.0, 0.0, 0.0, 0.0, 0.0, 0.0, 0.0, 0.0, 0.0, 0.0, 0.0, 0.0, 0.0, 0.0, 0.0, 0.0, 0.0, 0.0, 0.0, 0.0, 0.0, 0.0, 0.0, 0.0, 0.0, 0.0, 0.0, 0.0, 0.0, 0.0, 0.0, 0.0, 0.0, 0.0, 0.0, 0.0, 0.0, 0.0, 0.0, 0.0, 0.0, 0.0, 0.0, 0.0, 0.0, 0.0, 0.0, 0.0, 0.0, 0.0, 0.0, 0.0, 0.0, 0.0, 0.0, 0.0, 0.0, 0.0, 0.0, 0.0, 0.0, 0.0, 0.0, 0.0, 0.0, 0.0, 0.0, 0.0, 0.0, 0.0, 0.0, 0.0, 0.0, 0.0, 0.0, 0.0, 0.0, 0.0, 0.0, 0.0, 0.0, 0.0, 0.0, 0.0, 0.0, 0.0, 0.0, 0.0, 0.0, 0.0, 0.0, 0.0, 0.0, 0.0, 0.0, 0.0, 0.0, 0.0, 0.0, 0.0]","{""0"": 0.0, ""1"": 0.0, ""2"": 0.0, ""3"": 0.0, ""4"": 0.0, ""5"": 0.0, ""6"": 0.0, ""7"": 0.0}","[0.0, 0.0, 0.0, 0.0, 0.0, 0.0, 0.0, 0.0, 0.0, 0.0, 0.0, 0.0, 0.0, 0.0, 0.0, 0.0, 0.0, 0.0, 0.0, 0.0, 0.0, 0.0, 0.0, 0.0, 0.0, 0.0, 0.0, 0.0, 0.0, 0.0, 0.0, 0.0, 0.0, 0.0, 0.0, 0.0, 0.0, 0.0, 0.0, 0.0, 0.0, 0.0, 0.0, 0.0, 0.0, 0.0, 0.0, 0.0, 0.0, 0.0, 0.0, 0.0, 0.0, 0.0, 0.0, 0.0, 0.0, 0.0, 0.0, 0.0, 0.0, 0.0, 0.0, 0.0, 0.0, 0.0, 0.0, 0.0, 0.0, 0.0, 0.0, 0.0, 0.0, 0.0, 0.0, 0.0, 0.0, 0.0, 0.0, 0.0, 0.0, 0.0, 0.0, 0.0, 0.0, 0.0, 0.0, 0.0, 0.0, 0.0, 0.0, 0.0, 0.0, 0.0, 0.0, 0.0, 0.0, 0.0, 0.0, 0.0, 0.0, 0.0, 0.0, 0.0, 0.0, 0.0, 0.0, 0.0, 0.0, 0.0, 0.0, 0.0, 0.0, 0.0, 0.0, 0.0, 0.0, 0.0, 0.0, 0.0, 0.0, 0.0, 0.0, 0.0, 0.0, 0.0, 0.0, 0.0, 0.0, 0.0, 0.0, 0.0, 0.0, 0.0, 0.0, 0.0, 0.0, 0.0, 0.0, 0.0, 0.0, 0.0, 0.0, 0.0, 0.0, 0.0, 0.0, 0.0, 0.0, 0.0, 0.0, 0.0, 0.0, 0.0, 0.0, 0.0, 0.0, 0.0, 0.0, 0.0, 0.0, 0.0, 0.0, 0.0, 0.0, 0.0, 0.0, 0.0, 0.0, 0.0, 0.0, 0.0, 0.0, 0.0, 0.0, 0.0, 0.0, 0.0, 0.0, 0.0, 0.0, 0.0, 0.0, 0.0, 0.0, 0.0, 0.0, 0.0, 0.0, 0.0, 0.0, 0.0, 0.0, 0.0, 0.0, 0.0, 0.0, 0.0, 0.0, 0.0, 0.0, 0.0, 0.0, 0.0, 0.0, 0.0, 0.0, 0.0, 0.0, 0.0, 0.0, 0.0, 0.0, 0.0, 0.0, 0.0, 0.0, 0.0, 0.0, 0.0, 0.0, 0.0, 0.0, 0.0, 0.0, 0.0, 0.0, 0.0, 0.0, 0.0, 0.0, 0.0, 0.0, 0.0, 0.0, 0.0, 0.0, 0.0, 0.0, 0.0, 0.0, 0.0, 0.0, 0.0, 0.0, 0.0, 0.0, 0.0, 0.0, 0.0]"
broadcast,0.0,6,broadcast,0.0,0.0,0.0,0.0,1,True,0,0,302,1698,0,"[0.0, 0.0, 0.0, 0.0, 0.0, 0.0, 0.0, 0.0, 0.0, 0.0, 0.0, 0.0, 0.0, 0.0, 0.0, 0.0, 0.0, 0.0, 0.0, 0.0, 0.0, 0.0, 0.0, 0.0, 0.0, 0.0, 0.0, 0.0, 0.0, 0.0, 0.0, 0.0, 0.0, 0.0, 0.0, 0.0, 0.0, 0.0, 0.0, 0.0, 0.0, 0.0, 0.0, 0.0, 0.0, 0.0, 0.0, 0.0, 0.0, 0.0, 0.0, 0.0, 0.0, 0.0, 0.0, 0.0, 0.0, 0.0, 0.0, 0.0, 0.0, 0.0, 0.0, 0.0, 0.0, 0.0, 0.0, 0.0, 0.0, 0.0, 0.0, 0.0, 0.0, 0.0, 0.0, 0.0, 0.0, 0.0, 0.0, 0.0, 0.0, 0.0, 0.0, 0.0, 0.0, 0.0, 0.0, 0.0, 0.0, 0.0, 0.0, 0.0, 0.0, 0.0, 0.0, 0.0, 0.0, 0.0, 0.0, 0.0, 0.0]","{""0"": 0.0, ""1"": 0.0, ""2"": 0.0, ""3"": 0.0, ""4"": 0.0, ""5"": 0.0, ""6"": 0.0, ""7"": 0.0}","[0.0, 0.0, 0.0, 0.0, 0.0, 0.0, 0.0, 0.0, 0.0, 0.0, 0.0, 0.0, 0.0, 0.0, 0.0, 0.0, 0.0, 0.0, 0.0, 0.0, 0.0, 0.0, 0.0, 0.0, 0.0, 0.0, 0.0, 0.0, 0.0, 0.0, 0.0, 0.0, 0.0, 0.0, 0.0, 0.0, 0.0, 0.0, 0.0, 0.0, 0.0, 0.0, 0.0, 0.0, 0.0, 0.0, 0.0, 0.0, 0.0, 0.0, 0.0, 0.0, 0.0, 0.0, 0.0, 0.0, 0.0, 0.0, 0.0, 0.0, 0.0, 0.0, 0.0, 0.0, 0.0, 0.0, 0.0, 0.0, 0.0, 0.0, 0.0, 0.0, 0.0, 0.0, 0.0, 0.0, 0.0, 0.0, 0.0, 0.0, 0.0, 0.0, 0.0, 0.0, 0.0, 0.0, 0.0, 0.0, 0.0, 0.0, 0.0, 0.0, 0.0, 0.0, 0.0, 0.0, 0.0, 0.0, 0.0, 0.0, 0.0, 0.0, 0.0, 0.0, 0.0, 0.0, 0.0, 0.0, 0.0, 0.0, 0.0, 0.0, 0.0, 0.0, 0.0, 0.0, 0.0, 0.0, 0.0, 0.0, 0.0, 0.0, 0.0, 0.0, 0.0, 0.0, 0.0, 0.0, 0.0, 0.0, 0.0, 0.0, 0.0, 0.0, 0.0, 0.0, 0.0, 0.0, 0.0, 0.0, 0.0, 0.0, 0.0, 0.0, 0.0, 0.0, 0.0, 0.0, 0.0, 0.0, 0.0, 0.0, 0.0, 0.0, 0.0, 0.0, 0.0, 0.0, 0.0, 0.0, 0.0, 0.0, 0.0, 0.0, 0.0, 0.0, 0.0, 0.0, 0.0, 0.0, 0.0, 0.0, 0.0, 0.0, 0.0, 0.0, 0.0, 0.0, 0.0, 0.0, 0.0, 0.0, 0.0, 0.0, 0.0, 0.0, 0.0, 0.0, 0.0, 0.0, 0.0, 0.0, 0.0, 0.0, 0.0, 0.0, 0.0, 0.0, 0.0, 0.0, 0.0, 0.0, 0.0, 0.0, 0.0, 0.0, 0.0, 0.0, 0.0, 0.0, 0.0, 0.0, 0.0, 0.0, 0.0, 0.0, 0.0, 0.0, 0.0, 0.0, 0.0, 0.0, 0.0, 0.0, 0.0, 0.0, 0.0, 0.0, 0.0, 0.0, 0.0, 0.0, 0.0, 0.0, 0.0, 0.0, 0.0, 0.0, 0.0, 0.0, 0.0, 0.0, 0.0, 0.0, 0.0, 0.0, 0.0, 0.0, 0.0, 0.0]"
broadcast,0.0,7,broadcast,0.0,0.0,0.0,0.0,1,True,0,0,280,1720,0,"[0.0, 0.0, 0.0, 0.0, 0.0, 0.0, 0.0, 0.0, 0.0, 0.0, 0.0, 0.0, 0.0, 0.0, 0.0, 0.0, 0.0, 0.0, 0.0, 0.0, 0.0, 0.0, 0.0, 0.0, 0.0, 0.0, 0.0, 0.0, 0.0, 0.0, 0.0, 0.0, 0.0, 0.0, 0.0, 0.0, 0.0, 0.0, 0.0, 0.0, 0.0, 0.0, 0.0, 0.0, 0.0, 0.0, 0.0, 0.0, 0.0, 0.0, 0.0, 0.0, 0.0, 0.0, 0.0, 0.0, 0.0, 0.0, 0.0, 0.0, 0.0, 0.0, 0.0, 0.0, 0.0, 0.0, 0.0, 0.0, 0.0, 0.0, 0.0, 0.0, 0.0, 0.0, 0.0, 0.0, 0.0, 0.0, 0.0, 0.0, 0.0, 0.0, 0.0, 0.0, 0.0, 0.0, 0.0, 0.0, 0.0, 0.0, 0.0, 0.0, 0.0, 0.0, 0.0, 0.0, 0.0, 0.0, 0.0, 0.0, 0.0]","{""0"": 0.0, ""1"": 0.0, ""2"": 0.0, ""3"": 0.0, ""4"": 0.0, ""5"": 0.0, ""6"": 0.0, ""7"": 0.0}","[0.0, 0.0, 0.0, 0.0, 0.0, 0.0, 0.0, 0.0, 0.0, 0.0, 0.0, 0.0, 0.0, 0.0, 0.0, 0.0, 0.0, 0.0, 0.0, 0.0, 0.0, 0.0, 0.0, 0.0, 0.0, 0.0, 0.0, 0.0, 0.0, 0.0, 0.0, 0.0, 0.0, 0.0, 0.0, 0.0, 0.0, 0.0, 0.0, 0.0, 0.0, 0.0, 0.0, 0.0, 0.0, 0.0, 0.0, 0.0, 0.0, 0.0, 0.0, 0.0, 0.0, 0.0, 0.0, 0.0, 0.0, 0.0, 0.0, 0.0, 0.0, 0.0, 0.0, 0.0, 0.0, 0.0, 0.0, 0.0, 0.0, 0.0, 0.0, 0.0, 0.0, 0.0, 0.0, 0.0, 0.0, 0.0, 0.0, 0.0, 0.0, 0.0, 0.0, 0.0, 0.0, 0.0, 0.0, 0.0, 0.0, 0.0, 0.0, 0.0, 0.0, 0.0, 0.0, 0.0, 0.0, 0.0, 0.0, 0.0, 0.0, 0.0, 0.0, 0.0, 0.0, 0.0, 0.0, 0.0, 0.0, 0.0, 0.0, 0.0, 0.0, 0.0, 0.0, 0.0, 0.0, 0.0, 0.0, 0.0, 0.0, 0.0, 0.0, 0.0, 0.0, 0.0, 0.0, 0.0, 0.0, 0.0, 0.0, 0.0, 0.0, 0.0, 0.0, 0.0, 0.0, 0.0, 0.0, 0.0, 0.0, 0.0, 0.0, 0.0, 0.0, 0.0, 0.0, 0.0, 0.0, 0.0, 0.0, 0.0, 0.0, 0.0, 0.0, 0.0, 0.0, 0.0, 0.0, 0.0, 0.0, 0.0, 0.0, 0.0, 0.0, 0.0, 0.0, 0.0, 0.0, 0.0, 0.0, 0.0, 0.0, 0.0, 0.0, 0.0, 0.0, 0.0, 0.0, 0.0, 0.0, 0.0, 0.0, 0.0, 0.0, 0.0, 0.0, 0.0, 0.0, 0.0, 0.0, 0.0, 0.0, 0.0, 0.0, 0.0, 0.0, 0.0, 0.0, 0.0, 0.0, 0.0, 0.0, 0.0, 0.0, 0.0, 0.0, 0.0, 0.0, 0.0, 0.0, 0.0, 0.0, 0.0, 0.0, 0.0, 0.0, 0.0, 0.0, 0.0, 0.0, 0.0, 0.0, 0.0, 0.0, 0.0, 0.0, 0.0, 0.0, 0.0, 0.0, 0.0, 0.0, 0.0, 0.0, 0.0, 0.0, 0.0, 0.0, 0.0, 0.0, 0.0, 0.0, 0.0, 0.0, 0.0, 0.0, 0.0, 0.0, 0.0]"
broadcast,0.0,8,broadcast,0.0,0.0,0.0,0.0,1,True,0,0,305,1695,0,"[0.0, 0.0, 0.0, 0.0, 0.0, 0.0, 0.0, 0.0, 0.0, 0.0, 0.0, 0.0, 0.0, 0.0, 0.0, 0.0, 0.0, 0.0, 0.0, 0.0, 0.0, 0.0, 0.0, 0.0, 0.0, 0.0, 0.0, 0.0, 0.0, 0.0, 0.0, 0.0, 0.0, 0.0, 0.0, 0.0, 0.0, 0.0, 0.0, 0.0, 0.0, 0.0, 0.0, 0.0, 0.0, 0.0, 0.0, 0.0, 0.0, 0.0, 0.0, 0.0, 0.0, 0.0, 0.0, 0.0, 0.0, 0.0, 0.0, 0.0, 0.0, 0.0, 0.0, 0.0, 0.0, 0.0, 0.0, 0.0, 0.0, 0.0, 0.0, 0.0, 0.0, 0.0, 0.0, 0.0, 0.0, 0.0, 0.0, 0.0, 0.0, 0.0, 0.0, 0.0, 0.0, 0.0, 0.0, 0.0, 0.0, 0.0, 0.0, 0.0, 0.0, 0.0, 0.0, 0.0, 0.0, 0.0, 0.0, 0.0, 0.0]","{""0"": 0.0, ""1"": 0.0, ""2"": 0.0, ""3"": 0.0, ""4"": 0.0, ""5"": 0.0, ""6"": 0.0, ""7"": 0.0}","[0.0, 0.0, 0.0, 0.0, 0.0, 0.0, 0.0, 0.0, 0.0, 0.0, 0.0, 0.0, 0.0, 0.0, 0.0, 0.0, 0.0, 0.0, 0.0, 0.0, 0.0, 0.0, 0.0, 0.0, 0.0, 0.0, 0.0, 0.0, 0.0, 0.0, 0.0, 0.0, 0.0, 0.0, 0.0, 0.0, 0.0, 0.0, 0.0, 0.0, 0.0, 0.0, 0.0, 0.0, 0.0, 0.0, 0.0, 0.0, 0.0, 0.0, 0.0, 0.0, 0.0, 0.0, 0.0, 0.0, 0.0, 0.0, 0.0, 0.0, 0.0, 0.0, 0.0, 0.0, 0.0, 0.0, 0.0, 0.0, 0.0, 0.0, 0.0, 0.0, 0.0, 0.0, 0.0, 0.0, 0.0, 0.0, 0.0, 0.0, 0.0, 0.0, 0.0, 0.0, 0.0, 0.0, 0.0, 0.0, 0.0, 0.0, 0.0, 0.0, 0.0, 0.0, 0.0, 0.0, 0.0, 0.0, 0.0, 0.0, 0.0, 0.0, 0.0, 0.0, 0.0, 0.0, 0.0, 0.0, 0.0, 0.0, 0.0, 0.0, 0.0, 0.0, 0.0, 0.0, 0.0, 0.0, 0.0, 0.0, 0.0, 0.0, 0.0, 0.0, 0.0, 0.0, 0.0, 0.0, 0.0, 0.0, 0.0, 0.0, 0.0, 0.0, 0.0, 0.0, 0.0, 0.0, 0.0, 0.0, 0.0, 0.0, 0.0, 0.0, 0.0, 0.0, 0.0, 0.0, 0.0, 0.0, 0.0, 0.0, 0.0, 0.0, 0.0, 0.0, 0.0, 0.0, 0.0, 0.0, 0.0, 0.0, 0.0, 0.0, 0.0, 0.0, 0.0, 0.0, 0.0, 0.0, 0.0, 0.0, 0.0, 0.0, 0.0, 0.0, 0.0, 0.0, 0.0, 0.0, 0.0, 0.0, 0.0, 0.0, 0.0, 0.0, 0.0, 0.0, 0.0, 0.0, 0.0, 0.0, 0.0, 0.0, 0.0, 0.0, 0.0, 0.0, 0.0, 0.0, 0.0, 0.0, 0.0, 0.0, 0.0, 0.0, 0.0, 0.0, 0.0, 0.0, 0.0, 0.0, 0.0, 0.0, 0.0, 0.0, 0.0, 0.0, 0.0, 0.0, 0.0, 0.0, 0.0, 0.0, 0.0, 0.0, 0.0, 0.0, 0.0, 0.0, 0.0, 0.0, 0.0, 0.0, 0.0, 0.0, 0.0, 0.0, 0.0, 0.0, 0.0, 0.0, 0.0, 0.0, 0.0, 0.0, 0.0, 0.0, 0.0, 0.0]"
broadcast,0.0,9,broadcast,0.0,0.0,0.0,0.0,1,True,0,0,297,1703,0,"[0.0, 0.0, 0.0, 0.0, 0.0, 0.0, 0.0, 0.0, 0.0, 0.0, 0.0, 0.0, 0.0, 0.0, 0.0, 0.0, 0.0, 0.0, 0.0, 0.0, 0.0, 0.0, 0.0, 0.0, 0.0, 0.0, 0.0, 0.0, 0.0, 0.0, 0.0, 0.0, 0.0, 0.0, 0.0, 0.0, 0.0, 0.0, 0.0, 0.0, 0.0, 0.0, 0.0, 0.0, 0.0, 0.0, 0.0, 0.0, 0.0, 0.0, 0.0, 0.0, 0.0, 0.0, 0.0, 0.0, 0.0, 0.0, 0.0, 0.0, 0.0, 0.0, 0.0, 0.0, 0.0, 0.0, 0.0, 0.0, 0.0, 0.0, 0.0, 0.0, 0.0, 0.0, 0.0, 0.0, 0.0, 0.0, 0.0, 0.0, 0.0, 0.0, 0.0, 0.0, 0.0, 0.0, 0.0, 0.0, 0.0, 0.0, 0.0, 0.0, 0.0, 0.0, 0.0, 0.0, 0.0, 0.0, 0.0, 0.0, 0.0]","{""0"": 0.0, ""1"": 0.0, ""2"": 0.0, ""3"": 0.0, ""4"": 0.0, ""5"": 0.0, ""6"": 0.0, ""7"": 0.0}","[0.0, 0.0, 0.0, 0.0, 0.0, 0.0, 0.0, 0.0, 0.0, 0.0, 0.0, 0.0, 0.0, 0.0, 0.0, 0.0, 0.0, 0.0, 0.0, 0.0, 0.0, 0.0, 0.0, 0.0, 0.0, 0.0, 0.0, 0.0, 0.0, 0.0, 0.0, 0.0, 0.0, 0.0, 0.0, 0.0, 0.0, 0.0, 0.0, 0.0, 0.0, 0.0, 0.0, 0.0, 0.0, 0.0, 0.0, 0.0, 0.0, 0.0, 0.0, 0.0, 0.0, 0.0, 0.0, 0.0, 0.0, 0.0, 0.0, 0.0, 0.0, 0.0, 0.0, 0.0, 0.0, 0.0, 0.0, 0.0, 0.0, 0.0, 0.0, 0.0, 0.0, 0.0, 0.0, 0.0, 0.0, 0.0, 0.0, 0.0, 0.0, 0.0, 0.0, 0.0, 0.0, 0.0, 0.0, 0.0, 0.0, 0.0, 0.0, 0.0, 0.0, 0.0, 0.0, 0.0, 0.0, 0.0, 0.0, 0.0, 0.0, 0.0, 0.0, 0.0, 0.0, 0.0, 0.0, 0.0, 0.0, 0.0, 0.0, 0.0, 0.0, 0.0, 0.0, 0.0, 0.0, 0.0, 0.0, 0.0, 0.0, 0.0, 0.0, 0.0, 0.0, 0.0, 0.0, 0.0, 0.0, 0.0, 0.0, 0.0, 0.0, 0.0, 0.0, 0.0, 0.0, 0.0, 0.0, 0.0, 0.0, 0.0, 0.0, 0.0, 0.0, 0.0, 0.0, 0.0, 0.0, 0.0, 0.0, 0.0, 0.0, 0.0, 0.0, 0.0, 0.0, 0.0, 0.0, 0.0, 0.0, 0.0, 0.0, 0.0, 0.0, 0.0, 0.0, 0.0, 0.0, 0.0, 0.0, 0.0, 0.0, 0.0, 0.0, 0.0, 0.0, 0.0, 0.0, 0.0, 0.0, 0.0, 0.0, 0.0, 0.0, 0.0, 0.0, 0.0, 0.0, 0.0, 0.0, 0.0, 0.0, 0.0, 0.0, 0.0, 0.0, 0.0, 0.0, 0.0, 0.0, 0.0, 0.0, 0.0, 0.0, 0.0, 0.0, 0.0, 0.0, 0.0, 0.0, 0.0, 0.0, 0.0, 0.0, 0.0, 0.0, 0.0, 0.0, 0.0, 0.0, 0.0, 0.0, 0.0, 0.0, 0.0, 0.0, 0.0, 0.0, 0.0, 0.0, 0.0, 0.0, 0.0, 0.0, 0.0, 0.0, 0.0, 0.0, 0.0, 0.0, 0.0, 0.0, 0.0, 0.0, 0.0, 0.0, 0.0, 0.0, 0.0]"
broadcast,0.0,10,broadcast,0.0,0.0,0.0,0.0,1,True,0,0,314,1686,0,"[0.0, 0.0, 0.0, 0.0, 0.0, 0.0, 0.0, 0.0, 0.0, 0.0, 0.0, 0.0, 0.0, 0.0, 0.0, 0.0, 0.0, 0.0, 0.0, 0.0, 0.0, 0.0, 0.0, 0.0, 0.0, 0.0, 0.0, 0.0, 0.0, 0.0, 0.0, 0.0, 0.0, 0.0, 0.0, 0.0, 0.0, 0.0, 0.0, 0.0, 0.0, 0.0, 0.0, 0.0, 0.0, 0.0, 0.0, 0.0, 0.0, 0.0, 0.0, 0.0, 0.0, 0.0, 0.0, 0.0, 0.0, 0.0, 0.0, 0.0, 0.0, 0.0, 0.0, 0.0, 0.0, 0.0, 0.0, 0.0, 0.0, 0.0, 0.0, 0.0, 0.0, 0.0, 0.0, 0.0, 0.0, 0.0, 0.0, 0.0, 0.0, 0.0, 0.0, 0.0, 0.0, 0.0, 0.0, 0.0, 0.0, 0.0, 0.0, 0.0, 0.0, 0.0, 0.0, 0.0, 0.0, 0.0, 0.0, 0.0, 0.0]","{""0"": 0.0, ""1"": 0.0, ""2"": 0.0, ""3"": 0.0, ""4"": 0.0, ""5"": 0.0, ""6"": 0.0, ""7"": 0.0}","[0.0, 0.0, 0.0, 0.0, 0.0, 0.0, 0.0, 0.0, 0.0, 0.0, 0.0, 0.0, 0.0, 0.0, 0.0, 0.0, 0.0, 0.0, 0.0, 0.0, 0.0, 0.0, 0.0, 0.0, 0.0, 0.0, 0.0, 0.0, 0.0, 0.0, 0.0, 0.0, 0.0, 0.0, 0.0, 0.0, 0.0, 0.0, 0.0, 0.0, 0.0, 0.0, 0.0, 0.0, 0.0, 0.0, 0.0, 0.0, 0.0, 0.0, 0.0, 0.0, 0.0, 0.0, 0.0, 0.0, 0.0, 0.0, 0.0, 0.0, 0.0, 0.0, 0.0, 0.0, 0.0, 0.0, 0.0, 0.0, 0.0, 0.0, 0.0, 0.0, 0.0, 0.0, 0.0, 0.0, 0.0, 0.0, 0.0, 0.0, 0.0, 0.0, 0.0, 0.0, 0.0, 0.0, 0.0, 0.0, 0.0, 0.0, 0.0, 0.0, 0.0, 0.0, 0.0, 0.0, 0.0, 0.0, 0.0, 0.0, 0.0, 0.0, 0.0, 0.0, 0.0, 0.0, 0.0, 0.0, 0.0, 0.0, 0.0, 0.0, 0.0, 0.0, 0.0, 0.0, 0.0, 0.0, 0.0, 0.0, 0.0, 0.0, 0.0, 0.0, 0.0, 0.0, 0.0, 0.0, 0.0, 0.0, 0.0, 0.0, 0.0, 0.0, 0.0, 0.0, 0.0, 0.0, 0.0, 0.0, 0.0, 0.0, 0.0, 0.0, 0.0, 0.0, 0.0, 0.0, 0.0, 0.0, 0.0, 0.0, 0.0, 0.0, 0.0, 0.0, 0.0, 0.0, 0.0, 0.0, 0.0, 0.0, 0.0, 0.0, 0.0, 0.0, 0.0, 0.0, 0.0, 0.0, 0.0, 0.0, 0.0, 0.0, 0.0, 0.0, 0.0, 0.0, 0.0, 0.0, 0.0, 0.0, 0.0, 0.0, 0.0, 0.0, 0.0, 0.0, 0.0, 0.0, 0.0, 0.0, 0.0, 0.0, 0.0, 0.0, 0.0, 0.0, 0.0, 0.0, 0.0, 0.0, 0.0, 0.0, 0.0, 0.0, 0.0, 0.0, 0.0, 0.0, 0.0, 0.0, 0.0, 0.0, 0.0, 0.0, 0.0, 0.0, 0.0, 0.0, 0.0, 0.0, 0.0, 0.0, 0.0, 0.0, 0.0, 0.0, 0.0, 0.0, 0.0, 0.0, 0.0, 0.0, 0.0, 0.0, 0.0, 0.0, 0.0, 0.0, 0.0, 0.0, 0.0, 0.0, 0.0, 0.0, 0.0, 0.0, 0.0, 0.0]"
broadcast,0.0,11,broadcast,0.0,0.0,0.0,0.0,1,True,0,0,318,1682,0,"[0.0, 0.0, 0.0, 0.0, 0.0, 0.0, 0.0, 0.0, 0.0, 0.0, 0.0, 0.0, 0.0, 0.0, 0.0, 0.0, 0.0, 0.0, 0.0, 0.0, 0.0, 0.0, 0.0, 0.0, 0.0, 0.0, 0.0, 0.0, 0.0, 0.0, 0.0, 0.0, 0.0, 0.0, 0.0, 0.0, 0.0, 0.0, 0.0, 0.0, 0.0, 0.0, 0.0, 0.0, 0.0, 0.0, 0.0, 0.0, 0.0, 0.0, 0.0, 0.0, 0.0, 0.0, 0.0, 0.0, 0.0, 0.0, 0.0, 0.0, 0.0, 0.0, 0.0, 0.0, 0.0, 0.0, 0.0, 0.0, 0.0, 0.0, 0.0, 0.0, 0.0, 0.0, 0.0, 0.0, 0.0, 0.0, 0.0, 0.0, 0.0, 0.0, 0.0, 0.0, 0.0, 0.0, 0.0, 0.0, 0.0, 0.0, 0.0, 0.0, 0.0, 0.0, 0.0, 0.0, 0.0, 0.0, 0.0, 0.0, 0.0]","{""0"": 0.0, ""1"": 0.0, ""2"": 0.0, ""3"": 0.0, ""4"": 0.0, ""5"": 0.0, ""6"": 0.0, ""7"": 0.0}","[0.0, 0.0, 0.0, 0.0, 0.0, 0.0, 0.0, 0.0, 0.0, 0.0, 0.0, 0.0, 0.0, 0.0, 0.0, 0.0, 0.0, 0.0, 0.0, 0.0, 0.0, 0.0, 0.0, 0.0, 0.0, 0.0, 0.0, 0.0, 0.0, 0.0, 0.0, 0.0, 0.0, 0.0, 0.0, 0.0, 0.0, 0.0, 0.0, 0.0, 0.0, 0.0, 0.0, 0.0, 0.0, 0.0, 0.0, 0.0, 0.0, 0.0, 0.0, 0.0, 0.0, 0.0, 0.0, 0.0, 0.0, 0.0, 0.0, 0.0, 0.0, 0.0, 0.0, 0.0, 0.0, 0.0, 0.0, 0.0, 0.0, 0.0, 0.0, 0.0, 0.0, 0.0, 0.0, 0.0, 0.0, 0.0, 0.0, 0.0, 0.0, 0.0, 0.0, 0.0, 0.0, 0.0, 0.0, 0.0, 0.0, 0.0, 0.0, 0.0, 0.0, 0.0, 0.0, 0.0, 0.0, 0.0, 0.0, 0.0, 0.0, 0.0, 0.0, 0.0, 0.0, 0.0, 0.0, 0.0, 0.0, 0.0, 0.0, 0.0, 0.0, 0.0, 0.0, 0.0, 0.0, 0.0, 0.0, 0.0, 0.0, 0.0, 0.0, 0.0, 0.0, 0.0, 0.0, 0.0, 0.0, 0.0, 0.0, 0.0, 0.0, 0.0, 0.0, 0.0, 0.0, 0.0, 0.0, 0.0, 0.0, 0.0, 0.0, 0.0, 0.0, 0.0, 0.0, 0.0, 0.0, 0.0, 0.0, 0.0, 0.0, 0.0, 0.0, 0.0, 0.0, 0.0, 0.0, 0.0, 0.0, 0.0, 0.0, 0.0, 0.0, 0.0, 0.0, 0.0, 0.0, 0.0, 0.0, 0.0, 0.0, 0.0, 0.0, 0.0, 0.0, 0.0, 0.0, 0.0, 0.0, 0.0, 0.0, 0.0, 0.0, 0.0, 0.0, 0.0, 0.0, 0.0, 0.0, 0.0, 0.0, 0.0, 0.0, 0.0, 0.0, 0.0, 0.0, 0.0, 0.0, 0.0, 0.0, 0.0, 0.0, 0.0, 0.0, 0.0, 0.0, 0.0, 0.0, 0.0, 0.0, 0.0, 0.0, 0.0, 0.0, 0.0, 0.0, 0.0, 0.0, 0.0, 0.0, 0.0, 0.0, 0.0, 0.0, 0.0, 0.0, 0.0, 0.0, 0.0, 0.0, 0.0, 0.0, 0.0, 0.0, 0.0, 0.0, 0.0, 0.0, 0.0, 0.0, 0.0, 0.0, 0.0, 0.0, 0.0, 0.0, 0.0]"
broadcast,0.01,0,broadcast,0.008,0.008,0.008,-0.0,3,True,16,0,264,1720,0,"[0.0, 0.0075, 0.008, 0.008, 0.008, 0.008, 0.008, 0.008, 0.008, 0.008, 0.008, 0.008, 0.008, 0.008, 0.008, 0.008, 0.008, 0.008, 0.008, 0.008, 0.008, 0.008, 0.008, 0.008, 0.008, 0.008, 0.008, 0.008, 0.008, 0.008, 0.008, 0.008, 0.008, 0.008, 0.008, 0.008, 0.008, 0.008, 0.008, 0.008, 0.008, 0.008, 0.008, 0.008, 0.008, 0.008, 0.008, 0.008, 0.008, 0.008, 0.008, 0.008, 0.008, 0.008, 0.008, 0.008, 0.008, 0.008, 0.008, 0.008, 0.008, 0.008, 0.008, 0.008, 0.008, 0.008, 0.008, 0.008, 0.008, 0.008, 0.008, 0.008, 0.008, 0.008, 0.008, 0.008, 0.008, 0.008, 0.008, 0.008, 0.008, 0.008, 0.008, 0.008, 0.008, 0.008, 0.008, 0.008, 0.008, 0.008, 0.008, 0.008, 0.008, 0.008, 0.008, 0.008, 0.008, 0.008, 0.008, 0.008, 0.008]","{""0"": 0.0079, ""1"": 0.0193, ""2"": 0.0, ""3"": 0.0081, ""4"": 0.0042, ""5"": 0.004, ""6"": 0.0115, ""7"": 0.0082}","[0.0, 0.0, 0.0, 0.0, 0.0, 0.0, 0.0, 0.0, 0.0, 0.0, 0.0, 0.0, 0.0, 0.0, 0.0, 0.0, 0.0, 0.0, 0.0, 0.0, 0.0, 0.0, 0.0, 0.0, 0.0, 0.0, 0.1667, 0.0, 0.0909, 0.0, 0.0, 0.0, 0.125, 0.0, 0.0, 0.0, 0.0, 0.0, 0.0, 0.0, 0.0, 0.0, 0.0, 0.0, 0.0, 0.0, 0.0, 0.0, 0.0, 0.0, 0.0, 0.0, 0.0, 0.0, 0.0, 0.0, 0.0, 0.0, 0.0, 0.0, 0.0, 0.0, 0.0, 0.0, 0.0, 0.0, 0.0833, 0.0, 0.0, 0.0, 0.0, 0.0, 0.0, 0.0, 0.0, 0.0, 0.0, 0.0, 0.0, 0.0, 0.0, 0.0, 0.0, 0.0, 0.0, 0.0, 0.0, 0.0, 0.0, 0.0, 0.1111, 0.0, 0.0, 0.0, 0.0, 0.0, 0.0, 0.0, 0.0, 0.0, 0.0, 0.0, 0.0, 0.0, 0.0, 0.0, 0.0, 0.0, 0.0, 0.1429, 0.0, 0.0, 0.0, 0.0, 0.0, 0.0, 0.0, 0.0, 0.0, 0.1667, 0.0, 0.0, 0.0, 0.0, 0.0, 0.0, 0.0, 0.0, 0.1, 0.0, 0.0, 0.0, 0.0, 0.0, 0.0, 0.0, 0.0, 0.0, 0.0, 0.0, 0.0, 0.0, 0.1429, 0.0, 0.0, 0.0, 0.1538, 0.0, 0.0, 0.0, 0.0, 0.125, 0.0, 0.0, 0.0, 0.0, 0.0, 0.0, 0.0, 0.1, 0.0, 0.0, 0.0, 0.0, 0.0, 0.0, 0.0, 0.0, 0.0, 0.0, 0.0, 0.0, 0.0, 0.0, 0.0, 0.0, 0.0, 0.0, 0.0, 0.0, 0.0, 0.0, 0.0, 0.0, 0.0, 0.1429, 0.0, 0.0, 0.1111, 0.0, 0.0, 0.0, 0.0, 0.0, 0.0, 0.0, 0.0, 0.0, 0.0, 0.0, 0.0, 0.0, 0.0, 0.0, 0.0, 0.0, 0.0, 0.0, 0.0, 0.0, 0.0, 0.0, 0.0, 0.0, 0.0, 0.0, 0.0, 0.0, 0.0, 0.0, 0.0, 0.0, 0.0, 0.0, 0.0, 0.0, 0.0, 0.0, 0.0, 0.0, 0.0, 0.0, 0.0, 0.0, 0.0, 0.0, 0.0, 0.0, 0.0, 0.0, 0.0, 0.0, 0.0, 0.0, 0.0, 0.0, 0.0, 0.0, 0.0, 0.1111]"
broadcast,0.01,1,broadcast,0.026,0.026,0.026,-0.0,14,True,52,0,307,1641,0,"[0.0, 0.0075, 0.0085, 0.009, 0.0095, 0.01, 0.011, 0.0125, 0.0145, 0.0155, 0.0195, 0.022, 0.025, 0.026, 0.026, 0.026, 0.026, 0.026, 0.026, 0.026, 0.026, 0.026, 0.026, 0.026, 0.026, 0.026, 0.026, 0.026, 0.026, 0.026, 0.026, 0.026, 0.026, 0.026, 0.026, 0.026, 0.026, 0.026, 0.026, 0.026, 0.026, 0.026, 0.026, 0.026, 0.026, 0.026, 0.026, 0.026, 0.026, 0.026, 0.026, 0.026, 0.026, 0.026, 0.026, 0.026, 0.026, 0.026, 0.026, 0.026, 0.026, 0.026, 0.026, 0.026, 0.026, 0.026, 0.026, 0.026, 0.026, 0.026, 0.026, 0.026, 0.026, 0.026, 0.026, 0.026, 0.026, 0.026, 0.026, 0.026, 0.026, 0.026, 0.026, 0.026, 0.026, 0.026, 0.026, 0.026, 0.026, 0.026, 0.026, 0.026, 0.026, 0.026, 0.026, 0.026, 0.026, 0.026, 0.026, 0.026, 0.026]","{""0"": 0.1367, ""1"": 0.012, ""2"": 0.0075, ""3"": 0.0074, ""4"": 0.0127, ""5"": 0.004, ""6"": 0.0136, ""7"": 0.0}","[0.0, 0.0, 0.0, 0.0, 0.0, 0.0, 0.0, 0.0, 0.0, 0.0, 0.0, 0.0, 0.0, 0.0, 0.0, 0.0, 0.0, 0.0, 0.0, 0.0, 0.0, 0.0, 0.0, 0.0, 0.0, 0.0, 0.0, 0.0, 0.0, 0.0, 0.0, 0.1429, 0.0, 0.0, 0.0, 0.0, 0.0, 0.0, 0.0, 0.0, 0.0, 0.0, 0.0, 0.0, 0.0, 0.0909, 0.0, 0.0, 0.0, 0.0, 0.0, 0.0, 0.0, 0.0, 0.0, 0.0, 0.0, 0.0, 0.0, 0.125, 0.0, 0.0, 0.0, 0.0, 0.0, 0.0, 0.0, 0.0, 0.0, 0.0, 0.0, 0.0, 0.0, 0.0, 0.0, 0.0, 0.0, 0.0, 0.0, 0.1667, 0.0, 0.0, 0.0, 0.0, 0.125, 0.0, 0.0, 0.0, 0.0, 0.0, 0.0, 0.0, 0.0, 0.0, 0.0, 0.0, 0.0, 0.0, 0.0, 0.0, 0.0, 0.0, 0.0, 0.0, 0.0, 0.1111, 0.0, 0.0, 0.0, 0.0, 0.0, 0.125, 0.0, 0.0, 0.125, 0.0, 0.0, 0.0, 0.0, 0.0, 0.0, 0.0, 0.1667, 0.0, 0.0, 0.0, 0.0, 0.0, 0.0, 0.0, 0.0, 0.0, 0.1, 0.0, 0.0, 0.0, 0.0, 0.0, 0.0, 0.0, 0.0, 0.1429, 0.1429, 0.0, 0.0, 0.0, 0.0, 0.0, 0.0, 0.0, 0.0, 0.0, 0.0, 0.0, 0.0, 0.0, 0.0, 0.0, 0.0, 0.0, 0.0, 0.0, 0.0, 0.0, 0.0, 0.0, 0.0, 0.0, 0.0, 0.0, 0.0, 0.0, 0.0, 0.2, 0.0, 0.0, 0.0, 0.6667, 0.1111, 0.0, 0.0, 0.0, 0.0, 0.0, 0.0, 0.875, 0.0, 0.2, 0.0, 0.0, 0.0, 0.0, 0.0, 1.0, 0.0, 0.0, 0.0, 0.0, 0.0, 0.0, 0.0, 0.875, 0.0, 0.0, 0.0, 0.0, 0.0, 0.0, 0.0, 0.875, 0.0, 0.0, 0.0, 0.0, 0.0, 0.0, 0.0, 0.8571, 0.0, 0.0, 0.0, 0.0, 0.0, 0.0, 0.0, 0.0, 0.0, 0.0, 0.0, 0.0, 0.0, 0.0, 0.0, 0.0, 0.0, 0.0, 0.0, 0.0, 0.0, 0.0, 0.0, 0.0, 0.0, 0.0, 0.0, 0.0, 0.0, 0.0, 0.0, 0.0]"
broadcast,0.01,2,broadcast,0.0075,0.0075,0.0075,-0.0,3,True,15,0,301,1684,0,"[0.0, 0.007, 0.0075, 0.0075, 0.0075, 0.0075, 0.0075, 0.0075, 0.0075, 0.0075, 0.0075, 0.0075, 0.0075, 0.0075, 0.0075, 0.0075, 0.0075, 0.0075, 0.0075, 0.0075, 0.0075, 0.0075, 0.0075, 0.0075, 0.0075, 0.0075, 0.0075, 0.0075, 0.0075, 0.0075, 0.0075, 0.0075, 0.0075, 0.0075, 0.0075, 0.0075, 0.0075, 0.0075, 0.0075, 0.0075, 0.0075, 0.0075, 0.0075, 0.0075, 0.0075, 0.0075, 0.0075, 0.0075, 0.0075, 0.0075, 0.0075, 0.0075, 0.0075, 0.0075, 0.0075, 0.0075, 0.0075, 0.0075, 0.0075, 0.0075, 0.0075, 0.0075, 0.0075, 0.0075, 0.0075, 0.0075, 0.0075, 0.0075, 0.0075, 0.0075, 0.0075, 0.0075, 0.0075, 0.0075, 0.0075, 0.0075, 0.0075, 0.0075, 0.0075, 0.0075, 0.0075, 0.0075, 0.0075, 0.0075, 0.0075, 0.0075, 0.0075, 0.0075, 0.0075, 0.0075, 0.0075, 0.0075, 0.0075, 0.0075, 0.0075, 0.0075, 0.0075, 0.0075, 0.0075, 0.0075, 0.0075]","{""0"": 0.0039, ""1"": 0.0124, ""2"": 0.0044, ""3"": 0.0081, ""4"": 0.0081, ""5"": 0.0041, ""6"": 0.0143, ""7"": 0.0039}","[0.0, 0.0, 0.0, 0.0, 0.1111, 0.0, 0.0, 0.0, 0.0, 0.0, 0.0, 0.0, 0.0, 0.0, 0.0, 0.0, 0.0, 0.0, 0.0, 0.1429, 0.0, 0.0, 0.0, 0.0, 0.0, 0.0, 0.0, 0.0, 0.0, 0.0, 0.0, 0.1429, 0.0, 0.0, 0.0, 0.0, 0.0, 0.1111, 0.0, 0.0, 0.0, 0.0, 0.0, 0.0, 0.0, 0.25, 0.0, 0.0, 0.0, 0.0, 0.0, 0.0, 0.0, 0.0, 0.0, 0.0, 0.0, 0.0, 0.0, 0.0, 0.0, 0.0, 0.0, 0.0, 0.0, 0.0, 0.0, 0.0, 0.0, 0.0, 0.0, 0.0, 0.0, 0.0, 0.0, 0.0, 0.0, 0.0, 0.0, 0.1, 0.0, 0.0, 0.0, 0.0, 0.0, 0.0, 0.0, 0.0, 0.0, 0.0, 0.0, 0.0, 0.0, 0.0, 0.0, 0.0667, 0.0, 0.0, 0.0, 0.0, 0.0, 0.0, 0.0, 0.0, 0.0, 0.0, 0.0, 0.0, 0.0, 0.0, 0.0, 0.0, 0.0, 0.0, 0.0, 0.0, 0.1429, 0.0, 0.0, 0.1429, 0.0, 0.0, 0.0909, 0.0, 0.0, 0.0, 0.0, 0.0, 0.0909, 0.0, 0.0, 0.0, 0.0, 0.0, 0.0, 0.0, 0.0, 0.0, 0.0, 0.0, 0.0, 0.0, 0.0, 0.0, 0.0, 0.125, 0.0, 0.0, 0.0, 0.0, 0.1429, 0.0, 0.0, 0.0, 0.125, 0.0, 0.0, 0.0, 0.0, 0.0, 0.0, 0.0, 0.1429, 0.0, 0.0, 0.0, 0.0, 0.0, 0.0, 0.0, 0.0, 0.0, 0.0, 0.0, 0.0, 0.0, 0.0, 0.0, 0.0, 0.0, 0.0, 0.0, 0.0, 0.0, 0.0, 0.0, 0.0, 0.0, 0.0, 0.0, 0.0, 0.0, 0.0, 0.0, 0.0, 0.0, 0.0, 0.0, 0.0, 0.0, 0.0, 0.0, 0.0, 0.0, 0.0, 0.0, 0.0, 0.0, 0.0, 0.0, 0.0, 0.0, 0.0, 0.0, 0.0, 0.0, 0.0, 0.0, 0.0, 0.0, 0.0, 0.0, 0.0, 0.0, 0.0, 0.0, 0.0, 0.0, 0.0, 0.0, 0.0, 0.0, 0.0, 0.0, 0.0, 0.0, 0.0, 0.0, 0.0, 0.0, 0.0, 0.0, 0.0, 0.0, 0.0, 0.0, 0.0, 0.0, 0.0, 0.0]"
broadcast,0.01,3,broadcast,0.009,0.009,0.009,0.0,2,True,18,0,320,1662,0,"[0.0, 0.009, 0.009, 0.009, 0.009, 0.009, 0.009, 0.009, 0.009, 0.009, 0.009, 0.009, 0.009, 0.009, 0.009, 0.009, 0.009, 0.009, 0.009, 0.009, 0.009, 0.009, 0.009, 0.009, 0.009, 0.009, 0.009, 0.009, 0.009, 0.009, 0.009, 0.009, 0.009, 0.009, 0.009, 0.009, 0.009, 0.009, 0.009, 0.009, 0.009, 0.009, 0.009, 0.009, 0.009, 0.009, 0.009, 0.009, 0.009, 0.009, 0.009, 0.009, 0.009, 0.009, 0.009, 0.009, 0.009, 0.009, 0.009, 0.009, 0.009, 0.009, 0.009, 0.009, 0.009, 0.009, 0.009, 0.009, 0.009, 0.009, 0.009, 0.009, 0.009, 0.009, 0.009, 0.009, 0.009, 0.009, 0.009, 0.009, 0.009, 0.009, 0.009, 0.009, 0.009, 0.009, 0.009, 0.009, 0.009, 0.009, 0.009, 0.009, 0.009, 0.009, 0.009, 0.009, 0.009, 0.009, 0.009, 0.009, 0.009]","{""0"": 0.008, ""1"": 0.0038, ""2"": 0.02, ""3"": 0.0081, ""4"": 0.0081, ""5"": 0.0041, ""6"": 0.004, ""7"": 0.0163}","[0.0, 0.0, 0.0, 0.0, 0.0, 0.0, 0.0, 0.0, 0.0, 0.0, 0.0, 0.0, 0.0, 0.0, 0.0, 0.0, 0.0, 0.0, 0.0, 0.0, 0.0, 0.0, 0.0, 0.0, 0.0, 0.0, 0.0, 0.0, 0.0, 0.0, 0.0, 0.0, 0.0, 0.0, 0.0, 0.0, 0.0, 0.0, 0.0, 0.0, 0.0, 0.0, 0.0, 0.0, 0.0, 0.0, 0.0, 0.0, 0.0, 0.0, 0.0, 0.0, 0.0, 0.0, 0.0, 0.0, 0.0, 0.0, 0.0, 0.0, 0.0, 0.0, 0.0, 0.0, 0.0, 0.0, 0.0, 0.0, 0.0, 0.0, 0.0, 0.0, 0.0, 0.0, 0.0, 0.0, 0.0, 0.0, 0.0, 0.0, 0.0, 0.0, 0.0, 0.1667, 0.0, 0.0, 0.0, 0.0, 0.0, 0.0, 0.0, 0.0, 0.0, 0.0, 0.0, 0.1, 0.0, 0.0, 0.0, 0.0, 0.1667, 0.0, 0.0, 0.0, 0.0, 0.0, 0.0, 0.0, 0.0, 0.0, 0.0, 0.0, 0.0, 0.0, 0.0, 0.0, 0.0, 0.0, 0.1429, 0.0, 0.0, 0.1, 0.0, 0.1667, 0.0, 0.0, 0.0, 0.0, 0.1, 0.0, 0.0, 0.0, 0.0, 0.0, 0.0, 0.0, 0.1, 0.0, 0.0, 0.0, 0.0, 0.1667, 0.0, 0.0, 0.0, 0.0, 0.0, 0.0, 0.0, 0.0, 0.0, 0.0, 0.0, 0.0769, 0.0, 0.0, 0.0, 0.0, 0.0, 0.0, 0.0, 0.0, 0.0, 0.0, 0.0, 0.1111, 0.0, 0.0, 0.0, 0.0, 0.0, 0.0909, 0.0, 0.0, 0.0, 0.0, 0.0, 0.0, 0.0, 0.0, 0.0, 0.0, 0.0, 0.0, 0.0, 0.0, 0.0, 0.0, 0.0, 0.0, 0.0, 0.0, 0.0, 0.0, 0.0, 0.0, 0.1, 0.0, 0.0, 0.0, 0.0, 0.0, 0.0, 0.0, 0.0, 0.0, 0.0, 0.0, 0.2, 0.0, 0.0, 0.0, 0.0, 0.0, 0.0, 0.0, 0.0, 0.0, 0.0, 0.0, 0.0, 0.0, 0.0, 0.0, 0.2, 0.0, 0.1, 0.1111, 0.0, 0.0, 0.0, 0.0, 0.0, 0.0, 0.0, 0.0, 0.0, 0.0, 0.0, 0.0, 0.0, 0.0, 0.0, 0.125, 0.0, 0.0, 0.0, 0.0, 0.0, 0.0]"
broadcast,0.01,4,broadcast,0.0065,0.0065,0.0065,-0.0,2,True,13,0,287,1700,0,"[0.0, 0.0065, 0.0065, 0.0065, 0.0065, 0.0065, 0.0065, 0.0065, 0.0065, 0.0065, 0.0065, 0.0065, 0.0065, 0.0065, 0.0065, 0.0065, 0.0065, 0.0065, 0.0065, 0.0065, 0.0065, 0.0065, 0.0065, 0.0065, 0.0065, 0.0065, 0.0065, 0.0065, 0.0065, 0.0065, 0.0065, 0.0065, 0.0065, 0.0065, 0.0065, 0.0065, 0.0065, 0.0065, 0.0065, 0.0065, 0.0065, 0.0065, 0.0065, 0.0065, 0.0065, 0.0065, 0.0065, 0.0065, 0.0065, 0.0065, 0.0065, 0.0065, 0.0065, 0.0065, 0.0065, 0.0065, 0.0065, 0.0065, 0.0065, 0.0065, 0.0065, 0.0065, 0.0065, 0.0065, 0.0065, 0.0065, 0.0065, 0.0065, 0.0065, 0.0065, 0.0065, 0.0065, 0.0065, 0.0065, 0.0065, 0.0065, 0.0065, 0.0065, 0.0065, 0.0065, 0.0065, 0.0065, 0.0065, 0.0065, 0.0065, 0.0065, 0.0065, 0.0065, 0.0065, 0.0065, 0.0065, 0.0065, 0.0065, 0.0065, 0.0065, 0.0065, 0.0065, 0.0065, 0.0065, 0.0065, 0.0065]","{""0"": 0.0, ""1"": 0.0038, ""2"": 0.0082, ""3"": 0.0, ""4"": 0.0085, ""5"": 0.008, ""6"": 0.0119, ""7"": 0.0121}","[0.0, 0.0, 0.0, 0.0, 0.0, 0.0, 0.0, 0.0, 0.0, 0.0, 0.0, 0.0, 0.0, 0.0, 0.0, 0.0, 0.0, 0.0, 0.0, 0.0, 0.0, 0.0, 0.0, 0.0, 0.0, 0.0, 0.0, 0.0, 0.0, 0.0, 0.0, 0.0, 0.0, 0.0, 0.0, 0.0, 0.0, 0.1, 0.0, 0.0, 0.0, 0.0, 0.0, 0.0, 0.0, 0.0, 0.0, 0.0, 0.1111, 0.0, 0.0, 0.0, 0.0, 0.0, 0.0, 0.0, 0.0, 0.0, 0.0, 0.0, 0.0, 0.0, 0.0, 0.0, 0.0, 0.0, 0.0, 0.0, 0.0, 0.0, 0.0, 0.1111, 0.0, 0.0, 0.0, 0.0, 0.0, 0.0, 0.0, 0.0, 0.0769, 0.0, 0.0, 0.0, 0.0, 0.125, 0.0, 0.0, 0.0, 0.0, 0.0, 0.0, 0.0, 0.0, 0.0, 0.0, 0.0, 0.0, 0.0, 0.0, 0.0, 0.0, 0.0, 0.0, 0.0, 0.0, 0.0, 0.0, 0.0, 0.0, 0.0, 0.0, 0.0, 0.0, 0.0, 0.0, 0.0, 0.0, 0.0, 0.0, 0.0, 0.0, 0.0, 0.0, 0.0, 0.0, 0.0, 0.1429, 0.0, 0.0, 0.0, 0.0, 0.0, 0.0, 0.0, 0.0, 0.0, 0.0, 0.0, 0.0, 0.0, 0.0, 0.0, 0.0, 0.0, 0.0, 0.0, 0.0, 0.0, 0.0, 0.0, 0.0, 0.0, 0.0, 0.125, 0.0, 0.0, 0.0, 0.0, 0.0, 0.0, 0.0, 0.0, 0.0, 0.0, 0.0, 0.0, 0.0, 0.0, 0.0, 0.0, 0.1667, 0.0, 0.0, 0.0, 0.0, 0.0, 0.0, 0.0, 0.1667, 0.0, 0.0, 0.0, 0.0, 0.0, 0.0, 0.0, 0.0, 0.0, 0.0, 0.0, 0.0, 0.0, 0.0, 0.0, 0.0, 0.0, 0.0, 0.0, 0.0, 0.0, 0.0, 0.0, 0.0, 0.0, 0.0, 0.0, 0.0, 0.0, 0.0, 0.0, 0.0, 0.0, 0.0, 0.0909, 0.0, 0.0, 0.0, 0.0, 0.0, 0.0, 0.0, 0.0, 0.0, 0.0, 0.0, 0.0, 0.0, 0.0, 0.0, 0.0, 0.0, 0.125, 0.0, 0.0, 0.0, 0.0, 0.0, 0.0, 0.1667, 0.0, 0.0, 0.0, 0.0, 0.0, 0.0, 0.1111, 0.0, 0.0, 0.0]"
broadcast,0.01,5,broadcast,0.016,0.016,0.016,-0.0,6,True,32,0,310,1658,0,"[0.0, 0.0135, 0.0145, 0.015, 0.0155, 0.016, 0.016, 0.016, 0.016, 0.016, 0.016, 0.016, 0.016, 0.016, 0.016, 0.016, 0.016, 0.016, 0.016, 0.016, 0.016, 0.016, 0.016, 0.016, 0.016, 0.016, 0.016, 0.016, 0.016, 0.016, 0.016, 0.016, 0.016, 0.016, 0.016, 0.016, 0.016, 0.016, 0.016, 0.016, 0.016, 0.016, 0.016, 0.016, 0.016, 0.016, 0.016, 0.016, 0.016, 0.016, 0.016, 0.016, 0.016, 0.016, 0.016, 0.016, 0.016, 0.016, 0.016, 0.016, 0.016, 0.016, 0.016, 0.016, 0.016, 0.016, 0.016, 0.016, 0.016, 0.016, 0.016, 0.016, 0.016, 0.016, 0.016, 0.016, 0.016, 0.016, 0.016, 0.016, 0.016, 0.016, 0.016, 0.016, 0.016, 0.016, 0.016, 0.016, 0.016, 0.016, 0.016, 0.016, 0.016, 0.016, 0.016, 0.016, 0.016, 0.016, 0.016, 0.016, 0.016]","{""0"": 0.0161, ""1"": 0.0, ""2"": 0.0385, ""3"": 0.0118, ""4"": 0.0205, ""5"": 0.0083, ""6"": 0.0285, ""7"": 0.0078}","[0.0, 0.0, 0.0, 0.1667, 0.1429, 0.0, 0.0, 0.0, 0.0, 0.0, 0.0, 0.0, 0.0, 0.1667, 0.0, 0.0, 0.0, 0.0, 0.0, 0.0, 0.0, 0.0, 0.0, 0.0, 0.0, 0.0, 0.0, 0.0, 0.0, 0.0, 0.0, 0.0, 0.0, 0.0, 0.0, 0.0, 0.0909, 0.125, 0.0, 0.0, 0.0, 0.1667, 0.0, 0.0, 0.0, 0.0, 0.0, 0.0, 0.0, 0.0, 0.0, 0.0, 0.0, 0.1667, 0.0, 0.0, 0.0, 0.0, 0.0, 0.0, 0.0, 0.0, 0.1111, 0.0, 0.0, 0.0, 0.0, 0.0, 0.0, 0.0, 0.0, 0.1429, 0.0, 0.0, 0.0, 0.0, 0.0, 0.0, 0.0, 0.1667, 0.0, 0.1667, 0.0, 0.0, 0.0, 0.0, 0.0, 0.1429, 0.0, 0.0, 0.0, 0.0, 0.0, 0.0, 0.0, 0.0, 0.0, 0.0, 0.0, 0.0, 0.0, 0.0, 0.0, 0.0, 0.0, 0.0, 0.0, 0.0, 0.0, 0.0, 0.0, 0.0, 0.0, 0.0, 0.0, 0.0, 0.0, 0.0, 0.0, 0.0, 0.1111, 0.0, 0.0, 0.0, 0.0, 0.0, 0.0, 0.1667, 0.0, 0.125, 0.0, 0.0, 0.0, 0.0, 0.1111, 0.1429, 0.0, 0.0, 0.0, 0.0, 0.1429, 0.1429, 0.0, 0.0, 0.0, 0.0, 0.0, 0.0, 0.0, 0.0, 0.0, 0.0, 0.0, 0.0, 0.0, 0.0, 0.0, 0.0, 0.0, 0.0, 0.0, 0.0, 0.0, 0.0, 0.0, 0.0, 0.0, 0.0769, 0.0, 0.0, 0.0, 0.0, 0.0, 0.0, 0.0, 0.0, 0.0, 0.0, 0.0, 0.0, 0.0, 0.0, 0.0, 0.0, 0.0, 0.0, 0.0, 0.0, 0.0, 0.0, 0.0, 0.0, 0.0, 0.0, 0.0, 0.2, 0.0, 0.1, 0.0, 0.0, 0.0, 0.125, 0.0, 0.7143, 0.0, 0.0, 0.0, 0.0, 0.0, 0.0, 0.0, 0.1429, 0.0, 0.0, 0.0, 0.0, 0.0, 0.0, 0.0, 0.0, 0.0, 0.0, 0.0, 0.0, 0.0, 0.0, 0.0, 0.0, 0.0, 0.0, 0.0, 0.1111, 0.0, 0.0, 0.0, 0.0769, 0.0, 0.0, 0.0, 0.0, 0.1667, 0.0, 0.0, 0.0, 0.0, 0.0, 0.0, 0.0, 0.0, 0.0]"
broadcast,0.01,6,broadcast,0.012,0.012,0.012,0.0,3,True,24,0,290,1686,0,"[0.0, 0.0115, 0.012, 0.012, 0.012, 0.012, 0.012, 0.012, 0.012, 0.012, 0.012, 0.012, 0.012, 0.012, 0.012, 0.012, 0.012, 0.012, 0.012, 0.012, 0.012, 0.012, 0.012, 0.012, 0.012, 0.012, 0.012, 0.012, 0.012, 0.012, 0.012, 0.012, 0.012, 0.012, 0.012, 0.012, 0.012, 0.012, 0.012, 0.012, 0.012, 0.012, 0.012, 0.012, 0.012, 0.012, 0.012, 0.012, 0.012, 0.012, 0.012, 0.012, 0.012, 0.012, 0.012, 0.012, 0.012, 0.012, 0.012, 0.012, 0.012, 0.012, 0.012, 0.012, 0.012, 0.012, 0.012, 0.012, 0.012, 0.012, 0.012, 0.012, 0.012, 0.012, 0.012, 0.012, 0.012, 0.012, 0.012, 0.012, 0.012, 0.012, 0.012, 0.012, 0.012, 0.012, 0.012, 0.012, 0.012, 0.012, 0.012, 0.012, 0.012, 0.012, 0.012, 0.012, 0.012, 0.012, 0.012, 0.012, 0.012]","{""0"": 0.0225, ""1"": 0.0121, ""2"": 0.0, ""3"": 0.0112, ""4"": 0.0041, ""5"": 0.0168, ""6"": 0.0163, ""7"": 0.0119}","[0.0, 0.1667, 0.0, 0.0, 0.0, 0.0, 0.0, 0.0, 0.0, 0.0, 0.0, 0.0, 0.0, 0.0, 0.0, 0.0, 0.0, 0.1111, 0.0, 0.0, 0.0, 0.0, 0.0, 0.0, 0.0, 0.0, 0.0, 0.0, 0.0, 0.0, 0.0, 0.0, 0.0, 0.1111, 0.0, 0.0, 0.0, 0.0, 0.0, 0.0, 0.0, 0.0, 0.0, 0.0, 0.0, 0.0, 0.0, 0.1667, 0.0, 0.1, 0.0, 0.0, 0.0, 0.0, 0.125, 0.0, 0.0, 0.0, 0.0, 0.0, 0.0, 0.0, 0.0909, 0.0, 0.0, 0.1, 0.0, 0.0, 0.0, 0.0, 0.0, 0.0, 0.0, 0.0, 0.1429, 0.0, 0.125, 0.0, 0.2, 0.0, 0.0, 0.0, 0.0, 0.0, 0.0, 0.0, 0.0, 0.0, 0.0, 0.0, 0.0, 0.0, 0.0, 0.0, 0.1429, 0.1429, 0.0, 0.0, 0.0, 0.0, 0.1111, 0.0, 0.0, 0.0, 0.0, 0.0, 0.0, 0.0, 0.0, 0.0, 0.0, 0.0, 0.25, 0.0, 0.0, 0.0, 0.0, 0.0, 0.0, 0.0, 0.0, 0.0, 0.0, 0.0, 0.0, 0.0, 0.0, 0.0, 0.0, 0.0, 0.125, 0.0, 0.0, 0.0, 0.0, 0.0, 0.0, 0.0, 0.0, 0.0, 0.0833, 0.0, 0.0, 0.0, 0.0, 0.0, 0.0, 0.0, 0.0, 0.0, 0.0, 0.0, 0.0, 0.0, 0.0, 0.0, 0.0, 0.0, 0.0, 0.0, 0.0, 0.0, 0.0, 0.0, 0.0, 0.0, 0.0, 0.0, 0.125, 0.0, 0.1, 0.0, 0.0, 0.0, 0.0, 0.0, 0.0, 0.1429, 0.0, 0.0, 0.0, 0.0, 0.0, 0.0, 0.0, 0.0, 0.0, 0.0, 0.0, 0.0, 0.0, 0.0, 0.0, 0.0, 0.0, 0.0, 0.0, 0.1667, 0.0, 0.0, 0.0, 0.0, 0.0, 0.0, 0.0, 0.0, 0.0, 0.0, 0.0, 0.0, 0.0, 0.0, 0.0, 0.0, 0.0, 0.0, 0.0, 0.0, 0.0, 0.0, 0.0, 0.0, 0.0, 0.1429, 0.0, 0.0, 0.0, 0.0, 0.0, 0.0, 0.0, 0.0, 0.0, 0.0, 0.0, 0.0, 0.0, 0.0, 0.0, 0.0, 0.0, 0.0, 0.0, 0.0, 0.0, 0.0, 0.0, 0.0909, 0.0, 0.0]"
broadcast,0.01,7,broadcast,0.009,0.009,0.009,0.0,3,True,18,0,302,1680,0,"[0.0, 0.0085, 0.009, 0.009, 0.009, 0.009, 0.009, 0.009, 0.009, 0.009, 0.009, 0.009, 0.009, 0.009, 0.009, 0.009, 0.009, 0.009, 0.009, 0.009, 0.009, 0.009, 0.009, 0.009, 0.009, 0.009, 0.009, 0.009, 0.009, 0.009, 0.009, 0.009, 0.009, 0.009, 0.009, 0.009, 0.009, 0.009, 0.009, 0.009, 0.009, 0.009, 0.009, 0.009, 0.009, 0.009, 0.009, 0.009, 0.009, 0.009, 0.009, 0.009, 0.009, 0.009, 0.009, 0.009, 0.009, 0.009, 0.009, 0.009, 0.009, 0.009, 0.009, 0.009, 0.009, 0.009, 0.009, 0.009, 0.009, 0.009, 0.009, 0.009, 0.009, 0.009, 0.009, 0.009, 0.009, 0.009, 0.009, 0.009, 0.009, 0.009, 0.009, 0.009, 0.009, 0.009, 0.009, 0.009, 0.009, 0.009, 0.009, 0.009, 0.009, 0.009, 0.009, 0.009, 0.009, 0.009, 0.009, 0.009, 0.009]","{""0"": 0.0114, ""1"": 0.0159, ""2"": 0.0, ""3"": 0.0124, ""4"": 0.0167, ""5"": 0.0082, ""6"": 0.0075, ""7"": 0.0}","[0.0, 0.0, 0.0, 0.0, 0.0, 0.3333, 0.0, 0.0, 0.0, 0.0, 0.0, 0.0, 0.0, 0.0, 0.0, 0.0, 0.0, 0.0, 0.0, 0.0, 0.0, 0.0, 0.0, 0.0, 0.0, 0.0, 0.125, 0.0, 0.0, 0.0, 0.0, 0.0, 0.0, 0.0, 0.2, 0.0, 0.0, 0.0, 0.0, 0.0, 0.0, 0.0, 0.0, 0.0, 0.0, 0.0, 0.0714, 0.0, 0.0, 0.0, 0.0, 0.0, 0.0, 0.0, 0.0, 0.0, 0.0, 0.0, 0.0, 0.0, 0.0, 0.0, 0.0, 0.0, 0.0, 0.1429, 0.0, 0.0, 0.0, 0.0, 0.0, 0.1429, 0.0, 0.0, 0.0, 0.0, 0.1429, 0.0, 0.0, 0.0, 0.0, 0.0, 0.0, 0.0, 0.0, 0.0, 0.0, 0.0, 0.0, 0.0, 0.0, 0.0, 0.0, 0.125, 0.0, 0.0, 0.0, 0.0, 0.0, 0.0, 0.0, 0.0, 0.0, 0.0, 0.0, 0.0, 0.0, 0.0, 0.0, 0.0, 0.0, 0.0, 0.0, 0.0, 0.1667, 0.0, 0.0, 0.0714, 0.0, 0.0, 0.0, 0.0, 0.0, 0.0, 0.0, 0.0, 0.0, 0.0, 0.0, 0.0, 0.0, 0.0, 0.0, 0.0, 0.0, 0.0, 0.0, 0.0, 0.0, 0.0, 0.1429, 0.0, 0.0, 0.0, 0.0, 0.0, 0.0, 0.0, 0.0, 0.0, 0.0, 0.0, 0.0, 0.0, 0.0, 0.0, 0.1111, 0.125, 0.0, 0.0, 0.0, 0.0, 0.125, 0.0, 0.0, 0.0, 0.0, 0.0, 0.0, 0.0, 0.0, 0.0, 0.0, 0.0, 0.0, 0.0, 0.0, 0.1, 0.0, 0.0, 0.0, 0.0, 0.0, 0.0, 0.0, 0.0, 0.0, 0.0, 0.0, 0.0, 0.0, 0.0, 0.0, 0.0, 0.0, 0.0, 0.0, 0.0, 0.125, 0.0, 0.0, 0.0, 0.0, 0.0, 0.0, 0.0, 0.0, 0.0, 0.0, 0.0, 0.0, 0.0, 0.0, 0.0, 0.0, 0.0, 0.0, 0.0, 0.0, 0.0, 0.0, 0.0, 0.0, 0.0909, 0.0, 0.0, 0.0, 0.0, 0.0, 0.0, 0.0, 0.0, 0.0, 0.0, 0.0, 0.0, 0.0, 0.0, 0.0, 0.0, 0.0, 0.0, 0.0, 0.0, 0.0, 0.0, 0.0, 0.0, 0.0, 0.0769]"
broadcast,0.01,8,broadcast,0.014,0.014,0.014,-0.0,5,True,28,0,277,1695,0,"[0.0, 0.011, 0.0125, 0.0135, 0.014, 0.014, 0.014, 0.014, 0.014, 0.014, 0.014, 0.014, 0.014, 0.014, 0.014, 0.014, 0.014, 0.014, 0.014, 0.014, 0.014, 0.014, 0.014, 0.014, 0.014, 0.014, 0.014, 0.014, 0.014, 0.014, 0.014, 0.014, 0.014, 0.014, 0.014, 0.014, 0.014, 0.014, 0.014, 0.014, 0.014, 0.014, 0.014, 0.014, 0.014, 0.014, 0.014, 0.014, 0.014, 0.014, 0.014, 0.014, 0.014, 0.014, 0.014, 0.014, 0.014, 0.014, 0.014, 0.014, 0.014, 0.014, 0.014, 0.014, 0.014, 0.014, 0.014, 0.014, 0.014, 0.014, 0.014, 0.014, 0.014, 0.014, 0.014, 0.014, 0.014, 0.014, 0.014, 0.014, 0.014, 0.014, 0.014, 0.014, 0.014, 0.014, 0.014, 0.014, 0.014, 0.014, 0.014, 0.014, 0.014, 0.014, 0.014, 0.014, 0.014, 0.014, 0.014, 0.014, 0.014]","{""0"": 0.0037, ""1"": 0.0155, ""2"": 0.0086, ""3"": 0.0327, ""4"": 0.0166, ""5"": 0.0235, ""6"": 0.0042, ""7"": 0.0077}","[0.0, 0.0, 0.0, 0.0, 0.0, 0.0, 0.0, 0.0, 0.0, 0.0, 0.0, 0.0, 0.0, 0.0, 0.0, 0.0, 0.0, 0.0, 0.1429, 0.0, 0.0, 0.0, 0.0, 0.0, 0.0, 0.0, 0.0, 0.0, 0.1111, 0.1667, 0.0, 0.0, 0.0, 0.0, 0.0, 0.0, 0.0, 0.0, 0.0, 0.0, 0.0, 0.0, 0.0, 0.0, 0.125, 0.125, 0.0, 0.0, 0.1429, 0.0, 0.0, 0.0, 0.0, 0.0, 0.25, 0.0, 0.0, 0.0, 0.0, 0.0, 0.0, 0.0, 0.1667, 0.1429, 0.0, 0.0, 0.0, 0.0, 0.0, 0.0, 0.0, 0.0, 0.0, 0.0, 0.0, 0.0, 0.0, 0.0, 0.1429, 0.0, 0.0, 0.0, 0.25, 0.0, 0.0, 0.0, 0.1429, 0.0, 0.0, 0.0, 0.0, 0.0, 0.0, 0.0, 0.0, 0.0, 0.0, 0.0, 0.0, 0.0, 0.0, 0.0, 0.0, 0.0, 0.0, 0.0, 0.0, 0.0, 0.0, 0.0, 0.0, 0.0, 0.0, 0.0, 0.0, 0.0, 0.0, 0.0, 0.0, 0.0, 0.1667, 0.0, 0.0, 0.0, 0.0, 0.1429, 0.2, 0.0, 0.0, 0.0, 0.1429, 0.0, 0.0, 0.0, 0.0, 0.0, 0.0, 0.0, 0.0, 0.0, 0.0, 0.0, 0.0, 0.0, 0.0, 0.0, 0.0, 0.0, 0.0, 0.0, 0.0, 0.0, 0.0, 0.0, 0.0, 0.0, 0.0, 0.0, 0.0, 0.0, 0.0, 0.0, 0.1667, 0.0, 0.0, 0.0, 0.0, 0.0, 0.0, 0.0, 0.0, 0.0, 0.0, 0.0, 0.0, 0.0, 0.0, 0.0, 0.0, 0.1111, 0.0, 0.0, 0.0, 0.0, 0.0, 0.0, 0.0, 0.0, 0.0, 0.0, 0.0, 0.0, 0.0, 0.1111, 0.0, 0.0, 0.0, 0.0, 0.0, 0.0, 0.0, 0.0, 0.0, 0.0, 0.1111, 0.0, 0.1, 0.0, 0.0, 0.0, 0.0, 0.0, 0.0, 0.125, 0.0, 0.0, 0.0, 0.0, 0.0, 0.0, 0.0, 0.0, 0.0, 0.0, 0.0, 0.0, 0.0, 0.2, 0.0, 0.0, 0.0, 0.0, 0.0, 0.0, 0.0, 0.0, 0.625, 0.0, 0.0, 0.0, 0.0, 0.0, 0.0, 0.0, 0.0, 0.0, 0.0, 0.0, 0.0, 0.0]"
broadcast,0.01,9,broadcast,0.0525,0.0525,0.0525,-0.0,18,True,105,0,312,1583,0,"[0.0, 0.0085, 0.0095, 0.011, 0.0125, 0.0165, 0.022, 0.0275, 0.0305, 0.0325, 0.034, 0.036, 0.0385, 0.0425, 0.046, 0.0485, 0.051, 0.0525, 0.0525, 0.0525, 0.0525, 0.0525, 0.0525, 0.0525, 0.0525, 0.0525, 0.0525, 0.0525, 0.0525, 0.0525, 0.0525, 0.0525, 0.0525, 0.0525, 0.0525, 0.0525, 0.0525, 0.0525, 0.0525, 0.0525, 0.0525, 0.0525, 0.0525, 0.0525, 0.0525, 0.0525, 0.0525, 0.0525, 0.0525, 0.0525, 0.0525, 0.0525, 0.0525, 0.0525, 0.0525, 0.0525, 0.0525, 0.0525, 0.0525, 0.0525, 0.0525, 0.0525, 0.0525, 0.0525, 0.0525, 0.0525, 0.0525, 0.0525, 0.0525, 0.0525, 0.0525, 0.0525, 0.0525, 0.0525, 0.0525, 0.0525, 0.0525, 0.0525, 0.0525, 0.0525, 0.0525, 0.0525, 0.0525, 0.0525, 0.0525, 0.0525, 0.0525, 0.0525, 0.0525, 0.0525, 0.0525, 0.0525, 0.0525, 0.0525, 0.0525, 0.0525, 0.0525, 0.0525, 0.0525, 0.0525, 0.0525]","{""0"": 0.4126, ""1"": 0.0113, ""2"": 0.0, ""3"": 0.0171, ""4"": 0.0074, ""5"": 0.008, ""6"": 0.008, ""7"": 0.0}","[0.1111, 0.8333, 0.0, 0.0, 0.0, 0.0833, 0.0, 0.0, 0.0, 0.8889, 0.0, 0.0, 0.1, 0.0, 0.0, 0.0, 0.0, 1.0, 0.0, 0.0, 0.0, 0.0, 0.0, 0.0, 0.0, 1.0, 0.0, 0.0, 0.0, 0.0, 0.0, 0.0, 0.0, 1.0, 0.0, 0.0, 0.1, 0.0, 0.0, 0.1429, 0.0, 1.0, 0.0, 0.0, 0.0, 0.0, 0.1111, 0.0, 0.0, 1.0, 0.0, 0.0, 0.0, 0.0, 0.0, 0.0, 0.0, 0.8333, 0.0, 0.0, 0.0, 0.0, 0.0, 0.0, 0.0, 0.7143, 0.0, 0.0, 0.0, 0.0, 0.0, 0.0, 0.0, 1.0, 0.0833, 0.0, 0.0, 0.0, 0.0, 0.0, 0.0, 0.75, 0.0, 0.0, 0.0, 0.0, 0.0, 0.0, 0.0, 1.0, 0.0, 0.0, 0.0, 0.0, 0.0, 0.0, 0.0, 0.6667, 0.0, 0.0, 0.1667, 0.0, 0.0, 0.0, 0.0, 1.0, 0.0, 0.0, 0.0, 0.0, 0.1429, 0.0, 0.0, 0.1667, 0.0, 0.0, 0.0, 0.0, 0.0, 0.0, 0.0, 0.0, 0.0, 0.0, 0.0, 0.0, 0.0, 0.0, 0.0, 0.0, 0.0, 0.0, 0.0, 0.0, 0.0, 0.0, 0.0, 0.0, 0.0, 0.0, 0.0, 0.0, 0.0, 0.0, 0.0, 0.0, 0.0, 0.0, 0.1, 0.0, 0.0, 0.0, 0.0, 0.0, 0.0, 0.0, 0.0, 0.1, 0.0, 0.0, 0.0, 0.0, 0.0, 0.0, 0.0, 0.0, 0.0, 0.1667, 0.0, 0.0, 0.0, 0.0, 0.0, 0.0, 0.0, 0.0, 0.0, 0.0, 0.0, 0.0, 0.0, 0.0, 0.0, 0.0, 0.0, 0.0, 0.0, 0.0, 0.0, 0.0, 0.0, 0.0, 0.0, 0.0, 0.0, 0.0, 0.0, 0.0, 0.0, 0.0, 0.0, 0.0, 0.0, 0.0, 0.0, 0.0, 0.0, 0.0, 0.0, 0.0, 0.4, 0.0, 0.0, 0.0, 0.0, 0.0, 0.0, 0.0, 0.0, 0.0, 0.0, 0.0, 0.0, 0.0, 0.0, 0.0, 0.0, 0.0, 0.0, 0.0, 0.0, 0.0, 0.0, 0.0, 0.0, 0.0, 0.0, 0.0, 0.0, 0.0, 0.0, 0.4, 0.0, 0.0, 0.0, 0.0, 0.0, 0.0, 0.0, 1.0]"
broadcast,0.01,10,broadcast,0.007,0.007,0.007,-0.0,2,True,14,0,310,1676,0,"[0.0, 0.007, 0.007, 0.007, 0.007, 0.007, 0.007, 0.007, 0.007, 0.007, 0.007, 0.007, 0.007, 0.007, 0.007, 0.007, 0.007, 0.007, 0.007, 0.007, 0.007, 0.007, 0.007, 0.007, 0.007, 0.007, 0.007, 0.007, 0.007, 0.007, 0.007, 0.007, 0.007, 0.007, 0.007, 0.007, 0.007, 0.007, 0.007, 0.007, 0.007, 0.007, 0.007, 0.007, 0.007, 0.007, 0.007, 0.007, 0.007, 0.007, 0.007, 0.007, 0.007, 0.007, 0.007, 0.007, 0.007, 0.007, 0.007, 0.007, 0.007, 0.007, 0.007, 0.007, 0.007, 0.007, 0.007, 0.007, 0.007, 0.007, 0.007, 0.007, 0.007, 0.007, 0.007, 0.007, 0.007, 0.007, 0.007, 0.007, 0.007, 0.007, 0.007, 0.007, 0.007, 0.007, 0.007, 0.007, 0.007, 0.007, 0.007, 0.007, 0.007, 0.007, 0.007, 0.007, 0.007, 0.007, 0.007, 0.007, 0.007]","{""0"": 0.0083, ""1"": 0.0, ""2"": 0.012, ""3"": 0.0073, ""4"": 0.0082, ""5"": 0.004, ""6"": 0.0092, ""7"": 0.0081}","[0.0, 0.0, 0.0, 0.0, 0.0, 0.0, 0.0, 0.0, 0.125, 0.0, 0.0, 0.0, 0.0, 0.0, 0.0, 0.0, 0.0, 0.0, 0.0, 0.0, 0.0, 0.0, 0.0, 0.0, 0.0, 0.0, 0.0, 0.0, 0.0, 0.0, 0.0, 0.0, 0.0, 0.1, 0.0, 0.0, 0.0, 0.25, 0.0, 0.0, 0.0, 0.0, 0.0, 0.0, 0.0, 0.0, 0.1429, 0.0, 0.0, 0.0, 0.0, 0.0, 0.1667, 0.0, 0.0, 0.0, 0.0, 0.0, 0.0, 0.0, 0.0, 0.0, 0.0, 0.0, 0.0, 0.0, 0.0, 0.0, 0.0, 0.0, 0.0, 0.0, 0.0, 0.0, 0.0, 0.0, 0.0, 0.0, 0.0, 0.1667, 0.0, 0.0, 0.0, 0.0, 0.0, 0.0, 0.0, 0.0, 0.0, 0.0, 0.0, 0.0, 0.0, 0.0, 0.0, 0.0, 0.0, 0.0, 0.0, 0.0, 0.0, 0.0, 0.0, 0.0, 0.1111, 0.0, 0.0, 0.1667, 0.0, 0.0, 0.0, 0.0, 0.0, 0.0, 0.0, 0.0, 0.0, 0.0, 0.0, 0.0, 0.0, 0.0, 0.0, 0.0, 0.0, 0.0, 0.0, 0.0, 0.0, 0.0, 0.0, 0.0, 0.0, 0.0, 0.0, 0.0, 0.0, 0.0, 0.0, 0.0, 0.0, 0.0, 0.0, 0.0, 0.0, 0.0, 0.0, 0.0, 0.0, 0.0, 0.0, 0.0, 0.0, 0.0, 0.0, 0.0, 0.0, 0.0, 0.0, 0.0, 0.0, 0.0, 0.0, 0.0, 0.0, 0.0, 0.0, 0.0, 0.0, 0.0, 0.0, 0.0833, 0.1, 0.0, 0.0, 0.0, 0.0, 0.0, 0.0, 0.0, 0.0, 0.0, 0.0, 0.0, 0.0, 0.0, 0.0, 0.0, 0.0, 0.0, 0.0, 0.0, 0.0, 0.0, 0.0, 0.0, 0.0, 0.0, 0.0, 0.0, 0.0, 0.0, 0.0, 0.0, 0.0, 0.0, 0.0, 0.0, 0.0, 0.0, 0.0, 0.0, 0.0, 0.0, 0.0, 0.0, 0.0, 0.0, 0.0, 0.0, 0.0, 0.0, 0.0, 0.0, 0.0, 0.0, 0.0, 0.0, 0.0, 0.0, 0.0, 0.0, 0.0, 0.1667, 0.0, 0.0, 0.0, 0.0, 0.0, 0.0, 0.0, 0.0, 0.0, 0.1667, 0.0, 0.0, 0.0, 0.125, 0.0, 0.0]"
broadcast,0.01,11,broadcast,0.011,0.011,0.011,0.0,7,True,22,0,284,1694,0,"[0.0, 0.008, 0.009, 0.0095, 0.01, 0.0105, 0.011, 0.011, 0.011, 0.011, 0.011, 0.011, 0.011, 0.011, 0.011, 0.011, 0.011, 0.011, 0.011, 0.011, 0.011, 0.011, 0.011, 0.011, 0.011, 0.011, 0.011, 0.011, 0.011, 0.011, 0.011, 0.011, 0.011, 0.011, 0.011, 0.011, 0.011, 0.011, 0.011, 0.011, 0.011, 0.011, 0.011, 0.011, 0.011, 0.011, 0.011, 0.011, 0.011, 0.011, 0.011, 0.011, 0.011, 0.011, 0.011, 0.011, 0.011, 0.011, 0.011, 0.011, 0.011, 0.011, 0.011, 0.011, 0.011, 0.011, 0.011, 0.011, 0.011, 0.011, 0.011, 0.011, 0.011, 0.011, 0.011, 0.011, 0.011, 0.011, 0.011, 0.011, 0.011, 0.011, 0.011, 0.011, 0.011, 0.011, 0.011, 0.011, 0.011, 0.011, 0.011, 0.011, 0.011, 0.011, 0.011, 0.011, 0.011, 0.011, 0.011, 0.011, 0.011]","{""0"": 0.0089, ""1"": 0.004, ""2"": 0.0121, ""3"": 0.0077, ""4"": 0.0076, ""5"": 0.0285, ""6"": 0.0078, ""7"": 0.0118}","[0.0, 0.0, 0.0, 0.0, 0.0, 0.0, 0.0, 0.0, 0.0, 0.0, 0.0, 0.0, 0.0, 0.0, 0.0, 0.0, 0.0, 0.0, 0.0, 0.0, 0.0, 0.0, 0.0, 0.0, 0.0, 0.0, 0.0, 0.0, 0.0, 0.0, 0.0, 0.0, 0.0, 0.0, 0.0, 0.0, 0.0, 0.0, 0.0, 0.0, 0.0, 0.0, 0.0, 0.0, 0.0, 0.0, 0.0, 0.0, 0.0, 0.0, 0.0, 0.1667, 0.0, 0.0, 0.0, 0.0, 0.0, 0.0, 0.0, 0.0, 0.0, 0.0, 0.0, 0.0, 0.0, 0.0, 0.125, 0.0, 0.0, 0.0, 0.0, 0.0, 0.0, 0.0, 0.0, 0.0, 0.0, 0.0, 0.0, 0.0, 0.0, 0.0, 0.0, 0.0, 0.125, 0.0, 0.0, 0.0, 0.0, 0.0, 0.0, 0.0, 0.0, 0.0, 0.0, 0.0, 0.0, 0.0, 0.0, 0.1429, 0.0, 0.0, 0.0, 0.0, 0.0, 0.0, 0.0, 0.0, 0.0, 0.0, 0.0, 0.0, 0.375, 0.0, 0.0, 0.0, 0.1111, 0.0, 0.6667, 0.0, 0.0, 0.0, 0.0, 0.0, 0.0, 0.0, 0.125, 0.1111, 0.0, 0.0, 0.0, 0.0, 0.0, 0.0, 0.0, 0.0, 0.0, 0.0, 0.0, 0.0, 0.0, 0.0, 0.0, 0.0, 0.0, 0.0, 0.0, 0.0, 0.0, 0.0, 0.0, 0.125, 0.0, 0.0, 0.0, 0.0, 0.0, 0.1, 0.0, 0.0, 0.0, 0.0, 0.0, 0.0, 0.0, 0.0, 0.0, 0.0, 0.0, 0.0, 0.0, 0.0, 0.0, 0.0833, 0.0, 0.0, 0.0, 0.0, 0.0, 0.0, 0.0, 0.0, 0.0, 0.0, 0.0, 0.0, 0.0, 0.0, 0.0, 0.0, 0.0, 0.0, 0.0, 0.0, 0.0, 0.0, 0.0, 0.0, 0.0, 0.0, 0.0, 0.0, 0.0, 0.1667, 0.0, 0.0, 0.0, 0.0, 0.0, 0.0, 0.0, 0.0, 0.0, 0.0, 0.0, 0.0, 0.0, 0.0, 0.0, 0.0, 0.0, 0.0, 0.0, 0.0, 0.0, 0.2857, 0.0, 0.0, 0.0, 0.0, 0.0, 0.0, 0.0, 0.0, 0.0, 0.0, 0.0, 0.0, 0.0, 0.0, 0.0, 0.0, 0.0, 0.0, 0.0, 0.0, 0.0, 0.0, 0.0, 0.0]"
broadcast,0.025,0,broadcast,0.019,0.019,0.019,0.0,3,True,38,0,297,1665,0,"[0.0, 0.0175, 0.019, 0.019, 0.019, 0.019, 0.019, 0.019, 0.019, 0.019, 0.019, 0.019, 0.019, 0.019, 0.019, 0.019, 0.019, 0.019, 0.019, 0.019, 0.019, 0.019, 0.019, 0.019, 0.019, 0.019, 0.019, 0.019, 0.019, 0.019, 0.019, 0.019, 0.019, 0.019, 0.019, 0.019, 0.019, 0.019, 0.019, 0.019, 0.019, 0.019, 0.019, 0.019, 0.019, 0.019, 0.019, 0.019, 0.019, 0.019, 0.019, 0.019, 0.019, 0.019, 0.019, 0.019, 0.019, 0.019, 0.019, 0.019, 0.019, 0.019, 0.019, 0.019, 0.019, 0.019, 0.019, 0.019, 0.019, 0.019, 0.019, 0.019, 0.019, 0.019, 0.019, 0.019, 0.019, 0.019, 0.019, 0.019, 0.019, 0.019, 0.019, 0.019, 0.019, 0.019, 0.019, 0.019, 0.019, 0.019, 0.019, 0.019, 0.019, 0.019, 0.019, 0.019, 0.019, 0.019, 0.019, 0.019, 0.019]","{""0"": 0.0152, ""1"": 0.0122, ""2"": 0.0296, ""3"": 0.0437, ""4"": 0.0042, ""5"": 0.0243, ""6"": 0.0172, ""7"": 0.004}","[0.0, 0.0, 0.0, 0.0, 0.0, 0.0, 0.0, 0.0, 0.0, 0.0, 0.0, 0.0, 0.0, 0.0, 0.0, 0.0, 0.0, 0.0, 0.0, 0.0, 0.0, 0.0, 0.0909, 0.0, 0.0, 0.0, 0.0, 0.125, 0.0, 0.0, 0.0, 0.0, 0.0, 0.0, 0.0, 0.0, 0.0, 0.0, 0.0, 0.0, 0.0, 0.0, 0.0, 0.0, 0.0, 0.0, 0.0, 0.0, 0.0, 0.0, 0.0, 0.0, 0.0, 0.0, 0.0909, 0.0, 0.0, 0.0, 0.0, 0.3, 0.0, 0.0, 0.2, 0.0, 0.0, 0.0, 0.0, 0.0, 0.0, 0.0, 0.0, 0.0, 0.0, 0.0, 0.0, 0.0, 0.0, 0.25, 0.0, 0.0, 0.0, 0.0, 0.0, 0.0, 0.0, 0.0, 0.0, 0.125, 0.0, 0.0, 0.0, 0.0, 0.0, 0.0, 0.0, 0.0, 0.0, 0.0909, 0.0, 0.0, 0.0, 0.0, 0.0, 0.0, 0.0, 0.0, 0.0, 0.0, 0.1429, 0.0, 0.0, 0.0909, 0.0, 0.0, 0.0, 0.0, 0.0, 0.0, 0.0, 0.0, 0.0, 0.0909, 0.0, 0.0, 0.0, 0.0, 0.0, 0.0, 0.0, 0.0, 0.0, 0.0, 0.0, 0.0, 0.125, 0.0, 0.1111, 0.0, 0.0, 0.0, 0.0, 0.0, 0.0, 0.0, 0.0, 0.1667, 0.0, 0.0, 0.0714, 0.0, 0.0, 0.1429, 0.0, 0.1111, 0.0, 0.0, 0.0, 0.0, 0.1111, 0.0, 0.0, 0.0, 0.0, 0.1667, 0.25, 0.0, 0.0, 0.0, 0.0, 0.0, 0.0, 0.0909, 0.0, 0.0, 0.0, 0.0, 0.0, 0.0, 0.0, 0.0, 0.0, 0.0, 0.0, 0.0, 0.0, 0.0, 0.0, 0.0, 0.2, 0.0, 0.0, 0.0, 0.0, 0.0, 0.0, 0.0, 0.0, 0.0, 0.0, 0.0, 0.0, 0.0, 0.1111, 0.1, 0.0, 0.0, 0.0, 0.0, 0.0, 0.0, 0.0909, 0.0, 0.2143, 0.0, 0.0909, 0.0, 0.0, 0.0, 0.0, 0.0, 0.0, 0.0, 0.0, 0.0, 0.0, 0.0, 0.0, 0.0, 0.25, 0.0, 0.0, 0.0, 0.0, 0.0, 0.1429, 0.0, 0.0, 0.0, 0.0, 0.0, 0.0, 0.0, 0.0, 0.0, 0.0, 0.0, 0.0, 0.0909, 0.0, 0.0]"
broadcast,0.025,1,broadcast,0.024,0.024,0.024,0.0,7,True,48,0,295,1657,0,"[0.0, 0.0175, 0.0185, 0.019, 0.0205, 0.023, 0.024, 0.024, 0.024, 0.024, 0.024, 0.024, 0.024, 0.024, 0.024, 0.024, 0.024, 0.024, 0.024, 0.024, 0.024, 0.024, 0.024, 0.024, 0.024, 0.024, 0.024, 0.024, 0.024, 0.024, 0.024, 0.024, 0.024, 0.024, 0.024, 0.024, 0.024, 0.024, 0.024, 0.024, 0.024, 0.024, 0.024, 0.024, 0.024, 0.024, 0.024, 0.024, 0.024, 0.024, 0.024, 0.024, 0.024, 0.024, 0.024, 0.024, 0.024, 0.024, 0.024, 0.024, 0.024, 0.024, 0.024, 0.024, 0.024, 0.024, 0.024, 0.024, 0.024, 0.024, 0.024, 0.024, 0.024, 0.024, 0.024, 0.024, 0.024, 0.024, 0.024, 0.024, 0.024, 0.024, 0.024, 0.024, 0.024, 0.024, 0.024, 0.024, 0.024, 0.024, 0.024, 0.024, 0.024, 0.024, 0.024, 0.024, 0.024, 0.024, 0.024, 0.024, 0.024]","{""0"": 0.0271, ""1"": 0.0132, ""2"": 0.0077, ""3"": 0.0163, ""4"": 0.0677, ""5"": 0.0121, ""6"": 0.0154, ""7"": 0.0319}","[0.0, 0.125, 0.0, 0.0, 0.0, 0.0, 0.0, 0.0, 0.0, 0.1667, 0.0, 0.0, 0.0, 0.0, 0.0, 0.0, 0.0, 0.0, 0.0, 0.0, 0.0, 0.0, 0.1111, 0.0, 0.0, 0.0, 0.0, 0.0, 0.0, 0.0, 0.0, 0.0, 0.0, 0.0, 0.0, 0.0, 0.1111, 0.0, 0.0, 0.0, 0.0, 0.0, 0.0, 0.0, 0.0, 0.0, 0.0, 0.1429, 0.0, 0.0, 0.1429, 0.0, 0.1429, 0.0, 0.0, 0.0, 0.0, 0.0, 0.0, 0.0, 0.0, 0.0, 0.0, 0.0, 0.0, 0.0, 0.1111, 0.0, 0.0, 0.0, 0.0, 0.0, 0.0, 0.0, 0.0, 0.0, 0.0, 0.0, 0.0, 0.0, 0.0, 0.0, 0.0, 0.0, 0.0, 0.0, 0.0, 0.0, 0.1, 0.0833, 0.0, 0.0, 0.0, 0.0, 0.0, 0.0, 0.0, 0.0, 0.0667, 0.0, 0.0, 0.0, 0.0, 0.0, 0.0, 0.0, 0.0, 0.0833, 0.2, 0.1111, 0.0, 0.0, 0.0, 0.25, 0.0, 0.0, 0.0, 0.0, 0.0, 0.0, 0.0, 0.0909, 0.0, 0.0, 0.0, 0.0, 0.0, 0.0, 0.2222, 0.0, 0.0, 0.0, 0.0, 0.0, 0.0, 0.0, 0.1111, 0.125, 0.0, 0.0, 0.0909, 0.0, 0.0, 0.0, 0.0, 0.0, 0.0, 0.125, 0.0, 1.0, 0.0, 0.0, 0.1, 0.0, 0.0, 0.0, 0.0, 0.8333, 0.1429, 0.0, 0.0, 0.0, 0.0, 0.0, 0.0, 0.0, 0.0, 0.0, 0.0, 0.0, 0.0, 0.0, 0.0, 0.0, 0.0, 0.1, 0.0, 0.0, 0.0, 0.0, 0.0, 0.0, 0.0, 0.0, 0.0, 0.0, 0.0, 0.0, 0.0, 0.0, 0.0, 0.0, 0.0, 0.0, 0.0, 0.0, 0.0, 0.0, 0.0, 0.1111, 0.0, 0.0, 0.0, 0.0, 0.0, 0.0, 0.0, 0.0, 0.0, 0.0, 0.0, 0.0, 0.0, 0.1, 0.125, 0.0, 0.0, 0.1667, 0.0, 0.0, 0.0, 0.0, 0.0, 0.0, 0.2, 0.0, 0.0, 0.0, 0.0, 0.125, 0.0, 0.1, 0.1, 0.0, 0.0, 0.0, 0.0, 0.0, 0.0, 0.0, 0.0, 0.0, 0.0, 0.0, 0.0, 0.0, 0.0, 0.0, 0.0, 0.0]"
broadcast,0.025,2,broadcast,0.0265,0.0265,0.0265,-0.0,8,True,53,0,279,1668,0,"[0.0, 0.0185, 0.0215, 0.023, 0.0235, 0.024, 0.0255, 0.0265, 0.0265, 0.0265, 0.0265, 0.0265, 0.0265, 0.0265, 0.0265, 0.0265, 0.0265, 0.0265, 0.0265, 0.0265, 0.0265, 0.0265, 0.0265, 0.0265, 0.0265, 0.0265, 0.0265, 0.0265, 0.0265, 0.0265, 0.0265, 0.0265, 0.0265, 0.0265, 0.0265, 0.0265, 0.0265, 0.0265, 0.0265, 0.0265, 0.0265, 0.0265, 0.0265, 0.0265, 0.0265, 0.0265, 0.0265, 0.0265, 0.0265, 0.0265, 0.0265, 0.0265, 0.0265, 0.0265, 0.0265, 0.0265, 0.0265, 0.0265, 0.0265, 0.0265, 0.0265, 0.0265, 0.0265, 0.0265, 0.0265, 0.0265, 0.0265, 0.0265, 0.0265, 0.0265, 0.0265, 0.0265, 0.0265, 0.0265, 0.0265, 0.0265, 0.0265, 0.0265, 0.0265, 0.0265, 0.0265, 0.0265, 0.0265, 0.0265, 0.0265, 0.0265, 0.0265, 0.0265, 0.0265, 0.0265, 0.0265, 0.0265, 0.0265, 0.0265, 0.0265, 0.0265, 0.0265, 0.0265, 0.0265, 0.0265, 0.0265]","{""0"": 0.0084, ""1"": 0.0173, ""2"": 0.0231, ""3"": 0.0157, ""4"": 0.0394, ""5"": 0.0625, ""6"": 0.0159, ""7"": 0.0275}","[0.0, 0.0, 0.0, 0.0909, 0.0, 0.0, 0.0, 0.0, 0.1, 0.0, 0.0, 0.0, 0.1111, 0.0, 0.0, 0.1111, 0.125, 0.0, 0.0, 0.0, 0.0909, 0.0, 0.0, 0.0, 0.0, 0.0, 0.0, 0.0769, 0.1111, 0.0, 0.0, 0.0, 0.0, 0.0, 0.0, 0.0, 0.0, 0.1667, 0.125, 0.0, 0.0, 0.0, 0.0, 0.0, 0.0, 0.0, 1.0, 0.0, 0.1111, 0.0, 0.0, 0.0, 0.0, 0.0, 1.0, 0.0, 0.1429, 0.0, 0.0, 0.0, 0.0, 0.0, 0.0, 0.0, 0.0, 0.1429, 0.0, 0.0, 0.0, 0.0, 0.0, 0.0, 0.0, 0.0, 0.0, 0.0, 0.0, 0.0, 0.0, 0.0, 0.0, 0.0, 0.0, 0.0, 0.0, 0.0, 0.0, 0.0, 0.0, 0.0, 0.0, 0.0, 0.0, 0.0, 0.1111, 0.0, 0.0, 0.0, 0.0, 0.0, 0.0, 0.0, 0.0, 0.125, 0.0, 0.0, 0.0, 0.0, 0.0, 0.0, 0.0, 0.0, 0.1111, 0.0, 0.0, 0.0, 0.0, 0.0, 0.0, 0.0, 0.1111, 0.0, 0.0, 0.0, 0.0, 0.0, 0.0, 0.0, 0.0, 0.0, 0.0, 0.1, 0.0, 0.0, 0.0, 0.0, 0.0, 0.0, 0.2, 0.0, 0.0, 0.0, 0.0, 0.0, 0.0, 0.0, 0.0, 0.0, 0.0, 0.0, 0.0, 0.0, 0.0, 0.0, 0.0, 0.0, 0.0, 0.0, 0.0, 0.0, 0.0, 0.0, 0.0, 0.0, 0.1, 0.0, 0.0, 0.0, 0.0, 0.0, 0.0, 0.0, 0.0, 0.0, 0.0, 0.0, 0.0, 0.0, 0.0, 0.0, 0.0, 0.1111, 0.0, 0.0, 0.0, 0.0, 0.0, 0.0, 0.0, 0.2222, 0.0, 0.0909, 0.0, 0.0, 0.0, 0.0, 0.0, 0.0, 0.0, 0.1111, 0.0, 0.0, 0.0, 0.0, 0.0, 0.0, 0.0, 0.0, 0.125, 0.1429, 0.0, 0.0, 0.0, 0.2222, 0.0, 0.0, 0.0, 0.0, 0.0, 0.2308, 0.0, 0.2, 0.1, 0.0, 0.0, 0.0, 0.0, 0.0, 0.0, 0.2857, 0.0, 0.0, 0.0, 0.0, 0.1667, 0.0, 0.0, 0.0, 0.0769, 0.0, 0.0, 0.0, 0.25, 0.0, 0.0, 0.1, 0.0, 0.0, 0.0, 0.0]"
broadcast,0.025,3,broadcast,0.0185,0.0185,0.0185,0.0,4,True,37,0,309,1654,0,"[0.0, 0.0175, 0.018, 0.0185, 0.0185, 0.0185, 0.0185, 0.0185, 0.0185, 0.0185, 0.0185, 0.0185, 0.0185, 0.0185, 0.0185, 0.0185, 0.0185, 0.0185, 0.0185, 0.0185, 0.0185, 0.0185, 0.0185, 0.0185, 0.0185, 0.0185, 0.0185, 0.0185, 0.0185, 0.0185, 0.0185, 0.0185, 0.0185, 0.0185, 0.0185, 0.0185, 0.0185, 0.0185, 0.0185, 0.0185, 0.0185, 0.0185, 0.0185, 0.0185, 0.0185, 0.0185, 0.0185, 0.0185, 0.0185, 0.0185, 0.0185, 0.0185, 0.0185, 0.0185, 0.0185, 0.0185, 0.0185, 0.0185, 0.0185, 0.0185, 0.0185, 0.0185, 0.0185, 0.0185, 0.0185, 0.0185, 0.0185, 0.0185, 0.0185, 0.0185, 0.0185, 0.0185, 0.0185, 0.0185, 0.0185, 0.0185, 0.0185, 0.0185, 0.0185, 0.0185, 0.0185, 0.0185, 0.0185, 0.0185, 0.0185, 0.0185, 0.0185, 0.0185, 0.0185, 0.0185, 0.0185, 0.0185, 0.0185, 0.0185, 0.0185, 0.0185, 0.0185, 0.0185, 0.0185, 0.0185, 0.0185]","{""0"": 0.038, ""1"": 0.0165, ""2"": 0.0159, ""3"": 0.0127, ""4"": 0.0224, ""5"": 0.0077, ""6"": 0.0189, ""7"": 0.0156}","[0.1111, 0.0, 0.0, 0.1429, 0.0, 0.0, 0.0, 0.0, 0.0, 0.0, 0.0, 0.0, 0.0, 0.0, 0.0, 0.0, 0.0, 0.0, 0.0, 0.0, 0.0, 0.125, 0.0, 0.0, 0.0, 0.1667, 0.125, 0.0, 0.0, 0.0, 0.0, 0.0, 0.1111, 0.0, 0.0, 0.0, 0.0, 0.0, 0.0, 0.0, 0.0, 0.0, 0.0, 0.0, 0.0, 0.0, 0.0, 0.0, 0.1111, 0.0, 0.125, 0.1429, 0.0, 0.1111, 0.0, 0.1667, 0.0, 0.0, 0.0, 0.0, 0.0, 0.0, 0.0, 0.0, 0.0, 0.0, 0.0, 0.0, 0.0, 0.25, 0.0, 0.1111, 0.0, 0.1111, 0.0, 0.0, 0.1429, 0.0, 0.0, 0.0, 0.0, 0.0, 0.0, 0.0, 0.0, 0.0, 0.0, 0.0, 0.0, 0.0, 0.1, 0.0, 0.0, 0.0, 0.0, 0.0, 0.0, 0.0, 0.0, 0.0, 0.0, 0.0, 0.0, 0.0769, 0.0, 0.0, 0.0909, 0.0, 0.0, 0.0, 0.0, 0.0, 0.0, 0.0, 0.0, 0.0, 0.0, 0.0, 0.0, 0.0, 0.0, 0.0, 0.0, 0.0, 0.0, 0.0, 0.0, 0.0, 0.0, 0.0, 0.0, 0.0, 0.0, 0.0, 0.0, 0.0, 0.0, 0.125, 0.0, 0.0, 0.0, 0.0, 0.0, 0.0, 0.0, 0.0, 0.0, 0.0, 0.0, 0.0, 0.0, 0.0, 0.0, 0.0, 0.0, 0.0909, 0.1667, 0.0, 0.0, 0.0, 0.0, 0.0, 0.0, 0.0, 0.0, 0.0, 0.0, 0.0, 0.0, 0.1667, 0.0, 0.0, 0.0, 0.1, 0.0, 0.0909, 0.0, 0.0, 0.0, 0.0, 0.0833, 0.0, 0.0, 0.0, 0.0, 0.0, 0.0, 0.0, 0.0, 0.0, 0.0, 0.0, 0.0, 0.0, 0.0, 0.0, 0.0, 0.0, 0.0909, 0.0, 0.0, 0.0, 0.0, 0.0, 0.0, 0.0, 0.0, 0.0, 0.0, 0.0, 0.0, 0.0, 0.0, 0.0, 0.0, 0.0, 0.0, 0.2, 0.0, 0.0, 0.0, 0.0, 0.0833, 0.0, 0.1111, 0.0, 0.0, 0.0, 0.0, 0.0, 0.0, 0.0, 0.0, 0.0, 0.0, 0.0, 0.0, 0.0, 0.0, 0.125, 0.125, 0.5, 0.0, 0.0, 0.0, 0.0833, 0.0, 0.0, 0.0, 0.1429]"
broadcast,0.025,4,broadcast,0.112,0.112,0.112,-0.0,33,True,224,0,287,1489,0,"[0.0, 0.0225, 0.025, 0.027, 0.029, 0.0315, 0.0365, 0.041, 0.0455, 0.0485, 0.0545, 0.063, 0.068, 0.076, 0.082, 0.087, 0.0895, 0.093, 0.0945, 0.0955, 0.0965, 0.0985, 0.1, 0.102, 0.1025, 0.104, 0.1045, 0.105, 0.1055, 0.1065, 0.109, 0.1115, 0.112, 0.112, 0.112, 0.112, 0.112, 0.112, 0.112, 0.112, 0.112, 0.112, 0.112, 0.112, 0.112, 0.112, 0.112, 0.112, 0.112, 0.112, 0.112, 0.112, 0.112, 0.112, 0.112, 0.112, 0.112, 0.112, 0.112, 0.112, 0.112, 0.112, 0.112, 0.112, 0.112, 0.112, 0.112, 0.112, 0.112, 0.112, 0.112, 0.112, 0.112, 0.112, 0.112, 0.112, 0.112, 0.112, 0.112, 0.112, 0.112, 0.112, 0.112, 0.112, 0.112, 0.112, 0.112, 0.112, 0.112, 0.112, 0.112, 0.112, 0.112, 0.112, 0.112, 0.112, 0.112, 0.112, 0.112, 0.112, 0.112]","{""0"": 0.0199, ""1"": 0.0256, ""2"": 0.0159, ""3"": 0.0303, ""4"": 0.012, ""5"": 0.0195, ""6"": 0.4032, ""7"": 0.3808}","[0.2222, 0.0, 0.0, 0.0, 0.0, 0.0769, 0.0, 1.0, 0.0, 0.0, 0.0, 0.0, 0.0, 0.0, 0.0, 0.9, 0.1111, 0.0, 0.0, 0.1667, 0.0, 0.0, 0.0, 1.0, 0.0, 0.0, 0.0, 0.0, 0.0, 0.0, 0.0, 0.7143, 0.0, 0.0, 0.0, 0.0, 0.0, 0.0, 0.0, 1.0, 0.0, 0.125, 0.1429, 0.0, 0.0, 0.0, 0.0, 0.5, 1.0, 0.0, 0.0, 0.0, 0.0, 0.0, 0.0, 0.0, 1.0, 0.0, 0.1667, 0.0, 0.0, 0.0, 0.0, 0.0, 0.8889, 0.0, 0.0, 0.0, 0.0, 0.0, 0.1667, 0.1111, 0.8889, 0.0, 0.0, 0.0, 0.1818, 0.0, 0.0, 0.0, 0.9, 0.1429, 0.0, 0.0, 0.0, 0.0, 0.0, 0.0, 0.7143, 0.0, 0.0, 0.0, 0.0, 0.0667, 0.0, 0.0, 1.0, 0.0, 0.0, 0.0, 0.0, 0.0, 0.0, 0.0, 0.9091, 0.125, 0.0, 0.0, 0.0, 0.0, 0.0, 0.1667, 1.0, 0.0, 0.0, 0.0, 0.0, 0.0, 0.0, 0.125, 0.7143, 0.0, 0.0, 0.1429, 0.0909, 0.0, 0.0, 0.0, 0.8333, 0.0, 0.0, 0.0, 0.0, 0.0, 0.0, 0.1667, 0.7143, 0.0, 0.0, 0.0, 0.0, 0.0, 0.0, 0.0, 0.1429, 0.0, 0.0, 0.0, 0.0, 0.0, 0.0, 0.0, 0.1429, 0.0, 0.1429, 0.0769, 0.0, 0.0, 0.3, 0.0, 0.0, 0.0, 0.0, 0.0, 0.1429, 0.0, 0.0, 0.0, 0.0, 0.0, 0.0, 0.0, 0.0, 0.0, 0.0, 0.0, 0.0, 0.1111, 0.0, 0.1667, 0.4, 0.0, 0.0, 0.75, 0.0, 0.0, 0.0, 0.0, 0.0, 0.125, 0.0, 0.6, 0.0, 0.0909, 0.0, 0.0, 0.0, 0.0, 0.0, 1.0, 0.0, 0.0, 0.0, 0.0, 0.0, 0.0, 0.0, 0.7143, 0.0, 0.0, 0.0, 0.0, 0.0, 0.0, 0.0, 0.9167, 0.0, 0.0, 0.0, 0.0, 0.0, 0.0, 0.0, 1.0, 0.0, 0.0, 0.1111, 0.0, 0.0909, 0.0, 0.0, 1.0, 0.0, 0.0, 0.0, 0.0, 0.0625, 0.0, 0.0, 0.875, 0.0, 0.0, 0.0909, 0.0, 0.0, 0.0, 0.1667, 1.0, 0.0, 0.0]"
broadcast,0.025,5,broadcast,0.037,0.037,0.037,0.0,14,True,74,0,290,1636,0,"[0.0, 0.021, 0.023, 0.024, 0.025, 0.027, 0.029, 0.0305, 0.0325, 0.0345, 0.035, 0.036, 0.0365, 0.037, 0.037, 0.037, 0.037, 0.037, 0.037, 0.037, 0.037, 0.037, 0.037, 0.037, 0.037, 0.037, 0.037, 0.037, 0.037, 0.037, 0.037, 0.037, 0.037, 0.037, 0.037, 0.037, 0.037, 0.037, 0.037, 0.037, 0.037, 0.037, 0.037, 0.037, 0.037, 0.037, 0.037, 0.037, 0.037, 0.037, 0.037, 0.037, 0.037, 0.037, 0.037, 0.037, 0.037, 0.037, 0.037, 0.037, 0.037, 0.037, 0.037, 0.037, 0.037, 0.037, 0.037, 0.037, 0.037, 0.037, 0.037, 0.037, 0.037, 0.037, 0.037, 0.037, 0.037, 0.037, 0.037, 0.037, 0.037, 0.037, 0.037, 0.037, 0.037, 0.037, 0.037, 0.037, 0.037, 0.037, 0.037, 0.037, 0.037, 0.037, 0.037, 0.037, 0.037, 0.037, 0.037, 0.037, 0.037]","{""0"": 0.1328, ""1"": 0.0167, ""2"": 0.0221, ""3"": 0.0165, ""4"": 0.0271, ""5"": 0.0352, ""6"": 0.0287, ""7"": 0.0202}","[0.0, 0.0, 0.0, 0.0, 0.0, 0.2, 0.0, 0.0, 0.0, 0.0, 0.0, 0.0, 0.0, 0.0, 0.0, 0.1667, 0.0, 0.0, 0.0, 0.0, 0.0, 0.0, 0.0, 0.1667, 0.0, 0.0, 0.1111, 0.0, 0.0, 0.0, 0.0, 0.0, 0.0, 0.0, 0.1667, 0.0, 0.0, 0.3333, 0.0, 0.0, 0.0, 0.0, 0.0769, 0.0, 0.0, 0.0, 0.0, 0.125, 0.0, 0.0, 0.0, 0.0, 0.1667, 0.0, 0.1, 0.0, 0.0, 0.0, 0.0, 0.1, 0.0, 0.0, 0.2, 0.0, 0.0, 0.0, 0.1, 0.0, 0.0, 0.0, 0.1111, 0.0, 0.0769, 0.0, 0.0, 0.0, 0.0, 0.0, 0.0, 0.2, 0.0, 0.0, 0.0, 0.0, 0.0833, 0.1111, 0.0, 0.0, 0.0, 0.0, 0.0, 0.0, 0.0, 0.0, 0.0, 0.0, 0.0, 0.0, 0.0, 0.0, 0.0, 0.0, 0.0, 0.0, 0.0833, 0.0, 0.0, 0.0, 0.0, 0.0, 0.2, 0.0, 0.0, 0.8333, 0.0, 0.0, 0.0, 0.0, 0.0, 0.0, 0.1111, 0.8, 0.0, 0.0, 0.0769, 0.1, 0.0, 0.0, 0.1667, 0.125, 0.0, 0.0, 0.0, 0.0, 0.0, 0.1111, 0.0, 1.0, 0.0, 0.0, 0.0, 0.0, 0.0, 0.0, 0.0, 1.0, 0.0, 0.0, 0.0, 0.1, 0.0769, 0.0, 0.0, 0.8889, 0.0, 0.1667, 0.0, 0.125, 0.0, 0.1, 0.0, 0.0, 0.0, 0.0, 0.0, 0.0, 0.0, 0.0, 0.0, 0.0, 0.0, 0.0, 0.0, 0.0, 0.1111, 0.0, 0.0, 0.0, 0.0, 0.1, 0.0, 0.0, 0.1667, 0.0, 0.0, 0.0, 0.0, 0.0, 0.0, 0.0, 0.1429, 0.0, 0.0, 0.0, 0.0, 0.25, 0.0, 0.0, 0.0, 0.0, 0.0, 0.0, 0.0, 0.0714, 0.0, 0.0, 0.0, 0.0, 0.0, 0.0, 0.0, 0.0, 0.0, 0.0, 0.0, 0.0, 0.0, 0.0, 0.0, 0.0, 0.0, 0.0, 0.0, 0.0, 0.0, 0.0, 0.0, 0.0, 0.0, 0.0, 0.0, 0.0, 0.0, 0.0, 0.0, 0.0, 0.0, 0.0, 0.125, 0.1111, 0.0, 0.0, 0.0, 0.0, 0.1429, 0.0, 0.0, 0.0, 0.2, 0.0]"
broadcast,0.025,6,broadcast,0.018,0.018,0.018,0.0,3,True,36,0,293,1671,0,"[0.0, 0.017, 0.018, 0.018, 0.018, 0.018, 0.018, 0.018, 0.018, 0.018, 0.018, 0.018, 0.018, 0.018, 0.018, 0.018, 0.018, 0.018, 0.018, 0.018, 0.018, 0.018, 0.018, 0.018, 0.018, 0.018, 0.018, 0.018, 0.018, 0.018, 0.018, 0.018, 0.018, 0.018, 0.018, 0.018, 0.018, 0.018, 0.018, 0.018, 0.018, 0.018, 0.018, 0.018, 0.018, 0.018, 0.018, 0.018, 0.018, 0.018, 0.018, 0.018, 0.018, 0.018, 0.018, 0.018, 0.018, 0.018, 0.018, 0.018, 0.018, 0.018, 0.018, 0.018, 0.018, 0.018, 0.018, 0.018, 0.018, 0.018, 0.018, 0.018, 0.018, 0.018, 0.018, 0.018, 0.018, 0.018, 0.018, 0.018, 0.018, 0.018, 0.018, 0.018, 0.018, 0.018, 0.018, 0.018, 0.018, 0.018, 0.018, 0.018, 0.018, 0.018, 0.018, 0.018, 0.018, 0.018, 0.018, 0.018, 0.018]","{""0"": 0.0196, ""1"": 0.021, ""2"": 0.0164, ""3"": 0.0228, ""4"": 0.017, ""5"": 0.0195, ""6"": 0.0154, ""7"": 0.0121}","[0.0, 0.0, 0.0, 0.0, 0.0, 0.0, 0.0, 0.0, 0.0, 0.0, 0.0, 0.1, 0.0, 0.0, 0.0, 0.0, 0.0, 0.0, 0.0, 0.0, 0.0, 0.0, 0.0, 0.1, 0.0, 0.0, 0.0, 0.0, 0.0, 0.0, 0.0, 0.0, 0.0, 0.0, 0.0, 0.0, 0.0, 0.0, 0.1429, 0.0, 0.2222, 0.0, 0.0, 0.1667, 0.0, 0.0, 0.0, 0.0, 0.0, 0.0, 0.0, 0.0, 0.0, 0.0, 0.0, 0.0, 0.0, 0.0, 0.0, 0.0, 0.0, 0.0, 0.1111, 0.0, 0.0, 0.0, 0.0, 0.0, 0.0, 0.0, 0.0, 0.0, 0.0, 0.0, 0.0, 0.0, 0.0, 0.0, 0.0, 0.0, 0.0, 0.0, 0.0, 0.0, 0.375, 0.1429, 0.0, 0.0, 0.0, 0.2, 0.0, 0.1111, 0.0, 0.0, 0.0, 0.0, 0.0, 0.1429, 0.0, 0.0, 0.1, 0.0, 0.0, 0.0, 0.0, 0.0, 0.0, 0.0, 0.1111, 0.1111, 0.0, 0.0, 0.0, 0.0, 0.25, 0.0, 0.0, 0.0, 0.0, 0.0, 0.0, 0.0, 0.0, 0.0, 0.1, 0.0, 0.0, 0.0, 0.0, 0.0, 0.0, 0.0, 0.0, 0.0, 0.0, 0.0, 0.0, 0.0909, 0.2, 0.0, 0.0, 0.0, 0.1667, 0.0, 0.0, 0.0, 0.2, 0.0, 0.0, 0.0, 0.1111, 0.0, 0.0, 0.0, 0.0, 0.0, 0.0, 0.0, 0.0, 0.0, 0.0, 0.0, 0.1667, 0.0, 0.0, 0.0, 0.0, 0.1667, 0.0, 0.1, 0.0, 0.0, 0.0, 0.0, 0.0, 0.0, 0.0, 0.0, 0.0, 0.0, 0.0, 0.0, 0.2, 0.0, 0.0, 0.1, 0.0, 0.0, 0.0, 0.0, 0.0, 0.0, 0.0, 0.0, 0.0, 0.0, 0.0, 0.0, 0.0, 0.0, 0.0, 0.0, 0.0, 0.1429, 0.0, 0.0, 0.0, 0.1111, 0.0, 0.0, 0.0, 0.0, 0.0, 0.0, 0.0, 0.1111, 0.0, 0.0, 0.0, 0.0, 0.0, 0.0, 0.0, 0.0, 0.0, 0.0, 0.0, 0.0, 0.0, 0.0, 0.0, 0.0, 0.0, 0.0, 0.0, 0.0, 0.0, 0.0, 0.0, 0.0, 0.2, 0.0, 0.0, 0.0, 0.0, 0.2222, 0.0, 0.0, 0.0, 0.0]"
broadcast,0.025,7,broadcast,0.061,0.061,0.061,0.0,18,True,122,0,308,1570,0,"[0.0, 0.025, 0.0275, 0.029, 0.0305, 0.033, 0.0345, 0.0365, 0.04, 0.043, 0.0475, 0.05, 0.052, 0.054, 0.057, 0.058, 0.06, 0.061, 0.061, 0.061, 0.061, 0.061, 0.061, 0.061, 0.061, 0.061, 0.061, 0.061, 0.061, 0.061, 0.061, 0.061, 0.061, 0.061, 0.061, 0.061, 0.061, 0.061, 0.061, 0.061, 0.061, 0.061, 0.061, 0.061, 0.061, 0.061, 0.061, 0.061, 0.061, 0.061, 0.061, 0.061, 0.061, 0.061, 0.061, 0.061, 0.061, 0.061, 0.061, 0.061, 0.061, 0.061, 0.061, 0.061, 0.061, 0.061, 0.061, 0.061, 0.061, 0.061, 0.061, 0.061, 0.061, 0.061, 0.061, 0.061, 0.061, 0.061, 0.061, 0.061, 0.061, 0.061, 0.061, 0.061, 0.061, 0.061, 0.061, 0.061, 0.061, 0.061, 0.061, 0.061, 0.061, 0.061, 0.061, 0.061, 0.061, 0.061, 0.061, 0.061, 0.061]","{""0"": 0.0264, ""1"": 0.0237, ""2"": 0.0157, ""3"": 0.0209, ""4"": 0.0285, ""5"": 0.2879, ""6"": 0.0433, ""7"": 0.0268}","[0.1111, 0.1111, 0.1429, 0.0, 0.0, 0.0, 0.0, 0.0, 0.0, 0.0, 0.2, 0.0, 0.0, 0.0, 0.0, 0.0, 0.0, 0.0, 0.0, 0.0, 0.0, 0.0, 0.0, 0.1111, 0.1, 0.0, 0.125, 0.0909, 0.0, 0.0, 0.0, 0.0, 0.0, 0.0, 0.0, 0.0, 0.0, 0.0, 0.0, 0.0, 0.1429, 0.0, 0.0, 0.0, 0.0, 0.0, 0.0, 0.0, 0.1111, 0.0, 0.0, 0.0, 0.0, 0.0, 0.0, 0.0, 0.0, 0.0, 0.0, 0.0, 0.0, 0.0, 0.1, 0.0833, 0.0, 0.0, 0.0, 0.0, 0.1429, 0.4, 0.125, 0.0, 0.1, 0.1111, 0.0, 0.0, 0.0, 0.0, 0.0, 0.0, 0.0, 0.0, 0.0, 0.0, 0.0, 0.0, 0.0, 0.0, 0.1111, 0.1429, 0.1429, 0.0, 0.1111, 0.125, 0.0, 0.0, 0.0, 0.0, 0.0, 0.0833, 0.0, 0.0, 0.1111, 0.0714, 0.0, 0.0, 0.0, 0.0, 0.0, 0.0, 0.0, 0.0, 0.0, 0.0, 0.0, 0.0, 0.1429, 0.0, 0.1111, 0.6667, 0.0, 0.0, 0.0, 0.0, 0.0, 0.0, 1.0, 0.4, 0.0, 0.0, 0.0, 0.1667, 0.1667, 0.0, 0.6667, 0.0, 0.125, 0.0, 0.0, 0.1, 0.0, 0.0, 1.0, 0.1667, 0.0, 0.0, 0.0, 0.0, 0.0, 0.0, 0.7273, 0.0, 0.0, 0.0, 0.0, 0.0, 0.0, 0.0, 0.7778, 0.0, 0.0, 0.0, 0.0, 0.0, 0.0, 0.0, 0.9167, 0.0, 0.1429, 0.0, 0.125, 0.0, 0.0, 0.1429, 1.0, 0.0, 0.0, 0.0, 0.0909, 0.0, 0.0, 0.0, 0.8571, 0.1429, 0.0, 0.0, 0.0, 0.0, 0.0, 0.0, 0.9, 0.0, 0.0, 0.1429, 0.0, 0.0, 0.0, 0.0, 0.6, 0.0, 0.0, 0.125, 0.0, 0.0, 0.0, 0.0833, 0.125, 0.0, 0.0, 0.0, 0.0, 0.0, 0.0, 0.1, 0.0, 0.0, 0.0, 0.0, 0.0, 0.0, 0.0, 0.0, 0.0, 0.0, 0.0, 0.1, 0.0, 0.0, 0.0, 0.0, 0.0, 0.0, 0.0, 0.0, 0.0, 0.0, 0.1667, 0.1, 0.0, 0.0, 0.0, 0.0, 0.0, 0.0, 0.0, 0.0, 0.2, 0.0, 0.0, 0.0]"
broadcast,0.025,8,broadcast,0.033,0.033,0.033,-0.0,9,True,66,0,315,1619,0,"[0.0, 0.0195, 0.024, 0.026, 0.0275, 0.029, 0.031, 0.0325, 0.033, 0.033, 0.033, 0.033, 0.033, 0.033, 0.033, 0.033, 0.033, 0.033, 0.033, 0.033, 0.033, 0.033, 0.033, 0.033, 0.033, 0.033, 0.033, 0.033, 0.033, 0.033, 0.033, 0.033, 0.033, 0.033, 0.033, 0.033, 0.033, 0.033, 0.033, 0.033, 0.033, 0.033, 0.033, 0.033, 0.033, 0.033, 0.033, 0.033, 0.033, 0.033, 0.033, 0.033, 0.033, 0.033, 0.033, 0.033, 0.033, 0.033, 0.033, 0.033, 0.033, 0.033, 0.033, 0.033, 0.033, 0.033, 0.033, 0.033, 0.033, 0.033, 0.033, 0.033, 0.033, 0.033, 0.033, 0.033, 0.033, 0.033, 0.033, 0.033, 0.033, 0.033, 0.033, 0.033, 0.033, 0.033, 0.033, 0.033, 0.033, 0.033, 0.033, 0.033, 0.033, 0.033, 0.033, 0.033, 0.033, 0.033, 0.033, 0.033, 0.033]","{""0"": 0.0273, ""1"": 0.0076, ""2"": 0.0171, ""3"": 0.0286, ""4"": 0.0372, ""5"": 0.0615, ""6"": 0.0444, ""7"": 0.0397}","[0.0, 0.0, 0.0, 0.0, 0.0, 0.0, 0.0, 0.0, 0.0, 0.0, 0.0, 0.125, 0.0, 0.0, 0.0, 0.0, 0.0, 0.1667, 0.0, 0.0, 0.0, 0.2857, 0.1667, 0.0, 0.0, 0.2857, 0.0, 0.0, 0.0, 0.1429, 0.0, 0.0, 0.0, 0.0, 0.0, 0.125, 0.0, 0.2, 0.0, 0.0, 0.0, 0.0909, 0.0, 0.0, 0.0, 0.0, 0.0, 0.0, 0.0, 0.0, 0.0, 0.0, 0.0, 0.0, 0.0, 0.0, 0.0, 0.0, 0.0, 0.0, 0.0, 0.0, 0.0, 0.0, 0.0, 0.0, 0.0, 0.0, 0.0, 0.25, 0.1111, 0.0, 0.0, 0.0, 0.0, 0.125, 0.0833, 0.0, 0.0, 0.0, 0.0, 0.0833, 0.0, 0.0, 0.0, 0.0, 0.0, 0.0, 0.1429, 0.0, 0.0, 0.0, 0.1667, 0.0, 0.0, 0.0, 0.0, 0.0, 0.0, 0.0, 0.0, 0.0, 0.0, 0.1111, 0.0, 0.0, 0.0, 0.0, 0.0909, 0.1, 0.5714, 0.0, 0.0, 0.0, 0.0, 0.1429, 0.0, 0.0, 0.7778, 0.0, 0.0, 0.0, 0.0, 0.0, 0.0, 0.0, 0.2857, 0.0, 0.0, 0.0, 0.1, 0.0, 0.0, 0.0, 0.0, 0.0, 0.0, 0.0, 0.0, 0.0, 0.0, 0.0, 0.0, 0.0, 0.0, 0.0, 0.0909, 0.0, 0.0, 0.0, 0.0, 0.4, 0.0, 0.0, 0.0, 0.0, 0.5714, 0.0, 0.0, 0.625, 0.0, 0.0, 0.0, 0.0, 0.0, 0.0, 0.0, 0.0, 0.0, 0.0, 0.0, 0.0, 0.0, 0.0, 0.0, 0.0, 0.0714, 0.1667, 0.0, 0.0, 0.0, 0.1111, 0.0, 0.0, 0.0, 0.0, 0.0, 0.0, 0.0, 0.0, 0.0, 0.0, 0.1667, 0.0, 0.0, 0.0, 0.0, 0.1429, 0.0, 0.0, 0.8571, 0.0, 0.0, 0.0, 0.0, 0.0, 0.0, 0.0, 0.0, 0.1667, 0.0, 0.0, 0.0, 0.0, 0.2, 0.0769, 0.0, 0.0, 0.0, 0.0, 0.0, 0.1, 0.0, 0.1429, 0.0, 0.0, 0.0, 0.0, 0.0, 0.0, 0.0, 0.1429, 0.0, 0.0, 0.0, 0.0, 0.0, 0.0, 0.0, 0.0, 0.0, 0.0, 0.0, 0.0, 0.0, 0.0, 0.0, 0.0, 0.1111, 0.0]"
broadcast,0.025,9,broadcast,0.035,0.035,0.035,-0.0,9,True,70,0,306,1624,0,"[0.0, 0.022, 0.024, 0.025, 0.027, 0.03, 0.0325, 0.0335, 0.035, 0.035, 0.035, 0.035, 0.035, 0.035, 0.035, 0.035, 0.035, 0.035, 0.035, 0.035, 0.035, 0.035, 0.035, 0.035, 0.035, 0.035, 0.035, 0.035, 0.035, 0.035, 0.035, 0.035, 0.035, 0.035, 0.035, 0.035, 0.035, 0.035, 0.035, 0.035, 0.035, 0.035, 0.035, 0.035, 0.035, 0.035, 0.035, 0.035, 0.035, 0.035, 0.035, 0.035, 0.035, 0.035, 0.035, 0.035, 0.035, 0.035, 0.035, 0.035, 0.035, 0.035, 0.035, 0.035, 0.035, 0.035, 0.035, 0.035, 0.035, 0.035, 0.035, 0.035, 0.035, 0.035, 0.035, 0.035, 0.035, 0.035, 0.035, 0.035, 0.035, 0.035, 0.035, 0.035, 0.035, 0.035, 0.035, 0.035, 0.035, 0.035, 0.035, 0.035, 0.035, 0.035, 0.035, 0.035, 0.035, 0.035, 0.035, 0.035, 0.035]","{""0"": 0.0123, ""1"": 0.0407, ""2"": 0.0154, ""3"": 0.0207, ""4"": 0.126, ""5"": 0.0238, ""6"": 0.0181, ""7"": 0.0215}","[0.1111, 0.0, 0.0, 0.0, 0.0, 0.0, 0.1818, 0.0, 0.0, 0.0, 0.0, 0.125, 0.1429, 0.0, 0.0, 0.0769, 0.0, 0.0, 0.0, 0.0, 0.0, 0.0, 0.0, 0.3333, 0.0, 0.0, 0.0, 0.0, 0.0, 0.0, 0.0, 0.0, 0.0, 0.0, 0.0, 0.0, 0.0, 0.8333, 0.0, 0.0, 0.0, 0.0, 0.0, 0.0, 0.0, 0.75, 0.0, 0.0, 0.0, 0.0, 0.0, 0.0, 0.0, 0.875, 0.1111, 0.0, 0.0, 0.0, 0.1, 0.0, 0.0, 0.8333, 0.0, 0.0, 0.0, 0.0, 0.0, 0.0, 0.1429, 0.0, 0.1667, 0.0, 0.0, 0.0, 0.25, 0.5, 0.0, 0.0, 0.0, 0.0, 0.0, 0.0, 0.2, 0.0, 0.1, 0.0, 0.0, 0.0, 0.0, 0.0, 0.0, 0.0, 0.0, 0.0, 0.0, 0.0, 0.0, 0.0, 0.0, 0.0, 0.0, 0.0, 0.0, 0.0, 0.1667, 0.0, 0.0, 0.0, 0.0, 0.0, 0.0, 0.0, 0.0, 0.0, 0.0, 0.0, 0.0, 0.0, 0.0, 0.0, 0.0, 0.0, 0.0, 0.0, 0.2, 0.0, 0.0, 0.0, 0.1667, 0.0, 0.125, 0.0, 0.0, 0.0, 0.0, 0.0, 0.0, 0.2, 0.125, 0.0, 0.0, 0.0, 0.0, 0.0, 0.0, 0.0, 0.0, 0.0, 0.0, 0.0, 0.0, 0.0667, 0.0, 0.0, 0.0, 0.0, 0.0, 0.0, 0.0, 0.0909, 0.0, 0.0, 0.0, 0.0, 0.0, 0.0, 0.0, 0.0, 0.0, 0.0, 0.0, 0.0, 0.0, 0.0, 0.0, 0.0, 0.0769, 0.0769, 0.0, 0.0, 0.0, 0.0, 0.0, 0.0, 0.0, 0.125, 0.125, 0.0, 0.1, 0.1111, 0.2, 0.0, 0.0, 0.0, 0.1429, 0.0, 0.0, 0.1111, 0.0, 0.0, 0.1429, 0.0, 0.1818, 0.0833, 0.0, 0.0, 0.0, 0.0, 0.0, 0.0, 0.0, 0.0, 0.0, 0.0909, 0.0, 0.0, 0.0, 0.0, 0.0, 0.0, 0.0, 0.0, 0.0, 0.0, 0.0, 0.0, 0.125, 0.0, 0.0, 0.0, 0.0, 0.0, 0.1, 0.0, 0.0, 0.0, 0.0, 0.0, 0.1429, 0.0, 0.0, 0.0, 0.0, 0.0, 0.0, 0.0, 0.0, 0.0, 0.0, 0.0]"
broadcast,0.025,10,broadcast,0.079,0.079,0.079,0.0,16,True,158,0,322,1520,0,"[0.0, 0.025, 0.031, 0.0345, 0.039, 0.0455, 0.0545, 0.062, 0.0675, 0.0715, 0.075, 0.076, 0.0765, 0.0775, 0.0785, 0.079, 0.079, 0.079, 0.079, 0.079, 0.079, 0.079, 0.079, 0.079, 0.079, 0.079, 0.079, 0.079, 0.079, 0.079, 0.079, 0.079, 0.079, 0.079, 0.079, 0.079, 0.079, 0.079, 0.079, 0.079, 0.079, 0.079, 0.079, 0.079, 0.079, 0.079, 0.079, 0.079, 0.079, 0.079, 0.079, 0.079, 0.079, 0.079, 0.079, 0.079, 0.079, 0.079, 0.079, 0.079, 0.079, 0.079, 0.079, 0.079, 0.079, 0.079, 0.079, 0.079, 0.079, 0.079, 0.079, 0.079, 0.079, 0.079, 0.079, 0.079, 0.079, 0.079, 0.079, 0.079, 0.079, 0.079, 0.079, 0.079, 0.079, 0.079, 0.079, 0.079, 0.079, 0.079, 0.079, 0.079, 0.079, 0.079, 0.079, 0.079, 0.079, 0.079, 0.079, 0.079, 0.079]","{""0"": 0.1612, ""1"": 0.0333, ""2"": 0.0246, ""3"": 0.0201, ""4"": 0.0664, ""5"": 0.136, ""6"": 0.0192, ""7"": 0.1712}","[0.0, 0.0, 0.0, 0.1111, 0.0, 0.0, 0.3333, 0.0, 0.5714, 0.7143, 0.0, 0.1429, 0.0, 0.0, 0.0, 0.0, 1.0, 0.7143, 0.0, 0.0, 0.0, 0.1, 0.0, 0.0, 0.0, 1.0, 0.0, 0.0, 0.1667, 0.0, 0.0, 0.125, 0.0, 1.0, 0.1667, 0.0, 0.0, 0.0, 0.0, 0.0, 0.0, 0.9, 0.0, 0.0, 0.0, 0.0, 0.1111, 0.0, 0.0, 0.6, 0.0, 0.0, 0.1, 0.0, 0.0, 0.0, 0.0769, 0.0, 0.0, 0.0, 0.0, 0.0, 0.0, 0.0, 0.0, 0.0, 0.0909, 0.125, 0.0, 0.0, 0.0, 0.0, 0.0, 0.0, 0.0, 0.0, 0.0, 0.1667, 0.0, 0.0, 0.0, 0.0, 0.0, 0.0, 0.0, 0.1111, 0.0, 0.0, 0.0, 0.0, 0.0, 0.0, 0.0, 0.0, 0.0, 0.0, 0.125, 0.0, 0.0, 0.0, 0.0, 0.0, 0.0, 0.1429, 0.1538, 0.1429, 0.0, 0.0, 0.2, 0.3333, 0.0, 0.1667, 0.0, 0.0, 0.0, 0.0, 0.0, 0.0, 0.0, 0.0, 0.0, 0.0, 0.0, 0.0, 0.0, 0.0, 0.0, 0.0, 0.0, 0.0, 0.0, 0.0, 0.0, 0.0, 0.1429, 0.0, 0.0, 0.0, 0.0, 0.125, 0.0, 0.0, 0.0, 0.0, 0.125, 0.0, 0.0, 0.1429, 0.0, 0.6667, 0.1429, 0.0, 0.125, 0.0, 0.0909, 0.1667, 0.0, 0.5455, 0.2857, 0.0, 0.0, 0.0, 0.2222, 0.0, 0.1, 0.0, 0.0, 0.1, 0.0, 0.0, 0.0, 0.0, 0.0, 0.0, 0.0, 0.0, 0.0, 0.0, 0.0, 0.0, 0.0, 0.0, 0.0, 0.0, 0.1429, 0.0, 0.0, 0.0, 0.0, 0.0, 0.0, 0.0, 0.0, 0.0, 0.0, 0.0, 0.0, 0.0, 0.0, 0.0, 0.0, 0.0, 0.2857, 0.0, 0.0, 0.0, 0.0, 0.0, 0.0, 0.0, 0.0, 0.0, 0.0, 0.0, 0.1111, 0.0, 0.0, 0.0, 0.0, 0.0, 0.0, 0.0, 1.0, 0.0, 0.8, 0.0, 0.125, 0.0, 0.1429, 0.0, 0.8889, 0.0, 0.875, 0.0, 0.0, 0.0, 0.0, 0.1667, 0.8, 0.0, 1.0, 0.0, 0.0, 0.0, 0.0, 0.0, 0.75, 0.0, 1.0, 0.0]"
broadcast,0.025,11,broadcast,0.053,0.053,0.053,-0.0,20,True,106,0,298,1596,0,"[0.0, 0.0165, 0.0185, 0.0195, 0.021, 0.023, 0.026, 0.029, 0.031, 0.035, 0.038, 0.04, 0.041, 0.045, 0.0475, 0.0495, 0.0505, 0.051, 0.0525, 0.053, 0.053, 0.053, 0.053, 0.053, 0.053, 0.053, 0.053, 0.053, 0.053, 0.053, 0.053, 0.053, 0.053, 0.053, 0.053, 0.053, 0.053, 0.053, 0.053, 0.053, 0.053, 0.053, 0.053, 0.053, 0.053, 0.053, 0.053, 0.053, 0.053, 0.053, 0.053, 0.053, 0.053, 0.053, 0.053, 0.053, 0.053, 0.053, 0.053, 0.053, 0.053, 0.053, 0.053, 0.053, 0.053, 0.053, 0.053, 0.053, 0.053, 0.053, 0.053, 0.053, 0.053, 0.053, 0.053, 0.053, 0.053, 0.053, 0.053, 0.053, 0.053, 0.053, 0.053, 0.053, 0.053, 0.053, 0.053, 0.053, 0.053, 0.053, 0.053, 0.053, 0.053, 0.053, 0.053, 0.053, 0.053, 0.053, 0.053, 0.053, 0.053]","{""0"": 0.0074, ""1"": 0.0247, ""2"": 0.0159, ""3"": 0.0117, ""4"": 0.0233, ""5"": 0.0165, ""6"": 0.0889, ""7"": 0.2402}","[0.0, 0.0, 0.0, 0.0, 0.0, 0.0, 0.0, 0.0, 0.0, 0.0, 0.0, 0.0, 0.0, 0.125, 0.0, 0.0, 0.0, 0.0, 0.0, 0.0, 0.0, 0.0, 0.0, 0.0, 0.0, 0.0, 0.0, 0.0, 0.125, 0.0, 0.0, 0.0, 0.0, 0.0, 0.0, 0.0, 0.0, 0.0, 0.0, 0.0, 0.0, 0.0, 0.0, 0.0, 0.0, 0.0, 0.0, 0.1429, 0.0, 0.0, 0.0909, 0.1429, 0.0, 0.0, 0.0, 0.0, 0.0, 0.0, 0.0, 0.0, 0.0, 0.1667, 0.0, 0.0, 0.0, 0.0, 0.0, 0.0, 0.0, 0.0, 0.0, 0.0, 0.0, 0.0, 0.0, 0.0, 0.0, 0.0, 0.0, 0.0, 0.0, 0.0, 0.0, 0.0, 0.0, 0.0, 0.0, 0.0, 0.0, 0.0, 0.0, 0.0, 0.0, 0.0, 0.0, 0.25, 0.5556, 0.1, 0.0, 0.0, 0.0, 0.125, 0.0, 0.0, 0.875, 0.0, 0.0, 0.0, 0.0, 0.0, 0.0, 0.0, 1.0, 0.0, 0.0, 0.0, 0.0, 0.0, 0.0, 0.0, 1.0, 0.0, 0.0, 0.1111, 0.0, 0.0, 0.0, 0.0, 1.0, 0.0, 0.25, 0.0, 0.1111, 0.1429, 0.0, 0.0, 1.0, 0.0, 0.0, 0.0, 0.0, 0.0, 0.125, 0.0, 1.0, 0.0, 0.0, 0.125, 0.0, 0.0, 0.0, 0.0, 0.8571, 0.0, 0.0, 0.0, 0.125, 0.0, 0.0, 0.0, 0.0, 0.1111, 0.0, 0.0, 0.0, 0.0, 0.0, 0.0, 0.1667, 0.0, 0.0, 0.0, 0.0, 0.0, 0.125, 0.0, 0.0, 0.0, 0.0, 0.0, 0.0, 0.0, 0.0, 0.0, 0.0, 0.0, 0.0, 0.0, 0.0, 0.0, 0.0, 0.0, 0.0, 0.0, 0.4286, 0.0, 0.0, 0.0, 0.0, 0.1111, 0.1429, 0.0, 0.0, 0.0, 0.0, 0.0, 0.0, 0.4, 0.0, 0.0, 0.0, 0.0, 0.0, 0.0, 0.0833, 1.0, 0.0, 0.0, 0.0, 0.0, 0.0, 0.0, 0.125, 1.0, 0.1111, 0.0, 0.0, 0.0, 0.0, 0.0, 0.0, 0.0, 0.0, 0.0, 0.0, 0.1429, 0.0, 0.1667, 0.0, 0.0, 0.0, 0.0, 0.0, 0.0, 0.0, 0.1111, 0.0, 0.0, 0.0, 0.0]"
broadcast,0.05,0,broadcast,0.3615,0.3615,0.3615,0.0,41,True,723,0,273,1004,0,"[0.0, 0.0415, 0.0505, 0.059, 0.0765, 0.096, 0.1165, 0.13, 0.147, 0.169, 0.1855, 0.2015, 0.2155, 0.228, 0.239, 0.2475, 0.2565, 0.265, 0.2725, 0.285, 0.2955, 0.3045, 0.3125, 0.3225, 0.3295, 0.333, 0.337, 0.339, 0.3405, 0.342, 0.344, 0.3445, 0.3455, 0.348, 0.3485, 0.3495, 0.351, 0.354, 0.3565, 0.36, 0.3615, 0.3615, 0.3615, 0.3615, 0.3615, 0.3615, 0.3615, 0.3615, 0.3615, 0.3615, 0.3615, 0.3615, 0.3615, 0.3615, 0.3615, 0.3615, 0.3615, 0.3615, 0.3615, 0.3615, 0.3615, 0.3615, 0.3615, 0.3615, 0.3615, 0.3615, 0.3615, 0.3615, 0.3615, 0.3615, 0.3615, 0.3615, 0.3615, 0.3615, 0.3615, 0.3615, 0.3615, 0.3615, 0.3615, 0.3615, 0.3615, 0.3615, 0.3615, 0.3615, 0.3615, 0.3615, 0.3615, 0.3615, 0.3615, 0.3615, 0.3615, 0.3615, 0.3615, 0.3615, 0.3615, 0.3615, 0.3615, 0.3615, 0.3615, 0.3615, 0.3615]","{""0"": 0.019, ""1"": 0.4239, ""2"": 0.6777, ""3"": 0.2417, ""4"": 0.8039, ""5"": 0.0486, ""6"": 0.052, ""7"": 0.6255}","[0.4444, 0.0, 1.0, 0.0, 1.0, 1.0, 0.0, 0.0833, 1.0, 0.1111, 0.9, 0.0, 0.875, 1.0, 0.0, 0.0, 1.0, 0.125, 1.0, 0.875, 1.0, 1.0, 0.125, 0.0, 0.7143, 0.0, 0.7778, 1.0, 0.0, 1.0, 0.0, 0.0, 0.7143, 0.0, 0.1111, 1.0, 0.0, 1.0, 0.2857, 0.1111, 0.75, 0.0, 0.0, 0.8, 0.1111, 0.8889, 0.1111, 0.0, 0.8571, 0.0, 0.0, 0.8333, 0.1429, 0.2857, 0.0, 0.0, 0.7692, 0.25, 0.0, 1.0, 0.0, 0.0, 0.0, 0.0, 0.8571, 0.0, 0.0909, 0.6, 0.0, 0.0, 0.0, 0.0, 0.8571, 0.0, 0.4, 1.0, 0.1667, 0.125, 0.0, 0.0909, 0.8889, 0.0, 1.0, 0.75, 0.0, 0.75, 0.0, 0.0, 0.8571, 0.1111, 0.875, 0.8333, 0.2, 0.7778, 0.0, 0.0, 0.8333, 0.0, 0.8333, 0.8889, 0.0, 0.8889, 0.2, 0.0, 0.0, 0.0, 1.0, 1.0, 0.0, 1.0, 0.0, 0.0, 0.1667, 0.0, 0.8571, 0.8333, 0.0, 0.7778, 0.0, 0.1, 0.0, 0.0, 0.8571, 0.8333, 0.1, 0.8889, 0.0, 0.1667, 0.0, 0.0, 1.0, 0.7857, 0.1, 0.9091, 0.3333, 0.0, 0.0, 0.0, 0.2857, 0.8889, 0.0, 0.9, 0.25, 0.25, 0.0, 0.0, 0.0, 0.875, 0.0, 0.9091, 0.0, 0.0, 0.0769, 0.0, 0.0, 1.0, 0.0, 0.8571, 0.0, 0.0, 0.0, 0.0, 0.2, 0.8, 0.0, 0.8571, 0.0, 0.2857, 0.0, 0.0, 0.1429, 0.6, 0.0, 0.8182, 0.0, 0.0, 0.6667, 0.0, 0.25, 1.0, 0.0, 0.8571, 0.0, 0.1, 0.9091, 0.0, 0.0, 0.8333, 0.0, 0.8571, 0.0, 0.0, 1.0, 0.0, 0.0, 0.8, 0.1429, 0.8333, 0.0909, 0.0, 1.0, 0.0, 0.0, 0.1667, 0.0, 0.875, 0.0, 0.2857, 1.0, 0.0, 0.0, 0.0, 0.5, 1.0, 0.0, 0.0, 0.8889, 0.0, 0.0, 0.0, 1.0, 0.9286, 0.0, 0.0909, 0.9091, 0.0, 0.0, 0.0, 0.8, 0.875, 0.125, 0.0, 0.8889, 0.0, 0.4286, 0.0, 0.8, 0.875, 0.1, 0.0, 0.8571, 0.0, 0.75, 0.0, 1.0, 1.0, 0.0, 0.0, 1.0, 0.0]"
broadcast,0.05,1,broadcast,0.2325,0.2325,0.2325,0.0,25,True,465,0,329,1206,0,"[0.0, 0.047, 0.057, 0.063, 0.0685, 0.0745, 0.086, 0.0965, 0.1095, 0.123, 0.133, 0.144, 0.158, 0.1695, 0.179, 0.19, 0.2, 0.208, 0.213, 0.218, 0.221, 0.2235, 0.2265, 0.229, 0.2325, 0.2325, 0.2325, 0.2325, 0.2325, 0.2325, 0.2325, 0.2325, 0.2325, 0.2325, 0.2325, 0.2325, 0.2325, 0.2325, 0.2325, 0.2325, 0.2325, 0.2325, 0.2325, 0.2325, 0.2325, 0.2325, 0.2325, 0.2325, 0.2325, 0.2325, 0.2325, 0.2325, 0.2325, 0.2325, 0.2325, 0.2325, 0.2325, 0.2325, 0.2325, 0.2325, 0.2325, 0.2325, 0.2325, 0.2325, 0.2325, 0.2325, 0.2325, 0.2325, 0.2325, 0.2325, 0.2325, 0.2325, 0.2325, 0.2325, 0.2325, 0.2325, 0.2325, 0.2325, 0.2325, 0.2325, 0.2325, 0.2325, 0.2325, 0.2325, 0.2325, 0.2325, 0.2325, 0.2325, 0.2325, 0.2325, 0.2325, 0.2325, 0.2325, 0.2325, 0.2325, 0.2325, 0.2325, 0.2325, 0.2325, 0.2325, 0.2325]","{""0"": 0.5855, ""1"": 0.302, ""2"": 0.2157, ""3"": 0.0273, ""4"": 0.3628, ""5"": 0.1976, ""6"": 0.085, ""7"": 0.0648}","[0.0, 0.1111, 0.875, 0.0, 0.0, 0.0, 0.0, 0.1111, 0.0, 0.0, 1.0, 0.0, 0.0, 0.0, 0.0, 0.0833, 0.0, 0.0, 0.8, 0.2857, 0.0, 0.0, 0.0, 0.0, 0.0, 0.0, 0.8571, 1.0, 0.0, 0.3, 0.0, 0.125, 0.0, 0.1429, 0.8462, 1.0, 0.0, 0.25, 0.0, 0.0769, 0.0, 0.6, 1.0, 0.8, 0.0, 0.1429, 0.0, 0.0, 0.2857, 0.8889, 0.8, 1.0, 0.0, 0.0, 0.0, 0.0, 0.1111, 0.7143, 0.75, 0.6667, 0.0, 0.0, 0.0, 0.0714, 0.0909, 0.7692, 0.8889, 0.8333, 0.0, 0.0, 0.0, 0.0, 0.0, 1.0, 0.75, 1.0, 0.1111, 0.0, 0.0, 0.0, 0.1, 1.0, 0.1111, 0.5556, 0.1, 0.0, 0.0, 0.0, 0.125, 1.0, 0.0, 0.0, 0.0, 0.0, 0.0, 0.0, 0.0, 0.7778, 0.0, 0.0, 0.0, 0.1, 0.25, 0.375, 0.0, 1.0, 0.0, 0.0, 0.0, 0.0, 0.0, 0.2222, 0.0, 1.0, 0.0, 0.1, 0.0, 0.0, 0.0, 0.0, 0.125, 1.0, 0.0, 0.0909, 0.0, 0.8333, 0.0, 0.1429, 0.0, 0.75, 0.0, 0.0, 0.0, 1.0, 0.0, 0.1667, 0.0, 0.6667, 0.0, 0.0, 0.2, 0.625, 0.0, 0.1667, 0.0, 0.9167, 0.1667, 0.0, 0.0, 1.0, 0.0, 0.0, 0.0, 0.75, 0.1111, 0.2, 0.0, 0.7143, 0.8571, 0.0909, 0.0, 1.0, 0.1, 0.0, 0.0, 1.0, 1.0, 0.1429, 0.0, 0.8333, 0.0, 0.0, 0.0, 1.0, 0.7143, 0.0, 0.0, 1.0, 0.0, 0.0, 0.1111, 0.8, 0.75, 0.0, 0.0833, 0.7778, 0.0, 0.125, 0.0, 0.8333, 1.0, 0.125, 0.0, 1.0, 0.0, 0.0, 0.0, 0.6667, 1.0, 0.2, 0.5, 0.7778, 0.0, 0.1429, 0.25, 0.2, 0.0, 0.0909, 0.2857, 0.5, 0.0, 0.0, 0.0, 0.6364, 0.0, 0.0, 0.2, 0.875, 0.0, 0.125, 0.0909, 0.0, 0.1, 0.0, 0.3333, 0.25, 0.0, 0.1429, 0.0, 0.2222, 0.125, 0.0, 0.0, 0.0, 0.0, 0.0, 0.0, 0.0, 0.0, 0.25, 0.0, 0.0, 0.0, 0.0, 0.0, 0.0, 0.7, 0.1429, 0.0, 0.0]"
broadcast,0.05,2,broadcast,0.286,0.286,0.286,0.0,31,True,572,0,275,1153,0,"[0.0, 0.0425, 0.053, 0.066, 0.083, 0.102, 0.1185, 0.135, 0.152, 0.1695, 0.1815, 0.193, 0.199, 0.2045, 0.2165, 0.23, 0.2375, 0.244, 0.2515, 0.2605, 0.2675, 0.272, 0.274, 0.2745, 0.2765, 0.278, 0.28, 0.281, 0.282, 0.2845, 0.286, 0.286, 0.286, 0.286, 0.286, 0.286, 0.286, 0.286, 0.286, 0.286, 0.286, 0.286, 0.286, 0.286, 0.286, 0.286, 0.286, 0.286, 0.286, 0.286, 0.286, 0.286, 0.286, 0.286, 0.286, 0.286, 0.286, 0.286, 0.286, 0.286, 0.286, 0.286, 0.286, 0.286, 0.286, 0.286, 0.286, 0.286, 0.286, 0.286, 0.286, 0.286, 0.286, 0.286, 0.286, 0.286, 0.286, 0.286, 0.286, 0.286, 0.286, 0.286, 0.286, 0.286, 0.286, 0.286, 0.286, 0.286, 0.286, 0.286, 0.286, 0.286, 0.286, 0.286, 0.286, 0.286, 0.286, 0.286, 0.286, 0.286, 0.286]","{""0"": 0.2127, ""1"": 0.3702, ""2"": 0.5095, ""3"": 0.2809, ""4"": 0.2255, ""5"": 0.0429, ""6"": 0.6134, ""7"": 0.0302}","[0.5556, 0.0, 0.0, 0.0, 0.0, 0.8, 0.0, 0.8889, 0.0, 0.0, 0.0, 0.0, 0.0, 1.0, 0.0, 0.75, 0.125, 0.0, 0.0, 0.0, 0.75, 0.75, 0.0, 0.8333, 0.0, 0.1111, 0.0, 0.0, 0.6, 0.5, 0.125, 1.0, 0.0, 0.1429, 0.0, 0.2, 0.0, 0.0, 0.0, 0.8889, 0.0, 0.0, 0.8571, 0.75, 0.0, 0.0, 0.0, 1.0, 0.0, 0.0, 1.0, 0.8333, 0.0, 0.0, 0.125, 1.0, 0.0, 0.0, 1.0, 0.7857, 0.0, 0.0, 0.0, 1.0, 0.0, 0.1, 0.7, 1.0, 0.0, 0.0, 0.125, 0.6667, 0.0, 0.1818, 1.0, 0.875, 0.0, 0.0, 0.3, 1.0, 0.0, 0.4444, 0.9, 0.7143, 0.0, 0.0, 0.0, 0.7143, 0.1429, 0.1111, 0.6, 0.8889, 0.0, 0.0, 0.0, 1.0, 0.0, 0.0, 0.8, 1.0, 0.0, 0.1111, 0.0, 0.75, 0.0909, 0.0, 1.0, 0.7778, 0.125, 0.2, 0.0, 0.8333, 0.1667, 0.0, 0.8, 0.8182, 0.0, 0.0909, 0.0, 0.875, 0.0, 0.3333, 0.8333, 1.0, 0.375, 0.0, 0.0, 0.75, 0.0, 0.2, 1.0, 0.8889, 0.9, 0.0, 0.4, 0.8333, 0.0, 1.0, 0.7143, 1.0, 0.6, 0.1429, 0.0, 0.0, 0.0, 0.9, 0.1111, 0.9167, 1.0, 0.1667, 0.0, 0.0, 0.0, 0.8182, 0.0, 0.6, 0.8571, 0.0, 0.0, 0.0, 0.0, 0.9167, 0.0, 1.0, 1.0, 0.0, 0.0, 0.0, 0.0, 0.5, 0.0, 0.8571, 0.6, 0.0, 0.0, 0.0, 0.1111, 0.0, 0.0, 0.5, 0.9, 0.0, 0.0, 0.0, 0.0, 0.0, 0.0, 0.0, 0.6667, 0.0, 0.0, 0.0, 0.0, 0.0, 0.0, 0.1, 0.2, 0.0, 0.1, 0.0, 0.2, 0.0, 0.0, 0.0, 0.0, 0.0, 0.0, 0.1, 0.0714, 0.0, 0.0, 0.0, 0.0909, 0.3333, 0.0833, 0.0, 0.0, 0.0, 0.0, 0.1429, 0.0, 1.0, 0.0, 0.8, 0.0, 0.0833, 0.0, 0.0, 0.0, 0.875, 0.0, 0.9231, 0.1429, 0.0, 0.0, 0.1111, 0.0, 1.0, 0.0, 1.0, 0.0, 0.0, 0.1, 0.0, 0.0, 0.875, 0.0, 0.75, 0.0, 0.4]"
broadcast,0.05,3,broadcast,0.31,0.31,0.31,0.0,26,True,620,0,289,1091,0,"[0.0, 0.044, 0.0515, 0.0615, 0.0765, 0.0895, 0.0995, 0.109, 0.1205, 0.1345, 0.148, 0.1625, 0.1755, 0.1875, 0.2035, 0.2215, 0.2365, 0.249, 0.259, 0.271, 0.2815, 0.292, 0.299, 0.304, 0.309, 0.31, 0.31, 0.31, 0.31, 0.31, 0.31, 0.31, 0.31, 0.31, 0.31, 0.31, 0.31, 0.31, 0.31, 0.31, 0.31, 0.31, 0.31, 0.31, 0.31, 0.31, 0.31, 0.31, 0.31, 0.31, 0.31, 0.31, 0.31, 0.31, 0.31, 0.31, 0.31, 0.31, 0.31, 0.31, 0.31, 0.31, 0.31, 0.31, 0.31, 0.31, 0.31, 0.31, 0.31, 0.31, 0.31, 0.31, 0.31, 0.31, 0.31, 0.31, 0.31, 0.31, 0.31, 0.31, 0.31, 0.31, 0.31, 0.31, 0.31, 0.31, 0.31, 0.31, 0.31, 0.31, 0.31, 0.31, 0.31, 0.31, 0.31, 0.31, 0.31, 0.31, 0.31, 0.31, 0.31]","{""0"": 0.083, ""1"": 0.0323, ""2"": 0.6515, ""3"": 0.0506, ""4"": 0.2913, ""5"": 0.1758, ""6"": 0.8818, ""7"": 0.3591}","[0.4444, 0.1667, 0.0, 0.875, 0.2, 1.0, 0.0, 1.0, 0.8571, 0.0, 0.0, 1.0, 0.0, 0.4, 0.0, 0.75, 1.0, 0.0, 0.0, 1.0, 0.0, 0.0, 0.0, 1.0, 1.0, 0.0, 0.0, 0.8, 0.2727, 0.0, 0.2, 0.9, 0.7692, 0.0, 0.0, 0.75, 0.0, 0.0833, 0.0, 1.0, 0.75, 0.0, 0.0, 1.0, 0.0, 0.0, 0.6667, 1.0, 1.0, 0.2222, 0.0, 0.8333, 0.0, 0.0, 0.8, 0.7143, 0.8333, 0.0, 0.0833, 1.0, 0.0, 0.0, 1.0, 0.8182, 0.8889, 0.2, 0.0, 1.0, 0.0, 0.0, 1.0, 0.75, 0.6, 0.4, 0.0909, 0.0, 0.0, 0.0, 0.75, 0.8333, 0.6, 0.0, 0.0, 0.0, 0.0, 0.0, 0.8, 0.8889, 1.0, 0.0, 0.0, 0.0, 0.0, 0.0, 0.25, 0.6667, 0.0, 0.0, 0.125, 0.2222, 0.1429, 0.0, 0.0, 1.0, 0.0, 0.0, 0.0, 0.0909, 0.0, 0.0, 0.0, 0.8889, 0.0, 0.2, 0.0, 0.1111, 0.0, 0.0, 0.0, 0.7143, 0.0, 0.2, 0.0, 0.125, 0.1, 0.0667, 0.0, 1.0, 0.0, 0.0, 0.1429, 0.0833, 0.0, 0.0, 0.1, 1.0, 0.0, 0.0, 0.0, 0.6364, 0.1111, 0.0, 0.0, 0.75, 0.0, 0.0, 0.0833, 0.8, 0.0, 0.0, 0.0, 0.8571, 0.0909, 0.0, 0.1111, 1.0, 0.0, 0.1429, 0.1111, 1.0, 0.0, 0.0, 0.0, 1.0, 0.0, 0.0, 0.0, 1.0, 0.0, 0.0, 0.0, 1.0, 0.0, 0.0, 0.1818, 0.875, 0.0, 0.0, 0.0, 0.7692, 0.0769, 0.7143, 0.0833, 0.8333, 0.2222, 0.0, 0.0, 0.7778, 0.0, 1.0, 0.0, 0.8889, 0.0, 0.1667, 0.0, 0.875, 0.0667, 0.75, 0.0, 1.0, 0.0, 0.0, 0.1429, 1.0, 0.0, 0.7143, 0.0, 0.8333, 0.0, 0.0, 0.0, 0.9167, 0.1429, 0.8889, 0.0, 0.875, 0.3077, 0.0, 0.0, 0.6154, 0.1111, 0.5, 0.0, 0.8333, 0.0, 0.0, 0.1429, 0.8182, 0.125, 0.8333, 0.0, 1.0, 0.6667, 0.0, 0.0, 1.0, 0.0, 1.0, 0.0, 0.9091, 0.8571, 0.0, 0.0, 0.7, 0.0909, 0.875, 0.0, 0.8571, 0.7778, 1.0]"
broadcast,0.05,4,broadcast,0.4185,0.4185,0.4185,0.0,62,True,837,0,282,881,0,"[0.0, 0.042, 0.049, 0.0575, 0.0675, 0.076, 0.0845, 0.096, 0.1095, 0.123, 0.1395, 0.159, 0.178, 0.1995, 0.2235, 0.237, 0.2455, 0.2555, 0.263, 0.267, 0.2725, 0.279, 0.2895, 0.3025, 0.313, 0.3215, 0.3315, 0.3365, 0.34, 0.343, 0.347, 0.35, 0.3535, 0.357, 0.361, 0.362, 0.364, 0.367, 0.3715, 0.3735, 0.376, 0.3765, 0.377, 0.378, 0.38, 0.3825, 0.3865, 0.389, 0.3905, 0.394, 0.3975, 0.4005, 0.405, 0.4065, 0.4075, 0.4085, 0.41, 0.4115, 0.414, 0.4155, 0.4175, 0.4185, 0.4185, 0.4185, 0.4185, 0.4185, 0.4185, 0.4185, 0.4185, 0.4185, 0.4185, 0.4185, 0.4185, 0.4185, 0.4185, 0.4185, 0.4185, 0.4185, 0.4185, 0.4185, 0.4185, 0.4185, 0.4185, 0.4185, 0.4185, 0.4185, 0.4185, 0.4185, 0.4185, 0.4185, 0.4185, 0.4185, 0.4185, 0.4185, 0.4185, 0.4185, 0.4185, 0.4185, 0.4185, 0.4185, 0.4185]","{""0"": 0.366, ""1"": 0.3289, ""2"": 0.8161, ""3"": 0.8648, ""4"": 0.4884, ""5"": 0.0468, ""6"": 0.3716, ""7"": 0.028}","[0.5556, 0.5714, 0.0, 0.8333, 0.7143, 1.0, 0.0, 0.0, 0.1111, 0.0909, 0.0, 1.0, 1.0, 0.7857, 0.0, 0.1667, 0.0, 0.1818, 0.0, 1.0, 0.7778, 0.8, 0.0, 0.1111, 0.0, 0.0, 0.0, 1.0, 0.7143, 0.6667, 0.0, 1.0, 0.0, 0.0, 0.0, 1.0, 0.75, 0.7778, 0.0, 0.8889, 0.1429, 0.0, 0.0, 1.0, 0.8889, 0.0, 0.0, 0.9167, 0.0, 0.0, 0.0, 0.8333, 0.8333, 0.0, 0.0, 1.0, 0.1, 0.1429, 0.0, 0.5, 0.75, 0.0, 0.0, 0.9, 0.1667, 0.1667, 0.0, 1.0, 0.9231, 0.0, 0.0, 0.8889, 0.0, 0.125, 0.0, 0.75, 0.8571, 0.0833, 0.125, 0.8571, 0.125, 0.5, 0.0, 0.8571, 1.0, 0.2, 0.0, 0.8333, 0.0, 0.0, 0.0, 0.8571, 0.8, 0.0, 0.2857, 0.875, 0.0, 0.0, 1.0, 0.0, 1.0, 0.0, 0.0, 1.0, 0.0, 0.0, 1.0, 0.0, 1.0, 0.1111, 0.1111, 0.7, 0.0, 0.125, 0.75, 0.8, 1.0, 0.0, 0.0, 0.0, 0.0, 0.1667, 1.0, 0.75, 0.6, 0.0, 0.1111, 0.0, 0.0, 0.0, 1.0, 0.875, 1.0, 0.125, 0.0, 0.0, 0.0, 0.0, 0.875, 0.875, 0.75, 0.0, 0.75, 0.0, 0.0, 0.0, 0.875, 0.7143, 1.0, 0.0, 0.0, 0.0, 0.0, 0.0, 0.8889, 0.8333, 0.75, 0.2857, 0.0, 0.0, 0.0, 0.0, 1.0, 0.8333, 0.9167, 0.6923, 0.0, 0.0, 0.0, 0.1, 1.0, 1.0, 0.75, 0.8571, 0.0, 0.0, 0.0, 0.5714, 0.7778, 0.75, 1.0, 0.8333, 0.0, 0.1111, 0.0, 1.0, 0.2222, 0.8571, 0.8, 1.0, 0.0, 0.7, 0.0, 1.0, 0.0, 0.8333, 0.75, 1.0, 0.0, 0.0833, 0.1, 0.8462, 0.0, 0.8, 0.8571, 0.875, 0.0, 0.0, 0.0, 1.0, 0.0, 1.0, 0.8571, 1.0, 0.0, 0.1, 0.0, 1.0, 0.0, 1.0, 1.0, 0.75, 0.2, 0.0, 0.0, 1.0, 0.0, 0.875, 0.8889, 0.7778, 0.0, 0.0, 0.0, 1.0, 0.0, 0.9091, 1.0, 1.0, 0.1429, 0.0, 0.0, 0.7, 0.0, 0.875, 1.0, 1.0, 0.0, 0.0, 0.1429, 1.0]"
broadcast,0.05,5,broadcast,0.648,0.648,0.648,0.0,80,True,1296,0,313,391,0,"[0.0, 0.047, 0.0595, 0.069, 0.078, 0.085, 0.091, 0.0975, 0.108, 0.1215, 0.1375, 0.1485, 0.1575, 0.165, 0.175, 0.185, 0.192, 0.1995, 0.212, 0.2215, 0.23, 0.236, 0.243, 0.25, 0.2575, 0.2675, 0.2785, 0.288, 0.297, 0.3035, 0.3105, 0.3175, 0.326, 0.336, 0.3445, 0.3495, 0.3555, 0.362, 0.37, 0.3835, 0.3945, 0.407, 0.421, 0.4295, 0.436, 0.443, 0.4485, 0.4575, 0.467, 0.476, 0.4875, 0.4975, 0.5055, 0.515, 0.525, 0.5305, 0.5345, 0.5385, 0.5425, 0.547, 0.5495, 0.5525, 0.5575, 0.5615, 0.5665, 0.574, 0.5825, 0.593, 0.602, 0.608, 0.614, 0.6175, 0.6215, 0.624, 0.626, 0.63, 0.6335, 0.6385, 0.644, 0.648, 0.648, 0.648, 0.648, 0.648, 0.648, 0.648, 0.648, 0.648, 0.648, 0.648, 0.648, 0.648, 0.648, 0.648, 0.648, 0.648, 0.648, 0.648, 0.648, 0.648, 0.648]","{""0"": 0.4511, ""1"": 0.6098, ""2"": 0.8477, ""3"": 0.8589, ""4"": 0.6667, ""5"": 0.2996, ""6"": 0.5943, ""7"": 0.8244}","[0.4444, 0.0, 0.2, 0.875, 1.0, 0.8889, 0.0, 0.875, 1.0, 1.0, 0.6, 1.0, 1.0, 0.6667, 0.0, 0.8889, 0.5556, 1.0, 0.7143, 1.0, 0.6, 0.8333, 0.0, 1.0, 0.875, 1.0, 0.8889, 0.8182, 1.0, 0.75, 0.6667, 1.0, 0.75, 1.0, 1.0, 0.7273, 0.7143, 0.6, 0.875, 1.0, 0.7778, 0.875, 1.0, 0.8571, 1.0, 0.8889, 0.8889, 1.0, 0.9, 1.0, 1.0, 1.0, 0.8333, 0.75, 0.8333, 0.0, 0.8889, 0.0, 0.8, 0.8571, 1.0, 0.7778, 1.0, 0.0, 0.8, 0.0, 1.0, 0.9091, 0.8333, 0.8571, 1.0, 0.0, 0.8, 0.0, 0.7778, 0.8, 0.875, 0.8333, 0.7273, 0.0, 0.9091, 0.0, 0.75, 0.9, 1.0, 0.9091, 1.0, 0.0, 0.8462, 0.0, 0.875, 0.9, 0.8571, 1.0, 0.9, 0.1429, 1.0, 0.5, 0.8889, 0.5, 0.6667, 0.75, 0.75, 0.0, 0.9091, 0.0, 0.5, 0.8571, 0.9, 1.0, 0.0, 0.0, 0.875, 0.125, 0.8571, 1.0, 0.8333, 0.7778, 0.0, 0.0667, 0.7143, 0.0, 0.8182, 0.6, 0.8333, 1.0, 0.0, 0.6364, 0.7, 0.0, 0.7857, 0.8333, 0.7778, 0.9, 0.125, 0.875, 1.0, 0.0, 1.0, 1.0, 0.7778, 0.75, 0.0, 0.875, 0.6, 1.0, 1.0, 1.0, 0.875, 0.9091, 0.0833, 0.9, 0.75, 1.0, 0.8333, 0.8182, 0.9286, 1.0, 0.125, 1.0, 0.8889, 0.875, 1.0, 1.0, 1.0, 0.8333, 0.0, 0.8333, 0.8, 0.8, 1.0, 0.4, 0.75, 0.8333, 0.0, 1.0, 0.75, 0.9, 1.0, 0.9, 0.7273, 0.75, 0.0, 0.5714, 0.8182, 1.0, 0.2222, 0.8, 0.7692, 0.7778, 0.0, 0.8889, 1.0, 0.6667, 0.0909, 0.75, 0.9, 0.7778, 0.1, 1.0, 0.75, 1.0, 0.0, 0.6667, 0.9286, 0.0, 0.2, 1.0, 0.875, 0.8571, 0.0, 0.75, 1.0, 0.0, 0.0, 0.8889, 0.8571, 0.75, 0.0, 1.0, 1.0, 0.0, 0.0, 0.875, 1.0, 0.4286, 0.0, 0.8571, 0.6, 0.0, 0.0, 0.6, 0.9091, 0.0, 0.0, 1.0, 0.8571, 0.0, 0.0, 0.8333, 0.6667, 0.0, 0.1667, 0.8571, 0.875, 0.5714, 0.0, 0.6, 0.7143, 0.0]"
broadcast,0.05,6,broadcast,0.113,0.113,0.113,-0.0,25,True,226,0,292,1482,0,"[0.0, 0.039, 0.043, 0.0465, 0.0495, 0.051, 0.0535, 0.057, 0.0615, 0.069, 0.074, 0.0785, 0.085, 0.091, 0.0975, 0.1005, 0.1025, 0.1045, 0.107, 0.109, 0.1095, 0.11, 0.1115, 0.1125, 0.113, 0.113, 0.113, 0.113, 0.113, 0.113, 0.113, 0.113, 0.113, 0.113, 0.113, 0.113, 0.113, 0.113, 0.113, 0.113, 0.113, 0.113, 0.113, 0.113, 0.113, 0.113, 0.113, 0.113, 0.113, 0.113, 0.113, 0.113, 0.113, 0.113, 0.113, 0.113, 0.113, 0.113, 0.113, 0.113, 0.113, 0.113, 0.113, 0.113, 0.113, 0.113, 0.113, 0.113, 0.113, 0.113, 0.113, 0.113, 0.113, 0.113, 0.113, 0.113, 0.113, 0.113, 0.113, 0.113, 0.113, 0.113, 0.113, 0.113, 0.113, 0.113, 0.113, 0.113, 0.113, 0.113, 0.113, 0.113, 0.113, 0.113, 0.113, 0.113, 0.113, 0.113, 0.113, 0.113, 0.113]","{""0"": 0.0383, ""1"": 0.2939, ""2"": 0.0407, ""3"": 0.2205, ""4"": 0.2174, ""5"": 0.0273, ""6"": 0.0444, ""7"": 0.032}","[0.0, 0.0, 0.8462, 0.0, 0.875, 0.0, 0.0, 0.0, 0.0, 0.0769, 0.1667, 0.1429, 1.0, 0.0, 0.125, 0.0, 0.0, 0.0, 0.0, 0.0, 0.0, 0.0, 0.2, 0.125, 0.0, 0.1429, 0.2857, 0.0, 0.0, 0.2, 0.0, 0.1667, 0.0, 0.1, 0.0, 0.0, 0.0, 0.0, 0.0, 0.0, 0.0, 0.0, 0.0, 0.1429, 0.0, 0.0, 0.0, 0.1429, 0.0, 0.125, 0.0, 0.0, 0.0909, 0.0, 0.0, 0.0, 0.1111, 0.0, 0.0, 0.0, 0.0, 0.875, 0.0, 0.0, 0.0, 0.0, 0.0, 0.0, 0.0, 0.8, 0.0, 0.0, 0.2222, 0.0, 0.0, 0.1111, 0.0, 1.0, 0.0, 0.125, 0.0, 0.0, 0.2857, 0.0, 0.0, 0.7857, 0.1, 0.0, 0.0, 0.1111, 0.0, 0.0, 0.1111, 0.9091, 0.0, 0.0, 0.0, 0.1111, 0.0, 0.0, 0.0, 0.6667, 0.0, 0.0, 0.25, 0.0, 0.0, 0.0, 0.1111, 0.0, 0.0, 0.0, 0.0, 0.0, 0.0, 0.0, 0.1, 0.1111, 0.0, 0.2, 0.0, 0.0, 0.0, 0.1, 0.0, 0.0, 0.0, 0.0, 0.0, 0.0, 0.0, 0.0, 0.0, 0.0, 0.0, 0.1111, 0.0, 0.0, 0.0, 0.0, 0.0909, 0.0, 0.0, 0.0, 0.0, 0.0, 0.0, 0.0, 0.5714, 0.0, 0.0, 0.0, 0.0, 0.125, 0.1667, 0.0, 0.1111, 0.0, 0.0909, 0.0, 0.0, 0.1429, 0.0, 0.0, 0.0, 0.0, 0.1429, 0.0, 0.125, 0.0, 0.0, 0.0, 0.0, 0.0, 0.0, 0.0769, 0.0, 0.1111, 0.0, 0.0, 0.0, 0.0, 0.0, 0.0, 0.0, 0.0, 0.0833, 0.4, 0.1818, 0.0, 0.0, 0.0, 0.0, 0.0, 0.8889, 0.0, 0.0, 0.0, 0.0, 0.0, 0.0, 0.0, 1.0, 0.0, 0.0, 0.1111, 0.0, 0.0909, 0.1, 0.0, 0.8889, 0.0, 0.875, 0.0, 0.0, 0.0, 0.0, 0.2, 1.0, 0.0, 1.0, 0.1429, 0.0, 0.0833, 0.0, 0.0, 1.0, 0.0909, 0.8333, 0.0, 0.0, 0.1667, 0.0, 0.0, 0.8, 0.3333, 0.875, 0.0, 0.0, 0.0, 0.1, 0.0, 0.8182, 0.0, 1.0, 0.0, 0.1333, 0.1667, 0.0, 0.0]"
broadcast,0.05,7,broadcast,0.13,0.13,0.13,0.0,19,True,260,0,271,1469,0,"[0.0, 0.0395, 0.045, 0.049, 0.054, 0.0615, 0.07, 0.078, 0.0875, 0.0975, 0.1055, 0.1115, 0.115, 0.1175, 0.12, 0.1225, 0.1255, 0.1285, 0.13, 0.13, 0.13, 0.13, 0.13, 0.13, 0.13, 0.13, 0.13, 0.13, 0.13, 0.13, 0.13, 0.13, 0.13, 0.13, 0.13, 0.13, 0.13, 0.13, 0.13, 0.13, 0.13, 0.13, 0.13, 0.13, 0.13, 0.13, 0.13, 0.13, 0.13, 0.13, 0.13, 0.13, 0.13, 0.13, 0.13, 0.13, 0.13, 0.13, 0.13, 0.13, 0.13, 0.13, 0.13, 0.13, 0.13, 0.13, 0.13, 0.13, 0.13, 0.13, 0.13, 0.13, 0.13, 0.13, 0.13, 0.13, 0.13, 0.13, 0.13, 0.13, 0.13, 0.13, 0.13, 0.13, 0.13, 0.13, 0.13, 0.13, 0.13, 0.13, 0.13, 0.13, 0.13, 0.13, 0.13, 0.13, 0.13, 0.13, 0.13, 0.13, 0.13]","{""0"": 0.3689, ""1"": 0.0392, ""2"": 0.1818, ""3"": 0.2267, ""4"": 0.031, ""5"": 0.0304, ""6"": 0.0315, ""7"": 0.1375}","[0.0, 1.0, 0.0, 0.0, 0.1667, 0.0, 0.0, 0.0, 0.0, 0.3333, 0.0, 0.0, 0.0, 0.0, 0.3333, 0.1667, 0.0, 0.2, 0.0, 0.3333, 0.0, 0.0, 0.0, 0.0, 0.0, 0.125, 0.0, 0.0, 0.0, 0.0, 0.0, 0.0909, 0.0, 0.0, 0.2222, 0.0, 0.0, 0.0, 0.0, 0.0, 0.0, 0.0, 0.0, 0.0, 0.0, 0.0, 0.0, 0.0, 0.0, 0.0, 0.0, 0.0, 0.0, 0.0, 0.1176, 0.0, 0.0, 0.0, 0.3333, 0.0, 0.0, 0.0, 0.0, 0.0, 0.0, 0.25, 0.1667, 0.0, 0.0, 0.0, 0.0, 0.0, 0.0, 0.0, 0.0, 0.1429, 0.0, 0.0, 0.0, 0.0, 0.0, 0.0, 0.0, 0.3333, 0.0, 0.0, 0.0, 0.0, 0.0, 0.0909, 0.0, 0.8333, 0.1111, 0.0, 0.0, 0.0, 0.0, 0.0, 0.0, 1.0, 0.0833, 0.0, 0.0, 0.125, 0.9286, 0.0, 0.0, 0.8333, 0.0, 0.2, 0.0, 0.0, 1.0, 0.0, 0.1, 0.7, 0.1429, 0.0, 0.0, 0.0, 0.8333, 0.0, 0.0, 1.0, 0.0, 0.0, 0.0, 0.0, 0.125, 0.0, 0.0, 0.6667, 0.0, 0.0, 0.0, 0.1429, 0.0, 0.0, 0.0, 0.1429, 0.0769, 0.0, 0.0, 0.125, 0.0, 0.1667, 0.0, 0.0, 0.0, 0.1111, 0.0909, 0.0, 0.0, 0.0, 0.0, 0.0, 0.0, 0.0, 0.0, 0.0, 0.0, 0.0, 0.125, 0.0, 0.5556, 0.1538, 0.0, 0.0, 0.1818, 0.2857, 0.0833, 0.1429, 0.125, 0.0, 0.125, 0.0667, 0.125, 0.8, 0.0, 0.1, 0.8889, 0.0, 0.0, 0.0, 0.0, 1.0, 0.0, 0.0, 0.8571, 0.0, 0.1429, 0.0, 0.0, 1.0, 0.0, 0.0, 0.8333, 0.125, 0.0, 0.0, 0.125, 0.8889, 0.0, 0.0667, 0.9, 0.0, 0.0, 0.0, 0.1818, 0.8, 0.2222, 0.0, 0.8, 0.0, 0.1667, 0.0, 0.1, 0.9231, 0.0, 0.0, 1.0, 0.0, 0.0, 0.0, 0.1818, 1.0, 0.0, 0.0, 0.3333, 0.2222, 0.0, 0.1111, 0.2, 1.0, 0.0, 0.0, 0.0, 0.0, 0.0, 0.0909, 0.0, 0.875, 0.0, 0.0, 0.0, 0.0, 0.0, 0.0, 0.0, 1.0]"
broadcast,0.05,8,broadcast,0.147,0.147,0.147,0.0,27,True,294,0,315,1391,0,"[0.0, 0.04, 0.0495, 0.056, 0.0655, 0.0825, 0.0975, 0.1055, 0.112, 0.117, 0.121, 0.125, 0.131, 0.134, 0.136, 0.138, 0.1385, 0.139, 0.1395, 0.14, 0.1415, 0.143, 0.1445, 0.1455, 0.146, 0.1465, 0.147, 0.147, 0.147, 0.147, 0.147, 0.147, 0.147, 0.147, 0.147, 0.147, 0.147, 0.147, 0.147, 0.147, 0.147, 0.147, 0.147, 0.147, 0.147, 0.147, 0.147, 0.147, 0.147, 0.147, 0.147, 0.147, 0.147, 0.147, 0.147, 0.147, 0.147, 0.147, 0.147, 0.147, 0.147, 0.147, 0.147, 0.147, 0.147, 0.147, 0.147, 0.147, 0.147, 0.147, 0.147, 0.147, 0.147, 0.147, 0.147, 0.147, 0.147, 0.147, 0.147, 0.147, 0.147, 0.147, 0.147, 0.147, 0.147, 0.147, 0.147, 0.147, 0.147, 0.147, 0.147, 0.147, 0.147, 0.147, 0.147, 0.147, 0.147, 0.147, 0.147, 0.147, 0.147]","{""0"": 0.4846, ""1"": 0.0359, ""2"": 0.032, ""3"": 0.039, ""4"": 0.0625, ""5"": 0.2936, ""6"": 0.0262, ""7"": 0.2008}","[0.1111, 0.875, 0.125, 0.0, 0.0769, 0.0, 0.1111, 0.0, 0.0833, 1.0, 0.0, 0.4, 0.1111, 0.0, 0.0, 0.0, 0.0, 0.9091, 0.0, 0.0, 0.0, 0.0, 0.1111, 0.1111, 0.0, 0.625, 0.125, 0.0, 0.0, 0.0909, 0.0, 0.0, 0.0, 0.7, 0.0, 0.0, 0.1429, 0.1, 0.0, 0.0, 0.0769, 0.8, 0.1111, 0.0, 0.0, 0.0, 0.125, 0.0, 0.0, 0.875, 0.0, 0.0, 0.0, 0.0, 0.1111, 0.1111, 0.0, 0.8182, 0.0, 0.0, 0.0, 0.1429, 0.0, 0.0, 0.125, 0.625, 0.0, 0.0, 0.0, 0.0833, 0.0, 0.1429, 0.0, 0.5, 0.0, 0.0, 0.0, 0.0, 0.0, 0.0, 0.0, 0.0, 0.1111, 0.0, 0.0, 0.0, 0.0, 0.0, 0.0, 0.0, 0.1, 0.0, 0.0, 0.1429, 0.0, 0.0, 0.0, 0.0, 0.0, 0.1429, 0.0, 0.0, 0.0, 0.0, 0.0, 0.0, 0.0, 0.0, 0.2, 0.0, 0.125, 0.125, 0.0, 0.125, 0.0, 0.0, 0.0, 0.125, 0.0, 0.0909, 0.0, 0.0, 0.0, 0.0, 0.0, 0.1667, 0.0, 0.0, 0.5714, 0.0, 0.0, 0.0, 0.0, 0.0, 0.0, 0.0, 0.1667, 0.0, 0.0, 0.0, 0.0769, 0.0, 0.125, 0.0, 0.0, 0.2, 0.0, 0.0, 0.0, 0.25, 0.0, 0.0, 0.0, 0.0, 0.0, 0.1667, 0.0, 0.0, 0.0, 0.0, 0.0, 0.2, 0.0, 0.0, 0.0, 0.0, 0.875, 0.0, 0.6667, 0.1111, 0.0, 0.0, 0.0, 0.0, 0.8333, 0.0, 0.8333, 0.0, 0.0, 0.1429, 0.0, 0.0, 0.7143, 0.0, 0.8571, 0.0, 0.25, 0.0, 0.0, 0.0, 0.875, 0.0, 1.0, 0.0, 0.0, 0.0, 0.0, 0.1667, 0.6667, 0.0, 0.875, 0.6, 0.125, 0.0, 0.0, 0.0, 0.8, 0.125, 0.875, 0.7143, 0.0, 0.0, 0.0, 0.0909, 0.8571, 0.0, 0.8, 1.0, 0.0, 0.0, 0.0, 0.0, 1.0, 0.0, 0.0, 0.875, 0.0, 0.0, 0.1667, 0.1111, 0.6667, 0.1429, 0.1, 0.9, 0.0, 0.0, 0.1429, 0.8, 1.0, 0.0, 0.125, 0.9167, 0.1667, 0.0, 0.0, 0.0, 1.0, 0.0, 0.0, 1.0]"
broadcast,0.05,9,broadcast,0.12,0.12,0.12,-0.0,23,True,240,0,291,1469,0,"[0.0, 0.04, 0.045, 0.05, 0.0555, 0.0605, 0.0665, 0.0745, 0.0845, 0.092, 0.0945, 0.098, 0.103, 0.105, 0.1075, 0.109, 0.1105, 0.1125, 0.116, 0.1175, 0.119, 0.1195, 0.12, 0.12, 0.12, 0.12, 0.12, 0.12, 0.12, 0.12, 0.12, 0.12, 0.12, 0.12, 0.12, 0.12, 0.12, 0.12, 0.12, 0.12, 0.12, 0.12, 0.12, 0.12, 0.12, 0.12, 0.12, 0.12, 0.12, 0.12, 0.12, 0.12, 0.12, 0.12, 0.12, 0.12, 0.12, 0.12, 0.12, 0.12, 0.12, 0.12, 0.12, 0.12, 0.12, 0.12, 0.12, 0.12, 0.12, 0.12, 0.12, 0.12, 0.12, 0.12, 0.12, 0.12, 0.12, 0.12, 0.12, 0.12, 0.12, 0.12, 0.12, 0.12, 0.12, 0.12, 0.12, 0.12, 0.12, 0.12, 0.12, 0.12, 0.12, 0.12, 0.12, 0.12, 0.12, 0.12, 0.12, 0.12, 0.12]","{""0"": 0.484, ""1"": 0.031, ""2"": 0.0438, ""3"": 0.0586, ""4"": 0.1516, ""5"": 0.035, ""6"": 0.038, ""7"": 0.122}","[0.0, 0.0, 0.0, 0.1429, 0.0, 0.0, 0.1538, 0.0, 0.0, 0.0714, 0.1, 0.0, 0.125, 0.0, 0.0, 0.0, 0.0, 0.0, 0.0, 0.0, 0.0, 0.0, 0.0, 0.0, 0.0909, 0.0909, 0.0, 0.0, 0.0, 0.0625, 0.0, 0.2857, 0.0, 0.3333, 0.0, 0.2, 0.0, 0.1667, 0.0, 0.1429, 0.0, 1.0, 0.0, 0.0, 0.0, 0.0, 0.0, 0.0, 0.0, 0.6667, 0.0, 0.0, 0.0, 0.0, 0.0, 0.1667, 0.0, 0.7778, 0.0, 0.0, 0.0, 0.0, 0.1429, 0.0, 0.125, 1.0, 0.0, 0.0, 0.0, 0.125, 0.0, 0.0, 0.0, 0.2, 0.0, 0.0, 0.1667, 0.0, 0.1111, 0.0, 0.0, 0.0, 0.0, 0.1111, 0.0, 0.1111, 0.1, 0.0, 0.3333, 0.0, 0.1111, 0.0, 0.2857, 0.0, 0.0, 0.1667, 0.0, 0.0, 0.0, 0.0, 0.1818, 0.1667, 0.0, 0.0, 0.0, 0.125, 0.0, 0.1429, 0.0, 0.0, 0.0769, 0.0, 0.1429, 0.0, 0.0, 0.0, 0.125, 0.0, 0.0, 0.0, 0.4286, 0.0, 0.0, 0.0, 0.0, 0.0, 0.0, 0.0, 0.1667, 0.0, 0.0833, 0.0, 0.0, 0.0, 0.0, 0.0, 0.0, 0.0, 0.0, 0.1429, 0.1, 0.5714, 0.0, 0.1111, 0.0, 0.2, 0.1, 0.0, 0.0, 1.0, 0.0, 0.0, 0.0, 0.5, 0.0, 0.125, 0.1667, 0.5714, 0.0, 0.0, 0.0, 0.6667, 0.0, 0.0, 0.125, 1.0, 0.0, 0.0, 0.0, 1.0, 0.0833, 0.1, 0.0, 0.5, 0.1111, 0.1111, 0.0, 1.0, 0.1111, 0.0, 0.1667, 0.0, 0.0, 0.0, 0.0, 0.8333, 0.1, 0.0, 0.1429, 0.125, 0.0, 0.0, 0.0, 1.0, 0.0, 0.0, 0.0, 0.0, 0.0, 0.0, 0.0, 1.0, 0.0, 0.0, 0.0, 0.0, 0.0, 0.0, 0.0, 0.9091, 0.0, 0.0, 0.0, 0.0, 0.0, 0.0, 0.0, 1.0, 0.1, 0.1667, 0.0, 0.1429, 0.0, 0.2, 0.8333, 0.8, 0.0, 0.0, 0.0833, 0.0, 0.1, 0.125, 0.875, 1.0, 0.0, 0.25, 0.0, 0.0, 0.1, 0.0, 0.6364, 0.9091, 0.0, 0.0, 0.0, 0.125, 0.0, 0.0, 0.2, 0.5]"
broadcast,0.05,10,broadcast,0.2035,0.2035,0.2035,0.0,27,True,407,0,284,1309,0,"[0.0, 0.042, 0.049, 0.054, 0.0665, 0.0765, 0.084, 0.09, 0.097, 0.1055, 0.115, 0.1235, 0.1295, 0.1325, 0.1385, 0.145, 0.1505, 0.1535, 0.156, 0.159, 0.164, 0.1685, 0.176, 0.185, 0.1955, 0.2015, 0.2035, 0.2035, 0.2035, 0.2035, 0.2035, 0.2035, 0.2035, 0.2035, 0.2035, 0.2035, 0.2035, 0.2035, 0.2035, 0.2035, 0.2035, 0.2035, 0.2035, 0.2035, 0.2035, 0.2035, 0.2035, 0.2035, 0.2035, 0.2035, 0.2035, 0.2035, 0.2035, 0.2035, 0.2035, 0.2035, 0.2035, 0.2035, 0.2035, 0.2035, 0.2035, 0.2035, 0.2035, 0.2035, 0.2035, 0.2035, 0.2035, 0.2035, 0.2035, 0.2035, 0.2035, 0.2035, 0.2035, 0.2035, 0.2035, 0.2035, 0.2035, 0.2035, 0.2035, 0.2035, 0.2035, 0.2035, 0.2035, 0.2035, 0.2035, 0.2035, 0.2035, 0.2035, 0.2035, 0.2035, 0.2035, 0.2035, 0.2035, 0.2035, 0.2035, 0.2035, 0.2035, 0.2035, 0.2035, 0.2035, 0.2035]","{""0"": 0.043, ""1"": 0.2137, ""2"": 0.8196, ""3"": 0.0232, ""4"": 0.0325, ""5"": 0.0328, ""6"": 0.3947, ""7"": 0.0723}","[0.3333, 0.1667, 0.75, 1.0, 0.0, 0.0, 0.0, 1.0, 0.0, 0.0, 0.8, 1.0, 0.0, 0.2222, 0.0, 0.7778, 0.125, 0.3333, 0.5, 0.875, 0.0, 0.0833, 0.1667, 0.8571, 0.1429, 0.1667, 0.0, 1.0, 0.0, 0.0, 0.0, 1.0, 0.0833, 0.0, 0.2857, 1.0, 0.0, 0.0, 0.0, 0.0, 0.0, 0.0, 0.4, 1.0, 0.0, 0.0, 0.0, 0.0, 0.0, 0.1429, 0.0, 0.8571, 0.0, 0.0, 0.0, 0.0, 0.0, 0.0, 0.0, 0.6667, 0.0, 0.0, 0.0, 0.0, 0.0, 0.0, 0.0, 1.0, 0.0, 0.0, 0.0, 0.0, 0.2727, 0.0909, 0.2, 0.8571, 0.0, 0.0, 0.0, 0.0, 0.0, 0.0, 0.0, 1.0, 0.2, 0.0, 0.0, 0.0, 0.0, 0.0, 0.0, 0.6, 0.0, 0.0, 0.0, 0.0, 0.0, 0.0, 0.1, 0.8333, 0.0, 0.0, 0.0, 0.0, 0.6667, 0.0, 0.0, 1.0, 0.0, 0.0, 0.0, 0.0, 0.2, 0.0667, 0.1111, 0.7143, 0.0, 0.25, 0.0909, 0.0, 0.1667, 0.1667, 0.125, 0.8571, 0.0, 0.0, 0.0, 0.0, 0.0, 0.0, 0.0, 1.0, 0.0, 0.0, 0.0, 0.0, 0.0, 0.0909, 0.0, 0.8333, 0.0, 0.0, 0.5, 0.1429, 0.1429, 0.0, 0.0, 0.8571, 0.3333, 0.0, 0.0, 0.0, 0.0, 0.0, 0.0, 0.8333, 0.0, 0.0, 0.0, 0.125, 0.0, 0.1, 0.0, 0.8, 0.0, 0.0, 0.0909, 0.4, 0.0, 0.0, 0.0, 0.125, 0.0, 0.1429, 0.0, 0.0, 0.0, 0.0, 0.125, 0.0, 0.1429, 0.0, 0.0, 0.6667, 0.0, 0.0, 0.0, 0.7273, 0.0, 0.0, 0.0, 1.0, 0.0, 0.0, 0.0, 0.8571, 0.0, 0.1429, 0.0, 0.8889, 0.0, 0.0909, 0.0769, 1.0, 0.0, 0.0, 0.1667, 0.8571, 0.0909, 0.0, 0.0769, 0.8333, 0.0, 0.1429, 0.1, 0.9091, 0.0, 0.0, 0.8889, 1.0, 0.0, 0.1, 0.0, 0.5714, 0.1667, 0.0, 1.0, 0.8333, 0.1, 0.0, 0.0, 1.0, 0.0, 0.0, 1.0, 1.0, 0.0, 0.0, 0.1429, 0.8889, 0.1111, 0.0, 1.0, 0.8571, 0.1429, 0.0, 0.0, 0.6667, 0.1667, 0.0]"
broadcast,0.05,11,broadcast,0.182,0.182,0.182,0.0,30,True,364,0,310,1326,0,"[0.0, 0.0445, 0.0525, 0.061, 0.071, 0.0835, 0.093, 0.1005, 0.109, 0.1175, 0.126, 0.1385, 0.145, 0.148, 0.1525, 0.156, 0.1605, 0.164, 0.168, 0.1695, 0.1705, 0.172, 0.175, 0.1765, 0.177, 0.1775, 0.179, 0.1805, 0.1815, 0.182, 0.182, 0.182, 0.182, 0.182, 0.182, 0.182, 0.182, 0.182, 0.182, 0.182, 0.182, 0.182, 0.182, 0.182, 0.182, 0.182, 0.182, 0.182, 0.182, 0.182, 0.182, 0.182, 0.182, 0.182, 0.182, 0.182, 0.182, 0.182, 0.182, 0.182, 0.182, 0.182, 0.182, 0.182, 0.182, 0.182, 0.182, 0.182, 0.182, 0.182, 0.182, 0.182, 0.182, 0.182, 0.182, 0.182, 0.182, 0.182, 0.182, 0.182, 0.182, 0.182, 0.182, 0.182, 0.182, 0.182, 0.182, 0.182, 0.182, 0.182, 0.182, 0.182, 0.182, 0.182, 0.182, 0.182, 0.182, 0.182, 0.182, 0.182, 0.182]","{""0"": 0.0363, ""1"": 0.2697, ""2"": 0.3253, ""3"": 0.0667, ""4"": 0.062, ""5"": 0.0943, ""6"": 0.049, ""7"": 0.5761}","[0.2222, 0.0, 0.0, 0.0, 0.0909, 0.0714, 0.0, 0.0, 0.0909, 0.1111, 0.8333, 0.0, 0.0833, 0.0, 0.0, 0.0, 0.0, 0.0, 0.8182, 0.1, 0.0, 0.0, 0.0, 0.1111, 0.1429, 0.0, 0.9167, 0.0, 0.0, 0.2, 0.0, 0.1, 0.7, 0.1429, 1.0, 0.0, 0.0, 0.1, 0.0, 0.0, 0.8571, 0.0, 1.0, 0.0, 0.0, 0.0, 0.0, 0.0, 0.875, 0.0, 0.8889, 0.0, 0.0, 0.1111, 0.125, 0.0909, 0.1111, 0.0, 1.0, 0.0, 0.0, 0.0, 0.0, 0.0, 0.0, 0.0, 0.8, 0.0, 0.0, 0.0, 0.25, 0.0, 0.0769, 0.0, 0.8333, 0.1429, 0.0833, 0.0, 0.0, 0.1429, 0.0, 0.1, 0.0, 0.0, 0.0, 0.0, 0.0, 0.0, 0.75, 0.0, 0.0, 0.0, 0.0, 0.0, 0.0, 0.0, 0.7143, 0.0, 0.0, 0.3333, 0.0, 0.0, 0.1667, 0.0, 0.6364, 0.0, 0.0, 0.7333, 0.0, 0.0, 0.0, 0.0, 0.9, 0.1111, 0.0833, 1.0, 0.0, 0.1667, 0.0, 0.0, 1.0, 0.1667, 0.0, 0.8, 0.0, 0.0, 0.0, 0.0, 0.9091, 0.0, 0.0, 0.625, 0.125, 0.0, 0.1667, 0.3333, 0.5556, 0.0, 0.1111, 0.8333, 0.0, 0.0, 0.6667, 0.125, 0.875, 0.0909, 0.0, 0.8333, 0.1667, 0.0, 0.7143, 0.0, 0.9167, 0.0769, 0.0, 0.8571, 0.0, 0.0, 0.7143, 0.0, 1.0, 0.0, 0.0, 1.0, 0.0, 0.0, 0.0, 0.125, 1.0, 0.0, 0.0, 1.0, 0.0, 0.5, 0.0, 0.2, 0.8333, 0.0, 0.2, 1.0, 0.0, 0.0, 0.0, 0.0, 0.8571, 0.0, 0.0, 1.0, 0.4286, 0.1333, 0.0, 0.0, 0.8571, 0.0, 0.0, 0.6, 0.7778, 0.2222, 0.2, 0.1429, 0.75, 0.0, 0.0, 0.0, 0.0, 0.0, 0.0, 0.0, 0.8571, 0.125, 0.0, 0.0, 0.0, 0.0, 0.2, 0.1, 1.0, 0.0, 0.0, 0.2222, 0.0, 0.0, 0.1429, 0.0, 0.8, 0.0, 0.1, 0.0, 0.1, 0.0, 0.0, 0.1, 0.125, 0.0, 0.0, 0.0, 0.0, 0.1, 0.125, 0.0, 0.0, 0.25, 0.0, 0.125, 0.0, 0.2857, 0.125, 0.0, 0.1, 0.0]"
random,0.0,0,random,0.408,0.408,0.408,-0.0,39,True,816,0,287,897,0,"[0.05, 0.0685, 0.089, 0.107, 0.128, 0.147, 0.1625, 0.177, 0.1925, 0.2085, 0.226, 0.243, 0.256, 0.2675, 0.2745, 0.279, 0.284, 0.289, 0.293, 0.2965, 0.302, 0.3065, 0.31, 0.3145, 0.3185, 0.329, 0.34, 0.358, 0.3695, 0.3805, 0.382, 0.385, 0.391, 0.397, 0.403, 0.406, 0.4065, 0.4075, 0.408, 0.408, 0.408, 0.408, 0.408, 0.408, 0.408, 0.408, 0.408, 0.408, 0.408, 0.408, 0.408, 0.408, 0.408, 0.408, 0.408, 0.408, 0.408, 0.408, 0.408, 0.408, 0.408, 0.408, 0.408, 0.408, 0.408, 0.408, 0.408, 0.408, 0.408, 0.408, 0.408, 0.408, 0.408, 0.408, 0.408, 0.408, 0.408, 0.408, 0.408, 0.408, 0.408, 0.408, 0.408, 0.408, 0.408, 0.408, 0.408, 0.408, 0.408, 0.408, 0.408, 0.408, 0.408, 0.408, 0.408, 0.408, 0.408, 0.408, 0.408, 0.408, 0.408]","{""0"": 0.8192, ""1"": 0.5649, ""2"": 0.0266, ""3"": 0.7938, ""4"": 0.0234, ""5"": 0.1595, ""6"": 0.046, ""7"": 0.8684}","[0.5556, 0.6667, 1.0, 0.0, 1.0, 0.0, 0.1, 0.0, 1.0, 0.7692, 0.875, 0.1429, 0.0, 0.0, 0.0, 0.1429, 0.7, 0.8889, 0.875, 0.0, 0.1667, 0.0, 0.1667, 0.0, 1.0, 0.9, 0.875, 0.0, 0.6667, 0.0, 0.3333, 0.0, 1.0, 0.8889, 1.0, 0.0, 1.0, 0.0, 0.2222, 0.0, 1.0, 0.5, 0.8333, 0.0, 0.6667, 0.0, 0.1111, 0.0, 1.0, 0.8889, 0.9167, 0.0, 0.8333, 0.0, 0.0, 0.0, 0.8889, 0.7778, 0.875, 0.0, 0.8889, 0.0, 0.0, 0.0, 1.0, 1.0, 1.0, 0.0, 0.6667, 0.1, 0.1111, 0.2, 0.9, 0.75, 1.0, 0.0, 0.7778, 0.0, 0.0833, 0.0, 0.875, 1.0, 0.0, 0.0, 0.8889, 0.0, 0.0, 0.0, 0.8333, 0.5455, 0.0, 0.0, 0.6667, 0.0, 0.0, 0.0, 0.5556, 1.0, 0.0, 0.0, 1.0, 0.0, 0.6667, 0.25, 1.0, 0.7143, 0.1111, 0.1429, 1.0, 0.0, 1.0, 0.0, 1.0, 0.75, 0.125, 0.0909, 1.0, 0.0, 1.0, 0.0, 0.8571, 0.5455, 0.0, 0.0, 0.8333, 0.0909, 0.6667, 0.0, 1.0, 0.7143, 0.0, 0.0, 0.875, 0.0, 0.0, 0.0, 0.8889, 1.0, 0.0, 0.0, 1.0, 0.0, 0.2, 0.0, 0.5714, 0.9091, 0.0, 0.0, 1.0, 0.0, 0.0, 0.0, 0.75, 0.7, 0.0, 0.0, 1.0, 0.0, 0.3333, 0.0, 0.8333, 1.0, 0.1429, 0.125, 0.9091, 0.0, 0.0, 0.0, 1.0, 0.875, 0.1429, 0.0, 0.8333, 0.0, 0.0, 0.25, 0.8333, 0.7778, 0.875, 0.0, 0.9091, 0.0, 0.0, 0.1, 1.0, 1.0, 1.0, 0.1667, 1.0, 0.0, 0.0, 0.0, 1.0, 0.8571, 0.8571, 0.0, 0.8, 0.2, 0.0, 0.0, 0.9167, 1.0, 0.6667, 0.0, 0.7778, 0.0, 0.0, 0.2, 1.0, 1.0, 0.8571, 0.0833, 0.8571, 0.0, 0.1111, 0.1429, 0.8333, 0.75, 0.8333, 0.0, 0.8571, 0.0, 0.0, 0.1, 1.0, 1.0, 0.7778, 0.0909, 1.0, 0.125, 0.0, 0.25, 0.5, 0.7, 0.8462, 0.0, 0.8333, 0.25, 0.1667, 0.0, 0.8889, 1.0, 0.7778, 0.0, 0.8333, 0.0, 0.1, 0.0, 0.5556, 0.75]"
random,0.0,1,random,0.443,0.443,0.443,0.0,32,True,886,0,252,862,0,"[0.05, 0.0655, 0.083, 0.1045, 0.1245, 0.1465, 0.1665, 0.189, 0.2065, 0.2295, 0.2495, 0.2685, 0.2845, 0.3035, 0.3145, 0.3235, 0.336, 0.3455, 0.357, 0.3665, 0.377, 0.3845, 0.3925, 0.402, 0.4095, 0.415, 0.4215, 0.4265, 0.4315, 0.4355, 0.439, 0.443, 0.443, 0.443, 0.443, 0.443, 0.443, 0.443, 0.443, 0.443, 0.443, 0.443, 0.443, 0.443, 0.443, 0.443, 0.443, 0.443, 0.443, 0.443, 0.443, 0.443, 0.443, 0.443, 0.443, 0.443, 0.443, 0.443, 0.443, 0.443, 0.443, 0.443, 0.443, 0.443, 0.443, 0.443, 0.443, 0.443, 0.443, 0.443, 0.443, 0.443, 0.443, 0.443, 0.443, 0.443, 0.443, 0.443, 0.443, 0.443, 0.443, 0.443, 0.443, 0.443, 0.443, 0.443, 0.443, 0.443, 0.443, 0.443, 0.443, 0.443, 0.443, 0.443, 0.443, 0.443, 0.443, 0.443, 0.443, 0.443, 0.443]","{""0"": 0.8966, ""1"": 0.0502, ""2"": 0.104, ""3"": 0.0535, ""4"": 0.7131, ""5"": 0.843, ""6"": 0.8458, ""7"": 0.0514}","[0.4444, 0.8182, 0.0, 0.0, 0.0, 0.8889, 0.875, 1.0, 0.0, 1.0, 0.0, 0.4444, 0.0, 0.8571, 0.6, 1.0, 0.0833, 0.8667, 0.0, 1.0, 0.1111, 0.875, 0.875, 0.8, 0.3333, 1.0, 0.25, 0.8, 0.0, 0.8571, 0.8, 0.875, 0.0, 0.8889, 0.0, 0.0, 0.0, 0.9091, 1.0, 0.625, 0.0, 1.0, 0.0, 0.0, 0.0, 0.9, 1.0, 0.8889, 0.0, 1.0, 0.1667, 0.0, 0.0, 1.0, 1.0, 1.0, 0.0, 1.0, 0.0, 0.0, 0.0, 0.8182, 0.75, 0.9, 0.1429, 0.8333, 0.2222, 0.0, 0.0, 1.0, 0.8889, 0.8571, 0.0, 1.0, 0.0833, 0.0, 0.0, 1.0, 0.9091, 1.0, 0.0, 0.9333, 0.3333, 0.0909, 0.0, 0.8333, 0.9091, 0.8, 0.0, 0.8571, 0.0909, 0.0, 0.1, 0.8333, 0.5556, 0.8333, 0.125, 0.875, 0.0, 0.0, 0.0, 1.0, 0.5714, 1.0, 0.0, 0.875, 0.0, 0.0, 0.0, 0.875, 0.875, 0.7857, 0.0, 0.75, 0.0, 0.1667, 0.0, 0.8571, 0.7, 0.7778, 0.0, 0.7143, 0.1, 0.0, 0.0, 1.0, 1.0, 1.0, 0.2, 1.0, 0.0, 0.1667, 0.0, 1.0, 0.7143, 0.5833, 0.0, 0.8, 0.0, 0.0833, 0.0, 0.8889, 0.9167, 0.8571, 0.0, 0.9, 0.0, 0.1429, 0.0, 0.75, 0.5, 1.0, 0.1, 0.875, 0.0, 0.0, 0.0, 1.0, 1.0, 0.5714, 0.0, 1.0, 0.0, 0.0, 0.125, 0.5556, 0.8, 1.0, 0.1667, 1.0, 0.0, 0.0, 0.0, 0.0, 0.8889, 0.5, 0.0, 0.75, 0.0, 0.2222, 0.0, 0.0, 0.6667, 1.0, 0.1429, 1.0, 0.0, 0.0, 0.0, 0.0, 1.0, 0.8571, 0.125, 1.0, 0.2222, 0.0, 0.0, 0.0, 1.0, 1.0, 0.1429, 0.7778, 0.0, 0.0, 0.0, 0.0, 0.8889, 0.8333, 0.0, 0.7778, 0.0909, 0.1429, 0.0, 0.0909, 1.0, 0.5, 0.0, 0.8571, 0.1, 0.0, 0.25, 0.8889, 0.8, 0.8182, 0.1111, 1.0, 0.0, 0.0, 0.6667, 1.0, 1.0, 0.7143, 0.0909, 1.0, 0.0, 0.0, 0.0, 1.0, 0.6667, 1.0, 0.0, 1.0, 0.0, 0.0, 0.0, 1.0, 0.875, 0.8571, 0.0, 0.875]"
random,0.0,2,random,0.321,0.321,0.321,-0.0,39,True,642,0,267,1091,0,"[0.05, 0.058, 0.067, 0.075, 0.0825, 0.086, 0.089, 0.0945, 0.1025, 0.1055, 0.108, 0.1125, 0.1195, 0.1285, 0.1375, 0.143, 0.1525, 0.16, 0.1635, 0.1675, 0.171, 0.178, 0.185, 0.191, 0.199, 0.21, 0.218, 0.2285, 0.236, 0.2435, 0.253, 0.26, 0.266, 0.2735, 0.287, 0.3035, 0.3135, 0.318, 0.321, 0.321, 0.321, 0.321, 0.321, 0.321, 0.321, 0.321, 0.321, 0.321, 0.321, 0.321, 0.321, 0.321, 0.321, 0.321, 0.321, 0.321, 0.321, 0.321, 0.321, 0.321, 0.321, 0.321, 0.321, 0.321, 0.321, 0.321, 0.321, 0.321, 0.321, 0.321, 0.321, 0.321, 0.321, 0.321, 0.321, 0.321, 0.321, 0.321, 0.321, 0.321, 0.321, 0.321, 0.321, 0.321, 0.321, 0.321, 0.321, 0.321, 0.321, 0.321, 0.321, 0.321, 0.321, 0.321, 0.321, 0.321, 0.321, 0.321, 0.321, 0.321, 0.321]","{""0"": 0.4748, ""1"": 0.9013, ""2"": 0.2344, ""3"": 0.7295, ""4"": 0.0289, ""5"": 0.1165, ""6"": 0.0456, ""7"": 0.0598}","[0.1111, 0.875, 0.8889, 0.75, 0.8571, 0.1, 0.0, 0.0, 0.0, 0.5714, 0.8, 0.8333, 0.5714, 0.0, 0.2, 0.0, 0.2, 0.1667, 0.8333, 1.0, 1.0, 0.0, 0.1667, 0.0, 0.2857, 0.0, 1.0, 0.875, 1.0, 0.0, 0.0, 0.1, 0.0, 0.0, 1.0, 0.2222, 0.625, 0.0, 0.0, 0.0, 0.0, 0.1, 0.8889, 0.25, 1.0, 0.0, 0.1667, 0.1111, 0.125, 0.0, 0.9, 0.0, 1.0, 0.0, 0.0, 0.0, 0.0, 0.0, 1.0, 0.0, 1.0, 0.0, 0.0, 0.0909, 0.0, 0.1429, 0.8571, 0.0, 1.0, 0.0, 0.1, 0.0, 0.0, 0.1, 1.0, 0.1667, 0.7, 0.0, 0.0, 0.0, 0.2, 0.0, 1.0, 0.0, 0.7, 0.0, 0.0, 0.0, 0.0, 0.125, 0.9231, 0.0, 0.1429, 0.0, 0.0, 0.0, 0.0, 0.1429, 0.625, 0.0, 0.125, 0.1429, 0.0, 0.0, 0.0, 0.0714, 0.9, 0.0, 0.0, 0.1667, 0.0, 0.0, 0.0, 0.1, 0.875, 0.0, 0.0, 0.0, 0.75, 0.0, 0.0833, 0.0, 0.8571, 0.0, 0.125, 0.0, 0.8889, 0.0, 0.0, 0.0833, 0.8333, 0.1, 0.6667, 0.0, 1.0, 0.0, 0.0833, 0.0, 0.7143, 0.0, 0.8571, 0.1111, 0.0, 0.7143, 0.0, 0.0, 0.9167, 0.0, 1.0, 0.0, 0.0, 0.0, 0.0, 0.375, 1.0, 0.0, 0.8889, 0.0, 0.0, 0.0, 0.0, 0.8571, 1.0, 0.0, 0.8333, 0.1111, 0.0, 0.0, 0.4286, 0.9, 0.9091, 0.0, 1.0, 0.0, 0.125, 0.125, 0.1429, 1.0, 1.0, 0.1818, 0.8571, 0.0, 0.25, 0.0, 0.0, 0.8182, 1.0, 0.0, 0.8571, 0.0, 0.0, 0.0, 0.1111, 0.9231, 0.8571, 0.0, 0.625, 0.0, 0.0, 0.1429, 0.0, 0.8182, 1.0, 0.1111, 0.625, 0.125, 0.1111, 0.0, 0.0, 1.0, 0.8, 0.0, 1.0, 0.0, 0.0, 0.25, 0.0, 1.0, 1.0, 0.0, 0.8182, 0.0, 0.0, 0.0, 0.1111, 0.8462, 0.8571, 1.0, 0.875, 0.0, 0.0, 0.0, 0.0, 1.0, 0.8333, 0.9091, 1.0, 0.125, 0.1429, 0.0, 0.0, 1.0, 0.875, 0.9, 0.7778, 0.0, 0.1667, 0.1, 0.1, 0.9231]"
random,0.0,3,random,0.357,0.357,0.357,-0.0,40,True,714,0,286,1000,0,"[0.05, 0.0615, 0.0725, 0.087, 0.103, 0.125, 0.145, 0.1615, 0.1805, 0.198, 0.213, 0.226, 0.235, 0.2425, 0.2485, 0.2545, 0.262, 0.27, 0.278, 0.2845, 0.291, 0.2955, 0.2985, 0.303, 0.3055, 0.308, 0.313, 0.3165, 0.3225, 0.329, 0.3365, 0.341, 0.343, 0.344, 0.3455, 0.3475, 0.349, 0.352, 0.355, 0.357, 0.357, 0.357, 0.357, 0.357, 0.357, 0.357, 0.357, 0.357, 0.357, 0.357, 0.357, 0.357, 0.357, 0.357, 0.357, 0.357, 0.357, 0.357, 0.357, 0.357, 0.357, 0.357, 0.357, 0.357, 0.357, 0.357, 0.357, 0.357, 0.357, 0.357, 0.357, 0.357, 0.357, 0.357, 0.357, 0.357, 0.357, 0.357, 0.357, 0.357, 0.357, 0.357, 0.357, 0.357, 0.357, 0.357, 0.357, 0.357, 0.357, 0.357, 0.357, 0.357, 0.357, 0.357, 0.357, 0.357, 0.357, 0.357, 0.357, 0.357, 0.357]","{""0"": 0.4642, ""1"": 0.0693, ""2"": 0.7148, ""3"": 0.0438, ""4"": 0.213, ""5"": 0.2302, ""6"": 0.2264, ""7"": 0.8594}","[0.1111, 0.0, 0.1111, 0.4444, 0.0, 1.0, 0.0, 0.0, 0.9091, 0.0, 0.0, 0.0, 0.0, 0.7778, 0.0, 0.0, 1.0, 0.0, 0.0, 0.0, 0.1, 0.7778, 0.0, 0.0, 0.8571, 0.0, 0.2, 0.0, 0.0, 1.0, 0.1429, 0.0, 0.8889, 0.0, 0.0, 0.0, 0.0, 0.6, 0.0, 0.0, 0.9091, 0.9167, 0.2, 0.0, 0.1429, 0.0, 1.0, 0.0, 0.875, 0.8182, 0.0, 0.6, 0.0, 0.0, 1.0, 0.1818, 0.5714, 1.0, 0.0, 1.0, 0.125, 0.0, 0.6364, 0.0909, 0.8571, 0.8889, 0.0, 1.0, 0.2857, 0.0, 1.0, 0.6667, 0.7778, 1.0, 0.0, 0.7778, 0.2222, 0.0, 0.7273, 0.625, 1.0, 1.0, 0.0, 0.625, 0.0, 0.2, 1.0, 0.8571, 0.7778, 0.8571, 0.0, 1.0, 0.0, 0.0, 1.0, 1.0, 0.875, 0.8333, 0.1667, 1.0, 0.0, 0.0, 0.1, 0.8571, 0.625, 1.0, 0.0, 0.8182, 0.0, 0.0, 0.0, 0.875, 0.8333, 0.75, 0.0, 0.8571, 0.0, 0.0, 0.1, 0.0, 1.0, 0.75, 0.0, 1.0, 0.0, 0.0, 0.0, 0.0, 1.0, 1.0, 0.1429, 1.0, 0.125, 1.0, 0.0, 0.1111, 0.875, 0.7143, 0.0, 0.75, 0.125, 0.8571, 0.0, 0.25, 0.7143, 0.8182, 0.0, 1.0, 0.0, 0.0, 0.0, 0.1111, 1.0, 1.0, 0.1111, 0.75, 0.125, 0.0, 0.0, 0.0, 0.5714, 0.4286, 0.25, 0.7778, 0.0, 0.0, 0.0, 0.0, 1.0, 0.0, 0.7143, 0.8333, 0.0, 0.0, 0.0, 0.0, 0.9091, 0.0, 0.1, 1.0, 0.0, 0.2, 0.0, 0.0, 0.8889, 0.1111, 0.0, 0.9, 0.0, 0.0, 0.0, 0.25, 1.0, 0.1111, 0.1, 1.0, 0.0, 0.4286, 0.0, 0.0, 0.8889, 0.0, 0.0, 0.875, 0.1667, 0.0, 0.0909, 0.1, 0.8, 0.0, 0.0, 0.8, 0.0, 0.0, 0.25, 0.125, 1.0, 0.0667, 0.0, 1.0, 0.0, 0.0, 0.0, 0.1429, 0.75, 0.0, 0.0, 0.75, 0.0, 0.0, 0.0, 0.0, 0.75, 0.0, 0.0, 1.0, 0.0, 0.0, 0.0, 0.2222, 1.0, 0.0, 0.1111, 0.7143, 0.0, 0.6, 0.0, 0.6667, 0.8889, 0.1429]"
random,0.0,4,random,0.439,0.439,0.439,0.0,28,True,878,0,286,836,0,"[0.05, 0.0635, 0.076, 0.098, 0.1165, 0.1385, 0.161, 0.1835, 0.2055, 0.2345, 0.26, 0.285, 0.3075, 0.3225, 0.338, 0.3575, 0.3735, 0.389, 0.401, 0.4085, 0.4185, 0.424, 0.428, 0.4305, 0.4345, 0.4355, 0.4375, 0.439, 0.439, 0.439, 0.439, 0.439, 0.439, 0.439, 0.439, 0.439, 0.439, 0.439, 0.439, 0.439, 0.439, 0.439, 0.439, 0.439, 0.439, 0.439, 0.439, 0.439, 0.439, 0.439, 0.439, 0.439, 0.439, 0.439, 0.439, 0.439, 0.439, 0.439, 0.439, 0.439, 0.439, 0.439, 0.439, 0.439, 0.439, 0.439, 0.439, 0.439, 0.439, 0.439, 0.439, 0.439, 0.439, 0.439, 0.439, 0.439, 0.439, 0.439, 0.439, 0.439, 0.439, 0.439, 0.439, 0.439, 0.439, 0.439, 0.439, 0.439, 0.439, 0.439, 0.439, 0.439, 0.439, 0.439, 0.439, 0.439, 0.439, 0.439, 0.439, 0.439, 0.439]","{""0"": 0.3144, ""1"": 0.0502, ""2"": 0.5525, ""3"": 0.6885, ""4"": 0.135, ""5"": 0.8735, ""6"": 0.0506, ""7"": 0.8417}","[0.5556, 1.0, 0.0, 0.9, 0.8889, 0.0, 0.5, 0.1, 0.5714, 0.8571, 0.0, 1.0, 0.8333, 0.1818, 0.9, 0.0, 0.5, 0.8333, 0.0, 1.0, 1.0, 0.3333, 0.75, 0.125, 0.75, 0.7778, 0.0, 0.7778, 1.0, 1.0, 0.875, 0.0, 0.8889, 1.0, 0.0, 1.0, 1.0, 0.875, 0.6, 0.0, 0.8571, 0.8462, 0.0, 0.9091, 1.0, 1.0, 1.0, 0.0, 0.8182, 0.7143, 0.0, 0.875, 1.0, 1.0, 1.0, 0.0, 1.0, 0.1667, 0.0, 0.7143, 1.0, 0.0909, 0.75, 0.25, 0.7778, 0.0, 0.0, 1.0, 0.8571, 0.2222, 1.0, 0.0, 0.8571, 0.0, 0.1429, 0.5714, 0.7778, 0.0, 1.0, 0.0, 0.9, 0.0, 0.1111, 0.8571, 1.0, 0.0, 0.9, 0.0, 0.5714, 0.0, 0.1667, 0.7143, 1.0, 0.0, 0.9, 0.0833, 1.0, 0.0, 0.1111, 0.0, 1.0, 0.1, 0.8571, 0.0, 0.75, 0.2, 0.0909, 0.125, 0.8182, 0.0, 0.8, 0.1111, 0.75, 0.3333, 0.4286, 0.0909, 0.7143, 0.0, 0.875, 0.0, 0.8571, 0.1429, 0.0, 0.0, 0.8, 0.0, 1.0, 0.0, 0.6, 0.0, 0.0, 0.2857, 0.0, 0.0, 0.8, 0.2, 0.7273, 0.0909, 0.4286, 0.0, 0.0, 0.0, 0.8333, 0.0, 1.0, 0.125, 0.0, 0.0, 0.1111, 0.1, 0.7778, 0.1111, 1.0, 0.0, 0.0833, 0.0, 0.0, 0.0, 0.9286, 0.125, 1.0, 0.0, 0.0, 0.1667, 0.0833, 0.0, 0.8333, 0.0, 0.9167, 0.0, 0.0, 0.0, 0.1667, 0.2857, 0.8333, 0.0, 1.0, 0.0, 0.0, 0.0, 0.8571, 0.0, 0.875, 0.0, 0.6667, 0.1111, 0.0, 0.25, 1.0, 0.0, 1.0, 0.0, 1.0, 0.0, 0.0, 0.8571, 0.6, 0.0, 1.0, 0.1667, 0.6667, 0.1429, 0.1429, 0.7778, 0.8182, 0.1429, 0.6667, 0.0, 0.8333, 0.125, 0.0, 0.875, 0.7143, 0.0, 0.8333, 0.0, 1.0, 0.0, 0.0, 1.0, 0.8889, 0.0769, 0.8571, 0.0769, 0.9091, 0.25, 0.0, 0.8333, 0.9091, 0.0, 1.0, 0.2, 0.8889, 1.0, 0.0, 0.9, 0.8889, 0.0, 1.0, 0.0, 1.0, 0.8889, 0.0, 0.8889, 1.0, 0.0, 1.0, 0.1429, 0.8571, 0.6667]"
random,0.0,5,random,0.479,0.479,0.479,0.0,37,True,958,0,287,755,0,"[0.05, 0.0635, 0.079, 0.096, 0.1205, 0.1455, 0.173, 0.1985, 0.2275, 0.2565, 0.278, 0.301, 0.3195, 0.337, 0.357, 0.3775, 0.397, 0.4135, 0.4295, 0.443, 0.447, 0.4485, 0.4505, 0.455, 0.459, 0.461, 0.4635, 0.466, 0.4675, 0.468, 0.4685, 0.4695, 0.4705, 0.472, 0.4745, 0.4775, 0.479, 0.479, 0.479, 0.479, 0.479, 0.479, 0.479, 0.479, 0.479, 0.479, 0.479, 0.479, 0.479, 0.479, 0.479, 0.479, 0.479, 0.479, 0.479, 0.479, 0.479, 0.479, 0.479, 0.479, 0.479, 0.479, 0.479, 0.479, 0.479, 0.479, 0.479, 0.479, 0.479, 0.479, 0.479, 0.479, 0.479, 0.479, 0.479, 0.479, 0.479, 0.479, 0.479, 0.479, 0.479, 0.479, 0.479, 0.479, 0.479, 0.479, 0.479, 0.479, 0.479, 0.479, 0.479, 0.479, 0.479, 0.479, 0.479, 0.479, 0.479, 0.479, 0.479, 0.479, 0.479]","{""0"": 0.0467, ""1"": 0.8607, ""2"": 0.8023, ""3"": 0.5595, ""4"": 0.7654, ""5"": 0.4038, ""6"": 0.3494, ""7"": 0.0381}","[0.6667, 0.0, 1.0, 0.8571, 1.0, 0.8571, 0.0, 0.0, 0.0, 0.125, 0.8571, 0.6667, 1.0, 0.25, 0.0, 0.0, 0.2, 0.0, 0.8182, 0.875, 1.0, 0.0, 0.2, 0.25, 0.0, 0.0833, 1.0, 1.0, 0.75, 0.0, 0.1111, 0.0, 0.125, 0.0, 0.5, 0.7, 1.0, 1.0, 0.2222, 0.0, 0.0833, 0.1429, 0.75, 0.8571, 0.8889, 1.0, 0.1111, 0.0, 0.1667, 0.0, 0.9091, 0.5556, 1.0, 0.8571, 0.0833, 0.0, 0.0, 0.1667, 0.8333, 0.875, 0.7778, 0.875, 0.0769, 0.0, 0.125, 0.0, 0.8571, 0.875, 0.8125, 0.7778, 0.0, 0.0, 0.0, 0.0, 0.875, 1.0, 0.3, 1.0, 0.0, 0.4, 0.0, 0.0, 0.8333, 1.0, 0.0, 0.875, 0.0, 0.7143, 0.0, 0.0, 1.0, 0.8571, 0.0, 0.8, 0.75, 1.0, 0.0, 0.0, 0.8182, 0.7778, 0.0, 1.0, 0.8571, 0.875, 0.0, 0.0, 0.8571, 0.0, 1.0, 0.875, 1.0, 1.0, 0.2, 0.0, 0.9167, 0.0, 0.8333, 0.6667, 0.8333, 1.0, 0.0833, 0.0, 0.9333, 1.0, 0.0, 0.6, 0.9091, 0.9, 0.0, 0.0, 0.9, 1.0, 0.0, 0.875, 1.0, 1.0, 0.0, 0.2857, 0.8571, 1.0, 0.0, 0.8571, 0.875, 0.8462, 0.0, 0.2222, 0.7778, 0.8182, 0.1, 1.0, 1.0, 1.0, 0.0, 0.0, 0.8571, 1.0, 0.1, 0.875, 0.5714, 1.0, 0.0, 0.0, 1.0, 0.8571, 0.1, 0.6667, 1.0, 0.8889, 0.0, 0.0, 0.8333, 1.0, 0.0, 0.8333, 0.8333, 0.0, 0.1667, 0.0, 0.7143, 0.875, 0.2, 0.7143, 0.8889, 0.0, 0.0, 0.0, 0.8, 0.5, 0.3333, 1.0, 1.0, 0.2, 0.0, 0.1111, 0.8, 1.0, 1.0, 1.0, 1.0, 0.0, 0.0, 0.2222, 1.0, 0.9231, 0.875, 0.8, 0.2, 0.0, 0.0, 0.0, 1.0, 0.75, 1.0, 1.0, 0.0, 0.0, 0.0, 0.0, 0.75, 1.0, 1.0, 0.8, 0.0, 0.0, 0.0, 0.2, 0.8571, 1.0, 0.8571, 0.5, 0.0, 0.0, 0.0, 0.0, 0.8571, 0.8571, 1.0, 0.875, 0.0909, 0.0, 0.0, 0.0, 0.875, 0.8182, 1.0, 0.75, 0.0, 0.0, 0.0, 0.0]"
random,0.0,6,random,0.4155,0.4155,0.4155,0.0,40,True,831,0,260,909,0,"[0.05, 0.0615, 0.0725, 0.0895, 0.1015, 0.1115, 0.126, 0.141, 0.1535, 0.163, 0.175, 0.1925, 0.206, 0.217, 0.224, 0.2375, 0.2555, 0.277, 0.294, 0.302, 0.311, 0.3195, 0.326, 0.3345, 0.343, 0.3535, 0.36, 0.3645, 0.37, 0.3755, 0.3845, 0.393, 0.402, 0.4065, 0.408, 0.4085, 0.41, 0.412, 0.4135, 0.4155, 0.4155, 0.4155, 0.4155, 0.4155, 0.4155, 0.4155, 0.4155, 0.4155, 0.4155, 0.4155, 0.4155, 0.4155, 0.4155, 0.4155, 0.4155, 0.4155, 0.4155, 0.4155, 0.4155, 0.4155, 0.4155, 0.4155, 0.4155, 0.4155, 0.4155, 0.4155, 0.4155, 0.4155, 0.4155, 0.4155, 0.4155, 0.4155, 0.4155, 0.4155, 0.4155, 0.4155, 0.4155, 0.4155, 0.4155, 0.4155, 0.4155, 0.4155, 0.4155, 0.4155, 0.4155, 0.4155, 0.4155, 0.4155, 0.4155, 0.4155, 0.4155, 0.4155, 0.4155, 0.4155, 0.4155, 0.4155, 0.4155, 0.4155, 0.4155, 0.4155, 0.4155]","{""0"": 0.7318, ""1"": 0.4721, ""2"": 0.0444, ""3"": 0.5308, ""4"": 0.0789, ""5"": 0.6322, ""6"": 0.0913, ""7"": 0.68}","[0.6667, 0.8, 0.0, 0.0, 0.8571, 0.0, 1.0, 0.0, 0.8571, 1.0, 0.0, 0.0, 0.8571, 0.0, 0.8, 0.0, 1.0, 0.75, 0.0, 0.1667, 0.7778, 0.0, 1.0, 0.0, 0.8333, 1.0, 0.0, 0.0, 0.6667, 0.0909, 1.0, 0.0, 1.0, 1.0, 0.1111, 0.0, 0.875, 0.0, 0.8889, 0.0, 0.8333, 0.875, 1.0, 0.0, 0.8, 0.0, 0.8333, 0.0, 0.8571, 0.8571, 0.8889, 0.2, 0.0, 0.0, 0.8333, 0.0, 1.0, 1.0, 1.0, 0.0, 0.0, 0.0, 1.0, 0.9167, 0.875, 0.9286, 1.0, 0.125, 0.0909, 0.0, 0.8, 1.0, 0.7692, 0.875, 0.9167, 0.0, 0.0, 0.0, 0.6667, 0.0, 1.0, 0.875, 0.6667, 0.0, 0.0, 0.3333, 0.4286, 0.0, 0.7, 1.0, 0.7778, 0.0, 0.1111, 0.0, 0.0, 0.0, 0.8, 1.0, 0.875, 0.0, 0.0, 0.2, 0.1429, 0.1111, 0.8571, 0.8889, 0.8462, 0.0, 0.2, 0.0, 0.0, 0.0, 0.8571, 0.8333, 1.0, 0.0, 0.125, 0.0, 0.0, 0.0, 0.9, 0.8182, 0.8889, 0.0, 0.0, 0.1111, 0.0, 0.1111, 0.9167, 0.9231, 0.8889, 0.0, 0.0, 0.0, 0.0, 0.0, 1.0, 0.8571, 0.7778, 0.0769, 0.875, 0.0, 0.0, 0.0, 1.0, 0.0769, 0.8889, 0.25, 0.6923, 0.2, 0.1429, 0.0, 0.9091, 0.0, 1.0, 0.1429, 0.6667, 0.0, 0.8, 0.0, 0.125, 0.0, 0.1429, 0.0, 1.0, 0.0, 1.0, 0.0833, 0.0, 0.125, 0.0, 0.0, 0.7, 0.1111, 0.8571, 0.0, 0.375, 0.0, 0.0, 0.0, 0.6667, 0.0, 1.0, 0.0, 0.2, 0.0, 0.0, 0.1667, 0.8333, 0.1667, 0.8333, 0.0, 0.0, 0.25, 0.0, 0.2, 0.875, 0.1429, 0.7778, 0.0, 0.0, 0.8, 0.0667, 0.0, 0.75, 0.6, 1.0, 0.0, 0.0, 0.7778, 0.0, 0.0833, 1.0, 0.1111, 0.7778, 0.0, 0.0833, 0.8571, 0.0, 0.0, 0.8571, 0.1667, 1.0, 0.0, 1.0, 0.8333, 0.125, 0.1111, 1.0, 0.25, 0.5714, 0.0, 1.0, 0.875, 0.0, 0.0, 0.7778, 0.0, 0.9286, 0.4286, 0.8571, 1.0, 0.0, 0.0, 0.875, 0.1, 1.0, 0.1667, 1.0, 0.8333]"
random,0.0,7,random,0.583,0.583,0.583,0.0,50,True,1166,0,261,573,0,"[0.05, 0.0665, 0.0825, 0.1075, 0.1365, 0.166, 0.192, 0.216, 0.2345, 0.2475, 0.2605, 0.273, 0.293, 0.3095, 0.3195, 0.3275, 0.3325, 0.338, 0.347, 0.355, 0.362, 0.37, 0.3805, 0.3875, 0.3995, 0.4185, 0.4305, 0.4385, 0.447, 0.455, 0.4645, 0.4755, 0.483, 0.488, 0.4965, 0.507, 0.5195, 0.531, 0.538, 0.5485, 0.558, 0.5645, 0.567, 0.5705, 0.576, 0.5775, 0.5795, 0.5805, 0.582, 0.583, 0.583, 0.583, 0.583, 0.583, 0.583, 0.583, 0.583, 0.583, 0.583, 0.583, 0.583, 0.583, 0.583, 0.583, 0.583, 0.583, 0.583, 0.583, 0.583, 0.583, 0.583, 0.583, 0.583, 0.583, 0.583, 0.583, 0.583, 0.583, 0.583, 0.583, 0.583, 0.583, 0.583, 0.583, 0.583, 0.583, 0.583, 0.583, 0.583, 0.583, 0.583, 0.583, 0.583, 0.583, 0.583, 0.583, 0.583, 0.583, 0.583, 0.583, 0.583]","{""0"": 0.1179, ""1"": 0.519, ""2"": 0.3945, ""3"": 0.5494, ""4"": 0.8855, ""5"": 0.8854, ""6"": 0.6653, ""7"": 0.6212}","[0.6667, 0.125, 0.0, 1.0, 0.8889, 1.0, 1.0, 0.75, 0.6, 0.0, 0.0, 0.8182, 0.75, 0.8889, 0.6667, 0.6364, 0.6667, 0.0, 0.0, 0.8182, 0.9, 0.875, 0.8889, 0.7273, 1.0, 0.0, 0.1429, 1.0, 0.9, 0.8182, 0.9231, 1.0, 1.0, 0.0714, 0.0, 1.0, 0.8571, 0.8889, 1.0, 0.8333, 0.8333, 0.0, 0.1429, 0.75, 0.8571, 0.8889, 0.8, 1.0, 0.8182, 0.0, 0.0, 1.0, 0.8333, 1.0, 0.875, 0.4, 0.8333, 0.0, 0.0, 0.9091, 0.0, 0.875, 1.0, 0.8182, 0.7778, 0.0, 0.0, 0.75, 0.0, 0.8889, 0.7778, 0.8333, 0.8, 0.25, 0.8571, 0.7778, 0.0, 1.0, 0.875, 0.8571, 0.8889, 0.8571, 1.0, 0.7778, 0.0, 0.9, 0.875, 0.9, 1.0, 0.8571, 1.0, 0.6667, 0.0, 1.0, 0.9, 1.0, 0.8889, 1.0, 1.0, 0.8, 0.0, 0.8571, 1.0, 1.0, 1.0, 0.6667, 1.0, 1.0, 0.0, 0.8333, 1.0, 0.875, 1.0, 0.0, 0.9231, 0.1111, 0.0, 0.8333, 0.875, 0.8571, 1.0, 0.0, 0.625, 0.0, 0.0, 1.0, 1.0, 0.0, 0.75, 0.0, 0.875, 0.1111, 0.0, 0.5, 0.8889, 0.0, 1.0, 0.1429, 1.0, 0.0, 0.0, 0.6667, 1.0, 0.1667, 0.9167, 0.125, 0.8571, 0.0, 0.1667, 1.0, 1.0, 0.1429, 0.8889, 0.0, 0.8, 0.0, 0.6, 0.9, 0.6667, 0.0, 0.8, 0.0, 0.75, 0.0, 0.9, 0.9, 1.0, 0.3, 0.0, 0.0, 1.0, 0.0, 0.8571, 1.0, 0.8333, 0.8571, 0.0, 0.125, 0.8571, 0.0, 0.9091, 0.8889, 0.8889, 0.7143, 0.0, 0.0, 1.0, 0.1, 0.875, 0.8889, 0.9, 0.6, 0.6667, 0.0, 1.0, 0.1429, 1.0, 0.8889, 0.8182, 0.75, 0.1111, 0.0, 0.4, 0.0, 0.6, 0.875, 0.7778, 1.0, 0.0, 0.0, 0.7143, 0.0769, 1.0, 1.0, 0.5, 1.0, 0.0, 0.0, 0.0, 0.0, 1.0, 0.9091, 0.9, 1.0, 0.8333, 0.0, 0.0, 0.0, 1.0, 0.8889, 0.9091, 0.4286, 0.0769, 0.0, 0.1667, 0.0, 1.0, 1.0, 1.0, 0.8333, 0.0, 0.0, 0.1, 0.1667, 1.0, 0.8, 0.8571, 1.0, 0.875, 0.0]"
random,0.0,8,random,0.199,0.199,0.199,0.0,17,True,398,0,300,1302,0,"[0.05, 0.061, 0.077, 0.0975, 0.118, 0.1355, 0.1485, 0.161, 0.171, 0.179, 0.1855, 0.1895, 0.193, 0.196, 0.1965, 0.198, 0.199, 0.199, 0.199, 0.199, 0.199, 0.199, 0.199, 0.199, 0.199, 0.199, 0.199, 0.199, 0.199, 0.199, 0.199, 0.199, 0.199, 0.199, 0.199, 0.199, 0.199, 0.199, 0.199, 0.199, 0.199, 0.199, 0.199, 0.199, 0.199, 0.199, 0.199, 0.199, 0.199, 0.199, 0.199, 0.199, 0.199, 0.199, 0.199, 0.199, 0.199, 0.199, 0.199, 0.199, 0.199, 0.199, 0.199, 0.199, 0.199, 0.199, 0.199, 0.199, 0.199, 0.199, 0.199, 0.199, 0.199, 0.199, 0.199, 0.199, 0.199, 0.199, 0.199, 0.199, 0.199, 0.199, 0.199, 0.199, 0.199, 0.199, 0.199, 0.199, 0.199, 0.199, 0.199, 0.199, 0.199, 0.199, 0.199, 0.199, 0.199, 0.199, 0.199, 0.199, 0.199]","{""0"": 0.0364, ""1"": 0.3457, ""2"": 0.1179, ""3"": 0.2305, ""4"": 0.0661, ""5"": 0.0776, ""6"": 0.1598, ""7"": 0.5991}","[0.2222, 0.0, 0.0, 0.0, 0.0, 0.0, 0.4286, 0.0, 0.6, 0.0, 0.0, 0.0, 0.0, 0.0, 0.0833, 0.0, 1.0, 0.0, 0.0, 0.1429, 0.0, 0.0833, 0.0, 0.75, 1.0, 0.125, 0.0769, 0.0, 0.2857, 0.0, 0.0, 1.0, 1.0, 0.1429, 0.0, 0.0, 0.1, 0.0, 0.1, 0.9, 1.0, 0.0, 0.0, 0.5, 0.1, 0.0, 0.0909, 0.875, 0.875, 0.1, 0.0, 0.9, 0.0, 0.125, 0.0, 0.5, 1.0, 0.125, 0.1111, 0.125, 0.0, 0.1429, 0.0, 0.0, 0.875, 0.0, 0.2, 0.0, 0.0, 0.0, 0.0, 0.0, 1.0, 0.0, 0.2727, 0.0, 0.0, 0.2, 0.0, 0.0, 0.0, 0.0, 0.0, 0.0, 0.0, 0.1429, 0.0, 0.0, 0.0, 0.0, 0.0, 0.2, 0.0, 0.0, 0.1111, 0.1818, 0.0, 0.125, 0.1429, 0.0, 0.0, 0.0, 0.0, 0.0, 0.0, 0.0, 0.25, 0.0, 0.1429, 0.0, 0.0, 0.0, 0.0, 0.0, 0.1, 0.125, 0.0, 0.5, 0.3333, 0.0, 0.0, 0.0, 0.125, 0.0, 0.0, 0.125, 0.3, 0.0, 0.0, 0.0714, 0.1, 0.0, 0.0, 0.0, 0.0, 0.0, 0.0, 0.0, 0.0, 0.0, 0.1667, 0.0, 0.0, 0.1, 0.0, 0.0, 0.75, 0.0, 0.2222, 0.0, 0.1111, 0.0, 0.0, 0.1429, 0.6667, 0.0, 0.9167, 0.0, 0.0, 0.0, 0.1429, 0.0, 0.8333, 0.0, 1.0, 0.0, 0.0, 0.1429, 0.875, 0.0, 1.0, 0.1111, 1.0, 0.4, 0.0, 0.125, 1.0, 0.0, 1.0, 0.25, 0.8333, 0.0, 0.0, 0.0, 0.8182, 0.0, 1.0, 0.0, 1.0, 0.0, 0.2222, 0.125, 0.7143, 0.1667, 0.875, 0.0, 0.8, 0.0, 0.0, 0.1111, 0.8, 0.1111, 0.8889, 0.0833, 0.125, 0.2857, 0.2222, 0.0, 0.75, 0.0, 0.625, 0.0, 0.125, 0.0, 0.125, 0.0, 1.0, 0.0, 1.0, 0.0, 0.0, 0.0, 0.0, 0.0, 1.0, 0.0, 0.6667, 1.0, 0.0, 0.0, 0.0, 0.2, 0.8182, 0.0, 0.8, 0.6667, 0.0, 0.0, 0.0, 0.0, 0.6, 0.0, 0.0, 0.0, 0.0, 0.0, 0.0, 0.0, 0.875, 0.1111]"
random,0.0,9,random,0.412,0.412,0.412,-0.0,24,True,824,0,301,875,0,"[0.05, 0.0615, 0.0765, 0.095, 0.11, 0.1275, 0.1555, 0.1815, 0.202, 0.226, 0.255, 0.2755, 0.2955, 0.3155, 0.334, 0.3545, 0.366, 0.3745, 0.385, 0.395, 0.402, 0.406, 0.4105, 0.412, 0.412, 0.412, 0.412, 0.412, 0.412, 0.412, 0.412, 0.412, 0.412, 0.412, 0.412, 0.412, 0.412, 0.412, 0.412, 0.412, 0.412, 0.412, 0.412, 0.412, 0.412, 0.412, 0.412, 0.412, 0.412, 0.412, 0.412, 0.412, 0.412, 0.412, 0.412, 0.412, 0.412, 0.412, 0.412, 0.412, 0.412, 0.412, 0.412, 0.412, 0.412, 0.412, 0.412, 0.412, 0.412, 0.412, 0.412, 0.412, 0.412, 0.412, 0.412, 0.412, 0.412, 0.412, 0.412, 0.412, 0.412, 0.412, 0.412, 0.412, 0.412, 0.412, 0.412, 0.412, 0.412, 0.412, 0.412, 0.412, 0.412, 0.412, 0.412, 0.412, 0.412, 0.412, 0.412, 0.412, 0.412]","{""0"": 0.3259, ""1"": 0.8235, ""2"": 0.6877, ""3"": 0.048, ""4"": 0.2937, ""5"": 0.4934, ""6"": 0.5714, ""7"": 0.0863}","[0.6667, 0.0, 1.0, 0.6667, 0.0, 0.0, 0.125, 0.7273, 0.0, 0.0, 0.8889, 0.8571, 0.0, 0.0, 0.0909, 0.625, 0.0909, 0.0, 0.8333, 0.8889, 0.0, 0.0909, 0.0, 0.7778, 0.0, 0.0, 0.8571, 0.7778, 0.0, 0.25, 0.0, 0.75, 0.0, 0.0, 1.0, 0.3333, 0.0833, 0.4, 0.5, 0.8, 0.0, 0.1667, 0.6, 0.0, 0.4286, 0.8571, 1.0, 1.0, 0.0, 0.0, 0.875, 0.2, 0.0, 0.8, 1.0, 0.875, 0.0, 0.1667, 0.8889, 0.0, 0.1111, 0.8, 0.7778, 0.8571, 0.0, 0.0, 0.8, 0.0, 0.0, 1.0, 0.8333, 0.8571, 0.0, 0.0, 1.0, 0.0, 0.0, 1.0, 0.5714, 0.5714, 0.0, 0.0, 0.875, 0.0, 0.0, 0.0, 0.75, 0.0769, 0.0, 0.7778, 1.0, 0.25, 0.1667, 0.125, 0.875, 0.0, 0.0, 1.0, 1.0, 0.6, 0.0, 0.0, 0.4, 0.0, 0.0, 0.8571, 0.6667, 0.75, 0.25, 0.0, 0.0, 0.0, 0.0, 1.0, 0.1111, 0.8889, 0.0, 0.0, 0.0, 0.0, 0.0, 1.0, 0.0, 0.6667, 0.0, 0.0, 0.0, 0.0, 0.75, 0.75, 0.6667, 1.0, 0.0, 0.1111, 0.0, 0.0, 0.3333, 0.8182, 1.0, 0.9167, 0.0, 0.0, 0.875, 0.0, 0.7778, 0.9167, 0.8889, 0.9, 0.0, 0.0833, 1.0, 0.0, 0.0, 0.8889, 0.8889, 0.875, 0.0, 0.0, 1.0, 0.8889, 0.0, 0.8571, 1.0, 0.9, 0.125, 0.0, 0.6667, 0.8, 0.0, 0.875, 0.8, 0.8182, 0.0, 0.8571, 0.9, 1.0, 0.1429, 0.1, 1.0, 0.7778, 0.0, 1.0, 1.0, 0.8889, 0.0909, 0.0, 0.8571, 1.0, 0.0909, 0.9231, 0.6667, 0.875, 0.0, 0.25, 0.8333, 0.875, 0.0, 1.0, 0.7778, 1.0, 0.0, 0.0, 1.0, 1.0, 0.0, 0.8, 0.8333, 0.875, 0.0, 0.0, 0.8333, 0.9091, 0.25, 0.0, 0.8333, 0.8571, 0.3, 0.0, 0.6667, 0.8182, 0.0, 0.0, 0.0, 1.0, 0.1429, 0.2, 0.8889, 0.875, 0.0, 0.0, 0.0, 0.8, 0.0, 0.0, 0.8571, 0.8, 0.1667, 0.0, 0.0, 0.6, 0.0, 0.1429, 0.875, 1.0, 0.0, 0.0, 0.0, 1.0, 0.0, 0.0]"
random,0.0,10,random,0.402,0.402,0.402,0.0,39,True,804,0,289,907,0,"[0.05, 0.0565, 0.061, 0.0685, 0.0805, 0.093, 0.1045, 0.119, 0.14, 0.1585, 0.174, 0.1855, 0.1955, 0.2045, 0.2115, 0.223, 0.233, 0.246, 0.2615, 0.281, 0.297, 0.3125, 0.3285, 0.337, 0.343, 0.35, 0.3585, 0.366, 0.3725, 0.377, 0.38, 0.3815, 0.3855, 0.3885, 0.3925, 0.3965, 0.399, 0.401, 0.402, 0.402, 0.402, 0.402, 0.402, 0.402, 0.402, 0.402, 0.402, 0.402, 0.402, 0.402, 0.402, 0.402, 0.402, 0.402, 0.402, 0.402, 0.402, 0.402, 0.402, 0.402, 0.402, 0.402, 0.402, 0.402, 0.402, 0.402, 0.402, 0.402, 0.402, 0.402, 0.402, 0.402, 0.402, 0.402, 0.402, 0.402, 0.402, 0.402, 0.402, 0.402, 0.402, 0.402, 0.402, 0.402, 0.402, 0.402, 0.402, 0.402, 0.402, 0.402, 0.402, 0.402, 0.402, 0.402, 0.402, 0.402, 0.402, 0.402, 0.402, 0.402, 0.402]","{""0"": 0.8719, ""1"": 0.8842, ""2"": 0.2217, ""3"": 0.0593, ""4"": 0.336, ""5"": 0.6568, ""6"": 0.0364, ""7"": 0.0583}","[0.5556, 1.0, 1.0, 0.0, 0.1111, 0.0, 1.0, 0.0, 0.0, 1.0, 1.0, 0.0, 0.0, 0.1429, 0.8333, 0.0, 0.0, 0.8182, 0.8571, 0.0, 0.0, 0.0, 0.75, 0.0, 0.0, 1.0, 0.8333, 0.1, 0.0, 0.0, 1.0, 0.0, 0.0, 0.8571, 0.75, 0.0, 0.2222, 0.125, 0.1538, 0.0, 0.0, 0.8889, 0.875, 0.0, 0.0, 0.1111, 0.0, 0.0833, 0.0, 0.9091, 0.7143, 0.1111, 0.0, 0.1111, 0.0, 0.25, 0.0, 1.0, 0.8571, 0.0, 0.0, 0.0, 0.0, 0.0, 0.0, 0.8571, 0.6, 0.0, 0.1429, 0.1429, 0.25, 0.0, 0.0, 1.0, 0.8571, 0.1111, 0.0, 0.0, 0.0, 0.0, 0.0, 0.8571, 0.75, 0.0, 0.0, 0.0, 0.0, 0.0, 0.0, 0.7778, 1.0, 0.0, 0.25, 0.5, 1.0, 0.0, 0.375, 0.7692, 1.0, 0.0, 0.1111, 0.0, 0.8667, 0.2, 0.0, 0.3333, 0.8182, 0.0, 0.0, 0.1667, 0.9091, 0.0714, 0.0, 1.0, 0.8182, 1.0, 0.0, 0.9091, 0.8571, 0.0, 0.125, 1.0, 0.8, 0.8, 0.0, 1.0, 1.0, 0.0, 0.0, 0.8571, 0.8, 1.0, 0.2, 1.0, 0.8571, 0.0909, 0.0, 0.75, 1.0, 1.0, 0.1, 0.0, 1.0, 0.0, 0.0, 0.9091, 1.0, 0.7, 0.2, 0.0, 0.875, 0.0, 0.0, 1.0, 1.0, 0.8889, 0.0, 0.0, 0.3333, 0.0, 0.3333, 0.8182, 1.0, 0.25, 0.125, 0.1429, 0.8, 0.1, 0.0, 0.8182, 1.0, 0.5, 0.0, 0.0, 1.0, 0.0, 0.5, 1.0, 0.8, 0.1111, 0.0, 0.0, 1.0, 0.0, 0.125, 1.0, 1.0, 0.0, 0.0, 0.8889, 1.0, 0.0, 0.0, 0.7273, 1.0, 0.125, 0.0, 1.0, 0.875, 0.0, 0.0, 0.8571, 0.8182, 0.1111, 0.0, 1.0, 1.0, 0.1429, 0.0, 0.9167, 0.8, 0.0, 0.125, 1.0, 1.0, 0.125, 0.0, 0.8889, 0.8333, 0.0, 0.125, 0.8889, 0.8333, 0.0, 0.0, 0.875, 1.0, 0.0, 0.0, 0.9167, 1.0, 0.0, 0.1429, 0.7778, 0.75, 0.0, 0.1429, 0.6667, 1.0, 0.0, 0.0909, 1.0, 0.8889, 0.0, 0.1, 0.0, 0.7778, 0.0, 0.25, 0.9091]"
random,0.0,11,random,0.5155,0.5155,0.5155,-0.0,90,True,1031,0,280,689,0,"[0.05, 0.058, 0.066, 0.074, 0.083, 0.093, 0.102, 0.1125, 0.1195, 0.127, 0.1335, 0.143, 0.151, 0.156, 0.1615, 0.168, 0.175, 0.1825, 0.188, 0.1955, 0.2025, 0.208, 0.211, 0.2135, 0.217, 0.2205, 0.2255, 0.2315, 0.237, 0.241, 0.2455, 0.2515, 0.2565, 0.2605, 0.2645, 0.269, 0.272, 0.2745, 0.2775, 0.282, 0.2895, 0.296, 0.305, 0.316, 0.323, 0.329, 0.335, 0.343, 0.353, 0.36, 0.366, 0.3735, 0.3845, 0.3965, 0.4055, 0.413, 0.4215, 0.425, 0.428, 0.431, 0.432, 0.435, 0.4385, 0.44, 0.441, 0.442, 0.4445, 0.45, 0.4525, 0.4565, 0.4615, 0.47, 0.4795, 0.4895, 0.493, 0.494, 0.4965, 0.4985, 0.5, 0.5015, 0.502, 0.5025, 0.5035, 0.505, 0.509, 0.5115, 0.512, 0.5135, 0.515, 0.5155, 0.5155, 0.5155, 0.5155, 0.5155, 0.5155, 0.5155, 0.5155, 0.5155, 0.5155, 0.5155, 0.5155]","{""0"": 0.6263, ""1"": 0.0328, ""2"": 0.6265, ""3"": 0.664, ""4"": 0.4252, ""5"": 0.8613, ""6"": 0.7885, ""7"": 0.1089}","[0.7778, 0.8889, 0.0, 0.6667, 0.6, 0.0, 1.0, 1.0, 0.0, 0.6667, 0.0, 0.8889, 0.7, 0.0833, 0.7778, 1.0, 0.1111, 0.8182, 0.125, 0.7857, 0.9, 0.1111, 1.0, 0.8333, 0.0, 0.875, 0.2222, 0.8333, 1.0, 0.125, 0.9, 0.75, 0.0, 1.0, 0.0909, 1.0, 0.8571, 0.0, 0.7273, 1.0, 0.0, 0.9, 0.0, 1.0, 0.9, 0.125, 0.8, 1.0, 0.3333, 1.0, 0.0, 0.6667, 1.0, 0.0, 0.8889, 0.0, 0.2857, 1.0, 0.0, 1.0, 0.5714, 0.0833, 0.8, 0.0, 0.0, 1.0, 0.0625, 0.8125, 1.0, 0.2857, 1.0, 0.0, 0.0, 0.9, 0.0, 0.8889, 0.7692, 0.75, 0.8333, 0.125, 0.0909, 1.0, 0.0, 0.8, 0.875, 1.0, 0.6, 1.0, 0.2, 0.625, 0.1429, 0.8182, 0.75, 0.8571, 0.8889, 1.0, 0.0, 0.9, 0.1, 0.6667, 0.875, 0.7778, 0.75, 0.9, 0.0, 0.75, 0.0, 1.0, 0.7143, 0.7778, 0.75, 0.7143, 0.1667, 0.9, 0.0, 0.3333, 1.0, 0.6667, 0.8571, 1.0, 0.875, 1.0, 0.0, 0.0, 0.8333, 0.75, 0.8889, 1.0, 0.6667, 0.8889, 0.0, 0.0, 1.0, 1.0, 0.8889, 0.9167, 0.0, 0.0, 0.0, 0.0, 0.875, 0.8, 1.0, 0.8571, 0.0, 0.0, 0.0, 0.0, 1.0, 0.7778, 1.0, 0.8889, 0.0, 0.1667, 0.1111, 0.0, 1.0, 0.8333, 1.0, 1.0, 0.0, 0.0, 0.0, 0.0, 0.8, 0.5, 0.8333, 0.8571, 0.0, 0.0, 0.0, 0.0, 0.8, 1.0, 1.0, 1.0, 0.2, 0.0, 0.0, 0.0, 0.5, 0.7143, 0.9091, 0.7, 0.0, 0.1429, 0.0, 0.0, 0.0, 0.8889, 0.7778, 0.8889, 0.0, 0.0, 0.0, 0.9286, 0.2222, 0.0, 0.5556, 0.8571, 0.0, 0.0, 0.0, 0.5714, 0.0, 0.0, 0.8571, 0.75, 0.0, 0.0, 0.0, 0.8889, 0.1429, 0.1429, 1.0, 0.875, 0.0, 0.75, 0.0, 0.7692, 0.0, 0.0, 1.0, 1.0, 0.1429, 0.9231, 0.0, 1.0, 0.0, 0.0, 0.7143, 1.0, 0.1429, 1.0, 0.0, 1.0, 0.0769, 0.0, 0.8571, 0.8333, 0.1667, 1.0, 0.0, 1.0, 0.75, 0.0, 1.0, 0.5714, 0.1111, 1.0]"
random,0.01,0,random,0.4015,0.4015,0.4015,-0.0,22,True,803,0,283,914,0,"[0.05, 0.0645, 0.0795, 0.106, 0.1345, 0.167, 0.198, 0.221, 0.24, 0.2575, 0.275, 0.2965, 0.309, 0.3265, 0.341, 0.3545, 0.373, 0.3875, 0.394, 0.399, 0.4005, 0.4015, 0.4015, 0.4015, 0.4015, 0.4015, 0.4015, 0.4015, 0.4015, 0.4015, 0.4015, 0.4015, 0.4015, 0.4015, 0.4015, 0.4015, 0.4015, 0.4015, 0.4015, 0.4015, 0.4015, 0.4015, 0.4015, 0.4015, 0.4015, 0.4015, 0.4015, 0.4015, 0.4015, 0.4015, 0.4015, 0.4015, 0.4015, 0.4015, 0.4015, 0.4015, 0.4015, 0.4015, 0.4015, 0.4015, 0.4015, 0.4015, 0.4015, 0.4015, 0.4015, 0.4015, 0.4015, 0.4015, 0.4015, 0.4015, 0.4015, 0.4015, 0.4015, 0.4015, 0.4015, 0.4015, 0.4015, 0.4015, 0.4015, 0.4015, 0.4015, 0.4015, 0.4015, 0.4015, 0.4015, 0.4015, 0.4015, 0.4015, 0.4015, 0.4015, 0.4015, 0.4015, 0.4015, 0.4015, 0.4015, 0.4015, 0.4015, 0.4015, 0.4015, 0.4015, 0.4015]","{""0"": 0.0325, ""1"": 0.457, ""2"": 0.8664, ""3"": 0.4939, ""4"": 0.7027, ""5"": 0.4677, ""6"": 0.0412, ""7"": 0.0412}","[0.6667, 0.0, 0.8571, 0.875, 0.25, 0.0, 0.9167, 0.0, 0.0833, 0.0, 0.8462, 0.8571, 0.0, 0.1818, 0.8333, 0.0, 0.0, 0.0, 0.8889, 0.875, 0.0, 0.0, 0.7143, 0.3333, 0.0, 0.25, 0.875, 1.0, 0.0, 0.125, 1.0, 0.0, 0.0, 0.0, 1.0, 0.875, 0.8, 0.0, 0.8571, 0.0, 0.0, 0.0, 0.8, 0.8571, 1.0, 0.0, 1.0, 0.0, 0.0, 0.0, 0.8889, 0.9167, 1.0, 0.8, 0.9, 0.2857, 0.0, 0.0, 1.0, 0.8571, 0.0, 0.8182, 0.8571, 0.0, 0.0, 0.1, 0.875, 0.7778, 0.0, 1.0, 1.0, 0.0, 0.0, 0.0, 1.0, 0.75, 0.0, 1.0, 0.8889, 0.0, 0.2, 0.0, 0.75, 1.0, 0.0, 1.0, 1.0, 0.0, 0.2, 0.1429, 1.0, 0.9167, 0.0, 0.7692, 1.0, 0.0833, 0.0, 0.0, 0.8, 0.7778, 0.2222, 0.5, 0.75, 0.0, 0.5, 0.0, 0.75, 0.8889, 0.0, 1.0, 0.8, 0.0, 0.0, 0.0, 0.25, 0.9, 1.0, 0.6667, 0.125, 0.0, 0.0, 0.0, 0.2222, 0.8333, 1.0, 0.8571, 0.0, 0.0, 0.0, 0.0, 0.0, 0.75, 1.0, 1.0, 0.0, 0.0, 0.0, 0.1111, 0.0, 0.8, 0.9091, 1.0, 0.0, 0.1429, 0.0, 0.0, 0.0, 0.8889, 1.0, 1.0, 0.0, 0.0, 0.0, 0.0, 0.0, 1.0, 0.8333, 0.8333, 0.125, 0.0, 0.0, 0.0, 0.0909, 1.0, 0.6667, 1.0, 0.0, 0.0, 0.1667, 0.1429, 0.0, 0.7692, 1.0, 0.8333, 0.0, 0.0, 0.0, 0.0, 0.0, 0.8571, 0.7778, 1.0, 0.0, 0.1, 0.1, 0.1, 0.0, 1.0, 0.6, 0.8333, 0.1, 0.125, 0.0, 0.0, 0.2, 1.0, 1.0, 0.8889, 0.0, 0.0, 0.0, 0.0, 0.0, 0.8, 0.8889, 0.8571, 0.2, 0.0833, 0.0, 0.0, 0.0, 0.5, 1.0, 0.6667, 0.0909, 0.0, 0.0, 0.0, 0.0, 0.8333, 0.7273, 0.8333, 0.0, 0.1, 0.0, 0.0, 0.0, 1.0, 0.6923, 0.8333, 0.0769, 0.0, 0.0, 0.25, 0.0, 1.0, 0.0, 0.875, 0.7143, 0.0, 0.1, 0.0, 0.7143, 0.75, 0.0, 0.6154, 1.0, 0.0, 0.0, 0.0]"
random,0.01,1,random,0.826,0.826,0.826,0.0,61,True,1652,0,291,57,0,"[0.05, 0.069, 0.0875, 0.1095, 0.1285, 0.147, 0.165, 0.1845, 0.2065, 0.229, 0.2525, 0.272, 0.295, 0.3155, 0.3375, 0.3575, 0.382, 0.401, 0.417, 0.435, 0.4515, 0.471, 0.492, 0.513, 0.539, 0.566, 0.587, 0.603, 0.6155, 0.6225, 0.6305, 0.639, 0.6465, 0.656, 0.667, 0.6805, 0.6905, 0.702, 0.713, 0.725, 0.734, 0.7445, 0.7505, 0.753, 0.7575, 0.764, 0.7695, 0.7765, 0.7835, 0.79, 0.796, 0.806, 0.8115, 0.815, 0.8185, 0.8195, 0.8215, 0.8225, 0.824, 0.8255, 0.826, 0.826, 0.826, 0.826, 0.826, 0.826, 0.826, 0.826, 0.826, 0.826, 0.826, 0.826, 0.826, 0.826, 0.826, 0.826, 0.826, 0.826, 0.826, 0.826, 0.826, 0.826, 0.826, 0.826, 0.826, 0.826, 0.826, 0.826, 0.826, 0.826, 0.826, 0.826, 0.826, 0.826, 0.826, 0.826, 0.826, 0.826, 0.826, 0.826, 0.826]","{""0"": 0.8672, ""1"": 0.8789, ""2"": 0.8024, ""3"": 0.8462, ""4"": 0.6585, ""5"": 0.8755, ""6"": 0.8353, ""7"": 0.8395}","[1.0, 1.0, 0.875, 1.0, 0.7778, 0.875, 1.0, 0.875, 0.75, 0.6667, 0.8462, 1.0, 0.8333, 0.75, 1.0, 0.6667, 1.0, 0.9091, 0.7273, 0.6667, 0.8, 0.8889, 0.9091, 0.5, 0.8333, 0.8571, 0.8571, 0.7778, 1.0, 0.8, 1.0, 1.0, 0.8889, 0.7143, 0.8889, 1.0, 0.875, 0.8333, 0.7143, 0.8889, 0.9, 1.0, 0.7143, 0.5, 1.0, 0.9, 0.8571, 0.7143, 0.8, 0.5714, 0.8, 1.0, 0.8, 0.8571, 0.9091, 0.75, 1.0, 1.0, 0.8889, 0.8889, 0.6667, 0.8182, 1.0, 0.8333, 0.7857, 1.0, 0.6667, 0.8571, 0.8889, 0.6667, 0.8462, 0.7778, 1.0, 0.875, 0.6667, 0.75, 0.7778, 1.0, 0.875, 0.8333, 1.0, 0.875, 0.8571, 0.8182, 1.0, 0.6, 1.0, 1.0, 0.75, 1.0, 0.9, 1.0, 0.7273, 0.8889, 1.0, 1.0, 0.8, 0.75, 1.0, 0.3333, 0.8182, 0.75, 0.9, 0.4, 0.875, 1.0, 1.0, 0.1429, 1.0, 0.7778, 0.625, 0.7, 0.8571, 1.0, 0.8889, 0.1667, 1.0, 0.6667, 0.875, 0.8, 0.5714, 0.7778, 1.0, 0.8889, 0.75, 1.0, 1.0, 0.5714, 0.875, 1.0, 0.9091, 0.7778, 0.6667, 0.375, 1.0, 0.875, 0.8571, 0.8889, 0.9333, 0.625, 0.8333, 0.125, 0.6667, 1.0, 0.8333, 0.9, 1.0, 1.0, 0.8571, 0.0, 0.8571, 0.875, 0.7273, 1.0, 1.0, 0.75, 0.5, 0.0, 0.7778, 0.9, 0.7, 1.0, 1.0, 0.8571, 1.0, 0.0833, 1.0, 1.0, 0.8333, 0.8333, 0.9091, 0.625, 0.8182, 0.0, 0.8571, 0.9, 1.0, 0.8889, 1.0, 0.8571, 0.8333, 0.0, 0.6667, 1.0, 0.875, 0.8333, 0.8, 0.75, 0.7778, 0.25, 1.0, 0.75, 1.0, 0.875, 1.0, 0.875, 0.8571, 0.625, 0.875, 0.75, 0.8571, 0.75, 1.0, 1.0, 1.0, 0.6667, 0.8571, 0.6, 0.8, 1.0, 0.8333, 0.9167, 0.75, 1.0, 0.875, 0.9, 0.6667, 0.6364, 1.0, 1.0, 0.8889, 1.0, 0.7778, 1.0, 0.75, 0.8889, 0.7, 0.75, 0.7778, 1.0, 0.75, 0.8333, 0.7778, 0.8571, 1.0, 1.0, 1.0, 1.0, 0.6667, 1.0, 0.8182, 0.5, 0.7778, 0.875, 1.0, 1.0, 1.0, 0.8889, 0.8, 0.875]"
random,0.01,2,random,0.7765,0.7765,0.7765,-0.0,90,True,1553,0,288,159,0,"[0.05, 0.067, 0.0775, 0.09, 0.1025, 0.115, 0.1265, 0.137, 0.151, 0.163, 0.1725, 0.183, 0.1905, 0.2005, 0.209, 0.217, 0.2235, 0.2295, 0.236, 0.2435, 0.249, 0.255, 0.261, 0.266, 0.2725, 0.2785, 0.285, 0.289, 0.2945, 0.298, 0.3045, 0.309, 0.314, 0.315, 0.317, 0.3215, 0.325, 0.328, 0.335, 0.3445, 0.353, 0.3635, 0.377, 0.397, 0.4205, 0.438, 0.4545, 0.4695, 0.4805, 0.4955, 0.514, 0.53, 0.5455, 0.5545, 0.568, 0.5815, 0.5915, 0.6005, 0.6085, 0.6165, 0.6235, 0.632, 0.64, 0.649, 0.659, 0.667, 0.6765, 0.6855, 0.6975, 0.7085, 0.7195, 0.729, 0.738, 0.743, 0.748, 0.7525, 0.7555, 0.759, 0.7605, 0.7625, 0.763, 0.765, 0.7665, 0.768, 0.7705, 0.7725, 0.774, 0.775, 0.7755, 0.7765, 0.7765, 0.7765, 0.7765, 0.7765, 0.7765, 0.7765, 0.7765, 0.7765, 0.7765, 0.7765, 0.7765]","{""0"": 0.6198, ""1"": 0.8508, ""2"": 0.7883, ""3"": 0.7229, ""4"": 0.7328, ""5"": 0.892, ""6"": 0.8504, ""7"": 0.7712}","[1.0, 0.0, 0.6667, 1.0, 0.4286, 1.0, 1.0, 1.0, 1.0, 0.0, 0.8571, 0.625, 1.0, 0.6667, 0.5714, 0.8571, 0.8182, 0.0, 0.6, 0.8, 0.8571, 0.8333, 0.6667, 0.8889, 0.875, 0.0, 0.7778, 0.9091, 0.8182, 0.9, 1.0, 0.8, 0.875, 0.0, 0.875, 1.0, 1.0, 1.0, 1.0, 0.875, 1.0, 0.5714, 1.0, 1.0, 0.75, 0.7, 1.0, 1.0, 0.7273, 0.8, 1.0, 0.875, 0.6667, 0.8889, 1.0, 0.8889, 1.0, 0.7778, 0.8889, 0.75, 1.0, 0.8182, 0.75, 0.8889, 1.0, 1.0, 0.8333, 0.8, 0.8, 0.8, 1.0, 0.8333, 0.6923, 0.8889, 0.75, 0.8, 0.8571, 0.75, 0.8889, 0.8, 0.6667, 0.6, 1.0, 1.0, 1.0, 1.0, 0.8, 1.0, 1.0, 0.8571, 0.8333, 0.6667, 1.0, 0.6, 1.0, 0.875, 0.875, 1.0, 0.9091, 1.0, 0.5, 0.0, 1.0, 1.0, 1.0, 0.9167, 0.7692, 0.6, 1.0, 0.0, 1.0, 0.625, 0.3333, 1.0, 0.9167, 0.875, 0.8889, 0.0, 1.0, 0.8, 0.9167, 1.0, 0.8333, 1.0, 0.7273, 0.0, 0.8, 0.8889, 0.875, 0.875, 0.8182, 0.8, 0.2857, 1.0, 0.9091, 0.75, 0.875, 0.75, 0.6667, 0.2, 0.875, 0.8889, 0.9167, 0.5714, 0.8571, 1.0, 0.8571, 0.125, 1.0, 0.8571, 1.0, 1.0, 1.0, 0.8, 1.0, 0.0, 0.5556, 0.8, 0.8333, 0.5, 0.1667, 0.8333, 0.9, 0.7143, 0.875, 0.8, 1.0, 0.8889, 0.0, 0.8333, 0.875, 1.0, 1.0, 0.7778, 0.8571, 0.8, 0.0, 0.7143, 0.8889, 0.8333, 0.7778, 0.9167, 0.8333, 0.8889, 0.0, 1.0, 0.8, 1.0, 1.0, 0.8182, 0.75, 0.7, 0.9, 0.8889, 0.8333, 0.9, 0.8333, 0.9167, 1.0, 0.8333, 1.0, 0.75, 1.0, 1.0, 1.0, 1.0, 1.0, 1.0, 0.9167, 0.0, 0.875, 0.8, 0.0, 0.75, 0.7143, 0.8333, 0.7778, 0.0, 1.0, 0.5714, 0.0, 0.625, 0.5556, 0.8889, 0.9, 0.2, 1.0, 0.7143, 0.0, 0.8182, 0.8333, 0.9, 1.0, 0.125, 0.75, 1.0, 0.25, 0.75, 1.0, 0.7778, 1.0, 0.7143, 0.6923, 1.0, 0.8889, 0.8, 0.8333, 1.0, 0.7143, 0.8]"
random,0.01,3,random,0.502,0.502,0.502,0.0,83,True,1004,0,302,694,0,"[0.05, 0.0645, 0.0795, 0.0975, 0.116, 0.1355, 0.155, 0.1685, 0.1835, 0.2005, 0.219, 0.2345, 0.247, 0.2555, 0.262, 0.269, 0.2805, 0.2885, 0.297, 0.301, 0.303, 0.3045, 0.307, 0.31, 0.3125, 0.3155, 0.3185, 0.3205, 0.322, 0.3245, 0.3315, 0.335, 0.3365, 0.3385, 0.3425, 0.347, 0.352, 0.356, 0.3585, 0.362, 0.3635, 0.3655, 0.3675, 0.369, 0.3715, 0.372, 0.373, 0.374, 0.3755, 0.38, 0.3835, 0.3875, 0.391, 0.396, 0.4015, 0.4075, 0.412, 0.4145, 0.417, 0.4205, 0.4245, 0.431, 0.439, 0.443, 0.445, 0.4465, 0.449, 0.4535, 0.4605, 0.4655, 0.467, 0.47, 0.4725, 0.4755, 0.4795, 0.4835, 0.4855, 0.487, 0.4885, 0.4925, 0.496, 0.499, 0.502, 0.502, 0.502, 0.502, 0.502, 0.502, 0.502, 0.502, 0.502, 0.502, 0.502, 0.502, 0.502, 0.502, 0.502, 0.502, 0.502, 0.502, 0.502]","{""0"": 0.5271, ""1"": 0.2462, ""2"": 0.0808, ""3"": 0.8423, ""4"": 0.508, ""5"": 0.8596, ""6"": 0.8635, ""7"": 0.0837}","[0.5556, 0.875, 0.1429, 0.1667, 0.8889, 0.9, 0.8333, 0.625, 0.125, 0.9, 0.1111, 1.0, 0.75, 1.0, 1.0, 0.8571, 0.2, 0.8, 0.0, 0.4286, 0.5714, 0.8889, 0.8, 0.7778, 0.6, 0.9, 0.0, 0.0, 0.9, 0.8333, 1.0, 1.0, 0.5714, 1.0, 0.0, 0.1111, 1.0, 0.5714, 1.0, 1.0, 0.125, 0.8333, 0.0, 0.2222, 0.8, 0.8889, 1.0, 0.8889, 0.1111, 0.8, 0.0, 0.0, 0.7778, 0.8182, 0.8182, 0.9, 0.0833, 1.0, 0.0, 0.1, 1.0, 0.8, 0.8, 0.8889, 0.0, 0.8571, 0.0, 0.125, 0.875, 0.8571, 0.5833, 0.75, 0.0909, 1.0, 0.0, 0.0, 0.625, 0.8571, 0.8333, 0.875, 0.0, 0.875, 0.1429, 0.0, 0.8333, 0.875, 1.0, 0.8333, 0.0, 0.9231, 0.0, 0.0, 0.875, 0.125, 0.8889, 0.7143, 0.0, 0.7778, 0.0, 0.0, 1.0, 0.0, 1.0, 1.0, 0.0, 0.7143, 0.0, 0.0, 0.8889, 0.0, 0.7, 0.8182, 0.0, 1.0, 0.25, 0.0, 0.5, 0.1, 1.0, 0.875, 0.1, 0.2, 0.1, 0.0, 0.75, 0.0, 0.8, 0.7143, 0.0, 0.0, 0.125, 0.0, 0.9231, 0.0, 0.7143, 0.875, 0.0, 0.0, 0.375, 0.0, 0.75, 0.1429, 0.75, 0.8571, 0.0, 0.0, 0.0, 0.0833, 0.875, 0.0, 0.75, 0.8889, 0.0, 0.0, 0.2, 0.0, 0.8333, 0.0, 0.8333, 0.875, 0.0, 0.125, 0.6667, 0.2222, 0.875, 0.1111, 1.0, 0.8333, 0.0, 0.0, 1.0, 0.0, 1.0, 0.0, 1.0, 0.8889, 0.0, 0.0, 1.0, 0.0, 0.8571, 0.0, 0.9167, 0.8889, 0.125, 0.7143, 0.9, 0.0, 0.4286, 0.0, 0.6667, 0.8889, 0.1667, 0.0, 0.9333, 0.0, 0.9091, 1.0, 1.0, 1.0, 0.0, 0.125, 1.0, 0.0, 0.9091, 0.875, 0.8889, 0.5714, 0.1429, 0.0, 0.0, 0.0, 1.0, 1.0, 1.0, 1.0, 0.1429, 0.0, 0.0, 0.0, 0.9, 0.8, 1.0, 1.0, 0.0, 0.0909, 0.0, 0.0833, 0.8, 0.8571, 0.7143, 0.875, 0.0, 0.25, 0.0, 0.0, 1.0, 0.8889, 0.8571, 0.75, 0.0, 0.875, 0.0909, 0.0, 0.7143, 1.0, 0.75, 1.0, 0.0, 0.875]"
random,0.01,4,random,0.706,0.706,0.706,0.0,65,True,1412,0,294,294,0,"[0.05, 0.0695, 0.086, 0.1125, 0.139, 0.1625, 0.1895, 0.2175, 0.2385, 0.255, 0.2695, 0.2845, 0.297, 0.31, 0.326, 0.3385, 0.351, 0.3645, 0.377, 0.391, 0.417, 0.4395, 0.46, 0.4745, 0.4865, 0.494, 0.5005, 0.509, 0.5195, 0.528, 0.5375, 0.548, 0.5575, 0.571, 0.5845, 0.596, 0.6055, 0.6155, 0.6195, 0.625, 0.6335, 0.641, 0.643, 0.644, 0.6455, 0.648, 0.6495, 0.6505, 0.651, 0.653, 0.656, 0.6595, 0.661, 0.663, 0.666, 0.67, 0.6775, 0.6845, 0.6885, 0.6945, 0.7, 0.702, 0.7035, 0.7055, 0.706, 0.706, 0.706, 0.706, 0.706, 0.706, 0.706, 0.706, 0.706, 0.706, 0.706, 0.706, 0.706, 0.706, 0.706, 0.706, 0.706, 0.706, 0.706, 0.706, 0.706, 0.706, 0.706, 0.706, 0.706, 0.706, 0.706, 0.706, 0.706, 0.706, 0.706, 0.706, 0.706, 0.706, 0.706, 0.706, 0.706]","{""0"": 0.4328, ""1"": 0.5938, ""2"": 0.8697, ""3"": 0.811, ""4"": 0.877, ""5"": 0.6066, ""6"": 0.5902, ""7"": 0.8964}","[0.7778, 0.75, 1.0, 1.0, 0.7273, 1.0, 0.0, 0.3333, 0.9, 0.8, 0.7692, 1.0, 0.8333, 0.9, 0.0, 0.8182, 1.0, 1.0, 0.5556, 1.0, 0.8333, 1.0, 0.1667, 0.8571, 1.0, 0.8182, 1.0, 0.6667, 0.7778, 1.0, 0.0, 0.0, 0.75, 0.75, 0.875, 0.8333, 1.0, 1.0, 0.0, 0.0, 1.0, 0.8333, 0.875, 1.0, 0.8, 1.0, 0.0, 0.1, 0.75, 1.0, 0.8, 1.0, 0.75, 0.7778, 0.0, 0.8182, 0.9, 0.8889, 1.0, 0.8571, 1.0, 0.6667, 0.0, 0.6667, 1.0, 0.7143, 0.875, 0.8571, 1.0, 0.8182, 0.0, 0.8333, 0.9, 0.7, 0.8571, 0.875, 0.8571, 0.7778, 1.0, 0.75, 0.8889, 1.0, 0.75, 1.0, 0.8333, 0.9091, 0.7778, 1.0, 1.0, 0.8333, 0.6364, 1.0, 0.5, 0.9, 1.0, 0.8889, 1.0, 1.0, 1.0, 0.0, 0.8182, 0.8, 1.0, 0.8182, 0.8571, 0.8571, 1.0, 0.8333, 1.0, 0.8, 0.8889, 1.0, 1.0, 0.0, 0.8889, 1.0, 0.5714, 0.75, 0.8571, 0.875, 0.9, 0.0, 0.7143, 1.0, 1.0, 1.0, 0.9, 1.0, 0.7143, 0.0, 1.0, 0.8, 0.9, 1.0, 0.7857, 0.8333, 0.8889, 0.0, 0.25, 0.8182, 0.8571, 0.75, 0.8571, 0.8, 1.0, 0.0, 0.2222, 0.8333, 0.75, 0.8333, 0.8, 0.7778, 1.0, 0.1429, 0.0, 0.8, 0.8, 1.0, 0.6, 0.8571, 1.0, 0.1667, 0.0, 0.8889, 0.7778, 0.5, 0.75, 0.8333, 0.875, 0.0, 0.125, 1.0, 0.5556, 1.0, 0.8571, 1.0, 0.6667, 0.0, 0.125, 0.8571, 0.9, 0.9, 1.0, 1.0, 0.75, 0.0, 0.0, 1.0, 0.625, 1.0, 0.8182, 1.0, 1.0, 0.0, 0.0, 0.8, 0.625, 0.5714, 0.8333, 0.3333, 1.0, 0.0, 0.0, 0.7778, 1.0, 1.0, 1.0, 0.0, 1.0, 0.2, 0.0, 0.8, 0.7692, 1.0, 0.8333, 0.0, 0.8, 0.1, 0.0, 1.0, 0.8571, 0.75, 0.75, 0.0, 0.8333, 0.0, 0.7143, 0.5714, 0.9091, 1.0, 0.8889, 0.1429, 0.6667, 0.0, 0.5, 1.0, 0.6667, 0.8182, 0.9091, 0.0, 1.0, 1.0, 1.0, 0.875, 0.5714, 0.8571, 0.5, 0.0, 0.8333, 0.875]"
random,0.01,5,random,0.357,0.357,0.357,-0.0,30,True,714,0,301,985,0,"[0.05, 0.0665, 0.082, 0.103, 0.1325, 0.155, 0.1765, 0.1965, 0.2195, 0.2385, 0.2525, 0.266, 0.2775, 0.2845, 0.2945, 0.3025, 0.3135, 0.322, 0.3285, 0.333, 0.34, 0.3455, 0.351, 0.3515, 0.3525, 0.3535, 0.3555, 0.356, 0.3565, 0.357, 0.357, 0.357, 0.357, 0.357, 0.357, 0.357, 0.357, 0.357, 0.357, 0.357, 0.357, 0.357, 0.357, 0.357, 0.357, 0.357, 0.357, 0.357, 0.357, 0.357, 0.357, 0.357, 0.357, 0.357, 0.357, 0.357, 0.357, 0.357, 0.357, 0.357, 0.357, 0.357, 0.357, 0.357, 0.357, 0.357, 0.357, 0.357, 0.357, 0.357, 0.357, 0.357, 0.357, 0.357, 0.357, 0.357, 0.357, 0.357, 0.357, 0.357, 0.357, 0.357, 0.357, 0.357, 0.357, 0.357, 0.357, 0.357, 0.357, 0.357, 0.357, 0.357, 0.357, 0.357, 0.357, 0.357, 0.357, 0.357, 0.357, 0.357, 0.357]","{""0"": 0.4105, ""1"": 0.2024, ""2"": 0.4564, ""3"": 0.5823, ""4"": 0.0514, ""5"": 0.5726, ""6"": 0.5356, ""7"": 0.038}","[0.2222, 0.4, 0.1667, 0.125, 0.8333, 0.1429, 1.0, 0.5, 0.0, 0.0, 0.0, 0.0, 0.8571, 0.0667, 1.0, 0.6, 0.0, 0.6667, 0.0, 0.0, 0.8333, 0.0, 1.0, 1.0, 0.0, 0.75, 0.0, 0.0, 0.5, 0.0, 0.75, 0.875, 0.2857, 0.7143, 0.0909, 0.0, 0.0, 0.0, 0.9, 0.8, 0.0, 0.9091, 0.0, 0.0, 0.1818, 0.1111, 1.0, 1.0, 0.0, 1.0, 0.1667, 0.0, 0.125, 0.25, 0.8571, 0.8333, 0.0, 1.0, 0.0, 0.2, 0.75, 0.0, 1.0, 0.9, 0.0, 0.9, 0.0, 0.125, 0.8571, 0.0, 1.0, 0.8182, 0.0, 0.8889, 0.0, 0.1111, 1.0, 0.0, 0.8889, 1.0, 0.1667, 0.9, 0.0, 0.0, 0.7, 0.0, 0.75, 0.8333, 0.0, 0.8462, 0.0909, 0.0, 0.8571, 0.2, 0.1, 0.8, 0.0, 0.8571, 0.1111, 0.1, 0.0, 0.1667, 0.0, 0.1111, 0.0, 0.875, 0.1429, 0.0, 0.0, 0.0, 0.0, 0.0, 0.0, 0.875, 0.0, 0.0, 0.0, 0.0, 0.0, 0.125, 0.1429, 0.5, 0.0, 0.25, 0.0, 0.1667, 0.0, 0.0, 0.0, 0.0, 0.0, 0.6667, 0.0, 0.0769, 0.2, 0.1111, 0.0, 0.0, 0.0, 0.8, 0.0, 0.0, 0.125, 0.0, 0.125, 0.0, 0.8333, 0.9, 0.0909, 0.0, 0.25, 0.0, 0.0, 0.0909, 0.8, 0.7143, 0.3333, 0.0, 0.0, 0.1, 0.0, 0.0, 0.8571, 1.0, 0.8333, 0.0, 0.0, 0.125, 0.1, 0.0, 1.0, 0.8333, 1.0, 0.0, 0.0, 0.0, 0.0, 0.1111, 0.8182, 1.0, 1.0, 0.0, 1.0, 0.0, 0.1111, 0.125, 0.8, 1.0, 0.9167, 0.2, 0.9, 0.8333, 0.0, 0.0, 0.2222, 0.7778, 1.0, 0.0, 0.8333, 0.8333, 0.0, 0.6667, 0.1429, 1.0, 1.0, 0.0, 0.6, 1.0, 0.0, 0.2857, 0.1429, 1.0, 1.0, 0.0, 1.0, 0.8889, 0.0, 0.0909, 0.0, 1.0, 0.875, 0.1111, 1.0, 0.6667, 0.0, 0.0, 0.0, 0.75, 1.0, 0.0833, 1.0, 0.8571, 0.0, 0.0, 0.0, 0.75, 0.8889, 0.0, 0.875, 1.0, 0.0909, 0.1111, 0.0, 0.0, 0.875, 0.0909, 0.6667, 0.875, 0.2, 0.2308]"
random,0.01,6,random,0.2425,0.2425,0.2425,-0.0,26,True,485,0,297,1218,0,"[0.05, 0.062, 0.075, 0.091, 0.1065, 0.121, 0.141, 0.1625, 0.1735, 0.183, 0.1895, 0.197, 0.2015, 0.2065, 0.2135, 0.219, 0.2235, 0.2265, 0.2295, 0.233, 0.2365, 0.2385, 0.2405, 0.2415, 0.242, 0.2425, 0.2425, 0.2425, 0.2425, 0.2425, 0.2425, 0.2425, 0.2425, 0.2425, 0.2425, 0.2425, 0.2425, 0.2425, 0.2425, 0.2425, 0.2425, 0.2425, 0.2425, 0.2425, 0.2425, 0.2425, 0.2425, 0.2425, 0.2425, 0.2425, 0.2425, 0.2425, 0.2425, 0.2425, 0.2425, 0.2425, 0.2425, 0.2425, 0.2425, 0.2425, 0.2425, 0.2425, 0.2425, 0.2425, 0.2425, 0.2425, 0.2425, 0.2425, 0.2425, 0.2425, 0.2425, 0.2425, 0.2425, 0.2425, 0.2425, 0.2425, 0.2425, 0.2425, 0.2425, 0.2425, 0.2425, 0.2425, 0.2425, 0.2425, 0.2425, 0.2425, 0.2425, 0.2425, 0.2425, 0.2425, 0.2425, 0.2425, 0.2425, 0.2425, 0.2425, 0.2425, 0.2425, 0.2425, 0.2425, 0.2425, 0.2425]","{""0"": 0.7695, ""1"": 0.0543, ""2"": 0.0803, ""3"": 0.4421, ""4"": 0.0402, ""5"": 0.0508, ""6"": 0.0289, ""7"": 0.4696}","[0.4444, 0.9, 0.1, 0.375, 0.0769, 0.0, 0.0, 0.0, 0.0769, 0.625, 0.0, 0.2, 0.1111, 0.0, 0.0, 0.0, 0.0, 0.0, 0.0, 0.0, 0.8333, 0.0, 0.1, 0.0, 0.0, 0.0, 0.0909, 0.0, 0.7778, 0.1, 0.0, 0.0, 0.0, 0.0, 0.125, 0.0, 1.0, 0.0, 0.0, 0.0, 0.0833, 0.1667, 0.0, 0.0, 1.0, 0.0, 0.0, 0.0, 0.0, 0.8333, 0.0, 0.1, 0.8, 0.0, 0.0, 0.0, 0.0, 0.8182, 0.1429, 0.1, 0.9091, 0.0, 0.0, 0.0, 0.0, 1.0, 0.0, 0.0, 1.0, 0.0, 0.0909, 0.0, 1.0, 0.7778, 0.1111, 0.0, 1.0, 0.0, 0.0, 0.25, 0.7143, 1.0, 0.0, 0.0, 1.0, 0.0, 0.0833, 0.125, 0.8571, 0.75, 0.0, 0.6667, 1.0, 0.0, 0.0, 0.0, 1.0, 1.0, 0.125, 0.0833, 0.875, 0.1, 0.125, 0.0, 0.6667, 1.0, 0.0, 0.2, 1.0, 0.1667, 0.1111, 0.1, 1.0, 0.875, 0.0, 0.1, 0.8333, 0.1818, 0.0, 0.0, 0.7, 1.0, 0.0, 0.0, 0.6667, 0.0, 0.0, 0.0, 0.9, 0.5714, 0.0, 0.1111, 0.8333, 0.0, 0.1818, 0.0, 1.0, 0.9091, 0.0, 0.0, 0.0, 0.2222, 0.0, 0.0, 0.8889, 1.0, 0.0, 0.0, 0.0, 0.0, 0.1111, 0.0, 0.9, 1.0, 0.1429, 0.0, 0.0, 0.0, 0.0, 0.0, 0.9167, 0.6667, 0.1111, 0.25, 0.0, 0.0, 0.0, 0.0, 1.0, 0.8, 0.4, 0.0, 0.0, 0.1111, 0.0, 0.25, 1.0, 0.9, 0.1111, 0.0, 0.0, 0.0, 0.0, 0.0, 0.8571, 1.0, 0.0, 0.0, 0.1429, 0.1429, 0.1667, 0.1429, 0.6667, 1.0, 0.0, 0.0, 0.0, 0.0, 0.0909, 0.0, 0.1429, 0.8889, 0.0, 0.1667, 0.2, 0.0, 0.0, 0.0, 0.0, 1.0, 0.1429, 0.0, 0.1429, 0.0, 0.25, 0.0, 0.0, 0.6667, 0.0833, 0.0, 0.0, 0.0, 0.0, 0.0, 0.0, 1.0, 0.0, 0.0, 0.0, 0.0, 0.0, 0.25, 0.0, 0.9167, 0.125, 0.1111, 0.0, 0.0, 0.0769, 0.0, 0.6667, 1.0, 0.0, 0.0714, 0.0, 0.0, 0.0, 0.0, 0.2, 0.75]"
random,0.01,7,random,0.4205,0.4205,0.4205,0.0,59,True,841,0,289,870,0,"[0.05, 0.067, 0.0835, 0.1015, 0.1235, 0.1475, 0.176, 0.2015, 0.2145, 0.2235, 0.233, 0.2395, 0.2475, 0.2625, 0.279, 0.296, 0.304, 0.309, 0.3145, 0.323, 0.33, 0.3335, 0.335, 0.338, 0.3425, 0.3465, 0.349, 0.3515, 0.3545, 0.358, 0.3635, 0.3655, 0.367, 0.3685, 0.37, 0.371, 0.3725, 0.374, 0.3765, 0.381, 0.3855, 0.389, 0.3905, 0.392, 0.3945, 0.3955, 0.3965, 0.3985, 0.4005, 0.402, 0.4055, 0.4075, 0.409, 0.4115, 0.413, 0.4155, 0.4175, 0.419, 0.4205, 0.4205, 0.4205, 0.4205, 0.4205, 0.4205, 0.4205, 0.4205, 0.4205, 0.4205, 0.4205, 0.4205, 0.4205, 0.4205, 0.4205, 0.4205, 0.4205, 0.4205, 0.4205, 0.4205, 0.4205, 0.4205, 0.4205, 0.4205, 0.4205, 0.4205, 0.4205, 0.4205, 0.4205, 0.4205, 0.4205, 0.4205, 0.4205, 0.4205, 0.4205, 0.4205, 0.4205, 0.4205, 0.4205, 0.4205, 0.4205, 0.4205, 0.4205]","{""0"": 0.6395, ""1"": 0.0593, ""2"": 0.6491, ""3"": 0.0796, ""4"": 0.6835, ""5"": 0.7491, ""6"": 0.2114, ""7"": 0.2267}","[0.5556, 1.0, 0.5, 0.0, 0.0, 0.75, 0.5, 0.0, 0.1429, 0.8571, 0.2222, 0.5, 0.0, 0.6667, 0.9, 0.1667, 0.0, 0.8571, 0.0, 0.75, 0.125, 0.7778, 0.5, 0.3333, 0.0, 0.875, 0.0, 0.7143, 0.1429, 0.7143, 0.0, 0.875, 0.0, 1.0, 0.0, 1.0, 0.5, 1.0, 0.1429, 1.0, 0.0, 1.0, 0.0, 1.0, 0.6667, 1.0, 0.0714, 0.8, 0.0, 1.0, 0.0, 0.6667, 0.0, 0.8889, 0.0, 0.125, 0.0, 1.0, 0.1429, 0.75, 0.0, 0.9091, 1.0, 0.1429, 0.0, 0.8333, 0.1, 0.9091, 0.1429, 0.7778, 1.0, 0.0, 0.0, 1.0, 0.0, 0.9091, 0.0, 0.75, 0.7778, 0.1429, 0.6667, 0.9, 0.0, 1.0, 0.1111, 0.75, 0.8889, 0.125, 0.7778, 0.9, 0.0, 0.8333, 0.0, 0.8, 1.0, 0.1, 0.75, 0.8333, 0.1, 0.875, 0.3333, 1.0, 1.0, 0.0, 1.0, 0.8182, 0.125, 0.8182, 0.1, 0.8333, 1.0, 0.1111, 0.9091, 0.7143, 0.0, 0.7, 0.0, 0.0, 0.8, 0.0, 1.0, 0.625, 0.0, 0.8571, 0.1111, 0.1667, 0.8333, 0.0, 0.6667, 0.5714, 0.0, 0.6667, 0.0833, 0.0, 0.8333, 0.1111, 0.0, 1.0, 0.0, 0.8, 0.0, 0.0, 1.0, 0.0909, 0.0, 1.0, 0.0, 0.5, 0.0, 0.1667, 0.6667, 0.0, 0.0, 1.0, 0.0, 1.0, 0.0, 0.9091, 1.0, 0.0, 0.0, 0.8, 0.25, 0.8462, 0.0, 0.9286, 0.8, 0.0, 0.0, 0.125, 0.0, 0.8889, 0.1429, 1.0, 0.7778, 0.0, 0.0, 0.0, 0.1429, 0.875, 0.1667, 0.7778, 0.6364, 0.0, 0.0, 0.0769, 0.0, 0.875, 0.0, 0.875, 0.6667, 0.875, 0.0, 0.0, 0.0, 1.0, 0.0, 0.9, 1.0, 0.75, 0.0, 0.125, 0.0, 0.1, 0.0, 1.0, 0.8889, 0.8, 0.2222, 0.0, 0.0, 0.0, 0.0, 1.0, 0.9286, 0.1111, 0.125, 0.0, 0.0, 0.2222, 0.0, 0.8889, 1.0, 0.0, 0.0909, 0.1667, 0.3, 0.5, 0.0, 0.0, 0.8333, 0.0, 0.1, 0.25, 0.0, 0.0, 0.0, 0.2857, 0.8462, 0.0, 0.125, 0.3333, 0.0, 0.0, 0.2, 0.7778, 0.9091, 0.125, 0.0909, 1.0]"
random,0.01,8,random,0.7615,0.7615,0.7615,0.0,52,True,1523,0,276,201,0,"[0.05, 0.0715, 0.091, 0.116, 0.143, 0.1705, 0.199, 0.2215, 0.2435, 0.272, 0.2985, 0.323, 0.3455, 0.368, 0.3965, 0.4225, 0.4385, 0.453, 0.468, 0.4855, 0.506, 0.5265, 0.544, 0.565, 0.5855, 0.6055, 0.6225, 0.634, 0.647, 0.657, 0.6675, 0.676, 0.6835, 0.6895, 0.696, 0.701, 0.7075, 0.713, 0.722, 0.731, 0.733, 0.736, 0.738, 0.74, 0.743, 0.746, 0.749, 0.7505, 0.7525, 0.7555, 0.7595, 0.7615, 0.7615, 0.7615, 0.7615, 0.7615, 0.7615, 0.7615, 0.7615, 0.7615, 0.7615, 0.7615, 0.7615, 0.7615, 0.7615, 0.7615, 0.7615, 0.7615, 0.7615, 0.7615, 0.7615, 0.7615, 0.7615, 0.7615, 0.7615, 0.7615, 0.7615, 0.7615, 0.7615, 0.7615, 0.7615, 0.7615, 0.7615, 0.7615, 0.7615, 0.7615, 0.7615, 0.7615, 0.7615, 0.7615, 0.7615, 0.7615, 0.7615, 0.7615, 0.7615, 0.7615, 0.7615, 0.7615, 0.7615, 0.7615, 0.7615]","{""0"": 0.7734, ""1"": 0.0404, ""2"": 0.8532, ""3"": 0.8679, ""4"": 0.879, ""5"": 0.8689, ""6"": 0.852, ""7"": 0.8739}","[0.7778, 1.0, 0.0, 1.0, 1.0, 0.7, 0.8333, 0.8889, 0.7143, 0.8571, 0.1, 1.0, 0.8571, 0.8571, 1.0, 0.8333, 0.9091, 0.7143, 0.0, 0.625, 1.0, 1.0, 0.6, 0.6, 1.0, 0.875, 0.1667, 0.9091, 1.0, 1.0, 1.0, 0.8182, 0.8182, 0.8571, 0.0, 1.0, 1.0, 0.75, 1.0, 0.8571, 1.0, 0.8571, 0.0, 1.0, 0.75, 0.8333, 1.0, 0.8889, 0.8, 0.625, 0.0, 0.8, 0.8333, 0.8333, 0.7778, 1.0, 1.0, 0.8333, 0.0, 1.0, 0.8, 1.0, 0.6667, 0.9167, 1.0, 1.0, 0.0, 1.0, 0.7692, 0.75, 1.0, 0.6667, 0.8571, 1.0, 0.0, 1.0, 1.0, 0.8571, 1.0, 0.5714, 0.6667, 0.875, 0.0, 1.0, 0.9, 0.7857, 0.9091, 0.8333, 0.6667, 1.0, 0.1667, 0.8, 0.8, 0.75, 0.6667, 0.7143, 0.7778, 0.8889, 0.0, 0.875, 0.6923, 0.9167, 0.8333, 0.8333, 1.0, 1.0, 0.0, 0.6667, 0.4, 0.875, 0.5556, 0.7143, 0.9, 0.8571, 0.0, 1.0, 1.0, 0.8571, 0.875, 0.8, 0.8571, 1.0, 0.0, 1.0, 0.6667, 1.0, 0.8, 1.0, 0.625, 0.75, 0.0, 0.9091, 0.6667, 1.0, 0.8333, 1.0, 0.8571, 1.0, 0.1429, 1.0, 1.0, 1.0, 1.0, 0.9, 0.7692, 0.9, 0.0, 0.6667, 0.8889, 0.8889, 0.8571, 1.0, 1.0, 0.8333, 0.0, 0.8889, 0.875, 0.8889, 0.9, 1.0, 1.0, 1.0, 0.125, 1.0, 1.0, 1.0, 0.6364, 0.8889, 1.0, 0.9, 0.0, 0.8, 0.75, 1.0, 0.8, 0.7, 1.0, 0.75, 0.2, 0.8571, 1.0, 1.0, 0.9167, 0.7273, 1.0, 0.75, 0.0, 1.0, 0.9091, 1.0, 0.8333, 1.0, 1.0, 0.0714, 0.0, 0.5556, 1.0, 0.875, 1.0, 1.0, 1.0, 0.125, 0.0, 0.8571, 1.0, 0.7778, 0.875, 1.0, 0.8571, 0.1111, 0.3333, 0.6667, 1.0, 0.8, 1.0, 0.5, 0.75, 0.6, 0.125, 0.7, 0.875, 0.8, 1.0, 1.0, 0.7778, 1.0, 0.0, 0.5, 0.875, 0.8571, 0.8889, 0.9375, 1.0, 0.5714, 0.0, 0.8889, 0.875, 0.75, 0.9091, 1.0, 1.0, 0.8182, 0.0, 0.8571, 0.6667, 0.8889, 0.9167, 1.0, 0.8333, 0.8889]"
random,0.01,9,random,0.331,0.331,0.331,0.0,38,True,662,0,298,1040,0,"[0.05, 0.065, 0.0755, 0.084, 0.094, 0.1065, 0.1135, 0.1205, 0.134, 0.146, 0.1555, 0.172, 0.187, 0.199, 0.2075, 0.218, 0.223, 0.2255, 0.231, 0.237, 0.243, 0.248, 0.253, 0.26, 0.267, 0.2715, 0.2765, 0.28, 0.2835, 0.29, 0.297, 0.3025, 0.3095, 0.3155, 0.3225, 0.3275, 0.33, 0.331, 0.331, 0.331, 0.331, 0.331, 0.331, 0.331, 0.331, 0.331, 0.331, 0.331, 0.331, 0.331, 0.331, 0.331, 0.331, 0.331, 0.331, 0.331, 0.331, 0.331, 0.331, 0.331, 0.331, 0.331, 0.331, 0.331, 0.331, 0.331, 0.331, 0.331, 0.331, 0.331, 0.331, 0.331, 0.331, 0.331, 0.331, 0.331, 0.331, 0.331, 0.331, 0.331, 0.331, 0.331, 0.331, 0.331, 0.331, 0.331, 0.331, 0.331, 0.331, 0.331, 0.331, 0.331, 0.331, 0.331, 0.331, 0.331, 0.331, 0.331, 0.331, 0.331, 0.331]","{""0"": 0.5114, ""1"": 0.0565, ""2"": 0.0699, ""3"": 0.4008, ""4"": 0.5992, ""5"": 0.0512, ""6"": 0.0354, ""7"": 0.9046}","[0.4444, 1.0, 0.0, 0.0, 0.0, 0.7143, 0.0909, 0.0, 1.0, 0.4, 0.0, 0.0, 0.2222, 1.0, 0.0, 0.0, 0.8, 0.75, 0.2, 0.0, 0.0, 0.7778, 0.0, 0.0, 1.0, 0.8571, 0.0, 0.0, 0.75, 0.8333, 0.2, 0.0, 1.0, 0.9091, 0.125, 0.0, 1.0, 0.6667, 0.0, 0.0, 0.8571, 1.0, 0.1429, 0.625, 1.0, 0.875, 0.0, 0.0, 0.75, 0.8571, 0.1, 0.5714, 0.8571, 0.8182, 0.0, 0.0, 1.0, 0.0833, 0.0, 0.0, 0.875, 0.8889, 0.2222, 0.0, 0.7778, 0.1429, 0.0, 0.0, 0.7, 0.8889, 0.0, 0.1, 0.75, 0.0, 0.0, 0.1111, 1.0, 0.5, 0.0, 0.0, 0.8889, 0.125, 0.0, 0.0833, 0.8571, 0.0, 0.0833, 0.0, 0.7778, 0.0, 0.1667, 0.0, 0.875, 0.0, 0.0, 0.0, 1.0, 0.125, 0.0, 0.0, 0.9, 0.125, 0.1429, 0.0, 1.0, 0.0, 0.0, 0.0, 0.875, 0.0833, 0.125, 0.0, 0.8, 0.125, 0.0, 0.1429, 0.8889, 0.0, 0.0, 0.0, 0.8571, 0.0, 0.0, 0.0, 0.875, 0.0, 0.0833, 0.0, 1.0, 0.0, 0.0, 0.1429, 0.125, 0.2, 0.0, 0.0, 1.0, 0.1111, 0.0, 0.0, 0.2222, 1.0, 0.0909, 0.0, 1.0, 0.0, 0.0, 0.25, 0.0909, 0.75, 0.1818, 0.1429, 1.0, 0.0, 0.0909, 0.0, 0.0, 0.8889, 0.0, 0.0, 0.8333, 0.0909, 0.0, 0.1, 0.0, 0.7778, 0.0, 0.0, 0.8889, 0.6667, 0.3333, 0.0, 0.0, 0.8333, 0.0, 0.1667, 1.0, 0.8889, 0.0, 0.0, 0.1429, 0.7143, 0.0, 0.0, 0.6667, 0.75, 0.0, 0.1429, 0.0, 0.8571, 0.0, 0.0, 0.8571, 0.875, 0.1429, 0.0, 0.25, 0.875, 0.1667, 0.1, 1.0, 0.9231, 0.125, 0.0, 0.0, 0.875, 0.0, 0.0, 1.0, 1.0, 0.0, 0.0, 0.0, 0.6667, 0.0, 0.5, 1.0, 0.8333, 0.0, 0.0, 0.2857, 0.875, 0.0, 0.1111, 1.0, 0.8333, 0.1667, 0.0, 0.0, 1.0, 0.0, 0.0, 0.8, 0.8182, 0.1818, 0.0, 0.0, 1.0, 0.0, 0.0, 0.8333, 0.875, 0.1111, 0.0, 0.0, 0.875, 0.1111, 0.0, 0.8889, 0.8333]"
random,0.01,10,random,0.6375,0.6375,0.6375,0.0,53,True,1275,0,293,432,0,"[0.05, 0.061, 0.0705, 0.0805, 0.0925, 0.106, 0.12, 0.1345, 0.1495, 0.1635, 0.1795, 0.1945, 0.2125, 0.2265, 0.2455, 0.266, 0.2865, 0.3, 0.314, 0.3265, 0.3465, 0.368, 0.3895, 0.4025, 0.417, 0.4355, 0.4475, 0.459, 0.4685, 0.4785, 0.492, 0.5055, 0.5205, 0.5365, 0.5535, 0.574, 0.5855, 0.597, 0.6045, 0.6105, 0.6175, 0.623, 0.626, 0.629, 0.631, 0.6315, 0.632, 0.6325, 0.633, 0.634, 0.6355, 0.637, 0.6375, 0.6375, 0.6375, 0.6375, 0.6375, 0.6375, 0.6375, 0.6375, 0.6375, 0.6375, 0.6375, 0.6375, 0.6375, 0.6375, 0.6375, 0.6375, 0.6375, 0.6375, 0.6375, 0.6375, 0.6375, 0.6375, 0.6375, 0.6375, 0.6375, 0.6375, 0.6375, 0.6375, 0.6375, 0.6375, 0.6375, 0.6375, 0.6375, 0.6375, 0.6375, 0.6375, 0.6375, 0.6375, 0.6375, 0.6375, 0.6375, 0.6375, 0.6375, 0.6375, 0.6375, 0.6375, 0.6375, 0.6375, 0.6375]","{""0"": 0.8702, ""1"": 0.6654, ""2"": 0.2449, ""3"": 0.4205, ""4"": 0.4751, ""5"": 0.8652, ""6"": 0.736, ""7"": 0.8565}","[0.8889, 0.6, 1.0, 0.1111, 0.7273, 0.1111, 0.8333, 0.3333, 0.8333, 1.0, 0.75, 0.0, 0.5, 0.0, 1.0, 0.0, 1.0, 0.8571, 0.8571, 0.0, 0.0, 0.0, 0.7143, 0.0, 1.0, 0.8889, 0.6667, 0.0, 0.0, 0.0, 1.0, 0.0, 0.875, 0.8182, 0.875, 0.0, 0.1667, 0.0, 1.0, 0.0, 0.7, 1.0, 0.8571, 0.0, 0.0, 0.1111, 1.0, 1.0, 1.0, 0.8571, 0.875, 0.0, 0.0, 0.0, 0.9, 0.6, 0.9, 0.75, 0.0, 0.0, 0.0909, 0.1111, 1.0, 0.6, 1.0, 0.7, 0.0714, 0.0, 0.0, 0.6667, 0.6667, 0.7143, 0.8333, 0.9167, 0.125, 0.0, 0.0, 0.7, 1.0, 0.8889, 1.0, 0.75, 0.0, 0.0, 0.0, 1.0, 0.7143, 1.0, 0.8571, 0.8889, 0.0, 0.1111, 0.0, 1.0, 1.0, 0.9, 1.0, 1.0, 0.0, 0.125, 0.0, 1.0, 1.0, 0.8571, 0.8889, 0.6667, 0.8571, 0.0, 0.0, 0.5, 1.0, 1.0, 1.0, 1.0, 0.6667, 0.0, 0.125, 0.0, 0.875, 1.0, 1.0, 0.8571, 0.8571, 0.75, 0.0, 0.0, 0.75, 0.8, 0.8, 0.75, 0.8, 1.0, 0.0, 1.0, 0.6667, 0.8571, 0.5, 1.0, 1.0, 0.7143, 0.7, 0.6667, 0.6667, 0.7143, 0.3, 0.5556, 1.0, 1.0, 0.7778, 0.7692, 0.8333, 0.8571, 1.0, 0.9, 1.0, 1.0, 1.0, 0.9, 0.8, 0.9231, 0.8889, 1.0, 0.8889, 0.6667, 1.0, 0.8333, 0.875, 0.6, 0.8, 0.875, 0.7143, 0.4286, 0.8889, 0.75, 0.7143, 0.8333, 1.0, 1.0, 0.7778, 0.0, 1.0, 0.875, 1.0, 0.6667, 0.8571, 1.0, 0.875, 0.125, 0.8571, 0.8, 0.8333, 1.0, 0.6667, 1.0, 1.0, 0.1111, 0.7, 1.0, 0.8889, 0.8333, 0.6667, 0.7143, 0.8, 0.625, 1.0, 0.7143, 1.0, 0.9, 0.8889, 1.0, 0.875, 0.8, 1.0, 0.9, 1.0, 0.6667, 1.0, 0.6667, 0.6364, 0.0, 0.6667, 0.6364, 0.8889, 0.8333, 0.7692, 0.9091, 1.0, 0.1667, 1.0, 0.1111, 0.5556, 1.0, 0.8182, 0.9091, 0.8333, 0.0, 0.8333, 0.1667, 0.8571, 0.9167, 1.0, 1.0, 0.9, 0.0, 0.9091, 0.2, 0.8, 0.8333, 0.875, 1.0]"
random,0.01,11,random,0.452,0.452,0.452,-0.0,36,True,904,0,294,802,0,"[0.05, 0.0665, 0.0785, 0.0945, 0.1135, 0.134, 0.151, 0.1675, 0.185, 0.2, 0.2165, 0.231, 0.244, 0.2595, 0.271, 0.285, 0.298, 0.3125, 0.3245, 0.337, 0.352, 0.367, 0.3815, 0.394, 0.405, 0.4125, 0.42, 0.428, 0.4305, 0.433, 0.4375, 0.4405, 0.445, 0.448, 0.4505, 0.452, 0.452, 0.452, 0.452, 0.452, 0.452, 0.452, 0.452, 0.452, 0.452, 0.452, 0.452, 0.452, 0.452, 0.452, 0.452, 0.452, 0.452, 0.452, 0.452, 0.452, 0.452, 0.452, 0.452, 0.452, 0.452, 0.452, 0.452, 0.452, 0.452, 0.452, 0.452, 0.452, 0.452, 0.452, 0.452, 0.452, 0.452, 0.452, 0.452, 0.452, 0.452, 0.452, 0.452, 0.452, 0.452, 0.452, 0.452, 0.452, 0.452, 0.452, 0.452, 0.452, 0.452, 0.452, 0.452, 0.452, 0.452, 0.452, 0.452, 0.452, 0.452, 0.452, 0.452, 0.452, 0.452]","{""0"": 0.6882, ""1"": 0.7161, ""2"": 0.0425, ""3"": 0.8502, ""4"": 0.3089, ""5"": 0.9046, ""6"": 0.0328, ""7"": 0.0455}","[0.5556, 0.9091, 0.75, 0.0, 1.0, 0.2, 1.0, 0.0, 0.0, 1.0, 1.0, 0.0, 0.7143, 0.3636, 0.8889, 0.0, 0.0, 0.9375, 0.7143, 0.0, 1.0, 0.0, 1.0, 0.0, 0.1429, 0.9091, 0.6667, 0.0, 0.6667, 0.0, 1.0, 0.0, 0.0, 0.7, 1.0, 0.0, 0.8182, 0.1111, 0.8333, 0.125, 0.1, 1.0, 0.75, 0.0, 1.0, 0.5, 1.0, 0.0, 0.1667, 0.8333, 0.875, 0.1667, 0.8889, 1.0, 1.0, 0.1429, 0.0, 0.7, 0.8, 0.0, 0.8571, 1.0, 0.8, 0.0, 0.1667, 1.0, 1.0, 0.0, 0.8333, 0.8571, 0.8, 0.0, 0.1429, 0.5, 0.7143, 0.0, 1.0, 1.0, 0.8333, 0.0, 0.1667, 0.6, 0.0909, 0.0, 1.0, 1.0, 1.0, 0.0, 0.0, 1.0, 0.5714, 0.1667, 0.75, 0.75, 0.5, 0.0, 0.0, 0.875, 0.7143, 0.0, 1.0, 0.8889, 1.0, 0.0, 0.0, 0.875, 1.0, 0.1, 1.0, 0.7, 1.0, 0.0, 0.0909, 1.0, 1.0, 0.0, 0.5, 0.125, 1.0, 0.0, 0.0, 1.0, 0.9091, 0.0, 0.9, 0.0, 1.0, 0.0, 0.0, 1.0, 0.8333, 0.0, 0.7692, 0.1667, 0.9, 0.0, 0.0, 0.9, 0.75, 0.1, 0.8, 0.0, 0.9, 0.1, 0.2, 0.8571, 0.0, 0.0, 0.8889, 0.0, 0.8571, 0.375, 0.1, 0.4444, 0.0, 0.25, 0.875, 0.0, 0.8571, 0.1111, 0.0, 0.0, 0.0, 0.1667, 1.0, 0.0, 1.0, 0.0, 0.0, 0.0, 0.7778, 0.0, 0.6667, 0.25, 1.0, 0.0, 0.0, 0.0, 0.8889, 0.0, 0.8333, 0.0, 0.8, 0.0, 0.0, 0.0, 0.7778, 0.0, 0.8571, 0.0, 1.0, 0.0, 0.2222, 0.0, 0.75, 0.0667, 0.875, 0.0, 0.6667, 0.0, 0.0, 0.0, 1.0, 0.0, 1.0, 0.0, 1.0, 0.125, 0.0, 0.8333, 0.75, 0.1111, 0.4, 0.0909, 0.875, 0.0, 0.0, 1.0, 0.8333, 0.1667, 0.6667, 0.0, 0.875, 0.0, 0.0, 0.75, 1.0, 0.0, 0.8182, 0.1111, 0.875, 0.0, 0.0, 0.8571, 0.8889, 0.125, 1.0, 0.0, 0.75, 0.0, 0.0, 1.0, 0.8571, 0.0, 0.9167, 0.0, 1.0, 0.0, 0.0, 1.0]"
random,0.025,0,random,0.74,0.74,0.74,0.0,48,True,1480,0,269,251,0,"[0.05, 0.07, 0.0915, 0.1115, 0.135, 0.164, 0.191, 0.2165, 0.2445, 0.271, 0.292, 0.3135, 0.3315, 0.354, 0.377, 0.3945, 0.415, 0.439, 0.469, 0.504, 0.5395, 0.568, 0.5845, 0.598, 0.612, 0.6195, 0.6285, 0.6385, 0.6525, 0.6665, 0.682, 0.6895, 0.6975, 0.7035, 0.707, 0.7085, 0.71, 0.714, 0.7195, 0.7235, 0.725, 0.7275, 0.7295, 0.7315, 0.7325, 0.7355, 0.739, 0.74, 0.74, 0.74, 0.74, 0.74, 0.74, 0.74, 0.74, 0.74, 0.74, 0.74, 0.74, 0.74, 0.74, 0.74, 0.74, 0.74, 0.74, 0.74, 0.74, 0.74, 0.74, 0.74, 0.74, 0.74, 0.74, 0.74, 0.74, 0.74, 0.74, 0.74, 0.74, 0.74, 0.74, 0.74, 0.74, 0.74, 0.74, 0.74, 0.74, 0.74, 0.74, 0.74, 0.74, 0.74, 0.74, 0.74, 0.74, 0.74, 0.74, 0.74, 0.74, 0.74, 0.74]","{""0"": 0.2996, ""1"": 0.8735, ""2"": 0.845, ""3"": 0.8788, ""4"": 0.7802, ""5"": 0.8571, ""6"": 0.4882, ""7"": 0.8907}","[0.7778, 0.0, 0.8889, 0.8889, 1.0, 1.0, 0.8, 0.0, 0.9231, 0.0, 1.0, 0.7778, 0.8889, 0.6667, 0.7143, 0.0, 1.0, 0.1429, 0.75, 1.0, 0.75, 0.3333, 0.9, 0.4286, 0.8571, 0.1111, 1.0, 1.0, 0.7, 0.1111, 0.8333, 0.0, 1.0, 0.6, 1.0, 0.7273, 0.9, 0.1, 0.9091, 0.0, 1.0, 0.8462, 0.7143, 1.0, 1.0, 0.0, 0.875, 0.0, 1.0, 1.0, 0.7778, 1.0, 0.8571, 0.8333, 0.8333, 0.0, 1.0, 0.875, 0.8, 0.7778, 0.9231, 0.8571, 1.0, 0.3333, 0.8571, 0.8, 1.0, 1.0, 0.8571, 1.0, 0.7, 0.6667, 1.0, 0.8, 0.9091, 0.8571, 0.875, 0.9167, 0.875, 0.875, 1.0, 0.7143, 0.8, 1.0, 1.0, 0.7778, 0.8333, 0.8333, 0.9167, 1.0, 0.8571, 0.8182, 1.0, 1.0, 1.0, 0.8571, 1.0, 0.8, 0.8889, 0.5714, 0.7778, 0.7778, 0.75, 0.9231, 0.8333, 0.3333, 0.8889, 0.8889, 0.8571, 1.0, 0.9091, 0.8182, 1.0, 0.5, 0.875, 0.5, 0.5714, 0.8333, 1.0, 0.8, 0.8889, 0.0, 1.0, 0.9231, 1.0, 0.8571, 0.8333, 0.875, 0.2857, 0.3333, 0.8182, 0.8333, 0.7778, 1.0, 0.7778, 0.875, 1.0, 0.2, 0.8, 0.8182, 0.6667, 0.75, 1.0, 0.9167, 0.8333, 0.0, 0.8, 1.0, 0.8571, 0.875, 0.75, 1.0, 0.8889, 0.0, 0.8571, 0.8, 1.0, 1.0, 0.8571, 1.0, 1.0, 0.1429, 0.8571, 0.8, 1.0, 0.8889, 0.8889, 0.875, 0.7, 0.0, 0.8889, 1.0, 0.875, 1.0, 0.9091, 1.0, 0.8, 0.0, 1.0, 0.6667, 1.0, 1.0, 0.8333, 1.0, 1.0, 0.1429, 0.8571, 0.7143, 1.0, 0.8, 0.8889, 1.0, 0.8333, 0.0, 1.0, 0.9091, 0.7778, 0.75, 1.0, 0.0, 0.7, 0.125, 1.0, 0.7778, 0.9, 1.0, 0.8, 0.0, 0.8889, 0.0, 0.75, 0.9286, 0.6667, 0.8571, 0.8333, 0.0, 1.0, 0.0, 1.0, 0.6667, 0.8, 1.0, 0.8333, 0.125, 0.875, 0.0, 1.0, 0.875, 0.9, 1.0, 0.875, 0.0909, 1.0, 0.0, 0.6667, 0.8333, 1.0, 0.875, 1.0, 0.0769, 1.0, 0.0, 0.8, 0.75, 1.0, 0.8333, 0.8, 0.125, 0.75, 0.0]"
random,0.025,1,random,0.809,0.809,0.809,0.0,57,True,1618,0,295,87,0,"[0.05, 0.075, 0.0995, 0.137, 0.181, 0.221, 0.265, 0.311, 0.3565, 0.4085, 0.454, 0.502, 0.5445, 0.5705, 0.5965, 0.6195, 0.6375, 0.649, 0.6595, 0.6675, 0.674, 0.676, 0.679, 0.683, 0.6855, 0.6895, 0.695, 0.7005, 0.7035, 0.708, 0.7155, 0.722, 0.726, 0.73, 0.734, 0.738, 0.7425, 0.7495, 0.7575, 0.7665, 0.7735, 0.7775, 0.7795, 0.7815, 0.7845, 0.788, 0.791, 0.792, 0.793, 0.7955, 0.7985, 0.8005, 0.802, 0.8035, 0.8055, 0.8085, 0.809, 0.809, 0.809, 0.809, 0.809, 0.809, 0.809, 0.809, 0.809, 0.809, 0.809, 0.809, 0.809, 0.809, 0.809, 0.809, 0.809, 0.809, 0.809, 0.809, 0.809, 0.809, 0.809, 0.809, 0.809, 0.809, 0.809, 0.809, 0.809, 0.809, 0.809, 0.809, 0.809, 0.809, 0.809, 0.809, 0.809, 0.809, 0.809, 0.809, 0.809, 0.809, 0.809, 0.809, 0.809]","{""0"": 0.856, ""1"": 0.8354, ""2"": 0.6603, ""3"": 0.6752, ""4"": 0.856, ""5"": 0.8566, ""6"": 0.873, ""7"": 0.8598}","[0.7778, 0.9091, 0.8333, 0.8571, 0.875, 1.0, 0.7, 0.7143, 1.0, 0.75, 0.9, 0.6, 0.75, 0.4, 0.8333, 1.0, 0.875, 0.7, 1.0, 1.0, 1.0, 0.875, 1.0, 0.8889, 0.6667, 0.9, 1.0, 0.0, 0.875, 0.75, 0.8571, 0.7778, 0.9286, 0.8462, 0.8333, 0.0, 1.0, 1.0, 1.0, 0.8889, 0.7143, 0.75, 0.7143, 0.0, 0.8889, 0.8, 0.875, 0.8333, 0.7143, 0.9, 1.0, 0.0, 1.0, 1.0, 0.8889, 0.6667, 0.9, 0.8889, 0.5556, 0.0, 0.875, 0.6, 0.8571, 1.0, 0.8571, 0.6667, 1.0, 0.0, 1.0, 0.8333, 0.8571, 0.7778, 0.8182, 1.0, 0.7143, 0.0, 0.75, 1.0, 0.8333, 1.0, 1.0, 0.8571, 1.0, 0.5556, 0.7143, 0.75, 0.8333, 0.8, 0.5556, 1.0, 0.8, 1.0, 0.7778, 1.0, 0.8889, 0.75, 1.0, 0.5, 1.0, 0.75, 1.0, 1.0, 0.7778, 0.8333, 0.8889, 1.0, 0.9, 0.875, 0.8571, 0.8571, 0.7778, 0.75, 1.0, 0.6923, 1.0, 0.875, 1.0, 0.5714, 1.0, 0.8182, 0.8333, 0.9, 0.9091, 0.9091, 0.9, 0.8571, 1.0, 1.0, 0.7, 0.8, 0.6, 1.0, 1.0, 0.7, 0.9, 1.0, 0.875, 1.0, 0.5714, 0.7143, 0.7143, 0.9091, 0.875, 0.875, 0.75, 1.0, 0.8333, 0.75, 1.0, 0.875, 0.8889, 1.0, 0.7143, 0.5, 0.8333, 0.7143, 0.1667, 0.8889, 0.8571, 0.5, 0.7778, 1.0, 0.875, 1.0, 0.0, 1.0, 0.6667, 0.8, 0.8571, 1.0, 0.75, 1.0, 0.0, 1.0, 1.0, 0.6667, 0.8182, 0.8571, 0.875, 0.8182, 0.1667, 1.0, 1.0, 1.0, 1.0, 0.8889, 0.5, 1.0, 0.0, 0.7273, 0.75, 1.0, 1.0, 1.0, 0.8889, 0.5714, 0.0, 0.9167, 0.7857, 0.9, 1.0, 0.9, 0.7778, 0.6667, 0.8, 0.7273, 0.875, 0.9, 1.0, 1.0, 0.75, 1.0, 0.8571, 1.0, 1.0, 0.875, 0.8889, 0.875, 0.8, 0.8, 0.5714, 0.8889, 0.9167, 0.9, 1.0, 0.7, 0.6667, 0.8, 0.8571, 0.9, 0.6, 0.9167, 1.0, 0.8333, 0.8889, 0.875, 0.6667, 0.6667, 0.5, 1.0, 0.6667, 1.0, 1.0, 0.7778, 1.0, 1.0, 1.0, 1.0, 0.6667, 1.0]"
random,0.025,2,random,0.8455,0.8455,0.8455,0.0,39,True,1691,0,266,43,0,"[0.05, 0.0765, 0.0975, 0.1235, 0.158, 0.185, 0.216, 0.247, 0.2885, 0.3245, 0.3635, 0.3965, 0.4325, 0.4635, 0.484, 0.5045, 0.5245, 0.543, 0.5585, 0.5775, 0.6005, 0.6275, 0.655, 0.685, 0.7055, 0.729, 0.753, 0.7805, 0.7925, 0.8, 0.8095, 0.8165, 0.82, 0.8245, 0.8275, 0.832, 0.8395, 0.845, 0.8455, 0.8455, 0.8455, 0.8455, 0.8455, 0.8455, 0.8455, 0.8455, 0.8455, 0.8455, 0.8455, 0.8455, 0.8455, 0.8455, 0.8455, 0.8455, 0.8455, 0.8455, 0.8455, 0.8455, 0.8455, 0.8455, 0.8455, 0.8455, 0.8455, 0.8455, 0.8455, 0.8455, 0.8455, 0.8455, 0.8455, 0.8455, 0.8455, 0.8455, 0.8455, 0.8455, 0.8455, 0.8455, 0.8455, 0.8455, 0.8455, 0.8455, 0.8455, 0.8455, 0.8455, 0.8455, 0.8455, 0.8455, 0.8455, 0.8455, 0.8455, 0.8455, 0.8455, 0.8455, 0.8455, 0.8455, 0.8455, 0.8455, 0.8455, 0.8455, 0.8455, 0.8455, 0.8455]","{""0"": 0.8873, ""1"": 0.8542, ""2"": 0.8693, ""3"": 0.6568, ""4"": 0.8719, ""5"": 0.8811, ""6"": 0.8719, ""7"": 0.8565}","[0.8889, 0.8, 0.8889, 0.8182, 1.0, 0.8333, 1.0, 1.0, 0.8889, 1.0, 0.8333, 1.0, 0.9, 1.0, 1.0, 1.0, 0.8333, 1.0, 1.0, 0.625, 0.8333, 1.0, 0.9091, 1.0, 1.0, 0.8, 0.875, 0.8, 0.8889, 0.8182, 0.875, 1.0, 0.625, 0.6667, 0.9, 0.8889, 0.7778, 0.875, 0.8571, 0.7333, 0.8889, 0.875, 0.8889, 0.875, 1.0, 0.6364, 0.875, 0.8462, 1.0, 0.75, 0.8571, 0.6667, 0.625, 0.8571, 0.875, 0.8571, 1.0, 0.875, 0.625, 0.875, 0.7143, 0.875, 0.75, 1.0, 1.0, 1.0, 0.875, 0.8333, 0.8333, 1.0, 0.8889, 1.0, 0.4286, 0.8571, 0.5, 0.9, 0.375, 0.8571, 0.8889, 1.0, 1.0, 0.8, 1.0, 1.0, 0.875, 0.6667, 1.0, 0.875, 0.8, 0.7143, 0.6, 1.0, 1.0, 1.0, 0.8571, 0.7143, 0.7, 0.7143, 0.75, 0.5714, 1.0, 0.875, 0.8889, 0.7778, 1.0, 0.75, 0.9091, 0.875, 0.75, 0.875, 0.9, 0.8, 0.8, 0.8571, 0.875, 1.0, 0.0, 1.0, 1.0, 0.75, 0.8, 0.8571, 0.8, 0.9, 0.0, 1.0, 0.8571, 0.875, 0.8889, 0.7778, 0.8571, 1.0, 0.1429, 0.7143, 0.9231, 0.8333, 0.7143, 1.0, 1.0, 0.7692, 0.4, 0.875, 1.0, 1.0, 0.7143, 1.0, 0.6667, 0.625, 0.1111, 1.0, 1.0, 0.8333, 0.8333, 0.8182, 1.0, 0.875, 0.0909, 0.8571, 1.0, 0.875, 1.0, 1.0, 0.7778, 1.0, 0.2222, 0.875, 0.75, 0.6, 1.0, 1.0, 1.0, 0.9, 0.75, 0.875, 0.875, 0.7778, 0.875, 0.8889, 1.0, 0.9, 1.0, 0.5, 0.8889, 0.75, 0.9, 1.0, 0.9231, 0.9167, 1.0, 1.0, 0.8333, 0.7143, 0.8571, 0.9091, 0.8182, 0.8125, 1.0, 0.8333, 0.8571, 1.0, 0.75, 0.9091, 1.0, 0.9167, 0.8889, 1.0, 0.75, 1.0, 0.8333, 1.0, 0.8571, 1.0, 0.8889, 1.0, 0.7143, 0.8, 1.0, 0.8462, 1.0, 0.875, 0.7143, 0.75, 0.8182, 0.9, 0.8, 1.0, 0.75, 0.9167, 0.75, 0.875, 0.8333, 0.875, 0.875, 0.8333, 1.0, 1.0, 0.7143, 0.8889, 0.7143, 0.9091, 1.0, 1.0, 0.7143, 1.0, 0.9, 0.8333, 0.7778, 1.0, 0.7273, 1.0]"
random,0.025,3,random,0.412,0.412,0.412,-0.0,34,True,824,0,280,896,0,"[0.05, 0.0695, 0.086, 0.107, 0.1325, 0.1565, 0.184, 0.212, 0.232, 0.249, 0.269, 0.288, 0.3085, 0.3235, 0.336, 0.344, 0.352, 0.365, 0.3705, 0.375, 0.3815, 0.387, 0.3955, 0.4, 0.4035, 0.4055, 0.407, 0.408, 0.4085, 0.4095, 0.4105, 0.411, 0.4115, 0.412, 0.412, 0.412, 0.412, 0.412, 0.412, 0.412, 0.412, 0.412, 0.412, 0.412, 0.412, 0.412, 0.412, 0.412, 0.412, 0.412, 0.412, 0.412, 0.412, 0.412, 0.412, 0.412, 0.412, 0.412, 0.412, 0.412, 0.412, 0.412, 0.412, 0.412, 0.412, 0.412, 0.412, 0.412, 0.412, 0.412, 0.412, 0.412, 0.412, 0.412, 0.412, 0.412, 0.412, 0.412, 0.412, 0.412, 0.412, 0.412, 0.412, 0.412, 0.412, 0.412, 0.412, 0.412, 0.412, 0.412, 0.412, 0.412, 0.412, 0.412, 0.412, 0.412, 0.412, 0.412, 0.412, 0.412, 0.412]","{""0"": 0.0881, ""1"": 0.3184, ""2"": 0.2737, ""3"": 0.8444, ""4"": 0.7925, ""5"": 0.0833, ""6"": 0.5721, ""7"": 0.3532}","[0.2222, 0.1, 0.7143, 0.25, 0.9, 0.1111, 0.0, 1.0, 0.0, 0.0, 1.0, 0.125, 0.8, 0.125, 0.0, 1.0, 0.3333, 0.0, 0.6667, 0.0, 0.8, 1.0, 0.7143, 0.875, 0.0, 0.25, 1.0, 0.1111, 1.0, 1.0, 0.25, 0.8889, 0.0, 0.0, 0.6667, 0.2, 0.8889, 0.8, 0.5, 0.8571, 0.0, 0.1429, 0.8, 0.0, 0.875, 1.0, 0.0, 0.8333, 0.0, 0.0, 0.6667, 0.0, 0.7143, 0.9167, 0.0, 1.0, 0.0769, 0.0, 0.9231, 0.1111, 0.8889, 1.0, 0.1429, 0.8, 0.0, 0.1818, 1.0, 0.0, 0.8, 0.8333, 0.0, 0.7778, 0.0, 0.0, 0.875, 0.1667, 0.8182, 0.8571, 0.0, 0.0, 0.1667, 0.2857, 0.75, 0.25, 0.8333, 1.0, 0.125, 0.0, 0.0, 0.0769, 0.0, 0.8571, 0.8571, 1.0, 0.0, 0.2857, 0.0, 0.0, 0.0, 0.8, 0.875, 0.7692, 0.0, 0.0, 0.0, 0.0, 0.0, 0.8889, 0.75, 1.0, 0.0833, 0.0, 0.0, 0.1111, 0.125, 0.9, 0.8333, 1.0, 0.0, 0.1111, 0.0, 0.0, 0.0, 1.0, 0.8333, 1.0, 0.0769, 0.2, 0.0, 0.0, 0.0, 0.9091, 1.0, 0.875, 0.0, 0.0, 0.8889, 0.0, 0.0, 0.75, 0.5, 0.75, 0.0, 0.0, 1.0, 0.3333, 0.0, 0.0909, 0.8571, 1.0, 0.125, 0.2, 1.0, 0.0, 0.125, 0.0, 0.875, 1.0, 0.0, 0.0, 1.0, 0.2727, 0.0, 0.1538, 0.8333, 0.7778, 0.0, 0.0, 0.8, 0.0, 0.0, 0.0833, 0.9, 1.0, 0.2, 1.0, 0.8333, 0.0, 0.0, 0.25, 1.0, 0.8, 0.0, 0.6667, 1.0, 0.0, 0.0, 0.0, 0.75, 0.9, 0.0, 0.8571, 0.9, 0.0833, 0.125, 0.0, 0.8333, 1.0, 0.1111, 0.7778, 0.7143, 0.0, 0.0, 0.3333, 0.8462, 0.8571, 0.2308, 0.8889, 0.7, 0.0, 0.25, 0.0, 0.8571, 0.75, 0.0, 0.8, 1.0, 0.0, 0.0, 0.1429, 0.75, 1.0, 0.0, 0.7778, 0.875, 0.5, 0.5, 0.0, 0.8, 0.4444, 0.0, 0.8889, 0.0, 0.0, 0.0714, 0.3333, 0.9167, 0.0, 0.0, 0.8, 0.1429, 0.1111, 0.0, 0.0833, 1.0, 0.1429, 0.0, 0.8571, 0.25, 0.125]"
random,0.025,4,random,0.603,0.603,0.603,0.0,40,True,1206,0,299,495,0,"[0.05, 0.066, 0.08, 0.097, 0.1205, 0.1495, 0.1695, 0.1925, 0.2125, 0.231, 0.253, 0.276, 0.3015, 0.324, 0.346, 0.366, 0.388, 0.4075, 0.433, 0.4555, 0.4735, 0.492, 0.5105, 0.528, 0.541, 0.5505, 0.5585, 0.565, 0.5695, 0.5735, 0.576, 0.5785, 0.5825, 0.5905, 0.592, 0.596, 0.598, 0.5985, 0.6, 0.603, 0.603, 0.603, 0.603, 0.603, 0.603, 0.603, 0.603, 0.603, 0.603, 0.603, 0.603, 0.603, 0.603, 0.603, 0.603, 0.603, 0.603, 0.603, 0.603, 0.603, 0.603, 0.603, 0.603, 0.603, 0.603, 0.603, 0.603, 0.603, 0.603, 0.603, 0.603, 0.603, 0.603, 0.603, 0.603, 0.603, 0.603, 0.603, 0.603, 0.603, 0.603, 0.603, 0.603, 0.603, 0.603, 0.603, 0.603, 0.603, 0.603, 0.603, 0.603, 0.603, 0.603, 0.603, 0.603, 0.603, 0.603, 0.603, 0.603, 0.603, 0.603]","{""0"": 0.583, ""1"": 0.7736, ""2"": 0.3463, ""3"": 0.0734, ""4"": 0.8571, ""5"": 0.8821, ""6"": 0.4553, ""7"": 0.8354}","[0.7778, 0.0, 0.8571, 0.1667, 0.0, 0.9167, 0.8333, 0.5, 0.7143, 0.1, 1.0, 0.7143, 0.1111, 0.8, 0.875, 0.8889, 0.9, 0.0, 0.75, 0.9, 0.0, 0.8571, 0.3333, 1.0, 0.8, 0.0, 1.0, 0.0, 0.0, 0.8571, 0.8, 0.9091, 0.7273, 0.0, 1.0, 0.7143, 0.0, 1.0, 0.8, 1.0, 0.9, 0.25, 0.8, 1.0, 0.0, 0.6364, 0.625, 0.8, 0.8333, 0.0, 0.8182, 0.6667, 0.0, 0.875, 0.7143, 1.0, 0.625, 0.0, 0.7778, 1.0, 0.1, 0.8889, 0.9, 0.7778, 0.7778, 0.0, 1.0, 1.0, 0.0, 1.0, 0.9286, 0.8571, 0.8, 1.0, 0.875, 0.6667, 0.0769, 0.875, 0.9091, 0.875, 1.0, 1.0, 0.8182, 1.0, 0.3333, 1.0, 1.0, 0.9091, 0.875, 1.0, 0.7778, 0.8571, 0.875, 0.6667, 1.0, 0.8889, 1.0, 0.875, 0.6667, 0.8889, 0.0, 1.0, 0.9167, 0.75, 0.7143, 1.0, 1.0, 0.0, 0.0, 1.0, 1.0, 0.5, 1.0, 0.8333, 0.8571, 0.0, 0.0, 1.0, 0.8571, 0.1111, 0.8333, 1.0, 0.9167, 0.1429, 0.0, 0.8, 1.0, 0.125, 0.75, 1.0, 0.8333, 0.1667, 0.0, 0.8571, 1.0, 0.0, 0.8571, 0.8182, 0.8, 0.2222, 0.0, 0.7778, 0.9, 0.125, 1.0, 0.7273, 0.625, 0.0, 0.0, 0.8, 1.0, 0.1, 0.8571, 0.875, 0.0714, 0.0, 0.0, 0.6667, 0.8, 0.0, 0.875, 1.0, 0.0, 0.0, 0.0909, 1.0, 1.0, 0.0, 0.8, 0.7778, 0.125, 0.3333, 0.0, 0.8571, 0.8571, 0.0, 1.0, 0.875, 1.0, 0.0, 0.0, 1.0, 1.0, 0.0, 0.6667, 1.0, 1.0, 0.0, 0.125, 0.8571, 1.0, 0.1111, 0.8182, 1.0, 0.7273, 0.1111, 0.0, 1.0, 1.0, 0.0, 0.8333, 1.0, 1.0, 0.0, 0.0, 0.8571, 0.8333, 0.5, 0.8889, 1.0, 1.0, 0.0, 0.0909, 0.5, 1.0, 0.0, 0.8182, 0.8, 0.875, 0.1667, 0.0, 0.8333, 0.6667, 0.0, 0.8571, 0.5714, 0.9091, 0.0, 0.1667, 0.8571, 1.0, 0.0, 1.0, 0.0, 1.0, 0.0, 0.3, 0.7273, 0.7143, 0.0, 0.6667, 0.0, 0.8571, 0.0, 0.0, 0.8571, 0.75, 0.8571, 0.6667, 0.2]"
random,0.025,5,random,0.5015,0.5015,0.5015,0.0,37,True,1003,0,261,736,0,"[0.05, 0.067, 0.077, 0.091, 0.111, 0.1285, 0.15, 0.1775, 0.204, 0.2295, 0.254, 0.281, 0.3065, 0.322, 0.334, 0.351, 0.3645, 0.378, 0.3925, 0.4045, 0.412, 0.419, 0.426, 0.435, 0.4435, 0.453, 0.4585, 0.462, 0.468, 0.474, 0.4795, 0.4835, 0.4885, 0.494, 0.4995, 0.501, 0.5015, 0.5015, 0.5015, 0.5015, 0.5015, 0.5015, 0.5015, 0.5015, 0.5015, 0.5015, 0.5015, 0.5015, 0.5015, 0.5015, 0.5015, 0.5015, 0.5015, 0.5015, 0.5015, 0.5015, 0.5015, 0.5015, 0.5015, 0.5015, 0.5015, 0.5015, 0.5015, 0.5015, 0.5015, 0.5015, 0.5015, 0.5015, 0.5015, 0.5015, 0.5015, 0.5015, 0.5015, 0.5015, 0.5015, 0.5015, 0.5015, 0.5015, 0.5015, 0.5015, 0.5015, 0.5015, 0.5015, 0.5015, 0.5015, 0.5015, 0.5015, 0.5015, 0.5015, 0.5015, 0.5015, 0.5015, 0.5015, 0.5015, 0.5015, 0.5015, 0.5015, 0.5015, 0.5015, 0.5015, 0.5015]","{""0"": 0.6327, ""1"": 0.8755, ""2"": 0.3265, ""3"": 0.3333, ""4"": 0.4161, ""5"": 0.4585, ""6"": 0.0586, ""7"": 0.8893}","[0.4444, 0.2222, 1.0, 0.5714, 0.8889, 0.8889, 0.1429, 0.0, 0.8889, 0.0769, 1.0, 0.7143, 0.2, 0.3333, 0.0, 0.0, 1.0, 0.0, 0.8333, 0.7273, 0.1667, 0.8571, 0.0, 0.0, 1.0, 0.0, 0.8, 0.75, 0.1667, 1.0, 0.0, 0.3333, 0.875, 0.125, 0.7778, 1.0, 0.0, 0.9091, 0.0, 0.1111, 0.8889, 0.4, 0.6364, 0.875, 0.0, 0.9, 0.125, 0.0, 0.75, 0.1, 1.0, 0.875, 0.0, 0.8571, 0.0, 0.0, 1.0, 0.0, 0.8571, 1.0, 0.0, 0.8571, 0.1111, 0.0, 0.7778, 0.0, 1.0, 1.0, 0.25, 0.8571, 1.0, 0.0909, 0.8889, 0.75, 0.6, 0.875, 0.0, 1.0, 0.8889, 0.0, 0.875, 1.0, 0.75, 0.75, 0.0, 1.0, 0.7, 0.0, 0.8333, 0.75, 1.0, 0.8571, 0.3333, 0.625, 0.4444, 0.0, 1.0, 0.8571, 0.8571, 0.0, 0.1, 0.75, 0.8, 0.0, 0.875, 1.0, 1.0, 0.1, 0.25, 0.7778, 1.0, 0.0, 0.7, 1.0, 0.9091, 0.0, 0.1111, 1.0, 0.8889, 0.2, 1.0, 0.5, 0.875, 0.0, 0.1429, 0.0, 1.0, 0.1111, 1.0, 0.8571, 1.0, 0.0, 0.1667, 0.1111, 0.8889, 0.0, 1.0, 0.7778, 0.8571, 0.0, 0.1, 0.0, 0.8333, 0.0, 0.8462, 0.7778, 0.7778, 0.1667, 0.0, 0.0, 1.0, 0.0, 1.0, 1.0, 1.0, 0.0, 0.1429, 0.0, 0.8333, 0.0, 1.0, 1.0, 1.0, 0.0, 0.0, 0.1, 1.0, 0.0, 0.8333, 1.0, 0.8889, 0.0, 0.625, 0.0714, 0.6667, 0.0, 0.75, 1.0, 0.9, 0.0, 0.8333, 0.0, 0.4, 0.125, 0.8571, 0.875, 1.0, 0.1, 0.7143, 0.0588, 0.25, 0.6667, 1.0, 1.0, 0.7273, 0.0, 0.5714, 0.0, 0.125, 0.1667, 0.9, 1.0, 0.6667, 0.0, 1.0, 0.125, 0.0833, 0.0, 0.8, 0.75, 0.8571, 0.0, 0.875, 0.1, 0.0, 0.0, 0.9, 0.7143, 0.7778, 0.0, 0.8571, 0.1111, 0.2857, 0.0, 0.7, 1.0, 0.8889, 0.0, 0.6667, 0.1, 0.0, 0.0, 0.8889, 1.0, 1.0, 0.0, 1.0, 0.0, 0.0, 0.2857, 0.9, 1.0, 1.0, 0.0, 1.0, 0.5, 0.0, 0.2222, 0.9167, 0.7143]"
random,0.025,6,random,0.6715,0.6715,0.6715,0.0,34,True,1343,0,274,383,0,"[0.05, 0.0745, 0.1005, 0.1395, 0.185, 0.2235, 0.261, 0.2885, 0.3165, 0.3495, 0.391, 0.4245, 0.4575, 0.4815, 0.509, 0.5265, 0.5445, 0.557, 0.569, 0.5805, 0.593, 0.607, 0.6195, 0.6255, 0.635, 0.6425, 0.6505, 0.6585, 0.6635, 0.666, 0.6695, 0.6705, 0.671, 0.6715, 0.6715, 0.6715, 0.6715, 0.6715, 0.6715, 0.6715, 0.6715, 0.6715, 0.6715, 0.6715, 0.6715, 0.6715, 0.6715, 0.6715, 0.6715, 0.6715, 0.6715, 0.6715, 0.6715, 0.6715, 0.6715, 0.6715, 0.6715, 0.6715, 0.6715, 0.6715, 0.6715, 0.6715, 0.6715, 0.6715, 0.6715, 0.6715, 0.6715, 0.6715, 0.6715, 0.6715, 0.6715, 0.6715, 0.6715, 0.6715, 0.6715, 0.6715, 0.6715, 0.6715, 0.6715, 0.6715, 0.6715, 0.6715, 0.6715, 0.6715, 0.6715, 0.6715, 0.6715, 0.6715, 0.6715, 0.6715, 0.6715, 0.6715, 0.6715, 0.6715, 0.6715, 0.6715, 0.6715, 0.6715, 0.6715, 0.6715, 0.6715]","{""0"": 0.8808, ""1"": 0.3626, ""2"": 0.3195, ""3"": 0.8766, ""4"": 0.893, ""5"": 0.5898, ""6"": 0.5913, ""7"": 0.8493}","[0.7778, 1.0, 1.0, 0.125, 1.0, 0.875, 1.0, 0.75, 0.8889, 0.8333, 0.75, 0.0, 1.0, 1.0, 1.0, 0.8, 0.9, 1.0, 0.8571, 0.125, 0.8333, 1.0, 0.8333, 1.0, 1.0, 1.0, 0.75, 0.0, 1.0, 1.0, 0.9231, 0.8, 0.8333, 1.0, 0.8333, 0.0, 1.0, 1.0, 1.0, 0.8889, 0.5, 0.8, 0.875, 0.0, 1.0, 0.8571, 0.8889, 0.875, 1.0, 0.8571, 1.0, 0.0, 1.0, 0.6, 0.7273, 1.0, 0.9091, 1.0, 0.75, 0.125, 0.5, 1.0, 0.6667, 0.7273, 1.0, 1.0, 0.9, 0.1, 0.9231, 1.0, 0.8, 0.0, 1.0, 0.5, 0.8, 0.125, 0.8571, 0.8333, 0.9, 0.0, 0.875, 1.0, 0.1429, 0.0, 0.8333, 1.0, 1.0, 0.125, 0.7273, 1.0, 0.0, 0.0, 0.8182, 1.0, 1.0, 0.375, 1.0, 1.0, 0.3333, 0.8571, 1.0, 0.5714, 0.7778, 0.1429, 0.875, 0.8, 0.0, 0.8333, 0.9231, 1.0, 0.8, 0.0, 0.8889, 0.875, 0.0769, 0.875, 0.8571, 1.0, 0.9167, 0.0, 0.8182, 1.0, 0.0, 1.0, 1.0, 0.7, 0.0, 0.125, 0.9, 0.9, 0.0, 0.6, 0.75, 0.875, 0.0, 0.0, 0.75, 1.0, 0.0, 1.0, 0.7143, 0.7, 0.0, 0.125, 0.8889, 1.0, 0.0, 0.6667, 0.8889, 0.9, 0.0, 0.0, 1.0, 0.8889, 0.0, 0.7778, 0.6667, 0.8889, 0.0, 0.5714, 0.8462, 0.8462, 0.0, 0.7778, 1.0, 1.0, 0.0, 0.5714, 0.8333, 0.9091, 0.0, 0.8571, 0.8, 0.7778, 0.1667, 1.0, 0.875, 0.75, 0.0, 0.7143, 1.0, 0.8, 0.0, 0.75, 0.6667, 0.8, 0.0, 0.0, 1.0, 0.8333, 0.1111, 0.875, 0.8, 0.8182, 0.0, 0.0, 0.75, 0.8571, 0.0, 0.9091, 0.1, 0.8, 0.2143, 0.0, 1.0, 0.8, 0.1, 1.0, 1.0, 0.6429, 0.0, 0.0, 1.0, 0.8889, 0.8333, 1.0, 1.0, 0.7143, 0.0, 0.0, 0.6, 0.8571, 0.6667, 0.5714, 0.8571, 1.0, 0.6667, 0.0, 0.6667, 1.0, 0.875, 1.0, 0.6429, 0.8889, 0.9, 0.0, 0.8889, 1.0, 1.0, 0.9, 1.0, 0.875, 1.0, 0.0909, 0.8, 1.0, 0.8571, 0.9, 1.0, 0.8889]"
random,0.025,7,random,0.738,0.738,0.738,0.0,42,True,1476,0,275,249,0,"[0.05, 0.0735, 0.1005, 0.1345, 0.1785, 0.2265, 0.2785, 0.328, 0.3735, 0.4085, 0.448, 0.488, 0.5155, 0.5405, 0.566, 0.586, 0.6015, 0.6215, 0.6365, 0.6455, 0.6525, 0.6605, 0.6655, 0.67, 0.672, 0.675, 0.677, 0.679, 0.68, 0.681, 0.683, 0.6865, 0.6895, 0.6915, 0.695, 0.699, 0.704, 0.709, 0.719, 0.7275, 0.736, 0.738, 0.738, 0.738, 0.738, 0.738, 0.738, 0.738, 0.738, 0.738, 0.738, 0.738, 0.738, 0.738, 0.738, 0.738, 0.738, 0.738, 0.738, 0.738, 0.738, 0.738, 0.738, 0.738, 0.738, 0.738, 0.738, 0.738, 0.738, 0.738, 0.738, 0.738, 0.738, 0.738, 0.738, 0.738, 0.738, 0.738, 0.738, 0.738, 0.738, 0.738, 0.738, 0.738, 0.738, 0.738, 0.738, 0.738, 0.738, 0.738, 0.738, 0.738, 0.738, 0.738, 0.738, 0.738, 0.738, 0.738, 0.738, 0.738, 0.738]","{""0"": 0.8617, ""1"": 0.8369, ""2"": 0.8327, ""3"": 0.3689, ""4"": 0.7724, ""5"": 0.8776, ""6"": 0.4279, ""7"": 0.8837}","[0.7778, 1.0, 0.8, 1.0, 0.9167, 0.875, 1.0, 0.0, 0.75, 0.9, 1.0, 0.8889, 0.8182, 0.9167, 0.8182, 0.25, 0.875, 0.7692, 0.7778, 1.0, 0.0833, 1.0, 0.875, 0.1667, 1.0, 0.875, 1.0, 0.75, 0.0, 1.0, 0.8333, 0.125, 0.8889, 1.0, 0.8571, 1.0, 0.0, 0.8, 0.875, 0.0, 0.8, 0.75, 0.7778, 0.8889, 1.0, 1.0, 0.8333, 0.0, 0.8182, 0.8333, 0.9, 0.8333, 0.8571, 0.8889, 1.0, 0.0, 1.0, 1.0, 0.9, 1.0, 0.6, 0.8889, 1.0, 0.1429, 0.75, 0.7143, 1.0, 0.8571, 0.8333, 0.8571, 0.8889, 1.0, 0.875, 1.0, 0.8, 1.0, 0.8889, 0.7143, 0.625, 0.75, 1.0, 1.0, 0.875, 0.5714, 1.0, 1.0, 0.8333, 1.0, 0.7778, 1.0, 1.0, 0.75, 0.0, 0.8333, 1.0, 1.0, 1.0, 0.75, 1.0, 0.8, 0.1, 0.8571, 1.0, 1.0, 0.8, 0.8571, 0.6667, 0.875, 0.0, 0.8, 1.0, 0.7143, 0.8571, 0.9091, 1.0, 0.8333, 0.25, 0.1111, 1.0, 0.875, 0.8571, 0.875, 0.875, 1.0, 0.0, 0.0, 0.7647, 0.8571, 1.0, 1.0, 0.625, 1.0, 0.0, 0.1429, 0.8, 0.8571, 0.75, 0.7273, 1.0, 0.8571, 0.0, 0.7143, 0.8182, 0.7778, 0.75, 0.8, 0.8333, 0.8571, 0.0, 0.875, 0.8571, 1.0, 1.0, 0.875, 0.7778, 1.0, 0.0, 1.0, 1.0, 0.8889, 0.875, 0.8571, 0.8, 1.0, 0.0, 0.8182, 1.0, 0.7273, 1.0, 0.6667, 0.5714, 0.75, 0.0, 0.8571, 1.0, 1.0, 0.9167, 0.9167, 0.8571, 0.0, 0.1, 1.0, 1.0, 0.2857, 0.8889, 0.875, 0.7143, 0.6667, 0.0, 0.8333, 0.8333, 0.0, 0.8333, 0.7143, 0.8462, 0.8571, 0.0, 1.0, 0.8889, 0.0, 1.0, 0.8, 1.0, 1.0, 0.4444, 0.6667, 1.0, 0.0, 0.8, 1.0, 0.8, 0.6667, 0.0, 0.7778, 0.625, 0.0, 0.7143, 0.7143, 0.5, 1.0, 0.4286, 1.0, 0.8571, 0.1111, 1.0, 0.7143, 1.0, 0.8571, 1.0, 0.75, 0.8, 0.0, 0.8889, 0.8462, 0.75, 1.0, 0.9091, 0.7, 0.8, 0.2, 1.0, 0.8889, 0.75, 0.7, 1.0, 0.8889, 0.8571, 0.0, 1.0, 0.8]"
random,0.025,8,random,0.6445,0.6445,0.6445,0.0,35,True,1289,0,286,425,0,"[0.05, 0.0755, 0.102, 0.137, 0.1675, 0.1975, 0.23, 0.263, 0.289, 0.3105, 0.334, 0.359, 0.386, 0.4045, 0.428, 0.445, 0.4565, 0.472, 0.4945, 0.508, 0.52, 0.529, 0.542, 0.5555, 0.565, 0.576, 0.5845, 0.5965, 0.609, 0.616, 0.623, 0.631, 0.6365, 0.642, 0.6445, 0.6445, 0.6445, 0.6445, 0.6445, 0.6445, 0.6445, 0.6445, 0.6445, 0.6445, 0.6445, 0.6445, 0.6445, 0.6445, 0.6445, 0.6445, 0.6445, 0.6445, 0.6445, 0.6445, 0.6445, 0.6445, 0.6445, 0.6445, 0.6445, 0.6445, 0.6445, 0.6445, 0.6445, 0.6445, 0.6445, 0.6445, 0.6445, 0.6445, 0.6445, 0.6445, 0.6445, 0.6445, 0.6445, 0.6445, 0.6445, 0.6445, 0.6445, 0.6445, 0.6445, 0.6445, 0.6445, 0.6445, 0.6445, 0.6445, 0.6445, 0.6445, 0.6445, 0.6445, 0.6445, 0.6445, 0.6445, 0.6445, 0.6445, 0.6445, 0.6445, 0.6445, 0.6445, 0.6445, 0.6445, 0.6445, 0.6445]","{""0"": 0.5455, ""1"": 0.5179, ""2"": 0.8833, ""3"": 0.741, ""4"": 0.5622, ""5"": 0.2645, ""6"": 0.8654, ""7"": 0.7509}","[0.8889, 0.0, 0.8333, 1.0, 0.75, 1.0, 0.125, 0.8889, 0.9, 0.1429, 1.0, 1.0, 0.75, 0.7778, 0.0, 0.875, 0.9, 0.0, 1.0, 0.6, 0.8, 1.0, 0.0, 0.875, 1.0, 1.0, 0.75, 1.0, 1.0, 1.0, 0.125, 1.0, 1.0, 1.0, 1.0, 1.0, 0.9091, 0.9375, 0.0, 0.9091, 0.9, 1.0, 1.0, 1.0, 0.8, 0.8, 0.25, 1.0, 0.875, 0.5, 0.9091, 0.8182, 0.25, 1.0, 0.3333, 0.7778, 0.8333, 1.0, 0.7273, 0.8889, 0.0, 0.75, 0.1667, 1.0, 0.8889, 0.8571, 0.8182, 1.0, 0.0, 1.0, 0.2, 1.0, 0.5, 0.8889, 0.8571, 0.8, 0.1667, 0.75, 0.0, 1.0, 0.875, 0.8333, 0.9167, 0.875, 0.7143, 0.8333, 0.75, 0.875, 1.0, 1.0, 0.8571, 0.9091, 0.9, 0.625, 0.8571, 0.75, 1.0, 0.8333, 0.0, 0.9, 0.7143, 0.625, 0.9167, 1.0, 0.6667, 0.9, 0.1111, 0.9231, 1.0, 0.6, 0.9, 0.5556, 0.0, 1.0, 0.0, 0.875, 0.75, 1.0, 0.8, 1.0, 0.0, 0.0, 0.0, 1.0, 0.75, 0.75, 0.6667, 0.875, 0.0, 0.0, 0.25, 0.7778, 1.0, 0.7143, 0.7, 0.5, 0.6, 0.1111, 0.0, 1.0, 0.8333, 0.0, 1.0, 0.9091, 1.0, 0.0, 0.0, 1.0, 1.0, 0.0, 0.0, 0.625, 1.0, 0.0, 0.1429, 0.7143, 0.8182, 0.0, 0.0, 0.8889, 0.8, 0.7273, 0.0833, 0.8889, 0.7778, 0.1111, 0.0, 0.8, 0.9091, 0.875, 0.2857, 0.7143, 1.0, 0.0, 0.0, 0.8889, 0.6667, 1.0, 0.0, 0.8, 1.0, 0.1667, 0.0, 1.0, 0.8571, 0.9167, 0.0, 1.0, 1.0, 0.0, 0.0909, 0.875, 1.0, 1.0, 0.0, 0.8, 0.75, 0.0, 0.25, 0.625, 0.75, 1.0, 0.0, 0.5556, 0.5714, 0.0, 0.0909, 0.8889, 0.8182, 1.0, 1.0, 1.0, 0.5714, 0.0, 0.0, 0.9, 0.8333, 0.8, 1.0, 0.875, 0.7143, 0.0, 0.0, 0.8333, 0.6, 0.0, 1.0, 1.0, 0.9, 0.5714, 0.0, 0.875, 1.0, 0.0, 1.0, 0.7778, 0.8889, 1.0, 0.0, 0.8889, 0.9, 0.0, 0.5714, 1.0, 0.75, 0.9, 0.1429, 0.8333, 0.6, 0.0]"
random,0.025,9,random,0.7755,0.7755,0.7747,0.0008,95,True,1551,0,293,156,0,"[0.05, 0.0715, 0.09, 0.1095, 0.129, 0.151, 0.176, 0.2065, 0.2325, 0.2575, 0.278, 0.304, 0.3265, 0.352, 0.378, 0.406, 0.428, 0.4375, 0.4505, 0.4585, 0.467, 0.4735, 0.482, 0.486, 0.4875, 0.491, 0.494, 0.498, 0.5045, 0.5115, 0.518, 0.5265, 0.531, 0.5335, 0.536, 0.5385, 0.541, 0.5445, 0.5485, 0.5505, 0.553, 0.5555, 0.5585, 0.563, 0.5655, 0.569, 0.572, 0.577, 0.5825, 0.589, 0.5955, 0.6015, 0.605, 0.607, 0.609, 0.6125, 0.615, 0.617, 0.6205, 0.626, 0.628, 0.6295, 0.6325, 0.637, 0.648, 0.659, 0.6665, 0.6715, 0.6775, 0.6875, 0.699, 0.7065, 0.715, 0.722, 0.7265, 0.7295, 0.732, 0.734, 0.738, 0.745, 0.748, 0.751, 0.754, 0.757, 0.758, 0.759, 0.761, 0.7645, 0.7675, 0.769, 0.77, 0.771, 0.773, 0.7745, 0.7755, 0.7755, 0.7755, 0.7755, 0.7755, 0.7755, 0.7755]","{""0"": 0.6163, ""1"": 0.8293, ""2"": 0.7342, ""3"": 0.8297, ""4"": 0.9062, ""5"": 0.587, ""6"": 0.844, ""7"": 0.8559}","[1.0, 0.8, 1.0, 1.0, 0.8, 0.8, 1.0, 0.75, 0.8571, 0.875, 0.7143, 0.875, 0.7778, 0.875, 0.1429, 0.7, 0.75, 1.0, 1.0, 0.7778, 0.8333, 1.0, 0.0, 0.8889, 0.8333, 1.0, 0.9091, 1.0, 0.875, 1.0, 0.8462, 0.8571, 0.75, 0.8182, 0.9, 1.0, 0.875, 0.9167, 0.6, 0.8, 1.0, 0.9091, 1.0, 0.8571, 0.6667, 1.0, 0.75, 1.0, 0.5714, 1.0, 0.625, 0.8571, 0.7, 0.75, 0.75, 1.0, 0.75, 1.0, 0.8889, 0.8, 0.9, 0.8889, 0.7143, 0.8333, 0.8571, 1.0, 1.0, 0.8333, 0.9, 1.0, 0.8889, 0.8571, 0.8571, 0.8571, 0.5, 0.75, 0.625, 0.6, 0.5, 0.8889, 1.0, 0.7143, 1.0, 0.5714, 0.8571, 0.6667, 1.0, 0.6667, 0.6667, 0.8889, 0.5, 0.8333, 0.8333, 1.0, 0.8333, 0.875, 0.8571, 0.0, 0.6364, 1.0, 1.0, 0.9231, 0.8333, 0.7143, 0.75, 0.0, 0.8, 1.0, 0.8889, 0.8889, 0.25, 0.8333, 0.7143, 0.6, 0.9, 1.0, 0.7273, 1.0, 0.0, 0.7778, 0.8571, 0.7143, 0.8333, 1.0, 0.8, 0.8571, 0.0833, 0.9, 0.8333, 0.75, 0.8571, 0.875, 0.7778, 1.0, 0.0, 0.7143, 0.875, 0.9, 0.7778, 0.8571, 0.8889, 0.9, 0.0, 1.0, 1.0, 0.9091, 0.75, 0.8, 0.8333, 1.0, 0.0, 1.0, 0.8571, 0.5556, 0.6667, 1.0, 0.9091, 0.7143, 0.0, 0.8333, 1.0, 1.0, 0.9, 0.875, 0.7143, 1.0, 0.6, 0.7143, 0.8333, 0.8333, 0.5, 1.0, 1.0, 0.8, 1.0, 0.8333, 0.8, 0.8889, 0.9231, 0.0, 1.0, 1.0, 1.0, 0.8, 1.0, 0.75, 1.0, 0.0, 0.7143, 0.8571, 0.8333, 0.8889, 0.8889, 0.6667, 0.6, 0.0, 0.6667, 0.8889, 0.8571, 0.8333, 0.8889, 0.0, 0.7778, 0.125, 1.0, 1.0, 0.5714, 1.0, 0.8333, 0.0, 0.8, 0.125, 0.8889, 1.0, 0.8333, 0.8571, 0.7778, 0.0, 1.0, 1.0, 0.875, 1.0, 0.7, 0.875, 1.0, 0.0, 0.875, 1.0, 0.8333, 1.0, 0.8571, 1.0, 0.8333, 0.0, 0.8333, 0.6667, 0.6667, 0.875, 1.0, 1.0, 0.75, 0.0, 1.0, 1.0, 1.0, 0.7778, 0.8571, 0.75, 1.0, 0.0]"
random,0.025,10,random,0.661,0.661,0.661,0.0,33,True,1322,0,289,389,0,"[0.05, 0.075, 0.0925, 0.115, 0.1405, 0.1815, 0.221, 0.253, 0.281, 0.311, 0.3415, 0.3655, 0.397, 0.4245, 0.452, 0.4885, 0.5165, 0.537, 0.5565, 0.5755, 0.593, 0.603, 0.611, 0.6185, 0.6255, 0.6305, 0.636, 0.641, 0.6475, 0.6555, 0.6585, 0.66, 0.661, 0.661, 0.661, 0.661, 0.661, 0.661, 0.661, 0.661, 0.661, 0.661, 0.661, 0.661, 0.661, 0.661, 0.661, 0.661, 0.661, 0.661, 0.661, 0.661, 0.661, 0.661, 0.661, 0.661, 0.661, 0.661, 0.661, 0.661, 0.661, 0.661, 0.661, 0.661, 0.661, 0.661, 0.661, 0.661, 0.661, 0.661, 0.661, 0.661, 0.661, 0.661, 0.661, 0.661, 0.661, 0.661, 0.661, 0.661, 0.661, 0.661, 0.661, 0.661, 0.661, 0.661, 0.661, 0.661, 0.661, 0.661, 0.661, 0.661, 0.661, 0.661, 0.661, 0.661, 0.661, 0.661, 0.661, 0.661, 0.661]","{""0"": 0.8734, ""1"": 0.7878, ""2"": 0.5077, ""3"": 0.82, ""4"": 0.498, ""5"": 0.8587, ""6"": 0.361, ""7"": 0.5744}","[0.7778, 0.8571, 0.6667, 0.1111, 0.7143, 0.875, 0.875, 1.0, 1.0, 0.8889, 0.8571, 0.8, 0.7, 0.875, 1.0, 0.6667, 0.8571, 1.0, 0.5, 0.6667, 0.8182, 0.8333, 1.0, 0.1667, 1.0, 1.0, 0.0, 1.0, 0.8889, 1.0, 1.0, 0.0, 0.7778, 0.875, 0.7273, 0.8571, 1.0, 0.5, 0.5, 0.0, 1.0, 0.8571, 0.75, 1.0, 0.75, 0.0, 0.75, 0.0, 1.0, 0.8571, 0.6667, 0.75, 0.75, 0.0, 0.6667, 0.1429, 0.8333, 0.9167, 1.0, 0.9333, 0.75, 0.1111, 1.0, 0.0833, 1.0, 1.0, 0.9, 1.0, 1.0, 0.0769, 0.8889, 0.1667, 0.5, 0.875, 0.8333, 0.9, 1.0, 0.1111, 0.875, 0.1111, 0.0, 1.0, 0.5, 1.0, 0.625, 0.0, 0.9, 0.8333, 0.0, 1.0, 0.875, 1.0, 0.75, 0.8, 0.8571, 0.8333, 0.0, 0.7143, 1.0, 0.8182, 0.7778, 0.0, 1.0, 1.0, 0.125, 1.0, 1.0, 0.7143, 1.0, 0.0, 0.8571, 1.0, 0.0, 1.0, 0.6667, 0.8, 0.8333, 0.0, 0.9333, 1.0, 0.0, 0.875, 1.0, 0.7778, 0.625, 0.0, 1.0, 1.0, 0.0, 0.7143, 1.0, 0.8, 0.9, 0.0, 0.8571, 1.0, 0.0, 0.8333, 0.8333, 0.7778, 0.8333, 0.0, 0.6, 0.8571, 0.0667, 1.0, 0.4, 0.2857, 0.8889, 0.25, 0.8571, 0.6, 0.1667, 0.8333, 1.0, 0.0, 0.875, 1.0, 1.0, 0.8571, 1.0, 1.0, 0.7692, 0.0, 0.8571, 0.9, 1.0, 0.0, 1.0, 0.8, 0.75, 0.4286, 0.875, 0.8333, 0.5455, 0.0909, 1.0, 0.7143, 0.8571, 0.0, 1.0, 0.8333, 0.875, 0.0, 1.0, 0.75, 0.8333, 0.0, 0.7692, 0.875, 1.0, 0.0, 0.8571, 1.0, 0.7778, 0.0, 0.5714, 1.0, 1.0, 0.0, 0.8571, 0.75, 0.9, 0.375, 0.7778, 0.875, 0.9, 0.0, 1.0, 0.875, 1.0, 0.0, 0.7778, 1.0, 0.8889, 0.0, 0.7273, 0.7, 0.9231, 0.0, 0.8571, 1.0, 1.0, 0.0, 0.9, 0.9167, 1.0, 0.0, 1.0, 0.9091, 0.8, 0.1, 0.6667, 0.6667, 0.6667, 0.0769, 0.8333, 0.8, 0.6364, 0.1111, 1.0, 0.875, 0.8, 0.125, 0.8, 0.8333, 0.6, 0.8571, 0.875, 0.7143]"
random,0.025,11,random,0.728,0.728,0.728,0.0,24,True,1456,0,276,268,0,"[0.05, 0.0755, 0.1015, 0.14, 0.1875, 0.233, 0.281, 0.338, 0.395, 0.457, 0.4965, 0.535, 0.576, 0.6155, 0.644, 0.6625, 0.6795, 0.692, 0.701, 0.712, 0.724, 0.726, 0.727, 0.728, 0.728, 0.728, 0.728, 0.728, 0.728, 0.728, 0.728, 0.728, 0.728, 0.728, 0.728, 0.728, 0.728, 0.728, 0.728, 0.728, 0.728, 0.728, 0.728, 0.728, 0.728, 0.728, 0.728, 0.728, 0.728, 0.728, 0.728, 0.728, 0.728, 0.728, 0.728, 0.728, 0.728, 0.728, 0.728, 0.728, 0.728, 0.728, 0.728, 0.728, 0.728, 0.728, 0.728, 0.728, 0.728, 0.728, 0.728, 0.728, 0.728, 0.728, 0.728, 0.728, 0.728, 0.728, 0.728, 0.728, 0.728, 0.728, 0.728, 0.728, 0.728, 0.728, 0.728, 0.728, 0.728, 0.728, 0.728, 0.728, 0.728, 0.728, 0.728, 0.728, 0.728, 0.728, 0.728, 0.728, 0.728]","{""0"": 0.8833, ""1"": 0.8694, ""2"": 0.7393, ""3"": 0.406, ""4"": 0.3993, ""5"": 0.8672, ""6"": 0.8311, ""7"": 0.8911}","[0.7778, 0.8889, 1.0, 0.0, 0.0, 0.0, 1.0, 0.75, 0.9231, 0.7857, 0.8333, 0.0, 0.0, 0.2222, 0.9167, 0.8, 1.0, 0.8571, 0.8, 0.0, 0.0, 0.1667, 0.8889, 0.8333, 0.8571, 0.75, 0.9333, 0.0, 0.0, 0.1667, 0.8571, 0.875, 0.7857, 1.0, 0.5455, 0.8571, 0.5, 0.1111, 0.9091, 0.875, 1.0, 0.8889, 1.0, 1.0, 0.1818, 0.0, 0.8333, 1.0, 0.7143, 0.7778, 1.0, 0.7273, 0.1429, 0.1111, 1.0, 0.7778, 0.8571, 0.8571, 0.8571, 0.6, 0.0, 0.0833, 0.6667, 0.8, 1.0, 1.0, 0.7143, 0.9231, 0.0, 0.0, 0.9091, 1.0, 0.8571, 0.9, 0.875, 0.9, 0.8, 0.0, 0.8571, 1.0, 0.6667, 1.0, 1.0, 0.75, 0.8, 0.125, 0.8333, 1.0, 0.8889, 0.6667, 1.0, 0.5556, 0.8571, 0.0, 1.0, 1.0, 1.0, 0.7143, 0.9, 1.0, 0.9091, 0.0, 0.6667, 0.8333, 1.0, 1.0, 0.75, 1.0, 0.9, 0.2857, 0.8571, 0.8889, 0.8571, 1.0, 0.8889, 1.0, 0.7143, 0.25, 0.5, 0.8333, 0.9091, 0.7778, 0.8333, 0.9, 0.8462, 0.875, 0.75, 0.8, 1.0, 1.0, 0.9167, 0.8571, 1.0, 1.0, 1.0, 0.5, 1.0, 1.0, 0.6, 1.0, 0.875, 0.75, 0.8571, 0.875, 1.0, 0.625, 1.0, 1.0, 1.0, 1.0, 0.8333, 0.8, 1.0, 1.0, 0.875, 1.0, 0.8889, 0.6, 0.875, 0.7, 0.7143, 0.7143, 0.7778, 1.0, 1.0, 0.9231, 0.8333, 0.8333, 0.875, 0.75, 1.0, 0.8571, 1.0, 1.0, 0.8571, 0.8, 0.875, 1.0, 1.0, 0.8571, 0.0, 0.7, 0.9167, 0.5, 0.9, 1.0, 1.0, 0.875, 0.125, 0.875, 0.8571, 0.6, 1.0, 1.0, 0.8333, 0.875, 0.1111, 1.0, 1.0, 0.8889, 1.0, 0.8571, 0.8333, 0.7778, 0.0, 0.6, 0.875, 0.8889, 0.6667, 1.0, 0.625, 0.7692, 0.0, 0.5714, 0.8182, 1.0, 1.0, 1.0, 0.75, 1.0, 0.0, 0.7778, 1.0, 1.0, 0.8571, 0.8889, 1.0, 0.8889, 0.0, 0.8, 0.8462, 1.0, 1.0, 1.0, 1.0, 0.9, 0.0, 0.0, 0.8333, 0.6667, 0.8333, 0.875, 0.8889, 0.75, 0.0, 0.0, 0.8, 0.7, 0.7692, 1.0]"
random,0.05,0,random,0.8265,0.8265,0.8265,0.0,33,True,1653,0,283,64,0,"[0.05, 0.0785, 0.102, 0.136, 0.173, 0.208, 0.2365, 0.2755, 0.318, 0.3615, 0.408, 0.4475, 0.484, 0.517, 0.553, 0.591, 0.627, 0.653, 0.673, 0.6905, 0.7115, 0.7385, 0.7635, 0.78, 0.7905, 0.7975, 0.803, 0.8085, 0.813, 0.815, 0.8175, 0.822, 0.8265, 0.8265, 0.8265, 0.8265, 0.8265, 0.8265, 0.8265, 0.8265, 0.8265, 0.8265, 0.8265, 0.8265, 0.8265, 0.8265, 0.8265, 0.8265, 0.8265, 0.8265, 0.8265, 0.8265, 0.8265, 0.8265, 0.8265, 0.8265, 0.8265, 0.8265, 0.8265, 0.8265, 0.8265, 0.8265, 0.8265, 0.8265, 0.8265, 0.8265, 0.8265, 0.8265, 0.8265, 0.8265, 0.8265, 0.8265, 0.8265, 0.8265, 0.8265, 0.8265, 0.8265, 0.8265, 0.8265, 0.8265, 0.8265, 0.8265, 0.8265, 0.8265, 0.8265, 0.8265, 0.8265, 0.8265, 0.8265, 0.8265, 0.8265, 0.8265, 0.8265, 0.8265, 0.8265, 0.8265, 0.8265, 0.8265, 0.8265, 0.8265, 0.8265]","{""0"": 0.8824, ""1"": 0.8589, ""2"": 0.834, ""3"": 0.7402, ""4"": 0.8474, ""5"": 0.8607, ""6"": 0.7137, ""7"": 0.874}","[0.8889, 1.0, 0.7778, 0.8, 1.0, 0.6667, 0.8333, 0.0833, 1.0, 0.875, 1.0, 0.7143, 0.7778, 0.6667, 0.8571, 0.75, 0.6, 0.8, 0.625, 0.8571, 1.0, 1.0, 0.7778, 1.0, 1.0, 1.0, 1.0, 1.0, 0.8571, 0.75, 0.9, 0.6667, 0.8889, 0.8, 1.0, 0.8, 0.7778, 1.0, 0.8333, 1.0, 0.8333, 0.6667, 1.0, 1.0, 1.0, 0.8889, 0.9, 1.0, 0.875, 1.0, 0.9091, 1.0, 1.0, 0.8889, 0.8333, 0.8571, 1.0, 1.0, 0.8333, 0.9, 1.0, 1.0, 0.8, 0.8571, 1.0, 0.875, 0.8889, 1.0, 0.7778, 0.8182, 0.8333, 1.0, 1.0, 0.7273, 0.875, 0.5714, 0.8571, 0.7143, 0.8889, 0.8, 1.0, 0.9, 0.75, 1.0, 1.0, 0.8182, 0.8333, 0.7, 0.8182, 1.0, 1.0, 1.0, 0.7143, 0.9, 0.9091, 1.0, 0.8333, 0.9167, 0.8889, 0.7273, 0.8889, 0.9167, 0.875, 1.0, 0.7778, 0.875, 0.875, 0.8889, 0.8889, 0.75, 1.0, 1.0, 0.9091, 1.0, 0.8333, 0.4286, 0.8, 1.0, 0.9, 1.0, 0.7778, 0.7143, 1.0, 1.0, 0.9, 0.8889, 0.8333, 1.0, 0.875, 1.0, 1.0, 0.6667, 0.7143, 0.6, 1.0, 0.625, 0.8, 1.0, 1.0, 0.875, 0.6, 0.75, 1.0, 0.875, 1.0, 0.7778, 0.8, 0.625, 0.7, 0.8571, 0.8333, 0.8571, 1.0, 1.0, 1.0, 0.7143, 0.875, 1.0, 0.8333, 1.0, 1.0, 0.625, 0.7778, 0.8, 0.9, 1.0, 0.8571, 1.0, 0.6667, 0.7, 0.625, 0.8, 0.6, 0.8182, 0.875, 0.7778, 0.8182, 1.0, 0.875, 0.7778, 0.0, 0.8889, 0.9, 0.75, 0.8889, 0.75, 0.8571, 1.0, 0.0, 0.7778, 1.0, 0.9, 1.0, 1.0, 0.7857, 0.7778, 0.0, 0.8, 0.75, 0.8, 0.875, 1.0, 0.8571, 1.0, 0.0833, 0.8889, 0.7778, 0.7778, 0.8182, 1.0, 0.8, 1.0, 0.6364, 0.6, 0.6, 0.0, 0.875, 0.8571, 0.7143, 0.7778, 0.9167, 0.875, 1.0, 0.1429, 0.7143, 1.0, 0.6667, 0.8, 0.75, 0.8333, 0.75, 0.0, 0.875, 0.6667, 0.6, 0.8571, 1.0, 1.0, 1.0, 0.0, 0.8889, 0.8889, 1.0, 1.0, 0.75, 0.4, 0.625, 0.1667, 0.6667, 1.0]"
random,0.05,1,random,0.8585,0.8585,0.8585,0.0,31,True,1717,0,283,0,0,"[0.05, 0.0875, 0.123, 0.163, 0.201, 0.251, 0.3115, 0.3745, 0.4415, 0.5155, 0.573, 0.618, 0.6545, 0.6845, 0.7135, 0.7355, 0.755, 0.779, 0.7985, 0.81, 0.8145, 0.822, 0.833, 0.838, 0.841, 0.846, 0.848, 0.852, 0.856, 0.858, 0.8585, 0.8585, 0.8585, 0.8585, 0.8585, 0.8585, 0.8585, 0.8585, 0.8585, 0.8585, 0.8585, 0.8585, 0.8585, 0.8585, 0.8585, 0.8585, 0.8585, 0.8585, 0.8585, 0.8585, 0.8585, 0.8585, 0.8585, 0.8585, 0.8585, 0.8585, 0.8585, 0.8585, 0.8585, 0.8585, 0.8585, 0.8585, 0.8585, 0.8585, 0.8585, 0.8585, 0.8585, 0.8585, 0.8585, 0.8585, 0.8585, 0.8585, 0.8585, 0.8585, 0.8585, 0.8585, 0.8585, 0.8585, 0.8585, 0.8585, 0.8585, 0.8585, 0.8585, 0.8585, 0.8585, 0.8585, 0.8585, 0.8585, 0.8585, 0.8585, 0.8585, 0.8585, 0.8585, 0.8585, 0.8585, 0.8585, 0.8585, 0.8585, 0.8585, 0.8585, 0.8585]","{""0"": 0.8521, ""1"": 0.875, ""2"": 0.8308, ""3"": 0.8549, ""4"": 0.8577, ""5"": 0.8589, ""6"": 0.873, ""7"": 0.8667}","[0.7778, 0.6667, 1.0, 0.7273, 0.75, 0.8333, 0.8333, 1.0, 0.8, 0.8333, 1.0, 0.7778, 1.0, 1.0, 0.8571, 0.9167, 0.8, 1.0, 0.9333, 0.875, 1.0, 0.8889, 0.625, 1.0, 0.8, 0.8182, 0.6667, 0.7143, 1.0, 0.8462, 0.9, 0.7143, 0.8571, 1.0, 1.0, 0.7778, 1.0, 0.8571, 0.6667, 0.9167, 0.75, 1.0, 0.875, 1.0, 0.8182, 1.0, 1.0, 1.0, 0.75, 0.8, 0.7778, 1.0, 0.6667, 0.9091, 0.8571, 0.8889, 0.6667, 0.6, 0.6667, 1.0, 0.7143, 0.8462, 1.0, 1.0, 0.9167, 0.75, 1.0, 1.0, 0.875, 0.875, 1.0, 0.875, 0.8571, 1.0, 0.8889, 0.7692, 0.8571, 0.8889, 0.875, 0.6667, 1.0, 0.8571, 0.8, 0.7, 0.8, 0.8333, 1.0, 0.8889, 0.75, 0.8571, 0.7778, 0.7143, 1.0, 1.0, 0.75, 1.0, 0.75, 1.0, 1.0, 0.9167, 1.0, 0.875, 0.75, 1.0, 0.7778, 0.7143, 1.0, 0.8, 0.875, 0.7778, 0.875, 0.7143, 0.8571, 1.0, 0.7143, 0.8889, 0.8889, 1.0, 0.875, 0.875, 1.0, 1.0, 1.0, 0.8571, 1.0, 0.6667, 0.8333, 0.8889, 0.9, 0.6667, 0.875, 0.8571, 0.5833, 0.8889, 0.75, 0.875, 0.8, 0.7143, 0.6667, 1.0, 0.6667, 0.875, 0.9091, 1.0, 1.0, 0.875, 0.9, 0.8889, 0.875, 0.6, 0.6667, 0.75, 0.9, 1.0, 0.8, 1.0, 0.7143, 0.8333, 0.7143, 0.8182, 1.0, 0.9091, 0.8889, 0.875, 0.9091, 1.0, 1.0, 0.8571, 0.7143, 1.0, 1.0, 0.8889, 0.7778, 0.8, 1.0, 1.0, 1.0, 0.7273, 1.0, 0.5, 0.9, 0.8, 1.0, 1.0, 1.0, 0.8571, 0.7143, 0.8571, 0.7143, 0.75, 0.75, 0.75, 0.8571, 0.7778, 0.9, 0.5, 1.0, 0.75, 0.7143, 0.8571, 0.875, 0.8571, 1.0, 0.8571, 1.0, 0.5, 0.875, 0.75, 0.9091, 1.0, 1.0, 0.875, 0.75, 1.0, 0.8571, 1.0, 1.0, 0.8571, 1.0, 1.0, 0.8571, 1.0, 0.7692, 0.5714, 0.8571, 0.8889, 0.7778, 0.6667, 0.8889, 1.0, 1.0, 0.9167, 1.0, 0.8333, 0.8333, 1.0, 0.7778, 0.7778, 1.0, 1.0, 0.7143, 0.5714, 0.8333, 0.6, 1.0, 0.8889, 1.0, 0.6667, 1.0, 0.8333]"
random,0.05,2,random,0.841,0.841,0.841,0.0,31,True,1682,0,280,38,0,"[0.05, 0.0825, 0.118, 0.156, 0.1935, 0.2365, 0.2865, 0.339, 0.398, 0.45, 0.4985, 0.5485, 0.5915, 0.627, 0.6575, 0.6845, 0.7005, 0.724, 0.7505, 0.773, 0.7915, 0.804, 0.8155, 0.8225, 0.8255, 0.8275, 0.8295, 0.8335, 0.838, 0.8405, 0.841, 0.841, 0.841, 0.841, 0.841, 0.841, 0.841, 0.841, 0.841, 0.841, 0.841, 0.841, 0.841, 0.841, 0.841, 0.841, 0.841, 0.841, 0.841, 0.841, 0.841, 0.841, 0.841, 0.841, 0.841, 0.841, 0.841, 0.841, 0.841, 0.841, 0.841, 0.841, 0.841, 0.841, 0.841, 0.841, 0.841, 0.841, 0.841, 0.841, 0.841, 0.841, 0.841, 0.841, 0.841, 0.841, 0.841, 0.841, 0.841, 0.841, 0.841, 0.841, 0.841, 0.841, 0.841, 0.841, 0.841, 0.841, 0.841, 0.841, 0.841, 0.841, 0.841, 0.841, 0.841, 0.841, 0.841, 0.841, 0.841, 0.841, 0.841]","{""0"": 0.8906, ""1"": 0.8765, ""2"": 0.8788, ""3"": 0.8477, ""4"": 0.8635, ""5"": 0.8308, ""6"": 0.7689, ""7"": 0.7555}","[1.0, 0.8, 1.0, 0.8571, 0.7143, 1.0, 0.6667, 1.0, 1.0, 1.0, 0.8333, 1.0, 0.875, 0.875, 1.0, 1.0, 0.9, 1.0, 0.625, 0.8333, 1.0, 1.0, 0.8333, 0.7143, 0.6667, 1.0, 0.8889, 1.0, 0.8571, 1.0, 0.8462, 1.0, 1.0, 1.0, 0.8889, 0.75, 1.0, 0.875, 0.7, 0.7143, 0.875, 0.7778, 0.8571, 0.9091, 1.0, 0.6667, 0.8333, 0.8, 0.0, 0.8333, 1.0, 0.9, 1.0, 0.875, 1.0, 1.0, 0.0, 0.8889, 1.0, 0.8333, 0.875, 0.8571, 0.8889, 0.875, 0.0, 0.75, 0.8462, 1.0, 0.8333, 1.0, 0.5714, 0.875, 0.3333, 1.0, 1.0, 0.8571, 0.75, 0.8333, 1.0, 0.7778, 1.0, 1.0, 0.8, 0.75, 0.75, 0.7143, 1.0, 0.8, 0.7778, 0.6, 1.0, 1.0, 0.8571, 0.9091, 0.8571, 0.8571, 1.0, 1.0, 0.9, 0.7778, 0.7, 0.7143, 0.6667, 0.8571, 0.6, 0.8571, 0.9091, 0.9, 0.8571, 0.8333, 1.0, 0.8, 0.8333, 0.9091, 0.875, 1.0, 0.8571, 0.875, 0.6667, 1.0, 0.6667, 1.0, 1.0, 1.0, 0.7, 1.0, 0.9, 0.8571, 0.8, 0.8, 1.0, 0.7, 1.0, 1.0, 0.8571, 0.6667, 0.625, 0.8333, 1.0, 0.75, 0.8, 0.875, 0.875, 1.0, 1.0, 0.9, 0.75, 0.8182, 0.8571, 0.8571, 0.75, 0.1111, 1.0, 1.0, 0.8889, 0.6667, 0.8333, 0.625, 0.9167, 0.0, 1.0, 0.8182, 0.8571, 1.0, 0.8571, 0.8889, 0.7273, 0.8, 0.8889, 0.8571, 0.875, 1.0, 0.8571, 1.0, 0.8182, 0.875, 0.5, 1.0, 0.75, 1.0, 0.5, 0.8333, 1.0, 0.75, 1.0, 0.75, 0.75, 0.8333, 1.0, 0.8571, 0.7143, 0.9091, 0.3333, 1.0, 0.8182, 1.0, 0.7143, 0.7143, 0.9091, 0.8, 1.0, 0.875, 0.7778, 0.8571, 1.0, 0.8, 0.7778, 1.0, 0.8333, 0.8333, 0.7143, 0.8182, 1.0, 1.0, 1.0, 0.8333, 0.7778, 1.0, 0.7778, 1.0, 0.8571, 0.7143, 0.8, 0.9, 0.5, 0.7143, 1.0, 1.0, 1.0, 1.0, 0.9091, 0.8182, 1.0, 0.9, 0.75, 0.9091, 0.875, 0.7, 0.5714, 0.7, 0.8889, 0.7778, 1.0, 0.75, 0.25, 0.8, 0.6667, 0.4286, 0.8333, 0.875]"
random,0.05,3,random,0.842,0.842,0.842,0.0,45,True,1684,0,264,52,0,"[0.05, 0.0805, 0.115, 0.156, 0.201, 0.259, 0.3245, 0.3855, 0.4415, 0.488, 0.517, 0.5455, 0.5735, 0.5975, 0.6205, 0.6455, 0.666, 0.687, 0.7105, 0.7335, 0.749, 0.761, 0.769, 0.774, 0.78, 0.785, 0.792, 0.797, 0.8025, 0.8085, 0.8105, 0.8125, 0.816, 0.817, 0.819, 0.8205, 0.8225, 0.825, 0.8275, 0.831, 0.832, 0.8335, 0.8365, 0.8405, 0.842, 0.842, 0.842, 0.842, 0.842, 0.842, 0.842, 0.842, 0.842, 0.842, 0.842, 0.842, 0.842, 0.842, 0.842, 0.842, 0.842, 0.842, 0.842, 0.842, 0.842, 0.842, 0.842, 0.842, 0.842, 0.842, 0.842, 0.842, 0.842, 0.842, 0.842, 0.842, 0.842, 0.842, 0.842, 0.842, 0.842, 0.842, 0.842, 0.842, 0.842, 0.842, 0.842, 0.842, 0.842, 0.842, 0.842, 0.842, 0.842, 0.842, 0.842, 0.842, 0.842, 0.842, 0.842, 0.842, 0.842]","{""0"": 0.8571, ""1"": 0.8554, ""2"": 0.8866, ""3"": 0.8814, ""4"": 0.8917, ""5"": 0.5966, ""6"": 0.875, ""7"": 0.8797}","[0.7778, 0.9, 1.0, 1.0, 0.8333, 1.0, 1.0, 0.8571, 0.8889, 0.8889, 0.6667, 0.875, 0.75, 0.75, 0.8889, 0.9, 0.8462, 1.0, 0.5556, 1.0, 0.8571, 1.0, 0.5714, 0.8, 1.0, 0.7778, 0.8333, 0.6667, 0.8182, 0.7143, 1.0, 0.875, 1.0, 0.7778, 0.8, 0.8, 1.0, 0.7143, 1.0, 0.875, 0.8333, 0.8889, 1.0, 0.3333, 0.8333, 0.75, 0.8, 0.7778, 0.7778, 0.6, 1.0, 0.8889, 0.7778, 0.875, 1.0, 1.0, 1.0, 1.0, 0.875, 0.8333, 1.0, 0.8462, 0.8571, 0.6667, 1.0, 0.9091, 0.8571, 0.8571, 1.0, 0.8571, 0.8, 0.75, 0.9286, 0.875, 0.8571, 0.9, 0.875, 1.0, 0.8889, 0.9091, 0.8889, 1.0, 0.8, 0.9, 0.8, 1.0, 0.8, 0.8889, 0.6667, 0.8889, 0.875, 1.0, 1.0, 0.9, 0.5, 0.9091, 1.0, 0.625, 1.0, 1.0, 0.8, 0.75, 0.8, 0.8333, 0.75, 0.8, 0.5, 0.75, 1.0, 1.0, 0.875, 1.0, 0.5455, 0.8333, 0.9, 1.0, 0.9091, 1.0, 0.8, 0.75, 0.9091, 0.625, 0.8333, 0.8, 0.8571, 0.9, 1.0, 1.0, 0.8182, 0.75, 0.8333, 1.0, 0.8889, 1.0, 1.0, 1.0, 1.0, 0.8333, 1.0, 1.0, 0.625, 1.0, 0.7778, 0.8, 0.9, 0.8889, 1.0, 0.7778, 1.0, 0.7143, 0.4286, 0.6667, 1.0, 1.0, 0.8571, 0.875, 1.0, 1.0, 0.0909, 1.0, 0.875, 0.8571, 0.8, 0.8571, 0.8889, 0.75, 0.0, 1.0, 0.8571, 0.7778, 1.0, 0.8571, 0.75, 1.0, 0.0, 0.7778, 1.0, 1.0, 0.8571, 0.8, 1.0, 0.7143, 0.125, 0.8, 0.5556, 1.0, 0.9, 0.8333, 0.8571, 1.0, 0.0, 0.8333, 1.0, 0.5, 0.8571, 1.0, 1.0, 1.0, 0.0, 0.8, 1.0, 0.8333, 1.0, 1.0, 1.0, 1.0, 0.4286, 0.9231, 1.0, 0.9167, 0.7143, 0.8333, 0.8333, 1.0, 0.0, 1.0, 0.8571, 1.0, 0.625, 1.0, 0.8889, 0.4, 0.3, 0.875, 1.0, 0.75, 0.875, 1.0, 0.875, 1.0, 0.8333, 1.0, 0.6667, 0.7778, 0.8571, 0.8333, 0.8333, 1.0, 0.6, 0.8, 0.8889, 0.8889, 1.0, 1.0, 1.0, 0.75, 0.7778, 1.0, 1.0, 0.9091]"
random,0.05,4,random,0.8025,0.8025,0.8025,0.0,41,True,1605,0,301,94,0,"[0.05, 0.082, 0.121, 0.176, 0.239, 0.3125, 0.3865, 0.445, 0.4915, 0.5215, 0.551, 0.5805, 0.614, 0.641, 0.662, 0.676, 0.685, 0.6905, 0.697, 0.7055, 0.717, 0.728, 0.734, 0.739, 0.7495, 0.759, 0.764, 0.7665, 0.7695, 0.772, 0.7755, 0.778, 0.782, 0.7855, 0.788, 0.7895, 0.792, 0.795, 0.798, 0.802, 0.8025, 0.8025, 0.8025, 0.8025, 0.8025, 0.8025, 0.8025, 0.8025, 0.8025, 0.8025, 0.8025, 0.8025, 0.8025, 0.8025, 0.8025, 0.8025, 0.8025, 0.8025, 0.8025, 0.8025, 0.8025, 0.8025, 0.8025, 0.8025, 0.8025, 0.8025, 0.8025, 0.8025, 0.8025, 0.8025, 0.8025, 0.8025, 0.8025, 0.8025, 0.8025, 0.8025, 0.8025, 0.8025, 0.8025, 0.8025, 0.8025, 0.8025, 0.8025, 0.8025, 0.8025, 0.8025, 0.8025, 0.8025, 0.8025, 0.8025, 0.8025, 0.8025, 0.8025, 0.8025, 0.8025, 0.8025, 0.8025, 0.8025, 0.8025, 0.8025, 0.8025]","{""0"": 0.7554, ""1"": 0.8633, ""2"": 0.8571, ""3"": 0.8559, ""4"": 0.8648, ""5"": 0.8672, ""6"": 0.5157, ""7"": 0.8392}","[0.7778, 0.5, 1.0, 0.875, 1.0, 0.8571, 0.9, 0.8, 0.8, 0.1667, 0.8333, 0.7273, 0.875, 0.9091, 0.8, 0.8333, 0.8571, 0.1111, 1.0, 1.0, 0.7143, 0.875, 0.875, 0.8, 1.0, 0.0, 1.0, 0.8889, 0.8182, 1.0, 1.0, 0.9091, 1.0, 0.75, 0.7778, 1.0, 0.8889, 0.9, 0.8333, 0.3333, 0.75, 1.0, 0.7273, 0.875, 0.8571, 0.8, 0.7143, 0.8182, 1.0, 0.875, 0.8571, 0.875, 0.8333, 1.0, 0.8333, 0.5556, 0.9167, 0.8571, 0.7, 0.8571, 0.8, 1.0, 0.9, 1.0, 0.7778, 0.875, 0.875, 0.8333, 1.0, 0.75, 0.7143, 0.875, 0.75, 0.6667, 1.0, 0.8889, 0.75, 1.0, 1.0, 1.0, 0.8889, 1.0, 0.5, 0.9167, 0.9231, 0.8333, 1.0, 0.6667, 1.0, 0.8889, 0.8182, 0.8, 0.7143, 0.75, 0.8, 1.0, 1.0, 0.7778, 0.8571, 0.9231, 0.8889, 0.8571, 1.0, 0.6667, 0.625, 0.7778, 0.6667, 0.7778, 0.6, 0.875, 0.6667, 0.7143, 0.7143, 1.0, 0.8, 0.75, 1.0, 0.8889, 0.7778, 0.7692, 0.7, 0.5714, 1.0, 0.8, 1.0, 0.8571, 1.0, 0.5, 1.0, 1.0, 0.875, 0.8889, 0.7143, 0.875, 0.7778, 0.2, 0.7143, 0.7143, 0.8, 1.0, 0.9167, 1.0, 0.7273, 0.0, 1.0, 0.8333, 1.0, 0.875, 0.7273, 0.75, 1.0, 0.1, 0.5556, 0.7143, 1.0, 1.0, 1.0, 0.6667, 0.8571, 0.0, 0.8571, 0.8889, 0.8333, 0.7778, 0.6667, 1.0, 1.0, 0.0, 1.0, 1.0, 0.9, 0.8462, 0.8333, 0.7, 0.8, 0.0, 1.0, 1.0, 0.8889, 0.7273, 0.8571, 0.875, 1.0, 0.0, 1.0, 0.8889, 0.8889, 0.75, 1.0, 0.75, 0.5, 0.1667, 1.0, 0.7778, 1.0, 0.75, 1.0, 1.0, 0.8889, 0.1111, 0.9167, 1.0, 1.0, 0.875, 1.0, 0.8, 0.8, 0.25, 0.5, 0.6, 1.0, 1.0, 0.875, 0.8889, 0.7143, 0.5, 0.9, 0.8, 0.8571, 0.8, 0.8333, 0.8889, 1.0, 0.0, 0.8889, 0.875, 0.625, 1.0, 0.8571, 1.0, 1.0, 0.8, 0.8182, 0.625, 0.8333, 0.8667, 0.75, 0.875, 0.8333, 0.8889, 0.8571, 0.8571, 1.0, 0.8571, 0.9, 0.8571, 1.0, 1.0, 0.6364, 0.8333]"
random,0.05,5,random,0.784,0.784,0.784,0.0,29,True,1568,0,289,143,0,"[0.05, 0.08, 0.1125, 0.1535, 0.2065, 0.2705, 0.339, 0.408, 0.4685, 0.525, 0.5755, 0.616, 0.6405, 0.661, 0.6865, 0.7105, 0.7255, 0.737, 0.742, 0.749, 0.753, 0.76, 0.766, 0.771, 0.776, 0.779, 0.783, 0.7835, 0.784, 0.784, 0.784, 0.784, 0.784, 0.784, 0.784, 0.784, 0.784, 0.784, 0.784, 0.784, 0.784, 0.784, 0.784, 0.784, 0.784, 0.784, 0.784, 0.784, 0.784, 0.784, 0.784, 0.784, 0.784, 0.784, 0.784, 0.784, 0.784, 0.784, 0.784, 0.784, 0.784, 0.784, 0.784, 0.784, 0.784, 0.784, 0.784, 0.784, 0.784, 0.784, 0.784, 0.784, 0.784, 0.784, 0.784, 0.784, 0.784, 0.784, 0.784, 0.784, 0.784, 0.784, 0.784, 0.784, 0.784, 0.784, 0.784, 0.784, 0.784, 0.784, 0.784, 0.784, 0.784, 0.784, 0.784, 0.784, 0.784, 0.784, 0.784, 0.784, 0.784]","{""0"": 0.8611, ""1"": 0.8627, ""2"": 0.6203, ""3"": 0.8735, ""4"": 0.8487, ""5"": 0.4902, ""6"": 0.8711, ""7"": 0.8419}","[0.7778, 1.0, 0.625, 1.0, 1.0, 0.75, 0.0667, 0.875, 0.8333, 0.6667, 0.9, 1.0, 1.0, 0.75, 0.0, 0.9, 1.0, 0.7273, 0.875, 1.0, 1.0, 0.875, 0.0, 0.7778, 1.0, 0.9167, 0.8889, 0.8889, 1.0, 0.875, 0.0, 0.875, 1.0, 1.0, 0.9, 0.8571, 0.9, 0.4545, 0.0, 1.0, 0.8182, 0.9, 0.6667, 0.125, 0.8889, 0.8, 1.0, 0.9091, 0.8571, 0.4, 0.9091, 0.0, 0.6154, 1.0, 1.0, 0.9, 0.75, 0.8571, 1.0, 0.0, 0.8, 0.8571, 0.5556, 1.0, 0.75, 0.7778, 0.9231, 0.1111, 0.8, 0.8333, 0.2857, 0.75, 0.875, 0.8333, 1.0, 0.0, 1.0, 0.9091, 0.0, 0.75, 0.75, 0.875, 0.8182, 0.1111, 0.7778, 1.0, 0.4286, 0.7, 0.6154, 1.0, 0.75, 0.0, 0.75, 1.0, 0.1, 0.75, 0.8, 1.0, 0.8, 0.0, 1.0, 0.8333, 0.0, 1.0, 0.875, 1.0, 0.8889, 0.2222, 0.8571, 0.8333, 0.2, 1.0, 0.8, 0.8333, 1.0, 0.5714, 0.9231, 0.8571, 0.8, 1.0, 0.8571, 0.6667, 0.9, 1.0, 0.7692, 0.875, 0.8571, 1.0, 0.8889, 0.6667, 0.8889, 1.0, 1.0, 1.0, 0.7778, 1.0, 0.5714, 0.875, 1.0, 1.0, 0.9, 0.8, 1.0, 0.6, 0.8, 1.0, 1.0, 0.8571, 0.9, 1.0, 0.625, 0.875, 0.8, 1.0, 0.75, 1.0, 1.0, 0.7143, 0.7778, 0.8, 0.7778, 1.0, 0.9091, 1.0, 0.8, 0.7778, 1.0, 1.0, 1.0, 0.6667, 1.0, 1.0, 0.8182, 0.6667, 0.6667, 0.7778, 0.8, 0.8571, 0.7778, 0.7143, 0.8571, 0.8333, 0.8889, 0.9231, 1.0, 0.8889, 0.5714, 1.0, 1.0, 0.8571, 0.75, 0.8889, 0.9, 0.9, 1.0, 0.5, 0.6667, 0.7143, 0.9167, 1.0, 1.0, 0.8333, 0.8889, 1.0, 0.8571, 0.8182, 0.5714, 0.8571, 1.0, 0.8889, 1.0, 0.8889, 0.8, 0.9, 0.75, 1.0, 0.7143, 0.8333, 0.625, 0.7143, 0.7143, 0.8571, 1.0, 0.8, 0.8571, 0.8889, 1.0, 0.9231, 1.0, 1.0, 1.0, 0.9, 0.8333, 0.8571, 0.5, 0.625, 1.0, 0.9, 0.0, 0.8571, 1.0, 0.625, 1.0, 0.75, 0.875, 1.0, 0.0833, 1.0, 0.75, 1.0]"
random,0.05,6,random,0.846,0.846,0.846,0.0,34,True,1692,0,281,27,0,"[0.05, 0.0765, 0.106, 0.1365, 0.1755, 0.2275, 0.2735, 0.3175, 0.353, 0.382, 0.411, 0.4355, 0.465, 0.504, 0.55, 0.5945, 0.636, 0.664, 0.693, 0.72, 0.7555, 0.775, 0.7895, 0.802, 0.8115, 0.821, 0.83, 0.835, 0.8375, 0.84, 0.8415, 0.844, 0.8455, 0.846, 0.846, 0.846, 0.846, 0.846, 0.846, 0.846, 0.846, 0.846, 0.846, 0.846, 0.846, 0.846, 0.846, 0.846, 0.846, 0.846, 0.846, 0.846, 0.846, 0.846, 0.846, 0.846, 0.846, 0.846, 0.846, 0.846, 0.846, 0.846, 0.846, 0.846, 0.846, 0.846, 0.846, 0.846, 0.846, 0.846, 0.846, 0.846, 0.846, 0.846, 0.846, 0.846, 0.846, 0.846, 0.846, 0.846, 0.846, 0.846, 0.846, 0.846, 0.846, 0.846, 0.846, 0.846, 0.846, 0.846, 0.846, 0.846, 0.846, 0.846, 0.846, 0.846, 0.846, 0.846, 0.846, 0.846, 0.846]","{""0"": 0.9073, ""1"": 0.8465, ""2"": 0.8667, ""3"": 0.8394, ""4"": 0.7189, ""5"": 0.8659, ""6"": 0.8675, ""7"": 0.8526}","[0.7778, 1.0, 1.0, 0.9091, 1.0, 1.0, 1.0, 0.5455, 0.875, 0.9, 0.625, 0.6923, 1.0, 0.875, 0.75, 0.875, 0.8, 0.6364, 0.75, 0.8667, 0.8182, 0.75, 1.0, 0.8889, 0.5556, 1.0, 0.7143, 1.0, 1.0, 0.7143, 1.0, 1.0, 0.4286, 1.0, 0.8, 0.8571, 0.625, 1.0, 0.875, 0.875, 1.0, 0.8571, 1.0, 0.8571, 0.6, 0.8, 1.0, 0.6667, 1.0, 1.0, 1.0, 0.8333, 0.8571, 0.75, 0.8571, 1.0, 0.8889, 1.0, 0.6667, 1.0, 0.8571, 0.8333, 0.875, 0.8333, 0.8, 0.9, 0.8889, 1.0, 0.8182, 1.0, 0.75, 0.875, 1.0, 0.7778, 0.75, 0.75, 0.75, 0.8182, 0.7778, 0.875, 0.8182, 0.7778, 0.8333, 0.875, 0.6667, 0.9167, 1.0, 0.7778, 0.625, 0.875, 1.0, 0.75, 0.8, 0.8889, 0.7143, 0.8571, 1.0, 1.0, 0.7778, 0.8333, 0.8, 0.75, 0.6667, 0.8889, 0.75, 1.0, 0.9091, 0.5, 1.0, 0.8, 0.7778, 0.8889, 1.0, 1.0, 1.0, 0.625, 0.875, 1.0, 0.8, 0.8571, 0.7143, 0.5, 1.0, 1.0, 0.9, 0.6667, 0.9, 0.8571, 0.8, 1.0, 0.8571, 1.0, 0.75, 0.7778, 0.8, 0.8889, 0.75, 0.7143, 0.875, 0.9, 1.0, 1.0, 0.8889, 1.0, 0.8333, 1.0, 0.8889, 0.8571, 0.8571, 0.8889, 0.875, 0.6667, 0.8889, 0.875, 1.0, 1.0, 0.8889, 0.7143, 0.8571, 1.0, 0.625, 1.0, 0.8, 1.0, 0.8333, 1.0, 0.9, 0.9091, 1.0, 1.0, 0.6667, 0.8571, 1.0, 0.5714, 0.4286, 0.9091, 1.0, 1.0, 1.0, 0.8, 0.5556, 1.0, 0.8333, 0.875, 0.875, 1.0, 0.9, 0.8571, 0.6667, 0.8889, 0.8, 1.0, 1.0, 1.0, 0.875, 1.0, 0.8571, 0.9091, 0.8462, 1.0, 0.875, 1.0, 0.6667, 1.0, 1.0, 0.75, 0.8, 0.8889, 0.8333, 1.0, 1.0, 0.6, 0.6667, 0.8, 1.0, 0.8, 1.0, 0.8, 0.6667, 0.8889, 0.8, 0.0, 1.0, 0.875, 1.0, 1.0, 0.75, 0.875, 1.0, 0.1, 1.0, 0.8889, 1.0, 0.8, 1.0, 1.0, 0.75, 0.0, 1.0, 1.0, 0.8333, 0.8571, 0.625, 0.75, 1.0, 0.0833, 1.0, 0.8889, 0.8182, 0.6667]"
random,0.05,7,random,0.7295,0.7295,0.7295,0.0,27,True,1459,0,322,219,0,"[0.05, 0.0815, 0.115, 0.1505, 0.1975, 0.247, 0.3045, 0.367, 0.4255, 0.47, 0.506, 0.539, 0.569, 0.597, 0.6165, 0.6315, 0.652, 0.6725, 0.6835, 0.694, 0.7075, 0.717, 0.7225, 0.7255, 0.727, 0.729, 0.7295, 0.7295, 0.7295, 0.7295, 0.7295, 0.7295, 0.7295, 0.7295, 0.7295, 0.7295, 0.7295, 0.7295, 0.7295, 0.7295, 0.7295, 0.7295, 0.7295, 0.7295, 0.7295, 0.7295, 0.7295, 0.7295, 0.7295, 0.7295, 0.7295, 0.7295, 0.7295, 0.7295, 0.7295, 0.7295, 0.7295, 0.7295, 0.7295, 0.7295, 0.7295, 0.7295, 0.7295, 0.7295, 0.7295, 0.7295, 0.7295, 0.7295, 0.7295, 0.7295, 0.7295, 0.7295, 0.7295, 0.7295, 0.7295, 0.7295, 0.7295, 0.7295, 0.7295, 0.7295, 0.7295, 0.7295, 0.7295, 0.7295, 0.7295, 0.7295, 0.7295, 0.7295, 0.7295, 0.7295, 0.7295, 0.7295, 0.7295, 0.7295, 0.7295, 0.7295, 0.7295, 0.7295, 0.7295, 0.7295, 0.7295]","{""0"": 0.7244, ""1"": 0.6721, ""2"": 0.7449, ""3"": 0.8419, ""4"": 0.888, ""5"": 0.8304, ""6"": 0.7362, ""7"": 0.4167}","[0.7778, 0.8571, 1.0, 0.8333, 0.7273, 1.0, 1.0, 0.7143, 0.75, 1.0, 0.8333, 0.6667, 1.0, 0.7143, 0.875, 0.7, 0.7778, 0.6667, 0.8889, 0.9, 0.7143, 0.8889, 0.6, 1.0, 1.0, 0.875, 0.25, 0.6667, 0.875, 0.75, 0.9091, 0.7143, 0.2, 0.75, 0.8571, 0.8571, 1.0, 0.8889, 1.0, 0.7778, 0.0, 1.0, 0.8571, 1.0, 1.0, 0.8, 0.75, 0.8, 0.0, 0.3333, 0.875, 1.0, 0.9231, 0.9091, 1.0, 0.8889, 0.2, 0.0909, 1.0, 0.9091, 0.7143, 0.9091, 0.75, 1.0, 0.0, 0.1, 0.6364, 0.7143, 0.7143, 1.0, 0.8571, 0.8571, 0.0, 0.7273, 0.7778, 1.0, 0.8, 0.9, 0.8571, 0.6364, 0.0, 1.0, 0.875, 1.0, 1.0, 1.0, 0.8333, 0.8182, 0.0, 0.8889, 0.7143, 1.0, 0.8, 0.8182, 0.8571, 0.8889, 0.0, 0.6, 0.9091, 1.0, 0.6667, 0.9, 0.6667, 0.875, 0.0, 1.0, 0.25, 1.0, 0.875, 0.9, 0.8333, 0.8, 0.0, 0.8889, 0.0, 0.8889, 0.9231, 1.0, 0.8333, 1.0, 0.1, 0.9, 0.0, 0.7778, 0.9, 0.875, 1.0, 0.7857, 0.0, 0.7143, 0.0, 1.0, 0.8571, 0.875, 0.8571, 0.7, 0.0, 0.8571, 0.0, 0.875, 0.5, 0.5, 0.625, 0.6667, 0.125, 0.6667, 0.2222, 0.8571, 0.8571, 1.0, 0.7143, 1.0, 0.0, 0.8571, 0.8, 0.9091, 0.9091, 1.0, 0.875, 0.6667, 0.0, 0.7778, 0.75, 0.8333, 0.9091, 1.0, 0.6667, 0.8333, 0.7778, 0.6, 0.8571, 0.9, 0.75, 0.9167, 0.8333, 0.9, 0.875, 0.7, 0.9091, 0.625, 1.0, 0.8889, 0.8, 0.75, 1.0, 0.5, 1.0, 0.0, 0.8333, 0.9, 0.75, 0.2, 0.875, 0.75, 0.75, 0.0, 0.8571, 0.875, 0.8, 0.125, 1.0, 0.8571, 0.6, 0.0, 0.7, 0.8333, 0.8, 0.0, 0.8889, 1.0, 0.8571, 0.0, 1.0, 0.8182, 1.0, 0.0, 1.0, 0.8571, 1.0, 0.2, 0.7692, 1.0, 0.7143, 0.6667, 0.7, 0.625, 0.8333, 0.7778, 0.75, 0.8889, 1.0, 0.7778, 0.9167, 0.8, 0.75, 1.0, 0.875, 0.875, 0.8889, 0.9091, 0.7778, 0.7143, 0.8571, 1.0, 0.8571, 0.7143, 0.6667, 0.9091, 0.9091, 0.6667]"
random,0.05,8,random,0.764,0.764,0.764,0.0,29,True,1528,0,277,195,0,"[0.05, 0.0845, 0.119, 0.1645, 0.2155, 0.2635, 0.301, 0.3375, 0.3765, 0.426, 0.4745, 0.517, 0.562, 0.6045, 0.6375, 0.658, 0.6745, 0.689, 0.6995, 0.7125, 0.7215, 0.735, 0.749, 0.754, 0.757, 0.759, 0.76, 0.763, 0.764, 0.764, 0.764, 0.764, 0.764, 0.764, 0.764, 0.764, 0.764, 0.764, 0.764, 0.764, 0.764, 0.764, 0.764, 0.764, 0.764, 0.764, 0.764, 0.764, 0.764, 0.764, 0.764, 0.764, 0.764, 0.764, 0.764, 0.764, 0.764, 0.764, 0.764, 0.764, 0.764, 0.764, 0.764, 0.764, 0.764, 0.764, 0.764, 0.764, 0.764, 0.764, 0.764, 0.764, 0.764, 0.764, 0.764, 0.764, 0.764, 0.764, 0.764, 0.764, 0.764, 0.764, 0.764, 0.764, 0.764, 0.764, 0.764, 0.764, 0.764, 0.764, 0.764, 0.764, 0.764, 0.764, 0.764, 0.764, 0.764, 0.764, 0.764, 0.764, 0.764]","{""0"": 0.3811, ""1"": 0.8619, ""2"": 0.8577, ""3"": 0.8313, ""4"": 0.876, ""5"": 0.8661, ""6"": 0.8854, ""7"": 0.5654}","[0.8889, 0.875, 1.0, 0.7273, 1.0, 0.8571, 0.7778, 0.75, 0.0, 1.0, 0.8571, 0.7778, 0.9, 0.8889, 0.6667, 0.8462, 0.0, 0.5714, 1.0, 0.8182, 1.0, 0.6, 1.0, 0.8, 0.1429, 0.125, 0.75, 0.9231, 1.0, 0.7143, 1.0, 0.9, 0.1, 0.1667, 0.7778, 1.0, 0.8571, 0.8889, 0.8889, 0.8571, 0.0769, 0.8889, 0.9167, 0.9, 0.7778, 0.8462, 0.8333, 0.8571, 0.0, 1.0, 0.625, 0.8889, 0.375, 0.8571, 0.875, 1.0, 0.0, 0.0, 0.875, 0.8, 0.8333, 0.9, 0.8, 1.0, 0.0, 0.0, 0.8571, 0.9, 1.0, 0.8333, 0.6667, 0.6667, 0.75, 0.0, 1.0, 1.0, 0.75, 0.8889, 0.625, 1.0, 0.7778, 0.1667, 0.7143, 0.7143, 0.875, 1.0, 1.0, 0.8, 0.7778, 0.0, 0.8889, 0.9, 1.0, 1.0, 1.0, 0.75, 0.9167, 0.0, 0.6667, 1.0, 0.8571, 1.0, 0.6667, 0.7143, 0.6667, 0.0, 0.8889, 0.8, 0.75, 0.7778, 1.0, 1.0, 0.75, 0.0, 1.0, 1.0, 1.0, 1.0, 0.875, 1.0, 1.0, 0.0, 0.8333, 0.7143, 0.3333, 0.8889, 0.875, 1.0, 1.0, 0.1429, 0.9, 0.75, 0.875, 0.8462, 1.0, 1.0, 0.875, 0.0, 0.8, 1.0, 0.6667, 0.875, 1.0, 0.9, 0.8333, 0.0, 0.875, 0.75, 1.0, 1.0, 0.8889, 1.0, 1.0, 0.0, 0.7778, 1.0, 0.8333, 1.0, 0.75, 0.6667, 1.0, 0.0, 1.0, 0.4286, 1.0, 0.7273, 1.0, 0.7143, 0.8, 0.1429, 0.8889, 0.7778, 0.7778, 0.8571, 1.0, 1.0, 0.8889, 0.0909, 0.75, 0.8333, 0.8571, 1.0, 0.9, 1.0, 1.0, 0.0, 0.9286, 0.8571, 0.6667, 0.6667, 0.8571, 0.75, 0.8, 1.0, 0.75, 1.0, 0.6667, 0.75, 1.0, 0.7778, 1.0, 0.7692, 0.7273, 1.0, 0.5714, 1.0, 0.7778, 0.9, 0.6, 0.8333, 1.0, 1.0, 0.75, 1.0, 0.5714, 0.8333, 0.7, 0.7, 0.8571, 0.8, 0.8889, 1.0, 1.0, 1.0, 0.75, 1.0, 1.0, 0.7143, 0.9286, 0.8889, 1.0, 1.0, 0.5714, 0.9, 1.0, 1.0, 0.6667, 1.0, 0.75, 1.0, 0.8571, 0.75, 0.9, 1.0, 0.8182, 0.6667, 0.8333, 0.8, 0.1, 1.0]"
random,0.05,9,random,0.696,0.696,0.696,0.0,39,True,1392,0,294,314,0,"[0.05, 0.0825, 0.1165, 0.164, 0.207, 0.2545, 0.3005, 0.343, 0.3765, 0.4025, 0.427, 0.4525, 0.4845, 0.511, 0.5285, 0.5485, 0.57, 0.5915, 0.6065, 0.6185, 0.631, 0.641, 0.644, 0.6465, 0.648, 0.6505, 0.657, 0.6665, 0.6705, 0.672, 0.6745, 0.679, 0.6835, 0.686, 0.689, 0.691, 0.6925, 0.695, 0.696, 0.696, 0.696, 0.696, 0.696, 0.696, 0.696, 0.696, 0.696, 0.696, 0.696, 0.696, 0.696, 0.696, 0.696, 0.696, 0.696, 0.696, 0.696, 0.696, 0.696, 0.696, 0.696, 0.696, 0.696, 0.696, 0.696, 0.696, 0.696, 0.696, 0.696, 0.696, 0.696, 0.696, 0.696, 0.696, 0.696, 0.696, 0.696, 0.696, 0.696, 0.696, 0.696, 0.696, 0.696, 0.696, 0.696, 0.696, 0.696, 0.696, 0.696, 0.696, 0.696, 0.696, 0.696, 0.696, 0.696, 0.696, 0.696, 0.696, 0.696, 0.696, 0.696]","{""0"": 0.8796, ""1"": 0.8589, ""2"": 0.5506, ""3"": 0.6865, ""4"": 0.062, ""5"": 0.865, ""6"": 0.8436, ""7"": 0.8421}","[0.6667, 1.0, 1.0, 0.75, 1.0, 0.0, 0.6, 0.8889, 1.0, 1.0, 0.75, 0.8333, 0.875, 0.0, 0.8889, 0.8889, 1.0, 0.75, 0.875, 0.875, 0.5, 0.0, 0.8, 0.9091, 0.9, 0.8571, 0.75, 0.7, 0.8571, 0.1111, 1.0, 0.7143, 1.0, 0.8333, 0.8571, 0.8182, 0.8, 0.0, 0.75, 1.0, 1.0, 1.0, 0.8889, 0.75, 0.75, 0.125, 0.875, 0.8333, 0.6, 0.8333, 0.8, 1.0, 0.7778, 0.0, 0.9091, 0.8571, 0.8333, 0.8571, 1.0, 0.8, 0.8333, 0.0, 0.8, 0.6, 0.75, 0.9091, 0.875, 0.8333, 0.8462, 0.2222, 0.75, 1.0, 0.875, 0.8, 0.8, 0.8571, 0.8571, 0.0, 0.625, 1.0, 0.8571, 1.0, 1.0, 0.0, 0.9091, 0.2857, 0.8, 1.0, 0.7778, 0.9091, 1.0, 0.0, 0.8182, 0.2857, 1.0, 0.8571, 0.8571, 0.7778, 0.8, 0.0, 0.875, 0.0, 0.8, 0.8, 0.8182, 1.0, 0.8571, 0.0, 0.9231, 0.125, 1.0, 0.8571, 0.5, 1.0, 1.0, 0.0, 0.1667, 0.0, 1.0, 0.875, 0.7, 0.9091, 0.75, 0.125, 0.125, 0.0, 0.9091, 0.7, 0.875, 1.0, 1.0, 0.0909, 0.125, 0.1111, 0.9, 0.6667, 1.0, 0.9167, 0.875, 0.0, 0.0, 0.0, 0.7778, 0.6667, 0.8, 0.7692, 0.7778, 0.0, 0.0, 0.1667, 0.8333, 0.875, 0.9091, 1.0, 0.9091, 0.1818, 0.1667, 0.0714, 1.0, 1.0, 1.0, 0.7, 0.875, 0.0, 0.0, 0.2857, 1.0, 0.8333, 0.875, 0.7778, 0.7143, 0.0, 0.8571, 0.0, 0.4, 1.0, 0.7143, 1.0, 1.0, 0.9091, 1.0, 0.0, 0.875, 0.875, 0.8571, 1.0, 0.8571, 0.4, 0.8571, 0.0, 1.0, 0.6923, 0.6667, 0.7143, 0.5, 0.8889, 0.75, 0.0, 0.9167, 0.6667, 0.7143, 0.6, 0.9, 0.9, 0.875, 0.125, 1.0, 0.8889, 0.8571, 0.7692, 0.6667, 1.0, 0.75, 0.0, 0.7778, 0.875, 1.0, 0.9, 0.9091, 0.8889, 0.5714, 0.0, 0.8571, 0.875, 0.8571, 1.0, 0.8571, 0.6667, 1.0, 0.0909, 1.0, 0.75, 0.8889, 1.0, 1.0, 0.8182, 0.9167, 0.0, 0.8, 0.9091, 0.7143, 1.0, 0.8571, 0.8571, 0.7778, 0.0, 0.6667, 0.8182, 0.8889, 0.9]"
random,0.05,10,random,0.7845,0.7845,0.7845,0.0,29,True,1569,0,303,128,0,"[0.05, 0.0825, 0.112, 0.1525, 0.194, 0.2435, 0.298, 0.346, 0.381, 0.416, 0.45, 0.48, 0.513, 0.545, 0.5775, 0.608, 0.6355, 0.663, 0.688, 0.7065, 0.7275, 0.739, 0.751, 0.758, 0.7635, 0.77, 0.779, 0.784, 0.7845, 0.7845, 0.7845, 0.7845, 0.7845, 0.7845, 0.7845, 0.7845, 0.7845, 0.7845, 0.7845, 0.7845, 0.7845, 0.7845, 0.7845, 0.7845, 0.7845, 0.7845, 0.7845, 0.7845, 0.7845, 0.7845, 0.7845, 0.7845, 0.7845, 0.7845, 0.7845, 0.7845, 0.7845, 0.7845, 0.7845, 0.7845, 0.7845, 0.7845, 0.7845, 0.7845, 0.7845, 0.7845, 0.7845, 0.7845, 0.7845, 0.7845, 0.7845, 0.7845, 0.7845, 0.7845, 0.7845, 0.7845, 0.7845, 0.7845, 0.7845, 0.7845, 0.7845, 0.7845, 0.7845, 0.7845, 0.7845, 0.7845, 0.7845, 0.7845, 0.7845, 0.7845, 0.7845, 0.7845, 0.7845, 0.7845, 0.7845, 0.7845, 0.7845, 0.7845, 0.7845, 0.7845, 0.7845]","{""0"": 0.7355, ""1"": 0.8533, ""2"": 0.8498, ""3"": 0.711, ""4"": 0.8712, ""5"": 0.83, ""6"": 0.5661, ""7"": 0.8519}","[0.8889, 0.875, 0.8889, 0.6667, 1.0, 0.8462, 1.0, 1.0, 0.9091, 0.8, 1.0, 0.75, 0.8889, 0.8333, 0.5, 0.75, 0.8333, 0.75, 1.0, 0.8333, 0.7143, 0.75, 0.8462, 0.9, 0.7, 1.0, 0.875, 0.875, 0.75, 0.9, 1.0, 1.0, 0.6667, 0.8333, 0.7778, 1.0, 0.75, 0.8889, 1.0, 1.0, 1.0, 0.7, 1.0, 0.6667, 0.6667, 0.8571, 1.0, 0.7143, 0.75, 0.6, 0.75, 1.0, 0.8571, 0.875, 0.8889, 0.9091, 1.0, 0.0, 1.0, 0.875, 0.125, 1.0, 0.8571, 0.7143, 1.0, 0.0, 1.0, 0.7, 0.0, 1.0, 0.7273, 0.6, 0.7778, 0.0909, 0.8333, 0.6667, 0.2857, 1.0, 1.0, 1.0, 1.0, 0.7143, 0.8889, 0.8571, 0.0, 0.9167, 1.0, 1.0, 1.0, 0.625, 1.0, 0.8571, 0.0, 0.7143, 0.875, 1.0, 0.5, 0.6, 0.8333, 1.0, 0.0909, 0.7143, 0.75, 1.0, 0.75, 1.0, 0.625, 1.0, 1.0, 0.7143, 0.75, 0.8, 0.8571, 0.8, 0.6667, 0.7143, 1.0, 1.0, 0.8333, 1.0, 1.0, 0.8571, 0.7692, 0.75, 1.0, 1.0, 0.8889, 1.0, 0.6667, 1.0, 0.875, 1.0, 1.0, 1.0, 0.9, 0.8182, 1.0, 0.7143, 0.5556, 1.0, 1.0, 0.875, 0.4545, 0.0, 0.8333, 0.8, 0.75, 1.0, 0.8889, 0.8, 1.0, 0.0, 0.875, 0.7778, 0.8889, 1.0, 0.8571, 0.8182, 0.6667, 0.0, 1.0, 0.8571, 0.9, 0.6, 0.8571, 0.8889, 0.8, 0.0, 0.8889, 0.6667, 0.75, 0.8333, 1.0, 0.7143, 1.0, 0.0, 0.8333, 1.0, 0.8333, 0.8571, 0.9231, 0.8, 0.875, 0.0, 0.75, 1.0, 0.875, 0.7143, 0.8462, 0.8889, 0.6, 0.1667, 0.8571, 1.0, 0.8571, 1.0, 1.0, 0.8889, 0.7143, 0.0, 0.8, 0.8333, 0.8, 1.0, 0.875, 1.0, 0.5714, 0.0, 0.8571, 0.6667, 0.8571, 0.7143, 0.8571, 0.875, 0.875, 0.125, 0.8571, 1.0, 0.9, 0.875, 0.625, 0.8, 1.0, 0.1667, 0.875, 0.8889, 0.8333, 0.7778, 0.8, 1.0, 0.7143, 0.0, 0.8571, 0.6667, 0.9, 1.0, 0.6667, 0.9167, 0.9091, 0.125, 1.0, 0.8571, 1.0, 0.875, 0.6667, 1.0, 0.8333, 0.7778, 0.625, 0.9091]"
random,0.05,11,random,0.782,0.782,0.782,0.0,43,True,1564,0,296,140,0,"[0.05, 0.0745, 0.098, 0.123, 0.1555, 0.19, 0.2325, 0.2825, 0.3295, 0.368, 0.401, 0.449, 0.501, 0.5425, 0.572, 0.599, 0.6325, 0.6585, 0.677, 0.689, 0.701, 0.714, 0.72, 0.728, 0.7355, 0.74, 0.7415, 0.7435, 0.747, 0.7495, 0.7505, 0.752, 0.755, 0.756, 0.7575, 0.7605, 0.7635, 0.766, 0.7695, 0.7725, 0.7775, 0.7815, 0.782, 0.782, 0.782, 0.782, 0.782, 0.782, 0.782, 0.782, 0.782, 0.782, 0.782, 0.782, 0.782, 0.782, 0.782, 0.782, 0.782, 0.782, 0.782, 0.782, 0.782, 0.782, 0.782, 0.782, 0.782, 0.782, 0.782, 0.782, 0.782, 0.782, 0.782, 0.782, 0.782, 0.782, 0.782, 0.782, 0.782, 0.782, 0.782, 0.782, 0.782, 0.782, 0.782, 0.782, 0.782, 0.782, 0.782, 0.782, 0.782, 0.782, 0.782, 0.782, 0.782, 0.782, 0.782, 0.782, 0.782, 0.782, 0.782]","{""0"": 0.7362, ""1"": 0.7734, ""2"": 0.8566, ""3"": 0.6047, ""4"": 0.8354, ""5"": 0.7214, ""6"": 0.8623, ""7"": 0.8792}","[0.8889, 1.0, 0.8, 0.8571, 1.0, 0.7143, 0.7778, 0.9091, 1.0, 0.75, 1.0, 0.9, 0.75, 1.0, 1.0, 0.7778, 0.8333, 0.8, 0.8333, 0.875, 0.7273, 0.7273, 0.8889, 0.8889, 1.0, 0.7857, 1.0, 0.75, 0.7, 1.0, 1.0, 0.6667, 1.0, 0.8, 0.8889, 0.7778, 0.8, 0.75, 0.7, 1.0, 0.8889, 0.7, 0.7778, 1.0, 1.0, 0.875, 1.0, 0.8, 0.9, 1.0, 0.8571, 1.0, 0.7778, 1.0, 1.0, 0.7143, 0.7143, 0.7778, 0.8333, 0.8182, 0.7, 0.625, 1.0, 0.8571, 0.9091, 1.0, 0.1667, 0.8571, 0.75, 0.8571, 0.8462, 0.8, 0.8571, 1.0, 0.1111, 0.6667, 0.6667, 0.7143, 1.0, 1.0, 0.8333, 1.0, 0.0, 0.9, 0.7778, 0.8, 0.6923, 0.875, 0.75, 0.8333, 0.4, 0.7778, 1.0, 1.0, 0.0, 0.7, 0.9, 1.0, 1.0, 0.9091, 1.0, 0.5714, 0.0, 1.0, 0.8, 0.0, 0.8889, 0.8, 0.75, 0.875, 0.0769, 0.6, 0.8333, 0.0, 1.0, 1.0, 1.0, 1.0, 0.0, 1.0, 0.75, 0.25, 1.0, 1.0, 1.0, 0.6, 0.0, 1.0, 0.9, 0.125, 1.0, 0.6667, 0.75, 0.875, 0.8333, 1.0, 0.8571, 0.0, 0.6667, 1.0, 0.1667, 0.6667, 0.875, 0.75, 1.0, 0.6667, 0.7778, 0.625, 0.0, 0.7143, 1.0, 0.8571, 0.875, 0.8, 0.5, 0.8571, 0.0, 0.8333, 1.0, 0.8889, 1.0, 0.4, 0.9, 0.6, 0.0, 0.8889, 0.7778, 1.0, 0.8, 0.9, 0.7143, 0.75, 0.0, 1.0, 0.8333, 1.0, 1.0, 1.0, 1.0, 0.8571, 0.0, 0.6667, 0.7273, 1.0, 0.6, 1.0, 0.8182, 0.8571, 0.0, 1.0, 1.0, 0.8571, 0.9167, 0.875, 0.8182, 1.0, 0.0, 0.75, 0.75, 1.0, 1.0, 1.0, 1.0, 0.75, 0.0, 0.8125, 0.875, 0.9, 1.0, 0.5, 1.0, 0.875, 0.8571, 0.875, 0.8571, 0.75, 1.0, 0.75, 0.7778, 0.9091, 0.5, 1.0, 0.8333, 0.75, 1.0, 0.7778, 1.0, 0.8, 0.875, 0.8571, 1.0, 0.75, 1.0, 0.8571, 0.8571, 0.8889, 0.7778, 1.0, 0.75, 0.8889, 0.6667, 1.0, 0.75, 1.0, 0.875, 0.7143, 0.7273, 0.8889, 0.7143, 0.9]"
cluster,0.0,0,cluster,0.227,0.227,0.227,0.0,23,True,454,0,288,1258,0,"[0.05, 0.0655, 0.082, 0.103, 0.1225, 0.137, 0.1445, 0.1515, 0.156, 0.162, 0.1675, 0.174, 0.1805, 0.187, 0.197, 0.2065, 0.211, 0.214, 0.2165, 0.221, 0.223, 0.2255, 0.227, 0.227, 0.227, 0.227, 0.227, 0.227, 0.227, 0.227, 0.227, 0.227, 0.227, 0.227, 0.227, 0.227, 0.227, 0.227, 0.227, 0.227, 0.227, 0.227, 0.227, 0.227, 0.227, 0.227, 0.227, 0.227, 0.227, 0.227, 0.227, 0.227, 0.227, 0.227, 0.227, 0.227, 0.227, 0.227, 0.227, 0.227, 0.227, 0.227, 0.227, 0.227, 0.227, 0.227, 0.227, 0.227, 0.227, 0.227, 0.227, 0.227, 0.227, 0.227, 0.227, 0.227, 0.227, 0.227, 0.227, 0.227, 0.227, 0.227, 0.227, 0.227, 0.227, 0.227, 0.227, 0.227, 0.227, 0.227, 0.227, 0.227, 0.227, 0.227, 0.227, 0.227, 0.227, 0.227, 0.227, 0.227, 0.227]","{""0"": 0.0, ""1"": 0.1236, ""2"": 0.6414, ""3"": 0.2357, ""4"": 0.0, ""5"": 0.408, ""6"": 0.0, ""7"": 0.3927}","[0.3333, 0.0, 0.0, 1.0, 0.0, 0.0, 1.0, 0.0, 0.0, 0.0, 0.125, 0.875, 0.0, 0.0, 0.875, 0.0, 0.0, 0.0, 0.8571, 1.0, 0.0, 0.0, 0.8889, 0.0, 0.0, 0.0, 1.0, 1.0, 0.0, 0.0, 0.875, 0.0, 0.0, 0.0, 1.0, 0.8571, 0.0, 0.0, 0.9, 0.0, 0.0, 0.0, 0.8333, 0.6667, 0.0, 0.0, 0.7778, 0.0, 0.0, 0.0, 0.1429, 0.8182, 0.0, 0.0, 0.8, 0.0, 0.0, 0.0, 0.0, 0.5714, 0.0, 0.0, 1.0, 0.0, 0.2, 0.0, 0.0, 0.7273, 0.0, 0.0, 1.0, 0.0, 0.75, 0.0, 0.0, 1.0, 0.0, 0.0, 1.0, 0.0, 0.875, 0.0, 0.0, 1.0, 0.0, 0.0, 1.0, 0.0, 0.875, 0.0, 0.0, 1.0, 0.0, 0.0, 0.0, 0.0, 1.0, 0.0, 0.0, 0.5, 0.0, 0.0, 0.0, 0.0, 0.625, 0.0, 0.0, 0.625, 0.2308, 0.0, 0.0, 0.0, 0.875, 0.0, 0.0, 1.0, 0.1429, 0.0, 0.0, 0.0, 0.875, 0.0, 0.0, 1.0, 0.8333, 0.0, 0.0, 0.0, 0.6875, 0.0, 0.0, 0.375, 1.0, 0.0, 0.0, 0.0, 1.0, 0.0, 0.0, 0.6, 1.0, 0.0, 0.0, 0.0, 0.9, 0.0, 0.0, 0.0, 1.0, 0.0, 0.0, 0.0, 1.0, 0.0, 0.0, 0.0, 1.0, 0.0, 0.25, 0.0, 1.0, 0.0, 0.0, 0.0, 0.9091, 0.0, 0.0, 0.0, 0.875, 0.0, 0.0, 0.0, 0.8889, 0.0, 0.0, 0.0, 0.0, 0.0, 0.0, 0.0, 0.0, 0.0, 0.0, 0.0, 0.0, 0.0, 0.0, 0.0, 0.0, 0.0, 0.0, 0.0, 0.0, 0.0, 0.0, 0.1429, 0.0, 0.0, 0.0, 0.0, 0.125, 0.0, 0.0, 1.0, 0.0, 0.0, 0.0, 0.0, 0.0, 0.0, 0.0, 0.7143, 0.0, 0.0, 0.0, 0.0, 0.0, 0.0, 0.0, 1.0, 0.0, 0.0, 0.0, 0.0, 0.0, 0.0, 0.0, 0.8571, 0.0, 0.0, 0.0, 0.0, 0.0, 0.0, 0.0, 0.8889, 0.0, 0.0, 0.75, 0.0, 0.0, 0.0, 0.0, 1.0, 0.0, 0.0, 0.7143, 0.0, 0.0, 0.0]"
cluster,0.0,1,cluster,0.136,0.136,0.136,-0.0,13,True,272,0,282,1446,0,"[0.05, 0.06, 0.0705, 0.079, 0.0905, 0.098, 0.1045, 0.1115, 0.119, 0.124, 0.1295, 0.1335, 0.136, 0.136, 0.136, 0.136, 0.136, 0.136, 0.136, 0.136, 0.136, 0.136, 0.136, 0.136, 0.136, 0.136, 0.136, 0.136, 0.136, 0.136, 0.136, 0.136, 0.136, 0.136, 0.136, 0.136, 0.136, 0.136, 0.136, 0.136, 0.136, 0.136, 0.136, 0.136, 0.136, 0.136, 0.136, 0.136, 0.136, 0.136, 0.136, 0.136, 0.136, 0.136, 0.136, 0.136, 0.136, 0.136, 0.136, 0.136, 0.136, 0.136, 0.136, 0.136, 0.136, 0.136, 0.136, 0.136, 0.136, 0.136, 0.136, 0.136, 0.136, 0.136, 0.136, 0.136, 0.136, 0.136, 0.136, 0.136, 0.136, 0.136, 0.136, 0.136, 0.136, 0.136, 0.136, 0.136, 0.136, 0.136, 0.136, 0.136, 0.136, 0.136, 0.136, 0.136, 0.136, 0.136, 0.136, 0.136, 0.136]","{""0"": 0.0, ""1"": 0.1314, ""2"": 0.0695, ""3"": 0.1508, ""4"": 0.0, ""5"": 0.0, ""6"": 0.03, ""7"": 0.708}","[0.1111, 0.0, 0.0, 0.0, 0.0, 0.0, 0.0, 0.0, 0.0, 0.0, 0.0, 0.0, 0.0, 0.0, 0.0, 0.0, 0.0, 0.0, 0.0, 0.0, 0.0, 0.0, 0.0, 0.0, 0.0833, 0.0, 0.0, 0.0, 0.0, 0.0, 0.0, 0.0, 1.0, 0.0, 0.0, 0.0, 0.0, 0.0, 0.0, 0.0, 1.0, 0.0, 0.0, 0.0, 0.0, 0.0, 0.0, 0.0, 1.0, 0.0, 0.0, 0.0, 0.0, 0.0, 0.0, 0.0, 0.7, 0.0, 0.0, 0.0, 0.0, 0.0, 0.0, 0.2, 0.0, 0.0, 0.0, 0.0, 0.0, 0.0, 0.0, 1.0, 0.0, 0.0, 0.0, 0.0, 0.0, 0.0, 0.0, 0.0, 0.0, 0.0, 0.0, 0.0, 0.0, 0.0, 0.0, 0.0, 1.0, 0.0, 0.0, 0.0, 0.0, 0.0, 0.0, 0.0, 0.5, 0.0, 0.0, 0.0, 0.0, 0.0, 0.0, 0.0, 1.0, 0.0, 0.0, 0.0, 0.0, 0.0, 0.0, 0.0, 0.8889, 0.0, 0.0, 0.0, 0.0, 0.0, 0.0, 0.0, 1.0, 0.0, 0.0, 0.0, 0.0, 0.0, 0.0, 0.0, 0.9231, 0.0, 0.0, 0.0, 1.0, 0.0, 0.0, 0.0, 0.625, 0.0, 0.1429, 0.0, 1.0, 0.0, 0.0, 0.0, 1.0, 0.0, 0.0909, 0.0, 0.7, 0.0, 0.0, 0.0, 1.0, 0.0, 1.0, 0.0, 1.0, 0.0, 0.0, 0.0, 0.875, 0.0, 0.25, 1.0, 1.0, 0.0, 0.0, 0.0, 0.7778, 0.0, 0.0, 0.0, 0.8571, 0.0, 0.0, 0.0, 1.0, 0.0, 0.0, 0.0, 0.1818, 0.0, 0.0, 0.0, 0.875, 0.0, 0.0, 0.0, 0.0, 0.0, 0.0, 0.0, 1.0, 0.0, 0.0, 0.0, 0.0, 0.0, 0.0, 0.0, 0.8571, 0.0, 0.0, 0.0, 0.0, 0.0, 0.0, 0.0, 1.0, 0.0, 0.0, 0.0, 0.0, 0.0, 0.0, 0.0, 0.9167, 0.0, 0.8333, 1.0, 0.0, 0.0, 0.0, 0.0, 1.0, 0.0, 1.0, 0.0, 0.0, 0.0, 0.0, 0.0, 1.0, 0.0, 1.0, 0.0, 0.0, 0.0, 0.0, 0.0, 0.8, 0.0, 0.0, 0.0, 0.0, 0.0, 0.0, 0.0, 0.2, 0.0]"
cluster,0.0,2,cluster,0.2265,0.2265,0.2265,0.0,26,True,453,0,272,1275,0,"[0.05, 0.0635, 0.082, 0.104, 0.1165, 0.13, 0.143, 0.1505, 0.158, 0.1665, 0.174, 0.1835, 0.1905, 0.1985, 0.2025, 0.2085, 0.213, 0.216, 0.217, 0.2195, 0.2215, 0.223, 0.224, 0.225, 0.226, 0.2265, 0.2265, 0.2265, 0.2265, 0.2265, 0.2265, 0.2265, 0.2265, 0.2265, 0.2265, 0.2265, 0.2265, 0.2265, 0.2265, 0.2265, 0.2265, 0.2265, 0.2265, 0.2265, 0.2265, 0.2265, 0.2265, 0.2265, 0.2265, 0.2265, 0.2265, 0.2265, 0.2265, 0.2265, 0.2265, 0.2265, 0.2265, 0.2265, 0.2265, 0.2265, 0.2265, 0.2265, 0.2265, 0.2265, 0.2265, 0.2265, 0.2265, 0.2265, 0.2265, 0.2265, 0.2265, 0.2265, 0.2265, 0.2265, 0.2265, 0.2265, 0.2265, 0.2265, 0.2265, 0.2265, 0.2265, 0.2265, 0.2265, 0.2265, 0.2265, 0.2265, 0.2265, 0.2265, 0.2265, 0.2265, 0.2265, 0.2265, 0.2265, 0.2265, 0.2265, 0.2265, 0.2265, 0.2265, 0.2265, 0.2265, 0.2265]","{""0"": 0.4106, ""1"": 0.1667, ""2"": 0.336, ""3"": 0.1472, ""4"": 0.0, ""5"": 0.0, ""6"": 0.3913, ""7"": 0.3498}","[0.1111, 1.0, 0.0, 1.0, 0.0, 0.0, 0.0, 0.0, 0.8333, 1.0, 0.0, 1.0, 0.0, 0.0, 0.0, 0.0, 0.7778, 0.8889, 0.0, 0.1667, 0.0, 0.0, 0.0, 0.0, 1.0, 1.0, 0.0, 0.0, 0.0, 0.0, 0.0, 0.0, 0.9167, 0.8889, 0.0, 0.0, 0.0, 0.0, 0.0, 0.0, 0.7778, 1.0, 0.0, 0.0, 0.0, 0.0, 0.0, 0.0, 1.0, 1.0, 0.0, 0.0, 0.0, 0.0, 0.0, 0.0, 0.8, 1.0, 0.0, 0.0, 0.0, 0.0, 0.0, 0.0, 0.9, 0.8182, 0.0, 0.0, 0.625, 0.0, 0.0, 0.2, 1.0, 0.5714, 0.0, 0.0, 1.0, 0.0, 0.0, 0.0, 1.0, 0.0, 0.0, 0.0, 0.8571, 0.0, 0.0, 0.8571, 0.2857, 0.0, 0.0, 0.1667, 0.875, 0.0, 0.0, 1.0, 0.0, 0.0, 0.0, 0.5, 1.0, 0.0, 0.0, 1.0, 0.0, 0.0, 0.0, 1.0, 0.0, 0.0, 0.0, 1.0, 0.0, 0.0, 0.0, 1.0, 0.0, 0.0, 0.0, 0.1, 0.0, 0.0, 0.0, 0.875, 0.0, 0.0, 0.0, 0.0, 0.0, 0.0, 0.0, 1.0, 0.0, 0.0, 0.0, 0.0, 0.0, 0.0, 0.0, 0.8889, 0.0, 0.0, 0.0, 0.0, 0.0, 0.0, 0.0, 0.9, 0.0, 0.0, 0.0, 0.0, 0.0, 0.0, 0.0, 1.0, 0.0, 0.0, 0.0, 0.8, 0.0, 0.0, 0.0, 0.5714, 0.0, 0.0, 0.0, 1.0, 0.0, 0.0, 0.0, 1.0, 0.0, 0.0, 0.0, 0.8889, 0.0, 0.0, 0.0, 0.5714, 0.0, 0.0, 0.0, 1.0, 0.0, 0.0, 0.8571, 0.0, 0.0, 0.0, 0.0, 0.8571, 0.0, 0.0, 1.0, 0.0, 0.0, 0.0, 0.0, 0.875, 0.0, 0.0, 1.0, 0.0, 0.0, 0.0, 0.0, 1.0, 0.0, 0.0, 0.875, 0.0, 0.0, 0.0, 0.0, 1.0, 0.2857, 1.0, 1.0, 0.0, 0.0, 0.0, 0.0, 1.0, 0.0, 0.8, 0.0, 0.0, 0.0, 0.0, 0.0, 0.0, 0.0, 0.9, 0.0, 0.0, 0.0, 0.0, 0.0, 0.0, 0.75, 1.0, 0.0, 0.0833, 0.0, 0.0, 0.0, 0.0, 0.7143, 1.0]"
cluster,0.0,3,cluster,0.1525,0.1525,0.1525,-0.0,21,True,305,0,300,1395,0,"[0.05, 0.0685, 0.086, 0.106, 0.1175, 0.126, 0.1305, 0.133, 0.1355, 0.138, 0.1405, 0.143, 0.1445, 0.1475, 0.149, 0.1495, 0.15, 0.1505, 0.1515, 0.152, 0.1525, 0.1525, 0.1525, 0.1525, 0.1525, 0.1525, 0.1525, 0.1525, 0.1525, 0.1525, 0.1525, 0.1525, 0.1525, 0.1525, 0.1525, 0.1525, 0.1525, 0.1525, 0.1525, 0.1525, 0.1525, 0.1525, 0.1525, 0.1525, 0.1525, 0.1525, 0.1525, 0.1525, 0.1525, 0.1525, 0.1525, 0.1525, 0.1525, 0.1525, 0.1525, 0.1525, 0.1525, 0.1525, 0.1525, 0.1525, 0.1525, 0.1525, 0.1525, 0.1525, 0.1525, 0.1525, 0.1525, 0.1525, 0.1525, 0.1525, 0.1525, 0.1525, 0.1525, 0.1525, 0.1525, 0.1525, 0.1525, 0.1525, 0.1525, 0.1525, 0.1525, 0.1525, 0.1525, 0.1525, 0.1525, 0.1525, 0.1525, 0.1525, 0.1525, 0.1525, 0.1525, 0.1525, 0.1525, 0.1525, 0.1525, 0.1525, 0.1525, 0.1525, 0.1525, 0.1525, 0.1525]","{""0"": 0.1457, ""1"": 0.251, ""2"": 0.0, ""3"": 0.0, ""4"": 0.0932, ""5"": 0.0776, ""6"": 0.5039, ""7"": 0.1351}","[0.1111, 0.0, 0.0, 0.0, 0.0, 1.0, 0.0, 0.0, 0.0, 0.0, 0.0, 0.0, 0.0, 0.5, 1.0, 0.0, 0.0, 0.0, 0.0, 0.0, 0.0, 0.0, 0.625, 0.0, 0.0, 0.3333, 0.0, 0.0, 0.0, 0.0, 0.0, 0.0, 0.0, 0.8, 0.0, 0.0, 0.0, 0.7143, 0.0, 0.0, 0.0, 1.0, 0.0, 0.0, 0.0, 1.0, 0.1667, 0.0, 0.0, 0.8889, 0.0, 0.0, 0.0, 0.0, 1.0, 0.0, 0.0, 0.4, 0.0, 0.0, 0.0, 0.0, 0.0, 0.5714, 0.0, 0.2, 0.0833, 0.0, 0.0, 0.0, 0.0, 0.8, 0.0, 0.0, 0.8333, 0.0, 0.0, 0.0, 0.0, 1.0, 0.0, 0.0, 1.0, 0.0, 0.0, 0.0, 0.0, 0.9, 1.0, 0.0, 0.8889, 0.0, 0.0, 0.0, 0.0, 1.0, 0.8333, 1.0, 0.8889, 0.0, 0.0, 0.0, 0.0, 0.7778, 1.0, 0.0, 1.0, 0.0, 0.0, 0.0, 0.0, 1.0, 0.8889, 0.0, 0.875, 0.0, 0.0, 0.0, 0.0, 0.8333, 0.4286, 0.0, 0.8333, 0.0, 0.0, 0.0, 0.0, 0.875, 0.0, 0.0, 0.7778, 0.0, 0.0, 0.0, 0.0, 0.7143, 0.0, 0.0, 0.6667, 0.0, 0.0, 0.0, 0.0, 1.0, 0.0, 0.0, 0.125, 0.0, 0.0, 0.0, 0.0, 0.9091, 0.0, 0.0, 0.0, 0.0, 0.0, 0.0, 0.0, 1.0, 0.0, 0.0, 0.0, 0.0, 0.0, 0.0, 0.0, 1.0, 0.0, 0.0, 0.0, 0.0, 0.0, 0.0, 0.0, 1.0, 0.0, 0.0, 0.0, 0.0, 0.0, 0.0, 0.0, 0.7, 0.0, 0.0, 0.0, 0.0, 0.0, 0.0, 0.0, 0.625, 0.0, 0.0, 0.0, 0.0, 0.0, 0.0, 0.0, 0.0, 0.0, 0.0, 0.0, 0.0, 0.0, 0.0, 0.0, 0.0, 0.0, 0.0, 0.0, 0.0, 0.0, 0.0, 0.0, 0.0, 0.0, 0.0, 0.0, 0.0, 0.0, 0.0, 0.0, 0.0, 0.0, 0.0, 0.0, 0.0, 0.0, 0.0, 0.0, 0.0, 0.0, 0.0, 0.0, 0.0, 0.0, 0.0, 0.0, 0.0, 0.0, 0.0, 0.0, 0.0, 0.0, 0.1, 0.0, 0.0, 0.0, 0.0]"
cluster,0.0,4,cluster,0.2355,0.2355,0.2355,0.0,32,True,471,0,295,1234,0,"[0.05, 0.069, 0.0865, 0.104, 0.1235, 0.1425, 0.161, 0.173, 0.1865, 0.194, 0.1985, 0.202, 0.2035, 0.2065, 0.2105, 0.2135, 0.2165, 0.218, 0.219, 0.2205, 0.2225, 0.224, 0.2245, 0.2265, 0.2275, 0.2285, 0.2295, 0.231, 0.2325, 0.234, 0.235, 0.2355, 0.2355, 0.2355, 0.2355, 0.2355, 0.2355, 0.2355, 0.2355, 0.2355, 0.2355, 0.2355, 0.2355, 0.2355, 0.2355, 0.2355, 0.2355, 0.2355, 0.2355, 0.2355, 0.2355, 0.2355, 0.2355, 0.2355, 0.2355, 0.2355, 0.2355, 0.2355, 0.2355, 0.2355, 0.2355, 0.2355, 0.2355, 0.2355, 0.2355, 0.2355, 0.2355, 0.2355, 0.2355, 0.2355, 0.2355, 0.2355, 0.2355, 0.2355, 0.2355, 0.2355, 0.2355, 0.2355, 0.2355, 0.2355, 0.2355, 0.2355, 0.2355, 0.2355, 0.2355, 0.2355, 0.2355, 0.2355, 0.2355, 0.2355, 0.2355, 0.2355, 0.2355, 0.2355, 0.2355, 0.2355, 0.2355, 0.2355, 0.2355, 0.2355, 0.2355]","{""0"": 0.0522, ""1"": 0.2563, ""2"": 0.1181, ""3"": 0.5336, ""4"": 0.3824, ""5"": 0.0, ""6"": 0.1939, ""7"": 0.3678}","[0.4444, 0.1667, 0.0, 0.0, 0.0, 0.0, 0.0, 0.0, 1.0, 0.0, 0.0, 0.0, 0.0, 0.0, 0.0, 0.0, 1.0, 0.0, 0.0, 0.0, 0.0, 0.0, 0.0, 0.0, 1.0, 0.0, 0.0, 0.0, 0.75, 0.0, 0.0, 0.0, 0.125, 0.0, 0.0, 0.0, 0.8889, 0.9, 0.0, 0.0, 0.0, 0.0, 0.0, 0.0, 1.0, 0.8, 0.0, 0.0, 0.0, 0.0, 0.0, 0.0, 0.7778, 1.0, 0.0, 0.0, 0.0, 0.0, 0.0, 0.0, 0.9167, 1.0, 0.0, 0.0, 0.0, 0.0, 0.0, 0.0, 0.9, 1.0, 0.0, 0.0, 0.0, 0.0, 0.0, 0.0, 0.8, 0.6667, 0.0, 0.0, 0.0, 0.0, 0.0, 0.0, 1.0, 0.0, 0.0, 0.0, 0.0, 0.0, 0.0, 0.0, 0.8, 0.0, 0.0, 0.0, 0.0, 0.0, 0.0, 0.0, 1.0, 0.0, 0.0, 0.0, 0.0, 0.0, 0.0, 0.0, 0.8, 0.0, 0.0, 0.7143, 0.0, 0.0, 0.0, 0.0, 0.8333, 0.0, 0.0, 0.8, 0.0, 0.0, 0.0, 0.0, 0.75, 0.0, 0.0, 0.8, 0.0, 0.0, 0.0, 0.0, 1.0, 1.0, 0.0, 0.9091, 0.0, 0.0, 0.0, 0.0, 0.8, 0.75, 0.0, 1.0, 0.0, 0.0, 0.0, 0.0, 0.8571, 1.0, 0.0, 1.0, 0.0, 0.0, 0.0, 0.0, 1.0, 0.8, 0.0, 0.875, 0.0, 0.0, 0.25, 0.125, 0.8889, 1.0, 0.0, 0.8, 0.1429, 0.0, 1.0, 0.7273, 0.0, 0.75, 0.0, 0.0, 0.1429, 0.0, 1.0, 0.875, 0.0, 1.0, 0.0, 0.0, 0.5714, 0.0, 1.0, 1.0, 0.0, 1.0, 0.0, 0.0, 1.0, 0.0, 0.875, 0.6, 0.0, 0.2, 0.0, 0.0, 1.0, 0.0, 1.0, 0.0, 0.0, 0.0, 0.0, 0.0, 0.625, 0.0, 0.6667, 0.0, 1.0, 0.0, 0.0, 0.0, 1.0, 0.0, 1.0, 0.0, 0.0, 0.1429, 0.0, 0.0, 0.9, 0.0, 1.0, 0.0, 0.0, 0.0, 0.0, 0.0, 1.0, 0.0, 0.7778, 0.0, 0.0, 0.0, 0.0, 0.0, 0.7273, 1.0, 0.0, 0.0, 0.0, 0.0, 0.0, 0.0, 1.0, 0.625]"
cluster,0.0,5,cluster,0.1975,0.1975,0.1975,0.0,17,True,395,0,282,1323,0,"[0.05, 0.0645, 0.0875, 0.106, 0.1185, 0.1305, 0.1375, 0.1445, 0.1495, 0.157, 0.1635, 0.1715, 0.1805, 0.187, 0.192, 0.195, 0.1975, 0.1975, 0.1975, 0.1975, 0.1975, 0.1975, 0.1975, 0.1975, 0.1975, 0.1975, 0.1975, 0.1975, 0.1975, 0.1975, 0.1975, 0.1975, 0.1975, 0.1975, 0.1975, 0.1975, 0.1975, 0.1975, 0.1975, 0.1975, 0.1975, 0.1975, 0.1975, 0.1975, 0.1975, 0.1975, 0.1975, 0.1975, 0.1975, 0.1975, 0.1975, 0.1975, 0.1975, 0.1975, 0.1975, 0.1975, 0.1975, 0.1975, 0.1975, 0.1975, 0.1975, 0.1975, 0.1975, 0.1975, 0.1975, 0.1975, 0.1975, 0.1975, 0.1975, 0.1975, 0.1975, 0.1975, 0.1975, 0.1975, 0.1975, 0.1975, 0.1975, 0.1975, 0.1975, 0.1975, 0.1975, 0.1975, 0.1975, 0.1975, 0.1975, 0.1975, 0.1975, 0.1975, 0.1975, 0.1975, 0.1975, 0.1975, 0.1975, 0.1975, 0.1975, 0.1975, 0.1975, 0.1975, 0.1975, 0.1975, 0.1975]","{""0"": 0.645, ""1"": 0.3652, ""2"": 0.0, ""3"": 0.0, ""4"": 0.1829, ""5"": 0.2103, ""6"": 0.1255, ""7"": 0.051}","[0.1111, 0.6923, 0.875, 0.0, 0.0, 0.0, 1.0, 0.0, 0.0, 1.0, 0.8889, 0.0, 0.0, 0.0, 1.0, 0.0, 0.0, 1.0, 0.8333, 0.0, 0.0, 0.0, 1.0, 0.0, 0.0, 1.0, 1.0, 0.0, 0.0, 0.0, 0.3333, 0.0, 0.0, 0.625, 1.0, 0.0, 0.0, 0.0, 0.0, 0.0, 0.0, 0.8, 0.1667, 0.0, 0.0, 0.0, 0.0, 0.0, 0.0, 0.8, 0.0, 0.0, 0.0, 0.0, 0.0, 0.0, 0.0, 0.9, 0.0, 0.0, 0.0, 0.0, 0.0, 0.1667, 0.0, 0.8889, 0.0, 0.0, 0.0, 0.0, 0.0, 0.0, 0.0, 0.0, 0.0, 0.0, 0.0, 0.0, 0.0, 0.0, 0.0, 0.0, 0.0, 0.0, 0.0, 0.0, 0.0, 0.0, 0.0, 0.0, 0.0, 0.0, 0.0, 0.0, 1.0, 0.0, 0.0, 0.0, 0.0, 0.0, 0.0, 0.0, 0.0, 0.0, 0.0, 0.0, 0.0, 0.0, 0.0, 0.0, 0.0, 1.0, 0.0, 0.0, 0.0, 0.0, 0.0, 0.0, 0.0, 0.8571, 0.0, 0.0, 0.0, 0.0, 0.0, 0.0, 0.0, 0.8889, 0.0, 0.0, 0.0, 0.0, 0.0, 0.0, 0.0, 1.0, 0.0, 0.0, 0.0, 0.0, 0.0, 0.0, 0.0, 1.0, 0.0, 1.0, 0.0, 0.0, 0.0, 0.0, 0.0, 0.0, 0.0, 0.875, 0.0, 0.0, 0.0, 0.0, 0.0, 0.0, 0.0, 1.0, 0.0, 0.0, 0.0, 0.0, 0.0, 0.0, 0.0, 1.0, 0.0, 0.0, 0.0, 0.0, 0.0, 0.0, 0.0, 1.0, 0.0, 0.0, 0.0, 1.0, 0.0, 0.0, 0.8333, 0.6, 0.0, 0.0, 0.0, 0.8571, 1.0, 0.0, 1.0, 1.0, 0.8889, 0.0, 0.0, 1.0, 0.3333, 0.0, 0.0, 1.0, 0.7778, 0.0, 0.0, 1.0, 0.0, 0.0, 0.0, 0.7143, 1.0, 0.0, 0.0, 0.8571, 0.0, 0.0, 0.0, 1.0, 1.0, 0.0, 0.0, 0.8, 0.0, 0.0, 0.0, 1.0, 0.8571, 0.0, 0.0, 0.8333, 0.0, 0.0, 0.0, 1.0, 0.7778, 0.0, 0.0, 0.1667, 0.125, 0.0, 0.0, 1.0, 0.7778, 0.0, 0.0, 0.0, 0.8571, 0.0, 0.0, 0.7273]"
cluster,0.0,6,cluster,0.1685,0.1685,0.1685,-0.0,17,True,337,0,305,1358,0,"[0.05, 0.064, 0.082, 0.097, 0.109, 0.1195, 0.1325, 0.144, 0.152, 0.1575, 0.162, 0.164, 0.165, 0.166, 0.167, 0.168, 0.1685, 0.1685, 0.1685, 0.1685, 0.1685, 0.1685, 0.1685, 0.1685, 0.1685, 0.1685, 0.1685, 0.1685, 0.1685, 0.1685, 0.1685, 0.1685, 0.1685, 0.1685, 0.1685, 0.1685, 0.1685, 0.1685, 0.1685, 0.1685, 0.1685, 0.1685, 0.1685, 0.1685, 0.1685, 0.1685, 0.1685, 0.1685, 0.1685, 0.1685, 0.1685, 0.1685, 0.1685, 0.1685, 0.1685, 0.1685, 0.1685, 0.1685, 0.1685, 0.1685, 0.1685, 0.1685, 0.1685, 0.1685, 0.1685, 0.1685, 0.1685, 0.1685, 0.1685, 0.1685, 0.1685, 0.1685, 0.1685, 0.1685, 0.1685, 0.1685, 0.1685, 0.1685, 0.1685, 0.1685, 0.1685, 0.1685, 0.1685, 0.1685, 0.1685, 0.1685, 0.1685, 0.1685, 0.1685, 0.1685, 0.1685, 0.1685, 0.1685, 0.1685, 0.1685, 0.1685, 0.1685, 0.1685, 0.1685, 0.1685, 0.1685]","{""0"": 0.0837, ""1"": 0.0, ""2"": 0.1488, ""3"": 0.1331, ""4"": 0.2992, ""5"": 0.0653, ""6"": 0.3038, ""7"": 0.3192}","[0.1111, 0.0, 0.0, 0.0, 0.875, 0.0, 0.0, 0.125, 0.0, 0.0, 0.0, 0.0, 0.875, 0.2, 0.0, 1.0, 0.0, 0.0, 0.0, 0.0, 0.2222, 1.0, 0.0, 0.8, 0.0, 0.0, 0.0, 0.0, 0.0, 1.0, 0.0, 1.0, 0.0, 0.0, 0.0, 0.0, 0.0, 1.0, 0.0, 0.8571, 0.0, 0.0, 0.0, 0.0, 0.0, 0.8571, 0.0, 0.8, 0.0, 0.0, 0.0, 0.0, 0.0, 0.5714, 0.0, 1.0, 0.0, 0.0, 0.0, 0.0, 0.0, 0.7778, 0.0, 0.8571, 0.0, 0.0, 0.0, 0.0, 0.0, 1.0, 0.0, 0.7, 0.0909, 0.0, 0.0, 0.0, 0.0, 1.0, 0.0, 1.0, 1.0, 0.0, 0.0, 0.8333, 0.0, 0.7143, 0.0, 1.0, 0.7143, 0.0, 0.0, 1.0, 0.0, 0.1429, 0.0, 0.75, 0.875, 0.0, 0.0, 1.0, 0.0, 0.0, 0.0, 0.2857, 0.8571, 0.0, 0.0, 0.8571, 0.0, 0.0, 0.0, 0.0, 0.75, 0.0, 0.0, 0.2, 0.0, 0.0, 0.0, 0.0, 0.9, 0.0, 0.0, 0.0, 0.0, 0.0, 0.0, 0.0, 0.625, 0.0, 0.0, 0.0, 0.0, 0.0, 0.0, 0.0, 1.0, 0.1, 0.0, 0.0, 0.0, 0.0, 0.0, 0.0, 0.7273, 1.0, 0.0, 0.0, 0.0, 0.0, 0.0, 0.0, 1.0, 0.8571, 0.0, 0.0, 0.0, 0.0, 0.0, 0.0, 0.8, 0.75, 0.0, 0.0, 0.0, 0.0, 0.0, 0.0, 0.0, 0.7143, 0.0, 0.0, 0.0, 0.0, 0.0, 0.0, 0.0, 0.1111, 0.0, 0.0, 0.0, 0.0, 0.0, 0.0, 0.0, 0.0, 0.0, 0.0, 0.0, 0.0, 0.0, 0.0, 0.0, 0.0, 0.0, 0.0, 0.0, 0.0, 0.0, 0.0, 0.0, 0.0, 0.0, 0.0, 0.0, 1.0, 0.0, 0.0, 0.0, 0.0, 0.0, 0.0, 0.0, 1.0, 1.0, 0.0, 0.0, 0.0, 0.0, 0.0, 0.0, 0.3636, 0.9091, 0.0, 0.0, 0.0, 0.0, 0.0, 1.0, 0.0, 0.0, 0.0, 0.0, 0.0, 0.0, 0.0, 1.0, 0.0, 0.0, 0.0, 0.0, 0.0, 0.0, 0.0, 0.8571, 0.0, 0.0, 0.0, 0.0, 0.0]"
cluster,0.0,7,cluster,0.1875,0.1875,0.1875,0.0,19,True,375,0,279,1346,0,"[0.05, 0.0665, 0.087, 0.104, 0.119, 0.129, 0.1395, 0.149, 0.156, 0.161, 0.164, 0.1675, 0.1695, 0.1735, 0.177, 0.182, 0.1855, 0.1865, 0.1875, 0.1875, 0.1875, 0.1875, 0.1875, 0.1875, 0.1875, 0.1875, 0.1875, 0.1875, 0.1875, 0.1875, 0.1875, 0.1875, 0.1875, 0.1875, 0.1875, 0.1875, 0.1875, 0.1875, 0.1875, 0.1875, 0.1875, 0.1875, 0.1875, 0.1875, 0.1875, 0.1875, 0.1875, 0.1875, 0.1875, 0.1875, 0.1875, 0.1875, 0.1875, 0.1875, 0.1875, 0.1875, 0.1875, 0.1875, 0.1875, 0.1875, 0.1875, 0.1875, 0.1875, 0.1875, 0.1875, 0.1875, 0.1875, 0.1875, 0.1875, 0.1875, 0.1875, 0.1875, 0.1875, 0.1875, 0.1875, 0.1875, 0.1875, 0.1875, 0.1875, 0.1875, 0.1875, 0.1875, 0.1875, 0.1875, 0.1875, 0.1875, 0.1875, 0.1875, 0.1875, 0.1875, 0.1875, 0.1875, 0.1875, 0.1875, 0.1875, 0.1875, 0.1875, 0.1875, 0.1875, 0.1875, 0.1875]","{""0"": 0.0346, ""1"": 0.1564, ""2"": 0.1301, ""3"": 0.31, ""4"": 0.0, ""5"": 0.7075, ""6"": 0.1679, ""7"": 0.0}","[0.2222, 0.0, 0.0, 0.0, 0.0, 0.0, 0.5714, 0.0, 0.0, 0.0, 0.0, 0.0, 0.0, 0.0, 0.75, 0.0, 0.0, 0.0, 0.0, 0.8571, 0.0, 0.0, 0.8, 0.0, 0.0, 0.0, 0.0, 1.0, 0.0, 0.0, 0.7778, 0.0, 0.0, 0.0, 0.0, 1.0, 0.0, 0.0, 1.0, 0.0, 0.0, 0.0, 0.0, 1.0, 0.0, 0.0, 1.0, 0.0, 0.0, 0.0, 0.0, 0.5714, 0.0, 0.0, 0.8, 0.0, 0.0, 1.0, 0.0, 0.0, 0.0, 0.0, 0.0, 0.0, 0.0, 0.0, 0.0, 0.0, 0.0, 0.0, 0.3333, 0.0, 0.0, 0.0, 0.0, 0.0, 0.0, 0.0, 0.0, 0.0, 0.0, 0.0, 0.0, 0.0, 0.0, 0.0, 0.0, 0.0, 0.0, 0.0, 0.0, 0.0, 0.0, 0.0, 0.0, 0.0, 0.0, 0.0, 0.0, 0.0, 0.8333, 0.0, 0.0, 0.0, 0.0, 0.0, 0.0, 0.0, 0.7143, 0.0, 1.0, 0.0, 0.0, 0.0, 1.0, 0.0, 1.0, 0.0, 0.875, 0.1111, 0.0, 0.0, 0.125, 0.0, 1.0, 0.0, 1.0, 1.0, 0.0, 0.0, 0.0, 0.0, 1.0, 0.0, 1.0, 1.0, 0.0, 0.0, 0.0, 0.0, 0.8571, 0.0, 1.0, 1.0, 0.0, 0.0, 0.0, 0.0, 0.8333, 0.0, 0.875, 0.7, 0.0, 0.0, 0.0, 0.0, 0.8333, 0.0, 1.0, 0.75, 0.0, 0.0, 0.0, 0.0, 1.0, 0.0, 0.8333, 0.3636, 0.0, 0.0, 0.8, 0.0, 1.0, 0.0, 0.875, 0.0, 0.0, 0.0, 1.0, 0.0, 0.625, 0.0, 1.0, 0.0, 0.0, 0.0, 1.0, 0.0, 0.0, 0.0, 1.0, 0.0, 0.0, 0.0, 1.0, 0.0, 0.0, 0.0, 0.875, 0.0, 0.0, 0.0, 0.75, 0.0, 0.0, 0.0, 1.0, 0.0, 0.0, 0.0, 0.0, 0.0, 0.0, 0.0, 0.9, 0.1111, 0.0, 0.0, 0.0, 0.0, 0.0, 0.0, 0.8182, 1.0, 0.0, 0.0, 0.0, 0.0, 0.0, 0.0, 0.7778, 0.0667, 0.0, 0.0, 0.0, 0.0, 0.0, 0.0, 0.875, 0.0, 0.0, 0.0, 0.0, 0.0, 0.0, 0.0, 1.0, 0.0, 0.0, 0.0]"
cluster,0.0,8,cluster,0.1885,0.1885,0.1885,0.0,17,True,377,0,314,1309,0,"[0.05, 0.0685, 0.0815, 0.094, 0.1045, 0.1155, 0.1225, 0.1305, 0.138, 0.145, 0.1555, 0.165, 0.1755, 0.18, 0.1835, 0.1875, 0.1885, 0.1885, 0.1885, 0.1885, 0.1885, 0.1885, 0.1885, 0.1885, 0.1885, 0.1885, 0.1885, 0.1885, 0.1885, 0.1885, 0.1885, 0.1885, 0.1885, 0.1885, 0.1885, 0.1885, 0.1885, 0.1885, 0.1885, 0.1885, 0.1885, 0.1885, 0.1885, 0.1885, 0.1885, 0.1885, 0.1885, 0.1885, 0.1885, 0.1885, 0.1885, 0.1885, 0.1885, 0.1885, 0.1885, 0.1885, 0.1885, 0.1885, 0.1885, 0.1885, 0.1885, 0.1885, 0.1885, 0.1885, 0.1885, 0.1885, 0.1885, 0.1885, 0.1885, 0.1885, 0.1885, 0.1885, 0.1885, 0.1885, 0.1885, 0.1885, 0.1885, 0.1885, 0.1885, 0.1885, 0.1885, 0.1885, 0.1885, 0.1885, 0.1885, 0.1885, 0.1885, 0.1885, 0.1885, 0.1885, 0.1885, 0.1885, 0.1885, 0.1885, 0.1885, 0.1885, 0.1885, 0.1885, 0.1885, 0.1885, 0.1885]","{""0"": 0.042, ""1"": 0.5234, ""2"": 0.07, ""3"": 0.0617, ""4"": 0.3745, ""5"": 0.2066, ""6"": 0.2479, ""7"": 0.0}","[0.3333, 0.0, 0.7143, 0.0, 0.0, 0.0, 0.0, 0.6, 0.0, 0.0909, 0.8571, 0.0, 0.0, 0.0, 0.0, 1.0, 0.0, 1.0, 1.0, 0.0, 0.0, 0.0, 0.0, 0.6, 0.0, 0.0, 0.6, 0.0, 0.0, 0.0, 0.0, 1.0, 0.0, 0.0, 0.125, 0.0, 0.0, 0.0, 0.0, 0.7778, 0.0, 0.0, 0.0, 0.0, 0.4, 0.0, 0.0, 0.8, 0.0, 0.0, 0.0, 0.0, 0.8571, 0.0, 0.0, 0.1429, 0.0, 0.0, 0.0, 0.0, 1.0, 0.0, 0.125, 0.0, 0.0, 0.0, 0.0, 0.0, 0.1667, 0.0, 0.0, 0.0, 0.0, 0.0, 0.0, 0.0, 0.0, 0.0, 0.1429, 0.0, 0.0, 0.0, 0.0, 0.0, 0.0, 0.0, 0.8, 0.0, 0.0, 0.0, 0.0, 0.0, 0.0, 0.0, 1.0, 0.0, 0.0, 0.0, 0.0, 0.0, 0.0, 0.0, 1.0, 0.0, 0.0, 0.0, 0.0, 0.0, 0.0, 0.125, 1.0, 0.0, 0.0, 0.0, 0.0, 0.0, 0.0, 0.875, 0.9091, 0.0, 0.0, 0.0, 0.0, 0.0, 0.0, 0.8889, 0.8, 0.0, 0.0, 0.0, 0.3333, 0.0, 0.0, 1.0, 0.1111, 0.0, 0.0, 0.0, 0.6667, 0.0, 0.0, 1.0, 0.2, 0.0, 0.0, 0.0, 0.9, 0.0, 0.0, 0.875, 0.0, 0.0, 0.0, 0.0, 0.8571, 0.0, 0.0, 1.0, 0.0, 0.1429, 0.0, 0.0, 0.75, 0.0, 0.0, 1.0, 0.0, 0.875, 0.0, 0.0, 1.0, 1.0, 0.0, 0.75, 0.0, 1.0, 0.0, 0.0, 1.0, 0.0, 0.0, 0.8889, 0.0, 0.8333, 0.0, 0.0, 0.875, 0.0, 0.0, 0.8333, 0.0, 0.0, 0.0, 0.0, 1.0, 0.0, 0.0, 0.8, 0.0, 0.0, 0.0, 0.0, 0.9286, 0.0, 0.0, 1.0, 0.0, 0.0, 0.0, 0.0, 1.0, 0.625, 0.0, 0.8333, 0.0, 0.0, 0.0, 0.0, 0.8, 1.0, 0.0, 0.0, 0.0, 0.0, 0.0, 0.0, 1.0, 0.0, 0.0, 0.0, 0.0, 0.0, 0.0, 0.0, 0.8333, 0.0, 0.0, 0.0, 0.0, 0.0, 0.0, 0.0, 1.0, 0.0, 0.0, 0.125, 0.0, 0.0909, 0.0, 0.0]"
cluster,0.0,9,cluster,0.211,0.211,0.211,0.0,19,True,422,0,257,1321,0,"[0.05, 0.063, 0.0775, 0.091, 0.0995, 0.114, 0.13, 0.142, 0.154, 0.1635, 0.17, 0.18, 0.1865, 0.191, 0.1935, 0.1985, 0.204, 0.21, 0.211, 0.211, 0.211, 0.211, 0.211, 0.211, 0.211, 0.211, 0.211, 0.211, 0.211, 0.211, 0.211, 0.211, 0.211, 0.211, 0.211, 0.211, 0.211, 0.211, 0.211, 0.211, 0.211, 0.211, 0.211, 0.211, 0.211, 0.211, 0.211, 0.211, 0.211, 0.211, 0.211, 0.211, 0.211, 0.211, 0.211, 0.211, 0.211, 0.211, 0.211, 0.211, 0.211, 0.211, 0.211, 0.211, 0.211, 0.211, 0.211, 0.211, 0.211, 0.211, 0.211, 0.211, 0.211, 0.211, 0.211, 0.211, 0.211, 0.211, 0.211, 0.211, 0.211, 0.211, 0.211, 0.211, 0.211, 0.211, 0.211, 0.211, 0.211, 0.211, 0.211, 0.211, 0.211, 0.211, 0.211, 0.211, 0.211, 0.211, 0.211, 0.211, 0.211]","{""0"": 0.0392, ""1"": 0.1481, ""2"": 0.0, ""3"": 0.6185, ""4"": 0.0192, ""5"": 0.6709, ""6"": 0.1239, ""7"": 0.117}","[0.2222, 1.0, 0.0, 0.0, 0.0, 0.0, 0.0, 0.0, 0.0, 0.0, 0.0, 0.0, 1.0, 0.0, 0.0, 0.0, 0.0, 0.0, 0.0, 0.0, 1.0, 0.0, 0.0, 0.0, 0.0, 0.0, 0.0, 0.0, 0.8, 0.0, 0.5, 0.0, 0.0, 0.0, 0.0, 0.0, 0.0, 0.0, 0.6667, 0.0, 0.0, 0.0, 0.0, 0.0, 0.0, 0.0, 0.9091, 0.0, 0.0, 0.0, 0.0, 0.0, 0.125, 0.0, 1.0, 0.0, 0.0, 0.0, 0.0, 0.0, 0.625, 0.0, 1.0, 0.0, 0.0, 0.0, 0.0, 0.0, 0.9286, 0.0, 1.0, 0.0, 0.0, 0.0, 0.0, 0.0, 1.0, 0.0, 0.7, 0.0, 0.0, 0.0, 0.0, 0.0, 0.875, 0.0, 0.7143, 0.0, 0.0, 0.0, 0.0, 0.0, 0.625, 0.0, 1.0, 0.0, 0.0, 0.0, 0.0, 0.0, 0.8333, 0.0, 1.0, 0.0, 0.0, 0.0, 0.0, 0.0, 1.0, 0.0, 0.8571, 0.0, 0.0, 0.0, 0.0, 0.0, 0.875, 0.0, 1.0, 0.0, 0.5, 0.0, 0.0, 0.0, 0.7778, 0.0, 1.0, 0.0, 1.0, 0.0, 0.0, 0.0, 0.8571, 0.0, 0.8889, 0.0, 1.0, 0.0, 0.0, 0.0, 0.8182, 0.0, 1.0, 0.0, 0.8333, 0.0, 0.0833, 0.0, 1.0, 0.0, 1.0, 0.0, 0.0, 0.0, 1.0, 0.0, 1.0, 0.0, 0.7143, 0.0, 0.0, 0.0, 0.8, 0.0, 1.0, 0.0, 0.9, 0.0, 0.0, 0.0, 0.9091, 0.0, 0.875, 0.0, 1.0, 0.0, 0.0, 0.0, 1.0, 0.0, 1.0, 1.0, 0.75, 0.1429, 0.0, 0.0, 1.0, 0.0, 0.75, 0.0, 0.8182, 0.0, 0.0, 0.0, 0.0, 0.0, 1.0, 0.0, 1.0, 0.75, 0.0, 0.0, 0.0, 0.0, 0.875, 0.0, 1.0, 1.0, 0.0, 0.0, 0.0, 0.0, 0.0, 0.0, 0.0, 1.0, 0.0, 0.0, 0.0, 0.0, 0.0, 0.0, 0.0, 1.0, 0.0, 0.0, 0.0, 0.0, 0.0, 0.0, 0.0, 0.0, 0.0, 0.0, 0.0, 0.0, 0.0, 0.0, 0.0, 0.0, 0.0, 0.0, 0.0, 0.0, 0.0, 0.0, 0.0, 0.0, 0.0, 0.5]"
cluster,0.0,10,cluster,0.305,0.305,0.305,-0.0,27,True,610,0,257,1133,0,"[0.05, 0.065, 0.0835, 0.104, 0.1235, 0.1405, 0.156, 0.17, 0.184, 0.1955, 0.208, 0.222, 0.2295, 0.239, 0.252, 0.2615, 0.268, 0.272, 0.2795, 0.2835, 0.2865, 0.2905, 0.2945, 0.2985, 0.302, 0.3045, 0.305, 0.305, 0.305, 0.305, 0.305, 0.305, 0.305, 0.305, 0.305, 0.305, 0.305, 0.305, 0.305, 0.305, 0.305, 0.305, 0.305, 0.305, 0.305, 0.305, 0.305, 0.305, 0.305, 0.305, 0.305, 0.305, 0.305, 0.305, 0.305, 0.305, 0.305, 0.305, 0.305, 0.305, 0.305, 0.305, 0.305, 0.305, 0.305, 0.305, 0.305, 0.305, 0.305, 0.305, 0.305, 0.305, 0.305, 0.305, 0.305, 0.305, 0.305, 0.305, 0.305, 0.305, 0.305, 0.305, 0.305, 0.305, 0.305, 0.305, 0.305, 0.305, 0.305, 0.305, 0.305, 0.305, 0.305, 0.305, 0.305, 0.305, 0.305, 0.305, 0.305, 0.305, 0.305]","{""0"": 0.0, ""1"": 0.2389, ""2"": 0.8645, ""3"": 0.0438, ""4"": 0.3295, ""5"": 0.3927, ""6"": 0.2573, ""7"": 0.3071}","[0.1111, 0.0, 0.0, 0.8, 0.0, 1.0, 0.0, 0.0, 0.125, 0.0, 0.0, 1.0, 0.0, 0.7143, 0.1667, 0.0, 0.0, 0.0, 0.0, 0.75, 0.0, 0.5, 0.8, 0.0, 0.0, 0.0, 0.0, 1.0, 0.0, 0.875, 1.0, 0.0, 0.0, 0.0, 0.0, 0.75, 0.0, 0.8571, 1.0, 0.0, 0.0, 0.0, 0.0, 0.875, 0.0, 0.7143, 1.0, 0.0, 0.0, 0.0, 0.0, 0.875, 0.0, 0.9091, 1.0, 0.0, 1.0, 0.0, 0.8333, 0.8571, 0.0, 0.8182, 1.0, 0.0, 0.0, 0.0, 1.0, 0.625, 0.0, 1.0, 0.0, 0.0, 0.0, 0.0, 0.8182, 0.8571, 0.0, 1.0, 0.0, 0.0, 0.0, 0.0, 1.0, 0.8571, 0.0, 0.7778, 0.0, 0.1, 0.0, 0.0, 1.0, 1.0, 0.0, 0.1, 0.0, 0.625, 0.0, 0.0, 1.0, 0.8, 0.0, 0.0, 0.0, 0.875, 0.0, 0.0, 0.8571, 0.75, 0.0, 0.0, 0.0, 0.875, 0.0, 0.0, 1.0, 1.0, 0.0, 0.0, 0.0, 1.0, 0.0, 0.0, 1.0, 0.8889, 1.0, 0.0, 0.0, 1.0, 0.0, 0.0, 0.0, 0.8571, 0.7143, 0.0, 0.0, 0.8333, 0.0, 0.0, 0.0, 1.0, 0.0, 0.0, 0.0, 1.0, 0.0, 0.0, 0.0, 1.0, 0.0, 0.0, 0.0, 1.0, 0.1667, 0.0, 0.0, 0.9375, 0.0, 0.0, 0.2222, 1.0, 0.1667, 0.0, 0.0, 0.9, 0.0, 0.0, 0.6667, 0.0, 0.0, 0.0, 0.0, 0.8889, 0.0, 0.0, 0.7143, 0.0, 0.8333, 0.0, 0.0, 1.0, 0.0, 0.0, 1.0, 0.0, 0.8889, 0.0, 0.0, 0.8571, 0.0, 0.0, 0.875, 0.0, 1.0, 0.0, 0.0, 1.0, 0.0, 0.0, 0.6667, 0.0, 1.0, 0.0, 0.0, 1.0, 0.0, 0.0, 0.8889, 0.0, 0.9, 0.0, 0.0, 0.875, 0.0, 0.0, 1.0, 0.0, 1.0, 0.0, 0.0, 0.8571, 0.0, 0.0, 0.5, 0.0, 1.0, 0.0, 0.0, 1.0, 0.0, 0.0, 0.1429, 0.0, 1.0, 0.0, 0.0, 0.375, 0.0, 0.4, 0.0, 0.0, 0.75, 0.0, 0.0, 0.5714, 0.0, 0.8571, 0.0, 0.0, 0.8182, 0.0]"
cluster,0.0,11,cluster,0.17,0.17,0.17,0.0,30,True,340,0,277,1383,0,"[0.05, 0.065, 0.0815, 0.0935, 0.1015, 0.112, 0.1215, 0.129, 0.1325, 0.1365, 0.1385, 0.1405, 0.1425, 0.1435, 0.144, 0.1455, 0.1465, 0.147, 0.1475, 0.149, 0.1505, 0.151, 0.1525, 0.155, 0.1565, 0.1605, 0.1645, 0.1665, 0.1695, 0.17, 0.17, 0.17, 0.17, 0.17, 0.17, 0.17, 0.17, 0.17, 0.17, 0.17, 0.17, 0.17, 0.17, 0.17, 0.17, 0.17, 0.17, 0.17, 0.17, 0.17, 0.17, 0.17, 0.17, 0.17, 0.17, 0.17, 0.17, 0.17, 0.17, 0.17, 0.17, 0.17, 0.17, 0.17, 0.17, 0.17, 0.17, 0.17, 0.17, 0.17, 0.17, 0.17, 0.17, 0.17, 0.17, 0.17, 0.17, 0.17, 0.17, 0.17, 0.17, 0.17, 0.17, 0.17, 0.17, 0.17, 0.17, 0.17, 0.17, 0.17, 0.17, 0.17, 0.17, 0.17, 0.17, 0.17, 0.17, 0.17, 0.17, 0.17, 0.17]","{""0"": 0.3934, ""1"": 0.2452, ""2"": 0.2686, ""3"": 0.0827, ""4"": 0.1371, ""5"": 0.0, ""6"": 0.0254, ""7"": 0.212}","[0.1111, 0.0, 0.0, 0.0, 0.0, 0.0, 0.0, 0.0, 0.8182, 0.0, 0.0, 0.0, 0.0, 0.0, 0.0, 0.0, 1.0, 1.0, 0.0, 0.0, 0.0, 0.0, 0.0, 0.0, 0.6667, 1.0, 0.0, 0.7778, 0.0, 0.0, 0.0, 0.0, 0.75, 0.8889, 0.0, 0.8, 0.0, 0.0, 0.0, 0.0, 0.6667, 1.0, 0.0, 0.875, 0.0, 0.0, 0.0, 0.0, 0.0, 0.8333, 0.0, 1.0, 0.0, 0.0, 0.0, 0.0, 0.0, 0.875, 0.0, 0.7778, 0.0, 0.0, 0.0, 0.0, 0.0, 0.5, 0.0, 1.0, 0.0, 0.0, 0.0, 0.0, 0.0, 0.8333, 0.0, 0.75, 0.1111, 0.0, 0.0, 0.0, 0.0, 1.0, 0.0, 0.75, 0.8571, 0.0, 0.0, 1.0, 0.0, 0.9, 0.0, 0.0, 1.0, 0.0, 0.0, 0.0, 0.0, 0.875, 0.0, 0.0, 1.0, 0.0, 0.0, 0.0, 0.0, 1.0, 0.0, 0.0, 0.0, 0.0, 0.0, 0.0, 0.0, 1.0, 0.0, 0.0, 0.0, 0.0, 0.0, 0.0, 0.0, 0.8333, 0.7, 0.0, 0.0, 0.0, 0.0, 0.0, 0.0, 0.0, 0.8333, 0.0, 0.0, 0.0, 0.0, 0.0, 0.0, 0.0, 1.0, 0.0, 0.0, 0.0, 0.0, 0.0, 0.0, 0.1429, 0.6667, 0.0, 0.0, 0.0, 0.0, 0.0, 0.0, 0.0, 0.6, 0.0, 0.0, 0.0, 0.0, 0.0, 0.0, 0.0, 0.9, 0.0, 0.0, 0.0, 0.0, 0.0, 0.0, 0.0, 1.0, 0.0, 0.0, 0.0, 0.0, 0.0, 0.0, 0.0, 1.0, 1.0, 0.0, 0.0, 0.0, 0.0, 0.0, 0.0, 0.7273, 0.5714, 0.0, 0.0, 0.0, 0.0, 0.0, 0.0, 0.0, 0.0, 0.0, 0.9, 0.0, 0.0, 0.0, 0.0, 0.0, 0.0, 0.0, 1.0, 0.0, 0.0, 0.0, 0.0, 0.0, 0.0, 0.0, 1.0, 0.0, 0.0, 0.0, 0.1, 0.0, 0.0, 0.0, 0.8, 0.0, 0.0, 0.1111, 0.0, 0.0, 0.0, 0.0, 1.0, 0.0, 0.0, 0.75, 0.0, 0.0, 0.0, 0.0, 0.0, 0.0, 0.0, 1.0, 0.0, 0.0, 0.0, 0.0, 0.0, 0.0, 0.0, 1.0, 0.0]"
cluster,0.01,0,cluster,0.1525,0.1525,0.1525,-0.0,17,True,305,0,310,1385,0,"[0.05, 0.062, 0.0765, 0.091, 0.1015, 0.108, 0.1115, 0.1155, 0.122, 0.127, 0.1305, 0.136, 0.14, 0.1425, 0.147, 0.1505, 0.1525, 0.1525, 0.1525, 0.1525, 0.1525, 0.1525, 0.1525, 0.1525, 0.1525, 0.1525, 0.1525, 0.1525, 0.1525, 0.1525, 0.1525, 0.1525, 0.1525, 0.1525, 0.1525, 0.1525, 0.1525, 0.1525, 0.1525, 0.1525, 0.1525, 0.1525, 0.1525, 0.1525, 0.1525, 0.1525, 0.1525, 0.1525, 0.1525, 0.1525, 0.1525, 0.1525, 0.1525, 0.1525, 0.1525, 0.1525, 0.1525, 0.1525, 0.1525, 0.1525, 0.1525, 0.1525, 0.1525, 0.1525, 0.1525, 0.1525, 0.1525, 0.1525, 0.1525, 0.1525, 0.1525, 0.1525, 0.1525, 0.1525, 0.1525, 0.1525, 0.1525, 0.1525, 0.1525, 0.1525, 0.1525, 0.1525, 0.1525, 0.1525, 0.1525, 0.1525, 0.1525, 0.1525, 0.1525, 0.1525, 0.1525, 0.1525, 0.1525, 0.1525, 0.1525, 0.1525, 0.1525, 0.1525, 0.1525, 0.1525, 0.1525]","{""0"": 0.0342, ""1"": 0.0331, ""2"": 0.1172, ""3"": 0.0, ""4"": 0.0659, ""5"": 0.0675, ""6"": 0.3053, ""7"": 0.6441}","[0.2222, 0.0, 0.0, 0.0, 0.0, 0.0, 0.0, 1.0, 0.6667, 0.0, 0.0, 0.0, 0.0, 0.0, 0.0, 0.8333, 0.3333, 0.0, 0.0, 0.0, 0.0, 0.0, 0.0, 0.4, 0.0, 0.0, 0.0, 0.0, 0.0, 0.0, 0.0, 0.8333, 0.125, 0.0, 0.0, 0.0, 0.0, 0.0, 0.0, 1.0, 0.8, 0.0, 0.0, 0.0, 0.0, 0.0, 0.0, 0.7273, 1.0, 0.0, 0.0, 0.0, 0.0, 0.0, 0.0, 1.0, 0.8571, 0.125, 0.0, 0.0, 0.0, 0.0, 0.0, 0.7778, 1.0, 0.0, 0.0, 0.0, 0.0, 0.1667, 0.0, 0.0, 1.0, 0.0, 0.0, 0.0, 0.0, 0.0, 0.0, 0.0, 0.8571, 0.0, 0.0, 0.0, 0.0, 0.0, 0.0, 0.0, 0.8, 0.0, 0.0, 0.0, 0.0, 0.0, 0.0, 0.0, 0.8, 0.0, 0.0, 0.0, 0.0, 0.0, 0.0, 0.0, 1.0, 0.0, 0.0, 0.1429, 0.0, 1.0, 0.0, 0.0, 0.6667, 0.0, 0.0, 0.7, 0.0, 1.0, 0.0, 0.0, 1.0, 0.0, 0.0, 1.0, 0.0, 0.0, 0.0, 0.0, 0.7143, 0.1429, 0.0, 0.6667, 0.0, 0.0, 0.0, 0.0, 1.0, 0.0, 0.0, 0.3, 0.0, 0.0, 0.0, 0.0, 0.7143, 0.0, 1.0, 0.0, 0.0, 0.0, 0.0, 0.0, 1.0, 0.0, 0.0, 0.0, 0.0, 0.0, 0.0, 0.0, 1.0, 0.0, 0.0, 0.0, 0.0, 0.0, 0.1111, 0.0, 0.625, 0.0, 0.0, 0.0, 0.0, 0.0, 1.0, 0.0, 0.9091, 0.0, 0.0, 0.0, 0.0, 0.0, 0.875, 0.0, 0.2222, 0.0, 0.0, 0.0, 0.0, 0.0, 0.1667, 0.875, 0.0, 0.0, 0.0, 0.0, 0.0, 0.0, 0.0, 1.0, 0.0, 0.0, 0.0, 0.0, 0.0, 0.0, 0.1667, 0.625, 0.0, 0.0, 0.0, 0.0, 0.0, 0.0, 0.0, 0.0, 0.1429, 0.0, 0.0, 0.0, 0.0, 0.0, 0.0, 0.0, 0.7778, 0.0, 0.0, 0.0, 0.0, 0.0, 0.0, 0.0, 1.0, 0.0, 0.0, 0.0, 0.0, 0.0, 0.0, 0.0, 0.6667, 1.0, 0.0, 0.0, 0.0, 0.0, 0.0, 0.2857, 0.875, 0.0]"
cluster,0.01,1,cluster,0.2675,0.2675,0.2675,0.0,28,True,535,0,303,1162,0,"[0.05, 0.068, 0.089, 0.119, 0.14, 0.149, 0.156, 0.1655, 0.1765, 0.1855, 0.194, 0.2025, 0.211, 0.2195, 0.227, 0.2355, 0.2405, 0.244, 0.2455, 0.248, 0.25, 0.2525, 0.2555, 0.257, 0.2585, 0.2605, 0.265, 0.2675, 0.2675, 0.2675, 0.2675, 0.2675, 0.2675, 0.2675, 0.2675, 0.2675, 0.2675, 0.2675, 0.2675, 0.2675, 0.2675, 0.2675, 0.2675, 0.2675, 0.2675, 0.2675, 0.2675, 0.2675, 0.2675, 0.2675, 0.2675, 0.2675, 0.2675, 0.2675, 0.2675, 0.2675, 0.2675, 0.2675, 0.2675, 0.2675, 0.2675, 0.2675, 0.2675, 0.2675, 0.2675, 0.2675, 0.2675, 0.2675, 0.2675, 0.2675, 0.2675, 0.2675, 0.2675, 0.2675, 0.2675, 0.2675, 0.2675, 0.2675, 0.2675, 0.2675, 0.2675, 0.2675, 0.2675, 0.2675, 0.2675, 0.2675, 0.2675, 0.2675, 0.2675, 0.2675, 0.2675, 0.2675, 0.2675, 0.2675, 0.2675, 0.2675, 0.2675, 0.2675, 0.2675, 0.2675, 0.2675]","{""0"": 0.1383, ""1"": 0.5918, ""2"": 0.0812, ""3"": 0.732, ""4"": 0.1181, ""5"": 0.0, ""6"": 0.4427, ""7"": 0.0129}","[0.5556, 0.0, 1.0, 0.0, 1.0, 0.0, 0.0, 1.0, 0.0, 0.0, 0.8571, 0.0, 1.0, 0.0, 0.0, 0.9, 0.0, 0.0, 0.8571, 0.0, 1.0, 0.0, 0.0, 1.0, 0.0, 0.0, 1.0, 0.0, 0.8182, 0.0, 0.0, 0.875, 0.4286, 0.0, 0.8889, 0.0, 1.0, 1.0, 0.0, 1.0, 0.0, 0.0, 0.8, 0.0, 0.8333, 0.0, 0.0, 0.8, 0.0, 0.0, 0.75, 0.0, 0.8182, 0.1667, 0.0, 1.0, 0.0, 0.0, 0.7778, 0.0, 1.0, 0.0, 0.0, 1.0, 0.0, 0.0, 0.8, 0.0, 0.8571, 0.0, 0.0, 0.8333, 0.0, 0.0, 1.0, 0.0, 1.0, 0.0, 0.0, 1.0, 0.0, 0.0, 1.0, 0.5714, 0.8, 0.0, 0.0, 0.8, 0.0, 0.0714, 1.0, 1.0, 1.0, 0.0, 0.0, 1.0, 0.0, 0.1667, 0.7778, 0.8889, 0.7143, 1.0, 0.0, 0.6667, 0.0, 0.875, 0.7778, 0.0, 0.7273, 1.0, 0.0, 0.0, 0.0, 1.0, 0.8571, 0.0, 0.7778, 0.6667, 0.0, 0.0, 0.0, 1.0, 0.7778, 0.0, 0.8571, 0.0, 0.0, 0.0, 0.0, 1.0, 0.5714, 0.0, 1.0, 0.0, 0.0, 0.125, 0.0, 0.0909, 0.0833, 0.0, 1.0, 0.0, 0.0, 0.0, 0.0, 0.1, 0.1429, 0.0, 0.75, 0.0, 0.0, 0.0, 0.0, 0.0, 0.0, 0.0, 0.8333, 0.0, 0.0, 0.0, 0.0, 0.0, 0.0, 0.0, 0.8333, 0.0, 0.0, 0.0, 0.0, 0.0, 0.125, 0.0, 1.0, 0.0, 0.0, 0.25, 0.0, 0.0, 0.0, 0.0, 1.0, 0.0, 0.0, 0.0, 0.0, 0.0, 0.0, 0.0, 0.4, 0.0, 0.0, 0.0, 0.0, 0.0, 0.125, 0.0, 0.0, 0.0, 0.0, 0.0, 0.0, 0.0, 0.0, 0.0, 0.125, 0.0, 0.0, 0.0, 0.0, 0.0, 0.0, 0.0, 0.0, 0.0, 0.0, 0.0, 0.0, 0.0, 1.0, 0.0, 0.0, 0.1, 0.0, 0.0, 0.0, 0.0, 0.8333, 0.0, 0.0, 0.0, 0.0, 0.0, 0.0, 0.0, 0.75, 0.0, 0.8333, 0.0, 0.0, 0.6667, 0.0, 0.0, 1.0, 0.0, 0.75, 0.0, 0.0, 0.8571, 0.0, 0.0]"
cluster,0.01,2,cluster,0.166,0.166,0.166,0.0,17,True,332,0,302,1366,0,"[0.05, 0.0695, 0.088, 0.0985, 0.1095, 0.1225, 0.132, 0.14, 0.148, 0.1565, 0.16, 0.161, 0.162, 0.1635, 0.1645, 0.1655, 0.166, 0.166, 0.166, 0.166, 0.166, 0.166, 0.166, 0.166, 0.166, 0.166, 0.166, 0.166, 0.166, 0.166, 0.166, 0.166, 0.166, 0.166, 0.166, 0.166, 0.166, 0.166, 0.166, 0.166, 0.166, 0.166, 0.166, 0.166, 0.166, 0.166, 0.166, 0.166, 0.166, 0.166, 0.166, 0.166, 0.166, 0.166, 0.166, 0.166, 0.166, 0.166, 0.166, 0.166, 0.166, 0.166, 0.166, 0.166, 0.166, 0.166, 0.166, 0.166, 0.166, 0.166, 0.166, 0.166, 0.166, 0.166, 0.166, 0.166, 0.166, 0.166, 0.166, 0.166, 0.166, 0.166, 0.166, 0.166, 0.166, 0.166, 0.166, 0.166, 0.166, 0.166, 0.166, 0.166, 0.166, 0.166, 0.166, 0.166, 0.166, 0.166, 0.166, 0.166, 0.166]","{""0"": 0.0423, ""1"": 0.1076, ""2"": 0.4096, ""3"": 0.0, ""4"": 0.4008, ""5"": 0.2685, ""6"": 0.087, ""7"": 0.0}","[0.2222, 0.0, 0.7143, 1.0, 0.0, 1.0, 0.8571, 0.0, 0.0, 0.0, 1.0, 0.8889, 0.0, 1.0, 0.8571, 0.0, 0.0, 0.0, 1.0, 0.6667, 0.0, 1.0, 1.0, 0.0, 0.0, 0.0, 0.0, 1.0, 0.0, 0.8333, 0.0, 0.0, 0.0, 0.0, 0.0, 0.8333, 0.0, 1.0, 0.0, 0.0, 0.0, 0.0, 0.0, 0.0, 0.0, 0.7, 0.0, 0.0, 0.0, 0.0, 0.0, 0.0, 0.0, 1.0, 0.0, 0.0, 0.0, 0.2, 0.0, 0.0, 0.0, 0.7778, 0.0, 0.0, 0.0, 1.0, 0.0, 0.0, 0.0, 1.0, 0.0, 0.0, 0.0, 0.1, 0.0, 0.0, 0.0, 0.7143, 0.0, 0.0, 0.0, 0.0, 0.0, 0.0, 0.0, 0.0, 0.0, 0.0, 0.0, 0.0, 0.0, 0.0, 0.0, 0.0, 0.0, 0.0, 0.0, 0.0, 0.0, 0.0, 0.0, 0.0, 0.0, 0.0, 0.0, 0.1429, 0.0, 0.0, 0.0, 0.0, 0.0, 0.0, 0.0, 0.0, 0.0, 0.0, 0.0, 0.0, 0.0, 0.0, 0.0, 0.0, 0.0, 1.0, 0.0, 0.0, 0.0, 0.0, 0.0, 0.0, 0.0, 0.75, 0.0, 0.0, 0.0, 0.0, 0.0, 0.0909, 0.0, 0.0, 0.0, 0.0, 0.0, 0.0, 0.0, 0.0, 0.0, 0.0, 0.0, 0.0, 0.0, 0.0, 0.0, 0.0, 0.0, 0.0, 0.0, 0.0, 0.0, 0.0, 0.0, 0.0, 0.0, 0.0, 0.0, 0.0, 0.0, 0.0, 0.0, 0.0, 0.0, 0.8, 0.0, 0.0, 0.0, 0.0, 0.0, 0.0, 0.0, 1.0, 0.0, 0.0, 0.0, 0.0, 0.0, 0.0, 0.0, 0.8889, 0.0, 0.0, 0.0, 0.3333, 0.0, 0.0, 0.0, 0.8889, 0.0, 0.0, 0.8889, 0.8333, 0.0, 0.0, 0.1429, 0.5714, 0.0, 0.0, 0.8182, 0.8571, 0.0, 0.0, 0.1667, 1.0, 0.0, 1.0, 0.8571, 1.0, 0.0, 0.0, 0.0, 0.6, 0.0, 0.8889, 0.875, 0.0, 0.0, 0.0, 0.0, 0.3333, 0.0, 0.7778, 1.0, 0.0, 0.0, 0.0, 1.0, 0.1818, 0.0, 0.8571, 1.0, 0.0, 0.0, 0.0, 1.0, 0.875, 0.0, 0.6667, 1.0, 0.0, 0.0, 0.0]"
cluster,0.01,3,cluster,0.292,0.292,0.292,0.0,58,True,584,0,286,1130,0,"[0.05, 0.066, 0.082, 0.0995, 0.1155, 0.1335, 0.147, 0.157, 0.1635, 0.169, 0.1735, 0.181, 0.19, 0.199, 0.212, 0.222, 0.2335, 0.2415, 0.2445, 0.2465, 0.249, 0.251, 0.2525, 0.2535, 0.2545, 0.2555, 0.2575, 0.2595, 0.261, 0.2625, 0.264, 0.265, 0.266, 0.2665, 0.267, 0.2675, 0.268, 0.269, 0.2695, 0.27, 0.2705, 0.271, 0.272, 0.274, 0.2765, 0.278, 0.279, 0.281, 0.282, 0.2825, 0.2835, 0.286, 0.288, 0.2895, 0.2905, 0.291, 0.2915, 0.292, 0.292, 0.292, 0.292, 0.292, 0.292, 0.292, 0.292, 0.292, 0.292, 0.292, 0.292, 0.292, 0.292, 0.292, 0.292, 0.292, 0.292, 0.292, 0.292, 0.292, 0.292, 0.292, 0.292, 0.292, 0.292, 0.292, 0.292, 0.292, 0.292, 0.292, 0.292, 0.292, 0.292, 0.292, 0.292, 0.292, 0.292, 0.292, 0.292, 0.292, 0.292, 0.292, 0.292]","{""0"": 0.2874, ""1"": 0.3293, ""2"": 0.6787, ""3"": 0.0, ""4"": 0.6553, ""5"": 0.0579, ""6"": 0.0041, ""7"": 0.2906}","[0.4444, 0.8, 0.0, 0.8333, 0.0, 1.0, 0.0, 0.0, 0.7778, 1.0, 0.0, 0.8333, 0.0, 0.7143, 0.0, 0.0, 1.0, 0.875, 0.0, 0.8889, 0.0, 1.0, 0.0, 0.0, 0.7778, 0.125, 1.0, 0.875, 0.0, 1.0, 0.0, 0.0, 0.0, 0.0, 0.8333, 1.0, 0.0, 1.0, 0.0, 0.0, 0.0, 0.0, 0.8889, 0.7778, 0.0, 1.0, 0.0, 0.0, 0.0, 0.0, 1.0, 0.7143, 0.0, 0.1429, 0.0, 0.0, 0.0, 0.0, 0.8333, 0.6, 0.0, 0.1111, 0.0, 0.0, 0.875, 0.0, 0.0, 0.6667, 0.0, 0.0, 0.0, 0.0, 1.0, 0.0, 0.0, 1.0, 0.0, 0.0, 0.0, 0.0, 0.3333, 0.0, 0.1667, 1.0, 0.0, 0.0, 0.0, 0.0, 0.0, 0.0, 0.75, 0.875, 0.0, 0.0, 0.0, 0.1667, 0.0, 0.0, 1.0, 0.8333, 0.0, 0.0, 0.0, 0.0, 0.0, 0.0, 1.0, 1.0, 0.0, 0.1667, 0.0, 0.0, 0.0, 0.7, 1.0, 0.7, 0.0, 0.25, 0.0, 0.0, 0.0, 0.9, 1.0, 0.5, 0.0, 0.8, 0.0, 0.0, 0.0, 1.0, 0.7, 0.1429, 0.0, 1.0, 0.0, 0.0, 0.0, 0.8, 0.1429, 0.0, 0.0, 1.0, 0.0, 0.0, 0.0, 1.0, 0.0, 0.0, 0.0, 0.8, 0.0, 0.0, 0.0, 1.0, 0.0, 0.0, 0.0, 0.8889, 0.0, 0.0, 0.0, 1.0, 0.0, 0.0, 0.0, 1.0, 0.0, 0.0, 0.0, 0.0, 0.0, 0.0, 0.0, 1.0, 0.0833, 0.0, 0.0, 0.0, 0.0, 0.0, 0.0, 0.9167, 1.0, 0.0, 0.0, 0.0, 0.0, 0.7, 0.0, 0.8889, 0.75, 0.0, 0.0, 0.0, 0.0, 1.0, 0.0, 0.8333, 0.1429, 0.0, 0.0, 0.0, 0.0, 1.0, 0.0, 1.0, 0.0, 0.0, 0.0, 0.0, 0.0, 0.9167, 0.0, 0.6364, 0.0, 0.0, 0.0, 0.0, 0.0, 1.0, 0.0, 0.7143, 0.0, 0.0, 1.0, 0.0, 0.0, 0.8889, 0.0, 1.0, 0.0, 0.0, 0.75, 0.0, 0.0, 1.0, 0.0, 0.6667, 0.0, 0.0, 1.0, 0.0, 0.0, 0.9, 0.0, 0.7778, 0.0, 0.0, 1.0, 0.0]"
cluster,0.01,4,cluster,0.187,0.187,0.187,0.0,18,True,374,0,294,1332,0,"[0.05, 0.063, 0.079, 0.094, 0.103, 0.1135, 0.124, 0.13, 0.1385, 0.147, 0.1545, 0.164, 0.1705, 0.1765, 0.1825, 0.186, 0.1865, 0.187, 0.187, 0.187, 0.187, 0.187, 0.187, 0.187, 0.187, 0.187, 0.187, 0.187, 0.187, 0.187, 0.187, 0.187, 0.187, 0.187, 0.187, 0.187, 0.187, 0.187, 0.187, 0.187, 0.187, 0.187, 0.187, 0.187, 0.187, 0.187, 0.187, 0.187, 0.187, 0.187, 0.187, 0.187, 0.187, 0.187, 0.187, 0.187, 0.187, 0.187, 0.187, 0.187, 0.187, 0.187, 0.187, 0.187, 0.187, 0.187, 0.187, 0.187, 0.187, 0.187, 0.187, 0.187, 0.187, 0.187, 0.187, 0.187, 0.187, 0.187, 0.187, 0.187, 0.187, 0.187, 0.187, 0.187, 0.187, 0.187, 0.187, 0.187, 0.187, 0.187, 0.187, 0.187, 0.187, 0.187, 0.187, 0.187, 0.187, 0.187, 0.187, 0.187, 0.187]","{""0"": 0.0551, ""1"": 0.0, ""2"": 0.374, ""3"": 0.5304, ""4"": 0.028, ""5"": 0.212, ""6"": 0.0127, ""7"": 0.2767}","[0.5556, 0.5714, 0.0, 0.0, 0.0, 0.0, 0.8333, 0.0, 0.0, 0.0, 0.0, 0.0, 0.0, 0.0, 0.8333, 0.0, 0.0, 0.0, 0.0, 0.0, 0.0, 0.0, 1.0, 0.0, 0.0, 0.0, 0.0, 0.0, 0.0, 0.0, 1.0, 0.0, 0.0, 0.0, 0.0, 0.0, 0.0, 1.0, 0.0, 0.0, 1.0, 0.0, 0.0, 0.0, 0.0, 0.0, 0.4444, 0.0, 1.0, 0.0, 0.0, 0.0, 0.0, 0.0, 0.0, 0.0, 1.0, 0.0, 0.0, 0.1111, 0.0, 0.0, 0.0, 0.0, 0.8, 0.0, 0.0, 0.0, 0.0, 0.0, 0.0, 0.0, 1.0, 0.0, 0.0, 0.0, 0.0, 0.0, 0.0, 0.0, 0.875, 0.0, 0.0, 0.0, 0.0, 0.0, 0.0, 0.0, 0.0714, 0.0, 0.0, 0.0, 0.0, 0.0, 0.0, 0.0, 0.0, 0.0, 0.0, 0.5, 0.0, 0.0, 0.0, 0.0, 0.0, 0.0, 0.0, 0.8571, 1.0, 0.0, 0.0, 0.0, 0.0, 0.0, 0.0, 1.0, 0.9091, 0.0, 0.0, 0.0, 0.0, 0.0, 0.0, 1.0, 0.8333, 0.0, 0.0, 0.0, 0.0, 0.0, 0.0, 1.0, 1.0, 0.0, 0.0, 0.0, 0.0, 0.0, 0.0, 0.9091, 1.0, 0.0, 0.0, 0.0, 0.0, 0.0, 0.0, 1.0, 0.6667, 0.0, 0.1667, 0.0, 0.1429, 0.0, 0.0, 0.7778, 1.0, 0.0, 1.0, 0.0, 0.0909, 0.0, 0.0, 0.875, 0.8333, 0.0, 1.0, 0.0, 0.0, 0.0, 0.0, 0.8571, 0.8333, 0.0, 0.0, 0.0, 0.0, 0.0, 0.0, 0.0, 0.8889, 0.0, 0.0, 0.0, 0.0, 0.0, 0.0, 0.1667, 0.75, 0.0, 0.0, 0.0, 0.0, 0.0, 0.0, 1.0, 0.875, 0.0, 0.0, 0.0, 0.1, 0.0, 0.0, 1.0, 1.0, 0.0, 0.0, 0.0, 1.0, 0.0, 0.0, 0.8889, 0.8889, 0.0, 0.0, 0.0, 0.875, 0.0, 0.0, 0.0, 0.8571, 0.0, 0.0, 0.0, 1.0, 0.0, 0.0, 0.0, 1.0, 0.0, 0.0, 0.25, 0.0, 0.0, 0.0, 0.0, 0.9231, 0.0, 0.0, 0.0833, 0.0, 0.0, 0.0, 0.0, 1.0, 0.0, 1.0, 0.0, 0.0, 1.0]"
cluster,0.01,5,cluster,0.2425,0.2425,0.2425,-0.0,38,True,485,0,284,1231,0,"[0.05, 0.0635, 0.0815, 0.097, 0.1145, 0.128, 0.1435, 0.1535, 0.164, 0.1715, 0.1775, 0.185, 0.1935, 0.206, 0.2085, 0.2115, 0.214, 0.215, 0.216, 0.2165, 0.217, 0.218, 0.22, 0.2215, 0.223, 0.2245, 0.2255, 0.228, 0.2285, 0.229, 0.2295, 0.2305, 0.2325, 0.237, 0.239, 0.2405, 0.242, 0.2425, 0.2425, 0.2425, 0.2425, 0.2425, 0.2425, 0.2425, 0.2425, 0.2425, 0.2425, 0.2425, 0.2425, 0.2425, 0.2425, 0.2425, 0.2425, 0.2425, 0.2425, 0.2425, 0.2425, 0.2425, 0.2425, 0.2425, 0.2425, 0.2425, 0.2425, 0.2425, 0.2425, 0.2425, 0.2425, 0.2425, 0.2425, 0.2425, 0.2425, 0.2425, 0.2425, 0.2425, 0.2425, 0.2425, 0.2425, 0.2425, 0.2425, 0.2425, 0.2425, 0.2425, 0.2425, 0.2425, 0.2425, 0.2425, 0.2425, 0.2425, 0.2425, 0.2425, 0.2425, 0.2425, 0.2425, 0.2425, 0.2425, 0.2425, 0.2425, 0.2425, 0.2425, 0.2425, 0.2425]","{""0"": 0.2816, ""1"": 0.0, ""2"": 0.3398, ""3"": 0.185, ""4"": 0.5082, ""5"": 0.5756, ""6"": 0.0, ""7"": 0.0778}","[0.2222, 0.0, 0.0, 1.0, 0.0, 0.0, 0.7143, 0.0, 0.1111, 0.0, 0.0, 0.0833, 0.0, 0.0, 1.0, 0.0, 0.0, 1.0, 0.0, 0.0, 0.0, 0.0, 1.0, 0.0, 0.0, 1.0, 0.0, 0.0, 0.0, 0.0, 0.7143, 0.0, 0.0, 1.0, 0.0, 0.0, 0.0, 0.0, 1.0, 0.0, 0.0, 1.0, 0.0, 0.0, 0.0, 0.0, 1.0, 0.0, 0.0, 1.0, 0.0, 0.0, 0.0, 0.0, 1.0, 0.0, 0.0, 0.7143, 0.0, 0.0, 0.0, 1.0, 0.8571, 0.0, 0.0, 0.9, 0.0, 0.0909, 0.0, 0.8333, 0.0, 0.0, 0.0, 1.0, 0.0, 0.0, 0.0, 0.8, 0.125, 0.0, 0.0, 1.0, 0.0, 0.0, 0.0, 0.8, 0.1429, 0.0, 0.0, 0.7143, 0.0, 0.0, 0.0, 1.0, 0.0, 0.0, 0.0, 0.0, 0.0, 0.0, 0.0, 1.0, 0.0, 0.0, 0.0, 0.0, 0.0, 0.7778, 0.1429, 0.7143, 0.0, 0.0, 0.0, 0.0, 0.0, 0.8889, 1.0, 1.0, 0.0, 0.0, 0.0, 0.0, 0.0, 0.8571, 1.0, 0.8571, 1.0, 0.0, 0.0, 0.0, 0.0, 1.0, 1.0, 0.8, 0.7778, 0.0, 0.0, 0.0, 0.0, 0.875, 1.0, 0.7778, 0.0, 0.0, 0.0, 0.0, 0.0, 0.9, 1.0, 0.8571, 0.0, 0.0, 0.0, 0.0, 0.0, 0.8333, 0.1667, 0.9167, 0.0, 0.0, 0.0, 0.0, 0.0, 0.8, 0.0909, 0.7143, 0.0, 0.0, 0.1667, 0.0, 0.0, 0.0, 0.0, 1.0, 0.0, 0.0, 0.75, 0.0, 0.0, 0.0, 0.0, 0.9, 1.0, 0.0, 1.0, 0.0, 0.0, 0.0, 0.0, 0.8182, 1.0, 0.0, 0.8, 0.0, 0.0, 0.0, 1.0, 0.1538, 0.8333, 0.0, 0.0, 0.0, 0.0, 0.0, 0.0, 0.0, 0.9, 0.0, 0.0, 0.0, 0.0, 0.0, 0.0, 0.0, 0.8889, 0.0, 0.0, 0.0, 0.0, 0.1429, 0.0, 0.0, 0.7143, 0.0, 0.0, 0.0, 0.0, 0.7143, 0.0, 0.0, 0.8333, 0.0, 0.0, 0.0, 0.0, 1.0, 0.0, 0.0, 0.8571, 0.0, 0.0, 0.0, 0.0, 0.875, 0.0, 0.0, 1.0, 0.0, 0.0, 0.0]"
cluster,0.01,6,cluster,0.2745,0.2745,0.2745,-0.0,25,True,549,0,289,1162,0,"[0.05, 0.074, 0.098, 0.1145, 0.1285, 0.1415, 0.156, 0.172, 0.185, 0.1985, 0.211, 0.222, 0.236, 0.2455, 0.2515, 0.2565, 0.2615, 0.264, 0.266, 0.269, 0.27, 0.271, 0.2715, 0.2735, 0.2745, 0.2745, 0.2745, 0.2745, 0.2745, 0.2745, 0.2745, 0.2745, 0.2745, 0.2745, 0.2745, 0.2745, 0.2745, 0.2745, 0.2745, 0.2745, 0.2745, 0.2745, 0.2745, 0.2745, 0.2745, 0.2745, 0.2745, 0.2745, 0.2745, 0.2745, 0.2745, 0.2745, 0.2745, 0.2745, 0.2745, 0.2745, 0.2745, 0.2745, 0.2745, 0.2745, 0.2745, 0.2745, 0.2745, 0.2745, 0.2745, 0.2745, 0.2745, 0.2745, 0.2745, 0.2745, 0.2745, 0.2745, 0.2745, 0.2745, 0.2745, 0.2745, 0.2745, 0.2745, 0.2745, 0.2745, 0.2745, 0.2745, 0.2745, 0.2745, 0.2745, 0.2745, 0.2745, 0.2745, 0.2745, 0.2745, 0.2745, 0.2745, 0.2745, 0.2745, 0.2745, 0.2745, 0.2745, 0.2745, 0.2745, 0.2745, 0.2745]","{""0"": 0.3735, ""1"": 0.1057, ""2"": 0.072, ""3"": 0.8728, ""4"": 0.004, ""5"": 0.0, ""6"": 0.7154, ""7"": 0.1193}","[0.4444, 0.0, 0.0, 0.0, 1.0, 0.0, 0.0, 0.0, 1.0, 0.0, 0.0, 0.0, 1.0, 0.0, 0.0, 0.0, 0.5, 0.0, 0.0, 0.0, 0.8333, 0.0, 0.0, 0.6667, 0.4, 0.0, 0.0, 0.0, 1.0, 0.0, 0.0, 0.8333, 0.0, 0.0, 0.0, 0.0, 0.6667, 0.0, 0.0, 1.0, 0.0, 0.0, 0.0, 0.0, 1.0, 0.0, 0.0, 1.0, 0.0, 0.0, 0.0, 0.0, 1.0, 0.0, 0.0, 1.0, 0.0, 0.0, 0.0, 0.0, 0.8889, 0.0, 0.0, 0.625, 0.0, 0.0, 0.0, 0.0, 0.8889, 0.0, 0.0, 1.0, 0.0833, 0.0, 0.0, 0.0, 0.875, 0.0, 0.0, 1.0, 0.0, 0.0, 0.0, 0.0, 0.8, 0.0, 0.0, 1.0, 0.0, 0.0, 0.0, 0.0, 0.7778, 0.0, 0.0, 0.875, 1.0, 0.0, 0.0, 0.0, 0.7778, 0.0, 0.0, 1.0, 1.0, 0.0, 0.0, 0.0, 1.0, 0.0, 0.0, 0.8889, 0.6667, 0.0, 0.0, 0.0, 0.7778, 0.0, 0.0, 1.0, 0.0, 0.0909, 0.0, 0.0, 1.0, 0.0, 0.0, 0.8571, 0.0, 0.9, 0.0, 0.0, 1.0, 0.0, 0.0, 0.75, 0.0, 0.6667, 0.75, 1.0, 0.875, 0.0, 0.0, 0.5556, 0.0, 0.8, 1.0, 1.0, 0.8333, 0.0, 0.0, 1.0, 0.0, 0.8, 1.0, 0.375, 1.0, 0.0, 0.0, 1.0, 0.0, 1.0, 1.0, 0.0, 0.625, 0.1111, 0.0, 0.9, 0.0, 1.0, 0.0, 0.0, 0.75, 0.0, 0.0, 1.0, 0.0, 1.0, 0.0, 0.0, 0.75, 0.0, 0.0, 1.0, 0.0, 1.0, 0.0, 0.0, 0.875, 0.0, 0.0, 0.8, 0.0, 0.8571, 0.0, 0.0, 0.75, 0.0, 0.0, 0.75, 0.0, 0.8, 0.0, 0.0, 0.8333, 0.0, 0.0, 0.8889, 0.0, 0.7143, 0.0, 0.0, 0.6, 0.0, 0.0, 0.25, 0.0, 0.7778, 0.0, 0.0, 1.0, 0.0, 0.0, 0.0, 0.0, 1.0, 0.0, 0.0, 1.0, 0.0, 0.0, 0.0, 0.0, 0.8333, 0.0, 0.0, 1.0, 0.0, 0.0, 0.0, 0.0, 0.1, 0.0, 0.0, 1.0, 0.0, 0.0, 0.0, 0.0, 0.0909]"
cluster,0.01,7,cluster,0.347,0.347,0.347,0.0,56,True,694,0,267,1039,0,"[0.05, 0.071, 0.0885, 0.1085, 0.1255, 0.147, 0.1605, 0.175, 0.1885, 0.202, 0.2145, 0.229, 0.239, 0.248, 0.257, 0.2645, 0.2725, 0.279, 0.2825, 0.2855, 0.287, 0.289, 0.2915, 0.2935, 0.296, 0.2975, 0.2995, 0.302, 0.3025, 0.3035, 0.3045, 0.3055, 0.306, 0.307, 0.308, 0.3105, 0.313, 0.3145, 0.3155, 0.3165, 0.3185, 0.32, 0.321, 0.3225, 0.324, 0.325, 0.3275, 0.3295, 0.3305, 0.331, 0.332, 0.3345, 0.337, 0.3405, 0.3455, 0.347, 0.347, 0.347, 0.347, 0.347, 0.347, 0.347, 0.347, 0.347, 0.347, 0.347, 0.347, 0.347, 0.347, 0.347, 0.347, 0.347, 0.347, 0.347, 0.347, 0.347, 0.347, 0.347, 0.347, 0.347, 0.347, 0.347, 0.347, 0.347, 0.347, 0.347, 0.347, 0.347, 0.347, 0.347, 0.347, 0.347, 0.347, 0.347, 0.347, 0.347, 0.347, 0.347, 0.347, 0.347, 0.347]","{""0"": 0.5411, ""1"": 0.0123, ""2"": 0.2899, ""3"": 0.3594, ""4"": 0.9224, ""5"": 0.4269, ""6"": 0.0286, ""7"": 0.2471}","[0.5556, 1.0, 0.0, 0.0, 0.3333, 0.8571, 1.0, 0.0, 0.0, 0.8571, 0.0, 0.0, 0.875, 1.0, 0.8462, 0.0, 0.0, 1.0, 0.0, 0.0, 1.0, 1.0, 1.0, 0.0, 0.0, 0.9, 0.1, 0.1111, 0.7143, 1.0, 1.0, 0.0, 0.0, 1.0, 0.0, 0.0, 0.75, 0.8889, 1.0, 0.0, 0.7778, 1.0, 0.125, 0.0, 1.0, 1.0, 0.1429, 1.0, 0.8333, 0.6667, 0.0, 0.125, 1.0, 0.8333, 0.0, 0.5, 1.0, 0.8, 0.0, 0.0, 0.8333, 0.875, 0.0, 0.0, 1.0, 1.0, 0.0, 0.0, 1.0, 0.8333, 0.0, 0.0, 0.9091, 0.8333, 0.0, 0.8182, 1.0, 0.8, 0.0, 0.0, 0.875, 1.0, 0.0, 0.6667, 0.0, 0.9, 0.0, 0.0, 0.7778, 0.875, 0.0, 1.0, 0.0, 1.0, 0.0, 0.0, 0.8571, 0.625, 0.0, 0.7, 0.0, 0.6667, 0.0, 0.0, 0.25, 0.0, 0.0, 0.0, 0.0, 1.0, 0.0, 0.0, 0.0, 0.0, 0.1111, 0.0909, 0.0, 0.8462, 0.0, 0.0, 0.0, 0.0, 0.0, 0.0, 0.0, 1.0, 0.0, 0.0, 0.0, 0.0, 0.0, 0.0, 0.0, 1.0, 0.0, 0.0, 0.0, 0.0, 0.0, 0.0, 0.0, 0.875, 0.0, 0.0, 0.0, 0.0, 0.0, 0.0, 0.0, 0.8889, 0.0, 0.0, 0.0, 0.0, 0.0, 0.0, 1.0, 0.9091, 0.0, 0.0, 0.0, 0.0, 0.0, 0.875, 0.875, 1.0, 0.0, 0.0, 0.0, 0.0, 0.0, 0.8462, 0.7143, 1.0, 1.0, 0.0, 0.0, 0.0, 0.0, 1.0, 0.0, 1.0, 0.8333, 0.0, 0.0, 0.0, 0.0, 1.0, 0.0, 1.0, 1.0, 0.0, 0.0, 0.0, 0.0, 0.8571, 0.0, 0.8333, 0.8, 0.0, 0.0, 0.875, 0.0, 0.75, 0.0, 1.0, 0.75, 0.0, 0.0, 1.0, 0.0, 0.0, 0.0, 0.8889, 1.0, 0.0, 0.0, 0.8333, 0.0, 0.0, 0.0, 0.8571, 1.0, 0.0, 0.0, 0.8571, 0.0, 0.0, 0.0, 1.0, 0.8571, 0.0, 0.0, 1.0, 0.0, 0.0, 0.0, 0.8889, 1.0, 0.0, 0.0, 0.7143, 0.0, 0.0, 0.2222, 1.0, 1.0, 0.0, 0.0, 1.0]"
cluster,0.01,8,cluster,0.242,0.242,0.242,0.0,28,True,484,0,288,1228,0,"[0.05, 0.067, 0.0845, 0.0995, 0.115, 0.128, 0.139, 0.151, 0.162, 0.168, 0.1755, 0.184, 0.192, 0.1975, 0.2035, 0.2095, 0.214, 0.2175, 0.22, 0.222, 0.224, 0.2275, 0.2295, 0.2335, 0.2355, 0.2385, 0.2415, 0.242, 0.242, 0.242, 0.242, 0.242, 0.242, 0.242, 0.242, 0.242, 0.242, 0.242, 0.242, 0.242, 0.242, 0.242, 0.242, 0.242, 0.242, 0.242, 0.242, 0.242, 0.242, 0.242, 0.242, 0.242, 0.242, 0.242, 0.242, 0.242, 0.242, 0.242, 0.242, 0.242, 0.242, 0.242, 0.242, 0.242, 0.242, 0.242, 0.242, 0.242, 0.242, 0.242, 0.242, 0.242, 0.242, 0.242, 0.242, 0.242, 0.242, 0.242, 0.242, 0.242, 0.242, 0.242, 0.242, 0.242, 0.242, 0.242, 0.242, 0.242, 0.242, 0.242, 0.242, 0.242, 0.242, 0.242, 0.242, 0.242, 0.242, 0.242, 0.242, 0.242, 0.242]","{""0"": 0.3548, ""1"": 0.1235, ""2"": 0.4468, ""3"": 0.4091, ""4"": 0.004, ""5"": 0.0038, ""6"": 0.2163, ""7"": 0.4015}","[0.2222, 0.0, 0.0, 0.0, 0.0, 0.0, 0.0, 0.0, 0.0, 0.0, 0.0, 0.0, 0.0, 0.0, 0.0, 0.8889, 0.0, 0.0, 0.0, 0.0, 0.0, 0.0, 0.0, 0.75, 0.0, 0.0, 0.0, 0.6667, 0.0, 0.0, 0.0, 1.0, 0.0, 0.0, 0.0, 0.7143, 0.0, 0.0, 0.0, 0.875, 0.0, 0.0, 0.0, 1.0, 0.0, 0.0, 0.0, 1.0, 0.0, 0.375, 0.0, 0.75, 0.0, 0.0, 0.0, 1.0, 0.0, 0.1667, 0.0, 0.0, 0.0, 0.0, 0.0, 1.0, 0.0, 0.6667, 0.0, 0.0, 0.0, 0.0, 0.0, 0.25, 0.0, 1.0, 0.0, 0.0, 0.0, 0.0, 0.0, 0.0769, 0.125, 0.8889, 0.0, 0.0, 0.0, 0.0, 0.0, 0.0, 0.6667, 0.875, 0.0, 0.0, 0.75, 0.0, 0.0, 0.0, 0.6667, 0.8, 0.0, 0.0, 1.0, 0.0, 0.0, 0.0, 1.0, 0.7143, 0.0, 0.0, 1.0, 0.0, 0.0, 0.1111, 0.75, 1.0, 0.0, 0.0, 1.0, 0.0, 0.0, 0.0, 1.0, 1.0, 0.0, 0.0, 0.7778, 0.0, 0.0, 0.0, 1.0, 0.2, 0.0, 0.0, 1.0, 0.0, 0.0, 0.0, 1.0, 0.125, 0.0, 0.0, 0.8182, 0.0, 0.0, 0.0, 0.875, 0.0, 0.0, 0.625, 0.8571, 0.0, 0.0, 0.0, 1.0, 0.8333, 0.0, 0.6667, 0.875, 0.0, 0.0, 0.0, 1.0, 0.4286, 0.0, 1.0, 0.8571, 0.1111, 0.0, 0.0, 1.0, 0.8, 0.0, 0.7778, 1.0, 0.0, 0.0, 0.0, 0.8333, 1.0, 1.0, 1.0, 1.0, 0.0, 0.0, 0.0, 0.5714, 1.0, 0.75, 0.875, 0.8182, 0.0, 0.125, 0.0, 1.0, 0.0, 1.0, 0.75, 1.0, 0.0, 0.0, 0.0, 1.0, 0.0, 0.8571, 1.0, 0.0, 0.0, 0.0, 0.0, 0.0909, 0.0, 1.0, 0.8571, 0.0, 0.0, 0.0, 0.0, 0.0909, 0.0, 0.1, 1.0, 0.0, 0.0, 0.0, 0.0, 0.0, 0.0, 0.0, 1.0, 0.0, 0.0, 0.0, 0.0, 0.0, 0.0, 0.0, 1.0, 0.0, 0.0, 0.0, 0.0, 0.0, 0.0, 0.0, 0.0, 0.0, 0.0, 0.0, 0.0, 0.0, 0.0]"
cluster,0.01,9,cluster,0.2045,0.2045,0.2045,0.0,26,True,409,0,247,1344,0,"[0.05, 0.0615, 0.078, 0.092, 0.1035, 0.1145, 0.1245, 0.134, 0.1455, 0.1555, 0.1635, 0.1695, 0.174, 0.1765, 0.1775, 0.1785, 0.1805, 0.1855, 0.187, 0.189, 0.192, 0.1965, 0.1995, 0.202, 0.203, 0.2045, 0.2045, 0.2045, 0.2045, 0.2045, 0.2045, 0.2045, 0.2045, 0.2045, 0.2045, 0.2045, 0.2045, 0.2045, 0.2045, 0.2045, 0.2045, 0.2045, 0.2045, 0.2045, 0.2045, 0.2045, 0.2045, 0.2045, 0.2045, 0.2045, 0.2045, 0.2045, 0.2045, 0.2045, 0.2045, 0.2045, 0.2045, 0.2045, 0.2045, 0.2045, 0.2045, 0.2045, 0.2045, 0.2045, 0.2045, 0.2045, 0.2045, 0.2045, 0.2045, 0.2045, 0.2045, 0.2045, 0.2045, 0.2045, 0.2045, 0.2045, 0.2045, 0.2045, 0.2045, 0.2045, 0.2045, 0.2045, 0.2045, 0.2045, 0.2045, 0.2045, 0.2045, 0.2045, 0.2045, 0.2045, 0.2045, 0.2045, 0.2045, 0.2045, 0.2045, 0.2045, 0.2045, 0.2045, 0.2045, 0.2045, 0.2045]","{""0"": 0.4094, ""1"": 0.374, ""2"": 0.0902, ""3"": 0.1063, ""4"": 0.1536, ""5"": 0.0, ""6"": 0.3375, ""7"": 0.1594}","[0.5556, 0.2, 0.0, 0.0, 0.0, 0.0, 0.0, 0.0, 0.0, 0.0, 0.0, 0.0, 0.0, 0.0, 0.0, 0.0, 0.0, 0.0, 0.0, 0.0, 0.0, 0.0, 0.0, 0.1111, 0.6667, 0.0, 0.0, 0.0, 0.0, 0.0, 0.0, 1.0, 1.0, 0.0, 0.0, 0.0, 0.0, 0.0, 0.0, 1.0, 1.0, 0.875, 0.0, 0.0, 0.0, 0.0, 0.0, 0.7778, 1.0, 1.0, 0.125, 0.0, 0.0, 0.0, 0.0, 1.0, 0.6667, 0.8889, 0.0, 0.0, 0.0, 0.0833, 0.0, 0.9091, 0.1111, 1.0, 0.0, 0.0, 0.0, 0.0625, 0.0, 1.0, 0.0, 0.8333, 0.0, 0.0, 0.0, 0.0, 0.0, 1.0, 0.0, 0.7778, 0.0, 0.8333, 0.0, 0.0, 0.0, 1.0, 0.0, 0.9, 0.0, 1.0, 0.0, 0.0, 0.0, 0.75, 0.0, 1.0, 0.0, 0.0, 0.5, 1.0, 0.0, 1.0, 0.0, 0.7143, 0.0, 0.0, 1.0, 1.0, 0.0, 1.0, 0.0, 0.6667, 0.4286, 0.0, 0.0, 0.7273, 0.0, 0.1, 0.0, 0.8571, 0.9, 0.0, 0.0, 0.875, 0.0, 0.0, 0.0, 1.0, 1.0, 0.0, 0.0, 1.0, 0.0, 0.0, 0.0, 0.8571, 0.875, 0.0, 0.0625, 0.0, 0.0, 0.0, 0.0, 0.8571, 0.875, 0.0, 0.0, 0.0, 0.0, 0.0, 0.1429, 0.8, 0.8571, 0.0, 0.0, 0.0, 0.0, 0.0, 0.0, 0.1429, 0.7273, 0.0, 1.0, 0.0, 0.0, 0.0, 0.0, 0.0, 0.8333, 0.0, 0.0, 0.0, 0.0, 0.0, 0.0, 0.0, 1.0, 0.0, 0.0, 0.0, 0.0, 0.0, 0.0, 0.0, 1.0, 0.0, 0.0, 0.0, 0.0, 0.0, 0.0, 0.0, 0.8333, 0.0, 0.0, 0.0, 0.0, 0.0, 0.0, 0.0, 0.875, 0.0, 0.0, 0.0, 0.0, 0.0, 0.0, 0.0, 1.0, 0.0, 0.125, 0.0, 0.0, 0.0, 0.1429, 0.0, 1.0, 0.0, 0.1429, 0.0, 0.0, 0.0, 0.0, 0.0, 0.0909, 0.0, 0.0, 0.0, 0.0, 0.0, 0.0, 0.0, 0.0, 0.0, 0.0, 0.0, 0.0, 0.0, 0.0, 0.0, 0.0, 0.0, 0.2222, 0.0, 0.0, 0.0, 0.0, 0.0]"
cluster,0.01,10,cluster,0.2665,0.2665,0.2665,-0.0,30,True,533,0,277,1190,0,"[0.05, 0.068, 0.086, 0.103, 0.122, 0.1425, 0.1625, 0.1865, 0.2015, 0.208, 0.2125, 0.2175, 0.224, 0.228, 0.231, 0.2335, 0.2375, 0.242, 0.2455, 0.247, 0.249, 0.2505, 0.2535, 0.256, 0.2595, 0.262, 0.263, 0.265, 0.266, 0.2665, 0.2665, 0.2665, 0.2665, 0.2665, 0.2665, 0.2665, 0.2665, 0.2665, 0.2665, 0.2665, 0.2665, 0.2665, 0.2665, 0.2665, 0.2665, 0.2665, 0.2665, 0.2665, 0.2665, 0.2665, 0.2665, 0.2665, 0.2665, 0.2665, 0.2665, 0.2665, 0.2665, 0.2665, 0.2665, 0.2665, 0.2665, 0.2665, 0.2665, 0.2665, 0.2665, 0.2665, 0.2665, 0.2665, 0.2665, 0.2665, 0.2665, 0.2665, 0.2665, 0.2665, 0.2665, 0.2665, 0.2665, 0.2665, 0.2665, 0.2665, 0.2665, 0.2665, 0.2665, 0.2665, 0.2665, 0.2665, 0.2665, 0.2665, 0.2665, 0.2665, 0.2665, 0.2665, 0.2665, 0.2665, 0.2665, 0.2665, 0.2665, 0.2665, 0.2665, 0.2665, 0.2665]","{""0"": 0.1619, ""1"": 0.1577, ""2"": 0.1796, ""3"": 0.0038, ""4"": 0.3429, ""5"": 0.1411, ""6"": 0.7402, ""7"": 0.4071}","[0.1111, 0.8333, 0.0, 0.0, 0.0, 0.0, 0.0, 1.0, 0.0, 1.0, 0.0, 0.0, 0.0, 0.0, 0.0, 0.875, 0.0, 0.875, 0.0, 0.0909, 0.0, 0.0, 0.0, 0.9091, 0.0, 0.0, 0.1429, 0.0, 0.0, 0.1538, 0.0, 0.8, 0.0, 0.0, 1.0, 0.0, 0.0909, 1.0, 0.0, 1.0, 0.0, 0.0, 1.0, 0.0, 0.0, 0.0, 0.0, 0.8333, 0.0, 0.0, 1.0, 0.0, 0.0, 0.0, 0.0, 1.0, 0.1667, 0.0, 0.1, 0.0, 0.0, 0.0, 0.0, 0.8125, 1.0, 0.0, 0.0, 0.0, 0.0, 0.0, 0.0, 0.8333, 0.8, 0.0, 0.0, 0.4, 0.0, 0.0, 0.0, 0.75, 0.8889, 0.0, 0.0, 1.0, 0.0, 0.0, 0.0, 1.0, 1.0, 0.0, 0.0, 1.0, 0.0, 0.0, 0.0, 0.9167, 1.0, 0.0, 0.0, 0.875, 0.0, 0.0, 0.0, 0.8182, 0.7778, 0.0, 0.0, 1.0, 0.0, 0.0, 0.2, 0.8, 0.8889, 0.0, 0.0, 0.7778, 0.0, 0.0, 0.5, 0.8571, 1.0, 0.0, 0.0, 0.3333, 0.0, 0.0, 1.0, 0.7, 0.875, 0.0, 0.0, 0.0, 0.0, 0.0, 1.0, 1.0, 0.75, 0.0, 0.0, 0.0, 0.0, 0.0, 1.0, 0.8333, 1.0, 0.0, 0.0, 0.0, 0.0, 0.1429, 0.8333, 0.9167, 1.0, 0.0, 0.0, 0.0, 0.0, 0.6667, 0.25, 1.0, 1.0, 0.0, 0.0, 0.0, 0.0, 0.1111, 0.0, 0.8333, 1.0, 0.0, 0.0, 0.0, 0.0, 0.8, 0.0, 0.1429, 0.0, 0.0, 1.0, 0.0, 0.0, 0.75, 0.0, 0.0, 0.0, 0.0, 0.875, 0.0, 0.0, 1.0, 0.0, 0.0, 0.0, 0.0, 0.0, 0.0, 0.0, 0.8, 0.0, 0.0, 0.0, 0.0, 0.0, 0.0, 0.0, 1.0, 0.0, 0.1111, 0.0, 0.0, 0.0, 0.0, 0.0, 1.0, 0.0, 0.8571, 0.0, 0.0, 0.0, 0.0, 0.0, 1.0, 0.0, 0.8571, 0.0, 0.1667, 0.0, 0.0, 0.0, 0.9, 0.0, 0.8889, 0.0, 1.0, 0.0, 0.0, 0.0, 1.0, 0.0, 0.8333, 0.0, 0.75, 0.0, 0.0, 0.0, 0.7, 0.0, 0.8333, 0.0, 1.0]"
cluster,0.01,11,cluster,0.235,0.235,0.235,0.0,25,True,470,0,290,1240,0,"[0.05, 0.0685, 0.083, 0.0965, 0.108, 0.1175, 0.1295, 0.146, 0.1585, 0.1655, 0.172, 0.1775, 0.184, 0.189, 0.1955, 0.2035, 0.2085, 0.2135, 0.2175, 0.221, 0.223, 0.225, 0.2285, 0.2325, 0.235, 0.235, 0.235, 0.235, 0.235, 0.235, 0.235, 0.235, 0.235, 0.235, 0.235, 0.235, 0.235, 0.235, 0.235, 0.235, 0.235, 0.235, 0.235, 0.235, 0.235, 0.235, 0.235, 0.235, 0.235, 0.235, 0.235, 0.235, 0.235, 0.235, 0.235, 0.235, 0.235, 0.235, 0.235, 0.235, 0.235, 0.235, 0.235, 0.235, 0.235, 0.235, 0.235, 0.235, 0.235, 0.235, 0.235, 0.235, 0.235, 0.235, 0.235, 0.235, 0.235, 0.235, 0.235, 0.235, 0.235, 0.235, 0.235, 0.235, 0.235, 0.235, 0.235, 0.235, 0.235, 0.235, 0.235, 0.235, 0.235, 0.235, 0.235, 0.235, 0.235, 0.235, 0.235, 0.235, 0.235]","{""0"": 0.3031, ""1"": 0.0602, ""2"": 0.0388, ""3"": 0.6992, ""4"": 0.4242, ""5"": 0.0385, ""6"": 0.1417, ""7"": 0.1779}","[0.3333, 0.875, 0.0, 0.0, 0.1111, 0.0, 0.0, 0.0, 0.0, 0.0, 0.0, 0.0, 0.0, 0.8, 0.0, 0.0, 0.0, 0.0, 0.0, 0.0, 0.0, 1.0, 0.0, 0.0, 0.0, 0.0, 0.0, 0.0, 0.0, 1.0, 0.0, 0.0, 0.5833, 0.0, 0.0, 0.0, 0.5, 0.7778, 0.0, 0.0, 1.0, 0.0, 0.0, 0.0, 0.7778, 0.9, 0.0, 0.0, 0.7, 0.0, 0.0, 0.0, 1.0, 0.8571, 0.0, 0.0, 1.0, 0.0833, 0.0, 0.0, 1.0, 1.0, 0.0, 0.0, 0.8571, 0.0, 0.0, 0.0, 0.8, 0.2, 0.0, 0.0, 0.8, 0.0, 0.0, 0.0, 1.0, 0.0, 0.0, 0.0, 0.0, 0.0, 0.0, 0.0, 1.0, 0.0, 0.0, 0.0, 0.0, 0.0, 0.0, 0.0, 0.8889, 0.0, 0.25, 0.0, 0.0, 0.0, 1.0, 0.0, 0.9286, 0.0, 1.0, 0.0, 0.0, 0.0, 0.0, 0.0, 0.8889, 0.0, 0.0, 0.0, 0.2857, 0.0, 0.0, 0.0, 0.9, 0.0, 0.0, 0.0, 0.0, 0.0, 0.0, 0.0, 1.0, 0.2, 0.0, 0.0, 0.0, 0.0, 0.0, 0.0, 1.0, 0.6667, 0.0, 1.0, 0.0, 0.0833, 0.0, 0.0, 1.0, 0.875, 0.0, 0.75, 0.0, 0.9091, 0.0, 0.0, 1.0, 1.0, 0.0, 0.8571, 0.0, 1.0, 0.0, 0.0, 1.0, 0.8571, 0.0, 0.8, 0.0, 0.3333, 0.0, 0.4, 1.0, 0.8, 0.0, 1.0, 0.0, 0.0, 0.2857, 1.0, 0.8889, 0.8889, 0.0, 0.875, 0.0, 0.0, 1.0, 0.0, 1.0, 0.7778, 0.0, 0.125, 0.0, 0.0, 0.0, 0.0, 1.0, 0.125, 0.0, 0.1429, 0.0, 0.0, 0.0, 0.0, 0.75, 0.0, 0.0, 0.0, 0.0, 0.8, 0.0, 0.1667, 1.0, 0.0, 0.0, 0.0, 0.0, 0.875, 0.0, 0.0, 1.0, 0.0, 0.0, 0.0, 0.0, 0.8, 0.0, 0.0, 0.5, 0.0, 0.0, 0.0, 0.0, 0.8333, 0.0, 0.0, 0.1429, 0.1429, 0.0, 0.0, 0.0, 1.0, 0.0, 0.0, 0.1, 0.0, 0.0, 0.0, 0.0, 0.8, 0.0, 0.0, 0.0, 0.0, 0.0, 0.0, 0.0, 0.7]"
cluster,0.025,0,cluster,0.2385,0.2385,0.2385,-0.0,33,True,477,0,276,1247,0,"[0.05, 0.069, 0.0935, 0.1105, 0.1245, 0.141, 0.153, 0.1645, 0.178, 0.188, 0.1955, 0.2025, 0.2065, 0.2105, 0.2155, 0.219, 0.2205, 0.221, 0.2215, 0.222, 0.223, 0.224, 0.225, 0.2255, 0.2275, 0.228, 0.23, 0.232, 0.2335, 0.2345, 0.2355, 0.238, 0.2385, 0.2385, 0.2385, 0.2385, 0.2385, 0.2385, 0.2385, 0.2385, 0.2385, 0.2385, 0.2385, 0.2385, 0.2385, 0.2385, 0.2385, 0.2385, 0.2385, 0.2385, 0.2385, 0.2385, 0.2385, 0.2385, 0.2385, 0.2385, 0.2385, 0.2385, 0.2385, 0.2385, 0.2385, 0.2385, 0.2385, 0.2385, 0.2385, 0.2385, 0.2385, 0.2385, 0.2385, 0.2385, 0.2385, 0.2385, 0.2385, 0.2385, 0.2385, 0.2385, 0.2385, 0.2385, 0.2385, 0.2385, 0.2385, 0.2385, 0.2385, 0.2385, 0.2385, 0.2385, 0.2385, 0.2385, 0.2385, 0.2385, 0.2385, 0.2385, 0.2385, 0.2385, 0.2385, 0.2385, 0.2385, 0.2385, 0.2385, 0.2385, 0.2385]","{""0"": 0.6789, ""1"": 0.0078, ""2"": 0.6769, ""3"": 0.0485, ""4"": 0.2189, ""5"": 0.0217, ""6"": 0.245, ""7"": 0.0078}","[0.2222, 0.0, 0.0, 0.0, 0.2, 0.0, 0.2, 0.0, 0.0, 0.0, 0.0, 0.0, 1.0, 0.0, 0.0, 0.0, 0.0, 0.1429, 0.0, 0.5, 0.0, 0.0, 0.0, 0.0, 0.0, 0.8571, 0.0, 0.875, 0.0, 0.0, 0.1111, 0.0, 0.0, 0.8, 0.0, 0.8333, 0.0, 0.0, 0.0, 0.0, 0.0, 1.0, 0.0, 1.0, 0.0, 0.0, 0.0, 0.0, 0.0, 1.0, 0.0, 1.0, 0.0, 0.1333, 0.0, 0.0, 0.0, 0.875, 0.0, 0.8889, 0.0, 0.4, 0.25, 0.125, 0.0, 0.8889, 0.0, 1.0, 0.0, 1.0, 0.0, 0.0, 0.0, 0.75, 0.0, 0.8889, 0.0, 0.75, 0.0, 0.0, 0.0, 0.9, 0.0, 1.0, 0.0, 0.8333, 0.0, 0.0, 0.0, 0.8333, 0.0, 0.9, 0.0, 1.0, 0.0, 0.0, 0.0, 1.0, 0.0, 1.0, 0.0, 1.0, 0.0, 0.0, 0.0, 0.8333, 0.0, 0.8333, 0.0, 0.75, 0.0, 0.6, 0.0, 0.7273, 0.0, 0.7778, 0.0, 1.0, 0.0, 0.8, 0.0, 0.875, 0.0, 1.0, 0.0, 0.0, 0.0, 1.0, 0.0, 0.8333, 0.0, 0.5714, 0.1111, 0.0, 0.0, 1.0, 0.1429, 0.5, 0.0, 0.8571, 0.0, 0.0, 0.0, 1.0, 0.0909, 0.875, 0.0, 0.75, 0.0, 0.0, 0.0, 1.0, 0.0, 0.6, 0.1667, 0.8333, 0.0, 0.0, 0.0, 0.8, 0.0, 1.0, 0.0, 0.6667, 0.0, 0.0, 0.0, 0.875, 0.0, 0.8333, 0.0, 0.9, 0.0, 0.0, 0.0, 0.4, 0.0, 1.0, 0.0, 0.625, 0.0, 0.0, 0.0, 0.0, 0.0, 0.875, 0.0, 0.9167, 0.0, 0.0, 0.0, 0.0, 0.0, 0.8333, 0.0, 1.0, 0.0, 0.0, 0.0, 0.0, 0.0, 1.0, 0.0, 1.0, 0.0, 0.0, 0.0, 0.0, 0.0, 0.875, 0.0, 1.0, 0.0, 0.0, 0.0, 0.0, 0.0, 0.8889, 0.1111, 0.0, 0.0, 0.0, 0.0, 0.0, 0.0, 0.8333, 0.0, 0.0, 0.0, 0.0, 0.0, 0.0, 0.0, 0.0, 0.0, 0.0, 0.0, 0.0, 0.0, 0.0, 0.0, 0.0, 0.0, 0.0, 0.0, 0.0, 0.0909, 0.0, 0.0, 0.0]"
cluster,0.025,1,cluster,0.3405,0.3405,0.3405,0.0,25,True,681,0,282,1037,0,"[0.05, 0.071, 0.093, 0.114, 0.1345, 0.1565, 0.178, 0.1975, 0.216, 0.233, 0.249, 0.263, 0.275, 0.283, 0.2895, 0.2955, 0.301, 0.311, 0.3185, 0.325, 0.33, 0.3325, 0.335, 0.338, 0.3405, 0.3405, 0.3405, 0.3405, 0.3405, 0.3405, 0.3405, 0.3405, 0.3405, 0.3405, 0.3405, 0.3405, 0.3405, 0.3405, 0.3405, 0.3405, 0.3405, 0.3405, 0.3405, 0.3405, 0.3405, 0.3405, 0.3405, 0.3405, 0.3405, 0.3405, 0.3405, 0.3405, 0.3405, 0.3405, 0.3405, 0.3405, 0.3405, 0.3405, 0.3405, 0.3405, 0.3405, 0.3405, 0.3405, 0.3405, 0.3405, 0.3405, 0.3405, 0.3405, 0.3405, 0.3405, 0.3405, 0.3405, 0.3405, 0.3405, 0.3405, 0.3405, 0.3405, 0.3405, 0.3405, 0.3405, 0.3405, 0.3405, 0.3405, 0.3405, 0.3405, 0.3405, 0.3405, 0.3405, 0.3405, 0.3405, 0.3405, 0.3405, 0.3405, 0.3405, 0.3405, 0.3405, 0.3405, 0.3405, 0.3405, 0.3405, 0.3405]","{""0"": 0.2441, ""1"": 0.8755, ""2"": 0.3803, ""3"": 0.2898, ""4"": 0.0078, ""5"": 0.8683, ""6"": 0.0127, ""7"": 0.0117}","[0.6667, 0.0909, 0.8571, 1.0, 0.1, 0.0, 1.0, 0.0, 0.0, 0.0, 1.0, 1.0, 0.0, 0.0, 1.0, 0.0, 0.0, 0.0, 0.7273, 1.0, 0.0, 0.0, 0.5833, 0.0, 0.0, 0.0, 1.0, 0.875, 0.0, 0.0, 0.6667, 0.0, 0.0, 0.0, 0.8462, 1.0, 0.0, 0.0, 0.8571, 0.0, 0.0, 0.0, 0.9091, 0.8571, 0.0, 0.0, 0.9, 0.0, 0.1, 0.0, 0.7778, 0.8571, 0.0, 0.0, 0.75, 0.0, 0.0, 0.0, 0.8, 0.8889, 0.0, 0.0, 0.875, 0.0, 0.0, 0.0, 0.8889, 0.7778, 0.0, 0.0, 0.8571, 0.0, 0.0, 0.0, 0.75, 0.7143, 0.0, 0.0, 0.7778, 0.1667, 0.2, 0.0, 0.5, 0.75, 0.0, 0.0, 0.9, 0.0, 0.0, 0.0, 0.8182, 0.0, 0.0, 0.0, 1.0, 0.0, 0.0, 0.0, 0.7143, 0.0, 0.0, 0.4, 0.8, 0.0, 0.0, 0.0, 0.9167, 0.0, 0.0, 0.0, 1.0, 0.0, 0.0, 0.125, 1.0, 0.1111, 0.0, 0.0, 1.0, 0.0, 0.0, 0.0, 0.8889, 0.0, 0.0, 0.0, 0.8571, 0.0, 0.0, 0.0, 0.8182, 0.0, 0.0, 0.0, 1.0, 0.0, 0.0, 0.0, 1.0, 0.0, 0.0, 0.0, 0.75, 0.0, 0.0, 0.2222, 0.6667, 0.0, 0.1, 0.0, 0.7143, 0.0, 0.0, 0.0, 0.7778, 0.0, 0.0, 0.0, 0.8889, 0.0, 0.0, 0.0, 1.0, 0.0, 0.0, 0.0, 1.0, 0.0, 0.0, 0.0, 0.875, 0.0, 0.875, 0.0, 0.7143, 0.3333, 0.0, 0.1818, 0.875, 0.0, 0.8571, 0.0, 1.0, 0.0, 0.0, 0.5556, 1.0, 0.0, 1.0, 0.0, 1.0, 0.0, 0.0, 0.8333, 0.6667, 0.0, 1.0, 0.0, 1.0, 0.0, 0.0, 0.9231, 1.0, 0.0, 1.0, 0.0, 1.0, 0.0, 0.0, 0.75, 0.9231, 1.0, 1.0, 0.0, 1.0, 0.0, 0.0, 1.0, 1.0, 0.1429, 1.0, 0.0, 0.8333, 0.0, 0.0, 1.0, 1.0, 0.0, 1.0, 0.0, 0.9, 0.0, 0.0, 0.875, 1.0, 0.0, 0.8889, 0.0, 0.7143, 0.0, 0.0, 0.8333, 1.0, 0.5714, 0.0, 0.0, 0.7143, 0.0, 0.0, 0.875]"
cluster,0.025,2,cluster,0.3125,0.3125,0.3125,0.0,41,True,625,0,278,1097,0,"[0.05, 0.07, 0.091, 0.11, 0.127, 0.1425, 0.152, 0.159, 0.168, 0.174, 0.182, 0.192, 0.2005, 0.207, 0.214, 0.223, 0.227, 0.2305, 0.237, 0.2435, 0.25, 0.2545, 0.258, 0.265, 0.271, 0.276, 0.278, 0.2795, 0.282, 0.287, 0.2925, 0.295, 0.2965, 0.2975, 0.2985, 0.3025, 0.307, 0.308, 0.309, 0.3115, 0.3125, 0.3125, 0.3125, 0.3125, 0.3125, 0.3125, 0.3125, 0.3125, 0.3125, 0.3125, 0.3125, 0.3125, 0.3125, 0.3125, 0.3125, 0.3125, 0.3125, 0.3125, 0.3125, 0.3125, 0.3125, 0.3125, 0.3125, 0.3125, 0.3125, 0.3125, 0.3125, 0.3125, 0.3125, 0.3125, 0.3125, 0.3125, 0.3125, 0.3125, 0.3125, 0.3125, 0.3125, 0.3125, 0.3125, 0.3125, 0.3125, 0.3125, 0.3125, 0.3125, 0.3125, 0.3125, 0.3125, 0.3125, 0.3125, 0.3125, 0.3125, 0.3125, 0.3125, 0.3125, 0.3125, 0.3125, 0.3125, 0.3125, 0.3125, 0.3125, 0.3125]","{""0"": 0.351, ""1"": 0.8866, ""2"": 0.0082, ""3"": 0.0607, ""4"": 0.3551, ""5"": 0.1842, ""6"": 0.0121, ""7"": 0.6381}","[0.3333, 0.3333, 1.0, 0.0, 0.6667, 0.0, 0.0, 0.0, 0.0, 0.875, 0.8571, 0.0, 1.0, 0.0, 0.0, 0.0, 0.0, 1.0, 0.8333, 0.1429, 0.1111, 0.0, 0.0, 0.1, 0.0, 1.0, 0.7143, 0.0, 0.0, 0.0, 0.0, 0.1429, 0.0, 1.0, 1.0, 0.0, 0.0, 0.0, 0.0, 0.0, 0.0, 1.0, 0.8, 0.0, 0.0, 0.0, 0.0, 0.0, 0.8571, 0.8889, 0.7143, 0.0, 0.0, 0.625, 0.8, 0.0, 1.0, 0.7778, 1.0, 0.0, 0.0, 1.0, 1.0, 0.0, 0.6667, 1.0, 0.8, 0.0, 0.0, 0.8, 1.0, 0.0, 1.0, 0.8, 0.75, 0.0, 0.0, 1.0, 0.8333, 0.0, 0.8333, 1.0, 0.875, 0.0, 0.0, 1.0, 0.0667, 0.1111, 0.8182, 0.8571, 1.0, 0.0, 0.0, 1.0, 0.0, 0.0, 1.0, 0.8571, 1.0, 0.0833, 0.0, 0.8333, 0.0, 0.0, 1.0, 0.0, 0.8571, 0.0, 0.0, 1.0, 0.0, 0.0, 1.0, 0.0, 1.0, 0.0, 0.0, 0.8333, 0.0, 0.0, 1.0, 0.0, 1.0, 0.0, 0.0, 0.8333, 0.0, 0.0, 0.7143, 0.0, 0.875, 0.0, 0.1667, 0.8889, 0.0, 0.0, 0.8889, 0.0, 0.875, 0.0, 0.1111, 1.0, 0.0, 0.0, 0.8333, 0.0, 1.0, 0.0, 0.2, 0.1, 0.0, 0.0, 1.0, 0.0, 1.0, 0.0, 0.0, 0.0, 0.0, 0.0, 0.8571, 0.0, 1.0, 0.0, 0.0, 0.0, 0.0, 0.0, 1.0, 0.0, 0.875, 0.0, 0.0, 0.0, 0.0, 0.0, 0.875, 0.0, 1.0, 0.0, 0.0, 0.0, 0.0, 0.0, 0.75, 0.0, 0.8889, 0.0, 0.0, 0.0, 0.0, 0.0, 0.8889, 0.0, 1.0, 0.0, 0.0, 0.0, 0.0, 0.0, 1.0, 0.0, 1.0, 0.0, 0.0, 0.0, 0.0, 0.0, 1.0, 0.0, 0.75, 0.0, 0.0, 0.0, 1.0, 0.0, 0.9, 0.0, 0.5714, 0.0, 0.0, 0.0, 1.0, 0.0, 0.0, 0.0, 1.0, 0.0, 0.0, 0.0, 0.25, 0.0, 0.0, 0.0, 0.7143, 0.0, 0.0, 0.0, 0.0, 0.0, 0.0, 0.0, 0.8, 0.0, 0.0, 0.0, 0.0, 0.0, 0.0, 0.1667]"
cluster,0.025,3,cluster,0.4165,0.4165,0.4165,0.0,31,True,833,0,244,923,0,"[0.05, 0.071, 0.095, 0.116, 0.136, 0.1515, 0.1715, 0.192, 0.211, 0.2275, 0.244, 0.2565, 0.2675, 0.2805, 0.2945, 0.305, 0.314, 0.3255, 0.3405, 0.355, 0.369, 0.3805, 0.391, 0.4, 0.4035, 0.406, 0.408, 0.4105, 0.4125, 0.4145, 0.4165, 0.4165, 0.4165, 0.4165, 0.4165, 0.4165, 0.4165, 0.4165, 0.4165, 0.4165, 0.4165, 0.4165, 0.4165, 0.4165, 0.4165, 0.4165, 0.4165, 0.4165, 0.4165, 0.4165, 0.4165, 0.4165, 0.4165, 0.4165, 0.4165, 0.4165, 0.4165, 0.4165, 0.4165, 0.4165, 0.4165, 0.4165, 0.4165, 0.4165, 0.4165, 0.4165, 0.4165, 0.4165, 0.4165, 0.4165, 0.4165, 0.4165, 0.4165, 0.4165, 0.4165, 0.4165, 0.4165, 0.4165, 0.4165, 0.4165, 0.4165, 0.4165, 0.4165, 0.4165, 0.4165, 0.4165, 0.4165, 0.4165, 0.4165, 0.4165, 0.4165, 0.4165, 0.4165, 0.4165, 0.4165, 0.4165, 0.4165, 0.4165, 0.4165, 0.4165, 0.4165]","{""0"": 0.3858, ""1"": 0.7384, ""2"": 0.3145, ""3"": 0.6008, ""4"": 0.004, ""5"": 0.6955, ""6"": 0.6008, ""7"": 0.0208}","[0.6667, 0.8333, 0.0, 0.0714, 0.0, 0.0, 0.7143, 0.875, 0.0, 0.1, 0.0, 0.1, 0.0, 0.0, 0.7778, 1.0, 0.0, 0.1111, 0.0, 0.0833, 0.0, 0.0, 1.0, 0.5833, 0.0, 0.0, 0.0833, 0.125, 0.0, 0.0, 0.8571, 0.7143, 0.0, 0.0909, 0.6, 0.0, 1.0, 0.0, 1.0, 1.0, 0.0, 0.0, 1.0, 0.0, 0.8333, 0.0, 1.0, 1.0, 0.2, 0.0, 0.8333, 0.0, 0.9, 0.0, 1.0, 1.0, 0.0, 0.0, 1.0, 0.0, 0.9, 0.0, 0.8571, 1.0, 0.0, 0.0, 1.0, 0.0, 1.0, 0.0, 0.8, 1.0, 0.0, 0.0, 0.875, 0.0, 0.75, 0.0, 0.8571, 0.9167, 0.0, 0.0, 0.8333, 0.0, 0.7143, 0.0, 1.0, 0.7143, 0.0, 0.0, 0.9, 0.0, 0.875, 0.0, 0.8571, 0.875, 0.0, 0.0, 0.9286, 0.0, 1.0, 0.0833, 0.7, 0.8571, 0.0, 0.0, 1.0, 0.0, 1.0, 0.0, 1.0, 0.7778, 0.0, 0.0, 1.0, 0.0, 1.0, 0.0, 0.875, 0.875, 0.0, 0.0, 1.0, 0.125, 1.0, 0.0, 1.0, 0.1, 0.0, 0.0, 1.0, 1.0, 0.875, 0.0, 0.9, 0.0, 0.0, 0.5714, 1.0, 0.9167, 1.0, 0.0, 0.1, 0.0, 0.0, 0.8333, 1.0, 0.6364, 1.0, 0.0, 0.0, 0.0, 0.0, 0.6, 1.0, 0.8667, 0.75, 0.0, 0.0, 0.0, 0.0, 0.8, 1.0, 0.75, 1.0, 0.0, 0.0, 0.0, 0.0, 1.0, 1.0, 1.0, 1.0, 0.0, 0.0, 0.0, 0.25, 0.5714, 0.7778, 0.8889, 0.875, 0.0, 0.3333, 0.0, 0.0, 0.8, 1.0, 0.8571, 0.75, 0.0, 0.0, 0.0, 0.0, 0.8571, 1.0, 1.0, 0.875, 0.0, 1.0, 0.2857, 0.0, 0.8, 0.8333, 1.0, 0.4286, 0.0, 0.7778, 0.8, 0.0, 1.0, 1.0, 0.0, 0.0, 0.0, 1.0, 0.8889, 0.0, 0.8571, 1.0, 0.0, 0.0, 0.0, 1.0, 0.6667, 0.0, 0.8, 1.0, 0.0, 0.0, 0.0, 0.5, 1.0, 0.0, 1.0, 0.1, 0.1429, 0.0, 0.0, 1.0, 0.8333, 0.25, 0.875, 0.0, 0.0, 0.0, 0.0, 1.0, 1.0, 0.0, 0.8889]"
cluster,0.025,4,cluster,0.206,0.206,0.206,-0.0,22,True,412,0,284,1304,0,"[0.05, 0.069, 0.091, 0.112, 0.1315, 0.1435, 0.1535, 0.16, 0.1665, 0.172, 0.1765, 0.1805, 0.183, 0.189, 0.1935, 0.195, 0.197, 0.199, 0.202, 0.203, 0.204, 0.206, 0.206, 0.206, 0.206, 0.206, 0.206, 0.206, 0.206, 0.206, 0.206, 0.206, 0.206, 0.206, 0.206, 0.206, 0.206, 0.206, 0.206, 0.206, 0.206, 0.206, 0.206, 0.206, 0.206, 0.206, 0.206, 0.206, 0.206, 0.206, 0.206, 0.206, 0.206, 0.206, 0.206, 0.206, 0.206, 0.206, 0.206, 0.206, 0.206, 0.206, 0.206, 0.206, 0.206, 0.206, 0.206, 0.206, 0.206, 0.206, 0.206, 0.206, 0.206, 0.206, 0.206, 0.206, 0.206, 0.206, 0.206, 0.206, 0.206, 0.206, 0.206, 0.206, 0.206, 0.206, 0.206, 0.206, 0.206, 0.206, 0.206, 0.206, 0.206, 0.206, 0.206, 0.206, 0.206, 0.206, 0.206, 0.206, 0.206]","{""0"": 0.0, ""1"": 0.4612, ""2"": 0.1163, ""3"": 0.442, ""4"": 0.3286, ""5"": 0.0, ""6"": 0.302, ""7"": 0.0}","[0.3333, 0.0, 0.0, 1.0, 0.0, 0.75, 0.0, 0.0, 0.0, 0.0, 0.0, 0.2, 0.0, 1.0, 0.0, 0.0, 0.0, 0.0, 1.0, 0.0, 0.0, 1.0, 0.0, 0.0, 0.0, 0.0, 0.7143, 0.0, 0.0, 0.8182, 0.0, 0.0, 0.0, 0.0, 0.5, 0.0, 0.1429, 0.9, 0.0, 0.0, 0.0, 0.0, 0.8571, 0.0, 0.0, 0.8571, 0.0, 0.125, 0.0, 0.0, 1.0, 0.0, 0.0, 0.8571, 0.0, 1.0, 0.0, 0.0, 1.0, 0.0, 0.75, 0.4286, 0.0, 1.0, 0.0, 0.0, 1.0, 0.0, 1.0, 0.0, 0.0, 0.8889, 0.0, 0.0, 0.8, 0.0, 0.9, 0.0, 0.0, 1.0, 0.0, 0.0, 0.8571, 0.0, 1.0, 0.0, 0.0, 1.0, 0.0, 0.0, 1.0, 0.0, 1.0, 0.0, 0.0, 0.8333, 0.0, 0.0, 0.875, 0.0, 0.9167, 0.0, 0.0, 1.0, 0.0, 0.0, 0.8333, 0.0, 1.0, 0.0, 0.0, 0.875, 0.0, 0.0, 0.6667, 0.0, 0.875, 0.0, 0.0, 1.0, 0.0, 0.0, 0.8182, 0.0, 0.8, 0.0, 0.0, 0.9, 0.0, 0.0, 1.0, 0.0, 1.0, 0.0, 0.0, 0.2222, 0.0, 0.0, 0.0, 0.0, 0.8333, 0.0, 0.0, 0.0, 0.0, 0.0, 0.0, 0.0, 0.0, 0.1429, 0.0, 0.0, 0.0, 0.0, 0.0, 0.0, 0.0, 0.0, 0.0, 0.0, 0.0, 0.0, 0.1429, 0.0, 0.0, 0.4, 0.0, 0.0769, 0.0, 0.0, 0.0, 0.0, 0.0, 1.0, 0.0, 0.0, 0.0, 0.0, 0.0, 0.0, 0.0, 1.0, 0.0, 0.0, 0.0, 0.0, 0.0, 0.0, 0.0, 0.1667, 0.0, 0.0, 0.0, 0.0, 0.0, 0.0, 0.0, 0.1667, 0.0, 0.0, 0.0, 0.0, 0.0, 0.0, 0.25, 0.0, 0.0, 0.0, 0.0, 0.0, 0.0, 0.0, 0.75, 0.0, 0.0, 0.0, 0.0, 0.0, 0.0, 0.0, 1.0, 0.0, 0.0, 0.0, 0.0, 0.0, 0.5, 0.75, 0.8333, 0.0, 0.0, 0.0, 0.0, 0.0, 1.0, 1.0, 0.0, 0.0, 0.0, 0.0, 0.0, 0.0, 0.0, 0.8571, 0.0, 0.0, 0.0, 0.0, 0.0, 0.0]"
cluster,0.025,5,cluster,0.325,0.325,0.325,-0.0,27,True,650,0,253,1097,0,"[0.05, 0.07, 0.092, 0.119, 0.146, 0.166, 0.183, 0.1985, 0.2135, 0.2255, 0.2415, 0.2535, 0.263, 0.274, 0.281, 0.286, 0.2935, 0.2995, 0.304, 0.3085, 0.3115, 0.3145, 0.3175, 0.32, 0.3225, 0.3245, 0.325, 0.325, 0.325, 0.325, 0.325, 0.325, 0.325, 0.325, 0.325, 0.325, 0.325, 0.325, 0.325, 0.325, 0.325, 0.325, 0.325, 0.325, 0.325, 0.325, 0.325, 0.325, 0.325, 0.325, 0.325, 0.325, 0.325, 0.325, 0.325, 0.325, 0.325, 0.325, 0.325, 0.325, 0.325, 0.325, 0.325, 0.325, 0.325, 0.325, 0.325, 0.325, 0.325, 0.325, 0.325, 0.325, 0.325, 0.325, 0.325, 0.325, 0.325, 0.325, 0.325, 0.325, 0.325, 0.325, 0.325, 0.325, 0.325, 0.325, 0.325, 0.325, 0.325, 0.325, 0.325, 0.325, 0.325, 0.325, 0.325, 0.325, 0.325, 0.325, 0.325, 0.325, 0.325]","{""0"": 0.4023, ""1"": 0.0038, ""2"": 0.5432, ""3"": 0.3488, ""4"": 0.2107, ""5"": 0.6639, ""6"": 0.375, ""7"": 0.0794}","[0.4444, 0.0, 0.0, 0.0, 0.0, 0.0, 0.9, 0.875, 0.75, 0.0, 0.0, 0.0, 0.0, 0.0, 1.0, 0.8182, 1.0, 0.0, 0.0, 0.0, 0.0, 0.0, 1.0, 0.6667, 0.75, 0.0, 0.0, 1.0, 0.0, 0.0, 1.0, 0.2, 0.1, 0.0, 0.0, 1.0, 0.0, 0.125, 0.25, 0.0, 0.0, 0.0, 0.0, 0.875, 0.0833, 0.75, 0.125, 0.0, 0.0, 0.125, 0.0, 0.7778, 0.0, 0.8182, 0.0, 0.0, 0.0, 0.75, 0.0, 1.0, 0.0833, 1.0, 0.0, 0.0, 0.0, 0.0, 0.0, 1.0, 0.0, 0.6667, 0.0, 0.0, 0.0, 0.0, 0.0, 0.8, 0.0, 0.7778, 0.0, 0.0, 0.0, 0.0, 0.0, 0.7778, 0.5, 1.0, 0.0, 0.0, 0.0, 0.0, 0.0, 0.8333, 0.7143, 0.8571, 0.0, 0.0, 0.0, 0.0, 0.0, 0.8462, 0.5714, 0.8, 0.0, 0.0, 0.0, 0.0, 0.0, 1.0, 0.875, 0.0, 0.8571, 0.0, 0.0, 0.0, 0.0, 0.6667, 1.0, 0.25, 0.875, 0.4286, 0.0, 0.0, 0.0, 1.0, 1.0, 0.0, 1.0, 0.5, 0.0, 0.0, 0.0, 0.8571, 0.6667, 0.0, 0.7143, 1.0, 0.0, 1.0, 0.0, 1.0, 1.0, 0.0, 1.0, 0.7143, 0.0, 1.0, 0.0, 0.875, 0.8889, 0.0, 0.8, 1.0, 0.0, 0.9, 0.0, 0.8571, 1.0, 0.0, 0.875, 1.0, 0.0, 0.8889, 0.0, 0.8333, 1.0, 0.0, 0.9, 1.0, 0.0, 0.8, 0.0, 1.0, 0.8571, 0.0, 0.8889, 0.8571, 0.0, 1.0, 0.0, 0.875, 1.0, 0.0, 0.8571, 1.0, 0.0, 1.0, 0.0, 0.0833, 0.9, 0.0, 0.75, 0.0, 0.0, 0.5714, 0.0, 0.0, 0.1111, 0.0, 0.7778, 0.1429, 0.0, 0.9, 0.0, 0.0, 0.0, 0.0, 0.8889, 0.0, 0.0, 1.0, 0.0, 0.0, 0.0, 0.0, 0.8889, 0.0, 0.0, 1.0, 0.0, 0.0, 0.0, 0.0833, 1.0, 0.125, 0.0, 0.875, 0.125, 0.0, 0.0, 0.0, 1.0, 0.7778, 0.0, 0.7778, 0.0, 0.0, 0.0, 0.125, 1.0, 0.875, 0.0, 0.8, 0.0, 0.0, 0.0, 0.0, 1.0, 1.0, 0.1, 0.0]"
cluster,0.025,6,cluster,0.266,0.266,0.266,0.0,23,True,532,0,301,1167,0,"[0.05, 0.069, 0.0915, 0.116, 0.139, 0.1615, 0.179, 0.191, 0.201, 0.211, 0.2205, 0.228, 0.236, 0.243, 0.25, 0.2555, 0.2595, 0.261, 0.262, 0.2635, 0.265, 0.2655, 0.266, 0.266, 0.266, 0.266, 0.266, 0.266, 0.266, 0.266, 0.266, 0.266, 0.266, 0.266, 0.266, 0.266, 0.266, 0.266, 0.266, 0.266, 0.266, 0.266, 0.266, 0.266, 0.266, 0.266, 0.266, 0.266, 0.266, 0.266, 0.266, 0.266, 0.266, 0.266, 0.266, 0.266, 0.266, 0.266, 0.266, 0.266, 0.266, 0.266, 0.266, 0.266, 0.266, 0.266, 0.266, 0.266, 0.266, 0.266, 0.266, 0.266, 0.266, 0.266, 0.266, 0.266, 0.266, 0.266, 0.266, 0.266, 0.266, 0.266, 0.266, 0.266, 0.266, 0.266, 0.266, 0.266, 0.266, 0.266, 0.266, 0.266, 0.266, 0.266, 0.266, 0.266, 0.266, 0.266, 0.266, 0.266, 0.266]","{""0"": 0.1888, ""1"": 0.2724, ""2"": 0.1145, ""3"": 0.3682, ""4"": 0.2305, ""5"": 0.1685, ""6"": 0.3516, ""7"": 0.4198}","[0.6667, 0.0, 1.0, 0.0, 0.0, 0.0, 0.0, 0.0, 0.75, 0.0, 0.6667, 0.0, 0.0, 0.0, 0.0, 0.2, 1.0, 0.1429, 0.0, 0.1667, 0.0, 0.0, 0.0, 0.0, 1.0, 0.4286, 0.1667, 0.0, 0.0, 0.25, 0.2, 0.0, 1.0, 1.0, 0.0, 0.0, 0.0, 0.875, 0.8571, 0.0, 0.6667, 0.8571, 0.0, 0.0, 0.0, 1.0, 1.0, 0.0, 1.0, 1.0, 0.0, 0.2857, 0.0, 1.0, 1.0, 0.0, 0.8, 0.0, 0.0, 1.0, 0.0, 1.0, 0.875, 0.0, 0.0909, 0.0, 0.0, 0.875, 0.0, 0.6667, 1.0, 0.0, 0.0, 0.0, 0.0, 1.0, 0.0, 0.0, 0.0, 0.0, 0.0, 0.0, 0.0, 0.0, 0.0, 0.0, 0.0, 0.4, 0.0, 0.625, 0.0, 0.0, 0.0, 0.0, 0.0, 0.8571, 0.0, 1.0, 0.0, 0.0, 0.0, 0.0, 0.0, 1.0, 0.0, 1.0, 0.1667, 0.0, 0.8667, 0.0, 0.0, 1.0, 0.1667, 0.6667, 0.0, 0.0, 0.8333, 0.3333, 0.0, 0.8889, 1.0, 0.0, 0.0, 0.0, 0.8889, 1.0, 0.0, 0.7778, 0.8, 0.0, 0.0, 0.0, 0.7143, 0.1111, 0.0, 1.0, 0.625, 0.0, 0.0, 0.0, 1.0, 0.0, 0.0, 1.0, 1.0, 0.0, 0.0, 0.0, 0.875, 0.0, 0.0, 0.8889, 1.0, 0.0, 0.0, 0.0, 1.0, 0.0, 0.0, 1.0, 1.0, 0.0, 0.0, 0.0, 1.0, 0.0, 0.0, 0.6667, 1.0, 0.0, 0.0, 0.0, 1.0, 0.0, 0.0, 0.8333, 0.3333, 0.0, 0.0, 0.0, 1.0, 0.0, 0.0, 0.875, 0.0, 0.0, 0.0, 0.0, 0.875, 0.2, 0.0, 0.0833, 0.0, 0.0, 0.3333, 0.0, 1.0, 0.0, 0.0, 0.3, 0.0, 0.0, 0.7143, 0.0, 0.0, 0.0, 0.125, 0.0, 0.0, 0.0, 0.6667, 0.0, 0.0, 1.0, 1.0, 0.0, 0.0, 0.0, 1.0, 0.0, 0.0, 0.75, 0.0, 0.0, 0.0, 0.0, 1.0, 0.0, 0.0, 0.0, 0.0, 0.0, 0.0, 0.0, 0.75, 0.0, 0.0, 0.0, 0.0, 0.0, 0.0, 0.0, 0.875, 0.0, 0.0, 0.0, 0.0, 0.0, 0.1429, 0.0]"
cluster,0.025,7,cluster,0.2565,0.2565,0.2565,0.0,37,True,513,0,304,1183,0,"[0.05, 0.068, 0.087, 0.0995, 0.1085, 0.122, 0.132, 0.143, 0.1545, 0.1635, 0.1715, 0.1775, 0.181, 0.185, 0.1885, 0.195, 0.2, 0.2055, 0.209, 0.2105, 0.2125, 0.2145, 0.2165, 0.219, 0.2245, 0.23, 0.2325, 0.2345, 0.236, 0.2375, 0.2385, 0.24, 0.243, 0.2495, 0.2525, 0.2555, 0.2565, 0.2565, 0.2565, 0.2565, 0.2565, 0.2565, 0.2565, 0.2565, 0.2565, 0.2565, 0.2565, 0.2565, 0.2565, 0.2565, 0.2565, 0.2565, 0.2565, 0.2565, 0.2565, 0.2565, 0.2565, 0.2565, 0.2565, 0.2565, 0.2565, 0.2565, 0.2565, 0.2565, 0.2565, 0.2565, 0.2565, 0.2565, 0.2565, 0.2565, 0.2565, 0.2565, 0.2565, 0.2565, 0.2565, 0.2565, 0.2565, 0.2565, 0.2565, 0.2565, 0.2565, 0.2565, 0.2565, 0.2565, 0.2565, 0.2565, 0.2565, 0.2565, 0.2565, 0.2565, 0.2565, 0.2565, 0.2565, 0.2565, 0.2565, 0.2565, 0.2565, 0.2565, 0.2565, 0.2565, 0.2565]","{""0"": 0.5399, ""1"": 0.0579, ""2"": 0.3707, ""3"": 0.0233, ""4"": 0.1667, ""5"": 0.008, ""6"": 0.5451, ""7"": 0.308}","[0.6667, 0.8571, 0.0, 0.0, 0.0, 0.0, 0.0, 1.0, 0.1429, 0.8889, 0.0, 0.0, 0.0, 0.0, 0.0, 0.6667, 0.75, 1.0, 0.0, 1.0, 0.0, 0.0, 0.1111, 0.0, 0.5, 1.0, 0.8889, 1.0, 0.0, 0.0, 0.0, 0.0, 1.0, 0.75, 0.75, 1.0, 0.0, 0.0, 0.0, 0.0, 0.8333, 0.8571, 0.0, 1.0, 0.0, 0.0, 0.0, 0.0, 1.0, 1.0, 0.0, 1.0, 0.0, 0.0, 0.0, 0.0, 1.0, 0.8333, 0.0, 0.7778, 0.0, 0.0, 0.0, 0.0, 0.9091, 0.0, 0.0, 0.7778, 0.0, 0.0, 0.0, 0.0, 0.8333, 0.0, 0.0, 0.625, 0.0, 0.0, 0.0, 0.0, 1.0, 0.0, 0.0, 0.8571, 0.0, 0.0, 0.0, 0.0, 1.0, 0.0, 0.0, 0.2222, 0.0, 0.0, 0.0, 0.0, 0.25, 0.0, 0.0, 0.0, 0.1111, 0.0, 0.0, 0.2, 0.0, 0.0, 0.0, 0.0, 1.0, 0.0, 0.0, 0.7778, 0.0, 0.0, 0.0, 0.0, 0.0, 0.0, 0.0, 1.0, 0.0, 0.1667, 0.0, 0.0, 0.0, 0.0, 0.0, 0.5, 0.0, 0.0909, 0.0, 0.0, 0.0, 0.0, 0.0, 1.0, 0.0, 0.6, 0.0, 0.0, 0.0, 0.0, 0.0, 0.8333, 0.0, 0.8889, 0.0, 1.0, 0.0, 0.2, 0.0, 0.9, 0.0, 0.75, 0.0, 0.0, 0.0, 0.0, 0.0, 0.7143, 0.0, 0.0, 0.0, 0.0, 0.0, 0.0, 0.0, 0.8889, 0.0, 0.0, 0.0, 0.0, 0.0, 1.0, 0.0, 0.5, 0.0, 0.0, 0.0, 0.1429, 0.0, 0.9, 0.0, 0.8889, 0.0, 0.0769, 0.0, 0.0, 0.0, 1.0, 0.0, 0.5, 0.0, 0.8571, 0.0, 0.8889, 0.0, 0.0, 0.0, 1.0, 0.0, 0.8571, 0.0, 1.0, 0.0, 0.1111, 0.0, 1.0, 0.0, 1.0, 0.0, 0.875, 0.0, 0.0, 0.0, 1.0, 0.0, 1.0, 0.0, 0.1429, 0.0, 0.0, 0.0, 0.875, 0.0, 1.0, 0.0, 0.0, 0.0, 0.4, 0.0, 0.8333, 0.0, 1.0, 0.0, 0.0, 0.0, 0.7778, 0.0, 0.6667, 0.0833, 0.8571, 0.0, 0.0, 0.0, 1.0, 0.0, 0.625, 0.1667, 1.0]"
cluster,0.025,8,cluster,0.3625,0.3625,0.3625,0.0,46,True,725,0,285,990,0,"[0.05, 0.0735, 0.101, 0.1295, 0.1585, 0.1825, 0.1975, 0.2125, 0.2295, 0.2415, 0.2535, 0.2655, 0.277, 0.289, 0.2965, 0.3035, 0.308, 0.313, 0.317, 0.319, 0.3195, 0.321, 0.3225, 0.323, 0.3245, 0.326, 0.329, 0.33, 0.331, 0.332, 0.334, 0.335, 0.336, 0.337, 0.3375, 0.3385, 0.341, 0.3445, 0.3495, 0.3545, 0.356, 0.3565, 0.3575, 0.36, 0.3615, 0.3625, 0.3625, 0.3625, 0.3625, 0.3625, 0.3625, 0.3625, 0.3625, 0.3625, 0.3625, 0.3625, 0.3625, 0.3625, 0.3625, 0.3625, 0.3625, 0.3625, 0.3625, 0.3625, 0.3625, 0.3625, 0.3625, 0.3625, 0.3625, 0.3625, 0.3625, 0.3625, 0.3625, 0.3625, 0.3625, 0.3625, 0.3625, 0.3625, 0.3625, 0.3625, 0.3625, 0.3625, 0.3625, 0.3625, 0.3625, 0.3625, 0.3625, 0.3625, 0.3625, 0.3625, 0.3625, 0.3625, 0.3625, 0.3625, 0.3625, 0.3625, 0.3625, 0.3625, 0.3625, 0.3625, 0.3625]","{""0"": 0.7306, ""1"": 0.2685, ""2"": 0.2549, ""3"": 0.2609, ""4"": 0.4669, ""5"": 0.0923, ""6"": 0.5294, ""7"": 0.3197}","[0.7778, 1.0, 0.0, 0.0, 0.0, 1.0, 0.8333, 0.875, 0.8571, 0.5, 0.0, 0.0, 0.0, 0.0, 0.9, 0.3333, 1.0, 0.6, 0.0, 0.0, 0.0, 0.0, 0.0, 1.0, 1.0, 0.0, 0.1, 0.0, 0.0, 0.0, 0.0, 0.8, 1.0, 0.0667, 0.0, 0.0, 0.0, 0.0, 0.0, 0.8889, 1.0, 0.7778, 0.0, 0.1429, 0.1429, 0.0, 0.0, 0.875, 0.6667, 0.7778, 0.0, 0.0, 0.875, 0.0, 0.0, 1.0, 1.0, 1.0, 0.7778, 0.0, 0.8, 0.0, 0.0, 1.0, 0.75, 1.0, 0.8, 0.0, 0.8571, 0.0, 0.0, 1.0, 0.6, 1.0, 0.8333, 0.0, 1.0, 0.0, 0.0, 0.875, 0.0, 1.0, 1.0, 0.0, 0.6667, 0.0, 0.0, 0.875, 0.0, 0.0, 0.9, 0.0, 1.0, 0.0, 0.0, 0.75, 0.0, 0.0, 1.0, 0.0, 1.0, 0.0, 0.0, 0.875, 0.0, 0.8, 1.0, 0.0, 0.6, 0.0, 0.0, 0.125, 0.0, 0.7778, 1.0, 0.0, 1.0, 0.0, 0.0, 0.0, 1.0, 0.8889, 0.5, 0.0, 0.7143, 0.0, 0.0, 0.1, 0.25, 1.0, 0.0, 0.0, 0.0, 0.0, 0.0, 0.0, 0.1429, 0.8333, 0.0, 0.0, 0.0, 0.8333, 0.0, 0.0, 0.0, 1.0, 0.0, 0.0, 0.0, 0.875, 0.0, 0.0, 0.0, 1.0, 0.0, 0.1818, 0.0, 0.8182, 0.0, 0.0, 0.0, 0.6, 0.0, 0.5556, 0.0, 1.0, 0.0, 0.0, 0.0, 1.0, 0.0, 1.0, 0.0, 0.6, 0.0, 0.0, 0.0, 0.8333, 0.0, 1.0, 0.0, 1.0, 0.0, 0.0, 0.0, 1.0, 0.0, 0.9167, 0.0, 0.9, 0.0, 0.0, 0.0, 1.0, 0.0, 1.0, 0.0, 1.0, 0.0, 0.25, 0.125, 1.0, 0.0, 1.0, 0.0, 1.0, 0.0, 0.7857, 0.125, 1.0, 0.0, 1.0, 0.0, 0.8571, 0.0, 1.0, 0.0, 0.8, 0.0, 0.9, 0.0, 1.0, 0.0, 0.8333, 0.0, 0.75, 0.0, 0.0, 0.0, 0.9231, 0.1, 1.0, 0.0, 1.0, 0.0, 0.0, 0.0, 0.875, 1.0, 1.0, 0.125, 1.0, 0.0, 0.0, 0.0, 1.0, 1.0, 0.8889, 0.6667, 0.7778]"
cluster,0.025,9,cluster,0.148,0.148,0.148,0.0,24,True,296,0,299,1405,0,"[0.05, 0.062, 0.073, 0.083, 0.089, 0.0965, 0.102, 0.1065, 0.1125, 0.119, 0.125, 0.1295, 0.1335, 0.136, 0.1375, 0.1385, 0.139, 0.14, 0.142, 0.1445, 0.1465, 0.147, 0.1475, 0.148, 0.148, 0.148, 0.148, 0.148, 0.148, 0.148, 0.148, 0.148, 0.148, 0.148, 0.148, 0.148, 0.148, 0.148, 0.148, 0.148, 0.148, 0.148, 0.148, 0.148, 0.148, 0.148, 0.148, 0.148, 0.148, 0.148, 0.148, 0.148, 0.148, 0.148, 0.148, 0.148, 0.148, 0.148, 0.148, 0.148, 0.148, 0.148, 0.148, 0.148, 0.148, 0.148, 0.148, 0.148, 0.148, 0.148, 0.148, 0.148, 0.148, 0.148, 0.148, 0.148, 0.148, 0.148, 0.148, 0.148, 0.148, 0.148, 0.148, 0.148, 0.148, 0.148, 0.148, 0.148, 0.148, 0.148, 0.148, 0.148, 0.148, 0.148, 0.148, 0.148, 0.148, 0.148, 0.148, 0.148, 0.148]","{""0"": 0.0, ""1"": 0.4978, ""2"": 0.1195, ""3"": 0.0437, ""4"": 0.2388, ""5"": 0.0851, ""6"": 0.0967, ""7"": 0.124}","[0.0, 0.0, 0.875, 1.0, 0.0, 0.2, 0.0, 0.0, 0.0, 0.0, 1.0, 0.0, 0.0, 1.0, 0.0, 0.0, 0.0, 0.0, 1.0, 0.0, 0.0, 0.0, 0.0, 0.0, 0.0, 0.0, 0.8, 0.0, 0.0, 0.0, 0.2, 0.0, 0.0, 0.0, 0.8571, 0.0, 0.0, 0.0, 0.0, 0.0, 0.0, 0.0, 0.875, 0.0, 0.0, 0.0, 1.0, 0.1818, 0.1429, 0.0, 0.8333, 0.0, 0.0, 0.0, 0.0, 1.0, 0.8, 0.0, 1.0, 0.25, 0.0, 0.0, 0.0, 1.0, 1.0, 0.0, 1.0, 0.0, 0.0, 0.0, 0.0, 0.0, 0.8571, 0.0, 0.5714, 0.0, 1.0, 0.0, 0.0, 0.0, 0.1111, 0.0, 1.0, 0.0, 0.4, 0.1111, 0.0, 0.0, 0.3333, 0.0, 0.8333, 0.0, 0.0, 0.8, 0.0, 0.0, 0.0, 0.0, 0.6667, 0.0, 0.0, 1.0, 0.0, 0.0, 0.0, 0.0, 0.0, 0.0, 0.0, 1.0, 0.0, 0.0, 0.0, 0.0, 0.0, 0.0, 0.0, 0.8571, 1.0, 0.0, 0.0, 0.0, 0.0, 0.0, 0.0, 0.9091, 0.1, 0.0, 0.0, 0.0, 0.0, 0.0, 0.0, 0.75, 0.2, 0.0, 0.0, 0.0, 0.0, 0.0, 0.0, 0.5, 0.0, 0.0, 0.0, 0.0, 0.0, 0.0, 0.0, 0.3333, 0.0, 0.125, 0.0, 0.0, 0.0, 0.0, 0.0, 0.0, 0.0, 0.0, 0.0, 0.0, 0.0, 0.0, 0.0, 0.1538, 0.0, 0.0, 0.0, 0.0, 0.0, 0.0, 0.0, 0.1111, 0.0, 0.0, 0.0, 0.0, 0.0, 0.0, 0.0, 0.0, 0.0, 0.3, 0.0, 0.0, 0.0, 0.0, 0.0, 0.0, 1.0, 0.1667, 0.0, 0.0, 0.0, 0.0, 0.0, 0.0, 0.0, 0.0, 0.0, 0.0, 0.0, 0.0, 0.0, 0.0, 0.0, 0.0, 0.1667, 0.0, 0.0, 0.0, 0.0, 0.0, 0.0, 0.1111, 0.125, 0.0, 1.0, 0.0, 0.0, 0.0, 0.0, 0.0, 1.0, 0.0, 0.6, 1.0, 0.0, 0.0, 0.0, 0.0, 0.0, 0.0, 0.8, 0.8333, 0.0, 0.0, 0.125, 0.0, 0.0, 0.0, 1.0, 0.5, 0.0, 0.0, 0.0, 0.0, 0.0, 0.0]"
cluster,0.025,10,cluster,0.218,0.218,0.218,-0.0,37,True,436,0,296,1268,0,"[0.05, 0.071, 0.0915, 0.108, 0.12, 0.132, 0.1425, 0.151, 0.1565, 0.1625, 0.1675, 0.1705, 0.1735, 0.177, 0.1785, 0.181, 0.183, 0.1835, 0.1845, 0.1865, 0.1895, 0.1935, 0.197, 0.1985, 0.1995, 0.2, 0.201, 0.204, 0.2045, 0.205, 0.206, 0.2065, 0.208, 0.2095, 0.211, 0.2145, 0.218, 0.218, 0.218, 0.218, 0.218, 0.218, 0.218, 0.218, 0.218, 0.218, 0.218, 0.218, 0.218, 0.218, 0.218, 0.218, 0.218, 0.218, 0.218, 0.218, 0.218, 0.218, 0.218, 0.218, 0.218, 0.218, 0.218, 0.218, 0.218, 0.218, 0.218, 0.218, 0.218, 0.218, 0.218, 0.218, 0.218, 0.218, 0.218, 0.218, 0.218, 0.218, 0.218, 0.218, 0.218, 0.218, 0.218, 0.218, 0.218, 0.218, 0.218, 0.218, 0.218, 0.218, 0.218, 0.218, 0.218, 0.218, 0.218, 0.218, 0.218, 0.218, 0.218, 0.218, 0.218]","{""0"": 0.1015, ""1"": 0.0039, ""2"": 0.0694, ""3"": 0.2162, ""4"": 0.1905, ""5"": 0.4024, ""6"": 0.6345, ""7"": 0.1556}","[0.3333, 0.0, 0.0, 0.0, 0.8333, 0.8333, 0.0, 1.0, 0.2, 0.0, 0.0, 0.0, 0.2222, 1.0, 0.0, 0.8333, 0.0, 0.8333, 0.0, 0.0, 0.0, 0.7143, 0.0, 0.75, 0.0, 0.8333, 0.0, 0.0, 0.3333, 1.0, 0.0, 0.7143, 0.0, 1.0, 0.0, 0.0, 0.875, 0.8333, 0.0, 1.0, 0.0, 1.0, 0.0, 0.0, 1.0, 1.0, 0.0, 1.0, 0.0, 0.1818, 0.0, 0.0, 1.0, 0.0, 0.0, 0.7, 0.0, 0.0, 0.0, 0.0, 0.625, 0.0, 0.0625, 1.0, 0.0, 0.0, 0.0, 0.0, 0.0769, 0.0, 0.0, 1.0, 0.0, 0.0, 0.0, 0.0, 0.0, 0.1111, 0.0, 0.6667, 0.6667, 0.0, 0.0, 0.0, 0.0, 0.0, 0.25, 1.0, 1.0, 0.0, 0.0, 0.0, 0.0, 0.0, 1.0, 0.875, 1.0, 0.0, 0.0, 0.0, 0.0, 0.4, 0.8571, 0.0, 0.0, 0.0, 0.0, 0.0, 0.0, 1.0, 0.8, 0.0, 0.0, 0.0, 0.0, 0.0, 0.0, 0.0, 0.8333, 0.0, 0.0, 0.0, 0.0, 0.0, 0.1111, 0.0, 0.0, 0.0, 0.0, 0.0, 0.0, 0.0, 0.0, 0.0, 0.0, 0.0, 0.0, 0.0, 0.0, 0.0, 0.0, 0.0, 0.0, 0.0, 0.0, 0.0, 0.0, 0.0, 0.0, 0.0, 0.0, 0.0, 0.0, 0.0, 0.0, 0.0, 0.0, 0.0, 0.0, 0.0, 0.0769, 0.1, 0.0, 0.0, 0.0, 0.0, 0.25, 0.25, 0.5556, 0.0, 0.0, 0.0, 0.0, 0.0, 0.8889, 1.0, 1.0, 0.0, 0.0, 0.0, 0.0, 0.0, 1.0, 0.9, 0.5, 0.0, 0.0, 0.0, 0.0, 0.0, 1.0, 0.8, 0.0, 0.0, 0.0, 0.5, 0.0, 0.0, 0.8889, 0.7778, 0.0, 0.0, 0.1429, 0.7778, 0.0, 0.0, 0.9, 0.875, 0.0, 0.0, 0.0, 1.0, 0.0, 0.0, 1.0, 0.8889, 0.0, 0.0, 0.0, 0.0, 0.125, 0.0, 1.0, 0.75, 0.0, 0.0, 0.0, 0.0, 0.0, 0.0, 1.0, 0.875, 0.0, 0.0, 0.0, 0.0, 1.0, 0.0, 0.7273, 0.8333, 0.0, 0.125, 0.0, 0.0, 1.0, 0.0, 0.2727, 0.9167, 0.0, 0.1111]"
cluster,0.025,11,cluster,0.3735,0.3735,0.3735,0.0,52,True,747,0,291,962,0,"[0.05, 0.0755, 0.1015, 0.125, 0.1475, 0.1665, 0.186, 0.2015, 0.2185, 0.2345, 0.249, 0.2605, 0.2695, 0.283, 0.2915, 0.2995, 0.3045, 0.309, 0.3125, 0.317, 0.323, 0.326, 0.3285, 0.3315, 0.334, 0.3365, 0.3395, 0.341, 0.3425, 0.343, 0.344, 0.3455, 0.3475, 0.348, 0.3485, 0.3495, 0.351, 0.3515, 0.3535, 0.3545, 0.355, 0.357, 0.3585, 0.361, 0.3625, 0.3645, 0.366, 0.3685, 0.3695, 0.3715, 0.3725, 0.3735, 0.3735, 0.3735, 0.3735, 0.3735, 0.3735, 0.3735, 0.3735, 0.3735, 0.3735, 0.3735, 0.3735, 0.3735, 0.3735, 0.3735, 0.3735, 0.3735, 0.3735, 0.3735, 0.3735, 0.3735, 0.3735, 0.3735, 0.3735, 0.3735, 0.3735, 0.3735, 0.3735, 0.3735, 0.3735, 0.3735, 0.3735, 0.3735, 0.3735, 0.3735, 0.3735, 0.3735, 0.3735, 0.3735, 0.3735, 0.3735, 0.3735, 0.3735, 0.3735, 0.3735, 0.3735, 0.3735, 0.3735, 0.3735, 0.3735]","{""0"": 0.7701, ""1"": 0.7004, ""2"": 0.1822, ""3"": 0.0121, ""4"": 0.0041, ""5"": 0.5193, ""6"": 0.2672, ""7"": 0.5184}","[0.4444, 0.7778, 0.8, 0.0, 0.0, 0.0, 0.75, 0.8571, 0.8333, 0.8889, 0.8, 0.0, 0.0, 0.0, 0.0, 1.0, 0.2, 0.875, 1.0, 0.0, 0.0, 0.0, 0.0, 0.0, 0.0, 1.0, 0.875, 0.0, 0.0, 0.0, 0.0, 0.0, 0.0, 0.75, 0.8571, 0.0, 0.0, 0.0, 0.0, 0.0, 0.2, 1.0, 0.875, 0.0, 0.0, 0.0, 0.0, 0.0, 0.0, 1.0, 1.0, 0.5556, 0.0, 0.0, 0.0, 0.0, 0.0, 0.75, 0.7778, 1.0, 0.0, 0.0, 0.0, 0.0, 0.0, 0.8667, 1.0, 1.0, 0.0, 0.0, 0.0, 0.0, 0.625, 0.8571, 1.0, 1.0, 0.0, 0.0, 0.0, 0.0, 1.0, 0.8571, 0.875, 0.7143, 0.0, 0.0, 0.0, 0.0, 0.6667, 0.8571, 0.625, 1.0, 0.0769, 0.0, 0.7778, 0.0, 1.0, 1.0, 0.8, 1.0, 0.0909, 0.0, 1.0, 0.0, 0.8571, 0.7857, 0.875, 0.0, 0.0, 0.1111, 1.0, 0.0, 1.0, 0.8889, 0.875, 0.0, 0.0, 0.0, 1.0, 0.0, 0.9091, 0.9, 1.0, 0.125, 0.0, 0.0, 0.8571, 0.0, 0.8889, 1.0, 0.8889, 0.0, 0.0, 0.0, 1.0, 0.0, 0.0, 1.0, 0.8333, 0.0, 0.0, 0.0, 0.875, 0.0, 0.0, 1.0, 0.9, 0.0, 0.0, 0.0, 0.8571, 0.0, 0.0, 0.625, 1.0, 0.0, 0.0, 0.0, 0.1, 0.0, 0.0, 1.0, 0.8571, 0.0, 0.1111, 0.0, 0.0, 0.0, 0.0, 1.0, 0.8571, 0.0, 0.0, 0.0, 0.75, 0.0, 0.1667, 0.75, 0.0, 0.0, 0.0, 0.0, 0.8333, 0.0, 0.8571, 0.3333, 0.0, 0.0, 0.0, 0.0, 0.8333, 0.1429, 1.0, 0.0, 0.0, 0.0, 0.0, 0.0, 0.9091, 0.6667, 1.0, 0.0, 0.0, 0.0, 0.0, 0.0, 0.6, 0.8571, 0.9091, 0.0833, 0.0, 0.0, 0.0, 0.0, 0.8333, 0.7778, 0.6364, 0.0833, 0.0, 0.0, 0.0, 0.0, 0.8, 1.0, 0.7, 1.0, 0.8333, 0.0, 0.0, 0.0, 1.0, 1.0, 0.8889, 0.9091, 1.0, 0.0, 0.0, 0.0, 0.875, 0.6364, 1.0, 0.8333, 0.8, 0.0, 0.0, 0.0, 1.0, 1.0, 1.0, 1.0]"
cluster,0.05,0,cluster,0.495,0.495,0.495,0.0,38,True,990,0,261,749,0,"[0.05, 0.08, 0.11, 0.1415, 0.168, 0.1935, 0.224, 0.2515, 0.2755, 0.297, 0.3125, 0.3275, 0.3415, 0.3565, 0.3665, 0.3735, 0.379, 0.3885, 0.3995, 0.4085, 0.4145, 0.4205, 0.4295, 0.4375, 0.4495, 0.461, 0.466, 0.4685, 0.4715, 0.4765, 0.48, 0.484, 0.487, 0.491, 0.4935, 0.494, 0.4945, 0.495, 0.495, 0.495, 0.495, 0.495, 0.495, 0.495, 0.495, 0.495, 0.495, 0.495, 0.495, 0.495, 0.495, 0.495, 0.495, 0.495, 0.495, 0.495, 0.495, 0.495, 0.495, 0.495, 0.495, 0.495, 0.495, 0.495, 0.495, 0.495, 0.495, 0.495, 0.495, 0.495, 0.495, 0.495, 0.495, 0.495, 0.495, 0.495, 0.495, 0.495, 0.495, 0.495, 0.495, 0.495, 0.495, 0.495, 0.495, 0.495, 0.495, 0.495, 0.495, 0.495, 0.495, 0.495, 0.495, 0.495, 0.495, 0.495, 0.495, 0.495, 0.495, 0.495, 0.495]","{""0"": 0.5569, ""1"": 0.4332, ""2"": 0.6129, ""3"": 0.0115, ""4"": 0.8612, ""5"": 0.6625, ""6"": 0.0039, ""7"": 0.8735}","[0.6667, 0.8571, 0.7143, 0.75, 0.0, 1.0, 1.0, 0.0, 0.8571, 0.7778, 0.75, 1.0, 0.0, 0.6667, 0.8333, 0.0, 0.625, 1.0, 1.0, 1.0, 0.0, 0.9, 0.9091, 0.0, 0.875, 0.7, 1.0, 0.7273, 0.0, 1.0, 1.0, 0.0, 0.6667, 1.0, 0.9, 1.0, 0.0, 0.8571, 0.6667, 0.0, 1.0, 1.0, 1.0, 1.0, 0.0, 0.7, 0.875, 0.0, 0.8333, 0.875, 0.7143, 0.7, 0.0, 0.8571, 1.0, 0.0, 0.8333, 0.6667, 0.8333, 1.0, 0.0, 0.8333, 0.9091, 0.0, 0.6, 1.0, 1.0, 0.7778, 0.0, 1.0, 0.8, 0.0, 1.0, 0.8333, 0.8571, 0.75, 0.0, 0.8889, 0.8, 0.0, 0.8889, 1.0, 1.0, 0.7143, 0.0, 0.8571, 1.0, 0.0, 0.8333, 0.7143, 0.7778, 1.0, 0.0, 0.8889, 1.0, 0.0, 1.0, 0.0, 0.0, 0.75, 0.0, 1.0, 1.0, 0.0, 0.7778, 0.0, 0.0, 0.5, 0.0, 0.8571, 0.9167, 0.0, 1.0, 0.0, 0.0, 0.8182, 0.0, 0.8182, 0.0, 0.0, 0.8333, 0.2, 0.0, 0.8571, 0.0, 0.8, 0.0, 0.0, 1.0, 1.0, 0.0, 0.9091, 0.0, 0.75, 0.0, 0.0, 0.6667, 1.0, 0.0, 1.0, 0.2857, 1.0, 0.0, 0.2, 0.7692, 0.875, 0.0, 1.0, 0.0, 0.8889, 0.0, 0.0, 1.0, 0.7273, 0.0, 1.0, 0.0, 0.875, 0.1667, 0.0, 0.9091, 1.0, 0.0, 0.0, 0.0, 0.875, 0.0, 0.0, 0.9091, 1.0, 0.0, 0.0, 0.0, 1.0, 0.1429, 0.0, 1.0, 0.75, 0.0, 0.0, 0.0, 1.0, 0.7273, 0.0, 1.0, 1.0, 0.0, 0.0, 0.0, 0.8889, 1.0, 0.0, 0.9091, 0.7143, 0.0, 0.0, 0.0, 0.75, 0.8333, 0.0, 0.8571, 0.0, 0.0, 0.0, 0.0, 0.8571, 0.75, 0.0, 0.9091, 0.1429, 0.0, 0.0, 0.0, 0.7143, 0.8571, 0.0, 0.8889, 0.0, 0.7143, 0.0, 0.0833, 1.0, 1.0, 0.0, 1.0, 0.125, 0.8, 0.0, 0.0, 0.5, 0.7143, 0.0, 1.0, 0.0, 1.0, 1.0, 0.0, 0.7273, 1.0, 0.0, 0.7778, 0.0, 1.0, 1.0, 0.0, 0.8571, 0.875, 0.0, 1.0, 0.0]"
cluster,0.05,1,cluster,0.278,0.278,0.278,0.0,41,True,556,0,299,1145,0,"[0.05, 0.072, 0.098, 0.118, 0.1295, 0.1415, 0.153, 0.1635, 0.169, 0.175, 0.1825, 0.1865, 0.1915, 0.1975, 0.203, 0.209, 0.2125, 0.215, 0.219, 0.223, 0.2285, 0.233, 0.2355, 0.2405, 0.2445, 0.2495, 0.2545, 0.2565, 0.2595, 0.2605, 0.2615, 0.263, 0.265, 0.267, 0.2705, 0.273, 0.275, 0.2765, 0.277, 0.2775, 0.278, 0.278, 0.278, 0.278, 0.278, 0.278, 0.278, 0.278, 0.278, 0.278, 0.278, 0.278, 0.278, 0.278, 0.278, 0.278, 0.278, 0.278, 0.278, 0.278, 0.278, 0.278, 0.278, 0.278, 0.278, 0.278, 0.278, 0.278, 0.278, 0.278, 0.278, 0.278, 0.278, 0.278, 0.278, 0.278, 0.278, 0.278, 0.278, 0.278, 0.278, 0.278, 0.278, 0.278, 0.278, 0.278, 0.278, 0.278, 0.278, 0.278, 0.278, 0.278, 0.278, 0.278, 0.278, 0.278, 0.278, 0.278, 0.278, 0.278, 0.278]","{""0"": 0.0, ""1"": 0.8167, ""2"": 0.2803, ""3"": 0.4578, ""4"": 0.1042, ""5"": 0.0781, ""6"": 0.379, ""7"": 0.1215}","[0.5556, 0.0, 0.875, 1.0, 0.0, 0.0, 0.0, 0.0, 0.0, 0.0, 0.6667, 1.0, 0.1, 0.0, 0.0, 0.0769, 0.0, 0.0, 1.0, 1.0, 0.0, 0.0, 0.0, 0.0, 0.0, 0.0, 0.8, 0.9091, 0.0, 0.0, 0.0, 0.0, 0.0, 0.0, 1.0, 0.8889, 0.0, 0.0, 0.0, 0.0, 0.0, 0.0, 0.8333, 1.0, 0.0, 0.0, 0.0, 0.0, 0.0, 0.0, 1.0, 1.0, 0.0, 0.0, 0.0, 1.0, 0.0, 0.0, 0.8889, 0.75, 0.0, 0.1176, 0.0, 1.0, 0.0, 0.0, 1.0, 0.1111, 0.125, 0.0, 0.0, 0.8889, 0.1667, 0.0, 1.0, 0.0, 0.6, 0.0, 0.0, 1.0, 0.0, 0.0, 0.75, 0.0, 0.7692, 0.0, 0.0, 0.8889, 0.0, 0.0, 0.2222, 0.0, 0.9, 0.0, 0.0, 1.0, 0.8, 0.0, 0.0, 0.0, 1.0, 0.0, 0.0, 1.0, 1.0, 0.0, 0.1667, 0.0, 0.8571, 0.0, 1.0, 1.0, 0.75, 0.0, 0.8571, 0.0, 1.0, 0.0, 0.0, 0.9, 0.6, 0.0, 0.5714, 0.0, 1.0, 0.0, 0.2222, 0.6, 0.0, 0.0, 0.8889, 0.0, 1.0, 0.125, 0.0, 0.8571, 0.0, 0.0, 0.8889, 0.0, 1.0, 0.0, 0.0, 1.0, 0.0, 0.0, 1.0, 0.0, 0.2222, 0.125, 0.0, 0.8, 0.25, 0.0, 0.8333, 0.0, 0.0, 0.5, 0.0, 0.0, 0.0, 0.0, 0.8333, 0.0, 0.0, 0.5, 0.0, 0.0, 0.0, 0.0, 0.875, 0.0, 0.0, 0.875, 0.0, 0.0, 0.0, 0.0, 1.0, 0.0, 0.0, 1.0, 0.0, 0.0, 0.0, 0.0, 1.0, 0.0, 0.1667, 0.8333, 0.0, 0.0, 0.0, 0.0, 0.9, 0.0, 0.0, 0.0, 0.0, 0.0, 0.1429, 0.0, 0.8571, 0.0, 1.0, 0.0, 0.0, 0.0, 0.0, 0.0, 0.8333, 0.0, 1.0, 0.25, 1.0, 0.0, 0.0, 0.0, 0.75, 0.0, 1.0, 0.0, 0.6667, 0.1111, 0.0, 0.0, 1.0, 0.0, 0.8571, 0.0, 0.0, 0.0, 0.0, 0.0, 1.0, 0.0, 1.0, 0.0, 0.0, 0.0, 0.0, 0.0, 0.8571, 0.875, 0.8, 0.0, 0.0, 0.0, 0.0, 0.0]"
cluster,0.05,2,cluster,0.2905,0.2905,0.2905,0.0,24,True,581,0,323,1096,0,"[0.05, 0.073, 0.1025, 0.127, 0.143, 0.1635, 0.1805, 0.195, 0.213, 0.224, 0.232, 0.2405, 0.2515, 0.2605, 0.2675, 0.2705, 0.274, 0.2765, 0.278, 0.2795, 0.2825, 0.2845, 0.2895, 0.2905, 0.2905, 0.2905, 0.2905, 0.2905, 0.2905, 0.2905, 0.2905, 0.2905, 0.2905, 0.2905, 0.2905, 0.2905, 0.2905, 0.2905, 0.2905, 0.2905, 0.2905, 0.2905, 0.2905, 0.2905, 0.2905, 0.2905, 0.2905, 0.2905, 0.2905, 0.2905, 0.2905, 0.2905, 0.2905, 0.2905, 0.2905, 0.2905, 0.2905, 0.2905, 0.2905, 0.2905, 0.2905, 0.2905, 0.2905, 0.2905, 0.2905, 0.2905, 0.2905, 0.2905, 0.2905, 0.2905, 0.2905, 0.2905, 0.2905, 0.2905, 0.2905, 0.2905, 0.2905, 0.2905, 0.2905, 0.2905, 0.2905, 0.2905, 0.2905, 0.2905, 0.2905, 0.2905, 0.2905, 0.2905, 0.2905, 0.2905, 0.2905, 0.2905, 0.2905, 0.2905, 0.2905, 0.2905, 0.2905, 0.2905, 0.2905, 0.2905, 0.2905]","{""0"": 0.2481, ""1"": 0.0542, ""2"": 0.1418, ""3"": 0.344, ""4"": 0.6163, ""5"": 0.3436, ""6"": 0.5061, ""7"": 0.0644}","[0.1111, 0.0, 0.0, 0.0, 0.0, 0.7778, 0.0, 0.7778, 0.0, 0.0, 0.0, 0.0, 0.1111, 0.8, 0.0, 1.0, 0.0, 0.0, 0.0, 0.0, 0.8, 0.8571, 0.0, 1.0, 0.0, 0.875, 0.0, 0.0, 0.8, 0.8, 0.0, 0.5455, 0.0, 0.8333, 0.0, 0.0, 0.7778, 1.0, 0.0, 1.0, 0.0, 0.875, 0.2, 0.0, 1.0, 0.5, 0.0, 1.0, 0.0, 0.8889, 0.0, 0.0, 0.8, 1.0, 0.0, 0.7692, 0.0, 0.7778, 0.125, 0.0, 1.0, 0.7778, 0.0, 1.0, 0.0, 0.8571, 0.2222, 0.0, 1.0, 0.8571, 0.0, 1.0, 0.0, 0.8, 0.0, 0.0, 0.75, 0.8182, 0.0, 0.8571, 0.0, 1.0, 0.1429, 0.0, 0.9091, 0.7273, 0.25, 0.8571, 0.0, 0.75, 0.0, 0.0, 0.8571, 0.8571, 0.8889, 0.2222, 0.0, 0.375, 0.0, 0.125, 1.0, 0.8, 1.0, 0.0, 0.0, 0.0, 0.0, 0.0909, 0.1, 1.0, 1.0, 0.0, 0.0, 0.0769, 1.0, 0.4, 0.0, 1.0, 0.8182, 0.0, 0.0, 0.0, 0.2, 0.8889, 0.4, 0.2, 0.6667, 0.0, 0.0, 0.0833, 0.0, 0.6667, 0.3333, 0.0, 0.7273, 0.0, 0.0, 0.0, 0.0, 1.0, 0.1, 0.0, 1.0, 0.0, 0.0, 0.0, 0.0, 0.8, 0.0, 0.0833, 1.0, 0.0, 0.0, 0.0, 0.0, 0.8333, 0.0, 0.6, 1.0, 0.0, 0.5, 0.0, 0.1667, 0.0, 0.0, 0.0, 1.0, 0.0, 1.0, 0.0, 0.0, 0.0, 0.0, 0.0, 0.7778, 0.0, 0.3333, 0.0, 0.0, 0.0, 0.0, 0.0, 0.8, 0.0, 0.0, 0.0, 0.0, 0.0, 0.0, 0.0, 0.0, 0.0, 0.0, 0.0, 0.0, 0.0, 0.0, 0.125, 0.0, 0.1, 0.0, 0.0, 0.0, 0.0, 0.0, 0.8889, 0.0, 0.8571, 0.0, 0.0, 0.0, 0.0, 0.0, 1.0, 0.0, 1.0, 0.0, 0.0, 0.0, 0.0, 0.0, 1.0, 0.0, 1.0, 0.0, 0.0, 0.0, 0.0, 0.0, 1.0, 0.0, 1.0, 0.0, 0.0, 0.0, 0.0, 0.0, 1.0, 0.0, 1.0, 0.0, 0.0, 0.0, 0.0, 0.0, 1.0, 0.0, 1.0, 0.0, 0.0]"
cluster,0.05,3,cluster,0.5955,0.5955,0.5955,-0.0,60,True,1191,0,284,525,0,"[0.05, 0.073, 0.1045, 0.1335, 0.161, 0.187, 0.2115, 0.223, 0.2385, 0.26, 0.283, 0.3, 0.312, 0.3195, 0.328, 0.3375, 0.347, 0.3565, 0.363, 0.3705, 0.378, 0.383, 0.3885, 0.3935, 0.398, 0.403, 0.408, 0.4145, 0.424, 0.4295, 0.4335, 0.438, 0.4415, 0.4465, 0.451, 0.4525, 0.455, 0.4585, 0.462, 0.4665, 0.471, 0.4745, 0.477, 0.481, 0.486, 0.4915, 0.496, 0.4995, 0.507, 0.5175, 0.527, 0.536, 0.5475, 0.5595, 0.574, 0.584, 0.59, 0.593, 0.595, 0.5955, 0.5955, 0.5955, 0.5955, 0.5955, 0.5955, 0.5955, 0.5955, 0.5955, 0.5955, 0.5955, 0.5955, 0.5955, 0.5955, 0.5955, 0.5955, 0.5955, 0.5955, 0.5955, 0.5955, 0.5955, 0.5955, 0.5955, 0.5955, 0.5955, 0.5955, 0.5955, 0.5955, 0.5955, 0.5955, 0.5955, 0.5955, 0.5955, 0.5955, 0.5955, 0.5955, 0.5955, 0.5955, 0.5955, 0.5955, 0.5955, 0.5955]","{""0"": 0.8684, ""1"": 0.0167, ""2"": 0.5755, ""3"": 0.2463, ""4"": 0.8857, ""5"": 0.8528, ""6"": 0.8708, ""7"": 0.4735}","[1.0, 1.0, 0.0, 0.8889, 0.0, 0.875, 1.0, 0.6667, 0.0, 0.7143, 0.0, 1.0, 0.3333, 0.5714, 1.0, 0.75, 0.0, 1.0, 0.0, 0.125, 0.75, 1.0, 0.6667, 1.0, 0.0, 0.7143, 0.0, 0.0, 0.9, 0.7692, 1.0, 1.0, 0.0, 1.0, 0.0, 0.0, 1.0, 1.0, 1.0, 1.0, 0.0, 0.9231, 0.0, 0.0, 0.7143, 1.0, 1.0, 0.9, 0.0, 0.875, 0.0, 0.0, 1.0, 0.625, 0.9, 0.7273, 0.8571, 0.8889, 0.0, 0.0, 1.0, 1.0, 1.0, 0.8, 1.0, 0.8, 0.0, 0.125, 0.7143, 1.0, 0.7, 1.0, 0.9167, 0.7857, 0.0, 0.0, 0.7, 1.0, 0.8, 0.875, 0.8571, 0.8, 0.125, 0.0, 0.0, 1.0, 0.8571, 1.0, 0.8333, 0.7143, 0.0, 0.0, 0.1111, 0.8, 0.6667, 1.0, 0.9, 0.8182, 0.0, 0.0, 0.0, 0.8571, 0.8889, 1.0, 0.8, 0.8, 0.0, 0.75, 0.0, 1.0, 1.0, 1.0, 1.0, 0.8333, 0.0, 0.8333, 0.0, 1.0, 1.0, 1.0, 0.8571, 0.875, 0.0, 0.8333, 0.0, 1.0, 0.7143, 1.0, 1.0, 1.0, 0.0, 1.0, 0.0, 0.8889, 0.5714, 0.9, 0.8889, 1.0, 0.0, 1.0, 0.0, 1.0, 0.875, 0.7143, 1.0, 0.875, 0.0, 1.0, 0.0, 0.875, 1.0, 0.4, 0.75, 0.8333, 0.0, 0.8, 0.0, 0.75, 0.5, 1.0, 0.8889, 0.8, 0.1111, 0.875, 0.0, 0.75, 0.8571, 0.6364, 1.0, 0.8889, 0.1429, 0.875, 0.0, 0.875, 0.8889, 1.0, 1.0, 0.9167, 0.0, 0.8, 0.0, 1.0, 0.8889, 0.5714, 0.1818, 0.8, 0.0, 0.9091, 0.0, 1.0, 1.0, 0.8571, 0.0, 0.8889, 0.0, 0.7778, 0.0, 0.8889, 0.7273, 0.9167, 0.0, 1.0, 0.0, 0.8, 0.0, 0.6667, 0.75, 1.0, 0.0, 1.0, 0.0, 1.0, 0.1538, 0.8333, 0.9167, 0.75, 0.0, 1.0, 0.0, 1.0, 0.6667, 0.8889, 0.625, 0.8, 0.0, 0.8571, 0.0, 0.875, 0.0833, 0.875, 0.875, 1.0, 0.0, 1.0, 0.0, 0.75, 0.0, 0.8571, 0.875, 0.8889, 0.0, 0.7778, 0.0, 0.7143, 0.0, 1.0, 0.6667, 0.9, 0.0, 0.6667]"
cluster,0.05,4,cluster,0.4375,0.4375,0.4375,0.0,31,True,875,0,259,866,0,"[0.05, 0.071, 0.0945, 0.12, 0.1485, 0.1685, 0.186, 0.201, 0.2125, 0.224, 0.2425, 0.2555, 0.2695, 0.2855, 0.3065, 0.324, 0.3365, 0.352, 0.3715, 0.387, 0.395, 0.403, 0.4115, 0.415, 0.419, 0.422, 0.424, 0.4265, 0.43, 0.434, 0.4375, 0.4375, 0.4375, 0.4375, 0.4375, 0.4375, 0.4375, 0.4375, 0.4375, 0.4375, 0.4375, 0.4375, 0.4375, 0.4375, 0.4375, 0.4375, 0.4375, 0.4375, 0.4375, 0.4375, 0.4375, 0.4375, 0.4375, 0.4375, 0.4375, 0.4375, 0.4375, 0.4375, 0.4375, 0.4375, 0.4375, 0.4375, 0.4375, 0.4375, 0.4375, 0.4375, 0.4375, 0.4375, 0.4375, 0.4375, 0.4375, 0.4375, 0.4375, 0.4375, 0.4375, 0.4375, 0.4375, 0.4375, 0.4375, 0.4375, 0.4375, 0.4375, 0.4375, 0.4375, 0.4375, 0.4375, 0.4375, 0.4375, 0.4375, 0.4375, 0.4375, 0.4375, 0.4375, 0.4375, 0.4375, 0.4375, 0.4375, 0.4375, 0.4375, 0.4375, 0.4375]","{""0"": 0.652, ""1"": 0.6109, ""2"": 0.0082, ""3"": 0.9004, ""4"": 0.8845, ""5"": 0.1077, ""6"": 0.0, ""7"": 0.2574}","[0.5556, 0.5833, 0.6667, 0.0, 1.0, 0.875, 0.0, 0.0, 0.0, 1.0, 0.8333, 0.1818, 0.8333, 1.0, 0.0, 0.0, 0.0, 0.7, 1.0, 0.0, 1.0, 0.875, 0.0, 0.0, 0.0, 1.0, 1.0, 0.0, 1.0, 1.0, 0.0, 0.0, 0.0, 1.0, 1.0, 0.0, 1.0, 0.8182, 0.0, 0.0, 0.0, 1.0, 0.1667, 0.0, 0.75, 0.8571, 0.0, 0.0, 0.0, 0.8571, 0.5, 0.0, 0.8333, 0.9091, 0.0, 0.0, 0.1, 0.0769, 0.1667, 0.0, 0.8333, 0.8571, 0.3333, 0.0, 0.0, 0.0, 0.1, 0.0, 1.0, 0.9, 1.0, 0.0, 0.0, 0.0, 0.0, 0.0, 0.8889, 0.8571, 0.9, 0.0, 0.0, 0.0, 0.1429, 0.0, 1.0, 0.6, 0.8571, 0.0, 0.0, 0.1667, 0.0, 0.0, 0.75, 0.9091, 0.0, 0.0, 0.0, 0.0, 0.0, 0.0, 0.75, 1.0, 0.0, 0.0, 0.0, 0.0, 0.0, 0.0, 1.0, 1.0, 0.0, 0.0, 0.0, 1.0, 0.0, 0.0, 1.0, 0.8333, 0.0, 0.0, 0.0, 0.8, 0.0909, 0.0, 0.75, 1.0, 0.0, 0.0, 0.0, 0.75, 0.0, 0.0, 0.75, 1.0, 0.0, 0.0, 0.0, 1.0, 0.5, 0.0, 1.0, 0.7143, 0.0, 0.0, 0.0, 0.8182, 0.7778, 0.0, 1.0, 0.8889, 0.2222, 0.0, 0.0, 0.875, 0.9, 0.0, 1.0, 0.75, 0.0, 0.0, 0.4, 0.6667, 1.0, 0.0, 0.75, 1.0, 0.0, 0.0, 0.8, 0.625, 0.9375, 0.0, 1.0, 0.9, 0.0, 0.0, 1.0, 0.7273, 0.8182, 0.0, 1.0, 0.9, 0.0, 0.0, 0.8, 1.0, 0.6667, 0.0, 0.7778, 0.8571, 0.0, 0.0, 0.875, 1.0, 0.75, 0.0, 0.7, 0.8182, 0.0, 0.0, 1.0, 0.8333, 1.0, 0.0, 1.0, 1.0, 0.0, 0.0, 0.875, 0.75, 1.0, 0.0, 0.9091, 0.7778, 0.0, 0.0, 0.8571, 0.7143, 0.75, 0.0, 1.0, 0.7692, 0.0, 0.0, 1.0, 0.8, 1.0, 0.0, 1.0, 1.0, 0.0, 0.0, 0.6667, 0.8, 1.0, 0.0, 0.9167, 1.0, 0.0, 0.0, 0.125, 1.0, 0.75, 0.0, 0.8, 0.8333, 0.0, 0.0, 0.0, 1.0]"
cluster,0.05,5,cluster,0.6885,0.6885,0.6885,-0.0,88,True,1377,0,266,357,0,"[0.05, 0.0745, 0.107, 0.1295, 0.153, 0.176, 0.1965, 0.2135, 0.2245, 0.24, 0.255, 0.27, 0.282, 0.2955, 0.306, 0.317, 0.33, 0.339, 0.35, 0.3635, 0.3745, 0.3815, 0.388, 0.3945, 0.4025, 0.4115, 0.4205, 0.431, 0.439, 0.4485, 0.4565, 0.462, 0.468, 0.478, 0.482, 0.4845, 0.486, 0.49, 0.498, 0.5135, 0.526, 0.532, 0.5385, 0.545, 0.5485, 0.553, 0.5595, 0.565, 0.573, 0.5805, 0.59, 0.595, 0.5975, 0.6005, 0.6025, 0.606, 0.607, 0.6085, 0.611, 0.6155, 0.621, 0.625, 0.6285, 0.634, 0.642, 0.6455, 0.647, 0.6505, 0.6525, 0.654, 0.656, 0.6575, 0.6605, 0.6635, 0.6675, 0.674, 0.675, 0.677, 0.6785, 0.6805, 0.681, 0.6825, 0.6835, 0.6845, 0.6855, 0.6865, 0.688, 0.6885, 0.6885, 0.6885, 0.6885, 0.6885, 0.6885, 0.6885, 0.6885, 0.6885, 0.6885, 0.6885, 0.6885, 0.6885, 0.6885]","{""0"": 0.7198, ""1"": 0.8631, ""2"": 0.3206, ""3"": 0.8988, ""4"": 0.8903, ""5"": 0.072, ""6"": 0.8735, ""7"": 0.8607}","[0.6667, 0.8889, 1.0, 0.4, 1.0, 0.875, 0.0, 0.8571, 0.7143, 0.8462, 1.0, 0.5714, 0.8462, 1.0, 0.0, 1.0, 1.0, 1.0, 1.0, 0.9, 0.9, 1.0, 0.0, 0.8333, 0.8, 1.0, 1.0, 0.7143, 0.8889, 0.8333, 0.0, 1.0, 1.0, 1.0, 0.9167, 1.0, 1.0, 1.0, 0.0, 1.0, 0.7143, 1.0, 0.8182, 1.0, 1.0, 1.0, 0.0, 1.0, 0.75, 0.6667, 1.0, 1.0, 0.875, 0.875, 0.0, 1.0, 1.0, 1.0, 1.0, 1.0, 1.0, 0.8571, 0.0, 1.0, 0.8333, 0.8333, 0.7778, 0.8, 1.0, 0.75, 0.0, 0.6, 0.7143, 1.0, 1.0, 0.8462, 0.9, 1.0, 0.0, 1.0, 0.9231, 1.0, 1.0, 0.8, 0.8571, 0.8, 0.0, 0.8182, 1.0, 0.875, 0.7778, 0.1, 1.0, 1.0, 0.0, 0.7143, 1.0, 1.0, 1.0, 0.0, 0.9, 0.9091, 0.0, 0.7778, 0.625, 1.0, 0.8571, 0.0, 0.7143, 0.8571, 0.0, 1.0, 1.0, 0.7, 0.7143, 0.0, 0.8571, 0.8571, 0.0, 1.0, 0.9091, 0.75, 1.0, 0.0, 0.8889, 1.0, 0.0, 0.8333, 0.8, 0.7143, 0.6667, 0.0, 1.0, 1.0, 0.2857, 0.8333, 1.0, 0.875, 0.9, 0.0769, 1.0, 1.0, 0.0833, 1.0, 1.0, 1.0, 0.8, 0.0, 0.8, 0.8571, 0.0, 1.0, 0.75, 1.0, 1.0, 0.0, 0.8889, 0.6364, 0.0, 1.0, 1.0, 1.0, 0.5, 0.0, 0.9, 0.75, 0.0, 0.5, 0.7778, 1.0, 0.8889, 0.0, 1.0, 1.0, 0.0, 0.8, 0.8889, 0.8571, 0.7333, 0.0, 0.8889, 0.8, 0.2, 0.9167, 1.0, 1.0, 1.0, 0.0, 0.8889, 0.75, 0.0, 0.625, 0.6667, 0.75, 0.9231, 0.0, 1.0, 0.875, 0.125, 0.8182, 0.8, 0.8333, 0.8571, 0.0, 0.75, 0.8, 0.875, 0.9167, 0.8182, 0.2, 0.8333, 0.0, 1.0, 1.0, 0.8333, 0.7778, 0.75, 0.0, 0.7143, 0.1111, 0.8, 0.8889, 0.0, 0.75, 1.0, 0.0, 0.4286, 0.1, 1.0, 1.0, 0.0, 1.0, 1.0, 0.0833, 0.8333, 1.0, 0.875, 0.9091, 0.0, 0.9091, 0.8333, 0.0, 1.0, 0.8571, 0.7143, 0.8889, 0.0, 0.8, 0.8333, 0.0]"
cluster,0.05,6,cluster,0.397,0.397,0.397,-0.0,38,True,794,0,291,915,0,"[0.05, 0.0725, 0.0905, 0.109, 0.123, 0.135, 0.1485, 0.1595, 0.169, 0.179, 0.189, 0.1985, 0.209, 0.2195, 0.229, 0.2425, 0.255, 0.2675, 0.278, 0.291, 0.3035, 0.3105, 0.3175, 0.3285, 0.3405, 0.355, 0.366, 0.3735, 0.3785, 0.382, 0.3845, 0.3865, 0.3875, 0.39, 0.3925, 0.3945, 0.3965, 0.397, 0.397, 0.397, 0.397, 0.397, 0.397, 0.397, 0.397, 0.397, 0.397, 0.397, 0.397, 0.397, 0.397, 0.397, 0.397, 0.397, 0.397, 0.397, 0.397, 0.397, 0.397, 0.397, 0.397, 0.397, 0.397, 0.397, 0.397, 0.397, 0.397, 0.397, 0.397, 0.397, 0.397, 0.397, 0.397, 0.397, 0.397, 0.397, 0.397, 0.397, 0.397, 0.397, 0.397, 0.397, 0.397, 0.397, 0.397, 0.397, 0.397, 0.397, 0.397, 0.397, 0.397, 0.397, 0.397, 0.397, 0.397, 0.397, 0.397, 0.397, 0.397, 0.397, 0.397]","{""0"": 0.0115, ""1"": 0.3097, ""2"": 0.609, ""3"": 0.0924, ""4"": 0.8704, ""5"": 0.1807, ""6"": 0.8305, ""7"": 0.2828}","[0.5556, 0.0, 0.0, 0.2, 0.0, 0.7778, 0.0, 0.4, 1.0, 0.0, 0.0, 0.0, 0.0, 0.8889, 0.0, 0.8571, 0.4286, 0.0, 0.0, 0.0, 0.0, 1.0, 0.0, 0.7143, 0.0, 0.0, 0.0, 0.0, 0.0, 1.0, 0.0, 0.6, 0.0, 0.0, 0.2222, 0.0, 0.25, 0.8571, 0.0, 0.875, 0.0, 0.0, 0.6667, 0.0, 0.1429, 1.0, 0.0, 1.0, 0.0, 0.0, 0.6667, 0.375, 0.0, 0.75, 0.0, 0.75, 0.0, 0.0, 0.0, 0.0, 0.0, 0.75, 0.0, 0.6667, 0.0, 0.0, 0.0, 0.0, 0.0, 1.0, 0.0, 1.0, 0.0, 0.0, 0.0, 0.0, 0.0, 0.8333, 0.5, 0.8333, 0.0, 0.0, 0.6, 0.7143, 0.0, 0.75, 1.0, 0.5714, 0.0, 0.0, 0.7, 0.9167, 0.0, 1.0, 1.0, 0.875, 0.0, 0.0, 0.8, 0.9167, 0.0, 0.7778, 0.6667, 0.8571, 0.0, 0.0, 1.0, 0.6667, 0.0, 0.8571, 0.6667, 1.0, 0.0, 0.2727, 1.0, 0.8571, 0.0, 0.5833, 0.6667, 1.0, 0.0, 0.0, 1.0, 1.0, 0.0, 1.0, 1.0, 0.75, 0.0, 0.0, 0.75, 1.0, 0.0, 0.9167, 0.1667, 0.6, 0.0, 0.0, 1.0, 1.0, 0.0, 1.0, 0.0833, 0.7778, 0.0, 0.0, 0.5714, 0.7778, 0.8333, 0.7143, 0.0, 0.9091, 0.0, 0.0, 0.8571, 0.8889, 1.0, 0.8571, 0.0, 1.0, 0.0, 0.0, 0.0, 0.7273, 0.875, 0.8889, 0.0, 1.0, 0.0, 0.0, 0.0, 1.0, 0.0, 0.8182, 0.0, 0.8, 0.0, 0.0, 0.0, 1.0, 0.0, 0.8, 0.0, 1.0, 0.8, 0.0, 0.0, 0.75, 0.0, 0.9231, 0.0, 1.0, 1.0, 0.0, 0.0, 0.8571, 0.0, 0.8182, 0.0, 0.875, 0.7143, 0.0, 0.0, 0.9167, 0.0, 1.0, 0.0, 0.9, 1.0, 0.0, 0.0, 0.9091, 0.0, 0.9, 0.0, 0.75, 1.0, 0.0, 0.0, 1.0, 0.25, 1.0, 0.0, 0.8333, 0.8, 0.0, 0.0, 1.0, 0.0, 1.0, 0.0, 0.5714, 0.8333, 0.0, 0.0, 0.625, 0.0, 1.0, 0.0, 0.8, 0.75, 0.0, 0.0, 0.2, 0.0, 0.5, 0.0, 0.8889, 0.6, 0.0]"
cluster,0.05,7,cluster,0.6675,0.6675,0.6592,0.0083,100,False,1335,0,248,417,0,"[0.05, 0.0725, 0.103, 0.133, 0.158, 0.18, 0.206, 0.229, 0.251, 0.2675, 0.282, 0.299, 0.3155, 0.331, 0.343, 0.351, 0.3575, 0.3625, 0.3715, 0.379, 0.3835, 0.391, 0.4005, 0.406, 0.4105, 0.4145, 0.418, 0.421, 0.4245, 0.427, 0.43, 0.4315, 0.433, 0.437, 0.4425, 0.4465, 0.4515, 0.459, 0.4675, 0.4715, 0.4765, 0.4835, 0.49, 0.496, 0.4995, 0.5045, 0.512, 0.5185, 0.526, 0.5295, 0.534, 0.5375, 0.5405, 0.545, 0.55, 0.559, 0.5635, 0.5675, 0.5725, 0.5765, 0.5785, 0.579, 0.581, 0.5825, 0.5845, 0.5885, 0.5905, 0.592, 0.5945, 0.597, 0.5995, 0.602, 0.6025, 0.603, 0.6055, 0.6075, 0.6105, 0.6135, 0.6145, 0.615, 0.6165, 0.618, 0.6195, 0.6225, 0.6245, 0.6285, 0.6345, 0.64, 0.642, 0.6445, 0.6475, 0.6515, 0.6545, 0.655, 0.656, 0.6565, 0.6575, 0.6605, 0.666, 0.667, 0.6675]","{""0"": 0.628, ""1"": 0.9043, ""2"": 0.4466, ""3"": 0.9052, ""4"": 0.4818, ""5"": 0.2008, ""6"": 0.879, ""7"": 0.9203}","[0.6667, 0.6667, 1.0, 0.0, 1.0, 0.0, 0.0, 0.6667, 1.0, 0.8889, 0.8571, 0.0, 1.0, 0.0, 0.0, 1.0, 0.9286, 1.0, 1.0, 0.0, 1.0, 0.0, 0.0, 1.0, 0.9091, 0.7143, 0.875, 0.0, 0.8, 0.0, 0.0, 0.8889, 1.0, 0.3333, 0.8889, 0.0, 0.7143, 0.0, 0.0, 0.875, 0.8571, 0.25, 0.8889, 0.0, 1.0, 0.0, 0.0, 0.875, 1.0, 0.125, 0.8571, 0.0909, 0.9091, 0.625, 0.8889, 0.9, 0.9231, 0.0, 1.0, 1.0, 0.6667, 0.4, 0.8889, 0.9091, 0.8, 0.0, 1.0, 0.0, 1.0, 0.7143, 1.0, 0.8889, 0.8571, 0.1111, 1.0, 0.0, 1.0, 1.0, 0.5, 0.875, 1.0, 0.0, 0.8571, 0.1, 1.0, 0.8333, 1.0, 0.8182, 1.0, 0.0, 1.0, 0.0, 1.0, 0.875, 0.8333, 1.0, 0.8571, 0.0, 1.0, 0.125, 0.75, 0.7143, 0.2, 0.8333, 1.0, 0.125, 0.8, 0.2308, 1.0, 0.875, 0.1429, 0.8889, 1.0, 1.0, 0.8571, 0.5, 0.75, 0.875, 0.0, 1.0, 0.8182, 0.8571, 0.7778, 0.9091, 1.0, 0.6667, 0.0, 0.9, 1.0, 1.0, 0.75, 1.0, 0.8333, 0.8, 0.0, 0.4, 0.9, 1.0, 1.0, 1.0, 0.8889, 0.8571, 0.0, 0.9375, 0.75, 0.7778, 0.7, 0.8, 0.9091, 0.6, 0.0714, 1.0, 1.0, 1.0, 1.0, 1.0, 1.0, 1.0, 0.0, 0.6667, 0.9, 1.0, 1.0, 0.6667, 0.8571, 1.0, 0.0, 0.7143, 0.9, 0.9091, 0.5714, 1.0, 0.8571, 0.8889, 0.0, 1.0, 0.75, 0.7778, 1.0, 1.0, 0.75, 0.8889, 0.0, 1.0, 1.0, 0.7778, 0.875, 0.7778, 0.8571, 0.875, 0.0, 0.75, 0.8333, 0.8182, 0.6667, 1.0, 0.8889, 0.8571, 0.0, 1.0, 1.0, 0.75, 1.0, 0.9, 0.7778, 0.0, 0.0, 0.8182, 1.0, 0.7778, 1.0, 1.0, 1.0, 0.0, 0.0, 1.0, 1.0, 0.7143, 1.0, 0.6, 1.0, 0.0, 0.0, 0.8, 1.0, 0.9091, 1.0, 0.2, 0.7692, 0.0, 0.0, 0.8571, 0.8333, 1.0, 1.0, 0.0, 1.0, 0.0, 0.0, 0.9, 0.875, 0.875, 0.8571, 0.0, 1.0, 0.0, 0.0, 1.0, 0.8571, 0.8]"
cluster,0.05,8,cluster,0.324,0.324,0.324,0.0,36,True,648,0,271,1081,0,"[0.05, 0.0715, 0.0975, 0.119, 0.132, 0.145, 0.1585, 0.177, 0.1975, 0.219, 0.232, 0.2425, 0.249, 0.255, 0.2615, 0.2655, 0.2705, 0.2735, 0.277, 0.279, 0.2805, 0.281, 0.282, 0.2835, 0.2855, 0.2865, 0.287, 0.288, 0.2905, 0.2945, 0.2995, 0.307, 0.3135, 0.322, 0.3235, 0.324, 0.324, 0.324, 0.324, 0.324, 0.324, 0.324, 0.324, 0.324, 0.324, 0.324, 0.324, 0.324, 0.324, 0.324, 0.324, 0.324, 0.324, 0.324, 0.324, 0.324, 0.324, 0.324, 0.324, 0.324, 0.324, 0.324, 0.324, 0.324, 0.324, 0.324, 0.324, 0.324, 0.324, 0.324, 0.324, 0.324, 0.324, 0.324, 0.324, 0.324, 0.324, 0.324, 0.324, 0.324, 0.324, 0.324, 0.324, 0.324, 0.324, 0.324, 0.324, 0.324, 0.324, 0.324, 0.324, 0.324, 0.324, 0.324, 0.324, 0.324, 0.324, 0.324, 0.324, 0.324, 0.324]","{""0"": 0.5915, ""1"": 0.0936, ""2"": 0.5339, ""3"": 0.1406, ""4"": 0.124, ""5"": 0.2667, ""6"": 0.0237, ""7"": 0.9038}","[0.2222, 0.0, 0.0769, 0.9, 0.0, 1.0, 0.8, 0.2222, 1.0, 1.0, 0.0, 1.0, 0.75, 0.375, 0.8333, 0.0, 1.0, 1.0, 0.0, 0.8182, 0.7273, 1.0, 0.9286, 0.25, 0.8333, 1.0, 0.0, 1.0, 0.75, 0.5, 0.8889, 0.0, 1.0, 1.0, 0.0, 1.0, 0.9, 0.0, 1.0, 0.0, 0.8, 1.0, 0.0, 0.8, 0.5714, 0.125, 1.0, 0.0, 0.8889, 1.0, 0.0, 0.8889, 0.0, 0.0, 0.8, 0.0, 0.7143, 0.875, 0.1667, 1.0, 0.0, 0.0, 1.0, 0.0, 0.9, 0.75, 0.0, 0.875, 0.0, 0.0, 0.0, 0.0, 1.0, 0.875, 0.0, 0.8571, 0.0, 0.0, 0.0, 0.0, 0.8, 1.0, 0.0, 0.625, 0.0, 0.0, 0.0, 0.0, 1.0, 0.875, 0.0, 0.0, 0.0, 0.0, 0.0, 0.0, 1.0, 1.0, 0.0, 0.0, 0.0, 0.2, 0.0, 0.0, 0.75, 1.0, 0.0, 0.2, 0.0, 0.1429, 0.1, 0.0, 1.0, 0.75, 0.0, 0.0, 0.0, 0.0, 0.0, 0.0, 1.0, 0.7143, 0.0, 0.0, 0.0, 0.0, 0.0, 0.0, 1.0, 1.0, 0.0, 0.0, 0.0, 0.0, 0.0, 0.0, 0.8571, 1.0, 0.0, 0.0, 0.0, 0.0, 0.125, 0.0, 0.8889, 0.8333, 0.0, 0.0, 0.0, 0.0, 0.0, 0.0, 0.8333, 1.0, 0.0, 0.0, 0.1667, 1.0, 0.0, 0.0, 0.875, 0.0, 0.0, 0.0, 0.0, 0.0, 0.0, 0.0, 0.8571, 0.0, 0.0833, 0.0, 0.0, 0.0, 0.1, 0.0, 1.0, 0.0, 0.1429, 0.0, 0.1111, 0.0, 0.0, 0.0, 1.0, 0.0, 0.0, 0.0, 0.1667, 0.0, 0.0, 0.0, 0.8571, 0.0, 0.0, 0.1667, 0.0, 0.0, 0.0, 0.0, 1.0, 0.0, 0.0, 0.75, 0.0, 0.0, 0.0, 0.0, 1.0, 0.0, 0.0, 1.0, 0.0, 0.0, 0.0, 0.0, 0.7778, 0.25, 1.0, 1.0, 0.0, 0.0, 0.0, 0.0, 0.8571, 0.0, 1.0, 0.8571, 0.0, 0.0769, 0.0, 0.0, 0.875, 0.0, 1.0, 1.0, 0.0, 0.0, 0.0, 0.0, 0.9, 0.0, 0.1667, 0.7778, 0.0, 0.0, 0.1667, 0.2222, 1.0, 0.0]"
cluster,0.05,9,cluster,0.5255,0.5255,0.5255,0.0,40,True,1051,0,291,658,0,"[0.05, 0.073, 0.0995, 0.1235, 0.145, 0.166, 0.1875, 0.2045, 0.2215, 0.2445, 0.2665, 0.288, 0.316, 0.3505, 0.375, 0.394, 0.4055, 0.4135, 0.424, 0.439, 0.4495, 0.456, 0.4635, 0.4735, 0.4785, 0.483, 0.486, 0.4865, 0.487, 0.4885, 0.492, 0.496, 0.4985, 0.5035, 0.5095, 0.5165, 0.522, 0.5235, 0.525, 0.5255, 0.5255, 0.5255, 0.5255, 0.5255, 0.5255, 0.5255, 0.5255, 0.5255, 0.5255, 0.5255, 0.5255, 0.5255, 0.5255, 0.5255, 0.5255, 0.5255, 0.5255, 0.5255, 0.5255, 0.5255, 0.5255, 0.5255, 0.5255, 0.5255, 0.5255, 0.5255, 0.5255, 0.5255, 0.5255, 0.5255, 0.5255, 0.5255, 0.5255, 0.5255, 0.5255, 0.5255, 0.5255, 0.5255, 0.5255, 0.5255, 0.5255, 0.5255, 0.5255, 0.5255, 0.5255, 0.5255, 0.5255, 0.5255, 0.5255, 0.5255, 0.5255, 0.5255, 0.5255, 0.5255, 0.5255, 0.5255, 0.5255, 0.5255, 0.5255, 0.5255, 0.5255]","{""0"": 0.617, ""1"": 0.6264, ""2"": 0.2463, ""3"": 0.708, ""4"": 0.8443, ""5"": 0.8686, ""6"": 0.0155, ""7"": 0.3333}","[0.7778, 0.0, 0.7143, 0.0, 0.9091, 0.9091, 0.8333, 0.0, 1.0, 0.5714, 0.7, 0.0, 1.0, 0.5714, 0.4286, 0.0, 0.8889, 0.0, 0.8, 0.0, 0.8889, 1.0, 1.0, 0.0, 1.0, 0.0, 0.5714, 0.875, 0.875, 1.0, 0.875, 0.125, 1.0, 0.0, 0.875, 0.8333, 0.7143, 1.0, 0.9, 0.0, 1.0, 1.0, 1.0, 0.8, 0.75, 0.6667, 1.0, 0.0, 0.6667, 1.0, 0.6667, 0.7, 1.0, 1.0, 0.8333, 0.0, 1.0, 0.75, 1.0, 0.8, 0.8571, 0.8571, 1.0, 0.0, 1.0, 0.8571, 0.8889, 1.0, 0.7143, 0.6667, 1.0, 0.0, 0.75, 1.0, 0.625, 0.0, 1.0, 1.0, 0.8, 0.0, 0.0, 0.8333, 1.0, 0.0, 1.0, 0.8333, 0.8, 0.0, 0.0, 1.0, 0.7, 0.7778, 0.6, 1.0, 0.875, 0.0, 0.0, 0.8, 1.0, 1.0, 0.6364, 0.7778, 1.0, 0.0, 0.0, 1.0, 1.0, 0.1429, 0.2857, 1.0, 0.8571, 0.0, 0.0, 0.7778, 0.7143, 0.0, 0.0, 0.875, 0.8333, 0.0, 0.0, 1.0, 0.0, 0.4, 0.0, 0.875, 0.75, 0.0, 0.0, 0.9, 0.0, 0.1111, 0.0, 1.0, 0.8, 0.0, 0.0, 0.8889, 0.0, 0.1, 0.1667, 0.8182, 0.875, 0.0, 0.0, 1.0, 0.2, 0.125, 0.2, 0.6, 0.8333, 0.0, 0.0, 0.9, 0.0, 0.0, 0.5, 0.75, 0.7778, 0.0, 0.0, 0.8889, 0.0, 0.0, 0.8, 0.6667, 0.7143, 0.1667, 0.0, 0.6667, 0.0, 0.0, 0.6364, 0.8571, 0.7143, 0.0, 0.0, 0.7143, 0.0, 0.0, 1.0, 0.6667, 0.8, 0.0, 0.0, 0.875, 0.9, 0.0, 0.75, 0.6, 0.8462, 0.0, 0.0, 1.0, 0.8571, 0.0, 0.8571, 0.7692, 1.0, 0.0, 0.0, 1.0, 0.9167, 0.0, 0.8571, 0.75, 1.0, 0.125, 0.2, 1.0, 0.8333, 0.0, 1.0, 0.8571, 0.8, 0.0, 0.0, 0.0, 0.9286, 0.0909, 0.8889, 0.9, 1.0, 0.0, 0.0, 0.0, 0.625, 0.0667, 1.0, 1.0, 1.0, 0.0, 0.0769, 0.0, 0.7, 0.0, 0.9, 0.8571, 0.8889, 0.0, 0.5, 0.1429, 0.8, 0.0, 0.7692, 0.6667, 1.0, 0.0, 1.0, 0.0]"
cluster,0.05,10,cluster,0.5835,0.5835,0.5835,0.0,46,True,1167,0,298,535,0,"[0.05, 0.073, 0.0935, 0.116, 0.137, 0.1545, 0.173, 0.1925, 0.2165, 0.2425, 0.2555, 0.2715, 0.287, 0.305, 0.322, 0.342, 0.364, 0.3885, 0.414, 0.4305, 0.4425, 0.4555, 0.469, 0.4795, 0.488, 0.4975, 0.5055, 0.5125, 0.5175, 0.5275, 0.533, 0.5355, 0.5385, 0.541, 0.5435, 0.5465, 0.5515, 0.558, 0.562, 0.564, 0.567, 0.57, 0.5765, 0.5785, 0.5825, 0.5835, 0.5835, 0.5835, 0.5835, 0.5835, 0.5835, 0.5835, 0.5835, 0.5835, 0.5835, 0.5835, 0.5835, 0.5835, 0.5835, 0.5835, 0.5835, 0.5835, 0.5835, 0.5835, 0.5835, 0.5835, 0.5835, 0.5835, 0.5835, 0.5835, 0.5835, 0.5835, 0.5835, 0.5835, 0.5835, 0.5835, 0.5835, 0.5835, 0.5835, 0.5835, 0.5835, 0.5835, 0.5835, 0.5835, 0.5835, 0.5835, 0.5835, 0.5835, 0.5835, 0.5835, 0.5835, 0.5835, 0.5835, 0.5835, 0.5835, 0.5835, 0.5835, 0.5835, 0.5835, 0.5835, 0.5835]","{""0"": 0.6691, ""1"": 0.8548, ""2"": 0.8494, ""3"": 0.7854, ""4"": 0.1756, ""5"": 0.6766, ""6"": 0.1565, ""7"": 0.5736}","[0.7778, 0.8889, 0.7143, 0.7143, 1.0, 0.0, 0.8889, 0.0769, 1.0, 1.0, 1.0, 0.8, 0.75, 0.0, 1.0, 0.0, 0.8333, 1.0, 0.9, 1.0, 0.8333, 0.7143, 0.75, 0.0, 0.7143, 0.9091, 0.9167, 0.9091, 0.8889, 1.0, 0.9091, 0.0, 1.0, 0.875, 1.0, 0.7273, 1.0, 0.8571, 1.0, 0.875, 1.0, 1.0, 0.8889, 0.8889, 0.7143, 0.875, 1.0, 0.5, 0.8, 0.8182, 1.0, 1.0, 0.75, 0.9091, 1.0, 0.625, 0.875, 0.9, 0.75, 0.8182, 1.0, 0.875, 1.0, 1.0, 0.8889, 0.1429, 1.0, 0.8, 0.6667, 0.2222, 0.8, 0.5714, 1.0, 0.2857, 1.0, 1.0, 0.8889, 0.0, 0.8, 0.875, 0.8, 0.0, 1.0, 1.0, 1.0, 0.0, 0.7, 0.0, 0.0, 1.0, 0.6667, 0.8571, 0.9, 0.0, 0.8889, 0.0, 0.1111, 1.0, 0.8571, 0.8, 1.0, 0.0833, 0.5714, 0.0, 0.1429, 0.8333, 0.6667, 1.0, 0.8, 0.0, 0.8, 0.0, 0.0, 0.8571, 0.9, 0.75, 1.0, 0.0667, 1.0, 0.0, 0.0, 0.4, 0.8333, 0.6667, 0.7143, 0.0, 1.0, 0.0, 0.0, 0.0, 1.0, 0.75, 0.0, 0.0, 0.75, 0.0, 0.1, 0.0, 1.0, 0.8333, 0.125, 0.0, 0.8889, 0.0, 0.5714, 0.0, 0.8571, 0.8571, 0.0, 0.0, 0.8889, 0.1, 1.0, 0.0, 0.8, 1.0, 0.8, 0.0, 1.0, 0.0, 0.875, 0.0667, 0.75, 0.6, 0.8333, 0.2, 0.8, 0.0, 0.8182, 0.3333, 0.8, 0.6, 0.75, 0.0, 0.2, 0.0, 0.8889, 0.25, 1.0, 1.0, 1.0, 0.0, 0.0, 0.0, 1.0, 0.5556, 0.875, 1.0, 0.5714, 0.0, 0.0, 0.0, 0.8571, 0.75, 1.0, 0.8571, 0.8333, 0.0, 0.0, 0.0, 0.8889, 1.0, 0.6, 1.0, 1.0, 0.0, 0.0, 0.0, 0.8333, 1.0, 0.75, 0.8333, 1.0, 0.0, 0.0, 0.0, 0.7778, 1.0, 1.0, 0.8333, 0.8571, 0.0, 0.1667, 0.1, 0.0, 0.7778, 0.6667, 0.7143, 0.8571, 0.0, 0.1667, 0.0, 0.0, 0.875, 0.7692, 0.8, 0.9167, 0.0, 1.0, 0.0, 0.0, 0.9231, 0.625, 0.8333, 1.0, 0.0, 0.8182, 0.1111, 0.0714, 1.0]"
cluster,0.05,11,cluster,0.444,0.444,0.444,-0.0,27,True,888,0,269,843,0,"[0.05, 0.0675, 0.092, 0.1135, 0.135, 0.1555, 0.179, 0.2005, 0.2205, 0.2395, 0.26, 0.28, 0.299, 0.317, 0.3375, 0.3595, 0.376, 0.389, 0.402, 0.4125, 0.4205, 0.427, 0.431, 0.435, 0.4385, 0.443, 0.444, 0.444, 0.444, 0.444, 0.444, 0.444, 0.444, 0.444, 0.444, 0.444, 0.444, 0.444, 0.444, 0.444, 0.444, 0.444, 0.444, 0.444, 0.444, 0.444, 0.444, 0.444, 0.444, 0.444, 0.444, 0.444, 0.444, 0.444, 0.444, 0.444, 0.444, 0.444, 0.444, 0.444, 0.444, 0.444, 0.444, 0.444, 0.444, 0.444, 0.444, 0.444, 0.444, 0.444, 0.444, 0.444, 0.444, 0.444, 0.444, 0.444, 0.444, 0.444, 0.444, 0.444, 0.444, 0.444, 0.444, 0.444, 0.444, 0.444, 0.444, 0.444, 0.444, 0.444, 0.444, 0.444, 0.444, 0.444, 0.444, 0.444, 0.444, 0.444, 0.444, 0.444, 0.444]","{""0"": 0.0524, ""1"": 0.531, ""2"": 0.4338, ""3"": 0.2912, ""4"": 0.908, ""5"": 0.0513, ""6"": 0.4017, ""7"": 0.8719}","[0.4444, 0.125, 0.0, 0.1, 0.0, 0.8182, 0.0, 0.8, 0.9, 0.1429, 0.0, 0.0, 0.125, 1.0, 0.0, 1.0, 0.8333, 0.0, 0.0, 0.0, 0.0, 1.0, 0.0, 1.0, 0.9, 0.0, 0.0, 0.0, 0.0, 1.0, 0.125, 0.8333, 1.0, 0.0, 0.0, 0.0, 0.0, 0.8333, 1.0, 1.0, 0.8889, 0.0, 0.0, 0.0, 0.0, 1.0, 0.0, 1.0, 0.7, 0.0, 0.0, 0.0, 0.1111, 0.9167, 0.0, 0.8889, 0.5714, 0.0, 0.0, 0.0, 0.0, 0.7857, 0.0, 0.875, 0.7778, 0.0, 0.1111, 0.0, 0.0, 0.8571, 0.0, 0.9, 0.875, 0.0, 0.0, 1.0, 0.0, 1.0, 0.0, 1.0, 0.75, 0.0, 0.75, 0.9091, 0.0, 0.8333, 0.0, 0.6, 0.875, 0.0, 0.75, 0.8333, 0.0, 1.0, 0.0, 0.0, 1.0, 0.0, 0.8182, 0.9091, 0.1111, 1.0, 0.0, 0.0, 0.875, 0.0, 0.9091, 1.0, 0.8182, 0.6, 0.0, 0.1429, 0.7143, 0.0, 0.7143, 0.8571, 0.8333, 1.0, 0.2, 0.1111, 1.0, 0.0, 1.0, 0.7143, 0.7273, 0.75, 0.0, 0.0, 1.0, 0.0, 1.0, 1.0, 0.8, 1.0, 0.0, 0.0, 1.0, 1.0, 1.0, 0.7143, 0.8333, 0.75, 0.0, 0.0, 0.9091, 0.0, 1.0, 0.8571, 0.8, 1.0, 0.0, 0.0, 0.8889, 0.0, 0.9, 0.8571, 0.9, 1.0, 0.0, 0.0, 0.6, 0.0, 0.8333, 0.9091, 0.7778, 0.9, 0.0, 0.0, 1.0, 0.0, 0.8571, 0.8889, 1.0, 0.8333, 0.0, 0.0, 0.8182, 0.0, 0.8571, 0.75, 0.875, 0.8333, 0.0, 0.1, 0.75, 0.0, 1.0, 0.875, 1.0, 1.0, 0.1, 0.0, 1.0, 0.0, 0.8889, 0.3333, 0.6, 1.0, 0.0, 0.0, 1.0, 0.0, 0.6, 0.0833, 0.0, 0.8889, 0.0, 0.0, 0.7778, 0.0, 0.8, 0.0, 0.0, 1.0, 0.125, 0.0, 0.875, 0.0, 1.0, 0.1429, 0.1, 0.7, 0.0, 0.0, 1.0, 0.0, 1.0, 0.1667, 0.0, 1.0, 0.0, 0.0, 0.8333, 0.0, 0.0, 0.0, 0.0, 0.8571, 0.0, 0.6, 0.8333, 0.5, 0.1, 0.0, 0.0, 0.8889, 0.0, 0.8889, 1.0, 0.8333]"
