seeding.strategy,rep,strategy,final_rate,peak_rate,plateau,relapse,steps_to_fixed_point,converged,n_adopted,n_not_able,n_not_willing,n_not_ready,n_relapsed,curve,dept_rates,team_rates
broadcast,0,broadcast,0.1295,0.1295,0.1295,0.0,37,True,259,0,286,1455,0,"[0.0, 0.021, 0.024, 0.0255, 0.027, 0.029, 0.0305, 0.0315, 0.034, 0.038, 0.0405, 0.044, 0.048, 0.052, 0.058, 0.0625, 0.067, 0.075, 0.079, 0.0835, 0.0895, 0.0945, 0.1, 0.106, 0.108, 0.111, 0.113, 0.115, 0.119, 0.122, 0.1235, 0.1255, 0.1275, 0.128, 0.1285, 0.129, 0.1295, 0.1295, 0.1295, 0.1295, 0.1295, 0.1295, 0.1295, 0.1295, 0.1295, 0.1295, 0.1295, 0.1295, 0.1295, 0.1295, 0.1295, 0.1295, 0.1295, 0.1295, 0.1295, 0.1295, 0.1295, 0.1295, 0.1295, 0.1295, 0.1295, 0.1295, 0.1295, 0.1295, 0.1295, 0.1295, 0.1295, 0.1295, 0.1295, 0.1295, 0.1295, 0.1295, 0.1295, 0.1295, 0.1295, 0.1295, 0.1295, 0.1295, 0.1295, 0.1295, 0.1295]","{""0"": 0.1805, ""1"": 0.0201, ""2"": 0.0154, ""3"": 0.0167, ""4"": 0.0198, ""5"": 0.0212, ""6"": 0.716, ""7"": 0.0364}","[0.1111, 0.0, 0.1, 0.1, 0.0, 0.0, 0.0, 1.0, 0.0, 0.0, 0.0, 0.0, 0.1429, 0.0, 0.0, 0.8182, 0.0, 0.0769, 0.0, 0.0, 0.0, 0.0, 0.0, 0.8182, 0.0, 0.0, 0.0, 0.0, 0.0, 0.0, 0.0, 1.0, 0.0, 0.0, 0.0, 0.0, 0.0, 0.125, 0.0, 0.5714, 0.0, 0.0, 0.0, 0.0, 0.1667, 0.0, 0.0833, 1.0, 0.1818, 0.0, 0.0, 0.0, 0.1667, 0.0, 0.0, 0.875, 0.0, 0.0, 0.1429, 0.0, 0.0, 0.0, 0.0, 0.6667, 0.0, 0.0, 0.0, 0.0, 0.0, 0.0, 0.0, 0.0, 0.0, 0.0, 0.0, 0.0, 0.0, 0.0769, 0.0, 0.0, 0.0, 1.0, 0.0, 0.0, 0.0, 0.1667, 0.0, 0.0, 0.125, 0.8333, 0.0, 0.0, 0.0, 0.0, 0.0, 0.1111, 0.0, 1.0, 0.0, 0.0, 0.0, 0.0, 0.0, 0.2, 0.1429, 1.0, 0.0, 0.0, 0.0, 0.0, 0.125, 0.375, 0.0, 1.0, 0.1667, 0.0, 0.0, 0.0, 0.0, 1.0, 0.0, 1.0, 0.0, 0.25, 0.0, 0.0, 0.0, 1.0, 0.0, 1.0, 0.0, 0.0, 0.0, 0.0, 0.0, 0.8571, 0.125, 0.0, 0.1429, 0.0, 0.0, 0.0, 0.0833, 0.8, 0.0, 0.0, 0.0, 0.0, 0.0, 0.0, 0.0, 0.6667, 0.0, 0.0, 0.0, 0.0, 0.0, 0.0, 0.0, 1.0, 0.0, 0.0, 0.0, 0.0, 0.0, 0.0, 0.0, 0.75, 0.0769, 0.0, 0.0, 0.0, 0.0, 0.0, 0.0, 0.8, 0.0, 0.0, 0.0, 0.0, 0.0909, 0.0, 0.2, 0.7, 0.0, 0.0, 0.0, 0.0, 0.0, 0.0, 0.0, 0.8571, 0.0, 0.0, 0.0, 0.0, 0.0, 0.0, 0.0, 0.8, 0.1667, 0.0, 0.0, 0.0, 0.0, 0.0, 0.0, 1.0, 0.25, 0.0, 0.1429, 0.0, 0.0, 0.0, 0.0, 0.8, 0.0, 0.0, 0.0, 0.0, 0.0, 0.0, 0.0, 1.0, 0.0, 0.1667, 0.0, 0.1111, 0.0, 0.0, 0.0, 0.8182, 0.0, 0.0, 0.0, 0.0, 0.0, 0.1111, 0.1667, 1.0, 0.0, 0.0, 0.0, 0.0, 0.0, 0.1, 0.0, 1.0, 0.0, 0.0]"
broadcast,1,broadcast,0.088,0.088,0.088,0.0,33,True,176,0,290,1534,0,"[0.0, 0.0255, 0.0275, 0.0305, 0.035, 0.039, 0.0425, 0.0465, 0.0535, 0.0575, 0.06, 0.063, 0.065, 0.0665, 0.068, 0.0695, 0.07, 0.0705, 0.071, 0.0715, 0.0725, 0.074, 0.075, 0.076, 0.078, 0.0805, 0.0815, 0.0835, 0.0845, 0.085, 0.0855, 0.0865, 0.088, 0.088, 0.088, 0.088, 0.088, 0.088, 0.088, 0.088, 0.088, 0.088, 0.088, 0.088, 0.088, 0.088, 0.088, 0.088, 0.088, 0.088, 0.088, 0.088, 0.088, 0.088, 0.088, 0.088, 0.088, 0.088, 0.088, 0.088, 0.088, 0.088, 0.088, 0.088, 0.088, 0.088, 0.088, 0.088, 0.088, 0.088, 0.088, 0.088, 0.088, 0.088, 0.088, 0.088, 0.088, 0.088, 0.088, 0.088, 0.088]","{""0"": 0.0423, ""1"": 0.0202, ""2"": 0.0282, ""3"": 0.4269, ""4"": 0.0127, ""5"": 0.0409, ""6"": 0.0043, ""7"": 0.1093}","[0.1111, 0.125, 0.0, 0.0, 0.0, 0.0, 0.0909, 0.0, 0.125, 0.0, 0.0, 0.0, 0.0, 0.0, 0.1111, 0.0, 0.0, 0.125, 0.0, 0.1667, 0.2, 0.0, 0.0, 0.0, 0.7778, 0.125, 0.0, 0.0, 0.5, 0.0, 0.0, 0.0, 1.0, 0.0, 0.0, 0.1111, 1.0, 0.1111, 0.0, 0.0, 0.875, 0.8, 0.0, 0.0, 0.5714, 0.0, 0.2, 0.0, 0.0, 0.0, 0.0, 0.0, 1.0, 0.0, 0.0, 0.0, 0.0, 0.0, 0.0, 0.0, 1.0, 0.0, 0.0, 0.0, 0.0, 0.0, 0.0, 0.0769, 0.8, 0.0, 0.0, 0.0, 0.0, 0.0, 0.0, 0.0, 0.875, 0.0, 0.1, 0.0, 0.0, 0.0, 0.0, 0.0, 1.0, 0.0, 0.0833, 0.0, 0.0, 0.0, 0.0, 0.0, 0.7143, 0.0, 0.0, 0.0, 0.0, 0.0, 0.1111, 0.0, 1.0, 0.0, 0.0, 0.0, 0.0, 0.0, 0.0, 0.0, 0.75, 0.0, 0.0, 0.0, 0.0, 0.0, 0.125, 0.1429, 0.9, 0.0, 0.1, 0.0, 0.0, 0.0, 0.0, 0.0, 1.0, 0.0, 0.0667, 0.0, 0.0, 0.1429, 0.0, 0.1667, 0.8462, 0.0, 0.0, 0.1667, 0.0, 0.0, 0.0, 0.0, 0.875, 0.0, 0.0, 0.0, 0.0, 0.0, 0.0, 0.0, 0.0, 0.0, 0.0, 0.0, 0.0, 0.0, 0.0, 0.125, 0.0, 0.0, 0.0, 0.0, 0.0909, 0.0, 0.0, 0.0, 0.0, 0.0, 0.0, 0.0, 0.0, 0.0, 0.0, 0.1111, 0.0, 0.0, 0.0, 0.0, 0.0, 0.0, 0.0, 0.0, 0.25, 0.2857, 0.1818, 0.0, 0.0, 0.125, 0.0, 0.0, 0.0, 0.0, 0.0, 0.0, 0.0, 0.1429, 0.0, 0.0, 0.0, 0.0, 0.0, 0.0, 0.1429, 0.0909, 0.1111, 0.0, 0.0769, 0.0, 0.1111, 0.0, 0.0, 0.0, 0.0, 0.0, 0.0, 0.0, 0.0, 0.0, 0.0, 0.0, 0.0, 0.0, 0.0, 0.0, 0.0, 0.0, 0.0, 0.0, 0.1667, 0.0, 0.0, 0.0, 0.0, 0.0, 0.0, 0.0, 0.0, 0.0, 0.0, 0.0, 0.0, 0.0, 0.0, 0.0, 0.1, 0.0, 0.0, 0.0, 0.0, 0.0, 0.0, 0.0]"
broadcast,2,broadcast,0.025,0.025,0.025,0.0,9,True,50,0,307,1643,0,"[0.0, 0.0185, 0.02, 0.021, 0.022, 0.023, 0.0235, 0.024, 0.025, 0.025, 0.025, 0.025, 0.025, 0.025, 0.025, 0.025, 0.025, 0.025, 0.025, 0.025, 0.025, 0.025, 0.025, 0.025, 0.025, 0.025, 0.025, 0.025, 0.025, 0.025, 0.025, 0.025, 0.025, 0.025, 0.025, 0.025, 0.025, 0.025, 0.025, 0.025, 0.025, 0.025, 0.025, 0.025, 0.025, 0.025, 0.025, 0.025, 0.025, 0.025, 0.025, 0.025, 0.025, 0.025, 0.025, 0.025, 0.025, 0.025, 0.025, 0.025, 0.025, 0.025, 0.025, 0.025, 0.025, 0.025, 0.025, 0.025, 0.025, 0.025, 0.025, 0.025, 0.025, 0.025, 0.025, 0.025, 0.025, 0.025, 0.025, 0.025, 0.025]","{""0"": 0.0228, ""1"": 0.0538, ""2"": 0.0206, ""3"": 0.0078, ""4"": 0.0279, ""5"": 0.0245, ""6"": 0.0338, ""7"": 0.0082}","[0.0, 0.0, 0.5, 0.0, 0.0, 0.0, 0.0, 0.0, 0.0, 0.0, 0.0, 0.0, 0.0, 0.0, 0.1111, 0.0, 0.0, 0.0, 0.0, 0.125, 0.0, 0.1111, 0.0, 0.0, 0.0, 0.0, 0.0, 0.0, 0.0, 0.0, 0.0, 0.0, 0.0, 0.0, 0.0, 0.0, 0.0, 0.0, 0.0, 0.0, 0.0, 0.0, 0.0, 0.0, 0.0, 0.1667, 0.0, 0.0, 0.0, 0.2, 0.0, 0.0, 0.0, 0.0, 0.0, 0.0, 0.1111, 0.0, 0.0, 0.0, 0.0, 0.0, 0.0909, 0.0, 0.0, 0.1429, 0.0, 0.0, 0.0, 0.0, 0.0, 0.1, 0.0, 0.0, 0.0, 0.0, 0.0, 0.1111, 0.0, 0.125, 0.0, 0.0, 0.0, 0.2, 0.0, 0.0, 0.0, 0.0, 0.0, 0.125, 0.0, 0.0, 0.0, 0.0, 0.0, 0.0, 0.0, 0.0, 0.0, 0.0, 0.0, 0.0, 0.125, 0.0, 0.0, 0.0, 0.0, 0.0, 0.1429, 0.0, 0.0, 0.0, 0.0, 0.0, 0.0, 0.0, 0.0, 0.0, 0.0, 0.0, 0.0, 0.0, 0.0, 0.0, 0.0, 0.0, 0.0, 0.0, 0.0, 0.0, 0.0, 0.0, 0.0, 0.0, 0.0, 0.0, 0.0, 0.0, 0.0, 0.0, 0.0, 0.0, 0.0, 0.0, 0.0, 0.0, 0.1667, 0.0, 0.0, 0.1, 0.0, 0.1, 0.0, 0.0, 0.0, 0.0, 0.0, 0.0, 0.0, 0.0, 0.0, 0.0, 0.0, 0.0, 0.0, 0.0, 0.0, 0.0, 0.0, 0.0, 0.0, 0.0, 0.0, 0.0, 0.0, 0.2, 0.0, 0.1667, 0.0, 0.1429, 0.0, 0.0833, 0.0, 0.0, 0.0, 0.0, 0.0, 0.1111, 0.0, 0.0, 0.0, 0.0, 0.0, 0.0, 0.0, 0.0, 0.1111, 0.0, 0.0909, 0.0, 0.125, 0.0, 0.0, 0.0, 0.0, 0.1429, 0.0, 0.0, 0.0, 0.0, 0.0, 0.0, 0.0, 0.0, 0.125, 0.0909, 0.0, 0.0, 0.0, 0.0, 0.0, 0.0, 0.1111, 0.0, 0.0, 0.0, 0.0, 0.0, 0.0, 0.0, 0.0, 0.2857, 0.0, 0.0, 0.0769, 0.1667, 0.0, 0.0, 0.0, 0.0, 0.0, 0.0, 0.8182, 0.0, 0.0, 0.1429, 0.0, 0.1111, 0.0, 0.0]"
broadcast,3,broadcast,0.03,0.03,0.03,-0.0,4,True,60,0,302,1638,0,"[0.0, 0.0255, 0.028, 0.03, 0.03, 0.03, 0.03, 0.03, 0.03, 0.03, 0.03, 0.03, 0.03, 0.03, 0.03, 0.03, 0.03, 0.03, 0.03, 0.03, 0.03, 0.03, 0.03, 0.03, 0.03, 0.03, 0.03, 0.03, 0.03, 0.03, 0.03, 0.03, 0.03, 0.03, 0.03, 0.03, 0.03, 0.03, 0.03, 0.03, 0.03, 0.03, 0.03, 0.03, 0.03, 0.03, 0.03, 0.03, 0.03, 0.03, 0.03, 0.03, 0.03, 0.03, 0.03, 0.03, 0.03, 0.03, 0.03, 0.03, 0.03, 0.03, 0.03, 0.03, 0.03, 0.03, 0.03, 0.03, 0.03, 0.03, 0.03, 0.03, 0.03, 0.03, 0.03, 0.03, 0.03, 0.03, 0.03, 0.03, 0.03]","{""0"": 0.0257, ""1"": 0.0224, ""2"": 0.0591, ""3"": 0.024, ""4"": 0.0261, ""5"": 0.0444, ""6"": 0.0238, ""7"": 0.0121}","[0.0, 0.0, 0.0909, 0.0, 0.0, 0.0, 0.125, 0.0, 0.0, 0.0, 0.1667, 0.0, 0.1111, 0.0, 0.1667, 0.0, 0.0, 0.0, 0.0, 0.0, 0.0, 0.0, 0.0, 0.0, 0.0, 0.0, 0.0, 0.0, 0.0, 0.0, 0.125, 0.0, 0.0, 0.0, 0.0, 0.0769, 0.2857, 0.0, 0.0, 0.0, 0.0, 0.0, 0.0, 0.0, 0.0, 0.1111, 0.0, 0.0, 0.1429, 0.0, 0.0, 0.0, 0.0, 0.0, 0.0, 0.0, 0.1667, 0.0, 0.0, 0.0, 0.0, 0.0, 0.0, 0.25, 0.1, 0.0, 0.0, 0.4, 0.0, 0.0, 0.0, 0.0, 0.0, 0.0625, 0.0, 0.625, 0.0, 0.0, 0.0, 0.0, 0.0, 0.0769, 0.0, 0.0, 0.125, 0.1429, 0.2, 0.125, 0.0, 0.0, 0.0, 0.0, 0.0, 0.0, 0.0, 0.0, 0.0, 0.125, 0.0, 0.0, 0.0, 0.0, 0.125, 0.0, 0.0, 0.2222, 0.0, 0.0, 0.0, 0.0, 0.0, 0.0, 0.0, 0.0, 0.0, 0.0, 0.0, 0.0, 0.0, 0.0, 0.0, 0.0, 0.0, 0.25, 0.0, 0.0, 0.0, 0.0, 0.0, 0.0, 0.0, 0.1, 0.0, 0.0, 0.5, 0.0, 0.0, 0.0, 0.0, 0.125, 0.0, 0.0, 0.0, 0.0, 0.0, 0.1, 0.2857, 0.0, 0.0, 0.3333, 0.0, 0.0833, 0.0, 0.0, 0.0, 0.1667, 0.0, 0.0, 0.0, 0.0, 0.0, 0.0714, 0.0, 0.0, 0.0, 0.0, 0.0, 0.0, 0.0, 0.0, 0.1667, 0.0, 0.0714, 0.0, 0.0, 0.0, 0.0, 0.0, 0.0, 0.1111, 0.0, 0.1667, 0.0, 0.0, 0.0, 0.0, 0.0, 0.0, 0.0, 0.0, 0.0, 0.0, 0.0, 0.0, 0.0, 0.0, 0.0, 0.0, 0.0, 0.0, 0.0, 0.0, 0.0, 0.0, 0.1429, 0.125, 0.0556, 0.1, 0.0, 0.0, 0.0, 0.1111, 0.0, 0.0, 0.0, 0.0, 0.0, 0.0, 0.0, 0.0, 0.0, 0.0, 0.125, 0.25, 0.0, 0.0, 0.0, 0.0, 0.0, 0.125, 0.0, 0.0, 0.0, 0.0, 0.0, 0.0, 0.0, 0.0, 0.0, 0.1111, 0.0, 0.0, 0.0, 0.0, 0.0, 0.0, 0.1111, 0.0, 0.0, 0.0]"
broadcast,4,broadcast,0.0235,0.0235,0.0235,0.0,3,True,47,0,298,1655,0,"[0.0, 0.0205, 0.0235, 0.0235, 0.0235, 0.0235, 0.0235, 0.0235, 0.0235, 0.0235, 0.0235, 0.0235, 0.0235, 0.0235, 0.0235, 0.0235, 0.0235, 0.0235, 0.0235, 0.0235, 0.0235, 0.0235, 0.0235, 0.0235, 0.0235, 0.0235, 0.0235, 0.0235, 0.0235, 0.0235, 0.0235, 0.0235, 0.0235, 0.0235, 0.0235, 0.0235, 0.0235, 0.0235, 0.0235, 0.0235, 0.0235, 0.0235, 0.0235, 0.0235, 0.0235, 0.0235, 0.0235, 0.0235, 0.0235, 0.0235, 0.0235, 0.0235, 0.0235, 0.0235, 0.0235, 0.0235, 0.0235, 0.0235, 0.0235, 0.0235, 0.0235, 0.0235, 0.0235, 0.0235, 0.0235, 0.0235, 0.0235, 0.0235, 0.0235, 0.0235, 0.0235, 0.0235, 0.0235, 0.0235, 0.0235, 0.0235, 0.0235, 0.0235, 0.0235, 0.0235, 0.0235]","{""0"": 0.0152, ""1"": 0.0126, ""2"": 0.0349, ""3"": 0.0041, ""4"": 0.0551, ""5"": 0.0282, ""6"": 0.012, ""7"": 0.0247}","[0.0, 0.0, 0.0, 0.0, 0.0, 0.0, 0.0, 0.125, 0.0, 0.1667, 0.0, 0.1111, 0.0, 0.1429, 0.1111, 0.0, 0.0, 0.0, 0.0, 0.0, 0.0, 0.0909, 0.0, 0.0, 0.0, 0.0, 0.0, 0.0, 0.0, 0.0, 0.1111, 0.0, 0.0, 0.0, 0.0, 0.0833, 0.0, 0.1429, 0.0, 0.0, 0.0, 0.0, 0.0, 0.0, 0.0, 0.0, 0.0, 0.0, 0.0, 0.1667, 0.0, 0.0, 0.0, 0.0, 0.0, 0.0, 0.0, 0.0, 0.0, 0.0, 0.0, 0.0, 0.0, 0.0, 0.1, 0.0, 0.1667, 0.1667, 0.0, 0.0, 0.0, 0.0, 0.0, 0.0, 0.125, 0.1667, 0.0, 0.0, 0.0, 0.0, 0.0, 0.0, 0.0, 0.0, 0.0, 0.0, 0.0, 0.0, 0.0, 0.0, 0.0, 0.1, 0.0, 0.0, 0.0, 0.0, 0.0, 0.0, 0.1429, 0.0, 0.0, 0.0, 0.0, 0.0, 0.1667, 0.0, 0.0, 0.0, 0.0, 0.1429, 0.0, 0.0, 0.0, 0.0, 0.0, 0.0, 0.0, 0.1, 0.0, 0.0, 0.0, 0.0, 0.0, 0.0, 0.0, 0.0, 0.0, 0.0, 0.0, 0.0, 0.0, 0.0, 0.0, 0.1667, 0.0, 0.0, 0.0, 0.0, 0.0, 0.0, 0.0, 0.0, 0.0, 0.0, 0.0, 0.0, 0.0, 0.0, 0.0, 0.1429, 0.0, 0.1, 0.1429, 0.1, 0.0, 0.0, 0.0833, 0.0, 0.0, 0.0, 0.0, 0.0, 0.0, 0.0, 0.0, 0.0, 0.0, 0.0, 0.0, 0.0, 0.0, 0.0, 0.0, 0.0, 0.2857, 0.125, 0.0, 0.0, 0.0, 0.0, 0.0, 0.0833, 0.1667, 0.0, 0.0, 0.0, 0.0, 0.0, 0.0, 0.0769, 0.0, 0.0, 0.0, 0.0, 0.0, 0.0, 0.0, 0.0, 0.0, 0.0, 0.125, 0.0, 0.0, 0.0, 0.0, 0.0, 0.0, 0.0, 0.0, 0.0, 0.0, 0.0, 0.0, 0.1, 0.0, 0.0, 0.1667, 0.0, 0.0, 0.0, 0.0, 0.2727, 0.1667, 0.0, 0.0, 0.0, 0.0, 0.0, 0.0, 0.0, 0.0, 0.0, 0.1429, 0.0, 0.0, 0.0, 0.0, 0.0, 0.0, 0.0, 0.0, 0.0, 0.0, 0.6, 0.0, 0.0, 0.1111, 0.0, 0.0, 0.0]"
broadcast,5,broadcast,0.0255,0.0255,0.0255,-0.0,8,True,51,0,282,1667,0,"[0.0, 0.016, 0.017, 0.0185, 0.021, 0.0225, 0.025, 0.0255, 0.0255, 0.0255, 0.0255, 0.0255, 0.0255, 0.0255, 0.0255, 0.0255, 0.0255, 0.0255, 0.0255, 0.0255, 0.0255, 0.0255, 0.0255, 0.0255, 0.0255, 0.0255, 0.0255, 0.0255, 0.0255, 0.0255, 0.0255, 0.0255, 0.0255, 0.0255, 0.0255, 0.0255, 0.0255, 0.0255, 0.0255, 0.0255, 0.0255, 0.0255, 0.0255, 0.0255, 0.0255, 0.0255, 0.0255, 0.0255, 0.0255, 0.0255, 0.0255, 0.0255, 0.0255, 0.0255, 0.0255, 0.0255, 0.0255, 0.0255, 0.0255, 0.0255, 0.0255, 0.0255, 0.0255, 0.0255, 0.0255, 0.0255, 0.0255, 0.0255, 0.0255, 0.0255, 0.0255, 0.0255, 0.0255, 0.0255, 0.0255, 0.0255, 0.0255, 0.0255, 0.0255, 0.0255, 0.0255]","{""0"": 0.0159, ""1"": 0.0216, ""2"": 0.0225, ""3"": 0.0167, ""4"": 0.0402, ""5"": 0.0083, ""6"": 0.0151, ""7"": 0.0625}","[0.0, 0.0, 0.0, 0.0, 0.125, 0.0, 0.0, 0.0, 0.0, 0.0, 0.0, 0.0, 0.0, 0.0, 0.0, 0.0, 0.0, 0.0, 0.0, 0.0, 0.0, 0.0, 0.0, 0.125, 0.1667, 0.0, 0.0, 0.1667, 0.0, 0.875, 0.0, 0.0, 0.0, 0.0, 0.0, 0.0, 0.0909, 0.4, 0.0, 0.0, 0.0, 0.0, 0.0, 0.0, 0.0, 0.0, 0.0, 0.0, 0.0, 0.0, 0.0, 0.1111, 0.2, 0.0, 0.1111, 0.0, 0.0, 0.0, 0.0, 0.0, 0.0, 0.0, 0.0, 0.0, 0.0, 0.0, 0.0, 0.0, 0.0, 0.0, 0.0, 0.0, 0.0, 0.0, 0.0, 0.1111, 0.0, 0.0, 0.0909, 0.0625, 0.0, 0.3333, 0.0, 0.0, 0.0, 0.0, 0.0, 0.0, 0.1667, 0.0, 0.1667, 0.0, 0.0, 0.0, 0.0, 0.0, 0.0, 0.0, 0.0, 0.0, 0.0, 0.0909, 0.0, 0.0, 0.0, 0.0, 0.0, 0.1, 0.0, 0.0, 0.0, 0.0, 0.0, 0.0, 0.0, 0.0, 0.0, 0.0, 0.0, 0.0, 1.0, 0.0, 0.0, 0.0, 0.0, 0.0, 0.0, 0.0, 0.1667, 0.0, 0.1667, 0.0, 0.0, 0.0, 0.0, 0.0, 0.0, 0.0769, 0.0, 0.0, 0.0, 0.0, 0.0, 0.0, 0.1111, 0.0, 0.0, 0.0, 0.0, 0.0, 0.0, 0.1, 0.0, 0.0, 0.0, 0.0, 0.0, 0.0, 0.0, 0.0, 0.0, 0.0, 0.1, 0.0, 0.0, 0.0, 0.0, 0.0, 0.0, 0.0, 0.0, 0.0, 0.0, 0.0, 0.0, 0.0, 0.0, 0.0, 0.0, 0.0, 0.0, 0.0, 0.0, 0.0, 0.0, 0.0, 0.0, 0.0, 0.0, 0.0, 0.0, 0.0, 0.0, 0.25, 0.0, 0.0, 0.0, 0.0, 0.0, 0.0, 0.0, 0.0, 0.0, 0.2, 0.0, 0.0, 0.0, 0.0, 0.0, 0.0, 0.125, 0.0, 0.0, 0.0, 0.0, 0.0, 0.0, 0.0, 0.0, 0.0, 0.0, 0.0, 0.0, 0.0, 0.0, 0.0, 0.0, 0.0, 0.0769, 0.0, 0.0, 0.0714, 0.0, 0.1667, 0.1429, 0.0, 0.0, 0.0, 0.0, 0.0, 0.0, 0.0, 0.0, 0.0, 0.0, 0.0, 0.0, 0.0, 0.125, 0.0]"
broadcast,6,broadcast,0.085,0.085,0.085,0.0,25,True,170,0,302,1528,0,"[0.0, 0.024, 0.026, 0.028, 0.031, 0.034, 0.037, 0.041, 0.047, 0.0505, 0.055, 0.058, 0.0605, 0.064, 0.067, 0.0705, 0.0735, 0.0755, 0.0765, 0.078, 0.079, 0.08, 0.083, 0.084, 0.085, 0.085, 0.085, 0.085, 0.085, 0.085, 0.085, 0.085, 0.085, 0.085, 0.085, 0.085, 0.085, 0.085, 0.085, 0.085, 0.085, 0.085, 0.085, 0.085, 0.085, 0.085, 0.085, 0.085, 0.085, 0.085, 0.085, 0.085, 0.085, 0.085, 0.085, 0.085, 0.085, 0.085, 0.085, 0.085, 0.085, 0.085, 0.085, 0.085, 0.085, 0.085, 0.085, 0.085, 0.085, 0.085, 0.085, 0.085, 0.085, 0.085, 0.085, 0.085, 0.085, 0.085, 0.085, 0.085, 0.085]","{""0"": 0.0311, ""1"": 0.0114, ""2"": 0.0294, ""3"": 0.5079, ""4"": 0.012, ""5"": 0.0308, ""6"": 0.0272, ""7"": 0.0227}","[0.0, 0.0, 0.0, 0.0, 0.9, 0.0, 0.0, 0.0, 0.0, 0.0, 0.0, 0.0, 1.0, 0.0, 0.0, 0.1111, 0.0, 0.1111, 0.0, 0.0, 1.0, 0.0, 0.0714, 0.0769, 0.0, 0.0, 0.0, 0.0, 1.0, 0.0, 0.0909, 0.1429, 0.0, 0.0, 0.0909, 0.0, 0.8571, 0.0, 0.1429, 0.0, 0.0, 0.0, 0.0, 0.0, 0.75, 0.0, 0.0, 0.0, 0.0, 0.0, 0.0, 0.1111, 0.0, 0.0, 0.0, 0.0, 0.0, 0.0, 0.0, 0.0, 0.0769, 0.1429, 0.0, 0.0, 0.0, 0.0, 0.0, 0.0, 0.0, 0.0, 0.1111, 0.0, 0.0, 0.0, 0.1, 0.0, 0.0, 0.0, 0.0, 0.0, 0.0, 0.0, 0.0, 0.0, 0.0833, 0.0833, 0.0, 0.0, 0.0, 0.0, 0.0, 0.0, 0.1429, 0.0, 0.0, 0.0, 0.0, 0.0, 0.0, 0.0, 0.0, 0.0, 0.1429, 0.0, 0.1, 0.125, 0.0, 0.125, 0.0, 0.0, 0.0, 0.2, 0.0, 0.0, 0.0, 0.1111, 0.0, 0.0, 0.1, 0.0, 0.0, 0.1, 0.0, 0.0, 0.5, 0.0, 0.0, 0.0, 0.0, 0.2222, 0.0, 0.25, 0.875, 0.0, 0.0, 0.0, 0.1429, 0.1429, 0.0, 0.0, 0.8571, 0.0, 0.0, 0.0, 0.125, 0.0, 0.0769, 0.0, 1.0, 0.0, 0.0, 0.0, 0.0, 0.0, 0.0, 0.0, 0.7692, 0.0, 0.0, 0.0, 0.0, 0.0, 0.0, 0.0, 0.8333, 0.0, 0.0, 0.0, 0.0, 0.0, 0.0, 0.0, 0.8, 0.0, 0.0, 0.4, 0.0, 0.0, 0.0, 0.0, 1.0, 0.0, 0.1111, 0.0, 0.0, 0.0, 0.0, 0.0, 0.7143, 0.0, 0.1429, 0.0, 0.0, 0.0667, 0.0, 0.0, 1.0, 0.0, 0.0, 0.0, 0.0909, 0.0, 0.0, 0.0, 0.0, 0.0, 0.0, 0.0, 0.1, 0.0, 0.0, 0.0, 0.0, 0.0, 0.0, 0.0, 0.0, 0.0, 0.0, 0.1538, 0.0, 0.0, 0.0, 0.0, 0.0, 0.0, 0.0, 0.0, 0.0, 0.0, 0.0, 0.1, 0.0, 0.125, 0.0, 0.0, 0.8889, 0.0, 0.0, 0.0, 0.0, 0.0, 0.0, 0.0, 0.8889, 0.0909, 0.0, 0.0, 0.0, 0.0]"
broadcast,7,broadcast,0.0325,0.0325,0.0325,0.0,8,True,65,0,280,1655,0,"[0.0, 0.0255, 0.0285, 0.03, 0.0305, 0.031, 0.032, 0.0325, 0.0325, 0.0325, 0.0325, 0.0325, 0.0325, 0.0325, 0.0325, 0.0325, 0.0325, 0.0325, 0.0325, 0.0325, 0.0325, 0.0325, 0.0325, 0.0325, 0.0325, 0.0325, 0.0325, 0.0325, 0.0325, 0.0325, 0.0325, 0.0325, 0.0325, 0.0325, 0.0325, 0.0325, 0.0325, 0.0325, 0.0325, 0.0325, 0.0325, 0.0325, 0.0325, 0.0325, 0.0325, 0.0325, 0.0325, 0.0325, 0.0325, 0.0325, 0.0325, 0.0325, 0.0325, 0.0325, 0.0325, 0.0325, 0.0325, 0.0325, 0.0325, 0.0325, 0.0325, 0.0325, 0.0325, 0.0325, 0.0325, 0.0325, 0.0325, 0.0325, 0.0325, 0.0325, 0.0325, 0.0325, 0.0325, 0.0325, 0.0325, 0.0325, 0.0325, 0.0325, 0.0325, 0.0325, 0.0325]","{""0"": 0.0118, ""1"": 0.0198, ""2"": 0.0335, ""3"": 0.0263, ""4"": 0.0591, ""5"": 0.0484, ""6"": 0.0361, ""7"": 0.0255}","[0.1111, 0.0, 0.0, 0.0, 0.0, 0.0, 0.0, 0.0, 0.0, 0.0, 0.125, 0.0, 0.0, 0.0, 0.0, 0.0, 0.3333, 0.0, 0.0, 0.0, 0.0, 0.0, 0.0, 0.2, 0.0, 0.0, 0.125, 0.0, 0.0, 0.0, 0.0, 0.1, 0.0, 0.0, 0.0, 0.0, 0.0, 0.0, 0.0, 0.1429, 0.0, 0.0, 0.0, 0.0, 0.0, 0.0, 0.1111, 0.2857, 0.0, 0.0, 0.0, 0.2, 0.1, 0.1, 0.0, 0.1111, 0.0, 0.0, 0.0, 0.0, 0.0, 0.0, 0.5, 0.0, 0.0, 0.0, 0.0, 0.0, 0.1667, 0.0, 0.25, 0.1111, 0.0, 0.0, 0.0, 0.0, 0.0, 0.0, 0.0, 0.0, 0.0, 0.0, 0.0, 0.1429, 0.0, 0.0, 0.0, 0.0, 0.0, 0.0, 0.0, 0.0, 0.1, 0.0, 0.0, 0.1429, 0.0, 0.0, 0.0, 0.0, 0.0, 0.0, 0.0, 0.0, 0.0, 0.0, 0.0, 0.0, 0.1, 0.0, 0.0, 0.0, 0.1429, 0.0, 0.0, 0.0833, 0.0, 0.3333, 0.1111, 0.0, 0.0, 0.0, 0.25, 0.0, 0.0, 0.0, 0.0, 0.0, 0.0, 0.0, 0.0, 0.0, 0.0, 0.0, 0.0, 0.0, 0.0, 0.0, 0.0, 0.125, 0.0, 0.0, 0.25, 0.0, 0.0, 0.0, 0.0, 0.0, 0.0, 0.0, 0.1111, 0.0, 0.0, 0.0, 0.1429, 0.1667, 0.0, 0.0, 0.0, 0.0, 0.0, 0.0, 0.0, 0.0, 0.125, 0.4, 0.0, 0.0769, 0.1667, 0.1, 0.0833, 0.0, 0.0, 0.0, 0.0, 0.0, 0.0, 0.0, 0.0, 0.1429, 0.0, 0.0, 0.1111, 0.0, 0.0, 0.0, 0.0, 0.0909, 0.0, 0.0, 0.0, 0.0, 0.0, 0.0, 0.0, 0.0, 0.0, 0.1667, 0.0833, 0.0, 0.0, 0.0, 0.0, 0.0, 0.0769, 0.0, 0.0, 0.0, 0.0, 0.0, 0.0, 0.1429, 0.0, 0.0, 0.0, 0.0, 0.0, 0.0, 0.0, 0.0, 0.0, 0.0, 0.0, 0.0, 0.0, 0.1111, 0.0, 0.0, 0.0, 0.0, 0.0, 0.0, 0.0, 0.0, 0.0, 0.0, 0.0, 0.0, 0.0, 0.0, 0.0769, 0.0, 0.0, 0.0, 0.0, 1.0, 0.1, 0.0, 0.0, 0.1111]"
broadcast,8,broadcast,0.0265,0.0265,0.0265,-0.0,7,True,53,0,305,1642,0,"[0.0, 0.0195, 0.022, 0.0245, 0.025, 0.026, 0.0265, 0.0265, 0.0265, 0.0265, 0.0265, 0.0265, 0.0265, 0.0265, 0.0265, 0.0265, 0.0265, 0.0265, 0.0265, 0.0265, 0.0265, 0.0265, 0.0265, 0.0265, 0.0265, 0.0265, 0.0265, 0.0265, 0.0265, 0.0265, 0.0265, 0.0265, 0.0265, 0.0265, 0.0265, 0.0265, 0.0265, 0.0265, 0.0265, 0.0265, 0.0265, 0.0265, 0.0265, 0.0265, 0.0265, 0.0265, 0.0265, 0.0265, 0.0265, 0.0265, 0.0265, 0.0265, 0.0265, 0.0265, 0.0265, 0.0265, 0.0265, 0.0265, 0.0265, 0.0265, 0.0265, 0.0265, 0.0265, 0.0265, 0.0265, 0.0265, 0.0265, 0.0265, 0.0265, 0.0265, 0.0265, 0.0265, 0.0265, 0.0265, 0.0265, 0.0265, 0.0265, 0.0265, 0.0265, 0.0265, 0.0265]","{""0"": 0.0129, ""1"": 0.0656, ""2"": 0.0154, ""3"": 0.0234, ""4"": 0.0357, ""5"": 0.0159, ""6"": 0.0163, ""7"": 0.026}","[0.0, 0.0, 0.0, 0.0, 0.0, 0.1429, 0.0, 0.0, 0.1667, 0.0, 0.0, 0.0, 0.2222, 0.0, 0.0, 0.0, 0.0, 0.0, 0.0, 0.0, 0.0, 0.0, 0.0909, 0.0, 0.0, 0.0, 0.0, 0.125, 0.0, 0.0, 0.0, 0.0, 0.0909, 0.0, 0.5, 0.0, 0.0, 0.2, 0.0, 0.0, 0.0, 0.0, 0.75, 0.0769, 0.0909, 0.1, 0.0, 0.0, 0.0, 0.0, 0.2, 0.0, 0.0, 0.125, 0.0, 0.0, 0.0, 0.0, 0.0, 0.0, 0.0, 0.0, 0.0, 0.0, 0.0, 0.0, 0.0, 0.0, 0.0, 0.1667, 0.1429, 0.0, 0.0, 0.0, 0.0, 0.0, 0.0, 0.0, 0.1111, 0.0, 0.0, 0.0, 0.0, 0.0, 0.0, 0.0, 0.0, 0.0, 0.0, 0.0, 0.25, 0.0, 0.0714, 0.1111, 0.0, 0.0, 0.0, 0.0, 0.125, 0.0, 0.0, 0.0, 0.0, 0.0, 0.0, 0.0, 0.0, 0.0, 0.0, 0.0, 0.0, 0.0, 0.0, 0.0, 0.0, 0.1429, 0.0, 0.0, 0.0, 0.0, 0.0, 0.0, 0.0, 0.0, 0.0, 0.0, 0.0, 0.3333, 0.0, 0.2, 0.0, 0.0, 0.0, 0.0, 0.0, 0.0, 0.0, 0.2857, 0.0, 0.0, 0.1, 0.0, 0.0, 0.0, 0.0, 0.0, 0.0, 0.0, 0.0, 0.0, 0.0, 0.0, 0.0, 0.0, 0.0909, 0.0, 0.0, 0.0, 0.0, 0.0, 0.0, 0.0, 0.0, 0.0, 0.0, 0.0, 0.0, 0.0, 0.0909, 0.0, 0.0, 0.0, 0.0, 0.0, 0.0, 0.0, 0.0, 0.0, 0.0, 0.0, 0.0, 0.0, 0.0, 0.0, 0.3333, 0.0, 0.0833, 0.0, 0.0, 0.1111, 0.0, 0.0, 0.0, 0.0, 0.0, 0.0, 0.0, 0.0, 0.0, 0.0, 0.0, 0.0, 0.0, 0.0, 0.0, 0.0, 0.0, 0.0, 0.0, 0.0, 0.0, 0.0, 0.0, 0.1667, 0.0, 0.0, 0.2, 0.0, 0.1667, 0.1429, 0.1429, 0.0, 0.0, 0.0, 0.0, 0.0, 0.0, 0.0, 0.0, 0.0, 0.0, 0.0, 0.0, 0.0, 0.0, 0.0, 0.0, 0.0714, 0.125, 0.125, 0.0, 0.0, 0.0, 0.0, 0.0, 0.0, 0.0, 0.0, 0.0, 0.0]"
broadcast,9,broadcast,0.0635,0.0635,0.0635,0.0,24,True,127,0,297,1576,0,"[0.0, 0.0175, 0.0195, 0.021, 0.023, 0.026, 0.0275, 0.0305, 0.0335, 0.036, 0.0385, 0.0425, 0.046, 0.049, 0.052, 0.0535, 0.0545, 0.0555, 0.0565, 0.0585, 0.06, 0.061, 0.0625, 0.0635, 0.0635, 0.0635, 0.0635, 0.0635, 0.0635, 0.0635, 0.0635, 0.0635, 0.0635, 0.0635, 0.0635, 0.0635, 0.0635, 0.0635, 0.0635, 0.0635, 0.0635, 0.0635, 0.0635, 0.0635, 0.0635, 0.0635, 0.0635, 0.0635, 0.0635, 0.0635, 0.0635, 0.0635, 0.0635, 0.0635, 0.0635, 0.0635, 0.0635, 0.0635, 0.0635, 0.0635, 0.0635, 0.0635, 0.0635, 0.0635, 0.0635, 0.0635, 0.0635, 0.0635, 0.0635, 0.0635, 0.0635, 0.0635, 0.0635, 0.0635, 0.0635, 0.0635, 0.0635, 0.0635, 0.0635, 0.0635, 0.0635]","{""0"": 0.0314, ""1"": 0.3467, ""2"": 0.0267, ""3"": 0.0395, ""4"": 0.0, ""5"": 0.008, ""6"": 0.0158, ""7"": 0.008}","[0.1111, 0.0, 0.8571, 0.0, 0.0, 0.0, 0.0, 0.0, 0.0, 0.0, 0.25, 0.0, 0.0, 0.0, 0.0, 0.0, 0.0, 0.0, 1.0, 0.0, 0.0, 0.0, 0.0, 0.2, 0.125, 0.0, 0.8889, 0.125, 0.0, 0.0, 0.0, 0.0, 0.0, 0.0, 0.8571, 0.0, 0.0, 0.0, 0.0, 0.0, 0.0, 0.0, 0.0, 0.0, 0.0, 0.0, 0.0, 0.0, 0.0, 0.0667, 0.0, 0.0, 0.0833, 0.0, 0.0, 0.0, 0.0, 0.0, 0.0, 0.0, 0.0, 0.0, 0.0, 0.0, 0.0, 0.0, 0.0, 0.0, 0.0, 0.0, 0.0, 0.0, 0.0, 0.0, 0.0, 0.1429, 0.0, 0.0, 0.0, 0.2, 0.0, 0.0, 0.0, 0.0, 0.0, 0.0, 0.0, 0.0, 0.0, 0.0, 0.0, 0.0, 0.0, 0.0, 0.0, 0.0, 0.0, 0.0, 0.1, 0.0, 0.1667, 0.0, 0.0, 0.0, 0.0, 0.0, 0.0, 0.0, 0.0, 0.0, 0.0, 0.0, 0.0, 0.0, 0.0833, 0.2, 0.0, 0.0, 0.0, 0.0, 0.0, 0.0, 0.0625, 0.0, 0.0769, 0.0, 0.0, 0.0, 0.0, 0.0, 0.0, 0.0, 0.0909, 0.0, 0.0, 0.0, 0.0, 0.0, 0.0, 0.0, 0.0, 0.0, 0.0, 0.0, 0.0, 0.0, 0.0, 0.0, 0.0, 0.0, 0.0, 0.0714, 0.0, 0.0, 0.0, 0.125, 0.0, 0.0, 0.0, 0.0, 0.0, 0.125, 0.0, 0.1111, 0.125, 0.0, 0.0, 0.0, 0.0, 0.1429, 0.0, 0.0, 0.0, 0.0, 0.0, 0.0, 0.0, 0.0909, 0.0, 0.0, 0.0, 0.0, 0.1111, 0.0, 0.0, 0.0, 1.0, 0.0, 0.0, 0.0, 0.0, 0.0, 0.0, 0.0, 0.75, 0.0, 0.0714, 0.0, 0.0, 0.0, 0.0, 0.0, 1.0, 0.0, 0.0714, 0.0, 0.0, 0.0, 0.125, 0.0, 0.8462, 0.1, 0.125, 0.0, 0.0, 0.0, 0.0, 0.0, 0.8333, 0.0, 0.0, 0.0, 0.1111, 0.0, 0.0, 0.1429, 0.8571, 0.0, 0.1429, 0.0, 0.0, 0.0, 0.0, 0.3333, 1.0, 0.0, 0.0, 0.0, 0.0, 0.0, 0.0, 0.0, 0.8333, 0.0, 0.2, 0.0, 0.0, 0.0, 0.0, 0.0]"
broadcast,10,broadcast,0.09,0.09,0.09,0.0,29,True,180,0,314,1506,0,"[0.0, 0.025, 0.028, 0.0305, 0.0345, 0.0375, 0.039, 0.0425, 0.0455, 0.0485, 0.05, 0.051, 0.0545, 0.056, 0.058, 0.0595, 0.062, 0.0645, 0.066, 0.068, 0.0705, 0.0725, 0.074, 0.0765, 0.0805, 0.0845, 0.0865, 0.0875, 0.09, 0.09, 0.09, 0.09, 0.09, 0.09, 0.09, 0.09, 0.09, 0.09, 0.09, 0.09, 0.09, 0.09, 0.09, 0.09, 0.09, 0.09, 0.09, 0.09, 0.09, 0.09, 0.09, 0.09, 0.09, 0.09, 0.09, 0.09, 0.09, 0.09, 0.09, 0.09, 0.09, 0.09, 0.09, 0.09, 0.09, 0.09, 0.09, 0.09, 0.09, 0.09, 0.09, 0.09, 0.09, 0.09, 0.09, 0.09, 0.09, 0.09, 0.09, 0.09, 0.09]","{""0"": 0.1346, ""1"": 0.3858, ""2"": 0.0128, ""3"": 0.0435, ""4"": 0.0615, ""5"": 0.0367, ""6"": 0.023, ""7"": 0.0081}","[0.3333, 0.0, 0.0, 0.0, 0.0, 0.0, 0.1667, 0.0, 0.0, 0.125, 0.0, 0.0, 0.0, 0.0, 0.0, 0.0, 0.125, 0.0, 0.1429, 0.0, 0.0, 0.0, 0.0, 0.0, 0.0, 0.0, 0.0, 0.0, 0.0, 0.0, 0.0, 0.0, 0.0, 0.0, 0.0909, 0.0, 0.0, 0.0, 0.0, 0.0, 0.0, 0.2, 0.1429, 0.0, 0.0, 0.0, 0.1111, 0.1, 0.0, 0.0, 0.0, 0.0, 0.125, 0.0, 0.0, 0.0, 0.0, 0.0, 0.1111, 0.125, 0.0, 0.1429, 0.0, 0.0, 0.0, 0.0, 0.0, 0.0, 0.0, 0.0, 0.125, 0.1667, 0.0, 0.0, 0.0, 0.1667, 0.0, 0.0, 0.0, 0.0, 0.0, 0.0, 0.0, 0.0, 0.0, 0.0, 0.0, 0.0, 0.0, 0.0, 0.8, 0.0, 0.1667, 0.0, 0.0, 0.0, 0.0, 0.0, 1.0, 0.0, 0.0, 0.0, 0.0, 0.1429, 0.0, 0.0, 0.8333, 0.0, 0.0, 0.0, 0.1429, 0.1667, 0.0, 0.0, 0.875, 0.0, 0.0, 0.0, 0.0, 0.0, 0.0, 0.0, 0.8333, 0.0, 0.0, 0.0, 0.0, 0.0, 0.0, 0.0, 1.0, 0.0, 0.0, 0.0, 0.0833, 0.0, 0.0, 0.125, 0.8571, 0.0, 0.1429, 0.0, 0.0, 0.0, 0.0, 1.0, 0.8182, 0.0, 0.0, 0.1, 0.0, 0.0, 0.0, 1.0, 0.8571, 0.0, 0.0, 0.0, 0.0, 0.0, 0.0, 0.8571, 0.9, 0.0, 0.0909, 0.0, 0.0, 0.0, 0.0, 0.9, 0.8571, 0.0, 0.1429, 0.0, 0.1667, 0.0, 0.0, 0.7778, 0.9091, 0.0, 0.0, 0.0, 0.0, 0.0, 0.0, 0.0, 1.0, 0.0, 0.375, 0.0, 0.0, 0.0, 0.2, 0.0, 0.0, 0.0, 0.1667, 0.8, 0.0, 0.0, 0.0, 0.0, 0.0, 0.125, 0.0, 0.8333, 0.1111, 0.0, 0.0, 0.0, 0.0, 0.0, 0.0909, 0.0, 0.0, 0.125, 0.0, 0.0, 0.125, 0.0, 0.0, 0.0, 0.0, 0.0, 0.0, 0.0, 0.0, 0.0, 0.0, 0.0, 0.1667, 0.0, 0.0, 0.0, 0.1667, 0.0, 0.0, 0.0, 0.125, 0.0, 0.0, 0.0, 0.0, 0.0, 0.0, 0.0, 0.0, 0.125, 0.0, 0.0833]"
broadcast,11,broadcast,0.028,0.028,0.028,-0.0,8,True,56,0,318,1626,0,"[0.0, 0.0225, 0.0245, 0.0255, 0.0265, 0.027, 0.0275, 0.028, 0.028, 0.028, 0.028, 0.028, 0.028, 0.028, 0.028, 0.028, 0.028, 0.028, 0.028, 0.028, 0.028, 0.028, 0.028, 0.028, 0.028, 0.028, 0.028, 0.028, 0.028, 0.028, 0.028, 0.028, 0.028, 0.028, 0.028, 0.028, 0.028, 0.028, 0.028, 0.028, 0.028, 0.028, 0.028, 0.028, 0.028, 0.028, 0.028, 0.028, 0.028, 0.028, 0.028, 0.028, 0.028, 0.028, 0.028, 0.028, 0.028, 0.028, 0.028, 0.028, 0.028, 0.028, 0.028, 0.028, 0.028, 0.028, 0.028, 0.028, 0.028, 0.028, 0.028, 0.028, 0.028, 0.028, 0.028, 0.028, 0.028, 0.028, 0.028, 0.028, 0.028]","{""0"": 0.0191, ""1"": 0.0681, ""2"": 0.0078, ""3"": 0.0233, ""4"": 0.0472, ""5"": 0.0202, ""6"": 0.0081, ""7"": 0.0333}","[0.0, 0.0, 0.0, 0.0, 0.0, 0.1429, 0.0, 0.0, 0.1111, 0.0, 0.0833, 0.125, 0.0, 0.1, 0.0, 0.0, 0.0, 0.0, 0.0, 0.0, 0.0, 0.0, 0.0, 0.0, 0.0, 0.0, 0.0, 0.0, 0.0, 0.0, 0.0, 0.0, 0.0, 0.0667, 0.0, 0.0, 0.0, 0.1111, 0.0, 0.0, 0.125, 0.1667, 0.0, 0.0, 0.0, 0.0, 0.0, 0.0, 0.0, 0.0, 0.1667, 0.0, 0.0, 0.0, 0.0, 0.0, 0.0, 0.0909, 0.0, 0.0, 0.1667, 0.0, 0.0, 0.0, 0.0, 0.0, 0.0, 0.0, 0.0909, 0.0, 0.0, 0.0, 0.0, 0.0, 0.0, 0.0, 0.0, 0.0, 0.0, 0.0, 0.0, 0.0, 0.1111, 0.0, 0.0, 0.0, 0.0909, 0.0, 0.0, 0.0, 0.0, 0.0, 0.0, 0.3333, 0.0, 0.0, 0.0, 0.0, 0.0, 0.0, 0.0, 0.0, 0.0, 0.2, 0.0, 0.0, 0.0, 0.0, 0.0, 0.0, 0.0, 0.0, 0.0, 0.1, 0.0, 0.0, 0.1, 0.1429, 0.0, 0.0, 0.0, 0.0, 0.0, 0.0, 0.1, 0.0625, 0.0, 0.0, 0.125, 0.0, 0.0, 0.0, 0.0, 0.0, 0.0, 0.0, 0.0, 0.1, 0.0, 0.0, 0.0, 0.0, 0.0, 0.0, 0.0, 0.0, 0.0, 0.0, 0.0, 0.0, 0.0, 0.0, 0.0, 0.0, 0.0, 0.0, 0.0, 0.0, 0.0, 0.1429, 0.2, 0.0, 0.0, 0.0, 0.0, 0.0, 0.1, 0.0, 0.0, 0.0, 0.0, 0.0, 0.0, 0.4286, 0.0, 0.0, 0.0, 0.0, 0.4286, 0.0, 0.0, 0.2, 0.0, 0.0, 0.0, 0.0, 0.5, 0.0, 0.0, 0.1, 0.0, 0.0, 0.0, 0.0, 0.0, 0.1429, 0.1667, 0.0, 0.1429, 0.0, 0.3333, 0.0, 0.0, 0.0, 0.0, 0.0, 0.0, 0.0, 0.1111, 0.0, 0.2, 0.0, 0.0, 0.0, 0.1818, 0.0, 0.0, 0.0, 0.0, 0.0, 0.0, 0.0, 0.0, 0.0, 0.0, 0.0, 0.0, 0.0, 0.0, 0.0, 0.0, 0.0, 0.0, 0.0, 0.125, 0.0, 0.1111, 0.0, 0.0, 0.0, 0.0, 0.0, 0.8, 0.0, 0.0, 0.0, 0.0, 0.0, 0.1429, 0.0]"
random,0,random,0.3065,0.3065,0.3065,0.0,28,True,613,0,261,1065,61,"[0.05, 0.0585, 0.0655, 0.074, 0.0845, 0.0975, 0.113, 0.129, 0.1485, 0.1665, 0.183, 0.2015, 0.2145, 0.2275, 0.237, 0.2465, 0.255, 0.2655, 0.271, 0.276, 0.285, 0.288, 0.292, 0.2945, 0.296, 0.299, 0.3045, 0.3065, 0.3065, 0.3065, 0.3065, 0.3065, 0.3065, 0.3065, 0.3065, 0.3065, 0.3065, 0.3065, 0.3065, 0.3065, 0.3065, 0.3065, 0.3065, 0.3065, 0.3065, 0.3065, 0.3065, 0.3065, 0.3065, 0.3065, 0.3065, 0.3065, 0.3065, 0.3065, 0.3065, 0.3065, 0.3065, 0.3065, 0.3065, 0.3065, 0.3065, 0.3065, 0.3065, 0.3065, 0.3065, 0.3065, 0.3065, 0.3065, 0.3065, 0.3065, 0.3065, 0.3065, 0.3065, 0.3065, 0.3065, 0.3065, 0.3065, 0.3065, 0.3065, 0.3065, 0.3065]","{""0"": 0.0079, ""1"": 0.0502, ""2"": 0.8926, ""3"": 0.587, ""4"": 0.6667, ""5"": 0.0317, ""6"": 0.0191, ""7"": 0.2623}","[0.3333, 0.0, 0.0, 0.8333, 1.0, 1.0, 0.0, 0.0, 0.0, 0.0, 0.0, 0.8333, 1.0, 1.0, 0.0, 0.1667, 0.0, 0.0, 0.0, 1.0, 1.0, 0.9, 0.0, 0.0, 0.0, 0.0, 0.0, 0.8889, 0.8182, 1.0, 0.0, 0.0, 0.875, 0.0, 0.0, 1.0, 1.0, 0.6667, 0.0, 0.0, 0.8889, 0.0, 0.0, 0.8333, 0.8333, 1.0, 0.0, 0.0, 1.0, 0.0, 0.0, 0.8571, 0.0, 0.125, 0.0, 0.0, 0.8333, 0.0, 0.0, 0.7778, 0.0, 0.75, 0.0, 0.0, 0.9091, 0.0, 0.0833, 1.0, 0.0, 1.0, 0.0, 0.0, 0.75, 0.0, 0.0, 1.0, 0.0, 0.9286, 0.0, 0.0, 0.9, 0.0, 0.0, 0.8571, 0.0, 0.9167, 0.0, 0.0, 1.0, 0.0, 0.1111, 1.0, 0.0, 1.0, 0.0, 0.0, 0.0, 0.0, 0.0, 0.875, 0.0, 1.0, 0.0, 0.0, 0.1, 0.0, 0.0, 1.0, 0.0, 0.7143, 0.0, 0.1111, 0.0, 0.0, 0.0, 1.0, 0.0, 0.7143, 0.0, 0.3333, 0.0, 0.0, 0.0, 0.9286, 0.0, 1.0, 0.0, 0.0, 0.0, 0.0, 0.0, 0.9091, 0.3333, 1.0, 0.0, 0.0, 0.0, 0.0, 0.0833, 1.0, 1.0, 0.8889, 0.7143, 0.0, 0.0, 0.0, 0.1538, 1.0, 0.75, 0.8333, 0.2857, 0.0, 0.0, 0.0, 0.0, 0.8571, 1.0, 0.8, 0.0, 0.0, 0.0, 0.0, 0.0, 0.8333, 0.8462, 0.0, 0.0, 0.0, 0.0, 0.0, 0.0, 0.7778, 1.0, 0.0, 0.0, 0.125, 0.0, 0.0, 0.0, 0.8571, 1.0, 0.0, 0.0, 0.0, 0.0, 0.1429, 0.0, 0.6667, 0.8889, 0.0, 0.0, 0.0, 0.0, 0.0, 0.0, 0.8889, 0.8571, 0.25, 0.0, 0.0, 0.0, 0.0, 0.0, 1.0, 0.8889, 0.0, 0.1667, 0.0, 0.0, 0.0, 0.0, 1.0, 1.0, 0.0, 0.0, 0.0, 0.0, 0.0, 0.0, 1.0, 0.75, 0.1, 0.0, 0.0, 0.0, 0.0, 0.0, 1.0, 1.0, 1.0, 0.0, 0.0, 0.0, 0.0, 0.7273, 0.7143, 0.7143, 1.0, 0.0, 0.0, 0.0, 0.0, 0.0, 0.7143, 1.0, 1.0, 0.0, 0.0, 0.0, 0.1111]"
random,1,random,0.2495,0.2495,0.2495,0.0,25,True,499,0,305,1131,65,"[0.05, 0.065, 0.068, 0.075, 0.081, 0.0925, 0.1095, 0.1275, 0.1465, 0.1565, 0.1685, 0.1755, 0.1815, 0.192, 0.202, 0.213, 0.2195, 0.229, 0.2345, 0.2375, 0.2405, 0.2435, 0.247, 0.249, 0.2495, 0.2495, 0.2495, 0.2495, 0.2495, 0.2495, 0.2495, 0.2495, 0.2495, 0.2495, 0.2495, 0.2495, 0.2495, 0.2495, 0.2495, 0.2495, 0.2495, 0.2495, 0.2495, 0.2495, 0.2495, 0.2495, 0.2495, 0.2495, 0.2495, 0.2495, 0.2495, 0.2495, 0.2495, 0.2495, 0.2495, 0.2495, 0.2495, 0.2495, 0.2495, 0.2495, 0.2495, 0.2495, 0.2495, 0.2495, 0.2495, 0.2495, 0.2495, 0.2495, 0.2495, 0.2495, 0.2495, 0.2495, 0.2495, 0.2495, 0.2495, 0.2495, 0.2495, 0.2495, 0.2495, 0.2495, 0.2495]","{""0"": 0.2014, ""1"": 0.1992, ""2"": 0.0336, ""3"": 0.0892, ""4"": 0.4599, ""5"": 0.2702, ""6"": 0.6063, ""7"": 0.2159}","[0.3333, 0.0, 0.0, 0.0, 0.0, 0.0, 0.0, 0.4286, 0.0, 0.0, 0.0, 0.125, 0.0, 0.1667, 0.0, 0.8, 0.0, 0.0, 0.0, 0.0, 0.0, 0.8333, 0.0, 0.8571, 0.0, 0.0, 0.0, 0.0, 0.0, 0.8, 0.1429, 1.0, 0.0, 0.0, 0.0, 0.0, 0.0, 1.0, 0.0, 0.75, 0.0, 0.125, 0.0, 0.0, 0.0, 1.0, 0.7778, 0.8333, 0.0, 0.0, 0.0, 0.0, 0.1818, 0.8571, 1.0, 1.0, 0.0, 0.0, 0.0, 0.0, 0.125, 0.1, 0.9, 0.8571, 0.0, 0.3333, 0.0, 0.0, 0.0, 0.0, 0.7778, 0.8333, 0.0, 0.0, 0.1429, 0.0, 0.0, 0.5, 0.5, 1.0, 0.0, 0.0, 0.0, 0.1111, 0.125, 0.7778, 0.875, 1.0, 0.0, 0.0, 0.0, 0.0, 0.0, 0.8333, 0.7143, 1.0, 1.0, 0.0909, 0.0, 0.0, 0.0, 1.0, 1.0, 0.875, 1.0, 1.0, 0.0, 0.0, 0.1, 0.8333, 0.8333, 0.875, 1.0, 0.7143, 0.375, 0.0, 0.0, 0.5, 0.8, 0.8571, 0.7143, 0.0, 0.5, 0.0, 0.1667, 1.0, 0.8571, 1.0, 0.9, 0.0, 0.875, 0.0, 0.1, 1.0, 0.0, 0.8333, 0.7143, 0.0, 0.8, 0.0, 0.0, 1.0, 0.0, 1.0, 0.875, 0.0, 1.0, 0.0, 0.0, 0.625, 0.0, 0.7143, 0.8571, 0.0, 0.7778, 0.0, 0.0, 0.75, 0.0, 0.875, 0.7143, 0.0, 1.0, 0.0, 0.0, 0.125, 0.0, 1.0, 0.1667, 0.0, 1.0, 0.8571, 0.0, 0.2, 0.0, 0.6, 0.0, 0.6667, 0.7778, 0.0, 0.0, 0.0, 0.0, 0.0, 0.0, 0.875, 0.0, 0.2, 0.0, 0.0, 0.0, 0.0, 0.0, 1.0, 0.0, 0.0, 0.0, 0.0, 0.0, 0.1818, 0.0, 0.875, 0.0, 0.0, 0.0, 0.0, 0.0, 0.0, 0.0, 0.875, 0.0, 0.0, 0.0, 0.0, 0.0, 0.0, 0.0, 0.8571, 0.0, 0.0, 1.0, 0.0, 0.0, 0.0, 0.0, 0.0, 0.0, 0.0, 1.0, 0.0, 0.0, 0.1667, 0.0, 0.0, 0.0, 0.0, 0.0, 0.0, 0.0, 0.1667, 0.0, 0.0, 0.0, 0.0, 0.0, 0.0, 0.0, 0.0, 0.0, 0.0]"
random,2,random,0.2435,0.2435,0.2435,0.0,30,True,487,0,297,1155,61,"[0.05, 0.065, 0.073, 0.086, 0.1025, 0.121, 0.1395, 0.157, 0.163, 0.17, 0.1795, 0.1865, 0.193, 0.1995, 0.2075, 0.212, 0.2165, 0.219, 0.223, 0.2255, 0.227, 0.2285, 0.2305, 0.2325, 0.2335, 0.2365, 0.2385, 0.241, 0.2425, 0.2435, 0.2435, 0.2435, 0.2435, 0.2435, 0.2435, 0.2435, 0.2435, 0.2435, 0.2435, 0.2435, 0.2435, 0.2435, 0.2435, 0.2435, 0.2435, 0.2435, 0.2435, 0.2435, 0.2435, 0.2435, 0.2435, 0.2435, 0.2435, 0.2435, 0.2435, 0.2435, 0.2435, 0.2435, 0.2435, 0.2435, 0.2435, 0.2435, 0.2435, 0.2435, 0.2435, 0.2435, 0.2435, 0.2435, 0.2435, 0.2435, 0.2435, 0.2435, 0.2435, 0.2435, 0.2435, 0.2435, 0.2435, 0.2435, 0.2435, 0.2435, 0.2435]","{""0"": 0.0, ""1"": 0.5785, ""2"": 0.0793, ""3"": 0.0122, ""4"": 0.4309, ""5"": 0.4918, ""6"": 0.1219, ""7"": 0.2529}","[0.3333, 0.0, 0.9, 0.0, 0.0, 0.0, 0.0, 0.1, 0.0, 0.0, 0.0, 0.0, 0.0, 0.8, 0.0, 0.1429, 0.0, 0.0, 0.0, 0.0, 0.0, 1.0, 0.1111, 0.0, 0.0, 0.0, 0.0, 0.0, 0.0, 0.8333, 0.0, 0.0, 0.0, 0.0, 0.875, 0.0, 0.0, 1.0, 0.0, 0.0, 0.0, 0.0, 0.0, 0.0, 0.0, 1.0, 0.0, 0.0, 0.0, 0.0, 0.0, 0.0, 0.0, 0.8571, 0.0, 0.0, 0.0, 0.0, 0.0, 0.125, 0.0, 1.0, 0.1111, 0.0, 0.0, 0.0, 0.0, 0.0, 0.0, 0.8333, 0.0, 0.0, 0.0, 0.0, 0.0, 0.0, 0.0, 0.0, 0.75, 0.1, 0.0, 0.0, 0.3333, 0.0, 0.0, 0.0, 0.8571, 0.1429, 0.125, 0.0, 0.0, 0.0, 0.0, 0.0, 0.5, 0.0, 0.0, 0.0, 0.1, 0.0, 0.0, 0.0, 0.7778, 1.0, 0.0, 0.0, 0.8889, 0.0, 0.0, 0.0, 0.8, 0.8, 0.0, 0.0, 0.6, 0.0, 0.1429, 0.0, 1.0, 0.8571, 0.0, 0.0, 1.0, 0.0, 0.0, 0.0, 0.9167, 0.2727, 0.0909, 0.0, 0.7778, 0.0, 0.1111, 0.1429, 0.8889, 0.0833, 0.0, 0.0, 1.0, 0.0, 0.0, 0.0909, 0.8182, 0.0, 0.875, 0.0, 0.8, 0.0, 0.0, 0.8, 0.8571, 0.0, 1.0, 0.0, 1.0, 0.0, 0.0, 1.0, 0.7143, 0.0, 1.0, 0.0, 1.0, 0.0, 0.0, 0.2857, 0.8571, 0.0, 0.9286, 0.0, 1.0, 0.0, 0.0, 0.375, 1.0, 0.0, 0.6667, 0.0, 0.75, 0.0, 0.0, 0.6364, 1.0, 0.1111, 0.8571, 0.0, 1.0, 0.0, 0.0, 0.8, 1.0, 0.0, 1.0, 0.0, 1.0, 0.0, 0.1429, 1.0, 1.0, 0.375, 0.625, 0.0, 0.8571, 0.0, 0.0, 1.0, 0.875, 0.0, 0.2, 0.0, 0.8571, 0.0, 0.0, 0.8333, 1.0, 0.0, 0.0, 0.0, 0.8889, 0.6667, 0.0, 0.75, 0.0, 0.0, 0.0, 0.0, 1.0, 1.0, 0.0, 0.0, 0.125, 0.0, 0.0, 0.0, 0.8889, 1.0, 0.0, 0.0, 0.0, 0.0, 0.125, 0.0, 0.8889, 0.0, 0.0, 0.1111, 0.0, 0.0, 0.0, 0.0]"
random,3,random,0.289,0.289,0.289,-0.0,40,True,578,0,315,1059,48,"[0.05, 0.0635, 0.0765, 0.089, 0.104, 0.1165, 0.1265, 0.1385, 0.1455, 0.151, 0.1575, 0.1655, 0.1735, 0.1795, 0.19, 0.197, 0.204, 0.214, 0.222, 0.229, 0.237, 0.244, 0.2475, 0.251, 0.2545, 0.2575, 0.2585, 0.2605, 0.262, 0.2645, 0.2695, 0.2735, 0.277, 0.2785, 0.2805, 0.2825, 0.2835, 0.286, 0.288, 0.289, 0.289, 0.289, 0.289, 0.289, 0.289, 0.289, 0.289, 0.289, 0.289, 0.289, 0.289, 0.289, 0.289, 0.289, 0.289, 0.289, 0.289, 0.289, 0.289, 0.289, 0.289, 0.289, 0.289, 0.289, 0.289, 0.289, 0.289, 0.289, 0.289, 0.289, 0.289, 0.289, 0.289, 0.289, 0.289, 0.289, 0.289, 0.289, 0.289, 0.289, 0.289]","{""0"": 0.0924, ""1"": 0.0038, ""2"": 0.436, ""3"": 0.5951, ""4"": 0.4597, ""5"": 0.3699, ""6"": 0.3454, ""7"": 0.0244}","[0.5556, 0.0, 0.0, 0.7143, 0.8333, 0.8, 0.0, 0.0, 0.0, 0.0, 0.0, 0.7273, 0.8571, 1.0, 0.0, 0.0, 0.0, 0.0, 0.0, 0.7143, 0.3333, 0.8333, 0.0, 0.125, 0.0, 0.0, 0.0, 1.0, 0.0, 0.6667, 0.0, 0.0, 0.0, 0.0, 0.0, 0.8571, 0.0, 0.7143, 0.0, 0.0, 0.0, 0.0, 0.0, 0.875, 0.0, 0.0909, 0.2857, 0.0, 0.0, 0.0, 0.0, 0.7143, 0.0, 0.1429, 0.8333, 0.0, 0.0, 0.0, 0.0, 0.75, 0.0, 0.1, 0.8182, 0.0, 0.0, 0.0, 0.0, 1.0, 0.0, 0.1667, 1.0, 0.0, 0.1111, 0.0, 0.0, 0.7143, 0.0, 0.0, 0.75, 0.8333, 0.0, 0.0, 0.0, 1.0, 0.0, 0.0, 1.0, 0.6667, 0.0, 0.0, 0.0, 1.0, 0.0, 0.1111, 0.75, 0.8, 0.0, 0.0, 0.0, 0.7778, 0.8333, 0.1667, 1.0, 0.1667, 0.0, 0.0, 0.0, 0.5, 0.9091, 0.7, 1.0, 0.0, 0.0, 0.0, 0.0, 0.875, 1.0, 1.0, 1.0, 0.0, 0.0, 0.1, 0.0, 1.0, 0.9, 1.0, 0.875, 0.0, 0.0, 0.0, 0.0, 0.1429, 1.0, 1.0, 0.8571, 0.0, 0.2, 0.7273, 0.0, 0.0, 0.8571, 0.8333, 0.6667, 0.0, 0.0, 1.0, 0.0, 0.0, 0.7143, 1.0, 0.0, 0.0, 0.0, 0.7692, 0.0833, 0.0, 1.0, 0.0, 0.0, 0.625, 0.0, 0.0, 0.0, 0.0, 1.0, 0.0, 0.0, 1.0, 0.1429, 0.0, 0.0, 0.0, 0.875, 0.0, 0.0, 0.8889, 0.0, 0.0, 0.0, 0.0, 0.6667, 0.1667, 0.0, 0.6, 0.0, 0.0, 0.0, 0.0, 1.0, 0.0, 0.0, 1.0, 0.0, 0.0, 0.0, 0.0, 0.8, 0.0, 0.0, 1.0, 0.0, 0.0, 0.0, 0.0, 0.6667, 0.0, 0.125, 0.75, 0.2, 0.0, 0.0, 0.0, 0.8, 0.8571, 0.0, 0.8889, 0.0, 0.0, 0.0, 0.0, 0.875, 0.9, 0.0, 0.6, 0.2, 0.0, 0.0, 0.0, 1.0, 1.0, 0.0, 0.0, 0.0, 0.0, 0.0, 0.0, 0.7273, 1.0, 0.0, 0.0, 0.0, 0.0, 0.0, 1.0, 0.7778, 1.0, 0.0, 0.0, 0.0, 0.0]"
random,4,random,0.285,0.285,0.285,-0.0,26,True,570,0,284,1087,59,"[0.05, 0.0635, 0.0695, 0.079, 0.0935, 0.1075, 0.126, 0.145, 0.1635, 0.175, 0.1845, 0.195, 0.2055, 0.215, 0.223, 0.2315, 0.2375, 0.2425, 0.2485, 0.2545, 0.2635, 0.27, 0.2735, 0.2795, 0.284, 0.285, 0.285, 0.285, 0.285, 0.285, 0.285, 0.285, 0.285, 0.285, 0.285, 0.285, 0.285, 0.285, 0.285, 0.285, 0.285, 0.285, 0.285, 0.285, 0.285, 0.285, 0.285, 0.285, 0.285, 0.285, 0.285, 0.285, 0.285, 0.285, 0.285, 0.285, 0.285, 0.285, 0.285, 0.285, 0.285, 0.285, 0.285, 0.285, 0.285, 0.285, 0.285, 0.285, 0.285, 0.285, 0.285, 0.285, 0.285, 0.285, 0.285, 0.285, 0.285, 0.285, 0.285, 0.285, 0.285]","{""0"": 0.1992, ""1"": 0.3536, ""2"": 0.0694, ""3"": 0.2146, ""4"": 0.3021, ""5"": 0.444, ""6"": 0.4087, ""7"": 0.2834}","[0.1111, 0.0, 0.0, 0.0, 0.8571, 0.0, 0.9091, 0.0769, 0.0, 0.0, 0.0, 0.0, 1.0, 0.0, 1.0, 0.8, 0.0, 0.0, 0.0, 0.1111, 0.7692, 0.6, 0.8889, 1.0, 0.0, 0.0, 0.0, 0.0, 1.0, 0.7778, 0.9091, 0.6364, 0.0, 0.0, 0.0, 0.0, 0.1429, 0.9, 1.0, 1.0, 0.0, 0.0, 0.0, 0.0, 0.0, 1.0, 0.8571, 0.8, 0.0, 0.0, 0.0, 0.0, 0.0, 1.0, 0.7143, 0.0, 0.0, 0.0, 0.0, 0.0, 0.0, 0.8571, 0.8571, 0.0, 0.0, 0.0, 0.0, 0.0, 0.0, 1.0, 1.0, 0.0, 0.7143, 0.0, 0.0, 0.0, 0.0, 0.8, 0.8, 0.0, 0.8462, 0.0, 0.0, 0.0, 0.0, 1.0, 0.8, 0.0, 0.8333, 0.0, 0.125, 0.0, 0.0, 0.75, 0.0, 0.0, 0.9, 0.0, 0.6, 0.0, 0.0, 0.5, 0.0, 0.0833, 0.8889, 0.0, 1.0, 0.0, 0.0, 0.1111, 0.0, 0.0, 0.9091, 0.0, 1.0, 0.0, 0.0, 0.0, 0.0, 0.9, 0.8571, 0.0, 0.8889, 0.0, 0.0, 0.0, 0.0, 0.8571, 1.0, 0.0, 1.0, 0.0, 0.1667, 0.1667, 0.0, 1.0, 0.1429, 0.0, 0.9231, 0.0, 0.125, 0.1, 0.0, 0.75, 0.0, 0.0, 0.9167, 0.8333, 0.625, 0.0, 0.0, 1.0, 0.0, 0.1429, 1.0, 0.125, 0.9091, 0.0, 0.0, 0.9091, 0.0, 0.0, 0.8571, 0.0, 0.7, 0.0, 0.0, 1.0, 0.0, 0.1, 1.0, 0.3333, 0.0, 0.0, 0.0, 1.0, 0.0, 1.0, 0.8571, 0.1667, 0.0, 0.0, 0.0, 0.8, 0.0, 0.8333, 1.0, 0.0, 0.1667, 0.0, 0.0, 0.5, 0.0, 1.0, 0.0, 0.1429, 0.0, 0.0, 0.8333, 0.0, 0.0, 0.875, 0.0, 0.0, 0.0, 0.0, 0.8333, 0.0, 0.0, 0.9091, 0.0, 0.0, 0.0, 0.0, 0.9091, 0.0, 0.0, 1.0, 0.0, 0.125, 0.0, 0.0, 0.0, 0.0, 0.8571, 0.8, 0.0, 0.0, 0.0, 0.0, 0.0, 0.0, 0.125, 0.0, 0.0, 0.0, 0.0, 0.0, 0.25, 0.0, 0.0, 0.0, 0.0833, 0.0, 0.1667, 0.0, 0.8889, 0.0, 0.0, 0.0]"
random,5,random,0.329,0.329,0.329,-0.0,44,True,658,0,307,974,61,"[0.05, 0.0595, 0.067, 0.077, 0.0925, 0.104, 0.1155, 0.1285, 0.1435, 0.161, 0.1715, 0.1835, 0.196, 0.2095, 0.223, 0.2355, 0.2465, 0.2515, 0.2565, 0.2635, 0.271, 0.275, 0.277, 0.278, 0.278, 0.2785, 0.28, 0.281, 0.2825, 0.284, 0.288, 0.292, 0.297, 0.301, 0.3025, 0.3045, 0.308, 0.3105, 0.315, 0.3195, 0.324, 0.326, 0.3275, 0.329, 0.329, 0.329, 0.329, 0.329, 0.329, 0.329, 0.329, 0.329, 0.329, 0.329, 0.329, 0.329, 0.329, 0.329, 0.329, 0.329, 0.329, 0.329, 0.329, 0.329, 0.329, 0.329, 0.329, 0.329, 0.329, 0.329, 0.329, 0.329, 0.329, 0.329, 0.329, 0.329, 0.329, 0.329, 0.329, 0.329, 0.329]","{""0"": 0.0242, ""1"": 0.1486, ""2"": 0.1026, ""3"": 0.4213, ""4"": 0.2869, ""5"": 0.876, ""6"": 0.748, ""7"": 0.051}","[0.4444, 0.0, 0.0, 0.1667, 0.8571, 0.0, 1.0, 0.0, 0.0, 0.2, 0.0, 0.0, 0.8889, 0.1667, 1.0, 0.0, 0.0, 0.0, 0.0, 0.125, 0.9, 0.0, 1.0, 0.0, 0.0, 0.0, 0.0, 0.0, 0.8, 0.0, 0.9091, 0.0, 0.0, 0.0, 0.5714, 0.0, 0.9091, 0.5, 0.875, 0.2222, 0.0, 0.1667, 0.8, 0.0, 0.8571, 0.0, 0.875, 0.7143, 0.0, 0.0, 0.7778, 0.0, 0.0909, 0.6667, 0.8182, 0.8889, 0.0, 0.0, 1.0, 0.0, 0.0, 1.0, 1.0, 0.875, 0.0, 0.0, 0.8889, 0.0909, 0.0, 1.0, 1.0, 0.8571, 0.0, 0.0, 0.0, 0.0, 0.0, 1.0, 1.0, 1.0, 0.0, 0.0, 0.1, 0.0, 0.0, 0.8, 1.0, 0.8571, 0.0, 0.0, 0.0, 0.0, 0.0, 1.0, 1.0, 0.75, 0.0, 0.0, 0.0, 0.0, 0.125, 0.6667, 0.75, 0.8889, 0.0, 0.0, 0.0, 0.0, 0.6667, 1.0, 0.8571, 0.875, 0.0, 0.0, 0.25, 0.0, 1.0, 0.5714, 1.0, 1.0, 0.1111, 0.0, 0.0, 0.0, 0.8, 0.0769, 0.6667, 0.8333, 0.0, 0.125, 0.0, 0.0, 0.8889, 0.0, 0.6667, 0.5714, 0.1, 0.0, 0.0, 0.0, 0.5714, 0.7143, 1.0, 1.0, 0.0, 0.0, 0.0, 0.0, 0.2, 0.0, 0.6667, 1.0, 0.0, 0.0, 0.0, 0.0, 0.0, 0.0, 0.8889, 0.9, 0.0, 0.0, 0.0, 0.0, 0.0, 0.0, 1.0, 0.8462, 0.0, 0.0, 0.0, 0.0, 0.0, 0.0, 0.8333, 1.0, 0.0, 0.0, 0.0, 0.0, 0.0, 0.0, 0.8, 0.6667, 0.0, 0.0, 0.0, 0.2, 0.0, 0.0, 1.0, 1.0, 0.0, 0.125, 0.0, 1.0, 0.0, 0.0, 0.75, 0.9, 0.7778, 0.125, 0.0, 0.7143, 0.0, 0.0, 0.7778, 1.0, 0.125, 0.0, 0.0, 0.8571, 0.0, 0.0, 0.8333, 0.8889, 0.0, 0.0, 0.0, 0.2, 0.0, 0.0, 0.7778, 1.0, 0.0, 0.0, 0.0, 0.0, 1.0, 0.0, 0.75, 0.8889, 0.0, 0.0, 0.0, 0.0769, 0.9091, 0.0, 0.5714, 0.8, 0.5, 0.0, 0.0, 0.5, 1.0, 0.0, 1.0, 1.0, 0.0, 0.0]"
random,6,random,0.382,0.382,0.382,0.0,33,True,764,0,285,916,35,"[0.05, 0.0655, 0.077, 0.092, 0.107, 0.1255, 0.153, 0.174, 0.1985, 0.2185, 0.232, 0.2455, 0.255, 0.264, 0.2765, 0.292, 0.3025, 0.3115, 0.322, 0.329, 0.333, 0.3375, 0.347, 0.3515, 0.356, 0.362, 0.3665, 0.3705, 0.373, 0.3745, 0.377, 0.381, 0.382, 0.382, 0.382, 0.382, 0.382, 0.382, 0.382, 0.382, 0.382, 0.382, 0.382, 0.382, 0.382, 0.382, 0.382, 0.382, 0.382, 0.382, 0.382, 0.382, 0.382, 0.382, 0.382, 0.382, 0.382, 0.382, 0.382, 0.382, 0.382, 0.382, 0.382, 0.382, 0.382, 0.382, 0.382, 0.382, 0.382, 0.382, 0.382, 0.382, 0.382, 0.382, 0.382, 0.382, 0.382, 0.382, 0.382, 0.382, 0.382]","{""0"": 0.2397, ""1"": 0.6532, ""2"": 0.038, ""3"": 0.8315, ""4"": 0.2963, ""5"": 0.3109, ""6"": 0.6179, ""7"": 0.0356}","[0.3333, 0.8333, 1.0, 0.0, 0.875, 0.8571, 0.75, 1.0, 0.1429, 1.0, 0.6667, 0.0, 0.7143, 1.0, 0.8889, 0.7143, 0.0, 0.8889, 1.0, 0.0, 0.9167, 1.0, 1.0, 0.75, 0.0, 0.8, 0.8889, 0.0, 0.8333, 1.0, 0.7143, 1.0, 0.0, 1.0, 1.0, 0.0, 0.6667, 1.0, 1.0, 0.875, 0.0, 0.8333, 0.875, 0.0, 0.9167, 1.0, 0.75, 1.0, 0.0, 0.8, 0.7778, 0.0, 0.9, 1.0, 0.875, 0.9091, 0.0, 0.75, 0.9286, 0.1429, 1.0, 0.75, 0.7273, 0.8, 0.0, 0.3, 0.9, 0.7143, 0.5714, 0.8889, 0.875, 0.75, 0.0, 0.0, 1.0, 0.0, 0.875, 0.0, 0.8, 0.7143, 0.0, 0.0, 0.75, 0.0, 1.0, 0.0, 0.0, 0.8571, 0.0, 0.0, 0.9, 0.0, 0.6, 0.0, 0.1429, 1.0, 0.125, 0.0, 0.9, 0.0, 0.7778, 0.0, 0.1429, 0.8889, 0.0, 0.0, 0.6667, 0.0, 0.9167, 0.0, 0.0, 0.8333, 0.25, 0.0, 0.1111, 0.0, 0.8571, 0.0, 0.0, 1.0, 0.0, 0.0, 0.1667, 0.1111, 0.9091, 0.0, 0.0, 0.8333, 0.0, 0.0, 0.125, 0.2, 0.6667, 0.125, 0.0, 0.125, 0.0, 0.0, 0.0, 0.0, 1.0, 0.0, 0.0, 0.0, 0.0, 0.5, 0.0, 0.0, 1.0, 0.0, 0.0, 0.0, 0.0, 0.8571, 0.0, 0.25, 0.9, 0.0, 0.0, 0.0, 0.0, 0.0, 0.0, 0.0, 0.875, 0.0, 0.0, 0.0, 0.25, 0.0, 0.1, 0.0, 0.7778, 0.0, 0.0, 0.1667, 0.0, 0.1429, 0.1667, 0.0, 0.4, 0.0, 0.1, 0.0, 0.0, 0.0, 1.0, 0.0, 0.8889, 0.0, 0.0, 0.0, 0.0, 0.0, 1.0, 0.0, 0.875, 0.1667, 0.0, 0.1538, 0.0, 0.0, 1.0, 0.0, 0.6667, 0.0, 0.0, 0.8571, 0.3333, 0.0, 1.0, 0.0, 0.8571, 0.0, 0.0, 0.9, 0.0, 0.0, 0.8571, 0.0, 1.0, 0.0, 0.1111, 0.7143, 0.0, 0.0, 1.0, 0.0, 0.8571, 0.0, 0.0, 1.0, 0.1429, 0.0, 0.875, 0.0, 0.5, 0.0, 0.7143, 0.9, 0.125, 0.0, 0.8889, 0.0, 0.8889, 0.3333, 0.7143, 0.8182, 0.0, 0.1667]"
random,7,random,0.314,0.314,0.314,0.0,33,True,628,0,295,1035,42,"[0.05, 0.0605, 0.0725, 0.092, 0.123, 0.1515, 0.1825, 0.2035, 0.219, 0.2375, 0.254, 0.264, 0.2755, 0.2845, 0.289, 0.293, 0.2935, 0.294, 0.295, 0.2965, 0.2985, 0.2995, 0.301, 0.3025, 0.303, 0.304, 0.305, 0.306, 0.309, 0.3105, 0.311, 0.313, 0.314, 0.314, 0.314, 0.314, 0.314, 0.314, 0.314, 0.314, 0.314, 0.314, 0.314, 0.314, 0.314, 0.314, 0.314, 0.314, 0.314, 0.314, 0.314, 0.314, 0.314, 0.314, 0.314, 0.314, 0.314, 0.314, 0.314, 0.314, 0.314, 0.314, 0.314, 0.314, 0.314, 0.314, 0.314, 0.314, 0.314, 0.314, 0.314, 0.314, 0.314, 0.314, 0.314, 0.314, 0.314, 0.314, 0.314, 0.314, 0.314]","{""0"": 0.1521, ""1"": 0.3108, ""2"": 0.0043, ""3"": 0.781, ""4"": 0.3792, ""5"": 0.5802, ""6"": 0.0075, ""7"": 0.3295}","[0.2222, 0.0, 0.6667, 0.0, 1.0, 0.0, 0.7273, 0.0, 0.9, 0.0, 0.7143, 0.0, 0.7778, 0.0, 0.75, 0.0, 0.8571, 0.0, 1.0, 0.0, 1.0, 0.0, 0.8333, 0.0, 1.0, 0.0, 0.25, 0.0, 0.75, 0.8889, 1.0, 0.0, 0.875, 0.0, 0.4, 0.0, 0.9091, 0.8571, 0.875, 0.0, 0.5, 0.0, 0.0, 0.0, 1.0, 0.8333, 0.8571, 0.1429, 0.0, 1.0, 0.0, 0.0, 0.75, 1.0, 1.0, 0.0, 0.0, 0.8, 0.0, 0.0, 0.8462, 0.8, 0.875, 0.0, 0.0, 1.0, 0.0, 0.0, 1.0, 0.4, 0.0833, 0.0, 0.0, 0.7778, 0.0, 0.0, 0.8571, 0.8889, 0.0, 0.0, 0.0, 0.6667, 0.0, 0.0, 1.0, 0.8889, 0.0, 0.0, 0.0, 0.6667, 0.0769, 0.0, 1.0, 0.875, 0.0, 0.0, 0.0, 0.0, 0.0, 0.0, 1.0, 0.7143, 0.0, 0.0, 0.0, 0.0, 0.0, 0.0, 0.875, 0.8182, 0.0, 0.0, 0.0, 0.0, 0.1667, 0.0, 0.8, 0.7857, 0.0, 0.0, 0.0, 0.0, 0.0, 0.0, 1.0, 0.875, 0.0, 0.0, 0.0, 0.0, 0.0, 0.0, 0.7778, 0.0, 0.0, 0.0, 0.0, 0.0, 0.0, 0.0, 0.8571, 0.0, 0.1667, 0.0, 0.0, 0.0, 0.0, 0.0, 0.8333, 0.0, 0.1111, 0.0, 0.0, 0.0, 0.1111, 0.0, 0.6667, 0.125, 0.8333, 0.0, 0.0, 0.0, 0.75, 0.0, 0.0, 0.0, 0.8333, 0.0, 0.0, 0.0, 0.875, 0.0, 0.0, 0.0, 1.0, 0.0, 0.0, 0.0, 0.875, 0.0, 0.1667, 0.0, 1.0, 0.0, 0.1429, 0.0, 0.875, 0.0, 0.75, 0.0833, 0.7778, 0.0, 0.0, 0.0, 0.0, 0.0, 0.8571, 0.0, 0.75, 0.0, 0.7778, 0.0, 0.0, 0.0, 1.0, 0.0, 0.9, 0.0, 1.0, 0.0, 0.1111, 0.0, 0.8889, 0.1111, 1.0, 0.0, 0.7, 0.0, 1.0, 0.125, 0.9091, 0.0, 0.8571, 0.0909, 0.8, 0.0, 1.0, 0.0, 0.75, 0.0, 1.0, 0.0, 1.0, 0.0, 0.5714, 0.0, 0.7778, 0.0, 0.8571, 0.0, 0.7778, 0.0, 1.0, 0.0, 0.8571, 0.1429, 0.8333, 0.0, 0.875, 0.0769]"
random,8,random,0.4715,0.4715,0.4715,0.0,38,True,943,0,276,732,49,"[0.05, 0.0665, 0.0845, 0.1085, 0.1355, 0.1615, 0.1775, 0.195, 0.216, 0.234, 0.2495, 0.263, 0.2745, 0.288, 0.304, 0.311, 0.322, 0.333, 0.3405, 0.3495, 0.3585, 0.365, 0.3735, 0.3815, 0.3855, 0.394, 0.405, 0.4145, 0.4215, 0.4315, 0.439, 0.4445, 0.45, 0.4555, 0.4605, 0.466, 0.4685, 0.4715, 0.4715, 0.4715, 0.4715, 0.4715, 0.4715, 0.4715, 0.4715, 0.4715, 0.4715, 0.4715, 0.4715, 0.4715, 0.4715, 0.4715, 0.4715, 0.4715, 0.4715, 0.4715, 0.4715, 0.4715, 0.4715, 0.4715, 0.4715, 0.4715, 0.4715, 0.4715, 0.4715, 0.4715, 0.4715, 0.4715, 0.4715, 0.4715, 0.4715, 0.4715, 0.4715, 0.4715, 0.4715, 0.4715, 0.4715, 0.4715, 0.4715, 0.4715, 0.4715]","{""0"": 0.3858, ""1"": 0.0116, ""2"": 0.8584, ""3"": 0.3388, ""4"": 0.8838, ""5"": 0.4275, ""6"": 0.0042, ""7"": 0.8846}","[0.4444, 0.0, 0.0, 1.0, 0.0, 0.8333, 1.0, 0.0, 0.8571, 0.0, 0.0, 1.0, 0.0, 1.0, 0.5, 0.0, 0.7273, 0.0, 0.1429, 1.0, 0.0, 1.0, 0.9091, 0.0, 0.8125, 0.0, 0.0, 0.6667, 0.2222, 1.0, 0.9, 0.0, 0.8182, 0.0, 0.0, 1.0, 0.2, 1.0, 0.875, 0.0, 1.0, 0.0, 0.0, 0.8333, 0.875, 1.0, 0.7778, 0.0, 1.0, 0.0, 0.0, 1.0, 0.7778, 0.7778, 0.75, 0.0, 0.8, 0.8571, 0.0, 0.8333, 1.0, 0.6667, 1.0, 0.0, 0.9286, 1.0, 0.0, 0.8889, 0.3333, 0.8, 0.9, 0.0, 1.0, 0.8889, 0.0, 1.0, 0.0, 0.8, 1.0, 0.0, 1.0, 1.0, 0.0, 0.8, 0.0, 1.0, 1.0, 0.0, 0.875, 0.8571, 0.0, 1.0, 0.0, 0.8333, 0.8182, 0.0, 0.8571, 1.0, 0.0, 0.875, 0.0, 0.75, 0.5, 0.0, 0.8182, 0.7778, 0.0, 0.8889, 0.0, 1.0, 0.0, 0.0, 1.0, 0.875, 0.0, 0.5714, 0.0, 1.0, 0.0, 0.0, 0.8333, 0.8333, 0.0, 0.7143, 0.0, 1.0, 0.2, 0.0, 0.625, 0.0, 0.1429, 1.0, 0.0, 0.8333, 0.0, 0.0, 1.0, 0.0, 0.0, 0.6667, 0.0, 0.9091, 0.0, 0.0, 1.0, 0.0, 0.0, 0.875, 0.0, 0.9091, 0.0, 0.0, 0.8571, 0.0909, 0.0, 0.7, 0.0, 1.0, 0.0, 0.1429, 0.9167, 0.0, 0.1667, 0.875, 0.0, 0.8889, 0.0, 0.0, 1.0, 0.8333, 0.0, 0.8333, 0.5714, 0.8, 0.0, 0.0, 0.9091, 0.8571, 0.0, 0.6667, 1.0, 0.875, 0.0, 0.0, 1.0, 0.75, 0.0, 0.75, 1.0, 0.9091, 0.0, 0.0, 0.8, 0.7778, 0.0, 1.0, 0.9, 1.0, 0.0, 0.0, 0.8889, 0.8889, 0.0, 0.8333, 0.8889, 0.8889, 0.1, 0.0, 0.875, 0.875, 0.0, 0.8571, 0.8333, 1.0, 0.0, 0.0, 1.0, 0.0, 0.0, 0.8, 1.0, 0.6667, 0.0, 0.0, 0.8, 0.0, 0.0, 1.0, 1.0, 0.9, 0.75, 0.0, 0.8667, 0.0, 0.0, 0.875, 0.875, 0.6, 0.875, 0.0, 0.875, 0.0, 0.0, 0.7778, 0.0, 1.0, 0.8571, 0.0, 0.9091, 0.0]"
random,9,random,0.384,0.384,0.384,0.0,45,True,768,0,306,874,52,"[0.05, 0.063, 0.075, 0.0945, 0.112, 0.131, 0.1485, 0.163, 0.1745, 0.187, 0.1995, 0.2085, 0.216, 0.224, 0.231, 0.242, 0.252, 0.2605, 0.2725, 0.2825, 0.2875, 0.2905, 0.297, 0.3015, 0.3065, 0.3105, 0.317, 0.323, 0.3305, 0.338, 0.3435, 0.3455, 0.347, 0.349, 0.3515, 0.355, 0.3605, 0.364, 0.3665, 0.369, 0.373, 0.3765, 0.3795, 0.3835, 0.384, 0.384, 0.384, 0.384, 0.384, 0.384, 0.384, 0.384, 0.384, 0.384, 0.384, 0.384, 0.384, 0.384, 0.384, 0.384, 0.384, 0.384, 0.384, 0.384, 0.384, 0.384, 0.384, 0.384, 0.384, 0.384, 0.384, 0.384, 0.384, 0.384, 0.384, 0.384, 0.384, 0.384, 0.384, 0.384, 0.384]","{""0"": 0.87, ""1"": 0.1245, ""2"": 0.3784, ""3"": 0.8803, ""4"": 0.4945, ""5"": 0.3665, ""6"": 0.0199, ""7"": 0.0204}","[0.5556, 0.8333, 0.0, 0.0, 0.875, 0.8333, 1.0, 0.0, 0.0, 0.8889, 0.0, 0.0, 0.9, 1.0, 0.8, 0.0, 0.0, 1.0, 0.0, 0.0, 1.0, 1.0, 1.0, 0.0, 0.0, 1.0, 0.0, 0.0, 0.8889, 0.75, 1.0, 0.0, 0.0, 1.0, 0.0, 0.8333, 0.7, 0.8571, 0.625, 0.0, 0.1667, 1.0, 0.0, 0.7143, 1.0, 0.8571, 0.8889, 0.0, 0.0, 1.0, 0.0, 1.0, 0.875, 0.7, 1.0, 0.0, 0.0, 0.8333, 0.0, 0.8889, 1.0, 1.0, 0.8571, 0.0, 0.6667, 0.7143, 0.0, 0.8889, 1.0, 0.6667, 0.4, 0.0, 0.0, 1.0, 0.0, 0.8889, 1.0, 0.625, 0.0, 0.0, 0.0, 0.75, 0.0, 1.0, 0.8889, 0.75, 0.0, 0.0, 0.0, 1.0, 0.0, 1.0, 1.0, 1.0, 0.0, 0.0, 0.0, 0.6667, 0.0, 0.8182, 1.0, 1.0, 0.0, 0.0, 0.0, 1.0, 0.0, 0.8182, 1.0, 0.9091, 0.0, 0.1429, 0.0, 0.8333, 0.1429, 0.875, 1.0, 0.8, 0.0, 0.0, 0.0, 1.0, 0.6667, 0.8889, 0.8333, 0.1538, 0.0, 0.0, 0.0, 1.0, 0.0, 0.7143, 0.7143, 0.0, 0.0, 0.0, 0.0, 0.875, 0.0, 0.0, 0.625, 0.0, 0.0, 0.0, 0.0, 1.0, 0.0, 0.1111, 1.0, 0.0, 0.0, 0.0, 0.0, 0.5714, 0.0, 0.25, 1.0, 0.4, 0.0, 0.1111, 0.0, 0.7778, 0.0, 0.0, 0.9091, 0.4286, 0.0, 0.1667, 0.0, 0.7143, 0.0, 0.3333, 1.0, 0.0, 0.0, 0.0, 0.0, 0.875, 0.2, 0.1, 0.75, 0.0, 0.0, 0.1111, 0.0, 0.8333, 0.25, 0.0, 0.6667, 0.0, 0.0, 0.0, 0.0, 0.8571, 0.8182, 0.0, 0.75, 0.0909, 0.0, 0.0, 0.0, 0.8571, 0.75, 0.0, 0.7778, 0.0, 0.0, 0.0, 0.0, 0.9, 1.0, 0.1, 0.6667, 0.1111, 0.5714, 0.0, 0.0, 1.0, 0.75, 0.0, 0.8462, 0.125, 1.0, 0.0, 0.0, 0.75, 0.0, 0.0, 1.0, 0.8, 0.6, 0.0, 0.0, 0.7143, 0.0, 0.0, 0.8571, 1.0, 0.7, 0.0, 0.0, 0.6, 0.0, 0.0, 0.8889, 1.0, 0.8333, 0.125, 0.0, 1.0]"
random,10,random,0.155,0.155,0.155,0.0,33,True,310,0,308,1314,68,"[0.05, 0.056, 0.064, 0.0665, 0.073, 0.079, 0.081, 0.0815, 0.0835, 0.084, 0.085, 0.088, 0.093, 0.101, 0.107, 0.113, 0.1175, 0.123, 0.128, 0.133, 0.137, 0.1385, 0.141, 0.1435, 0.147, 0.149, 0.1505, 0.151, 0.1515, 0.1535, 0.154, 0.1545, 0.155, 0.155, 0.155, 0.155, 0.155, 0.155, 0.155, 0.155, 0.155, 0.155, 0.155, 0.155, 0.155, 0.155, 0.155, 0.155, 0.155, 0.155, 0.155, 0.155, 0.155, 0.155, 0.155, 0.155, 0.155, 0.155, 0.155, 0.155, 0.155, 0.155, 0.155, 0.155, 0.155, 0.155, 0.155, 0.155, 0.155, 0.155, 0.155, 0.155, 0.155, 0.155, 0.155, 0.155, 0.155, 0.155, 0.155, 0.155, 0.155]","{""0"": 0.4232, ""1"": 0.0, ""2"": 0.0241, ""3"": 0.2454, ""4"": 0.1143, ""5"": 0.0553, ""6"": 0.0138, ""7"": 0.3589}","[0.4444, 0.2, 0.0, 0.0, 0.0, 0.4286, 0.0, 0.0, 0.0, 0.0, 0.0, 0.125, 0.9286, 0.1429, 0.0, 0.0, 0.0, 0.0, 0.0, 0.0, 1.0, 0.0, 0.0, 0.0, 0.0, 0.0, 0.0, 0.125, 0.0, 0.25, 0.0, 0.0, 0.0, 0.0, 0.0, 0.0, 0.0, 1.0, 0.0, 0.0, 0.0, 0.0, 0.0, 0.0, 0.0, 0.875, 0.1429, 0.0, 0.0, 0.0, 0.0, 0.0, 0.0, 0.8, 0.0, 0.1667, 0.0, 0.0, 0.0, 0.0, 0.0, 0.1667, 0.0, 0.0, 0.0, 0.5, 0.0, 0.0, 0.0, 0.0, 0.0, 0.0, 0.0, 0.8571, 0.0, 0.0, 0.0, 0.0, 0.0, 0.1667, 0.0, 0.75, 0.0, 0.0, 0.0, 0.0, 0.0, 0.0, 0.0, 1.0, 0.0, 0.0, 0.0, 0.0, 0.1111, 0.0, 0.125, 0.875, 0.0, 0.0, 0.0, 0.5, 0.0, 0.0, 0.8889, 1.0, 0.0, 0.0, 0.0, 0.0, 0.0, 0.0, 0.8571, 1.0, 0.0, 0.0, 0.0, 0.0, 0.0, 0.0, 0.8889, 0.8, 0.0, 0.0, 0.0, 0.0, 0.0, 0.0, 0.7778, 1.0, 0.0, 0.0, 0.0, 0.125, 0.0, 0.0, 0.8333, 1.0, 0.0, 0.0, 0.0, 0.0, 0.0, 0.0, 1.0, 0.7273, 0.0, 0.0, 0.0, 0.0, 0.0, 0.0, 1.0, 0.7, 0.0, 0.0, 0.4, 0.0, 0.0, 0.0, 1.0, 0.8571, 0.0, 0.0, 0.8571, 0.0, 0.0, 0.0, 0.6667, 1.0, 0.0, 0.0833, 0.8, 0.0, 0.0, 0.0, 0.8571, 0.8571, 0.0, 0.0, 0.1111, 0.0, 0.0, 0.0, 0.9, 0.8, 0.0, 0.0, 0.0, 0.0, 0.0, 0.0, 0.8571, 0.0, 0.0, 0.0, 0.2857, 0.0, 0.5556, 0.0, 0.6667, 0.0, 0.0, 0.0, 0.8571, 0.0, 0.0, 0.0, 0.0, 0.0, 0.0, 0.0, 0.7778, 0.0, 0.0, 0.0, 0.0, 0.0, 0.0, 0.0, 0.8889, 0.0, 0.0, 0.0, 0.0, 0.0, 0.0, 0.0, 0.0, 0.0, 0.1538, 0.0, 0.0, 0.3333, 0.0, 0.2, 0.0, 0.0, 0.6, 0.0, 0.0, 0.0, 0.0, 0.3333, 0.0, 0.0, 0.1429, 0.0, 0.0, 0.4]"
random,11,random,0.2085,0.2085,0.2085,0.0,22,True,417,0,283,1230,70,"[0.05, 0.0555, 0.059, 0.066, 0.0785, 0.0945, 0.1105, 0.127, 0.137, 0.1455, 0.1565, 0.168, 0.1735, 0.1775, 0.1805, 0.1865, 0.194, 0.2, 0.2035, 0.206, 0.208, 0.2085, 0.2085, 0.2085, 0.2085, 0.2085, 0.2085, 0.2085, 0.2085, 0.2085, 0.2085, 0.2085, 0.2085, 0.2085, 0.2085, 0.2085, 0.2085, 0.2085, 0.2085, 0.2085, 0.2085, 0.2085, 0.2085, 0.2085, 0.2085, 0.2085, 0.2085, 0.2085, 0.2085, 0.2085, 0.2085, 0.2085, 0.2085, 0.2085, 0.2085, 0.2085, 0.2085, 0.2085, 0.2085, 0.2085, 0.2085, 0.2085, 0.2085, 0.2085, 0.2085, 0.2085, 0.2085, 0.2085, 0.2085, 0.2085, 0.2085, 0.2085, 0.2085, 0.2085, 0.2085, 0.2085, 0.2085, 0.2085, 0.2085, 0.2085, 0.2085]","{""0"": 0.2133, ""1"": 0.241, ""2"": 0.8911, ""3"": 0.0077, ""4"": 0.2366, ""5"": 0.061, ""6"": 0.0078, ""7"": 0.0276}","[0.1111, 1.0, 0.8571, 0.8889, 0.0, 0.0, 0.0, 0.0, 0.0, 0.6667, 1.0, 1.0, 0.0, 0.0, 0.0, 0.0, 0.0, 1.0, 0.8571, 1.0, 0.0, 0.0, 0.0, 0.0, 0.0, 1.0, 0.875, 0.8889, 0.0, 0.0, 0.0, 0.0, 0.0, 0.0, 1.0, 1.0, 0.0, 0.0, 0.0, 0.0, 0.0, 0.0, 0.8, 1.0, 0.0, 0.0, 0.0, 0.0, 0.0, 0.0909, 0.0, 1.0, 0.0, 0.0, 0.0, 0.0, 0.0, 0.0, 0.0, 1.0, 0.0, 0.0, 0.0, 0.0, 0.0, 0.0, 0.25, 0.9231, 0.0, 0.0, 0.0, 0.0, 0.0, 0.0, 0.0, 1.0, 0.0, 0.0, 0.0, 0.0, 0.0, 0.0, 0.0, 0.8571, 0.125, 0.0, 0.0, 0.0, 0.0769, 0.0, 0.0, 0.5714, 0.0, 0.0, 0.0, 0.0, 0.0, 0.0, 0.0, 0.8571, 0.0, 0.0, 0.0, 0.0, 0.0, 0.0, 0.0, 1.0, 0.0, 0.0, 0.0, 0.0, 0.75, 0.0, 0.0, 0.6, 0.1111, 0.0, 0.6667, 0.0, 0.0, 0.0, 0.1111, 0.75, 0.0, 0.1, 0.125, 0.0, 0.0, 0.0, 0.0, 1.0, 0.0, 0.8, 0.0, 0.1, 0.0, 0.0, 0.0, 1.0, 0.0, 1.0, 0.0, 0.0, 0.0, 0.1429, 0.0, 0.8182, 0.0, 0.8889, 0.0, 0.125, 0.0, 0.0, 0.0, 0.8, 0.0, 1.0, 0.0, 0.0, 0.0, 0.0, 0.0, 0.875, 0.0, 1.0, 0.0, 0.0, 0.0, 0.0, 0.0, 1.0, 0.0, 0.9167, 0.0, 0.0, 0.0, 0.0, 0.0, 1.0, 0.0, 0.5, 0.0, 0.0, 0.0, 0.0, 0.0, 1.0, 0.0, 0.75, 0.0, 0.0, 0.0, 0.0, 0.0, 0.8333, 0.0, 0.125, 0.0, 0.0, 0.0, 0.0, 0.0, 0.6667, 0.0, 0.0833, 0.0, 0.0, 0.0, 0.1111, 0.0, 1.0, 0.0, 0.0, 0.0, 0.0, 0.0, 0.5, 0.0, 0.6667, 0.0, 0.0, 0.0, 0.0, 0.0, 1.0, 0.0, 0.9, 0.0, 0.0, 0.1429, 0.0, 0.0, 1.0, 0.875, 0.8889, 0.0, 0.0, 0.25, 0.0, 0.0, 1.0, 0.8333, 0.8571, 0.0, 0.0, 0.7143, 0.0, 0.0, 0.75]"
champions,0,champions,0.4155,0.4155,0.4155,0.0,24,True,831,0,292,843,34,"[0.05, 0.076, 0.107, 0.143, 0.176, 0.2055, 0.228, 0.2485, 0.2715, 0.29, 0.3045, 0.3205, 0.333, 0.34, 0.3495, 0.3625, 0.3715, 0.384, 0.3935, 0.4045, 0.41, 0.4135, 0.415, 0.4155, 0.4155, 0.4155, 0.4155, 0.4155, 0.4155, 0.4155, 0.4155, 0.4155, 0.4155, 0.4155, 0.4155, 0.4155, 0.4155, 0.4155, 0.4155, 0.4155, 0.4155, 0.4155, 0.4155, 0.4155, 0.4155, 0.4155, 0.4155, 0.4155, 0.4155, 0.4155, 0.4155, 0.4155, 0.4155, 0.4155, 0.4155, 0.4155, 0.4155, 0.4155, 0.4155, 0.4155, 0.4155, 0.4155, 0.4155, 0.4155, 0.4155, 0.4155, 0.4155, 0.4155, 0.4155, 0.4155, 0.4155, 0.4155, 0.4155, 0.4155, 0.4155, 0.4155, 0.4155, 0.4155, 0.4155, 0.4155, 0.4155]","{""0"": 0.7614, ""1"": 0.5325, ""2"": 0.237, ""3"": 0.8333, ""4"": 0.0042, ""5"": 0.4777, ""6"": 0.0601, ""7"": 0.364}","[0.7778, 1.0, 1.0, 0.0, 1.0, 0.0, 1.0, 0.0, 1.0, 0.75, 0.75, 0.0, 0.5714, 0.0, 0.8571, 0.0, 0.0, 0.75, 0.7, 0.0, 0.75, 0.0, 0.8182, 0.0, 0.0, 1.0, 0.8571, 0.0, 0.4286, 0.0, 0.8333, 0.0, 0.0, 0.0, 0.6667, 0.0, 0.75, 0.0, 1.0, 0.0, 0.0, 0.0, 0.2222, 0.0, 0.7778, 0.0, 0.8, 0.0, 0.0, 0.0, 0.0, 0.0, 0.9091, 0.0, 1.0, 0.0, 0.0, 0.0, 0.0, 0.3, 0.8, 0.0, 0.6, 1.0, 0.0, 1.0, 0.0, 0.0, 1.0, 0.0, 0.9091, 0.875, 0.0, 0.25, 0.0, 0.0, 0.9, 0.25, 0.8, 0.1, 0.0, 0.9091, 0.0, 0.0, 0.8571, 0.0, 0.6667, 0.0, 0.0, 0.8333, 0.1, 0.0, 0.7143, 0.0, 0.125, 0.0, 0.0, 0.7273, 0.0, 0.0, 0.7778, 0.0, 0.0, 0.0, 0.0, 0.8889, 0.0, 0.0, 1.0, 0.0, 0.0, 0.0909, 0.1667, 0.8462, 0.0, 0.0, 0.8333, 0.0, 0.0, 0.0, 0.0, 0.9091, 0.0, 0.0, 0.8333, 0.0, 0.0, 0.0, 0.0, 0.8333, 0.0, 0.0, 1.0, 0.0, 0.125, 0.0, 0.0, 0.9167, 0.2, 0.25, 1.0, 0.0, 0.0, 0.0, 0.0, 1.0, 1.0, 1.0, 0.7143, 0.0, 0.0, 0.0, 0.0, 1.0, 1.0, 0.7778, 0.625, 0.0, 0.2222, 0.0, 0.125, 1.0, 1.0, 0.9167, 0.875, 0.0, 0.0, 0.0, 0.75, 0.9167, 0.9091, 0.7273, 0.6667, 0.0, 0.1667, 0.0, 0.8, 0.8182, 1.0, 0.9, 0.75, 0.0, 0.0, 0.0, 0.875, 0.8889, 0.8, 0.8, 1.0, 0.0, 0.0, 0.0, 1.0, 1.0, 0.8, 0.6364, 1.0, 0.0, 0.0, 0.0, 0.9167, 1.0, 0.8889, 0.1, 1.0, 0.0, 0.6, 0.0, 1.0, 0.875, 0.8182, 0.0, 1.0, 0.0, 0.7273, 0.0, 0.6, 0.9091, 0.9167, 0.0, 1.0, 0.0, 0.75, 0.0, 0.8571, 1.0, 1.0, 0.0, 0.75, 0.0, 0.7, 0.0, 0.8571, 0.8, 0.8571, 0.0, 0.7143, 0.0, 0.9, 0.0, 1.0, 0.75, 0.8, 0.0, 0.9167, 0.0, 1.0, 0.0, 0.9231, 0.9]"
champions,1,champions,0.432,0.432,0.432,-0.0,43,True,864,0,290,801,45,"[0.05, 0.0795, 0.105, 0.128, 0.155, 0.184, 0.2065, 0.2315, 0.26, 0.283, 0.2975, 0.3095, 0.32, 0.331, 0.345, 0.355, 0.362, 0.37, 0.3795, 0.3865, 0.3895, 0.3925, 0.3965, 0.4015, 0.4035, 0.407, 0.411, 0.4125, 0.4145, 0.416, 0.418, 0.42, 0.421, 0.4225, 0.4235, 0.4245, 0.4265, 0.4275, 0.428, 0.429, 0.4305, 0.4315, 0.432, 0.432, 0.432, 0.432, 0.432, 0.432, 0.432, 0.432, 0.432, 0.432, 0.432, 0.432, 0.432, 0.432, 0.432, 0.432, 0.432, 0.432, 0.432, 0.432, 0.432, 0.432, 0.432, 0.432, 0.432, 0.432, 0.432, 0.432, 0.432, 0.432, 0.432, 0.432, 0.432, 0.432, 0.432, 0.432, 0.432, 0.432, 0.432]","{""0"": 0.5736, ""1"": 0.4361, ""2"": 0.0077, ""3"": 0.0122, ""4"": 0.7251, ""5"": 0.6169, ""6"": 0.6602, ""7"": 0.4223}","[0.4444, 1.0, 0.0, 0.0, 0.0, 1.0, 1.0, 1.0, 0.0, 0.8333, 0.0, 0.0, 0.0, 0.625, 0.7143, 1.0, 0.0, 0.7143, 0.0, 0.0, 0.0, 0.5, 0.7778, 0.8182, 0.0, 1.0, 0.0, 0.0, 0.0, 1.0, 0.6667, 0.8182, 0.0, 1.0, 0.0, 0.0, 0.0, 0.6667, 0.8, 0.8, 0.0, 0.6667, 0.0, 0.0, 0.0, 1.0, 1.0, 1.0, 0.0, 1.0, 0.1429, 0.0, 0.0, 0.7273, 0.8182, 0.5714, 0.0, 0.8182, 0.6, 0.0, 0.0, 0.1667, 0.7273, 1.0, 0.0, 0.8571, 0.8889, 0.0, 0.0, 0.0, 1.0, 0.875, 0.1111, 0.9, 1.0, 0.0, 0.0, 0.1111, 0.8571, 0.875, 0.0, 0.75, 1.0, 0.0, 0.0, 0.0, 0.8, 1.0, 0.7, 0.9167, 1.0, 0.0, 0.0, 0.0, 0.7778, 1.0, 0.625, 0.875, 0.9333, 0.0, 0.0, 0.1111, 0.375, 0.6667, 0.7143, 0.875, 0.8333, 0.0833, 0.2, 0.7778, 0.0, 1.0, 0.8182, 1.0, 1.0, 0.0, 0.0, 1.0, 0.0, 0.7143, 0.8889, 0.1818, 0.75, 0.0, 0.0, 0.6667, 0.0, 1.0, 0.7778, 0.0, 0.875, 0.0, 0.0, 0.8571, 0.0, 0.75, 0.5556, 0.0, 0.7778, 0.0, 0.1818, 0.8, 0.0, 0.9, 0.75, 0.0, 1.0, 0.125, 0.0, 1.0, 0.0, 0.8333, 1.0, 0.0, 0.75, 0.0, 0.0, 0.8333, 0.0, 0.0, 1.0, 0.0, 0.5, 0.0, 0.0, 0.6667, 0.0, 0.0, 1.0, 0.0, 0.0, 0.0, 0.0, 0.8571, 0.8333, 0.1, 1.0, 0.0, 0.0, 0.0, 0.0, 0.8182, 0.6667, 0.0, 0.8333, 0.0, 0.0, 0.0, 0.0, 0.9091, 0.8889, 0.0, 1.0, 0.0, 0.0, 0.0, 0.0, 1.0, 0.8333, 0.2222, 0.7143, 0.0, 0.0, 0.0, 0.0, 1.0, 1.0, 0.0, 0.0, 0.0, 0.0, 0.0, 0.0, 0.8, 0.875, 0.1429, 0.0, 0.6667, 0.0, 0.0, 0.0, 0.9, 1.0, 1.0, 0.2, 0.8333, 0.0, 0.0, 0.0, 1.0, 1.0, 0.8, 0.1, 0.8889, 0.0, 0.0, 0.0, 0.875, 0.875, 0.8571, 0.0, 1.0, 0.0, 0.0, 0.0, 0.8333, 0.875, 1.0, 0.0, 0.9]"
champions,2,champions,0.399,0.399,0.399,0.0,38,True,798,0,274,882,46,"[0.05, 0.0695, 0.0985, 0.1295, 0.1585, 0.186, 0.204, 0.2145, 0.2355, 0.2565, 0.268, 0.2745, 0.283, 0.288, 0.294, 0.3, 0.306, 0.313, 0.3185, 0.324, 0.3315, 0.3375, 0.3435, 0.3505, 0.3565, 0.3615, 0.3655, 0.368, 0.37, 0.373, 0.379, 0.3825, 0.387, 0.391, 0.3945, 0.397, 0.3985, 0.399, 0.399, 0.399, 0.399, 0.399, 0.399, 0.399, 0.399, 0.399, 0.399, 0.399, 0.399, 0.399, 0.399, 0.399, 0.399, 0.399, 0.399, 0.399, 0.399, 0.399, 0.399, 0.399, 0.399, 0.399, 0.399, 0.399, 0.399, 0.399, 0.399, 0.399, 0.399, 0.399, 0.399, 0.399, 0.399, 0.399, 0.399, 0.399, 0.399, 0.399, 0.399, 0.399, 0.399]","{""0"": 0.211, ""1"": 0.1558, ""2"": 0.6769, ""3"": 0.0078, ""4"": 0.4646, ""5"": 0.8672, ""6"": 0.004, ""7"": 0.7529}","[0.5556, 0.0, 0.75, 0.8182, 0.0, 0.1429, 1.0, 0.0, 0.1, 0.4, 0.75, 1.0, 0.1111, 0.0, 0.8182, 0.0, 0.125, 1.0, 1.0, 1.0, 0.0, 0.0, 0.6667, 0.0, 1.0, 0.8571, 0.0, 1.0, 0.1111, 0.0, 0.7857, 0.0, 1.0, 0.8333, 0.0, 0.8333, 0.0, 0.1667, 0.625, 0.0, 0.875, 1.0, 0.0, 0.7778, 0.0, 0.0, 1.0, 0.0, 0.7778, 1.0, 0.0, 0.9167, 0.0, 0.0, 1.0, 0.0, 0.8571, 0.75, 0.0, 0.8, 0.0, 0.0, 0.875, 0.0, 1.0, 0.1429, 0.0, 0.8333, 0.0, 0.0, 0.8, 0.0, 1.0, 0.0, 0.0, 0.75, 0.0, 0.0, 1.0, 0.0, 0.9, 0.0, 0.0, 1.0, 0.0, 0.0, 1.0, 0.0, 1.0, 0.0, 0.0, 0.8571, 0.0, 0.0, 0.5556, 0.0, 0.7778, 0.0, 0.0, 0.8571, 0.0, 0.0, 1.0, 0.125, 1.0, 0.0, 0.0, 0.8, 0.0, 0.0, 0.75, 0.0, 0.8889, 0.0, 0.0, 0.5714, 0.0, 0.0, 0.6, 0.0, 1.0, 0.0, 0.0, 1.0, 0.0, 0.1667, 0.75, 0.0, 1.0, 0.0, 0.0, 1.0, 0.0, 0.9, 1.0, 0.0, 1.0, 0.0, 0.2, 0.8333, 0.0, 0.75, 1.0, 0.0, 0.8333, 0.0, 0.0, 0.4, 0.0, 0.9167, 0.4444, 0.0, 0.875, 0.0, 0.0, 0.0, 0.0, 1.0, 1.0, 0.0, 0.9091, 0.0, 0.0, 0.0, 0.0, 1.0, 1.0, 0.0, 0.875, 0.0, 0.0, 0.0, 0.0, 1.0, 1.0, 0.0, 1.0, 0.0, 0.0, 0.0, 0.0, 0.7778, 1.0, 0.0, 1.0, 0.0, 0.0, 0.0, 0.0, 1.0, 0.5714, 0.0, 0.625, 0.0, 0.0, 0.0, 0.0, 1.0, 1.0, 0.0, 0.8889, 0.0, 0.0, 0.0, 0.0, 0.8333, 1.0, 0.0, 0.75, 0.0, 0.0, 0.8333, 0.0, 0.7778, 0.8182, 0.0, 0.7778, 0.0, 0.0, 1.0, 0.0, 0.2, 1.0, 0.0, 0.0, 0.0, 1.0, 0.8571, 0.0, 0.7143, 1.0, 0.0, 0.0, 0.0, 0.8333, 0.8571, 0.0, 0.8571, 0.9231, 0.0, 0.0, 0.0, 0.875, 0.7778, 0.0, 0.8, 0.8571, 0.0, 0.0, 0.0]"
champions,3,champions,0.408,0.408,0.408,-0.0,35,True,816,0,303,849,32,"[0.05, 0.082, 0.1155, 0.1435, 0.1695, 0.199, 0.221, 0.236, 0.252, 0.268, 0.2845, 0.2985, 0.312, 0.3205, 0.3295, 0.3385, 0.3455, 0.3515, 0.356, 0.358, 0.3595, 0.362, 0.3635, 0.367, 0.3715, 0.3765, 0.382, 0.3875, 0.3945, 0.397, 0.398, 0.4, 0.402, 0.4055, 0.408, 0.408, 0.408, 0.408, 0.408, 0.408, 0.408, 0.408, 0.408, 0.408, 0.408, 0.408, 0.408, 0.408, 0.408, 0.408, 0.408, 0.408, 0.408, 0.408, 0.408, 0.408, 0.408, 0.408, 0.408, 0.408, 0.408, 0.408, 0.408, 0.408, 0.408, 0.408, 0.408, 0.408, 0.408, 0.408, 0.408, 0.408, 0.408, 0.408, 0.408, 0.408, 0.408, 0.408, 0.408, 0.408, 0.408]","{""0"": 0.8783, ""1"": 0.8601, ""2"": 0.0837, ""3"": 0.322, ""4"": 0.0135, ""5"": 0.2874, ""6"": 0.517, ""7"": 0.2451}","[0.6667, 0.6667, 0.8889, 0.0, 1.0, 0.0, 0.0, 0.7143, 0.0, 1.0, 0.75, 0.0, 1.0, 0.0, 0.1111, 0.9167, 0.0, 0.9167, 1.0, 0.0, 0.75, 0.125, 1.0, 0.8, 0.0, 0.6667, 0.875, 0.0, 0.8, 0.0, 0.8, 1.0, 0.1111, 0.8182, 0.8571, 0.0, 1.0, 0.0, 1.0, 0.9091, 0.0, 0.9091, 0.6, 0.0, 0.875, 0.0, 0.5714, 1.0, 0.1111, 0.875, 1.0, 0.1429, 0.125, 0.0, 0.8182, 0.8333, 0.0, 1.0, 0.875, 0.0, 0.0, 0.0, 0.6667, 0.6667, 0.0, 0.7143, 1.0, 0.0, 0.0, 0.25, 0.8, 0.7778, 0.0, 1.0, 1.0, 0.0, 0.1429, 0.0, 0.875, 0.75, 0.0, 1.0, 1.0, 0.0, 0.0, 0.0, 1.0, 0.9, 0.0, 0.8571, 0.8, 0.0, 0.0, 0.0, 0.0, 0.875, 0.0, 0.875, 0.8571, 0.375, 0.0, 0.0, 0.0, 0.9231, 0.0, 1.0, 0.8182, 0.7143, 0.0, 0.0, 0.0, 0.8667, 0.0, 0.9231, 1.0, 0.8, 0.0, 0.0, 0.0, 1.0, 0.0, 1.0, 0.8, 0.3333, 0.0, 0.0, 0.0, 0.75, 0.0, 0.8, 0.75, 0.0, 0.0, 0.0, 0.0, 0.0, 0.0, 1.0, 0.8333, 0.0, 0.0, 0.0, 0.0, 0.0, 0.2857, 0.9, 0.7692, 0.0, 0.0, 0.0, 0.0, 0.0, 0.75, 1.0, 1.0, 0.0909, 0.1667, 0.0, 0.0, 0.0, 1.0, 0.8571, 1.0, 0.0, 0.0, 0.0, 0.0, 0.0, 0.9286, 0.8333, 0.9091, 0.0, 0.0, 0.0, 0.0, 0.7273, 1.0, 0.9, 0.8333, 0.0, 0.0833, 0.0, 0.0, 0.0, 0.8333, 0.8, 0.7778, 0.0, 0.0, 0.0, 0.0, 0.0, 1.0, 0.7143, 0.8571, 0.0, 0.0, 0.0, 0.0909, 0.0, 0.8571, 0.7143, 0.4, 0.0, 0.0, 0.0, 0.0, 0.0, 0.0, 0.7143, 0.8889, 0.0, 0.0, 0.0, 0.0, 0.0, 0.0, 0.8, 1.0, 0.0, 0.0, 0.0, 0.0, 0.0, 0.0, 1.0, 0.8571, 0.0, 0.8, 0.0, 0.0, 0.0, 0.0, 0.7, 0.6923, 0.0, 1.0, 0.0, 0.0, 0.25, 0.125, 1.0, 1.0, 0.0, 0.9091, 0.0833, 0.0, 0.6667, 0.0, 1.0]"
champions,4,champions,0.591,0.591,0.591,0.0,28,True,1182,0,282,521,15,"[0.05, 0.076, 0.1075, 0.14, 0.181, 0.225, 0.266, 0.305, 0.34, 0.367, 0.3895, 0.4145, 0.436, 0.4625, 0.488, 0.509, 0.523, 0.5315, 0.5395, 0.546, 0.553, 0.5595, 0.5665, 0.5745, 0.5855, 0.589, 0.5905, 0.591, 0.591, 0.591, 0.591, 0.591, 0.591, 0.591, 0.591, 0.591, 0.591, 0.591, 0.591, 0.591, 0.591, 0.591, 0.591, 0.591, 0.591, 0.591, 0.591, 0.591, 0.591, 0.591, 0.591, 0.591, 0.591, 0.591, 0.591, 0.591, 0.591, 0.591, 0.591, 0.591, 0.591, 0.591, 0.591, 0.591, 0.591, 0.591, 0.591, 0.591, 0.591, 0.591, 0.591, 0.591, 0.591, 0.591, 0.591, 0.591, 0.591, 0.591, 0.591, 0.591, 0.591]","{""0"": 0.6733, ""1"": 0.4444, ""2"": 0.502, ""3"": 0.5644, ""4"": 0.6773, ""5"": 0.1836, ""6"": 0.8261, ""7"": 0.8661}","[0.8889, 0.9, 0.0, 0.0, 0.9, 1.0, 0.0, 1.0, 0.5, 0.8333, 0.0, 0.0, 1.0, 0.625, 0.0, 0.9, 0.8889, 0.1667, 0.0, 0.0, 1.0, 0.125, 0.0, 1.0, 0.7778, 0.0, 0.0, 0.0, 0.8571, 0.0, 0.0, 0.7143, 0.875, 0.0, 0.6667, 0.0, 0.7778, 0.1, 0.0, 1.0, 0.8, 0.125, 0.8571, 0.0, 0.8571, 0.0, 0.0, 0.75, 1.0, 0.0, 0.6, 0.0, 0.8182, 0.0, 0.0, 0.2222, 1.0, 0.0, 0.8333, 0.0, 1.0, 0.0, 0.0, 0.0, 0.8889, 0.1667, 1.0, 0.0, 1.0, 0.0, 0.1667, 1.0, 0.8889, 0.6364, 0.8, 0.0, 0.9091, 0.0, 0.0, 1.0, 0.9, 1.0, 0.8571, 0.8333, 0.7273, 1.0, 0.0, 0.8333, 0.7143, 1.0, 0.8889, 0.8889, 0.8571, 0.9333, 0.0, 1.0, 1.0, 0.8889, 1.0, 1.0, 0.5, 1.0, 0.0, 1.0, 0.9091, 1.0, 0.9, 0.875, 0.1111, 0.7, 0.0, 0.8333, 1.0, 0.8889, 1.0, 0.8462, 0.0, 1.0, 0.0, 0.75, 0.7143, 1.0, 0.8, 1.0, 0.0, 0.7778, 0.0, 0.8182, 0.8333, 0.9, 1.0, 0.7778, 0.0, 1.0, 0.0, 1.0, 0.7143, 0.6, 1.0, 0.8333, 0.0, 1.0, 0.0, 0.8333, 1.0, 0.6667, 0.8, 1.0, 0.0, 0.7778, 0.0, 1.0, 1.0, 0.75, 0.7143, 0.7692, 0.0, 1.0, 0.5, 0.9091, 0.8889, 0.8571, 0.0, 0.7778, 0.1429, 1.0, 0.0, 0.7, 0.8889, 0.7143, 0.0, 0.9, 0.0, 0.8333, 0.0, 0.7143, 1.0, 0.7778, 0.0, 1.0, 0.4, 0.875, 0.0, 0.75, 0.8, 0.75, 0.0, 0.8462, 0.0, 1.0, 0.0, 0.6, 0.6667, 0.9091, 0.0, 1.0, 0.0, 0.8571, 0.0, 1.0, 1.0, 0.9091, 0.0, 1.0, 0.8889, 0.8, 0.8571, 0.7143, 0.75, 1.0, 0.0, 1.0, 0.8571, 0.7778, 1.0, 0.9167, 0.6667, 0.8333, 0.0, 0.0, 0.75, 1.0, 0.8, 1.0, 0.875, 0.8333, 0.1111, 0.0, 0.9091, 0.8889, 0.9, 1.0, 0.8, 0.75, 0.1, 0.0, 0.75, 0.8333, 0.875, 0.875, 1.0, 0.875, 0.0909, 0.0, 0.8333, 0.6667, 0.5, 1.0, 1.0, 0.8]"
champions,5,champions,0.447,0.447,0.447,0.0,40,True,894,0,286,786,34,"[0.05, 0.073, 0.099, 0.128, 0.155, 0.1865, 0.211, 0.232, 0.2525, 0.2685, 0.28, 0.285, 0.293, 0.3015, 0.3095, 0.319, 0.3285, 0.336, 0.3445, 0.3525, 0.3585, 0.364, 0.371, 0.3745, 0.377, 0.3815, 0.387, 0.3935, 0.4, 0.405, 0.4115, 0.4165, 0.421, 0.426, 0.433, 0.4395, 0.4435, 0.445, 0.4465, 0.447, 0.447, 0.447, 0.447, 0.447, 0.447, 0.447, 0.447, 0.447, 0.447, 0.447, 0.447, 0.447, 0.447, 0.447, 0.447, 0.447, 0.447, 0.447, 0.447, 0.447, 0.447, 0.447, 0.447, 0.447, 0.447, 0.447, 0.447, 0.447, 0.447, 0.447, 0.447, 0.447, 0.447, 0.447, 0.447, 0.447, 0.447, 0.447, 0.447, 0.447, 0.447]","{""0"": 0.2199, ""1"": 0.4184, ""2"": 0.2288, ""3"": 0.5124, ""4"": 0.0814, ""5"": 0.7773, ""6"": 0.8525, ""7"": 0.5081}","[0.7778, 0.0, 0.0, 0.0, 0.0, 0.2, 0.7778, 0.875, 0.5, 0.0, 0.0, 0.0, 0.0, 0.2, 0.7778, 1.0, 0.8571, 0.0, 0.1111, 0.0, 0.0, 0.1111, 0.8571, 0.8333, 0.75, 0.0, 0.6667, 0.0, 0.0, 0.875, 0.7778, 0.8571, 0.9231, 0.0, 0.8333, 0.0, 0.0, 1.0, 0.8571, 0.7143, 0.7143, 0.0, 0.8462, 0.0, 0.0, 0.0, 0.8889, 1.0, 1.0, 0.0, 0.6, 0.0, 0.0, 0.0, 1.0, 0.625, 0.8571, 0.75, 1.0, 0.0, 0.0, 0.0, 0.8, 1.0, 0.7143, 1.0, 1.0, 0.0, 0.0, 0.0, 0.8889, 0.8889, 0.8462, 0.75, 1.0, 0.0, 0.0, 0.0, 0.8667, 0.8, 0.8889, 0.0, 0.75, 0.0, 0.0833, 0.1111, 0.8, 0.875, 0.7, 0.0, 1.0, 0.0, 0.0, 0.0, 1.0, 0.7, 1.0, 0.0, 0.4286, 0.0, 0.0, 0.0, 0.9, 0.75, 0.9167, 0.0, 0.0, 0.0, 1.0, 0.0, 1.0, 1.0, 1.0, 0.8333, 0.0, 0.0, 1.0, 0.0, 0.0, 0.8, 0.7778, 0.8, 0.0, 0.0, 0.7692, 0.1, 0.0, 0.8, 0.8333, 0.125, 0.1429, 0.0, 0.875, 0.0, 0.0, 0.8889, 0.0, 1.0, 0.0, 0.0, 0.8889, 0.0, 0.8889, 1.0, 0.0, 1.0, 1.0, 0.0, 0.8571, 0.1, 0.9231, 0.875, 0.0, 0.8889, 0.6667, 0.1667, 0.75, 0.125, 0.8889, 1.0, 0.0, 0.0, 1.0, 0.1429, 0.9, 0.0, 0.75, 1.0, 0.0, 0.0, 0.7273, 0.75, 0.8889, 0.0, 0.8889, 0.7778, 0.0, 0.0, 0.8571, 0.9, 0.875, 0.0, 0.8333, 0.8571, 0.0, 0.0, 0.0, 0.9167, 1.0, 0.0, 0.8571, 1.0, 0.0, 0.0, 0.0, 1.0, 0.8889, 0.0, 0.8333, 0.7, 0.0, 0.0, 0.0, 0.8571, 0.8889, 0.0, 0.6667, 0.75, 0.1667, 0.0, 0.0, 0.8, 1.0, 0.0, 0.8571, 0.8333, 0.0, 0.0, 0.0, 0.8571, 0.8571, 0.0, 0.875, 0.7, 0.0, 0.0, 0.0, 0.0, 1.0, 0.0, 0.75, 0.7143, 0.0, 0.0, 0.0, 0.0, 0.2222, 0.0, 1.0, 0.8889, 0.0, 0.0, 0.0, 0.0, 0.1429, 0.0, 0.8571, 1.0, 0.6, 0.0]"
champions,6,champions,0.337,0.338,0.337,0.001,27,True,674,0,284,1006,36,"[0.05, 0.0795, 0.1115, 0.154, 0.201, 0.2395, 0.2655, 0.2815, 0.295, 0.304, 0.3125, 0.3215, 0.3275, 0.3295, 0.331, 0.334, 0.3355, 0.3365, 0.337, 0.3375, 0.338, 0.338, 0.338, 0.338, 0.338, 0.338, 0.337, 0.337, 0.337, 0.337, 0.337, 0.337, 0.337, 0.337, 0.337, 0.337, 0.337, 0.337, 0.337, 0.337, 0.337, 0.337, 0.337, 0.337, 0.337, 0.337, 0.337, 0.337, 0.337, 0.337, 0.337, 0.337, 0.337, 0.337, 0.337, 0.337, 0.337, 0.337, 0.337, 0.337, 0.337, 0.337, 0.337, 0.337, 0.337, 0.337, 0.337, 0.337, 0.337, 0.337, 0.337, 0.337, 0.337, 0.337, 0.337, 0.337, 0.337, 0.337, 0.337, 0.337, 0.337]","{""0"": 0.3098, ""1"": 0.0546, ""2"": 0.2623, ""3"": 0.4068, ""4"": 0.5106, ""5"": 0.4669, ""6"": 0.4077, ""7"": 0.2632}","[0.4444, 0.0, 0.0, 0.0, 0.0, 0.8462, 0.0, 0.0, 0.0, 0.0, 0.0, 0.1, 0.0, 0.8889, 0.0, 0.0, 0.0, 0.0, 0.0, 0.0, 0.1, 0.7778, 0.0, 0.1, 0.0, 0.0, 0.0, 0.0, 0.2, 1.0, 0.125, 0.0, 0.0, 0.0, 0.0, 0.0, 0.5556, 0.8333, 0.7143, 0.0, 0.0, 0.0, 0.0, 0.8333, 1.0, 0.9286, 0.125, 0.0, 0.0, 0.0, 0.0, 0.0, 0.9091, 1.0, 1.0, 0.0, 0.0, 0.0, 0.0, 0.0, 1.0, 0.8571, 1.0, 0.0, 0.0, 0.0, 0.0, 0.0, 0.8889, 0.6667, 0.8333, 0.6667, 0.0, 0.0, 0.6667, 0.0, 0.8182, 1.0, 0.7, 0.875, 0.0, 0.1429, 0.3333, 0.0, 0.75, 1.0, 1.0, 1.0, 0.6667, 1.0, 0.0, 0.0, 0.8, 0.2222, 0.8333, 1.0, 0.8889, 1.0, 0.0, 0.0, 0.9, 0.0, 0.875, 1.0, 1.0, 0.1111, 0.0, 0.0, 0.7778, 0.2222, 1.0, 0.8571, 1.0, 0.0, 0.25, 0.0, 1.0, 0.0, 1.0, 0.7778, 0.0, 0.0, 0.0, 0.0, 0.8, 0.0, 0.0, 1.0, 0.0, 0.0, 0.0, 0.0, 0.8889, 0.0, 0.0, 0.7692, 0.0, 1.0, 0.2, 0.0, 0.625, 0.0, 0.1667, 0.9167, 0.0, 1.0, 0.2, 0.0, 0.125, 0.2, 0.0, 1.0, 0.0, 0.6667, 0.0, 0.0, 0.0, 0.0, 0.0, 0.625, 0.1429, 1.0, 0.0, 0.8333, 0.0, 0.0, 0.0, 0.8333, 0.0, 0.9, 0.0, 0.8, 0.0, 0.0, 0.0, 0.0, 0.0, 1.0, 0.0, 0.9231, 0.0, 0.0, 0.0, 0.0, 0.0, 0.8, 0.0, 1.0, 0.0, 0.0, 0.0, 0.0, 0.3, 0.8, 0.0, 1.0, 0.0, 0.25, 0.1429, 0.0, 0.1111, 0.3333, 0.0, 1.0, 0.0, 0.8333, 1.0, 0.1111, 0.8889, 0.7, 0.0, 1.0, 0.0, 0.8333, 1.0, 0.0, 0.8571, 0.0909, 0.0, 0.2857, 0.0, 0.8333, 1.0, 0.0, 0.8, 0.2857, 0.0, 0.0, 0.0, 1.0, 1.0, 0.0, 1.0, 0.0, 0.0, 0.0, 0.0, 1.0, 0.2222, 0.0, 1.0, 0.0, 0.0, 0.0, 0.0, 0.8889, 0.0, 0.0, 0.0909, 0.0]"
champions,7,champions,0.6305,0.6305,0.6305,0.0,70,True,1261,0,304,421,14,"[0.05, 0.086, 0.1305, 0.182, 0.222, 0.253, 0.281, 0.3155, 0.3415, 0.359, 0.374, 0.3905, 0.405, 0.418, 0.4385, 0.4515, 0.456, 0.4605, 0.469, 0.473, 0.479, 0.4845, 0.49, 0.4935, 0.497, 0.504, 0.509, 0.514, 0.5195, 0.523, 0.5265, 0.531, 0.538, 0.542, 0.5475, 0.5525, 0.5555, 0.5595, 0.5665, 0.571, 0.574, 0.578, 0.581, 0.5825, 0.5855, 0.5875, 0.5885, 0.589, 0.5905, 0.592, 0.593, 0.5935, 0.5945, 0.596, 0.599, 0.6035, 0.605, 0.6075, 0.6105, 0.6135, 0.6145, 0.6165, 0.618, 0.62, 0.6215, 0.623, 0.6245, 0.627, 0.629, 0.6305, 0.6305, 0.6305, 0.6305, 0.6305, 0.6305, 0.6305, 0.6305, 0.6305, 0.6305, 0.6305, 0.6305]","{""0"": 0.5639, ""1"": 0.8775, ""2"": 0.5294, ""3"": 0.4393, ""4"": 0.6545, ""5"": 0.8485, ""6"": 0.3622, ""7"": 0.7433}","[0.7778, 0.0, 1.0, 0.0, 0.0, 0.8333, 1.0, 0.0, 0.875, 0.0, 1.0, 0.0, 0.0, 1.0, 0.875, 0.0, 0.6, 0.0, 0.5, 0.3, 0.6667, 0.8889, 0.7, 0.0, 0.8, 0.0, 1.0, 0.8182, 0.8571, 1.0, 0.5714, 0.2, 0.9231, 0.0, 1.0, 1.0, 1.0, 0.8182, 1.0, 0.1111, 0.7143, 0.0, 0.6, 1.0, 0.9, 0.8571, 0.75, 0.0, 1.0, 0.0, 0.8, 0.8462, 0.9091, 0.6667, 0.875, 0.0, 0.8889, 0.4, 0.8571, 0.875, 0.7143, 0.875, 0.8, 0.0, 0.875, 0.8, 0.875, 0.6, 1.0, 0.8, 1.0, 0.0, 0.9, 0.7778, 1.0, 1.0, 0.875, 1.0, 0.8571, 0.0, 1.0, 0.875, 1.0, 1.0, 0.7, 1.0, 0.8333, 0.0, 0.7778, 1.0, 0.8571, 0.7143, 1.0, 0.875, 0.8889, 0.25, 0.8333, 0.6667, 1.0, 1.0, 1.0, 0.125, 0.7778, 0.7857, 0.7143, 0.7143, 1.0, 0.8333, 0.6667, 0.0, 0.8462, 0.8889, 0.8571, 0.875, 0.8571, 0.8571, 0.8571, 0.0, 0.7778, 1.0, 0.875, 1.0, 1.0, 1.0, 0.8889, 0.0, 1.0, 1.0, 0.9, 0.75, 1.0, 1.0, 1.0, 0.0, 0.6667, 0.9091, 0.875, 0.5714, 0.9, 0.7, 0.5, 0.0, 1.0, 0.8333, 0.8571, 1.0, 0.8571, 0.9, 0.0, 0.0, 0.8182, 0.875, 0.875, 0.75, 0.875, 0.625, 0.0, 0.1, 0.7778, 1.0, 0.75, 0.5, 0.8, 0.7778, 0.0, 0.7778, 0.9167, 1.0, 0.2857, 0.75, 0.75, 0.2, 0.0, 0.7143, 1.0, 0.8571, 0.0, 0.8889, 1.0, 0.0, 0.0, 0.7778, 0.8571, 1.0, 0.0, 0.8889, 0.8182, 0.0, 0.0, 1.0, 0.9, 0.6667, 0.125, 0.8571, 0.8571, 0.0, 0.0, 0.875, 0.6, 0.0, 0.8182, 0.875, 0.7143, 0.0, 0.0, 0.8333, 0.875, 0.0, 0.5556, 1.0, 0.9, 0.0, 0.0, 0.8, 0.875, 0.0, 0.8, 0.8889, 1.0, 0.1667, 0.0, 1.0, 0.75, 0.0, 0.8889, 0.9, 0.8889, 0.0, 0.0, 1.0, 0.8333, 0.0, 0.8182, 0.625, 1.0, 0.0, 0.1667, 0.9, 0.875, 0.0, 1.0, 0.0, 0.6667, 0.0, 0.0, 1.0, 1.0, 0.0, 0.9, 0.0]"
champions,8,champions,0.455,0.455,0.455,0.0,31,True,910,0,302,766,22,"[0.05, 0.0845, 0.115, 0.1445, 0.1715, 0.1955, 0.216, 0.2345, 0.253, 0.274, 0.294, 0.3095, 0.324, 0.3415, 0.355, 0.366, 0.375, 0.389, 0.3985, 0.4075, 0.4135, 0.4205, 0.427, 0.434, 0.443, 0.4465, 0.45, 0.452, 0.454, 0.4545, 0.455, 0.455, 0.455, 0.455, 0.455, 0.455, 0.455, 0.455, 0.455, 0.455, 0.455, 0.455, 0.455, 0.455, 0.455, 0.455, 0.455, 0.455, 0.455, 0.455, 0.455, 0.455, 0.455, 0.455, 0.455, 0.455, 0.455, 0.455, 0.455, 0.455, 0.455, 0.455, 0.455, 0.455, 0.455, 0.455, 0.455, 0.455, 0.455, 0.455, 0.455, 0.455, 0.455, 0.455, 0.455, 0.455, 0.455, 0.455, 0.455, 0.455, 0.455]","{""0"": 0.3125, ""1"": 0.5916, ""2"": 0.0128, ""3"": 0.6898, ""4"": 0.3595, ""5"": 0.6077, ""6"": 0.7056, ""7"": 0.3294}","[0.5556, 0.0, 0.8571, 0.0, 0.8571, 1.0, 0.75, 0.6, 1.0, 0.7143, 0.5, 0.125, 0.8889, 0.6667, 1.0, 1.0, 0.7143, 1.0, 0.8571, 0.0, 1.0, 0.2857, 0.8333, 0.875, 0.2, 1.0, 1.0, 0.0, 0.8571, 0.0, 0.0, 0.7143, 0.0, 0.6667, 0.75, 0.125, 1.0, 0.0, 0.0, 1.0, 0.0, 0.6364, 0.0, 0.0, 0.5, 0.0, 0.0, 0.75, 0.0, 0.75, 0.0, 0.0, 0.9, 0.0, 0.0, 1.0, 0.0, 0.8182, 0.0, 0.0, 0.625, 0.0, 0.5714, 0.8, 0.0, 1.0, 0.0, 0.0, 0.9, 0.0, 0.6667, 0.7778, 0.1111, 0.7778, 0.0, 0.125, 0.9167, 0.0, 1.0, 0.7143, 0.0, 0.8333, 0.0, 0.0, 1.0, 0.0, 0.7143, 0.75, 0.1429, 1.0, 0.0, 0.0, 0.8333, 0.0, 0.8182, 0.75, 0.0, 0.0, 0.0, 0.0, 0.8, 0.0, 0.8333, 0.7778, 0.0, 0.0, 0.0, 0.0, 0.9091, 0.1, 0.8571, 1.0, 0.0, 0.0, 0.0, 0.0, 0.7, 0.0, 0.7778, 0.9231, 0.0, 0.0, 0.0, 0.0, 0.5, 0.0, 0.8571, 0.9091, 0.0, 0.0, 0.1, 0.0, 1.0, 0.0, 0.875, 0.8667, 0.0, 0.0, 0.0, 0.0, 1.0, 0.0, 0.8, 0.8889, 0.0, 0.0, 0.8182, 0.0, 0.8889, 0.0, 0.0, 0.4, 0.0, 0.0, 0.8333, 0.0, 0.8571, 0.0, 0.0, 0.875, 0.0, 0.0, 0.8889, 0.0, 0.8, 0.7778, 0.0, 0.8571, 0.0, 0.0, 0.9, 0.0, 1.0, 0.6667, 0.0, 1.0, 0.0714, 0.8333, 1.0, 0.0, 0.0, 0.6667, 0.1667, 0.4, 0.0, 0.0, 1.0, 0.0, 0.0, 0.1111, 0.8889, 0.0, 0.8333, 0.0, 0.75, 0.0, 0.0, 0.5714, 0.7778, 0.0, 1.0, 0.0, 0.8571, 0.0, 0.0, 0.6364, 1.0, 0.0, 1.0, 0.1667, 0.8889, 0.0, 0.0, 1.0, 0.8, 0.0, 0.875, 0.0, 0.9, 0.0, 0.0, 1.0, 0.9, 0.1429, 0.7273, 0.0, 0.7778, 0.0, 0.25, 0.9091, 1.0, 0.8571, 1.0, 0.0, 1.0, 0.0, 0.8571, 1.0, 0.875, 0.6667, 0.9286, 0.0, 0.9333, 0.0, 0.9, 0.8571, 0.7778, 1.0, 1.0, 0.0]"
champions,9,champions,0.383,0.383,0.383,0.0,29,True,766,0,300,900,34,"[0.05, 0.0795, 0.1095, 0.1455, 0.173, 0.1945, 0.214, 0.2365, 0.2535, 0.275, 0.291, 0.306, 0.3185, 0.328, 0.336, 0.344, 0.3525, 0.3625, 0.368, 0.3695, 0.371, 0.3725, 0.3755, 0.377, 0.378, 0.38, 0.382, 0.3825, 0.383, 0.383, 0.383, 0.383, 0.383, 0.383, 0.383, 0.383, 0.383, 0.383, 0.383, 0.383, 0.383, 0.383, 0.383, 0.383, 0.383, 0.383, 0.383, 0.383, 0.383, 0.383, 0.383, 0.383, 0.383, 0.383, 0.383, 0.383, 0.383, 0.383, 0.383, 0.383, 0.383, 0.383, 0.383, 0.383, 0.383, 0.383, 0.383, 0.383, 0.383, 0.383, 0.383, 0.383, 0.383, 0.383, 0.383, 0.383, 0.383, 0.383, 0.383, 0.383, 0.383]","{""0"": 0.3033, ""1"": 0.2764, ""2"": 0.4903, ""3"": 0.4917, ""4"": 0.7683, ""5"": 0.119, ""6"": 0.5415, ""7"": 0.0343}","[0.4444, 0.0, 0.8333, 1.0, 0.9231, 0.875, 0.0909, 0.9, 0.0, 0.0, 0.0, 0.875, 0.7143, 0.0, 0.0, 0.9231, 0.0, 0.0, 0.0, 0.8889, 0.8889, 0.0, 0.0, 0.8333, 0.0, 0.0, 0.0, 0.8, 1.0, 0.0, 0.0, 0.7, 0.0, 0.0, 0.0, 0.8889, 0.25, 0.8333, 0.0, 0.7778, 0.0, 0.0, 0.0, 0.9, 1.0, 0.75, 0.0, 0.0, 0.0, 0.0, 0.0, 0.1111, 1.0, 0.875, 0.0, 0.0, 0.0, 0.0, 0.2, 0.0, 0.5, 0.8333, 0.0, 0.0, 0.0, 0.0, 0.0, 0.7778, 1.0, 0.6667, 0.0, 0.0, 0.0, 0.0, 0.25, 0.75, 0.75, 0.6667, 0.0, 0.0, 0.0, 0.0, 0.2, 0.25, 0.8, 0.9167, 0.0, 0.0, 0.0, 0.0, 0.0, 0.0, 1.0, 1.0, 0.0, 0.0, 0.0, 0.0, 0.0, 0.0, 0.8333, 0.7143, 0.0, 0.0, 0.0, 0.0, 0.0, 0.0, 0.8571, 0.75, 0.0, 0.0, 0.0, 0.0, 0.0, 0.0, 0.75, 0.75, 0.0, 0.0, 0.0, 0.0, 0.0, 0.0, 0.6, 1.0, 0.0, 0.0, 0.0, 0.6667, 0.0, 0.0, 0.0909, 0.8182, 0.0, 0.1, 0.0, 0.8, 0.125, 0.0, 0.0, 0.8, 0.0, 1.0, 0.0, 0.75, 0.0, 0.0, 0.2, 0.75, 0.0, 1.0, 0.0, 0.8571, 0.0, 0.0, 0.0, 1.0, 0.0, 0.9091, 0.0, 1.0, 0.0, 0.0, 0.0, 1.0, 0.0, 0.8889, 0.0, 0.75, 0.0, 0.0, 0.0, 1.0, 0.0, 0.8333, 0.0769, 0.7692, 0.3, 0.0, 0.0, 0.875, 0.0, 0.7778, 0.0, 0.875, 0.875, 0.8571, 0.0, 1.0, 0.8, 1.0, 0.1111, 0.8, 1.0, 0.8571, 0.0, 0.7778, 1.0, 1.0, 0.8571, 1.0, 0.7273, 1.0, 0.0, 1.0, 0.8, 0.8, 0.0, 0.5, 0.7778, 1.0, 0.0, 0.8182, 1.0, 0.75, 0.0, 0.0, 0.8571, 0.8571, 0.0, 0.8, 0.0, 0.8571, 0.0, 0.0, 0.75, 0.875, 0.0, 0.8333, 0.0, 1.0, 0.0, 0.0, 1.0, 1.0, 0.6, 1.0, 0.1429, 0.7778, 0.0, 0.0, 0.8571, 0.8889, 1.0, 1.0, 0.0, 0.8462, 0.0, 0.0]"
champions,10,champions,0.3555,0.3555,0.3555,-0.0,28,True,711,0,317,917,55,"[0.05, 0.074, 0.093, 0.1155, 0.128, 0.1475, 0.173, 0.199, 0.229, 0.2565, 0.28, 0.298, 0.311, 0.324, 0.329, 0.3345, 0.3415, 0.345, 0.346, 0.347, 0.349, 0.3505, 0.3505, 0.3505, 0.3525, 0.3535, 0.355, 0.3555, 0.3555, 0.3555, 0.3555, 0.3555, 0.3555, 0.3555, 0.3555, 0.3555, 0.3555, 0.3555, 0.3555, 0.3555, 0.3555, 0.3555, 0.3555, 0.3555, 0.3555, 0.3555, 0.3555, 0.3555, 0.3555, 0.3555, 0.3555, 0.3555, 0.3555, 0.3555, 0.3555, 0.3555, 0.3555, 0.3555, 0.3555, 0.3555, 0.3555, 0.3555, 0.3555, 0.3555, 0.3555, 0.3555, 0.3555, 0.3555, 0.3555, 0.3555, 0.3555, 0.3555, 0.3555, 0.3555, 0.3555, 0.3555, 0.3555, 0.3555, 0.3555, 0.3555, 0.3555]","{""0"": 0.2149, ""1"": 0.5125, ""2"": 0.1844, ""3"": 0.4016, ""4"": 0.1953, ""5"": 0.612, ""6"": 0.2644, ""7"": 0.463}","[0.4444, 0.875, 0.0, 0.7778, 0.0, 0.0, 0.1667, 0.0, 0.5714, 0.7143, 0.0, 0.8571, 0.0, 0.0, 0.0, 0.0, 1.0, 0.7143, 0.0, 0.125, 0.3333, 0.1, 0.8333, 0.0, 0.0, 1.0, 0.0, 0.0, 1.0, 0.0, 0.7273, 0.125, 0.0, 1.0, 0.1667, 0.1, 0.75, 0.0, 0.8571, 0.0, 0.0, 0.9, 0.0, 0.0, 0.6667, 0.0, 0.8889, 0.0, 0.0, 0.6, 0.0, 0.0, 0.9, 0.0, 1.0, 0.8462, 0.0769, 0.0, 0.0, 0.0, 0.875, 0.0, 0.75, 0.8889, 0.0, 0.0, 0.0, 0.125, 0.75, 0.0, 0.875, 0.75, 0.2, 0.0, 0.0, 0.0, 0.9, 0.0, 0.7143, 0.7778, 0.0, 0.0, 0.0, 0.0, 0.25, 0.1111, 0.9, 0.875, 0.3333, 0.0, 0.0, 0.0, 0.8571, 0.0, 1.0, 0.625, 0.75, 0.0, 0.1667, 0.0, 0.8182, 0.0, 0.8889, 0.8571, 0.6923, 0.0, 0.8571, 0.0, 1.0, 0.4444, 0.9, 0.9167, 0.9, 0.0, 1.0, 0.0, 1.0, 0.8333, 0.8333, 0.7778, 0.8889, 0.0, 1.0, 0.3333, 0.75, 1.0, 0.9167, 0.0, 0.7143, 0.0, 0.7143, 1.0, 1.0, 0.8, 0.5714, 0.0, 1.0, 0.0, 0.875, 1.0, 0.1429, 0.875, 0.8, 0.0, 1.0, 0.0, 0.8, 0.8571, 0.0, 1.0, 1.0, 0.0, 1.0, 0.0, 1.0, 0.1667, 0.0, 0.6364, 0.7143, 0.0, 0.8571, 0.0, 0.8889, 0.0, 0.1, 0.1, 1.0, 0.0, 0.75, 0.0, 0.8, 0.0, 0.0, 0.0, 0.8182, 0.0, 0.875, 0.0, 0.6, 0.0, 0.0, 0.0, 0.8333, 0.0, 0.1429, 0.0, 0.8, 0.0, 0.0, 0.0, 0.0, 0.0, 0.0, 0.0, 0.9, 0.0, 0.0, 0.0, 0.0, 0.0, 0.0, 0.0, 1.0, 0.0, 0.0, 0.0, 0.0, 0.0, 0.0, 0.0, 1.0, 0.0, 0.0, 0.0, 0.0, 0.0, 0.0, 0.0, 1.0, 0.0, 0.0, 0.0, 0.0, 0.0, 0.8, 0.0, 0.625, 0.0, 0.0, 0.0, 0.0, 0.0, 0.875, 0.0, 1.0, 0.0, 0.0, 0.1667, 0.4, 0.0, 1.0, 0.25, 0.8571, 0.5, 0.0, 0.0, 0.125, 0.0, 1.0, 1.0]"
champions,11,champions,0.3975,0.3975,0.3975,0.0,34,True,795,0,293,875,37,"[0.05, 0.0765, 0.098, 0.1165, 0.138, 0.1635, 0.1885, 0.209, 0.225, 0.235, 0.244, 0.255, 0.2735, 0.29, 0.299, 0.3065, 0.3155, 0.3265, 0.3355, 0.3445, 0.352, 0.359, 0.3645, 0.3685, 0.3725, 0.3765, 0.3795, 0.3845, 0.3875, 0.39, 0.392, 0.395, 0.396, 0.3975, 0.3975, 0.3975, 0.3975, 0.3975, 0.3975, 0.3975, 0.3975, 0.3975, 0.3975, 0.3975, 0.3975, 0.3975, 0.3975, 0.3975, 0.3975, 0.3975, 0.3975, 0.3975, 0.3975, 0.3975, 0.3975, 0.3975, 0.3975, 0.3975, 0.3975, 0.3975, 0.3975, 0.3975, 0.3975, 0.3975, 0.3975, 0.3975, 0.3975, 0.3975, 0.3975, 0.3975, 0.3975, 0.3975, 0.3975, 0.3975, 0.3975, 0.3975, 0.3975, 0.3975, 0.3975, 0.3975, 0.3975]","{""0"": 0.5815, ""1"": 0.5185, ""2"": 0.2311, ""3"": 0.2646, ""4"": 0.393, ""5"": 0.2107, ""6"": 0.4133, ""7"": 0.5512}","[0.6667, 0.1, 1.0, 0.0, 0.0, 0.8182, 0.0, 0.7778, 0.0, 0.0, 0.0, 0.0, 0.0, 0.875, 0.8, 0.6364, 0.0, 0.0, 0.2, 0.0, 0.0, 0.8333, 0.9, 0.8333, 0.0, 0.0, 0.0, 0.0, 0.125, 0.75, 1.0, 0.0, 0.2, 0.0, 0.0, 0.0, 0.0, 0.875, 0.7778, 0.0, 0.3333, 0.0, 0.0, 0.0, 0.0, 0.6667, 1.0, 0.1429, 0.9091, 0.0, 0.0, 0.1429, 0.0, 0.75, 0.0, 0.1429, 0.8571, 0.0, 0.0, 0.0, 0.0, 0.8333, 0.0, 0.0, 0.9091, 0.0, 0.0, 0.0, 0.0, 1.0, 0.0, 0.0, 1.0, 0.6, 0.0, 0.0, 0.0, 0.7273, 0.0, 0.0, 0.8571, 0.8, 0.0, 0.0, 0.0, 1.0, 0.0, 0.0, 0.7778, 1.0, 0.0, 0.0, 0.0, 0.0, 0.0, 0.0, 0.7778, 0.6, 0.0, 0.0, 0.0, 0.125, 0.0, 0.0, 0.875, 0.8571, 0.0, 0.0, 0.0, 0.1111, 0.0, 0.0, 1.0, 1.0, 0.25, 0.0, 0.0, 0.0, 0.0, 0.0, 1.0, 1.0, 0.75, 0.0, 1.0, 0.0, 0.0, 0.0, 1.0, 0.7692, 0.875, 0.0, 0.4444, 0.0, 0.5, 0.0, 1.0, 0.875, 0.8571, 0.5, 0.0, 0.0, 0.875, 0.0, 1.0, 0.75, 1.0, 0.75, 0.0, 0.0, 0.0, 0.0, 0.8571, 0.9091, 0.7143, 0.8333, 0.0, 0.0, 0.0, 0.0, 0.7778, 0.7778, 0.6364, 1.0, 0.0, 0.0, 0.0, 0.375, 0.8333, 0.7143, 0.9, 0.8333, 0.0, 0.0, 0.125, 0.8, 0.7143, 1.0, 1.0, 1.0, 0.1111, 0.0, 0.0, 0.8333, 0.8571, 0.75, 0.9, 0.875, 1.0, 0.0, 0.0, 0.9091, 0.0, 0.8, 0.8571, 1.0, 0.875, 0.0, 0.0, 1.0, 0.2857, 1.0, 1.0, 0.8333, 0.5, 0.0, 0.0, 0.8, 0.0, 1.0, 0.6667, 0.1429, 0.8, 0.0, 0.0833, 1.0, 0.0, 0.7, 0.9167, 0.0, 1.0, 0.0, 0.0, 1.0, 0.1111, 0.8571, 0.875, 0.0, 1.0, 0.125, 0.0, 1.0, 0.0, 1.0, 0.8333, 0.1429, 1.0, 0.3333, 0.0, 0.8571, 0.0, 0.4, 1.0, 0.0, 0.5, 0.8889, 0.2, 0.9, 0.0, 0.1429]"
cluster,0,cluster,0.2305,0.2305,0.2305,0.0,36,True,461,0,255,1283,1,"[0.05, 0.065, 0.0825, 0.0985, 0.109, 0.115, 0.1175, 0.122, 0.129, 0.135, 0.1425, 0.1485, 0.1525, 0.156, 0.158, 0.1615, 0.165, 0.168, 0.172, 0.1755, 0.18, 0.182, 0.184, 0.1865, 0.1905, 0.1945, 0.1985, 0.204, 0.2075, 0.2105, 0.213, 0.218, 0.222, 0.2255, 0.2295, 0.2305, 0.2305, 0.2305, 0.2305, 0.2305, 0.2305, 0.2305, 0.2305, 0.2305, 0.2305, 0.2305, 0.2305, 0.2305, 0.2305, 0.2305, 0.2305, 0.2305, 0.2305, 0.2305, 0.2305, 0.2305, 0.2305, 0.2305, 0.2305, 0.2305, 0.2305, 0.2305, 0.2305, 0.2305, 0.2305, 0.2305, 0.2305, 0.2305, 0.2305, 0.2305, 0.2305, 0.2305, 0.2305, 0.2305, 0.2305, 0.2305, 0.2305, 0.2305, 0.2305, 0.2305, 0.2305]","{""0"": 0.1065, ""1"": 0.1852, ""2"": 0.876, ""3"": 0.3375, ""4"": 0.1216, ""5"": 0.1984, ""6"": 0.012, ""7"": 0.0463}","[0.1111, 0.8889, 1.0, 0.9, 1.0, 0.0, 0.0, 0.0, 0.0, 1.0, 0.9, 0.8, 0.875, 0.0, 0.0, 0.0, 0.0, 0.875, 1.0, 0.875, 1.0, 0.0, 0.0, 0.0, 0.0, 0.5714, 0.7778, 1.0, 0.0, 0.0, 0.0, 0.0, 0.0, 0.0, 0.0, 1.0, 0.0, 0.0, 0.0, 0.0, 0.0, 0.0, 0.0, 0.8, 0.1111, 0.0, 0.0, 0.0, 1.0, 0.0, 0.0, 0.8333, 0.0, 0.0, 0.5714, 0.0, 0.0, 0.0, 0.0, 1.0, 0.0, 0.0, 1.0, 0.0, 0.0, 0.0, 0.0, 0.6, 0.0, 0.0, 1.0, 0.0, 0.0, 0.0, 0.0, 1.0, 0.0, 0.0, 0.7143, 0.0, 0.0, 0.0, 0.0, 0.75, 0.0, 0.0, 1.0, 0.0, 0.0, 0.0, 0.0, 0.8333, 0.0, 0.0, 0.5714, 0.0, 0.0, 0.0, 0.0, 0.8889, 0.0, 0.0, 0.6, 0.0, 0.0, 0.0, 0.0, 1.0, 0.0, 1.0, 1.0, 0.0, 0.0, 0.0, 0.0, 0.8333, 0.0, 1.0, 0.875, 0.0, 0.0, 0.0, 0.0, 0.8333, 0.0, 0.8889, 0.1667, 0.1667, 0.0, 0.0, 0.0, 0.7857, 0.1, 0.0909, 0.0, 0.0, 0.0, 0.0, 0.0, 1.0, 1.0, 0.0, 0.0, 0.0, 0.0, 0.0, 0.0, 0.875, 1.0, 0.0, 0.0, 0.0, 0.0769, 0.0, 0.0, 1.0, 0.8, 0.2857, 0.0, 0.0, 0.0, 0.0, 0.0, 0.8, 1.0, 0.8571, 0.0, 0.2857, 0.0, 0.0, 0.0, 0.6, 0.8889, 0.0, 0.0, 0.0, 0.0, 0.0, 0.0, 1.0, 0.8571, 0.0, 0.0, 0.0, 0.0, 0.0, 0.0, 0.8333, 0.0, 0.0, 0.0, 0.0, 0.0, 0.0, 0.0, 0.8, 0.0, 0.0, 0.0, 0.0, 0.0, 0.0, 0.0, 0.8333, 0.0, 0.0, 0.0, 0.0, 0.0, 0.0, 0.0, 0.875, 0.0, 0.0, 0.0, 0.0, 0.0, 0.0, 0.0, 1.0, 0.0, 0.0, 0.0, 0.0, 0.3636, 0.0, 0.0, 0.8, 0.0, 0.0, 0.0, 0.0, 0.0, 0.0, 1.0, 0.75, 0.8, 0.0, 0.0, 0.0, 0.0, 0.0, 0.75, 0.75, 1.0, 0.0, 0.0, 0.0, 0.0, 0.0]"
cluster,1,cluster,0.2455,0.247,0.2455,0.0015,29,True,491,0,315,1186,8,"[0.05, 0.069, 0.0915, 0.1145, 0.1365, 0.148, 0.1565, 0.1655, 0.175, 0.184, 0.194, 0.204, 0.213, 0.221, 0.225, 0.23, 0.2345, 0.2385, 0.2435, 0.245, 0.2465, 0.247, 0.247, 0.247, 0.2465, 0.2465, 0.246, 0.246, 0.2455, 0.2455, 0.2455, 0.2455, 0.2455, 0.2455, 0.2455, 0.2455, 0.2455, 0.2455, 0.2455, 0.2455, 0.2455, 0.2455, 0.2455, 0.2455, 0.2455, 0.2455, 0.2455, 0.2455, 0.2455, 0.2455, 0.2455, 0.2455, 0.2455, 0.2455, 0.2455, 0.2455, 0.2455, 0.2455, 0.2455, 0.2455, 0.2455, 0.2455, 0.2455, 0.2455, 0.2455, 0.2455, 0.2455, 0.2455, 0.2455, 0.2455, 0.2455, 0.2455, 0.2455, 0.2455, 0.2455, 0.2455, 0.2455, 0.2455, 0.2455, 0.2455, 0.2455]","{""0"": 0.12, ""1"": 0.0, ""2"": 0.2039, ""3"": 0.4414, ""4"": 0.6062, ""5"": 0.1895, ""6"": 0.0243, ""7"": 0.417}","[0.2222, 0.1111, 0.0, 0.0, 0.0, 0.0, 0.0, 0.0, 0.0, 0.4545, 0.0, 0.0, 0.0, 0.0, 0.0, 0.0, 0.0, 0.875, 0.0, 0.0, 0.0, 0.0, 0.0, 0.0, 0.0, 0.9, 0.0, 0.0, 0.7, 0.0, 0.0, 0.0, 0.0, 1.0, 0.0, 0.0, 1.0, 0.0, 0.0, 0.0769, 0.0, 0.6, 0.0, 0.0, 0.8571, 0.0, 0.0, 0.0, 0.0, 0.0, 0.0, 0.0, 0.5714, 0.0, 0.8571, 0.0, 0.1111, 0.0, 0.0, 0.0, 1.0, 0.8, 0.1429, 0.0, 0.0, 0.0, 0.0, 0.1667, 0.8, 0.7143, 0.0, 0.0, 0.0, 0.0, 0.0, 0.0, 1.0, 1.0, 0.0, 0.0, 0.0, 0.0, 0.0, 0.0, 0.8, 0.8, 0.0, 0.0, 0.125, 0.0, 0.0, 0.0, 0.0, 1.0, 0.0, 0.0, 0.0, 0.0, 0.0, 0.0, 0.1429, 0.8, 0.0, 0.25, 0.5, 0.1429, 0.0, 0.0, 0.0, 1.0, 0.0, 0.0, 0.7778, 0.0, 0.0, 0.0, 0.0, 0.6667, 0.0, 0.0, 0.875, 0.0, 0.0, 0.0, 0.0, 1.0, 0.0, 0.0, 1.0, 0.0, 0.0, 0.1111, 0.125, 1.0, 0.0, 0.0, 0.7778, 0.0, 0.0, 0.3333, 0.2, 0.625, 0.75, 0.0, 1.0, 0.0, 0.0, 1.0, 0.75, 1.0, 1.0, 0.0, 1.0, 0.0, 0.0, 1.0, 0.8889, 0.7143, 0.8571, 0.0, 0.8333, 0.0, 0.0, 0.75, 1.0, 1.0, 1.0, 0.0, 1.0, 0.0, 0.0, 0.8333, 0.7778, 1.0, 1.0, 0.0, 0.6667, 0.0, 0.0, 0.0, 1.0, 0.8, 0.75, 0.0, 0.8333, 0.0, 0.0, 0.0, 1.0, 0.8333, 0.0, 0.0, 0.8889, 0.0, 0.0, 0.0, 0.5556, 0.6667, 0.0, 0.2, 0.6667, 0.0, 0.0, 0.1429, 0.25, 0.8, 0.0, 0.0, 0.5714, 0.0, 0.0, 0.0, 0.0, 0.6364, 0.0, 0.0, 1.0, 0.0, 0.0, 1.0, 0.0, 0.75, 0.0, 0.0, 1.0, 0.0, 0.0, 0.8571, 0.1667, 1.0, 0.0, 0.0, 0.1429, 0.0, 0.0, 0.8571, 0.0, 0.1429, 0.0, 0.25, 0.0, 0.0, 0.0, 0.0, 0.0, 0.0, 0.0, 0.0, 0.0, 0.0]"
cluster,2,cluster,0.3225,0.3225,0.3225,0.0,28,True,645,0,263,1092,0,"[0.05, 0.0695, 0.0985, 0.1295, 0.156, 0.17, 0.1775, 0.187, 0.1975, 0.214, 0.225, 0.2345, 0.243, 0.2465, 0.251, 0.257, 0.2635, 0.268, 0.2735, 0.2765, 0.2825, 0.293, 0.3005, 0.3055, 0.3115, 0.315, 0.319, 0.3225, 0.3225, 0.3225, 0.3225, 0.3225, 0.3225, 0.3225, 0.3225, 0.3225, 0.3225, 0.3225, 0.3225, 0.3225, 0.3225, 0.3225, 0.3225, 0.3225, 0.3225, 0.3225, 0.3225, 0.3225, 0.3225, 0.3225, 0.3225, 0.3225, 0.3225, 0.3225, 0.3225, 0.3225, 0.3225, 0.3225, 0.3225, 0.3225, 0.3225, 0.3225, 0.3225, 0.3225, 0.3225, 0.3225, 0.3225, 0.3225, 0.3225, 0.3225, 0.3225, 0.3225, 0.3225, 0.3225, 0.3225, 0.3225, 0.3225, 0.3225, 0.3225, 0.3225, 0.3225]","{""0"": 0.0261, ""1"": 0.0916, ""2"": 0.3308, ""3"": 0.3106, ""4"": 0.8766, ""5"": 0.0215, ""6"": 0.2143, ""7"": 0.7208}","[0.6667, 0.0, 0.0, 0.0, 0.0, 0.8, 0.0, 0.1111, 1.0, 0.0, 0.0, 0.0, 0.0, 1.0, 0.0, 0.0, 0.875, 0.0, 0.0, 0.0, 0.0, 0.75, 0.0, 0.0, 1.0, 0.0, 0.0, 0.0, 0.0, 0.5, 0.0, 0.0, 1.0, 0.0, 0.0, 0.2, 0.0, 0.8333, 0.0, 0.0, 1.0, 0.0, 0.1429, 0.75, 0.0, 0.5, 0.0, 0.0, 1.0, 0.0, 0.0, 0.8333, 0.0, 0.8889, 0.0, 0.0, 0.8889, 0.0, 0.0, 0.7857, 0.25, 0.875, 0.0, 0.0, 0.0, 0.0, 0.0, 1.0, 0.0, 0.8, 0.125, 0.0, 0.0909, 0.0909, 0.0, 0.875, 0.0, 0.8571, 0.3, 0.0, 0.0, 0.4444, 0.0, 0.7143, 0.0, 0.9231, 0.0, 0.0, 0.1429, 0.1111, 0.0, 0.8889, 0.0, 1.0, 0.0, 0.0, 0.0, 0.0, 0.0, 1.0, 0.0, 0.8889, 0.0, 0.375, 0.0, 0.0, 0.0, 0.7778, 0.5, 0.8, 0.0, 0.0833, 1.0, 0.0, 0.0, 0.0, 0.7778, 1.0, 0.0, 0.125, 0.8889, 0.0, 0.0, 0.0, 0.875, 1.0, 0.0, 0.75, 0.4, 0.0, 0.0, 0.0, 0.9, 0.8571, 0.2, 0.8333, 1.0, 0.0, 0.0, 0.2, 0.6, 1.0, 0.0, 0.75, 1.0, 0.0, 0.0, 0.0, 1.0, 0.8333, 0.0, 1.0, 0.8333, 0.0, 0.0, 0.0, 0.8571, 0.8889, 0.0, 1.0, 0.8462, 0.0833, 0.0, 1.0, 0.1111, 1.0, 0.0, 1.0, 0.75, 0.0, 0.0, 1.0, 0.0, 0.8571, 0.0, 0.8333, 1.0, 0.0, 0.0, 0.5, 0.0, 0.7778, 0.0, 0.0, 0.8182, 0.0, 0.0, 0.0, 0.0, 0.75, 0.0, 0.0, 0.9, 0.0, 0.1111, 0.1, 0.0, 1.0, 0.0, 0.0, 0.6, 0.0, 0.2857, 0.0, 0.2, 0.8, 0.0, 0.0, 0.8571, 0.0, 1.0, 0.0, 1.0, 0.7778, 0.0, 0.0, 0.875, 0.0, 0.8889, 0.0, 1.0, 1.0, 0.0, 0.0, 1.0, 0.0, 0.0, 0.0, 0.5, 0.875, 0.0, 0.0, 0.8571, 0.0, 0.0, 0.0, 0.125, 1.0, 0.0, 0.0, 1.0, 0.0, 0.1, 0.0, 0.0, 0.875, 0.0, 0.0, 0.7143, 0.0]"
cluster,3,cluster,0.5375,0.5375,0.5375,0.0,48,True,1075,0,276,649,0,"[0.05, 0.0695, 0.0895, 0.1075, 0.127, 0.1485, 0.1705, 0.189, 0.2055, 0.2245, 0.2385, 0.2515, 0.2665, 0.2785, 0.292, 0.3045, 0.317, 0.3275, 0.336, 0.345, 0.3525, 0.36, 0.368, 0.3825, 0.3945, 0.406, 0.4185, 0.4285, 0.4355, 0.4395, 0.4435, 0.4475, 0.4545, 0.462, 0.4685, 0.473, 0.4775, 0.4815, 0.487, 0.495, 0.5035, 0.5065, 0.511, 0.5145, 0.5195, 0.528, 0.535, 0.5375, 0.5375, 0.5375, 0.5375, 0.5375, 0.5375, 0.5375, 0.5375, 0.5375, 0.5375, 0.5375, 0.5375, 0.5375, 0.5375, 0.5375, 0.5375, 0.5375, 0.5375, 0.5375, 0.5375, 0.5375, 0.5375, 0.5375, 0.5375, 0.5375, 0.5375, 0.5375, 0.5375, 0.5375, 0.5375, 0.5375, 0.5375, 0.5375, 0.5375]","{""0"": 0.8755, ""1"": 0.625, ""2"": 0.7424, ""3"": 0.0078, ""4"": 0.8346, ""5"": 0.0469, ""6"": 0.8864, ""7"": 0.3514}","[0.7778, 1.0, 0.75, 0.875, 0.2, 1.0, 0.0, 1.0, 0.8571, 1.0, 1.0, 1.0, 0.0, 0.8, 0.0, 0.75, 1.0, 1.0, 1.0, 1.0, 0.0, 0.7143, 0.0, 1.0, 1.0, 1.0, 1.0, 0.8, 0.0, 1.0, 0.0, 0.9, 0.7692, 0.8571, 0.7273, 0.75, 0.0, 0.75, 0.0, 1.0, 0.75, 0.8, 1.0, 1.0, 0.0, 0.8, 0.3333, 1.0, 1.0, 0.5556, 0.75, 0.8333, 0.0, 0.6667, 0.1, 0.7143, 1.0, 0.6667, 1.0, 1.0, 0.0, 1.0, 0.0, 0.8182, 0.8889, 0.8, 0.8333, 1.0, 0.0, 0.8889, 0.0, 0.75, 0.6, 0.8, 0.8182, 0.0, 0.0, 1.0, 0.0, 0.8333, 0.6, 1.0, 1.0, 0.0, 0.0, 1.0, 0.0, 0.8889, 1.0, 1.0, 0.0, 0.0, 0.0, 0.8, 0.0, 0.6667, 0.0, 0.8, 0.0, 0.2222, 0.1429, 1.0, 0.0, 1.0, 0.0, 1.0, 0.0, 0.0, 0.0, 0.7, 0.0, 0.8889, 0.0, 0.9, 0.625, 0.8889, 0.0, 0.8889, 0.0, 0.7143, 0.0, 1.0, 0.8333, 1.0, 0.0, 0.6, 0.0, 1.0, 0.0, 0.625, 1.0, 1.0, 0.0, 1.0, 0.0, 1.0, 0.0, 1.0, 0.8571, 0.6364, 0.0, 1.0, 0.0, 0.75, 0.0, 0.625, 0.9167, 0.8, 0.0, 0.6, 0.0, 0.8571, 0.0, 0.6667, 0.8889, 1.0, 0.0, 1.0, 0.0, 1.0, 0.0, 0.875, 0.7778, 1.0, 0.0, 1.0, 0.0, 1.0, 0.0, 1.0, 0.7143, 1.0, 0.0, 0.9, 0.0, 1.0, 0.0, 0.7778, 0.1667, 0.7692, 0.0, 0.7143, 0.0, 0.8333, 0.0, 0.6667, 0.0, 0.7778, 0.0, 1.0, 0.0, 0.8889, 0.0, 0.9167, 0.0, 0.875, 0.0, 0.75, 0.0, 1.0, 0.0, 1.0, 0.0, 1.0, 0.0, 0.7143, 0.0, 0.8333, 0.0, 0.875, 0.0, 0.9167, 0.0, 0.8889, 0.0, 0.875, 0.3077, 0.6, 0.125, 0.6154, 0.0, 0.5, 0.1429, 0.8333, 0.0, 0.8571, 1.0, 0.8182, 0.0, 0.8333, 1.0, 1.0, 0.6667, 1.0, 1.0, 1.0, 0.0, 1.0, 0.0, 0.9091, 0.8571, 1.0, 0.8889, 0.7, 0.0, 0.875, 0.0, 0.8571, 0.7778, 1.0]"
cluster,4,cluster,0.46,0.46,0.46,-0.0,45,True,920,0,266,814,0,"[0.05, 0.071, 0.0875, 0.1, 0.113, 0.127, 0.138, 0.1485, 0.158, 0.1685, 0.183, 0.1915, 0.2015, 0.214, 0.2305, 0.2445, 0.2575, 0.2695, 0.2825, 0.294, 0.3055, 0.315, 0.3245, 0.332, 0.3395, 0.347, 0.354, 0.3595, 0.3665, 0.375, 0.384, 0.3965, 0.408, 0.416, 0.422, 0.427, 0.4315, 0.4355, 0.4405, 0.443, 0.449, 0.4525, 0.456, 0.459, 0.46, 0.46, 0.46, 0.46, 0.46, 0.46, 0.46, 0.46, 0.46, 0.46, 0.46, 0.46, 0.46, 0.46, 0.46, 0.46, 0.46, 0.46, 0.46, 0.46, 0.46, 0.46, 0.46, 0.46, 0.46, 0.46, 0.46, 0.46, 0.46, 0.46, 0.46, 0.46, 0.46, 0.46, 0.46, 0.46, 0.46]","{""0"": 0.1396, ""1"": 0.5511, ""2"": 0.8812, ""3"": 0.8811, ""4"": 0.6977, ""5"": 0.0043, ""6"": 0.0766, ""7"": 0.448}","[0.6667, 0.0, 0.8333, 0.8333, 0.7143, 1.0, 0.0, 0.0, 0.0, 0.0, 0.0, 1.0, 1.0, 0.7857, 0.0, 0.0, 0.0, 0.0, 0.0, 1.0, 1.0, 0.8, 0.0, 0.0, 0.0, 0.0, 0.0, 1.0, 1.0, 0.6667, 0.0, 0.0, 0.7143, 0.0, 0.0, 1.0, 0.75, 0.7778, 0.0, 0.0, 0.8571, 0.0, 0.0, 1.0, 0.8889, 0.0, 0.0, 0.0, 0.9, 0.0, 0.0, 0.8333, 0.8333, 0.0, 0.0, 0.0, 0.7, 0.0, 0.0, 0.375, 0.75, 0.0, 0.0, 0.0, 1.0, 0.0, 0.0, 1.0, 0.9231, 0.0, 0.0, 0.0, 1.0, 0.0, 0.0, 0.75, 0.8571, 0.0, 0.125, 0.0, 1.0, 0.1667, 0.0, 0.8571, 1.0, 0.0, 0.0, 0.0, 1.0, 0.0, 0.0, 0.8571, 0.8, 0.5714, 0.0, 0.0, 0.6, 0.0, 1.0, 1.0, 1.0, 0.8889, 0.0, 0.0, 0.0, 0.8, 1.0, 0.7778, 1.0, 0.7778, 0.0, 0.0, 0.0, 0.875, 1.0, 0.8, 1.0, 0.8889, 0.0, 0.0, 0.0, 1.0, 1.0, 0.75, 0.6, 1.0, 0.0, 0.2727, 0.0, 1.0, 1.0, 1.0, 1.0, 1.0, 0.0, 1.0, 0.0, 1.0, 0.875, 0.875, 0.75, 1.0, 0.0, 1.0, 0.0, 0.0, 0.875, 0.7143, 1.0, 0.7143, 0.0, 0.8, 0.4286, 0.0, 0.8889, 0.8333, 0.75, 1.0, 0.0, 0.0, 1.0, 0.0, 1.0, 0.8333, 0.9167, 0.6923, 0.0, 0.0, 1.0, 0.0, 1.0, 1.0, 0.75, 0.8571, 0.0, 0.0, 0.875, 0.0, 0.7778, 0.75, 1.0, 0.8333, 0.0, 0.0, 0.6667, 0.0, 0.6667, 0.8571, 0.8, 1.0, 0.0, 0.0, 1.0, 0.0, 1.0, 0.8333, 0.75, 1.0, 0.0, 0.0, 0.8, 0.0, 0.7143, 0.8, 0.8571, 0.875, 0.0, 0.0, 0.8333, 0.0, 1.0, 1.0, 0.8571, 1.0, 0.0, 0.0, 0.125, 0.0, 0.8571, 1.0, 1.0, 0.75, 0.0, 0.0, 0.0, 0.0, 0.8, 0.875, 0.8889, 0.7778, 0.0, 0.0, 0.0, 0.0, 1.0, 0.9091, 1.0, 1.0, 0.0, 0.0, 0.0, 0.0, 1.0, 0.875, 1.0, 1.0, 0.0, 0.0, 0.1429, 0.0]"
cluster,5,cluster,0.192,0.192,0.192,0.0,14,True,384,0,301,1307,8,"[0.05, 0.0695, 0.092, 0.1145, 0.135, 0.1485, 0.16, 0.1695, 0.177, 0.18, 0.1835, 0.187, 0.1895, 0.192, 0.192, 0.192, 0.192, 0.192, 0.192, 0.192, 0.192, 0.192, 0.192, 0.192, 0.192, 0.192, 0.192, 0.192, 0.192, 0.192, 0.192, 0.192, 0.192, 0.192, 0.192, 0.192, 0.192, 0.192, 0.192, 0.192, 0.192, 0.192, 0.192, 0.192, 0.192, 0.192, 0.192, 0.192, 0.192, 0.192, 0.192, 0.192, 0.192, 0.192, 0.192, 0.192, 0.192, 0.192, 0.192, 0.192, 0.192, 0.192, 0.192, 0.192, 0.192, 0.192, 0.192, 0.192, 0.192, 0.192, 0.192, 0.192, 0.192, 0.192, 0.192, 0.192, 0.192, 0.192, 0.192, 0.192, 0.192]","{""0"": 0.0085, ""1"": 0.5081, ""2"": 0.0117, ""3"": 0.2782, ""4"": 0.0421, ""5"": 0.4899, ""6"": 0.2172, ""7"": 0.0}","[0.1111, 0.0, 0.0, 0.0, 0.0, 0.0, 1.0, 0.0, 0.0, 0.0, 0.0, 0.0, 0.0, 0.0, 1.0, 0.0, 0.0, 0.0, 0.7143, 0.0, 0.0, 0.0, 0.5, 0.0, 0.0, 0.0, 0.8889, 0.0, 0.0, 0.0, 0.1667, 0.0, 0.0, 0.0, 1.0, 0.0909, 0.0, 0.0, 0.0, 0.0, 0.0, 0.0, 1.0, 0.1429, 0.0, 0.0, 0.0, 0.0, 0.0, 0.0, 1.0, 0.0, 0.0, 0.0, 0.6667, 0.0, 0.0, 0.0, 0.8, 0.0, 0.0, 0.0, 1.0, 0.0, 0.0, 0.0, 1.0, 0.0, 0.0, 0.0, 0.3333, 0.0, 0.0, 0.0, 0.2222, 0.0, 0.0, 0.0, 0.0, 0.0, 0.0, 0.0, 0.25, 0.0, 0.0, 0.0, 0.0, 0.0, 0.0, 0.0, 0.125, 0.0, 0.0, 0.0, 0.2, 0.0, 0.0, 0.125, 0.0, 0.0, 0.0, 0.0, 0.125, 0.0, 0.0, 0.0, 0.5, 0.0, 0.0, 0.0, 0.0, 0.0, 0.0, 0.0, 0.8571, 0.0, 0.0, 0.0, 0.0, 0.0, 0.0, 0.0, 0.8182, 0.0, 0.0, 0.0, 0.0, 0.0, 0.0, 0.0, 1.0, 0.0, 0.7778, 0.0, 0.0, 0.0, 0.0, 0.0, 1.0, 0.0, 0.7778, 0.0, 0.0, 0.0, 0.0, 0.0, 1.0, 0.0, 0.875, 0.0, 0.0833, 0.0, 0.0, 0.0, 0.8333, 0.0, 0.9286, 0.0, 0.875, 0.0, 0.0, 0.0, 1.0, 0.0, 1.0, 0.0, 0.875, 0.0, 0.0, 0.0, 1.0, 0.0, 0.75, 0.0, 1.0, 0.0, 0.0, 0.0, 1.0, 0.0, 0.0, 0.0, 0.6, 0.0, 0.0, 0.0, 0.2222, 0.1, 0.0, 0.0, 1.0, 0.8889, 0.0, 0.0, 0.0909, 0.0, 0.1, 0.0, 1.0, 1.0, 0.0, 0.125, 0.0, 0.0, 0.0, 0.0, 1.0, 1.0, 0.0, 0.0, 0.0, 0.0, 1.0, 1.0, 0.8571, 0.8889, 0.0, 0.0, 0.0, 0.0, 1.0, 0.0, 0.8333, 1.0, 0.0, 0.0, 0.0, 0.0, 0.6, 0.0, 1.0, 0.6, 0.0, 0.0, 0.0, 0.0, 0.4286, 0.0, 1.0, 0.8333, 0.0, 0.0, 0.0, 0.0, 0.0, 0.0, 0.6667, 0.6, 0.0, 0.0]"
cluster,6,cluster,0.1675,0.1675,0.1675,0.0,28,True,335,0,281,1384,0,"[0.05, 0.066, 0.081, 0.097, 0.1115, 0.122, 0.128, 0.1335, 0.138, 0.1425, 0.1455, 0.1485, 0.151, 0.1525, 0.1535, 0.1545, 0.156, 0.1565, 0.1575, 0.1605, 0.161, 0.1615, 0.1625, 0.164, 0.1645, 0.1655, 0.1665, 0.1675, 0.1675, 0.1675, 0.1675, 0.1675, 0.1675, 0.1675, 0.1675, 0.1675, 0.1675, 0.1675, 0.1675, 0.1675, 0.1675, 0.1675, 0.1675, 0.1675, 0.1675, 0.1675, 0.1675, 0.1675, 0.1675, 0.1675, 0.1675, 0.1675, 0.1675, 0.1675, 0.1675, 0.1675, 0.1675, 0.1675, 0.1675, 0.1675, 0.1675, 0.1675, 0.1675, 0.1675, 0.1675, 0.1675, 0.1675, 0.1675, 0.1675, 0.1675, 0.1675, 0.1675, 0.1675, 0.1675, 0.1675, 0.1675, 0.1675, 0.1675, 0.1675, 0.1675, 0.1675]","{""0"": 0.4138, ""1"": 0.1184, ""2"": 0.1789, ""3"": 0.1483, ""4"": 0.0783, ""5"": 0.0352, ""6"": 0.0, ""7"": 0.352}","[0.1111, 0.0, 0.1538, 0.0, 1.0, 0.0, 0.0, 0.0, 0.0, 0.0769, 0.0, 0.0, 1.0, 0.0, 0.0, 0.0, 0.0, 0.0, 0.0, 0.0, 0.0, 0.0, 0.0, 0.0, 0.0, 0.0, 0.2857, 0.0, 0.0, 0.0, 0.0, 0.0, 0.0, 0.0, 0.1111, 0.0, 0.0, 0.0, 0.0, 0.0, 0.0, 0.0, 0.0, 0.1429, 0.0, 0.0, 0.0, 0.0, 0.0, 0.0, 0.4, 0.6, 0.0, 0.0, 0.0, 0.0, 0.0, 0.0, 0.8889, 0.7143, 0.0, 0.0, 0.0, 0.0, 0.0, 0.1429, 1.0, 1.0, 0.0, 0.0, 0.0, 0.0, 0.0, 0.0, 0.0, 0.7778, 0.0, 0.0, 0.0, 0.0, 0.0, 0.6, 0.0, 1.0, 0.0, 0.0714, 0.0, 0.0, 0.0, 0.7778, 0.0, 0.2222, 0.0, 0.0, 0.0, 0.0, 0.0, 1.0, 0.0, 0.0, 0.0, 0.0, 0.0, 0.0, 0.0, 1.0, 0.0, 0.0, 0.0, 0.0, 0.0, 0.0, 0.0, 0.7778, 0.0, 0.0, 0.0, 0.0, 0.0, 0.0, 0.0, 0.8571, 0.0, 0.0, 0.0, 0.0, 0.0, 0.0, 0.0588, 1.0, 0.0, 0.0, 0.0, 0.0, 0.0, 0.0, 0.8889, 0.8889, 0.0, 0.0, 0.0, 0.1429, 0.0, 0.0, 0.6667, 0.8333, 0.0, 0.0, 0.0, 0.0, 0.0, 0.0, 1.0, 0.875, 0.0, 0.0, 0.0, 0.0, 0.0, 0.0, 1.0, 0.7143, 0.0, 0.0, 0.0, 0.0, 0.0, 0.0, 1.0, 0.8333, 0.0, 1.0, 0.0, 0.0, 0.0, 0.0, 0.8462, 1.0, 0.0, 0.125, 0.0, 0.0, 0.0, 0.0, 0.6667, 0.75, 0.0, 0.0, 0.0, 0.0, 0.1, 0.0, 1.0, 0.8571, 0.0, 0.0, 0.0, 0.0, 1.0, 0.0, 1.0, 0.0, 0.125, 0.0, 0.0, 0.0, 0.0, 0.0, 0.8, 0.0, 0.0, 0.0, 0.125, 0.6667, 0.0, 0.0, 0.875, 0.0, 0.0, 0.0, 0.6, 0.8571, 0.0, 0.0, 0.875, 0.0, 0.0, 0.0, 0.8333, 1.0, 0.0, 0.0, 0.3333, 0.0, 0.0, 0.1111, 0.875, 0.0, 0.0, 0.0, 0.0, 0.0, 0.0, 0.0, 1.0, 0.0, 0.0, 0.0, 0.0, 0.0]"
cluster,7,cluster,0.277,0.277,0.277,0.0,31,True,554,0,258,1187,1,"[0.05, 0.0645, 0.0815, 0.101, 0.1175, 0.131, 0.1395, 0.148, 0.156, 0.162, 0.1705, 0.1775, 0.186, 0.1975, 0.208, 0.2115, 0.2145, 0.217, 0.2215, 0.225, 0.228, 0.232, 0.2355, 0.2415, 0.2475, 0.254, 0.2585, 0.264, 0.2675, 0.2725, 0.277, 0.277, 0.277, 0.277, 0.277, 0.277, 0.277, 0.277, 0.277, 0.277, 0.277, 0.277, 0.277, 0.277, 0.277, 0.277, 0.277, 0.277, 0.277, 0.277, 0.277, 0.277, 0.277, 0.277, 0.277, 0.277, 0.277, 0.277, 0.277, 0.277, 0.277, 0.277, 0.277, 0.277, 0.277, 0.277, 0.277, 0.277, 0.277, 0.277, 0.277, 0.277, 0.277, 0.277, 0.277, 0.277, 0.277, 0.277, 0.277, 0.277, 0.277]","{""0"": 0.0738, ""1"": 0.1176, ""2"": 0.8926, ""3"": 0.6316, ""4"": 0.2364, ""5"": 0.0043, ""6"": 0.0079, ""7"": 0.2565}","[0.4444, 0.0, 0.0, 1.0, 0.0, 1.0, 0.0, 0.0, 0.0, 0.0, 0.0, 0.6667, 0.0, 0.6667, 0.0, 0.0, 0.8333, 0.0, 0.0, 1.0, 0.0, 1.0, 0.0, 0.0, 0.8889, 0.0, 0.0, 1.0, 0.0, 1.0, 0.0, 0.0, 1.0, 0.0, 0.0, 1.0, 0.5, 1.0, 0.0, 0.0, 0.6667, 0.0, 1.0, 0.875, 0.625, 1.0, 0.0, 0.0, 1.0, 0.0, 0.8571, 0.8, 0.6667, 0.7273, 0.0, 0.0, 1.0, 0.0, 0.6667, 0.75, 1.0, 0.7, 0.0, 0.0, 1.0, 0.75, 0.1667, 0.8333, 1.0, 1.0, 0.0, 0.0, 1.0, 0.0909, 0.0, 1.0, 0.7143, 0.2222, 0.0, 0.0, 0.75, 0.0, 0.0, 0.8333, 1.0, 0.1667, 0.0, 0.0, 0.0, 0.0, 0.0, 0.8333, 1.0, 0.0, 0.0, 0.0, 0.0, 0.0, 0.0, 1.0, 0.8333, 0.0, 0.0, 0.0, 0.0, 1.0, 0.0, 0.8333, 0.7, 0.1, 0.0, 0.0, 0.0, 1.0, 0.0, 0.7, 1.0, 0.0, 0.0, 0.0, 0.3333, 0.1111, 0.0, 1.0, 1.0, 0.0, 0.0, 0.0, 0.0, 0.0, 0.0, 0.8333, 0.8, 0.0, 0.0, 0.1429, 0.0, 0.0, 0.0, 0.8571, 0.9231, 0.0, 0.0, 0.0, 0.0, 0.0, 0.0, 0.8333, 0.8889, 0.0, 0.0909, 0.0, 0.0, 0.0, 0.0, 0.7778, 0.7273, 0.0, 0.0, 0.0, 0.0, 0.0, 0.0, 0.875, 0.8889, 0.0769, 0.0, 0.0, 0.1818, 0.0, 0.0833, 1.0, 0.875, 0.0, 0.0, 0.0, 0.0, 0.0, 1.0, 0.9, 0.8889, 0.0, 0.0, 0.0, 0.0, 0.0, 0.1429, 1.0, 0.8571, 0.0, 0.0, 0.0, 0.0, 0.0, 0.0, 0.75, 0.8333, 0.0, 0.0, 0.0, 0.0, 0.0, 0.0, 1.0, 0.9, 0.0, 0.0, 0.0, 0.0, 0.0, 0.0, 1.0, 0.0, 0.0, 0.0, 0.0, 0.0, 0.0, 0.0, 1.0, 0.1429, 0.0, 0.0, 0.0, 0.0, 0.0, 0.0, 1.0, 0.0, 0.0, 0.0, 0.0, 0.0, 0.0, 0.0, 0.7143, 0.0, 0.0, 0.0, 0.0909, 0.0, 0.0, 0.0, 1.0, 0.0, 0.0, 0.0, 0.0, 0.0, 0.0]"
cluster,8,cluster,0.454,0.454,0.454,0.0,28,True,908,0,301,791,0,"[0.05, 0.0695, 0.091, 0.1185, 0.1395, 0.1555, 0.1685, 0.186, 0.2035, 0.2215, 0.237, 0.2565, 0.273, 0.289, 0.305, 0.3255, 0.347, 0.3615, 0.3735, 0.3845, 0.4, 0.4145, 0.428, 0.438, 0.443, 0.4485, 0.453, 0.454, 0.454, 0.454, 0.454, 0.454, 0.454, 0.454, 0.454, 0.454, 0.454, 0.454, 0.454, 0.454, 0.454, 0.454, 0.454, 0.454, 0.454, 0.454, 0.454, 0.454, 0.454, 0.454, 0.454, 0.454, 0.454, 0.454, 0.454, 0.454, 0.454, 0.454, 0.454, 0.454, 0.454, 0.454, 0.454, 0.454, 0.454, 0.454, 0.454, 0.454, 0.454, 0.454, 0.454, 0.454, 0.454, 0.454, 0.454, 0.454, 0.454, 0.454, 0.454, 0.454, 0.454]","{""0"": 0.85, ""1"": 0.761, ""2"": 0.016, ""3"": 0.4242, ""4"": 0.6953, ""5"": 0.017, ""6"": 0.3708, ""7"": 0.4498}","[0.7778, 0.875, 0.875, 0.0, 0.0, 0.8, 0.0, 0.6667, 0.8333, 1.0, 1.0, 0.4, 0.1111, 0.5455, 0.0, 1.0, 0.7143, 0.9091, 1.0, 0.0, 0.1667, 1.0, 0.1111, 0.8889, 0.0, 0.625, 0.875, 0.0, 0.0, 0.9091, 0.0, 0.9231, 0.0, 0.7, 1.0, 0.0, 0.0, 0.7, 0.0, 1.0, 0.0, 0.8, 0.7778, 0.0, 0.0, 0.75, 0.0, 0.625, 0.0, 0.875, 1.0, 0.0, 0.0, 1.0, 0.0, 0.7778, 0.0, 0.8182, 0.8571, 0.0, 0.0, 0.8571, 0.0, 0.9286, 0.0, 1.0, 1.0, 0.0, 0.0, 0.9167, 0.0, 0.7143, 0.0, 0.8333, 0.75, 0.0, 0.1429, 1.0, 0.0, 0.0, 0.0, 1.0, 0.8889, 0.0, 0.8571, 0.5714, 0.0, 0.1429, 0.0, 0.8333, 0.8, 0.0, 1.0, 1.0, 0.0, 0.0, 0.5, 0.7273, 1.0, 0.0, 1.0, 1.0, 0.0, 0.0, 0.0, 1.0, 0.6667, 0.0, 0.8, 1.0, 0.0, 0.0, 0.0, 0.75, 0.6667, 0.0, 1.0, 0.875, 0.0, 0.0, 0.0, 0.8333, 0.8889, 0.0, 1.0, 1.0, 0.0, 0.0, 1.0, 1.0, 1.0, 0.0, 0.8, 0.8571, 0.0, 0.0, 0.5, 1.0, 0.75, 0.0, 1.0, 0.1, 0.0, 0.0, 0.8571, 0.8, 1.0, 0.0, 0.7778, 0.0, 0.0, 0.0, 0.4286, 0.9, 1.0, 0.0, 1.0, 0.0, 0.0, 0.0, 0.8889, 0.8, 0.9091, 0.0, 1.0, 0.25, 0.0, 0.0, 0.6667, 0.6667, 0.8571, 0.0, 1.0, 0.0, 0.1667, 0.0, 0.8333, 1.0, 1.0, 0.0, 1.0, 0.0, 0.2857, 0.0, 0.8571, 0.8571, 1.0, 0.0, 0.7778, 0.5, 0.0, 0.0, 1.0, 0.6667, 0.8571, 0.0, 0.7143, 1.0, 0.0, 0.0, 0.875, 0.6, 0.625, 0.0, 1.0, 0.8333, 0.0, 0.0, 0.875, 0.7143, 0.5, 0.0, 0.0, 0.9091, 0.0, 0.125, 0.8, 1.0, 0.0, 0.0, 0.125, 0.7143, 0.0, 0.6667, 0.7273, 0.875, 0.0, 0.0, 0.0, 0.8889, 0.0, 0.8571, 1.0, 0.9, 0.0, 0.0, 0.0, 0.8, 0.0, 1.0, 0.75, 0.9167, 0.8333, 0.0, 0.0, 0.75, 0.0, 0.7778, 0.6, 1.0]"
cluster,9,cluster,0.298,0.298,0.298,0.0,25,True,596,0,276,1128,0,"[0.05, 0.067, 0.0885, 0.109, 0.129, 0.151, 0.168, 0.179, 0.191, 0.202, 0.2125, 0.2315, 0.242, 0.256, 0.263, 0.266, 0.2715, 0.2805, 0.2845, 0.286, 0.288, 0.2905, 0.2945, 0.297, 0.298, 0.298, 0.298, 0.298, 0.298, 0.298, 0.298, 0.298, 0.298, 0.298, 0.298, 0.298, 0.298, 0.298, 0.298, 0.298, 0.298, 0.298, 0.298, 0.298, 0.298, 0.298, 0.298, 0.298, 0.298, 0.298, 0.298, 0.298, 0.298, 0.298, 0.298, 0.298, 0.298, 0.298, 0.298, 0.298, 0.298, 0.298, 0.298, 0.298, 0.298, 0.298, 0.298, 0.298, 0.298, 0.298, 0.298, 0.298, 0.298, 0.298, 0.298, 0.298, 0.298, 0.298, 0.298, 0.298, 0.298]","{""0"": 0.344, ""1"": 0.6938, ""2"": 0.0, ""3"": 0.1133, ""4"": 0.1393, ""5"": 0.0078, ""6"": 0.1941, ""7"": 0.8943}","[0.2222, 0.0, 0.0, 0.0, 0.0, 0.0, 0.0, 0.0, 1.0, 0.0, 0.8, 0.0, 0.0, 0.0, 0.0, 0.0, 0.8, 0.0, 0.5714, 0.0, 0.0, 0.0, 0.0, 0.0, 1.0, 0.0, 1.0, 0.0, 0.0, 0.0625, 0.0, 0.0, 0.6667, 0.0, 0.875, 0.0, 0.0, 0.0, 0.0, 0.0, 0.875, 0.0, 0.5714, 0.0, 0.0, 0.0, 0.0, 0.0, 1.0, 0.0, 1.0, 0.0, 0.0, 0.0, 0.0, 0.0, 0.8571, 0.0, 0.8, 0.0, 0.0, 0.0, 0.0, 0.0, 0.875, 0.0, 0.8333, 0.0, 0.0, 0.875, 0.0, 0.0, 1.0, 0.0, 1.0, 0.0, 0.1667, 0.8333, 0.0, 0.0, 0.8333, 0.0, 0.8571, 0.0, 0.0, 0.7778, 0.1, 0.0, 1.0, 0.0, 0.7778, 0.0, 0.1429, 0.8571, 0.0, 0.0, 0.8571, 0.0, 0.8889, 0.0, 0.0, 1.0, 0.0, 0.0, 1.0, 0.0, 0.75, 0.0, 0.0, 0.2, 0.0769, 0.0, 0.8571, 0.0, 0.8333, 0.0, 0.125, 0.0, 0.0, 0.0, 1.0, 0.0, 1.0, 0.0, 0.0, 0.0, 0.0, 0.0, 1.0, 0.0, 1.0, 0.0, 0.0, 0.0, 0.0, 0.0, 0.8571, 0.0, 0.8889, 0.0, 0.0, 0.0, 0.0, 0.0, 1.0, 0.2, 0.9, 0.0, 0.1429, 0.0, 0.0, 0.25, 0.8571, 0.5, 0.625, 0.0, 0.6667, 0.0, 0.0, 0.0, 0.75, 0.6667, 0.7143, 0.0, 1.0, 0.0, 0.0, 0.6, 1.0, 1.0, 0.8333, 0.0, 0.7, 0.0, 0.0, 1.0, 1.0, 1.0, 1.0, 0.0, 0.6667, 0.0, 0.0, 0.9, 0.7778, 0.8333, 1.0, 0.0, 0.0714, 0.0, 0.0, 1.0, 0.9, 1.0, 0.8571, 0.0, 0.0, 0.0, 0.0, 1.0, 1.0, 1.0, 0.8, 0.0, 0.0, 0.0, 0.0, 1.0, 1.0, 0.9091, 1.0, 0.0, 0.0, 0.0, 0.0, 0.5714, 0.75, 1.0, 0.0, 0.0, 0.0, 0.0, 0.0, 1.0, 0.8333, 0.8, 0.0, 0.0, 0.0, 0.0, 0.0, 0.0, 0.875, 1.0, 0.0, 0.0, 0.0, 0.0, 0.0, 0.0, 0.6364, 1.0, 0.0, 0.0, 0.0, 0.0, 0.0, 0.0, 1.0, 0.25]"
cluster,10,cluster,0.3905,0.3905,0.3905,0.0,48,True,781,0,274,944,1,"[0.05, 0.0635, 0.077, 0.095, 0.1165, 0.1315, 0.151, 0.1675, 0.183, 0.202, 0.214, 0.223, 0.2305, 0.239, 0.247, 0.254, 0.2615, 0.27, 0.2805, 0.2905, 0.2975, 0.304, 0.3135, 0.323, 0.329, 0.3345, 0.3385, 0.344, 0.346, 0.3495, 0.3515, 0.355, 0.3595, 0.3645, 0.3675, 0.3685, 0.3695, 0.371, 0.374, 0.3755, 0.377, 0.3785, 0.38, 0.382, 0.385, 0.388, 0.39, 0.3905, 0.3905, 0.3905, 0.3905, 0.3905, 0.3905, 0.3905, 0.3905, 0.3905, 0.3905, 0.3905, 0.3905, 0.3905, 0.3905, 0.3905, 0.3905, 0.3905, 0.3905, 0.3905, 0.3905, 0.3905, 0.3905, 0.3905, 0.3905, 0.3905, 0.3905, 0.3905, 0.3905, 0.3905, 0.3905, 0.3905, 0.3905, 0.3905, 0.3905]","{""0"": 0.1133, ""1"": 0.0763, ""2"": 0.8235, ""3"": 0.0656, ""4"": 0.7805, ""5"": 0.7213, ""6"": 0.3377, ""7"": 0.2369}","[0.6667, 0.0, 0.0, 1.0, 0.0, 1.0, 1.0, 0.0, 0.0, 0.1111, 0.0, 1.0, 0.0, 0.7778, 0.8571, 0.1111, 0.0, 0.0, 0.0, 0.875, 0.0, 0.9167, 1.0, 0.0, 0.0, 0.0, 0.0, 1.0, 0.0, 0.9167, 0.7143, 0.0, 0.0, 0.0, 0.0, 1.0, 0.0, 0.7778, 0.0, 0.0, 0.0909, 0.0, 0.2, 1.0, 0.0, 1.0, 0.0, 0.8, 0.8571, 0.0, 0.0, 0.8571, 0.0, 0.875, 0.0, 1.0, 1.0, 1.0, 0.0, 0.6667, 0.0, 0.8889, 0.0, 0.8333, 0.6667, 1.0, 0.0, 1.0, 0.0, 1.0, 0.0, 0.8889, 0.9091, 1.0, 0.1, 0.8571, 0.0, 0.8, 0.6667, 0.75, 1.0, 0.6, 0.0, 1.0, 0.0, 1.0, 1.0, 1.0, 1.0, 0.0, 0.0, 0.6, 0.0, 1.0, 0.8333, 1.0, 0.875, 0.1667, 0.0, 0.8333, 0.0, 0.6, 0.7778, 0.875, 1.0, 0.0, 0.0, 1.0, 0.0, 1.0, 0.8, 0.875, 0.8, 0.0, 0.0, 0.7143, 0.0, 0.75, 0.7273, 0.7778, 0.0, 0.0, 0.0, 0.8571, 0.0, 0.1111, 0.9, 0.875, 0.0, 0.0, 0.0, 1.0, 0.0, 0.0, 0.6667, 0.3333, 0.0, 0.0909, 0.0, 0.8333, 0.0, 0.0, 1.0, 0.1429, 0.0, 0.0, 0.0, 0.8571, 0.0, 0.0, 0.8, 0.0, 0.0, 0.0, 0.0, 0.8333, 0.0, 1.0, 0.75, 0.0, 0.0, 0.0, 0.0, 0.8, 0.0, 1.0, 0.9091, 0.0, 0.0, 0.0, 0.0, 0.125, 0.0, 1.0, 0.6154, 0.0, 0.0, 0.0, 0.125, 0.0, 0.0, 1.0, 1.0, 0.0, 0.0, 0.0, 0.0, 0.7273, 0.0, 0.875, 1.0, 0.0, 0.0, 0.0, 0.5, 1.0, 0.0, 1.0, 0.7143, 0.0, 0.0, 0.0, 0.0, 1.0, 0.6667, 0.8, 1.0, 0.0, 0.0, 0.0, 0.0, 0.8333, 0.875, 0.8571, 1.0, 0.0909, 0.0, 0.0, 0.0, 1.0, 1.0, 1.0, 0.8182, 0.0, 0.0, 0.0, 0.1429, 0.8333, 0.0, 0.8889, 1.0, 0.0, 0.0, 0.0, 1.0, 1.0, 0.0, 0.8571, 1.0, 0.0, 0.0, 0.0, 0.25, 0.8571, 0.0, 0.875, 0.8, 0.0, 0.0, 0.0]"
cluster,11,cluster,0.1535,0.154,0.1535,0.0005,19,True,307,0,296,1386,11,"[0.05, 0.0695, 0.09, 0.104, 0.1135, 0.1205, 0.127, 0.133, 0.136, 0.138, 0.142, 0.148, 0.1515, 0.1535, 0.154, 0.154, 0.154, 0.154, 0.1535, 0.1535, 0.1535, 0.1535, 0.1535, 0.1535, 0.1535, 0.1535, 0.1535, 0.1535, 0.1535, 0.1535, 0.1535, 0.1535, 0.1535, 0.1535, 0.1535, 0.1535, 0.1535, 0.1535, 0.1535, 0.1535, 0.1535, 0.1535, 0.1535, 0.1535, 0.1535, 0.1535, 0.1535, 0.1535, 0.1535, 0.1535, 0.1535, 0.1535, 0.1535, 0.1535, 0.1535, 0.1535, 0.1535, 0.1535, 0.1535, 0.1535, 0.1535, 0.1535, 0.1535, 0.1535, 0.1535, 0.1535, 0.1535, 0.1535, 0.1535, 0.1535, 0.1535, 0.1535, 0.1535, 0.1535, 0.1535, 0.1535, 0.1535, 0.1535, 0.1535, 0.1535, 0.1535]","{""0"": 0.0, ""1"": 0.0498, ""2"": 0.1526, ""3"": 0.2431, ""4"": 0.2372, ""5"": 0.3975, ""6"": 0.0, ""7"": 0.1358}","[0.1111, 0.0, 0.0, 0.0, 0.6364, 0.0, 1.0, 0.0, 0.0, 0.0, 0.0, 0.0, 1.0, 0.0, 0.875, 0.0, 0.0, 0.0, 0.1818, 0.0, 0.9167, 0.0, 0.8571, 0.0, 0.0, 0.0, 0.0, 0.0, 0.2308, 0.1, 0.8182, 0.0, 0.0, 0.0, 0.0, 0.0, 0.0, 0.9, 0.7778, 0.0, 0.0, 0.0, 0.0, 0.0, 0.0, 0.8, 0.8182, 0.0, 0.125, 0.0, 0.0, 0.0, 0.0, 0.7778, 0.875, 0.0, 0.0, 0.0, 0.0, 0.0, 0.6667, 1.0, 1.0, 0.0, 0.0, 0.0, 0.0, 0.0, 1.0, 0.7778, 1.0, 0.0, 0.0769, 0.0, 0.0, 0.0, 1.0, 0.8571, 0.8571, 0.0, 0.0, 0.0, 0.0, 0.0, 0.75, 0.7143, 0.1111, 0.0, 0.0, 0.0, 0.0, 0.0, 0.0, 1.0, 0.0, 0.0, 0.0, 0.0, 0.0, 0.0, 0.0, 0.2, 0.0, 0.0, 0.0, 0.0, 0.0, 0.0, 0.0, 0.0, 0.0, 0.0, 0.0, 0.0, 0.0, 0.0, 0.0, 0.0, 0.0, 0.0, 0.0, 0.0, 0.0, 0.0, 0.0, 0.0, 0.0, 0.0, 0.0909, 0.0, 0.0, 0.125, 0.125, 0.0, 0.0, 0.0, 0.1111, 0.0, 0.1111, 0.0, 0.0, 0.0, 0.0, 0.0, 0.0, 0.0, 0.0, 0.8333, 0.0, 0.0, 0.0, 0.0, 0.0, 0.0, 0.0, 1.0, 0.0, 0.0, 0.0, 0.0, 0.0, 0.0, 0.0, 1.0, 0.0, 0.0, 0.0, 0.0, 0.0, 0.0, 0.0, 1.0, 0.0, 0.25, 1.0, 0.0, 0.0, 0.0, 0.0, 1.0, 0.0, 0.0, 0.1667, 0.0, 0.0, 0.0, 0.0, 1.0, 0.1429, 0.0, 0.0, 0.0, 0.0, 0.0, 0.0, 0.6, 0.0, 0.1111, 0.2, 0.0, 0.0, 0.0, 0.0, 0.0, 0.0, 0.0, 0.0, 0.0, 0.5714, 0.0, 0.0, 0.0, 0.0, 0.0, 0.0, 0.0, 1.0, 0.0, 0.0, 0.1111, 0.0, 0.0, 0.0, 0.0, 0.8, 0.0, 0.0, 0.0, 0.1, 0.0, 0.0, 0.0, 0.75, 0.0, 0.6, 0.0, 0.0, 0.0, 0.125, 0.0, 0.6667, 0.0, 1.0, 0.0, 0.25, 0.0, 0.5, 0.0, 1.0, 0.0]"
