seeding.strategy,pair_id,rep,strategy,final_rate,peak_rate,cumulative_rate,retention_rate,plateau,relapse,steps_to_fixed_point,converged,n_adopted,n_not_able,n_not_willing,n_not_ready,n_relapsed,curve,dept_rates,team_rates,seeded_teams
random,0:0,0,random,0.7925,0.7925,0.7925,1.0,0.7925,-0.0,49,True,1585,0,272,143,0,"[0.05, 0.0735, 0.1015, 0.138, 0.1795, 0.2265, 0.2595, 0.291, 0.3285, 0.3645, 0.394, 0.4205, 0.4515, 0.48, 0.5055, 0.5305, 0.5545, 0.573, 0.5835, 0.5945, 0.6065, 0.6195, 0.6275, 0.6365, 0.647, 0.66, 0.671, 0.686, 0.6975, 0.71, 0.7205, 0.73, 0.741, 0.7505, 0.7585, 0.766, 0.77, 0.771, 0.772, 0.7735, 0.7745, 0.777, 0.779, 0.7825, 0.784, 0.7865, 0.789, 0.7905, 0.7925, 0.7925, 0.7925, 0.7925, 0.7925, 0.7925, 0.7925, 0.7925, 0.7925, 0.7925, 0.7925, 0.7925, 0.7925, 0.7925, 0.7925, 0.7925, 0.7925, 0.7925, 0.7925, 0.7925, 0.7925, 0.7925, 0.7925, 0.7925, 0.7925, 0.7925, 0.7925, 0.7925, 0.7925, 0.7925, 0.7925, 0.7925, 0.7925, 0.7925, 0.7925, 0.7925, 0.7925, 0.7925, 0.7925, 0.7925, 0.7925, 0.7925, 0.7925, 0.7925, 0.7925, 0.7925, 0.7925, 0.7925, 0.7925, 0.7925, 0.7925, 0.7925, 0.7925]","{""0"": 0.891, ""1"": 0.8594, ""2"": 0.5654, ""3"": 0.887, ""4"": 0.877, ""5"": 0.8559, ""6"": 0.856, ""7"": 0.5547}","[0.7778, 0.9, 0.8, 0.8, 1.0, 0.9, 0.75, 1.0, 0.875, 0.8889, 0.8333, 0.6667, 0.8571, 1.0, 1.0, 0.8182, 1.0, 0.8462, 0.6667, 1.0, 0.8333, 0.8571, 0.7, 0.8182, 0.625, 0.8333, 0.6667, 0.6, 1.0, 0.75, 0.875, 1.0, 0.8333, 1.0, 1.0, 0.8889, 0.8, 1.0, 0.7143, 0.5714, 1.0, 0.6667, 0.8889, 0.8182, 0.8333, 1.0, 1.0, 1.0, 0.8182, 1.0, 1.0, 0.8, 0.8333, 0.7273, 0.8333, 1.0, 0.875, 0.5714, 0.8571, 0.7778, 1.0, 0.8571, 0.75, 0.6667, 0.7143, 1.0, 1.0, 1.0, 1.0, 0.7778, 0.8333, 0.7143, 0.7143, 1.0, 0.7778, 1.0, 0.5833, 0.9231, 1.0, 0.7, 0.8571, 1.0, 1.0, 0.8889, 1.0, 0.8333, 0.8, 1.0, 0.875, 0.8333, 1.0, 0.75, 1.0, 0.8333, 0.8571, 0.6667, 0.875, 1.0, 1.0, 0.8333, 0.7647, 0.9091, 1.0, 1.0, 0.8571, 1.0, 0.875, 0.8889, 1.0, 0.8, 1.0, 0.875, 0.9, 1.0, 0.6667, 0.8571, 0.8571, 0.875, 0.8, 1.0, 0.75, 1.0, 1.0, 1.0, 0.8571, 1.0, 0.6667, 1.0, 0.8889, 1.0, 1.0, 1.0, 0.7143, 0.75, 1.0, 0.8571, 1.0, 1.0, 1.0, 1.0, 1.0, 0.8, 0.9167, 0.8, 0.8333, 0.8571, 0.8333, 0.8462, 0.9, 0.625, 1.0, 0.6667, 0.0, 0.7273, 0.8235, 0.6667, 1.0, 1.0, 0.8, 1.0, 0.0, 0.9, 1.0, 1.0, 1.0, 1.0, 0.8333, 0.75, 0.1538, 1.0, 0.7778, 0.0, 0.9167, 0.625, 1.0, 0.8, 0.0, 1.0, 0.625, 0.0, 0.7273, 1.0, 1.0, 0.7, 0.0, 0.8889, 0.5, 0.0, 1.0, 0.8889, 0.875, 0.8571, 0.0, 0.5556, 1.0, 0.2, 0.9, 1.0, 0.75, 0.8, 0.1667, 0.8889, 1.0, 0.1, 0.8571, 0.8333, 0.8333, 1.0, 0.25, 0.8, 1.0, 0.1429, 1.0, 0.875, 0.75, 0.8, 0.0909, 0.9231, 0.4444, 0.0, 1.0, 1.0, 0.6667, 1.0, 0.0, 0.8333, 0.75, 0.1111, 1.0, 0.875, 0.6667, 0.8182, 0.0, 0.875, 1.0, 0.0909, 0.8889, 0.8889, 1.0, 1.0, 0.25, 1.0, 0.9167, 0.0, 0.875, 0.9, 1.0, 1.0, 0.7778, 0.875]","[0, 1, 2, 3, 6, 7, 8, 12, 15, 16, 19, 21, 23, 26, 31, 32, 36, 37, 38, 42, 45, 48, 50, 52, 55, 56, 57, 59, 61, 65, 66, 69, 71, 73, 79, 80, 81, 89, 100, 101, 106, 115, 121, 126, 128, 129, 130, 134, 136, 137, 144, 148, 163, 164, 168, 170, 175, 177, 183, 185, 189, 190, 195, 197, 198, 201, 206, 208, 211, 213, 216, 220, 221, 222, 227, 230, 237, 239, 242, 248]"
champions,0:0,0,champions,0.8145,0.8145,0.8145,1.0,0.8145,0.0,37,True,1629,0,272,99,0,"[0.05, 0.0945, 0.137, 0.187, 0.2475, 0.304, 0.346, 0.39, 0.4275, 0.4665, 0.5015, 0.5365, 0.5705, 0.6, 0.627, 0.656, 0.671, 0.687, 0.7065, 0.721, 0.7315, 0.747, 0.7605, 0.774, 0.781, 0.785, 0.789, 0.794, 0.8, 0.802, 0.803, 0.8045, 0.805, 0.8055, 0.8065, 0.809, 0.8145, 0.8145, 0.8145, 0.8145, 0.8145, 0.8145, 0.8145, 0.8145, 0.8145, 0.8145, 0.8145, 0.8145, 0.8145, 0.8145, 0.8145, 0.8145, 0.8145, 0.8145, 0.8145, 0.8145, 0.8145, 0.8145, 0.8145, 0.8145, 0.8145, 0.8145, 0.8145, 0.8145, 0.8145, 0.8145, 0.8145, 0.8145, 0.8145, 0.8145, 0.8145, 0.8145, 0.8145, 0.8145, 0.8145, 0.8145, 0.8145, 0.8145, 0.8145, 0.8145, 0.8145, 0.8145, 0.8145, 0.8145, 0.8145, 0.8145, 0.8145, 0.8145, 0.8145, 0.8145, 0.8145, 0.8145, 0.8145, 0.8145, 0.8145, 0.8145, 0.8145, 0.8145, 0.8145, 0.8145, 0.8145]","{""0"": 0.8985, ""1"": 0.8554, ""2"": 0.7923, ""3"": 0.8912, ""4"": 0.627, ""5"": 0.8559, ""6"": 0.768, ""7"": 0.83}","[1.0, 0.8, 0.8, 0.8, 1.0, 0.9, 0.75, 1.0, 0.875, 0.8889, 0.8333, 0.6667, 0.7143, 1.0, 1.0, 0.8182, 1.0, 0.9231, 0.6667, 1.0, 0.8333, 0.7143, 0.7, 0.8182, 0.625, 0.8333, 0.6667, 0.6, 1.0, 0.75, 0.875, 1.0, 0.8333, 1.0, 1.0, 0.1111, 0.8, 1.0, 0.7143, 0.5714, 1.0, 0.6667, 0.7778, 0.0, 0.8333, 1.0, 1.0, 1.0, 0.8182, 1.0, 1.0, 0.6, 0.8333, 0.7273, 0.8333, 0.875, 0.875, 0.5714, 0.8571, 0.7778, 1.0, 0.8571, 0.75, 0.6667, 0.8571, 1.0, 1.0, 1.0, 1.0, 0.6667, 0.8333, 0.0, 0.7143, 1.0, 0.7778, 1.0, 0.6667, 0.9231, 1.0, 0.0, 0.8571, 1.0, 1.0, 0.8889, 1.0, 0.8333, 0.8, 0.0, 0.875, 0.8333, 1.0, 0.75, 1.0, 0.8333, 0.8571, 0.6667, 0.875, 1.0, 1.0, 0.8333, 0.8235, 0.8182, 1.0, 1.0, 0.8571, 1.0, 0.75, 0.8889, 1.0, 0.8, 1.0, 0.875, 0.9, 1.0, 0.6667, 0.8571, 0.8571, 0.875, 0.8, 1.0, 0.75, 1.0, 1.0, 1.0, 0.8571, 1.0, 0.6667, 1.0, 0.7778, 1.0, 0.9091, 1.0, 0.7143, 0.75, 1.0, 0.8571, 1.0, 0.9091, 1.0, 1.0, 1.0, 0.0, 0.9167, 0.8, 0.8333, 0.8571, 0.8333, 0.8462, 0.9, 0.0, 1.0, 0.6667, 1.0, 0.9091, 0.9412, 0.6667, 1.0, 0.0, 0.8, 1.0, 0.7778, 0.9, 1.0, 0.8571, 1.0, 0.0, 0.8333, 0.75, 0.6154, 1.0, 0.7778, 0.3333, 0.9167, 0.0, 1.0, 0.8, 0.7143, 1.0, 0.625, 0.9231, 0.7273, 0.0, 1.0, 0.7, 0.7778, 0.8889, 0.5, 0.8333, 1.0, 0.0, 0.875, 0.8571, 0.75, 0.5556, 1.0, 1.0, 0.9, 0.1, 0.75, 0.8, 0.8333, 0.8889, 1.0, 0.8, 0.8571, 0.0, 0.8333, 1.0, 0.875, 0.8, 1.0, 1.0, 1.0, 0.0, 0.75, 0.8, 1.0, 1.0, 0.4444, 0.8, 1.0, 0.9, 0.6667, 1.0, 0.8, 0.8333, 0.75, 0.7778, 1.0, 0.875, 0.6667, 0.8182, 0.5, 0.875, 1.0, 0.9091, 0.8889, 0.8889, 1.0, 1.0, 0.9167, 1.0, 0.9167, 1.0, 0.875, 0.9, 1.0, 1.0, 0.7778, 0.875]","[0, 1, 6, 9, 15, 17, 23, 30, 38, 40, 45, 54, 64, 76, 77, 89, 94, 96, 99, 100, 101, 105, 106, 107, 110, 111, 112, 125, 128, 130, 134, 137, 146, 147, 153, 154, 162, 164, 167, 168, 172, 179, 187, 188, 196, 197, 199, 203, 217, 219, 225, 235, 240, 243, 245, 249]"
cluster,0:0,0,cluster,0.2675,0.2675,0.2675,1.0,0.2675,0.0,26,True,535,0,273,1192,0,"[0.05, 0.0705, 0.0935, 0.12, 0.134, 0.15, 0.164, 0.18, 0.1935, 0.201, 0.207, 0.2125, 0.2185, 0.221, 0.223, 0.2275, 0.2325, 0.237, 0.241, 0.247, 0.2515, 0.2545, 0.259, 0.2635, 0.266, 0.2675, 0.2675, 0.2675, 0.2675, 0.2675, 0.2675, 0.2675, 0.2675, 0.2675, 0.2675, 0.2675, 0.2675, 0.2675, 0.2675, 0.2675, 0.2675, 0.2675, 0.2675, 0.2675, 0.2675, 0.2675, 0.2675, 0.2675, 0.2675, 0.2675, 0.2675, 0.2675, 0.2675, 0.2675, 0.2675, 0.2675, 0.2675, 0.2675, 0.2675, 0.2675, 0.2675, 0.2675, 0.2675, 0.2675, 0.2675, 0.2675, 0.2675, 0.2675, 0.2675, 0.2675, 0.2675, 0.2675, 0.2675, 0.2675, 0.2675, 0.2675, 0.2675, 0.2675, 0.2675, 0.2675, 0.2675, 0.2675, 0.2675, 0.2675, 0.2675, 0.2675, 0.2675, 0.2675, 0.2675, 0.2675, 0.2675, 0.2675, 0.2675, 0.2675, 0.2675, 0.2675, 0.2675, 0.2675, 0.2675, 0.2675, 0.2675]","{""0"": 0.4474, ""1"": 0.7269, ""2"": 0.1962, ""3"": 0.1674, ""4"": 0.2937, ""5"": 0.2627, ""6"": 0.0, ""7"": 0.0324}","[0.4444, 0.0, 0.1, 0.1, 0.0, 0.9, 0.75, 0.0, 0.0, 0.0, 0.0, 0.0, 0.1429, 1.0, 1.0, 0.0, 0.0, 0.0769, 0.6667, 0.0, 0.8333, 0.7143, 0.7, 0.0, 0.0, 0.0, 0.6667, 0.0, 1.0, 0.75, 0.0, 0.0, 0.0, 0.0, 1.0, 0.0, 1.0, 1.0, 0.0, 0.0, 0.0, 0.0, 0.7778, 0.0, 0.8333, 0.1, 0.0, 0.0, 0.0, 0.0, 1.0, 0.0, 0.8333, 0.0, 0.0, 0.0, 0.0, 0.0, 0.8571, 0.0, 1.0, 0.0, 0.75, 0.0, 0.0, 0.0, 1.0, 0.0, 0.8333, 0.0, 0.8333, 0.0, 0.0, 0.0, 1.0, 0.0, 0.0, 0.0, 1.0, 0.0, 0.0, 1.0, 1.0, 0.0, 0.0, 0.0, 0.8, 0.0, 0.125, 0.8333, 1.0, 0.25, 0.0, 0.0, 0.0, 0.0, 0.0, 1.0, 1.0, 1.0, 0.0, 0.0, 0.0, 0.0, 0.0, 1.0, 0.75, 0.8889, 0.0, 0.0, 0.0, 0.0, 0.0, 1.0, 1.0, 0.8571, 0.0, 0.0, 0.0, 0.0, 0.0, 1.0, 1.0, 1.0, 0.0, 0.0, 0.0, 0.0, 0.0, 1.0, 0.9091, 1.0, 0.0, 0.0, 0.0, 0.0, 0.0, 0.9091, 1.0, 0.8333, 0.0, 0.0, 0.0833, 0.0, 0.0, 0.8571, 0.8333, 0.0, 0.0, 0.0, 0.0, 0.0, 0.0, 0.7273, 0.8235, 0.0, 0.0, 0.0, 0.0, 0.0, 0.0, 0.9, 1.0, 0.0, 0.0, 0.0, 0.0, 0.0, 0.0769, 1.0, 0.7778, 0.0, 0.0, 0.0, 0.0, 0.0, 0.0, 1.0, 0.625, 0.0, 0.0, 0.0, 0.0, 0.0, 0.0, 1.0, 0.5, 0.0, 0.0, 0.0, 0.0, 0.0, 0.0, 0.5556, 1.0, 0.0, 0.0, 0.0, 0.0, 0.0, 0.0, 0.8889, 1.0, 0.0, 0.0, 0.0, 0.0, 0.0, 0.0, 0.0, 1.0, 0.0, 0.0, 0.0, 0.0, 0.0, 0.0, 0.0, 0.1111, 0.0, 0.0, 1.0, 0.0, 0.0, 0.0, 0.1667, 0.0, 0.0, 0.0, 0.875, 0.6667, 0.0, 1.0, 0.0, 0.1667, 0.0, 0.0, 1.0, 1.0, 0.0, 0.0, 0.0, 0.0, 0.0, 0.0, 0.9, 1.0, 0.0, 0.0, 0.0]","[13, 36, 74, 78, 99, 114, 131, 185, 194, 221, 232, 237, 238]"
one_per_team,0:0,0,one_per_team,0.689,0.689,0.689,1.0,0.689,0.0,34,True,1378,0,269,353,0,"[0.05, 0.0705, 0.095, 0.128, 0.171, 0.2175, 0.2615, 0.304, 0.3445, 0.3805, 0.4195, 0.451, 0.478, 0.497, 0.518, 0.537, 0.55, 0.565, 0.582, 0.597, 0.6145, 0.6315, 0.642, 0.652, 0.6615, 0.6705, 0.673, 0.675, 0.6775, 0.679, 0.6815, 0.686, 0.687, 0.689, 0.689, 0.689, 0.689, 0.689, 0.689, 0.689, 0.689, 0.689, 0.689, 0.689, 0.689, 0.689, 0.689, 0.689, 0.689, 0.689, 0.689, 0.689, 0.689, 0.689, 0.689, 0.689, 0.689, 0.689, 0.689, 0.689, 0.689, 0.689, 0.689, 0.689, 0.689, 0.689, 0.689, 0.689, 0.689, 0.689, 0.689, 0.689, 0.689, 0.689, 0.689, 0.689, 0.689, 0.689, 0.689, 0.689, 0.689, 0.689, 0.689, 0.689, 0.689, 0.689, 0.689, 0.689, 0.689, 0.689, 0.689, 0.689, 0.689, 0.689, 0.689, 0.689, 0.689, 0.689, 0.689, 0.689, 0.689]","{""0"": 0.8947, ""1"": 0.8594, ""2"": 0.4923, ""3"": 0.7573, ""4"": 0.6627, ""5"": 0.8602, ""6"": 0.856, ""7"": 0.1296}","[0.7778, 0.8, 0.8, 0.1, 1.0, 0.9, 0.75, 1.0, 0.0, 0.8889, 0.8333, 0.0, 0.7143, 1.0, 1.0, 0.8182, 0.0, 0.9231, 0.6667, 0.0, 0.8333, 0.7143, 0.7, 0.8182, 0.0, 0.8333, 0.6667, 0.6, 1.0, 0.875, 0.875, 1.0, 0.1667, 1.0, 1.0, 0.8889, 0.8, 1.0, 0.8571, 0.5714, 0.1429, 0.6667, 0.7778, 0.8182, 1.0, 1.0, 1.0, 1.0, 0.0909, 1.0, 1.0, 0.8, 0.8333, 0.7273, 0.8333, 0.875, 0.0, 0.5714, 0.8571, 0.7778, 1.0, 0.8571, 0.75, 0.6667, 0.0, 1.0, 1.0, 1.0, 1.0, 0.6667, 1.0, 0.7143, 0.0, 1.0, 0.7778, 1.0, 0.0833, 0.9231, 1.0, 0.7, 0.0, 1.0, 1.0, 1.0, 0.1667, 0.8333, 0.8, 1.0, 0.375, 0.8333, 1.0, 0.875, 0.0, 1.0, 0.8571, 0.6667, 0.125, 1.0, 1.0, 0.8333, 0.0588, 0.8182, 1.0, 1.0, 0.1429, 1.0, 0.75, 0.8889, 1.0, 0.8, 1.0, 0.875, 0.0, 1.0, 0.8333, 0.8571, 0.8571, 1.0, 0.8, 1.0, 0.25, 1.0, 1.0, 1.0, 0.8571, 1.0, 0.6667, 1.0, 0.7778, 1.0, 0.9091, 1.0, 0.7143, 0.75, 0.9091, 0.8571, 1.0, 0.9091, 1.0, 1.0, 1.0, 0.0, 0.9167, 0.8, 0.8333, 0.8571, 0.8333, 0.8462, 0.9, 0.0, 1.0, 0.6667, 0.0, 0.7273, 0.8235, 0.6667, 1.0, 0.0, 0.8, 1.0, 0.0, 0.9, 1.0, 0.8571, 1.0, 0.0, 0.8333, 0.75, 0.0769, 1.0, 0.7778, 0.0, 0.9167, 0.0, 1.0, 0.8, 0.0, 1.0, 0.75, 0.0, 0.7273, 0.1429, 1.0, 0.7, 0.0, 1.0, 0.5, 0.1667, 1.0, 0.0, 0.875, 0.8571, 0.0, 0.6667, 1.0, 0.0, 0.9, 0.0, 0.75, 0.8, 0.0, 0.8889, 1.0, 0.0, 0.8571, 0.0, 0.8333, 1.0, 0.0, 0.8, 1.0, 0.0, 1.0, 0.875, 0.75, 0.8, 0.0, 0.9231, 0.5556, 0.0, 1.0, 0.9, 0.6667, 1.0, 0.0, 0.8333, 0.75, 0.1111, 1.0, 0.875, 0.6667, 0.9091, 0.1667, 0.875, 1.0, 0.0, 0.8889, 0.8889, 1.0, 1.0, 0.0, 1.0, 0.9167, 0.0, 0.875, 0.9, 1.0, 1.0, 0.0, 0.875]","[2, 5, 6, 7, 10, 12, 13, 14, 17, 20, 22, 27, 29, 30, 32, 35, 36, 38, 39, 43, 44, 50, 55, 58, 59, 61, 65, 66, 68, 70, 71, 73, 74, 76, 78, 82, 83, 87, 88, 90, 91, 93, 96, 97, 98, 99, 103, 105, 106, 110, 114, 115, 117, 121, 122, 123, 128, 131, 134, 136, 137, 140, 146, 148, 153, 155, 158, 161, 167, 169, 170, 174, 178, 180, 181, 185, 187, 188, 190, 193, 194, 196, 201, 204, 210, 213, 218, 221, 225, 228, 229, 231, 232, 233, 237, 238, 242, 244, 246, 247]"
random,0:1,1,random,0.7495,0.7495,0.7495,1.0,0.7495,0.0,41,True,1499,0,277,224,0,"[0.05, 0.0725, 0.0945, 0.119, 0.1415, 0.168, 0.202, 0.247, 0.296, 0.33, 0.3625, 0.392, 0.4165, 0.44, 0.4645, 0.4905, 0.514, 0.5345, 0.56, 0.585, 0.6035, 0.62, 0.636, 0.649, 0.6615, 0.675, 0.684, 0.6885, 0.6935, 0.697, 0.7035, 0.711, 0.718, 0.724, 0.7275, 0.731, 0.735, 0.7385, 0.744, 0.747, 0.7495, 0.7495, 0.7495, 0.7495, 0.7495, 0.7495, 0.7495, 0.7495, 0.7495, 0.7495, 0.7495, 0.7495, 0.7495, 0.7495, 0.7495, 0.7495, 0.7495, 0.7495, 0.7495, 0.7495, 0.7495, 0.7495, 0.7495, 0.7495, 0.7495, 0.7495, 0.7495, 0.7495, 0.7495, 0.7495, 0.7495, 0.7495, 0.7495, 0.7495, 0.7495, 0.7495, 0.7495, 0.7495, 0.7495, 0.7495, 0.7495, 0.7495, 0.7495, 0.7495, 0.7495, 0.7495, 0.7495, 0.7495, 0.7495, 0.7495, 0.7495, 0.7495, 0.7495, 0.7495, 0.7495, 0.7495, 0.7495, 0.7495, 0.7495, 0.7495, 0.7495]","{""0"": 0.5692, ""1"": 0.8421, ""2"": 0.875, ""3"": 0.85, ""4"": 0.6653, ""5"": 0.777, ""6"": 0.5086, ""7"": 0.8907}","[0.7778, 1.0, 1.0, 0.875, 0.8333, 1.0, 1.0, 0.0, 0.875, 1.0, 0.8, 1.0, 0.7273, 0.7778, 0.8889, 0.0, 0.7273, 0.875, 0.875, 0.8333, 0.8, 0.75, 1.0, 0.25, 0.8889, 0.875, 0.7143, 0.9, 1.0, 0.75, 0.6667, 0.0, 1.0, 0.875, 0.7143, 1.0, 1.0, 0.7778, 0.8333, 0.0, 0.875, 1.0, 1.0, 1.0, 0.5714, 0.8, 1.0, 0.2222, 0.7857, 0.0, 0.8571, 0.8333, 1.0, 0.25, 0.9231, 0.125, 0.5714, 0.0, 1.0, 1.0, 1.0, 0.0, 0.8, 0.0, 1.0, 0.0909, 0.7778, 0.9231, 0.8, 0.1111, 1.0, 0.8571, 1.0, 0.0, 0.8, 0.8182, 0.875, 0.0, 1.0, 0.0, 1.0, 0.0, 0.8333, 0.3333, 1.0, 0.1429, 0.9167, 0.0, 1.0, 0.0, 0.8571, 0.8889, 0.7143, 0.6, 0.5, 0.0, 1.0, 0.25, 0.8889, 0.6667, 1.0, 0.0, 1.0, 0.0, 0.75, 0.0, 0.875, 1.0, 0.75, 0.2222, 1.0, 0.1111, 0.8571, 0.0, 0.875, 1.0, 0.9, 0.9, 0.9, 0.0, 0.6, 0.0, 1.0, 0.7143, 1.0, 0.875, 0.9333, 0.0, 1.0, 0.4286, 0.625, 0.8333, 0.8462, 1.0, 0.6667, 1.0, 1.0, 0.7143, 0.875, 0.8571, 0.875, 1.0, 0.8, 1.0, 0.9091, 0.8889, 1.0, 0.8571, 0.6667, 0.7778, 0.8, 0.8889, 0.8, 0.8333, 0.875, 0.875, 0.8571, 1.0, 0.375, 0.8333, 1.0, 0.8, 1.0, 0.8889, 0.7143, 0.8571, 0.0, 0.75, 1.0, 0.8333, 0.7143, 1.0, 0.9167, 1.0, 0.0, 0.8333, 1.0, 0.6667, 0.8333, 0.8571, 0.9167, 0.8571, 0.9091, 0.8, 0.7143, 1.0, 0.6667, 0.6667, 0.8889, 0.9091, 0.75, 1.0, 0.875, 1.0, 0.7143, 0.8571, 0.6667, 0.8571, 0.8, 1.0, 0.8571, 0.9091, 0.7778, 1.0, 0.9231, 0.8889, 1.0, 0.6667, 1.0, 1.0, 0.7692, 0.8571, 0.8571, 0.8571, 0.9167, 1.0, 0.8333, 1.0, 0.8889, 0.8571, 0.8571, 1.0, 0.8333, 0.9167, 1.0, 0.8333, 1.0, 1.0, 0.8571, 0.8, 0.2857, 0.8, 1.0, 0.75, 0.8, 0.8571, 0.8889, 0.8571, 0.875, 0.9, 0.7143, 1.0, 1.0, 0.8889, 0.7143, 0.8571, 0.75, 0.8889, 0.8, 0.8]","[4, 6, 13, 17, 19, 20, 24, 25, 35, 36, 43, 44, 46, 47, 50, 51, 52, 54, 55, 56, 59, 64, 65, 68, 69, 71, 72, 75, 82, 85, 97, 98, 102, 104, 108, 110, 118, 120, 125, 128, 129, 132, 134, 135, 136, 138, 147, 148, 149, 156, 157, 165, 167, 169, 170, 176, 182, 185, 186, 189, 191, 192, 193, 195, 198, 199, 205, 207, 208, 211, 213, 214, 216, 218, 219, 220, 221, 223, 229, 233, 238, 239, 242, 243, 246, 247]"
champions,0:1,1,champions,0.8405,0.8405,0.8405,1.0,0.8405,-0.0,50,True,1681,0,276,43,0,"[0.05, 0.0955, 0.1435, 0.196, 0.2455, 0.295, 0.3455, 0.386, 0.411, 0.438, 0.468, 0.5025, 0.5495, 0.5885, 0.6245, 0.6495, 0.6615, 0.676, 0.689, 0.7045, 0.7195, 0.733, 0.74, 0.7475, 0.755, 0.7645, 0.772, 0.777, 0.779, 0.7825, 0.787, 0.791, 0.794, 0.7965, 0.7995, 0.8025, 0.8045, 0.807, 0.8095, 0.811, 0.813, 0.8165, 0.821, 0.828, 0.831, 0.8325, 0.836, 0.8385, 0.84, 0.8405, 0.8405, 0.8405, 0.8405, 0.8405, 0.8405, 0.8405, 0.8405, 0.8405, 0.8405, 0.8405, 0.8405, 0.8405, 0.8405, 0.8405, 0.8405, 0.8405, 0.8405, 0.8405, 0.8405, 0.8405, 0.8405, 0.8405, 0.8405, 0.8405, 0.8405, 0.8405, 0.8405, 0.8405, 0.8405, 0.8405, 0.8405, 0.8405, 0.8405, 0.8405, 0.8405, 0.8405, 0.8405, 0.8405, 0.8405, 0.8405, 0.8405, 0.8405, 0.8405, 0.8405, 0.8405, 0.8405, 0.8405, 0.8405, 0.8405, 0.8405, 0.8405]","{""0"": 0.8885, ""1"": 0.8502, ""2"": 0.8871, ""3"": 0.8538, ""4"": 0.7415, ""5"": 0.8625, ""6"": 0.7371, ""7"": 0.8866}","[1.0, 1.0, 1.0, 0.875, 0.6667, 1.0, 1.0, 0.8571, 0.875, 1.0, 0.8, 1.0, 0.7273, 0.6667, 0.8889, 0.8571, 0.8182, 0.875, 0.875, 0.8333, 0.8, 0.75, 1.0, 1.0, 0.7778, 0.875, 0.7143, 0.9, 1.0, 0.75, 0.6667, 0.8333, 1.0, 0.875, 0.7143, 1.0, 1.0, 0.7778, 0.8333, 0.0, 0.875, 1.0, 1.0, 1.0, 0.5714, 0.8, 1.0, 0.0, 0.8571, 0.7778, 0.8571, 0.8333, 1.0, 1.0, 0.9231, 0.0, 0.5714, 1.0, 1.0, 1.0, 1.0, 0.7692, 0.8, 0.1111, 1.0, 1.0, 0.7778, 0.9231, 0.8, 0.7778, 1.0, 1.0, 1.0, 0.9, 0.8, 0.9091, 0.875, 0.5714, 1.0, 0.5714, 1.0, 1.0, 0.8333, 0.5, 1.0, 0.0, 0.9167, 0.8333, 1.0, 1.0, 0.8571, 0.8889, 0.7143, 0.6, 0.5, 0.7778, 1.0, 0.75, 0.8889, 0.6667, 1.0, 0.0, 0.8333, 1.0, 0.75, 0.625, 0.875, 1.0, 0.8333, 0.2222, 1.0, 0.8889, 0.8571, 1.0, 0.875, 1.0, 0.9, 0.9, 1.0, 0.5556, 0.6, 1.0, 1.0, 0.7143, 1.0, 0.75, 0.9333, 0.3333, 1.0, 0.7143, 0.625, 0.8333, 0.8462, 1.0, 0.6667, 1.0, 1.0, 0.7143, 0.875, 0.8571, 0.875, 1.0, 0.8, 1.0, 0.9091, 0.8889, 1.0, 0.8571, 0.6667, 0.7778, 0.8, 0.8889, 0.8, 0.8333, 1.0, 0.875, 0.8571, 0.8889, 0.75, 0.8333, 1.0, 0.8, 1.0, 0.8889, 0.7143, 0.8571, 0.8333, 0.75, 1.0, 0.8333, 0.7143, 1.0, 0.9167, 1.0, 0.9091, 0.8333, 1.0, 0.6667, 0.8333, 0.8571, 0.9167, 0.8571, 0.9091, 0.8, 0.7143, 1.0, 0.6667, 0.6667, 0.8889, 0.8182, 0.75, 0.8333, 0.75, 1.0, 0.7143, 0.8571, 0.7778, 0.8571, 0.8, 1.0, 0.8571, 0.9091, 0.7778, 1.0, 0.9231, 0.8889, 1.0, 0.6667, 0.8889, 1.0, 0.7692, 0.8571, 0.8571, 0.8571, 0.9167, 1.0, 0.8333, 1.0, 0.8889, 0.8571, 0.8571, 1.0, 0.8333, 0.9167, 1.0, 0.8333, 1.0, 1.0, 0.8571, 0.8, 0.2857, 0.8, 1.0, 0.6667, 0.8, 1.0, 0.8889, 0.8571, 0.875, 0.9, 0.7143, 1.0, 1.0, 0.8889, 0.7143, 0.8571, 0.75, 0.8889, 0.8, 0.8]","[0, 6, 8, 16, 26, 27, 33, 35, 48, 54, 57, 61, 66, 67, 69, 75, 78, 83, 86, 89, 90, 91, 92, 100, 105, 108, 113, 116, 117, 118, 121, 124, 126, 127, 132, 136, 154, 159, 161, 166, 167, 168, 172, 174, 183, 185, 188, 189, 194, 196, 198, 204, 206, 209, 210, 212, 225, 233, 235, 238, 239, 242, 244, 246]"
cluster,0:1,1,cluster,0.421,0.421,0.421,1.0,0.421,0.0,37,True,842,0,277,881,0,"[0.05, 0.071, 0.098, 0.12, 0.14, 0.161, 0.174, 0.187, 0.1985, 0.211, 0.2285, 0.243, 0.2555, 0.2675, 0.2825, 0.2985, 0.3145, 0.3295, 0.343, 0.3515, 0.36, 0.3675, 0.3735, 0.378, 0.382, 0.386, 0.3905, 0.3925, 0.3965, 0.401, 0.405, 0.409, 0.412, 0.415, 0.4175, 0.42, 0.421, 0.421, 0.421, 0.421, 0.421, 0.421, 0.421, 0.421, 0.421, 0.421, 0.421, 0.421, 0.421, 0.421, 0.421, 0.421, 0.421, 0.421, 0.421, 0.421, 0.421, 0.421, 0.421, 0.421, 0.421, 0.421, 0.421, 0.421, 0.421, 0.421, 0.421, 0.421, 0.421, 0.421, 0.421, 0.421, 0.421, 0.421, 0.421, 0.421, 0.421, 0.421, 0.421, 0.421, 0.421, 0.421, 0.421, 0.421, 0.421, 0.421, 0.421, 0.421, 0.421, 0.421, 0.421, 0.421, 0.421, 0.421, 0.421, 0.421, 0.421, 0.421, 0.421, 0.421, 0.421]","{""0"": 0.2385, ""1"": 0.4656, ""2"": 0.8871, ""3"": 0.4692, ""4"": 0.6737, ""5"": 0.3643, ""6"": 0.2759, ""7"": 0.004}","[0.5556, 1.0, 0.0, 1.0, 0.0, 1.0, 1.0, 0.0, 0.0, 1.0, 0.0, 1.0, 0.2727, 0.6667, 0.8889, 0.0, 0.0, 0.875, 0.0, 0.8333, 0.8, 0.75, 1.0, 0.25, 0.0, 0.875, 0.1429, 0.9, 1.0, 0.75, 0.6667, 0.0, 0.0, 0.875, 0.7143, 1.0, 1.0, 0.7778, 0.8333, 0.0, 0.0, 1.0, 1.0, 1.0, 0.5714, 0.8, 1.0, 0.0, 0.0, 0.0, 1.0, 0.8333, 1.0, 0.25, 0.9231, 0.0, 0.0, 0.0, 1.0, 1.0, 1.0, 0.0, 1.0, 0.0, 0.0, 0.0, 0.7778, 0.9231, 0.8, 0.0, 1.0, 0.0, 0.0, 0.0, 0.8, 0.8182, 0.875, 0.0, 1.0, 0.0, 0.0, 0.0, 0.8333, 0.3333, 1.0, 0.0, 0.9167, 0.0, 0.0, 0.0, 0.8571, 0.8889, 0.7143, 0.0, 0.5, 0.0, 0.0, 0.0, 0.8889, 0.6667, 1.0, 0.0833, 0.0, 0.0, 0.0, 0.0, 0.875, 1.0, 0.75, 0.6667, 0.0, 0.1111, 0.0, 0.0, 0.875, 1.0, 0.9, 0.9, 0.1, 0.0, 0.0, 0.0, 1.0, 1.0, 1.0, 1.0, 0.0, 0.0, 0.0, 0.0, 0.5, 0.8333, 0.8462, 1.0, 0.0, 0.8333, 0.0, 0.0, 0.875, 0.8571, 0.875, 1.0, 0.0, 1.0, 0.0, 0.0, 1.0, 0.8571, 0.1667, 0.7778, 0.0, 0.8889, 0.0, 0.0, 1.0, 0.875, 0.0, 0.8889, 0.0, 0.8333, 0.0, 0.0, 1.0, 0.8889, 0.0, 1.0, 0.0, 0.75, 0.0, 0.0, 0.1429, 1.0, 0.0, 1.0, 0.0, 0.8333, 0.0, 0.0, 0.0, 0.8571, 0.25, 0.8571, 0.1818, 0.8, 0.0, 0.0, 0.1111, 0.6667, 0.0, 1.0, 0.0, 0.8333, 0.0, 0.1429, 0.0, 0.8571, 0.0, 0.8571, 0.0, 1.0, 0.1429, 0.0, 0.0, 1.0, 0.0769, 0.8889, 0.0, 0.1667, 0.0, 0.0, 0.0, 0.8571, 0.0, 0.8571, 0.0, 0.0, 0.0, 0.0, 0.0, 0.8571, 0.0, 1.0, 0.0, 0.0, 0.0, 0.0, 0.1667, 1.0, 0.0, 0.8, 0.0, 0.0, 0.0, 0.5, 0.0, 0.8571, 0.0, 0.8571, 0.0, 0.0, 0.0, 1.0, 0.2, 0.8889, 0.0, 1.0, 0.0, 0.0, 0.0, 1.0]","[3, 6, 50, 62, 123, 125, 143, 154, 165, 189, 221, 245, 249]"
one_per_team,0:1,1,one_per_team,0.692,0.692,0.692,1.0,0.692,0.0,35,True,1384,0,274,342,0,"[0.05, 0.076, 0.0955, 0.12, 0.156, 0.1955, 0.2345, 0.277, 0.3135, 0.3435, 0.374, 0.4015, 0.4265, 0.463, 0.493, 0.526, 0.5485, 0.5675, 0.5855, 0.6005, 0.613, 0.62, 0.629, 0.639, 0.6465, 0.659, 0.6695, 0.672, 0.6735, 0.676, 0.6785, 0.683, 0.6875, 0.691, 0.692, 0.692, 0.692, 0.692, 0.692, 0.692, 0.692, 0.692, 0.692, 0.692, 0.692, 0.692, 0.692, 0.692, 0.692, 0.692, 0.692, 0.692, 0.692, 0.692, 0.692, 0.692, 0.692, 0.692, 0.692, 0.692, 0.692, 0.692, 0.692, 0.692, 0.692, 0.692, 0.692, 0.692, 0.692, 0.692, 0.692, 0.692, 0.692, 0.692, 0.692, 0.692, 0.692, 0.692, 0.692, 0.692, 0.692, 0.692, 0.692, 0.692, 0.692, 0.692, 0.692, 0.692, 0.692, 0.692, 0.692, 0.692, 0.692, 0.692, 0.692, 0.692, 0.692, 0.692, 0.692, 0.692, 0.692]","{""0"": 0.6846, ""1"": 0.1822, ""2"": 0.8831, ""3"": 0.8577, ""4"": 0.839, ""5"": 0.6171, ""6"": 0.5905, ""7"": 0.8785}","[0.8889, 1.0, 0.2, 0.875, 0.8333, 1.0, 1.0, 0.8571, 0.875, 1.0, 0.0, 1.0, 0.8182, 0.6667, 0.8889, 0.8571, 0.7273, 0.875, 0.0, 0.8333, 0.8, 0.75, 1.0, 1.0, 0.7778, 0.875, 0.1429, 0.9, 1.0, 0.75, 0.6667, 0.8333, 1.0, 0.875, 0.0, 1.0, 1.0, 0.7778, 0.8333, 0.25, 0.875, 1.0, 1.0, 1.0, 0.5714, 0.8, 1.0, 0.0, 0.7857, 0.0, 0.8571, 0.8333, 1.0, 1.0, 0.9231, 0.0, 0.5714, 0.0, 1.0, 1.0, 1.0, 0.7692, 0.8, 0.1111, 1.0, 0.0, 0.7778, 0.9231, 0.8, 0.6667, 1.0, 0.2857, 1.0, 0.0, 0.8, 0.8182, 0.875, 0.7143, 1.0, 0.0, 1.0, 0.0, 0.8333, 0.3333, 1.0, 0.8571, 0.9167, 0.3333, 1.0, 0.0909, 0.0, 0.8889, 0.7143, 0.8, 0.5, 0.1111, 1.0, 0.25, 0.0, 0.7778, 1.0, 0.75, 0.8333, 0.0, 0.75, 0.625, 0.0, 1.0, 0.75, 0.6667, 1.0, 0.0, 0.8571, 1.0, 0.0, 1.0, 0.9, 0.9, 0.9, 0.0, 0.6, 1.0, 0.0, 0.7143, 1.0, 0.75, 0.9333, 0.1667, 1.0, 0.7143, 0.0, 0.8333, 0.8462, 1.0, 0.6667, 1.0, 1.0, 0.8571, 0.0, 0.8571, 0.875, 1.0, 0.8, 1.0, 0.9091, 0.8889, 0.1111, 0.8571, 0.6667, 0.7778, 0.8, 0.8889, 0.8, 0.8333, 0.25, 0.875, 0.8571, 0.8889, 0.75, 0.8333, 1.0, 0.8, 0.0, 0.8889, 0.7143, 0.8571, 0.0, 0.75, 1.0, 0.8333, 0.1429, 1.0, 0.9167, 1.0, 0.0, 0.8333, 1.0, 0.6667, 0.0, 0.8571, 0.9167, 1.0, 0.1818, 0.8, 0.7143, 1.0, 0.1111, 0.6667, 0.8889, 0.9091, 0.0, 0.8333, 0.75, 1.0, 0.0, 1.0, 0.6667, 0.8571, 0.1, 1.0, 0.8571, 0.9091, 0.0, 1.0, 0.9231, 0.8889, 0.0, 0.6667, 0.8889, 1.0, 0.0, 0.8571, 0.8571, 0.8571, 0.0, 1.0, 0.8333, 1.0, 0.1111, 0.8571, 0.8571, 1.0, 0.0, 1.0, 1.0, 0.9167, 0.1667, 1.0, 1.0, 0.8, 0.1429, 0.8, 1.0, 0.6667, 0.0, 0.8571, 0.8889, 1.0, 0.875, 0.9, 0.7143, 1.0, 0.2, 0.8889, 0.7143, 0.8571, 0.6667, 0.8889, 0.8, 0.8]","[3, 4, 6, 7, 8, 11, 12, 19, 23, 25, 26, 27, 29, 31, 32, 33, 35, 36, 39, 41, 42, 48, 50, 53, 62, 63, 72, 75, 84, 85, 87, 89, 93, 95, 97, 99, 101, 102, 104, 108, 109, 110, 112, 113, 117, 121, 123, 124, 125, 126, 127, 128, 129, 133, 134, 137, 139, 142, 143, 146, 152, 154, 158, 159, 165, 170, 172, 176, 177, 179, 180, 181, 183, 189, 192, 193, 195, 196, 198, 199, 204, 205, 215, 218, 219, 221, 223, 225, 227, 228, 229, 230, 231, 237, 238, 242, 244, 245, 246, 249]"
random,0:2,2,random,0.5975,0.5975,0.5975,1.0,0.5975,0.0,33,True,1195,0,292,513,0,"[0.05, 0.0685, 0.0865, 0.1085, 0.1355, 0.1635, 0.1995, 0.2375, 0.2675, 0.298, 0.3255, 0.35, 0.3755, 0.3985, 0.421, 0.44, 0.4495, 0.4595, 0.472, 0.488, 0.5055, 0.521, 0.531, 0.542, 0.5545, 0.562, 0.567, 0.576, 0.5865, 0.5955, 0.596, 0.597, 0.5975, 0.5975, 0.5975, 0.5975, 0.5975, 0.5975, 0.5975, 0.5975, 0.5975, 0.5975, 0.5975, 0.5975, 0.5975, 0.5975, 0.5975, 0.5975, 0.5975, 0.5975, 0.5975, 0.5975, 0.5975, 0.5975, 0.5975, 0.5975, 0.5975, 0.5975, 0.5975, 0.5975, 0.5975, 0.5975, 0.5975, 0.5975, 0.5975, 0.5975, 0.5975, 0.5975, 0.5975, 0.5975, 0.5975, 0.5975, 0.5975, 0.5975, 0.5975, 0.5975, 0.5975, 0.5975, 0.5975, 0.5975, 0.5975, 0.5975, 0.5975, 0.5975, 0.5975, 0.5975, 0.5975, 0.5975, 0.5975, 0.5975, 0.5975, 0.5975, 0.5975, 0.5975, 0.5975, 0.5975, 0.5975, 0.5975, 0.5975, 0.5975, 0.5975]","{""0"": 0.3346, ""1"": 0.2385, ""2"": 0.856, ""3"": 0.4118, ""4"": 0.8645, ""5"": 0.8531, ""6"": 0.8101, ""7"": 0.4612}","[0.5556, 0.1, 0.8333, 0.7778, 1.0, 0.6667, 1.0, 0.4286, 1.0, 0.2, 1.0, 1.0, 0.7, 0.75, 0.7778, 0.0, 0.8333, 0.0, 1.0, 0.875, 0.75, 0.8889, 0.75, 0.0, 0.7778, 0.0, 0.8571, 0.9167, 1.0, 1.0, 0.9167, 0.0, 0.7, 0.1, 0.6667, 0.5, 0.7778, 0.7, 0.875, 1.0, 0.3333, 0.0, 0.8889, 1.0, 1.0, 1.0, 1.0, 0.875, 0.0, 0.0, 0.0, 1.0, 1.0, 0.8889, 0.875, 0.8571, 0.0, 0.0, 0.0, 0.8571, 1.0, 0.8, 1.0, 1.0, 0.0, 0.0, 0.0, 1.0, 1.0, 0.6, 0.6, 0.9, 0.0, 0.1667, 0.0, 0.8571, 1.0, 0.7778, 0.7143, 0.875, 0.0, 0.0, 0.0, 1.0, 0.7143, 0.8571, 0.9, 0.7778, 0.4, 0.0, 0.3333, 0.8571, 0.8, 0.8571, 0.8571, 1.0, 1.0, 0.0, 0.0909, 1.0, 0.6667, 0.6, 0.625, 1.0, 0.1, 0.0, 0.0, 1.0, 0.1429, 1.0, 0.8889, 1.0, 0.1818, 0.0, 0.1667, 1.0, 0.0, 1.0, 0.6667, 1.0, 0.1, 0.0, 0.0, 1.0, 0.0, 0.8889, 0.8333, 1.0, 0.0, 0.1429, 0.0, 0.75, 0.0, 1.0, 0.6667, 0.6667, 0.8333, 0.1429, 0.0, 1.0, 0.0, 0.7273, 0.8571, 1.0, 0.0, 0.0, 0.0, 0.7, 0.0, 0.8, 1.0, 0.8, 0.0, 0.0909, 0.0, 0.5714, 0.0, 0.9167, 0.8333, 0.8571, 0.0, 0.5, 0.0909, 0.5, 0.0, 0.9231, 0.8, 0.6, 0.0, 0.7692, 0.0, 0.8, 0.0, 0.9, 0.7143, 1.0, 0.5, 0.8333, 0.0, 1.0, 0.1, 0.9167, 1.0, 1.0, 1.0, 0.6667, 0.0, 0.8889, 0.0, 1.0, 1.0, 0.8571, 1.0, 1.0, 0.0, 0.8, 0.1111, 0.75, 0.8182, 0.875, 0.875, 1.0, 0.0, 1.0, 0.0, 1.0, 0.7778, 0.6667, 0.8333, 0.625, 0.0, 0.8462, 0.0, 0.8889, 1.0, 0.8182, 1.0, 0.7778, 0.1111, 0.8889, 0.1111, 1.0, 0.7778, 0.9, 0.9, 0.75, 0.0, 0.9091, 0.0, 1.0, 1.0, 1.0, 0.7143, 0.8333, 0.7692, 0.8333, 0.4444, 0.8, 0.8333, 1.0, 0.875, 0.8333, 0.8182, 0.5714, 0.9, 1.0, 0.6667, 1.0, 0.8462, 1.0]","[7, 8, 10, 12, 19, 20, 22, 27, 30, 33, 37, 42, 45, 53, 54, 55, 59, 73, 76, 88, 90, 91, 93, 94, 96, 98, 104, 107, 109, 111, 112, 114, 117, 118, 120, 129, 136, 142, 157, 161, 162, 169, 171, 173, 177, 180, 181, 183, 184, 190, 191, 198, 199, 203, 205, 207, 208, 211, 214, 216, 217, 218, 219, 220, 221, 223, 230, 232, 234, 235, 237, 239, 240, 241, 242, 244, 249]"
champions,0:2,2,champions,0.7195,0.7195,0.7195,1.0,0.7195,0.0,45,True,1439,0,289,272,0,"[0.05, 0.091, 0.132, 0.1795, 0.2225, 0.265, 0.3005, 0.34, 0.375, 0.403, 0.4295, 0.4475, 0.4635, 0.4825, 0.501, 0.513, 0.53, 0.547, 0.566, 0.584, 0.6005, 0.61, 0.6225, 0.636, 0.648, 0.6575, 0.666, 0.6725, 0.679, 0.685, 0.691, 0.696, 0.699, 0.7015, 0.704, 0.7065, 0.707, 0.7075, 0.71, 0.7125, 0.7145, 0.716, 0.717, 0.719, 0.7195, 0.7195, 0.7195, 0.7195, 0.7195, 0.7195, 0.7195, 0.7195, 0.7195, 0.7195, 0.7195, 0.7195, 0.7195, 0.7195, 0.7195, 0.7195, 0.7195, 0.7195, 0.7195, 0.7195, 0.7195, 0.7195, 0.7195, 0.7195, 0.7195, 0.7195, 0.7195, 0.7195, 0.7195, 0.7195, 0.7195, 0.7195, 0.7195, 0.7195, 0.7195, 0.7195, 0.7195, 0.7195, 0.7195, 0.7195, 0.7195, 0.7195, 0.7195, 0.7195, 0.7195, 0.7195, 0.7195, 0.7195, 0.7195, 0.7195, 0.7195, 0.7195, 0.7195, 0.7195, 0.7195, 0.7195, 0.7195]","{""0"": 0.8517, ""1"": 0.3462, ""2"": 0.856, ""3"": 0.7608, ""4"": 0.753, ""5"": 0.7429, ""6"": 0.8734, ""7"": 0.5878}","[1.0, 0.9, 0.8333, 0.7778, 1.0, 0.6667, 1.0, 0.5714, 1.0, 0.8, 1.0, 1.0, 0.8, 0.875, 0.7778, 0.8571, 0.8333, 0.8182, 1.0, 0.75, 0.625, 0.8889, 0.75, 0.8889, 0.7778, 0.7778, 0.8571, 0.8333, 1.0, 1.0, 0.9167, 0.5, 0.7, 0.9, 0.6667, 0.5, 0.7778, 0.0, 0.875, 1.0, 0.6667, 1.0, 0.8889, 1.0, 1.0, 0.1667, 1.0, 0.875, 0.8889, 0.9, 0.125, 1.0, 1.0, 0.0, 0.875, 0.5714, 0.8889, 1.0, 0.0, 0.8571, 1.0, 0.0, 1.0, 1.0, 0.8571, 0.7143, 0.0, 1.0, 1.0, 0.0, 0.6, 0.9, 0.8333, 0.6667, 0.0909, 0.8571, 1.0, 0.7778, 0.7143, 0.875, 1.0, 1.0, 0.0, 1.0, 0.7143, 0.8571, 0.9, 0.7778, 0.8, 0.875, 0.0, 0.8571, 0.8, 0.8571, 0.0, 1.0, 0.8, 1.0, 0.0909, 1.0, 0.8333, 0.6, 0.0, 1.0, 0.1, 0.7, 0.125, 1.0, 1.0, 1.0, 0.0, 1.0, 0.0, 1.0, 0.0, 1.0, 0.8571, 1.0, 0.0, 1.0, 0.1, 0.3333, 0.0, 1.0, 1.0, 0.8889, 0.0, 1.0, 0.0, 0.8571, 0.0, 0.9167, 1.0, 1.0, 0.6667, 0.6667, 0.0, 1.0, 0.125, 1.0, 0.8571, 0.8182, 0.8571, 1.0, 0.0, 0.8571, 0.1667, 0.7, 0.8333, 0.8, 1.0, 0.8, 0.0, 0.9091, 0.1, 0.5714, 0.0, 0.9167, 0.8333, 0.8571, 0.0, 0.6667, 0.8182, 0.5, 0.0, 0.9231, 0.8, 0.6, 0.0, 0.8462, 0.8, 0.7, 0.0, 0.9, 0.7143, 1.0, 0.5, 0.8333, 0.8571, 1.0, 0.4, 0.8333, 1.0, 1.0, 1.0, 0.6667, 0.1429, 0.8889, 0.3333, 1.0, 1.0, 0.8571, 1.0, 1.0, 0.1, 0.8, 0.8889, 0.75, 0.8182, 0.875, 1.0, 1.0, 0.0, 1.0, 0.8571, 0.8571, 0.8889, 0.6667, 0.8333, 0.625, 0.1111, 0.9231, 0.9091, 0.8889, 1.0, 0.8182, 1.0, 0.7778, 0.0, 0.8889, 1.0, 0.75, 0.7778, 0.8, 0.9, 0.75, 0.0, 0.9091, 0.5556, 1.0, 1.0, 1.0, 0.7143, 0.8333, 0.8462, 0.6667, 0.8889, 0.8, 0.8333, 1.0, 0.875, 0.8333, 0.8182, 0.5714, 0.9, 1.0, 0.6667, 1.0, 0.8462, 1.0]","[0, 1, 8, 12, 13, 29, 30, 42, 44, 46, 48, 49, 50, 54, 63, 74, 78, 79, 89, 97, 98, 104, 105, 115, 116, 120, 121, 123, 131, 135, 139, 141, 145, 147, 149, 151, 157, 161, 162, 165, 169, 173, 177, 178, 180, 181, 183, 191, 194, 196, 197, 198, 200, 204, 206, 210, 211, 212, 220, 223, 227, 234, 237, 240, 245, 248]"
cluster,0:2,2,cluster,0.3045,0.3045,0.3045,1.0,0.3045,0.0,26,True,609,0,297,1094,0,"[0.05, 0.0715, 0.0965, 0.1245, 0.1455, 0.1565, 0.1675, 0.1795, 0.189, 0.1985, 0.2055, 0.211, 0.2215, 0.2285, 0.239, 0.2495, 0.2595, 0.2675, 0.2745, 0.283, 0.289, 0.2925, 0.298, 0.3015, 0.3035, 0.3045, 0.3045, 0.3045, 0.3045, 0.3045, 0.3045, 0.3045, 0.3045, 0.3045, 0.3045, 0.3045, 0.3045, 0.3045, 0.3045, 0.3045, 0.3045, 0.3045, 0.3045, 0.3045, 0.3045, 0.3045, 0.3045, 0.3045, 0.3045, 0.3045, 0.3045, 0.3045, 0.3045, 0.3045, 0.3045, 0.3045, 0.3045, 0.3045, 0.3045, 0.3045, 0.3045, 0.3045, 0.3045, 0.3045, 0.3045, 0.3045, 0.3045, 0.3045, 0.3045, 0.3045, 0.3045, 0.3045, 0.3045, 0.3045, 0.3045, 0.3045, 0.3045, 0.3045, 0.3045, 0.3045, 0.3045, 0.3045, 0.3045, 0.3045, 0.3045, 0.3045, 0.3045, 0.3045, 0.3045, 0.3045, 0.3045, 0.3045, 0.3045, 0.3045, 0.3045, 0.3045, 0.3045, 0.3045, 0.3045, 0.3045, 0.3045]","{""0"": 0.2852, ""1"": 0.0, ""2"": 0.4362, ""3"": 0.0588, ""4"": 0.0797, ""5"": 0.5633, ""6"": 0.6118, ""7"": 0.4449}","[0.3333, 0.0, 0.0, 0.0, 0.0, 0.0, 1.0, 0.0, 0.0, 0.0, 0.0, 0.0, 0.0, 0.75, 0.7778, 0.0, 0.0, 0.0, 0.0, 0.125, 0.0, 0.8889, 0.75, 0.0, 0.0, 0.0, 0.0, 0.0, 0.0, 1.0, 1.0, 0.0, 0.1, 0.0, 0.0, 0.5, 0.0, 0.0, 0.875, 1.0, 0.6667, 0.0, 0.0, 1.0, 0.0, 0.1667, 1.0, 0.875, 0.8889, 0.0, 0.0, 1.0, 0.0, 0.0, 0.875, 0.5714, 0.8889, 0.0, 0.0, 0.8571, 0.0, 0.0, 1.0, 1.0, 0.8571, 0.0, 0.0, 1.0, 0.0, 0.0, 0.6, 1.0, 1.0, 0.0, 0.0, 0.8571, 0.0, 0.0, 0.0, 0.875, 1.0, 0.0, 0.0, 1.0, 0.0, 0.0, 0.0, 0.7778, 0.8, 0.0, 0.0, 0.8571, 0.0, 0.0, 0.1429, 1.0, 1.0, 0.1429, 0.0, 1.0, 0.0, 0.0, 0.25, 1.0, 1.0, 0.0, 0.0, 1.0, 0.0, 0.0, 0.8889, 1.0, 0.8182, 0.1111, 0.0, 1.0, 0.0, 0.0, 1.0, 1.0, 0.8, 0.3333, 0.0, 1.0, 1.0, 0.0, 0.8333, 1.0, 0.0, 0.8571, 0.0, 0.75, 1.0, 0.0, 0.3333, 0.6667, 0.0, 1.0, 0.0, 1.0, 0.2857, 0.0, 0.0, 1.0, 0.0, 0.7143, 0.0, 0.7, 0.0, 0.0, 0.0, 0.8, 0.0, 1.0, 0.0, 0.5714, 0.0, 0.0, 0.0, 0.8571, 0.0, 0.6667, 0.0, 0.1667, 0.0, 0.0, 0.0, 0.6, 0.0, 0.7692, 0.0, 0.0, 0.0, 0.0, 0.0, 1.0, 0.375, 0.8333, 0.0, 0.1429, 0.0, 0.0, 0.0, 1.0, 1.0, 0.6667, 0.0, 0.1111, 0.0, 0.0, 0.0, 0.8571, 1.0, 1.0, 0.0, 0.0, 0.0, 0.0, 0.0909, 0.875, 1.0, 1.0, 0.0, 0.0, 0.0, 0.0, 0.7778, 0.1667, 0.8333, 0.375, 0.0, 0.0, 0.0, 0.0, 1.0, 0.0909, 1.0, 0.0, 0.0, 0.0, 0.0, 0.0, 0.7778, 0.0, 0.0, 0.0, 0.0, 0.0, 0.0, 0.0, 1.0, 0.0, 0.0, 0.0, 0.0, 0.1667, 0.0, 0.0, 0.8333, 0.0, 0.0, 0.0, 0.0, 0.0, 0.0, 0.0, 0.6667, 0.0, 0.0, 0.0]","[21, 30, 62, 71, 72, 95, 104, 115, 118, 124, 153, 175, 200]"
one_per_team,0:2,2,one_per_team,0.519,0.519,0.519,1.0,0.519,0.0,53,True,1038,0,289,673,0,"[0.05, 0.0685, 0.0845, 0.11, 0.1385, 0.1725, 0.201, 0.2235, 0.242, 0.2605, 0.274, 0.2865, 0.301, 0.3165, 0.331, 0.3455, 0.358, 0.368, 0.3745, 0.38, 0.384, 0.389, 0.397, 0.406, 0.4135, 0.4205, 0.425, 0.4295, 0.432, 0.4335, 0.436, 0.441, 0.446, 0.451, 0.458, 0.462, 0.466, 0.469, 0.4715, 0.477, 0.4815, 0.4875, 0.4935, 0.497, 0.5005, 0.5025, 0.5035, 0.5045, 0.507, 0.509, 0.5135, 0.518, 0.519, 0.519, 0.519, 0.519, 0.519, 0.519, 0.519, 0.519, 0.519, 0.519, 0.519, 0.519, 0.519, 0.519, 0.519, 0.519, 0.519, 0.519, 0.519, 0.519, 0.519, 0.519, 0.519, 0.519, 0.519, 0.519, 0.519, 0.519, 0.519, 0.519, 0.519, 0.519, 0.519, 0.519, 0.519, 0.519, 0.519, 0.519, 0.519, 0.519, 0.519, 0.519, 0.519, 0.519, 0.519, 0.519, 0.519, 0.519, 0.519]","{""0"": 0.3042, ""1"": 0.2077, ""2"": 0.1317, ""3"": 0.8314, ""4"": 0.741, ""5"": 0.8571, ""6"": 0.8776, ""7"": 0.2245}","[0.4444, 0.9, 0.6667, 0.0, 1.0, 0.0, 1.0, 0.5714, 0.0, 0.8, 0.2, 0.0, 0.7, 0.75, 0.7778, 1.0, 0.1667, 0.0, 0.0, 0.125, 0.625, 0.8889, 0.75, 0.8889, 0.0, 0.1111, 0.0, 0.0, 1.0, 1.0, 0.8333, 0.5, 0.0, 0.1, 0.1667, 0.0, 0.7778, 0.7, 0.875, 1.0, 0.1667, 0.0, 0.1111, 0.0, 1.0, 1.0, 1.0, 0.875, 0.0, 0.2, 0.0, 0.2, 1.0, 0.8889, 0.875, 0.7143, 0.1111, 0.1111, 0.1667, 0.0, 1.0, 0.8, 1.0, 1.0, 0.0, 0.0, 0.0909, 0.0, 1.0, 0.8, 0.8, 0.9, 0.1667, 0.0, 0.0, 0.0, 1.0, 0.7778, 0.7143, 0.875, 0.0, 0.0, 0.0, 0.0, 0.8571, 0.8571, 0.9, 0.7778, 0.0, 0.25, 0.3333, 0.0, 0.8, 0.8571, 0.7143, 1.0, 0.4, 0.0, 0.0, 0.0, 0.8333, 0.6, 0.75, 1.0, 0.1, 0.0, 0.0, 0.0, 1.0, 1.0, 0.8889, 1.0, 0.0, 0.0, 0.0, 0.1667, 0.9286, 1.0, 0.8333, 1.0, 0.0, 0.0, 0.1667, 0.0, 1.0, 0.8889, 0.8333, 1.0, 0.1, 0.0, 0.6667, 0.0833, 1.0, 1.0, 0.6667, 0.6667, 0.0, 0.0, 0.875, 0.0667, 0.8571, 0.7273, 0.8571, 1.0, 0.0, 0.1429, 0.8333, 0.0, 0.8333, 0.8, 1.0, 0.8, 0.1, 0.0909, 0.7, 0.0, 0.7778, 0.9167, 0.8333, 0.8571, 0.1429, 0.0, 0.3636, 0.1667, 0.8333, 0.9231, 0.8, 0.6, 0.2, 0.0, 0.1, 0.7, 0.8889, 0.9, 0.7143, 1.0, 0.5, 0.1667, 0.0, 1.0, 0.3, 0.8333, 1.0, 1.0, 1.0, 0.1667, 0.0, 0.8889, 0.0, 1.0, 1.0, 0.8571, 1.0, 1.0, 0.0, 0.0, 0.8889, 0.75, 0.8182, 0.875, 0.875, 1.0, 0.0, 0.0, 1.0, 0.8571, 0.7778, 0.6667, 0.8333, 0.75, 0.0, 0.0769, 0.9091, 0.8889, 1.0, 0.8182, 1.0, 0.7778, 0.0, 0.1111, 0.8889, 0.75, 0.7778, 0.8, 0.9, 0.75, 0.0, 0.0909, 0.5556, 0.0, 1.0, 1.0, 0.7143, 0.8333, 0.3077, 0.1667, 0.8889, 0.0, 0.8333, 1.0, 0.0, 0.8333, 0.8182, 0.0, 1.0, 0.1429, 0.6667, 1.0, 0.0, 1.0]","[1, 7, 9, 15, 16, 20, 21, 25, 30, 33, 42, 45, 46, 49, 51, 52, 53, 54, 55, 56, 58, 60, 61, 62, 66, 68, 69, 70, 71, 72, 76, 77, 78, 79, 84, 89, 90, 92, 93, 94, 95, 100, 102, 104, 110, 115, 116, 117, 118, 124, 126, 128, 130, 131, 138, 139, 141, 145, 146, 149, 151, 152, 153, 156, 160, 162, 163, 168, 171, 172, 174, 175, 176, 177, 179, 180, 190, 192, 193, 198, 200, 204, 206, 207, 209, 211, 213, 214, 216, 219, 221, 224, 227, 228, 230, 235, 239, 242, 244, 249]"
random,0:3,3,random,0.6565,0.6565,0.6565,1.0,0.6565,-0.0,37,True,1313,0,284,403,0,"[0.05, 0.072, 0.0885, 0.1115, 0.1445, 0.177, 0.2185, 0.264, 0.305, 0.3425, 0.3785, 0.4155, 0.4445, 0.476, 0.515, 0.5475, 0.5705, 0.5835, 0.591, 0.598, 0.6065, 0.6115, 0.6185, 0.6225, 0.6275, 0.631, 0.6345, 0.637, 0.64, 0.6425, 0.646, 0.6485, 0.651, 0.6525, 0.654, 0.6555, 0.6565, 0.6565, 0.6565, 0.6565, 0.6565, 0.6565, 0.6565, 0.6565, 0.6565, 0.6565, 0.6565, 0.6565, 0.6565, 0.6565, 0.6565, 0.6565, 0.6565, 0.6565, 0.6565, 0.6565, 0.6565, 0.6565, 0.6565, 0.6565, 0.6565, 0.6565, 0.6565, 0.6565, 0.6565, 0.6565, 0.6565, 0.6565, 0.6565, 0.6565, 0.6565, 0.6565, 0.6565, 0.6565, 0.6565, 0.6565, 0.6565, 0.6565, 0.6565, 0.6565, 0.6565, 0.6565, 0.6565, 0.6565, 0.6565, 0.6565, 0.6565, 0.6565, 0.6565, 0.6565, 0.6565, 0.6565, 0.6565, 0.6565, 0.6565, 0.6565, 0.6565, 0.6565, 0.6565, 0.6565, 0.6565]","{""0"": 0.4743, ""1"": 0.8475, ""2"": 0.8583, ""3"": 0.044, ""4"": 0.6435, ""5"": 0.837, ""6"": 0.7063, ""7"": 0.8589}","[0.7778, 1.0, 0.8182, 0.8571, 0.0, 0.2, 0.75, 0.875, 0.5, 0.8571, 1.0, 0.8462, 0.2222, 0.0, 0.8333, 1.0, 0.5, 0.7143, 1.0, 0.8889, 0.0909, 0.0, 0.8, 0.8571, 0.9, 0.0, 0.7778, 0.8182, 0.0, 0.2, 0.875, 1.0, 0.8571, 0.0, 1.0, 0.8462, 0.0, 0.8333, 0.8571, 0.7143, 0.8333, 0.0, 0.6, 0.875, 0.0, 0.8889, 0.7143, 0.7778, 1.0, 0.0, 0.8571, 1.0, 0.0, 0.6, 0.6667, 0.9231, 1.0, 1.0, 0.75, 0.8571, 0.125, 0.8, 0.6667, 1.0, 0.9, 0.75, 0.6667, 0.6, 0.0, 0.75, 1.0, 0.8, 0.75, 0.8125, 1.0, 0.875, 0.0, 1.0, 0.8182, 0.625, 1.0, 1.0, 0.7143, 1.0, 0.0, 0.7143, 0.9, 1.0, 1.0, 0.9, 1.0, 0.7778, 0.0, 0.8571, 0.875, 0.8889, 1.0, 1.0, 0.75, 1.0, 0.0, 0.8, 0.875, 0.75, 1.0, 0.8889, 0.9091, 0.9, 0.25, 0.7143, 1.0, 1.0, 0.9, 0.625, 0.875, 1.0, 0.1429, 1.0, 0.7778, 0.8333, 0.8, 0.8, 0.5, 0.875, 0.0, 0.8, 0.6, 0.75, 0.8462, 1.0, 1.0, 0.7, 0.0, 1.0, 1.0, 0.1429, 1.0, 0.0, 0.7778, 0.875, 0.0, 1.0, 1.0, 0.0, 0.875, 0.1, 1.0, 0.75, 0.0, 0.6667, 0.5, 0.0833, 0.75, 0.0, 1.0, 0.8333, 0.0, 0.9091, 0.8333, 0.0, 0.6, 0.2857, 0.8333, 0.8571, 0.0, 0.8333, 1.0, 0.0, 1.0, 0.0, 0.8333, 1.0, 0.1429, 1.0, 0.75, 0.0, 0.8, 0.0, 0.75, 0.8889, 0.125, 0.6667, 0.875, 0.75, 1.0, 0.0, 0.8889, 0.625, 0.0, 0.9, 0.875, 0.9, 0.8333, 0.0, 1.0, 0.7143, 0.0, 1.0, 1.0, 1.0, 0.6667, 0.0, 0.8333, 0.8571, 0.0, 1.0, 0.9444, 0.9, 1.0, 0.0, 1.0, 0.8889, 0.1429, 0.8333, 0.8571, 1.0, 1.0, 0.8571, 0.8, 1.0, 0.0, 0.0, 0.625, 1.0, 1.0, 0.8, 0.8, 0.875, 0.0, 0.25, 1.0, 0.8889, 0.5, 0.6667, 0.8333, 1.0, 0.0, 0.0, 0.8182, 1.0, 0.75, 1.0, 1.0, 0.8571, 0.1, 0.0, 0.8889, 0.7143, 0.875, 0.6667]","[11, 12, 14, 18, 19, 20, 22, 23, 24, 26, 27, 31, 39, 40, 50, 58, 59, 60, 61, 62, 71, 73, 75, 77, 78, 80, 86, 87, 91, 93, 95, 97, 99, 103, 108, 114, 115, 116, 117, 119, 120, 126, 127, 128, 129, 130, 133, 134, 135, 152, 154, 161, 174, 179, 180, 183, 184, 186, 192, 194, 197, 202, 205, 210, 211, 212, 213, 214, 217, 219, 224, 225, 231, 233, 235, 238, 240, 241, 242, 243, 244]"
champions,0:3,3,champions,0.7865,0.7865,0.7865,1.0,0.7865,0.0,32,True,1573,0,285,142,0,"[0.05, 0.099, 0.144, 0.1975, 0.26, 0.3135, 0.3705, 0.42, 0.457, 0.4895, 0.524, 0.548, 0.566, 0.5815, 0.6, 0.614, 0.629, 0.642, 0.6535, 0.6685, 0.681, 0.6955, 0.7105, 0.718, 0.7245, 0.7345, 0.7515, 0.7635, 0.7715, 0.7785, 0.7845, 0.7865, 0.7865, 0.7865, 0.7865, 0.7865, 0.7865, 0.7865, 0.7865, 0.7865, 0.7865, 0.7865, 0.7865, 0.7865, 0.7865, 0.7865, 0.7865, 0.7865, 0.7865, 0.7865, 0.7865, 0.7865, 0.7865, 0.7865, 0.7865, 0.7865, 0.7865, 0.7865, 0.7865, 0.7865, 0.7865, 0.7865, 0.7865, 0.7865, 0.7865, 0.7865, 0.7865, 0.7865, 0.7865, 0.7865, 0.7865, 0.7865, 0.7865, 0.7865, 0.7865, 0.7865, 0.7865, 0.7865, 0.7865, 0.7865, 0.7865, 0.7865, 0.7865, 0.7865, 0.7865, 0.7865, 0.7865, 0.7865, 0.7865, 0.7865, 0.7865, 0.7865, 0.7865, 0.7865, 0.7865, 0.7865, 0.7865, 0.7865, 0.7865, 0.7865, 0.7865]","{""0"": 0.8824, ""1"": 0.8475, ""2"": 0.8583, ""3"": 0.84, ""4"": 0.8826, ""5"": 0.837, ""6"": 0.3532, ""7"": 0.7944}","[1.0, 1.0, 0.8182, 0.8571, 0.5714, 0.8, 0.75, 0.0, 0.5, 0.8571, 1.0, 0.8462, 1.0, 0.8, 0.8333, 0.0, 0.5, 0.7143, 0.8889, 0.8889, 0.9091, 0.875, 0.8, 0.0, 0.8, 0.7143, 0.7778, 0.8182, 0.8333, 1.0, 0.875, 1.0, 0.8571, 0.9091, 1.0, 0.8462, 0.8571, 0.8333, 0.8571, 0.5714, 0.8333, 0.75, 0.6, 0.875, 1.0, 0.8889, 0.7143, 0.7778, 1.0, 0.8182, 0.8571, 1.0, 0.7, 0.6, 0.6667, 0.9231, 1.0, 1.0, 0.75, 0.8571, 0.5, 0.8, 0.6667, 1.0, 0.9, 0.75, 0.6667, 0.6, 0.6, 0.75, 1.0, 0.8, 0.75, 1.0, 1.0, 0.875, 1.0, 1.0, 0.8182, 0.625, 0.875, 1.0, 0.7143, 1.0, 1.0, 0.7143, 0.8, 0.875, 1.0, 0.9, 1.0, 0.7778, 0.8333, 0.8571, 0.875, 0.7778, 1.0, 1.0, 0.75, 1.0, 1.0, 0.8, 0.875, 0.75, 1.0, 0.8889, 0.9091, 0.9, 0.25, 0.7143, 1.0, 1.0, 0.9, 0.625, 0.875, 1.0, 0.7143, 1.0, 0.7778, 0.8333, 0.7, 0.8, 0.6667, 0.875, 0.6, 0.8, 0.6, 0.75, 1.0, 1.0, 1.0, 0.7, 0.6667, 1.0, 1.0, 0.0, 1.0, 0.8462, 0.7778, 1.0, 1.0, 1.0, 1.0, 0.0, 0.875, 0.9, 1.0, 0.75, 0.7778, 0.6667, 0.5, 0.1667, 0.75, 1.0, 0.875, 0.8333, 0.9, 0.9091, 0.8333, 0.0, 0.6, 0.9286, 0.8333, 0.8571, 1.0, 0.8333, 1.0, 0.0909, 1.0, 1.0, 0.8333, 1.0, 0.9286, 1.0, 0.75, 0.0, 0.8, 1.0, 0.75, 0.8889, 0.75, 0.6667, 0.875, 0.0, 1.0, 1.0, 0.8889, 0.625, 0.8333, 0.9, 0.875, 0.1, 0.8333, 0.8333, 1.0, 0.7143, 1.0, 1.0, 1.0, 0.0, 0.6667, 0.875, 0.8333, 0.8571, 1.0, 1.0, 0.9444, 0.0, 1.0, 0.9286, 1.0, 0.8889, 0.8571, 0.8333, 0.8571, 0.0, 1.0, 0.8571, 0.8, 1.0, 0.8333, 1.0, 0.625, 0.25, 1.0, 0.9, 0.8, 0.875, 0.8, 1.0, 1.0, 0.0, 0.2, 0.6667, 0.8333, 0.9091, 1.0, 0.8462, 0.8182, 0.1111, 0.0833, 0.8889, 1.0, 0.8571, 0.9, 0.8571, 1.0, 0.0, 0.375, 0.6667]","[0, 1, 6, 11, 12, 20, 24, 27, 29, 58, 59, 62, 64, 70, 72, 73, 81, 86, 87, 92, 94, 98, 103, 113, 115, 118, 120, 122, 128, 134, 137, 139, 142, 147, 151, 157, 160, 161, 166, 167, 169, 171, 172, 173, 184, 191, 197, 201, 206, 209, 220, 225, 228, 237, 240, 246]"
cluster,0:3,3,cluster,0.2825,0.2825,0.2825,1.0,0.2825,0.0,36,True,565,0,282,1153,0,"[0.05, 0.0735, 0.0985, 0.1165, 0.132, 0.139, 0.1445, 0.1535, 0.1625, 0.1725, 0.18, 0.1835, 0.186, 0.189, 0.1935, 0.197, 0.2005, 0.204, 0.2075, 0.212, 0.2195, 0.223, 0.225, 0.226, 0.228, 0.233, 0.2385, 0.249, 0.2575, 0.266, 0.27, 0.2735, 0.276, 0.2795, 0.282, 0.2825, 0.2825, 0.2825, 0.2825, 0.2825, 0.2825, 0.2825, 0.2825, 0.2825, 0.2825, 0.2825, 0.2825, 0.2825, 0.2825, 0.2825, 0.2825, 0.2825, 0.2825, 0.2825, 0.2825, 0.2825, 0.2825, 0.2825, 0.2825, 0.2825, 0.2825, 0.2825, 0.2825, 0.2825, 0.2825, 0.2825, 0.2825, 0.2825, 0.2825, 0.2825, 0.2825, 0.2825, 0.2825, 0.2825, 0.2825, 0.2825, 0.2825, 0.2825, 0.2825, 0.2825, 0.2825, 0.2825, 0.2825, 0.2825, 0.2825, 0.2825, 0.2825, 0.2825, 0.2825, 0.2825, 0.2825, 0.2825, 0.2825, 0.2825, 0.2825, 0.2825, 0.2825, 0.2825, 0.2825, 0.2825, 0.2825]","{""0"": 0.2463, ""1"": 0.1121, ""2"": 0.8622, ""3"": 0.164, ""4"": 0.6478, ""5"": 0.0259, ""6"": 0.0714, ""7"": 0.1573}","[0.2222, 0.0, 0.0909, 1.0, 0.1429, 0.2, 0.125, 0.0, 0.0, 0.0, 0.0, 0.8462, 0.2222, 0.0, 0.0, 0.0, 0.0, 0.0, 0.0, 0.8889, 0.0, 0.0, 0.0, 0.0, 0.0, 0.0, 0.0, 0.8182, 0.0, 0.0, 0.125, 0.0, 0.0, 0.0, 0.0, 0.8462, 0.0, 0.8333, 0.0, 0.0, 0.0, 0.0, 0.0, 0.875, 0.0, 0.8889, 0.0, 0.0, 0.0, 0.0, 0.0, 1.0, 0.0, 0.6, 0.0, 0.0769, 0.0, 1.0, 0.0, 0.8571, 0.0, 1.0, 0.0, 0.75, 0.0, 0.75, 0.0, 0.6, 0.0, 1.0, 0.0, 0.1, 0.0, 1.0, 0.0, 0.875, 0.0, 1.0, 0.0, 0.5, 0.0, 1.0, 0.0, 1.0, 0.0, 0.7143, 0.2, 1.0, 0.0, 0.9, 0.0, 0.7778, 0.0, 0.8571, 0.0, 0.0, 0.0, 1.0, 0.0, 1.0, 0.0, 1.0, 0.125, 0.0, 0.0, 0.8889, 0.0, 0.9, 0.0, 0.7143, 0.0, 0.0, 0.0, 0.125, 0.0, 1.0, 1.0, 1.0, 0.0, 0.0, 0.0, 0.0, 0.0, 0.875, 0.6, 0.8, 0.0, 0.0, 0.8462, 0.0, 0.0, 0.7, 1.0, 1.0, 0.0, 0.0, 1.0, 0.0, 0.0, 0.875, 0.0, 1.0, 0.0, 0.0, 1.0, 0.1, 0.2857, 0.75, 0.0, 0.6667, 0.0, 0.0833, 0.75, 0.0, 0.0, 0.8333, 0.0, 0.9091, 0.0, 0.0, 0.5, 0.0, 0.0, 0.8571, 0.0, 0.8333, 0.0, 0.0, 0.125, 0.0, 0.0, 1.0, 0.1429, 1.0, 0.0, 0.0, 0.0, 0.0, 0.0, 0.8889, 0.0, 0.6667, 0.0, 0.0, 0.0, 0.0, 0.0, 0.625, 0.0, 0.9, 0.0, 0.0, 0.0, 0.0, 1.0, 0.7143, 0.0, 1.0, 0.0, 0.0, 0.0, 0.0, 1.0, 1.0, 0.0, 1.0, 0.0, 0.0, 0.0, 0.0, 1.0, 0.8889, 0.0, 0.8333, 0.0, 0.0, 0.0, 0.0, 0.8, 1.0, 0.0, 0.0, 0.125, 0.0, 0.0, 0.0, 0.0, 0.875, 0.1, 0.125, 0.0, 0.0, 0.0, 0.0, 0.0, 0.9091, 1.0, 0.0, 0.0, 0.0, 0.0, 0.0, 0.0, 0.8571, 1.0, 0.0, 0.1111, 0.0, 0.0, 0.0]","[3, 61, 69, 73, 87, 101, 116, 128, 132, 144, 202, 203, 244]"
one_per_team,0:3,3,one_per_team,0.8285,0.8285,0.8285,1.0,0.8285,0.0,34,True,1657,0,290,53,0,"[0.05, 0.074, 0.095, 0.1215, 0.146, 0.1845, 0.223, 0.262, 0.3015, 0.3385, 0.376, 0.413, 0.4495, 0.486, 0.518, 0.546, 0.5825, 0.618, 0.6505, 0.6795, 0.7055, 0.7305, 0.7465, 0.7595, 0.7725, 0.787, 0.799, 0.8115, 0.822, 0.8255, 0.8265, 0.8275, 0.828, 0.8285, 0.8285, 0.8285, 0.8285, 0.8285, 0.8285, 0.8285, 0.8285, 0.8285, 0.8285, 0.8285, 0.8285, 0.8285, 0.8285, 0.8285, 0.8285, 0.8285, 0.8285, 0.8285, 0.8285, 0.8285, 0.8285, 0.8285, 0.8285, 0.8285, 0.8285, 0.8285, 0.8285, 0.8285, 0.8285, 0.8285, 0.8285, 0.8285, 0.8285, 0.8285, 0.8285, 0.8285, 0.8285, 0.8285, 0.8285, 0.8285, 0.8285, 0.8285, 0.8285, 0.8285, 0.8285, 0.8285, 0.8285, 0.8285, 0.8285, 0.8285, 0.8285, 0.8285, 0.8285, 0.8285, 0.8285, 0.8285, 0.8285, 0.8285, 0.8285, 0.8285, 0.8285, 0.8285, 0.8285, 0.8285, 0.8285, 0.8285, 0.8285]","{""0"": 0.8529, ""1"": 0.843, ""2"": 0.7165, ""3"": 0.832, ""4"": 0.8826, ""5"": 0.8481, ""6"": 0.873, ""7"": 0.7823}","[0.8889, 1.0, 0.8182, 0.8571, 0.5714, 0.8, 0.75, 0.875, 0.25, 0.8571, 1.0, 0.0769, 0.8889, 0.8, 0.8333, 1.0, 0.5, 0.7143, 0.8889, 0.0, 0.9091, 0.875, 0.8, 0.8571, 0.8, 0.7143, 0.7778, 0.0, 0.8333, 1.0, 0.875, 1.0, 0.8571, 0.9091, 1.0, 0.1538, 0.8571, 0.8333, 0.8571, 0.5714, 0.8333, 0.75, 0.6, 0.875, 1.0, 0.8889, 0.7143, 0.7778, 1.0, 0.8182, 0.8571, 1.0, 0.7, 0.6, 0.8333, 0.9231, 1.0, 1.0, 0.75, 0.8571, 0.5, 0.8, 0.6667, 1.0, 0.9, 0.75, 0.8333, 0.6, 0.6, 0.75, 1.0, 0.8, 0.75, 0.6875, 1.0, 0.875, 1.0, 1.0, 0.8182, 0.625, 0.875, 1.0, 0.7143, 1.0, 1.0, 0.7143, 0.8, 1.0, 1.0, 0.9, 1.0, 0.7778, 0.8333, 0.8571, 0.875, 0.7778, 1.0, 1.0, 0.75, 1.0, 1.0, 0.8, 0.875, 0.75, 1.0, 0.8889, 0.9091, 0.9, 0.25, 0.7143, 1.0, 1.0, 0.9, 0.625, 0.875, 1.0, 0.7143, 1.0, 0.7778, 0.8333, 0.7, 0.8, 0.5, 0.875, 0.6, 0.8, 0.6, 0.75, 0.8462, 1.0, 1.0, 0.7, 0.6667, 1.0, 1.0, 0.7143, 1.0, 0.8462, 0.7778, 0.875, 1.0, 1.0, 1.0, 0.875, 1.0, 0.9, 1.0, 0.75, 0.7778, 0.6667, 0.5, 0.75, 0.75, 1.0, 0.875, 0.8333, 0.9, 0.9091, 0.8333, 0.8571, 0.6, 0.9286, 0.8333, 0.8571, 1.0, 0.8333, 1.0, 0.9091, 1.0, 1.0, 0.8333, 1.0, 0.9286, 1.0, 0.875, 1.0, 0.8, 1.0, 0.75, 0.8889, 0.75, 0.6667, 1.0, 0.875, 1.0, 1.0, 0.8889, 0.625, 0.8333, 0.9, 0.875, 0.9, 0.8333, 0.8333, 1.0, 0.8571, 1.0, 1.0, 1.0, 1.0, 0.6667, 0.875, 0.8333, 0.8571, 1.0, 1.0, 0.9444, 0.9, 1.0, 0.7857, 1.0, 0.8889, 0.8571, 0.8333, 0.8571, 1.0, 1.0, 0.8571, 0.8, 1.0, 0.8333, 1.0, 0.75, 1.0, 1.0, 0.8, 0.8, 0.875, 0.7, 1.0, 1.0, 0.8889, 0.2, 0.6667, 0.8333, 0.9091, 1.0, 0.8462, 0.8182, 1.0, 0.0, 0.8889, 1.0, 0.8571, 0.9, 0.8571, 0.8889, 0.7143, 0.375, 0.6667]","[3, 7, 14, 18, 20, 24, 25, 28, 29, 31, 32, 33, 35, 38, 41, 42, 50, 52, 54, 57, 61, 63, 64, 66, 69, 70, 72, 73, 76, 80, 82, 83, 87, 89, 90, 91, 92, 97, 100, 101, 104, 105, 108, 112, 116, 121, 124, 125, 128, 132, 135, 137, 138, 139, 140, 144, 152, 153, 156, 161, 162, 163, 164, 169, 171, 172, 173, 174, 175, 176, 177, 180, 182, 183, 190, 193, 195, 199, 201, 202, 203, 206, 209, 211, 213, 216, 221, 222, 228, 230, 233, 234, 235, 236, 237, 241, 243, 244, 246, 247]"
random,0:4,4,random,0.84,0.84,0.84,1.0,0.84,-0.0,40,True,1680,0,280,40,0,"[0.05, 0.0755, 0.0985, 0.126, 0.1565, 0.193, 0.2255, 0.2535, 0.2845, 0.317, 0.345, 0.372, 0.4015, 0.4365, 0.472, 0.5005, 0.5345, 0.57, 0.608, 0.651, 0.673, 0.6895, 0.708, 0.7225, 0.73, 0.7385, 0.75, 0.7615, 0.773, 0.7835, 0.792, 0.8015, 0.8085, 0.8135, 0.8185, 0.8275, 0.831, 0.833, 0.8365, 0.84, 0.84, 0.84, 0.84, 0.84, 0.84, 0.84, 0.84, 0.84, 0.84, 0.84, 0.84, 0.84, 0.84, 0.84, 0.84, 0.84, 0.84, 0.84, 0.84, 0.84, 0.84, 0.84, 0.84, 0.84, 0.84, 0.84, 0.84, 0.84, 0.84, 0.84, 0.84, 0.84, 0.84, 0.84, 0.84, 0.84, 0.84, 0.84, 0.84, 0.84, 0.84, 0.84, 0.84, 0.84, 0.84, 0.84, 0.84, 0.84, 0.84, 0.84, 0.84, 0.84, 0.84, 0.84, 0.84, 0.84, 0.84, 0.84, 0.84, 0.84, 0.84]","{""0"": 0.8371, ""1"": 0.8536, ""2"": 0.8178, ""3"": 0.7582, ""4"": 0.8898, ""5"": 0.871, ""6"": 0.8795, ""7"": 0.8107}","[1.0, 0.6923, 1.0, 1.0, 0.6667, 1.0, 0.6667, 0.75, 0.6667, 1.0, 1.0, 0.8889, 0.8889, 0.7143, 1.0, 0.5, 1.0, 1.0, 1.0, 1.0, 0.875, 0.9091, 1.0, 0.8333, 0.8889, 0.6667, 1.0, 0.6364, 0.8333, 0.8, 0.7778, 1.0, 0.8182, 0.875, 0.8571, 0.9167, 0.8571, 1.0, 0.875, 0.8571, 1.0, 0.9091, 0.9091, 0.75, 0.75, 1.0, 0.8571, 0.8333, 0.7778, 1.0, 0.8571, 1.0, 1.0, 1.0, 0.8, 0.7143, 0.75, 0.7778, 0.6667, 1.0, 0.8, 0.8571, 1.0, 0.9, 0.9, 0.8571, 0.8333, 1.0, 0.9, 1.0, 0.8889, 1.0, 0.7778, 0.7, 0.875, 0.75, 0.75, 1.0, 0.9, 0.8333, 1.0, 0.8, 0.7, 1.0, 1.0, 0.8, 1.0, 1.0, 1.0, 1.0, 0.75, 0.7, 0.0, 0.7143, 0.8, 0.7, 0.8, 0.75, 1.0, 1.0, 0.1667, 0.8333, 0.625, 0.7778, 1.0, 0.875, 0.5, 0.9091, 0.0, 0.8571, 1.0, 0.8571, 0.8889, 0.8571, 0.875, 0.7778, 0.0, 0.7, 0.8889, 0.875, 0.5714, 0.75, 0.875, 1.0, 0.875, 0.8571, 1.0, 1.0, 0.8333, 1.0, 0.8571, 0.875, 1.0, 0.9167, 1.0, 1.0, 0.875, 0.8571, 1.0, 0.7692, 0.7, 0.8333, 1.0, 1.0, 1.0, 0.8571, 0.6667, 0.75, 0.6667, 1.0, 0.6667, 0.9, 0.8571, 1.0, 0.7143, 0.8, 0.9167, 0.9, 0.8333, 1.0, 0.2, 0.8333, 0.75, 0.75, 1.0, 0.8333, 1.0, 0.8462, 0.0, 0.8571, 0.8889, 1.0, 1.0, 0.8571, 0.8571, 0.875, 0.4, 1.0, 0.8571, 0.6667, 1.0, 0.8333, 1.0, 0.8, 1.0, 1.0, 0.8333, 0.6, 0.8889, 1.0, 0.6667, 1.0, 0.8571, 0.7778, 1.0, 0.7778, 0.9, 1.0, 0.8889, 1.0, 1.0, 0.8, 0.875, 0.625, 0.5, 0.8333, 0.5556, 1.0, 0.8889, 0.7, 0.7778, 0.5556, 1.0, 0.9, 0.8333, 0.875, 1.0, 0.625, 1.0, 0.75, 1.0, 0.8182, 1.0, 1.0, 0.8333, 0.7778, 0.5, 1.0, 0.875, 0.8571, 1.0, 0.875, 0.8571, 0.75, 0.8182, 0.7778, 1.0, 0.875, 0.8, 1.0, 0.6667, 0.8182, 1.0, 0.6, 0.8333, 1.0, 1.0, 0.8, 0.8571, 0.6667]","[2, 3, 4, 11, 19, 21, 22, 26, 32, 33, 35, 40, 41, 43, 44, 47, 49, 52, 54, 56, 63, 67, 69, 74, 77, 81, 84, 86, 88, 90, 95, 96, 98, 99, 107, 109, 111, 113, 114, 129, 131, 135, 139, 142, 143, 144, 145, 148, 149, 151, 157, 159, 166, 170, 171, 172, 173, 183, 184, 185, 186, 190, 193, 195, 196, 199, 208, 215, 217, 219, 220, 221, 222, 223, 228, 230, 231, 233, 236, 244, 245, 247]"
champions,0:4,4,champions,0.771,0.771,0.771,1.0,0.771,0.0,37,True,1542,0,283,175,0,"[0.05, 0.095, 0.1465, 0.193, 0.2445, 0.2895, 0.322, 0.3495, 0.3855, 0.4165, 0.4445, 0.4715, 0.5, 0.5315, 0.5615, 0.595, 0.6195, 0.639, 0.654, 0.672, 0.6855, 0.6975, 0.7095, 0.722, 0.73, 0.736, 0.743, 0.747, 0.752, 0.7535, 0.7555, 0.757, 0.7595, 0.7625, 0.766, 0.7705, 0.771, 0.771, 0.771, 0.771, 0.771, 0.771, 0.771, 0.771, 0.771, 0.771, 0.771, 0.771, 0.771, 0.771, 0.771, 0.771, 0.771, 0.771, 0.771, 0.771, 0.771, 0.771, 0.771, 0.771, 0.771, 0.771, 0.771, 0.771, 0.771, 0.771, 0.771, 0.771, 0.771, 0.771, 0.771, 0.771, 0.771, 0.771, 0.771, 0.771, 0.771, 0.771, 0.771, 0.771, 0.771, 0.771, 0.771, 0.771, 0.771, 0.771, 0.771, 0.771, 0.771, 0.771, 0.771, 0.771, 0.771, 0.771, 0.771, 0.771, 0.771, 0.771, 0.771, 0.771, 0.771]","{""0"": 0.5303, ""1"": 0.8577, ""2"": 0.8023, ""3"": 0.541, ""4"": 0.8898, ""5"": 0.8629, ""6"": 0.8916, ""7"": 0.8025}","[1.0, 0.8462, 1.0, 1.0, 0.0, 1.0, 0.6667, 0.75, 0.6667, 1.0, 1.0, 0.8889, 0.0, 0.7143, 1.0, 0.5, 1.0, 1.0, 1.0, 1.0, 0.0, 0.9091, 1.0, 1.0, 0.8889, 0.6667, 1.0, 0.6364, 0.0, 0.8, 0.7778, 1.0, 0.7273, 0.875, 1.0, 0.9167, 0.0, 1.0, 0.875, 0.8571, 1.0, 0.9091, 0.9091, 0.625, 0.25, 1.0, 0.8571, 0.9167, 0.7778, 1.0, 0.8571, 1.0, 0.0, 1.0, 0.8, 0.9286, 0.75, 0.8889, 0.6667, 1.0, 0.0, 0.8571, 1.0, 0.9, 0.9, 0.8571, 0.8333, 1.0, 0.1, 1.0, 0.8889, 1.0, 0.7778, 0.7, 0.875, 0.8333, 0.75, 1.0, 0.9, 0.8333, 1.0, 0.8, 0.7, 1.0, 0.875, 0.8, 1.0, 1.0, 0.8571, 1.0, 0.75, 0.7, 1.0, 0.7143, 0.8667, 0.7, 0.8, 0.75, 1.0, 0.6667, 0.8333, 0.8333, 0.625, 0.7778, 1.0, 0.0, 0.5, 0.8182, 1.0, 0.8571, 1.0, 0.8571, 0.8889, 0.0, 0.875, 0.7778, 0.8571, 0.7, 0.8889, 0.875, 0.5714, 0.0, 0.875, 1.0, 0.875, 0.8571, 1.0, 1.0, 0.8333, 0.0, 0.8571, 0.75, 1.0, 0.9167, 1.0, 1.0, 0.875, 0.0, 1.0, 0.7692, 0.7, 0.8333, 0.8571, 1.0, 0.875, 0.0, 0.6667, 0.75, 0.6667, 1.0, 0.6667, 0.9, 0.8571, 0.1, 0.7143, 0.8, 0.9167, 0.9, 0.8333, 1.0, 0.2, 0.0, 0.75, 0.75, 1.0, 0.8333, 0.8571, 0.8462, 0.0, 0.0, 0.8889, 1.0, 0.8, 0.8571, 0.8571, 0.875, 0.4, 0.25, 0.8571, 0.6667, 1.0, 0.9167, 1.0, 0.8, 1.0, 0.0, 0.8333, 0.6, 0.8889, 1.0, 0.6667, 1.0, 1.0, 0.0, 1.0, 0.7778, 0.9, 1.0, 0.8889, 1.0, 1.0, 0.0, 0.875, 0.625, 0.5, 0.8333, 0.5556, 1.0, 0.8889, 0.5, 0.7778, 0.5556, 1.0, 0.9, 0.8333, 0.875, 1.0, 0.625, 1.0, 0.75, 1.0, 0.8182, 1.0, 0.8333, 0.8333, 0.7778, 0.5, 1.0, 0.0, 0.8571, 0.9167, 0.875, 0.8571, 0.75, 0.8182, 0.7778, 0.0, 0.875, 0.8, 1.0, 0.6667, 0.8182, 1.0, 0.6, 0.0, 0.9, 1.0, 0.8, 0.8571, 0.6667]","[0, 1, 5, 23, 24, 27, 32, 34, 35, 40, 41, 42, 46, 47, 49, 54, 55, 57, 64, 68, 72, 73, 75, 76, 78, 81, 82, 86, 94, 95, 98, 103, 111, 116, 119, 122, 125, 128, 132, 139, 149, 156, 162, 167, 171, 177, 181, 189, 192, 196, 197, 198, 202, 205, 209, 213, 223, 225, 229, 230, 234, 235, 241, 245]"
cluster,0:4,4,cluster,0.4995,0.4995,0.4995,1.0,0.4995,0.0,53,True,999,0,283,718,0,"[0.05, 0.069, 0.094, 0.1195, 0.138, 0.1565, 0.174, 0.19, 0.2045, 0.2185, 0.232, 0.25, 0.265, 0.2755, 0.283, 0.2945, 0.3045, 0.3145, 0.324, 0.335, 0.3425, 0.3475, 0.3525, 0.3595, 0.369, 0.3765, 0.3825, 0.3875, 0.391, 0.3945, 0.3995, 0.4035, 0.4095, 0.4145, 0.422, 0.428, 0.433, 0.438, 0.4455, 0.4545, 0.464, 0.474, 0.48, 0.484, 0.4895, 0.4925, 0.4945, 0.496, 0.4965, 0.498, 0.4985, 0.499, 0.4995, 0.4995, 0.4995, 0.4995, 0.4995, 0.4995, 0.4995, 0.4995, 0.4995, 0.4995, 0.4995, 0.4995, 0.4995, 0.4995, 0.4995, 0.4995, 0.4995, 0.4995, 0.4995, 0.4995, 0.4995, 0.4995, 0.4995, 0.4995, 0.4995, 0.4995, 0.4995, 0.4995, 0.4995, 0.4995, 0.4995, 0.4995, 0.4995, 0.4995, 0.4995, 0.4995, 0.4995, 0.4995, 0.4995, 0.4995, 0.4995, 0.4995, 0.4995, 0.4995, 0.4995, 0.4995, 0.4995, 0.4995, 0.4995]","{""0"": 0.3523, ""1"": 0.6695, ""2"": 0.2248, ""3"": 0.0082, ""4"": 0.8858, ""5"": 0.3992, ""6"": 0.5984, ""7"": 0.8724}","[0.7778, 0.0769, 1.0, 0.0909, 0.0, 1.0, 0.0, 0.75, 0.6667, 1.0, 1.0, 0.1111, 0.0, 0.7143, 0.1111, 0.1667, 1.0, 1.0, 1.0, 0.0, 0.0, 0.9091, 0.0, 0.0, 0.8889, 0.6667, 1.0, 0.0, 0.0, 0.8, 0.1111, 0.0, 1.0, 1.0, 0.8571, 0.0833, 0.0, 1.0, 0.0, 0.0, 1.0, 0.9091, 0.9091, 0.0, 0.0, 1.0, 0.0, 0.0, 0.7778, 1.0, 0.8571, 0.0, 0.0, 1.0, 0.0, 0.0, 0.75, 0.7778, 1.0, 0.0, 0.0, 0.8571, 0.0, 0.0, 1.0, 0.8571, 0.8333, 0.0, 0.0, 1.0, 0.0, 0.1429, 0.7778, 0.7, 0.875, 0.0, 0.0, 1.0, 0.0, 0.1667, 1.0, 0.8, 0.7, 0.0, 0.0, 0.8, 0.0, 0.0, 0.8571, 1.0, 0.75, 0.7, 0.0, 0.7143, 0.0, 0.7, 0.8, 0.75, 1.0, 0.6667, 0.0, 0.8333, 0.625, 0.7778, 1.0, 0.0, 0.5, 0.8182, 0.0, 0.8571, 1.0, 0.8571, 0.8889, 0.0, 0.0, 0.7778, 0.0, 0.7, 1.0, 0.875, 0.5714, 0.0, 0.0, 1.0, 0.0, 0.8571, 1.0, 1.0, 0.8333, 0.0, 0.0, 1.0, 0.0, 0.9167, 1.0, 1.0, 0.875, 0.0, 0.0, 0.7692, 0.0, 0.8333, 0.8571, 1.0, 0.875, 0.0, 0.0, 0.25, 0.1111, 1.0, 0.6667, 0.9, 0.8571, 0.1, 0.0, 0.0, 0.0833, 0.9, 0.8333, 1.0, 0.8, 0.0, 0.0, 0.0, 0.0, 0.8333, 0.8571, 0.8462, 1.0, 0.0, 0.1111, 0.0, 0.0, 0.8571, 1.0, 0.875, 0.6, 0.0, 0.8571, 0.0, 0.0, 0.8333, 1.0, 0.8, 1.0, 0.0, 0.8333, 0.0, 0.0, 1.0, 0.6667, 1.0, 0.8571, 0.0, 1.0, 0.0, 0.0, 1.0, 0.8889, 1.0, 1.0, 0.0, 0.875, 0.0, 0.0, 0.8333, 0.5556, 1.0, 0.8889, 0.0, 0.7778, 0.0, 0.0, 0.9, 0.8333, 0.875, 1.0, 0.0, 1.0, 0.0, 0.0, 0.8182, 1.0, 0.8333, 0.8333, 0.0, 0.5, 0.0, 0.0, 0.8571, 0.0, 0.875, 0.8571, 0.0, 0.8182, 0.0, 0.0, 0.875, 0.0, 1.0, 0.6667, 0.0, 1.0, 0.6, 0.0, 0.9, 0.0, 0.8, 0.8571, 0.0]","[32, 33, 37, 58, 64, 118, 131, 167, 168, 174, 218, 222]"
one_per_team,0:4,4,one_per_team,0.843,0.843,0.843,1.0,0.843,0.0,60,True,1686,0,286,28,0,"[0.05, 0.0715, 0.092, 0.117, 0.138, 0.164, 0.1965, 0.2295, 0.2555, 0.2775, 0.3005, 0.3145, 0.3295, 0.349, 0.3675, 0.386, 0.406, 0.4245, 0.436, 0.4435, 0.451, 0.455, 0.457, 0.462, 0.4715, 0.477, 0.4805, 0.4825, 0.4855, 0.4885, 0.4915, 0.494, 0.4975, 0.503, 0.5085, 0.5175, 0.5285, 0.5395, 0.5515, 0.569, 0.582, 0.596, 0.615, 0.632, 0.653, 0.6735, 0.6955, 0.715, 0.7305, 0.743, 0.759, 0.7755, 0.7945, 0.811, 0.8225, 0.8295, 0.8385, 0.842, 0.8425, 0.843, 0.843, 0.843, 0.843, 0.843, 0.843, 0.843, 0.843, 0.843, 0.843, 0.843, 0.843, 0.843, 0.843, 0.843, 0.843, 0.843, 0.843, 0.843, 0.843, 0.843, 0.843, 0.843, 0.843, 0.843, 0.843, 0.843, 0.843, 0.843, 0.843, 0.843, 0.843, 0.843, 0.843, 0.843, 0.843, 0.843, 0.843, 0.843, 0.843, 0.843, 0.843]","{""0"": 0.8409, ""1"": 0.7406, ""2"": 0.7984, ""3"": 0.8689, ""4"": 0.8976, ""5"": 0.8669, ""6"": 0.8715, ""7"": 0.856}","[1.0, 0.6923, 1.0, 1.0, 0.6667, 1.0, 0.7778, 0.75, 0.6667, 1.0, 1.0, 0.8889, 0.8889, 0.8571, 1.0, 0.5, 1.0, 1.0, 1.0, 1.0, 0.875, 0.9091, 1.0, 0.8333, 0.8889, 0.6667, 1.0, 0.6364, 0.8333, 0.8, 0.7778, 1.0, 0.8182, 0.875, 0.8571, 0.9167, 0.8571, 1.0, 0.875, 0.8571, 1.0, 0.9091, 0.9091, 0.625, 0.75, 1.0, 0.8571, 0.75, 0.7778, 1.0, 0.8571, 1.0, 1.0, 1.0, 0.8, 0.7143, 0.75, 0.7778, 0.6667, 1.0, 0.8, 0.8571, 1.0, 1.0, 0.9, 0.8571, 0.8333, 1.0, 1.0, 1.0, 0.8889, 1.0, 0.7778, 0.7, 0.875, 0.75, 0.75, 1.0, 0.9, 0.8333, 1.0, 0.8, 0.7, 1.0, 0.875, 0.8, 1.0, 1.0, 0.8571, 1.0, 0.75, 0.7, 1.0, 0.7143, 0.8, 0.7, 0.8, 0.75, 1.0, 0.6667, 0.8333, 0.8333, 0.625, 0.7778, 1.0, 0.875, 0.5, 0.8182, 1.0, 0.8571, 1.0, 0.8571, 0.8889, 0.8571, 0.0, 0.7778, 0.8571, 0.7, 0.8889, 0.875, 0.5714, 0.75, 0.0, 1.0, 0.875, 0.8571, 1.0, 1.0, 0.8333, 1.0, 0.0, 0.75, 1.0, 0.9167, 1.0, 1.0, 0.875, 0.8571, 0.0, 0.7692, 0.7, 0.8333, 0.8571, 1.0, 0.875, 0.8571, 0.3333, 0.75, 0.6667, 1.0, 0.6667, 0.9, 0.8571, 1.0, 0.7143, 0.8, 0.9167, 0.9, 0.8333, 1.0, 0.8, 0.8333, 0.75, 0.75, 1.0, 0.8333, 0.8571, 0.8462, 0.7, 0.8571, 0.8889, 1.0, 0.8, 0.8571, 0.8571, 0.875, 0.6, 1.0, 0.8571, 0.6667, 1.0, 0.8333, 1.0, 0.8, 1.0, 1.0, 0.8333, 0.6, 0.8889, 1.0, 0.8333, 1.0, 1.0, 0.7778, 1.0, 0.7778, 0.9, 1.0, 0.8889, 1.0, 1.0, 0.8, 0.875, 0.625, 0.5, 0.8333, 0.5556, 1.0, 0.8889, 0.8, 0.7778, 0.5556, 1.0, 1.0, 0.8333, 0.875, 1.0, 0.625, 1.0, 0.75, 1.0, 0.8182, 1.0, 0.8333, 0.8333, 0.7778, 0.5, 1.0, 0.875, 1.0, 0.9167, 0.875, 1.0, 0.75, 0.8182, 0.7778, 1.0, 0.875, 0.8, 1.0, 0.6667, 0.8182, 1.0, 0.6, 0.8333, 0.9, 1.0, 0.8, 0.8571, 0.6667]","[1, 3, 6, 9, 10, 13, 18, 20, 22, 23, 28, 30, 32, 33, 35, 36, 37, 44, 45, 46, 47, 48, 50, 58, 61, 63, 64, 68, 69, 75, 78, 83, 86, 87, 88, 95, 98, 101, 105, 110, 116, 118, 119, 121, 124, 127, 129, 131, 132, 135, 137, 139, 144, 157, 161, 162, 164, 165, 167, 168, 170, 171, 174, 175, 177, 178, 179, 181, 182, 184, 185, 187, 188, 190, 192, 198, 203, 204, 207, 209, 211, 213, 215, 216, 217, 218, 219, 222, 223, 228, 229, 230, 232, 234, 235, 238, 241, 243, 246, 249]"
random,0:5,5,random,0.535,0.535,0.535,1.0,0.535,0.0,64,True,1070,0,266,664,0,"[0.05, 0.0675, 0.082, 0.0975, 0.1185, 0.1335, 0.15, 0.1625, 0.174, 0.187, 0.2105, 0.2315, 0.2455, 0.2595, 0.272, 0.283, 0.2925, 0.3, 0.309, 0.315, 0.3205, 0.332, 0.3405, 0.3475, 0.3565, 0.3675, 0.375, 0.3825, 0.3915, 0.398, 0.4065, 0.414, 0.416, 0.418, 0.4215, 0.4245, 0.428, 0.4335, 0.442, 0.4495, 0.453, 0.4565, 0.458, 0.461, 0.4645, 0.467, 0.4695, 0.475, 0.4815, 0.4895, 0.4985, 0.5035, 0.5055, 0.508, 0.5115, 0.5155, 0.5175, 0.5215, 0.5245, 0.527, 0.5285, 0.5305, 0.534, 0.535, 0.535, 0.535, 0.535, 0.535, 0.535, 0.535, 0.535, 0.535, 0.535, 0.535, 0.535, 0.535, 0.535, 0.535, 0.535, 0.535, 0.535, 0.535, 0.535, 0.535, 0.535, 0.535, 0.535, 0.535, 0.535, 0.535, 0.535, 0.535, 0.535, 0.535, 0.535, 0.535, 0.535, 0.535, 0.535, 0.535, 0.535]","{""0"": 0.0717, ""1"": 0.8534, ""2"": 0.3596, ""3"": 0.4603, ""4"": 0.0522, ""5"": 0.9125, ""6"": 0.8717, ""7"": 0.7188}","[0.7778, 0.0, 1.0, 0.0909, 0.0, 0.0, 0.8333, 0.6667, 0.6667, 0.2, 0.8571, 0.0, 0.0, 0.0, 0.9, 0.8333, 1.0, 0.0, 1.0, 0.0, 0.0, 0.0, 0.8889, 1.0, 1.0, 0.0, 0.9167, 0.0, 0.75, 0.0, 0.7778, 0.8889, 0.7143, 0.1667, 0.8571, 0.0, 0.9091, 0.0, 0.9091, 0.75, 1.0, 0.0, 0.8571, 0.0, 0.75, 0.0, 1.0, 0.875, 0.9167, 0.1111, 1.0, 0.1111, 1.0, 0.1111, 0.7778, 1.0, 0.875, 0.0, 0.8333, 0.1111, 0.75, 0.1111, 0.8889, 0.75, 0.8333, 0.0, 0.8, 0.1111, 0.8889, 0.0, 0.875, 0.5714, 0.8889, 0.1, 0.9, 0.0, 0.7143, 0.0, 0.9091, 0.9375, 1.0, 0.6667, 0.8182, 0.1111, 1.0, 0.0, 0.7273, 1.0, 0.8333, 0.6667, 0.8333, 0.2, 1.0, 0.1111, 1.0, 0.8571, 0.8889, 0.4286, 0.7143, 0.25, 1.0, 0.0, 1.0, 0.8571, 0.8, 0.0, 0.8, 0.9, 1.0, 0.0, 1.0, 0.7143, 1.0, 0.0, 0.5, 1.0, 0.8182, 0.0, 1.0, 0.7143, 1.0, 0.0, 0.875, 0.7778, 0.6667, 0.6667, 1.0, 1.0, 0.8333, 0.2, 0.8333, 0.7143, 1.0, 0.125, 1.0, 0.8889, 0.6, 0.0769, 0.7143, 0.8, 1.0, 0.0, 1.0, 0.8182, 0.8889, 0.0, 0.7143, 0.6667, 0.6, 0.0, 1.0, 1.0, 0.8889, 0.0, 0.875, 1.0, 0.1111, 0.0, 0.9091, 0.9, 0.9, 0.0, 0.8, 1.0, 0.3333, 0.2222, 0.875, 1.0, 0.75, 0.0, 1.0, 0.8333, 0.0, 0.0, 1.0, 0.8333, 1.0, 0.0, 0.875, 0.7778, 0.0, 0.1667, 1.0, 1.0, 0.0, 0.0, 0.7778, 0.8571, 0.0, 0.0, 1.0, 0.6667, 0.0, 0.0, 0.8571, 0.5, 0.0, 0.1429, 0.7143, 0.9167, 0.0, 0.0, 0.8889, 0.1, 0.0, 0.0, 0.8571, 1.0, 0.0, 0.0, 1.0, 0.0, 0.0, 0.0, 1.0, 0.8333, 0.0, 0.0, 0.7143, 0.0909, 0.0, 0.1111, 1.0, 0.7273, 0.8182, 0.0, 1.0, 0.1538, 0.0, 0.2222, 1.0, 1.0, 0.8333, 0.0, 1.0, 0.0667, 0.1111, 0.0, 1.0, 0.8333, 0.8571, 0.0, 0.875, 0.1667, 0.0, 0.0, 1.0, 0.875, 0.75, 0.0]","[0, 6, 7, 9, 14, 16, 22, 26, 28, 33, 36, 40, 44, 46, 48, 49, 51, 53, 54, 55, 56, 59, 60, 61, 67, 71, 72, 73, 82, 83, 84, 87, 88, 89, 92, 93, 95, 97, 98, 106, 107, 108, 111, 116, 120, 122, 124, 125, 128, 129, 131, 132, 133, 139, 140, 143, 144, 151, 155, 158, 163, 164, 165, 168, 170, 174, 176, 179, 181, 183, 190, 197, 199, 219, 221, 223, 224, 227, 229, 230, 234, 235, 236, 239, 240, 246, 247]"
champions,0:5,5,champions,0.8635,0.8635,0.8635,1.0,0.8635,0.0,49,True,1727,0,272,1,0,"[0.05, 0.0945, 0.128, 0.1595, 0.1925, 0.238, 0.283, 0.32, 0.359, 0.3905, 0.4185, 0.442, 0.463, 0.483, 0.5095, 0.5315, 0.555, 0.5755, 0.591, 0.6035, 0.62, 0.638, 0.656, 0.672, 0.6905, 0.71, 0.7265, 0.747, 0.7685, 0.779, 0.792, 0.804, 0.814, 0.8195, 0.824, 0.8305, 0.838, 0.841, 0.8445, 0.8495, 0.8515, 0.853, 0.855, 0.858, 0.8605, 0.8615, 0.862, 0.863, 0.8635, 0.8635, 0.8635, 0.8635, 0.8635, 0.8635, 0.8635, 0.8635, 0.8635, 0.8635, 0.8635, 0.8635, 0.8635, 0.8635, 0.8635, 0.8635, 0.8635, 0.8635, 0.8635, 0.8635, 0.8635, 0.8635, 0.8635, 0.8635, 0.8635, 0.8635, 0.8635, 0.8635, 0.8635, 0.8635, 0.8635, 0.8635, 0.8635, 0.8635, 0.8635, 0.8635, 0.8635, 0.8635, 0.8635, 0.8635, 0.8635, 0.8635, 0.8635, 0.8635, 0.8635, 0.8635, 0.8635, 0.8635, 0.8635, 0.8635, 0.8635, 0.8635, 0.8635]","{""0"": 0.8845, ""1"": 0.8448, ""2"": 0.8427, ""3"": 0.841, ""4"": 0.8635, ""5"": 0.9125, ""6"": 0.8755, ""7"": 0.8438}","[1.0, 1.0, 1.0, 0.9091, 0.875, 0.8333, 0.8333, 0.5556, 0.6667, 0.6, 0.8571, 0.8889, 1.0, 0.8333, 0.9, 0.8333, 1.0, 0.5, 1.0, 0.875, 0.875, 1.0, 0.8889, 1.0, 1.0, 1.0, 0.9167, 1.0, 0.75, 0.875, 0.7778, 0.8889, 0.7143, 0.9167, 0.8571, 0.8333, 0.8182, 1.0, 0.9091, 0.75, 1.0, 0.875, 0.8571, 0.7, 0.75, 0.8, 1.0, 0.875, 0.9167, 1.0, 1.0, 0.8889, 1.0, 0.8889, 0.7778, 0.8571, 0.875, 0.875, 0.8333, 0.7778, 0.625, 0.7778, 0.8889, 0.75, 0.8333, 1.0, 0.8, 0.8889, 0.8889, 0.75, 0.875, 0.5714, 0.8889, 0.9, 0.9, 1.0, 0.7143, 1.0, 0.9091, 1.0, 1.0, 0.6667, 0.8182, 0.8889, 1.0, 0.8571, 0.7273, 1.0, 0.8333, 0.8333, 0.8333, 0.8, 1.0, 0.7778, 1.0, 0.8571, 0.8889, 0.8571, 0.5714, 0.25, 1.0, 1.0, 1.0, 0.8571, 0.8, 1.0, 0.7, 0.8, 1.0, 0.9, 1.0, 0.7143, 1.0, 0.75, 0.5, 1.0, 0.7273, 0.8333, 1.0, 0.7143, 1.0, 0.8889, 0.875, 0.7778, 0.6667, 1.0, 1.0, 1.0, 0.8333, 0.9333, 0.8333, 0.7143, 1.0, 0.75, 1.0, 0.8889, 0.7, 0.8462, 0.7143, 0.8, 1.0, 0.9, 1.0, 0.8182, 0.8889, 1.0, 0.7143, 0.6667, 0.6, 0.5714, 1.0, 1.0, 0.8889, 0.875, 0.875, 1.0, 0.6667, 0.875, 0.9091, 0.9, 0.9, 1.0, 0.8, 1.0, 0.6667, 0.8889, 0.875, 1.0, 0.75, 0.5714, 1.0, 0.8333, 0.8, 1.0, 1.0, 0.8333, 1.0, 0.8, 0.875, 0.6667, 1.0, 0.8333, 1.0, 1.0, 0.7, 1.0, 0.7778, 0.8571, 1.0, 0.9091, 1.0, 0.6667, 0.7778, 0.75, 0.8571, 0.6667, 1.0, 0.8571, 0.7143, 0.9167, 0.875, 0.8, 0.8889, 0.8, 0.8333, 0.8333, 0.8571, 1.0, 0.875, 0.7778, 1.0, 0.875, 0.8, 1.0, 1.0, 1.0, 0.5, 0.875, 0.7143, 0.9091, 0.8182, 0.8889, 1.0, 0.8182, 0.7273, 1.0, 1.0, 0.8462, 0.9231, 0.8889, 1.0, 1.0, 0.8333, 1.0, 1.0, 0.9333, 0.6667, 1.0, 1.0, 0.8333, 0.8571, 0.875, 0.875, 0.8333, 0.75, 0.625, 1.0, 0.875, 0.75, 1.0]","[0, 1, 5, 14, 20, 25, 31, 36, 38, 59, 61, 64, 65, 67, 73, 78, 79, 81, 86, 101, 104, 107, 109, 112, 115, 116, 121, 123, 124, 128, 129, 132, 133, 136, 137, 139, 151, 152, 158, 160, 166, 191, 192, 195, 198, 207, 215, 216, 223, 228, 230, 231, 232, 235, 236, 244]"
cluster,0:5,5,cluster,0.296,0.296,0.296,1.0,0.296,0.0,33,True,592,0,267,1141,0,"[0.05, 0.068, 0.088, 0.1035, 0.12, 0.141, 0.1545, 0.171, 0.1845, 0.196, 0.203, 0.211, 0.216, 0.2245, 0.2315, 0.237, 0.244, 0.251, 0.2545, 0.259, 0.2615, 0.265, 0.2695, 0.272, 0.274, 0.2755, 0.279, 0.2805, 0.2825, 0.285, 0.2905, 0.2945, 0.296, 0.296, 0.296, 0.296, 0.296, 0.296, 0.296, 0.296, 0.296, 0.296, 0.296, 0.296, 0.296, 0.296, 0.296, 0.296, 0.296, 0.296, 0.296, 0.296, 0.296, 0.296, 0.296, 0.296, 0.296, 0.296, 0.296, 0.296, 0.296, 0.296, 0.296, 0.296, 0.296, 0.296, 0.296, 0.296, 0.296, 0.296, 0.296, 0.296, 0.296, 0.296, 0.296, 0.296, 0.296, 0.296, 0.296, 0.296, 0.296, 0.296, 0.296, 0.296, 0.296, 0.296, 0.296, 0.296, 0.296, 0.296, 0.296, 0.296, 0.296, 0.296, 0.296, 0.296, 0.296, 0.296, 0.296, 0.296, 0.296]","{""0"": 0.0, ""1"": 0.4957, ""2"": 0.603, ""3"": 0.5983, ""4"": 0.6265, ""5"": 0.0042, ""6"": 0.0038, ""7"": 0.0547}","[0.5556, 0.0, 1.0, 0.9091, 0.875, 0.8333, 0.0, 0.0, 0.0, 0.0, 0.8571, 0.8889, 1.0, 0.8333, 0.0, 0.0, 0.0, 0.0, 1.0, 0.875, 0.875, 1.0, 0.0, 0.0, 0.0, 0.0, 0.9167, 1.0, 0.75, 0.875, 0.0, 0.0, 0.0, 0.0, 0.8571, 0.8333, 0.8182, 1.0, 0.0, 0.0, 0.0, 0.0, 0.8571, 0.7, 0.0, 0.1, 0.0, 0.0, 0.0, 0.0, 1.0, 0.8889, 0.2, 0.1111, 0.0, 0.0, 0.0, 0.0, 1.0, 0.7778, 0.0, 0.0, 0.0, 0.0, 0.0, 0.0, 0.8, 1.0, 0.0, 0.1667, 0.0, 0.0, 0.0, 0.0, 0.9, 1.0, 0.0, 1.0, 0.0909, 0.0, 0.0, 0.0, 0.0, 0.8889, 0.0, 0.8571, 0.0, 0.0, 0.0, 0.0, 0.0, 0.8, 0.0, 0.7778, 0.0, 0.0, 0.0, 0.0, 0.0, 0.25, 0.0, 1.0, 0.0, 0.0, 0.0, 0.0, 0.0, 0.8, 0.0, 0.9, 0.0, 0.0, 0.0, 0.0, 0.0, 1.0, 0.0, 0.8333, 0.0, 0.0, 0.0, 0.0, 0.0, 1.0, 0.6667, 1.0, 0.0, 0.0, 0.0, 0.0, 0.0, 0.7143, 1.0, 0.75, 0.0, 0.0, 0.0, 0.0, 0.0, 0.8, 1.0, 0.9, 0.0, 0.0, 0.0, 0.0, 0.0, 0.6667, 0.6, 1.0, 0.0, 0.0, 0.0, 0.0, 0.0, 1.0, 1.0, 0.875, 0.0, 0.0, 0.0, 0.0, 0.0, 1.0, 0.6667, 0.1111, 0.0, 0.0, 0.0, 0.0, 0.0, 0.8333, 0.8, 0.0, 0.0, 0.0, 0.0, 0.0, 0.0, 0.0, 1.0, 0.0, 0.0, 0.0, 0.0, 0.0, 0.0, 0.0, 1.0, 0.0, 0.0, 0.0, 0.6667, 0.0, 0.7143, 0.0, 1.0, 0.0, 0.0, 0.0, 0.875, 0.0, 0.8889, 0.1, 0.8333, 0.8333, 0.0, 0.0, 0.125, 0.0, 1.0, 0.0, 0.8, 1.0, 0.0, 0.0, 0.0, 0.0, 0.7143, 0.0, 0.8182, 1.0, 0.0, 0.0, 0.0, 0.0, 1.0, 0.0, 1.0, 1.0, 0.0, 0.0714, 0.0, 0.0, 1.0, 0.0, 0.6667, 1.0, 0.0, 0.0, 0.0, 0.0, 0.875, 0.5, 1.0, 0.625, 0.0, 0.0, 0.0, 0.0]","[37, 58, 67, 77, 123, 140, 149, 156, 200, 221, 228, 229, 244]"
one_per_team,0:5,5,one_per_team,0.864,0.864,0.864,1.0,0.864,-0.0,87,True,1728,0,271,1,0,"[0.05, 0.069, 0.0845, 0.1055, 0.133, 0.1575, 0.185, 0.216, 0.251, 0.2795, 0.3115, 0.342, 0.3685, 0.3975, 0.423, 0.4445, 0.4635, 0.474, 0.484, 0.496, 0.511, 0.527, 0.534, 0.544, 0.555, 0.569, 0.5825, 0.5915, 0.5975, 0.6015, 0.6065, 0.612, 0.618, 0.6215, 0.626, 0.6325, 0.637, 0.639, 0.6405, 0.6415, 0.645, 0.648, 0.6505, 0.6525, 0.654, 0.6565, 0.6605, 0.6695, 0.672, 0.673, 0.675, 0.6785, 0.685, 0.6925, 0.701, 0.7095, 0.7135, 0.7195, 0.724, 0.7315, 0.7375, 0.7465, 0.7565, 0.763, 0.769, 0.7735, 0.7785, 0.783, 0.7885, 0.7935, 0.799, 0.8075, 0.811, 0.8145, 0.8195, 0.8245, 0.828, 0.8305, 0.833, 0.835, 0.837, 0.841, 0.847, 0.8525, 0.8575, 0.861, 0.864, 0.864, 0.864, 0.864, 0.864, 0.864, 0.864, 0.864, 0.864, 0.864, 0.864, 0.864, 0.864, 0.864, 0.864]","{""0"": 0.8805, ""1"": 0.8491, ""2"": 0.839, ""3"": 0.8494, ""4"": 0.8715, ""5"": 0.9083, ""6"": 0.8717, ""7"": 0.8438}","[1.0, 0.8667, 1.0, 0.9091, 0.875, 0.8333, 0.8333, 0.5556, 0.6667, 0.6, 1.0, 0.8889, 1.0, 0.8333, 0.9, 0.8333, 1.0, 0.6667, 1.0, 0.875, 0.875, 1.0, 0.8889, 1.0, 1.0, 1.0, 0.9167, 1.0, 0.75, 0.875, 0.7778, 0.8889, 0.7143, 0.9167, 0.8571, 0.8333, 0.8182, 1.0, 0.9091, 0.75, 1.0, 0.875, 0.8571, 0.7, 0.75, 0.8, 1.0, 0.875, 0.9167, 1.0, 1.0, 0.8889, 1.0, 0.8889, 0.7778, 1.0, 0.875, 0.875, 0.8333, 0.7778, 0.625, 0.7778, 0.8889, 0.75, 0.8333, 0.8889, 0.8, 0.8889, 0.8889, 0.75, 0.875, 0.5714, 0.8889, 0.9, 0.9, 1.0, 0.7143, 1.0, 0.9091, 1.0, 1.0, 0.6667, 0.8182, 0.8889, 1.0, 0.8571, 0.7273, 1.0, 0.8333, 0.8333, 0.8333, 0.8, 1.0, 0.7778, 1.0, 0.8571, 0.8889, 0.8571, 0.5714, 0.25, 1.0, 1.0, 1.0, 0.8571, 0.8, 1.0, 0.7, 0.8, 1.0, 0.9, 1.0, 0.7143, 1.0, 0.75, 0.5, 1.0, 0.7273, 0.8333, 1.0, 0.7143, 1.0, 0.8889, 0.875, 0.7778, 0.6667, 1.0, 1.0, 1.0, 0.8333, 0.9333, 0.8333, 0.7143, 1.0, 0.75, 1.0, 0.8889, 0.6, 0.7692, 0.7143, 0.8, 1.0, 0.9, 1.0, 0.8182, 0.8889, 1.0, 0.7143, 0.6667, 0.6, 0.7143, 1.0, 1.0, 0.8889, 0.875, 0.875, 1.0, 0.6667, 0.875, 0.8182, 0.9, 0.9, 1.0, 0.8, 1.0, 0.6667, 0.8889, 0.875, 1.0, 0.875, 0.5714, 1.0, 0.8333, 0.8, 1.0, 1.0, 0.8333, 1.0, 0.8, 0.875, 0.6667, 1.0, 0.8333, 1.0, 1.0, 0.7, 1.0, 0.7778, 0.8571, 1.0, 0.9091, 1.0, 0.6667, 0.7778, 0.75, 0.8571, 0.5, 1.0, 0.8571, 0.7143, 0.9167, 0.875, 0.8, 0.8889, 0.8, 0.8333, 1.0, 0.8571, 1.0, 0.875, 0.8889, 1.0, 0.875, 1.0, 1.0, 1.0, 0.8333, 0.5, 1.0, 0.7143, 0.9091, 0.8182, 0.8889, 1.0, 0.7273, 0.7273, 1.0, 1.0, 0.8462, 0.9231, 0.8889, 1.0, 1.0, 0.8333, 1.0, 1.0, 0.9333, 0.6667, 1.0, 1.0, 0.8333, 0.8571, 0.875, 0.875, 0.8333, 0.875, 0.625, 1.0, 0.875, 0.75, 1.0]","[2, 3, 8, 9, 10, 11, 15, 16, 17, 18, 20, 31, 32, 33, 34, 37, 38, 40, 43, 45, 46, 47, 49, 52, 55, 57, 58, 61, 63, 66, 67, 73, 76, 77, 79, 82, 87, 91, 96, 100, 101, 108, 110, 113, 118, 123, 125, 139, 140, 141, 142, 143, 145, 149, 150, 152, 153, 155, 156, 157, 158, 160, 162, 165, 166, 167, 168, 170, 176, 178, 179, 181, 187, 188, 190, 192, 196, 197, 200, 202, 203, 205, 209, 210, 212, 217, 218, 220, 221, 228, 229, 232, 234, 236, 237, 238, 240, 244, 245, 249]"
random,0:6,6,random,0.776,0.776,0.776,1.0,0.776,0.0,32,True,1552,0,284,164,0,"[0.05, 0.0755, 0.1005, 0.1345, 0.1805, 0.2275, 0.268, 0.3035, 0.3385, 0.3845, 0.4405, 0.506, 0.5555, 0.5975, 0.6315, 0.653, 0.669, 0.6825, 0.694, 0.709, 0.726, 0.7395, 0.7515, 0.7595, 0.7635, 0.7655, 0.767, 0.769, 0.772, 0.773, 0.7745, 0.776, 0.776, 0.776, 0.776, 0.776, 0.776, 0.776, 0.776, 0.776, 0.776, 0.776, 0.776, 0.776, 0.776, 0.776, 0.776, 0.776, 0.776, 0.776, 0.776, 0.776, 0.776, 0.776, 0.776, 0.776, 0.776, 0.776, 0.776, 0.776, 0.776, 0.776, 0.776, 0.776, 0.776, 0.776, 0.776, 0.776, 0.776, 0.776, 0.776, 0.776, 0.776, 0.776, 0.776, 0.776, 0.776, 0.776, 0.776, 0.776, 0.776, 0.776, 0.776, 0.776, 0.776, 0.776, 0.776, 0.776, 0.776, 0.776, 0.776, 0.776, 0.776, 0.776, 0.776, 0.776, 0.776, 0.776, 0.776, 0.776, 0.776]","{""0"": 0.8521, ""1"": 0.6477, ""2"": 0.4244, ""3"": 0.9055, ""4"": 0.8876, ""5"": 0.7808, ""6"": 0.8405, ""7"": 0.8636}","[0.8889, 1.0, 1.0, 0.0, 1.0, 1.0, 1.0, 0.6667, 0.6, 0.8, 1.0, 0.0, 1.0, 1.0, 0.875, 0.7778, 1.0, 0.7778, 0.8571, 0.0, 1.0, 0.7273, 0.8571, 0.8462, 0.9, 1.0, 1.0, 0.0, 1.0, 1.0, 0.9091, 1.0, 0.9, 0.6667, 0.7273, 0.0, 0.8571, 0.8333, 1.0, 0.8333, 0.8571, 0.7778, 0.7273, 0.0, 0.875, 1.0, 0.7778, 0.9, 1.0, 1.0, 1.0, 0.1111, 0.875, 1.0, 1.0, 0.6, 0.6667, 0.875, 0.8462, 0.1667, 0.8462, 1.0, 1.0, 1.0, 0.875, 0.7778, 0.875, 0.0, 1.0, 1.0, 0.8889, 1.0, 1.0, 0.8, 0.7, 0.0, 1.0, 0.8, 0.8, 0.7, 1.0, 0.8182, 1.0, 0.1, 0.8333, 0.9167, 0.8333, 0.875, 0.8571, 0.8571, 0.8889, 0.4286, 1.0, 0.5714, 1.0, 0.9, 0.8333, 0.5, 0.8889, 0.8333, 0.875, 0.9, 0.8571, 1.0, 0.8, 0.875, 0.8571, 1.0, 1.0, 0.875, 0.8571, 0.8, 0.25, 0.9, 1.0, 0.8889, 1.0, 0.625, 0.9, 0.7778, 1.0, 0.9, 0.6667, 0.8571, 0.75, 1.0, 0.75, 0.9, 0.7778, 0.6667, 0.8, 0.875, 0.875, 1.0, 0.875, 1.0, 1.0, 1.0, 0.2857, 0.625, 1.0, 0.6667, 0.8889, 0.7778, 1.0, 1.0, 0.0769, 1.0, 1.0, 0.8, 1.0, 1.0, 1.0, 0.8571, 0.0, 0.8333, 0.7692, 1.0, 0.7143, 0.5, 0.875, 1.0, 0.1429, 0.1111, 0.8333, 0.8, 0.8, 0.875, 0.6667, 1.0, 0.0, 0.125, 1.0, 0.875, 0.7778, 1.0, 1.0, 0.8333, 0.0, 0.0, 1.0, 0.875, 1.0, 0.75, 1.0, 0.75, 0.3333, 0.0, 0.7143, 1.0, 0.8571, 1.0, 0.75, 0.9333, 0.75, 0.5714, 1.0, 0.7143, 1.0, 0.875, 0.8182, 0.8571, 0.75, 0.7273, 0.875, 1.0, 0.1429, 0.7273, 0.8, 0.8333, 0.875, 1.0, 0.8571, 0.6667, 0.0, 0.7273, 0.8571, 0.8889, 0.875, 0.9231, 0.8, 0.875, 0.0, 0.75, 0.875, 0.75, 0.8333, 0.8, 0.8571, 1.0, 0.0, 1.0, 0.8, 0.625, 0.75, 1.0, 0.8889, 0.7778, 1.0, 0.8571, 1.0, 0.9, 0.8333, 0.0, 0.8889, 1.0, 0.875, 0.75, 1.0, 1.0]","[2, 4, 14, 17, 22, 23, 24, 25, 34, 37, 41, 42, 44, 46, 47, 48, 52, 53, 56, 60, 61, 65, 66, 70, 71, 73, 81, 85, 87, 95, 100, 101, 102, 113, 116, 121, 123, 126, 128, 134, 136, 140, 142, 144, 145, 147, 148, 150, 157, 160, 161, 164, 169, 171, 172, 173, 175, 176, 181, 185, 186, 189, 191, 192, 193, 194, 204, 205, 207, 209, 212, 218, 221, 223, 225, 228, 231, 235, 237, 238, 242, 245, 246]"
champions,0:6,6,champions,0.817,0.817,0.817,1.0,0.817,0.0,30,True,1634,0,284,82,0,"[0.05, 0.093, 0.1465, 0.209, 0.273, 0.333, 0.3845, 0.441, 0.49, 0.538, 0.58, 0.6185, 0.649, 0.6775, 0.705, 0.7295, 0.748, 0.7575, 0.7645, 0.77, 0.7765, 0.783, 0.787, 0.791, 0.8005, 0.809, 0.8145, 0.816, 0.8165, 0.817, 0.817, 0.817, 0.817, 0.817, 0.817, 0.817, 0.817, 0.817, 0.817, 0.817, 0.817, 0.817, 0.817, 0.817, 0.817, 0.817, 0.817, 0.817, 0.817, 0.817, 0.817, 0.817, 0.817, 0.817, 0.817, 0.817, 0.817, 0.817, 0.817, 0.817, 0.817, 0.817, 0.817, 0.817, 0.817, 0.817, 0.817, 0.817, 0.817, 0.817, 0.817, 0.817, 0.817, 0.817, 0.817, 0.817, 0.817, 0.817, 0.817, 0.817, 0.817, 0.817, 0.817, 0.817, 0.817, 0.817, 0.817, 0.817, 0.817, 0.817, 0.817, 0.817, 0.817, 0.817, 0.817, 0.817, 0.817, 0.817, 0.817, 0.817, 0.817]","{""0"": 0.8521, ""1"": 0.8447, ""2"": 0.6723, ""3"": 0.8937, ""4"": 0.6948, ""5"": 0.8731, ""6"": 0.8405, ""7"": 0.8545}","[1.0, 1.0, 1.0, 0.9, 0.9, 1.0, 1.0, 0.6667, 0.6, 0.8, 1.0, 0.8333, 1.0, 1.0, 0.75, 0.7778, 1.0, 0.7778, 0.8571, 0.6667, 1.0, 0.8182, 0.9286, 0.8462, 0.9, 1.0, 1.0, 0.8889, 1.0, 1.0, 1.0, 1.0, 1.0, 0.6667, 0.7273, 0.8, 0.8571, 0.8333, 1.0, 0.8333, 0.8571, 0.7778, 0.7273, 0.9, 0.75, 1.0, 0.7778, 0.9, 1.0, 1.0, 1.0, 0.7778, 0.75, 1.0, 1.0, 0.6, 0.5556, 0.875, 0.8462, 0.8333, 0.8462, 1.0, 1.0, 1.0, 0.875, 0.7778, 0.875, 1.0, 1.0, 1.0, 0.8889, 0.875, 1.0, 0.8, 0.7, 0.8462, 1.0, 0.8, 0.8, 0.7, 1.0, 1.0, 1.0, 0.7, 0.8333, 0.9167, 0.8333, 0.875, 0.8571, 0.8571, 0.8889, 0.8571, 1.0, 0.5714, 1.0, 0.9, 0.8333, 0.5, 0.8889, 0.8333, 0.875, 0.0, 0.8571, 1.0, 0.8, 0.875, 0.8571, 1.0, 1.0, 0.0, 0.8571, 0.8, 0.25, 0.9, 1.0, 0.8889, 1.0, 0.0, 0.9, 0.7778, 1.0, 0.8, 0.6667, 0.8571, 0.75, 0.0, 0.75, 0.9, 0.7778, 0.6667, 0.8, 0.875, 0.875, 0.125, 0.875, 1.0, 1.0, 1.0, 0.8571, 0.25, 0.8571, 0.0, 0.8889, 0.7778, 0.875, 1.0, 1.0, 0.0, 1.0, 0.0, 1.0, 1.0, 1.0, 0.8571, 0.75, 0.0, 0.8462, 0.0, 0.7143, 0.5833, 0.875, 1.0, 0.8571, 0.0, 0.8333, 0.8, 0.8, 0.875, 0.6667, 1.0, 0.9167, 0.0, 0.8, 0.875, 0.7778, 1.0, 0.8333, 0.8333, 0.6429, 0.0, 1.0, 0.875, 1.0, 0.75, 1.0, 0.75, 0.7778, 0.0, 0.7143, 1.0, 0.8571, 1.0, 0.75, 0.9333, 0.625, 0.5714, 1.0, 0.7143, 1.0, 0.875, 0.8182, 0.8571, 0.75, 0.7273, 0.875, 1.0, 0.8571, 0.7273, 0.8, 0.8333, 1.0, 1.0, 0.8571, 0.6667, 0.5, 0.7273, 0.8571, 0.8889, 0.875, 0.9231, 0.8, 0.875, 0.875, 0.75, 0.875, 0.625, 0.8333, 0.8, 0.8571, 1.0, 0.4, 1.0, 0.8, 0.625, 0.75, 0.8571, 0.8889, 0.7778, 1.0, 0.8571, 1.0, 0.9, 1.0, 0.6667, 0.8889, 0.9091, 0.875, 0.75, 1.0, 1.0]","[0, 2, 4, 5, 18, 21, 22, 23, 24, 29, 30, 32, 33, 37, 38, 43, 54, 58, 60, 61, 67, 70, 75, 76, 80, 81, 82, 83, 95, 96, 106, 118, 121, 126, 129, 132, 137, 142, 146, 148, 151, 156, 159, 161, 178, 193, 198, 200, 206, 210, 219, 220, 221, 223, 234, 242]"
cluster,0:6,6,cluster,0.4095,0.4095,0.4095,1.0,0.4095,0.0,29,True,819,0,280,901,0,"[0.05, 0.0685, 0.0925, 0.12, 0.146, 0.171, 0.1965, 0.218, 0.246, 0.2715, 0.288, 0.302, 0.31, 0.319, 0.328, 0.3365, 0.345, 0.352, 0.3565, 0.3625, 0.368, 0.373, 0.3785, 0.3845, 0.3905, 0.398, 0.405, 0.4085, 0.4095, 0.4095, 0.4095, 0.4095, 0.4095, 0.4095, 0.4095, 0.4095, 0.4095, 0.4095, 0.4095, 0.4095, 0.4095, 0.4095, 0.4095, 0.4095, 0.4095, 0.4095, 0.4095, 0.4095, 0.4095, 0.4095, 0.4095, 0.4095, 0.4095, 0.4095, 0.4095, 0.4095, 0.4095, 0.4095, 0.4095, 0.4095, 0.4095, 0.4095, 0.4095, 0.4095, 0.4095, 0.4095, 0.4095, 0.4095, 0.4095, 0.4095, 0.4095, 0.4095, 0.4095, 0.4095, 0.4095, 0.4095, 0.4095, 0.4095, 0.4095, 0.4095, 0.4095, 0.4095, 0.4095, 0.4095, 0.4095, 0.4095, 0.4095, 0.4095, 0.4095, 0.4095, 0.4095, 0.4095, 0.4095, 0.4095, 0.4095, 0.4095, 0.4095, 0.4095, 0.4095, 0.4095, 0.4095]","{""0"": 0.2335, ""1"": 0.0076, ""2"": 0.2395, ""3"": 0.8976, ""4"": 0.1486, ""5"": 0.8846, ""6"": 0.323, ""7"": 0.55}","[0.3333, 1.0, 0.0, 0.0, 0.9, 0.0, 1.0, 0.6667, 0.0, 0.8, 0.0, 0.0, 1.0, 0.0, 0.75, 0.7778, 0.0, 0.7778, 0.0, 0.3333, 1.0, 0.0, 0.7857, 0.8462, 0.0, 1.0, 0.0, 0.8889, 1.0, 0.0, 0.9091, 1.0, 0.0, 0.6667, 0.0909, 0.8, 0.8571, 0.0, 1.0, 0.8333, 0.0, 0.7778, 0.0, 0.0, 0.75, 0.0, 0.7778, 0.9, 0.0, 1.0, 0.0, 0.1111, 1.0, 0.0, 1.0, 0.4, 0.5556, 0.875, 0.0, 0.1667, 0.8462, 0.0, 1.0, 0.0, 1.0, 0.7778, 0.0, 0.0, 1.0, 0.0, 0.8889, 0.0, 1.0, 0.6, 0.1, 0.0, 1.0, 0.0, 0.8, 0.0, 1.0, 0.0, 0.0, 0.0, 0.8333, 0.0833, 0.8333, 0.0, 0.8571, 0.0, 0.0, 0.4286, 1.0, 0.0, 1.0, 0.0, 0.8333, 0.0, 0.0, 0.8333, 0.875, 0.0, 0.8571, 0.0, 0.8, 0.0, 0.0, 1.0, 1.0, 0.0, 1.0, 0.4, 1.0, 0.0, 0.0, 0.8889, 1.0, 0.25, 0.9, 0.0, 1.0, 0.0, 0.0, 0.8571, 0.75, 1.0, 0.75, 0.0, 1.0, 0.0, 0.0, 0.875, 0.875, 1.0, 0.875, 0.0, 1.0, 0.0, 0.0, 0.25, 0.8571, 1.0, 0.8889, 0.0, 1.0, 0.0, 0.0, 0.0, 1.0, 0.8, 1.0, 0.0, 1.0, 0.0, 0.0, 0.0, 0.7692, 1.0, 0.7143, 0.0, 0.875, 0.0, 0.0, 0.0, 0.8333, 0.8, 1.0, 0.0, 0.6667, 0.0, 0.0, 0.0, 0.8, 0.0, 1.0, 0.0, 0.8333, 0.0, 0.0, 0.0, 1.0, 0.0, 1.0, 0.0, 1.0, 0.0, 0.0, 0.0, 0.7143, 0.0, 0.8571, 0.0, 0.75, 0.0, 0.0, 0.0, 1.0, 0.0, 1.0, 0.0, 0.8182, 0.0, 0.0, 0.0, 0.875, 0.0, 0.7857, 0.0, 0.1, 0.0, 0.0, 0.0, 1.0, 0.0, 0.5, 0.7273, 0.0, 0.0, 0.0, 0.1538, 0.8, 0.0, 0.875, 1.0, 0.0, 0.0, 0.0, 0.0, 0.8571, 0.0, 1.0, 1.0, 0.0, 0.125, 0.0, 0.0, 0.8889, 0.0, 1.0, 0.8571, 0.0, 0.0, 0.0, 0.0, 0.8889, 0.0, 0.875, 0.75, 0.0, 0.0]","[25, 27, 52, 64, 107, 110, 112, 128, 141, 144, 166, 174, 212, 223, 230]"
one_per_team,0:6,6,one_per_team,0.7175,0.7175,0.7175,1.0,0.7175,0.0,37,True,1435,0,284,281,0,"[0.05, 0.075, 0.1, 0.1375, 0.1805, 0.2195, 0.2555, 0.2925, 0.3215, 0.3465, 0.3635, 0.3795, 0.397, 0.4125, 0.4295, 0.445, 0.46, 0.4755, 0.4915, 0.509, 0.531, 0.5575, 0.5775, 0.5935, 0.6135, 0.638, 0.6525, 0.663, 0.674, 0.686, 0.6985, 0.71, 0.7135, 0.715, 0.7165, 0.717, 0.7175, 0.7175, 0.7175, 0.7175, 0.7175, 0.7175, 0.7175, 0.7175, 0.7175, 0.7175, 0.7175, 0.7175, 0.7175, 0.7175, 0.7175, 0.7175, 0.7175, 0.7175, 0.7175, 0.7175, 0.7175, 0.7175, 0.7175, 0.7175, 0.7175, 0.7175, 0.7175, 0.7175, 0.7175, 0.7175, 0.7175, 0.7175, 0.7175, 0.7175, 0.7175, 0.7175, 0.7175, 0.7175, 0.7175, 0.7175, 0.7175, 0.7175, 0.7175, 0.7175, 0.7175, 0.7175, 0.7175, 0.7175, 0.7175, 0.7175, 0.7175, 0.7175, 0.7175, 0.7175, 0.7175, 0.7175, 0.7175, 0.7175, 0.7175, 0.7175, 0.7175, 0.7175, 0.7175, 0.7175, 0.7175]","{""0"": 0.6809, ""1"": 0.7576, ""2"": 0.4076, ""3"": 0.8976, ""4"": 0.502, ""5"": 0.7808, ""6"": 0.8405, ""7"": 0.8636}","[0.8889, 1.0, 1.0, 0.1, 0.9, 0.0, 1.0, 0.6667, 0.6, 0.8, 1.0, 0.0, 1.0, 1.0, 0.75, 0.7778, 1.0, 0.7778, 0.8571, 0.0, 1.0, 0.7273, 0.7857, 0.9231, 0.9, 1.0, 1.0, 0.1111, 1.0, 1.0, 0.9091, 1.0, 0.9, 0.6667, 0.7273, 0.2, 1.0, 0.8333, 1.0, 0.8333, 0.8571, 0.7778, 0.7273, 0.1, 0.75, 1.0, 0.7778, 0.9, 1.0, 1.0, 1.0, 0.1111, 0.75, 1.0, 1.0, 0.6, 0.5556, 0.875, 0.8462, 0.3333, 0.8462, 1.0, 1.0, 1.0, 0.875, 0.7778, 0.875, 0.0, 1.0, 1.0, 0.8889, 0.875, 1.0, 0.8, 0.7, 0.0, 1.0, 0.8, 0.8, 0.8, 1.0, 0.8182, 1.0, 0.1, 0.9167, 0.9167, 0.8333, 0.875, 1.0, 0.8571, 0.8889, 1.0, 1.0, 0.5714, 1.0, 0.9, 0.8333, 0.5, 1.0, 0.8333, 0.875, 0.1, 0.8571, 1.0, 0.8, 0.875, 1.0, 1.0, 1.0, 0.0, 0.8571, 0.8, 0.25, 0.9, 1.0, 0.8889, 1.0, 0.25, 0.9, 0.7778, 1.0, 0.8, 0.6667, 0.8571, 0.75, 1.0, 0.75, 0.9, 0.7778, 0.6667, 0.8, 0.875, 0.875, 1.0, 0.875, 1.0, 1.0, 1.0, 0.8571, 0.25, 0.8571, 0.6667, 0.8889, 0.7778, 1.0, 1.0, 1.0, 0.0, 1.0, 0.8, 1.0, 1.0, 1.0, 0.8571, 0.75, 0.0, 0.7692, 1.0, 0.7143, 0.5, 0.875, 1.0, 0.8571, 0.2222, 0.8333, 0.8, 0.8, 0.875, 0.6667, 1.0, 0.1667, 0.25, 0.8, 0.25, 0.8889, 1.0, 0.8333, 0.8333, 0.0, 0.0, 1.0, 0.0, 1.0, 0.75, 1.0, 0.0, 0.1111, 0.0, 0.7143, 0.1429, 0.8571, 1.0, 0.75, 0.0, 0.625, 0.5714, 1.0, 0.0, 1.0, 0.875, 0.8182, 0.0, 0.875, 0.7273, 0.875, 0.0, 0.1429, 0.7273, 0.8, 0.1667, 0.875, 1.0, 1.0, 0.2222, 0.0, 0.7273, 0.8571, 0.0, 0.875, 0.9231, 0.8, 0.0, 0.0, 0.625, 1.0, 0.0, 0.8333, 0.8, 0.8571, 0.0, 0.2, 1.0, 0.8, 0.75, 0.75, 0.8571, 0.8889, 0.0, 1.0, 0.8571, 1.0, 0.9, 0.8333, 0.3333, 0.8889, 0.0, 0.875, 0.75, 1.0, 1.0]","[3, 10, 13, 16, 20, 22, 23, 25, 27, 29, 30, 31, 32, 34, 35, 36, 41, 43, 44, 45, 51, 52, 53, 54, 58, 59, 64, 68, 70, 71, 72, 78, 79, 81, 82, 83, 84, 86, 88, 91, 92, 94, 96, 98, 101, 103, 105, 106, 107, 110, 112, 114, 115, 117, 121, 124, 125, 126, 127, 128, 129, 132, 133, 137, 138, 141, 144, 148, 157, 161, 162, 163, 166, 167, 171, 174, 175, 180, 183, 188, 189, 191, 192, 194, 200, 202, 208, 209, 212, 213, 218, 220, 223, 224, 226, 228, 230, 233, 238, 241]"
random,0:7,7,random,0.65,0.65,0.65,1.0,0.65,-0.0,39,True,1300,0,266,434,0,"[0.05, 0.073, 0.0935, 0.1165, 0.1445, 0.1735, 0.2045, 0.2325, 0.2615, 0.2895, 0.329, 0.3655, 0.397, 0.424, 0.448, 0.47, 0.4905, 0.515, 0.5385, 0.552, 0.5645, 0.5795, 0.5915, 0.598, 0.604, 0.6085, 0.6105, 0.613, 0.615, 0.618, 0.6225, 0.6275, 0.6305, 0.6345, 0.638, 0.6415, 0.644, 0.6475, 0.65, 0.65, 0.65, 0.65, 0.65, 0.65, 0.65, 0.65, 0.65, 0.65, 0.65, 0.65, 0.65, 0.65, 0.65, 0.65, 0.65, 0.65, 0.65, 0.65, 0.65, 0.65, 0.65, 0.65, 0.65, 0.65, 0.65, 0.65, 0.65, 0.65, 0.65, 0.65, 0.65, 0.65, 0.65, 0.65, 0.65, 0.65, 0.65, 0.65, 0.65, 0.65, 0.65, 0.65, 0.65, 0.65, 0.65, 0.65, 0.65, 0.65, 0.65, 0.65, 0.65, 0.65, 0.65, 0.65, 0.65, 0.65, 0.65, 0.65, 0.65, 0.65, 0.65]","{""0"": 0.4196, ""1"": 0.9127, ""2"": 0.8828, ""3"": 0.6974, ""4"": 0.8346, ""5"": 0.8508, ""6"": 0.3173, ""7"": 0.3285}","[0.8889, 0.0, 0.8571, 1.0, 0.0, 0.75, 0.8333, 0.0, 0.7778, 0.0, 1.0, 0.9286, 0.0, 0.8182, 0.8182, 0.0, 0.8889, 0.0, 0.8571, 1.0, 0.0, 0.8571, 0.875, 0.0, 1.0, 0.0, 1.0, 0.9167, 0.0, 0.75, 0.8571, 0.1, 1.0, 0.0, 1.0, 0.6, 0.125, 0.875, 0.875, 1.0, 0.8333, 0.1667, 1.0, 1.0, 0.0, 0.4, 1.0, 0.8571, 1.0, 0.5, 0.7273, 1.0, 0.7, 0.8, 0.875, 1.0, 0.75, 0.2857, 0.8889, 0.6, 1.0, 0.6667, 0.8333, 0.7143, 0.0, 0.0909, 0.8, 0.8, 1.0, 0.8, 0.875, 1.0, 0.0, 0.0, 1.0, 0.7273, 0.8, 0.75, 0.875, 1.0, 0.0, 1.0, 1.0, 1.0, 1.0, 0.625, 0.8889, 0.8889, 0.0, 0.7143, 1.0, 0.8333, 0.8, 0.8571, 0.75, 1.0, 0.0, 1.0, 0.8889, 1.0, 0.8571, 0.875, 0.75, 0.875, 0.0, 0.9, 1.0, 0.5, 0.9, 1.0, 0.8889, 0.75, 0.2857, 1.0, 0.8333, 0.8333, 0.9167, 1.0, 1.0, 0.3333, 0.0, 0.7778, 1.0, 0.9, 1.0, 1.0, 0.8, 0.0, 0.1, 1.0, 0.875, 0.8571, 0.75, 0.6667, 0.625, 0.0, 0.0, 1.0, 1.0, 1.0, 0.8333, 0.875, 1.0, 0.0, 0.1111, 0.8571, 0.9, 1.0, 0.7143, 0.875, 0.7778, 0.0, 0.0, 0.6667, 0.8571, 1.0, 1.0, 0.8, 0.7273, 0.0, 0.0, 1.0, 0.8571, 0.8889, 1.0, 1.0, 0.7143, 0.1538, 0.8333, 0.8, 0.9167, 0.875, 0.9, 0.7, 1.0, 0.0, 0.0, 0.7143, 1.0, 0.8571, 0.8, 0.9, 0.6667, 0.0, 0.0, 1.0, 1.0, 1.0, 0.8, 0.8333, 0.8333, 0.0, 0.0, 0.8, 0.8889, 0.6, 0.8, 0.6667, 0.8333, 0.0, 0.0, 0.0, 0.7778, 1.0, 0.8462, 1.0, 1.0, 0.0, 0.0909, 0.0909, 0.8571, 0.8571, 1.0, 0.8182, 0.8, 0.0, 0.0, 0.0, 0.9, 0.7143, 0.7778, 1.0, 0.9, 0.1667, 0.0, 0.0, 0.8571, 1.0, 1.0, 0.8333, 0.8571, 0.0, 1.0, 0.0, 1.0, 0.8, 0.3333, 1.0, 1.0, 0.0, 0.8462, 0.0, 1.0, 0.8889, 0.2, 1.0, 0.9, 0.25, 1.0, 0.1111]","[0, 2, 3, 6, 8, 10, 11, 22, 24, 26, 32, 36, 39, 41, 45, 46, 49, 50, 56, 57, 60, 65, 74, 75, 77, 82, 93, 98, 100, 103, 105, 109, 110, 114, 117, 118, 122, 125, 126, 128, 129, 130, 131, 132, 138, 140, 141, 144, 147, 150, 158, 163, 166, 167, 168, 169, 171, 172, 174, 177, 178, 181, 186, 190, 194, 195, 197, 198, 203, 204, 205, 208, 209, 211, 222, 226, 228, 230, 240, 245, 247, 248, 249]"
champions,0:7,7,champions,0.8235,0.8235,0.8235,1.0,0.8235,0.0,40,True,1647,0,267,86,0,"[0.05, 0.099, 0.16, 0.2285, 0.2925, 0.353, 0.404, 0.45, 0.4885, 0.525, 0.559, 0.586, 0.622, 0.6465, 0.667, 0.6905, 0.7095, 0.725, 0.7385, 0.749, 0.7585, 0.7665, 0.7755, 0.784, 0.7885, 0.793, 0.7995, 0.8025, 0.803, 0.8035, 0.804, 0.806, 0.808, 0.8095, 0.812, 0.8145, 0.817, 0.82, 0.8215, 0.8235, 0.8235, 0.8235, 0.8235, 0.8235, 0.8235, 0.8235, 0.8235, 0.8235, 0.8235, 0.8235, 0.8235, 0.8235, 0.8235, 0.8235, 0.8235, 0.8235, 0.8235, 0.8235, 0.8235, 0.8235, 0.8235, 0.8235, 0.8235, 0.8235, 0.8235, 0.8235, 0.8235, 0.8235, 0.8235, 0.8235, 0.8235, 0.8235, 0.8235, 0.8235, 0.8235, 0.8235, 0.8235, 0.8235, 0.8235, 0.8235, 0.8235, 0.8235, 0.8235, 0.8235, 0.8235, 0.8235, 0.8235, 0.8235, 0.8235, 0.8235, 0.8235, 0.8235, 0.8235, 0.8235, 0.8235, 0.8235, 0.8235, 0.8235, 0.8235, 0.8235, 0.8235]","{""0"": 0.851, ""1"": 0.9127, ""2"": 0.8828, ""3"": 0.7763, ""4"": 0.8189, ""5"": 0.7661, ""6"": 0.7631, ""7"": 0.8139}","[1.0, 1.0, 0.8571, 1.0, 0.8333, 0.75, 0.8333, 0.0, 0.6667, 1.0, 1.0, 0.9286, 1.0, 0.8182, 0.8182, 0.0, 0.8889, 0.7778, 0.8571, 1.0, 0.2857, 0.8571, 0.875, 0.0, 1.0, 0.75, 1.0, 0.9167, 0.0, 0.75, 0.8571, 0.1, 1.0, 1.0, 1.0, 0.6, 0.0, 0.875, 0.875, 1.0, 0.8333, 0.8333, 1.0, 1.0, 0.0, 0.4, 0.8889, 0.8571, 1.0, 0.8333, 0.7273, 1.0, 0.7, 0.8, 0.875, 1.0, 0.875, 0.5714, 0.8889, 0.6, 1.0, 0.6667, 1.0, 0.7143, 0.8889, 0.8182, 0.8, 0.8, 1.0, 0.8, 0.875, 1.0, 0.2857, 0.8571, 0.875, 0.7273, 0.8, 0.75, 0.875, 1.0, 0.0, 1.0, 1.0, 1.0, 1.0, 0.625, 0.8889, 0.8889, 0.0, 0.7143, 1.0, 0.8333, 0.8, 0.8571, 0.75, 1.0, 0.5, 1.0, 0.8889, 1.0, 0.8571, 0.875, 0.75, 0.875, 1.0, 0.9, 1.0, 0.5, 0.9, 1.0, 0.8889, 0.75, 0.8571, 1.0, 0.8333, 0.8333, 0.9167, 0.8333, 1.0, 0.6667, 1.0, 0.7778, 1.0, 1.0, 1.0, 0.8333, 0.8, 0.8182, 0.9, 1.0, 0.875, 0.7143, 0.75, 0.6667, 0.625, 1.0, 1.0, 1.0, 1.0, 1.0, 0.8333, 0.75, 1.0, 0.875, 0.7778, 0.8571, 0.9, 1.0, 0.7143, 0.875, 0.7778, 1.0, 1.0, 0.6667, 0.8571, 1.0, 1.0, 0.8, 0.0909, 0.7778, 1.0, 1.0, 0.8571, 0.8889, 1.0, 1.0, 0.0, 1.0, 0.8333, 0.8, 0.9167, 0.875, 0.9, 0.7, 0.0, 0.8571, 0.9091, 0.5714, 1.0, 0.8571, 0.8, 0.9, 0.6667, 1.0, 0.8333, 1.0, 1.0, 1.0, 0.8, 0.8333, 0.8333, 1.0, 0.75, 0.8, 0.8889, 0.6, 0.8, 0.6667, 0.75, 1.0, 0.8889, 0.7, 0.7778, 1.0, 0.9231, 0.875, 1.0, 1.0, 0.7273, 0.9091, 0.8571, 0.8571, 1.0, 0.8182, 0.9, 0.5714, 0.8889, 0.8333, 0.9, 0.7143, 0.7778, 1.0, 0.9, 0.8333, 1.0, 0.8889, 0.8571, 1.0, 1.0, 0.8333, 0.8571, 0.8182, 1.0, 0.875, 1.0, 0.8, 0.8333, 1.0, 1.0, 0.25, 0.8462, 0.9091, 1.0, 0.8889, 1.0, 1.0, 0.9, 0.0, 0.8333, 0.7778]","[0, 1, 3, 11, 24, 32, 38, 41, 46, 50, 56, 58, 62, 65, 66, 69, 73, 77, 82, 83, 86, 87, 92, 93, 103, 115, 118, 123, 126, 127, 128, 135, 143, 144, 146, 152, 154, 160, 161, 167, 168, 170, 172, 176, 178, 181, 189, 190, 191, 196, 200, 201, 202, 204, 205, 206, 207, 208, 209, 214, 217, 221, 227, 241, 245, 248]"
cluster,0:7,7,cluster,0.669,0.669,0.669,1.0,0.669,-0.0,66,True,1338,0,266,396,0,"[0.05, 0.071, 0.0955, 0.1195, 0.1465, 0.1715, 0.1925, 0.216, 0.2325, 0.2455, 0.2675, 0.296, 0.316, 0.337, 0.359, 0.373, 0.388, 0.404, 0.4125, 0.423, 0.437, 0.4515, 0.4695, 0.4835, 0.4965, 0.509, 0.522, 0.533, 0.5425, 0.553, 0.5625, 0.5715, 0.5805, 0.588, 0.5915, 0.5945, 0.6, 0.603, 0.607, 0.614, 0.6195, 0.6225, 0.624, 0.6255, 0.6265, 0.628, 0.629, 0.6305, 0.6315, 0.633, 0.6355, 0.6365, 0.6375, 0.6385, 0.64, 0.642, 0.6435, 0.646, 0.649, 0.651, 0.653, 0.655, 0.659, 0.665, 0.6675, 0.669, 0.669, 0.669, 0.669, 0.669, 0.669, 0.669, 0.669, 0.669, 0.669, 0.669, 0.669, 0.669, 0.669, 0.669, 0.669, 0.669, 0.669, 0.669, 0.669, 0.669, 0.669, 0.669, 0.669, 0.669, 0.669, 0.669, 0.669, 0.669, 0.669, 0.669, 0.669, 0.669, 0.669, 0.669, 0.669]","{""0"": 0.6667, ""1"": 0.9087, ""2"": 0.8828, ""3"": 0.6974, ""4"": 0.8307, ""5"": 0.2944, ""6"": 0.3655, ""7"": 0.7044}","[0.6667, 1.0, 0.8571, 1.0, 0.8333, 0.75, 0.8333, 0.0, 0.6667, 1.0, 1.0, 0.9286, 1.0, 0.8182, 0.0, 0.1111, 0.8889, 0.0, 0.8571, 1.0, 0.7143, 0.8571, 0.125, 1.0, 1.0, 0.0, 1.0, 0.9167, 1.0, 0.75, 0.0, 0.6, 1.0, 0.0, 1.0, 0.6, 0.625, 0.875, 0.0, 1.0, 0.8333, 0.0, 1.0, 1.0, 1.0, 0.4, 0.0, 0.8571, 1.0, 0.0, 0.7273, 1.0, 0.7, 0.8, 0.0, 1.0, 0.0, 0.0, 0.8889, 0.6, 1.0, 0.6667, 0.0, 0.7143, 0.0, 0.0, 0.8, 0.8, 1.0, 0.8, 0.0, 1.0, 0.0, 0.0, 0.875, 0.7273, 0.8, 1.0, 0.0, 1.0, 0.0, 1.0, 1.0, 1.0, 1.0, 0.625, 0.0, 0.8889, 0.0, 0.7143, 1.0, 0.8333, 0.8, 0.8571, 0.0, 1.0, 0.0, 1.0, 0.8889, 1.0, 0.8571, 0.875, 0.0, 1.0, 0.1111, 1.0, 1.0, 0.5, 0.9, 1.0, 0.0, 0.75, 0.8571, 1.0, 0.8333, 0.8333, 0.9167, 0.8333, 0.1111, 0.3333, 1.0, 0.7778, 1.0, 0.9, 1.0, 0.8333, 0.4, 0.0, 0.9, 1.0, 0.875, 0.7143, 0.125, 0.6667, 0.0, 0.0, 1.0, 1.0, 1.0, 1.0, 0.0, 0.75, 0.0, 0.0, 0.8889, 0.8571, 0.9, 1.0, 0.0, 0.875, 0.0, 0.0, 0.8333, 0.6667, 0.8571, 1.0, 0.0, 0.8, 0.0, 0.0, 1.0, 1.0, 0.8571, 0.8889, 0.0, 1.0, 0.0, 0.1538, 0.8333, 0.8, 0.9167, 1.0, 0.0, 0.7, 0.0, 0.0, 0.9091, 0.5714, 1.0, 0.8571, 0.8, 0.9, 0.6667, 0.0, 0.8333, 1.0, 1.0, 1.0, 0.8, 0.8333, 0.8333, 0.0, 0.75, 0.8, 0.8889, 0.6, 0.8, 0.6667, 0.75, 0.0, 0.8889, 1.0, 0.7778, 1.0, 0.8462, 0.875, 1.0, 0.0, 0.7273, 0.9091, 0.8571, 0.8571, 1.0, 0.8182, 0.8, 0.0, 0.8889, 0.8333, 0.9, 0.7143, 0.7778, 1.0, 0.9, 0.1667, 1.0, 0.8889, 0.8571, 1.0, 1.0, 0.8333, 0.8571, 0.0, 1.0, 0.875, 1.0, 0.8, 0.8333, 1.0, 1.0, 0.0, 0.8462, 0.9091, 1.0, 0.8889, 1.0, 1.0, 0.9, 0.25, 0.8333, 0.7778]","[12, 19, 23, 44, 77, 103, 105, 122, 136, 144, 165, 171, 201, 206, 232, 238]"
one_per_team,0:7,7,one_per_team,0.764,0.764,0.764,1.0,0.764,0.0,38,True,1528,0,267,205,0,"[0.05, 0.074, 0.094, 0.1145, 0.14, 0.169, 0.2005, 0.2335, 0.2655, 0.301, 0.3385, 0.3635, 0.389, 0.4155, 0.441, 0.472, 0.5135, 0.5555, 0.588, 0.609, 0.629, 0.6495, 0.6635, 0.6785, 0.696, 0.7055, 0.7145, 0.722, 0.732, 0.7405, 0.745, 0.749, 0.753, 0.756, 0.7575, 0.759, 0.7605, 0.764, 0.764, 0.764, 0.764, 0.764, 0.764, 0.764, 0.764, 0.764, 0.764, 0.764, 0.764, 0.764, 0.764, 0.764, 0.764, 0.764, 0.764, 0.764, 0.764, 0.764, 0.764, 0.764, 0.764, 0.764, 0.764, 0.764, 0.764, 0.764, 0.764, 0.764, 0.764, 0.764, 0.764, 0.764, 0.764, 0.764, 0.764, 0.764, 0.764, 0.764, 0.764, 0.764, 0.764, 0.764, 0.764, 0.764, 0.764, 0.764, 0.764, 0.764, 0.764, 0.764, 0.764, 0.764, 0.764, 0.764, 0.764, 0.764, 0.764, 0.764, 0.764, 0.764, 0.764]","{""0"": 0.6549, ""1"": 0.3413, ""2"": 0.8954, ""3"": 0.8158, ""4"": 0.8228, ""5"": 0.8468, ""6"": 0.8715, ""7"": 0.8686}","[0.7778, 1.0, 0.8571, 1.0, 0.8333, 0.75, 0.8333, 0.8333, 0.6667, 1.0, 1.0, 0.9286, 1.0, 0.8182, 0.8182, 0.8889, 0.8889, 0.0, 0.8571, 1.0, 0.7143, 0.8571, 0.875, 1.0, 1.0, 0.0, 1.0, 0.9167, 0.0, 0.875, 0.8571, 0.7, 1.0, 0.0, 1.0, 0.6, 0.0, 0.875, 0.875, 1.0, 1.0, 0.0, 1.0, 1.0, 0.625, 0.4, 0.8889, 0.8571, 1.0, 0.0, 0.0, 1.0, 0.7, 0.8, 0.875, 1.0, 0.75, 0.0, 0.1111, 0.6, 1.0, 0.6667, 0.8333, 0.7143, 0.8889, 0.0, 0.0, 1.0, 1.0, 0.8, 0.875, 1.0, 0.8571, 0.1429, 0.125, 0.7273, 0.8, 0.75, 0.875, 1.0, 0.9, 1.0, 0.0, 1.0, 1.0, 0.625, 0.8889, 0.8889, 0.625, 0.7143, 0.1667, 1.0, 0.8, 0.8571, 0.75, 1.0, 0.5, 1.0, 0.1111, 1.0, 1.0, 0.875, 1.0, 0.875, 1.0, 0.9, 0.0, 0.5, 0.9, 1.0, 0.8889, 0.75, 0.8571, 1.0, 0.3333, 0.8333, 0.9167, 0.8333, 1.0, 1.0, 1.0, 0.7778, 0.5, 0.9, 1.0, 0.8333, 0.8, 0.7273, 0.9, 1.0, 0.0, 0.7143, 0.75, 0.6667, 0.625, 1.0, 1.0, 1.0, 0.0, 1.0, 1.0, 0.75, 1.0, 0.75, 0.7778, 0.8571, 0.0, 1.0, 0.7143, 0.875, 0.7778, 1.0, 0.8333, 0.6667, 0.1429, 1.0, 1.0, 0.8, 0.7273, 0.7778, 1.0, 1.0, 0.0, 0.8889, 1.0, 1.0, 0.7143, 0.9231, 0.8333, 0.8, 0.1667, 1.0, 0.9, 0.7, 1.0, 0.8571, 0.9091, 0.5714, 0.0, 0.8571, 0.8, 0.9, 0.6667, 1.0, 0.8333, 1.0, 0.0, 1.0, 0.8, 0.8333, 0.8333, 1.0, 0.75, 0.8, 0.0, 0.6, 0.8, 0.6667, 0.75, 1.0, 0.8889, 0.7, 0.1111, 1.0, 0.8462, 0.875, 1.0, 1.0, 0.7273, 0.9091, 0.8571, 0.8571, 1.0, 0.8182, 0.8, 0.5714, 0.8889, 0.8333, 0.9, 0.7143, 0.7778, 1.0, 0.9, 0.8333, 1.0, 0.8889, 1.0, 1.0, 1.0, 0.8333, 0.8571, 0.8182, 1.0, 0.875, 1.0, 1.0, 0.8333, 1.0, 1.0, 0.5, 0.8462, 0.9091, 1.0, 0.8889, 1.0, 1.0, 0.9, 0.75, 0.8333, 0.7778]","[2, 3, 6, 7, 10, 12, 13, 15, 19, 22, 23, 29, 31, 32, 34, 38, 40, 44, 46, 47, 55, 56, 58, 60, 61, 62, 64, 67, 69, 71, 72, 73, 74, 77, 80, 87, 88, 89, 90, 91, 94, 95, 98, 99, 100, 102, 103, 105, 107, 108, 110, 119, 120, 122, 127, 128, 132, 136, 140, 141, 144, 150, 152, 156, 157, 158, 161, 165, 167, 170, 171, 173, 174, 177, 181, 190, 195, 196, 200, 201, 205, 206, 207, 208, 214, 219, 222, 224, 225, 226, 228, 229, 230, 232, 234, 235, 238, 240, 243, 248]"
random,0:8,8,random,0.82,0.82,0.82,1.0,0.82,0.0,48,True,1640,0,287,73,0,"[0.05, 0.072, 0.0945, 0.1235, 0.1535, 0.187, 0.2145, 0.248, 0.2895, 0.329, 0.358, 0.3935, 0.418, 0.445, 0.4705, 0.4985, 0.5325, 0.555, 0.5745, 0.589, 0.605, 0.6245, 0.6405, 0.651, 0.6645, 0.676, 0.6865, 0.696, 0.7065, 0.718, 0.731, 0.744, 0.7515, 0.761, 0.771, 0.777, 0.7835, 0.79, 0.7945, 0.8005, 0.8075, 0.8115, 0.8155, 0.816, 0.818, 0.819, 0.8195, 0.82, 0.82, 0.82, 0.82, 0.82, 0.82, 0.82, 0.82, 0.82, 0.82, 0.82, 0.82, 0.82, 0.82, 0.82, 0.82, 0.82, 0.82, 0.82, 0.82, 0.82, 0.82, 0.82, 0.82, 0.82, 0.82, 0.82, 0.82, 0.82, 0.82, 0.82, 0.82, 0.82, 0.82, 0.82, 0.82, 0.82, 0.82, 0.82, 0.82, 0.82, 0.82, 0.82, 0.82, 0.82, 0.82, 0.82, 0.82, 0.82, 0.82, 0.82, 0.82, 0.82, 0.82]","{""0"": 0.7198, ""1"": 0.8648, ""2"": 0.888, ""3"": 0.8633, ""4"": 0.8571, ""5"": 0.7052, ""6"": 0.8008, ""7"": 0.8485}","[0.8889, 1.0, 0.8571, 1.0, 1.0, 0.7143, 0.875, 0.7143, 0.6667, 0.6667, 0.7143, 1.0, 1.0, 0.8333, 0.8333, 1.0, 0.8182, 0.4, 1.0, 1.0, 0.9091, 0.7778, 0.9091, 1.0, 0.8, 0.7143, 1.0, 1.0, 1.0, 0.8889, 0.9091, 0.7778, 0.9091, 0.9167, 0.5, 0.8182, 1.0, 1.0, 0.6667, 0.7778, 0.8333, 0.8333, 0.75, 1.0, 1.0, 1.0, 0.875, 0.8571, 0.8, 0.9, 1.0, 0.7778, 0.9091, 0.75, 0.75, 0.6667, 0.7143, 0.8, 0.8889, 1.0, 0.8571, 0.75, 1.0, 0.8, 1.0, 0.7143, 1.0, 0.9231, 1.0, 0.9167, 1.0, 0.75, 1.0, 0.8, 0.8333, 1.0, 0.875, 1.0, 0.8889, 0.125, 1.0, 1.0, 0.7778, 0.9, 0.8333, 0.6875, 1.0, 0.25, 0.8333, 0.8333, 0.875, 0.875, 0.8571, 0.8889, 0.7143, 0.5714, 0.7143, 1.0, 1.0, 0.8333, 0.75, 0.6667, 0.1818, 1.0, 0.8333, 1.0, 0.625, 0.6, 1.0, 0.875, 0.0, 0.75, 0.5556, 0.8571, 0.8182, 0.8571, 0.875, 0.8182, 0.0, 0.8, 1.0, 0.8889, 0.8571, 0.6667, 1.0, 1.0, 0.125, 1.0, 0.8571, 0.8, 1.0, 0.7692, 0.75, 0.9, 0.0, 1.0, 0.8571, 0.8571, 0.8333, 1.0, 0.9, 0.7778, 0.6, 1.0, 0.6, 0.8571, 1.0, 1.0, 0.8889, 0.9, 1.0, 1.0, 0.7, 1.0, 0.7273, 1.0, 0.75, 0.75, 0.7778, 0.8182, 1.0, 1.0, 0.8, 0.7778, 0.6364, 0.9, 0.5556, 0.8571, 1.0, 0.6, 0.8571, 0.8, 0.75, 1.0, 1.0, 0.8571, 0.9167, 0.0, 0.8571, 1.0, 0.75, 1.0, 0.8571, 0.6, 0.8333, 0.0, 1.0, 1.0, 1.0, 0.8889, 0.7143, 0.9, 0.875, 0.25, 0.8, 0.875, 0.7143, 0.875, 0.8333, 0.9091, 0.8333, 0.0, 0.9, 0.75, 0.5556, 1.0, 0.8333, 0.8333, 0.8571, 0.7778, 1.0, 0.7778, 1.0, 0.8333, 0.9, 0.75, 0.8, 0.8571, 1.0, 0.8571, 0.8571, 0.875, 1.0, 1.0, 1.0, 0.8, 0.8, 1.0, 0.8, 1.0, 0.8, 0.9, 1.0, 1.0, 0.7143, 1.0, 0.6, 0.6429, 1.0, 0.75, 0.7143, 0.8571, 1.0, 0.6667, 1.0, 0.8333, 0.8, 0.5714, 0.9, 1.0]","[0, 7, 8, 12, 15, 16, 18, 20, 21, 30, 31, 33, 36, 39, 43, 44, 49, 58, 59, 66, 67, 75, 79, 81, 83, 84, 88, 92, 93, 94, 95, 98, 99, 108, 109, 115, 125, 128, 129, 130, 135, 139, 141, 144, 145, 149, 150, 151, 152, 154, 155, 157, 158, 160, 162, 163, 164, 168, 169, 176, 181, 188, 190, 192, 198, 202, 203, 206, 207, 208, 213, 214, 217, 223, 229, 233, 237, 239, 240, 242, 243, 245, 246, 249]"
champions,0:8,8,champions,0.768,0.768,0.768,1.0,0.768,0.0,47,True,1536,0,293,171,0,"[0.05, 0.09, 0.142, 0.207, 0.264, 0.318, 0.3705, 0.42, 0.4715, 0.519, 0.5555, 0.583, 0.5995, 0.611, 0.625, 0.6365, 0.6465, 0.654, 0.664, 0.6735, 0.6815, 0.6925, 0.699, 0.703, 0.707, 0.7125, 0.717, 0.72, 0.7235, 0.728, 0.7315, 0.7325, 0.7345, 0.7375, 0.7405, 0.7445, 0.7475, 0.75, 0.752, 0.756, 0.758, 0.7605, 0.7625, 0.7635, 0.765, 0.767, 0.768, 0.768, 0.768, 0.768, 0.768, 0.768, 0.768, 0.768, 0.768, 0.768, 0.768, 0.768, 0.768, 0.768, 0.768, 0.768, 0.768, 0.768, 0.768, 0.768, 0.768, 0.768, 0.768, 0.768, 0.768, 0.768, 0.768, 0.768, 0.768, 0.768, 0.768, 0.768, 0.768, 0.768, 0.768, 0.768, 0.768, 0.768, 0.768, 0.768, 0.768, 0.768, 0.768, 0.768, 0.768, 0.768, 0.768, 0.768, 0.768, 0.768, 0.768, 0.768, 0.768, 0.768, 0.768]","{""0"": 0.8491, ""1"": 0.709, ""2"": 0.888, ""3"": 0.8555, ""4"": 0.8607, ""5"": 0.6693, ""6"": 0.5447, ""7"": 0.7489}","[1.0, 1.0, 0.0, 1.0, 1.0, 0.7143, 0.875, 0.0, 0.5, 0.6667, 0.0, 1.0, 0.8889, 0.8333, 0.8333, 0.0, 0.0, 0.4, 0.0, 1.0, 0.9091, 0.6667, 0.9091, 0.0, 0.0, 0.7143, 0.0, 1.0, 1.0, 0.8889, 1.0, 0.0, 0.4545, 0.8333, 0.5, 0.8182, 1.0, 1.0, 0.8333, 0.1111, 0.8333, 0.8333, 0.75, 1.0, 1.0, 1.0, 0.875, 0.1429, 0.8, 0.9, 1.0, 0.7778, 0.9091, 0.75, 0.75, 0.0, 0.7143, 0.8, 0.7778, 1.0, 0.8571, 0.75, 1.0, 0.0, 1.0, 0.7143, 1.0, 0.8462, 1.0, 0.9167, 1.0, 0.125, 1.0, 0.8, 0.8333, 1.0, 0.875, 1.0, 0.8889, 0.0, 1.0, 1.0, 0.7778, 0.9, 0.8333, 0.8125, 1.0, 0.125, 0.8333, 0.8333, 0.875, 0.875, 0.8571, 0.8889, 0.7143, 0.0, 0.7143, 1.0, 1.0, 0.8333, 0.75, 0.6667, 0.5455, 0.0, 0.8333, 1.0, 0.625, 0.6, 0.875, 0.875, 0.8571, 0.75, 0.5556, 0.8571, 0.8182, 0.8571, 0.875, 0.9091, 1.0, 0.8, 1.0, 0.8889, 0.8571, 0.6667, 1.0, 1.0, 0.625, 1.0, 0.8571, 0.8, 1.0, 0.8462, 0.75, 0.9, 0.75, 1.0, 0.8571, 0.8571, 0.8333, 1.0, 0.9, 0.7778, 0.8, 1.0, 0.6, 0.8571, 1.0, 1.0, 0.8889, 0.9, 1.0, 1.0, 0.7, 1.0, 0.8182, 1.0, 0.75, 0.75, 0.6667, 0.9091, 1.0, 1.0, 0.8, 0.7778, 0.5455, 0.9, 0.0, 0.8571, 1.0, 0.6, 0.8571, 0.8, 0.75, 1.0, 0.0, 0.8571, 0.9167, 0.9231, 0.8571, 1.0, 0.75, 1.0, 0.1429, 0.6, 0.8333, 0.8889, 1.0, 1.0, 1.0, 0.8889, 0.1429, 0.9, 0.875, 1.0, 0.8, 0.875, 0.7143, 0.875, 0.0833, 0.9091, 0.8333, 0.6667, 0.9, 0.75, 0.5556, 1.0, 0.1667, 0.8333, 0.8571, 0.7778, 1.0, 0.7778, 1.0, 0.6667, 0.0, 0.75, 0.8, 0.7143, 1.0, 0.8571, 0.8571, 0.875, 1.0, 1.0, 1.0, 0.8, 0.8, 1.0, 0.8, 1.0, 0.8, 0.9, 1.0, 1.0, 0.0, 1.0, 0.6, 0.7143, 1.0, 0.75, 0.7143, 0.8571, 0.0, 0.6667, 1.0, 0.6667, 0.7, 0.5714, 0.9, 1.0]","[0, 22, 30, 36, 38, 39, 43, 44, 45, 47, 51, 52, 59, 61, 66, 67, 75, 77, 84, 85, 87, 92, 98, 100, 104, 113, 117, 131, 133, 134, 135, 139, 140, 141, 149, 152, 154, 156, 159, 164, 165, 168, 170, 171, 173, 176, 177, 179, 185, 187, 188, 194, 198, 199, 207, 223, 226, 229, 230, 237, 243, 248]"
cluster,0:8,8,cluster,0.373,0.373,0.373,1.0,0.373,-0.0,30,True,746,0,289,965,0,"[0.05, 0.0705, 0.088, 0.107, 0.1225, 0.134, 0.1425, 0.1565, 0.171, 0.1805, 0.1915, 0.202, 0.2135, 0.223, 0.2355, 0.249, 0.266, 0.2845, 0.301, 0.313, 0.32, 0.3265, 0.3345, 0.3425, 0.3475, 0.3515, 0.354, 0.359, 0.368, 0.373, 0.373, 0.373, 0.373, 0.373, 0.373, 0.373, 0.373, 0.373, 0.373, 0.373, 0.373, 0.373, 0.373, 0.373, 0.373, 0.373, 0.373, 0.373, 0.373, 0.373, 0.373, 0.373, 0.373, 0.373, 0.373, 0.373, 0.373, 0.373, 0.373, 0.373, 0.373, 0.373, 0.373, 0.373, 0.373, 0.373, 0.373, 0.373, 0.373, 0.373, 0.373, 0.373, 0.373, 0.373, 0.373, 0.373, 0.373, 0.373, 0.373, 0.373, 0.373, 0.373, 0.373, 0.373, 0.373, 0.373, 0.373, 0.373, 0.373, 0.373, 0.373, 0.373, 0.373, 0.373, 0.373, 0.373, 0.373, 0.373, 0.373, 0.373, 0.373]","{""0"": 0.0259, ""1"": 0.4754, ""2"": 0.0116, ""3"": 0.5391, ""4"": 0.7643, ""5"": 0.3665, ""6"": 0.1585, ""7"": 0.5931}","[0.5556, 0.0, 0.8571, 0.0, 1.0, 0.7143, 0.125, 0.0, 0.5, 0.0, 0.7143, 0.0, 0.8889, 1.0, 0.0, 0.0, 0.0, 0.0, 1.0, 0.0, 1.0, 0.6667, 0.0909, 0.0, 0.0, 0.0, 1.0, 0.125, 1.0, 0.8889, 0.0, 0.0, 0.0909, 0.0, 0.5, 0.0, 1.0, 1.0, 0.0, 0.0, 0.1667, 0.0, 0.75, 0.0, 1.0, 1.0, 0.875, 0.0, 0.2, 0.0, 1.0, 0.0, 0.9091, 0.75, 0.75, 0.0, 0.0, 0.0, 0.7778, 0.0, 0.8571, 0.75, 1.0, 0.0, 0.0, 0.0, 0.0, 0.0, 1.0, 0.9167, 1.0, 0.0, 0.0, 0.0, 0.0, 0.0, 0.875, 1.0, 0.8889, 0.0, 0.0, 0.0, 0.0, 0.0, 0.8333, 0.6875, 1.0, 1.0, 0.6667, 0.0, 0.25, 0.125, 0.8571, 0.8889, 0.7143, 0.5714, 0.7143, 0.0, 0.125, 0.0, 1.0, 0.6667, 0.6364, 1.0, 0.8333, 0.0, 0.0, 0.0, 0.0, 0.875, 0.8571, 0.75, 0.5556, 0.0, 0.0, 0.1429, 0.0, 0.8182, 1.0, 0.8, 1.0, 0.0, 0.0, 0.0, 0.0, 1.0, 1.0, 1.0, 0.8571, 0.2, 0.0, 0.0, 0.0, 1.0, 0.1667, 0.0833, 0.8571, 0.5714, 0.0, 0.0, 0.0, 0.7778, 0.0, 0.0, 0.6, 0.1429, 0.0, 0.0, 0.0, 0.9, 0.0, 0.0, 0.7, 0.0, 0.0, 0.0, 0.0, 0.75, 0.0, 0.0, 1.0, 0.0, 0.0, 0.0, 0.0, 0.9, 0.1111, 0.0, 1.0, 0.0, 0.0, 0.0, 0.0, 1.0, 1.0, 0.0, 0.8333, 0.0, 0.8571, 0.0, 0.0, 1.0, 0.8571, 0.0, 1.0, 0.0, 1.0, 0.0, 0.0, 0.8889, 0.1429, 0.0, 0.875, 0.0, 0.8, 0.0, 0.0, 0.875, 0.0, 0.0, 0.8333, 0.0, 1.0, 0.0, 0.0, 1.0, 0.0, 0.0, 0.8571, 0.0, 1.0, 0.0, 1.0, 0.6667, 0.0, 0.0, 1.0, 0.0, 1.0, 0.0, 0.8571, 0.0, 0.0, 0.0, 1.0, 0.0, 0.8, 0.0, 0.8, 0.0, 0.0, 0.0, 1.0, 0.0, 1.0, 0.0, 0.6, 0.0714, 0.0, 0.0, 0.7143, 0.0, 0.8889, 0.0, 1.0, 0.1667, 0.0, 0.0, 0.9, 0.0]","[13, 20, 50, 87, 100, 103, 126, 133, 174, 184, 202, 208, 212, 216, 234]"
one_per_team,0:8,8,one_per_team,0.7705,0.7705,0.7705,1.0,0.7705,0.0,38,True,1541,0,285,174,0,"[0.05, 0.073, 0.0915, 0.1185, 0.1535, 0.1855, 0.219, 0.2535, 0.279, 0.316, 0.348, 0.3815, 0.413, 0.4525, 0.489, 0.5175, 0.538, 0.558, 0.5725, 0.5865, 0.6055, 0.6215, 0.642, 0.662, 0.687, 0.7075, 0.7295, 0.74, 0.743, 0.749, 0.757, 0.76, 0.763, 0.7645, 0.7655, 0.7665, 0.768, 0.7705, 0.7705, 0.7705, 0.7705, 0.7705, 0.7705, 0.7705, 0.7705, 0.7705, 0.7705, 0.7705, 0.7705, 0.7705, 0.7705, 0.7705, 0.7705, 0.7705, 0.7705, 0.7705, 0.7705, 0.7705, 0.7705, 0.7705, 0.7705, 0.7705, 0.7705, 0.7705, 0.7705, 0.7705, 0.7705, 0.7705, 0.7705, 0.7705, 0.7705, 0.7705, 0.7705, 0.7705, 0.7705, 0.7705, 0.7705, 0.7705, 0.7705, 0.7705, 0.7705, 0.7705, 0.7705, 0.7705, 0.7705, 0.7705, 0.7705, 0.7705, 0.7705, 0.7705, 0.7705, 0.7705, 0.7705, 0.7705, 0.7705, 0.7705, 0.7705, 0.7705, 0.7705, 0.7705, 0.7705]","{""0"": 0.8664, ""1"": 0.7418, ""2"": 0.8919, ""3"": 0.6406, ""4"": 0.7679, ""5"": 0.6693, ""6"": 0.8455, ""7"": 0.7446}","[0.8889, 1.0, 0.8571, 1.0, 1.0, 0.7143, 0.875, 0.7143, 0.5, 0.6667, 0.7143, 1.0, 0.8889, 1.0, 0.8333, 1.0, 0.0, 0.6, 1.0, 1.0, 1.0, 0.6667, 0.9091, 1.0, 0.0, 0.7143, 1.0, 1.0, 1.0, 0.8889, 0.9091, 0.6667, 0.4545, 0.8333, 0.5, 0.9091, 1.0, 1.0, 0.75, 0.7778, 0.8333, 0.8333, 0.75, 1.0, 1.0, 1.0, 0.875, 0.8571, 0.8, 0.9, 1.0, 0.7778, 0.9091, 0.875, 0.75, 0.6667, 0.7143, 0.8, 0.7778, 1.0, 0.8571, 0.75, 1.0, 0.8, 1.0, 0.7143, 1.0, 0.8462, 1.0, 0.9167, 1.0, 0.875, 1.0, 1.0, 1.0, 1.0, 0.875, 1.0, 0.8889, 0.875, 1.0, 1.0, 0.7778, 0.9, 0.0, 0.6875, 1.0, 0.625, 0.8333, 0.8333, 0.875, 0.875, 0.0714, 0.8889, 0.7143, 0.5714, 0.7143, 1.0, 1.0, 1.0, 0.25, 0.6667, 0.3636, 1.0, 0.8333, 1.0, 0.625, 0.6, 0.0, 0.875, 0.0, 0.75, 0.5556, 0.8571, 0.8182, 0.8571, 0.0, 0.8182, 0.0, 0.8, 1.0, 0.8889, 0.8571, 0.6667, 0.5, 1.0, 0.25, 1.0, 0.8571, 0.8, 1.0, 0.7692, 0.0, 1.0, 0.0, 1.0, 0.8571, 1.0, 0.8333, 1.0, 0.0, 0.7778, 0.2, 1.0, 0.6, 0.8571, 0.0, 1.0, 0.0, 0.9, 0.2, 1.0, 0.7, 1.0, 0.0, 1.0, 0.75, 0.75, 0.0, 0.8182, 1.0, 1.0, 0.0, 0.7778, 0.5455, 0.9, 0.6667, 0.8571, 1.0, 0.6, 0.0, 0.8, 0.875, 1.0, 1.0, 0.8571, 0.8333, 0.9231, 0.8571, 1.0, 0.75, 1.0, 0.8571, 0.6, 0.8333, 0.8889, 1.0, 1.0, 1.0, 0.8889, 0.7143, 0.9, 0.875, 1.0, 0.8, 0.875, 0.7143, 0.875, 0.8333, 1.0, 0.8333, 0.7778, 0.9, 0.75, 0.6667, 1.0, 0.8333, 0.8333, 0.8571, 0.7778, 1.0, 0.7778, 1.0, 0.6667, 0.9, 0.75, 0.8, 0.7143, 1.0, 0.8571, 0.8571, 0.0, 1.0, 1.0, 1.0, 0.8, 0.8, 1.0, 0.8, 0.0, 0.8, 0.9, 1.0, 1.0, 0.7143, 1.0, 0.6, 0.0714, 1.0, 0.75, 0.7143, 0.8571, 0.8889, 0.6667, 1.0, 0.1667, 0.7, 0.7143, 0.9, 1.0]","[1, 4, 8, 10, 13, 14, 15, 17, 19, 20, 25, 32, 35, 38, 40, 41, 45, 46, 47, 49, 50, 51, 52, 53, 55, 62, 69, 70, 71, 73, 74, 76, 78, 82, 86, 87, 90, 94, 95, 98, 99, 100, 103, 104, 111, 114, 124, 125, 126, 129, 133, 135, 137, 138, 139, 142, 145, 147, 149, 152, 153, 155, 156, 157, 165, 166, 171, 172, 174, 176, 177, 180, 181, 182, 184, 189, 192, 199, 200, 201, 202, 204, 206, 208, 212, 213, 216, 218, 225, 226, 227, 230, 232, 234, 235, 239, 243, 244, 246, 247]"
random,0:9,9,random,0.754,0.754,0.754,1.0,0.754,0.0,43,True,1508,0,276,216,0,"[0.05, 0.072, 0.0965, 0.1295, 0.1765, 0.2275, 0.2755, 0.3295, 0.382, 0.4185, 0.455, 0.4925, 0.528, 0.568, 0.5935, 0.6195, 0.636, 0.651, 0.66, 0.665, 0.669, 0.6725, 0.6775, 0.686, 0.695, 0.7015, 0.703, 0.7065, 0.709, 0.7115, 0.715, 0.718, 0.7225, 0.7265, 0.731, 0.738, 0.7435, 0.748, 0.7515, 0.7525, 0.753, 0.7535, 0.754, 0.754, 0.754, 0.754, 0.754, 0.754, 0.754, 0.754, 0.754, 0.754, 0.754, 0.754, 0.754, 0.754, 0.754, 0.754, 0.754, 0.754, 0.754, 0.754, 0.754, 0.754, 0.754, 0.754, 0.754, 0.754, 0.754, 0.754, 0.754, 0.754, 0.754, 0.754, 0.754, 0.754, 0.754, 0.754, 0.754, 0.754, 0.754, 0.754, 0.754, 0.754, 0.754, 0.754, 0.754, 0.754, 0.754, 0.754, 0.754, 0.754, 0.754, 0.754, 0.754, 0.754, 0.754, 0.754, 0.754, 0.754, 0.754]","{""0"": 0.8588, ""1"": 0.7409, ""2"": 0.7778, ""3"": 0.8854, ""4"": 0.8708, ""5"": 0.5181, ""6"": 0.5336, ""7"": 0.852}","[1.0, 0.4, 0.8571, 1.0, 1.0, 0.8, 0.8889, 0.875, 0.8, 0.8571, 0.25, 1.0, 1.0, 0.8, 0.875, 0.75, 0.7143, 1.0, 1.0, 1.0, 0.875, 0.7778, 0.6667, 1.0, 1.0, 0.8333, 0.8889, 0.875, 0.8889, 1.0, 1.0, 1.0, 1.0, 0.8333, 0.8571, 0.8182, 1.0, 1.0, 1.0, 0.9, 0.6667, 0.9167, 0.0769, 1.0, 1.0, 0.8182, 0.8889, 0.9091, 0.8182, 0.8, 0.0, 0.25, 0.8333, 0.8889, 0.8, 0.8462, 0.8, 0.8, 0.2, 0.0, 0.9, 1.0, 0.8, 0.6667, 0.8333, 0.8571, 0.0, 0.0, 1.0, 1.0, 1.0, 0.6, 0.5714, 1.0, 0.25, 0.4286, 1.0, 0.9, 0.9, 0.8, 0.7, 1.0, 0.7143, 0.75, 1.0, 0.75, 1.0, 1.0, 1.0, 0.6667, 0.8571, 0.8333, 1.0, 0.75, 1.0, 0.0, 0.8333, 1.0, 0.7, 1.0, 0.8333, 0.8, 0.6667, 0.0, 0.75, 0.8, 0.7692, 1.0, 0.8333, 0.7778, 1.0, 0.0, 1.0, 0.8889, 0.8333, 1.0, 1.0, 1.0, 1.0, 0.0909, 0.8571, 0.7778, 0.875, 0.8, 0.9231, 0.8571, 0.0, 0.0, 0.625, 0.75, 0.8889, 0.6667, 1.0, 1.0, 0.25, 0.0, 0.8, 0.9167, 0.8571, 0.875, 1.0, 1.0, 0.0, 0.0, 1.0, 1.0, 0.75, 0.9, 1.0, 0.7143, 0.0, 0.2143, 1.0, 0.625, 1.0, 1.0, 0.7143, 1.0, 0.0, 0.0, 0.7778, 1.0, 0.75, 0.6667, 0.625, 0.5714, 0.0, 0.0, 1.0, 1.0, 1.0, 0.5, 0.7778, 0.8, 0.0, 0.0, 0.8, 1.0, 0.6667, 1.0, 0.8889, 0.6, 0.0, 0.8, 0.8333, 0.8889, 1.0, 0.8, 0.5556, 0.8, 0.0, 1.0, 0.7692, 0.8571, 0.8333, 1.0, 0.7143, 1.0, 0.1, 1.0, 0.6667, 0.8571, 1.0, 0.7, 0.9286, 0.8182, 0.0, 1.0, 1.0, 1.0, 0.8462, 0.7, 0.875, 0.8889, 0.0, 1.0, 0.6667, 0.9, 0.8333, 0.75, 0.8889, 0.8, 0.3333, 0.8, 1.0, 0.7143, 0.8571, 1.0, 0.8571, 1.0, 0.1538, 0.8889, 0.9091, 0.8889, 1.0, 0.7143, 0.8333, 0.875, 1.0, 0.7143, 1.0, 0.8571, 0.8333, 0.8889, 1.0, 0.9091, 0.7273, 1.0, 1.0, 0.5714]","[0, 8, 12, 13, 18, 19, 21, 25, 27, 29, 30, 32, 36, 41, 42, 46, 48, 49, 55, 58, 61, 64, 65, 71, 72, 77, 78, 82, 84, 89, 97, 102, 110, 113, 117, 119, 122, 124, 130, 131, 132, 134, 138, 141, 145, 151, 152, 154, 155, 161, 162, 165, 170, 171, 173, 177, 179, 185, 188, 192, 193, 194, 196, 197, 198, 200, 204, 205, 209, 211, 213, 215, 216, 218, 222, 224, 229, 232, 233, 237, 238, 242, 243, 245]"
champions,0:9,9,champions,0.494,0.494,0.494,1.0,0.494,0.0,22,True,988,0,284,728,0,"[0.05, 0.0915, 0.14, 0.1735, 0.2125, 0.252, 0.284, 0.3195, 0.3545, 0.379, 0.399, 0.4195, 0.4415, 0.4595, 0.4705, 0.478, 0.482, 0.485, 0.489, 0.492, 0.493, 0.494, 0.494, 0.494, 0.494, 0.494, 0.494, 0.494, 0.494, 0.494, 0.494, 0.494, 0.494, 0.494, 0.494, 0.494, 0.494, 0.494, 0.494, 0.494, 0.494, 0.494, 0.494, 0.494, 0.494, 0.494, 0.494, 0.494, 0.494, 0.494, 0.494, 0.494, 0.494, 0.494, 0.494, 0.494, 0.494, 0.494, 0.494, 0.494, 0.494, 0.494, 0.494, 0.494, 0.494, 0.494, 0.494, 0.494, 0.494, 0.494, 0.494, 0.494, 0.494, 0.494, 0.494, 0.494, 0.494, 0.494, 0.494, 0.494, 0.494, 0.494, 0.494, 0.494, 0.494, 0.494, 0.494, 0.494, 0.494, 0.494, 0.494, 0.494, 0.494, 0.494, 0.494, 0.494, 0.494, 0.494, 0.494, 0.494, 0.494]","{""0"": 0.6392, ""1"": 0.7372, ""2"": 0.4044, ""3"": 0.8893, ""4"": 0.1333, ""5"": 0.0402, ""6"": 0.8893, ""7"": 0.156}","[1.0, 0.0, 0.8571, 0.0, 1.0, 0.8, 0.0, 0.875, 0.2, 0.0, 0.25, 0.0, 1.0, 0.4, 0.0, 0.75, 0.0, 0.0, 1.0, 0.0, 0.875, 0.0, 0.0, 1.0, 0.0, 0.0833, 0.8889, 0.125, 0.8889, 0.0, 0.0, 1.0, 0.0, 0.8333, 0.8571, 0.0, 1.0, 0.0, 0.0, 0.9, 0.1667, 0.8333, 0.0, 0.0, 1.0, 0.0909, 0.0, 0.9091, 0.0, 0.9333, 0.0, 0.0, 0.8333, 0.1111, 0.0, 0.8462, 0.0, 0.8, 0.0, 0.0, 0.9, 0.0, 0.0, 0.6667, 0.0, 0.8571, 0.0, 0.0, 1.0, 0.0, 0.2, 0.6, 0.0, 1.0, 0.25, 0.4286, 1.0, 0.0, 0.0, 0.8, 0.1, 1.0, 0.7143, 0.75, 1.0, 0.0, 0.0, 1.0, 0.0, 0.6667, 0.8571, 0.8333, 1.0, 0.0, 0.0, 0.9167, 0.8333, 1.0, 0.7, 1.0, 0.8333, 0.2, 0.0, 0.875, 0.75, 0.8, 0.7692, 1.0, 0.8333, 0.3333, 0.0, 1.0, 1.0, 0.7778, 0.8333, 1.0, 1.0, 0.0, 0.0, 0.8182, 0.8571, 0.7778, 0.875, 0.8, 0.9231, 0.0, 0.0, 0.8571, 0.25, 0.75, 0.8889, 0.6667, 1.0, 0.0, 0.0, 1.0, 0.0, 0.9167, 0.8571, 0.875, 1.0, 0.0, 0.0, 1.0, 0.0, 1.0, 0.875, 0.9, 1.0, 0.0, 0.0, 0.9286, 0.0, 0.625, 0.8571, 1.0, 0.7143, 0.0, 0.0, 1.0, 0.0, 1.0, 0.75, 0.6667, 0.625, 0.0, 0.0, 0.8889, 0.0, 1.0, 1.0, 0.1667, 0.7778, 0.1, 0.0, 0.8333, 0.0, 1.0, 0.6667, 0.0, 0.8889, 0.0, 0.2222, 0.8, 0.0, 0.8889, 1.0, 0.0, 0.5556, 0.0, 0.0, 1.0, 0.0, 0.7143, 0.75, 0.0, 0.7143, 0.0, 0.1, 1.0, 0.0, 0.8571, 1.0, 0.7, 0.9286, 0.0, 0.0, 1.0, 0.125, 0.2, 0.9231, 0.8, 0.875, 0.0, 0.0, 1.0, 0.0, 0.0, 0.8333, 0.25, 0.8889, 0.0, 0.2222, 0.8, 0.1, 0.1429, 0.8571, 0.0, 0.8571, 0.0909, 0.2308, 0.8889, 0.0, 0.3333, 1.0, 0.0, 1.0, 0.875, 0.0, 0.7143, 0.0, 0.0, 0.8333, 0.0, 1.0, 0.9091, 0.0, 1.0, 0.0, 0.0]","[0, 5, 8, 40, 41, 45, 47, 49, 52, 53, 55, 70, 71, 80, 95, 98, 103, 106, 109, 111, 112, 114, 119, 121, 122, 124, 143, 145, 146, 147, 151, 154, 159, 162, 167, 177, 182, 191, 196, 198, 204, 210, 211, 212, 218, 224, 230, 231, 236, 237, 242]"
cluster,0:9,9,cluster,0.265,0.265,0.265,1.0,0.265,0.0,23,True,530,0,288,1182,0,"[0.05, 0.0715, 0.099, 0.122, 0.1395, 0.155, 0.1705, 0.1875, 0.202, 0.213, 0.221, 0.2285, 0.237, 0.2435, 0.2475, 0.251, 0.2545, 0.257, 0.259, 0.2615, 0.2635, 0.2645, 0.265, 0.265, 0.265, 0.265, 0.265, 0.265, 0.265, 0.265, 0.265, 0.265, 0.265, 0.265, 0.265, 0.265, 0.265, 0.265, 0.265, 0.265, 0.265, 0.265, 0.265, 0.265, 0.265, 0.265, 0.265, 0.265, 0.265, 0.265, 0.265, 0.265, 0.265, 0.265, 0.265, 0.265, 0.265, 0.265, 0.265, 0.265, 0.265, 0.265, 0.265, 0.265, 0.265, 0.265, 0.265, 0.265, 0.265, 0.265, 0.265, 0.265, 0.265, 0.265, 0.265, 0.265, 0.265, 0.265, 0.265, 0.265, 0.265, 0.265, 0.265, 0.265, 0.265, 0.265, 0.265, 0.265, 0.265, 0.265, 0.265, 0.265, 0.265, 0.265, 0.265, 0.265, 0.265, 0.265, 0.265, 0.265, 0.265]","{""0"": 0.0863, ""1"": 0.2555, ""2"": 0.72, ""3"": 0.3794, ""4"": 0.1042, ""5"": 0.0, ""6"": 0.3162, ""7"": 0.296}","[0.6667, 0.0, 0.0, 1.0, 0.0, 0.8, 0.0, 0.0, 0.8, 0.0, 0.0, 1.0, 0.0, 0.4, 0.0, 0.0, 0.7143, 0.0, 0.0, 0.8, 0.0, 0.0, 0.0, 0.4, 1.0, 0.0, 0.0, 0.875, 0.0, 0.0, 0.0, 0.0, 1.0, 0.0, 0.0, 0.8182, 0.0, 0.0, 0.0, 0.0, 0.0, 0.0, 0.0, 1.0, 0.0, 0.0, 0.0, 0.0, 0.0, 0.0667, 0.0, 0.25, 0.0, 0.0, 0.0, 0.0, 0.0, 0.2, 0.0, 0.0, 0.0, 0.0, 0.0, 0.0, 0.0, 0.8571, 0.0, 0.0, 1.0, 0.0, 0.0, 0.0, 0.0, 1.0, 0.25, 0.4286, 1.0, 0.0, 0.0, 0.0, 0.0, 1.0, 0.7143, 0.75, 1.0, 0.0, 0.0, 0.0, 0.0, 0.6667, 0.8571, 0.8333, 1.0, 0.0, 0.0, 0.0, 0.8333, 0.0, 0.7, 1.0, 0.8333, 0.0, 0.0, 0.0, 1.0, 0.0, 0.7692, 1.0, 1.0, 0.0, 0.0, 0.0, 1.0, 0.0, 0.8333, 1.0, 1.0, 0.0, 0.0, 0.0, 0.8571, 0.0, 1.0, 0.8, 0.9231, 0.0, 0.0, 0.0, 0.25, 0.0, 0.8889, 0.6667, 1.0, 0.0, 0.0, 1.0, 0.0, 0.0, 0.7143, 0.875, 1.0, 0.0, 0.0, 1.0, 0.0, 0.0, 0.0, 0.9, 1.0, 0.0, 0.0, 0.8571, 0.0, 0.0, 0.0, 1.0, 0.7143, 0.0, 0.0, 1.0, 0.0, 0.0, 0.0, 0.6667, 0.25, 0.0, 0.0, 0.8889, 0.0, 0.0, 0.0, 1.0, 0.0, 0.0, 0.0, 0.8333, 0.0, 0.0, 0.0, 1.0, 0.0, 0.0, 0.0, 0.8, 0.0, 0.0, 0.0, 0.8, 0.0, 0.0, 0.0, 1.0, 0.0, 0.0, 0.0, 1.0, 0.0, 0.0, 0.0, 1.0, 0.0, 0.0, 0.0, 0.1, 0.1429, 0.0, 0.0, 1.0, 0.0, 0.0, 0.0, 0.1, 0.25, 0.0, 0.0, 1.0, 0.0, 0.0, 0.0, 0.0, 0.0, 0.0, 0.0, 0.0, 0.0, 0.0, 0.0, 1.0, 0.1429, 0.0909, 0.0, 0.1111, 0.0909, 0.0, 0.0, 0.7143, 0.0, 0.875, 0.0, 0.0, 1.0, 0.0, 0.0, 0.8889, 0.2, 1.0, 0.0, 0.0, 1.0, 0.0]","[3, 24, 43, 73, 104, 108, 122, 143, 159, 171, 191, 245, 248]"
one_per_team,0:9,9,one_per_team,0.714,0.714,0.714,1.0,0.714,-0.0,44,True,1428,0,280,292,0,"[0.05, 0.068, 0.083, 0.103, 0.1275, 0.152, 0.179, 0.203, 0.2285, 0.2555, 0.279, 0.296, 0.316, 0.3305, 0.3465, 0.3665, 0.388, 0.405, 0.42, 0.432, 0.444, 0.457, 0.47, 0.4845, 0.4995, 0.518, 0.535, 0.5495, 0.5635, 0.5745, 0.5865, 0.6005, 0.6125, 0.623, 0.6365, 0.6525, 0.663, 0.6715, 0.68, 0.6895, 0.6975, 0.7035, 0.7085, 0.714, 0.714, 0.714, 0.714, 0.714, 0.714, 0.714, 0.714, 0.714, 0.714, 0.714, 0.714, 0.714, 0.714, 0.714, 0.714, 0.714, 0.714, 0.714, 0.714, 0.714, 0.714, 0.714, 0.714, 0.714, 0.714, 0.714, 0.714, 0.714, 0.714, 0.714, 0.714, 0.714, 0.714, 0.714, 0.714, 0.714, 0.714, 0.714, 0.714, 0.714, 0.714, 0.714, 0.714, 0.714, 0.714, 0.714, 0.714, 0.714, 0.714, 0.714, 0.714, 0.714, 0.714, 0.714, 0.714, 0.714, 0.714]","{""0"": 0.7059, ""1"": 0.7336, ""2"": 0.8578, ""3"": 0.8775, ""4"": 0.8625, ""5"": 0.0683, ""6"": 0.8854, ""7"": 0.732}","[1.0, 0.2, 0.8571, 1.0, 1.0, 0.8, 0.1111, 0.875, 0.8, 0.8571, 0.25, 1.0, 1.0, 0.6, 0.0, 0.75, 0.7143, 1.0, 1.0, 0.8, 0.875, 0.6667, 0.0, 1.0, 1.0, 0.8333, 0.8889, 0.875, 0.8889, 0.8333, 0.0833, 1.0, 1.0, 0.8333, 0.8571, 0.8182, 1.0, 1.0, 0.0, 1.0, 0.6667, 0.8333, 0.9231, 1.0, 1.0, 0.8182, 0.0, 0.9091, 0.7273, 0.8, 1.0, 0.5, 0.8333, 0.8889, 0.1, 0.8462, 0.9, 0.8, 0.8, 1.0, 0.9, 0.875, 0.0, 0.6667, 0.6667, 0.8571, 1.0, 0.875, 1.0, 1.0, 0.0, 0.5, 0.5714, 1.0, 0.75, 0.7143, 1.0, 0.9, 0.1, 0.8, 0.8, 1.0, 0.7143, 0.875, 1.0, 0.75, 0.0, 1.0, 1.0, 0.6667, 0.8571, 0.8333, 1.0, 0.75, 0.125, 0.9167, 0.8333, 1.0, 0.7, 1.0, 0.8333, 0.8, 0.1667, 0.875, 0.875, 0.8, 0.7692, 1.0, 0.8333, 0.7778, 0.0, 1.0, 1.0, 0.7778, 0.8333, 1.0, 1.0, 1.0, 0.0, 0.8182, 1.0, 0.0, 0.9375, 0.8, 0.9231, 0.8571, 0.0, 0.8571, 0.625, 0.0, 0.8889, 0.6667, 1.0, 1.0, 0.25, 1.0, 0.8, 0.0, 0.7143, 0.875, 1.0, 1.0, 0.0, 1.0, 1.0, 0.0909, 0.0, 0.9, 1.0, 0.7143, 0.2222, 0.8571, 1.0, 0.625, 0.1429, 1.0, 0.7143, 1.0, 0.1429, 1.0, 0.7778, 1.0, 0.0, 0.6667, 0.625, 0.7143, 0.125, 0.8889, 0.0, 1.0, 0.6667, 0.6667, 0.7778, 0.8, 0.0, 0.8333, 0.0, 1.0, 0.6667, 1.0, 0.8889, 0.6, 0.0, 0.8, 0.0, 1.0, 1.0, 0.8, 0.5556, 0.8, 0.0, 1.0, 0.0, 0.7143, 0.75, 1.0, 0.6429, 1.0, 0.0, 1.0, 0.6667, 0.8571, 1.0, 0.7, 0.8571, 0.8182, 0.0, 1.0, 1.0, 0.8, 0.8462, 0.7, 0.875, 0.8889, 0.0, 1.0, 0.6667, 0.9, 0.8333, 0.75, 0.8889, 0.8, 0.5556, 0.8, 0.9, 0.7143, 0.8571, 1.0, 0.8571, 1.0, 0.0, 0.8889, 0.9091, 0.7778, 1.0, 0.8571, 0.8333, 0.875, 0.0, 0.7143, 1.0, 0.8571, 0.8333, 0.8889, 1.0, 1.0, 0.0, 1.0, 1.0, 0.5714]","[3, 4, 5, 6, 15, 24, 27, 29, 30, 31, 34, 35, 36, 39, 41, 43, 44, 48, 49, 50, 54, 56, 57, 58, 60, 66, 67, 71, 73, 74, 77, 78, 80, 81, 83, 85, 90, 93, 94, 96, 102, 104, 108, 109, 113, 115, 116, 120, 122, 123, 124, 127, 128, 130, 133, 134, 138, 139, 143, 144, 145, 150, 153, 154, 155, 159, 161, 165, 166, 167, 171, 173, 178, 180, 181, 185, 186, 191, 196, 197, 199, 200, 204, 205, 209, 216, 218, 219, 222, 228, 229, 231, 235, 237, 239, 241, 244, 245, 247, 248]"
random,0:10,10,random,0.713,0.713,0.713,1.0,0.713,0.0,40,True,1426,0,295,279,0,"[0.05, 0.074, 0.098, 0.1275, 0.1605, 0.201, 0.2535, 0.299, 0.3325, 0.3635, 0.394, 0.4255, 0.4615, 0.486, 0.5155, 0.542, 0.5615, 0.578, 0.5935, 0.608, 0.62, 0.627, 0.632, 0.64, 0.654, 0.663, 0.6715, 0.6755, 0.6795, 0.6845, 0.689, 0.6915, 0.695, 0.6975, 0.6995, 0.701, 0.705, 0.707, 0.7095, 0.713, 0.713, 0.713, 0.713, 0.713, 0.713, 0.713, 0.713, 0.713, 0.713, 0.713, 0.713, 0.713, 0.713, 0.713, 0.713, 0.713, 0.713, 0.713, 0.713, 0.713, 0.713, 0.713, 0.713, 0.713, 0.713, 0.713, 0.713, 0.713, 0.713, 0.713, 0.713, 0.713, 0.713, 0.713, 0.713, 0.713, 0.713, 0.713, 0.713, 0.713, 0.713, 0.713, 0.713, 0.713, 0.713, 0.713, 0.713, 0.713, 0.713, 0.713, 0.713, 0.713, 0.713, 0.713, 0.713, 0.713, 0.713, 0.713, 0.713, 0.713, 0.713]","{""0"": 0.8692, ""1"": 0.8543, ""2"": 0.0513, ""3"": 0.4743, ""4"": 0.8525, ""5"": 0.8286, ""6"": 0.8697, ""7"": 0.8548}","[0.8889, 1.0, 0.8571, 0.0, 0.0, 0.7143, 0.6667, 0.8333, 0.7143, 1.0, 0.6364, 0.1818, 0.0, 0.5714, 0.875, 0.8333, 1.0, 1.0, 0.8571, 0.0, 0.0, 1.0, 0.7143, 0.9, 1.0, 1.0, 0.8889, 0.1818, 0.6667, 0.5, 0.7143, 0.875, 1.0, 0.7778, 0.8182, 0.0, 0.8333, 0.8571, 1.0, 1.0, 0.8333, 0.8, 1.0, 0.0, 1.0, 0.8571, 0.8889, 0.9, 0.75, 1.0, 1.0, 0.0, 0.875, 0.5, 0.7143, 0.8, 0.875, 0.8571, 0.6667, 0.125, 1.0, 0.7143, 0.7778, 1.0, 0.8, 0.8889, 0.7778, 0.0, 0.7143, 0.8462, 0.625, 1.0, 0.7778, 0.8571, 0.8, 0.1667, 0.625, 0.75, 0.8571, 0.8333, 0.8, 1.0, 0.8182, 0.125, 1.0, 0.875, 0.8571, 0.8182, 0.7143, 1.0, 0.8, 0.0, 1.0, 0.9231, 0.9, 0.75, 1.0, 0.8462, 1.0, 0.1111, 0.3333, 0.875, 1.0, 1.0, 0.6667, 0.8889, 1.0, 0.0, 0.0714, 1.0, 1.0, 0.8333, 0.7778, 0.8, 0.875, 0.1429, 0.0, 1.0, 0.8571, 0.8571, 1.0, 0.8333, 0.8333, 0.0, 0.0, 0.8571, 1.0, 0.8, 0.625, 0.6667, 1.0, 0.0, 0.1, 0.6667, 0.75, 1.0, 0.8, 0.875, 0.8571, 0.1, 0.8571, 1.0, 0.625, 0.7, 0.6667, 1.0, 0.9091, 0.0, 0.8333, 0.8, 1.0, 1.0, 0.8889, 1.0, 0.8571, 0.0, 0.7143, 0.8571, 0.875, 0.8182, 0.6667, 0.8571, 0.9, 0.0, 0.9091, 0.8, 0.8, 0.8, 1.0, 0.9, 0.8571, 0.0, 1.0, 0.9091, 0.6667, 0.8182, 1.0, 0.7778, 0.9091, 0.2, 1.0, 1.0, 0.8, 0.8, 0.9167, 0.8, 1.0, 0.0, 0.875, 0.875, 0.6667, 0.9, 1.0, 0.5556, 0.875, 0.0, 0.3333, 0.8, 0.75, 0.8571, 0.7143, 1.0, 0.875, 0.0, 0.2222, 0.8333, 0.7778, 1.0, 1.0, 0.9, 0.75, 0.0, 0.0909, 1.0, 1.0, 0.875, 1.0, 0.6, 0.625, 0.0, 0.1818, 1.0, 1.0, 1.0, 0.8, 0.8571, 0.8333, 0.0, 0.0, 0.875, 0.8333, 1.0, 1.0, 0.8, 0.8333, 0.0, 0.0, 1.0, 0.875, 0.6667, 0.9231, 1.0, 0.875, 0.1111, 0.1667, 0.875, 0.8, 0.75, 0.4, 0.9167]","[5, 7, 11, 14, 16, 17, 21, 26, 27, 29, 32, 37, 39, 40, 45, 49, 52, 53, 56, 61, 63, 64, 68, 72, 73, 77, 82, 83, 84, 86, 88, 94, 98, 99, 101, 105, 106, 111, 118, 121, 125, 126, 129, 135, 137, 139, 141, 146, 149, 157, 164, 167, 172, 173, 174, 175, 176, 177, 179, 185, 189, 191, 192, 197, 201, 204, 206, 207, 208, 209, 210, 216, 220, 231, 232, 233, 238, 240, 243]"
champions,0:10,10,champions,0.7745,0.7745,0.7745,1.0,0.7745,0.0,39,True,1549,0,302,149,0,"[0.05, 0.086, 0.1285, 0.1855, 0.248, 0.305, 0.358, 0.411, 0.459, 0.494, 0.522, 0.555, 0.5795, 0.597, 0.621, 0.648, 0.6655, 0.6845, 0.6935, 0.7025, 0.7155, 0.7235, 0.7295, 0.7325, 0.737, 0.7425, 0.7485, 0.7555, 0.7585, 0.7605, 0.7615, 0.762, 0.7635, 0.766, 0.768, 0.77, 0.772, 0.773, 0.7745, 0.7745, 0.7745, 0.7745, 0.7745, 0.7745, 0.7745, 0.7745, 0.7745, 0.7745, 0.7745, 0.7745, 0.7745, 0.7745, 0.7745, 0.7745, 0.7745, 0.7745, 0.7745, 0.7745, 0.7745, 0.7745, 0.7745, 0.7745, 0.7745, 0.7745, 0.7745, 0.7745, 0.7745, 0.7745, 0.7745, 0.7745, 0.7745, 0.7745, 0.7745, 0.7745, 0.7745, 0.7745, 0.7745, 0.7745, 0.7745, 0.7745, 0.7745, 0.7745, 0.7745, 0.7745, 0.7745, 0.7745, 0.7745, 0.7745, 0.7745, 0.7745, 0.7745, 0.7745, 0.7745, 0.7745, 0.7745, 0.7745, 0.7745, 0.7745, 0.7745, 0.7745, 0.7745]","{""0"": 0.5269, ""1"": 0.6929, ""2"": 0.7479, ""3"": 0.8458, ""4"": 0.8484, ""5"": 0.8286, ""6"": 0.8621, ""7"": 0.8508}","[1.0, 0.0, 0.8571, 1.0, 1.0, 0.7143, 0.8333, 0.8333, 0.7143, 0.125, 0.6364, 0.9091, 0.8333, 0.5714, 0.875, 0.8333, 1.0, 0.0, 0.8571, 0.8571, 1.0, 1.0, 0.7143, 0.9, 1.0, 0.0, 0.8889, 0.9091, 0.6667, 0.5, 0.7143, 0.875, 1.0, 0.2222, 0.8182, 1.0, 0.8333, 0.8571, 1.0, 0.6667, 0.8333, 0.0, 1.0, 1.0, 1.0, 0.8571, 0.8889, 0.9, 0.75, 0.0, 1.0, 0.7143, 0.875, 0.5, 0.7143, 0.8, 0.75, 0.0, 0.6667, 0.75, 1.0, 0.7143, 0.7778, 1.0, 0.8, 0.0, 0.7778, 1.0, 0.7143, 0.8462, 0.625, 1.0, 0.7778, 0.7143, 0.8, 1.0, 0.625, 0.625, 0.8571, 0.8333, 0.8, 1.0, 0.8182, 1.0, 0.8889, 0.875, 0.7143, 0.8182, 0.7143, 1.0, 0.8, 0.8, 1.0, 0.9231, 0.9, 0.75, 1.0, 0.9231, 1.0, 1.0, 0.8333, 0.875, 1.0, 1.0, 0.6667, 0.7778, 0.8333, 0.75, 0.7857, 1.0, 1.0, 0.8333, 0.7778, 0.8, 0.875, 1.0, 0.875, 1.0, 0.8571, 0.8571, 1.0, 0.8333, 0.8333, 0.6667, 0.75, 0.8571, 1.0, 0.9, 0.625, 0.5833, 1.0, 0.6667, 0.8, 0.6667, 0.75, 1.0, 0.8, 0.875, 0.8571, 1.0, 0.8571, 1.0, 0.625, 0.7, 0.6667, 1.0, 0.8182, 0.8889, 0.8333, 0.8, 1.0, 1.0, 0.8889, 1.0, 0.8571, 1.0, 0.7143, 0.8571, 0.875, 0.9091, 0.6667, 0.8571, 0.9, 0.6667, 0.9091, 0.8, 0.8, 0.8, 1.0, 1.0, 0.8571, 0.7, 1.0, 0.9091, 0.6667, 0.8182, 1.0, 0.7778, 1.0, 0.6, 1.0, 1.0, 0.8, 0.8, 0.9167, 0.8, 1.0, 1.0, 0.875, 0.875, 0.6667, 0.9, 1.0, 0.5556, 0.0, 0.25, 0.6667, 0.8, 0.75, 0.8571, 0.7143, 0.9167, 0.0, 0.0, 1.0, 0.8333, 0.7778, 1.0, 1.0, 0.8, 0.0, 0.0, 0.7273, 1.0, 1.0, 0.875, 1.0, 0.6, 0.125, 0.0, 0.8182, 1.0, 1.0, 1.0, 0.8, 0.0, 0.0, 0.7143, 0.8, 0.875, 0.8333, 1.0, 1.0, 0.2, 0.1667, 0.5, 0.5, 1.0, 0.875, 0.6667, 0.9231, 0.0, 0.0, 0.6667, 1.0, 0.875, 0.8, 0.75, 0.4, 0.0]","[0, 2, 6, 10, 11, 18, 20, 26, 32, 39, 40, 42, 46, 50, 55, 69, 71, 74, 76, 77, 92, 93, 97, 99, 101, 105, 108, 112, 117, 125, 126, 127, 128, 129, 134, 144, 147, 151, 157, 159, 160, 162, 164, 165, 169, 172, 175, 178, 179, 183, 184, 185, 187, 189, 193, 197, 198, 201, 206, 209, 212, 221, 228, 231, 232, 238, 240]"
cluster,0:10,10,cluster,0.36,0.36,0.36,1.0,0.36,0.0,30,True,720,0,304,976,0,"[0.05, 0.0695, 0.091, 0.1135, 0.1395, 0.1595, 0.176, 0.1955, 0.2195, 0.2325, 0.2505, 0.269, 0.2785, 0.289, 0.2965, 0.3, 0.3065, 0.3135, 0.3205, 0.325, 0.3315, 0.3365, 0.3405, 0.346, 0.35, 0.3525, 0.354, 0.356, 0.3585, 0.36, 0.36, 0.36, 0.36, 0.36, 0.36, 0.36, 0.36, 0.36, 0.36, 0.36, 0.36, 0.36, 0.36, 0.36, 0.36, 0.36, 0.36, 0.36, 0.36, 0.36, 0.36, 0.36, 0.36, 0.36, 0.36, 0.36, 0.36, 0.36, 0.36, 0.36, 0.36, 0.36, 0.36, 0.36, 0.36, 0.36, 0.36, 0.36, 0.36, 0.36, 0.36, 0.36, 0.36, 0.36, 0.36, 0.36, 0.36, 0.36, 0.36, 0.36, 0.36, 0.36, 0.36, 0.36, 0.36, 0.36, 0.36, 0.36, 0.36, 0.36, 0.36, 0.36, 0.36, 0.36, 0.36, 0.36, 0.36, 0.36, 0.36, 0.36, 0.36]","{""0"": 0.1192, ""1"": 0.3898, ""2"": 0.4957, ""3"": 0.0198, ""4"": 0.6066, ""5"": 0.3633, ""6"": 0.5939, ""7"": 0.3065}","[0.7778, 0.0, 0.0, 0.0, 0.0, 0.0, 0.0, 0.8333, 0.0, 0.0, 0.0, 0.1818, 0.0, 0.0, 0.0, 0.8333, 0.0, 0.0, 0.1429, 0.8571, 0.0, 0.0, 0.0, 0.9, 0.0, 0.0, 0.0, 0.9091, 0.0, 0.0, 0.0, 0.875, 0.0, 0.0, 0.0909, 1.0, 0.0, 0.0, 0.0, 0.6667, 0.0, 0.0, 0.2857, 1.0, 0.0, 0.0, 0.2222, 1.0, 0.0, 0.0, 0.0, 0.7143, 0.125, 0.0, 0.0, 0.8, 0.0, 0.0, 0.0, 0.75, 0.0, 0.1429, 0.0, 1.0, 0.0, 0.0, 0.0, 1.0, 0.0, 0.0, 0.125, 1.0, 0.0, 0.0, 0.0, 1.0, 0.0, 0.125, 0.0, 0.0, 0.0, 0.0, 0.0, 1.0, 0.0, 0.0, 0.7143, 0.0, 0.0, 0.0, 0.8, 0.8, 0.1667, 0.9231, 1.0, 0.0, 0.0, 0.0, 1.0, 0.8889, 0.0, 0.75, 1.0, 0.0, 0.0, 0.0, 1.0, 0.75, 0.0, 1.0, 1.0, 0.0, 0.0, 0.0, 0.875, 1.0, 0.0, 1.0, 0.8571, 0.0, 0.0, 0.0, 0.8333, 0.0, 0.0, 0.8571, 1.0, 0.0, 0.0, 0.0, 1.0, 0.0, 0.0, 0.6667, 0.75, 0.0, 1.0, 0.0, 0.8571, 0.0, 0.1429, 1.0, 0.625, 0.1, 0.6667, 0.0, 0.8182, 0.0, 0.0, 1.0, 1.0, 0.1111, 0.8889, 0.0, 0.8571, 0.25, 0.0, 0.8571, 0.875, 0.8182, 0.6667, 0.0, 0.9, 0.6667, 0.0, 0.8, 0.8, 0.8, 1.0, 0.0, 0.8571, 0.7, 0.0, 0.9091, 0.6667, 0.8182, 1.0, 0.2222, 0.9091, 0.6, 0.0, 1.0, 0.8, 0.8, 0.9167, 0.1, 1.0, 1.0, 0.125, 0.875, 0.0, 0.9, 1.0, 0.5556, 0.0, 0.25, 0.0, 0.8, 0.0, 0.8571, 0.7143, 1.0, 0.0, 0.0, 0.0, 0.8333, 0.0, 1.0, 1.0, 0.8, 0.0, 0.0, 0.0, 1.0, 0.0, 0.875, 1.0, 0.6, 0.125, 0.0, 0.0, 1.0, 0.0, 1.0, 0.0, 0.0, 0.0, 0.0, 0.0, 0.875, 0.0, 1.0, 0.0, 0.0, 0.1667, 0.0, 0.0, 1.0, 0.0, 1.0, 0.0, 0.0, 0.0, 0.0, 0.0, 0.875, 0.0, 0.75, 0.0, 0.0]","[35, 47, 94, 106, 109, 136, 149, 168, 186, 187, 201, 239]"
one_per_team,0:10,10,one_per_team,0.788,0.788,0.788,1.0,0.788,0.0,33,True,1576,0,294,130,0,"[0.05, 0.0715, 0.0965, 0.1355, 0.174, 0.2065, 0.2525, 0.2955, 0.3425, 0.3825, 0.4135, 0.4465, 0.478, 0.501, 0.519, 0.536, 0.558, 0.571, 0.585, 0.6055, 0.631, 0.6585, 0.6825, 0.6985, 0.7095, 0.719, 0.731, 0.747, 0.761, 0.7715, 0.78, 0.787, 0.788, 0.788, 0.788, 0.788, 0.788, 0.788, 0.788, 0.788, 0.788, 0.788, 0.788, 0.788, 0.788, 0.788, 0.788, 0.788, 0.788, 0.788, 0.788, 0.788, 0.788, 0.788, 0.788, 0.788, 0.788, 0.788, 0.788, 0.788, 0.788, 0.788, 0.788, 0.788, 0.788, 0.788, 0.788, 0.788, 0.788, 0.788, 0.788, 0.788, 0.788, 0.788, 0.788, 0.788, 0.788, 0.788, 0.788, 0.788, 0.788, 0.788, 0.788, 0.788, 0.788, 0.788, 0.788, 0.788, 0.788, 0.788, 0.788, 0.788, 0.788, 0.788, 0.788, 0.788, 0.788, 0.788, 0.788, 0.788, 0.788]","{""0"": 0.8577, ""1"": 0.8543, ""2"": 0.8419, ""3"": 0.4466, ""4"": 0.8566, ""5"": 0.8367, ""6"": 0.8697, ""7"": 0.7419}","[1.0, 1.0, 0.8571, 1.0, 1.0, 0.7143, 0.8333, 0.8333, 0.7143, 1.0, 0.6364, 0.8182, 0.8333, 0.5714, 1.0, 0.8333, 1.0, 1.0, 0.8571, 0.8571, 1.0, 1.0, 0.7143, 0.9, 1.0, 1.0, 0.8889, 0.9091, 0.6667, 0.5, 0.7143, 0.875, 1.0, 0.7778, 0.8182, 1.0, 0.0, 0.8571, 1.0, 0.75, 0.8333, 0.8, 1.0, 1.0, 0.0, 1.0, 0.8889, 0.9, 0.75, 1.0, 1.0, 0.8571, 0.25, 0.5, 0.7143, 0.8, 0.75, 0.8571, 0.6667, 0.75, 0.0, 0.7143, 0.7778, 1.0, 0.8, 1.0, 0.7778, 1.0, 0.0, 0.8462, 0.625, 1.0, 0.7778, 0.7143, 0.8, 1.0, 0.0, 0.625, 0.8571, 0.8333, 0.8, 1.0, 0.8182, 1.0, 0.0, 0.875, 0.7143, 0.8182, 0.7143, 1.0, 0.8, 0.8, 0.6667, 0.9231, 0.9, 0.75, 1.0, 0.8462, 1.0, 0.8889, 0.1667, 0.875, 1.0, 1.0, 0.7778, 0.7778, 0.8333, 0.875, 0.0714, 1.0, 1.0, 0.8333, 0.7778, 0.8, 0.875, 1.0, 0.0, 1.0, 0.8571, 0.8571, 1.0, 0.8333, 0.8333, 0.6667, 0.75, 0.8571, 1.0, 0.9, 0.625, 0.5833, 1.0, 0.6667, 0.8, 0.6667, 0.8333, 1.0, 1.0, 0.875, 1.0, 1.0, 1.0, 1.0, 0.625, 0.7, 0.6667, 1.0, 0.8182, 0.8889, 0.8333, 0.9, 1.0, 1.0, 0.8889, 1.0, 0.8571, 1.0, 0.7143, 0.8571, 0.875, 0.8182, 0.6667, 1.0, 0.9, 1.0, 0.9091, 0.8, 0.8, 0.8, 1.0, 0.9, 0.8571, 0.7, 1.0, 0.9091, 0.6667, 0.9091, 1.0, 0.7778, 0.9091, 0.6, 1.0, 1.0, 0.8, 0.8, 0.9167, 0.8, 1.0, 0.9231, 0.875, 0.875, 0.6667, 0.9, 1.0, 0.5556, 0.875, 0.5, 0.3333, 0.8, 0.75, 0.8571, 0.7143, 0.9167, 0.875, 1.0, 0.0, 0.8333, 0.7778, 1.0, 1.0, 0.8, 0.75, 0.8, 0.0, 1.0, 1.0, 0.875, 1.0, 0.6, 0.75, 0.6667, 0.0, 1.0, 1.0, 1.0, 0.2, 0.8571, 0.8333, 0.7143, 0.2, 0.875, 0.8333, 1.0, 0.0909, 0.8, 0.8333, 0.5, 0.5, 1.0, 0.875, 0.8333, 0.0, 1.0, 0.875, 0.6667, 1.0, 0.875, 0.8, 0.75, 0.2, 0.9167]","[1, 6, 8, 12, 14, 15, 16, 20, 21, 24, 29, 33, 35, 39, 41, 43, 45, 46, 47, 48, 50, 51, 54, 57, 59, 62, 65, 67, 78, 79, 80, 81, 88, 93, 94, 97, 101, 102, 104, 105, 106, 107, 109, 110, 114, 121, 122, 124, 125, 127, 131, 133, 134, 135, 136, 137, 138, 140, 141, 145, 149, 150, 153, 157, 160, 161, 163, 164, 165, 167, 168, 170, 171, 173, 175, 178, 181, 183, 186, 187, 192, 200, 201, 203, 205, 208, 213, 218, 222, 224, 228, 229, 230, 233, 238, 239, 242, 243, 244, 249]"
random,0:11,11,random,0.66,0.66,0.66,1.0,0.66,0.0,41,True,1320,0,303,377,0,"[0.05, 0.0685, 0.082, 0.102, 0.1235, 0.15, 0.176, 0.2065, 0.228, 0.252, 0.277, 0.3065, 0.3375, 0.3795, 0.424, 0.46, 0.4825, 0.507, 0.5365, 0.5535, 0.5705, 0.584, 0.5955, 0.6035, 0.608, 0.615, 0.622, 0.627, 0.6305, 0.6345, 0.638, 0.6405, 0.6455, 0.647, 0.648, 0.6495, 0.6525, 0.654, 0.656, 0.6595, 0.66, 0.66, 0.66, 0.66, 0.66, 0.66, 0.66, 0.66, 0.66, 0.66, 0.66, 0.66, 0.66, 0.66, 0.66, 0.66, 0.66, 0.66, 0.66, 0.66, 0.66, 0.66, 0.66, 0.66, 0.66, 0.66, 0.66, 0.66, 0.66, 0.66, 0.66, 0.66, 0.66, 0.66, 0.66, 0.66, 0.66, 0.66, 0.66, 0.66, 0.66, 0.66, 0.66, 0.66, 0.66, 0.66, 0.66, 0.66, 0.66, 0.66, 0.66, 0.66, 0.66, 0.66, 0.66, 0.66, 0.66, 0.66, 0.66, 0.66, 0.66]","{""0"": 0.542, ""1"": 0.8511, ""2"": 0.3463, ""3"": 0.8876, ""4"": 0.4803, ""5"": 0.4656, ""6"": 0.8902, ""7"": 0.8458}","[0.5556, 1.0, 1.0, 1.0, 1.0, 0.1429, 1.0, 1.0, 1.0, 1.0, 0.75, 1.0, 1.0, 0.1, 0.75, 0.8889, 1.0, 0.75, 1.0, 0.5556, 0.8333, 0.25, 0.0, 1.0, 0.5, 0.8333, 0.875, 1.0, 1.0, 0.0, 0.0, 1.0, 0.75, 0.7333, 1.0, 0.2222, 0.8571, 0.1111, 0.1667, 0.875, 0.75, 1.0, 0.7143, 0.0, 0.8889, 0.0, 0.1, 0.8571, 0.7778, 0.7273, 0.8333, 0.1, 1.0, 0.8571, 0.0, 1.0, 1.0, 1.0, 0.875, 0.0, 0.6667, 0.5556, 0.0, 0.8, 1.0, 0.8571, 0.7, 0.0, 0.7273, 0.8333, 0.0, 1.0, 0.8, 0.6667, 0.6, 0.0, 0.8889, 0.625, 0.0, 0.875, 0.6667, 1.0, 1.0, 0.1429, 1.0, 0.7143, 0.0909, 0.8571, 0.75, 0.75, 1.0, 0.1429, 0.8333, 0.8333, 0.1667, 1.0, 1.0, 1.0, 1.0, 0.0, 0.875, 1.0, 0.0, 0.8, 1.0, 0.0, 0.5, 0.0, 0.9091, 1.0, 0.0, 1.0, 1.0, 0.5, 0.8333, 0.0, 0.8, 0.7143, 0.0, 1.0, 0.8333, 0.0, 0.875, 0.0, 1.0, 0.6875, 0.0, 1.0, 0.75, 0.0, 0.8889, 0.0, 0.6667, 0.7143, 0.1, 0.8462, 0.5, 0.0, 0.8, 0.1, 0.8, 0.7143, 0.0, 0.8, 1.0, 0.0, 0.8889, 0.0, 0.8889, 1.0, 0.3333, 1.0, 0.7143, 0.0, 1.0, 0.125, 0.9091, 0.7, 0.8333, 0.8571, 0.6, 0.0, 0.8571, 0.0, 0.8889, 0.875, 1.0, 0.6, 0.9, 0.0, 0.8182, 0.0, 0.8, 0.8571, 0.2, 0.8889, 0.8571, 0.0, 0.8571, 0.1, 1.0, 0.8, 0.7143, 0.875, 1.0, 0.0, 1.0, 0.25, 0.9167, 0.0, 1.0, 0.75, 0.8, 0.0, 0.6667, 0.7143, 0.8333, 0.0, 0.8571, 0.875, 0.8333, 0.75, 0.7778, 0.9091, 0.9, 0.0, 0.8889, 0.7692, 0.7778, 0.7778, 1.0, 0.75, 1.0, 0.0, 1.0, 1.0, 0.8462, 1.0, 0.5714, 0.875, 1.0, 0.1111, 0.8333, 0.5714, 1.0, 0.875, 1.0, 1.0, 1.0, 0.2, 0.875, 1.0, 0.9, 0.6, 0.75, 0.8333, 0.7778, 0.0, 0.9091, 0.875, 1.0, 1.0, 1.0, 1.0, 0.8889, 0.0, 1.0, 0.8889, 0.8571, 0.9]","[0, 3, 4, 6, 14, 15, 20, 21, 26, 27, 31, 32, 33, 36, 38, 39, 41, 46, 48, 51, 53, 55, 57, 64, 66, 69, 72, 76, 77, 79, 81, 83, 87, 89, 90, 91, 96, 97, 101, 103, 111, 112, 113, 119, 124, 128, 133, 134, 136, 138, 139, 146, 149, 154, 155, 157, 158, 168, 180, 182, 186, 191, 196, 198, 199, 201, 204, 206, 207, 208, 209, 214, 215, 216, 221, 223, 234, 244, 247, 248]"
champions,0:11,11,champions,0.573,0.573,0.573,1.0,0.573,-0.0,24,True,1146,0,298,556,0,"[0.05, 0.085, 0.122, 0.16, 0.2, 0.252, 0.2855, 0.3205, 0.36, 0.3875, 0.4055, 0.423, 0.445, 0.4695, 0.488, 0.502, 0.5195, 0.531, 0.542, 0.553, 0.5605, 0.5685, 0.5715, 0.573, 0.573, 0.573, 0.573, 0.573, 0.573, 0.573, 0.573, 0.573, 0.573, 0.573, 0.573, 0.573, 0.573, 0.573, 0.573, 0.573, 0.573, 0.573, 0.573, 0.573, 0.573, 0.573, 0.573, 0.573, 0.573, 0.573, 0.573, 0.573, 0.573, 0.573, 0.573, 0.573, 0.573, 0.573, 0.573, 0.573, 0.573, 0.573, 0.573, 0.573, 0.573, 0.573, 0.573, 0.573, 0.573, 0.573, 0.573, 0.573, 0.573, 0.573, 0.573, 0.573, 0.573, 0.573, 0.573, 0.573, 0.573, 0.573, 0.573, 0.573, 0.573, 0.573, 0.573, 0.573, 0.573, 0.573, 0.573, 0.573, 0.573, 0.573, 0.573, 0.573, 0.573, 0.573, 0.573, 0.573, 0.573]","{""0"": 0.6221, ""1"": 0.4936, ""2"": 0.7393, ""3"": 0.7868, ""4"": 0.3898, ""5"": 0.5425, ""6"": 0.874, ""7"": 0.1042}","[1.0, 1.0, 0.0, 1.0, 1.0, 0.2857, 1.0, 1.0, 0.1111, 1.0, 0.0, 1.0, 1.0, 0.1, 0.75, 0.8889, 0.25, 0.875, 0.0, 0.5556, 0.6667, 0.0, 0.75, 1.0, 0.0, 0.8333, 0.0, 1.0, 0.0, 0.0, 0.875, 0.8333, 0.0, 0.8, 0.0, 0.8889, 0.0, 0.1111, 0.8333, 0.75, 0.0, 1.0, 0.0, 0.8182, 0.0, 0.0, 1.0, 0.8571, 0.0, 0.7273, 0.1667, 0.8, 0.0, 0.0714, 0.4286, 1.0, 0.2857, 1.0, 0.125, 1.0, 0.6667, 0.0, 1.0, 0.8, 0.1, 0.8571, 0.6, 0.875, 0.7273, 0.0, 1.0, 1.0, 0.2, 0.6667, 0.8, 0.5, 0.8889, 0.0, 0.8, 0.875, 0.0, 1.0, 1.0, 0.0, 1.0, 0.7143, 0.7273, 0.8571, 0.0833, 0.75, 1.0, 0.0, 0.8333, 0.8333, 1.0, 1.0, 0.0, 1.0, 1.0, 0.0, 0.875, 1.0, 1.0, 0.6, 0.2, 0.8571, 0.5, 0.0, 0.9091, 1.0, 0.0, 1.0, 0.0, 0.9, 0.8333, 0.1429, 0.8, 0.8571, 0.0, 0.9, 0.0833, 0.875, 0.875, 1.0, 0.9, 0.6875, 0.0, 1.0, 0.75, 0.8, 0.8889, 0.875, 0.6667, 0.7143, 0.1, 0.8462, 0.0, 0.8, 0.8, 0.7, 0.8, 0.7143, 0.0, 0.8, 0.0, 0.875, 0.8889, 0.9286, 0.8889, 1.0, 0.3333, 1.0, 0.0, 0.8333, 1.0, 0.75, 0.9091, 0.7, 0.8333, 0.8571, 0.0, 0.0, 0.8571, 0.6667, 0.8889, 0.875, 1.0, 0.6, 0.0, 0.1, 0.8182, 1.0, 1.0, 0.8571, 0.0, 0.8889, 0.0, 0.0, 0.8571, 0.9, 1.0, 0.8, 0.0, 0.875, 0.0, 0.1429, 1.0, 0.625, 1.0, 0.0, 0.0, 0.875, 0.0, 0.0909, 0.0, 0.7143, 0.8333, 0.0, 0.2857, 0.875, 0.3333, 0.0, 0.0, 0.9091, 0.9, 0.2222, 0.0, 0.7692, 0.1111, 0.0, 0.4, 0.75, 1.0, 0.1667, 0.0, 0.875, 0.2308, 0.0, 0.0, 0.875, 1.0, 0.0, 0.0, 0.4286, 0.0, 0.0, 0.0, 1.0, 1.0, 0.0, 0.875, 1.0, 0.0, 0.4, 0.0, 0.8333, 0.7778, 0.0, 0.9091, 0.875, 0.0, 1.0, 0.0, 1.0, 1.0, 0.0, 1.0, 0.8889, 0.2857, 0.9]","[0, 1, 5, 6, 14, 15, 17, 22, 25, 33, 35, 38, 43, 49, 53, 56, 64, 66, 72, 74, 86, 88, 93, 95, 98, 109, 111, 113, 115, 116, 117, 120, 121, 124, 125, 127, 128, 133, 134, 135, 137, 139, 146, 147, 154, 155, 156, 157, 158, 165, 170, 172, 179, 185, 188, 191, 193, 203, 204, 205, 207, 211, 213, 216, 227, 231, 238, 244, 247, 249]"
cluster,0:11,11,cluster,0.291,0.291,0.291,1.0,0.291,0.0,40,True,582,0,293,1125,0,"[0.05, 0.0595, 0.072, 0.084, 0.0955, 0.1095, 0.1175, 0.125, 0.1325, 0.1405, 0.149, 0.155, 0.1635, 0.1695, 0.1775, 0.1845, 0.194, 0.203, 0.215, 0.228, 0.236, 0.2435, 0.25, 0.258, 0.2665, 0.274, 0.277, 0.2775, 0.2785, 0.279, 0.28, 0.2815, 0.2825, 0.284, 0.2865, 0.287, 0.2875, 0.2885, 0.29, 0.291, 0.291, 0.291, 0.291, 0.291, 0.291, 0.291, 0.291, 0.291, 0.291, 0.291, 0.291, 0.291, 0.291, 0.291, 0.291, 0.291, 0.291, 0.291, 0.291, 0.291, 0.291, 0.291, 0.291, 0.291, 0.291, 0.291, 0.291, 0.291, 0.291, 0.291, 0.291, 0.291, 0.291, 0.291, 0.291, 0.291, 0.291, 0.291, 0.291, 0.291, 0.291, 0.291, 0.291, 0.291, 0.291, 0.291, 0.291, 0.291, 0.291, 0.291, 0.291, 0.291, 0.291, 0.291, 0.291, 0.291, 0.291, 0.291, 0.291, 0.291, 0.291]","{""0"": 0.1412, ""1"": 0.8681, ""2"": 0.0, ""3"": 0.0426, ""4"": 0.4252, ""5"": 0.4615, ""6"": 0.4309, ""7"": 0.0083}","[0.2222, 0.0, 1.0, 0.0, 0.0, 1.0, 0.0, 1.0, 0.0, 0.0, 0.75, 0.0, 0.0, 0.9, 0.0, 0.8889, 0.0, 0.0, 1.0, 0.0, 0.0, 1.0, 0.0, 1.0, 0.0, 0.8333, 0.875, 0.0, 0.0, 0.5, 0.0, 0.8333, 0.0, 1.0, 1.0, 0.0, 0.0, 0.3333, 0.0, 0.75, 0.0, 1.0, 0.7143, 0.0, 0.0, 0.0, 0.0, 0.8571, 0.0, 0.0909, 0.8333, 0.0, 0.0, 0.0, 0.0, 1.0, 0.0, 0.0, 0.875, 0.0, 0.1667, 0.0, 0.0, 0.8, 0.0, 0.0, 1.0, 0.0, 0.0909, 0.0, 0.0, 0.0, 0.0, 0.0, 0.6, 0.0, 0.0, 0.0, 0.0, 0.0, 0.0, 0.0, 1.0, 0.0, 0.0, 0.7143, 0.6364, 0.0, 0.0, 0.0, 1.0, 0.0, 0.0, 0.8333, 1.0, 0.0, 0.0, 0.0, 1.0, 0.0, 0.0, 1.0, 1.0, 0.2, 0.0, 0.0, 0.5, 0.0, 0.0, 1.0, 0.75, 0.0, 0.0, 0.0, 0.8333, 0.0, 0.0, 0.7143, 1.0, 0.0, 0.0, 0.0, 0.875, 0.0, 0.0, 0.6875, 0.8, 0.0, 0.0, 0.0, 0.8889, 0.0, 0.0, 0.7143, 0.7, 0.0, 0.0, 0.0, 0.8, 0.0, 0.0, 0.7143, 1.0, 0.0, 0.0, 0.0, 0.8889, 0.0, 1.0, 1.0, 0.3333, 0.0, 0.0, 0.0, 1.0, 0.0, 0.0, 0.0, 0.8333, 0.0, 0.0, 0.0, 1.0, 0.0, 0.0, 0.0, 1.0, 0.0, 0.0, 0.0, 0.8182, 0.0, 0.0, 0.5714, 1.0, 0.0, 0.0, 0.0, 0.8571, 0.0, 0.0, 0.0, 0.5714, 0.0, 0.0, 0.0, 1.0, 0.0, 0.0, 0.0, 1.0, 0.0, 0.0, 0.0, 0.6667, 0.0, 0.0, 0.0, 0.8571, 0.875, 0.0, 0.0, 0.7778, 0.0, 0.0, 0.0, 0.7778, 0.7692, 0.1111, 0.0, 1.0, 0.0, 0.0, 0.0, 1.0, 1.0, 0.0, 0.2222, 0.5714, 0.0, 0.0, 0.0, 0.8333, 1.0, 0.0, 1.0, 1.0, 0.0, 0.0, 0.6, 0.0, 1.0, 0.0, 0.0, 0.75, 0.0, 0.0, 0.8333, 0.0, 0.875, 0.0, 0.0, 1.0, 0.0, 0.0, 0.7143, 0.0, 0.8889, 0.1429, 0.0]","[5, 13, 33, 66, 101, 118, 142, 148, 162, 174, 215, 223, 225]"
one_per_team,0:11,11,one_per_team,0.5695,0.5695,0.5695,1.0,0.5695,0.0,46,True,1139,0,295,566,0,"[0.05, 0.069, 0.0845, 0.1, 0.12, 0.146, 0.1715, 0.1875, 0.205, 0.2235, 0.245, 0.261, 0.2745, 0.288, 0.3015, 0.3195, 0.3335, 0.3495, 0.36, 0.37, 0.3805, 0.3885, 0.398, 0.404, 0.412, 0.421, 0.425, 0.43, 0.438, 0.4435, 0.448, 0.455, 0.4605, 0.4675, 0.477, 0.492, 0.5055, 0.5165, 0.5245, 0.5335, 0.5465, 0.5565, 0.5635, 0.566, 0.568, 0.5695, 0.5695, 0.5695, 0.5695, 0.5695, 0.5695, 0.5695, 0.5695, 0.5695, 0.5695, 0.5695, 0.5695, 0.5695, 0.5695, 0.5695, 0.5695, 0.5695, 0.5695, 0.5695, 0.5695, 0.5695, 0.5695, 0.5695, 0.5695, 0.5695, 0.5695, 0.5695, 0.5695, 0.5695, 0.5695, 0.5695, 0.5695, 0.5695, 0.5695, 0.5695, 0.5695, 0.5695, 0.5695, 0.5695, 0.5695, 0.5695, 0.5695, 0.5695, 0.5695, 0.5695, 0.5695, 0.5695, 0.5695, 0.5695, 0.5695, 0.5695, 0.5695, 0.5695, 0.5695, 0.5695, 0.5695]","{""0"": 0.8435, ""1"": 0.8596, ""2"": 0.0778, ""3"": 0.8876, ""4"": 0.4331, ""5"": 0.2308, ""6"": 0.8659, ""7"": 0.3583}","[0.5556, 1.0, 1.0, 0.0, 1.0, 0.1429, 0.0769, 1.0, 1.0, 1.0, 0.75, 0.0, 1.0, 0.2, 0.0, 0.8889, 1.0, 0.75, 1.0, 0.0, 0.8333, 0.0, 0.125, 1.0, 0.1667, 1.0, 0.875, 0.1, 1.0, 0.0, 0.125, 0.8333, 0.0, 0.6667, 1.0, 0.4444, 1.0, 0.2222, 0.1667, 0.75, 0.0, 1.0, 0.8571, 0.0, 0.8889, 0.0, 0.0, 0.8571, 0.2222, 0.7273, 1.0, 0.1, 1.0, 0.0714, 0.1429, 1.0, 0.0, 1.0, 0.875, 0.1429, 0.6667, 0.0, 1.0, 0.8, 0.0, 1.0, 0.6, 0.125, 0.7273, 0.0, 1.0, 1.0, 0.1, 0.6667, 0.6, 0.125, 0.8889, 0.0, 0.8, 0.875, 0.1667, 1.0, 1.0, 0.0, 1.0, 0.8571, 0.6364, 0.8571, 0.0, 0.75, 1.0, 0.0, 0.8333, 0.8333, 1.0, 1.0, 0.0, 1.0, 1.0, 0.0, 0.875, 1.0, 1.0, 0.6, 0.0, 0.8571, 0.5, 0.0, 0.9091, 1.0, 0.75, 1.0, 0.0, 0.9, 0.8333, 0.2857, 0.8, 0.8571, 0.8, 0.9, 0.0, 0.75, 0.875, 0.0, 0.9, 0.75, 0.0, 1.0, 0.0, 0.8, 0.8889, 0.125, 0.6667, 0.7143, 0.0, 0.8462, 0.1667, 0.8, 0.8, 0.0, 0.8, 0.7143, 0.1111, 0.8, 0.0, 0.875, 0.8889, 0.0714, 0.8889, 1.0, 0.0, 1.0, 0.0, 0.8333, 1.0, 0.0, 0.9091, 0.7, 0.1667, 0.8571, 0.0, 0.75, 0.8571, 0.6667, 0.8889, 0.875, 0.0, 0.6, 0.0, 0.9, 0.9091, 0.0, 0.8, 0.8571, 0.2, 0.8889, 0.7143, 1.0, 0.8571, 0.0, 1.0, 0.8, 0.0, 0.875, 1.0, 0.8571, 1.0, 0.0, 0.9167, 0.0, 0.1667, 0.75, 0.8, 0.7273, 0.6667, 0.1429, 0.8333, 0.0, 0.0, 0.875, 0.8333, 0.75, 0.7778, 0.0909, 0.9, 0.0, 0.0, 0.7692, 0.6667, 0.7778, 1.0, 0.125, 1.0, 0.0, 0.1818, 0.875, 0.9231, 1.0, 0.5714, 0.0, 1.0, 0.1111, 0.0, 0.4286, 1.0, 0.875, 1.0, 0.0, 1.0, 0.8, 0.125, 1.0, 0.9, 0.6, 0.75, 0.0, 0.7778, 0.8333, 0.0, 0.875, 1.0, 1.0, 1.0, 0.0, 0.8889, 0.2857, 0.0, 0.8889, 0.8571, 0.9]","[4, 5, 6, 10, 13, 16, 17, 20, 22, 23, 25, 31, 33, 34, 35, 36, 37, 42, 44, 47, 48, 50, 51, 53, 54, 55, 59, 60, 62, 63, 65, 66, 67, 68, 72, 75, 80, 85, 93, 94, 95, 98, 100, 101, 106, 115, 116, 117, 118, 122, 125, 127, 130, 131, 133, 135, 136, 137, 138, 140, 142, 147, 148, 149, 154, 157, 158, 162, 163, 169, 170, 172, 174, 178, 184, 190, 192, 193, 194, 199, 201, 203, 208, 211, 212, 215, 216, 217, 218, 221, 223, 225, 229, 230, 232, 233, 240, 241, 244, 247]"
random,0:12,12,random,0.7995,0.7995,0.7995,1.0,0.7995,0.0,48,True,1599,0,246,155,0,"[0.05, 0.0745, 0.097, 0.12, 0.151, 0.1765, 0.2065, 0.24, 0.279, 0.3225, 0.3615, 0.395, 0.425, 0.453, 0.4765, 0.4995, 0.5235, 0.5475, 0.577, 0.6035, 0.627, 0.639, 0.6525, 0.6665, 0.6815, 0.6955, 0.708, 0.719, 0.728, 0.737, 0.7445, 0.7505, 0.753, 0.757, 0.7595, 0.762, 0.7665, 0.771, 0.777, 0.7795, 0.7825, 0.7855, 0.7885, 0.79, 0.7925, 0.797, 0.799, 0.7995, 0.7995, 0.7995, 0.7995, 0.7995, 0.7995, 0.7995, 0.7995, 0.7995, 0.7995, 0.7995, 0.7995, 0.7995, 0.7995, 0.7995, 0.7995, 0.7995, 0.7995, 0.7995, 0.7995, 0.7995, 0.7995, 0.7995, 0.7995, 0.7995, 0.7995, 0.7995, 0.7995, 0.7995, 0.7995, 0.7995, 0.7995, 0.7995, 0.7995, 0.7995, 0.7995, 0.7995, 0.7995, 0.7995, 0.7995, 0.7995, 0.7995, 0.7995, 0.7995, 0.7995, 0.7995, 0.7995, 0.7995, 0.7995, 0.7995, 0.7995, 0.7995, 0.7995, 0.7995]","{""0"": 0.8221, ""1"": 0.4903, ""2"": 0.8967, ""3"": 0.6802, ""4"": 0.8917, ""5"": 0.873, ""6"": 0.8702, ""7"": 0.8852}","[1.0, 0.8182, 0.7778, 0.8333, 1.0, 1.0, 0.8182, 0.6154, 1.0, 0.8, 1.0, 0.8333, 1.0, 1.0, 1.0, 1.0, 0.8333, 1.0, 0.7143, 1.0, 1.0, 0.9, 0.8571, 1.0, 0.8889, 0.7778, 1.0, 0.8889, 1.0, 1.0, 0.7778, 0.875, 0.875, 0.875, 0.8333, 1.0, 1.0, 0.6667, 1.0, 1.0, 0.8889, 1.0, 0.75, 0.8333, 0.8333, 1.0, 1.0, 0.7778, 1.0, 1.0, 1.0, 0.8571, 1.0, 0.125, 1.0, 0.8889, 0.8333, 0.875, 0.9091, 0.7778, 0.8182, 0.75, 0.8333, 0.7143, 0.9091, 0.75, 0.9167, 1.0, 0.75, 1.0, 0.8571, 1.0, 0.75, 0.625, 0.875, 1.0, 0.0, 0.9286, 0.75, 0.7778, 0.9, 0.6, 0.8333, 0.8571, 0.0, 1.0, 0.75, 0.75, 1.0, 0.8333, 0.8889, 1.0, 0.0, 1.0, 0.7143, 1.0, 0.4286, 1.0, 1.0, 1.0, 0.0, 1.0, 1.0, 1.0, 1.0, 0.7143, 0.8, 1.0, 0.125, 0.8571, 1.0, 0.6667, 0.875, 0.9091, 0.8, 1.0, 0.0, 0.7143, 0.875, 1.0, 0.875, 0.7143, 0.3333, 0.9286, 0.0, 1.0, 1.0, 0.875, 0.9, 0.6667, 0.0833, 0.9091, 0.3333, 1.0, 0.8667, 0.7143, 0.8333, 1.0, 0.0833, 1.0, 1.0, 0.8889, 1.0, 1.0, 1.0, 0.8182, 0.1538, 1.0, 0.75, 0.8333, 0.8571, 0.875, 0.6, 0.8571, 0.0, 0.8571, 1.0, 0.8, 1.0, 0.7, 0.75, 1.0, 0.0, 0.8333, 0.8462, 0.8, 0.8571, 0.6667, 0.75, 1.0, 0.2, 0.7778, 1.0, 1.0, 0.8182, 1.0, 0.75, 0.9231, 0.0, 0.8571, 1.0, 0.8889, 0.8571, 1.0, 1.0, 0.8571, 0.0, 0.6667, 0.8889, 0.8, 1.0, 0.9167, 1.0, 0.5, 0.0, 0.8889, 0.8571, 0.75, 0.7, 1.0, 0.875, 0.4, 0.0, 1.0, 0.8889, 0.875, 0.8333, 0.9333, 0.8571, 0.75, 0.1111, 1.0, 1.0, 1.0, 0.5556, 0.8, 0.875, 0.8571, 0.0, 1.0, 0.75, 1.0, 0.8, 1.0, 1.0, 0.875, 0.0, 1.0, 1.0, 1.0, 1.0, 0.6, 1.0, 0.7778, 0.8182, 0.7143, 0.7143, 1.0, 1.0, 1.0, 1.0, 0.75, 0.7143, 0.7143, 1.0, 1.0, 0.8333, 1.0, 1.0, 0.7778]","[5, 7, 9, 10, 18, 19, 22, 24, 28, 29, 31, 33, 38, 42, 43, 45, 48, 58, 60, 61, 63, 64, 66, 67, 68, 70, 74, 77, 82, 85, 86, 89, 91, 93, 96, 99, 102, 103, 107, 108, 109, 114, 119, 130, 133, 139, 142, 143, 149, 152, 153, 167, 171, 174, 177, 181, 185, 187, 188, 191, 195, 203, 208, 210, 211, 212, 213, 214, 215, 219, 225, 234, 243, 245, 246, 247, 248, 249]"
champions,0:12,12,champions,0.7965,0.7965,0.7965,1.0,0.7965,0.0,40,True,1593,0,255,152,0,"[0.05, 0.097, 0.149, 0.201, 0.2445, 0.285, 0.3205, 0.352, 0.38, 0.411, 0.449, 0.4815, 0.495, 0.5095, 0.523, 0.5395, 0.558, 0.581, 0.604, 0.6245, 0.643, 0.667, 0.693, 0.7075, 0.722, 0.733, 0.7425, 0.7485, 0.7565, 0.763, 0.772, 0.78, 0.783, 0.785, 0.787, 0.789, 0.791, 0.792, 0.7935, 0.7965, 0.7965, 0.7965, 0.7965, 0.7965, 0.7965, 0.7965, 0.7965, 0.7965, 0.7965, 0.7965, 0.7965, 0.7965, 0.7965, 0.7965, 0.7965, 0.7965, 0.7965, 0.7965, 0.7965, 0.7965, 0.7965, 0.7965, 0.7965, 0.7965, 0.7965, 0.7965, 0.7965, 0.7965, 0.7965, 0.7965, 0.7965, 0.7965, 0.7965, 0.7965, 0.7965, 0.7965, 0.7965, 0.7965, 0.7965, 0.7965, 0.7965, 0.7965, 0.7965, 0.7965, 0.7965, 0.7965, 0.7965, 0.7965, 0.7965, 0.7965, 0.7965, 0.7965, 0.7965, 0.7965, 0.7965, 0.7965, 0.7965, 0.7965, 0.7965, 0.7965, 0.7965]","{""0"": 0.7312, ""1"": 0.6834, ""2"": 0.8884, ""3"": 0.8745, ""4"": 0.6708, ""5"": 0.8611, ""6"": 0.7824, ""7"": 0.8852}","[1.0, 0.8182, 0.7778, 0.8333, 1.0, 1.0, 0.8182, 0.6923, 1.0, 0.8, 1.0, 0.8333, 1.0, 1.0, 1.0, 1.0, 0.8333, 1.0, 0.7143, 1.0, 1.0, 0.9, 0.7143, 1.0, 0.7778, 0.7778, 1.0, 0.8889, 0.8182, 1.0, 0.7778, 0.875, 0.875, 0.875, 0.8333, 1.0, 1.0, 0.6667, 1.0, 1.0, 0.8889, 1.0, 0.75, 0.8333, 0.8333, 1.0, 1.0, 0.7778, 1.0, 1.0, 1.0, 0.8571, 1.0, 0.125, 1.0, 0.8889, 0.8333, 0.875, 0.9091, 0.7778, 0.8182, 0.75, 0.8333, 0.1429, 0.9091, 0.75, 0.9167, 1.0, 0.75, 1.0, 0.8571, 0.0, 0.75, 0.625, 0.875, 1.0, 1.0, 0.9286, 0.75, 0.1111, 0.9, 0.6, 0.8333, 0.8571, 0.9091, 0.9167, 0.625, 0.125, 1.0, 0.6667, 1.0, 1.0, 0.875, 1.0, 0.7143, 1.0, 0.4286, 1.0, 1.0, 0.875, 0.5, 1.0, 1.0, 1.0, 1.0, 0.7143, 0.8, 1.0, 0.75, 0.7143, 1.0, 0.6667, 0.875, 0.9091, 0.8, 1.0, 0.7273, 0.7143, 0.875, 1.0, 0.875, 0.7143, 0.8333, 0.9286, 1.0, 1.0, 1.0, 0.875, 0.9, 0.6667, 0.8333, 0.9091, 0.6667, 1.0, 0.8667, 0.7143, 0.8333, 1.0, 0.9167, 1.0, 1.0, 0.8889, 1.0, 1.0, 1.0, 0.8182, 1.0, 1.0, 0.75, 0.8333, 0.8571, 0.875, 0.6, 0.7143, 1.0, 0.8571, 1.0, 0.8, 1.0, 0.8, 0.75, 1.0, 0.9, 0.8333, 0.8462, 0.0, 0.8571, 0.6667, 0.875, 1.0, 0.8, 0.7778, 1.0, 0.0, 0.8182, 1.0, 0.75, 0.9231, 0.8571, 0.8571, 1.0, 0.1111, 0.8571, 1.0, 1.0, 0.8571, 0.0, 0.6667, 0.7778, 0.0, 1.0, 0.9167, 1.0, 0.5, 0.0, 0.8889, 0.8571, 0.25, 0.7, 1.0, 0.875, 0.0, 0.0, 0.875, 0.8889, 0.0, 0.8333, 0.9333, 0.8571, 0.0, 0.0, 1.0, 1.0, 0.0, 0.5556, 0.7, 0.875, 0.0, 0.2222, 1.0, 0.75, 0.1, 0.8, 1.0, 1.0, 0.0, 0.0, 1.0, 1.0, 1.0, 1.0, 0.6, 1.0, 0.7778, 0.0, 0.7143, 0.7143, 1.0, 1.0, 1.0, 1.0, 0.75, 0.7143, 0.7143, 1.0, 1.0, 0.6667, 1.0, 1.0, 0.7778]","[0, 1, 7, 13, 15, 23, 24, 27, 31, 33, 34, 36, 39, 42, 54, 57, 58, 64, 66, 69, 74, 77, 78, 80, 84, 90, 92, 101, 108, 112, 123, 124, 126, 130, 131, 134, 138, 145, 146, 159, 160, 164, 166, 167, 168, 172, 177, 181, 184, 185, 191, 196, 197, 199, 207, 218, 223, 224, 230, 232, 235, 244]"
cluster,0:12,12,cluster,0.3445,0.3445,0.3445,1.0,0.3445,0.0,35,True,689,0,253,1058,0,"[0.05, 0.068, 0.088, 0.1085, 0.1265, 0.1415, 0.153, 0.1645, 0.1775, 0.191, 0.2, 0.2095, 0.216, 0.2195, 0.2245, 0.2315, 0.2395, 0.247, 0.2545, 0.2605, 0.2655, 0.2715, 0.2775, 0.282, 0.2885, 0.2965, 0.306, 0.315, 0.321, 0.328, 0.3345, 0.3405, 0.3435, 0.344, 0.3445, 0.3445, 0.3445, 0.3445, 0.3445, 0.3445, 0.3445, 0.3445, 0.3445, 0.3445, 0.3445, 0.3445, 0.3445, 0.3445, 0.3445, 0.3445, 0.3445, 0.3445, 0.3445, 0.3445, 0.3445, 0.3445, 0.3445, 0.3445, 0.3445, 0.3445, 0.3445, 0.3445, 0.3445, 0.3445, 0.3445, 0.3445, 0.3445, 0.3445, 0.3445, 0.3445, 0.3445, 0.3445, 0.3445, 0.3445, 0.3445, 0.3445, 0.3445, 0.3445, 0.3445, 0.3445, 0.3445, 0.3445, 0.3445, 0.3445, 0.3445, 0.3445, 0.3445, 0.3445, 0.3445, 0.3445, 0.3445, 0.3445, 0.3445, 0.3445, 0.3445, 0.3445, 0.3445, 0.3445, 0.3445, 0.3445, 0.3445]","{""0"": 0.336, ""1"": 0.3591, ""2"": 0.1612, ""3"": 0.8826, ""4"": 0.0125, ""5"": 0.6587, ""6"": 0.3092, ""7"": 0.0164}","[0.2222, 1.0, 0.0, 0.8333, 1.0, 0.0, 0.8182, 0.0, 0.0, 0.8, 0.0, 0.0, 1.0, 0.0, 1.0, 0.1667, 0.0, 1.0, 0.0, 0.0, 1.0, 0.0, 0.7143, 0.0, 0.0, 0.7778, 0.0, 0.0, 0.8182, 0.0, 0.7778, 0.0, 0.125, 0.75, 0.0, 0.0, 1.0, 0.0, 1.0, 0.0, 0.0, 1.0, 0.0, 0.0, 0.8333, 0.0, 1.0, 0.0, 0.0909, 1.0, 0.0, 0.0, 1.0, 0.0, 1.0, 0.0, 0.0, 0.875, 0.0, 0.0, 0.8182, 0.0, 1.0, 0.1429, 0.0909, 0.625, 0.0833, 0.0, 0.75, 0.1429, 0.8571, 0.0, 0.0, 0.0, 0.0, 0.0, 1.0, 0.0, 0.625, 0.0, 0.0, 0.0, 0.0, 0.0, 1.0, 0.0, 0.125, 0.125, 0.0, 0.0, 0.1111, 0.0, 0.75, 0.0, 0.0, 1.0, 0.0, 0.0, 0.0, 0.0, 0.5, 0.0, 0.0, 1.0, 0.1, 0.1429, 0.0, 0.0, 0.75, 0.1429, 0.0, 0.6667, 0.0, 0.0, 0.0, 0.0, 0.7273, 0.0, 0.0, 1.0, 0.0, 0.0, 0.0, 0.0, 1.0, 0.0, 0.0, 0.0, 0.0, 0.1667, 0.0, 0.0, 1.0, 0.0, 0.0, 0.0, 0.0, 0.0, 1.0, 0.0, 1.0, 0.0, 1.0, 0.0, 0.0, 0.0909, 1.0, 0.0, 0.75, 0.0, 0.8571, 0.125, 0.0, 0.0, 1.0, 0.0, 1.0, 0.2, 1.0, 0.1, 0.0, 0.0, 0.9, 0.0, 0.8462, 0.0, 0.8571, 0.0, 0.0, 0.0, 0.8, 0.0, 1.0, 0.0, 0.8182, 0.125, 0.0, 0.0, 0.8571, 0.0, 1.0, 0.0, 0.8571, 0.0, 0.0, 0.0, 1.0, 0.0, 0.7778, 0.0, 1.0, 0.0833, 0.0, 0.0, 1.0, 0.1111, 0.8571, 0.0, 0.7, 1.0, 0.0, 0.0, 1.0, 0.125, 0.8889, 0.0, 0.8333, 0.9333, 0.0, 0.0, 0.8889, 1.0, 1.0, 0.0, 0.5556, 0.7, 0.0, 0.0, 1.0, 1.0, 0.75, 0.0, 0.8, 1.0, 0.0, 0.0, 0.0, 1.0, 1.0, 0.0, 1.0, 1.0, 0.0, 0.7778, 0.0, 0.7857, 0.7143, 0.0, 1.0, 1.0, 0.0, 0.75, 0.0, 0.7143, 1.0, 0.0, 0.6667, 0.6667, 0.0, 0.7778]","[1, 17, 62, 84, 103, 132, 138, 146, 186, 199, 227, 231, 235]"
one_per_team,0:12,12,one_per_team,0.8695,0.8695,0.8695,1.0,0.8695,0.0,36,True,1739,0,251,10,0,"[0.05, 0.073, 0.088, 0.1055, 0.132, 0.17, 0.2085, 0.246, 0.2845, 0.316, 0.3535, 0.3925, 0.4315, 0.466, 0.4935, 0.527, 0.565, 0.5905, 0.611, 0.638, 0.6735, 0.7, 0.7295, 0.754, 0.778, 0.803, 0.817, 0.829, 0.8395, 0.8495, 0.857, 0.8625, 0.865, 0.868, 0.869, 0.8695, 0.8695, 0.8695, 0.8695, 0.8695, 0.8695, 0.8695, 0.8695, 0.8695, 0.8695, 0.8695, 0.8695, 0.8695, 0.8695, 0.8695, 0.8695, 0.8695, 0.8695, 0.8695, 0.8695, 0.8695, 0.8695, 0.8695, 0.8695, 0.8695, 0.8695, 0.8695, 0.8695, 0.8695, 0.8695, 0.8695, 0.8695, 0.8695, 0.8695, 0.8695, 0.8695, 0.8695, 0.8695, 0.8695, 0.8695, 0.8695, 0.8695, 0.8695, 0.8695, 0.8695, 0.8695, 0.8695, 0.8695, 0.8695, 0.8695, 0.8695, 0.8695, 0.8695, 0.8695, 0.8695, 0.8695, 0.8695, 0.8695, 0.8695, 0.8695, 0.8695, 0.8695, 0.8695, 0.8695, 0.8695, 0.8695]","{""0"": 0.8261, ""1"": 0.8571, ""2"": 0.8884, ""3"": 0.8907, ""4"": 0.8875, ""5"": 0.8611, ""6"": 0.8626, ""7"": 0.8852}","[1.0, 0.8182, 0.7778, 0.8333, 1.0, 1.0, 0.8182, 0.5385, 1.0, 0.8, 1.0, 0.8333, 1.0, 1.0, 1.0, 1.0, 0.8333, 1.0, 0.7143, 1.0, 1.0, 0.9, 0.7143, 1.0, 0.7778, 0.7778, 1.0, 0.8889, 0.8182, 1.0, 0.7778, 0.875, 0.875, 0.875, 0.8333, 1.0, 1.0, 0.6667, 1.0, 1.0, 0.8889, 1.0, 0.75, 0.8333, 1.0, 1.0, 1.0, 0.7778, 1.0, 1.0, 1.0, 0.8571, 1.0, 0.125, 1.0, 0.8889, 0.8333, 0.875, 1.0, 0.7778, 0.8182, 0.75, 0.8333, 0.7143, 0.9091, 0.75, 0.9167, 1.0, 0.75, 1.0, 0.8571, 1.0, 0.75, 0.625, 0.875, 1.0, 1.0, 0.9286, 0.75, 0.7778, 0.9, 0.6, 0.8333, 0.8571, 0.9091, 0.9167, 0.625, 0.75, 1.0, 0.6667, 0.8889, 1.0, 0.875, 1.0, 0.7143, 1.0, 0.5714, 1.0, 1.0, 0.875, 0.5, 1.0, 1.0, 1.0, 1.0, 0.7143, 0.8, 1.0, 0.75, 0.7143, 1.0, 0.6667, 0.875, 0.9091, 1.0, 1.0, 0.8182, 0.7143, 0.875, 1.0, 0.875, 0.8571, 0.8333, 0.9286, 1.0, 1.0, 1.0, 0.875, 0.9, 0.6667, 0.8333, 0.9091, 0.8333, 1.0, 0.8667, 0.7143, 0.8333, 1.0, 0.9167, 1.0, 1.0, 0.8889, 1.0, 1.0, 1.0, 0.8182, 0.9231, 1.0, 0.75, 0.8333, 0.8571, 0.875, 0.6, 0.8571, 1.0, 0.8571, 1.0, 0.8, 1.0, 0.7, 0.75, 1.0, 0.9, 0.8333, 0.9231, 0.8, 0.8571, 0.6667, 0.75, 1.0, 0.8, 0.7778, 1.0, 1.0, 0.8182, 1.0, 0.75, 0.9231, 0.8571, 0.8571, 1.0, 0.8889, 0.8571, 1.0, 1.0, 0.8571, 1.0, 0.6667, 0.7778, 1.0, 1.0, 0.9167, 1.0, 0.5, 1.0, 0.8889, 0.8571, 0.75, 0.7, 1.0, 0.875, 0.6, 1.0, 0.875, 0.8889, 0.875, 0.8333, 0.9333, 0.8571, 0.75, 0.8889, 1.0, 1.0, 1.0, 0.5556, 0.7, 0.875, 0.8571, 1.0, 1.0, 0.75, 1.0, 0.8, 1.0, 1.0, 0.875, 0.75, 1.0, 1.0, 1.0, 1.0, 0.6, 1.0, 0.7778, 0.0, 0.7143, 0.7143, 1.0, 1.0, 1.0, 1.0, 0.75, 0.7143, 0.7143, 1.0, 1.0, 0.6667, 1.0, 1.0, 0.7778]","[1, 2, 6, 8, 15, 16, 17, 19, 21, 26, 28, 31, 32, 33, 37, 38, 39, 41, 42, 44, 45, 56, 58, 59, 60, 62, 63, 67, 68, 69, 70, 71, 72, 73, 75, 83, 84, 87, 91, 92, 96, 98, 99, 100, 103, 107, 108, 113, 114, 116, 117, 120, 121, 123, 124, 126, 132, 134, 137, 138, 139, 144, 146, 148, 149, 153, 154, 156, 160, 161, 163, 164, 167, 169, 171, 183, 185, 186, 187, 189, 190, 192, 199, 201, 204, 208, 212, 213, 215, 224, 225, 227, 230, 231, 235, 238, 240, 244, 247, 249]"
random,0:13,13,random,0.7935,0.7935,0.7935,1.0,0.7935,0.0,31,True,1587,0,294,119,0,"[0.05, 0.078, 0.103, 0.1345, 0.174, 0.2185, 0.274, 0.318, 0.3665, 0.4145, 0.469, 0.5135, 0.548, 0.572, 0.607, 0.64, 0.6685, 0.6895, 0.7085, 0.721, 0.7325, 0.746, 0.758, 0.767, 0.7725, 0.78, 0.7855, 0.7865, 0.788, 0.791, 0.7935, 0.7935, 0.7935, 0.7935, 0.7935, 0.7935, 0.7935, 0.7935, 0.7935, 0.7935, 0.7935, 0.7935, 0.7935, 0.7935, 0.7935, 0.7935, 0.7935, 0.7935, 0.7935, 0.7935, 0.7935, 0.7935, 0.7935, 0.7935, 0.7935, 0.7935, 0.7935, 0.7935, 0.7935, 0.7935, 0.7935, 0.7935, 0.7935, 0.7935, 0.7935, 0.7935, 0.7935, 0.7935, 0.7935, 0.7935, 0.7935, 0.7935, 0.7935, 0.7935, 0.7935, 0.7935, 0.7935, 0.7935, 0.7935, 0.7935, 0.7935, 0.7935, 0.7935, 0.7935, 0.7935, 0.7935, 0.7935, 0.7935, 0.7935, 0.7935, 0.7935, 0.7935, 0.7935, 0.7935, 0.7935, 0.7935, 0.7935, 0.7935, 0.7935, 0.7935, 0.7935]","{""0"": 0.5576, ""1"": 0.749, ""2"": 0.7649, ""3"": 0.8476, ""4"": 0.865, ""5"": 0.8508, ""6"": 0.9005, ""7"": 0.859}","[0.8889, 0.0, 0.8889, 0.625, 0.8, 1.0, 0.7692, 0.5714, 0.8889, 0.0, 0.75, 0.875, 0.8333, 0.8333, 0.875, 0.8, 0.9, 0.0, 1.0, 1.0, 0.8182, 0.8333, 0.6667, 1.0, 0.8, 0.0, 1.0, 0.7143, 0.75, 0.8, 0.8571, 1.0, 0.6667, 0.0, 0.9091, 0.8182, 1.0, 1.0, 1.0, 0.75, 0.7778, 0.75, 0.8571, 0.7778, 0.7273, 1.0, 0.7778, 0.8333, 1.0, 0.5, 0.8182, 0.8571, 0.9091, 0.8571, 1.0, 1.0, 1.0, 0.7692, 0.8333, 0.75, 0.875, 0.9, 0.9, 0.8571, 1.0, 1.0, 0.8, 0.875, 0.7273, 0.75, 0.7778, 0.8333, 1.0, 0.7778, 0.7143, 1.0, 0.8571, 0.75, 0.5, 1.0, 0.875, 0.8333, 1.0, 0.8889, 0.75, 0.7778, 0.875, 1.0, 0.8, 0.8571, 0.875, 0.8571, 0.8571, 0.8333, 0.7143, 1.0, 1.0, 0.7273, 0.8571, 1.0, 0.8889, 1.0, 1.0, 0.875, 1.0, 1.0, 0.8889, 0.5714, 0.9, 0.8333, 0.8333, 0.875, 1.0, 0.7143, 1.0, 1.0, 0.875, 0.75, 0.8, 0.8571, 0.7143, 0.5, 0.5, 0.9, 1.0, 1.0, 0.8571, 1.0, 1.0, 0.875, 0.875, 1.0, 0.8, 1.0, 1.0, 0.8333, 0.7143, 0.7692, 0.8, 0.875, 0.7143, 1.0, 0.8571, 1.0, 0.875, 0.9091, 1.0, 0.1, 0.8571, 0.625, 0.8, 0.7143, 0.8571, 0.7778, 0.7778, 0.0, 0.8571, 0.75, 0.8, 0.875, 0.7143, 0.7143, 1.0, 0.0, 0.9091, 0.625, 0.8571, 1.0, 1.0, 0.75, 1.0, 0.8571, 0.8333, 0.8, 0.875, 0.8, 0.5455, 0.6667, 0.7778, 0.9, 0.875, 1.0, 1.0, 1.0, 1.0, 0.875, 0.0, 0.8, 0.75, 1.0, 1.0, 1.0, 0.8571, 1.0, 0.0, 0.6364, 0.8571, 1.0, 1.0, 1.0, 1.0, 0.875, 0.0909, 1.0, 0.75, 0.8, 0.875, 1.0, 0.4, 0.875, 0.1667, 1.0, 0.8, 0.8571, 0.9, 1.0, 0.8889, 1.0, 0.8571, 0.7273, 1.0, 1.0, 0.8571, 0.9167, 0.8, 0.0, 0.9, 0.8, 1.0, 0.7778, 0.75, 0.6667, 1.0, 0.0, 0.8333, 1.0, 0.7143, 0.9, 1.0, 0.8333, 0.75, 0.0, 1.0, 1.0, 1.0, 0.8333, 0.6, 0.8571, 0.875, 0.0]","[0, 2, 3, 8, 19, 20, 21, 23, 26, 30, 35, 36, 37, 39, 40, 41, 42, 44, 45, 46, 49, 50, 57, 62, 65, 68, 70, 76, 78, 83, 85, 87, 88, 90, 93, 94, 95, 100, 102, 105, 108, 115, 117, 119, 121, 122, 123, 128, 130, 132, 133, 135, 136, 138, 140, 141, 143, 145, 146, 148, 150, 154, 156, 158, 159, 161, 168, 171, 179, 180, 181, 183, 192, 199, 201, 212, 213, 216, 217, 220, 223, 227, 229, 232, 239, 242]"
champions,0:13,13,champions,0.8395,0.8395,0.8395,1.0,0.8395,0.0,37,True,1679,0,295,26,0,"[0.05, 0.09, 0.1375, 0.1915, 0.2505, 0.3, 0.3405, 0.3855, 0.4275, 0.4755, 0.5215, 0.559, 0.5875, 0.607, 0.63, 0.651, 0.669, 0.6885, 0.7165, 0.7455, 0.7675, 0.7775, 0.7885, 0.796, 0.8035, 0.808, 0.8115, 0.815, 0.817, 0.818, 0.8205, 0.824, 0.8275, 0.8315, 0.8345, 0.838, 0.8395, 0.8395, 0.8395, 0.8395, 0.8395, 0.8395, 0.8395, 0.8395, 0.8395, 0.8395, 0.8395, 0.8395, 0.8395, 0.8395, 0.8395, 0.8395, 0.8395, 0.8395, 0.8395, 0.8395, 0.8395, 0.8395, 0.8395, 0.8395, 0.8395, 0.8395, 0.8395, 0.8395, 0.8395, 0.8395, 0.8395, 0.8395, 0.8395, 0.8395, 0.8395, 0.8395, 0.8395, 0.8395, 0.8395, 0.8395, 0.8395, 0.8395, 0.8395, 0.8395, 0.8395, 0.8395, 0.8395, 0.8395, 0.8395, 0.8395, 0.8395, 0.8395, 0.8395, 0.8395, 0.8395, 0.8395, 0.8395, 0.8395, 0.8395, 0.8395, 0.8395, 0.8395, 0.8395, 0.8395, 0.8395]","{""0"": 0.7986, ""1"": 0.8566, ""2"": 0.8507, ""3"": 0.8513, ""4"": 0.7553, ""5"": 0.8589, ""6"": 0.8959, ""7"": 0.8546}","[1.0, 0.5714, 0.8889, 0.625, 0.8, 1.0, 0.9231, 0.5714, 0.8889, 0.875, 0.75, 0.875, 0.9167, 0.8333, 0.875, 0.8, 0.9, 0.8333, 1.0, 1.0, 0.8182, 1.0, 0.6667, 0.8571, 0.8, 0.8333, 1.0, 0.7143, 0.75, 0.8, 0.8571, 1.0, 0.6667, 0.8, 0.9091, 0.8182, 1.0, 0.875, 1.0, 0.75, 0.7778, 0.625, 0.8571, 0.7778, 0.7273, 1.0, 0.7778, 0.8333, 1.0, 0.25, 0.8182, 0.8571, 1.0, 0.8571, 1.0, 1.0, 1.0, 0.7692, 0.8333, 0.75, 0.875, 0.1, 0.8, 0.8571, 1.0, 1.0, 0.8, 0.875, 0.7273, 0.0, 0.7778, 0.8333, 1.0, 0.7778, 0.7143, 1.0, 0.8571, 0.0, 0.625, 1.0, 0.875, 0.8333, 1.0, 0.7778, 0.75, 0.0, 0.875, 1.0, 0.8, 0.8571, 0.875, 0.8571, 0.8571, 0.8333, 0.7143, 1.0, 1.0, 0.7273, 0.8571, 1.0, 0.8889, 1.0, 1.0, 0.875, 1.0, 1.0, 0.8889, 0.5714, 0.9, 0.8333, 0.8333, 0.875, 1.0, 0.7143, 1.0, 0.8333, 0.875, 0.5, 0.8, 0.8571, 0.7143, 0.5, 0.5, 0.9, 1.0, 1.0, 0.8571, 1.0, 0.9, 0.875, 0.875, 1.0, 0.8, 1.0, 1.0, 0.8333, 0.7143, 0.8462, 0.8, 0.875, 0.7143, 1.0, 0.8571, 1.0, 0.875, 0.9091, 1.0, 0.7, 0.7143, 0.625, 0.8, 0.7143, 0.8571, 0.7778, 0.7778, 0.7, 0.8571, 0.75, 0.8, 0.875, 0.7143, 0.7143, 1.0, 0.9091, 0.9091, 0.625, 0.8571, 1.0, 1.0, 0.75, 1.0, 1.0, 0.8333, 0.8, 0.875, 0.8, 0.5455, 0.6667, 0.7778, 0.9, 0.875, 1.0, 1.0, 1.0, 1.0, 0.875, 0.8333, 1.0, 0.75, 1.0, 1.0, 1.0, 0.8571, 1.0, 0.8889, 0.6364, 0.8571, 1.0, 1.0, 1.0, 1.0, 0.875, 0.6364, 1.0, 0.75, 0.8, 0.875, 1.0, 0.4, 0.875, 0.8333, 1.0, 0.8, 0.8571, 0.9, 1.0, 0.8889, 0.8571, 0.8571, 0.7273, 1.0, 1.0, 0.8571, 0.9167, 0.8, 0.8182, 0.9, 0.8, 1.0, 0.6667, 0.75, 0.6667, 1.0, 1.0, 0.8333, 1.0, 0.7143, 0.9, 1.0, 0.8333, 0.75, 0.9, 1.0, 1.0, 1.0, 0.8333, 0.6, 0.8571, 0.875, 0.6364]","[0, 2, 4, 5, 6, 10, 12, 13, 17, 18, 19, 21, 24, 36, 37, 38, 44, 45, 48, 52, 53, 56, 58, 60, 62, 75, 78, 91, 94, 95, 97, 99, 105, 128, 129, 130, 132, 137, 138, 145, 147, 148, 150, 153, 157, 163, 166, 171, 174, 179, 187, 199, 202, 204, 209, 210, 211, 212, 213, 223, 225, 234, 236, 242, 245]"
cluster,0:13,13,cluster,0.235,0.235,0.235,1.0,0.235,0.0,19,True,470,0,291,1239,0,"[0.05, 0.0665, 0.0865, 0.1065, 0.125, 0.1375, 0.145, 0.1545, 0.166, 0.175, 0.183, 0.193, 0.2015, 0.2105, 0.217, 0.222, 0.228, 0.2315, 0.235, 0.235, 0.235, 0.235, 0.235, 0.235, 0.235, 0.235, 0.235, 0.235, 0.235, 0.235, 0.235, 0.235, 0.235, 0.235, 0.235, 0.235, 0.235, 0.235, 0.235, 0.235, 0.235, 0.235, 0.235, 0.235, 0.235, 0.235, 0.235, 0.235, 0.235, 0.235, 0.235, 0.235, 0.235, 0.235, 0.235, 0.235, 0.235, 0.235, 0.235, 0.235, 0.235, 0.235, 0.235, 0.235, 0.235, 0.235, 0.235, 0.235, 0.235, 0.235, 0.235, 0.235, 0.235, 0.235, 0.235, 0.235, 0.235, 0.235, 0.235, 0.235, 0.235, 0.235, 0.235, 0.235, 0.235, 0.235, 0.235, 0.235, 0.235, 0.235, 0.235, 0.235, 0.235, 0.235, 0.235, 0.235, 0.235, 0.235, 0.235, 0.235, 0.235]","{""0"": 0.536, ""1"": 0.1076, ""2"": 0.1007, ""3"": 0.6468, ""4"": 0.1603, ""5"": 0.1895, ""6"": 0.0362, ""7"": 0.0}","[0.1111, 0.4286, 0.0, 0.0, 0.0, 0.0, 0.0, 0.0, 0.0, 0.0, 0.0, 0.0, 0.0, 0.0, 0.0, 0.0, 0.0, 0.0, 0.0, 0.0, 0.0, 0.0, 0.0, 0.0, 0.0, 0.0, 1.0, 0.0, 0.0, 0.0, 0.0, 0.0, 0.0, 0.0, 1.0, 0.0, 0.0, 0.0, 0.0, 0.0, 0.0, 0.125, 0.8571, 0.0, 0.7273, 0.0, 0.0, 0.0, 0.0, 0.25, 0.1818, 0.0, 0.9091, 0.0, 0.0, 0.0, 0.0, 0.7692, 0.0, 0.0, 0.875, 0.0, 0.0, 1.0, 0.0, 1.0, 0.0, 0.0, 0.7273, 0.0, 0.0, 0.1667, 0.0, 1.0, 0.0, 0.0, 0.8571, 0.0, 0.0, 0.0, 0.0, 0.8333, 0.0, 0.1111, 0.75, 0.0, 0.0, 0.0, 0.0, 0.8571, 0.0, 0.0, 1.0, 0.0, 0.0, 0.0, 0.0, 0.7273, 0.0, 0.0, 0.8889, 0.0, 0.125, 0.0, 0.0, 1.0, 0.0, 0.0, 0.9, 0.0, 0.8333, 0.0, 0.0, 0.7143, 0.0, 0.0, 0.875, 0.0, 0.8, 0.0, 0.0, 1.0, 0.0, 0.0, 1.0, 0.0, 1.0, 0.0, 0.0, 0.0, 0.0, 0.0, 0.8, 0.0, 1.0, 0.0, 0.0, 0.0, 0.0, 0.0, 0.7143, 0.0, 0.8571, 0.0, 0.0, 0.0, 0.0, 0.0, 0.7143, 0.0, 0.8, 0.0, 0.0, 0.0, 0.0, 0.0, 0.8571, 0.0, 0.8, 0.0, 0.0, 0.0, 0.0, 0.0, 0.9091, 0.0, 0.0, 0.0, 0.0, 0.0, 0.0, 0.0, 0.8333, 0.8, 0.0, 0.0, 0.0, 0.6667, 0.1111, 0.0, 0.875, 1.0, 0.0, 0.0, 0.0, 0.875, 0.0, 0.2, 0.75, 1.0, 0.0, 0.0, 0.0, 1.0, 0.0, 0.0, 0.8571, 1.0, 0.0, 0.0, 0.0, 0.875, 0.0, 1.0, 1.0, 0.8, 0.0, 0.0, 0.0, 0.875, 0.0, 1.0, 0.7, 0.8571, 0.0, 0.0, 0.0, 0.8571, 0.0, 0.6364, 1.0, 1.0, 0.0, 0.0, 0.0, 0.7273, 0.0, 0.0, 1.0, 0.1111, 0.0, 0.0, 0.0, 1.0, 0.0, 0.0, 0.0, 0.0, 0.0, 0.0, 0.0, 1.0, 0.0, 0.0, 0.1429, 0.0, 0.0, 0.0, 0.0, 1.0]","[34, 63, 73, 92, 121, 124, 126, 150, 181, 203, 204, 241, 249]"
one_per_team,0:13,13,one_per_team,0.617,0.617,0.617,1.0,0.617,0.0,50,True,1234,0,287,479,0,"[0.05, 0.068, 0.0805, 0.095, 0.1115, 0.129, 0.1485, 0.1695, 0.1915, 0.2135, 0.2355, 0.255, 0.2745, 0.2895, 0.3, 0.3135, 0.331, 0.3495, 0.366, 0.381, 0.393, 0.404, 0.417, 0.4305, 0.4425, 0.456, 0.4645, 0.473, 0.483, 0.49, 0.496, 0.503, 0.512, 0.518, 0.5255, 0.53, 0.5335, 0.5395, 0.5525, 0.5635, 0.5725, 0.578, 0.584, 0.59, 0.598, 0.6015, 0.605, 0.612, 0.6165, 0.617, 0.617, 0.617, 0.617, 0.617, 0.617, 0.617, 0.617, 0.617, 0.617, 0.617, 0.617, 0.617, 0.617, 0.617, 0.617, 0.617, 0.617, 0.617, 0.617, 0.617, 0.617, 0.617, 0.617, 0.617, 0.617, 0.617, 0.617, 0.617, 0.617, 0.617, 0.617, 0.617, 0.617, 0.617, 0.617, 0.617, 0.617, 0.617, 0.617, 0.617, 0.617, 0.617, 0.617, 0.617, 0.617, 0.617, 0.617, 0.617, 0.617, 0.617, 0.617]","{""0"": 0.8022, ""1"": 0.8606, ""2"": 0.0784, ""3"": 0.8625, ""4"": 0.443, ""5"": 0.8508, ""6"": 0.9005, ""7"": 0.1145}","[0.6667, 0.5714, 0.8889, 0.0, 0.8, 0.0, 0.7692, 0.5714, 0.8889, 0.875, 0.75, 0.125, 0.8333, 0.0833, 0.875, 0.8, 0.0, 0.8333, 1.0, 0.0909, 0.8182, 0.0, 0.6667, 0.8571, 0.0, 0.8333, 1.0, 0.1429, 0.75, 0.0, 0.8571, 1.0, 0.0, 0.8, 0.9091, 0.1818, 1.0, 0.125, 1.0, 0.75, 0.0, 0.75, 0.8571, 0.1111, 0.8182, 0.0909, 0.7778, 0.8333, 0.0, 0.25, 0.8182, 0.0, 0.9091, 0.0, 1.0, 1.0, 0.0, 0.7692, 1.0, 0.125, 0.875, 0.1, 0.8, 0.8571, 0.0, 1.0, 0.8, 0.0, 0.7273, 0.0, 0.7778, 0.8333, 0.0, 0.7778, 0.7143, 0.0, 0.8571, 0.0, 0.5, 1.0, 0.0, 0.8333, 1.0, 0.1111, 0.75, 0.0, 0.875, 1.0, 0.0, 0.8571, 0.875, 0.0, 1.0, 0.8333, 0.7143, 1.0, 0.2, 0.7273, 0.8571, 0.0, 0.8889, 1.0, 1.0, 0.875, 0.3333, 1.0, 0.8889, 0.0, 0.9, 0.8333, 0.8333, 0.875, 0.0, 0.7143, 1.0, 0.1667, 0.875, 0.5, 0.8, 0.8571, 0.1429, 0.5, 0.5, 0.0, 1.0, 1.0, 0.8571, 1.0, 0.1, 1.0, 0.875, 0.0, 0.8, 1.0, 1.0, 0.8333, 0.0, 0.7692, 0.8, 0.0, 0.7143, 1.0, 0.8571, 1.0, 0.125, 0.9091, 1.0, 0.0, 0.8571, 0.625, 0.8, 0.7143, 0.0, 0.7778, 0.7778, 0.1, 0.8571, 0.75, 0.8, 0.875, 0.0, 0.8571, 1.0, 0.0, 0.9091, 0.625, 0.8571, 1.0, 0.1667, 0.75, 1.0, 0.2857, 1.0, 0.8, 0.875, 0.8, 0.0, 0.6667, 0.7778, 0.1, 0.875, 1.0, 1.0, 1.0, 0.0, 0.875, 0.8333, 0.6, 0.75, 1.0, 1.0, 1.0, 0.0, 1.0, 0.8889, 0.0, 0.8571, 1.0, 1.0, 1.0, 0.0, 0.875, 0.6364, 0.2222, 0.875, 0.8, 0.875, 1.0, 0.2, 0.875, 0.75, 0.0, 0.7, 0.8571, 0.9, 1.0, 0.0, 0.8571, 0.8571, 0.0, 1.0, 1.0, 0.8571, 0.9167, 0.0, 0.7273, 1.0, 0.2, 1.0, 0.1111, 0.75, 0.8333, 0.0, 1.0, 0.8333, 0.1667, 0.8571, 0.0, 1.0, 0.8333, 0.75, 0.9, 1.0, 0.0, 1.0, 0.0833, 0.8, 0.8571, 1.0, 0.7273]","[4, 7, 9, 12, 14, 19, 20, 22, 27, 30, 33, 34, 35, 37, 39, 41, 43, 44, 47, 54, 58, 62, 63, 65, 66, 68, 70, 73, 78, 79, 82, 92, 93, 95, 96, 98, 102, 104, 108, 113, 114, 115, 120, 121, 122, 124, 125, 126, 128, 129, 132, 140, 141, 144, 145, 148, 150, 151, 155, 158, 159, 161, 166, 167, 168, 172, 175, 179, 181, 183, 186, 187, 189, 190, 196, 197, 198, 199, 202, 203, 204, 208, 210, 218, 225, 226, 227, 228, 230, 231, 233, 234, 236, 239, 241, 242, 245, 246, 248, 249]"
random,0:14,14,random,0.645,0.645,0.645,1.0,0.645,0.0,37,True,1290,0,282,428,0,"[0.05, 0.076, 0.097, 0.1265, 0.16, 0.194, 0.2255, 0.258, 0.287, 0.3155, 0.3455, 0.3755, 0.406, 0.4425, 0.474, 0.5, 0.5255, 0.548, 0.5675, 0.577, 0.587, 0.5935, 0.6015, 0.609, 0.615, 0.618, 0.6215, 0.626, 0.6285, 0.6305, 0.632, 0.6345, 0.636, 0.6395, 0.642, 0.6445, 0.645, 0.645, 0.645, 0.645, 0.645, 0.645, 0.645, 0.645, 0.645, 0.645, 0.645, 0.645, 0.645, 0.645, 0.645, 0.645, 0.645, 0.645, 0.645, 0.645, 0.645, 0.645, 0.645, 0.645, 0.645, 0.645, 0.645, 0.645, 0.645, 0.645, 0.645, 0.645, 0.645, 0.645, 0.645, 0.645, 0.645, 0.645, 0.645, 0.645, 0.645, 0.645, 0.645, 0.645, 0.645, 0.645, 0.645, 0.645, 0.645, 0.645, 0.645, 0.645, 0.645, 0.645, 0.645, 0.645, 0.645, 0.645, 0.645, 0.645, 0.645, 0.645, 0.645, 0.645, 0.645]","{""0"": 0.0465, ""1"": 0.8884, ""2"": 0.2026, ""3"": 0.8862, ""4"": 0.7967, ""5"": 0.8607, ""6"": 0.8674, ""7"": 0.5837}","[0.5556, 0.2857, 0.9, 0.0, 1.0, 0.6364, 0.8571, 1.0, 0.0, 0.0, 1.0, 0.0, 1.0, 0.8, 0.9167, 0.8571, 0.0, 0.1429, 0.9, 0.0, 1.0, 1.0, 1.0, 1.0, 0.0, 0.0, 0.875, 0.125, 1.0, 0.8333, 0.5, 1.0, 0.0, 0.0, 0.875, 0.0, 0.8333, 1.0, 1.0, 0.9167, 0.1429, 0.1, 0.75, 0.0, 0.75, 1.0, 1.0, 0.8333, 0.0, 0.125, 1.0, 0.0, 1.0, 0.8571, 0.875, 0.625, 0.1667, 0.0, 0.75, 0.75, 0.8, 1.0, 0.7778, 1.0, 0.2, 0.0, 0.8889, 1.0, 1.0, 0.8333, 0.75, 0.6667, 0.1, 0.0, 0.875, 1.0, 0.7778, 0.8, 0.875, 0.8, 0.75, 0.0, 1.0, 0.0, 0.625, 1.0, 0.8571, 0.7143, 1.0, 0.1429, 0.7143, 0.0, 0.875, 0.75, 0.625, 0.9333, 1.0, 0.1667, 0.8, 0.0, 1.0, 1.0, 0.7778, 1.0, 1.0, 0.0, 0.8889, 0.0, 0.6667, 1.0, 0.8, 0.8, 1.0, 0.0, 0.6, 0.0, 0.7143, 1.0, 1.0, 0.8571, 0.9091, 0.2, 1.0, 0.0, 0.9, 0.6364, 0.9167, 0.7273, 0.8182, 0.4, 0.7778, 0.0, 1.0, 0.7143, 0.8889, 0.9167, 0.8, 0.0, 1.0, 0.0, 0.875, 0.9091, 0.8182, 1.0, 0.875, 0.0, 0.8, 0.25, 0.8333, 0.8, 0.8571, 0.7273, 1.0, 0.0, 1.0, 0.0, 1.0, 1.0, 0.7143, 0.8, 1.0, 0.0, 1.0, 0.2857, 0.8889, 0.4286, 0.8571, 0.8889, 0.9286, 0.0, 1.0, 0.0, 1.0, 0.75, 1.0, 0.8, 0.6667, 0.0, 0.75, 0.0, 0.7, 0.6364, 1.0, 0.8889, 0.8571, 0.0, 1.0, 0.25, 0.8889, 0.8, 1.0, 0.7143, 1.0, 0.0833, 1.0, 0.0, 1.0, 1.0, 1.0, 1.0, 0.625, 0.0, 0.8571, 0.0, 0.8333, 1.0, 0.875, 0.8889, 1.0, 0.0, 0.8571, 0.1429, 1.0, 0.8333, 1.0, 0.9091, 0.6667, 0.0, 0.8889, 0.6667, 0.8571, 0.75, 0.7, 1.0, 0.8571, 0.0, 1.0, 1.0, 0.8, 0.0, 0.75, 1.0, 0.0, 0.0909, 0.8889, 1.0, 1.0, 0.6667, 0.7778, 0.7692, 0.125, 0.0, 0.8889, 0.0, 0.8571, 0.7778, 0.8889, 0.9167, 0.0, 0.0]","[1, 5, 7, 17, 18, 20, 28, 34, 39, 40, 41, 42, 45, 49, 50, 56, 59, 63, 67, 69, 71, 74, 80, 87, 89, 94, 95, 96, 97, 98, 100, 102, 103, 108, 109, 111, 116, 118, 120, 121, 124, 126, 127, 142, 144, 146, 147, 150, 151, 152, 156, 157, 162, 163, 168, 173, 174, 181, 187, 188, 191, 192, 193, 196, 197, 199, 205, 208, 211, 214, 220, 222, 223, 226, 227, 233, 235, 237, 238, 239, 240, 242, 247]"
champions,0:14,14,champions,0.728,0.728,0.728,1.0,0.728,0.0,27,True,1456,0,288,256,0,"[0.05, 0.0895, 0.134, 0.187, 0.2335, 0.2685, 0.311, 0.3535, 0.3905, 0.4295, 0.473, 0.514, 0.5485, 0.57, 0.5965, 0.623, 0.6485, 0.6765, 0.7005, 0.7145, 0.721, 0.7235, 0.724, 0.7255, 0.727, 0.7275, 0.728, 0.728, 0.728, 0.728, 0.728, 0.728, 0.728, 0.728, 0.728, 0.728, 0.728, 0.728, 0.728, 0.728, 0.728, 0.728, 0.728, 0.728, 0.728, 0.728, 0.728, 0.728, 0.728, 0.728, 0.728, 0.728, 0.728, 0.728, 0.728, 0.728, 0.728, 0.728, 0.728, 0.728, 0.728, 0.728, 0.728, 0.728, 0.728, 0.728, 0.728, 0.728, 0.728, 0.728, 0.728, 0.728, 0.728, 0.728, 0.728, 0.728, 0.728, 0.728, 0.728, 0.728, 0.728, 0.728, 0.728, 0.728, 0.728, 0.728, 0.728, 0.728, 0.728, 0.728, 0.728, 0.728, 0.728, 0.728, 0.728, 0.728, 0.728, 0.728, 0.728, 0.728, 0.728]","{""0"": 0.8643, ""1"": 0.8843, ""2"": 0.5991, ""3"": 0.874, ""4"": 0.5854, ""5"": 0.4139, ""6"": 0.871, ""7"": 0.6965}","[1.0, 0.8571, 1.0, 0.9, 1.0, 0.0, 0.8571, 1.0, 0.75, 1.0, 1.0, 0.6, 1.0, 0.8, 0.9167, 0.8571, 0.8333, 0.8571, 0.8, 1.0, 1.0, 1.0, 1.0, 1.0, 0.1667, 0.8571, 0.875, 0.75, 1.0, 0.8333, 0.5, 1.0, 0.0, 0.7273, 0.875, 1.0, 0.8333, 1.0, 1.0, 0.9167, 0.0, 0.8, 0.75, 1.0, 0.75, 1.0, 1.0, 0.8333, 0.0, 0.875, 0.875, 0.5, 1.0, 0.8571, 0.875, 0.625, 0.0, 0.9286, 0.75, 0.75, 0.8, 1.0, 0.7778, 1.0, 0.0, 0.8571, 0.8889, 1.0, 1.0, 0.8333, 0.75, 0.6667, 0.0, 0.8333, 0.875, 1.0, 0.7778, 0.8, 0.875, 0.8, 0.0, 0.75, 1.0, 0.1429, 0.625, 1.0, 0.8571, 0.7143, 1.0, 1.0, 0.7143, 0.0, 0.875, 0.75, 0.5, 0.9333, 1.0, 0.8333, 0.8, 0.0, 1.0, 1.0, 0.0, 1.0, 1.0, 0.6667, 0.8889, 0.0, 0.5, 1.0, 0.0, 0.8, 1.0, 1.0, 0.6, 0.0, 0.7143, 1.0, 0.0, 1.0, 0.8182, 1.0, 1.0, 0.0, 0.9, 0.7273, 0.0, 0.6364, 0.9091, 1.0, 0.7778, 0.0, 1.0, 0.8571, 0.0, 0.9167, 0.8, 1.0, 1.0, 0.1667, 0.875, 0.9091, 0.0, 1.0, 0.875, 0.75, 0.8, 0.75, 0.8333, 0.8, 0.0, 0.7273, 1.0, 1.0, 1.0, 0.6667, 1.0, 1.0, 0.0, 0.8, 1.0, 0.75, 1.0, 1.0, 0.8889, 0.4286, 0.0, 0.8889, 0.8571, 0.8333, 1.0, 1.0, 1.0, 0.125, 0.0, 0.8, 0.6667, 1.0, 0.75, 1.0, 0.7, 0.0909, 0.0, 0.8889, 0.8571, 0.8, 1.0, 0.75, 0.7778, 0.2, 0.0, 0.7143, 1.0, 1.0, 1.0, 0.3333, 1.0, 0.0, 0.0, 1.0, 0.625, 1.0, 0.8571, 0.2, 0.8333, 0.0, 0.0, 0.8889, 1.0, 1.0, 0.8571, 0.0, 1.0, 0.0, 0.0, 0.9091, 0.6667, 0.8, 0.8889, 0.6667, 0.7857, 0.0, 0.0, 1.0, 0.8571, 0.8333, 1.0, 0.8571, 0.8, 0.1111, 0.625, 1.0, 0.7778, 0.6364, 0.8889, 1.0, 1.0, 0.0, 0.7778, 0.7692, 0.875, 0.6667, 0.8889, 0.75, 0.8571, 0.1111, 0.8889, 1.0, 0.8889, 0.8571]","[0, 2, 4, 7, 8, 10, 14, 22, 33, 41, 43, 46, 49, 50, 55, 57, 58, 59, 65, 77, 79, 85, 86, 87, 92, 94, 95, 104, 105, 111, 112, 119, 120, 122, 124, 125, 128, 132, 133, 135, 143, 144, 152, 155, 156, 159, 163, 168, 185, 186, 192, 193, 196, 200, 201, 207, 215, 216, 220, 228, 233, 239, 247]"
cluster,0:14,14,cluster,0.183,0.183,0.183,1.0,0.183,0.0,29,True,366,0,291,1343,0,"[0.05, 0.066, 0.08, 0.0895, 0.1, 0.107, 0.1115, 0.117, 0.123, 0.13, 0.136, 0.1385, 0.143, 0.1445, 0.1475, 0.152, 0.155, 0.1565, 0.1585, 0.162, 0.165, 0.1685, 0.172, 0.1735, 0.1755, 0.1775, 0.1805, 0.1825, 0.183, 0.183, 0.183, 0.183, 0.183, 0.183, 0.183, 0.183, 0.183, 0.183, 0.183, 0.183, 0.183, 0.183, 0.183, 0.183, 0.183, 0.183, 0.183, 0.183, 0.183, 0.183, 0.183, 0.183, 0.183, 0.183, 0.183, 0.183, 0.183, 0.183, 0.183, 0.183, 0.183, 0.183, 0.183, 0.183, 0.183, 0.183, 0.183, 0.183, 0.183, 0.183, 0.183, 0.183, 0.183, 0.183, 0.183, 0.183, 0.183, 0.183, 0.183, 0.183, 0.183, 0.183, 0.183, 0.183, 0.183, 0.183, 0.183, 0.183, 0.183, 0.183, 0.183, 0.183, 0.183, 0.183, 0.183, 0.183, 0.183, 0.183, 0.183, 0.183, 0.183]","{""0"": 0.1357, ""1"": 0.1281, ""2"": 0.0, ""3"": 0.252, ""4"": 0.0041, ""5"": 0.1762, ""6"": 0.6953, ""7"": 0.0}","[0.1111, 0.0, 0.0, 0.0, 0.0, 0.0, 0.0, 1.0, 0.0, 0.0, 0.0, 0.0, 0.0, 0.0, 0.0, 0.8571, 0.0, 0.0, 0.0, 0.0, 0.0, 0.0, 0.1111, 1.0, 0.0, 0.0, 0.0, 0.0, 1.0, 0.1667, 0.0, 1.0, 0.0, 0.0, 0.0, 0.0, 0.8333, 0.0, 0.0, 1.0, 0.0, 0.0, 0.0, 0.0, 1.0, 0.0, 1.0, 0.8333, 0.0, 0.0, 0.0, 0.0, 0.75, 0.0, 0.0, 0.625, 0.0, 0.0, 0.0, 0.0, 0.0, 0.0, 0.0, 1.0, 0.0, 0.0, 1.0, 0.0, 0.0, 0.0, 0.0, 0.6667, 0.0, 1.0, 1.0, 0.0, 0.0, 0.0, 0.0, 0.8, 0.0, 0.75, 1.0, 0.0, 0.125, 0.0, 0.0, 1.0, 0.0, 1.0, 0.7143, 0.0, 0.0, 0.0, 0.0, 0.8667, 0.0, 0.0, 0.2, 0.0, 0.0, 0.0, 0.0, 1.0, 0.0, 0.0, 0.0, 0.0, 0.0, 0.0, 0.0, 0.8, 0.0, 0.0, 0.0, 0.0, 0.0, 0.0, 0.0, 1.0, 0.0, 0.0, 0.1818, 0.0, 0.0, 0.0, 0.0, 0.5455, 0.0, 0.0, 0.0, 0.0, 0.1111, 0.0, 0.0, 0.1667, 0.0, 0.0, 0.0, 0.0, 0.0, 0.0, 0.0, 0.0, 0.0, 0.0, 0.0, 0.0, 0.8333, 0.0, 0.0, 0.0, 0.0, 0.0, 0.125, 0.0, 1.0, 0.0, 0.0, 0.0, 0.0, 0.75, 0.1429, 0.0, 0.8889, 0.0, 0.0, 0.0, 0.0, 1.0, 0.0, 0.0, 1.0, 0.0, 0.0, 0.0, 0.0, 0.875, 0.0, 0.0, 0.7, 0.0, 1.0, 0.1111, 0.0, 0.0, 0.0, 0.0, 0.0, 0.0, 1.0, 0.5714, 0.0, 0.0, 0.0, 0.0, 0.1429, 0.0, 1.0, 1.0, 0.0, 0.0, 0.0, 0.0, 0.0, 0.0, 0.875, 0.8889, 0.0, 0.0, 0.0, 0.0, 0.0, 0.0, 1.0, 0.9091, 0.0, 0.0, 0.0, 0.0, 0.0, 0.0, 0.0, 1.0, 0.0, 0.0, 0.0, 0.0, 0.0, 0.0, 0.125, 1.0, 0.0, 0.0, 0.0, 0.0, 0.0, 0.0, 0.0, 0.7692, 0.0, 0.0, 0.0, 0.0, 0.0, 0.0, 0.0, 0.9167, 0.0, 0.0]","[29, 39, 44, 46, 66, 73, 74, 87, 89, 119, 169, 172, 190, 223]"
one_per_team,0:14,14,one_per_team,0.4845,0.4845,0.4845,1.0,0.4845,0.0,29,True,969,0,292,739,0,"[0.05, 0.069, 0.08, 0.0985, 0.1185, 0.1375, 0.1595, 0.1835, 0.2115, 0.2425, 0.268, 0.2905, 0.305, 0.317, 0.335, 0.3565, 0.373, 0.3825, 0.3935, 0.4085, 0.4235, 0.438, 0.451, 0.459, 0.464, 0.4675, 0.473, 0.481, 0.4845, 0.4845, 0.4845, 0.4845, 0.4845, 0.4845, 0.4845, 0.4845, 0.4845, 0.4845, 0.4845, 0.4845, 0.4845, 0.4845, 0.4845, 0.4845, 0.4845, 0.4845, 0.4845, 0.4845, 0.4845, 0.4845, 0.4845, 0.4845, 0.4845, 0.4845, 0.4845, 0.4845, 0.4845, 0.4845, 0.4845, 0.4845, 0.4845, 0.4845, 0.4845, 0.4845, 0.4845, 0.4845, 0.4845, 0.4845, 0.4845, 0.4845, 0.4845, 0.4845, 0.4845, 0.4845, 0.4845, 0.4845, 0.4845, 0.4845, 0.4845, 0.4845, 0.4845, 0.4845, 0.4845, 0.4845, 0.4845, 0.4845, 0.4845, 0.4845, 0.4845, 0.4845, 0.4845, 0.4845, 0.4845, 0.4845, 0.4845, 0.4845, 0.4845, 0.4845, 0.4845, 0.4845, 0.4845]","{""0"": 0.2558, ""1"": 0.8843, ""2"": 0.1278, ""3"": 0.0772, ""4"": 0.7114, ""5"": 0.8525, ""6"": 0.871, ""7"": 0.0545}","[0.5556, 0.0, 0.9, 0.1, 0.1111, 0.0, 0.8571, 1.0, 0.0833, 0.0, 1.0, 0.1, 0.125, 0.8, 0.9167, 0.8571, 0.0, 0.0, 0.8, 0.0, 0.125, 1.0, 1.0, 1.0, 0.1667, 0.0, 0.875, 0.0, 0.25, 0.8333, 0.75, 1.0, 0.0, 0.0, 0.875, 0.0, 0.0, 1.0, 1.0, 1.0, 0.0, 0.1, 0.75, 0.0, 0.125, 1.0, 1.0, 0.8333, 0.125, 0.0, 0.875, 0.0, 0.0, 0.8571, 0.875, 0.625, 0.0, 0.0, 0.75, 0.375, 0.0, 1.0, 0.7778, 1.0, 0.2, 0.1429, 0.8889, 0.3333, 0.1111, 0.8333, 0.75, 0.6667, 0.1, 0.1667, 0.875, 0.0, 0.0, 0.8, 0.875, 0.8, 0.0, 0.0, 1.0, 0.0, 0.125, 1.0, 0.8571, 0.8571, 0.125, 0.1429, 0.7143, 0.0, 0.125, 0.875, 0.5, 0.9333, 0.0, 0.0, 0.8, 0.0, 0.0, 1.0, 0.7778, 1.0, 0.0, 0.0, 0.8889, 0.0, 0.0, 1.0, 0.8, 0.8, 0.125, 0.125, 0.6, 0.0, 0.2857, 1.0, 0.8, 0.8571, 0.0, 1.0, 1.0, 0.0, 0.0, 0.6364, 0.9167, 0.6364, 0.0909, 1.0, 0.7778, 0.0, 0.1111, 0.7143, 0.8889, 0.9167, 0.0, 1.0, 1.0, 0.1667, 0.125, 0.9091, 0.7273, 1.0, 0.0, 0.75, 0.8, 0.125, 0.1667, 0.8, 0.8571, 0.7273, 0.125, 1.0, 1.0, 0.1111, 0.0, 1.0, 0.7143, 0.8, 0.0, 0.75, 1.0, 0.0, 0.0, 0.4286, 0.8571, 0.8889, 0.0, 0.8333, 1.0, 0.0, 0.125, 0.375, 1.0, 0.8, 0.1667, 1.0, 0.875, 0.0, 0.1, 0.6364, 1.0, 0.8889, 0.0, 0.7, 1.0, 0.0, 0.0, 0.8, 1.0, 0.7143, 0.0, 0.0, 1.0, 0.1111, 0.2857, 1.0, 1.0, 1.0, 0.125, 0.0769, 0.8571, 0.2, 0.1667, 1.0, 0.875, 0.8889, 0.1, 0.2, 0.8571, 0.1429, 0.0, 0.8333, 1.0, 0.9091, 0.0, 0.0, 0.8889, 0.6667, 0.0, 0.75, 0.7, 1.0, 0.0, 0.0, 1.0, 0.8571, 0.1, 0.0, 0.75, 1.0, 0.0, 0.0909, 0.8889, 1.0, 0.0, 0.0, 0.7778, 0.7692, 0.25, 0.0, 0.8889, 0.0, 0.0, 0.1111, 0.8889, 0.9167, 0.0, 0.1429]","[2, 3, 8, 11, 12, 18, 20, 21, 22, 24, 28, 29, 30, 34, 37, 39, 41, 42, 44, 46, 48, 50, 59, 62, 63, 64, 65, 66, 67, 68, 69, 71, 72, 73, 74, 77, 85, 87, 89, 90, 92, 93, 95, 103, 106, 110, 112, 116, 119, 122, 125, 135, 138, 139, 140, 143, 145, 148, 149, 150, 152, 155, 157, 158, 162, 169, 172, 174, 176, 178, 180, 181, 185, 189, 190, 195, 196, 197, 198, 199, 200, 201, 203, 204, 207, 208, 209, 210, 211, 218, 223, 227, 228, 230, 231, 233, 238, 240, 245, 249]"
random,0:15,15,random,0.712,0.712,0.712,1.0,0.712,0.0,44,True,1424,0,303,273,0,"[0.05, 0.075, 0.1015, 0.1295, 0.158, 0.1905, 0.219, 0.258, 0.2865, 0.305, 0.321, 0.3405, 0.3605, 0.3765, 0.3935, 0.411, 0.433, 0.4575, 0.486, 0.5125, 0.5305, 0.55, 0.5675, 0.585, 0.603, 0.6235, 0.6365, 0.6475, 0.6595, 0.6635, 0.667, 0.672, 0.6765, 0.6815, 0.6865, 0.6905, 0.694, 0.6985, 0.702, 0.704, 0.7065, 0.709, 0.7105, 0.712, 0.712, 0.712, 0.712, 0.712, 0.712, 0.712, 0.712, 0.712, 0.712, 0.712, 0.712, 0.712, 0.712, 0.712, 0.712, 0.712, 0.712, 0.712, 0.712, 0.712, 0.712, 0.712, 0.712, 0.712, 0.712, 0.712, 0.712, 0.712, 0.712, 0.712, 0.712, 0.712, 0.712, 0.712, 0.712, 0.712, 0.712, 0.712, 0.712, 0.712, 0.712, 0.712, 0.712, 0.712, 0.712, 0.712, 0.712, 0.712, 0.712, 0.712, 0.712, 0.712, 0.712, 0.712, 0.712, 0.712, 0.712]","{""0"": 0.8313, ""1"": 0.2803, ""2"": 0.832, ""3"": 0.6194, ""4"": 0.8306, ""5"": 0.622, ""6"": 0.8353, ""7"": 0.8699}","[0.6667, 0.8889, 0.5, 0.7143, 0.8333, 0.8, 0.0, 0.8571, 0.7273, 1.0, 0.5714, 0.7273, 0.8571, 1.0, 0.0, 0.8182, 0.8182, 0.8571, 0.8333, 0.7143, 0.3333, 0.8333, 0.0, 0.75, 1.0, 0.8571, 0.8571, 1.0, 0.0, 0.6667, 0.0, 1.0, 0.6, 0.875, 1.0, 0.8571, 0.0, 0.7143, 0.0, 1.0, 0.8333, 0.75, 0.2857, 0.875, 0.0, 0.7273, 0.2857, 0.6, 0.7273, 1.0, 0.0, 0.7143, 0.1429, 1.0, 0.8333, 1.0, 0.8571, 0.8, 0.0, 0.75, 0.1429, 0.9, 0.8182, 0.75, 0.8, 0.8333, 0.0, 1.0, 0.1, 0.8333, 1.0, 0.625, 1.0, 0.8571, 0.0, 0.7143, 0.0, 0.8, 0.75, 0.8333, 1.0, 1.0, 0.25, 1.0, 0.0, 0.7273, 1.0, 0.6667, 0.875, 0.875, 1.0, 1.0, 0.1111, 0.8889, 0.75, 0.8, 0.9286, 0.875, 1.0, 0.8889, 1.0, 0.75, 1.0, 0.3333, 1.0, 0.8889, 0.7, 0.5, 0.9091, 0.7, 1.0, 0.875, 0.75, 0.8571, 1.0, 0.875, 1.0, 1.0, 1.0, 1.0, 0.875, 0.8, 0.8889, 1.0, 1.0, 1.0, 0.875, 0.6, 0.9, 0.8889, 0.7778, 0.7143, 1.0, 1.0, 0.8571, 0.9091, 1.0, 0.7273, 0.0, 0.8, 0.8571, 0.8333, 0.8333, 1.0, 0.875, 1.0, 0.1818, 0.5556, 0.7143, 1.0, 0.875, 1.0, 1.0, 0.7692, 0.0833, 0.8889, 1.0, 0.6, 1.0, 0.75, 0.875, 0.8667, 0.0, 1.0, 1.0, 0.8889, 0.8571, 1.0, 1.0, 0.8, 0.0, 0.8182, 0.875, 0.8333, 1.0, 0.8889, 1.0, 0.7, 0.0, 0.8, 0.6667, 0.8333, 1.0, 0.6, 1.0, 0.6667, 0.0, 0.8333, 1.0, 0.6667, 0.75, 1.0, 1.0, 0.8571, 0.1111, 0.7143, 0.8, 1.0, 0.8, 1.0, 0.875, 1.0, 0.0, 0.8571, 0.6667, 0.2, 0.875, 0.75, 1.0, 0.875, 0.0, 1.0, 0.8, 0.8571, 0.8571, 0.8889, 0.6, 0.7143, 0.0, 0.9167, 0.875, 0.9, 0.0, 0.8, 0.6, 1.0, 0.0, 1.0, 1.0, 1.0, 0.0, 0.7778, 1.0, 0.9, 0.0, 0.8, 0.7273, 1.0, 0.1429, 0.875, 0.7143, 0.6667, 0.0, 1.0, 0.7778, 1.0, 0.125, 1.0, 1.0, 0.5]","[1, 2, 3, 8, 9, 12, 13, 15, 19, 27, 29, 34, 39, 42, 47, 56, 61, 62, 65, 67, 68, 70, 73, 75, 78, 79, 83, 87, 91, 95, 96, 97, 99, 100, 101, 102, 103, 104, 108, 113, 115, 117, 118, 124, 129, 130, 135, 137, 142, 146, 148, 149, 152, 156, 158, 167, 169, 173, 177, 183, 189, 192, 194, 195, 197, 199, 201, 206, 207, 213, 214, 215, 221, 223, 229, 231, 233, 235, 243, 244]"
champions,0:15,15,champions,0.653,0.653,0.653,1.0,0.653,-0.0,33,True,1306,0,303,391,0,"[0.05, 0.094, 0.1375, 0.176, 0.2155, 0.2635, 0.3085, 0.344, 0.3795, 0.421, 0.4445, 0.4625, 0.479, 0.495, 0.508, 0.526, 0.544, 0.5595, 0.5785, 0.599, 0.619, 0.6345, 0.641, 0.6445, 0.646, 0.648, 0.6485, 0.649, 0.6505, 0.6515, 0.652, 0.6525, 0.653, 0.653, 0.653, 0.653, 0.653, 0.653, 0.653, 0.653, 0.653, 0.653, 0.653, 0.653, 0.653, 0.653, 0.653, 0.653, 0.653, 0.653, 0.653, 0.653, 0.653, 0.653, 0.653, 0.653, 0.653, 0.653, 0.653, 0.653, 0.653, 0.653, 0.653, 0.653, 0.653, 0.653, 0.653, 0.653, 0.653, 0.653, 0.653, 0.653, 0.653, 0.653, 0.653, 0.653, 0.653, 0.653, 0.653, 0.653, 0.653, 0.653, 0.653, 0.653, 0.653, 0.653, 0.653, 0.653, 0.653, 0.653, 0.653, 0.653, 0.653, 0.653, 0.653, 0.653, 0.653, 0.653, 0.653, 0.653, 0.653]","{""0"": 0.8193, ""1"": 0.7386, ""2"": 0.836, ""3"": 0.7206, ""4"": 0.5605, ""5"": 0.4268, ""6"": 0.2329, ""7"": 0.8821}","[1.0, 0.8889, 1.0, 0.5714, 0.8333, 0.0, 0.0, 0.8571, 0.8182, 0.75, 0.5714, 0.7273, 0.8571, 0.2, 0.1429, 0.0, 0.9091, 0.8571, 0.8333, 0.7143, 0.6667, 0.1667, 0.0, 0.0, 1.0, 0.8571, 0.8571, 1.0, 0.6667, 0.0833, 0.0, 0.0, 0.6, 0.875, 1.0, 0.8571, 0.9, 0.0, 0.1429, 0.0, 0.8333, 0.75, 0.0, 0.875, 1.0, 0.3636, 0.2857, 0.2, 0.7273, 1.0, 0.0, 0.8571, 1.0, 1.0, 0.8333, 0.0, 0.8571, 0.8, 0.0, 0.75, 0.4286, 0.8, 0.9091, 0.0833, 0.8, 0.8333, 0.0, 1.0, 0.0, 0.8333, 1.0, 0.0, 1.0, 0.7143, 0.0, 0.7857, 0.0, 0.8, 0.75, 0.0, 1.0, 1.0, 0.5, 1.0, 0.0, 0.7273, 1.0, 0.0, 0.875, 0.875, 1.0, 1.0, 0.0, 0.8889, 0.75, 0.1, 0.9286, 0.875, 1.0, 0.7778, 0.8333, 0.75, 1.0, 0.0, 1.0, 0.8889, 0.7, 0.5, 0.9091, 0.7, 1.0, 0.0, 0.75, 0.8571, 1.0, 0.875, 1.0, 1.0, 1.0, 0.0, 0.875, 0.9, 0.8889, 1.0, 0.9, 1.0, 0.875, 0.0, 0.9, 0.8889, 0.7778, 0.7143, 1.0, 1.0, 0.8571, 0.0, 1.0, 0.7273, 0.8571, 0.8, 0.8571, 0.8333, 0.6667, 0.0, 0.875, 1.0, 1.0, 0.5556, 0.7143, 0.8333, 0.0, 0.0, 1.0, 0.7692, 0.8333, 0.8889, 1.0, 0.7, 0.0, 0.625, 0.875, 0.9333, 0.8, 1.0, 1.0, 0.8889, 0.0, 1.0, 1.0, 0.6, 0.875, 0.8182, 0.875, 1.0, 0.1818, 0.8889, 1.0, 0.7, 0.75, 0.8, 0.6667, 0.8333, 0.0, 0.0, 1.0, 0.6667, 0.9, 0.8333, 1.0, 0.6667, 0.0, 0.0, 1.0, 0.8571, 0.8889, 0.7143, 0.8, 0.8571, 0.0, 0.0, 0.875, 0.75, 0.8333, 0.8571, 0.6667, 0.2, 0.25, 0.0, 1.0, 0.875, 0.875, 1.0, 0.8, 0.0, 0.4286, 0.0, 0.6, 0.7143, 0.9231, 0.9167, 0.875, 0.0, 0.0833, 0.6, 0.6, 1.0, 0.8, 1.0, 1.0, 0.0, 0.125, 0.7778, 1.0, 0.9, 0.9333, 0.8, 0.7273, 0.0, 0.1429, 0.875, 0.7143, 0.6667, 0.9231, 1.0, 0.7778, 0.0, 0.125, 1.0, 1.0, 0.3333]","[0, 8, 9, 11, 12, 16, 27, 29, 36, 44, 51, 62, 63, 75, 77, 78, 80, 83, 85, 88, 89, 96, 100, 101, 104, 105, 108, 110, 112, 114, 121, 124, 126, 130, 146, 153, 154, 157, 161, 162, 167, 169, 171, 173, 174, 178, 186, 206, 218, 219, 220, 222, 227, 234, 239, 242, 243]"
cluster,0:15,15,cluster,0.328,0.328,0.328,1.0,0.328,0.0,24,True,656,0,300,1044,0,"[0.05, 0.074, 0.1025, 0.125, 0.1445, 0.159, 0.176, 0.1975, 0.22, 0.2345, 0.2485, 0.2605, 0.274, 0.2835, 0.29, 0.2965, 0.3045, 0.3095, 0.311, 0.3135, 0.3175, 0.322, 0.3265, 0.328, 0.328, 0.328, 0.328, 0.328, 0.328, 0.328, 0.328, 0.328, 0.328, 0.328, 0.328, 0.328, 0.328, 0.328, 0.328, 0.328, 0.328, 0.328, 0.328, 0.328, 0.328, 0.328, 0.328, 0.328, 0.328, 0.328, 0.328, 0.328, 0.328, 0.328, 0.328, 0.328, 0.328, 0.328, 0.328, 0.328, 0.328, 0.328, 0.328, 0.328, 0.328, 0.328, 0.328, 0.328, 0.328, 0.328, 0.328, 0.328, 0.328, 0.328, 0.328, 0.328, 0.328, 0.328, 0.328, 0.328, 0.328, 0.328, 0.328, 0.328, 0.328, 0.328, 0.328, 0.328, 0.328, 0.328, 0.328, 0.328, 0.328, 0.328, 0.328, 0.328, 0.328, 0.328, 0.328, 0.328, 0.328]","{""0"": 0.0161, ""1"": 0.1894, ""2"": 0.38, ""3"": 0.753, ""4"": 0.4073, ""5"": 0.0081, ""6"": 0.0, ""7"": 0.8862}","[0.2222, 0.0, 0.0, 0.5714, 0.8333, 0.8, 0.0, 0.0, 1.0, 0.0, 0.0, 0.0, 0.8571, 0.8, 0.0, 0.0, 0.8182, 0.0, 0.0, 0.0, 0.6667, 0.8333, 0.0, 0.0, 1.0, 0.0, 0.4286, 0.0, 0.6667, 1.0, 0.0, 0.0, 0.6, 0.0, 0.0, 0.0, 0.9, 0.7143, 0.0, 0.0, 1.0, 0.0, 0.0, 0.125, 0.875, 0.7273, 0.0, 0.0, 0.7273, 0.0, 0.0, 0.0, 1.0, 1.0, 0.0, 0.0, 0.8571, 0.0, 0.0, 0.0, 1.0, 1.0, 0.0, 0.0, 0.8, 0.0, 0.0, 0.0, 0.0, 0.8333, 0.0, 0.0, 1.0, 0.0, 0.0, 0.0, 0.0, 0.0, 0.0, 0.0, 1.0, 0.0, 0.25, 0.1667, 0.0, 0.0, 0.0, 0.0, 0.875, 0.0, 1.0, 0.0, 0.0, 0.0, 0.0, 0.0, 0.9286, 0.0, 1.0, 0.0, 0.8333, 0.0833, 0.0, 0.0, 1.0, 0.0, 0.7, 0.0, 1.0, 0.0, 0.0, 0.0, 0.75, 0.0, 1.0, 0.0, 1.0, 0.1111, 0.0, 0.0, 0.875, 0.1, 0.8889, 0.0, 0.9, 0.0, 0.0, 0.0, 0.9, 0.0, 0.7778, 0.0, 1.0, 0.0, 0.0, 0.0, 1.0, 0.0, 0.0, 0.2, 0.8571, 0.0, 0.0, 0.0, 0.875, 0.5, 0.0, 0.0, 0.7143, 0.0, 0.0, 0.0, 1.0, 0.0769, 0.0, 0.0, 1.0, 0.0, 0.0, 0.0, 0.875, 0.0, 0.0, 1.0, 1.0, 0.0, 0.0, 0.0, 1.0, 0.0, 0.0, 0.8182, 1.0, 0.0, 0.0, 0.0, 1.0, 0.0, 0.0, 0.8, 0.6667, 0.1667, 0.0, 0.0, 1.0, 0.0, 0.0, 0.8333, 1.0, 0.0, 0.0, 0.0, 1.0, 0.0, 0.0, 0.7143, 0.8, 0.0, 0.0, 0.0, 0.875, 0.0, 0.0, 0.8571, 1.0, 0.0, 0.0, 0.0, 1.0, 0.0, 0.0, 1.0, 0.8, 0.8571, 0.0, 0.0, 0.6, 0.0, 0.0, 0.9167, 0.875, 0.9, 0.0, 0.0, 0.6, 0.0, 0.0, 1.0, 1.0, 1.0, 0.0, 0.0, 1.0, 0.0, 0.0, 1.0, 0.7273, 1.0, 0.1429, 0.0, 0.7143, 0.0, 0.0, 1.0, 0.7778, 1.0, 0.125, 0.0, 1.0, 0.0]","[8, 29, 40, 60, 61, 108, 136, 145, 172, 176, 204, 235]"
one_per_team,0:15,15,one_per_team,0.65,0.65,0.65,1.0,0.65,-0.0,36,True,1300,0,305,395,0,"[0.05, 0.0725, 0.1, 0.134, 0.1805, 0.2255, 0.26, 0.295, 0.325, 0.351, 0.3715, 0.388, 0.4065, 0.4225, 0.442, 0.463, 0.484, 0.506, 0.5275, 0.546, 0.556, 0.5655, 0.5765, 0.586, 0.597, 0.611, 0.6225, 0.6305, 0.638, 0.643, 0.645, 0.647, 0.648, 0.6485, 0.6495, 0.65, 0.65, 0.65, 0.65, 0.65, 0.65, 0.65, 0.65, 0.65, 0.65, 0.65, 0.65, 0.65, 0.65, 0.65, 0.65, 0.65, 0.65, 0.65, 0.65, 0.65, 0.65, 0.65, 0.65, 0.65, 0.65, 0.65, 0.65, 0.65, 0.65, 0.65, 0.65, 0.65, 0.65, 0.65, 0.65, 0.65, 0.65, 0.65, 0.65, 0.65, 0.65, 0.65, 0.65, 0.65, 0.65, 0.65, 0.65, 0.65, 0.65, 0.65, 0.65, 0.65, 0.65, 0.65, 0.65, 0.65, 0.65, 0.65, 0.65, 0.65, 0.65, 0.65, 0.65, 0.65, 0.65]","{""0"": 0.6305, ""1"": 0.5947, ""2"": 0.828, ""3"": 0.6478, ""4"": 0.6653, ""5"": 0.7602, ""6"": 0.2048, ""7"": 0.874}","[0.6667, 0.0, 1.0, 0.5714, 0.8333, 0.8, 0.6, 0.0, 0.7273, 0.0, 0.7143, 0.7273, 0.8571, 0.8, 0.8571, 0.0, 0.8182, 0.1429, 0.8333, 0.7143, 0.6667, 0.8333, 0.9091, 0.875, 1.0, 0.0, 0.8571, 1.0, 0.6667, 0.6667, 1.0, 0.1429, 0.7, 0.0, 1.0, 0.8571, 0.0, 0.7143, 0.7143, 0.0, 0.8333, 0.0, 0.7143, 0.875, 0.0, 0.7273, 0.7143, 0.0, 0.7273, 0.6, 1.0, 0.7143, 0.1429, 1.0, 0.8333, 0.4, 0.8571, 0.8, 0.9, 0.75, 0.2857, 0.9, 0.8182, 0.0, 0.8, 0.0833, 0.875, 1.0, 0.1, 0.8333, 1.0, 0.25, 1.0, 0.7143, 0.7778, 0.7143, 0.0, 0.8, 0.75, 0.8333, 1.0, 1.0, 0.75, 1.0, 0.0, 0.7273, 1.0, 0.7778, 0.875, 0.875, 1.0, 1.0, 0.2222, 0.8889, 0.75, 0.8, 0.9286, 0.875, 1.0, 0.7778, 0.8333, 0.75, 1.0, 0.3333, 1.0, 0.8889, 0.7, 0.5, 0.9091, 0.8, 1.0, 0.875, 0.75, 0.8571, 1.0, 0.875, 1.0, 1.0, 1.0, 1.0, 0.875, 0.8, 0.8889, 1.0, 0.9, 1.0, 0.875, 0.2, 0.9, 0.8889, 0.7778, 0.7143, 1.0, 1.0, 0.8571, 0.0, 1.0, 0.8182, 0.8571, 0.8, 0.8571, 0.8333, 0.6667, 0.0, 0.875, 1.0, 0.9091, 0.5556, 0.8571, 0.3333, 0.875, 0.0, 1.0, 0.7692, 0.75, 0.8889, 1.0, 0.0, 0.1667, 0.0, 0.875, 0.8667, 0.8, 1.0, 1.0, 0.0, 0.0, 0.0, 1.0, 0.6, 0.875, 0.8182, 0.875, 0.0, 0.0, 0.0, 1.0, 0.7, 0.75, 0.8, 0.6667, 0.1667, 0.5714, 0.1, 1.0, 0.6667, 0.0, 0.8333, 1.0, 0.0, 0.75, 0.0, 1.0, 0.8571, 0.0, 0.7143, 0.8, 0.0, 0.8, 0.1, 0.875, 0.75, 0.0, 0.8571, 0.6667, 0.0, 0.875, 0.125, 1.0, 0.875, 0.125, 1.0, 1.0, 0.8571, 0.8571, 0.0, 0.6, 0.7143, 0.0, 0.9167, 0.875, 0.9, 0.75, 0.0, 0.6, 1.0, 0.2, 1.0, 1.0, 1.0, 0.875, 0.0, 1.0, 0.9, 0.0667, 0.9, 0.8182, 1.0, 1.0, 0.125, 0.7143, 0.8333, 0.0, 1.0, 0.7778, 1.0, 0.75, 0.0, 1.0, 0.1667]","[2, 3, 8, 10, 11, 13, 14, 23, 26, 28, 29, 31, 32, 34, 40, 45, 49, 50, 55, 58, 59, 60, 61, 62, 68, 70, 72, 77, 78, 83, 85, 87, 91, 92, 95, 97, 98, 99, 100, 102, 103, 105, 108, 109, 110, 111, 113, 116, 118, 119, 120, 124, 132, 136, 137, 138, 140, 145, 146, 148, 150, 154, 156, 158, 160, 164, 168, 171, 172, 176, 178, 179, 183, 184, 185, 187, 188, 195, 196, 199, 203, 204, 206, 207, 209, 210, 211, 212, 217, 219, 224, 225, 230, 234, 235, 236, 239, 241, 244, 246]"
random,0:16,16,random,0.7895,0.7895,0.7895,1.0,0.7895,-0.0,47,True,1579,0,271,150,0,"[0.05, 0.073, 0.092, 0.119, 0.1485, 0.181, 0.222, 0.2615, 0.298, 0.3285, 0.363, 0.399, 0.433, 0.4665, 0.4925, 0.5155, 0.536, 0.5635, 0.5905, 0.613, 0.637, 0.6615, 0.679, 0.6945, 0.705, 0.713, 0.7225, 0.7265, 0.7305, 0.7345, 0.7385, 0.7435, 0.7495, 0.755, 0.7605, 0.764, 0.767, 0.7705, 0.776, 0.779, 0.781, 0.783, 0.785, 0.786, 0.7865, 0.7885, 0.7895, 0.7895, 0.7895, 0.7895, 0.7895, 0.7895, 0.7895, 0.7895, 0.7895, 0.7895, 0.7895, 0.7895, 0.7895, 0.7895, 0.7895, 0.7895, 0.7895, 0.7895, 0.7895, 0.7895, 0.7895, 0.7895, 0.7895, 0.7895, 0.7895, 0.7895, 0.7895, 0.7895, 0.7895, 0.7895, 0.7895, 0.7895, 0.7895, 0.7895, 0.7895, 0.7895, 0.7895, 0.7895, 0.7895, 0.7895, 0.7895, 0.7895, 0.7895, 0.7895, 0.7895, 0.7895, 0.7895, 0.7895, 0.7895, 0.7895, 0.7895, 0.7895, 0.7895, 0.7895, 0.7895]","{""0"": 0.6667, ""1"": 0.9011, ""2"": 0.8694, ""3"": 0.7203, ""4"": 0.7872, ""5"": 0.596, ""6"": 0.8968, ""7"": 0.8745}","[0.8889, 0.1, 0.8889, 1.0, 0.8571, 0.125, 0.9091, 0.8462, 0.75, 0.0, 1.0, 1.0, 1.0, 0.0, 1.0, 1.0, 0.8571, 0.0, 0.7273, 0.7778, 0.7692, 1.0, 0.8889, 1.0, 0.8333, 0.0, 1.0, 1.0, 1.0, 0.7778, 0.9091, 0.7273, 0.875, 0.0, 1.0, 0.6667, 0.7143, 0.9, 1.0, 1.0, 1.0, 0.875, 1.0, 0.9, 0.9091, 1.0, 0.8571, 0.8, 0.8889, 0.8571, 1.0, 0.875, 0.8182, 1.0, 0.7143, 0.8182, 0.875, 0.7, 1.0, 1.0, 0.5714, 0.8571, 0.8571, 1.0, 0.8889, 0.9167, 1.0, 0.8889, 0.8889, 1.0, 1.0, 0.8889, 0.7143, 1.0, 0.8, 0.8333, 0.7143, 0.8, 0.8, 1.0, 0.8462, 1.0, 0.9, 0.5, 0.8571, 1.0, 1.0, 0.8333, 0.8333, 0.875, 0.875, 0.875, 1.0, 0.75, 0.7143, 0.7778, 0.9, 0.875, 0.8, 0.8571, 0.6667, 0.5, 0.6667, 0.75, 0.8889, 0.8333, 1.0, 0.875, 0.1429, 1.0, 0.5556, 0.8333, 0.9091, 0.7333, 1.0, 1.0, 0.0, 0.75, 0.1, 0.9, 0.8571, 0.8333, 0.8889, 1.0, 0.0, 1.0, 0.1111, 0.8571, 1.0, 0.8, 1.0, 1.0, 0.1667, 1.0, 0.0, 1.0, 0.8571, 1.0, 0.9231, 0.7143, 0.125, 0.9, 0.0, 0.75, 1.0, 0.8333, 0.9167, 0.8333, 0.625, 0.6, 0.125, 1.0, 0.8889, 0.8571, 1.0, 0.75, 0.9091, 1.0, 0.1429, 0.9091, 0.6, 1.0, 0.8571, 1.0, 0.8, 0.7143, 0.0, 1.0, 1.0, 0.8, 1.0, 1.0, 0.7, 0.75, 0.1667, 1.0, 0.9091, 1.0, 0.8571, 0.8333, 0.9167, 0.7, 0.1111, 0.8, 1.0, 0.8333, 1.0, 0.5, 0.8333, 0.875, 0.1, 1.0, 0.8333, 1.0, 1.0, 0.8571, 1.0, 0.9091, 0.8333, 1.0, 0.7273, 0.875, 0.75, 0.9, 1.0, 0.8571, 0.8333, 0.875, 0.8333, 0.9091, 0.8, 0.8333, 1.0, 0.8333, 0.9091, 1.0, 0.8571, 1.0, 0.6, 0.875, 1.0, 0.625, 0.8571, 1.0, 1.0, 0.8, 1.0, 0.9333, 0.8889, 1.0, 0.7273, 0.875, 0.75, 0.0, 0.875, 1.0, 0.8182, 1.0, 0.5, 0.6667, 0.8571, 0.0, 0.75, 0.7143, 0.8333, 0.7143, 0.8889, 1.0, 1.0, 0.25]","[0, 1, 6, 7, 10, 11, 19, 28, 30, 31, 32, 34, 37, 44, 45, 50, 53, 55, 58, 65, 68, 70, 73, 74, 77, 79, 80, 83, 84, 86, 90, 91, 92, 94, 95, 99, 103, 106, 110, 112, 113, 114, 117, 125, 127, 133, 135, 136, 139, 141, 145, 146, 147, 148, 149, 150, 151, 153, 159, 162, 174, 176, 181, 185, 186, 188, 191, 193, 194, 196, 198, 200, 210, 211, 214, 216, 218, 219, 221, 224, 226, 227, 232, 236, 238, 242]"
champions,0:16,16,champions,0.812,0.812,0.812,1.0,0.812,0.0,40,True,1624,0,268,108,0,"[0.05, 0.095, 0.1405, 0.189, 0.239, 0.306, 0.362, 0.41, 0.4595, 0.501, 0.534, 0.5645, 0.5955, 0.615, 0.632, 0.648, 0.6635, 0.676, 0.6905, 0.7045, 0.714, 0.725, 0.7365, 0.75, 0.7555, 0.7595, 0.7615, 0.7665, 0.773, 0.781, 0.7845, 0.79, 0.7935, 0.7975, 0.803, 0.808, 0.8105, 0.811, 0.8115, 0.812, 0.812, 0.812, 0.812, 0.812, 0.812, 0.812, 0.812, 0.812, 0.812, 0.812, 0.812, 0.812, 0.812, 0.812, 0.812, 0.812, 0.812, 0.812, 0.812, 0.812, 0.812, 0.812, 0.812, 0.812, 0.812, 0.812, 0.812, 0.812, 0.812, 0.812, 0.812, 0.812, 0.812, 0.812, 0.812, 0.812, 0.812, 0.812, 0.812, 0.812, 0.812, 0.812, 0.812, 0.812, 0.812, 0.812, 0.812, 0.812, 0.812, 0.812, 0.812, 0.812, 0.812, 0.812, 0.812, 0.812, 0.812, 0.812, 0.812, 0.812, 0.812]","{""0"": 0.6667, ""1"": 0.8175, ""2"": 0.8735, ""3"": 0.6897, ""4"": 0.8468, ""5"": 0.844, ""6"": 0.8968, ""7"": 0.8664}","[1.0, 0.0, 0.8889, 1.0, 0.8571, 0.75, 0.9091, 0.7692, 0.75, 0.0, 0.9, 1.0, 1.0, 0.75, 1.0, 1.0, 0.8571, 0.0, 0.7273, 0.7778, 0.8462, 1.0, 0.8889, 1.0, 0.8333, 0.0, 1.0, 1.0, 1.0, 0.7778, 0.9091, 0.7273, 0.875, 0.0, 1.0, 0.6667, 0.7143, 0.9, 1.0, 1.0, 1.0, 0.875, 1.0, 0.9, 0.9091, 1.0, 0.8571, 0.8, 0.8889, 0.8571, 1.0, 0.875, 0.8182, 1.0, 0.7143, 0.9091, 0.875, 0.8, 0.0, 1.0, 0.0, 0.8571, 0.8571, 1.0, 0.8889, 0.8333, 0.0, 0.8889, 0.0, 1.0, 0.9, 0.8889, 0.7143, 1.0, 0.1, 0.8333, 0.0, 0.8, 0.8, 1.0, 0.8462, 1.0, 0.9, 0.5, 0.0, 1.0, 1.0, 0.8333, 0.8333, 0.875, 0.875, 0.875, 0.0, 0.75, 0.7143, 0.8889, 0.9, 0.875, 0.8, 0.8571, 0.1667, 0.5, 0.6667, 0.6667, 0.8889, 0.8333, 1.0, 0.875, 0.5714, 1.0, 0.6667, 0.8333, 0.8182, 0.8667, 1.0, 1.0, 0.6154, 0.75, 0.9, 0.9, 0.8571, 0.8333, 0.8889, 1.0, 0.6667, 1.0, 0.8889, 0.8571, 1.0, 0.8, 1.0, 1.0, 1.0, 1.0, 0.8, 1.0, 0.7143, 1.0, 0.9231, 0.7143, 0.625, 0.9, 1.0, 0.75, 1.0, 0.8333, 0.9167, 0.8333, 0.75, 0.6, 0.875, 1.0, 0.8889, 0.7143, 1.0, 0.75, 0.9091, 1.0, 0.7143, 0.9091, 0.6, 1.0, 0.8571, 1.0, 0.8, 0.7143, 0.7143, 1.0, 1.0, 0.8, 1.0, 1.0, 0.7, 0.75, 0.8333, 1.0, 1.0, 1.0, 1.0, 0.8333, 0.9167, 0.7, 0.8889, 0.8, 1.0, 0.9167, 1.0, 0.5, 0.8333, 0.875, 0.7, 1.0, 0.8333, 1.0, 0.8571, 0.8571, 1.0, 0.9091, 0.8333, 1.0, 0.7273, 0.875, 0.75, 0.9, 1.0, 0.8571, 0.8333, 0.875, 0.8333, 0.9091, 0.8667, 0.9167, 1.0, 0.8333, 0.9091, 1.0, 0.7143, 1.0, 0.6, 0.875, 1.0, 0.625, 0.8571, 1.0, 1.0, 0.8, 1.0, 0.9333, 0.8889, 1.0, 0.7273, 0.875, 0.75, 0.0, 0.875, 1.0, 0.7273, 1.0, 0.5, 0.6667, 0.8571, 0.0, 0.75, 0.7143, 0.8333, 0.7143, 0.8889, 1.0, 1.0, 0.0]","[0, 7, 11, 13, 14, 20, 22, 30, 31, 49, 51, 52, 55, 57, 63, 64, 75, 80, 82, 90, 95, 99, 103, 109, 113, 116, 121, 122, 133, 134, 135, 137, 142, 147, 148, 150, 156, 164, 169, 170, 172, 175, 176, 178, 180, 185, 190, 197, 200, 202, 210, 211, 213, 214, 221, 227, 228, 230, 242, 246, 247]"
cluster,0:16,16,cluster,0.2605,0.2605,0.2605,1.0,0.2605,0.0,33,True,521,0,270,1209,0,"[0.05, 0.0675, 0.0845, 0.101, 0.118, 0.1335, 0.15, 0.1635, 0.175, 0.1835, 0.1895, 0.1935, 0.1985, 0.203, 0.209, 0.213, 0.217, 0.22, 0.221, 0.223, 0.226, 0.2275, 0.2315, 0.234, 0.237, 0.2395, 0.2425, 0.247, 0.2495, 0.2535, 0.257, 0.259, 0.2605, 0.2605, 0.2605, 0.2605, 0.2605, 0.2605, 0.2605, 0.2605, 0.2605, 0.2605, 0.2605, 0.2605, 0.2605, 0.2605, 0.2605, 0.2605, 0.2605, 0.2605, 0.2605, 0.2605, 0.2605, 0.2605, 0.2605, 0.2605, 0.2605, 0.2605, 0.2605, 0.2605, 0.2605, 0.2605, 0.2605, 0.2605, 0.2605, 0.2605, 0.2605, 0.2605, 0.2605, 0.2605, 0.2605, 0.2605, 0.2605, 0.2605, 0.2605, 0.2605, 0.2605, 0.2605, 0.2605, 0.2605, 0.2605, 0.2605, 0.2605, 0.2605, 0.2605, 0.2605, 0.2605, 0.2605, 0.2605, 0.2605, 0.2605, 0.2605, 0.2605, 0.2605, 0.2605, 0.2605, 0.2605, 0.2605, 0.2605, 0.2605, 0.2605]","{""0"": 0.0, ""1"": 0.3498, ""2"": 0.0449, ""3"": 0.0881, ""4"": 0.6809, ""5"": 0.4, ""6"": 0.5317, ""7"": 0.0}","[0.3333, 0.0, 0.0, 0.0, 0.0, 0.75, 0.0, 1.0, 0.0, 0.0, 0.0, 0.0, 0.0, 0.75, 0.0, 1.0, 0.0, 0.0, 0.0, 0.0, 0.1538, 1.0, 0.0, 1.0, 0.0, 0.0, 0.0, 0.0, 0.1429, 1.0, 0.0, 0.6364, 0.0, 0.0, 0.0, 0.0, 0.0, 0.9, 0.0, 1.0, 0.0, 0.0, 0.0, 0.0, 0.0, 1.0, 0.8571, 0.8, 0.0, 0.0, 0.0, 0.0, 0.0, 1.0, 0.7143, 0.8182, 0.0, 0.0, 0.0, 0.0, 0.0, 0.8571, 1.0, 1.0, 0.0, 0.0, 0.0, 0.0, 1.0, 1.0, 0.9, 0.8889, 0.0, 0.0, 0.0, 0.0, 0.7143, 1.0, 0.8, 1.0, 0.0, 0.0, 0.0, 0.0, 0.8571, 1.0, 1.0, 0.8333, 0.0, 0.0, 0.125, 0.0, 0.0, 0.75, 0.7143, 0.7778, 0.0, 0.0, 0.6, 0.4286, 0.0, 0.5, 0.6667, 0.0833, 0.0, 0.0, 1.0, 1.0, 0.0, 0.1111, 1.0, 0.0, 0.0, 0.0, 1.0, 0.0, 0.0, 0.0, 0.9, 0.0, 0.0, 0.0, 0.8889, 0.0, 0.0, 0.0, 0.8889, 0.0, 0.0, 0.0, 1.0, 0.0, 0.0, 0.0, 0.0, 0.1, 0.0, 0.0, 0.9231, 0.0, 0.0, 0.1, 0.0, 0.0, 0.0, 0.0, 0.9167, 0.0, 0.0, 0.0, 0.0, 0.0, 0.0, 0.0, 1.0, 0.0, 0.0, 0.0, 0.0, 0.0, 0.0, 0.0, 0.8571, 0.0, 0.0, 0.0, 0.0, 0.1429, 0.0, 0.0, 1.0, 0.0, 0.0, 0.75, 0.0, 0.1111, 0.0, 0.0, 0.8571, 0.0, 0.0, 0.7, 0.0, 0.0, 0.0, 0.0, 1.0, 0.0, 0.0, 0.875, 0.0, 0.0, 0.0, 0.0, 0.0, 0.0, 0.0, 0.9091, 0.8333, 0.0, 0.0, 0.0, 0.0, 0.0, 0.0, 0.8571, 0.8333, 0.0, 0.0, 0.0, 0.0, 0.0, 0.0, 1.0, 1.0, 1.0, 0.0, 0.0, 0.0, 0.0, 0.0, 0.625, 0.8571, 1.0, 0.0, 0.0, 0.0, 0.0, 0.0, 1.0, 0.0909, 1.0, 0.0, 0.0, 0.0, 0.0, 0.0, 1.0, 0.0, 0.6667, 0.0, 0.0, 0.0, 0.0, 0.0, 0.8571, 0.1111, 1.0, 0.0, 0.0]","[7, 29, 62, 68, 77, 79, 107, 110, 213, 214, 231, 245]"
one_per_team,0:16,16,one_per_team,0.6815,0.6815,0.6815,1.0,0.6815,0.0,42,True,1363,0,273,364,0,"[0.05, 0.074, 0.0985, 0.1375, 0.178, 0.219, 0.256, 0.296, 0.3375, 0.367, 0.3925, 0.417, 0.436, 0.452, 0.4705, 0.487, 0.5065, 0.52, 0.5325, 0.541, 0.5515, 0.564, 0.576, 0.5845, 0.59, 0.5945, 0.5985, 0.6005, 0.603, 0.6085, 0.613, 0.6185, 0.626, 0.631, 0.6355, 0.6445, 0.656, 0.6685, 0.6755, 0.6785, 0.681, 0.6815, 0.6815, 0.6815, 0.6815, 0.6815, 0.6815, 0.6815, 0.6815, 0.6815, 0.6815, 0.6815, 0.6815, 0.6815, 0.6815, 0.6815, 0.6815, 0.6815, 0.6815, 0.6815, 0.6815, 0.6815, 0.6815, 0.6815, 0.6815, 0.6815, 0.6815, 0.6815, 0.6815, 0.6815, 0.6815, 0.6815, 0.6815, 0.6815, 0.6815, 0.6815, 0.6815, 0.6815, 0.6815, 0.6815, 0.6815, 0.6815, 0.6815, 0.6815, 0.6815, 0.6815, 0.6815, 0.6815, 0.6815, 0.6815, 0.6815, 0.6815, 0.6815, 0.6815, 0.6815, 0.6815, 0.6815, 0.6815, 0.6815, 0.6815, 0.6815]","{""0"": 0.0569, ""1"": 0.8479, ""2"": 0.5878, ""3"": 0.8276, ""4"": 0.7957, ""5"": 0.836, ""6"": 0.6071, ""7"": 0.8745}","[0.7778, 0.0, 0.8889, 0.0, 0.8571, 0.125, 0.9091, 0.8462, 0.75, 0.5714, 0.9, 1.0, 1.0, 0.0, 1.0, 1.0, 0.8571, 0.1, 0.7273, 0.7778, 0.7692, 1.0, 0.8889, 1.0, 0.8333, 0.0, 1.0, 1.0, 1.0, 0.7778, 0.9091, 0.6364, 1.0, 0.0, 1.0, 0.6667, 0.7143, 0.9, 1.0, 1.0, 1.0, 0.0, 1.0, 0.9, 0.9091, 1.0, 0.8571, 0.8, 0.8889, 0.1429, 1.0, 0.875, 0.8182, 1.0, 0.7143, 0.0, 0.875, 0.0, 0.9, 1.0, 0.5714, 0.8571, 0.8571, 0.0, 0.8889, 0.1667, 1.0, 0.8889, 0.8889, 1.0, 0.9, 0.0, 0.8571, 0.0, 0.8, 0.8333, 0.7143, 1.0, 0.8, 0.1429, 0.9231, 0.0, 0.9, 0.5, 0.8571, 1.0, 1.0, 0.0, 0.8333, 0.0, 0.875, 0.875, 1.0, 0.75, 0.7143, 0.0, 0.9, 0.0, 0.8, 0.7143, 1.0, 0.6667, 0.6667, 0.0833, 0.8889, 0.0, 1.0, 0.875, 0.5714, 1.0, 0.7778, 0.0, 0.8182, 0.0, 1.0, 0.0, 0.6154, 0.75, 1.0, 0.9, 0.8571, 0.0, 0.8889, 0.0, 0.6667, 1.0, 0.8889, 0.8571, 1.0, 0.0, 1.0, 0.0, 1.0, 1.0, 0.6, 1.0, 0.7143, 0.2222, 0.9231, 0.0, 0.75, 0.9, 0.9091, 0.75, 1.0, 0.1667, 0.9167, 0.0, 0.625, 0.6, 0.875, 1.0, 0.8889, 0.0, 1.0, 0.75, 0.9091, 1.0, 0.7143, 0.9091, 0.6, 0.0, 0.8571, 1.0, 0.8, 0.7143, 0.7143, 1.0, 1.0, 0.1, 1.0, 1.0, 0.7, 0.75, 0.8333, 1.0, 0.9091, 0.3333, 0.8571, 0.8333, 0.9167, 0.7, 0.8889, 0.8, 1.0, 0.0, 1.0, 0.6667, 0.8333, 0.875, 0.5, 1.0, 0.8333, 0.0, 0.8571, 0.8571, 1.0, 0.9091, 0.8333, 0.0, 0.7273, 0.0, 0.75, 0.9, 1.0, 0.8571, 0.8333, 0.0, 0.8333, 0.0, 0.0, 0.8333, 1.0, 0.8333, 0.9091, 1.0, 0.7143, 0.0, 0.6, 0.875, 1.0, 0.625, 0.8571, 1.0, 1.0, 0.0, 1.0, 0.0, 0.8889, 1.0, 0.7273, 0.875, 0.75, 0.0, 1.0, 0.0, 0.7273, 1.0, 0.5, 0.6667, 0.8571, 0.0, 0.75, 0.0, 0.8333, 0.7143, 0.8889, 1.0, 1.0, 0.25]","[4, 7, 9, 10, 11, 17, 19, 20, 21, 23, 24, 27, 28, 29, 32, 36, 40, 47, 49, 58, 61, 62, 65, 66, 68, 72, 74, 75, 77, 79, 80, 84, 86, 88, 91, 93, 94, 100, 101, 102, 106, 107, 109, 110, 117, 118, 119, 120, 122, 125, 126, 128, 132, 133, 134, 135, 136, 137, 140, 141, 142, 144, 145, 148, 149, 151, 152, 159, 163, 166, 167, 168, 169, 173, 177, 179, 180, 181, 184, 187, 189, 198, 204, 205, 212, 213, 214, 218, 219, 220, 221, 223, 224, 231, 234, 236, 244, 245, 247, 249]"
random,0:17,17,random,0.7085,0.7085,0.7085,1.0,0.7085,0.0,41,True,1417,0,296,287,0,"[0.05, 0.075, 0.1005, 0.137, 0.174, 0.211, 0.2545, 0.3015, 0.343, 0.3825, 0.421, 0.458, 0.4865, 0.5075, 0.5235, 0.538, 0.5565, 0.571, 0.582, 0.594, 0.603, 0.6095, 0.6205, 0.6295, 0.6365, 0.6435, 0.6515, 0.6585, 0.664, 0.67, 0.6755, 0.6775, 0.6805, 0.683, 0.6855, 0.6885, 0.691, 0.695, 0.7005, 0.707, 0.7085, 0.7085, 0.7085, 0.7085, 0.7085, 0.7085, 0.7085, 0.7085, 0.7085, 0.7085, 0.7085, 0.7085, 0.7085, 0.7085, 0.7085, 0.7085, 0.7085, 0.7085, 0.7085, 0.7085, 0.7085, 0.7085, 0.7085, 0.7085, 0.7085, 0.7085, 0.7085, 0.7085, 0.7085, 0.7085, 0.7085, 0.7085, 0.7085, 0.7085, 0.7085, 0.7085, 0.7085, 0.7085, 0.7085, 0.7085, 0.7085, 0.7085, 0.7085, 0.7085, 0.7085, 0.7085, 0.7085, 0.7085, 0.7085, 0.7085, 0.7085, 0.7085, 0.7085, 0.7085, 0.7085, 0.7085, 0.7085, 0.7085, 0.7085, 0.7085, 0.7085]","{""0"": 0.6573, ""1"": 0.6051, ""2"": 0.5855, ""3"": 0.8425, ""4"": 0.8238, ""5"": 0.876, ""6"": 0.8577, ""7"": 0.4353}","[1.0, 0.875, 1.0, 1.0, 0.8571, 0.8, 1.0, 1.0, 0.0, 0.9, 0.875, 0.75, 0.8889, 0.8333, 1.0, 0.625, 0.7143, 0.5714, 0.8889, 0.875, 0.9, 0.8889, 1.0, 0.5, 0.0, 0.7778, 1.0, 0.8889, 0.8, 0.8889, 0.9091, 0.5714, 0.0, 0.8889, 0.8571, 1.0, 0.9091, 0.5, 0.875, 0.8889, 0.3333, 1.0, 0.8, 1.0, 0.8571, 0.7778, 0.875, 0.7143, 0.1, 0.75, 0.7778, 0.875, 0.9091, 0.6667, 0.8182, 0.8889, 0.0, 1.0, 1.0, 0.8333, 0.75, 1.0, 1.0, 0.875, 0.0, 0.875, 0.8889, 0.8182, 0.6667, 1.0, 1.0, 0.8571, 0.1, 0.6667, 0.875, 1.0, 0.6667, 1.0, 1.0, 1.0, 0.0, 1.0, 1.0, 1.0, 0.7273, 0.8, 1.0, 0.8571, 0.0, 1.0, 0.8571, 0.9091, 0.9091, 1.0, 1.0, 0.75, 0.75, 1.0, 0.9, 0.75, 0.875, 0.6667, 0.75, 0.8889, 0.6667, 1.0, 0.7778, 0.0, 0.6667, 1.0, 0.8571, 0.875, 0.0, 0.8889, 0.5, 0.0, 1.0, 0.5714, 1.0, 1.0, 0.7778, 0.8182, 0.1, 0.1667, 0.8, 0.8462, 0.6667, 0.8333, 1.0, 1.0, 0.0, 0.0, 0.8889, 0.8889, 0.6667, 0.5714, 0.9, 0.0, 0.1111, 0.0769, 0.7143, 0.8571, 1.0, 1.0, 0.8571, 0.0, 0.0909, 0.0, 0.9, 0.8333, 0.6667, 1.0, 0.7273, 0.0, 0.0, 0.0, 0.7143, 0.7, 0.8889, 0.9, 0.8889, 0.0, 0.0, 0.0, 1.0, 0.7, 1.0, 0.8462, 1.0, 0.0, 0.0, 0.0, 0.8333, 0.75, 0.8333, 1.0, 0.8, 0.0, 0.0, 0.0, 0.9091, 0.75, 0.8, 0.6667, 1.0, 0.5, 0.1429, 0.2, 1.0, 1.0, 1.0, 1.0, 0.8571, 0.875, 0.0, 1.0, 0.5, 1.0, 0.75, 0.9, 0.7778, 0.875, 0.7778, 0.7143, 0.6364, 0.4, 0.7778, 1.0, 0.125, 0.875, 0.6, 0.8571, 0.8, 1.0, 0.8333, 0.8889, 0.0, 0.75, 0.875, 0.8, 1.0, 0.6, 0.7778, 1.0, 0.0, 0.8333, 1.0, 0.9, 1.0, 0.875, 0.75, 0.8889, 0.0, 0.7, 0.8571, 0.7692, 0.9091, 0.8571, 0.5714, 0.8, 1.0, 1.0, 1.0, 1.0, 1.0, 1.0, 1.0, 1.0, 0.8889, 1.0]","[0, 2, 5, 6, 7, 9, 15, 16, 20, 23, 26, 28, 29, 30, 35, 36, 38, 40, 42, 43, 46, 48, 50, 51, 54, 55, 58, 62, 70, 73, 74, 78, 84, 86, 90, 94, 95, 96, 97, 98, 100, 101, 104, 109, 110, 116, 122, 124, 125, 129, 133, 138, 139, 143, 146, 149, 151, 159, 167, 173, 180, 186, 189, 190, 192, 193, 203, 206, 210, 211, 214, 215, 220, 222, 227, 231, 236, 240, 241, 242, 243, 248]"
champions,0:17,17,champions,0.815,0.815,0.815,1.0,0.815,0.0,41,True,1630,0,290,80,0,"[0.05, 0.0825, 0.1255, 0.177, 0.239, 0.2885, 0.345, 0.391, 0.438, 0.4825, 0.5295, 0.5695, 0.599, 0.63, 0.6605, 0.6805, 0.6985, 0.714, 0.727, 0.744, 0.7565, 0.77, 0.778, 0.783, 0.786, 0.788, 0.79, 0.7915, 0.794, 0.7975, 0.8, 0.8015, 0.802, 0.8025, 0.8035, 0.805, 0.807, 0.8085, 0.811, 0.813, 0.815, 0.815, 0.815, 0.815, 0.815, 0.815, 0.815, 0.815, 0.815, 0.815, 0.815, 0.815, 0.815, 0.815, 0.815, 0.815, 0.815, 0.815, 0.815, 0.815, 0.815, 0.815, 0.815, 0.815, 0.815, 0.815, 0.815, 0.815, 0.815, 0.815, 0.815, 0.815, 0.815, 0.815, 0.815, 0.815, 0.815, 0.815, 0.815, 0.815, 0.815, 0.815, 0.815, 0.815, 0.815, 0.815, 0.815, 0.815, 0.815, 0.815, 0.815, 0.815, 0.815, 0.815, 0.815, 0.815, 0.815, 0.815, 0.815, 0.815, 0.815]","{""0"": 0.8589, ""1"": 0.8659, ""2"": 0.5855, ""3"": 0.8425, ""4"": 0.8279, ""5"": 0.8802, ""6"": 0.7967, ""7"": 0.8431}","[1.0, 0.875, 1.0, 1.0, 0.8571, 0.8, 1.0, 0.0, 0.875, 0.8, 0.875, 0.75, 1.0, 0.8333, 1.0, 0.125, 1.0, 0.7143, 0.8889, 0.875, 0.8, 0.8889, 1.0, 0.0, 0.9167, 0.7778, 1.0, 0.8889, 0.8, 0.8889, 0.9091, 0.5714, 0.5, 0.8889, 0.8571, 1.0, 0.9091, 0.5, 0.875, 0.8889, 0.8333, 1.0, 0.8, 1.0, 0.8571, 0.7778, 0.875, 0.7143, 0.9, 0.75, 0.7778, 0.875, 0.9091, 0.6667, 0.8182, 0.8889, 0.6667, 1.0, 1.0, 0.8333, 0.75, 1.0, 1.0, 0.875, 1.0, 1.0, 0.8889, 0.9091, 0.6667, 1.0, 1.0, 0.8571, 0.8, 0.6667, 0.875, 1.0, 0.6667, 1.0, 1.0, 1.0, 0.75, 1.0, 1.0, 1.0, 0.7273, 0.8, 0.8333, 0.8571, 0.9, 1.0, 0.7143, 0.9091, 0.9091, 1.0, 1.0, 0.75, 0.75, 1.0, 0.9, 0.75, 0.75, 0.8333, 0.75, 0.8889, 0.6667, 1.0, 0.7778, 0.0, 0.6667, 1.0, 0.8571, 0.875, 0.6667, 0.8889, 0.5, 0.0, 1.0, 0.5714, 1.0, 1.0, 0.8889, 0.8182, 0.8, 0.1667, 0.8, 0.8462, 0.6667, 0.8333, 1.0, 0.75, 0.8, 0.0, 0.8889, 0.8889, 0.6667, 0.5714, 0.9, 0.6667, 1.0, 0.0, 0.7143, 0.8571, 1.0, 1.0, 0.8571, 0.7143, 0.9091, 0.0, 0.9, 0.8333, 0.6667, 1.0, 0.7273, 0.8571, 0.8889, 0.1111, 0.7143, 0.7, 1.0, 0.9, 0.8889, 1.0, 0.8182, 0.1429, 1.0, 0.7, 1.0, 0.9231, 1.0, 1.0, 1.0, 0.0, 0.8333, 0.75, 0.8333, 1.0, 0.8, 1.0, 0.8333, 0.0, 0.9091, 0.75, 0.9, 0.6667, 1.0, 0.5, 0.7143, 0.2, 1.0, 0.875, 1.0, 1.0, 0.8571, 0.875, 0.7, 1.0, 0.6667, 1.0, 0.75, 0.9, 0.7778, 0.875, 0.7778, 0.7143, 0.6364, 0.4, 0.7778, 1.0, 0.875, 0.875, 0.6, 0.8571, 0.8, 1.0, 0.8333, 0.8889, 0.7778, 0.75, 0.875, 0.8, 1.0, 0.6, 0.7778, 1.0, 0.8889, 0.8333, 1.0, 0.8, 1.0, 0.875, 0.75, 0.8889, 0.875, 0.7, 1.0, 0.8462, 0.9091, 0.8571, 0.5714, 0.8, 0.8333, 1.0, 1.0, 0.5, 1.0, 1.0, 1.0, 1.0, 0.8889, 1.0]","[0, 8, 9, 12, 16, 17, 22, 24, 26, 28, 36, 40, 43, 46, 50, 54, 55, 58, 65, 67, 75, 77, 84, 91, 97, 99, 101, 104, 109, 113, 119, 120, 121, 125, 130, 138, 142, 143, 144, 146, 148, 153, 154, 155, 157, 158, 161, 162, 167, 177, 182, 183, 191, 196, 202, 209, 210, 214, 218, 224, 226, 227, 228, 232, 234, 235, 244, 246, 248]"
cluster,0:17,17,cluster,0.2735,0.2735,0.2735,1.0,0.2735,0.0,33,True,547,0,300,1153,0,"[0.05, 0.061, 0.0735, 0.0855, 0.1, 0.11, 0.124, 0.1385, 0.158, 0.1695, 0.179, 0.1895, 0.1975, 0.2035, 0.21, 0.2185, 0.2265, 0.2325, 0.2365, 0.24, 0.245, 0.251, 0.257, 0.263, 0.2645, 0.265, 0.266, 0.267, 0.268, 0.27, 0.271, 0.2725, 0.2735, 0.2735, 0.2735, 0.2735, 0.2735, 0.2735, 0.2735, 0.2735, 0.2735, 0.2735, 0.2735, 0.2735, 0.2735, 0.2735, 0.2735, 0.2735, 0.2735, 0.2735, 0.2735, 0.2735, 0.2735, 0.2735, 0.2735, 0.2735, 0.2735, 0.2735, 0.2735, 0.2735, 0.2735, 0.2735, 0.2735, 0.2735, 0.2735, 0.2735, 0.2735, 0.2735, 0.2735, 0.2735, 0.2735, 0.2735, 0.2735, 0.2735, 0.2735, 0.2735, 0.2735, 0.2735, 0.2735, 0.2735, 0.2735, 0.2735, 0.2735, 0.2735, 0.2735, 0.2735, 0.2735, 0.2735, 0.2735, 0.2735, 0.2735, 0.2735, 0.2735, 0.2735, 0.2735, 0.2735, 0.2735, 0.2735, 0.2735, 0.2735, 0.2735]","{""0"": 0.0081, ""1"": 0.0, ""2"": 0.4274, ""3"": 0.3307, ""4"": 0.5328, ""5"": 0.0289, ""6"": 0.8618, ""7"": 0.0431}","[0.4444, 0.0, 0.0, 1.0, 0.8571, 0.8, 0.0, 1.0, 0.0, 0.0, 0.0, 0.75, 0.8889, 0.8333, 0.0, 0.625, 0.0, 0.0, 0.0, 0.875, 0.0, 1.0, 0.0, 0.5, 0.0, 0.0, 0.0, 1.0, 0.0, 0.8889, 0.0, 0.5714, 0.0, 0.0, 0.0, 1.0, 0.0, 0.5, 0.0, 0.8889, 0.0, 0.0, 0.0, 1.0, 0.0, 0.0, 0.0, 0.7143, 0.0, 0.0, 0.0, 0.875, 0.0, 0.0, 0.0, 0.8889, 0.0, 0.0, 0.0, 1.0, 0.0, 0.0, 0.0, 0.875, 0.0, 0.0, 0.0, 0.7273, 0.0, 0.0, 0.0, 0.8571, 0.0, 0.0, 0.0, 1.0, 0.0, 0.0, 0.0, 1.0, 0.0, 0.0, 0.0, 1.0, 0.0, 0.0, 0.0, 0.8571, 0.0, 0.0, 0.0, 0.0, 0.0, 0.0, 0.0, 0.75, 0.0, 0.0, 0.0, 0.0, 0.0, 0.0, 0.0, 0.8889, 0.0, 0.0, 0.0, 0.0, 0.1667, 0.5, 0.0, 0.875, 0.0, 0.0, 0.0, 0.0, 1.0, 0.1429, 0.0, 1.0, 0.0, 0.0, 0.0, 0.0, 1.0, 0.0769, 0.0, 0.8333, 0.0, 0.0, 0.0, 0.0, 1.0, 0.7778, 0.1111, 0.5714, 0.1, 0.0, 0.0, 0.0, 0.5714, 0.8571, 0.0, 1.0, 0.0, 0.0, 0.0, 0.0, 0.2, 1.0, 0.0, 1.0, 0.0, 0.0, 0.0, 0.0, 0.0, 0.7, 0.0, 1.0, 0.0, 0.0, 0.0, 0.0, 0.0, 0.7, 0.0, 0.8462, 0.0, 0.0, 0.0, 0.0, 0.0, 0.75, 0.0, 1.0, 0.0, 0.0, 0.0, 0.0, 0.0, 0.75, 0.0, 0.6667, 0.0, 0.0, 0.0, 0.2, 0.0, 0.875, 0.0, 1.0, 0.0, 0.125, 0.0, 1.0, 0.0, 1.0, 0.0, 0.9, 0.0, 0.125, 0.0, 0.7143, 0.0, 0.4, 0.0, 1.0, 0.0, 0.0, 0.0, 0.8571, 0.8, 1.0, 0.0, 0.8889, 0.1111, 0.0, 0.0, 0.2, 1.0, 0.6, 0.0, 1.0, 1.0, 0.0, 0.0, 0.0, 1.0, 0.875, 1.0, 0.8889, 0.0, 0.0, 0.0, 0.0769, 0.9091, 0.8571, 0.2857, 0.8, 0.0, 0.0, 0.0, 0.5, 1.0, 1.0, 0.0, 1.0, 0.0, 0.0]","[7, 21, 27, 59, 116, 124, 132, 149, 151, 159, 224, 228, 230, 245]"
one_per_team,0:17,17,one_per_team,0.5205,0.5205,0.5205,1.0,0.5205,0.0,31,True,1041,0,295,664,0,"[0.05, 0.068, 0.083, 0.101, 0.123, 0.147, 0.1775, 0.2055, 0.235, 0.264, 0.297, 0.3235, 0.3495, 0.366, 0.3815, 0.396, 0.41, 0.426, 0.4355, 0.4465, 0.4595, 0.4695, 0.4805, 0.4875, 0.4915, 0.4975, 0.503, 0.511, 0.5165, 0.5185, 0.5205, 0.5205, 0.5205, 0.5205, 0.5205, 0.5205, 0.5205, 0.5205, 0.5205, 0.5205, 0.5205, 0.5205, 0.5205, 0.5205, 0.5205, 0.5205, 0.5205, 0.5205, 0.5205, 0.5205, 0.5205, 0.5205, 0.5205, 0.5205, 0.5205, 0.5205, 0.5205, 0.5205, 0.5205, 0.5205, 0.5205, 0.5205, 0.5205, 0.5205, 0.5205, 0.5205, 0.5205, 0.5205, 0.5205, 0.5205, 0.5205, 0.5205, 0.5205, 0.5205, 0.5205, 0.5205, 0.5205, 0.5205, 0.5205, 0.5205, 0.5205, 0.5205, 0.5205, 0.5205, 0.5205, 0.5205, 0.5205, 0.5205, 0.5205, 0.5205, 0.5205, 0.5205, 0.5205, 0.5205, 0.5205, 0.5205, 0.5205, 0.5205, 0.5205, 0.5205, 0.5205]","{""0"": 0.1734, ""1"": 0.1014, ""2"": 0.4915, ""3"": 0.6535, ""4"": 0.377, ""5"": 0.8802, ""6"": 0.874, ""7"": 0.6588}","[0.7778, 0.875, 0.0, 1.0, 0.8571, 0.0, 1.0, 1.0, 0.0, 0.8, 0.0, 0.75, 0.8889, 0.1667, 1.0, 0.625, 0.0, 0.5714, 0.0, 0.875, 0.1, 0.1111, 1.0, 0.625, 0.0, 0.0, 0.0833, 0.8889, 0.0, 0.1111, 0.9091, 0.7143, 0.0, 0.1111, 0.0, 1.0, 0.1818, 0.125, 0.875, 0.8889, 0.3333, 0.3333, 0.0, 1.0, 0.1429, 0.0, 0.875, 0.7143, 0.0, 0.0, 0.0, 0.875, 0.0, 0.0, 0.8182, 0.8889, 0.6667, 0.2, 0.0, 0.8333, 0.0, 0.0, 1.0, 0.875, 1.0, 0.125, 0.1111, 0.8182, 0.0, 0.0, 1.0, 0.8571, 0.8, 0.0, 0.125, 1.0, 0.6667, 0.1429, 1.0, 1.0, 0.75, 0.0, 0.0, 1.0, 0.7273, 0.1, 0.8333, 0.8571, 1.0, 0.0, 0.2857, 0.9091, 0.9091, 0.0, 1.0, 0.75, 0.875, 0.0, 0.9, 0.75, 0.75, 0.0833, 0.75, 0.8889, 0.5, 0.0, 0.7778, 0.0909, 0.6667, 0.25, 0.8571, 0.875, 0.3333, 0.1111, 0.5, 0.25, 1.0, 0.0, 1.0, 1.0, 0.8889, 0.0, 0.0, 0.0, 0.8, 0.0, 0.6667, 1.0, 1.0, 0.0, 0.0, 0.0, 1.0, 0.1111, 0.6667, 0.5714, 0.9, 0.0, 0.0, 0.0, 0.7143, 0.8571, 1.0, 1.0, 0.8571, 0.0, 0.1818, 0.0, 0.9, 0.8333, 0.6667, 1.0, 0.7273, 0.0714, 0.1111, 0.0, 0.7143, 0.7, 0.8889, 0.9, 0.8889, 0.0, 0.0, 0.0, 1.0, 0.7, 1.0, 0.8462, 1.0, 0.1111, 0.1429, 0.125, 1.0, 0.75, 1.0, 1.0, 0.8, 0.0, 0.0, 0.0, 0.9091, 0.75, 0.8, 0.6667, 1.0, 0.0, 0.0, 0.2, 1.0, 0.875, 1.0, 1.0, 0.8571, 0.375, 0.0, 1.0, 0.5, 1.0, 0.75, 0.9, 0.8889, 0.125, 0.0, 0.7143, 0.6364, 0.4, 0.7778, 1.0, 0.875, 0.0, 0.1, 0.8571, 0.8, 1.0, 0.8333, 0.8889, 0.7778, 0.0, 0.0, 0.2, 1.0, 0.6, 0.7778, 1.0, 0.8889, 0.3333, 0.0, 0.0, 1.0, 0.875, 0.75, 0.8889, 0.875, 0.0, 0.0, 0.0769, 0.9091, 0.8571, 0.7143, 0.9, 0.8333, 1.0, 0.0, 0.5, 1.0, 1.0, 1.0, 1.0, 0.8889, 1.0]","[3, 7, 20, 21, 22, 26, 27, 29, 31, 33, 35, 36, 41, 44, 47, 51, 55, 56, 57, 59, 64, 65, 74, 75, 77, 79, 83, 85, 88, 90, 91, 92, 96, 101, 102, 107, 108, 109, 112, 113, 115, 116, 118, 120, 124, 126, 127, 128, 132, 135, 140, 144, 146, 149, 150, 151, 153, 156, 159, 160, 165, 168, 169, 170, 171, 172, 173, 174, 175, 182, 187, 190, 195, 196, 197, 198, 200, 204, 206, 207, 210, 211, 216, 221, 222, 223, 224, 225, 228, 229, 230, 238, 239, 240, 241, 243, 245, 246, 247, 249]"
random,0:18,18,random,0.8315,0.8315,0.8315,1.0,0.8315,0.0,39,True,1663,0,270,67,0,"[0.05, 0.0765, 0.1015, 0.1305, 0.164, 0.212, 0.262, 0.3035, 0.3445, 0.3865, 0.418, 0.442, 0.4655, 0.498, 0.53, 0.5555, 0.578, 0.5985, 0.619, 0.654, 0.685, 0.7135, 0.7355, 0.7515, 0.7615, 0.773, 0.7825, 0.7915, 0.799, 0.806, 0.8115, 0.815, 0.816, 0.8175, 0.821, 0.8235, 0.8255, 0.828, 0.8315, 0.8315, 0.8315, 0.8315, 0.8315, 0.8315, 0.8315, 0.8315, 0.8315, 0.8315, 0.8315, 0.8315, 0.8315, 0.8315, 0.8315, 0.8315, 0.8315, 0.8315, 0.8315, 0.8315, 0.8315, 0.8315, 0.8315, 0.8315, 0.8315, 0.8315, 0.8315, 0.8315, 0.8315, 0.8315, 0.8315, 0.8315, 0.8315, 0.8315, 0.8315, 0.8315, 0.8315, 0.8315, 0.8315, 0.8315, 0.8315, 0.8315, 0.8315, 0.8315, 0.8315, 0.8315, 0.8315, 0.8315, 0.8315, 0.8315, 0.8315, 0.8315, 0.8315, 0.8315, 0.8315, 0.8315, 0.8315, 0.8315, 0.8315, 0.8315, 0.8315, 0.8315, 0.8315]","{""0"": 0.8689, ""1"": 0.8831, ""2"": 0.8481, ""3"": 0.8464, ""4"": 0.8601, ""5"": 0.5966, ""6"": 0.8577, ""7"": 0.8814}","[0.6667, 0.8333, 1.0, 0.75, 0.875, 0.8571, 0.75, 1.0, 0.8571, 1.0, 0.6667, 0.7143, 0.8571, 1.0, 0.8889, 0.7143, 1.0, 0.8889, 1.0, 0.875, 0.9167, 1.0, 1.0, 0.75, 1.0, 0.8, 0.8889, 0.875, 0.8333, 1.0, 0.7143, 1.0, 0.9091, 1.0, 1.0, 0.7778, 0.6667, 1.0, 1.0, 0.875, 0.8571, 0.8333, 0.875, 1.0, 0.9167, 1.0, 0.75, 1.0, 1.0, 0.8, 0.7778, 0.7778, 0.9, 1.0, 0.875, 0.9091, 1.0, 0.75, 0.9286, 0.7143, 1.0, 0.75, 0.7273, 0.8, 0.875, 0.7, 0.9, 0.8571, 0.5714, 0.8889, 0.875, 0.75, 0.7778, 0.875, 1.0, 1.0, 0.875, 0.75, 0.8, 0.7143, 1.0, 1.0, 0.875, 0.8571, 1.0, 1.0, 0.0, 0.8571, 0.8571, 0.9, 0.9, 0.8182, 0.6, 0.7143, 0.1429, 1.0, 1.0, 0.9333, 0.9, 0.5556, 0.8889, 1.0, 0.1429, 0.8889, 0.7778, 0.7143, 0.6667, 1.0, 0.9167, 0.8182, 0.0, 0.8333, 0.875, 0.7143, 1.0, 0.8333, 0.9286, 0.8571, 0.0, 1.0, 0.8333, 0.8, 0.5, 1.0, 0.9091, 0.8182, 0.0, 0.8333, 1.0, 0.7143, 0.875, 1.0, 0.6667, 0.875, 0.0, 0.75, 0.8333, 1.0, 0.8889, 1.0, 1.0, 1.0, 0.1667, 0.8333, 0.8333, 0.8333, 0.8182, 0.9091, 1.0, 0.7778, 0.0, 0.7273, 1.0, 0.8571, 0.7143, 1.0, 0.9, 0.8, 0.0, 1.0, 0.75, 0.9, 1.0, 1.0, 0.875, 1.0, 0.8571, 0.6, 0.75, 0.8571, 0.7, 1.0, 0.7778, 0.8571, 0.75, 1.0, 1.0, 1.0, 0.6667, 0.7273, 0.4, 0.6667, 1.0, 0.8571, 0.9, 1.0, 1.0, 0.9, 0.8889, 0.5714, 0.8333, 1.0, 0.7143, 0.7143, 1.0, 1.0, 0.875, 0.8333, 1.0, 0.9231, 0.8182, 0.6667, 1.0, 0.8889, 0.7778, 1.0, 1.0, 0.8571, 0.6667, 0.7333, 1.0, 0.6667, 0.8571, 0.8333, 0.9091, 0.9, 0.8889, 0.8571, 1.0, 0.75, 1.0, 0.5, 1.0, 0.7143, 0.7273, 1.0, 1.0, 0.8, 0.8571, 0.7778, 0.875, 1.0, 0.7143, 1.0, 0.875, 0.8182, 0.5, 1.0, 0.8571, 0.9, 1.0, 1.0, 0.8889, 0.75, 0.8889, 0.6667, 0.7143, 0.8182, 1.0, 1.0]","[4, 6, 9, 12, 27, 29, 32, 33, 38, 39, 43, 44, 45, 47, 48, 49, 51, 57, 58, 60, 62, 63, 65, 66, 67, 70, 74, 75, 81, 82, 84, 95, 96, 97, 98, 99, 100, 108, 115, 116, 117, 119, 120, 125, 127, 138, 140, 144, 145, 151, 153, 156, 160, 164, 165, 172, 175, 176, 177, 182, 183, 185, 196, 199, 202, 204, 205, 206, 207, 208, 215, 218, 222, 223, 229, 233, 234, 238, 240, 247, 249]"
champions,0:18,18,champions,0.791,0.791,0.791,1.0,0.791,-0.0,36,True,1582,0,278,140,0,"[0.05, 0.093, 0.139, 0.1895, 0.24, 0.286, 0.332, 0.3825, 0.4375, 0.482, 0.517, 0.5445, 0.5665, 0.597, 0.624, 0.6445, 0.665, 0.682, 0.6995, 0.7165, 0.7235, 0.731, 0.7355, 0.74, 0.7485, 0.7555, 0.761, 0.765, 0.77, 0.773, 0.776, 0.781, 0.783, 0.785, 0.788, 0.791, 0.791, 0.791, 0.791, 0.791, 0.791, 0.791, 0.791, 0.791, 0.791, 0.791, 0.791, 0.791, 0.791, 0.791, 0.791, 0.791, 0.791, 0.791, 0.791, 0.791, 0.791, 0.791, 0.791, 0.791, 0.791, 0.791, 0.791, 0.791, 0.791, 0.791, 0.791, 0.791, 0.791, 0.791, 0.791, 0.791, 0.791, 0.791, 0.791, 0.791, 0.791, 0.791, 0.791, 0.791, 0.791, 0.791, 0.791, 0.791, 0.791, 0.791, 0.791, 0.791, 0.791, 0.791, 0.791, 0.791, 0.791, 0.791, 0.791, 0.791, 0.791, 0.791, 0.791, 0.791, 0.791]","{""0"": 0.8689, ""1"": 0.5444, ""2"": 0.8523, ""3"": 0.8315, ""4"": 0.7572, ""5"": 0.8109, ""6"": 0.8659, ""7"": 0.7945}","[0.8889, 0.8333, 1.0, 0.75, 0.875, 0.8571, 0.75, 1.0, 0.8571, 1.0, 0.6667, 0.7143, 0.7143, 1.0, 0.8889, 0.7143, 1.0, 0.8889, 1.0, 0.875, 0.9167, 1.0, 1.0, 0.75, 1.0, 0.8, 0.8889, 0.875, 0.8333, 0.8889, 0.7143, 1.0, 0.8182, 0.8889, 1.0, 0.8889, 0.6667, 1.0, 1.0, 0.875, 0.8571, 0.8333, 0.875, 1.0, 0.9167, 1.0, 0.75, 1.0, 1.0, 0.8, 0.7778, 0.8889, 0.9, 1.0, 0.875, 0.9091, 1.0, 0.75, 0.9286, 0.7143, 1.0, 0.75, 0.8182, 1.0, 0.875, 0.6, 0.9, 0.7143, 0.5714, 0.8889, 0.875, 0.75, 0.7778, 0.875, 1.0, 0.875, 0.875, 0.75, 0.8, 0.7143, 1.0, 1.0, 0.75, 0.8571, 1.0, 1.0, 0.8889, 0.8571, 0.8571, 0.9, 0.9, 0.8182, 0.6, 0.7143, 0.8571, 1.0, 0.875, 0.9333, 0.9, 0.5556, 0.7778, 1.0, 0.9286, 0.8889, 0.7778, 0.7143, 0.6667, 1.0, 0.9167, 0.8182, 0.8333, 0.8333, 0.875, 0.7143, 0.1111, 0.8333, 0.9286, 0.8571, 0.75, 1.0, 0.9167, 0.8, 0.1667, 1.0, 0.9091, 0.8182, 0.8571, 0.8333, 1.0, 0.7143, 0.125, 1.0, 0.6667, 0.875, 1.0, 0.75, 0.8333, 1.0, 0.0, 1.0, 1.0, 1.0, 1.0, 0.8333, 0.6667, 0.8333, 0.0, 0.9091, 1.0, 0.7778, 0.0, 0.7273, 1.0, 0.8571, 0.0, 1.0, 0.8, 0.8667, 0.0, 1.0, 0.75, 0.9, 0.0, 1.0, 0.875, 0.875, 0.8571, 0.6, 0.75, 0.8571, 0.1, 1.0, 0.7778, 0.8571, 0.75, 1.0, 0.0, 1.0, 0.0, 0.7273, 0.4, 0.5, 1.0, 0.8571, 0.0, 1.0, 0.0, 0.9, 0.8889, 0.1429, 0.8333, 1.0, 0.7143, 0.7143, 0.0, 1.0, 0.875, 0.1667, 1.0, 0.9231, 0.8182, 0.6667, 0.1, 0.8889, 0.6667, 0.0, 1.0, 0.8571, 0.6667, 0.8667, 0.3333, 0.6667, 0.8571, 0.1667, 0.9091, 0.9, 0.8889, 0.8571, 0.8571, 0.75, 1.0, 0.3333, 1.0, 0.7143, 0.7273, 1.0, 1.0, 0.8, 0.8571, 0.6667, 0.875, 1.0, 0.7143, 1.0, 0.875, 0.8182, 0.5, 1.0, 0.7143, 0.9, 1.0, 1.0, 0.8889, 0.75, 0.8889, 0.6667, 0.7143, 0.8182, 1.0, 1.0]","[0, 23, 32, 35, 40, 44, 50, 51, 53, 58, 62, 63, 66, 90, 91, 96, 97, 102, 105, 108, 109, 110, 114, 116, 117, 120, 124, 125, 128, 132, 140, 147, 148, 151, 156, 157, 159, 164, 167, 172, 174, 177, 182, 185, 188, 199, 200, 206, 209, 212, 215, 233, 239, 240, 241, 247, 248]"
cluster,0:18,18,cluster,0.2915,0.2915,0.2915,1.0,0.2915,0.0,35,True,583,0,271,1146,0,"[0.05, 0.068, 0.09, 0.112, 0.133, 0.1515, 0.168, 0.179, 0.1915, 0.204, 0.212, 0.2185, 0.222, 0.223, 0.2245, 0.2255, 0.228, 0.23, 0.2325, 0.2355, 0.239, 0.242, 0.2455, 0.251, 0.2565, 0.2605, 0.265, 0.272, 0.278, 0.2795, 0.28, 0.2815, 0.286, 0.2895, 0.2915, 0.2915, 0.2915, 0.2915, 0.2915, 0.2915, 0.2915, 0.2915, 0.2915, 0.2915, 0.2915, 0.2915, 0.2915, 0.2915, 0.2915, 0.2915, 0.2915, 0.2915, 0.2915, 0.2915, 0.2915, 0.2915, 0.2915, 0.2915, 0.2915, 0.2915, 0.2915, 0.2915, 0.2915, 0.2915, 0.2915, 0.2915, 0.2915, 0.2915, 0.2915, 0.2915, 0.2915, 0.2915, 0.2915, 0.2915, 0.2915, 0.2915, 0.2915, 0.2915, 0.2915, 0.2915, 0.2915, 0.2915, 0.2915, 0.2915, 0.2915, 0.2915, 0.2915, 0.2915, 0.2915, 0.2915, 0.2915, 0.2915, 0.2915, 0.2915, 0.2915, 0.2915, 0.2915, 0.2915, 0.2915, 0.2915, 0.2915]","{""0"": 0.0899, ""1"": 0.3468, ""2"": 0.3544, ""3"": 0.1273, ""4"": 0.3539, ""5"": 0.042, ""6"": 0.3496, ""7"": 0.6838}","[0.3333, 0.3333, 1.0, 0.75, 0.875, 0.0, 0.0, 0.0, 0.8571, 0.25, 0.6667, 0.7143, 0.7143, 0.0, 0.0, 0.0, 1.0, 0.1111, 1.0, 0.875, 1.0, 0.0, 0.0, 0.0, 1.0, 0.0, 0.8889, 0.875, 0.8333, 0.0, 0.0, 0.0, 1.0, 0.0, 0.0, 0.7778, 0.0, 0.0, 0.6667, 0.0, 1.0, 0.0, 0.0, 1.0, 0.0, 0.2, 0.0, 0.0, 1.0, 0.1, 0.0, 0.7778, 0.0, 0.0, 0.125, 0.0, 1.0, 0.0, 0.0, 0.7143, 0.0, 0.0, 0.0909, 0.0, 0.875, 0.0, 0.0, 0.7143, 0.0, 0.0, 0.0, 0.0, 1.0, 0.0, 0.1429, 1.0, 0.125, 0.0, 0.2, 0.0, 1.0, 0.0, 0.0, 0.8571, 0.1667, 0.8, 0.0, 0.0, 0.8571, 0.0, 0.0, 0.8182, 0.0, 0.7143, 0.1429, 0.0, 0.875, 0.0, 0.0, 0.5556, 0.0, 1.0, 0.0, 0.0, 0.7778, 0.0, 0.0, 0.0, 0.0, 0.8182, 0.0, 0.0, 0.875, 1.0, 0.0, 0.0, 0.0, 0.8571, 0.0, 1.0, 0.8333, 0.8, 0.0, 0.1111, 0.0, 0.8182, 0.0, 0.8333, 1.0, 0.7143, 0.125, 0.2, 0.0, 0.875, 0.0, 0.75, 0.8333, 0.375, 0.0, 0.0, 0.0, 1.0, 0.3333, 0.8333, 0.6667, 0.0, 0.0, 0.0, 0.0, 0.7778, 0.0, 0.6364, 1.0, 0.0, 0.0, 0.0, 0.0, 0.8, 0.0, 1.0, 0.75, 0.0, 0.0, 0.0, 0.0, 1.0, 0.0, 1.0, 1.0, 0.0, 0.2, 0.0, 0.0, 0.2857, 0.0, 1.0, 0.0, 0.0, 1.0, 0.0, 0.0, 0.0, 0.0, 0.8571, 0.0, 0.0, 1.0, 0.0, 0.0, 0.0, 0.0, 1.0, 0.0, 0.0, 1.0, 0.0, 0.0, 0.1667, 0.0, 0.9231, 0.0, 0.0, 0.9, 0.0, 0.0, 0.0, 0.0, 1.0, 0.3333, 0.0, 1.0, 0.0, 0.0, 0.0, 0.0, 0.0, 0.0, 0.0, 0.8571, 0.0, 0.2, 0.0, 0.0, 0.0, 0.0, 0.0, 1.0, 0.0, 0.0, 0.0, 0.0, 0.0, 0.2857, 0.0, 0.875, 0.0, 0.0, 0.0, 0.0, 0.1, 1.0, 0.0, 0.8889, 0.25, 0.2222, 0.0, 0.0, 0.0909, 1.0, 0.0]","[20, 32, 40, 43, 72, 75, 113, 142, 165, 167, 168, 178, 207]"
one_per_team,0:18,18,one_per_team,0.815,0.815,0.815,1.0,0.815,0.0,47,True,1630,0,277,93,0,"[0.05, 0.0725, 0.0915, 0.115, 0.141, 0.1745, 0.216, 0.2655, 0.3145, 0.351, 0.389, 0.4185, 0.451, 0.485, 0.5165, 0.54, 0.5645, 0.59, 0.611, 0.6325, 0.6545, 0.677, 0.6985, 0.708, 0.7195, 0.7265, 0.733, 0.7385, 0.7465, 0.7515, 0.756, 0.7635, 0.7695, 0.776, 0.781, 0.7875, 0.7905, 0.7915, 0.7925, 0.7955, 0.797, 0.7985, 0.8005, 0.8035, 0.8095, 0.8145, 0.815, 0.815, 0.815, 0.815, 0.815, 0.815, 0.815, 0.815, 0.815, 0.815, 0.815, 0.815, 0.815, 0.815, 0.815, 0.815, 0.815, 0.815, 0.815, 0.815, 0.815, 0.815, 0.815, 0.815, 0.815, 0.815, 0.815, 0.815, 0.815, 0.815, 0.815, 0.815, 0.815, 0.815, 0.815, 0.815, 0.815, 0.815, 0.815, 0.815, 0.815, 0.815, 0.815, 0.815, 0.815, 0.815, 0.815, 0.815, 0.815, 0.815, 0.815, 0.815, 0.815, 0.815, 0.815]","{""0"": 0.8652, ""1"": 0.879, ""2"": 0.8481, ""3"": 0.5768, ""4"": 0.7572, ""5"": 0.8697, ""6"": 0.8659, ""7"": 0.8775}","[0.6667, 0.8333, 1.0, 0.75, 0.875, 0.8571, 0.75, 1.0, 0.8571, 1.0, 0.6667, 0.7143, 0.8571, 1.0, 0.8889, 0.7143, 1.0, 1.0, 1.0, 0.875, 0.9167, 1.0, 1.0, 0.75, 1.0, 0.8, 0.8889, 0.875, 0.8333, 0.8889, 0.7143, 1.0, 0.8182, 0.8889, 1.0, 0.7778, 0.75, 1.0, 1.0, 0.875, 0.8571, 0.8333, 0.875, 1.0, 0.9167, 1.0, 0.75, 1.0, 1.0, 0.8, 0.7778, 0.7778, 0.9, 1.0, 0.875, 0.9091, 1.0, 0.75, 0.9286, 0.7143, 1.0, 0.75, 0.7273, 0.8, 0.875, 0.6, 0.9, 0.7143, 0.5714, 0.8889, 0.875, 0.75, 0.8889, 0.875, 1.0, 0.875, 1.0, 0.75, 0.8, 0.7143, 1.0, 1.0, 0.75, 0.8571, 1.0, 1.0, 0.8889, 0.8571, 0.8571, 0.9, 0.9, 0.8182, 0.6, 0.7143, 0.8571, 1.0, 0.875, 0.9333, 0.9, 0.5556, 0.7778, 1.0, 0.9286, 0.8889, 0.7778, 0.7143, 0.6667, 1.0, 0.9167, 0.8182, 0.8333, 0.8333, 0.875, 0.7143, 1.0, 0.8333, 0.8571, 0.8571, 0.75, 1.0, 0.8333, 0.8, 0.5, 1.0, 0.9091, 0.8182, 0.8571, 0.8333, 1.0, 0.7143, 0.875, 1.0, 0.6667, 0.875, 1.0, 0.875, 0.8333, 1.0, 0.8889, 1.0, 1.0, 1.0, 1.0, 1.0, 0.6667, 0.8333, 0.8182, 0.9091, 1.0, 0.7778, 1.0, 0.7273, 1.0, 0.8571, 0.8571, 1.0, 0.0, 0.8, 0.7143, 1.0, 0.75, 0.9, 1.0, 1.0, 0.125, 0.875, 0.8571, 0.6, 0.875, 0.8571, 0.7, 1.0, 0.0, 0.8571, 0.75, 1.0, 1.0, 1.0, 0.8333, 0.7273, 0.0, 0.5, 1.0, 0.8571, 0.9, 1.0, 1.0, 1.0, 0.1111, 0.1429, 0.8333, 1.0, 0.7143, 0.7143, 1.0, 1.0, 0.0, 0.1667, 1.0, 0.9231, 0.8182, 0.6667, 0.9, 0.8889, 0.0, 0.0, 1.0, 0.8571, 0.6667, 0.7333, 1.0, 0.6667, 0.0, 0.3333, 0.9091, 0.9, 0.8889, 0.8571, 0.8571, 0.875, 0.2, 0.3333, 1.0, 0.7143, 0.7273, 1.0, 1.0, 0.8, 0.0, 0.6667, 0.875, 1.0, 0.7143, 1.0, 0.875, 0.8182, 0.0, 1.0, 0.7143, 0.9, 1.0, 1.0, 0.8889, 0.75, 0.2222, 0.6667, 0.7143, 0.8182, 1.0, 1.0]","[4, 7, 8, 12, 14, 15, 17, 18, 20, 21, 24, 26, 27, 29, 31, 32, 34, 35, 36, 37, 40, 43, 45, 50, 54, 55, 59, 60, 64, 70, 72, 73, 75, 76, 81, 83, 88, 89, 96, 97, 98, 101, 102, 105, 106, 107, 108, 111, 112, 113, 118, 119, 120, 126, 127, 128, 133, 135, 139, 142, 143, 146, 149, 151, 154, 158, 164, 165, 167, 168, 169, 173, 174, 176, 177, 178, 181, 183, 186, 187, 192, 193, 195, 199, 203, 206, 207, 208, 210, 213, 216, 219, 225, 226, 229, 238, 240, 242, 245, 247]"
random,0:19,19,random,0.583,0.583,0.583,1.0,0.583,0.0,38,True,1166,0,280,554,0,"[0.05, 0.0705, 0.0945, 0.124, 0.166, 0.2085, 0.252, 0.2895, 0.319, 0.3515, 0.377, 0.4015, 0.4265, 0.4535, 0.474, 0.484, 0.491, 0.5, 0.5045, 0.5065, 0.509, 0.5105, 0.511, 0.512, 0.513, 0.514, 0.518, 0.5205, 0.5225, 0.525, 0.528, 0.5345, 0.5445, 0.554, 0.563, 0.5755, 0.58, 0.583, 0.583, 0.583, 0.583, 0.583, 0.583, 0.583, 0.583, 0.583, 0.583, 0.583, 0.583, 0.583, 0.583, 0.583, 0.583, 0.583, 0.583, 0.583, 0.583, 0.583, 0.583, 0.583, 0.583, 0.583, 0.583, 0.583, 0.583, 0.583, 0.583, 0.583, 0.583, 0.583, 0.583, 0.583, 0.583, 0.583, 0.583, 0.583, 0.583, 0.583, 0.583, 0.583, 0.583, 0.583, 0.583, 0.583, 0.583, 0.583, 0.583, 0.583, 0.583, 0.583, 0.583, 0.583, 0.583, 0.583, 0.583, 0.583, 0.583, 0.583, 0.583, 0.583, 0.583]","{""0"": 0.6464, ""1"": 0.8805, ""2"": 0.0603, ""3"": 0.8636, ""4"": 0.5375, ""5"": 0.8477, ""6"": 0.0337, ""7"": 0.7931}","[0.6667, 1.0, 0.6667, 0.0, 1.0, 0.0, 0.7273, 0.0, 1.0, 1.0, 0.7143, 0.0, 0.7778, 0.0, 0.75, 0.0, 0.8571, 0.8889, 1.0, 0.2857, 1.0, 0.0, 0.8333, 0.0, 1.0, 0.7, 0.875, 0.3333, 0.75, 0.8889, 1.0, 0.0, 1.0, 1.0, 1.0, 0.1667, 0.9091, 0.8571, 0.875, 0.0, 0.75, 1.0, 1.0, 0.125, 1.0, 0.8333, 0.8571, 0.2857, 0.125, 1.0, 0.7143, 0.0, 0.75, 1.0, 1.0, 0.0, 0.0, 0.8, 0.9286, 0.0, 0.8462, 0.8, 0.875, 0.0, 0.0, 1.0, 0.8333, 0.25, 1.0, 0.4, 0.75, 0.0, 0.8333, 0.7778, 1.0, 0.0, 0.8571, 0.8889, 1.0, 0.125, 0.8, 0.6667, 0.875, 0.0667, 1.0, 0.8889, 0.75, 0.0, 0.9091, 0.6667, 0.9231, 0.0, 1.0, 0.875, 0.75, 0.0, 0.8, 0.0, 0.875, 0.1111, 1.0, 0.7143, 1.0, 0.0, 1.0, 0.0909, 0.8889, 0.0, 0.875, 0.8182, 0.875, 0.0, 1.0, 0.0, 1.0, 0.0, 0.8, 0.7857, 0.875, 0.0, 0.875, 0.0, 1.0, 0.0, 1.0, 0.875, 0.8333, 0.0, 0.75, 0.0, 0.75, 0.0, 0.7778, 0.8333, 0.8571, 0.0, 0.9091, 0.0, 1.0, 0.1429, 0.8571, 1.0, 0.8333, 0.0, 0.9091, 0.0909, 1.0, 0.0, 0.8333, 0.75, 0.4444, 0.0, 0.7143, 0.9286, 0.7778, 0.1111, 0.7778, 0.75, 0.8333, 0.0, 0.8889, 1.0, 0.75, 0.0, 0.7143, 1.0, 0.8333, 0.0, 0.8571, 0.6, 0.875, 0.0, 0.8571, 0.6667, 1.0, 0.0, 0.875, 0.8, 0.875, 0.1429, 0.8333, 0.0, 1.0, 0.2, 1.0, 1.0, 0.875, 0.0, 0.75, 0.0833, 0.7778, 0.0, 0.8333, 0.4, 0.9091, 0.0, 0.8571, 0.0769, 0.75, 0.0, 0.7778, 1.0, 1.0, 0.0, 1.0, 0.0, 0.9, 0.0, 1.0, 1.0, 0.7778, 0.0, 0.8889, 0.1111, 1.0, 0.0833, 0.7, 1.0, 1.0, 0.25, 0.9091, 0.1429, 0.8571, 0.0909, 0.8, 0.8, 1.0, 0.0, 0.75, 0.0, 1.0, 0.0909, 1.0, 1.0, 0.5714, 0.0, 0.7778, 0.0, 0.8571, 0.0769, 0.7778, 0.8889, 1.0, 0.0, 0.8571, 0.7143, 0.8333, 0.0, 0.875, 0.9231]","[4, 6, 8, 9, 10, 12, 19, 26, 27, 30, 32, 35, 38, 41, 43, 47, 53, 54, 57, 58, 65, 67, 69, 74, 77, 78, 79, 81, 83, 85, 88, 93, 96, 98, 99, 100, 105, 106, 109, 118, 125, 133, 136, 138, 139, 142, 144, 154, 155, 157, 158, 161, 164, 166, 168, 170, 173, 178, 179, 180, 183, 190, 196, 197, 198, 200, 201, 204, 210, 214, 215, 219, 220, 221, 226, 231, 234, 238, 239, 241, 242, 244, 245, 246, 249]"
champions,0:19,19,champions,0.775,0.775,0.775,1.0,0.775,-0.0,36,True,1550,0,289,161,0,"[0.05, 0.0955, 0.1515, 0.212, 0.269, 0.323, 0.367, 0.402, 0.4395, 0.4755, 0.513, 0.5505, 0.5695, 0.5915, 0.616, 0.643, 0.666, 0.68, 0.692, 0.7035, 0.714, 0.7275, 0.739, 0.747, 0.7515, 0.7565, 0.7615, 0.7655, 0.7715, 0.772, 0.7725, 0.773, 0.7735, 0.774, 0.7745, 0.775, 0.775, 0.775, 0.775, 0.775, 0.775, 0.775, 0.775, 0.775, 0.775, 0.775, 0.775, 0.775, 0.775, 0.775, 0.775, 0.775, 0.775, 0.775, 0.775, 0.775, 0.775, 0.775, 0.775, 0.775, 0.775, 0.775, 0.775, 0.775, 0.775, 0.775, 0.775, 0.775, 0.775, 0.775, 0.775, 0.775, 0.775, 0.775, 0.775, 0.775, 0.775, 0.775, 0.775, 0.775, 0.775, 0.775, 0.775, 0.775, 0.775, 0.775, 0.775, 0.775, 0.775, 0.775, 0.775, 0.775, 0.775, 0.775, 0.775, 0.775, 0.775, 0.775, 0.775, 0.775, 0.775]","{""0"": 0.7947, ""1"": 0.8725, ""2"": 0.2414, ""3"": 0.8554, ""4"": 0.8042, ""5"": 0.8395, ""6"": 0.8689, ""7"": 0.8774}","[1.0, 1.0, 0.6667, 0.0, 1.0, 1.0, 0.7273, 0.8, 0.9, 1.0, 0.7143, 0.0, 0.6667, 0.75, 0.75, 0.8571, 0.8571, 0.8889, 1.0, 0.0, 1.0, 0.0, 0.8333, 1.0, 1.0, 0.7, 0.75, 0.0, 0.75, 0.8889, 1.0, 0.6667, 0.875, 1.0, 1.0, 0.0, 0.9091, 0.8571, 0.875, 0.8, 0.75, 1.0, 1.0, 0.0, 1.0, 0.8333, 0.8571, 1.0, 0.75, 1.0, 0.7143, 0.0, 0.75, 1.0, 1.0, 1.0, 0.8889, 0.8, 0.9286, 0.0, 0.8462, 0.8, 0.875, 0.7143, 0.8889, 1.0, 0.8333, 1.0, 1.0, 0.2, 0.8333, 1.0, 0.8333, 0.7778, 0.875, 1.0, 0.8571, 0.8889, 1.0, 0.875, 0.8, 0.6667, 0.875, 1.0, 1.0, 0.8889, 0.8333, 1.0, 1.0, 0.8889, 0.9231, 1.0, 1.0, 0.875, 0.75, 0.7857, 0.8, 0.8, 0.875, 1.0, 1.0, 0.7143, 1.0, 0.9286, 1.0, 0.7273, 0.8889, 1.0, 0.875, 0.8182, 0.875, 0.9091, 1.0, 0.7, 1.0, 0.0, 0.8, 0.8571, 0.875, 1.0, 0.875, 0.0, 1.0, 0.0, 1.0, 0.875, 0.8333, 1.0, 0.75, 0.0769, 0.8333, 0.0909, 0.7778, 0.8333, 0.8571, 1.0, 0.9091, 0.75, 1.0, 0.0, 0.8571, 1.0, 0.6667, 0.8571, 0.9091, 0.7273, 1.0, 0.0, 0.8333, 0.75, 0.4444, 0.4, 0.7143, 1.0, 0.7778, 0.1111, 0.7778, 0.625, 0.8333, 0.8571, 0.8889, 1.0, 0.75, 0.0909, 0.7143, 1.0, 0.8333, 1.0, 0.8571, 0.6, 0.875, 0.0, 0.8571, 0.7778, 1.0, 0.8182, 0.875, 0.8, 0.875, 0.0, 0.75, 0.8182, 1.0, 0.8, 1.0, 1.0, 1.0, 0.0, 0.75, 1.0, 0.6667, 1.0, 0.8333, 0.4, 0.9091, 0.1429, 0.8571, 0.6923, 0.625, 0.8333, 0.8889, 1.0, 1.0, 0.0, 1.0, 0.7778, 0.9, 0.875, 1.0, 1.0, 0.7778, 0.0, 0.8889, 0.6667, 1.0, 0.9167, 0.7, 1.0, 1.0, 0.0, 0.9091, 1.0, 0.8571, 0.8182, 0.9, 0.8, 1.0, 0.1, 0.75, 0.8571, 1.0, 0.6364, 1.0, 1.0, 0.4286, 0.0, 0.7778, 0.8571, 0.7143, 0.8462, 0.7778, 0.8889, 0.8333, 0.0, 0.8571, 0.5714, 0.8333, 0.8889, 0.875, 0.9231]","[0, 6, 28, 36, 38, 46, 52, 54, 58, 70, 78, 83, 84, 86, 88, 90, 91, 92, 93, 95, 96, 98, 99, 103, 104, 105, 106, 109, 110, 111, 117, 119, 127, 129, 130, 131, 143, 144, 145, 146, 151, 153, 155, 163, 175, 181, 186, 194, 197, 200, 205, 208, 212, 220, 223, 224, 227, 230, 231, 232, 236, 239, 246, 249]"
cluster,0:19,19,cluster,0.617,0.617,0.617,1.0,0.617,0.0,53,True,1234,0,281,485,0,"[0.05, 0.0725, 0.0925, 0.115, 0.133, 0.1525, 0.171, 0.1875, 0.203, 0.218, 0.236, 0.256, 0.272, 0.2875, 0.3045, 0.3235, 0.3335, 0.346, 0.3555, 0.365, 0.374, 0.382, 0.391, 0.3985, 0.4065, 0.4125, 0.4185, 0.4225, 0.4285, 0.436, 0.444, 0.4555, 0.47, 0.4845, 0.4915, 0.499, 0.509, 0.522, 0.533, 0.541, 0.55, 0.558, 0.566, 0.5755, 0.582, 0.5885, 0.595, 0.602, 0.61, 0.615, 0.6155, 0.616, 0.617, 0.617, 0.617, 0.617, 0.617, 0.617, 0.617, 0.617, 0.617, 0.617, 0.617, 0.617, 0.617, 0.617, 0.617, 0.617, 0.617, 0.617, 0.617, 0.617, 0.617, 0.617, 0.617, 0.617, 0.617, 0.617, 0.617, 0.617, 0.617, 0.617, 0.617, 0.617, 0.617, 0.617, 0.617, 0.617, 0.617, 0.617, 0.617, 0.617, 0.617, 0.617, 0.617, 0.617, 0.617, 0.617, 0.617, 0.617, 0.617]","{""0"": 0.8669, ""1"": 0.8845, ""2"": 0.4655, ""3"": 0.5041, ""4"": 0.4833, ""5"": 0.8436, ""6"": 0.8689, ""7"": 0.0}","[0.7778, 1.0, 0.6667, 0.0, 0.0, 0.0, 0.7273, 0.8, 0.0, 1.0, 0.7143, 0.0, 0.5556, 0.0, 0.75, 1.0, 0.0, 0.8889, 1.0, 0.0, 1.0, 0.0, 0.8333, 1.0, 0.0, 0.7, 0.75, 0.0, 0.75, 1.0, 1.0, 0.6667, 0.0, 1.0, 1.0, 0.0, 0.9091, 0.8571, 0.875, 0.8, 0.0, 1.0, 1.0, 0.0, 1.0, 0.8333, 0.8571, 1.0, 0.0, 1.0, 0.7143, 0.0, 0.75, 1.0, 1.0, 1.0, 0.0, 0.8, 0.9286, 0.0, 0.8462, 0.8, 0.875, 0.7143, 0.0, 1.0, 0.8333, 0.0, 1.0, 0.2, 0.75, 1.0, 0.0, 0.7778, 0.875, 0.0, 0.8571, 1.0, 1.0, 0.875, 0.0, 0.6667, 0.875, 0.0, 1.0, 0.8889, 0.75, 1.0, 0.0, 0.8889, 0.9231, 0.1111, 1.0, 0.875, 0.75, 0.7857, 0.0, 0.8, 0.875, 0.0, 1.0, 0.7143, 1.0, 0.9286, 0.0, 0.6364, 0.8889, 0.0, 0.875, 0.8182, 0.875, 0.9091, 0.0, 1.0, 1.0, 0.0, 0.8, 0.7857, 0.875, 1.0, 0.0, 0.8571, 1.0, 0.875, 1.0, 0.875, 0.8333, 1.0, 0.0, 0.7692, 1.0, 0.8182, 0.7778, 0.8333, 0.8571, 1.0, 0.0, 0.75, 1.0, 1.0, 0.8571, 1.0, 0.6667, 0.8571, 0.0, 1.0, 1.0, 0.7143, 0.8333, 0.75, 0.4444, 0.4, 0.0, 0.9286, 0.7778, 1.0, 0.6667, 0.625, 0.8333, 0.8571, 0.0, 1.0, 0.75, 0.8182, 0.0, 1.0, 0.8333, 1.0, 0.0, 0.6, 0.875, 0.875, 0.0, 0.0, 1.0, 0.8182, 0.0, 0.8, 0.875, 0.7143, 0.0, 0.0, 1.0, 0.8, 0.0, 1.0, 0.875, 1.0, 0.0, 0.0833, 1.0, 1.0, 0.0, 0.4, 0.9091, 0.8571, 0.0, 0.0, 0.625, 0.8333, 0.0, 1.0, 1.0, 1.0, 0.0, 0.0, 0.9, 0.875, 0.0, 1.0, 1.0, 1.0, 0.0, 0.1111, 1.0, 0.9167, 0.0, 1.0, 1.0, 1.0, 0.0, 0.0, 0.8571, 0.8182, 0.0, 0.8, 1.0, 0.8, 0.0, 0.0, 1.0, 0.6364, 0.0, 1.0, 0.4286, 1.0, 0.0, 0.0, 0.7143, 0.7692, 0.0, 0.8889, 0.8333, 0.0, 0.0, 0.0, 0.8333, 0.8889, 0.0, 0.9231]","[15, 20, 29, 68, 77, 113, 130, 135, 145, 155, 190, 210]"
one_per_team,0:19,19,one_per_team,0.644,0.644,0.644,1.0,0.644,0.0,36,True,1288,0,283,429,0,"[0.05, 0.072, 0.0895, 0.1065, 0.129, 0.158, 0.1885, 0.2165, 0.2425, 0.277, 0.304, 0.3385, 0.3685, 0.3915, 0.412, 0.424, 0.435, 0.45, 0.4705, 0.4875, 0.5005, 0.515, 0.5275, 0.5435, 0.562, 0.5805, 0.596, 0.606, 0.6135, 0.619, 0.623, 0.6275, 0.6335, 0.6385, 0.6425, 0.644, 0.644, 0.644, 0.644, 0.644, 0.644, 0.644, 0.644, 0.644, 0.644, 0.644, 0.644, 0.644, 0.644, 0.644, 0.644, 0.644, 0.644, 0.644, 0.644, 0.644, 0.644, 0.644, 0.644, 0.644, 0.644, 0.644, 0.644, 0.644, 0.644, 0.644, 0.644, 0.644, 0.644, 0.644, 0.644, 0.644, 0.644, 0.644, 0.644, 0.644, 0.644, 0.644, 0.644, 0.644, 0.644, 0.644, 0.644, 0.644, 0.644, 0.644, 0.644, 0.644, 0.644, 0.644, 0.644, 0.644, 0.644, 0.644, 0.644, 0.644, 0.644, 0.644, 0.644, 0.644, 0.644]","{""0"": 0.8669, ""1"": 0.8805, ""2"": 0.4095, ""3"": 0.595, ""4"": 0.2167, ""5"": 0.8436, ""6"": 0.8652, ""7"": 0.4253}","[0.8889, 1.0, 0.6667, 0.4286, 1.0, 0.0, 0.7273, 0.8, 0.0, 1.0, 0.8571, 1.0, 0.6667, 0.0, 1.0, 0.8571, 0.0, 1.0, 1.0, 0.8571, 1.0, 0.0, 0.8333, 1.0, 0.0, 0.8, 0.75, 0.6667, 0.75, 0.1111, 1.0, 0.6667, 0.0, 1.0, 1.0, 0.8333, 0.9091, 0.1429, 0.875, 0.8, 0.0, 1.0, 1.0, 0.875, 1.0, 0.1667, 0.8571, 1.0, 0.125, 1.0, 0.7143, 1.0, 0.875, 0.0, 1.0, 1.0, 0.0, 0.8, 0.9286, 0.3333, 0.8462, 0.0, 0.875, 0.7143, 0.1111, 1.0, 1.0, 1.0, 1.0, 0.0, 0.75, 1.0, 0.1667, 0.8889, 0.875, 1.0, 0.8571, 0.1111, 1.0, 0.875, 0.8, 0.6667, 0.875, 1.0, 1.0, 0.0, 0.8333, 1.0, 0.9091, 0.8889, 0.9231, 1.0, 1.0, 0.0, 0.75, 0.7857, 0.9, 0.8, 0.875, 1.0, 1.0, 0.0, 1.0, 0.9286, 1.0, 0.6364, 0.8889, 1.0, 0.875, 0.0, 0.875, 0.9091, 1.0, 0.7, 1.0, 0.0, 0.8, 0.2143, 0.875, 1.0, 0.875, 0.8571, 1.0, 0.0, 1.0, 0.375, 0.8333, 1.0, 0.75, 0.8462, 0.75, 0.0, 0.7778, 0.0, 0.8571, 1.0, 0.9091, 0.875, 1.0, 0.0, 0.8571, 0.3333, 0.6667, 0.8571, 0.9091, 0.8182, 1.0, 0.0, 0.8333, 0.125, 0.4444, 0.4, 0.7143, 0.9286, 0.8889, 0.1111, 0.6667, 0.625, 0.8333, 0.8571, 0.8889, 1.0, 0.75, 0.1818, 0.0, 0.5, 0.8333, 1.0, 0.8571, 0.6, 0.875, 0.125, 0.0, 0.1111, 1.0, 0.8182, 1.0, 0.8, 0.875, 0.0, 0.0, 0.0909, 1.0, 0.8, 1.0, 1.0, 0.875, 0.0, 0.0, 0.0833, 0.7778, 1.0, 0.0, 0.4, 1.0, 0.1429, 0.0, 0.0, 0.625, 0.8333, 0.0, 1.0, 1.0, 0.0, 0.0, 0.1111, 0.9, 0.875, 0.0, 1.0, 0.7778, 0.0, 0.0, 0.5556, 1.0, 0.9167, 0.0, 1.0, 1.0, 0.125, 0.0, 1.0, 0.8571, 0.8182, 0.0, 0.8, 1.0, 0.0, 0.0, 0.8571, 1.0, 0.6364, 0.0, 1.0, 0.4286, 0.0, 0.7778, 0.8571, 0.7143, 0.7692, 0.3333, 0.8889, 0.8333, 0.0, 0.8571, 0.5714, 0.8333, 0.8889, 0.0, 0.9231]","[2, 3, 10, 14, 15, 17, 18, 19, 20, 23, 25, 29, 30, 34, 38, 43, 44, 45, 46, 47, 48, 51, 52, 54, 64, 65, 66, 67, 68, 70, 73, 74, 75, 76, 77, 82, 83, 86, 90, 91, 94, 95, 96, 97, 102, 113, 114, 116, 117, 120, 122, 125, 126, 129, 130, 134, 135, 136, 137, 141, 143, 145, 152, 154, 155, 157, 158, 159, 160, 161, 163, 166, 167, 169, 171, 173, 175, 176, 181, 182, 190, 194, 202, 206, 209, 210, 213, 215, 217, 219, 221, 223, 229, 230, 231, 239, 240, 242, 244, 245]"
random,0:20,20,random,0.815,0.815,0.815,1.0,0.815,0.0,35,True,1630,0,271,99,0,"[0.05, 0.077, 0.107, 0.1435, 0.1845, 0.2245, 0.259, 0.297, 0.3325, 0.36, 0.392, 0.427, 0.4575, 0.4835, 0.514, 0.542, 0.578, 0.6125, 0.6385, 0.6545, 0.672, 0.6935, 0.711, 0.7295, 0.747, 0.765, 0.7755, 0.782, 0.7905, 0.7955, 0.799, 0.8025, 0.807, 0.813, 0.815, 0.815, 0.815, 0.815, 0.815, 0.815, 0.815, 0.815, 0.815, 0.815, 0.815, 0.815, 0.815, 0.815, 0.815, 0.815, 0.815, 0.815, 0.815, 0.815, 0.815, 0.815, 0.815, 0.815, 0.815, 0.815, 0.815, 0.815, 0.815, 0.815, 0.815, 0.815, 0.815, 0.815, 0.815, 0.815, 0.815, 0.815, 0.815, 0.815, 0.815, 0.815, 0.815, 0.815, 0.815, 0.815, 0.815, 0.815, 0.815, 0.815, 0.815, 0.815, 0.815, 0.815, 0.815, 0.815, 0.815, 0.815, 0.815, 0.815, 0.815, 0.815, 0.815, 0.815, 0.815, 0.815, 0.815]","{""0"": 0.7228, ""1"": 0.5736, ""2"": 0.8627, ""3"": 0.849, ""4"": 0.8838, ""5"": 0.8824, ""6"": 0.875, ""7"": 0.8885}","[0.7778, 1.0, 1.0, 1.0, 0.8333, 0.8333, 1.0, 0.8889, 0.8571, 1.0, 0.8333, 1.0, 0.9091, 1.0, 0.5, 1.0, 0.7273, 0.875, 0.7143, 1.0, 0.8, 1.0, 0.9091, 0.7778, 0.8125, 0.8889, 0.7143, 0.6667, 0.8889, 1.0, 1.0, 1.0, 0.8182, 0.8571, 0.5556, 1.0, 0.6, 1.0, 0.875, 1.0, 1.0, 0.8571, 0.1667, 0.8333, 0.875, 1.0, 0.7778, 0.5714, 1.0, 0.9, 0.0, 1.0, 0.7778, 0.7778, 0.75, 0.75, 0.8, 0.8571, 0.0, 0.8333, 1.0, 0.6667, 1.0, 1.0, 0.9286, 1.0, 0.0, 0.8889, 0.6667, 0.8, 0.9, 0.875, 1.0, 0.8889, 0.0833, 1.0, 0.6667, 0.8, 1.0, 0.8571, 1.0, 1.0, 0.25, 0.8, 1.0, 1.0, 1.0, 0.6923, 0.875, 0.8571, 0.125, 1.0, 0.9167, 0.8333, 0.8182, 1.0, 0.8571, 1.0, 0.125, 0.875, 0.6667, 0.75, 0.625, 1.0, 0.8182, 0.7778, 0.0, 0.8889, 0.8, 1.0, 0.875, 0.8333, 1.0, 0.875, 0.5556, 0.5714, 0.8571, 1.0, 1.0, 0.8, 0.8333, 0.8333, 0.8889, 0.7143, 0.9, 1.0, 1.0, 1.0, 0.625, 0.875, 0.8571, 1.0, 0.8333, 0.8333, 0.875, 0.8571, 1.0, 0.4, 1.0, 0.6667, 0.9, 0.9091, 0.9091, 0.75, 1.0, 1.0, 1.0, 0.875, 0.6, 0.9091, 0.5, 1.0, 0.8571, 0.7273, 0.6667, 0.7, 0.875, 1.0, 1.0, 0.8571, 0.9167, 0.9, 1.0, 0.875, 1.0, 0.8889, 1.0, 1.0, 1.0, 0.8333, 1.0, 0.9167, 0.5714, 0.8, 0.8333, 0.8333, 0.9091, 0.8571, 0.9091, 0.6667, 1.0, 0.875, 0.7273, 1.0, 1.0, 0.75, 0.6667, 0.75, 1.0, 0.9091, 1.0, 0.6667, 0.8, 0.7778, 0.7143, 1.0, 0.9, 1.0, 1.0, 0.8, 0.8889, 0.8889, 0.75, 0.8333, 0.8889, 0.8889, 1.0, 1.0, 1.0, 0.875, 0.9231, 0.8571, 0.8333, 1.0, 0.8333, 0.8571, 1.0, 0.0, 0.7143, 0.8, 1.0, 0.6667, 1.0, 1.0, 0.8, 0.0833, 0.8571, 1.0, 1.0, 0.9, 0.75, 1.0, 0.8667, 0.0, 0.75, 0.875, 0.875, 0.6, 0.875, 0.7, 0.875, 0.0, 0.8571, 0.7778, 0.8889, 1.0, 0.8571, 1.0, 0.9091, 0.25]","[0, 1, 3, 4, 9, 16, 18, 20, 23, 24, 25, 30, 38, 39, 42, 44, 46, 48, 49, 51, 53, 54, 68, 70, 72, 74, 77, 80, 81, 87, 88, 91, 92, 99, 104, 105, 107, 112, 114, 124, 127, 128, 131, 134, 135, 136, 138, 140, 143, 145, 149, 151, 159, 160, 164, 170, 171, 173, 174, 176, 177, 178, 180, 181, 185, 189, 193, 196, 198, 199, 202, 204, 206, 208, 210, 220, 222, 235, 248]"
champions,0:20,20,champions,0.8305,0.8305,0.8305,1.0,0.8305,0.0,39,True,1661,0,262,77,0,"[0.05, 0.0925, 0.143, 0.2, 0.2535, 0.3095, 0.365, 0.415, 0.461, 0.507, 0.5465, 0.579, 0.608, 0.637, 0.657, 0.6735, 0.688, 0.701, 0.712, 0.7245, 0.7335, 0.743, 0.749, 0.7535, 0.7605, 0.767, 0.7705, 0.775, 0.779, 0.7835, 0.787, 0.7935, 0.804, 0.812, 0.819, 0.821, 0.823, 0.829, 0.8305, 0.8305, 0.8305, 0.8305, 0.8305, 0.8305, 0.8305, 0.8305, 0.8305, 0.8305, 0.8305, 0.8305, 0.8305, 0.8305, 0.8305, 0.8305, 0.8305, 0.8305, 0.8305, 0.8305, 0.8305, 0.8305, 0.8305, 0.8305, 0.8305, 0.8305, 0.8305, 0.8305, 0.8305, 0.8305, 0.8305, 0.8305, 0.8305, 0.8305, 0.8305, 0.8305, 0.8305, 0.8305, 0.8305, 0.8305, 0.8305, 0.8305, 0.8305, 0.8305, 0.8305, 0.8305, 0.8305, 0.8305, 0.8305, 0.8305, 0.8305, 0.8305, 0.8305, 0.8305, 0.8305, 0.8305, 0.8305, 0.8305, 0.8305, 0.8305, 0.8305, 0.8305, 0.8305]","{""0"": 0.8689, ""1"": 0.8256, ""2"": 0.8584, ""3"": 0.5347, ""4"": 0.888, ""5"": 0.8824, ""6"": 0.875, ""7"": 0.9038}","[1.0, 1.0, 1.0, 1.0, 0.8333, 0.8333, 1.0, 0.8889, 0.8571, 1.0, 0.8333, 1.0, 0.9091, 1.0, 0.5, 1.0, 0.8182, 0.875, 0.7143, 1.0, 0.8, 1.0, 0.9091, 0.7778, 0.875, 0.8889, 0.7143, 0.6667, 0.8889, 1.0, 0.9, 1.0, 0.8182, 0.8571, 0.6667, 1.0, 0.6, 1.0, 0.875, 1.0, 1.0, 0.8571, 0.75, 0.8333, 0.875, 1.0, 0.7778, 0.5714, 1.0, 1.0, 0.8889, 0.8333, 0.7778, 0.7778, 0.75, 0.75, 0.8, 0.8571, 0.8889, 0.8333, 1.0, 0.6667, 1.0, 1.0, 0.9286, 1.0, 1.0, 0.8889, 0.6667, 0.8, 0.9, 0.875, 1.0, 0.8889, 0.75, 1.0, 0.1667, 0.8, 1.0, 0.8571, 1.0, 1.0, 1.0, 0.8, 0.3333, 1.0, 1.0, 0.6923, 0.875, 0.8571, 0.625, 1.0, 0.0, 0.8333, 0.8182, 1.0, 0.8571, 1.0, 1.0, 0.875, 0.1111, 0.75, 0.625, 1.0, 0.9091, 0.7778, 0.8333, 0.8889, 0.1, 1.0, 0.875, 0.8333, 1.0, 0.875, 0.5556, 0.5714, 0.0, 1.0, 1.0, 0.8, 0.8333, 0.8333, 0.8889, 0.7143, 0.0, 1.0, 1.0, 1.0, 0.75, 0.875, 0.8571, 1.0, 0.0, 0.8333, 0.875, 0.8571, 1.0, 0.4, 0.8, 0.6667, 0.0, 0.9091, 0.9091, 0.75, 1.0, 1.0, 1.0, 0.875, 0.0, 0.9091, 0.5, 1.0, 0.8571, 0.7273, 0.6667, 0.7, 0.0, 1.0, 1.0, 0.8571, 0.9167, 0.9, 1.0, 0.875, 0.0, 0.8889, 1.0, 1.0, 1.0, 0.8333, 1.0, 0.9167, 0.5714, 0.8, 0.8333, 0.8333, 0.9091, 0.8571, 0.9091, 0.6667, 1.0, 0.875, 0.8182, 1.0, 1.0, 0.75, 0.8, 0.75, 1.0, 0.9091, 1.0, 0.6667, 0.8, 0.7778, 0.7143, 1.0, 0.9, 1.0, 1.0, 0.8, 0.8889, 0.8889, 0.75, 0.8333, 0.8889, 0.8889, 1.0, 1.0, 0.875, 0.875, 0.9231, 0.8571, 0.8333, 1.0, 0.8333, 0.8571, 1.0, 1.0, 0.7143, 0.8, 1.0, 0.6667, 1.0, 1.0, 0.8, 0.8333, 0.8571, 1.0, 1.0, 0.9, 0.75, 1.0, 0.9333, 0.8182, 0.75, 0.875, 0.875, 0.6, 0.875, 0.7, 0.875, 0.7143, 0.8571, 0.7778, 0.8889, 1.0, 0.8571, 1.0, 0.9091, 0.75]","[0, 3, 12, 15, 16, 20, 24, 25, 26, 28, 30, 32, 33, 34, 36, 38, 39, 40, 42, 46, 49, 50, 52, 53, 56, 63, 64, 69, 81, 87, 95, 100, 104, 106, 113, 127, 128, 133, 139, 147, 155, 160, 162, 163, 170, 171, 173, 174, 176, 180, 182, 186, 193, 196, 200, 202, 210, 217, 225, 232, 233, 241]"
cluster,0:20,20,cluster,0.284,0.284,0.284,1.0,0.284,0.0,36,True,568,0,268,1164,0,"[0.05, 0.066, 0.086, 0.1115, 0.132, 0.1465, 0.1555, 0.1615, 0.1725, 0.1815, 0.189, 0.197, 0.2065, 0.214, 0.22, 0.2255, 0.2295, 0.2335, 0.237, 0.24, 0.244, 0.246, 0.247, 0.248, 0.25, 0.2555, 0.261, 0.267, 0.2735, 0.277, 0.2795, 0.2805, 0.2815, 0.2825, 0.2835, 0.284, 0.284, 0.284, 0.284, 0.284, 0.284, 0.284, 0.284, 0.284, 0.284, 0.284, 0.284, 0.284, 0.284, 0.284, 0.284, 0.284, 0.284, 0.284, 0.284, 0.284, 0.284, 0.284, 0.284, 0.284, 0.284, 0.284, 0.284, 0.284, 0.284, 0.284, 0.284, 0.284, 0.284, 0.284, 0.284, 0.284, 0.284, 0.284, 0.284, 0.284, 0.284, 0.284, 0.284, 0.284, 0.284, 0.284, 0.284, 0.284, 0.284, 0.284, 0.284, 0.284, 0.284, 0.284, 0.284, 0.284, 0.284, 0.284, 0.284, 0.284, 0.284, 0.284, 0.284, 0.284, 0.284]","{""0"": 0.2622, ""1"": 0.0698, ""2"": 0.867, ""3"": 0.0, ""4"": 0.6515, ""5"": 0.2627, ""6"": 0.225, ""7"": 0.0}","[0.1111, 0.0, 1.0, 1.0, 0.0, 0.8333, 1.0, 0.0, 0.0, 0.0, 0.3333, 1.0, 0.0, 1.0, 0.25, 0.0, 0.0, 0.0, 0.0, 1.0, 0.0, 1.0, 0.0, 0.0, 0.0, 0.0, 0.0, 0.6667, 0.0, 1.0, 0.0, 0.0, 0.0, 0.0, 0.0, 1.0, 0.0, 1.0, 0.0, 0.0, 0.0, 0.0, 0.0, 0.8333, 0.0, 1.0, 0.3333, 0.1429, 0.0, 0.0, 0.0, 0.8333, 0.0, 0.7778, 0.75, 0.0, 0.0, 1.0, 0.0, 0.8333, 0.0, 0.6667, 1.0, 1.0, 0.0, 1.0, 0.0, 0.8889, 0.0, 0.8, 1.0, 0.875, 0.0, 0.8889, 0.0, 1.0, 0.0, 1.0, 1.0, 0.8571, 0.0, 1.0, 0.0, 0.8, 0.0, 1.0, 1.0, 0.6923, 0.0, 0.8571, 0.0, 1.0, 0.0, 0.8333, 0.0909, 1.0, 0.0, 1.0, 0.0, 0.875, 0.0, 0.75, 0.0, 1.0, 0.0, 0.7778, 0.0, 0.8889, 0.0, 1.0, 0.0, 0.8333, 0.0, 0.875, 0.0, 0.5714, 0.0, 1.0, 0.0, 0.8, 0.0, 0.8333, 0.0, 0.7143, 0.0, 1.0, 0.0, 0.0, 0.0, 0.0, 0.0, 1.0, 0.0, 0.6667, 0.0, 0.0, 0.0, 0.0, 0.0, 0.6667, 0.0, 0.0, 0.0, 0.0, 0.0, 0.0, 0.0, 0.875, 0.0, 0.0, 0.0, 0.0, 0.0, 0.0, 0.0, 0.7, 0.0, 0.1667, 0.0, 0.0, 0.0, 0.0, 0.1667, 0.875, 0.0, 0.0, 0.0, 0.0, 0.0, 1.0, 0.0, 1.0, 0.0, 0.0, 0.0, 0.0, 0.0, 0.0, 0.0, 0.6667, 0.0, 0.125, 0.0, 0.0, 0.0, 0.0, 0.0, 0.75, 0.0, 0.0, 0.0, 0.0, 0.0, 0.0, 0.0, 1.0, 0.0, 1.0, 0.0, 0.0, 0.0, 0.0, 0.0, 0.8333, 0.0, 0.8889, 0.1, 0.0, 0.0, 0.0, 0.0, 0.8571, 0.0, 1.0, 0.0, 0.0, 0.0, 0.0, 0.0, 1.0, 0.0, 0.6667, 0.0, 0.0, 0.0, 0.0, 0.0, 1.0, 0.0, 0.9, 0.75, 0.0, 0.0, 0.0, 0.5, 0.875, 0.0, 0.6, 0.875, 0.0, 0.0, 0.0, 0.8571, 0.7778, 0.0, 1.0, 1.0, 0.0, 0.0, 0.0]","[2, 3, 57, 70, 77, 86, 95, 109, 169, 171, 219, 246]"
one_per_team,0:20,20,one_per_team,0.799,0.799,0.799,1.0,0.799,-0.0,41,True,1598,0,260,142,0,"[0.05, 0.07, 0.088, 0.1085, 0.1375, 0.171, 0.214, 0.265, 0.311, 0.3495, 0.3905, 0.431, 0.4715, 0.504, 0.525, 0.5455, 0.5705, 0.599, 0.625, 0.6415, 0.653, 0.6635, 0.675, 0.6845, 0.6935, 0.7005, 0.713, 0.7215, 0.728, 0.7335, 0.7405, 0.7505, 0.7605, 0.771, 0.778, 0.784, 0.7905, 0.7935, 0.797, 0.7985, 0.799, 0.799, 0.799, 0.799, 0.799, 0.799, 0.799, 0.799, 0.799, 0.799, 0.799, 0.799, 0.799, 0.799, 0.799, 0.799, 0.799, 0.799, 0.799, 0.799, 0.799, 0.799, 0.799, 0.799, 0.799, 0.799, 0.799, 0.799, 0.799, 0.799, 0.799, 0.799, 0.799, 0.799, 0.799, 0.799, 0.799, 0.799, 0.799, 0.799, 0.799, 0.799, 0.799, 0.799, 0.799, 0.799, 0.799, 0.799, 0.799, 0.799, 0.799, 0.799, 0.799, 0.799, 0.799, 0.799, 0.799, 0.799, 0.799, 0.799, 0.799]","{""0"": 0.8689, ""1"": 0.5581, ""2"": 0.8584, ""3"": 0.8735, ""4"": 0.888, ""5"": 0.8784, ""6"": 0.8792, ""7"": 0.6077}","[0.7778, 1.0, 1.0, 1.0, 0.8333, 0.8333, 1.0, 0.8889, 0.0, 1.0, 0.8333, 1.0, 0.9091, 1.0, 0.5, 1.0, 0.0, 0.875, 0.7143, 1.0, 0.8, 1.0, 0.9091, 0.8889, 0.0, 0.8889, 0.7143, 0.6667, 1.0, 1.0, 0.9, 1.0, 0.0, 0.8571, 0.5556, 1.0, 0.6, 1.0, 0.875, 1.0, 0.125, 0.8571, 0.0833, 0.8333, 0.875, 1.0, 0.7778, 0.5714, 0.4286, 0.9, 0.1111, 0.8333, 0.7778, 0.7778, 0.75, 0.75, 0.2, 0.8571, 0.1111, 0.8333, 1.0, 0.6667, 1.0, 1.0, 0.0, 1.0, 0.0, 0.8889, 0.8333, 0.9, 0.9, 0.875, 1.0, 0.8889, 0.0, 1.0, 0.8333, 0.8, 1.0, 0.8571, 1.0, 1.0, 0.5, 0.8, 1.0, 1.0, 1.0, 0.6923, 0.875, 1.0, 0.75, 1.0, 0.9167, 0.8333, 0.8182, 1.0, 0.8571, 1.0, 1.0, 0.875, 0.6667, 0.75, 0.625, 1.0, 0.8182, 0.7778, 0.8333, 0.8889, 0.8, 1.0, 0.875, 0.8333, 1.0, 0.875, 0.6667, 0.5714, 0.8571, 1.0, 1.0, 0.8, 0.8333, 0.8333, 0.8889, 0.7143, 0.9, 1.0, 1.0, 1.0, 0.625, 0.875, 0.8571, 1.0, 0.8333, 0.8333, 0.875, 0.8571, 1.0, 0.4, 0.8, 0.6667, 0.9, 0.9091, 0.9091, 0.75, 1.0, 1.0, 1.0, 0.875, 0.8, 0.9091, 0.5, 1.0, 0.8571, 0.7273, 0.6667, 0.7, 0.875, 1.0, 1.0, 0.8571, 0.9167, 1.0, 1.0, 0.875, 1.0, 0.8889, 1.0, 1.0, 1.0, 0.8333, 0.0, 0.8333, 0.7143, 0.8, 0.8333, 0.8333, 0.9091, 0.8571, 0.0, 0.6667, 1.0, 0.875, 0.7273, 1.0, 1.0, 0.75, 0.1333, 1.0, 1.0, 0.9091, 1.0, 0.6667, 1.0, 0.7778, 0.5714, 1.0, 0.9, 1.0, 1.0, 0.8, 0.8889, 0.8889, 0.75, 0.8333, 1.0, 0.8889, 1.0, 1.0, 0.875, 0.875, 0.9231, 0.8571, 0.8333, 1.0, 0.8333, 0.8571, 1.0, 1.0, 0.7143, 0.8, 1.0, 0.6667, 1.0, 1.0, 0.8, 0.8333, 0.8571, 1.0, 1.0, 0.9, 0.75, 1.0, 0.8667, 0.8182, 0.75, 0.875, 0.875, 0.6, 0.875, 0.7, 0.875, 0.7143, 0.8571, 0.7778, 0.8889, 1.0, 0.8571, 1.0, 0.0, 0.75]","[1, 2, 3, 13, 17, 23, 25, 28, 31, 33, 35, 37, 38, 39, 40, 50, 52, 53, 55, 57, 58, 60, 62, 67, 68, 69, 70, 71, 72, 73, 75, 76, 77, 80, 86, 89, 90, 91, 93, 94, 95, 97, 99, 100, 103, 106, 109, 112, 114, 136, 145, 146, 147, 148, 151, 152, 157, 158, 161, 163, 164, 165, 168, 169, 171, 172, 175, 186, 187, 188, 190, 192, 195, 199, 201, 203, 204, 208, 212, 213, 215, 217, 218, 219, 220, 221, 222, 224, 226, 228, 231, 232, 235, 240, 241, 244, 245, 246, 247, 249]"
random,0:21,21,random,0.7395,0.7395,0.7395,1.0,0.7395,0.0,46,True,1479,0,299,222,0,"[0.05, 0.0725, 0.0985, 0.129, 0.1575, 0.1835, 0.205, 0.229, 0.251, 0.2805, 0.3165, 0.349, 0.3795, 0.4095, 0.4405, 0.4755, 0.4995, 0.5185, 0.541, 0.564, 0.5875, 0.6025, 0.6175, 0.637, 0.6495, 0.657, 0.664, 0.6675, 0.6715, 0.6785, 0.686, 0.6915, 0.6965, 0.698, 0.699, 0.703, 0.7055, 0.7085, 0.7125, 0.7165, 0.72, 0.7235, 0.7295, 0.7345, 0.7385, 0.7395, 0.7395, 0.7395, 0.7395, 0.7395, 0.7395, 0.7395, 0.7395, 0.7395, 0.7395, 0.7395, 0.7395, 0.7395, 0.7395, 0.7395, 0.7395, 0.7395, 0.7395, 0.7395, 0.7395, 0.7395, 0.7395, 0.7395, 0.7395, 0.7395, 0.7395, 0.7395, 0.7395, 0.7395, 0.7395, 0.7395, 0.7395, 0.7395, 0.7395, 0.7395, 0.7395, 0.7395, 0.7395, 0.7395, 0.7395, 0.7395, 0.7395, 0.7395, 0.7395, 0.7395, 0.7395, 0.7395, 0.7395, 0.7395, 0.7395, 0.7395, 0.7395, 0.7395, 0.7395, 0.7395, 0.7395]","{""0"": 0.8744, ""1"": 0.8491, ""2"": 0.8417, ""3"": 0.8803, ""4"": 0.8598, ""5"": 0.8008, ""6"": 0.6375, ""7"": 0.1633}","[0.8889, 0.8333, 1.0, 0.7273, 0.875, 0.8333, 1.0, 1.0, 0.0, 0.8889, 1.0, 0.75, 0.9, 1.0, 0.8, 1.0, 0.0909, 1.0, 0.7692, 0.8182, 1.0, 1.0, 1.0, 1.0, 0.1429, 1.0, 1.0, 0.9, 0.8889, 0.75, 1.0, 1.0, 0.0, 1.0, 0.6364, 0.8333, 0.7, 0.8571, 0.625, 1.0, 0.8333, 1.0, 1.0, 0.7143, 1.0, 0.8571, 0.8889, 1.0, 1.0, 1.0, 0.6, 1.0, 0.875, 0.7, 1.0, 0.125, 0.6667, 0.8333, 0.9, 0.8889, 1.0, 1.0, 0.8571, 0.0, 1.0, 0.7143, 0.8333, 0.8889, 1.0, 0.6667, 0.8, 0.0, 0.5, 1.0, 1.0, 0.8889, 1.0, 0.625, 0.8571, 0.125, 0.0, 0.75, 0.6667, 1.0, 0.8889, 0.75, 1.0, 0.0, 0.0, 1.0, 1.0, 1.0, 1.0, 1.0, 0.875, 0.0, 0.1111, 0.6667, 0.9091, 0.8182, 1.0, 1.0, 0.6, 0.125, 0.0, 1.0, 0.8889, 0.8182, 1.0, 0.9091, 0.4286, 0.1429, 0.0, 0.8333, 1.0, 0.875, 1.0, 0.8, 0.7273, 0.8571, 0.0, 1.0, 0.7778, 0.8889, 0.8333, 0.9231, 0.9091, 0.8182, 0.125, 1.0, 0.875, 0.7143, 0.7143, 0.75, 0.8, 0.8, 0.0, 0.875, 0.875, 0.9, 0.625, 0.7, 0.8182, 0.75, 0.0, 1.0, 0.5556, 0.7778, 1.0, 0.9, 1.0, 0.9, 0.0, 0.7143, 0.875, 0.875, 1.0, 0.8, 1.0, 0.8889, 0.0, 0.7778, 0.8182, 0.8, 0.9091, 0.7143, 0.8, 0.6667, 0.1667, 0.7143, 0.8571, 1.0, 1.0, 0.875, 1.0, 0.875, 0.0, 0.875, 0.8, 0.8, 0.75, 0.7273, 1.0, 0.7778, 0.125, 0.8333, 0.5, 0.5714, 0.6667, 1.0, 0.75, 0.7143, 0.0, 0.8571, 0.8182, 0.7778, 0.75, 1.0, 0.4286, 0.8571, 0.0, 0.8571, 0.75, 0.8182, 0.7778, 0.9231, 0.0, 0.75, 0.0, 0.9, 1.0, 0.9, 0.6667, 1.0, 0.8571, 0.8, 0.1, 1.0, 0.875, 1.0, 0.8462, 0.75, 1.0, 0.8, 0.0, 0.75, 0.7778, 0.8333, 1.0, 0.9, 0.6, 1.0, 0.0, 0.7143, 0.9, 0.8182, 0.8571, 1.0, 0.7, 0.75, 0.0, 0.6, 0.9091, 0.8, 0.8889, 1.0, 0.8333, 0.75, 0.0, 1.0]","[0, 2, 6, 11, 14, 15, 16, 17, 18, 21, 22, 26, 27, 37, 41, 48, 49, 53, 54, 56, 58, 61, 65, 67, 68, 69, 72, 76, 79, 84, 86, 93, 96, 98, 106, 107, 115, 123, 125, 128, 131, 132, 134, 137, 138, 140, 141, 145, 147, 148, 149, 153, 154, 157, 159, 165, 167, 168, 174, 178, 181, 184, 185, 189, 193, 194, 196, 197, 199, 203, 205, 210, 216, 219, 225, 229, 230, 231, 233, 236, 237, 243]"
champions,0:21,21,champions,0.8235,0.8235,0.8235,1.0,0.8235,0.0,33,True,1647,0,297,56,0,"[0.05, 0.093, 0.138, 0.185, 0.2345, 0.282, 0.3285, 0.365, 0.3955, 0.4295, 0.4635, 0.503, 0.539, 0.5625, 0.5815, 0.599, 0.618, 0.6485, 0.677, 0.7025, 0.719, 0.7345, 0.7495, 0.7575, 0.767, 0.775, 0.787, 0.7955, 0.804, 0.8115, 0.819, 0.823, 0.8235, 0.8235, 0.8235, 0.8235, 0.8235, 0.8235, 0.8235, 0.8235, 0.8235, 0.8235, 0.8235, 0.8235, 0.8235, 0.8235, 0.8235, 0.8235, 0.8235, 0.8235, 0.8235, 0.8235, 0.8235, 0.8235, 0.8235, 0.8235, 0.8235, 0.8235, 0.8235, 0.8235, 0.8235, 0.8235, 0.8235, 0.8235, 0.8235, 0.8235, 0.8235, 0.8235, 0.8235, 0.8235, 0.8235, 0.8235, 0.8235, 0.8235, 0.8235, 0.8235, 0.8235, 0.8235, 0.8235, 0.8235, 0.8235, 0.8235, 0.8235, 0.8235, 0.8235, 0.8235, 0.8235, 0.8235, 0.8235, 0.8235, 0.8235, 0.8235, 0.8235, 0.8235, 0.8235, 0.8235, 0.8235, 0.8235, 0.8235, 0.8235, 0.8235]","{""0"": 0.87, ""1"": 0.8491, ""2"": 0.8263, ""3"": 0.8889, ""4"": 0.8487, ""5"": 0.8088, ""6"": 0.8446, ""7"": 0.6531}","[1.0, 0.8333, 0.875, 0.7273, 0.875, 0.8333, 1.0, 1.0, 1.0, 0.8889, 1.0, 0.625, 0.9, 1.0, 0.9, 1.0, 0.4545, 1.0, 0.7692, 0.8182, 1.0, 1.0, 1.0, 1.0, 1.0, 1.0, 1.0, 0.8, 0.8889, 0.75, 1.0, 1.0, 0.8182, 1.0, 0.7273, 0.8333, 0.7, 0.7143, 0.625, 1.0, 0.8333, 1.0, 1.0, 0.7143, 1.0, 0.8571, 0.8889, 1.0, 1.0, 1.0, 0.6, 1.0, 0.875, 0.7, 1.0, 0.625, 0.6667, 0.8333, 0.9, 0.8889, 1.0, 1.0, 0.8571, 0.9167, 1.0, 0.7143, 0.8333, 0.8889, 1.0, 0.6667, 0.8, 0.75, 0.875, 1.0, 1.0, 0.8889, 1.0, 0.625, 0.8571, 1.0, 0.9167, 0.75, 0.6667, 1.0, 0.8889, 0.75, 1.0, 0.6667, 0.75, 1.0, 1.0, 1.0, 1.0, 1.0, 0.875, 0.5714, 1.0, 0.6667, 0.9091, 0.8182, 1.0, 1.0, 0.6, 0.75, 0.625, 1.0, 0.8889, 0.9091, 1.0, 0.9091, 0.4286, 0.7143, 0.4, 0.8333, 1.0, 0.75, 1.0, 0.8, 0.7273, 0.8571, 0.1111, 1.0, 0.7778, 0.7778, 0.8333, 0.9231, 0.9091, 0.8182, 0.0, 1.0, 0.875, 0.7143, 0.7143, 0.75, 0.8667, 0.8667, 0.0, 0.875, 0.875, 0.9, 0.625, 0.7, 0.9091, 0.875, 0.0, 1.0, 0.5556, 0.7778, 0.8, 0.9, 1.0, 0.9, 0.0, 0.5714, 0.875, 0.875, 1.0, 0.8, 1.0, 0.8889, 0.1429, 0.7778, 0.8182, 0.8, 0.9091, 0.7143, 0.8, 0.6667, 0.0, 0.7143, 0.8571, 1.0, 1.0, 0.875, 1.0, 0.875, 0.8889, 0.875, 0.8, 0.8, 0.75, 0.7273, 1.0, 0.7778, 1.0, 0.8333, 0.5, 0.5714, 0.6667, 1.0, 0.75, 0.7143, 0.8, 0.8571, 0.8182, 0.7778, 0.75, 1.0, 0.4286, 0.8571, 1.0, 0.8571, 0.75, 0.7273, 0.7778, 0.8462, 0.0, 0.75, 0.8, 0.9, 1.0, 0.9, 0.6667, 1.0, 0.8571, 0.8, 0.8, 1.0, 0.875, 1.0, 1.0, 0.75, 1.0, 0.8, 0.6667, 0.75, 0.7778, 0.8333, 1.0, 0.8, 0.4, 1.0, 0.4, 0.7143, 0.9, 0.8182, 0.8571, 1.0, 0.7, 0.75, 0.75, 0.6, 0.9091, 0.8, 1.0, 1.0, 0.8333, 0.75, 0.75, 1.0]","[0, 2, 3, 9, 11, 12, 14, 16, 18, 22, 27, 28, 32, 34, 38, 59, 63, 71, 72, 74, 77, 79, 80, 98, 107, 121, 125, 126, 130, 134, 135, 140, 141, 142, 143, 146, 147, 151, 154, 157, 159, 164, 173, 175, 181, 183, 189, 192, 194, 197, 200, 203, 205, 209, 211, 213, 220, 225, 226, 228, 236, 242, 244]"
cluster,0:21,21,cluster,0.399,0.399,0.399,1.0,0.399,0.0,44,True,798,0,297,905,0,"[0.05, 0.069, 0.089, 0.108, 0.1255, 0.145, 0.1645, 0.177, 0.19, 0.205, 0.2215, 0.2395, 0.2535, 0.2645, 0.2805, 0.2925, 0.3055, 0.316, 0.3285, 0.339, 0.3445, 0.349, 0.3525, 0.3575, 0.3615, 0.365, 0.3695, 0.3715, 0.373, 0.374, 0.375, 0.377, 0.3785, 0.3795, 0.3815, 0.3835, 0.3855, 0.387, 0.388, 0.391, 0.394, 0.397, 0.3985, 0.399, 0.399, 0.399, 0.399, 0.399, 0.399, 0.399, 0.399, 0.399, 0.399, 0.399, 0.399, 0.399, 0.399, 0.399, 0.399, 0.399, 0.399, 0.399, 0.399, 0.399, 0.399, 0.399, 0.399, 0.399, 0.399, 0.399, 0.399, 0.399, 0.399, 0.399, 0.399, 0.399, 0.399, 0.399, 0.399, 0.399, 0.399, 0.399, 0.399, 0.399, 0.399, 0.399, 0.399, 0.399, 0.399, 0.399, 0.399, 0.399, 0.399, 0.399, 0.399, 0.399, 0.399, 0.399, 0.399, 0.399, 0.399]","{""0"": 0.87, ""1"": 0.0981, ""2"": 0.8456, ""3"": 0.6368, ""4"": 0.0, ""5"": 0.5578, ""6"": 0.2191, ""7"": 0.0571}","[0.4444, 0.8333, 0.0, 0.7273, 0.875, 0.0, 0.0, 1.0, 0.0, 0.8889, 0.0, 0.625, 0.9, 0.0, 0.0, 1.0, 0.0, 1.0, 0.0, 1.0, 1.0, 0.0, 0.0, 1.0, 0.0, 1.0, 0.0, 0.8, 0.8889, 0.0, 0.1, 1.0, 0.0, 1.0, 0.0, 0.8333, 0.7, 0.0, 0.625, 1.0, 0.0, 1.0, 0.0, 0.7143, 1.0, 0.0, 0.8889, 1.0, 0.0, 1.0, 0.0, 1.0, 0.875, 0.0, 1.0, 0.125, 0.0, 0.8333, 0.0, 0.8889, 1.0, 0.0, 0.8571, 0.0, 1.0, 0.7143, 0.0, 0.8889, 1.0, 0.0, 1.0, 0.0, 1.0, 1.0, 0.0, 0.8889, 1.0, 0.0, 0.8571, 0.0, 0.0, 0.75, 0.0, 1.0, 1.0, 0.0, 1.0, 0.0, 0.0, 1.0, 0.0, 1.0, 1.0, 0.0, 0.875, 0.0, 0.0, 0.6667, 0.0, 0.8182, 1.0, 0.0, 0.6, 0.0, 0.0, 1.0, 0.0, 1.0, 1.0, 0.0, 0.4286, 0.1429, 0.0, 0.8333, 0.0, 0.75, 1.0, 0.0, 0.7273, 0.0, 0.0, 1.0, 0.0, 0.7778, 0.8333, 0.0, 0.9091, 0.0, 0.0, 1.0, 0.0, 0.7143, 0.7143, 0.0, 1.0, 0.0, 0.0, 0.875, 0.0, 0.9, 0.125, 0.0, 0.8182, 0.0, 0.0, 1.0, 0.0, 0.7778, 0.0, 0.0, 1.0, 0.0, 0.0, 0.5714, 0.0, 0.875, 0.0, 0.0, 1.0, 0.0, 0.0, 0.7778, 0.0, 0.8, 0.0909, 0.0, 0.8, 0.0, 0.0, 0.7143, 0.0, 1.0, 0.0, 0.0, 1.0, 0.0, 0.0, 0.875, 0.0, 1.0, 0.0, 0.0, 1.0, 0.0, 0.0, 0.8333, 0.25, 0.5714, 0.0, 0.0, 0.75, 0.0, 0.0, 0.8571, 1.0, 0.7778, 0.0, 0.0, 0.0, 0.0, 0.0, 0.8571, 0.75, 0.7273, 0.0, 0.0, 0.0, 0.0, 0.0, 0.9, 1.0, 0.9, 0.5, 0.0, 0.0, 0.0, 0.0, 1.0, 0.75, 1.0, 0.8462, 0.0, 0.0, 0.0, 0.0, 0.75, 0.0, 0.8333, 1.0, 0.0, 0.0, 0.0, 0.0, 0.7143, 0.0, 0.8182, 0.8571, 0.0, 0.0, 0.25, 0.0, 0.6, 0.0, 0.8, 0.8889, 0.0, 0.0, 0.75, 0.0, 1.0]","[19, 25, 31, 70, 72, 84, 107, 134, 179, 194]"
one_per_team,0:21,21,one_per_team,0.7995,0.7995,0.7995,1.0,0.7995,0.0,39,True,1599,0,298,103,0,"[0.05, 0.0715, 0.0955, 0.124, 0.1545, 0.188, 0.2185, 0.253, 0.295, 0.331, 0.3695, 0.4025, 0.4305, 0.453, 0.474, 0.4945, 0.521, 0.544, 0.562, 0.5805, 0.602, 0.626, 0.6425, 0.657, 0.6715, 0.684, 0.7015, 0.7135, 0.7255, 0.739, 0.748, 0.7555, 0.7665, 0.7795, 0.79, 0.7955, 0.797, 0.799, 0.7995, 0.7995, 0.7995, 0.7995, 0.7995, 0.7995, 0.7995, 0.7995, 0.7995, 0.7995, 0.7995, 0.7995, 0.7995, 0.7995, 0.7995, 0.7995, 0.7995, 0.7995, 0.7995, 0.7995, 0.7995, 0.7995, 0.7995, 0.7995, 0.7995, 0.7995, 0.7995, 0.7995, 0.7995, 0.7995, 0.7995, 0.7995, 0.7995, 0.7995, 0.7995, 0.7995, 0.7995, 0.7995, 0.7995, 0.7995, 0.7995, 0.7995, 0.7995, 0.7995, 0.7995, 0.7995, 0.7995, 0.7995, 0.7995, 0.7995, 0.7995, 0.7995, 0.7995, 0.7995, 0.7995, 0.7995, 0.7995, 0.7995, 0.7995, 0.7995, 0.7995, 0.7995, 0.7995]","{""0"": 0.8744, ""1"": 0.8491, ""2"": 0.8263, ""3"": 0.8761, ""4"": 0.631, ""5"": 0.8167, ""6"": 0.8406, ""7"": 0.702}","[0.8889, 0.8333, 0.875, 0.7273, 1.0, 0.8333, 1.0, 1.0, 1.0, 0.8889, 1.0, 0.75, 0.9, 1.0, 0.9, 1.0, 0.4545, 1.0, 0.7692, 0.8182, 1.0, 1.0, 1.0, 1.0, 1.0, 1.0, 1.0, 0.8, 0.8889, 0.75, 1.0, 1.0, 0.9091, 1.0, 0.6364, 0.8333, 0.7, 0.7143, 0.625, 1.0, 0.8333, 1.0, 1.0, 0.7143, 1.0, 0.8571, 0.8889, 1.0, 1.0, 1.0, 0.6, 1.0, 0.875, 0.7, 1.0, 0.75, 0.6667, 0.8333, 0.9, 0.8889, 1.0, 1.0, 0.8571, 0.9167, 1.0, 0.7143, 0.8333, 0.8889, 1.0, 0.6667, 0.8, 0.6667, 0.75, 1.0, 1.0, 0.8889, 1.0, 0.625, 0.8571, 1.0, 0.0833, 0.75, 0.6667, 1.0, 0.8889, 0.75, 1.0, 0.6667, 0.0, 1.0, 1.0, 1.0, 1.0, 1.0, 0.875, 0.5714, 0.0, 0.7778, 0.9091, 0.8182, 1.0, 1.0, 0.6, 0.75, 0.25, 1.0, 0.8889, 0.8182, 1.0, 0.9091, 0.4286, 0.7143, 0.0, 0.8333, 1.0, 0.625, 1.0, 0.8, 0.7273, 0.8571, 1.0, 1.0, 0.7778, 0.7778, 0.8333, 0.9231, 0.9091, 0.8182, 0.75, 1.0, 0.875, 0.8571, 0.7143, 0.75, 0.8667, 0.8, 1.0, 0.875, 0.875, 0.9, 0.625, 0.7, 0.8182, 0.75, 1.0, 1.0, 0.5556, 0.7778, 0.8, 0.9, 1.0, 0.9, 0.8571, 0.5714, 0.875, 0.875, 1.0, 0.8, 1.0, 0.8889, 0.8571, 0.7778, 0.8182, 0.8, 0.9091, 0.7143, 0.8, 0.6667, 0.5, 0.7143, 0.8571, 1.0, 1.0, 0.0, 1.0, 0.875, 0.8889, 0.875, 0.8, 0.8, 0.75, 0.0, 1.0, 0.7778, 1.0, 0.8333, 0.5, 0.5714, 0.6667, 0.0, 0.875, 0.7143, 0.8, 0.8571, 0.9091, 0.7778, 0.75, 0.0, 0.5714, 0.8571, 1.0, 0.8571, 0.75, 0.7273, 0.7778, 0.0, 0.0, 0.75, 0.8, 0.9, 1.0, 0.9, 0.6667, 0.1111, 0.8571, 0.8, 0.8, 1.0, 0.875, 1.0, 0.8462, 0.25, 1.0, 0.8, 0.6667, 0.75, 0.7778, 0.8333, 1.0, 0.8, 0.6, 1.0, 0.4, 0.7143, 0.9, 0.8182, 0.8571, 1.0, 0.7, 0.75, 0.75, 0.6, 0.9091, 0.8, 0.8889, 1.0, 0.8333, 0.875, 0.75, 1.0]","[3, 4, 7, 8, 10, 11, 12, 13, 14, 15, 16, 17, 19, 20, 21, 22, 23, 25, 30, 31, 32, 33, 34, 39, 40, 43, 44, 48, 51, 55, 59, 63, 64, 65, 70, 72, 78, 80, 83, 84, 85, 93, 97, 99, 101, 102, 104, 105, 106, 107, 109, 115, 120, 121, 131, 133, 134, 136, 138, 150, 151, 152, 153, 154, 157, 158, 159, 160, 161, 163, 170, 175, 176, 178, 179, 180, 188, 190, 193, 194, 199, 202, 203, 204, 207, 211, 218, 219, 220, 221, 224, 227, 230, 231, 234, 236, 238, 245, 247, 249]"
random,0:22,22,random,0.778,0.778,0.778,1.0,0.778,-0.0,77,True,1556,0,298,146,0,"[0.05, 0.0685, 0.0875, 0.1065, 0.1255, 0.1465, 0.1725, 0.1955, 0.2145, 0.235, 0.255, 0.2735, 0.2925, 0.307, 0.321, 0.3385, 0.3585, 0.379, 0.402, 0.437, 0.4555, 0.4715, 0.484, 0.498, 0.5115, 0.5235, 0.5335, 0.5415, 0.546, 0.549, 0.551, 0.5535, 0.5575, 0.5585, 0.5605, 0.565, 0.5685, 0.5705, 0.5715, 0.5725, 0.5745, 0.578, 0.581, 0.5835, 0.587, 0.5915, 0.596, 0.601, 0.605, 0.607, 0.609, 0.6095, 0.6115, 0.6135, 0.6165, 0.62, 0.623, 0.6285, 0.6355, 0.6465, 0.651, 0.656, 0.6645, 0.6745, 0.6825, 0.6865, 0.693, 0.697, 0.7035, 0.7155, 0.7305, 0.7385, 0.745, 0.7545, 0.7675, 0.7765, 0.778, 0.778, 0.778, 0.778, 0.778, 0.778, 0.778, 0.778, 0.778, 0.778, 0.778, 0.778, 0.778, 0.778, 0.778, 0.778, 0.778, 0.778, 0.778, 0.778, 0.778, 0.778, 0.778, 0.778, 0.778]","{""0"": 0.8797, ""1"": 0.641, ""2"": 0.8795, ""3"": 0.8425, ""4"": 0.8571, ""5"": 0.6561, ""6"": 0.6129, ""7"": 0.8468}","[1.0, 0.8, 0.0, 0.8889, 1.0, 1.0, 0.8333, 0.9, 1.0, 0.8889, 0.0909, 0.875, 1.0, 0.7143, 0.8, 0.7143, 0.75, 0.8889, 0.0, 0.9, 1.0, 0.6923, 1.0, 0.75, 0.8571, 0.9, 0.0, 0.75, 0.5833, 0.75, 0.8571, 0.875, 0.8889, 0.9, 0.125, 1.0, 0.9, 1.0, 0.8, 0.8333, 0.8571, 0.8, 0.0, 1.0, 0.7, 0.875, 0.8571, 0.6667, 1.0, 0.8571, 0.5714, 0.6, 1.0, 0.8, 0.625, 1.0, 1.0, 0.6667, 0.8, 1.0, 0.7143, 0.6667, 0.8333, 1.0, 0.9, 0.8333, 0.8889, 1.0, 0.8333, 1.0, 0.7143, 1.0, 0.8571, 0.8571, 0.8889, 1.0, 0.9091, 0.8571, 0.75, 0.8333, 0.7778, 0.75, 0.625, 0.875, 1.0, 0.6667, 1.0, 0.875, 0.7778, 1.0, 0.7273, 0.7, 1.0, 1.0, 1.0, 0.5714, 0.625, 0.875, 0.8889, 1.0, 1.0, 1.0, 1.0, 0.875, 0.8889, 1.0, 1.0, 0.8333, 0.7778, 0.8182, 0.875, 0.8333, 0.8571, 1.0, 0.7778, 0.8333, 0.7273, 1.0, 0.875, 0.75, 0.8889, 0.8, 0.8889, 1.0, 1.0, 0.7143, 0.75, 1.0, 0.7778, 1.0, 0.8, 0.8571, 0.4, 1.0, 0.0, 0.8889, 0.8333, 1.0, 1.0, 0.75, 0.8333, 0.9, 0.0909, 0.625, 1.0, 0.7273, 0.8889, 1.0, 0.9, 0.9091, 0.5, 0.7143, 1.0, 0.7, 1.0, 0.6667, 0.4, 0.9, 0.0, 0.8, 1.0, 0.8571, 0.7778, 0.75, 0.8571, 0.8, 0.0, 0.5556, 0.6667, 1.0, 0.8571, 0.9167, 0.9, 0.8889, 0.0, 0.1667, 0.8571, 0.8571, 0.8571, 0.9, 0.6667, 0.6, 0.0, 0.2857, 0.9, 0.8, 0.7778, 0.8571, 0.6364, 0.9167, 0.75, 0.0, 0.8571, 1.0, 0.9, 1.0, 0.7143, 0.5714, 1.0, 0.0, 0.6667, 1.0, 1.0, 0.9, 0.8571, 0.7, 0.6364, 0.0, 0.8571, 0.9, 0.8333, 1.0, 0.7778, 0.8889, 0.5, 0.0, 1.0, 1.0, 1.0, 0.9, 0.8889, 0.9, 0.7778, 0.0, 0.5714, 1.0, 1.0, 1.0, 1.0, 1.0, 0.8462, 0.1111, 0.7273, 1.0, 0.0, 0.8, 1.0, 0.9, 1.0, 0.0, 0.8, 0.9286, 0.0, 1.0, 1.0, 1.0, 1.0, 0.375, 0.8571, 0.8]","[4, 5, 10, 12, 14, 20, 22, 25, 27, 28, 35, 36, 37, 44, 45, 47, 48, 51, 61, 64, 66, 67, 70, 71, 73, 80, 84, 87, 88, 90, 92, 93, 94, 95, 97, 100, 108, 111, 112, 119, 121, 123, 127, 128, 131, 135, 141, 142, 144, 148, 150, 151, 153, 154, 157, 160, 161, 164, 167, 169, 170, 171, 172, 175, 183, 189, 194, 198, 204, 205, 209, 212, 216, 218, 219, 220, 225, 229, 231, 238, 241, 243, 249]"
champions,0:22,22,champions,0.7505,0.7505,0.7505,1.0,0.7505,0.0,28,True,1501,0,298,201,0,"[0.05, 0.0875, 0.128, 0.1785, 0.23, 0.2745, 0.3175, 0.357, 0.402, 0.454, 0.498, 0.53, 0.553, 0.5785, 0.6045, 0.625, 0.6415, 0.6595, 0.6725, 0.6885, 0.7005, 0.7125, 0.723, 0.738, 0.7435, 0.748, 0.75, 0.7505, 0.7505, 0.7505, 0.7505, 0.7505, 0.7505, 0.7505, 0.7505, 0.7505, 0.7505, 0.7505, 0.7505, 0.7505, 0.7505, 0.7505, 0.7505, 0.7505, 0.7505, 0.7505, 0.7505, 0.7505, 0.7505, 0.7505, 0.7505, 0.7505, 0.7505, 0.7505, 0.7505, 0.7505, 0.7505, 0.7505, 0.7505, 0.7505, 0.7505, 0.7505, 0.7505, 0.7505, 0.7505, 0.7505, 0.7505, 0.7505, 0.7505, 0.7505, 0.7505, 0.7505, 0.7505, 0.7505, 0.7505, 0.7505, 0.7505, 0.7505, 0.7505, 0.7505, 0.7505, 0.7505, 0.7505, 0.7505, 0.7505, 0.7505, 0.7505, 0.7505, 0.7505, 0.7505, 0.7505, 0.7505, 0.7505, 0.7505, 0.7505, 0.7505, 0.7505, 0.7505, 0.7505, 0.7505, 0.7505]","{""0"": 0.6929, ""1"": 0.8718, ""2"": 0.8755, ""3"": 0.8315, ""4"": 0.8122, ""5"": 0.6443, ""6"": 0.3594, ""7"": 0.8468}","[1.0, 0.8, 0.9, 0.8889, 1.0, 1.0, 0.8333, 0.9, 1.0, 0.4444, 0.9091, 0.875, 0.9286, 0.7143, 0.8, 0.7143, 0.75, 0.0, 0.875, 0.9, 1.0, 1.0, 1.0, 0.75, 0.8571, 0.0, 1.0, 0.75, 0.5833, 0.75, 0.8571, 0.875, 0.8889, 0.1, 0.875, 0.8889, 0.8, 1.0, 0.8, 0.8333, 0.8571, 0.0, 0.7857, 1.0, 0.7, 0.875, 0.8571, 0.6667, 1.0, 0.0, 0.7143, 0.5, 1.0, 0.8, 0.625, 1.0, 1.0, 0.0, 0.8, 1.0, 0.7143, 0.6667, 0.8333, 1.0, 0.8, 0.5, 0.8889, 1.0, 0.8333, 1.0, 0.7143, 1.0, 0.8571, 0.8571, 0.8889, 1.0, 0.9091, 0.8571, 0.75, 0.8333, 0.7778, 0.75, 0.625, 0.875, 1.0, 0.8333, 1.0, 0.875, 0.7778, 1.0, 0.7273, 0.7, 1.0, 1.0, 1.0, 0.2857, 0.625, 0.875, 1.0, 1.0, 0.9091, 1.0, 1.0, 0.0, 1.0, 1.0, 1.0, 0.8333, 0.7778, 0.8182, 0.875, 0.0, 0.8571, 1.0, 0.7778, 0.8333, 0.7273, 1.0, 0.875, 0.0, 0.8889, 0.8, 0.8889, 1.0, 1.0, 0.7143, 0.75, 0.1429, 0.7778, 1.0, 0.8, 0.8571, 0.4, 1.0, 0.1818, 0.0, 0.8333, 1.0, 1.0, 0.75, 0.8333, 0.9, 0.0, 0.0, 1.0, 0.7273, 0.8889, 1.0, 0.9, 0.9091, 0.0, 0.0, 1.0, 0.7, 1.0, 0.8333, 0.4, 0.9, 0.0, 0.2, 1.0, 0.8571, 0.7778, 0.75, 0.9286, 0.8, 0.0, 0.0, 0.6667, 1.0, 0.8571, 0.9167, 0.9, 0.8889, 0.0, 0.0, 0.8571, 0.8571, 0.8571, 0.9, 0.6667, 0.6, 0.0, 0.0, 0.9, 0.8, 0.7778, 0.8571, 0.6364, 0.8333, 0.75, 0.0, 0.8571, 1.0, 0.9, 1.0, 0.7143, 0.5714, 1.0, 0.0, 0.6667, 1.0, 1.0, 0.9, 0.8571, 0.1, 0.6364, 0.0, 0.8571, 0.9, 0.8333, 1.0, 0.6667, 0.0, 0.5, 0.0, 1.0, 1.0, 1.0, 0.9, 0.8889, 0.9, 0.7778, 0.0, 0.5714, 1.0, 1.0, 1.0, 1.0, 0.875, 0.8462, 0.1111, 0.7273, 1.0, 0.8571, 0.8, 1.0, 0.9, 1.0, 0.0, 0.8, 0.9286, 0.7778, 1.0, 1.0, 1.0, 1.0, 0.375, 0.8571, 0.8]","[0, 1, 2, 3, 7, 10, 12, 13, 19, 21, 22, 28, 40, 42, 43, 44, 68, 73, 76, 77, 80, 84, 85, 88, 90, 91, 93, 98, 100, 102, 104, 106, 116, 118, 122, 124, 127, 134, 139, 145, 153, 154, 155, 164, 168, 171, 179, 189, 192, 194, 198, 200, 210, 212, 218, 227, 234, 237, 241, 242]"
cluster,0:22,22,cluster,0.238,0.238,0.238,1.0,0.238,0.0,28,True,476,0,293,1231,0,"[0.05, 0.0635, 0.078, 0.094, 0.109, 0.1255, 0.1415, 0.1555, 0.164, 0.174, 0.1825, 0.1895, 0.197, 0.202, 0.2045, 0.208, 0.21, 0.2125, 0.215, 0.2195, 0.2235, 0.2255, 0.2295, 0.2335, 0.2345, 0.236, 0.237, 0.238, 0.238, 0.238, 0.238, 0.238, 0.238, 0.238, 0.238, 0.238, 0.238, 0.238, 0.238, 0.238, 0.238, 0.238, 0.238, 0.238, 0.238, 0.238, 0.238, 0.238, 0.238, 0.238, 0.238, 0.238, 0.238, 0.238, 0.238, 0.238, 0.238, 0.238, 0.238, 0.238, 0.238, 0.238, 0.238, 0.238, 0.238, 0.238, 0.238, 0.238, 0.238, 0.238, 0.238, 0.238, 0.238, 0.238, 0.238, 0.238, 0.238, 0.238, 0.238, 0.238, 0.238, 0.238, 0.238, 0.238, 0.238, 0.238, 0.238, 0.238, 0.238, 0.238, 0.238, 0.238, 0.238, 0.238, 0.238, 0.238, 0.238, 0.238, 0.238, 0.238, 0.238]","{""0"": 0.0373, ""1"": 0.5751, ""2"": 0.2851, ""3"": 0.011, ""4"": 0.4857, ""5"": 0.1581, ""6"": 0.1429, ""7"": 0.1815}","[0.5556, 0.0, 0.0, 0.8889, 0.0, 0.0, 0.0, 0.0, 1.0, 0.0, 0.0, 1.0, 0.0, 0.0, 0.0, 0.0, 0.75, 0.0, 0.875, 0.0, 0.0, 0.0, 0.0, 0.0, 1.0, 0.0, 1.0, 0.0, 0.0, 0.25, 0.8571, 0.0, 0.0, 0.0, 0.875, 0.0, 0.0, 1.0, 0.8, 0.0, 0.0, 0.0, 1.0, 0.0, 0.0, 0.875, 0.8571, 0.0, 0.0, 0.0, 0.7143, 0.0, 0.0, 0.8, 0.625, 0.1667, 0.0, 0.0, 0.8, 1.0, 0.0, 0.6667, 0.8333, 0.0, 0.0, 1.0, 0.8889, 1.0, 0.0, 1.0, 1.0, 0.0, 0.0, 0.0, 0.8889, 1.0, 0.0, 0.8571, 0.75, 0.0, 0.0, 0.0, 0.625, 0.875, 0.0, 0.6667, 0.0, 0.0, 0.0, 0.0, 0.7273, 0.7, 0.0, 1.0, 0.0, 0.0, 0.0, 0.0, 0.8889, 1.0, 0.0, 1.0, 0.0, 0.0, 0.0, 0.0, 1.0, 0.8333, 0.0, 0.8182, 0.0, 0.0, 0.0, 0.0, 0.7778, 0.0, 0.0, 1.0, 0.0, 0.0, 0.0, 0.0, 0.8889, 0.0, 0.0, 1.0, 0.0, 0.0, 0.0, 0.0, 1.0, 0.0, 0.0, 1.0, 0.0, 0.1111, 0.0, 0.0, 1.0, 0.0, 0.0, 0.9, 0.0, 1.0, 0.0, 0.0909, 0.8889, 0.0, 0.0, 0.9091, 0.0, 0.7143, 0.0, 0.1, 1.0, 0.0, 0.0, 0.9, 0.0, 0.6, 0.1111, 0.0, 0.7778, 0.0, 0.0714, 0.8, 0.0, 0.5556, 0.0, 0.1667, 0.8571, 0.0833, 0.2, 0.2222, 0.0, 1.0, 0.1429, 0.0, 0.2857, 0.0, 0.0, 0.0, 0.0, 0.0, 0.0, 0.0, 0.0, 0.0, 0.0, 0.0, 0.0, 0.0, 0.0, 0.0, 0.0, 0.0, 0.0, 0.0, 0.0, 0.0, 0.0, 0.0, 0.0, 0.0, 0.0, 0.0, 0.0, 0.0, 0.0, 0.0, 0.0, 0.0, 0.0, 0.0, 0.0, 0.0, 0.0, 0.0, 0.0, 0.0, 0.0, 0.0, 0.0, 0.0, 0.5714, 0.0, 0.0, 0.0, 0.0, 0.0, 0.0769, 0.0, 0.7273, 0.0, 0.0, 0.8, 0.0, 0.0, 0.2, 0.0, 0.8, 0.0, 0.0, 1.0, 0.0, 0.0, 0.1429, 0.0, 0.8571, 0.0]","[11, 24, 42, 59, 65, 70, 93, 117, 125, 130, 133, 143, 175]"
one_per_team,0:22,22,one_per_team,0.751,0.751,0.751,1.0,0.751,-0.0,52,True,1502,0,299,199,0,"[0.05, 0.0685, 0.0845, 0.103, 0.126, 0.152, 0.185, 0.217, 0.249, 0.2875, 0.31, 0.3385, 0.3675, 0.3965, 0.4255, 0.454, 0.481, 0.51, 0.5335, 0.5555, 0.5735, 0.5815, 0.5935, 0.6065, 0.6155, 0.6215, 0.6305, 0.6425, 0.6505, 0.658, 0.667, 0.6745, 0.681, 0.689, 0.695, 0.7, 0.705, 0.7115, 0.716, 0.7185, 0.721, 0.725, 0.73, 0.7355, 0.7385, 0.7435, 0.747, 0.749, 0.7495, 0.75, 0.7505, 0.751, 0.751, 0.751, 0.751, 0.751, 0.751, 0.751, 0.751, 0.751, 0.751, 0.751, 0.751, 0.751, 0.751, 0.751, 0.751, 0.751, 0.751, 0.751, 0.751, 0.751, 0.751, 0.751, 0.751, 0.751, 0.751, 0.751, 0.751, 0.751, 0.751, 0.751, 0.751, 0.751, 0.751, 0.751, 0.751, 0.751, 0.751, 0.751, 0.751, 0.751, 0.751, 0.751, 0.751, 0.751, 0.751, 0.751, 0.751, 0.751, 0.751]","{""0"": 0.8838, ""1"": 0.6667, ""2"": 0.8795, ""3"": 0.5568, ""4"": 0.8571, ""5"": 0.6719, ""6"": 0.6682, ""7"": 0.8468}","[0.8889, 0.8, 0.0, 0.8889, 0.1429, 1.0, 0.8333, 0.9, 1.0, 0.8889, 0.0, 1.0, 0.0, 0.8571, 0.8, 0.7143, 0.75, 0.8889, 0.875, 0.9, 0.25, 0.6923, 1.0, 0.75, 0.8571, 0.9, 1.0, 0.75, 0.1667, 0.75, 0.8571, 0.875, 0.8889, 0.9, 0.875, 0.8889, 0.2, 1.0, 0.8, 0.8333, 0.8571, 0.8, 0.7143, 1.0, 0.7, 0.875, 0.8571, 0.6667, 1.0, 0.8571, 0.7143, 0.5, 1.0, 0.8, 0.625, 1.0, 1.0, 0.6667, 0.8, 1.0, 0.7143, 0.6667, 0.8333, 1.0, 0.8, 0.8333, 0.8889, 1.0, 0.8333, 1.0, 0.7143, 1.0, 0.8571, 1.0, 0.8889, 1.0, 0.9091, 0.8571, 1.0, 0.8333, 0.7778, 0.75, 0.625, 0.875, 1.0, 0.6667, 1.0, 0.875, 0.7778, 1.0, 0.7273, 0.7, 1.0, 1.0, 1.0, 0.2857, 0.625, 0.875, 0.8889, 1.0, 0.9091, 1.0, 1.0, 0.125, 0.8889, 1.0, 1.0, 0.8333, 0.7778, 0.8182, 0.875, 0.0, 0.8571, 1.0, 0.7778, 0.8333, 0.7273, 1.0, 0.875, 0.125, 0.8889, 0.8, 0.8889, 1.0, 1.0, 0.8571, 0.75, 0.2857, 0.7778, 1.0, 0.9, 0.8571, 0.4, 1.0, 0.0909, 0.0, 0.8333, 1.0, 1.0, 0.75, 0.8333, 0.9, 0.0, 0.375, 1.0, 0.7273, 0.8889, 1.0, 0.9, 0.9091, 0.0, 0.7143, 1.0, 0.7, 1.0, 0.6667, 0.4, 0.9, 0.0, 0.8, 1.0, 0.8571, 0.7778, 0.75, 0.8571, 0.8, 0.0, 0.5556, 0.8333, 1.0, 0.8571, 0.9167, 0.9, 0.8889, 0.4444, 0.8333, 0.8571, 0.8571, 0.8571, 0.9, 0.6667, 0.6, 0.4286, 0.8571, 0.9, 0.8, 0.7778, 0.8571, 0.3636, 0.8333, 0.75, 0.6667, 0.8571, 1.0, 0.9, 1.0, 0.0, 0.5714, 1.0, 0.6667, 0.6667, 1.0, 1.0, 1.0, 0.0, 0.7, 0.6364, 1.0, 0.8571, 0.9, 0.5, 1.0, 0.0, 0.8889, 0.5, 0.6, 1.0, 1.0, 0.0, 0.9, 0.8889, 0.9, 0.7778, 1.0, 0.5714, 1.0, 0.0, 1.0, 0.0, 0.875, 0.8462, 0.8889, 0.7273, 1.0, 0.0, 0.8, 0.25, 0.9, 1.0, 1.0, 0.8, 0.9286, 0.0, 1.0, 0.0, 1.0, 1.0, 0.75, 0.8571, 0.8]","[4, 5, 9, 11, 13, 14, 15, 16, 17, 19, 20, 21, 24, 27, 28, 32, 33, 38, 39, 40, 42, 43, 46, 49, 51, 53, 56, 59, 60, 61, 64, 65, 70, 73, 74, 76, 77, 78, 84, 85, 89, 91, 93, 96, 99, 100, 102, 103, 106, 107, 110, 117, 122, 125, 127, 128, 130, 133, 143, 145, 147, 148, 151, 154, 156, 157, 159, 162, 163, 164, 168, 171, 174, 175, 180, 181, 183, 184, 185, 186, 187, 188, 190, 192, 198, 202, 203, 208, 210, 213, 217, 220, 221, 231, 232, 233, 236, 241, 246, 247]"
random,0:23,23,random,0.51,0.51,0.51,1.0,0.51,0.0,35,True,1020,0,274,706,0,"[0.05, 0.071, 0.0925, 0.1175, 0.146, 0.1775, 0.2015, 0.222, 0.2415, 0.258, 0.2715, 0.289, 0.3075, 0.3295, 0.3435, 0.3545, 0.368, 0.3775, 0.389, 0.3975, 0.41, 0.4225, 0.434, 0.4415, 0.4475, 0.4525, 0.456, 0.4615, 0.464, 0.4695, 0.477, 0.487, 0.494, 0.5045, 0.51, 0.51, 0.51, 0.51, 0.51, 0.51, 0.51, 0.51, 0.51, 0.51, 0.51, 0.51, 0.51, 0.51, 0.51, 0.51, 0.51, 0.51, 0.51, 0.51, 0.51, 0.51, 0.51, 0.51, 0.51, 0.51, 0.51, 0.51, 0.51, 0.51, 0.51, 0.51, 0.51, 0.51, 0.51, 0.51, 0.51, 0.51, 0.51, 0.51, 0.51, 0.51, 0.51, 0.51, 0.51, 0.51, 0.51, 0.51, 0.51, 0.51, 0.51, 0.51, 0.51, 0.51, 0.51, 0.51, 0.51, 0.51, 0.51, 0.51, 0.51, 0.51, 0.51, 0.51, 0.51, 0.51, 0.51]","{""0"": 0.3822, ""1"": 0.5663, ""2"": 0.8911, ""3"": 0.0772, ""4"": 0.7214, ""5"": 0.8415, ""6"": 0.5156, ""7"": 0.0906}","[0.7778, 1.0, 1.0, 0.8889, 0.1, 0.8889, 0.4, 0.0, 0.0, 0.6667, 1.0, 1.0, 0.0, 1.0, 0.8333, 0.0, 0.0, 1.0, 0.8571, 1.0, 0.0667, 0.8571, 0.9, 0.0, 0.2857, 1.0, 0.875, 0.8889, 0.0, 0.7143, 0.6667, 0.0, 0.0, 0.8, 1.0, 1.0, 0.0, 0.875, 1.0, 0.0, 0.2857, 1.0, 1.0, 1.0, 0.125, 0.8182, 0.8571, 0.125, 0.0, 0.9091, 0.75, 1.0, 0.0, 0.0, 0.8, 0.2, 0.0, 0.875, 1.0, 1.0, 0.0, 0.0, 0.8571, 0.0, 0.125, 0.1429, 0.75, 0.9231, 0.0, 0.0, 0.375, 0.0, 0.0, 0.0, 0.7, 1.0, 0.2222, 0.0, 0.8889, 0.0, 0.0, 0.0, 0.875, 0.8571, 0.25, 0.1429, 0.75, 0.0909, 0.0769, 0.0, 1.0, 0.5714, 0.0, 0.1429, 1.0, 0.8, 0.0, 0.0, 0.875, 0.8571, 0.0, 0.8333, 1.0, 0.7273, 0.0909, 0.0, 0.75, 1.0, 0.0, 0.6667, 0.8571, 1.0, 0.75, 0.1, 0.8889, 0.6, 0.2222, 1.0, 0.8889, 1.0, 0.0, 0.1667, 0.8889, 0.75, 0.0, 0.9, 0.75, 0.8889, 0.125, 0.25, 0.5, 1.0, 0.0, 0.8, 0.8889, 1.0, 0.0, 0.4, 0.0, 1.0, 0.0, 1.0, 0.7143, 1.0, 0.0, 0.2857, 0.0, 0.8182, 0.0, 0.8889, 0.9, 0.875, 0.25, 0.1111, 0.125, 0.8, 0.4, 1.0, 0.875, 0.7778, 0.1667, 0.0, 0.1, 0.875, 0.1, 1.0, 1.0, 0.75, 0.0, 0.0, 0.0, 1.0, 0.1, 0.9167, 1.0, 1.0, 0.0, 0.0, 0.1, 1.0, 0.0, 0.5, 0.7143, 1.0, 0.0, 0.1667, 0.0, 1.0, 0.0, 1.0, 0.9, 0.9, 0.0, 0.0, 0.0, 0.8333, 0.0, 0.75, 0.9091, 0.8182, 0.8, 0.0, 0.0, 0.6667, 0.0, 0.6667, 0.875, 0.875, 0.0, 0.1111, 0.0, 1.0, 0.0, 1.0, 0.875, 0.8, 0.0, 0.5, 0.1, 0.6667, 0.0, 0.875, 0.9231, 0.75, 0.1667, 1.0, 0.8571, 0.9, 0.5714, 0.8462, 0.7143, 0.1, 0.0, 1.0, 0.875, 0.8889, 0.1, 0.8889, 0.75, 0.0, 0.125, 1.0, 0.8333, 0.8571, 0.2857, 0.9091, 0.8571, 0.1429, 0.0, 0.75]","[2, 4, 10, 19, 20, 24, 25, 26, 29, 33, 34, 37, 38, 40, 43, 44, 50, 51, 55, 57, 64, 75, 76, 82, 83, 84, 85, 87, 91, 95, 102, 104, 110, 112, 113, 114, 116, 119, 121, 122, 123, 126, 128, 133, 137, 143, 145, 147, 149, 152, 153, 154, 156, 157, 159, 162, 172, 174, 175, 179, 182, 185, 191, 195, 200, 205, 213, 214, 215, 219, 224, 225, 226, 227, 228, 229, 234, 235, 236, 240, 241, 242, 244, 245, 246, 247]"
champions,0:23,23,champions,0.7505,0.7505,0.7505,1.0,0.7505,0.0,33,True,1501,0,275,224,0,"[0.05, 0.0915, 0.145, 0.2055, 0.26, 0.3125, 0.3575, 0.3895, 0.4185, 0.4495, 0.479, 0.496, 0.5125, 0.5275, 0.5435, 0.559, 0.575, 0.591, 0.607, 0.618, 0.633, 0.6465, 0.6595, 0.666, 0.6775, 0.694, 0.706, 0.7135, 0.7235, 0.7335, 0.742, 0.7485, 0.7505, 0.7505, 0.7505, 0.7505, 0.7505, 0.7505, 0.7505, 0.7505, 0.7505, 0.7505, 0.7505, 0.7505, 0.7505, 0.7505, 0.7505, 0.7505, 0.7505, 0.7505, 0.7505, 0.7505, 0.7505, 0.7505, 0.7505, 0.7505, 0.7505, 0.7505, 0.7505, 0.7505, 0.7505, 0.7505, 0.7505, 0.7505, 0.7505, 0.7505, 0.7505, 0.7505, 0.7505, 0.7505, 0.7505, 0.7505, 0.7505, 0.7505, 0.7505, 0.7505, 0.7505, 0.7505, 0.7505, 0.7505, 0.7505, 0.7505, 0.7505, 0.7505, 0.7505, 0.7505, 0.7505, 0.7505, 0.7505, 0.7505, 0.7505, 0.7505, 0.7505, 0.7505, 0.7505, 0.7505, 0.7505, 0.7505, 0.7505, 0.7505, 0.7505]","{""0"": 0.8711, ""1"": 0.4779, ""2"": 0.8911, ""3"": 0.861, ""4"": 0.6298, ""5"": 0.6585, ""6"": 0.7578, ""7"": 0.8661}","[1.0, 1.0, 0.8571, 0.8889, 0.9, 0.8889, 0.0, 0.1111, 0.875, 0.6667, 0.9, 1.0, 0.7778, 1.0, 0.0, 0.5714, 0.8571, 1.0, 0.8571, 1.0, 0.9333, 0.8571, 0.0, 0.8182, 0.7143, 1.0, 0.875, 0.8889, 0.7143, 0.7143, 0.0, 0.6, 1.0, 0.8, 1.0, 1.0, 1.0, 0.875, 0.0, 0.8, 1.0, 1.0, 0.8, 1.0, 0.625, 0.8182, 0.0, 0.875, 1.0, 0.9091, 0.0, 1.0, 0.8571, 0.0, 0.1, 0.7, 0.8333, 0.75, 0.0, 1.0, 1.0, 0.4286, 0.0, 0.625, 1.0, 0.8571, 0.25, 0.9231, 1.0, 0.0, 0.375, 1.0, 0.6, 0.9231, 0.0, 1.0, 0.7778, 0.0, 0.8889, 0.7273, 0.8, 0.8462, 0.0, 0.8571, 1.0, 0.1429, 0.75, 1.0, 0.9231, 0.8, 0.0, 0.5714, 0.875, 0.5714, 1.0, 0.8, 0.875, 0.75, 0.0, 0.8571, 0.7778, 0.1667, 1.0, 0.8182, 1.0, 0.875, 0.0, 1.0, 0.625, 0.0, 0.8571, 1.0, 0.75, 0.9, 0.0, 0.6, 0.8889, 0.0, 0.8889, 1.0, 0.625, 0.8333, 0.1111, 0.75, 1.0, 0.0, 0.75, 0.8889, 0.625, 0.875, 0.0, 1.0, 1.0, 0.0, 0.8889, 1.0, 0.875, 1.0, 0.1818, 1.0, 0.8, 1.0, 0.7143, 1.0, 0.8889, 0.7143, 0.8571, 0.8182, 0.8, 1.0, 0.9, 0.875, 1.0, 0.7778, 0.125, 0.8, 0.8, 1.0, 0.875, 0.7778, 1.0, 0.5, 0.0, 0.875, 0.8, 1.0, 1.0, 0.75, 1.0, 1.0, 0.1667, 1.0, 0.8, 0.9167, 1.0, 1.0, 0.8571, 1.0, 1.0, 1.0, 0.9167, 0.5, 0.7143, 1.0, 0.8571, 1.0, 1.0, 1.0, 0.8182, 1.0, 0.9, 1.0, 0.9167, 0.7143, 0.8889, 0.8333, 0.9, 0.75, 0.9091, 0.8182, 0.8, 1.0, 1.0, 0.6667, 0.8182, 0.6667, 0.875, 0.875, 0.8, 1.0, 0.8889, 1.0, 0.8571, 1.0, 0.875, 0.8, 0.875, 0.5, 0.7, 0.6667, 0.7143, 1.0, 0.9231, 0.75, 0.8333, 1.0, 0.8571, 0.9, 1.0, 0.8462, 0.7143, 0.1, 0.875, 1.0, 0.875, 0.8889, 0.9, 0.8889, 0.75, 0.0, 0.875, 1.0, 0.8333, 0.8571, 1.0, 0.9091, 0.8571, 0.0, 0.7778, 0.75]","[0, 4, 5, 10, 12, 15, 16, 20, 23, 24, 49, 59, 67, 72, 73, 79, 81, 88, 89, 94, 95, 96, 99, 100, 103, 104, 113, 116, 122, 134, 138, 141, 143, 146, 147, 149, 154, 157, 165, 172, 174, 179, 180, 182, 183, 186, 188, 191, 198, 199, 202, 204, 206, 213, 219, 221, 227, 229, 230, 236, 242, 245]"
cluster,0:23,23,cluster,0.2615,0.2615,0.2615,1.0,0.2615,0.0,29,True,523,0,271,1206,0,"[0.05, 0.068, 0.0845, 0.0975, 0.109, 0.1175, 0.127, 0.1395, 0.147, 0.1545, 0.163, 0.1725, 0.181, 0.187, 0.1915, 0.195, 0.198, 0.2025, 0.204, 0.207, 0.21, 0.2145, 0.223, 0.233, 0.237, 0.2415, 0.2515, 0.2605, 0.2615, 0.2615, 0.2615, 0.2615, 0.2615, 0.2615, 0.2615, 0.2615, 0.2615, 0.2615, 0.2615, 0.2615, 0.2615, 0.2615, 0.2615, 0.2615, 0.2615, 0.2615, 0.2615, 0.2615, 0.2615, 0.2615, 0.2615, 0.2615, 0.2615, 0.2615, 0.2615, 0.2615, 0.2615, 0.2615, 0.2615, 0.2615, 0.2615, 0.2615, 0.2615, 0.2615, 0.2615, 0.2615, 0.2615, 0.2615, 0.2615, 0.2615, 0.2615, 0.2615, 0.2615, 0.2615, 0.2615, 0.2615, 0.2615, 0.2615, 0.2615, 0.2615, 0.2615, 0.2615, 0.2615, 0.2615, 0.2615, 0.2615, 0.2615, 0.2615, 0.2615, 0.2615, 0.2615, 0.2615, 0.2615, 0.2615, 0.2615, 0.2615, 0.2615, 0.2615, 0.2615, 0.2615, 0.2615]","{""0"": 0.0578, ""1"": 0.0723, ""2"": 0.9032, ""3"": 0.4788, ""4"": 0.2824, ""5"": 0.1301, ""6"": 0.1289, ""7"": 0.0197}","[0.2222, 0.0, 0.0, 0.8889, 0.0, 0.8889, 0.0, 0.0, 0.0, 0.0, 0.0, 1.0, 0.0, 1.0, 0.0, 0.0, 0.0, 0.0, 0.0, 1.0, 0.0, 0.7143, 0.0, 0.0, 0.0, 0.0, 0.0, 0.8889, 0.0, 0.0, 0.0, 0.0, 0.0, 0.0, 0.0, 1.0, 0.0, 0.0, 1.0, 0.8, 0.0, 0.0, 0.0, 1.0, 0.0, 0.0, 1.0, 0.875, 0.0, 0.0, 0.0, 1.0, 0.0, 0.0, 0.0, 1.0, 0.0, 0.0, 0.0, 1.0, 0.0, 0.0, 0.0, 0.625, 0.0, 0.0, 0.0, 0.9231, 0.1429, 0.0, 0.0, 1.0, 0.0, 0.0, 0.0, 1.0, 0.0, 0.0, 0.0, 0.0, 0.0, 0.0, 0.0, 0.8571, 0.125, 0.0, 0.0, 0.0, 0.0769, 0.0, 0.0, 0.5714, 0.0, 0.0, 0.0, 0.0, 0.0, 0.0, 0.0, 0.8571, 0.6667, 0.0, 0.0, 0.0, 0.0, 0.0, 0.0, 1.0, 0.625, 0.0, 0.0, 0.0, 0.375, 0.0, 0.0, 0.6, 0.8889, 0.0, 0.0, 0.0, 0.0, 0.0, 0.1111, 0.75, 1.0, 0.0, 0.0, 0.0, 0.0, 0.0, 0.0, 1.0, 1.0, 0.0, 0.0, 0.1, 0.125, 0.0, 0.0, 1.0, 0.8, 0.0, 0.0, 0.0, 0.0, 0.0, 0.0, 1.0, 0.8, 0.0, 0.0, 0.0, 0.0, 0.0, 0.0, 0.8, 0.8, 0.0, 0.0, 0.0, 0.0, 0.0, 0.0, 1.0, 1.0, 0.0, 0.0, 0.0, 0.0, 0.0, 0.0, 1.0, 0.8, 0.0, 0.0, 0.0, 0.0, 1.0, 0.0, 1.0, 0.9167, 0.0, 0.0, 0.0, 0.0, 1.0, 1.0, 1.0, 0.8182, 0.0, 0.0, 0.0, 0.0, 0.0, 0.8889, 0.8333, 0.9, 0.0, 0.0, 0.0, 0.0, 0.0, 0.6667, 0.6667, 1.0, 0.6667, 0.0, 0.0, 0.0, 0.0, 0.0, 1.0, 0.8571, 1.0, 0.0, 0.0, 0.0, 0.0, 0.0, 0.6667, 0.7143, 1.0, 0.0, 0.0, 0.0, 0.0, 0.0, 0.9, 1.0, 0.8462, 0.5714, 0.0, 0.0, 0.0, 0.0, 0.8889, 0.1, 0.8889, 0.75, 0.0, 0.0, 0.0, 0.0, 0.8571, 0.0, 0.9091, 1.0, 0.0, 0.0, 0.0]","[38, 46, 55, 132, 147, 163, 164, 177, 186, 204, 221, 246]"
one_per_team,0:23,23,one_per_team,0.8275,0.8275,0.8275,1.0,0.8275,0.0,68,True,1655,0,263,82,0,"[0.05, 0.0705, 0.0845, 0.105, 0.133, 0.173, 0.212, 0.2505, 0.292, 0.3245, 0.3485, 0.3775, 0.407, 0.431, 0.4525, 0.476, 0.4955, 0.516, 0.526, 0.5375, 0.553, 0.5695, 0.5885, 0.607, 0.6295, 0.6505, 0.6595, 0.6695, 0.677, 0.6865, 0.698, 0.7085, 0.7125, 0.7195, 0.7235, 0.726, 0.727, 0.7285, 0.7315, 0.7355, 0.7395, 0.747, 0.7565, 0.766, 0.7735, 0.779, 0.784, 0.788, 0.791, 0.7925, 0.7945, 0.795, 0.796, 0.7975, 0.7985, 0.8, 0.8025, 0.8035, 0.8055, 0.8075, 0.809, 0.8095, 0.811, 0.815, 0.8215, 0.824, 0.8265, 0.8275, 0.8275, 0.8275, 0.8275, 0.8275, 0.8275, 0.8275, 0.8275, 0.8275, 0.8275, 0.8275, 0.8275, 0.8275, 0.8275, 0.8275, 0.8275, 0.8275, 0.8275, 0.8275, 0.8275, 0.8275, 0.8275, 0.8275, 0.8275, 0.8275, 0.8275, 0.8275, 0.8275, 0.8275, 0.8275, 0.8275, 0.8275, 0.8275, 0.8275]","{""0"": 0.7556, ""1"": 0.8554, ""2"": 0.8992, ""3"": 0.8649, ""4"": 0.7557, ""5"": 0.8496, ""6"": 0.7617, ""7"": 0.874}","[1.0, 1.0, 0.8571, 0.8889, 0.8, 0.8889, 0.4, 0.1111, 0.875, 0.6667, 0.9, 1.0, 0.8889, 1.0, 0.8333, 0.5714, 0.8571, 1.0, 1.0, 1.0, 0.9333, 1.0, 0.9, 0.9091, 0.7143, 1.0, 0.875, 0.8889, 0.7143, 0.7143, 0.6667, 0.6, 1.0, 0.8, 1.0, 1.0, 1.0, 0.875, 1.0, 0.8, 1.0, 1.0, 1.0, 1.0, 0.625, 0.8182, 0.8571, 0.875, 1.0, 1.0, 0.625, 1.0, 0.8571, 0.0, 0.8, 0.8, 0.8333, 0.75, 1.0, 1.0, 1.0, 0.4286, 0.8571, 0.625, 1.0, 0.1429, 0.875, 0.9231, 1.0, 0.0, 0.375, 1.0, 0.6, 0.0, 0.7, 1.0, 0.7778, 0.0, 0.8889, 0.7273, 0.8, 0.0, 0.875, 0.8571, 1.0, 0.1429, 0.75, 1.0, 0.9231, 0.8, 1.0, 0.5714, 0.875, 0.7143, 1.0, 0.8, 0.75, 0.75, 0.875, 0.8571, 0.6667, 0.8333, 1.0, 0.7273, 1.0, 0.875, 0.75, 1.0, 0.75, 0.6667, 0.8571, 1.0, 0.75, 0.9, 0.8889, 0.6, 0.8889, 1.0, 0.8889, 1.0, 0.625, 0.8333, 0.8889, 0.75, 1.0, 0.9, 0.75, 0.8889, 0.75, 0.875, 0.8333, 1.0, 1.0, 0.8, 0.8889, 1.0, 0.875, 1.0, 0.9091, 1.0, 0.8, 1.0, 0.7143, 1.0, 0.8889, 0.7143, 0.8571, 0.8182, 0.8, 0.8889, 0.9, 0.875, 1.0, 0.7778, 0.75, 0.9, 0.8, 1.0, 0.875, 0.7778, 1.0, 0.6667, 0.6, 0.875, 0.9, 1.0, 1.0, 1.0, 1.0, 1.0, 0.6667, 1.0, 0.8, 0.9167, 1.0, 1.0, 0.8571, 1.0, 1.0, 1.0, 0.9167, 0.5, 0.7143, 1.0, 0.8571, 1.0, 1.0, 1.0, 0.8182, 1.0, 0.9, 0.9, 0.9167, 0.7143, 0.8889, 0.8333, 0.9, 0.75, 0.9091, 0.8182, 0.8, 1.0, 1.0, 0.6667, 0.8182, 0.6667, 0.875, 0.875, 0.8, 1.0, 0.8889, 1.0, 0.8571, 1.0, 0.875, 0.8, 1.0, 0.5, 0.7, 0.6667, 0.7143, 1.0, 0.9231, 0.75, 0.8333, 1.0, 0.8571, 1.0, 1.0, 0.8462, 0.8571, 0.1, 0.875, 1.0, 0.875, 0.8889, 0.9, 0.8889, 0.875, 0.0, 0.875, 1.0, 0.8333, 0.8571, 1.0, 0.9091, 0.8571, 0.0, 0.8889, 0.75]","[2, 3, 5, 11, 12, 14, 16, 18, 19, 21, 22, 23, 24, 25, 32, 33, 35, 38, 40, 42, 46, 47, 49, 50, 52, 54, 55, 57, 58, 59, 64, 66, 78, 82, 83, 88, 90, 97, 98, 101, 103, 104, 107, 108, 111, 114, 115, 119, 121, 123, 125, 128, 129, 132, 133, 134, 145, 146, 147, 149, 153, 154, 155, 157, 158, 161, 163, 164, 165, 166, 167, 169, 170, 171, 177, 186, 190, 191, 192, 194, 198, 204, 206, 213, 214, 215, 216, 218, 219, 221, 222, 224, 227, 228, 230, 233, 238, 242, 246, 248]"
random,0:24,24,random,0.7705,0.7705,0.7705,1.0,0.7705,0.0,38,True,1541,0,280,179,0,"[0.05, 0.071, 0.089, 0.109, 0.1305, 0.1525, 0.1785, 0.2065, 0.2405, 0.2765, 0.3175, 0.347, 0.376, 0.399, 0.424, 0.453, 0.4745, 0.499, 0.528, 0.56, 0.5865, 0.6085, 0.6235, 0.6425, 0.665, 0.684, 0.697, 0.711, 0.721, 0.725, 0.73, 0.7405, 0.7475, 0.7535, 0.7595, 0.7645, 0.769, 0.7705, 0.7705, 0.7705, 0.7705, 0.7705, 0.7705, 0.7705, 0.7705, 0.7705, 0.7705, 0.7705, 0.7705, 0.7705, 0.7705, 0.7705, 0.7705, 0.7705, 0.7705, 0.7705, 0.7705, 0.7705, 0.7705, 0.7705, 0.7705, 0.7705, 0.7705, 0.7705, 0.7705, 0.7705, 0.7705, 0.7705, 0.7705, 0.7705, 0.7705, 0.7705, 0.7705, 0.7705, 0.7705, 0.7705, 0.7705, 0.7705, 0.7705, 0.7705, 0.7705, 0.7705, 0.7705, 0.7705, 0.7705, 0.7705, 0.7705, 0.7705, 0.7705, 0.7705, 0.7705, 0.7705, 0.7705, 0.7705, 0.7705, 0.7705, 0.7705, 0.7705, 0.7705, 0.7705, 0.7705]","{""0"": 0.7652, ""1"": 0.8659, ""2"": 0.8407, ""3"": 0.8373, ""4"": 0.4515, ""5"": 0.8623, ""6"": 0.6481, ""7"": 0.864}","[1.0, 1.0, 1.0, 0.8333, 1.0, 0.9, 1.0, 1.0, 1.0, 0.75, 0.75, 0.6, 0.5714, 0.1667, 0.8571, 1.0, 0.7778, 0.75, 0.7, 1.0, 0.75, 0.25, 0.8182, 0.0, 0.75, 1.0, 0.8571, 1.0, 0.5714, 0.0, 0.8333, 0.0, 0.8, 0.0833, 0.8333, 0.8333, 0.75, 0.0, 1.0, 0.0, 0.9, 0.0, 0.7778, 0.8571, 0.7778, 0.0, 0.8, 0.0, 0.625, 0.0, 1.0, 0.8333, 0.9091, 0.0, 1.0, 0.0, 0.8333, 0.0, 0.875, 1.0, 0.8, 0.0, 0.8, 0.2, 1.0, 1.0, 0.8571, 0.875, 1.0, 0.0, 1.0, 0.125, 1.0, 0.25, 1.0, 1.0, 0.8, 0.25, 0.8, 0.0, 1.0, 0.9091, 0.7143, 0.6364, 0.8571, 0.0, 0.6667, 0.25, 0.6667, 0.8333, 0.8, 0.8333, 0.7143, 0.0, 0.875, 1.0, 0.625, 0.7273, 0.6667, 0.8333, 0.7778, 0.0, 1.0, 0.5, 1.0, 0.8889, 1.0, 0.8333, 1.0, 0.8, 1.0, 1.0, 1.0, 0.9231, 1.0, 1.0, 1.0, 0.875, 0.8182, 0.8889, 1.0, 0.9091, 0.8571, 0.75, 0.8333, 0.875, 0.8889, 0.8571, 1.0, 0.8333, 0.8333, 0.7778, 1.0, 1.0, 0.875, 0.9, 0.6667, 0.9167, 0.7, 0.5, 1.0, 1.0, 0.875, 0.6, 0.75, 1.0, 1.0, 1.0, 0.7143, 0.8333, 0.8571, 0.8571, 0.5714, 1.0, 1.0, 0.7778, 0.625, 0.8, 0.8889, 0.6667, 1.0, 1.0, 1.0, 0.9167, 0.875, 0.7778, 1.0, 1.0, 0.875, 0.9167, 0.9091, 0.7273, 0.7778, 0.875, 0.8333, 0.7778, 0.8, 0.8182, 1.0, 0.9, 0.75, 1.0, 0.8889, 1.0, 0.875, 0.8889, 0.8, 0.8, 1.0, 1.0, 0.8333, 1.0, 1.0, 1.0, 0.8, 0.7273, 1.0, 0.625, 0.8571, 0.8571, 0.9167, 1.0, 0.8889, 0.9, 1.0, 0.7143, 0.6, 0.9091, 1.0, 0.875, 0.8182, 0.8182, 0.8571, 0.7143, 0.7273, 0.8571, 0.6, 0.9091, 0.8333, 0.8571, 1.0, 0.1111, 0.75, 0.8333, 0.8571, 1.0, 1.0, 0.8333, 0.8333, 0.1429, 0.7, 1.0, 0.8571, 0.8, 1.0, 0.875, 0.7143, 0.1, 0.9, 1.0, 1.0, 0.75, 0.9, 1.0, 0.9167, 0.1667, 1.0, 1.0, 0.9231, 0.8]","[0, 5, 6, 10, 17, 21, 28, 33, 34, 35, 38, 44, 46, 48, 52, 54, 58, 59, 62, 65, 66, 67, 68, 70, 74, 80, 81, 104, 107, 109, 113, 114, 115, 116, 117, 118, 126, 130, 136, 137, 138, 139, 140, 141, 142, 150, 151, 158, 159, 161, 163, 165, 172, 178, 180, 182, 184, 185, 192, 199, 200, 205, 208, 211, 212, 217, 221, 227, 228, 229, 232, 234, 237, 241, 242, 243, 244, 247, 248]"
champions,0:24,24,champions,0.571,0.571,0.571,1.0,0.571,0.0,23,True,1142,0,285,573,0,"[0.05, 0.087, 0.1375, 0.189, 0.237, 0.2755, 0.3145, 0.3555, 0.389, 0.4185, 0.442, 0.4625, 0.484, 0.503, 0.516, 0.527, 0.54, 0.5475, 0.5565, 0.562, 0.5665, 0.5695, 0.571, 0.571, 0.571, 0.571, 0.571, 0.571, 0.571, 0.571, 0.571, 0.571, 0.571, 0.571, 0.571, 0.571, 0.571, 0.571, 0.571, 0.571, 0.571, 0.571, 0.571, 0.571, 0.571, 0.571, 0.571, 0.571, 0.571, 0.571, 0.571, 0.571, 0.571, 0.571, 0.571, 0.571, 0.571, 0.571, 0.571, 0.571, 0.571, 0.571, 0.571, 0.571, 0.571, 0.571, 0.571, 0.571, 0.571, 0.571, 0.571, 0.571, 0.571, 0.571, 0.571, 0.571, 0.571, 0.571, 0.571, 0.571, 0.571, 0.571, 0.571, 0.571, 0.571, 0.571, 0.571, 0.571, 0.571, 0.571, 0.571, 0.571, 0.571, 0.571, 0.571, 0.571, 0.571, 0.571, 0.571, 0.571, 0.571]","{""0"": 0.7614, ""1"": 0.6545, ""2"": 0.6481, ""3"": 0.8413, ""4"": 0.0338, ""5"": 0.502, ""6"": 0.4549, ""7"": 0.616}","[1.0, 1.0, 1.0, 0.0, 1.0, 0.1, 1.0, 0.0, 1.0, 0.75, 0.75, 0.0, 0.5714, 0.0, 0.8571, 0.0, 0.3333, 0.75, 0.7, 0.1111, 0.75, 0.0, 0.9091, 0.0, 0.0, 1.0, 0.8571, 0.125, 0.4286, 0.0, 0.8333, 0.0, 0.0, 0.0, 0.6667, 0.0, 0.75, 0.0, 1.0, 0.75, 0.0, 0.0, 0.2222, 0.0, 0.7778, 0.0, 1.0, 1.0, 0.0, 0.0, 0.0, 0.8333, 0.9091, 0.0, 1.0, 1.0, 0.0, 0.0, 0.0, 1.0, 0.8, 0.0, 0.6, 1.0, 0.0, 1.0, 0.0, 0.875, 1.0, 0.1111, 0.9091, 0.875, 0.0, 0.25, 0.0, 1.0, 0.9, 0.25, 0.8, 0.9, 0.1429, 0.9091, 0.0, 0.6364, 0.8571, 0.0, 0.7778, 0.75, 0.0, 0.8333, 0.1, 0.8333, 0.7143, 0.0, 0.125, 1.0, 0.25, 0.7273, 0.0, 0.8333, 0.8889, 0.1111, 0.0, 0.5, 1.0, 0.8889, 1.0, 0.8333, 1.0, 0.0, 0.0, 1.0, 1.0, 0.8462, 1.0, 1.0, 0.8333, 0.0, 0.0, 0.8889, 1.0, 0.9091, 0.8571, 0.75, 0.9167, 0.0, 0.0, 0.8571, 1.0, 0.8333, 0.8333, 0.7778, 1.0, 0.0, 0.125, 0.9, 0.6667, 0.9167, 0.6, 0.5, 1.0, 0.0, 0.125, 0.6, 0.75, 1.0, 1.0, 1.0, 0.7143, 0.0, 0.0, 0.8571, 0.5714, 1.0, 1.0, 0.7778, 0.625, 0.0, 0.2222, 0.1667, 1.0, 1.0, 1.0, 1.0, 0.875, 0.0, 0.0, 0.0, 0.875, 0.9167, 0.9091, 0.7273, 0.6667, 0.0, 0.1667, 0.0, 0.8, 0.8182, 1.0, 0.9, 0.75, 0.1, 0.0, 0.0, 0.875, 0.8889, 0.8, 0.8, 1.0, 0.0, 0.1667, 0.0, 1.0, 1.0, 0.8, 0.7273, 1.0, 0.0, 0.0, 0.1429, 0.9167, 1.0, 0.8889, 0.9, 1.0, 0.0, 0.6, 0.0, 1.0, 0.875, 0.8182, 0.8182, 1.0, 0.0, 0.7273, 0.0, 0.6, 0.9091, 0.9167, 0.8571, 1.0, 0.0, 0.75, 0.0, 0.8571, 1.0, 1.0, 0.8333, 0.75, 0.0, 0.7, 0.0, 0.8571, 0.8, 0.8571, 0.0, 0.7143, 0.2, 0.9, 0.0, 1.0, 0.75, 0.8, 0.0, 0.9167, 0.0, 1.0, 0.0, 0.9231, 0.9]","[0, 1, 4, 5, 6, 18, 19, 22, 34, 46, 47, 52, 60, 67, 69, 70, 71, 76, 80, 86, 91, 99, 100, 101, 107, 111, 113, 115, 120, 121, 122, 124, 128, 129, 130, 137, 148, 155, 161, 163, 169, 170, 171, 172, 177, 179, 181, 187, 190, 192, 196, 199, 200, 203, 208, 210, 211, 212, 217, 218, 228, 230, 233, 237, 244, 249]"
cluster,0:24,24,cluster,0.206,0.206,0.206,1.0,0.206,-0.0,23,True,412,0,285,1303,0,"[0.05, 0.063, 0.0815, 0.0965, 0.109, 0.1215, 0.13, 0.139, 0.1455, 0.151, 0.1555, 0.1585, 0.165, 0.172, 0.178, 0.182, 0.1865, 0.194, 0.199, 0.203, 0.205, 0.2055, 0.206, 0.206, 0.206, 0.206, 0.206, 0.206, 0.206, 0.206, 0.206, 0.206, 0.206, 0.206, 0.206, 0.206, 0.206, 0.206, 0.206, 0.206, 0.206, 0.206, 0.206, 0.206, 0.206, 0.206, 0.206, 0.206, 0.206, 0.206, 0.206, 0.206, 0.206, 0.206, 0.206, 0.206, 0.206, 0.206, 0.206, 0.206, 0.206, 0.206, 0.206, 0.206, 0.206, 0.206, 0.206, 0.206, 0.206, 0.206, 0.206, 0.206, 0.206, 0.206, 0.206, 0.206, 0.206, 0.206, 0.206, 0.206, 0.206, 0.206, 0.206, 0.206, 0.206, 0.206, 0.206, 0.206, 0.206, 0.206, 0.206, 0.206, 0.206, 0.206, 0.206, 0.206, 0.206, 0.206, 0.206, 0.206, 0.206]","{""0"": 0.3485, ""1"": 0.3089, ""2"": 0.0296, ""3"": 0.4087, ""4"": 0.1899, ""5"": 0.004, ""6"": 0.3348, ""7"": 0.036}","[0.2222, 0.0, 0.0, 0.0, 0.0, 0.0, 0.0, 1.0, 0.0, 0.0, 1.0, 0.0, 0.0, 0.8333, 0.0, 1.0, 0.0, 0.0, 0.0, 0.0, 0.0, 1.0, 0.0, 0.0, 0.0, 0.0, 0.0, 0.0, 0.0, 1.0, 0.0, 0.0, 0.0, 0.0, 0.0, 0.0, 0.0, 0.8, 0.0, 0.0, 0.0, 0.0, 0.0, 0.0, 0.0, 1.0, 0.0, 0.0, 0.375, 0.0, 0.0, 0.0, 0.0, 0.875, 0.0, 0.0, 1.0, 0.0, 0.0, 0.3, 0.0, 0.4444, 0.2, 0.0, 0.0, 0.0, 0.0, 0.0, 0.0, 0.0, 0.0, 0.0, 0.0, 0.0, 0.0, 0.0, 0.0, 0.0, 0.0, 0.0, 0.0, 0.0, 0.0, 0.0, 0.0, 0.0, 0.0, 0.0, 0.0, 0.0, 0.0, 0.0, 0.0, 0.0, 0.0, 0.0, 0.0, 0.0, 0.0, 0.0, 0.0, 0.0, 0.0, 0.0, 0.0, 0.0, 0.0, 0.0, 0.0, 0.0, 0.0, 0.0, 0.0, 0.1538, 0.0, 0.0, 0.0, 0.0, 0.0, 0.0, 0.0, 0.9091, 0.0, 0.0, 0.0, 0.0, 0.0, 0.0, 0.0, 0.8333, 0.0, 0.0, 1.0, 0.0, 0.0, 0.0, 0.0, 0.9167, 0.1, 0.0, 1.0, 0.0, 0.0, 0.0, 0.0, 1.0, 1.0, 0.0, 1.0, 0.0, 0.0, 0.0, 0.0, 1.0, 1.0, 0.0, 0.625, 0.0, 0.0, 0.0, 0.0, 1.0, 1.0, 0.0, 0.875, 0.0, 0.0, 0.0, 0.0, 1.0, 0.9091, 0.0, 0.6667, 0.0, 0.0, 0.0, 0.0, 0.8182, 1.0, 0.0, 0.75, 0.0, 0.0, 1.0, 0.0, 0.8889, 0.8, 0.0, 1.0, 0.0, 0.0, 1.0, 0.0, 1.0, 0.8, 0.0, 1.0, 0.0, 0.0, 0.8571, 0.0, 0.0, 0.8889, 0.1, 1.0, 0.0, 0.0, 0.9091, 0.0, 0.0, 1.0, 0.0, 0.8571, 0.0, 0.0, 0.8571, 0.0, 0.0, 0.0, 0.0, 1.0, 0.0, 0.0, 0.8333, 0.0, 1.0, 0.0, 0.0, 0.75, 0.0, 0.0, 1.0, 0.0, 0.0, 0.1429, 0.0, 0.7143, 0.0, 0.0, 1.0, 0.0, 0.0, 0.0, 0.4444, 0.0833, 0.0, 0.0, 1.0, 0.0, 0.0]","[10, 29, 45, 56, 140, 148, 169, 188, 210, 225, 243, 247]"
one_per_team,0:24,24,one_per_team,0.729,0.729,0.729,1.0,0.729,0.0,53,True,1458,0,280,262,0,"[0.05, 0.0715, 0.086, 0.107, 0.135, 0.156, 0.1755, 0.191, 0.2045, 0.2215, 0.237, 0.25, 0.2615, 0.274, 0.289, 0.305, 0.3195, 0.33, 0.3405, 0.355, 0.371, 0.3875, 0.4075, 0.425, 0.445, 0.4655, 0.481, 0.4965, 0.5155, 0.5345, 0.549, 0.5615, 0.574, 0.587, 0.6015, 0.6155, 0.6265, 0.642, 0.655, 0.6715, 0.6865, 0.694, 0.701, 0.708, 0.712, 0.713, 0.7155, 0.718, 0.7195, 0.722, 0.7235, 0.726, 0.729, 0.729, 0.729, 0.729, 0.729, 0.729, 0.729, 0.729, 0.729, 0.729, 0.729, 0.729, 0.729, 0.729, 0.729, 0.729, 0.729, 0.729, 0.729, 0.729, 0.729, 0.729, 0.729, 0.729, 0.729, 0.729, 0.729, 0.729, 0.729, 0.729, 0.729, 0.729, 0.729, 0.729, 0.729, 0.729, 0.729, 0.729, 0.729, 0.729, 0.729, 0.729, 0.729, 0.729, 0.729, 0.729, 0.729, 0.729, 0.729]","{""0"": 0.8674, ""1"": 0.5894, ""2"": 0.8556, ""3"": 0.5992, ""4"": 0.4599, ""5"": 0.8462, ""6"": 0.9013, ""7"": 0.692}","[1.0, 1.0, 0.0, 0.8333, 1.0, 0.0, 1.0, 1.0, 1.0, 0.75, 0.125, 0.7, 0.5714, 0.0, 0.8571, 1.0, 0.7778, 0.75, 0.0, 1.0, 1.0, 0.0, 0.8182, 0.6667, 0.75, 1.0, 0.0, 1.0, 0.5714, 0.125, 0.8333, 0.875, 0.8, 0.6667, 0.0, 1.0, 0.5, 0.0, 1.0, 0.75, 0.9, 0.8889, 0.0, 0.8571, 0.1111, 0.1111, 0.8, 1.0, 0.625, 0.75, 1.0, 0.8333, 0.0909, 0.25, 1.0, 1.0, 0.8333, 0.8571, 0.875, 1.0, 0.0, 0.0, 0.6, 1.0, 1.0, 1.0, 0.8571, 0.875, 0.0, 0.0, 0.9091, 0.875, 1.0, 0.25, 1.0, 1.0, 0.0, 0.25, 0.8, 1.0, 0.8571, 0.9091, 0.7143, 0.6364, 0.0, 0.2, 0.6667, 0.75, 0.7778, 0.8333, 0.8, 0.8333, 0.0, 0.7, 0.875, 1.0, 0.625, 0.8182, 0.6667, 0.8333, 0.1111, 0.8889, 1.0, 0.5, 1.0, 0.8889, 1.0, 0.6667, 1.0, 1.0, 1.0, 1.0, 1.0, 0.8462, 1.0, 1.0, 0.8333, 0.875, 0.7273, 0.8889, 1.0, 0.9091, 0.9286, 0.75, 0.8333, 0.875, 0.8889, 0.8571, 1.0, 0.8333, 0.8333, 0.8889, 1.0, 1.0, 0.875, 0.9, 0.6667, 0.9167, 0.6, 0.5, 1.0, 1.0, 1.0, 0.8, 0.75, 1.0, 1.0, 1.0, 0.7143, 0.8333, 0.7143, 0.8571, 0.5714, 1.0, 1.0, 0.8889, 0.625, 0.8, 0.7778, 0.6667, 0.125, 1.0, 1.0, 1.0, 0.875, 0.7778, 1.0, 1.0, 0.125, 0.9167, 0.9091, 0.7273, 0.6667, 0.875, 0.8333, 0.7778, 0.2, 0.8182, 1.0, 0.9, 0.75, 1.0, 0.8889, 1.0, 0.125, 0.8889, 0.8, 0.8, 1.0, 1.0, 0.8333, 1.0, 0.0, 1.0, 0.8, 0.7273, 1.0, 0.75, 0.8571, 0.8571, 0.0, 1.0, 0.8889, 0.9, 1.0, 0.7143, 0.6, 0.9091, 1.0, 0.875, 0.9091, 0.8182, 0.8571, 0.1429, 0.7273, 0.8571, 0.6, 0.9091, 0.0, 0.8571, 1.0, 0.0, 0.75, 0.8333, 0.8571, 1.0, 0.0, 0.8333, 0.75, 0.0, 0.7, 1.0, 0.8571, 0.8, 0.1429, 0.875, 0.7143, 0.0, 0.9, 1.0, 1.0, 0.75, 0.0, 1.0, 0.9167, 0.0, 1.0, 1.0, 0.9231, 0.8]","[1, 10, 11, 15, 20, 22, 27, 28, 29, 35, 36, 45, 50, 52, 53, 56, 57, 63, 65, 67, 71, 75, 79, 87, 88, 90, 91, 95, 97, 102, 104, 106, 108, 109, 111, 113, 114, 115, 116, 119, 120, 121, 122, 127, 128, 129, 130, 131, 135, 138, 139, 140, 141, 142, 143, 144, 145, 147, 148, 150, 155, 161, 163, 167, 168, 169, 173, 176, 177, 178, 181, 185, 187, 188, 189, 190, 191, 194, 197, 198, 202, 205, 208, 210, 214, 219, 223, 224, 225, 227, 232, 235, 236, 241, 243, 244, 246, 247, 248, 249]"
random,0:25,25,random,0.8025,0.8025,0.8025,1.0,0.8025,0.0,63,True,1605,0,278,117,0,"[0.05, 0.068, 0.083, 0.099, 0.1225, 0.1495, 0.181, 0.216, 0.2465, 0.285, 0.3205, 0.349, 0.3725, 0.389, 0.4095, 0.4245, 0.4365, 0.45, 0.4675, 0.478, 0.4855, 0.4935, 0.5, 0.5085, 0.5135, 0.519, 0.5215, 0.527, 0.5365, 0.542, 0.547, 0.5555, 0.569, 0.584, 0.5965, 0.611, 0.627, 0.6395, 0.6485, 0.6545, 0.66, 0.6675, 0.6785, 0.688, 0.7005, 0.7165, 0.7305, 0.744, 0.752, 0.7575, 0.763, 0.769, 0.7745, 0.7805, 0.785, 0.787, 0.79, 0.792, 0.794, 0.797, 0.8, 0.802, 0.8025, 0.8025, 0.8025, 0.8025, 0.8025, 0.8025, 0.8025, 0.8025, 0.8025, 0.8025, 0.8025, 0.8025, 0.8025, 0.8025, 0.8025, 0.8025, 0.8025, 0.8025, 0.8025, 0.8025, 0.8025, 0.8025, 0.8025, 0.8025, 0.8025, 0.8025, 0.8025, 0.8025, 0.8025, 0.8025, 0.8025, 0.8025, 0.8025, 0.8025, 0.8025, 0.8025, 0.8025, 0.8025, 0.8025]","{""0"": 0.876, ""1"": 0.8722, ""2"": 0.5637, ""3"": 0.8293, ""4"": 0.6972, ""5"": 0.8508, ""6"": 0.8764, ""7"": 0.8685}","[0.6667, 1.0, 0.9, 0.7143, 0.8, 1.0, 1.0, 1.0, 0.8571, 0.8333, 0.5, 0.1, 0.6667, 0.625, 0.7143, 1.0, 0.8571, 0.7143, 1.0, 0.0, 0.8889, 0.5, 0.7778, 0.8182, 0.8333, 1.0, 0.7143, 0.0, 1.0, 0.1429, 0.6667, 0.8182, 1.0, 1.0, 0.8571, 0.0, 0.6667, 0.0, 0.8, 0.8, 0.875, 0.8333, 1.0, 0.0, 0.9, 0.0, 1.0, 1.0, 0.8571, 1.0, 1.0, 0.0, 0.7143, 0.0, 0.8182, 0.5714, 1.0, 0.8182, 0.8, 0.0, 0.8, 0.1667, 0.8182, 1.0, 1.0, 0.8571, 0.8889, 0.0, 0.8571, 0.0, 1.0, 0.875, 0.8889, 0.9, 1.0, 0.0, 0.5, 0.8889, 0.8571, 0.875, 0.6667, 0.75, 1.0, 0.0, 0.7143, 1.0, 0.8, 1.0, 0.8, 1.0, 1.0, 0.5, 1.0, 1.0, 0.7778, 1.0, 0.625, 0.875, 0.8667, 0.9091, 1.0, 0.7778, 0.625, 0.6667, 0.7143, 0.875, 0.8333, 0.9167, 0.4, 0.7778, 1.0, 1.0, 0.8182, 1.0, 1.0, 0.75, 1.0, 1.0, 0.8889, 0.8571, 0.8889, 0.9091, 0.75, 0.875, 0.9, 0.6667, 1.0, 1.0, 0.8889, 0.8333, 0.875, 0.8, 0.8571, 0.8571, 0.75, 0.75, 0.5556, 0.75, 0.7778, 0.9091, 0.8182, 0.8, 0.7, 0.9, 0.75, 0.5, 1.0, 1.0, 0.8182, 1.0, 1.0, 0.8333, 1.0, 0.9, 0.875, 0.8571, 0.75, 0.8333, 0.5714, 0.8, 0.8889, 1.0, 0.75, 0.7778, 1.0, 0.6667, 0.9167, 0.7, 1.0, 1.0, 0.8571, 1.0, 1.0, 0.8571, 0.8333, 0.9, 1.0, 1.0, 0.8, 0.75, 0.8571, 0.8182, 0.6667, 0.7778, 0.8333, 0.8, 0.6667, 0.7143, 0.75, 1.0, 1.0, 1.0, 1.0, 0.8571, 0.8571, 1.0, 0.875, 1.0, 0.8333, 0.7778, 0.7143, 0.875, 0.8333, 0.8571, 0.9091, 1.0, 1.0, 0.9, 1.0, 0.8333, 0.75, 0.7778, 0.8571, 0.8, 0.875, 1.0, 0.8571, 0.6667, 0.875, 1.0, 1.0, 0.8, 1.0, 1.0, 1.0, 0.8333, 0.875, 1.0, 0.7333, 1.0, 1.0, 0.8, 0.9, 0.7778, 0.8333, 1.0, 0.8, 0.875, 0.875, 0.8571, 1.0, 1.0, 1.0, 0.7143, 1.0, 0.8333, 0.875, 1.0, 0.8571, 0.9]","[4, 8, 11, 16, 18, 20, 21, 24, 26, 29, 31, 32, 33, 36, 39, 41, 54, 57, 58, 62, 63, 70, 74, 76, 77, 84, 88, 89, 97, 98, 101, 102, 106, 107, 109, 111, 114, 115, 118, 119, 123, 124, 126, 127, 128, 130, 131, 133, 135, 138, 142, 148, 154, 157, 159, 161, 163, 167, 168, 179, 183, 188, 189, 190, 198, 205, 208, 209, 214, 218, 219, 225, 226, 227, 228, 231, 234, 238, 240]"
champions,0:25,25,champions,0.7065,0.7065,0.7065,1.0,0.7065,0.0,32,True,1413,0,282,305,0,"[0.05, 0.0905, 0.1345, 0.1725, 0.2165, 0.255, 0.2945, 0.3345, 0.371, 0.4085, 0.4345, 0.4605, 0.4845, 0.5, 0.517, 0.533, 0.552, 0.5735, 0.593, 0.606, 0.623, 0.6425, 0.655, 0.6655, 0.676, 0.685, 0.6915, 0.698, 0.7025, 0.705, 0.706, 0.7065, 0.7065, 0.7065, 0.7065, 0.7065, 0.7065, 0.7065, 0.7065, 0.7065, 0.7065, 0.7065, 0.7065, 0.7065, 0.7065, 0.7065, 0.7065, 0.7065, 0.7065, 0.7065, 0.7065, 0.7065, 0.7065, 0.7065, 0.7065, 0.7065, 0.7065, 0.7065, 0.7065, 0.7065, 0.7065, 0.7065, 0.7065, 0.7065, 0.7065, 0.7065, 0.7065, 0.7065, 0.7065, 0.7065, 0.7065, 0.7065, 0.7065, 0.7065, 0.7065, 0.7065, 0.7065, 0.7065, 0.7065, 0.7065, 0.7065, 0.7065, 0.7065, 0.7065, 0.7065, 0.7065, 0.7065, 0.7065, 0.7065, 0.7065, 0.7065, 0.7065, 0.7065, 0.7065, 0.7065, 0.7065, 0.7065, 0.7065, 0.7065, 0.7065, 0.7065]","{""0"": 0.8798, ""1"": 0.4449, ""2"": 0.6757, ""3"": 0.7276, ""4"": 0.8685, ""5"": 0.7097, ""6"": 0.8726, ""7"": 0.4422}","[0.8889, 1.0, 0.0, 0.0, 0.8, 1.0, 1.0, 1.0, 0.0, 0.8333, 0.0, 0.0, 0.6667, 0.625, 0.7143, 1.0, 0.0, 0.7143, 0.0, 0.75, 0.8889, 0.5, 0.7778, 0.8182, 0.0, 1.0, 0.0, 0.8889, 1.0, 1.0, 0.6667, 0.8182, 0.0, 1.0, 0.0, 1.0, 0.6667, 0.6667, 0.8, 0.8, 0.125, 0.6667, 0.0, 0.8333, 0.9, 1.0, 1.0, 1.0, 0.0, 1.0, 0.1429, 0.8333, 0.7143, 0.8182, 0.8182, 0.5714, 0.0, 0.8182, 0.6, 0.875, 0.8, 1.0, 0.7273, 1.0, 0.0, 0.8571, 0.8889, 0.8889, 0.0, 0.8333, 1.0, 0.875, 0.1111, 0.9, 1.0, 0.8889, 0.0, 0.8889, 0.8571, 0.875, 0.1111, 0.75, 1.0, 0.6364, 0.0, 1.0, 0.8, 1.0, 0.7, 1.0, 1.0, 0.75, 0.0, 1.0, 0.7778, 1.0, 0.625, 0.875, 0.9333, 0.9091, 0.0, 0.7778, 0.5, 0.6667, 0.7143, 0.875, 0.8333, 0.9167, 0.4, 0.7778, 0.0, 1.0, 0.8182, 1.0, 1.0, 0.75, 1.0, 1.0, 0.0, 0.7143, 0.8889, 0.9091, 0.75, 1.0, 0.9, 0.6667, 0.0, 1.0, 0.7778, 0.8333, 0.875, 0.8, 0.8571, 0.8571, 0.25, 0.75, 0.5556, 0.75, 0.7778, 0.9091, 0.8182, 0.8, 0.1, 0.9, 0.75, 0.5, 1.0, 1.0, 0.8182, 1.0, 0.8, 0.8333, 1.0, 0.9, 0.75, 0.8571, 0.75, 0.8333, 0.5714, 0.8, 1.0, 1.0, 0.5, 0.7778, 1.0, 0.6667, 0.9167, 0.7, 1.0, 1.0, 0.0, 1.0, 1.0, 0.8571, 0.8333, 0.9, 1.0, 1.0, 0.0, 0.875, 0.8571, 0.8182, 0.6667, 0.6667, 0.8333, 0.8, 0.0, 0.7143, 0.75, 0.9091, 0.8889, 1.0, 1.0, 0.8571, 0.0, 1.0, 0.875, 1.0, 0.8333, 0.7778, 0.7143, 0.875, 0.1667, 0.8571, 0.9091, 1.0, 1.0, 0.9, 0.2727, 0.8333, 0.0, 0.0, 0.8571, 0.8, 0.875, 1.0, 0.0, 0.6667, 0.0, 0.0, 1.0, 0.9, 1.0, 1.0, 0.2, 0.8333, 0.0, 0.0, 0.7333, 1.0, 1.0, 0.9, 0.1, 0.8889, 0.0, 0.0, 0.8, 0.875, 0.875, 0.8571, 0.0, 1.0, 0.0, 0.0, 1.0, 0.8333, 0.875, 1.0, 0.0, 0.9]","[0, 4, 20, 25, 27, 31, 33, 39, 40, 45, 53, 57, 62, 63, 70, 71, 80, 81, 83, 86, 88, 89, 95, 98, 107, 112, 115, 120, 122, 123, 131, 133, 134, 139, 142, 143, 144, 152, 157, 160, 166, 167, 171, 175, 179, 188, 189, 190, 196, 198, 202, 204, 205, 206, 208, 214, 221, 228, 231, 233]"
cluster,0:25,25,cluster,0.364,0.364,0.364,1.0,0.364,0.0,38,True,728,0,281,991,0,"[0.05, 0.0695, 0.0895, 0.1105, 0.127, 0.1425, 0.1545, 0.168, 0.1835, 0.2025, 0.215, 0.224, 0.232, 0.2395, 0.2455, 0.2495, 0.2545, 0.2615, 0.27, 0.28, 0.292, 0.299, 0.3065, 0.3105, 0.314, 0.3175, 0.3215, 0.3285, 0.335, 0.339, 0.3435, 0.3495, 0.3545, 0.359, 0.3605, 0.3615, 0.363, 0.364, 0.364, 0.364, 0.364, 0.364, 0.364, 0.364, 0.364, 0.364, 0.364, 0.364, 0.364, 0.364, 0.364, 0.364, 0.364, 0.364, 0.364, 0.364, 0.364, 0.364, 0.364, 0.364, 0.364, 0.364, 0.364, 0.364, 0.364, 0.364, 0.364, 0.364, 0.364, 0.364, 0.364, 0.364, 0.364, 0.364, 0.364, 0.364, 0.364, 0.364, 0.364, 0.364, 0.364, 0.364, 0.364, 0.364, 0.364, 0.364, 0.364, 0.364, 0.364, 0.364, 0.364, 0.364, 0.364, 0.364, 0.364, 0.364, 0.364, 0.364, 0.364, 0.364, 0.364]","{""0"": 0.5155, ""1"": 0.0969, ""2"": 0.251, ""3"": 0.4472, ""4"": 0.6932, ""5"": 0.5605, ""6"": 0.0077, ""7"": 0.3307}","[0.4444, 1.0, 0.0, 0.0, 0.0, 1.0, 1.0, 0.0, 0.7143, 0.8333, 0.0, 0.0, 0.0, 0.625, 1.0, 0.2, 0.7143, 0.0, 0.0, 0.0, 0.0, 0.5, 0.7778, 0.0, 1.0, 0.0, 0.0, 0.0, 0.0, 0.0, 0.6667, 0.0, 0.8889, 0.0, 0.0, 0.0, 0.1111, 0.0, 0.8, 0.0, 0.875, 0.0, 0.0, 0.0, 0.0, 0.0, 1.0, 0.0, 0.8571, 0.0, 0.1429, 0.0, 0.1429, 0.0, 0.8182, 0.0, 1.0, 0.0909, 0.6, 0.0, 0.0, 0.1667, 0.7273, 0.0, 0.0, 0.0, 0.8889, 0.0, 0.0, 0.0, 1.0, 0.0, 0.0, 0.0, 1.0, 0.0, 0.0, 0.8889, 0.8571, 0.0, 0.0, 0.0, 0.0, 0.0, 0.0, 1.0, 0.8, 0.0, 0.1, 0.0833, 0.0, 0.0, 0.0, 1.0, 0.7778, 0.0, 0.0, 0.0, 0.0, 0.1818, 0.0, 0.8889, 1.0, 0.0, 0.0, 0.0, 0.0, 0.0833, 0.4, 0.7778, 1.0, 0.0, 0.0, 1.0, 0.0, 0.75, 1.0, 1.0, 0.0, 0.0, 0.0, 0.9091, 0.0, 1.0, 0.9, 0.6667, 0.0, 0.0, 0.0, 0.8333, 0.0, 0.8, 0.8571, 0.7857, 0.0, 0.0, 0.1111, 1.0, 0.0, 0.9091, 0.8182, 0.8, 0.0, 0.0, 0.0, 0.5, 0.0, 1.0, 0.8182, 1.0, 0.0, 0.0, 0.1, 0.9, 0.0, 0.8571, 0.75, 0.8333, 0.0, 0.0, 0.0, 1.0, 0.0, 0.7778, 1.0, 0.6667, 0.0, 0.0, 0.0, 1.0, 0.0, 1.0, 1.0, 1.0, 0.0, 0.0, 0.0, 1.0, 0.0, 0.125, 1.0, 0.8182, 0.0, 0.0, 0.0, 0.8, 0.0, 0.0, 0.75, 0.9091, 0.0, 0.0, 0.0, 1.0, 0.0, 0.0, 1.0, 1.0, 0.0, 0.1111, 0.0, 0.875, 0.0, 0.0, 0.9091, 1.0, 1.0, 0.0, 0.0, 0.8333, 0.0, 0.0, 0.8571, 0.8, 0.875, 0.0, 0.8571, 0.6667, 0.0, 0.0, 1.0, 0.8, 1.0, 0.0, 1.0, 0.8333, 0.0, 0.0, 0.0, 1.0, 1.0, 0.0, 0.9, 0.7778, 0.0, 0.0, 0.0, 0.875, 0.875, 0.0, 1.0, 1.0, 0.0, 0.0, 0.0, 0.8333, 0.875, 0.0, 0.8571, 0.9]","[1, 14, 24, 56, 74, 101, 102, 123, 137, 173, 180, 193, 196, 240]"
one_per_team,0:25,25,one_per_team,0.6015,0.6015,0.6015,1.0,0.6015,0.0,49,True,1203,0,285,512,0,"[0.05, 0.0685, 0.0805, 0.0985, 0.1205, 0.1495, 0.183, 0.216, 0.2385, 0.2515, 0.267, 0.281, 0.297, 0.3095, 0.322, 0.331, 0.3455, 0.361, 0.3745, 0.3875, 0.393, 0.4025, 0.413, 0.424, 0.4325, 0.439, 0.449, 0.466, 0.481, 0.494, 0.5105, 0.523, 0.535, 0.548, 0.5595, 0.5715, 0.581, 0.585, 0.5885, 0.5895, 0.591, 0.592, 0.5945, 0.5955, 0.598, 0.599, 0.5995, 0.601, 0.6015, 0.6015, 0.6015, 0.6015, 0.6015, 0.6015, 0.6015, 0.6015, 0.6015, 0.6015, 0.6015, 0.6015, 0.6015, 0.6015, 0.6015, 0.6015, 0.6015, 0.6015, 0.6015, 0.6015, 0.6015, 0.6015, 0.6015, 0.6015, 0.6015, 0.6015, 0.6015, 0.6015, 0.6015, 0.6015, 0.6015, 0.6015, 0.6015, 0.6015, 0.6015, 0.6015, 0.6015, 0.6015, 0.6015, 0.6015, 0.6015, 0.6015, 0.6015, 0.6015, 0.6015, 0.6015, 0.6015, 0.6015, 0.6015, 0.6015, 0.6015, 0.6015, 0.6015]","{""0"": 0.4302, ""1"": 0.837, ""2"": 0.5135, ""3"": 0.7073, ""4"": 0.8008, ""5"": 0.6371, ""6"": 0.0849, ""7"": 0.8526}","[0.5556, 1.0, 0.9, 0.2857, 0.0, 1.0, 1.0, 0.0, 0.7143, 0.8333, 0.5, 0.0, 0.6667, 0.625, 0.8571, 1.0, 0.7143, 0.0, 1.0, 0.0, 0.7778, 0.5, 0.7778, 0.0909, 0.8333, 0.0, 0.5714, 0.0, 1.0, 1.0, 0.6667, 0.1818, 0.8889, 0.0, 0.8571, 0.0, 0.6667, 0.6667, 0.8, 0.0, 0.875, 0.0, 1.0, 0.0, 0.9, 0.0, 1.0, 0.2857, 0.8571, 0.0, 1.0, 0.0, 0.7143, 0.3636, 0.9091, 0.0, 1.0, 0.0909, 0.8, 0.125, 0.8, 1.0, 0.7273, 0.0909, 1.0, 0.1429, 0.8889, 0.0, 0.8571, 0.8333, 1.0, 0.0, 0.8889, 0.1, 1.0, 0.0, 0.5, 0.8889, 0.8571, 0.0, 0.6667, 0.0, 1.0, 0.0, 0.7143, 1.0, 0.8, 0.1429, 0.7, 0.0833, 1.0, 0.0, 1.0, 1.0, 0.7778, 0.0, 0.625, 0.0, 0.8667, 0.0, 1.0, 0.8889, 0.5, 0.0, 0.7143, 0.25, 0.8333, 0.9167, 0.4, 0.7778, 0.0, 0.0, 0.8182, 0.0, 1.0, 0.875, 1.0, 1.0, 0.1111, 0.1429, 0.8889, 0.0, 0.75, 0.875, 0.9, 0.6667, 0.0, 0.3, 0.7778, 0.0, 0.875, 0.8, 0.8571, 0.7857, 0.125, 0.125, 0.5556, 0.375, 0.7778, 1.0, 0.8182, 0.8, 0.0, 0.0, 0.875, 0.375, 1.0, 1.0, 0.8182, 1.0, 0.0, 0.0, 1.0, 0.9, 0.75, 0.8571, 0.75, 0.8333, 0.0, 0.0, 0.8889, 1.0, 0.75, 0.7778, 1.0, 0.6667, 0.0, 0.3, 1.0, 1.0, 0.8571, 1.0, 1.0, 1.0, 0.8333, 0.0, 1.0, 1.0, 0.8, 0.75, 0.8571, 0.8182, 0.6667, 0.0, 0.8333, 0.8, 0.5, 0.7143, 0.75, 1.0, 0.8889, 0.0, 1.0, 0.8571, 0.1429, 1.0, 0.875, 1.0, 0.8333, 0.1111, 0.7143, 0.875, 0.8333, 0.8571, 0.9091, 1.0, 1.0, 0.0, 1.0, 0.8333, 0.75, 0.7778, 0.8571, 0.9, 0.875, 0.1429, 0.8571, 0.6667, 0.875, 1.0, 1.0, 0.8, 1.0, 0.0, 1.0, 0.8333, 0.875, 1.0, 0.0, 1.0, 1.0, 0.0, 0.9, 0.7778, 0.8333, 1.0, 0.0, 0.875, 0.875, 0.0, 1.0, 1.0, 1.0, 0.7143, 0.0, 0.8333, 0.875, 0.0, 0.8571, 0.9]","[1, 2, 5, 13, 14, 15, 20, 22, 24, 29, 31, 42, 44, 47, 52, 53, 54, 56, 59, 60, 61, 62, 63, 65, 66, 68, 72, 73, 74, 77, 78, 80, 82, 85, 87, 92, 93, 100, 101, 102, 104, 105, 107, 114, 115, 117, 118, 119, 123, 127, 130, 132, 134, 135, 137, 139, 140, 144, 146, 147, 152, 156, 164, 167, 168, 170, 172, 173, 176, 178, 179, 180, 182, 187, 188, 189, 190, 193, 196, 197, 198, 206, 208, 210, 212, 213, 214, 215, 218, 219, 221, 222, 227, 232, 240, 241, 243, 246, 248, 249]"
random,0:26,26,random,0.5685,0.5685,0.5685,1.0,0.5685,0.0,22,True,1137,0,267,596,0,"[0.05, 0.072, 0.089, 0.1165, 0.157, 0.194, 0.217, 0.2445, 0.2755, 0.309, 0.343, 0.369, 0.399, 0.4305, 0.4645, 0.4895, 0.5115, 0.5245, 0.542, 0.5605, 0.568, 0.5685, 0.5685, 0.5685, 0.5685, 0.5685, 0.5685, 0.5685, 0.5685, 0.5685, 0.5685, 0.5685, 0.5685, 0.5685, 0.5685, 0.5685, 0.5685, 0.5685, 0.5685, 0.5685, 0.5685, 0.5685, 0.5685, 0.5685, 0.5685, 0.5685, 0.5685, 0.5685, 0.5685, 0.5685, 0.5685, 0.5685, 0.5685, 0.5685, 0.5685, 0.5685, 0.5685, 0.5685, 0.5685, 0.5685, 0.5685, 0.5685, 0.5685, 0.5685, 0.5685, 0.5685, 0.5685, 0.5685, 0.5685, 0.5685, 0.5685, 0.5685, 0.5685, 0.5685, 0.5685, 0.5685, 0.5685, 0.5685, 0.5685, 0.5685, 0.5685, 0.5685, 0.5685, 0.5685, 0.5685, 0.5685, 0.5685, 0.5685, 0.5685, 0.5685, 0.5685, 0.5685, 0.5685, 0.5685, 0.5685, 0.5685, 0.5685, 0.5685, 0.5685, 0.5685, 0.5685]","{""0"": 0.038, ""1"": 0.5974, ""2"": 0.8615, ""3"": 0.0824, ""4"": 0.563, ""5"": 0.8594, ""6"": 0.8685, ""7"": 0.6392}","[0.6667, 0.0, 0.75, 0.8182, 0.0, 0.0, 1.0, 1.0, 0.0, 0.2, 0.75, 1.0, 0.2222, 0.2, 0.8182, 1.0, 0.0, 0.0, 1.0, 1.0, 0.1818, 0.0, 0.6667, 0.8333, 0.0, 0.1429, 0.6667, 1.0, 0.0, 0.0, 0.7143, 0.8333, 0.0909, 0.0, 0.9, 0.8333, 0.0, 0.1667, 0.625, 0.75, 0.0, 0.25, 0.6667, 0.7778, 0.0, 0.0, 1.0, 1.0, 0.1111, 0.0, 0.8889, 0.9167, 0.0, 0.0714, 1.0, 0.875, 0.8571, 0.0, 0.6667, 0.8, 0.0, 0.1429, 0.875, 0.8889, 1.0, 0.1429, 1.0, 1.0, 0.25, 0.0, 0.8, 0.625, 1.0, 0.0, 0.8, 0.75, 0.0, 0.5714, 1.0, 0.6667, 0.9, 0.1667, 0.75, 1.0, 0.0, 0.8571, 1.0, 0.875, 1.0, 0.0, 1.0, 0.8571, 0.0, 0.8333, 0.5556, 0.8333, 0.7778, 0.0, 1.0, 0.8571, 0.0, 1.0, 1.0, 0.875, 1.0, 0.0, 0.75, 0.8, 0.1111, 1.0, 0.75, 0.7778, 0.8889, 0.0, 0.8889, 0.5714, 0.0, 0.6667, 0.6, 0.875, 1.0, 0.0, 1.0, 1.0, 0.2, 0.8333, 0.75, 0.75, 1.0, 0.1, 1.0, 1.0, 0.0, 0.9, 1.0, 1.0, 1.0, 0.0, 0.8, 0.8333, 0.0, 0.875, 1.0, 1.0, 0.8333, 0.0, 0.3333, 0.6, 0.0, 0.9167, 0.4444, 0.7143, 0.875, 0.0, 0.0, 0.7778, 0.0, 0.8889, 1.0, 0.8462, 0.9091, 0.1667, 0.0, 0.8333, 0.9, 1.0, 1.0, 1.0, 0.875, 0.1111, 0.1111, 0.5, 0.0, 1.0, 1.0, 0.875, 1.0, 0.0, 0.0, 0.75, 0.1429, 0.7778, 1.0, 1.0, 1.0, 0.0, 0.0, 0.8333, 0.0, 1.0, 0.5714, 0.9091, 0.625, 0.0, 0.0, 0.8571, 0.0, 1.0, 1.0, 0.6667, 0.8889, 0.0, 0.0, 1.0, 0.0, 0.8333, 1.0, 0.8889, 0.75, 0.0, 0.1111, 0.8333, 0.0, 0.7778, 0.8182, 1.0, 0.7778, 0.0, 0.0, 1.0, 0.2222, 0.2, 1.0, 0.8571, 0.0, 0.0, 1.0, 0.8571, 0.0, 0.5714, 1.0, 1.0, 0.0, 0.0, 0.8333, 0.8571, 0.0, 0.2143, 0.9231, 0.7778, 0.1667, 0.0, 0.875, 0.7778, 0.0, 0.0, 0.8571, 1.0, 0.1, 0.0]","[2, 3, 6, 7, 9, 12, 20, 25, 27, 34, 35, 41, 42, 43, 47, 50, 51, 53, 55, 58, 64, 66, 67, 68, 72, 75, 81, 86, 90, 91, 93, 98, 101, 103, 104, 108, 109, 110, 120, 124, 125, 127, 129, 131, 134, 135, 136, 139, 141, 142, 143, 144, 147, 152, 160, 161, 163, 164, 165, 166, 167, 169, 170, 173, 180, 187, 189, 191, 195, 198, 199, 205, 211, 214, 216, 220, 222, 226, 230, 231, 239, 243, 247, 248]"
champions,0:26,26,champions,0.71,0.71,0.71,1.0,0.71,0.0,39,True,1420,0,268,312,0,"[0.05, 0.085, 0.1315, 0.184, 0.232, 0.2745, 0.312, 0.342, 0.3705, 0.3955, 0.4115, 0.431, 0.455, 0.475, 0.492, 0.5095, 0.5275, 0.5485, 0.5675, 0.59, 0.6095, 0.6235, 0.634, 0.6415, 0.6485, 0.6555, 0.6605, 0.6635, 0.6685, 0.6745, 0.6805, 0.685, 0.688, 0.6915, 0.696, 0.703, 0.7075, 0.7095, 0.71, 0.71, 0.71, 0.71, 0.71, 0.71, 0.71, 0.71, 0.71, 0.71, 0.71, 0.71, 0.71, 0.71, 0.71, 0.71, 0.71, 0.71, 0.71, 0.71, 0.71, 0.71, 0.71, 0.71, 0.71, 0.71, 0.71, 0.71, 0.71, 0.71, 0.71, 0.71, 0.71, 0.71, 0.71, 0.71, 0.71, 0.71, 0.71, 0.71, 0.71, 0.71, 0.71, 0.71, 0.71, 0.71, 0.71, 0.71, 0.71, 0.71, 0.71, 0.71, 0.71, 0.71, 0.71, 0.71, 0.71, 0.71, 0.71, 0.71, 0.71, 0.71, 0.71]","{""0"": 0.3038, ""1"": 0.6017, ""2"": 0.85, ""3"": 0.5804, ""4"": 0.7559, ""5"": 0.8711, ""6"": 0.8645, ""7"": 0.8118}","[1.0, 0.1667, 0.75, 0.8182, 1.0, 0.8571, 1.0, 1.0, 0.9, 0.4, 0.75, 1.0, 0.7778, 0.8, 0.8182, 1.0, 1.0, 1.0, 1.0, 1.0, 0.8182, 0.6667, 0.6667, 0.9167, 1.0, 0.8571, 0.6667, 1.0, 1.0, 0.875, 0.7857, 0.8333, 1.0, 0.8333, 0.9, 0.8333, 0.8, 1.0, 0.625, 0.75, 0.875, 1.0, 0.6667, 0.7778, 0.8333, 0.875, 1.0, 0.875, 0.7778, 1.0, 0.8889, 0.9167, 0.8571, 0.0714, 1.0, 0.75, 0.8571, 0.75, 0.6667, 0.8, 0.7692, 0.0, 0.875, 0.8889, 1.0, 0.8571, 1.0, 0.8333, 0.8333, 0.0, 0.8, 0.75, 1.0, 0.875, 0.8, 0.75, 1.0, 0.5714, 1.0, 0.6667, 0.9, 0.1667, 0.75, 1.0, 1.0, 0.8571, 1.0, 0.875, 1.0, 0.0, 1.0, 0.8571, 0.8, 0.8333, 0.5556, 0.8333, 0.7778, 0.0, 1.0, 0.8571, 1.0, 0.8333, 1.0, 0.75, 1.0, 0.0, 0.75, 0.8, 1.0, 1.0, 0.75, 0.7778, 0.8889, 0.0, 0.8889, 0.5714, 1.0, 0.6667, 0.6, 0.875, 1.0, 0.0, 1.0, 1.0, 1.0, 0.8333, 0.75, 0.75, 1.0, 0.0, 1.0, 1.0, 0.8, 0.9, 1.0, 1.0, 1.0, 0.1, 0.8, 0.8333, 0.125, 0.75, 1.0, 1.0, 0.8333, 0.0, 0.6667, 0.6, 0.0, 0.9167, 0.4444, 0.7143, 0.875, 0.1667, 0.0, 0.7778, 0.0, 1.0, 1.0, 0.8462, 0.9091, 0.3333, 0.0, 0.75, 0.0, 1.0, 1.0, 1.0, 0.875, 0.1111, 0.0, 0.5, 0.1818, 1.0, 1.0, 0.875, 1.0, 0.0, 0.0, 0.75, 0.0, 0.8889, 1.0, 1.0, 1.0, 0.1111, 0.0, 0.8333, 0.0, 1.0, 0.5714, 0.9091, 0.625, 0.0, 0.0, 0.8571, 0.0, 1.0, 1.0, 0.6667, 0.8889, 0.0, 0.0, 1.0, 0.0, 0.8333, 1.0, 0.8889, 0.75, 0.0, 0.1111, 0.8333, 0.0, 0.7778, 0.9091, 1.0, 0.7778, 0.0, 0.0, 1.0, 0.0, 0.2, 1.0, 0.8571, 0.0, 0.0, 1.0, 0.8571, 0.875, 0.7143, 1.0, 1.0, 0.0, 0.0, 0.8333, 0.8571, 0.8889, 0.8571, 0.9231, 0.7778, 0.0, 0.25, 0.875, 0.7778, 0.8571, 0.8, 0.8571, 1.0, 0.0, 0.0]","[0, 4, 5, 6, 7, 11, 12, 14, 19, 23, 25, 26, 27, 30, 32, 33, 34, 38, 41, 42, 48, 51, 53, 55, 59, 60, 63, 68, 71, 72, 88, 90, 127, 137, 142, 146, 149, 150, 155, 157, 159, 163, 167, 169, 172, 173, 181, 182, 183, 185, 197, 205, 214, 219, 230, 237, 238, 241, 243, 245, 246]"
cluster,0:26,26,cluster,0.345,0.345,0.345,1.0,0.345,0.0,34,True,690,0,265,1045,0,"[0.05, 0.072, 0.1005, 0.129, 0.1515, 0.1675, 0.1785, 0.189, 0.201, 0.2095, 0.219, 0.2295, 0.239, 0.2505, 0.2625, 0.275, 0.2825, 0.2895, 0.296, 0.302, 0.3075, 0.313, 0.3195, 0.324, 0.3285, 0.331, 0.333, 0.3355, 0.3395, 0.3415, 0.3435, 0.344, 0.3445, 0.345, 0.345, 0.345, 0.345, 0.345, 0.345, 0.345, 0.345, 0.345, 0.345, 0.345, 0.345, 0.345, 0.345, 0.345, 0.345, 0.345, 0.345, 0.345, 0.345, 0.345, 0.345, 0.345, 0.345, 0.345, 0.345, 0.345, 0.345, 0.345, 0.345, 0.345, 0.345, 0.345, 0.345, 0.345, 0.345, 0.345, 0.345, 0.345, 0.345, 0.345, 0.345, 0.345, 0.345, 0.345, 0.345, 0.345, 0.345, 0.345, 0.345, 0.345, 0.345, 0.345, 0.345, 0.345, 0.345, 0.345, 0.345, 0.345, 0.345, 0.345, 0.345, 0.345, 0.345, 0.345, 0.345, 0.345, 0.345]","{""0"": 0.2954, ""1"": 0.4416, ""2"": 0.1077, ""3"": 0.0039, ""4"": 0.5118, ""5"": 0.7852, ""6"": 0.1713, ""7"": 0.4471}","[0.5556, 0.0, 0.75, 0.0, 0.0, 0.0, 1.0, 0.0, 0.0, 0.0, 0.75, 0.0, 0.0, 0.6, 1.0, 0.0, 0.0, 0.0, 1.0, 0.0, 0.0, 0.0, 0.6667, 0.0, 0.0, 0.0, 0.0, 0.0769, 0.0, 0.875, 0.7143, 0.0, 0.0, 0.0, 0.0, 0.0, 0.0, 1.0, 1.0, 0.0, 0.0, 0.0, 0.0, 0.0, 0.0, 0.875, 1.0, 0.0, 0.2222, 0.0, 0.0, 0.0, 0.0, 0.0, 1.0, 0.125, 0.1429, 0.0, 0.0, 0.0, 0.0, 1.0, 0.875, 0.0, 0.0, 0.0, 0.0, 0.0, 0.0, 0.0, 0.8, 0.0, 0.0, 0.0, 0.0, 0.125, 0.0, 0.0, 1.0, 0.3333, 0.0, 0.0, 0.0, 1.0, 0.0, 0.0, 0.2, 0.875, 0.0, 0.0, 0.0, 0.8571, 0.0, 0.0, 0.1111, 1.0, 0.0, 0.0, 0.0, 0.8571, 0.0, 0.0, 0.0, 0.75, 1.0, 0.0, 0.0, 1.0, 0.0, 0.0, 0.0, 0.7778, 0.8889, 0.0, 0.0, 0.2857, 0.0, 0.0, 0.0, 1.0, 1.0, 1.0, 0.0, 0.0, 0.0, 0.1667, 0.75, 0.75, 1.0, 0.9, 0.0, 0.0, 0.0, 0.9, 1.0, 0.0, 1.0, 0.9, 0.4, 0.0, 0.0, 0.875, 1.0, 0.0, 0.8333, 0.7143, 0.5, 0.0, 0.0, 0.9167, 0.4444, 0.0, 0.875, 1.0, 1.0, 0.0, 0.0, 0.8889, 1.0, 0.0, 1.0, 1.0, 0.8333, 0.0, 0.1, 1.0, 1.0, 0.0, 0.875, 1.0, 0.8889, 0.0, 0.0, 1.0, 1.0, 0.0, 1.0, 1.0, 0.6667, 0.0, 0.0, 0.7778, 1.0, 0.0, 1.0, 0.7778, 0.9, 0.0, 0.0, 1.0, 0.5714, 0.0, 0.625, 0.1, 0.8333, 0.0, 0.0, 1.0, 1.0, 0.0, 0.8889, 0.1111, 1.0, 0.0, 0.0, 1.0, 1.0, 0.0, 0.75, 0.0, 1.0, 0.0, 0.0, 0.7778, 0.8182, 0.0, 0.7778, 0.0, 1.0, 0.0, 0.0, 0.2, 1.0, 0.0, 0.0, 0.0, 1.0, 0.0, 0.0, 0.7143, 1.0, 0.0, 0.0, 0.0, 0.8333, 0.0, 0.0, 0.1429, 0.9231, 0.0, 0.0, 0.0, 0.875, 0.0, 0.0, 0.1, 0.8571, 0.0, 0.0, 0.0]","[14, 38, 61, 95, 107, 119, 141, 154, 160, 177, 182, 205, 210]"
one_per_team,0:26,26,one_per_team,0.7605,0.7605,0.7605,1.0,0.7605,-0.0,34,True,1521,0,262,217,0,"[0.05, 0.0705, 0.0855, 0.111, 0.1345, 0.163, 0.201, 0.237, 0.2725, 0.3145, 0.3435, 0.3735, 0.4055, 0.442, 0.4695, 0.5, 0.5325, 0.5625, 0.59, 0.6175, 0.644, 0.6715, 0.689, 0.703, 0.714, 0.724, 0.735, 0.7435, 0.7495, 0.7545, 0.757, 0.7585, 0.7595, 0.7605, 0.7605, 0.7605, 0.7605, 0.7605, 0.7605, 0.7605, 0.7605, 0.7605, 0.7605, 0.7605, 0.7605, 0.7605, 0.7605, 0.7605, 0.7605, 0.7605, 0.7605, 0.7605, 0.7605, 0.7605, 0.7605, 0.7605, 0.7605, 0.7605, 0.7605, 0.7605, 0.7605, 0.7605, 0.7605, 0.7605, 0.7605, 0.7605, 0.7605, 0.7605, 0.7605, 0.7605, 0.7605, 0.7605, 0.7605, 0.7605, 0.7605, 0.7605, 0.7605, 0.7605, 0.7605, 0.7605, 0.7605, 0.7605, 0.7605, 0.7605, 0.7605, 0.7605, 0.7605, 0.7605, 0.7605, 0.7605, 0.7605, 0.7605, 0.7605, 0.7605, 0.7605, 0.7605, 0.7605, 0.7605, 0.7605, 0.7605, 0.7605]","{""0"": 0.8734, ""1"": 0.8658, ""2"": 0.8577, ""3"": 0.8784, ""4"": 0.8465, ""5"": 0.8672, ""6"": 0.0837, ""7"": 0.8157}","[0.7778, 0.8333, 0.75, 0.8182, 1.0, 0.8571, 1.0, 0.0, 0.9, 0.6, 0.75, 1.0, 0.8889, 0.8, 0.9091, 0.1111, 1.0, 1.0, 1.0, 1.0, 0.8182, 0.6667, 0.6667, 0.0, 1.0, 0.8571, 0.6667, 1.0, 1.0, 0.875, 0.7143, 0.5, 1.0, 0.75, 0.9, 0.8333, 0.8, 1.0, 0.625, 0.125, 0.875, 1.0, 0.6667, 0.7778, 0.8333, 0.875, 1.0, 0.0, 0.7778, 1.0, 1.0, 0.9167, 0.8571, 0.7857, 1.0, 0.25, 0.8571, 0.75, 0.6667, 0.8, 0.7692, 0.8571, 0.875, 0.0, 1.0, 0.8571, 1.0, 0.8333, 0.8333, 0.875, 1.0, 0.0, 1.0, 0.875, 0.8, 0.75, 1.0, 0.7143, 1.0, 0.1667, 0.9, 0.6667, 0.75, 1.0, 1.0, 0.8571, 1.0, 0.125, 1.0, 0.75, 1.0, 1.0, 0.8, 0.8333, 0.5556, 0.1667, 0.7778, 0.6667, 1.0, 0.8571, 1.0, 0.8333, 1.0, 0.125, 1.0, 0.8, 0.875, 0.8, 1.0, 1.0, 0.75, 0.0, 0.8889, 0.8333, 1.0, 0.5714, 1.0, 0.6667, 0.6, 0.25, 1.0, 1.0, 1.0, 1.0, 1.0, 0.8333, 0.75, 0.125, 1.0, 0.9, 1.0, 1.0, 0.8, 0.9, 1.0, 0.4286, 1.0, 0.9, 0.8, 0.8333, 0.875, 0.75, 1.0, 0.0, 0.8333, 0.7143, 0.5, 0.6, 0.75, 0.9167, 0.4444, 0.0, 0.875, 1.0, 0.7143, 0.7778, 0.9, 0.8889, 1.0, 0.0, 0.9091, 1.0, 0.8333, 0.75, 0.9, 1.0, 1.0, 0.0, 0.875, 1.0, 0.8889, 0.5, 0.8182, 1.0, 1.0, 0.0, 1.0, 1.0, 0.8333, 0.75, 1.0, 0.7778, 1.0, 0.0, 1.0, 0.7778, 0.9, 0.8333, 0.75, 1.0, 0.5714, 0.0, 0.75, 0.9, 0.8333, 0.8571, 0.8571, 1.0, 1.0, 0.0, 0.8889, 0.8889, 1.0, 1.0, 0.875, 0.8333, 1.0, 0.0, 0.75, 1.0, 1.0, 0.8333, 0.7143, 0.8889, 0.8182, 0.1429, 0.7778, 1.0, 1.0, 1.0, 0.7778, 0.4, 1.0, 0.2857, 0.0, 0.75, 1.0, 0.8571, 0.875, 0.7143, 1.0, 0.0, 0.0, 1.0, 0.8333, 1.0, 0.8889, 0.7857, 0.9231, 0.0, 0.0, 0.5, 0.875, 0.7778, 0.8571, 0.8, 0.8571, 0.25, 0.0, 1.0]","[5, 8, 9, 12, 14, 17, 21, 29, 30, 31, 36, 38, 39, 45, 50, 51, 57, 60, 61, 62, 64, 70, 72, 74, 76, 77, 82, 87, 91, 95, 97, 98, 102, 105, 106, 107, 108, 109, 113, 114, 118, 119, 120, 121, 122, 123, 125, 127, 128, 129, 130, 131, 133, 134, 135, 137, 138, 139, 141, 142, 149, 150, 153, 154, 155, 156, 158, 160, 163, 165, 177, 178, 180, 181, 182, 187, 192, 195, 201, 202, 204, 205, 206, 210, 213, 214, 215, 221, 223, 226, 229, 230, 234, 235, 236, 241, 243, 244, 247, 249]"
random,0:27,27,random,0.7235,0.7235,0.7235,1.0,0.70935,0.01415,100,False,1447,0,293,260,0,"[0.05, 0.0715, 0.091, 0.108, 0.1255, 0.1485, 0.167, 0.19, 0.209, 0.226, 0.248, 0.2735, 0.2935, 0.311, 0.328, 0.348, 0.36, 0.37, 0.387, 0.3995, 0.412, 0.425, 0.432, 0.4385, 0.443, 0.4465, 0.4505, 0.4535, 0.455, 0.456, 0.457, 0.458, 0.4595, 0.4615, 0.463, 0.4675, 0.4695, 0.4705, 0.472, 0.4735, 0.4755, 0.477, 0.478, 0.4785, 0.4795, 0.4815, 0.4835, 0.486, 0.487, 0.4875, 0.489, 0.49, 0.491, 0.494, 0.4955, 0.498, 0.502, 0.5045, 0.5055, 0.507, 0.509, 0.515, 0.519, 0.5215, 0.522, 0.523, 0.524, 0.525, 0.527, 0.53, 0.532, 0.535, 0.5365, 0.5395, 0.544, 0.55, 0.5585, 0.5685, 0.576, 0.5845, 0.5935, 0.6035, 0.6135, 0.626, 0.6345, 0.644, 0.6535, 0.658, 0.662, 0.667, 0.677, 0.6885, 0.6995, 0.7045, 0.7065, 0.708, 0.7105, 0.7135, 0.7185, 0.7205, 0.7235]","{""0"": 0.8859, ""1"": 0.6749, ""2"": 0.7968, ""3"": 0.8856, ""4"": 0.8341, ""5"": 0.8582, ""6"": 0.5698, ""7"": 0.3074}","[0.7778, 0.6667, 0.8889, 0.8571, 1.0, 0.4, 1.0, 0.7143, 0.8, 1.0, 0.75, 0.8, 0.8571, 1.0, 0.7778, 0.9167, 0.6667, 0.9167, 1.0, 0.6667, 0.875, 0.875, 1.0, 0.9, 0.8333, 0.6667, 0.875, 0.7273, 0.8, 0.75, 0.8, 1.0, 0.7778, 0.9091, 0.8571, 1.0, 1.0, 0.6667, 1.0, 0.9091, 0.9091, 0.9091, 0.6, 0.6667, 0.875, 1.0, 0.5714, 1.0, 0.8889, 0.875, 1.0, 0.8571, 0.875, 0.7778, 0.8182, 0.8333, 1.0, 1.0, 0.875, 0.6667, 1.0, 0.8333, 0.6667, 0.1667, 0.6667, 0.7143, 1.0, 0.7143, 0.6667, 1.0, 0.8, 0.1111, 1.0, 1.0, 1.0, 1.0, 1.0, 0.7778, 0.875, 0.0, 0.4, 1.0, 1.0, 0.9091, 0.8333, 1.0, 1.0, 0.0, 0.0, 0.8571, 0.8, 0.7143, 0.6667, 0.75, 0.9091, 0.0, 0.1667, 0.875, 0.8571, 0.75, 0.7143, 0.8333, 0.8571, 0.0, 0.0, 1.0, 0.8182, 0.7857, 0.8, 0.875, 0.7143, 0.0, 0.0, 0.9231, 1.0, 0.8, 1.0, 0.7, 1.0, 0.4, 0.0, 1.0, 0.8, 1.0, 1.0, 1.0, 0.7143, 0.25, 0.0714, 0.8, 0.875, 0.7143, 0.6667, 0.8333, 0.875, 0.0, 0.0, 1.0, 0.8333, 0.8571, 0.8571, 0.75, 1.0, 0.0, 0.0, 0.9, 0.0769, 0.8889, 0.8571, 1.0, 1.0, 0.5, 0.0, 1.0, 0.0, 1.0, 1.0, 0.8333, 0.75, 1.0, 0.0, 0.8571, 0.0, 0.9167, 0.8571, 1.0, 0.8889, 0.9, 0.0, 0.8333, 0.0, 1.0, 1.0, 0.9, 1.0, 0.9091, 0.0, 0.9, 0.0, 0.625, 0.8333, 0.9, 0.8333, 0.6667, 0.0, 0.8, 0.0, 0.6, 1.0, 0.7778, 0.7143, 0.8571, 0.0, 0.7143, 0.4286, 1.0, 0.6, 0.8, 0.8182, 0.75, 0.0, 0.8571, 0.4, 0.625, 0.8889, 0.8571, 0.875, 0.875, 0.0, 0.7143, 0.8889, 0.8333, 1.0, 0.75, 0.8333, 1.0, 0.0, 0.8, 1.0, 0.6, 0.8333, 0.7143, 0.8333, 1.0, 0.0, 1.0, 0.8571, 0.625, 1.0, 0.7778, 0.7143, 1.0, 0.1, 0.7, 0.6923, 0.625, 1.0, 0.8, 0.75, 1.0, 0.875, 1.0, 1.0, 0.6, 0.9091, 0.9167, 1.0, 0.6667, 1.0, 1.0]","[2, 14, 16, 20, 22, 23, 30, 33, 34, 39, 40, 45, 46, 48, 53, 55, 64, 66, 67, 68, 70, 74, 75, 76, 77, 82, 83, 85, 86, 93, 96, 102, 107, 108, 110, 113, 117, 118, 127, 128, 129, 130, 134, 147, 149, 159, 163, 165, 166, 167, 179, 180, 188, 189, 191, 193, 194, 195, 198, 201, 202, 205, 207, 222, 223, 226, 228, 231, 233, 234, 236, 239, 243, 245]"
champions,0:27,27,champions,0.6325,0.6325,0.6325,1.0,0.6325,-0.0,38,True,1265,0,294,441,0,"[0.05, 0.0925, 0.1385, 0.1835, 0.2315, 0.272, 0.308, 0.3375, 0.363, 0.3895, 0.4105, 0.429, 0.448, 0.4645, 0.483, 0.499, 0.511, 0.5215, 0.5335, 0.5425, 0.5515, 0.56, 0.565, 0.569, 0.572, 0.5745, 0.579, 0.588, 0.5955, 0.6015, 0.609, 0.616, 0.6195, 0.624, 0.6285, 0.6315, 0.632, 0.6325, 0.6325, 0.6325, 0.6325, 0.6325, 0.6325, 0.6325, 0.6325, 0.6325, 0.6325, 0.6325, 0.6325, 0.6325, 0.6325, 0.6325, 0.6325, 0.6325, 0.6325, 0.6325, 0.6325, 0.6325, 0.6325, 0.6325, 0.6325, 0.6325, 0.6325, 0.6325, 0.6325, 0.6325, 0.6325, 0.6325, 0.6325, 0.6325, 0.6325, 0.6325, 0.6325, 0.6325, 0.6325, 0.6325, 0.6325, 0.6325, 0.6325, 0.6325, 0.6325, 0.6325, 0.6325, 0.6325, 0.6325, 0.6325, 0.6325, 0.6325, 0.6325, 0.6325, 0.6325, 0.6325, 0.6325, 0.6325, 0.6325, 0.6325, 0.6325, 0.6325, 0.6325, 0.6325, 0.6325]","{""0"": 0.8859, ""1"": 0.8683, ""2"": 0.2191, ""3"": 0.8814, ""4"": 0.4305, ""5"": 0.341, ""6"": 0.6189, ""7"": 0.8093}","[1.0, 0.75, 0.8889, 0.0, 1.0, 0.4, 0.0, 0.7143, 0.8, 1.0, 0.75, 0.1, 1.0, 1.0, 0.1111, 0.9167, 0.6667, 0.9167, 1.0, 0.0, 0.75, 0.875, 1.0, 0.8, 0.8333, 0.6667, 0.875, 0.0, 0.8, 0.75, 0.8, 1.0, 0.7778, 0.8182, 0.8571, 0.0, 1.0, 0.6667, 1.0, 0.9091, 0.9091, 0.9091, 0.6, 0.0, 0.875, 1.0, 0.5714, 1.0, 0.8889, 0.875, 1.0, 0.1429, 0.875, 0.7778, 0.8182, 0.8333, 1.0, 1.0, 0.875, 0.2222, 1.0, 0.8333, 0.6667, 0.6667, 0.6667, 0.7143, 1.0, 0.1429, 0.6667, 1.0, 0.8, 0.7778, 1.0, 1.0, 1.0, 0.875, 1.0, 0.0, 0.875, 0.75, 0.8, 1.0, 1.0, 0.9091, 0.8333, 0.0, 1.0, 0.9, 1.0, 0.8571, 0.8, 0.8571, 0.6667, 0.0, 0.9091, 0.875, 0.6667, 0.875, 0.8571, 0.75, 0.7143, 0.0, 0.0, 0.9231, 0.875, 1.0, 0.9091, 0.7143, 0.8, 0.0, 0.0, 0.8667, 0.6667, 0.9231, 1.0, 0.8, 1.0, 0.0, 0.1, 1.0, 1.0, 1.0, 0.8, 0.6667, 1.0, 0.0, 0.0, 0.75, 1.0, 0.8, 0.75, 0.0, 0.6667, 0.0, 0.0, 0.0, 0.8571, 1.0, 0.8333, 0.0, 0.8571, 0.0, 0.0, 0.2222, 0.4286, 1.0, 0.8462, 0.1111, 0.8571, 0.0, 0.0, 0.25, 0.75, 1.0, 1.0, 0.0909, 1.0, 0.0, 0.0, 0.9091, 1.0, 0.8571, 1.0, 0.0, 0.8571, 0.0, 0.0, 0.9, 0.9286, 0.8333, 0.9091, 0.1111, 1.0, 0.0, 0.125, 0.9091, 1.0, 0.9, 0.8333, 0.0, 0.8333, 0.0, 0.0, 0.6667, 0.8333, 0.8, 0.7778, 0.0, 0.8333, 0.0, 0.0, 0.0, 1.0, 0.7143, 0.8571, 0.1, 0.6, 0.8, 0.1818, 0.125, 0.8571, 0.7143, 0.4, 0.0, 0.8889, 0.8571, 0.0, 0.0, 0.8571, 0.7143, 0.8889, 0.0, 1.0, 0.75, 0.0, 0.0, 0.0, 0.8, 1.0, 0.0, 0.8333, 0.7143, 0.0833, 0.0, 0.1111, 1.0, 0.8571, 0.0, 0.8, 0.7778, 0.0, 0.0, 0.8, 0.7, 0.6923, 0.0, 1.0, 0.8, 0.0, 0.25, 1.0, 1.0, 1.0, 0.0, 0.9091, 0.9167, 0.0, 0.6667, 1.0, 1.0]","[0, 1, 4, 8, 11, 12, 17, 23, 31, 33, 36, 37, 38, 39, 40, 46, 49, 54, 57, 59, 60, 65, 73, 87, 91, 103, 105, 106, 107, 111, 113, 116, 118, 128, 137, 145, 146, 152, 160, 164, 167, 168, 170, 171, 174, 175, 176, 180, 184, 195, 199, 201, 221, 240, 245]"
cluster,0:27,27,cluster,0.2875,0.2875,0.2875,1.0,0.2875,0.0,36,True,575,0,294,1131,0,"[0.05, 0.066, 0.0825, 0.1015, 0.1195, 0.1345, 0.153, 0.1715, 0.1895, 0.207, 0.2175, 0.2245, 0.2285, 0.234, 0.241, 0.247, 0.2515, 0.255, 0.257, 0.2575, 0.2585, 0.259, 0.2595, 0.26, 0.2615, 0.2625, 0.2645, 0.267, 0.2685, 0.2705, 0.2735, 0.2775, 0.283, 0.2845, 0.2865, 0.2875, 0.2875, 0.2875, 0.2875, 0.2875, 0.2875, 0.2875, 0.2875, 0.2875, 0.2875, 0.2875, 0.2875, 0.2875, 0.2875, 0.2875, 0.2875, 0.2875, 0.2875, 0.2875, 0.2875, 0.2875, 0.2875, 0.2875, 0.2875, 0.2875, 0.2875, 0.2875, 0.2875, 0.2875, 0.2875, 0.2875, 0.2875, 0.2875, 0.2875, 0.2875, 0.2875, 0.2875, 0.2875, 0.2875, 0.2875, 0.2875, 0.2875, 0.2875, 0.2875, 0.2875, 0.2875, 0.2875, 0.2875, 0.2875, 0.2875, 0.2875, 0.2875, 0.2875, 0.2875, 0.2875, 0.2875, 0.2875, 0.2875, 0.2875, 0.2875, 0.2875, 0.2875, 0.2875, 0.2875, 0.2875, 0.2875]","{""0"": 0.7452, ""1"": 0.3827, ""2"": 0.1673, ""3"": 0.1017, ""4"": 0.5157, ""5"": 0.0077, ""6"": 0.3434, ""7"": 0.0428}","[0.5556, 0.6667, 0.8889, 0.0, 0.0, 0.4, 0.0, 0.0, 0.0, 1.0, 0.75, 0.0, 0.0, 1.0, 0.0, 0.0, 0.0, 0.9167, 1.0, 0.0, 0.0, 1.0, 0.0, 0.0, 0.0, 0.6667, 0.875, 0.0, 0.0, 0.75, 0.0, 0.0, 0.0, 1.0, 0.8571, 0.0, 0.0, 0.6667, 0.0, 0.0, 0.0, 0.9091, 0.6, 0.0, 0.0, 1.0, 0.0, 0.0, 0.0, 0.875, 0.125, 0.1429, 0.0, 0.7778, 0.0, 0.0, 0.0, 1.0, 0.0, 0.0, 0.0, 0.8333, 0.0, 0.0, 0.1111, 0.7143, 0.0, 0.0, 0.0, 1.0, 0.0, 0.1111, 0.0, 1.0, 0.0, 0.0, 1.0, 0.7778, 0.0, 0.0, 0.0, 1.0, 0.0, 0.0, 1.0, 1.0, 0.0, 0.0, 0.0, 0.8571, 0.0, 0.0, 0.6667, 0.75, 0.0, 0.0, 0.0, 0.875, 0.0, 0.0, 1.0, 1.0, 0.0, 0.0, 0.0, 1.0, 0.0, 0.0, 0.0, 0.875, 0.0, 0.0, 0.0, 0.0, 0.0, 0.0, 0.0, 0.6, 0.0, 0.0, 0.0, 0.1667, 0.0, 0.0, 0.0, 1.0, 0.0, 0.0, 0.0, 0.0, 0.0, 0.0, 0.0, 0.8333, 0.0, 0.0, 0.0, 0.0, 0.0, 0.0, 0.0, 1.0, 0.0, 0.0, 0.0, 0.0, 0.0, 0.0, 0.0, 1.0, 0.0, 0.25, 0.0, 1.0, 0.0, 0.0909, 0.0, 0.8333, 0.0, 0.9091, 0.0, 0.8571, 0.0, 0.0, 0.0, 0.2, 0.0, 0.9, 0.0, 0.8333, 0.0, 1.0, 0.0, 0.0, 0.0, 0.9091, 0.0, 1.0, 0.0, 0.625, 0.0, 0.0, 0.0, 1.0, 0.0, 0.8, 1.0, 1.0, 0.0, 0.0, 0.0, 0.8571, 0.0, 0.7143, 0.8571, 1.0, 0.0, 0.0, 0.0909, 0.75, 0.2857, 0.7143, 0.4, 0.625, 0.0, 0.0, 0.0, 0.875, 1.0, 0.7143, 0.8889, 0.8333, 0.0, 0.125, 0.0, 1.0, 0.0, 0.8, 1.0, 0.0, 0.0, 0.0, 0.0833, 1.0, 0.0, 1.0, 0.8571, 0.0, 0.0, 0.0, 0.0, 1.0, 0.0, 0.7, 0.6923, 0.0, 0.0, 0.1, 0.0, 1.0, 0.125, 1.0, 1.0, 0.0, 0.0, 0.0833, 0.0, 0.6667, 0.0, 1.0]","[21, 33, 64, 84, 100, 101, 105, 141, 177, 183, 186, 187, 208, 239, 241]"
one_per_team,0:27,27,one_per_team,0.7145,0.7145,0.7145,1.0,0.7145,0.0,67,True,1429,0,292,279,0,"[0.05, 0.073, 0.089, 0.1005, 0.1145, 0.1295, 0.154, 0.18, 0.2015, 0.2225, 0.2395, 0.256, 0.268, 0.28, 0.292, 0.3005, 0.3095, 0.3195, 0.336, 0.3505, 0.362, 0.3725, 0.386, 0.396, 0.405, 0.413, 0.423, 0.4325, 0.442, 0.4495, 0.4565, 0.4665, 0.4765, 0.4855, 0.4945, 0.503, 0.5125, 0.521, 0.527, 0.5335, 0.5405, 0.5475, 0.5515, 0.5585, 0.5655, 0.572, 0.5785, 0.583, 0.5885, 0.595, 0.605, 0.6145, 0.624, 0.634, 0.644, 0.653, 0.66, 0.6685, 0.6765, 0.683, 0.6865, 0.69, 0.692, 0.6975, 0.7035, 0.71, 0.7145, 0.7145, 0.7145, 0.7145, 0.7145, 0.7145, 0.7145, 0.7145, 0.7145, 0.7145, 0.7145, 0.7145, 0.7145, 0.7145, 0.7145, 0.7145, 0.7145, 0.7145, 0.7145, 0.7145, 0.7145, 0.7145, 0.7145, 0.7145, 0.7145, 0.7145, 0.7145, 0.7145, 0.7145, 0.7145, 0.7145, 0.7145, 0.7145, 0.7145, 0.7145]","{""0"": 0.9049, ""1"": 0.8642, ""2"": 0.8127, ""3"": 0.589, ""4"": 0.8296, ""5"": 0.8544, ""6"": 0.566, ""7"": 0.3074}","[0.7778, 0.6667, 0.8889, 0.8571, 0.0, 0.4, 1.0, 0.7143, 0.0, 1.0, 0.75, 0.8, 0.0, 1.0, 0.7778, 0.9167, 0.0, 0.9167, 1.0, 0.6667, 0.0, 0.875, 1.0, 0.8, 0.0, 0.8333, 0.875, 0.7273, 0.8, 0.75, 0.8, 1.0, 0.1111, 0.8182, 0.8571, 1.0, 1.0, 0.6667, 1.0, 0.9091, 0.0, 0.9091, 0.6, 0.6667, 0.875, 1.0, 0.5714, 1.0, 0.1111, 0.875, 1.0, 0.8571, 0.875, 0.7778, 0.8182, 0.8333, 0.0, 1.0, 0.875, 0.7778, 1.0, 0.8333, 0.6667, 0.0, 0.1111, 0.8571, 1.0, 0.8571, 0.6667, 1.0, 0.8, 0.1111, 0.0, 1.0, 1.0, 0.875, 1.0, 0.7778, 1.0, 0.0, 0.0, 1.0, 1.0, 0.9091, 0.8333, 1.0, 1.0, 0.1, 0.0, 0.8571, 0.8, 0.7143, 0.6667, 0.75, 0.9091, 0.125, 0.0, 0.875, 0.8571, 0.75, 0.7143, 0.8333, 0.8571, 0.0, 0.0, 1.0, 0.8182, 0.7143, 0.8, 0.875, 0.7143, 0.0, 0.0, 0.9231, 1.0, 0.8, 1.0, 0.6, 0.9, 0.2, 0.1667, 1.0, 0.8, 1.0, 1.0, 1.0, 0.7143, 0.0, 0.0714, 0.8, 0.75, 0.7143, 0.6667, 0.8333, 0.75, 0.0, 0.0, 1.0, 0.8333, 0.8571, 1.0, 0.75, 1.0, 0.2222, 0.4286, 0.9, 0.7692, 0.8889, 0.8571, 1.0, 1.0, 0.5, 0.875, 1.0, 1.0, 1.0, 1.0, 0.8333, 0.75, 0.9091, 0.9, 1.0, 1.0, 0.9167, 0.8571, 0.8, 0.8889, 0.9, 0.9286, 1.0, 0.9091, 1.0, 1.0, 0.9, 1.0, 0.9091, 1.0, 1.0, 1.0, 0.625, 0.75, 0.9, 0.8333, 1.0, 0.8333, 0.8, 0.7778, 0.6, 0.8333, 0.7778, 0.7143, 0.8571, 1.0, 0.8571, 0.8571, 1.0, 0.6, 1.0, 0.8182, 0.75, 0.8571, 0.8571, 0.4, 0.625, 0.1111, 0.8571, 0.875, 0.875, 0.8571, 0.7143, 0.8889, 0.8333, 0.0, 0.75, 0.8333, 1.0, 0.5, 0.8, 1.0, 0.6, 0.0, 0.7143, 0.8333, 1.0, 0.0, 1.0, 0.8571, 0.75, 0.4, 0.7778, 0.7143, 1.0, 0.0, 0.7, 0.6923, 0.75, 0.0, 0.8, 0.75, 1.0, 0.25, 1.0, 1.0, 0.8, 0.0, 0.9167, 1.0, 0.6667, 0.1111, 1.0]","[2, 5, 6, 7, 10, 13, 14, 21, 25, 28, 29, 30, 31, 33, 37, 39, 42, 45, 46, 47, 59, 60, 64, 65, 66, 67, 68, 73, 76, 77, 78, 83, 84, 85, 86, 87, 89, 90, 93, 95, 97, 100, 101, 102, 105, 107, 108, 115, 118, 120, 122, 128, 129, 140, 141, 145, 151, 152, 153, 154, 160, 161, 166, 168, 169, 172, 174, 177, 178, 179, 180, 181, 183, 186, 187, 188, 189, 192, 193, 196, 197, 201, 203, 204, 208, 211, 214, 216, 223, 225, 228, 235, 237, 239, 240, 241, 242, 243, 246, 247]"
random,0:28,28,random,0.792,0.792,0.792,1.0,0.792,0.0,35,True,1584,0,275,141,0,"[0.05, 0.074, 0.091, 0.1115, 0.1375, 0.1655, 0.198, 0.2315, 0.268, 0.3095, 0.349, 0.391, 0.428, 0.4625, 0.4975, 0.522, 0.5475, 0.5715, 0.5955, 0.616, 0.639, 0.664, 0.6925, 0.707, 0.7195, 0.7305, 0.7445, 0.759, 0.7695, 0.7745, 0.779, 0.7845, 0.787, 0.7895, 0.792, 0.792, 0.792, 0.792, 0.792, 0.792, 0.792, 0.792, 0.792, 0.792, 0.792, 0.792, 0.792, 0.792, 0.792, 0.792, 0.792, 0.792, 0.792, 0.792, 0.792, 0.792, 0.792, 0.792, 0.792, 0.792, 0.792, 0.792, 0.792, 0.792, 0.792, 0.792, 0.792, 0.792, 0.792, 0.792, 0.792, 0.792, 0.792, 0.792, 0.792, 0.792, 0.792, 0.792, 0.792, 0.792, 0.792, 0.792, 0.792, 0.792, 0.792, 0.792, 0.792, 0.792, 0.792, 0.792, 0.792, 0.792, 0.792, 0.792, 0.792, 0.792, 0.792, 0.792, 0.792, 0.792, 0.792]","{""0"": 0.2908, ""1"": 0.8333, ""2"": 0.8805, ""3"": 0.8485, ""4"": 0.8765, ""5"": 0.8477, ""6"": 0.8933, ""7"": 0.8661}","[0.8889, 0.0, 0.75, 0.8333, 0.9, 1.0, 1.0, 1.0, 0.5, 0.0, 0.8571, 1.0, 1.0, 0.625, 0.8571, 0.9, 0.8889, 0.0, 1.0, 0.8333, 1.0, 0.75, 1.0, 1.0, 0.7778, 0.0, 0.9091, 1.0, 0.8571, 0.8333, 1.0, 0.7143, 0.875, 0.1111, 0.6667, 0.75, 0.7778, 0.8, 0.7778, 1.0, 0.8, 0.125, 0.8571, 0.8, 0.8571, 1.0, 0.6667, 0.75, 1.0, 0.0769, 0.6, 0.9091, 0.8182, 1.0, 0.4, 0.7778, 1.0, 0.0, 0.8333, 0.875, 1.0, 0.875, 0.75, 0.9167, 0.8889, 0.1667, 1.0, 0.7273, 1.0, 1.0, 0.8333, 1.0, 0.8889, 0.6364, 0.9, 1.0, 0.9091, 0.9167, 0.8571, 1.0, 0.9, 1.0, 0.7143, 0.8333, 0.7273, 1.0, 0.9167, 0.8333, 0.7143, 1.0, 0.8889, 0.8889, 0.8571, 0.9333, 0.8889, 1.0, 1.0, 0.8889, 1.0, 1.0, 0.6667, 1.0, 1.0, 1.0, 0.9091, 1.0, 0.9, 0.875, 1.0, 0.7, 0.9, 0.8333, 1.0, 0.8889, 1.0, 0.7692, 1.0, 1.0, 0.8, 0.75, 0.7143, 1.0, 0.8, 1.0, 0.9091, 0.7778, 1.0, 0.8182, 0.8333, 0.9, 1.0, 0.7778, 0.7778, 1.0, 0.8333, 1.0, 0.7143, 0.6, 1.0, 0.8333, 0.7778, 1.0, 0.7778, 0.8333, 1.0, 0.1111, 0.8, 1.0, 0.5714, 0.7778, 0.7778, 1.0, 1.0, 0.0, 0.7143, 0.7692, 0.7273, 1.0, 0.8, 0.9091, 0.8889, 0.1429, 0.8333, 0.7778, 0.7143, 1.0, 0.7273, 0.7, 0.8889, 0.1429, 0.2, 0.9, 0.8571, 0.8333, 0.875, 0.7143, 1.0, 0.0, 0.4286, 1.0, 0.8, 0.75, 0.625, 0.875, 0.8, 0.0, 0.7143, 0.9231, 1.0, 1.0, 0.8333, 0.6, 0.6667, 0.1818, 0.6667, 1.0, 0.75, 0.7143, 0.875, 1.0, 1.0, 0.0909, 1.0, 1.0, 0.8889, 0.8, 0.8571, 0.7143, 0.75, 0.0, 1.0, 1.0, 0.8571, 0.7778, 1.0, 0.9167, 0.6667, 0.0, 1.0, 0.75, 0.875, 1.0, 0.9, 1.0, 0.875, 0.0, 0.8889, 1.0, 0.9091, 0.8889, 0.9, 1.0, 0.8, 0.0, 0.7, 1.0, 0.75, 0.8333, 0.875, 0.875, 1.0, 0.0, 0.9091, 0.8889, 0.8333, 0.8333, 0.8333, 1.0, 1.0, 0.0]","[5, 8, 15, 21, 24, 26, 28, 30, 33, 38, 45, 48, 49, 50, 51, 56, 58, 59, 61, 62, 63, 67, 68, 70, 71, 74, 77, 80, 83, 85, 86, 89, 98, 101, 103, 104, 106, 107, 115, 118, 122, 123, 125, 128, 134, 137, 143, 146, 147, 148, 151, 155, 158, 160, 161, 162, 167, 169, 171, 173, 183, 184, 186, 187, 188, 193, 196, 201, 204, 213, 216, 218, 220, 222, 223, 227, 235, 236, 237, 245, 246, 247, 248]"
champions,0:28,28,champions,0.8305,0.8305,0.8305,1.0,0.8305,0.0,42,True,1661,0,273,66,0,"[0.05, 0.087, 0.137, 0.193, 0.2575, 0.3255, 0.3885, 0.4395, 0.482, 0.517, 0.558, 0.589, 0.615, 0.641, 0.659, 0.674, 0.6915, 0.711, 0.726, 0.7385, 0.7495, 0.7575, 0.7615, 0.767, 0.777, 0.787, 0.7915, 0.793, 0.7955, 0.8005, 0.804, 0.806, 0.808, 0.81, 0.812, 0.814, 0.816, 0.8175, 0.82, 0.8225, 0.827, 0.8305, 0.8305, 0.8305, 0.8305, 0.8305, 0.8305, 0.8305, 0.8305, 0.8305, 0.8305, 0.8305, 0.8305, 0.8305, 0.8305, 0.8305, 0.8305, 0.8305, 0.8305, 0.8305, 0.8305, 0.8305, 0.8305, 0.8305, 0.8305, 0.8305, 0.8305, 0.8305, 0.8305, 0.8305, 0.8305, 0.8305, 0.8305, 0.8305, 0.8305, 0.8305, 0.8305, 0.8305, 0.8305, 0.8305, 0.8305, 0.8305, 0.8305, 0.8305, 0.8305, 0.8305, 0.8305, 0.8305, 0.8305, 0.8305, 0.8305, 0.8305, 0.8305, 0.8305, 0.8305, 0.8305, 0.8305, 0.8305, 0.8305, 0.8305, 0.8305]","{""0"": 0.6813, ""1"": 0.7308, ""2"": 0.8884, ""3"": 0.8523, ""4"": 0.8845, ""5"": 0.8398, ""6"": 0.8854, ""7"": 0.8745}","[1.0, 0.9, 0.75, 0.8333, 0.9, 1.0, 1.0, 1.0, 0.5, 0.8333, 0.8571, 1.0, 1.0, 0.625, 0.8571, 0.9, 0.8889, 0.1667, 1.0, 0.8333, 1.0, 0.625, 1.0, 1.0, 0.7778, 0.0, 0.9091, 1.0, 0.8571, 0.8333, 1.0, 0.7143, 0.875, 0.0, 0.6667, 0.75, 0.8889, 0.8, 0.7778, 1.0, 0.8, 0.25, 0.8571, 0.8, 0.8571, 1.0, 0.6667, 0.75, 1.0, 0.0769, 0.6, 0.9091, 0.8182, 1.0, 0.4, 0.7778, 1.0, 0.0, 0.8333, 0.875, 1.0, 0.875, 0.75, 0.8333, 0.8889, 0.1667, 1.0, 0.7273, 1.0, 1.0, 0.8333, 1.0, 0.8889, 0.6364, 0.8, 1.0, 0.9091, 0.9167, 0.8571, 1.0, 1.0, 1.0, 0.8571, 0.8333, 0.7273, 1.0, 0.8333, 0.8333, 0.7143, 1.0, 0.8889, 0.8889, 0.8571, 1.0, 0.8889, 1.0, 1.0, 0.8889, 1.0, 1.0, 0.6667, 1.0, 1.0, 1.0, 0.9091, 1.0, 0.9, 0.875, 1.0, 0.8, 0.9, 0.8333, 1.0, 0.8889, 1.0, 0.8462, 1.0, 1.0, 0.8, 0.75, 0.7143, 1.0, 0.8, 1.0, 0.9091, 0.7778, 1.0, 0.8182, 0.8333, 0.9, 1.0, 0.7778, 0.7778, 1.0, 0.8333, 1.0, 0.8571, 0.6, 1.0, 0.8333, 0.7778, 1.0, 0.7778, 0.8333, 1.0, 0.6667, 0.8, 1.0, 0.7143, 0.7778, 0.7778, 1.0, 1.0, 0.75, 0.7143, 0.8462, 0.8182, 1.0, 0.8, 0.9091, 0.8889, 0.8571, 0.0, 0.7778, 0.7143, 1.0, 0.7273, 0.7, 0.8889, 0.7143, 0.0, 0.9, 0.8571, 0.8333, 0.875, 0.7143, 1.0, 0.7778, 0.0, 1.0, 0.8, 0.875, 0.625, 0.75, 0.8, 0.75, 0.0, 0.9231, 1.0, 1.0, 0.8333, 0.6, 0.6667, 0.9091, 0.0, 1.0, 0.625, 0.8571, 0.875, 1.0, 1.0, 0.9091, 0.2, 1.0, 0.8889, 0.8, 0.8571, 0.7143, 0.75, 1.0, 1.0, 1.0, 0.8571, 0.7778, 1.0, 0.9167, 0.6667, 0.8333, 1.0, 0.75, 0.75, 1.0, 0.8, 1.0, 0.875, 0.8333, 0.8889, 1.0, 0.9091, 0.8889, 0.9, 1.0, 0.8, 0.75, 0.7, 1.0, 0.75, 0.8333, 0.875, 0.875, 1.0, 0.875, 0.9091, 0.8889, 0.8333, 0.6667, 0.8333, 1.0, 1.0, 0.8]","[0, 5, 11, 30, 36, 41, 49, 58, 67, 68, 74, 76, 80, 82, 84, 86, 93, 98, 103, 104, 105, 109, 110, 114, 115, 125, 131, 136, 148, 149, 151, 152, 155, 156, 157, 159, 166, 173, 174, 179, 181, 187, 193, 197, 199, 201, 204, 215, 220, 221, 222, 225, 226, 230, 232, 233, 236, 238, 241, 242, 244, 248]"
cluster,0:28,28,cluster,0.2655,0.2655,0.2655,1.0,0.2655,0.0,24,True,531,0,270,1199,0,"[0.05, 0.069, 0.0865, 0.101, 0.1135, 0.1295, 0.148, 0.165, 0.1775, 0.19, 0.1995, 0.2105, 0.221, 0.227, 0.2295, 0.2345, 0.24, 0.2445, 0.2485, 0.2545, 0.2605, 0.264, 0.265, 0.2655, 0.2655, 0.2655, 0.2655, 0.2655, 0.2655, 0.2655, 0.2655, 0.2655, 0.2655, 0.2655, 0.2655, 0.2655, 0.2655, 0.2655, 0.2655, 0.2655, 0.2655, 0.2655, 0.2655, 0.2655, 0.2655, 0.2655, 0.2655, 0.2655, 0.2655, 0.2655, 0.2655, 0.2655, 0.2655, 0.2655, 0.2655, 0.2655, 0.2655, 0.2655, 0.2655, 0.2655, 0.2655, 0.2655, 0.2655, 0.2655, 0.2655, 0.2655, 0.2655, 0.2655, 0.2655, 0.2655, 0.2655, 0.2655, 0.2655, 0.2655, 0.2655, 0.2655, 0.2655, 0.2655, 0.2655, 0.2655, 0.2655, 0.2655, 0.2655, 0.2655, 0.2655, 0.2655, 0.2655, 0.2655, 0.2655, 0.2655, 0.2655, 0.2655, 0.2655, 0.2655, 0.2655, 0.2655, 0.2655, 0.2655, 0.2655, 0.2655, 0.2655]","{""0"": 0.5378, ""1"": 0.2863, ""2"": 0.0598, ""3"": 0.0076, ""4"": 0.3108, ""5"": 0.0039, ""6"": 0.6996, ""7"": 0.2301}","[0.5556, 0.0, 0.0, 0.0, 0.0, 0.1538, 0.0, 1.0, 0.0, 0.0, 0.0, 0.0, 0.0, 0.0, 0.0, 1.0, 0.0, 0.0, 0.0, 0.0, 0.0, 0.0, 0.0, 1.0, 0.0, 0.0, 0.0, 0.0, 0.0, 0.0, 0.0, 0.7143, 0.0, 0.0, 0.0, 0.0, 0.0, 0.0, 0.0, 1.0, 0.0, 0.0, 0.0, 0.0, 0.0, 0.0, 0.0, 0.75, 0.0, 0.0, 0.0, 0.0, 0.0, 0.0, 0.0, 0.2222, 0.0, 0.0, 0.1667, 0.0, 0.0, 0.0, 0.0, 0.0, 0.0, 0.1667, 0.0, 0.0, 0.0, 0.0, 0.0, 1.0, 0.0, 0.6364, 0.0, 0.0, 0.0, 0.0, 0.0, 1.0, 0.1, 1.0, 0.0, 0.0, 0.0, 1.0, 0.0, 0.8333, 0.7143, 1.0, 0.0, 0.0, 0.0, 0.9333, 0.0, 1.0, 1.0, 0.8889, 0.0, 0.0, 0.0, 1.0, 0.0, 1.0, 0.9091, 1.0, 0.0, 0.0, 0.0, 0.7, 0.0, 0.8333, 1.0, 1.0, 0.0, 0.0, 0.0, 1.0, 0.0, 1.0, 0.7143, 1.0, 0.0, 0.0, 0.0, 0.7778, 0.0, 0.8182, 0.8333, 0.9, 0.0, 0.0, 0.0, 1.0, 0.0, 1.0, 0.7143, 0.6, 0.0, 0.0, 0.0, 1.0, 0.0, 0.8333, 0.1429, 0.6667, 0.0, 0.2, 0.0, 1.0, 0.0, 0.0, 0.1429, 1.0, 0.1429, 1.0, 0.0, 1.0, 0.0, 0.0, 0.0, 0.8571, 0.0, 0.0, 0.1429, 0.0, 0.0, 0.0, 0.0, 0.7143, 0.0, 0.0, 0.0, 0.0, 0.0, 0.0, 0.0, 0.7778, 0.4286, 0.0, 0.0, 0.0, 0.0, 0.75, 0.0, 0.75, 0.7143, 0.0, 0.0, 0.0, 0.0, 0.6, 0.3333, 0.9091, 0.6667, 0.0, 0.0, 0.1429, 0.0, 1.0, 0.0, 1.0, 1.0, 0.0, 0.0, 0.0, 0.0, 0.7143, 0.0, 1.0, 1.0, 0.0, 0.0, 0.0, 0.0, 0.9167, 0.0, 0.8333, 1.0, 0.0, 0.0, 0.0, 0.0, 1.0, 0.0, 0.5, 0.8889, 0.0, 0.0, 0.0, 0.1, 1.0, 0.0, 0.0, 1.0, 0.0, 0.0625, 0.0, 0.0, 0.875, 0.0, 0.0, 0.9091, 0.0, 0.0, 0.0, 0.0, 1.0, 0.0, 0.0]","[15, 103, 112, 113, 119, 149, 153, 155, 192, 201, 234]"
one_per_team,0:28,28,one_per_team,0.8365,0.8365,0.8365,1.0,0.8365,0.0,42,True,1673,0,263,64,0,"[0.05, 0.0675, 0.0805, 0.097, 0.119, 0.138, 0.156, 0.178, 0.2075, 0.2295, 0.2515, 0.272, 0.292, 0.317, 0.3465, 0.3775, 0.4105, 0.4415, 0.4705, 0.4985, 0.5325, 0.5615, 0.5875, 0.612, 0.6465, 0.6695, 0.6905, 0.7065, 0.7305, 0.7505, 0.765, 0.78, 0.7935, 0.8085, 0.8165, 0.8225, 0.8275, 0.83, 0.832, 0.8335, 0.8345, 0.8365, 0.8365, 0.8365, 0.8365, 0.8365, 0.8365, 0.8365, 0.8365, 0.8365, 0.8365, 0.8365, 0.8365, 0.8365, 0.8365, 0.8365, 0.8365, 0.8365, 0.8365, 0.8365, 0.8365, 0.8365, 0.8365, 0.8365, 0.8365, 0.8365, 0.8365, 0.8365, 0.8365, 0.8365, 0.8365, 0.8365, 0.8365, 0.8365, 0.8365, 0.8365, 0.8365, 0.8365, 0.8365, 0.8365, 0.8365, 0.8365, 0.8365, 0.8365, 0.8365, 0.8365, 0.8365, 0.8365, 0.8365, 0.8365, 0.8365, 0.8365, 0.8365, 0.8365, 0.8365, 0.8365, 0.8365, 0.8365, 0.8365, 0.8365, 0.8365]","{""0"": 0.7092, ""1"": 0.859, ""2"": 0.8765, ""3"": 0.8636, ""4"": 0.8805, ""5"": 0.8555, ""6"": 0.7708, ""7"": 0.8787}","[1.0, 0.9, 0.875, 0.8333, 0.9, 1.0, 1.0, 1.0, 0.5, 0.8333, 0.8571, 1.0, 1.0, 0.625, 0.8571, 0.9, 0.8889, 0.6667, 1.0, 0.8333, 1.0, 0.625, 1.0, 1.0, 0.7778, 0.6, 0.9091, 1.0, 0.8571, 0.8333, 1.0, 0.7143, 0.875, 0.1111, 0.6667, 0.75, 0.7778, 0.8, 0.7778, 1.0, 0.8, 0.125, 1.0, 0.8, 0.8571, 1.0, 0.7778, 0.75, 1.0, 0.0769, 0.6, 0.9091, 0.8182, 1.0, 0.6, 0.7778, 1.0, 0.0, 0.8333, 0.875, 1.0, 0.875, 0.875, 0.8333, 0.8889, 0.1667, 1.0, 0.7273, 1.0, 1.0, 0.8333, 1.0, 0.8889, 0.6364, 0.8, 1.0, 0.9091, 1.0, 0.8571, 1.0, 1.0, 1.0, 0.7143, 0.8333, 0.8182, 1.0, 0.8333, 0.8333, 0.7143, 1.0, 0.8889, 0.8889, 0.8571, 0.9333, 1.0, 1.0, 1.0, 0.8889, 1.0, 1.0, 0.8333, 1.0, 1.0, 0.9231, 0.9091, 1.0, 0.9, 0.875, 1.0, 0.7, 0.9, 0.8333, 1.0, 0.8889, 1.0, 0.7692, 1.0, 1.0, 0.8, 0.875, 0.7143, 1.0, 0.8, 1.0, 1.0, 0.7778, 1.0, 0.9091, 0.8333, 0.9, 1.0, 0.7778, 0.7778, 1.0, 0.8333, 1.0, 0.7143, 0.6, 1.0, 0.8333, 0.8889, 1.0, 0.7778, 0.8333, 1.0, 0.7778, 0.8, 1.0, 0.7143, 0.7778, 0.7778, 0.0769, 1.0, 0.75, 0.7143, 0.7692, 0.7273, 1.0, 0.8, 0.0909, 1.0, 0.8571, 0.8333, 0.7778, 0.7143, 1.0, 0.7273, 0.0, 0.8889, 0.7143, 0.6, 0.9, 0.8571, 0.8333, 0.875, 0.4286, 1.0, 0.7778, 0.5714, 1.0, 0.8, 0.875, 0.625, 0.75, 0.8, 0.75, 0.8571, 0.8462, 1.0, 1.0, 0.8333, 0.6, 0.8333, 0.9091, 0.6667, 1.0, 0.625, 0.7143, 0.875, 1.0, 1.0, 0.9091, 1.0, 1.0, 1.0, 0.8, 0.8571, 0.7143, 0.75, 1.0, 1.0, 1.0, 0.8571, 0.7778, 1.0, 0.9167, 0.6667, 0.8333, 1.0, 0.75, 0.75, 1.0, 0.8, 1.0, 0.875, 0.8333, 0.8889, 1.0, 0.9091, 0.8889, 0.9, 1.0, 0.8, 0.75, 0.8, 1.0, 0.75, 1.0, 0.875, 0.875, 1.0, 0.875, 0.9091, 0.8889, 0.8333, 0.6667, 0.8333, 1.0, 1.0, 0.8]","[2, 3, 5, 6, 11, 15, 17, 19, 20, 22, 23, 25, 27, 31, 36, 40, 42, 45, 46, 49, 51, 53, 58, 61, 62, 65, 66, 67, 69, 70, 71, 72, 77, 78, 80, 84, 85, 87, 89, 94, 98, 99, 100, 103, 107, 110, 112, 113, 118, 119, 124, 126, 127, 129, 131, 135, 140, 141, 143, 144, 145, 148, 149, 153, 155, 156, 160, 161, 169, 172, 175, 177, 178, 181, 183, 185, 186, 188, 189, 190, 192, 193, 200, 201, 204, 209, 210, 212, 213, 217, 219, 225, 228, 230, 232, 234, 237, 238, 239, 243]"
random,0:29,29,random,0.777,0.777,0.777,1.0,0.777,0.0,76,True,1554,0,278,168,0,"[0.05, 0.074, 0.1005, 0.1285, 0.16, 0.1865, 0.2135, 0.2415, 0.2695, 0.2975, 0.3235, 0.353, 0.3805, 0.401, 0.421, 0.4365, 0.4525, 0.468, 0.484, 0.498, 0.5145, 0.5335, 0.546, 0.5565, 0.57, 0.5845, 0.5985, 0.608, 0.6085, 0.609, 0.6105, 0.6145, 0.6195, 0.627, 0.6315, 0.6355, 0.6385, 0.644, 0.647, 0.6495, 0.6515, 0.655, 0.658, 0.6655, 0.667, 0.6695, 0.671, 0.6735, 0.676, 0.682, 0.686, 0.688, 0.69, 0.6925, 0.695, 0.697, 0.698, 0.6995, 0.702, 0.706, 0.7115, 0.716, 0.7175, 0.7185, 0.7205, 0.7245, 0.73, 0.7405, 0.7495, 0.756, 0.7605, 0.7685, 0.7735, 0.775, 0.7765, 0.777, 0.777, 0.777, 0.777, 0.777, 0.777, 0.777, 0.777, 0.777, 0.777, 0.777, 0.777, 0.777, 0.777, 0.777, 0.777, 0.777, 0.777, 0.777, 0.777, 0.777, 0.777, 0.777, 0.777, 0.777, 0.777]","{""0"": 0.8423, ""1"": 0.8536, ""2"": 0.5351, ""3"": 0.8636, ""4"": 0.8837, ""5"": 0.8477, ""6"": 0.8566, ""7"": 0.5565}","[0.8889, 0.7143, 0.625, 0.0, 1.0, 1.0, 0.7778, 0.875, 0.5, 1.0, 0.875, 0.0, 0.5, 0.9, 0.7778, 1.0, 0.8571, 0.8571, 0.7778, 0.0, 0.7143, 0.7778, 0.8571, 0.8333, 0.75, 0.8889, 0.6667, 0.0, 1.0, 0.875, 0.7778, 0.8571, 0.9231, 0.8571, 0.8333, 0.0833, 0.8333, 1.0, 0.8571, 0.7143, 0.7143, 0.875, 0.8462, 0.1111, 0.7143, 1.0, 0.8889, 1.0, 1.0, 1.0, 0.8, 0.0, 0.8333, 1.0, 1.0, 0.625, 0.8571, 0.75, 1.0, 0.7, 0.875, 1.0, 0.8, 1.0, 0.7143, 1.0, 1.0, 0.9167, 1.0, 0.875, 0.8889, 0.8889, 0.8462, 0.75, 1.0, 1.0, 0.875, 0.7778, 0.8667, 0.8, 0.8889, 0.8571, 0.75, 1.0, 0.8333, 0.8889, 0.8, 0.875, 0.7, 0.875, 1.0, 0.8889, 0.8, 0.8, 1.0, 0.7, 1.0, 0.9091, 0.8571, 1.0, 0.875, 0.9091, 0.9, 0.75, 0.9167, 0.7778, 0.875, 1.0, 1.0, 0.7273, 1.0, 1.0, 1.0, 0.8333, 1.0, 0.875, 1.0, 1.0, 0.8, 0.8, 0.7778, 1.0, 0.8571, 0.875, 0.6923, 0.9, 1.0, 0.8, 0.8333, 0.625, 0.8571, 0.7, 0.875, 1.0, 0.7, 0.8889, 0.0, 1.0, 0.7273, 1.0, 0.8889, 1.0, 0.8889, 1.0, 0.0, 1.0, 1.0, 1.0, 0.8571, 1.0, 0.8462, 0.875, 0.0, 0.8889, 0.6667, 1.0, 0.75, 0.875, 0.8889, 1.0, 0.0, 1.0, 1.0, 0.5714, 0.9, 1.0, 0.625, 1.0, 0.0, 0.8333, 0.8182, 0.75, 0.8889, 0.75, 0.8889, 0.7778, 0.0, 0.5714, 0.8571, 0.9, 1.0, 0.8571, 0.8333, 0.8571, 0.0, 0.5, 1.0, 0.8333, 1.0, 0.7778, 0.8571, 1.0, 0.0, 0.8889, 0.8, 1.0, 0.8889, 0.7143, 0.8333, 0.7, 0.0, 0.75, 0.8571, 0.8571, 0.8889, 0.8333, 0.6667, 0.75, 0.1667, 0.875, 0.9, 0.0, 1.0, 1.0, 0.8571, 0.8333, 0.2, 0.8333, 0.8333, 0.0, 0.8571, 0.9, 0.875, 0.8, 0.0, 0.8, 0.8333, 0.0, 1.0, 1.0, 0.75, 0.7143, 1.0, 0.8571, 0.8333, 0.2, 0.7778, 0.7143, 1.0, 0.8889, 0.8571, 0.8571, 0.75, 0.0, 0.7143, 0.7778, 0.8571, 1.0, 0.6, 0.7143]","[0, 4, 10, 12, 20, 25, 31, 35, 37, 39, 40, 43, 44, 47, 48, 50, 54, 57, 59, 64, 65, 67, 69, 70, 72, 79, 80, 89, 90, 92, 95, 97, 98, 99, 101, 103, 105, 107, 109, 111, 112, 114, 119, 122, 125, 133, 134, 135, 139, 140, 149, 150, 155, 163, 165, 169, 170, 173, 174, 175, 178, 179, 180, 181, 186, 190, 201, 203, 205, 208, 210, 212, 217, 221, 223, 225, 226, 228, 229, 233, 235, 238, 239, 240, 242]"
champions,0:29,29,champions,0.7965,0.7965,0.7965,1.0,0.7965,0.0,26,True,1593,0,273,134,0,"[0.05, 0.085, 0.132, 0.183, 0.2415, 0.306, 0.3625, 0.42, 0.4625, 0.5025, 0.5355, 0.5695, 0.5995, 0.622, 0.645, 0.6705, 0.699, 0.7235, 0.7385, 0.7505, 0.769, 0.78, 0.787, 0.7915, 0.795, 0.7965, 0.7965, 0.7965, 0.7965, 0.7965, 0.7965, 0.7965, 0.7965, 0.7965, 0.7965, 0.7965, 0.7965, 0.7965, 0.7965, 0.7965, 0.7965, 0.7965, 0.7965, 0.7965, 0.7965, 0.7965, 0.7965, 0.7965, 0.7965, 0.7965, 0.7965, 0.7965, 0.7965, 0.7965, 0.7965, 0.7965, 0.7965, 0.7965, 0.7965, 0.7965, 0.7965, 0.7965, 0.7965, 0.7965, 0.7965, 0.7965, 0.7965, 0.7965, 0.7965, 0.7965, 0.7965, 0.7965, 0.7965, 0.7965, 0.7965, 0.7965, 0.7965, 0.7965, 0.7965, 0.7965, 0.7965, 0.7965, 0.7965, 0.7965, 0.7965, 0.7965, 0.7965, 0.7965, 0.7965, 0.7965, 0.7965, 0.7965, 0.7965, 0.7965, 0.7965, 0.7965, 0.7965, 0.7965, 0.7965, 0.7965, 0.7965]","{""0"": 0.8423, ""1"": 0.8452, ""2"": 0.5424, ""3"": 0.7686, ""4"": 0.8837, ""5"": 0.8672, ""6"": 0.8648, ""7"": 0.7782}","[1.0, 0.7143, 0.625, 0.0, 0.0, 1.0, 0.7778, 0.875, 0.5, 1.0, 0.875, 0.0, 0.0, 0.9, 0.7778, 1.0, 0.8571, 0.8571, 0.7778, 0.2, 0.0, 0.7778, 0.8571, 0.8333, 0.75, 0.8889, 0.6667, 0.8333, 0.0, 0.875, 0.7778, 0.8571, 0.9231, 0.8571, 0.8333, 1.0, 0.6667, 1.0, 0.8571, 0.7143, 0.7143, 0.875, 0.8462, 0.8889, 0.5714, 1.0, 0.8889, 1.0, 1.0, 1.0, 0.6, 0.9231, 0.8333, 1.0, 1.0, 0.625, 0.8571, 0.8333, 1.0, 0.7, 0.875, 1.0, 0.8, 1.0, 0.7143, 1.0, 1.0, 0.9167, 1.0, 0.875, 0.8889, 0.8889, 0.8462, 0.75, 1.0, 1.0, 0.875, 0.7778, 0.9333, 0.8, 0.8889, 0.8571, 0.75, 1.0, 0.8333, 0.8889, 0.9, 0.875, 0.7, 0.875, 1.0, 0.8889, 0.8, 0.8, 1.0, 0.8, 1.0, 0.9091, 0.8571, 1.0, 0.875, 0.8182, 0.9, 0.75, 1.0, 0.7778, 0.875, 0.2857, 1.0, 0.8182, 1.0, 1.0, 1.0, 0.8333, 1.0, 0.0, 1.0, 1.0, 0.8, 0.9, 0.7778, 1.0, 0.8571, 0.0, 0.7692, 0.9, 1.0, 0.8, 0.8333, 0.625, 0.8571, 0.0, 1.0, 1.0, 0.8, 0.8889, 0.7778, 1.0, 0.7273, 0.0, 0.8889, 1.0, 0.8889, 1.0, 0.7143, 1.0, 1.0, 0.0, 0.8571, 1.0, 0.9231, 0.875, 0.9091, 0.8889, 0.6667, 0.1667, 0.75, 0.875, 0.8889, 1.0, 1.0, 1.0, 1.0, 0.5714, 0.9, 0.8, 0.75, 1.0, 1.0, 0.8333, 0.7273, 0.75, 0.8889, 0.75, 0.8889, 0.7778, 0.8333, 0.5714, 0.8571, 0.9, 0.875, 0.8571, 0.8333, 0.8571, 0.6667, 0.5, 1.0, 0.9167, 1.0, 0.7778, 0.8571, 1.0, 1.0, 0.8889, 0.8, 1.0, 0.8889, 0.7143, 0.8333, 0.7, 0.7143, 0.875, 0.8571, 0.8571, 0.8889, 0.8333, 0.6667, 0.75, 1.0, 1.0, 0.9, 0.8, 1.0, 1.0, 0.8571, 1.0, 0.8, 0.6667, 0.8333, 0.8571, 0.8571, 0.9, 0.875, 0.7, 0.0, 0.6, 0.8333, 0.0, 1.0, 1.0, 0.75, 0.7143, 0.0, 0.8571, 0.8333, 0.0, 0.7778, 0.7143, 1.0, 0.8889, 0.0, 0.8571, 0.75, 0.0, 0.5714, 0.7778, 0.8571, 1.0, 0.6, 0.7143]","[0, 5, 6, 10, 14, 22, 27, 32, 35, 42, 47, 51, 57, 58, 66, 70, 72, 78, 80, 84, 86, 87, 88, 89, 92, 93, 95, 96, 104, 109, 119, 124, 132, 134, 140, 141, 149, 150, 152, 153, 160, 161, 162, 166, 170, 179, 186, 187, 190, 195, 199, 201, 203, 205, 206, 209, 212, 213, 215, 219, 222, 223, 228, 234, 236, 244, 246, 247]"
cluster,0:29,29,cluster,0.2485,0.2485,0.2485,1.0,0.2485,0.0,26,True,497,0,278,1225,0,"[0.05, 0.0675, 0.083, 0.096, 0.113, 0.1275, 0.145, 0.163, 0.1705, 0.1785, 0.189, 0.196, 0.2035, 0.2075, 0.2125, 0.2175, 0.222, 0.226, 0.229, 0.232, 0.236, 0.241, 0.2445, 0.2465, 0.248, 0.2485, 0.2485, 0.2485, 0.2485, 0.2485, 0.2485, 0.2485, 0.2485, 0.2485, 0.2485, 0.2485, 0.2485, 0.2485, 0.2485, 0.2485, 0.2485, 0.2485, 0.2485, 0.2485, 0.2485, 0.2485, 0.2485, 0.2485, 0.2485, 0.2485, 0.2485, 0.2485, 0.2485, 0.2485, 0.2485, 0.2485, 0.2485, 0.2485, 0.2485, 0.2485, 0.2485, 0.2485, 0.2485, 0.2485, 0.2485, 0.2485, 0.2485, 0.2485, 0.2485, 0.2485, 0.2485, 0.2485, 0.2485, 0.2485, 0.2485, 0.2485, 0.2485, 0.2485, 0.2485, 0.2485, 0.2485, 0.2485, 0.2485, 0.2485, 0.2485, 0.2485, 0.2485, 0.2485, 0.2485, 0.2485, 0.2485, 0.2485, 0.2485, 0.2485, 0.2485, 0.2485, 0.2485, 0.2485, 0.2485, 0.2485, 0.2485]","{""0"": 0.0, ""1"": 0.2469, ""2"": 0.0738, ""3"": 0.2438, ""4"": 0.031, ""5"": 0.4219, ""6"": 0.4713, ""7"": 0.5121}","[0.4444, 0.0, 0.0, 0.0, 0.0, 0.0, 0.0, 0.25, 0.5, 0.0, 0.0, 0.0, 0.0, 0.0, 0.0, 0.0, 0.8571, 0.0, 0.1111, 0.0, 0.0, 0.0, 0.0, 0.1667, 0.75, 0.0, 0.6667, 0.0, 0.0, 0.0, 0.0, 0.1429, 0.9231, 0.0, 0.8333, 0.0, 0.1667, 0.1667, 0.0, 0.0, 1.0, 0.0, 1.0, 0.0, 0.5714, 0.0, 0.0, 0.0, 1.0, 0.0, 0.6, 0.0, 1.0, 0.0, 0.0, 0.0, 0.8571, 0.0, 1.0, 0.0, 0.875, 1.0, 0.2, 0.0, 0.7143, 0.0, 1.0, 0.0, 1.0, 0.0, 0.1111, 0.0, 0.8462, 0.0, 1.0, 0.0, 0.875, 0.0, 0.0, 1.0, 0.8889, 0.0, 0.125, 1.0, 0.1667, 0.0, 0.8, 0.875, 0.7, 0.0, 0.0, 0.8889, 0.0, 0.0, 1.0, 0.7, 1.0, 0.0, 0.0, 1.0, 0.0, 0.0, 1.0, 0.75, 0.9167, 0.0, 0.0, 0.2857, 0.0, 0.0, 1.0, 1.0, 1.0, 0.0, 0.0, 0.0, 0.0, 0.0, 1.0, 0.8, 0.7778, 0.0, 0.0, 0.0, 0.0, 0.0, 0.8, 0.8, 0.6667, 0.0, 0.0, 0.0, 0.0, 0.0, 0.0, 1.0, 0.0, 0.0, 0.0, 0.0, 0.0, 0.0, 0.0, 1.0, 0.0, 0.0, 1.0, 0.0, 0.0, 0.0, 0.0, 0.875, 0.0, 0.0, 0.1667, 0.0, 0.0, 0.0, 0.0, 1.0, 0.0, 0.0, 0.0, 0.0, 0.0, 0.0, 0.0, 1.0, 0.0, 0.0, 0.0, 0.0, 0.0, 0.0, 0.8889, 0.7778, 0.0, 0.0, 0.0, 0.0, 0.0, 0.0, 0.8333, 0.8571, 0.0, 0.0, 0.0, 0.0, 0.0, 0.0, 0.8571, 1.0, 0.0, 0.0, 0.0, 0.125, 0.0, 0.0, 0.8333, 0.0, 0.0, 0.0, 0.0, 0.0, 0.1111, 0.0, 0.6667, 0.0, 0.1667, 0.0, 0.0, 0.0, 0.8333, 0.0, 0.8571, 0.0, 0.0, 0.0, 0.0, 0.0, 0.8571, 0.0, 0.875, 0.0, 0.0, 0.0, 0.0, 0.0, 1.0, 0.0, 1.0, 0.2857, 0.0, 0.0, 0.0, 0.0, 0.2222, 0.0, 1.0, 0.0, 0.0, 0.0, 0.0, 0.0, 0.1429, 0.0, 0.8571, 0.0, 0.6, 0.0]","[40, 42, 52, 61, 79, 83, 102, 118, 135, 146, 191, 228, 230]"
one_per_team,0:29,29,one_per_team,0.5125,0.5125,0.5125,1.0,0.5125,0.0,25,True,1025,0,272,703,0,"[0.05, 0.0705, 0.0865, 0.106, 0.138, 0.1655, 0.193, 0.223, 0.2565, 0.29, 0.322, 0.3575, 0.3815, 0.4025, 0.425, 0.448, 0.4645, 0.4745, 0.4845, 0.49, 0.4955, 0.5035, 0.508, 0.512, 0.5125, 0.5125, 0.5125, 0.5125, 0.5125, 0.5125, 0.5125, 0.5125, 0.5125, 0.5125, 0.5125, 0.5125, 0.5125, 0.5125, 0.5125, 0.5125, 0.5125, 0.5125, 0.5125, 0.5125, 0.5125, 0.5125, 0.5125, 0.5125, 0.5125, 0.5125, 0.5125, 0.5125, 0.5125, 0.5125, 0.5125, 0.5125, 0.5125, 0.5125, 0.5125, 0.5125, 0.5125, 0.5125, 0.5125, 0.5125, 0.5125, 0.5125, 0.5125, 0.5125, 0.5125, 0.5125, 0.5125, 0.5125, 0.5125, 0.5125, 0.5125, 0.5125, 0.5125, 0.5125, 0.5125, 0.5125, 0.5125, 0.5125, 0.5125, 0.5125, 0.5125, 0.5125, 0.5125, 0.5125, 0.5125, 0.5125, 0.5125, 0.5125, 0.5125, 0.5125, 0.5125, 0.5125, 0.5125, 0.5125, 0.5125, 0.5125, 0.5125]","{""0"": 0.7386, ""1"": 0.8619, ""2"": 0.1734, ""3"": 0.0785, ""4"": 0.407, ""5"": 0.8594, ""6"": 0.8648, ""7"": 0.1532}","[0.5556, 0.4286, 0.75, 0.0, 0.0, 1.0, 0.7778, 0.875, 0.5, 1.0, 0.875, 0.0, 0.1667, 0.9, 0.7778, 1.0, 0.8571, 0.8571, 0.7778, 0.0, 0.0, 0.7778, 0.8571, 0.8333, 0.0, 0.8889, 0.7778, 0.1667, 0.2, 0.875, 0.7778, 0.8571, 0.0769, 0.8571, 0.8333, 0.0, 0.0, 1.0, 0.8571, 0.7143, 0.1429, 0.875, 0.9231, 0.0, 0.0, 1.0, 0.8889, 1.0, 0.0, 1.0, 0.6, 0.0, 0.1667, 1.0, 1.0, 0.625, 0.1429, 0.75, 1.0, 0.0, 0.0, 1.0, 0.8, 1.0, 0.2857, 1.0, 1.0, 0.0833, 0.1667, 0.875, 0.8889, 0.8889, 0.1538, 0.75, 1.0, 0.0, 0.0, 0.0, 0.8667, 1.0, 0.0, 0.8571, 0.75, 0.3333, 0.0833, 0.1111, 0.8, 0.875, 0.0, 0.875, 1.0, 0.0, 0.2, 0.0, 1.0, 0.7, 0.0, 0.9091, 0.8571, 0.0, 0.125, 0.0909, 0.9, 0.875, 0.1667, 0.7778, 0.875, 0.0, 0.1667, 0.0, 1.0, 1.0, 0.0, 0.8333, 1.0, 0.0, 0.1667, 0.0, 0.8, 0.8, 0.2222, 1.0, 1.0, 0.125, 0.0, 0.1, 1.0, 0.8, 0.3333, 0.625, 0.8571, 0.1, 0.0, 0.0, 0.8, 1.0, 0.0, 1.0, 0.7273, 0.0, 0.1111, 0.0, 0.8889, 1.0, 0.1429, 1.0, 1.0, 0.0, 0.0, 0.0, 0.9231, 0.875, 0.0, 0.8889, 0.6667, 0.1667, 0.0, 0.25, 0.8889, 1.0, 0.0, 1.0, 1.0, 0.7143, 0.0, 0.0, 0.625, 1.0, 0.0, 0.8333, 0.7273, 0.75, 0.2222, 0.0, 0.8889, 0.7778, 0.0, 0.7143, 0.8571, 0.9, 0.125, 0.0, 0.8333, 0.8571, 0.3333, 0.5, 1.0, 0.8333, 0.1429, 0.0, 0.8571, 1.0, 0.0, 0.8889, 0.8, 1.0, 0.1111, 0.0, 0.8333, 0.7, 0.0, 0.875, 0.8571, 0.0714, 0.1111, 0.0833, 0.6667, 0.75, 0.0, 0.875, 0.9, 0.1, 0.0, 0.8571, 0.8571, 0.8333, 0.0, 0.6667, 0.8333, 0.1429, 0.1429, 0.9, 0.875, 0.7, 0.0, 0.0, 0.8333, 0.0, 0.0909, 1.0, 0.875, 0.7143, 1.0, 0.1429, 0.8333, 0.0, 0.0, 0.7143, 1.0, 0.8889, 0.7143, 0.0, 0.75, 0.0, 0.1429, 0.7778, 0.8571, 1.0, 0.6, 0.0]","[1, 2, 8, 12, 13, 15, 16, 18, 22, 23, 25, 26, 27, 28, 32, 33, 37, 38, 39, 40, 42, 46, 49, 50, 52, 53, 54, 61, 67, 68, 72, 78, 79, 83, 86, 89, 92, 97, 98, 100, 101, 102, 103, 104, 106, 108, 111, 113, 114, 118, 120, 122, 123, 126, 128, 129, 130, 131, 134, 135, 137, 138, 140, 143, 144, 146, 150, 157, 158, 159, 162, 163, 167, 170, 172, 174, 177, 179, 180, 183, 184, 185, 188, 191, 194, 195, 196, 201, 204, 218, 219, 220, 228, 229, 230, 231, 233, 240, 245, 247]"
random,0:30,30,random,0.793,0.793,0.793,1.0,0.793,0.0,47,True,1586,0,280,134,0,"[0.05, 0.069, 0.0845, 0.112, 0.138, 0.163, 0.19, 0.214, 0.2385, 0.2595, 0.275, 0.29, 0.313, 0.3305, 0.349, 0.369, 0.393, 0.412, 0.432, 0.455, 0.4785, 0.506, 0.526, 0.5485, 0.5715, 0.589, 0.608, 0.6265, 0.6475, 0.662, 0.685, 0.709, 0.7275, 0.735, 0.7385, 0.7425, 0.7475, 0.752, 0.7605, 0.7685, 0.773, 0.778, 0.7825, 0.7855, 0.7895, 0.7915, 0.793, 0.793, 0.793, 0.793, 0.793, 0.793, 0.793, 0.793, 0.793, 0.793, 0.793, 0.793, 0.793, 0.793, 0.793, 0.793, 0.793, 0.793, 0.793, 0.793, 0.793, 0.793, 0.793, 0.793, 0.793, 0.793, 0.793, 0.793, 0.793, 0.793, 0.793, 0.793, 0.793, 0.793, 0.793, 0.793, 0.793, 0.793, 0.793, 0.793, 0.793, 0.793, 0.793, 0.793, 0.793, 0.793, 0.793, 0.793, 0.793, 0.793, 0.793, 0.793, 0.793, 0.793, 0.793]","{""0"": 0.4353, ""1"": 0.8655, ""2"": 0.8893, ""3"": 0.6996, ""4"": 0.8596, ""5"": 0.8677, ""6"": 0.8808, ""7"": 0.8664}","[0.6667, 0.125, 1.0, 0.875, 1.0, 0.7692, 0.8889, 0.8333, 0.8571, 0.0, 0.9, 0.8, 0.875, 0.7778, 0.8571, 1.0, 0.8889, 0.0, 0.6667, 1.0, 0.7, 0.7778, 0.8333, 0.9, 0.7273, 0.0, 1.0, 1.0, 0.4, 1.0, 0.875, 1.0, 1.0, 0.2727, 0.6, 0.8333, 0.5556, 0.8333, 0.8571, 0.6, 0.7778, 0.0, 1.0, 1.0, 1.0, 0.9286, 0.625, 1.0, 1.0, 0.0, 1.0, 0.8889, 0.9091, 1.0, 1.0, 0.7778, 1.0, 0.1667, 0.6, 0.7778, 1.0, 0.8571, 1.0, 0.75, 0.8, 0.0, 1.0, 0.75, 0.8889, 0.6667, 0.8333, 1.0, 1.0, 0.0, 0.8333, 1.0, 0.8182, 1.0, 0.7, 0.875, 1.0, 0.1429, 0.8, 1.0, 0.75, 1.0, 1.0, 1.0, 0.6667, 1.0, 1.0, 0.7778, 0.9, 0.5556, 0.8333, 1.0, 0.8889, 1.0, 0.75, 1.0, 0.9, 0.8, 0.875, 1.0, 1.0, 0.8889, 0.7143, 1.0, 0.7778, 0.8889, 1.0, 0.8571, 1.0, 0.6667, 0.875, 1.0, 1.0, 0.875, 1.0, 0.7778, 0.8, 0.875, 1.0, 1.0, 0.9, 1.0, 1.0, 1.0, 0.8889, 1.0, 0.8889, 0.8889, 0.8889, 0.875, 0.7778, 0.6923, 1.0, 1.0, 0.6, 0.7273, 0.625, 0.7143, 0.6667, 0.8333, 0.8889, 1.0, 1.0, 1.0, 0.75, 0.8, 1.0, 1.0, 0.8889, 0.5, 0.75, 0.8889, 1.0, 0.8333, 0.8333, 0.625, 0.8571, 1.0, 0.8333, 0.8333, 0.8, 0.8889, 0.7778, 1.0, 0.75, 0.9, 0.625, 0.8, 1.0, 1.0, 0.7273, 0.75, 1.0, 1.0, 1.0, 0.8462, 0.75, 1.0, 0.8, 0.8, 0.8462, 0.7, 1.0, 1.0, 0.8571, 0.7143, 0.8, 1.0, 0.8, 0.6, 0.8333, 1.0, 0.3333, 0.75, 0.5714, 1.0, 1.0, 0.3333, 0.625, 1.0, 0.0, 0.8333, 1.0, 0.8889, 0.8889, 0.9, 0.625, 1.0, 0.4444, 0.8333, 1.0, 0.7778, 0.7857, 0.1818, 1.0, 0.7143, 0.1111, 0.8333, 1.0, 0.875, 0.8, 0.2857, 1.0, 0.75, 0.0, 1.0, 1.0, 0.8333, 1.0, 0.0, 1.0, 0.75, 0.0909, 1.0, 0.7778, 0.8462, 1.0, 0.0, 1.0, 1.0, 0.5, 0.8889, 0.875, 1.0, 0.6364, 0.0]","[0, 1, 3, 4, 6, 10, 11, 15, 20, 24, 33, 35, 36, 45, 46, 51, 55, 56, 57, 58, 59, 63, 64, 67, 71, 76, 78, 83, 85, 86, 90, 91, 92, 93, 94, 95, 98, 101, 102, 104, 109, 110, 113, 114, 118, 119, 122, 124, 129, 131, 132, 133, 135, 137, 145, 150, 151, 153, 155, 157, 158, 165, 168, 170, 172, 176, 179, 187, 188, 192, 193, 194, 198, 207, 209, 212, 216, 219, 222, 237, 238, 239, 242, 247]"
champions,0:30,30,champions,0.775,0.775,0.775,1.0,0.775,-0.0,38,True,1550,0,276,174,0,"[0.05, 0.088, 0.132, 0.193, 0.261, 0.3125, 0.3535, 0.391, 0.423, 0.4485, 0.479, 0.504, 0.5245, 0.5445, 0.561, 0.578, 0.594, 0.6065, 0.62, 0.6365, 0.651, 0.6645, 0.68, 0.6915, 0.7005, 0.7075, 0.7185, 0.727, 0.7365, 0.741, 0.7445, 0.7495, 0.754, 0.757, 0.762, 0.7665, 0.7715, 0.775, 0.775, 0.775, 0.775, 0.775, 0.775, 0.775, 0.775, 0.775, 0.775, 0.775, 0.775, 0.775, 0.775, 0.775, 0.775, 0.775, 0.775, 0.775, 0.775, 0.775, 0.775, 0.775, 0.775, 0.775, 0.775, 0.775, 0.775, 0.775, 0.775, 0.775, 0.775, 0.775, 0.775, 0.775, 0.775, 0.775, 0.775, 0.775, 0.775, 0.775, 0.775, 0.775, 0.775, 0.775, 0.775, 0.775, 0.775, 0.775, 0.775, 0.775, 0.775, 0.775, 0.775, 0.775, 0.775, 0.775, 0.775, 0.775, 0.775, 0.775, 0.775, 0.775, 0.775]","{""0"": 0.502, ""1"": 0.8655, ""2"": 0.8934, ""3"": 0.8251, ""4"": 0.7404, ""5"": 0.6342, ""6"": 0.8808, ""7"": 0.8704}","[0.8889, 0.75, 1.0, 0.875, 1.0, 0.8462, 0.8889, 0.8333, 0.8571, 0.625, 0.9, 0.9, 0.875, 0.8889, 0.8571, 1.0, 0.8889, 0.0, 0.6667, 1.0, 0.7, 0.7778, 0.8333, 0.9, 0.6364, 0.0, 1.0, 1.0, 0.4, 1.0, 0.875, 1.0, 1.0, 0.0909, 0.6, 0.8333, 0.6667, 0.8333, 0.8571, 0.6, 0.7778, 0.0, 1.0, 1.0, 1.0, 0.9286, 0.25, 1.0, 1.0, 0.0, 1.0, 0.8889, 0.9091, 1.0, 1.0, 0.7778, 1.0, 0.0, 0.6, 0.7778, 1.0, 0.8571, 1.0, 0.75, 0.8, 0.0, 1.0, 0.75, 0.8889, 0.6667, 0.8333, 1.0, 1.0, 0.0, 0.8333, 1.0, 0.8182, 1.0, 0.7, 0.875, 1.0, 0.1429, 0.8, 1.0, 0.75, 1.0, 1.0, 1.0, 0.6667, 1.0, 1.0, 0.7778, 0.8, 0.4444, 0.8333, 1.0, 0.8889, 1.0, 0.75, 1.0, 0.9, 0.7, 0.875, 1.0, 1.0, 0.1111, 0.7143, 1.0, 0.7778, 0.7778, 1.0, 0.8571, 1.0, 0.0, 0.875, 1.0, 1.0, 0.875, 1.0, 0.7778, 0.8, 0.0, 1.0, 1.0, 0.8, 1.0, 0.0, 1.0, 0.8889, 0.0, 0.8889, 0.8889, 0.8889, 0.875, 0.0, 0.7692, 1.0, 1.0, 0.6, 0.7273, 0.625, 0.7143, 0.1667, 0.9167, 0.8889, 1.0, 1.0, 1.0, 0.75, 0.8, 0.0, 1.0, 0.8889, 0.6667, 0.75, 0.8889, 1.0, 0.8333, 0.0, 0.625, 0.8571, 1.0, 0.8333, 0.8333, 0.8, 0.0, 0.2222, 1.0, 0.75, 0.9, 0.625, 0.8, 1.0, 0.0, 0.0909, 0.75, 1.0, 1.0, 1.0, 0.9231, 0.75, 0.0, 0.0, 0.8, 0.8462, 0.8, 1.0, 1.0, 0.8571, 0.0, 0.0, 1.0, 0.9, 0.8, 0.8333, 1.0, 0.6667, 0.75, 0.1429, 1.0, 1.0, 0.3333, 0.625, 1.0, 1.0, 0.8333, 1.0, 0.7778, 0.8889, 0.9, 0.625, 1.0, 0.7778, 0.8333, 1.0, 0.7778, 0.8571, 0.6364, 1.0, 0.5714, 0.7778, 0.8333, 1.0, 0.875, 0.8, 1.0, 1.0, 0.75, 0.8571, 1.0, 1.0, 0.8333, 1.0, 0.75, 1.0, 0.75, 0.8182, 1.0, 0.8889, 0.8462, 1.0, 0.7273, 1.0, 1.0, 0.625, 0.8889, 0.875, 0.875, 0.6364, 1.0]","[0, 2, 5, 11, 13, 14, 31, 36, 37, 45, 51, 53, 54, 62, 66, 68, 76, 79, 82, 87, 92, 94, 95, 96, 100, 104, 112, 116, 120, 127, 135, 137, 143, 147, 151, 153, 156, 166, 168, 171, 174, 175, 177, 179, 184, 185, 186, 188, 192, 200, 209, 211, 212, 214, 216, 217, 222, 227, 235, 236, 238, 241, 242, 244, 249]"
cluster,0:30,30,cluster,0.3355,0.3355,0.3355,1.0,0.3355,0.0,32,True,671,0,282,1047,0,"[0.05, 0.071, 0.096, 0.118, 0.14, 0.161, 0.174, 0.184, 0.197, 0.209, 0.216, 0.223, 0.2325, 0.244, 0.252, 0.2595, 0.268, 0.278, 0.287, 0.2945, 0.2985, 0.303, 0.308, 0.3135, 0.3165, 0.318, 0.3205, 0.3235, 0.3265, 0.333, 0.335, 0.3355, 0.3355, 0.3355, 0.3355, 0.3355, 0.3355, 0.3355, 0.3355, 0.3355, 0.3355, 0.3355, 0.3355, 0.3355, 0.3355, 0.3355, 0.3355, 0.3355, 0.3355, 0.3355, 0.3355, 0.3355, 0.3355, 0.3355, 0.3355, 0.3355, 0.3355, 0.3355, 0.3355, 0.3355, 0.3355, 0.3355, 0.3355, 0.3355, 0.3355, 0.3355, 0.3355, 0.3355, 0.3355, 0.3355, 0.3355, 0.3355, 0.3355, 0.3355, 0.3355, 0.3355, 0.3355, 0.3355, 0.3355, 0.3355, 0.3355, 0.3355, 0.3355, 0.3355, 0.3355, 0.3355, 0.3355, 0.3355, 0.3355, 0.3355, 0.3355, 0.3355, 0.3355, 0.3355, 0.3355, 0.3355, 0.3355, 0.3355, 0.3355, 0.3355, 0.3355]","{""0"": 0.1608, ""1"": 0.3067, ""2"": 0.6639, ""3"": 0.0, ""4"": 0.034, ""5"": 0.1051, ""6"": 0.5462, ""7"": 0.8826}","[0.4444, 0.0, 0.0, 0.875, 0.0, 0.0, 0.1111, 0.3333, 0.8571, 0.0, 0.0, 0.8, 0.0, 0.0, 0.8571, 0.0, 0.8889, 0.0, 0.0, 1.0, 0.0, 0.0, 1.0, 0.9, 0.6364, 0.0, 0.0, 1.0, 0.0, 0.0, 0.875, 1.0, 1.0, 0.0, 0.0, 1.0, 0.0, 0.0, 0.8571, 0.6, 0.7778, 0.0, 0.0, 1.0, 0.0, 0.0, 0.0, 1.0, 1.0, 0.0, 0.0, 0.8889, 0.0, 0.0, 0.0, 0.7778, 1.0, 0.0, 0.0, 0.7778, 0.0, 0.0, 0.0, 0.75, 1.0, 0.0, 0.0, 0.75, 0.0, 0.0, 0.0, 1.0, 1.0, 0.0, 0.0, 1.0, 0.0, 0.0, 0.0, 0.875, 1.0, 0.1429, 0.0, 1.0, 0.0, 0.0, 0.0, 1.0, 0.6667, 1.0, 0.0, 0.7778, 0.0, 0.0, 0.0, 1.0, 0.8889, 1.0, 0.125, 1.0, 0.0, 0.0, 0.0, 1.0, 1.0, 0.1111, 0.7143, 1.0, 0.0, 0.0, 0.0, 0.8571, 1.0, 0.0, 0.875, 1.0, 0.0, 0.0, 0.0, 0.7778, 1.0, 0.0, 1.0, 1.0, 0.0, 0.0, 0.0, 1.0, 0.8889, 0.0, 0.8889, 0.8889, 0.0, 0.0, 0.0, 0.6923, 1.0, 0.0, 0.6, 0.7273, 0.0, 0.1429, 0.1667, 0.8333, 0.8889, 0.0, 1.0, 1.0, 0.0, 1.0, 0.0, 1.0, 0.8889, 0.0, 0.75, 0.8889, 0.0, 0.0, 0.0, 0.625, 0.8571, 0.0, 0.8333, 0.8333, 0.0, 0.0, 0.0, 0.8333, 0.875, 0.0, 0.625, 0.0, 0.0, 0.0, 0.0, 0.0, 1.0, 0.0, 1.0, 0.0, 0.0, 0.0, 0.0, 0.0, 0.8462, 0.6, 1.0, 0.0, 0.0, 0.0, 0.0, 0.0, 0.8, 1.0, 0.8333, 0.0, 0.0, 0.0, 0.0, 0.0, 1.0, 0.3333, 0.125, 0.0, 0.0, 0.0, 0.0, 0.1111, 0.8889, 0.0, 0.0, 0.0, 0.0, 0.0, 0.0, 0.0, 0.7857, 0.0, 0.0, 0.0, 0.0, 0.0, 0.0, 0.0, 0.8, 1.0, 0.0, 0.625, 0.0, 0.0, 0.0, 0.0, 1.0, 1.0, 0.0, 0.75, 0.0, 0.0, 0.0, 0.0, 1.0, 0.0, 0.0, 1.0, 0.0, 0.2222, 0.0, 0.0, 0.6364, 0.0]","[22, 31, 35, 47, 64, 80, 120, 123, 127, 147, 149, 168, 186, 193, 233]"
one_per_team,0:30,30,one_per_team,0.767,0.767,0.767,1.0,0.767,-0.0,70,True,1534,0,282,184,0,"[0.05, 0.0715, 0.0855, 0.1005, 0.1215, 0.145, 0.1635, 0.184, 0.215, 0.245, 0.2745, 0.309, 0.3395, 0.368, 0.3975, 0.429, 0.455, 0.4835, 0.511, 0.5325, 0.554, 0.566, 0.581, 0.594, 0.6045, 0.6165, 0.6275, 0.639, 0.6455, 0.654, 0.6585, 0.661, 0.6665, 0.672, 0.6775, 0.686, 0.692, 0.698, 0.7025, 0.706, 0.7125, 0.7155, 0.718, 0.719, 0.721, 0.7235, 0.726, 0.727, 0.73, 0.733, 0.7365, 0.737, 0.738, 0.7395, 0.74, 0.7415, 0.743, 0.7455, 0.7465, 0.747, 0.7485, 0.751, 0.7535, 0.756, 0.758, 0.7605, 0.7625, 0.7645, 0.7665, 0.767, 0.767, 0.767, 0.767, 0.767, 0.767, 0.767, 0.767, 0.767, 0.767, 0.767, 0.767, 0.767, 0.767, 0.767, 0.767, 0.767, 0.767, 0.767, 0.767, 0.767, 0.767, 0.767, 0.767, 0.767, 0.767, 0.767, 0.767, 0.767, 0.767, 0.767, 0.767]","{""0"": 0.8275, ""1"": 0.3361, ""2"": 0.8852, ""3"": 0.6882, ""4"": 0.8553, ""5"": 0.786, ""6"": 0.8769, ""7"": 0.8704}","[0.6667, 0.875, 0.0, 0.875, 0.0, 0.7692, 0.8889, 0.8333, 0.8571, 0.625, 0.0, 0.8, 0.0, 0.7778, 0.8571, 1.0, 0.8889, 1.0, 0.0, 1.0, 0.1, 0.7778, 0.8333, 0.9, 0.6364, 0.8571, 0.1429, 1.0, 0.6, 1.0, 0.875, 1.0, 1.0, 0.8182, 0.0, 0.8333, 0.5556, 0.8333, 0.8571, 0.8, 0.7778, 0.8182, 0.0, 1.0, 1.0, 0.9286, 0.25, 1.0, 1.0, 0.8889, 0.0, 0.8889, 0.9091, 1.0, 1.0, 0.7778, 1.0, 0.6667, 0.0, 0.7778, 1.0, 1.0, 1.0, 0.75, 0.8, 0.8333, 0.0, 0.75, 0.8889, 0.6667, 0.8333, 1.0, 1.0, 0.9091, 0.1667, 1.0, 0.7273, 1.0, 0.7, 0.875, 1.0, 0.5714, 0.0, 1.0, 0.75, 1.0, 1.0, 1.0, 0.6667, 1.0, 0.0, 0.7778, 0.8, 0.4444, 0.8333, 1.0, 0.8889, 1.0, 0.125, 1.0, 0.9, 0.7, 0.875, 1.0, 1.0, 0.8889, 0.7143, 1.0, 0.7778, 0.7778, 1.0, 0.8571, 1.0, 0.5, 0.875, 1.0, 1.0, 1.0, 1.0, 0.7778, 0.8, 0.875, 1.0, 1.0, 0.8, 1.0, 1.0, 1.0, 0.8889, 1.0, 0.8889, 0.8889, 0.8889, 0.875, 0.8889, 0.6923, 1.0, 1.0, 0.6, 0.7273, 0.625, 0.7143, 0.6667, 0.8333, 0.8889, 1.0, 1.0, 1.0, 0.75, 0.8, 1.0, 1.0, 0.8889, 0.5, 0.75, 0.8889, 1.0, 0.8333, 1.0, 0.625, 0.8571, 1.0, 0.8333, 0.8333, 0.9, 0.8889, 0.7778, 1.0, 0.875, 0.9, 0.625, 0.8, 1.0, 1.0, 0.1818, 0.75, 1.0, 1.0, 1.0, 0.8462, 0.75, 1.0, 0.2, 0.8, 0.8462, 0.7, 1.0, 1.0, 0.8571, 0.7143, 0.0, 1.0, 0.8, 0.6, 0.8333, 1.0, 0.6667, 0.75, 0.1429, 1.0, 1.0, 0.3333, 0.125, 1.0, 1.0, 0.8333, 1.0, 0.7778, 0.8889, 0.9, 0.125, 1.0, 0.7778, 0.8333, 1.0, 0.7778, 0.8571, 0.6364, 0.0, 0.5714, 0.7778, 0.8333, 1.0, 0.875, 0.8, 1.0, 0.0, 0.75, 0.8571, 1.0, 1.0, 0.8333, 1.0, 0.875, 0.2222, 0.75, 0.0909, 1.0, 0.7778, 0.8462, 1.0, 0.7273, 0.2, 1.0, 0.0, 0.8889, 0.875, 0.875, 0.6364, 0.8889]","[1, 7, 8, 11, 13, 16, 21, 22, 26, 28, 31, 32, 33, 35, 36, 37, 39, 40, 41, 43, 47, 48, 55, 57, 60, 61, 64, 69, 73, 74, 78, 79, 80, 85, 86, 91, 100, 105, 112, 114, 116, 117, 118, 120, 121, 123, 127, 129, 130, 132, 133, 134, 135, 138, 140, 146, 147, 148, 149, 151, 157, 158, 160, 161, 164, 165, 167, 168, 172, 174, 180, 181, 183, 186, 192, 193, 195, 196, 197, 206, 209, 210, 216, 221, 222, 223, 224, 227, 230, 231, 233, 234, 237, 238, 239, 240, 242, 243, 246, 249]"
random,0:31,31,random,0.7965,0.7965,0.7965,1.0,0.7965,0.0,52,True,1593,0,294,113,0,"[0.05, 0.0745, 0.1015, 0.1275, 0.156, 0.1885, 0.229, 0.269, 0.31, 0.347, 0.3795, 0.418, 0.448, 0.469, 0.487, 0.5085, 0.5285, 0.542, 0.553, 0.565, 0.578, 0.5915, 0.609, 0.625, 0.635, 0.6415, 0.6515, 0.6625, 0.6695, 0.6785, 0.6855, 0.695, 0.7, 0.706, 0.7145, 0.7225, 0.7265, 0.731, 0.736, 0.743, 0.7505, 0.759, 0.7675, 0.775, 0.784, 0.788, 0.789, 0.79, 0.7915, 0.7925, 0.794, 0.7965, 0.7965, 0.7965, 0.7965, 0.7965, 0.7965, 0.7965, 0.7965, 0.7965, 0.7965, 0.7965, 0.7965, 0.7965, 0.7965, 0.7965, 0.7965, 0.7965, 0.7965, 0.7965, 0.7965, 0.7965, 0.7965, 0.7965, 0.7965, 0.7965, 0.7965, 0.7965, 0.7965, 0.7965, 0.7965, 0.7965, 0.7965, 0.7965, 0.7965, 0.7965, 0.7965, 0.7965, 0.7965, 0.7965, 0.7965, 0.7965, 0.7965, 0.7965, 0.7965, 0.7965, 0.7965, 0.7965, 0.7965, 0.7965, 0.7965]","{""0"": 0.7137, ""1"": 0.8775, ""2"": 0.8078, ""3"": 0.5063, ""4"": 0.874, ""5"": 0.8485, ""6"": 0.8701, ""7"": 0.8506}","[0.7778, 0.8889, 1.0, 0.8571, 0.0, 0.8333, 1.0, 0.75, 0.875, 0.6, 1.0, 0.7, 0.0, 1.0, 0.875, 1.0, 0.6, 0.1667, 0.5, 0.7, 0.6667, 0.8889, 0.7, 0.7778, 0.9, 0.2, 1.0, 0.8182, 0.8571, 1.0, 0.5714, 0.7, 0.9231, 0.1111, 1.0, 1.0, 1.0, 0.8182, 1.0, 0.8889, 0.7143, 0.125, 0.7, 1.0, 0.9, 0.8571, 0.75, 0.8889, 1.0, 0.0, 0.8, 0.8462, 0.9091, 0.7778, 0.875, 1.0, 0.8889, 0.4, 0.8571, 0.875, 0.7143, 0.875, 0.8, 0.9167, 0.875, 0.8, 0.875, 0.6, 1.0, 0.8, 1.0, 1.0, 0.9, 0.7778, 1.0, 1.0, 0.875, 1.0, 0.8571, 0.7778, 1.0, 0.875, 1.0, 1.0, 0.7, 1.0, 0.8333, 1.0, 0.7778, 1.0, 0.8571, 0.7143, 1.0, 0.875, 0.8889, 0.875, 0.8333, 0.6667, 1.0, 1.0, 1.0, 1.0, 0.8889, 0.7857, 0.7143, 0.7143, 1.0, 0.8333, 0.6667, 0.8571, 0.8462, 0.8889, 0.8571, 0.875, 0.8571, 0.8571, 0.8571, 0.6667, 0.6667, 1.0, 0.875, 1.0, 1.0, 1.0, 0.8889, 0.7778, 1.0, 1.0, 0.9, 0.75, 1.0, 1.0, 1.0, 1.0, 0.8333, 0.9091, 0.875, 0.7143, 1.0, 0.7, 0.5, 0.75, 1.0, 0.8333, 0.8571, 1.0, 0.8571, 0.9, 0.0, 0.875, 0.7273, 0.875, 0.875, 1.0, 0.875, 0.625, 0.1429, 1.0, 0.7778, 1.0, 0.875, 0.5, 0.8, 0.7778, 0.125, 0.7778, 0.9167, 1.0, 0.8571, 0.75, 0.75, 1.0, 0.0, 0.7143, 1.0, 0.8571, 1.0, 0.8889, 1.0, 0.5, 0.8889, 0.7778, 0.8571, 1.0, 0.5556, 0.8889, 0.7273, 1.0, 0.6, 1.0, 0.9, 0.6667, 0.75, 0.8571, 0.8571, 0.9091, 0.0909, 0.875, 0.6, 1.0, 0.8182, 0.875, 0.7143, 0.7778, 0.1111, 0.8333, 0.875, 0.6667, 0.6667, 1.0, 0.9, 0.6667, 0.0, 0.8, 0.875, 0.9231, 0.8, 0.8889, 1.0, 0.6667, 0.1111, 1.0, 0.75, 1.0, 0.8889, 0.9, 0.8889, 0.75, 0.0, 1.0, 0.8333, 0.6667, 0.8182, 0.625, 1.0, 0.7143, 0.1667, 0.9, 0.875, 1.0, 1.0, 0.9, 0.6667, 0.375, 0.0, 1.0, 1.0, 0.2, 0.9, 1.0]","[0, 1, 2, 6, 8, 10, 17, 18, 21, 22, 24, 28, 29, 31, 37, 42, 50, 52, 53, 55, 56, 58, 63, 64, 65, 72, 73, 78, 82, 84, 85, 86, 88, 89, 94, 95, 100, 101, 102, 104, 111, 116, 117, 126, 134, 136, 137, 138, 139, 140, 141, 144, 150, 154, 156, 158, 160, 171, 175, 176, 180, 184, 185, 192, 196, 199, 203, 204, 205, 207, 208, 215, 217, 220, 224, 225, 226, 231, 233, 235, 237, 245, 248, 249]"
champions,0:31,31,champions,0.762,0.762,0.762,1.0,0.762,-0.0,53,True,1524,0,296,180,0,"[0.05, 0.0995, 0.1615, 0.225, 0.2715, 0.316, 0.3595, 0.411, 0.453, 0.476, 0.491, 0.5035, 0.524, 0.5465, 0.5685, 0.5825, 0.596, 0.609, 0.622, 0.6335, 0.646, 0.6565, 0.664, 0.6715, 0.68, 0.6845, 0.688, 0.691, 0.697, 0.7025, 0.7075, 0.711, 0.714, 0.718, 0.7205, 0.721, 0.722, 0.724, 0.725, 0.7275, 0.7295, 0.7315, 0.7335, 0.7355, 0.737, 0.7385, 0.74, 0.742, 0.745, 0.75, 0.754, 0.758, 0.762, 0.762, 0.762, 0.762, 0.762, 0.762, 0.762, 0.762, 0.762, 0.762, 0.762, 0.762, 0.762, 0.762, 0.762, 0.762, 0.762, 0.762, 0.762, 0.762, 0.762, 0.762, 0.762, 0.762, 0.762, 0.762, 0.762, 0.762, 0.762, 0.762, 0.762, 0.762, 0.762, 0.762, 0.762, 0.762, 0.762, 0.762, 0.762, 0.762, 0.762, 0.762, 0.762, 0.762, 0.762, 0.762, 0.762, 0.762, 0.762]","{""0"": 0.5639, ""1"": 0.8814, ""2"": 0.6902, ""3"": 0.4937, ""4"": 0.8659, ""5"": 0.8523, ""6"": 0.8661, ""7"": 0.8467}","[0.8889, 0.0, 1.0, 0.0, 0.0, 0.8333, 1.0, 0.75, 0.875, 0.0, 1.0, 0.0, 0.0, 1.0, 0.875, 1.0, 0.6, 0.0, 0.5, 0.3, 0.6667, 0.8889, 0.7, 0.7778, 0.8, 0.0, 1.0, 0.8182, 0.8571, 1.0, 0.5714, 0.7, 0.9231, 0.0, 1.0, 1.0, 1.0, 0.8182, 1.0, 0.8889, 0.7143, 0.0, 0.7, 1.0, 0.9, 0.8571, 0.75, 0.8889, 1.0, 0.0, 0.8, 0.8462, 0.9091, 0.6667, 0.875, 1.0, 0.8889, 0.4, 0.8571, 0.875, 0.7143, 0.875, 0.8, 0.9167, 0.875, 0.8, 0.875, 0.6, 1.0, 0.8, 1.0, 1.0, 0.9, 0.7778, 1.0, 1.0, 0.875, 1.0, 0.9286, 0.7778, 1.0, 0.875, 1.0, 1.0, 0.7, 1.0, 0.8333, 1.0, 0.7778, 1.0, 0.8571, 0.7143, 1.0, 0.875, 0.8889, 0.875, 0.8333, 0.6667, 1.0, 1.0, 1.0, 0.875, 0.7778, 0.7857, 0.7143, 0.7143, 1.0, 0.8333, 0.6667, 0.8571, 0.8462, 0.8889, 0.8571, 0.875, 0.8571, 0.8571, 0.8571, 0.6667, 0.7778, 1.0, 0.875, 1.0, 1.0, 1.0, 0.8889, 0.7778, 1.0, 1.0, 0.9, 0.75, 1.0, 1.0, 1.0, 1.0, 0.6667, 0.9091, 0.875, 0.5714, 0.9, 0.7, 0.5, 0.75, 1.0, 0.8333, 0.8571, 1.0, 0.8571, 0.9, 0.0, 0.875, 0.8182, 0.875, 1.0, 0.75, 0.875, 0.625, 0.0, 1.0, 0.7778, 1.0, 0.875, 0.5, 0.8, 0.8889, 0.125, 0.7778, 0.9167, 1.0, 0.8571, 0.75, 0.75, 0.8, 0.0, 0.7143, 1.0, 0.8571, 0.9091, 0.8889, 1.0, 0.6, 0.8889, 0.7778, 0.8571, 1.0, 0.5556, 0.8889, 0.8182, 1.0, 0.6, 1.0, 0.9, 0.6667, 0.75, 0.8571, 0.8571, 0.9091, 0.0, 0.875, 0.6, 0.875, 0.8182, 0.875, 0.7143, 0.7778, 0.0, 0.8333, 0.875, 0.5, 0.6667, 1.0, 0.9, 0.6667, 0.0, 0.8, 0.875, 0.9231, 0.8, 0.8889, 1.0, 0.3333, 0.0, 1.0, 0.75, 1.0, 0.8889, 0.9, 0.8889, 0.0, 0.0, 1.0, 0.8333, 0.7778, 0.8182, 0.625, 1.0, 0.2857, 0.1667, 0.9, 0.875, 1.0, 1.0, 0.0, 0.6667, 0.0, 0.0909, 1.0, 1.0, 0.2, 0.9, 0.0]","[0, 13, 27, 32, 35, 39, 40, 42, 43, 44, 51, 52, 54, 58, 73, 78, 86, 94, 99, 103, 110, 116, 118, 119, 123, 125, 128, 138, 147, 150, 152, 157, 160, 163, 166, 170, 174, 176, 178, 179, 184, 186, 188, 193, 200, 205, 206, 207, 208, 215, 225, 231, 232, 237, 244, 245, 248]"
cluster,0:31,31,cluster,0.2145,0.2145,0.2145,1.0,0.2145,0.0,18,True,429,0,297,1274,0,"[0.05, 0.0675, 0.0845, 0.1005, 0.1135, 0.1265, 0.141, 0.159, 0.174, 0.1805, 0.186, 0.1915, 0.197, 0.2025, 0.205, 0.208, 0.2125, 0.2145, 0.2145, 0.2145, 0.2145, 0.2145, 0.2145, 0.2145, 0.2145, 0.2145, 0.2145, 0.2145, 0.2145, 0.2145, 0.2145, 0.2145, 0.2145, 0.2145, 0.2145, 0.2145, 0.2145, 0.2145, 0.2145, 0.2145, 0.2145, 0.2145, 0.2145, 0.2145, 0.2145, 0.2145, 0.2145, 0.2145, 0.2145, 0.2145, 0.2145, 0.2145, 0.2145, 0.2145, 0.2145, 0.2145, 0.2145, 0.2145, 0.2145, 0.2145, 0.2145, 0.2145, 0.2145, 0.2145, 0.2145, 0.2145, 0.2145, 0.2145, 0.2145, 0.2145, 0.2145, 0.2145, 0.2145, 0.2145, 0.2145, 0.2145, 0.2145, 0.2145, 0.2145, 0.2145, 0.2145, 0.2145, 0.2145, 0.2145, 0.2145, 0.2145, 0.2145, 0.2145, 0.2145, 0.2145, 0.2145, 0.2145, 0.2145, 0.2145, 0.2145, 0.2145, 0.2145, 0.2145, 0.2145, 0.2145, 0.2145]","{""0"": 0.0617, ""1"": 0.4783, ""2"": 0.2431, ""3"": 0.0669, ""4"": 0.0041, ""5"": 0.0303, ""6"": 0.2402, ""7"": 0.5594}","[0.1111, 0.0, 1.0, 0.0, 0.0, 0.0, 0.0, 0.0, 0.875, 0.0, 1.0, 0.0, 0.0, 0.0, 0.0, 0.0, 1.0, 0.0, 0.5, 0.0, 0.0, 0.0, 0.0, 0.1111, 0.8, 0.0, 1.0, 0.0, 0.0, 0.0, 0.0, 0.0, 0.9231, 0.0, 1.0, 0.0, 0.0, 0.0, 0.0, 0.0, 0.7143, 0.0, 0.6, 0.0, 0.0, 0.0, 0.0, 0.0, 1.0, 0.0, 0.8, 0.0, 0.0, 0.0, 0.0, 0.0, 1.0, 0.0, 0.8571, 0.0, 0.0, 0.0, 0.0, 0.0, 0.875, 0.0, 1.0, 0.0, 0.0, 0.0, 1.0, 0.0, 0.9, 0.0, 1.0, 0.0, 0.0, 0.0, 0.0, 0.0, 1.0, 0.0, 1.0, 0.0, 0.0, 0.0, 0.0, 0.0, 0.7778, 0.1429, 0.8571, 0.7143, 0.0, 0.0, 0.0, 0.25, 0.8333, 0.0, 1.0, 1.0, 0.0, 0.0, 0.0, 0.7857, 0.0, 0.0, 1.0, 1.0, 0.0, 0.0, 0.0, 0.8889, 0.0, 0.0, 0.2857, 0.8571, 0.0, 0.0, 0.0, 1.0, 0.0, 0.0, 0.125, 1.0, 0.0, 0.0, 0.0, 1.0, 0.0, 0.0, 0.0, 1.0, 0.1667, 0.0, 0.0, 0.0, 0.125, 0.0, 0.0, 0.7, 0.0, 0.0, 0.0, 0.1667, 0.0, 0.0, 0.0, 0.9, 0.0, 0.0, 0.0, 0.0, 0.0, 0.0, 0.0, 0.5, 1.0, 0.0, 0.0, 0.0, 0.0, 0.0, 0.0, 0.0, 0.75, 0.0, 0.0, 0.0, 0.0, 0.0, 0.0, 0.0, 0.125, 0.0, 0.0, 0.0, 0.0, 0.0, 0.0, 0.0, 0.0, 0.0, 0.0, 0.0, 0.0, 0.0, 0.0, 0.0, 0.0, 0.0, 0.0, 0.0, 0.25, 0.1429, 0.0, 0.0, 0.0, 0.0, 0.0, 0.0, 1.0, 0.0, 0.0, 0.0, 0.0, 0.0833, 0.0, 0.0, 0.5556, 0.0, 0.0, 0.0, 0.0, 0.0, 0.0, 0.0, 0.8, 0.0, 0.0, 0.0, 0.0, 0.0, 0.0, 1.0, 0.8889, 1.0, 0.8889, 0.0, 0.0, 0.0, 0.0, 1.0, 0.8182, 0.25, 1.0, 0.0, 0.1667, 0.0, 0.0, 1.0, 1.0, 0.0, 0.6667, 0.0, 0.0, 0.0, 0.0, 0.2, 0.9, 0.0]","[10, 16, 56, 58, 66, 70, 99, 107, 127, 156, 200, 225, 231]"
one_per_team,0:31,31,one_per_team,0.8535,0.8535,0.8535,1.0,0.8535,0.0,59,True,1707,0,291,2,0,"[0.05, 0.0745, 0.1, 0.1285, 0.156, 0.189, 0.2245, 0.2635, 0.295, 0.3195, 0.338, 0.3605, 0.3835, 0.415, 0.4485, 0.4755, 0.4975, 0.5195, 0.5385, 0.555, 0.5695, 0.584, 0.6045, 0.6185, 0.629, 0.6395, 0.6475, 0.654, 0.6595, 0.662, 0.664, 0.668, 0.6715, 0.673, 0.6745, 0.6765, 0.68, 0.6855, 0.6885, 0.6925, 0.6975, 0.707, 0.713, 0.7195, 0.7255, 0.735, 0.749, 0.761, 0.771, 0.7875, 0.796, 0.8045, 0.813, 0.8225, 0.8335, 0.844, 0.8505, 0.853, 0.8535, 0.8535, 0.8535, 0.8535, 0.8535, 0.8535, 0.8535, 0.8535, 0.8535, 0.8535, 0.8535, 0.8535, 0.8535, 0.8535, 0.8535, 0.8535, 0.8535, 0.8535, 0.8535, 0.8535, 0.8535, 0.8535, 0.8535, 0.8535, 0.8535, 0.8535, 0.8535, 0.8535, 0.8535, 0.8535, 0.8535, 0.8535, 0.8535, 0.8535, 0.8535, 0.8535, 0.8535, 0.8535, 0.8535, 0.8535, 0.8535, 0.8535, 0.8535]","{""0"": 0.8194, ""1"": 0.8775, ""2"": 0.8118, ""3"": 0.8787, ""4"": 0.874, ""5"": 0.8485, ""6"": 0.878, ""7"": 0.8429}","[0.7778, 0.8889, 1.0, 0.8571, 1.0, 0.8333, 1.0, 0.75, 0.875, 0.6, 1.0, 0.7, 0.8333, 1.0, 0.875, 1.0, 0.6, 0.5, 0.5, 0.7, 0.6667, 0.8889, 0.7, 0.7778, 0.8, 0.6, 1.0, 0.8182, 0.8571, 1.0, 0.5714, 0.7, 0.9231, 0.8889, 1.0, 1.0, 1.0, 0.8182, 1.0, 0.8889, 0.7143, 0.75, 0.6, 1.0, 0.9, 1.0, 0.75, 0.8889, 1.0, 0.8889, 0.8, 0.8462, 0.9091, 0.6667, 0.875, 1.0, 0.8889, 0.8, 0.8571, 0.875, 0.7143, 0.875, 0.8, 0.9167, 0.875, 0.8, 0.875, 0.6, 1.0, 0.8, 1.0, 1.0, 0.9, 0.7778, 1.0, 1.0, 0.875, 1.0, 0.9286, 0.8889, 1.0, 0.875, 1.0, 1.0, 0.7, 1.0, 0.8333, 1.0, 0.7778, 1.0, 0.8571, 0.7143, 1.0, 0.875, 0.8889, 0.875, 1.0, 0.6667, 1.0, 1.0, 1.0, 0.875, 0.7778, 0.7857, 0.7143, 0.7143, 1.0, 0.8333, 0.8333, 0.8571, 0.8462, 0.8889, 0.8571, 0.875, 0.8571, 0.8571, 0.8571, 0.7778, 0.6667, 1.0, 0.875, 1.0, 1.0, 1.0, 0.8889, 0.7778, 1.0, 1.0, 0.9, 0.75, 1.0, 1.0, 1.0, 1.0, 0.6667, 0.9091, 0.875, 0.5714, 0.9, 0.7, 0.75, 0.75, 1.0, 0.8333, 0.8571, 1.0, 0.8571, 0.9, 0.5556, 0.875, 0.8182, 1.0, 0.875, 0.75, 0.875, 0.625, 1.0, 1.0, 0.7778, 1.0, 0.75, 0.5, 0.8, 0.7778, 0.75, 0.7778, 0.9167, 1.0, 0.8571, 0.75, 0.875, 0.8, 1.0, 0.7143, 1.0, 0.8571, 0.9091, 0.8889, 1.0, 0.5, 0.8889, 0.7778, 0.8571, 1.0, 0.5556, 0.8889, 0.7273, 1.0, 1.0, 1.0, 0.9, 0.6667, 0.875, 0.8571, 0.8571, 0.9091, 0.5455, 0.875, 0.6, 0.875, 0.8182, 0.875, 0.8571, 0.7778, 1.0, 0.8333, 0.875, 0.5, 0.5556, 1.0, 0.9, 0.6667, 1.0, 0.8, 0.875, 1.0, 0.8, 0.8889, 1.0, 0.8333, 0.8889, 1.0, 0.75, 1.0, 0.8889, 0.9, 0.8889, 0.75, 1.0, 1.0, 0.8333, 0.7778, 0.8182, 0.625, 1.0, 0.7143, 1.0, 0.9, 0.875, 1.0, 1.0, 0.9, 0.6667, 0.5, 1.0, 1.0, 1.0, 0.2, 0.9, 1.0]","[3, 10, 13, 16, 18, 22, 23, 26, 33, 41, 45, 48, 49, 51, 53, 56, 58, 62, 66, 68, 69, 70, 71, 75, 78, 79, 81, 86, 88, 89, 90, 95, 96, 99, 100, 102, 107, 108, 112, 113, 116, 117, 118, 119, 123, 124, 126, 127, 133, 136, 140, 144, 150, 151, 152, 156, 158, 159, 167, 169, 170, 171, 173, 178, 183, 186, 187, 188, 192, 194, 196, 197, 199, 200, 202, 203, 205, 206, 207, 210, 215, 216, 218, 219, 220, 221, 223, 224, 225, 226, 230, 231, 233, 237, 240, 242, 243, 244, 248, 249]"
random,0:32,32,random,0.766,0.766,0.766,1.0,0.766,0.0,35,True,1532,0,299,169,0,"[0.05, 0.076, 0.108, 0.145, 0.187, 0.2325, 0.279, 0.3205, 0.364, 0.403, 0.438, 0.4675, 0.499, 0.531, 0.557, 0.5835, 0.6025, 0.621, 0.637, 0.6465, 0.662, 0.6705, 0.679, 0.6905, 0.7, 0.708, 0.717, 0.726, 0.738, 0.747, 0.755, 0.76, 0.7625, 0.7655, 0.766, 0.766, 0.766, 0.766, 0.766, 0.766, 0.766, 0.766, 0.766, 0.766, 0.766, 0.766, 0.766, 0.766, 0.766, 0.766, 0.766, 0.766, 0.766, 0.766, 0.766, 0.766, 0.766, 0.766, 0.766, 0.766, 0.766, 0.766, 0.766, 0.766, 0.766, 0.766, 0.766, 0.766, 0.766, 0.766, 0.766, 0.766, 0.766, 0.766, 0.766, 0.766, 0.766, 0.766, 0.766, 0.766, 0.766, 0.766, 0.766, 0.766, 0.766, 0.766, 0.766, 0.766, 0.766, 0.766, 0.766, 0.766, 0.766, 0.766, 0.766, 0.766, 0.766, 0.766, 0.766, 0.766, 0.766]","{""0"": 0.7852, ""1"": 0.8702, ""2"": 0.5983, ""3"": 0.8653, ""4"": 0.876, ""5"": 0.8462, ""6"": 0.8468, ""7"": 0.4325}","[0.7778, 0.875, 0.8571, 0.8333, 0.8571, 1.0, 0.75, 0.6, 1.0, 0.7143, 0.75, 1.0, 0.8889, 0.8333, 1.0, 1.0, 0.7143, 1.0, 0.8571, 0.8889, 1.0, 1.0, 0.8333, 0.875, 0.4, 1.0, 1.0, 0.8571, 0.8571, 0.8571, 1.0, 0.7143, 0.0, 0.6667, 0.8333, 0.875, 1.0, 0.8, 0.9167, 1.0, 0.1111, 0.5455, 0.8, 0.8571, 0.6667, 0.9091, 1.0, 0.875, 0.0, 0.75, 1.0, 0.8571, 0.9, 0.75, 0.8889, 1.0, 0.0, 0.8182, 0.25, 0.2, 0.625, 1.0, 0.5714, 0.8, 0.0, 1.0, 0.75, 0.0, 0.9, 1.0, 0.6667, 0.6667, 0.1111, 0.7778, 1.0, 0.125, 0.9167, 0.8333, 1.0, 0.7143, 0.0, 0.8333, 0.6667, 0.0, 1.0, 0.9091, 0.7143, 0.875, 0.1429, 1.0, 1.0, 0.0, 0.8333, 0.8571, 0.6364, 0.75, 0.0, 0.9091, 0.8333, 0.5, 0.8, 0.8333, 0.8333, 0.7778, 0.0, 0.9167, 1.0, 0.6, 0.9091, 1.0, 0.8571, 1.0, 0.3333, 0.8, 0.8, 0.8571, 0.7, 1.0, 0.7778, 0.9231, 0.0, 0.0, 0.7143, 1.0, 0.5, 1.0, 0.8571, 0.9091, 0.0, 0.0, 1.0, 1.0, 1.0, 0.875, 0.875, 0.7333, 0.0, 0.1429, 1.0, 0.4545, 1.0, 0.7778, 0.9, 0.7778, 0.0, 0.5, 0.8182, 0.9, 0.8889, 0.8333, 0.4, 0.4, 0.0, 1.0, 0.8333, 1.0, 0.8571, 0.875, 0.875, 0.875, 0.0, 1.0, 0.8889, 0.8333, 0.8, 0.8889, 0.875, 0.8571, 0.6667, 0.875, 0.9, 0.6667, 1.0, 0.5, 1.0, 1.0, 0.8571, 0.8333, 1.0, 0.8, 0.8, 0.6667, 0.6667, 0.8, 0.8889, 1.0, 1.0, 1.0, 0.8333, 0.8889, 0.8889, 0.875, 0.8333, 0.8182, 0.75, 0.0909, 0.8, 0.5714, 0.7778, 0.8571, 1.0, 0.8571, 0.8571, 0.125, 1.0, 0.7273, 1.0, 1.0, 0.9, 1.0, 0.8889, 0.0, 1.0, 1.0, 0.8, 0.9231, 0.875, 0.9, 0.9, 0.4286, 0.8889, 1.0, 0.9, 1.0, 0.7273, 1.0, 0.7778, 1.0, 0.75, 0.9091, 1.0, 0.8571, 1.0, 0.7143, 0.8667, 0.75, 0.8571, 1.0, 0.875, 0.6667, 0.9286, 0.625, 0.8667, 1.0, 0.9, 0.8571, 0.7778, 1.0, 1.0, 0.9]","[6, 8, 10, 13, 19, 23, 26, 28, 34, 40, 44, 46, 47, 49, 52, 54, 55, 61, 62, 65, 69, 73, 74, 76, 77, 79, 87, 90, 93, 97, 101, 105, 106, 107, 108, 109, 110, 111, 112, 119, 124, 125, 130, 132, 141, 142, 147, 150, 151, 155, 156, 163, 164, 171, 173, 181, 182, 184, 191, 192, 200, 201, 203, 204, 205, 206, 209, 213, 215, 218, 220, 221, 222, 223, 224, 234, 235, 238, 241, 242, 244, 246]"
champions,0:32,32,champions,0.718,0.718,0.718,1.0,0.718,0.0,39,True,1436,0,296,268,0,"[0.05, 0.092, 0.1345, 0.1835, 0.227, 0.2725, 0.307, 0.331, 0.358, 0.3815, 0.4015, 0.42, 0.434, 0.4555, 0.4785, 0.501, 0.5285, 0.5545, 0.584, 0.6045, 0.617, 0.624, 0.6295, 0.639, 0.647, 0.654, 0.665, 0.6735, 0.6785, 0.6825, 0.686, 0.69, 0.695, 0.7015, 0.708, 0.711, 0.7145, 0.7165, 0.718, 0.718, 0.718, 0.718, 0.718, 0.718, 0.718, 0.718, 0.718, 0.718, 0.718, 0.718, 0.718, 0.718, 0.718, 0.718, 0.718, 0.718, 0.718, 0.718, 0.718, 0.718, 0.718, 0.718, 0.718, 0.718, 0.718, 0.718, 0.718, 0.718, 0.718, 0.718, 0.718, 0.718, 0.718, 0.718, 0.718, 0.718, 0.718, 0.718, 0.718, 0.718, 0.718, 0.718, 0.718, 0.718, 0.718, 0.718, 0.718, 0.718, 0.718, 0.718, 0.718, 0.718, 0.718, 0.718, 0.718, 0.718, 0.718, 0.718, 0.718, 0.718, 0.718]","{""0"": 0.8438, ""1"": 0.5954, ""2"": 0.8248, ""3"": 0.8653, ""4"": 0.8719, ""5"": 0.6269, ""6"": 0.7056, ""7"": 0.4365}","[0.8889, 0.875, 0.8571, 0.8333, 0.8571, 1.0, 0.75, 0.6, 1.0, 0.7143, 0.5, 1.0, 0.8889, 0.6667, 1.0, 1.0, 0.7143, 1.0, 0.8571, 0.8889, 1.0, 1.0, 0.8333, 0.875, 0.4, 1.0, 1.0, 0.8571, 0.8571, 0.8571, 0.0, 0.7143, 0.0, 0.6667, 0.75, 0.875, 1.0, 0.8, 0.0833, 1.0, 0.0, 0.6364, 0.0, 0.8571, 0.5, 0.9091, 0.0, 0.75, 0.0, 0.75, 0.0, 0.8571, 0.9, 0.75, 0.0, 1.0, 0.0, 0.8182, 0.0, 0.8, 0.625, 1.0, 0.5714, 0.8, 0.0, 1.0, 0.0, 1.0, 0.9, 1.0, 0.6667, 0.7778, 0.1111, 0.7778, 0.0, 0.75, 1.0, 0.8333, 1.0, 0.7143, 0.2222, 0.8333, 0.0, 0.875, 1.0, 0.9091, 0.7143, 0.75, 0.2857, 1.0, 0.0, 0.7, 0.8333, 0.8571, 0.8182, 0.75, 0.0, 0.9091, 0.1667, 0.5, 0.8, 0.8333, 0.9167, 0.7778, 0.0, 0.8333, 0.0, 0.6, 0.9091, 1.0, 0.8571, 1.0, 0.0, 0.8, 0.0, 0.8571, 0.7, 1.0, 0.7778, 0.9231, 0.0, 0.625, 0.0, 1.0, 0.5, 1.0, 0.8571, 0.9091, 0.0, 0.6667, 0.1, 1.0, 1.0, 0.875, 0.875, 0.8667, 0.0, 0.7143, 0.0, 0.4545, 1.0, 0.7778, 0.8, 0.8889, 0.0, 0.5, 0.8182, 0.9, 0.8889, 0.8333, 0.4, 0.4, 0.0, 1.0, 0.8333, 1.0, 0.8571, 0.875, 0.125, 0.875, 0.0, 1.0, 0.8889, 0.8333, 0.8, 0.8889, 0.0, 0.8571, 0.6667, 0.875, 0.9, 0.6667, 1.0, 0.6667, 0.0, 1.0, 0.8571, 0.8333, 1.0, 0.8, 0.8, 0.6667, 0.1667, 0.4, 0.8889, 1.0, 1.0, 1.0, 0.8333, 0.8889, 0.8889, 0.0, 0.8333, 0.8182, 0.75, 0.9091, 0.8, 0.5714, 0.7778, 0.0, 1.0, 0.8571, 0.8571, 0.875, 1.0, 0.6364, 1.0, 0.0, 1.0, 1.0, 0.8889, 0.7778, 1.0, 1.0, 0.8, 0.0, 0.875, 0.9, 0.9, 0.5714, 0.8889, 1.0, 0.9, 0.1429, 0.7273, 1.0, 0.7778, 1.0, 0.75, 0.9091, 1.0, 0.8571, 1.0, 0.7143, 1.0, 0.625, 0.8571, 1.0, 0.875, 0.6667, 0.9286, 0.625, 0.9333, 1.0, 0.9, 0.8571, 0.7778, 1.0, 1.0, 1.0]","[0, 12, 27, 38, 41, 57, 59, 63, 68, 70, 71, 76, 78, 80, 81, 83, 86, 93, 94, 98, 102, 108, 116, 119, 127, 129, 131, 135, 140, 141, 143, 146, 154, 162, 173, 176, 178, 195, 198, 203, 204, 205, 208, 211, 212, 217, 221, 222, 224, 225, 226, 229, 230, 234, 240, 242, 244, 246, 248, 249]"
cluster,0:32,32,cluster,0.2135,0.2135,0.2135,1.0,0.2135,0.0,25,True,427,0,297,1276,0,"[0.05, 0.07, 0.095, 0.114, 0.13, 0.148, 0.1585, 0.165, 0.172, 0.18, 0.188, 0.192, 0.1945, 0.1965, 0.1985, 0.201, 0.2025, 0.203, 0.204, 0.2055, 0.207, 0.2075, 0.209, 0.2115, 0.2135, 0.2135, 0.2135, 0.2135, 0.2135, 0.2135, 0.2135, 0.2135, 0.2135, 0.2135, 0.2135, 0.2135, 0.2135, 0.2135, 0.2135, 0.2135, 0.2135, 0.2135, 0.2135, 0.2135, 0.2135, 0.2135, 0.2135, 0.2135, 0.2135, 0.2135, 0.2135, 0.2135, 0.2135, 0.2135, 0.2135, 0.2135, 0.2135, 0.2135, 0.2135, 0.2135, 0.2135, 0.2135, 0.2135, 0.2135, 0.2135, 0.2135, 0.2135, 0.2135, 0.2135, 0.2135, 0.2135, 0.2135, 0.2135, 0.2135, 0.2135, 0.2135, 0.2135, 0.2135, 0.2135, 0.2135, 0.2135, 0.2135, 0.2135, 0.2135, 0.2135, 0.2135, 0.2135, 0.2135, 0.2135, 0.2135, 0.2135, 0.2135, 0.2135, 0.2135, 0.2135, 0.2135, 0.2135, 0.2135, 0.2135, 0.2135, 0.2135]","{""0"": 0.0898, ""1"": 0.0305, ""2"": 0.5726, ""3"": 0.0, ""4"": 0.0207, ""5"": 0.0, ""6"": 0.3065, ""7"": 0.7183}","[0.3333, 0.0, 0.0, 0.0, 0.0, 0.1111, 0.0, 0.0, 1.0, 0.0, 0.0, 0.25, 0.0, 0.0, 0.0, 0.1667, 0.7143, 0.1667, 0.0, 0.8889, 0.0, 0.2857, 0.0, 0.0, 0.6, 0.2857, 0.0, 0.8571, 0.0, 0.0, 0.0, 0.0, 1.0, 0.0, 0.0, 0.875, 0.0, 0.0, 0.0, 0.0, 0.8889, 0.0, 0.0, 0.8571, 0.0, 0.0, 0.0, 0.0, 0.7778, 0.0, 1.0, 0.8571, 0.0, 0.0, 0.0, 0.0, 0.875, 0.0, 0.0, 1.0, 0.0, 0.0, 0.0, 0.0, 0.5556, 0.0, 0.0, 1.0, 0.0, 0.0, 0.0, 0.0, 0.8889, 0.0, 0.0, 0.75, 0.0, 0.0, 0.0, 0.0, 1.0, 1.0, 0.0, 0.875, 0.0, 0.0, 0.0, 0.75, 1.0, 1.0, 0.0, 0.7, 0.0, 0.0, 0.0, 0.75, 1.0, 0.0, 0.0, 0.5, 0.0, 0.0, 0.0, 1.0, 0.8, 0.0, 0.0, 0.6, 0.0, 0.0, 0.0, 1.0, 0.6667, 0.0, 0.0, 1.0, 0.0, 0.0, 0.0, 0.9231, 1.0, 0.0, 0.0, 1.0, 0.0, 0.0, 0.0, 0.9091, 1.0, 0.0, 0.1, 1.0, 0.0, 0.0, 0.0, 0.0, 0.8571, 0.0, 0.0, 0.4545, 0.0, 0.0, 0.0, 0.0, 0.2, 0.0, 0.0, 0.9, 0.0, 0.0, 0.0, 1.0, 0.0, 0.0, 0.0, 1.0, 0.0, 0.0, 0.0, 0.875, 0.0, 0.0, 0.0, 0.8333, 0.0, 0.0, 0.0, 0.8571, 0.0, 0.0, 0.0, 1.0, 0.0, 0.0, 0.0, 1.0, 0.0714, 0.0, 0.0, 0.8, 0.0, 0.1111, 0.0, 0.4, 0.0, 0.0, 0.0, 0.2, 0.0, 0.0, 0.0, 0.0, 0.8333, 0.0, 0.0, 0.0, 0.0, 0.1429, 0.0, 0.0, 1.0, 0.0, 0.0, 0.0, 0.0, 0.0, 0.0, 0.0, 1.0, 0.0, 0.0, 0.0, 0.0, 0.0, 0.0, 0.0, 0.875, 0.0, 0.0, 0.0, 0.0, 0.0, 0.0, 0.0, 0.6364, 0.0, 0.0, 0.0, 0.0, 0.0, 0.0, 0.0, 1.0, 0.0, 0.0, 0.0, 0.0, 0.0, 0.0, 0.0, 0.9286, 0.0, 0.0, 0.0, 0.0, 0.0, 0.0, 0.0, 1.0, 0.0]","[5, 32, 50, 59, 81, 89, 103, 115, 120, 151, 171, 208, 248]"
one_per_team,0:32,32,one_per_team,0.791,0.791,0.791,1.0,0.791,-0.0,65,True,1582,0,297,121,0,"[0.05, 0.0665, 0.078, 0.096, 0.1285, 0.161, 0.191, 0.214, 0.2375, 0.2535, 0.271, 0.2865, 0.2965, 0.3075, 0.322, 0.3395, 0.3595, 0.3815, 0.405, 0.4305, 0.462, 0.4965, 0.5185, 0.531, 0.547, 0.563, 0.5775, 0.5875, 0.599, 0.608, 0.6135, 0.6195, 0.6255, 0.63, 0.6335, 0.6375, 0.6385, 0.64, 0.642, 0.643, 0.646, 0.649, 0.652, 0.654, 0.658, 0.662, 0.6655, 0.6725, 0.678, 0.682, 0.687, 0.693, 0.6995, 0.7075, 0.718, 0.7315, 0.7405, 0.7485, 0.7585, 0.7665, 0.771, 0.776, 0.7815, 0.7875, 0.791, 0.791, 0.791, 0.791, 0.791, 0.791, 0.791, 0.791, 0.791, 0.791, 0.791, 0.791, 0.791, 0.791, 0.791, 0.791, 0.791, 0.791, 0.791, 0.791, 0.791, 0.791, 0.791, 0.791, 0.791, 0.791, 0.791, 0.791, 0.791, 0.791, 0.791, 0.791, 0.791, 0.791, 0.791, 0.791, 0.791]","{""0"": 0.6875, ""1"": 0.8664, ""2"": 0.6923, ""3"": 0.8735, ""4"": 0.876, ""5"": 0.6308, ""6"": 0.8508, ""7"": 0.8571}","[0.7778, 0.875, 0.8571, 0.8333, 0.8571, 1.0, 0.75, 0.6, 1.0, 0.7143, 0.5, 1.0, 0.8889, 0.6667, 1.0, 1.0, 0.7143, 1.0, 0.8571, 0.8889, 1.0, 1.0, 0.8333, 0.875, 0.6, 1.0, 1.0, 0.8571, 0.8571, 0.8571, 0.5, 0.7143, 0.75, 0.6667, 0.75, 0.875, 1.0, 0.8, 0.0833, 1.0, 1.0, 0.5455, 0.8, 0.8571, 0.6667, 0.9091, 0.0, 0.875, 0.7778, 0.75, 1.0, 0.8571, 0.9, 1.0, 0.0, 1.0, 0.875, 0.8182, 0.25, 0.2, 0.75, 1.0, 0.5714, 0.8, 0.5556, 1.0, 0.75, 0.0, 0.9, 1.0, 0.6667, 0.6667, 0.8889, 0.7778, 1.0, 0.125, 0.9167, 0.8333, 1.0, 0.7143, 1.0, 0.8333, 0.6667, 0.0, 1.0, 1.0, 0.7143, 0.75, 1.0, 1.0, 0.875, 0.0, 0.8333, 0.8571, 0.7273, 0.75, 1.0, 0.0, 0.8333, 0.5, 0.8, 0.8333, 0.8333, 0.7778, 0.8, 0.0, 1.0, 0.8, 0.9091, 1.0, 0.8571, 1.0, 0.6667, 0.0, 0.8, 0.8571, 0.7, 1.0, 0.7778, 0.9231, 0.8, 0.0, 0.7143, 1.0, 0.5, 1.0, 0.8571, 0.9091, 1.0, 0.0, 1.0, 1.0, 1.0, 0.875, 0.875, 0.7333, 0.8571, 0.1429, 1.0, 0.4545, 1.0, 0.7778, 0.8, 0.7778, 0.8, 0.5, 0.8182, 0.9, 0.8889, 0.8333, 0.4, 0.6, 0.8, 1.0, 0.8333, 1.0, 0.8571, 0.875, 0.125, 0.875, 0.6, 1.0, 0.8889, 0.8333, 0.8, 0.8889, 0.0, 0.8571, 0.6667, 0.875, 0.9, 0.6667, 1.0, 0.5, 0.0, 1.0, 0.8571, 0.8333, 1.0, 0.8, 0.8, 0.6667, 0.1667, 1.0, 0.8889, 1.0, 1.0, 1.0, 0.8333, 0.8889, 0.8889, 0.75, 0.8333, 0.8182, 0.875, 0.8182, 0.8, 0.5714, 0.7778, 0.8571, 1.0, 0.8571, 1.0, 0.875, 1.0, 0.6364, 1.0, 1.0, 1.0, 1.0, 0.8889, 0.7778, 1.0, 1.0, 0.8, 1.0, 0.875, 0.9, 0.9, 0.5714, 1.0, 1.0, 0.9, 0.8571, 0.7273, 1.0, 0.7778, 1.0, 0.75, 0.9091, 1.0, 0.8571, 1.0, 0.7143, 0.8667, 0.625, 0.8571, 1.0, 0.875, 0.8333, 0.9286, 0.625, 0.8667, 1.0, 0.9, 0.8571, 0.7778, 1.0, 1.0, 0.9]","[1, 5, 8, 12, 27, 30, 32, 33, 35, 36, 38, 40, 41, 42, 44, 47, 50, 51, 52, 53, 55, 59, 60, 72, 77, 78, 79, 81, 84, 85, 89, 90, 92, 94, 96, 99, 103, 107, 108, 110, 112, 115, 120, 124, 127, 128, 130, 131, 134, 135, 140, 142, 143, 144, 147, 151, 154, 156, 157, 160, 163, 164, 171, 176, 177, 178, 183, 185, 187, 189, 190, 194, 195, 200, 202, 203, 205, 206, 208, 210, 212, 215, 219, 220, 221, 224, 225, 227, 229, 230, 232, 233, 236, 238, 239, 240, 244, 247, 248, 249]"
random,0:33,33,random,0.7405,0.7405,0.7405,1.0,0.7155,0.025,100,False,1481,0,293,226,0,"[0.05, 0.069, 0.091, 0.111, 0.134, 0.154, 0.1765, 0.196, 0.218, 0.2355, 0.247, 0.2575, 0.2665, 0.2765, 0.289, 0.3035, 0.316, 0.324, 0.3295, 0.3335, 0.3395, 0.3455, 0.351, 0.357, 0.3625, 0.366, 0.3725, 0.3775, 0.3825, 0.388, 0.391, 0.394, 0.3975, 0.3985, 0.4, 0.402, 0.404, 0.407, 0.4095, 0.413, 0.4145, 0.416, 0.4175, 0.4195, 0.4205, 0.421, 0.422, 0.4245, 0.4265, 0.428, 0.429, 0.43, 0.433, 0.434, 0.4375, 0.4395, 0.4415, 0.443, 0.445, 0.4485, 0.4515, 0.4545, 0.4595, 0.463, 0.467, 0.4695, 0.474, 0.4785, 0.484, 0.4905, 0.499, 0.509, 0.517, 0.522, 0.5285, 0.534, 0.543, 0.549, 0.555, 0.5615, 0.569, 0.5765, 0.583, 0.5875, 0.595, 0.6075, 0.6195, 0.632, 0.6455, 0.6595, 0.6725, 0.6815, 0.6915, 0.699, 0.7085, 0.7155, 0.7205, 0.726, 0.7335, 0.7385, 0.7405]","{""0"": 0.8361, ""1"": 0.7724, ""2"": 0.8842, ""3"": 0.4421, ""4"": 0.6341, ""5"": 0.7738, ""6"": 0.7365, ""7"": 0.8369}","[0.8889, 1.0, 0.8333, 1.0, 0.0769, 0.875, 0.9091, 0.9, 0.8889, 0.875, 0.8889, 0.75, 0.7143, 0.9091, 1.0, 0.9231, 0.8, 0.8889, 0.8, 0.8889, 0.8889, 0.75, 0.8182, 0.8333, 0.75, 1.0, 1.0, 0.8, 1.0, 0.7143, 0.75, 0.7, 1.0, 0.625, 0.8, 0.8889, 0.25, 0.8333, 1.0, 0.7778, 0.8571, 0.7143, 0.6667, 0.9, 1.0, 0.75, 0.7778, 1.0, 1.0, 0.8333, 1.0, 0.6667, 1.0, 0.875, 0.7778, 0.6667, 0.8333, 1.0, 0.8, 0.875, 0.5, 0.8333, 0.8571, 1.0, 0.7, 0.75, 0.8571, 0.8889, 1.0, 0.6667, 1.0, 0.9, 1.0, 0.6667, 1.0, 0.75, 0.75, 0.2222, 0.9, 0.9286, 0.75, 1.0, 0.6, 0.875, 0.8, 0.0, 0.0, 1.0, 0.8333, 0.6667, 0.0, 1.0, 1.0, 0.1111, 0.0, 1.0, 0.7778, 1.0, 0.0833, 0.875, 0.8333, 0.0, 0.1429, 1.0, 0.6667, 0.7273, 0.0, 0.875, 0.8571, 0.125, 0.5714, 0.7778, 1.0, 0.7778, 0.7143, 0.7, 0.75, 0.0, 0.8, 0.7778, 0.5556, 0.875, 1.0, 1.0, 0.6, 0.0, 1.0, 1.0, 0.8333, 0.6667, 1.0, 0.75, 0.0909, 0.0, 0.9, 0.8, 0.8571, 1.0, 1.0, 1.0, 0.0, 0.6, 0.875, 1.0, 1.0, 0.875, 0.8571, 0.8, 0.2, 0.75, 1.0, 1.0, 0.8571, 0.8571, 0.7143, 1.0, 0.0, 1.0, 0.8889, 0.9091, 1.0, 1.0, 1.0, 1.0, 0.125, 1.0, 0.7778, 0.8889, 0.8, 0.75, 0.9167, 0.7778, 0.4286, 1.0, 0.7143, 0.8333, 0.8462, 0.7692, 0.8, 1.0, 0.25, 0.875, 0.875, 0.6667, 0.7143, 0.875, 0.875, 0.8571, 0.3, 1.0, 0.8, 0.0, 0.6667, 0.7333, 1.0, 0.8571, 0.0, 0.7778, 1.0, 0.0, 1.0, 1.0, 0.7273, 1.0, 0.0, 1.0, 0.8, 0.0, 1.0, 0.75, 0.7778, 1.0, 0.0, 0.8182, 0.8889, 0.0, 0.8571, 0.8333, 0.8571, 0.8571, 0.0, 0.8, 0.6364, 0.0, 0.7778, 1.0, 0.75, 0.875, 0.0, 0.8333, 0.8333, 0.8, 0.7, 1.0, 1.0, 1.0, 0.4, 1.0, 0.8571, 0.7778, 1.0, 0.875, 0.8571, 0.8889, 0.1, 1.0, 0.8571, 0.8462, 1.0, 0.5714]","[1, 7, 9, 13, 14, 15, 20, 25, 26, 29, 31, 34, 37, 40, 43, 45, 54, 55, 56, 58, 62, 67, 69, 71, 72, 73, 78, 83, 84, 87, 93, 95, 98, 99, 100, 102, 107, 109, 114, 115, 116, 118, 119, 123, 131, 135, 136, 137, 144, 145, 146, 150, 151, 152, 155, 163, 166, 168, 169, 170, 172, 173, 178, 180, 182, 192, 193, 195, 200, 201, 205, 208, 209, 213, 214, 221, 231, 233, 235, 236, 237, 239, 240, 241]"
champions,0:33,33,champions,0.8055,0.8055,0.8055,1.0,0.8055,0.0,41,True,1611,0,291,98,0,"[0.05, 0.0905, 0.1375, 0.1905, 0.237, 0.287, 0.3285, 0.3645, 0.392, 0.4225, 0.4505, 0.4845, 0.5105, 0.526, 0.543, 0.5615, 0.575, 0.5885, 0.603, 0.6145, 0.624, 0.633, 0.643, 0.6535, 0.6635, 0.6735, 0.686, 0.6985, 0.7125, 0.7315, 0.747, 0.7585, 0.765, 0.769, 0.7755, 0.7815, 0.7875, 0.794, 0.7995, 0.804, 0.8055, 0.8055, 0.8055, 0.8055, 0.8055, 0.8055, 0.8055, 0.8055, 0.8055, 0.8055, 0.8055, 0.8055, 0.8055, 0.8055, 0.8055, 0.8055, 0.8055, 0.8055, 0.8055, 0.8055, 0.8055, 0.8055, 0.8055, 0.8055, 0.8055, 0.8055, 0.8055, 0.8055, 0.8055, 0.8055, 0.8055, 0.8055, 0.8055, 0.8055, 0.8055, 0.8055, 0.8055, 0.8055, 0.8055, 0.8055, 0.8055, 0.8055, 0.8055, 0.8055, 0.8055, 0.8055, 0.8055, 0.8055, 0.8055, 0.8055, 0.8055, 0.8055, 0.8055, 0.8055, 0.8055, 0.8055, 0.8055, 0.8055, 0.8055, 0.8055, 0.8055]","{""0"": 0.8361, ""1"": 0.8577, ""2"": 0.8842, ""3"": 0.7397, ""4"": 0.8618, ""5"": 0.8413, ""6"": 0.8773, ""7"": 0.515}","[1.0, 1.0, 0.8333, 1.0, 0.9231, 0.875, 0.9091, 0.9, 0.8889, 0.875, 0.8889, 0.875, 0.7143, 1.0, 1.0, 0.9231, 0.8, 0.8889, 0.8, 0.8889, 0.8889, 0.75, 0.8182, 0.8333, 0.75, 0.8333, 1.0, 0.8, 1.0, 0.7143, 0.75, 0.7, 1.0, 0.625, 0.8, 0.8889, 0.25, 1.0, 1.0, 0.7778, 0.7143, 0.7143, 0.6667, 0.9, 1.0, 0.75, 0.7778, 1.0, 1.0, 0.8333, 1.0, 0.6667, 1.0, 0.875, 0.7778, 0.6667, 0.0, 1.0, 0.8, 0.875, 0.5, 0.8333, 0.7143, 1.0, 0.1, 0.75, 0.8571, 0.7778, 1.0, 0.6667, 1.0, 0.9, 0.0, 0.5, 1.0, 0.75, 0.75, 0.6667, 0.9, 0.9286, 0.0, 1.0, 0.6, 0.875, 0.8, 0.9167, 0.8, 1.0, 0.0, 0.6667, 0.8333, 1.0, 1.0, 1.0, 0.4286, 1.0, 0.0, 1.0, 0.9167, 1.0, 0.8333, 0.7143, 0.7143, 1.0, 0.0, 0.7273, 0.75, 0.875, 0.8571, 0.75, 0.8571, 0.7778, 0.0, 0.8889, 0.7143, 0.7, 0.75, 0.75, 0.8, 0.7778, 0.0, 0.875, 1.0, 0.8571, 0.6, 1.0, 1.0, 1.0, 0.0, 0.6667, 1.0, 0.75, 0.0909, 0.8182, 0.9, 0.8, 0.0, 0.8, 1.0, 1.0, 0.0, 0.8, 0.875, 1.0, 0.1111, 0.75, 0.8571, 0.8, 0.2, 0.75, 1.0, 1.0, 0.7143, 0.8571, 0.7143, 1.0, 0.0, 1.0, 0.8889, 0.9091, 1.0, 1.0, 1.0, 1.0, 0.125, 1.0, 0.7778, 0.8889, 0.8, 0.8333, 0.9167, 0.7778, 0.5714, 1.0, 0.7143, 0.8333, 0.8462, 0.8462, 0.8, 1.0, 0.75, 0.875, 0.875, 0.7778, 0.7143, 0.875, 0.875, 0.8571, 0.9, 1.0, 0.8, 1.0, 0.6667, 0.8667, 1.0, 0.8571, 1.0, 0.7778, 1.0, 1.0, 1.0, 1.0, 0.7273, 1.0, 0.8, 1.0, 0.8, 0.8, 1.0, 0.625, 0.7778, 1.0, 1.0, 0.8182, 1.0, 0.75, 0.8571, 0.8333, 0.8571, 0.8571, 0.9167, 0.8, 0.6364, 0.8571, 0.7778, 1.0, 0.75, 0.875, 0.8182, 0.8333, 0.8333, 1.0, 0.7, 1.0, 1.0, 1.0, 0.8, 1.0, 0.8571, 0.7778, 1.0, 0.875, 0.8571, 0.8889, 1.0, 1.0, 0.8571, 0.8462, 1.0, 0.5714]","[0, 3, 4, 7, 9, 10, 11, 13, 15, 17, 18, 19, 22, 27, 31, 37, 41, 43, 45, 47, 52, 61, 64, 71, 76, 77, 78, 79, 81, 84, 85, 86, 92, 98, 99, 100, 106, 113, 124, 151, 157, 161, 162, 167, 169, 170, 177, 184, 189, 191, 192, 193, 194, 197, 205, 206, 207, 210, 214, 220, 222, 231, 235, 243, 247]"
cluster,0:33,33,cluster,0.299,0.299,0.299,1.0,0.299,0.0,23,True,598,0,290,1112,0,"[0.05, 0.063, 0.078, 0.0935, 0.1115, 0.133, 0.151, 0.1665, 0.184, 0.1985, 0.212, 0.2235, 0.233, 0.24, 0.2475, 0.253, 0.263, 0.273, 0.28, 0.287, 0.292, 0.2975, 0.299, 0.299, 0.299, 0.299, 0.299, 0.299, 0.299, 0.299, 0.299, 0.299, 0.299, 0.299, 0.299, 0.299, 0.299, 0.299, 0.299, 0.299, 0.299, 0.299, 0.299, 0.299, 0.299, 0.299, 0.299, 0.299, 0.299, 0.299, 0.299, 0.299, 0.299, 0.299, 0.299, 0.299, 0.299, 0.299, 0.299, 0.299, 0.299, 0.299, 0.299, 0.299, 0.299, 0.299, 0.299, 0.299, 0.299, 0.299, 0.299, 0.299, 0.299, 0.299, 0.299, 0.299, 0.299, 0.299, 0.299, 0.299, 0.299, 0.299, 0.299, 0.299, 0.299, 0.299, 0.299, 0.299, 0.299, 0.299, 0.299, 0.299, 0.299, 0.299, 0.299, 0.299, 0.299, 0.299, 0.299, 0.299, 0.299]","{""0"": 0.332, ""1"": 0.0081, ""2"": 0.4208, ""3"": 0.0579, ""4"": 0.6098, ""5"": 0.6746, ""6"": 0.231, ""7"": 0.03}","[0.4444, 0.0, 0.0, 0.0, 0.0, 1.0, 0.9091, 0.9, 0.0, 0.0, 0.0, 0.0, 0.0, 0.9091, 1.0, 0.8462, 0.0, 0.0, 0.0, 0.0, 0.0, 0.75, 0.8182, 0.8333, 0.0, 0.0, 0.0, 0.0, 0.0, 0.7143, 0.75, 0.7, 0.0, 0.0, 0.0, 0.0, 0.0, 0.8333, 1.0, 1.0, 0.0, 0.0, 0.0, 0.0, 0.0, 0.75, 0.7778, 0.0, 0.25, 0.0, 0.0, 0.0, 0.1, 0.875, 0.7778, 0.0, 0.0, 0.0, 0.1, 0.0, 0.1667, 0.8333, 0.7143, 0.0, 0.0, 0.0, 0.0, 0.1111, 1.0, 0.0, 1.0, 0.0, 0.0, 0.0, 0.25, 0.75, 0.25, 0.0, 0.9, 0.0, 0.0, 0.0, 0.0, 0.0, 0.1, 0.0, 1.0, 0.0, 0.0, 0.0, 0.0, 0.0, 0.0, 0.0, 0.5714, 0.0, 0.0, 0.0, 0.0, 0.0, 0.0, 0.0, 0.7143, 0.0, 0.0, 0.0, 0.0, 0.0, 0.0, 0.125, 0.8571, 0.0, 0.0, 0.0, 0.0, 0.3, 0.0, 0.0, 0.8, 0.0, 0.0, 0.0, 0.0, 0.8571, 0.2, 0.0, 1.0, 0.0, 1.0, 0.6667, 0.0, 0.75, 0.0, 0.0, 1.0, 0.0, 0.0, 0.8, 0.0, 1.0, 0.0, 0.6, 0.875, 0.0, 0.0, 0.75, 0.0, 1.0, 0.0, 0.75, 1.0, 0.0667, 0.0, 1.0, 0.0, 1.0, 0.0, 1.0, 0.8889, 0.0, 0.0, 1.0, 0.0, 1.0, 0.0, 1.0, 0.7778, 0.0, 0.0, 0.75, 0.0, 0.7778, 0.0, 1.0, 0.1429, 0.0, 0.0, 0.7692, 0.0, 1.0, 0.0, 0.875, 0.0, 0.0, 0.0, 0.875, 0.0, 0.8571, 0.1, 1.0, 0.2, 0.0, 0.0, 0.7333, 0.0, 0.8571, 0.0, 0.7778, 0.0, 0.0, 0.0, 1.0, 0.0, 1.0, 0.0, 1.0, 0.0, 0.0, 0.0, 0.5, 0.0, 1.0, 0.0, 1.0, 0.0, 0.0, 0.0, 0.0, 0.0, 0.8571, 0.0, 0.8, 0.0, 0.0, 0.0, 0.0, 0.0, 0.875, 0.0, 0.8333, 0.6667, 0.8, 0.0, 0.0, 0.0, 0.0, 0.0, 1.0, 0.8571, 0.7778, 0.0, 0.0, 0.0, 0.0, 0.0, 1.0, 0.8571, 0.8462, 0.0, 1.0]","[5, 39, 68, 86, 128, 134, 147, 153, 203, 211, 213, 249]"
one_per_team,0:33,33,one_per_team,0.6945,0.6945,0.6945,1.0,0.6945,0.0,43,True,1389,0,296,315,0,"[0.05, 0.073, 0.0945, 0.123, 0.159, 0.208, 0.255, 0.286, 0.317, 0.3445, 0.3675, 0.3945, 0.4155, 0.443, 0.465, 0.4885, 0.5135, 0.5375, 0.551, 0.564, 0.5755, 0.582, 0.5855, 0.5895, 0.598, 0.607, 0.6115, 0.613, 0.616, 0.619, 0.62, 0.621, 0.6225, 0.625, 0.6315, 0.6405, 0.6535, 0.6645, 0.6745, 0.6805, 0.689, 0.6925, 0.6945, 0.6945, 0.6945, 0.6945, 0.6945, 0.6945, 0.6945, 0.6945, 0.6945, 0.6945, 0.6945, 0.6945, 0.6945, 0.6945, 0.6945, 0.6945, 0.6945, 0.6945, 0.6945, 0.6945, 0.6945, 0.6945, 0.6945, 0.6945, 0.6945, 0.6945, 0.6945, 0.6945, 0.6945, 0.6945, 0.6945, 0.6945, 0.6945, 0.6945, 0.6945, 0.6945, 0.6945, 0.6945, 0.6945, 0.6945, 0.6945, 0.6945, 0.6945, 0.6945, 0.6945, 0.6945, 0.6945, 0.6945, 0.6945, 0.6945, 0.6945, 0.6945, 0.6945, 0.6945, 0.6945, 0.6945, 0.6945, 0.6945, 0.6945]","{""0"": 0.8238, ""1"": 0.8618, ""2"": 0.8803, ""3"": 0.7479, ""4"": 0.8699, ""5"": 0.4365, ""6"": 0.5235, ""7"": 0.4163}","[0.8889, 1.0, 0.8333, 1.0, 0.9231, 1.0, 0.9091, 0.9, 0.8889, 0.875, 0.8889, 0.75, 0.7143, 0.9091, 1.0, 0.8462, 0.8, 0.8889, 0.8, 0.8889, 0.8889, 0.75, 0.8182, 0.8333, 0.75, 0.8333, 1.0, 0.8, 1.0, 0.7143, 0.75, 0.7, 1.0, 0.625, 0.8, 0.8889, 0.25, 0.8333, 1.0, 0.7778, 0.7143, 0.7143, 0.6667, 0.9, 1.0, 0.75, 0.7778, 1.0, 1.0, 0.8333, 1.0, 0.7778, 1.0, 1.0, 0.7778, 0.6667, 0.0833, 1.0, 0.8, 0.875, 0.6667, 0.8333, 0.7143, 1.0, 0.1, 0.75, 0.8571, 0.7778, 1.0, 0.6667, 1.0, 0.9, 0.1667, 0.5, 1.0, 0.75, 0.75, 0.6667, 0.9, 0.9286, 0.0, 1.0, 0.6, 0.875, 0.8, 0.9167, 0.7, 1.0, 0.1667, 0.6667, 0.8333, 1.0, 1.0, 1.0, 0.4286, 1.0, 0.1111, 1.0, 1.0, 0.875, 0.8333, 0.7143, 0.2857, 1.0, 0.1667, 0.7273, 0.625, 0.875, 0.8571, 0.75, 0.1429, 0.7778, 0.0, 0.8889, 0.7143, 0.7, 0.75, 1.0, 0.0, 0.7778, 0.0, 0.875, 1.0, 0.8571, 0.6, 1.0, 0.0, 0.0, 0.5, 0.6667, 1.0, 0.75, 0.0909, 0.8182, 0.1, 0.0, 0.0, 0.8, 1.0, 1.0, 0.0, 0.8, 0.0, 0.0, 0.0, 0.75, 0.8571, 0.8, 0.2, 0.75, 0.125, 0.0667, 0.0, 0.8571, 0.7143, 1.0, 0.0, 1.0, 0.2222, 0.0, 0.0, 1.0, 1.0, 1.0, 0.125, 1.0, 0.2222, 0.0, 0.0, 0.8333, 0.9167, 0.7778, 0.5714, 1.0, 0.0, 0.1667, 0.2308, 0.7692, 0.8, 1.0, 0.75, 0.875, 0.0, 0.0, 0.0, 0.875, 0.875, 0.8571, 0.9, 1.0, 0.2, 0.0, 0.1111, 0.7333, 1.0, 0.8571, 1.0, 0.7778, 0.0, 0.0, 1.0, 1.0, 0.7273, 1.0, 0.8, 1.0, 0.0, 0.0, 1.0, 0.625, 0.7778, 1.0, 1.0, 0.9091, 0.0, 0.0, 0.8571, 0.8333, 1.0, 0.8571, 0.9167, 0.8, 0.0, 0.8571, 0.7778, 1.0, 0.75, 0.875, 0.8182, 0.8333, 0.6667, 0.8, 0.7, 1.0, 1.0, 1.0, 1.0, 1.0, 0.8571, 0.7778, 1.0, 0.875, 0.8571, 0.8889, 1.0, 1.0, 0.8571, 0.8462, 1.0, 0.5714]","[1, 2, 5, 9, 11, 14, 23, 27, 32, 38, 39, 43, 47, 48, 49, 51, 52, 53, 55, 56, 58, 60, 61, 62, 67, 68, 69, 71, 72, 73, 74, 76, 78, 83, 84, 85, 86, 88, 89, 91, 92, 94, 96, 97, 98, 99, 100, 103, 104, 111, 115, 116, 117, 119, 121, 123, 128, 131, 133, 134, 138, 145, 147, 150, 153, 158, 162, 163, 164, 165, 166, 169, 170, 171, 173, 175, 178, 181, 185, 187, 194, 195, 200, 202, 203, 205, 208, 211, 213, 216, 218, 219, 221, 223, 232, 234, 236, 246, 248, 249]"
random,0:34,34,random,0.6035,0.6035,0.6035,1.0,0.6035,-0.0,40,True,1207,0,300,493,0,"[0.05, 0.0745, 0.108, 0.1445, 0.1765, 0.2085, 0.2385, 0.2655, 0.298, 0.3375, 0.358, 0.3785, 0.4, 0.417, 0.426, 0.4385, 0.4475, 0.46, 0.4775, 0.4895, 0.4955, 0.5025, 0.5085, 0.513, 0.5165, 0.5215, 0.5275, 0.5355, 0.545, 0.552, 0.5565, 0.562, 0.571, 0.581, 0.5865, 0.591, 0.5965, 0.601, 0.6025, 0.6035, 0.6035, 0.6035, 0.6035, 0.6035, 0.6035, 0.6035, 0.6035, 0.6035, 0.6035, 0.6035, 0.6035, 0.6035, 0.6035, 0.6035, 0.6035, 0.6035, 0.6035, 0.6035, 0.6035, 0.6035, 0.6035, 0.6035, 0.6035, 0.6035, 0.6035, 0.6035, 0.6035, 0.6035, 0.6035, 0.6035, 0.6035, 0.6035, 0.6035, 0.6035, 0.6035, 0.6035, 0.6035, 0.6035, 0.6035, 0.6035, 0.6035, 0.6035, 0.6035, 0.6035, 0.6035, 0.6035, 0.6035, 0.6035, 0.6035, 0.6035, 0.6035, 0.6035, 0.6035, 0.6035, 0.6035, 0.6035, 0.6035, 0.6035, 0.6035, 0.6035, 0.6035]","{""0"": 0.4876, ""1"": 0.8167, ""2"": 0.7664, ""3"": 0.5944, ""4"": 0.3008, ""5"": 0.868, ""6"": 0.2797, ""7"": 0.7432}","[0.5556, 0.875, 0.9, 0.7778, 0.6667, 0.0, 0.8333, 0.0, 0.5714, 0.7143, 1.0, 0.8571, 0.9, 0.0833, 0.8889, 0.0, 1.0, 0.7143, 0.7273, 0.75, 0.8333, 0.0, 0.8333, 0.0, 0.9091, 1.0, 0.7, 1.0, 1.0, 0.0909, 0.7273, 0.0, 0.875, 1.0, 0.8333, 0.9, 0.6667, 0.1429, 1.0, 0.0, 0.8, 0.9, 0.75, 1.0, 0.5556, 0.0, 0.8889, 0.0, 0.875, 0.8, 0.875, 0.75, 0.9, 0.0, 1.0, 0.8462, 0.6923, 0.5714, 0.8571, 0.8571, 1.0, 0.1111, 0.75, 0.8889, 1.0, 1.0, 0.9091, 1.0, 0.75, 0.2, 0.875, 0.875, 0.8, 0.5, 1.0, 0.6667, 0.9, 0.0, 0.7143, 0.7778, 1.0, 1.0, 0.5, 1.0, 0.125, 0.2222, 1.0, 0.875, 0.8333, 0.8, 0.0, 1.0, 0.1429, 0.0, 1.0, 0.75, 0.75, 1.0, 0.1667, 0.0, 0.0909, 1.0, 0.8889, 0.8571, 0.1538, 0.7143, 0.8571, 0.0, 0.2, 0.6667, 0.9, 0.8333, 0.0, 0.8, 1.0, 0.1111, 0.1111, 0.8333, 0.8333, 0.0, 0.0, 0.7273, 1.0, 0.5, 0.0, 1.0, 0.9167, 0.0, 0.7143, 0.625, 0.7143, 1.0, 0.0, 0.8, 0.5714, 0.0, 1.0, 0.8333, 0.875, 1.0, 0.0, 0.875, 0.8, 0.0, 1.0, 0.0, 0.8, 0.8571, 0.0, 1.0, 1.0, 0.0, 1.0, 0.0, 1.0, 0.8333, 0.0, 0.7273, 0.7143, 0.2857, 0.8571, 0.1667, 1.0, 0.8, 0.8, 1.0, 1.0, 0.0, 0.75, 0.0, 0.8, 1.0, 0.75, 0.1111, 0.8182, 0.1429, 0.875, 0.0, 0.8, 1.0, 1.0, 0.0, 0.8333, 0.8333, 0.7143, 0.5, 0.8, 1.0, 0.8, 0.0, 0.875, 0.1111, 0.8889, 0.0, 0.9, 1.0, 0.75, 0.4, 0.8889, 0.0, 0.5833, 0.0, 1.0, 0.8, 0.8571, 0.0, 1.0, 0.0, 0.8, 0.0, 1.0, 0.9, 0.8889, 0.1818, 0.8889, 0.0, 0.75, 0.0, 1.0, 0.875, 1.0, 0.0, 1.0, 0.1, 0.8, 0.1111, 0.625, 0.7692, 1.0, 0.0, 0.8889, 0.0, 0.875, 0.0, 1.0, 0.6667, 0.7778, 0.1667, 0.8, 0.1429, 1.0, 0.25, 0.8571, 1.0, 0.75, 0.1429, 0.875, 0.0, 1.0, 0.8]","[0, 1, 6, 9, 13, 18, 20, 24, 29, 33, 34, 35, 36, 37, 38, 41, 42, 52, 54, 58, 59, 60, 61, 62, 64, 65, 69, 70, 71, 75, 76, 78, 79, 82, 85, 86, 88, 95, 97, 100, 109, 113, 116, 123, 125, 126, 137, 139, 141, 144, 146, 147, 149, 152, 155, 157, 159, 160, 162, 164, 165, 170, 171, 174, 175, 178, 180, 183, 185, 191, 204, 208, 213, 214, 219, 223, 225, 232, 239, 240, 241, 242, 245, 246]"
champions,0:34,34,champions,0.811,0.811,0.811,1.0,0.811,-0.0,27,True,1622,0,302,76,0,"[0.05, 0.089, 0.1295, 0.1735, 0.2255, 0.2925, 0.36, 0.419, 0.48, 0.532, 0.5725, 0.612, 0.6415, 0.671, 0.6975, 0.71, 0.7175, 0.727, 0.7395, 0.7555, 0.7665, 0.7785, 0.7865, 0.794, 0.801, 0.8085, 0.811, 0.811, 0.811, 0.811, 0.811, 0.811, 0.811, 0.811, 0.811, 0.811, 0.811, 0.811, 0.811, 0.811, 0.811, 0.811, 0.811, 0.811, 0.811, 0.811, 0.811, 0.811, 0.811, 0.811, 0.811, 0.811, 0.811, 0.811, 0.811, 0.811, 0.811, 0.811, 0.811, 0.811, 0.811, 0.811, 0.811, 0.811, 0.811, 0.811, 0.811, 0.811, 0.811, 0.811, 0.811, 0.811, 0.811, 0.811, 0.811, 0.811, 0.811, 0.811, 0.811, 0.811, 0.811, 0.811, 0.811, 0.811, 0.811, 0.811, 0.811, 0.811, 0.811, 0.811, 0.811, 0.811, 0.811, 0.811, 0.811, 0.811, 0.811, 0.811, 0.811, 0.811, 0.811]","{""0"": 0.8347, ""1"": 0.7958, ""2"": 0.877, ""3"": 0.8233, ""4"": 0.8398, ""5"": 0.616, ""6"": 0.8506, ""7"": 0.8521}","[0.8889, 0.875, 0.9, 0.7778, 0.6667, 0.8182, 0.1667, 0.75, 0.5714, 0.7143, 1.0, 0.8571, 0.9, 0.8333, 0.0, 0.9, 1.0, 0.7143, 0.6364, 0.75, 0.5833, 0.9, 0.8333, 0.9, 0.9091, 1.0, 0.7, 1.0, 1.0, 0.7273, 0.7273, 1.0, 0.875, 1.0, 0.8333, 0.9, 0.75, 1.0, 0.8571, 0.8, 0.8, 0.9, 0.625, 1.0, 0.6667, 0.8571, 0.8889, 1.0, 0.875, 0.8, 0.875, 0.75, 0.9, 0.7778, 1.0, 0.9231, 0.6923, 0.5714, 0.7143, 0.8571, 0.875, 0.8889, 0.75, 0.8889, 1.0, 1.0, 0.9091, 1.0, 0.75, 1.0, 0.875, 0.75, 0.8, 0.5, 1.0, 0.6667, 0.9, 0.8333, 0.7143, 0.7778, 1.0, 1.0, 0.25, 1.0, 0.375, 0.3333, 0.9, 0.875, 0.6667, 0.8, 0.0, 1.0, 0.8571, 0.7778, 1.0, 0.625, 0.75, 1.0, 0.3333, 0.8182, 0.8182, 1.0, 0.8889, 0.8571, 0.7692, 0.7143, 0.8571, 0.9167, 1.0, 0.6667, 0.9, 0.9167, 1.0, 0.6, 1.0, 1.0, 1.0, 0.8333, 0.9167, 0.8889, 0.8889, 0.7273, 1.0, 0.5, 0.75, 1.0, 0.9167, 0.6667, 0.7143, 0.625, 0.7143, 1.0, 1.0, 0.8, 0.5714, 0.75, 1.0, 0.8333, 0.875, 1.0, 0.8571, 0.875, 0.8, 1.0, 1.0, 0.8571, 0.8, 0.8571, 0.7778, 1.0, 1.0, 1.0, 1.0, 0.7143, 1.0, 0.8333, 0.8889, 0.7273, 0.7143, 0.8571, 0.8571, 0.8333, 0.8889, 0.8, 0.9, 1.0, 1.0, 0.9, 0.75, 0.9, 0.8, 0.8571, 0.75, 0.8889, 0.8182, 0.8571, 0.875, 0.8, 0.6, 1.0, 1.0, 0.7, 0.8333, 0.8333, 0.7143, 0.9, 0.8, 1.0, 0.8, 0.8, 0.0, 0.8889, 1.0, 0.75, 0.9, 1.0, 0.75, 0.8, 0.0, 0.9, 0.6667, 1.0, 1.0, 0.8, 0.8571, 0.8571, 0.0, 0.6667, 0.8, 0.625, 1.0, 0.9, 0.8889, 0.9091, 0.0, 0.875, 0.75, 1.0, 1.0, 0.875, 1.0, 1.0, 0.0, 0.8, 0.8, 1.0, 0.625, 0.7692, 1.0, 1.0, 0.0, 0.7, 0.875, 0.8571, 1.0, 0.6667, 0.7778, 0.8333, 0.4, 0.7143, 1.0, 1.0, 0.8571, 1.0, 0.75, 0.8571, 0.125, 1.0, 1.0, 1.0]","[0, 2, 3, 5, 10, 15, 18, 20, 21, 23, 24, 28, 30, 36, 37, 40, 44, 46, 47, 52, 53, 55, 56, 61, 63, 68, 70, 71, 75, 76, 79, 80, 100, 103, 104, 107, 111, 112, 115, 118, 119, 120, 130, 131, 132, 133, 139, 141, 146, 154, 157, 164, 169, 174, 177, 179, 181, 185, 191, 192, 195, 200, 202, 203, 211, 215, 219, 221, 225, 226, 227, 231, 233, 249]"
cluster,0:34,34,cluster,0.242,0.242,0.242,1.0,0.242,0.0,23,True,484,0,305,1211,0,"[0.05, 0.068, 0.0875, 0.106, 0.1255, 0.144, 0.165, 0.183, 0.194, 0.2025, 0.209, 0.216, 0.2235, 0.228, 0.2315, 0.2325, 0.2335, 0.235, 0.238, 0.2395, 0.241, 0.2415, 0.242, 0.242, 0.242, 0.242, 0.242, 0.242, 0.242, 0.242, 0.242, 0.242, 0.242, 0.242, 0.242, 0.242, 0.242, 0.242, 0.242, 0.242, 0.242, 0.242, 0.242, 0.242, 0.242, 0.242, 0.242, 0.242, 0.242, 0.242, 0.242, 0.242, 0.242, 0.242, 0.242, 0.242, 0.242, 0.242, 0.242, 0.242, 0.242, 0.242, 0.242, 0.242, 0.242, 0.242, 0.242, 0.242, 0.242, 0.242, 0.242, 0.242, 0.242, 0.242, 0.242, 0.242, 0.242, 0.242, 0.242, 0.242, 0.242, 0.242, 0.242, 0.242, 0.242, 0.242, 0.242, 0.242, 0.242, 0.242, 0.242, 0.242, 0.242, 0.242, 0.242, 0.242, 0.242, 0.242, 0.242, 0.242, 0.242]","{""0"": 0.5413, ""1"": 0.025, ""2"": 0.1557, ""3"": 0.0482, ""4"": 0.2031, ""5"": 0.412, ""6"": 0.3525, ""7"": 0.1946}","[0.2222, 0.0, 0.0, 0.1111, 0.0, 0.0, 0.8333, 0.75, 0.0, 0.7143, 0.0, 0.1429, 0.0, 0.0, 0.8889, 0.9, 0.0, 1.0, 0.0, 0.0, 0.0, 0.0, 0.8333, 0.9, 0.0, 1.0, 0.0, 1.0, 0.0, 0.0, 0.7273, 1.0, 0.0, 1.0, 0.1667, 0.0, 0.0, 0.0, 0.8571, 1.0, 0.0, 0.9, 0.0, 0.0, 0.0, 0.0, 0.8889, 0.2, 0.125, 0.8, 0.0, 0.5, 0.0, 0.0, 1.0, 0.0, 0.6154, 0.5714, 0.0, 0.8571, 0.0, 0.0, 0.75, 0.0, 1.0, 1.0, 0.0, 1.0, 0.0, 0.0, 0.875, 0.0, 0.8, 0.5, 1.0, 0.6667, 0.0, 0.0, 0.1429, 0.0, 1.0, 1.0, 0.0, 1.0, 0.0, 0.0, 0.0, 0.0, 1.0, 1.0, 0.0, 1.0, 0.0, 0.0, 0.0, 0.0, 0.75, 1.0, 0.0, 0.0, 0.0, 0.0, 0.0, 0.1429, 0.2308, 0.7143, 0.0, 0.0, 0.2, 0.4444, 0.0, 0.1667, 0.0, 0.6, 0.0, 0.0, 0.0, 0.8333, 0.0, 0.0, 0.0, 1.0, 0.0, 0.0, 0.0, 1.0, 0.0, 1.0, 0.0, 0.625, 0.0, 0.0, 0.0, 0.8, 0.1429, 0.75, 0.0, 0.8333, 0.0, 0.0, 0.0, 1.0, 0.0, 0.0, 0.0, 0.0, 0.0, 0.0, 1.0, 1.0, 0.1429, 0.0, 0.0, 0.0, 0.0, 0.0, 0.1111, 0.7273, 0.2857, 0.0, 0.0, 0.0, 0.0, 0.0, 0.0, 0.1, 0.0, 0.0, 0.0, 0.0, 0.0, 0.0, 0.0, 0.0, 0.0, 0.0, 0.0, 0.0, 0.0, 0.0, 0.0, 0.0, 0.0, 0.0, 0.0, 0.1, 0.0, 0.0, 0.0, 0.0, 0.0, 0.0, 0.0, 0.75, 0.0, 0.0, 0.0, 0.2, 0.1111, 0.0, 0.0, 1.0, 0.0, 0.0, 0.0, 0.0, 1.0, 1.0, 0.0, 0.625, 0.0, 0.0, 0.0, 0.0, 0.8889, 0.875, 0.0, 1.0, 0.0, 0.0, 0.0, 0.0, 1.0, 0.8, 0.0, 0.1111, 0.125, 0.0, 0.1429, 0.0, 0.8889, 0.7, 0.125, 0.0, 0.0, 0.0, 0.0, 0.3333, 0.8, 0.2857, 0.0, 0.0, 0.0, 0.0, 0.0, 0.0, 0.75, 1.0, 0.0, 0.0]","[17, 27, 39, 54, 67, 74, 88, 89, 121, 127, 141, 148, 201, 206, 207, 246]"
one_per_team,0:34,34,one_per_team,0.521,0.521,0.521,1.0,0.521,0.0,26,True,1042,0,309,649,0,"[0.05, 0.0745, 0.09, 0.113, 0.142, 0.1725, 0.2035, 0.242, 0.284, 0.322, 0.3505, 0.374, 0.3955, 0.4195, 0.44, 0.462, 0.4785, 0.4865, 0.4965, 0.503, 0.5065, 0.51, 0.5145, 0.5165, 0.5195, 0.521, 0.521, 0.521, 0.521, 0.521, 0.521, 0.521, 0.521, 0.521, 0.521, 0.521, 0.521, 0.521, 0.521, 0.521, 0.521, 0.521, 0.521, 0.521, 0.521, 0.521, 0.521, 0.521, 0.521, 0.521, 0.521, 0.521, 0.521, 0.521, 0.521, 0.521, 0.521, 0.521, 0.521, 0.521, 0.521, 0.521, 0.521, 0.521, 0.521, 0.521, 0.521, 0.521, 0.521, 0.521, 0.521, 0.521, 0.521, 0.521, 0.521, 0.521, 0.521, 0.521, 0.521, 0.521, 0.521, 0.521, 0.521, 0.521, 0.521, 0.521, 0.521, 0.521, 0.521, 0.521, 0.521, 0.521, 0.521, 0.521, 0.521, 0.521, 0.521, 0.521, 0.521, 0.521, 0.521]","{""0"": 0.4959, ""1"": 0.7167, ""2"": 0.332, ""3"": 0.0522, ""4"": 0.6406, ""5"": 0.856, ""6"": 0.3908, ""7"": 0.6848}","[0.5556, 0.875, 0.9, 0.7778, 0.0, 0.8182, 0.8333, 0.0, 0.5714, 0.7143, 1.0, 0.8571, 0.0, 0.8333, 0.8889, 0.1, 1.0, 0.8571, 0.6364, 0.75, 0.0833, 1.0, 0.8333, 0.0, 0.0, 1.0, 0.8, 1.0, 0.3333, 0.7273, 0.7273, 0.125, 0.0, 1.0, 0.8333, 0.9, 0.0, 0.8571, 0.8571, 0.2, 0.8, 0.9, 0.625, 1.0, 0.0, 0.8571, 0.8889, 0.0, 0.875, 0.8, 0.0, 0.75, 0.2, 0.7778, 1.0, 0.0, 0.6923, 0.5714, 0.0, 0.8571, 0.0, 0.8889, 0.75, 0.0, 1.0, 1.0, 0.0, 1.0, 0.0, 1.0, 0.875, 0.0, 0.8, 0.5, 1.0, 0.6667, 0.0, 0.8333, 0.7143, 0.0, 1.0, 1.0, 0.25, 1.0, 0.125, 0.3333, 0.9, 0.375, 0.8333, 1.0, 0.1, 1.0, 0.0, 0.7778, 1.0, 0.0, 0.75, 1.0, 0.1667, 0.0, 0.0, 1.0, 0.8889, 0.8571, 0.2308, 0.7143, 0.8571, 0.0, 0.2, 0.6667, 0.9, 0.8333, 0.0, 0.6, 1.0, 0.0, 0.1111, 1.0, 0.8333, 0.7778, 0.0, 0.7273, 1.0, 0.0, 0.0, 1.0, 0.9167, 0.6667, 0.5714, 0.625, 0.8571, 0.0, 0.0, 0.8, 0.5714, 0.75, 1.0, 0.8333, 0.875, 0.125, 0.1429, 0.875, 0.8, 1.0, 1.0, 0.0, 0.8, 0.0, 0.1111, 1.0, 1.0, 1.0, 1.0, 0.1429, 1.0, 0.1667, 0.0, 0.7273, 0.7143, 0.8571, 0.8571, 0.1667, 0.8889, 0.0, 0.0, 1.0, 1.0, 0.9, 0.875, 0.0, 0.8, 0.2857, 0.0, 0.1111, 0.8182, 0.8571, 0.875, 0.0, 0.6, 0.0, 0.0, 0.0, 0.8333, 0.8333, 0.7143, 0.0, 0.8, 0.0, 0.0, 0.2, 0.875, 0.7778, 0.8889, 0.0, 0.9, 0.125, 0.0, 0.4, 0.8889, 0.9, 0.5833, 0.125, 1.0, 0.0, 0.0, 0.0, 1.0, 0.5, 0.9, 0.0, 1.0, 0.0, 0.1111, 0.0, 0.8889, 0.0, 0.75, 0.1667, 1.0, 0.0, 0.0, 0.0, 1.0, 0.1, 0.8, 0.1111, 0.75, 0.0, 0.2857, 0.125, 0.8889, 0.0, 0.875, 0.0, 1.0, 0.0, 0.0, 0.8333, 0.8, 0.0, 1.0, 1.0, 0.8571, 0.5, 0.0, 0.8571, 0.75, 0.0, 1.0, 0.8]","[3, 5, 8, 10, 13, 15, 17, 18, 19, 20, 21, 26, 27, 28, 35, 37, 39, 41, 43, 45, 48, 49, 52, 53, 54, 59, 61, 64, 67, 69, 74, 75, 80, 81, 84, 86, 87, 88, 89, 90, 91, 94, 101, 103, 105, 110, 111, 116, 117, 119, 121, 122, 125, 126, 127, 128, 129, 130, 133, 135, 139, 140, 141, 148, 150, 151, 152, 153, 154, 155, 160, 167, 168, 171, 175, 182, 183, 186, 189, 190, 194, 195, 200, 201, 206, 207, 208, 212, 217, 218, 222, 223, 225, 226, 228, 234, 238, 241, 245, 246]"
random,0:35,35,random,0.585,0.585,0.585,1.0,0.585,0.0,29,True,1170,0,282,548,0,"[0.05, 0.072, 0.092, 0.119, 0.1525, 0.1815, 0.203, 0.224, 0.248, 0.2745, 0.298, 0.3245, 0.3475, 0.37, 0.388, 0.412, 0.4375, 0.4615, 0.4895, 0.513, 0.5265, 0.5425, 0.558, 0.566, 0.573, 0.577, 0.581, 0.584, 0.585, 0.585, 0.585, 0.585, 0.585, 0.585, 0.585, 0.585, 0.585, 0.585, 0.585, 0.585, 0.585, 0.585, 0.585, 0.585, 0.585, 0.585, 0.585, 0.585, 0.585, 0.585, 0.585, 0.585, 0.585, 0.585, 0.585, 0.585, 0.585, 0.585, 0.585, 0.585, 0.585, 0.585, 0.585, 0.585, 0.585, 0.585, 0.585, 0.585, 0.585, 0.585, 0.585, 0.585, 0.585, 0.585, 0.585, 0.585, 0.585, 0.585, 0.585, 0.585, 0.585, 0.585, 0.585, 0.585, 0.585, 0.585, 0.585, 0.585, 0.585, 0.585, 0.585, 0.585, 0.585, 0.585, 0.585, 0.585, 0.585, 0.585, 0.585, 0.585, 0.585]","{""0"": 0.3185, ""1"": 0.8642, ""2"": 0.498, ""3"": 0.0389, ""4"": 0.8677, ""5"": 0.8182, ""6"": 0.88, ""7"": 0.4724}","[0.4444, 0.8, 1.0, 0.0, 0.0, 0.8182, 0.7, 0.7778, 0.1429, 0.8571, 1.0, 0.0, 0.1667, 0.875, 0.9, 0.7273, 0.0, 0.9091, 0.8, 0.1667, 0.0, 0.8333, 0.9, 0.8333, 0.1667, 0.7778, 0.7778, 0.0, 0.0, 0.75, 1.0, 1.0, 0.2, 0.8889, 0.8571, 0.1429, 0.0, 0.9375, 0.7778, 0.7778, 0.3333, 0.8, 0.9091, 0.7143, 0.0, 0.6667, 1.0, 0.7143, 0.9091, 1.0, 0.7273, 1.0, 0.1, 0.75, 0.7, 1.0, 0.8571, 0.6667, 1.0, 0.0, 0.0, 0.8333, 0.8889, 1.0, 0.9091, 1.0, 1.0, 0.0, 0.0, 1.0, 0.7143, 1.0, 1.0, 0.6, 1.0, 0.8333, 0.1111, 0.7273, 0.8182, 0.8571, 0.8571, 0.2, 0.75, 1.0, 0.0, 1.0, 1.0, 1.0, 0.7778, 0.0909, 0.6667, 0.8333, 0.1, 0.9, 0.8571, 0.5, 0.7778, 0.1, 0.8, 0.8182, 0.0, 0.625, 0.75, 1.0, 0.875, 0.0, 1.0, 0.6667, 0.0, 1.0, 0.5, 1.0, 1.0, 0.0, 0.5, 0.8889, 0.0, 1.0, 1.0, 1.0, 1.0, 0.3333, 0.75, 1.0, 0.1667, 0.75, 0.8182, 0.8, 1.0, 0.0769, 0.875, 0.875, 0.1111, 1.0, 0.6667, 0.8571, 1.0, 0.0, 0.8571, 0.5, 0.0, 0.8, 0.875, 0.875, 1.0, 0.125, 1.0, 0.75, 0.0, 0.8333, 0.8571, 0.8333, 0.8571, 0.0, 0.7143, 0.8333, 0.0, 0.8571, 0.875, 0.8571, 0.0, 0.2222, 0.6364, 1.0, 0.0, 1.0, 0.6667, 0.625, 0.1667, 0.1429, 1.0, 0.3333, 0.0, 0.8333, 0.75, 0.8, 0.0, 0.0, 1.0, 0.0, 0.0, 1.0, 0.7143, 0.8333, 0.0, 0.5, 0.9, 0.0, 0.0, 0.8, 0.8, 0.9091, 0.0, 0.2, 0.8571, 0.0, 0.0, 0.875, 0.75, 1.0, 0.2857, 0.0, 1.0, 0.0, 0.0, 1.0, 0.75, 1.0, 0.0909, 0.0, 0.6667, 0.5714, 0.0, 0.875, 0.8333, 1.0, 0.0, 0.0, 0.9167, 0.7143, 0.05, 1.0, 0.875, 1.0, 0.1111, 0.0, 0.875, 1.0, 0.25, 0.75, 1.0, 1.0, 0.0, 0.0, 0.8333, 0.8571, 0.0, 0.8333, 0.8889, 0.8571, 0.0, 0.0, 1.0, 0.7778, 0.25, 0.8889, 0.8, 0.9, 0.0, 0.8571]","[1, 8, 10, 12, 13, 14, 15, 17, 22, 24, 25, 29, 30, 31, 37, 38, 39, 42, 43, 48, 49, 51, 52, 57, 62, 63, 65, 66, 72, 76, 85, 90, 91, 92, 96, 99, 102, 104, 115, 119, 123, 126, 127, 128, 129, 131, 133, 145, 150, 151, 155, 157, 162, 169, 170, 175, 181, 182, 185, 189, 194, 198, 199, 200, 202, 207, 208, 211, 214, 215, 219, 220, 222, 227, 228, 229, 231, 235, 239, 243, 244, 246, 247, 249]"
champions,0:35,35,champions,0.7355,0.7355,0.7355,1.0,0.7355,0.0,36,True,1471,0,285,244,0,"[0.05, 0.089, 0.1275, 0.162, 0.205, 0.25, 0.283, 0.3165, 0.349, 0.384, 0.431, 0.4725, 0.502, 0.525, 0.543, 0.5615, 0.585, 0.6065, 0.626, 0.6425, 0.6615, 0.6825, 0.6925, 0.702, 0.71, 0.714, 0.717, 0.72, 0.7235, 0.7245, 0.725, 0.726, 0.7275, 0.731, 0.734, 0.7355, 0.7355, 0.7355, 0.7355, 0.7355, 0.7355, 0.7355, 0.7355, 0.7355, 0.7355, 0.7355, 0.7355, 0.7355, 0.7355, 0.7355, 0.7355, 0.7355, 0.7355, 0.7355, 0.7355, 0.7355, 0.7355, 0.7355, 0.7355, 0.7355, 0.7355, 0.7355, 0.7355, 0.7355, 0.7355, 0.7355, 0.7355, 0.7355, 0.7355, 0.7355, 0.7355, 0.7355, 0.7355, 0.7355, 0.7355, 0.7355, 0.7355, 0.7355, 0.7355, 0.7355, 0.7355, 0.7355, 0.7355, 0.7355, 0.7355, 0.7355, 0.7355, 0.7355, 0.7355, 0.7355, 0.7355, 0.7355, 0.7355, 0.7355, 0.7355, 0.7355, 0.7355, 0.7355, 0.7355, 0.7355, 0.7355]","{""0"": 0.8444, ""1"": 0.5556, ""2"": 0.8566, ""3"": 0.8911, ""4"": 0.8599, ""5"": 0.6281, ""6"": 0.6622, ""7"": 0.5551}","[1.0, 0.7, 1.0, 1.0, 1.0, 0.8182, 0.7, 0.7778, 0.0, 0.8571, 0.125, 0.9, 0.8333, 0.875, 0.9, 0.6364, 0.0, 0.9091, 0.4, 1.0, 1.0, 0.8333, 0.9, 0.8333, 0.0, 0.7778, 0.0, 0.8, 0.875, 0.75, 1.0, 0.0, 0.2, 0.8889, 0.1429, 0.8571, 1.0, 0.875, 0.7778, 0.0, 0.3333, 0.8, 0.1818, 0.7143, 1.0, 0.6667, 1.0, 0.1429, 0.9091, 1.0, 0.0909, 1.0, 0.7, 0.75, 0.7, 0.2857, 0.8571, 0.6667, 0.1667, 0.8889, 0.8571, 0.8333, 0.8889, 0.125, 0.9091, 1.0, 0.0, 0.9231, 0.9091, 1.0, 0.7143, 0.1667, 1.0, 0.6, 0.0, 0.8333, 0.7778, 0.7273, 0.9091, 0.0, 0.8571, 0.8, 0.0, 1.0, 0.8889, 1.0, 1.0, 0.0, 0.7778, 1.0, 0.0, 0.8333, 1.0, 0.9, 0.8571, 0.5, 0.7778, 0.6, 0.1, 0.8182, 1.0, 0.625, 0.5, 1.0, 1.0, 0.8571, 0.1667, 0.6667, 1.0, 1.0, 0.0, 1.0, 1.0, 1.0, 0.25, 0.7778, 0.8333, 1.0, 0.0, 1.0, 1.0, 1.0, 0.75, 1.0, 1.0, 0.75, 0.0, 0.8, 1.0, 0.7692, 0.875, 0.875, 0.7778, 1.0, 0.5, 0.8571, 1.0, 0.875, 0.8571, 0.5, 0.8, 0.8, 0.875, 0.875, 1.0, 0.75, 1.0, 0.75, 1.0, 0.8333, 0.0, 0.8333, 0.8571, 0.9091, 0.7143, 0.8333, 0.875, 0.8571, 0.0, 0.8571, 0.7778, 0.7778, 0.6364, 1.0, 1.0, 1.0, 0.0833, 0.625, 0.8333, 0.7143, 0.9, 0.8333, 0.6667, 0.8333, 0.25, 0.8, 0.7143, 1.0, 1.0, 1.0, 0.7778, 1.0, 0.5714, 0.8333, 0.8571, 0.75, 0.9, 0.875, 1.0, 0.8, 0.8, 0.9091, 0.0, 0.8, 0.8571, 1.0, 0.875, 0.875, 0.625, 1.0, 0.2857, 1.0, 1.0, 0.8333, 0.5, 1.0, 0.75, 1.0, 0.0, 1.0, 0.6667, 0.7143, 0.8, 0.875, 0.8333, 1.0, 0.0, 0.7, 0.9167, 0.7143, 1.0, 1.0, 0.875, 1.0, 0.1111, 0.8571, 0.875, 0.875, 1.0, 0.625, 1.0, 1.0, 0.0, 1.0, 0.8333, 0.8571, 1.0, 0.8333, 0.8889, 0.8571, 0.0, 0.7, 1.0, 0.7778, 0.75, 0.8889, 0.6, 0.9, 0.0, 0.8571]","[0, 3, 5, 6, 14, 21, 22, 23, 25, 27, 30, 35, 36, 37, 41, 52, 60, 62, 64, 67, 68, 72, 77, 78, 92, 96, 99, 104, 109, 120, 128, 140, 142, 146, 153, 154, 159, 162, 166, 178, 185, 188, 189, 201, 202, 203, 205, 207, 210, 214, 218, 220, 231, 249]"
cluster,0:35,35,cluster,0.23,0.23,0.23,1.0,0.23,-0.0,15,True,460,0,281,1259,0,"[0.05, 0.0695, 0.0895, 0.1085, 0.1265, 0.1485, 0.1665, 0.183, 0.2, 0.2125, 0.22, 0.222, 0.224, 0.2265, 0.23, 0.23, 0.23, 0.23, 0.23, 0.23, 0.23, 0.23, 0.23, 0.23, 0.23, 0.23, 0.23, 0.23, 0.23, 0.23, 0.23, 0.23, 0.23, 0.23, 0.23, 0.23, 0.23, 0.23, 0.23, 0.23, 0.23, 0.23, 0.23, 0.23, 0.23, 0.23, 0.23, 0.23, 0.23, 0.23, 0.23, 0.23, 0.23, 0.23, 0.23, 0.23, 0.23, 0.23, 0.23, 0.23, 0.23, 0.23, 0.23, 0.23, 0.23, 0.23, 0.23, 0.23, 0.23, 0.23, 0.23, 0.23, 0.23, 0.23, 0.23, 0.23, 0.23, 0.23, 0.23, 0.23, 0.23, 0.23, 0.23, 0.23, 0.23, 0.23, 0.23, 0.23, 0.23, 0.23, 0.23, 0.23, 0.23, 0.23, 0.23, 0.23, 0.23, 0.23, 0.23, 0.23, 0.23]","{""0"": 0.0, ""1"": 0.1399, ""2"": 0.0757, ""3"": 0.1362, ""4"": 0.2374, ""5"": 0.1736, ""6"": 0.8978, ""7"": 0.2638}","[0.1111, 0.0, 1.0, 0.0, 0.0, 0.0, 0.0, 0.7778, 0.0, 0.0, 1.0, 0.0, 0.0, 0.0, 0.0, 0.6364, 0.0, 0.0, 0.8, 0.0, 0.0, 0.0, 0.0, 0.8333, 0.0, 0.0, 0.0, 0.0, 0.0, 0.0, 0.0, 1.0, 0.0, 0.0, 0.0, 0.0, 0.0, 0.0, 0.0, 0.7778, 1.0, 0.0, 0.0, 0.0, 0.0, 0.0, 0.0, 1.0, 0.0, 0.0, 0.0909, 0.0, 0.0, 0.0, 0.0, 1.0, 0.0, 0.0, 0.1667, 0.0, 0.0, 0.0, 0.0, 1.0, 0.0, 0.0, 0.0, 0.0, 0.0, 0.0, 0.0, 1.0, 0.0, 0.0, 0.0, 0.0, 0.0, 0.0, 0.0, 0.8571, 0.0, 0.0, 0.0, 0.0, 0.0, 1.0, 0.0, 1.0, 0.0, 0.0, 0.0, 0.0, 0.0, 0.9, 0.0, 0.5, 0.5556, 0.0, 0.0, 0.0, 0.0, 0.625, 0.0, 1.0, 0.875, 0.0, 0.0, 0.0, 0.0, 1.0, 0.0, 1.0, 1.0, 0.0, 0.0, 0.0, 0.0, 1.0, 0.0, 1.0, 1.0, 0.0, 0.0, 0.1111, 0.0, 0.75, 0.0, 0.8, 1.0, 0.0, 0.0, 1.0, 0.7778, 1.0, 0.0, 0.8571, 1.0, 0.0, 0.0, 0.1667, 0.8, 0.8, 0.0, 0.875, 1.0, 0.0, 0.0, 0.125, 1.0, 0.0, 0.0, 0.8333, 0.8571, 0.0, 0.0, 0.0, 1.0, 0.0, 0.0, 0.8571, 0.0, 0.0, 0.0, 0.0, 1.0, 0.0, 0.0, 1.0, 0.1667, 0.0, 0.0, 0.0, 0.0, 0.0, 0.25, 0.8, 0.0, 0.0, 0.0, 0.0, 0.0, 0.0, 0.5714, 0.8333, 0.0, 0.0, 0.0, 0.0, 0.0, 0.0, 0.8, 0.9091, 0.0, 0.0, 0.0, 0.0, 0.0, 0.0, 1.0, 1.0, 0.1429, 0.0, 0.0, 0.0, 0.0, 0.0, 0.75, 0.8, 0.0, 0.0, 0.0, 0.0, 0.0, 0.0, 0.8333, 1.0, 0.0, 0.0, 0.0, 1.0, 0.0, 0.0, 0.875, 1.0, 0.1111, 0.0, 0.0, 0.0, 0.0, 0.0, 1.0, 1.0, 0.0, 0.0, 0.8333, 0.1429, 0.0, 0.0, 0.0, 1.0, 0.0, 0.0, 1.0, 0.0, 0.0, 0.0, 0.2, 0.9, 0.0, 0.0]","[10, 40, 47, 109, 112, 119, 131, 156, 164, 167, 198, 219, 239, 242]"
one_per_team,0:35,35,one_per_team,0.734,0.734,0.734,1.0,0.734,0.0,55,True,1468,0,286,246,0,"[0.05, 0.067, 0.079, 0.0935, 0.1055, 0.119, 0.137, 0.16, 0.181, 0.1985, 0.221, 0.25, 0.2725, 0.2985, 0.326, 0.355, 0.385, 0.4145, 0.4375, 0.463, 0.4895, 0.516, 0.5395, 0.565, 0.5895, 0.611, 0.6215, 0.6345, 0.647, 0.6585, 0.6705, 0.677, 0.683, 0.686, 0.688, 0.6905, 0.695, 0.7015, 0.707, 0.7115, 0.714, 0.7155, 0.717, 0.719, 0.72, 0.7205, 0.7215, 0.723, 0.726, 0.7275, 0.73, 0.731, 0.7315, 0.7325, 0.734, 0.734, 0.734, 0.734, 0.734, 0.734, 0.734, 0.734, 0.734, 0.734, 0.734, 0.734, 0.734, 0.734, 0.734, 0.734, 0.734, 0.734, 0.734, 0.734, 0.734, 0.734, 0.734, 0.734, 0.734, 0.734, 0.734, 0.734, 0.734, 0.734, 0.734, 0.734, 0.734, 0.734, 0.734, 0.734, 0.734, 0.734, 0.734, 0.734, 0.734, 0.734, 0.734, 0.734, 0.734, 0.734, 0.734]","{""0"": 0.6185, ""1"": 0.8683, ""2"": 0.761, ""3"": 0.4514, ""4"": 0.7782, ""5"": 0.814, ""6"": 0.8844, ""7"": 0.7323}","[0.6667, 0.1, 1.0, 0.0, 0.1429, 0.8182, 0.7, 0.7778, 0.0, 0.5714, 0.875, 0.0, 0.0833, 0.875, 0.8, 0.6364, 0.1111, 0.0909, 0.8, 1.0, 1.0, 0.8333, 0.9, 0.8333, 0.0, 0.0, 0.7778, 0.8, 0.875, 0.0, 1.0, 1.0, 0.2, 0.1111, 0.8571, 0.8571, 1.0, 0.0, 0.7778, 0.7778, 0.3333, 0.0, 0.9091, 0.7143, 1.0, 0.6667, 1.0, 0.8571, 0.9091, 0.1667, 0.7273, 1.0, 0.7, 0.75, 0.7, 1.0, 0.8571, 0.0, 1.0, 0.8889, 0.8571, 0.8333, 0.8889, 1.0, 0.9091, 0.2, 1.0, 0.9231, 0.9091, 1.0, 0.7143, 1.0, 1.0, 0.6, 1.0, 0.8333, 0.7778, 0.7273, 0.8182, 0.8571, 0.8571, 0.8, 0.75, 1.0, 0.0, 1.0, 1.0, 1.0, 0.7778, 1.0, 0.8333, 0.8333, 0.0, 0.9, 0.8571, 0.5, 0.6667, 0.6, 0.8, 0.8182, 0.0, 0.625, 0.75, 1.0, 0.875, 0.8571, 1.0, 0.6667, 0.0, 1.0, 0.5, 1.0, 1.0, 1.0, 0.75, 0.7778, 0.8333, 1.0, 1.0, 1.0, 1.0, 1.0, 0.75, 1.0, 1.0, 0.75, 0.8182, 0.8, 1.0, 0.7692, 0.875, 0.875, 0.7778, 1.0, 0.6667, 0.8571, 1.0, 0.875, 0.8571, 0.6667, 0.8, 0.8, 0.875, 0.875, 1.0, 0.875, 1.0, 0.75, 1.0, 0.8333, 0.8571, 0.8333, 0.8571, 0.9091, 0.7143, 0.8333, 0.875, 0.8571, 0.875, 0.8571, 0.7778, 0.7778, 0.6364, 1.0, 1.0, 1.0, 0.8333, 0.75, 0.8333, 0.8571, 0.9, 0.8333, 0.0, 0.8333, 0.75, 0.8, 0.7143, 1.0, 1.0, 1.0, 0.0, 1.0, 0.7143, 0.8333, 0.8571, 0.75, 1.0, 0.875, 0.2222, 0.6, 0.8, 1.0, 1.0, 0.8, 0.8571, 1.0, 0.0, 0.875, 0.625, 1.0, 0.8571, 1.0, 1.0, 0.8333, 0.0, 1.0, 0.75, 0.8, 0.8182, 1.0, 0.6667, 0.8571, 0.2, 0.875, 0.8333, 1.0, 1.0, 0.7, 0.9167, 0.7143, 0.05, 1.0, 0.875, 1.0, 0.8889, 0.8571, 0.875, 0.875, 0.0, 0.625, 1.0, 1.0, 0.9, 1.0, 0.8333, 0.8571, 0.0, 0.8333, 0.8889, 0.8571, 0.0, 0.4, 1.0, 0.1111, 0.25, 0.8889, 0.6, 0.9, 0.0, 0.1429]","[4, 5, 9, 10, 13, 16, 19, 20, 21, 23, 26, 33, 38, 40, 43, 44, 45, 46, 47, 48, 49, 54, 59, 64, 68, 74, 77, 79, 82, 83, 85, 86, 88, 89, 90, 95, 97, 109, 112, 114, 116, 118, 119, 121, 122, 126, 130, 131, 133, 139, 141, 144, 145, 146, 149, 151, 154, 155, 156, 160, 161, 164, 166, 167, 168, 169, 178, 179, 181, 182, 186, 187, 188, 191, 192, 193, 198, 200, 201, 206, 207, 208, 210, 211, 212, 213, 214, 217, 219, 220, 222, 223, 225, 227, 229, 230, 238, 239, 242, 244]"
random,0:36,36,random,0.745,0.745,0.745,1.0,0.745,0.0,48,True,1490,0,261,249,0,"[0.05, 0.0715, 0.085, 0.109, 0.1405, 0.1665, 0.192, 0.2215, 0.252, 0.278, 0.308, 0.3375, 0.3625, 0.3805, 0.3995, 0.426, 0.453, 0.476, 0.4925, 0.5155, 0.5345, 0.5525, 0.5675, 0.5875, 0.6085, 0.6255, 0.642, 0.654, 0.664, 0.672, 0.68, 0.6845, 0.688, 0.6925, 0.6995, 0.707, 0.7105, 0.714, 0.718, 0.7225, 0.726, 0.73, 0.734, 0.738, 0.74, 0.7415, 0.7435, 0.745, 0.745, 0.745, 0.745, 0.745, 0.745, 0.745, 0.745, 0.745, 0.745, 0.745, 0.745, 0.745, 0.745, 0.745, 0.745, 0.745, 0.745, 0.745, 0.745, 0.745, 0.745, 0.745, 0.745, 0.745, 0.745, 0.745, 0.745, 0.745, 0.745, 0.745, 0.745, 0.745, 0.745, 0.745, 0.745, 0.745, 0.745, 0.745, 0.745, 0.745, 0.745, 0.745, 0.745, 0.745, 0.745, 0.745, 0.745, 0.745, 0.745, 0.745, 0.745, 0.745, 0.745]","{""0"": 0.5551, ""1"": 0.6091, ""2"": 0.876, ""3"": 0.8833, ""4"": 0.8784, ""5"": 0.6437, ""6"": 0.656, ""7"": 0.8649}","[0.8889, 0.2222, 1.0, 0.9, 1.0, 1.0, 1.0, 0.9167, 1.0, 0.1111, 0.9, 0.8, 0.875, 1.0, 1.0, 1.0, 1.0, 0.375, 1.0, 0.875, 1.0, 1.0, 1.0, 0.875, 0.7143, 0.1429, 0.7778, 1.0, 0.875, 1.0, 1.0, 0.8333, 0.7143, 0.0, 0.8889, 1.0, 1.0, 1.0, 0.5714, 0.8889, 0.75, 0.0, 0.75, 0.8, 1.0, 0.8889, 0.0, 0.8, 0.8571, 0.1, 0.8571, 0.8333, 1.0, 0.8571, 0.1429, 1.0, 0.7692, 0.875, 1.0, 1.0, 0.7143, 0.4286, 0.0, 0.8571, 0.8571, 1.0, 0.0, 0.6, 0.8182, 0.875, 0.0, 0.6, 0.8571, 0.625, 0.0, 1.0, 1.0, 0.625, 0.0, 0.0909, 0.8889, 1.0, 0.0, 0.75, 1.0, 0.75, 0.0, 0.2, 0.8571, 0.6667, 0.0, 0.8333, 0.8, 0.7778, 0.0, 0.0, 0.8333, 1.0, 0.1667, 0.8889, 0.8182, 0.8889, 0.0, 0.125, 0.7778, 0.8333, 0.0, 1.0, 1.0, 1.0, 0.2, 0.0, 0.8333, 0.625, 0.1429, 0.8333, 0.7778, 0.7778, 0.0, 0.1, 0.7143, 0.9, 0.0, 0.8333, 0.9, 0.8889, 0.3333, 0.1667, 0.7143, 0.75, 1.0, 0.7857, 0.9, 0.9091, 1.0, 0.0, 1.0, 0.75, 0.1429, 0.8889, 1.0, 0.9, 0.875, 1.0, 0.8333, 1.0, 0.0, 0.875, 1.0, 0.9091, 0.6364, 0.8, 0.8462, 0.7778, 0.25, 1.0, 0.8, 0.8571, 1.0, 1.0, 0.8462, 0.8, 0.9, 0.8, 0.5, 0.8571, 1.0, 1.0, 0.7143, 0.8, 1.0, 0.8, 0.8889, 0.9091, 0.9091, 1.0, 0.8333, 0.7778, 0.875, 1.0, 0.7143, 0.8571, 1.0, 0.8, 0.9091, 1.0, 1.0, 0.8333, 1.0, 0.8571, 0.4286, 1.0, 1.0, 0.5, 0.8, 0.8, 0.8571, 0.8333, 1.0, 0.4, 1.0, 0.9231, 0.875, 0.8333, 0.8889, 0.875, 1.0, 1.0, 1.0, 1.0, 0.8889, 0.875, 0.5, 1.0, 0.8333, 1.0, 0.8889, 1.0, 1.0, 1.0, 1.0, 0.9286, 0.9, 0.9091, 0.9091, 0.0769, 0.9, 0.8, 0.8, 0.875, 0.875, 0.8333, 0.8889, 0.0, 0.5714, 0.75, 0.8, 0.875, 0.8, 1.0, 0.8571, 0.0, 0.75, 0.75, 1.0, 1.0, 0.9091, 0.7778, 1.0, 0.0]","[0, 1, 6, 7, 9, 12, 13, 14, 15, 19, 22, 25, 29, 30, 45, 49, 54, 55, 56, 58, 69, 72, 73, 75, 76, 88, 93, 98, 99, 101, 103, 109, 110, 113, 115, 116, 120, 124, 130, 132, 134, 136, 142, 144, 147, 150, 152, 159, 160, 161, 162, 163, 165, 166, 169, 171, 173, 174, 175, 177, 178, 182, 184, 185, 186, 188, 191, 198, 200, 202, 208, 209, 210, 211, 215, 216, 217, 219, 223, 225, 226, 234, 238, 240, 247]"
champions,0:36,36,champions,0.7405,0.7405,0.7405,1.0,0.7405,0.0,38,True,1481,0,262,257,0,"[0.05, 0.0905, 0.141, 0.2055, 0.276, 0.3335, 0.3865, 0.439, 0.4865, 0.523, 0.5525, 0.582, 0.6115, 0.6275, 0.6385, 0.6475, 0.6585, 0.669, 0.68, 0.6885, 0.695, 0.7015, 0.708, 0.712, 0.713, 0.7145, 0.7165, 0.7175, 0.7185, 0.7205, 0.7235, 0.728, 0.7305, 0.7315, 0.7335, 0.736, 0.7375, 0.7405, 0.7405, 0.7405, 0.7405, 0.7405, 0.7405, 0.7405, 0.7405, 0.7405, 0.7405, 0.7405, 0.7405, 0.7405, 0.7405, 0.7405, 0.7405, 0.7405, 0.7405, 0.7405, 0.7405, 0.7405, 0.7405, 0.7405, 0.7405, 0.7405, 0.7405, 0.7405, 0.7405, 0.7405, 0.7405, 0.7405, 0.7405, 0.7405, 0.7405, 0.7405, 0.7405, 0.7405, 0.7405, 0.7405, 0.7405, 0.7405, 0.7405, 0.7405, 0.7405, 0.7405, 0.7405, 0.7405, 0.7405, 0.7405, 0.7405, 0.7405, 0.7405, 0.7405, 0.7405, 0.7405, 0.7405, 0.7405, 0.7405, 0.7405, 0.7405, 0.7405, 0.7405, 0.7405, 0.7405]","{""0"": 0.8213, ""1"": 0.8889, ""2"": 0.8802, ""3"": 0.8833, ""4"": 0.8824, ""5"": 0.4372, ""6"": 0.252, ""7"": 0.8764}","[1.0, 0.8889, 1.0, 0.9, 1.0, 1.0, 1.0, 0.0833, 1.0, 0.6667, 0.9, 0.8, 0.875, 1.0, 1.0, 0.125, 1.0, 0.875, 1.0, 0.875, 1.0, 1.0, 1.0, 0.0, 0.7143, 0.8571, 0.7778, 1.0, 0.875, 1.0, 1.0, 0.0, 0.7143, 0.6667, 0.8889, 1.0, 1.0, 1.0, 0.5714, 0.1111, 0.75, 0.8182, 0.75, 0.8, 1.0, 0.8889, 0.0, 0.2, 0.8571, 0.5, 0.8571, 0.8333, 1.0, 0.8571, 0.0, 1.0, 0.7692, 0.875, 1.0, 1.0, 0.7143, 0.4286, 0.0, 0.8571, 0.8571, 1.0, 0.8182, 0.6, 0.8182, 0.875, 0.0, 0.7, 1.0, 0.625, 0.8, 1.0, 1.0, 0.75, 0.2857, 0.9091, 0.8889, 1.0, 1.0, 0.75, 1.0, 0.75, 0.0, 1.0, 0.8571, 0.6667, 0.875, 0.8333, 0.8, 0.7778, 0.0, 1.0, 0.8333, 1.0, 0.8333, 0.8889, 0.8182, 0.8889, 0.0, 1.0, 0.7778, 0.8333, 1.0, 1.0, 1.0, 1.0, 0.2, 0.0, 0.8333, 0.625, 0.8571, 0.8333, 0.6667, 0.8889, 0.0, 0.1, 0.7143, 0.9, 1.0, 0.8333, 0.9, 0.8889, 0.0, 0.3333, 0.7143, 0.75, 1.0, 0.8571, 0.9, 0.9091, 0.0, 0.1538, 1.0, 0.75, 0.8571, 0.8889, 1.0, 0.9, 0.0, 0.125, 0.8333, 1.0, 1.0, 0.875, 1.0, 0.9091, 0.0909, 0.0, 0.8462, 0.7778, 0.75, 1.0, 0.8, 0.8571, 0.0, 0.0, 0.9231, 0.8, 0.9, 0.8, 0.5, 0.8571, 0.0, 0.2857, 0.7143, 0.8, 1.0, 0.6, 0.8889, 0.8182, 0.0909, 0.0, 0.8333, 0.7778, 0.875, 1.0, 0.8571, 0.8571, 0.125, 0.0, 0.9091, 1.0, 1.0, 0.8333, 1.0, 0.8571, 0.4286, 0.0, 1.0, 0.5, 0.8, 0.8, 0.8571, 0.8333, 1.0, 0.0, 1.0, 0.9231, 0.75, 0.8333, 0.8889, 0.875, 1.0, 0.1429, 1.0, 0.8, 0.8889, 0.875, 0.5, 1.0, 0.8333, 0.0, 0.8889, 1.0, 1.0, 1.0, 1.0, 0.9286, 0.9, 0.0, 0.9091, 0.8462, 0.9, 0.8, 0.8, 0.875, 0.875, 0.0, 0.8889, 0.6667, 0.5714, 0.75, 0.8, 0.875, 0.8, 0.0, 0.8571, 0.9091, 0.75, 0.875, 1.0, 1.0, 0.9091, 0.0, 1.0, 1.0]","[0, 3, 6, 7, 13, 18, 22, 24, 25, 26, 29, 35, 42, 56, 71, 72, 77, 78, 79, 81, 89, 106, 110, 117, 122, 124, 129, 131, 132, 133, 135, 140, 141, 148, 149, 150, 152, 155, 157, 160, 161, 162, 168, 172, 174, 177, 180, 184, 188, 189, 200, 201, 206, 208, 211, 216, 218, 221, 225, 226, 232, 240, 241, 243, 245, 246]"
cluster,0:36,36,cluster,0.231,0.231,0.231,1.0,0.231,0.0,36,True,462,0,255,1283,0,"[0.05, 0.068, 0.0865, 0.1005, 0.11, 0.1155, 0.118, 0.1225, 0.1295, 0.1355, 0.143, 0.149, 0.153, 0.1565, 0.1585, 0.162, 0.1655, 0.1685, 0.1725, 0.176, 0.1805, 0.1825, 0.1845, 0.187, 0.191, 0.195, 0.199, 0.2045, 0.208, 0.211, 0.2135, 0.2185, 0.2225, 0.226, 0.23, 0.231, 0.231, 0.231, 0.231, 0.231, 0.231, 0.231, 0.231, 0.231, 0.231, 0.231, 0.231, 0.231, 0.231, 0.231, 0.231, 0.231, 0.231, 0.231, 0.231, 0.231, 0.231, 0.231, 0.231, 0.231, 0.231, 0.231, 0.231, 0.231, 0.231, 0.231, 0.231, 0.231, 0.231, 0.231, 0.231, 0.231, 0.231, 0.231, 0.231, 0.231, 0.231, 0.231, 0.231, 0.231, 0.231, 0.231, 0.231, 0.231, 0.231, 0.231, 0.231, 0.231, 0.231, 0.231, 0.231, 0.231, 0.231, 0.231, 0.231, 0.231, 0.231, 0.231, 0.231, 0.231, 0.231]","{""0"": 0.1065, ""1"": 0.1852, ""2"": 0.876, ""3"": 0.3375, ""4"": 0.1255, ""5"": 0.1984, ""6"": 0.012, ""7"": 0.0463}","[0.1111, 0.8889, 1.0, 0.9, 1.0, 0.0, 0.0, 0.0, 0.0, 1.0, 0.9, 0.8, 0.875, 0.0, 0.0, 0.0, 0.0, 0.875, 1.0, 0.875, 1.0, 0.0, 0.0, 0.0, 0.0, 0.5714, 0.7778, 1.0, 0.0, 0.0, 0.0, 0.0, 0.0, 0.0, 0.0, 1.0, 0.0, 0.0, 0.0, 0.0, 0.0, 0.0, 0.0, 0.8, 0.1111, 0.0, 0.0, 0.0, 1.0, 0.0, 0.0, 0.8333, 0.0, 0.0, 0.5714, 0.0, 0.0, 0.0, 0.0, 1.0, 0.0, 0.0, 1.0, 0.0, 0.0, 0.0, 0.0, 0.6, 0.0, 0.0, 1.0, 0.0, 0.0, 0.0, 0.0, 1.0, 0.0, 0.0, 0.7143, 0.0, 0.0, 0.0, 0.0, 0.75, 0.0, 0.0, 1.0, 0.0, 0.0, 0.0, 0.0, 0.8333, 0.0, 0.0, 0.5714, 0.0, 0.0, 0.0, 0.0, 0.8889, 0.0, 0.0, 0.6, 0.0, 0.0, 0.0, 0.0, 1.0, 0.0, 1.0, 1.0, 0.0, 0.0, 0.0, 0.0, 0.8333, 0.0, 1.0, 0.875, 0.0, 0.0, 0.0, 0.0, 0.8333, 0.0, 0.8889, 0.1667, 0.1667, 0.0, 0.0, 0.0, 0.7857, 0.1, 0.0909, 0.0, 0.0, 0.0, 0.0, 0.0, 1.0, 1.0, 0.0, 0.0, 0.0, 0.0, 0.0, 0.0, 0.875, 1.0, 0.0, 0.0, 0.0, 0.0769, 0.0, 0.0, 1.0, 0.8, 0.2857, 0.0, 0.0, 0.0, 0.0, 0.0, 0.8, 1.0, 1.0, 0.0, 0.2857, 0.0, 0.0, 0.0, 0.6, 0.8889, 0.0, 0.0, 0.0, 0.0, 0.0, 0.0, 1.0, 0.8571, 0.0, 0.0, 0.0, 0.0, 0.0, 0.0, 0.8333, 0.0, 0.0, 0.0, 0.0, 0.0, 0.0, 0.0, 0.8, 0.0, 0.0, 0.0, 0.0, 0.0, 0.0, 0.0, 0.8333, 0.0, 0.0, 0.0, 0.0, 0.0, 0.0, 0.0, 0.875, 0.0, 0.0, 0.0, 0.0, 0.0, 0.0, 0.0, 1.0, 0.0, 0.0, 0.0, 0.0, 0.3636, 0.0, 0.0, 0.8, 0.0, 0.0, 0.0, 0.0, 0.0, 0.0, 1.0, 0.75, 0.8, 0.0, 0.0, 0.0, 0.0, 0.0, 0.75, 0.75, 1.0, 0.0, 0.0, 0.0, 0.0, 0.0]","[9, 20, 48, 86, 110, 117, 139, 164, 165, 180, 219, 234, 244]"
one_per_team,0:36,36,one_per_team,0.558,0.558,0.558,1.0,0.558,0.0,38,True,1116,0,263,621,0,"[0.05, 0.064, 0.076, 0.094, 0.1155, 0.144, 0.1755, 0.203, 0.2305, 0.259, 0.287, 0.3135, 0.334, 0.3525, 0.365, 0.376, 0.387, 0.3985, 0.406, 0.415, 0.4245, 0.437, 0.4505, 0.463, 0.4755, 0.4925, 0.5055, 0.517, 0.527, 0.536, 0.54, 0.5415, 0.543, 0.546, 0.5495, 0.552, 0.5565, 0.558, 0.558, 0.558, 0.558, 0.558, 0.558, 0.558, 0.558, 0.558, 0.558, 0.558, 0.558, 0.558, 0.558, 0.558, 0.558, 0.558, 0.558, 0.558, 0.558, 0.558, 0.558, 0.558, 0.558, 0.558, 0.558, 0.558, 0.558, 0.558, 0.558, 0.558, 0.558, 0.558, 0.558, 0.558, 0.558, 0.558, 0.558, 0.558, 0.558, 0.558, 0.558, 0.558, 0.558, 0.558, 0.558, 0.558, 0.558, 0.558, 0.558, 0.558, 0.558, 0.558, 0.558, 0.558, 0.558, 0.558, 0.558, 0.558, 0.558, 0.558, 0.558, 0.558, 0.558]","{""0"": 0.6236, ""1"": 0.8889, ""2"": 0.8802, ""3"": 0.5583, ""4"": 0.0667, ""5"": 0.6194, ""6"": 0.38, ""7"": 0.4749}","[0.7778, 1.0, 1.0, 0.9, 1.0, 0.1111, 1.0, 0.0833, 0.0, 0.6667, 0.9, 0.8, 0.875, 0.0, 1.0, 0.125, 0.0, 0.875, 1.0, 0.875, 1.0, 0.0, 1.0, 0.0, 0.1429, 0.8571, 0.7778, 1.0, 0.875, 0.0, 1.0, 0.0, 0.7143, 0.8333, 0.8889, 1.0, 1.0, 0.1429, 0.5714, 0.1111, 0.75, 0.8182, 0.75, 0.8, 1.0, 0.0, 0.8889, 0.0, 0.8571, 0.5, 0.8571, 0.8333, 1.0, 0.1429, 0.7143, 0.1667, 0.7692, 0.875, 1.0, 1.0, 0.8571, 0.0, 1.0, 0.0, 0.8571, 1.0, 0.9091, 0.6, 0.0909, 0.125, 1.0, 0.1, 0.8571, 0.75, 0.8, 1.0, 0.0, 0.25, 0.7143, 0.0909, 0.8889, 1.0, 1.0, 0.75, 0.25, 0.0, 1.0, 0.2, 0.8571, 0.6667, 0.875, 1.0, 0.0, 0.0, 0.5714, 0.1667, 0.8333, 1.0, 0.8333, 0.8889, 0.0, 0.1111, 0.6, 0.125, 0.7778, 0.8333, 1.0, 1.0, 0.0, 0.0, 0.8, 0.0, 0.8333, 0.625, 0.8571, 0.8333, 0.1111, 0.1111, 0.875, 0.1, 0.7143, 0.0, 0.8571, 0.8333, 0.2, 0.0, 0.3333, 0.1667, 0.7143, 0.0, 1.0, 0.7857, 0.0, 0.1818, 0.8333, 0.0, 1.0, 0.0, 0.8571, 0.8889, 0.0, 0.0, 0.875, 1.0, 0.8333, 0.0, 1.0, 0.875, 0.0, 0.0, 0.0, 0.8, 0.8462, 0.1111, 0.75, 1.0, 0.2, 0.0, 0.0, 0.8333, 0.8462, 0.0, 0.9, 0.8, 0.125, 0.1429, 0.6, 1.0, 0.4286, 0.1, 1.0, 0.6, 0.8889, 0.0, 0.0, 0.8571, 0.0, 0.0, 0.875, 1.0, 0.8571, 0.1429, 0.0, 0.8, 0.0, 0.1667, 1.0, 0.8333, 1.0, 0.0, 0.0, 1.0, 0.0, 0.0, 0.8, 1.0, 0.8571, 0.0, 0.0909, 0.6, 0.0, 0.9231, 0.75, 0.8333, 0.8889, 0.0, 0.125, 1.0, 0.1, 1.0, 0.8889, 0.875, 0.5, 0.5, 0.8333, 1.0, 0.1111, 1.0, 1.0, 1.0, 1.0, 0.0, 0.9, 0.9091, 0.3636, 0.8462, 0.9, 0.8, 0.8, 0.0, 0.875, 0.8333, 0.0, 0.6667, 0.5714, 0.75, 0.8, 0.125, 0.8, 0.6, 0.0, 0.9091, 0.75, 0.75, 1.0, 0.2222, 0.9091, 0.0, 0.0, 1.0]","[1, 3, 5, 6, 7, 9, 10, 15, 17, 20, 27, 33, 36, 37, 40, 43, 44, 46, 48, 49, 53, 55, 57, 58, 59, 60, 66, 67, 69, 70, 71, 72, 73, 77, 81, 82, 86, 90, 91, 95, 96, 97, 101, 103, 106, 107, 110, 112, 113, 114, 116, 117, 118, 122, 126, 127, 130, 133, 134, 139, 144, 147, 152, 153, 156, 160, 163, 164, 165, 166, 169, 171, 175, 180, 181, 195, 199, 204, 208, 209, 210, 213, 215, 216, 217, 218, 219, 220, 222, 223, 225, 228, 230, 234, 235, 236, 237, 238, 242, 244]"
random,0:37,37,random,0.8345,0.8345,0.8345,1.0,0.8345,0.0,42,True,1669,0,314,17,0,"[0.05, 0.074, 0.0955, 0.1185, 0.1445, 0.17, 0.199, 0.227, 0.252, 0.2845, 0.317, 0.3425, 0.3675, 0.3885, 0.413, 0.4395, 0.465, 0.49, 0.5175, 0.543, 0.565, 0.5835, 0.6055, 0.6255, 0.643, 0.6575, 0.6785, 0.6995, 0.724, 0.746, 0.759, 0.768, 0.7755, 0.785, 0.7965, 0.808, 0.814, 0.816, 0.819, 0.8245, 0.8315, 0.8345, 0.8345, 0.8345, 0.8345, 0.8345, 0.8345, 0.8345, 0.8345, 0.8345, 0.8345, 0.8345, 0.8345, 0.8345, 0.8345, 0.8345, 0.8345, 0.8345, 0.8345, 0.8345, 0.8345, 0.8345, 0.8345, 0.8345, 0.8345, 0.8345, 0.8345, 0.8345, 0.8345, 0.8345, 0.8345, 0.8345, 0.8345, 0.8345, 0.8345, 0.8345, 0.8345, 0.8345, 0.8345, 0.8345, 0.8345, 0.8345, 0.8345, 0.8345, 0.8345, 0.8345, 0.8345, 0.8345, 0.8345, 0.8345, 0.8345, 0.8345, 0.8345, 0.8345, 0.8345, 0.8345, 0.8345, 0.8345, 0.8345, 0.8345, 0.8345]","{""0"": 0.8364, ""1"": 0.7469, ""2"": 0.8549, ""3"": 0.8672, ""4"": 0.823, ""5"": 0.8508, ""6"": 0.8583, ""7"": 0.8381}","[0.4444, 0.6667, 0.875, 0.6923, 1.0, 1.0, 0.8571, 0.8889, 1.0, 0.8182, 1.0, 0.9, 0.75, 1.0, 0.8, 0.75, 0.7143, 0.875, 0.8, 0.5714, 0.8571, 0.75, 0.8333, 1.0, 0.8, 0.9, 0.8571, 1.0, 0.8, 1.0, 0.7143, 0.875, 0.8, 0.7143, 0.8462, 1.0, 1.0, 0.875, 0.875, 0.8462, 0.8, 0.6, 1.0, 0.8, 0.8571, 0.7143, 0.75, 0.7143, 1.0, 0.8889, 0.8, 1.0, 0.5714, 1.0, 1.0, 0.8333, 0.7778, 0.7143, 0.75, 0.6667, 0.8182, 0.8, 1.0, 0.8571, 0.9091, 0.7692, 0.8889, 0.8333, 0.8, 0.7143, 0.8333, 0.8333, 0.875, 1.0, 0.875, 1.0, 1.0, 1.0, 0.8333, 0.8, 0.9, 1.0, 0.1111, 0.5556, 0.8, 0.8, 1.0, 1.0, 0.75, 1.0, 0.0, 0.8889, 0.9, 1.0, 0.875, 0.4, 1.0, 0.7778, 0.0, 1.0, 1.0, 0.8, 0.875, 0.625, 0.6667, 1.0, 0.5714, 0.8462, 0.8, 0.6, 0.7143, 1.0, 0.7778, 1.0, 0.7778, 0.9, 0.8571, 0.6667, 0.8571, 0.8889, 0.875, 1.0, 0.7143, 0.9091, 0.8333, 0.8333, 0.875, 0.8571, 1.0, 0.75, 0.875, 0.7778, 0.875, 1.0, 0.9231, 1.0, 0.7778, 0.6667, 0.875, 0.6667, 1.0, 0.625, 0.75, 0.8333, 1.0, 0.9167, 1.0, 1.0, 0.75, 1.0, 1.0, 0.8333, 0.8571, 0.75, 0.7778, 1.0, 0.8889, 0.7143, 0.8571, 1.0, 0.8333, 1.0, 0.8, 0.75, 1.0, 1.0, 1.0, 1.0, 1.0, 0.8333, 1.0, 0.8333, 0.8889, 1.0, 0.7143, 1.0, 0.6667, 1.0, 0.7143, 0.9, 1.0, 0.8, 0.75, 0.875, 0.8333, 0.7778, 0.7143, 0.875, 1.0, 0.8333, 1.0, 0.75, 0.8889, 1.0, 0.625, 1.0, 0.5556, 0.6667, 1.0, 1.0, 0.6667, 0.7778, 0.75, 1.0, 0.5, 0.8, 0.6667, 0.9091, 0.5714, 0.625, 0.5714, 0.9231, 0.9231, 0.6364, 0.7778, 0.75, 0.8, 0.875, 1.0, 0.875, 0.8182, 0.75, 0.9, 1.0, 1.0, 0.625, 0.75, 0.8571, 1.0, 0.8889, 0.875, 0.625, 0.7143, 0.6364, 0.8333, 0.8571, 1.0, 0.7143, 0.75, 1.0, 0.8571, 1.0, 1.0, 0.8, 1.0, 0.7778, 0.8, 0.8571, 0.8571, 0.9091]","[3, 4, 9, 10, 11, 18, 21, 23, 24, 27, 29, 31, 32, 37, 39, 43, 47, 53, 54, 55, 60, 65, 72, 74, 77, 80, 82, 83, 87, 92, 94, 101, 102, 110, 111, 115, 116, 118, 121, 123, 125, 128, 130, 131, 132, 133, 134, 147, 150, 152, 154, 156, 161, 162, 170, 171, 172, 174, 175, 182, 183, 194, 196, 199, 203, 206, 209, 211, 212, 215, 217, 218, 220, 223, 230, 231, 232, 233, 237, 246, 248]"
champions,0:37,37,champions,0.7525,0.7525,0.7525,1.0,0.7525,0.0,45,True,1505,0,312,183,0,"[0.05, 0.09, 0.142, 0.1995, 0.261, 0.3115, 0.355, 0.4005, 0.444, 0.479, 0.5045, 0.528, 0.5465, 0.569, 0.5845, 0.6, 0.6135, 0.629, 0.64, 0.648, 0.651, 0.6545, 0.6595, 0.6655, 0.6705, 0.677, 0.6855, 0.6915, 0.6955, 0.7, 0.704, 0.7115, 0.718, 0.7215, 0.7265, 0.7315, 0.7375, 0.742, 0.743, 0.7445, 0.746, 0.748, 0.7505, 0.752, 0.7525, 0.7525, 0.7525, 0.7525, 0.7525, 0.7525, 0.7525, 0.7525, 0.7525, 0.7525, 0.7525, 0.7525, 0.7525, 0.7525, 0.7525, 0.7525, 0.7525, 0.7525, 0.7525, 0.7525, 0.7525, 0.7525, 0.7525, 0.7525, 0.7525, 0.7525, 0.7525, 0.7525, 0.7525, 0.7525, 0.7525, 0.7525, 0.7525, 0.7525, 0.7525, 0.7525, 0.7525, 0.7525, 0.7525, 0.7525, 0.7525, 0.7525, 0.7525, 0.7525, 0.7525, 0.7525, 0.7525, 0.7525, 0.7525, 0.7525, 0.7525, 0.7525, 0.7525, 0.7525, 0.7525, 0.7525, 0.7525]","{""0"": 0.8473, ""1"": 0.6163, ""2"": 0.8549, ""3"": 0.8711, ""4"": 0.8274, ""5"": 0.5726, ""6"": 0.8664, ""7"": 0.5547}","[0.8889, 0.6667, 0.875, 0.6923, 1.0, 1.0, 0.8571, 1.0, 0.0, 0.8182, 1.0, 0.9, 0.75, 1.0, 0.9, 0.75, 0.0, 0.875, 0.8, 0.5714, 0.8571, 0.75, 0.8333, 1.0, 0.1, 1.0, 0.8571, 1.0, 0.8, 1.0, 0.7143, 0.875, 0.2, 0.7143, 0.8462, 1.0, 1.0, 0.875, 0.0, 0.9231, 0.8, 0.6, 1.0, 0.8, 0.8571, 0.7143, 0.0, 0.7143, 1.0, 0.8889, 0.8, 1.0, 0.7143, 1.0, 0.0, 0.8333, 0.7778, 0.7143, 0.75, 0.6667, 0.8182, 0.8, 0.0, 0.8571, 0.9091, 0.8462, 0.8889, 0.8333, 0.8, 0.7143, 0.0, 0.8333, 0.75, 1.0, 0.75, 1.0, 1.0, 1.0, 0.0, 0.8, 0.9, 1.0, 0.0, 0.5556, 0.8, 0.8, 0.0, 1.0, 0.75, 1.0, 0.0, 0.8889, 0.9, 1.0, 0.0, 0.4, 1.0, 0.7778, 0.0, 1.0, 1.0, 0.8, 0.0, 0.625, 0.6667, 1.0, 0.1429, 0.9231, 0.8, 0.6, 0.0, 1.0, 0.1111, 1.0, 0.0, 0.8, 0.9286, 0.6667, 0.0, 0.8889, 0.25, 1.0, 0.0, 0.8182, 0.8333, 0.8333, 0.875, 0.8571, 0.0, 0.75, 0.0, 0.6667, 0.875, 1.0, 0.9231, 1.0, 0.0, 0.6667, 0.0, 0.6667, 1.0, 0.625, 0.75, 0.8333, 1.0, 0.9167, 1.0, 1.0, 0.75, 1.0, 1.0, 0.8333, 0.7143, 0.75, 0.7778, 1.0, 0.8889, 0.7143, 0.8571, 1.0, 0.8333, 1.0, 0.7, 0.875, 1.0, 1.0, 1.0, 1.0, 1.0, 0.8333, 0.9, 0.8333, 0.7778, 1.0, 0.7143, 1.0, 0.6667, 1.0, 0.7143, 0.9, 1.0, 0.8, 0.75, 0.875, 0.8333, 0.7778, 0.7143, 0.875, 1.0, 0.8333, 1.0, 0.75, 0.8889, 1.0, 0.625, 1.0, 0.5556, 0.6667, 1.0, 0.9, 0.6667, 0.8889, 0.75, 1.0, 0.5, 1.0, 0.5556, 0.9091, 0.5714, 0.5, 0.5714, 0.9231, 0.9231, 0.6364, 0.7778, 0.75, 0.8, 0.875, 1.0, 0.875, 0.8182, 0.75, 0.9, 1.0, 1.0, 0.625, 0.75, 0.8571, 1.0, 0.8889, 0.875, 0.625, 0.1429, 0.6364, 0.8333, 0.8571, 1.0, 0.7143, 0.75, 1.0, 0.0, 1.0, 1.0, 0.8, 1.0, 0.7778, 0.8, 0.8571, 0.0, 0.9091]","[0, 1, 3, 6, 7, 9, 11, 14, 15, 17, 24, 25, 34, 39, 44, 48, 52, 55, 60, 63, 65, 68, 71, 73, 80, 85, 100, 107, 111, 115, 116, 123, 134, 137, 142, 145, 150, 154, 161, 162, 163, 170, 177, 178, 179, 184, 185, 196, 198, 199, 201, 204, 205, 207, 212, 213, 222, 229, 230, 234, 237, 238, 241, 243, 246]"
cluster,0:37,37,cluster,0.304,0.304,0.304,1.0,0.304,0.0,30,True,608,0,314,1078,0,"[0.05, 0.0715, 0.0955, 0.12, 0.1445, 0.1585, 0.171, 0.1815, 0.1915, 0.2025, 0.2125, 0.223, 0.236, 0.249, 0.259, 0.265, 0.2705, 0.2745, 0.2785, 0.283, 0.287, 0.2895, 0.2935, 0.2955, 0.2975, 0.3, 0.302, 0.303, 0.3035, 0.304, 0.304, 0.304, 0.304, 0.304, 0.304, 0.304, 0.304, 0.304, 0.304, 0.304, 0.304, 0.304, 0.304, 0.304, 0.304, 0.304, 0.304, 0.304, 0.304, 0.304, 0.304, 0.304, 0.304, 0.304, 0.304, 0.304, 0.304, 0.304, 0.304, 0.304, 0.304, 0.304, 0.304, 0.304, 0.304, 0.304, 0.304, 0.304, 0.304, 0.304, 0.304, 0.304, 0.304, 0.304, 0.304, 0.304, 0.304, 0.304, 0.304, 0.304, 0.304, 0.304, 0.304, 0.304, 0.304, 0.304, 0.304, 0.304, 0.304, 0.304, 0.304, 0.304, 0.304, 0.304, 0.304, 0.304, 0.304, 0.304, 0.304, 0.304, 0.304]","{""0"": 0.1273, ""1"": 0.0, ""2"": 0.2039, ""3"": 0.4453, ""4"": 0.6062, ""5"": 0.375, ""6"": 0.2996, ""7"": 0.417}","[0.3333, 0.1111, 0.0, 0.0, 0.0, 0.0, 0.0, 0.0, 0.0, 0.4545, 0.0, 0.0, 0.0, 0.0, 0.0, 0.0, 0.0, 0.875, 0.0, 0.0, 0.0, 0.0, 0.0, 1.0, 0.0, 0.9, 0.0, 0.0, 0.7, 0.0, 0.0, 0.875, 0.0, 1.0, 0.0, 0.0, 1.0, 0.0, 0.0, 0.8462, 0.0, 0.6, 0.0, 0.0, 0.8571, 0.0, 0.75, 0.7143, 0.0, 0.0, 0.0, 0.0, 0.5714, 0.0, 1.0, 0.8333, 0.1111, 0.0, 0.0, 0.0, 1.0, 0.8, 1.0, 0.8571, 0.0, 0.0, 0.0, 0.1667, 0.8, 0.7143, 0.8333, 0.8333, 0.0, 0.1429, 0.0, 0.0, 1.0, 1.0, 0.8333, 0.8, 0.0, 0.2, 0.0, 0.0, 0.8, 0.8, 1.0, 1.0, 0.125, 0.0, 0.0, 0.0, 0.0, 1.0, 0.75, 0.4, 0.0, 0.0, 0.0, 0.0, 0.1429, 0.8, 0.875, 0.625, 0.5, 0.1429, 0.0, 0.0, 0.0, 1.0, 0.2857, 0.1111, 0.7778, 0.0, 0.0, 0.0, 0.0, 0.6667, 0.0, 0.0, 0.875, 0.0, 0.0, 0.0, 0.0, 1.0, 0.0, 0.0, 1.0, 0.0, 0.0, 0.1111, 0.125, 1.0, 0.0, 0.0, 0.7778, 0.0, 0.0, 0.3333, 0.2, 0.625, 0.75, 0.0, 1.0, 0.0, 0.0, 1.0, 0.75, 1.0, 1.0, 0.0, 1.0, 0.0, 0.0, 1.0, 0.8889, 0.7143, 0.8571, 0.0, 0.8333, 0.0, 0.0, 0.75, 1.0, 1.0, 1.0, 0.0, 1.0, 0.0, 0.0, 0.8333, 0.8889, 1.0, 1.0, 0.0, 0.6667, 0.0, 0.0, 0.0, 1.0, 0.8, 0.75, 0.0, 0.8333, 0.0, 0.0, 0.0, 1.0, 0.8333, 0.0, 0.125, 0.8889, 0.0, 0.0, 0.0, 0.5556, 0.6667, 0.0, 0.2, 0.6667, 0.0, 0.0, 0.1429, 0.25, 0.8, 0.0, 0.0, 0.5714, 0.0, 0.0, 0.0, 0.0, 0.6364, 0.0, 0.0, 1.0, 0.0, 0.0, 1.0, 0.0, 0.75, 0.0, 0.0, 1.0, 0.0, 0.0, 0.8571, 0.1667, 1.0, 0.0, 0.0, 0.1429, 0.0, 0.0, 0.8571, 0.0, 0.1429, 0.0, 0.25, 0.0, 0.0, 0.0, 0.0, 0.0, 0.0, 0.0, 0.0, 0.0, 0.0]","[23, 33, 54, 60, 109, 125, 128, 150, 152, 172, 174, 216, 219, 224, 229]"
one_per_team,0:37,37,one_per_team,0.7825,0.7825,0.7825,1.0,0.7825,0.0,41,True,1565,0,310,125,0,"[0.05, 0.0765, 0.096, 0.1165, 0.137, 0.171, 0.2095, 0.246, 0.28, 0.318, 0.3525, 0.3815, 0.4095, 0.437, 0.4665, 0.493, 0.5195, 0.5485, 0.5735, 0.5945, 0.612, 0.63, 0.649, 0.658, 0.668, 0.676, 0.685, 0.697, 0.707, 0.7145, 0.725, 0.7355, 0.7465, 0.7535, 0.7595, 0.7635, 0.7695, 0.778, 0.781, 0.782, 0.7825, 0.7825, 0.7825, 0.7825, 0.7825, 0.7825, 0.7825, 0.7825, 0.7825, 0.7825, 0.7825, 0.7825, 0.7825, 0.7825, 0.7825, 0.7825, 0.7825, 0.7825, 0.7825, 0.7825, 0.7825, 0.7825, 0.7825, 0.7825, 0.7825, 0.7825, 0.7825, 0.7825, 0.7825, 0.7825, 0.7825, 0.7825, 0.7825, 0.7825, 0.7825, 0.7825, 0.7825, 0.7825, 0.7825, 0.7825, 0.7825, 0.7825, 0.7825, 0.7825, 0.7825, 0.7825, 0.7825, 0.7825, 0.7825, 0.7825, 0.7825, 0.7825, 0.7825, 0.7825, 0.7825, 0.7825, 0.7825, 0.7825, 0.7825, 0.7825, 0.7825]","{""0"": 0.8436, ""1"": 0.6163, ""2"": 0.749, ""3"": 0.6641, ""4"": 0.8407, ""5"": 0.8468, ""6"": 0.8664, ""7"": 0.8381}","[0.4444, 0.6667, 0.875, 0.0769, 1.0, 1.0, 0.8571, 0.8889, 1.0, 0.9091, 1.0, 0.0, 0.75, 1.0, 0.8, 0.75, 0.7143, 0.875, 0.8, 0.2857, 0.8571, 0.75, 0.8333, 1.0, 0.8, 0.9, 0.8571, 1.0, 0.8, 1.0, 0.7143, 0.875, 0.8, 0.7143, 0.8462, 1.0, 1.0, 0.875, 0.875, 0.8462, 0.8, 0.8, 1.0, 0.8, 0.8571, 0.7143, 0.75, 0.7143, 1.0, 0.8889, 0.8, 1.0, 0.5714, 1.0, 1.0, 0.8333, 0.7778, 0.7143, 0.75, 0.6667, 0.8182, 0.8, 1.0, 0.8571, 0.9091, 0.7692, 0.8889, 0.8333, 0.8, 0.8571, 0.8333, 0.8333, 0.75, 1.0, 0.75, 1.0, 1.0, 1.0, 0.8333, 1.0, 0.9, 1.0, 0.0, 0.5556, 0.8, 1.0, 1.0, 1.0, 0.75, 1.0, 0.0, 0.8889, 0.0, 1.0, 0.75, 0.4, 1.0, 0.7778, 0.0, 1.0, 0.1429, 0.8, 0.875, 0.625, 0.8333, 1.0, 0.1429, 0.8462, 0.0, 0.8, 0.7143, 1.0, 0.8889, 1.0, 0.0, 0.8, 0.0, 0.6667, 0.8571, 0.8889, 0.875, 1.0, 0.0, 0.9091, 0.0, 0.8333, 1.0, 0.8571, 1.0, 0.75, 0.0, 0.6667, 0.125, 1.0, 0.9231, 1.0, 0.7778, 0.6667, 0.0, 0.6667, 0.2, 0.625, 0.75, 0.8333, 1.0, 0.9167, 1.0, 1.0, 0.75, 1.0, 1.0, 0.8333, 0.7143, 0.875, 0.7778, 1.0, 0.8889, 0.8571, 0.8571, 1.0, 0.8333, 1.0, 0.7, 0.75, 1.0, 1.0, 1.0, 1.0, 1.0, 0.8333, 0.9, 0.8333, 0.8889, 1.0, 0.7143, 1.0, 0.6667, 1.0, 0.7143, 0.9, 1.0, 0.8, 0.75, 0.875, 0.8333, 0.7778, 0.8571, 0.875, 1.0, 0.8333, 1.0, 0.875, 0.8889, 1.0, 0.625, 1.0, 0.5556, 0.6667, 1.0, 0.9, 0.6667, 0.7778, 0.75, 1.0, 0.75, 0.8, 0.5556, 0.9091, 0.5714, 0.5, 0.5714, 1.0, 0.9231, 0.6364, 0.7778, 0.75, 0.8, 0.875, 1.0, 0.875, 0.9091, 0.75, 0.9, 1.0, 1.0, 0.625, 0.75, 0.8571, 1.0, 0.8889, 0.875, 0.625, 0.7143, 0.6364, 0.8333, 0.8571, 1.0, 0.7143, 0.75, 1.0, 0.8571, 1.0, 1.0, 0.1, 1.0, 0.7778, 0.8, 1.0, 0.8571, 0.9091]","[2, 3, 8, 9, 13, 22, 23, 25, 33, 34, 36, 39, 41, 48, 49, 50, 51, 52, 54, 60, 66, 69, 72, 77, 78, 79, 84, 85, 89, 93, 94, 97, 99, 101, 104, 109, 110, 112, 113, 117, 118, 120, 121, 123, 125, 126, 128, 133, 134, 135, 137, 141, 142, 143, 146, 148, 150, 152, 153, 156, 157, 163, 164, 166, 168, 169, 171, 172, 174, 175, 176, 178, 180, 183, 185, 186, 189, 191, 200, 204, 206, 209, 211, 216, 219, 220, 224, 228, 229, 230, 233, 234, 235, 238, 239, 244, 245, 246, 247, 249]"
random,0:38,38,random,0.7505,0.7505,0.7505,1.0,0.7505,0.0,54,True,1501,0,262,237,0,"[0.05, 0.0735, 0.097, 0.1275, 0.1595, 0.1915, 0.2225, 0.248, 0.2765, 0.308, 0.338, 0.369, 0.397, 0.4215, 0.443, 0.4585, 0.471, 0.4895, 0.509, 0.531, 0.556, 0.5765, 0.5905, 0.603, 0.6145, 0.6255, 0.6335, 0.641, 0.646, 0.6525, 0.6615, 0.6695, 0.673, 0.6745, 0.6765, 0.681, 0.685, 0.6885, 0.6935, 0.6975, 0.7025, 0.707, 0.7105, 0.7125, 0.7145, 0.7165, 0.721, 0.728, 0.7335, 0.738, 0.7425, 0.7455, 0.7495, 0.7505, 0.7505, 0.7505, 0.7505, 0.7505, 0.7505, 0.7505, 0.7505, 0.7505, 0.7505, 0.7505, 0.7505, 0.7505, 0.7505, 0.7505, 0.7505, 0.7505, 0.7505, 0.7505, 0.7505, 0.7505, 0.7505, 0.7505, 0.7505, 0.7505, 0.7505, 0.7505, 0.7505, 0.7505, 0.7505, 0.7505, 0.7505, 0.7505, 0.7505, 0.7505, 0.7505, 0.7505, 0.7505, 0.7505, 0.7505, 0.7505, 0.7505, 0.7505, 0.7505, 0.7505, 0.7505, 0.7505, 0.7505]","{""0"": 0.1157, ""1"": 0.8664, ""2"": 0.8859, ""3"": 0.7702, ""4"": 0.8681, ""5"": 0.8884, ""6"": 0.7731, ""7"": 0.8792}","[0.7778, 1.0, 1.0, 0.8571, 0.0, 0.8, 1.0, 0.8889, 0.8, 1.0, 0.7143, 1.0, 0.0, 1.0, 0.8333, 0.75, 0.875, 0.4286, 1.0, 1.0, 0.75, 0.75, 1.0, 0.8333, 1.0, 0.0, 0.8, 0.9, 1.0, 0.5, 0.75, 1.0, 1.0, 0.0, 0.8, 0.8, 1.0, 0.8333, 1.0, 0.8889, 1.0, 0.125, 0.8571, 0.75, 0.8333, 0.5, 1.0, 1.0, 1.0, 0.0, 1.0, 0.8333, 1.0, 0.8889, 0.875, 1.0, 0.8889, 0.0, 1.0, 0.7857, 1.0, 0.875, 0.5714, 1.0, 0.8182, 0.1, 0.7, 1.0, 1.0, 0.8, 1.0, 0.6667, 1.0, 0.1818, 1.0, 0.875, 0.8889, 0.8571, 0.9, 1.0, 0.8333, 0.4444, 0.9, 0.7143, 0.75, 0.9231, 1.0, 0.8571, 1.0, 0.1111, 0.6, 0.8889, 1.0, 1.0, 1.0, 1.0, 0.8571, 0.0, 0.8, 1.0, 1.0, 0.8889, 0.6, 0.75, 0.8182, 0.0, 1.0, 0.8889, 0.625, 0.8, 1.0, 0.8333, 0.8333, 0.0, 0.8, 0.8182, 0.7778, 0.8182, 0.8889, 0.875, 0.8889, 0.0, 1.0, 1.0, 0.875, 1.0, 0.8889, 0.875, 0.4, 0.1, 1.0, 1.0, 0.9, 0.8571, 1.0, 0.8333, 0.9091, 0.0, 0.7143, 1.0, 0.6, 1.0, 0.875, 0.75, 1.0, 0.0, 0.8889, 0.9167, 1.0, 0.8333, 1.0, 1.0, 0.8333, 0.0, 0.8, 0.6, 0.8571, 0.8889, 0.5, 0.7143, 0.8462, 0.0833, 0.6667, 1.0, 1.0, 0.875, 0.8889, 1.0, 0.75, 0.0, 0.7778, 0.8571, 0.7, 0.8571, 0.9, 0.8333, 1.0, 0.0, 1.0, 0.8333, 0.9, 0.7778, 0.8333, 0.0, 0.8182, 0.0, 1.0, 0.9, 0.6667, 0.75, 0.8, 0.0, 0.9, 0.0, 0.7778, 0.9, 1.0, 1.0, 1.0, 0.0, 0.6, 0.125, 0.5714, 1.0, 0.8, 0.8, 0.8889, 0.1, 0.8571, 0.0, 1.0, 0.8, 0.8182, 0.7778, 1.0, 0.8182, 0.875, 0.1429, 0.8889, 0.8571, 1.0, 1.0, 1.0, 1.0, 1.0, 0.0, 1.0, 0.8182, 0.6667, 0.875, 0.875, 0.9231, 0.8571, 0.0, 0.7143, 0.8889, 0.5, 1.0, 0.8571, 1.0, 1.0, 0.0909, 0.9, 0.8571, 0.0, 1.0, 0.7778, 0.75, 0.7143, 0.8]","[1, 3, 6, 7, 9, 11, 13, 17, 24, 26, 27, 29, 31, 36, 38, 41, 43, 44, 50, 68, 69, 72, 73, 85, 87, 88, 93, 94, 95, 102, 107, 111, 112, 115, 117, 122, 123, 124, 126, 127, 129, 131, 132, 133, 142, 144, 146, 149, 152, 154, 164, 170, 172, 178, 181, 184, 186, 187, 195, 196, 201, 202, 203, 208, 210, 212, 213, 214, 215, 217, 220, 222, 223, 224, 226, 227, 228, 231, 234, 238, 241, 242, 245, 246]"
champions,0:38,38,champions,0.85,0.85,0.85,1.0,0.85,0.0,46,True,1700,0,262,38,0,"[0.05, 0.0915, 0.135, 0.1925, 0.2545, 0.317, 0.372, 0.419, 0.461, 0.499, 0.5365, 0.5725, 0.5945, 0.62, 0.6465, 0.679, 0.699, 0.716, 0.734, 0.7525, 0.764, 0.773, 0.778, 0.7835, 0.787, 0.791, 0.795, 0.797, 0.7995, 0.8035, 0.8095, 0.8175, 0.822, 0.825, 0.827, 0.8315, 0.833, 0.8345, 0.8355, 0.8375, 0.839, 0.841, 0.843, 0.8445, 0.8475, 0.85, 0.85, 0.85, 0.85, 0.85, 0.85, 0.85, 0.85, 0.85, 0.85, 0.85, 0.85, 0.85, 0.85, 0.85, 0.85, 0.85, 0.85, 0.85, 0.85, 0.85, 0.85, 0.85, 0.85, 0.85, 0.85, 0.85, 0.85, 0.85, 0.85, 0.85, 0.85, 0.85, 0.85, 0.85, 0.85, 0.85, 0.85, 0.85, 0.85, 0.85, 0.85, 0.85, 0.85, 0.85, 0.85, 0.85, 0.85, 0.85, 0.85, 0.85, 0.85, 0.85, 0.85, 0.85, 0.85]","{""0"": 0.7127, ""1"": 0.8702, ""2"": 0.8783, ""3"": 0.8511, ""4"": 0.8638, ""5"": 0.8884, ""6"": 0.8571, ""7"": 0.8868}","[1.0, 1.0, 1.0, 0.8571, 0.7143, 0.8, 1.0, 0.8889, 0.8, 1.0, 0.7143, 1.0, 0.7143, 1.0, 0.8333, 0.75, 0.875, 0.7143, 1.0, 1.0, 0.75, 0.75, 1.0, 0.8333, 1.0, 0.8889, 0.8, 0.9, 1.0, 0.5, 0.75, 1.0, 1.0, 0.8571, 0.9, 0.8, 1.0, 0.8333, 1.0, 0.8889, 1.0, 0.875, 0.8571, 0.75, 0.8333, 0.5, 1.0, 1.0, 1.0, 1.0, 1.0, 0.8333, 1.0, 0.8889, 0.875, 1.0, 0.8889, 0.9231, 1.0, 0.7857, 1.0, 0.875, 0.5714, 1.0, 0.8182, 0.8, 0.7, 1.0, 1.0, 0.8, 1.0, 0.6667, 1.0, 0.8182, 1.0, 0.875, 0.8889, 0.8571, 0.9, 1.0, 0.8333, 1.0, 0.9, 0.7143, 0.75, 0.9231, 1.0, 0.7143, 1.0, 0.8889, 0.6, 0.8889, 1.0, 1.0, 1.0, 1.0, 0.8571, 0.8, 0.8, 1.0, 1.0, 0.8889, 0.7, 0.75, 0.8182, 0.8571, 1.0, 0.7778, 0.625, 0.8, 1.0, 0.8333, 0.8333, 1.0, 0.8, 0.8182, 0.7778, 0.8182, 0.8889, 0.875, 0.8889, 0.7778, 0.8333, 1.0, 0.875, 1.0, 0.7778, 0.75, 0.4, 0.5, 1.0, 0.8889, 0.9, 0.8571, 1.0, 0.8333, 0.9091, 1.0, 0.7143, 1.0, 0.6, 1.0, 0.875, 0.75, 1.0, 0.9, 0.8889, 0.9167, 1.0, 0.8333, 1.0, 1.0, 0.8333, 0.8182, 0.8, 0.6, 0.8571, 0.8889, 0.5, 0.7143, 0.8462, 0.9167, 0.7778, 1.0, 1.0, 0.875, 0.8889, 1.0, 0.875, 0.8333, 0.7778, 0.8571, 0.7, 0.8571, 0.9, 0.8333, 1.0, 0.9, 1.0, 0.8333, 0.9, 0.7778, 0.8333, 0.7143, 0.8182, 1.0, 1.0, 0.9, 0.6667, 0.75, 0.8, 0.7143, 0.9, 0.7143, 0.7778, 0.9, 1.0, 1.0, 1.0, 1.0, 0.6, 0.125, 0.5714, 0.875, 0.8, 0.8, 0.8889, 0.5, 0.8571, 0.1429, 1.0, 0.8, 0.7273, 0.7778, 1.0, 0.9091, 0.875, 0.0, 0.8889, 1.0, 1.0, 1.0, 1.0, 0.8, 1.0, 0.1667, 1.0, 0.8182, 0.5, 0.875, 0.875, 0.9231, 1.0, 0.0, 0.7143, 0.8889, 0.75, 1.0, 0.8571, 1.0, 1.0, 0.0, 0.9, 0.8571, 0.8, 0.875, 0.7778, 0.875, 0.7143, 0.8]","[0, 26, 34, 43, 48, 49, 52, 53, 57, 58, 59, 64, 65, 72, 73, 74, 81, 82, 85, 97, 100, 102, 103, 106, 108, 111, 113, 121, 123, 128, 131, 135, 136, 152, 160, 161, 162, 163, 165, 168, 170, 172, 176, 186, 191, 196, 198, 200, 208, 211, 212, 214, 215, 218, 219, 220, 225, 226, 229, 231, 232, 234, 235, 236, 237, 240, 244, 247]"
cluster,0:38,38,cluster,0.3225,0.3225,0.3225,1.0,0.3225,0.0,28,True,645,0,263,1092,0,"[0.05, 0.0695, 0.0985, 0.1295, 0.156, 0.17, 0.1775, 0.187, 0.1975, 0.214, 0.225, 0.2345, 0.243, 0.2465, 0.251, 0.257, 0.2635, 0.268, 0.2735, 0.2765, 0.2825, 0.293, 0.3005, 0.3055, 0.3115, 0.315, 0.319, 0.3225, 0.3225, 0.3225, 0.3225, 0.3225, 0.3225, 0.3225, 0.3225, 0.3225, 0.3225, 0.3225, 0.3225, 0.3225, 0.3225, 0.3225, 0.3225, 0.3225, 0.3225, 0.3225, 0.3225, 0.3225, 0.3225, 0.3225, 0.3225, 0.3225, 0.3225, 0.3225, 0.3225, 0.3225, 0.3225, 0.3225, 0.3225, 0.3225, 0.3225, 0.3225, 0.3225, 0.3225, 0.3225, 0.3225, 0.3225, 0.3225, 0.3225, 0.3225, 0.3225, 0.3225, 0.3225, 0.3225, 0.3225, 0.3225, 0.3225, 0.3225, 0.3225, 0.3225, 0.3225, 0.3225, 0.3225, 0.3225, 0.3225, 0.3225, 0.3225, 0.3225, 0.3225, 0.3225, 0.3225, 0.3225, 0.3225, 0.3225, 0.3225, 0.3225, 0.3225, 0.3225, 0.3225, 0.3225, 0.3225]","{""0"": 0.0261, ""1"": 0.0916, ""2"": 0.3308, ""3"": 0.3106, ""4"": 0.8766, ""5"": 0.0215, ""6"": 0.2143, ""7"": 0.7208}","[0.6667, 0.0, 0.0, 0.0, 0.0, 0.8, 0.0, 0.1111, 1.0, 0.0, 0.0, 0.0, 0.0, 1.0, 0.0, 0.0, 0.875, 0.0, 0.0, 0.0, 0.0, 0.75, 0.0, 0.0, 1.0, 0.0, 0.0, 0.0, 0.0, 0.5, 0.0, 0.0, 1.0, 0.0, 0.0, 0.2, 0.0, 0.8333, 0.0, 0.0, 1.0, 0.0, 0.1429, 0.75, 0.0, 0.5, 0.0, 0.0, 1.0, 0.0, 0.0, 0.8333, 0.0, 0.8889, 0.0, 0.0, 0.8889, 0.0, 0.0, 0.7857, 0.25, 0.875, 0.0, 0.0, 0.0, 0.0, 0.0, 1.0, 0.0, 0.8, 0.125, 0.0, 0.0909, 0.0909, 0.0, 0.875, 0.0, 0.8571, 0.3, 0.0, 0.0, 0.4444, 0.0, 0.7143, 0.0, 0.9231, 0.0, 0.0, 0.1429, 0.1111, 0.0, 0.8889, 0.0, 1.0, 0.0, 0.0, 0.0, 0.0, 0.0, 1.0, 0.0, 0.8889, 0.0, 0.375, 0.0, 0.0, 0.0, 0.7778, 0.5, 0.8, 0.0, 0.0833, 1.0, 0.0, 0.0, 0.0, 0.7778, 1.0, 0.0, 0.125, 0.8889, 0.0, 0.0, 0.0, 0.875, 1.0, 0.0, 0.75, 0.4, 0.0, 0.0, 0.0, 0.9, 0.8571, 0.2, 0.8333, 1.0, 0.0, 0.0, 0.2, 0.6, 1.0, 0.0, 0.75, 1.0, 0.0, 0.0, 0.0, 1.0, 0.8333, 0.0, 1.0, 0.8333, 0.0, 0.0, 0.0, 0.8571, 0.8889, 0.0, 1.0, 0.8462, 0.0833, 0.0, 1.0, 0.1111, 1.0, 0.0, 1.0, 0.75, 0.0, 0.0, 1.0, 0.0, 0.8571, 0.0, 0.8333, 1.0, 0.0, 0.0, 0.5, 0.0, 0.7778, 0.0, 0.0, 0.8182, 0.0, 0.0, 0.0, 0.0, 0.75, 0.0, 0.0, 0.9, 0.0, 0.1111, 0.1, 0.0, 1.0, 0.0, 0.0, 0.6, 0.0, 0.2857, 0.0, 0.2, 0.8, 0.0, 0.0, 0.8571, 0.0, 1.0, 0.0, 1.0, 0.7778, 0.0, 0.0, 0.875, 0.0, 0.8889, 0.0, 1.0, 1.0, 0.0, 0.0, 1.0, 0.0, 0.0, 0.0, 0.5, 0.875, 0.0, 0.0, 0.8571, 0.0, 0.0, 0.0, 0.125, 1.0, 0.0, 0.0, 1.0, 0.0, 0.1, 0.0, 0.0, 0.875, 0.0, 0.0, 0.7143, 0.0]","[8, 93, 112, 117, 136, 148, 159, 165, 171, 210, 212, 237]"
one_per_team,0:38,38,one_per_team,0.59,0.59,0.59,1.0,0.59,0.0,41,True,1180,0,262,558,0,"[0.05, 0.0685, 0.087, 0.1065, 0.129, 0.151, 0.176, 0.2005, 0.227, 0.255, 0.28, 0.31, 0.341, 0.3715, 0.4005, 0.4235, 0.444, 0.4575, 0.4715, 0.479, 0.4855, 0.49, 0.4945, 0.498, 0.501, 0.505, 0.5125, 0.5215, 0.534, 0.546, 0.554, 0.564, 0.5735, 0.5755, 0.579, 0.5805, 0.5825, 0.5855, 0.5865, 0.5895, 0.59, 0.59, 0.59, 0.59, 0.59, 0.59, 0.59, 0.59, 0.59, 0.59, 0.59, 0.59, 0.59, 0.59, 0.59, 0.59, 0.59, 0.59, 0.59, 0.59, 0.59, 0.59, 0.59, 0.59, 0.59, 0.59, 0.59, 0.59, 0.59, 0.59, 0.59, 0.59, 0.59, 0.59, 0.59, 0.59, 0.59, 0.59, 0.59, 0.59, 0.59, 0.59, 0.59, 0.59, 0.59, 0.59, 0.59, 0.59, 0.59, 0.59, 0.59, 0.59, 0.59, 0.59, 0.59, 0.59, 0.59, 0.59, 0.59, 0.59, 0.59]","{""0"": 0.0821, ""1"": 0.4351, ""2"": 0.0608, ""3"": 0.8426, ""4"": 0.8809, ""5"": 0.8927, ""6"": 0.8445, ""7"": 0.8038}","[0.6667, 0.0, 0.1667, 0.1429, 0.7143, 1.0, 1.0, 0.8889, 1.0, 0.2, 0.0, 0.0, 0.8571, 1.0, 0.8333, 1.0, 0.875, 0.1429, 0.0, 0.0, 0.75, 0.75, 1.0, 0.8333, 1.0, 0.0, 0.0, 0.0, 1.0, 0.5, 0.75, 1.0, 1.0, 0.1429, 0.0, 0.0, 1.0, 0.8333, 1.0, 0.8889, 1.0, 0.0, 0.8571, 0.0, 0.8333, 0.5, 1.0, 1.0, 1.0, 0.0, 1.0, 0.0, 1.0, 0.8889, 0.875, 1.0, 0.8889, 0.0769, 1.0, 0.0, 1.0, 0.875, 0.7143, 1.0, 0.8182, 0.1, 0.8, 0.1429, 1.0, 0.8, 1.0, 0.6667, 1.0, 0.1818, 1.0, 0.0, 0.8889, 0.8571, 0.9, 1.0, 0.8333, 0.4444, 0.9, 0.1429, 0.75, 0.9231, 1.0, 0.7143, 0.1429, 0.1111, 0.6, 0.0, 1.0, 1.0, 1.0, 1.0, 0.0, 0.0, 0.8, 0.0, 1.0, 0.8889, 0.6, 0.875, 0.0, 0.0, 1.0, 0.0, 0.625, 1.0, 1.0, 0.8333, 0.8333, 0.0, 0.8, 0.0909, 0.7778, 0.9091, 0.8889, 0.875, 0.8889, 0.0, 0.8333, 0.0, 0.875, 1.0, 0.7778, 0.75, 0.4, 0.0, 1.0, 0.0, 0.9, 0.8571, 1.0, 0.8333, 0.9091, 0.0, 0.7143, 0.6, 0.6, 1.0, 0.875, 0.75, 1.0, 0.0, 0.8889, 0.0833, 1.0, 0.8333, 1.0, 1.0, 0.8333, 0.0, 0.8, 0.0, 0.8571, 0.8889, 0.5, 0.8571, 0.8462, 0.0833, 0.1111, 0.1, 1.0, 0.875, 1.0, 1.0, 0.75, 0.1667, 0.1111, 0.1429, 0.6, 0.8571, 0.9, 0.8333, 1.0, 0.0, 0.0, 0.1667, 0.9, 0.7778, 0.8333, 0.7143, 0.8182, 0.0, 0.0, 0.1, 0.6667, 0.875, 0.8, 0.7143, 0.9, 0.1429, 0.0, 0.3, 1.0, 1.0, 1.0, 0.8571, 0.6, 0.0, 0.0, 0.125, 0.8, 0.8, 0.8889, 0.2, 0.8571, 0.1429, 0.1, 0.0, 0.7273, 0.7778, 1.0, 0.8182, 0.875, 0.0, 0.1111, 0.0, 1.0, 1.0, 1.0, 0.8, 1.0, 0.0833, 0.0, 0.0, 0.5, 0.875, 0.875, 0.9231, 0.8571, 0.1429, 0.1429, 0.0, 0.75, 1.0, 0.8571, 1.0, 1.0, 0.0, 0.0, 0.0, 0.7, 0.875, 0.7778, 0.75, 0.7143, 0.8]","[2, 3, 5, 8, 12, 15, 17, 21, 28, 31, 33, 36, 37, 46, 47, 52, 55, 56, 57, 58, 61, 62, 65, 66, 67, 69, 72, 73, 76, 77, 79, 80, 88, 92, 93, 94, 95, 100, 102, 103, 109, 112, 115, 116, 117, 119, 122, 124, 125, 128, 132, 136, 139, 141, 142, 147, 148, 151, 154, 156, 157, 159, 165, 166, 169, 170, 171, 172, 175, 180, 184, 189, 191, 192, 193, 195, 196, 203, 207, 208, 209, 210, 212, 214, 218, 220, 221, 223, 225, 228, 229, 230, 232, 233, 234, 236, 237, 240, 245, 249]"
random,0:39,39,random,0.744,0.744,0.744,1.0,0.744,0.0,41,True,1488,0,276,236,0,"[0.05, 0.0745, 0.0975, 0.1275, 0.1595, 0.1945, 0.223, 0.252, 0.2825, 0.316, 0.35, 0.3745, 0.3995, 0.4305, 0.456, 0.4805, 0.497, 0.514, 0.532, 0.5515, 0.5755, 0.597, 0.616, 0.6235, 0.628, 0.632, 0.6365, 0.6415, 0.648, 0.656, 0.676, 0.698, 0.7075, 0.7155, 0.722, 0.7305, 0.734, 0.7355, 0.7385, 0.742, 0.744, 0.744, 0.744, 0.744, 0.744, 0.744, 0.744, 0.744, 0.744, 0.744, 0.744, 0.744, 0.744, 0.744, 0.744, 0.744, 0.744, 0.744, 0.744, 0.744, 0.744, 0.744, 0.744, 0.744, 0.744, 0.744, 0.744, 0.744, 0.744, 0.744, 0.744, 0.744, 0.744, 0.744, 0.744, 0.744, 0.744, 0.744, 0.744, 0.744, 0.744, 0.744, 0.744, 0.744, 0.744, 0.744, 0.744, 0.744, 0.744, 0.744, 0.744, 0.744, 0.744, 0.744, 0.744, 0.744, 0.744, 0.744, 0.744, 0.744, 0.744]","{""0"": 0.8672, ""1"": 0.8548, ""2"": 0.8788, ""3"": 0.7549, ""4"": 0.8307, ""5"": 0.0586, ""6"": 0.8864, ""7"": 0.8456}","[0.7778, 1.0, 0.75, 0.875, 0.8, 1.0, 0.1, 1.0, 1.0, 1.0, 1.0, 1.0, 0.6, 0.8, 0.0, 0.75, 1.0, 1.0, 1.0, 1.0, 0.8333, 0.7143, 0.0769, 1.0, 1.0, 1.0, 1.0, 0.8, 0.9091, 1.0, 0.2, 0.9, 0.7692, 0.8571, 0.7273, 0.75, 1.0, 0.75, 0.1111, 1.0, 0.75, 0.8, 1.0, 1.0, 0.9, 0.8, 0.3333, 1.0, 1.0, 0.5556, 0.75, 0.8333, 0.75, 0.6667, 0.1, 0.7143, 0.8333, 0.6667, 1.0, 1.0, 1.0, 1.0, 0.0, 0.8182, 0.8889, 0.8, 0.8333, 1.0, 1.0, 0.8889, 0.0, 0.75, 0.6, 0.8, 0.8182, 1.0, 0.7778, 0.875, 0.0, 0.8333, 0.6, 0.8, 1.0, 1.0, 0.7778, 1.0, 0.0, 0.8889, 1.0, 1.0, 0.9, 0.9091, 0.8182, 0.8, 0.125, 0.6667, 0.8571, 0.8, 0.875, 0.8889, 0.8571, 1.0, 0.0, 1.0, 1.0, 1.0, 0.75, 0.9091, 0.8182, 0.7, 0.1667, 0.8889, 0.75, 0.9, 0.625, 0.8889, 0.6667, 0.8889, 0.0, 0.7143, 1.0, 1.0, 0.8333, 1.0, 0.9, 0.6, 0.0, 1.0, 0.8571, 0.625, 1.0, 0.8333, 0.625, 1.0, 0.0, 1.0, 0.8333, 1.0, 0.8571, 0.6364, 1.0, 1.0, 0.0, 0.75, 0.7, 0.625, 0.9167, 0.8, 0.7692, 0.6, 0.25, 0.8571, 1.0, 0.8333, 0.8889, 1.0, 1.0, 1.0, 0.1111, 1.0, 0.875, 0.875, 0.8889, 1.0, 0.8333, 1.0, 0.0, 1.0, 1.0, 0.8333, 0.7143, 1.0, 0.8571, 0.9, 0.0, 0.875, 0.5556, 0.7778, 0.6667, 0.8462, 0.0, 0.7143, 0.0, 0.8333, 0.7778, 0.6667, 0.6667, 0.7778, 0.0, 1.0, 0.0, 0.8889, 0.8333, 0.9167, 1.0, 0.875, 0.1333, 0.75, 0.0, 1.0, 0.8, 1.0, 1.0, 1.0, 0.6667, 0.7143, 0.2857, 0.8333, 0.75, 0.875, 0.75, 0.9167, 1.0, 0.8889, 0.0909, 1.0, 0.8462, 0.6, 0.875, 0.6154, 1.0, 0.5, 0.0, 0.8333, 1.0, 0.8571, 0.8571, 0.8182, 0.875, 0.8333, 0.0, 1.0, 0.6667, 1.0, 0.75, 1.0, 1.0, 1.0, 0.0769, 0.9091, 0.8571, 1.0, 0.8889, 0.7, 1.0, 0.875, 0.1111, 0.8571, 0.7778, 1.0]","[0, 3, 4, 6, 8, 10, 11, 22, 23, 26, 27, 30, 32, 37, 38, 44, 49, 53, 59, 60, 61, 68, 71, 73, 74, 75, 76, 79, 80, 87, 88, 89, 90, 94, 96, 103, 105, 106, 112, 113, 124, 125, 130, 131, 137, 147, 148, 150, 151, 152, 153, 160, 161, 162, 163, 165, 172, 179, 184, 189, 191, 193, 200, 203, 206, 211, 214, 215, 216, 217, 218, 219, 223, 226, 227, 236, 238, 239, 245, 246, 249]"
champions,0:39,39,champions,0.8615,0.8615,0.8615,1.0,0.8615,0.0,46,True,1723,0,277,0,0,"[0.05, 0.0935, 0.142, 0.2005, 0.26, 0.3255, 0.384, 0.4335, 0.4725, 0.5035, 0.532, 0.558, 0.5895, 0.6195, 0.6425, 0.659, 0.666, 0.6775, 0.694, 0.707, 0.7165, 0.726, 0.7335, 0.7415, 0.751, 0.761, 0.77, 0.773, 0.7765, 0.7855, 0.7945, 0.8015, 0.8065, 0.8135, 0.8195, 0.8245, 0.8315, 0.8375, 0.8435, 0.846, 0.849, 0.8525, 0.856, 0.8595, 0.861, 0.8615, 0.8615, 0.8615, 0.8615, 0.8615, 0.8615, 0.8615, 0.8615, 0.8615, 0.8615, 0.8615, 0.8615, 0.8615, 0.8615, 0.8615, 0.8615, 0.8615, 0.8615, 0.8615, 0.8615, 0.8615, 0.8615, 0.8615, 0.8615, 0.8615, 0.8615, 0.8615, 0.8615, 0.8615, 0.8615, 0.8615, 0.8615, 0.8615, 0.8615, 0.8615, 0.8615, 0.8615, 0.8615, 0.8615, 0.8615, 0.8615, 0.8615, 0.8615, 0.8615, 0.8615, 0.8615, 0.8615, 0.8615, 0.8615, 0.8615, 0.8615, 0.8615, 0.8615, 0.8615, 0.8615, 0.8615]","{""0"": 0.8631, ""1"": 0.8508, ""2"": 0.875, ""3"": 0.8599, ""4"": 0.8425, ""5"": 0.8711, ""6"": 0.8909, ""7"": 0.8417}","[1.0, 1.0, 0.75, 0.875, 0.8, 1.0, 0.9, 1.0, 0.8571, 1.0, 1.0, 1.0, 0.6, 0.8, 0.875, 0.75, 1.0, 1.0, 1.0, 1.0, 0.8333, 0.7143, 0.7692, 1.0, 1.0, 1.0, 1.0, 0.8, 0.9091, 1.0, 1.0, 0.9, 0.7692, 0.8571, 0.7273, 0.75, 1.0, 0.75, 1.0, 1.0, 0.75, 0.8, 1.0, 1.0, 0.8, 0.8, 0.6667, 1.0, 1.0, 0.5556, 0.75, 0.8333, 0.75, 0.6667, 0.8, 0.7143, 0.8333, 0.6667, 1.0, 1.0, 1.0, 1.0, 1.0, 0.8182, 0.8889, 0.8, 0.8333, 1.0, 1.0, 0.8889, 1.0, 0.75, 0.6, 0.8, 0.8182, 0.8333, 0.7778, 0.875, 0.75, 0.8333, 0.6, 0.8, 1.0, 1.0, 0.7778, 1.0, 0.8, 0.8889, 1.0, 1.0, 0.9, 0.9091, 0.8182, 0.8, 0.75, 0.6667, 0.8571, 0.8, 0.875, 0.8889, 0.8571, 1.0, 0.7143, 1.0, 1.0, 1.0, 0.75, 0.9091, 0.8182, 0.7, 0.8333, 0.8889, 0.75, 0.9, 0.625, 0.8889, 0.6667, 0.8889, 0.6, 0.7143, 1.0, 1.0, 0.8333, 1.0, 0.8, 0.7333, 0.875, 1.0, 0.8571, 0.625, 1.0, 0.75, 0.625, 1.0, 0.8, 1.0, 1.0, 1.0, 0.8571, 0.6364, 1.0, 1.0, 0.6667, 0.875, 0.7, 0.625, 0.9167, 0.8, 0.7692, 0.6, 1.0, 1.0, 1.0, 0.6667, 0.8889, 1.0, 1.0, 1.0, 1.0, 1.0, 0.75, 0.875, 0.7778, 1.0, 0.8333, 1.0, 1.0, 1.0, 1.0, 0.8333, 0.7143, 1.0, 0.8571, 0.9, 0.7273, 0.875, 0.5556, 0.7778, 0.6667, 0.7692, 0.9231, 0.7143, 0.9167, 0.8333, 0.7778, 0.6667, 0.6667, 0.7778, 0.8, 1.0, 0.8571, 0.8889, 0.8333, 0.9167, 1.0, 0.875, 0.9333, 0.75, 1.0, 1.0, 0.8, 1.0, 1.0, 1.0, 0.6667, 0.7857, 0.8571, 0.8333, 0.75, 0.875, 0.75, 0.9167, 1.0, 0.8889, 1.0, 0.875, 0.8462, 0.6, 0.875, 0.7692, 1.0, 0.5, 1.0, 0.8333, 1.0, 0.8571, 0.8571, 0.8182, 0.875, 0.8333, 0.8889, 1.0, 0.6667, 1.0, 0.75, 1.0, 1.0, 1.0, 1.0, 0.9091, 0.8571, 1.0, 0.8889, 0.7, 1.0, 0.875, 0.7778, 0.8571, 0.7778, 1.0]","[0, 6, 29, 34, 37, 45, 46, 54, 58, 60, 61, 68, 70, 74, 89, 91, 105, 106, 109, 112, 115, 119, 120, 125, 131, 132, 136, 139, 143, 146, 148, 151, 155, 156, 165, 173, 176, 179, 180, 182, 187, 196, 201, 203, 205, 208, 210, 212, 214, 216, 218, 219, 224, 226, 227, 229, 237, 238, 242, 244, 246, 247]"
cluster,0:39,39,cluster,0.5375,0.5375,0.5375,1.0,0.5375,0.0,48,True,1075,0,276,649,0,"[0.05, 0.0695, 0.0895, 0.108, 0.1275, 0.149, 0.171, 0.1895, 0.206, 0.2245, 0.2385, 0.2515, 0.2665, 0.2785, 0.292, 0.3045, 0.317, 0.3275, 0.336, 0.345, 0.3525, 0.36, 0.368, 0.3825, 0.3945, 0.406, 0.4185, 0.4285, 0.4355, 0.4395, 0.4435, 0.4475, 0.4545, 0.462, 0.4685, 0.473, 0.4775, 0.4815, 0.487, 0.495, 0.5035, 0.5065, 0.511, 0.5145, 0.5195, 0.528, 0.535, 0.5375, 0.5375, 0.5375, 0.5375, 0.5375, 0.5375, 0.5375, 0.5375, 0.5375, 0.5375, 0.5375, 0.5375, 0.5375, 0.5375, 0.5375, 0.5375, 0.5375, 0.5375, 0.5375, 0.5375, 0.5375, 0.5375, 0.5375, 0.5375, 0.5375, 0.5375, 0.5375, 0.5375, 0.5375, 0.5375, 0.5375, 0.5375, 0.5375, 0.5375, 0.5375, 0.5375, 0.5375, 0.5375, 0.5375, 0.5375, 0.5375, 0.5375, 0.5375, 0.5375, 0.5375, 0.5375, 0.5375, 0.5375, 0.5375, 0.5375, 0.5375, 0.5375, 0.5375, 0.5375]","{""0"": 0.8755, ""1"": 0.625, ""2"": 0.7424, ""3"": 0.0078, ""4"": 0.8346, ""5"": 0.0469, ""6"": 0.8864, ""7"": 0.3514}","[0.7778, 1.0, 0.75, 0.875, 0.2, 1.0, 0.0, 1.0, 0.8571, 1.0, 1.0, 1.0, 0.0, 0.8, 0.0, 0.75, 1.0, 1.0, 1.0, 1.0, 0.0, 0.7143, 0.0, 1.0, 1.0, 1.0, 1.0, 0.8, 0.0, 1.0, 0.0, 0.9, 0.7692, 0.8571, 0.7273, 0.75, 0.0, 0.75, 0.0, 1.0, 0.75, 0.8, 1.0, 1.0, 0.0, 0.8, 0.3333, 1.0, 1.0, 0.5556, 0.75, 0.8333, 0.0, 0.6667, 0.1, 0.7143, 1.0, 0.6667, 1.0, 1.0, 0.0, 1.0, 0.0, 0.8182, 0.8889, 0.8, 0.8333, 1.0, 0.0, 0.8889, 0.0, 0.75, 0.6, 0.8, 0.8182, 0.0, 0.0, 1.0, 0.0, 0.8333, 0.6, 1.0, 1.0, 0.0, 0.0, 1.0, 0.0, 0.8889, 1.0, 1.0, 0.0, 0.0, 0.0, 0.8, 0.0, 0.6667, 0.0, 0.8, 0.0, 0.2222, 0.1429, 1.0, 0.0, 1.0, 0.0, 1.0, 0.0, 0.0, 0.0, 0.7, 0.0, 0.8889, 0.0, 0.9, 0.625, 0.8889, 0.0, 0.8889, 0.0, 0.7143, 0.0, 1.0, 0.8333, 1.0, 0.0, 0.6, 0.0, 1.0, 0.0, 0.625, 1.0, 1.0, 0.0, 1.0, 0.0, 1.0, 0.0, 1.0, 0.8571, 0.6364, 0.0, 1.0, 0.0, 0.75, 0.0, 0.625, 0.9167, 0.8, 0.0, 0.6, 0.0, 0.8571, 0.0, 0.6667, 0.8889, 1.0, 0.0, 1.0, 0.0, 1.0, 0.0, 0.875, 0.7778, 1.0, 0.0, 1.0, 0.0, 1.0, 0.0, 1.0, 0.7143, 1.0, 0.0, 0.9, 0.0, 1.0, 0.0, 0.7778, 0.1667, 0.7692, 0.0, 0.7143, 0.0, 0.8333, 0.0, 0.6667, 0.0, 0.7778, 0.0, 1.0, 0.0, 0.8889, 0.0, 0.9167, 0.0, 0.875, 0.0, 0.75, 0.0, 1.0, 0.0, 1.0, 0.0, 1.0, 0.0, 0.7143, 0.0, 0.8333, 0.0, 0.875, 0.0, 0.9167, 0.0, 0.8889, 0.0, 0.875, 0.3077, 0.6, 0.125, 0.6154, 0.0, 0.5, 0.1429, 0.8333, 0.0, 0.8571, 1.0, 0.8182, 0.0, 0.8333, 1.0, 1.0, 0.6667, 1.0, 1.0, 1.0, 0.0, 1.0, 0.0, 0.9091, 0.8571, 1.0, 0.8889, 0.7, 0.0, 0.875, 0.0, 0.8571, 0.7778, 1.0]","[18, 56, 67, 77, 81, 131, 141, 169, 175, 226, 230, 233, 234]"
one_per_team,0:39,39,one_per_team,0.777,0.777,0.777,1.0,0.777,0.0,42,True,1554,0,278,168,0,"[0.05, 0.0675, 0.0875, 0.108, 0.1315, 0.154, 0.182, 0.2145, 0.249, 0.2925, 0.3265, 0.3585, 0.3895, 0.4135, 0.4315, 0.4525, 0.47, 0.4885, 0.51, 0.5385, 0.5675, 0.591, 0.6115, 0.6295, 0.6425, 0.6585, 0.6755, 0.694, 0.7045, 0.7105, 0.721, 0.7295, 0.738, 0.7435, 0.75, 0.753, 0.757, 0.7635, 0.768, 0.774, 0.776, 0.777, 0.777, 0.777, 0.777, 0.777, 0.777, 0.777, 0.777, 0.777, 0.777, 0.777, 0.777, 0.777, 0.777, 0.777, 0.777, 0.777, 0.777, 0.777, 0.777, 0.777, 0.777, 0.777, 0.777, 0.777, 0.777, 0.777, 0.777, 0.777, 0.777, 0.777, 0.777, 0.777, 0.777, 0.777, 0.777, 0.777, 0.777, 0.777, 0.777, 0.777, 0.777, 0.777, 0.777, 0.777, 0.777, 0.777, 0.777, 0.777, 0.777, 0.777, 0.777, 0.777, 0.777, 0.777, 0.777, 0.777, 0.777, 0.777, 0.777]","{""0"": 0.5062, ""1"": 0.7702, ""2"": 0.8788, ""3"": 0.6304, ""4"": 0.8346, ""5"": 0.8672, ""6"": 0.8864, ""7"": 0.8378}","[0.8889, 1.0, 0.75, 0.875, 0.8, 1.0, 0.9, 1.0, 0.8571, 1.0, 1.0, 1.0, 0.6, 0.8, 0.875, 0.75, 1.0, 1.0, 1.0, 1.0, 0.8333, 0.7143, 0.7692, 1.0, 1.0, 1.0, 1.0, 0.8, 0.9091, 1.0, 1.0, 0.9, 0.7692, 0.8571, 0.7273, 0.75, 1.0, 0.75, 1.0, 1.0, 0.75, 0.8, 1.0, 1.0, 0.8, 0.8, 0.6667, 1.0, 1.0, 0.5556, 0.75, 0.8333, 0.75, 0.6667, 0.8, 0.7143, 0.8333, 0.6667, 1.0, 1.0, 1.0, 1.0, 1.0, 0.8182, 0.8889, 0.8, 0.8333, 1.0, 1.0, 0.8889, 1.0, 0.75, 0.6, 0.6, 0.9091, 1.0, 0.7778, 0.875, 0.75, 0.8333, 0.6, 0.1, 1.0, 1.0, 0.7778, 1.0, 0.8, 0.8889, 1.0, 0.0, 0.0, 1.0, 0.8182, 0.8, 0.75, 0.6667, 0.8571, 0.0, 0.0, 0.8889, 0.8571, 1.0, 0.7143, 1.0, 1.0, 0.0, 0.0, 0.9091, 0.9091, 0.7, 0.8333, 0.8889, 0.75, 0.1, 0.625, 0.8889, 0.6667, 0.8889, 0.6, 0.7143, 1.0, 0.0, 0.8333, 1.0, 0.8, 0.6, 0.875, 1.0, 0.8571, 0.0, 1.0, 0.8333, 0.625, 1.0, 0.8, 1.0, 0.8333, 0.0, 0.8571, 0.6364, 0.1111, 1.0, 0.6667, 0.75, 0.7, 0.0, 0.9167, 0.8, 0.1538, 0.8, 1.0, 0.8571, 1.0, 0.5, 0.8889, 1.0, 0.5, 1.0, 1.0, 1.0, 0.75, 0.0, 0.7778, 1.0, 0.0833, 1.0, 1.0, 1.0, 1.0, 0.1667, 0.7143, 1.0, 0.2857, 0.9, 0.7273, 0.875, 0.5556, 0.0, 0.6667, 0.7692, 0.0, 0.7143, 0.9167, 0.8333, 0.7778, 0.3333, 0.6667, 0.7778, 0.0, 1.0, 0.8571, 0.8889, 0.8333, 0.9167, 1.0, 0.875, 0.1333, 0.75, 1.0, 1.0, 0.8, 1.0, 1.0, 1.0, 0.6667, 0.7143, 0.8571, 0.8333, 0.75, 0.875, 0.8333, 0.9167, 1.0, 0.8889, 0.9091, 0.875, 0.8462, 0.8, 0.875, 0.6154, 1.0, 0.5, 1.0, 0.8333, 1.0, 0.8571, 0.8571, 0.8182, 0.875, 0.8333, 0.8889, 1.0, 0.6667, 1.0, 0.75, 1.0, 1.0, 1.0, 1.0, 0.9091, 0.8571, 1.0, 0.8889, 0.7, 1.0, 0.875, 0.7778, 1.0, 0.7778, 1.0]","[2, 3, 6, 7, 8, 12, 17, 18, 20, 21, 23, 31, 37, 38, 42, 46, 49, 52, 56, 57, 58, 61, 64, 65, 67, 69, 71, 74, 75, 77, 81, 84, 87, 88, 91, 92, 96, 99, 104, 108, 109, 110, 111, 112, 113, 115, 124, 125, 126, 130, 131, 132, 136, 138, 140, 141, 143, 146, 147, 149, 150, 153, 154, 155, 158, 162, 164, 166, 167, 168, 169, 172, 173, 175, 176, 182, 184, 192, 195, 198, 200, 202, 207, 210, 211, 212, 213, 216, 217, 218, 222, 225, 226, 229, 230, 233, 234, 236, 244, 247]"
random,0:40,40,random,0.578,0.578,0.578,1.0,0.578,-0.0,39,True,1156,0,271,573,0,"[0.05, 0.0675, 0.083, 0.111, 0.141, 0.1705, 0.201, 0.2215, 0.2415, 0.262, 0.2775, 0.288, 0.3, 0.313, 0.331, 0.3515, 0.3665, 0.378, 0.3925, 0.4085, 0.423, 0.436, 0.4545, 0.472, 0.4905, 0.5015, 0.5105, 0.525, 0.5375, 0.55, 0.5575, 0.563, 0.5655, 0.5675, 0.5705, 0.573, 0.5755, 0.577, 0.578, 0.578, 0.578, 0.578, 0.578, 0.578, 0.578, 0.578, 0.578, 0.578, 0.578, 0.578, 0.578, 0.578, 0.578, 0.578, 0.578, 0.578, 0.578, 0.578, 0.578, 0.578, 0.578, 0.578, 0.578, 0.578, 0.578, 0.578, 0.578, 0.578, 0.578, 0.578, 0.578, 0.578, 0.578, 0.578, 0.578, 0.578, 0.578, 0.578, 0.578, 0.578, 0.578, 0.578, 0.578, 0.578, 0.578, 0.578, 0.578, 0.578, 0.578, 0.578, 0.578, 0.578, 0.578, 0.578, 0.578, 0.578, 0.578, 0.578, 0.578, 0.578, 0.578]","{""0"": 0.0717, ""1"": 0.68, ""2"": 0.8774, ""3"": 0.8689, ""4"": 0.7209, ""5"": 0.4085, ""6"": 0.7586, ""7"": 0.248}","[0.6667, 0.0, 0.8333, 0.8333, 0.8571, 1.0, 0.7778, 1.0, 0.0, 0.0, 0.0, 1.0, 1.0, 0.7857, 1.0, 0.8333, 0.3, 0.0909, 0.0909, 1.0, 0.7778, 0.8, 1.0, 0.8889, 0.125, 0.0, 0.0, 1.0, 0.7143, 0.75, 0.8571, 1.0, 0.0, 0.0, 0.1, 1.0, 0.75, 0.7778, 0.75, 0.8889, 0.0, 0.0, 0.0, 1.0, 0.8889, 0.1, 0.4286, 0.9167, 0.0, 0.0, 0.0, 0.8333, 0.8333, 0.2222, 0.0, 1.0, 0.0, 0.0, 0.25, 0.625, 0.75, 0.0, 0.0, 0.9, 0.0, 0.0, 0.625, 1.0, 0.9231, 0.1429, 0.0, 1.0, 0.0, 0.0, 0.8182, 0.75, 0.8571, 0.0, 0.125, 0.8571, 0.125, 0.1667, 0.8, 0.8571, 1.0, 0.6, 0.0909, 0.8333, 0.0, 0.2, 1.0, 0.8571, 0.8, 0.5714, 0.1429, 0.875, 0.0, 0.0, 1.0, 0.8, 1.0, 0.8889, 0.0, 1.0, 0.3333, 0.1, 1.0, 0.7778, 1.0, 0.7778, 0.0, 0.8, 0.8889, 0.125, 0.75, 0.8, 1.0, 0.8889, 0.1111, 0.7778, 0.0, 0.0, 1.0, 0.75, 0.6, 1.0, 0.1111, 0.8182, 0.0, 0.0, 1.0, 0.875, 1.0, 1.0, 0.0, 1.0, 0.0, 0.0, 0.875, 0.875, 0.75, 1.0, 0.0, 0.875, 0.0, 0.0, 0.875, 0.7143, 1.0, 0.7143, 0.0, 0.8, 0.4286, 0.1429, 0.8889, 0.8333, 0.75, 0.7143, 0.0, 0.9, 1.0, 0.0, 1.0, 0.8333, 0.9167, 0.6923, 0.0, 1.0, 1.0, 0.0, 1.0, 1.0, 0.75, 0.8571, 0.0, 1.0, 0.875, 0.1429, 0.7778, 0.75, 1.0, 0.8333, 0.25, 0.6667, 0.6667, 0.1429, 0.6667, 0.8571, 0.8, 1.0, 0.8, 0.8, 0.7143, 0.1667, 1.0, 0.8333, 0.75, 1.0, 0.875, 0.0833, 0.8, 0.3077, 0.7143, 0.8, 0.8571, 0.875, 0.75, 0.0, 0.8333, 0.1429, 1.0, 1.0, 0.8571, 1.0, 1.0, 0.0, 0.125, 0.2222, 0.8571, 1.0, 1.0, 0.75, 1.0, 0.1429, 0.0833, 0.1, 0.8, 0.875, 0.8889, 0.7778, 0.8, 0.5, 0.0, 0.0, 1.0, 0.9091, 1.0, 1.0, 1.0, 0.8571, 0.0, 0.0, 1.0, 0.875, 1.0, 1.0, 0.75, 0.7778, 0.1429, 0.2]","[3, 4, 14, 16, 17, 18, 19, 23, 24, 29, 34, 36, 38, 39, 45, 47, 52, 53, 59, 63, 66, 68, 71, 74, 76, 79, 80, 86, 87, 89, 90, 91, 93, 101, 103, 104, 105, 107, 111, 112, 113, 116, 117, 118, 123, 126, 135, 140, 143, 147, 152, 153, 160, 162, 164, 165, 167, 170, 171, 175, 176, 177, 180, 182, 185, 187, 192, 200, 201, 202, 203, 205, 208, 211, 213, 219, 222, 223, 224, 225, 226, 227, 228, 229, 230, 237, 246, 249]"
champions,0:40,40,champions,0.7045,0.7045,0.7045,1.0,0.7045,-0.0,34,True,1409,0,265,326,0,"[0.05, 0.0905, 0.136, 0.199, 0.267, 0.33, 0.373, 0.409, 0.4525, 0.494, 0.5255, 0.551, 0.57, 0.5885, 0.604, 0.618, 0.6285, 0.64, 0.65, 0.6565, 0.6625, 0.667, 0.6695, 0.674, 0.679, 0.681, 0.6835, 0.6895, 0.695, 0.697, 0.6995, 0.7015, 0.704, 0.7045, 0.7045, 0.7045, 0.7045, 0.7045, 0.7045, 0.7045, 0.7045, 0.7045, 0.7045, 0.7045, 0.7045, 0.7045, 0.7045, 0.7045, 0.7045, 0.7045, 0.7045, 0.7045, 0.7045, 0.7045, 0.7045, 0.7045, 0.7045, 0.7045, 0.7045, 0.7045, 0.7045, 0.7045, 0.7045, 0.7045, 0.7045, 0.7045, 0.7045, 0.7045, 0.7045, 0.7045, 0.7045, 0.7045, 0.7045, 0.7045, 0.7045, 0.7045, 0.7045, 0.7045, 0.7045, 0.7045, 0.7045, 0.7045, 0.7045, 0.7045, 0.7045, 0.7045, 0.7045, 0.7045, 0.7045, 0.7045, 0.7045, 0.7045, 0.7045, 0.7045, 0.7045, 0.7045, 0.7045, 0.7045, 0.7045, 0.7045, 0.7045]","{""0"": 0.5623, ""1"": 0.8844, ""2"": 0.8851, ""3"": 0.8648, ""4"": 0.7326, ""5"": 0.0255, ""6"": 0.7625, ""7"": 0.896}","[1.0, 0.5714, 1.0, 0.8333, 0.7143, 1.0, 0.2222, 1.0, 0.8889, 0.2727, 0.9091, 1.0, 1.0, 0.7857, 0.0, 0.8333, 1.0, 0.0909, 0.8182, 1.0, 0.7778, 0.8, 0.0, 0.8889, 0.875, 0.0, 0.875, 1.0, 0.7143, 0.75, 0.0, 1.0, 0.7143, 0.125, 0.9, 1.0, 0.75, 0.7778, 0.0, 0.8889, 0.8571, 0.0, 0.8333, 1.0, 0.8889, 0.0, 0.0, 0.9167, 0.9, 0.1, 1.0, 0.8333, 0.8333, 0.2222, 0.0, 1.0, 0.7, 0.5714, 0.75, 0.5, 0.75, 0.0, 0.0, 0.9, 0.8333, 1.0, 0.75, 1.0, 0.9231, 0.1429, 0.0, 0.8889, 1.0, 0.875, 0.9091, 0.75, 0.8571, 0.0, 0.125, 0.8571, 1.0, 1.0, 0.8, 0.8571, 1.0, 1.0, 0.0, 0.8333, 1.0, 0.2, 0.9, 0.8571, 0.8, 0.5714, 0.1429, 0.875, 0.7, 0.9167, 1.0, 0.8, 1.0, 0.8889, 0.0, 1.0, 1.0, 0.9, 1.0, 0.8889, 1.0, 0.8889, 0.0, 0.7, 0.8889, 0.875, 0.75, 0.8, 1.0, 0.8889, 0.0, 0.8889, 1.0, 0.8333, 1.0, 0.75, 0.6, 1.0, 0.0, 0.8182, 1.0, 0.0, 1.0, 0.875, 1.0, 1.0, 0.0, 1.0, 0.75, 0.0, 0.875, 0.875, 0.75, 1.0, 0.0, 0.875, 1.0, 0.0, 0.875, 0.8571, 1.0, 0.7143, 0.0, 0.8, 1.0, 0.0, 0.8889, 0.8333, 0.75, 0.8571, 0.0, 0.9, 1.0, 0.0, 1.0, 0.8333, 0.9167, 0.6923, 0.0, 1.0, 1.0, 0.1, 1.0, 1.0, 0.75, 0.8571, 0.0, 1.0, 0.875, 0.5714, 0.7778, 0.75, 1.0, 0.8333, 0.0, 0.7778, 0.6667, 1.0, 0.6667, 0.8571, 0.8, 1.0, 0.0, 0.8, 0.7143, 1.0, 1.0, 0.8333, 0.75, 1.0, 0.0, 0.0833, 0.8, 0.8462, 0.7143, 0.8, 0.8571, 0.875, 0.0, 0.0, 0.8333, 1.0, 1.0, 1.0, 0.8571, 1.0, 0.0, 0.0, 1.0, 1.0, 0.8571, 1.0, 1.0, 0.75, 0.0, 0.0, 0.9167, 1.0, 0.8, 0.875, 0.8889, 0.7778, 0.0, 0.625, 0.9167, 1.0, 1.0, 1.0, 1.0, 1.0, 0.1429, 0.8571, 1.0, 0.7, 1.0, 0.875, 1.0, 1.0, 0.0, 0.7778, 1.0, 1.0]","[0, 2, 6, 9, 10, 13, 16, 17, 18, 19, 27, 29, 34, 35, 36, 37, 42, 43, 47, 49, 51, 55, 56, 63, 66, 68, 71, 74, 75, 76, 87, 88, 95, 97, 104, 105, 107, 109, 111, 113, 119, 120, 125, 128, 141, 147, 156, 157, 165, 172, 183, 186, 193, 197, 199, 200, 201, 217, 219, 221, 224, 225, 227, 232, 233, 235, 238, 240]"
cluster,0:40,40,cluster,0.4605,0.4605,0.4605,1.0,0.4605,0.0,45,True,921,0,265,814,0,"[0.05, 0.072, 0.0895, 0.103, 0.1165, 0.132, 0.1455, 0.158, 0.171, 0.184, 0.2005, 0.21, 0.219, 0.2325, 0.2515, 0.2665, 0.277, 0.2895, 0.3035, 0.3155, 0.3275, 0.3355, 0.3445, 0.352, 0.3615, 0.3685, 0.378, 0.3865, 0.3935, 0.402, 0.408, 0.4155, 0.4245, 0.4315, 0.437, 0.438, 0.439, 0.4425, 0.4455, 0.446, 0.4495, 0.453, 0.4565, 0.4595, 0.4605, 0.4605, 0.4605, 0.4605, 0.4605, 0.4605, 0.4605, 0.4605, 0.4605, 0.4605, 0.4605, 0.4605, 0.4605, 0.4605, 0.4605, 0.4605, 0.4605, 0.4605, 0.4605, 0.4605, 0.4605, 0.4605, 0.4605, 0.4605, 0.4605, 0.4605, 0.4605, 0.4605, 0.4605, 0.4605, 0.4605, 0.4605, 0.4605, 0.4605, 0.4605, 0.4605, 0.4605, 0.4605, 0.4605, 0.4605, 0.4605, 0.4605, 0.4605, 0.4605, 0.4605, 0.4605, 0.4605, 0.4605, 0.4605, 0.4605, 0.4605, 0.4605, 0.4605, 0.4605, 0.4605, 0.4605, 0.4605]","{""0"": 0.1396, ""1"": 0.5511, ""2"": 0.8851, ""3"": 0.8811, ""4"": 0.6977, ""5"": 0.0043, ""6"": 0.0766, ""7"": 0.448}","[0.6667, 0.0, 0.8333, 0.8333, 0.7143, 1.0, 0.0, 0.0, 0.0, 0.0, 0.0, 1.0, 1.0, 0.7857, 0.0, 0.0, 0.0, 0.0, 0.0, 1.0, 1.0, 0.8, 0.0, 0.0, 0.0, 0.0, 0.0, 1.0, 1.0, 0.6667, 0.0, 0.0, 0.7143, 0.0, 0.0, 1.0, 0.75, 0.7778, 0.0, 0.0, 0.8571, 0.0, 0.0, 1.0, 0.8889, 0.0, 0.0, 0.0, 0.9, 0.0, 0.0, 0.8333, 0.8333, 0.0, 0.0, 0.0, 0.7, 0.0, 0.0, 0.375, 0.75, 0.0, 0.0, 0.0, 1.0, 0.0, 0.0, 1.0, 0.9231, 0.0, 0.0, 0.0, 1.0, 0.0, 0.0, 0.75, 0.8571, 0.0, 0.125, 0.0, 1.0, 0.1667, 0.0, 0.8571, 1.0, 0.0, 0.0, 0.0, 1.0, 0.0, 0.0, 0.8571, 0.8, 0.5714, 0.0, 0.0, 0.6, 0.0, 1.0, 1.0, 1.0, 0.8889, 0.0, 0.0, 0.0, 0.8, 1.0, 0.7778, 1.0, 0.7778, 0.0, 0.0, 0.0, 0.875, 1.0, 1.0, 1.0, 0.8889, 0.0, 0.0, 0.0, 1.0, 1.0, 0.75, 0.6, 1.0, 0.0, 0.2727, 0.0, 1.0, 1.0, 1.0, 1.0, 1.0, 0.0, 1.0, 0.0, 1.0, 0.875, 0.875, 0.75, 1.0, 0.0, 1.0, 0.0, 0.0, 0.875, 0.7143, 1.0, 0.7143, 0.0, 0.8, 0.4286, 0.0, 0.8889, 0.8333, 0.75, 1.0, 0.0, 0.0, 1.0, 0.0, 1.0, 0.8333, 0.9167, 0.6923, 0.0, 0.0, 1.0, 0.0, 1.0, 1.0, 0.75, 0.8571, 0.0, 0.0, 0.875, 0.0, 0.7778, 0.75, 1.0, 0.8333, 0.0, 0.0, 0.6667, 0.0, 0.6667, 0.8571, 0.8, 1.0, 0.0, 0.0, 1.0, 0.0, 1.0, 0.8333, 0.75, 1.0, 0.0, 0.0, 0.8, 0.0, 0.7143, 0.8, 0.8571, 0.875, 0.0, 0.0, 0.8333, 0.0, 1.0, 1.0, 0.8571, 1.0, 0.0, 0.0, 0.125, 0.0, 0.8571, 1.0, 1.0, 0.75, 0.0, 0.0, 0.0, 0.0, 0.8, 0.875, 0.8889, 0.7778, 0.0, 0.0, 0.0, 0.0, 1.0, 0.9091, 1.0, 1.0, 0.0, 0.0, 0.0, 0.0, 1.0, 0.875, 1.0, 1.0, 0.0, 0.0, 0.1429, 0.0]","[20, 28, 64, 99, 114, 115, 121, 122, 131, 143, 157, 171, 192, 194]"
one_per_team,0:40,40,one_per_team,0.6495,0.6495,0.6495,1.0,0.6495,0.0,40,True,1299,0,264,437,0,"[0.05, 0.068, 0.083, 0.103, 0.1285, 0.1535, 0.1845, 0.2185, 0.247, 0.2695, 0.2985, 0.327, 0.349, 0.372, 0.3895, 0.41, 0.428, 0.4455, 0.4625, 0.4805, 0.5025, 0.522, 0.5385, 0.555, 0.565, 0.5725, 0.5825, 0.5905, 0.5945, 0.598, 0.6025, 0.6085, 0.614, 0.616, 0.621, 0.6275, 0.6345, 0.642, 0.6455, 0.6495, 0.6495, 0.6495, 0.6495, 0.6495, 0.6495, 0.6495, 0.6495, 0.6495, 0.6495, 0.6495, 0.6495, 0.6495, 0.6495, 0.6495, 0.6495, 0.6495, 0.6495, 0.6495, 0.6495, 0.6495, 0.6495, 0.6495, 0.6495, 0.6495, 0.6495, 0.6495, 0.6495, 0.6495, 0.6495, 0.6495, 0.6495, 0.6495, 0.6495, 0.6495, 0.6495, 0.6495, 0.6495, 0.6495, 0.6495, 0.6495, 0.6495, 0.6495, 0.6495, 0.6495, 0.6495, 0.6495, 0.6495, 0.6495, 0.6495, 0.6495, 0.6495, 0.6495, 0.6495, 0.6495, 0.6495, 0.6495, 0.6495, 0.6495, 0.6495, 0.6495, 0.6495]","{""0"": 0.4943, ""1"": 0.56, ""2"": 0.8889, ""3"": 0.873, ""4"": 0.7403, ""5"": 0.0638, ""6"": 0.6398, ""7"": 0.892}","[0.6667, 0.5714, 0.8333, 0.8333, 0.7143, 1.0, 0.0, 1.0, 0.8889, 0.0909, 0.0, 1.0, 1.0, 0.8571, 0.1111, 0.8333, 1.0, 0.0, 0.0, 1.0, 0.7778, 1.0, 0.0, 0.8889, 0.875, 0.2, 0.0, 1.0, 0.8571, 0.6667, 0.1429, 1.0, 0.7143, 0.125, 0.1, 1.0, 0.75, 0.7778, 0.0, 0.8889, 0.8571, 0.0, 0.0, 1.0, 0.8889, 0.2, 0.1429, 0.9167, 0.9, 0.8, 0.0, 0.8333, 0.8333, 0.2222, 0.0, 1.0, 0.7, 0.5714, 0.25, 0.5, 0.75, 0.0, 0.0, 0.9, 0.8333, 1.0, 0.125, 1.0, 0.9231, 0.1429, 0.0, 0.8889, 1.0, 0.875, 0.0, 0.75, 0.8571, 0.0, 0.125, 0.8571, 1.0, 1.0, 0.0, 0.8571, 1.0, 1.0, 0.0909, 0.8333, 1.0, 0.4, 0.0, 0.8571, 0.8, 0.5714, 0.1429, 0.875, 0.7, 0.0, 1.0, 0.9, 1.0, 0.8889, 0.0, 1.0, 1.0, 0.3, 1.0, 0.7778, 1.0, 0.7778, 0.1111, 0.8, 0.8889, 0.125, 0.75, 0.8, 1.0, 0.8889, 0.0, 0.7778, 1.0, 0.1667, 1.0, 0.75, 0.8, 1.0, 0.1111, 0.8182, 1.0, 0.125, 1.0, 1.0, 1.0, 1.0, 0.0, 1.0, 0.75, 0.1429, 0.875, 0.875, 0.75, 1.0, 0.75, 0.875, 1.0, 0.0, 0.875, 0.8571, 1.0, 0.7143, 0.0, 0.8, 1.0, 0.0, 0.8889, 0.8333, 0.75, 0.7143, 0.0, 0.0, 1.0, 0.2, 1.0, 0.8333, 0.9167, 0.7692, 0.0, 0.0, 1.0, 0.1, 1.0, 1.0, 0.75, 0.8571, 0.125, 0.125, 0.875, 0.5714, 0.7778, 0.75, 1.0, 0.8333, 0.0, 0.1111, 0.6667, 1.0, 0.7778, 0.8571, 0.8, 1.0, 0.0, 0.8, 0.7143, 1.0, 1.0, 0.8333, 0.75, 1.0, 0.0, 0.1667, 0.8, 0.8462, 0.7143, 0.8, 0.8571, 0.875, 0.25, 0.0, 0.8333, 1.0, 1.0, 1.0, 0.8571, 1.0, 0.0, 0.0, 1.0, 1.0, 0.8571, 1.0, 1.0, 0.75, 0.1, 0.0, 0.9167, 1.0, 0.8, 0.875, 0.8889, 0.7778, 0.0, 0.5, 0.8333, 1.0, 1.0, 0.9091, 1.0, 1.0, 0.1429, 0.8571, 1.0, 0.8, 1.0, 1.0, 1.0, 1.0, 0.0, 0.7778, 1.0, 1.0]","[3, 4, 7, 13, 14, 15, 16, 20, 21, 24, 25, 27, 28, 30, 31, 34, 36, 37, 39, 45, 46, 48, 49, 52, 57, 64, 65, 66, 68, 69, 72, 75, 80, 83, 86, 89, 94, 99, 101, 105, 109, 110, 111, 112, 114, 115, 116, 119, 120, 121, 122, 123, 124, 126, 129, 131, 132, 133, 135, 136, 137, 142, 143, 147, 152, 157, 160, 161, 162, 163, 164, 165, 171, 174, 175, 179, 180, 181, 186, 191, 192, 193, 194, 199, 200, 206, 219, 220, 224, 227, 228, 229, 233, 236, 238, 239, 241, 242, 243, 247]"
random,0:41,41,random,0.74,0.74,0.74,1.0,0.74,0.0,38,True,1480,0,299,221,0,"[0.05, 0.073, 0.0935, 0.1215, 0.157, 0.1895, 0.221, 0.248, 0.2785, 0.3075, 0.338, 0.371, 0.405, 0.4365, 0.457, 0.4775, 0.4945, 0.5125, 0.5335, 0.556, 0.5825, 0.6085, 0.631, 0.6455, 0.655, 0.6645, 0.676, 0.6875, 0.703, 0.7145, 0.7235, 0.7275, 0.729, 0.732, 0.7345, 0.7385, 0.7395, 0.74, 0.74, 0.74, 0.74, 0.74, 0.74, 0.74, 0.74, 0.74, 0.74, 0.74, 0.74, 0.74, 0.74, 0.74, 0.74, 0.74, 0.74, 0.74, 0.74, 0.74, 0.74, 0.74, 0.74, 0.74, 0.74, 0.74, 0.74, 0.74, 0.74, 0.74, 0.74, 0.74, 0.74, 0.74, 0.74, 0.74, 0.74, 0.74, 0.74, 0.74, 0.74, 0.74, 0.74, 0.74, 0.74, 0.74, 0.74, 0.74, 0.74, 0.74, 0.74, 0.74, 0.74, 0.74, 0.74, 0.74, 0.74, 0.74, 0.74, 0.74, 0.74, 0.74, 0.74]","{""0"": 0.8468, ""1"": 0.8577, ""2"": 0.8633, ""3"": 0.8629, ""4"": 0.6705, ""5"": 0.1296, ""6"": 0.8607, ""7"": 0.8282}","[0.4444, 0.75, 0.8, 0.875, 1.0, 0.8889, 0.1818, 0.875, 1.0, 1.0, 0.8, 1.0, 1.0, 0.6667, 0.2, 0.8889, 0.5556, 1.0, 0.7143, 1.0, 0.6, 0.8333, 0.0, 1.0, 0.875, 1.0, 0.8889, 0.8182, 1.0, 0.75, 0.0, 1.0, 1.0, 1.0, 1.0, 0.7273, 0.8571, 0.6, 0.0, 1.0, 0.7778, 1.0, 1.0, 0.8571, 1.0, 0.8889, 0.0, 1.0, 0.9, 1.0, 1.0, 1.0, 0.8333, 0.75, 0.0, 1.0, 0.8889, 0.6, 0.8, 1.0, 1.0, 0.7778, 0.0, 1.0, 0.8, 1.0, 1.0, 0.9091, 0.8333, 1.0, 0.0, 0.7273, 0.8, 0.6364, 0.7778, 0.9, 0.875, 0.8333, 0.0, 0.8182, 0.9091, 0.6667, 0.75, 0.9, 1.0, 0.9091, 0.0, 0.8571, 0.8462, 0.8333, 0.875, 0.9, 0.8571, 1.0, 0.3, 0.8571, 1.0, 0.75, 0.8889, 0.625, 0.6667, 0.75, 0.125, 1.0, 0.9091, 0.75, 0.5, 0.8571, 0.9, 1.0, 0.0, 1.0, 0.875, 0.875, 0.8571, 1.0, 0.8333, 0.7778, 0.0, 0.7333, 0.7143, 1.0, 0.8182, 0.7, 0.8333, 1.0, 0.1667, 0.7273, 0.7, 0.9, 0.7857, 0.8333, 0.7778, 0.9, 0.0, 0.875, 1.0, 0.8333, 1.0, 1.0, 0.7778, 0.75, 0.0, 0.875, 0.6, 1.0, 1.0, 1.0, 0.875, 0.9091, 0.0, 0.9, 0.75, 1.0, 0.8333, 0.8182, 0.9286, 1.0, 0.25, 1.0, 0.8889, 0.875, 1.0, 1.0, 1.0, 0.8333, 0.125, 0.8333, 0.8, 0.8, 1.0, 0.4, 0.75, 0.8333, 0.1429, 1.0, 0.75, 0.9, 1.0, 0.9, 0.7273, 0.75, 0.0, 0.5714, 0.8182, 1.0, 0.6667, 0.8, 0.7692, 0.7778, 0.0, 0.8889, 1.0, 0.6667, 0.9091, 0.75, 0.9, 0.7778, 0.0, 1.0, 0.75, 1.0, 0.8889, 0.6667, 0.9286, 0.0, 0.0, 1.0, 0.875, 0.8571, 0.8889, 0.75, 1.0, 0.0, 0.0, 0.8889, 0.8571, 0.75, 0.8571, 1.0, 1.0, 0.0, 0.8333, 0.875, 1.0, 0.5714, 0.8889, 0.8571, 0.6, 0.0, 1.0, 0.6, 0.9091, 0.8333, 0.6923, 1.0, 0.8571, 0.0, 0.6667, 0.8333, 0.6667, 0.5556, 1.0, 0.8571, 0.875, 0.5714, 0.3333, 0.6, 0.7143, 0.875]","[1, 2, 6, 7, 12, 14, 15, 16, 27, 32, 34, 35, 36, 40, 41, 42, 43, 49, 55, 56, 59, 63, 64, 65, 66, 69, 75, 81, 83, 84, 87, 88, 90, 94, 95, 96, 98, 99, 100, 101, 104, 105, 106, 108, 111, 112, 115, 119, 121, 123, 126, 129, 133, 138, 143, 146, 149, 151, 152, 153, 157, 165, 166, 173, 174, 180, 186, 187, 192, 193, 194, 196, 197, 199, 204, 210, 212, 215, 216, 225, 230, 232, 233, 235, 236, 243, 249]"
champions,0:41,41,champions,0.795,0.795,0.795,1.0,0.795,0.0,35,True,1590,0,297,113,0,"[0.05, 0.0905, 0.1355, 0.1825, 0.232, 0.281, 0.325, 0.357, 0.3815, 0.4125, 0.441, 0.462, 0.4825, 0.5, 0.515, 0.5355, 0.556, 0.5845, 0.603, 0.6185, 0.6325, 0.6455, 0.658, 0.6735, 0.6875, 0.7045, 0.7205, 0.732, 0.741, 0.754, 0.7655, 0.7775, 0.791, 0.7945, 0.795, 0.795, 0.795, 0.795, 0.795, 0.795, 0.795, 0.795, 0.795, 0.795, 0.795, 0.795, 0.795, 0.795, 0.795, 0.795, 0.795, 0.795, 0.795, 0.795, 0.795, 0.795, 0.795, 0.795, 0.795, 0.795, 0.795, 0.795, 0.795, 0.795, 0.795, 0.795, 0.795, 0.795, 0.795, 0.795, 0.795, 0.795, 0.795, 0.795, 0.795, 0.795, 0.795, 0.795, 0.795, 0.795, 0.795, 0.795, 0.795, 0.795, 0.795, 0.795, 0.795, 0.795, 0.795, 0.795, 0.795, 0.795, 0.795, 0.795, 0.795, 0.795, 0.795, 0.795, 0.795, 0.795, 0.795]","{""0"": 0.8426, ""1"": 0.8699, ""2"": 0.8516, ""3"": 0.8669, ""4"": 0.8506, ""5"": 0.3887, ""6"": 0.8607, ""7"": 0.8244}","[1.0, 0.75, 0.8, 0.875, 1.0, 1.0, 0.0909, 0.875, 1.0, 1.0, 0.8, 1.0, 1.0, 0.6667, 0.0, 0.8889, 0.5556, 1.0, 0.7143, 1.0, 0.6, 0.8333, 0.125, 1.0, 0.875, 1.0, 0.8889, 0.8182, 1.0, 0.75, 0.6667, 1.0, 0.75, 1.0, 1.0, 0.7273, 0.7143, 0.6, 0.875, 1.0, 0.7778, 0.875, 1.0, 0.8571, 1.0, 0.8889, 0.8889, 1.0, 0.9, 1.0, 1.0, 1.0, 0.8333, 0.75, 0.8333, 0.8571, 0.8889, 0.6, 0.8, 0.8571, 1.0, 0.7778, 1.0, 1.0, 0.8, 1.0, 1.0, 0.9091, 0.8333, 0.8571, 1.0, 0.7273, 0.8, 0.6364, 0.7778, 0.8, 0.875, 0.8333, 0.8182, 0.8182, 0.9091, 0.6667, 0.75, 0.9, 1.0, 0.9091, 1.0, 0.8571, 0.8462, 0.8333, 0.875, 0.9, 0.8571, 1.0, 0.9, 0.8571, 1.0, 0.75, 0.8889, 0.5, 0.6667, 0.75, 0.75, 1.0, 0.9091, 0.75, 0.5, 0.8571, 0.9, 1.0, 0.0, 1.0, 0.875, 0.875, 0.8571, 1.0, 0.8333, 0.7778, 0.0, 0.7333, 0.7143, 1.0, 0.9091, 0.6, 0.8333, 1.0, 0.0, 0.7273, 0.7, 0.9, 0.8571, 0.8333, 0.7778, 0.9, 0.0, 0.875, 1.0, 0.8333, 1.0, 1.0, 0.7778, 0.75, 0.0, 0.875, 0.6, 1.0, 1.0, 1.0, 0.875, 0.9091, 0.1667, 0.9, 0.75, 1.0, 0.8333, 0.8182, 0.9286, 1.0, 0.875, 1.0, 0.8889, 0.875, 1.0, 1.0, 1.0, 0.8333, 0.875, 0.8333, 0.8, 0.8, 1.0, 0.4, 0.75, 0.8333, 0.8571, 1.0, 0.75, 0.9, 1.0, 0.9, 0.7273, 0.75, 0.2, 0.5714, 0.8182, 1.0, 0.6667, 0.8, 0.7692, 0.7778, 0.0, 0.8889, 1.0, 0.6667, 0.9091, 0.75, 0.9, 0.8889, 0.0, 1.0, 0.75, 1.0, 0.8889, 0.6667, 1.0, 0.8889, 0.0, 1.0, 0.875, 0.8571, 0.8889, 0.75, 1.0, 0.9091, 0.0, 0.8889, 0.8571, 0.75, 0.8571, 1.0, 1.0, 0.7, 0.0, 0.875, 1.0, 0.4286, 0.8889, 0.8571, 0.6, 1.0, 0.0, 0.6, 0.9091, 0.6667, 0.6923, 1.0, 0.8571, 0.9231, 0.0, 0.9167, 0.6667, 0.7778, 1.0, 0.8571, 0.875, 0.7143, 0.0, 0.6, 0.7143, 0.875]","[0, 4, 5, 6, 16, 35, 37, 52, 67, 71, 73, 76, 78, 80, 81, 88, 91, 92, 93, 96, 97, 104, 108, 113, 119, 122, 123, 125, 128, 130, 135, 136, 138, 144, 150, 151, 152, 155, 159, 166, 169, 170, 174, 176, 177, 186, 188, 189, 196, 197, 204, 205, 213, 221, 232, 234, 237, 239, 241]"
cluster,0:41,41,cluster,0.196,0.196,0.196,1.0,0.196,0.0,14,True,392,0,301,1307,0,"[0.05, 0.0705, 0.094, 0.1165, 0.1385, 0.153, 0.1665, 0.1745, 0.1815, 0.1845, 0.188, 0.191, 0.1935, 0.196, 0.196, 0.196, 0.196, 0.196, 0.196, 0.196, 0.196, 0.196, 0.196, 0.196, 0.196, 0.196, 0.196, 0.196, 0.196, 0.196, 0.196, 0.196, 0.196, 0.196, 0.196, 0.196, 0.196, 0.196, 0.196, 0.196, 0.196, 0.196, 0.196, 0.196, 0.196, 0.196, 0.196, 0.196, 0.196, 0.196, 0.196, 0.196, 0.196, 0.196, 0.196, 0.196, 0.196, 0.196, 0.196, 0.196, 0.196, 0.196, 0.196, 0.196, 0.196, 0.196, 0.196, 0.196, 0.196, 0.196, 0.196, 0.196, 0.196, 0.196, 0.196, 0.196, 0.196, 0.196, 0.196, 0.196, 0.196, 0.196, 0.196, 0.196, 0.196, 0.196, 0.196, 0.196, 0.196, 0.196, 0.196, 0.196, 0.196, 0.196, 0.196, 0.196, 0.196, 0.196, 0.196, 0.196, 0.196]","{""0"": 0.0085, ""1"": 0.5081, ""2"": 0.0117, ""3"": 0.2782, ""4"": 0.0421, ""5"": 0.4899, ""6"": 0.2172, ""7"": 0.0305}","[0.1111, 0.0, 0.0, 0.0, 0.0, 0.0, 1.0, 0.0, 1.0, 0.0, 0.0, 0.0, 0.0, 0.0, 1.0, 0.0, 0.0, 0.0, 0.7143, 0.0, 0.0, 0.0, 0.5, 0.0, 0.0, 0.0, 0.8889, 0.0, 0.0, 0.0, 0.1667, 0.0, 0.0, 0.0, 1.0, 0.0909, 0.0, 0.0, 0.0, 0.0, 0.0, 0.0, 1.0, 0.1429, 0.0, 0.0, 0.0, 0.0, 0.0, 0.0, 1.0, 0.0, 0.0, 0.0, 0.6667, 0.0, 0.0, 0.0, 0.8, 0.0, 0.0, 0.0, 1.0, 0.0, 0.0, 0.0, 1.0, 0.0, 0.0, 0.0, 0.3333, 0.0, 0.0, 0.0, 0.2222, 0.0, 0.0, 0.0, 0.0, 0.0, 0.0, 0.0, 0.25, 0.0, 0.0, 0.0, 0.0, 0.0, 0.0, 0.0, 0.125, 0.0, 0.0, 0.0, 0.2, 0.0, 0.0, 0.125, 0.0, 0.0, 0.0, 0.0, 0.125, 0.0, 0.0, 0.0, 0.5, 0.0, 0.0, 0.0, 0.0, 0.0, 0.0, 0.0, 0.8571, 0.0, 0.0, 0.0, 0.0, 0.0, 0.0, 0.0, 0.8182, 0.0, 0.0, 0.0, 0.0, 0.0, 0.0, 0.0, 1.0, 0.0, 0.7778, 0.0, 0.0, 0.0, 0.0, 0.0, 1.0, 0.0, 0.7778, 0.0, 0.0, 0.0, 0.0, 0.0, 1.0, 0.0, 0.875, 0.0, 0.0833, 0.0, 0.0, 0.0, 0.8333, 0.0, 0.9286, 0.0, 0.875, 0.0, 0.0, 0.0, 1.0, 0.0, 1.0, 0.0, 0.875, 0.0, 0.0, 0.0, 1.0, 0.0, 0.75, 0.0, 1.0, 0.0, 0.0, 0.0, 1.0, 0.0, 0.0, 0.0, 0.6, 0.0, 0.0, 0.0, 0.2222, 0.1, 0.0, 0.0, 1.0, 0.8889, 0.0, 0.0, 0.0909, 0.0, 0.1, 0.0, 1.0, 1.0, 0.0, 0.125, 0.0, 0.0, 0.0, 0.0, 1.0, 1.0, 0.0, 0.0, 0.0, 0.0, 1.0, 1.0, 0.8571, 0.8889, 0.0, 0.0, 0.0, 0.0, 1.0, 0.0, 0.8333, 1.0, 0.0, 0.0, 0.0, 0.0, 0.6, 0.0, 1.0, 0.6, 0.0, 0.0, 0.0, 0.0, 0.4286, 0.0, 1.0, 0.8333, 0.1111, 0.0, 0.0, 0.0, 0.0, 0.0, 0.6667, 0.6, 0.1429, 0.0]","[8, 14, 42, 62, 130, 164, 174, 190, 198, 213, 223, 238]"
one_per_team,0:41,41,one_per_team,0.5505,0.5505,0.5505,1.0,0.5505,0.0,31,True,1101,0,299,600,0,"[0.05, 0.073, 0.0935, 0.1195, 0.148, 0.1725, 0.1975, 0.215, 0.236, 0.254, 0.273, 0.2945, 0.3225, 0.35, 0.3735, 0.3995, 0.4225, 0.445, 0.4645, 0.4805, 0.491, 0.502, 0.511, 0.517, 0.5245, 0.5305, 0.536, 0.54, 0.544, 0.5485, 0.5505, 0.5505, 0.5505, 0.5505, 0.5505, 0.5505, 0.5505, 0.5505, 0.5505, 0.5505, 0.5505, 0.5505, 0.5505, 0.5505, 0.5505, 0.5505, 0.5505, 0.5505, 0.5505, 0.5505, 0.5505, 0.5505, 0.5505, 0.5505, 0.5505, 0.5505, 0.5505, 0.5505, 0.5505, 0.5505, 0.5505, 0.5505, 0.5505, 0.5505, 0.5505, 0.5505, 0.5505, 0.5505, 0.5505, 0.5505, 0.5505, 0.5505, 0.5505, 0.5505, 0.5505, 0.5505, 0.5505, 0.5505, 0.5505, 0.5505, 0.5505, 0.5505, 0.5505, 0.5505, 0.5505, 0.5505, 0.5505, 0.5505, 0.5505, 0.5505, 0.5505, 0.5505, 0.5505, 0.5505, 0.5505, 0.5505, 0.5505, 0.5505, 0.5505, 0.5505, 0.5505]","{""0"": 0.7404, ""1"": 0.8618, ""2"": 0.4062, ""3"": 0.7137, ""4"": 0.5594, ""5"": 0.2632, ""6"": 0.8607, ""7"": 0.0496}","[0.2222, 0.0, 0.8, 0.0, 1.0, 0.8889, 0.0, 0.875, 0.3333, 1.0, 0.8, 0.1667, 1.0, 0.7778, 0.1, 0.8889, 0.1111, 1.0, 0.7143, 0.0, 0.6, 0.8333, 0.125, 1.0, 0.125, 1.0, 0.8889, 0.0, 1.0, 0.75, 0.0, 1.0, 0.25, 1.0, 1.0, 0.7273, 0.7143, 0.6, 0.0, 1.0, 0.0, 0.875, 1.0, 0.8571, 1.0, 0.8889, 0.0, 1.0, 0.0, 1.0, 1.0, 1.0, 0.8333, 0.75, 0.8333, 0.8571, 0.0, 0.6, 0.8, 0.8571, 1.0, 0.7778, 1.0, 1.0, 0.0, 1.0, 1.0, 0.9091, 0.8333, 0.8571, 1.0, 0.7273, 0.0, 0.6364, 0.8889, 0.8, 0.875, 1.0, 0.8182, 0.8182, 0.0909, 0.6667, 0.75, 0.9, 1.0, 0.9091, 1.0, 0.8571, 0.0, 0.8333, 0.875, 0.9, 0.8571, 1.0, 0.9, 0.8571, 0.0, 0.75, 0.8889, 0.5, 0.6667, 0.75, 0.75, 1.0, 0.0909, 0.75, 0.5, 0.5714, 0.9, 1.0, 0.1111, 1.0, 0.25, 0.875, 0.8571, 0.0, 0.8333, 0.7778, 0.0, 0.7333, 0.0, 1.0, 0.8182, 0.0, 0.8333, 1.0, 0.0, 0.7273, 0.0, 0.9, 0.7857, 0.0, 0.8889, 0.9, 0.125, 0.875, 0.0, 0.8333, 1.0, 0.0, 0.7778, 0.75, 0.0, 0.875, 0.0, 1.0, 1.0, 0.8889, 0.875, 0.9091, 0.0, 0.9, 0.0, 1.0, 0.8333, 0.0, 0.9286, 1.0, 0.125, 1.0, 0.0, 0.875, 1.0, 0.0, 1.0, 0.8333, 0.0, 1.0, 0.1, 0.8, 1.0, 0.6, 0.75, 0.0, 0.1429, 1.0, 0.0, 0.9, 1.0, 0.9, 0.0, 0.0, 0.0, 0.5714, 0.0, 1.0, 0.6667, 0.8, 0.0, 0.0, 0.1111, 0.8889, 0.0, 0.6667, 0.9091, 0.5, 0.1, 0.0556, 0.5, 1.0, 0.0, 1.0, 0.8889, 0.3333, 0.0714, 0.0, 0.2, 1.0, 0.0, 0.8571, 0.8889, 0.0, 1.0, 0.0909, 0.0, 0.8889, 0.0, 0.75, 0.8571, 0.1111, 1.0, 0.0, 0.0, 0.875, 0.0, 0.4286, 0.8889, 0.1429, 0.7, 0.0, 0.0, 0.6, 0.0909, 0.0, 0.6923, 0.0, 0.8571, 0.0, 0.1667, 0.8333, 0.2222, 0.0, 1.0, 0.0, 0.875, 0.5714, 0.0, 0.6, 0.0, 0.0]","[2, 5, 8, 9, 10, 11, 13, 14, 15, 16, 22, 23, 25, 32, 36, 39, 41, 42, 44, 47, 49, 52, 58, 62, 63, 65, 67, 68, 69, 73, 74, 76, 77, 78, 80, 82, 83, 86, 87, 89, 91, 93, 94, 99, 101, 104, 105, 106, 108, 109, 110, 111, 112, 113, 119, 125, 130, 132, 134, 138, 140, 147, 149, 153, 159, 162, 164, 167, 168, 169, 170, 171, 174, 175, 178, 183, 185, 186, 187, 190, 195, 197, 198, 199, 201, 204, 207, 210, 213, 215, 223, 227, 228, 232, 234, 238, 240, 242, 244, 245]"
random,0:42,42,random,0.5635,0.5635,0.5635,1.0,0.5635,-0.0,34,True,1127,0,280,593,0,"[0.05, 0.074, 0.1015, 0.1375, 0.1795, 0.211, 0.2455, 0.276, 0.307, 0.326, 0.34, 0.3565, 0.373, 0.3895, 0.402, 0.4155, 0.4305, 0.448, 0.46, 0.47, 0.479, 0.4865, 0.493, 0.5, 0.5105, 0.522, 0.5285, 0.535, 0.542, 0.5495, 0.556, 0.559, 0.5615, 0.5635, 0.5635, 0.5635, 0.5635, 0.5635, 0.5635, 0.5635, 0.5635, 0.5635, 0.5635, 0.5635, 0.5635, 0.5635, 0.5635, 0.5635, 0.5635, 0.5635, 0.5635, 0.5635, 0.5635, 0.5635, 0.5635, 0.5635, 0.5635, 0.5635, 0.5635, 0.5635, 0.5635, 0.5635, 0.5635, 0.5635, 0.5635, 0.5635, 0.5635, 0.5635, 0.5635, 0.5635, 0.5635, 0.5635, 0.5635, 0.5635, 0.5635, 0.5635, 0.5635, 0.5635, 0.5635, 0.5635, 0.5635, 0.5635, 0.5635, 0.5635, 0.5635, 0.5635, 0.5635, 0.5635, 0.5635, 0.5635, 0.5635, 0.5635, 0.5635, 0.5635, 0.5635, 0.5635, 0.5635, 0.5635, 0.5635, 0.5635, 0.5635]","{""0"": 0.7778, ""1"": 0.8653, ""2"": 0.8821, ""3"": 0.7376, ""4"": 0.8652, ""5"": 0.1133, ""6"": 0.0363, ""7"": 0.252}","[0.5556, 0.6, 0.8462, 0.9091, 0.875, 1.0, 0.0, 0.0, 0.0, 0.7692, 0.5, 0.8571, 1.0, 1.0, 0.125, 0.0, 0.0, 0.9091, 1.0, 0.5714, 0.75, 1.0, 0.2, 0.0, 0.1111, 1.0, 0.8571, 0.8333, 0.75, 0.9, 0.0, 0.0, 0.0, 0.7, 0.8889, 0.9091, 0.875, 0.7143, 0.0, 0.0, 0.0, 0.0, 0.5, 1.0, 0.8333, 0.8, 0.0, 0.0, 0.0, 0.0, 0.6, 0.8, 0.8182, 0.75, 0.0, 0.0, 0.2222, 0.8571, 0.8889, 0.7143, 0.0769, 0.875, 0.0, 0.25, 0.0, 0.8571, 0.9231, 0.8889, 0.0, 0.8, 0.2, 0.0, 0.0, 1.0, 1.0, 0.7778, 0.0, 1.0, 0.0, 0.0, 0.0, 0.6, 0.8571, 0.875, 0.8571, 0.7857, 0.1, 0.0, 0.0, 0.7778, 0.7778, 0.6667, 0.6667, 0.9091, 0.0, 0.0, 0.0, 1.0, 1.0, 0.9, 0.7143, 0.6667, 0.1, 0.0833, 0.875, 1.0, 1.0, 0.75, 0.6667, 0.8571, 0.0, 0.1667, 0.6667, 0.7778, 1.0, 0.875, 0.6, 0.6667, 0.0, 0.2, 1.0, 0.8571, 0.625, 1.0, 0.875, 1.0, 0.0, 0.125, 0.9412, 0.8, 0.7273, 1.0, 0.9, 1.0, 0.0, 0.0, 0.8889, 0.8889, 0.8, 0.5714, 0.7273, 0.7143, 0.25, 0.1429, 0.8333, 0.8333, 0.9, 1.0, 0.7143, 0.8, 0.0, 0.0, 1.0, 0.875, 1.0, 0.7273, 0.7778, 0.8889, 0.0, 0.0, 0.8333, 0.7143, 1.0, 0.8571, 1.0, 1.0, 0.8571, 0.0, 0.0, 0.8333, 1.0, 1.0, 0.75, 1.0, 1.0, 0.0, 0.1538, 0.7778, 1.0, 1.0, 1.0, 0.8, 0.0833, 0.0, 0.0, 0.75, 0.8333, 1.0, 0.9091, 0.8, 0.1, 0.1111, 0.0, 0.8571, 0.8889, 1.0, 0.75, 0.8333, 0.0, 0.0, 0.0, 0.6667, 1.0, 1.0, 0.7143, 1.0, 0.1111, 0.0, 0.1, 0.875, 0.8889, 1.0, 0.875, 0.8333, 0.0, 0.125, 0.0, 1.0, 1.0, 1.0, 1.0, 0.8571, 0.0, 0.0, 0.0, 1.0, 1.0, 1.0, 0.8333, 1.0, 0.0, 0.0, 0.0, 1.0, 0.8, 0.8889, 1.0, 0.8571, 0.2222, 0.0, 0.0, 1.0, 0.8182, 1.0, 1.0, 0.8333, 0.1333, 0.0, 0.0, 0.6667]","[0, 1, 2, 9, 10, 13, 14, 17, 18, 22, 24, 27, 33, 44, 45, 52, 56, 57, 63, 66, 69, 70, 75, 85, 90, 91, 93, 97, 98, 102, 103, 111, 112, 113, 116, 124, 128, 129, 133, 136, 137, 138, 142, 143, 144, 145, 147, 152, 153, 154, 155, 160, 163, 165, 166, 171, 173, 174, 176, 186, 190, 191, 193, 195, 196, 197, 202, 206, 208, 210, 211, 215, 217, 218, 220, 225, 227, 233, 236, 238, 241, 245, 246]"
champions,0:42,42,champions,0.826,0.826,0.826,1.0,0.826,0.0,36,True,1652,0,279,69,0,"[0.05, 0.091, 0.1335, 0.181, 0.236, 0.2855, 0.333, 0.379, 0.425, 0.4755, 0.5185, 0.5625, 0.5935, 0.6285, 0.658, 0.6895, 0.715, 0.7355, 0.755, 0.764, 0.772, 0.7775, 0.782, 0.787, 0.7905, 0.7935, 0.7975, 0.8025, 0.806, 0.809, 0.8165, 0.8225, 0.8235, 0.824, 0.8245, 0.826, 0.826, 0.826, 0.826, 0.826, 0.826, 0.826, 0.826, 0.826, 0.826, 0.826, 0.826, 0.826, 0.826, 0.826, 0.826, 0.826, 0.826, 0.826, 0.826, 0.826, 0.826, 0.826, 0.826, 0.826, 0.826, 0.826, 0.826, 0.826, 0.826, 0.826, 0.826, 0.826, 0.826, 0.826, 0.826, 0.826, 0.826, 0.826, 0.826, 0.826, 0.826, 0.826, 0.826, 0.826, 0.826, 0.826, 0.826, 0.826, 0.826, 0.826, 0.826, 0.826, 0.826, 0.826, 0.826, 0.826, 0.826, 0.826, 0.826, 0.826, 0.826, 0.826, 0.826, 0.826, 0.826]","{""0"": 0.7778, ""1"": 0.8694, ""2"": 0.878, ""3"": 0.8175, ""4"": 0.8739, ""5"": 0.875, ""6"": 0.6492, ""7"": 0.872}","[1.0, 0.7, 0.8462, 0.9091, 0.875, 1.0, 1.0, 0.8571, 0.9167, 0.7692, 0.5, 0.8571, 1.0, 1.0, 1.0, 0.875, 1.0, 0.9091, 1.0, 0.5714, 0.75, 1.0, 1.0, 1.0, 0.6667, 1.0, 0.8571, 0.8333, 0.75, 0.9, 0.7143, 0.5, 1.0, 0.7, 0.8889, 0.9091, 0.875, 0.7143, 0.5, 1.0, 0.75, 0.0, 0.5, 1.0, 0.8333, 0.8, 0.8, 1.0, 1.0, 0.0, 0.6, 0.8, 0.8182, 0.8333, 0.8333, 0.7778, 0.7778, 0.8571, 0.8889, 0.7143, 0.9231, 1.0, 0.7143, 1.0, 0.8333, 0.8571, 0.9231, 0.8889, 0.8333, 0.8, 1.0, 0.8333, 0.8889, 1.0, 1.0, 0.8889, 0.6, 1.0, 1.0, 0.875, 1.0, 0.6, 0.8571, 0.875, 0.8571, 0.7857, 0.8, 0.9, 1.0, 0.7778, 0.7778, 0.6667, 0.6667, 0.9091, 0.625, 1.0, 0.6, 1.0, 1.0, 0.9, 0.7143, 0.6667, 0.9, 1.0, 0.875, 1.0, 1.0, 0.75, 0.6667, 0.8571, 0.7, 0.5, 0.6667, 0.7778, 1.0, 0.875, 0.6, 0.7778, 1.0, 0.6, 1.0, 0.8571, 0.625, 1.0, 0.75, 1.0, 0.8, 0.875, 0.9412, 0.8, 0.7273, 1.0, 0.9, 1.0, 1.0, 0.8889, 0.8889, 0.8889, 0.8, 0.5714, 0.7273, 0.7143, 0.75, 1.0, 0.6667, 0.8333, 0.9, 1.0, 0.7143, 0.8, 0.75, 0.6667, 1.0, 0.875, 1.0, 0.8182, 0.7778, 0.8889, 0.9091, 0.8889, 0.8333, 0.7143, 1.0, 0.7143, 1.0, 0.8889, 0.8571, 0.8571, 0.875, 0.8333, 1.0, 0.8571, 0.75, 1.0, 1.0, 0.8462, 0.8462, 0.7778, 1.0, 1.0, 1.0, 0.8, 0.9167, 0.0, 0.6667, 0.75, 0.75, 1.0, 0.9091, 0.8, 0.9, 0.0, 1.0, 0.8571, 0.8889, 1.0, 0.75, 0.8333, 1.0, 0.1429, 1.0, 0.6667, 1.0, 1.0, 0.7143, 1.0, 0.8889, 0.0, 0.8, 0.875, 0.8889, 1.0, 0.875, 0.8333, 1.0, 0.0, 0.875, 1.0, 1.0, 1.0, 1.0, 0.8571, 0.875, 0.0, 0.875, 1.0, 1.0, 0.9091, 1.0, 1.0, 0.9167, 0.1667, 1.0, 0.875, 1.0, 0.8889, 0.875, 0.8571, 0.8889, 0.8333, 0.9, 1.0, 0.8182, 1.0, 1.0, 0.8333, 0.8667, 0.8333, 0.9, 0.6667]","[0, 1, 2, 3, 6, 8, 9, 25, 35, 44, 51, 52, 53, 56, 58, 60, 61, 67, 72, 74, 75, 79, 82, 83, 85, 86, 89, 93, 97, 103, 112, 117, 128, 136, 137, 149, 155, 158, 169, 170, 175, 176, 180, 182, 184, 188, 190, 195, 196, 200, 203, 218, 225, 228, 230, 234, 235, 238, 242, 245, 246, 248]"
cluster,0:42,42,cluster,0.1675,0.1675,0.1675,1.0,0.1675,0.0,28,True,335,0,281,1384,0,"[0.05, 0.066, 0.081, 0.097, 0.1115, 0.122, 0.128, 0.1335, 0.138, 0.1425, 0.1455, 0.1485, 0.151, 0.1525, 0.1535, 0.1545, 0.156, 0.1565, 0.1575, 0.1605, 0.161, 0.1615, 0.1625, 0.164, 0.1645, 0.1655, 0.1665, 0.1675, 0.1675, 0.1675, 0.1675, 0.1675, 0.1675, 0.1675, 0.1675, 0.1675, 0.1675, 0.1675, 0.1675, 0.1675, 0.1675, 0.1675, 0.1675, 0.1675, 0.1675, 0.1675, 0.1675, 0.1675, 0.1675, 0.1675, 0.1675, 0.1675, 0.1675, 0.1675, 0.1675, 0.1675, 0.1675, 0.1675, 0.1675, 0.1675, 0.1675, 0.1675, 0.1675, 0.1675, 0.1675, 0.1675, 0.1675, 0.1675, 0.1675, 0.1675, 0.1675, 0.1675, 0.1675, 0.1675, 0.1675, 0.1675, 0.1675, 0.1675, 0.1675, 0.1675, 0.1675, 0.1675, 0.1675, 0.1675, 0.1675, 0.1675, 0.1675, 0.1675, 0.1675, 0.1675, 0.1675, 0.1675, 0.1675, 0.1675, 0.1675, 0.1675, 0.1675, 0.1675, 0.1675, 0.1675, 0.1675]","{""0"": 0.4138, ""1"": 0.1184, ""2"": 0.1789, ""3"": 0.1483, ""4"": 0.0783, ""5"": 0.0352, ""6"": 0.0, ""7"": 0.352}","[0.1111, 0.0, 0.1538, 0.0, 1.0, 0.0, 0.0, 0.0, 0.0, 0.0769, 0.0, 0.0, 1.0, 0.0, 0.0, 0.0, 0.0, 0.0, 0.0, 0.0, 0.0, 0.0, 0.0, 0.0, 0.0, 0.0, 0.2857, 0.0, 0.0, 0.0, 0.0, 0.0, 0.0, 0.0, 0.1111, 0.0, 0.0, 0.0, 0.0, 0.0, 0.0, 0.0, 0.0, 0.1429, 0.0, 0.0, 0.0, 0.0, 0.0, 0.0, 0.4, 0.6, 0.0, 0.0, 0.0, 0.0, 0.0, 0.0, 0.8889, 0.7143, 0.0, 0.0, 0.0, 0.0, 0.0, 0.1429, 1.0, 1.0, 0.0, 0.0, 0.0, 0.0, 0.0, 0.0, 0.0, 0.7778, 0.0, 0.0, 0.0, 0.0, 0.0, 0.6, 0.0, 1.0, 0.0, 0.0714, 0.0, 0.0, 0.0, 0.7778, 0.0, 0.2222, 0.0, 0.0, 0.0, 0.0, 0.0, 1.0, 0.0, 0.0, 0.0, 0.0, 0.0, 0.0, 0.0, 1.0, 0.0, 0.0, 0.0, 0.0, 0.0, 0.0, 0.0, 0.7778, 0.0, 0.0, 0.0, 0.0, 0.0, 0.0, 0.0, 0.8571, 0.0, 0.0, 0.0, 0.0, 0.0, 0.0, 0.0588, 1.0, 0.0, 0.0, 0.0, 0.0, 0.0, 0.0, 0.8889, 0.8889, 0.0, 0.0, 0.0, 0.1429, 0.0, 0.0, 0.6667, 0.8333, 0.0, 0.0, 0.0, 0.0, 0.0, 0.0, 1.0, 0.875, 0.0, 0.0, 0.0, 0.0, 0.0, 0.0, 1.0, 0.7143, 0.0, 0.0, 0.0, 0.0, 0.0, 0.0, 1.0, 0.8333, 0.0, 1.0, 0.0, 0.0, 0.0, 0.0, 0.8462, 1.0, 0.0, 0.125, 0.0, 0.0, 0.0, 0.0, 0.6667, 0.75, 0.0, 0.0, 0.0, 0.0, 0.1, 0.0, 1.0, 0.8571, 0.0, 0.0, 0.0, 0.0, 1.0, 0.0, 1.0, 0.0, 0.125, 0.0, 0.0, 0.0, 0.0, 0.0, 0.8, 0.0, 0.0, 0.0, 0.125, 0.6667, 0.0, 0.0, 0.875, 0.0, 0.0, 0.0, 0.6, 0.8571, 0.0, 0.0, 0.875, 0.0, 0.0, 0.0, 0.8333, 1.0, 0.0, 0.0, 0.3333, 0.0, 0.0, 0.1111, 0.875, 0.0, 0.0, 0.0, 0.0, 0.0, 0.0, 0.0, 1.0, 0.0, 0.0, 0.0, 0.0, 0.0]","[4, 66, 67, 83, 97, 129, 160, 168, 171, 177, 198, 229]"
one_per_team,0:42,42,one_per_team,0.7255,0.7255,0.7255,1.0,0.7255,0.0,60,True,1451,0,276,273,0,"[0.05, 0.072, 0.0935, 0.12, 0.1505, 0.1845, 0.221, 0.252, 0.2795, 0.308, 0.3315, 0.3505, 0.368, 0.3805, 0.3915, 0.408, 0.426, 0.446, 0.4705, 0.4905, 0.505, 0.524, 0.5445, 0.552, 0.5595, 0.567, 0.5725, 0.577, 0.581, 0.5845, 0.5895, 0.5965, 0.605, 0.612, 0.6185, 0.6275, 0.637, 0.6415, 0.644, 0.6475, 0.6505, 0.654, 0.655, 0.657, 0.661, 0.664, 0.668, 0.672, 0.6765, 0.683, 0.687, 0.6905, 0.6965, 0.7015, 0.707, 0.7095, 0.713, 0.7165, 0.7205, 0.7255, 0.7255, 0.7255, 0.7255, 0.7255, 0.7255, 0.7255, 0.7255, 0.7255, 0.7255, 0.7255, 0.7255, 0.7255, 0.7255, 0.7255, 0.7255, 0.7255, 0.7255, 0.7255, 0.7255, 0.7255, 0.7255, 0.7255, 0.7255, 0.7255, 0.7255, 0.7255, 0.7255, 0.7255, 0.7255, 0.7255, 0.7255, 0.7255, 0.7255, 0.7255, 0.7255, 0.7255, 0.7255, 0.7255, 0.7255, 0.7255, 0.7255]","{""0"": 0.6858, ""1"": 0.8694, ""2"": 0.878, ""3"": 0.6122, ""4"": 0.8696, ""5"": 0.875, ""6"": 0.1492, ""7"": 0.88}","[0.6667, 0.6, 0.8462, 0.9091, 0.875, 1.0, 1.0, 0.0, 0.9167, 0.7692, 0.5, 0.8571, 1.0, 1.0, 1.0, 0.0, 1.0, 0.9091, 1.0, 0.7143, 0.75, 1.0, 1.0, 0.125, 0.6667, 1.0, 0.8571, 0.8333, 0.75, 0.9, 0.7143, 0.1667, 1.0, 0.7, 0.8889, 0.9091, 0.875, 0.7143, 0.5, 0.3333, 0.75, 0.9091, 0.5, 1.0, 0.8333, 0.8, 1.0, 0.1429, 1.0, 0.875, 0.6, 0.8, 0.9091, 0.75, 0.8333, 0.0, 0.7778, 0.8571, 0.8889, 0.8571, 0.0769, 0.875, 0.7143, 0.0, 0.8333, 0.8571, 0.9231, 0.8889, 0.0, 0.8, 1.0, 0.0, 0.8889, 1.0, 1.0, 0.7778, 0.0, 1.0, 1.0, 0.0, 1.0, 0.8, 0.8571, 0.875, 0.1429, 0.7857, 0.8, 0.0, 1.0, 0.7778, 0.8889, 0.6667, 0.0, 0.9091, 0.625, 0.1111, 0.8, 1.0, 1.0, 0.9, 0.0, 0.6667, 0.9, 0.0, 0.875, 1.0, 1.0, 0.75, 0.6667, 0.8571, 0.7, 0.3333, 0.6667, 0.7778, 1.0, 0.875, 0.5, 0.6667, 1.0, 0.6, 1.0, 0.8571, 0.75, 1.0, 0.0, 1.0, 0.8, 0.875, 0.9412, 0.8, 0.7273, 1.0, 0.0, 1.0, 1.0, 0.8889, 0.8889, 1.0, 0.8, 0.5714, 0.7273, 0.7143, 0.75, 1.0, 0.6667, 1.0, 0.9, 1.0, 0.7143, 0.8, 0.75, 0.3333, 1.0, 0.875, 1.0, 0.7273, 0.7778, 1.0, 0.9091, 0.1111, 1.0, 0.7143, 1.0, 0.7143, 1.0, 1.0, 0.8571, 0.1429, 0.875, 0.8333, 1.0, 0.8571, 0.75, 1.0, 1.0, 0.0, 0.8462, 0.7778, 1.0, 1.0, 1.0, 0.8, 0.9167, 0.0, 0.6667, 0.75, 0.75, 1.0, 0.9091, 0.8, 0.8, 0.0, 1.0, 0.8571, 0.8889, 1.0, 0.75, 0.8333, 1.0, 0.0, 1.0, 0.0, 1.0, 1.0, 0.7143, 1.0, 0.8889, 0.0, 0.8, 0.0, 0.8889, 1.0, 0.875, 0.8333, 1.0, 0.0, 1.0, 0.0, 1.0, 1.0, 1.0, 0.8571, 0.875, 0.0, 0.875, 0.1111, 1.0, 0.9091, 0.8333, 1.0, 0.9167, 0.1667, 1.0, 0.0, 0.8, 0.8889, 0.875, 0.8571, 0.8889, 0.0, 0.9, 0.0, 0.8182, 1.0, 1.0, 0.8333, 0.8667, 0.0, 0.9, 0.0]","[1, 3, 4, 6, 11, 14, 17, 18, 19, 21, 23, 26, 27, 31, 33, 39, 41, 44, 45, 46, 47, 48, 50, 51, 52, 58, 59, 61, 64, 66, 67, 72, 77, 78, 81, 82, 83, 86, 89, 90, 91, 95, 96, 97, 98, 104, 106, 107, 111, 113, 114, 115, 118, 122, 123, 125, 126, 128, 129, 131, 135, 137, 140, 145, 147, 148, 149, 151, 154, 155, 157, 160, 161, 162, 164, 165, 166, 167, 168, 169, 171, 172, 173, 177, 178, 179, 180, 181, 188, 198, 216, 219, 220, 221, 222, 227, 229, 232, 240, 243]"
random,0:43,43,random,0.7975,0.7975,0.7975,1.0,0.7975,-0.0,55,True,1595,0,260,145,0,"[0.05, 0.0695, 0.088, 0.1115, 0.138, 0.162, 0.182, 0.2035, 0.2315, 0.2595, 0.286, 0.3125, 0.3365, 0.3605, 0.378, 0.3905, 0.406, 0.418, 0.433, 0.4475, 0.461, 0.479, 0.497, 0.5205, 0.541, 0.5545, 0.5645, 0.574, 0.581, 0.59, 0.6015, 0.619, 0.629, 0.637, 0.648, 0.6555, 0.665, 0.671, 0.678, 0.685, 0.692, 0.7025, 0.712, 0.72, 0.727, 0.7355, 0.7475, 0.762, 0.7695, 0.777, 0.7825, 0.7865, 0.791, 0.7965, 0.7975, 0.7975, 0.7975, 0.7975, 0.7975, 0.7975, 0.7975, 0.7975, 0.7975, 0.7975, 0.7975, 0.7975, 0.7975, 0.7975, 0.7975, 0.7975, 0.7975, 0.7975, 0.7975, 0.7975, 0.7975, 0.7975, 0.7975, 0.7975, 0.7975, 0.7975, 0.7975, 0.7975, 0.7975, 0.7975, 0.7975, 0.7975, 0.7975, 0.7975, 0.7975, 0.7975, 0.7975, 0.7975, 0.7975, 0.7975, 0.7975, 0.7975, 0.7975, 0.7975, 0.7975, 0.7975, 0.7975]","{""0"": 0.6025, ""1"": 0.8863, ""2"": 0.6983, ""3"": 0.8421, ""4"": 0.8372, ""5"": 0.7913, ""6"": 0.815, ""7"": 0.8885}","[0.7778, 1.0, 1.0, 1.0, 1.0, 1.0, 0.6667, 0.8571, 0.875, 0.3333, 0.875, 0.6667, 0.875, 0.6667, 1.0, 1.0, 0.8333, 0.6, 1.0, 1.0, 0.6667, 0.8889, 0.3333, 1.0, 0.8889, 0.875, 0.7143, 1.0, 0.8889, 1.0, 1.0, 1.0, 1.0, 0.8571, 0.8889, 1.0, 0.5, 1.0, 1.0, 0.875, 0.6667, 0.8462, 1.0, 0.875, 0.625, 1.0, 1.0, 1.0, 1.0, 1.0, 0.8571, 0.8, 0.6667, 0.7273, 0.8824, 0.9, 0.9167, 1.0, 0.6667, 0.75, 0.8571, 0.7, 0.75, 0.875, 1.0, 0.75, 0.6667, 0.8333, 1.0, 1.0, 0.8182, 1.0, 1.0, 0.9091, 0.9, 0.8571, 0.8571, 0.6667, 1.0, 0.0, 0.75, 0.75, 1.0, 0.8333, 1.0, 1.0, 0.7143, 0.0, 0.8571, 0.0, 0.9167, 0.8333, 0.7778, 1.0, 0.0, 0.125, 0.8667, 0.0, 1.0, 1.0, 0.8333, 0.8889, 0.0, 1.0, 0.9286, 0.0, 0.7143, 0.8333, 0.7, 0.9, 0.0, 1.0, 1.0, 0.0, 0.8, 0.7, 1.0, 0.8462, 1.0, 0.6667, 0.8333, 0.0, 1.0, 1.0, 0.75, 0.7778, 1.0, 0.875, 0.875, 0.2, 0.3333, 0.6667, 0.8, 0.7, 1.0, 1.0, 0.8889, 0.0, 1.0, 0.8571, 0.9231, 0.8182, 0.7778, 0.875, 1.0, 0.0, 1.0, 0.8333, 0.8889, 0.8889, 1.0, 0.7143, 1.0, 0.0, 0.8571, 0.7778, 0.7273, 0.7778, 0.4, 0.9091, 0.8, 0.0, 1.0, 0.875, 0.8889, 0.8462, 0.75, 1.0, 0.9091, 0.2857, 0.9167, 1.0, 0.875, 0.7143, 1.0, 0.8, 1.0, 0.8, 1.0, 0.9, 0.8889, 1.0, 1.0, 0.9, 0.8, 1.0, 1.0, 0.625, 0.8571, 0.75, 1.0, 0.7778, 1.0, 1.0, 1.0, 0.0, 0.8333, 0.75, 0.7, 0.8333, 0.875, 0.8889, 1.0, 0.0667, 0.9, 0.7143, 1.0, 0.7143, 1.0, 0.8, 0.8889, 0.1667, 0.8, 0.7143, 0.8333, 0.8571, 0.6, 0.9231, 0.8889, 0.0, 1.0, 1.0, 1.0, 0.8889, 0.7273, 1.0, 0.8333, 0.0, 0.6667, 0.8889, 0.875, 1.0, 1.0, 1.0, 0.7143, 0.2857, 0.875, 1.0, 1.0, 0.9091, 1.0, 0.875, 1.0, 1.0, 1.0, 0.8333, 0.6667, 1.0, 0.7143, 1.0]","[2, 8, 13, 16, 25, 29, 30, 33, 36, 38, 41, 42, 49, 51, 54, 61, 63, 76, 83, 85, 86, 88, 90, 92, 95, 100, 104, 108, 109, 114, 115, 119, 124, 125, 126, 129, 132, 133, 136, 138, 139, 147, 148, 152, 157, 158, 164, 167, 168, 170, 176, 180, 181, 188, 192, 193, 194, 199, 200, 201, 204, 205, 207, 208, 211, 214, 217, 218, 221, 226, 230, 231, 233, 236, 238, 239, 243, 244, 245, 246]"
champions,0:43,43,champions,0.7515,0.7515,0.7515,1.0,0.7515,0.0,36,True,1503,0,258,239,0,"[0.05, 0.0935, 0.147, 0.208, 0.271, 0.327, 0.3755, 0.4105, 0.4465, 0.481, 0.5165, 0.5435, 0.5695, 0.593, 0.6115, 0.6265, 0.6435, 0.6575, 0.669, 0.676, 0.681, 0.6885, 0.6955, 0.7035, 0.713, 0.721, 0.729, 0.736, 0.739, 0.7415, 0.743, 0.7455, 0.7465, 0.7485, 0.751, 0.7515, 0.7515, 0.7515, 0.7515, 0.7515, 0.7515, 0.7515, 0.7515, 0.7515, 0.7515, 0.7515, 0.7515, 0.7515, 0.7515, 0.7515, 0.7515, 0.7515, 0.7515, 0.7515, 0.7515, 0.7515, 0.7515, 0.7515, 0.7515, 0.7515, 0.7515, 0.7515, 0.7515, 0.7515, 0.7515, 0.7515, 0.7515, 0.7515, 0.7515, 0.7515, 0.7515, 0.7515, 0.7515, 0.7515, 0.7515, 0.7515, 0.7515, 0.7515, 0.7515, 0.7515, 0.7515, 0.7515, 0.7515, 0.7515, 0.7515, 0.7515, 0.7515, 0.7515, 0.7515, 0.7515, 0.7515, 0.7515, 0.7515, 0.7515, 0.7515, 0.7515, 0.7515, 0.7515, 0.7515, 0.7515, 0.7515]","{""0"": 0.6066, ""1"": 0.8941, ""2"": 0.8719, ""3"": 0.7004, ""4"": 0.8411, ""5"": 0.2609, ""6"": 0.8937, ""7"": 0.8848}","[1.0, 1.0, 1.0, 1.0, 0.0, 1.0, 0.0, 0.8571, 0.875, 0.3333, 0.875, 0.6667, 0.0, 0.6667, 0.3333, 1.0, 0.8333, 0.6, 1.0, 1.0, 0.0, 0.8889, 0.0, 1.0, 0.8889, 0.875, 0.7143, 1.0, 0.1111, 1.0, 0.0, 1.0, 1.0, 0.8571, 0.8889, 1.0, 0.5, 1.0, 1.0, 0.875, 0.6667, 0.8462, 1.0, 0.875, 0.625, 1.0, 1.0, 1.0, 1.0, 1.0, 0.8571, 0.8, 0.6667, 0.7273, 0.9412, 0.9, 0.9167, 1.0, 0.6667, 0.75, 0.8571, 0.7, 0.75, 0.875, 1.0, 0.75, 0.6667, 0.8333, 1.0, 1.0, 0.8182, 1.0, 1.0, 0.9091, 0.9, 0.8571, 0.7143, 0.6667, 1.0, 0.9, 0.75, 0.75, 1.0, 0.8333, 1.0, 0.8333, 0.5714, 0.7143, 0.8571, 0.0, 0.9167, 0.8333, 0.7778, 1.0, 0.0, 0.875, 0.8667, 0.0, 1.0, 1.0, 1.0, 0.8889, 0.0, 1.0, 1.0, 0.0, 0.8571, 0.8333, 0.7, 0.9, 0.0, 1.0, 1.0, 0.0, 0.8, 0.7, 1.0, 0.8462, 0.0, 0.5, 0.8333, 0.0, 1.0, 1.0, 0.75, 0.7778, 0.125, 0.875, 0.875, 0.2, 0.4444, 0.6667, 0.8, 0.7, 0.0, 1.0, 0.8889, 0.0, 1.0, 0.8571, 0.9231, 0.8182, 0.0, 0.875, 1.0, 0.0, 1.0, 0.8333, 0.8889, 0.8889, 0.1818, 0.7143, 1.0, 0.0, 0.8571, 0.7778, 0.7273, 0.7778, 0.0, 0.9091, 0.8, 0.0, 1.0, 0.875, 0.8889, 0.9231, 0.0, 1.0, 0.8182, 0.2857, 1.0, 1.0, 0.875, 0.7143, 0.125, 0.8667, 1.0, 0.8, 1.0, 0.9, 0.8889, 1.0, 0.0, 0.9, 0.8, 1.0, 1.0, 0.625, 1.0, 0.75, 0.0, 0.7778, 0.8889, 1.0, 1.0, 0.75, 0.8333, 0.75, 0.1, 0.8333, 0.875, 0.8889, 1.0, 1.0, 0.9, 0.7143, 0.0, 0.7143, 1.0, 0.8, 0.8889, 1.0, 0.8, 0.7143, 0.0, 0.8571, 0.6, 0.9231, 0.7778, 1.0, 1.0, 1.0, 0.0, 0.8889, 0.7273, 1.0, 0.8333, 1.0, 0.5, 0.8889, 0.0, 1.0, 1.0, 1.0, 0.7143, 0.7143, 0.125, 1.0, 0.0, 0.9091, 1.0, 0.875, 1.0, 1.0, 0.0, 0.8333, 0.0, 1.0, 0.7143, 1.0]","[0, 23, 31, 39, 41, 43, 49, 51, 54, 55, 59, 60, 61, 70, 73, 80, 90, 96, 98, 100, 101, 104, 106, 114, 117, 122, 125, 129, 130, 133, 141, 147, 148, 150, 155, 156, 159, 162, 163, 165, 168, 170, 174, 175, 176, 177, 178, 179, 184, 188, 192, 197, 200, 203, 212, 217, 224, 237, 245, 247]"
cluster,0:43,43,cluster,0.2785,0.2785,0.2785,1.0,0.2785,-0.0,26,True,557,0,256,1187,0,"[0.05, 0.0655, 0.084, 0.104, 0.121, 0.134, 0.143, 0.152, 0.16, 0.167, 0.1795, 0.191, 0.201, 0.212, 0.224, 0.232, 0.238, 0.2425, 0.248, 0.2525, 0.2565, 0.2605, 0.265, 0.2715, 0.2775, 0.2785, 0.2785, 0.2785, 0.2785, 0.2785, 0.2785, 0.2785, 0.2785, 0.2785, 0.2785, 0.2785, 0.2785, 0.2785, 0.2785, 0.2785, 0.2785, 0.2785, 0.2785, 0.2785, 0.2785, 0.2785, 0.2785, 0.2785, 0.2785, 0.2785, 0.2785, 0.2785, 0.2785, 0.2785, 0.2785, 0.2785, 0.2785, 0.2785, 0.2785, 0.2785, 0.2785, 0.2785, 0.2785, 0.2785, 0.2785, 0.2785, 0.2785, 0.2785, 0.2785, 0.2785, 0.2785, 0.2785, 0.2785, 0.2785, 0.2785, 0.2785, 0.2785, 0.2785, 0.2785, 0.2785, 0.2785, 0.2785, 0.2785, 0.2785, 0.2785, 0.2785, 0.2785, 0.2785, 0.2785, 0.2785, 0.2785, 0.2785, 0.2785, 0.2785, 0.2785, 0.2785, 0.2785, 0.2785, 0.2785, 0.2785, 0.2785]","{""0"": 0.0779, ""1"": 0.1176, ""2"": 0.8967, ""3"": 0.6356, ""4"": 0.2364, ""5"": 0.0043, ""6"": 0.0079, ""7"": 0.2565}","[0.4444, 0.0, 0.0, 1.0, 0.0, 1.0, 0.0, 0.0, 0.0, 0.0, 0.0, 0.6667, 0.0, 0.6667, 0.0, 0.0, 0.8333, 0.0, 0.0, 1.0, 0.0, 1.0, 0.0, 0.0, 0.8889, 0.0, 0.0, 1.0, 0.0, 1.0, 0.0, 0.0, 1.0, 0.0, 0.0, 1.0, 0.5, 1.0, 0.0, 0.0, 0.6667, 0.0, 1.0, 0.875, 0.625, 1.0, 0.0, 0.0, 1.0, 0.0, 0.8571, 0.8, 0.6667, 0.7273, 0.0, 0.0, 1.0, 0.0, 0.6667, 0.75, 1.0, 0.7, 0.0, 0.0, 1.0, 1.0, 0.1667, 0.8333, 1.0, 1.0, 0.0, 0.0, 1.0, 0.0909, 0.0, 1.0, 0.7143, 0.2222, 0.0, 0.0, 0.75, 0.0, 0.0, 0.8333, 1.0, 0.1667, 0.0, 0.0, 0.0, 0.0, 0.0, 0.8333, 1.0, 0.0, 0.0, 0.0, 0.0, 0.0, 0.0, 1.0, 0.8333, 0.0, 0.0, 0.0, 0.0, 1.0, 0.0, 0.8333, 0.7, 0.1, 0.0, 0.0, 0.0, 1.0, 0.0, 0.7, 1.0, 0.0, 0.0, 0.0, 0.3333, 0.1111, 0.0, 1.0, 1.0, 0.0, 0.0, 0.0, 0.0, 0.0, 0.0, 1.0, 0.8, 0.0, 0.0, 0.1429, 0.0, 0.0, 0.0, 0.8571, 0.9231, 0.0, 0.0, 0.0, 0.0, 0.0, 0.0, 0.8333, 0.8889, 0.0, 0.0909, 0.0, 0.0, 0.0, 0.0, 0.7778, 0.7273, 0.0, 0.0, 0.0, 0.0, 0.0, 0.0, 0.875, 0.8889, 0.0769, 0.0, 0.0, 0.1818, 0.0, 0.0833, 1.0, 0.875, 0.0, 0.0, 0.0, 0.0, 0.0, 1.0, 0.9, 0.8889, 0.0, 0.0, 0.0, 0.0, 0.0, 0.1429, 1.0, 1.0, 0.0, 0.0, 0.0, 0.0, 0.0, 0.0, 0.75, 0.8333, 0.0, 0.0, 0.0, 0.0, 0.0, 0.0, 1.0, 0.9, 0.0, 0.0, 0.0, 0.0, 0.0, 0.0, 1.0, 0.0, 0.0, 0.0, 0.0, 0.0, 0.0, 0.0, 1.0, 0.1429, 0.0, 0.0, 0.0, 0.0, 0.0, 0.0, 1.0, 0.0, 0.0, 0.0, 0.0, 0.0, 0.0, 0.0, 0.7143, 0.0, 0.0, 0.0, 0.0909, 0.0, 0.0, 0.0, 1.0, 0.0, 0.0, 0.0, 0.0, 0.0, 0.0]","[21, 42, 56, 60, 65, 75, 92, 105, 124, 131, 178, 187, 188]"
one_per_team,0:43,43,one_per_team,0.667,0.667,0.667,1.0,0.667,0.0,69,True,1334,0,257,409,0,"[0.05, 0.064, 0.071, 0.0795, 0.092, 0.107, 0.118, 0.1295, 0.146, 0.1665, 0.187, 0.2055, 0.219, 0.23, 0.2365, 0.244, 0.257, 0.2685, 0.278, 0.29, 0.305, 0.318, 0.331, 0.345, 0.355, 0.366, 0.3815, 0.4, 0.4145, 0.425, 0.4345, 0.4435, 0.4585, 0.467, 0.477, 0.4905, 0.5015, 0.5095, 0.5185, 0.5245, 0.535, 0.542, 0.55, 0.558, 0.5655, 0.576, 0.5825, 0.589, 0.5915, 0.5935, 0.5965, 0.597, 0.598, 0.6005, 0.605, 0.6065, 0.609, 0.614, 0.6215, 0.6255, 0.632, 0.6385, 0.646, 0.653, 0.655, 0.658, 0.664, 0.666, 0.667, 0.667, 0.667, 0.667, 0.667, 0.667, 0.667, 0.667, 0.667, 0.667, 0.667, 0.667, 0.667, 0.667, 0.667, 0.667, 0.667, 0.667, 0.667, 0.667, 0.667, 0.667, 0.667, 0.667, 0.667, 0.667, 0.667, 0.667, 0.667, 0.667, 0.667, 0.667, 0.667]","{""0"": 0.6926, ""1"": 0.0588, ""2"": 0.8843, ""3"": 0.8543, ""4"": 0.4767, ""5"": 0.8565, ""6"": 0.8976, ""7"": 0.6543}","[0.6667, 1.0, 0.3333, 1.0, 1.0, 1.0, 0.6667, 0.8571, 1.0, 0.3333, 0.0, 0.6667, 0.875, 0.6667, 1.0, 1.0, 0.0, 0.6, 0.0, 1.0, 0.6667, 0.8889, 0.6667, 1.0, 0.0, 0.875, 0.1429, 1.0, 1.0, 1.0, 0.8889, 1.0, 0.0, 0.8571, 0.0, 1.0, 0.75, 1.0, 1.0, 0.875, 0.0, 0.8462, 0.125, 0.875, 0.625, 1.0, 1.0, 1.0, 0.2, 1.0, 0.2857, 0.8, 0.6667, 0.7273, 0.8824, 0.9, 0.0833, 1.0, 0.3333, 0.75, 0.8571, 0.7, 0.75, 0.875, 0.0, 0.75, 0.1667, 0.8333, 1.0, 1.0, 0.8182, 1.0, 0.0, 0.9091, 0.0, 0.8571, 0.7143, 0.2222, 1.0, 0.9, 0.125, 0.75, 0.0, 0.8333, 1.0, 0.1667, 0.5714, 0.7143, 0.4286, 0.0, 0.0833, 0.8333, 0.7778, 0.0, 0.7143, 0.875, 0.8667, 0.0, 0.0, 1.0, 0.8333, 0.0, 0.75, 1.0, 0.9286, 0.1667, 0.1429, 0.8333, 0.8, 0.1, 0.9091, 1.0, 1.0, 0.0, 0.1, 0.8, 1.0, 0.0, 1.0, 0.6667, 0.8333, 0.1111, 0.0, 1.0, 0.75, 0.0, 1.0, 0.875, 0.875, 0.0, 0.0, 0.8333, 0.8, 0.1, 1.0, 1.0, 0.8889, 0.1429, 0.0, 1.0, 0.9231, 0.0, 0.7778, 0.875, 1.0, 1.0, 0.0, 0.8333, 0.8889, 0.1111, 1.0, 0.7143, 1.0, 1.0, 0.1429, 0.7778, 0.8182, 0.0, 0.4, 0.9091, 0.8, 0.8, 0.0, 0.875, 0.8889, 0.0769, 0.75, 1.0, 0.8182, 0.8571, 0.0, 1.0, 0.875, 0.0, 1.0, 0.8, 1.0, 0.8, 0.1111, 0.9, 0.8889, 1.0, 1.0, 0.9, 0.8, 1.0, 0.0, 0.625, 0.8571, 0.75, 1.0, 0.7778, 0.8889, 1.0, 0.0, 0.75, 0.8333, 0.75, 0.7, 0.8333, 0.875, 0.8889, 0.0, 1.0, 0.9, 0.7143, 1.0, 0.7143, 1.0, 0.8, 0.1111, 1.0, 0.8, 0.8571, 0.8333, 0.8571, 0.7, 0.9231, 0.0, 1.0, 1.0, 1.0, 1.0, 1.0, 0.7273, 1.0, 0.0, 1.0, 0.6667, 0.8889, 0.75, 1.0, 1.0, 1.0, 0.0, 0.7143, 0.875, 1.0, 0.8333, 0.9091, 1.0, 0.875, 0.0, 1.0, 1.0, 0.8333, 0.6667, 1.0, 0.7143, 1.0]","[2, 5, 6, 8, 11, 13, 14, 20, 21, 22, 26, 28, 30, 31, 38, 42, 46, 49, 50, 52, 53, 54, 56, 58, 60, 63, 65, 66, 69, 70, 73, 75, 77, 79, 81, 83, 86, 90, 92, 105, 106, 108, 110, 112, 115, 119, 121, 124, 128, 131, 133, 134, 139, 145, 147, 149, 150, 152, 154, 156, 159, 161, 163, 164, 166, 167, 171, 174, 177, 178, 181, 182, 183, 185, 187, 188, 189, 190, 191, 196, 198, 203, 206, 208, 210, 211, 213, 215, 216, 219, 220, 221, 223, 225, 227, 230, 236, 237, 238, 247]"
random,0:44,44,random,0.5235,0.5235,0.5235,1.0,0.5235,-0.0,43,True,1047,0,301,652,0,"[0.05, 0.0695, 0.0855, 0.105, 0.125, 0.1415, 0.158, 0.173, 0.186, 0.1995, 0.2155, 0.2305, 0.241, 0.2485, 0.2555, 0.2635, 0.2745, 0.285, 0.2975, 0.3135, 0.3305, 0.347, 0.3595, 0.374, 0.385, 0.401, 0.418, 0.429, 0.4425, 0.456, 0.4635, 0.4725, 0.4815, 0.488, 0.4945, 0.5, 0.5045, 0.508, 0.5115, 0.5145, 0.5185, 0.5225, 0.5235, 0.5235, 0.5235, 0.5235, 0.5235, 0.5235, 0.5235, 0.5235, 0.5235, 0.5235, 0.5235, 0.5235, 0.5235, 0.5235, 0.5235, 0.5235, 0.5235, 0.5235, 0.5235, 0.5235, 0.5235, 0.5235, 0.5235, 0.5235, 0.5235, 0.5235, 0.5235, 0.5235, 0.5235, 0.5235, 0.5235, 0.5235, 0.5235, 0.5235, 0.5235, 0.5235, 0.5235, 0.5235, 0.5235, 0.5235, 0.5235, 0.5235, 0.5235, 0.5235, 0.5235, 0.5235, 0.5235, 0.5235, 0.5235, 0.5235, 0.5235, 0.5235, 0.5235, 0.5235, 0.5235, 0.5235, 0.5235, 0.5235, 0.5235]","{""0"": 0.7192, ""1"": 0.4263, ""2"": 0.644, ""3"": 0.2554, ""4"": 0.5859, ""5"": 0.2213, ""6"": 0.8577, ""7"": 0.4056}","[0.7778, 0.875, 0.875, 0.7692, 0.3077, 0.7, 0.0, 0.6667, 0.8333, 1.0, 1.0, 0.9, 0.0, 0.3636, 0.0833, 1.0, 0.8571, 0.9091, 1.0, 0.8571, 0.0, 0.0, 0.2222, 0.8889, 0.7857, 0.625, 0.875, 0.7273, 0.0, 0.0909, 0.0, 0.9231, 0.8333, 0.7, 0.0, 0.75, 0.1429, 0.1, 0.2, 0.9167, 0.0, 0.8, 0.1111, 0.875, 0.4, 0.0, 0.0, 0.625, 0.0, 0.875, 0.0, 0.5, 0.1667, 0.0, 0.2222, 0.7778, 0.3333, 0.8182, 0.2857, 0.1, 0.0, 0.0, 0.0, 0.9286, 0.125, 0.625, 0.0, 0.0, 0.0, 0.0, 0.125, 0.7143, 0.1667, 0.8333, 0.0, 0.0, 0.0, 0.0, 0.125, 0.8182, 0.5, 1.0, 0.1111, 0.0, 0.0, 0.5714, 0.1111, 0.8571, 0.1429, 0.9167, 0.1, 0.0, 0.0, 1.0, 0.1, 0.8333, 0.5, 0.7273, 0.0, 0.2857, 0.0, 1.0, 0.0, 0.8, 0.0, 1.0, 0.1111, 0.0, 0.2, 1.0, 0.0, 1.0, 0.0, 0.0, 0.0, 0.8, 0.0, 0.875, 0.0, 0.8182, 0.0, 0.0, 0.0, 0.8889, 0.0, 1.0, 0.125, 0.9091, 0.0, 0.0, 0.0, 1.0, 0.0, 0.8571, 0.0, 0.8, 0.0, 0.2, 0.0, 0.8333, 0.0, 0.9, 0.125, 0.8571, 0.0, 0.0, 0.0, 0.7778, 0.7778, 1.0, 0.2, 1.0, 0.5714, 0.1, 0.1429, 0.8333, 1.0, 0.8571, 0.0, 1.0, 0.8889, 0.8, 0.0, 1.0, 1.0, 0.75, 0.0, 1.0, 0.6667, 0.6667, 0.8571, 1.0, 1.0, 0.7143, 0.1667, 1.0, 0.8333, 1.0, 1.0, 0.8571, 1.0, 0.9, 0.2857, 0.8889, 0.8571, 0.8571, 1.0, 0.8571, 0.7778, 0.75, 0.125, 0.9, 1.0, 0.6667, 0.8571, 1.0, 0.7143, 1.0, 0.0, 0.7143, 0.875, 0.6, 0.625, 0.75, 1.0, 0.8333, 0.6, 0.75, 0.875, 0.8571, 0.8333, 1.0, 0.0, 0.9091, 0.8571, 0.875, 0.8, 1.0, 0.7778, 0.4286, 0.125, 0.7143, 1.0, 0.6667, 0.0, 0.875, 0.6667, 1.0, 0.1667, 0.8889, 0.6667, 0.8571, 0.0, 0.9, 0.9286, 0.7143, 0.0714, 0.8, 1.0, 1.0, 0.25, 0.9167, 0.8333, 0.6667, 0.0, 0.75, 1.0, 0.7778, 0.8, 1.0]","[0, 2, 4, 5, 7, 13, 14, 15, 16, 18, 24, 25, 27, 29, 31, 32, 36, 37, 38, 39, 43, 44, 52, 54, 55, 56, 58, 59, 63, 70, 73, 78, 82, 88, 89, 93, 94, 95, 97, 99, 101, 106, 109, 115, 126, 131, 137, 142, 148, 149, 150, 152, 154, 156, 165, 169, 171, 173, 175, 178, 179, 183, 185, 190, 193, 194, 199, 202, 207, 208, 209, 217, 218, 220, 228, 230, 231, 233, 234, 245, 246, 248]"
champions,0:44,44,champions,0.6085,0.6085,0.6085,1.0,0.6085,0.0,37,True,1217,0,302,481,0,"[0.05, 0.1005, 0.1505, 0.1825, 0.211, 0.2355, 0.255, 0.274, 0.2955, 0.3175, 0.3465, 0.371, 0.389, 0.406, 0.42, 0.43, 0.4435, 0.4555, 0.4695, 0.4815, 0.4925, 0.501, 0.5155, 0.5295, 0.538, 0.546, 0.552, 0.559, 0.563, 0.5685, 0.5755, 0.5825, 0.5935, 0.6, 0.6035, 0.6075, 0.6085, 0.6085, 0.6085, 0.6085, 0.6085, 0.6085, 0.6085, 0.6085, 0.6085, 0.6085, 0.6085, 0.6085, 0.6085, 0.6085, 0.6085, 0.6085, 0.6085, 0.6085, 0.6085, 0.6085, 0.6085, 0.6085, 0.6085, 0.6085, 0.6085, 0.6085, 0.6085, 0.6085, 0.6085, 0.6085, 0.6085, 0.6085, 0.6085, 0.6085, 0.6085, 0.6085, 0.6085, 0.6085, 0.6085, 0.6085, 0.6085, 0.6085, 0.6085, 0.6085, 0.6085, 0.6085, 0.6085, 0.6085, 0.6085, 0.6085, 0.6085, 0.6085, 0.6085, 0.6085, 0.6085, 0.6085, 0.6085, 0.6085, 0.6085, 0.6085, 0.6085, 0.6085, 0.6085, 0.6085, 0.6085]","{""0"": 0.5962, ""1"": 0.51, ""2"": 0.644, ""3"": 0.3074, ""4"": 0.8555, ""5"": 0.2894, ""6"": 0.8577, ""7"": 0.743}","[1.0, 0.875, 0.875, 0.7692, 0.9231, 0.9, 0.0, 0.6667, 0.8333, 1.0, 1.0, 1.0, 0.7778, 0.7273, 0.0833, 1.0, 0.8571, 0.9091, 1.0, 0.8571, 0.8333, 0.8333, 0.1111, 0.8889, 0.7857, 0.625, 0.875, 0.7273, 0.625, 0.9091, 0.0, 1.0, 1.0, 0.7, 1.0, 0.75, 0.8571, 0.8, 0.0, 0.9167, 1.0, 0.9, 0.7778, 0.875, 0.1, 0.75, 0.125, 0.625, 0.8571, 0.875, 1.0, 0.5, 0.0, 0.7143, 0.0, 0.7778, 0.6667, 0.8182, 0.8571, 0.0, 0.0, 0.8571, 0.0, 0.9286, 1.0, 0.625, 0.8571, 0.1111, 0.0, 0.9167, 0.0, 0.7143, 0.8333, 0.5, 0.75, 0.0, 0.0, 1.0, 0.0, 0.8182, 0.75, 0.0, 0.8889, 0.0, 0.0, 0.5714, 0.0, 0.8571, 0.8571, 0.0833, 0.8, 0.0, 0.0, 1.0, 0.0, 0.8333, 1.0, 0.0909, 1.0, 0.2857, 0.0, 1.0, 0.0, 0.8, 1.0, 0.25, 0.0, 0.0, 0.2, 1.0, 0.0, 1.0, 1.0, 0.0, 0.0, 0.8, 0.0, 0.875, 0.0, 0.8182, 0.6667, 0.0, 0.1111, 0.8889, 0.0, 1.0, 0.0, 0.9091, 0.7143, 0.1667, 0.0, 1.0, 0.0, 0.8571, 0.0, 0.8, 0.5, 0.0, 0.125, 0.8333, 0.0, 0.9, 0.0, 0.8571, 0.8571, 0.0, 0.0, 0.7778, 0.0, 1.0, 0.0, 1.0, 0.4286, 0.1, 0.0, 0.8333, 0.0, 0.8571, 0.0, 1.0, 0.8889, 0.8, 0.0, 1.0, 0.0, 0.75, 0.875, 1.0, 0.6667, 0.6667, 0.0, 1.0, 0.0, 0.7143, 0.8333, 1.0, 0.8333, 1.0, 0.1111, 0.7143, 0.0, 0.9, 0.7143, 0.8889, 0.8571, 0.8571, 0.0, 0.8571, 0.0, 0.75, 0.875, 0.9, 1.0, 0.6667, 0.2857, 1.0, 0.0, 1.0, 0.8333, 0.7143, 0.875, 0.6, 0.5, 0.75, 0.0, 0.8333, 0.8, 0.625, 0.875, 0.7143, 0.0, 1.0, 0.1429, 0.9091, 0.8571, 0.875, 0.8, 1.0, 0.1111, 0.4286, 0.75, 0.7143, 1.0, 0.6667, 0.0, 0.875, 0.6667, 1.0, 0.8333, 0.8889, 0.6667, 0.8571, 0.0, 0.9, 0.8571, 0.7143, 1.0, 0.8, 1.0, 1.0, 0.25, 0.9167, 0.8333, 0.6667, 0.875, 0.75, 1.0, 0.7778, 0.6, 1.0]","[0, 3, 4, 5, 11, 13, 14, 16, 21, 22, 24, 27, 29, 31, 32, 37, 39, 40, 41, 44, 46, 48, 49, 55, 56, 63, 69, 77, 79, 89, 96, 97, 111, 125, 138, 171, 175, 178, 198, 199, 208, 213, 217, 218, 234, 236, 242, 243, 244]"
cluster,0:44,44,cluster,0.454,0.454,0.454,1.0,0.454,0.0,28,True,908,0,301,791,0,"[0.05, 0.0705, 0.0915, 0.1195, 0.141, 0.156, 0.1685, 0.186, 0.2035, 0.2215, 0.237, 0.2565, 0.273, 0.289, 0.305, 0.3255, 0.347, 0.3615, 0.3735, 0.3845, 0.4, 0.4145, 0.428, 0.438, 0.443, 0.4485, 0.453, 0.454, 0.454, 0.454, 0.454, 0.454, 0.454, 0.454, 0.454, 0.454, 0.454, 0.454, 0.454, 0.454, 0.454, 0.454, 0.454, 0.454, 0.454, 0.454, 0.454, 0.454, 0.454, 0.454, 0.454, 0.454, 0.454, 0.454, 0.454, 0.454, 0.454, 0.454, 0.454, 0.454, 0.454, 0.454, 0.454, 0.454, 0.454, 0.454, 0.454, 0.454, 0.454, 0.454, 0.454, 0.454, 0.454, 0.454, 0.454, 0.454, 0.454, 0.454, 0.454, 0.454, 0.454, 0.454, 0.454, 0.454, 0.454, 0.454, 0.454, 0.454, 0.454, 0.454, 0.454, 0.454, 0.454, 0.454, 0.454, 0.454, 0.454, 0.454, 0.454, 0.454, 0.454]","{""0"": 0.85, ""1"": 0.761, ""2"": 0.016, ""3"": 0.4242, ""4"": 0.6953, ""5"": 0.017, ""6"": 0.3708, ""7"": 0.4498}","[0.7778, 0.875, 0.875, 0.0, 0.0, 0.8, 0.0, 0.6667, 0.8333, 1.0, 1.0, 0.4, 0.1111, 0.5455, 0.0, 1.0, 0.7143, 0.9091, 1.0, 0.0, 0.1667, 1.0, 0.1111, 0.8889, 0.0, 0.625, 0.875, 0.0, 0.0, 0.9091, 0.0, 0.9231, 0.0, 0.7, 1.0, 0.0, 0.0, 0.7, 0.0, 1.0, 0.0, 0.8, 0.7778, 0.0, 0.0, 0.75, 0.0, 0.625, 0.0, 0.875, 1.0, 0.0, 0.0, 1.0, 0.0, 0.7778, 0.0, 0.8182, 0.8571, 0.0, 0.0, 0.8571, 0.0, 0.9286, 0.0, 1.0, 1.0, 0.0, 0.0, 0.9167, 0.0, 0.7143, 0.0, 0.8333, 0.75, 0.0, 0.1429, 1.0, 0.0, 0.0, 0.0, 1.0, 0.8889, 0.0, 0.8571, 0.5714, 0.0, 0.1429, 0.0, 0.8333, 0.8, 0.0, 1.0, 1.0, 0.0, 0.0, 0.5, 0.7273, 1.0, 0.0, 1.0, 1.0, 0.0, 0.0, 0.0, 1.0, 0.6667, 0.0, 0.8, 1.0, 0.0, 0.0, 0.0, 0.75, 0.6667, 0.0, 1.0, 0.875, 0.0, 0.0, 0.0, 0.8333, 0.8889, 0.0, 1.0, 1.0, 0.0, 0.0, 1.0, 1.0, 1.0, 0.0, 0.8, 0.8571, 0.0, 0.0, 0.5, 1.0, 0.75, 0.0, 1.0, 0.1, 0.0, 0.0, 0.8571, 0.8, 1.0, 0.0, 0.7778, 0.0, 0.0, 0.0, 0.4286, 0.9, 1.0, 0.0, 1.0, 0.0, 0.0, 0.0, 0.8889, 0.8, 0.9091, 0.0, 1.0, 0.25, 0.0, 0.0, 0.6667, 0.6667, 0.8571, 0.0, 1.0, 0.0, 0.1667, 0.0, 0.8333, 1.0, 1.0, 0.0, 1.0, 0.0, 0.2857, 0.0, 0.8571, 0.8571, 1.0, 0.0, 0.7778, 0.5, 0.0, 0.0, 1.0, 0.6667, 0.8571, 0.0, 0.7143, 1.0, 0.0, 0.0, 0.875, 0.6, 0.625, 0.0, 1.0, 0.8333, 0.0, 0.0, 0.875, 0.7143, 0.5, 0.0, 0.0, 0.9091, 0.0, 0.125, 0.8, 1.0, 0.0, 0.0, 0.125, 0.7143, 0.0, 0.6667, 0.7273, 0.875, 0.0, 0.0, 0.0, 0.8889, 0.0, 0.8571, 1.0, 0.9, 0.0, 0.0, 0.0, 0.8, 0.0, 1.0, 0.75, 0.9167, 0.8333, 0.0, 0.0, 0.75, 0.0, 0.7778, 0.6, 1.0]","[21, 39, 53, 65, 66, 116, 124, 128, 153, 154, 156, 217, 232]"
one_per_team,0:44,44,one_per_team,0.6335,0.6335,0.6335,1.0,0.6335,0.0,26,True,1267,0,297,436,0,"[0.05, 0.0715, 0.0945, 0.122, 0.159, 0.193, 0.221, 0.2515, 0.2865, 0.3205, 0.355, 0.389, 0.425, 0.4665, 0.497, 0.5245, 0.548, 0.568, 0.5905, 0.604, 0.61, 0.616, 0.6215, 0.6275, 0.6315, 0.6335, 0.6335, 0.6335, 0.6335, 0.6335, 0.6335, 0.6335, 0.6335, 0.6335, 0.6335, 0.6335, 0.6335, 0.6335, 0.6335, 0.6335, 0.6335, 0.6335, 0.6335, 0.6335, 0.6335, 0.6335, 0.6335, 0.6335, 0.6335, 0.6335, 0.6335, 0.6335, 0.6335, 0.6335, 0.6335, 0.6335, 0.6335, 0.6335, 0.6335, 0.6335, 0.6335, 0.6335, 0.6335, 0.6335, 0.6335, 0.6335, 0.6335, 0.6335, 0.6335, 0.6335, 0.6335, 0.6335, 0.6335, 0.6335, 0.6335, 0.6335, 0.6335, 0.6335, 0.6335, 0.6335, 0.6335, 0.6335, 0.6335, 0.6335, 0.6335, 0.6335, 0.6335, 0.6335, 0.6335, 0.6335, 0.6335, 0.6335, 0.6335, 0.6335, 0.6335, 0.6335, 0.6335, 0.6335, 0.6335, 0.6335, 0.6335]","{""0"": 0.8423, ""1"": 0.4502, ""2"": 0.656, ""3"": 0.8701, ""4"": 0.582, ""5"": 0.3191, ""6"": 0.5019, ""7"": 0.8474}","[0.8889, 0.875, 0.0, 0.7692, 0.8462, 0.0, 0.0, 0.0, 0.8333, 1.0, 0.0, 0.9, 0.7778, 0.0909, 0.0833, 0.0, 0.8571, 0.9091, 0.0, 0.8571, 0.8333, 0.0833, 0.2222, 0.0, 0.7857, 0.625, 0.0, 0.7273, 0.625, 0.0, 0.125, 0.0, 0.8333, 0.7, 0.0, 0.75, 0.8571, 0.0, 0.0, 0.0833, 1.0, 0.8, 0.1111, 0.875, 0.9, 0.0, 0.125, 0.25, 0.8571, 0.875, 0.0, 0.625, 0.8333, 0.7143, 0.0, 0.7778, 0.6667, 0.8182, 0.0, 0.0, 1.0, 0.8571, 0.0, 0.9286, 1.0, 0.625, 0.1429, 0.2222, 1.0, 0.9167, 0.125, 0.7143, 1.0, 0.8333, 0.0, 0.1429, 0.7143, 1.0, 0.125, 0.9091, 0.75, 1.0, 0.8889, 0.0, 0.8571, 0.7143, 0.1111, 0.8571, 1.0, 0.8333, 0.8, 0.0, 1.0, 1.0, 0.0, 1.0, 1.0, 0.7273, 1.0, 0.2857, 1.0, 1.0, 0.0, 0.8, 1.0, 1.0, 0.6667, 0.0, 0.8, 1.0, 0.0, 1.0, 1.0, 0.75, 0.6667, 0.8, 1.0, 0.875, 0.0, 0.8182, 0.6667, 0.8333, 0.8889, 0.8889, 0.75, 1.0, 0.0, 0.9091, 0.7143, 1.0, 1.0, 1.0, 0.8, 0.8571, 0.1429, 0.8, 0.6667, 1.0, 0.75, 0.8333, 1.0, 0.9, 0.0, 0.8571, 1.0, 0.8, 1.0, 0.7778, 0.8889, 1.0, 0.0, 1.0, 0.5714, 0.9, 0.8571, 0.8333, 1.0, 0.8571, 0.2, 1.0, 0.8889, 0.8, 0.9091, 1.0, 1.0, 0.75, 0.875, 1.0, 0.6667, 0.6667, 0.8571, 1.0, 1.0, 0.1429, 0.8333, 0.8889, 0.8333, 1.0, 1.0, 0.7143, 1.0, 0.1, 0.7143, 0.1111, 0.8571, 0.8571, 1.0, 0.8571, 0.8889, 0.5, 0.875, 0.0, 1.0, 0.6667, 0.8571, 1.0, 0.7143, 1.0, 0.8333, 0.0, 0.875, 0.8, 0.625, 0.75, 1.0, 0.8333, 0.8, 0.0, 0.875, 0.7143, 0.5, 1.0, 0.5714, 0.9091, 1.0, 0.375, 0.8, 1.0, 0.0, 0.4286, 0.75, 0.7143, 1.0, 0.1667, 0.7273, 0.875, 0.0, 1.0, 0.8333, 0.8889, 0.6667, 0.1429, 1.0, 0.9, 0.0, 0.7143, 1.0, 0.8, 1.0, 0.0, 0.75, 0.9167, 0.0, 0.75, 0.75, 0.0, 1.0, 0.0, 0.6, 1.0]","[3, 11, 13, 14, 16, 17, 19, 21, 24, 30, 39, 40, 44, 46, 48, 51, 53, 57, 60, 64, 65, 66, 67, 68, 69, 70, 72, 76, 78, 79, 80, 81, 85, 88, 90, 93, 95, 97, 99, 100, 101, 103, 104, 105, 111, 112, 116, 123, 124, 125, 128, 130, 134, 137, 144, 145, 146, 148, 152, 153, 154, 155, 156, 158, 159, 160, 163, 170, 172, 177, 178, 186, 187, 188, 192, 195, 196, 197, 198, 200, 201, 203, 205, 208, 209, 213, 214, 215, 217, 221, 223, 228, 232, 235, 236, 238, 243, 244, 246, 248]"
random,0:45,45,random,0.8355,0.8355,0.8355,1.0,0.8355,0.0,51,True,1671,0,278,51,0,"[0.05, 0.0695, 0.0895, 0.11, 0.1315, 0.154, 0.18, 0.2045, 0.2235, 0.239, 0.26, 0.2855, 0.314, 0.3425, 0.37, 0.3925, 0.409, 0.429, 0.445, 0.458, 0.471, 0.4845, 0.507, 0.5315, 0.554, 0.5715, 0.59, 0.612, 0.629, 0.6465, 0.6565, 0.6695, 0.689, 0.706, 0.725, 0.747, 0.7645, 0.7795, 0.796, 0.8035, 0.81, 0.8155, 0.818, 0.8225, 0.8275, 0.8295, 0.8305, 0.831, 0.832, 0.8345, 0.8355, 0.8355, 0.8355, 0.8355, 0.8355, 0.8355, 0.8355, 0.8355, 0.8355, 0.8355, 0.8355, 0.8355, 0.8355, 0.8355, 0.8355, 0.8355, 0.8355, 0.8355, 0.8355, 0.8355, 0.8355, 0.8355, 0.8355, 0.8355, 0.8355, 0.8355, 0.8355, 0.8355, 0.8355, 0.8355, 0.8355, 0.8355, 0.8355, 0.8355, 0.8355, 0.8355, 0.8355, 0.8355, 0.8355, 0.8355, 0.8355, 0.8355, 0.8355, 0.8355, 0.8355, 0.8355, 0.8355, 0.8355, 0.8355, 0.8355, 0.8355]","{""0"": 0.876, ""1"": 0.8682, ""2"": 0.8645, ""3"": 0.6289, ""4"": 0.8361, ""5"": 0.8638, ""6"": 0.8819, ""7"": 0.8699}","[1.0, 1.0, 1.0, 0.8571, 1.0, 0.875, 0.9231, 1.0, 0.8, 0.9286, 0.8, 0.8571, 0.75, 1.0, 1.0, 0.9, 0.8, 0.9, 0.7143, 0.875, 1.0, 0.8, 0.8, 0.8333, 0.9091, 0.6364, 1.0, 1.0, 0.875, 0.875, 1.0, 0.8571, 0.6667, 0.7778, 0.875, 1.0, 0.9333, 1.0, 0.875, 0.8571, 0.875, 1.0, 0.5714, 0.875, 1.0, 1.0, 0.9, 1.0, 1.0, 0.6667, 1.0, 0.75, 0.75, 0.8571, 1.0, 1.0, 0.8571, 0.7778, 0.8, 1.0, 0.5, 0.7143, 0.8571, 0.7, 0.875, 1.0, 0.8333, 0.7778, 1.0, 0.875, 0.8889, 1.0, 1.0, 0.4, 1.0, 1.0, 0.75, 0.8333, 0.8889, 0.75, 0.8333, 0.9167, 0.8571, 1.0, 0.6667, 0.7778, 0.9, 0.8889, 1.0, 1.0, 0.7778, 0.75, 0.8571, 0.8571, 0.8, 1.0, 0.8571, 1.0, 0.8889, 0.875, 0.8182, 1.0, 1.0, 1.0, 0.6667, 1.0, 0.75, 0.7143, 1.0, 0.7, 0.8462, 1.0, 0.8571, 1.0, 1.0, 0.8182, 0.75, 0.6667, 1.0, 0.8, 1.0, 0.8333, 1.0, 0.875, 1.0, 0.7778, 0.8571, 0.8, 1.0, 1.0, 0.75, 0.8889, 1.0, 0.5714, 0.8571, 0.5455, 0.8571, 0.8571, 0.8889, 0.7143, 0.8, 0.5714, 0.9091, 1.0, 1.0, 0.8, 0.9, 0.7, 0.7143, 1.0, 0.75, 1.0, 0.8571, 0.75, 0.625, 0.875, 0.6667, 0.5714, 0.8889, 0.6667, 0.75, 0.6667, 0.8571, 1.0, 0.75, 1.0, 0.7143, 0.8, 1.0, 1.0, 0.8333, 0.8, 0.7, 0.75, 0.7778, 0.8889, 0.9, 1.0, 1.0, 1.0, 0.6667, 0.8333, 0.6667, 0.9, 0.7778, 0.8333, 1.0, 0.7778, 0.0714, 0.75, 0.8889, 1.0, 1.0, 1.0, 0.8571, 0.6, 0.0, 0.8889, 0.6667, 1.0, 1.0, 1.0, 0.8, 0.8889, 0.0, 0.7, 0.4, 1.0, 1.0, 0.9091, 1.0, 0.8571, 0.0, 0.8889, 0.9, 0.5714, 0.75, 1.0, 1.0, 1.0, 0.0, 0.7143, 0.7143, 1.0, 0.8333, 0.8, 0.75, 0.6667, 0.0833, 1.0, 0.9, 1.0, 0.875, 1.0, 0.9091, 1.0, 0.75, 1.0, 0.9, 1.0, 0.6364, 0.9091, 0.875, 1.0, 0.75, 1.0, 1.0, 0.9, 1.0, 0.625]","[2, 3, 5, 6, 8, 10, 13, 18, 24, 25, 29, 30, 33, 36, 39, 40, 41, 42, 45, 52, 53, 54, 56, 62, 63, 66, 67, 69, 74, 80, 83, 86, 87, 96, 100, 104, 110, 111, 114, 115, 117, 118, 121, 130, 134, 137, 141, 149, 155, 157, 159, 162, 163, 165, 168, 171, 174, 175, 181, 183, 190, 192, 193, 195, 198, 199, 202, 205, 213, 215, 218, 219, 223, 226, 227, 233, 238, 239, 246]"
champions,0:45,45,champions,0.8535,0.8535,0.8535,1.0,0.8535,0.0,35,True,1707,0,275,18,0,"[0.05, 0.091, 0.143, 0.1935, 0.2515, 0.309, 0.366, 0.4225, 0.475, 0.5185, 0.5595, 0.5945, 0.621, 0.651, 0.6735, 0.696, 0.7215, 0.749, 0.7605, 0.7725, 0.7875, 0.7995, 0.8065, 0.812, 0.8185, 0.824, 0.8295, 0.8345, 0.837, 0.84, 0.8425, 0.8455, 0.8495, 0.8515, 0.8535, 0.8535, 0.8535, 0.8535, 0.8535, 0.8535, 0.8535, 0.8535, 0.8535, 0.8535, 0.8535, 0.8535, 0.8535, 0.8535, 0.8535, 0.8535, 0.8535, 0.8535, 0.8535, 0.8535, 0.8535, 0.8535, 0.8535, 0.8535, 0.8535, 0.8535, 0.8535, 0.8535, 0.8535, 0.8535, 0.8535, 0.8535, 0.8535, 0.8535, 0.8535, 0.8535, 0.8535, 0.8535, 0.8535, 0.8535, 0.8535, 0.8535, 0.8535, 0.8535, 0.8535, 0.8535, 0.8535, 0.8535, 0.8535, 0.8535, 0.8535, 0.8535, 0.8535, 0.8535, 0.8535, 0.8535, 0.8535, 0.8535, 0.8535, 0.8535, 0.8535, 0.8535, 0.8535, 0.8535, 0.8535, 0.8535, 0.8535]","{""0"": 0.88, ""1"": 0.8643, ""2"": 0.8008, ""3"": 0.8398, ""4"": 0.8402, ""5"": 0.8638, ""6"": 0.8734, ""7"": 0.8659}","[1.0, 1.0, 0.8889, 0.9286, 1.0, 0.875, 1.0, 1.0, 0.8, 0.9286, 0.8, 0.8571, 0.75, 1.0, 1.0, 0.9, 0.8, 1.0, 0.5714, 0.875, 1.0, 0.8, 0.8, 0.8333, 0.9091, 0.6364, 1.0, 1.0, 0.875, 0.9375, 0.8333, 0.8571, 0.6667, 0.7778, 0.875, 1.0, 1.0, 1.0, 0.875, 0.8571, 0.875, 1.0, 0.5714, 0.875, 1.0, 1.0, 0.9, 1.0, 1.0, 0.6667, 1.0, 0.75, 0.75, 0.8571, 1.0, 1.0, 0.8571, 0.7778, 0.8, 1.0, 0.5, 0.7143, 0.8571, 0.6, 0.875, 1.0, 0.8333, 0.8889, 1.0, 0.875, 0.8889, 1.0, 1.0, 0.4, 1.0, 1.0, 0.75, 0.8333, 0.8889, 0.75, 0.8333, 0.9167, 0.8571, 1.0, 0.6667, 0.7778, 0.9, 0.7778, 1.0, 1.0, 0.7778, 0.75, 0.8571, 0.8571, 0.8, 1.0, 0.8571, 1.0, 0.8889, 0.875, 0.8182, 1.0, 1.0, 1.0, 0.6667, 1.0, 0.75, 0.7143, 1.0, 0.7, 0.8462, 1.0, 0.8571, 1.0, 0.8333, 0.9091, 0.75, 0.6667, 1.0, 0.8, 1.0, 0.8333, 1.0, 0.875, 1.0, 0.7778, 0.8571, 0.8, 1.0, 1.0, 0.75, 0.8889, 1.0, 0.5714, 0.8571, 0.5455, 0.8571, 0.8571, 0.8889, 0.7143, 0.8, 0.5714, 0.9091, 1.0, 1.0, 0.8, 0.9, 0.7, 0.7143, 1.0, 0.75, 1.0, 0.8571, 0.75, 0.75, 0.875, 0.6667, 0.5714, 0.8889, 0.6667, 0.75, 0.6667, 0.7143, 1.0, 0.75, 1.0, 0.7143, 0.8, 1.0, 1.0, 0.8333, 0.0, 0.7, 0.75, 0.7778, 0.8889, 0.9, 1.0, 1.0, 1.0, 0.6667, 0.8333, 0.6667, 0.9, 0.7778, 0.8333, 1.0, 0.7778, 0.8571, 0.75, 0.8889, 1.0, 0.9, 1.0, 0.8571, 0.0, 1.0, 0.8889, 0.6667, 1.0, 1.0, 1.0, 0.8, 0.0, 1.0, 0.6, 0.4, 1.0, 1.0, 0.9091, 1.0, 0.8571, 0.7143, 0.8889, 0.9, 0.5714, 0.75, 1.0, 1.0, 1.0, 0.8, 0.8571, 0.7143, 1.0, 0.8333, 0.8, 0.8333, 0.6667, 0.9167, 1.0, 0.9, 1.0, 0.875, 1.0, 1.0, 1.0, 0.75, 1.0, 0.9, 1.0, 0.6364, 0.9091, 0.875, 1.0, 0.75, 1.0, 1.0, 0.9, 1.0, 0.625]","[0, 3, 6, 8, 9, 17, 18, 23, 25, 29, 31, 32, 34, 36, 41, 44, 53, 57, 65, 67, 69, 76, 80, 81, 82, 83, 104, 110, 111, 115, 119, 131, 137, 138, 143, 145, 146, 147, 154, 172, 178, 179, 183, 188, 191, 196, 205, 209, 212, 213, 214, 217, 220, 221, 226, 228, 230, 234, 238, 242, 243, 246, 248]"
cluster,0:45,45,cluster,0.298,0.298,0.298,1.0,0.298,0.0,25,True,596,0,276,1128,0,"[0.05, 0.067, 0.0885, 0.109, 0.129, 0.151, 0.168, 0.179, 0.191, 0.202, 0.2125, 0.2315, 0.242, 0.256, 0.263, 0.266, 0.2715, 0.2805, 0.2845, 0.286, 0.288, 0.2905, 0.2945, 0.297, 0.298, 0.298, 0.298, 0.298, 0.298, 0.298, 0.298, 0.298, 0.298, 0.298, 0.298, 0.298, 0.298, 0.298, 0.298, 0.298, 0.298, 0.298, 0.298, 0.298, 0.298, 0.298, 0.298, 0.298, 0.298, 0.298, 0.298, 0.298, 0.298, 0.298, 0.298, 0.298, 0.298, 0.298, 0.298, 0.298, 0.298, 0.298, 0.298, 0.298, 0.298, 0.298, 0.298, 0.298, 0.298, 0.298, 0.298, 0.298, 0.298, 0.298, 0.298, 0.298, 0.298, 0.298, 0.298, 0.298, 0.298, 0.298, 0.298, 0.298, 0.298, 0.298, 0.298, 0.298, 0.298, 0.298, 0.298, 0.298, 0.298, 0.298, 0.298, 0.298, 0.298, 0.298, 0.298, 0.298, 0.298]","{""0"": 0.344, ""1"": 0.6938, ""2"": 0.0, ""3"": 0.1133, ""4"": 0.1393, ""5"": 0.0078, ""6"": 0.1941, ""7"": 0.8943}","[0.2222, 0.0, 0.0, 0.0, 0.0, 0.0, 0.0, 0.0, 1.0, 0.0, 0.8, 0.0, 0.0, 0.0, 0.0, 0.0, 0.8, 0.0, 0.5714, 0.0, 0.0, 0.0, 0.0, 0.0, 1.0, 0.0, 1.0, 0.0, 0.0, 0.0625, 0.0, 0.0, 0.6667, 0.0, 0.875, 0.0, 0.0, 0.0, 0.0, 0.0, 0.875, 0.0, 0.5714, 0.0, 0.0, 0.0, 0.0, 0.0, 1.0, 0.0, 1.0, 0.0, 0.0, 0.0, 0.0, 0.0, 0.8571, 0.0, 0.8, 0.0, 0.0, 0.0, 0.0, 0.0, 0.875, 0.0, 0.8333, 0.0, 0.0, 0.875, 0.0, 0.0, 1.0, 0.0, 1.0, 0.0, 0.1667, 0.8333, 0.0, 0.0, 0.8333, 0.0, 0.8571, 0.0, 0.0, 0.7778, 0.1, 0.0, 1.0, 0.0, 0.7778, 0.0, 0.1429, 0.8571, 0.0, 0.0, 0.8571, 0.0, 0.8889, 0.0, 0.0, 1.0, 0.0, 0.0, 1.0, 0.0, 0.75, 0.0, 0.0, 0.2, 0.0769, 0.0, 0.8571, 0.0, 0.8333, 0.0, 0.125, 0.0, 0.0, 0.0, 1.0, 0.0, 1.0, 0.0, 0.0, 0.0, 0.0, 0.0, 1.0, 0.0, 1.0, 0.0, 0.0, 0.0, 0.0, 0.0, 0.8571, 0.0, 0.8889, 0.0, 0.0, 0.0, 0.0, 0.0, 1.0, 0.2, 0.9, 0.0, 0.1429, 0.0, 0.0, 0.25, 0.8571, 0.5, 0.625, 0.0, 0.6667, 0.0, 0.0, 0.0, 0.75, 0.6667, 0.7143, 0.0, 1.0, 0.0, 0.0, 0.6, 1.0, 1.0, 0.8333, 0.0, 0.7, 0.0, 0.0, 1.0, 1.0, 1.0, 1.0, 0.0, 0.6667, 0.0, 0.0, 0.9, 0.7778, 0.8333, 1.0, 0.0, 0.0714, 0.0, 0.0, 1.0, 0.9, 1.0, 0.8571, 0.0, 0.0, 0.0, 0.0, 1.0, 1.0, 1.0, 0.8, 0.0, 0.0, 0.0, 0.0, 1.0, 1.0, 0.9091, 1.0, 0.0, 0.0, 0.0, 0.0, 0.5714, 0.75, 1.0, 0.0, 0.0, 0.0, 0.0, 0.0, 1.0, 0.8333, 0.8, 0.0, 0.0, 0.0, 0.0, 0.0, 0.0, 0.875, 1.0, 0.0, 0.0, 0.0, 0.0, 0.0, 0.0, 0.6364, 1.0, 0.0, 0.0, 0.0, 0.0, 0.0, 0.0, 1.0, 0.25]","[8, 24, 50, 93, 104, 130, 164, 175, 176, 186, 241]"
one_per_team,0:45,45,one_per_team,0.6475,0.6475,0.6475,1.0,0.6475,0.0,58,True,1295,0,277,428,0,"[0.05, 0.07, 0.0865, 0.1135, 0.1465, 0.18, 0.2135, 0.2475, 0.27, 0.289, 0.313, 0.3355, 0.363, 0.3885, 0.4175, 0.442, 0.464, 0.4835, 0.497, 0.507, 0.515, 0.5195, 0.5235, 0.5285, 0.5345, 0.541, 0.5455, 0.5505, 0.5525, 0.5565, 0.561, 0.565, 0.57, 0.5755, 0.5825, 0.588, 0.594, 0.599, 0.608, 0.6135, 0.6165, 0.617, 0.618, 0.619, 0.62, 0.621, 0.6235, 0.625, 0.626, 0.6275, 0.63, 0.632, 0.6335, 0.635, 0.6405, 0.6435, 0.646, 0.6475, 0.6475, 0.6475, 0.6475, 0.6475, 0.6475, 0.6475, 0.6475, 0.6475, 0.6475, 0.6475, 0.6475, 0.6475, 0.6475, 0.6475, 0.6475, 0.6475, 0.6475, 0.6475, 0.6475, 0.6475, 0.6475, 0.6475, 0.6475, 0.6475, 0.6475, 0.6475, 0.6475, 0.6475, 0.6475, 0.6475, 0.6475, 0.6475, 0.6475, 0.6475, 0.6475, 0.6475, 0.6475, 0.6475, 0.6475, 0.6475, 0.6475, 0.6475, 0.6475]","{""0"": 0.872, ""1"": 0.8605, ""2"": 0.8287, ""3"": 0.7734, ""4"": 0.791, ""5"": 0.0428, ""6"": 0.8819, ""7"": 0.1423}","[0.7778, 1.0, 0.8889, 0.8571, 1.0, 0.875, 0.0, 1.0, 0.2, 0.9286, 0.8, 0.8571, 0.75, 1.0, 0.0, 0.9, 0.0, 0.9, 0.7143, 0.875, 1.0, 0.8, 0.1, 0.8333, 0.1818, 0.5455, 1.0, 1.0, 0.875, 0.875, 0.0, 0.8571, 0.1667, 0.7778, 0.875, 1.0, 0.9333, 1.0, 0.0, 0.8571, 0.0, 1.0, 0.7143, 0.875, 1.0, 1.0, 0.0, 1.0, 0.0, 0.6667, 1.0, 0.75, 0.75, 0.8571, 0.2, 1.0, 0.1429, 0.7778, 0.8, 1.0, 0.5, 0.7143, 0.0, 0.6, 0.125, 1.0, 0.8333, 0.7778, 1.0, 0.875, 0.0, 1.0, 0.0, 0.4, 1.0, 1.0, 0.75, 0.8333, 0.0, 0.75, 0.1667, 0.9167, 0.8571, 1.0, 0.6667, 0.7778, 0.1, 0.7778, 0.0, 1.0, 0.7778, 0.75, 0.8571, 0.8571, 0.0, 1.0, 0.0, 1.0, 0.8889, 0.875, 0.9091, 1.0, 0.125, 1.0, 0.1111, 1.0, 0.75, 0.7143, 1.0, 0.7, 0.0769, 1.0, 0.0, 1.0, 0.8333, 0.8182, 0.75, 0.6667, 0.1111, 0.9, 0.0, 0.8333, 1.0, 0.875, 1.0, 0.0, 0.0, 1.0, 0.1667, 1.0, 0.75, 0.8889, 1.0, 0.0, 0.0, 0.5455, 0.0, 0.8571, 0.8889, 0.7143, 0.8, 0.5714, 0.0, 1.0, 0.1429, 0.8, 0.9, 0.7, 0.8571, 1.0, 0.0, 1.0, 1.0, 0.75, 0.625, 1.0, 0.6667, 0.7143, 0.1111, 0.6667, 1.0, 0.6667, 0.7143, 1.0, 0.75, 1.0, 0.0, 0.8, 0.0, 1.0, 0.8333, 0.8, 0.7, 0.75, 0.0, 0.8889, 0.1, 1.0, 1.0, 1.0, 0.6667, 0.8333, 0.1111, 0.9, 0.2222, 0.8333, 1.0, 0.8889, 0.8571, 0.75, 0.0, 1.0, 0.0, 1.0, 0.8571, 0.0, 1.0, 0.8889, 0.1667, 1.0, 0.1667, 1.0, 0.8, 0.0, 1.0, 0.6, 0.0, 1.0, 0.0, 0.9091, 1.0, 0.8571, 0.5714, 0.8889, 0.0, 0.5714, 0.125, 1.0, 1.0, 1.0, 0.1, 0.7143, 0.0, 1.0, 0.0, 0.8, 0.75, 0.6667, 0.0833, 1.0, 0.1, 1.0, 0.5, 1.0, 0.9091, 1.0, 0.75, 1.0, 0.1, 1.0, 0.1818, 0.9091, 0.875, 1.0, 0.75, 1.0, 0.0, 0.9, 0.1, 0.625]","[1, 2, 3, 5, 8, 10, 13, 15, 18, 22, 24, 25, 29, 31, 32, 34, 35, 36, 42, 50, 51, 53, 54, 56, 58, 65, 69, 71, 80, 82, 83, 89, 93, 95, 97, 98, 100, 102, 103, 104, 105, 111, 113, 115, 118, 119, 122, 123, 127, 128, 130, 137, 140, 143, 145, 148, 149, 152, 155, 157, 160, 161, 164, 165, 171, 172, 173, 175, 176, 177, 178, 181, 182, 183, 184, 186, 187, 188, 191, 193, 196, 197, 198, 200, 201, 205, 207, 211, 216, 221, 230, 231, 232, 233, 236, 238, 241, 242, 243, 249]"
random,0:46,46,random,0.7505,0.7505,0.7505,1.0,0.7505,0.0,41,True,1501,0,268,231,0,"[0.05, 0.0705, 0.0935, 0.117, 0.1495, 0.185, 0.2205, 0.2575, 0.295, 0.332, 0.36, 0.386, 0.4205, 0.443, 0.4585, 0.4715, 0.4825, 0.4985, 0.5165, 0.5395, 0.5565, 0.5705, 0.5855, 0.596, 0.605, 0.612, 0.616, 0.6235, 0.633, 0.6425, 0.651, 0.664, 0.675, 0.686, 0.699, 0.7095, 0.7195, 0.7305, 0.74, 0.7475, 0.7505, 0.7505, 0.7505, 0.7505, 0.7505, 0.7505, 0.7505, 0.7505, 0.7505, 0.7505, 0.7505, 0.7505, 0.7505, 0.7505, 0.7505, 0.7505, 0.7505, 0.7505, 0.7505, 0.7505, 0.7505, 0.7505, 0.7505, 0.7505, 0.7505, 0.7505, 0.7505, 0.7505, 0.7505, 0.7505, 0.7505, 0.7505, 0.7505, 0.7505, 0.7505, 0.7505, 0.7505, 0.7505, 0.7505, 0.7505, 0.7505, 0.7505, 0.7505, 0.7505, 0.7505, 0.7505, 0.7505, 0.7505, 0.7505, 0.7505, 0.7505, 0.7505, 0.7505, 0.7505, 0.7505, 0.7505, 0.7505, 0.7505, 0.7505, 0.7505, 0.7505]","{""0"": 0.1641, ""1"": 0.7252, ""2"": 0.8824, ""3"": 0.8958, ""4"": 0.8862, ""5"": 0.8607, ""6"": 0.8421, ""7"": 0.7671}","[0.7778, 0.1667, 0.75, 1.0, 0.9167, 1.0, 0.9167, 1.0, 1.0, 0.1111, 0.8, 1.0, 0.9167, 0.7778, 0.8571, 0.7778, 1.0, 0.0, 0.625, 0.875, 0.8182, 0.9167, 1.0, 0.8571, 0.8571, 0.0, 0.7, 1.0, 0.8889, 0.9167, 0.7143, 1.0, 0.9167, 0.0, 1.0, 1.0, 0.8333, 0.7778, 1.0, 0.4444, 0.8182, 0.0, 1.0, 1.0, 0.75, 1.0, 0.875, 0.8, 0.8571, 0.1429, 0.9, 0.8571, 1.0, 0.875, 0.75, 0.875, 1.0, 1.0, 0.8333, 0.6667, 1.0, 0.8889, 1.0, 0.8333, 0.6667, 1.0, 0.8571, 1.0, 1.0, 1.0, 0.625, 0.8889, 0.9091, 0.9091, 0.8, 0.8571, 0.8889, 0.8, 0.6667, 0.75, 1.0, 0.6, 1.0, 1.0, 1.0, 1.0, 1.0, 1.0, 1.0, 0.5, 0.5, 0.6, 1.0, 1.0, 1.0, 1.0, 0.875, 0.8333, 0.9, 1.0, 0.875, 0.6, 0.7778, 0.875, 0.6667, 0.0, 0.75, 1.0, 0.8571, 0.7778, 0.8, 0.875, 0.8, 0.0, 0.7778, 0.7143, 1.0, 0.75, 0.7273, 0.7778, 0.6667, 0.0, 0.875, 0.8571, 0.6667, 1.0, 0.9, 0.875, 1.0, 0.0, 0.1111, 1.0, 1.0, 0.5714, 0.7778, 0.6667, 1.0, 0.0909, 0.0, 0.8333, 0.8889, 0.8333, 1.0, 1.0, 0.8571, 0.0, 0.0, 0.8571, 1.0, 0.6667, 1.0, 1.0, 0.0, 0.0909, 0.0, 0.8333, 1.0, 1.0, 0.75, 0.875, 0.0, 0.1, 0.5714, 0.9, 0.75, 1.0, 0.9091, 0.6, 0.0909, 0.0, 0.7778, 0.75, 1.0, 1.0, 0.7692, 0.7778, 0.6667, 0.0, 0.625, 0.75, 1.0, 1.0, 0.7143, 0.6667, 0.8571, 0.0, 1.0, 0.7273, 0.75, 0.875, 1.0, 1.0, 0.7, 0.125, 0.8, 0.8571, 0.75, 1.0, 0.7143, 0.8889, 0.8333, 0.0, 0.9231, 1.0, 1.0, 0.8, 1.0, 0.8571, 1.0, 0.2, 0.9231, 0.8333, 0.875, 0.8571, 1.0, 0.9091, 1.0, 0.0833, 0.8889, 1.0, 1.0, 1.0, 0.8182, 0.5714, 0.6667, 0.0, 1.0, 0.8333, 0.9, 0.8889, 1.0, 1.0, 1.0, 0.0, 1.0, 1.0, 0.8571, 0.8571, 1.0, 0.8889, 0.8889, 0.0, 1.0, 0.8571, 0.8571, 0.875, 0.8, 0.6667, 0.9167, 0.0]","[1, 6, 14, 19, 21, 22, 24, 28, 30, 32, 38, 46, 49, 56, 57, 58, 60, 62, 65, 67, 73, 77, 82, 83, 86, 87, 90, 91, 92, 93, 94, 95, 97, 98, 99, 100, 107, 108, 109, 116, 119, 122, 124, 126, 127, 128, 134, 136, 141, 149, 150, 153, 157, 161, 162, 163, 167, 171, 172, 174, 180, 181, 183, 186, 191, 193, 196, 197, 198, 199, 203, 205, 209, 211, 212, 213, 216, 217, 223, 224, 229, 237, 239, 242, 247, 248]"
champions,0:46,46,champions,0.604,0.604,0.604,1.0,0.604,0.0,32,True,1208,0,271,521,0,"[0.05, 0.087, 0.1235, 0.1795, 0.2315, 0.278, 0.316, 0.3495, 0.382, 0.408, 0.438, 0.47, 0.493, 0.5125, 0.5305, 0.5485, 0.558, 0.563, 0.5675, 0.5725, 0.58, 0.585, 0.5885, 0.5915, 0.5935, 0.5965, 0.598, 0.599, 0.601, 0.603, 0.6035, 0.604, 0.604, 0.604, 0.604, 0.604, 0.604, 0.604, 0.604, 0.604, 0.604, 0.604, 0.604, 0.604, 0.604, 0.604, 0.604, 0.604, 0.604, 0.604, 0.604, 0.604, 0.604, 0.604, 0.604, 0.604, 0.604, 0.604, 0.604, 0.604, 0.604, 0.604, 0.604, 0.604, 0.604, 0.604, 0.604, 0.604, 0.604, 0.604, 0.604, 0.604, 0.604, 0.604, 0.604, 0.604, 0.604, 0.604, 0.604, 0.604, 0.604, 0.604, 0.604, 0.604, 0.604, 0.604, 0.604, 0.604, 0.604, 0.604, 0.604, 0.604, 0.604, 0.604, 0.604, 0.604, 0.604, 0.604, 0.604, 0.604, 0.604]","{""0"": 0.8398, ""1"": 0.5763, ""2"": 0.6275, ""3"": 0.8958, ""4"": 0.0488, ""5"": 0.7172, ""6"": 0.1974, ""7"": 0.8715}","[1.0, 0.6667, 0.75, 1.0, 0.9167, 0.0, 0.9167, 0.0, 1.0, 0.8889, 0.8, 1.0, 0.9167, 0.1111, 1.0, 0.1111, 1.0, 1.0, 0.5, 0.875, 0.8182, 0.0, 1.0, 0.0, 0.8571, 0.8333, 0.0, 1.0, 0.8889, 0.0833, 0.7143, 0.0, 0.9167, 1.0, 0.1429, 1.0, 0.8333, 0.1111, 0.0, 0.0, 0.8182, 0.4, 0.2, 1.0, 0.75, 0.0, 0.0, 0.0, 0.8571, 0.7143, 0.0, 0.8571, 1.0, 0.0, 0.0, 0.0, 1.0, 1.0, 0.0, 0.6667, 1.0, 0.1111, 0.0, 0.0, 0.6667, 1.0, 0.0, 1.0, 1.0, 0.0, 0.0, 0.0, 0.9091, 0.9091, 0.1, 0.8571, 0.8889, 0.0, 0.6667, 0.0, 1.0, 0.6, 0.1111, 1.0, 1.0, 0.0, 1.0, 0.2, 1.0, 0.5, 0.3333, 0.6, 1.0, 0.0, 0.8333, 0.0, 0.875, 0.8333, 0.9, 0.8333, 0.875, 0.0, 0.7778, 0.0, 0.6667, 0.4286, 0.75, 0.1111, 0.8571, 0.1111, 0.8, 0.0, 0.8, 0.9333, 0.7778, 0.0, 1.0, 0.0, 0.8182, 0.0, 0.5, 0.8333, 0.875, 0.0, 0.6667, 0.0, 0.9, 0.0, 1.0, 0.8571, 1.0, 0.0, 1.0, 0.0, 0.6667, 0.0, 0.8333, 0.8182, 0.4, 0.0, 0.8889, 0.0, 1.0, 0.1429, 0.8571, 1.0, 0.0, 0.0, 1.0, 0.1111, 0.8, 0.0, 0.8889, 0.7273, 0.1, 0.0, 1.0, 0.0, 0.75, 0.0, 1.0, 0.8, 0.5714, 0.0, 0.75, 0.0, 0.9091, 0.0, 0.9091, 0.6667, 0.7778, 0.125, 1.0, 0.1429, 0.6154, 0.0, 0.6667, 1.0, 0.625, 0.0, 1.0, 0.0, 0.7143, 0.6667, 0.8571, 0.9286, 1.0, 0.7273, 0.8333, 0.0, 1.0, 1.0, 0.7, 0.875, 0.8, 0.8571, 0.625, 0.1429, 0.7143, 0.8889, 0.8333, 1.0, 1.0, 1.0, 1.0, 0.0, 1.0, 0.8571, 1.0, 0.8, 0.9231, 0.8333, 0.875, 0.1429, 1.0, 0.9091, 0.875, 1.0, 0.8889, 1.0, 1.0, 0.1, 0.8182, 0.5714, 0.6667, 0.9, 1.0, 0.8333, 0.9, 0.0, 1.0, 0.0, 1.0, 0.8571, 1.0, 1.0, 0.8571, 0.0, 1.0, 0.3333, 0.8889, 0.75, 1.0, 0.8571, 0.8571, 0.125, 0.8, 0.1667, 0.8333, 0.75]","[0, 4, 6, 11, 12, 13, 14, 19, 20, 28, 29, 32, 34, 37, 40, 72, 87, 98, 106, 107, 108, 109, 110, 113, 114, 118, 126, 138, 140, 145, 149, 152, 153, 160, 164, 168, 172, 182, 185, 186, 188, 195, 201, 202, 203, 208, 210, 211, 215, 217, 218, 219, 222, 225, 232, 239, 244, 245, 248]"
cluster,0:46,46,cluster,0.391,0.391,0.391,1.0,0.391,0.0,48,True,782,0,274,944,0,"[0.05, 0.065, 0.0775, 0.095, 0.1165, 0.1315, 0.151, 0.1675, 0.183, 0.202, 0.214, 0.223, 0.2305, 0.2395, 0.2475, 0.2545, 0.262, 0.2705, 0.281, 0.291, 0.298, 0.3045, 0.314, 0.3235, 0.3295, 0.335, 0.339, 0.3445, 0.3465, 0.35, 0.352, 0.3555, 0.36, 0.365, 0.368, 0.369, 0.37, 0.3715, 0.3745, 0.376, 0.3775, 0.379, 0.3805, 0.3825, 0.3855, 0.3885, 0.3905, 0.391, 0.391, 0.391, 0.391, 0.391, 0.391, 0.391, 0.391, 0.391, 0.391, 0.391, 0.391, 0.391, 0.391, 0.391, 0.391, 0.391, 0.391, 0.391, 0.391, 0.391, 0.391, 0.391, 0.391, 0.391, 0.391, 0.391, 0.391, 0.391, 0.391, 0.391, 0.391, 0.391, 0.391, 0.391, 0.391, 0.391, 0.391, 0.391, 0.391, 0.391, 0.391, 0.391, 0.391, 0.391, 0.391, 0.391, 0.391, 0.391, 0.391, 0.391, 0.391, 0.391, 0.391]","{""0"": 0.1133, ""1"": 0.0802, ""2"": 0.8235, ""3"": 0.0656, ""4"": 0.7805, ""5"": 0.7213, ""6"": 0.3377, ""7"": 0.2369}","[0.6667, 0.0, 0.0, 1.0, 0.0, 1.0, 1.0, 0.0, 0.0, 0.1111, 0.0, 1.0, 0.0, 0.7778, 0.8571, 0.1111, 0.0, 0.0, 0.0, 0.875, 0.0, 0.9167, 1.0, 0.0, 0.0, 0.0, 0.0, 1.0, 0.0, 0.9167, 0.7143, 0.0, 0.0, 0.0, 0.0, 1.0, 0.0, 0.7778, 0.0, 0.0, 0.0909, 0.0, 0.2, 1.0, 0.0, 1.0, 0.0, 0.8, 0.8571, 0.0, 0.0, 0.8571, 0.0, 0.875, 0.0, 1.0, 1.0, 1.0, 0.0, 0.6667, 0.0, 0.8889, 0.0, 0.8333, 0.6667, 1.0, 0.0, 1.0, 0.0, 1.0, 0.0, 0.8889, 0.9091, 1.0, 0.1, 0.8571, 0.0, 0.8, 0.6667, 0.75, 1.0, 0.6, 0.0, 1.0, 0.0, 1.0, 1.0, 1.0, 1.0, 0.0, 0.0, 0.6, 0.0, 1.0, 0.8333, 1.0, 0.875, 0.1667, 0.0, 0.8333, 0.0, 0.6, 0.7778, 0.875, 1.0, 0.0, 0.0, 1.0, 0.0, 1.0, 0.8, 0.875, 0.8, 0.0, 0.0, 0.7143, 0.0, 0.75, 0.7273, 0.7778, 0.0, 0.0, 0.0, 0.8571, 0.0, 0.1111, 0.9, 0.875, 0.0, 0.0, 0.0, 1.0, 0.0, 0.0, 0.6667, 0.3333, 0.0, 0.0909, 0.0, 0.8333, 0.0, 0.0, 1.0, 0.1429, 0.0, 0.0, 0.0, 0.8571, 0.0, 0.0, 0.8, 0.0, 0.0, 0.0, 0.0, 0.8333, 0.0, 1.0, 0.75, 0.0, 0.0, 0.0, 0.0, 0.8, 0.0, 1.0, 0.9091, 0.0, 0.0, 0.0, 0.0, 0.125, 0.0, 1.0, 0.6154, 0.0, 0.0, 0.0, 0.125, 0.0, 0.0, 1.0, 1.0, 0.0, 0.0, 0.0, 0.0, 0.7273, 0.0, 0.875, 1.0, 0.0, 0.0, 0.0, 0.6, 1.0, 0.0, 1.0, 0.7143, 0.0, 0.0, 0.0, 0.0, 1.0, 0.6667, 0.8, 1.0, 0.0, 0.0, 0.0, 0.0, 0.8333, 0.875, 0.8571, 1.0, 0.0909, 0.0, 0.0, 0.0, 1.0, 1.0, 1.0, 0.8182, 0.0, 0.0, 0.0, 0.1429, 0.8333, 0.0, 0.8889, 1.0, 0.0, 0.0, 0.0, 1.0, 1.0, 0.0, 0.8571, 1.0, 0.0, 0.0, 0.0, 0.25, 0.8571, 0.0, 0.875, 0.8, 0.0, 0.0, 0.0]","[5, 6, 55, 73, 104, 107, 109, 173, 182, 194, 195, 219, 220]"
one_per_team,0:46,46,one_per_team,0.753,0.753,0.753,1.0,0.753,0.0,38,True,1506,0,267,227,0,"[0.05, 0.0705, 0.0875, 0.1025, 0.1205, 0.139, 0.1605, 0.189, 0.2185, 0.239, 0.263, 0.282, 0.3045, 0.326, 0.347, 0.369, 0.3905, 0.4115, 0.439, 0.471, 0.5005, 0.5225, 0.5455, 0.5725, 0.5945, 0.6155, 0.6375, 0.658, 0.675, 0.69, 0.6995, 0.707, 0.714, 0.723, 0.733, 0.742, 0.7485, 0.753, 0.753, 0.753, 0.753, 0.753, 0.753, 0.753, 0.753, 0.753, 0.753, 0.753, 0.753, 0.753, 0.753, 0.753, 0.753, 0.753, 0.753, 0.753, 0.753, 0.753, 0.753, 0.753, 0.753, 0.753, 0.753, 0.753, 0.753, 0.753, 0.753, 0.753, 0.753, 0.753, 0.753, 0.753, 0.753, 0.753, 0.753, 0.753, 0.753, 0.753, 0.753, 0.753, 0.753, 0.753, 0.753, 0.753, 0.753, 0.753, 0.753, 0.753, 0.753, 0.753, 0.753, 0.753, 0.753, 0.753, 0.753, 0.753, 0.753, 0.753, 0.753, 0.753, 0.753]","{""0"": 0.1797, ""1"": 0.7595, ""2"": 0.8824, ""3"": 0.7606, ""4"": 0.8821, ""5"": 0.8443, ""6"": 0.864, ""7"": 0.8755}","[0.7778, 0.0, 0.75, 1.0, 0.9167, 1.0, 0.9167, 1.0, 1.0, 0.1111, 0.8, 1.0, 0.9167, 0.7778, 0.8571, 0.7778, 1.0, 0.0, 0.625, 0.875, 0.9091, 0.9167, 1.0, 0.8571, 0.8571, 0.0, 0.7, 1.0, 0.7778, 0.9167, 0.8571, 1.0, 0.8333, 0.0, 1.0, 1.0, 1.0, 0.7778, 1.0, 0.5556, 0.8182, 0.2, 1.0, 1.0, 0.875, 1.0, 0.875, 0.8, 0.8571, 0.1429, 0.9, 0.8571, 1.0, 0.875, 0.75, 0.875, 1.0, 1.0, 0.8333, 0.6667, 1.0, 0.8889, 1.0, 0.8333, 0.6667, 1.0, 0.8571, 1.0, 1.0, 1.0, 0.625, 0.8889, 0.9091, 1.0, 0.8, 0.8571, 0.8889, 0.8, 0.6667, 0.875, 1.0, 0.6, 1.0, 1.0, 1.0, 1.0, 1.0, 1.0, 1.0, 0.5, 0.5, 0.6, 1.0, 1.0, 0.8333, 1.0, 0.875, 0.8333, 0.9, 0.8333, 0.875, 0.6, 0.7778, 0.875, 0.6667, 0.0, 0.75, 1.0, 0.8571, 0.7778, 0.8, 0.875, 0.8, 0.0, 0.7778, 0.7143, 1.0, 0.75, 0.7273, 0.7778, 0.6667, 0.0, 0.875, 0.8571, 0.6667, 1.0, 0.9, 0.875, 1.0, 0.0, 0.8889, 1.0, 1.0, 0.5714, 0.6667, 0.6667, 0.8333, 0.0909, 0.2, 0.8333, 0.8889, 0.75, 1.0, 1.0, 0.8571, 0.0, 0.0, 1.0, 1.0, 0.6667, 0.8, 1.0, 0.8889, 0.0, 0.0, 0.8333, 1.0, 1.0, 0.75, 0.875, 1.0, 0.0, 0.5714, 0.9, 0.75, 1.0, 0.9091, 0.8, 0.9091, 0.1667, 0.7778, 0.75, 0.0, 1.0, 0.6154, 0.7778, 0.6667, 0.0, 0.625, 0.75, 0.0, 1.0, 0.7143, 0.8333, 0.8571, 0.0714, 1.0, 0.7273, 0.0, 0.875, 1.0, 1.0, 0.8, 0.25, 0.8, 0.8571, 0.0, 1.0, 0.7143, 0.8889, 0.8333, 0.0909, 0.9231, 1.0, 1.0, 0.8, 1.0, 0.8571, 1.0, 0.2, 0.9231, 0.8333, 0.875, 0.8571, 1.0, 0.9091, 0.875, 0.0, 0.8889, 1.0, 1.0, 1.0, 0.8182, 0.5714, 0.6667, 0.0, 1.0, 0.8333, 0.9, 0.8889, 1.0, 1.0, 1.0, 0.1429, 1.0, 1.0, 1.0, 0.8571, 1.0, 0.8889, 0.8889, 0.0, 1.0, 0.8571, 0.8571, 0.875, 0.8, 0.8333, 0.8333, 0.125]","[2, 4, 5, 6, 11, 20, 22, 24, 26, 30, 31, 34, 36, 37, 38, 39, 40, 41, 44, 48, 50, 52, 55, 56, 62, 65, 67, 68, 71, 73, 75, 77, 79, 85, 87, 89, 90, 92, 95, 100, 104, 107, 109, 111, 118, 122, 125, 130, 131, 133, 136, 140, 141, 142, 143, 147, 148, 150, 157, 160, 163, 167, 169, 171, 173, 176, 182, 183, 184, 185, 186, 187, 189, 192, 193, 194, 195, 198, 200, 203, 204, 206, 209, 210, 212, 214, 216, 219, 220, 230, 231, 232, 233, 236, 237, 238, 244, 247, 248, 249]"
random,0:47,47,random,0.6965,0.6965,0.6965,1.0,0.6965,-0.0,45,True,1393,0,291,316,0,"[0.05, 0.072, 0.1015, 0.1385, 0.1825, 0.222, 0.2455, 0.2675, 0.281, 0.2955, 0.311, 0.3275, 0.3435, 0.3595, 0.3735, 0.3905, 0.41, 0.4345, 0.4605, 0.4795, 0.49, 0.501, 0.512, 0.522, 0.5365, 0.559, 0.5805, 0.5915, 0.6, 0.609, 0.6185, 0.634, 0.648, 0.658, 0.665, 0.674, 0.679, 0.681, 0.6835, 0.687, 0.69, 0.691, 0.692, 0.694, 0.6965, 0.6965, 0.6965, 0.6965, 0.6965, 0.6965, 0.6965, 0.6965, 0.6965, 0.6965, 0.6965, 0.6965, 0.6965, 0.6965, 0.6965, 0.6965, 0.6965, 0.6965, 0.6965, 0.6965, 0.6965, 0.6965, 0.6965, 0.6965, 0.6965, 0.6965, 0.6965, 0.6965, 0.6965, 0.6965, 0.6965, 0.6965, 0.6965, 0.6965, 0.6965, 0.6965, 0.6965, 0.6965, 0.6965, 0.6965, 0.6965, 0.6965, 0.6965, 0.6965, 0.6965, 0.6965, 0.6965, 0.6965, 0.6965, 0.6965, 0.6965, 0.6965, 0.6965, 0.6965, 0.6965, 0.6965, 0.6965]","{""0"": 0.8629, ""1"": 0.3154, ""2"": 0.8675, ""3"": 0.6902, ""4"": 0.6861, ""5"": 0.4344, ""6"": 0.8612, ""7"": 0.8436}","[0.8889, 0.75, 0.3333, 1.0, 0.6364, 0.1429, 0.125, 0.75, 0.7273, 0.6667, 0.8333, 0.9091, 0.8333, 0.0, 0.0, 0.8571, 0.8571, 0.8889, 0.8182, 0.8, 0.9167, 0.0, 0.1429, 1.0, 0.7143, 0.8889, 0.9167, 0.8571, 1.0, 0.8, 0.2727, 0.8, 0.7, 0.8571, 1.0, 0.9, 0.8889, 0.9, 0.0, 0.8, 0.8571, 0.875, 1.0, 0.8889, 0.8333, 0.8, 0.0909, 0.75, 0.875, 0.875, 0.8889, 0.5714, 0.8182, 0.7778, 0.125, 1.0, 1.0, 0.8333, 1.0, 0.9167, 0.3333, 0.8889, 0.0, 1.0, 1.0, 0.8571, 0.8, 1.0, 0.0, 0.8889, 0.1667, 1.0, 0.8462, 0.8333, 0.8333, 0.7143, 0.0833, 0.8571, 0.0, 0.8571, 0.6, 0.9, 0.25, 1.0, 0.0, 0.7143, 0.0, 1.0, 1.0, 0.6667, 0.0833, 0.7273, 0.0, 0.8, 0.1, 0.6667, 0.8571, 1.0, 0.0, 0.8333, 0.0, 1.0, 0.6667, 1.0, 0.6364, 1.0, 0.0, 0.8, 0.0, 0.7778, 1.0, 0.7778, 0.9, 0.8889, 0.0, 1.0, 0.0, 1.0, 1.0, 1.0, 1.0, 1.0, 0.0, 0.8, 0.75, 0.8, 1.0, 1.0, 0.9091, 0.75, 0.0, 0.625, 0.875, 0.0, 1.0, 1.0, 0.6667, 1.0, 0.0, 0.9167, 1.0, 1.0, 0.6667, 0.75, 0.875, 1.0, 0.0, 0.8333, 0.8333, 0.7778, 0.7143, 1.0, 0.9167, 0.9231, 0.0, 0.8571, 1.0, 0.875, 0.7143, 0.8, 1.0, 0.75, 0.1111, 1.0, 0.8333, 0.8333, 0.8333, 0.875, 1.0, 0.8333, 0.5556, 1.0, 0.8571, 0.75, 0.875, 1.0, 0.8333, 1.0, 0.0, 1.0, 0.8, 1.0, 0.8333, 0.7778, 0.8571, 0.8333, 0.0, 1.0, 1.0, 0.9333, 0.8889, 1.0, 0.8571, 0.9167, 0.0, 0.8, 0.7778, 0.7778, 1.0, 0.7143, 0.75, 1.0, 0.0, 0.8333, 1.0, 0.75, 0.9, 0.8333, 0.8571, 0.625, 0.0, 0.7143, 1.0, 1.0, 0.8, 0.6, 1.0, 0.8889, 0.1667, 1.0, 0.9, 0.7778, 0.4286, 1.0, 1.0, 0.8, 0.3, 1.0, 0.9, 0.7, 0.0, 0.8, 0.75, 0.9, 0.0, 0.8571, 0.8333, 0.0, 0.125, 0.875, 0.6667, 0.5, 0.0, 1.0, 1.0, 0.0, 0.25, 0.75, 0.8, 0.75]","[0, 2, 4, 5, 8, 10, 16, 17, 18, 20, 22, 25, 26, 28, 29, 30, 33, 36, 42, 43, 45, 47, 53, 55, 57, 61, 63, 64, 65, 67, 69, 73, 74, 75, 76, 77, 85, 87, 88, 89, 90, 94, 95, 96, 107, 110, 126, 134, 136, 137, 139, 140, 147, 150, 152, 153, 157, 160, 162, 169, 174, 180, 181, 188, 193, 196, 203, 206, 213, 215, 217, 218, 224, 226, 236, 239, 243, 244, 247, 248]"
champions,0:47,47,champions,0.756,0.756,0.756,1.0,0.756,0.0,40,True,1512,0,288,200,0,"[0.05, 0.0915, 0.1385, 0.1895, 0.241, 0.275, 0.31, 0.3485, 0.3805, 0.416, 0.449, 0.48, 0.51, 0.537, 0.557, 0.5765, 0.5965, 0.6135, 0.625, 0.637, 0.651, 0.6615, 0.674, 0.682, 0.6875, 0.694, 0.699, 0.7035, 0.709, 0.717, 0.7235, 0.73, 0.735, 0.739, 0.745, 0.752, 0.7535, 0.755, 0.7555, 0.756, 0.756, 0.756, 0.756, 0.756, 0.756, 0.756, 0.756, 0.756, 0.756, 0.756, 0.756, 0.756, 0.756, 0.756, 0.756, 0.756, 0.756, 0.756, 0.756, 0.756, 0.756, 0.756, 0.756, 0.756, 0.756, 0.756, 0.756, 0.756, 0.756, 0.756, 0.756, 0.756, 0.756, 0.756, 0.756, 0.756, 0.756, 0.756, 0.756, 0.756, 0.756, 0.756, 0.756, 0.756, 0.756, 0.756, 0.756, 0.756, 0.756, 0.756, 0.756, 0.756, 0.756, 0.756, 0.756, 0.756, 0.756, 0.756, 0.756, 0.756, 0.756]","{""0"": 0.625, ""1"": 0.5768, ""2"": 0.8675, ""3"": 0.8784, ""4"": 0.7774, ""5"": 0.7131, ""6"": 0.8612, ""7"": 0.7366}","[1.0, 0.75, 0.1111, 1.0, 0.6364, 0.7857, 1.0, 0.75, 0.0909, 0.2222, 0.8333, 0.9091, 0.8333, 0.8889, 0.875, 0.8571, 0.2857, 0.0, 0.8182, 0.8, 1.0, 0.7778, 0.8571, 1.0, 0.7143, 0.0, 0.9167, 0.8571, 1.0, 0.8, 0.8182, 0.8, 0.7, 0.0, 1.0, 0.9, 0.8889, 1.0, 0.7778, 0.8, 0.8571, 0.125, 1.0, 0.7778, 0.8333, 0.9333, 0.8182, 0.75, 0.875, 0.125, 0.8889, 0.5714, 0.9091, 0.7778, 0.875, 1.0, 1.0, 0.3333, 1.0, 0.9167, 0.6667, 0.8889, 1.0, 1.0, 1.0, 0.0, 0.8, 1.0, 1.0, 0.7778, 0.75, 1.0, 0.8462, 0.1667, 0.8333, 0.7143, 0.75, 0.8571, 0.8571, 0.8571, 0.6, 0.1, 0.5, 1.0, 1.0, 0.7143, 0.0, 1.0, 0.75, 0.5, 0.75, 0.7273, 1.0, 0.8, 0.0, 0.6667, 0.7143, 1.0, 0.875, 0.8333, 1.0, 1.0, 0.6667, 1.0, 0.8182, 1.0, 0.9167, 0.8667, 0.875, 0.1111, 1.0, 0.7778, 0.9, 0.8889, 0.9167, 1.0, 0.7778, 0.3333, 1.0, 1.0, 1.0, 1.0, 0.8182, 0.8, 0.75, 0.0, 1.0, 1.0, 0.9091, 0.75, 1.0, 0.75, 0.875, 0.0, 1.0, 1.0, 0.5556, 1.0, 1.0, 0.9167, 1.0, 1.0, 0.6667, 0.75, 1.0, 1.0, 0.7143, 0.8333, 0.8333, 0.8889, 0.7143, 1.0, 0.9167, 1.0, 1.0, 0.8571, 1.0, 0.875, 0.7143, 0.8, 1.0, 0.75, 0.0, 1.0, 0.8333, 0.8333, 0.8333, 0.875, 1.0, 0.8333, 0.0, 1.0, 0.8571, 0.75, 0.875, 1.0, 0.8333, 1.0, 0.0, 1.0, 0.8, 1.0, 0.8333, 0.7778, 0.8571, 0.8333, 0.0, 1.0, 1.0, 0.9333, 0.8889, 1.0, 0.8571, 0.9167, 0.0, 0.8, 0.7778, 0.7778, 1.0, 0.7143, 0.75, 1.0, 0.0, 0.8333, 1.0, 0.75, 0.8, 0.8333, 0.8571, 0.625, 0.0, 0.7143, 1.0, 1.0, 0.8, 0.6, 1.0, 0.8889, 0.0, 1.0, 0.9, 0.7778, 0.4286, 1.0, 0.8, 0.8, 0.0, 1.0, 0.9, 0.7, 0.0, 0.8, 0.125, 0.9, 0.0, 0.8571, 0.8333, 0.9, 0.125, 0.875, 0.0, 0.5, 0.0, 0.875, 0.75, 1.0, 0.5, 0.75, 0.1, 0.75]","[0, 5, 10, 11, 12, 19, 20, 21, 27, 28, 30, 37, 39, 41, 45, 46, 47, 52, 53, 54, 59, 70, 72, 81, 83, 85, 90, 98, 104, 107, 108, 122, 128, 131, 136, 139, 140, 141, 144, 145, 146, 148, 149, 153, 166, 180, 189, 197, 199, 201, 205, 209, 228, 231, 245, 249]"
cluster,0:47,47,cluster,0.1925,0.1925,0.1925,1.0,0.1925,0.0,23,True,385,0,296,1319,0,"[0.05, 0.0705, 0.091, 0.1065, 0.117, 0.1245, 0.1325, 0.141, 0.1465, 0.15, 0.155, 0.163, 0.169, 0.1725, 0.1745, 0.1755, 0.1765, 0.1795, 0.182, 0.186, 0.19, 0.192, 0.1925, 0.1925, 0.1925, 0.1925, 0.1925, 0.1925, 0.1925, 0.1925, 0.1925, 0.1925, 0.1925, 0.1925, 0.1925, 0.1925, 0.1925, 0.1925, 0.1925, 0.1925, 0.1925, 0.1925, 0.1925, 0.1925, 0.1925, 0.1925, 0.1925, 0.1925, 0.1925, 0.1925, 0.1925, 0.1925, 0.1925, 0.1925, 0.1925, 0.1925, 0.1925, 0.1925, 0.1925, 0.1925, 0.1925, 0.1925, 0.1925, 0.1925, 0.1925, 0.1925, 0.1925, 0.1925, 0.1925, 0.1925, 0.1925, 0.1925, 0.1925, 0.1925, 0.1925, 0.1925, 0.1925, 0.1925, 0.1925, 0.1925, 0.1925, 0.1925, 0.1925, 0.1925, 0.1925, 0.1925, 0.1925, 0.1925, 0.1925, 0.1925, 0.1925, 0.1925, 0.1925, 0.1925, 0.1925, 0.1925, 0.1925, 0.1925, 0.1925, 0.1925, 0.1925]","{""0"": 0.0, ""1"": 0.0498, ""2"": 0.1526, ""3"": 0.549, ""4"": 0.2372, ""5"": 0.3975, ""6"": 0.0, ""7"": 0.1358}","[0.2222, 0.0, 0.0, 0.0, 0.6364, 0.0, 1.0, 0.0, 0.0, 0.0, 0.0, 0.0, 1.0, 0.0, 0.875, 0.0, 0.0, 0.0, 0.1818, 0.0, 0.9167, 0.0, 0.8571, 0.0, 0.0, 0.0, 0.0, 0.0, 0.2308, 0.1, 0.8182, 0.0, 0.0, 0.0, 0.0, 0.0, 0.0, 0.9, 0.7778, 0.0, 0.0, 0.0, 0.0, 0.0, 0.0, 0.8, 0.8182, 0.0, 0.125, 0.0, 0.0, 0.0, 0.0909, 0.7778, 0.875, 0.0, 0.0, 0.0, 0.0, 0.0, 0.6667, 1.0, 1.0, 0.0, 0.0, 0.0, 0.0, 0.0, 1.0, 0.7778, 1.0, 0.0, 0.0769, 0.0, 0.0, 0.0, 1.0, 0.8571, 0.8571, 0.0, 0.0, 0.0, 0.0, 0.0, 0.75, 0.7143, 0.1111, 0.0, 0.0, 0.0, 0.0, 0.0, 0.0, 1.0, 0.0, 0.0, 0.0, 0.0, 0.0, 0.0, 0.0, 0.2, 0.0, 0.0, 0.0, 0.0, 0.0, 0.0, 0.0, 0.0, 0.0, 0.0, 0.0, 0.0, 0.0, 0.0, 0.0, 0.0, 0.0, 0.0, 0.0, 0.0, 0.0, 0.0, 0.0, 0.0, 0.0, 0.0, 0.0909, 0.0, 0.0, 0.125, 0.125, 0.0, 0.0, 0.0, 0.1111, 0.0, 0.1111, 0.0, 0.0, 0.0, 0.0, 0.0, 0.0, 0.0, 0.0, 0.8333, 0.0, 0.0, 0.0, 0.0, 0.0, 0.0, 0.0, 1.0, 1.0, 0.0, 0.0, 0.0, 0.0, 0.0, 0.0, 1.0, 0.8333, 0.0, 0.0, 0.0, 0.0, 0.0, 0.0, 1.0, 0.8571, 0.25, 1.0, 0.0, 0.0, 0.0, 0.0, 1.0, 0.7, 0.0, 0.1667, 0.0, 0.0, 0.0, 0.0, 1.0, 1.0, 0.0, 0.0, 0.0, 0.0, 0.0, 0.0, 0.6, 0.7778, 0.1111, 0.2, 0.0, 0.0, 0.0, 0.0, 0.0, 1.0, 0.0, 0.0, 0.0, 0.5714, 0.0, 0.0, 0.0, 1.0, 0.0, 0.0, 0.0, 1.0, 0.0, 0.0, 0.1111, 0.9, 0.0, 0.0, 0.0, 0.8, 0.0, 0.0, 0.0, 0.9, 0.0, 0.0, 0.0, 0.75, 0.0, 0.6, 0.0, 0.8333, 0.0, 0.125, 0.0, 0.6667, 0.0, 1.0, 0.0, 0.75, 0.0, 0.5, 0.0, 1.0, 0.0]","[6, 12, 61, 70, 76, 93, 155, 156, 174, 188, 216, 242, 248]"
one_per_team,0:47,47,one_per_team,0.766,0.766,0.766,1.0,0.766,0.0,70,True,1532,0,298,170,0,"[0.05, 0.0715, 0.0915, 0.1135, 0.1375, 0.1565, 0.177, 0.198, 0.216, 0.2335, 0.2525, 0.2745, 0.2915, 0.3075, 0.325, 0.344, 0.368, 0.39, 0.411, 0.437, 0.457, 0.4735, 0.487, 0.5025, 0.5215, 0.5385, 0.549, 0.559, 0.5685, 0.5785, 0.587, 0.5955, 0.6055, 0.6115, 0.615, 0.621, 0.6275, 0.633, 0.6365, 0.641, 0.6465, 0.654, 0.6635, 0.6755, 0.6865, 0.695, 0.7, 0.7055, 0.712, 0.72, 0.728, 0.735, 0.7395, 0.742, 0.7435, 0.7445, 0.7455, 0.747, 0.7475, 0.748, 0.75, 0.753, 0.7555, 0.7585, 0.7605, 0.7615, 0.762, 0.763, 0.7645, 0.766, 0.766, 0.766, 0.766, 0.766, 0.766, 0.766, 0.766, 0.766, 0.766, 0.766, 0.766, 0.766, 0.766, 0.766, 0.766, 0.766, 0.766, 0.766, 0.766, 0.766, 0.766, 0.766, 0.766, 0.766, 0.766, 0.766, 0.766, 0.766, 0.766, 0.766, 0.766]","{""0"": 0.7056, ""1"": 0.8672, ""2"": 0.7671, ""3"": 0.7216, ""4"": 0.8248, ""5"": 0.8115, ""6"": 0.8694, ""7"": 0.5556}","[0.8889, 0.75, 0.6667, 1.0, 0.6364, 0.7143, 1.0, 0.75, 0.0, 0.3333, 0.8333, 0.9091, 0.8333, 0.8889, 0.875, 0.8571, 0.1429, 0.0, 0.9091, 0.8, 0.9167, 0.6667, 0.8571, 1.0, 0.0, 0.0, 0.9167, 0.8571, 1.0, 0.9, 0.8182, 0.8, 0.1, 0.0, 1.0, 0.9, 0.8889, 0.9, 0.7778, 0.8, 0.0, 0.0, 1.0, 0.8889, 0.8333, 0.8, 0.8182, 0.75, 0.125, 0.125, 0.8889, 0.7143, 0.8182, 0.7778, 0.875, 1.0, 0.0, 0.5, 1.0, 0.9167, 0.6667, 1.0, 1.0, 1.0, 0.0, 0.8571, 0.8, 1.0, 1.0, 0.7778, 0.75, 1.0, 0.0769, 0.8333, 0.8333, 0.7143, 0.75, 0.8571, 0.8571, 0.8571, 0.0, 0.9, 0.5, 1.0, 1.0, 0.7143, 0.8889, 1.0, 0.75, 0.5, 0.6667, 0.0, 1.0, 0.8, 0.8, 0.6667, 0.7143, 1.0, 0.75, 0.0, 1.0, 1.0, 0.6667, 1.0, 0.6364, 1.0, 0.9167, 0.0667, 0.75, 0.7778, 1.0, 0.7778, 0.9, 0.8889, 0.9167, 1.0, 0.7778, 1.0, 1.0, 1.0, 1.0, 1.0, 0.8182, 0.8, 0.75, 0.8, 1.0, 1.0, 0.9091, 0.75, 1.0, 0.625, 0.25, 0.0, 1.0, 1.0, 0.5556, 1.0, 1.0, 0.8333, 0.0, 1.0, 0.6667, 0.875, 0.875, 1.0, 0.7143, 0.8333, 0.0833, 0.7778, 0.7143, 1.0, 0.9167, 0.9231, 1.0, 0.8571, 0.25, 0.875, 0.7143, 0.8, 1.0, 0.75, 0.8889, 1.0, 0.0, 0.8333, 0.8333, 0.875, 1.0, 0.8333, 1.0, 1.0, 0.0, 0.75, 1.0, 1.0, 0.8333, 1.0, 1.0, 1.0, 0.7, 1.0, 0.8333, 0.7778, 0.8571, 0.8333, 0.8571, 1.0, 1.0, 0.9333, 0.8889, 1.0, 0.8571, 0.9167, 0.8571, 0.8, 0.7778, 0.7778, 1.0, 0.7143, 0.75, 1.0, 1.0, 0.8333, 1.0, 0.75, 0.8, 0.8333, 0.8571, 0.75, 0.7143, 0.7143, 1.0, 1.0, 0.8, 0.6, 1.0, 0.8889, 0.8333, 1.0, 0.9, 0.7778, 0.4286, 1.0, 1.0, 0.8, 1.0, 1.0, 0.9, 0.7, 0.375, 0.8, 0.75, 0.9, 0.6, 0.8571, 0.8333, 0.9, 0.5, 0.875, 0.6667, 0.5, 1.0, 0.875, 0.75, 0.8571, 0.625, 0.875, 0.8, 0.875]","[2, 6, 7, 11, 12, 13, 16, 18, 20, 22, 23, 27, 29, 30, 32, 34, 43, 44, 50, 51, 52, 53, 57, 61, 62, 63, 65, 66, 67, 70, 75, 76, 79, 88, 89, 92, 93, 94, 95, 96, 101, 103, 104, 105, 109, 111, 113, 117, 119, 123, 124, 127, 129, 132, 136, 139, 141, 143, 146, 150, 151, 152, 153, 155, 156, 169, 174, 175, 176, 179, 181, 182, 183, 185, 187, 188, 190, 201, 203, 209, 211, 212, 213, 214, 216, 218, 219, 224, 227, 229, 233, 235, 237, 238, 242, 243, 244, 247, 248, 249]"
random,0:48,48,random,0.709,0.709,0.709,1.0,0.709,0.0,60,True,1418,0,287,295,0,"[0.05, 0.075, 0.1035, 0.1345, 0.1665, 0.201, 0.236, 0.274, 0.313, 0.3515, 0.39, 0.422, 0.4475, 0.4775, 0.502, 0.5245, 0.543, 0.5545, 0.5615, 0.5705, 0.5785, 0.59, 0.6, 0.607, 0.6105, 0.612, 0.6135, 0.616, 0.6195, 0.6225, 0.625, 0.6275, 0.6305, 0.6335, 0.6355, 0.6365, 0.637, 0.638, 0.6405, 0.644, 0.645, 0.647, 0.6495, 0.652, 0.656, 0.6595, 0.664, 0.669, 0.672, 0.675, 0.678, 0.681, 0.6845, 0.6875, 0.692, 0.6965, 0.701, 0.7035, 0.7075, 0.709, 0.709, 0.709, 0.709, 0.709, 0.709, 0.709, 0.709, 0.709, 0.709, 0.709, 0.709, 0.709, 0.709, 0.709, 0.709, 0.709, 0.709, 0.709, 0.709, 0.709, 0.709, 0.709, 0.709, 0.709, 0.709, 0.709, 0.709, 0.709, 0.709, 0.709, 0.709, 0.709, 0.709, 0.709, 0.709, 0.709, 0.709, 0.709, 0.709, 0.709, 0.709]","{""0"": 0.8192, ""1"": 0.8912, ""2"": 0.2053, ""3"": 0.8638, ""4"": 0.8906, ""5"": 0.856, ""6"": 0.2887, ""7"": 0.8684}","[0.7778, 0.6667, 1.0, 0.0, 1.0, 0.8, 0.9, 0.0, 1.0, 0.7692, 0.875, 0.1429, 0.7857, 0.875, 1.0, 0.5714, 0.7, 0.8889, 0.875, 0.0, 0.75, 0.6667, 0.9167, 0.1, 1.0, 0.9, 0.875, 0.0, 0.6667, 0.9, 0.8889, 0.0, 1.0, 0.8889, 1.0, 0.0, 1.0, 1.0, 0.6667, 0.0, 1.0, 0.5, 0.8333, 0.0, 0.6667, 0.9167, 0.8889, 0.0, 1.0, 0.8889, 0.9167, 0.0, 0.8333, 0.7692, 1.0, 0.0, 0.8889, 0.7778, 0.875, 0.0, 0.8889, 1.0, 0.8571, 0.0, 1.0, 1.0, 1.0, 0.0, 0.6667, 0.8, 0.8889, 0.2, 0.9, 0.75, 1.0, 0.0, 0.7778, 0.8, 0.9167, 0.0, 0.875, 1.0, 0.9167, 0.0, 0.8889, 0.875, 0.5714, 0.0, 0.8333, 0.5455, 0.8, 0.0, 0.6667, 0.875, 0.8462, 0.0, 0.5556, 1.0, 0.8, 0.9091, 1.0, 0.8571, 0.8333, 0.25, 1.0, 0.7143, 1.0, 1.0, 1.0, 1.0, 1.0, 0.0, 1.0, 0.75, 1.0, 0.8182, 1.0, 0.8, 1.0, 0.0, 0.8571, 0.5455, 0.8571, 0.9, 0.8333, 1.0, 0.6667, 0.0, 1.0, 0.7143, 1.0, 0.8571, 0.875, 0.875, 0.8889, 0.0, 0.8889, 1.0, 0.8889, 0.6667, 1.0, 0.75, 0.8, 0.0, 0.5714, 0.9091, 1.0, 0.0, 1.0, 0.8571, 1.0, 0.0769, 0.75, 0.7, 0.8571, 0.0, 1.0, 1.0, 0.6667, 0.8333, 0.8333, 1.0, 1.0, 0.125, 0.9091, 1.0, 1.0, 0.5, 1.0, 0.875, 0.7143, 0.0, 0.8333, 1.0, 1.0, 1.0, 0.8333, 0.7778, 0.875, 0.0, 0.9091, 1.0, 0.75, 0.8, 1.0, 1.0, 1.0, 0.1667, 1.0, 0.875, 1.0, 0.6667, 1.0, 0.8571, 0.8571, 0.0, 0.8, 0.9, 0.9091, 0.8, 0.9167, 1.0, 0.6667, 0.75, 0.7778, 1.0, 0.7, 0.6, 1.0, 1.0, 0.8571, 0.1667, 0.8571, 0.8889, 0.7778, 0.7143, 0.8333, 0.75, 0.8333, 0.0, 0.8571, 0.7143, 0.5, 0.9, 1.0, 1.0, 0.7778, 0.0909, 1.0, 1.0, 0.875, 1.0, 0.5, 0.7, 0.8462, 0.0, 0.8333, 1.0, 0.8333, 0.75, 0.8889, 1.0, 0.7778, 0.0, 0.8333, 0.8571, 0.9, 0.0, 0.5556, 0.75]","[0, 2, 6, 10, 11, 15, 16, 22, 24, 25, 30, 33, 34, 38, 42, 46, 49, 52, 56, 57, 58, 60, 64, 65, 69, 70, 71, 78, 81, 89, 100, 103, 104, 106, 107, 108, 112, 114, 115, 118, 125, 126, 132, 137, 142, 145, 153, 158, 160, 161, 162, 163, 164, 169, 170, 175, 178, 180, 183, 184, 186, 187, 188, 197, 200, 208, 209, 210, 211, 214, 215, 216, 217, 223, 227, 228, 229, 231, 236, 237, 241, 242, 246]"
champions,0:48,48,champions,0.732,0.732,0.732,1.0,0.732,0.0,39,True,1464,0,279,257,0,"[0.05, 0.092, 0.1395, 0.1885, 0.232, 0.2765, 0.3255, 0.373, 0.4085, 0.4435, 0.4815, 0.512, 0.537, 0.565, 0.587, 0.605, 0.619, 0.6365, 0.653, 0.6665, 0.6735, 0.677, 0.682, 0.684, 0.687, 0.69, 0.6935, 0.6975, 0.7025, 0.7045, 0.7065, 0.7095, 0.712, 0.717, 0.722, 0.7255, 0.728, 0.7295, 0.732, 0.732, 0.732, 0.732, 0.732, 0.732, 0.732, 0.732, 0.732, 0.732, 0.732, 0.732, 0.732, 0.732, 0.732, 0.732, 0.732, 0.732, 0.732, 0.732, 0.732, 0.732, 0.732, 0.732, 0.732, 0.732, 0.732, 0.732, 0.732, 0.732, 0.732, 0.732, 0.732, 0.732, 0.732, 0.732, 0.732, 0.732, 0.732, 0.732, 0.732, 0.732, 0.732, 0.732, 0.732, 0.732, 0.732, 0.732, 0.732, 0.732, 0.732, 0.732, 0.732, 0.732, 0.732, 0.732, 0.732, 0.732, 0.732, 0.732, 0.732, 0.732, 0.732]","{""0"": 0.8269, ""1"": 0.3473, ""2"": 0.4144, ""3"": 0.8716, ""4"": 0.8945, ""5"": 0.856, ""6"": 0.7782, ""7"": 0.864}","[1.0, 0.6667, 1.0, 0.0, 1.0, 0.8, 0.8, 0.7143, 1.0, 0.7692, 0.875, 0.0, 0.8571, 0.875, 1.0, 0.7143, 0.8, 0.8889, 0.75, 0.0, 0.8333, 0.6667, 0.9167, 0.9, 0.8889, 0.9, 0.125, 0.0, 0.6667, 0.9, 0.8889, 0.8571, 1.0, 0.8889, 0.0, 0.0, 1.0, 1.0, 0.6667, 1.0, 1.0, 0.625, 0.0, 0.0, 0.6667, 0.9167, 0.8889, 1.0, 1.0, 0.8889, 0.0, 0.2, 0.8333, 0.7692, 1.0, 1.0, 0.8889, 0.7778, 0.0, 0.0, 0.8889, 1.0, 0.8571, 0.8889, 1.0, 1.0, 0.0, 0.0, 0.6667, 0.8, 0.8889, 0.8, 0.9, 0.75, 0.1111, 0.0909, 0.7778, 0.9333, 0.9167, 0.8, 0.875, 1.0, 0.0, 0.0, 0.8889, 0.875, 0.5714, 0.7778, 0.8333, 0.5455, 0.0, 0.1, 0.6667, 0.875, 0.8462, 1.0, 0.5556, 1.0, 0.2, 1.0, 1.0, 0.8571, 0.8333, 0.75, 1.0, 0.7143, 0.0, 1.0, 0.8571, 1.0, 1.0, 0.8333, 1.0, 1.0, 0.0, 0.9091, 1.0, 0.8, 1.0, 0.6667, 0.8571, 0.5455, 0.0, 0.9, 0.9167, 1.0, 0.6667, 0.7143, 1.0, 0.7143, 0.0, 0.8571, 0.875, 0.875, 0.8889, 1.0, 0.8889, 1.0, 0.0, 0.6667, 1.0, 0.75, 0.8, 0.75, 0.5714, 0.9091, 0.0, 1.0, 1.0, 0.8571, 1.0, 0.7692, 0.75, 0.7, 0.0, 0.8182, 1.0, 1.0, 0.6667, 0.8333, 0.8333, 1.0, 0.0, 0.875, 0.9091, 1.0, 1.0, 0.5, 1.0, 0.875, 0.0, 0.8571, 0.8333, 1.0, 1.0, 1.0, 0.8333, 0.7778, 0.875, 0.9167, 0.9091, 1.0, 0.75, 0.8, 1.0, 1.0, 1.0, 0.8333, 1.0, 0.875, 1.0, 0.6667, 1.0, 0.8571, 0.8571, 1.0, 0.8, 0.9, 0.9091, 0.8, 0.9167, 1.0, 0.6667, 1.0, 0.7778, 1.0, 0.7, 0.6, 0.8889, 1.0, 0.8571, 0.0, 0.8571, 0.8889, 0.7778, 0.1429, 0.8333, 0.75, 0.8333, 0.0, 0.8571, 0.7143, 0.5, 0.0, 1.0, 1.0, 0.7778, 0.0, 1.0, 1.0, 0.875, 1.0, 0.5, 0.7, 0.9231, 0.0, 0.8333, 0.75, 0.8333, 0.75, 0.8889, 1.0, 0.7778, 0.0, 0.8333, 0.8571, 0.9, 1.0, 0.5556, 0.75]","[0, 6, 8, 9, 10, 12, 13, 14, 16, 20, 22, 23, 28, 38, 39, 41, 45, 51, 53, 60, 61, 75, 77, 78, 89, 91, 95, 97, 99, 107, 113, 115, 121, 124, 132, 134, 136, 140, 143, 145, 150, 151, 153, 155, 163, 164, 169, 171, 179, 183, 185, 198, 200, 204, 228, 234, 246, 247]"
cluster,0:48,48,cluster,0.458,0.458,0.458,1.0,0.458,0.0,35,True,916,0,285,799,0,"[0.05, 0.063, 0.0775, 0.0955, 0.1125, 0.1305, 0.1515, 0.1745, 0.1925, 0.207, 0.219, 0.228, 0.2385, 0.25, 0.265, 0.281, 0.2985, 0.317, 0.337, 0.356, 0.3665, 0.3755, 0.3855, 0.398, 0.409, 0.4185, 0.424, 0.4315, 0.437, 0.4425, 0.4465, 0.45, 0.455, 0.457, 0.458, 0.458, 0.458, 0.458, 0.458, 0.458, 0.458, 0.458, 0.458, 0.458, 0.458, 0.458, 0.458, 0.458, 0.458, 0.458, 0.458, 0.458, 0.458, 0.458, 0.458, 0.458, 0.458, 0.458, 0.458, 0.458, 0.458, 0.458, 0.458, 0.458, 0.458, 0.458, 0.458, 0.458, 0.458, 0.458, 0.458, 0.458, 0.458, 0.458, 0.458, 0.458, 0.458, 0.458, 0.458, 0.458, 0.458, 0.458, 0.458, 0.458, 0.458, 0.458, 0.458, 0.458, 0.458, 0.458, 0.458, 0.458, 0.458, 0.458, 0.458, 0.458, 0.458, 0.458, 0.458, 0.458, 0.458]","{""0"": 0.6038, ""1"": 0.1548, ""2"": 0.1179, ""3"": 0.5759, ""4"": 0.3711, ""5"": 0.7977, ""6"": 0.1925, ""7"": 0.8596}","[0.5556, 0.0, 1.0, 1.0, 1.0, 0.0, 0.8, 0.7143, 1.0, 0.0, 0.875, 0.0, 0.0, 0.0, 1.0, 1.0, 0.7, 0.0, 1.0, 0.0, 0.0, 0.0, 0.9167, 0.8, 0.8889, 1.0, 0.875, 0.0, 0.0, 0.0, 1.0, 0.8571, 1.0, 0.2222, 1.0, 0.0, 0.1111, 0.0, 0.5556, 0.0, 1.0, 0.0, 0.0, 0.0, 0.0, 0.0, 0.8889, 0.0, 1.0, 0.0, 0.0, 0.0, 0.0, 0.0769, 1.0, 0.0, 0.8889, 0.7778, 0.0, 0.0, 0.0, 0.0, 0.8571, 0.0, 1.0, 1.0, 0.0, 0.0, 0.0, 0.0, 1.0, 0.0, 0.9, 0.75, 0.1111, 0.0, 0.0, 0.0, 0.9167, 0.0, 0.875, 1.0, 0.0, 0.0, 0.1111, 0.0, 0.5714, 0.0, 0.8333, 0.5455, 0.0, 0.0, 0.6667, 0.125, 0.8462, 0.0, 0.5556, 1.0, 0.0, 0.0, 1.0, 0.0, 0.8333, 0.0, 1.0, 0.7143, 0.0, 0.0, 0.8571, 0.0, 1.0, 0.0, 1.0, 1.0, 0.0, 0.0, 1.0, 0.0, 1.0, 0.0, 0.8571, 0.5455, 0.0, 0.1, 0.8333, 0.0, 0.6667, 0.0, 1.0, 1.0, 0.0, 0.0, 0.875, 0.0, 0.8889, 0.0, 0.8889, 1.0, 0.0, 0.0, 1.0, 0.5, 0.8, 0.0, 0.5714, 0.8182, 0.0, 0.0, 1.0, 0.8571, 1.0, 0.0769, 0.75, 0.7, 0.0, 0.0, 1.0, 1.0, 0.6667, 0.0, 0.8333, 1.0, 0.0, 0.0, 0.9091, 1.0, 1.0, 0.0, 1.0, 0.875, 0.0, 0.0, 0.8333, 1.0, 1.0, 0.0, 0.8333, 0.7778, 0.0, 0.0, 0.9091, 1.0, 0.75, 0.0, 1.0, 1.0, 0.0, 0.0, 1.0, 0.875, 1.0, 0.0, 1.0, 0.8571, 0.0, 0.0, 0.8, 0.9, 0.9091, 0.0, 0.9167, 1.0, 0.0, 0.5, 0.7778, 1.0, 0.7, 0.2, 0.8889, 1.0, 0.0, 0.0, 0.8571, 1.0, 0.0, 0.0, 0.8333, 0.75, 0.0, 0.0, 0.8571, 0.7143, 0.0, 0.0, 1.0, 1.0, 0.0, 0.8182, 1.0, 1.0, 0.125, 1.0, 0.5, 0.0, 0.0, 0.875, 0.8333, 0.75, 0.8333, 0.75, 0.8889, 0.0, 0.0, 0.8333, 0.8333, 0.8571, 0.9, 1.0, 0.5556, 0.0]","[3, 15, 18, 25, 30, 65, 70, 104, 113, 129, 156, 174, 213]"
one_per_team,0:48,48,one_per_team,0.751,0.751,0.751,1.0,0.751,-0.0,35,True,1502,0,278,220,0,"[0.05, 0.0755, 0.0975, 0.1235, 0.153, 0.1865, 0.2185, 0.2415, 0.2635, 0.2945, 0.3265, 0.3575, 0.394, 0.4315, 0.4605, 0.4915, 0.527, 0.5585, 0.5965, 0.628, 0.6505, 0.6685, 0.683, 0.698, 0.71, 0.716, 0.7195, 0.7255, 0.73, 0.734, 0.739, 0.7415, 0.7475, 0.7505, 0.751, 0.751, 0.751, 0.751, 0.751, 0.751, 0.751, 0.751, 0.751, 0.751, 0.751, 0.751, 0.751, 0.751, 0.751, 0.751, 0.751, 0.751, 0.751, 0.751, 0.751, 0.751, 0.751, 0.751, 0.751, 0.751, 0.751, 0.751, 0.751, 0.751, 0.751, 0.751, 0.751, 0.751, 0.751, 0.751, 0.751, 0.751, 0.751, 0.751, 0.751, 0.751, 0.751, 0.751, 0.751, 0.751, 0.751, 0.751, 0.751, 0.751, 0.751, 0.751, 0.751, 0.751, 0.751, 0.751, 0.751, 0.751, 0.751, 0.751, 0.751, 0.751, 0.751, 0.751, 0.751, 0.751, 0.751]","{""0"": 0.7692, ""1"": 0.6611, ""2"": 0.711, ""3"": 0.8638, ""4"": 0.8906, ""5"": 0.856, ""6"": 0.364, ""7"": 0.8728}","[0.8889, 0.6667, 1.0, 0.8571, 1.0, 0.8, 0.8, 0.7143, 1.0, 0.7692, 0.875, 0.8571, 0.7857, 0.875, 1.0, 0.8571, 0.7, 0.8889, 0.875, 1.0, 0.75, 0.6667, 0.9167, 0.8, 0.8889, 0.9, 0.875, 1.0, 0.6667, 0.9, 0.8889, 0.8571, 1.0, 0.3333, 1.0, 0.8, 1.0, 1.0, 0.5556, 0.0833, 1.0, 0.0, 0.8333, 0.8, 0.6667, 0.9167, 0.8889, 0.25, 1.0, 0.0, 0.9167, 0.1, 0.8333, 0.7692, 1.0, 0.125, 0.8889, 0.7778, 0.75, 0.2, 0.8889, 1.0, 0.8571, 0.0, 1.0, 1.0, 1.0, 0.0, 0.6667, 0.8, 1.0, 0.0, 0.9, 0.75, 1.0, 0.0, 0.7778, 0.8, 0.9167, 0.0, 0.875, 1.0, 0.9167, 0.25, 0.8889, 0.875, 0.5714, 0.0, 0.8333, 0.6364, 0.8, 0.1, 0.6667, 0.875, 0.8462, 0.0, 0.5556, 1.0, 0.8, 0.9091, 1.0, 0.8571, 0.8333, 0.0, 1.0, 0.7143, 1.0, 1.0, 0.8571, 1.0, 1.0, 0.0, 1.0, 1.0, 1.0, 0.8182, 1.0, 0.8, 1.0, 0.0, 0.8571, 0.5455, 0.8571, 0.9, 0.8333, 1.0, 0.6667, 0.0, 1.0, 0.7143, 1.0, 0.8571, 0.875, 0.875, 0.8889, 0.0, 0.8889, 1.0, 0.8889, 0.6667, 1.0, 0.75, 0.8, 0.1667, 0.5714, 0.8182, 1.0, 1.0, 1.0, 0.8571, 1.0, 0.0769, 0.75, 0.8, 0.8571, 0.8182, 1.0, 1.0, 0.6667, 0.8333, 0.8333, 1.0, 1.0, 0.875, 0.9091, 1.0, 1.0, 0.5, 1.0, 1.0, 0.8571, 0.8571, 0.8333, 1.0, 1.0, 1.0, 0.8333, 0.7778, 0.0, 0.9167, 0.9091, 1.0, 0.75, 0.8, 1.0, 1.0, 0.0, 0.8333, 1.0, 0.875, 1.0, 0.8333, 1.0, 0.8571, 0.1429, 1.0, 0.8, 0.9, 0.9091, 0.8, 0.9167, 1.0, 0.1667, 1.0, 0.7778, 1.0, 0.7, 0.6, 0.8889, 1.0, 0.0, 0.75, 0.8571, 0.8889, 0.7778, 0.0, 1.0, 0.875, 0.0, 1.0, 0.8571, 0.7143, 0.75, 0.0, 1.0, 1.0, 0.0, 0.8182, 1.0, 1.0, 0.875, 1.0, 0.6667, 0.7, 0.0, 0.875, 1.0, 1.0, 0.8333, 0.75, 0.8889, 1.0, 0.1111, 0.8333, 0.8333, 0.8571, 0.9, 1.0, 0.6667, 0.75]","[2, 3, 6, 7, 8, 11, 14, 15, 17, 18, 19, 20, 25, 28, 30, 31, 32, 34, 38, 40, 42, 43, 45, 47, 48, 55, 61, 62, 64, 65, 66, 70, 73, 77, 81, 83, 85, 89, 91, 92, 93, 100, 104, 107, 108, 109, 110, 112, 113, 115, 118, 126, 129, 133, 143, 148, 153, 154, 156, 157, 162, 164, 167, 169, 170, 172, 174, 177, 179, 180, 182, 183, 184, 185, 191, 192, 193, 198, 199, 200, 202, 203, 204, 207, 213, 214, 216, 217, 219, 220, 222, 227, 229, 232, 236, 237, 242, 244, 248, 249]"
random,0:49,49,random,0.771,0.771,0.771,1.0,0.771,0.0,57,True,1542,0,252,206,0,"[0.05, 0.075, 0.102, 0.137, 0.172, 0.205, 0.2385, 0.2745, 0.3235, 0.359, 0.389, 0.422, 0.4485, 0.479, 0.505, 0.527, 0.547, 0.5665, 0.5895, 0.6105, 0.6275, 0.6455, 0.662, 0.671, 0.682, 0.6875, 0.692, 0.694, 0.6945, 0.696, 0.6975, 0.7005, 0.704, 0.7065, 0.71, 0.713, 0.716, 0.719, 0.721, 0.724, 0.726, 0.73, 0.734, 0.738, 0.745, 0.747, 0.7485, 0.7515, 0.7545, 0.7565, 0.758, 0.759, 0.761, 0.766, 0.769, 0.7705, 0.771, 0.771, 0.771, 0.771, 0.771, 0.771, 0.771, 0.771, 0.771, 0.771, 0.771, 0.771, 0.771, 0.771, 0.771, 0.771, 0.771, 0.771, 0.771, 0.771, 0.771, 0.771, 0.771, 0.771, 0.771, 0.771, 0.771, 0.771, 0.771, 0.771, 0.771, 0.771, 0.771, 0.771, 0.771, 0.771, 0.771, 0.771, 0.771, 0.771, 0.771, 0.771, 0.771, 0.771, 0.771]","{""0"": 0.8966, ""1"": 0.417, ""2"": 0.9, ""3"": 0.8807, ""4"": 0.7131, ""5"": 0.843, ""6"": 0.8458, ""7"": 0.6877}","[0.7778, 0.8182, 0.1111, 1.0, 1.0, 0.8889, 0.875, 1.0, 0.6364, 1.0, 0.0, 0.6667, 0.9, 0.8571, 0.6, 1.0, 0.9167, 0.8667, 0.0, 1.0, 0.8889, 0.875, 0.875, 0.8, 0.6667, 1.0, 0.5, 1.0, 0.8182, 0.8571, 0.8, 0.875, 0.1429, 0.8889, 0.8, 1.0, 0.8571, 0.9091, 1.0, 0.625, 0.0, 1.0, 1.0, 0.8889, 0.8333, 0.9, 1.0, 0.8889, 0.0, 1.0, 0.8333, 0.8, 1.0, 1.0, 1.0, 1.0, 0.875, 1.0, 0.9167, 1.0, 0.8571, 0.8182, 0.75, 0.9, 1.0, 0.8333, 0.8889, 1.0, 0.8, 1.0, 0.8889, 0.8571, 1.0, 1.0, 1.0, 0.875, 1.0, 1.0, 0.9091, 1.0, 0.875, 0.9333, 0.8333, 1.0, 1.0, 0.8333, 0.9091, 0.8, 0.8571, 0.8571, 0.9091, 0.6667, 0.9, 0.8333, 0.5556, 0.8333, 0.875, 0.875, 0.8333, 0.8571, 0.8333, 1.0, 0.5714, 1.0, 0.8333, 0.875, 0.7143, 1.0, 0.625, 0.875, 0.875, 0.7857, 0.8, 0.75, 1.0, 0.6667, 1.0, 0.8571, 0.7, 0.7778, 0.875, 0.7143, 1.0, 1.0, 0.75, 1.0, 1.0, 1.0, 0.8, 1.0, 1.0, 0.8333, 0.8571, 1.0, 0.7143, 0.5833, 0.0, 0.8, 0.7778, 0.9167, 0.8182, 0.8889, 0.9167, 0.8571, 0.0, 0.9, 0.0, 0.7143, 1.0, 0.75, 0.5, 1.0, 0.1, 0.875, 0.0, 0.8889, 1.0, 1.0, 1.0, 0.5714, 0.875, 1.0, 0.0, 0.8, 1.0, 0.5556, 0.8, 1.0, 0.8333, 1.0, 0.0, 0.8333, 0.8571, 0.0, 0.8889, 0.5, 0.8462, 0.75, 0.0, 1.0, 0.875, 0.0, 0.6667, 1.0, 1.0, 1.0, 0.0, 0.8333, 0.8571, 0.0, 1.0, 0.8571, 0.75, 1.0, 0.2222, 0.8889, 1.0, 0.0, 1.0, 1.0, 1.0, 0.7778, 0.0, 0.8571, 1.0, 0.0, 0.8889, 0.8333, 1.0, 0.7778, 0.0909, 0.8571, 0.8571, 0.0909, 1.0, 0.5, 0.9167, 0.8571, 0.2, 1.0, 1.0, 0.8889, 0.8, 0.8182, 0.8889, 1.0, 0.0, 1.0, 0.75, 1.0, 1.0, 0.7143, 0.8182, 1.0, 0.0, 0.9167, 0.7, 1.0, 0.6667, 1.0, 0.8571, 1.0, 0.0, 1.0, 0.8, 1.0, 0.875, 0.8571, 1.0, 0.875]","[0, 1, 6, 7, 9, 16, 17, 19, 20, 24, 26, 27, 30, 45, 50, 53, 61, 63, 65, 66, 71, 81, 82, 83, 87, 90, 93, 96, 101, 102, 109, 110, 111, 115, 117, 118, 119, 122, 127, 128, 135, 139, 141, 142, 143, 147, 149, 150, 152, 158, 159, 161, 164, 165, 167, 168, 174, 177, 179, 184, 185, 190, 192, 194, 199, 200, 201, 206, 210, 211, 214, 217, 218, 220, 222, 223, 224, 228, 229, 230, 232, 237, 238, 246, 249]"
champions,0:49,49,champions,0.8365,0.8365,0.8365,1.0,0.8365,0.0,37,True,1673,0,244,83,0,"[0.05, 0.0965, 0.149, 0.1945, 0.242, 0.289, 0.33, 0.369, 0.4035, 0.434, 0.452, 0.474, 0.5005, 0.528, 0.5555, 0.5865, 0.6165, 0.6465, 0.6675, 0.6905, 0.709, 0.728, 0.7425, 0.7585, 0.7725, 0.784, 0.7935, 0.798, 0.804, 0.81, 0.8165, 0.82, 0.8255, 0.8295, 0.833, 0.836, 0.8365, 0.8365, 0.8365, 0.8365, 0.8365, 0.8365, 0.8365, 0.8365, 0.8365, 0.8365, 0.8365, 0.8365, 0.8365, 0.8365, 0.8365, 0.8365, 0.8365, 0.8365, 0.8365, 0.8365, 0.8365, 0.8365, 0.8365, 0.8365, 0.8365, 0.8365, 0.8365, 0.8365, 0.8365, 0.8365, 0.8365, 0.8365, 0.8365, 0.8365, 0.8365, 0.8365, 0.8365, 0.8365, 0.8365, 0.8365, 0.8365, 0.8365, 0.8365, 0.8365, 0.8365, 0.8365, 0.8365, 0.8365, 0.8365, 0.8365, 0.8365, 0.8365, 0.8365, 0.8365, 0.8365, 0.8365, 0.8365, 0.8365, 0.8365, 0.8365, 0.8365, 0.8365, 0.8365, 0.8365, 0.8365]","{""0"": 0.8889, ""1"": 0.8687, ""2"": 0.912, ""3"": 0.6091, ""4"": 0.9044, ""5"": 0.8471, ""6"": 0.8625, ""7"": 0.7905}","[1.0, 0.7273, 0.7778, 1.0, 0.0, 0.8889, 0.875, 1.0, 0.6364, 1.0, 1.0, 0.7778, 0.9, 0.8571, 0.6, 1.0, 0.9167, 0.9333, 0.6364, 1.0, 0.8889, 0.875, 0.875, 0.8, 0.6667, 1.0, 0.75, 1.0, 0.8182, 0.8571, 0.8, 0.875, 0.1429, 0.8889, 0.8, 1.0, 0.8571, 0.9091, 1.0, 0.625, 0.0, 1.0, 1.0, 0.8889, 0.8333, 0.9, 1.0, 0.8889, 0.0, 1.0, 0.8333, 0.8, 1.0, 1.0, 1.0, 1.0, 0.875, 1.0, 0.9167, 1.0, 0.8571, 0.8182, 0.75, 0.9, 1.0, 0.8333, 0.8889, 1.0, 0.8, 1.0, 1.0, 0.8571, 1.0, 1.0, 1.0, 0.875, 1.0, 1.0, 0.9091, 1.0, 0.875, 0.9333, 0.8333, 1.0, 1.0, 0.8333, 0.9091, 0.8, 0.8571, 0.8571, 0.9091, 0.6667, 0.9, 0.9167, 0.6667, 0.8333, 0.875, 0.875, 0.8333, 0.8571, 0.8333, 1.0, 0.5714, 1.0, 0.8333, 0.875, 0.7143, 1.0, 0.625, 0.875, 0.875, 0.9286, 0.8, 0.75, 1.0, 0.6667, 1.0, 0.8571, 0.7, 0.7778, 0.875, 0.7143, 1.0, 1.0, 0.75, 1.0, 1.0, 1.0, 0.8, 1.0, 1.0, 0.8333, 1.0, 1.0, 0.7143, 0.75, 0.8333, 0.8, 0.7778, 1.0, 0.8182, 0.8889, 0.9167, 0.8571, 1.0, 0.9, 0.7778, 0.7143, 1.0, 0.625, 0.5, 1.0, 0.7, 0.875, 0.5714, 0.8889, 1.0, 1.0, 1.0, 0.5714, 0.875, 1.0, 1.0, 1.0, 1.0, 0.5556, 0.8, 1.0, 0.8333, 1.0, 0.9286, 0.8333, 0.8571, 1.0, 0.8889, 0.5, 0.8462, 0.75, 0.9091, 0.8889, 0.0, 1.0, 0.6667, 1.0, 1.0, 1.0, 1.0, 0.8333, 0.0, 1.0, 1.0, 0.8571, 0.75, 1.0, 0.6667, 0.8889, 0.0, 1.0, 1.0, 1.0, 1.0, 0.6667, 1.0, 0.8571, 0.1111, 0.8333, 0.8889, 0.8333, 1.0, 0.7778, 0.8182, 0.8571, 0.0, 0.8182, 1.0, 0.5, 0.9167, 0.8571, 0.9, 1.0, 0.0, 0.8889, 0.8, 0.8182, 0.7778, 1.0, 1.0, 1.0, 0.1667, 1.0, 1.0, 0.7143, 0.8182, 1.0, 0.9, 0.9167, 0.0, 1.0, 0.5, 1.0, 0.8571, 1.0, 0.7778, 1.0, 0.0, 1.0, 0.875, 0.8571, 1.0, 0.75]","[0, 1, 9, 11, 12, 16, 17, 20, 25, 27, 45, 53, 58, 65, 70, 74, 78, 79, 81, 83, 86, 92, 93, 94, 103, 111, 113, 118, 119, 127, 132, 134, 135, 136, 139, 140, 142, 144, 145, 147, 151, 156, 160, 163, 168, 170, 173, 178, 181, 182, 187, 190, 208, 209, 210, 213, 214, 216, 223, 226, 228, 243]"
cluster,0:49,49,cluster,0.4855,0.4855,0.4855,1.0,0.4855,0.0,58,True,971,0,247,782,0,"[0.05, 0.0685, 0.095, 0.116, 0.1345, 0.146, 0.1565, 0.1665, 0.178, 0.1885, 0.1985, 0.21, 0.223, 0.2325, 0.243, 0.2575, 0.2705, 0.282, 0.295, 0.306, 0.3165, 0.3265, 0.336, 0.3415, 0.344, 0.3465, 0.3505, 0.356, 0.359, 0.3625, 0.367, 0.371, 0.374, 0.381, 0.389, 0.3955, 0.4005, 0.405, 0.411, 0.4145, 0.4165, 0.418, 0.4205, 0.4235, 0.426, 0.429, 0.433, 0.438, 0.4445, 0.4515, 0.456, 0.461, 0.465, 0.4705, 0.473, 0.477, 0.4835, 0.4855, 0.4855, 0.4855, 0.4855, 0.4855, 0.4855, 0.4855, 0.4855, 0.4855, 0.4855, 0.4855, 0.4855, 0.4855, 0.4855, 0.4855, 0.4855, 0.4855, 0.4855, 0.4855, 0.4855, 0.4855, 0.4855, 0.4855, 0.4855, 0.4855, 0.4855, 0.4855, 0.4855, 0.4855, 0.4855, 0.4855, 0.4855, 0.4855, 0.4855, 0.4855, 0.4855, 0.4855, 0.4855, 0.4855, 0.4855, 0.4855, 0.4855, 0.4855, 0.4855]","{""0"": 0.1418, ""1"": 0.5907, ""2"": 0.784, ""3"": 0.1564, ""4"": 0.9004, ""5"": 0.8471, ""6"": 0.4667, ""7"": 0.0119}","[0.4444, 0.0, 0.0, 1.0, 0.0, 0.8889, 0.875, 1.0, 0.0, 0.0, 0.0, 1.0, 0.2, 0.8571, 0.6, 1.0, 0.0, 0.0667, 0.1818, 1.0, 0.2222, 0.875, 0.875, 0.8, 0.0, 0.0, 1.0, 1.0, 0.0, 1.0, 0.8, 0.875, 0.0, 0.0, 0.8, 1.0, 0.1429, 0.9091, 1.0, 0.625, 0.0, 0.0, 1.0, 0.8889, 0.0, 0.9, 1.0, 0.8889, 0.0, 0.0, 0.8333, 0.8, 0.0, 1.0, 1.0, 1.0, 0.0, 0.0, 0.9167, 0.2857, 0.0, 0.8182, 0.75, 0.9, 0.0, 0.0, 0.8889, 0.0, 0.6, 1.0, 0.8889, 0.8571, 0.0, 0.0, 1.0, 0.125, 1.0, 1.0, 0.9091, 1.0, 0.0, 0.0, 0.8333, 0.0, 1.0, 0.8333, 0.9091, 0.8, 0.0, 0.0, 0.9091, 0.0, 1.0, 0.8333, 0.5556, 1.0, 0.0, 0.0, 0.8333, 0.8571, 0.8333, 1.0, 0.5714, 1.0, 0.0, 0.0, 0.7143, 1.0, 0.125, 0.875, 0.875, 0.0, 0.0, 0.0, 1.0, 0.6667, 0.0, 0.8571, 0.7, 0.0, 0.125, 0.0, 1.0, 1.0, 0.0, 1.0, 1.0, 0.0, 0.0, 0.0, 1.0, 0.8333, 0.0, 1.0, 0.7143, 0.0, 0.0, 0.0, 0.7778, 0.9167, 0.0, 0.8889, 0.9167, 0.0, 0.0, 0.1, 1.0, 0.7143, 0.0, 0.625, 0.5, 0.0, 0.0, 0.0, 0.5714, 0.8889, 0.0, 1.0, 1.0, 0.0, 0.125, 0.0, 1.0, 0.8, 0.25, 0.5556, 0.8, 0.0, 0.0, 0.0, 0.8571, 0.8333, 0.0, 1.0, 0.8889, 0.0, 0.0, 0.0, 0.8182, 0.8889, 0.0, 1.0, 0.6667, 0.0, 0.0, 0.2, 1.0, 0.8333, 0.0, 1.0, 1.0, 0.0, 0.0, 1.0, 0.1111, 1.0, 0.0, 1.0, 1.0, 0.2, 0.0, 1.0, 0.0, 0.8571, 0.0, 0.8333, 0.8889, 0.0, 0.25, 0.7778, 0.0, 0.8571, 0.0, 0.8182, 1.0, 0.1667, 0.0, 0.8571, 0.0, 1.0, 0.0, 0.8889, 1.0, 0.1818, 0.0, 1.0, 0.0, 1.0, 0.0, 1.0, 1.0, 0.0, 0.0, 0.3333, 0.0, 0.9167, 0.0, 1.0, 0.5, 1.0, 0.0, 0.0, 0.0, 1.0, 0.0, 1.0, 0.875, 0.8571, 0.0, 0.0]","[11, 26, 29, 35, 92, 95, 146, 160, 173, 195, 201, 222, 239]"
one_per_team,0:49,49,one_per_team,0.712,0.712,0.712,1.0,0.712,0.0,81,True,1424,0,251,325,0,"[0.05, 0.071, 0.084, 0.0995, 0.121, 0.1445, 0.171, 0.196, 0.225, 0.2465, 0.264, 0.2775, 0.2905, 0.3025, 0.316, 0.327, 0.337, 0.3445, 0.3525, 0.364, 0.3755, 0.379, 0.3815, 0.3855, 0.388, 0.3915, 0.3955, 0.3985, 0.4025, 0.407, 0.413, 0.416, 0.419, 0.423, 0.4275, 0.429, 0.43, 0.433, 0.438, 0.443, 0.4475, 0.451, 0.4575, 0.465, 0.4705, 0.474, 0.476, 0.4815, 0.489, 0.4985, 0.5075, 0.515, 0.527, 0.5335, 0.544, 0.5575, 0.57, 0.5825, 0.5955, 0.6075, 0.618, 0.624, 0.6295, 0.637, 0.6455, 0.655, 0.6645, 0.668, 0.671, 0.6755, 0.6805, 0.683, 0.6875, 0.689, 0.6905, 0.6925, 0.696, 0.703, 0.709, 0.7115, 0.712, 0.712, 0.712, 0.712, 0.712, 0.712, 0.712, 0.712, 0.712, 0.712, 0.712, 0.712, 0.712, 0.712, 0.712, 0.712, 0.712, 0.712, 0.712, 0.712, 0.712]","{""0"": 0.0766, ""1"": 0.7529, ""2"": 0.904, ""3"": 0.8848, ""4"": 0.8924, ""5"": 0.8471, ""6"": 0.85, ""7"": 0.5296}","[0.6667, 0.0, 0.7778, 1.0, 1.0, 0.8889, 0.875, 1.0, 0.0, 0.0, 1.0, 0.6667, 0.9, 0.8571, 0.6, 1.0, 0.0833, 0.0667, 0.7273, 1.0, 0.8889, 0.875, 0.875, 0.8, 0.1667, 0.0, 0.75, 1.0, 0.8182, 0.8571, 0.8, 1.0, 0.1429, 0.0, 0.8, 1.0, 0.8571, 0.9091, 1.0, 0.625, 0.1, 0.1429, 1.0, 0.8889, 0.8333, 0.9, 1.0, 0.8889, 0.0, 0.0, 0.8333, 0.8, 1.0, 1.0, 1.0, 1.0, 0.875, 0.1429, 0.9167, 1.0, 0.8571, 0.8182, 0.75, 0.9, 1.0, 0.0833, 0.8889, 1.0, 0.8, 1.0, 0.8889, 0.8571, 1.0, 0.0, 1.0, 0.875, 1.0, 1.0, 0.9091, 1.0, 0.875, 0.0, 0.8333, 1.0, 1.0, 0.8333, 0.9091, 0.8, 0.8571, 0.4286, 0.9091, 0.6667, 0.9, 0.8333, 0.5556, 0.8333, 0.875, 0.125, 0.8333, 0.8571, 0.8333, 1.0, 0.5714, 1.0, 1.0, 0.125, 0.7143, 1.0, 0.625, 0.875, 0.875, 0.7857, 0.8, 0.125, 1.0, 0.6667, 1.0, 0.8571, 0.7, 0.7778, 0.875, 0.0, 1.0, 1.0, 0.75, 1.0, 1.0, 1.0, 0.8, 0.0, 1.0, 0.8333, 1.0, 1.0, 0.7143, 0.5833, 0.0, 0.0, 0.7778, 0.9167, 0.8182, 0.8889, 0.9167, 0.8571, 0.0909, 0.1, 0.8889, 0.7143, 1.0, 0.625, 0.5, 1.0, 0.0, 0.125, 0.7143, 0.8889, 1.0, 1.0, 1.0, 0.5714, 0.875, 0.0, 1.0, 1.0, 1.0, 0.5556, 0.8, 1.0, 0.8333, 0.0, 0.8571, 0.8333, 0.8571, 0.9, 0.8889, 0.5, 0.8462, 0.125, 0.8182, 1.0, 0.875, 1.0, 0.6667, 1.0, 1.0, 0.0, 1.0, 0.8333, 0.8571, 1.0, 1.0, 0.8571, 0.75, 0.2, 0.1111, 0.8889, 1.0, 1.0, 1.0, 1.0, 1.0, 0.1111, 0.0, 0.8571, 1.0, 0.8333, 0.8889, 0.8333, 1.0, 0.1111, 0.0, 0.8571, 0.8571, 0.8182, 1.0, 0.5, 0.9167, 0.0, 0.1, 1.0, 1.0, 0.8889, 0.9, 0.8182, 0.7778, 0.0, 1.0, 1.0, 0.6667, 1.0, 1.0, 0.7143, 0.0909, 0.3333, 0.9, 0.9167, 0.8, 1.0, 0.5, 1.0, 0.1429, 0.1429, 0.7778, 1.0, 0.8, 1.0, 1.0, 0.8571, 0.0, 0.25]","[2, 6, 7, 11, 15, 16, 18, 20, 21, 22, 26, 27, 29, 31, 32, 35, 37, 40, 41, 45, 52, 55, 59, 61, 62, 65, 68, 69, 70, 72, 74, 75, 80, 83, 86, 88, 89, 92, 93, 95, 97, 99, 101, 103, 104, 105, 106, 112, 114, 117, 118, 124, 132, 135, 144, 146, 148, 149, 150, 153, 154, 156, 157, 160, 162, 163, 164, 165, 167, 168, 172, 173, 175, 177, 179, 181, 187, 188, 189, 192, 193, 195, 199, 201, 211, 214, 219, 220, 222, 229, 230, 232, 234, 236, 239, 243, 244, 245, 246, 249]"
