seeding.strategy,rep,strategy,final_rate,peak_rate,plateau,relapse,steps_to_fixed_point,converged,n_adopted,n_not_able,n_not_willing,n_not_ready,n_relapsed,curve,dept_rates,team_rates
broadcast,0,broadcast,0.4365,0.4365,0.4365,0.0,77,True,873,0,283,844,0,"[0.0, 0.0215, 0.0285, 0.0345, 0.044, 0.0515, 0.06, 0.0695, 0.0785, 0.086, 0.093, 0.1, 0.11, 0.118, 0.1265, 0.136, 0.145, 0.153, 0.1585, 0.165, 0.1735, 0.181, 0.189, 0.1975, 0.2035, 0.21, 0.2155, 0.222, 0.2305, 0.239, 0.246, 0.2595, 0.2685, 0.2725, 0.2785, 0.2835, 0.2885, 0.2925, 0.295, 0.2985, 0.302, 0.307, 0.312, 0.3145, 0.317, 0.3205, 0.3235, 0.3275, 0.333, 0.3445, 0.354, 0.3635, 0.3685, 0.3725, 0.3745, 0.3755, 0.3785, 0.381, 0.385, 0.3885, 0.392, 0.3955, 0.398, 0.4, 0.4035, 0.407, 0.411, 0.4135, 0.4165, 0.4185, 0.4205, 0.4235, 0.4275, 0.431, 0.434, 0.4355, 0.4365, 0.4365, 0.4365, 0.4365, 0.4365, 0.4365, 0.4365, 0.4365, 0.4365, 0.4365, 0.4365, 0.4365, 0.4365, 0.4365, 0.4365, 0.4365, 0.4365, 0.4365, 0.4365, 0.4365, 0.4365, 0.4365, 0.4365, 0.4365, 0.4365]","{""0"": 0.3421, ""1"": 0.8554, ""2"": 0.1154, ""3"": 0.2008, ""4"": 0.619, ""5"": 0.589, ""6"": 0.264, ""7"": 0.5223}","[0.7778, 0.1, 0.8, 0.0, 0.8333, 0.9, 0.125, 0.0, 0.0, 0.0, 0.6667, 0.0, 1.0, 1.0, 0.125, 0.0, 0.1111, 0.0, 0.3333, 0.0, 0.1667, 0.8571, 0.1, 0.0, 0.125, 0.0, 1.0, 0.8, 0.1429, 0.75, 0.0, 0.0, 0.1667, 0.75, 1.0, 0.8889, 0.0, 0.0, 0.0, 0.5714, 0.0, 0.8889, 0.7778, 0.9091, 0.0, 0.1, 0.0, 0.75, 0.0, 0.8571, 0.8333, 0.0, 0.1667, 0.0, 0.0, 0.75, 0.375, 1.0, 0.7143, 0.0, 0.0, 0.4286, 0.0, 0.8333, 1.0, 1.0, 0.8333, 0.0, 0.0, 0.6667, 0.5, 1.0, 0.7143, 1.0, 0.5556, 0.0, 0.0833, 0.9231, 0.7143, 0.9, 1.0, 0.875, 1.0, 0.2222, 0.0, 1.0, 1.0, 0.7778, 1.0, 0.6667, 1.0, 0.0, 0.0, 0.8333, 0.7143, 0.8889, 1.0, 1.0, 0.8, 0.0, 0.0, 1.0, 0.8571, 1.0, 0.7143, 1.0, 0.875, 0.0, 0.2857, 1.0, 0.875, 0.875, 0.9, 0.75, 0.8333, 0.0, 0.0, 1.0, 0.8, 0.0, 1.0, 1.0, 1.0, 0.5, 0.0, 0.8, 1.0, 0.0, 0.8889, 1.0, 0.9091, 0.0, 0.0, 1.0, 0.9091, 0.0, 0.875, 0.0909, 1.0, 0.0, 0.0, 1.0, 0.8333, 0.0, 0.8333, 0.0, 0.8333, 0.0, 0.0, 0.25, 0.7143, 0.0, 0.8, 0.0, 0.8235, 0.0, 0.0, 0.0, 0.8, 0.0, 0.8889, 0.0, 1.0, 0.0, 0.2857, 0.0, 0.8333, 0.0, 0.9231, 0.0, 0.6667, 0.0, 0.0, 0.0, 1.0, 0.0, 0.7143, 0.0, 0.875, 0.1538, 0.0909, 0.0, 0.8, 0.0, 0.7778, 0.0, 1.0, 0.0, 0.0, 0.3333, 0.625, 0.0, 1.0, 0.0, 1.0, 0.0, 0.0, 0.1, 1.0, 0.0, 0.8333, 0.0, 0.6667, 0.0, 0.0, 0.8333, 1.0, 0.125, 0.0, 0.1, 1.0, 0.0, 0.25, 0.75, 1.0, 0.0, 0.0, 0.0, 0.8889, 0.0, 0.8333, 0.8, 0.8889, 0.1429, 0.0, 0.1667, 0.75, 0.0, 0.6667, 0.75, 0.6667, 0.0, 0.0, 0.0, 0.8333, 0.0, 0.8889, 1.0, 1.0, 0.0, 0.0, 0.1111, 0.9167, 0.0, 1.0, 1.0, 0.6, 0.0, 0.0, 0.125]"
broadcast,1,broadcast,0.202,0.202,0.202,0.0,52,True,404,0,292,1304,0,"[0.0, 0.025, 0.034, 0.042, 0.052, 0.062, 0.072, 0.077, 0.0805, 0.0835, 0.0875, 0.094, 0.098, 0.102, 0.105, 0.1075, 0.1105, 0.1145, 0.12, 0.1235, 0.125, 0.126, 0.1275, 0.1285, 0.131, 0.1335, 0.137, 0.1415, 0.1455, 0.149, 0.1515, 0.1535, 0.1545, 0.1565, 0.158, 0.1595, 0.1615, 0.1645, 0.166, 0.168, 0.1725, 0.177, 0.1795, 0.183, 0.1865, 0.1885, 0.1915, 0.194, 0.197, 0.2005, 0.2015, 0.202, 0.202, 0.202, 0.202, 0.202, 0.202, 0.202, 0.202, 0.202, 0.202, 0.202, 0.202, 0.202, 0.202, 0.202, 0.202, 0.202, 0.202, 0.202, 0.202, 0.202, 0.202, 0.202, 0.202, 0.202, 0.202, 0.202, 0.202, 0.202, 0.202, 0.202, 0.202, 0.202, 0.202, 0.202, 0.202, 0.202, 0.202, 0.202, 0.202, 0.202, 0.202, 0.202, 0.202, 0.202, 0.202, 0.202, 0.202, 0.202, 0.202]","{""0"": 0.1192, ""1"": 0.336, ""2"": 0.0766, ""3"": 0.7269, ""4"": 0.0127, ""5"": 0.0223, ""6"": 0.0948, ""7"": 0.2065}","[0.1111, 0.0, 0.2, 0.0, 1.0, 0.0, 0.0, 0.0, 0.625, 0.0, 0.2, 0.0, 0.8182, 0.0, 0.1111, 0.1429, 0.8182, 0.0, 0.0, 0.0, 0.8, 0.0, 0.0, 0.0, 1.0, 0.0, 0.0, 0.1, 1.0, 0.0, 0.0, 0.0, 0.9, 0.875, 0.0, 0.1111, 1.0, 0.0, 0.0, 0.0, 0.625, 1.0, 0.0, 0.0, 0.8571, 0.0, 0.0, 0.0, 0.0, 1.0, 0.0, 0.0, 0.7, 0.0, 0.0, 0.0, 0.0, 0.2222, 0.0, 0.0, 1.0, 0.0, 0.0, 0.1111, 0.0, 0.0, 0.0, 0.0, 1.0, 0.0, 0.0, 0.0, 0.0, 0.0, 0.0, 0.0909, 1.0, 0.0, 0.0, 0.0, 0.125, 0.0, 0.1667, 0.0, 0.0, 0.0, 0.0, 0.0, 0.0, 0.1818, 0.0, 0.0, 0.0714, 0.0, 0.0, 0.0, 0.0, 0.25, 0.0, 0.0, 0.2, 0.0, 0.0, 0.0, 0.0, 0.0, 0.125, 0.1667, 0.0833, 0.0, 0.0, 0.3333, 0.0, 0.0909, 1.0, 0.8571, 0.3, 0.0, 0.0, 0.3333, 0.0, 0.0, 1.0, 0.5714, 0.6, 0.0, 0.0667, 0.6667, 0.1, 0.0, 0.5, 0.5, 0.8462, 0.0, 0.0, 0.6667, 0.6667, 0.0, 0.375, 0.0, 0.875, 0.0, 0.0, 0.0909, 0.0, 0.0, 0.0, 0.0, 0.8333, 0.0, 0.0, 0.2222, 0.0, 0.0, 0.0, 0.0, 0.8571, 0.1111, 0.0, 0.0833, 0.0, 0.0, 0.0, 0.0, 1.0, 0.0, 0.0, 0.25, 0.0, 0.0, 1.0, 0.0, 1.0, 0.0, 0.0, 0.0, 0.125, 0.1667, 0.9167, 0.1429, 0.8333, 0.0, 0.0909, 0.0, 0.0, 0.0, 0.7778, 0.0, 0.8889, 0.0909, 0.25, 0.0, 0.0, 0.0, 0.7143, 0.0, 0.8889, 0.1429, 0.1, 0.0, 0.0, 0.0909, 0.8889, 0.125, 0.7692, 0.0, 0.0, 0.0, 0.0, 0.1667, 0.9231, 0.0, 1.0, 0.0, 0.0, 0.0, 0.0, 0.0, 0.7778, 0.0, 1.0, 0.0, 0.0, 0.0833, 0.0, 0.0, 0.1667, 0.0, 0.7143, 0.0, 0.0, 0.0, 0.0, 0.0, 0.0, 0.0, 0.7778, 0.0, 0.125, 0.0, 0.4286, 0.0, 0.0, 0.0, 0.7143, 0.0, 0.0, 0.0, 0.8, 0.0]"
broadcast,2,broadcast,0.0685,0.0685,0.0685,0.0,31,True,137,0,304,1559,0,"[0.0, 0.0185, 0.022, 0.0255, 0.027, 0.028, 0.029, 0.0295, 0.03, 0.0305, 0.0315, 0.0335, 0.0365, 0.0395, 0.042, 0.044, 0.0465, 0.0495, 0.0525, 0.054, 0.056, 0.058, 0.06, 0.0605, 0.0615, 0.063, 0.0645, 0.0665, 0.067, 0.0675, 0.0685, 0.0685, 0.0685, 0.0685, 0.0685, 0.0685, 0.0685, 0.0685, 0.0685, 0.0685, 0.0685, 0.0685, 0.0685, 0.0685, 0.0685, 0.0685, 0.0685, 0.0685, 0.0685, 0.0685, 0.0685, 0.0685, 0.0685, 0.0685, 0.0685, 0.0685, 0.0685, 0.0685, 0.0685, 0.0685, 0.0685, 0.0685, 0.0685, 0.0685, 0.0685, 0.0685, 0.0685, 0.0685, 0.0685, 0.0685, 0.0685, 0.0685, 0.0685, 0.0685, 0.0685, 0.0685, 0.0685, 0.0685, 0.0685, 0.0685, 0.0685, 0.0685, 0.0685, 0.0685, 0.0685, 0.0685, 0.0685, 0.0685, 0.0685, 0.0685, 0.0685, 0.0685, 0.0685, 0.0685, 0.0685, 0.0685, 0.0685, 0.0685, 0.0685, 0.0685, 0.0685]","{""0"": 0.0076, ""1"": 0.0308, ""2"": 0.0165, ""3"": 0.0235, ""4"": 0.0159, ""5"": 0.0163, ""6"": 0.4219, ""7"": 0.0367}","[0.1111, 0.0, 0.0, 0.0, 0.0, 0.0, 0.0, 0.8571, 0.0, 0.0, 0.0, 0.1667, 0.0, 0.0, 0.0, 0.8571, 0.0, 0.0, 0.125, 0.0, 0.0, 0.0, 0.0, 1.0, 0.0, 0.0, 0.0, 0.0, 0.0, 0.0, 0.0, 0.0, 0.0, 0.0, 0.0, 0.0, 0.0, 0.0, 0.0, 0.5, 0.0, 0.25, 0.0, 0.0, 0.0, 0.0, 0.2, 0.125, 0.0, 0.0, 0.125, 0.0, 0.1429, 0.0, 0.0, 0.0, 0.0, 0.0, 0.1667, 0.0, 0.0, 0.4, 0.0, 0.0, 0.0, 0.0, 0.0909, 0.0, 0.0, 0.0, 0.0, 0.0, 0.0, 0.0, 0.0909, 0.0, 0.125, 0.0, 0.0, 0.125, 0.0, 0.0, 0.0, 0.0, 0.0, 0.0, 0.1, 0.0, 0.0, 0.0, 0.0, 0.0, 0.0, 0.0, 0.0, 0.0, 0.0, 0.0, 0.0909, 0.0, 0.0, 0.0, 0.0, 0.0, 0.1, 0.0, 0.0, 0.0, 0.0, 0.0, 0.0, 0.0, 0.0, 0.0, 0.0, 0.0, 0.0, 0.0, 0.0, 0.0, 0.0, 0.0, 0.0, 0.0, 0.0, 0.0, 0.0, 0.0, 0.0, 0.0, 0.0, 0.0, 0.0, 0.0, 0.0, 0.0, 0.0, 0.0, 0.0, 0.0, 0.0, 0.0, 0.0, 0.2222, 0.0, 0.1429, 0.0, 0.1, 0.0, 0.0, 0.0, 0.0, 0.0, 0.0, 0.0, 0.0, 0.0, 0.0, 0.0, 0.0, 0.0, 0.0, 0.0, 0.0, 0.0, 0.0, 0.0, 0.0, 0.0, 0.0, 0.0, 0.0, 0.1111, 0.1, 0.1429, 0.8, 0.25, 0.0, 0.1429, 0.0, 0.0, 0.0, 0.0, 0.8182, 0.0, 0.0, 0.0, 0.0, 0.0, 0.0, 0.0, 0.7143, 0.5, 0.0, 0.0, 0.2, 0.0, 0.0833, 0.0, 1.0, 0.375, 0.0, 0.0, 0.0, 0.0, 0.0, 0.0, 1.0, 0.0, 0.0, 0.0, 0.0769, 0.0909, 0.0, 0.0, 1.0, 0.0, 0.0, 0.1111, 0.0, 0.0, 0.0, 0.0, 0.8, 0.0, 0.0, 0.0, 0.0, 0.1111, 0.0, 0.0, 0.8571, 0.1429, 0.0, 0.0, 0.0, 0.0, 0.0, 0.0, 0.8571, 0.0, 0.0, 0.0, 0.0, 0.1, 0.0, 0.0, 0.8889, 0.0, 0.0]"
broadcast,3,broadcast,0.31,0.31,0.31,0.0,57,True,620,0,305,1075,0,"[0.0, 0.027, 0.0395, 0.047, 0.0525, 0.0605, 0.0715, 0.082, 0.093, 0.1045, 0.1145, 0.123, 0.128, 0.1345, 0.1395, 0.144, 0.148, 0.15, 0.152, 0.154, 0.157, 0.162, 0.1665, 0.1715, 0.175, 0.178, 0.183, 0.1885, 0.196, 0.201, 0.207, 0.2135, 0.219, 0.226, 0.231, 0.2375, 0.244, 0.252, 0.2585, 0.2695, 0.2785, 0.284, 0.2875, 0.29, 0.291, 0.2915, 0.2925, 0.293, 0.2935, 0.294, 0.2945, 0.296, 0.297, 0.2985, 0.302, 0.307, 0.31, 0.31, 0.31, 0.31, 0.31, 0.31, 0.31, 0.31, 0.31, 0.31, 0.31, 0.31, 0.31, 0.31, 0.31, 0.31, 0.31, 0.31, 0.31, 0.31, 0.31, 0.31, 0.31, 0.31, 0.31, 0.31, 0.31, 0.31, 0.31, 0.31, 0.31, 0.31, 0.31, 0.31, 0.31, 0.31, 0.31, 0.31, 0.31, 0.31, 0.31, 0.31, 0.31, 0.31, 0.31]","{""0"": 0.4522, ""1"": 0.0135, ""2"": 0.0394, ""3"": 0.896, ""4"": 0.4826, ""5"": 0.2815, ""6"": 0.1389, ""7"": 0.1492}","[0.5556, 0.0, 0.0, 0.0, 0.7143, 0.0, 0.0, 0.0, 0.25, 0.0, 0.0, 0.0769, 0.8889, 0.0, 0.0, 0.0, 0.0, 0.1429, 0.0, 0.0, 0.9091, 0.0, 0.0, 0.0, 0.0, 0.2857, 0.0, 0.0, 1.0, 0.3, 0.0, 0.25, 0.0, 0.8182, 0.0, 0.1538, 0.8571, 0.1667, 0.0, 0.8571, 0.0, 0.0, 0.0, 0.25, 1.0, 0.4444, 0.0, 0.8889, 0.0, 0.0, 0.0, 0.0, 0.7, 0.8, 0.0, 1.0, 0.0, 1.0, 0.0, 0.0, 0.75, 0.7, 0.0833, 1.0, 0.0, 0.625, 0.0, 0.0, 1.0, 1.0, 0.0, 0.1, 0.5, 0.8125, 0.2, 0.0, 1.0, 0.8333, 0.0909, 0.0, 1.0, 0.8462, 0.0, 0.125, 0.75, 1.0, 0.9, 0.0, 0.875, 0.9, 0.0, 0.0, 0.8333, 0.8571, 0.875, 0.0, 0.75, 1.0, 0.0, 0.0, 0.7778, 0.2, 1.0, 0.25, 0.7143, 1.0, 0.0, 0.0, 1.0, 0.0, 1.0, 0.0, 0.0, 1.0, 0.0, 0.0, 1.0, 0.0, 0.6667, 0.0, 0.1, 1.0, 0.0, 0.0, 0.8, 0.2, 0.9, 0.0, 0.0, 0.8, 0.0, 0.0, 1.0, 0.75, 1.0, 0.0, 0.0, 0.0, 0.0, 0.0, 1.0, 1.0, 0.8, 0.0, 0.125, 0.9, 0.0, 0.0833, 0.5556, 0.6667, 0.7, 0.0, 0.0, 0.7143, 0.0, 0.0, 0.9, 0.0, 0.1667, 0.0, 0.1, 0.9286, 0.0, 0.0, 1.0, 0.0, 0.0, 0.0, 0.25, 1.0, 0.0, 0.1667, 1.0, 0.0, 0.0, 0.0, 0.0, 0.0, 0.125, 0.1111, 0.75, 0.0, 0.0, 0.0, 0.0, 0.0, 0.0, 0.0, 1.0, 0.2, 0.0, 0.0, 0.0, 0.0, 0.0, 0.0, 1.0, 1.0, 0.0, 0.0, 0.1111, 0.0, 0.1667, 0.0, 1.0, 0.875, 0.0556, 0.0, 0.0, 0.0714, 0.0, 0.0, 0.8571, 1.0, 0.0, 0.0, 0.0, 0.0, 0.0, 0.0, 0.9167, 0.8, 0.0, 0.0, 0.0, 0.0, 0.0, 0.125, 1.0, 0.875, 0.0, 0.0, 0.0, 0.0, 0.0, 0.0, 1.0, 0.8462, 0.0909, 0.0, 0.0, 0.0, 0.0, 0.0, 1.0, 0.5714, 0.0, 0.0, 0.25, 0.0]"
broadcast,4,broadcast,0.195,0.195,0.195,0.0,36,True,390,0,297,1313,0,"[0.0, 0.021, 0.026, 0.0305, 0.0385, 0.047, 0.0555, 0.0675, 0.0795, 0.0925, 0.0995, 0.103, 0.1075, 0.1115, 0.12, 0.1265, 0.1315, 0.134, 0.139, 0.144, 0.1495, 0.155, 0.16, 0.1615, 0.164, 0.1685, 0.174, 0.1765, 0.1785, 0.1795, 0.1815, 0.1835, 0.187, 0.191, 0.1935, 0.195, 0.195, 0.195, 0.195, 0.195, 0.195, 0.195, 0.195, 0.195, 0.195, 0.195, 0.195, 0.195, 0.195, 0.195, 0.195, 0.195, 0.195, 0.195, 0.195, 0.195, 0.195, 0.195, 0.195, 0.195, 0.195, 0.195, 0.195, 0.195, 0.195, 0.195, 0.195, 0.195, 0.195, 0.195, 0.195, 0.195, 0.195, 0.195, 0.195, 0.195, 0.195, 0.195, 0.195, 0.195, 0.195, 0.195, 0.195, 0.195, 0.195, 0.195, 0.195, 0.195, 0.195, 0.195, 0.195, 0.195, 0.195, 0.195, 0.195, 0.195, 0.195, 0.195, 0.195, 0.195, 0.195]","{""0"": 0.0265, ""1"": 0.4644, ""2"": 0.0078, ""3"": 0.1721, ""4"": 0.0039, ""5"": 0.8629, ""6"": 0.0161, ""7"": 0.037}","[0.2222, 0.0, 1.0, 0.0, 0.5556, 0.1, 1.0, 0.125, 0.0, 0.0, 0.8571, 0.0, 1.0, 0.0, 1.0, 0.0, 0.1111, 0.0, 1.0, 0.0, 0.75, 0.0, 1.0, 0.0, 0.0, 0.0, 0.375, 0.0909, 0.6667, 0.0, 0.8889, 0.0, 0.0909, 0.125, 0.0, 0.0, 1.0, 0.0, 1.0, 0.0, 0.0, 0.0, 0.0, 0.0, 0.25, 0.0, 1.0, 0.0, 0.0, 0.0, 0.1429, 0.0, 0.0, 0.0, 0.8, 0.0, 0.0, 0.0, 0.0, 0.0, 0.1, 0.0, 0.8333, 0.1, 0.0, 0.0, 0.0, 0.0, 0.1, 0.0, 0.8889, 0.1429, 0.1111, 0.0, 0.0, 0.0, 0.0, 0.0, 0.8, 0.0, 0.0, 0.0, 0.0, 0.0, 0.0, 0.0, 0.75, 0.1111, 0.0, 0.0, 0.0, 0.0, 0.0, 0.0, 0.8667, 0.0, 0.0, 0.0, 0.0, 0.0, 0.1667, 0.0, 0.625, 0.0, 0.0, 0.0, 0.25, 0.0, 0.0, 0.0, 0.8, 0.0, 0.0, 0.1429, 0.0, 0.0, 0.0, 0.0, 0.8889, 0.0, 0.0, 0.0, 0.0, 0.0, 0.0, 0.0, 0.8333, 0.0, 0.0, 0.125, 0.1429, 0.0, 0.0, 0.0, 0.8571, 0.0, 0.25, 0.0, 0.0, 0.0, 0.0, 0.0, 0.7143, 0.0, 0.25, 0.1429, 0.1667, 0.0, 0.2222, 0.0, 0.7778, 0.0, 0.0, 0.1, 0.7143, 0.0, 0.0833, 0.0, 0.8333, 0.0, 0.0, 0.0, 0.75, 0.0, 0.0, 0.0, 0.8571, 0.0, 0.0, 0.0, 0.7778, 0.0833, 0.0, 0.0, 0.8571, 0.0, 0.0, 0.0, 1.0, 0.0, 0.0, 0.0, 1.0, 0.0, 0.0, 0.125, 1.0, 0.0, 0.0, 0.0, 0.6667, 0.0, 0.0, 0.0, 1.0, 0.0, 0.1, 0.0, 0.8889, 0.0, 0.0, 0.0, 0.5, 0.0, 0.0, 0.0, 0.7778, 0.0, 0.0, 0.0, 0.7778, 0.0, 0.1429, 0.0, 1.0, 0.0, 0.0, 0.125, 0.9, 0.0, 0.0, 0.0, 0.6667, 0.0, 0.0, 0.0, 1.0, 0.0, 0.125, 0.0, 0.8333, 0.0, 0.0, 0.0, 0.8182, 0.0, 0.0, 0.0, 1.0, 0.0, 0.3333, 0.0, 1.0, 0.0, 0.0, 0.0, 1.0, 0.0, 0.0, 0.0]"
broadcast,5,broadcast,0.0485,0.0485,0.0485,0.0,13,True,97,0,289,1614,0,"[0.0, 0.0165, 0.0195, 0.0215, 0.0255, 0.03, 0.0365, 0.0415, 0.0455, 0.047, 0.0475, 0.048, 0.0485, 0.0485, 0.0485, 0.0485, 0.0485, 0.0485, 0.0485, 0.0485, 0.0485, 0.0485, 0.0485, 0.0485, 0.0485, 0.0485, 0.0485, 0.0485, 0.0485, 0.0485, 0.0485, 0.0485, 0.0485, 0.0485, 0.0485, 0.0485, 0.0485, 0.0485, 0.0485, 0.0485, 0.0485, 0.0485, 0.0485, 0.0485, 0.0485, 0.0485, 0.0485, 0.0485, 0.0485, 0.0485, 0.0485, 0.0485, 0.0485, 0.0485, 0.0485, 0.0485, 0.0485, 0.0485, 0.0485, 0.0485, 0.0485, 0.0485, 0.0485, 0.0485, 0.0485, 0.0485, 0.0485, 0.0485, 0.0485, 0.0485, 0.0485, 0.0485, 0.0485, 0.0485, 0.0485, 0.0485, 0.0485, 0.0485, 0.0485, 0.0485, 0.0485, 0.0485, 0.0485, 0.0485, 0.0485, 0.0485, 0.0485, 0.0485, 0.0485, 0.0485, 0.0485, 0.0485, 0.0485, 0.0485, 0.0485, 0.0485, 0.0485, 0.0485, 0.0485, 0.0485, 0.0485]","{""0"": 0.0199, ""1"": 0.0086, ""2"": 0.0112, ""3"": 0.1088, ""4"": 0.1727, ""5"": 0.0292, ""6"": 0.0226, ""7"": 0.0195}","[0.0, 0.0667, 0.0, 0.0, 0.25, 0.0, 0.0, 0.0, 0.0, 0.0, 0.0, 0.0, 0.5, 0.0, 0.0, 0.0, 0.0, 0.0, 0.0, 0.125, 1.0, 0.0, 0.0, 0.125, 0.0, 0.0, 0.0833, 0.0, 1.0, 0.0, 0.0, 0.0, 0.0, 0.0833, 0.0, 0.0, 0.0909, 0.0, 0.0, 0.0, 0.0, 0.0, 0.0, 0.0, 0.0, 0.0, 0.0, 0.125, 0.0833, 0.0, 0.1429, 0.0, 0.0, 0.0, 0.0, 0.0, 0.0, 0.0, 0.0, 0.0, 0.0, 0.0, 0.0, 0.0, 0.0, 0.0, 0.0, 0.0, 0.0, 0.0, 0.0, 0.0, 0.1111, 0.0, 0.0, 0.1111, 0.1429, 0.0, 0.0909, 0.0, 0.0, 0.0, 0.0, 0.0, 0.0, 0.1429, 0.0909, 0.0, 0.0, 0.0, 0.0, 0.0, 0.0, 0.0, 0.0, 0.0, 0.0, 0.1429, 0.0, 0.0, 0.0, 0.0, 0.0, 0.1429, 0.0, 0.0, 0.0, 0.0, 0.0, 0.0, 0.0, 0.0, 0.0, 0.0, 0.0, 0.0, 0.0909, 0.3333, 0.0, 0.0, 0.0, 0.0, 0.0, 0.0, 0.0, 0.6667, 0.0, 0.125, 0.0, 0.0, 0.0, 0.0, 0.0, 0.875, 0.0, 0.0, 0.0, 0.0, 0.0, 0.0, 0.0, 0.9, 0.0, 0.0, 0.0, 0.0, 0.0, 0.1667, 0.0, 1.0, 0.0, 0.0, 0.0, 0.0, 0.0, 0.0, 0.0, 0.875, 0.0, 0.1, 0.0, 0.0, 0.0, 0.0, 0.0, 0.7778, 0.0, 0.0, 0.0, 0.0, 0.0, 0.0, 0.0, 0.0, 0.0, 0.0, 0.0, 0.0, 0.0, 0.0, 0.0, 0.0, 0.0, 0.0, 0.0, 0.0, 0.0, 0.0, 0.0, 0.0909, 0.0, 0.0, 0.0, 0.0, 0.0, 0.0, 0.0, 0.0, 0.0, 0.0833, 0.125, 0.2, 0.0, 0.0, 0.0, 0.0, 0.1429, 0.0, 0.125, 0.1111, 0.0, 0.0, 0.0, 0.0, 0.25, 0.0, 0.0, 0.0, 0.0, 0.0, 0.0, 0.0, 0.0, 0.0, 0.0909, 0.0, 0.0, 0.0, 0.0769, 0.0, 0.3333, 0.0, 0.0, 0.0, 0.0, 0.0, 0.0, 0.0, 0.0, 0.0, 0.0, 0.0, 0.0, 0.0, 0.125, 0.0, 0.0, 0.0, 0.0, 0.0]"
broadcast,6,broadcast,0.1005,0.1005,0.1005,0.0,29,True,201,0,301,1498,0,"[0.0, 0.0245, 0.0355, 0.0425, 0.0475, 0.052, 0.054, 0.0555, 0.058, 0.0615, 0.065, 0.0675, 0.071, 0.074, 0.0765, 0.078, 0.0805, 0.0825, 0.085, 0.086, 0.0875, 0.0895, 0.0905, 0.0925, 0.0945, 0.097, 0.098, 0.1, 0.1005, 0.1005, 0.1005, 0.1005, 0.1005, 0.1005, 0.1005, 0.1005, 0.1005, 0.1005, 0.1005, 0.1005, 0.1005, 0.1005, 0.1005, 0.1005, 0.1005, 0.1005, 0.1005, 0.1005, 0.1005, 0.1005, 0.1005, 0.1005, 0.1005, 0.1005, 0.1005, 0.1005, 0.1005, 0.1005, 0.1005, 0.1005, 0.1005, 0.1005, 0.1005, 0.1005, 0.1005, 0.1005, 0.1005, 0.1005, 0.1005, 0.1005, 0.1005, 0.1005, 0.1005, 0.1005, 0.1005, 0.1005, 0.1005, 0.1005, 0.1005, 0.1005, 0.1005, 0.1005, 0.1005, 0.1005, 0.1005, 0.1005, 0.1005, 0.1005, 0.1005, 0.1005, 0.1005, 0.1005, 0.1005, 0.1005, 0.1005, 0.1005, 0.1005, 0.1005, 0.1005, 0.1005, 0.1005]","{""0"": 0.0233, ""1"": 0.4053, ""2"": 0.0252, ""3"": 0.0472, ""4"": 0.2008, ""5"": 0.0231, ""6"": 0.0467, ""7"": 0.0091}","[0.1111, 0.0, 0.0, 0.1, 0.0, 0.0, 0.0, 0.0, 0.0, 0.0, 0.1111, 0.0, 0.0, 0.7778, 0.0, 0.1111, 0.0, 0.1111, 0.0, 0.0, 0.0, 0.9091, 0.0714, 0.0, 0.0, 0.0, 0.1667, 0.0, 0.0, 1.0, 0.0, 0.0, 0.1, 0.0, 0.0909, 0.0, 0.2857, 0.0, 0.0, 0.0, 0.0, 0.0, 0.0, 0.0, 0.0, 0.0, 0.0, 0.0, 0.0, 0.1429, 0.6667, 0.0, 0.0, 0.0, 0.0, 0.0, 0.0, 0.0, 0.7692, 0.1667, 0.0, 0.0, 0.0, 0.0, 0.0, 0.0, 1.0, 0.0, 0.1667, 0.0, 0.0, 0.25, 0.0, 0.0, 0.8, 0.0, 0.0, 0.0, 0.0, 0.0, 0.0, 0.0, 0.7143, 0.1, 0.1667, 0.0, 0.0, 0.0, 0.0, 0.0, 0.8889, 0.0, 0.0, 0.0, 0.0, 0.0, 0.0, 0.0, 0.8889, 0.0, 0.0, 0.1, 0.1429, 0.1429, 0.0, 0.125, 1.0, 0.0, 0.0, 0.25, 0.0, 0.2, 0.0, 0.1, 1.0, 0.0, 0.1, 0.0, 0.0, 0.2222, 0.0, 0.0, 0.8333, 0.0, 0.0, 0.0, 0.0, 0.0, 0.0, 0.1111, 1.0, 0.0, 0.0, 0.0, 0.125, 0.125, 0.0, 0.0, 0.8571, 0.0, 0.0, 0.0, 0.1111, 0.0, 0.125, 0.0, 1.0, 0.1429, 0.0, 0.2, 0.0, 0.0, 0.0, 0.0, 0.625, 0.0, 0.0, 0.0, 0.0, 0.0, 0.0, 0.0, 0.0, 0.0, 0.0, 0.0, 0.0, 0.0, 0.0, 0.0, 0.0, 0.0, 0.2, 0.75, 0.0, 0.0, 0.0, 0.0, 0.0, 0.3333, 0.2857, 0.875, 0.0, 0.0, 0.0, 0.0, 0.1111, 0.0, 0.1429, 0.8571, 0.0, 0.1, 0.0, 0.0, 0.125, 0.0, 0.0, 0.0, 0.25, 0.125, 0.0, 0.0, 0.0, 0.0, 0.0, 0.0, 0.0, 0.0909, 0.0, 0.0, 0.0, 0.0, 0.0, 0.0, 0.0, 0.0, 0.0, 0.1111, 0.25, 0.0, 0.0, 0.0, 0.0, 0.0, 0.0, 0.0, 0.0, 0.0, 0.0, 0.125, 0.0, 0.1, 0.0, 0.0, 0.0, 0.0, 0.1111, 0.0, 0.0, 0.0, 0.0, 0.0, 0.0, 0.0, 0.1111, 0.0, 0.0, 0.0, 0.0, 0.0]"
broadcast,7,broadcast,0.333,0.333,0.333,-0.0,42,True,666,0,281,1053,0,"[0.0, 0.0255, 0.0355, 0.043, 0.0505, 0.0605, 0.076, 0.0915, 0.1035, 0.1125, 0.123, 0.1345, 0.145, 0.1575, 0.1685, 0.1795, 0.1895, 0.1975, 0.208, 0.2185, 0.2255, 0.234, 0.244, 0.253, 0.2605, 0.267, 0.273, 0.2805, 0.2865, 0.292, 0.2955, 0.299, 0.3035, 0.309, 0.3145, 0.3185, 0.321, 0.324, 0.3285, 0.3315, 0.3325, 0.333, 0.333, 0.333, 0.333, 0.333, 0.333, 0.333, 0.333, 0.333, 0.333, 0.333, 0.333, 0.333, 0.333, 0.333, 0.333, 0.333, 0.333, 0.333, 0.333, 0.333, 0.333, 0.333, 0.333, 0.333, 0.333, 0.333, 0.333, 0.333, 0.333, 0.333, 0.333, 0.333, 0.333, 0.333, 0.333, 0.333, 0.333, 0.333, 0.333, 0.333, 0.333, 0.333, 0.333, 0.333, 0.333, 0.333, 0.333, 0.333, 0.333, 0.333, 0.333, 0.333, 0.333, 0.333, 0.333, 0.333, 0.333, 0.333, 0.333]","{""0"": 0.3961, ""1"": 0.0317, ""2"": 0.5021, ""3"": 0.0482, ""4"": 0.3819, ""5"": 0.3226, ""6"": 0.5783, ""7"": 0.3832}","[0.4444, 0.0, 0.0, 0.0, 0.0, 0.875, 0.6667, 1.0, 0.1111, 0.0, 0.0, 0.0, 0.0, 0.9091, 0.8182, 0.7778, 0.0, 0.0, 0.0, 0.0, 0.1429, 1.0, 1.0, 0.6, 0.0769, 0.0, 0.0, 0.8333, 0.0, 0.75, 1.0, 0.2, 0.1111, 0.0, 0.0, 1.0, 0.0, 0.75, 0.875, 0.0, 0.0, 0.1667, 0.0, 0.8, 0.25, 1.0, 0.8889, 0.0, 0.0, 0.3333, 0.0909, 0.8, 0.0, 0.9, 0.875, 0.0, 0.75, 0.0, 0.0, 0.6, 0.2857, 0.8889, 0.8333, 0.0, 0.8889, 0.1818, 0.0, 0.8, 0.0, 1.0, 0.625, 0.0, 0.8571, 0.0, 0.0, 0.7273, 0.0, 1.0, 0.0, 0.0, 1.0, 0.1667, 0.0, 0.7143, 0.0, 0.875, 0.0, 0.0, 1.0, 0.1429, 0.0, 0.6667, 0.0, 0.8571, 0.0, 0.1429, 1.0, 0.0, 0.0, 0.7143, 0.0, 0.0, 0.0, 0.0, 1.0, 0.0, 0.1111, 1.0, 0.0, 0.0, 0.1111, 0.25, 1.0, 0.25, 0.0, 0.9167, 0.1667, 0.0, 0.0, 0.6667, 0.9, 1.0, 0.0, 0.8, 0.0, 0.0, 0.0, 0.9091, 0.9, 0.6, 0.0, 0.5714, 0.0, 0.0, 0.0, 1.0, 1.0, 1.0, 0.0, 0.875, 0.0, 0.0, 0.0, 0.875, 0.8889, 1.0, 0.0, 0.875, 0.1429, 0.0, 0.0, 0.8571, 0.75, 1.0, 0.0, 0.8333, 0.0, 0.0, 0.0, 1.0, 0.0, 1.0, 0.1429, 0.7778, 0.0, 0.2, 0.1429, 0.8462, 0.0, 0.8, 0.0, 0.75, 0.0, 0.0, 0.0, 0.5714, 0.0, 0.8571, 0.0, 0.1429, 0.4, 0.0, 0.0, 1.0, 0.0, 1.0, 0.0, 0.0909, 0.0, 0.0, 0.0, 0.75, 0.0, 0.7, 0.2222, 0.8, 0.0, 0.0, 0.0, 0.7778, 0.0, 0.9, 0.2222, 0.0, 0.0, 0.0, 0.0, 0.9, 0.0, 0.9091, 0.0, 0.0, 0.0, 0.0, 0.0, 0.8571, 0.0, 0.6667, 0.0, 0.0, 0.0, 0.0, 0.0, 1.0, 0.0, 0.0, 0.0, 0.0, 0.0, 0.0, 1.0, 0.9091, 0.0, 0.0, 0.0, 0.0, 0.0, 0.0, 0.6667, 1.0, 0.0, 0.0, 0.1667, 0.0, 0.2, 0.375, 0.7, 0.75, 0.0, 0.0]"
broadcast,8,broadcast,0.081,0.081,0.081,0.0,18,True,162,0,307,1531,0,"[0.0, 0.0195, 0.027, 0.0335, 0.041, 0.0465, 0.0545, 0.062, 0.0655, 0.0675, 0.0705, 0.073, 0.0755, 0.0765, 0.077, 0.078, 0.0795, 0.081, 0.081, 0.081, 0.081, 0.081, 0.081, 0.081, 0.081, 0.081, 0.081, 0.081, 0.081, 0.081, 0.081, 0.081, 0.081, 0.081, 0.081, 0.081, 0.081, 0.081, 0.081, 0.081, 0.081, 0.081, 0.081, 0.081, 0.081, 0.081, 0.081, 0.081, 0.081, 0.081, 0.081, 0.081, 0.081, 0.081, 0.081, 0.081, 0.081, 0.081, 0.081, 0.081, 0.081, 0.081, 0.081, 0.081, 0.081, 0.081, 0.081, 0.081, 0.081, 0.081, 0.081, 0.081, 0.081, 0.081, 0.081, 0.081, 0.081, 0.081, 0.081, 0.081, 0.081, 0.081, 0.081, 0.081, 0.081, 0.081, 0.081, 0.081, 0.081, 0.081, 0.081, 0.081, 0.081, 0.081, 0.081, 0.081, 0.081, 0.081, 0.081, 0.081, 0.081]","{""0"": 0.0216, ""1"": 0.0492, ""2"": 0.1236, ""3"": 0.2148, ""4"": 0.0429, ""5"": 0.1275, ""6"": 0.0325, ""7"": 0.0216}","[0.3333, 0.0, 0.0, 0.5, 0.0, 0.0, 0.0, 0.1429, 0.1667, 0.0, 0.0, 1.0, 0.0, 0.0, 0.0, 0.0, 0.0, 0.0, 0.0, 1.0, 0.0, 0.0, 0.0, 0.1111, 0.0, 0.0, 0.0, 1.0, 0.0, 0.1111, 0.0, 0.0, 0.0, 0.0, 0.3333, 0.0909, 0.0, 0.0, 0.3333, 0.5556, 0.0, 0.0, 0.125, 0.0769, 0.0, 0.0, 0.125, 0.0, 0.0, 0.0, 0.4, 0.0, 0.0, 0.0, 0.0, 0.0, 0.0, 0.0, 0.1111, 0.0, 0.0, 0.0, 0.0, 0.0, 0.0, 0.0, 0.2308, 0.0769, 0.0, 0.0, 0.0, 0.0, 0.0, 0.0, 0.0, 0.125, 0.0, 0.0, 0.0, 0.0, 0.0, 0.0, 0.0, 0.0, 0.0, 0.375, 0.0, 0.0, 0.0, 0.1667, 0.125, 0.0, 0.0, 0.1111, 0.0, 0.0, 0.0, 0.0, 0.0, 0.0, 0.0, 0.0, 0.0, 0.0, 0.0, 0.0, 0.0, 0.0, 0.0, 0.0, 0.0, 0.0, 0.2222, 0.0, 0.0, 0.0, 0.0, 0.0, 0.0, 0.0, 0.0, 0.0, 0.0, 0.1111, 0.0, 0.1818, 0.0, 0.0, 0.0, 0.0, 0.0, 0.0, 0.0, 0.1, 0.0, 0.0, 0.1429, 0.0, 0.0, 0.0, 0.0, 0.0, 0.0, 0.0, 0.0, 0.0, 0.0, 0.0, 0.0, 0.0, 0.0, 0.1, 0.0, 0.0, 0.0, 0.0, 1.0, 0.0, 0.0, 0.0, 0.0, 0.0, 0.0, 0.0, 0.9091, 0.0, 0.0, 0.0, 0.0, 0.0, 0.0, 0.0, 0.875, 0.0, 0.0, 0.0, 0.0, 0.0, 0.0, 0.0, 0.875, 0.0, 0.1429, 0.0, 0.0, 0.0, 0.0833, 0.0, 1.0, 0.0, 0.0, 0.0, 0.0, 0.0, 0.0, 0.0, 0.8571, 0.0, 0.0, 0.0, 0.0, 0.0, 0.0, 0.0, 0.7778, 0.0, 1.0, 0.0, 0.0, 0.1111, 0.0, 0.0, 0.2857, 0.0, 1.0, 0.0, 0.2, 0.0, 0.0, 0.0, 0.0, 0.0, 0.8571, 0.0, 0.0, 0.0, 0.0, 0.0, 0.0, 0.0, 0.6, 0.0, 0.0, 0.1429, 0.1429, 0.3333, 0.2, 0.0, 0.0, 0.0, 0.0, 0.2857, 0.0, 0.6667, 0.0, 0.0, 0.0, 0.0, 0.0, 0.0]"
broadcast,9,broadcast,0.0545,0.0545,0.0545,-0.0,15,True,109,0,297,1594,0,"[0.0, 0.018, 0.0215, 0.024, 0.028, 0.0315, 0.036, 0.0415, 0.0445, 0.048, 0.05, 0.052, 0.053, 0.054, 0.0545, 0.0545, 0.0545, 0.0545, 0.0545, 0.0545, 0.0545, 0.0545, 0.0545, 0.0545, 0.0545, 0.0545, 0.0545, 0.0545, 0.0545, 0.0545, 0.0545, 0.0545, 0.0545, 0.0545, 0.0545, 0.0545, 0.0545, 0.0545, 0.0545, 0.0545, 0.0545, 0.0545, 0.0545, 0.0545, 0.0545, 0.0545, 0.0545, 0.0545, 0.0545, 0.0545, 0.0545, 0.0545, 0.0545, 0.0545, 0.0545, 0.0545, 0.0545, 0.0545, 0.0545, 0.0545, 0.0545, 0.0545, 0.0545, 0.0545, 0.0545, 0.0545, 0.0545, 0.0545, 0.0545, 0.0545, 0.0545, 0.0545, 0.0545, 0.0545, 0.0545, 0.0545, 0.0545, 0.0545, 0.0545, 0.0545, 0.0545, 0.0545, 0.0545, 0.0545, 0.0545, 0.0545, 0.0545, 0.0545, 0.0545, 0.0545, 0.0545, 0.0545, 0.0545, 0.0545, 0.0545, 0.0545, 0.0545, 0.0545, 0.0545, 0.0545, 0.0545]","{""0"": 0.0039, ""1"": 0.0073, ""2"": 0.0222, ""3"": 0.004, ""4"": 0.0167, ""5"": 0.1004, ""6"": 0.0632, ""7"": 0.22}","[0.0, 0.0, 0.0, 0.0, 0.0, 0.0, 0.0, 0.0, 0.0, 0.0, 0.0, 0.0, 0.0, 0.0, 0.0, 0.0, 0.0, 0.0, 0.125, 0.4, 0.0, 0.0, 0.0, 0.4, 0.0, 0.0, 0.0, 0.0, 0.0, 0.0, 0.0, 0.5, 0.0, 0.0, 0.0, 0.0, 0.0, 0.0, 0.0, 0.0, 0.0, 0.0, 0.0, 0.0, 0.0, 0.0, 0.0, 0.0909, 0.0909, 0.0, 0.0, 0.0, 0.0, 0.0, 0.0, 0.0, 0.0, 0.0, 0.0, 0.0, 0.0, 0.0, 0.0, 0.0, 0.0, 0.0, 0.0, 0.0, 0.0, 0.0, 0.2, 0.0, 0.0, 0.0, 0.0, 0.2857, 0.0, 0.0, 0.0, 0.0, 0.0, 0.0, 0.0, 0.0, 0.0, 0.0, 0.0, 0.0, 0.0, 0.0, 0.0, 0.0, 0.0, 0.0, 0.125, 0.0833, 0.0, 0.0, 0.0, 0.0, 0.0, 0.0, 0.0, 0.0, 0.0, 0.0, 0.0, 0.0, 0.0, 0.0, 0.1429, 0.0769, 0.0714, 0.0, 0.0, 0.0, 0.0, 0.0, 0.4, 0.0, 0.0, 0.0, 0.0, 0.0, 0.0, 0.1429, 0.0, 0.1429, 0.0, 0.0, 0.0, 0.0, 0.0, 0.0, 0.0, 0.0, 0.0, 0.0, 0.0, 0.0, 0.0, 0.0, 0.0, 0.0, 0.0, 0.0, 0.0, 0.1, 0.0, 0.0, 0.0, 0.0714, 0.0, 0.0, 0.0, 0.0, 0.0, 0.1, 0.2857, 0.1667, 0.1111, 0.0, 0.0, 0.0, 0.0, 0.0, 1.0, 0.0, 0.0, 0.0, 0.0, 0.0, 0.0, 0.1, 0.4444, 0.0, 0.0, 0.0909, 0.0, 0.0, 0.0, 0.0, 0.2222, 0.0, 0.1667, 0.0, 0.0, 0.0, 0.0, 0.0, 0.0, 0.1667, 0.7692, 0.0, 0.0, 0.0, 0.0, 0.0, 0.0, 0.0, 0.8333, 0.0, 0.0, 0.0, 0.0714, 0.0909, 0.2, 0.0, 0.875, 0.0, 0.0, 0.0, 0.0, 0.0, 0.2, 0.0, 1.0, 0.0, 0.0833, 0.0, 0.0, 0.0, 0.0, 0.4, 1.0, 0.0, 0.0, 0.0, 0.0, 0.0, 0.0769, 0.0, 0.8182, 0.0, 0.0, 0.0, 0.0, 0.0, 0.0, 0.1429, 0.8, 0.0, 0.0, 0.0, 0.0, 0.0, 0.0, 0.0, 0.0, 0.0]"
broadcast,10,broadcast,0.0825,0.0825,0.0825,0.0,22,True,165,0,319,1516,0,"[0.0, 0.0245, 0.0305, 0.0365, 0.041, 0.0455, 0.0505, 0.0545, 0.0575, 0.0595, 0.0615, 0.0635, 0.0645, 0.0655, 0.067, 0.0685, 0.07, 0.072, 0.076, 0.0785, 0.0815, 0.0825, 0.0825, 0.0825, 0.0825, 0.0825, 0.0825, 0.0825, 0.0825, 0.0825, 0.0825, 0.0825, 0.0825, 0.0825, 0.0825, 0.0825, 0.0825, 0.0825, 0.0825, 0.0825, 0.0825, 0.0825, 0.0825, 0.0825, 0.0825, 0.0825, 0.0825, 0.0825, 0.0825, 0.0825, 0.0825, 0.0825, 0.0825, 0.0825, 0.0825, 0.0825, 0.0825, 0.0825, 0.0825, 0.0825, 0.0825, 0.0825, 0.0825, 0.0825, 0.0825, 0.0825, 0.0825, 0.0825, 0.0825, 0.0825, 0.0825, 0.0825, 0.0825, 0.0825, 0.0825, 0.0825, 0.0825, 0.0825, 0.0825, 0.0825, 0.0825, 0.0825, 0.0825, 0.0825, 0.0825, 0.0825, 0.0825, 0.0825, 0.0825, 0.0825, 0.0825, 0.0825, 0.0825, 0.0825, 0.0825, 0.0825, 0.0825, 0.0825, 0.0825, 0.0825, 0.0825]","{""0"": 0.0308, ""1"": 0.0472, ""2"": 0.0256, ""3"": 0.0474, ""4"": 0.0123, ""5"": 0.4327, ""6"": 0.0345, ""7"": 0.0363}","[0.0, 0.2, 0.0, 0.0, 0.8333, 0.0, 0.6667, 0.0, 0.0, 0.0, 0.0, 0.0, 0.3333, 0.0, 0.875, 0.0, 0.0, 0.0, 0.0, 0.0, 0.0, 0.0, 0.8571, 0.0, 0.0, 0.0, 0.0, 0.0, 0.1667, 0.0, 0.8571, 0.0, 0.0, 0.0, 0.0, 0.0, 0.0, 0.0, 0.5, 0.25, 0.0, 0.0, 0.1429, 0.0, 0.1, 0.0, 0.0, 0.1, 0.125, 0.0, 0.0, 0.0, 0.0, 0.0, 0.1429, 0.2, 0.0, 0.1429, 0.0, 0.0, 0.0, 0.0, 0.0, 0.0, 0.0, 0.0, 0.0, 0.6667, 0.0, 0.0, 0.0, 0.1667, 0.0, 0.0, 0.0, 0.0, 0.0, 0.0, 0.0, 0.0, 0.0, 0.0, 0.0, 0.0, 0.0, 0.0, 0.0, 0.0909, 0.1429, 0.0, 0.0, 0.0, 0.0, 0.0, 0.0, 0.0, 0.0, 0.0, 0.0, 0.0, 0.0, 0.0, 0.0, 0.0, 0.0, 0.0, 0.0, 0.125, 0.0714, 0.0, 0.0, 0.0, 0.0, 0.0, 0.0, 0.0, 0.0, 0.0, 0.0, 0.0, 0.0, 0.0, 0.0, 0.0, 0.0, 0.0, 0.0, 0.1, 0.0, 0.0, 0.1111, 0.0, 0.0, 0.0, 0.0, 0.0, 0.0, 0.125, 0.0, 0.0, 0.0, 0.0, 0.0, 0.0, 0.0, 0.0, 0.1818, 0.0, 0.0, 0.0, 0.1667, 0.0, 0.0, 0.0, 0.0, 0.0, 0.0, 0.1429, 0.75, 0.0909, 0.0, 0.0, 0.0, 0.0, 0.0, 0.0, 0.9, 0.0, 0.0, 0.1, 0.1429, 0.0, 0.0, 0.0, 0.6667, 0.0, 0.0, 0.0, 0.0, 0.0, 0.0, 0.0, 0.8, 0.0, 0.0, 0.1, 0.0, 0.0, 0.0, 0.125, 0.7778, 0.0, 0.2, 0.2222, 0.0, 0.0, 0.0, 0.0, 0.875, 0.0, 0.8571, 0.0, 0.0, 0.125, 0.0, 0.0, 0.7778, 0.0, 0.0, 0.1, 0.0, 0.0, 0.0909, 0.1429, 0.5, 0.0, 0.0, 0.0, 0.0, 0.0, 0.0, 0.0, 0.8571, 0.0, 0.0, 0.0, 1.0, 0.0, 0.0, 0.0, 0.8333, 0.0, 0.0, 0.0, 0.1667, 0.0, 0.0, 0.0, 0.875, 0.0, 0.0, 0.0, 0.0, 0.0, 0.1667, 0.0, 1.0, 0.0, 0.0, 0.0]"
broadcast,11,broadcast,0.191,0.191,0.191,0.0,42,True,382,0,319,1299,0,"[0.0, 0.0245, 0.029, 0.0325, 0.0375, 0.0415, 0.048, 0.055, 0.064, 0.074, 0.083, 0.091, 0.1, 0.1075, 0.114, 0.118, 0.1225, 0.126, 0.1315, 0.135, 0.137, 0.14, 0.1435, 0.148, 0.152, 0.158, 0.1625, 0.165, 0.1665, 0.1685, 0.1705, 0.174, 0.177, 0.1815, 0.1855, 0.1875, 0.188, 0.1885, 0.189, 0.19, 0.1905, 0.191, 0.191, 0.191, 0.191, 0.191, 0.191, 0.191, 0.191, 0.191, 0.191, 0.191, 0.191, 0.191, 0.191, 0.191, 0.191, 0.191, 0.191, 0.191, 0.191, 0.191, 0.191, 0.191, 0.191, 0.191, 0.191, 0.191, 0.191, 0.191, 0.191, 0.191, 0.191, 0.191, 0.191, 0.191, 0.191, 0.191, 0.191, 0.191, 0.191, 0.191, 0.191, 0.191, 0.191, 0.191, 0.191, 0.191, 0.191, 0.191, 0.191, 0.191, 0.191, 0.191, 0.191, 0.191, 0.191, 0.191, 0.191, 0.191, 0.191]","{""0"": 0.7099, ""1"": 0.2979, ""2"": 0.0156, ""3"": 0.0233, ""4"": 0.2402, ""5"": 0.17, ""6"": 0.0163, ""7"": 0.0375}","[0.1111, 1.0, 0.0, 0.0, 0.0, 0.1429, 0.6923, 0.1667, 0.0, 1.0, 0.0, 0.0, 0.0, 0.0, 0.5833, 0.0, 0.0, 0.625, 0.0, 0.0, 0.0, 0.0, 0.0, 0.0, 0.0, 0.6667, 0.0, 0.0, 0.0, 0.3333, 0.0, 0.0, 0.0, 0.7333, 0.0, 0.0, 0.2857, 1.0, 0.0, 0.0, 0.0, 1.0, 0.0, 0.0, 0.0, 0.75, 0.1, 0.0, 0.0, 0.1818, 0.0, 0.0, 0.0, 1.0, 0.0, 0.0, 0.1429, 0.0909, 0.0, 0.0, 0.0, 0.7778, 0.0, 0.0, 0.0, 0.1429, 0.0, 0.0, 0.0, 0.6667, 0.0, 0.0, 0.0, 0.0, 0.0, 0.0, 0.0, 1.0, 0.0, 0.0, 0.0, 0.2, 0.0, 0.0, 0.0, 0.4286, 0.0, 0.0, 0.0, 1.0, 0.0, 0.0, 0.0, 0.1667, 0.0, 0.0, 0.0, 1.0, 0.125, 0.0, 0.0, 0.0, 0.0, 0.0, 0.0, 1.0, 0.0, 0.0, 0.0, 0.0909, 0.0, 0.0, 0.1429, 0.7, 0.5, 0.0, 0.0, 0.0, 0.0, 0.0, 0.0833, 0.75, 0.75, 0.0, 0.0, 0.125, 0.0, 0.0, 0.0, 0.8, 0.6667, 0.0, 0.0, 0.0, 0.1, 0.0, 0.0, 0.6, 1.0, 0.0, 0.0, 0.0, 0.0, 0.0, 0.0, 0.875, 1.0, 0.0, 0.0, 0.0, 0.0, 0.0, 0.0, 0.8333, 0.7778, 0.0, 0.2727, 0.0, 0.0, 0.0, 0.0, 0.875, 1.0, 0.0, 0.0, 0.0, 0.0, 0.0, 0.0, 0.9, 0.6364, 0.125, 0.0, 0.0, 0.0, 0.0, 0.1429, 0.6, 0.7143, 0.0, 0.0, 0.4, 0.0, 0.0, 0.0, 0.8571, 0.75, 0.0, 0.0, 0.0, 0.0, 0.125, 0.2, 0.9091, 0.6667, 0.1429, 0.0, 0.0, 0.0, 0.0, 0.0, 0.875, 0.2222, 0.0, 0.0, 0.1111, 0.0, 0.0769, 0.0, 0.8889, 0.2, 0.25, 0.0, 0.0, 0.0, 0.0, 0.0, 0.7778, 0.1429, 0.0, 0.0, 0.0, 0.0, 0.0, 0.0, 0.875, 0.0, 0.0, 0.0, 0.0, 0.75, 0.0, 0.4, 1.0, 0.0, 0.0, 0.0, 0.0, 1.0, 0.0, 0.0, 0.6667, 0.0, 0.0, 0.1111, 0.0, 1.0, 0.1111, 0.0, 0.8]"
broadcast,12,broadcast,0.118,0.118,0.118,0.0,49,True,236,0,266,1498,0,"[0.0, 0.0225, 0.029, 0.0325, 0.038, 0.0425, 0.044, 0.0465, 0.049, 0.0505, 0.0515, 0.0525, 0.053, 0.0535, 0.054, 0.055, 0.0565, 0.0585, 0.0595, 0.0615, 0.064, 0.066, 0.0675, 0.069, 0.0705, 0.074, 0.0795, 0.086, 0.089, 0.0895, 0.09, 0.0925, 0.0945, 0.097, 0.099, 0.1015, 0.103, 0.1045, 0.1055, 0.106, 0.1065, 0.1075, 0.1095, 0.1125, 0.113, 0.114, 0.115, 0.1165, 0.118, 0.118, 0.118, 0.118, 0.118, 0.118, 0.118, 0.118, 0.118, 0.118, 0.118, 0.118, 0.118, 0.118, 0.118, 0.118, 0.118, 0.118, 0.118, 0.118, 0.118, 0.118, 0.118, 0.118, 0.118, 0.118, 0.118, 0.118, 0.118, 0.118, 0.118, 0.118, 0.118, 0.118, 0.118, 0.118, 0.118, 0.118, 0.118, 0.118, 0.118, 0.118, 0.118, 0.118, 0.118, 0.118, 0.118, 0.118, 0.118, 0.118, 0.118, 0.118, 0.118]","{""0"": 0.0198, ""1"": 0.6023, ""2"": 0.0372, ""3"": 0.0891, ""4"": 0.0125, ""5"": 0.0159, ""6"": 0.1107, ""7"": 0.0328}","[0.0, 0.0, 1.0, 0.0, 0.0, 0.0, 0.0, 0.0, 0.0, 0.0, 1.0, 0.0, 0.25, 0.0, 0.0, 0.0, 0.0, 0.0, 0.8571, 0.0, 0.0, 0.0, 0.0, 0.0, 0.1111, 0.0, 0.8333, 0.0, 0.0, 0.0, 0.1111, 0.0, 0.0, 0.0, 1.0, 0.0, 0.0, 0.0, 0.0, 0.0, 0.0, 0.0, 0.875, 0.0, 0.1667, 0.0, 0.1111, 0.1111, 0.0, 0.0, 0.4, 0.0, 0.0, 0.0, 0.0, 0.0, 0.0, 0.25, 0.0, 0.0, 0.0, 0.0, 0.0, 0.2857, 0.0909, 0.0, 0.0, 0.25, 0.0, 0.0, 0.0, 0.0, 0.0, 0.0, 0.0, 0.0, 0.1429, 0.0, 0.0, 0.0, 0.0, 0.1, 0.0, 0.0, 0.0, 0.0, 0.0, 0.0, 0.2857, 0.1667, 0.2222, 0.0, 0.0, 0.0, 0.0, 0.0, 0.0, 0.125, 0.0, 0.0, 0.0, 0.1, 0.0, 0.0, 0.1, 0.0, 0.0, 0.1429, 0.0, 0.0, 0.0, 0.0, 0.0, 0.0, 0.0, 0.0, 0.0, 0.1429, 0.0, 0.0, 0.0, 0.0, 0.0, 0.0714, 0.1111, 0.0, 0.1, 0.75, 0.0, 0.0, 0.0, 0.1818, 0.8333, 0.0, 0.0, 1.0, 0.0, 0.0, 0.9167, 0.25, 1.0, 0.0, 0.0, 0.9, 0.25, 0.0, 0.8462, 0.1429, 0.875, 0.0, 0.0, 0.0, 0.0, 0.0, 1.0, 0.0, 0.0, 0.0, 0.0, 0.0, 0.0, 0.0, 0.9, 0.0, 0.0, 0.0, 0.0, 0.0, 0.0, 0.0, 1.0, 0.0, 0.0, 0.25, 0.0, 0.0, 0.0, 0.0, 1.0, 0.0, 0.0, 0.0, 0.0, 0.2222, 0.0, 0.0, 0.875, 0.0, 0.0, 0.0, 0.0, 0.0, 0.0, 0.0, 1.0, 0.0, 0.0, 0.0, 0.0, 0.0, 0.0, 0.0, 1.0, 0.0, 0.1111, 0.0, 0.0, 0.0, 0.0, 0.0, 1.0, 0.0, 0.0, 0.0, 0.0, 0.0, 0.0, 0.0, 0.7778, 0.0, 0.0, 0.0, 0.1, 0.0, 0.0, 0.0, 1.0, 0.0, 0.0, 0.0, 0.0, 0.2, 0.0, 0.0, 0.7273, 0.0, 0.0, 0.0, 0.0, 0.0, 0.0, 0.0, 1.0, 0.0, 0.0, 0.0, 0.0, 0.1667, 0.1, 0.0]"
broadcast,13,broadcast,0.193,0.193,0.193,0.0,42,True,386,0,303,1311,0,"[0.0, 0.021, 0.029, 0.035, 0.043, 0.05, 0.057, 0.0655, 0.071, 0.0755, 0.0815, 0.088, 0.0935, 0.1005, 0.106, 0.11, 0.114, 0.118, 0.1215, 0.125, 0.127, 0.1285, 0.1315, 0.1345, 0.1365, 0.14, 0.1465, 0.1535, 0.158, 0.1615, 0.1635, 0.1665, 0.1715, 0.1745, 0.1765, 0.1795, 0.181, 0.1835, 0.1875, 0.1895, 0.1915, 0.193, 0.193, 0.193, 0.193, 0.193, 0.193, 0.193, 0.193, 0.193, 0.193, 0.193, 0.193, 0.193, 0.193, 0.193, 0.193, 0.193, 0.193, 0.193, 0.193, 0.193, 0.193, 0.193, 0.193, 0.193, 0.193, 0.193, 0.193, 0.193, 0.193, 0.193, 0.193, 0.193, 0.193, 0.193, 0.193, 0.193, 0.193, 0.193, 0.193, 0.193, 0.193, 0.193, 0.193, 0.193, 0.193, 0.193, 0.193, 0.193, 0.193, 0.193, 0.193, 0.193, 0.193, 0.193, 0.193, 0.193, 0.193, 0.193, 0.193]","{""0"": 0.0288, ""1"": 0.0438, ""2"": 0.0187, ""3"": 0.026, ""4"": 0.6034, ""5"": 0.0363, ""6"": 0.0317, ""7"": 0.859}","[0.3333, 0.0, 0.0, 0.0, 0.0, 0.8333, 0.0769, 0.0, 0.7778, 0.125, 0.0, 0.0, 0.0, 1.0, 0.0, 0.0, 0.8, 0.0833, 0.25, 0.0, 0.0909, 0.8333, 0.0, 0.0, 0.8, 0.1667, 0.4286, 0.0, 0.0, 0.9, 0.0, 0.0, 1.0, 0.0, 0.0, 0.0, 0.0909, 0.875, 0.0, 0.0, 1.0, 0.0, 0.0, 0.0, 0.0, 0.6364, 0.0, 0.0, 0.8462, 0.0, 0.0, 0.0, 0.0, 0.8571, 0.0, 0.1429, 0.8, 0.0, 0.0, 0.0, 0.125, 0.0, 0.0, 0.0, 1.0, 0.1111, 0.0, 0.0, 0.0, 0.0, 0.0, 0.0, 0.8571, 0.1111, 0.1429, 0.0, 0.0, 0.25, 0.375, 0.0, 0.75, 0.0, 0.0, 0.0, 0.0, 0.0, 0.0, 0.0, 0.8, 0.0, 0.0, 0.0, 0.0, 0.0, 0.0, 0.0, 1.0, 0.0, 0.0, 0.4, 0.0, 0.0, 0.0, 0.125, 0.6667, 0.0, 0.1111, 0.0, 0.0, 0.0833, 0.0, 0.0, 1.0, 0.0, 0.0, 0.0, 0.125, 0.0, 0.2, 0.0, 0.8571, 0.0, 0.0, 0.0, 0.0, 0.0, 0.0, 0.0, 1.0, 0.0, 0.0, 0.0, 0.0, 0.7143, 0.125, 0.0, 1.0, 0.1538, 0.0, 0.0, 0.0, 1.0, 0.0, 0.0, 0.5, 0.0, 0.0, 0.0, 0.0, 0.875, 0.0667, 0.0, 0.8571, 0.0, 0.2222, 0.0, 0.0, 0.875, 0.0, 0.0, 0.7143, 0.0, 0.0, 0.0, 0.0, 1.0, 0.0, 0.1429, 0.8333, 0.0, 0.0, 0.0, 0.1667, 0.8, 0.0, 0.8, 0.9091, 0.1667, 0.0, 0.0, 0.125, 0.8571, 0.0, 0.0, 1.0, 0.0, 0.0, 0.0, 0.125, 0.8, 0.0, 0.0, 1.0, 0.0, 0.1111, 0.0909, 0.0, 0.5714, 0.0, 0.0, 0.8, 0.0, 0.0, 0.0, 0.0, 0.8, 0.0, 0.0, 0.8, 0.0, 0.0833, 0.0, 0.0, 0.7143, 0.2, 0.0, 0.8889, 0.0, 0.0, 0.0, 0.0, 0.75, 0.0, 0.0, 1.0, 0.0, 0.0, 0.0, 0.0, 0.8889, 0.0, 0.0, 0.75, 0.0, 0.0, 0.0, 0.0, 1.0, 0.0, 0.0, 1.0, 0.0, 0.0, 0.0, 0.0, 0.5833, 0.0, 0.0, 0.875, 0.0]"
broadcast,14,broadcast,0.141,0.141,0.141,0.0,51,True,282,0,297,1421,0,"[0.0, 0.019, 0.0225, 0.025, 0.0285, 0.032, 0.034, 0.0365, 0.0385, 0.0405, 0.042, 0.044, 0.046, 0.0475, 0.0495, 0.0515, 0.0535, 0.055, 0.058, 0.0625, 0.0675, 0.072, 0.075, 0.077, 0.078, 0.0785, 0.08, 0.083, 0.0865, 0.09, 0.092, 0.0935, 0.097, 0.1015, 0.1035, 0.104, 0.1045, 0.106, 0.1085, 0.1125, 0.117, 0.122, 0.1245, 0.1275, 0.1305, 0.134, 0.1355, 0.138, 0.14, 0.1405, 0.141, 0.141, 0.141, 0.141, 0.141, 0.141, 0.141, 0.141, 0.141, 0.141, 0.141, 0.141, 0.141, 0.141, 0.141, 0.141, 0.141, 0.141, 0.141, 0.141, 0.141, 0.141, 0.141, 0.141, 0.141, 0.141, 0.141, 0.141, 0.141, 0.141, 0.141, 0.141, 0.141, 0.141, 0.141, 0.141, 0.141, 0.141, 0.141, 0.141, 0.141, 0.141, 0.141, 0.141, 0.141, 0.141, 0.141, 0.141, 0.141, 0.141, 0.141]","{""0"": 0.0155, ""1"": 0.3388, ""2"": 0.6872, ""3"": 0.0285, ""4"": 0.0041, ""5"": 0.0164, ""6"": 0.0143, ""7"": 0.0895}","[0.3333, 0.0, 0.5, 0.9, 0.2222, 0.0, 0.0, 0.0, 0.0, 0.0, 0.8, 1.0, 0.125, 0.0, 0.0, 0.0, 0.1667, 0.0, 1.0, 1.0, 0.0, 0.0, 0.0, 0.0, 0.0, 0.0, 0.75, 0.75, 0.0, 0.0, 0.0, 0.0, 0.0, 0.1818, 1.0, 0.8, 0.0, 0.0, 0.0, 0.0, 0.0, 0.0, 1.0, 1.0, 0.0, 0.0, 0.0, 0.0, 0.0, 0.0, 0.875, 0.75, 0.0, 0.0, 0.0, 0.0, 0.1667, 0.0, 0.625, 1.0, 0.0, 0.0, 0.0, 0.0, 0.0, 0.0, 0.3333, 1.0, 0.0, 0.0, 0.0, 0.0, 0.0, 0.0, 0.125, 1.0, 0.1111, 0.0, 0.125, 0.1, 0.0, 0.0, 0.0, 0.8571, 0.0, 0.0, 0.0, 0.0, 0.0, 0.0, 0.0, 0.5, 0.125, 0.0, 0.0, 0.0667, 0.0, 0.0, 0.0, 0.8, 0.0, 0.0, 0.0, 0.0, 0.0, 0.0, 0.0, 1.0, 0.0, 0.0, 0.0, 0.0, 0.125, 0.0, 0.0, 0.8333, 0.0, 0.0, 0.0, 0.1429, 0.0, 0.0, 0.0, 0.0, 0.0, 0.0, 0.0833, 0.0, 0.1818, 0.0, 0.2222, 0.0, 0.1111, 0.0, 0.0, 0.0, 0.0, 0.0, 0.0, 0.0, 0.0, 0.0909, 0.0, 0.0, 0.0, 0.0, 0.2, 0.0, 0.0, 0.0, 0.0, 0.0909, 0.0, 0.0, 0.0, 0.0, 0.0, 0.0, 0.0, 0.0, 0.0, 0.0, 0.0, 0.0, 0.0, 0.0, 0.0, 0.0, 0.0, 0.0, 0.0, 0.0, 0.0, 0.0, 0.0, 0.0, 0.0, 0.0, 0.0, 0.7778, 0.1, 0.0, 0.0, 0.0, 0.0, 0.0, 0.0, 1.0, 0.0, 0.0, 0.0, 0.0, 0.1, 0.0833, 0.25, 1.0, 0.0, 0.0, 0.0, 0.0, 0.0, 0.0, 0.0, 1.0, 0.0, 0.0, 0.0, 0.0, 0.0, 0.0, 0.0, 0.8571, 0.0, 0.0, 0.0, 0.0, 0.1111, 0.0, 0.0, 0.6667, 0.0, 0.0, 0.0, 0.0, 1.0, 0.0, 0.5714, 0.7143, 0.0, 0.0, 0.0, 0.0, 1.0, 0.0, 0.5556, 0.8333, 0.0, 0.0, 0.1111, 0.0, 0.0, 0.1667, 0.7778, 1.0, 0.0, 0.0, 0.1111, 0.0, 0.0, 0.0]"
broadcast,15,broadcast,0.1915,0.1915,0.1915,0.0,33,True,383,0,320,1297,0,"[0.0, 0.0245, 0.0305, 0.0355, 0.0405, 0.0465, 0.057, 0.068, 0.0825, 0.092, 0.099, 0.106, 0.114, 0.1185, 0.1235, 0.13, 0.1335, 0.136, 0.138, 0.141, 0.1465, 0.155, 0.1605, 0.163, 0.167, 0.1705, 0.1735, 0.176, 0.1805, 0.184, 0.1875, 0.19, 0.1915, 0.1915, 0.1915, 0.1915, 0.1915, 0.1915, 0.1915, 0.1915, 0.1915, 0.1915, 0.1915, 0.1915, 0.1915, 0.1915, 0.1915, 0.1915, 0.1915, 0.1915, 0.1915, 0.1915, 0.1915, 0.1915, 0.1915, 0.1915, 0.1915, 0.1915, 0.1915, 0.1915, 0.1915, 0.1915, 0.1915, 0.1915, 0.1915, 0.1915, 0.1915, 0.1915, 0.1915, 0.1915, 0.1915, 0.1915, 0.1915, 0.1915, 0.1915, 0.1915, 0.1915, 0.1915, 0.1915, 0.1915, 0.1915, 0.1915, 0.1915, 0.1915, 0.1915, 0.1915, 0.1915, 0.1915, 0.1915, 0.1915, 0.1915, 0.1915, 0.1915, 0.1915, 0.1915, 0.1915, 0.1915, 0.1915, 0.1915, 0.1915, 0.1915]","{""0"": 0.0643, ""1"": 0.0568, ""2"": 0.02, ""3"": 0.7692, ""4"": 0.3508, ""5"": 0.0163, ""6"": 0.1446, ""7"": 0.122}","[0.1111, 0.0, 0.0, 0.0, 0.3333, 0.0, 0.0, 0.0, 0.0, 0.25, 0.0, 0.0, 0.7143, 0.0, 0.0, 0.0, 0.0, 0.0, 0.0, 0.0, 0.8333, 0.0, 0.0, 0.25, 0.0, 0.0, 0.0, 0.0, 1.0, 0.0, 0.0, 0.0, 0.0, 0.0, 0.0, 0.1429, 1.0, 0.0, 0.0, 0.125, 0.0, 0.0, 0.0, 0.0, 0.75, 0.0, 0.0, 0.0, 0.0, 0.0, 0.0, 0.0, 1.0, 0.2857, 0.0, 0.0, 0.0, 0.0, 0.1, 0.0, 1.0, 0.1, 0.0, 0.0, 0.0, 0.0, 0.125, 0.0, 0.7, 0.6667, 0.0, 0.0, 0.0, 0.0, 0.0, 0.0, 0.75, 0.0, 0.0, 0.1667, 0.0, 0.0, 0.0, 0.0, 0.8182, 0.0, 0.0, 0.0, 0.0, 0.0, 0.0, 0.0, 0.8889, 0.1111, 0.0, 0.0, 0.0, 0.125, 0.2222, 0.0, 1.0, 0.0, 0.0, 0.0, 0.0, 0.1111, 0.0, 0.0, 1.0, 0.0, 0.0, 0.125, 0.0, 0.0, 0.1, 0.125, 1.0, 0.2222, 0.1429, 0.8, 0.125, 0.1, 0.0, 0.0, 0.8, 0.8333, 0.125, 1.0, 0.0, 0.0, 0.0, 0.0, 0.8571, 1.0, 0.0, 0.8182, 0.0, 0.0, 0.5714, 0.0, 1.0, 0.8333, 0.0, 0.8889, 0.0, 0.0, 0.0, 0.0, 1.0, 0.8333, 0.125, 0.8333, 0.0, 0.0769, 0.0, 0.0, 0.8889, 0.8, 0.0, 0.0, 0.0, 0.0667, 0.1, 0.0, 1.0, 1.0, 0.0, 0.0, 0.1429, 0.0, 0.0, 0.0, 0.875, 1.0, 0.0, 0.0, 0.0, 0.0, 0.5, 0.0, 0.3333, 1.0, 0.0, 0.0, 0.0, 0.1111, 0.0, 0.0, 0.875, 1.0, 0.0, 0.0, 0.0, 0.0, 0.1111, 0.0, 0.1, 1.0, 0.0, 0.0, 0.125, 0.5, 0.0, 0.1429, 0.0, 1.0, 0.0, 0.0, 0.2, 0.0, 0.0, 0.0, 0.0, 0.5714, 0.0, 0.0, 0.8, 0.2857, 0.0, 0.0, 0.375, 0.1, 0.0833, 0.0, 1.0, 0.8, 0.0, 0.0, 1.0, 0.0, 0.0, 0.0, 0.8333, 0.1, 0.0, 0.2, 0.9091, 0.0, 0.0, 0.0, 0.8571, 0.0, 0.0, 0.0, 0.8889, 0.0, 0.0, 0.0, 0.8571, 0.0]"
broadcast,16,broadcast,0.2965,0.2965,0.2965,0.0,43,True,593,0,289,1118,0,"[0.0, 0.0245, 0.0325, 0.0395, 0.0485, 0.061, 0.0755, 0.087, 0.096, 0.105, 0.113, 0.1215, 0.1285, 0.136, 0.144, 0.151, 0.158, 0.1645, 0.1695, 0.174, 0.1815, 0.1925, 0.199, 0.207, 0.2165, 0.2245, 0.2315, 0.2405, 0.2475, 0.255, 0.2585, 0.262, 0.266, 0.2725, 0.2785, 0.2825, 0.288, 0.29, 0.2925, 0.294, 0.295, 0.296, 0.2965, 0.2965, 0.2965, 0.2965, 0.2965, 0.2965, 0.2965, 0.2965, 0.2965, 0.2965, 0.2965, 0.2965, 0.2965, 0.2965, 0.2965, 0.2965, 0.2965, 0.2965, 0.2965, 0.2965, 0.2965, 0.2965, 0.2965, 0.2965, 0.2965, 0.2965, 0.2965, 0.2965, 0.2965, 0.2965, 0.2965, 0.2965, 0.2965, 0.2965, 0.2965, 0.2965, 0.2965, 0.2965, 0.2965, 0.2965, 0.2965, 0.2965, 0.2965, 0.2965, 0.2965, 0.2965, 0.2965, 0.2965, 0.2965, 0.2965, 0.2965, 0.2965, 0.2965, 0.2965, 0.2965, 0.2965, 0.2965, 0.2965, 0.2965]","{""0"": 0.3984, ""1"": 0.0494, ""2"": 0.049, ""3"": 0.8927, ""4"": 0.0128, ""5"": 0.016, ""6"": 0.8651, ""7"": 0.0445}","[0.4444, 0.9, 0.0, 0.0, 0.7143, 0.0, 0.0, 0.9231, 0.0, 1.0, 0.0, 0.1429, 0.8333, 0.0, 0.0, 0.4, 0.0, 0.8, 0.0909, 0.0, 0.9231, 0.0, 0.0, 1.0, 0.1667, 0.8, 0.0, 0.0, 0.5714, 0.0, 0.0, 0.9091, 0.0, 1.0, 0.0, 0.0, 1.0, 0.0, 0.1, 0.8889, 0.0, 0.875, 0.0, 0.0, 1.0, 0.0, 0.0, 0.9, 0.0, 1.0, 0.0, 0.0, 0.9091, 0.0, 0.0, 0.8182, 0.0, 0.6, 0.1, 0.0, 1.0, 0.0, 0.0, 1.0, 0.0, 0.9167, 0.0, 0.0, 0.8889, 0.0, 0.0, 0.6667, 0.0, 0.8333, 0.0, 0.1667, 0.8571, 0.0, 0.0, 0.8571, 0.0769, 0.75, 0.2, 0.1667, 1.0, 0.0, 0.0, 1.0, 0.0, 0.0, 0.0, 0.0, 0.7778, 0.0, 0.0, 0.7778, 0.0, 0.0, 0.0, 0.1429, 0.8333, 0.0, 0.0, 1.0, 0.2222, 0.0, 0.0, 0.125, 0.8571, 0.0, 0.0, 0.8333, 0.0909, 0.0, 0.0, 0.2, 0.8462, 0.0, 0.1, 1.0, 0.1429, 0.0, 0.1111, 0.1667, 1.0, 0.0, 0.1111, 1.0, 0.25, 0.0, 0.0, 0.0, 0.8333, 0.0, 0.0, 0.9, 0.0, 0.1111, 0.0769, 0.0, 0.875, 0.0, 0.0, 1.0, 0.0, 0.0, 0.0, 0.0833, 1.0, 0.0, 0.0, 0.8333, 0.0, 0.2857, 0.0, 0.0, 0.8182, 0.0, 0.0, 0.8182, 0.2, 0.0, 0.0, 0.2857, 1.0, 0.0, 0.0, 1.0, 0.2222, 0.0, 0.5, 0.0, 0.9, 0.0, 0.0, 0.8889, 0.0, 0.0, 0.0, 0.0, 0.9167, 0.1, 0.0, 0.6, 0.0, 0.0, 0.0, 0.0, 0.8333, 0.125, 0.0, 0.75, 0.0, 0.0, 0.1429, 0.0, 0.75, 0.0, 0.0, 0.7778, 0.0, 0.0, 0.0, 0.0, 0.8889, 0.0, 0.0, 0.625, 0.0, 0.0, 0.0, 0.0833, 1.0, 0.0, 0.0909, 1.0, 0.0, 0.0, 0.0, 0.0, 1.0, 0.0, 0.0, 1.0, 0.0, 1.0, 0.0, 0.0, 0.7778, 0.1111, 0.0, 0.875, 0.0, 0.7143, 0.125, 0.0, 0.9091, 0.0, 0.0, 0.6667, 0.0, 0.625, 0.0833, 0.0, 1.0, 0.0, 0.0, 0.8333, 0.0, 0.75]"
broadcast,17,broadcast,0.155,0.155,0.155,0.0,24,True,310,0,316,1374,0,"[0.0, 0.026, 0.037, 0.0455, 0.055, 0.0635, 0.07, 0.0775, 0.085, 0.094, 0.101, 0.1065, 0.1115, 0.1175, 0.1215, 0.1255, 0.129, 0.133, 0.1375, 0.144, 0.149, 0.152, 0.1545, 0.155, 0.155, 0.155, 0.155, 0.155, 0.155, 0.155, 0.155, 0.155, 0.155, 0.155, 0.155, 0.155, 0.155, 0.155, 0.155, 0.155, 0.155, 0.155, 0.155, 0.155, 0.155, 0.155, 0.155, 0.155, 0.155, 0.155, 0.155, 0.155, 0.155, 0.155, 0.155, 0.155, 0.155, 0.155, 0.155, 0.155, 0.155, 0.155, 0.155, 0.155, 0.155, 0.155, 0.155, 0.155, 0.155, 0.155, 0.155, 0.155, 0.155, 0.155, 0.155, 0.155, 0.155, 0.155, 0.155, 0.155, 0.155, 0.155, 0.155, 0.155, 0.155, 0.155, 0.155, 0.155, 0.155, 0.155, 0.155, 0.155, 0.155, 0.155, 0.155, 0.155, 0.155, 0.155, 0.155, 0.155, 0.155]","{""0"": 0.0806, ""1"": 0.5072, ""2"": 0.0385, ""3"": 0.0276, ""4"": 0.2746, ""5"": 0.1405, ""6"": 0.1138, ""7"": 0.0196}","[0.0, 0.125, 0.5714, 0.0, 0.0, 0.0, 0.0, 0.0, 0.125, 0.2, 0.875, 0.0833, 0.0, 0.0, 0.0, 0.0, 0.0, 0.1429, 0.8889, 0.0, 0.0, 0.0, 0.0, 0.0, 0.0, 0.0, 1.0, 0.0, 0.0, 0.0, 0.0, 0.0, 0.0, 0.1111, 1.0, 0.0, 0.0909, 0.125, 0.0, 0.1111, 0.0, 0.0, 0.9, 0.0, 0.0, 0.0, 0.0, 0.0, 0.0, 0.0, 1.0, 0.125, 0.0, 0.0, 0.0, 0.0, 0.0, 0.2, 0.8333, 0.0, 0.125, 0.125, 0.0, 0.0, 0.1429, 0.0, 0.7778, 0.0, 0.0, 1.0, 0.0, 0.0, 0.0, 0.0, 0.0, 0.0, 0.1667, 0.8571, 0.0, 0.1667, 0.0, 0.0, 0.0, 0.0, 0.0, 0.8, 0.0, 0.0, 0.0, 0.0, 0.0, 0.0, 0.0, 0.75, 0.0, 0.0, 0.0, 0.0, 0.0, 0.0, 0.125, 0.9167, 0.25, 0.0, 0.0833, 0.0, 0.0, 0.0, 0.0, 0.75, 1.0, 0.125, 0.0, 0.0, 0.0, 0.0, 0.0, 1.0, 0.8571, 0.0, 0.0, 0.0, 0.1, 0.3333, 0.0, 0.8462, 0.8333, 0.0, 0.0, 0.0, 0.0, 0.1667, 0.1111, 0.3333, 0.8889, 0.0, 0.0, 0.0, 0.7778, 0.1538, 0.0, 0.0, 0.8333, 0.0, 0.0, 0.0, 0.9091, 0.2, 0.0, 0.0, 0.0, 0.0, 0.0, 0.0, 0.5556, 0.0, 0.0, 0.0, 0.0, 0.0, 0.0, 0.0, 0.9091, 0.0, 0.0, 0.1, 0.0, 0.0, 0.0, 0.0, 0.8571, 0.0, 0.0, 0.0, 0.0, 0.125, 0.0, 0.0, 0.8333, 0.0, 0.0909, 0.0, 0.0, 0.6667, 0.0, 0.0, 1.0, 0.0, 0.0, 0.0, 0.0, 0.7778, 0.0, 0.75, 0.8, 0.0, 0.1667, 0.0, 0.0, 0.8, 0.0, 0.75, 0.6667, 0.0, 0.0, 0.0, 0.0, 0.8333, 0.0, 0.0, 0.1, 0.0, 0.0, 0.0, 0.0, 0.0, 0.0, 0.0, 0.0, 0.0, 0.0, 0.0, 0.0, 0.0, 0.0, 0.1667, 0.0, 0.0, 0.0, 0.125, 0.0, 0.0, 0.0, 0.1, 0.0, 0.0769, 0.0, 0.0, 0.1429, 0.0, 0.0, 0.0, 0.2, 0.0, 0.0, 0.0, 0.0, 0.0, 0.1111, 0.0]"
broadcast,18,broadcast,0.4775,0.4775,0.4775,0.0,45,True,955,0,288,757,0,"[0.0, 0.0275, 0.038, 0.0475, 0.0565, 0.0645, 0.0735, 0.09, 0.112, 0.1335, 0.154, 0.1745, 0.194, 0.212, 0.2255, 0.237, 0.2515, 0.2595, 0.265, 0.2755, 0.291, 0.305, 0.3205, 0.3305, 0.3415, 0.3525, 0.3645, 0.3745, 0.3855, 0.3925, 0.397, 0.4015, 0.4065, 0.4125, 0.417, 0.4225, 0.428, 0.433, 0.4395, 0.4465, 0.4555, 0.464, 0.4705, 0.474, 0.4775, 0.4775, 0.4775, 0.4775, 0.4775, 0.4775, 0.4775, 0.4775, 0.4775, 0.4775, 0.4775, 0.4775, 0.4775, 0.4775, 0.4775, 0.4775, 0.4775, 0.4775, 0.4775, 0.4775, 0.4775, 0.4775, 0.4775, 0.4775, 0.4775, 0.4775, 0.4775, 0.4775, 0.4775, 0.4775, 0.4775, 0.4775, 0.4775, 0.4775, 0.4775, 0.4775, 0.4775, 0.4775, 0.4775, 0.4775, 0.4775, 0.4775, 0.4775, 0.4775, 0.4775, 0.4775, 0.4775, 0.4775, 0.4775, 0.4775, 0.4775, 0.4775, 0.4775, 0.4775, 0.4775, 0.4775, 0.4775]","{""0"": 0.0187, ""1"": 0.1008, ""2"": 0.8565, ""3"": 0.8502, ""4"": 0.5885, ""5"": 0.1345, ""6"": 0.874, ""7"": 0.4111}","[0.6667, 0.0, 0.75, 1.0, 0.875, 0.0, 0.5, 0.7273, 0.0, 0.0, 1.0, 0.7143, 0.8571, 0.0, 1.0, 0.8571, 0.0, 0.0, 1.0, 1.0, 0.8333, 0.0, 0.8, 0.875, 0.0, 0.0, 0.6667, 1.0, 1.0, 0.0, 0.8571, 1.0, 0.0, 0.0, 0.0, 1.0, 0.9167, 0.0, 1.0, 1.0, 0.0, 0.0, 0.0, 0.8333, 0.9167, 0.6, 0.0, 0.8333, 0.0, 0.0, 0.0, 0.8889, 1.0, 0.9231, 0.0, 0.9091, 0.1, 0.0, 0.0, 0.8571, 0.875, 0.75, 0.0909, 0.8, 0.0, 0.0, 0.0, 0.7143, 0.7143, 0.8889, 0.125, 0.875, 0.2222, 0.0, 0.1429, 0.75, 1.0, 0.875, 0.0, 0.8571, 0.25, 0.1429, 0.0, 0.8571, 0.8333, 1.0, 0.1111, 0.8571, 0.0, 0.1, 0.0, 1.0, 0.8, 1.0, 0.0, 0.8571, 0.125, 0.0667, 0.0, 0.8889, 0.8889, 0.8333, 0.0, 0.6667, 0.0, 0.0, 0.1111, 0.3333, 0.8333, 0.8182, 0.0, 0.8333, 0.75, 0.0, 0.0, 0.3333, 0.8571, 1.0, 0.0, 1.0, 0.9167, 0.0, 0.0, 0.7778, 0.9091, 1.0, 0.1429, 0.8333, 0.8, 0.0, 0.0, 0.6, 1.0, 1.0, 0.0, 1.0, 1.0, 0.0, 0.0, 1.0, 0.75, 0.875, 0.1667, 0.6667, 1.0, 0.0, 0.0, 0.8182, 0.6, 1.0, 0.0, 0.8182, 0.7778, 0.0, 0.0, 0.75, 0.9, 0.8, 0.0, 1.0, 1.0, 0.0, 0.125, 1.0, 0.5, 0.75, 0.0, 0.9, 0.75, 0.0, 0.0, 1.0, 1.0, 1.0, 0.0, 0.5, 0.7273, 0.0, 0.0, 0.9091, 0.8, 1.0, 0.0, 1.0, 0.9, 0.0, 0.0, 0.9, 0.6667, 0.8571, 0.0, 1.0, 0.8571, 0.1429, 0.0, 0.8571, 1.0, 0.0, 0.0, 0.9231, 0.7273, 0.0, 0.0, 1.0, 0.6667, 0.0, 0.0, 0.8571, 0.3333, 0.0, 0.0, 1.0, 0.8571, 0.1667, 0.0, 0.8, 0.7778, 0.0, 0.1429, 0.75, 0.6, 0.0, 0.0, 1.0, 0.0909, 0.0, 0.0, 0.8, 0.8571, 0.0, 0.0, 1.0, 0.0, 0.0, 0.0, 0.9091, 0.9, 0.0, 0.0, 0.9, 0.0, 0.0, 0.4444, 0.875, 0.8889, 0.0, 0.0, 0.9091, 0.0, 0.1667]"
broadcast,19,broadcast,0.087,0.087,0.087,0.0,14,True,174,0,302,1524,0,"[0.0, 0.0225, 0.029, 0.0375, 0.045, 0.054, 0.065, 0.075, 0.077, 0.079, 0.082, 0.084, 0.0855, 0.087, 0.087, 0.087, 0.087, 0.087, 0.087, 0.087, 0.087, 0.087, 0.087, 0.087, 0.087, 0.087, 0.087, 0.087, 0.087, 0.087, 0.087, 0.087, 0.087, 0.087, 0.087, 0.087, 0.087, 0.087, 0.087, 0.087, 0.087, 0.087, 0.087, 0.087, 0.087, 0.087, 0.087, 0.087, 0.087, 0.087, 0.087, 0.087, 0.087, 0.087, 0.087, 0.087, 0.087, 0.087, 0.087, 0.087, 0.087, 0.087, 0.087, 0.087, 0.087, 0.087, 0.087, 0.087, 0.087, 0.087, 0.087, 0.087, 0.087, 0.087, 0.087, 0.087, 0.087, 0.087, 0.087, 0.087, 0.087, 0.087, 0.087, 0.087, 0.087, 0.087, 0.087, 0.087, 0.087, 0.087, 0.087, 0.087, 0.087, 0.087, 0.087, 0.087, 0.087, 0.087, 0.087, 0.087, 0.087]","{""0"": 0.3004, ""1"": 0.1394, ""2"": 0.0259, ""3"": 0.0289, ""4"": 0.0583, ""5"": 0.0288, ""6"": 0.015, ""7"": 0.0843}","[0.0, 0.0, 0.0, 0.0, 0.0, 0.3333, 0.3636, 0.0, 0.7, 0.0, 0.1429, 0.0, 0.0, 0.0, 0.0, 0.0, 0.8571, 0.0, 1.0, 0.0, 0.0, 0.25, 0.0, 0.0, 0.6, 0.0, 0.875, 0.0, 0.0, 0.0, 0.1667, 0.0, 0.0, 0.2, 0.8, 0.0, 0.0, 0.0, 0.0, 0.0, 0.25, 0.0, 0.8571, 0.0, 0.0, 0.1667, 0.0, 0.0, 0.125, 1.0, 1.0, 0.0, 0.625, 0.0, 0.0, 0.0, 0.0, 0.7, 0.0714, 0.0, 0.0, 0.0, 0.125, 0.0, 0.0, 0.1429, 0.0, 0.0, 0.1429, 0.0, 0.0, 0.0, 0.0, 0.7778, 0.0, 0.0, 0.0, 0.0, 0.0, 0.0, 0.0, 1.0, 0.0, 0.0, 0.0, 0.0, 0.0, 0.0, 0.0909, 1.0, 0.0, 0.1111, 0.0, 0.0, 0.0, 0.0, 0.0, 1.0, 0.0, 0.0, 0.0, 0.0, 0.0, 0.0, 0.0, 1.0, 0.0, 0.0, 0.0, 0.0909, 0.0, 0.0909, 0.0, 0.6, 0.0, 0.0, 0.0, 0.0714, 0.0, 0.0, 0.0, 0.8571, 0.0, 0.0, 0.0, 0.0, 0.0, 0.0, 0.0, 0.0, 0.0, 0.0, 0.0, 0.0, 0.0, 0.0, 0.0, 0.125, 0.0, 0.0, 0.0, 0.0, 0.0, 0.0, 0.0, 0.0, 0.0, 0.0, 0.0, 0.0, 0.0, 0.0, 0.0, 0.0714, 0.1111, 0.0, 0.0, 0.0, 0.0, 0.1429, 0.0, 0.0, 0.0, 0.0, 0.0, 0.0, 0.0, 0.0, 0.0, 0.0, 0.0, 0.0, 0.0, 0.0, 0.1111, 0.0, 0.0, 0.0, 0.0, 0.2857, 0.0, 0.0, 0.0, 0.0, 0.0, 0.0, 0.125, 0.2, 0.0, 0.0, 0.0, 0.0, 0.0833, 0.0, 0.0, 0.2857, 0.0, 0.0, 0.0, 0.0, 0.0, 0.0, 0.0, 0.0, 0.0, 0.0, 0.0, 0.0, 0.0, 0.0, 0.0, 0.0, 0.0, 0.1111, 0.0, 0.0, 0.1, 0.0, 0.0, 0.0, 0.0909, 0.2857, 0.0, 0.0, 0.0, 0.0, 0.1111, 0.0, 0.0, 0.7143, 0.0, 0.0909, 0.0, 0.0, 0.0, 0.0, 0.0, 0.1429, 0.0, 0.0, 0.0, 0.6667, 0.0, 0.0, 0.0, 0.0, 0.0, 0.1111, 0.125, 0.0]"
random,0,random,0.8675,0.8675,0.8675,0.0,29,True,1735,0,265,0,0,"[0.05, 0.0855, 0.131, 0.189, 0.2595, 0.3335, 0.4055, 0.4665, 0.5115, 0.5495, 0.5895, 0.632, 0.6695, 0.709, 0.7425, 0.7705, 0.789, 0.809, 0.8255, 0.841, 0.851, 0.8585, 0.863, 0.864, 0.8645, 0.865, 0.8655, 0.867, 0.8675, 0.8675, 0.8675, 0.8675, 0.8675, 0.8675, 0.8675, 0.8675, 0.8675, 0.8675, 0.8675, 0.8675, 0.8675, 0.8675, 0.8675, 0.8675, 0.8675, 0.8675, 0.8675, 0.8675, 0.8675, 0.8675, 0.8675, 0.8675, 0.8675, 0.8675, 0.8675, 0.8675, 0.8675, 0.8675, 0.8675, 0.8675, 0.8675, 0.8675, 0.8675, 0.8675, 0.8675, 0.8675, 0.8675, 0.8675, 0.8675, 0.8675, 0.8675, 0.8675, 0.8675, 0.8675, 0.8675, 0.8675, 0.8675, 0.8675, 0.8675, 0.8675, 0.8675, 0.8675, 0.8675, 0.8675, 0.8675, 0.8675, 0.8675, 0.8675, 0.8675, 0.8675, 0.8675, 0.8675, 0.8675, 0.8675, 0.8675, 0.8675, 0.8675, 0.8675, 0.8675, 0.8675, 0.8675]","{""0"": 0.8689, ""1"": 0.8915, ""2"": 0.8584, ""3"": 0.9061, ""4"": 0.8631, ""5"": 0.8706, ""6"": 0.8417, ""7"": 0.8385}","[1.0, 0.8889, 0.8571, 0.9286, 1.0, 0.8333, 0.875, 1.0, 1.0, 1.0, 1.0, 0.7778, 1.0, 0.6667, 1.0, 0.7273, 1.0, 0.75, 1.0, 0.8571, 0.8, 0.8333, 0.8182, 0.8889, 0.75, 0.8889, 0.8571, 1.0, 1.0, 0.6667, 1.0, 0.625, 0.6364, 0.8571, 1.0, 0.8, 1.0, 1.0, 1.0, 0.6923, 0.875, 1.0, 0.8333, 0.8333, 0.625, 0.875, 1.0, 0.7143, 0.8571, 0.9, 0.7778, 0.8333, 0.6667, 0.8889, 1.0, 0.875, 0.8, 0.7143, 1.0, 1.0, 1.0, 1.0, 0.8333, 1.0, 0.9286, 0.5714, 0.875, 0.8889, 1.0, 0.9, 1.0, 0.625, 1.0, 0.8889, 0.75, 1.0, 0.8333, 1.0, 1.0, 1.0, 1.0, 1.0, 1.0, 0.8, 0.6667, 0.75, 1.0, 0.6923, 1.0, 0.8571, 0.875, 0.6667, 1.0, 0.8333, 1.0, 1.0, 0.8571, 0.625, 0.75, 0.75, 0.7778, 0.9167, 0.75, 0.6667, 0.8182, 0.8889, 0.8333, 0.8889, 0.9, 1.0, 0.625, 0.6667, 0.6667, 0.875, 1.0, 0.7143, 1.0, 0.6667, 0.875, 1.0, 0.6667, 0.8333, 1.0, 1.0, 0.8, 0.7143, 1.0, 0.8571, 1.0, 0.75, 0.8571, 0.8889, 1.0, 0.6667, 0.75, 1.0, 0.6667, 1.0, 1.0, 0.7778, 1.0, 0.8182, 1.0, 1.0, 0.8571, 0.8, 1.0, 0.5, 1.0, 0.9091, 0.625, 0.8333, 0.5714, 0.8182, 0.8889, 1.0, 0.875, 0.8333, 1.0, 0.8571, 0.9167, 1.0, 0.8333, 1.0, 1.0, 0.8889, 1.0, 0.8571, 0.8333, 0.8333, 0.625, 0.9167, 1.0, 0.9, 0.9167, 1.0, 0.9091, 0.8571, 0.9091, 0.6667, 1.0, 0.875, 0.7273, 0.3333, 0.6667, 0.875, 0.9333, 1.0, 0.6667, 0.7273, 0.75, 0.8333, 0.8, 1.0, 1.0, 1.0, 0.8, 1.0, 0.7143, 1.0, 0.7778, 0.8889, 0.875, 1.0, 1.0, 0.8889, 0.8, 1.0, 1.0, 0.75, 1.0, 0.7143, 1.0, 1.0, 1.0, 0.7143, 0.8571, 1.0, 0.7143, 1.0, 1.0, 0.8333, 0.9, 0.75, 1.0, 0.9167, 0.8571, 0.8, 1.0, 0.9, 0.75, 1.0, 0.8, 0.8182, 0.75, 0.75, 0.75, 1.0, 0.625, 0.9, 0.625, 1.0, 1.0, 0.8889, 1.0, 0.8889, 0.7143, 1.0, 0.7273, 0.875]"
random,1,random,0.742,0.742,0.742,0.0,25,True,1484,0,296,220,0,"[0.05, 0.087, 0.129, 0.186, 0.251, 0.3245, 0.3995, 0.4585, 0.5115, 0.5595, 0.6, 0.6365, 0.663, 0.6825, 0.7005, 0.71, 0.7195, 0.724, 0.729, 0.731, 0.7325, 0.7355, 0.7385, 0.7405, 0.742, 0.742, 0.742, 0.742, 0.742, 0.742, 0.742, 0.742, 0.742, 0.742, 0.742, 0.742, 0.742, 0.742, 0.742, 0.742, 0.742, 0.742, 0.742, 0.742, 0.742, 0.742, 0.742, 0.742, 0.742, 0.742, 0.742, 0.742, 0.742, 0.742, 0.742, 0.742, 0.742, 0.742, 0.742, 0.742, 0.742, 0.742, 0.742, 0.742, 0.742, 0.742, 0.742, 0.742, 0.742, 0.742, 0.742, 0.742, 0.742, 0.742, 0.742, 0.742, 0.742, 0.742, 0.742, 0.742, 0.742, 0.742, 0.742, 0.742, 0.742, 0.742, 0.742, 0.742, 0.742, 0.742, 0.742, 0.742, 0.742, 0.742, 0.742, 0.742, 0.742, 0.742, 0.742, 0.742, 0.742]","{""0"": 0.843, ""1"": 0.8566, ""2"": 0.8764, ""3"": 0.8205, ""4"": 0.8561, ""5"": 0.7251, ""6"": 0.0876, ""7"": 0.8694}","[0.8889, 0.6667, 0.875, 0.8182, 0.875, 1.0, 1.0, 0.0, 0.8571, 0.7778, 0.8889, 0.875, 0.8, 1.0, 0.6, 0.1667, 0.9091, 0.8571, 0.8462, 1.0, 1.0, 1.0, 1.0, 0.0, 1.0, 1.0, 0.75, 0.8, 0.8889, 1.0, 1.0, 0.0, 0.8182, 0.625, 0.7273, 0.6667, 0.7, 1.0, 0.875, 0.0, 1.0, 0.7778, 1.0, 0.8571, 0.875, 1.0, 1.0, 0.0, 0.9091, 1.0, 0.8, 0.7143, 0.875, 1.0, 0.2222, 0.0, 0.7778, 1.0, 0.9, 1.0, 1.0, 0.8889, 0.0, 0.0, 1.0, 0.8571, 1.0, 0.7778, 0.8, 0.7778, 0.0, 0.0, 1.0, 0.8, 1.0, 0.6667, 0.7143, 1.0, 0.0, 0.125, 0.75, 1.0, 0.8889, 0.5, 1.0, 0.75, 0.6667, 0.0, 1.0, 1.0, 1.0, 1.0, 0.8333, 0.6667, 0.0, 0.0, 0.7778, 0.8889, 0.9091, 1.0, 0.6667, 0.7143, 0.6, 0.0, 0.75, 0.6667, 1.0, 0.9091, 0.8, 0.5455, 0.5714, 0.0, 1.0, 0.6667, 1.0, 1.0, 0.8571, 0.8, 0.9091, 0.0, 0.7778, 0.75, 0.8889, 1.0, 0.8333, 0.8462, 0.8182, 0.0, 0.875, 0.7143, 0.75, 0.8571, 0.5714, 0.875, 0.8, 0.0, 0.8333, 0.875, 0.75, 0.7, 1.0, 0.7, 0.9091, 0.0, 0.875, 0.5, 0.7778, 0.8889, 0.9, 0.9, 0.8571, 0.0, 0.8571, 1.0, 0.875, 1.0, 0.7778, 0.9, 1.0, 0.1111, 0.8571, 0.8889, 0.8182, 1.0, 0.6364, 0.8571, 0.6, 0.1667, 0.8333, 1.0, 1.0, 0.8333, 1.0, 1.0, 0.875, 0.0, 0.7778, 1.0, 0.7, 0.7, 1.0, 0.9091, 0.875, 0.2222, 0.625, 0.6667, 1.0, 1.0, 0.6667, 0.8, 0.75, 0.0, 0.9, 1.0, 0.7273, 1.0, 0.75, 0.7273, 1.0, 0.2857, 0.8, 0.7143, 0.5, 0.8182, 0.8889, 0.9231, 0.8182, 0.75, 1.0, 0.9, 0.8, 0.9, 1.0, 0.6667, 0.8571, 1.0, 0.9, 1.0, 0.75, 1.0, 0.8462, 0.625, 0.5, 1.0, 0.8333, 0.875, 0.8889, 0.8333, 0.5, 1.0, 0.8, 0.1, 1.0, 0.8571, 0.9, 0.9091, 0.7143, 0.875, 0.8, 0.0, 1.0, 1.0, 0.8182, 1.0, 0.7778, 0.75, 0.8333, 0.0, 1.0, 0.6]"
random,2,random,0.839,0.839,0.839,-0.0,28,True,1678,0,294,28,0,"[0.05, 0.078, 0.1105, 0.154, 0.2075, 0.2625, 0.3145, 0.374, 0.425, 0.474, 0.519, 0.565, 0.603, 0.6355, 0.6635, 0.694, 0.7275, 0.7585, 0.78, 0.7895, 0.797, 0.808, 0.8205, 0.832, 0.8335, 0.835, 0.838, 0.839, 0.839, 0.839, 0.839, 0.839, 0.839, 0.839, 0.839, 0.839, 0.839, 0.839, 0.839, 0.839, 0.839, 0.839, 0.839, 0.839, 0.839, 0.839, 0.839, 0.839, 0.839, 0.839, 0.839, 0.839, 0.839, 0.839, 0.839, 0.839, 0.839, 0.839, 0.839, 0.839, 0.839, 0.839, 0.839, 0.839, 0.839, 0.839, 0.839, 0.839, 0.839, 0.839, 0.839, 0.839, 0.839, 0.839, 0.839, 0.839, 0.839, 0.839, 0.839, 0.839, 0.839, 0.839, 0.839, 0.839, 0.839, 0.839, 0.839, 0.839, 0.839, 0.839, 0.839, 0.839, 0.839, 0.839, 0.839, 0.839, 0.839, 0.839, 0.839, 0.839, 0.839]","{""0"": 0.8755, ""1"": 0.8462, ""2"": 0.8514, ""3"": 0.8425, ""4"": 0.6898, ""5"": 0.8656, ""6"": 0.8894, ""7"": 0.8589}","[0.7778, 0.9, 1.0, 0.8889, 1.0, 0.4286, 1.0, 0.9, 1.0, 0.7778, 1.0, 0.875, 0.7857, 0.0, 0.8, 0.8571, 0.875, 1.0, 0.875, 0.8, 0.875, 0.0, 0.8462, 1.0, 1.0, 0.8, 0.6667, 0.5, 0.9167, 0.0, 0.8571, 0.875, 0.8889, 0.9, 0.75, 1.0, 0.9, 0.125, 0.8, 0.8333, 0.7143, 1.0, 0.7857, 0.8333, 0.9, 0.75, 0.8571, 1.0, 0.625, 0.4286, 1.0, 0.8, 0.6667, 1.0, 1.0, 0.75, 1.0, 0.6667, 0.6, 1.0, 0.8571, 0.6667, 1.0, 0.8, 0.9, 1.0, 0.8889, 0.8571, 0.8333, 1.0, 1.0, 0.8571, 0.8571, 1.0, 0.8889, 0.8333, 0.8182, 0.8571, 0.75, 0.8333, 0.6667, 0.875, 1.0, 0.75, 1.0, 0.8333, 0.7143, 1.0, 0.6667, 0.8333, 0.8182, 1.0, 1.0, 0.7, 0.6667, 0.8571, 0.875, 1.0, 0.8889, 1.0, 0.9091, 1.0, 0.9, 1.0, 1.0, 0.8, 0.8, 0.8333, 0.8889, 0.7273, 1.0, 0.8333, 0.8571, 1.0, 0.7778, 0.8333, 0.8182, 0.7143, 0.875, 0.875, 0.7778, 1.0, 1.0, 0.75, 0.8571, 0.7143, 1.0, 1.0, 0.7778, 1.0, 0.6, 1.0, 0.8, 0.625, 0.9091, 1.0, 1.0, 0.6667, 0.8889, 0.875, 0.6667, 0.9, 0.8182, 0.75, 0.8889, 0.9091, 0.8889, 0.8571, 1.0, 0.8182, 1.0, 0.7143, 1.0, 0.8, 0.7778, 0.8333, 1.0, 0.9, 1.0, 0.8, 0.7778, 0.7143, 0.8889, 0.75, 0.7857, 1.0, 0.7143, 1.0, 0.6667, 1.0, 1.0, 0.9167, 0.6, 0.8889, 0.8889, 0.6667, 1.0, 0.8571, 0.7143, 0.7, 0.5556, 0.8, 0.8571, 0.8571, 0.8, 0.8, 0.6667, 0.8571, 0.6364, 0.8333, 0.875, 1.0, 0.8571, 1.0, 0.6, 0.8, 1.0, 0.7143, 0.7778, 1.0, 1.0, 0.8571, 0.8571, 0.8, 0.8571, 0.7, 0.8182, 1.0, 0.8571, 0.8, 0.6667, 0.8, 0.7778, 0.5556, 1.0, 1.0, 1.0, 1.0, 0.9091, 0.9, 1.0, 0.9, 0.6667, 1.0, 1.0, 1.0, 1.0, 0.8889, 0.875, 0.875, 0.7692, 0.8889, 0.8182, 0.8333, 0.8571, 1.0, 1.0, 0.9, 1.0, 0.8, 1.0, 0.8571, 1.0, 1.0, 0.8333, 0.6, 0.8571, 0.875, 0.8571, 1.0]"
random,3,random,0.8635,0.8635,0.8635,0.0,38,True,1727,0,271,2,0,"[0.05, 0.084, 0.125, 0.167, 0.218, 0.263, 0.3105, 0.357, 0.405, 0.4505, 0.496, 0.554, 0.615, 0.6565, 0.683, 0.7055, 0.7235, 0.7345, 0.751, 0.7695, 0.7825, 0.7935, 0.8035, 0.811, 0.817, 0.8215, 0.823, 0.8255, 0.829, 0.834, 0.839, 0.8445, 0.851, 0.853, 0.854, 0.8555, 0.8595, 0.8635, 0.8635, 0.8635, 0.8635, 0.8635, 0.8635, 0.8635, 0.8635, 0.8635, 0.8635, 0.8635, 0.8635, 0.8635, 0.8635, 0.8635, 0.8635, 0.8635, 0.8635, 0.8635, 0.8635, 0.8635, 0.8635, 0.8635, 0.8635, 0.8635, 0.8635, 0.8635, 0.8635, 0.8635, 0.8635, 0.8635, 0.8635, 0.8635, 0.8635, 0.8635, 0.8635, 0.8635, 0.8635, 0.8635, 0.8635, 0.8635, 0.8635, 0.8635, 0.8635, 0.8635, 0.8635, 0.8635, 0.8635, 0.8635, 0.8635, 0.8635, 0.8635, 0.8635, 0.8635, 0.8635, 0.8635, 0.8635, 0.8635, 0.8635, 0.8635, 0.8635, 0.8635, 0.8635, 0.8635]","{""0"": 0.8444, ""1"": 0.8956, ""2"": 0.8145, ""3"": 0.8842, ""4"": 0.8664, ""5"": 0.8821, ""6"": 0.832, ""7"": 0.8858}","[0.8889, 0.8889, 0.8571, 0.5556, 0.9, 0.7778, 1.0, 0.8889, 1.0, 0.3333, 1.0, 0.6, 0.6667, 0.875, 1.0, 0.8571, 1.0, 0.8, 1.0, 0.9, 0.8667, 0.7143, 0.9, 0.9091, 0.8571, 1.0, 0.875, 0.6667, 1.0, 0.8571, 1.0, 1.0, 1.0, 1.0, 0.8571, 1.0, 0.875, 1.0, 1.0, 1.0, 0.7143, 0.7143, 1.0, 1.0, 1.0, 0.8182, 1.0, 0.625, 1.0, 0.9091, 0.875, 0.8333, 0.7143, 0.7143, 0.9, 0.9, 1.0, 1.0, 0.875, 0.5, 0.8333, 0.8571, 0.8571, 0.75, 1.0, 1.0, 1.0, 0.5385, 0.7143, 0.875, 1.0, 0.6667, 0.8, 0.9231, 0.7, 1.0, 0.6667, 0.7778, 0.8889, 0.7273, 0.9, 0.8462, 0.75, 0.8571, 1.0, 1.0, 0.875, 0.8182, 0.7692, 1.0, 0.8, 1.0, 0.875, 0.7143, 0.75, 0.9, 1.0, 0.25, 0.875, 0.7143, 0.8889, 1.0, 1.0, 0.9091, 0.8182, 0.875, 0.5, 0.9, 0.75, 1.0, 0.7143, 1.0, 0.875, 0.9, 0.8889, 0.8, 1.0, 0.7143, 0.7778, 0.9, 0.75, 1.0, 0.8889, 0.75, 0.8333, 0.7, 0.875, 0.8889, 1.0, 0.875, 0.8333, 1.0, 0.8571, 1.0, 0.8889, 0.9, 1.0, 0.8, 0.8182, 1.0, 1.0, 1.0, 0.7143, 0.8, 0.7778, 0.8571, 1.0, 0.8182, 1.0, 0.8889, 0.9, 0.625, 0.875, 0.6667, 1.0, 0.9, 0.8, 1.0, 0.625, 0.5556, 0.8333, 0.6667, 1.0, 1.0, 0.9, 1.0, 0.6667, 1.0, 0.6667, 1.0, 1.0, 0.8, 1.0, 0.9167, 1.0, 1.0, 1.0, 0.8571, 0.9, 0.6667, 0.9167, 0.875, 1.0, 1.0, 1.0, 0.6667, 1.0, 0.8571, 0.9091, 1.0, 0.9, 0.8, 0.9167, 0.8571, 0.7778, 0.8333, 1.0, 0.75, 0.9091, 0.7273, 0.8, 0.6, 0.6667, 0.8333, 0.8182, 0.9167, 1.0, 0.875, 1.0, 0.8889, 1.0, 0.75, 1.0, 0.625, 0.625, 0.6, 0.75, 0.625, 1.0, 0.8333, 1.0, 0.75, 0.9231, 1.0, 0.8333, 1.0, 1.0, 0.7, 0.8571, 0.9231, 1.0, 0.9, 0.875, 0.8, 1.0, 1.0, 0.8, 0.8889, 0.875, 0.8333, 0.875, 1.0, 0.9167, 0.8571, 1.0, 0.9091, 0.8571, 0.5714, 0.7778, 0.75]"
random,4,random,0.779,0.779,0.779,0.0,37,True,1558,0,283,159,0,"[0.05, 0.083, 0.1245, 0.175, 0.228, 0.2885, 0.346, 0.3925, 0.4495, 0.5, 0.556, 0.597, 0.6345, 0.663, 0.6795, 0.687, 0.693, 0.7, 0.7075, 0.7135, 0.72, 0.729, 0.739, 0.745, 0.7505, 0.7535, 0.7575, 0.761, 0.762, 0.763, 0.7655, 0.767, 0.768, 0.7695, 0.7725, 0.7785, 0.779, 0.779, 0.779, 0.779, 0.779, 0.779, 0.779, 0.779, 0.779, 0.779, 0.779, 0.779, 0.779, 0.779, 0.779, 0.779, 0.779, 0.779, 0.779, 0.779, 0.779, 0.779, 0.779, 0.779, 0.779, 0.779, 0.779, 0.779, 0.779, 0.779, 0.779, 0.779, 0.779, 0.779, 0.779, 0.779, 0.779, 0.779, 0.779, 0.779, 0.779, 0.779, 0.779, 0.779, 0.779, 0.779, 0.779, 0.779, 0.779, 0.779, 0.779, 0.779, 0.779, 0.779, 0.779, 0.779, 0.779, 0.779, 0.779, 0.779, 0.779, 0.779, 0.779, 0.779, 0.779]","{""0"": 0.8636, ""1"": 0.8171, ""2"": 0.8593, ""3"": 0.9167, ""4"": 0.7722, ""5"": 0.502, ""6"": 0.691, ""7"": 0.788}","[1.0, 0.875, 1.0, 1.0, 1.0, 0.7, 0.1667, 0.25, 0.5714, 1.0, 0.875, 0.8, 1.0, 0.5, 0.0, 0.75, 0.0, 1.0, 0.8, 0.8889, 0.5, 0.25, 0.0, 0.8333, 0.0, 1.0, 0.8571, 0.875, 0.8571, 0.0, 0.1667, 1.0, 0.4, 0.8333, 0.6667, 1.0, 1.0, 0.0, 1.0, 0.875, 0.8, 0.8889, 0.8889, 1.0, 1.0, 0.1111, 0.8, 0.9167, 1.0, 0.75, 1.0, 1.0, 0.9091, 0.875, 0.9091, 1.0, 1.0, 0.7143, 0.75, 0.8, 1.0, 0.8889, 1.0, 0.2, 1.0, 1.0, 1.0, 0.875, 0.8889, 0.8889, 0.8182, 0.0, 0.7143, 0.75, 0.7143, 0.875, 0.9, 1.0, 0.8, 0.0, 0.5714, 1.0, 0.2857, 0.9091, 0.5714, 0.8, 0.7778, 0.0, 0.7778, 0.6667, 0.8, 0.8333, 0.8571, 0.6, 0.875, 0.0, 0.875, 0.8182, 0.8333, 0.6667, 1.0, 0.8889, 0.8333, 0.75, 1.0, 0.8889, 1.0, 1.0, 1.0, 1.0, 0.7143, 1.0, 1.0, 0.8462, 0.8, 0.9, 1.0, 1.0, 1.0, 0.8889, 0.8, 0.8182, 0.8571, 0.875, 0.9167, 0.875, 0.8889, 0.8571, 0.9, 1.0, 0.8333, 0.8889, 1.0, 0.5, 0.875, 0.7, 0.4444, 1.0, 1.0, 0.875, 0.8571, 0.9, 1.0, 0.6, 0.875, 0.8333, 0.75, 0.7143, 0.7143, 1.0, 1.0, 0.8571, 1.0, 0.5556, 0.8571, 0.6667, 1.0, 1.0, 1.0, 1.0, 0.875, 1.0, 0.75, 1.0, 0.875, 0.8889, 1.0, 1.0, 0.875, 0.5, 0.9091, 0.7273, 0.7778, 0.875, 0.8333, 1.0, 0.8, 0.9091, 1.0, 0.9, 1.0, 0.8, 0.1111, 0.5714, 1.0, 1.0, 0.8, 0.9, 1.0, 1.0, 0.0833, 0.625, 0.8571, 0.75, 0.8, 0.8182, 1.0, 0.875, 0.0, 0.8571, 1.0, 1.0, 0.6667, 0.8, 1.0, 1.0, 0.0, 0.8182, 1.0, 0.875, 0.7273, 0.7273, 0.9286, 0.8571, 0.0, 0.8571, 0.8, 0.9091, 0.5833, 0.8571, 0.8333, 1.0, 0.0, 0.8333, 0.7143, 0.8571, 1.0, 0.6667, 1.0, 0.8571, 0.0, 0.75, 0.8571, 1.0, 0.8571, 0.875, 1.0, 1.0, 0.0, 0.6667, 1.0, 1.0, 0.8, 1.0, 1.0, 1.0, 0.0, 0.8182, 0.8462, 0.8]"
random,5,random,0.812,0.812,0.812,0.0,30,True,1624,0,275,101,0,"[0.05, 0.0805, 0.119, 0.162, 0.2075, 0.256, 0.31, 0.3665, 0.4145, 0.4545, 0.4955, 0.5385, 0.582, 0.618, 0.6475, 0.6715, 0.685, 0.7035, 0.7235, 0.7385, 0.749, 0.759, 0.7695, 0.7795, 0.788, 0.795, 0.8015, 0.806, 0.811, 0.812, 0.812, 0.812, 0.812, 0.812, 0.812, 0.812, 0.812, 0.812, 0.812, 0.812, 0.812, 0.812, 0.812, 0.812, 0.812, 0.812, 0.812, 0.812, 0.812, 0.812, 0.812, 0.812, 0.812, 0.812, 0.812, 0.812, 0.812, 0.812, 0.812, 0.812, 0.812, 0.812, 0.812, 0.812, 0.812, 0.812, 0.812, 0.812, 0.812, 0.812, 0.812, 0.812, 0.812, 0.812, 0.812, 0.812, 0.812, 0.812, 0.812, 0.812, 0.812, 0.812, 0.812, 0.812, 0.812, 0.812, 0.812, 0.812, 0.812, 0.812, 0.812, 0.812, 0.812, 0.812, 0.812, 0.812, 0.812, 0.812, 0.812, 0.812, 0.812]","{""0"": 0.6163, ""1"": 0.8502, ""2"": 0.8958, ""3"": 0.8699, ""4"": 0.6494, ""5"": 0.8911, ""6"": 0.8456, ""7"": 0.8845}","[0.6667, 0.875, 1.0, 0.8571, 0.7, 1.0, 1.0, 0.3333, 0.8571, 0.5, 0.75, 0.9, 0.7778, 0.75, 1.0, 0.6, 0.8571, 0.8571, 0.75, 0.75, 0.7778, 0.75, 1.0, 0.6364, 1.0, 1.0, 0.8571, 0.7778, 1.0, 0.8571, 1.0, 1.0, 1.0, 0.6429, 0.8571, 0.7143, 1.0, 0.6667, 0.8, 0.9, 1.0, 0.8333, 1.0, 1.0, 1.0, 0.9286, 1.0, 1.0, 0.5714, 0.7778, 0.8571, 0.8333, 0.5714, 0.9091, 0.8182, 0.7143, 0.8, 0.9091, 0.8, 1.0, 1.0, 1.0, 0.9091, 0.9091, 0.8889, 0.8571, 0.8889, 1.0, 0.7143, 1.0, 0.9, 1.0, 0.8889, 0.7, 0.9, 0.7778, 1.0, 0.6667, 0.7143, 0.875, 0.6667, 0.75, 0.6, 1.0, 0.8571, 0.75, 0.9, 1.0, 0.9, 1.0, 0.8, 1.0, 1.0, 1.0, 0.6667, 0.8125, 1.0, 0.875, 0.8667, 0.7273, 0.6667, 0.7778, 1.0, 0.6667, 1.0, 0.5, 0.8333, 1.0, 1.0, 0.7778, 1.0, 1.0, 0.8182, 0.25, 0.875, 0.625, 1.0, 0.8889, 0.8889, 0.8571, 0.8889, 0.0, 0.75, 1.0, 1.0, 0.6667, 1.0, 0.9, 0.6667, 0.0, 0.75, 0.9, 0.7143, 0.6429, 0.625, 0.875, 0.8889, 0.125, 0.7778, 0.8182, 0.8182, 0.0, 0.7, 1.0, 1.0, 0.0, 1.0, 1.0, 1.0, 0.0, 1.0, 0.6667, 0.9, 0.0, 0.625, 0.8571, 0.875, 0.1667, 1.0, 0.9, 0.7778, 0.7, 1.0, 0.8889, 0.8571, 0.0, 1.0, 0.9, 1.0, 0.0, 0.8571, 1.0, 0.8571, 0.0, 0.8333, 0.8, 0.8, 0.0, 0.8, 0.875, 0.5714, 0.0, 0.8333, 0.7778, 1.0, 0.0, 0.8333, 1.0, 0.9167, 0.3636, 0.8889, 0.8, 1.0, 1.0, 1.0, 0.8, 0.625, 0.4286, 0.9167, 0.8889, 0.7143, 1.0, 1.0, 1.0, 1.0, 0.875, 0.8889, 0.8, 0.8182, 0.6667, 0.875, 0.8889, 1.0, 0.8, 0.75, 1.0, 1.0, 0.8333, 0.875, 1.0, 1.0, 1.0, 0.875, 0.8, 1.0, 0.8333, 0.75, 1.0, 0.8667, 0.875, 1.0, 0.7, 1.0, 0.8889, 0.8333, 0.8889, 1.0, 1.0, 1.0, 0.7143, 1.0, 0.8571, 1.0, 0.8571, 0.8333, 1.0, 0.875, 0.875, 0.8571, 0.9]"
random,6,random,0.865,0.865,0.865,0.0,45,True,1730,0,263,7,0,"[0.05, 0.083, 0.1195, 0.166, 0.2215, 0.283, 0.338, 0.3935, 0.4365, 0.4715, 0.5145, 0.542, 0.5665, 0.593, 0.6235, 0.654, 0.688, 0.7155, 0.735, 0.7545, 0.7695, 0.7795, 0.79, 0.803, 0.815, 0.8195, 0.825, 0.83, 0.8355, 0.837, 0.8375, 0.839, 0.8405, 0.842, 0.8435, 0.844, 0.8455, 0.848, 0.85, 0.8515, 0.8535, 0.858, 0.8615, 0.864, 0.865, 0.865, 0.865, 0.865, 0.865, 0.865, 0.865, 0.865, 0.865, 0.865, 0.865, 0.865, 0.865, 0.865, 0.865, 0.865, 0.865, 0.865, 0.865, 0.865, 0.865, 0.865, 0.865, 0.865, 0.865, 0.865, 0.865, 0.865, 0.865, 0.865, 0.865, 0.865, 0.865, 0.865, 0.865, 0.865, 0.865, 0.865, 0.865, 0.865, 0.865, 0.865, 0.865, 0.865, 0.865, 0.865, 0.865, 0.865, 0.865, 0.865, 0.865, 0.865, 0.865, 0.865, 0.865, 0.865, 0.865]","{""0"": 0.8776, ""1"": 0.8442, ""2"": 0.8615, ""3"": 0.8863, ""4"": 0.8819, ""5"": 0.8633, ""6"": 0.8725, ""7"": 0.8314}","[0.7778, 0.6667, 1.0, 0.9091, 1.0, 1.0, 1.0, 0.6364, 1.0, 1.0, 0.75, 0.9091, 0.7778, 1.0, 1.0, 1.0, 1.0, 0.9, 0.75, 0.6, 1.0, 0.8333, 0.8333, 0.8333, 0.8333, 1.0, 1.0, 0.9231, 0.6667, 0.75, 1.0, 0.5, 0.9091, 0.8333, 1.0, 0.5, 0.8, 0.8333, 1.0, 1.0, 0.5, 0.875, 0.8889, 1.0, 1.0, 0.75, 0.8571, 1.0, 0.1111, 1.0, 0.8889, 0.8333, 1.0, 0.7857, 0.6, 0.75, 0.8571, 0.75, 0.7778, 0.8, 0.8462, 1.0, 1.0, 0.8889, 1.0, 1.0, 1.0, 0.8333, 0.8333, 0.875, 1.0, 0.875, 0.8182, 1.0, 0.6, 1.0, 0.7778, 0.8571, 0.8333, 0.6667, 0.9, 1.0, 0.875, 0.8571, 1.0, 1.0, 0.8, 0.875, 1.0, 0.75, 0.8333, 0.5714, 0.8, 0.8333, 0.6667, 1.0, 0.8889, 1.0, 0.8889, 1.0, 0.7143, 1.0, 0.8571, 0.75, 0.8889, 1.0, 1.0, 1.0, 0.7778, 0.7, 1.0, 0.6667, 0.7778, 0.8333, 0.6667, 0.7143, 0.8333, 1.0, 1.0, 1.0, 1.0, 0.8889, 0.8, 0.75, 0.8, 1.0, 0.875, 1.0, 1.0, 0.9, 0.8571, 1.0, 1.0, 1.0, 0.8333, 0.8571, 0.8571, 0.9, 0.6, 1.0, 1.0, 0.875, 0.9, 0.6667, 0.5, 0.8571, 1.0, 0.8, 0.5, 0.6667, 1.0, 0.7143, 0.75, 0.8333, 0.8571, 0.8889, 1.0, 0.8889, 0.75, 0.9231, 0.8182, 0.8333, 1.0, 1.0, 1.0, 1.0, 0.8889, 1.0, 0.625, 0.7778, 0.7778, 1.0, 0.9091, 1.0, 1.0, 0.625, 1.0, 0.8571, 0.8333, 0.875, 1.0, 1.0, 0.8, 1.0, 0.8, 0.8889, 0.9, 1.0, 0.75, 0.8889, 0.5714, 0.9091, 0.75, 0.9, 1.0, 1.0, 0.8571, 0.7778, 0.7778, 1.0, 1.0, 0.8889, 0.75, 1.0, 0.875, 0.6667, 1.0, 1.0, 0.875, 0.7143, 0.7778, 0.6667, 1.0, 1.0, 0.8182, 1.0, 1.0, 1.0, 0.8, 0.6923, 1.0, 0.6, 0.9, 1.0, 0.8571, 0.75, 0.7143, 1.0, 1.0, 1.0, 0.9, 0.8571, 0.75, 1.0, 0.6667, 0.7143, 0.8889, 0.9286, 0.4615, 1.0, 0.6667, 1.0, 0.75, 0.7778, 1.0, 0.9, 0.8571, 1.0, 0.9, 0.75]"
random,7,random,0.7955,0.7955,0.7955,0.0,58,True,1591,0,290,119,0,"[0.05, 0.0825, 0.1205, 0.1625, 0.2035, 0.2455, 0.2895, 0.337, 0.381, 0.415, 0.449, 0.466, 0.4855, 0.5105, 0.5365, 0.565, 0.5895, 0.617, 0.6485, 0.6685, 0.689, 0.703, 0.709, 0.714, 0.719, 0.723, 0.728, 0.7365, 0.742, 0.745, 0.749, 0.754, 0.7555, 0.759, 0.7605, 0.7615, 0.762, 0.7635, 0.764, 0.765, 0.766, 0.767, 0.7695, 0.774, 0.7765, 0.7775, 0.7795, 0.781, 0.7825, 0.785, 0.786, 0.7865, 0.788, 0.789, 0.791, 0.794, 0.795, 0.7955, 0.7955, 0.7955, 0.7955, 0.7955, 0.7955, 0.7955, 0.7955, 0.7955, 0.7955, 0.7955, 0.7955, 0.7955, 0.7955, 0.7955, 0.7955, 0.7955, 0.7955, 0.7955, 0.7955, 0.7955, 0.7955, 0.7955, 0.7955, 0.7955, 0.7955, 0.7955, 0.7955, 0.7955, 0.7955, 0.7955, 0.7955, 0.7955, 0.7955, 0.7955, 0.7955, 0.7955, 0.7955, 0.7955, 0.7955, 0.7955, 0.7955, 0.7955, 0.7955]","{""0"": 0.7186, ""1"": 0.8272, ""2"": 0.8526, ""3"": 0.6568, ""4"": 0.8655, ""5"": 0.8659, ""6"": 0.7472, ""7"": 0.8327}","[0.7778, 0.0, 0.8889, 0.7143, 0.8462, 0.8, 0.8571, 0.7143, 0.9, 0.0, 0.75, 1.0, 0.7857, 1.0, 0.7778, 0.9167, 1.0, 0.0, 0.7778, 1.0, 0.875, 0.75, 0.7143, 0.8, 0.6667, 0.8333, 0.75, 0.8182, 1.0, 0.875, 0.8, 0.6667, 1.0, 1.0, 0.8571, 1.0, 1.0, 1.0, 0.8462, 1.0, 0.7273, 0.9091, 1.0, 0.5, 1.0, 0.8571, 0.8571, 1.0, 1.0, 0.875, 0.75, 0.8571, 0.875, 1.0, 1.0, 0.8333, 0.8, 0.7778, 0.875, 0.6667, 0.75, 0.6667, 0.6667, 1.0, 0.6667, 0.8571, 1.0, 0.8571, 0.8333, 0.75, 1.0, 0.8889, 1.0, 1.0, 0.75, 1.0, 0.8571, 0.7778, 1.0, 1.0, 0.8, 0.875, 1.0, 1.0, 0.1667, 1.0, 1.0, 0.7, 0.8182, 0.8571, 0.8, 0.8571, 0.0, 0.75, 0.9091, 0.0, 0.6667, 0.75, 0.7143, 1.0, 0.0, 0.8333, 0.8571, 0.0, 1.0, 0.7143, 0.7273, 0.7857, 0.2, 0.75, 0.8571, 0.0667, 1.0, 0.9231, 0.625, 0.6, 0.0, 1.0, 0.9, 1.0, 1.0, 1.0, 0.8, 0.3333, 0.0, 1.0, 1.0, 0.875, 0.7143, 0.6, 1.0, 0.7143, 0.0, 1.0, 0.875, 0.8182, 0.8571, 1.0, 0.8333, 0.7143, 0.0, 0.25, 0.75, 0.7778, 0.8571, 0.9, 0.9231, 1.0, 0.0, 0.6667, 1.0, 1.0, 1.0, 1.0, 0.8571, 0.8182, 1.0, 0.8333, 1.0, 1.0, 0.9, 0.8571, 0.8, 1.0, 1.0, 1.0, 0.8889, 0.9, 0.9286, 1.0, 0.9091, 1.0, 0.8571, 1.0, 1.0, 0.8182, 0.7143, 0.7, 0.6667, 1.0, 0.8333, 0.8, 0.6667, 1.0, 0.6667, 0.8, 0.8889, 0.6, 0.8333, 1.0, 0.7143, 0.8571, 1.0, 0.8571, 0.8571, 0.9, 0.6, 1.0, 0.9091, 0.375, 0.7143, 1.0, 0.8, 0.875, 0.8889, 0.8571, 0.75, 0.875, 0.8571, 1.0, 0.7778, 0.8333, 1.0, 0.625, 0.8333, 0.8889, 0.75, 0.8, 0.6, 0.8, 1.0, 0.8571, 0.75, 0.8571, 0.7778, 0.7778, 0.8571, 0.625, 1.0, 0.8889, 0.7143, 0.8, 0.8, 0.8, 0.8462, 0.875, 0.8333, 0.9, 1.0, 1.0, 0.875, 0.0, 0.8571, 0.9, 0.9091, 0.9167, 1.0, 0.8333, 0.6667, 0.0]"
random,8,random,0.8395,0.8395,0.8395,0.0,20,True,1679,0,268,53,0,"[0.05, 0.09, 0.1385, 0.1955, 0.2685, 0.3515, 0.4295, 0.508, 0.5695, 0.6245, 0.6745, 0.7265, 0.7685, 0.8055, 0.8195, 0.83, 0.8345, 0.8365, 0.8385, 0.8395, 0.8395, 0.8395, 0.8395, 0.8395, 0.8395, 0.8395, 0.8395, 0.8395, 0.8395, 0.8395, 0.8395, 0.8395, 0.8395, 0.8395, 0.8395, 0.8395, 0.8395, 0.8395, 0.8395, 0.8395, 0.8395, 0.8395, 0.8395, 0.8395, 0.8395, 0.8395, 0.8395, 0.8395, 0.8395, 0.8395, 0.8395, 0.8395, 0.8395, 0.8395, 0.8395, 0.8395, 0.8395, 0.8395, 0.8395, 0.8395, 0.8395, 0.8395, 0.8395, 0.8395, 0.8395, 0.8395, 0.8395, 0.8395, 0.8395, 0.8395, 0.8395, 0.8395, 0.8395, 0.8395, 0.8395, 0.8395, 0.8395, 0.8395, 0.8395, 0.8395, 0.8395, 0.8395, 0.8395, 0.8395, 0.8395, 0.8395, 0.8395, 0.8395, 0.8395, 0.8395, 0.8395, 0.8395, 0.8395, 0.8395, 0.8395, 0.8395, 0.8395, 0.8395, 0.8395, 0.8395, 0.8395]","{""0"": 0.8685, ""1"": 0.641, ""2"": 0.8645, ""3"": 0.875, ""4"": 0.8725, ""5"": 0.8555, ""6"": 0.8419, ""7"": 0.8828}","[0.8889, 0.9, 0.0, 1.0, 1.0, 0.6923, 1.0, 0.875, 1.0, 0.6667, 0.0, 0.8333, 1.0, 1.0, 0.5714, 0.9, 0.8889, 1.0, 0.6667, 0.8333, 1.0, 0.875, 0.6667, 1.0, 1.0, 0.8, 0.9091, 0.8571, 0.8571, 0.8333, 0.8889, 0.7143, 0.75, 0.7778, 0.6667, 0.875, 0.7778, 1.0, 0.8889, 0.75, 0.8, 0.875, 1.0, 0.7, 0.8571, 0.6667, 1.0, 0.5, 0.8333, 1.0, 0.6, 0.9091, 0.8182, 0.8, 0.8, 0.8889, 1.0, 0.8, 0.9167, 0.875, 0.6667, 1.0, 0.875, 0.8333, 0.8889, 1.0, 1.0, 0.9091, 0.9091, 1.0, 1.0, 0.6667, 0.8889, 1.0, 1.0, 1.0, 0.9091, 0.9167, 1.0, 0.75, 0.9, 0.8571, 1.0, 0.6667, 0.9091, 0.6667, 1.0, 0.6667, 1.0, 1.0, 1.0, 0.7778, 1.0, 1.0, 0.8889, 1.0, 1.0, 0.7778, 0.9, 1.0, 1.0, 1.0, 0.8333, 1.0, 0.8182, 1.0, 0.9, 0.875, 0.7778, 1.0, 0.9, 0.8333, 0.7143, 1.0, 1.0, 0.8462, 0.5, 0.75, 0.9, 1.0, 1.0, 0.8, 0.8, 1.0, 0.8182, 0.7778, 1.0, 0.9091, 0.9167, 0.9, 0.8571, 0.8889, 0.7778, 0.75, 0.6667, 1.0, 0.7143, 0.9, 1.0, 0.6667, 0.8889, 1.0, 0.6667, 0.8333, 1.0, 0.6667, 0.8, 0.7, 1.0, 1.0, 0.8889, 0.8462, 0.7143, 0.75, 0.7143, 1.0, 0.8182, 0.8333, 0.9, 0.9091, 0.7778, 0.8571, 1.0, 0.6667, 0.8571, 0.7778, 0.8182, 0.7, 0.8889, 0.8571, 0.8, 0.8, 1.0, 0.75, 0.875, 0.4286, 1.0, 0.7778, 0.4286, 1.0, 0.6, 0.75, 0.75, 0.875, 1.0, 1.0, 1.0, 0.8462, 0.7143, 0.875, 0.8333, 0.6, 1.0, 0.7273, 0.8889, 0.8333, 1.0, 1.0, 1.0, 0.9, 0.8571, 1.0, 0.4, 0.8333, 0.7778, 0.8, 1.0, 1.0, 0.875, 1.0, 0.0, 1.0, 0.8571, 1.0, 0.625, 0.9167, 0.8333, 0.6667, 0.125, 0.75, 1.0, 0.8, 0.9, 0.875, 1.0, 0.8333, 0.0, 1.0, 0.9091, 0.7778, 1.0, 0.5714, 0.7, 0.8333, 0.0, 1.0, 0.875, 1.0, 0.875, 0.875, 1.0, 0.75, 0.0, 1.0, 1.0, 0.8333, 0.3333, 1.0, 0.8571, 1.0]"
random,9,random,0.8075,0.8075,0.8075,0.0,26,True,1615,0,280,105,0,"[0.05, 0.0785, 0.108, 0.144, 0.1845, 0.2265, 0.2695, 0.312, 0.362, 0.4085, 0.4575, 0.5085, 0.557, 0.602, 0.6365, 0.662, 0.6865, 0.7135, 0.7355, 0.754, 0.77, 0.7865, 0.798, 0.803, 0.8055, 0.8075, 0.8075, 0.8075, 0.8075, 0.8075, 0.8075, 0.8075, 0.8075, 0.8075, 0.8075, 0.8075, 0.8075, 0.8075, 0.8075, 0.8075, 0.8075, 0.8075, 0.8075, 0.8075, 0.8075, 0.8075, 0.8075, 0.8075, 0.8075, 0.8075, 0.8075, 0.8075, 0.8075, 0.8075, 0.8075, 0.8075, 0.8075, 0.8075, 0.8075, 0.8075, 0.8075, 0.8075, 0.8075, 0.8075, 0.8075, 0.8075, 0.8075, 0.8075, 0.8075, 0.8075, 0.8075, 0.8075, 0.8075, 0.8075, 0.8075, 0.8075, 0.8075, 0.8075, 0.8075, 0.8075, 0.8075, 0.8075, 0.8075, 0.8075, 0.8075, 0.8075, 0.8075, 0.8075, 0.8075, 0.8075, 0.8075, 0.8075, 0.8075, 0.8075, 0.8075, 0.8075, 0.8075, 0.8075, 0.8075, 0.8075, 0.8075]","{""0"": 0.6349, ""1"": 0.8703, ""2"": 0.8598, ""3"": 0.6405, ""4"": 0.8527, ""5"": 0.8477, ""6"": 0.8852, ""7"": 0.8548}","[1.0, 1.0, 0.75, 0.75, 0.75, 0.8, 0.8889, 0.875, 0.5, 1.0, 0.875, 0.8333, 1.0, 0.9, 0.7778, 0.5, 0.7143, 0.8571, 0.7778, 0.8, 0.8571, 0.7778, 0.7143, 0.8333, 1.0, 0.7778, 0.7778, 1.0, 1.0, 0.875, 0.7778, 1.0, 0.9231, 0.8571, 1.0, 0.6667, 1.0, 0.6667, 0.8571, 1.0, 0.8571, 0.625, 0.9231, 1.0, 1.0, 1.0, 0.7778, 0.875, 0.9, 1.0, 1.0, 0.8462, 0.8333, 0.6667, 0.9, 0.625, 0.8571, 1.0, 0.8333, 0.9, 1.0, 1.0, 0.8, 1.0, 1.0, 1.0, 0.9, 0.8333, 1.0, 0.75, 0.7778, 1.0, 0.8462, 0.875, 0.8, 0.8333, 0.75, 1.0, 0.8, 0.8, 0.8889, 0.8571, 0.75, 1.0, 0.0, 0.7778, 1.0, 0.875, 0.8, 0.875, 0.8571, 0.7778, 0.2, 0.9, 0.8, 1.0, 0.8889, 0.8182, 0.8571, 1.0, 0.375, 0.9091, 0.8, 0.875, 0.9167, 0.4444, 1.0, 1.0, 1.0, 0.9091, 0.8, 1.0, 1.0, 0.1667, 1.0, 0.75, 0.6667, 1.0, 0.9, 0.7, 0.7778, 0.2, 0.8571, 1.0, 0.6923, 0.8, 0.6, 0.8, 0.8333, 0.0, 0.7143, 0.8, 0.875, 0.9, 0.8, 0.8889, 0.8889, 0.0, 0.9091, 1.0, 0.7778, 1.0, 1.0, 1.0, 0.8571, 0.25, 0.875, 0.9, 0.8571, 0.9, 0.8462, 0.875, 0.8182, 0.0, 0.8333, 1.0, 1.0, 1.0, 1.0, 0.9, 0.625, 0.0, 0.6667, 1.0, 1.0, 0.8, 0.625, 0.8, 0.875, 0.3333, 1.0, 0.75, 0.5556, 0.75, 0.8889, 0.8889, 0.8333, 0.0, 0.8571, 0.8, 0.125, 1.0, 0.8333, 0.8571, 1.0, 0.5, 0.8889, 0.9167, 0.0, 0.7778, 1.0, 0.8333, 0.8, 0.7778, 1.0, 0.625, 0.0, 0.7143, 0.8333, 0.9, 0.7143, 0.875, 0.8571, 0.9286, 0.0, 0.9167, 1.0, 1.0, 0.8333, 1.0, 0.8, 0.9, 0.1667, 1.0, 0.8571, 0.8333, 1.0, 0.8333, 0.8333, 0.7143, 0.7143, 0.4, 0.75, 1.0, 1.0, 1.0, 1.0, 0.6667, 1.0, 0.875, 1.0, 0.7143, 0.6, 1.0, 1.0, 1.0, 0.6667, 0.8571, 0.75, 1.0, 0.7143, 0.7143, 0.875, 1.0, 0.4286, 0.7778, 1.0, 1.0, 1.0, 0.5714]"
random,10,random,0.7315,0.7315,0.7315,-0.0,28,True,1463,0,281,256,0,"[0.05, 0.082, 0.114, 0.1535, 0.198, 0.2445, 0.302, 0.3585, 0.403, 0.4375, 0.477, 0.5055, 0.532, 0.5545, 0.5755, 0.5985, 0.6245, 0.642, 0.658, 0.6685, 0.6755, 0.6835, 0.6955, 0.707, 0.717, 0.725, 0.7305, 0.7315, 0.7315, 0.7315, 0.7315, 0.7315, 0.7315, 0.7315, 0.7315, 0.7315, 0.7315, 0.7315, 0.7315, 0.7315, 0.7315, 0.7315, 0.7315, 0.7315, 0.7315, 0.7315, 0.7315, 0.7315, 0.7315, 0.7315, 0.7315, 0.7315, 0.7315, 0.7315, 0.7315, 0.7315, 0.7315, 0.7315, 0.7315, 0.7315, 0.7315, 0.7315, 0.7315, 0.7315, 0.7315, 0.7315, 0.7315, 0.7315, 0.7315, 0.7315, 0.7315, 0.7315, 0.7315, 0.7315, 0.7315, 0.7315, 0.7315, 0.7315, 0.7315, 0.7315, 0.7315, 0.7315, 0.7315, 0.7315, 0.7315, 0.7315, 0.7315, 0.7315, 0.7315, 0.7315, 0.7315, 0.7315, 0.7315, 0.7315, 0.7315, 0.7315, 0.7315, 0.7315, 0.7315, 0.7315, 0.7315]","{""0"": 0.498, ""1"": 0.8571, ""2"": 0.8484, ""3"": 0.3042, ""4"": 0.9064, ""5"": 0.8444, ""6"": 0.8462, ""7"": 0.7854}","[1.0, 0.125, 1.0, 0.75, 0.1, 0.8462, 0.6667, 0.6667, 1.0, 0.125, 0.8, 0.8, 0.0, 1.0, 1.0, 0.8333, 0.8889, 0.0, 0.8333, 0.6667, 0.2, 1.0, 0.5, 0.7, 1.0, 0.2857, 1.0, 0.8333, 0.0, 0.8, 0.875, 0.25, 1.0, 0.6364, 0.8, 0.8333, 0.3333, 0.6667, 0.8571, 0.8, 1.0, 1.0, 1.0, 0.8333, 0.0, 1.0, 1.0, 0.8571, 1.0, 0.8889, 1.0, 0.8889, 0.0, 0.8, 1.0, 0.6667, 0.75, 1.0, 1.0, 0.8889, 0.0, 0.7143, 0.7778, 1.0, 1.0, 0.8333, 0.8889, 0.75, 0.0, 1.0, 0.8333, 1.0, 1.0, 0.9091, 0.6667, 0.8, 0.0909, 1.0, 0.8, 0.875, 0.8333, 0.7143, 0.8667, 1.0, 0.0, 1.0, 0.7143, 1.0, 0.6667, 1.0, 0.75, 0.5556, 0.1, 1.0, 0.9167, 0.875, 0.8889, 1.0, 0.875, 0.8571, 0.0, 1.0, 1.0, 0.875, 0.7778, 0.8889, 0.8571, 0.6, 0.0, 1.0, 0.625, 1.0, 1.0, 1.0, 0.875, 1.0, 0.0, 0.875, 0.8571, 0.7778, 1.0, 1.0, 0.7143, 1.0, 0.2, 1.0, 0.8571, 1.0, 0.8889, 0.8889, 0.8889, 0.8889, 0.4444, 0.75, 0.7778, 1.0, 0.4, 0.8182, 0.6, 0.7273, 0.125, 0.8571, 0.8333, 1.0, 0.0, 0.6667, 0.8, 1.0, 0.0, 1.0, 0.8889, 0.6364, 0.1111, 0.6667, 0.875, 0.8889, 0.5, 1.0, 0.8333, 1.0, 0.1429, 0.0, 0.6667, 1.0, 0.8, 1.0, 0.6667, 1.0, 0.625, 0.0, 1.0, 0.9, 0.75, 0.8, 0.9091, 0.875, 0.8333, 0.0, 0.6667, 1.0, 0.75, 0.9, 0.8, 0.6, 0.9231, 0.0, 1.0, 0.75, 0.7143, 1.0, 0.8, 0.7143, 1.0, 0.2, 0.8333, 0.5, 1.0, 1.0, 1.0, 0.5556, 0.8889, 0.3333, 1.0, 0.8571, 1.0, 0.6667, 0.9, 1.0, 0.3333, 0.9, 0.875, 0.8, 0.7778, 1.0, 0.8, 0.7778, 0.7857, 0.0, 0.75, 1.0, 1.0, 0.8333, 0.9091, 1.0, 1.0, 0.0, 0.8571, 1.0, 0.8571, 0.875, 1.0, 0.8333, 1.0, 0.0, 0.8889, 0.875, 0.0, 0.8, 1.0, 0.7692, 1.0, 0.0, 0.7, 0.9, 0.0, 0.7778, 0.625, 0.875, 0.8182, 0.0]"
random,11,random,0.836,0.836,0.836,0.0,43,True,1672,0,294,34,0,"[0.05, 0.081, 0.1205, 0.1695, 0.2295, 0.291, 0.3515, 0.405, 0.4575, 0.5055, 0.5565, 0.5975, 0.6225, 0.64, 0.6585, 0.681, 0.7095, 0.73, 0.7465, 0.7615, 0.775, 0.787, 0.795, 0.8015, 0.8065, 0.8085, 0.8105, 0.813, 0.8145, 0.8165, 0.8175, 0.8195, 0.8215, 0.8235, 0.8265, 0.828, 0.8295, 0.832, 0.833, 0.8345, 0.835, 0.8355, 0.836, 0.836, 0.836, 0.836, 0.836, 0.836, 0.836, 0.836, 0.836, 0.836, 0.836, 0.836, 0.836, 0.836, 0.836, 0.836, 0.836, 0.836, 0.836, 0.836, 0.836, 0.836, 0.836, 0.836, 0.836, 0.836, 0.836, 0.836, 0.836, 0.836, 0.836, 0.836, 0.836, 0.836, 0.836, 0.836, 0.836, 0.836, 0.836, 0.836, 0.836, 0.836, 0.836, 0.836, 0.836, 0.836, 0.836, 0.836, 0.836, 0.836, 0.836, 0.836, 0.836, 0.836, 0.836, 0.836, 0.836, 0.836, 0.836]","{""0"": 0.8678, ""1"": 0.8656, ""2"": 0.8392, ""3"": 0.841, ""4"": 0.7073, ""5"": 0.8447, ""6"": 0.8661, ""7"": 0.8544}","[1.0, 0.8889, 1.0, 0.8571, 0.5714, 0.6667, 1.0, 0.75, 0.75, 1.0, 1.0, 0.9, 0.6667, 0.8333, 0.5, 0.6667, 0.6, 0.8333, 0.8333, 0.7, 0.8333, 0.6667, 0.8, 1.0, 0.8, 1.0, 0.875, 0.7273, 0.5714, 0.8571, 1.0, 0.9, 1.0, 1.0, 0.9, 0.8889, 1.0, 0.7273, 0.7778, 0.5556, 1.0, 0.875, 0.9, 0.7143, 0.9, 1.0, 0.75, 0.8889, 0.7778, 0.8889, 0.9, 0.7692, 0.9091, 0.7778, 1.0, 1.0, 0.7778, 0.8, 0.7857, 0.75, 1.0, 0.875, 0.8, 0.8333, 1.0, 0.8, 1.0, 1.0, 0.8571, 1.0, 0.75, 1.0, 1.0, 0.8889, 1.0, 0.75, 0.875, 0.8, 0.9286, 1.0, 1.0, 0.625, 1.0, 0.6667, 1.0, 0.8571, 0.9167, 0.8889, 0.7778, 1.0, 0.8571, 1.0, 0.7778, 0.875, 0.8889, 1.0, 1.0, 1.0, 0.8, 0.8333, 0.4, 0.875, 0.6667, 0.9286, 0.8571, 0.8571, 0.8, 0.8333, 1.0, 0.8571, 0.8462, 0.7778, 0.8571, 0.875, 0.7143, 0.5714, 1.0, 1.0, 1.0, 1.0, 1.0, 0.8, 0.75, 1.0, 0.8889, 0.8889, 1.0, 1.0, 1.0, 1.0, 0.6667, 1.0, 0.8333, 1.0, 0.8333, 0.8182, 0.75, 0.7143, 0.8, 0.9, 0.75, 1.0, 0.8333, 1.0, 0.8571, 0.6667, 0.7143, 0.9, 0.6667, 0.875, 0.9091, 0.75, 0.875, 1.0, 1.0, 0.75, 1.0, 0.2, 0.7778, 0.75, 0.75, 0.75, 0.7, 0.8889, 1.0, 0.0, 0.8333, 0.7, 1.0, 0.75, 0.875, 1.0, 0.875, 0.0, 0.8889, 1.0, 0.9091, 0.5556, 0.9091, 0.8, 0.8889, 0.0, 1.0, 0.5714, 0.8889, 1.0, 0.9091, 1.0, 0.6, 0.0, 0.9, 0.8333, 0.875, 0.7143, 0.5714, 0.7273, 0.9091, 0.625, 0.8, 0.875, 0.7273, 1.0, 0.8571, 0.8889, 0.6667, 0.6667, 0.875, 1.0, 0.7778, 1.0, 0.8, 0.8889, 1.0, 0.9, 0.75, 0.9231, 0.8, 0.8889, 0.875, 0.8333, 1.0, 0.8333, 0.875, 0.875, 0.7778, 1.0, 1.0, 0.875, 0.7143, 0.75, 0.5, 1.0, 0.8182, 0.875, 1.0, 0.8571, 1.0, 1.0, 0.875, 0.7778, 0.5, 0.8, 1.0, 1.0, 0.6364, 0.8571, 0.8, 1.0, 0.9, 0.875]"
random,12,random,0.8365,0.8365,0.8365,0.0,32,True,1673,0,296,31,0,"[0.05, 0.084, 0.122, 0.175, 0.2315, 0.289, 0.35, 0.404, 0.4505, 0.4895, 0.5195, 0.555, 0.588, 0.613, 0.6375, 0.6565, 0.679, 0.6955, 0.713, 0.7325, 0.7505, 0.7655, 0.775, 0.7855, 0.8, 0.8145, 0.821, 0.827, 0.8315, 0.834, 0.836, 0.8365, 0.8365, 0.8365, 0.8365, 0.8365, 0.8365, 0.8365, 0.8365, 0.8365, 0.8365, 0.8365, 0.8365, 0.8365, 0.8365, 0.8365, 0.8365, 0.8365, 0.8365, 0.8365, 0.8365, 0.8365, 0.8365, 0.8365, 0.8365, 0.8365, 0.8365, 0.8365, 0.8365, 0.8365, 0.8365, 0.8365, 0.8365, 0.8365, 0.8365, 0.8365, 0.8365, 0.8365, 0.8365, 0.8365, 0.8365, 0.8365, 0.8365, 0.8365, 0.8365, 0.8365, 0.8365, 0.8365, 0.8365, 0.8365, 0.8365, 0.8365, 0.8365, 0.8365, 0.8365, 0.8365, 0.8365, 0.8365, 0.8365, 0.8365, 0.8365, 0.8365, 0.8365, 0.8365, 0.8365, 0.8365, 0.8365, 0.8365, 0.8365, 0.8365, 0.8365]","{""0"": 0.8477, ""1"": 0.8435, ""2"": 0.812, ""3"": 0.7918, ""4"": 0.8223, ""5"": 0.8615, ""6"": 0.8347, ""7"": 0.873}","[0.8889, 1.0, 0.7143, 0.8333, 0.4286, 1.0, 0.875, 1.0, 0.8, 1.0, 0.75, 0.875, 0.0, 0.8333, 1.0, 1.0, 1.0, 0.8333, 0.8571, 0.8889, 0.1, 1.0, 0.8333, 0.875, 0.8, 0.8571, 0.75, 0.5714, 1.0, 0.5714, 1.0, 0.8571, 0.875, 1.0, 0.9167, 1.0, 0.6667, 0.6, 0.6667, 0.8333, 0.6667, 0.9091, 1.0, 0.7143, 1.0, 0.6364, 0.9091, 1.0, 0.6667, 0.875, 1.0, 0.8571, 0.9, 0.75, 0.6667, 0.6667, 0.875, 0.6364, 1.0, 1.0, 0.5, 0.8571, 0.8571, 0.9333, 1.0, 0.7143, 0.75, 0.7778, 0.9, 0.5, 1.0, 0.6667, 1.0, 0.8889, 1.0, 0.75, 0.9167, 0.8333, 0.8333, 0.8571, 1.0, 0.8333, 0.6667, 0.875, 1.0, 0.9091, 0.8571, 0.75, 1.0, 0.75, 0.625, 0.9, 1.0, 0.8571, 0.7273, 0.75, 0.9091, 0.8182, 0.6667, 1.0, 0.9, 0.8333, 0.9167, 0.7778, 1.0, 1.0, 1.0, 1.0, 0.7273, 0.8, 0.8571, 0.8571, 1.0, 1.0, 0.6, 0.8571, 0.8, 0.8571, 0.5556, 0.9231, 0.8, 0.875, 1.0, 0.8571, 0.625, 1.0, 1.0, 0.9091, 1.0, 1.0, 0.8, 0.0, 0.8571, 0.75, 1.0, 0.6, 1.0, 0.5714, 0.8571, 0.0, 0.5714, 0.7778, 0.9, 1.0, 0.8, 0.75, 0.4545, 0.8, 1.0, 0.6667, 1.0, 1.0, 0.9, 0.9, 0.8333, 0.8571, 1.0, 0.875, 0.875, 0.75, 0.8, 0.8333, 0.8889, 0.8333, 1.0, 0.8889, 0.75, 0.8571, 0.6667, 0.875, 1.0, 1.0, 0.75, 1.0, 1.0, 0.8571, 0.7143, 0.5, 0.8182, 1.0, 1.0, 1.0, 1.0, 1.0, 0.7778, 0.9091, 0.8, 0.8, 0.8333, 0.8889, 0.7778, 0.75, 0.6667, 0.6364, 1.0, 0.9091, 1.0, 0.7143, 0.8889, 1.0, 0.7143, 0.7143, 1.0, 0.875, 1.0, 0.9091, 0.7778, 1.0, 1.0, 1.0, 0.7778, 1.0, 0.75, 1.0, 1.0, 0.6923, 0.875, 1.0, 0.9, 0.8571, 0.7778, 0.8, 0.9, 0.8571, 0.9091, 0.8, 1.0, 0.8571, 1.0, 0.7273, 1.0, 0.4286, 0.8889, 1.0, 0.8, 1.0, 0.8571, 0.6667, 0.75, 1.0, 0.9286, 0.875, 0.8667, 1.0, 1.0, 0.7143, 0.8889, 0.8571, 1.0, 0.8]"
random,13,random,0.8415,0.8415,0.8415,-0.0,28,True,1683,0,292,25,0,"[0.05, 0.085, 0.131, 0.185, 0.243, 0.309, 0.3805, 0.448, 0.5135, 0.5675, 0.618, 0.6705, 0.712, 0.737, 0.7565, 0.766, 0.7785, 0.793, 0.8015, 0.8075, 0.8115, 0.8185, 0.8265, 0.833, 0.8365, 0.8385, 0.841, 0.8415, 0.8415, 0.8415, 0.8415, 0.8415, 0.8415, 0.8415, 0.8415, 0.8415, 0.8415, 0.8415, 0.8415, 0.8415, 0.8415, 0.8415, 0.8415, 0.8415, 0.8415, 0.8415, 0.8415, 0.8415, 0.8415, 0.8415, 0.8415, 0.8415, 0.8415, 0.8415, 0.8415, 0.8415, 0.8415, 0.8415, 0.8415, 0.8415, 0.8415, 0.8415, 0.8415, 0.8415, 0.8415, 0.8415, 0.8415, 0.8415, 0.8415, 0.8415, 0.8415, 0.8415, 0.8415, 0.8415, 0.8415, 0.8415, 0.8415, 0.8415, 0.8415, 0.8415, 0.8415, 0.8415, 0.8415, 0.8415, 0.8415, 0.8415, 0.8415, 0.8415, 0.8415, 0.8415, 0.8415, 0.8415, 0.8415, 0.8415, 0.8415, 0.8415, 0.8415, 0.8415, 0.8415, 0.8415, 0.8415]","{""0"": 0.8566, ""1"": 0.7561, ""2"": 0.8687, ""3"": 0.8388, ""4"": 0.874, ""5"": 0.8492, ""6"": 0.8087, ""7"": 0.8841}","[1.0, 0.8571, 1.0, 1.0, 0.8462, 1.0, 0.8182, 0.9, 0.7778, 1.0, 0.6667, 0.75, 1.0, 1.0, 0.875, 0.7692, 0.9, 0.7778, 0.9, 0.8889, 0.6667, 0.875, 0.8182, 0.8333, 1.0, 1.0, 0.8, 0.9, 0.7143, 0.8571, 0.625, 0.8, 0.8333, 0.75, 0.8, 0.6667, 1.0, 1.0, 0.5, 0.7778, 1.0, 0.7143, 0.8333, 1.0, 0.4, 0.875, 1.0, 0.9, 1.0, 0.6667, 0.8571, 1.0, 0.9, 0.75, 0.7778, 0.6667, 1.0, 0.6, 0.8, 0.75, 0.6667, 0.8333, 0.7143, 0.75, 0.8, 1.0, 0.7143, 1.0, 0.7143, 1.0, 0.8333, 0.9, 0.8333, 1.0, 0.5, 0.75, 0.75, 0.8889, 1.0, 0.7857, 0.875, 0.75, 1.0, 0.75, 1.0, 0.75, 0.9, 0.75, 0.6667, 1.0, 0.0, 1.0, 1.0, 0.4444, 0.8571, 0.875, 1.0, 0.8333, 0.0833, 0.875, 0.5833, 1.0, 0.8571, 0.6667, 0.6667, 0.7273, 0.0, 1.0, 0.7143, 0.625, 1.0, 0.8889, 0.8, 0.7778, 0.7143, 0.7, 0.75, 1.0, 0.8, 0.5556, 0.8889, 0.875, 0.8, 0.8571, 1.0, 1.0, 1.0, 0.7778, 1.0, 1.0, 0.625, 0.625, 0.8182, 0.9091, 0.8, 0.9, 0.8571, 1.0, 0.875, 0.875, 1.0, 0.8, 0.875, 1.0, 0.7778, 0.875, 0.8571, 0.7, 1.0, 1.0, 1.0, 0.8, 1.0, 0.8571, 0.8571, 1.0, 1.0, 0.8333, 0.8889, 1.0, 1.0, 1.0, 0.8333, 1.0, 0.875, 0.8, 0.8889, 0.5556, 1.0, 0.9167, 0.8333, 0.7778, 0.8571, 1.0, 0.7143, 0.8333, 0.7692, 0.8462, 1.0, 0.7143, 0.75, 1.0, 0.75, 0.7778, 0.8571, 0.875, 0.875, 0.8571, 1.0, 0.8889, 1.0, 0.6667, 0.7778, 0.8667, 0.8571, 1.0, 0.7143, 1.0, 1.0, 1.0, 0.8571, 0.8571, 0.9091, 0.8333, 1.0, 0.7778, 0.8, 1.0, 0.7778, 0.75, 1.0, 0.875, 1.0, 0.9091, 0.7778, 0.75, 1.0, 0.6667, 0.8571, 1.0, 0.75, 0.8, 0.8182, 0.8571, 1.0, 0.7143, 0.75, 0.875, 0.8182, 0.8333, 0.8333, 0.6, 1.0, 1.0, 1.0, 0.9091, 0.8, 0.8, 0.8571, 1.0, 0.875, 1.0, 0.8571, 1.0, 1.0, 0.8571, 0.8571, 0.6923, 1.0, 1.0]"
random,14,random,0.7295,0.7295,0.7295,0.0,32,True,1459,0,307,234,0,"[0.05, 0.0845, 0.128, 0.181, 0.246, 0.309, 0.3575, 0.4085, 0.4555, 0.5025, 0.546, 0.584, 0.626, 0.6505, 0.664, 0.6755, 0.6845, 0.689, 0.6955, 0.7, 0.7055, 0.71, 0.7145, 0.717, 0.7185, 0.72, 0.723, 0.7265, 0.728, 0.7285, 0.729, 0.7295, 0.7295, 0.7295, 0.7295, 0.7295, 0.7295, 0.7295, 0.7295, 0.7295, 0.7295, 0.7295, 0.7295, 0.7295, 0.7295, 0.7295, 0.7295, 0.7295, 0.7295, 0.7295, 0.7295, 0.7295, 0.7295, 0.7295, 0.7295, 0.7295, 0.7295, 0.7295, 0.7295, 0.7295, 0.7295, 0.7295, 0.7295, 0.7295, 0.7295, 0.7295, 0.7295, 0.7295, 0.7295, 0.7295, 0.7295, 0.7295, 0.7295, 0.7295, 0.7295, 0.7295, 0.7295, 0.7295, 0.7295, 0.7295, 0.7295, 0.7295, 0.7295, 0.7295, 0.7295, 0.7295, 0.7295, 0.7295, 0.7295, 0.7295, 0.7295, 0.7295, 0.7295, 0.7295, 0.7295, 0.7295, 0.7295, 0.7295, 0.7295, 0.7295, 0.7295]","{""0"": 0.8264, ""1"": 0.6833, ""2"": 0.8402, ""3"": 0.8032, ""4"": 0.8398, ""5"": 0.504, ""6"": 0.6935, ""7"": 0.6498}","[0.7778, 0.875, 0.8, 0.8889, 0.5, 0.5455, 1.0, 0.0, 0.8571, 1.0, 0.75, 0.8571, 1.0, 0.8333, 0.7778, 0.0, 1.0, 0.7143, 0.8182, 0.75, 1.0, 0.8, 1.0, 0.5, 0.9091, 0.8, 0.7, 0.6667, 1.0, 1.0, 0.9091, 0.375, 0.875, 0.9091, 0.6667, 0.9, 0.8333, 0.8571, 0.7143, 0.0, 0.8, 0.6, 1.0, 0.8571, 1.0, 0.8571, 0.8889, 0.1, 0.875, 1.0, 0.0, 0.75, 0.9, 0.7778, 0.6667, 0.0769, 0.8462, 1.0, 0.2857, 0.8571, 0.875, 1.0, 1.0, 0.3333, 1.0, 0.7143, 0.0, 0.625, 0.875, 0.6, 0.875, 0.875, 0.8, 0.8333, 0.0, 0.8333, 0.8, 1.0, 1.0, 1.0, 0.5455, 0.6667, 0.25, 0.8571, 0.875, 0.7778, 0.5, 0.875, 0.3333, 1.0, 0.0, 0.6667, 0.7143, 0.8889, 0.0, 0.75, 0.0, 0.875, 0.0, 0.9091, 0.9091, 0.75, 0.0, 0.8571, 0.0, 0.8571, 0.7143, 0.9167, 0.6, 0.8889, 0.0, 1.0, 0.0, 1.0, 0.8333, 0.7778, 0.7778, 0.8333, 0.0, 0.8889, 0.0, 1.0, 1.0, 0.8333, 0.875, 0.6667, 0.0833, 0.8889, 0.0, 0.75, 0.8571, 0.7778, 0.5, 0.9, 0.0, 1.0, 0.4, 1.0, 0.75, 1.0, 1.0, 1.0, 0.0, 0.8333, 0.25, 0.8571, 1.0, 1.0, 1.0, 1.0, 0.0, 1.0, 0.75, 1.0, 0.7273, 0.6667, 0.8889, 0.8182, 0.0, 1.0, 0.5714, 0.8333, 1.0, 1.0, 0.9, 0.8, 0.0, 0.8, 0.625, 0.9, 1.0, 0.7143, 0.875, 0.8889, 0.0909, 0.7143, 1.0, 0.8, 0.8, 0.75, 0.8333, 0.8, 0.6667, 1.0, 0.8571, 1.0, 0.8, 0.8571, 0.6, 1.0, 0.75, 0.8889, 1.0, 0.75, 0.9, 0.875, 1.0, 0.6, 0.6667, 1.0, 0.8333, 0.875, 0.8571, 0.7, 0.8571, 0.5714, 1.0, 1.0, 0.9, 0.875, 0.8571, 0.9, 0.0, 0.8182, 1.0, 0.875, 1.0, 1.0, 1.0, 0.875, 0.0, 0.7778, 0.875, 0.8, 0.6, 0.8889, 1.0, 0.9231, 0.2857, 1.0, 0.7778, 0.9, 0.875, 0.1429, 0.8, 0.6667, 1.0, 1.0, 0.8, 1.0, 1.0, 0.75, 0.7143, 1.0, 1.0, 1.0, 0.625, 0.6, 0.7778, 0.8]"
random,15,random,0.833,0.833,0.833,0.0,41,True,1666,0,278,56,0,"[0.05, 0.0805, 0.1205, 0.1715, 0.236, 0.305, 0.374, 0.4525, 0.5105, 0.5605, 0.609, 0.648, 0.67, 0.6905, 0.7135, 0.7395, 0.7565, 0.7715, 0.783, 0.7935, 0.796, 0.7975, 0.7995, 0.8025, 0.8065, 0.8105, 0.8135, 0.816, 0.819, 0.82, 0.821, 0.8215, 0.8225, 0.824, 0.8245, 0.825, 0.8255, 0.8275, 0.829, 0.8315, 0.833, 0.833, 0.833, 0.833, 0.833, 0.833, 0.833, 0.833, 0.833, 0.833, 0.833, 0.833, 0.833, 0.833, 0.833, 0.833, 0.833, 0.833, 0.833, 0.833, 0.833, 0.833, 0.833, 0.833, 0.833, 0.833, 0.833, 0.833, 0.833, 0.833, 0.833, 0.833, 0.833, 0.833, 0.833, 0.833, 0.833, 0.833, 0.833, 0.833, 0.833, 0.833, 0.833, 0.833, 0.833, 0.833, 0.833, 0.833, 0.833, 0.833, 0.833, 0.833, 0.833, 0.833, 0.833, 0.833, 0.833, 0.833, 0.833, 0.833, 0.833]","{""0"": 0.7556, ""1"": 0.8642, ""2"": 0.8765, ""3"": 0.7354, ""4"": 0.8444, ""5"": 0.8306, ""6"": 0.8889, ""7"": 0.8819}","[1.0, 0.9, 1.0, 0.8, 0.5714, 0.9091, 0.8, 0.8889, 0.8571, 0.8571, 0.875, 0.8, 0.8333, 0.75, 0.6, 1.0, 0.8889, 0.9091, 0.8, 1.0, 0.8333, 0.8333, 0.6, 0.8333, 0.8333, 0.8889, 0.8889, 0.8, 1.0, 1.0, 0.6667, 1.0, 0.9, 0.8889, 1.0, 0.8571, 0.9, 0.75, 0.6667, 0.7778, 1.0, 0.8, 0.8182, 1.0, 0.6, 0.7778, 1.0, 1.0, 0.8182, 1.0, 0.7273, 0.8571, 0.1, 1.0, 0.8, 0.7143, 1.0, 0.8889, 0.6667, 0.8889, 0.0, 0.8333, 1.0, 1.0, 0.9091, 1.0, 1.0, 0.9231, 0.0, 1.0, 0.8571, 0.8333, 0.9, 0.6, 0.875, 0.6667, 0.7778, 0.9091, 0.9091, 0.7143, 1.0, 1.0, 0.75, 1.0, 1.0, 0.9, 0.8571, 1.0, 0.7778, 0.1818, 1.0, 1.0, 0.9, 0.6, 0.7143, 0.5, 0.8889, 0.1, 0.8, 0.9091, 1.0, 0.875, 1.0, 0.8, 1.0, 0.0, 1.0, 1.0, 0.7, 1.0, 1.0, 0.8333, 0.5, 0.1111, 1.0, 1.0, 1.0, 1.0, 1.0, 0.8, 1.0, 1.0, 1.0, 0.7778, 0.8333, 0.625, 1.0, 0.9, 1.0, 0.8462, 0.75, 0.875, 0.8889, 0.8571, 0.8333, 1.0, 0.6667, 0.75, 0.7143, 1.0, 1.0, 0.8, 0.75, 1.0, 1.0, 0.75, 1.0, 0.875, 0.75, 0.8333, 1.0, 0.8333, 0.7143, 0.8182, 0.8571, 1.0, 0.875, 0.7143, 0.875, 0.7143, 0.5556, 1.0, 1.0, 0.8, 0.75, 0.5, 0.8333, 0.75, 1.0, 0.8571, 0.8, 0.6667, 0.7778, 0.6667, 1.0, 1.0, 1.0, 1.0, 0.7143, 0.8571, 0.7778, 0.8571, 0.8571, 1.0, 0.7143, 1.0, 1.0, 0.625, 0.8889, 1.0, 1.0, 0.9091, 0.8889, 0.8, 1.0, 0.8333, 0.75, 1.0, 0.875, 1.0, 1.0, 0.8571, 0.7143, 1.0, 0.6667, 0.8333, 1.0, 1.0, 0.7273, 0.6667, 0.8333, 1.0, 0.6, 1.0, 0.9167, 0.7143, 1.0, 0.7, 0.8333, 0.8571, 0.95, 1.0, 0.875, 0.75, 1.0, 0.8571, 0.75, 0.875, 1.0, 0.875, 1.0, 1.0, 0.9, 0.875, 0.8333, 0.8571, 1.0, 0.5, 0.3333, 1.0, 1.0, 0.8, 0.8889, 0.6667, 1.0, 0.8889, 0.6, 1.0, 1.0, 0.8571]"
random,16,random,0.849,0.849,0.849,0.0,31,True,1698,0,257,45,0,"[0.05, 0.086, 0.1195, 0.1605, 0.1995, 0.252, 0.3125, 0.373, 0.4345, 0.496, 0.547, 0.5895, 0.6275, 0.6555, 0.6855, 0.709, 0.734, 0.7585, 0.783, 0.799, 0.8105, 0.819, 0.827, 0.8335, 0.8365, 0.838, 0.839, 0.841, 0.8455, 0.8485, 0.849, 0.849, 0.849, 0.849, 0.849, 0.849, 0.849, 0.849, 0.849, 0.849, 0.849, 0.849, 0.849, 0.849, 0.849, 0.849, 0.849, 0.849, 0.849, 0.849, 0.849, 0.849, 0.849, 0.849, 0.849, 0.849, 0.849, 0.849, 0.849, 0.849, 0.849, 0.849, 0.849, 0.849, 0.849, 0.849, 0.849, 0.849, 0.849, 0.849, 0.849, 0.849, 0.849, 0.849, 0.849, 0.849, 0.849, 0.849, 0.849, 0.849, 0.849, 0.849, 0.849, 0.849, 0.849, 0.849, 0.849, 0.849, 0.849, 0.849, 0.849, 0.849, 0.849, 0.849, 0.849, 0.849, 0.849, 0.849, 0.849, 0.849, 0.849]","{""0"": 0.8859, ""1"": 0.6708, ""2"": 0.8554, ""3"": 0.8625, ""4"": 0.8667, ""5"": 0.8704, ""6"": 0.896, ""7"": 0.8764}","[1.0, 1.0, 1.0, 0.9, 1.0, 1.0, 0.7692, 0.8333, 0.875, 1.0, 1.0, 1.0, 1.0, 1.0, 1.0, 0.875, 1.0, 1.0, 1.0, 0.625, 1.0, 0.6667, 0.875, 1.0, 0.8571, 1.0, 0.8889, 0.6667, 0.75, 0.875, 1.0, 1.0, 1.0, 1.0, 0.6667, 0.8333, 0.8333, 0.7143, 0.8571, 0.8889, 1.0, 0.8182, 1.0, 0.8, 0.8889, 0.4444, 0.7778, 0.9, 1.0, 0.8, 1.0, 0.8333, 0.7143, 0.8571, 1.0, 1.0, 0.6154, 0.875, 1.0, 0.7778, 1.0, 0.8571, 0.8, 0.7143, 0.8571, 0.75, 0.0, 1.0, 0.8182, 0.625, 1.0, 1.0, 0.8571, 0.625, 0.2, 0.875, 1.0, 1.0, 0.8571, 0.9091, 0.7778, 1.0, 0.0, 0.875, 0.75, 0.75, 0.8571, 0.8, 1.0, 0.5556, 0.0, 0.8333, 1.0, 1.0, 0.8571, 1.0, 0.6667, 1.0, 0.1667, 1.0, 0.8182, 0.8889, 1.0, 1.0, 1.0, 1.0, 0.0, 0.8333, 0.8333, 0.8, 0.9, 0.6364, 0.6667, 1.0, 0.1429, 0.8333, 0.7778, 1.0, 0.75, 0.9, 1.0, 0.7, 0.1429, 0.6667, 0.8, 1.0, 1.0, 0.6667, 0.8571, 0.75, 1.0, 0.8571, 0.9, 0.9091, 0.8333, 0.9231, 1.0, 1.0, 0.7143, 1.0, 0.8889, 1.0, 0.875, 1.0, 1.0, 0.8333, 0.5, 0.875, 0.7143, 0.8182, 0.9091, 1.0, 0.9231, 1.0, 1.0, 0.8182, 0.8, 0.8571, 0.9, 0.8333, 0.6923, 1.0, 1.0, 0.8, 0.875, 1.0, 0.8, 1.0, 0.8571, 0.7, 1.0, 1.0, 0.7778, 0.8182, 0.9091, 0.8571, 0.8333, 0.8889, 1.0, 0.8, 0.8571, 1.0, 1.0, 0.9, 0.9091, 0.8333, 0.5714, 1.0, 0.75, 0.8571, 0.7143, 0.8, 1.0, 1.0, 0.2, 1.0, 1.0, 0.8333, 0.9091, 0.8, 0.8333, 0.9231, 1.0, 1.0, 0.8889, 1.0, 0.75, 0.8571, 0.8, 1.0, 1.0, 0.875, 1.0, 1.0, 1.0, 1.0, 1.0, 1.0, 0.9, 1.0, 0.875, 0.9286, 0.8, 0.9091, 0.8182, 0.9231, 0.8, 0.8, 0.8, 0.5, 0.625, 0.8333, 0.7778, 1.0, 0.8571, 0.875, 0.9, 0.75, 0.8, 0.8, 1.0, 1.0, 0.875, 0.625, 0.8571, 1.0, 1.0, 1.0, 1.0, 0.7]"
random,17,random,0.7955,0.7955,0.7955,0.0,30,True,1591,0,303,106,0,"[0.05, 0.0875, 0.126, 0.176, 0.2265, 0.2705, 0.3175, 0.3585, 0.3975, 0.437, 0.464, 0.4935, 0.5195, 0.546, 0.571, 0.597, 0.625, 0.6575, 0.687, 0.7095, 0.7285, 0.75, 0.761, 0.7705, 0.777, 0.781, 0.784, 0.7895, 0.795, 0.7955, 0.7955, 0.7955, 0.7955, 0.7955, 0.7955, 0.7955, 0.7955, 0.7955, 0.7955, 0.7955, 0.7955, 0.7955, 0.7955, 0.7955, 0.7955, 0.7955, 0.7955, 0.7955, 0.7955, 0.7955, 0.7955, 0.7955, 0.7955, 0.7955, 0.7955, 0.7955, 0.7955, 0.7955, 0.7955, 0.7955, 0.7955, 0.7955, 0.7955, 0.7955, 0.7955, 0.7955, 0.7955, 0.7955, 0.7955, 0.7955, 0.7955, 0.7955, 0.7955, 0.7955, 0.7955, 0.7955, 0.7955, 0.7955, 0.7955, 0.7955, 0.7955, 0.7955, 0.7955, 0.7955, 0.7955, 0.7955, 0.7955, 0.7955, 0.7955, 0.7955, 0.7955, 0.7955, 0.7955, 0.7955, 0.7955, 0.7955, 0.7955, 0.7955, 0.7955, 0.7955, 0.7955]","{""0"": 0.8364, ""1"": 0.7143, ""2"": 0.8471, ""3"": 0.8594, ""4"": 0.8407, ""5"": 0.8669, ""6"": 0.6599, ""7"": 0.7368}","[0.6667, 0.6667, 0.75, 0.9231, 1.0, 0.75, 1.0, 0.0, 0.8889, 0.9091, 0.6, 0.9, 0.875, 0.6667, 0.7, 0.0, 0.7143, 0.75, 0.7, 0.7143, 1.0, 0.875, 1.0, 0.25, 0.9, 0.8, 0.8571, 1.0, 0.8, 0.9, 0.7143, 0.125, 0.9, 0.8571, 1.0, 0.6667, 1.0, 1.0, 0.875, 0.1538, 0.9, 1.0, 0.7778, 0.8, 0.7143, 0.7143, 1.0, 1.0, 0.8571, 0.8889, 0.6, 1.0, 0.8571, 0.3333, 0.8571, 0.8333, 0.7778, 0.5714, 0.75, 0.8333, 1.0, 0.6, 1.0, 0.8571, 0.8182, 0.8462, 0.0, 0.8333, 0.8, 0.7143, 0.8333, 0.8333, 0.875, 1.0, 0.125, 1.0, 0.8889, 0.7143, 1.0, 0.8, 0.8, 0.2, 0.1111, 0.7778, 1.0, 0.8, 0.8571, 1.0, 1.0, 0.3333, 0.0, 1.0, 0.9, 0.6, 0.875, 0.8, 0.5714, 1.0, 0.0, 0.875, 0.8571, 0.8, 0.75, 0.875, 0.6667, 0.8571, 0.5714, 0.7692, 0.8, 1.0, 0.8571, 1.0, 0.7778, 0.8571, 0.7778, 0.8, 0.7857, 0.8889, 0.8571, 1.0, 0.75, 0.875, 1.0, 0.7273, 1.0, 0.8333, 0.875, 0.8571, 0.8571, 0.75, 1.0, 0.8889, 0.875, 1.0, 0.9231, 0.5, 0.8889, 0.7778, 1.0, 0.8333, 0.6, 0.875, 1.0, 1.0, 0.8889, 0.9167, 1.0, 1.0, 1.0, 0.8889, 0.75, 0.8333, 1.0, 0.875, 0.8889, 0.8, 0.8889, 1.0, 0.8571, 1.0, 0.5, 0.7778, 0.9, 1.0, 1.0, 1.0, 0.8571, 0.8571, 0.0, 0.8333, 0.9, 1.0, 0.8889, 1.0, 0.8571, 0.8, 0.0, 0.8182, 1.0, 0.7, 1.0, 0.8, 0.875, 0.5, 0.0, 0.8889, 0.8571, 1.0, 1.0, 0.6667, 0.8571, 1.0, 0.6667, 0.875, 0.5, 0.6, 0.8889, 0.9167, 0.7143, 0.8, 0.6667, 0.8889, 0.75, 0.5714, 0.75, 1.0, 0.6667, 0.6364, 0.5714, 0.875, 1.0, 0.8462, 0.6154, 0.7273, 1.0, 0.75, 1.0, 0.875, 0.8571, 0.875, 0.8182, 1.0, 1.0, 0.5, 0.8333, 0.875, 1.0, 0.8571, 0.8333, 0.6667, 0.75, 0.75, 0.8571, 0.9091, 0.8333, 0.8571, 0.5714, 1.0, 0.9167, 0.5, 1.0, 0.8571, 0.8571, 0.9, 1.0, 0.7778, 0.8, 0.0, 0.8571, 1.0]"
random,18,random,0.8285,0.8285,0.8285,0.0,25,True,1657,0,258,85,0,"[0.05, 0.079, 0.109, 0.1495, 0.192, 0.241, 0.309, 0.371, 0.427, 0.4775, 0.519, 0.559, 0.592, 0.629, 0.6695, 0.702, 0.728, 0.7505, 0.7695, 0.7845, 0.7965, 0.809, 0.818, 0.825, 0.8285, 0.8285, 0.8285, 0.8285, 0.8285, 0.8285, 0.8285, 0.8285, 0.8285, 0.8285, 0.8285, 0.8285, 0.8285, 0.8285, 0.8285, 0.8285, 0.8285, 0.8285, 0.8285, 0.8285, 0.8285, 0.8285, 0.8285, 0.8285, 0.8285, 0.8285, 0.8285, 0.8285, 0.8285, 0.8285, 0.8285, 0.8285, 0.8285, 0.8285, 0.8285, 0.8285, 0.8285, 0.8285, 0.8285, 0.8285, 0.8285, 0.8285, 0.8285, 0.8285, 0.8285, 0.8285, 0.8285, 0.8285, 0.8285, 0.8285, 0.8285, 0.8285, 0.8285, 0.8285, 0.8285, 0.8285, 0.8285, 0.8285, 0.8285, 0.8285, 0.8285, 0.8285, 0.8285, 0.8285, 0.8285, 0.8285, 0.8285, 0.8285, 0.8285, 0.8285, 0.8285, 0.8285, 0.8285, 0.8285, 0.8285, 0.8285, 0.8285]","{""0"": 0.8843, ""1"": 0.7099, ""2"": 0.8783, ""3"": 0.8723, ""4"": 0.8894, ""5"": 0.6481, ""6"": 0.8571, ""7"": 0.8792}","[0.8889, 1.0, 0.6667, 1.0, 1.0, 0.8, 1.0, 0.7778, 1.0, 1.0, 0.8571, 1.0, 0.8571, 0.7778, 0.6667, 1.0, 1.0, 1.0, 0.8571, 0.875, 0.75, 1.0, 1.0, 1.0, 0.8571, 0.7778, 1.0, 0.8, 0.6, 1.0, 1.0, 0.8889, 0.7778, 0.8571, 1.0, 1.0, 0.9, 1.0, 0.875, 0.8889, 0.8571, 0.875, 0.7143, 0.75, 1.0, 1.0, 1.0, 1.0, 1.0, 0.8889, 1.0, 1.0, 0.75, 1.0, 1.0, 0.9, 0.7778, 1.0, 0.0, 0.8571, 0.5, 1.0, 0.8571, 0.7143, 0.8182, 0.8, 0.0, 0.7143, 1.0, 0.8, 1.0, 0.8333, 0.9091, 1.0, 0.0, 0.875, 0.8889, 1.0, 0.8, 1.0, 0.8333, 0.8889, 0.0, 0.8571, 1.0, 0.8462, 1.0, 0.8571, 0.8571, 0.8889, 0.8, 1.0, 1.0, 1.0, 0.9, 0.8571, 0.7143, 1.0, 1.0, 1.0, 0.625, 0.7778, 0.6, 0.875, 1.0, 0.8571, 0.7143, 0.7778, 0.875, 0.8, 1.0, 0.9167, 1.0, 0.75, 0.6, 0.9091, 0.8889, 0.9091, 0.7778, 0.875, 0.8889, 0.8889, 0.8333, 1.0, 1.0, 0.7143, 0.7778, 0.5, 1.0, 0.9, 1.0, 0.8889, 0.9, 0.8571, 1.0, 0.9167, 0.8182, 0.8571, 0.8571, 1.0, 0.8, 0.8571, 1.0, 0.75, 1.0, 0.8, 1.0, 0.9167, 1.0, 1.0, 0.8889, 0.8889, 0.8333, 0.6364, 0.8, 1.0, 0.7143, 0.7778, 0.75, 0.8571, 0.8462, 0.8333, 1.0, 0.9, 0.8889, 1.0, 0.0, 1.0, 0.875, 0.8333, 0.6667, 0.7143, 0.9, 0.8571, 0.1, 1.0, 0.8889, 0.9, 0.875, 0.6667, 0.9, 0.7778, 0.0, 0.8571, 1.0, 0.8333, 0.9, 0.7, 1.0, 0.75, 0.0, 0.7143, 0.7, 1.0, 0.8889, 1.0, 1.0, 1.0, 0.0, 0.7143, 0.4, 0.875, 0.8571, 0.875, 0.8, 0.6, 0.0, 0.9, 1.0, 0.8571, 0.7, 0.8, 0.9091, 0.8889, 0.0833, 0.9091, 0.875, 1.0, 0.8889, 1.0, 0.9, 1.0, 0.4, 1.0, 0.8333, 1.0, 0.8182, 0.6364, 0.8333, 1.0, 0.75, 0.8462, 0.7143, 0.8571, 0.7143, 1.0, 0.875, 1.0, 1.0, 0.8889, 1.0, 0.8182, 0.8, 0.8571, 0.7, 0.875, 0.8889, 0.75, 1.0, 1.0]"
random,19,random,0.8505,0.8505,0.8505,0.0,30,True,1701,0,277,22,0,"[0.05, 0.0835, 0.1265, 0.1805, 0.25, 0.314, 0.363, 0.413, 0.467, 0.527, 0.578, 0.6295, 0.676, 0.7075, 0.7375, 0.758, 0.776, 0.7865, 0.795, 0.8025, 0.807, 0.8125, 0.818, 0.8235, 0.8295, 0.8345, 0.8395, 0.8425, 0.848, 0.8505, 0.8505, 0.8505, 0.8505, 0.8505, 0.8505, 0.8505, 0.8505, 0.8505, 0.8505, 0.8505, 0.8505, 0.8505, 0.8505, 0.8505, 0.8505, 0.8505, 0.8505, 0.8505, 0.8505, 0.8505, 0.8505, 0.8505, 0.8505, 0.8505, 0.8505, 0.8505, 0.8505, 0.8505, 0.8505, 0.8505, 0.8505, 0.8505, 0.8505, 0.8505, 0.8505, 0.8505, 0.8505, 0.8505, 0.8505, 0.8505, 0.8505, 0.8505, 0.8505, 0.8505, 0.8505, 0.8505, 0.8505, 0.8505, 0.8505, 0.8505, 0.8505, 0.8505, 0.8505, 0.8505, 0.8505, 0.8505, 0.8505, 0.8505, 0.8505, 0.8505, 0.8505, 0.8505, 0.8505, 0.8505, 0.8505, 0.8505, 0.8505, 0.8505, 0.8505, 0.8505, 0.8505]","{""0"": 0.8548, ""1"": 0.8387, ""2"": 0.8712, ""3"": 0.8482, ""4"": 0.8898, ""5"": 0.75, ""6"": 0.8773, ""7"": 0.8764}","[0.7778, 0.8333, 0.875, 1.0, 0.8, 1.0, 0.9, 1.0, 1.0, 0.75, 0.8, 1.0, 1.0, 0.6, 1.0, 1.0, 1.0, 0.8571, 0.6667, 1.0, 0.5, 1.0, 1.0, 1.0, 1.0, 0.8889, 0.8333, 1.0, 0.9091, 1.0, 1.0, 0.7, 1.0, 0.5714, 0.8182, 0.75, 1.0, 1.0, 0.7778, 0.875, 1.0, 0.8, 0.875, 0.8333, 0.9, 1.0, 0.0, 0.5714, 0.75, 0.7778, 0.75, 0.6667, 1.0, 0.8333, 0.0, 1.0, 1.0, 1.0, 1.0, 1.0, 0.8182, 1.0, 0.0, 0.8182, 0.8889, 1.0, 0.8333, 1.0, 1.0, 0.8889, 0.0, 1.0, 0.9, 0.8, 0.8182, 0.8333, 0.7778, 0.625, 0.75, 1.0, 1.0, 0.9, 0.8571, 1.0, 0.8889, 0.8571, 1.0, 1.0, 0.8333, 0.8333, 1.0, 0.7273, 0.7273, 0.8, 0.75, 0.8333, 1.0, 0.8, 0.875, 0.8889, 0.8571, 1.0, 1.0, 1.0, 0.8182, 0.9167, 0.875, 0.9091, 0.6364, 0.9, 0.6667, 0.8889, 0.625, 0.9, 0.75, 0.8889, 0.6667, 0.7778, 1.0, 1.0, 0.8889, 1.0, 0.5, 0.625, 0.9, 0.8667, 0.875, 0.6, 1.0, 0.625, 0.8571, 0.75, 0.875, 1.0, 0.9, 1.0, 0.8333, 0.8889, 0.7143, 1.0, 0.6667, 0.75, 0.6667, 0.625, 0.9, 1.0, 0.75, 0.7, 0.9231, 1.0, 1.0, 0.7143, 0.9091, 1.0, 1.0, 1.0, 1.0, 1.0, 0.7778, 0.8333, 0.75, 1.0, 0.7778, 1.0, 1.0, 1.0, 1.0, 0.8333, 0.75, 1.0, 0.8571, 0.875, 1.0, 0.7, 0.6364, 0.625, 0.7778, 0.7778, 0.8333, 0.8462, 0.8462, 0.8571, 0.75, 0.6667, 0.7778, 0.6667, 0.8889, 0.8889, 1.0, 0.875, 0.8571, 1.0, 0.8333, 0.9167, 0.8333, 0.625, 0.9333, 1.0, 0.8182, 1.0, 1.0, 1.0, 0.5714, 0.8889, 0.5, 0.8571, 0.8571, 1.0, 0.875, 0.625, 1.0, 0.9167, 0.8571, 0.8889, 0.9091, 0.875, 0.7692, 0.6, 0.75, 0.7692, 0.8889, 0.875, 1.0, 1.0, 0.7857, 0.8571, 0.8571, 0.9091, 0.75, 1.0, 0.7778, 0.8333, 0.8333, 1.0, 1.0, 1.0, 1.0, 0.8, 0.9231, 1.0, 0.8571, 0.7778, 0.8889, 0.9, 0.8182, 0.875, 0.7778, 1.0, 1.0, 0.8889]"
champions,0,champions,0.851,0.851,0.851,0.0,41,True,1702,0,262,36,0,"[0.05, 0.096, 0.1565, 0.2235, 0.307, 0.3885, 0.4635, 0.5295, 0.585, 0.6265, 0.654, 0.6765, 0.6955, 0.718, 0.7375, 0.7555, 0.7665, 0.778, 0.7875, 0.797, 0.803, 0.81, 0.8135, 0.815, 0.817, 0.8185, 0.819, 0.8195, 0.8215, 0.824, 0.826, 0.827, 0.829, 0.831, 0.8325, 0.8365, 0.84, 0.843, 0.8465, 0.85, 0.851, 0.851, 0.851, 0.851, 0.851, 0.851, 0.851, 0.851, 0.851, 0.851, 0.851, 0.851, 0.851, 0.851, 0.851, 0.851, 0.851, 0.851, 0.851, 0.851, 0.851, 0.851, 0.851, 0.851, 0.851, 0.851, 0.851, 0.851, 0.851, 0.851, 0.851, 0.851, 0.851, 0.851, 0.851, 0.851, 0.851, 0.851, 0.851, 0.851, 0.851, 0.851, 0.851, 0.851, 0.851, 0.851, 0.851, 0.851, 0.851, 0.851, 0.851, 0.851, 0.851, 0.851, 0.851, 0.851, 0.851, 0.851, 0.851, 0.851, 0.851]","{""0"": 0.7509, ""1"": 0.8444, ""2"": 0.8314, ""3"": 0.8852, ""4"": 0.8798, ""5"": 0.8723, ""6"": 0.8697, ""7"": 0.884}","[0.8889, 0.7143, 1.0, 0.8333, 0.8571, 1.0, 0.8889, 0.7143, 0.8889, 1.0, 1.0, 0.7273, 1.0, 0.9286, 1.0, 0.8333, 0.8, 0.9091, 0.8182, 0.875, 0.8889, 1.0, 0.8333, 0.8889, 1.0, 0.8, 0.75, 0.7, 0.8571, 0.8333, 1.0, 1.0, 0.8571, 1.0, 0.8, 0.7273, 0.75, 1.0, 0.75, 0.7778, 1.0, 0.8889, 0.3333, 0.8571, 1.0, 0.9, 0.8571, 0.8333, 1.0, 0.8, 1.0, 0.8333, 1.0, 0.7778, 0.8, 0.6667, 0.6, 0.7143, 0.75, 0.75, 1.0, 0.75, 1.0, 0.8, 1.0, 0.8333, 0.875, 1.0, 0.9231, 1.0, 0.875, 0.7778, 0.6667, 1.0, 0.9091, 0.75, 1.0, 0.9167, 1.0, 0.8571, 0.875, 1.0, 1.0, 0.5714, 0.8333, 1.0, 0.6364, 0.8333, 0.8889, 0.8, 0.6, 1.0, 0.8, 0.5714, 0.8571, 0.875, 0.9, 0.9167, 0.8, 0.8, 1.0, 0.8889, 0.875, 1.0, 1.0, 0.9, 0.8571, 0.7778, 0.6667, 0.7778, 0.7778, 0.8, 0.8889, 1.0, 0.875, 0.8, 0.875, 0.7778, 0.8889, 0.7778, 0.8, 1.0, 1.0, 0.875, 1.0, 0.8333, 1.0, 1.0, 0.8889, 1.0, 1.0, 0.875, 0.8889, 0.75, 1.0, 0.8, 0.875, 0.0, 0.875, 1.0, 0.9167, 1.0, 1.0, 0.875, 0.8182, 0.0, 0.625, 0.7143, 0.8333, 1.0, 0.7778, 0.8, 0.8571, 0.0, 0.7778, 0.6667, 0.875, 0.8571, 0.875, 1.0, 0.875, 0.0, 0.7778, 0.6667, 1.0, 1.0, 0.8, 0.7778, 1.0, 0.0, 0.8571, 0.8, 1.0, 0.8571, 0.625, 0.875, 0.875, 0.0, 0.8889, 1.0, 0.5714, 0.6667, 1.0, 0.6667, 1.0, 0.7143, 1.0, 0.8571, 0.8, 0.7273, 1.0, 0.9, 0.8571, 0.8333, 1.0, 0.8333, 1.0, 0.8571, 0.75, 0.8333, 0.9, 0.9231, 0.7143, 0.9, 0.8571, 1.0, 1.0, 1.0, 1.0, 0.8571, 1.0, 1.0, 1.0, 1.0, 1.0, 1.0, 0.875, 1.0, 0.7143, 0.9167, 1.0, 0.9167, 0.9, 1.0, 0.9167, 0.9, 1.0, 0.75, 0.5556, 0.6667, 0.9, 1.0, 0.9167, 1.0, 1.0, 0.9091, 1.0, 1.0, 0.5714, 1.0, 0.875, 1.0, 0.8, 0.875, 0.7143, 1.0, 1.0, 1.0, 0.8571, 0.8]"
champions,1,champions,0.8515,0.8515,0.8515,0.0,30,True,1703,0,295,2,0,"[0.05, 0.106, 0.1645, 0.2325, 0.3045, 0.371, 0.4335, 0.4915, 0.542, 0.587, 0.63, 0.6645, 0.6945, 0.715, 0.738, 0.759, 0.775, 0.793, 0.803, 0.811, 0.8165, 0.8185, 0.8225, 0.8275, 0.8315, 0.837, 0.843, 0.8495, 0.851, 0.8515, 0.8515, 0.8515, 0.8515, 0.8515, 0.8515, 0.8515, 0.8515, 0.8515, 0.8515, 0.8515, 0.8515, 0.8515, 0.8515, 0.8515, 0.8515, 0.8515, 0.8515, 0.8515, 0.8515, 0.8515, 0.8515, 0.8515, 0.8515, 0.8515, 0.8515, 0.8515, 0.8515, 0.8515, 0.8515, 0.8515, 0.8515, 0.8515, 0.8515, 0.8515, 0.8515, 0.8515, 0.8515, 0.8515, 0.8515, 0.8515, 0.8515, 0.8515, 0.8515, 0.8515, 0.8515, 0.8515, 0.8515, 0.8515, 0.8515, 0.8515, 0.8515, 0.8515, 0.8515, 0.8515, 0.8515, 0.8515, 0.8515, 0.8515, 0.8515, 0.8515, 0.8515, 0.8515, 0.8515, 0.8515, 0.8515, 0.8515, 0.8515, 0.8515, 0.8515, 0.8515, 0.8515]","{""0"": 0.8511, ""1"": 0.8618, ""2"": 0.8203, ""3"": 0.8508, ""4"": 0.8659, ""5"": 0.8543, ""6"": 0.832, ""7"": 0.874}","[1.0, 0.875, 1.0, 0.875, 1.0, 1.0, 0.9091, 0.875, 1.0, 1.0, 1.0, 0.6667, 0.8, 0.7778, 0.7, 0.8889, 0.7778, 1.0, 0.8571, 0.7, 0.4, 1.0, 0.875, 1.0, 0.875, 1.0, 0.7778, 0.7273, 1.0, 0.75, 1.0, 1.0, 1.0, 0.5, 0.8333, 0.7273, 0.7143, 1.0, 0.625, 1.0, 1.0, 0.875, 1.0, 0.8571, 1.0, 0.8889, 1.0, 0.8, 1.0, 0.75, 0.75, 1.0, 0.6667, 1.0, 0.8333, 0.7143, 0.7778, 1.0, 0.9, 0.7143, 1.0, 0.8889, 1.0, 1.0, 1.0, 0.8889, 0.875, 0.9091, 1.0, 0.7143, 0.6667, 0.7273, 1.0, 0.8182, 0.7778, 0.9, 0.75, 0.6667, 0.9091, 0.8182, 0.6364, 0.8889, 1.0, 1.0, 0.875, 0.9091, 0.7778, 1.0, 0.8462, 0.8333, 0.875, 1.0, 0.8571, 0.8571, 1.0, 0.7143, 1.0, 0.5, 0.7778, 0.625, 0.6667, 1.0, 0.875, 0.8571, 0.7273, 1.0, 1.0, 0.8571, 1.0, 0.9, 0.8889, 0.8333, 0.875, 1.0, 0.8571, 0.75, 1.0, 0.8889, 0.5, 0.8667, 0.8571, 0.7, 0.8182, 1.0, 0.5, 0.8571, 0.6667, 0.7273, 1.0, 0.7, 0.7857, 0.8333, 0.8889, 0.8, 1.0, 0.875, 1.0, 1.0, 0.9091, 0.6667, 0.7778, 1.0, 0.6667, 0.75, 1.0, 1.0, 0.875, 0.7778, 1.0, 0.8182, 0.9167, 0.9, 0.9167, 0.8, 0.8333, 0.9091, 1.0, 0.8571, 0.875, 1.0, 1.0, 1.0, 1.0, 0.75, 1.0, 0.8333, 0.875, 0.6667, 0.9, 0.7, 0.7143, 0.8, 0.75, 0.8333, 0.8571, 1.0, 0.875, 0.9, 0.8333, 0.8, 0.5455, 0.75, 1.0, 0.7143, 0.7273, 0.8333, 0.8889, 0.7, 0.8462, 0.8889, 1.0, 0.7778, 0.8571, 1.0, 0.8182, 0.75, 0.9, 0.9444, 0.8, 1.0, 0.875, 0.75, 0.8889, 1.0, 0.9286, 1.0, 1.0, 0.8, 1.0, 0.7143, 0.8889, 0.875, 0.8571, 0.9091, 1.0, 0.7778, 0.8571, 1.0, 1.0, 0.7778, 0.6, 0.9, 0.8333, 0.625, 0.75, 0.8571, 0.6667, 0.8571, 1.0, 0.6667, 0.75, 0.9, 0.7273, 0.6667, 0.9231, 0.8571, 1.0, 0.7692, 0.6667, 0.6667, 0.7778, 1.0, 0.8333, 0.7143, 0.625, 0.5714, 1.0, 0.8, 0.7143, 0.875]"
champions,2,champions,0.8465,0.8465,0.8465,0.0,26,True,1693,0,269,38,0,"[0.05, 0.095, 0.1455, 0.2, 0.2665, 0.3395, 0.403, 0.468, 0.529, 0.5795, 0.6185, 0.649, 0.677, 0.7055, 0.729, 0.7525, 0.7735, 0.7975, 0.815, 0.8235, 0.8305, 0.834, 0.838, 0.842, 0.8455, 0.8465, 0.8465, 0.8465, 0.8465, 0.8465, 0.8465, 0.8465, 0.8465, 0.8465, 0.8465, 0.8465, 0.8465, 0.8465, 0.8465, 0.8465, 0.8465, 0.8465, 0.8465, 0.8465, 0.8465, 0.8465, 0.8465, 0.8465, 0.8465, 0.8465, 0.8465, 0.8465, 0.8465, 0.8465, 0.8465, 0.8465, 0.8465, 0.8465, 0.8465, 0.8465, 0.8465, 0.8465, 0.8465, 0.8465, 0.8465, 0.8465, 0.8465, 0.8465, 0.8465, 0.8465, 0.8465, 0.8465, 0.8465, 0.8465, 0.8465, 0.8465, 0.8465, 0.8465, 0.8465, 0.8465, 0.8465, 0.8465, 0.8465, 0.8465, 0.8465, 0.8465, 0.8465, 0.8465, 0.8465, 0.8465, 0.8465, 0.8465, 0.8465, 0.8465, 0.8465, 0.8465, 0.8465, 0.8465, 0.8465, 0.8465, 0.8465]","{""0"": 0.8582, ""1"": 0.898, ""2"": 0.8659, ""3"": 0.8783, ""4"": 0.687, ""5"": 0.8281, ""6"": 0.871, ""7"": 0.872}","[1.0, 1.0, 0.9231, 0.9091, 0.875, 0.2857, 0.8182, 1.0, 1.0, 0.9231, 1.0, 0.8571, 1.0, 0.625, 0.75, 1.0, 1.0, 1.0, 0.25, 1.0, 0.875, 0.7143, 0.8, 1.0, 0.6667, 0.5714, 1.0, 0.6667, 0.75, 0.9, 1.0, 0.8333, 0.8889, 0.6, 0.7778, 0.9091, 0.75, 0.8571, 0.5, 1.0, 0.75, 1.0, 1.0, 0.8571, 0.8333, 0.8, 0.8, 0.7143, 0.75, 0.875, 0.8, 0.8, 0.8182, 0.9167, 0.8333, 0.8889, 0.8889, 0.7143, 1.0, 0.8571, 0.9231, 1.0, 0.7143, 1.0, 0.6667, 1.0, 0.8462, 1.0, 1.0, 0.8, 0.8, 0.6667, 1.0, 1.0, 1.0, 0.7778, 0.8, 1.0, 0.7143, 0.875, 0.8333, 0.8, 1.0, 0.875, 0.8571, 0.9286, 0.7, 0.7, 1.0, 0.6667, 1.0, 0.7778, 1.0, 0.9091, 0.875, 0.6667, 0.8, 1.0, 0.875, 0.9, 1.0, 0.8333, 0.7, 1.0, 0.75, 0.5714, 0.5, 0.875, 0.8889, 0.7143, 0.6, 0.6667, 1.0, 0.7778, 1.0, 0.75, 0.8, 0.8889, 0.8333, 1.0, 0.75, 0.8571, 1.0, 0.9, 0.875, 0.8333, 0.6, 0.875, 1.0, 1.0, 0.8182, 0.8333, 0.9, 0.5, 0.8333, 0.6667, 0.6667, 0.8889, 0.8, 0.7143, 0.9091, 1.0, 0.75, 0.8571, 0.6667, 0.6667, 0.9, 1.0, 0.8571, 1.0, 0.625, 0.8333, 0.875, 0.875, 1.0, 0.8182, 0.7778, 0.7778, 1.0, 0.8889, 0.8333, 0.7143, 1.0, 0.8571, 0.8571, 1.0, 0.8571, 0.7143, 1.0, 1.0, 0.8571, 0.7143, 0.75, 1.0, 1.0, 1.0, 0.8462, 0.8889, 0.8, 0.625, 0.875, 0.8, 0.9167, 0.9091, 0.7778, 0.875, 1.0, 1.0, 0.9091, 0.8, 1.0, 0.6667, 1.0, 0.7143, 1.0, 0.8571, 1.0, 0.3333, 0.75, 1.0, 0.8333, 0.8333, 0.625, 1.0, 0.7143, 0.0, 0.8889, 0.9091, 1.0, 1.0, 0.8889, 1.0, 1.0, 0.0, 1.0, 0.875, 0.875, 0.8, 1.0, 1.0, 1.0, 0.1429, 0.875, 0.9167, 1.0, 1.0, 0.875, 0.8182, 1.0, 0.1667, 0.8333, 1.0, 0.6667, 0.875, 0.8, 1.0, 1.0, 0.0, 1.0, 1.0, 0.9, 0.75, 0.9091, 0.8571, 0.7778, 0.1667, 0.8667, 0.8333, 0.9, 0.8333]"
champions,3,champions,0.8245,0.8245,0.8245,-0.0,20,True,1649,0,262,89,0,"[0.05, 0.1095, 0.1745, 0.249, 0.3305, 0.4015, 0.461, 0.515, 0.568, 0.6155, 0.661, 0.6995, 0.728, 0.7495, 0.766, 0.7835, 0.7975, 0.8115, 0.822, 0.8245, 0.8245, 0.8245, 0.8245, 0.8245, 0.8245, 0.8245, 0.8245, 0.8245, 0.8245, 0.8245, 0.8245, 0.8245, 0.8245, 0.8245, 0.8245, 0.8245, 0.8245, 0.8245, 0.8245, 0.8245, 0.8245, 0.8245, 0.8245, 0.8245, 0.8245, 0.8245, 0.8245, 0.8245, 0.8245, 0.8245, 0.8245, 0.8245, 0.8245, 0.8245, 0.8245, 0.8245, 0.8245, 0.8245, 0.8245, 0.8245, 0.8245, 0.8245, 0.8245, 0.8245, 0.8245, 0.8245, 0.8245, 0.8245, 0.8245, 0.8245, 0.8245, 0.8245, 0.8245, 0.8245, 0.8245, 0.8245, 0.8245, 0.8245, 0.8245, 0.8245, 0.8245, 0.8245, 0.8245, 0.8245, 0.8245, 0.8245, 0.8245, 0.8245, 0.8245, 0.8245, 0.8245, 0.8245, 0.8245, 0.8245, 0.8245, 0.8245, 0.8245, 0.8245, 0.8245, 0.8245, 0.8245]","{""0"": 0.8648, ""1"": 0.6549, ""2"": 0.8595, ""3"": 0.8704, ""4"": 0.8682, ""5"": 0.887, ""6"": 0.8858, ""7"": 0.7212}","[1.0, 1.0, 1.0, 0.5714, 0.8333, 1.0, 0.6667, 0.8571, 0.75, 1.0, 0.75, 1.0, 0.875, 0.8333, 0.6667, 1.0, 0.1667, 0.8, 0.0, 0.6667, 1.0, 0.8889, 0.6667, 0.875, 0.0, 0.875, 0.0, 1.0, 0.8889, 1.0, 1.0, 0.9091, 0.0, 0.8571, 0.1111, 0.875, 1.0, 0.5, 1.0, 0.875, 0.0, 0.8462, 0.0, 1.0, 1.0, 1.0, 1.0, 0.8571, 0.0, 1.0, 0.0, 0.8, 1.0, 0.8182, 0.9412, 1.0, 0.0, 0.7143, 0.0, 0.8333, 0.7143, 0.9, 0.875, 0.625, 1.0, 1.0, 0.0, 0.8333, 0.8889, 1.0, 0.9091, 1.0, 0.875, 0.9091, 0.0, 0.8571, 1.0, 0.6667, 1.0, 0.8, 0.875, 1.0, 0.6667, 0.6667, 0.6667, 0.8333, 1.0, 0.8571, 0.8571, 0.9091, 0.8333, 0.8333, 0.7778, 1.0, 0.8571, 0.75, 0.9333, 0.8333, 0.8333, 0.8333, 0.9167, 1.0, 1.0, 0.875, 0.7857, 0.5, 1.0, 1.0, 0.7, 1.0, 1.0, 0.8333, 0.875, 0.5714, 1.0, 0.8, 1.0, 0.7692, 0.5714, 0.8333, 1.0, 1.0, 0.7273, 0.875, 1.0, 0.8889, 0.875, 0.875, 0.375, 0.7, 0.6667, 1.0, 1.0, 1.0, 0.5714, 0.8571, 0.8889, 1.0, 0.8333, 0.7143, 0.8462, 0.9091, 1.0, 1.0, 1.0, 0.8333, 0.8182, 0.9167, 1.0, 0.7778, 1.0, 0.8571, 0.7778, 0.6667, 0.7143, 0.7778, 0.6364, 0.8889, 1.0, 0.8182, 1.0, 0.8, 1.0, 0.75, 0.8889, 0.8462, 0.875, 0.8333, 0.9091, 1.0, 0.75, 1.0, 1.0, 0.7143, 0.875, 0.8667, 1.0, 0.9, 0.8889, 1.0, 1.0, 0.75, 0.7778, 1.0, 0.9, 0.75, 1.0, 0.75, 0.8571, 0.75, 1.0, 1.0, 0.8889, 0.6667, 0.7143, 0.875, 0.6667, 0.875, 0.8, 1.0, 1.0, 1.0, 1.0, 0.8667, 0.8, 1.0, 0.75, 1.0, 0.9091, 0.8, 0.7778, 0.8333, 0.9, 0.5714, 0.6667, 0.8571, 0.9, 0.9231, 1.0, 1.0, 1.0, 0.875, 0.6667, 0.8889, 0.8182, 1.0, 0.75, 1.0, 0.6667, 1.0, 1.0, 0.7778, 0.6, 0.875, 1.0, 1.0, 0.875, 0.875, 1.0, 0.9091, 1.0, 1.0, 1.0, 0.7143, 0.6667, 0.8333, 1.0, 1.0, 0.8571, 0.75]"
champions,4,champions,0.8245,0.8245,0.8245,-0.0,44,True,1649,0,298,53,0,"[0.05, 0.1065, 0.1735, 0.2315, 0.2935, 0.3595, 0.4105, 0.463, 0.5, 0.527, 0.5525, 0.5775, 0.601, 0.63, 0.6615, 0.6935, 0.7245, 0.741, 0.752, 0.757, 0.7615, 0.765, 0.768, 0.769, 0.7695, 0.7705, 0.773, 0.776, 0.78, 0.7855, 0.7895, 0.792, 0.793, 0.7945, 0.796, 0.7975, 0.8, 0.806, 0.81, 0.812, 0.8145, 0.8185, 0.8225, 0.8245, 0.8245, 0.8245, 0.8245, 0.8245, 0.8245, 0.8245, 0.8245, 0.8245, 0.8245, 0.8245, 0.8245, 0.8245, 0.8245, 0.8245, 0.8245, 0.8245, 0.8245, 0.8245, 0.8245, 0.8245, 0.8245, 0.8245, 0.8245, 0.8245, 0.8245, 0.8245, 0.8245, 0.8245, 0.8245, 0.8245, 0.8245, 0.8245, 0.8245, 0.8245, 0.8245, 0.8245, 0.8245, 0.8245, 0.8245, 0.8245, 0.8245, 0.8245, 0.8245, 0.8245, 0.8245, 0.8245, 0.8245, 0.8245, 0.8245, 0.8245, 0.8245, 0.8245, 0.8245, 0.8245, 0.8245, 0.8245, 0.8245]","{""0"": 0.8462, ""1"": 0.6574, ""2"": 0.856, ""3"": 0.8095, ""4"": 0.8672, ""5"": 0.8936, ""6"": 0.8502, ""7"": 0.8193}","[0.8889, 0.875, 0.75, 0.8462, 0.7692, 1.0, 1.0, 0.8889, 0.6667, 0.625, 0.8333, 0.9, 0.8889, 0.9091, 1.0, 0.8, 0.7143, 0.9091, 0.9, 0.8571, 0.8333, 0.75, 0.7778, 0.8889, 0.5714, 0.875, 0.875, 0.9091, 1.0, 0.6364, 1.0, 0.8462, 0.6667, 0.8, 0.875, 0.875, 1.0, 1.0, 0.8, 0.9167, 0.9231, 0.8, 0.7778, 0.75, 0.8, 1.0, 1.0, 0.625, 0.8571, 0.875, 0.9, 0.75, 0.5, 0.8571, 0.8889, 0.7778, 0.8889, 0.8182, 0.1429, 0.9, 1.0, 0.5714, 0.7778, 0.9286, 1.0, 1.0, 0.2857, 1.0, 0.7692, 0.8333, 1.0, 0.7143, 1.0, 0.6667, 0.0, 1.0, 0.8571, 1.0, 0.875, 0.9091, 0.25, 0.7, 0.1111, 0.8333, 0.7143, 0.8571, 0.8889, 1.0, 0.8571, 1.0, 0.0, 0.8, 0.8, 1.0, 1.0, 1.0, 1.0, 0.9091, 0.0, 0.8571, 0.6, 1.0, 0.8, 0.9, 1.0, 1.0, 0.1111, 1.0, 1.0, 0.8571, 0.5, 1.0, 0.8462, 0.875, 0.0, 0.6, 0.75, 0.75, 1.0, 0.8182, 0.8889, 0.6667, 0.0, 1.0, 0.75, 1.0, 1.0, 0.8182, 0.8571, 0.8333, 0.6667, 1.0, 0.6, 0.8571, 1.0, 1.0, 1.0, 0.8, 0.875, 1.0, 0.7692, 0.9, 0.875, 0.7857, 1.0, 1.0, 1.0, 0.6667, 0.8889, 0.875, 0.6, 1.0, 0.8571, 1.0, 1.0, 0.8333, 1.0, 0.8571, 1.0, 1.0, 0.7778, 0.8, 1.0, 0.6, 0.7143, 0.75, 1.0, 1.0, 0.6667, 0.8889, 0.8571, 1.0, 1.0, 0.8571, 0.8333, 0.8889, 0.6667, 1.0, 0.8889, 0.8571, 0.6667, 1.0, 0.8571, 0.8889, 0.7143, 0.8571, 0.875, 1.0, 0.7778, 0.5, 1.0, 0.8, 1.0, 0.5556, 0.8571, 0.6, 0.7143, 0.6667, 0.8333, 1.0, 0.75, 0.4, 1.0, 0.75, 0.6, 1.0, 1.0, 0.625, 1.0, 0.8571, 0.8333, 0.8889, 0.8571, 0.8182, 0.7143, 0.5, 0.8, 1.0, 0.7778, 0.7143, 0.75, 0.7143, 0.875, 0.8333, 0.8182, 0.875, 0.8889, 1.0, 0.8333, 1.0, 1.0, 0.7143, 0.8, 0.9, 1.0, 0.7143, 0.9286, 0.8, 0.8333, 0.5, 0.75, 0.8333, 0.8333, 0.8333, 0.75, 1.0, 0.8571, 1.0, 0.8, 0.875]"
champions,5,champions,0.8155,0.8155,0.8155,0.0,24,True,1631,0,280,89,0,"[0.05, 0.1015, 0.166, 0.2445, 0.33, 0.401, 0.4695, 0.535, 0.59, 0.63, 0.667, 0.691, 0.7195, 0.7455, 0.769, 0.786, 0.7975, 0.8055, 0.808, 0.8095, 0.8115, 0.8125, 0.8135, 0.8155, 0.8155, 0.8155, 0.8155, 0.8155, 0.8155, 0.8155, 0.8155, 0.8155, 0.8155, 0.8155, 0.8155, 0.8155, 0.8155, 0.8155, 0.8155, 0.8155, 0.8155, 0.8155, 0.8155, 0.8155, 0.8155, 0.8155, 0.8155, 0.8155, 0.8155, 0.8155, 0.8155, 0.8155, 0.8155, 0.8155, 0.8155, 0.8155, 0.8155, 0.8155, 0.8155, 0.8155, 0.8155, 0.8155, 0.8155, 0.8155, 0.8155, 0.8155, 0.8155, 0.8155, 0.8155, 0.8155, 0.8155, 0.8155, 0.8155, 0.8155, 0.8155, 0.8155, 0.8155, 0.8155, 0.8155, 0.8155, 0.8155, 0.8155, 0.8155, 0.8155, 0.8155, 0.8155, 0.8155, 0.8155, 0.8155, 0.8155, 0.8155, 0.8155, 0.8155, 0.8155, 0.8155, 0.8155, 0.8155, 0.8155, 0.8155, 0.8155, 0.8155]","{""0"": 0.812, ""1"": 0.8023, ""2"": 0.8685, ""3"": 0.5938, ""4"": 0.873, ""5"": 0.8638, ""6"": 0.8565, ""7"": 0.8618}","[1.0, 1.0, 0.8889, 0.9286, 1.0, 0.875, 0.9231, 0.8182, 0.8, 0.8571, 1.0, 0.8571, 0.875, 0.6667, 1.0, 0.7, 0.9, 0.9, 0.7143, 0.875, 0.8333, 0.8, 0.8, 0.75, 1.0, 0.9091, 0.7778, 0.875, 1.0, 0.875, 0.6667, 1.0, 1.0, 0.8889, 1.0, 0.8, 0.9333, 0.6667, 0.875, 0.8571, 1.0, 1.0, 1.0, 0.875, 1.0, 0.9, 0.8, 0.7143, 0.8, 0.8889, 0.8571, 1.0, 0.75, 0.8571, 0.8, 0.8333, 1.0, 0.5556, 0.8, 0.7, 0.0, 1.0, 1.0, 0.8, 0.875, 1.0, 0.8333, 0.8889, 0.1429, 0.875, 0.7778, 1.0, 0.7, 0.8, 0.8571, 0.8571, 0.0833, 1.0, 0.7778, 1.0, 1.0, 0.6667, 1.0, 0.7778, 0.0, 1.0, 0.9, 0.7778, 0.6667, 1.0, 0.8889, 1.0, 0.0, 1.0, 0.8, 0.8333, 0.8571, 0.8571, 1.0, 1.0, 0.0, 1.0, 0.875, 0.6667, 0.8889, 0.625, 0.75, 1.0, 0.0, 0.9, 0.9231, 0.7143, 0.8571, 0.8, 0.6667, 0.9091, 0.0, 1.0, 0.8889, 0.9, 0.8571, 0.8333, 0.8333, 0.875, 0.0, 1.0, 0.5714, 1.0, 1.0, 0.75, 0.8333, 0.6667, 0.0, 1.0, 0.7143, 0.9091, 0.7143, 0.7143, 0.8889, 0.8571, 0.0, 1.0, 0.9091, 0.7778, 0.5714, 0.8, 0.9, 0.9, 0.0, 0.4286, 1.0, 0.75, 1.0, 0.25, 0.875, 0.75, 0.5, 0.5714, 0.7778, 0.8333, 1.0, 1.0, 0.8571, 0.75, 0.875, 0.9167, 0.8571, 1.0, 0.6667, 0.25, 0.75, 0.8, 1.0, 0.75, 1.0, 1.0, 0.8, 1.0, 0.7778, 0.6667, 1.0, 0.75, 0.8889, 0.9, 0.8889, 0.8333, 0.1, 1.0, 1.0, 0.875, 1.0, 0.8333, 0.8, 0.9091, 0.0, 1.0, 1.0, 0.8889, 0.8333, 1.0, 1.0, 0.6, 0.6, 0.6667, 1.0, 0.9, 0.8, 1.0, 0.5, 0.9091, 0.8333, 0.8571, 0.8571, 0.7778, 1.0, 1.0, 1.0, 0.8182, 0.6, 1.0, 0.9, 0.7143, 0.7143, 0.6, 0.8333, 1.0, 0.9167, 0.8889, 0.9167, 1.0, 1.0, 0.875, 1.0, 0.75, 0.9091, 1.0, 0.625, 1.0, 0.9, 0.8889, 0.9091, 0.9091, 1.0, 1.0, 1.0, 1.0, 0.8, 0.9, 0.7, 0.75]"
champions,6,champions,0.843,0.843,0.843,0.0,36,True,1686,0,265,49,0,"[0.05, 0.109, 0.18, 0.269, 0.345, 0.41, 0.4705, 0.526, 0.5675, 0.5965, 0.6215, 0.6445, 0.6715, 0.697, 0.72, 0.7405, 0.7575, 0.77, 0.7825, 0.7915, 0.794, 0.8005, 0.808, 0.812, 0.8145, 0.816, 0.818, 0.821, 0.824, 0.8255, 0.8285, 0.8315, 0.8365, 0.8405, 0.842, 0.843, 0.843, 0.843, 0.843, 0.843, 0.843, 0.843, 0.843, 0.843, 0.843, 0.843, 0.843, 0.843, 0.843, 0.843, 0.843, 0.843, 0.843, 0.843, 0.843, 0.843, 0.843, 0.843, 0.843, 0.843, 0.843, 0.843, 0.843, 0.843, 0.843, 0.843, 0.843, 0.843, 0.843, 0.843, 0.843, 0.843, 0.843, 0.843, 0.843, 0.843, 0.843, 0.843, 0.843, 0.843, 0.843, 0.843, 0.843, 0.843, 0.843, 0.843, 0.843, 0.843, 0.843, 0.843, 0.843, 0.843, 0.843, 0.843, 0.843, 0.843, 0.843, 0.843, 0.843, 0.843, 0.843]","{""0"": 0.8711, ""1"": 0.7748, ""2"": 0.8824, ""3"": 0.8803, ""4"": 0.8537, ""5"": 0.8689, ""6"": 0.7368, ""7"": 0.8675}","[1.0, 0.8333, 1.0, 1.0, 0.9167, 1.0, 1.0, 0.8889, 0.7143, 1.0, 0.9, 0.8333, 0.9167, 0.7778, 1.0, 0.7778, 0.875, 0.8333, 0.875, 0.9375, 1.0, 0.9167, 0.8333, 0.7143, 0.7143, 1.0, 0.9, 0.7778, 0.8889, 0.9167, 0.7143, 1.0, 1.0, 1.0, 0.8571, 0.75, 0.8333, 0.6667, 0.8, 0.0, 1.0, 1.0, 0.8, 0.9, 0.875, 0.8571, 0.625, 0.0, 0.8571, 0.8571, 1.0, 0.7143, 0.8, 0.875, 1.0, 0.0, 0.6, 1.0, 0.8333, 1.0, 1.0, 0.8889, 0.7778, 1.0, 0.8333, 1.0, 1.0, 1.0, 0.5, 1.0, 1.0, 0.8889, 0.9091, 0.7273, 0.9, 0.7143, 0.7778, 0.8, 1.0, 0.75, 1.0, 1.0, 1.0, 1.0, 1.0, 1.0, 0.8571, 0.2, 0.625, 0.6667, 1.0, 0.9, 1.0, 1.0, 0.8333, 0.875, 0.875, 0.8333, 0.8, 0.6667, 0.875, 0.8, 0.6667, 0.375, 0.8333, 1.0, 0.875, 0.7778, 0.8571, 0.8889, 0.8, 0.875, 0.6, 0.9333, 1.0, 0.7143, 0.7778, 0.5, 0.8182, 0.7778, 1.0, 0.8333, 0.5, 1.0, 1.0, 0.7778, 1.0, 0.875, 1.0, 1.0, 0.1111, 0.8333, 0.5, 0.8571, 0.7778, 0.6667, 0.6667, 0.8182, 0.1, 0.6667, 0.8889, 0.9167, 1.0, 1.0, 1.0, 0.75, 0.0, 0.8571, 0.8333, 1.0, 1.0, 0.8, 0.4444, 0.9091, 0.0, 1.0, 0.875, 0.9, 1.0, 0.875, 0.8462, 0.8, 0.7143, 0.9, 0.9167, 0.6667, 0.9091, 0.6, 0.8182, 0.6667, 1.0, 0.875, 0.9375, 0.5714, 0.7692, 0.7778, 0.8333, 0.625, 1.0, 1.0, 0.8571, 0.6, 1.0, 0.8333, 1.0, 0.7857, 0.75, 0.9091, 0.9167, 0.875, 0.75, 0.8, 0.9, 0.75, 0.7, 1.0, 0.625, 1.0, 0.8571, 1.0, 1.0, 0.9091, 1.0, 0.9091, 0.8333, 1.0, 1.0, 0.8571, 0.9091, 1.0, 0.8462, 0.9167, 1.0, 0.8571, 1.0, 1.0, 0.875, 1.0, 1.0, 1.0, 1.0, 0.7, 0.6364, 0.8571, 1.0, 0.9, 0.8571, 0.8333, 1.0, 1.0, 1.0, 0.875, 1.0, 1.0, 0.9, 0.8571, 1.0, 0.8571, 0.8571, 0.7778, 1.0, 0.75, 1.0, 0.8571, 0.8571, 0.875, 1.0, 0.6667, 0.9167, 0.75]"
champions,7,champions,0.827,0.827,0.827,0.0,33,True,1654,0,293,53,0,"[0.05, 0.11, 0.1845, 0.2535, 0.3055, 0.3475, 0.3885, 0.429, 0.455, 0.488, 0.5225, 0.5575, 0.5945, 0.633, 0.663, 0.6885, 0.711, 0.731, 0.7435, 0.755, 0.766, 0.7745, 0.7865, 0.7905, 0.795, 0.803, 0.8095, 0.817, 0.8205, 0.8215, 0.823, 0.8255, 0.827, 0.827, 0.827, 0.827, 0.827, 0.827, 0.827, 0.827, 0.827, 0.827, 0.827, 0.827, 0.827, 0.827, 0.827, 0.827, 0.827, 0.827, 0.827, 0.827, 0.827, 0.827, 0.827, 0.827, 0.827, 0.827, 0.827, 0.827, 0.827, 0.827, 0.827, 0.827, 0.827, 0.827, 0.827, 0.827, 0.827, 0.827, 0.827, 0.827, 0.827, 0.827, 0.827, 0.827, 0.827, 0.827, 0.827, 0.827, 0.827, 0.827, 0.827, 0.827, 0.827, 0.827, 0.827, 0.827, 0.827, 0.827, 0.827, 0.827, 0.827, 0.827, 0.827, 0.827, 0.827, 0.827, 0.827, 0.827, 0.827]","{""0"": 0.8468, ""1"": 0.8299, ""2"": 0.8635, ""3"": 0.8275, ""4"": 0.8613, ""5"": 0.7664, ""6"": 0.7265, ""7"": 0.8889}","[1.0, 0.75, 0.6667, 0.5714, 1.0, 0.7857, 0.75, 0.75, 0.8182, 0.8889, 1.0, 0.9091, 1.0, 0.7778, 0.75, 1.0, 0.5714, 0.8889, 0.9091, 0.7, 1.0, 0.8889, 0.7143, 0.7778, 1.0, 0.8889, 0.9167, 1.0, 0.8462, 0.8, 0.7273, 0.9, 0.9, 0.8571, 1.0, 0.9, 0.6667, 0.9, 0.8889, 0.9, 0.8571, 0.625, 0.8333, 0.7778, 0.8333, 0.8667, 0.8182, 0.875, 0.75, 0.75, 0.6667, 0.8571, 1.0, 1.0, 1.0, 0.9091, 1.0, 0.6667, 0.8571, 0.9167, 1.0, 1.0, 1.0, 0.8, 1.0, 0.7143, 1.0, 0.8571, 0.6667, 1.0, 0.75, 0.6667, 0.7692, 0.8333, 0.8333, 0.7143, 0.8333, 0.8571, 0.8571, 0.5714, 1.0, 0.8, 1.0, 0.8333, 1.0, 0.7143, 0.6667, 0.125, 0.75, 0.6667, 1.0, 0.8182, 0.5, 0.6, 0.9, 0.0, 0.8571, 1.0, 0.75, 1.0, 0.6, 0.8, 0.8333, 0.0, 1.0, 0.5, 0.8333, 0.9333, 0.875, 0.7778, 1.0, 0.1111, 0.9, 0.8889, 0.9167, 1.0, 1.0, 1.0, 1.0, 0.0, 0.8333, 0.8333, 0.7273, 1.0, 1.0, 0.9, 1.0, 0.75, 0.8182, 0.75, 0.4, 1.0, 0.625, 0.75, 1.0, 1.0, 0.8889, 0.875, 1.0, 0.8333, 0.75, 1.0, 1.0, 0.75, 0.875, 1.0, 0.8571, 0.6667, 0.8333, 0.8889, 0.8571, 1.0, 1.0, 1.0, 0.625, 1.0, 0.5, 1.0, 0.8571, 0.9, 1.0, 0.75, 0.7778, 0.8333, 0.8333, 1.0, 0.8333, 1.0, 1.0, 0.8333, 0.8889, 0.8, 1.0, 0.875, 1.0, 0.8, 0.8333, 0.8, 1.0, 0.8, 0.8, 0.875, 0.8333, 0.8889, 1.0, 1.0, 0.8571, 1.0, 1.0, 0.9333, 1.0, 0.7143, 1.0, 0.6667, 0.8571, 1.0, 0.7778, 0.7778, 1.0, 0.8571, 0.875, 1.0, 0.5, 0.9167, 0.7143, 0.8333, 0.7, 0.6667, 0.7143, 1.0, 1.0, 0.8571, 0.7, 0.7778, 1.0, 0.9, 1.0, 1.0, 0.6667, 0.7778, 0.9, 0.7778, 0.0, 1.0, 1.0, 1.0, 0.6, 1.0, 0.5, 0.9, 0.0, 0.8, 0.875, 0.9, 0.8, 0.7143, 1.0, 0.7, 0.0, 0.875, 0.6667, 0.75, 0.8333, 0.75, 0.5, 0.8571, 0.375, 1.0, 0.9, 1.0]"
champions,8,champions,0.7855,0.7855,0.7855,0.0,31,True,1571,0,287,142,0,"[0.05, 0.106, 0.179, 0.255, 0.318, 0.377, 0.435, 0.4885, 0.5255, 0.551, 0.573, 0.5975, 0.6185, 0.634, 0.6535, 0.674, 0.6905, 0.7045, 0.716, 0.7275, 0.7355, 0.7425, 0.75, 0.7555, 0.761, 0.7675, 0.7715, 0.7775, 0.7825, 0.7845, 0.7855, 0.7855, 0.7855, 0.7855, 0.7855, 0.7855, 0.7855, 0.7855, 0.7855, 0.7855, 0.7855, 0.7855, 0.7855, 0.7855, 0.7855, 0.7855, 0.7855, 0.7855, 0.7855, 0.7855, 0.7855, 0.7855, 0.7855, 0.7855, 0.7855, 0.7855, 0.7855, 0.7855, 0.7855, 0.7855, 0.7855, 0.7855, 0.7855, 0.7855, 0.7855, 0.7855, 0.7855, 0.7855, 0.7855, 0.7855, 0.7855, 0.7855, 0.7855, 0.7855, 0.7855, 0.7855, 0.7855, 0.7855, 0.7855, 0.7855, 0.7855, 0.7855, 0.7855, 0.7855, 0.7855, 0.7855, 0.7855, 0.7855, 0.7855, 0.7855, 0.7855, 0.7855, 0.7855, 0.7855, 0.7855, 0.7855, 0.7855, 0.7855, 0.7855, 0.7855, 0.7855]","{""0"": 0.8731, ""1"": 0.318, ""2"": 0.8783, ""3"": 0.8405, ""4"": 0.7852, ""5"": 0.8677, ""6"": 0.8285, ""7"": 0.8684}","[1.0, 1.0, 0.7143, 0.8571, 0.8571, 0.0, 1.0, 0.5714, 0.875, 1.0, 0.625, 0.8571, 1.0, 0.25, 0.8333, 1.0, 0.9, 1.0, 0.0, 0.8182, 0.9167, 0.6667, 0.9167, 0.9, 0.8889, 0.8, 0.0, 0.8571, 0.9167, 0.9, 0.8889, 1.0, 0.75, 1.0, 0.1429, 0.8, 0.5556, 1.0, 0.7778, 0.6667, 1.0, 0.625, 0.0, 1.0, 0.8333, 1.0, 0.8889, 0.875, 1.0, 0.6667, 0.0833, 0.8, 1.0, 0.9231, 0.8, 0.875, 0.5556, 1.0, 0.0, 0.9, 0.8889, 1.0, 1.0, 1.0, 0.75, 0.5, 0.0, 0.8182, 0.7778, 0.8, 1.0, 0.8, 0.8, 0.875, 0.0, 0.9091, 0.7778, 0.9333, 1.0, 1.0, 0.75, 0.8333, 0.0, 0.5, 0.8889, 0.75, 0.4286, 0.7778, 0.6667, 0.6364, 0.0, 0.9, 0.8333, 0.875, 0.7692, 0.75, 1.0, 1.0, 0.2, 0.8182, 1.0, 0.7143, 1.0, 1.0, 1.0, 1.0, 0.0, 1.0, 0.8571, 0.8889, 1.0, 0.8333, 0.875, 1.0, 0.0, 0.9091, 0.75, 0.8, 0.5556, 0.6667, 1.0, 0.9091, 0.1429, 1.0, 0.75, 0.8182, 1.0, 0.8571, 1.0, 0.7143, 0.0, 1.0, 0.875, 1.0, 0.8889, 0.8571, 0.7778, 1.0, 0.0, 0.6667, 0.8333, 0.75, 0.6, 0.8333, 1.0, 0.9091, 0.0, 1.0, 0.8, 0.7143, 0.7778, 0.6923, 1.0, 0.8, 0.0, 0.9091, 0.7, 0.875, 1.0, 0.8333, 1.0, 1.0, 0.0, 0.75, 0.9091, 0.75, 1.0, 0.6667, 0.8333, 1.0, 0.0, 1.0, 1.0, 0.8889, 0.7143, 0.875, 0.8333, 1.0, 0.875, 0.9167, 0.9091, 0.7143, 1.0, 0.9, 1.0, 1.0, 0.8, 1.0, 0.8, 0.875, 1.0, 0.8333, 1.0, 0.8571, 1.0, 0.8, 1.0, 0.8, 1.0, 1.0, 0.8333, 0.8, 1.0, 0.75, 0.6667, 0.7778, 1.0, 0.8, 0.7778, 0.8333, 0.7143, 0.9167, 0.5714, 0.8889, 0.7778, 0.7143, 1.0, 0.875, 0.6667, 0.8571, 0.7143, 1.0, 0.75, 0.9, 0.6667, 1.0, 1.0, 1.0, 0.7778, 0.75, 0.75, 0.75, 0.8333, 0.9, 0.8462, 0.75, 1.0, 0.75, 1.0, 0.75, 0.8889, 0.8333, 0.8889, 0.8333, 1.0, 0.1429, 0.7, 0.875, 0.8889, 0.75]"
champions,9,champions,0.8775,0.8775,0.8775,0.0,28,True,1755,0,244,1,0,"[0.05, 0.1045, 0.1695, 0.235, 0.309, 0.3935, 0.464, 0.5305, 0.5855, 0.631, 0.6695, 0.7085, 0.7385, 0.7625, 0.78, 0.7975, 0.815, 0.8275, 0.838, 0.8485, 0.855, 0.8595, 0.8625, 0.8655, 0.868, 0.872, 0.877, 0.8775, 0.8775, 0.8775, 0.8775, 0.8775, 0.8775, 0.8775, 0.8775, 0.8775, 0.8775, 0.8775, 0.8775, 0.8775, 0.8775, 0.8775, 0.8775, 0.8775, 0.8775, 0.8775, 0.8775, 0.8775, 0.8775, 0.8775, 0.8775, 0.8775, 0.8775, 0.8775, 0.8775, 0.8775, 0.8775, 0.8775, 0.8775, 0.8775, 0.8775, 0.8775, 0.8775, 0.8775, 0.8775, 0.8775, 0.8775, 0.8775, 0.8775, 0.8775, 0.8775, 0.8775, 0.8775, 0.8775, 0.8775, 0.8775, 0.8775, 0.8775, 0.8775, 0.8775, 0.8775, 0.8775, 0.8775, 0.8775, 0.8775, 0.8775, 0.8775, 0.8775, 0.8775, 0.8775, 0.8775, 0.8775, 0.8775, 0.8775, 0.8775, 0.8775, 0.8775, 0.8775, 0.8775, 0.8775, 0.8775]","{""0"": 0.8621, ""1"": 0.888, ""2"": 0.932, ""3"": 0.8272, ""4"": 0.8645, ""5"": 0.8595, ""6"": 0.8875, ""7"": 0.8972}","[1.0, 0.9091, 1.0, 0.8889, 0.9, 1.0, 0.625, 0.8889, 1.0, 0.75, 0.8889, 1.0, 0.8, 1.0, 1.0, 0.7778, 0.9167, 0.8, 0.9091, 0.9, 0.8889, 0.625, 1.0, 0.8, 1.0, 0.7143, 1.0, 1.0, 0.8182, 0.7143, 0.8, 1.0, 0.8571, 0.8889, 0.8, 1.0, 1.0, 0.7273, 0.8333, 1.0, 1.0, 0.7143, 0.8, 1.0, 1.0, 0.9, 0.875, 0.8889, 0.8, 1.0, 1.0, 1.0, 1.0, 0.75, 1.0, 1.0, 1.0, 0.8571, 0.8333, 0.8571, 0.7143, 0.9091, 1.0, 0.7, 0.8571, 0.9167, 1.0, 0.8333, 1.0, 0.8333, 1.0, 1.0, 1.0, 0.8333, 1.0, 1.0, 0.6667, 1.0, 0.9091, 0.8889, 1.0, 0.9333, 1.0, 0.9091, 0.8889, 0.8333, 0.8182, 0.9, 0.8571, 0.7143, 0.9091, 0.8333, 0.5, 1.0, 0.7778, 0.8333, 1.0, 0.875, 0.8333, 0.7143, 0.8333, 0.8333, 1.0, 0.6667, 0.8333, 0.875, 0.7143, 0.9, 0.875, 0.75, 0.75, 0.8571, 0.8, 1.0, 0.8, 0.8333, 0.75, 0.8571, 0.8, 0.8889, 1.0, 0.8571, 0.9, 1.0, 1.0, 0.8333, 1.0, 1.0, 1.0, 0.8571, 0.8571, 1.0, 0.4286, 0.7143, 0.8571, 0.8333, 0.75, 0.9, 0.7778, 0.9167, 0.9091, 0.8889, 0.9167, 1.0, 0.7273, 0.8, 0.7778, 0.7143, 0.8571, 0.75, 0.75, 1.0, 0.7, 0.875, 1.0, 1.0, 0.7143, 0.8, 0.8889, 1.0, 1.0, 0.8889, 0.5714, 1.0, 0.875, 0.8889, 1.0, 1.0, 0.8333, 0.9, 0.9286, 0.9167, 0.8571, 0.7, 0.8889, 0.75, 0.8462, 0.875, 0.9091, 1.0, 0.5, 1.0, 1.0, 1.0, 0.8571, 0.8, 1.0, 1.0, 0.8571, 0.8571, 0.8333, 0.7143, 0.75, 1.0, 1.0, 1.0, 1.0, 1.0, 0.5714, 1.0, 1.0, 0.8889, 0.8889, 1.0, 0.7778, 1.0, 0.7778, 0.8333, 1.0, 0.7778, 0.8182, 1.0, 0.8571, 0.9091, 0.8333, 0.8333, 0.9167, 1.0, 1.0, 0.7778, 1.0, 0.8889, 0.6, 1.0, 1.0, 0.5, 0.75, 1.0, 1.0, 0.7143, 0.75, 1.0, 0.9091, 0.6667, 0.8, 0.9167, 0.7, 1.0, 0.8333, 0.75, 1.0, 1.0, 0.8889, 1.0, 0.6, 0.9091, 1.0, 0.7143, 0.75, 1.0]"
champions,10,champions,0.815,0.815,0.815,0.0,27,True,1630,0,266,104,0,"[0.05, 0.0985, 0.158, 0.2315, 0.3075, 0.3835, 0.439, 0.498, 0.5485, 0.589, 0.626, 0.662, 0.685, 0.706, 0.7255, 0.7385, 0.751, 0.7565, 0.763, 0.771, 0.7805, 0.7885, 0.799, 0.807, 0.8115, 0.8135, 0.815, 0.815, 0.815, 0.815, 0.815, 0.815, 0.815, 0.815, 0.815, 0.815, 0.815, 0.815, 0.815, 0.815, 0.815, 0.815, 0.815, 0.815, 0.815, 0.815, 0.815, 0.815, 0.815, 0.815, 0.815, 0.815, 0.815, 0.815, 0.815, 0.815, 0.815, 0.815, 0.815, 0.815, 0.815, 0.815, 0.815, 0.815, 0.815, 0.815, 0.815, 0.815, 0.815, 0.815, 0.815, 0.815, 0.815, 0.815, 0.815, 0.815, 0.815, 0.815, 0.815, 0.815, 0.815, 0.815, 0.815, 0.815, 0.815, 0.815, 0.815, 0.815, 0.815, 0.815, 0.815, 0.815, 0.815, 0.815, 0.815, 0.815, 0.815, 0.815, 0.815, 0.815, 0.815]","{""0"": 0.8705, ""1"": 0.8455, ""2"": 0.8477, ""3"": 0.8648, ""4"": 0.8843, ""5"": 0.4498, ""6"": 0.8859, ""7"": 0.8675}","[1.0, 0.875, 0.8889, 0.875, 0.8571, 0.7, 0.7143, 0.8889, 0.6, 1.0, 0.8, 0.8333, 0.8571, 1.0, 0.8, 0.8889, 1.0, 1.0, 0.5, 0.7143, 0.6667, 1.0, 1.0, 1.0, 0.8571, 1.0, 0.75, 0.875, 1.0, 0.8, 0.7692, 0.8, 0.7778, 0.4, 1.0, 0.6667, 1.0, 0.8, 1.0, 0.9, 1.0, 1.0, 0.7778, 0.875, 0.875, 0.875, 0.75, 0.8889, 0.875, 1.0, 0.8, 0.9231, 1.0, 1.0, 1.0, 0.6, 1.0, 1.0, 1.0, 0.5714, 0.7, 0.8333, 0.8889, 1.0, 1.0, 1.0, 1.0, 0.8, 0.75, 0.8571, 1.0, 1.0, 0.875, 0.7, 1.0, 0.6667, 0.8, 1.0, 0.8889, 0.7778, 1.0, 0.6, 0.5, 1.0, 0.9, 0.875, 1.0, 0.75, 1.0, 0.875, 0.7692, 0.6667, 0.7143, 1.0, 0.8333, 0.6, 0.75, 1.0, 1.0, 0.9, 0.875, 1.0, 0.0, 1.0, 0.6667, 1.0, 0.9, 0.8333, 1.0, 0.6667, 0.1818, 1.0, 0.8889, 0.9, 0.75, 0.7143, 1.0, 1.0, 0.0, 0.8571, 0.5833, 1.0, 0.8571, 0.875, 0.875, 1.0, 0.0, 0.8571, 1.0, 0.75, 1.0, 1.0, 1.0, 0.75, 0.125, 0.8889, 0.9167, 0.5, 0.8571, 0.6667, 1.0, 0.8889, 0.0833, 0.8571, 0.8333, 1.0, 1.0, 0.7778, 0.875, 0.8462, 0.1111, 1.0, 1.0, 0.875, 0.875, 1.0, 0.8889, 0.8, 0.0, 1.0, 0.75, 0.8571, 1.0, 0.75, 0.6667, 0.8889, 0.2, 0.8571, 1.0, 1.0, 0.9091, 0.8, 1.0, 0.875, 0.0, 1.0, 1.0, 0.9, 0.7143, 0.9091, 0.5714, 0.75, 0.0, 1.0, 0.7143, 0.9091, 0.6, 0.875, 0.8571, 0.8889, 0.0, 0.9286, 0.7778, 0.6923, 0.7143, 0.9, 1.0, 1.0, 0.0, 1.0, 0.6667, 0.7273, 0.8571, 1.0, 0.875, 0.875, 0.1111, 0.7778, 1.0, 1.0, 0.8, 0.8333, 0.9091, 1.0, 0.0, 0.75, 1.0, 0.5556, 0.8, 0.75, 0.8182, 0.8182, 0.0833, 0.8889, 0.8889, 0.8462, 1.0, 0.8571, 0.75, 1.0, 1.0, 0.8182, 1.0, 1.0, 0.6667, 1.0, 1.0, 1.0, 1.0, 0.8889, 0.875, 0.7778, 0.875, 0.9, 0.6667, 0.8333, 1.0, 0.9, 0.9, 0.9231]"
champions,11,champions,0.799,0.799,0.799,-0.0,27,True,1598,0,291,111,0,"[0.05, 0.1025, 0.1555, 0.2105, 0.2805, 0.3515, 0.413, 0.463, 0.515, 0.5555, 0.5895, 0.622, 0.6465, 0.6735, 0.693, 0.706, 0.7145, 0.7235, 0.734, 0.7465, 0.7545, 0.765, 0.78, 0.789, 0.7935, 0.7985, 0.799, 0.799, 0.799, 0.799, 0.799, 0.799, 0.799, 0.799, 0.799, 0.799, 0.799, 0.799, 0.799, 0.799, 0.799, 0.799, 0.799, 0.799, 0.799, 0.799, 0.799, 0.799, 0.799, 0.799, 0.799, 0.799, 0.799, 0.799, 0.799, 0.799, 0.799, 0.799, 0.799, 0.799, 0.799, 0.799, 0.799, 0.799, 0.799, 0.799, 0.799, 0.799, 0.799, 0.799, 0.799, 0.799, 0.799, 0.799, 0.799, 0.799, 0.799, 0.799, 0.799, 0.799, 0.799, 0.799, 0.799, 0.799, 0.799, 0.799, 0.799, 0.799, 0.799, 0.799, 0.799, 0.799, 0.799, 0.799, 0.799, 0.799, 0.799, 0.799, 0.799, 0.799, 0.799]","{""0"": 0.6679, ""1"": 0.8268, ""2"": 0.8945, ""3"": 0.8606, ""4"": 0.6826, ""5"": 0.7381, ""6"": 0.834, ""7"": 0.8835}","[1.0, 0.4, 0.6667, 0.8889, 0.7778, 0.0, 0.8462, 0.9091, 0.8182, 0.0, 0.8, 0.8333, 0.7143, 0.0, 1.0, 1.0, 1.0, 0.0, 0.75, 1.0, 0.6, 0.6667, 0.8333, 0.8571, 1.0, 0.1667, 0.7, 0.8571, 1.0, 1.0, 0.8571, 1.0, 0.7778, 0.1818, 0.6667, 0.8571, 0.9231, 0.6, 0.1429, 0.8333, 0.8182, 0.1667, 0.6, 0.625, 1.0, 1.0, 0.0, 0.9231, 0.625, 0.9091, 0.75, 1.0, 1.0, 1.0, 0.0, 0.7273, 1.0, 0.7273, 0.8889, 1.0, 0.625, 0.6, 0.0, 0.8182, 1.0, 0.8889, 0.875, 0.625, 1.0, 1.0, 0.2, 0.8333, 1.0, 0.7, 0.75, 0.7778, 0.8889, 0.6667, 0.8182, 1.0, 0.8889, 0.625, 0.8333, 0.875, 0.875, 0.9, 0.7143, 0.9286, 0.7778, 0.8571, 1.0, 0.9167, 1.0, 1.0, 0.8889, 0.8889, 0.875, 1.0, 0.8333, 0.8571, 0.625, 0.75, 0.7, 0.8571, 1.0, 0.6, 0.8889, 0.9091, 0.7273, 0.75, 0.8333, 0.75, 0.6667, 0.9167, 1.0, 1.0, 0.8333, 0.6667, 0.8, 0.8, 0.8333, 1.0, 0.8889, 0.8, 0.9167, 1.0, 1.0, 1.0, 0.875, 1.0, 1.0, 1.0, 0.875, 0.625, 0.75, 0.6667, 1.0, 0.7143, 1.0, 0.875, 0.75, 1.0, 0.7, 0.625, 1.0, 0.8182, 0.8, 1.0, 0.875, 1.0, 0.9167, 0.6667, 1.0, 0.8571, 0.7778, 1.0, 1.0, 0.75, 0.8, 0.25, 0.7143, 0.8571, 0.5, 0.8889, 1.0, 0.9, 1.0, 0.8571, 0.5714, 0.8333, 0.8571, 1.0, 0.6667, 0.9, 0.7273, 1.0, 1.0, 1.0, 0.8, 0.6667, 1.0, 1.0, 0.8333, 0.6667, 0.7778, 1.0, 0.9167, 1.0, 0.875, 1.0, 1.0, 1.0, 1.0, 1.0, 1.0, 0.9, 1.0, 0.8571, 0.875, 0.9286, 1.0, 0.625, 0.8571, 1.0, 0.6667, 1.0, 0.9091, 0.9, 0.9, 0.8333, 0.75, 0.9333, 1.0, 0.8333, 1.0, 0.875, 1.0, 1.0, 0.5714, 0.8333, 1.0, 0.2, 1.0, 0.5714, 0.75, 1.0, 0.8571, 1.0, 0.6667, 0.0, 0.8889, 0.875, 0.875, 0.5714, 0.875, 0.6667, 1.0, 0.1111, 1.0, 0.7778, 1.0, 0.1111, 0.8889, 1.0, 0.8333, 0.0, 0.8571, 0.6667, 0.8889, 0.0]"
champions,12,champions,0.8465,0.8465,0.8465,0.0,23,True,1693,0,283,24,0,"[0.05, 0.1085, 0.172, 0.247, 0.328, 0.4055, 0.475, 0.534, 0.5785, 0.6235, 0.661, 0.695, 0.733, 0.761, 0.7825, 0.794, 0.802, 0.8105, 0.822, 0.8325, 0.842, 0.846, 0.8465, 0.8465, 0.8465, 0.8465, 0.8465, 0.8465, 0.8465, 0.8465, 0.8465, 0.8465, 0.8465, 0.8465, 0.8465, 0.8465, 0.8465, 0.8465, 0.8465, 0.8465, 0.8465, 0.8465, 0.8465, 0.8465, 0.8465, 0.8465, 0.8465, 0.8465, 0.8465, 0.8465, 0.8465, 0.8465, 0.8465, 0.8465, 0.8465, 0.8465, 0.8465, 0.8465, 0.8465, 0.8465, 0.8465, 0.8465, 0.8465, 0.8465, 0.8465, 0.8465, 0.8465, 0.8465, 0.8465, 0.8465, 0.8465, 0.8465, 0.8465, 0.8465, 0.8465, 0.8465, 0.8465, 0.8465, 0.8465, 0.8465, 0.8465, 0.8465, 0.8465, 0.8465, 0.8465, 0.8465, 0.8465, 0.8465, 0.8465, 0.8465, 0.8465, 0.8465, 0.8465, 0.8465, 0.8465, 0.8465, 0.8465, 0.8465, 0.8465, 0.8465, 0.8465]","{""0"": 0.8371, ""1"": 0.8687, ""2"": 0.8988, ""3"": 0.8923, ""4"": 0.7637, ""5"": 0.8327, ""6"": 0.8734, ""7"": 0.7958}","[1.0, 1.0, 0.8571, 0.8, 0.6667, 1.0, 0.5, 0.9, 0.5714, 1.0, 0.9231, 0.75, 1.0, 1.0, 0.5, 0.875, 1.0, 1.0, 1.0, 0.9167, 0.8, 0.6667, 1.0, 0.75, 0.875, 0.7778, 1.0, 1.0, 0.8571, 1.0, 0.875, 1.0, 0.7778, 1.0, 1.0, 0.8333, 0.8, 0.875, 1.0, 0.7143, 1.0, 0.9231, 1.0, 1.0, 1.0, 1.0, 0.7778, 0.8333, 0.8182, 1.0, 0.9091, 1.0, 1.0, 1.0, 1.0, 1.0, 0.6, 1.0, 0.7143, 0.8571, 0.7143, 0.7273, 1.0, 1.0, 0.8889, 0.9, 0.8571, 1.0, 1.0, 0.7778, 0.8571, 0.75, 0.8571, 0.8333, 0.7143, 0.7143, 0.8889, 1.0, 1.0, 1.0, 0.8, 0.6, 1.0, 0.8571, 1.0, 0.9, 0.8, 0.7273, 0.5714, 0.8, 1.0, 1.0, 0.9, 0.8571, 0.7, 0.8333, 0.5556, 0.8, 1.0, 1.0, 1.0, 0.8, 0.8571, 1.0, 1.0, 0.8, 0.8182, 1.0, 0.8182, 1.0, 0.8, 0.8889, 1.0, 1.0, 0.7143, 1.0, 0.7143, 0.9091, 0.625, 0.8571, 0.5714, 0.7143, 0.9, 0.8182, 1.0, 0.7778, 0.75, 0.6667, 0.8, 0.8571, 0.75, 1.0, 0.8462, 0.8182, 0.8, 1.0, 0.8182, 0.7273, 0.7143, 0.75, 1.0, 0.5, 0.75, 1.0, 1.0, 0.875, 0.8333, 0.8333, 0.7778, 0.8, 1.0, 0.8889, 0.8333, 0.8571, 0.6667, 0.8462, 1.0, 0.8, 1.0, 0.875, 0.8889, 0.7778, 0.8, 1.0, 1.0, 0.7778, 0.8333, 0.875, 0.75, 0.5714, 0.6667, 0.625, 0.8333, 0.0, 0.8333, 0.7143, 0.625, 1.0, 0.9, 0.9, 0.8571, 0.0, 0.75, 0.875, 0.8333, 0.8889, 1.0, 1.0, 0.9, 0.0, 0.8, 0.8889, 0.6667, 0.8333, 0.7273, 1.0, 1.0, 0.0, 0.8571, 1.0, 1.0, 0.7143, 0.8571, 0.8889, 0.8182, 0.8571, 0.8333, 0.8333, 1.0, 0.75, 0.6667, 0.875, 0.8571, 0.8333, 0.8333, 1.0, 0.7778, 0.9, 1.0, 0.8333, 0.8889, 0.8462, 0.8571, 1.0, 0.8182, 0.5, 0.8667, 0.8333, 0.7273, 0.8571, 1.0, 1.0, 0.6667, 1.0, 1.0, 0.9, 1.0, 0.8571, 1.0, 0.8, 0.5, 0.7778, 1.0, 1.0, 1.0, 1.0, 0.75, 0.7143, 0.8571, 0.5]"
champions,13,champions,0.859,0.859,0.859,0.0,29,True,1718,0,280,2,0,"[0.05, 0.1005, 0.1605, 0.234, 0.3135, 0.3795, 0.437, 0.487, 0.5335, 0.5725, 0.6065, 0.6355, 0.665, 0.6885, 0.71, 0.735, 0.7555, 0.776, 0.799, 0.8125, 0.8265, 0.838, 0.8415, 0.8445, 0.847, 0.8495, 0.854, 0.858, 0.859, 0.859, 0.859, 0.859, 0.859, 0.859, 0.859, 0.859, 0.859, 0.859, 0.859, 0.859, 0.859, 0.859, 0.859, 0.859, 0.859, 0.859, 0.859, 0.859, 0.859, 0.859, 0.859, 0.859, 0.859, 0.859, 0.859, 0.859, 0.859, 0.859, 0.859, 0.859, 0.859, 0.859, 0.859, 0.859, 0.859, 0.859, 0.859, 0.859, 0.859, 0.859, 0.859, 0.859, 0.859, 0.859, 0.859, 0.859, 0.859, 0.859, 0.859, 0.859, 0.859, 0.859, 0.859, 0.859, 0.859, 0.859, 0.859, 0.859, 0.859, 0.859, 0.859, 0.859, 0.859, 0.859, 0.859, 0.859, 0.859, 0.859, 0.859, 0.859, 0.859]","{""0"": 0.8716, ""1"": 0.8607, ""2"": 0.8333, ""3"": 0.8373, ""4"": 0.8436, ""5"": 0.8769, ""6"": 0.8635, ""7"": 0.8856}","[1.0, 0.8571, 1.0, 0.7143, 0.875, 0.8571, 0.75, 0.8, 0.625, 1.0, 1.0, 0.6667, 0.7143, 0.9167, 0.7778, 0.8571, 0.9, 0.875, 0.9091, 1.0, 1.0, 1.0, 0.8, 1.0, 1.0, 0.9167, 0.625, 1.0, 0.75, 0.8571, 0.7778, 0.5556, 0.75, 0.8333, 1.0, 0.6, 0.7143, 0.7, 1.0, 0.9231, 1.0, 0.8571, 1.0, 0.7143, 0.5556, 0.75, 0.8889, 0.875, 0.8333, 0.5556, 0.9091, 0.8889, 0.8182, 0.8571, 1.0, 0.8889, 0.8571, 0.8333, 0.8333, 0.625, 0.8889, 0.875, 0.8462, 0.6667, 1.0, 0.7778, 0.7143, 0.875, 0.75, 0.6667, 0.9, 0.8571, 1.0, 0.7778, 0.875, 1.0, 0.7, 0.875, 0.875, 0.6, 0.9, 1.0, 0.8333, 0.8333, 1.0, 0.75, 0.9286, 0.8571, 0.8571, 0.9, 0.7778, 0.5714, 1.0, 0.9, 0.875, 0.8, 0.8571, 0.8571, 0.9091, 0.8889, 0.8889, 1.0, 0.7143, 0.875, 1.0, 1.0, 0.8571, 1.0, 1.0, 0.875, 0.8889, 1.0, 1.0, 1.0, 0.75, 0.7778, 1.0, 0.8889, 0.8333, 0.9, 0.9167, 1.0, 0.8, 1.0, 0.8333, 0.9, 0.9091, 0.9, 1.0, 1.0, 1.0, 0.8571, 1.0, 1.0, 0.8333, 0.75, 1.0, 1.0, 0.8571, 0.8182, 0.7143, 0.8571, 0.75, 0.7692, 1.0, 0.7778, 0.7778, 1.0, 0.9, 0.8333, 0.8889, 1.0, 0.8571, 0.8182, 0.8571, 0.6667, 0.9, 0.75, 1.0, 1.0, 0.9, 0.8889, 0.6667, 0.8571, 0.9, 0.8889, 0.8571, 0.8889, 1.0, 0.7778, 1.0, 0.7143, 0.9, 0.8333, 1.0, 0.9167, 0.8333, 0.6667, 0.8571, 0.875, 1.0, 1.0, 0.7778, 0.8, 0.6667, 0.8333, 1.0, 0.5, 0.5, 0.75, 0.875, 0.8, 0.8333, 1.0, 1.0, 1.0, 0.8889, 0.8889, 0.8, 1.0, 0.875, 0.8889, 0.8, 0.9231, 0.75, 1.0, 1.0, 0.8889, 0.7143, 1.0, 1.0, 1.0, 1.0, 0.75, 1.0, 1.0, 0.9167, 1.0, 0.875, 0.7, 0.8571, 0.4, 1.0, 0.8462, 0.8571, 0.6, 0.8571, 0.75, 0.7143, 0.75, 1.0, 0.8333, 0.8889, 1.0, 0.8571, 0.8571, 0.7143, 0.875, 0.8182, 0.8333, 0.8, 0.8571, 0.75, 0.7273, 0.8333, 0.9167, 0.8182, 1.0, 0.7778, 0.875]"
champions,14,champions,0.79,0.79,0.79,0.0,26,True,1580,0,252,168,0,"[0.05, 0.096, 0.151, 0.2205, 0.294, 0.377, 0.449, 0.5095, 0.557, 0.5985, 0.6285, 0.6565, 0.672, 0.693, 0.7135, 0.7285, 0.7415, 0.752, 0.764, 0.7705, 0.7765, 0.7805, 0.786, 0.788, 0.789, 0.79, 0.79, 0.79, 0.79, 0.79, 0.79, 0.79, 0.79, 0.79, 0.79, 0.79, 0.79, 0.79, 0.79, 0.79, 0.79, 0.79, 0.79, 0.79, 0.79, 0.79, 0.79, 0.79, 0.79, 0.79, 0.79, 0.79, 0.79, 0.79, 0.79, 0.79, 0.79, 0.79, 0.79, 0.79, 0.79, 0.79, 0.79, 0.79, 0.79, 0.79, 0.79, 0.79, 0.79, 0.79, 0.79, 0.79, 0.79, 0.79, 0.79, 0.79, 0.79, 0.79, 0.79, 0.79, 0.79, 0.79, 0.79, 0.79, 0.79, 0.79, 0.79, 0.79, 0.79, 0.79, 0.79, 0.79, 0.79, 0.79, 0.79, 0.79, 0.79, 0.79, 0.79, 0.79, 0.79]","{""0"": 0.8621, ""1"": 0.7918, ""2"": 0.8306, ""3"": 0.8692, ""4"": 0.4518, ""5"": 0.9008, ""6"": 0.7054, ""7"": 0.872}","[1.0, 1.0, 0.625, 0.75, 0.8571, 1.0, 1.0, 1.0, 0.7143, 0.8571, 0.8571, 0.8, 0.8571, 0.8333, 0.9, 1.0, 1.0, 0.5, 0.9, 1.0, 0.8889, 1.0, 1.0, 0.7143, 0.8333, 0.8333, 0.8889, 1.0, 1.0, 1.0, 1.0, 0.8571, 0.7143, 0.8571, 0.8889, 0.7143, 0.75, 0.8, 1.0, 1.0, 0.8333, 0.75, 0.75, 0.6667, 1.0, 0.9, 0.75, 1.0, 0.7143, 1.0, 1.0, 0.6, 0.8889, 1.0, 1.0, 1.0, 1.0, 0.8571, 1.0, 1.0, 0.7778, 0.8889, 0.8333, 1.0, 1.0, 0.9286, 0.75, 0.875, 0.8182, 0.8571, 1.0, 0.75, 1.0, 1.0, 0.8333, 0.8, 0.8333, 1.0, 0.6667, 0.8333, 1.0, 0.75, 0.8333, 0.9091, 0.8333, 0.5, 0.8571, 1.0, 0.6, 0.7778, 1.0, 1.0, 1.0, 0.0, 1.0, 1.0, 1.0, 0.8, 0.875, 0.6, 0.9231, 0.0, 0.8571, 0.8889, 0.8571, 0.7778, 0.8462, 0.7143, 0.9, 0.0, 1.0, 0.8333, 0.7143, 0.6667, 0.9, 0.8571, 0.875, 0.0, 0.7778, 1.0, 0.7, 0.9091, 0.8889, 1.0, 0.7778, 0.0, 0.9091, 1.0, 0.9167, 0.9231, 0.6667, 1.0, 0.8571, 0.0, 0.8, 0.8889, 1.0, 0.8571, 1.0, 0.8462, 1.0, 0.8, 0.8571, 0.875, 0.875, 0.8462, 0.8889, 0.75, 0.8462, 0.0, 0.8571, 0.9167, 1.0, 0.6667, 0.8, 1.0, 0.8889, 0.0, 0.8, 0.7778, 0.875, 1.0, 0.8571, 0.7778, 0.6667, 0.0, 0.8333, 0.9167, 0.8571, 1.0, 0.0, 0.0714, 0.8, 0.1111, 1.0, 0.6, 0.875, 0.8, 0.0, 0.875, 0.8889, 0.0, 0.6667, 0.8333, 1.0, 0.9, 0.75, 1.0, 0.8333, 0.0, 0.8333, 0.0, 0.8889, 0.75, 0.5, 1.0, 0.875, 0.1429, 1.0, 0.0, 0.8571, 0.9, 0.8667, 1.0, 0.9167, 0.0, 0.8, 0.0, 0.8333, 0.8889, 1.0, 0.8333, 0.9167, 0.0, 0.8889, 0.0, 0.8333, 0.7143, 0.75, 1.0, 0.7143, 0.1667, 1.0, 0.0, 0.8, 1.0, 0.625, 0.7778, 0.6667, 0.875, 1.0, 0.0, 1.0, 0.75, 0.875, 1.0, 1.0, 0.8571, 1.0, 0.0, 0.7143, 0.9167, 0.9, 1.0, 1.0, 1.0, 0.875, 0.8333, 1.0, 1.0]"
champions,15,champions,0.819,0.819,0.819,0.0,24,True,1638,0,264,98,0,"[0.05, 0.1045, 0.167, 0.2325, 0.3055, 0.3775, 0.443, 0.502, 0.554, 0.606, 0.655, 0.692, 0.7255, 0.7525, 0.7735, 0.788, 0.797, 0.808, 0.8125, 0.814, 0.8155, 0.817, 0.8185, 0.819, 0.819, 0.819, 0.819, 0.819, 0.819, 0.819, 0.819, 0.819, 0.819, 0.819, 0.819, 0.819, 0.819, 0.819, 0.819, 0.819, 0.819, 0.819, 0.819, 0.819, 0.819, 0.819, 0.819, 0.819, 0.819, 0.819, 0.819, 0.819, 0.819, 0.819, 0.819, 0.819, 0.819, 0.819, 0.819, 0.819, 0.819, 0.819, 0.819, 0.819, 0.819, 0.819, 0.819, 0.819, 0.819, 0.819, 0.819, 0.819, 0.819, 0.819, 0.819, 0.819, 0.819, 0.819, 0.819, 0.819, 0.819, 0.819, 0.819, 0.819, 0.819, 0.819, 0.819, 0.819, 0.819, 0.819, 0.819, 0.819, 0.819, 0.819, 0.819, 0.819, 0.819, 0.819, 0.819, 0.819, 0.819]","{""0"": 0.6423, ""1"": 0.8945, ""2"": 0.8672, ""3"": 0.8584, ""4"": 0.8359, ""5"": 0.8775, ""6"": 0.7097, ""7"": 0.8636}","[1.0, 0.875, 1.0, 1.0, 1.0, 0.6364, 0.8, 1.0, 0.8, 0.6667, 0.8571, 0.9091, 0.5, 0.5556, 0.6667, 1.0, 0.8889, 0.6667, 0.8889, 0.9091, 0.8, 0.75, 1.0, 0.2727, 0.875, 1.0, 0.8571, 0.8333, 0.9, 0.9091, 0.9231, 0.0, 0.8333, 1.0, 0.7778, 1.0, 1.0, 0.8889, 0.8571, 0.1667, 0.9167, 0.9, 0.8571, 0.75, 1.0, 1.0, 0.8, 0.0, 0.9091, 0.75, 0.8333, 0.8571, 0.6667, 0.8333, 0.875, 0.0, 0.8333, 0.8571, 0.8571, 0.8182, 0.8889, 0.75, 0.75, 0.0, 0.6667, 1.0, 0.8333, 1.0, 0.5, 0.8889, 0.8889, 0.1667, 1.0, 0.75, 0.8571, 1.0, 0.8, 0.875, 1.0, 0.8571, 0.8889, 0.8571, 0.8889, 0.8889, 0.875, 0.9, 1.0, 0.9, 0.9, 1.0, 0.8, 1.0, 1.0, 0.8, 1.0, 1.0, 0.8889, 0.7143, 0.875, 1.0, 1.0, 1.0, 0.8182, 1.0, 0.8571, 0.3333, 0.8333, 1.0, 1.0, 0.8333, 1.0, 0.625, 0.9, 0.0, 0.9231, 0.7778, 0.8889, 1.0, 0.875, 1.0, 0.7, 0.0, 1.0, 1.0, 1.0, 0.9333, 0.6, 0.9286, 0.875, 0.0, 0.75, 0.5556, 0.8889, 0.9, 0.6667, 1.0, 1.0, 0.1429, 0.8, 0.8333, 0.8889, 1.0, 0.8889, 1.0, 0.8333, 0.0, 1.0, 0.6667, 1.0, 1.0, 0.875, 0.8571, 0.7778, 0.0, 0.9, 0.8571, 0.8, 0.9, 0.8333, 0.9167, 0.8, 0.0, 0.875, 0.9, 0.9, 0.8, 0.8, 1.0, 1.0, 0.1429, 1.0, 0.9091, 0.7143, 1.0, 1.0, 0.8571, 1.0, 1.0, 0.8571, 0.6, 0.8182, 0.7778, 0.8889, 0.8571, 0.5714, 0.75, 1.0, 0.8, 0.625, 0.6667, 1.0, 1.0, 1.0, 0.9, 1.0, 0.8571, 0.7143, 0.7778, 0.7273, 0.625, 0.6667, 1.0, 0.8, 0.6667, 1.0, 0.875, 0.7778, 0.8889, 0.875, 1.0, 1.0, 0.6923, 1.0, 1.0, 0.875, 0.8, 0.9231, 0.8889, 0.9167, 1.0, 0.875, 1.0, 0.9, 1.0, 1.0, 0.875, 1.0, 0.9167, 1.0, 0.4444, 1.0, 0.8571, 1.0, 1.0, 1.0, 1.0, 0.8889, 0.5714, 1.0, 0.75, 0.6364, 0.8889, 0.9, 0.8333, 1.0, 0.8, 0.8571, 1.0, 1.0, 1.0]"
champions,16,champions,0.8165,0.8165,0.8165,0.0,30,True,1633,0,296,71,0,"[0.05, 0.0955, 0.1525, 0.2255, 0.304, 0.3705, 0.4365, 0.502, 0.573, 0.6285, 0.6625, 0.6895, 0.7135, 0.732, 0.7485, 0.7665, 0.779, 0.786, 0.7915, 0.796, 0.799, 0.801, 0.8035, 0.8055, 0.8065, 0.808, 0.809, 0.8105, 0.814, 0.8165, 0.8165, 0.8165, 0.8165, 0.8165, 0.8165, 0.8165, 0.8165, 0.8165, 0.8165, 0.8165, 0.8165, 0.8165, 0.8165, 0.8165, 0.8165, 0.8165, 0.8165, 0.8165, 0.8165, 0.8165, 0.8165, 0.8165, 0.8165, 0.8165, 0.8165, 0.8165, 0.8165, 0.8165, 0.8165, 0.8165, 0.8165, 0.8165, 0.8165, 0.8165, 0.8165, 0.8165, 0.8165, 0.8165, 0.8165, 0.8165, 0.8165, 0.8165, 0.8165, 0.8165, 0.8165, 0.8165, 0.8165, 0.8165, 0.8165, 0.8165, 0.8165, 0.8165, 0.8165, 0.8165, 0.8165, 0.8165, 0.8165, 0.8165, 0.8165, 0.8165, 0.8165, 0.8165, 0.8165, 0.8165, 0.8165, 0.8165, 0.8165, 0.8165, 0.8165, 0.8165, 0.8165]","{""0"": 0.8691, ""1"": 0.8922, ""2"": 0.8699, ""3"": 0.8242, ""4"": 0.814, ""5"": 0.8286, ""6"": 0.5697, ""7"": 0.8559}","[0.8889, 0.9231, 1.0, 0.5714, 0.8, 0.5, 0.8571, 0.8571, 1.0, 0.9167, 1.0, 0.875, 1.0, 0.7273, 0.9167, 0.9091, 0.9167, 1.0, 1.0, 1.0, 0.6667, 0.9167, 0.75, 0.75, 1.0, 0.875, 0.7692, 0.9091, 1.0, 1.0, 0.7778, 0.6667, 1.0, 0.8571, 0.5714, 0.8889, 0.9, 1.0, 1.0, 1.0, 0.6667, 1.0, 0.8333, 0.8333, 0.9, 0.75, 0.9091, 0.875, 1.0, 0.9, 0.8333, 0.9, 1.0, 0.75, 0.9, 0.8333, 0.5, 0.75, 1.0, 1.0, 1.0, 0.8571, 1.0, 0.875, 0.875, 1.0, 0.8, 0.875, 0.6667, 1.0, 0.5, 1.0, 0.8333, 1.0, 1.0, 1.0, 0.625, 0.8, 1.0, 0.5714, 0.8, 0.8, 1.0, 0.7857, 0.8889, 0.8571, 0.8, 0.6667, 1.0, 1.0, 1.0, 1.0, 0.6, 0.6667, 0.7778, 1.0, 0.875, 0.75, 1.0, 1.0, 1.0, 0.875, 0.7143, 0.7273, 0.8571, 0.75, 0.75, 0.75, 0.7143, 0.7143, 0.7778, 1.0, 1.0, 0.75, 0.8, 0.875, 1.0, 0.75, 0.8889, 0.7273, 1.0, 0.75, 1.0, 0.8, 0.9, 1.0, 0.7, 0.6667, 0.5, 0.8571, 0.9, 0.6, 0.5455, 0.6667, 0.8889, 0.8571, 1.0, 0.6667, 1.0, 0.7778, 0.8333, 0.6667, 1.0, 0.2, 0.7273, 0.5556, 0.625, 1.0, 0.5556, 0.8333, 0.5556, 0.4, 1.0, 0.8571, 1.0, 1.0, 0.9167, 0.6667, 0.9091, 0.1667, 0.8571, 0.8571, 1.0, 0.9091, 0.9, 0.7857, 0.4, 0.0, 1.0, 0.8333, 0.8, 0.8889, 0.7143, 0.9, 0.75, 0.0, 0.8333, 1.0, 0.2, 0.875, 1.0, 0.9, 0.8333, 0.1538, 0.9091, 1.0, 1.0, 0.7692, 0.8182, 0.8889, 1.0, 0.0, 0.8571, 1.0, 0.875, 1.0, 1.0, 0.8, 0.8571, 0.0, 0.8, 0.7778, 0.6667, 0.8333, 0.75, 0.8571, 0.8889, 0.0, 0.75, 0.8182, 1.0, 1.0, 0.625, 1.0, 0.875, 0.0, 0.75, 1.0, 1.0, 0.875, 0.6, 1.0, 0.8333, 0.0, 0.6, 0.8462, 1.0, 0.7143, 0.7778, 0.8571, 0.875, 0.2, 0.8182, 0.75, 1.0, 1.0, 0.625, 0.5714, 0.8, 1.0, 1.0, 0.8571, 0.8889, 0.875, 1.0, 0.6667, 0.4, 1.0, 0.75, 1.0]"
champions,17,champions,0.768,0.768,0.768,0.0,31,True,1536,0,302,162,0,"[0.05, 0.1105, 0.188, 0.269, 0.3465, 0.396, 0.438, 0.472, 0.504, 0.536, 0.564, 0.584, 0.603, 0.621, 0.6365, 0.6525, 0.6625, 0.6695, 0.677, 0.6865, 0.6965, 0.705, 0.7145, 0.725, 0.736, 0.744, 0.754, 0.7615, 0.764, 0.766, 0.768, 0.768, 0.768, 0.768, 0.768, 0.768, 0.768, 0.768, 0.768, 0.768, 0.768, 0.768, 0.768, 0.768, 0.768, 0.768, 0.768, 0.768, 0.768, 0.768, 0.768, 0.768, 0.768, 0.768, 0.768, 0.768, 0.768, 0.768, 0.768, 0.768, 0.768, 0.768, 0.768, 0.768, 0.768, 0.768, 0.768, 0.768, 0.768, 0.768, 0.768, 0.768, 0.768, 0.768, 0.768, 0.768, 0.768, 0.768, 0.768, 0.768, 0.768, 0.768, 0.768, 0.768, 0.768, 0.768, 0.768, 0.768, 0.768, 0.768, 0.768, 0.768, 0.768, 0.768, 0.768, 0.768, 0.768, 0.768, 0.768, 0.768, 0.768]","{""0"": 0.8593, ""1"": 0.8571, ""2"": 0.747, ""3"": 0.836, ""4"": 0.8413, ""5"": 0.7074, ""6"": 0.4603, ""7"": 0.8275}","[1.0, 0.75, 0.875, 0.8889, 0.75, 0.75, 0.0, 0.9091, 0.875, 0.7143, 0.8889, 0.7143, 0.7778, 0.8, 0.0, 0.75, 0.9091, 1.0, 0.8333, 0.8889, 0.8182, 0.8182, 0.0, 1.0, 0.9, 0.7857, 0.5714, 0.8889, 1.0, 0.875, 0.0, 0.75, 0.8, 0.625, 0.5556, 0.8333, 0.9167, 1.0, 0.25, 0.2, 0.7692, 0.8333, 1.0, 1.0, 0.8571, 0.8571, 0.4, 0.0, 0.8333, 0.875, 0.75, 1.0, 0.875, 0.8, 1.0, 0.0, 1.0, 0.6667, 0.8889, 0.8, 0.7778, 0.8, 0.7778, 0.0, 0.75, 0.8, 1.0, 0.75, 0.8333, 0.75, 1.0, 0.0, 1.0, 0.7, 0.7778, 0.625, 0.5, 0.8, 0.8571, 0.0, 0.75, 0.9231, 0.875, 0.125, 0.6667, 1.0, 0.875, 0.0769, 0.7143, 0.8889, 0.7778, 0.0, 0.8333, 0.875, 1.0, 0.0, 0.875, 0.8571, 1.0, 0.0, 0.8571, 1.0, 0.4, 0.0, 0.5714, 1.0, 1.0, 0.0, 1.0, 0.875, 1.0, 0.0, 1.0, 1.0, 0.8889, 0.1111, 0.8333, 1.0, 0.875, 0.0, 0.75, 0.6667, 0.75, 0.7778, 0.9, 0.75, 0.6667, 0.0909, 0.625, 1.0, 1.0, 0.8333, 0.875, 0.6667, 0.8571, 0.0, 0.8333, 1.0, 0.8, 0.8333, 0.8571, 0.6667, 0.75, 0.0833, 0.7778, 0.9167, 0.7778, 0.9, 0.875, 0.8333, 1.0, 0.0, 0.8571, 0.8889, 0.7778, 0.875, 0.875, 0.7778, 0.8571, 1.0, 0.875, 0.7143, 0.8571, 0.8, 0.75, 0.75, 0.7778, 0.9, 0.8, 0.875, 0.9, 0.9091, 1.0, 1.0, 0.9, 1.0, 0.7143, 0.9, 1.0, 0.8889, 0.9, 0.5714, 0.8889, 0.7778, 1.0, 0.9091, 1.0, 0.6667, 0.8182, 0.9231, 1.0, 0.75, 0.6667, 1.0, 0.8333, 0.875, 0.75, 1.0, 1.0, 0.9, 0.875, 0.8889, 0.7143, 0.875, 1.0, 0.8, 0.6667, 0.875, 1.0, 0.8889, 0.8333, 0.8182, 1.0, 1.0, 1.0, 0.7143, 0.8, 0.8571, 1.0, 1.0, 0.8571, 0.8182, 1.0, 0.8889, 0.8571, 1.0, 0.8889, 0.875, 0.6, 1.0, 0.875, 0.8, 0.5714, 1.0, 1.0, 0.8, 0.6667, 0.9091, 0.5714, 1.0, 0.9091, 0.7143, 1.0, 1.0, 0.8571, 0.6667, 0.0, 0.8571, 0.8333, 0.8889]"
champions,18,champions,0.762,0.762,0.762,-0.0,23,True,1524,0,292,184,0,"[0.05, 0.1045, 0.169, 0.24, 0.3085, 0.376, 0.43, 0.481, 0.523, 0.554, 0.583, 0.6115, 0.636, 0.6535, 0.668, 0.6885, 0.7025, 0.715, 0.7265, 0.7405, 0.7535, 0.761, 0.762, 0.762, 0.762, 0.762, 0.762, 0.762, 0.762, 0.762, 0.762, 0.762, 0.762, 0.762, 0.762, 0.762, 0.762, 0.762, 0.762, 0.762, 0.762, 0.762, 0.762, 0.762, 0.762, 0.762, 0.762, 0.762, 0.762, 0.762, 0.762, 0.762, 0.762, 0.762, 0.762, 0.762, 0.762, 0.762, 0.762, 0.762, 0.762, 0.762, 0.762, 0.762, 0.762, 0.762, 0.762, 0.762, 0.762, 0.762, 0.762, 0.762, 0.762, 0.762, 0.762, 0.762, 0.762, 0.762, 0.762, 0.762, 0.762, 0.762, 0.762, 0.762, 0.762, 0.762, 0.762, 0.762, 0.762, 0.762, 0.762, 0.762, 0.762, 0.762, 0.762, 0.762, 0.762, 0.762, 0.762, 0.762, 0.762]","{""0"": 0.8577, ""1"": 0.9035, ""2"": 0.8304, ""3"": 0.664, ""4"": 0.8458, ""5"": 0.5254, ""6"": 0.8988, ""7"": 0.5375}","[1.0, 1.0, 1.0, 0.4, 0.1111, 1.0, 1.0, 1.0, 0.7778, 0.875, 0.7778, 0.8, 0.0, 0.7143, 0.8333, 0.75, 0.8, 1.0, 0.8571, 1.0, 0.8571, 1.0, 0.75, 0.875, 1.0, 0.9091, 1.0, 0.9, 0.7143, 0.8182, 0.7778, 0.75, 0.8571, 0.7143, 1.0, 0.6667, 1.0, 0.5, 0.7692, 0.8333, 0.7, 0.7778, 1.0, 0.8571, 0.6667, 0.6667, 0.8889, 0.8333, 0.8, 1.0, 1.0, 1.0, 0.6, 0.8889, 1.0, 0.75, 0.6667, 0.7778, 1.0, 0.75, 0.8, 0.75, 0.8182, 0.75, 0.8, 0.7143, 0.6, 0.8333, 1.0, 0.8571, 1.0, 0.9, 1.0, 0.8889, 0.7143, 1.0, 0.9091, 0.8571, 0.8333, 0.875, 0.8, 0.5714, 1.0, 0.8333, 0.7778, 0.5, 0.8571, 0.8889, 0.8, 0.8889, 1.0, 0.5714, 0.5, 0.6667, 1.0, 0.8889, 1.0, 0.6923, 0.8, 0.875, 0.8889, 0.9231, 0.3333, 1.0, 0.8889, 0.7778, 0.9091, 0.75, 1.0, 0.8333, 0.2727, 1.0, 0.8182, 0.8571, 0.9091, 0.8333, 0.8571, 0.8182, 0.0, 1.0, 0.875, 0.6, 1.0, 0.4, 1.0, 0.7143, 0.1667, 0.875, 0.875, 0.8571, 0.9, 1.0, 1.0, 1.0, 0.0, 1.0, 0.75, 0.875, 0.8333, 1.0, 0.9, 1.0, 0.0, 1.0, 0.7143, 0.9091, 0.7, 1.0, 0.8, 1.0, 0.125, 1.0, 0.8889, 1.0, 0.7778, 0.7778, 0.7857, 0.9167, 0.0, 0.8462, 0.0, 0.8182, 0.8571, 1.0, 0.875, 0.7143, 0.0, 1.0, 0.0, 0.9091, 1.0, 0.6667, 1.0, 1.0, 0.0, 0.8333, 0.0, 1.0, 0.9, 1.0, 1.0, 0.75, 0.25, 1.0, 0.0, 1.0, 0.9231, 0.875, 0.7778, 0.8889, 0.0, 0.8571, 0.0, 1.0, 0.9, 0.625, 1.0, 0.8571, 0.0, 0.8, 0.0, 1.0, 1.0, 0.6667, 0.1667, 0.7778, 0.0, 0.8571, 0.125, 0.6667, 1.0, 1.0, 0.0, 0.8, 0.6667, 0.875, 0.0, 0.7778, 0.8333, 0.8333, 0.25, 1.0, 0.6667, 1.0, 0.0, 0.75, 0.9, 0.875, 0.0, 0.9167, 0.6667, 1.0, 0.0, 0.7778, 1.0, 0.8333, 0.0, 1.0, 1.0, 1.0, 0.1818, 1.0, 0.8889, 0.6, 0.0, 0.8462, 1.0, 0.8182, 1.0, 1.0]"
champions,19,champions,0.846,0.846,0.846,0.0,30,True,1692,0,274,34,0,"[0.05, 0.1015, 0.1555, 0.2125, 0.2675, 0.314, 0.364, 0.414, 0.4595, 0.498, 0.5415, 0.584, 0.618, 0.6535, 0.6885, 0.7205, 0.749, 0.7695, 0.787, 0.797, 0.8105, 0.8205, 0.828, 0.831, 0.833, 0.835, 0.837, 0.839, 0.842, 0.846, 0.846, 0.846, 0.846, 0.846, 0.846, 0.846, 0.846, 0.846, 0.846, 0.846, 0.846, 0.846, 0.846, 0.846, 0.846, 0.846, 0.846, 0.846, 0.846, 0.846, 0.846, 0.846, 0.846, 0.846, 0.846, 0.846, 0.846, 0.846, 0.846, 0.846, 0.846, 0.846, 0.846, 0.846, 0.846, 0.846, 0.846, 0.846, 0.846, 0.846, 0.846, 0.846, 0.846, 0.846, 0.846, 0.846, 0.846, 0.846, 0.846, 0.846, 0.846, 0.846, 0.846, 0.846, 0.846, 0.846, 0.846, 0.846, 0.846, 0.846, 0.846, 0.846, 0.846, 0.846, 0.846, 0.846, 0.846, 0.846, 0.846, 0.846, 0.846]","{""0"": 0.8399, ""1"": 0.8648, ""2"": 0.8599, ""3"": 0.844, ""4"": 0.9016, ""5"": 0.7101, ""6"": 0.8767, ""7"": 0.8669}","[1.0, 0.6667, 0.8, 0.8333, 1.0, 0.75, 0.7143, 0.8333, 0.2, 0.8333, 0.7692, 0.8889, 0.9, 0.8333, 0.8889, 0.8, 0.7778, 0.4545, 0.875, 0.8571, 0.8, 1.0, 1.0, 0.8333, 0.9167, 0.875, 1.0, 0.8333, 0.875, 0.875, 0.8, 1.0, 1.0, 0.8182, 0.9091, 0.875, 0.7857, 0.7143, 1.0, 0.8889, 1.0, 0.9, 0.8889, 1.0, 1.0, 0.875, 0.9, 1.0, 0.8333, 0.75, 0.75, 1.0, 1.0, 0.8889, 0.8889, 1.0, 0.8571, 0.8889, 0.8182, 1.0, 0.8571, 0.9167, 0.8, 0.8571, 1.0, 0.8571, 0.8125, 1.0, 0.75, 0.8571, 0.4286, 1.0, 0.875, 0.9, 0.9, 0.7778, 0.8462, 1.0, 0.0, 0.875, 0.7273, 1.0, 1.0, 0.9, 0.75, 1.0, 0.0, 0.3333, 0.8, 0.875, 0.7143, 0.8182, 0.8333, 1.0, 0.0, 1.0, 0.8, 0.8, 0.8, 0.8333, 0.75, 0.8889, 0.0, 0.8, 0.75, 0.75, 1.0, 0.8, 0.5714, 0.7778, 0.25, 1.0, 1.0, 0.8, 0.6, 0.6667, 1.0, 0.8333, 0.2857, 1.0, 1.0, 0.8571, 1.0, 0.6667, 0.8333, 1.0, 0.7778, 1.0, 0.8333, 1.0, 1.0, 1.0, 0.875, 1.0, 0.8889, 0.9167, 1.0, 0.9333, 1.0, 0.8333, 0.875, 0.9, 0.3333, 0.8571, 0.8, 0.8, 0.875, 0.8571, 1.0, 0.8889, 1.0, 0.7778, 0.8571, 0.8333, 1.0, 0.8333, 1.0, 1.0, 0.8889, 0.9091, 0.7143, 0.8571, 0.8889, 0.7, 0.8, 1.0, 1.0, 0.8571, 0.9, 0.7778, 0.8571, 1.0, 1.0, 1.0, 1.0, 0.75, 0.8667, 0.9091, 0.625, 0.7778, 0.8333, 0.8571, 0.7273, 0.9, 0.8, 0.7143, 1.0, 1.0, 0.7143, 0.8889, 0.7778, 1.0, 1.0, 0.9167, 0.8571, 0.9286, 0.5556, 0.8333, 0.8889, 0.8571, 0.8333, 0.6, 0.8333, 0.4286, 0.75, 1.0, 0.8571, 0.5, 0.8, 0.9091, 0.6667, 0.8889, 1.0, 0.8571, 0.8333, 0.75, 1.0, 0.75, 0.8333, 0.9231, 1.0, 1.0, 0.8571, 1.0, 0.9286, 0.9231, 0.8, 0.6667, 0.6667, 1.0, 0.8571, 1.0, 1.0, 1.0, 1.0, 0.7, 0.9231, 0.8889, 1.0, 0.8333, 0.8333, 1.0, 0.7143, 1.0, 0.75, 0.5714, 1.0, 0.8571, 1.0, 0.8333]"
cluster,0,cluster,0.342,0.342,0.342,0.0,25,True,684,0,288,1028,0,"[0.05, 0.073, 0.0965, 0.1245, 0.151, 0.1785, 0.2015, 0.224, 0.246, 0.2635, 0.2805, 0.2955, 0.304, 0.311, 0.316, 0.321, 0.3235, 0.3265, 0.33, 0.332, 0.3335, 0.3355, 0.338, 0.341, 0.342, 0.342, 0.342, 0.342, 0.342, 0.342, 0.342, 0.342, 0.342, 0.342, 0.342, 0.342, 0.342, 0.342, 0.342, 0.342, 0.342, 0.342, 0.342, 0.342, 0.342, 0.342, 0.342, 0.342, 0.342, 0.342, 0.342, 0.342, 0.342, 0.342, 0.342, 0.342, 0.342, 0.342, 0.342, 0.342, 0.342, 0.342, 0.342, 0.342, 0.342, 0.342, 0.342, 0.342, 0.342, 0.342, 0.342, 0.342, 0.342, 0.342, 0.342, 0.342, 0.342, 0.342, 0.342, 0.342, 0.342, 0.342, 0.342, 0.342, 0.342, 0.342, 0.342, 0.342, 0.342, 0.342, 0.342, 0.342, 0.342, 0.342, 0.342, 0.342, 0.342, 0.342, 0.342, 0.342, 0.342]","{""0"": 0.122, ""1"": 0.0136, ""2"": 0.3836, ""3"": 0.4899, ""4"": 0.4903, ""5"": 0.6532, ""6"": 0.0041, ""7"": 0.5226}","[0.3333, 0.0, 0.0, 0.0, 0.0, 0.7778, 1.0, 0.0, 0.0, 0.0, 0.0, 0.0, 0.9231, 0.0909, 1.0, 0.0, 0.0, 0.0, 0.0, 0.0, 0.6667, 0.0, 1.0, 0.0, 0.0, 0.0, 0.0, 0.0, 1.0, 0.0, 0.0, 0.0, 0.0, 0.0, 0.1667, 0.0, 1.0, 0.0, 0.1429, 0.0, 0.0, 0.6667, 0.2, 0.0, 0.75, 0.0, 0.0, 0.0, 0.0, 0.8333, 0.0, 0.0, 0.8333, 0.0, 0.0, 0.0, 0.0, 0.9167, 0.0, 0.0, 0.0, 0.0, 0.0, 0.0, 0.1, 0.8, 0.0, 0.0, 0.125, 0.0, 0.0, 0.0, 0.875, 0.1429, 0.0, 0.0, 0.125, 0.0, 0.1111, 0.0, 0.8, 0.0, 0.0, 0.0, 0.1111, 0.25, 0.0, 0.0, 0.8, 0.0, 0.0, 0.0, 0.0, 1.0, 0.8889, 0.0, 0.8, 0.0, 0.0, 0.0556, 0.0, 1.0, 0.75, 0.0, 0.875, 0.0, 0.0, 1.0, 0.0, 0.8333, 1.0, 0.125, 1.0, 0.0, 0.0, 0.8, 0.0, 0.8333, 0.875, 0.0, 0.8889, 0.0, 0.0, 0.9167, 0.1667, 1.0, 0.7647, 0.0, 0.8889, 0.0, 0.0, 1.0, 0.0, 0.9, 0.8889, 0.0, 0.7778, 0.0, 0.0, 0.9, 0.0, 1.0, 0.8333, 0.0, 1.0, 0.0, 0.0, 1.0, 0.0, 1.0, 0.7143, 0.0, 1.0, 0.0, 0.0, 0.7778, 1.0, 1.0, 1.0, 0.0, 1.0, 0.0, 0.0, 0.8889, 0.6667, 1.0, 1.0, 0.0, 1.0, 0.0, 0.0, 0.8462, 1.0, 0.5, 0.8, 0.0, 0.8, 0.0, 0.2, 1.0, 1.0, 1.0, 0.8571, 0.0, 0.9, 0.0, 0.0, 0.6667, 0.8, 0.0, 0.9, 0.0, 1.0, 0.0, 0.0, 1.0, 1.0, 0.0, 0.7778, 0.0, 0.9231, 0.0909, 0.0, 1.0, 1.0, 0.4286, 0.8, 0.0, 0.4, 0.0, 0.0, 0.6667, 1.0, 0.1111, 0.9091, 0.0, 0.2, 0.0, 0.0, 0.0, 0.9091, 0.0, 1.0, 0.0, 0.0, 0.0, 0.0, 0.0, 0.5385, 0.6667, 0.8462, 0.0, 0.0, 0.0, 0.0, 0.0, 0.0, 0.875, 0.8571, 0.0, 0.0, 0.0, 0.0, 0.0, 0.0, 0.9231, 0.8, 0.0, 0.0, 0.0]"
cluster,1,cluster,0.6345,0.6345,0.6345,0.0,50,True,1269,0,286,445,0,"[0.05, 0.07, 0.0895, 0.107, 0.12, 0.1375, 0.1585, 0.178, 0.1975, 0.2255, 0.246, 0.2675, 0.289, 0.3055, 0.3225, 0.3395, 0.349, 0.3585, 0.37, 0.386, 0.401, 0.411, 0.4185, 0.4275, 0.4375, 0.448, 0.4615, 0.4695, 0.478, 0.4845, 0.4925, 0.5, 0.5085, 0.5175, 0.5275, 0.5375, 0.544, 0.5515, 0.5625, 0.5715, 0.5795, 0.59, 0.6015, 0.6075, 0.613, 0.619, 0.6245, 0.63, 0.633, 0.6345, 0.6345, 0.6345, 0.6345, 0.6345, 0.6345, 0.6345, 0.6345, 0.6345, 0.6345, 0.6345, 0.6345, 0.6345, 0.6345, 0.6345, 0.6345, 0.6345, 0.6345, 0.6345, 0.6345, 0.6345, 0.6345, 0.6345, 0.6345, 0.6345, 0.6345, 0.6345, 0.6345, 0.6345, 0.6345, 0.6345, 0.6345, 0.6345, 0.6345, 0.6345, 0.6345, 0.6345, 0.6345, 0.6345, 0.6345, 0.6345, 0.6345, 0.6345, 0.6345, 0.6345, 0.6345, 0.6345, 0.6345, 0.6345, 0.6345, 0.6345, 0.6345]","{""0"": 0.6016, ""1"": 0.8555, ""2"": 0.3281, ""3"": 0.1134, ""4"": 0.878, ""5"": 0.6667, ""6"": 0.8876, ""7"": 0.7449}","[0.8889, 0.0, 1.0, 1.0, 0.0, 0.75, 0.25, 0.75, 1.0, 0.0, 0.7692, 1.0, 0.0, 1.0, 0.1429, 0.7778, 0.5714, 0.1818, 1.0, 0.8333, 0.0, 0.7778, 0.0909, 0.8333, 0.8333, 0.7143, 1.0, 1.0, 0.0, 0.8, 0.0, 0.8889, 1.0, 1.0, 0.7778, 1.0, 0.0, 1.0, 0.0, 0.7778, 0.7, 0.8889, 0.8571, 0.8333, 0.2, 0.7, 0.4286, 1.0, 1.0, 0.8571, 0.8, 1.0, 0.6, 1.0, 1.0, 0.875, 1.0, 0.75, 0.7778, 1.0, 1.0, 0.7273, 0.875, 1.0, 0.7143, 0.875, 0.6667, 0.8571, 0.8889, 0.6667, 0.9231, 0.5556, 0.8889, 0.625, 1.0, 0.0, 1.0, 0.8889, 0.875, 0.8333, 0.8571, 0.875, 0.7143, 0.0, 0.125, 1.0, 0.8571, 1.0, 1.0, 0.875, 0.8, 0.0, 0.0, 0.8889, 0.7143, 0.7273, 0.8, 0.75, 1.0, 0.0, 0.0, 1.0, 1.0, 1.0, 0.875, 1.0, 0.5714, 0.0, 0.0, 0.7778, 1.0, 0.9, 0.5714, 0.9091, 0.7778, 0.0, 0.0, 0.6667, 0.625, 1.0, 0.8571, 0.7778, 1.0, 0.0, 0.0, 0.9, 1.0, 0.8571, 1.0, 0.5714, 0.7273, 0.0, 0.0, 0.875, 0.8333, 0.875, 1.0, 0.4444, 0.9333, 0.0, 0.0, 0.875, 0.8889, 1.0, 1.0, 0.9, 1.0, 0.0, 0.0, 0.8333, 0.8571, 1.0, 0.6364, 0.6667, 0.875, 0.0, 0.0, 0.8, 1.0, 1.0, 0.8, 1.0, 0.9091, 0.0, 0.0, 0.8333, 0.8333, 1.0, 0.5, 0.8333, 0.9091, 0.0, 0.0, 1.0, 0.8571, 1.0, 1.0, 1.0, 1.0, 0.0, 0.0, 1.0, 0.8333, 0.75, 0.0, 0.5, 0.8, 0.0, 0.0, 1.0, 0.875, 1.0, 0.0, 0.75, 0.75, 0.0, 0.0, 0.875, 0.75, 1.0, 0.0, 1.0, 0.875, 0.0, 0.0, 1.0, 0.8571, 1.0, 0.0, 1.0, 0.8333, 0.0, 0.0, 0.8, 0.5, 0.9, 0.8333, 0.0, 1.0, 0.125, 0.0, 0.9, 0.7778, 0.6, 0.5, 0.0, 0.7, 1.0, 0.0, 1.0, 0.875, 1.0, 0.8889, 0.0, 0.7143, 1.0, 0.0, 1.0, 0.3333, 0.8, 0.8182, 0.0, 1.0, 1.0, 0.0, 1.0, 0.0, 1.0, 1.0, 0.0]"
cluster,2,cluster,0.573,0.573,0.573,-0.0,54,True,1146,0,290,564,0,"[0.05, 0.0705, 0.1005, 0.139, 0.174, 0.204, 0.2345, 0.2645, 0.2845, 0.3035, 0.3215, 0.34, 0.355, 0.369, 0.3845, 0.398, 0.4125, 0.426, 0.4385, 0.4505, 0.459, 0.4635, 0.4675, 0.4725, 0.4795, 0.4885, 0.4965, 0.5025, 0.5055, 0.508, 0.5105, 0.5155, 0.519, 0.5205, 0.5225, 0.5265, 0.529, 0.53, 0.5315, 0.5345, 0.537, 0.5395, 0.543, 0.5475, 0.5495, 0.552, 0.557, 0.563, 0.5665, 0.568, 0.5685, 0.5695, 0.571, 0.573, 0.573, 0.573, 0.573, 0.573, 0.573, 0.573, 0.573, 0.573, 0.573, 0.573, 0.573, 0.573, 0.573, 0.573, 0.573, 0.573, 0.573, 0.573, 0.573, 0.573, 0.573, 0.573, 0.573, 0.573, 0.573, 0.573, 0.573, 0.573, 0.573, 0.573, 0.573, 0.573, 0.573, 0.573, 0.573, 0.573, 0.573, 0.573, 0.573, 0.573, 0.573, 0.573, 0.573, 0.573, 0.573, 0.573, 0.573]","{""0"": 0.0152, ""1"": 0.2782, ""2"": 0.8514, ""3"": 0.8474, ""4"": 0.4885, ""5"": 0.632, ""6"": 0.6068, ""7"": 0.9004}","[0.5556, 0.0, 0.3333, 0.8571, 1.0, 0.3333, 1.0, 0.0, 0.8889, 0.0, 0.0, 0.875, 0.5556, 0.1111, 0.7143, 0.0, 1.0, 0.0, 0.8, 1.0, 0.5714, 0.5, 0.8333, 0.0, 0.875, 0.0, 0.7778, 0.9091, 0.9091, 0.0, 0.8, 0.0, 0.875, 0.0, 1.0, 1.0, 1.0, 0.0, 1.0, 0.0, 1.0, 0.0, 1.0, 0.7778, 0.75, 0.0, 0.7143, 0.0, 1.0, 0.0, 0.2857, 0.875, 0.8889, 0.0, 1.0, 0.0, 0.7778, 0.0, 0.0, 0.75, 0.75, 0.0, 1.0, 0.0, 0.875, 0.0, 0.0, 1.0, 0.8, 0.0, 0.75, 0.1667, 0.7692, 0.0, 0.0, 0.8, 0.8571, 0.0, 0.5556, 0.6, 0.8333, 0.0, 0.125, 1.0, 0.8571, 0.0, 1.0, 1.0, 0.8889, 0.0, 0.3333, 0.7778, 1.0, 0.2, 0.8889, 1.0, 1.0, 0.0, 0.1818, 1.0, 1.0, 1.0, 1.0, 1.0, 0.8571, 0.0, 0.0, 1.0, 1.0, 1.0, 0.0, 0.625, 1.0, 0.0, 0.0, 0.75, 0.7778, 1.0, 0.0, 1.0, 0.9167, 0.0, 0.0, 0.8333, 0.9091, 0.8, 0.0, 0.7778, 1.0, 0.0, 0.0909, 0.8, 0.8571, 1.0, 0.0, 0.75, 0.75, 0.0, 0.0, 1.0, 0.75, 0.7778, 0.1667, 0.7143, 1.0, 0.1429, 0.0, 1.0, 0.9167, 1.0, 0.0, 1.0, 0.8571, 0.0, 0.0, 0.8571, 1.0, 0.8, 0.0833, 0.8333, 1.0, 0.0, 0.2, 0.8571, 1.0, 0.8, 0.875, 0.8889, 0.8571, 0.0, 0.0, 0.8571, 0.7143, 0.8889, 1.0, 0.6, 0.8333, 0.0, 0.0, 0.8333, 0.8889, 0.8333, 1.0, 1.0, 0.9231, 0.0, 0.0, 1.0, 0.7, 0.8182, 0.625, 1.0, 0.9, 0.0, 0.0, 0.8, 1.0, 0.8333, 1.0, 1.0, 1.0, 0.0, 0.0, 1.0, 1.0, 1.0, 1.0, 0.875, 0.8333, 0.0, 0.25, 0.8, 0.7778, 0.875, 0.5714, 1.0, 0.8889, 0.1429, 0.8571, 0.7143, 0.7143, 0.375, 0.7778, 0.8889, 1.0, 0.0, 1.0, 0.7143, 0.8, 0.0909, 1.0, 0.9, 0.75, 0.0, 1.0, 0.5, 1.0, 0.0, 1.0, 1.0, 0.75, 0.1429, 1.0, 0.6667, 0.7778, 0.1, 0.8333, 0.1429, 1.0, 0.2]"
cluster,3,cluster,0.351,0.351,0.351,0.0,35,True,702,0,298,1000,0,"[0.05, 0.075, 0.101, 0.1255, 0.1545, 0.178, 0.2015, 0.221, 0.237, 0.2475, 0.2555, 0.2605, 0.2645, 0.269, 0.2745, 0.2795, 0.282, 0.2845, 0.291, 0.298, 0.3015, 0.305, 0.3115, 0.316, 0.3195, 0.3235, 0.3265, 0.331, 0.334, 0.3385, 0.3425, 0.3455, 0.3485, 0.3505, 0.351, 0.351, 0.351, 0.351, 0.351, 0.351, 0.351, 0.351, 0.351, 0.351, 0.351, 0.351, 0.351, 0.351, 0.351, 0.351, 0.351, 0.351, 0.351, 0.351, 0.351, 0.351, 0.351, 0.351, 0.351, 0.351, 0.351, 0.351, 0.351, 0.351, 0.351, 0.351, 0.351, 0.351, 0.351, 0.351, 0.351, 0.351, 0.351, 0.351, 0.351, 0.351, 0.351, 0.351, 0.351, 0.351, 0.351, 0.351, 0.351, 0.351, 0.351, 0.351, 0.351, 0.351, 0.351, 0.351, 0.351, 0.351, 0.351, 0.351, 0.351, 0.351, 0.351, 0.351, 0.351, 0.351, 0.351]","{""0"": 0.0078, ""1"": 0.6077, ""2"": 0.2962, ""3"": 0.0615, ""4"": 0.0, ""5"": 0.8511, ""6"": 0.8675, ""7"": 0.141}","[0.5556, 0.0, 0.0, 0.0, 0.0, 0.0, 0.8333, 0.75, 0.0, 0.0, 0.0, 0.0, 0.0, 0.0, 0.7, 1.0, 0.0, 0.2, 0.0, 0.0, 0.0, 0.0, 0.6, 0.7778, 0.0, 0.0, 0.0, 0.0, 0.0, 0.0, 0.8333, 0.8889, 0.0, 0.0, 0.0, 0.0, 0.0, 0.0, 0.8, 0.8, 0.0, 0.0, 0.0, 0.0, 0.0, 0.0, 1.0, 1.0, 0.6667, 0.0, 0.0, 0.0, 0.0, 0.0, 0.8182, 0.9, 0.9167, 0.0, 0.5, 0.0, 0.1818, 0.0, 1.0, 0.8889, 0.75, 0.0, 0.4444, 0.0, 0.25, 0.0, 0.9167, 0.75, 1.0, 0.0, 0.8571, 0.0, 1.0, 0.0, 1.0, 0.875, 0.0, 0.0, 0.8571, 1.0, 0.3333, 0.0, 0.875, 0.8333, 0.1111, 0.0, 1.0, 0.75, 0.0, 0.0, 0.7778, 0.8571, 0.0, 0.0, 0.7, 1.0, 0.0, 0.0, 1.0, 0.7143, 0.0, 0.0, 0.7333, 0.8333, 0.0, 0.0, 0.7, 1.0, 0.0, 0.0, 0.75, 1.0, 0.0, 0.0, 0.8333, 0.75, 0.0, 0.0, 0.9, 0.7692, 0.0, 0.0, 0.5, 1.0, 0.0, 0.0, 0.625, 1.0, 0.0, 0.0, 0.8571, 0.875, 0.0, 0.0, 0.625, 0.875, 0.0, 0.0, 0.75, 0.8571, 0.0, 0.0, 0.8, 0.0833, 0.0, 0.0, 1.0, 0.7778, 0.0, 0.0, 1.0, 0.0, 0.0, 0.0, 1.0, 0.75, 0.0, 0.0, 0.9167, 0.0, 0.0, 0.0, 1.0, 1.0, 0.0, 0.0, 1.0, 0.0, 0.0, 0.0, 1.0, 0.6667, 0.0, 0.0, 1.0, 0.0, 0.0, 0.0, 0.9167, 0.7778, 0.0, 0.0, 1.0, 0.0, 0.0, 0.0, 0.8333, 1.0, 0.0, 0.0, 1.0, 0.2, 0.0, 0.0, 0.9, 0.875, 0.0, 0.0, 1.0, 0.625, 0.0, 0.0, 1.0, 1.0, 0.0, 0.0, 1.0, 1.0, 0.0, 0.0, 0.6667, 1.0, 0.0, 0.0, 1.0, 1.0, 0.1, 0.0, 1.0, 0.8889, 0.0, 0.0, 0.6, 0.0833, 0.0, 0.0, 1.0, 1.0, 0.0, 0.0, 1.0, 0.0, 0.0, 0.0, 0.5714, 0.75, 0.0, 0.0, 0.0, 0.0, 0.0, 0.0, 1.0, 0.8333, 0.0, 0.0]"
cluster,4,cluster,0.3605,0.3605,0.3605,0.0,36,True,721,0,289,990,0,"[0.05, 0.0775, 0.102, 0.13, 0.155, 0.18, 0.1945, 0.204, 0.2165, 0.2275, 0.237, 0.244, 0.2495, 0.254, 0.2615, 0.2725, 0.2785, 0.281, 0.285, 0.289, 0.2965, 0.3005, 0.306, 0.3125, 0.3165, 0.3215, 0.328, 0.3385, 0.343, 0.347, 0.351, 0.355, 0.357, 0.3595, 0.36, 0.3605, 0.3605, 0.3605, 0.3605, 0.3605, 0.3605, 0.3605, 0.3605, 0.3605, 0.3605, 0.3605, 0.3605, 0.3605, 0.3605, 0.3605, 0.3605, 0.3605, 0.3605, 0.3605, 0.3605, 0.3605, 0.3605, 0.3605, 0.3605, 0.3605, 0.3605, 0.3605, 0.3605, 0.3605, 0.3605, 0.3605, 0.3605, 0.3605, 0.3605, 0.3605, 0.3605, 0.3605, 0.3605, 0.3605, 0.3605, 0.3605, 0.3605, 0.3605, 0.3605, 0.3605, 0.3605, 0.3605, 0.3605, 0.3605, 0.3605, 0.3605, 0.3605, 0.3605, 0.3605, 0.3605, 0.3605, 0.3605, 0.3605, 0.3605, 0.3605, 0.3605, 0.3605, 0.3605, 0.3605, 0.3605, 0.3605]","{""0"": 0.7425, ""1"": 0.3672, ""2"": 0.437, ""3"": 0.311, ""4"": 0.0, ""5"": 0.5615, ""6"": 0.0164, ""7"": 0.4104}","[0.6667, 1.0, 0.75, 0.1111, 0.0, 0.0, 0.0, 0.0, 0.0, 0.8, 0.9231, 0.1, 0.0, 0.0, 0.0909, 0.0, 0.0, 1.0, 0.8889, 0.0, 0.0, 0.0, 0.1667, 0.0, 0.0, 0.8182, 1.0, 0.0, 0.0, 0.0, 0.1667, 0.0, 0.0, 1.0, 1.0, 0.0, 0.0714, 0.0, 0.0, 0.0, 0.0, 1.0, 0.625, 0.0, 0.8, 0.0, 0.0, 0.0, 0.0, 0.7143, 0.0, 0.0, 1.0, 0.0, 0.0, 0.0, 0.0, 0.8889, 0.0, 0.1429, 1.0, 0.0, 0.0, 0.0, 0.0, 1.0, 0.0, 0.0, 0.625, 0.0, 0.1667, 0.0, 0.0, 1.0, 0.1429, 0.25, 0.0, 0.0, 1.0, 0.375, 0.0, 0.8571, 0.25, 0.75, 0.0, 0.0, 0.8889, 0.125, 0.0, 1.0, 0.0, 1.0, 0.0, 0.0, 1.0, 0.0, 0.0, 1.0, 0.0, 0.75, 0.0, 0.0, 1.0, 0.0, 0.4286, 1.0, 0.1111, 0.6667, 0.0, 0.0, 1.0, 0.0, 0.875, 1.0, 0.1111, 0.8333, 0.0, 0.0, 0.8571, 0.0, 0.8, 1.0, 0.0, 0.875, 0.0, 0.0, 0.7, 0.0, 1.0, 0.7778, 0.0, 1.0, 0.0, 0.0, 0.8571, 0.0, 0.6667, 0.9231, 0.0, 0.8182, 0.7143, 0.0, 0.8571, 0.0, 0.0, 0.7778, 0.0, 0.75, 0.875, 0.0, 1.0, 0.0, 0.6667, 0.8571, 0.0, 0.9, 0.8, 0.0, 1.0, 0.0, 1.0, 0.1667, 0.0, 0.6667, 0.7778, 0.0, 1.0, 0.0, 1.0, 0.0, 0.0, 0.8, 1.0, 0.0, 0.7143, 0.0, 1.0, 0.0, 0.0, 0.9286, 1.0, 0.0, 0.8333, 0.0, 0.875, 0.0, 0.0, 0.8333, 0.875, 0.0, 1.0, 0.0, 0.9167, 0.0, 0.0, 0.4, 0.125, 0.0, 1.0, 0.0, 1.0, 0.3, 0.0, 0.1111, 0.0, 0.0, 1.0, 0.0, 1.0, 0.6, 0.2, 0.0, 0.0, 0.0, 1.0, 0.0, 0.9, 1.0, 0.75, 0.0, 0.0, 0.0, 0.375, 0.0, 0.6667, 0.8, 0.8571, 0.1429, 0.0, 0.0, 0.0, 0.0, 0.0, 0.9231, 0.875, 0.0, 0.0, 0.0, 0.0909, 0.0, 0.1429, 0.8333, 1.0, 0.0, 0.0, 0.0, 0.0, 0.0, 0.0833, 0.9375]"
cluster,5,cluster,0.2985,0.2985,0.2985,0.0,36,True,597,0,301,1102,0,"[0.05, 0.072, 0.092, 0.11, 0.1235, 0.139, 0.1525, 0.1645, 0.1745, 0.182, 0.19, 0.2, 0.211, 0.223, 0.237, 0.2485, 0.259, 0.2665, 0.27, 0.273, 0.2765, 0.2795, 0.283, 0.285, 0.286, 0.2865, 0.287, 0.288, 0.289, 0.29, 0.292, 0.294, 0.295, 0.2955, 0.297, 0.2985, 0.2985, 0.2985, 0.2985, 0.2985, 0.2985, 0.2985, 0.2985, 0.2985, 0.2985, 0.2985, 0.2985, 0.2985, 0.2985, 0.2985, 0.2985, 0.2985, 0.2985, 0.2985, 0.2985, 0.2985, 0.2985, 0.2985, 0.2985, 0.2985, 0.2985, 0.2985, 0.2985, 0.2985, 0.2985, 0.2985, 0.2985, 0.2985, 0.2985, 0.2985, 0.2985, 0.2985, 0.2985, 0.2985, 0.2985, 0.2985, 0.2985, 0.2985, 0.2985, 0.2985, 0.2985, 0.2985, 0.2985, 0.2985, 0.2985, 0.2985, 0.2985, 0.2985, 0.2985, 0.2985, 0.2985, 0.2985, 0.2985, 0.2985, 0.2985, 0.2985, 0.2985, 0.2985, 0.2985, 0.2985, 0.2985]","{""0"": 0.5088, ""1"": 0.2227, ""2"": 0.5145, ""3"": 0.0522, ""4"": 0.581, ""5"": 0.2903, ""6"": 0.0502, ""7"": 0.1224}","[0.2222, 0.4, 0.0, 0.125, 0.0, 0.5714, 0.0, 0.0, 0.0, 1.0, 0.0, 0.8571, 0.0, 0.8667, 0.0, 0.0, 0.0, 1.0, 0.0, 1.0, 0.0, 1.0, 0.0, 0.0, 0.0, 1.0, 0.0, 1.0, 0.0, 0.8333, 0.0, 0.0, 0.1429, 0.7143, 0.0, 0.875, 0.0, 0.7273, 0.0, 0.0, 0.3333, 0.9091, 0.0, 1.0, 0.0, 1.0, 0.0, 0.0, 0.0, 1.0, 0.0, 0.6, 1.0, 0.75, 0.0, 0.0, 0.0, 0.8889, 0.0, 0.8, 0.5, 0.8889, 0.0, 0.0, 0.0, 0.0, 0.0, 1.0, 0.0, 0.6, 0.0, 0.0, 0.0, 0.0, 0.0, 0.6667, 0.0, 1.0, 0.1111, 0.0, 0.8333, 0.1, 0.0, 0.5714, 0.0, 1.0, 0.0, 0.0, 1.0, 0.0, 0.0, 1.0, 0.2857, 0.4, 0.0, 0.0, 0.8, 0.0, 0.0, 0.8, 0.0, 0.0, 0.0, 0.0, 1.0, 0.0, 1.0, 0.8571, 0.0, 0.0, 0.0, 0.0, 0.0, 0.0, 0.8333, 1.0, 0.0, 0.1, 0.0, 0.0, 0.0, 0.0, 1.0, 0.75, 0.0, 0.1667, 0.2, 0.0, 0.0, 0.0, 0.875, 1.0, 0.0, 0.0, 0.3, 0.0, 0.0, 0.0, 0.9, 1.0, 0.0, 0.0, 1.0, 0.0, 0.0, 0.0, 0.8333, 0.8, 0.0, 0.0, 0.875, 0.0, 0.0, 0.1818, 0.6, 0.7143, 0.1111, 0.0, 1.0, 0.0, 0.0, 1.0, 1.0, 0.0, 0.0, 0.0, 1.0, 0.0, 0.0, 0.9231, 0.125, 0.0, 0.0, 0.0, 0.7692, 0.0, 0.0, 0.7778, 0.0, 0.0, 0.0, 0.2, 1.0, 0.0, 0.0, 1.0, 0.0, 0.0, 0.0, 0.8, 1.0, 0.1667, 0.0, 0.8571, 0.0, 0.0, 0.0, 0.875, 0.6667, 1.0, 0.0, 1.0, 0.0, 0.0, 0.0, 0.9, 0.8, 0.7143, 0.0, 1.0, 0.0, 0.0, 0.0, 1.0, 0.0, 0.0, 0.0, 1.0, 0.0, 0.0, 0.0, 0.6667, 0.0, 0.0, 0.0, 1.0, 0.0, 0.0, 0.0, 0.9167, 0.0, 0.0, 0.0, 0.4, 0.0, 0.0, 0.0, 1.0, 0.0, 0.0, 0.0, 0.7778, 0.0, 0.0, 0.0, 1.0, 0.0, 0.0, 0.0, 0.0769]"
cluster,6,cluster,0.4365,0.4365,0.4365,0.0,36,True,873,0,295,832,0,"[0.05, 0.0715, 0.0985, 0.1295, 0.154, 0.1805, 0.205, 0.2285, 0.2425, 0.2525, 0.268, 0.2865, 0.2975, 0.309, 0.3205, 0.329, 0.336, 0.3435, 0.3495, 0.3535, 0.3595, 0.3635, 0.367, 0.372, 0.379, 0.3875, 0.396, 0.404, 0.4125, 0.4175, 0.42, 0.4235, 0.4265, 0.4295, 0.434, 0.4365, 0.4365, 0.4365, 0.4365, 0.4365, 0.4365, 0.4365, 0.4365, 0.4365, 0.4365, 0.4365, 0.4365, 0.4365, 0.4365, 0.4365, 0.4365, 0.4365, 0.4365, 0.4365, 0.4365, 0.4365, 0.4365, 0.4365, 0.4365, 0.4365, 0.4365, 0.4365, 0.4365, 0.4365, 0.4365, 0.4365, 0.4365, 0.4365, 0.4365, 0.4365, 0.4365, 0.4365, 0.4365, 0.4365, 0.4365, 0.4365, 0.4365, 0.4365, 0.4365, 0.4365, 0.4365, 0.4365, 0.4365, 0.4365, 0.4365, 0.4365, 0.4365, 0.4365, 0.4365, 0.4365, 0.4365, 0.4365, 0.4365, 0.4365, 0.4365, 0.4365, 0.4365, 0.4365, 0.4365, 0.4365, 0.4365]","{""0"": 0.2383, ""1"": 0.8488, ""2"": 0.5221, ""3"": 0.0331, ""4"": 0.8594, ""5"": 0.1367, ""6"": 0.814, ""7"": 0.0324}","[0.5556, 0.0, 0.9, 1.0, 0.0, 1.0, 0.0, 1.0, 0.0, 0.25, 1.0, 0.8, 0.0, 0.8, 0.0, 0.8571, 0.0, 1.0, 0.6667, 1.0, 0.0, 0.8, 0.0, 0.8, 0.0, 0.0, 0.8182, 0.9167, 0.0, 0.8, 0.0, 1.0, 0.0, 0.0, 0.875, 0.75, 0.2, 0.8889, 0.5714, 0.9091, 0.0833, 0.0, 0.8571, 0.875, 0.1111, 0.875, 1.0, 1.0, 0.0, 0.0, 0.8571, 0.0, 0.0, 0.9091, 0.1667, 0.8, 0.0, 0.0, 1.0, 0.0, 0.0, 0.8333, 0.0, 0.75, 0.125, 0.0, 0.8571, 0.0, 0.0, 0.875, 0.0909, 0.8, 0.1667, 0.1111, 0.7778, 0.125, 0.0, 1.0, 0.0, 1.0, 0.0, 0.0, 0.875, 0.0, 0.0, 0.5, 0.0833, 1.0, 0.1429, 0.0, 1.0, 0.0, 0.1429, 1.0, 0.0, 0.7273, 0.0, 0.1429, 0.75, 0.0, 0.0, 1.0, 0.0, 1.0, 0.1667, 0.5714, 0.8333, 0.0, 0.0, 1.0, 0.0, 0.8, 0.125, 0.75, 0.75, 0.0, 0.0, 0.6364, 0.0, 0.8, 0.1, 1.0, 0.7273, 0.0, 0.0, 0.2, 0.0, 1.0, 0.0, 0.8571, 1.0, 0.0, 0.0, 1.0, 0.0909, 1.0, 0.0, 1.0, 0.75, 0.0, 0.0, 1.0, 0.0, 0.7778, 0.0, 0.7778, 1.0, 0.3333, 0.1, 1.0, 0.0, 1.0, 0.0, 0.25, 0.8571, 0.625, 0.0, 0.75, 0.0, 1.0, 0.0833, 0.0, 0.5556, 0.875, 0.1818, 0.875, 0.1667, 0.8333, 0.0, 0.0, 0.8, 1.0, 0.1667, 0.8889, 0.8, 1.0, 0.0, 0.0, 0.8889, 0.8571, 0.0, 0.8889, 1.0, 0.6667, 0.0, 0.0, 1.0, 0.7143, 0.0, 1.0, 0.8333, 0.1429, 0.0, 0.0, 0.625, 1.0, 0.0, 0.9, 0.0909, 0.0, 0.0, 0.0, 0.75, 1.0, 0.0, 1.0, 0.1111, 0.25, 0.0, 0.0, 1.0, 0.8333, 0.0, 0.7273, 0.125, 0.875, 0.0, 0.0, 0.75, 0.5, 0.0, 0.8182, 0.0, 0.75, 0.0, 0.0, 1.0, 0.8333, 0.0, 0.8571, 0.0, 0.875, 0.0, 0.0, 0.875, 1.0, 0.0, 0.8889, 0.0, 0.75, 0.0, 0.0, 0.8889, 0.8571, 0.0, 0.875, 0.0, 0.875, 0.0, 0.25]"
cluster,7,cluster,0.522,0.522,0.522,0.0,43,True,1044,0,283,673,0,"[0.05, 0.0705, 0.092, 0.1095, 0.1265, 0.146, 0.164, 0.1775, 0.1905, 0.201, 0.211, 0.2265, 0.2425, 0.264, 0.282, 0.296, 0.312, 0.3275, 0.342, 0.359, 0.3735, 0.3835, 0.401, 0.419, 0.4345, 0.4475, 0.453, 0.459, 0.465, 0.468, 0.471, 0.4755, 0.4795, 0.483, 0.487, 0.4925, 0.497, 0.5015, 0.5045, 0.5105, 0.516, 0.52, 0.522, 0.522, 0.522, 0.522, 0.522, 0.522, 0.522, 0.522, 0.522, 0.522, 0.522, 0.522, 0.522, 0.522, 0.522, 0.522, 0.522, 0.522, 0.522, 0.522, 0.522, 0.522, 0.522, 0.522, 0.522, 0.522, 0.522, 0.522, 0.522, 0.522, 0.522, 0.522, 0.522, 0.522, 0.522, 0.522, 0.522, 0.522, 0.522, 0.522, 0.522, 0.522, 0.522, 0.522, 0.522, 0.522, 0.522, 0.522, 0.522, 0.522, 0.522, 0.522, 0.522, 0.522, 0.522, 0.522, 0.522, 0.522, 0.522]","{""0"": 0.5233, ""1"": 0.6008, ""2"": 0.8868, ""3"": 0.4248, ""4"": 0.2194, ""5"": 0.4981, ""6"": 0.8333, ""7"": 0.1417}","[0.6667, 0.0, 0.8333, 0.9, 0.0, 0.75, 1.0, 0.75, 0.0, 1.0, 0.8889, 1.0, 0.0, 0.6667, 0.0, 0.6667, 0.0, 0.8571, 0.6, 0.8333, 0.0, 0.0, 0.0, 1.0, 0.0, 0.75, 1.0, 0.7143, 1.0, 0.0, 0.0, 1.0, 0.0, 0.8, 0.8571, 1.0, 0.8333, 0.0, 0.0, 1.0, 0.0, 1.0, 1.0, 0.6667, 0.6667, 0.0, 0.0, 0.8, 0.0, 1.0, 0.4444, 0.8889, 1.0, 0.0, 0.375, 0.625, 0.0, 1.0, 1.0, 1.0, 1.0, 0.0, 0.875, 0.7143, 0.0, 0.8333, 0.9, 1.0, 0.8571, 0.0, 1.0, 0.8182, 0.0, 0.8889, 0.6667, 0.8182, 1.0, 0.0, 1.0, 1.0, 0.0, 0.8, 0.1, 0.6667, 0.8889, 0.0, 0.8889, 0.875, 0.0, 1.0, 0.0, 1.0, 0.8, 0.0, 0.7143, 0.9, 0.0, 1.0, 0.0, 1.0, 0.8333, 0.0, 0.75, 1.0, 0.7143, 0.8182, 0.0, 0.8182, 1.0, 0.0, 0.6667, 0.7778, 1.0, 1.0, 0.0, 0.8, 0.9, 0.2, 0.9, 0.8, 0.9, 0.625, 0.25, 1.0, 0.3333, 0.3333, 1.0, 0.625, 0.8333, 1.0, 0.0, 0.8889, 0.0, 0.0, 0.8333, 0.7778, 0.375, 1.0, 0.125, 1.0, 0.0, 0.1111, 1.0, 0.7273, 0.1667, 0.5, 0.0, 1.0, 0.125, 0.0, 0.8889, 0.8333, 0.0, 1.0, 0.8571, 0.6667, 0.8571, 0.0909, 0.8, 1.0, 0.0, 0.1, 1.0, 1.0, 0.8333, 0.0, 1.0, 0.75, 0.0, 0.0, 0.6667, 0.6667, 0.8571, 0.0, 0.8889, 1.0, 0.0, 0.0, 0.4286, 0.875, 0.0, 0.1111, 1.0, 0.875, 0.0, 0.0, 0.75, 1.0, 0.0, 0.0, 1.0, 1.0, 0.0, 0.0, 1.0, 0.75, 0.0, 0.0, 0.1429, 0.75, 0.0, 0.0, 0.75, 0.8, 0.0, 1.0, 0.0, 0.9, 0.0, 0.0, 1.0, 0.9167, 0.0, 1.0, 0.0, 0.8889, 0.0, 0.0, 1.0, 0.8889, 0.0, 0.7778, 0.0, 0.8889, 0.0, 0.0, 1.0, 1.0, 0.0, 0.7143, 0.1667, 0.625, 0.0, 0.0, 0.75, 1.0, 0.0, 0.7143, 0.0, 0.8, 0.0, 0.0, 1.0, 0.9, 0.0, 0.8889, 0.0, 0.75, 0.0, 0.0]"
cluster,8,cluster,0.435,0.435,0.435,0.0,34,True,870,0,281,849,0,"[0.05, 0.0685, 0.09, 0.1115, 0.1285, 0.149, 0.1705, 0.194, 0.216, 0.228, 0.236, 0.242, 0.2485, 0.2535, 0.262, 0.2715, 0.28, 0.291, 0.304, 0.32, 0.3385, 0.3515, 0.365, 0.3785, 0.3945, 0.4085, 0.419, 0.4235, 0.4265, 0.4305, 0.433, 0.434, 0.4345, 0.435, 0.435, 0.435, 0.435, 0.435, 0.435, 0.435, 0.435, 0.435, 0.435, 0.435, 0.435, 0.435, 0.435, 0.435, 0.435, 0.435, 0.435, 0.435, 0.435, 0.435, 0.435, 0.435, 0.435, 0.435, 0.435, 0.435, 0.435, 0.435, 0.435, 0.435, 0.435, 0.435, 0.435, 0.435, 0.435, 0.435, 0.435, 0.435, 0.435, 0.435, 0.435, 0.435, 0.435, 0.435, 0.435, 0.435, 0.435, 0.435, 0.435, 0.435, 0.435, 0.435, 0.435, 0.435, 0.435, 0.435, 0.435, 0.435, 0.435, 0.435, 0.435, 0.435, 0.435, 0.435, 0.435, 0.435, 0.435]","{""0"": 0.0078, ""1"": 0.6413, ""2"": 0.5357, ""3"": 0.6906, ""4"": 0.4677, ""5"": 0.2472, ""6"": 0.888, ""7"": 0.0084}","[0.7778, 0.0, 1.0, 0.7778, 0.0, 0.9, 0.0, 0.7778, 0.0, 0.1429, 0.9, 0.875, 0.1429, 0.8571, 0.0, 0.8333, 0.0, 0.0, 1.0, 1.0, 0.25, 0.75, 0.0, 1.0, 0.0, 0.0, 0.8333, 1.0, 1.0, 1.0, 0.0, 0.7273, 0.0, 0.0, 1.0, 0.6667, 1.0, 0.875, 0.0, 1.0, 0.0, 0.0, 0.2, 0.1667, 1.0, 1.0, 0.0, 0.7778, 0.0, 0.0, 0.0, 0.0, 0.6667, 1.0, 0.0, 0.75, 0.0, 0.0, 0.0, 0.0, 0.8, 0.8571, 0.0, 1.0, 0.0, 0.0, 0.0, 0.0, 0.7692, 0.875, 0.0, 1.0, 0.0, 0.0, 0.125, 0.0, 1.0, 0.2857, 0.0, 0.8571, 0.0, 0.0, 0.1429, 0.0, 1.0, 0.0, 0.0, 0.8333, 0.0, 0.0, 0.0, 0.0, 0.8, 0.125, 0.0, 1.0, 0.0, 0.0, 0.0, 0.0, 0.9231, 0.0, 0.0, 0.9167, 0.0, 0.0, 0.0, 0.0, 0.6, 0.125, 0.8889, 1.0, 0.0, 0.0, 1.0, 0.0, 0.8889, 0.0, 0.875, 1.0, 0.0, 0.0, 0.8, 0.0, 0.6667, 0.1667, 1.0, 0.8333, 0.0, 0.0, 0.8333, 0.0, 0.8333, 0.0, 0.8333, 1.0, 0.0, 0.0, 1.0, 0.0, 1.0, 0.0, 0.1111, 0.8, 0.1538, 0.0, 1.0, 0.6667, 0.8889, 0.1111, 0.0, 0.8, 0.0, 0.0, 0.6, 1.0, 0.9375, 0.0, 0.0, 1.0, 0.0, 0.0, 1.0, 1.0, 1.0, 0.0, 0.0, 0.8889, 0.0, 0.1, 0.875, 1.0, 0.875, 0.0, 0.0, 0.9, 0.0, 0.0, 1.0, 0.8571, 0.875, 0.0, 0.1667, 1.0, 0.0, 0.0, 0.8571, 1.0, 1.0, 0.7778, 1.0, 0.75, 0.0, 0.0, 1.0, 1.0, 0.75, 1.0, 1.0, 0.875, 0.0, 0.0, 1.0, 0.7143, 0.8571, 1.0, 1.0, 0.7778, 0.0, 0.0, 1.0, 0.8889, 0.0, 0.8, 0.75, 0.625, 0.0, 0.0, 0.75, 0.9, 0.375, 1.0, 0.4, 1.0, 0.0, 0.0, 0.7143, 0.9167, 0.0, 0.7143, 0.1111, 0.8125, 0.0, 0.0, 0.7778, 0.8889, 0.0, 0.875, 0.0, 1.0, 0.0, 0.0, 1.0, 0.8571, 0.0, 0.8889, 0.0, 1.0, 0.0, 0.0]"
cluster,9,cluster,0.337,0.337,0.337,-0.0,42,True,674,0,296,1030,0,"[0.05, 0.0725, 0.0965, 0.1265, 0.1555, 0.1745, 0.186, 0.198, 0.211, 0.2245, 0.2355, 0.2425, 0.248, 0.2545, 0.261, 0.267, 0.2705, 0.276, 0.281, 0.2875, 0.291, 0.295, 0.298, 0.3015, 0.3035, 0.3055, 0.3065, 0.308, 0.311, 0.3135, 0.3155, 0.3195, 0.324, 0.327, 0.329, 0.333, 0.3345, 0.335, 0.3355, 0.336, 0.3365, 0.337, 0.337, 0.337, 0.337, 0.337, 0.337, 0.337, 0.337, 0.337, 0.337, 0.337, 0.337, 0.337, 0.337, 0.337, 0.337, 0.337, 0.337, 0.337, 0.337, 0.337, 0.337, 0.337, 0.337, 0.337, 0.337, 0.337, 0.337, 0.337, 0.337, 0.337, 0.337, 0.337, 0.337, 0.337, 0.337, 0.337, 0.337, 0.337, 0.337, 0.337, 0.337, 0.337, 0.337, 0.337, 0.337, 0.337, 0.337, 0.337, 0.337, 0.337, 0.337, 0.337, 0.337, 0.337, 0.337, 0.337, 0.337, 0.337, 0.337]","{""0"": 0.3636, ""1"": 0.2702, ""2"": 0.2052, ""3"": 0.3968, ""4"": 0.2023, ""5"": 0.6299, ""6"": 0.374, ""7"": 0.2365}","[0.4444, 0.0, 0.0, 0.0, 0.1667, 0.0, 0.9091, 0.0, 0.0, 0.0, 0.0, 0.0, 0.0, 0.1667, 1.0, 0.0, 0.0, 0.0, 0.6, 0.0, 0.125, 0.0, 0.5714, 0.0, 0.0, 0.0, 0.75, 0.0, 0.0, 0.1667, 0.2, 0.1, 0.0, 0.0, 0.875, 0.0, 0.0, 0.0, 0.0, 0.0, 0.0, 0.0, 0.7143, 0.0, 0.0, 0.0, 0.0, 0.0, 0.0, 0.0, 1.0, 0.0, 0.0, 0.0, 0.0, 0.0, 0.0, 0.0, 1.0, 0.0, 0.0, 0.0, 0.0, 0.0, 0.0, 0.0, 0.875, 0.0, 0.1, 0.0, 0.0, 0.0, 0.0, 0.0, 0.8, 0.0, 0.0, 0.0, 0.0, 0.0, 0.0, 0.0, 1.0, 0.0, 0.2857, 0.0, 0.0, 0.0, 0.0, 0.0, 0.8333, 0.2, 0.875, 0.0667, 0.5, 0.0, 0.0, 0.125, 0.1429, 0.6, 1.0, 0.0, 0.8571, 0.0, 0.0, 0.0, 0.0, 0.75, 0.75, 0.0, 1.0, 0.6667, 0.0, 0.0, 0.0, 1.0, 0.8889, 0.0, 0.9, 1.0, 0.0, 0.5, 0.0, 1.0, 0.625, 0.0, 0.8333, 0.9167, 0.0, 1.0, 0.0, 1.0, 1.0, 0.0, 1.0, 1.0, 0.0, 1.0, 0.0, 0.7778, 1.0, 0.0, 0.9091, 1.0, 0.0, 1.0, 0.0, 1.0, 1.0, 0.0, 0.5455, 1.0, 0.0, 0.8571, 0.0, 0.6, 0.8333, 0.3333, 0.6429, 0.75, 0.0, 0.9091, 0.0, 0.0, 0.8182, 0.0, 0.8, 1.0, 0.0, 0.8889, 0.0, 0.0, 0.8889, 0.0, 0.7778, 1.0, 0.0, 0.6667, 0.0, 0.0, 0.7143, 0.1429, 0.25, 0.8, 0.8333, 0.6667, 0.0, 0.0, 0.1111, 1.0, 1.0, 0.8182, 0.8571, 0.5, 0.0, 0.0, 0.0, 0.875, 0.8333, 0.8, 0.875, 0.9231, 0.0, 0.1667, 0.0, 1.0, 0.8333, 0.3636, 1.0, 1.0, 0.0, 0.0, 0.0, 0.7778, 1.0, 0.5, 1.0, 0.8333, 0.0, 0.0, 0.0, 1.0, 0.7778, 0.1111, 0.875, 0.0, 0.0, 0.0, 0.0, 1.0, 0.8571, 0.0, 1.0, 0.0, 0.0, 0.0, 0.0, 0.6, 1.0, 0.0, 1.0, 0.0, 0.0, 0.0, 0.0, 0.0, 0.8889, 0.0, 0.1111, 0.0]"
cluster,10,cluster,0.374,0.374,0.374,0.0,44,True,748,0,289,963,0,"[0.05, 0.0755, 0.103, 0.121, 0.129, 0.1395, 0.1535, 0.164, 0.1795, 0.193, 0.201, 0.2095, 0.22, 0.2285, 0.236, 0.243, 0.249, 0.255, 0.2605, 0.2665, 0.2705, 0.2755, 0.2795, 0.2855, 0.293, 0.2985, 0.3025, 0.3095, 0.316, 0.3235, 0.3275, 0.33, 0.333, 0.3355, 0.338, 0.3415, 0.347, 0.3515, 0.358, 0.367, 0.3705, 0.372, 0.3735, 0.374, 0.374, 0.374, 0.374, 0.374, 0.374, 0.374, 0.374, 0.374, 0.374, 0.374, 0.374, 0.374, 0.374, 0.374, 0.374, 0.374, 0.374, 0.374, 0.374, 0.374, 0.374, 0.374, 0.374, 0.374, 0.374, 0.374, 0.374, 0.374, 0.374, 0.374, 0.374, 0.374, 0.374, 0.374, 0.374, 0.374, 0.374, 0.374, 0.374, 0.374, 0.374, 0.374, 0.374, 0.374, 0.374, 0.374, 0.374, 0.374, 0.374, 0.374, 0.374, 0.374, 0.374, 0.374, 0.374, 0.374, 0.374]","{""0"": 0.229, ""1"": 0.4669, ""2"": 0.0163, ""3"": 0.6174, ""4"": 0.6552, ""5"": 0.8522, ""6"": 0.008, ""7"": 0.1348}","[0.3333, 0.8, 0.75, 0.0, 0.0, 1.0, 1.0, 0.0, 0.0, 0.0909, 1.0, 0.0, 0.0, 0.9091, 0.8333, 0.0, 0.0, 0.0, 0.8571, 0.0, 0.0, 1.0, 1.0, 0.0, 0.0, 0.0, 1.0, 0.0, 0.0, 0.8889, 1.0, 0.0, 0.0, 0.0, 0.75, 0.0, 0.0, 0.5714, 0.9091, 0.0, 0.0, 0.1, 1.0, 0.0, 0.0, 1.0, 0.875, 0.0, 0.0, 0.0, 0.75, 0.0, 0.0833, 0.8571, 0.8, 0.0, 0.0, 0.0, 0.1667, 0.0, 0.7273, 0.7778, 0.75, 0.0, 0.0, 0.0, 0.0714, 0.0, 1.0, 1.0, 0.6667, 0.0, 0.0, 0.0, 0.0, 0.0, 0.75, 0.8, 0.8, 0.0, 0.0, 0.0, 0.0, 0.0, 1.0, 0.875, 0.8571, 0.0, 0.0, 0.0, 0.0, 0.0, 1.0, 1.0, 0.8333, 0.0, 0.0, 0.0, 0.0, 0.0, 0.8, 0.8889, 0.75, 0.0, 0.0, 0.0, 0.0, 0.0, 1.0, 1.0, 1.0, 0.0, 0.0, 0.0, 0.1111, 0.0, 1.0, 1.0, 0.875, 0.0, 0.0, 0.0, 1.0, 0.0, 0.875, 0.75, 0.875, 0.0, 0.0, 0.0, 1.0, 0.0, 0.7778, 0.2, 1.0, 0.0, 0.0, 0.0, 1.0, 0.0, 0.6, 0.1667, 0.5556, 0.0, 0.0, 0.0, 0.625, 0.0, 0.8889, 0.0, 0.5, 0.0, 0.6, 0.0, 0.0, 0.0, 1.0, 0.0, 0.8, 0.0, 0.7778, 0.0, 0.0, 0.0833, 0.8, 0.0, 0.625, 0.0, 0.6, 0.0, 0.0, 0.1429, 0.8889, 0.0, 1.0, 0.1667, 1.0, 0.1429, 0.0, 0.1818, 0.6667, 0.0, 0.9, 0.0, 1.0, 0.4, 0.0, 0.0, 1.0, 0.0, 1.0, 0.0, 0.5, 0.4286, 0.0, 0.0, 0.9, 0.0, 0.6667, 0.0, 0.0, 1.0, 0.8, 0.0, 1.0, 0.2857, 1.0, 0.0, 0.0, 1.0, 0.875, 0.0, 0.8333, 0.8, 0.6667, 0.0, 0.0, 0.6667, 0.5455, 0.0, 0.8889, 0.7273, 1.0, 0.0, 0.0, 1.0, 1.0, 0.0, 1.0, 0.8889, 1.0, 0.0, 0.0909, 0.6364, 1.0, 0.0, 1.0, 1.0, 1.0, 0.0833, 0.0, 1.0, 0.9, 0.0, 0.0, 1.0, 1.0, 0.0, 0.0, 0.625]"
cluster,11,cluster,0.7895,0.7895,0.7895,-0.0,52,True,1579,0,295,126,0,"[0.05, 0.072, 0.103, 0.1365, 0.1695, 0.199, 0.2215, 0.252, 0.281, 0.3055, 0.329, 0.352, 0.3745, 0.3985, 0.4215, 0.4455, 0.4645, 0.481, 0.4995, 0.5235, 0.5415, 0.5515, 0.5635, 0.5775, 0.5945, 0.608, 0.6225, 0.634, 0.6445, 0.6545, 0.6625, 0.667, 0.673, 0.677, 0.6825, 0.687, 0.6915, 0.696, 0.7, 0.7075, 0.713, 0.718, 0.724, 0.7295, 0.7355, 0.744, 0.754, 0.7645, 0.7745, 0.7825, 0.7875, 0.7895, 0.7895, 0.7895, 0.7895, 0.7895, 0.7895, 0.7895, 0.7895, 0.7895, 0.7895, 0.7895, 0.7895, 0.7895, 0.7895, 0.7895, 0.7895, 0.7895, 0.7895, 0.7895, 0.7895, 0.7895, 0.7895, 0.7895, 0.7895, 0.7895, 0.7895, 0.7895, 0.7895, 0.7895, 0.7895, 0.7895, 0.7895, 0.7895, 0.7895, 0.7895, 0.7895, 0.7895, 0.7895, 0.7895, 0.7895, 0.7895, 0.7895, 0.7895, 0.7895, 0.7895, 0.7895, 0.7895, 0.7895, 0.7895, 0.7895]","{""0"": 0.8403, ""1"": 0.8729, ""2"": 0.8417, ""3"": 0.8462, ""4"": 0.8496, ""5"": 0.8702, ""6"": 0.8607, ""7"": 0.3182}","[0.8889, 0.9091, 0.875, 1.0, 1.0, 1.0, 0.8182, 0.8182, 1.0, 0.875, 0.7143, 0.9091, 0.7143, 0.9091, 0.7778, 0.8, 1.0, 0.8125, 0.8571, 1.0, 0.75, 1.0, 0.8, 0.8, 1.0, 0.7273, 0.6667, 1.0, 1.0, 0.8, 0.8571, 0.875, 0.5556, 0.7, 1.0, 0.8182, 0.9091, 0.7778, 0.9167, 1.0, 0.0, 1.0, 1.0, 1.0, 1.0, 1.0, 1.0, 0.8571, 0.0, 0.8333, 1.0, 0.8333, 1.0, 0.8889, 0.8, 0.8571, 0.0, 0.9, 0.8, 0.8571, 0.8571, 0.8, 1.0, 1.0, 0.0, 0.7143, 0.6667, 0.9, 0.6667, 0.7143, 0.7, 0.7143, 0.0, 0.8333, 0.8571, 1.0, 0.8571, 1.0, 0.8333, 0.5, 0.0, 1.0, 0.9091, 1.0, 1.0, 0.8333, 1.0, 0.8182, 0.0, 0.4, 0.8571, 1.0, 0.5, 0.75, 1.0, 0.6667, 0.0, 0.875, 1.0, 0.8182, 0.875, 1.0, 0.8333, 0.8333, 0.0, 0.875, 1.0, 0.7, 1.0, 0.9, 1.0, 1.0, 0.0, 1.0, 0.5714, 0.375, 0.875, 0.75, 1.0, 1.0, 0.0, 1.0, 1.0, 0.8571, 1.0, 1.0, 0.6667, 1.0, 0.0, 0.8571, 1.0, 0.625, 0.9231, 1.0, 0.7, 0.9091, 0.0, 1.0, 1.0, 0.8, 0.9, 0.5, 0.9, 0.8, 0.2, 0.7143, 1.0, 0.875, 0.7778, 0.8, 0.8571, 0.75, 0.0, 0.4444, 0.875, 0.875, 0.875, 0.8571, 0.8571, 0.6667, 0.0, 0.625, 0.9091, 0.8333, 0.7143, 0.875, 0.8889, 1.0, 0.0, 1.0, 0.7778, 0.8889, 0.8333, 1.0, 0.8333, 0.8571, 0.0, 0.8889, 0.8889, 0.8889, 0.6667, 0.8889, 0.9, 0.8, 0.0833, 0.8182, 0.8889, 0.625, 0.8571, 0.7778, 1.0, 0.8333, 0.8889, 0.8125, 1.0, 0.8667, 0.75, 0.625, 0.8889, 0.6667, 1.0, 1.0, 1.0, 0.75, 0.8, 0.7143, 1.0, 1.0, 0.625, 0.8333, 0.625, 0.7778, 0.8, 0.9091, 0.875, 1.0, 1.0, 0.7778, 0.5, 0.8333, 1.0, 0.8333, 0.75, 0.8, 1.0, 0.875, 0.875, 0.625, 0.7273, 0.8889, 0.875, 1.0, 0.8, 1.0, 1.0, 1.0, 0.6667, 0.6, 1.0, 1.0, 0.875, 1.0, 0.8571, 0.875, 0.75, 0.9, 0.8889, 1.0, 1.0, 1.0]"
cluster,12,cluster,0.5725,0.5725,0.5725,0.0,46,True,1145,0,267,588,0,"[0.05, 0.0765, 0.105, 0.132, 0.161, 0.1895, 0.219, 0.248, 0.273, 0.295, 0.3155, 0.334, 0.3505, 0.3675, 0.38, 0.393, 0.409, 0.425, 0.4425, 0.4595, 0.469, 0.475, 0.4825, 0.4875, 0.493, 0.5, 0.503, 0.5065, 0.5105, 0.5145, 0.5185, 0.5215, 0.525, 0.529, 0.533, 0.5365, 0.54, 0.5425, 0.5455, 0.551, 0.5595, 0.5645, 0.5695, 0.571, 0.572, 0.5725, 0.5725, 0.5725, 0.5725, 0.5725, 0.5725, 0.5725, 0.5725, 0.5725, 0.5725, 0.5725, 0.5725, 0.5725, 0.5725, 0.5725, 0.5725, 0.5725, 0.5725, 0.5725, 0.5725, 0.5725, 0.5725, 0.5725, 0.5725, 0.5725, 0.5725, 0.5725, 0.5725, 0.5725, 0.5725, 0.5725, 0.5725, 0.5725, 0.5725, 0.5725, 0.5725, 0.5725, 0.5725, 0.5725, 0.5725, 0.5725, 0.5725, 0.5725, 0.5725, 0.5725, 0.5725, 0.5725, 0.5725, 0.5725, 0.5725, 0.5725, 0.5725, 0.5725, 0.5725, 0.5725, 0.5725]","{""0"": 0.8785, ""1"": 0.1592, ""2"": 0.4225, ""3"": 0.6439, ""4"": 0.8879, ""5"": 0.873, ""6"": 0.063, ""7"": 0.6802}","[0.5556, 0.9091, 0.0, 0.0, 1.0, 1.0, 0.9, 0.1429, 0.8462, 0.9, 0.0, 0.0, 0.7778, 1.0, 0.9286, 0.0, 1.0, 0.5714, 0.0, 0.0, 0.75, 0.8333, 0.9, 0.0, 0.7143, 0.7778, 0.0, 0.0, 0.9, 0.8889, 1.0, 0.0, 0.6, 0.8, 0.0, 0.0, 0.9, 1.0, 0.8182, 0.0, 0.6667, 0.8462, 0.0, 0.0, 1.0, 1.0, 0.75, 0.0, 1.0, 0.8571, 0.0, 0.0, 0.5714, 1.0, 0.6667, 0.0, 1.0, 1.0, 0.0, 0.0, 0.0, 1.0, 0.9, 0.0, 0.8571, 1.0, 0.0, 0.3333, 0.0, 1.0, 0.8, 0.0, 1.0, 0.8, 0.0, 0.0, 0.0, 0.8333, 0.875, 0.0, 1.0, 1.0, 0.0, 0.0, 0.0, 0.8889, 1.0, 0.0, 0.9167, 0.9, 0.0, 0.0, 0.0, 0.8333, 1.0, 0.0, 0.75, 0.8, 0.0, 0.1429, 0.0, 1.0, 0.5, 0.0769, 0.8333, 0.7778, 0.0, 0.0, 0.1429, 0.8571, 0.9091, 0.0, 0.5, 0.6667, 0.0, 0.125, 0.8571, 0.8333, 1.0, 0.0, 1.0, 0.8889, 0.0, 0.0769, 0.75, 0.5714, 1.0, 0.0, 0.8571, 1.0, 0.0, 0.8333, 0.8889, 0.75, 0.8889, 0.0, 0.3333, 0.8, 0.0, 1.0, 1.0, 0.75, 1.0, 0.0, 0.8333, 1.0, 0.0, 0.875, 1.0, 0.875, 1.0, 0.0, 1.0, 1.0, 0.8571, 0.9, 1.0, 1.0, 0.7143, 0.0, 1.0, 1.0, 0.8571, 1.0, 0.75, 0.6667, 1.0, 0.0, 1.0, 0.875, 1.0, 0.8571, 1.0, 0.8889, 0.9091, 0.0, 0.6, 1.0, 1.0, 0.7778, 1.0, 1.0, 0.8333, 0.0, 0.0, 1.0, 0.8571, 0.8571, 0.8889, 1.0, 0.6667, 0.0, 0.0833, 0.7778, 0.5, 1.0, 0.7778, 0.75, 0.7143, 0.0, 0.0, 0.875, 0.0, 1.0, 0.9, 0.6, 0.8, 0.0, 0.0, 0.8571, 0.0, 0.7857, 1.0, 1.0, 1.0, 0.8571, 0.0, 0.8571, 0.0, 1.0, 0.7, 0.8333, 0.8333, 1.0, 0.5, 0.875, 0.0, 0.875, 0.8, 1.0, 1.0, 0.0, 0.8571, 1.0, 0.0, 1.0, 1.0, 1.0, 1.0, 0.0, 0.8889, 1.0, 0.0, 0.0, 0.5714, 0.6667, 0.9, 0.0, 1.0, 0.75]"
cluster,13,cluster,0.5005,0.5005,0.5005,0.0,43,True,1001,0,294,705,0,"[0.05, 0.07, 0.091, 0.114, 0.138, 0.1645, 0.1845, 0.2035, 0.221, 0.241, 0.2585, 0.2725, 0.2895, 0.3055, 0.319, 0.327, 0.3385, 0.3485, 0.357, 0.363, 0.373, 0.382, 0.392, 0.402, 0.41, 0.4165, 0.4235, 0.4325, 0.4455, 0.456, 0.464, 0.472, 0.48, 0.4845, 0.488, 0.492, 0.495, 0.496, 0.4965, 0.497, 0.498, 0.5, 0.5005, 0.5005, 0.5005, 0.5005, 0.5005, 0.5005, 0.5005, 0.5005, 0.5005, 0.5005, 0.5005, 0.5005, 0.5005, 0.5005, 0.5005, 0.5005, 0.5005, 0.5005, 0.5005, 0.5005, 0.5005, 0.5005, 0.5005, 0.5005, 0.5005, 0.5005, 0.5005, 0.5005, 0.5005, 0.5005, 0.5005, 0.5005, 0.5005, 0.5005, 0.5005, 0.5005, 0.5005, 0.5005, 0.5005, 0.5005, 0.5005, 0.5005, 0.5005, 0.5005, 0.5005, 0.5005, 0.5005, 0.5005, 0.5005, 0.5005, 0.5005, 0.5005, 0.5005, 0.5005, 0.5005, 0.5005, 0.5005, 0.5005, 0.5005]","{""0"": 0.3891, ""1"": 0.5359, ""2"": 0.7748, ""3"": 0.1795, ""4"": 0.784, ""5"": 0.8486, ""6"": 0.0779, ""7"": 0.3788}","[0.7778, 1.0, 1.0, 0.7857, 0.625, 0.75, 0.9, 0.0, 0.0, 0.5, 1.0, 1.0, 1.0, 0.8, 0.8333, 0.0, 0.0, 0.0, 1.0, 1.0, 0.75, 0.625, 0.875, 0.0, 0.0, 0.0, 0.75, 0.9, 0.75, 1.0, 0.8571, 0.2222, 0.0714, 0.0, 1.0, 0.875, 0.8333, 1.0, 0.8, 0.0, 0.0, 0.0, 0.8571, 0.7778, 0.6667, 0.9, 0.75, 0.0, 0.0, 0.0, 0.875, 0.8, 0.0, 1.0, 0.7778, 0.0, 0.0, 0.1111, 0.7778, 1.0, 0.125, 0.8, 0.8571, 1.0, 0.1429, 0.0, 0.8333, 0.875, 0.1667, 0.3333, 0.8571, 0.5556, 0.0909, 0.0, 1.0, 0.8571, 0.0, 0.1429, 1.0, 0.0, 0.7778, 0.1429, 0.6, 0.1111, 0.0, 0.0, 0.8333, 0.0, 0.8889, 0.0, 0.1, 0.0, 0.0, 0.0, 0.6667, 0.125, 0.875, 0.0, 0.0, 0.0, 0.3333, 0.2222, 1.0, 0.0, 0.8889, 0.0, 0.0, 0.0, 0.0, 1.0, 0.7778, 0.0, 1.0, 0.0, 0.0, 1.0, 0.0, 0.8571, 1.0, 0.0909, 1.0, 0.0, 0.0, 1.0, 0.1, 0.8571, 0.6667, 0.0, 1.0, 0.4, 0.0, 0.9167, 0.0, 0.9, 0.8, 0.0, 0.5, 0.875, 0.2857, 1.0, 0.0, 0.8182, 1.0, 0.0, 0.875, 1.0, 1.0, 0.875, 0.1667, 0.75, 0.5556, 0.0, 0.7143, 0.5, 0.0, 1.0, 0.0, 1.0, 0.8571, 0.0, 1.0, 0.8, 0.0, 0.7, 0.0909, 0.8571, 0.8889, 0.1, 1.0, 0.8571, 0.0, 0.8462, 0.0, 0.8, 1.0, 0.0, 0.8182, 0.5714, 0.0, 1.0, 0.0, 1.0, 0.8333, 0.0, 0.0, 1.0, 0.6667, 0.625, 0.0, 1.0, 0.9167, 0.0, 0.125, 0.4286, 1.0, 0.8571, 0.0769, 0.9167, 0.9286, 0.0, 0.0, 0.0, 0.6667, 1.0, 0.0, 1.0, 1.0, 0.0, 0.0, 0.0, 1.0, 1.0, 0.0, 0.8333, 0.9, 0.0, 0.0, 0.75, 0.8, 0.8, 0.0, 0.8889, 0.75, 0.0, 0.0, 0.9, 1.0, 0.8, 0.0, 1.0, 0.8, 0.0, 0.0, 1.0, 0.5556, 0.75, 0.0, 1.0, 0.6667, 0.0, 0.3333, 1.0, 0.8, 1.0, 0.1429, 0.6667, 0.8889, 0.0, 0.1111, 0.9091]"
cluster,14,cluster,0.6115,0.6115,0.6115,-0.0,37,True,1223,0,268,509,0,"[0.05, 0.0705, 0.0955, 0.119, 0.144, 0.1725, 0.1925, 0.2155, 0.2345, 0.253, 0.2745, 0.3, 0.323, 0.344, 0.3665, 0.3875, 0.406, 0.4235, 0.438, 0.4515, 0.468, 0.485, 0.505, 0.521, 0.5385, 0.552, 0.5595, 0.565, 0.572, 0.5785, 0.585, 0.5905, 0.5965, 0.5995, 0.607, 0.611, 0.6115, 0.6115, 0.6115, 0.6115, 0.6115, 0.6115, 0.6115, 0.6115, 0.6115, 0.6115, 0.6115, 0.6115, 0.6115, 0.6115, 0.6115, 0.6115, 0.6115, 0.6115, 0.6115, 0.6115, 0.6115, 0.6115, 0.6115, 0.6115, 0.6115, 0.6115, 0.6115, 0.6115, 0.6115, 0.6115, 0.6115, 0.6115, 0.6115, 0.6115, 0.6115, 0.6115, 0.6115, 0.6115, 0.6115, 0.6115, 0.6115, 0.6115, 0.6115, 0.6115, 0.6115, 0.6115, 0.6115, 0.6115, 0.6115, 0.6115, 0.6115, 0.6115, 0.6115, 0.6115, 0.6115, 0.6115, 0.6115, 0.6115, 0.6115, 0.6115, 0.6115, 0.6115, 0.6115, 0.6115, 0.6115]","{""0"": 0.6873, ""1"": 0.85, ""2"": 0.1908, ""3"": 0.8771, ""4"": 0.2645, ""5"": 0.6721, ""6"": 0.8967, ""7"": 0.5232}","[0.7778, 0.8, 0.8889, 0.0, 1.0, 0.0, 0.8333, 0.875, 0.0, 1.0, 1.0, 0.0, 1.0, 0.0, 1.0, 1.0, 0.0, 0.8, 1.0, 0.5, 1.0, 0.0, 0.9091, 0.8571, 0.0, 0.8, 0.875, 0.8, 0.8889, 0.0909, 0.125, 0.8333, 0.0, 1.0, 0.8, 0.0, 0.7778, 0.0, 0.0, 0.9333, 0.0, 1.0, 1.0, 0.0, 0.8182, 0.0, 0.0, 0.7692, 0.3333, 0.75, 0.5714, 0.0, 1.0, 0.0, 0.0, 0.7143, 0.8571, 0.875, 0.75, 0.0, 1.0, 0.0, 0.0, 1.0, 0.7143, 1.0, 1.0, 0.0, 0.8333, 0.0, 0.0, 0.5714, 1.0, 0.5714, 0.6667, 0.0, 0.875, 0.1429, 0.0, 1.0, 1.0, 0.9, 0.7143, 0.0, 0.875, 0.1667, 0.1111, 0.75, 0.6, 1.0, 1.0, 0.6667, 0.8333, 0.0, 0.7143, 0.8571, 0.6, 1.0, 0.75, 1.0, 0.4, 0.0, 0.8889, 0.8889, 0.8, 0.75, 0.9091, 0.875, 1.0, 0.0, 0.8, 1.0, 1.0, 0.8571, 0.875, 1.0, 1.0, 0.0, 0.9, 0.875, 0.8, 1.0, 1.0, 0.9, 1.0, 0.125, 0.7143, 1.0, 0.8889, 1.0, 0.7143, 0.875, 0.8571, 0.8571, 1.0, 0.8333, 0.8571, 0.6, 0.75, 0.0, 1.0, 0.75, 1.0, 1.0, 0.5714, 0.7273, 0.8889, 0.0, 0.8889, 0.875, 0.75, 1.0, 0.8333, 0.9091, 0.8333, 0.0, 1.0, 1.0, 1.0, 0.875, 0.9, 0.75, 0.7778, 0.0, 0.5556, 1.0, 1.0, 1.0, 0.8, 0.6, 1.0, 0.0, 0.75, 1.0, 0.75, 1.0, 0.875, 0.1111, 0.7143, 0.0, 0.8, 0.875, 1.0, 1.0, 0.9, 0.0, 0.9231, 0.0, 1.0, 0.75, 0.8333, 0.8571, 0.8571, 0.0, 1.0, 0.0, 1.0, 1.0, 0.8571, 1.0, 0.875, 0.0909, 0.875, 0.0, 0.8889, 0.1667, 1.0, 0.8333, 0.8333, 0.0, 1.0, 0.0, 0.7778, 0.0, 0.8571, 1.0, 0.0, 0.0, 0.7143, 0.0, 0.8571, 0.0, 0.8182, 1.0, 0.0, 1.0, 0.75, 0.0, 0.875, 0.0, 1.0, 0.875, 0.0, 1.0, 0.625, 0.0, 0.8571, 0.0, 1.0, 0.9091, 0.0, 1.0, 0.7143, 0.0, 0.8, 0.0, 0.8889, 1.0, 0.0, 0.9]"
cluster,15,cluster,0.279,0.279,0.279,0.0,21,True,558,0,275,1167,0,"[0.05, 0.069, 0.086, 0.103, 0.1215, 0.138, 0.157, 0.174, 0.1915, 0.206, 0.222, 0.232, 0.2375, 0.2425, 0.251, 0.2605, 0.2685, 0.273, 0.2775, 0.2785, 0.279, 0.279, 0.279, 0.279, 0.279, 0.279, 0.279, 0.279, 0.279, 0.279, 0.279, 0.279, 0.279, 0.279, 0.279, 0.279, 0.279, 0.279, 0.279, 0.279, 0.279, 0.279, 0.279, 0.279, 0.279, 0.279, 0.279, 0.279, 0.279, 0.279, 0.279, 0.279, 0.279, 0.279, 0.279, 0.279, 0.279, 0.279, 0.279, 0.279, 0.279, 0.279, 0.279, 0.279, 0.279, 0.279, 0.279, 0.279, 0.279, 0.279, 0.279, 0.279, 0.279, 0.279, 0.279, 0.279, 0.279, 0.279, 0.279, 0.279, 0.279, 0.279, 0.279, 0.279, 0.279, 0.279, 0.279, 0.279, 0.279, 0.279, 0.279, 0.279, 0.279, 0.279, 0.279, 0.279, 0.279, 0.279, 0.279, 0.279, 0.279]","{""0"": 0.1264, ""1"": 0.8408, ""2"": 0.5803, ""3"": 0.0078, ""4"": 0.3942, ""5"": 0.0375, ""6"": 0.0, ""7"": 0.2103}","[0.3333, 0.0, 0.7143, 0.625, 0.0, 0.0, 0.0, 0.0, 0.0, 0.0, 0.7778, 1.0, 0.0, 0.0, 0.0, 0.0, 0.0, 0.0, 1.0, 0.75, 0.1, 0.0, 0.0, 0.0, 0.0, 0.0, 1.0, 0.0, 0.0, 0.0, 0.125, 0.0, 0.0, 0.0, 1.0, 0.6, 0.1111, 0.0, 0.0, 0.0, 0.0, 0.0, 1.0, 0.0, 0.0, 0.0, 0.0, 0.0, 0.0, 0.0, 0.8333, 0.0, 0.0, 0.0, 0.0, 0.0, 0.0, 0.0, 0.9231, 0.0, 0.0, 0.0, 0.0, 0.0, 0.0, 0.0, 1.0, 0.0, 0.0, 0.0, 0.0, 0.0, 0.0, 0.1, 0.875, 0.0833, 0.0, 0.0, 0.0, 0.0, 0.0, 0.8571, 1.0, 0.0, 0.0, 0.0, 0.0, 0.0, 0.0, 0.9231, 1.0, 0.0, 0.0, 0.0, 0.0, 0.0, 0.0, 1.0, 0.75, 0.0, 0.0, 0.0, 0.0, 0.0, 0.0, 0.75, 1.0, 0.1111, 0.0, 0.8571, 0.0, 0.0, 0.0, 0.0, 0.875, 0.8, 0.0, 0.8, 0.0, 0.0, 0.0, 0.1111, 1.0, 0.875, 0.0, 1.0, 0.0, 0.0, 0.0, 0.0, 1.0, 0.8182, 0.0, 0.875, 0.0, 0.0, 0.0, 0.0, 0.8571, 1.0, 0.0, 1.0, 0.0, 0.0, 0.0, 0.0, 1.0, 0.7273, 0.0, 1.0, 0.0, 0.0, 0.0, 0.0, 1.0, 1.0, 0.0, 1.0, 0.0, 0.0, 0.0, 0.0, 0.7143, 0.8462, 0.0, 0.7778, 1.0, 0.0, 0.0, 0.0, 0.0, 0.8333, 0.0, 0.8333, 0.6, 0.0, 0.8333, 0.0, 0.2, 1.0, 0.0, 1.0, 0.0, 0.0, 1.0, 0.0, 0.2727, 1.0, 0.0, 1.0, 0.0, 0.0, 1.0, 0.0, 0.625, 0.875, 0.0, 0.8, 0.0, 0.0, 1.0, 0.0, 0.8, 1.0, 0.0, 0.4286, 0.0, 0.0, 0.8, 0.0, 1.0, 0.6667, 0.0, 1.0, 0.0, 0.0, 0.6667, 0.0, 1.0, 0.7143, 0.0, 0.7143, 0.0, 0.0, 1.0, 0.0, 0.8333, 0.7778, 0.0, 0.2222, 0.0, 0.0, 0.0, 0.0, 1.0, 1.0, 0.0, 0.125, 0.0, 0.0, 0.0, 0.0, 1.0, 1.0, 0.0, 0.0, 0.0, 0.0, 0.125, 0.0]"
cluster,16,cluster,0.2325,0.2325,0.2325,0.0,34,True,465,0,299,1236,0,"[0.05, 0.0675, 0.079, 0.0905, 0.1005, 0.111, 0.119, 0.1245, 0.1305, 0.137, 0.1445, 0.1525, 0.1585, 0.1635, 0.17, 0.174, 0.18, 0.1875, 0.194, 0.1975, 0.1995, 0.2035, 0.209, 0.211, 0.2135, 0.217, 0.2205, 0.2225, 0.226, 0.2285, 0.23, 0.2305, 0.232, 0.2325, 0.2325, 0.2325, 0.2325, 0.2325, 0.2325, 0.2325, 0.2325, 0.2325, 0.2325, 0.2325, 0.2325, 0.2325, 0.2325, 0.2325, 0.2325, 0.2325, 0.2325, 0.2325, 0.2325, 0.2325, 0.2325, 0.2325, 0.2325, 0.2325, 0.2325, 0.2325, 0.2325, 0.2325, 0.2325, 0.2325, 0.2325, 0.2325, 0.2325, 0.2325, 0.2325, 0.2325, 0.2325, 0.2325, 0.2325, 0.2325, 0.2325, 0.2325, 0.2325, 0.2325, 0.2325, 0.2325, 0.2325, 0.2325, 0.2325, 0.2325, 0.2325, 0.2325, 0.2325, 0.2325, 0.2325, 0.2325, 0.2325, 0.2325, 0.2325, 0.2325, 0.2325, 0.2325, 0.2325, 0.2325, 0.2325, 0.2325, 0.2325]","{""0"": 0.7206, ""1"": 0.0642, ""2"": 0.0779, ""3"": 0.2355, ""4"": 0.0, ""5"": 0.1673, ""6"": 0.3333, ""7"": 0.2634}","[0.3333, 0.75, 1.0, 0.0, 1.0, 0.0, 1.0, 0.0, 1.0, 0.7, 0.0833, 0.0, 0.0, 0.0, 1.0, 0.0, 1.0, 0.9091, 0.0, 0.0, 0.0, 0.0, 0.6667, 0.75, 0.4, 0.6667, 0.0, 0.0, 0.0, 0.0, 0.8, 0.8182, 0.9091, 0.6364, 0.0, 0.0, 0.0, 0.0, 0.9, 0.2222, 1.0, 0.75, 0.0, 0.0, 0.0, 0.0, 0.375, 0.0, 0.6667, 0.8571, 0.0, 0.0, 0.0, 0.0, 0.0, 0.0, 1.0, 0.7143, 0.0, 0.0, 0.0, 0.0, 0.0, 0.0, 1.0, 1.0, 0.0, 0.0, 0.0, 0.0, 0.0, 0.0, 0.0, 0.6667, 0.0, 0.0, 0.0, 0.0, 0.0, 0.0, 0.0, 1.0, 0.0, 0.0, 0.0, 0.0, 0.0, 0.0, 0.0, 0.0, 0.0, 0.0, 0.125, 0.0, 0.0, 0.3333, 0.0, 0.0, 0.0, 0.0, 0.0, 0.0, 0.0, 1.0, 0.0, 0.0, 0.0, 0.0, 0.0, 0.0, 0.0, 1.0, 0.0, 0.0, 0.0, 0.0, 0.4286, 0.0, 0.0, 0.8889, 0.0, 0.0, 0.0, 0.0, 1.0, 0.0, 0.0, 0.875, 0.0, 0.7143, 0.0, 0.0, 0.875, 0.0, 0.0, 0.8333, 0.0, 0.7273, 0.0, 0.0, 0.875, 0.0, 0.0, 0.625, 0.0, 0.9091, 0.0, 0.0, 0.8, 0.0, 0.0, 1.0, 0.0, 1.0, 0.0, 0.0, 1.0, 0.0, 0.0, 1.0, 0.0, 0.8889, 0.0, 0.1429, 0.0, 0.0, 0.0, 0.75, 0.0, 0.7778, 0.0, 0.2222, 0.0, 0.0, 0.0, 0.0, 0.0, 0.875, 0.0, 1.0, 0.0, 0.0, 0.0, 0.0, 0.0, 0.8, 0.0, 0.0, 0.0, 0.0, 0.0, 0.0, 0.0, 0.875, 0.0, 0.0, 0.0, 0.0, 0.0, 0.0, 0.0, 0.8333, 0.0, 0.1111, 0.0, 0.0, 0.0, 0.0, 0.0, 1.0, 0.0, 0.0, 0.0, 0.0, 0.0, 0.0, 0.0, 0.9, 0.125, 0.1667, 0.0, 0.0, 0.0, 0.0, 0.0, 1.0, 0.0, 1.0, 0.0, 0.0, 0.0, 0.0, 0.0, 0.9, 0.3333, 0.0, 0.4, 0.0, 0.1429, 0.0, 0.1111, 1.0, 0.8571, 0.0, 1.0, 0.0, 0.875, 0.0, 0.5, 1.0]"
cluster,17,cluster,0.8445,0.8445,0.8445,0.0,82,True,1689,0,257,54,0,"[0.05, 0.071, 0.097, 0.1205, 0.1465, 0.171, 0.191, 0.2125, 0.2335, 0.2535, 0.2765, 0.296, 0.3095, 0.32, 0.332, 0.345, 0.3625, 0.375, 0.389, 0.404, 0.4165, 0.4285, 0.4365, 0.4425, 0.4505, 0.4585, 0.467, 0.4775, 0.4865, 0.4935, 0.5, 0.502, 0.5045, 0.5075, 0.5105, 0.5125, 0.516, 0.5185, 0.5215, 0.525, 0.53, 0.536, 0.5405, 0.544, 0.548, 0.5525, 0.5585, 0.566, 0.576, 0.5865, 0.6025, 0.616, 0.6315, 0.642, 0.6505, 0.6605, 0.6685, 0.675, 0.68, 0.686, 0.695, 0.704, 0.7105, 0.72, 0.7285, 0.7345, 0.7435, 0.7555, 0.77, 0.7815, 0.788, 0.796, 0.8045, 0.8175, 0.8225, 0.8245, 0.827, 0.83, 0.8345, 0.8385, 0.844, 0.8445, 0.8445, 0.8445, 0.8445, 0.8445, 0.8445, 0.8445, 0.8445, 0.8445, 0.8445, 0.8445, 0.8445, 0.8445, 0.8445, 0.8445, 0.8445, 0.8445, 0.8445, 0.8445, 0.8445]","{""0"": 0.849, ""1"": 0.7801, ""2"": 0.8939, ""3"": 0.8792, ""4"": 0.8796, ""5"": 0.8775, ""6"": 0.7448, ""7"": 0.8435}","[0.7778, 0.7778, 0.9167, 1.0, 0.6667, 0.7778, 0.8571, 0.7778, 0.6667, 0.6154, 0.5, 1.0, 0.7, 1.0, 0.9, 0.875, 0.7273, 0.8889, 1.0, 1.0, 0.6667, 1.0, 1.0, 1.0, 0.5, 0.9, 1.0, 0.875, 0.9167, 0.9, 0.8889, 0.8333, 1.0, 0.875, 1.0, 0.8, 0.8333, 0.8182, 0.7778, 0.6667, 0.8889, 1.0, 0.8182, 1.0, 1.0, 0.7, 0.625, 0.8889, 0.75, 1.0, 0.8889, 0.875, 1.0, 0.8571, 1.0, 0.8889, 1.0, 0.875, 1.0, 1.0, 0.8333, 0.8571, 1.0, 0.8571, 1.0, 0.8333, 1.0, 0.8, 0.75, 1.0, 0.5, 1.0, 0.8889, 0.875, 1.0, 1.0, 0.8889, 0.9, 1.0, 0.7143, 0.875, 0.9091, 1.0, 0.75, 0.5556, 0.875, 0.9, 0.8, 1.0, 0.5, 0.6, 0.5714, 1.0, 0.875, 0.8889, 1.0, 0.8333, 1.0, 0.5714, 1.0, 0.8, 1.0, 1.0, 1.0, 0.75, 0.6, 1.0, 1.0, 1.0, 0.7778, 0.8, 1.0, 0.8, 0.6667, 0.9091, 0.8333, 1.0, 0.7143, 0.7778, 1.0, 0.7143, 0.6667, 1.0, 1.0, 0.8571, 1.0, 0.9091, 1.0, 0.8333, 0.8571, 0.8889, 0.8333, 1.0, 1.0, 0.7778, 0.875, 0.875, 1.0, 0.8571, 0.8, 0.9, 0.9091, 0.6667, 0.8, 0.8462, 1.0, 1.0, 1.0, 0.75, 1.0, 1.0, 1.0, 0.8333, 1.0, 0.5, 1.0, 1.0, 1.0, 1.0, 1.0, 0.625, 0.8889, 1.0, 1.0, 1.0, 0.9, 0.8571, 0.9, 1.0, 0.6, 0.6667, 0.7273, 0.875, 0.8571, 1.0, 0.8333, 0.75, 0.8889, 0.1, 0.6667, 1.0, 0.7778, 0.8, 0.75, 0.8571, 0.875, 0.0, 0.8, 0.8571, 1.0, 0.75, 0.6667, 0.9091, 0.6, 0.0909, 1.0, 0.8571, 1.0, 1.0, 0.0, 0.9, 0.9, 0.1667, 1.0, 1.0, 0.75, 0.75, 0.0, 1.0, 0.875, 0.8571, 0.8182, 1.0, 1.0, 0.75, 0.1, 0.8, 0.8571, 1.0, 1.0, 0.8571, 0.6667, 1.0, 0.0, 1.0, 0.75, 1.0, 0.6667, 1.0, 0.8, 1.0, 0.3333, 0.8889, 1.0, 1.0, 0.8571, 0.875, 0.9231, 1.0, 1.0, 0.8, 1.0, 0.7778, 1.0, 1.0, 0.75, 0.8333, 0.7778, 0.9167, 0.7143]"
cluster,18,cluster,0.375,0.375,0.375,0.0,33,True,750,0,271,979,0,"[0.05, 0.071, 0.097, 0.118, 0.1365, 0.153, 0.17, 0.1815, 0.1895, 0.1985, 0.2045, 0.21, 0.219, 0.23, 0.238, 0.244, 0.251, 0.2565, 0.2665, 0.279, 0.2925, 0.299, 0.304, 0.3095, 0.3165, 0.3245, 0.3355, 0.345, 0.352, 0.359, 0.366, 0.373, 0.375, 0.375, 0.375, 0.375, 0.375, 0.375, 0.375, 0.375, 0.375, 0.375, 0.375, 0.375, 0.375, 0.375, 0.375, 0.375, 0.375, 0.375, 0.375, 0.375, 0.375, 0.375, 0.375, 0.375, 0.375, 0.375, 0.375, 0.375, 0.375, 0.375, 0.375, 0.375, 0.375, 0.375, 0.375, 0.375, 0.375, 0.375, 0.375, 0.375, 0.375, 0.375, 0.375, 0.375, 0.375, 0.375, 0.375, 0.375, 0.375, 0.375, 0.375, 0.375, 0.375, 0.375, 0.375, 0.375, 0.375, 0.375, 0.375, 0.375, 0.375, 0.375, 0.375, 0.375, 0.375, 0.375, 0.375, 0.375, 0.375]","{""0"": 0.3115, ""1"": 0.7786, ""2"": 0.8423, ""3"": 0.1617, ""4"": 0.5885, ""5"": 0.1172, ""6"": 0.0043, ""7"": 0.1801}","[0.6667, 0.25, 0.7143, 1.0, 0.0, 1.0, 0.0, 0.0, 0.0, 0.8333, 0.75, 1.0, 0.0, 1.0, 0.0, 0.0, 0.0, 0.8889, 0.8571, 1.0, 0.0, 0.75, 0.0, 0.0, 0.0, 1.0, 0.9167, 1.0, 0.0, 0.875, 0.0, 0.0, 0.0, 1.0, 0.8333, 0.7143, 0.0, 1.0, 0.0, 0.0, 0.0, 1.0, 0.875, 1.0, 0.2, 0.8571, 0.0, 0.0, 0.0, 0.7143, 0.6667, 1.0, 0.0833, 1.0, 0.1818, 0.0, 0.0, 1.0, 0.75, 0.625, 0.0, 1.0, 0.7778, 0.0, 0.125, 1.0, 1.0, 0.8, 0.0, 0.2222, 0.6, 0.0, 0.0, 0.875, 1.0, 0.875, 0.0, 0.0, 0.0, 0.0, 0.0, 1.0, 0.8571, 1.0, 0.0, 0.0, 0.0, 0.0, 0.0909, 0.7143, 1.0, 0.8333, 0.1818, 0.0, 0.0, 0.0, 0.0, 0.0, 0.8333, 0.8571, 0.0, 0.1429, 0.0, 0.0, 0.75, 0.0, 0.8, 0.8333, 0.0, 0.0, 0.0, 0.0, 0.7778, 0.0, 0.8462, 1.0, 0.0, 0.0, 0.0, 0.0, 1.0, 0.0, 1.0, 0.8, 0.0, 0.0, 0.0, 0.0, 1.0, 0.2, 0.8571, 0.8, 0.0, 0.0, 0.0, 0.0, 0.75, 0.0, 0.75, 1.0, 0.0, 0.2, 0.0, 0.0, 0.1111, 0.0, 1.0, 0.0, 0.0, 0.9, 0.0, 0.0, 0.25, 0.0, 0.6667, 0.4444, 0.0, 0.6667, 0.0, 0.0, 0.1538, 0.0, 1.0, 1.0, 0.0, 0.9091, 0.0, 0.1429, 0.1667, 0.0, 0.9, 0.8571, 0.2, 0.7778, 0.0, 0.0, 0.0, 0.0, 1.0, 0.7143, 0.2222, 0.8, 0.0, 0.0, 0.0, 0.0, 0.625, 0.8571, 0.7778, 0.8333, 0.1111, 0.0, 0.0, 0.0, 0.1667, 1.0, 0.625, 0.8571, 1.0, 0.0, 0.0, 0.0, 0.0, 1.0, 1.0, 0.6, 0.7, 0.0, 0.0, 0.0, 0.0, 1.0, 1.0, 0.6667, 0.3333, 0.0, 0.0, 0.0, 0.5, 0.875, 1.0, 0.7143, 0.0, 0.0, 0.0, 0.1667, 0.8889, 0.8333, 0.3333, 1.0, 0.0, 0.0, 0.0, 0.0, 1.0, 0.9, 0.0, 0.8571, 0.0, 0.0, 0.0, 0.0, 0.875, 0.9091, 0.0, 0.875, 0.2857, 0.0, 0.125, 0.0]"
cluster,19,cluster,0.6285,0.6285,0.6285,0.0,68,True,1257,0,277,466,0,"[0.05, 0.071, 0.09, 0.108, 0.125, 0.138, 0.15, 0.157, 0.161, 0.166, 0.1715, 0.1765, 0.1805, 0.185, 0.189, 0.195, 0.2005, 0.202, 0.205, 0.2095, 0.2135, 0.2205, 0.2285, 0.2355, 0.246, 0.2575, 0.268, 0.28, 0.2885, 0.2955, 0.3065, 0.314, 0.322, 0.3325, 0.343, 0.3565, 0.3755, 0.3965, 0.413, 0.4225, 0.4345, 0.447, 0.459, 0.469, 0.4785, 0.493, 0.5055, 0.511, 0.516, 0.521, 0.526, 0.5315, 0.5355, 0.542, 0.5495, 0.5575, 0.566, 0.5745, 0.58, 0.586, 0.594, 0.6, 0.6075, 0.6125, 0.615, 0.6215, 0.6275, 0.6285, 0.6285, 0.6285, 0.6285, 0.6285, 0.6285, 0.6285, 0.6285, 0.6285, 0.6285, 0.6285, 0.6285, 0.6285, 0.6285, 0.6285, 0.6285, 0.6285, 0.6285, 0.6285, 0.6285, 0.6285, 0.6285, 0.6285, 0.6285, 0.6285, 0.6285, 0.6285, 0.6285, 0.6285, 0.6285, 0.6285, 0.6285, 0.6285, 0.6285]","{""0"": 0.8814, ""1"": 0.794, ""2"": 0.4721, ""3"": 0.1639, ""4"": 0.8284, ""5"": 0.8898, ""6"": 0.8384, ""7"": 0.1899}","[0.6667, 0.8333, 1.0, 0.0, 0.0, 0.625, 1.0, 0.8333, 0.0, 0.7, 1.0, 0.0, 0.0909, 1.0, 0.8182, 0.75, 0.0, 0.9231, 0.8889, 1.0, 0.8333, 0.5714, 1.0, 0.9167, 0.0, 0.875, 1.0, 0.875, 0.8, 0.7778, 1.0, 1.0, 0.0, 0.9091, 0.7143, 0.8889, 0.8889, 0.8, 0.875, 0.6, 0.1, 0.75, 1.0, 0.8889, 0.8571, 0.7143, 0.8333, 1.0, 0.0, 0.8333, 0.9, 1.0, 0.8571, 1.0, 1.0, 1.0, 0.0, 0.8, 0.9, 1.0, 0.6, 0.6667, 0.75, 1.0, 0.0, 0.8571, 0.875, 1.0, 0.3333, 0.8571, 1.0, 0.6667, 0.0, 1.0, 1.0, 0.6667, 0.0, 0.8571, 1.0, 0.875, 1.0, 0.8333, 1.0, 1.0, 0.0, 0.875, 0.8333, 1.0, 0.7778, 0.8333, 1.0, 0.875, 0.0, 1.0, 1.0, 1.0, 0.8333, 1.0, 1.0, 0.9, 0.0, 0.8571, 0.875, 1.0, 1.0, 0.8571, 0.8333, 1.0, 0.0, 0.8, 0.7, 0.8571, 0.8571, 0.8182, 0.8333, 0.9167, 0.0, 0.7778, 0.75, 1.0, 0.1429, 1.0, 1.0, 0.7692, 0.0, 0.7273, 1.0, 0.7143, 0.0, 1.0, 0.75, 0.75, 0.0, 0.8571, 0.7, 0.7143, 0.0, 0.9091, 0.8333, 0.5714, 0.0, 0.7143, 0.8182, 1.0, 0.125, 1.0, 0.8333, 0.5714, 0.0, 1.0, 0.8571, 1.0, 0.1, 1.0, 1.0, 0.1, 0.0, 0.9091, 0.875, 0.7778, 0.625, 1.0, 0.8, 0.0, 0.0, 0.8182, 1.0, 0.5455, 0.1429, 1.0, 0.8571, 0.0, 0.0, 0.8571, 0.9, 1.0, 0.0833, 0.75, 1.0, 0.0, 0.0, 0.9, 1.0, 0.7143, 0.2222, 0.875, 0.8571, 0.0, 0.0, 0.5833, 1.0, 0.5833, 0.0, 0.8571, 0.8462, 0.0, 0.0, 0.9091, 0.8889, 1.0, 0.1429, 1.0, 0.0, 0.0, 0.0, 0.8889, 1.0, 0.6667, 0.0, 0.5714, 0.0, 0.0, 0.0, 0.6667, 0.625, 0.625, 0.0, 0.7143, 0.1667, 0.0, 0.0, 1.0, 1.0, 0.7778, 0.0, 1.0, 0.1111, 0.0, 0.0, 0.75, 0.8, 0.8333, 0.0, 1.0, 0.875, 0.0, 0.0, 1.0, 0.9, 0.6, 0.0, 1.0, 1.0, 0.0, 0.0, 0.8889, 0.8571, 1.0, 0.0, 0.8]"
line_manager_first,0,line_manager_first,0.8095,0.8095,0.8095,-0.0,54,True,1619,0,283,98,0,"[0.05, 0.0735, 0.0985, 0.127, 0.1555, 0.1925, 0.2335, 0.272, 0.3065, 0.3295, 0.355, 0.3835, 0.415, 0.442, 0.472, 0.5015, 0.5265, 0.549, 0.569, 0.589, 0.6085, 0.6275, 0.641, 0.652, 0.6615, 0.6755, 0.6925, 0.7065, 0.7155, 0.724, 0.7335, 0.741, 0.7475, 0.7485, 0.7505, 0.7515, 0.7525, 0.7545, 0.7565, 0.76, 0.7635, 0.766, 0.7695, 0.7715, 0.774, 0.778, 0.784, 0.79, 0.7965, 0.8, 0.8035, 0.806, 0.809, 0.8095, 0.8095, 0.8095, 0.8095, 0.8095, 0.8095, 0.8095, 0.8095, 0.8095, 0.8095, 0.8095, 0.8095, 0.8095, 0.8095, 0.8095, 0.8095, 0.8095, 0.8095, 0.8095, 0.8095, 0.8095, 0.8095, 0.8095, 0.8095, 0.8095, 0.8095, 0.8095, 0.8095, 0.8095, 0.8095, 0.8095, 0.8095, 0.8095, 0.8095, 0.8095, 0.8095, 0.8095, 0.8095, 0.8095, 0.8095, 0.8095, 0.8095, 0.8095, 0.8095, 0.8095, 0.8095, 0.8095, 0.8095]","{""0"": 0.8577, ""1"": 0.8685, ""2"": 0.45, ""3"": 0.8367, ""4"": 0.8455, ""5"": 0.8554, ""6"": 0.8692, ""7"": 0.8736}","[0.8889, 1.0, 0.6667, 1.0, 1.0, 0.7778, 1.0, 0.8889, 0.9, 1.0, 0.8333, 0.6667, 0.875, 1.0, 0.8889, 0.875, 1.0, 0.6667, 1.0, 1.0, 1.0, 0.875, 1.0, 0.875, 0.8333, 0.8, 1.0, 1.0, 0.9, 1.0, 1.0, 1.0, 1.0, 1.0, 0.875, 1.0, 0.9091, 0.9375, 0.8571, 0.9091, 1.0, 0.9091, 0.6667, 1.0, 1.0, 1.0, 1.0, 0.7, 0.875, 1.0, 0.8182, 0.9091, 1.0, 0.8889, 0.6667, 0.8889, 0.8333, 0.875, 0.8182, 0.8889, 0.75, 0.75, 0.8333, 1.0, 0.5556, 1.0, 0.8182, 1.0, 1.0, 1.0, 0.8, 1.0, 0.75, 0.8889, 0.7143, 0.1, 0.8333, 1.0, 1.0, 0.9, 0.875, 1.0, 0.9167, 0.0, 0.8571, 0.8333, 1.0, 1.0, 0.8571, 1.0, 0.7143, 0.0, 0.7, 0.75, 1.0, 0.875, 0.75, 1.0, 0.9, 0.0, 0.8571, 0.875, 0.8333, 1.0, 0.8333, 0.9, 0.8889, 0.0, 0.75, 0.8, 0.7, 0.7778, 0.8182, 0.8333, 0.8333, 0.125, 0.875, 1.0, 1.0, 1.0, 1.0, 0.7857, 1.0, 0.1538, 0.75, 0.125, 0.8889, 0.75, 1.0, 0.7143, 1.0, 0.2222, 0.8, 0.1429, 0.6, 0.8333, 1.0, 0.8889, 0.8889, 0.0, 1.0, 0.7143, 1.0, 1.0, 0.9231, 0.8571, 1.0, 0.0, 0.875, 0.9, 0.8333, 0.875, 1.0, 0.75, 0.8571, 0.0, 0.8182, 1.0, 0.7778, 0.8889, 0.7, 0.7273, 0.9167, 0.1111, 0.7778, 0.8889, 0.875, 0.8, 0.8182, 0.875, 1.0, 0.0, 1.0, 0.8333, 0.8, 0.7778, 0.8889, 0.75, 1.0, 0.8, 0.75, 0.8333, 0.8, 0.8571, 0.8571, 1.0, 1.0, 1.0, 0.7143, 0.8, 0.9091, 1.0, 0.7, 0.75, 0.875, 0.8, 0.75, 0.8333, 0.625, 0.75, 0.9167, 0.375, 0.6667, 0.7778, 0.7143, 1.0, 0.9091, 0.7778, 1.0, 1.0, 0.5714, 1.0, 0.5714, 1.0, 0.875, 0.8, 1.0, 0.8, 1.0, 0.5, 1.0, 1.0, 0.75, 0.75, 1.0, 1.0, 1.0, 0.6, 0.6, 1.0, 0.8, 0.875, 0.8333, 0.9167, 0.8333, 0.7778, 0.7778, 1.0, 1.0, 0.8889, 0.8, 0.5714, 0.7143, 0.8333, 0.875, 0.8, 0.7143, 0.6667, 0.8, 0.875]"
line_manager_first,1,line_manager_first,0.776,0.776,0.776,0.0,23,True,1552,0,303,145,0,"[0.05, 0.0805, 0.123, 0.1735, 0.232, 0.299, 0.3615, 0.417, 0.4795, 0.5325, 0.574, 0.6135, 0.647, 0.6675, 0.6835, 0.6945, 0.706, 0.724, 0.7385, 0.7535, 0.765, 0.7755, 0.776, 0.776, 0.776, 0.776, 0.776, 0.776, 0.776, 0.776, 0.776, 0.776, 0.776, 0.776, 0.776, 0.776, 0.776, 0.776, 0.776, 0.776, 0.776, 0.776, 0.776, 0.776, 0.776, 0.776, 0.776, 0.776, 0.776, 0.776, 0.776, 0.776, 0.776, 0.776, 0.776, 0.776, 0.776, 0.776, 0.776, 0.776, 0.776, 0.776, 0.776, 0.776, 0.776, 0.776, 0.776, 0.776, 0.776, 0.776, 0.776, 0.776, 0.776, 0.776, 0.776, 0.776, 0.776, 0.776, 0.776, 0.776, 0.776, 0.776, 0.776, 0.776, 0.776, 0.776, 0.776, 0.776, 0.776, 0.776, 0.776, 0.776, 0.776, 0.776, 0.776, 0.776, 0.776, 0.776, 0.776, 0.776, 0.776]","{""0"": 0.8566, ""1"": 0.7398, ""2"": 0.5865, ""3"": 0.7138, ""4"": 0.8477, ""5"": 0.83, ""6"": 0.836, ""7"": 0.7948}","[0.7778, 1.0, 0.8, 0.7143, 1.0, 0.9, 0.75, 1.0, 0.0, 0.875, 0.8571, 0.875, 0.6667, 0.75, 0.7143, 0.8, 1.0, 0.875, 0.5714, 1.0, 0.9167, 0.6667, 1.0, 0.8889, 0.8333, 0.9091, 1.0, 0.875, 1.0, 0.8, 0.8462, 0.7143, 0.8333, 0.9091, 1.0, 0.8333, 0.25, 0.75, 0.8, 1.0, 0.875, 1.0, 0.25, 1.0, 0.1111, 0.8667, 0.75, 0.875, 0.5714, 1.0, 0.375, 0.7143, 0.1, 0.8333, 0.875, 0.7143, 0.875, 0.8571, 0.0, 0.8, 0.1, 0.6667, 0.8571, 1.0, 1.0, 1.0, 0.0, 0.8333, 0.0, 1.0, 0.7778, 1.0, 0.5714, 0.5714, 0.0, 0.75, 0.125, 1.0, 1.0, 0.8889, 1.0, 0.5714, 1.0, 0.7143, 1.0, 1.0, 0.6154, 0.7778, 0.8333, 0.5556, 0.875, 0.8333, 0.8333, 1.0, 0.6667, 1.0, 0.7143, 0.7778, 1.0, 1.0, 0.875, 0.7692, 0.6667, 0.7143, 0.75, 1.0, 0.9, 0.8571, 0.8889, 0.8889, 0.75, 0.75, 0.8571, 1.0, 1.0, 0.625, 0.8182, 0.6667, 0.75, 0.8889, 0.7143, 1.0, 1.0, 0.8182, 0.7, 0.8571, 0.8333, 0.9, 0.8333, 0.75, 0.4286, 1.0, 1.0, 0.8182, 0.8333, 0.7857, 0.875, 0.8, 1.0, 1.0, 0.8889, 0.9, 1.0, 1.0, 0.8889, 0.8182, 0.75, 0.8, 0.8333, 1.0, 0.7778, 0.5714, 1.0, 0.7778, 0.8333, 1.0, 0.7273, 0.8571, 1.0, 1.0, 1.0, 0.8333, 0.7, 0.875, 0.7857, 0.75, 0.8, 0.8571, 0.6667, 1.0, 1.0, 0.7778, 1.0, 0.8, 0.8571, 0.8333, 0.6, 1.0, 0.7692, 0.0, 1.0, 0.8333, 1.0, 0.8, 0.9, 0.875, 0.8571, 0.1667, 0.8571, 0.8571, 1.0, 0.6667, 0.7778, 1.0, 1.0, 0.1, 0.9167, 0.8889, 0.7143, 0.75, 1.0, 0.7778, 1.0, 0.0, 1.0, 0.7, 0.8571, 1.0, 1.0, 0.6667, 0.9, 0.0, 0.8889, 0.8571, 0.8333, 0.7143, 1.0, 1.0, 0.875, 0.0, 0.625, 1.0, 0.9, 1.0, 0.8889, 1.0, 0.875, 0.0, 0.8333, 1.0, 0.8571, 0.5, 0.8333, 0.7143, 0.6667, 0.0, 1.0, 1.0, 1.0, 0.6667, 0.5, 1.0, 1.0, 0.0, 0.75, 0.8889, 0.7857, 1.0, 0.1111, 0.8462]"
line_manager_first,2,line_manager_first,0.705,0.705,0.705,0.0,34,True,1410,0,296,294,0,"[0.05, 0.0805, 0.1125, 0.1495, 0.1945, 0.2425, 0.295, 0.3375, 0.377, 0.4175, 0.4585, 0.495, 0.5275, 0.557, 0.578, 0.596, 0.609, 0.616, 0.623, 0.6345, 0.646, 0.6545, 0.657, 0.6605, 0.663, 0.667, 0.6715, 0.676, 0.6775, 0.6815, 0.688, 0.696, 0.703, 0.705, 0.705, 0.705, 0.705, 0.705, 0.705, 0.705, 0.705, 0.705, 0.705, 0.705, 0.705, 0.705, 0.705, 0.705, 0.705, 0.705, 0.705, 0.705, 0.705, 0.705, 0.705, 0.705, 0.705, 0.705, 0.705, 0.705, 0.705, 0.705, 0.705, 0.705, 0.705, 0.705, 0.705, 0.705, 0.705, 0.705, 0.705, 0.705, 0.705, 0.705, 0.705, 0.705, 0.705, 0.705, 0.705, 0.705, 0.705, 0.705, 0.705, 0.705, 0.705, 0.705, 0.705, 0.705, 0.705, 0.705, 0.705, 0.705, 0.705, 0.705, 0.705, 0.705, 0.705, 0.705, 0.705, 0.705, 0.705]","{""0"": 0.654, ""1"": 0.8041, ""2"": 0.5385, ""3"": 0.868, ""4"": 0.7529, ""5"": 0.5353, ""6"": 0.6639, ""7"": 0.8471}","[0.7778, 1.0, 0.8333, 0.0, 0.8571, 0.875, 0.125, 0.6667, 0.75, 1.0, 1.0, 0.8, 0.9, 0.625, 0.1111, 1.0, 0.8571, 1.0, 1.0, 1.0, 1.0, 0.8333, 0.0, 1.0, 0.8889, 1.0, 0.6667, 0.8333, 0.8889, 0.8, 0.0, 0.8571, 0.7778, 0.625, 0.9091, 0.8571, 0.8, 0.8333, 0.25, 0.6667, 0.8, 0.8571, 0.75, 1.0, 1.0, 0.9, 0.125, 0.8, 0.7143, 0.7143, 0.7778, 0.75, 0.75, 0.9167, 0.2222, 0.8571, 1.0, 0.75, 1.0, 1.0, 0.875, 1.0, 0.0833, 0.9167, 1.0, 0.875, 0.9, 0.8571, 0.7143, 0.9231, 0.0, 0.0, 1.0, 0.75, 0.8333, 0.8, 0.875, 0.8889, 0.125, 0.0, 0.8571, 0.75, 0.875, 0.875, 0.625, 0.9091, 0.1, 0.0, 1.0, 0.75, 0.875, 0.875, 0.75, 1.0, 0.1429, 0.1667, 0.8, 0.8571, 0.8333, 1.0, 1.0, 0.7, 0.8, 0.5714, 1.0, 0.875, 1.0, 0.8571, 1.0, 0.0, 0.7143, 0.0, 0.8, 0.9, 0.8889, 0.8, 1.0, 0.0, 0.9333, 0.0, 0.6, 1.0, 1.0, 1.0, 0.875, 0.0, 0.8889, 0.1667, 0.9, 0.8571, 1.0, 1.0, 0.8, 0.5, 0.8571, 0.8333, 0.8571, 0.6667, 0.6667, 0.7778, 0.3333, 0.8, 0.7, 0.8571, 0.8, 0.7143, 0.8, 0.7143, 1.0, 0.875, 1.0, 1.0, 0.8333, 1.0, 1.0, 0.1, 0.875, 1.0, 0.8889, 1.0, 0.8333, 1.0, 0.8462, 0.0, 1.0, 0.7, 0.8, 0.9, 0.8889, 0.6, 0.625, 0.1429, 0.875, 0.6667, 0.8182, 0.9091, 0.8571, 0.7143, 0.8571, 0.0, 0.8333, 0.8333, 0.875, 0.7, 0.8889, 0.25, 0.8333, 0.0, 0.9231, 0.75, 0.9, 1.0, 0.5714, 0.0, 1.0, 0.0, 0.8571, 0.8571, 0.8333, 0.9, 0.7143, 0.0, 0.8, 0.0, 1.0, 0.875, 1.0, 0.7143, 0.875, 0.125, 0.625, 0.0, 0.7778, 0.75, 1.0, 0.8333, 0.8182, 0.0, 0.0, 0.8, 0.8571, 1.0, 1.0, 1.0, 1.0, 0.0833, 0.6667, 0.2857, 0.8, 0.6364, 0.7, 0.9, 1.0, 0.0, 0.6667, 0.0769, 1.0, 0.8, 0.0909, 1.0, 0.8333, 0.5, 0.9, 0.0, 0.8, 0.8333, 0.1, 0.7143, 0.875, 1.0]"
line_manager_first,3,line_manager_first,0.782,0.782,0.782,0.0,51,True,1564,0,275,161,0,"[0.05, 0.0785, 0.115, 0.1575, 0.2045, 0.2545, 0.308, 0.362, 0.4155, 0.458, 0.495, 0.5145, 0.5275, 0.54, 0.5545, 0.567, 0.578, 0.588, 0.601, 0.615, 0.6315, 0.6505, 0.6645, 0.6775, 0.69, 0.7035, 0.714, 0.7225, 0.727, 0.7295, 0.735, 0.7385, 0.743, 0.7485, 0.7515, 0.753, 0.754, 0.7555, 0.758, 0.7595, 0.7615, 0.764, 0.768, 0.7715, 0.773, 0.774, 0.7755, 0.778, 0.7795, 0.781, 0.782, 0.782, 0.782, 0.782, 0.782, 0.782, 0.782, 0.782, 0.782, 0.782, 0.782, 0.782, 0.782, 0.782, 0.782, 0.782, 0.782, 0.782, 0.782, 0.782, 0.782, 0.782, 0.782, 0.782, 0.782, 0.782, 0.782, 0.782, 0.782, 0.782, 0.782, 0.782, 0.782, 0.782, 0.782, 0.782, 0.782, 0.782, 0.782, 0.782, 0.782, 0.782, 0.782, 0.782, 0.782, 0.782, 0.782, 0.782, 0.782, 0.782, 0.782]","{""0"": 0.6542, ""1"": 0.6857, ""2"": 0.572, ""3"": 0.8496, ""4"": 0.8694, ""5"": 0.8477, ""6"": 0.9132, ""7"": 0.8669}","[0.8889, 0.6667, 0.0, 0.8182, 0.8889, 0.6667, 1.0, 0.625, 0.9231, 0.0, 0.5, 0.8889, 0.75, 0.8889, 0.9167, 0.8, 0.8571, 0.0, 0.8, 0.0, 0.8889, 0.8333, 0.7778, 1.0, 0.8571, 0.125, 0.8667, 0.0833, 0.8333, 0.8333, 0.7857, 1.0, 0.6429, 0.0, 0.9091, 0.0, 0.875, 0.8889, 0.9091, 1.0, 1.0, 0.1111, 1.0, 0.0, 0.8182, 0.75, 0.8333, 1.0, 0.7143, 0.0, 0.8, 0.0, 0.8571, 0.7778, 0.8333, 0.8889, 0.7143, 0.7143, 1.0, 0.0, 0.6667, 1.0, 0.6667, 1.0, 0.8333, 1.0, 0.8571, 0.0769, 0.8571, 1.0, 0.8182, 1.0, 0.7143, 1.0, 0.875, 0.0, 0.8, 1.0, 0.5714, 1.0, 0.7778, 0.75, 0.8333, 0.0, 1.0, 1.0, 0.6667, 1.0, 0.6667, 0.8333, 0.7143, 0.0, 1.0, 1.0, 0.7273, 1.0, 0.8333, 1.0, 0.9, 0.8, 0.5455, 1.0, 1.0, 1.0, 0.7778, 1.0, 0.875, 0.7, 1.0, 0.8571, 0.8571, 0.8889, 1.0, 0.75, 0.7778, 0.5, 0.8571, 0.875, 0.75, 0.8333, 1.0, 0.8889, 0.8333, 0.8, 0.7692, 1.0, 0.875, 1.0, 1.0, 0.8571, 1.0, 1.0, 0.9091, 0.8, 1.0, 1.0, 0.75, 0.8333, 0.6, 1.0, 0.875, 1.0, 0.8571, 0.75, 1.0, 0.875, 1.0, 1.0, 0.8333, 1.0, 0.8333, 1.0, 1.0, 0.8, 0.75, 0.8, 0.7778, 0.6, 0.75, 0.9, 0.8571, 1.0, 1.0, 0.8889, 0.8, 0.8462, 0.6667, 1.0, 1.0, 0.875, 0.9231, 1.0, 0.7143, 0.8889, 1.0, 1.0, 0.875, 0.8571, 1.0, 0.5714, 1.0, 0.4, 0.9167, 0.875, 0.9, 0.7, 0.8, 0.875, 0.75, 1.0, 0.8571, 1.0, 1.0, 0.75, 0.5, 1.0, 1.0, 0.8571, 1.0, 0.7778, 0.875, 0.5714, 0.6667, 0.8889, 0.8, 0.6, 0.875, 0.6667, 0.8333, 0.6667, 0.0, 0.6923, 1.0, 1.0, 1.0, 0.7778, 1.0, 1.0, 0.0, 0.875, 1.0, 0.8889, 0.8571, 1.0, 1.0, 0.8889, 0.0, 0.7778, 0.9091, 1.0, 1.0, 1.0, 0.8889, 0.6, 0.0, 0.9, 0.8333, 0.7778, 0.75, 1.0, 0.8333, 0.625, 0.0, 1.0, 0.8333, 0.75, 0.8, 0.9, 0.9231, 0.8]"
line_manager_first,4,line_manager_first,0.822,0.822,0.822,0.0,42,True,1644,0,284,72,0,"[0.05, 0.0745, 0.104, 0.1405, 0.185, 0.23, 0.2725, 0.3095, 0.3445, 0.377, 0.4085, 0.4465, 0.479, 0.5115, 0.546, 0.574, 0.606, 0.627, 0.644, 0.6565, 0.6665, 0.6765, 0.6895, 0.707, 0.7245, 0.7365, 0.746, 0.757, 0.7645, 0.7745, 0.7805, 0.7885, 0.7945, 0.7975, 0.8015, 0.8075, 0.811, 0.813, 0.815, 0.818, 0.8215, 0.822, 0.822, 0.822, 0.822, 0.822, 0.822, 0.822, 0.822, 0.822, 0.822, 0.822, 0.822, 0.822, 0.822, 0.822, 0.822, 0.822, 0.822, 0.822, 0.822, 0.822, 0.822, 0.822, 0.822, 0.822, 0.822, 0.822, 0.822, 0.822, 0.822, 0.822, 0.822, 0.822, 0.822, 0.822, 0.822, 0.822, 0.822, 0.822, 0.822, 0.822, 0.822, 0.822, 0.822, 0.822, 0.822, 0.822, 0.822, 0.822, 0.822, 0.822, 0.822, 0.822, 0.822, 0.822, 0.822, 0.822, 0.822, 0.822, 0.822]","{""0"": 0.8706, ""1"": 0.8145, ""2"": 0.8462, ""3"": 0.8583, ""4"": 0.7871, ""5"": 0.6475, ""6"": 0.871, ""7"": 0.874}","[0.7778, 1.0, 0.7778, 0.8, 0.75, 0.8333, 0.0, 0.9167, 1.0, 0.75, 0.7143, 0.7143, 0.8889, 0.6667, 0.1429, 0.75, 1.0, 1.0, 0.875, 1.0, 0.6667, 1.0, 0.0, 1.0, 1.0, 1.0, 0.8571, 0.6667, 0.8571, 0.875, 0.0, 0.8889, 0.8889, 1.0, 0.5714, 0.9, 1.0, 0.8889, 0.0, 0.8571, 1.0, 1.0, 0.8, 1.0, 1.0, 0.8889, 0.1, 1.0, 1.0, 0.8889, 0.9091, 1.0, 0.75, 0.8889, 0.0, 1.0, 0.7143, 1.0, 0.9167, 1.0, 1.0, 0.75, 0.2, 1.0, 0.9167, 0.875, 0.7778, 1.0, 0.6667, 1.0, 0.6667, 0.8571, 0.5714, 0.7273, 0.75, 0.8571, 0.8571, 0.8571, 0.8889, 0.9, 0.8571, 1.0, 0.875, 0.75, 0.8, 0.8182, 0.6667, 0.9, 1.0, 1.0, 0.8333, 0.8182, 1.0, 0.9, 0.9091, 0.8, 1.0, 0.6667, 0.8889, 0.9091, 1.0, 0.9167, 0.875, 0.7143, 0.7778, 0.875, 0.875, 0.8889, 1.0, 1.0, 1.0, 0.8333, 0.9091, 0.5, 1.0, 0.7143, 0.9, 1.0, 0.9, 0.7143, 0.8889, 1.0, 0.8889, 1.0, 0.8, 1.0, 0.8333, 1.0, 0.875, 0.9, 0.7, 0.5833, 0.8571, 0.8, 0.8571, 1.0, 0.8, 1.0, 0.6, 0.75, 1.0, 1.0, 0.9, 0.875, 0.8333, 0.8889, 0.6, 0.75, 0.9, 0.8571, 1.0, 1.0, 1.0, 0.8571, 0.8, 0.8571, 0.75, 1.0, 1.0, 0.6667, 0.6667, 0.875, 0.8889, 1.0, 0.9, 1.0, 0.8571, 0.6364, 0.6667, 0.7, 0.625, 0.8, 1.0, 0.9091, 0.625, 0.8889, 0.9091, 0.8333, 0.875, 0.8889, 1.0, 0.7778, 0.9, 0.75, 0.7778, 1.0, 0.8571, 1.0, 0.8889, 0.8889, 0.8571, 0.9, 0.875, 0.6667, 0.7857, 0.8889, 1.0, 0.7, 0.875, 1.0, 0.875, 1.0, 0.8571, 0.875, 0.8333, 0.5556, 0.8889, 0.8889, 0.9091, 0.6667, 0.8, 0.5, 0.6364, 0.0, 0.6, 0.9091, 0.75, 0.7143, 0.8571, 0.8889, 0.9167, 0.0, 0.8, 0.8571, 0.8571, 0.8, 0.8333, 0.8, 0.75, 0.5, 0.875, 0.6667, 0.625, 0.8889, 1.0, 1.0, 1.0, 0.0, 1.0, 0.75, 1.0, 1.0, 0.8571, 0.625, 0.625, 0.8, 0.625, 1.0, 1.0, 0.875]"
line_manager_first,5,line_manager_first,0.8365,0.8365,0.8365,0.0,28,True,1673,0,277,50,0,"[0.05, 0.0785, 0.1045, 0.137, 0.1835, 0.224, 0.2645, 0.302, 0.355, 0.411, 0.4635, 0.516, 0.554, 0.5815, 0.6095, 0.635, 0.6575, 0.6755, 0.694, 0.7125, 0.7335, 0.754, 0.7825, 0.8045, 0.8175, 0.825, 0.8335, 0.8365, 0.8365, 0.8365, 0.8365, 0.8365, 0.8365, 0.8365, 0.8365, 0.8365, 0.8365, 0.8365, 0.8365, 0.8365, 0.8365, 0.8365, 0.8365, 0.8365, 0.8365, 0.8365, 0.8365, 0.8365, 0.8365, 0.8365, 0.8365, 0.8365, 0.8365, 0.8365, 0.8365, 0.8365, 0.8365, 0.8365, 0.8365, 0.8365, 0.8365, 0.8365, 0.8365, 0.8365, 0.8365, 0.8365, 0.8365, 0.8365, 0.8365, 0.8365, 0.8365, 0.8365, 0.8365, 0.8365, 0.8365, 0.8365, 0.8365, 0.8365, 0.8365, 0.8365, 0.8365, 0.8365, 0.8365, 0.8365, 0.8365, 0.8365, 0.8365, 0.8365, 0.8365, 0.8365, 0.8365, 0.8365, 0.8365, 0.8365, 0.8365, 0.8365, 0.8365, 0.8365, 0.8365, 0.8365, 0.8365]","{""0"": 0.8366, ""1"": 0.6774, ""2"": 0.8038, ""3"": 0.8863, ""4"": 0.8745, ""5"": 0.8838, ""6"": 0.8566, ""7"": 0.8745}","[1.0, 0.8889, 0.6, 0.9091, 0.875, 1.0, 0.9167, 0.7143, 1.0, 0.6667, 1.0, 1.0, 0.875, 1.0, 0.5714, 1.0, 0.9, 0.8571, 0.9333, 0.875, 0.7143, 0.8889, 0.75, 0.8571, 0.8, 0.6364, 1.0, 1.0, 0.8333, 0.8462, 0.9, 1.0, 0.7143, 1.0, 1.0, 0.6667, 0.75, 0.8571, 0.8889, 0.9167, 0.875, 1.0, 0.75, 1.0, 1.0, 1.0, 0.7778, 0.6667, 0.5, 1.0, 0.6667, 0.875, 0.8889, 0.9091, 0.5714, 0.7778, 0.6667, 1.0, 0.7778, 0.7778, 1.0, 1.0, 1.0, 0.875, 0.75, 1.0, 0.8, 0.8333, 1.0, 0.875, 0.9, 0.875, 1.0, 0.8333, 0.7778, 0.9231, 0.8571, 0.7778, 0.875, 1.0, 0.7778, 0.8571, 0.7, 0.8, 0.9, 0.8333, 0.7143, 0.8889, 0.75, 0.8571, 1.0, 1.0, 0.8, 0.8571, 0.875, 1.0, 0.875, 1.0, 1.0, 0.9167, 0.8889, 0.875, 1.0, 0.6667, 1.0, 0.7143, 0.8889, 0.8, 0.875, 0.6667, 1.0, 1.0, 0.8571, 0.9091, 0.8571, 0.8889, 0.8889, 1.0, 1.0, 1.0, 0.8571, 0.8182, 0.1429, 0.5714, 0.8, 1.0, 1.0, 0.6667, 0.9, 0.8333, 0.0, 0.0, 0.8333, 0.8889, 0.875, 0.625, 1.0, 0.7143, 0.0, 0.4, 1.0, 1.0, 1.0, 1.0, 1.0, 0.75, 0.0, 0.6667, 0.75, 0.8, 0.8333, 0.875, 0.9, 1.0, 0.0, 0.8889, 0.7143, 0.8333, 1.0, 0.9091, 1.0, 0.8182, 0.0, 1.0, 0.9091, 0.6667, 1.0, 1.0, 1.0, 0.8571, 0.2857, 0.8889, 1.0, 1.0, 1.0, 0.5714, 1.0, 0.6364, 0.3333, 0.6667, 1.0, 1.0, 1.0, 0.8333, 0.625, 1.0, 0.7143, 0.7143, 0.7143, 1.0, 0.875, 0.75, 1.0, 0.5556, 0.8, 0.7, 0.7143, 0.875, 0.8571, 0.8571, 1.0, 1.0, 0.8333, 0.4286, 0.875, 0.75, 1.0, 1.0, 1.0, 0.7143, 1.0, 0.875, 1.0, 1.0, 1.0, 0.8571, 1.0, 1.0, 0.9, 1.0, 0.8571, 0.5, 0.6923, 0.8571, 0.7143, 0.7778, 0.8889, 1.0, 1.0, 1.0, 0.9091, 0.9167, 0.9091, 0.8333, 0.8333, 0.7143, 1.0, 0.8889, 0.8333, 0.5714, 0.7143, 0.4286, 1.0, 0.7, 1.0, 0.6667, 1.0, 0.8889, 1.0, 1.0]"
line_manager_first,6,line_manager_first,0.8495,0.8495,0.8495,-0.0,31,True,1699,0,281,20,0,"[0.05, 0.0795, 0.114, 0.155, 0.2105, 0.275, 0.3395, 0.3975, 0.453, 0.517, 0.5635, 0.605, 0.638, 0.671, 0.6995, 0.7215, 0.742, 0.7595, 0.7765, 0.7955, 0.8125, 0.824, 0.83, 0.832, 0.836, 0.839, 0.8415, 0.8425, 0.8445, 0.848, 0.8495, 0.8495, 0.8495, 0.8495, 0.8495, 0.8495, 0.8495, 0.8495, 0.8495, 0.8495, 0.8495, 0.8495, 0.8495, 0.8495, 0.8495, 0.8495, 0.8495, 0.8495, 0.8495, 0.8495, 0.8495, 0.8495, 0.8495, 0.8495, 0.8495, 0.8495, 0.8495, 0.8495, 0.8495, 0.8495, 0.8495, 0.8495, 0.8495, 0.8495, 0.8495, 0.8495, 0.8495, 0.8495, 0.8495, 0.8495, 0.8495, 0.8495, 0.8495, 0.8495, 0.8495, 0.8495, 0.8495, 0.8495, 0.8495, 0.8495, 0.8495, 0.8495, 0.8495, 0.8495, 0.8495, 0.8495, 0.8495, 0.8495, 0.8495, 0.8495, 0.8495, 0.8495, 0.8495, 0.8495, 0.8495, 0.8495, 0.8495, 0.8495, 0.8495, 0.8495, 0.8495]","{""0"": 0.8642, ""1"": 0.8765, ""2"": 0.7576, ""3"": 0.8354, ""4"": 0.8474, ""5"": 0.8846, ""6"": 0.8613, ""7"": 0.8734}","[0.8889, 1.0, 0.8333, 0.5714, 1.0, 1.0, 1.0, 0.8333, 1.0, 1.0, 0.8333, 0.9167, 1.0, 1.0, 0.8571, 1.0, 0.7, 0.9, 1.0, 1.0, 0.7857, 0.75, 1.0, 1.0, 1.0, 0.9231, 0.8889, 0.875, 0.8571, 1.0, 1.0, 0.75, 0.9, 0.8333, 0.8889, 0.875, 0.625, 0.75, 1.0, 0.7143, 0.875, 1.0, 0.8571, 0.6364, 0.625, 0.8333, 0.8333, 1.0, 1.0, 0.8333, 1.0, 0.9, 1.0, 0.875, 0.875, 1.0, 0.875, 0.8889, 1.0, 1.0, 0.875, 0.8571, 0.7778, 0.875, 0.8571, 1.0, 0.9231, 0.6667, 0.8333, 1.0, 1.0, 0.875, 1.0, 0.625, 0.8333, 0.8571, 0.875, 1.0, 1.0, 0.6667, 0.5, 0.75, 0.8, 0.875, 0.875, 0.7143, 0.8333, 0.8, 1.0, 0.8, 1.0, 0.8, 1.0, 0.9091, 1.0, 0.8571, 1.0, 0.8182, 0.8, 0.6667, 0.7, 0.7143, 0.8889, 1.0, 0.6, 1.0, 0.9091, 0.8, 0.7143, 1.0, 0.875, 1.0, 0.8333, 0.9091, 0.875, 0.6, 1.0, 0.75, 1.0, 1.0, 1.0, 1.0, 0.7, 1.0, 0.9, 0.7143, 0.8, 0.8571, 1.0, 0.8, 1.0, 1.0, 0.7778, 0.7, 0.8571, 1.0, 0.875, 0.8333, 0.8889, 1.0, 0.9, 1.0, 0.875, 1.0, 0.8333, 0.8, 1.0, 0.7273, 0.8571, 0.8571, 1.0, 0.7778, 0.8571, 0.625, 0.7778, 0.0, 0.8333, 0.75, 1.0, 0.75, 1.0, 0.9091, 0.8571, 0.0, 0.5714, 0.7778, 0.8182, 0.9, 0.8889, 0.8571, 1.0, 0.5714, 1.0, 0.875, 0.7273, 0.625, 1.0, 0.8, 0.5, 0.8889, 0.9, 0.8333, 0.8, 0.75, 0.875, 0.75, 1.0, 0.6667, 0.75, 0.8571, 0.8571, 0.7273, 1.0, 1.0, 0.8182, 0.9, 0.7143, 0.8571, 0.8182, 0.8, 0.6667, 1.0, 0.8889, 0.8571, 0.8889, 0.8, 0.7778, 1.0, 0.6667, 0.9167, 1.0, 1.0, 1.0, 0.8, 0.9, 1.0, 0.7778, 0.8333, 0.7778, 0.8571, 0.7143, 1.0, 0.6, 0.9, 1.0, 1.0, 1.0, 0.8571, 1.0, 0.8, 0.9091, 0.9091, 0.8462, 0.8, 1.0, 0.6364, 0.625, 0.8, 1.0, 0.8, 0.8889, 0.6667, 0.7143, 0.6667, 0.5, 0.8, 0.8333, 1.0, 0.8333, 0.75]"
line_manager_first,7,line_manager_first,0.8485,0.8485,0.8485,0.0,35,True,1697,0,265,38,0,"[0.05, 0.078, 0.109, 0.1445, 0.1885, 0.2405, 0.293, 0.3575, 0.4245, 0.4825, 0.5335, 0.581, 0.6255, 0.6685, 0.715, 0.7545, 0.778, 0.7925, 0.805, 0.813, 0.823, 0.8285, 0.8295, 0.8305, 0.832, 0.835, 0.839, 0.8395, 0.84, 0.841, 0.8445, 0.8465, 0.8475, 0.848, 0.8485, 0.8485, 0.8485, 0.8485, 0.8485, 0.8485, 0.8485, 0.8485, 0.8485, 0.8485, 0.8485, 0.8485, 0.8485, 0.8485, 0.8485, 0.8485, 0.8485, 0.8485, 0.8485, 0.8485, 0.8485, 0.8485, 0.8485, 0.8485, 0.8485, 0.8485, 0.8485, 0.8485, 0.8485, 0.8485, 0.8485, 0.8485, 0.8485, 0.8485, 0.8485, 0.8485, 0.8485, 0.8485, 0.8485, 0.8485, 0.8485, 0.8485, 0.8485, 0.8485, 0.8485, 0.8485, 0.8485, 0.8485, 0.8485, 0.8485, 0.8485, 0.8485, 0.8485, 0.8485, 0.8485, 0.8485, 0.8485, 0.8485, 0.8485, 0.8485, 0.8485, 0.8485, 0.8485, 0.8485, 0.8485, 0.8485, 0.8485]","{""0"": 0.8459, ""1"": 0.9008, ""2"": 0.895, ""3"": 0.8775, ""4"": 0.8375, ""5"": 0.8782, ""6"": 0.8594, ""7"": 0.7105}","[0.7778, 0.8, 1.0, 0.8889, 1.0, 1.0, 0.8571, 0.8571, 0.8889, 0.6667, 1.0, 0.625, 0.8333, 1.0, 1.0, 0.8, 1.0, 0.6, 1.0, 0.8333, 1.0, 0.625, 0.7143, 0.9, 0.75, 0.6667, 0.8333, 0.8333, 0.8182, 1.0, 0.875, 1.0, 0.75, 0.6667, 1.0, 1.0, 0.5, 1.0, 0.875, 0.75, 0.9167, 1.0, 0.5556, 0.6667, 0.8333, 0.875, 0.6, 0.7778, 0.7778, 1.0, 0.8571, 0.7778, 0.8889, 1.0, 1.0, 1.0, 1.0, 1.0, 0.875, 1.0, 0.8571, 0.7692, 0.8571, 1.0, 0.9, 0.9091, 0.8571, 1.0, 0.7778, 0.8571, 0.8, 0.875, 0.9286, 0.875, 1.0, 0.8, 1.0, 0.8333, 0.8889, 1.0, 0.8889, 0.6667, 1.0, 0.9, 1.0, 0.7143, 0.9, 0.6667, 0.8333, 0.8889, 1.0, 1.0, 0.8333, 0.6, 1.0, 0.8182, 0.6667, 1.0, 0.875, 0.875, 0.7, 0.75, 0.9, 0.6667, 0.5, 0.6, 0.875, 1.0, 1.0, 1.0, 1.0, 0.7, 0.5455, 1.0, 0.8, 1.0, 1.0, 0.875, 0.6, 0.875, 0.6364, 0.875, 0.8333, 0.8, 1.0, 1.0, 1.0, 0.4286, 0.0, 0.875, 1.0, 0.875, 1.0, 1.0, 1.0, 1.0, 0.2222, 1.0, 1.0, 0.7, 1.0, 0.625, 0.8889, 0.8, 0.2, 1.0, 0.8571, 1.0, 0.75, 0.5714, 0.7143, 1.0, 0.125, 0.8889, 0.8571, 1.0, 1.0, 0.8571, 1.0, 0.8889, 0.25, 0.8571, 0.8, 0.8571, 0.7778, 0.875, 1.0, 0.8571, 0.7143, 1.0, 0.7778, 0.7143, 1.0, 0.6667, 0.7692, 1.0, 1.0, 0.8333, 0.8571, 1.0, 0.5, 1.0, 0.75, 0.6, 1.0, 0.9167, 0.9, 0.8333, 1.0, 1.0, 0.8, 0.8333, 0.6, 0.8333, 1.0, 1.0, 1.0, 1.0, 0.6667, 1.0, 0.875, 0.8333, 1.0, 1.0, 1.0, 0.7778, 1.0, 1.0, 0.7143, 0.75, 0.8571, 1.0, 1.0, 0.8889, 1.0, 0.875, 0.8571, 0.6667, 1.0, 1.0, 0.4444, 0.6, 0.9, 1.0, 0.6667, 0.875, 1.0, 1.0, 1.0, 0.8889, 0.8333, 0.5, 0.8333, 0.7778, 0.8571, 0.8333, 0.9167, 0.6667, 1.0, 0.9, 0.8889, 1.0, 1.0, 1.0, 0.8, 0.75, 1.0, 1.0, 1.0, 0.8182]"
line_manager_first,8,line_manager_first,0.793,0.793,0.793,0.0,33,True,1586,0,299,115,0,"[0.05, 0.0765, 0.1095, 0.1465, 0.1835, 0.229, 0.2805, 0.3255, 0.3625, 0.3975, 0.4265, 0.4525, 0.484, 0.5125, 0.546, 0.574, 0.6025, 0.6325, 0.6595, 0.684, 0.703, 0.716, 0.7245, 0.7355, 0.7495, 0.762, 0.77, 0.778, 0.7815, 0.7845, 0.7885, 0.7915, 0.793, 0.793, 0.793, 0.793, 0.793, 0.793, 0.793, 0.793, 0.793, 0.793, 0.793, 0.793, 0.793, 0.793, 0.793, 0.793, 0.793, 0.793, 0.793, 0.793, 0.793, 0.793, 0.793, 0.793, 0.793, 0.793, 0.793, 0.793, 0.793, 0.793, 0.793, 0.793, 0.793, 0.793, 0.793, 0.793, 0.793, 0.793, 0.793, 0.793, 0.793, 0.793, 0.793, 0.793, 0.793, 0.793, 0.793, 0.793, 0.793, 0.793, 0.793, 0.793, 0.793, 0.793, 0.793, 0.793, 0.793, 0.793, 0.793, 0.793, 0.793, 0.793, 0.793, 0.793, 0.793, 0.793, 0.793, 0.793, 0.793]","{""0"": 0.8412, ""1"": 0.8633, ""2"": 0.8607, ""3"": 0.7076, ""4"": 0.7336, ""5"": 0.5934, ""6"": 0.8543, ""7"": 0.8667}","[0.8889, 1.0, 0.8571, 1.0, 0.875, 0.8571, 0.8, 0.6, 0.8, 0.8333, 1.0, 0.9091, 0.75, 0.9091, 1.0, 1.0, 1.0, 0.8889, 0.8333, 0.9, 0.7143, 0.875, 0.875, 0.9, 0.875, 1.0, 0.75, 1.0, 1.0, 0.875, 1.0, 0.7273, 1.0, 1.0, 0.7778, 1.0, 0.5556, 0.7, 0.8333, 0.8333, 0.75, 0.8, 0.7273, 0.875, 0.7143, 1.0, 0.8571, 0.9091, 1.0, 0.75, 1.0, 0.75, 0.6667, 0.6, 0.9167, 1.0, 0.6667, 0.7857, 1.0, 0.8571, 1.0, 0.75, 0.9, 1.0, 0.6667, 1.0, 0.875, 0.75, 0.8, 0.875, 0.7143, 1.0, 0.875, 0.6667, 0.875, 1.0, 1.0, 0.8333, 1.0, 0.7, 0.7778, 1.0, 1.0, 0.8333, 1.0, 0.6667, 1.0, 0.8333, 0.75, 0.8889, 0.9091, 0.7, 1.0, 0.875, 0.6, 0.8571, 1.0, 1.0, 0.7143, 0.9231, 0.6667, 0.7143, 0.8, 0.6667, 0.875, 0.5556, 1.0, 0.5556, 1.0, 0.75, 0.0, 0.7143, 0.8571, 0.8571, 0.9, 0.625, 0.8, 0.6667, 0.0, 0.6923, 0.9, 0.8571, 0.9, 1.0, 0.6667, 1.0, 0.125, 0.75, 1.0, 0.625, 0.875, 0.7778, 0.1429, 0.75, 0.6667, 1.0, 0.8571, 0.8571, 1.0, 1.0, 0.0833, 0.8571, 0.9091, 1.0, 1.0, 0.6667, 0.6667, 1.0, 0.0, 0.625, 0.8333, 0.9, 1.0, 1.0, 0.5714, 0.8571, 0.0, 0.6667, 0.8571, 0.8571, 0.8571, 0.6667, 1.0, 1.0, 0.1667, 1.0, 0.4, 0.8889, 1.0, 0.8, 0.8, 0.6923, 0.8333, 0.8, 0.0, 0.9091, 0.7778, 0.7143, 0.8889, 0.9091, 0.8571, 1.0, 0.0, 0.8571, 0.8, 1.0, 0.6667, 0.875, 1.0, 1.0, 0.25, 0.9167, 0.8889, 1.0, 0.9, 0.875, 1.0, 0.875, 0.0, 1.0, 0.9167, 0.8571, 0.6667, 0.875, 0.8333, 0.0, 0.2, 1.0, 1.0, 0.8, 0.8889, 0.8333, 0.625, 0.0, 0.1429, 0.8333, 0.8, 0.8, 1.0, 0.9, 1.0, 0.0, 0.0, 0.7143, 0.8889, 0.875, 1.0, 1.0, 0.7143, 0.7143, 1.0, 0.5, 0.9091, 0.875, 0.8333, 0.7333, 0.8333, 0.875, 0.8333, 1.0, 0.8571, 0.8571, 0.7778, 1.0, 1.0, 0.4286, 0.6667, 0.8571, 0.8182, 0.6667]"
line_manager_first,9,line_manager_first,0.781,0.781,0.781,0.0,40,True,1562,0,288,150,0,"[0.05, 0.078, 0.1065, 0.1425, 0.1975, 0.264, 0.3255, 0.375, 0.423, 0.4715, 0.5145, 0.552, 0.5765, 0.585, 0.594, 0.602, 0.6055, 0.6075, 0.611, 0.6175, 0.6265, 0.6365, 0.6465, 0.664, 0.681, 0.6915, 0.7005, 0.7085, 0.7205, 0.732, 0.7405, 0.747, 0.7515, 0.755, 0.759, 0.766, 0.7725, 0.777, 0.7805, 0.781, 0.781, 0.781, 0.781, 0.781, 0.781, 0.781, 0.781, 0.781, 0.781, 0.781, 0.781, 0.781, 0.781, 0.781, 0.781, 0.781, 0.781, 0.781, 0.781, 0.781, 0.781, 0.781, 0.781, 0.781, 0.781, 0.781, 0.781, 0.781, 0.781, 0.781, 0.781, 0.781, 0.781, 0.781, 0.781, 0.781, 0.781, 0.781, 0.781, 0.781, 0.781, 0.781, 0.781, 0.781, 0.781, 0.781, 0.781, 0.781, 0.781, 0.781, 0.781, 0.781, 0.781, 0.781, 0.781, 0.781, 0.781, 0.781, 0.781, 0.781, 0.781]","{""0"": 0.9048, ""1"": 0.8353, ""2"": 0.6456, ""3"": 0.8538, ""4"": 0.8403, ""5"": 0.6471, ""6"": 0.668, ""7"": 0.8498}","[1.0, 1.0, 0.75, 0.8333, 0.7143, 0.875, 0.6667, 1.0, 0.8333, 1.0, 0.9, 0.8, 0.9091, 1.0, 1.0, 0.1, 0.9, 1.0, 0.875, 1.0, 0.7143, 1.0, 0.8571, 0.1111, 0.875, 0.9167, 0.8889, 0.8889, 1.0, 0.875, 1.0, 0.0, 0.8571, 0.9167, 0.7, 0.4286, 0.9, 1.0, 0.7778, 0.0, 0.8182, 0.9, 0.8889, 0.75, 0.8889, 0.8, 0.5556, 0.0, 0.8571, 0.6, 0.5455, 1.0, 0.9231, 0.8, 0.0, 0.1, 1.0, 0.8571, 0.625, 0.7143, 1.0, 0.7143, 0.0, 0.0, 0.8333, 0.8889, 0.7692, 0.8889, 0.8, 0.8333, 0.1429, 0.25, 1.0, 1.0, 1.0, 0.0, 0.625, 0.7273, 0.0, 0.8333, 0.75, 1.0, 0.8182, 0.1111, 0.4444, 0.4, 0.0, 1.0, 0.6923, 1.0, 0.75, 0.0, 0.75, 0.8571, 0.1, 0.875, 0.8, 1.0, 0.9, 0.2222, 0.8571, 1.0, 0.1667, 0.8, 0.875, 0.7778, 0.8889, 0.6667, 1.0, 0.8333, 0.1, 1.0, 0.6, 1.0, 0.7143, 1.0, 1.0, 0.5714, 1.0, 1.0, 1.0, 0.6667, 0.8, 1.0, 0.8462, 1.0, 0.5714, 1.0, 0.8889, 0.8889, 1.0, 0.75, 1.0, 0.6667, 0.8889, 1.0, 1.0, 0.875, 0.8, 0.7143, 0.7, 0.8, 1.0, 0.8, 1.0, 0.8333, 0.875, 0.7143, 0.8, 0.7143, 1.0, 0.875, 0.8, 1.0, 0.8333, 0.75, 1.0, 0.5714, 0.8889, 0.9, 0.8889, 1.0, 0.8182, 0.2, 1.0, 0.7778, 1.0, 1.0, 1.0, 0.6667, 1.0, 0.0, 0.7273, 0.8333, 1.0, 0.6667, 0.8, 0.8571, 0.8889, 0.0, 0.8571, 1.0, 1.0, 0.7692, 0.8889, 1.0, 0.8571, 0.1429, 0.8571, 1.0, 0.875, 1.0, 0.7, 0.7, 0.8, 1.0, 1.0, 1.0, 0.75, 1.0, 0.8, 1.0, 0.7778, 0.5, 1.0, 0.9091, 0.8571, 1.0, 0.9, 0.8889, 0.8, 0.7778, 1.0, 0.8, 0.875, 0.5714, 0.8571, 0.6667, 0.875, 1.0, 0.8571, 0.8571, 0.875, 1.0, 1.0, 0.8889, 1.0, 1.0, 0.8571, 0.9, 0.6667, 0.8, 0.6667, 1.0, 1.0, 0.75, 0.8, 1.0, 0.75, 0.7143, 0.8, 1.0, 1.0, 0.875, 0.875, 0.7778, 1.0, 0.8333, 0.875, 0.875]"
line_manager_first,10,line_manager_first,0.8065,0.8065,0.8065,0.0,41,True,1613,0,283,104,0,"[0.05, 0.0825, 0.1215, 0.1685, 0.22, 0.2805, 0.34, 0.396, 0.454, 0.523, 0.576, 0.618, 0.648, 0.6705, 0.6895, 0.7045, 0.7165, 0.7225, 0.731, 0.739, 0.747, 0.756, 0.76, 0.762, 0.765, 0.768, 0.7715, 0.7725, 0.7745, 0.7775, 0.7785, 0.7795, 0.7815, 0.784, 0.786, 0.789, 0.792, 0.7965, 0.804, 0.806, 0.8065, 0.8065, 0.8065, 0.8065, 0.8065, 0.8065, 0.8065, 0.8065, 0.8065, 0.8065, 0.8065, 0.8065, 0.8065, 0.8065, 0.8065, 0.8065, 0.8065, 0.8065, 0.8065, 0.8065, 0.8065, 0.8065, 0.8065, 0.8065, 0.8065, 0.8065, 0.8065, 0.8065, 0.8065, 0.8065, 0.8065, 0.8065, 0.8065, 0.8065, 0.8065, 0.8065, 0.8065, 0.8065, 0.8065, 0.8065, 0.8065, 0.8065, 0.8065, 0.8065, 0.8065, 0.8065, 0.8065, 0.8065, 0.8065, 0.8065, 0.8065, 0.8065, 0.8065, 0.8065, 0.8065, 0.8065, 0.8065, 0.8065, 0.8065, 0.8065, 0.8065]","{""0"": 0.7336, ""1"": 0.8631, ""2"": 0.8392, ""3"": 0.6908, ""4"": 0.7189, ""5"": 0.8659, ""6"": 0.9076, ""7"": 0.8367}","[1.0, 0.8571, 1.0, 0.9091, 0.5, 0.6667, 0.8, 0.9091, 0.625, 0.6, 1.0, 0.7692, 0.75, 0.875, 0.75, 0.625, 0.8, 0.9091, 0.875, 0.8, 1.0, 0.625, 0.6, 1.0, 0.7778, 1.0, 1.0, 0.9167, 1.0, 0.8571, 0.6, 1.0, 0.7143, 0.9091, 0.6, 0.9286, 0.875, 0.875, 0.875, 1.0, 0.8333, 0.7143, 1.0, 0.7143, 1.0, 0.7, 0.9, 1.0, 0.8333, 0.8, 0.8571, 0.8333, 1.0, 0.75, 1.0, 1.0, 0.7778, 0.9, 0.8333, 1.0, 0.8571, 0.1667, 1.0, 0.8333, 0.8, 1.0, 0.7778, 1.0, 0.8182, 0.0, 1.0, 1.0, 0.7059, 0.7778, 0.75, 0.75, 0.75, 0.0909, 0.7778, 0.75, 0.9091, 0.7778, 0.8333, 1.0, 1.0, 0.0, 0.5, 0.8889, 1.0, 0.625, 0.7778, 1.0, 0.0, 0.0, 1.0, 1.0, 0.6667, 0.875, 0.7778, 0.8333, 0.0, 0.875, 0.8889, 0.8889, 0.75, 0.6667, 0.9091, 0.6667, 0.0, 0.8, 1.0, 1.0, 1.0, 0.5556, 1.0, 0.875, 0.0, 0.6, 0.6, 1.0, 1.0, 0.25, 1.0, 0.7778, 0.1, 1.0, 0.9, 0.8571, 1.0, 0.0, 0.8571, 0.6, 0.0, 0.8889, 0.6, 0.8889, 0.75, 0.1429, 1.0, 1.0, 1.0, 0.9, 1.0, 1.0, 0.8333, 0.0, 0.7778, 1.0, 0.7143, 0.8889, 0.75, 1.0, 1.0, 0.0, 1.0, 0.6667, 1.0, 0.7143, 0.8571, 0.8, 0.875, 1.0, 0.9, 1.0, 0.6667, 1.0, 1.0, 0.8182, 0.7143, 1.0, 0.8889, 0.5714, 0.7143, 1.0, 1.0, 1.0, 1.0, 0.7273, 0.7143, 0.9, 0.7778, 1.0, 0.8333, 1.0, 0.75, 1.0, 0.7, 0.8571, 0.8333, 0.8889, 1.0, 1.0, 0.8889, 0.9, 1.0, 0.8333, 0.9286, 0.8182, 0.9231, 1.0, 0.75, 1.0, 0.8333, 0.8571, 0.8, 1.0, 0.6, 1.0, 1.0, 0.625, 0.7, 0.8, 0.8333, 1.0, 1.0, 0.8, 0.625, 0.9, 0.6667, 1.0, 1.0, 0.875, 1.0, 0.875, 0.875, 0.8889, 1.0, 0.625, 1.0, 0.9, 1.0, 0.7778, 1.0, 0.8, 0.75, 0.7143, 1.0, 1.0, 0.7778, 0.6667, 0.8333, 0.7143, 1.0, 0.625, 1.0, 0.75, 0.8333, 0.7778, 0.9091, 1.0]"
line_manager_first,11,line_manager_first,0.768,0.768,0.768,0.0,30,True,1536,0,325,139,0,"[0.05, 0.081, 0.1125, 0.1475, 0.1875, 0.2305, 0.2785, 0.327, 0.369, 0.4065, 0.442, 0.472, 0.5, 0.526, 0.55, 0.5745, 0.5945, 0.615, 0.639, 0.661, 0.676, 0.687, 0.7, 0.714, 0.7285, 0.74, 0.748, 0.7575, 0.7645, 0.768, 0.768, 0.768, 0.768, 0.768, 0.768, 0.768, 0.768, 0.768, 0.768, 0.768, 0.768, 0.768, 0.768, 0.768, 0.768, 0.768, 0.768, 0.768, 0.768, 0.768, 0.768, 0.768, 0.768, 0.768, 0.768, 0.768, 0.768, 0.768, 0.768, 0.768, 0.768, 0.768, 0.768, 0.768, 0.768, 0.768, 0.768, 0.768, 0.768, 0.768, 0.768, 0.768, 0.768, 0.768, 0.768, 0.768, 0.768, 0.768, 0.768, 0.768, 0.768, 0.768, 0.768, 0.768, 0.768, 0.768, 0.768, 0.768, 0.768, 0.768, 0.768, 0.768, 0.768, 0.768, 0.768, 0.768, 0.768, 0.768, 0.768, 0.768, 0.768]","{""0"": 0.8622, ""1"": 0.8156, ""2"": 0.8381, ""3"": 0.83, ""4"": 0.834, ""5"": 0.8571, ""6"": 0.6339, ""7"": 0.4962}","[1.0, 0.5714, 0.8333, 1.0, 1.0, 0.7, 1.0, 0.8571, 0.75, 0.7143, 0.6667, 0.8889, 0.6667, 0.8571, 0.875, 0.6, 0.8889, 0.7778, 0.7778, 0.9, 0.7143, 1.0, 0.8, 0.625, 0.6, 0.75, 0.75, 1.0, 0.875, 0.75, 0.8182, 0.8571, 0.8, 0.8333, 1.0, 0.8571, 1.0, 0.7778, 0.8, 0.8889, 1.0, 1.0, 0.8571, 0.75, 0.6, 1.0, 0.5, 0.8, 0.8333, 1.0, 0.875, 1.0, 0.8462, 0.9091, 1.0, 1.0, 0.0, 0.9091, 1.0, 0.7273, 0.7143, 1.0, 0.875, 0.5, 0.1818, 0.7, 0.8182, 1.0, 0.8571, 0.8889, 0.7143, 0.8571, 0.1667, 0.9091, 0.8889, 0.6, 1.0, 0.7, 0.8571, 1.0, 0.0909, 1.0, 1.0, 0.8333, 0.8, 1.0, 1.0, 0.8182, 0.0, 1.0, 1.0, 0.625, 1.0, 0.8182, 0.7143, 0.6667, 0.0, 1.0, 0.8182, 0.875, 0.6667, 0.8, 1.0, 1.0, 0.0, 0.9, 0.9167, 0.8571, 0.75, 0.8, 1.0, 1.0, 0.0769, 0.8889, 0.8889, 1.0, 0.8462, 1.0, 0.8333, 1.0, 0.1, 0.8, 1.0, 0.7778, 0.9, 0.75, 0.8571, 0.7857, 0.1667, 1.0, 0.875, 0.8, 1.0, 0.625, 0.8571, 0.8, 0.0, 0.8571, 0.0, 0.625, 0.75, 0.5, 0.625, 0.5, 0.0, 0.8889, 0.0, 0.7143, 0.8571, 1.0, 1.0, 0.875, 0.25, 1.0, 0.8, 1.0, 0.9091, 0.6667, 0.75, 0.8333, 0.1429, 0.8889, 0.875, 1.0, 0.8182, 0.75, 0.6667, 0.5, 0.7778, 0.9, 0.8571, 0.9, 1.0, 0.8333, 1.0, 0.2, 0.75, 0.7, 0.8182, 0.875, 0.6667, 0.7778, 1.0, 0.125, 1.0, 1.0, 0.8, 0.8, 0.75, 0.9, 0.75, 0.2, 0.75, 0.75, 0.75, 1.0, 0.4286, 1.0, 0.8, 0.0, 0.75, 0.7143, 1.0, 0.7143, 0.9, 1.0, 0.8, 0.0, 0.8889, 1.0, 1.0, 0.6, 1.0, 0.8182, 1.0, 0.0, 0.75, 1.0, 1.0, 0.6, 0.6923, 0.6667, 0.7143, 0.0, 0.8, 0.75, 0.8333, 1.0, 0.875, 0.6667, 1.0, 0.4444, 0.9167, 0.8, 1.0, 0.875, 0.875, 1.0, 0.8889, 0.7273, 0.7778, 1.0, 0.8571, 0.6667, 0.7143, 1.0, 0.7778, 0.8182, 0.9091, 0.8333]"
line_manager_first,12,line_manager_first,0.8485,0.8485,0.8485,0.0,42,True,1697,0,277,26,0,"[0.05, 0.0735, 0.0905, 0.111, 0.1305, 0.1545, 0.1815, 0.2155, 0.251, 0.286, 0.3215, 0.3555, 0.394, 0.4285, 0.4605, 0.4925, 0.526, 0.5605, 0.5865, 0.6115, 0.635, 0.659, 0.684, 0.707, 0.725, 0.744, 0.76, 0.7725, 0.7825, 0.791, 0.7965, 0.803, 0.8115, 0.8165, 0.821, 0.8255, 0.832, 0.8375, 0.8425, 0.8465, 0.848, 0.8485, 0.8485, 0.8485, 0.8485, 0.8485, 0.8485, 0.8485, 0.8485, 0.8485, 0.8485, 0.8485, 0.8485, 0.8485, 0.8485, 0.8485, 0.8485, 0.8485, 0.8485, 0.8485, 0.8485, 0.8485, 0.8485, 0.8485, 0.8485, 0.8485, 0.8485, 0.8485, 0.8485, 0.8485, 0.8485, 0.8485, 0.8485, 0.8485, 0.8485, 0.8485, 0.8485, 0.8485, 0.8485, 0.8485, 0.8485, 0.8485, 0.8485, 0.8485, 0.8485, 0.8485, 0.8485, 0.8485, 0.8485, 0.8485, 0.8485, 0.8485, 0.8485, 0.8485, 0.8485, 0.8485, 0.8485, 0.8485, 0.8485, 0.8485, 0.8485]","{""0"": 0.8453, ""1"": 0.8657, ""2"": 0.8171, ""3"": 0.8635, ""4"": 0.7893, ""5"": 0.8787, ""6"": 0.8458, ""7"": 0.8819}","[0.6667, 1.0, 1.0, 0.7273, 0.8182, 0.8571, 0.8889, 0.875, 0.875, 0.8571, 1.0, 0.6667, 0.7, 0.8889, 0.7778, 0.8462, 0.7778, 0.8571, 0.8, 1.0, 0.7143, 0.8, 0.625, 0.8, 1.0, 1.0, 0.75, 1.0, 0.7778, 1.0, 0.7143, 0.8, 1.0, 0.8333, 0.8889, 0.8889, 1.0, 0.6667, 1.0, 0.9286, 0.9231, 0.6667, 0.9167, 0.9, 0.7778, 0.8462, 1.0, 0.7143, 0.75, 0.5, 0.875, 0.8889, 1.0, 1.0, 0.875, 0.75, 0.8182, 0.875, 0.75, 0.7, 1.0, 0.9, 1.0, 0.75, 1.0, 1.0, 0.8571, 0.6, 0.625, 0.8333, 0.8333, 1.0, 1.0, 0.9286, 0.75, 0.875, 1.0, 0.7778, 0.875, 0.875, 0.7778, 0.8333, 1.0, 1.0, 1.0, 0.6667, 0.8333, 0.8, 0.8889, 1.0, 1.0, 0.8, 0.8571, 0.8571, 0.875, 0.625, 0.9167, 0.8889, 0.7778, 0.4286, 0.7143, 0.8333, 0.8889, 0.8571, 0.6667, 0.8, 0.8889, 0.1, 1.0, 0.7778, 1.0, 0.8333, 1.0, 1.0, 0.8333, 1.0, 1.0, 1.0, 0.875, 1.0, 0.7143, 0.7, 0.9167, 0.8571, 1.0, 1.0, 0.875, 1.0, 0.875, 0.7143, 0.9, 0.875, 1.0, 0.9231, 0.8571, 0.8333, 1.0, 0.6667, 1.0, 1.0, 0.8333, 0.75, 1.0, 0.9, 0.8333, 1.0, 0.875, 1.0, 1.0, 1.0, 0.8889, 1.0, 0.8, 1.0, 0.8889, 0.6667, 0.8333, 0.875, 1.0, 0.3333, 1.0, 0.6667, 0.8, 1.0, 0.6, 0.7273, 1.0, 0.5714, 0.8, 0.8571, 0.8889, 0.8889, 0.8889, 0.8571, 1.0, 0.8571, 0.8889, 0.9091, 0.75, 1.0, 1.0, 1.0, 1.0, 1.0, 0.8333, 0.7, 0.8571, 0.7143, 0.6667, 1.0, 0.7143, 0.875, 1.0, 0.5, 0.8333, 0.75, 0.8333, 1.0, 0.6667, 0.6667, 1.0, 0.7692, 0.8182, 1.0, 0.7143, 0.75, 0.8889, 0.9, 0.6, 0.8333, 1.0, 0.75, 0.75, 0.1429, 0.7143, 0.8333, 0.8, 0.9, 1.0, 1.0, 1.0, 0.1667, 1.0, 0.9091, 0.75, 1.0, 0.9091, 0.8571, 1.0, 0.0, 0.8, 1.0, 1.0, 0.7, 0.875, 1.0, 0.7778, 0.6, 0.75, 1.0, 1.0, 1.0, 0.6, 0.7143, 0.9091, 0.8889, 1.0, 1.0, 0.9, 1.0]"
line_manager_first,13,line_manager_first,0.7985,0.7985,0.7985,0.0,44,True,1597,0,288,115,0,"[0.05, 0.081, 0.1115, 0.15, 0.195, 0.2445, 0.2885, 0.328, 0.3635, 0.3965, 0.43, 0.47, 0.5065, 0.5385, 0.566, 0.596, 0.626, 0.6605, 0.6845, 0.7035, 0.718, 0.7265, 0.7295, 0.731, 0.7325, 0.735, 0.737, 0.738, 0.74, 0.743, 0.747, 0.75, 0.752, 0.754, 0.756, 0.759, 0.7625, 0.7685, 0.774, 0.7825, 0.787, 0.792, 0.796, 0.7985, 0.7985, 0.7985, 0.7985, 0.7985, 0.7985, 0.7985, 0.7985, 0.7985, 0.7985, 0.7985, 0.7985, 0.7985, 0.7985, 0.7985, 0.7985, 0.7985, 0.7985, 0.7985, 0.7985, 0.7985, 0.7985, 0.7985, 0.7985, 0.7985, 0.7985, 0.7985, 0.7985, 0.7985, 0.7985, 0.7985, 0.7985, 0.7985, 0.7985, 0.7985, 0.7985, 0.7985, 0.7985, 0.7985, 0.7985, 0.7985, 0.7985, 0.7985, 0.7985, 0.7985, 0.7985, 0.7985, 0.7985, 0.7985, 0.7985, 0.7985, 0.7985, 0.7985, 0.7985, 0.7985, 0.7985, 0.7985, 0.7985]","{""0"": 0.7737, ""1"": 0.8382, ""2"": 0.8826, ""3"": 0.8651, ""4"": 0.8333, ""5"": 0.5992, ""6"": 0.8601, ""7"": 0.7287}","[0.8889, 1.0, 0.75, 0.75, 1.0, 1.0, 1.0, 1.0, 0.6667, 1.0, 0.5, 1.0, 0.625, 1.0, 1.0, 0.6667, 0.8889, 0.75, 0.625, 1.0, 0.8333, 1.0, 0.8, 0.8182, 0.7, 0.7143, 0.75, 1.0, 1.0, 0.7778, 0.9091, 0.8571, 0.8571, 0.8333, 0.7143, 0.9091, 1.0, 1.0, 1.0, 0.8333, 0.875, 0.75, 1.0, 0.875, 0.75, 0.75, 0.875, 0.8333, 0.8, 1.0, 1.0, 0.875, 0.8889, 0.8, 0.9091, 1.0, 0.8333, 0.8571, 1.0, 0.8, 0.8333, 0.625, 1.0, 1.0, 0.875, 0.8182, 0.875, 1.0, 0.9231, 0.8889, 1.0, 0.7143, 0.875, 0.9, 0.9, 0.8571, 0.5714, 1.0, 0.875, 1.0, 0.8571, 0.6667, 1.0, 0.75, 0.6364, 0.8571, 1.0, 0.8333, 0.8889, 0.6364, 1.0, 0.625, 0.9091, 0.8571, 0.8333, 0.5714, 0.8571, 0.8889, 0.4, 0.8, 0.875, 0.7, 0.8, 0.9, 1.0, 0.0, 1.0, 1.0, 0.8462, 0.625, 1.0, 1.0, 1.0, 0.0, 0.8, 1.0, 0.8333, 0.7143, 0.8333, 0.875, 0.8, 0.0909, 1.0, 1.0, 0.875, 0.5, 0.0909, 1.0, 1.0, 1.0, 1.0, 0.9091, 0.875, 0.8889, 0.2, 0.8333, 0.875, 0.8333, 0.875, 0.6667, 1.0, 0.7, 0.1111, 0.7778, 0.7, 1.0, 1.0, 1.0, 0.6667, 1.0, 0.0833, 1.0, 0.0909, 0.875, 0.8182, 0.9091, 1.0, 1.0, 0.125, 0.8333, 0.1667, 0.6, 1.0, 1.0, 0.8889, 0.8571, 0.1429, 0.8333, 0.125, 0.8889, 0.8571, 0.6, 1.0, 0.7778, 0.8, 1.0, 0.0, 0.9091, 1.0, 0.9091, 1.0, 0.8667, 0.0, 1.0, 0.4286, 0.75, 1.0, 0.6, 0.7143, 1.0, 0.4, 0.6154, 0.5, 1.0, 0.625, 1.0, 0.9167, 0.625, 0.25, 0.6667, 0.8571, 0.9, 0.9, 1.0, 0.875, 1.0, 0.0, 0.7778, 0.8571, 0.8462, 0.8333, 0.9091, 0.875, 1.0, 0.8889, 1.0, 1.0, 0.8, 0.5455, 1.0, 0.8571, 0.8, 1.0, 0.875, 0.7143, 1.0, 0.7143, 0.6667, 1.0, 0.8182, 1.0, 1.0, 0.7778, 0.8571, 1.0, 1.0, 0.8333, 0.75, 0.8, 0.8182, 0.8571, 0.75, 0.7143, 0.7143, 0.8889, 0.8, 1.0, 0.9091, 0.7778, 0.7]"
line_manager_first,14,line_manager_first,0.826,0.826,0.826,0.0,32,True,1652,0,303,45,0,"[0.05, 0.0785, 0.1115, 0.1575, 0.2075, 0.2625, 0.317, 0.3705, 0.417, 0.464, 0.5065, 0.544, 0.5815, 0.6205, 0.643, 0.666, 0.691, 0.7115, 0.7315, 0.7455, 0.755, 0.768, 0.7755, 0.784, 0.7905, 0.7965, 0.8055, 0.814, 0.8175, 0.823, 0.8255, 0.826, 0.826, 0.826, 0.826, 0.826, 0.826, 0.826, 0.826, 0.826, 0.826, 0.826, 0.826, 0.826, 0.826, 0.826, 0.826, 0.826, 0.826, 0.826, 0.826, 0.826, 0.826, 0.826, 0.826, 0.826, 0.826, 0.826, 0.826, 0.826, 0.826, 0.826, 0.826, 0.826, 0.826, 0.826, 0.826, 0.826, 0.826, 0.826, 0.826, 0.826, 0.826, 0.826, 0.826, 0.826, 0.826, 0.826, 0.826, 0.826, 0.826, 0.826, 0.826, 0.826, 0.826, 0.826, 0.826, 0.826, 0.826, 0.826, 0.826, 0.826, 0.826, 0.826, 0.826, 0.826, 0.826, 0.826, 0.826, 0.826, 0.826]","{""0"": 0.8595, ""1"": 0.8764, ""2"": 0.7682, ""3"": 0.8365, ""4"": 0.8371, ""5"": 0.8103, ""6"": 0.843, ""7"": 0.7695}","[0.8889, 0.875, 0.8889, 1.0, 1.0, 0.8462, 0.9, 1.0, 0.0, 1.0, 0.8182, 0.5, 0.7778, 0.75, 0.8, 1.0, 0.5, 0.8333, 0.75, 0.8333, 0.8571, 0.75, 0.9231, 0.9, 0.7, 1.0, 0.875, 1.0, 1.0, 0.7, 0.8333, 0.7273, 0.8889, 0.6667, 1.0, 1.0, 1.0, 1.0, 0.6667, 1.0, 0.75, 0.8, 0.875, 0.7778, 1.0, 1.0, 0.7143, 1.0, 1.0, 0.8, 1.0, 0.8, 1.0, 1.0, 0.7778, 0.7273, 0.9231, 0.9091, 0.8889, 0.75, 1.0, 1.0, 1.0, 0.5714, 0.8571, 1.0, 0.8, 0.7, 0.625, 1.0, 0.8182, 0.6, 0.6667, 1.0, 1.0, 1.0, 1.0, 0.8, 0.7778, 0.875, 0.8571, 0.7143, 0.7778, 1.0, 1.0, 0.0833, 1.0, 0.8333, 0.7143, 0.75, 0.875, 1.0, 0.7143, 0.0, 0.75, 0.875, 1.0, 0.6, 0.8333, 1.0, 0.9091, 1.0, 0.625, 1.0, 1.0, 1.0, 0.75, 0.8, 0.7778, 0.7143, 0.75, 0.8, 0.8571, 1.0, 1.0, 1.0, 0.875, 0.875, 0.8333, 0.75, 0.625, 0.8571, 1.0, 0.0833, 0.7778, 1.0, 0.8889, 1.0, 1.0, 0.8333, 1.0, 0.3333, 1.0, 1.0, 0.4, 1.0, 1.0, 0.8571, 0.5556, 0.5, 0.7143, 0.875, 0.7273, 1.0, 0.8333, 0.8, 0.875, 1.0, 0.8889, 1.0, 0.4286, 1.0, 1.0, 1.0, 0.7778, 0.75, 0.4286, 1.0, 0.8889, 0.5714, 0.8571, 0.8571, 0.8, 0.8, 0.8571, 0.7778, 0.8, 0.75, 0.8889, 0.6667, 1.0, 0.8333, 0.8, 1.0, 0.8571, 0.7143, 1.0, 1.0, 0.8333, 0.7143, 0.9231, 0.8, 0.875, 0.8333, 0.75, 1.0, 0.875, 0.7143, 0.9231, 1.0, 1.0, 1.0, 1.0, 0.9, 0.8571, 0.6, 0.8182, 0.8889, 1.0, 0.8, 1.0, 0.8333, 0.9, 0.6364, 0.75, 0.8, 0.7143, 0.5455, 1.0, 0.8333, 1.0, 0.7143, 0.8571, 1.0, 1.0, 0.75, 0.7143, 0.7143, 0.9, 0.875, 1.0, 0.8, 0.8571, 0.8333, 0.875, 0.7778, 0.8333, 0.8889, 0.6, 0.8571, 0.8571, 1.0, 0.5714, 1.0, 0.9, 1.0, 0.4444, 1.0, 0.9091, 0.875, 0.1667, 0.7143, 1.0, 0.875, 0.6667, 1.0, 0.8333, 0.7778, 0.125, 0.8182]"
line_manager_first,15,line_manager_first,0.7995,0.7995,0.7995,0.0,42,True,1599,0,299,102,0,"[0.05, 0.0745, 0.096, 0.1175, 0.1425, 0.17, 0.2, 0.232, 0.266, 0.2925, 0.3245, 0.3545, 0.3865, 0.409, 0.429, 0.4575, 0.4905, 0.516, 0.5405, 0.559, 0.574, 0.592, 0.611, 0.6255, 0.639, 0.657, 0.673, 0.687, 0.702, 0.716, 0.7335, 0.753, 0.7655, 0.7705, 0.7765, 0.7815, 0.789, 0.791, 0.793, 0.795, 0.799, 0.7995, 0.7995, 0.7995, 0.7995, 0.7995, 0.7995, 0.7995, 0.7995, 0.7995, 0.7995, 0.7995, 0.7995, 0.7995, 0.7995, 0.7995, 0.7995, 0.7995, 0.7995, 0.7995, 0.7995, 0.7995, 0.7995, 0.7995, 0.7995, 0.7995, 0.7995, 0.7995, 0.7995, 0.7995, 0.7995, 0.7995, 0.7995, 0.7995, 0.7995, 0.7995, 0.7995, 0.7995, 0.7995, 0.7995, 0.7995, 0.7995, 0.7995, 0.7995, 0.7995, 0.7995, 0.7995, 0.7995, 0.7995, 0.7995, 0.7995, 0.7995, 0.7995, 0.7995, 0.7995, 0.7995, 0.7995, 0.7995, 0.7995, 0.7995, 0.7995]","{""0"": 0.6535, ""1"": 0.8516, ""2"": 0.75, ""3"": 0.8577, ""4"": 0.8683, ""5"": 0.7214, ""6"": 0.8704, ""7"": 0.8292}","[0.8889, 0.875, 0.9, 1.0, 0.6667, 1.0, 0.8889, 0.8182, 1.0, 1.0, 0.875, 0.8, 0.9167, 1.0, 0.8, 0.8889, 0.6667, 0.8, 0.8333, 0.75, 0.7273, 0.9091, 0.8889, 1.0, 0.7143, 0.9286, 0.7778, 0.5, 1.0, 0.875, 0.75, 1.0, 0.7778, 0.9, 0.7778, 0.7778, 0.9, 0.75, 1.0, 0.8571, 0.6667, 0.8, 1.0, 0.7778, 1.0, 0.875, 0.75, 0.9, 0.9, 0.8333, 0.7143, 1.0, 1.0, 0.7778, 0.25, 0.7143, 0.8571, 0.6667, 0.8333, 0.7273, 0.7, 1.0, 0.1429, 1.0, 1.0, 0.875, 0.6667, 1.0, 0.875, 0.8571, 0.1538, 0.9, 1.0, 0.7778, 0.7778, 0.6667, 1.0, 1.0, 0.2857, 1.0, 0.8333, 0.5, 0.9167, 0.8, 0.6667, 1.0, 0.0769, 0.75, 0.875, 0.8333, 0.8, 1.0, 0.625, 0.8571, 0.375, 0.8, 1.0, 0.8571, 1.0, 0.8182, 1.0, 0.8571, 0.8333, 0.6, 0.7, 0.875, 0.7778, 0.6, 0.875, 0.875, 0.6923, 0.8, 0.8333, 1.0, 1.0, 1.0, 1.0, 1.0, 0.8, 1.0, 1.0, 1.0, 1.0, 1.0, 0.75, 0.8, 0.8333, 1.0, 0.7, 1.0, 0.625, 0.6667, 1.0, 0.875, 1.0, 0.875, 0.4286, 0.8, 1.0, 0.9, 0.6667, 0.8889, 0.625, 1.0, 0.7143, 0.5, 0.7778, 0.625, 0.8182, 0.8571, 1.0, 0.8571, 0.75, 0.4, 0.8333, 0.8571, 1.0, 1.0, 0.7778, 0.7778, 1.0, 0.4, 0.7, 0.6, 1.0, 0.7778, 1.0, 0.75, 0.8, 0.1, 0.8571, 1.0, 0.8571, 1.0, 1.0, 1.0, 1.0, 0.125, 1.0, 0.5714, 0.8333, 0.6667, 1.0, 0.8462, 0.8, 0.2857, 0.8182, 0.8571, 1.0, 1.0, 0.75, 1.0, 0.75, 0.0, 1.0, 0.8333, 0.8, 0.75, 1.0, 1.0, 1.0, 0.0, 0.6667, 1.0, 0.6, 0.8125, 1.0, 0.7, 1.0, 0.0, 0.8462, 0.875, 1.0, 0.875, 0.7143, 0.875, 0.6, 0.0, 0.8889, 0.7273, 1.0, 0.8, 0.8333, 0.875, 0.8333, 0.2222, 0.8333, 1.0, 0.875, 1.0, 0.9091, 1.0, 0.8571, 0.7143, 0.8571, 0.0, 0.8889, 0.5, 0.8333, 0.7778, 0.8889, 1.0, 1.0, 0.0909, 0.75, 0.7143, 0.7273, 0.8889, 0.8571, 1.0]"
line_manager_first,16,line_manager_first,0.7875,0.7875,0.7875,0.0,32,True,1575,0,283,142,0,"[0.05, 0.071, 0.0895, 0.114, 0.1415, 0.178, 0.2175, 0.254, 0.292, 0.325, 0.359, 0.391, 0.4185, 0.444, 0.466, 0.493, 0.522, 0.5525, 0.5855, 0.614, 0.6395, 0.6675, 0.6865, 0.7015, 0.7165, 0.7335, 0.7465, 0.756, 0.766, 0.775, 0.783, 0.7875, 0.7875, 0.7875, 0.7875, 0.7875, 0.7875, 0.7875, 0.7875, 0.7875, 0.7875, 0.7875, 0.7875, 0.7875, 0.7875, 0.7875, 0.7875, 0.7875, 0.7875, 0.7875, 0.7875, 0.7875, 0.7875, 0.7875, 0.7875, 0.7875, 0.7875, 0.7875, 0.7875, 0.7875, 0.7875, 0.7875, 0.7875, 0.7875, 0.7875, 0.7875, 0.7875, 0.7875, 0.7875, 0.7875, 0.7875, 0.7875, 0.7875, 0.7875, 0.7875, 0.7875, 0.7875, 0.7875, 0.7875, 0.7875, 0.7875, 0.7875, 0.7875, 0.7875, 0.7875, 0.7875, 0.7875, 0.7875, 0.7875, 0.7875, 0.7875, 0.7875, 0.7875, 0.7875, 0.7875, 0.7875, 0.7875, 0.7875, 0.7875, 0.7875, 0.7875]","{""0"": 0.8694, ""1"": 0.8687, ""2"": 0.8287, ""3"": 0.7643, ""4"": 0.8672, ""5"": 0.58, ""6"": 0.8724, ""7"": 0.6518}","[1.0, 1.0, 0.9167, 1.0, 0.8333, 0.75, 0.875, 0.8889, 0.0, 0.875, 0.875, 0.875, 1.0, 0.8571, 0.875, 0.75, 0.0833, 1.0, 0.8571, 0.8571, 1.0, 1.0, 0.8333, 0.8571, 0.1, 1.0, 1.0, 1.0, 0.8571, 0.8, 0.75, 1.0, 0.25, 0.8, 0.75, 1.0, 0.7778, 0.9091, 0.7, 1.0, 1.0, 0.8333, 0.8333, 0.6667, 0.9167, 0.5, 1.0, 0.8, 0.75, 1.0, 1.0, 0.8182, 0.7273, 0.8333, 1.0, 0.75, 0.7778, 0.625, 0.6667, 1.0, 0.8571, 0.9, 0.625, 1.0, 1.0, 0.625, 0.5, 0.8182, 0.75, 1.0, 0.5, 0.8333, 1.0, 1.0, 0.9091, 0.9, 1.0, 0.875, 0.1667, 0.9091, 1.0, 0.875, 0.8, 0.5, 0.7778, 1.0, 0.0, 0.8, 1.0, 0.8, 1.0, 0.6, 0.8, 0.9, 0.0, 1.0, 0.875, 0.9167, 0.75, 0.6, 0.6667, 1.0, 0.25, 0.8, 0.75, 1.0, 0.8889, 0.25, 0.9231, 0.8571, 0.0, 0.75, 0.875, 0.8889, 0.8571, 0.875, 0.8571, 1.0, 0.0, 0.8333, 1.0, 0.8333, 1.0, 0.875, 0.8333, 0.875, 0.0, 1.0, 0.625, 0.9, 0.7, 0.875, 1.0, 0.8, 0.0, 0.8571, 1.0, 1.0, 0.8333, 1.0, 1.0, 0.875, 0.2, 0.8, 1.0, 0.75, 0.8, 1.0, 1.0, 1.0, 0.625, 0.8889, 0.8889, 1.0, 0.875, 0.9, 0.8, 0.875, 0.5, 0.8333, 0.8, 0.875, 0.8571, 0.5, 1.0, 1.0, 0.8333, 0.7143, 1.0, 1.0, 0.8182, 1.0, 0.8889, 0.7778, 0.8571, 0.875, 1.0, 0.7, 1.0, 0.4, 0.7143, 0.8, 0.6667, 0.8889, 1.0, 0.875, 0.6667, 0.8462, 0.0, 0.75, 0.8571, 0.8333, 0.625, 0.875, 0.875, 0.8571, 0.1429, 1.0, 1.0, 0.7778, 0.75, 0.8333, 1.0, 1.0, 0.0, 0.5556, 0.875, 1.0, 0.8, 1.0, 0.8889, 0.5714, 0.0, 1.0, 0.6, 1.0, 0.8333, 0.75, 0.9, 0.8571, 0.8333, 0.8889, 0.875, 0.9, 0.3, 0.8, 0.9167, 0.8571, 0.8182, 0.8333, 0.6667, 0.875, 0.0, 0.6667, 0.8889, 0.8889, 1.0, 0.8333, 0.75, 1.0, 0.1, 1.0, 0.8333, 1.0, 0.6667, 0.9, 0.7143, 0.7273, 0.1667, 1.0]"
line_manager_first,17,line_manager_first,0.7635,0.7635,0.7635,0.0,37,True,1527,0,278,195,0,"[0.05, 0.074, 0.0975, 0.1205, 0.1495, 0.1875, 0.2285, 0.27, 0.301, 0.34, 0.386, 0.418, 0.4505, 0.478, 0.512, 0.541, 0.5725, 0.596, 0.6125, 0.6295, 0.646, 0.657, 0.666, 0.675, 0.688, 0.7015, 0.713, 0.721, 0.727, 0.733, 0.738, 0.7445, 0.751, 0.754, 0.756, 0.7605, 0.7635, 0.7635, 0.7635, 0.7635, 0.7635, 0.7635, 0.7635, 0.7635, 0.7635, 0.7635, 0.7635, 0.7635, 0.7635, 0.7635, 0.7635, 0.7635, 0.7635, 0.7635, 0.7635, 0.7635, 0.7635, 0.7635, 0.7635, 0.7635, 0.7635, 0.7635, 0.7635, 0.7635, 0.7635, 0.7635, 0.7635, 0.7635, 0.7635, 0.7635, 0.7635, 0.7635, 0.7635, 0.7635, 0.7635, 0.7635, 0.7635, 0.7635, 0.7635, 0.7635, 0.7635, 0.7635, 0.7635, 0.7635, 0.7635, 0.7635, 0.7635, 0.7635, 0.7635, 0.7635, 0.7635, 0.7635, 0.7635, 0.7635, 0.7635, 0.7635, 0.7635, 0.7635, 0.7635, 0.7635, 0.7635]","{""0"": 0.8471, ""1"": 0.6356, ""2"": 0.6757, ""3"": 0.873, ""4"": 0.8725, ""5"": 0.7355, ""6"": 0.8614, ""7"": 0.596}","[0.8889, 1.0, 0.9167, 1.0, 0.7692, 1.0, 1.0, 0.7273, 0.7143, 0.7273, 1.0, 1.0, 0.8571, 0.8889, 1.0, 1.0, 0.8571, 1.0, 1.0, 1.0, 0.8, 0.625, 1.0, 1.0, 1.0, 0.9, 1.0, 1.0, 0.8182, 1.0, 0.75, 0.8333, 0.875, 1.0, 0.8333, 0.6, 1.0, 1.0, 0.7778, 1.0, 0.8, 1.0, 0.8333, 0.75, 1.0, 0.8889, 0.8889, 0.8182, 0.5, 0.7273, 0.8, 0.8571, 0.625, 0.7778, 1.0, 0.5714, 0.8, 0.8889, 0.8571, 0.8571, 1.0, 0.6667, 0.8571, 1.0, 0.75, 1.0, 0.8333, 1.0, 1.0, 1.0, 1.0, 0.7143, 1.0, 0.875, 1.0, 0.8182, 1.0, 0.875, 0.9, 0.8571, 1.0, 0.6667, 0.625, 1.0, 1.0, 1.0, 1.0, 1.0, 0.5, 0.8571, 0.8, 0.8, 0.6, 1.0, 1.0, 0.875, 1.0, 0.8333, 0.8, 0.8333, 0.875, 0.8, 0.8571, 0.875, 1.0, 0.8889, 0.7778, 0.8889, 1.0, 0.8571, 0.125, 0.875, 1.0, 0.7778, 0.8333, 0.8889, 0.875, 1.0, 0.0, 0.6667, 0.8, 1.0, 1.0, 0.75, 1.0, 0.9, 0.0, 0.8, 0.8462, 0.8571, 0.8571, 0.9167, 0.8, 0.75, 0.0, 0.8182, 0.875, 1.0, 0.8571, 0.8889, 1.0, 1.0, 0.125, 0.8333, 0.5455, 0.8, 0.0, 0.8462, 0.9, 0.8333, 0.8571, 0.6, 0.6, 0.8333, 0.1, 0.875, 0.875, 0.8571, 0.75, 0.8182, 0.125, 1.0, 1.0, 0.875, 0.8, 0.8571, 0.625, 1.0, 0.1111, 0.875, 0.1, 0.875, 0.8571, 1.0, 0.9091, 0.8571, 0.0, 0.8333, 0.125, 0.8, 0.7273, 0.8333, 0.7143, 1.0, 0.0, 0.875, 0.5, 0.1429, 0.9167, 1.0, 1.0, 1.0, 0.1, 0.875, 0.0, 0.0, 0.75, 0.8889, 0.6, 1.0, 0.1429, 0.8333, 0.125, 0.125, 1.0, 0.625, 0.6, 0.8571, 0.0, 0.625, 0.0, 0.0, 0.7143, 0.8462, 0.9, 0.7778, 0.1667, 0.8333, 1.0, 0.1, 0.8571, 1.0, 0.9, 1.0, 0.6, 0.8333, 0.8, 0.0, 0.8571, 0.9, 1.0, 0.9091, 0.125, 0.6, 1.0, 0.0, 0.8889, 0.8, 0.7143, 0.8333, 1.0, 0.7778, 0.8333, 0.0769, 1.0, 0.75, 0.8571, 0.9167, 0.6, 0.8333]"
line_manager_first,18,line_manager_first,0.83,0.83,0.83,0.0,38,True,1660,0,268,72,0,"[0.05, 0.0775, 0.105, 0.138, 0.177, 0.222, 0.267, 0.3105, 0.359, 0.4055, 0.443, 0.475, 0.51, 0.5495, 0.588, 0.6195, 0.6465, 0.67, 0.6945, 0.7175, 0.7375, 0.752, 0.7625, 0.771, 0.7765, 0.7805, 0.786, 0.7915, 0.7985, 0.803, 0.8065, 0.812, 0.815, 0.8205, 0.8245, 0.8255, 0.8275, 0.83, 0.83, 0.83, 0.83, 0.83, 0.83, 0.83, 0.83, 0.83, 0.83, 0.83, 0.83, 0.83, 0.83, 0.83, 0.83, 0.83, 0.83, 0.83, 0.83, 0.83, 0.83, 0.83, 0.83, 0.83, 0.83, 0.83, 0.83, 0.83, 0.83, 0.83, 0.83, 0.83, 0.83, 0.83, 0.83, 0.83, 0.83, 0.83, 0.83, 0.83, 0.83, 0.83, 0.83, 0.83, 0.83, 0.83, 0.83, 0.83, 0.83, 0.83, 0.83, 0.83, 0.83, 0.83, 0.83, 0.83, 0.83, 0.83, 0.83, 0.83, 0.83, 0.83, 0.83]","{""0"": 0.8593, ""1"": 0.7778, ""2"": 0.8947, ""3"": 0.6453, ""4"": 0.8615, ""5"": 0.859, ""6"": 0.8814, ""7"": 0.8683}","[0.7778, 0.8333, 0.8, 0.8571, 0.8, 0.75, 0.9, 0.9091, 0.6667, 0.625, 0.875, 1.0, 0.8333, 0.7778, 0.8889, 1.0, 0.8889, 1.0, 1.0, 0.6667, 0.8571, 1.0, 0.7778, 1.0, 0.8, 0.8571, 1.0, 0.75, 1.0, 1.0, 0.8571, 0.7778, 0.9167, 0.7778, 0.8, 1.0, 0.5714, 0.8462, 1.0, 0.875, 0.8889, 1.0, 0.8333, 0.7143, 0.8333, 1.0, 1.0, 1.0, 1.0, 0.9091, 0.8333, 0.875, 0.875, 0.75, 1.0, 0.75, 0.9, 0.875, 0.6667, 0.8333, 0.8889, 0.7778, 0.8571, 1.0, 0.8, 0.6364, 0.75, 0.9, 0.875, 0.8333, 1.0, 1.0, 1.0, 1.0, 0.8333, 1.0, 0.8889, 1.0, 0.8333, 0.6667, 1.0, 0.8889, 1.0, 1.0, 0.7143, 0.8, 0.7, 1.0, 0.8571, 0.7143, 0.7778, 0.8333, 0.875, 0.8889, 0.6, 1.0, 0.7143, 0.8889, 0.7692, 1.0, 0.9167, 0.8333, 1.0, 0.8571, 1.0, 0.7778, 0.7, 0.8571, 1.0, 0.8889, 0.8, 1.0, 0.7778, 0.75, 0.75, 0.875, 0.7778, 0.8571, 0.875, 0.9, 1.0, 0.8571, 0.8, 1.0, 0.8889, 0.7778, 0.875, 0.75, 0.75, 0.7778, 0.5714, 0.8333, 1.0, 1.0, 1.0, 0.8182, 0.9091, 1.0, 0.5714, 0.8889, 1.0, 1.0, 0.8889, 0.8333, 1.0, 0.875, 0.2857, 0.7, 0.7, 0.8889, 0.7143, 0.8333, 0.6667, 1.0, 0.0, 0.7143, 0.0769, 0.8, 0.8333, 0.9, 0.75, 0.8462, 0.125, 1.0, 0.0, 1.0, 0.9, 0.8889, 0.9091, 1.0, 0.7143, 1.0, 0.125, 0.8333, 0.8, 0.6667, 1.0, 1.0, 0.875, 1.0, 0.0, 0.5, 0.7692, 0.8571, 0.6667, 1.0, 0.8571, 0.8889, 0.0, 0.75, 1.0, 1.0, 0.9, 0.6923, 0.9091, 1.0, 0.0, 0.9091, 1.0, 0.75, 0.5714, 0.7143, 0.8889, 1.0, 0.0, 0.8571, 0.6, 1.0, 1.0, 1.0, 1.0, 1.0, 0.1429, 0.875, 1.0, 1.0, 1.0, 1.0, 0.8333, 0.8571, 0.6667, 1.0, 0.75, 1.0, 0.9091, 0.8, 1.0, 0.6667, 0.9, 0.7778, 1.0, 0.8571, 1.0, 0.8, 1.0, 1.0, 0.8333, 0.8182, 0.8, 0.8, 1.0, 1.0, 0.8571, 0.9167, 0.875, 0.6667, 0.7778, 0.8, 0.7143, 0.8333]"
line_manager_first,19,line_manager_first,0.8275,0.8275,0.8275,0.0,31,True,1655,0,302,43,0,"[0.05, 0.078, 0.1055, 0.1445, 0.192, 0.245, 0.2975, 0.343, 0.39, 0.4395, 0.488, 0.5315, 0.582, 0.629, 0.6585, 0.6835, 0.7085, 0.731, 0.7455, 0.7605, 0.7725, 0.786, 0.7975, 0.8095, 0.817, 0.8215, 0.825, 0.8255, 0.826, 0.827, 0.8275, 0.8275, 0.8275, 0.8275, 0.8275, 0.8275, 0.8275, 0.8275, 0.8275, 0.8275, 0.8275, 0.8275, 0.8275, 0.8275, 0.8275, 0.8275, 0.8275, 0.8275, 0.8275, 0.8275, 0.8275, 0.8275, 0.8275, 0.8275, 0.8275, 0.8275, 0.8275, 0.8275, 0.8275, 0.8275, 0.8275, 0.8275, 0.8275, 0.8275, 0.8275, 0.8275, 0.8275, 0.8275, 0.8275, 0.8275, 0.8275, 0.8275, 0.8275, 0.8275, 0.8275, 0.8275, 0.8275, 0.8275, 0.8275, 0.8275, 0.8275, 0.8275, 0.8275, 0.8275, 0.8275, 0.8275, 0.8275, 0.8275, 0.8275, 0.8275, 0.8275, 0.8275, 0.8275, 0.8275, 0.8275, 0.8275, 0.8275, 0.8275, 0.8275, 0.8275, 0.8275]","{""0"": 0.8543, ""1"": 0.6454, ""2"": 0.8531, ""3"": 0.8488, ""4"": 0.8729, ""5"": 0.849, ""6"": 0.8178, ""7"": 0.8803}","[0.6667, 1.0, 0.6667, 0.6667, 0.8, 1.0, 1.0, 1.0, 0.8, 0.8, 0.1, 0.875, 0.9091, 1.0, 1.0, 0.6, 1.0, 0.6667, 0.8, 0.8571, 0.6364, 1.0, 0.75, 0.875, 0.8333, 1.0, 0.8333, 0.8889, 0.8, 0.6667, 0.8889, 0.7778, 1.0, 0.5, 0.7143, 0.3333, 0.7778, 1.0, 1.0, 0.875, 0.8333, 0.5455, 0.7, 0.8571, 0.8182, 1.0, 0.8333, 1.0, 0.8889, 1.0, 0.9091, 1.0, 1.0, 0.9, 0.8571, 0.5, 0.9091, 1.0, 1.0, 0.8889, 1.0, 0.6667, 0.875, 0.8571, 0.7143, 1.0, 0.9167, 0.4286, 0.8, 0.8889, 0.6667, 1.0, 0.875, 0.875, 1.0, 0.8571, 1.0, 0.8667, 0.8333, 0.5, 0.75, 1.0, 0.8571, 1.0, 0.8, 1.0, 0.8333, 0.9, 1.0, 1.0, 0.0, 1.0, 1.0, 0.9, 0.9167, 0.8889, 1.0, 1.0, 0.0, 1.0, 1.0, 0.75, 0.8333, 0.8889, 0.9231, 1.0, 0.0, 0.7143, 0.875, 0.75, 0.7778, 0.9167, 0.8889, 0.8571, 0.0, 0.8333, 0.8571, 0.75, 0.5714, 0.8333, 0.8571, 0.8333, 0.0, 1.0, 0.7143, 1.0, 0.6667, 0.75, 0.8889, 1.0, 0.0, 0.875, 0.5, 1.0, 0.8, 0.8571, 0.5714, 0.6667, 0.6667, 0.8333, 0.8333, 0.6, 0.75, 0.75, 0.7778, 0.8889, 1.0, 0.875, 1.0, 0.9091, 0.75, 0.8182, 0.6667, 1.0, 0.8333, 0.6667, 1.0, 0.9091, 0.8, 1.0, 1.0, 0.6667, 0.75, 0.7778, 1.0, 1.0, 0.625, 0.6667, 0.9, 1.0, 0.8182, 1.0, 0.7333, 1.0, 0.8, 0.7273, 0.8, 0.9167, 0.75, 0.9, 0.8, 0.5, 1.0, 0.9, 0.8, 1.0, 1.0, 1.0, 1.0, 0.75, 0.875, 0.875, 0.8182, 0.75, 0.8889, 1.0, 0.75, 0.7143, 1.0, 0.7143, 1.0, 0.8333, 0.8, 1.0, 0.8333, 0.8182, 0.8889, 1.0, 1.0, 0.7778, 0.8571, 0.7692, 0.8889, 1.0, 0.8571, 0.8889, 0.8889, 0.8, 1.0, 0.8889, 1.0, 1.0, 1.0, 0.6667, 0.9167, 0.8571, 1.0, 0.8333, 0.8, 1.0, 0.9, 0.9091, 1.0, 0.75, 1.0, 0.75, 0.7, 1.0, 0.8182, 0.2, 1.0, 1.0, 0.875, 0.8571, 1.0, 0.9, 1.0, 0.7692, 0.875, 0.75]"
