seeding.strategy,rep,strategy,final_rate,peak_rate,plateau,relapse,steps_to_fixed_point,converged,n_adopted,n_not_able,n_not_willing,n_not_ready,n_relapsed,curve,dept_rates,team_rates
broadcast,0,broadcast,0.1295,0.1295,0.1295,0.0,37,True,259,0,286,1455,0,"[0.0, 0.021, 0.024, 0.0255, 0.027, 0.029, 0.0305, 0.0315, 0.034, 0.038, 0.0405, 0.044, 0.048, 0.052, 0.058, 0.0625, 0.067, 0.075, 0.079, 0.0835, 0.0895, 0.0945, 0.1, 0.106, 0.108, 0.111, 0.113, 0.115, 0.119, 0.122, 0.1235, 0.1255, 0.1275, 0.128, 0.1285, 0.129, 0.1295, 0.1295, 0.1295, 0.1295, 0.1295, 0.1295, 0.1295, 0.1295, 0.1295, 0.1295, 0.1295, 0.1295, 0.1295, 0.1295, 0.1295, 0.1295, 0.1295, 0.1295, 0.1295, 0.1295, 0.1295, 0.1295, 0.1295, 0.1295, 0.1295, 0.1295, 0.1295, 0.1295, 0.1295, 0.1295, 0.1295, 0.1295, 0.1295, 0.1295, 0.1295, 0.1295, 0.1295, 0.1295, 0.1295, 0.1295, 0.1295, 0.1295, 0.1295, 0.1295, 0.1295, 0.1295, 0.1295, 0.1295, 0.1295, 0.1295, 0.1295, 0.1295, 0.1295, 0.1295, 0.1295, 0.1295, 0.1295, 0.1295, 0.1295, 0.1295, 0.1295, 0.1295, 0.1295, 0.1295, 0.1295]","{""0"": 0.1805, ""1"": 0.0201, ""2"": 0.0154, ""3"": 0.0167, ""4"": 0.0198, ""5"": 0.0212, ""6"": 0.716, ""7"": 0.0364}","[0.1111, 0.0, 0.1, 0.1, 0.0, 0.0, 0.0, 1.0, 0.0, 0.0, 0.0, 0.0, 0.1429, 0.0, 0.0, 0.8182, 0.0, 0.0769, 0.0, 0.0, 0.0, 0.0, 0.0, 0.8182, 0.0, 0.0, 0.0, 0.0, 0.0, 0.0, 0.0, 1.0, 0.0, 0.0, 0.0, 0.0, 0.0, 0.125, 0.0, 0.5714, 0.0, 0.0, 0.0, 0.0, 0.1667, 0.0, 0.0833, 1.0, 0.1818, 0.0, 0.0, 0.0, 0.1667, 0.0, 0.0, 0.875, 0.0, 0.0, 0.1429, 0.0, 0.0, 0.0, 0.0, 0.6667, 0.0, 0.0, 0.0, 0.0, 0.0, 0.0, 0.0, 0.0, 0.0, 0.0, 0.0, 0.0, 0.0, 0.0769, 0.0, 0.0, 0.0, 1.0, 0.0, 0.0, 0.0, 0.1667, 0.0, 0.0, 0.125, 0.8333, 0.0, 0.0, 0.0, 0.0, 0.0, 0.1111, 0.0, 1.0, 0.0, 0.0, 0.0, 0.0, 0.0, 0.2, 0.1429, 1.0, 0.0, 0.0, 0.0, 0.0, 0.125, 0.375, 0.0, 1.0, 0.1667, 0.0, 0.0, 0.0, 0.0, 1.0, 0.0, 1.0, 0.0, 0.25, 0.0, 0.0, 0.0, 1.0, 0.0, 1.0, 0.0, 0.0, 0.0, 0.0, 0.0, 0.8571, 0.125, 0.0, 0.1429, 0.0, 0.0, 0.0, 0.0833, 0.8, 0.0, 0.0, 0.0, 0.0, 0.0, 0.0, 0.0, 0.6667, 0.0, 0.0, 0.0, 0.0, 0.0, 0.0, 0.0, 1.0, 0.0, 0.0, 0.0, 0.0, 0.0, 0.0, 0.0, 0.75, 0.0769, 0.0, 0.0, 0.0, 0.0, 0.0, 0.0, 0.8, 0.0, 0.0, 0.0, 0.0, 0.0909, 0.0, 0.2, 0.7, 0.0, 0.0, 0.0, 0.0, 0.0, 0.0, 0.0, 0.8571, 0.0, 0.0, 0.0, 0.0, 0.0, 0.0, 0.0, 0.8, 0.1667, 0.0, 0.0, 0.0, 0.0, 0.0, 0.0, 1.0, 0.25, 0.0, 0.1429, 0.0, 0.0, 0.0, 0.0, 0.8, 0.0, 0.0, 0.0, 0.0, 0.0, 0.0, 0.0, 1.0, 0.0, 0.1667, 0.0, 0.1111, 0.0, 0.0, 0.0, 0.8182, 0.0, 0.0, 0.0, 0.0, 0.0, 0.1111, 0.1667, 1.0, 0.0, 0.0, 0.0, 0.0, 0.0, 0.1, 0.0, 1.0, 0.0, 0.0]"
broadcast,1,broadcast,0.088,0.088,0.088,0.0,33,True,176,0,290,1534,0,"[0.0, 0.0255, 0.0275, 0.0305, 0.035, 0.039, 0.0425, 0.0465, 0.0535, 0.0575, 0.06, 0.063, 0.065, 0.0665, 0.068, 0.0695, 0.07, 0.0705, 0.071, 0.0715, 0.0725, 0.074, 0.075, 0.076, 0.078, 0.0805, 0.0815, 0.0835, 0.0845, 0.085, 0.0855, 0.0865, 0.088, 0.088, 0.088, 0.088, 0.088, 0.088, 0.088, 0.088, 0.088, 0.088, 0.088, 0.088, 0.088, 0.088, 0.088, 0.088, 0.088, 0.088, 0.088, 0.088, 0.088, 0.088, 0.088, 0.088, 0.088, 0.088, 0.088, 0.088, 0.088, 0.088, 0.088, 0.088, 0.088, 0.088, 0.088, 0.088, 0.088, 0.088, 0.088, 0.088, 0.088, 0.088, 0.088, 0.088, 0.088, 0.088, 0.088, 0.088, 0.088, 0.088, 0.088, 0.088, 0.088, 0.088, 0.088, 0.088, 0.088, 0.088, 0.088, 0.088, 0.088, 0.088, 0.088, 0.088, 0.088, 0.088, 0.088, 0.088, 0.088]","{""0"": 0.0423, ""1"": 0.0202, ""2"": 0.0282, ""3"": 0.4269, ""4"": 0.0127, ""5"": 0.0409, ""6"": 0.0043, ""7"": 0.1093}","[0.1111, 0.125, 0.0, 0.0, 0.0, 0.0, 0.0909, 0.0, 0.125, 0.0, 0.0, 0.0, 0.0, 0.0, 0.1111, 0.0, 0.0, 0.125, 0.0, 0.1667, 0.2, 0.0, 0.0, 0.0, 0.7778, 0.125, 0.0, 0.0, 0.5, 0.0, 0.0, 0.0, 1.0, 0.0, 0.0, 0.1111, 1.0, 0.1111, 0.0, 0.0, 0.875, 0.8, 0.0, 0.0, 0.5714, 0.0, 0.2, 0.0, 0.0, 0.0, 0.0, 0.0, 1.0, 0.0, 0.0, 0.0, 0.0, 0.0, 0.0, 0.0, 1.0, 0.0, 0.0, 0.0, 0.0, 0.0, 0.0, 0.0769, 0.8, 0.0, 0.0, 0.0, 0.0, 0.0, 0.0, 0.0, 0.875, 0.0, 0.1, 0.0, 0.0, 0.0, 0.0, 0.0, 1.0, 0.0, 0.0833, 0.0, 0.0, 0.0, 0.0, 0.0, 0.7143, 0.0, 0.0, 0.0, 0.0, 0.0, 0.1111, 0.0, 1.0, 0.0, 0.0, 0.0, 0.0, 0.0, 0.0, 0.0, 0.75, 0.0, 0.0, 0.0, 0.0, 0.0, 0.125, 0.1429, 0.9, 0.0, 0.1, 0.0, 0.0, 0.0, 0.0, 0.0, 1.0, 0.0, 0.0667, 0.0, 0.0, 0.1429, 0.0, 0.1667, 0.8462, 0.0, 0.0, 0.1667, 0.0, 0.0, 0.0, 0.0, 0.875, 0.0, 0.0, 0.0, 0.0, 0.0, 0.0, 0.0, 0.0, 0.0, 0.0, 0.0, 0.0, 0.0, 0.0, 0.125, 0.0, 0.0, 0.0, 0.0, 0.0909, 0.0, 0.0, 0.0, 0.0, 0.0, 0.0, 0.0, 0.0, 0.0, 0.0, 0.1111, 0.0, 0.0, 0.0, 0.0, 0.0, 0.0, 0.0, 0.0, 0.25, 0.2857, 0.1818, 0.0, 0.0, 0.125, 0.0, 0.0, 0.0, 0.0, 0.0, 0.0, 0.0, 0.1429, 0.0, 0.0, 0.0, 0.0, 0.0, 0.0, 0.1429, 0.0909, 0.1111, 0.0, 0.0769, 0.0, 0.1111, 0.0, 0.0, 0.0, 0.0, 0.0, 0.0, 0.0, 0.0, 0.0, 0.0, 0.0, 0.0, 0.0, 0.0, 0.0, 0.0, 0.0, 0.0, 0.0, 0.1667, 0.0, 0.0, 0.0, 0.0, 0.0, 0.0, 0.0, 0.0, 0.0, 0.0, 0.0, 0.0, 0.0, 0.0, 0.0, 0.1, 0.0, 0.0, 0.0, 0.0, 0.0, 0.0, 0.0]"
broadcast,2,broadcast,0.025,0.025,0.025,0.0,9,True,50,0,307,1643,0,"[0.0, 0.0185, 0.02, 0.021, 0.022, 0.023, 0.0235, 0.024, 0.025, 0.025, 0.025, 0.025, 0.025, 0.025, 0.025, 0.025, 0.025, 0.025, 0.025, 0.025, 0.025, 0.025, 0.025, 0.025, 0.025, 0.025, 0.025, 0.025, 0.025, 0.025, 0.025, 0.025, 0.025, 0.025, 0.025, 0.025, 0.025, 0.025, 0.025, 0.025, 0.025, 0.025, 0.025, 0.025, 0.025, 0.025, 0.025, 0.025, 0.025, 0.025, 0.025, 0.025, 0.025, 0.025, 0.025, 0.025, 0.025, 0.025, 0.025, 0.025, 0.025, 0.025, 0.025, 0.025, 0.025, 0.025, 0.025, 0.025, 0.025, 0.025, 0.025, 0.025, 0.025, 0.025, 0.025, 0.025, 0.025, 0.025, 0.025, 0.025, 0.025, 0.025, 0.025, 0.025, 0.025, 0.025, 0.025, 0.025, 0.025, 0.025, 0.025, 0.025, 0.025, 0.025, 0.025, 0.025, 0.025, 0.025, 0.025, 0.025, 0.025]","{""0"": 0.0228, ""1"": 0.0538, ""2"": 0.0206, ""3"": 0.0078, ""4"": 0.0279, ""5"": 0.0245, ""6"": 0.0338, ""7"": 0.0082}","[0.0, 0.0, 0.5, 0.0, 0.0, 0.0, 0.0, 0.0, 0.0, 0.0, 0.0, 0.0, 0.0, 0.0, 0.1111, 0.0, 0.0, 0.0, 0.0, 0.125, 0.0, 0.1111, 0.0, 0.0, 0.0, 0.0, 0.0, 0.0, 0.0, 0.0, 0.0, 0.0, 0.0, 0.0, 0.0, 0.0, 0.0, 0.0, 0.0, 0.0, 0.0, 0.0, 0.0, 0.0, 0.0, 0.1667, 0.0, 0.0, 0.0, 0.2, 0.0, 0.0, 0.0, 0.0, 0.0, 0.0, 0.1111, 0.0, 0.0, 0.0, 0.0, 0.0, 0.0909, 0.0, 0.0, 0.1429, 0.0, 0.0, 0.0, 0.0, 0.0, 0.1, 0.0, 0.0, 0.0, 0.0, 0.0, 0.1111, 0.0, 0.125, 0.0, 0.0, 0.0, 0.2, 0.0, 0.0, 0.0, 0.0, 0.0, 0.125, 0.0, 0.0, 0.0, 0.0, 0.0, 0.0, 0.0, 0.0, 0.0, 0.0, 0.0, 0.0, 0.125, 0.0, 0.0, 0.0, 0.0, 0.0, 0.1429, 0.0, 0.0, 0.0, 0.0, 0.0, 0.0, 0.0, 0.0, 0.0, 0.0, 0.0, 0.0, 0.0, 0.0, 0.0, 0.0, 0.0, 0.0, 0.0, 0.0, 0.0, 0.0, 0.0, 0.0, 0.0, 0.0, 0.0, 0.0, 0.0, 0.0, 0.0, 0.0, 0.0, 0.0, 0.0, 0.0, 0.0, 0.1667, 0.0, 0.0, 0.1, 0.0, 0.1, 0.0, 0.0, 0.0, 0.0, 0.0, 0.0, 0.0, 0.0, 0.0, 0.0, 0.0, 0.0, 0.0, 0.0, 0.0, 0.0, 0.0, 0.0, 0.0, 0.0, 0.0, 0.0, 0.0, 0.2, 0.0, 0.1667, 0.0, 0.1429, 0.0, 0.0833, 0.0, 0.0, 0.0, 0.0, 0.0, 0.1111, 0.0, 0.0, 0.0, 0.0, 0.0, 0.0, 0.0, 0.0, 0.1111, 0.0, 0.0909, 0.0, 0.125, 0.0, 0.0, 0.0, 0.0, 0.1429, 0.0, 0.0, 0.0, 0.0, 0.0, 0.0, 0.0, 0.0, 0.125, 0.0909, 0.0, 0.0, 0.0, 0.0, 0.0, 0.0, 0.1111, 0.0, 0.0, 0.0, 0.0, 0.0, 0.0, 0.0, 0.0, 0.2857, 0.0, 0.0, 0.0769, 0.1667, 0.0, 0.0, 0.0, 0.0, 0.0, 0.0, 0.8182, 0.0, 0.0, 0.1429, 0.0, 0.1111, 0.0, 0.0]"
broadcast,3,broadcast,0.03,0.03,0.03,-0.0,4,True,60,0,302,1638,0,"[0.0, 0.0255, 0.028, 0.03, 0.03, 0.03, 0.03, 0.03, 0.03, 0.03, 0.03, 0.03, 0.03, 0.03, 0.03, 0.03, 0.03, 0.03, 0.03, 0.03, 0.03, 0.03, 0.03, 0.03, 0.03, 0.03, 0.03, 0.03, 0.03, 0.03, 0.03, 0.03, 0.03, 0.03, 0.03, 0.03, 0.03, 0.03, 0.03, 0.03, 0.03, 0.03, 0.03, 0.03, 0.03, 0.03, 0.03, 0.03, 0.03, 0.03, 0.03, 0.03, 0.03, 0.03, 0.03, 0.03, 0.03, 0.03, 0.03, 0.03, 0.03, 0.03, 0.03, 0.03, 0.03, 0.03, 0.03, 0.03, 0.03, 0.03, 0.03, 0.03, 0.03, 0.03, 0.03, 0.03, 0.03, 0.03, 0.03, 0.03, 0.03, 0.03, 0.03, 0.03, 0.03, 0.03, 0.03, 0.03, 0.03, 0.03, 0.03, 0.03, 0.03, 0.03, 0.03, 0.03, 0.03, 0.03, 0.03, 0.03, 0.03]","{""0"": 0.0257, ""1"": 0.0224, ""2"": 0.0591, ""3"": 0.024, ""4"": 0.0261, ""5"": 0.0444, ""6"": 0.0238, ""7"": 0.0121}","[0.0, 0.0, 0.0909, 0.0, 0.0, 0.0, 0.125, 0.0, 0.0, 0.0, 0.1667, 0.0, 0.1111, 0.0, 0.1667, 0.0, 0.0, 0.0, 0.0, 0.0, 0.0, 0.0, 0.0, 0.0, 0.0, 0.0, 0.0, 0.0, 0.0, 0.0, 0.125, 0.0, 0.0, 0.0, 0.0, 0.0769, 0.2857, 0.0, 0.0, 0.0, 0.0, 0.0, 0.0, 0.0, 0.0, 0.1111, 0.0, 0.0, 0.1429, 0.0, 0.0, 0.0, 0.0, 0.0, 0.0, 0.0, 0.1667, 0.0, 0.0, 0.0, 0.0, 0.0, 0.0, 0.25, 0.1, 0.0, 0.0, 0.4, 0.0, 0.0, 0.0, 0.0, 0.0, 0.0625, 0.0, 0.625, 0.0, 0.0, 0.0, 0.0, 0.0, 0.0769, 0.0, 0.0, 0.125, 0.1429, 0.2, 0.125, 0.0, 0.0, 0.0, 0.0, 0.0, 0.0, 0.0, 0.0, 0.0, 0.125, 0.0, 0.0, 0.0, 0.0, 0.125, 0.0, 0.0, 0.2222, 0.0, 0.0, 0.0, 0.0, 0.0, 0.0, 0.0, 0.0, 0.0, 0.0, 0.0, 0.0, 0.0, 0.0, 0.0, 0.0, 0.0, 0.25, 0.0, 0.0, 0.0, 0.0, 0.0, 0.0, 0.0, 0.1, 0.0, 0.0, 0.5, 0.0, 0.0, 0.0, 0.0, 0.125, 0.0, 0.0, 0.0, 0.0, 0.0, 0.1, 0.2857, 0.0, 0.0, 0.3333, 0.0, 0.0833, 0.0, 0.0, 0.0, 0.1667, 0.0, 0.0, 0.0, 0.0, 0.0, 0.0714, 0.0, 0.0, 0.0, 0.0, 0.0, 0.0, 0.0, 0.0, 0.1667, 0.0, 0.0714, 0.0, 0.0, 0.0, 0.0, 0.0, 0.0, 0.1111, 0.0, 0.1667, 0.0, 0.0, 0.0, 0.0, 0.0, 0.0, 0.0, 0.0, 0.0, 0.0, 0.0, 0.0, 0.0, 0.0, 0.0, 0.0, 0.0, 0.0, 0.0, 0.0, 0.0, 0.0, 0.1429, 0.125, 0.0556, 0.1, 0.0, 0.0, 0.0, 0.1111, 0.0, 0.0, 0.0, 0.0, 0.0, 0.0, 0.0, 0.0, 0.0, 0.0, 0.125, 0.25, 0.0, 0.0, 0.0, 0.0, 0.0, 0.125, 0.0, 0.0, 0.0, 0.0, 0.0, 0.0, 0.0, 0.0, 0.0, 0.1111, 0.0, 0.0, 0.0, 0.0, 0.0, 0.0, 0.1111, 0.0, 0.0, 0.0]"
broadcast,4,broadcast,0.0235,0.0235,0.0235,0.0,3,True,47,0,298,1655,0,"[0.0, 0.0205, 0.0235, 0.0235, 0.0235, 0.0235, 0.0235, 0.0235, 0.0235, 0.0235, 0.0235, 0.0235, 0.0235, 0.0235, 0.0235, 0.0235, 0.0235, 0.0235, 0.0235, 0.0235, 0.0235, 0.0235, 0.0235, 0.0235, 0.0235, 0.0235, 0.0235, 0.0235, 0.0235, 0.0235, 0.0235, 0.0235, 0.0235, 0.0235, 0.0235, 0.0235, 0.0235, 0.0235, 0.0235, 0.0235, 0.0235, 0.0235, 0.0235, 0.0235, 0.0235, 0.0235, 0.0235, 0.0235, 0.0235, 0.0235, 0.0235, 0.0235, 0.0235, 0.0235, 0.0235, 0.0235, 0.0235, 0.0235, 0.0235, 0.0235, 0.0235, 0.0235, 0.0235, 0.0235, 0.0235, 0.0235, 0.0235, 0.0235, 0.0235, 0.0235, 0.0235, 0.0235, 0.0235, 0.0235, 0.0235, 0.0235, 0.0235, 0.0235, 0.0235, 0.0235, 0.0235, 0.0235, 0.0235, 0.0235, 0.0235, 0.0235, 0.0235, 0.0235, 0.0235, 0.0235, 0.0235, 0.0235, 0.0235, 0.0235, 0.0235, 0.0235, 0.0235, 0.0235, 0.0235, 0.0235, 0.0235]","{""0"": 0.0152, ""1"": 0.0126, ""2"": 0.0349, ""3"": 0.0041, ""4"": 0.0551, ""5"": 0.0282, ""6"": 0.012, ""7"": 0.0247}","[0.0, 0.0, 0.0, 0.0, 0.0, 0.0, 0.0, 0.125, 0.0, 0.1667, 0.0, 0.1111, 0.0, 0.1429, 0.1111, 0.0, 0.0, 0.0, 0.0, 0.0, 0.0, 0.0909, 0.0, 0.0, 0.0, 0.0, 0.0, 0.0, 0.0, 0.0, 0.1111, 0.0, 0.0, 0.0, 0.0, 0.0833, 0.0, 0.1429, 0.0, 0.0, 0.0, 0.0, 0.0, 0.0, 0.0, 0.0, 0.0, 0.0, 0.0, 0.1667, 0.0, 0.0, 0.0, 0.0, 0.0, 0.0, 0.0, 0.0, 0.0, 0.0, 0.0, 0.0, 0.0, 0.0, 0.1, 0.0, 0.1667, 0.1667, 0.0, 0.0, 0.0, 0.0, 0.0, 0.0, 0.125, 0.1667, 0.0, 0.0, 0.0, 0.0, 0.0, 0.0, 0.0, 0.0, 0.0, 0.0, 0.0, 0.0, 0.0, 0.0, 0.0, 0.1, 0.0, 0.0, 0.0, 0.0, 0.0, 0.0, 0.1429, 0.0, 0.0, 0.0, 0.0, 0.0, 0.1667, 0.0, 0.0, 0.0, 0.0, 0.1429, 0.0, 0.0, 0.0, 0.0, 0.0, 0.0, 0.0, 0.1, 0.0, 0.0, 0.0, 0.0, 0.0, 0.0, 0.0, 0.0, 0.0, 0.0, 0.0, 0.0, 0.0, 0.0, 0.0, 0.1667, 0.0, 0.0, 0.0, 0.0, 0.0, 0.0, 0.0, 0.0, 0.0, 0.0, 0.0, 0.0, 0.0, 0.0, 0.0, 0.1429, 0.0, 0.1, 0.1429, 0.1, 0.0, 0.0, 0.0833, 0.0, 0.0, 0.0, 0.0, 0.0, 0.0, 0.0, 0.0, 0.0, 0.0, 0.0, 0.0, 0.0, 0.0, 0.0, 0.0, 0.0, 0.2857, 0.125, 0.0, 0.0, 0.0, 0.0, 0.0, 0.0833, 0.1667, 0.0, 0.0, 0.0, 0.0, 0.0, 0.0, 0.0769, 0.0, 0.0, 0.0, 0.0, 0.0, 0.0, 0.0, 0.0, 0.0, 0.0, 0.125, 0.0, 0.0, 0.0, 0.0, 0.0, 0.0, 0.0, 0.0, 0.0, 0.0, 0.0, 0.0, 0.1, 0.0, 0.0, 0.1667, 0.0, 0.0, 0.0, 0.0, 0.2727, 0.1667, 0.0, 0.0, 0.0, 0.0, 0.0, 0.0, 0.0, 0.0, 0.0, 0.1429, 0.0, 0.0, 0.0, 0.0, 0.0, 0.0, 0.0, 0.0, 0.0, 0.0, 0.6, 0.0, 0.0, 0.1111, 0.0, 0.0, 0.0]"
broadcast,5,broadcast,0.0255,0.0255,0.0255,-0.0,8,True,51,0,282,1667,0,"[0.0, 0.016, 0.017, 0.0185, 0.021, 0.0225, 0.025, 0.0255, 0.0255, 0.0255, 0.0255, 0.0255, 0.0255, 0.0255, 0.0255, 0.0255, 0.0255, 0.0255, 0.0255, 0.0255, 0.0255, 0.0255, 0.0255, 0.0255, 0.0255, 0.0255, 0.0255, 0.0255, 0.0255, 0.0255, 0.0255, 0.0255, 0.0255, 0.0255, 0.0255, 0.0255, 0.0255, 0.0255, 0.0255, 0.0255, 0.0255, 0.0255, 0.0255, 0.0255, 0.0255, 0.0255, 0.0255, 0.0255, 0.0255, 0.0255, 0.0255, 0.0255, 0.0255, 0.0255, 0.0255, 0.0255, 0.0255, 0.0255, 0.0255, 0.0255, 0.0255, 0.0255, 0.0255, 0.0255, 0.0255, 0.0255, 0.0255, 0.0255, 0.0255, 0.0255, 0.0255, 0.0255, 0.0255, 0.0255, 0.0255, 0.0255, 0.0255, 0.0255, 0.0255, 0.0255, 0.0255, 0.0255, 0.0255, 0.0255, 0.0255, 0.0255, 0.0255, 0.0255, 0.0255, 0.0255, 0.0255, 0.0255, 0.0255, 0.0255, 0.0255, 0.0255, 0.0255, 0.0255, 0.0255, 0.0255, 0.0255]","{""0"": 0.0159, ""1"": 0.0216, ""2"": 0.0225, ""3"": 0.0167, ""4"": 0.0402, ""5"": 0.0083, ""6"": 0.0151, ""7"": 0.0625}","[0.0, 0.0, 0.0, 0.0, 0.125, 0.0, 0.0, 0.0, 0.0, 0.0, 0.0, 0.0, 0.0, 0.0, 0.0, 0.0, 0.0, 0.0, 0.0, 0.0, 0.0, 0.0, 0.0, 0.125, 0.1667, 0.0, 0.0, 0.1667, 0.0, 0.875, 0.0, 0.0, 0.0, 0.0, 0.0, 0.0, 0.0909, 0.4, 0.0, 0.0, 0.0, 0.0, 0.0, 0.0, 0.0, 0.0, 0.0, 0.0, 0.0, 0.0, 0.0, 0.1111, 0.2, 0.0, 0.1111, 0.0, 0.0, 0.0, 0.0, 0.0, 0.0, 0.0, 0.0, 0.0, 0.0, 0.0, 0.0, 0.0, 0.0, 0.0, 0.0, 0.0, 0.0, 0.0, 0.0, 0.1111, 0.0, 0.0, 0.0909, 0.0625, 0.0, 0.3333, 0.0, 0.0, 0.0, 0.0, 0.0, 0.0, 0.1667, 0.0, 0.1667, 0.0, 0.0, 0.0, 0.0, 0.0, 0.0, 0.0, 0.0, 0.0, 0.0, 0.0909, 0.0, 0.0, 0.0, 0.0, 0.0, 0.1, 0.0, 0.0, 0.0, 0.0, 0.0, 0.0, 0.0, 0.0, 0.0, 0.0, 0.0, 0.0, 1.0, 0.0, 0.0, 0.0, 0.0, 0.0, 0.0, 0.0, 0.1667, 0.0, 0.1667, 0.0, 0.0, 0.0, 0.0, 0.0, 0.0, 0.0769, 0.0, 0.0, 0.0, 0.0, 0.0, 0.0, 0.1111, 0.0, 0.0, 0.0, 0.0, 0.0, 0.0, 0.1, 0.0, 0.0, 0.0, 0.0, 0.0, 0.0, 0.0, 0.0, 0.0, 0.0, 0.1, 0.0, 0.0, 0.0, 0.0, 0.0, 0.0, 0.0, 0.0, 0.0, 0.0, 0.0, 0.0, 0.0, 0.0, 0.0, 0.0, 0.0, 0.0, 0.0, 0.0, 0.0, 0.0, 0.0, 0.0, 0.0, 0.0, 0.0, 0.0, 0.0, 0.0, 0.25, 0.0, 0.0, 0.0, 0.0, 0.0, 0.0, 0.0, 0.0, 0.0, 0.2, 0.0, 0.0, 0.0, 0.0, 0.0, 0.0, 0.125, 0.0, 0.0, 0.0, 0.0, 0.0, 0.0, 0.0, 0.0, 0.0, 0.0, 0.0, 0.0, 0.0, 0.0, 0.0, 0.0, 0.0, 0.0769, 0.0, 0.0, 0.0714, 0.0, 0.1667, 0.1429, 0.0, 0.0, 0.0, 0.0, 0.0, 0.0, 0.0, 0.0, 0.0, 0.0, 0.0, 0.0, 0.0, 0.125, 0.0]"
broadcast,6,broadcast,0.085,0.085,0.085,0.0,25,True,170,0,302,1528,0,"[0.0, 0.024, 0.026, 0.028, 0.031, 0.034, 0.037, 0.041, 0.047, 0.0505, 0.055, 0.058, 0.0605, 0.064, 0.067, 0.0705, 0.0735, 0.0755, 0.0765, 0.078, 0.079, 0.08, 0.083, 0.084, 0.085, 0.085, 0.085, 0.085, 0.085, 0.085, 0.085, 0.085, 0.085, 0.085, 0.085, 0.085, 0.085, 0.085, 0.085, 0.085, 0.085, 0.085, 0.085, 0.085, 0.085, 0.085, 0.085, 0.085, 0.085, 0.085, 0.085, 0.085, 0.085, 0.085, 0.085, 0.085, 0.085, 0.085, 0.085, 0.085, 0.085, 0.085, 0.085, 0.085, 0.085, 0.085, 0.085, 0.085, 0.085, 0.085, 0.085, 0.085, 0.085, 0.085, 0.085, 0.085, 0.085, 0.085, 0.085, 0.085, 0.085, 0.085, 0.085, 0.085, 0.085, 0.085, 0.085, 0.085, 0.085, 0.085, 0.085, 0.085, 0.085, 0.085, 0.085, 0.085, 0.085, 0.085, 0.085, 0.085, 0.085]","{""0"": 0.0311, ""1"": 0.0114, ""2"": 0.0294, ""3"": 0.5079, ""4"": 0.012, ""5"": 0.0308, ""6"": 0.0272, ""7"": 0.0227}","[0.0, 0.0, 0.0, 0.0, 0.9, 0.0, 0.0, 0.0, 0.0, 0.0, 0.0, 0.0, 1.0, 0.0, 0.0, 0.1111, 0.0, 0.1111, 0.0, 0.0, 1.0, 0.0, 0.0714, 0.0769, 0.0, 0.0, 0.0, 0.0, 1.0, 0.0, 0.0909, 0.1429, 0.0, 0.0, 0.0909, 0.0, 0.8571, 0.0, 0.1429, 0.0, 0.0, 0.0, 0.0, 0.0, 0.75, 0.0, 0.0, 0.0, 0.0, 0.0, 0.0, 0.1111, 0.0, 0.0, 0.0, 0.0, 0.0, 0.0, 0.0, 0.0, 0.0769, 0.1429, 0.0, 0.0, 0.0, 0.0, 0.0, 0.0, 0.0, 0.0, 0.1111, 0.0, 0.0, 0.0, 0.1, 0.0, 0.0, 0.0, 0.0, 0.0, 0.0, 0.0, 0.0, 0.0, 0.0833, 0.0833, 0.0, 0.0, 0.0, 0.0, 0.0, 0.0, 0.1429, 0.0, 0.0, 0.0, 0.0, 0.0, 0.0, 0.0, 0.0, 0.0, 0.1429, 0.0, 0.1, 0.125, 0.0, 0.125, 0.0, 0.0, 0.0, 0.2, 0.0, 0.0, 0.0, 0.1111, 0.0, 0.0, 0.1, 0.0, 0.0, 0.1, 0.0, 0.0, 0.5, 0.0, 0.0, 0.0, 0.0, 0.2222, 0.0, 0.25, 0.875, 0.0, 0.0, 0.0, 0.1429, 0.1429, 0.0, 0.0, 0.8571, 0.0, 0.0, 0.0, 0.125, 0.0, 0.0769, 0.0, 1.0, 0.0, 0.0, 0.0, 0.0, 0.0, 0.0, 0.0, 0.7692, 0.0, 0.0, 0.0, 0.0, 0.0, 0.0, 0.0, 0.8333, 0.0, 0.0, 0.0, 0.0, 0.0, 0.0, 0.0, 0.8, 0.0, 0.0, 0.4, 0.0, 0.0, 0.0, 0.0, 1.0, 0.0, 0.1111, 0.0, 0.0, 0.0, 0.0, 0.0, 0.7143, 0.0, 0.1429, 0.0, 0.0, 0.0667, 0.0, 0.0, 1.0, 0.0, 0.0, 0.0, 0.0909, 0.0, 0.0, 0.0, 0.0, 0.0, 0.0, 0.0, 0.1, 0.0, 0.0, 0.0, 0.0, 0.0, 0.0, 0.0, 0.0, 0.0, 0.0, 0.1538, 0.0, 0.0, 0.0, 0.0, 0.0, 0.0, 0.0, 0.0, 0.0, 0.0, 0.0, 0.1, 0.0, 0.125, 0.0, 0.0, 0.8889, 0.0, 0.0, 0.0, 0.0, 0.0, 0.0, 0.0, 0.8889, 0.0909, 0.0, 0.0, 0.0, 0.0]"
broadcast,7,broadcast,0.0325,0.0325,0.0325,0.0,8,True,65,0,280,1655,0,"[0.0, 0.0255, 0.0285, 0.03, 0.0305, 0.031, 0.032, 0.0325, 0.0325, 0.0325, 0.0325, 0.0325, 0.0325, 0.0325, 0.0325, 0.0325, 0.0325, 0.0325, 0.0325, 0.0325, 0.0325, 0.0325, 0.0325, 0.0325, 0.0325, 0.0325, 0.0325, 0.0325, 0.0325, 0.0325, 0.0325, 0.0325, 0.0325, 0.0325, 0.0325, 0.0325, 0.0325, 0.0325, 0.0325, 0.0325, 0.0325, 0.0325, 0.0325, 0.0325, 0.0325, 0.0325, 0.0325, 0.0325, 0.0325, 0.0325, 0.0325, 0.0325, 0.0325, 0.0325, 0.0325, 0.0325, 0.0325, 0.0325, 0.0325, 0.0325, 0.0325, 0.0325, 0.0325, 0.0325, 0.0325, 0.0325, 0.0325, 0.0325, 0.0325, 0.0325, 0.0325, 0.0325, 0.0325, 0.0325, 0.0325, 0.0325, 0.0325, 0.0325, 0.0325, 0.0325, 0.0325, 0.0325, 0.0325, 0.0325, 0.0325, 0.0325, 0.0325, 0.0325, 0.0325, 0.0325, 0.0325, 0.0325, 0.0325, 0.0325, 0.0325, 0.0325, 0.0325, 0.0325, 0.0325, 0.0325, 0.0325]","{""0"": 0.0118, ""1"": 0.0198, ""2"": 0.0335, ""3"": 0.0263, ""4"": 0.0591, ""5"": 0.0484, ""6"": 0.0361, ""7"": 0.0255}","[0.1111, 0.0, 0.0, 0.0, 0.0, 0.0, 0.0, 0.0, 0.0, 0.0, 0.125, 0.0, 0.0, 0.0, 0.0, 0.0, 0.3333, 0.0, 0.0, 0.0, 0.0, 0.0, 0.0, 0.2, 0.0, 0.0, 0.125, 0.0, 0.0, 0.0, 0.0, 0.1, 0.0, 0.0, 0.0, 0.0, 0.0, 0.0, 0.0, 0.1429, 0.0, 0.0, 0.0, 0.0, 0.0, 0.0, 0.1111, 0.2857, 0.0, 0.0, 0.0, 0.2, 0.1, 0.1, 0.0, 0.1111, 0.0, 0.0, 0.0, 0.0, 0.0, 0.0, 0.5, 0.0, 0.0, 0.0, 0.0, 0.0, 0.1667, 0.0, 0.25, 0.1111, 0.0, 0.0, 0.0, 0.0, 0.0, 0.0, 0.0, 0.0, 0.0, 0.0, 0.0, 0.1429, 0.0, 0.0, 0.0, 0.0, 0.0, 0.0, 0.0, 0.0, 0.1, 0.0, 0.0, 0.1429, 0.0, 0.0, 0.0, 0.0, 0.0, 0.0, 0.0, 0.0, 0.0, 0.0, 0.0, 0.0, 0.1, 0.0, 0.0, 0.0, 0.1429, 0.0, 0.0, 0.0833, 0.0, 0.3333, 0.1111, 0.0, 0.0, 0.0, 0.25, 0.0, 0.0, 0.0, 0.0, 0.0, 0.0, 0.0, 0.0, 0.0, 0.0, 0.0, 0.0, 0.0, 0.0, 0.0, 0.0, 0.125, 0.0, 0.0, 0.25, 0.0, 0.0, 0.0, 0.0, 0.0, 0.0, 0.0, 0.1111, 0.0, 0.0, 0.0, 0.1429, 0.1667, 0.0, 0.0, 0.0, 0.0, 0.0, 0.0, 0.0, 0.0, 0.125, 0.4, 0.0, 0.0769, 0.1667, 0.1, 0.0833, 0.0, 0.0, 0.0, 0.0, 0.0, 0.0, 0.0, 0.0, 0.1429, 0.0, 0.0, 0.1111, 0.0, 0.0, 0.0, 0.0, 0.0909, 0.0, 0.0, 0.0, 0.0, 0.0, 0.0, 0.0, 0.0, 0.0, 0.1667, 0.0833, 0.0, 0.0, 0.0, 0.0, 0.0, 0.0769, 0.0, 0.0, 0.0, 0.0, 0.0, 0.0, 0.1429, 0.0, 0.0, 0.0, 0.0, 0.0, 0.0, 0.0, 0.0, 0.0, 0.0, 0.0, 0.0, 0.0, 0.1111, 0.0, 0.0, 0.0, 0.0, 0.0, 0.0, 0.0, 0.0, 0.0, 0.0, 0.0, 0.0, 0.0, 0.0, 0.0769, 0.0, 0.0, 0.0, 0.0, 1.0, 0.1, 0.0, 0.0, 0.1111]"
broadcast,8,broadcast,0.0265,0.0265,0.0265,-0.0,7,True,53,0,305,1642,0,"[0.0, 0.0195, 0.022, 0.0245, 0.025, 0.026, 0.0265, 0.0265, 0.0265, 0.0265, 0.0265, 0.0265, 0.0265, 0.0265, 0.0265, 0.0265, 0.0265, 0.0265, 0.0265, 0.0265, 0.0265, 0.0265, 0.0265, 0.0265, 0.0265, 0.0265, 0.0265, 0.0265, 0.0265, 0.0265, 0.0265, 0.0265, 0.0265, 0.0265, 0.0265, 0.0265, 0.0265, 0.0265, 0.0265, 0.0265, 0.0265, 0.0265, 0.0265, 0.0265, 0.0265, 0.0265, 0.0265, 0.0265, 0.0265, 0.0265, 0.0265, 0.0265, 0.0265, 0.0265, 0.0265, 0.0265, 0.0265, 0.0265, 0.0265, 0.0265, 0.0265, 0.0265, 0.0265, 0.0265, 0.0265, 0.0265, 0.0265, 0.0265, 0.0265, 0.0265, 0.0265, 0.0265, 0.0265, 0.0265, 0.0265, 0.0265, 0.0265, 0.0265, 0.0265, 0.0265, 0.0265, 0.0265, 0.0265, 0.0265, 0.0265, 0.0265, 0.0265, 0.0265, 0.0265, 0.0265, 0.0265, 0.0265, 0.0265, 0.0265, 0.0265, 0.0265, 0.0265, 0.0265, 0.0265, 0.0265, 0.0265]","{""0"": 0.0129, ""1"": 0.0656, ""2"": 0.0154, ""3"": 0.0234, ""4"": 0.0357, ""5"": 0.0159, ""6"": 0.0163, ""7"": 0.026}","[0.0, 0.0, 0.0, 0.0, 0.0, 0.1429, 0.0, 0.0, 0.1667, 0.0, 0.0, 0.0, 0.2222, 0.0, 0.0, 0.0, 0.0, 0.0, 0.0, 0.0, 0.0, 0.0, 0.0909, 0.0, 0.0, 0.0, 0.0, 0.125, 0.0, 0.0, 0.0, 0.0, 0.0909, 0.0, 0.5, 0.0, 0.0, 0.2, 0.0, 0.0, 0.0, 0.0, 0.75, 0.0769, 0.0909, 0.1, 0.0, 0.0, 0.0, 0.0, 0.2, 0.0, 0.0, 0.125, 0.0, 0.0, 0.0, 0.0, 0.0, 0.0, 0.0, 0.0, 0.0, 0.0, 0.0, 0.0, 0.0, 0.0, 0.0, 0.1667, 0.1429, 0.0, 0.0, 0.0, 0.0, 0.0, 0.0, 0.0, 0.1111, 0.0, 0.0, 0.0, 0.0, 0.0, 0.0, 0.0, 0.0, 0.0, 0.0, 0.0, 0.25, 0.0, 0.0714, 0.1111, 0.0, 0.0, 0.0, 0.0, 0.125, 0.0, 0.0, 0.0, 0.0, 0.0, 0.0, 0.0, 0.0, 0.0, 0.0, 0.0, 0.0, 0.0, 0.0, 0.0, 0.0, 0.1429, 0.0, 0.0, 0.0, 0.0, 0.0, 0.0, 0.0, 0.0, 0.0, 0.0, 0.0, 0.3333, 0.0, 0.2, 0.0, 0.0, 0.0, 0.0, 0.0, 0.0, 0.0, 0.2857, 0.0, 0.0, 0.1, 0.0, 0.0, 0.0, 0.0, 0.0, 0.0, 0.0, 0.0, 0.0, 0.0, 0.0, 0.0, 0.0, 0.0909, 0.0, 0.0, 0.0, 0.0, 0.0, 0.0, 0.0, 0.0, 0.0, 0.0, 0.0, 0.0, 0.0, 0.0909, 0.0, 0.0, 0.0, 0.0, 0.0, 0.0, 0.0, 0.0, 0.0, 0.0, 0.0, 0.0, 0.0, 0.0, 0.0, 0.3333, 0.0, 0.0833, 0.0, 0.0, 0.1111, 0.0, 0.0, 0.0, 0.0, 0.0, 0.0, 0.0, 0.0, 0.0, 0.0, 0.0, 0.0, 0.0, 0.0, 0.0, 0.0, 0.0, 0.0, 0.0, 0.0, 0.0, 0.0, 0.0, 0.1667, 0.0, 0.0, 0.2, 0.0, 0.1667, 0.1429, 0.1429, 0.0, 0.0, 0.0, 0.0, 0.0, 0.0, 0.0, 0.0, 0.0, 0.0, 0.0, 0.0, 0.0, 0.0, 0.0, 0.0, 0.0714, 0.125, 0.125, 0.0, 0.0, 0.0, 0.0, 0.0, 0.0, 0.0, 0.0, 0.0, 0.0]"
broadcast,9,broadcast,0.0635,0.0635,0.0635,0.0,24,True,127,0,297,1576,0,"[0.0, 0.0175, 0.0195, 0.021, 0.023, 0.026, 0.0275, 0.0305, 0.0335, 0.036, 0.0385, 0.0425, 0.046, 0.049, 0.052, 0.0535, 0.0545, 0.0555, 0.0565, 0.0585, 0.06, 0.061, 0.0625, 0.0635, 0.0635, 0.0635, 0.0635, 0.0635, 0.0635, 0.0635, 0.0635, 0.0635, 0.0635, 0.0635, 0.0635, 0.0635, 0.0635, 0.0635, 0.0635, 0.0635, 0.0635, 0.0635, 0.0635, 0.0635, 0.0635, 0.0635, 0.0635, 0.0635, 0.0635, 0.0635, 0.0635, 0.0635, 0.0635, 0.0635, 0.0635, 0.0635, 0.0635, 0.0635, 0.0635, 0.0635, 0.0635, 0.0635, 0.0635, 0.0635, 0.0635, 0.0635, 0.0635, 0.0635, 0.0635, 0.0635, 0.0635, 0.0635, 0.0635, 0.0635, 0.0635, 0.0635, 0.0635, 0.0635, 0.0635, 0.0635, 0.0635, 0.0635, 0.0635, 0.0635, 0.0635, 0.0635, 0.0635, 0.0635, 0.0635, 0.0635, 0.0635, 0.0635, 0.0635, 0.0635, 0.0635, 0.0635, 0.0635, 0.0635, 0.0635, 0.0635, 0.0635]","{""0"": 0.0314, ""1"": 0.3467, ""2"": 0.0267, ""3"": 0.0395, ""4"": 0.0, ""5"": 0.008, ""6"": 0.0158, ""7"": 0.008}","[0.1111, 0.0, 0.8571, 0.0, 0.0, 0.0, 0.0, 0.0, 0.0, 0.0, 0.25, 0.0, 0.0, 0.0, 0.0, 0.0, 0.0, 0.0, 1.0, 0.0, 0.0, 0.0, 0.0, 0.2, 0.125, 0.0, 0.8889, 0.125, 0.0, 0.0, 0.0, 0.0, 0.0, 0.0, 0.8571, 0.0, 0.0, 0.0, 0.0, 0.0, 0.0, 0.0, 0.0, 0.0, 0.0, 0.0, 0.0, 0.0, 0.0, 0.0667, 0.0, 0.0, 0.0833, 0.0, 0.0, 0.0, 0.0, 0.0, 0.0, 0.0, 0.0, 0.0, 0.0, 0.0, 0.0, 0.0, 0.0, 0.0, 0.0, 0.0, 0.0, 0.0, 0.0, 0.0, 0.0, 0.1429, 0.0, 0.0, 0.0, 0.2, 0.0, 0.0, 0.0, 0.0, 0.0, 0.0, 0.0, 0.0, 0.0, 0.0, 0.0, 0.0, 0.0, 0.0, 0.0, 0.0, 0.0, 0.0, 0.1, 0.0, 0.1667, 0.0, 0.0, 0.0, 0.0, 0.0, 0.0, 0.0, 0.0, 0.0, 0.0, 0.0, 0.0, 0.0, 0.0833, 0.2, 0.0, 0.0, 0.0, 0.0, 0.0, 0.0, 0.0625, 0.0, 0.0769, 0.0, 0.0, 0.0, 0.0, 0.0, 0.0, 0.0, 0.0909, 0.0, 0.0, 0.0, 0.0, 0.0, 0.0, 0.0, 0.0, 0.0, 0.0, 0.0, 0.0, 0.0, 0.0, 0.0, 0.0, 0.0, 0.0, 0.0714, 0.0, 0.0, 0.0, 0.125, 0.0, 0.0, 0.0, 0.0, 0.0, 0.125, 0.0, 0.1111, 0.125, 0.0, 0.0, 0.0, 0.0, 0.1429, 0.0, 0.0, 0.0, 0.0, 0.0, 0.0, 0.0, 0.0909, 0.0, 0.0, 0.0, 0.0, 0.1111, 0.0, 0.0, 0.0, 1.0, 0.0, 0.0, 0.0, 0.0, 0.0, 0.0, 0.0, 0.75, 0.0, 0.0714, 0.0, 0.0, 0.0, 0.0, 0.0, 1.0, 0.0, 0.0714, 0.0, 0.0, 0.0, 0.125, 0.0, 0.8462, 0.1, 0.125, 0.0, 0.0, 0.0, 0.0, 0.0, 0.8333, 0.0, 0.0, 0.0, 0.1111, 0.0, 0.0, 0.1429, 0.8571, 0.0, 0.1429, 0.0, 0.0, 0.0, 0.0, 0.3333, 1.0, 0.0, 0.0, 0.0, 0.0, 0.0, 0.0, 0.0, 0.8333, 0.0, 0.2, 0.0, 0.0, 0.0, 0.0, 0.0]"
broadcast,10,broadcast,0.09,0.09,0.09,0.0,29,True,180,0,314,1506,0,"[0.0, 0.025, 0.028, 0.0305, 0.0345, 0.0375, 0.039, 0.0425, 0.0455, 0.0485, 0.05, 0.051, 0.0545, 0.056, 0.058, 0.0595, 0.062, 0.0645, 0.066, 0.068, 0.0705, 0.0725, 0.074, 0.0765, 0.0805, 0.0845, 0.0865, 0.0875, 0.09, 0.09, 0.09, 0.09, 0.09, 0.09, 0.09, 0.09, 0.09, 0.09, 0.09, 0.09, 0.09, 0.09, 0.09, 0.09, 0.09, 0.09, 0.09, 0.09, 0.09, 0.09, 0.09, 0.09, 0.09, 0.09, 0.09, 0.09, 0.09, 0.09, 0.09, 0.09, 0.09, 0.09, 0.09, 0.09, 0.09, 0.09, 0.09, 0.09, 0.09, 0.09, 0.09, 0.09, 0.09, 0.09, 0.09, 0.09, 0.09, 0.09, 0.09, 0.09, 0.09, 0.09, 0.09, 0.09, 0.09, 0.09, 0.09, 0.09, 0.09, 0.09, 0.09, 0.09, 0.09, 0.09, 0.09, 0.09, 0.09, 0.09, 0.09, 0.09, 0.09]","{""0"": 0.1346, ""1"": 0.3858, ""2"": 0.0128, ""3"": 0.0435, ""4"": 0.0615, ""5"": 0.0367, ""6"": 0.023, ""7"": 0.0081}","[0.3333, 0.0, 0.0, 0.0, 0.0, 0.0, 0.1667, 0.0, 0.0, 0.125, 0.0, 0.0, 0.0, 0.0, 0.0, 0.0, 0.125, 0.0, 0.1429, 0.0, 0.0, 0.0, 0.0, 0.0, 0.0, 0.0, 0.0, 0.0, 0.0, 0.0, 0.0, 0.0, 0.0, 0.0, 0.0909, 0.0, 0.0, 0.0, 0.0, 0.0, 0.0, 0.2, 0.1429, 0.0, 0.0, 0.0, 0.1111, 0.1, 0.0, 0.0, 0.0, 0.0, 0.125, 0.0, 0.0, 0.0, 0.0, 0.0, 0.1111, 0.125, 0.0, 0.1429, 0.0, 0.0, 0.0, 0.0, 0.0, 0.0, 0.0, 0.0, 0.125, 0.1667, 0.0, 0.0, 0.0, 0.1667, 0.0, 0.0, 0.0, 0.0, 0.0, 0.0, 0.0, 0.0, 0.0, 0.0, 0.0, 0.0, 0.0, 0.0, 0.8, 0.0, 0.1667, 0.0, 0.0, 0.0, 0.0, 0.0, 1.0, 0.0, 0.0, 0.0, 0.0, 0.1429, 0.0, 0.0, 0.8333, 0.0, 0.0, 0.0, 0.1429, 0.1667, 0.0, 0.0, 0.875, 0.0, 0.0, 0.0, 0.0, 0.0, 0.0, 0.0, 0.8333, 0.0, 0.0, 0.0, 0.0, 0.0, 0.0, 0.0, 1.0, 0.0, 0.0, 0.0, 0.0833, 0.0, 0.0, 0.125, 0.8571, 0.0, 0.1429, 0.0, 0.0, 0.0, 0.0, 1.0, 0.8182, 0.0, 0.0, 0.1, 0.0, 0.0, 0.0, 1.0, 0.8571, 0.0, 0.0, 0.0, 0.0, 0.0, 0.0, 0.8571, 0.9, 0.0, 0.0909, 0.0, 0.0, 0.0, 0.0, 0.9, 0.8571, 0.0, 0.1429, 0.0, 0.1667, 0.0, 0.0, 0.7778, 0.9091, 0.0, 0.0, 0.0, 0.0, 0.0, 0.0, 0.0, 1.0, 0.0, 0.375, 0.0, 0.0, 0.0, 0.2, 0.0, 0.0, 0.0, 0.1667, 0.8, 0.0, 0.0, 0.0, 0.0, 0.0, 0.125, 0.0, 0.8333, 0.1111, 0.0, 0.0, 0.0, 0.0, 0.0, 0.0909, 0.0, 0.0, 0.125, 0.0, 0.0, 0.125, 0.0, 0.0, 0.0, 0.0, 0.0, 0.0, 0.0, 0.0, 0.0, 0.0, 0.0, 0.1667, 0.0, 0.0, 0.0, 0.1667, 0.0, 0.0, 0.0, 0.125, 0.0, 0.0, 0.0, 0.0, 0.0, 0.0, 0.0, 0.0, 0.125, 0.0, 0.0833]"
broadcast,11,broadcast,0.028,0.028,0.028,-0.0,8,True,56,0,318,1626,0,"[0.0, 0.0225, 0.0245, 0.0255, 0.0265, 0.027, 0.0275, 0.028, 0.028, 0.028, 0.028, 0.028, 0.028, 0.028, 0.028, 0.028, 0.028, 0.028, 0.028, 0.028, 0.028, 0.028, 0.028, 0.028, 0.028, 0.028, 0.028, 0.028, 0.028, 0.028, 0.028, 0.028, 0.028, 0.028, 0.028, 0.028, 0.028, 0.028, 0.028, 0.028, 0.028, 0.028, 0.028, 0.028, 0.028, 0.028, 0.028, 0.028, 0.028, 0.028, 0.028, 0.028, 0.028, 0.028, 0.028, 0.028, 0.028, 0.028, 0.028, 0.028, 0.028, 0.028, 0.028, 0.028, 0.028, 0.028, 0.028, 0.028, 0.028, 0.028, 0.028, 0.028, 0.028, 0.028, 0.028, 0.028, 0.028, 0.028, 0.028, 0.028, 0.028, 0.028, 0.028, 0.028, 0.028, 0.028, 0.028, 0.028, 0.028, 0.028, 0.028, 0.028, 0.028, 0.028, 0.028, 0.028, 0.028, 0.028, 0.028, 0.028, 0.028]","{""0"": 0.0191, ""1"": 0.0681, ""2"": 0.0078, ""3"": 0.0233, ""4"": 0.0472, ""5"": 0.0202, ""6"": 0.0081, ""7"": 0.0333}","[0.0, 0.0, 0.0, 0.0, 0.0, 0.1429, 0.0, 0.0, 0.1111, 0.0, 0.0833, 0.125, 0.0, 0.1, 0.0, 0.0, 0.0, 0.0, 0.0, 0.0, 0.0, 0.0, 0.0, 0.0, 0.0, 0.0, 0.0, 0.0, 0.0, 0.0, 0.0, 0.0, 0.0, 0.0667, 0.0, 0.0, 0.0, 0.1111, 0.0, 0.0, 0.125, 0.1667, 0.0, 0.0, 0.0, 0.0, 0.0, 0.0, 0.0, 0.0, 0.1667, 0.0, 0.0, 0.0, 0.0, 0.0, 0.0, 0.0909, 0.0, 0.0, 0.1667, 0.0, 0.0, 0.0, 0.0, 0.0, 0.0, 0.0, 0.0909, 0.0, 0.0, 0.0, 0.0, 0.0, 0.0, 0.0, 0.0, 0.0, 0.0, 0.0, 0.0, 0.0, 0.1111, 0.0, 0.0, 0.0, 0.0909, 0.0, 0.0, 0.0, 0.0, 0.0, 0.0, 0.3333, 0.0, 0.0, 0.0, 0.0, 0.0, 0.0, 0.0, 0.0, 0.0, 0.2, 0.0, 0.0, 0.0, 0.0, 0.0, 0.0, 0.0, 0.0, 0.0, 0.1, 0.0, 0.0, 0.1, 0.1429, 0.0, 0.0, 0.0, 0.0, 0.0, 0.0, 0.1, 0.0625, 0.0, 0.0, 0.125, 0.0, 0.0, 0.0, 0.0, 0.0, 0.0, 0.0, 0.0, 0.1, 0.0, 0.0, 0.0, 0.0, 0.0, 0.0, 0.0, 0.0, 0.0, 0.0, 0.0, 0.0, 0.0, 0.0, 0.0, 0.0, 0.0, 0.0, 0.0, 0.0, 0.0, 0.1429, 0.2, 0.0, 0.0, 0.0, 0.0, 0.0, 0.1, 0.0, 0.0, 0.0, 0.0, 0.0, 0.0, 0.4286, 0.0, 0.0, 0.0, 0.0, 0.4286, 0.0, 0.0, 0.2, 0.0, 0.0, 0.0, 0.0, 0.5, 0.0, 0.0, 0.1, 0.0, 0.0, 0.0, 0.0, 0.0, 0.1429, 0.1667, 0.0, 0.1429, 0.0, 0.3333, 0.0, 0.0, 0.0, 0.0, 0.0, 0.0, 0.0, 0.1111, 0.0, 0.2, 0.0, 0.0, 0.0, 0.1818, 0.0, 0.0, 0.0, 0.0, 0.0, 0.0, 0.0, 0.0, 0.0, 0.0, 0.0, 0.0, 0.0, 0.0, 0.0, 0.0, 0.0, 0.0, 0.0, 0.125, 0.0, 0.1111, 0.0, 0.0, 0.0, 0.0, 0.0, 0.8, 0.0, 0.0, 0.0, 0.0, 0.0, 0.1429, 0.0]"
broadcast,12,broadcast,0.05,0.05,0.05,0.0,15,True,100,0,264,1636,0,"[0.0, 0.022, 0.0235, 0.0255, 0.0265, 0.029, 0.0325, 0.0365, 0.039, 0.0405, 0.0415, 0.043, 0.0455, 0.0485, 0.05, 0.05, 0.05, 0.05, 0.05, 0.05, 0.05, 0.05, 0.05, 0.05, 0.05, 0.05, 0.05, 0.05, 0.05, 0.05, 0.05, 0.05, 0.05, 0.05, 0.05, 0.05, 0.05, 0.05, 0.05, 0.05, 0.05, 0.05, 0.05, 0.05, 0.05, 0.05, 0.05, 0.05, 0.05, 0.05, 0.05, 0.05, 0.05, 0.05, 0.05, 0.05, 0.05, 0.05, 0.05, 0.05, 0.05, 0.05, 0.05, 0.05, 0.05, 0.05, 0.05, 0.05, 0.05, 0.05, 0.05, 0.05, 0.05, 0.05, 0.05, 0.05, 0.05, 0.05, 0.05, 0.05, 0.05, 0.05, 0.05, 0.05, 0.05, 0.05, 0.05, 0.05, 0.05, 0.05, 0.05, 0.05, 0.05, 0.05, 0.05, 0.05, 0.05, 0.05, 0.05, 0.05, 0.05]","{""0"": 0.0158, ""1"": 0.027, ""2"": 0.0124, ""3"": 0.0283, ""4"": 0.2417, ""5"": 0.0397, ""6"": 0.0229, ""7"": 0.0205}","[0.0, 0.0, 0.0, 0.0, 0.0, 0.0, 0.0, 0.0, 0.0, 0.0, 0.0, 0.0, 0.0, 0.0, 0.2, 0.1667, 0.0, 0.0, 0.0, 0.0, 0.0, 0.0, 0.0, 0.0, 0.0, 0.0, 0.1667, 0.0, 0.0909, 0.0, 0.0, 0.0, 0.125, 0.0, 0.0, 0.0, 0.1111, 0.0, 0.0, 0.0, 0.0, 0.0, 0.0, 0.0, 0.1667, 0.0, 0.1111, 0.0, 0.0909, 0.0, 0.0, 0.0, 0.0, 0.0, 0.0, 0.0, 0.0, 0.0, 0.0, 0.1111, 0.0, 0.0, 0.0, 0.0, 0.0909, 0.0, 0.0833, 0.0, 0.0, 0.1429, 0.0, 0.0, 0.0, 0.0, 0.0, 0.0, 0.0, 0.0714, 0.0, 0.0, 0.0, 0.0, 0.0, 0.1429, 0.0, 0.0, 0.0, 0.0, 0.0, 0.0, 0.1111, 0.1111, 0.0, 1.0, 0.0, 0.0, 0.0, 0.0, 0.0, 0.0, 0.0, 1.0, 0.0, 0.0, 0.1, 0.0, 0.1, 0.0, 0.0, 0.7143, 0.0, 0.0, 0.0, 0.0, 0.0, 0.0, 0.0, 0.7143, 0.0, 0.1667, 0.0, 0.0, 0.0, 0.0, 0.0, 1.0, 0.0, 0.0, 0.1, 0.0, 0.0, 0.0, 0.0, 1.0, 0.0, 0.0, 0.0, 0.0, 0.0833, 0.0, 0.0, 0.8889, 0.7143, 0.0, 0.0, 0.0909, 0.1538, 0.0, 0.0, 0.8333, 0.2857, 0.125, 0.0, 0.0, 0.0, 0.0, 0.0, 0.2, 0.0, 0.1, 0.0, 0.0, 0.0, 0.0, 0.0769, 0.0, 0.0, 0.0, 0.0, 0.0, 0.0, 0.0, 0.0, 0.0, 0.0, 0.125, 0.0, 0.0, 0.0, 0.0, 0.0, 0.0, 0.0, 0.0, 0.0, 0.1429, 0.0, 0.0, 0.1111, 0.0, 0.0, 0.0, 0.0, 0.0, 0.0, 0.0, 0.1429, 0.0, 0.0, 0.0, 0.0, 0.0, 0.0, 0.0, 0.1111, 0.0, 0.1667, 0.0, 0.0, 0.0, 0.0, 0.0, 0.0, 0.0, 0.0, 0.0, 0.0, 0.0, 0.0, 0.0, 0.0, 0.0, 0.0, 0.125, 0.0, 0.0, 0.0, 0.0, 0.0, 0.0, 0.0, 0.0, 0.0, 0.1111, 0.0, 0.0, 0.0, 0.0, 0.0, 0.0, 0.0, 0.0, 0.0, 0.0, 0.0, 0.0, 0.0, 0.0, 0.0, 0.1111]"
broadcast,13,broadcast,0.0395,0.0395,0.0395,0.0,12,True,79,0,307,1614,0,"[0.0, 0.021, 0.023, 0.0245, 0.0255, 0.0275, 0.0305, 0.033, 0.0365, 0.038, 0.039, 0.0395, 0.0395, 0.0395, 0.0395, 0.0395, 0.0395, 0.0395, 0.0395, 0.0395, 0.0395, 0.0395, 0.0395, 0.0395, 0.0395, 0.0395, 0.0395, 0.0395, 0.0395, 0.0395, 0.0395, 0.0395, 0.0395, 0.0395, 0.0395, 0.0395, 0.0395, 0.0395, 0.0395, 0.0395, 0.0395, 0.0395, 0.0395, 0.0395, 0.0395, 0.0395, 0.0395, 0.0395, 0.0395, 0.0395, 0.0395, 0.0395, 0.0395, 0.0395, 0.0395, 0.0395, 0.0395, 0.0395, 0.0395, 0.0395, 0.0395, 0.0395, 0.0395, 0.0395, 0.0395, 0.0395, 0.0395, 0.0395, 0.0395, 0.0395, 0.0395, 0.0395, 0.0395, 0.0395, 0.0395, 0.0395, 0.0395, 0.0395, 0.0395, 0.0395, 0.0395, 0.0395, 0.0395, 0.0395, 0.0395, 0.0395, 0.0395, 0.0395, 0.0395, 0.0395, 0.0395, 0.0395, 0.0395, 0.0395, 0.0395, 0.0395, 0.0395, 0.0395, 0.0395, 0.0395, 0.0395]","{""0"": 0.1475, ""1"": 0.0319, ""2"": 0.0187, ""3"": 0.026, ""4"": 0.0169, ""5"": 0.0282, ""6"": 0.0317, ""7"": 0.0}","[0.0, 0.0, 0.0, 0.0, 0.0, 0.0, 0.0, 0.0, 0.0, 0.0, 0.0, 0.125, 0.0, 0.0833, 0.0, 0.0, 0.0, 0.0, 0.0, 0.0, 0.0, 0.0, 0.0, 0.1429, 0.0, 0.1667, 0.0, 0.0, 0.0, 0.0, 0.1429, 0.1429, 0.0, 0.0, 0.0, 0.0, 0.0, 0.0, 0.0, 0.0, 0.0, 0.125, 0.0, 0.0, 0.0, 0.0909, 0.0, 0.0, 0.0, 0.0, 0.0, 0.0, 0.1818, 0.0, 0.0, 0.0, 0.0, 0.0, 0.0, 0.125, 0.125, 0.0, 0.0, 0.0, 0.0, 0.1111, 0.0, 0.0, 0.0, 0.0, 0.1111, 0.0, 0.0, 0.0, 0.0, 0.0, 0.0, 0.0, 0.125, 0.1667, 0.0, 0.0, 0.0, 0.1111, 0.125, 0.0, 0.0, 0.0, 0.0, 0.0, 0.0, 0.0, 0.0, 0.0, 0.0, 0.0, 0.0, 0.0, 0.0, 0.0, 0.0, 0.0, 0.0, 0.0, 0.0, 0.1111, 0.0, 0.0, 0.1, 0.0, 0.0, 0.125, 0.0, 0.0, 0.125, 0.0, 0.0, 0.0, 0.0, 0.0, 0.0, 0.0, 0.3333, 0.0, 0.1667, 0.0, 0.0, 0.0, 0.0, 0.0, 0.125, 0.0, 0.1, 0.0, 0.0, 0.0, 0.0, 0.0, 0.0, 0.0, 0.0, 0.1429, 0.1429, 0.1429, 0.0, 0.0, 0.0, 0.0, 0.0, 0.0, 0.0, 0.0, 0.0, 0.0, 0.1111, 0.0, 0.0, 0.0, 0.0, 0.125, 0.0, 0.0, 0.0, 0.0, 0.0, 0.0, 0.0, 0.0, 0.0, 0.0, 0.0, 0.1429, 0.0, 0.2, 0.0, 0.0, 0.0, 0.6667, 0.1111, 0.0, 0.0, 0.0, 0.125, 0.0, 0.0, 0.875, 0.0, 0.2, 0.0, 0.0, 0.0, 0.0, 0.0, 1.0, 0.0, 0.0, 0.0, 0.0, 0.1, 0.0909, 0.0, 0.875, 0.0909, 0.0, 0.0, 0.0, 0.0, 0.0, 0.0, 0.875, 0.0, 0.0, 0.0, 0.0, 0.1, 0.0, 0.0, 0.8571, 0.1429, 0.0, 0.0, 0.0, 0.0, 0.0, 0.0, 0.0, 0.0, 0.0, 0.0, 0.0, 0.0, 0.0, 0.0, 0.0, 0.0, 0.0, 0.0, 0.0, 0.0, 0.0, 0.0, 0.0, 0.0, 0.0, 0.0, 0.0, 0.0, 0.0, 0.0, 0.0]"
broadcast,14,broadcast,0.0695,0.0695,0.0695,0.0,21,True,139,0,301,1560,0,"[0.0, 0.0195, 0.021, 0.0225, 0.0255, 0.0285, 0.032, 0.037, 0.0435, 0.0495, 0.053, 0.055, 0.0575, 0.0605, 0.064, 0.066, 0.067, 0.068, 0.0685, 0.069, 0.0695, 0.0695, 0.0695, 0.0695, 0.0695, 0.0695, 0.0695, 0.0695, 0.0695, 0.0695, 0.0695, 0.0695, 0.0695, 0.0695, 0.0695, 0.0695, 0.0695, 0.0695, 0.0695, 0.0695, 0.0695, 0.0695, 0.0695, 0.0695, 0.0695, 0.0695, 0.0695, 0.0695, 0.0695, 0.0695, 0.0695, 0.0695, 0.0695, 0.0695, 0.0695, 0.0695, 0.0695, 0.0695, 0.0695, 0.0695, 0.0695, 0.0695, 0.0695, 0.0695, 0.0695, 0.0695, 0.0695, 0.0695, 0.0695, 0.0695, 0.0695, 0.0695, 0.0695, 0.0695, 0.0695, 0.0695, 0.0695, 0.0695, 0.0695, 0.0695, 0.0695, 0.0695, 0.0695, 0.0695, 0.0695, 0.0695, 0.0695, 0.0695, 0.0695, 0.0695, 0.0695, 0.0695, 0.0695, 0.0695, 0.0695, 0.0695, 0.0695, 0.0695, 0.0695, 0.0695, 0.0695]","{""0"": 0.0039, ""1"": 0.0248, ""2"": 0.022, ""3"": 0.0203, ""4"": 0.2236, ""5"": 0.041, ""6"": 0.1971, ""7"": 0.0078}","[0.0, 0.0, 0.1, 0.0, 0.1111, 0.0, 0.0, 0.1, 0.0, 0.0, 0.0, 0.0, 0.0, 0.8, 0.0, 0.1429, 0.0, 0.0, 0.0, 0.1429, 0.0, 1.0, 0.1111, 0.0, 0.0, 0.0, 0.0, 0.0, 0.0, 0.8333, 0.0, 0.1429, 0.0, 0.0, 0.0, 0.0, 0.0, 1.0, 0.0, 0.0, 0.0, 0.0, 0.0, 0.0, 0.0, 1.0, 0.0, 0.0833, 0.0, 0.0, 0.0, 0.0, 0.0, 0.8571, 0.0, 0.0, 0.0, 0.0, 0.0, 0.125, 0.0, 1.0, 0.0, 0.0, 0.0, 0.0, 0.0, 0.0, 0.0, 0.8333, 0.0, 0.3333, 0.0, 0.0, 0.0, 0.0, 0.0, 0.0, 0.0, 0.7, 0.0, 0.0, 0.3333, 0.0, 0.125, 0.0, 0.0, 0.7143, 0.0, 0.0, 0.0, 0.0, 0.0, 0.0, 0.0, 0.8667, 0.0, 0.0, 0.1, 0.0, 0.0, 0.0, 0.0, 1.0, 0.0, 0.0, 0.0, 0.0, 0.0, 0.0, 0.0, 0.8, 0.0, 0.0, 0.0, 0.0, 0.1429, 0.0, 0.0, 0.8571, 0.0, 0.0, 0.0909, 0.0, 0.0, 0.0, 0.0, 0.0, 0.0909, 0.0, 0.0, 0.0, 0.1111, 0.1429, 0.1111, 0.0833, 0.0, 0.0, 0.0, 0.0, 0.0, 0.0, 0.0909, 0.0, 0.0, 0.125, 0.0, 0.0, 0.0, 0.0, 0.8571, 0.0, 0.0, 0.0, 0.125, 0.0, 0.0, 0.0, 0.0, 0.0, 0.0, 0.0, 0.1429, 0.0, 0.0, 0.0, 0.0, 0.0, 0.0, 0.0, 0.0, 0.0, 0.0, 0.0, 0.0, 0.0, 0.0, 0.0, 0.0, 0.0, 0.0, 0.0, 0.0, 0.1111, 0.0, 0.0, 0.0, 0.0, 0.0, 0.0, 0.0, 0.0, 0.0, 0.0, 0.0, 0.0, 0.1429, 0.1429, 0.0, 0.0, 0.0, 0.0, 0.0, 0.0, 0.0, 0.0, 0.0, 0.0, 0.0, 0.0, 0.0, 0.0, 0.0, 0.0, 0.0, 0.0, 0.0, 0.0, 0.0, 0.0, 0.0, 0.0, 0.0, 0.0, 0.0, 0.0, 0.0, 0.0, 0.0, 0.1111, 0.125, 0.0, 0.0, 0.0, 0.0, 0.5, 0.0, 0.0, 0.0, 0.0, 0.125, 0.0, 0.0, 0.0, 0.0, 0.1111, 0.0, 0.0, 0.0, 0.0]"
broadcast,15,broadcast,0.123,0.123,0.123,0.0,34,True,246,0,320,1434,0,"[0.0, 0.0245, 0.0275, 0.03, 0.0345, 0.0385, 0.044, 0.0495, 0.054, 0.0585, 0.064, 0.067, 0.07, 0.0715, 0.074, 0.076, 0.08, 0.085, 0.089, 0.0925, 0.0975, 0.101, 0.104, 0.109, 0.113, 0.115, 0.1165, 0.118, 0.119, 0.1195, 0.12, 0.1205, 0.122, 0.123, 0.123, 0.123, 0.123, 0.123, 0.123, 0.123, 0.123, 0.123, 0.123, 0.123, 0.123, 0.123, 0.123, 0.123, 0.123, 0.123, 0.123, 0.123, 0.123, 0.123, 0.123, 0.123, 0.123, 0.123, 0.123, 0.123, 0.123, 0.123, 0.123, 0.123, 0.123, 0.123, 0.123, 0.123, 0.123, 0.123, 0.123, 0.123, 0.123, 0.123, 0.123, 0.123, 0.123, 0.123, 0.123, 0.123, 0.123, 0.123, 0.123, 0.123, 0.123, 0.123, 0.123, 0.123, 0.123, 0.123, 0.123, 0.123, 0.123, 0.123, 0.123, 0.123, 0.123, 0.123, 0.123, 0.123, 0.123]","{""0"": 0.0201, ""1"": 0.197, ""2"": 0.032, ""3"": 0.0162, ""4"": 0.0363, ""5"": 0.0244, ""6"": 0.012, ""7"": 0.6463}","[0.0, 0.0, 0.0, 0.0, 0.0, 0.0, 0.0, 0.0, 0.0, 0.0, 0.0, 0.0, 0.1429, 0.0, 0.0, 0.0, 0.0, 0.0, 0.0, 0.0, 0.0, 0.0, 0.0, 0.125, 0.0, 0.0, 0.4286, 0.0, 0.0, 0.0, 0.0, 0.0, 0.0, 0.0, 0.0, 0.0, 0.0, 0.1429, 0.0, 0.0, 0.0, 0.0, 0.0, 0.125, 0.0, 0.0, 0.0, 0.0, 0.7273, 0.2, 0.0, 0.0, 0.0, 0.0, 0.0, 0.0, 0.8571, 0.2, 0.0, 0.0, 0.0, 0.1, 0.0, 0.0, 0.8, 0.0, 0.0, 0.0, 0.0, 0.1667, 0.0, 0.0, 1.0, 0.0, 0.0, 0.0, 0.0, 0.0, 0.0, 0.0, 1.0, 0.0, 0.25, 0.1667, 0.0, 0.0, 0.0, 0.0, 0.875, 0.0, 1.0, 0.0, 0.0, 0.0, 0.0, 0.1, 0.9286, 0.0, 1.0, 0.0, 0.1667, 0.0833, 0.0, 0.0, 1.0, 0.0, 0.7, 0.1667, 0.0, 0.0, 0.1, 0.0, 0.75, 0.0, 1.0, 0.0, 0.0, 0.1111, 0.2857, 0.0, 0.875, 0.1, 0.8889, 0.1667, 0.0, 0.0, 0.0, 0.2, 0.9, 0.0, 0.7778, 0.0, 0.0, 0.0, 0.0, 0.0, 1.0, 0.0909, 0.0, 0.0, 0.0, 0.1667, 0.0, 0.0, 0.875, 0.0, 0.0, 0.0, 0.0, 0.0, 0.0, 0.0, 1.0, 0.0769, 0.0833, 0.0, 0.0, 0.0, 0.0, 0.0, 0.875, 0.0, 0.0, 0.125, 0.0, 0.1111, 0.0, 0.0, 1.0, 0.0, 0.0, 0.0909, 0.0, 0.0, 0.0, 0.0, 1.0, 0.0, 0.0, 0.0, 0.0, 0.1667, 0.0, 0.0, 1.0, 0.0, 0.0, 0.0, 0.125, 0.0, 0.0, 0.0, 1.0, 0.0, 0.0, 0.0, 0.1, 0.0, 0.0, 0.0, 0.875, 0.0, 0.0, 0.0, 0.0, 0.0, 0.125, 0.0, 1.0, 0.0, 0.0, 0.0, 0.0, 0.0, 0.0, 0.0, 0.6, 0.0, 0.0, 0.0, 0.0, 0.0, 0.0, 0.0, 0.2, 0.0, 0.1, 0.1111, 0.0, 0.0, 0.0, 0.0, 0.0, 0.0, 0.0, 0.0, 0.0, 0.1429, 0.1429, 0.0, 0.0, 0.0, 0.0, 0.125, 0.0, 0.0, 0.125, 0.0, 0.0, 0.0]"
broadcast,16,broadcast,0.084,0.084,0.084,0.0,22,True,168,0,287,1545,0,"[0.0, 0.024, 0.0275, 0.032, 0.0365, 0.041, 0.0465, 0.049, 0.0505, 0.053, 0.0565, 0.059, 0.0615, 0.0675, 0.07, 0.073, 0.0745, 0.0755, 0.078, 0.08, 0.0825, 0.084, 0.084, 0.084, 0.084, 0.084, 0.084, 0.084, 0.084, 0.084, 0.084, 0.084, 0.084, 0.084, 0.084, 0.084, 0.084, 0.084, 0.084, 0.084, 0.084, 0.084, 0.084, 0.084, 0.084, 0.084, 0.084, 0.084, 0.084, 0.084, 0.084, 0.084, 0.084, 0.084, 0.084, 0.084, 0.084, 0.084, 0.084, 0.084, 0.084, 0.084, 0.084, 0.084, 0.084, 0.084, 0.084, 0.084, 0.084, 0.084, 0.084, 0.084, 0.084, 0.084, 0.084, 0.084, 0.084, 0.084, 0.084, 0.084, 0.084, 0.084, 0.084, 0.084, 0.084, 0.084, 0.084, 0.084, 0.084, 0.084, 0.084, 0.084, 0.084, 0.084, 0.084, 0.084, 0.084, 0.084, 0.084, 0.084, 0.084]","{""0"": 0.0041, ""1"": 0.3574, ""2"": 0.0286, ""3"": 0.0268, ""4"": 0.017, ""5"": 0.02, ""6"": 0.1825, ""7"": 0.0162}","[0.0, 0.0, 0.0, 0.0, 0.0, 0.0, 0.0, 0.0769, 0.0, 0.0, 0.0, 0.0, 0.0, 0.0, 0.0, 0.8, 0.0, 0.0, 0.0, 0.1111, 0.1538, 0.0, 0.0, 1.0, 0.0, 0.0, 0.0, 0.0, 0.1429, 0.0, 0.0, 0.6364, 0.0, 0.0, 0.0, 0.0, 0.0, 0.1, 0.0, 1.0, 0.0, 0.0, 0.2, 0.0, 0.0, 0.0, 0.0, 0.8, 0.1111, 0.0, 0.0, 0.0, 0.0, 0.0, 0.0, 0.0, 0.0, 0.0, 0.0, 0.0, 0.0, 0.0, 0.1429, 0.125, 0.0, 0.0, 0.0, 0.0, 0.0, 0.0, 0.0, 0.1111, 0.0, 0.0, 0.0, 0.0, 0.0, 0.0, 0.0, 0.0, 0.0769, 0.0, 0.0, 0.0, 0.0, 0.125, 0.0, 0.0, 0.0, 0.0, 0.125, 0.0, 0.0, 0.0, 0.0, 0.0, 0.0, 0.0, 0.6, 0.0, 0.0, 0.0, 0.0, 0.0833, 0.0, 0.0, 1.0, 0.125, 0.0, 0.0, 0.0, 0.0, 0.0, 0.0, 1.0, 0.0, 0.0, 0.0, 0.0, 0.1, 0.0, 0.0, 0.8889, 0.0, 0.0, 0.0, 0.1111, 0.1429, 0.0, 0.0, 1.0, 0.0, 0.1667, 0.1667, 0.0, 0.0, 0.0, 0.0, 0.9231, 0.0, 0.125, 0.1, 0.0, 0.0, 0.0, 0.0, 0.9167, 0.0, 0.0, 0.0, 0.0, 0.1667, 0.1111, 0.0, 1.0, 0.0, 0.0909, 0.0, 0.0, 0.0, 0.0, 0.0, 0.8571, 0.0, 0.1, 0.0, 0.0, 0.1429, 0.0, 0.0, 1.0, 0.3333, 0.0, 0.0, 0.0, 0.1111, 0.0, 0.0, 0.8571, 0.1667, 0.0, 0.0, 0.0, 0.0, 0.0, 0.0, 1.0, 0.0, 0.0, 0.0, 0.0, 0.0, 0.0, 0.1111, 0.0, 0.1429, 0.0, 0.0, 0.1667, 0.0, 0.0, 0.0, 0.0, 0.0, 0.0, 0.0, 0.0, 0.0, 0.0, 0.0, 0.0, 0.0, 0.0, 0.0, 0.0909, 0.0, 0.0, 0.0, 0.0, 0.125, 0.0, 0.0, 0.0, 0.0, 0.0, 0.0, 0.0, 0.0, 0.0, 0.0, 0.0, 0.125, 0.125, 0.0, 0.0, 0.0, 0.0, 0.0, 0.0, 0.1667, 0.0, 0.0, 0.0833, 0.0, 0.0, 0.0, 0.1111, 0.0833, 0.0, 0.0]"
broadcast,17,broadcast,0.032,0.032,0.032,-0.0,6,True,64,0,310,1626,0,"[0.0, 0.025, 0.027, 0.029, 0.0305, 0.032, 0.032, 0.032, 0.032, 0.032, 0.032, 0.032, 0.032, 0.032, 0.032, 0.032, 0.032, 0.032, 0.032, 0.032, 0.032, 0.032, 0.032, 0.032, 0.032, 0.032, 0.032, 0.032, 0.032, 0.032, 0.032, 0.032, 0.032, 0.032, 0.032, 0.032, 0.032, 0.032, 0.032, 0.032, 0.032, 0.032, 0.032, 0.032, 0.032, 0.032, 0.032, 0.032, 0.032, 0.032, 0.032, 0.032, 0.032, 0.032, 0.032, 0.032, 0.032, 0.032, 0.032, 0.032, 0.032, 0.032, 0.032, 0.032, 0.032, 0.032, 0.032, 0.032, 0.032, 0.032, 0.032, 0.032, 0.032, 0.032, 0.032, 0.032, 0.032, 0.032, 0.032, 0.032, 0.032, 0.032, 0.032, 0.032, 0.032, 0.032, 0.032, 0.032, 0.032, 0.032, 0.032, 0.032, 0.032, 0.032, 0.032, 0.032, 0.032, 0.032, 0.032, 0.032, 0.032]","{""0"": 0.0282, ""1"": 0.0217, ""2"": 0.047, ""3"": 0.0236, ""4"": 0.0328, ""5"": 0.0165, ""6"": 0.0447, ""7"": 0.0431}","[0.0, 0.0, 0.0, 0.1667, 0.1429, 0.0, 0.0, 0.0, 0.0, 0.2, 0.0, 0.0, 0.0, 0.1667, 0.0, 0.0, 0.0, 0.0, 0.0, 0.125, 0.0, 0.0, 0.0, 0.0, 0.0, 0.0, 0.0, 0.0, 0.0, 0.0, 0.0, 0.0, 0.0, 0.0, 0.0, 0.0, 0.0909, 0.125, 0.0, 0.1111, 0.0, 0.1667, 0.0, 0.0, 0.0, 0.0, 0.0, 0.0, 0.0, 0.0, 0.0, 0.0, 0.0909, 0.1667, 0.0, 0.0, 0.0, 0.0, 0.0833, 0.0, 0.0, 0.0, 0.1111, 0.0, 0.0, 0.0, 0.3333, 0.0909, 0.0, 0.0, 0.0, 0.1429, 0.0, 0.0, 0.0, 0.0, 0.0, 0.0, 0.0, 0.1667, 0.0, 0.1667, 0.0, 0.0, 0.0, 0.0, 0.0, 0.1429, 0.0, 0.0, 0.0, 0.0, 0.0, 0.0, 0.0, 0.125, 0.0, 0.0, 0.0, 0.0, 0.0, 0.0833, 0.0, 0.0, 0.0, 0.0, 0.0, 0.0, 0.0, 0.0, 0.0, 0.125, 0.0, 0.0, 0.25, 0.0, 0.0, 0.0, 0.0, 0.0, 0.1111, 0.0, 0.0, 0.0, 0.0, 0.0769, 0.0, 0.1667, 0.0, 0.125, 0.0, 0.0, 0.0, 0.0, 0.1111, 0.2857, 0.1, 0.0, 0.0, 0.0, 0.1429, 0.2857, 0.0, 0.0, 0.0, 0.0, 0.0, 0.0, 0.1, 0.0, 0.0, 0.0, 0.0, 0.0, 0.0, 0.0, 0.0, 0.0, 0.0, 0.0, 0.0, 0.0, 0.0, 0.0, 0.0, 0.0, 0.0, 0.0769, 0.0, 0.0, 0.0, 0.0, 0.0, 0.0, 0.0, 0.0, 0.0, 0.0, 0.0, 0.0, 0.0, 0.0, 0.1, 0.0, 0.0, 0.0, 0.0, 0.0, 0.0, 0.0, 0.0, 0.0, 0.0, 0.125, 0.0, 0.2, 0.0, 0.1, 0.125, 0.0, 0.7778, 0.125, 0.0, 0.7143, 0.0, 0.0, 0.0, 0.0, 0.125, 0.0, 0.0, 0.1429, 0.0, 0.0, 0.0, 0.0, 0.0, 0.0, 0.0, 0.0, 0.0, 0.0, 0.0, 0.0, 0.0, 0.0, 0.0667, 0.0, 0.0, 0.0, 0.0, 0.1111, 0.0, 0.0, 0.0, 0.0769, 0.0909, 0.0, 0.0, 0.0, 0.1667, 0.0, 0.0, 0.0, 0.0, 0.0, 0.0, 0.0, 0.0, 0.0]"
broadcast,18,broadcast,0.0295,0.0295,0.0295,0.0,4,True,59,0,290,1651,0,"[0.0, 0.0275, 0.029, 0.0295, 0.0295, 0.0295, 0.0295, 0.0295, 0.0295, 0.0295, 0.0295, 0.0295, 0.0295, 0.0295, 0.0295, 0.0295, 0.0295, 0.0295, 0.0295, 0.0295, 0.0295, 0.0295, 0.0295, 0.0295, 0.0295, 0.0295, 0.0295, 0.0295, 0.0295, 0.0295, 0.0295, 0.0295, 0.0295, 0.0295, 0.0295, 0.0295, 0.0295, 0.0295, 0.0295, 0.0295, 0.0295, 0.0295, 0.0295, 0.0295, 0.0295, 0.0295, 0.0295, 0.0295, 0.0295, 0.0295, 0.0295, 0.0295, 0.0295, 0.0295, 0.0295, 0.0295, 0.0295, 0.0295, 0.0295, 0.0295, 0.0295, 0.0295, 0.0295, 0.0295, 0.0295, 0.0295, 0.0295, 0.0295, 0.0295, 0.0295, 0.0295, 0.0295, 0.0295, 0.0295, 0.0295, 0.0295, 0.0295, 0.0295, 0.0295, 0.0295, 0.0295, 0.0295, 0.0295, 0.0295, 0.0295, 0.0295, 0.0295, 0.0295, 0.0295, 0.0295, 0.0295, 0.0295, 0.0295, 0.0295, 0.0295, 0.0295, 0.0295, 0.0295, 0.0295, 0.0295, 0.0295]","{""0"": 0.0337, ""1"": 0.0282, ""2"": 0.0211, ""3"": 0.0225, ""4"": 0.0123, ""5"": 0.042, ""6"": 0.0488, ""7"": 0.0277}","[0.0, 0.3333, 0.0, 0.0, 0.0, 0.0, 0.0, 0.0, 0.1429, 0.25, 0.0, 0.0, 0.0, 0.0, 0.0, 0.0, 0.0, 0.1111, 0.0, 0.0, 0.0, 0.1429, 0.0, 0.0, 0.0, 0.0, 0.1111, 0.0, 0.0, 0.0, 0.0, 0.0, 0.0, 0.2222, 0.0, 0.0, 0.0, 0.0, 0.1667, 0.125, 0.0, 0.0, 0.0, 0.0, 0.0, 0.0, 0.0, 0.1667, 0.0, 0.1, 0.0, 0.0, 0.0, 0.0, 0.125, 0.0, 0.0, 0.0, 0.0, 0.1429, 0.0, 0.0, 0.0909, 0.0, 0.0, 0.1, 0.0, 0.0, 0.0, 0.0, 0.0, 0.0, 0.0, 0.0, 0.1429, 0.0, 0.125, 0.0, 0.2, 0.0, 0.0, 0.0, 0.0, 0.0, 0.1667, 0.0, 0.0, 0.1429, 0.0, 0.0, 0.1, 0.0, 0.0, 0.0, 0.1429, 0.1429, 0.125, 0.0, 0.0, 0.0, 0.1111, 0.0, 0.1429, 0.0, 0.0, 0.0, 0.0, 0.0, 0.0, 0.0, 0.0, 0.0, 0.25, 0.0, 0.0, 0.0, 0.0, 0.0, 0.0, 0.0, 0.0, 0.0, 0.0, 0.1111, 0.0909, 0.0, 0.0, 0.1667, 0.0, 0.0, 0.125, 0.2, 0.0, 0.125, 0.0, 0.0, 0.0, 0.0, 0.0, 0.0, 0.0833, 0.0, 0.0, 0.0, 0.0, 0.0, 0.0, 0.0, 0.0, 0.0, 0.0, 0.0, 0.0, 0.0, 0.0, 0.25, 0.0, 0.0, 0.0, 0.0, 0.0, 0.0, 0.0, 0.0, 0.0, 0.0, 0.0, 0.0, 0.125, 0.0, 0.1, 0.0, 0.0, 0.0, 0.0, 0.1667, 0.0, 0.1429, 0.0, 0.0, 0.0, 0.0, 0.1, 0.0, 0.0, 0.0, 0.0, 0.0, 0.0, 0.0, 0.0, 0.0, 0.0, 0.0, 0.0, 0.0, 0.0, 0.1667, 0.0, 0.0, 0.0, 0.0, 0.1, 0.0, 0.0, 0.0, 0.0, 0.1429, 0.3333, 0.0, 0.0, 0.0, 0.0, 0.0, 0.0, 0.0, 0.0, 0.0, 0.1429, 0.125, 0.2, 0.0, 0.1111, 0.2857, 0.0, 0.0, 0.0, 0.0, 0.0, 0.0, 0.0, 0.0, 0.0, 0.0, 0.0, 0.0, 0.0, 0.0, 0.0, 0.2, 0.125, 0.0, 0.0, 0.0, 0.0, 0.0, 0.1429, 0.0909, 0.0, 0.0]"
broadcast,19,broadcast,0.079,0.079,0.079,0.0,21,True,158,0,302,1540,0,"[0.0, 0.022, 0.0255, 0.028, 0.032, 0.0365, 0.0405, 0.046, 0.0495, 0.052, 0.0555, 0.0585, 0.064, 0.069, 0.072, 0.073, 0.0745, 0.076, 0.0775, 0.0785, 0.079, 0.079, 0.079, 0.079, 0.079, 0.079, 0.079, 0.079, 0.079, 0.079, 0.079, 0.079, 0.079, 0.079, 0.079, 0.079, 0.079, 0.079, 0.079, 0.079, 0.079, 0.079, 0.079, 0.079, 0.079, 0.079, 0.079, 0.079, 0.079, 0.079, 0.079, 0.079, 0.079, 0.079, 0.079, 0.079, 0.079, 0.079, 0.079, 0.079, 0.079, 0.079, 0.079, 0.079, 0.079, 0.079, 0.079, 0.079, 0.079, 0.079, 0.079, 0.079, 0.079, 0.079, 0.079, 0.079, 0.079, 0.079, 0.079, 0.079, 0.079, 0.079, 0.079, 0.079, 0.079, 0.079, 0.079, 0.079, 0.079, 0.079, 0.079, 0.079, 0.079, 0.079, 0.079, 0.079, 0.079, 0.079, 0.079, 0.079, 0.079]","{""0"": 0.0114, ""1"": 0.0598, ""2"": 0.0086, ""3"": 0.4215, ""4"": 0.0333, ""5"": 0.0782, ""6"": 0.0225, ""7"": 0.0115}","[0.1111, 0.0, 0.0, 0.0, 0.0, 0.3333, 0.0, 0.0, 0.0, 0.0, 0.1429, 0.0, 0.0, 0.0, 0.0, 0.0, 0.0, 0.0, 1.0, 0.0, 0.5, 0.0, 0.0, 0.0, 0.0, 0.0, 0.25, 0.0, 0.125, 0.0, 0.0, 0.0, 0.0, 0.0, 0.4, 0.0, 0.1818, 0.1429, 0.25, 0.0, 0.0, 0.0, 0.0, 0.0, 1.0, 0.0, 0.8571, 0.1429, 0.0, 0.0, 0.0, 0.0, 0.75, 0.0, 0.125, 0.6, 0.0, 0.0, 0.0, 0.0, 0.8462, 0.0, 0.0, 0.0, 0.0, 0.1429, 0.0, 0.0, 1.0, 0.0, 0.0, 0.1429, 0.0, 0.0, 0.0, 0.0, 0.8571, 0.1111, 0.0, 0.0, 0.0, 0.0, 0.0, 0.0, 1.0, 0.0, 0.0, 0.0, 0.0, 0.0, 0.0769, 0.0, 1.0, 0.125, 0.0, 0.0, 0.0, 0.0, 0.0, 0.0, 1.0, 0.0, 0.0, 0.0, 0.0, 0.0, 0.0, 0.0, 0.875, 0.0, 0.0, 0.0, 0.2, 0.0, 0.1667, 0.0, 0.8, 0.0714, 0.0, 0.0, 0.0, 0.0, 0.0, 0.0, 1.0, 0.0, 0.0, 0.0, 0.0, 0.0, 0.0, 0.0, 0.7778, 0.0, 0.0, 0.0, 0.0, 0.0, 0.0, 0.0, 0.8571, 0.0, 0.0, 0.0, 0.0, 0.0, 0.0, 0.0, 0.8333, 0.0, 0.0, 0.0, 0.0, 0.0, 0.0, 0.0, 0.6667, 0.125, 0.0, 0.0, 0.0, 0.0, 0.125, 0.0, 0.0, 0.0, 0.0, 0.0, 0.0, 0.0, 0.0, 0.0, 0.0, 0.0, 0.0, 0.0, 0.0, 0.1, 0.0, 0.0, 0.0, 0.0, 0.2, 0.0, 0.0, 0.0, 0.0, 0.0, 0.0, 0.0833, 0.0, 0.0, 0.0, 0.0, 0.0, 0.1429, 0.0, 0.0, 0.125, 0.0, 0.0, 0.0, 0.0, 0.0, 0.0, 0.0, 0.0, 0.0, 0.0, 0.0, 0.0, 0.0, 0.0, 0.0, 0.0, 0.0, 0.1, 0.0, 0.0, 0.125, 0.0, 0.0, 0.1429, 0.0909, 0.0, 0.0, 0.0, 0.0, 0.0, 0.0, 0.1111, 0.0, 0.0, 0.0, 0.1429, 0.0, 0.0, 0.0, 0.0, 0.0, 0.1111, 0.0, 0.0, 0.0, 0.0, 0.1429, 0.0, 0.0, 0.0, 0.0769]"
random,0,random,0.815,0.815,0.815,0.0,35,True,1630,0,271,99,0,"[0.05, 0.077, 0.107, 0.1435, 0.1845, 0.2245, 0.259, 0.297, 0.3325, 0.36, 0.392, 0.427, 0.4575, 0.4835, 0.514, 0.542, 0.578, 0.6125, 0.6385, 0.6545, 0.672, 0.6935, 0.711, 0.7295, 0.747, 0.765, 0.7755, 0.782, 0.7905, 0.7955, 0.799, 0.8025, 0.807, 0.813, 0.815, 0.815, 0.815, 0.815, 0.815, 0.815, 0.815, 0.815, 0.815, 0.815, 0.815, 0.815, 0.815, 0.815, 0.815, 0.815, 0.815, 0.815, 0.815, 0.815, 0.815, 0.815, 0.815, 0.815, 0.815, 0.815, 0.815, 0.815, 0.815, 0.815, 0.815, 0.815, 0.815, 0.815, 0.815, 0.815, 0.815, 0.815, 0.815, 0.815, 0.815, 0.815, 0.815, 0.815, 0.815, 0.815, 0.815, 0.815, 0.815, 0.815, 0.815, 0.815, 0.815, 0.815, 0.815, 0.815, 0.815, 0.815, 0.815, 0.815, 0.815, 0.815, 0.815, 0.815, 0.815, 0.815, 0.815]","{""0"": 0.7228, ""1"": 0.5736, ""2"": 0.8627, ""3"": 0.849, ""4"": 0.8838, ""5"": 0.8824, ""6"": 0.875, ""7"": 0.8885}","[0.7778, 1.0, 1.0, 1.0, 0.8333, 0.8333, 1.0, 0.8889, 0.8571, 1.0, 0.8333, 1.0, 0.9091, 1.0, 0.5, 1.0, 0.7273, 0.875, 0.7143, 1.0, 0.8, 1.0, 0.9091, 0.7778, 0.8125, 0.8889, 0.7143, 0.6667, 0.8889, 1.0, 1.0, 1.0, 0.8182, 0.8571, 0.5556, 1.0, 0.6, 1.0, 0.875, 1.0, 1.0, 0.8571, 0.1667, 0.8333, 0.875, 1.0, 0.7778, 0.5714, 1.0, 0.9, 0.0, 1.0, 0.7778, 0.7778, 0.75, 0.75, 0.8, 0.8571, 0.0, 0.8333, 1.0, 0.6667, 1.0, 1.0, 0.9286, 1.0, 0.0, 0.8889, 0.6667, 0.8, 0.9, 0.875, 1.0, 0.8889, 0.0833, 1.0, 0.6667, 0.8, 1.0, 0.8571, 1.0, 1.0, 0.25, 0.8, 1.0, 1.0, 1.0, 0.6923, 0.875, 0.8571, 0.125, 1.0, 0.9167, 0.8333, 0.8182, 1.0, 0.8571, 1.0, 0.125, 0.875, 0.6667, 0.75, 0.625, 1.0, 0.8182, 0.7778, 0.0, 0.8889, 0.8, 1.0, 0.875, 0.8333, 1.0, 0.875, 0.5556, 0.5714, 0.8571, 1.0, 1.0, 0.8, 0.8333, 0.8333, 0.8889, 0.7143, 0.9, 1.0, 1.0, 1.0, 0.625, 0.875, 0.8571, 1.0, 0.8333, 0.8333, 0.875, 0.8571, 1.0, 0.4, 1.0, 0.6667, 0.9, 0.9091, 0.9091, 0.75, 1.0, 1.0, 1.0, 0.875, 0.6, 0.9091, 0.5, 1.0, 0.8571, 0.7273, 0.6667, 0.7, 0.875, 1.0, 1.0, 0.8571, 0.9167, 0.9, 1.0, 0.875, 1.0, 0.8889, 1.0, 1.0, 1.0, 0.8333, 1.0, 0.9167, 0.5714, 0.8, 0.8333, 0.8333, 0.9091, 0.8571, 0.9091, 0.6667, 1.0, 0.875, 0.7273, 1.0, 1.0, 0.75, 0.6667, 0.75, 1.0, 0.9091, 1.0, 0.6667, 0.8, 0.7778, 0.7143, 1.0, 0.9, 1.0, 1.0, 0.8, 0.8889, 0.8889, 0.75, 0.8333, 0.8889, 0.8889, 1.0, 1.0, 1.0, 0.875, 0.9231, 0.8571, 0.8333, 1.0, 0.8333, 0.8571, 1.0, 0.0, 0.7143, 0.8, 1.0, 0.6667, 1.0, 1.0, 0.8, 0.0833, 0.8571, 1.0, 1.0, 0.9, 0.75, 1.0, 0.8667, 0.0, 0.75, 0.875, 0.875, 0.6, 0.875, 0.7, 0.875, 0.0, 0.8571, 0.7778, 0.8889, 1.0, 0.8571, 1.0, 0.9091, 0.25]"
random,1,random,0.7395,0.7395,0.7395,0.0,46,True,1479,0,299,222,0,"[0.05, 0.0725, 0.0985, 0.129, 0.1575, 0.1835, 0.205, 0.229, 0.251, 0.2805, 0.3165, 0.349, 0.3795, 0.4095, 0.4405, 0.4755, 0.4995, 0.5185, 0.541, 0.564, 0.5875, 0.6025, 0.6175, 0.637, 0.6495, 0.657, 0.664, 0.6675, 0.6715, 0.6785, 0.686, 0.6915, 0.6965, 0.698, 0.699, 0.703, 0.7055, 0.7085, 0.7125, 0.7165, 0.72, 0.7235, 0.7295, 0.7345, 0.7385, 0.7395, 0.7395, 0.7395, 0.7395, 0.7395, 0.7395, 0.7395, 0.7395, 0.7395, 0.7395, 0.7395, 0.7395, 0.7395, 0.7395, 0.7395, 0.7395, 0.7395, 0.7395, 0.7395, 0.7395, 0.7395, 0.7395, 0.7395, 0.7395, 0.7395, 0.7395, 0.7395, 0.7395, 0.7395, 0.7395, 0.7395, 0.7395, 0.7395, 0.7395, 0.7395, 0.7395, 0.7395, 0.7395, 0.7395, 0.7395, 0.7395, 0.7395, 0.7395, 0.7395, 0.7395, 0.7395, 0.7395, 0.7395, 0.7395, 0.7395, 0.7395, 0.7395, 0.7395, 0.7395, 0.7395, 0.7395]","{""0"": 0.8744, ""1"": 0.8491, ""2"": 0.8417, ""3"": 0.8803, ""4"": 0.8598, ""5"": 0.8008, ""6"": 0.6375, ""7"": 0.1633}","[0.8889, 0.8333, 1.0, 0.7273, 0.875, 0.8333, 1.0, 1.0, 0.0, 0.8889, 1.0, 0.75, 0.9, 1.0, 0.8, 1.0, 0.0909, 1.0, 0.7692, 0.8182, 1.0, 1.0, 1.0, 1.0, 0.1429, 1.0, 1.0, 0.9, 0.8889, 0.75, 1.0, 1.0, 0.0, 1.0, 0.6364, 0.8333, 0.7, 0.8571, 0.625, 1.0, 0.8333, 1.0, 1.0, 0.7143, 1.0, 0.8571, 0.8889, 1.0, 1.0, 1.0, 0.6, 1.0, 0.875, 0.7, 1.0, 0.125, 0.6667, 0.8333, 0.9, 0.8889, 1.0, 1.0, 0.8571, 0.0, 1.0, 0.7143, 0.8333, 0.8889, 1.0, 0.6667, 0.8, 0.0, 0.5, 1.0, 1.0, 0.8889, 1.0, 0.625, 0.8571, 0.125, 0.0, 0.75, 0.6667, 1.0, 0.8889, 0.75, 1.0, 0.0, 0.0, 1.0, 1.0, 1.0, 1.0, 1.0, 0.875, 0.0, 0.1111, 0.6667, 0.9091, 0.8182, 1.0, 1.0, 0.6, 0.125, 0.0, 1.0, 0.8889, 0.8182, 1.0, 0.9091, 0.4286, 0.1429, 0.0, 0.8333, 1.0, 0.875, 1.0, 0.8, 0.7273, 0.8571, 0.0, 1.0, 0.7778, 0.8889, 0.8333, 0.9231, 0.9091, 0.8182, 0.125, 1.0, 0.875, 0.7143, 0.7143, 0.75, 0.8, 0.8, 0.0, 0.875, 0.875, 0.9, 0.625, 0.7, 0.8182, 0.75, 0.0, 1.0, 0.5556, 0.7778, 1.0, 0.9, 1.0, 0.9, 0.0, 0.7143, 0.875, 0.875, 1.0, 0.8, 1.0, 0.8889, 0.0, 0.7778, 0.8182, 0.8, 0.9091, 0.7143, 0.8, 0.6667, 0.1667, 0.7143, 0.8571, 1.0, 1.0, 0.875, 1.0, 0.875, 0.0, 0.875, 0.8, 0.8, 0.75, 0.7273, 1.0, 0.7778, 0.125, 0.8333, 0.5, 0.5714, 0.6667, 1.0, 0.75, 0.7143, 0.0, 0.8571, 0.8182, 0.7778, 0.75, 1.0, 0.4286, 0.8571, 0.0, 0.8571, 0.75, 0.8182, 0.7778, 0.9231, 0.0, 0.75, 0.0, 0.9, 1.0, 0.9, 0.6667, 1.0, 0.8571, 0.8, 0.1, 1.0, 0.875, 1.0, 0.8462, 0.75, 1.0, 0.8, 0.0, 0.75, 0.7778, 0.8333, 1.0, 0.9, 0.6, 1.0, 0.0, 0.7143, 0.9, 0.8182, 0.8571, 1.0, 0.7, 0.75, 0.0, 0.6, 0.9091, 0.8, 0.8889, 1.0, 0.8333, 0.75, 0.0, 1.0]"
random,2,random,0.778,0.778,0.778,-0.0,77,True,1556,0,298,146,0,"[0.05, 0.0685, 0.0875, 0.1065, 0.1255, 0.1465, 0.1725, 0.1955, 0.2145, 0.235, 0.255, 0.2735, 0.2925, 0.307, 0.321, 0.3385, 0.3585, 0.379, 0.402, 0.437, 0.4555, 0.4715, 0.484, 0.498, 0.5115, 0.5235, 0.5335, 0.5415, 0.546, 0.549, 0.551, 0.5535, 0.5575, 0.5585, 0.5605, 0.565, 0.5685, 0.5705, 0.5715, 0.5725, 0.5745, 0.578, 0.581, 0.5835, 0.587, 0.5915, 0.596, 0.601, 0.605, 0.607, 0.609, 0.6095, 0.6115, 0.6135, 0.6165, 0.62, 0.623, 0.6285, 0.6355, 0.6465, 0.651, 0.656, 0.6645, 0.6745, 0.6825, 0.6865, 0.693, 0.697, 0.7035, 0.7155, 0.7305, 0.7385, 0.745, 0.7545, 0.7675, 0.7765, 0.778, 0.778, 0.778, 0.778, 0.778, 0.778, 0.778, 0.778, 0.778, 0.778, 0.778, 0.778, 0.778, 0.778, 0.778, 0.778, 0.778, 0.778, 0.778, 0.778, 0.778, 0.778, 0.778, 0.778, 0.778]","{""0"": 0.8797, ""1"": 0.641, ""2"": 0.8795, ""3"": 0.8425, ""4"": 0.8571, ""5"": 0.6561, ""6"": 0.6129, ""7"": 0.8468}","[1.0, 0.8, 0.0, 0.8889, 1.0, 1.0, 0.8333, 0.9, 1.0, 0.8889, 0.0909, 0.875, 1.0, 0.7143, 0.8, 0.7143, 0.75, 0.8889, 0.0, 0.9, 1.0, 0.6923, 1.0, 0.75, 0.8571, 0.9, 0.0, 0.75, 0.5833, 0.75, 0.8571, 0.875, 0.8889, 0.9, 0.125, 1.0, 0.9, 1.0, 0.8, 0.8333, 0.8571, 0.8, 0.0, 1.0, 0.7, 0.875, 0.8571, 0.6667, 1.0, 0.8571, 0.5714, 0.6, 1.0, 0.8, 0.625, 1.0, 1.0, 0.6667, 0.8, 1.0, 0.7143, 0.6667, 0.8333, 1.0, 0.9, 0.8333, 0.8889, 1.0, 0.8333, 1.0, 0.7143, 1.0, 0.8571, 0.8571, 0.8889, 1.0, 0.9091, 0.8571, 0.75, 0.8333, 0.7778, 0.75, 0.625, 0.875, 1.0, 0.6667, 1.0, 0.875, 0.7778, 1.0, 0.7273, 0.7, 1.0, 1.0, 1.0, 0.5714, 0.625, 0.875, 0.8889, 1.0, 1.0, 1.0, 1.0, 0.875, 0.8889, 1.0, 1.0, 0.8333, 0.7778, 0.8182, 0.875, 0.8333, 0.8571, 1.0, 0.7778, 0.8333, 0.7273, 1.0, 0.875, 0.75, 0.8889, 0.8, 0.8889, 1.0, 1.0, 0.7143, 0.75, 1.0, 0.7778, 1.0, 0.8, 0.8571, 0.4, 1.0, 0.0, 0.8889, 0.8333, 1.0, 1.0, 0.75, 0.8333, 0.9, 0.0909, 0.625, 1.0, 0.7273, 0.8889, 1.0, 0.9, 0.9091, 0.5, 0.7143, 1.0, 0.7, 1.0, 0.6667, 0.4, 0.9, 0.0, 0.8, 1.0, 0.8571, 0.7778, 0.75, 0.8571, 0.8, 0.0, 0.5556, 0.6667, 1.0, 0.8571, 0.9167, 0.9, 0.8889, 0.0, 0.1667, 0.8571, 0.8571, 0.8571, 0.9, 0.6667, 0.6, 0.0, 0.2857, 0.9, 0.8, 0.7778, 0.8571, 0.6364, 0.9167, 0.75, 0.0, 0.8571, 1.0, 0.9, 1.0, 0.7143, 0.5714, 1.0, 0.0, 0.6667, 1.0, 1.0, 0.9, 0.8571, 0.7, 0.6364, 0.0, 0.8571, 0.9, 0.8333, 1.0, 0.7778, 0.8889, 0.5, 0.0, 1.0, 1.0, 1.0, 0.9, 0.8889, 0.9, 0.7778, 0.0, 0.5714, 1.0, 1.0, 1.0, 1.0, 1.0, 0.8462, 0.1111, 0.7273, 1.0, 0.0, 0.8, 1.0, 0.9, 1.0, 0.0, 0.8, 0.9286, 0.0, 1.0, 1.0, 1.0, 1.0, 0.375, 0.8571, 0.8]"
random,3,random,0.51,0.51,0.51,0.0,35,True,1020,0,274,706,0,"[0.05, 0.071, 0.0925, 0.1175, 0.146, 0.1775, 0.2015, 0.222, 0.2415, 0.258, 0.2715, 0.289, 0.3075, 0.3295, 0.3435, 0.3545, 0.368, 0.3775, 0.389, 0.3975, 0.41, 0.4225, 0.434, 0.4415, 0.4475, 0.4525, 0.456, 0.4615, 0.464, 0.4695, 0.477, 0.487, 0.494, 0.5045, 0.51, 0.51, 0.51, 0.51, 0.51, 0.51, 0.51, 0.51, 0.51, 0.51, 0.51, 0.51, 0.51, 0.51, 0.51, 0.51, 0.51, 0.51, 0.51, 0.51, 0.51, 0.51, 0.51, 0.51, 0.51, 0.51, 0.51, 0.51, 0.51, 0.51, 0.51, 0.51, 0.51, 0.51, 0.51, 0.51, 0.51, 0.51, 0.51, 0.51, 0.51, 0.51, 0.51, 0.51, 0.51, 0.51, 0.51, 0.51, 0.51, 0.51, 0.51, 0.51, 0.51, 0.51, 0.51, 0.51, 0.51, 0.51, 0.51, 0.51, 0.51, 0.51, 0.51, 0.51, 0.51, 0.51, 0.51]","{""0"": 0.3822, ""1"": 0.5663, ""2"": 0.8911, ""3"": 0.0772, ""4"": 0.7214, ""5"": 0.8415, ""6"": 0.5156, ""7"": 0.0906}","[0.7778, 1.0, 1.0, 0.8889, 0.1, 0.8889, 0.4, 0.0, 0.0, 0.6667, 1.0, 1.0, 0.0, 1.0, 0.8333, 0.0, 0.0, 1.0, 0.8571, 1.0, 0.0667, 0.8571, 0.9, 0.0, 0.2857, 1.0, 0.875, 0.8889, 0.0, 0.7143, 0.6667, 0.0, 0.0, 0.8, 1.0, 1.0, 0.0, 0.875, 1.0, 0.0, 0.2857, 1.0, 1.0, 1.0, 0.125, 0.8182, 0.8571, 0.125, 0.0, 0.9091, 0.75, 1.0, 0.0, 0.0, 0.8, 0.2, 0.0, 0.875, 1.0, 1.0, 0.0, 0.0, 0.8571, 0.0, 0.125, 0.1429, 0.75, 0.9231, 0.0, 0.0, 0.375, 0.0, 0.0, 0.0, 0.7, 1.0, 0.2222, 0.0, 0.8889, 0.0, 0.0, 0.0, 0.875, 0.8571, 0.25, 0.1429, 0.75, 0.0909, 0.0769, 0.0, 1.0, 0.5714, 0.0, 0.1429, 1.0, 0.8, 0.0, 0.0, 0.875, 0.8571, 0.0, 0.8333, 1.0, 0.7273, 0.0909, 0.0, 0.75, 1.0, 0.0, 0.6667, 0.8571, 1.0, 0.75, 0.1, 0.8889, 0.6, 0.2222, 1.0, 0.8889, 1.0, 0.0, 0.1667, 0.8889, 0.75, 0.0, 0.9, 0.75, 0.8889, 0.125, 0.25, 0.5, 1.0, 0.0, 0.8, 0.8889, 1.0, 0.0, 0.4, 0.0, 1.0, 0.0, 1.0, 0.7143, 1.0, 0.0, 0.2857, 0.0, 0.8182, 0.0, 0.8889, 0.9, 0.875, 0.25, 0.1111, 0.125, 0.8, 0.4, 1.0, 0.875, 0.7778, 0.1667, 0.0, 0.1, 0.875, 0.1, 1.0, 1.0, 0.75, 0.0, 0.0, 0.0, 1.0, 0.1, 0.9167, 1.0, 1.0, 0.0, 0.0, 0.1, 1.0, 0.0, 0.5, 0.7143, 1.0, 0.0, 0.1667, 0.0, 1.0, 0.0, 1.0, 0.9, 0.9, 0.0, 0.0, 0.0, 0.8333, 0.0, 0.75, 0.9091, 0.8182, 0.8, 0.0, 0.0, 0.6667, 0.0, 0.6667, 0.875, 0.875, 0.0, 0.1111, 0.0, 1.0, 0.0, 1.0, 0.875, 0.8, 0.0, 0.5, 0.1, 0.6667, 0.0, 0.875, 0.9231, 0.75, 0.1667, 1.0, 0.8571, 0.9, 0.5714, 0.8462, 0.7143, 0.1, 0.0, 1.0, 0.875, 0.8889, 0.1, 0.8889, 0.75, 0.0, 0.125, 1.0, 0.8333, 0.8571, 0.2857, 0.9091, 0.8571, 0.1429, 0.0, 0.75]"
random,4,random,0.7705,0.7705,0.7705,0.0,38,True,1541,0,280,179,0,"[0.05, 0.071, 0.089, 0.109, 0.1305, 0.1525, 0.1785, 0.2065, 0.2405, 0.2765, 0.3175, 0.347, 0.376, 0.399, 0.424, 0.453, 0.4745, 0.499, 0.528, 0.56, 0.5865, 0.6085, 0.6235, 0.6425, 0.665, 0.684, 0.697, 0.711, 0.721, 0.725, 0.73, 0.7405, 0.7475, 0.7535, 0.7595, 0.7645, 0.769, 0.7705, 0.7705, 0.7705, 0.7705, 0.7705, 0.7705, 0.7705, 0.7705, 0.7705, 0.7705, 0.7705, 0.7705, 0.7705, 0.7705, 0.7705, 0.7705, 0.7705, 0.7705, 0.7705, 0.7705, 0.7705, 0.7705, 0.7705, 0.7705, 0.7705, 0.7705, 0.7705, 0.7705, 0.7705, 0.7705, 0.7705, 0.7705, 0.7705, 0.7705, 0.7705, 0.7705, 0.7705, 0.7705, 0.7705, 0.7705, 0.7705, 0.7705, 0.7705, 0.7705, 0.7705, 0.7705, 0.7705, 0.7705, 0.7705, 0.7705, 0.7705, 0.7705, 0.7705, 0.7705, 0.7705, 0.7705, 0.7705, 0.7705, 0.7705, 0.7705, 0.7705, 0.7705, 0.7705, 0.7705]","{""0"": 0.7652, ""1"": 0.8659, ""2"": 0.8407, ""3"": 0.8373, ""4"": 0.4515, ""5"": 0.8623, ""6"": 0.6481, ""7"": 0.864}","[1.0, 1.0, 1.0, 0.8333, 1.0, 0.9, 1.0, 1.0, 1.0, 0.75, 0.75, 0.6, 0.5714, 0.1667, 0.8571, 1.0, 0.7778, 0.75, 0.7, 1.0, 0.75, 0.25, 0.8182, 0.0, 0.75, 1.0, 0.8571, 1.0, 0.5714, 0.0, 0.8333, 0.0, 0.8, 0.0833, 0.8333, 0.8333, 0.75, 0.0, 1.0, 0.0, 0.9, 0.0, 0.7778, 0.8571, 0.7778, 0.0, 0.8, 0.0, 0.625, 0.0, 1.0, 0.8333, 0.9091, 0.0, 1.0, 0.0, 0.8333, 0.0, 0.875, 1.0, 0.8, 0.0, 0.8, 0.2, 1.0, 1.0, 0.8571, 0.875, 1.0, 0.0, 1.0, 0.125, 1.0, 0.25, 1.0, 1.0, 0.8, 0.25, 0.8, 0.0, 1.0, 0.9091, 0.7143, 0.6364, 0.8571, 0.0, 0.6667, 0.25, 0.6667, 0.8333, 0.8, 0.8333, 0.7143, 0.0, 0.875, 1.0, 0.625, 0.7273, 0.6667, 0.8333, 0.7778, 0.0, 1.0, 0.5, 1.0, 0.8889, 1.0, 0.8333, 1.0, 0.8, 1.0, 1.0, 1.0, 0.9231, 1.0, 1.0, 1.0, 0.875, 0.8182, 0.8889, 1.0, 0.9091, 0.8571, 0.75, 0.8333, 0.875, 0.8889, 0.8571, 1.0, 0.8333, 0.8333, 0.7778, 1.0, 1.0, 0.875, 0.9, 0.6667, 0.9167, 0.7, 0.5, 1.0, 1.0, 0.875, 0.6, 0.75, 1.0, 1.0, 1.0, 0.7143, 0.8333, 0.8571, 0.8571, 0.5714, 1.0, 1.0, 0.7778, 0.625, 0.8, 0.8889, 0.6667, 1.0, 1.0, 1.0, 0.9167, 0.875, 0.7778, 1.0, 1.0, 0.875, 0.9167, 0.9091, 0.7273, 0.7778, 0.875, 0.8333, 0.7778, 0.8, 0.8182, 1.0, 0.9, 0.75, 1.0, 0.8889, 1.0, 0.875, 0.8889, 0.8, 0.8, 1.0, 1.0, 0.8333, 1.0, 1.0, 1.0, 0.8, 0.7273, 1.0, 0.625, 0.8571, 0.8571, 0.9167, 1.0, 0.8889, 0.9, 1.0, 0.7143, 0.6, 0.9091, 1.0, 0.875, 0.8182, 0.8182, 0.8571, 0.7143, 0.7273, 0.8571, 0.6, 0.9091, 0.8333, 0.8571, 1.0, 0.1111, 0.75, 0.8333, 0.8571, 1.0, 1.0, 0.8333, 0.8333, 0.1429, 0.7, 1.0, 0.8571, 0.8, 1.0, 0.875, 0.7143, 0.1, 0.9, 1.0, 1.0, 0.75, 0.9, 1.0, 0.9167, 0.1667, 1.0, 1.0, 0.9231, 0.8]"
random,5,random,0.8025,0.8025,0.8025,0.0,63,True,1605,0,278,117,0,"[0.05, 0.068, 0.083, 0.099, 0.1225, 0.1495, 0.181, 0.216, 0.2465, 0.285, 0.3205, 0.349, 0.3725, 0.389, 0.4095, 0.4245, 0.4365, 0.45, 0.4675, 0.478, 0.4855, 0.4935, 0.5, 0.5085, 0.5135, 0.519, 0.5215, 0.527, 0.5365, 0.542, 0.547, 0.5555, 0.569, 0.584, 0.5965, 0.611, 0.627, 0.6395, 0.6485, 0.6545, 0.66, 0.6675, 0.6785, 0.688, 0.7005, 0.7165, 0.7305, 0.744, 0.752, 0.7575, 0.763, 0.769, 0.7745, 0.7805, 0.785, 0.787, 0.79, 0.792, 0.794, 0.797, 0.8, 0.802, 0.8025, 0.8025, 0.8025, 0.8025, 0.8025, 0.8025, 0.8025, 0.8025, 0.8025, 0.8025, 0.8025, 0.8025, 0.8025, 0.8025, 0.8025, 0.8025, 0.8025, 0.8025, 0.8025, 0.8025, 0.8025, 0.8025, 0.8025, 0.8025, 0.8025, 0.8025, 0.8025, 0.8025, 0.8025, 0.8025, 0.8025, 0.8025, 0.8025, 0.8025, 0.8025, 0.8025, 0.8025, 0.8025, 0.8025]","{""0"": 0.876, ""1"": 0.8722, ""2"": 0.5637, ""3"": 0.8293, ""4"": 0.6972, ""5"": 0.8508, ""6"": 0.8764, ""7"": 0.8685}","[0.6667, 1.0, 0.9, 0.7143, 0.8, 1.0, 1.0, 1.0, 0.8571, 0.8333, 0.5, 0.1, 0.6667, 0.625, 0.7143, 1.0, 0.8571, 0.7143, 1.0, 0.0, 0.8889, 0.5, 0.7778, 0.8182, 0.8333, 1.0, 0.7143, 0.0, 1.0, 0.1429, 0.6667, 0.8182, 1.0, 1.0, 0.8571, 0.0, 0.6667, 0.0, 0.8, 0.8, 0.875, 0.8333, 1.0, 0.0, 0.9, 0.0, 1.0, 1.0, 0.8571, 1.0, 1.0, 0.0, 0.7143, 0.0, 0.8182, 0.5714, 1.0, 0.8182, 0.8, 0.0, 0.8, 0.1667, 0.8182, 1.0, 1.0, 0.8571, 0.8889, 0.0, 0.8571, 0.0, 1.0, 0.875, 0.8889, 0.9, 1.0, 0.0, 0.5, 0.8889, 0.8571, 0.875, 0.6667, 0.75, 1.0, 0.0, 0.7143, 1.0, 0.8, 1.0, 0.8, 1.0, 1.0, 0.5, 1.0, 1.0, 0.7778, 1.0, 0.625, 0.875, 0.8667, 0.9091, 1.0, 0.7778, 0.625, 0.6667, 0.7143, 0.875, 0.8333, 0.9167, 0.4, 0.7778, 1.0, 1.0, 0.8182, 1.0, 1.0, 0.75, 1.0, 1.0, 0.8889, 0.8571, 0.8889, 0.9091, 0.75, 0.875, 0.9, 0.6667, 1.0, 1.0, 0.8889, 0.8333, 0.875, 0.8, 0.8571, 0.8571, 0.75, 0.75, 0.5556, 0.75, 0.7778, 0.9091, 0.8182, 0.8, 0.7, 0.9, 0.75, 0.5, 1.0, 1.0, 0.8182, 1.0, 1.0, 0.8333, 1.0, 0.9, 0.875, 0.8571, 0.75, 0.8333, 0.5714, 0.8, 0.8889, 1.0, 0.75, 0.7778, 1.0, 0.6667, 0.9167, 0.7, 1.0, 1.0, 0.8571, 1.0, 1.0, 0.8571, 0.8333, 0.9, 1.0, 1.0, 0.8, 0.75, 0.8571, 0.8182, 0.6667, 0.7778, 0.8333, 0.8, 0.6667, 0.7143, 0.75, 1.0, 1.0, 1.0, 1.0, 0.8571, 0.8571, 1.0, 0.875, 1.0, 0.8333, 0.7778, 0.7143, 0.875, 0.8333, 0.8571, 0.9091, 1.0, 1.0, 0.9, 1.0, 0.8333, 0.75, 0.7778, 0.8571, 0.8, 0.875, 1.0, 0.8571, 0.6667, 0.875, 1.0, 1.0, 0.8, 1.0, 1.0, 1.0, 0.8333, 0.875, 1.0, 0.7333, 1.0, 1.0, 0.8, 0.9, 0.7778, 0.8333, 1.0, 0.8, 0.875, 0.875, 0.8571, 1.0, 1.0, 1.0, 0.7143, 1.0, 0.8333, 0.875, 1.0, 0.8571, 0.9]"
random,6,random,0.5685,0.5685,0.5685,0.0,22,True,1137,0,267,596,0,"[0.05, 0.072, 0.089, 0.1165, 0.157, 0.194, 0.217, 0.2445, 0.2755, 0.309, 0.343, 0.369, 0.399, 0.4305, 0.4645, 0.4895, 0.5115, 0.5245, 0.542, 0.5605, 0.568, 0.5685, 0.5685, 0.5685, 0.5685, 0.5685, 0.5685, 0.5685, 0.5685, 0.5685, 0.5685, 0.5685, 0.5685, 0.5685, 0.5685, 0.5685, 0.5685, 0.5685, 0.5685, 0.5685, 0.5685, 0.5685, 0.5685, 0.5685, 0.5685, 0.5685, 0.5685, 0.5685, 0.5685, 0.5685, 0.5685, 0.5685, 0.5685, 0.5685, 0.5685, 0.5685, 0.5685, 0.5685, 0.5685, 0.5685, 0.5685, 0.5685, 0.5685, 0.5685, 0.5685, 0.5685, 0.5685, 0.5685, 0.5685, 0.5685, 0.5685, 0.5685, 0.5685, 0.5685, 0.5685, 0.5685, 0.5685, 0.5685, 0.5685, 0.5685, 0.5685, 0.5685, 0.5685, 0.5685, 0.5685, 0.5685, 0.5685, 0.5685, 0.5685, 0.5685, 0.5685, 0.5685, 0.5685, 0.5685, 0.5685, 0.5685, 0.5685, 0.5685, 0.5685, 0.5685, 0.5685]","{""0"": 0.038, ""1"": 0.5974, ""2"": 0.8615, ""3"": 0.0824, ""4"": 0.563, ""5"": 0.8594, ""6"": 0.8685, ""7"": 0.6392}","[0.6667, 0.0, 0.75, 0.8182, 0.0, 0.0, 1.0, 1.0, 0.0, 0.2, 0.75, 1.0, 0.2222, 0.2, 0.8182, 1.0, 0.0, 0.0, 1.0, 1.0, 0.1818, 0.0, 0.6667, 0.8333, 0.0, 0.1429, 0.6667, 1.0, 0.0, 0.0, 0.7143, 0.8333, 0.0909, 0.0, 0.9, 0.8333, 0.0, 0.1667, 0.625, 0.75, 0.0, 0.25, 0.6667, 0.7778, 0.0, 0.0, 1.0, 1.0, 0.1111, 0.0, 0.8889, 0.9167, 0.0, 0.0714, 1.0, 0.875, 0.8571, 0.0, 0.6667, 0.8, 0.0, 0.1429, 0.875, 0.8889, 1.0, 0.1429, 1.0, 1.0, 0.25, 0.0, 0.8, 0.625, 1.0, 0.0, 0.8, 0.75, 0.0, 0.5714, 1.0, 0.6667, 0.9, 0.1667, 0.75, 1.0, 0.0, 0.8571, 1.0, 0.875, 1.0, 0.0, 1.0, 0.8571, 0.0, 0.8333, 0.5556, 0.8333, 0.7778, 0.0, 1.0, 0.8571, 0.0, 1.0, 1.0, 0.875, 1.0, 0.0, 0.75, 0.8, 0.1111, 1.0, 0.75, 0.7778, 0.8889, 0.0, 0.8889, 0.5714, 0.0, 0.6667, 0.6, 0.875, 1.0, 0.0, 1.0, 1.0, 0.2, 0.8333, 0.75, 0.75, 1.0, 0.1, 1.0, 1.0, 0.0, 0.9, 1.0, 1.0, 1.0, 0.0, 0.8, 0.8333, 0.0, 0.875, 1.0, 1.0, 0.8333, 0.0, 0.3333, 0.6, 0.0, 0.9167, 0.4444, 0.7143, 0.875, 0.0, 0.0, 0.7778, 0.0, 0.8889, 1.0, 0.8462, 0.9091, 0.1667, 0.0, 0.8333, 0.9, 1.0, 1.0, 1.0, 0.875, 0.1111, 0.1111, 0.5, 0.0, 1.0, 1.0, 0.875, 1.0, 0.0, 0.0, 0.75, 0.1429, 0.7778, 1.0, 1.0, 1.0, 0.0, 0.0, 0.8333, 0.0, 1.0, 0.5714, 0.9091, 0.625, 0.0, 0.0, 0.8571, 0.0, 1.0, 1.0, 0.6667, 0.8889, 0.0, 0.0, 1.0, 0.0, 0.8333, 1.0, 0.8889, 0.75, 0.0, 0.1111, 0.8333, 0.0, 0.7778, 0.8182, 1.0, 0.7778, 0.0, 0.0, 1.0, 0.2222, 0.2, 1.0, 0.8571, 0.0, 0.0, 1.0, 0.8571, 0.0, 0.5714, 1.0, 1.0, 0.0, 0.0, 0.8333, 0.8571, 0.0, 0.2143, 0.9231, 0.7778, 0.1667, 0.0, 0.875, 0.7778, 0.0, 0.0, 0.8571, 1.0, 0.1, 0.0]"
random,7,random,0.7235,0.7235,0.70935,0.01415,100,False,1447,0,293,260,0,"[0.05, 0.0715, 0.091, 0.108, 0.1255, 0.1485, 0.167, 0.19, 0.209, 0.226, 0.248, 0.2735, 0.2935, 0.311, 0.328, 0.348, 0.36, 0.37, 0.387, 0.3995, 0.412, 0.425, 0.432, 0.4385, 0.443, 0.4465, 0.4505, 0.4535, 0.455, 0.456, 0.457, 0.458, 0.4595, 0.4615, 0.463, 0.4675, 0.4695, 0.4705, 0.472, 0.4735, 0.4755, 0.477, 0.478, 0.4785, 0.4795, 0.4815, 0.4835, 0.486, 0.487, 0.4875, 0.489, 0.49, 0.491, 0.494, 0.4955, 0.498, 0.502, 0.5045, 0.5055, 0.507, 0.509, 0.515, 0.519, 0.5215, 0.522, 0.523, 0.524, 0.525, 0.527, 0.53, 0.532, 0.535, 0.5365, 0.5395, 0.544, 0.55, 0.5585, 0.5685, 0.576, 0.5845, 0.5935, 0.6035, 0.6135, 0.626, 0.6345, 0.644, 0.6535, 0.658, 0.662, 0.667, 0.677, 0.6885, 0.6995, 0.7045, 0.7065, 0.708, 0.7105, 0.7135, 0.7185, 0.7205, 0.7235]","{""0"": 0.8859, ""1"": 0.6749, ""2"": 0.7968, ""3"": 0.8856, ""4"": 0.8341, ""5"": 0.8582, ""6"": 0.5698, ""7"": 0.3074}","[0.7778, 0.6667, 0.8889, 0.8571, 1.0, 0.4, 1.0, 0.7143, 0.8, 1.0, 0.75, 0.8, 0.8571, 1.0, 0.7778, 0.9167, 0.6667, 0.9167, 1.0, 0.6667, 0.875, 0.875, 1.0, 0.9, 0.8333, 0.6667, 0.875, 0.7273, 0.8, 0.75, 0.8, 1.0, 0.7778, 0.9091, 0.8571, 1.0, 1.0, 0.6667, 1.0, 0.9091, 0.9091, 0.9091, 0.6, 0.6667, 0.875, 1.0, 0.5714, 1.0, 0.8889, 0.875, 1.0, 0.8571, 0.875, 0.7778, 0.8182, 0.8333, 1.0, 1.0, 0.875, 0.6667, 1.0, 0.8333, 0.6667, 0.1667, 0.6667, 0.7143, 1.0, 0.7143, 0.6667, 1.0, 0.8, 0.1111, 1.0, 1.0, 1.0, 1.0, 1.0, 0.7778, 0.875, 0.0, 0.4, 1.0, 1.0, 0.9091, 0.8333, 1.0, 1.0, 0.0, 0.0, 0.8571, 0.8, 0.7143, 0.6667, 0.75, 0.9091, 0.0, 0.1667, 0.875, 0.8571, 0.75, 0.7143, 0.8333, 0.8571, 0.0, 0.0, 1.0, 0.8182, 0.7857, 0.8, 0.875, 0.7143, 0.0, 0.0, 0.9231, 1.0, 0.8, 1.0, 0.7, 1.0, 0.4, 0.0, 1.0, 0.8, 1.0, 1.0, 1.0, 0.7143, 0.25, 0.0714, 0.8, 0.875, 0.7143, 0.6667, 0.8333, 0.875, 0.0, 0.0, 1.0, 0.8333, 0.8571, 0.8571, 0.75, 1.0, 0.0, 0.0, 0.9, 0.0769, 0.8889, 0.8571, 1.0, 1.0, 0.5, 0.0, 1.0, 0.0, 1.0, 1.0, 0.8333, 0.75, 1.0, 0.0, 0.8571, 0.0, 0.9167, 0.8571, 1.0, 0.8889, 0.9, 0.0, 0.8333, 0.0, 1.0, 1.0, 0.9, 1.0, 0.9091, 0.0, 0.9, 0.0, 0.625, 0.8333, 0.9, 0.8333, 0.6667, 0.0, 0.8, 0.0, 0.6, 1.0, 0.7778, 0.7143, 0.8571, 0.0, 0.7143, 0.4286, 1.0, 0.6, 0.8, 0.8182, 0.75, 0.0, 0.8571, 0.4, 0.625, 0.8889, 0.8571, 0.875, 0.875, 0.0, 0.7143, 0.8889, 0.8333, 1.0, 0.75, 0.8333, 1.0, 0.0, 0.8, 1.0, 0.6, 0.8333, 0.7143, 0.8333, 1.0, 0.0, 1.0, 0.8571, 0.625, 1.0, 0.7778, 0.7143, 1.0, 0.1, 0.7, 0.6923, 0.625, 1.0, 0.8, 0.75, 1.0, 0.875, 1.0, 1.0, 0.6, 0.9091, 0.9167, 1.0, 0.6667, 1.0, 1.0]"
random,8,random,0.792,0.792,0.792,0.0,35,True,1584,0,275,141,0,"[0.05, 0.074, 0.091, 0.1115, 0.1375, 0.1655, 0.198, 0.2315, 0.268, 0.3095, 0.349, 0.391, 0.428, 0.4625, 0.4975, 0.522, 0.5475, 0.5715, 0.5955, 0.616, 0.639, 0.664, 0.6925, 0.707, 0.7195, 0.7305, 0.7445, 0.759, 0.7695, 0.7745, 0.779, 0.7845, 0.787, 0.7895, 0.792, 0.792, 0.792, 0.792, 0.792, 0.792, 0.792, 0.792, 0.792, 0.792, 0.792, 0.792, 0.792, 0.792, 0.792, 0.792, 0.792, 0.792, 0.792, 0.792, 0.792, 0.792, 0.792, 0.792, 0.792, 0.792, 0.792, 0.792, 0.792, 0.792, 0.792, 0.792, 0.792, 0.792, 0.792, 0.792, 0.792, 0.792, 0.792, 0.792, 0.792, 0.792, 0.792, 0.792, 0.792, 0.792, 0.792, 0.792, 0.792, 0.792, 0.792, 0.792, 0.792, 0.792, 0.792, 0.792, 0.792, 0.792, 0.792, 0.792, 0.792, 0.792, 0.792, 0.792, 0.792, 0.792, 0.792]","{""0"": 0.2908, ""1"": 0.8333, ""2"": 0.8805, ""3"": 0.8485, ""4"": 0.8765, ""5"": 0.8477, ""6"": 0.8933, ""7"": 0.8661}","[0.8889, 0.0, 0.75, 0.8333, 0.9, 1.0, 1.0, 1.0, 0.5, 0.0, 0.8571, 1.0, 1.0, 0.625, 0.8571, 0.9, 0.8889, 0.0, 1.0, 0.8333, 1.0, 0.75, 1.0, 1.0, 0.7778, 0.0, 0.9091, 1.0, 0.8571, 0.8333, 1.0, 0.7143, 0.875, 0.1111, 0.6667, 0.75, 0.7778, 0.8, 0.7778, 1.0, 0.8, 0.125, 0.8571, 0.8, 0.8571, 1.0, 0.6667, 0.75, 1.0, 0.0769, 0.6, 0.9091, 0.8182, 1.0, 0.4, 0.7778, 1.0, 0.0, 0.8333, 0.875, 1.0, 0.875, 0.75, 0.9167, 0.8889, 0.1667, 1.0, 0.7273, 1.0, 1.0, 0.8333, 1.0, 0.8889, 0.6364, 0.9, 1.0, 0.9091, 0.9167, 0.8571, 1.0, 0.9, 1.0, 0.7143, 0.8333, 0.7273, 1.0, 0.9167, 0.8333, 0.7143, 1.0, 0.8889, 0.8889, 0.8571, 0.9333, 0.8889, 1.0, 1.0, 0.8889, 1.0, 1.0, 0.6667, 1.0, 1.0, 1.0, 0.9091, 1.0, 0.9, 0.875, 1.0, 0.7, 0.9, 0.8333, 1.0, 0.8889, 1.0, 0.7692, 1.0, 1.0, 0.8, 0.75, 0.7143, 1.0, 0.8, 1.0, 0.9091, 0.7778, 1.0, 0.8182, 0.8333, 0.9, 1.0, 0.7778, 0.7778, 1.0, 0.8333, 1.0, 0.7143, 0.6, 1.0, 0.8333, 0.7778, 1.0, 0.7778, 0.8333, 1.0, 0.1111, 0.8, 1.0, 0.5714, 0.7778, 0.7778, 1.0, 1.0, 0.0, 0.7143, 0.7692, 0.7273, 1.0, 0.8, 0.9091, 0.8889, 0.1429, 0.8333, 0.7778, 0.7143, 1.0, 0.7273, 0.7, 0.8889, 0.1429, 0.2, 0.9, 0.8571, 0.8333, 0.875, 0.7143, 1.0, 0.0, 0.4286, 1.0, 0.8, 0.75, 0.625, 0.875, 0.8, 0.0, 0.7143, 0.9231, 1.0, 1.0, 0.8333, 0.6, 0.6667, 0.1818, 0.6667, 1.0, 0.75, 0.7143, 0.875, 1.0, 1.0, 0.0909, 1.0, 1.0, 0.8889, 0.8, 0.8571, 0.7143, 0.75, 0.0, 1.0, 1.0, 0.8571, 0.7778, 1.0, 0.9167, 0.6667, 0.0, 1.0, 0.75, 0.875, 1.0, 0.9, 1.0, 0.875, 0.0, 0.8889, 1.0, 0.9091, 0.8889, 0.9, 1.0, 0.8, 0.0, 0.7, 1.0, 0.75, 0.8333, 0.875, 0.875, 1.0, 0.0, 0.9091, 0.8889, 0.8333, 0.8333, 0.8333, 1.0, 1.0, 0.0]"
random,9,random,0.777,0.777,0.777,0.0,76,True,1554,0,278,168,0,"[0.05, 0.074, 0.1005, 0.1285, 0.16, 0.1865, 0.2135, 0.2415, 0.2695, 0.2975, 0.3235, 0.353, 0.3805, 0.401, 0.421, 0.4365, 0.4525, 0.468, 0.484, 0.498, 0.5145, 0.5335, 0.546, 0.5565, 0.57, 0.5845, 0.5985, 0.608, 0.6085, 0.609, 0.6105, 0.6145, 0.6195, 0.627, 0.6315, 0.6355, 0.6385, 0.644, 0.647, 0.6495, 0.6515, 0.655, 0.658, 0.6655, 0.667, 0.6695, 0.671, 0.6735, 0.676, 0.682, 0.686, 0.688, 0.69, 0.6925, 0.695, 0.697, 0.698, 0.6995, 0.702, 0.706, 0.7115, 0.716, 0.7175, 0.7185, 0.7205, 0.7245, 0.73, 0.7405, 0.7495, 0.756, 0.7605, 0.7685, 0.7735, 0.775, 0.7765, 0.777, 0.777, 0.777, 0.777, 0.777, 0.777, 0.777, 0.777, 0.777, 0.777, 0.777, 0.777, 0.777, 0.777, 0.777, 0.777, 0.777, 0.777, 0.777, 0.777, 0.777, 0.777, 0.777, 0.777, 0.777, 0.777]","{""0"": 0.8423, ""1"": 0.8536, ""2"": 0.5351, ""3"": 0.8636, ""4"": 0.8837, ""5"": 0.8477, ""6"": 0.8566, ""7"": 0.5565}","[0.8889, 0.7143, 0.625, 0.0, 1.0, 1.0, 0.7778, 0.875, 0.5, 1.0, 0.875, 0.0, 0.5, 0.9, 0.7778, 1.0, 0.8571, 0.8571, 0.7778, 0.0, 0.7143, 0.7778, 0.8571, 0.8333, 0.75, 0.8889, 0.6667, 0.0, 1.0, 0.875, 0.7778, 0.8571, 0.9231, 0.8571, 0.8333, 0.0833, 0.8333, 1.0, 0.8571, 0.7143, 0.7143, 0.875, 0.8462, 0.1111, 0.7143, 1.0, 0.8889, 1.0, 1.0, 1.0, 0.8, 0.0, 0.8333, 1.0, 1.0, 0.625, 0.8571, 0.75, 1.0, 0.7, 0.875, 1.0, 0.8, 1.0, 0.7143, 1.0, 1.0, 0.9167, 1.0, 0.875, 0.8889, 0.8889, 0.8462, 0.75, 1.0, 1.0, 0.875, 0.7778, 0.8667, 0.8, 0.8889, 0.8571, 0.75, 1.0, 0.8333, 0.8889, 0.8, 0.875, 0.7, 0.875, 1.0, 0.8889, 0.8, 0.8, 1.0, 0.7, 1.0, 0.9091, 0.8571, 1.0, 0.875, 0.9091, 0.9, 0.75, 0.9167, 0.7778, 0.875, 1.0, 1.0, 0.7273, 1.0, 1.0, 1.0, 0.8333, 1.0, 0.875, 1.0, 1.0, 0.8, 0.8, 0.7778, 1.0, 0.8571, 0.875, 0.6923, 0.9, 1.0, 0.8, 0.8333, 0.625, 0.8571, 0.7, 0.875, 1.0, 0.7, 0.8889, 0.0, 1.0, 0.7273, 1.0, 0.8889, 1.0, 0.8889, 1.0, 0.0, 1.0, 1.0, 1.0, 0.8571, 1.0, 0.8462, 0.875, 0.0, 0.8889, 0.6667, 1.0, 0.75, 0.875, 0.8889, 1.0, 0.0, 1.0, 1.0, 0.5714, 0.9, 1.0, 0.625, 1.0, 0.0, 0.8333, 0.8182, 0.75, 0.8889, 0.75, 0.8889, 0.7778, 0.0, 0.5714, 0.8571, 0.9, 1.0, 0.8571, 0.8333, 0.8571, 0.0, 0.5, 1.0, 0.8333, 1.0, 0.7778, 0.8571, 1.0, 0.0, 0.8889, 0.8, 1.0, 0.8889, 0.7143, 0.8333, 0.7, 0.0, 0.75, 0.8571, 0.8571, 0.8889, 0.8333, 0.6667, 0.75, 0.1667, 0.875, 0.9, 0.0, 1.0, 1.0, 0.8571, 0.8333, 0.2, 0.8333, 0.8333, 0.0, 0.8571, 0.9, 0.875, 0.8, 0.0, 0.8, 0.8333, 0.0, 1.0, 1.0, 0.75, 0.7143, 1.0, 0.8571, 0.8333, 0.2, 0.7778, 0.7143, 1.0, 0.8889, 0.8571, 0.8571, 0.75, 0.0, 0.7143, 0.7778, 0.8571, 1.0, 0.6, 0.7143]"
random,10,random,0.793,0.793,0.793,0.0,47,True,1586,0,280,134,0,"[0.05, 0.069, 0.0845, 0.112, 0.138, 0.163, 0.19, 0.214, 0.2385, 0.2595, 0.275, 0.29, 0.313, 0.3305, 0.349, 0.369, 0.393, 0.412, 0.432, 0.455, 0.4785, 0.506, 0.526, 0.5485, 0.5715, 0.589, 0.608, 0.6265, 0.6475, 0.662, 0.685, 0.709, 0.7275, 0.735, 0.7385, 0.7425, 0.7475, 0.752, 0.7605, 0.7685, 0.773, 0.778, 0.7825, 0.7855, 0.7895, 0.7915, 0.793, 0.793, 0.793, 0.793, 0.793, 0.793, 0.793, 0.793, 0.793, 0.793, 0.793, 0.793, 0.793, 0.793, 0.793, 0.793, 0.793, 0.793, 0.793, 0.793, 0.793, 0.793, 0.793, 0.793, 0.793, 0.793, 0.793, 0.793, 0.793, 0.793, 0.793, 0.793, 0.793, 0.793, 0.793, 0.793, 0.793, 0.793, 0.793, 0.793, 0.793, 0.793, 0.793, 0.793, 0.793, 0.793, 0.793, 0.793, 0.793, 0.793, 0.793, 0.793, 0.793, 0.793, 0.793]","{""0"": 0.4353, ""1"": 0.8655, ""2"": 0.8893, ""3"": 0.6996, ""4"": 0.8596, ""5"": 0.8677, ""6"": 0.8808, ""7"": 0.8664}","[0.6667, 0.125, 1.0, 0.875, 1.0, 0.7692, 0.8889, 0.8333, 0.8571, 0.0, 0.9, 0.8, 0.875, 0.7778, 0.8571, 1.0, 0.8889, 0.0, 0.6667, 1.0, 0.7, 0.7778, 0.8333, 0.9, 0.7273, 0.0, 1.0, 1.0, 0.4, 1.0, 0.875, 1.0, 1.0, 0.2727, 0.6, 0.8333, 0.5556, 0.8333, 0.8571, 0.6, 0.7778, 0.0, 1.0, 1.0, 1.0, 0.9286, 0.625, 1.0, 1.0, 0.0, 1.0, 0.8889, 0.9091, 1.0, 1.0, 0.7778, 1.0, 0.1667, 0.6, 0.7778, 1.0, 0.8571, 1.0, 0.75, 0.8, 0.0, 1.0, 0.75, 0.8889, 0.6667, 0.8333, 1.0, 1.0, 0.0, 0.8333, 1.0, 0.8182, 1.0, 0.7, 0.875, 1.0, 0.1429, 0.8, 1.0, 0.75, 1.0, 1.0, 1.0, 0.6667, 1.0, 1.0, 0.7778, 0.9, 0.5556, 0.8333, 1.0, 0.8889, 1.0, 0.75, 1.0, 0.9, 0.8, 0.875, 1.0, 1.0, 0.8889, 0.7143, 1.0, 0.7778, 0.8889, 1.0, 0.8571, 1.0, 0.6667, 0.875, 1.0, 1.0, 0.875, 1.0, 0.7778, 0.8, 0.875, 1.0, 1.0, 0.9, 1.0, 1.0, 1.0, 0.8889, 1.0, 0.8889, 0.8889, 0.8889, 0.875, 0.7778, 0.6923, 1.0, 1.0, 0.6, 0.7273, 0.625, 0.7143, 0.6667, 0.8333, 0.8889, 1.0, 1.0, 1.0, 0.75, 0.8, 1.0, 1.0, 0.8889, 0.5, 0.75, 0.8889, 1.0, 0.8333, 0.8333, 0.625, 0.8571, 1.0, 0.8333, 0.8333, 0.8, 0.8889, 0.7778, 1.0, 0.75, 0.9, 0.625, 0.8, 1.0, 1.0, 0.7273, 0.75, 1.0, 1.0, 1.0, 0.8462, 0.75, 1.0, 0.8, 0.8, 0.8462, 0.7, 1.0, 1.0, 0.8571, 0.7143, 0.8, 1.0, 0.8, 0.6, 0.8333, 1.0, 0.3333, 0.75, 0.5714, 1.0, 1.0, 0.3333, 0.625, 1.0, 0.0, 0.8333, 1.0, 0.8889, 0.8889, 0.9, 0.625, 1.0, 0.4444, 0.8333, 1.0, 0.7778, 0.7857, 0.1818, 1.0, 0.7143, 0.1111, 0.8333, 1.0, 0.875, 0.8, 0.2857, 1.0, 0.75, 0.0, 1.0, 1.0, 0.8333, 1.0, 0.0, 1.0, 0.75, 0.0909, 1.0, 0.7778, 0.8462, 1.0, 0.0, 1.0, 1.0, 0.5, 0.8889, 0.875, 1.0, 0.6364, 0.0]"
random,11,random,0.7965,0.7965,0.7965,0.0,52,True,1593,0,294,113,0,"[0.05, 0.0745, 0.1015, 0.1275, 0.156, 0.1885, 0.229, 0.269, 0.31, 0.347, 0.3795, 0.418, 0.448, 0.469, 0.487, 0.5085, 0.5285, 0.542, 0.553, 0.565, 0.578, 0.5915, 0.609, 0.625, 0.635, 0.6415, 0.6515, 0.6625, 0.6695, 0.6785, 0.6855, 0.695, 0.7, 0.706, 0.7145, 0.7225, 0.7265, 0.731, 0.736, 0.743, 0.7505, 0.759, 0.7675, 0.775, 0.784, 0.788, 0.789, 0.79, 0.7915, 0.7925, 0.794, 0.7965, 0.7965, 0.7965, 0.7965, 0.7965, 0.7965, 0.7965, 0.7965, 0.7965, 0.7965, 0.7965, 0.7965, 0.7965, 0.7965, 0.7965, 0.7965, 0.7965, 0.7965, 0.7965, 0.7965, 0.7965, 0.7965, 0.7965, 0.7965, 0.7965, 0.7965, 0.7965, 0.7965, 0.7965, 0.7965, 0.7965, 0.7965, 0.7965, 0.7965, 0.7965, 0.7965, 0.7965, 0.7965, 0.7965, 0.7965, 0.7965, 0.7965, 0.7965, 0.7965, 0.7965, 0.7965, 0.7965, 0.7965, 0.7965, 0.7965]","{""0"": 0.7137, ""1"": 0.8775, ""2"": 0.8078, ""3"": 0.5063, ""4"": 0.874, ""5"": 0.8485, ""6"": 0.8701, ""7"": 0.8506}","[0.7778, 0.8889, 1.0, 0.8571, 0.0, 0.8333, 1.0, 0.75, 0.875, 0.6, 1.0, 0.7, 0.0, 1.0, 0.875, 1.0, 0.6, 0.1667, 0.5, 0.7, 0.6667, 0.8889, 0.7, 0.7778, 0.9, 0.2, 1.0, 0.8182, 0.8571, 1.0, 0.5714, 0.7, 0.9231, 0.1111, 1.0, 1.0, 1.0, 0.8182, 1.0, 0.8889, 0.7143, 0.125, 0.7, 1.0, 0.9, 0.8571, 0.75, 0.8889, 1.0, 0.0, 0.8, 0.8462, 0.9091, 0.7778, 0.875, 1.0, 0.8889, 0.4, 0.8571, 0.875, 0.7143, 0.875, 0.8, 0.9167, 0.875, 0.8, 0.875, 0.6, 1.0, 0.8, 1.0, 1.0, 0.9, 0.7778, 1.0, 1.0, 0.875, 1.0, 0.8571, 0.7778, 1.0, 0.875, 1.0, 1.0, 0.7, 1.0, 0.8333, 1.0, 0.7778, 1.0, 0.8571, 0.7143, 1.0, 0.875, 0.8889, 0.875, 0.8333, 0.6667, 1.0, 1.0, 1.0, 1.0, 0.8889, 0.7857, 0.7143, 0.7143, 1.0, 0.8333, 0.6667, 0.8571, 0.8462, 0.8889, 0.8571, 0.875, 0.8571, 0.8571, 0.8571, 0.6667, 0.6667, 1.0, 0.875, 1.0, 1.0, 1.0, 0.8889, 0.7778, 1.0, 1.0, 0.9, 0.75, 1.0, 1.0, 1.0, 1.0, 0.8333, 0.9091, 0.875, 0.7143, 1.0, 0.7, 0.5, 0.75, 1.0, 0.8333, 0.8571, 1.0, 0.8571, 0.9, 0.0, 0.875, 0.7273, 0.875, 0.875, 1.0, 0.875, 0.625, 0.1429, 1.0, 0.7778, 1.0, 0.875, 0.5, 0.8, 0.7778, 0.125, 0.7778, 0.9167, 1.0, 0.8571, 0.75, 0.75, 1.0, 0.0, 0.7143, 1.0, 0.8571, 1.0, 0.8889, 1.0, 0.5, 0.8889, 0.7778, 0.8571, 1.0, 0.5556, 0.8889, 0.7273, 1.0, 0.6, 1.0, 0.9, 0.6667, 0.75, 0.8571, 0.8571, 0.9091, 0.0909, 0.875, 0.6, 1.0, 0.8182, 0.875, 0.7143, 0.7778, 0.1111, 0.8333, 0.875, 0.6667, 0.6667, 1.0, 0.9, 0.6667, 0.0, 0.8, 0.875, 0.9231, 0.8, 0.8889, 1.0, 0.6667, 0.1111, 1.0, 0.75, 1.0, 0.8889, 0.9, 0.8889, 0.75, 0.0, 1.0, 0.8333, 0.6667, 0.8182, 0.625, 1.0, 0.7143, 0.1667, 0.9, 0.875, 1.0, 1.0, 0.9, 0.6667, 0.375, 0.0, 1.0, 1.0, 0.2, 0.9, 1.0]"
random,12,random,0.766,0.766,0.766,0.0,35,True,1532,0,299,169,0,"[0.05, 0.076, 0.108, 0.145, 0.187, 0.2325, 0.279, 0.3205, 0.364, 0.403, 0.438, 0.4675, 0.499, 0.531, 0.557, 0.5835, 0.6025, 0.621, 0.637, 0.6465, 0.662, 0.6705, 0.679, 0.6905, 0.7, 0.708, 0.717, 0.726, 0.738, 0.747, 0.755, 0.76, 0.7625, 0.7655, 0.766, 0.766, 0.766, 0.766, 0.766, 0.766, 0.766, 0.766, 0.766, 0.766, 0.766, 0.766, 0.766, 0.766, 0.766, 0.766, 0.766, 0.766, 0.766, 0.766, 0.766, 0.766, 0.766, 0.766, 0.766, 0.766, 0.766, 0.766, 0.766, 0.766, 0.766, 0.766, 0.766, 0.766, 0.766, 0.766, 0.766, 0.766, 0.766, 0.766, 0.766, 0.766, 0.766, 0.766, 0.766, 0.766, 0.766, 0.766, 0.766, 0.766, 0.766, 0.766, 0.766, 0.766, 0.766, 0.766, 0.766, 0.766, 0.766, 0.766, 0.766, 0.766, 0.766, 0.766, 0.766, 0.766, 0.766]","{""0"": 0.7852, ""1"": 0.8702, ""2"": 0.5983, ""3"": 0.8653, ""4"": 0.876, ""5"": 0.8462, ""6"": 0.8468, ""7"": 0.4325}","[0.7778, 0.875, 0.8571, 0.8333, 0.8571, 1.0, 0.75, 0.6, 1.0, 0.7143, 0.75, 1.0, 0.8889, 0.8333, 1.0, 1.0, 0.7143, 1.0, 0.8571, 0.8889, 1.0, 1.0, 0.8333, 0.875, 0.4, 1.0, 1.0, 0.8571, 0.8571, 0.8571, 1.0, 0.7143, 0.0, 0.6667, 0.8333, 0.875, 1.0, 0.8, 0.9167, 1.0, 0.1111, 0.5455, 0.8, 0.8571, 0.6667, 0.9091, 1.0, 0.875, 0.0, 0.75, 1.0, 0.8571, 0.9, 0.75, 0.8889, 1.0, 0.0, 0.8182, 0.25, 0.2, 0.625, 1.0, 0.5714, 0.8, 0.0, 1.0, 0.75, 0.0, 0.9, 1.0, 0.6667, 0.6667, 0.1111, 0.7778, 1.0, 0.125, 0.9167, 0.8333, 1.0, 0.7143, 0.0, 0.8333, 0.6667, 0.0, 1.0, 0.9091, 0.7143, 0.875, 0.1429, 1.0, 1.0, 0.0, 0.8333, 0.8571, 0.6364, 0.75, 0.0, 0.9091, 0.8333, 0.5, 0.8, 0.8333, 0.8333, 0.7778, 0.0, 0.9167, 1.0, 0.6, 0.9091, 1.0, 0.8571, 1.0, 0.3333, 0.8, 0.8, 0.8571, 0.7, 1.0, 0.7778, 0.9231, 0.0, 0.0, 0.7143, 1.0, 0.5, 1.0, 0.8571, 0.9091, 0.0, 0.0, 1.0, 1.0, 1.0, 0.875, 0.875, 0.7333, 0.0, 0.1429, 1.0, 0.4545, 1.0, 0.7778, 0.9, 0.7778, 0.0, 0.5, 0.8182, 0.9, 0.8889, 0.8333, 0.4, 0.4, 0.0, 1.0, 0.8333, 1.0, 0.8571, 0.875, 0.875, 0.875, 0.0, 1.0, 0.8889, 0.8333, 0.8, 0.8889, 0.875, 0.8571, 0.6667, 0.875, 0.9, 0.6667, 1.0, 0.5, 1.0, 1.0, 0.8571, 0.8333, 1.0, 0.8, 0.8, 0.6667, 0.6667, 0.8, 0.8889, 1.0, 1.0, 1.0, 0.8333, 0.8889, 0.8889, 0.875, 0.8333, 0.8182, 0.75, 0.0909, 0.8, 0.5714, 0.7778, 0.8571, 1.0, 0.8571, 0.8571, 0.125, 1.0, 0.7273, 1.0, 1.0, 0.9, 1.0, 0.8889, 0.0, 1.0, 1.0, 0.8, 0.9231, 0.875, 0.9, 0.9, 0.4286, 0.8889, 1.0, 0.9, 1.0, 0.7273, 1.0, 0.7778, 1.0, 0.75, 0.9091, 1.0, 0.8571, 1.0, 0.7143, 0.8667, 0.75, 0.8571, 1.0, 0.875, 0.6667, 0.9286, 0.625, 0.8667, 1.0, 0.9, 0.8571, 0.7778, 1.0, 1.0, 0.9]"
random,13,random,0.7405,0.7405,0.7155,0.025,100,False,1481,0,293,226,0,"[0.05, 0.069, 0.091, 0.111, 0.134, 0.154, 0.1765, 0.196, 0.218, 0.2355, 0.247, 0.2575, 0.2665, 0.2765, 0.289, 0.3035, 0.316, 0.324, 0.3295, 0.3335, 0.3395, 0.3455, 0.351, 0.357, 0.3625, 0.366, 0.3725, 0.3775, 0.3825, 0.388, 0.391, 0.394, 0.3975, 0.3985, 0.4, 0.402, 0.404, 0.407, 0.4095, 0.413, 0.4145, 0.416, 0.4175, 0.4195, 0.4205, 0.421, 0.422, 0.4245, 0.4265, 0.428, 0.429, 0.43, 0.433, 0.434, 0.4375, 0.4395, 0.4415, 0.443, 0.445, 0.4485, 0.4515, 0.4545, 0.4595, 0.463, 0.467, 0.4695, 0.474, 0.4785, 0.484, 0.4905, 0.499, 0.509, 0.517, 0.522, 0.5285, 0.534, 0.543, 0.549, 0.555, 0.5615, 0.569, 0.5765, 0.583, 0.5875, 0.595, 0.6075, 0.6195, 0.632, 0.6455, 0.6595, 0.6725, 0.6815, 0.6915, 0.699, 0.7085, 0.7155, 0.7205, 0.726, 0.7335, 0.7385, 0.7405]","{""0"": 0.8361, ""1"": 0.7724, ""2"": 0.8842, ""3"": 0.4421, ""4"": 0.6341, ""5"": 0.7738, ""6"": 0.7365, ""7"": 0.8369}","[0.8889, 1.0, 0.8333, 1.0, 0.0769, 0.875, 0.9091, 0.9, 0.8889, 0.875, 0.8889, 0.75, 0.7143, 0.9091, 1.0, 0.9231, 0.8, 0.8889, 0.8, 0.8889, 0.8889, 0.75, 0.8182, 0.8333, 0.75, 1.0, 1.0, 0.8, 1.0, 0.7143, 0.75, 0.7, 1.0, 0.625, 0.8, 0.8889, 0.25, 0.8333, 1.0, 0.7778, 0.8571, 0.7143, 0.6667, 0.9, 1.0, 0.75, 0.7778, 1.0, 1.0, 0.8333, 1.0, 0.6667, 1.0, 0.875, 0.7778, 0.6667, 0.8333, 1.0, 0.8, 0.875, 0.5, 0.8333, 0.8571, 1.0, 0.7, 0.75, 0.8571, 0.8889, 1.0, 0.6667, 1.0, 0.9, 1.0, 0.6667, 1.0, 0.75, 0.75, 0.2222, 0.9, 0.9286, 0.75, 1.0, 0.6, 0.875, 0.8, 0.0, 0.0, 1.0, 0.8333, 0.6667, 0.0, 1.0, 1.0, 0.1111, 0.0, 1.0, 0.7778, 1.0, 0.0833, 0.875, 0.8333, 0.0, 0.1429, 1.0, 0.6667, 0.7273, 0.0, 0.875, 0.8571, 0.125, 0.5714, 0.7778, 1.0, 0.7778, 0.7143, 0.7, 0.75, 0.0, 0.8, 0.7778, 0.5556, 0.875, 1.0, 1.0, 0.6, 0.0, 1.0, 1.0, 0.8333, 0.6667, 1.0, 0.75, 0.0909, 0.0, 0.9, 0.8, 0.8571, 1.0, 1.0, 1.0, 0.0, 0.6, 0.875, 1.0, 1.0, 0.875, 0.8571, 0.8, 0.2, 0.75, 1.0, 1.0, 0.8571, 0.8571, 0.7143, 1.0, 0.0, 1.0, 0.8889, 0.9091, 1.0, 1.0, 1.0, 1.0, 0.125, 1.0, 0.7778, 0.8889, 0.8, 0.75, 0.9167, 0.7778, 0.4286, 1.0, 0.7143, 0.8333, 0.8462, 0.7692, 0.8, 1.0, 0.25, 0.875, 0.875, 0.6667, 0.7143, 0.875, 0.875, 0.8571, 0.3, 1.0, 0.8, 0.0, 0.6667, 0.7333, 1.0, 0.8571, 0.0, 0.7778, 1.0, 0.0, 1.0, 1.0, 0.7273, 1.0, 0.0, 1.0, 0.8, 0.0, 1.0, 0.75, 0.7778, 1.0, 0.0, 0.8182, 0.8889, 0.0, 0.8571, 0.8333, 0.8571, 0.8571, 0.0, 0.8, 0.6364, 0.0, 0.7778, 1.0, 0.75, 0.875, 0.0, 0.8333, 0.8333, 0.8, 0.7, 1.0, 1.0, 1.0, 0.4, 1.0, 0.8571, 0.7778, 1.0, 0.875, 0.8571, 0.8889, 0.1, 1.0, 0.8571, 0.8462, 1.0, 0.5714]"
random,14,random,0.6035,0.6035,0.6035,-0.0,40,True,1207,0,300,493,0,"[0.05, 0.0745, 0.108, 0.1445, 0.1765, 0.2085, 0.2385, 0.2655, 0.298, 0.3375, 0.358, 0.3785, 0.4, 0.417, 0.426, 0.4385, 0.4475, 0.46, 0.4775, 0.4895, 0.4955, 0.5025, 0.5085, 0.513, 0.5165, 0.5215, 0.5275, 0.5355, 0.545, 0.552, 0.5565, 0.562, 0.571, 0.581, 0.5865, 0.591, 0.5965, 0.601, 0.6025, 0.6035, 0.6035, 0.6035, 0.6035, 0.6035, 0.6035, 0.6035, 0.6035, 0.6035, 0.6035, 0.6035, 0.6035, 0.6035, 0.6035, 0.6035, 0.6035, 0.6035, 0.6035, 0.6035, 0.6035, 0.6035, 0.6035, 0.6035, 0.6035, 0.6035, 0.6035, 0.6035, 0.6035, 0.6035, 0.6035, 0.6035, 0.6035, 0.6035, 0.6035, 0.6035, 0.6035, 0.6035, 0.6035, 0.6035, 0.6035, 0.6035, 0.6035, 0.6035, 0.6035, 0.6035, 0.6035, 0.6035, 0.6035, 0.6035, 0.6035, 0.6035, 0.6035, 0.6035, 0.6035, 0.6035, 0.6035, 0.6035, 0.6035, 0.6035, 0.6035, 0.6035, 0.6035]","{""0"": 0.4876, ""1"": 0.8167, ""2"": 0.7664, ""3"": 0.5944, ""4"": 0.3008, ""5"": 0.868, ""6"": 0.2797, ""7"": 0.7432}","[0.5556, 0.875, 0.9, 0.7778, 0.6667, 0.0, 0.8333, 0.0, 0.5714, 0.7143, 1.0, 0.8571, 0.9, 0.0833, 0.8889, 0.0, 1.0, 0.7143, 0.7273, 0.75, 0.8333, 0.0, 0.8333, 0.0, 0.9091, 1.0, 0.7, 1.0, 1.0, 0.0909, 0.7273, 0.0, 0.875, 1.0, 0.8333, 0.9, 0.6667, 0.1429, 1.0, 0.0, 0.8, 0.9, 0.75, 1.0, 0.5556, 0.0, 0.8889, 0.0, 0.875, 0.8, 0.875, 0.75, 0.9, 0.0, 1.0, 0.8462, 0.6923, 0.5714, 0.8571, 0.8571, 1.0, 0.1111, 0.75, 0.8889, 1.0, 1.0, 0.9091, 1.0, 0.75, 0.2, 0.875, 0.875, 0.8, 0.5, 1.0, 0.6667, 0.9, 0.0, 0.7143, 0.7778, 1.0, 1.0, 0.5, 1.0, 0.125, 0.2222, 1.0, 0.875, 0.8333, 0.8, 0.0, 1.0, 0.1429, 0.0, 1.0, 0.75, 0.75, 1.0, 0.1667, 0.0, 0.0909, 1.0, 0.8889, 0.8571, 0.1538, 0.7143, 0.8571, 0.0, 0.2, 0.6667, 0.9, 0.8333, 0.0, 0.8, 1.0, 0.1111, 0.1111, 0.8333, 0.8333, 0.0, 0.0, 0.7273, 1.0, 0.5, 0.0, 1.0, 0.9167, 0.0, 0.7143, 0.625, 0.7143, 1.0, 0.0, 0.8, 0.5714, 0.0, 1.0, 0.8333, 0.875, 1.0, 0.0, 0.875, 0.8, 0.0, 1.0, 0.0, 0.8, 0.8571, 0.0, 1.0, 1.0, 0.0, 1.0, 0.0, 1.0, 0.8333, 0.0, 0.7273, 0.7143, 0.2857, 0.8571, 0.1667, 1.0, 0.8, 0.8, 1.0, 1.0, 0.0, 0.75, 0.0, 0.8, 1.0, 0.75, 0.1111, 0.8182, 0.1429, 0.875, 0.0, 0.8, 1.0, 1.0, 0.0, 0.8333, 0.8333, 0.7143, 0.5, 0.8, 1.0, 0.8, 0.0, 0.875, 0.1111, 0.8889, 0.0, 0.9, 1.0, 0.75, 0.4, 0.8889, 0.0, 0.5833, 0.0, 1.0, 0.8, 0.8571, 0.0, 1.0, 0.0, 0.8, 0.0, 1.0, 0.9, 0.8889, 0.1818, 0.8889, 0.0, 0.75, 0.0, 1.0, 0.875, 1.0, 0.0, 1.0, 0.1, 0.8, 0.1111, 0.625, 0.7692, 1.0, 0.0, 0.8889, 0.0, 0.875, 0.0, 1.0, 0.6667, 0.7778, 0.1667, 0.8, 0.1429, 1.0, 0.25, 0.8571, 1.0, 0.75, 0.1429, 0.875, 0.0, 1.0, 0.8]"
random,15,random,0.585,0.585,0.585,0.0,29,True,1170,0,282,548,0,"[0.05, 0.072, 0.092, 0.119, 0.1525, 0.1815, 0.203, 0.224, 0.248, 0.2745, 0.298, 0.3245, 0.3475, 0.37, 0.388, 0.412, 0.4375, 0.4615, 0.4895, 0.513, 0.5265, 0.5425, 0.558, 0.566, 0.573, 0.577, 0.581, 0.584, 0.585, 0.585, 0.585, 0.585, 0.585, 0.585, 0.585, 0.585, 0.585, 0.585, 0.585, 0.585, 0.585, 0.585, 0.585, 0.585, 0.585, 0.585, 0.585, 0.585, 0.585, 0.585, 0.585, 0.585, 0.585, 0.585, 0.585, 0.585, 0.585, 0.585, 0.585, 0.585, 0.585, 0.585, 0.585, 0.585, 0.585, 0.585, 0.585, 0.585, 0.585, 0.585, 0.585, 0.585, 0.585, 0.585, 0.585, 0.585, 0.585, 0.585, 0.585, 0.585, 0.585, 0.585, 0.585, 0.585, 0.585, 0.585, 0.585, 0.585, 0.585, 0.585, 0.585, 0.585, 0.585, 0.585, 0.585, 0.585, 0.585, 0.585, 0.585, 0.585, 0.585]","{""0"": 0.3185, ""1"": 0.8642, ""2"": 0.498, ""3"": 0.0389, ""4"": 0.8677, ""5"": 0.8182, ""6"": 0.88, ""7"": 0.4724}","[0.4444, 0.8, 1.0, 0.0, 0.0, 0.8182, 0.7, 0.7778, 0.1429, 0.8571, 1.0, 0.0, 0.1667, 0.875, 0.9, 0.7273, 0.0, 0.9091, 0.8, 0.1667, 0.0, 0.8333, 0.9, 0.8333, 0.1667, 0.7778, 0.7778, 0.0, 0.0, 0.75, 1.0, 1.0, 0.2, 0.8889, 0.8571, 0.1429, 0.0, 0.9375, 0.7778, 0.7778, 0.3333, 0.8, 0.9091, 0.7143, 0.0, 0.6667, 1.0, 0.7143, 0.9091, 1.0, 0.7273, 1.0, 0.1, 0.75, 0.7, 1.0, 0.8571, 0.6667, 1.0, 0.0, 0.0, 0.8333, 0.8889, 1.0, 0.9091, 1.0, 1.0, 0.0, 0.0, 1.0, 0.7143, 1.0, 1.0, 0.6, 1.0, 0.8333, 0.1111, 0.7273, 0.8182, 0.8571, 0.8571, 0.2, 0.75, 1.0, 0.0, 1.0, 1.0, 1.0, 0.7778, 0.0909, 0.6667, 0.8333, 0.1, 0.9, 0.8571, 0.5, 0.7778, 0.1, 0.8, 0.8182, 0.0, 0.625, 0.75, 1.0, 0.875, 0.0, 1.0, 0.6667, 0.0, 1.0, 0.5, 1.0, 1.0, 0.0, 0.5, 0.8889, 0.0, 1.0, 1.0, 1.0, 1.0, 0.3333, 0.75, 1.0, 0.1667, 0.75, 0.8182, 0.8, 1.0, 0.0769, 0.875, 0.875, 0.1111, 1.0, 0.6667, 0.8571, 1.0, 0.0, 0.8571, 0.5, 0.0, 0.8, 0.875, 0.875, 1.0, 0.125, 1.0, 0.75, 0.0, 0.8333, 0.8571, 0.8333, 0.8571, 0.0, 0.7143, 0.8333, 0.0, 0.8571, 0.875, 0.8571, 0.0, 0.2222, 0.6364, 1.0, 0.0, 1.0, 0.6667, 0.625, 0.1667, 0.1429, 1.0, 0.3333, 0.0, 0.8333, 0.75, 0.8, 0.0, 0.0, 1.0, 0.0, 0.0, 1.0, 0.7143, 0.8333, 0.0, 0.5, 0.9, 0.0, 0.0, 0.8, 0.8, 0.9091, 0.0, 0.2, 0.8571, 0.0, 0.0, 0.875, 0.75, 1.0, 0.2857, 0.0, 1.0, 0.0, 0.0, 1.0, 0.75, 1.0, 0.0909, 0.0, 0.6667, 0.5714, 0.0, 0.875, 0.8333, 1.0, 0.0, 0.0, 0.9167, 0.7143, 0.05, 1.0, 0.875, 1.0, 0.1111, 0.0, 0.875, 1.0, 0.25, 0.75, 1.0, 1.0, 0.0, 0.0, 0.8333, 0.8571, 0.0, 0.8333, 0.8889, 0.8571, 0.0, 0.0, 1.0, 0.7778, 0.25, 0.8889, 0.8, 0.9, 0.0, 0.8571]"
random,16,random,0.745,0.745,0.745,0.0,48,True,1490,0,261,249,0,"[0.05, 0.0715, 0.085, 0.109, 0.1405, 0.1665, 0.192, 0.2215, 0.252, 0.278, 0.308, 0.3375, 0.3625, 0.3805, 0.3995, 0.426, 0.453, 0.476, 0.4925, 0.5155, 0.5345, 0.5525, 0.5675, 0.5875, 0.6085, 0.6255, 0.642, 0.654, 0.664, 0.672, 0.68, 0.6845, 0.688, 0.6925, 0.6995, 0.707, 0.7105, 0.714, 0.718, 0.7225, 0.726, 0.73, 0.734, 0.738, 0.74, 0.7415, 0.7435, 0.745, 0.745, 0.745, 0.745, 0.745, 0.745, 0.745, 0.745, 0.745, 0.745, 0.745, 0.745, 0.745, 0.745, 0.745, 0.745, 0.745, 0.745, 0.745, 0.745, 0.745, 0.745, 0.745, 0.745, 0.745, 0.745, 0.745, 0.745, 0.745, 0.745, 0.745, 0.745, 0.745, 0.745, 0.745, 0.745, 0.745, 0.745, 0.745, 0.745, 0.745, 0.745, 0.745, 0.745, 0.745, 0.745, 0.745, 0.745, 0.745, 0.745, 0.745, 0.745, 0.745, 0.745]","{""0"": 0.5551, ""1"": 0.6091, ""2"": 0.876, ""3"": 0.8833, ""4"": 0.8784, ""5"": 0.6437, ""6"": 0.656, ""7"": 0.8649}","[0.8889, 0.2222, 1.0, 0.9, 1.0, 1.0, 1.0, 0.9167, 1.0, 0.1111, 0.9, 0.8, 0.875, 1.0, 1.0, 1.0, 1.0, 0.375, 1.0, 0.875, 1.0, 1.0, 1.0, 0.875, 0.7143, 0.1429, 0.7778, 1.0, 0.875, 1.0, 1.0, 0.8333, 0.7143, 0.0, 0.8889, 1.0, 1.0, 1.0, 0.5714, 0.8889, 0.75, 0.0, 0.75, 0.8, 1.0, 0.8889, 0.0, 0.8, 0.8571, 0.1, 0.8571, 0.8333, 1.0, 0.8571, 0.1429, 1.0, 0.7692, 0.875, 1.0, 1.0, 0.7143, 0.4286, 0.0, 0.8571, 0.8571, 1.0, 0.0, 0.6, 0.8182, 0.875, 0.0, 0.6, 0.8571, 0.625, 0.0, 1.0, 1.0, 0.625, 0.0, 0.0909, 0.8889, 1.0, 0.0, 0.75, 1.0, 0.75, 0.0, 0.2, 0.8571, 0.6667, 0.0, 0.8333, 0.8, 0.7778, 0.0, 0.0, 0.8333, 1.0, 0.1667, 0.8889, 0.8182, 0.8889, 0.0, 0.125, 0.7778, 0.8333, 0.0, 1.0, 1.0, 1.0, 0.2, 0.0, 0.8333, 0.625, 0.1429, 0.8333, 0.7778, 0.7778, 0.0, 0.1, 0.7143, 0.9, 0.0, 0.8333, 0.9, 0.8889, 0.3333, 0.1667, 0.7143, 0.75, 1.0, 0.7857, 0.9, 0.9091, 1.0, 0.0, 1.0, 0.75, 0.1429, 0.8889, 1.0, 0.9, 0.875, 1.0, 0.8333, 1.0, 0.0, 0.875, 1.0, 0.9091, 0.6364, 0.8, 0.8462, 0.7778, 0.25, 1.0, 0.8, 0.8571, 1.0, 1.0, 0.8462, 0.8, 0.9, 0.8, 0.5, 0.8571, 1.0, 1.0, 0.7143, 0.8, 1.0, 0.8, 0.8889, 0.9091, 0.9091, 1.0, 0.8333, 0.7778, 0.875, 1.0, 0.7143, 0.8571, 1.0, 0.8, 0.9091, 1.0, 1.0, 0.8333, 1.0, 0.8571, 0.4286, 1.0, 1.0, 0.5, 0.8, 0.8, 0.8571, 0.8333, 1.0, 0.4, 1.0, 0.9231, 0.875, 0.8333, 0.8889, 0.875, 1.0, 1.0, 1.0, 1.0, 0.8889, 0.875, 0.5, 1.0, 0.8333, 1.0, 0.8889, 1.0, 1.0, 1.0, 1.0, 0.9286, 0.9, 0.9091, 0.9091, 0.0769, 0.9, 0.8, 0.8, 0.875, 0.875, 0.8333, 0.8889, 0.0, 0.5714, 0.75, 0.8, 0.875, 0.8, 1.0, 0.8571, 0.0, 0.75, 0.75, 1.0, 1.0, 0.9091, 0.7778, 1.0, 0.0]"
random,17,random,0.8345,0.8345,0.8345,0.0,42,True,1669,0,314,17,0,"[0.05, 0.074, 0.0955, 0.1185, 0.1445, 0.17, 0.199, 0.227, 0.252, 0.2845, 0.317, 0.3425, 0.3675, 0.3885, 0.413, 0.4395, 0.465, 0.49, 0.5175, 0.543, 0.565, 0.5835, 0.6055, 0.6255, 0.643, 0.6575, 0.6785, 0.6995, 0.724, 0.746, 0.759, 0.768, 0.7755, 0.785, 0.7965, 0.808, 0.814, 0.816, 0.819, 0.8245, 0.8315, 0.8345, 0.8345, 0.8345, 0.8345, 0.8345, 0.8345, 0.8345, 0.8345, 0.8345, 0.8345, 0.8345, 0.8345, 0.8345, 0.8345, 0.8345, 0.8345, 0.8345, 0.8345, 0.8345, 0.8345, 0.8345, 0.8345, 0.8345, 0.8345, 0.8345, 0.8345, 0.8345, 0.8345, 0.8345, 0.8345, 0.8345, 0.8345, 0.8345, 0.8345, 0.8345, 0.8345, 0.8345, 0.8345, 0.8345, 0.8345, 0.8345, 0.8345, 0.8345, 0.8345, 0.8345, 0.8345, 0.8345, 0.8345, 0.8345, 0.8345, 0.8345, 0.8345, 0.8345, 0.8345, 0.8345, 0.8345, 0.8345, 0.8345, 0.8345, 0.8345]","{""0"": 0.8364, ""1"": 0.7469, ""2"": 0.8549, ""3"": 0.8672, ""4"": 0.823, ""5"": 0.8508, ""6"": 0.8583, ""7"": 0.8381}","[0.4444, 0.6667, 0.875, 0.6923, 1.0, 1.0, 0.8571, 0.8889, 1.0, 0.8182, 1.0, 0.9, 0.75, 1.0, 0.8, 0.75, 0.7143, 0.875, 0.8, 0.5714, 0.8571, 0.75, 0.8333, 1.0, 0.8, 0.9, 0.8571, 1.0, 0.8, 1.0, 0.7143, 0.875, 0.8, 0.7143, 0.8462, 1.0, 1.0, 0.875, 0.875, 0.8462, 0.8, 0.6, 1.0, 0.8, 0.8571, 0.7143, 0.75, 0.7143, 1.0, 0.8889, 0.8, 1.0, 0.5714, 1.0, 1.0, 0.8333, 0.7778, 0.7143, 0.75, 0.6667, 0.8182, 0.8, 1.0, 0.8571, 0.9091, 0.7692, 0.8889, 0.8333, 0.8, 0.7143, 0.8333, 0.8333, 0.875, 1.0, 0.875, 1.0, 1.0, 1.0, 0.8333, 0.8, 0.9, 1.0, 0.1111, 0.5556, 0.8, 0.8, 1.0, 1.0, 0.75, 1.0, 0.0, 0.8889, 0.9, 1.0, 0.875, 0.4, 1.0, 0.7778, 0.0, 1.0, 1.0, 0.8, 0.875, 0.625, 0.6667, 1.0, 0.5714, 0.8462, 0.8, 0.6, 0.7143, 1.0, 0.7778, 1.0, 0.7778, 0.9, 0.8571, 0.6667, 0.8571, 0.8889, 0.875, 1.0, 0.7143, 0.9091, 0.8333, 0.8333, 0.875, 0.8571, 1.0, 0.75, 0.875, 0.7778, 0.875, 1.0, 0.9231, 1.0, 0.7778, 0.6667, 0.875, 0.6667, 1.0, 0.625, 0.75, 0.8333, 1.0, 0.9167, 1.0, 1.0, 0.75, 1.0, 1.0, 0.8333, 0.8571, 0.75, 0.7778, 1.0, 0.8889, 0.7143, 0.8571, 1.0, 0.8333, 1.0, 0.8, 0.75, 1.0, 1.0, 1.0, 1.0, 1.0, 0.8333, 1.0, 0.8333, 0.8889, 1.0, 0.7143, 1.0, 0.6667, 1.0, 0.7143, 0.9, 1.0, 0.8, 0.75, 0.875, 0.8333, 0.7778, 0.7143, 0.875, 1.0, 0.8333, 1.0, 0.75, 0.8889, 1.0, 0.625, 1.0, 0.5556, 0.6667, 1.0, 1.0, 0.6667, 0.7778, 0.75, 1.0, 0.5, 0.8, 0.6667, 0.9091, 0.5714, 0.625, 0.5714, 0.9231, 0.9231, 0.6364, 0.7778, 0.75, 0.8, 0.875, 1.0, 0.875, 0.8182, 0.75, 0.9, 1.0, 1.0, 0.625, 0.75, 0.8571, 1.0, 0.8889, 0.875, 0.625, 0.7143, 0.6364, 0.8333, 0.8571, 1.0, 0.7143, 0.75, 1.0, 0.8571, 1.0, 1.0, 0.8, 1.0, 0.7778, 0.8, 0.8571, 0.8571, 0.9091]"
random,18,random,0.7505,0.7505,0.7505,0.0,54,True,1501,0,262,237,0,"[0.05, 0.0735, 0.097, 0.1275, 0.1595, 0.1915, 0.2225, 0.248, 0.2765, 0.308, 0.338, 0.369, 0.397, 0.4215, 0.443, 0.4585, 0.471, 0.4895, 0.509, 0.531, 0.556, 0.5765, 0.5905, 0.603, 0.6145, 0.6255, 0.6335, 0.641, 0.646, 0.6525, 0.6615, 0.6695, 0.673, 0.6745, 0.6765, 0.681, 0.685, 0.6885, 0.6935, 0.6975, 0.7025, 0.707, 0.7105, 0.7125, 0.7145, 0.7165, 0.721, 0.728, 0.7335, 0.738, 0.7425, 0.7455, 0.7495, 0.7505, 0.7505, 0.7505, 0.7505, 0.7505, 0.7505, 0.7505, 0.7505, 0.7505, 0.7505, 0.7505, 0.7505, 0.7505, 0.7505, 0.7505, 0.7505, 0.7505, 0.7505, 0.7505, 0.7505, 0.7505, 0.7505, 0.7505, 0.7505, 0.7505, 0.7505, 0.7505, 0.7505, 0.7505, 0.7505, 0.7505, 0.7505, 0.7505, 0.7505, 0.7505, 0.7505, 0.7505, 0.7505, 0.7505, 0.7505, 0.7505, 0.7505, 0.7505, 0.7505, 0.7505, 0.7505, 0.7505, 0.7505]","{""0"": 0.1157, ""1"": 0.8664, ""2"": 0.8859, ""3"": 0.7702, ""4"": 0.8681, ""5"": 0.8884, ""6"": 0.7731, ""7"": 0.8792}","[0.7778, 1.0, 1.0, 0.8571, 0.0, 0.8, 1.0, 0.8889, 0.8, 1.0, 0.7143, 1.0, 0.0, 1.0, 0.8333, 0.75, 0.875, 0.4286, 1.0, 1.0, 0.75, 0.75, 1.0, 0.8333, 1.0, 0.0, 0.8, 0.9, 1.0, 0.5, 0.75, 1.0, 1.0, 0.0, 0.8, 0.8, 1.0, 0.8333, 1.0, 0.8889, 1.0, 0.125, 0.8571, 0.75, 0.8333, 0.5, 1.0, 1.0, 1.0, 0.0, 1.0, 0.8333, 1.0, 0.8889, 0.875, 1.0, 0.8889, 0.0, 1.0, 0.7857, 1.0, 0.875, 0.5714, 1.0, 0.8182, 0.1, 0.7, 1.0, 1.0, 0.8, 1.0, 0.6667, 1.0, 0.1818, 1.0, 0.875, 0.8889, 0.8571, 0.9, 1.0, 0.8333, 0.4444, 0.9, 0.7143, 0.75, 0.9231, 1.0, 0.8571, 1.0, 0.1111, 0.6, 0.8889, 1.0, 1.0, 1.0, 1.0, 0.8571, 0.0, 0.8, 1.0, 1.0, 0.8889, 0.6, 0.75, 0.8182, 0.0, 1.0, 0.8889, 0.625, 0.8, 1.0, 0.8333, 0.8333, 0.0, 0.8, 0.8182, 0.7778, 0.8182, 0.8889, 0.875, 0.8889, 0.0, 1.0, 1.0, 0.875, 1.0, 0.8889, 0.875, 0.4, 0.1, 1.0, 1.0, 0.9, 0.8571, 1.0, 0.8333, 0.9091, 0.0, 0.7143, 1.0, 0.6, 1.0, 0.875, 0.75, 1.0, 0.0, 0.8889, 0.9167, 1.0, 0.8333, 1.0, 1.0, 0.8333, 0.0, 0.8, 0.6, 0.8571, 0.8889, 0.5, 0.7143, 0.8462, 0.0833, 0.6667, 1.0, 1.0, 0.875, 0.8889, 1.0, 0.75, 0.0, 0.7778, 0.8571, 0.7, 0.8571, 0.9, 0.8333, 1.0, 0.0, 1.0, 0.8333, 0.9, 0.7778, 0.8333, 0.0, 0.8182, 0.0, 1.0, 0.9, 0.6667, 0.75, 0.8, 0.0, 0.9, 0.0, 0.7778, 0.9, 1.0, 1.0, 1.0, 0.0, 0.6, 0.125, 0.5714, 1.0, 0.8, 0.8, 0.8889, 0.1, 0.8571, 0.0, 1.0, 0.8, 0.8182, 0.7778, 1.0, 0.8182, 0.875, 0.1429, 0.8889, 0.8571, 1.0, 1.0, 1.0, 1.0, 1.0, 0.0, 1.0, 0.8182, 0.6667, 0.875, 0.875, 0.9231, 0.8571, 0.0, 0.7143, 0.8889, 0.5, 1.0, 0.8571, 1.0, 1.0, 0.0909, 0.9, 0.8571, 0.0, 1.0, 0.7778, 0.75, 0.7143, 0.8]"
random,19,random,0.744,0.744,0.744,0.0,41,True,1488,0,276,236,0,"[0.05, 0.0745, 0.0975, 0.1275, 0.1595, 0.1945, 0.223, 0.252, 0.2825, 0.316, 0.35, 0.3745, 0.3995, 0.4305, 0.456, 0.4805, 0.497, 0.514, 0.532, 0.5515, 0.5755, 0.597, 0.616, 0.6235, 0.628, 0.632, 0.6365, 0.6415, 0.648, 0.656, 0.676, 0.698, 0.7075, 0.7155, 0.722, 0.7305, 0.734, 0.7355, 0.7385, 0.742, 0.744, 0.744, 0.744, 0.744, 0.744, 0.744, 0.744, 0.744, 0.744, 0.744, 0.744, 0.744, 0.744, 0.744, 0.744, 0.744, 0.744, 0.744, 0.744, 0.744, 0.744, 0.744, 0.744, 0.744, 0.744, 0.744, 0.744, 0.744, 0.744, 0.744, 0.744, 0.744, 0.744, 0.744, 0.744, 0.744, 0.744, 0.744, 0.744, 0.744, 0.744, 0.744, 0.744, 0.744, 0.744, 0.744, 0.744, 0.744, 0.744, 0.744, 0.744, 0.744, 0.744, 0.744, 0.744, 0.744, 0.744, 0.744, 0.744, 0.744, 0.744]","{""0"": 0.8672, ""1"": 0.8548, ""2"": 0.8788, ""3"": 0.7549, ""4"": 0.8307, ""5"": 0.0586, ""6"": 0.8864, ""7"": 0.8456}","[0.7778, 1.0, 0.75, 0.875, 0.8, 1.0, 0.1, 1.0, 1.0, 1.0, 1.0, 1.0, 0.6, 0.8, 0.0, 0.75, 1.0, 1.0, 1.0, 1.0, 0.8333, 0.7143, 0.0769, 1.0, 1.0, 1.0, 1.0, 0.8, 0.9091, 1.0, 0.2, 0.9, 0.7692, 0.8571, 0.7273, 0.75, 1.0, 0.75, 0.1111, 1.0, 0.75, 0.8, 1.0, 1.0, 0.9, 0.8, 0.3333, 1.0, 1.0, 0.5556, 0.75, 0.8333, 0.75, 0.6667, 0.1, 0.7143, 0.8333, 0.6667, 1.0, 1.0, 1.0, 1.0, 0.0, 0.8182, 0.8889, 0.8, 0.8333, 1.0, 1.0, 0.8889, 0.0, 0.75, 0.6, 0.8, 0.8182, 1.0, 0.7778, 0.875, 0.0, 0.8333, 0.6, 0.8, 1.0, 1.0, 0.7778, 1.0, 0.0, 0.8889, 1.0, 1.0, 0.9, 0.9091, 0.8182, 0.8, 0.125, 0.6667, 0.8571, 0.8, 0.875, 0.8889, 0.8571, 1.0, 0.0, 1.0, 1.0, 1.0, 0.75, 0.9091, 0.8182, 0.7, 0.1667, 0.8889, 0.75, 0.9, 0.625, 0.8889, 0.6667, 0.8889, 0.0, 0.7143, 1.0, 1.0, 0.8333, 1.0, 0.9, 0.6, 0.0, 1.0, 0.8571, 0.625, 1.0, 0.8333, 0.625, 1.0, 0.0, 1.0, 0.8333, 1.0, 0.8571, 0.6364, 1.0, 1.0, 0.0, 0.75, 0.7, 0.625, 0.9167, 0.8, 0.7692, 0.6, 0.25, 0.8571, 1.0, 0.8333, 0.8889, 1.0, 1.0, 1.0, 0.1111, 1.0, 0.875, 0.875, 0.8889, 1.0, 0.8333, 1.0, 0.0, 1.0, 1.0, 0.8333, 0.7143, 1.0, 0.8571, 0.9, 0.0, 0.875, 0.5556, 0.7778, 0.6667, 0.8462, 0.0, 0.7143, 0.0, 0.8333, 0.7778, 0.6667, 0.6667, 0.7778, 0.0, 1.0, 0.0, 0.8889, 0.8333, 0.9167, 1.0, 0.875, 0.1333, 0.75, 0.0, 1.0, 0.8, 1.0, 1.0, 1.0, 0.6667, 0.7143, 0.2857, 0.8333, 0.75, 0.875, 0.75, 0.9167, 1.0, 0.8889, 0.0909, 1.0, 0.8462, 0.6, 0.875, 0.6154, 1.0, 0.5, 0.0, 0.8333, 1.0, 0.8571, 0.8571, 0.8182, 0.875, 0.8333, 0.0, 1.0, 0.6667, 1.0, 0.75, 1.0, 1.0, 1.0, 0.0769, 0.9091, 0.8571, 1.0, 0.8889, 0.7, 1.0, 0.875, 0.1111, 0.8571, 0.7778, 1.0]"
champions,0,champions,0.7045,0.7045,0.7045,-0.0,34,True,1409,0,265,326,0,"[0.05, 0.0905, 0.136, 0.199, 0.267, 0.33, 0.373, 0.409, 0.4525, 0.494, 0.5255, 0.551, 0.57, 0.5885, 0.604, 0.618, 0.6285, 0.64, 0.65, 0.6565, 0.6625, 0.667, 0.6695, 0.674, 0.679, 0.681, 0.6835, 0.6895, 0.695, 0.697, 0.6995, 0.7015, 0.704, 0.7045, 0.7045, 0.7045, 0.7045, 0.7045, 0.7045, 0.7045, 0.7045, 0.7045, 0.7045, 0.7045, 0.7045, 0.7045, 0.7045, 0.7045, 0.7045, 0.7045, 0.7045, 0.7045, 0.7045, 0.7045, 0.7045, 0.7045, 0.7045, 0.7045, 0.7045, 0.7045, 0.7045, 0.7045, 0.7045, 0.7045, 0.7045, 0.7045, 0.7045, 0.7045, 0.7045, 0.7045, 0.7045, 0.7045, 0.7045, 0.7045, 0.7045, 0.7045, 0.7045, 0.7045, 0.7045, 0.7045, 0.7045, 0.7045, 0.7045, 0.7045, 0.7045, 0.7045, 0.7045, 0.7045, 0.7045, 0.7045, 0.7045, 0.7045, 0.7045, 0.7045, 0.7045, 0.7045, 0.7045, 0.7045, 0.7045, 0.7045, 0.7045]","{""0"": 0.5623, ""1"": 0.8844, ""2"": 0.8851, ""3"": 0.8648, ""4"": 0.7326, ""5"": 0.0255, ""6"": 0.7625, ""7"": 0.896}","[1.0, 0.5714, 1.0, 0.8333, 0.7143, 1.0, 0.2222, 1.0, 0.8889, 0.2727, 0.9091, 1.0, 1.0, 0.7857, 0.0, 0.8333, 1.0, 0.0909, 0.8182, 1.0, 0.7778, 0.8, 0.0, 0.8889, 0.875, 0.0, 0.875, 1.0, 0.7143, 0.75, 0.0, 1.0, 0.7143, 0.125, 0.9, 1.0, 0.75, 0.7778, 0.0, 0.8889, 0.8571, 0.0, 0.8333, 1.0, 0.8889, 0.0, 0.0, 0.9167, 0.9, 0.1, 1.0, 0.8333, 0.8333, 0.2222, 0.0, 1.0, 0.7, 0.5714, 0.75, 0.5, 0.75, 0.0, 0.0, 0.9, 0.8333, 1.0, 0.75, 1.0, 0.9231, 0.1429, 0.0, 0.8889, 1.0, 0.875, 0.9091, 0.75, 0.8571, 0.0, 0.125, 0.8571, 1.0, 1.0, 0.8, 0.8571, 1.0, 1.0, 0.0, 0.8333, 1.0, 0.2, 0.9, 0.8571, 0.8, 0.5714, 0.1429, 0.875, 0.7, 0.9167, 1.0, 0.8, 1.0, 0.8889, 0.0, 1.0, 1.0, 0.9, 1.0, 0.8889, 1.0, 0.8889, 0.0, 0.7, 0.8889, 0.875, 0.75, 0.8, 1.0, 0.8889, 0.0, 0.8889, 1.0, 0.8333, 1.0, 0.75, 0.6, 1.0, 0.0, 0.8182, 1.0, 0.0, 1.0, 0.875, 1.0, 1.0, 0.0, 1.0, 0.75, 0.0, 0.875, 0.875, 0.75, 1.0, 0.0, 0.875, 1.0, 0.0, 0.875, 0.8571, 1.0, 0.7143, 0.0, 0.8, 1.0, 0.0, 0.8889, 0.8333, 0.75, 0.8571, 0.0, 0.9, 1.0, 0.0, 1.0, 0.8333, 0.9167, 0.6923, 0.0, 1.0, 1.0, 0.1, 1.0, 1.0, 0.75, 0.8571, 0.0, 1.0, 0.875, 0.5714, 0.7778, 0.75, 1.0, 0.8333, 0.0, 0.7778, 0.6667, 1.0, 0.6667, 0.8571, 0.8, 1.0, 0.0, 0.8, 0.7143, 1.0, 1.0, 0.8333, 0.75, 1.0, 0.0, 0.0833, 0.8, 0.8462, 0.7143, 0.8, 0.8571, 0.875, 0.0, 0.0, 0.8333, 1.0, 1.0, 1.0, 0.8571, 1.0, 0.0, 0.0, 1.0, 1.0, 0.8571, 1.0, 1.0, 0.75, 0.0, 0.0, 0.9167, 1.0, 0.8, 0.875, 0.8889, 0.7778, 0.0, 0.625, 0.9167, 1.0, 1.0, 1.0, 1.0, 1.0, 0.1429, 0.8571, 1.0, 0.7, 1.0, 0.875, 1.0, 1.0, 0.0, 0.7778, 1.0, 1.0]"
champions,1,champions,0.795,0.795,0.795,0.0,35,True,1590,0,297,113,0,"[0.05, 0.0905, 0.1355, 0.1825, 0.232, 0.281, 0.325, 0.357, 0.3815, 0.4125, 0.441, 0.462, 0.4825, 0.5, 0.515, 0.5355, 0.556, 0.5845, 0.603, 0.6185, 0.6325, 0.6455, 0.658, 0.6735, 0.6875, 0.7045, 0.7205, 0.732, 0.741, 0.754, 0.7655, 0.7775, 0.791, 0.7945, 0.795, 0.795, 0.795, 0.795, 0.795, 0.795, 0.795, 0.795, 0.795, 0.795, 0.795, 0.795, 0.795, 0.795, 0.795, 0.795, 0.795, 0.795, 0.795, 0.795, 0.795, 0.795, 0.795, 0.795, 0.795, 0.795, 0.795, 0.795, 0.795, 0.795, 0.795, 0.795, 0.795, 0.795, 0.795, 0.795, 0.795, 0.795, 0.795, 0.795, 0.795, 0.795, 0.795, 0.795, 0.795, 0.795, 0.795, 0.795, 0.795, 0.795, 0.795, 0.795, 0.795, 0.795, 0.795, 0.795, 0.795, 0.795, 0.795, 0.795, 0.795, 0.795, 0.795, 0.795, 0.795, 0.795, 0.795]","{""0"": 0.8426, ""1"": 0.8699, ""2"": 0.8516, ""3"": 0.8669, ""4"": 0.8506, ""5"": 0.3887, ""6"": 0.8607, ""7"": 0.8244}","[1.0, 0.75, 0.8, 0.875, 1.0, 1.0, 0.0909, 0.875, 1.0, 1.0, 0.8, 1.0, 1.0, 0.6667, 0.0, 0.8889, 0.5556, 1.0, 0.7143, 1.0, 0.6, 0.8333, 0.125, 1.0, 0.875, 1.0, 0.8889, 0.8182, 1.0, 0.75, 0.6667, 1.0, 0.75, 1.0, 1.0, 0.7273, 0.7143, 0.6, 0.875, 1.0, 0.7778, 0.875, 1.0, 0.8571, 1.0, 0.8889, 0.8889, 1.0, 0.9, 1.0, 1.0, 1.0, 0.8333, 0.75, 0.8333, 0.8571, 0.8889, 0.6, 0.8, 0.8571, 1.0, 0.7778, 1.0, 1.0, 0.8, 1.0, 1.0, 0.9091, 0.8333, 0.8571, 1.0, 0.7273, 0.8, 0.6364, 0.7778, 0.8, 0.875, 0.8333, 0.8182, 0.8182, 0.9091, 0.6667, 0.75, 0.9, 1.0, 0.9091, 1.0, 0.8571, 0.8462, 0.8333, 0.875, 0.9, 0.8571, 1.0, 0.9, 0.8571, 1.0, 0.75, 0.8889, 0.5, 0.6667, 0.75, 0.75, 1.0, 0.9091, 0.75, 0.5, 0.8571, 0.9, 1.0, 0.0, 1.0, 0.875, 0.875, 0.8571, 1.0, 0.8333, 0.7778, 0.0, 0.7333, 0.7143, 1.0, 0.9091, 0.6, 0.8333, 1.0, 0.0, 0.7273, 0.7, 0.9, 0.8571, 0.8333, 0.7778, 0.9, 0.0, 0.875, 1.0, 0.8333, 1.0, 1.0, 0.7778, 0.75, 0.0, 0.875, 0.6, 1.0, 1.0, 1.0, 0.875, 0.9091, 0.1667, 0.9, 0.75, 1.0, 0.8333, 0.8182, 0.9286, 1.0, 0.875, 1.0, 0.8889, 0.875, 1.0, 1.0, 1.0, 0.8333, 0.875, 0.8333, 0.8, 0.8, 1.0, 0.4, 0.75, 0.8333, 0.8571, 1.0, 0.75, 0.9, 1.0, 0.9, 0.7273, 0.75, 0.2, 0.5714, 0.8182, 1.0, 0.6667, 0.8, 0.7692, 0.7778, 0.0, 0.8889, 1.0, 0.6667, 0.9091, 0.75, 0.9, 0.8889, 0.0, 1.0, 0.75, 1.0, 0.8889, 0.6667, 1.0, 0.8889, 0.0, 1.0, 0.875, 0.8571, 0.8889, 0.75, 1.0, 0.9091, 0.0, 0.8889, 0.8571, 0.75, 0.8571, 1.0, 1.0, 0.7, 0.0, 0.875, 1.0, 0.4286, 0.8889, 0.8571, 0.6, 1.0, 0.0, 0.6, 0.9091, 0.6667, 0.6923, 1.0, 0.8571, 0.9231, 0.0, 0.9167, 0.6667, 0.7778, 1.0, 0.8571, 0.875, 0.7143, 0.0, 0.6, 0.7143, 0.875]"
champions,2,champions,0.826,0.826,0.826,0.0,36,True,1652,0,279,69,0,"[0.05, 0.091, 0.1335, 0.181, 0.236, 0.2855, 0.333, 0.379, 0.425, 0.4755, 0.5185, 0.5625, 0.5935, 0.6285, 0.658, 0.6895, 0.715, 0.7355, 0.755, 0.764, 0.772, 0.7775, 0.782, 0.787, 0.7905, 0.7935, 0.7975, 0.8025, 0.806, 0.809, 0.8165, 0.8225, 0.8235, 0.824, 0.8245, 0.826, 0.826, 0.826, 0.826, 0.826, 0.826, 0.826, 0.826, 0.826, 0.826, 0.826, 0.826, 0.826, 0.826, 0.826, 0.826, 0.826, 0.826, 0.826, 0.826, 0.826, 0.826, 0.826, 0.826, 0.826, 0.826, 0.826, 0.826, 0.826, 0.826, 0.826, 0.826, 0.826, 0.826, 0.826, 0.826, 0.826, 0.826, 0.826, 0.826, 0.826, 0.826, 0.826, 0.826, 0.826, 0.826, 0.826, 0.826, 0.826, 0.826, 0.826, 0.826, 0.826, 0.826, 0.826, 0.826, 0.826, 0.826, 0.826, 0.826, 0.826, 0.826, 0.826, 0.826, 0.826, 0.826]","{""0"": 0.7778, ""1"": 0.8694, ""2"": 0.878, ""3"": 0.8175, ""4"": 0.8739, ""5"": 0.875, ""6"": 0.6492, ""7"": 0.872}","[1.0, 0.7, 0.8462, 0.9091, 0.875, 1.0, 1.0, 0.8571, 0.9167, 0.7692, 0.5, 0.8571, 1.0, 1.0, 1.0, 0.875, 1.0, 0.9091, 1.0, 0.5714, 0.75, 1.0, 1.0, 1.0, 0.6667, 1.0, 0.8571, 0.8333, 0.75, 0.9, 0.7143, 0.5, 1.0, 0.7, 0.8889, 0.9091, 0.875, 0.7143, 0.5, 1.0, 0.75, 0.0, 0.5, 1.0, 0.8333, 0.8, 0.8, 1.0, 1.0, 0.0, 0.6, 0.8, 0.8182, 0.8333, 0.8333, 0.7778, 0.7778, 0.8571, 0.8889, 0.7143, 0.9231, 1.0, 0.7143, 1.0, 0.8333, 0.8571, 0.9231, 0.8889, 0.8333, 0.8, 1.0, 0.8333, 0.8889, 1.0, 1.0, 0.8889, 0.6, 1.0, 1.0, 0.875, 1.0, 0.6, 0.8571, 0.875, 0.8571, 0.7857, 0.8, 0.9, 1.0, 0.7778, 0.7778, 0.6667, 0.6667, 0.9091, 0.625, 1.0, 0.6, 1.0, 1.0, 0.9, 0.7143, 0.6667, 0.9, 1.0, 0.875, 1.0, 1.0, 0.75, 0.6667, 0.8571, 0.7, 0.5, 0.6667, 0.7778, 1.0, 0.875, 0.6, 0.7778, 1.0, 0.6, 1.0, 0.8571, 0.625, 1.0, 0.75, 1.0, 0.8, 0.875, 0.9412, 0.8, 0.7273, 1.0, 0.9, 1.0, 1.0, 0.8889, 0.8889, 0.8889, 0.8, 0.5714, 0.7273, 0.7143, 0.75, 1.0, 0.6667, 0.8333, 0.9, 1.0, 0.7143, 0.8, 0.75, 0.6667, 1.0, 0.875, 1.0, 0.8182, 0.7778, 0.8889, 0.9091, 0.8889, 0.8333, 0.7143, 1.0, 0.7143, 1.0, 0.8889, 0.8571, 0.8571, 0.875, 0.8333, 1.0, 0.8571, 0.75, 1.0, 1.0, 0.8462, 0.8462, 0.7778, 1.0, 1.0, 1.0, 0.8, 0.9167, 0.0, 0.6667, 0.75, 0.75, 1.0, 0.9091, 0.8, 0.9, 0.0, 1.0, 0.8571, 0.8889, 1.0, 0.75, 0.8333, 1.0, 0.1429, 1.0, 0.6667, 1.0, 1.0, 0.7143, 1.0, 0.8889, 0.0, 0.8, 0.875, 0.8889, 1.0, 0.875, 0.8333, 1.0, 0.0, 0.875, 1.0, 1.0, 1.0, 1.0, 0.8571, 0.875, 0.0, 0.875, 1.0, 1.0, 0.9091, 1.0, 1.0, 0.9167, 0.1667, 1.0, 0.875, 1.0, 0.8889, 0.875, 0.8571, 0.8889, 0.8333, 0.9, 1.0, 0.8182, 1.0, 1.0, 0.8333, 0.8667, 0.8333, 0.9, 0.6667]"
champions,3,champions,0.7515,0.7515,0.7515,0.0,36,True,1503,0,258,239,0,"[0.05, 0.0935, 0.147, 0.208, 0.271, 0.327, 0.3755, 0.4105, 0.4465, 0.481, 0.5165, 0.5435, 0.5695, 0.593, 0.6115, 0.6265, 0.6435, 0.6575, 0.669, 0.676, 0.681, 0.6885, 0.6955, 0.7035, 0.713, 0.721, 0.729, 0.736, 0.739, 0.7415, 0.743, 0.7455, 0.7465, 0.7485, 0.751, 0.7515, 0.7515, 0.7515, 0.7515, 0.7515, 0.7515, 0.7515, 0.7515, 0.7515, 0.7515, 0.7515, 0.7515, 0.7515, 0.7515, 0.7515, 0.7515, 0.7515, 0.7515, 0.7515, 0.7515, 0.7515, 0.7515, 0.7515, 0.7515, 0.7515, 0.7515, 0.7515, 0.7515, 0.7515, 0.7515, 0.7515, 0.7515, 0.7515, 0.7515, 0.7515, 0.7515, 0.7515, 0.7515, 0.7515, 0.7515, 0.7515, 0.7515, 0.7515, 0.7515, 0.7515, 0.7515, 0.7515, 0.7515, 0.7515, 0.7515, 0.7515, 0.7515, 0.7515, 0.7515, 0.7515, 0.7515, 0.7515, 0.7515, 0.7515, 0.7515, 0.7515, 0.7515, 0.7515, 0.7515, 0.7515, 0.7515]","{""0"": 0.6066, ""1"": 0.8941, ""2"": 0.8719, ""3"": 0.7004, ""4"": 0.8411, ""5"": 0.2609, ""6"": 0.8937, ""7"": 0.8848}","[1.0, 1.0, 1.0, 1.0, 0.0, 1.0, 0.0, 0.8571, 0.875, 0.3333, 0.875, 0.6667, 0.0, 0.6667, 0.3333, 1.0, 0.8333, 0.6, 1.0, 1.0, 0.0, 0.8889, 0.0, 1.0, 0.8889, 0.875, 0.7143, 1.0, 0.1111, 1.0, 0.0, 1.0, 1.0, 0.8571, 0.8889, 1.0, 0.5, 1.0, 1.0, 0.875, 0.6667, 0.8462, 1.0, 0.875, 0.625, 1.0, 1.0, 1.0, 1.0, 1.0, 0.8571, 0.8, 0.6667, 0.7273, 0.9412, 0.9, 0.9167, 1.0, 0.6667, 0.75, 0.8571, 0.7, 0.75, 0.875, 1.0, 0.75, 0.6667, 0.8333, 1.0, 1.0, 0.8182, 1.0, 1.0, 0.9091, 0.9, 0.8571, 0.7143, 0.6667, 1.0, 0.9, 0.75, 0.75, 1.0, 0.8333, 1.0, 0.8333, 0.5714, 0.7143, 0.8571, 0.0, 0.9167, 0.8333, 0.7778, 1.0, 0.0, 0.875, 0.8667, 0.0, 1.0, 1.0, 1.0, 0.8889, 0.0, 1.0, 1.0, 0.0, 0.8571, 0.8333, 0.7, 0.9, 0.0, 1.0, 1.0, 0.0, 0.8, 0.7, 1.0, 0.8462, 0.0, 0.5, 0.8333, 0.0, 1.0, 1.0, 0.75, 0.7778, 0.125, 0.875, 0.875, 0.2, 0.4444, 0.6667, 0.8, 0.7, 0.0, 1.0, 0.8889, 0.0, 1.0, 0.8571, 0.9231, 0.8182, 0.0, 0.875, 1.0, 0.0, 1.0, 0.8333, 0.8889, 0.8889, 0.1818, 0.7143, 1.0, 0.0, 0.8571, 0.7778, 0.7273, 0.7778, 0.0, 0.9091, 0.8, 0.0, 1.0, 0.875, 0.8889, 0.9231, 0.0, 1.0, 0.8182, 0.2857, 1.0, 1.0, 0.875, 0.7143, 0.125, 0.8667, 1.0, 0.8, 1.0, 0.9, 0.8889, 1.0, 0.0, 0.9, 0.8, 1.0, 1.0, 0.625, 1.0, 0.75, 0.0, 0.7778, 0.8889, 1.0, 1.0, 0.75, 0.8333, 0.75, 0.1, 0.8333, 0.875, 0.8889, 1.0, 1.0, 0.9, 0.7143, 0.0, 0.7143, 1.0, 0.8, 0.8889, 1.0, 0.8, 0.7143, 0.0, 0.8571, 0.6, 0.9231, 0.7778, 1.0, 1.0, 1.0, 0.0, 0.8889, 0.7273, 1.0, 0.8333, 1.0, 0.5, 0.8889, 0.0, 1.0, 1.0, 1.0, 0.7143, 0.7143, 0.125, 1.0, 0.0, 0.9091, 1.0, 0.875, 1.0, 1.0, 0.0, 0.8333, 0.0, 1.0, 0.7143, 1.0]"
champions,4,champions,0.6085,0.6085,0.6085,0.0,37,True,1217,0,302,481,0,"[0.05, 0.1005, 0.1505, 0.1825, 0.211, 0.2355, 0.255, 0.274, 0.2955, 0.3175, 0.3465, 0.371, 0.389, 0.406, 0.42, 0.43, 0.4435, 0.4555, 0.4695, 0.4815, 0.4925, 0.501, 0.5155, 0.5295, 0.538, 0.546, 0.552, 0.559, 0.563, 0.5685, 0.5755, 0.5825, 0.5935, 0.6, 0.6035, 0.6075, 0.6085, 0.6085, 0.6085, 0.6085, 0.6085, 0.6085, 0.6085, 0.6085, 0.6085, 0.6085, 0.6085, 0.6085, 0.6085, 0.6085, 0.6085, 0.6085, 0.6085, 0.6085, 0.6085, 0.6085, 0.6085, 0.6085, 0.6085, 0.6085, 0.6085, 0.6085, 0.6085, 0.6085, 0.6085, 0.6085, 0.6085, 0.6085, 0.6085, 0.6085, 0.6085, 0.6085, 0.6085, 0.6085, 0.6085, 0.6085, 0.6085, 0.6085, 0.6085, 0.6085, 0.6085, 0.6085, 0.6085, 0.6085, 0.6085, 0.6085, 0.6085, 0.6085, 0.6085, 0.6085, 0.6085, 0.6085, 0.6085, 0.6085, 0.6085, 0.6085, 0.6085, 0.6085, 0.6085, 0.6085, 0.6085]","{""0"": 0.5962, ""1"": 0.51, ""2"": 0.644, ""3"": 0.3074, ""4"": 0.8555, ""5"": 0.2894, ""6"": 0.8577, ""7"": 0.743}","[1.0, 0.875, 0.875, 0.7692, 0.9231, 0.9, 0.0, 0.6667, 0.8333, 1.0, 1.0, 1.0, 0.7778, 0.7273, 0.0833, 1.0, 0.8571, 0.9091, 1.0, 0.8571, 0.8333, 0.8333, 0.1111, 0.8889, 0.7857, 0.625, 0.875, 0.7273, 0.625, 0.9091, 0.0, 1.0, 1.0, 0.7, 1.0, 0.75, 0.8571, 0.8, 0.0, 0.9167, 1.0, 0.9, 0.7778, 0.875, 0.1, 0.75, 0.125, 0.625, 0.8571, 0.875, 1.0, 0.5, 0.0, 0.7143, 0.0, 0.7778, 0.6667, 0.8182, 0.8571, 0.0, 0.0, 0.8571, 0.0, 0.9286, 1.0, 0.625, 0.8571, 0.1111, 0.0, 0.9167, 0.0, 0.7143, 0.8333, 0.5, 0.75, 0.0, 0.0, 1.0, 0.0, 0.8182, 0.75, 0.0, 0.8889, 0.0, 0.0, 0.5714, 0.0, 0.8571, 0.8571, 0.0833, 0.8, 0.0, 0.0, 1.0, 0.0, 0.8333, 1.0, 0.0909, 1.0, 0.2857, 0.0, 1.0, 0.0, 0.8, 1.0, 0.25, 0.0, 0.0, 0.2, 1.0, 0.0, 1.0, 1.0, 0.0, 0.0, 0.8, 0.0, 0.875, 0.0, 0.8182, 0.6667, 0.0, 0.1111, 0.8889, 0.0, 1.0, 0.0, 0.9091, 0.7143, 0.1667, 0.0, 1.0, 0.0, 0.8571, 0.0, 0.8, 0.5, 0.0, 0.125, 0.8333, 0.0, 0.9, 0.0, 0.8571, 0.8571, 0.0, 0.0, 0.7778, 0.0, 1.0, 0.0, 1.0, 0.4286, 0.1, 0.0, 0.8333, 0.0, 0.8571, 0.0, 1.0, 0.8889, 0.8, 0.0, 1.0, 0.0, 0.75, 0.875, 1.0, 0.6667, 0.6667, 0.0, 1.0, 0.0, 0.7143, 0.8333, 1.0, 0.8333, 1.0, 0.1111, 0.7143, 0.0, 0.9, 0.7143, 0.8889, 0.8571, 0.8571, 0.0, 0.8571, 0.0, 0.75, 0.875, 0.9, 1.0, 0.6667, 0.2857, 1.0, 0.0, 1.0, 0.8333, 0.7143, 0.875, 0.6, 0.5, 0.75, 0.0, 0.8333, 0.8, 0.625, 0.875, 0.7143, 0.0, 1.0, 0.1429, 0.9091, 0.8571, 0.875, 0.8, 1.0, 0.1111, 0.4286, 0.75, 0.7143, 1.0, 0.6667, 0.0, 0.875, 0.6667, 1.0, 0.8333, 0.8889, 0.6667, 0.8571, 0.0, 0.9, 0.8571, 0.7143, 1.0, 0.8, 1.0, 1.0, 0.25, 0.9167, 0.8333, 0.6667, 0.875, 0.75, 1.0, 0.7778, 0.6, 1.0]"
champions,5,champions,0.8535,0.8535,0.8535,0.0,35,True,1707,0,275,18,0,"[0.05, 0.091, 0.143, 0.1935, 0.2515, 0.309, 0.366, 0.4225, 0.475, 0.5185, 0.5595, 0.5945, 0.621, 0.651, 0.6735, 0.696, 0.7215, 0.749, 0.7605, 0.7725, 0.7875, 0.7995, 0.8065, 0.812, 0.8185, 0.824, 0.8295, 0.8345, 0.837, 0.84, 0.8425, 0.8455, 0.8495, 0.8515, 0.8535, 0.8535, 0.8535, 0.8535, 0.8535, 0.8535, 0.8535, 0.8535, 0.8535, 0.8535, 0.8535, 0.8535, 0.8535, 0.8535, 0.8535, 0.8535, 0.8535, 0.8535, 0.8535, 0.8535, 0.8535, 0.8535, 0.8535, 0.8535, 0.8535, 0.8535, 0.8535, 0.8535, 0.8535, 0.8535, 0.8535, 0.8535, 0.8535, 0.8535, 0.8535, 0.8535, 0.8535, 0.8535, 0.8535, 0.8535, 0.8535, 0.8535, 0.8535, 0.8535, 0.8535, 0.8535, 0.8535, 0.8535, 0.8535, 0.8535, 0.8535, 0.8535, 0.8535, 0.8535, 0.8535, 0.8535, 0.8535, 0.8535, 0.8535, 0.8535, 0.8535, 0.8535, 0.8535, 0.8535, 0.8535, 0.8535, 0.8535]","{""0"": 0.88, ""1"": 0.8643, ""2"": 0.8008, ""3"": 0.8398, ""4"": 0.8402, ""5"": 0.8638, ""6"": 0.8734, ""7"": 0.8659}","[1.0, 1.0, 0.8889, 0.9286, 1.0, 0.875, 1.0, 1.0, 0.8, 0.9286, 0.8, 0.8571, 0.75, 1.0, 1.0, 0.9, 0.8, 1.0, 0.5714, 0.875, 1.0, 0.8, 0.8, 0.8333, 0.9091, 0.6364, 1.0, 1.0, 0.875, 0.9375, 0.8333, 0.8571, 0.6667, 0.7778, 0.875, 1.0, 1.0, 1.0, 0.875, 0.8571, 0.875, 1.0, 0.5714, 0.875, 1.0, 1.0, 0.9, 1.0, 1.0, 0.6667, 1.0, 0.75, 0.75, 0.8571, 1.0, 1.0, 0.8571, 0.7778, 0.8, 1.0, 0.5, 0.7143, 0.8571, 0.6, 0.875, 1.0, 0.8333, 0.8889, 1.0, 0.875, 0.8889, 1.0, 1.0, 0.4, 1.0, 1.0, 0.75, 0.8333, 0.8889, 0.75, 0.8333, 0.9167, 0.8571, 1.0, 0.6667, 0.7778, 0.9, 0.7778, 1.0, 1.0, 0.7778, 0.75, 0.8571, 0.8571, 0.8, 1.0, 0.8571, 1.0, 0.8889, 0.875, 0.8182, 1.0, 1.0, 1.0, 0.6667, 1.0, 0.75, 0.7143, 1.0, 0.7, 0.8462, 1.0, 0.8571, 1.0, 0.8333, 0.9091, 0.75, 0.6667, 1.0, 0.8, 1.0, 0.8333, 1.0, 0.875, 1.0, 0.7778, 0.8571, 0.8, 1.0, 1.0, 0.75, 0.8889, 1.0, 0.5714, 0.8571, 0.5455, 0.8571, 0.8571, 0.8889, 0.7143, 0.8, 0.5714, 0.9091, 1.0, 1.0, 0.8, 0.9, 0.7, 0.7143, 1.0, 0.75, 1.0, 0.8571, 0.75, 0.75, 0.875, 0.6667, 0.5714, 0.8889, 0.6667, 0.75, 0.6667, 0.7143, 1.0, 0.75, 1.0, 0.7143, 0.8, 1.0, 1.0, 0.8333, 0.0, 0.7, 0.75, 0.7778, 0.8889, 0.9, 1.0, 1.0, 1.0, 0.6667, 0.8333, 0.6667, 0.9, 0.7778, 0.8333, 1.0, 0.7778, 0.8571, 0.75, 0.8889, 1.0, 0.9, 1.0, 0.8571, 0.0, 1.0, 0.8889, 0.6667, 1.0, 1.0, 1.0, 0.8, 0.0, 1.0, 0.6, 0.4, 1.0, 1.0, 0.9091, 1.0, 0.8571, 0.7143, 0.8889, 0.9, 0.5714, 0.75, 1.0, 1.0, 1.0, 0.8, 0.8571, 0.7143, 1.0, 0.8333, 0.8, 0.8333, 0.6667, 0.9167, 1.0, 0.9, 1.0, 0.875, 1.0, 1.0, 1.0, 0.75, 1.0, 0.9, 1.0, 0.6364, 0.9091, 0.875, 1.0, 0.75, 1.0, 1.0, 0.9, 1.0, 0.625]"
champions,6,champions,0.604,0.604,0.604,0.0,32,True,1208,0,271,521,0,"[0.05, 0.087, 0.1235, 0.1795, 0.2315, 0.278, 0.316, 0.3495, 0.382, 0.408, 0.438, 0.47, 0.493, 0.5125, 0.5305, 0.5485, 0.558, 0.563, 0.5675, 0.5725, 0.58, 0.585, 0.5885, 0.5915, 0.5935, 0.5965, 0.598, 0.599, 0.601, 0.603, 0.6035, 0.604, 0.604, 0.604, 0.604, 0.604, 0.604, 0.604, 0.604, 0.604, 0.604, 0.604, 0.604, 0.604, 0.604, 0.604, 0.604, 0.604, 0.604, 0.604, 0.604, 0.604, 0.604, 0.604, 0.604, 0.604, 0.604, 0.604, 0.604, 0.604, 0.604, 0.604, 0.604, 0.604, 0.604, 0.604, 0.604, 0.604, 0.604, 0.604, 0.604, 0.604, 0.604, 0.604, 0.604, 0.604, 0.604, 0.604, 0.604, 0.604, 0.604, 0.604, 0.604, 0.604, 0.604, 0.604, 0.604, 0.604, 0.604, 0.604, 0.604, 0.604, 0.604, 0.604, 0.604, 0.604, 0.604, 0.604, 0.604, 0.604, 0.604]","{""0"": 0.8398, ""1"": 0.5763, ""2"": 0.6275, ""3"": 0.8958, ""4"": 0.0488, ""5"": 0.7172, ""6"": 0.1974, ""7"": 0.8715}","[1.0, 0.6667, 0.75, 1.0, 0.9167, 0.0, 0.9167, 0.0, 1.0, 0.8889, 0.8, 1.0, 0.9167, 0.1111, 1.0, 0.1111, 1.0, 1.0, 0.5, 0.875, 0.8182, 0.0, 1.0, 0.0, 0.8571, 0.8333, 0.0, 1.0, 0.8889, 0.0833, 0.7143, 0.0, 0.9167, 1.0, 0.1429, 1.0, 0.8333, 0.1111, 0.0, 0.0, 0.8182, 0.4, 0.2, 1.0, 0.75, 0.0, 0.0, 0.0, 0.8571, 0.7143, 0.0, 0.8571, 1.0, 0.0, 0.0, 0.0, 1.0, 1.0, 0.0, 0.6667, 1.0, 0.1111, 0.0, 0.0, 0.6667, 1.0, 0.0, 1.0, 1.0, 0.0, 0.0, 0.0, 0.9091, 0.9091, 0.1, 0.8571, 0.8889, 0.0, 0.6667, 0.0, 1.0, 0.6, 0.1111, 1.0, 1.0, 0.0, 1.0, 0.2, 1.0, 0.5, 0.3333, 0.6, 1.0, 0.0, 0.8333, 0.0, 0.875, 0.8333, 0.9, 0.8333, 0.875, 0.0, 0.7778, 0.0, 0.6667, 0.4286, 0.75, 0.1111, 0.8571, 0.1111, 0.8, 0.0, 0.8, 0.9333, 0.7778, 0.0, 1.0, 0.0, 0.8182, 0.0, 0.5, 0.8333, 0.875, 0.0, 0.6667, 0.0, 0.9, 0.0, 1.0, 0.8571, 1.0, 0.0, 1.0, 0.0, 0.6667, 0.0, 0.8333, 0.8182, 0.4, 0.0, 0.8889, 0.0, 1.0, 0.1429, 0.8571, 1.0, 0.0, 0.0, 1.0, 0.1111, 0.8, 0.0, 0.8889, 0.7273, 0.1, 0.0, 1.0, 0.0, 0.75, 0.0, 1.0, 0.8, 0.5714, 0.0, 0.75, 0.0, 0.9091, 0.0, 0.9091, 0.6667, 0.7778, 0.125, 1.0, 0.1429, 0.6154, 0.0, 0.6667, 1.0, 0.625, 0.0, 1.0, 0.0, 0.7143, 0.6667, 0.8571, 0.9286, 1.0, 0.7273, 0.8333, 0.0, 1.0, 1.0, 0.7, 0.875, 0.8, 0.8571, 0.625, 0.1429, 0.7143, 0.8889, 0.8333, 1.0, 1.0, 1.0, 1.0, 0.0, 1.0, 0.8571, 1.0, 0.8, 0.9231, 0.8333, 0.875, 0.1429, 1.0, 0.9091, 0.875, 1.0, 0.8889, 1.0, 1.0, 0.1, 0.8182, 0.5714, 0.6667, 0.9, 1.0, 0.8333, 0.9, 0.0, 1.0, 0.0, 1.0, 0.8571, 1.0, 1.0, 0.8571, 0.0, 1.0, 0.3333, 0.8889, 0.75, 1.0, 0.8571, 0.8571, 0.125, 0.8, 0.1667, 0.8333, 0.75]"
champions,7,champions,0.756,0.756,0.756,0.0,40,True,1512,0,288,200,0,"[0.05, 0.0915, 0.1385, 0.1895, 0.241, 0.275, 0.31, 0.3485, 0.3805, 0.416, 0.449, 0.48, 0.51, 0.537, 0.557, 0.5765, 0.5965, 0.6135, 0.625, 0.637, 0.651, 0.6615, 0.674, 0.682, 0.6875, 0.694, 0.699, 0.7035, 0.709, 0.717, 0.7235, 0.73, 0.735, 0.739, 0.745, 0.752, 0.7535, 0.755, 0.7555, 0.756, 0.756, 0.756, 0.756, 0.756, 0.756, 0.756, 0.756, 0.756, 0.756, 0.756, 0.756, 0.756, 0.756, 0.756, 0.756, 0.756, 0.756, 0.756, 0.756, 0.756, 0.756, 0.756, 0.756, 0.756, 0.756, 0.756, 0.756, 0.756, 0.756, 0.756, 0.756, 0.756, 0.756, 0.756, 0.756, 0.756, 0.756, 0.756, 0.756, 0.756, 0.756, 0.756, 0.756, 0.756, 0.756, 0.756, 0.756, 0.756, 0.756, 0.756, 0.756, 0.756, 0.756, 0.756, 0.756, 0.756, 0.756, 0.756, 0.756, 0.756, 0.756]","{""0"": 0.625, ""1"": 0.5768, ""2"": 0.8675, ""3"": 0.8784, ""4"": 0.7774, ""5"": 0.7131, ""6"": 0.8612, ""7"": 0.7366}","[1.0, 0.75, 0.1111, 1.0, 0.6364, 0.7857, 1.0, 0.75, 0.0909, 0.2222, 0.8333, 0.9091, 0.8333, 0.8889, 0.875, 0.8571, 0.2857, 0.0, 0.8182, 0.8, 1.0, 0.7778, 0.8571, 1.0, 0.7143, 0.0, 0.9167, 0.8571, 1.0, 0.8, 0.8182, 0.8, 0.7, 0.0, 1.0, 0.9, 0.8889, 1.0, 0.7778, 0.8, 0.8571, 0.125, 1.0, 0.7778, 0.8333, 0.9333, 0.8182, 0.75, 0.875, 0.125, 0.8889, 0.5714, 0.9091, 0.7778, 0.875, 1.0, 1.0, 0.3333, 1.0, 0.9167, 0.6667, 0.8889, 1.0, 1.0, 1.0, 0.0, 0.8, 1.0, 1.0, 0.7778, 0.75, 1.0, 0.8462, 0.1667, 0.8333, 0.7143, 0.75, 0.8571, 0.8571, 0.8571, 0.6, 0.1, 0.5, 1.0, 1.0, 0.7143, 0.0, 1.0, 0.75, 0.5, 0.75, 0.7273, 1.0, 0.8, 0.0, 0.6667, 0.7143, 1.0, 0.875, 0.8333, 1.0, 1.0, 0.6667, 1.0, 0.8182, 1.0, 0.9167, 0.8667, 0.875, 0.1111, 1.0, 0.7778, 0.9, 0.8889, 0.9167, 1.0, 0.7778, 0.3333, 1.0, 1.0, 1.0, 1.0, 0.8182, 0.8, 0.75, 0.0, 1.0, 1.0, 0.9091, 0.75, 1.0, 0.75, 0.875, 0.0, 1.0, 1.0, 0.5556, 1.0, 1.0, 0.9167, 1.0, 1.0, 0.6667, 0.75, 1.0, 1.0, 0.7143, 0.8333, 0.8333, 0.8889, 0.7143, 1.0, 0.9167, 1.0, 1.0, 0.8571, 1.0, 0.875, 0.7143, 0.8, 1.0, 0.75, 0.0, 1.0, 0.8333, 0.8333, 0.8333, 0.875, 1.0, 0.8333, 0.0, 1.0, 0.8571, 0.75, 0.875, 1.0, 0.8333, 1.0, 0.0, 1.0, 0.8, 1.0, 0.8333, 0.7778, 0.8571, 0.8333, 0.0, 1.0, 1.0, 0.9333, 0.8889, 1.0, 0.8571, 0.9167, 0.0, 0.8, 0.7778, 0.7778, 1.0, 0.7143, 0.75, 1.0, 0.0, 0.8333, 1.0, 0.75, 0.8, 0.8333, 0.8571, 0.625, 0.0, 0.7143, 1.0, 1.0, 0.8, 0.6, 1.0, 0.8889, 0.0, 1.0, 0.9, 0.7778, 0.4286, 1.0, 0.8, 0.8, 0.0, 1.0, 0.9, 0.7, 0.0, 0.8, 0.125, 0.9, 0.0, 0.8571, 0.8333, 0.9, 0.125, 0.875, 0.0, 0.5, 0.0, 0.875, 0.75, 1.0, 0.5, 0.75, 0.1, 0.75]"
champions,8,champions,0.732,0.732,0.732,0.0,39,True,1464,0,279,257,0,"[0.05, 0.092, 0.1395, 0.1885, 0.232, 0.2765, 0.3255, 0.373, 0.4085, 0.4435, 0.4815, 0.512, 0.537, 0.565, 0.587, 0.605, 0.619, 0.6365, 0.653, 0.6665, 0.6735, 0.677, 0.682, 0.684, 0.687, 0.69, 0.6935, 0.6975, 0.7025, 0.7045, 0.7065, 0.7095, 0.712, 0.717, 0.722, 0.7255, 0.728, 0.7295, 0.732, 0.732, 0.732, 0.732, 0.732, 0.732, 0.732, 0.732, 0.732, 0.732, 0.732, 0.732, 0.732, 0.732, 0.732, 0.732, 0.732, 0.732, 0.732, 0.732, 0.732, 0.732, 0.732, 0.732, 0.732, 0.732, 0.732, 0.732, 0.732, 0.732, 0.732, 0.732, 0.732, 0.732, 0.732, 0.732, 0.732, 0.732, 0.732, 0.732, 0.732, 0.732, 0.732, 0.732, 0.732, 0.732, 0.732, 0.732, 0.732, 0.732, 0.732, 0.732, 0.732, 0.732, 0.732, 0.732, 0.732, 0.732, 0.732, 0.732, 0.732, 0.732, 0.732]","{""0"": 0.8269, ""1"": 0.3473, ""2"": 0.4144, ""3"": 0.8716, ""4"": 0.8945, ""5"": 0.856, ""6"": 0.7782, ""7"": 0.864}","[1.0, 0.6667, 1.0, 0.0, 1.0, 0.8, 0.8, 0.7143, 1.0, 0.7692, 0.875, 0.0, 0.8571, 0.875, 1.0, 0.7143, 0.8, 0.8889, 0.75, 0.0, 0.8333, 0.6667, 0.9167, 0.9, 0.8889, 0.9, 0.125, 0.0, 0.6667, 0.9, 0.8889, 0.8571, 1.0, 0.8889, 0.0, 0.0, 1.0, 1.0, 0.6667, 1.0, 1.0, 0.625, 0.0, 0.0, 0.6667, 0.9167, 0.8889, 1.0, 1.0, 0.8889, 0.0, 0.2, 0.8333, 0.7692, 1.0, 1.0, 0.8889, 0.7778, 0.0, 0.0, 0.8889, 1.0, 0.8571, 0.8889, 1.0, 1.0, 0.0, 0.0, 0.6667, 0.8, 0.8889, 0.8, 0.9, 0.75, 0.1111, 0.0909, 0.7778, 0.9333, 0.9167, 0.8, 0.875, 1.0, 0.0, 0.0, 0.8889, 0.875, 0.5714, 0.7778, 0.8333, 0.5455, 0.0, 0.1, 0.6667, 0.875, 0.8462, 1.0, 0.5556, 1.0, 0.2, 1.0, 1.0, 0.8571, 0.8333, 0.75, 1.0, 0.7143, 0.0, 1.0, 0.8571, 1.0, 1.0, 0.8333, 1.0, 1.0, 0.0, 0.9091, 1.0, 0.8, 1.0, 0.6667, 0.8571, 0.5455, 0.0, 0.9, 0.9167, 1.0, 0.6667, 0.7143, 1.0, 0.7143, 0.0, 0.8571, 0.875, 0.875, 0.8889, 1.0, 0.8889, 1.0, 0.0, 0.6667, 1.0, 0.75, 0.8, 0.75, 0.5714, 0.9091, 0.0, 1.0, 1.0, 0.8571, 1.0, 0.7692, 0.75, 0.7, 0.0, 0.8182, 1.0, 1.0, 0.6667, 0.8333, 0.8333, 1.0, 0.0, 0.875, 0.9091, 1.0, 1.0, 0.5, 1.0, 0.875, 0.0, 0.8571, 0.8333, 1.0, 1.0, 1.0, 0.8333, 0.7778, 0.875, 0.9167, 0.9091, 1.0, 0.75, 0.8, 1.0, 1.0, 1.0, 0.8333, 1.0, 0.875, 1.0, 0.6667, 1.0, 0.8571, 0.8571, 1.0, 0.8, 0.9, 0.9091, 0.8, 0.9167, 1.0, 0.6667, 1.0, 0.7778, 1.0, 0.7, 0.6, 0.8889, 1.0, 0.8571, 0.0, 0.8571, 0.8889, 0.7778, 0.1429, 0.8333, 0.75, 0.8333, 0.0, 0.8571, 0.7143, 0.5, 0.0, 1.0, 1.0, 0.7778, 0.0, 1.0, 1.0, 0.875, 1.0, 0.5, 0.7, 0.9231, 0.0, 0.8333, 0.75, 0.8333, 0.75, 0.8889, 1.0, 0.7778, 0.0, 0.8333, 0.8571, 0.9, 1.0, 0.5556, 0.75]"
champions,9,champions,0.8365,0.8365,0.8365,0.0,37,True,1673,0,244,83,0,"[0.05, 0.0965, 0.149, 0.1945, 0.242, 0.289, 0.33, 0.369, 0.4035, 0.434, 0.452, 0.474, 0.5005, 0.528, 0.5555, 0.5865, 0.6165, 0.6465, 0.6675, 0.6905, 0.709, 0.728, 0.7425, 0.7585, 0.7725, 0.784, 0.7935, 0.798, 0.804, 0.81, 0.8165, 0.82, 0.8255, 0.8295, 0.833, 0.836, 0.8365, 0.8365, 0.8365, 0.8365, 0.8365, 0.8365, 0.8365, 0.8365, 0.8365, 0.8365, 0.8365, 0.8365, 0.8365, 0.8365, 0.8365, 0.8365, 0.8365, 0.8365, 0.8365, 0.8365, 0.8365, 0.8365, 0.8365, 0.8365, 0.8365, 0.8365, 0.8365, 0.8365, 0.8365, 0.8365, 0.8365, 0.8365, 0.8365, 0.8365, 0.8365, 0.8365, 0.8365, 0.8365, 0.8365, 0.8365, 0.8365, 0.8365, 0.8365, 0.8365, 0.8365, 0.8365, 0.8365, 0.8365, 0.8365, 0.8365, 0.8365, 0.8365, 0.8365, 0.8365, 0.8365, 0.8365, 0.8365, 0.8365, 0.8365, 0.8365, 0.8365, 0.8365, 0.8365, 0.8365, 0.8365]","{""0"": 0.8889, ""1"": 0.8687, ""2"": 0.912, ""3"": 0.6091, ""4"": 0.9044, ""5"": 0.8471, ""6"": 0.8625, ""7"": 0.7905}","[1.0, 0.7273, 0.7778, 1.0, 0.0, 0.8889, 0.875, 1.0, 0.6364, 1.0, 1.0, 0.7778, 0.9, 0.8571, 0.6, 1.0, 0.9167, 0.9333, 0.6364, 1.0, 0.8889, 0.875, 0.875, 0.8, 0.6667, 1.0, 0.75, 1.0, 0.8182, 0.8571, 0.8, 0.875, 0.1429, 0.8889, 0.8, 1.0, 0.8571, 0.9091, 1.0, 0.625, 0.0, 1.0, 1.0, 0.8889, 0.8333, 0.9, 1.0, 0.8889, 0.0, 1.0, 0.8333, 0.8, 1.0, 1.0, 1.0, 1.0, 0.875, 1.0, 0.9167, 1.0, 0.8571, 0.8182, 0.75, 0.9, 1.0, 0.8333, 0.8889, 1.0, 0.8, 1.0, 1.0, 0.8571, 1.0, 1.0, 1.0, 0.875, 1.0, 1.0, 0.9091, 1.0, 0.875, 0.9333, 0.8333, 1.0, 1.0, 0.8333, 0.9091, 0.8, 0.8571, 0.8571, 0.9091, 0.6667, 0.9, 0.9167, 0.6667, 0.8333, 0.875, 0.875, 0.8333, 0.8571, 0.8333, 1.0, 0.5714, 1.0, 0.8333, 0.875, 0.7143, 1.0, 0.625, 0.875, 0.875, 0.9286, 0.8, 0.75, 1.0, 0.6667, 1.0, 0.8571, 0.7, 0.7778, 0.875, 0.7143, 1.0, 1.0, 0.75, 1.0, 1.0, 1.0, 0.8, 1.0, 1.0, 0.8333, 1.0, 1.0, 0.7143, 0.75, 0.8333, 0.8, 0.7778, 1.0, 0.8182, 0.8889, 0.9167, 0.8571, 1.0, 0.9, 0.7778, 0.7143, 1.0, 0.625, 0.5, 1.0, 0.7, 0.875, 0.5714, 0.8889, 1.0, 1.0, 1.0, 0.5714, 0.875, 1.0, 1.0, 1.0, 1.0, 0.5556, 0.8, 1.0, 0.8333, 1.0, 0.9286, 0.8333, 0.8571, 1.0, 0.8889, 0.5, 0.8462, 0.75, 0.9091, 0.8889, 0.0, 1.0, 0.6667, 1.0, 1.0, 1.0, 1.0, 0.8333, 0.0, 1.0, 1.0, 0.8571, 0.75, 1.0, 0.6667, 0.8889, 0.0, 1.0, 1.0, 1.0, 1.0, 0.6667, 1.0, 0.8571, 0.1111, 0.8333, 0.8889, 0.8333, 1.0, 0.7778, 0.8182, 0.8571, 0.0, 0.8182, 1.0, 0.5, 0.9167, 0.8571, 0.9, 1.0, 0.0, 0.8889, 0.8, 0.8182, 0.7778, 1.0, 1.0, 1.0, 0.1667, 1.0, 1.0, 0.7143, 0.8182, 1.0, 0.9, 0.9167, 0.0, 1.0, 0.5, 1.0, 0.8571, 1.0, 0.7778, 1.0, 0.0, 1.0, 0.875, 0.8571, 1.0, 0.75]"
champions,10,champions,0.863,0.863,0.863,0.0,46,True,1726,0,261,13,0,"[0.05, 0.097, 0.15, 0.2015, 0.245, 0.289, 0.3305, 0.3765, 0.4165, 0.4585, 0.505, 0.541, 0.58, 0.6155, 0.648, 0.671, 0.691, 0.7125, 0.729, 0.743, 0.755, 0.7655, 0.779, 0.7835, 0.7925, 0.7965, 0.801, 0.806, 0.812, 0.819, 0.8245, 0.83, 0.833, 0.8365, 0.8405, 0.846, 0.8485, 0.852, 0.8535, 0.8545, 0.856, 0.858, 0.859, 0.86, 0.8625, 0.863, 0.863, 0.863, 0.863, 0.863, 0.863, 0.863, 0.863, 0.863, 0.863, 0.863, 0.863, 0.863, 0.863, 0.863, 0.863, 0.863, 0.863, 0.863, 0.863, 0.863, 0.863, 0.863, 0.863, 0.863, 0.863, 0.863, 0.863, 0.863, 0.863, 0.863, 0.863, 0.863, 0.863, 0.863, 0.863, 0.863, 0.863, 0.863, 0.863, 0.863, 0.863, 0.863, 0.863, 0.863, 0.863, 0.863, 0.863, 0.863, 0.863, 0.863, 0.863, 0.863, 0.863, 0.863, 0.863]","{""0"": 0.8489, ""1"": 0.8927, ""2"": 0.8711, ""3"": 0.8484, ""4"": 0.8678, ""5"": 0.8755, ""6"": 0.8669, ""7"": 0.8333}","[1.0, 0.875, 0.8889, 0.75, 0.7143, 0.9, 0.8571, 0.8889, 0.7, 0.7143, 0.8, 0.8333, 0.5714, 1.0, 0.8, 0.7778, 1.0, 0.9167, 0.8333, 1.0, 1.0, 1.0, 0.8333, 0.75, 0.7143, 0.875, 1.0, 0.875, 1.0, 1.0, 0.8462, 0.9, 0.7778, 0.6, 1.0, 0.6667, 0.625, 0.9, 0.6, 1.0, 0.8, 0.9, 0.8889, 1.0, 1.0, 0.75, 0.9167, 0.7778, 0.625, 1.0, 0.9, 0.9231, 1.0, 0.6, 1.0, 1.0, 0.875, 1.0, 1.0, 0.7143, 1.0, 1.0, 0.7778, 0.7273, 0.8333, 1.0, 0.8571, 1.0, 1.0, 1.0, 0.9, 0.875, 0.875, 1.0, 1.0, 1.0, 0.7, 0.9286, 0.6667, 0.8889, 0.8, 1.0, 1.0, 0.75, 0.9, 0.5, 0.8889, 1.0, 0.875, 1.0, 0.8462, 1.0, 0.8571, 1.0, 0.6667, 0.7, 0.75, 0.8571, 0.625, 0.7, 1.0, 1.0, 1.0, 0.8, 1.0, 0.9286, 0.9, 0.6667, 1.0, 0.8333, 0.9091, 0.9, 0.8889, 0.7, 0.875, 1.0, 1.0, 0.7143, 0.75, 0.7143, 1.0, 0.8333, 0.8571, 0.75, 0.625, 1.0, 0.8889, 0.8571, 0.8333, 0.0, 0.8333, 1.0, 0.6667, 1.0, 1.0, 1.0, 0.8333, 0.25, 0.7143, 1.0, 0.8571, 0.6667, 0.75, 1.0, 1.0, 0.6, 1.0, 0.8889, 1.0, 0.9231, 0.8889, 0.875, 0.875, 0.25, 1.0, 1.0, 0.8889, 0.8, 1.0, 0.8, 0.875, 0.8571, 0.875, 0.75, 0.8333, 1.0, 0.8, 0.8571, 0.7143, 1.0, 0.9091, 1.0, 1.0, 0.875, 1.0, 0.875, 0.8571, 1.0, 1.0, 1.0, 0.8571, 0.75, 1.0, 0.7778, 0.7143, 0.9091, 1.0, 0.75, 0.8571, 0.7778, 1.0, 0.9286, 0.7778, 1.0, 0.8571, 0.8, 0.625, 0.8, 0.8889, 0.8571, 1.0, 0.9091, 1.0, 0.7778, 0.625, 1.0, 0.8889, 0.8889, 0.8571, 1.0, 0.8, 0.8333, 1.0, 0.8, 0.8, 1.0, 0.875, 1.0, 0.8, 0.875, 0.8182, 0.6364, 0.9167, 0.7778, 0.6667, 0.8462, 0.8571, 1.0, 0.75, 1.0, 0.8, 0.9091, 0.8, 1.0, 0.8333, 0.9091, 1.0, 0.75, 1.0, 1.0, 1.0, 1.0, 0.875, 0.9, 0.6667, 1.0, 1.0, 0.8, 0.7, 1.0]"
champions,11,champions,0.6865,0.6865,0.6865,0.0,26,True,1373,0,287,340,0,"[0.05, 0.0905, 0.13, 0.1685, 0.2175, 0.2705, 0.318, 0.373, 0.4215, 0.4725, 0.5255, 0.5595, 0.5845, 0.6005, 0.611, 0.6215, 0.631, 0.638, 0.643, 0.65, 0.659, 0.6665, 0.673, 0.68, 0.684, 0.6865, 0.6865, 0.6865, 0.6865, 0.6865, 0.6865, 0.6865, 0.6865, 0.6865, 0.6865, 0.6865, 0.6865, 0.6865, 0.6865, 0.6865, 0.6865, 0.6865, 0.6865, 0.6865, 0.6865, 0.6865, 0.6865, 0.6865, 0.6865, 0.6865, 0.6865, 0.6865, 0.6865, 0.6865, 0.6865, 0.6865, 0.6865, 0.6865, 0.6865, 0.6865, 0.6865, 0.6865, 0.6865, 0.6865, 0.6865, 0.6865, 0.6865, 0.6865, 0.6865, 0.6865, 0.6865, 0.6865, 0.6865, 0.6865, 0.6865, 0.6865, 0.6865, 0.6865, 0.6865, 0.6865, 0.6865, 0.6865, 0.6865, 0.6865, 0.6865, 0.6865, 0.6865, 0.6865, 0.6865, 0.6865, 0.6865, 0.6865, 0.6865, 0.6865, 0.6865, 0.6865, 0.6865, 0.6865, 0.6865, 0.6865, 0.6865]","{""0"": 0.7208, ""1"": 0.1558, ""2"": 0.8398, ""3"": 0.6574, ""4"": 0.8913, ""5"": 0.7579, ""6"": 0.5849, ""7"": 0.8594}","[1.0, 1.0, 0.0, 0.5556, 0.8889, 1.0, 0.7692, 0.0, 0.9091, 0.7778, 0.0, 0.8333, 0.8571, 0.7778, 0.0, 0.0, 1.0, 1.0, 0.125, 0.8571, 0.9, 0.7778, 0.1667, 0.1429, 0.8571, 0.8333, 0.1, 0.4286, 0.7778, 1.0, 0.0, 0.0, 0.8889, 0.9091, 0.0, 1.0, 0.8462, 0.8, 0.1429, 0.0, 0.9091, 0.8333, 0.0, 0.625, 0.5714, 0.8, 1.0, 0.1538, 0.875, 0.8182, 0.0, 0.8, 0.2857, 1.0, 1.0, 0.0, 0.5714, 1.0, 0.0, 1.0, 0.0, 1.0, 0.6364, 0.0909, 0.8571, 0.8889, 0.0, 1.0, 0.0, 0.625, 1.0, 0.6667, 0.7778, 1.0, 0.0, 0.7778, 0.0, 0.8333, 0.7273, 0.625, 1.0, 1.0, 0.0, 0.625, 0.0, 0.9, 1.0, 0.9286, 0.7778, 0.8571, 0.0, 0.9167, 0.0, 1.0, 1.0, 1.0, 0.875, 0.8333, 0.0, 1.0, 0.125, 0.75, 0.6, 0.8571, 0.5, 1.0, 0.0, 0.8182, 0.0909, 1.0, 0.5, 0.875, 0.8333, 0.0, 0.0, 0.8571, 1.0, 1.0, 0.7, 0.8, 1.0, 0.0, 0.1111, 1.0, 0.8333, 0.9091, 0.875, 1.0, 1.0, 0.0, 0.0, 1.0, 1.0, 1.0, 0.75, 0.5556, 0.875, 0.0, 1.0, 0.75, 1.0, 0.8571, 0.8, 0.75, 0.7143, 0.0, 0.8, 1.0, 0.75, 1.0, 0.9167, 0.7778, 1.0, 0.0, 1.0, 0.75, 1.0, 1.0, 1.0, 1.0, 0.7143, 0.2857, 0.75, 0.7778, 0.8571, 0.9, 1.0, 0.8571, 1.0, 0.6667, 0.7143, 0.8333, 0.8333, 0.9, 0.8182, 0.7778, 1.0, 1.0, 0.0, 1.0, 0.75, 0.6, 1.0, 0.8889, 0.7778, 0.7778, 0.0, 0.9, 1.0, 1.0, 0.8, 1.0, 1.0, 1.0, 0.0, 1.0, 1.0, 0.8571, 0.875, 0.9286, 0.8889, 1.0, 0.0, 0.875, 0.8333, 1.0, 0.8182, 1.0, 0.8, 0.8333, 0.25, 0.8667, 1.0, 1.0, 1.0, 0.875, 1.0, 0.9333, 0.0, 1.0, 0.5, 1.0, 0.8, 0.7143, 0.75, 0.75, 0.0, 0.75, 1.0, 0.9, 0.7778, 1.0, 0.75, 1.0, 0.0, 0.8333, 0.75, 0.7778, 1.0, 0.1111, 1.0, 0.7778, 0.1111, 0.7143, 1.0, 0.8, 0.8571, 0.0, 0.7778, 0.7143]"
champions,12,champions,0.799,0.799,0.799,-0.0,33,True,1598,0,289,113,0,"[0.05, 0.0875, 0.1355, 0.187, 0.237, 0.2835, 0.3355, 0.386, 0.424, 0.465, 0.5065, 0.5435, 0.574, 0.602, 0.631, 0.658, 0.6905, 0.7185, 0.734, 0.744, 0.7565, 0.7685, 0.7745, 0.7785, 0.779, 0.78, 0.7835, 0.788, 0.7915, 0.7935, 0.7955, 0.798, 0.799, 0.799, 0.799, 0.799, 0.799, 0.799, 0.799, 0.799, 0.799, 0.799, 0.799, 0.799, 0.799, 0.799, 0.799, 0.799, 0.799, 0.799, 0.799, 0.799, 0.799, 0.799, 0.799, 0.799, 0.799, 0.799, 0.799, 0.799, 0.799, 0.799, 0.799, 0.799, 0.799, 0.799, 0.799, 0.799, 0.799, 0.799, 0.799, 0.799, 0.799, 0.799, 0.799, 0.799, 0.799, 0.799, 0.799, 0.799, 0.799, 0.799, 0.799, 0.799, 0.799, 0.799, 0.799, 0.799, 0.799, 0.799, 0.799, 0.799, 0.799, 0.799, 0.799, 0.799, 0.799, 0.799, 0.799, 0.799, 0.799]","{""0"": 0.7917, ""1"": 0.8069, ""2"": 0.8405, ""3"": 0.8846, ""4"": 0.8861, ""5"": 0.8694, ""6"": 0.5992, ""7"": 0.7}","[1.0, 1.0, 0.7143, 0.9, 0.7778, 1.0, 0.5, 0.9, 0.5714, 0.8571, 0.7692, 1.0, 0.8333, 0.8182, 0.9, 0.875, 0.5, 0.8333, 0.8333, 1.0, 1.0, 1.0, 0.75, 1.0, 0.75, 0.7778, 0.875, 0.7778, 1.0, 1.0, 0.875, 1.0, 0.8889, 1.0, 0.75, 1.0, 1.0, 0.875, 0.6, 0.8571, 0.8571, 0.8462, 1.0, 0.9091, 1.0, 1.0, 1.0, 1.0, 0.8182, 0.7143, 0.8182, 0.875, 1.0, 1.0, 1.0, 1.0, 1.0, 1.0, 1.0, 0.7143, 1.0, 0.6364, 0.75, 1.0, 0.7778, 0.9, 0.7143, 1.0, 0.8571, 1.0, 1.0, 0.75, 0.8571, 0.8333, 0.8571, 0.5714, 0.7778, 0.7778, 0.875, 1.0, 0.9, 0.9, 0.7778, 0.7143, 1.0, 0.9, 0.9, 1.0, 0.0, 0.7, 0.6667, 0.7143, 1.0, 1.0, 0.9, 0.8333, 0.0, 0.2, 0.7778, 0.5, 1.0, 1.0, 0.8571, 0.8, 0.0, 0.1, 0.9091, 0.875, 0.8182, 1.0, 0.8, 1.0, 0.0, 0.0, 1.0, 1.0, 0.8571, 0.9091, 0.875, 0.8571, 0.1429, 0.5714, 0.7, 0.8182, 0.8, 0.8889, 1.0, 0.7778, 0.2, 0.8571, 0.625, 0.8571, 0.8462, 0.8182, 0.8, 0.6, 0.7273, 0.9091, 0.8571, 0.625, 0.8571, 0.8333, 0.8333, 0.0, 1.0, 0.625, 1.0, 1.0, 1.0, 0.7, 0.7778, 0.0, 1.0, 0.8571, 0.9167, 0.6923, 0.6667, 1.0, 0.9286, 0.5, 1.0, 0.7778, 0.8, 0.8333, 0.9167, 1.0, 0.8333, 0.0, 0.9167, 0.8571, 0.6667, 0.75, 0.8333, 0.5714, 0.6667, 0.0, 1.0, 0.7143, 0.6, 1.0, 0.8571, 0.8571, 0.875, 0.375, 0.6667, 0.8889, 1.0, 0.75, 1.0, 1.0, 1.0, 0.1111, 0.8333, 0.9167, 0.7273, 0.8571, 0.6, 1.0, 1.0, 0.0, 0.6667, 1.0, 1.0, 0.7778, 0.9091, 1.0, 0.6667, 0.3333, 0.8333, 1.0, 0.6667, 0.875, 0.7143, 0.8333, 0.8333, 0.125, 0.8889, 0.9, 0.8333, 1.0, 0.8889, 0.9231, 0.8571, 0.0, 0.9091, 1.0, 0.7333, 0.8333, 0.8182, 0.7143, 1.0, 0.0, 0.8889, 1.0, 0.8571, 0.9, 0.8889, 0.8571, 1.0, 0.8, 1.0, 0.8889, 0.7, 0.7778, 1.0, 1.0, 1.0, 1.0, 0.8571, 0.5]"
champions,13,champions,0.731,0.731,0.731,0.0,38,True,1462,0,282,256,0,"[0.05, 0.0935, 0.136, 0.178, 0.2205, 0.264, 0.301, 0.3275, 0.3505, 0.37, 0.389, 0.4085, 0.437, 0.4715, 0.4955, 0.514, 0.536, 0.557, 0.5765, 0.592, 0.6095, 0.622, 0.6345, 0.645, 0.6535, 0.659, 0.665, 0.67, 0.678, 0.6885, 0.697, 0.7095, 0.7175, 0.7245, 0.726, 0.7265, 0.7285, 0.731, 0.731, 0.731, 0.731, 0.731, 0.731, 0.731, 0.731, 0.731, 0.731, 0.731, 0.731, 0.731, 0.731, 0.731, 0.731, 0.731, 0.731, 0.731, 0.731, 0.731, 0.731, 0.731, 0.731, 0.731, 0.731, 0.731, 0.731, 0.731, 0.731, 0.731, 0.731, 0.731, 0.731, 0.731, 0.731, 0.731, 0.731, 0.731, 0.731, 0.731, 0.731, 0.731, 0.731, 0.731, 0.731, 0.731, 0.731, 0.731, 0.731, 0.731, 0.731, 0.731, 0.731, 0.731, 0.731, 0.731, 0.731, 0.731, 0.731, 0.731, 0.731, 0.731, 0.731]","{""0"": 0.4864, ""1"": 0.873, ""2"": 0.8798, ""3"": 0.7302, ""4"": 0.6996, ""5"": 0.8346, ""6"": 0.8635, ""7"": 0.4661}","[1.0, 0.0, 1.0, 0.8571, 1.0, 1.0, 0.75, 1.0, 0.0, 0.0, 0.8571, 0.6667, 1.0, 0.8333, 0.7778, 0.5714, 0.0, 0.0, 0.8182, 0.875, 1.0, 1.0, 1.0, 1.0, 0.0, 0.0, 1.0, 1.0, 0.75, 0.7143, 1.0, 0.7778, 0.0, 0.0, 0.5, 0.7, 1.0, 1.0, 0.3333, 0.7692, 0.0833, 0.1429, 0.75, 0.8571, 0.8889, 1.0, 0.7778, 0.5, 0.1667, 0.0, 0.9091, 0.4444, 1.0, 0.8571, 0.8333, 0.7778, 0.1429, 0.0, 0.8333, 0.875, 0.7778, 0.875, 0.7692, 1.0, 0.0, 0.1111, 0.8571, 0.875, 0.9375, 0.7778, 0.6, 0.8571, 0.0, 0.0, 1.0, 1.0, 0.7, 1.0, 1.0, 0.6, 0.2, 0.0, 0.8333, 1.0, 0.8571, 0.875, 0.9286, 0.7143, 0.0, 0.0, 1.0, 0.8571, 0.8, 0.8, 0.875, 1.0, 0.0, 0.1429, 0.8182, 0.8889, 1.0, 1.0, 0.8571, 0.875, 0.1429, 0.6, 1.0, 1.0, 1.0, 0.875, 1.0, 1.0, 0.8, 1.0, 0.9167, 1.0, 0.8333, 0.6667, 0.8333, 1.0, 0.8333, 0.5, 0.9333, 1.0, 0.0, 0.0, 0.9091, 0.9, 1.0, 0.8333, 0.9, 1.0, 0.0, 0.125, 1.0, 1.0, 1.0, 1.0, 0.7143, 1.0, 0.0, 0.0, 0.875, 0.7692, 1.0, 0.6667, 0.7778, 0.8182, 0.2, 0.1667, 1.0, 1.0, 0.7143, 0.9091, 0.8571, 1.0, 0.1, 0.125, 0.5714, 1.0, 0.8, 1.0, 1.0, 0.8571, 0.2, 0.0, 1.0, 0.7778, 1.0, 0.8889, 0.8333, 1.0, 0.8, 0.6667, 0.8333, 1.0, 0.8333, 1.0, 0.7143, 0.875, 0.4, 0.7143, 0.8889, 1.0, 1.0, 0.75, 0.8, 0.5, 0.8333, 1.0, 0.875, 0.4, 0.6667, 0.7778, 0.8, 0.8889, 1.0, 1.0, 1.0, 0.8571, 0.875, 0.8889, 1.0, 0.9231, 0.875, 0.8, 0.8, 0.8889, 0.8571, 0.8571, 1.0, 0.75, 1.0, 1.0, 0.875, 1.0, 0.8333, 1.0, 0.875, 1.0, 1.0, 0.8, 0.6, 0.8462, 0.5714, 0.8, 0.8571, 1.0, 0.8571, 0.5, 0.8571, 0.8333, 0.6667, 1.0, 0.8571, 0.8571, 1.0, 0.875, 0.7273, 1.0, 0.8, 0.7143, 0.875, 0.8182, 1.0, 0.75, 0.8182, 1.0, 0.1111, 0.0]"
champions,14,champions,0.827,0.827,0.827,0.0,32,True,1654,0,260,86,0,"[0.05, 0.0895, 0.1425, 0.1895, 0.241, 0.297, 0.359, 0.4195, 0.472, 0.52, 0.566, 0.605, 0.6375, 0.6575, 0.673, 0.692, 0.713, 0.736, 0.754, 0.7645, 0.781, 0.7935, 0.803, 0.811, 0.8165, 0.8205, 0.823, 0.8245, 0.825, 0.8255, 0.8265, 0.827, 0.827, 0.827, 0.827, 0.827, 0.827, 0.827, 0.827, 0.827, 0.827, 0.827, 0.827, 0.827, 0.827, 0.827, 0.827, 0.827, 0.827, 0.827, 0.827, 0.827, 0.827, 0.827, 0.827, 0.827, 0.827, 0.827, 0.827, 0.827, 0.827, 0.827, 0.827, 0.827, 0.827, 0.827, 0.827, 0.827, 0.827, 0.827, 0.827, 0.827, 0.827, 0.827, 0.827, 0.827, 0.827, 0.827, 0.827, 0.827, 0.827, 0.827, 0.827, 0.827, 0.827, 0.827, 0.827, 0.827, 0.827, 0.827, 0.827, 0.827, 0.827, 0.827, 0.827, 0.827, 0.827, 0.827, 0.827, 0.827, 0.827]","{""0"": 0.8736, ""1"": 0.8848, ""2"": 0.8669, ""3"": 0.8308, ""4"": 0.5, ""5"": 0.8636, ""6"": 0.8714, ""7"": 0.892}","[1.0, 0.8, 0.875, 0.75, 0.8571, 1.0, 0.6, 0.75, 0.8571, 1.0, 1.0, 0.8, 0.8571, 0.8333, 0.8, 0.6667, 1.0, 0.75, 0.9, 1.0, 0.7778, 1.0, 0.75, 1.0, 0.8333, 1.0, 0.7778, 1.0, 0.6667, 0.8182, 1.0, 1.0, 1.0, 1.0, 0.8889, 0.7143, 0.875, 0.8, 0.8889, 0.75, 0.8333, 0.875, 1.0, 0.8889, 0.8, 0.1, 0.8333, 0.9091, 0.8571, 0.7143, 0.8889, 1.0, 0.8889, 0.0, 0.8333, 1.0, 1.0, 1.0, 1.0, 1.0, 0.8889, 0.0, 1.0, 0.9167, 0.875, 0.9286, 1.0, 1.0, 0.8182, 0.0, 0.8, 1.0, 0.8462, 1.0, 0.9167, 0.9, 0.8333, 0.1667, 0.6667, 0.8333, 1.0, 0.875, 0.6667, 0.9091, 0.6667, 0.0, 0.7143, 0.875, 0.7, 0.8889, 0.7778, 0.6667, 0.8889, 0.0, 1.0, 1.0, 0.8, 1.0, 0.875, 1.0, 0.8462, 0.0, 0.7143, 0.8889, 0.8571, 0.8889, 0.9231, 0.8571, 0.9, 0.0, 1.0, 0.6667, 0.8571, 0.8333, 1.0, 0.7143, 0.625, 0.0, 0.7778, 0.875, 0.9, 0.8182, 0.8889, 0.75, 0.8889, 0.0, 0.9091, 0.6667, 0.9167, 0.9231, 0.8889, 0.8182, 0.8571, 0.0, 1.0, 0.7778, 1.0, 0.8571, 0.7778, 0.9231, 0.875, 0.8, 0.7143, 1.0, 1.0, 0.8462, 0.8889, 0.75, 0.6923, 0.2, 0.8571, 0.8333, 0.9091, 0.8333, 1.0, 1.0, 0.6667, 0.0909, 0.8, 1.0, 0.75, 1.0, 0.5714, 0.8889, 1.0, 0.8333, 1.0, 0.75, 0.8571, 0.875, 0.8571, 0.9286, 0.7, 0.8889, 0.8571, 0.8, 0.75, 1.0, 0.8, 1.0, 0.6667, 1.0, 1.0, 0.8333, 1.0, 0.7, 0.875, 0.8333, 0.8333, 1.0, 0.8333, 1.0, 0.8889, 0.25, 1.0, 0.8, 0.875, 0.7143, 0.7778, 0.8571, 0.8571, 0.8, 0.9333, 0.875, 0.9167, 1.0, 1.0, 1.0, 0.8333, 0.7778, 1.0, 0.75, 1.0, 0.8889, 0.7778, 0.9167, 0.9167, 0.8571, 0.875, 0.7273, 0.8571, 0.8333, 1.0, 0.6667, 1.0, 0.8333, 1.0, 0.7778, 1.0, 0.75, 0.5714, 0.7778, 1.0, 0.875, 0.875, 1.0, 0.7778, 1.0, 1.0, 1.0, 0.8571, 1.0, 0.7, 1.0, 0.875, 0.9, 1.0, 1.0, 1.0, 0.8333]"
champions,15,champions,0.699,0.699,0.699,0.0,39,True,1398,0,266,336,0,"[0.05, 0.0915, 0.132, 0.166, 0.2035, 0.239, 0.2815, 0.3305, 0.3815, 0.4215, 0.4495, 0.47, 0.4935, 0.506, 0.5195, 0.536, 0.552, 0.5675, 0.586, 0.598, 0.6015, 0.6045, 0.608, 0.6145, 0.6205, 0.6255, 0.6305, 0.6365, 0.6435, 0.6515, 0.6615, 0.6705, 0.68, 0.684, 0.6885, 0.6925, 0.6945, 0.697, 0.699, 0.699, 0.699, 0.699, 0.699, 0.699, 0.699, 0.699, 0.699, 0.699, 0.699, 0.699, 0.699, 0.699, 0.699, 0.699, 0.699, 0.699, 0.699, 0.699, 0.699, 0.699, 0.699, 0.699, 0.699, 0.699, 0.699, 0.699, 0.699, 0.699, 0.699, 0.699, 0.699, 0.699, 0.699, 0.699, 0.699, 0.699, 0.699, 0.699, 0.699, 0.699, 0.699, 0.699, 0.699, 0.699, 0.699, 0.699, 0.699, 0.699, 0.699, 0.699, 0.699, 0.699, 0.699, 0.699, 0.699, 0.699, 0.699, 0.699, 0.699, 0.699, 0.699]","{""0"": 0.4715, ""1"": 0.519, ""2"": 0.543, ""3"": 0.867, ""4"": 0.8817, ""5"": 0.8814, ""6"": 0.621, ""7"": 0.7955}","[0.8889, 0.875, 0.0, 0.1667, 0.8889, 1.0, 1.0, 0.0, 0.6, 0.8333, 0.0, 0.0, 0.75, 0.8889, 0.6667, 0.0909, 0.5556, 1.0, 0.2222, 0.0, 0.9, 0.875, 0.8889, 0.7273, 1.0, 0.8333, 0.0, 0.0, 0.9, 0.8182, 0.9231, 1.0, 1.0, 0.7857, 0.0, 0.0, 1.0, 0.8889, 1.0, 0.8333, 0.8333, 0.9, 0.1429, 0.0, 0.8571, 0.8889, 0.8, 1.0, 0.8182, 1.0, 0.0, 0.0, 0.8333, 0.8333, 0.875, 0.4, 0.8333, 1.0, 0.0, 0.0909, 0.7778, 0.75, 1.0, 0.7273, 0.7778, 0.75, 0.0, 0.0, 1.0, 0.8889, 0.8889, 0.8333, 0.8, 0.75, 0.8571, 0.1111, 0.8, 1.0, 0.875, 0.8571, 0.8889, 0.8571, 1.0, 0.0, 0.875, 0.9, 0.875, 0.9, 1.0, 0.8571, 1.0, 0.0, 1.0, 1.0, 0.9, 1.0, 0.8889, 1.0, 1.0, 0.2, 0.6667, 0.8571, 1.0, 1.0, 1.0, 0.6667, 1.0, 1.0, 0.6667, 0.8333, 1.0, 0.75, 1.0, 0.0, 1.0, 0.6667, 0.7778, 0.8333, 0.875, 0.8571, 1.0, 0.0, 0.5, 1.0, 1.0, 1.0, 1.0, 0.9286, 0.75, 0.0, 0.875, 0.6667, 0.6667, 0.6, 0.8889, 0.6667, 1.0, 0.0, 1.0, 0.9167, 0.7778, 0.6667, 0.8889, 0.0, 0.9167, 0.0, 0.8571, 1.0, 0.8333, 1.0, 1.0, 0.0, 0.8889, 0.0, 0.8, 1.0, 0.8, 0.9, 0.6667, 0.0, 0.8, 0.0, 0.75, 1.0, 0.9, 0.9, 1.0, 0.2, 0.0, 0.0, 1.0, 0.9091, 0.8571, 1.0, 0.8333, 0.1429, 0.0, 0.125, 0.8571, 1.0, 0.9091, 0.7778, 0.8889, 0.0, 0.0, 0.0, 1.0, 0.6, 0.875, 0.7778, 0.8, 0.2, 0.6667, 0.0, 1.0, 0.8571, 1.0, 0.8889, 0.8182, 0.75, 0.6667, 0.0, 0.4, 1.0, 0.6, 0.875, 0.7778, 1.0, 0.875, 0.0, 0.7143, 0.9231, 1.0, 1.0, 0.625, 1.0, 0.9231, 0.0, 0.0833, 1.0, 1.0, 1.0, 0.9, 1.0, 1.0, 1.0, 0.0, 0.9167, 1.0, 0.8889, 0.9091, 0.4286, 0.9231, 0.9, 0.0, 1.0, 1.0, 1.0, 0.875, 0.9167, 1.0, 0.6667, 0.0, 0.8333, 1.0, 0.8, 0.8571, 1.0, 0.875, 1.0]"
champions,16,champions,0.7685,0.7685,0.7685,0.0,56,True,1537,0,294,169,0,"[0.05, 0.0885, 0.1355, 0.194, 0.249, 0.293, 0.3305, 0.3685, 0.396, 0.421, 0.45, 0.4715, 0.488, 0.5065, 0.526, 0.542, 0.553, 0.563, 0.5775, 0.593, 0.606, 0.617, 0.6305, 0.648, 0.6595, 0.667, 0.6715, 0.6765, 0.6845, 0.6895, 0.6975, 0.7025, 0.7105, 0.717, 0.721, 0.726, 0.731, 0.7355, 0.7415, 0.7465, 0.749, 0.7515, 0.753, 0.754, 0.7545, 0.7555, 0.756, 0.7565, 0.757, 0.7585, 0.7605, 0.7615, 0.7625, 0.7655, 0.768, 0.7685, 0.7685, 0.7685, 0.7685, 0.7685, 0.7685, 0.7685, 0.7685, 0.7685, 0.7685, 0.7685, 0.7685, 0.7685, 0.7685, 0.7685, 0.7685, 0.7685, 0.7685, 0.7685, 0.7685, 0.7685, 0.7685, 0.7685, 0.7685, 0.7685, 0.7685, 0.7685, 0.7685, 0.7685, 0.7685, 0.7685, 0.7685, 0.7685, 0.7685, 0.7685, 0.7685, 0.7685, 0.7685, 0.7685, 0.7685, 0.7685, 0.7685, 0.7685, 0.7685, 0.7685, 0.7685]","{""0"": 0.8364, ""1"": 0.8401, ""2"": 0.8862, ""3"": 0.8555, ""4"": 0.7603, ""5"": 0.8735, ""6"": 0.5738, ""7"": 0.473}","[1.0, 0.9231, 0.7778, 1.0, 0.9, 1.0, 0.5714, 0.8571, 0.6, 0.9167, 0.9091, 0.75, 1.0, 0.9091, 1.0, 0.7273, 0.9167, 1.0, 0.8889, 1.0, 1.0, 1.0, 0.75, 0.75, 1.0, 0.75, 0.9231, 0.8182, 0.7143, 1.0, 0.8889, 1.0, 1.0, 0.7143, 0.5714, 1.0, 0.7, 0.6, 0.9, 0.9, 1.0, 1.0, 1.0, 0.8333, 1.0, 0.875, 0.9091, 0.875, 0.875, 0.8, 1.0, 0.9, 1.0, 0.75, 1.0, 0.6667, 1.0, 0.875, 0.7778, 0.625, 0.8333, 1.0, 1.0, 1.0, 0.875, 1.0, 0.9, 0.875, 0.8333, 0.8889, 1.0, 0.5714, 1.0, 0.8571, 0.9091, 0.8, 1.0, 0.0, 1.0, 0.8571, 0.0, 0.9, 0.7143, 0.8571, 0.8889, 0.0, 1.0, 1.0, 0.0, 0.7143, 0.75, 1.0, 1.0, 0.0, 1.0, 0.7273, 0.0, 0.875, 1.0, 0.8333, 0.8571, 0.0, 1.0, 0.9091, 0.0, 0.75, 0.625, 1.0, 0.8571, 0.7143, 0.7778, 0.7, 0.5714, 0.875, 1.0, 0.875, 0.8333, 0.75, 0.8889, 0.9091, 0.6667, 0.875, 0.75, 0.7, 0.9, 0.875, 0.9, 0.8333, 1.0, 0.7143, 0.6, 0.8, 0.9091, 0.7778, 0.4444, 0.2857, 0.5, 0.8333, 1.0, 0.8889, 0.6667, 1.0, 0.7143, 0.1, 0.9091, 0.7778, 0.625, 0.75, 0.4444, 0.8333, 1.0, 0.2, 0.75, 0.8571, 0.6667, 1.0, 0.9167, 1.0, 0.9091, 0.1667, 0.1429, 0.8571, 0.8333, 0.9091, 1.0, 0.9286, 0.8, 0.1429, 0.0, 0.0, 0.9, 1.0, 0.8571, 0.9, 0.875, 0.0, 0.1667, 0.6667, 1.0, 1.0, 0.8333, 0.6, 0.8333, 0.1538, 0.0, 0.8, 1.0, 1.0, 1.0, 0.7778, 0.7778, 0.0, 0.1429, 1.0, 0.875, 1.0, 0.8, 1.0, 0.8571, 0.0, 0.0, 1.0, 0.8889, 0.75, 0.5, 0.7143, 0.8889, 0.0, 0.125, 1.0, 0.75, 1.0, 0.875, 0.6, 1.0, 0.0, 0.0, 0.875, 1.0, 0.875, 1.0, 0.8571, 0.8333, 0.8571, 0.0, 0.9231, 0.6667, 1.0, 0.7778, 0.8571, 0.625, 1.0, 0.0, 0.875, 0.8, 1.0, 0.75, 0.7143, 1.0, 0.7, 0.4, 0.8571, 1.0, 0.875, 0.8182, 0.8889, 1.0, 1.0, 0.875, 0.4444]"
champions,17,champions,0.74,0.74,0.74,0.0,36,True,1480,0,304,216,0,"[0.05, 0.1005, 0.17, 0.251, 0.3145, 0.359, 0.4045, 0.4445, 0.4765, 0.5075, 0.5325, 0.553, 0.573, 0.5925, 0.6095, 0.6265, 0.642, 0.654, 0.6635, 0.6745, 0.687, 0.696, 0.6995, 0.701, 0.705, 0.71, 0.7135, 0.717, 0.722, 0.7265, 0.7285, 0.731, 0.733, 0.738, 0.7395, 0.74, 0.74, 0.74, 0.74, 0.74, 0.74, 0.74, 0.74, 0.74, 0.74, 0.74, 0.74, 0.74, 0.74, 0.74, 0.74, 0.74, 0.74, 0.74, 0.74, 0.74, 0.74, 0.74, 0.74, 0.74, 0.74, 0.74, 0.74, 0.74, 0.74, 0.74, 0.74, 0.74, 0.74, 0.74, 0.74, 0.74, 0.74, 0.74, 0.74, 0.74, 0.74, 0.74, 0.74, 0.74, 0.74, 0.74, 0.74, 0.74, 0.74, 0.74, 0.74, 0.74, 0.74, 0.74, 0.74, 0.74, 0.74, 0.74, 0.74, 0.74, 0.74, 0.74, 0.74, 0.74, 0.74]","{""0"": 0.8852, ""1"": 0.8193, ""2"": 0.5375, ""3"": 0.812, ""4"": 0.8889, ""5"": 0.6157, ""6"": 0.5079, ""7"": 0.8353}","[1.0, 0.625, 1.0, 0.6667, 0.75, 0.875, 0.0, 0.0, 0.875, 1.0, 0.8889, 0.7143, 0.7778, 0.9, 0.0, 0.0, 1.0, 1.0, 0.6667, 0.3333, 0.9091, 0.9091, 0.0, 0.0, 0.8, 0.9286, 0.8571, 0.1111, 0.875, 0.625, 0.0, 0.0, 1.0, 0.875, 1.0, 0.0, 0.75, 0.4, 0.5, 0.0, 1.0, 0.6667, 0.6, 0.0, 0.5714, 0.8571, 1.0, 0.0, 0.8333, 0.625, 0.875, 0.0, 0.75, 0.8, 1.0, 0.0, 0.7143, 1.0, 0.8889, 0.0, 0.6667, 0.8, 0.7778, 0.1429, 0.75, 0.8, 0.9, 0.0, 0.8333, 1.0, 0.8333, 0.0, 0.7778, 0.9, 1.0, 0.0, 0.5, 1.0, 0.5714, 0.0, 0.625, 0.9231, 0.875, 0.0, 0.8333, 0.875, 0.625, 0.0769, 0.8571, 0.8889, 1.0, 0.25, 0.8333, 0.875, 0.875, 0.1111, 0.875, 1.0, 1.0, 0.0, 1.0, 1.0, 0.6, 0.25, 1.0, 0.8571, 0.5556, 0.0, 1.0, 1.0, 1.0, 1.0, 0.8333, 1.0, 0.1111, 0.0, 1.0, 0.9091, 0.75, 0.8333, 1.0, 1.0, 0.0, 0.2222, 0.7, 0.875, 0.8889, 0.8182, 0.625, 0.75, 0.6667, 1.0, 0.75, 0.8889, 0.8571, 1.0, 0.5, 0.9091, 1.0, 0.9167, 0.8571, 0.7778, 0.875, 0.75, 0.7778, 1.0, 0.8889, 0.9, 0.625, 1.0, 0.8571, 0.9091, 0.7143, 0.8889, 0.8889, 0.875, 0.875, 0.6667, 1.0, 0.8889, 0.75, 1.0, 1.0, 0.9, 0.625, 1.0, 0.6667, 0.8, 0.6, 0.875, 0.8, 0.8182, 1.0, 0.8571, 0.9, 1.0, 1.0, 0.9, 1.0, 0.7778, 0.9, 0.8571, 1.0, 0.8889, 0.8182, 0.8182, 0.8571, 1.0, 0.9091, 1.0, 0.6667, 0.875, 1.0, 1.0, 0.8333, 0.875, 0.625, 1.0, 0.7778, 0.8, 1.0, 0.8889, 1.0, 0.875, 0.8, 0.8, 0.8333, 0.875, 0.875, 0.7778, 0.8333, 0.9091, 0.875, 0.875, 0.8333, 0.8571, 1.0, 1.0, 0.6667, 0.8182, 0.8571, 1.0, 0.125, 1.0, 0.7143, 1.0, 0.8889, 0.875, 1.0, 0.75, 0.0, 0.8, 0.5714, 0.9091, 0.8571, 0.6, 0.8333, 1.0, 0.0, 0.6, 0.8182, 0.7143, 0.875, 1.0, 0.7143, 1.0, 0.0, 0.0, 0.8333, 0.7778]"
champions,18,champions,0.7335,0.7335,0.7335,0.0,36,True,1467,0,292,241,0,"[0.05, 0.088, 0.1365, 0.18, 0.2245, 0.267, 0.309, 0.3405, 0.3755, 0.409, 0.439, 0.4705, 0.5025, 0.537, 0.572, 0.5935, 0.609, 0.6275, 0.65, 0.6725, 0.687, 0.693, 0.696, 0.6995, 0.7025, 0.705, 0.709, 0.7125, 0.7175, 0.7215, 0.726, 0.728, 0.73, 0.7315, 0.7325, 0.7335, 0.7335, 0.7335, 0.7335, 0.7335, 0.7335, 0.7335, 0.7335, 0.7335, 0.7335, 0.7335, 0.7335, 0.7335, 0.7335, 0.7335, 0.7335, 0.7335, 0.7335, 0.7335, 0.7335, 0.7335, 0.7335, 0.7335, 0.7335, 0.7335, 0.7335, 0.7335, 0.7335, 0.7335, 0.7335, 0.7335, 0.7335, 0.7335, 0.7335, 0.7335, 0.7335, 0.7335, 0.7335, 0.7335, 0.7335, 0.7335, 0.7335, 0.7335, 0.7335, 0.7335, 0.7335, 0.7335, 0.7335, 0.7335, 0.7335, 0.7335, 0.7335, 0.7335, 0.7335, 0.7335, 0.7335, 0.7335, 0.7335, 0.7335, 0.7335, 0.7335, 0.7335, 0.7335, 0.7335, 0.7335, 0.7335]","{""0"": 0.8683, ""1"": 0.8842, ""2"": 0.8478, ""3"": 0.6838, ""4"": 0.8538, ""5"": 0.8983, ""6"": 0.7814, ""7"": 0.0167}","[1.0, 1.0, 1.0, 0.6, 0.0, 1.0, 1.0, 0.8333, 0.0, 1.0, 1.0, 0.8, 0.0, 0.8571, 0.8333, 0.5, 0.1, 0.8182, 0.8571, 0.8571, 0.1429, 1.0, 0.75, 0.0, 0.0, 1.0, 0.6667, 1.0, 1.0, 0.8182, 1.0, 0.5, 0.0, 0.8571, 0.75, 0.7778, 0.7778, 1.0, 0.7692, 1.0, 0.0, 0.8889, 0.875, 0.7143, 0.8333, 0.7778, 0.8889, 0.6667, 0.0, 0.9091, 0.7143, 0.7778, 1.0, 1.0, 1.0, 0.625, 0.0, 1.0, 0.7143, 0.75, 0.8, 0.75, 0.8182, 0.875, 0.0, 0.8571, 0.6, 0.8333, 0.7143, 0.7143, 0.75, 0.9, 0.0, 1.0, 0.8571, 1.0, 0.9091, 0.8571, 0.9167, 1.0, 0.0, 0.8571, 0.75, 0.8333, 0.8889, 0.25, 1.0, 0.7778, 0.0, 0.7778, 1.0, 0.8571, 0.75, 0.8333, 1.0, 0.8889, 0.0, 0.8462, 1.0, 0.875, 0.6667, 0.7692, 0.8667, 0.8, 0.1111, 0.3333, 0.9091, 0.875, 0.75, 0.8333, 0.9091, 0.8571, 0.0, 1.0, 0.8182, 1.0, 1.0, 0.8182, 0.8571, 0.8571, 0.0, 1.0, 0.9333, 0.8, 0.7143, 1.0, 1.0, 0.625, 0.125, 0.8571, 0.8, 0.875, 0.9, 1.0, 0.8571, 0.9091, 0.0, 0.75, 1.0, 1.0, 0.8, 0.875, 1.0, 0.8333, 0.0, 0.9091, 1.0, 0.7, 1.0, 0.7, 0.875, 0.875, 0.0, 0.8571, 1.0, 0.8889, 1.0, 0.75, 0.3333, 0.7692, 0.0, 0.8182, 1.0, 0.25, 1.0, 0.7143, 0.8, 1.0, 0.0, 0.8182, 1.0, 0.8333, 0.8889, 1.0, 1.0, 0.8333, 0.0, 1.0, 0.8, 1.0, 1.0, 0.75, 1.0, 1.0, 0.0, 1.0, 1.0, 0.875, 0.8889, 0.8889, 1.0, 0.8571, 0.0, 0.7273, 1.0, 1.0, 1.0, 1.0, 0.875, 0.7, 0.0, 0.8571, 0.8182, 0.7778, 1.0, 1.0, 1.0, 0.2857, 0.0, 0.9167, 0.8, 1.0, 0.625, 0.8, 1.0, 0.875, 0.0, 0.7778, 0.8333, 0.8333, 0.0, 0.8889, 0.8333, 0.8333, 0.0, 0.875, 0.9, 0.75, 0.0, 1.0, 1.0, 0.75, 0.0, 0.7778, 0.75, 0.8333, 0.0, 0.8333, 1.0, 1.0, 0.0, 1.0, 0.8889, 0.8, 0.0, 0.8462, 0.7778, 0.7273, 0.0, 0.9091]"
champions,19,champions,0.7395,0.7395,0.7395,0.0,54,True,1479,0,280,241,0,"[0.05, 0.0915, 0.133, 0.1745, 0.214, 0.2525, 0.2825, 0.3105, 0.3365, 0.359, 0.3765, 0.3925, 0.411, 0.4305, 0.445, 0.453, 0.461, 0.471, 0.4805, 0.488, 0.4965, 0.507, 0.516, 0.528, 0.5355, 0.5455, 0.5585, 0.574, 0.5895, 0.6025, 0.614, 0.6235, 0.6315, 0.639, 0.645, 0.6495, 0.656, 0.6625, 0.666, 0.6705, 0.675, 0.679, 0.685, 0.692, 0.7, 0.709, 0.714, 0.719, 0.724, 0.728, 0.731, 0.7345, 0.738, 0.7395, 0.7395, 0.7395, 0.7395, 0.7395, 0.7395, 0.7395, 0.7395, 0.7395, 0.7395, 0.7395, 0.7395, 0.7395, 0.7395, 0.7395, 0.7395, 0.7395, 0.7395, 0.7395, 0.7395, 0.7395, 0.7395, 0.7395, 0.7395, 0.7395, 0.7395, 0.7395, 0.7395, 0.7395, 0.7395, 0.7395, 0.7395, 0.7395, 0.7395, 0.7395, 0.7395, 0.7395, 0.7395, 0.7395, 0.7395, 0.7395, 0.7395, 0.7395, 0.7395, 0.7395, 0.7395, 0.7395, 0.7395]","{""0"": 0.8932, ""1"": 0.5533, ""2"": 0.8677, ""3"": 0.86, ""4"": 0.7165, ""5"": 0.3571, ""6"": 0.7797, ""7"": 0.8468}","[1.0, 0.8889, 0.6, 0.6667, 0.6, 0.75, 0.0, 0.8333, 0.8, 0.6667, 0.4615, 0.8889, 0.7, 1.0, 0.0, 1.0, 0.7778, 0.8182, 0.0, 0.7143, 0.9, 0.8889, 0.5, 0.8333, 0.8333, 0.875, 0.2222, 0.8333, 1.0, 0.875, 0.9, 0.75, 0.8333, 1.0, 0.0, 1.0, 0.8571, 0.8571, 0.8182, 1.0, 1.0, 0.9, 0.0, 1.0, 0.9, 1.0, 0.8, 1.0, 0.8333, 1.0, 1.0, 0.5, 1.0, 0.8889, 0.8889, 0.0, 0.8571, 1.0, 0.8182, 1.0, 0.5714, 0.9167, 0.8, 0.0, 0.8571, 1.0, 1.0, 0.8125, 1.0, 0.7143, 1.0, 0.0, 0.75, 0.9, 0.9, 0.8889, 0.8462, 0.8333, 0.8333, 0.0, 0.8182, 1.0, 0.8, 0.8, 0.875, 1.0, 0.0, 1.0, 0.8, 0.625, 0.7143, 0.8182, 0.75, 0.8571, 0.0, 1.0, 0.9, 0.9, 0.8, 0.6667, 0.875, 0.7778, 0.0, 0.9, 1.0, 0.75, 0.6667, 1.0, 0.7143, 0.7778, 0.0, 0.7143, 0.5, 0.9, 1.0, 0.6667, 0.8, 0.6667, 0.0, 1.0, 0.75, 1.0, 1.0, 0.8333, 0.8333, 0.75, 0.0, 1.0, 0.6667, 0.8889, 0.875, 1.0, 1.0, 1.0, 0.0, 0.9167, 0.8333, 1.0, 1.0, 1.0, 0.875, 0.8, 0.0, 0.8571, 0.7, 0.8, 0.75, 0.8571, 1.0, 0.7778, 0.0, 0.8889, 0.8571, 0.8333, 0.8889, 1.0, 1.0, 0.8333, 0.1111, 1.0, 0.8571, 0.8571, 0.5556, 1.0, 0.8, 0.25, 0.8333, 0.8571, 1.0, 0.8889, 0.8571, 0.8, 0.8, 0.0, 1.0, 1.0, 0.9333, 0.8182, 0.875, 1.0, 0.5, 0.0, 0.9091, 0.7, 0.8, 0.7143, 0.25, 0.8, 0.8571, 0.0, 0.7778, 0.8889, 0.8333, 1.0, 0.0, 1.0, 1.0, 0.0, 0.0, 0.8571, 0.8333, 1.0, 0.0, 0.5714, 0.875, 0.0, 0.0, 0.75, 0.9, 0.7273, 0.0, 0.8889, 0.8571, 0.8571, 0.0, 0.875, 0.8571, 0.75, 0.0, 0.7692, 1.0, 0.875, 0.0, 1.0, 0.9286, 0.9231, 0.0, 1.0, 1.0, 0.625, 0.1429, 1.0, 0.8571, 1.0, 0.0, 1.0, 0.8462, 0.7778, 0.1429, 0.8333, 1.0, 1.0, 0.0, 1.0, 0.75, 0.8571, 0.0, 0.5714, 0.7778, 1.0]"
cluster,0,cluster,0.2905,0.2905,0.2905,0.0,35,True,581,0,288,1131,0,"[0.05, 0.0725, 0.093, 0.112, 0.1325, 0.157, 0.185, 0.199, 0.2105, 0.2215, 0.229, 0.236, 0.2395, 0.2415, 0.246, 0.25, 0.252, 0.2535, 0.2565, 0.257, 0.2575, 0.2595, 0.261, 0.262, 0.264, 0.267, 0.269, 0.274, 0.2775, 0.2805, 0.2845, 0.286, 0.288, 0.29, 0.2905, 0.2905, 0.2905, 0.2905, 0.2905, 0.2905, 0.2905, 0.2905, 0.2905, 0.2905, 0.2905, 0.2905, 0.2905, 0.2905, 0.2905, 0.2905, 0.2905, 0.2905, 0.2905, 0.2905, 0.2905, 0.2905, 0.2905, 0.2905, 0.2905, 0.2905, 0.2905, 0.2905, 0.2905, 0.2905, 0.2905, 0.2905, 0.2905, 0.2905, 0.2905, 0.2905, 0.2905, 0.2905, 0.2905, 0.2905, 0.2905, 0.2905, 0.2905, 0.2905, 0.2905, 0.2905, 0.2905, 0.2905, 0.2905, 0.2905, 0.2905, 0.2905, 0.2905, 0.2905, 0.2905, 0.2905, 0.2905, 0.2905, 0.2905, 0.2905, 0.2905, 0.2905, 0.2905, 0.2905, 0.2905, 0.2905, 0.2905]","{""0"": 0.1667, ""1"": 0.009, ""2"": 0.3904, ""3"": 0.251, ""4"": 0.2008, ""5"": 0.879, ""6"": 0.0041, ""7"": 0.3704}","[0.3333, 0.0, 0.0, 0.0, 0.0, 0.0, 0.9167, 0.0, 0.0, 0.0, 0.0, 0.0, 0.0, 0.0, 0.8333, 0.0, 0.0, 0.0, 0.2222, 0.25, 0.5, 0.0, 0.7143, 0.0, 0.0, 0.0, 0.0, 0.1667, 0.8, 0.0, 1.0, 0.0, 0.0, 0.0, 0.0, 0.0, 1.0, 0.0, 0.8571, 0.0, 0.0, 0.0, 0.0, 0.0, 1.0, 0.0, 1.0, 0.0, 0.0, 0.6667, 0.0, 0.0, 1.0, 0.0, 0.9, 0.0, 0.0, 1.0, 0.0, 0.0, 0.0, 0.0, 0.8571, 0.0, 0.0, 0.9, 0.0, 0.0, 0.0, 1.0, 1.0, 0.0, 0.0, 1.0, 0.0, 0.0, 0.0, 1.0, 0.8889, 0.0, 0.0, 0.7273, 0.0, 0.0, 0.1111, 1.0, 1.0, 0.0, 0.4, 0.1429, 0.0, 0.0, 0.0, 1.0, 1.0, 0.0, 0.8, 0.0, 0.0, 0.1667, 0.0, 0.5, 0.75, 0.0, 1.0, 0.0, 0.0, 1.0, 0.0, 1.0, 1.0, 0.0, 1.0, 0.0, 0.0, 0.9, 0.0, 0.5, 0.875, 0.0, 0.8889, 0.0, 0.0, 0.8333, 0.0, 0.0, 1.0, 0.0, 0.7778, 0.0, 0.0, 0.75, 0.0, 0.1, 0.6667, 0.0, 0.8889, 0.0, 0.0, 0.8, 0.0, 0.0, 1.0, 0.0, 1.0, 0.0, 0.0, 0.8889, 0.0, 0.0, 1.0, 0.0, 1.0, 0.0, 0.0, 1.0, 0.0, 0.0, 1.0, 0.0, 1.0, 0.0, 0.0, 1.0, 0.1667, 0.0, 0.5714, 0.0, 1.0, 0.0, 0.0, 0.7692, 0.0, 0.0, 0.8, 0.0, 0.8, 0.0, 0.0, 0.8571, 0.0, 0.0, 1.0, 0.0, 0.9, 0.0, 0.0, 1.0, 0.0, 0.0, 0.7, 0.0, 0.0909, 0.0, 0.0, 1.0, 0.4, 0.0, 1.0, 0.0, 0.0, 0.0, 0.0, 1.0, 1.0, 0.0, 0.4, 0.0, 0.2, 0.0, 0.0, 0.1667, 0.8889, 0.0, 1.0, 0.0, 0.0, 0.0, 0.0, 0.0, 0.7273, 0.0, 1.0, 0.0, 0.0, 0.0, 0.0, 0.0, 0.0769, 0.0, 0.6154, 0.1667, 0.0, 0.0, 0.0, 0.0, 0.0, 0.0, 0.7143, 0.0, 0.0, 0.0, 0.0, 0.0, 0.0, 0.0, 1.0, 0.0, 0.0, 0.0]"
cluster,1,cluster,0.2375,0.2375,0.2375,0.0,18,True,475,0,292,1233,0,"[0.05, 0.069, 0.091, 0.1115, 0.1315, 0.147, 0.1565, 0.169, 0.1835, 0.1955, 0.2035, 0.211, 0.2185, 0.226, 0.231, 0.2345, 0.237, 0.2375, 0.2375, 0.2375, 0.2375, 0.2375, 0.2375, 0.2375, 0.2375, 0.2375, 0.2375, 0.2375, 0.2375, 0.2375, 0.2375, 0.2375, 0.2375, 0.2375, 0.2375, 0.2375, 0.2375, 0.2375, 0.2375, 0.2375, 0.2375, 0.2375, 0.2375, 0.2375, 0.2375, 0.2375, 0.2375, 0.2375, 0.2375, 0.2375, 0.2375, 0.2375, 0.2375, 0.2375, 0.2375, 0.2375, 0.2375, 0.2375, 0.2375, 0.2375, 0.2375, 0.2375, 0.2375, 0.2375, 0.2375, 0.2375, 0.2375, 0.2375, 0.2375, 0.2375, 0.2375, 0.2375, 0.2375, 0.2375, 0.2375, 0.2375, 0.2375, 0.2375, 0.2375, 0.2375, 0.2375, 0.2375, 0.2375, 0.2375, 0.2375, 0.2375, 0.2375, 0.2375, 0.2375, 0.2375, 0.2375, 0.2375, 0.2375, 0.2375, 0.2375, 0.2375, 0.2375, 0.2375, 0.2375, 0.2375, 0.2375]","{""0"": 0.0352, ""1"": 0.2539, ""2"": 0.1542, ""3"": 0.3158, ""4"": 0.4309, ""5"": 0.2329, ""6"": 0.1446, ""7"": 0.3416}","[0.4444, 0.0, 0.875, 1.0, 0.0, 0.875, 0.0, 0.0, 0.0, 0.0, 0.8462, 1.0, 0.0, 0.75, 0.0, 0.0, 0.0, 0.0, 1.0, 0.6667, 0.0, 0.8889, 0.0, 0.0, 0.0, 0.0, 0.8571, 0.7778, 0.0, 0.6, 0.0, 0.0, 0.0, 0.0, 0.8889, 1.0, 0.25, 0.0, 0.0, 0.0, 0.0, 0.1111, 0.7143, 0.0, 0.4, 0.1, 0.0, 0.0, 0.8, 0.0, 0.7, 0.0, 0.8, 0.0, 0.0, 0.0, 1.0, 0.0, 0.8889, 0.0, 1.0, 0.0, 0.0, 0.0, 0.0, 0.0, 0.0, 0.0, 0.8889, 0.0, 0.0, 0.6667, 0.0, 0.0, 0.0, 0.0, 1.0, 0.0, 0.0, 0.8333, 0.0, 0.0, 0.0, 0.0, 1.0, 0.6, 0.0, 1.0, 0.0, 0.0, 0.0, 0.0, 0.7273, 0.8889, 0.0, 1.0, 0.0, 0.0, 0.0, 0.0, 0.8182, 1.0, 0.0, 0.4, 0.0, 0.0, 0.0, 0.0, 1.0, 0.7778, 0.0, 0.0, 0.0, 0.0, 0.0, 0.0, 0.875, 0.3333, 0.875, 0.1, 0.1429, 0.0, 0.0, 0.0, 0.75, 0.1, 1.0, 0.0, 0.75, 0.0, 0.0, 0.0, 0.3333, 0.0, 1.0, 0.0, 0.8571, 0.0, 0.0667, 0.0, 0.0, 0.0, 0.6667, 0.0, 0.8333, 0.0, 0.0, 0.0, 0.0, 0.0, 0.8571, 0.0, 0.7273, 0.0, 0.0, 0.0, 0.0, 0.0, 1.0, 0.0, 0.7, 0.0, 0.0, 0.0, 0.0, 0.0, 1.0, 0.0, 0.8333, 0.0, 0.0, 0.0, 0.0, 0.0, 0.8571, 0.0, 1.0, 0.0, 0.0, 0.0, 0.1667, 0.0, 0.6667, 0.0, 0.875, 0.0, 0.0, 0.0, 0.0, 0.25, 0.0, 0.0, 1.0, 0.0, 0.0, 0.0, 0.0, 0.625, 0.125, 0.0, 0.8571, 0.125, 0.0, 0.0, 0.0, 0.6667, 0.0, 0.0, 0.8, 1.0, 0.0, 0.0833, 0.0, 1.0, 0.0, 0.0, 0.1667, 0.0909, 0.0, 0.0, 0.0, 1.0, 0.0, 0.0, 0.0, 0.0, 0.0, 0.0, 0.0, 1.0, 0.0, 0.0, 0.0, 0.0, 0.1429, 0.0, 0.0, 1.0, 0.0, 0.0, 0.0, 0.0, 0.0, 0.875, 0.0, 1.0, 0.1111, 0.0, 0.0, 0.0]"
cluster,2,cluster,0.485,0.485,0.485,-0.0,51,True,970,0,289,741,0,"[0.05, 0.0655, 0.0795, 0.094, 0.115, 0.131, 0.143, 0.153, 0.1635, 0.1735, 0.183, 0.1935, 0.2045, 0.216, 0.2305, 0.244, 0.256, 0.2665, 0.2775, 0.2885, 0.2985, 0.305, 0.311, 0.317, 0.325, 0.3345, 0.3445, 0.354, 0.362, 0.372, 0.381, 0.3905, 0.402, 0.4115, 0.417, 0.4205, 0.4255, 0.4345, 0.438, 0.444, 0.45, 0.458, 0.46, 0.4615, 0.466, 0.47, 0.474, 0.4765, 0.4805, 0.4845, 0.485, 0.485, 0.485, 0.485, 0.485, 0.485, 0.485, 0.485, 0.485, 0.485, 0.485, 0.485, 0.485, 0.485, 0.485, 0.485, 0.485, 0.485, 0.485, 0.485, 0.485, 0.485, 0.485, 0.485, 0.485, 0.485, 0.485, 0.485, 0.485, 0.485, 0.485, 0.485, 0.485, 0.485, 0.485, 0.485, 0.485, 0.485, 0.485, 0.485, 0.485, 0.485, 0.485, 0.485, 0.485, 0.485, 0.485, 0.485, 0.485, 0.485, 0.485]","{""0"": 0.0076, ""1"": 0.8508, ""2"": 0.3514, ""3"": 0.2691, ""4"": 0.0458, ""5"": 0.888, ""6"": 0.5769, ""7"": 0.893}","[0.6667, 0.0, 0.3333, 0.0, 0.1429, 0.0, 1.0, 1.0, 1.0, 0.0, 0.8571, 0.125, 0.1111, 0.0, 0.5714, 0.8571, 1.0, 0.0, 0.6, 0.0, 0.0, 0.1667, 0.6667, 0.8889, 0.875, 0.0, 0.7778, 0.0, 0.0, 0.0, 1.0, 0.0, 0.875, 0.0, 0.875, 0.0, 0.0, 0.0, 1.0, 0.0, 1.0, 0.0, 1.0, 0.0, 0.125, 0.0, 1.0, 0.0, 1.0, 0.2, 1.0, 0.0, 0.0, 0.0, 1.0, 0.0, 1.0, 0.0, 0.8889, 0.0, 0.0, 0.0, 0.75, 0.0, 1.0, 0.0, 0.8333, 0.0, 0.0, 0.0, 1.0, 0.0, 0.6923, 0.0, 0.75, 0.0, 0.0, 0.0, 0.8889, 0.6, 0.6667, 0.0, 1.0, 0.0, 0.0, 0.0, 0.8, 1.0, 1.0, 0.0, 0.8333, 0.0, 0.0, 0.0, 1.0, 0.875, 1.0, 0.0, 0.9091, 0.0, 0.0, 0.0, 1.0, 1.0, 1.0, 0.0, 0.7692, 0.0, 0.0, 1.0, 1.0, 0.625, 0.3333, 0.0, 0.9167, 0.0, 0.0, 0.0, 1.0, 0.8, 0.9167, 0.0, 0.8333, 0.3333, 0.0, 0.0, 0.8, 0.8889, 0.875, 0.0, 0.8182, 0.8, 0.0, 0.1429, 0.9091, 0.75, 0.875, 0.0, 0.6667, 0.8, 0.0, 0.0, 0.8333, 0.4286, 0.8571, 0.0, 0.8571, 0.875, 1.0, 0.0, 1.0, 1.0, 1.0, 0.0, 1.0, 0.4286, 1.0, 0.1, 0.8333, 0.0, 0.6667, 0.0, 0.9, 0.7143, 0.875, 0.0, 1.0, 0.0, 0.8571, 0.0, 0.875, 1.0, 1.0, 0.0, 0.8571, 0.0, 1.0, 0.0, 0.8889, 0.8333, 0.7778, 0.0833, 0.8333, 0.1111, 1.0, 0.0, 0.8, 1.0, 1.0, 0.0, 0.75, 0.7, 0.9, 0.0, 0.8333, 0.9, 0.8333, 0.0, 1.0, 1.0, 0.8, 0.0, 1.0, 1.0, 1.0, 0.0, 1.0, 1.0, 0.9167, 0.0, 0.75, 0.8, 0.0, 0.0, 0.7143, 0.8333, 0.7778, 0.0, 1.0, 0.5714, 0.0, 0.0, 0.5556, 0.8889, 0.9, 0.0, 1.0, 0.4286, 0.0, 0.0, 0.8333, 0.9, 1.0, 0.0, 1.0, 0.0, 0.0, 0.0, 1.0, 0.7778, 1.0, 0.0, 0.6923, 0.0, 0.1111, 0.0, 0.8333, 0.8571, 0.7143, 0.0]"
cluster,3,cluster,0.304,0.304,0.304,0.0,26,True,608,0,301,1091,0,"[0.05, 0.069, 0.089, 0.1105, 0.131, 0.153, 0.1705, 0.1895, 0.2055, 0.216, 0.2265, 0.238, 0.247, 0.2575, 0.2655, 0.276, 0.285, 0.2895, 0.292, 0.293, 0.295, 0.299, 0.3, 0.302, 0.3035, 0.304, 0.304, 0.304, 0.304, 0.304, 0.304, 0.304, 0.304, 0.304, 0.304, 0.304, 0.304, 0.304, 0.304, 0.304, 0.304, 0.304, 0.304, 0.304, 0.304, 0.304, 0.304, 0.304, 0.304, 0.304, 0.304, 0.304, 0.304, 0.304, 0.304, 0.304, 0.304, 0.304, 0.304, 0.304, 0.304, 0.304, 0.304, 0.304, 0.304, 0.304, 0.304, 0.304, 0.304, 0.304, 0.304, 0.304, 0.304, 0.304, 0.304, 0.304, 0.304, 0.304, 0.304, 0.304, 0.304, 0.304, 0.304, 0.304, 0.304, 0.304, 0.304, 0.304, 0.304, 0.304, 0.304, 0.304, 0.304, 0.304, 0.304, 0.304, 0.304, 0.304, 0.304, 0.304, 0.304]","{""0"": 0.0078, ""1"": 0.3385, ""2"": 0.6462, ""3"": 0.1692, ""4"": 0.004, ""5"": 0.5277, ""6"": 0.5502, ""7"": 0.1894}","[0.6667, 0.0, 0.0, 0.1667, 0.0, 0.0, 0.6667, 0.0, 0.0, 0.0, 0.0, 0.1429, 0.0, 0.0, 1.0, 0.0, 0.0, 0.0, 0.0, 0.0, 0.0, 0.0, 0.8, 0.0, 0.0, 0.0, 0.0, 0.0, 0.1, 0.0, 0.8333, 0.1111, 0.0, 0.0, 0.0, 0.2222, 0.0, 0.0, 1.0, 0.0, 0.125, 0.0, 0.0, 0.8889, 0.8, 0.0, 0.6667, 0.0, 0.0, 0.0, 0.0, 1.0, 0.7778, 0.0, 0.0, 0.0, 0.0, 0.25, 0.0, 0.9, 1.0, 0.0, 0.0, 0.0, 1.0, 0.0, 0.1111, 1.0, 0.875, 0.0, 0.0, 0.0, 1.0, 0.0, 0.1429, 0.8571, 1.0, 0.0, 0.0, 0.0, 0.8571, 0.0, 0.7143, 1.0, 0.3333, 0.0, 0.0, 0.3333, 0.8889, 0.0, 1.0, 0.875, 0.125, 0.0, 0.2222, 0.7143, 0.8889, 0.0, 0.7, 1.0, 0.1429, 0.0, 0.75, 1.0, 0.8, 0.0, 0.0, 0.8333, 0.0, 0.0, 0.1, 1.0, 0.0, 0.0, 0.0, 0.8, 0.0, 0.0, 0.0, 0.875, 0.1, 0.0, 0.1, 0.8462, 0.125, 0.0, 0.0, 0.7143, 0.0, 0.0, 0.0, 0.6667, 0.0, 0.0, 0.0, 0.875, 0.0, 0.0, 0.0, 0.625, 0.0, 0.1429, 0.125, 0.8571, 0.0, 0.0, 0.8, 0.0, 0.0, 0.0, 0.75, 0.8889, 0.0, 0.0, 1.0, 0.0, 0.0, 0.0, 1.0, 0.875, 0.0, 0.0, 0.6667, 0.0, 0.0, 0.0, 0.8333, 1.0, 0.0, 0.0, 1.0, 0.8333, 0.0, 0.0, 1.0, 0.8889, 0.0, 0.0, 1.0, 0.6667, 0.0, 0.0, 0.9167, 0.8889, 0.0, 0.0, 1.0, 0.8889, 0.0, 0.0, 0.6667, 0.8889, 0.0, 0.0, 0.9333, 1.0, 0.0, 0.0, 1.0, 1.0, 0.0, 0.0, 1.0, 0.875, 0.0, 0.0, 0.8889, 1.0, 0.0, 0.0, 0.0, 1.0, 0.0, 0.0, 1.0, 1.0, 0.0, 0.0, 0.0, 0.875, 0.0, 0.0, 1.0, 1.0, 0.0, 0.0909, 0.0, 0.9167, 0.0, 0.0, 0.5714, 0.875, 0.0, 0.0, 0.0, 0.9286, 0.0, 0.0, 0.8571, 0.0, 0.0, 0.0, 0.0, 0.7143, 0.0, 0.0, 0.75, 0.0, 0.0, 0.0]"
cluster,4,cluster,0.213,0.213,0.213,0.0,18,True,426,0,290,1284,0,"[0.05, 0.072, 0.098, 0.119, 0.1395, 0.157, 0.1705, 0.178, 0.184, 0.191, 0.197, 0.202, 0.2035, 0.205, 0.2085, 0.211, 0.212, 0.213, 0.213, 0.213, 0.213, 0.213, 0.213, 0.213, 0.213, 0.213, 0.213, 0.213, 0.213, 0.213, 0.213, 0.213, 0.213, 0.213, 0.213, 0.213, 0.213, 0.213, 0.213, 0.213, 0.213, 0.213, 0.213, 0.213, 0.213, 0.213, 0.213, 0.213, 0.213, 0.213, 0.213, 0.213, 0.213, 0.213, 0.213, 0.213, 0.213, 0.213, 0.213, 0.213, 0.213, 0.213, 0.213, 0.213, 0.213, 0.213, 0.213, 0.213, 0.213, 0.213, 0.213, 0.213, 0.213, 0.213, 0.213, 0.213, 0.213, 0.213, 0.213, 0.213, 0.213, 0.213, 0.213, 0.213, 0.213, 0.213, 0.213, 0.213, 0.213, 0.213, 0.213, 0.213, 0.213, 0.213, 0.213, 0.213, 0.213, 0.213, 0.213, 0.213, 0.213]","{""0"": 0.1903, ""1"": 0.2695, ""2"": 0.0084, ""3"": 0.2638, ""4"": 0.1107, ""5"": 0.4139, ""6"": 0.0082, ""7"": 0.4263}","[0.2222, 0.0, 1.0, 0.0, 0.0, 0.0, 0.0, 0.0, 0.0, 0.0, 0.7692, 0.0, 0.0, 0.1, 0.0, 0.1818, 0.0, 0.0, 0.5556, 0.0, 0.0, 0.0, 0.0, 0.0, 0.0, 0.0, 1.0, 0.0, 0.0, 0.0, 0.0, 0.0, 0.0, 0.0, 0.875, 0.0, 0.0, 0.0, 0.0, 0.0, 0.0, 0.0, 0.75, 0.0, 0.0, 0.0, 0.0, 0.0, 0.0, 0.0, 0.0, 0.0, 0.0, 0.0, 0.125, 0.0, 0.0, 0.0, 0.0, 0.0, 0.0, 0.0, 0.0, 0.0, 0.0, 0.5714, 0.0, 0.0, 0.0, 0.0, 0.1667, 0.0, 0.0, 1.0, 0.0, 0.0, 0.0, 0.0, 1.0, 0.0, 0.0, 1.0, 0.0, 0.25, 0.0, 0.1818, 0.7778, 0.0, 0.0, 0.6667, 0.0, 0.0, 0.0, 0.0, 1.0, 0.0, 0.125, 1.0, 0.0, 0.0, 0.0, 0.0, 1.0, 0.0, 0.1429, 0.8571, 0.0, 0.0, 0.0909, 0.0, 1.0, 0.0, 1.0, 1.0, 0.0, 0.0, 0.5714, 0.0, 0.8571, 0.0, 0.9, 0.8333, 0.0, 0.0, 1.0, 0.0, 0.9, 0.0, 1.0, 0.1111, 0.0, 0.0, 0.9, 0.0, 0.0, 0.0, 0.8889, 0.0, 0.0, 0.0, 0.8571, 0.0, 0.0, 0.0, 1.0, 0.0, 0.0, 0.0, 0.75, 0.0, 0.1, 0.0, 1.0, 0.0, 0.0, 0.0, 0.8, 0.0, 0.2, 0.0, 1.0, 0.0, 0.0, 0.0, 0.7778, 0.5, 0.75, 0.0, 0.875, 0.0, 0.0, 0.0, 1.0, 1.0, 0.8571, 0.0, 0.6667, 0.0, 0.0, 0.0, 0.9, 0.9, 1.0, 0.0, 0.75, 0.0, 0.0, 0.0, 0.625, 1.0, 1.0, 0.0, 1.0, 0.0, 0.0, 0.0, 0.0, 0.5714, 0.8333, 0.0, 1.0, 0.0, 0.0, 0.0, 0.0, 0.0, 1.0, 0.0, 1.0, 0.2, 0.0, 0.0, 0.0, 0.0, 1.0, 0.0, 0.8, 0.0, 0.0, 0.0, 0.0, 0.0, 0.0, 0.0, 0.8333, 0.0, 0.0, 0.0, 0.0, 0.0, 0.0, 0.0, 0.0, 0.0, 0.5, 0.0, 0.0, 0.0, 0.0909, 0.0, 0.0, 0.0, 1.0, 0.0, 0.0, 0.0, 0.0, 0.0, 0.0, 0.0]"
cluster,5,cluster,0.2155,0.2155,0.2155,0.0,23,True,431,0,293,1276,0,"[0.05, 0.0685, 0.089, 0.105, 0.121, 0.1335, 0.1485, 0.16, 0.168, 0.175, 0.182, 0.1865, 0.192, 0.197, 0.202, 0.2035, 0.2055, 0.207, 0.209, 0.212, 0.213, 0.214, 0.2155, 0.2155, 0.2155, 0.2155, 0.2155, 0.2155, 0.2155, 0.2155, 0.2155, 0.2155, 0.2155, 0.2155, 0.2155, 0.2155, 0.2155, 0.2155, 0.2155, 0.2155, 0.2155, 0.2155, 0.2155, 0.2155, 0.2155, 0.2155, 0.2155, 0.2155, 0.2155, 0.2155, 0.2155, 0.2155, 0.2155, 0.2155, 0.2155, 0.2155, 0.2155, 0.2155, 0.2155, 0.2155, 0.2155, 0.2155, 0.2155, 0.2155, 0.2155, 0.2155, 0.2155, 0.2155, 0.2155, 0.2155, 0.2155, 0.2155, 0.2155, 0.2155, 0.2155, 0.2155, 0.2155, 0.2155, 0.2155, 0.2155, 0.2155, 0.2155, 0.2155, 0.2155, 0.2155, 0.2155, 0.2155, 0.2155, 0.2155, 0.2155, 0.2155, 0.2155, 0.2155, 0.2155, 0.2155, 0.2155, 0.2155, 0.2155, 0.2155, 0.2155, 0.2155]","{""0"": 0.3053, ""1"": 0.2632, ""2"": 0.0871, ""3"": 0.245, ""4"": 0.1739, ""5"": 0.1008, ""6"": 0.1213, ""7"": 0.4177}","[0.2222, 1.0, 0.0, 0.0, 0.0, 0.8571, 0.0, 0.0, 0.6667, 0.8571, 0.0, 0.0, 0.0, 0.1333, 0.0, 0.0, 1.0, 1.0, 0.0, 0.0, 0.0, 0.125, 0.0, 0.0, 1.0, 0.75, 0.0, 1.0, 0.6667, 0.0, 0.0, 0.0, 0.7143, 0.7143, 0.0, 0.25, 0.875, 0.0, 0.0, 0.0, 0.6667, 0.9091, 0.0, 0.0, 0.8182, 0.0, 0.0, 0.0, 0.9167, 1.0, 0.1667, 0.0, 1.0, 0.0, 0.0, 0.0, 0.8333, 1.0, 0.0, 0.0, 0.75, 0.0, 0.0, 0.0, 1.0, 0.9, 0.0, 0.0, 0.8571, 0.8, 0.0, 0.0, 0.8182, 0.8889, 0.0, 0.0, 1.0, 1.0, 0.0, 0.0, 0.6667, 0.2, 0.0, 0.0, 0.7, 0.5, 0.0, 0.0, 1.0, 0.0, 0.0, 0.0, 0.8571, 0.0, 0.0, 0.0, 0.6, 0.0, 0.0, 0.0, 0.0, 0.0, 0.0, 0.0, 1.0, 0.0, 0.0, 0.7143, 0.0, 0.0, 0.0, 0.0, 0.75, 0.0, 0.0, 1.0, 0.0, 0.0, 0.0, 0.0, 0.8571, 0.0, 0.0, 0.0, 0.2, 0.0, 0.0, 0.0, 0.3333, 0.0, 0.0, 0.0, 0.0, 0.0769, 0.0, 0.0, 0.0, 0.0, 0.0, 0.0, 0.0, 0.0, 0.0, 0.0, 0.0, 0.0, 0.5, 0.0, 0.0, 0.0, 0.0, 0.0, 0.0, 0.0, 0.8, 0.0, 0.0, 0.0, 0.0, 0.0, 0.0, 0.0, 1.0, 0.0, 0.0, 0.0, 0.0, 0.0, 0.0, 0.0, 1.0, 0.0, 0.0, 0.0, 0.0769, 0.0, 0.0, 0.0, 0.8182, 0.0, 0.0, 0.0, 1.0, 0.1111, 0.0, 0.0, 0.8, 0.0, 0.0, 0.0, 1.0, 0.8333, 0.0, 0.0, 0.7778, 0.0, 0.0, 0.0, 0.8333, 1.0, 0.0, 0.0, 0.8571, 0.0, 0.0, 0.0, 0.6, 1.0, 0.1667, 0.0, 1.0, 0.0, 0.0, 0.0, 0.0, 0.8889, 0.0, 0.0, 0.75, 0.0, 0.0, 0.0, 0.0, 0.3333, 0.0, 0.0, 0.0, 0.0, 0.0, 0.0, 0.0, 0.0, 0.0, 0.0, 0.2, 0.0, 0.0, 0.8, 0.0, 0.0, 0.0, 0.4444, 0.0, 0.0, 0.0, 1.0, 0.0, 0.0, 0.0, 0.8462]"
cluster,6,cluster,0.3705,0.3705,0.3705,0.0,41,True,741,0,297,962,0,"[0.05, 0.065, 0.0845, 0.107, 0.1315, 0.1505, 0.1685, 0.1855, 0.201, 0.2135, 0.2205, 0.228, 0.2345, 0.241, 0.249, 0.2575, 0.2635, 0.2695, 0.273, 0.278, 0.2845, 0.29, 0.2945, 0.2985, 0.301, 0.3035, 0.307, 0.312, 0.318, 0.328, 0.338, 0.3475, 0.355, 0.3575, 0.3605, 0.3645, 0.3675, 0.368, 0.369, 0.37, 0.3705, 0.3705, 0.3705, 0.3705, 0.3705, 0.3705, 0.3705, 0.3705, 0.3705, 0.3705, 0.3705, 0.3705, 0.3705, 0.3705, 0.3705, 0.3705, 0.3705, 0.3705, 0.3705, 0.3705, 0.3705, 0.3705, 0.3705, 0.3705, 0.3705, 0.3705, 0.3705, 0.3705, 0.3705, 0.3705, 0.3705, 0.3705, 0.3705, 0.3705, 0.3705, 0.3705, 0.3705, 0.3705, 0.3705, 0.3705, 0.3705, 0.3705, 0.3705, 0.3705, 0.3705, 0.3705, 0.3705, 0.3705, 0.3705, 0.3705, 0.3705, 0.3705, 0.3705, 0.3705, 0.3705, 0.3705, 0.3705, 0.3705, 0.3705, 0.3705, 0.3705]","{""0"": 0.7305, ""1"": 0.3915, ""2"": 0.0643, ""3"": 0.0041, ""4"": 0.7349, ""5"": 0.168, ""6"": 0.8636, ""7"": 0.0}","[0.5556, 0.9, 0.0, 0.0, 0.0, 0.8333, 0.0, 1.0, 0.0, 0.75, 0.0, 0.0, 0.1111, 1.0, 0.2, 0.8571, 0.0, 1.0, 0.0, 0.0, 0.0, 1.0, 0.3, 1.0, 0.0, 0.9, 0.0, 0.0, 0.0, 0.9, 0.9167, 1.0, 0.0, 0.875, 0.0, 0.125, 0.0, 0.8889, 0.8571, 0.8182, 0.0, 0.6667, 0.0, 0.0, 0.0, 1.0, 1.0, 1.0, 0.0, 0.8333, 0.0, 0.0, 0.0, 0.8182, 0.6667, 0.7, 0.0, 0.0, 0.0, 0.0, 0.0, 1.0, 1.0, 0.875, 0.0, 0.0, 0.0, 0.0, 0.0, 0.75, 0.0, 0.8, 0.0, 0.2222, 0.0, 0.0, 0.0, 1.0, 0.0, 1.0, 0.0, 0.0, 0.25, 0.0, 0.0, 0.75, 0.0, 1.0, 0.0, 0.0, 0.7778, 0.0, 0.0, 0.875, 0.0, 0.7273, 0.0, 0.2857, 1.0, 0.0, 0.0, 1.0, 0.0, 0.8333, 0.0, 0.8571, 0.6667, 0.0, 0.0, 0.6667, 0.0, 1.0, 0.0, 0.875, 0.75, 0.0, 0.0, 0.7273, 0.25, 1.0, 0.0, 1.0, 0.7273, 0.0, 0.0, 0.8, 0.0, 1.0, 0.0, 0.5714, 0.875, 0.0, 0.0, 0.0, 0.0, 0.7273, 0.0, 0.9091, 0.875, 0.0, 0.0, 0.0, 0.0, 0.8889, 0.0, 1.0, 1.0, 0.0, 0.0, 0.0, 0.0, 1.0, 0.0, 1.0, 0.7143, 0.0, 0.0, 0.0, 0.0, 0.7, 0.0, 0.6667, 1.0, 0.0, 0.0, 0.0, 0.0, 0.8333, 0.0, 0.8, 0.8, 0.0, 0.0, 0.7778, 0.0, 1.0, 0.0, 0.8, 0.7778, 0.0, 0.0, 0.8889, 0.0, 1.0, 0.0, 1.0, 1.0, 0.0, 0.0, 1.0, 0.0, 0.8571, 0.0, 1.0, 1.0, 0.0, 0.0, 0.8, 0.0, 0.7778, 0.0, 0.8889, 0.125, 0.1667, 0.0, 0.8333, 0.0, 1.0, 0.0, 1.0, 0.0, 0.0, 0.0, 0.9091, 0.0, 0.875, 0.0, 0.6667, 0.0, 0.0, 0.0, 0.7273, 0.0, 0.625, 0.0, 1.0, 0.0, 0.8333, 0.0, 1.0, 0.0, 0.875, 0.0, 0.9167, 0.0, 1.0, 0.0, 0.8889, 0.0, 0.75, 0.0, 1.0, 0.0, 0.0, 0.0, 0.875, 0.0, 0.875, 0.0, 0.75]"
cluster,7,cluster,0.365,0.365,0.365,-0.0,46,True,730,0,282,988,0,"[0.05, 0.075, 0.0945, 0.1145, 0.139, 0.159, 0.1795, 0.194, 0.211, 0.225, 0.236, 0.2455, 0.2515, 0.2585, 0.2645, 0.2695, 0.2745, 0.278, 0.2805, 0.2825, 0.289, 0.296, 0.2985, 0.302, 0.3055, 0.3115, 0.315, 0.318, 0.3195, 0.322, 0.326, 0.3315, 0.3335, 0.335, 0.3375, 0.3405, 0.344, 0.347, 0.35, 0.3525, 0.3545, 0.3565, 0.3575, 0.3585, 0.363, 0.365, 0.365, 0.365, 0.365, 0.365, 0.365, 0.365, 0.365, 0.365, 0.365, 0.365, 0.365, 0.365, 0.365, 0.365, 0.365, 0.365, 0.365, 0.365, 0.365, 0.365, 0.365, 0.365, 0.365, 0.365, 0.365, 0.365, 0.365, 0.365, 0.365, 0.365, 0.365, 0.365, 0.365, 0.365, 0.365, 0.365, 0.365, 0.365, 0.365, 0.365, 0.365, 0.365, 0.365, 0.365, 0.365, 0.365, 0.365, 0.365, 0.365, 0.365, 0.365, 0.365, 0.365, 0.365, 0.365]","{""0"": 0.0078, ""1"": 0.581, ""2"": 0.5396, ""3"": 0.5398, ""4"": 0.0, ""5"": 0.176, ""6"": 0.8943, ""7"": 0.1943}","[0.5556, 0.0, 0.6667, 0.9, 0.0, 0.0, 1.0, 1.0, 0.0, 0.0, 1.0, 0.75, 0.0, 0.0, 0.0, 0.9167, 0.0, 0.0, 1.0, 0.6667, 0.0, 0.0, 0.0, 1.0, 0.0, 0.0, 0.2222, 0.0, 0.0, 0.0, 0.0, 0.875, 0.0, 0.0, 0.0, 0.0, 0.0, 0.0, 0.0, 1.0, 0.0, 0.0, 0.0, 0.3333, 0.0, 0.0, 0.0, 0.8, 0.0, 0.0, 0.0, 0.0, 0.0, 0.0, 0.0, 0.75, 0.0, 0.0, 0.0, 0.0, 0.0, 0.0, 0.0, 1.0, 0.0, 0.0, 0.0, 0.1818, 0.0, 0.0, 0.0, 1.0, 0.0, 0.0, 0.0, 0.0, 1.0, 0.0, 0.0, 0.7143, 0.6667, 0.0, 0.0, 0.0, 0.8889, 0.0, 0.0, 0.75, 0.7778, 0.0, 0.0, 0.0, 1.0, 0.0, 0.0, 0.8, 0.75, 0.0, 0.0, 0.125, 1.0, 0.0, 0.0, 0.9, 0.8571, 0.0, 0.0, 0.0, 0.9, 0.0, 0.0, 0.8889, 1.0, 0.0, 0.7143, 0.0, 1.0, 0.0, 0.0, 0.8, 1.0, 0.0, 0.875, 0.8571, 0.8889, 0.0, 0.1667, 0.875, 0.6667, 0.0, 1.0, 0.6667, 0.9167, 0.0, 0.8333, 0.8889, 0.0, 0.0, 0.75, 0.8, 0.75, 0.0, 1.0, 1.0, 0.0, 0.0, 1.0, 0.5, 1.0, 0.0, 0.5556, 1.0, 0.0, 0.1667, 0.7143, 1.0, 0.8571, 0.0, 1.0, 1.0, 0.0, 0.0, 0.875, 1.0, 0.8333, 0.0, 1.0, 1.0, 0.0, 0.0, 0.8333, 0.8889, 0.8571, 0.0, 0.7778, 1.0, 0.0, 0.0, 0.8571, 0.875, 0.8333, 0.0, 0.0, 0.75, 0.0, 0.0, 1.0, 0.875, 0.7, 0.0, 0.0, 0.875, 0.0, 0.0, 0.625, 1.0, 0.75, 0.0, 0.0, 0.75, 0.0, 0.0, 0.75, 0.7, 0.8571, 0.0, 0.0, 0.7, 0.0, 0.1, 1.0, 0.8333, 0.0, 0.0, 0.0714, 1.0, 0.0, 0.0, 1.0, 0.8889, 0.0, 0.0, 0.1, 0.8889, 0.0, 0.0, 1.0, 1.0, 0.0, 0.0, 0.0, 1.0, 0.0, 0.0, 1.0, 1.0, 0.0, 0.0, 0.0, 1.0, 0.0, 0.0, 1.0, 0.8, 0.2, 0.0, 0.0, 0.875, 0.0, 0.0]"
cluster,8,cluster,0.356,0.356,0.356,0.0,51,True,712,0,282,1006,0,"[0.05, 0.0655, 0.0805, 0.102, 0.1175, 0.1305, 0.1425, 0.1555, 0.1665, 0.18, 0.189, 0.1995, 0.2115, 0.2245, 0.235, 0.244, 0.2515, 0.258, 0.266, 0.2715, 0.2745, 0.279, 0.283, 0.2875, 0.2925, 0.295, 0.2975, 0.299, 0.3015, 0.306, 0.311, 0.315, 0.318, 0.32, 0.3215, 0.323, 0.3255, 0.3285, 0.3315, 0.3335, 0.335, 0.3385, 0.3405, 0.342, 0.344, 0.346, 0.348, 0.3495, 0.352, 0.354, 0.356, 0.356, 0.356, 0.356, 0.356, 0.356, 0.356, 0.356, 0.356, 0.356, 0.356, 0.356, 0.356, 0.356, 0.356, 0.356, 0.356, 0.356, 0.356, 0.356, 0.356, 0.356, 0.356, 0.356, 0.356, 0.356, 0.356, 0.356, 0.356, 0.356, 0.356, 0.356, 0.356, 0.356, 0.356, 0.356, 0.356, 0.356, 0.356, 0.356, 0.356, 0.356, 0.356, 0.356, 0.356, 0.356, 0.356, 0.356, 0.356, 0.356, 0.356]","{""0"": 0.5742, ""1"": 0.2422, ""2"": 0.2698, ""3"": 0.6792, ""4"": 0.0323, ""5"": 0.1348, ""6"": 0.864, ""7"": 0.0126}","[0.4444, 1.0, 0.875, 0.0, 0.0, 0.0, 0.0, 0.8889, 0.0, 0.8571, 0.7, 0.125, 0.0, 0.0, 0.0, 0.8333, 0.0, 0.7143, 0.5, 0.625, 0.0, 0.0, 0.0, 0.6, 0.0, 0.875, 0.0, 1.0, 0.0, 0.0, 0.0, 0.8182, 0.0, 0.8571, 0.0, 1.0, 0.1429, 0.125, 0.0, 1.0, 0.0, 0.8571, 0.0, 1.0, 0.75, 1.0, 0.0, 0.8889, 0.0, 0.625, 0.0, 0.0, 0.8333, 0.0, 0.0, 1.0, 0.0, 0.8333, 0.0, 0.0, 0.8, 0.0, 0.0, 0.9167, 0.0, 1.0, 0.0, 0.0, 0.6923, 0.0, 0.0, 0.6667, 0.0, 1.0, 0.0, 0.0, 1.0, 0.0, 0.0, 0.5714, 0.0, 0.875, 0.0, 0.0, 1.0, 0.0, 0.0, 0.8333, 0.0, 1.0, 0.0, 0.0, 0.8, 0.0, 0.0, 0.7143, 0.0, 0.8889, 0.0, 0.0, 0.6923, 0.0, 0.0, 0.75, 0.0, 0.8889, 0.0, 0.0, 0.2, 0.0, 0.0, 1.0, 0.0, 0.8571, 0.0, 0.0, 0.0, 0.0, 0.75, 0.8, 0.0, 1.0, 0.0, 0.0, 0.6667, 0.0, 1.0, 1.0, 0.0, 0.625, 0.0, 0.8182, 0.6667, 0.0, 0.8333, 1.0, 0.1429, 0.0, 0.1429, 1.0, 1.0, 0.0, 1.0, 0.9, 0.0, 0.1, 1.0, 0.6667, 0.8889, 0.0, 0.8571, 0.8, 0.0, 0.0, 0.2, 0.8889, 0.875, 0.0, 0.0, 1.0, 0.0, 0.125, 0.0, 1.0, 1.0, 0.0, 0.0, 0.8889, 0.0, 0.0, 0.0, 0.4, 0.75, 0.0, 0.0, 0.7, 0.0, 0.0, 0.0, 0.0, 1.0, 0.0, 0.0, 1.0, 0.0, 0.0, 0.0, 0.0, 0.9091, 0.0, 0.0, 0.75, 0.0, 0.0714, 0.0, 0.0, 1.0, 0.0, 0.0, 1.0, 0.0, 0.0, 0.0, 0.0, 1.0, 0.0, 0.0, 1.0, 0.1429, 0.1111, 0.3333, 0.0, 1.0, 0.0, 0.0, 0.5, 0.0, 0.6, 0.25, 0.1, 0.875, 0.0, 0.0, 1.0, 0.0, 1.0, 1.0, 0.0, 0.875, 0.0, 0.0, 0.9375, 0.1667, 0.5714, 1.0, 0.0, 0.875, 0.125, 0.0, 1.0, 0.0, 0.8182, 1.0, 0.0, 0.0, 0.0, 0.0, 1.0, 0.0, 0.8889]"
cluster,9,cluster,0.2815,0.2815,0.2815,0.0,29,True,563,0,301,1136,0,"[0.05, 0.065, 0.08, 0.098, 0.117, 0.1325, 0.142, 0.1535, 0.1625, 0.1735, 0.1835, 0.1945, 0.2035, 0.2125, 0.2225, 0.234, 0.2445, 0.256, 0.2625, 0.265, 0.267, 0.2695, 0.272, 0.275, 0.2775, 0.2785, 0.2795, 0.2805, 0.2815, 0.2815, 0.2815, 0.2815, 0.2815, 0.2815, 0.2815, 0.2815, 0.2815, 0.2815, 0.2815, 0.2815, 0.2815, 0.2815, 0.2815, 0.2815, 0.2815, 0.2815, 0.2815, 0.2815, 0.2815, 0.2815, 0.2815, 0.2815, 0.2815, 0.2815, 0.2815, 0.2815, 0.2815, 0.2815, 0.2815, 0.2815, 0.2815, 0.2815, 0.2815, 0.2815, 0.2815, 0.2815, 0.2815, 0.2815, 0.2815, 0.2815, 0.2815, 0.2815, 0.2815, 0.2815, 0.2815, 0.2815, 0.2815, 0.2815, 0.2815, 0.2815, 0.2815, 0.2815, 0.2815, 0.2815, 0.2815, 0.2815, 0.2815, 0.2815, 0.2815, 0.2815, 0.2815, 0.2815, 0.2815, 0.2815, 0.2815, 0.2815, 0.2815, 0.2815, 0.2815, 0.2815, 0.2815]","{""0"": 0.3712, ""1"": 0.1492, ""2"": 0.2009, ""3"": 0.0405, ""4"": 0.3473, ""5"": 0.2913, ""6"": 0.3661, ""7"": 0.4689}","[0.5556, 0.1429, 0.0, 0.0, 0.0, 0.1429, 0.0, 0.0, 1.0, 0.0, 0.0, 0.0, 0.0, 0.0, 0.0, 0.0, 0.8, 0.0, 0.8, 0.0, 0.0, 0.0, 0.0, 0.0, 1.0, 0.0, 0.75, 0.0, 0.0, 0.0, 0.0, 0.1, 1.0, 0.0, 1.0, 0.0, 0.0, 0.0, 0.0, 0.0, 0.8571, 0.0, 1.0, 0.0, 0.0, 0.0, 0.0, 0.75, 0.75, 0.0, 1.0, 0.0, 0.0, 0.0, 0.0, 0.5714, 0.0, 0.0, 0.0909, 0.0, 0.0, 0.0, 0.0, 0.8333, 0.0, 0.0, 0.0, 0.0, 0.0, 0.0, 0.0, 1.0, 0.0, 0.0, 0.0, 0.0, 0.0, 0.0, 0.0, 1.0, 0.0, 0.0, 0.0, 0.0, 0.0, 0.0, 0.0, 0.8889, 0.0, 0.0, 0.0, 0.0, 0.0, 0.0, 0.0, 0.9167, 0.0, 0.0, 0.0, 0.0, 0.0, 0.125, 0.5714, 0.6667, 0.0, 0.0, 0.0, 0.625, 0.0, 0.0, 1.0, 1.0, 0.0, 0.0, 0.0, 1.0, 0.0, 0.0, 0.7, 1.0, 0.0, 0.0, 0.0, 1.0, 0.0, 0.0, 0.8333, 0.8333, 0.0, 0.6667, 0.0, 0.8571, 0.0, 0.0, 1.0, 1.0, 0.0, 1.0, 0.0, 1.0, 1.0, 1.0, 0.7273, 0.8571, 0.2, 0.2, 0.0, 1.0, 0.0909, 0.75, 0.9091, 0.1429, 0.2, 0.0, 0.0, 1.0, 0.0, 0.8889, 0.7857, 0.0, 0.0, 0.1818, 0.0, 0.0, 0.0, 0.6667, 0.6, 0.0, 0.0, 0.0, 0.0, 0.3333, 0.0, 0.8333, 0.0, 0.0, 0.0, 0.8889, 0.0, 0.0, 0.0, 0.7143, 0.0, 0.0, 0.1667, 0.75, 0.0, 0.0, 0.0, 1.0, 0.3333, 0.0, 0.8571, 0.875, 0.0, 0.0, 0.0, 0.75, 0.1667, 0.0, 1.0, 0.8462, 0.0, 0.0, 0.0, 0.875, 0.0, 0.0, 1.0, 1.0, 0.0, 0.0909, 0.0, 0.6667, 0.0, 0.0, 1.0, 0.8333, 0.0, 0.0, 0.0, 0.875, 0.0, 0.1111, 1.0, 0.8333, 0.1667, 0.0, 0.0, 1.0, 0.0, 0.0, 0.8, 0.8182, 0.0, 0.0, 0.0, 1.0, 0.0, 0.0, 1.0, 0.875, 0.0, 0.0, 0.0, 0.875, 0.0, 0.0, 0.8889, 0.8333]"
cluster,10,cluster,0.1885,0.1885,0.1885,0.0,18,True,377,0,296,1327,0,"[0.05, 0.069, 0.089, 0.1045, 0.12, 0.138, 0.1475, 0.1555, 0.1625, 0.168, 0.1725, 0.1765, 0.1815, 0.1835, 0.184, 0.1845, 0.186, 0.1885, 0.1885, 0.1885, 0.1885, 0.1885, 0.1885, 0.1885, 0.1885, 0.1885, 0.1885, 0.1885, 0.1885, 0.1885, 0.1885, 0.1885, 0.1885, 0.1885, 0.1885, 0.1885, 0.1885, 0.1885, 0.1885, 0.1885, 0.1885, 0.1885, 0.1885, 0.1885, 0.1885, 0.1885, 0.1885, 0.1885, 0.1885, 0.1885, 0.1885, 0.1885, 0.1885, 0.1885, 0.1885, 0.1885, 0.1885, 0.1885, 0.1885, 0.1885, 0.1885, 0.1885, 0.1885, 0.1885, 0.1885, 0.1885, 0.1885, 0.1885, 0.1885, 0.1885, 0.1885, 0.1885, 0.1885, 0.1885, 0.1885, 0.1885, 0.1885, 0.1885, 0.1885, 0.1885, 0.1885, 0.1885, 0.1885, 0.1885, 0.1885, 0.1885, 0.1885, 0.1885, 0.1885, 0.1885, 0.1885, 0.1885, 0.1885, 0.1885, 0.1885, 0.1885, 0.1885, 0.1885, 0.1885, 0.1885, 0.1885]","{""0"": 0.0878, ""1"": 0.3696, ""2"": 0.0, ""3"": 0.7424, ""4"": 0.0077, ""5"": 0.113, ""6"": 0.0, ""7"": 0.1478}","[0.5556, 0.0, 0.0, 0.0, 0.7273, 0.0, 0.0, 0.0, 0.0, 0.0, 1.0, 0.0, 0.5, 0.0, 0.0, 0.0, 0.0, 0.0, 0.1429, 0.0, 0.0, 0.0, 0.0, 0.0, 0.0, 0.0, 0.0, 0.0, 0.0, 0.0, 0.0, 0.0, 0.0, 0.0, 0.0, 0.0, 0.1667, 0.0, 0.0, 0.0, 0.0, 0.0, 0.0, 0.0, 1.0, 0.1111, 0.0, 0.0, 0.0, 0.0, 0.0, 0.0, 0.75, 0.0, 0.0, 0.0, 0.0, 0.0, 0.0, 0.0, 1.0, 0.0, 0.0, 0.0, 0.0, 0.0, 0.0, 0.0, 1.0, 0.0, 0.0, 0.0, 0.0, 0.0, 0.0, 0.0, 0.75, 0.0, 0.0, 0.0, 0.0, 0.0, 0.0, 0.0, 0.8333, 0.0, 0.0, 0.0, 0.0, 0.0, 0.0, 0.0, 1.0, 0.0, 0.0, 0.0, 0.0, 0.0, 0.0, 0.0, 0.8, 0.0, 0.0, 0.0, 0.0, 0.0, 0.8571, 0.0, 0.9091, 0.0, 0.1429, 0.0, 0.0, 0.0, 0.6667, 0.0, 0.875, 0.0, 0.0, 0.0, 0.0, 0.0, 0.8571, 0.0, 0.875, 0.0, 0.0, 0.0, 0.0, 0.0, 1.0, 0.0, 0.5556, 0.0, 0.0, 0.0, 0.0, 0.0, 1.0, 0.0, 0.6, 0.0, 0.0, 0.0, 0.0, 0.0, 0.875, 0.0, 0.7778, 0.0, 0.0, 0.0, 0.8, 0.0, 1.0, 0.0, 1.0, 0.0, 0.0, 0.0, 0.8889, 0.0, 0.8889, 0.0, 1.0, 0.0, 0.0, 0.0, 0.8, 0.0, 0.7143, 0.0, 0.8889, 0.0, 0.1429, 0.0, 1.0, 0.0, 0.7778, 0.0, 1.0, 0.0, 0.0, 0.0, 1.0, 0.0, 0.875, 0.0, 0.8571, 0.0, 0.0, 0.0, 0.6667, 0.0, 1.0, 0.0, 0.7, 0.0, 0.0, 0.0, 0.0, 0.1429, 0.0, 0.0, 1.0, 0.0, 0.0, 0.0, 0.0, 1.0, 0.0, 0.0, 1.0, 0.0, 0.0, 0.0, 0.0, 0.6667, 0.0, 0.0, 0.6667, 0.0, 0.8889, 0.0, 0.0, 1.0, 0.0, 0.0, 1.0, 0.0, 1.0, 0.0, 0.0, 0.0, 0.0, 0.0, 0.6667, 0.0, 0.8571, 0.0, 0.0, 0.0, 0.0, 0.0, 0.9091, 0.0, 0.0, 0.0, 0.0, 0.0]"
cluster,11,cluster,0.291,0.291,0.291,0.0,31,True,582,0,293,1125,0,"[0.05, 0.062, 0.077, 0.094, 0.116, 0.1365, 0.15, 0.1625, 0.171, 0.176, 0.1825, 0.1915, 0.204, 0.217, 0.23, 0.2345, 0.2375, 0.2415, 0.247, 0.2525, 0.2605, 0.266, 0.272, 0.277, 0.2825, 0.285, 0.286, 0.2875, 0.2895, 0.2905, 0.291, 0.291, 0.291, 0.291, 0.291, 0.291, 0.291, 0.291, 0.291, 0.291, 0.291, 0.291, 0.291, 0.291, 0.291, 0.291, 0.291, 0.291, 0.291, 0.291, 0.291, 0.291, 0.291, 0.291, 0.291, 0.291, 0.291, 0.291, 0.291, 0.291, 0.291, 0.291, 0.291, 0.291, 0.291, 0.291, 0.291, 0.291, 0.291, 0.291, 0.291, 0.291, 0.291, 0.291, 0.291, 0.291, 0.291, 0.291, 0.291, 0.291, 0.291, 0.291, 0.291, 0.291, 0.291, 0.291, 0.291, 0.291, 0.291, 0.291, 0.291, 0.291, 0.291, 0.291, 0.291, 0.291, 0.291, 0.291, 0.291, 0.291, 0.291]","{""0"": 0.5627, ""1"": 0.0636, ""2"": 0.2201, ""3"": 0.3158, ""4"": 0.1098, ""5"": 0.8969, ""6"": 0.0, ""7"": 0.0868}","[0.4444, 0.9091, 0.125, 0.9091, 0.0, 1.0, 1.0, 0.0, 0.1667, 1.0, 0.0, 0.8182, 0.0, 0.8182, 0.8889, 0.0, 0.8, 0.0625, 0.0, 1.0, 0.0, 0.0, 1.0, 0.0, 1.0, 0.0, 0.0, 1.0, 1.0, 0.0, 1.0, 0.0, 0.8889, 0.0, 0.0, 0.1818, 0.8182, 0.0, 0.8333, 0.0, 0.0, 0.0, 0.0, 0.4, 1.0, 0.0, 1.0, 0.0, 0.0, 0.0, 0.0, 0.0, 0.8889, 0.0, 1.0, 0.0, 0.0, 0.0, 0.0, 0.0, 0.8571, 0.0, 0.8, 0.0, 0.0, 0.0, 0.0, 0.0, 0.8333, 0.0, 0.7, 0.0, 0.0, 0.0, 0.0, 0.0, 1.0, 0.0, 0.8333, 0.0, 0.0, 0.4, 0.0, 0.0, 1.0, 0.0, 1.0, 0.0, 0.0, 1.0, 0.0, 0.8333, 0.75, 0.0, 0.5, 0.0, 0.0, 0.875, 0.0, 0.0, 0.875, 0.0, 1.0, 0.0, 0.0, 0.875, 0.0, 0.0, 1.0, 0.0, 0.8889, 0.0, 0.0, 1.0, 0.0, 0.0, 0.5, 0.0, 1.0, 0.0, 0.0, 1.0, 0.0909, 0.0, 0.0, 0.0, 1.0, 0.0, 0.0, 1.0, 0.0, 0.0, 0.0, 0.0, 0.9, 0.0, 0.0, 1.0, 0.25, 0.0, 0.0, 0.0, 0.8, 0.0, 0.0, 0.8571, 1.0, 0.0, 0.0, 0.0, 0.8571, 0.0, 0.0, 0.3333, 0.25, 0.0, 0.0, 0.0, 0.8571, 0.0, 0.0, 0.0, 0.0, 0.0, 0.0, 0.0, 0.8889, 0.0, 0.0, 0.0, 0.4444, 0.0, 0.0, 0.0, 1.0, 0.0, 0.0, 0.0, 0.0, 0.0, 0.0, 0.0, 0.8, 0.0, 0.0, 0.7273, 0.0, 0.0, 0.0, 0.0, 1.0, 0.0, 0.0, 0.9375, 0.0, 0.0, 0.0, 0.0, 0.6667, 0.0, 0.0, 0.6667, 0.0, 0.0, 0.0, 0.0, 1.0, 0.0, 0.0, 0.8333, 0.0, 0.0, 0.0, 0.0, 0.875, 0.0, 0.0, 1.0, 0.0, 0.0, 0.0, 0.0, 0.875, 0.0, 0.0, 0.75, 0.0, 0.0, 0.0, 0.0, 0.875, 0.0, 0.0, 0.8571, 0.0, 1.0, 0.0, 0.2, 1.0, 0.0, 0.0, 1.0, 0.0, 1.0, 0.0, 0.7, 1.0, 0.0, 0.1667, 1.0]"
cluster,12,cluster,0.292,0.292,0.292,0.0,29,True,584,0,264,1152,0,"[0.05, 0.074, 0.0985, 0.1215, 0.1425, 0.161, 0.176, 0.1885, 0.199, 0.213, 0.2225, 0.2295, 0.238, 0.246, 0.251, 0.256, 0.259, 0.2625, 0.266, 0.2685, 0.2695, 0.271, 0.2745, 0.2765, 0.28, 0.2835, 0.287, 0.29, 0.292, 0.292, 0.292, 0.292, 0.292, 0.292, 0.292, 0.292, 0.292, 0.292, 0.292, 0.292, 0.292, 0.292, 0.292, 0.292, 0.292, 0.292, 0.292, 0.292, 0.292, 0.292, 0.292, 0.292, 0.292, 0.292, 0.292, 0.292, 0.292, 0.292, 0.292, 0.292, 0.292, 0.292, 0.292, 0.292, 0.292, 0.292, 0.292, 0.292, 0.292, 0.292, 0.292, 0.292, 0.292, 0.292, 0.292, 0.292, 0.292, 0.292, 0.292, 0.292, 0.292, 0.292, 0.292, 0.292, 0.292, 0.292, 0.292, 0.292, 0.292, 0.292, 0.292, 0.292, 0.292, 0.292, 0.292, 0.292, 0.292, 0.292, 0.292, 0.292, 0.292]","{""0"": 0.2915, ""1"": 0.1184, ""2"": 0.2209, ""3"": 0.4394, ""4"": 0.7845, ""5"": 0.2103, ""6"": 0.1299, ""7"": 0.17}","[0.3333, 0.0, 0.0, 0.0, 1.0, 1.0, 0.0, 0.2857, 0.1538, 0.0, 0.0, 0.0, 0.8889, 0.6667, 0.0, 0.0, 0.0, 0.0, 0.0, 0.0, 0.125, 0.3333, 0.0, 0.0, 0.0, 0.0, 0.0, 0.0, 0.1, 0.0, 0.0, 0.0, 0.0, 0.0, 0.0, 0.0, 0.0, 0.1, 0.0, 0.0, 0.0, 0.8462, 0.0, 0.0, 0.0, 0.0, 0.0, 0.0, 0.0, 1.0, 0.0, 0.0, 0.0, 0.8333, 0.0, 0.0, 0.0, 1.0, 0.0, 0.0, 0.0, 0.8571, 0.0, 0.0, 0.0, 0.0, 0.0, 0.0, 0.0, 1.0, 0.0, 0.0, 0.0, 0.0, 0.0, 0.0, 0.0, 0.9167, 0.0, 0.0, 0.0, 0.0, 0.0, 0.0, 0.0, 0.7778, 0.8333, 0.0, 0.0, 0.0, 0.0, 0.0, 0.1111, 1.0, 1.0, 0.0, 0.0, 0.4, 0.0, 0.0, 0.0, 0.7778, 0.75, 0.0, 0.0, 0.2222, 0.0, 0.0, 0.0, 1.0, 0.9091, 0.0, 0.0, 0.6667, 0.0, 0.0, 0.0, 0.8333, 1.0, 0.0, 0.1111, 0.8889, 0.0, 0.0, 0.0, 0.8571, 0.8333, 0.0, 0.2857, 1.0, 0.0, 0.0, 0.0, 1.0, 0.7778, 0.0, 1.0, 0.8, 0.0, 0.0, 0.1667, 0.75, 1.0, 0.0, 0.8333, 0.8, 0.0, 0.0, 0.8571, 0.875, 0.5, 0.0, 1.0, 0.875, 0.0, 0.1, 1.0, 1.0, 0.0, 0.0, 1.0, 0.8571, 0.0, 0.8, 1.0, 0.8889, 0.0, 0.0, 1.0, 0.0, 0.0, 1.0, 0.875, 1.0, 0.0, 0.0, 0.8, 0.0, 1.0, 0.6667, 1.0, 1.0, 0.0, 0.0, 0.0, 0.0, 0.8571, 0.7143, 1.0, 1.0, 0.0, 0.0, 0.0, 0.0, 1.0, 0.9091, 0.7778, 0.75, 0.0, 0.0, 0.0, 0.125, 1.0, 1.0, 0.9, 1.0, 0.2, 0.0, 0.0, 0.0, 0.1667, 0.9286, 0.6667, 1.0, 0.0, 0.0, 0.0, 0.0, 0.0, 0.6667, 0.8, 1.0, 0.0, 1.0, 0.0, 0.0, 0.0, 0.0, 0.9, 1.0, 0.0, 0.8182, 0.0, 0.0, 0.0, 0.0, 1.0, 0.875, 0.0, 0.9231, 0.0, 0.2857, 0.0, 0.0, 1.0, 0.8333, 0.0, 0.25, 0.0, 0.0]"
cluster,13,cluster,0.2735,0.2735,0.2735,0.0,49,True,547,0,303,1150,0,"[0.05, 0.068, 0.085, 0.1015, 0.1175, 0.128, 0.137, 0.1475, 0.1595, 0.1685, 0.178, 0.1875, 0.193, 0.1975, 0.2015, 0.2075, 0.2115, 0.214, 0.216, 0.218, 0.219, 0.2205, 0.2215, 0.2225, 0.2255, 0.233, 0.242, 0.244, 0.246, 0.2495, 0.2515, 0.2525, 0.255, 0.2575, 0.259, 0.2605, 0.261, 0.2615, 0.263, 0.265, 0.2665, 0.2675, 0.2685, 0.269, 0.2695, 0.271, 0.2725, 0.273, 0.2735, 0.2735, 0.2735, 0.2735, 0.2735, 0.2735, 0.2735, 0.2735, 0.2735, 0.2735, 0.2735, 0.2735, 0.2735, 0.2735, 0.2735, 0.2735, 0.2735, 0.2735, 0.2735, 0.2735, 0.2735, 0.2735, 0.2735, 0.2735, 0.2735, 0.2735, 0.2735, 0.2735, 0.2735, 0.2735, 0.2735, 0.2735, 0.2735, 0.2735, 0.2735, 0.2735, 0.2735, 0.2735, 0.2735, 0.2735, 0.2735, 0.2735, 0.2735, 0.2735, 0.2735, 0.2735, 0.2735, 0.2735, 0.2735, 0.2735, 0.2735, 0.2735, 0.2735]","{""0"": 0.5019, ""1"": 0.346, ""2"": 0.6679, ""3"": 0.0085, ""4"": 0.16, ""5"": 0.2072, ""6"": 0.1557, ""7"": 0.1098}","[0.2222, 1.0, 1.0, 0.1429, 0.0, 0.0, 0.0, 0.0, 0.0, 0.5, 0.9, 0.2, 0.0, 0.0, 0.0, 0.0, 0.0, 0.0, 1.0, 1.0, 0.0, 0.0, 0.0, 0.0, 0.0, 0.0, 1.0, 0.9, 0.0, 0.75, 0.0, 0.0, 0.0714, 0.0769, 0.8333, 0.875, 0.0, 1.0, 0.0, 0.0, 0.0, 0.125, 0.1429, 0.8889, 0.1111, 0.0, 0.0, 0.0, 0.0, 0.4, 0.0, 1.0, 0.0, 0.0, 0.0, 0.6667, 0.0, 0.0, 0.0, 1.0, 0.125, 0.0, 0.0, 1.0, 0.0, 0.0, 0.0, 0.625, 0.0, 0.0, 0.0, 0.7778, 0.0, 0.0, 0.0, 0.5714, 0.0, 0.1429, 0.0, 1.0, 0.0, 0.0, 0.0, 0.6667, 0.0, 0.0, 0.0, 0.8, 0.0, 0.25, 0.0, 1.0, 0.0, 0.8333, 0.0, 0.75, 0.125, 0.0, 0.0, 0.75, 0.0, 1.0, 0.1111, 0.0, 0.8889, 0.0, 0.0, 0.875, 0.0, 1.0, 0.7778, 0.0, 1.0, 0.0, 0.0, 0.875, 0.0, 0.5714, 1.0, 0.0, 1.0, 0.2, 0.0, 0.9091, 0.0, 0.0, 1.0, 0.0, 0.7, 0.6, 0.0, 1.0, 0.0, 0.0, 0.9, 0.0, 0.0, 1.0, 0.5714, 0.7143, 0.0, 0.0, 0.875, 0.125, 0.0, 1.0, 1.0, 0.75, 0.0, 0.0, 0.8889, 0.0, 0.0, 0.5, 0.8333, 1.0, 0.0, 0.0, 0.4286, 0.0, 0.0, 1.0, 0.125, 1.0, 0.0, 0.0, 0.1111, 0.0, 0.0, 1.0, 0.0, 1.0, 0.0, 0.0, 0.0, 0.0, 0.0, 0.8571, 0.0, 0.8182, 0.0, 0.0, 0.0, 0.0, 0.0, 0.8889, 0.0, 1.0, 0.0, 0.0, 0.0, 0.0, 0.0, 1.0, 0.0, 0.5714, 0.0, 0.0, 0.0714, 0.0, 0.0, 0.9, 0.0, 0.1667, 0.0, 0.0, 0.0, 0.0, 0.0, 1.0, 0.0, 0.0, 0.0, 0.0, 0.0, 0.0, 0.0, 0.875, 0.8, 0.0, 0.0, 0.0, 0.0, 0.0, 0.0, 0.7, 1.0, 0.0, 0.0, 0.0, 0.0, 0.0, 0.0, 1.0, 0.8889, 0.125, 0.0, 0.0, 0.0, 0.0, 0.0, 1.0, 1.0, 0.0, 0.0, 0.0, 0.0, 0.2222, 0.0, 1.0]"
cluster,14,cluster,0.293,0.293,0.293,-0.0,27,True,586,0,263,1151,0,"[0.05, 0.069, 0.09, 0.1065, 0.1235, 0.1395, 0.1525, 0.168, 0.179, 0.1885, 0.1985, 0.211, 0.219, 0.226, 0.2335, 0.241, 0.25, 0.257, 0.261, 0.268, 0.2725, 0.278, 0.2825, 0.29, 0.291, 0.292, 0.293, 0.293, 0.293, 0.293, 0.293, 0.293, 0.293, 0.293, 0.293, 0.293, 0.293, 0.293, 0.293, 0.293, 0.293, 0.293, 0.293, 0.293, 0.293, 0.293, 0.293, 0.293, 0.293, 0.293, 0.293, 0.293, 0.293, 0.293, 0.293, 0.293, 0.293, 0.293, 0.293, 0.293, 0.293, 0.293, 0.293, 0.293, 0.293, 0.293, 0.293, 0.293, 0.293, 0.293, 0.293, 0.293, 0.293, 0.293, 0.293, 0.293, 0.293, 0.293, 0.293, 0.293, 0.293, 0.293, 0.293, 0.293, 0.293, 0.293, 0.293, 0.293, 0.293, 0.293, 0.293, 0.293, 0.293, 0.293, 0.293, 0.293, 0.293, 0.293, 0.293, 0.293, 0.293]","{""0"": 0.4073, ""1"": 0.5125, ""2"": 0.0318, ""3"": 0.0805, ""4"": 0.0413, ""5"": 0.6803, ""6"": 0.4008, ""7"": 0.2068}","[0.5556, 0.8, 0.0, 0.0, 0.0, 0.0, 0.0, 1.0, 0.0, 1.0, 0.0, 0.0909, 0.0, 0.0, 0.2, 1.0, 0.0, 1.0, 0.0, 0.0, 0.0, 0.0, 0.0, 1.0, 0.0, 0.8, 0.0, 0.4, 0.0, 0.0, 0.875, 1.0, 0.5, 1.0, 0.0, 0.1111, 0.0, 0.0, 0.8571, 0.6667, 0.8889, 0.875, 0.0, 0.125, 0.0, 0.0, 0.875, 0.0, 1.0, 0.75, 0.0, 0.0, 0.0, 0.0, 0.875, 0.0, 1.0, 0.875, 0.0, 0.0, 0.0, 0.0, 0.75, 0.1667, 1.0, 1.0, 0.0, 0.1667, 0.0, 0.0, 0.8889, 0.0, 1.0, 0.8571, 0.0, 0.1, 0.0, 0.0, 0.8889, 0.1429, 1.0, 0.1, 0.0, 0.0, 0.0, 0.0, 1.0, 0.0, 0.0, 0.0, 0.0, 0.0, 0.0, 0.0, 0.8571, 0.0, 0.0, 0.0, 0.75, 0.0, 0.0, 0.0, 0.8889, 0.0, 0.0, 0.0, 0.9091, 0.0, 0.0, 0.0, 0.9, 0.0, 0.0, 0.0, 0.875, 0.0, 0.0, 0.0, 1.0, 0.0, 0.0, 0.0, 0.8, 0.0, 0.0, 0.0, 0.8571, 0.0, 0.0, 0.0, 0.8571, 0.0, 0.0, 0.0, 1.0, 0.0, 0.0, 0.2, 1.0, 0.0, 0.0, 0.0, 1.0, 0.0, 0.0, 0.0, 0.6667, 0.0, 0.1111, 0.0, 1.0, 0.0, 0.0, 0.0, 1.0, 0.0, 1.0, 0.0, 1.0, 0.0, 0.0, 0.0, 0.7778, 0.0, 0.4444, 0.0, 0.75, 0.0, 0.0, 0.0, 1.0, 0.0, 0.0, 0.0, 0.875, 0.0, 0.0, 0.0, 1.0, 0.0, 0.0, 0.0, 1.0, 0.25, 0.0, 0.3333, 0.9231, 0.0, 0.0, 0.5, 0.8333, 0.7143, 0.0, 0.0, 1.0, 0.0, 0.0, 1.0, 0.8571, 1.0, 0.0, 0.0, 1.0, 0.0, 0.0, 0.0, 0.75, 1.0, 0.0, 0.0, 0.8571, 0.0, 0.0, 0.0, 0.0, 0.8, 0.0, 0.0, 1.0, 0.0, 0.0, 0.0, 0.0, 1.0, 0.0, 1.0, 0.75, 0.0, 0.0, 0.0, 0.0, 0.875, 0.0, 0.8333, 1.0, 0.0, 0.1429, 0.0, 0.0, 0.9091, 0.0, 1.0, 0.0, 0.0, 0.2, 0.3333, 0.0, 0.8, 0.0, 1.0]"
cluster,15,cluster,0.23,0.23,0.23,-0.0,29,True,460,0,275,1265,0,"[0.05, 0.0655, 0.08, 0.0955, 0.111, 0.122, 0.133, 0.1395, 0.1485, 0.1565, 0.1625, 0.1675, 0.1725, 0.178, 0.18, 0.184, 0.1885, 0.1915, 0.196, 0.2005, 0.205, 0.209, 0.213, 0.2175, 0.222, 0.225, 0.228, 0.2295, 0.23, 0.23, 0.23, 0.23, 0.23, 0.23, 0.23, 0.23, 0.23, 0.23, 0.23, 0.23, 0.23, 0.23, 0.23, 0.23, 0.23, 0.23, 0.23, 0.23, 0.23, 0.23, 0.23, 0.23, 0.23, 0.23, 0.23, 0.23, 0.23, 0.23, 0.23, 0.23, 0.23, 0.23, 0.23, 0.23, 0.23, 0.23, 0.23, 0.23, 0.23, 0.23, 0.23, 0.23, 0.23, 0.23, 0.23, 0.23, 0.23, 0.23, 0.23, 0.23, 0.23, 0.23, 0.23, 0.23, 0.23, 0.23, 0.23, 0.23, 0.23, 0.23, 0.23, 0.23, 0.23, 0.23, 0.23, 0.23, 0.23, 0.23, 0.23, 0.23, 0.23]","{""0"": 0.046, ""1"": 0.6286, ""2"": 0.5985, ""3"": 0.0, ""4"": 0.2365, ""5"": 0.1708, ""6"": 0.0044, ""7"": 0.119}","[0.3333, 0.0, 0.7143, 0.5, 0.0, 0.0, 0.0, 0.0, 0.0, 0.0, 1.0, 0.0, 0.0, 0.0, 0.0, 0.0, 0.0, 0.0, 0.6667, 0.0, 0.0, 0.0, 0.0, 0.0, 0.0, 0.0, 1.0, 0.0, 0.0, 0.1111, 0.0, 0.0, 0.0, 0.0, 1.0, 0.0, 0.0, 0.0, 0.0, 0.0, 0.0, 0.0, 0.8, 0.0, 0.0, 0.0, 0.0, 0.0, 0.0, 0.0, 0.6667, 0.0, 0.0, 0.0, 0.0, 0.0, 0.0769, 0.0, 0.9231, 0.1111, 0.0, 0.0, 0.0, 0.0, 0.0, 0.0, 1.0, 0.0, 0.0, 0.0, 0.0, 0.0, 0.0, 0.0, 0.875, 0.0833, 0.0, 0.0, 0.0, 0.0, 0.0, 0.0, 0.75, 0.125, 0.0, 0.0, 0.0, 0.0, 0.0, 0.0, 0.0, 0.8571, 0.0, 0.0, 0.0, 0.0, 0.0, 1.0, 0.0, 0.7, 0.0, 0.0, 0.0, 0.0, 0.0, 0.5, 0.0, 0.8889, 0.0, 0.0, 0.0, 0.0, 0.0, 0.0, 0.0, 0.9, 0.0, 1.0, 0.0, 0.0, 0.0, 0.0, 0.0, 1.0, 0.0, 1.0, 0.0769, 0.2, 0.0, 0.0, 0.0, 0.8182, 0.0, 0.875, 0.9, 0.0, 0.0, 0.0, 0.7143, 1.0, 0.0, 1.0, 0.9091, 0.0, 0.0, 0.0, 0.7143, 0.8182, 0.0, 1.0, 0.75, 0.0, 0.0, 0.0, 0.875, 1.0, 0.0, 1.0, 0.8571, 0.0, 0.0, 0.0, 0.7143, 0.7692, 0.0, 0.7778, 1.0, 0.0, 0.0, 0.0, 1.0, 0.9167, 0.0, 0.8333, 0.8, 0.0, 0.0, 0.0, 1.0, 1.0, 0.0, 0.2, 0.0, 0.0, 0.0, 0.0, 1.0, 1.0, 0.0, 0.0, 0.0, 0.0, 0.0, 0.0, 0.875, 1.0, 0.0, 0.0, 0.0, 0.0, 0.0, 0.0, 0.9, 1.0, 0.0, 0.0, 0.0, 0.0, 0.1, 0.0, 1.0, 0.6667, 0.0, 0.0, 0.0, 0.0, 1.0, 0.0, 1.0, 0.8571, 0.0, 0.0, 0.0, 0.0, 1.0, 0.0, 0.8333, 0.6667, 0.0, 0.0, 0.0, 0.0, 0.8333, 0.0, 0.0, 0.8333, 0.0, 0.0, 0.0, 0.0, 0.5714, 0.0, 0.0, 1.0, 0.0, 0.0, 0.0, 0.0, 0.0, 0.0]"
cluster,16,cluster,0.185,0.185,0.185,0.0,21,True,370,0,307,1323,0,"[0.05, 0.0635, 0.077, 0.093, 0.105, 0.1145, 0.1265, 0.1335, 0.14, 0.1475, 0.154, 0.1635, 0.1695, 0.1725, 0.1755, 0.1775, 0.1805, 0.1815, 0.1825, 0.1835, 0.185, 0.185, 0.185, 0.185, 0.185, 0.185, 0.185, 0.185, 0.185, 0.185, 0.185, 0.185, 0.185, 0.185, 0.185, 0.185, 0.185, 0.185, 0.185, 0.185, 0.185, 0.185, 0.185, 0.185, 0.185, 0.185, 0.185, 0.185, 0.185, 0.185, 0.185, 0.185, 0.185, 0.185, 0.185, 0.185, 0.185, 0.185, 0.185, 0.185, 0.185, 0.185, 0.185, 0.185, 0.185, 0.185, 0.185, 0.185, 0.185, 0.185, 0.185, 0.185, 0.185, 0.185, 0.185, 0.185, 0.185, 0.185, 0.185, 0.185, 0.185, 0.185, 0.185, 0.185, 0.185, 0.185, 0.185, 0.185, 0.185, 0.185, 0.185, 0.185, 0.185, 0.185, 0.185, 0.185, 0.185, 0.185, 0.185, 0.185, 0.185]","{""0"": 0.2024, ""1"": 0.2075, ""2"": 0.3723, ""3"": 0.1467, ""4"": 0.0, ""5"": 0.0722, ""6"": 0.2114, ""7"": 0.284}","[0.3333, 0.0, 1.0, 0.8333, 1.0, 0.0, 1.0, 0.0, 0.7143, 0.0, 1.0, 0.2857, 0.0, 0.0, 1.0, 0.0, 0.9, 0.0, 0.75, 0.1, 0.0, 0.0, 0.3333, 0.0, 0.6, 0.0, 0.8333, 0.0, 0.0, 0.0, 0.0, 0.0, 0.7273, 0.0, 1.0, 0.0, 0.0, 0.0, 0.0, 0.0, 0.9, 0.0, 0.8, 0.0, 0.0, 0.0, 0.0, 0.0, 0.6667, 0.0, 0.8182, 0.0, 0.0, 0.0, 0.0, 0.0, 0.0, 0.0, 0.0, 0.0, 0.0, 0.0, 0.0, 0.0, 0.1111, 0.0, 0.125, 0.0, 0.0, 0.0, 0.0, 0.0, 0.0, 0.0, 0.0, 0.0, 0.0, 0.0, 0.0, 0.0, 0.0, 0.0, 0.0, 0.0, 0.0, 0.0, 0.0, 0.0, 0.0, 0.0, 0.0, 0.0, 0.0, 0.0, 0.0, 0.0, 0.0, 0.0, 0.0, 0.0, 0.0, 0.0, 0.0, 0.75, 0.0, 0.0, 0.0, 0.0, 0.0, 0.0, 0.0, 1.0, 0.0, 0.0, 0.0, 0.0, 0.0, 0.0, 0.1429, 0.6667, 0.0, 0.0, 0.0, 0.0, 0.0, 0.0, 0.1111, 0.875, 0.0, 0.0, 0.0, 0.0, 0.125, 0.0, 0.0, 0.8333, 0.0, 0.0, 0.0, 0.0, 0.0, 0.0, 0.0, 0.625, 0.0, 0.0, 0.0, 0.2, 0.0, 0.0, 0.0, 1.0, 0.0, 1.0, 0.0, 0.1, 1.0, 0.0, 0.0, 1.0, 0.0, 1.0, 0.0, 0.7143, 0.0909, 0.0, 0.0, 0.0, 0.0, 0.7778, 0.0, 0.8889, 0.0, 0.0, 0.1429, 0.0, 0.0, 0.875, 0.0, 1.0, 0.0, 0.0, 0.0, 0.0, 0.0, 1.0, 0.0, 0.6667, 0.0, 0.0, 0.0, 0.0, 0.0, 1.0, 0.0, 0.8889, 0.0, 0.0, 0.0, 0.0, 0.1667, 1.0, 0.0, 0.8889, 0.0, 0.0, 0.0, 0.0, 0.8889, 0.0, 0.0, 0.8571, 0.0, 0.0, 0.0, 0.0, 0.0, 0.0, 0.0, 1.0, 0.0, 0.0, 0.0, 0.0, 0.7143, 0.0, 0.0, 1.0, 0.0, 0.0, 0.0, 0.0, 1.0, 0.0, 0.0, 1.0, 0.8, 0.0, 0.0, 0.0, 0.6667, 0.0, 0.1429, 0.8, 1.0, 0.0, 0.125, 0.0, 0.6667, 0.0]"
cluster,17,cluster,0.258,0.258,0.258,0.0,29,True,516,0,254,1230,0,"[0.05, 0.063, 0.079, 0.0925, 0.107, 0.1205, 0.134, 0.144, 0.1505, 0.159, 0.17, 0.183, 0.194, 0.203, 0.209, 0.2125, 0.216, 0.2195, 0.2245, 0.231, 0.2335, 0.236, 0.239, 0.2435, 0.2485, 0.253, 0.255, 0.2565, 0.258, 0.258, 0.258, 0.258, 0.258, 0.258, 0.258, 0.258, 0.258, 0.258, 0.258, 0.258, 0.258, 0.258, 0.258, 0.258, 0.258, 0.258, 0.258, 0.258, 0.258, 0.258, 0.258, 0.258, 0.258, 0.258, 0.258, 0.258, 0.258, 0.258, 0.258, 0.258, 0.258, 0.258, 0.258, 0.258, 0.258, 0.258, 0.258, 0.258, 0.258, 0.258, 0.258, 0.258, 0.258, 0.258, 0.258, 0.258, 0.258, 0.258, 0.258, 0.258, 0.258, 0.258, 0.258, 0.258, 0.258, 0.258, 0.258, 0.258, 0.258, 0.258, 0.258, 0.258, 0.258, 0.258, 0.258, 0.258, 0.258, 0.258, 0.258, 0.258, 0.258]","{""0"": 0.3918, ""1"": 0.3278, ""2"": 0.849, ""3"": 0.1042, ""4"": 0.3394, ""5"": 0.0, ""6"": 0.0544, ""7"": 0.0076}","[0.3333, 0.0, 0.0, 0.5714, 0.0, 0.0, 0.0, 0.0, 0.0, 0.0, 1.0, 0.5714, 0.0, 0.1111, 0.0, 0.0, 0.0, 0.0, 1.0, 0.7273, 0.0, 1.0, 0.0, 0.0, 0.0, 0.0, 0.0, 0.75, 0.0, 0.1, 0.0, 0.0, 0.0, 0.125, 0.7778, 1.0, 0.0, 0.0, 0.0, 0.0, 0.0, 0.2, 0.6364, 0.875, 0.0, 0.0, 0.0, 0.0, 0.0, 0.0, 1.0, 0.75, 0.0, 0.0, 0.0, 0.0, 0.0, 0.0, 0.8571, 1.0, 0.0, 0.0, 0.0, 0.1429, 0.0, 0.0, 1.0, 1.0, 0.125, 0.0, 0.0, 1.0, 0.0, 0.0, 1.0, 0.875, 0.0, 0.0, 0.0, 0.0, 0.0, 0.0, 0.75, 0.75, 0.0, 0.0, 0.0, 0.0, 0.0, 0.75, 1.0, 0.8571, 0.0, 0.0, 0.0, 0.0, 0.0, 0.8571, 0.2857, 0.8889, 0.0, 0.0, 0.0, 0.0, 0.0, 1.0, 0.0, 1.0, 0.0, 0.0, 0.0, 0.0, 0.0, 1.0, 0.0, 0.8333, 0.0, 0.0, 0.0, 0.0, 0.0, 0.5, 0.0, 1.0, 0.0, 0.0, 0.0, 0.0, 0.0, 0.8571, 0.0, 0.9167, 0.0, 0.0, 0.0, 0.0, 0.0, 0.7778, 0.0, 1.0, 0.0, 0.0, 0.0, 0.0, 0.0, 1.0, 0.0, 0.8333, 0.0, 0.0, 0.0, 0.0, 0.0, 1.0, 1.0, 1.0, 0.0, 0.25, 0.0, 0.0, 0.0, 1.0, 1.0, 0.6667, 0.0, 0.8, 0.0, 0.0, 0.0, 0.6, 0.1111, 0.9091, 0.0, 0.7857, 0.0, 0.0, 0.25, 0.1111, 0.0, 0.8333, 0.0, 1.0, 0.0, 0.125, 0.0, 0.0, 0.0, 0.8, 0.1429, 0.8824, 0.0, 0.0, 0.0, 0.0, 0.0, 0.8889, 0.0, 0.8, 0.0, 0.0, 0.0, 0.0, 0.0, 1.0, 0.25, 0.875, 0.0, 0.0, 0.0, 0.0, 0.0, 0.9091, 0.0, 1.0, 0.0, 0.0, 0.0, 0.7143, 0.0, 0.75, 0.1429, 1.0, 0.0, 0.0, 0.0, 1.0, 0.0, 1.0, 1.0, 1.0, 0.0, 0.0, 0.0, 1.0, 0.1429, 0.8571, 1.0, 0.0, 0.0, 0.0, 0.0, 1.0, 0.2222, 0.5, 1.0, 0.0, 0.0, 0.0, 0.0, 0.5714]"
cluster,18,cluster,0.2905,0.2905,0.2905,0.0,36,True,581,0,277,1142,0,"[0.05, 0.0695, 0.0915, 0.1155, 0.1345, 0.1475, 0.1595, 0.169, 0.1785, 0.1885, 0.199, 0.208, 0.217, 0.2225, 0.228, 0.2325, 0.236, 0.2385, 0.2405, 0.2425, 0.2455, 0.247, 0.249, 0.2515, 0.2545, 0.2585, 0.2625, 0.264, 0.267, 0.272, 0.277, 0.2805, 0.2845, 0.288, 0.2895, 0.2905, 0.2905, 0.2905, 0.2905, 0.2905, 0.2905, 0.2905, 0.2905, 0.2905, 0.2905, 0.2905, 0.2905, 0.2905, 0.2905, 0.2905, 0.2905, 0.2905, 0.2905, 0.2905, 0.2905, 0.2905, 0.2905, 0.2905, 0.2905, 0.2905, 0.2905, 0.2905, 0.2905, 0.2905, 0.2905, 0.2905, 0.2905, 0.2905, 0.2905, 0.2905, 0.2905, 0.2905, 0.2905, 0.2905, 0.2905, 0.2905, 0.2905, 0.2905, 0.2905, 0.2905, 0.2905, 0.2905, 0.2905, 0.2905, 0.2905, 0.2905, 0.2905, 0.2905, 0.2905, 0.2905, 0.2905, 0.2905, 0.2905, 0.2905, 0.2905, 0.2905, 0.2905, 0.2905, 0.2905, 0.2905, 0.2905]","{""0"": 0.2077, ""1"": 0.2863, ""2"": 0.3112, ""3"": 0.1021, ""4"": 0.5432, ""5"": 0.4023, ""6"": 0.013, ""7"": 0.4191}","[0.5556, 0.0, 0.0, 0.0, 0.0, 1.0, 1.0, 0.0, 0.0, 0.0, 0.0, 0.0, 0.0, 1.0, 1.0, 0.0, 0.0, 0.0, 0.1429, 0.0, 0.0, 1.0, 0.8333, 0.0, 0.0, 0.1111, 0.0, 0.8, 0.0, 1.0, 0.9231, 0.0, 0.0, 0.8571, 0.0, 0.7143, 0.0, 1.0, 1.0, 0.0, 0.0, 0.8, 0.0, 1.0, 0.0, 0.8571, 0.8889, 0.0, 1.0, 0.8571, 0.0, 1.0, 0.0833, 0.6, 0.0909, 0.6, 0.9091, 1.0, 0.0, 0.75, 0.0, 1.0, 0.0, 0.0, 0.875, 0.875, 0.1, 0.8, 0.0769, 1.0, 0.0, 0.0, 1.0, 0.0, 0.0, 1.0, 0.0, 0.8333, 0.0, 0.0, 0.875, 0.0, 0.0, 0.25, 0.0, 1.0, 0.0, 0.0, 0.7273, 0.0, 0.0, 0.0, 0.0, 1.0, 0.0, 0.0, 1.0, 0.0, 0.0, 0.0, 0.0, 0.2857, 0.0, 0.0, 0.875, 0.0, 0.0, 0.0, 0.0, 0.0, 0.0, 0.0, 0.8889, 0.0, 0.0769, 0.0, 0.0, 0.0, 0.0, 0.0, 0.8182, 0.0, 1.0, 0.0, 0.0, 0.0, 0.0, 0.0, 1.0, 0.0, 0.8571, 0.0, 0.0, 0.0, 0.0, 0.0, 0.75, 0.0, 0.875, 0.0, 0.0, 0.0, 0.0, 0.0, 0.7778, 0.0, 1.0, 0.0, 0.0, 0.0, 0.0, 0.0, 0.0, 0.0, 0.7778, 0.7778, 0.0, 0.0, 0.0, 0.0, 0.1538, 0.0, 0.8, 1.0, 0.0, 0.0909, 0.0, 0.0, 0.0, 0.9091, 0.9, 0.8571, 0.0, 0.0, 0.1667, 0.0, 0.0, 0.75, 1.0, 0.7143, 0.1111, 0.0, 0.7, 0.0, 0.0, 0.4, 0.75, 0.0, 0.0, 0.8333, 0.6667, 0.0, 0.0, 0.0, 0.0, 0.0, 0.0, 0.8571, 1.0, 0.0, 0.0, 0.0, 0.0, 0.0, 1.0, 0.8, 0.7, 0.0, 0.0, 0.0, 0.0, 0.0, 1.0, 0.7778, 0.8333, 0.0, 0.0, 0.0, 0.0, 0.0, 1.0, 0.8571, 0.6667, 0.0, 0.0, 0.0, 0.0, 0.0, 0.6667, 1.0, 0.875, 0.0, 0.0, 0.0, 0.0, 0.0, 0.0, 1.0, 1.0, 0.0, 0.0, 0.0, 0.0, 0.0, 0.0, 1.0, 0.8571, 0.0, 0.0, 0.1111]"
cluster,19,cluster,0.355,0.355,0.355,0.0,28,True,710,0,275,1015,0,"[0.05, 0.0725, 0.099, 0.12, 0.139, 0.155, 0.1705, 0.1885, 0.207, 0.2215, 0.2335, 0.246, 0.257, 0.2665, 0.2735, 0.2835, 0.292, 0.3025, 0.3135, 0.3195, 0.3275, 0.337, 0.342, 0.3475, 0.35, 0.3525, 0.354, 0.355, 0.355, 0.355, 0.355, 0.355, 0.355, 0.355, 0.355, 0.355, 0.355, 0.355, 0.355, 0.355, 0.355, 0.355, 0.355, 0.355, 0.355, 0.355, 0.355, 0.355, 0.355, 0.355, 0.355, 0.355, 0.355, 0.355, 0.355, 0.355, 0.355, 0.355, 0.355, 0.355, 0.355, 0.355, 0.355, 0.355, 0.355, 0.355, 0.355, 0.355, 0.355, 0.355, 0.355, 0.355, 0.355, 0.355, 0.355, 0.355, 0.355, 0.355, 0.355, 0.355, 0.355, 0.355, 0.355, 0.355, 0.355, 0.355, 0.355, 0.355, 0.355, 0.355, 0.355, 0.355, 0.355, 0.355, 0.355, 0.355, 0.355, 0.355, 0.355, 0.355, 0.355]","{""0"": 0.1423, ""1"": 0.6567, ""2"": 0.2937, ""3"": 0.0123, ""4"": 0.3918, ""5"": 0.2776, ""6"": 0.5109, ""7"": 0.5736}","[0.5556, 0.0, 1.0, 0.0, 0.1667, 0.875, 0.0, 0.0, 0.0, 0.0, 1.0, 0.0, 0.0, 1.0, 0.0, 0.0, 0.0, 0.0769, 0.6667, 1.0, 0.0, 1.0, 0.0, 0.0, 0.0, 0.0, 1.0, 0.75, 0.0, 1.0, 0.0, 0.0, 0.0, 0.0, 0.8571, 1.0, 0.0, 0.8, 0.0, 0.0, 0.0, 0.0, 0.7778, 0.8889, 0.0, 1.0, 0.6667, 0.0, 0.1818, 0.0, 0.9, 0.8333, 0.0, 0.8889, 1.0, 0.0, 0.2222, 0.0, 0.9, 1.0, 0.0, 0.8889, 1.0, 0.1429, 0.75, 0.0, 1.0, 1.0, 0.0, 0.8571, 0.8889, 1.0, 0.875, 0.0, 0.8, 1.0, 0.0, 0.7143, 1.0, 0.75, 1.0, 0.0, 0.875, 1.0, 0.0, 1.0, 0.8333, 1.0, 0.7778, 0.0, 1.0, 0.75, 0.0, 0.8333, 1.0, 1.0, 1.0, 0.0, 1.0, 0.2, 0.0, 0.8571, 1.0, 1.0, 1.0, 0.0, 0.6667, 0.0, 0.0, 0.8, 1.0, 0.7143, 0.8571, 0.0, 0.8333, 0.0, 0.0, 0.0, 1.0, 0.75, 0.8571, 0.0, 0.875, 0.0, 0.0, 0.0, 0.0, 0.8571, 1.0, 0.6667, 0.625, 0.0, 0.0, 0.0, 0.0, 0.8571, 0.75, 0.7273, 1.0, 0.0, 0.0, 0.0, 0.0, 1.0, 0.75, 1.0, 0.8333, 0.0, 0.0, 0.0, 0.0, 1.0, 1.0, 0.875, 0.7778, 0.0, 0.0, 0.0, 0.0, 0.8889, 0.875, 0.8571, 0.0, 0.0, 0.0, 0.0, 0.0, 0.7273, 1.0, 0.6667, 0.0, 0.0, 0.0, 0.0, 0.1, 1.0, 0.9167, 0.0833, 0.1429, 0.0, 0.0, 0.0, 0.0, 0.7143, 0.8889, 0.0, 0.7143, 0.0, 0.0, 0.0, 0.0, 0.6667, 0.8333, 0.0, 0.1538, 0.1429, 0.0, 0.0, 0.0, 1.0, 1.0, 0.0, 0.0, 0.0, 0.0, 0.0, 0.0, 0.6667, 0.8, 0.0, 0.0, 0.0, 0.0, 0.0, 0.0, 0.0, 0.1429, 0.0, 0.3333, 0.0, 0.0, 0.0, 0.0, 0.0, 0.2857, 0.0, 1.0, 0.0, 0.0, 0.0, 0.0, 0.0, 0.0, 0.0, 0.75, 0.0, 0.0, 0.0, 0.0, 0.0, 0.2, 0.0, 0.75, 0.0, 0.125, 0.8889, 0.0, 0.0, 0.1, 0.0]"
line_manager_first,0,line_manager_first,0.5655,0.5655,0.5655,0.0,31,True,1131,0,287,582,0,"[0.05, 0.0695, 0.088, 0.1105, 0.132, 0.16, 0.1965, 0.2395, 0.284, 0.3185, 0.3485, 0.381, 0.409, 0.4335, 0.4535, 0.475, 0.4895, 0.505, 0.5185, 0.526, 0.5335, 0.539, 0.5435, 0.5455, 0.5475, 0.5505, 0.554, 0.5585, 0.562, 0.5645, 0.5655, 0.5655, 0.5655, 0.5655, 0.5655, 0.5655, 0.5655, 0.5655, 0.5655, 0.5655, 0.5655, 0.5655, 0.5655, 0.5655, 0.5655, 0.5655, 0.5655, 0.5655, 0.5655, 0.5655, 0.5655, 0.5655, 0.5655, 0.5655, 0.5655, 0.5655, 0.5655, 0.5655, 0.5655, 0.5655, 0.5655, 0.5655, 0.5655, 0.5655, 0.5655, 0.5655, 0.5655, 0.5655, 0.5655, 0.5655, 0.5655, 0.5655, 0.5655, 0.5655, 0.5655, 0.5655, 0.5655, 0.5655, 0.5655, 0.5655, 0.5655, 0.5655, 0.5655, 0.5655, 0.5655, 0.5655, 0.5655, 0.5655, 0.5655, 0.5655, 0.5655, 0.5655, 0.5655, 0.5655, 0.5655, 0.5655, 0.5655, 0.5655, 0.5655, 0.5655, 0.5655]","{""0"": 0.2885, ""1"": 0.6932, ""2"": 0.575, ""3"": 0.5936, ""4"": 0.5107, ""5"": 0.281, ""6"": 0.8692, ""7"": 0.6803}","[0.8889, 0.0, 0.8333, 1.0, 0.75, 1.0, 0.25, 0.8889, 0.9, 0.1429, 1.0, 1.0, 0.625, 0.7778, 0.0, 0.875, 0.9, 0.0, 1.0, 0.8, 0.8, 1.0, 0.1667, 1.0, 1.0, 0.2, 0.75, 1.0, 1.0, 1.0, 0.0, 1.0, 1.0, 0.2, 1.0, 1.0, 0.9091, 0.9375, 0.0, 0.9091, 0.9, 0.0, 1.0, 1.0, 0.8, 0.9, 1.0, 1.0, 0.875, 0.0, 0.9091, 0.8182, 0.125, 1.0, 0.8333, 0.7778, 0.8333, 0.25, 0.7273, 0.8889, 0.0, 0.75, 0.3333, 1.0, 0.8889, 0.0, 0.0, 1.0, 0.0, 1.0, 0.2, 1.0, 0.5, 0.1111, 0.1429, 0.2, 0.0, 0.75, 0.0769, 1.0, 0.875, 0.0, 0.1667, 0.0, 0.1429, 0.8333, 0.0, 0.875, 1.0, 0.125, 0.0, 0.0, 0.1, 0.625, 0.0, 0.75, 1.0, 0.1667, 0.1, 0.2, 0.2857, 0.625, 0.0, 1.0, 0.6667, 0.1, 0.3333, 0.0, 0.0833, 0.6, 0.0, 0.5556, 0.0, 0.0, 0.8333, 0.125, 0.625, 1.0, 0.0, 1.0, 0.0, 0.0, 0.4, 0.0769, 0.75, 0.75, 0.0, 0.875, 0.0, 0.0, 1.0, 0.1111, 1.0, 0.7143, 0.7, 0.6667, 0.1, 0.0, 0.8889, 0.0, 0.8333, 0.0, 1.0, 0.8182, 0.0, 0.1429, 0.8889, 0.875, 1.0, 0.0, 0.9167, 0.625, 1.0, 0.0, 0.8571, 0.7143, 0.8182, 0.0, 0.8889, 0.8889, 0.8, 0.7273, 0.75, 1.0, 0.6667, 0.1111, 0.875, 0.8, 0.8182, 0.875, 0.8571, 0.7143, 1.0, 0.0, 1.0, 0.8889, 0.6667, 1.0, 0.8571, 0.8, 1.0, 0.1667, 0.6, 0.8571, 0.8571, 0.8333, 1.0, 1.0, 1.0, 0.0, 0.0909, 0.875, 1.0, 1.0, 0.625, 0.8, 0.75, 0.0, 0.0, 0.75, 0.75, 1.0, 0.6667, 0.6667, 0.2857, 0.0, 0.0909, 0.8889, 0.8182, 1.0, 1.0, 1.0, 0.0, 0.0, 0.0, 0.9, 0.8333, 0.8, 1.0, 0.875, 0.7143, 0.0, 0.0, 0.8333, 0.6, 0.8333, 1.0, 1.0, 0.9, 0.2857, 0.0, 0.875, 1.0, 0.0, 1.0, 0.7778, 0.8889, 0.2, 0.0, 0.8889, 0.9, 0.0, 0.7143, 0.6667, 0.75, 0.2, 0.4286, 0.8333, 0.6, 0.125]"
line_manager_first,1,line_manager_first,0.516,0.516,0.516,0.0,48,True,1032,0,289,679,0,"[0.05, 0.0755, 0.102, 0.1265, 0.1485, 0.1725, 0.198, 0.2235, 0.2465, 0.2745, 0.2955, 0.3155, 0.3325, 0.3425, 0.3525, 0.3635, 0.3775, 0.392, 0.408, 0.423, 0.4315, 0.4395, 0.446, 0.4535, 0.4625, 0.466, 0.468, 0.471, 0.475, 0.478, 0.4815, 0.486, 0.4895, 0.4935, 0.4945, 0.496, 0.499, 0.5015, 0.5025, 0.503, 0.5045, 0.506, 0.5065, 0.5075, 0.509, 0.5115, 0.515, 0.516, 0.516, 0.516, 0.516, 0.516, 0.516, 0.516, 0.516, 0.516, 0.516, 0.516, 0.516, 0.516, 0.516, 0.516, 0.516, 0.516, 0.516, 0.516, 0.516, 0.516, 0.516, 0.516, 0.516, 0.516, 0.516, 0.516, 0.516, 0.516, 0.516, 0.516, 0.516, 0.516, 0.516, 0.516, 0.516, 0.516, 0.516, 0.516, 0.516, 0.516, 0.516, 0.516, 0.516, 0.516, 0.516, 0.516, 0.516, 0.516, 0.516, 0.516, 0.516, 0.516, 0.516]","{""0"": 0.0775, ""1"": 0.1179, ""2"": 0.6203, ""3"": 0.7319, ""4"": 0.8906, ""5"": 0.834, ""6"": 0.188, ""7"": 0.6638}","[0.8889, 0.0, 0.0, 1.0, 1.0, 0.7, 1.0, 0.0, 0.8571, 0.0, 0.1429, 0.875, 0.7778, 0.875, 0.7143, 0.0, 0.625, 0.125, 0.1429, 0.7778, 0.9167, 1.0, 0.9091, 0.0, 0.8333, 0.0, 0.0909, 1.0, 0.875, 1.0, 0.8462, 0.2857, 0.75, 0.0, 0.1, 1.0, 0.875, 0.8333, 0.6, 0.0, 1.0, 0.0, 0.0, 0.8571, 0.6667, 0.9333, 0.75, 0.125, 0.7143, 0.1667, 0.0, 0.8571, 0.7, 0.75, 0.75, 0.0, 0.75, 0.0, 0.0, 0.8, 0.9, 0.8889, 0.7143, 0.1667, 0.8571, 0.0, 0.0, 0.8333, 0.9, 1.0, 0.8889, 0.0, 0.8571, 0.0, 0.0, 0.75, 0.625, 0.8, 0.5, 0.1111, 0.875, 0.0, 0.1667, 0.7143, 0.8571, 0.6667, 1.0, 0.0, 0.6667, 0.1111, 0.25, 0.8333, 0.8333, 0.8889, 0.8333, 0.0, 0.0, 0.0, 0.0909, 1.0, 1.0, 0.9231, 0.8333, 0.0, 0.0, 0.0, 0.1, 1.0, 0.7778, 0.8889, 0.875, 0.0, 0.1429, 0.2, 0.0, 1.0, 0.7273, 1.0, 0.75, 0.3333, 0.1429, 0.1429, 0.0, 1.0, 0.8, 0.7143, 0.8333, 0.7, 0.0, 0.0, 0.0, 0.875, 0.6667, 1.0, 1.0, 0.0714, 0.0, 0.4, 0.0, 1.0, 0.8889, 0.9, 0.8333, 0.25, 0.1111, 0.0, 0.75, 0.8, 0.0833, 1.0, 0.7778, 0.2857, 0.1429, 0.1111, 0.6667, 1.0, 0.0, 0.7143, 1.0, 0.0, 1.0, 0.0833, 0.9, 0.875, 0.0, 1.0, 0.6, 0.7143, 0.8333, 0.6667, 0.75, 1.0, 1.0, 0.8, 1.0, 0.8333, 0.8, 0.1111, 0.0, 0.0, 1.0, 1.0, 1.0, 0.8, 1.0, 0.125, 0.0, 0.0, 0.7143, 0.8571, 0.8333, 0.8889, 0.8889, 0.0, 0.0, 0.0, 0.6667, 0.8889, 0.8571, 0.0833, 0.7778, 0.0, 0.0, 0.0, 1.0, 1.0, 0.5714, 0.0, 0.8333, 0.0, 0.1, 0.0, 0.8889, 1.0, 0.8333, 0.0, 0.8889, 0.1667, 0.0, 0.0, 1.0, 1.0, 0.7, 0.125, 1.0, 0.0, 0.0, 0.0, 0.8333, 1.0, 0.8571, 0.0, 0.8333, 0.0, 0.0, 0.0, 0.8333, 0.875, 1.0, 0.0, 0.75, 0.0, 0.0, 0.1111, 1.0, 0.7778, 0.8571, 0.375, 1.0, 0.0769]"
line_manager_first,2,line_manager_first,0.5875,0.5875,0.5875,-0.0,35,True,1175,0,289,536,0,"[0.05, 0.071, 0.091, 0.1165, 0.145, 0.1735, 0.206, 0.239, 0.27, 0.2945, 0.3135, 0.328, 0.346, 0.3655, 0.3835, 0.4, 0.422, 0.4415, 0.4505, 0.4635, 0.477, 0.4875, 0.4985, 0.508, 0.517, 0.526, 0.5375, 0.546, 0.5575, 0.5675, 0.574, 0.5775, 0.5835, 0.5865, 0.5875, 0.5875, 0.5875, 0.5875, 0.5875, 0.5875, 0.5875, 0.5875, 0.5875, 0.5875, 0.5875, 0.5875, 0.5875, 0.5875, 0.5875, 0.5875, 0.5875, 0.5875, 0.5875, 0.5875, 0.5875, 0.5875, 0.5875, 0.5875, 0.5875, 0.5875, 0.5875, 0.5875, 0.5875, 0.5875, 0.5875, 0.5875, 0.5875, 0.5875, 0.5875, 0.5875, 0.5875, 0.5875, 0.5875, 0.5875, 0.5875, 0.5875, 0.5875, 0.5875, 0.5875, 0.5875, 0.5875, 0.5875, 0.5875, 0.5875, 0.5875, 0.5875, 0.5875, 0.5875, 0.5875, 0.5875, 0.5875, 0.5875, 0.5875, 0.5875, 0.5875, 0.5875, 0.5875, 0.5875, 0.5875, 0.5875, 0.5875]","{""0"": 0.5823, ""1"": 0.7918, ""2"": 0.6885, ""3"": 0.432, ""4"": 0.7412, ""5"": 0.7138, ""6"": 0.0954, ""7"": 0.624}","[0.7778, 0.0, 0.3333, 1.0, 0.0, 1.0, 0.125, 0.3333, 1.0, 0.1111, 0.8571, 0.8, 0.0, 0.875, 0.1111, 0.0, 0.8571, 0.5, 0.8333, 0.8333, 0.0, 0.8333, 0.0, 0.0, 1.0, 1.0, 0.6667, 1.0, 0.0, 1.0, 0.0, 0.0, 0.7778, 0.875, 0.9091, 0.8571, 0.0, 0.6667, 0.25, 0.1111, 1.0, 0.8571, 0.75, 0.75, 0.0, 0.9, 0.875, 0.2, 1.0, 0.8571, 0.6667, 0.75, 0.75, 0.8333, 0.7778, 0.1429, 0.8333, 0.9167, 1.0, 0.9333, 0.75, 0.8889, 1.0, 0.0, 1.0, 1.0, 0.9, 0.8571, 1.0, 0.7692, 0.8889, 0.0, 1.0, 0.875, 0.8333, 0.9, 1.0, 0.5556, 0.875, 0.0, 0.8571, 1.0, 0.5, 1.0, 0.625, 0.8182, 0.9, 0.0, 0.5714, 1.0, 1.0, 0.875, 0.75, 1.0, 0.8571, 0.1667, 0.0, 0.7143, 1.0, 0.8182, 0.7778, 0.8, 1.0, 0.0, 0.125, 0.875, 1.0, 0.8571, 0.8571, 1.0, 0.8571, 0.0, 0.0, 1.0, 0.6667, 0.8, 1.0, 0.8571, 0.8667, 0.1111, 0.0, 0.875, 1.0, 0.7778, 0.625, 0.9, 1.0, 1.0, 0.1, 0.7143, 1.0, 0.7, 0.9, 1.0, 1.0, 0.1667, 0.1429, 0.8333, 0.6667, 0.7778, 0.8333, 0.8, 0.4, 0.0, 0.0667, 1.0, 0.4, 0.1429, 0.8889, 0.0, 0.8571, 0.2, 0.0, 0.8333, 1.0, 0.1, 0.75, 0.2, 1.0, 0.1429, 1.0, 1.0, 0.8462, 0.0, 0.8571, 0.0, 1.0, 0.1, 1.0, 0.8, 0.875, 0.4286, 0.875, 0.3333, 0.6364, 0.0, 1.0, 0.7143, 0.8571, 0.0, 1.0, 0.0833, 0.875, 0.0, 1.0, 0.5, 0.8333, 0.0, 0.0, 0.875, 0.9, 0.2, 0.8571, 0.0, 0.6667, 0.0, 0.0, 1.0, 1.0, 0.1, 0.8571, 0.0, 0.9, 0.875, 0.0, 0.875, 0.9, 0.1429, 1.0, 0.0, 1.0, 0.8889, 0.1111, 1.0, 0.8889, 0.0, 0.7273, 0.0, 0.9231, 0.8, 0.0, 1.0, 1.0, 0.0, 0.9, 0.0833, 1.0, 1.0, 0.0, 0.9091, 0.8, 0.1, 0.8333, 0.0, 0.6667, 0.9231, 0.0, 0.8, 0.0909, 0.1111, 0.8333, 0.0, 0.0, 1.0, 0.0, 0.8333, 0.0, 0.1429, 0.875, 0.0]"
line_manager_first,3,line_manager_first,0.6125,0.6125,0.6125,0.0,44,True,1225,0,275,500,0,"[0.05, 0.07, 0.09, 0.119, 0.155, 0.186, 0.221, 0.2505, 0.288, 0.326, 0.358, 0.3835, 0.4015, 0.413, 0.4255, 0.443, 0.4635, 0.484, 0.5015, 0.5185, 0.5285, 0.5385, 0.551, 0.56, 0.5655, 0.5705, 0.5775, 0.5815, 0.5835, 0.586, 0.5865, 0.587, 0.588, 0.5895, 0.5925, 0.5935, 0.595, 0.598, 0.601, 0.6025, 0.606, 0.61, 0.612, 0.6125, 0.6125, 0.6125, 0.6125, 0.6125, 0.6125, 0.6125, 0.6125, 0.6125, 0.6125, 0.6125, 0.6125, 0.6125, 0.6125, 0.6125, 0.6125, 0.6125, 0.6125, 0.6125, 0.6125, 0.6125, 0.6125, 0.6125, 0.6125, 0.6125, 0.6125, 0.6125, 0.6125, 0.6125, 0.6125, 0.6125, 0.6125, 0.6125, 0.6125, 0.6125, 0.6125, 0.6125, 0.6125, 0.6125, 0.6125, 0.6125, 0.6125, 0.6125, 0.6125, 0.6125, 0.6125, 0.6125, 0.6125, 0.6125, 0.6125, 0.6125, 0.6125, 0.6125, 0.6125, 0.6125, 0.6125, 0.6125, 0.6125]","{""0"": 0.8833, ""1"": 0.5429, ""2"": 0.6848, ""3"": 0.6955, ""4"": 0.056, ""5"": 0.5938, ""6"": 0.589, ""7"": 0.8952}","[0.7778, 0.8889, 0.0, 0.7273, 0.0, 0.0, 0.8571, 0.75, 0.9231, 0.7857, 0.0, 0.8889, 0.125, 0.0, 0.8333, 0.8, 1.0, 0.8571, 0.1, 0.875, 0.8889, 0.1667, 0.8889, 0.8333, 0.8571, 0.75, 0.1333, 0.75, 0.8333, 0.0, 0.8571, 0.875, 0.7857, 1.0, 0.0, 0.8571, 1.0, 0.1111, 0.9091, 0.875, 1.0, 0.8889, 0.0, 0.0, 1.0, 0.0, 0.8333, 1.0, 0.8571, 0.7778, 0.0, 0.0, 0.5714, 0.1111, 1.0, 0.7778, 0.8571, 0.8571, 0.5714, 0.0, 0.8333, 0.0833, 0.6667, 0.8, 1.0, 1.0, 0.7143, 0.0769, 0.8571, 0.0, 0.9091, 0.3333, 0.8571, 0.9, 0.875, 0.1, 1.0, 0.0, 0.8571, 0.0909, 0.6667, 1.0, 1.0, 0.0, 1.0, 0.125, 0.8333, 0.0, 0.8889, 0.6667, 1.0, 0.1111, 0.8571, 0.0769, 1.0, 0.0, 1.0, 0.7143, 0.9, 1.0, 0.9091, 0.0, 0.6667, 0.0, 1.0, 1.0, 0.75, 1.0, 0.9, 0.0, 0.8571, 0.0, 0.8571, 1.0, 0.8889, 1.0, 0.7143, 0.0, 0.5, 0.0, 0.9091, 0.7778, 0.8333, 0.9, 0.8462, 0.125, 0.75, 0.0, 1.0, 1.0, 0.9167, 0.8571, 1.0, 0.0, 1.0, 0.0, 1.0, 1.0, 0.8, 0.875, 1.0, 0.0, 0.8571, 0.125, 1.0, 0.625, 1.0, 0.8889, 1.0, 0.0, 0.8333, 0.8, 1.0, 1.0, 0.875, 1.0, 0.8889, 0.2, 0.875, 0.8, 0.7143, 0.7143, 0.7778, 1.0, 1.0, 0.0, 0.6667, 0.8333, 0.875, 0.75, 1.0, 0.8571, 0.0, 0.1111, 0.0, 0.8, 0.875, 1.0, 1.0, 0.8571, 0.0, 0.0, 0.0833, 0.5, 0.9, 0.9, 1.0, 0.875, 0.0, 0.125, 0.0, 0.8, 1.0, 1.0, 0.6667, 0.875, 0.2222, 0.1429, 0.2, 0.8889, 1.0, 0.8571, 0.8333, 0.6667, 0.0, 0.4, 0.0, 0.7778, 0.6667, 1.0, 0.125, 0.7692, 0.6667, 0.1429, 0.0, 1.0, 1.0, 1.0, 0.125, 1.0, 1.0, 0.0, 0.4286, 1.0, 0.8571, 0.8889, 0.1111, 0.8889, 1.0, 0.2, 0.0, 1.0, 1.0, 1.0, 0.0, 0.9, 0.8333, 0.0, 0.0, 0.7778, 0.8333, 1.0, 0.0, 1.0, 0.5, 0.0, 0.8, 0.7, 0.7692, 1.0]"
line_manager_first,4,line_manager_first,0.49,0.49,0.49,-0.0,43,True,980,0,291,729,0,"[0.05, 0.0695, 0.086, 0.1035, 0.1245, 0.1505, 0.1795, 0.2115, 0.2355, 0.264, 0.288, 0.3075, 0.3325, 0.3575, 0.375, 0.3905, 0.408, 0.423, 0.4295, 0.434, 0.439, 0.446, 0.449, 0.4515, 0.4545, 0.4575, 0.461, 0.463, 0.465, 0.4665, 0.468, 0.4695, 0.4705, 0.4715, 0.473, 0.476, 0.478, 0.4815, 0.4825, 0.4855, 0.488, 0.4895, 0.49, 0.49, 0.49, 0.49, 0.49, 0.49, 0.49, 0.49, 0.49, 0.49, 0.49, 0.49, 0.49, 0.49, 0.49, 0.49, 0.49, 0.49, 0.49, 0.49, 0.49, 0.49, 0.49, 0.49, 0.49, 0.49, 0.49, 0.49, 0.49, 0.49, 0.49, 0.49, 0.49, 0.49, 0.49, 0.49, 0.49, 0.49, 0.49, 0.49, 0.49, 0.49, 0.49, 0.49, 0.49, 0.49, 0.49, 0.49, 0.49, 0.49, 0.49, 0.49, 0.49, 0.49, 0.49, 0.49, 0.49, 0.49, 0.49]","{""0"": 0.5529, ""1"": 0.3831, ""2"": 0.0486, ""3"": 0.8386, ""4"": 0.502, ""5"": 0.5533, ""6"": 0.7137, ""7"": 0.3189}","[0.8889, 1.0, 0.0, 0.0, 1.0, 0.6667, 0.6667, 0.0833, 0.1429, 0.875, 0.0, 0.1429, 0.7778, 0.6667, 0.8571, 0.75, 0.2, 0.8, 0.0, 0.0, 1.0, 1.0, 0.6667, 1.0, 0.0, 0.0, 1.0, 0.0, 0.8571, 0.75, 0.0, 0.6667, 0.1111, 0.1, 1.0, 0.1, 0.7778, 0.0, 0.0, 1.0, 0.0, 0.0, 1.0, 0.125, 1.0, 0.0, 0.0, 1.0, 0.0, 0.1111, 0.1818, 0.1111, 1.0, 0.0, 0.0, 0.8571, 0.1429, 0.125, 0.0, 0.0, 1.0, 0.0, 0.2, 0.8571, 0.0833, 0.125, 0.0, 0.1667, 0.7778, 0.8182, 0.1667, 1.0, 0.1429, 0.1818, 0.25, 0.2857, 0.8571, 0.8571, 0.0, 0.8, 0.1429, 0.1, 0.125, 0.0, 0.9, 0.8182, 0.0, 0.7, 0.1818, 0.0, 0.3333, 0.0909, 0.7143, 0.9, 0.0, 1.0, 0.6667, 0.0, 0.0, 0.0909, 1.0, 0.9167, 0.25, 1.0, 0.7778, 0.0, 0.875, 0.0, 1.0, 0.75, 1.0, 1.0, 0.9091, 0.625, 0.8333, 0.0, 0.8, 1.0, 0.9, 1.0, 0.7778, 0.8571, 1.0, 0.0, 0.9, 0.8889, 0.8333, 1.0, 0.875, 1.0, 0.9, 0.0, 0.7143, 0.6, 1.0, 0.625, 0.8, 1.0, 1.0, 0.0, 0.6, 0.75, 1.0, 0.875, 1.0, 0.7778, 0.8, 0.0, 0.7, 0.8571, 0.8333, 0.8571, 1.0, 1.0, 1.0, 0.1429, 0.875, 0.4, 0.8333, 1.0, 1.0, 0.625, 0.7778, 0.2, 0.9, 0.0, 0.8571, 1.0, 0.7778, 0.4, 0.625, 0.0, 0.6, 0.0909, 0.875, 0.7778, 0.0, 1.0, 0.125, 0.0, 0.8333, 0.0, 0.9, 0.75, 0.0, 0.75, 0.0, 0.1667, 0.8889, 0.0, 1.0, 0.9, 0.0, 1.0, 0.0714, 0.0, 0.8, 0.0, 0.75, 0.8, 0.0, 1.0, 0.0, 0.0, 0.8333, 0.0, 0.0, 0.8889, 0.0, 1.0, 0.2, 0.0, 0.5455, 0.2, 0.6, 0.0, 0.0, 0.8571, 0.0, 0.0, 0.8333, 0.875, 1.0, 0.0, 0.1429, 1.0, 0.0, 0.0, 0.75, 0.8333, 0.75, 0.0, 0.0, 0.7778, 0.0, 0.0, 1.0, 1.0, 1.0, 0.0, 0.0, 0.8889, 0.0, 0.0, 0.75, 0.4, 0.625, 0.1667, 0.1111, 1.0]"
line_manager_first,5,line_manager_first,0.566,0.566,0.566,0.0,88,True,1132,0,290,578,0,"[0.05, 0.068, 0.079, 0.094, 0.1195, 0.146, 0.1695, 0.194, 0.216, 0.2375, 0.258, 0.2735, 0.285, 0.297, 0.306, 0.3165, 0.325, 0.33, 0.3385, 0.3495, 0.357, 0.364, 0.3685, 0.3725, 0.3735, 0.3745, 0.3755, 0.3795, 0.3845, 0.391, 0.4005, 0.409, 0.4145, 0.4205, 0.425, 0.427, 0.428, 0.429, 0.4295, 0.431, 0.4325, 0.434, 0.4345, 0.4365, 0.439, 0.4405, 0.442, 0.443, 0.444, 0.4455, 0.4475, 0.449, 0.4515, 0.454, 0.4575, 0.4615, 0.4625, 0.4645, 0.4685, 0.474, 0.477, 0.4815, 0.49, 0.497, 0.5035, 0.5115, 0.518, 0.522, 0.5275, 0.534, 0.537, 0.5395, 0.542, 0.5445, 0.5465, 0.5475, 0.5495, 0.551, 0.553, 0.5545, 0.5565, 0.558, 0.5595, 0.5605, 0.562, 0.563, 0.564, 0.566, 0.566, 0.566, 0.566, 0.566, 0.566, 0.566, 0.566, 0.566, 0.566, 0.566, 0.566, 0.566, 0.566]","{""0"": 0.8521, ""1"": 0.3105, ""2"": 0.4846, ""3"": 0.8471, ""4"": 0.59, ""5"": 0.8548, ""6"": 0.5574, ""7"": 0.0392}","[0.6667, 0.7778, 1.0, 0.0, 0.75, 0.1667, 0.8333, 0.0, 0.0, 0.8333, 1.0, 0.7778, 1.0, 0.25, 0.8571, 0.0, 0.1, 1.0, 0.9333, 0.875, 1.0, 0.0, 0.625, 0.1429, 0.0, 0.8182, 0.6667, 0.7143, 1.0, 0.1538, 0.9, 0.0, 0.0, 1.0, 0.0, 0.7778, 1.0, 0.8571, 0.7778, 0.0833, 0.0, 1.0, 0.0, 1.0, 0.8182, 1.0, 1.0, 0.0, 0.0, 0.8, 0.0, 1.0, 0.6667, 0.9091, 0.7143, 0.1111, 0.0, 0.4, 0.0, 1.0, 0.7143, 0.8462, 1.0, 0.125, 0.0, 0.75, 1.0, 1.0, 0.875, 0.875, 1.0, 0.125, 0.1429, 1.0, 1.0, 0.7692, 0.8571, 0.8889, 0.875, 0.0, 0.0, 0.8571, 0.8, 0.7, 0.8, 0.6667, 1.0, 0.3333, 0.0833, 0.8571, 0.6667, 0.7143, 1.0, 1.0, 0.75, 1.0, 0.125, 1.0, 0.1667, 0.1667, 1.0, 0.875, 0.75, 1.0, 0.0, 0.7143, 0.1111, 0.0, 0.875, 0.7778, 0.875, 0.7143, 0.0, 1.0, 0.0, 0.1111, 0.8889, 1.0, 0.875, 0.875, 0.1429, 1.0, 0.0, 0.1429, 1.0, 0.6667, 0.8333, 0.8889, 0.0, 0.8333, 0.0, 0.0, 0.5833, 0.8889, 0.75, 0.875, 0.0, 0.7143, 0.0, 0.2, 0.6667, 0.875, 0.9091, 1.0, 0.0, 0.875, 0.0, 0.1111, 0.875, 0.8, 0.8333, 0.75, 0.0, 0.8333, 0.0, 0.1111, 0.7143, 0.8333, 0.7143, 0.8182, 0.1429, 0.9091, 0.0, 0.0, 0.7273, 1.0, 1.0, 0.8571, 0.0, 1.0, 0.1429, 0.0, 0.8889, 0.8, 1.0, 1.0, 0.2, 0.7273, 0.3333, 0.3333, 0.9, 0.8, 1.0, 1.0, 0.0, 0.8571, 0.0, 0.8571, 0.7143, 0.75, 0.75, 0.75, 0.0, 0.7778, 0.0, 0.5, 1.0, 0.375, 0.5714, 0.8571, 0.0, 0.8571, 0.0833, 0.8571, 0.875, 0.125, 0.75, 0.75, 0.0, 1.0, 0.0, 0.875, 0.75, 0.5, 0.8571, 1.0, 0.0, 0.8571, 0.1, 1.0, 0.8571, 0.0, 0.7692, 0.5714, 0.1429, 0.8889, 0.0, 0.6667, 0.8889, 0.125, 1.0, 0.9167, 0.0, 0.8333, 0.3333, 0.0, 0.7778, 0.0, 1.0, 1.0, 0.0, 0.5714, 0.6667, 0.1, 1.0, 0.1111, 1.0, 0.3333, 0.2, 0.8333]"
line_manager_first,6,line_manager_first,0.801,0.801,0.801,0.0,75,True,1602,0,280,118,0,"[0.05, 0.072, 0.095, 0.121, 0.1525, 0.1815, 0.208, 0.235, 0.2615, 0.282, 0.3055, 0.3325, 0.35, 0.371, 0.3975, 0.4225, 0.4435, 0.4585, 0.472, 0.4855, 0.4995, 0.515, 0.533, 0.5475, 0.56, 0.575, 0.591, 0.6035, 0.6145, 0.6225, 0.628, 0.634, 0.6395, 0.643, 0.6455, 0.6505, 0.6545, 0.6575, 0.6605, 0.6615, 0.662, 0.6625, 0.6635, 0.666, 0.668, 0.67, 0.6715, 0.6745, 0.68, 0.6855, 0.691, 0.6975, 0.705, 0.7165, 0.7245, 0.7305, 0.7375, 0.7445, 0.7495, 0.757, 0.763, 0.7685, 0.771, 0.775, 0.7765, 0.778, 0.779, 0.7815, 0.7835, 0.7865, 0.7895, 0.7925, 0.7965, 0.7995, 0.801, 0.801, 0.801, 0.801, 0.801, 0.801, 0.801, 0.801, 0.801, 0.801, 0.801, 0.801, 0.801, 0.801, 0.801, 0.801, 0.801, 0.801, 0.801, 0.801, 0.801, 0.801, 0.801, 0.801, 0.801, 0.801, 0.801]","{""0"": 0.8868, ""1"": 0.8606, ""2"": 0.8788, ""3"": 0.7531, ""4"": 0.8675, ""5"": 0.8269, ""6"": 0.8445, ""7"": 0.4498}","[1.0, 0.8, 1.0, 0.8571, 0.7143, 1.0, 0.6667, 1.0, 0.0, 1.0, 0.8333, 1.0, 0.875, 0.875, 1.0, 1.0, 0.0, 1.0, 0.625, 0.8333, 1.0, 1.0, 0.8333, 0.7143, 0.1667, 1.0, 0.8889, 1.0, 0.7143, 1.0, 0.8462, 1.0, 0.0, 1.0, 0.8889, 0.75, 1.0, 0.875, 0.8, 0.7143, 0.125, 0.7778, 0.8571, 0.9091, 1.0, 0.6667, 0.6667, 0.8, 0.0, 0.8333, 1.0, 0.9, 1.0, 0.875, 1.0, 1.0, 0.0, 0.8889, 1.0, 0.8333, 0.875, 0.9286, 0.8889, 0.875, 0.0, 0.75, 0.8462, 1.0, 0.8333, 1.0, 0.5714, 0.875, 0.3333, 1.0, 0.8333, 0.8571, 0.75, 0.8333, 1.0, 0.7778, 1.0, 0.875, 0.6, 0.75, 0.875, 0.7143, 1.0, 0.8, 0.8889, 0.6, 1.0, 1.0, 0.8571, 0.9091, 0.8571, 0.8571, 1.0, 1.0, 0.9, 0.7778, 0.7, 0.7143, 0.6667, 0.8571, 0.8, 0.8571, 0.9091, 0.9, 1.0, 0.8333, 0.875, 0.8, 0.8333, 0.9091, 0.875, 1.0, 0.8571, 0.875, 0.6667, 1.0, 0.8333, 1.0, 1.0, 1.0, 0.7, 1.0, 0.9, 0.8571, 0.9, 0.9, 1.0, 0.7, 1.0, 1.0, 0.8571, 0.8333, 0.625, 0.8333, 1.0, 0.875, 0.9, 0.875, 0.875, 1.0, 1.0, 0.9, 0.75, 0.8182, 0.8571, 0.8571, 0.75, 0.7778, 1.0, 1.0, 0.7778, 0.6667, 0.1667, 0.625, 0.9167, 0.8333, 1.0, 0.8182, 1.0, 1.0, 0.0, 0.8889, 0.7273, 0.8, 0.7778, 0.8571, 0.875, 1.0, 0.0, 1.0, 0.8182, 0.875, 0.5, 1.0, 0.625, 1.0, 0.0, 0.8333, 1.0, 0.75, 0.875, 0.75, 0.75, 0.8333, 0.0, 0.8571, 0.7143, 0.9091, 0.6667, 1.0, 0.7273, 1.0, 0.7143, 0.7143, 0.9091, 1.0, 0.8333, 0.75, 0.7778, 0.8571, 1.0, 0.8, 0.7778, 1.0, 0.1667, 0.8333, 0.7143, 0.8182, 1.0, 1.0, 1.0, 0.8333, 0.0, 1.0, 0.7778, 1.0, 0.8571, 0.7143, 0.8, 0.9, 0.1667, 0.7143, 1.0, 1.0, 1.0, 1.0, 0.9091, 0.8182, 0.0, 0.9, 0.75, 0.8182, 0.875, 0.7, 0.5714, 0.7, 0.0, 0.7778, 1.0, 0.75, 0.25, 0.8, 0.6667, 0.4286, 0.1667, 0.875]"
line_manager_first,7,line_manager_first,0.6255,0.6255,0.6255,0.0,40,True,1251,0,269,480,0,"[0.05, 0.0655, 0.0765, 0.0865, 0.1015, 0.1195, 0.1355, 0.1555, 0.174, 0.186, 0.1945, 0.2085, 0.2305, 0.2465, 0.263, 0.2825, 0.3045, 0.327, 0.353, 0.376, 0.3955, 0.417, 0.436, 0.448, 0.4585, 0.4685, 0.4755, 0.4835, 0.49, 0.4995, 0.5115, 0.53, 0.548, 0.5615, 0.58, 0.5905, 0.604, 0.617, 0.6245, 0.6255, 0.6255, 0.6255, 0.6255, 0.6255, 0.6255, 0.6255, 0.6255, 0.6255, 0.6255, 0.6255, 0.6255, 0.6255, 0.6255, 0.6255, 0.6255, 0.6255, 0.6255, 0.6255, 0.6255, 0.6255, 0.6255, 0.6255, 0.6255, 0.6255, 0.6255, 0.6255, 0.6255, 0.6255, 0.6255, 0.6255, 0.6255, 0.6255, 0.6255, 0.6255, 0.6255, 0.6255, 0.6255, 0.6255, 0.6255, 0.6255, 0.6255, 0.6255, 0.6255, 0.6255, 0.6255, 0.6255, 0.6255, 0.6255, 0.6255, 0.6255, 0.6255, 0.6255, 0.6255, 0.6255, 0.6255, 0.6255, 0.6255, 0.6255, 0.6255, 0.6255, 0.6255]","{""0"": 0.0602, ""1"": 0.7934, ""2"": 0.8782, ""3"": 0.5613, ""4"": 0.9, ""5"": 0.0756, ""6"": 0.8672, ""7"": 0.8835}","[0.6667, 0.0, 1.0, 1.0, 0.8333, 1.0, 0.2857, 0.8571, 0.8889, 0.0, 0.6667, 0.875, 0.0, 0.75, 0.1111, 0.9, 0.8462, 0.1, 0.5556, 1.0, 0.0, 1.0, 0.2857, 0.7, 1.0, 0.1111, 1.0, 0.6667, 0.0909, 0.7143, 0.0, 0.875, 1.0, 0.0, 0.8, 0.6, 0.25, 0.7143, 0.25, 0.875, 0.8333, 0.2222, 1.0, 0.3333, 0.0, 0.75, 0.0, 0.7778, 0.8889, 0.2, 1.0, 0.8889, 0.1111, 0.875, 0.0, 1.0, 1.0, 0.2857, 0.875, 0.8333, 0.0, 0.8462, 0.0, 0.8333, 1.0, 0.0, 0.8571, 0.8571, 0.1111, 1.0, 0.0, 0.75, 0.9286, 0.0, 0.8571, 0.9, 0.0, 1.0, 0.0, 0.9091, 0.8889, 0.0, 0.8, 0.9, 0.0, 1.0, 0.1, 0.7778, 0.6667, 0.0, 0.875, 1.0, 0.1667, 0.9, 0.125, 0.8182, 1.0, 0.0, 1.0, 0.875, 0.0, 0.75, 0.0, 0.8333, 0.75, 0.0, 0.5, 0.75, 1.0, 1.0, 0.0, 1.0, 0.5455, 0.0, 0.9, 1.0, 0.9091, 1.0, 0.2, 0.75, 0.9091, 0.0, 0.8333, 0.8, 0.8571, 0.9, 0.25, 1.0, 0.8182, 0.0, 0.8333, 1.0, 0.8889, 1.0, 0.25, 1.0, 1.0, 0.1667, 1.0, 1.0, 0.625, 1.0, 0.0, 1.0, 0.9, 0.2222, 1.0, 0.7778, 1.0, 0.7143, 0.0, 0.6667, 1.0, 0.1111, 0.8571, 0.875, 1.0, 1.0, 0.0909, 1.0, 0.875, 0.0, 0.8, 0.8571, 0.8889, 0.75, 0.0, 1.0, 0.8571, 0.0, 1.0, 0.7143, 0.75, 1.0, 0.0, 0.7778, 1.0, 0.1667, 0.8571, 0.8, 1.0, 0.7143, 0.125, 0.7, 0.5556, 0.0, 0.9, 1.0, 0.8571, 1.0, 0.0, 0.8333, 1.0, 0.0, 0.8571, 1.0, 1.0, 1.0, 0.0, 0.8, 1.0, 0.1667, 0.8571, 1.0, 1.0, 1.0, 0.0, 0.9231, 1.0, 0.0, 0.1429, 0.8333, 0.8333, 1.0, 0.0, 1.0, 0.8571, 0.0, 0.125, 1.0, 0.8889, 0.6, 0.1, 0.875, 1.0, 0.125, 0.0, 1.0, 0.875, 1.0, 0.0, 1.0, 0.6667, 0.1111, 0.8571, 0.8333, 0.8333, 1.0, 0.2, 0.8, 0.8889, 0.0, 1.0, 1.0, 1.0, 0.75, 0.0, 1.0, 1.0, 0.0909]"
line_manager_first,8,line_manager_first,0.4175,0.4175,0.4175,0.0,49,True,835,0,301,864,0,"[0.05, 0.069, 0.09, 0.1095, 0.132, 0.1565, 0.183, 0.2075, 0.228, 0.242, 0.2535, 0.268, 0.283, 0.2925, 0.301, 0.311, 0.323, 0.3355, 0.344, 0.347, 0.3515, 0.3565, 0.3575, 0.358, 0.359, 0.3615, 0.3635, 0.366, 0.3695, 0.372, 0.374, 0.375, 0.3765, 0.38, 0.3825, 0.386, 0.3905, 0.3955, 0.399, 0.4005, 0.4025, 0.4055, 0.407, 0.4095, 0.411, 0.413, 0.4145, 0.4165, 0.4175, 0.4175, 0.4175, 0.4175, 0.4175, 0.4175, 0.4175, 0.4175, 0.4175, 0.4175, 0.4175, 0.4175, 0.4175, 0.4175, 0.4175, 0.4175, 0.4175, 0.4175, 0.4175, 0.4175, 0.4175, 0.4175, 0.4175, 0.4175, 0.4175, 0.4175, 0.4175, 0.4175, 0.4175, 0.4175, 0.4175, 0.4175, 0.4175, 0.4175, 0.4175, 0.4175, 0.4175, 0.4175, 0.4175, 0.4175, 0.4175, 0.4175, 0.4175, 0.4175, 0.4175, 0.4175, 0.4175, 0.4175, 0.4175, 0.4175, 0.4175, 0.4175, 0.4175]","{""0"": 0.0815, ""1"": 0.0586, ""2"": 0.775, ""3"": 0.2881, ""4"": 0.5697, ""5"": 0.39, ""6"": 0.4646, ""7"": 0.6431}","[0.5556, 0.0, 0.1429, 0.875, 0.0, 0.8571, 0.9, 0.8, 0.6, 0.0, 0.0, 0.8182, 0.0, 0.9091, 0.8, 0.8333, 0.8571, 0.0, 0.0, 1.0, 0.0, 0.875, 0.875, 0.8, 1.0, 0.0, 0.0, 1.0, 0.1818, 1.0, 1.0, 0.9091, 1.0, 0.0, 0.0, 1.0, 0.1111, 0.9, 0.8333, 0.5, 0.75, 0.0, 0.0, 0.875, 0.0, 0.9, 0.7143, 0.0, 1.0, 0.125, 0.0, 0.875, 0.0, 1.0, 0.0833, 0.2222, 0.9167, 0.0714, 0.0, 0.8571, 0.4, 1.0, 0.1, 0.0, 0.7778, 0.0, 0.0, 0.9167, 1.0, 0.75, 0.1429, 0.0, 0.75, 0.0, 0.0, 0.7778, 0.75, 1.0, 0.0, 1.0, 0.8889, 0.0, 0.0, 0.9167, 0.9231, 0.8333, 0.0, 0.6667, 1.0, 0.3333, 0.0909, 0.8, 0.8571, 0.75, 0.0, 1.0, 1.0, 0.1111, 0.0, 0.0, 0.7778, 0.8571, 0.0, 0.6667, 0.625, 0.0, 0.0, 0.1111, 0.6, 0.875, 0.0, 0.7143, 0.7143, 0.0, 0.0, 0.125, 1.0, 0.8889, 0.0, 0.6923, 0.7, 0.1429, 0.0, 0.8, 1.0, 0.8571, 0.0, 0.25, 1.0, 0.0, 0.125, 0.8889, 0.5714, 0.875, 0.0, 0.0, 0.7143, 0.0, 0.1, 1.0, 0.1667, 1.0, 0.0, 0.0833, 1.0, 0.6667, 0.2222, 0.875, 0.0, 0.75, 0.1667, 0.0, 0.5556, 0.1429, 0.1429, 1.0, 0.0, 0.1111, 0.1429, 0.0, 0.7143, 0.0, 0.1667, 0.7778, 0.0, 0.0, 0.2, 0.0, 1.0, 0.2, 0.2, 0.8462, 0.1667, 0.1, 0.0, 0.0, 1.0, 0.0, 0.0, 0.6364, 0.0, 0.125, 0.0, 0.0, 1.0, 0.1111, 0.0, 0.75, 0.25, 0.0, 0.0, 0.0833, 0.2222, 0.1111, 0.1, 0.75, 0.1111, 0.125, 0.8889, 0.2222, 0.0833, 0.0, 0.0, 0.875, 0.0, 0.0, 1.0, 0.875, 0.0, 0.0, 0.0, 1.0, 0.0, 0.0, 0.8571, 0.8333, 0.0, 0.4, 0.1429, 0.8, 0.3333, 0.0, 1.0, 0.8571, 0.0, 0.125, 0.375, 1.0, 0.0, 0.0, 1.0, 0.8, 0.0, 0.0, 0.0, 0.8667, 0.0, 0.0, 0.8333, 0.8889, 0.8571, 0.0, 0.0, 0.7143, 0.1, 0.4286, 1.0, 1.0, 0.5455, 0.1667]"
line_manager_first,9,line_manager_first,0.7275,0.7275,0.7275,0.0,40,True,1455,0,288,257,0,"[0.05, 0.072, 0.0895, 0.11, 0.138, 0.167, 0.196, 0.2235, 0.2605, 0.2965, 0.335, 0.3625, 0.388, 0.411, 0.431, 0.4525, 0.478, 0.4995, 0.525, 0.551, 0.5715, 0.5965, 0.6185, 0.642, 0.6635, 0.678, 0.6865, 0.694, 0.7025, 0.712, 0.7155, 0.719, 0.7225, 0.723, 0.7235, 0.7245, 0.725, 0.7255, 0.726, 0.7275, 0.7275, 0.7275, 0.7275, 0.7275, 0.7275, 0.7275, 0.7275, 0.7275, 0.7275, 0.7275, 0.7275, 0.7275, 0.7275, 0.7275, 0.7275, 0.7275, 0.7275, 0.7275, 0.7275, 0.7275, 0.7275, 0.7275, 0.7275, 0.7275, 0.7275, 0.7275, 0.7275, 0.7275, 0.7275, 0.7275, 0.7275, 0.7275, 0.7275, 0.7275, 0.7275, 0.7275, 0.7275, 0.7275, 0.7275, 0.7275, 0.7275, 0.7275, 0.7275, 0.7275, 0.7275, 0.7275, 0.7275, 0.7275, 0.7275, 0.7275, 0.7275, 0.7275, 0.7275, 0.7275, 0.7275, 0.7275, 0.7275, 0.7275, 0.7275, 0.7275, 0.7275]","{""0"": 0.8492, ""1"": 0.2667, ""2"": 0.8692, ""3"": 0.8656, ""4"": 0.8571, ""5"": 0.7137, ""6"": 0.5703, ""7"": 0.8538}","[0.7778, 1.0, 0.625, 1.0, 1.0, 0.75, 0.8, 0.875, 0.6667, 0.6667, 0.9, 1.0, 1.0, 0.75, 0.8571, 0.8, 1.0, 0.7273, 0.625, 1.0, 1.0, 0.875, 1.0, 0.7778, 1.0, 0.9167, 0.0, 0.8889, 1.0, 0.875, 0.9, 0.875, 1.0, 1.0, 0.1, 0.8571, 0.9, 0.5455, 0.7778, 1.0, 0.8182, 0.8, 0.0, 0.875, 0.7778, 0.8, 1.0, 0.8182, 0.8571, 0.6, 0.0909, 0.7273, 0.6154, 1.0, 1.0, 0.9, 0.875, 0.8571, 0.0, 1.0, 0.8, 0.8571, 0.5556, 1.0, 0.75, 0.7778, 0.0, 0.8889, 0.8, 0.8333, 0.8571, 0.25, 1.0, 0.8333, 0.2, 0.7143, 1.0, 0.9091, 0.125, 0.0, 1.0, 0.875, 0.0909, 0.8889, 0.7778, 1.0, 0.0, 0.0, 0.6154, 1.0, 0.0, 0.8571, 0.75, 1.0, 0.1, 0.125, 0.8, 1.0, 0.0, 0.8889, 1.0, 1.0, 0.0, 0.0, 0.875, 1.0, 0.0, 0.7778, 0.8571, 1.0, 0.2, 0.0, 0.8, 0.8333, 0.1429, 0.4286, 0.9231, 0.8571, 0.8, 0.0, 0.8571, 0.6667, 0.0, 1.0, 0.7692, 0.875, 0.8571, 0.0, 0.8889, 0.7778, 0.0, 1.0, 0.8333, 1.0, 0.7778, 0.0, 0.7143, 0.875, 0.0, 1.0, 0.9, 0.8, 1.0, 0.0, 0.8, 0.8333, 0.0, 0.8571, 0.9, 0.8571, 0.625, 0.0, 0.8, 1.0, 0.0833, 1.0, 1.0, 0.7143, 0.7778, 0.0, 0.7778, 1.0, 0.0, 1.0, 0.8, 0.7778, 1.0, 1.0, 1.0, 0.6667, 0.0909, 1.0, 0.8182, 0.6667, 0.6667, 0.7778, 0.8, 0.7143, 0.1111, 0.7143, 0.8571, 0.8333, 0.8889, 0.9231, 1.0, 0.8889, 0.5714, 1.0, 1.0, 0.8571, 0.75, 0.8889, 0.9, 0.9, 1.0, 0.75, 0.6667, 0.7143, 0.9167, 1.0, 1.0, 0.6667, 1.0, 1.0, 0.8571, 0.8182, 0.5714, 0.8571, 1.0, 0.8889, 1.0, 0.8889, 0.8, 0.9, 0.75, 1.0, 0.7143, 0.8333, 0.625, 0.7143, 0.7143, 0.8571, 1.0, 0.8, 0.8571, 0.8889, 1.0, 0.9231, 1.0, 1.0, 1.0, 0.9, 0.8333, 0.7143, 0.75, 0.625, 1.0, 0.9, 0.75, 0.8571, 1.0, 0.625, 1.0, 0.75, 0.875, 1.0, 0.8333, 1.0, 0.75, 1.0]"
line_manager_first,10,line_manager_first,0.328,0.328,0.328,0.0,18,True,656,0,285,1059,0,"[0.05, 0.068, 0.0875, 0.106, 0.127, 0.152, 0.1795, 0.2075, 0.234, 0.2615, 0.2825, 0.2945, 0.304, 0.3115, 0.3185, 0.3235, 0.327, 0.328, 0.328, 0.328, 0.328, 0.328, 0.328, 0.328, 0.328, 0.328, 0.328, 0.328, 0.328, 0.328, 0.328, 0.328, 0.328, 0.328, 0.328, 0.328, 0.328, 0.328, 0.328, 0.328, 0.328, 0.328, 0.328, 0.328, 0.328, 0.328, 0.328, 0.328, 0.328, 0.328, 0.328, 0.328, 0.328, 0.328, 0.328, 0.328, 0.328, 0.328, 0.328, 0.328, 0.328, 0.328, 0.328, 0.328, 0.328, 0.328, 0.328, 0.328, 0.328, 0.328, 0.328, 0.328, 0.328, 0.328, 0.328, 0.328, 0.328, 0.328, 0.328, 0.328, 0.328, 0.328, 0.328, 0.328, 0.328, 0.328, 0.328, 0.328, 0.328, 0.328, 0.328, 0.328, 0.328, 0.328, 0.328, 0.328, 0.328, 0.328, 0.328, 0.328, 0.328]","{""0"": 0.2162, ""1"": 0.1037, ""2"": 0.8706, ""3"": 0.261, ""4"": 0.3976, ""5"": 0.065, ""6"": 0.0562, ""7"": 0.6295}","[0.6667, 1.0, 0.1111, 0.9091, 0.25, 0.1667, 0.2, 0.0, 0.875, 0.9, 0.125, 0.6923, 0.875, 0.125, 0.125, 0.0, 0.0, 0.0909, 0.625, 0.8667, 0.8182, 0.0, 0.0, 0.0, 0.0, 0.0, 0.1429, 1.0, 1.0, 0.0, 0.0, 0.0, 0.0, 0.0, 0.0, 0.8571, 0.625, 0.0, 0.0, 0.125, 0.0, 0.0, 0.1667, 0.8571, 0.6, 0.0, 0.0, 0.1111, 0.0, 0.4, 0.0, 0.8333, 0.8571, 0.0, 0.1429, 0.1429, 0.1111, 0.1, 0.0, 1.0, 0.8571, 0.0, 0.125, 0.0, 0.2, 0.2, 0.1111, 1.0, 0.8182, 0.0, 0.125, 0.0, 0.0, 0.1111, 0.0, 0.75, 0.75, 0.0, 0.1111, 0.125, 0.7273, 0.0, 0.1667, 0.875, 1.0, 0.0, 0.0, 0.0, 0.5, 0.0, 0.1111, 0.75, 0.1, 0.0, 0.1429, 0.1429, 1.0, 0.0, 0.0, 0.8333, 0.0, 0.75, 0.0, 0.0, 0.75, 0.0, 0.0909, 0.5, 0.0, 0.8, 0.1111, 0.0, 1.0, 0.0, 0.0, 0.625, 0.0, 1.0, 0.0, 0.0, 0.7143, 0.0, 0.0, 1.0, 0.0, 0.6667, 0.0, 0.0, 0.8, 0.0, 0.0, 1.0, 0.0, 0.7778, 0.0, 0.0, 0.75, 0.1429, 0.125, 0.9, 0.0, 1.0, 0.1111, 0.0, 0.8333, 0.0, 0.1111, 0.8571, 0.0, 0.8889, 0.125, 0.0, 0.8889, 0.0, 0.0, 1.0, 0.1111, 0.7143, 0.0, 0.2, 0.75, 0.0, 0.0, 1.0, 0.0, 1.0, 0.1, 0.0909, 1.0, 0.25, 0.0, 0.8571, 0.1429, 0.5714, 0.1429, 0.0, 1.0, 0.0, 0.1429, 0.8, 0.0, 1.0, 0.3333, 0.0, 0.875, 0.0, 0.0, 1.0, 0.0, 0.8889, 0.1, 0.0, 1.0, 0.1, 0.125, 1.0, 0.0, 0.9091, 0.0, 0.1429, 0.875, 0.1, 0.1667, 1.0, 0.2, 0.75, 0.0, 0.1111, 0.8333, 0.125, 0.1, 0.6, 0.0833, 0.8, 0.0, 0.2, 1.0, 0.0, 0.1111, 0.8889, 0.0, 0.0, 0.0, 0.0, 1.0, 1.0, 0.0, 0.875, 0.125, 0.1, 0.0, 0.0, 1.0, 0.8, 0.25, 1.0, 0.0, 0.0, 0.0, 0.1667, 0.8333, 0.8571, 0.375, 0.75, 0.0, 0.0, 0.0, 0.1111, 0.8182, 0.6667]"
line_manager_first,11,line_manager_first,0.688,0.688,0.688,0.0,40,True,1376,0,327,297,0,"[0.05, 0.071, 0.0895, 0.112, 0.143, 0.1805, 0.223, 0.261, 0.299, 0.335, 0.368, 0.3965, 0.4245, 0.447, 0.466, 0.4895, 0.507, 0.5255, 0.544, 0.562, 0.574, 0.5815, 0.5925, 0.606, 0.612, 0.6165, 0.6215, 0.6325, 0.6385, 0.644, 0.6495, 0.655, 0.66, 0.664, 0.6695, 0.6745, 0.677, 0.6815, 0.6855, 0.688, 0.688, 0.688, 0.688, 0.688, 0.688, 0.688, 0.688, 0.688, 0.688, 0.688, 0.688, 0.688, 0.688, 0.688, 0.688, 0.688, 0.688, 0.688, 0.688, 0.688, 0.688, 0.688, 0.688, 0.688, 0.688, 0.688, 0.688, 0.688, 0.688, 0.688, 0.688, 0.688, 0.688, 0.688, 0.688, 0.688, 0.688, 0.688, 0.688, 0.688, 0.688, 0.688, 0.688, 0.688, 0.688, 0.688, 0.688, 0.688, 0.688, 0.688, 0.688, 0.688, 0.688, 0.688, 0.688, 0.688, 0.688, 0.688, 0.688, 0.688, 0.688]","{""0"": 0.7992, ""1"": 0.6721, ""2"": 0.6316, ""3"": 0.834, ""4"": 0.888, ""5"": 0.6205, ""6"": 0.5394, ""7"": 0.5114}","[0.8889, 0.8571, 1.0, 0.8333, 0.7273, 1.0, 0.2, 0.1429, 0.75, 1.0, 1.0, 0.6667, 1.0, 0.7143, 0.125, 0.1, 0.6667, 0.6667, 0.8889, 0.8, 0.7143, 0.8889, 0.8, 0.0, 1.0, 0.75, 0.25, 0.6667, 0.75, 0.75, 0.9091, 0.5714, 1.0, 0.6667, 0.8571, 1.0, 1.0, 0.8889, 1.0, 0.7778, 0.8889, 1.0, 1.0, 1.0, 1.0, 0.8, 0.75, 0.8, 0.6667, 0.6667, 0.75, 1.0, 0.9231, 0.8182, 1.0, 0.8889, 0.0, 1.0, 1.0, 0.9091, 0.7143, 0.8182, 0.75, 1.0, 0.1818, 0.7, 0.5455, 0.7143, 0.7143, 1.0, 0.8571, 0.8571, 0.1667, 0.8182, 0.7778, 1.0, 0.8, 0.9, 0.8571, 0.6364, 0.3636, 1.0, 0.875, 1.0, 1.0, 1.0, 0.8333, 0.8182, 0.0, 0.7778, 0.7143, 1.0, 0.8, 0.8182, 0.8571, 0.8889, 0.0, 0.8, 0.9091, 1.0, 0.6667, 0.9, 0.6667, 0.75, 0.0, 1.0, 0.1667, 1.0, 0.875, 0.9, 0.75, 0.8, 0.0769, 0.8889, 0.1111, 0.8889, 0.9231, 1.0, 0.8333, 1.0, 0.1, 0.9, 0.0, 0.7778, 0.9, 0.875, 0.8571, 0.7857, 0.0, 0.7143, 0.0, 1.0, 0.8571, 0.875, 0.8571, 0.7, 0.0, 1.0, 0.0, 0.875, 0.5, 0.6667, 0.75, 0.6667, 0.0, 0.6667, 0.2222, 0.8571, 0.8571, 1.0, 0.5714, 1.0, 0.0, 0.8571, 0.8, 0.0, 0.9091, 1.0, 0.875, 0.6667, 0.0, 0.7778, 0.75, 0.0, 0.9091, 1.0, 0.6667, 0.8333, 0.7778, 0.7, 0.8571, 0.1, 0.75, 0.9167, 0.8333, 0.9, 0.875, 0.7, 0.8182, 0.125, 0.8889, 0.8889, 0.7, 0.75, 1.0, 0.5, 1.0, 0.0, 0.8333, 0.9, 0.75, 0.2, 0.875, 0.75, 0.75, 0.0, 0.8571, 1.0, 0.8, 0.125, 0.875, 0.8571, 0.6, 0.0, 0.7, 0.8333, 0.0, 0.0, 0.8889, 1.0, 0.8571, 0.0, 1.0, 0.8182, 0.0, 0.0, 1.0, 0.8571, 1.0, 0.2, 0.7692, 1.0, 0.0, 0.0, 0.8, 0.625, 0.8333, 0.7778, 0.75, 0.8889, 0.125, 0.2222, 0.9167, 0.8, 0.75, 1.0, 0.875, 0.875, 0.1111, 0.0909, 0.7778, 0.7143, 1.0, 0.8889, 0.8571, 0.7143, 0.0, 0.0, 0.9091, 0.6667]"
line_manager_first,12,line_manager_first,0.518,0.518,0.518,0.0,35,True,1036,0,281,683,0,"[0.05, 0.0625, 0.0785, 0.0985, 0.1235, 0.1465, 0.1685, 0.189, 0.205, 0.2275, 0.2525, 0.274, 0.2975, 0.32, 0.3375, 0.351, 0.364, 0.374, 0.385, 0.393, 0.401, 0.41, 0.4205, 0.4335, 0.45, 0.4645, 0.474, 0.4835, 0.493, 0.498, 0.5015, 0.5085, 0.513, 0.516, 0.518, 0.518, 0.518, 0.518, 0.518, 0.518, 0.518, 0.518, 0.518, 0.518, 0.518, 0.518, 0.518, 0.518, 0.518, 0.518, 0.518, 0.518, 0.518, 0.518, 0.518, 0.518, 0.518, 0.518, 0.518, 0.518, 0.518, 0.518, 0.518, 0.518, 0.518, 0.518, 0.518, 0.518, 0.518, 0.518, 0.518, 0.518, 0.518, 0.518, 0.518, 0.518, 0.518, 0.518, 0.518, 0.518, 0.518, 0.518, 0.518, 0.518, 0.518, 0.518, 0.518, 0.518, 0.518, 0.518, 0.518, 0.518, 0.518, 0.518, 0.518, 0.518, 0.518, 0.518, 0.518, 0.518, 0.518]","{""0"": 0.4264, ""1"": 0.8582, ""2"": 0.1748, ""3"": 0.4498, ""4"": 0.876, ""5"": 0.0795, ""6"": 0.8814, ""7"": 0.3502}","[0.8889, 0.875, 1.0, 0.0909, 0.0, 0.8571, 0.0, 0.75, 0.0, 1.0, 0.8571, 0.0, 0.0, 0.8889, 0.1111, 0.8462, 0.1111, 0.5714, 1.0, 0.1818, 0.0, 0.6, 0.0, 0.8, 0.2857, 0.875, 0.75, 0.0769, 0.2222, 0.8571, 0.1429, 0.8, 0.1, 0.8333, 0.7778, 0.0, 0.1429, 0.8889, 0.1111, 0.8571, 0.0, 0.8889, 0.9167, 0.1, 0.0, 0.8462, 0.0833, 0.8571, 0.0, 1.0, 0.375, 0.1111, 0.375, 0.8571, 0.0, 1.0, 0.0909, 0.125, 0.875, 0.0, 0.75, 0.8, 0.2, 1.0, 0.1667, 0.0, 0.8571, 0.1, 1.0, 0.8333, 0.0, 0.6667, 0.0, 0.0, 1.0, 0.125, 0.75, 0.8889, 0.125, 1.0, 0.0, 0.1667, 0.7143, 0.1429, 0.875, 1.0, 0.1667, 0.8, 0.1111, 0.1429, 0.8889, 0.1, 1.0, 1.0, 0.25, 0.75, 0.0, 0.0, 0.6667, 0.0, 0.8571, 1.0, 0.1111, 0.8571, 0.3333, 0.0, 0.8889, 0.0, 0.75, 0.7778, 0.125, 1.0, 0.75, 0.0833, 1.0, 0.0, 1.0, 1.0, 0.0, 1.0, 1.0, 0.0, 0.8333, 0.0, 0.3333, 0.8889, 0.125, 1.0, 1.0, 0.0, 0.9, 0.0, 0.875, 0.8462, 0.0, 1.0, 0.875, 0.0, 0.8, 0.125, 0.6667, 0.875, 0.0, 0.9, 0.8333, 0.1429, 0.875, 0.0, 1.0, 1.0, 0.1111, 1.0, 1.0, 0.25, 0.7778, 0.0, 0.6667, 1.0, 0.25, 0.6667, 0.8889, 0.0, 1.0, 0.0, 1.0, 0.7273, 0.0, 0.7143, 0.8, 0.1429, 0.8889, 0.2222, 0.7778, 0.8571, 0.1667, 0.9286, 0.8889, 0.0, 0.75, 0.8333, 0.8571, 0.8889, 0.0, 1.0, 1.0, 0.0, 0.9286, 0.8571, 0.6667, 0.6667, 0.0, 0.75, 0.8, 1.0, 0.75, 1.0, 0.6667, 0.75, 0.1111, 0.7778, 1.0, 0.7692, 0.8182, 1.0, 0.0, 1.0, 0.0, 0.9, 0.4, 0.8333, 1.0, 1.0, 0.0, 1.0, 0.0, 0.8333, 0.0, 0.8, 0.8571, 0.0, 0.1111, 1.0, 0.0, 1.0, 0.0, 1.0, 1.0, 0.1429, 0.0714, 0.8889, 0.0, 1.0, 0.0, 0.8, 1.0, 0.1667, 0.0, 1.0, 0.25, 1.0, 0.0, 0.75, 0.9, 0.2857, 0.0, 0.7778, 0.0, 0.8, 0.0, 0.9167]"
line_manager_first,13,line_manager_first,0.6375,0.6375,0.6375,0.0,49,True,1275,0,289,436,0,"[0.05, 0.073, 0.089, 0.1075, 0.1365, 0.171, 0.205, 0.2435, 0.281, 0.314, 0.341, 0.358, 0.373, 0.385, 0.3965, 0.411, 0.424, 0.436, 0.4505, 0.465, 0.474, 0.4845, 0.495, 0.507, 0.518, 0.5265, 0.5345, 0.544, 0.5535, 0.5585, 0.561, 0.5645, 0.569, 0.573, 0.576, 0.5795, 0.586, 0.5905, 0.596, 0.6025, 0.61, 0.6155, 0.62, 0.623, 0.626, 0.632, 0.636, 0.6365, 0.6375, 0.6375, 0.6375, 0.6375, 0.6375, 0.6375, 0.6375, 0.6375, 0.6375, 0.6375, 0.6375, 0.6375, 0.6375, 0.6375, 0.6375, 0.6375, 0.6375, 0.6375, 0.6375, 0.6375, 0.6375, 0.6375, 0.6375, 0.6375, 0.6375, 0.6375, 0.6375, 0.6375, 0.6375, 0.6375, 0.6375, 0.6375, 0.6375, 0.6375, 0.6375, 0.6375, 0.6375, 0.6375, 0.6375, 0.6375, 0.6375, 0.6375, 0.6375, 0.6375, 0.6375, 0.6375, 0.6375, 0.6375, 0.6375, 0.6375, 0.6375, 0.6375, 0.6375]","{""0"": 0.8759, ""1"": 0.7261, ""2"": 0.2389, ""3"": 0.6032, ""4"": 0.4496, ""5"": 0.8692, ""6"": 0.8477, ""7"": 0.4858}","[0.7778, 1.0, 0.125, 0.0, 1.0, 1.0, 0.6, 0.8889, 1.0, 1.0, 0.125, 0.0, 0.875, 0.5, 0.8889, 0.7778, 1.0, 0.75, 0.875, 0.125, 0.3333, 0.8, 0.8, 0.9091, 0.9, 0.8571, 0.75, 0.1, 0.1429, 0.7778, 1.0, 0.7143, 1.0, 0.8333, 0.8571, 0.0, 0.1, 1.0, 0.75, 1.0, 1.0, 1.0, 0.8889, 0.125, 0.0, 1.0, 0.875, 0.8333, 0.6, 0.8333, 0.8, 0.0, 0.0, 0.9, 0.9091, 0.8571, 1.0, 0.8571, 1.0, 0.1, 0.1667, 0.0, 0.8, 0.6, 0.75, 0.9091, 0.875, 0.0, 0.0, 0.2222, 0.75, 1.0, 0.875, 0.8, 0.8, 0.1429, 0.0, 0.0, 0.625, 1.0, 0.7143, 1.0, 1.0, 0.0, 0.0, 0.0, 0.8, 0.6667, 0.1111, 0.9091, 1.0, 0.0, 0.8182, 0.0, 1.0, 1.0, 0.1429, 0.6667, 0.6, 0.0, 0.875, 0.0, 0.8, 0.8, 0.1818, 1.0, 0.8571, 0.0, 0.9231, 0.0, 1.0, 0.8571, 0.0, 1.0, 1.0, 0.0, 0.3333, 0.8571, 1.0, 0.875, 0.0, 0.9091, 0.75, 0.125, 0.875, 1.0, 0.9091, 0.7, 0.0, 1.0, 1.0, 0.0, 1.0, 0.1111, 0.9, 0.8333, 0.0, 0.9167, 0.875, 0.1111, 0.8333, 0.0, 0.8889, 0.6667, 0.0, 0.7692, 0.8889, 0.0, 0.8333, 0.1667, 0.8333, 1.0, 0.0, 1.0, 0.9091, 0.0, 0.8333, 0.0, 1.0, 1.0, 0.1667, 0.8, 0.875, 0.0, 0.6667, 0.2857, 1.0, 0.8333, 0.125, 0.7778, 0.7143, 0.0, 0.8571, 0.0, 0.6, 1.0, 0.0, 1.0, 1.0, 0.9091, 1.0, 0.0, 0.875, 0.875, 0.0, 1.0, 0.8571, 0.4, 0.8571, 1.0, 1.0, 0.7692, 0.0, 0.7143, 0.5, 0.8889, 0.75, 1.0, 0.9167, 0.6667, 0.7143, 0.6, 0.9, 0.9, 0.875, 1.0, 0.9167, 0.8889, 0.7143, 0.7692, 0.8333, 1.0, 0.875, 0.8571, 0.7778, 0.875, 1.0, 0.9, 0.2727, 0.8889, 0.2857, 0.8, 0.8571, 0.875, 1.0, 1.0, 0.1429, 0.5, 1.0, 0.6364, 1.0, 0.75, 0.8889, 1.0, 0.0, 0.0, 0.9167, 0.9167, 0.8, 0.9091, 0.7143, 0.75, 0.0, 0.0, 0.7778, 0.6, 0.6667, 0.8182, 0.8889, 0.9]"
line_manager_first,14,line_manager_first,0.669,0.669,0.669,-0.0,52,True,1338,0,304,358,0,"[0.05, 0.071, 0.09, 0.111, 0.131, 0.1555, 0.1735, 0.1905, 0.208, 0.226, 0.25, 0.279, 0.3035, 0.3225, 0.334, 0.348, 0.3645, 0.383, 0.399, 0.4175, 0.435, 0.4555, 0.478, 0.497, 0.508, 0.52, 0.5325, 0.54, 0.545, 0.5505, 0.5585, 0.569, 0.5815, 0.591, 0.601, 0.6095, 0.616, 0.6215, 0.6265, 0.6315, 0.635, 0.6405, 0.6455, 0.6505, 0.6545, 0.6575, 0.658, 0.66, 0.6615, 0.6635, 0.665, 0.669, 0.669, 0.669, 0.669, 0.669, 0.669, 0.669, 0.669, 0.669, 0.669, 0.669, 0.669, 0.669, 0.669, 0.669, 0.669, 0.669, 0.669, 0.669, 0.669, 0.669, 0.669, 0.669, 0.669, 0.669, 0.669, 0.669, 0.669, 0.669, 0.669, 0.669, 0.669, 0.669, 0.669, 0.669, 0.669, 0.669, 0.669, 0.669, 0.669, 0.669, 0.669, 0.669, 0.669, 0.669, 0.669, 0.669, 0.669, 0.669, 0.669]","{""0"": 0.6942, ""1"": 0.8571, ""2"": 0.8498, ""3"": 0.8517, ""4"": 0.8636, ""5"": 0.3123, ""6"": 0.0496, ""7"": 0.8477}","[0.8889, 0.875, 0.7778, 0.6667, 1.0, 0.8462, 0.0, 0.0, 0.8182, 0.8, 1.0, 0.75, 0.8889, 0.8333, 0.0, 0.0, 0.8333, 0.75, 1.0, 0.8333, 0.7143, 0.75, 0.0, 0.1, 0.7, 1.0, 0.875, 0.875, 0.75, 0.9, 0.0, 0.0, 0.6667, 0.8333, 0.7778, 0.8889, 0.875, 0.8889, 0.0, 0.0, 1.0, 0.7, 1.0, 0.6667, 0.6667, 0.8571, 0.0, 0.0, 0.75, 1.0, 0.75, 1.0, 0.8571, 0.875, 0.1111, 0.1818, 0.9231, 0.6364, 1.0, 0.875, 0.875, 1.0, 0.1429, 0.0, 1.0, 0.8, 1.0, 0.7, 0.875, 1.0, 0.0, 0.4, 0.7778, 0.8182, 0.8333, 0.6667, 0.7143, 1.0, 0.1111, 0.0, 1.0, 0.7143, 0.8889, 0.8571, 0.7, 0.8333, 0.0, 0.0, 0.8571, 0.625, 1.0, 0.8571, 0.7143, 0.7143, 0.0, 0.0, 0.625, 0.8, 0.8333, 1.0, 0.9091, 0.7143, 0.75, 0.0, 0.75, 1.0, 0.625, 1.0, 1.0, 0.7143, 0.75, 0.0, 0.8571, 0.9, 0.8333, 0.7143, 1.0, 1.0, 0.8333, 0.125, 0.875, 0.8571, 0.7692, 0.75, 0.8889, 1.0, 0.8889, 0.0, 0.8333, 1.0, 0.875, 1.0, 1.0, 1.0, 0.9, 0.0, 1.0, 0.7143, 0.6667, 1.0, 1.0, 0.875, 0.4545, 0.0, 0.8333, 0.8, 0.75, 1.0, 0.8889, 0.8, 1.0, 0.0, 0.875, 0.7778, 0.8889, 1.0, 0.8571, 0.8182, 0.6667, 0.0, 1.0, 0.8571, 0.9, 0.6, 0.8571, 0.8889, 0.8, 0.25, 0.8889, 0.6667, 0.75, 0.8333, 0.9, 0.7143, 1.0, 0.0, 0.8333, 1.0, 0.8333, 0.8571, 0.9231, 0.8, 0.875, 0.0, 0.75, 1.0, 0.875, 0.8571, 0.8462, 0.8889, 0.6, 0.0, 0.8571, 1.0, 0.8571, 1.0, 1.0, 0.7778, 0.1429, 0.0, 0.8, 0.8333, 0.8, 1.0, 0.875, 1.0, 0.1429, 0.0, 1.0, 0.5, 0.8571, 0.7143, 0.8571, 0.875, 0.0, 0.25, 0.8571, 0.0, 0.9, 0.875, 0.625, 0.8, 0.0, 0.1667, 0.875, 0.1111, 0.8333, 0.7778, 0.8, 1.0, 0.0, 0.0, 0.8571, 0.0, 0.9, 1.0, 0.7778, 0.9167, 0.0, 0.125, 1.0, 0.0, 1.0, 0.875, 0.6667, 1.0, 0.0, 0.0, 0.625, 0.1818]"
line_manager_first,15,line_manager_first,0.8425,0.8425,0.8425,0.0,54,True,1685,0,293,22,0,"[0.05, 0.065, 0.074, 0.083, 0.0955, 0.111, 0.128, 0.146, 0.1635, 0.177, 0.1925, 0.211, 0.227, 0.2435, 0.2575, 0.271, 0.2885, 0.3035, 0.315, 0.3265, 0.348, 0.371, 0.4005, 0.423, 0.443, 0.469, 0.491, 0.5105, 0.5305, 0.549, 0.567, 0.5935, 0.6145, 0.6305, 0.645, 0.6595, 0.675, 0.6895, 0.7005, 0.7145, 0.7265, 0.7405, 0.7555, 0.77, 0.78, 0.787, 0.7925, 0.7995, 0.808, 0.8155, 0.826, 0.837, 0.841, 0.8425, 0.8425, 0.8425, 0.8425, 0.8425, 0.8425, 0.8425, 0.8425, 0.8425, 0.8425, 0.8425, 0.8425, 0.8425, 0.8425, 0.8425, 0.8425, 0.8425, 0.8425, 0.8425, 0.8425, 0.8425, 0.8425, 0.8425, 0.8425, 0.8425, 0.8425, 0.8425, 0.8425, 0.8425, 0.8425, 0.8425, 0.8425, 0.8425, 0.8425, 0.8425, 0.8425, 0.8425, 0.8425, 0.8425, 0.8425, 0.8425, 0.8425, 0.8425, 0.8425, 0.8425, 0.8425, 0.8425, 0.8425]","{""0"": 0.8386, ""1"": 0.7734, ""2"": 0.8689, ""3"": 0.8261, ""4"": 0.8436, ""5"": 0.8588, ""6"": 0.8623, ""7"": 0.8708}","[0.8889, 1.0, 0.8, 0.8571, 1.0, 0.7143, 0.8889, 0.9091, 1.0, 0.75, 1.0, 0.9, 0.75, 1.0, 1.0, 0.7778, 0.8333, 0.8, 0.8333, 0.875, 0.7273, 0.8182, 0.8889, 0.8889, 1.0, 0.7857, 1.0, 0.75, 0.7, 1.0, 1.0, 0.6667, 1.0, 0.8, 0.8889, 0.7778, 0.8, 1.0, 0.7, 1.0, 0.8889, 0.7, 0.7778, 1.0, 0.8571, 0.875, 1.0, 0.9, 0.9, 1.0, 0.8571, 1.0, 0.7778, 1.0, 1.0, 0.7143, 0.7143, 0.7778, 0.6667, 0.8182, 0.7, 0.625, 1.0, 0.8571, 0.9091, 1.0, 0.1667, 0.8571, 0.75, 0.8571, 0.8462, 0.8, 0.8571, 1.0, 0.1111, 0.8333, 0.6667, 0.7143, 1.0, 1.0, 0.8333, 1.0, 0.0833, 0.9, 0.7778, 0.8, 0.6923, 0.875, 0.75, 0.8333, 0.4, 0.7778, 1.0, 1.0, 0.75, 0.7, 0.8, 1.0, 1.0, 0.9091, 1.0, 0.5714, 1.0, 0.8, 0.7, 0.75, 0.7778, 0.8, 0.875, 0.875, 0.7692, 0.8, 0.8333, 0.75, 1.0, 1.0, 1.0, 1.0, 1.0, 1.0, 0.75, 1.0, 1.0, 1.0, 1.0, 0.6, 0.8333, 0.8333, 0.9, 0.625, 1.0, 0.6667, 0.75, 0.875, 0.8333, 1.0, 0.8571, 0.8, 0.75, 1.0, 1.0, 0.6667, 0.875, 0.75, 1.0, 0.8333, 0.8889, 0.625, 0.7273, 0.7143, 1.0, 0.8571, 0.875, 0.8, 0.5, 0.8571, 0.8571, 0.8333, 1.0, 0.7778, 1.0, 0.6, 0.9, 0.8, 0.75, 0.8889, 0.7778, 1.0, 0.8, 0.8, 0.7143, 0.75, 0.8571, 1.0, 1.0, 1.0, 1.0, 1.0, 1.0, 0.8571, 0.8333, 0.6667, 0.7273, 1.0, 0.6, 1.0, 0.8182, 0.8571, 0.6667, 1.0, 1.0, 0.8571, 0.9167, 0.875, 0.7273, 1.0, 0.9, 0.75, 0.75, 1.0, 1.0, 1.0, 1.0, 0.75, 0.8, 0.8125, 0.875, 0.9, 0.8, 0.5, 1.0, 0.875, 1.0, 0.875, 0.8571, 0.75, 1.0, 0.75, 0.7778, 0.9091, 0.75, 1.0, 0.8333, 0.75, 1.0, 0.7778, 1.0, 1.0, 0.875, 0.8571, 1.0, 1.0, 1.0, 0.7143, 0.8571, 0.8889, 0.7778, 1.0, 0.6667, 0.8889, 0.6667, 1.0, 0.75, 1.0, 0.875, 0.7143, 0.6364, 0.8889, 0.8571, 0.9]"
line_manager_first,16,line_manager_first,0.7045,0.7045,0.7045,-0.0,50,True,1409,0,285,306,0,"[0.05, 0.0705, 0.0855, 0.103, 0.1285, 0.1605, 0.196, 0.2225, 0.251, 0.2875, 0.3125, 0.329, 0.3455, 0.363, 0.38, 0.3925, 0.402, 0.4125, 0.4205, 0.434, 0.4465, 0.4595, 0.472, 0.483, 0.4945, 0.5085, 0.5295, 0.547, 0.562, 0.5755, 0.589, 0.6045, 0.618, 0.633, 0.645, 0.6525, 0.6585, 0.6635, 0.672, 0.681, 0.684, 0.686, 0.688, 0.6905, 0.6955, 0.701, 0.7025, 0.7035, 0.704, 0.7045, 0.7045, 0.7045, 0.7045, 0.7045, 0.7045, 0.7045, 0.7045, 0.7045, 0.7045, 0.7045, 0.7045, 0.7045, 0.7045, 0.7045, 0.7045, 0.7045, 0.7045, 0.7045, 0.7045, 0.7045, 0.7045, 0.7045, 0.7045, 0.7045, 0.7045, 0.7045, 0.7045, 0.7045, 0.7045, 0.7045, 0.7045, 0.7045, 0.7045, 0.7045, 0.7045, 0.7045, 0.7045, 0.7045, 0.7045, 0.7045, 0.7045, 0.7045, 0.7045, 0.7045, 0.7045, 0.7045, 0.7045, 0.7045, 0.7045, 0.7045, 0.7045]","{""0"": 0.702, ""1"": 0.8919, ""2"": 0.8207, ""3"": 0.5019, ""4"": 0.8631, ""5"": 0.484, ""6"": 0.5309, ""7"": 0.8462}","[1.0, 1.0, 0.9167, 1.0, 0.8333, 1.0, 0.125, 0.0, 0.75, 0.75, 0.625, 0.875, 0.875, 0.8571, 0.0, 0.625, 0.5833, 1.0, 0.8571, 1.0, 1.0, 1.0, 0.0, 0.0, 0.6, 0.8, 1.0, 1.0, 1.0, 0.7, 0.125, 0.8571, 0.875, 0.8, 0.75, 0.8571, 0.8889, 0.8182, 0.2, 0.5714, 1.0, 1.0, 0.8333, 0.6667, 0.8333, 0.625, 0.0, 1.0, 0.75, 0.6667, 1.0, 0.8182, 0.9091, 0.8333, 0.1, 0.875, 0.7778, 0.75, 0.6667, 0.5714, 0.8571, 1.0, 0.25, 0.5, 1.0, 0.75, 0.5, 0.7273, 0.625, 0.8333, 0.0, 1.0, 0.75, 1.0, 0.9091, 0.9, 1.0, 0.875, 0.0, 0.9091, 0.875, 0.875, 0.8, 1.0, 0.6667, 0.6667, 0.0, 1.0, 0.875, 0.8, 1.0, 1.0, 0.4, 0.9, 0.0, 1.0, 1.0, 0.8333, 1.0, 0.5, 0.8333, 0.6667, 1.0, 1.0, 0.625, 1.0, 1.0, 0.75, 0.8462, 0.8571, 0.8333, 0.75, 0.875, 0.8889, 0.8571, 0.875, 0.0, 1.0, 0.875, 1.0, 0.875, 1.0, 0.8571, 1.0, 0.3333, 1.0, 0.875, 1.0, 0.6875, 0.7, 1.0, 0.5, 0.0909, 1.0, 0.6667, 0.8571, 1.0, 1.0, 1.0, 0.8, 0.0, 1.0, 0.8, 0.8, 1.0, 1.0, 0.8, 1.0, 0.1, 1.0, 0.875, 0.7778, 0.8889, 1.0, 1.0, 0.8, 0.0, 0.875, 0.75, 0.8333, 1.0, 0.75, 0.8571, 0.625, 0.0, 1.0, 0.8333, 0.8571, 0.875, 1.0, 0.9091, 0.875, 0.2222, 0.7778, 0.8571, 0.875, 1.0, 0.9, 0.7778, 0.8, 0.0, 0.8, 0.8333, 0.6667, 1.0, 1.0, 1.0, 0.6923, 0.0, 0.75, 0.8571, 0.0833, 0.75, 0.0, 1.0, 0.7143, 0.1429, 0.8571, 1.0, 0.0, 0.875, 0.0833, 1.0, 1.0, 0.0, 0.5556, 0.75, 0.0, 1.0, 0.0, 0.8889, 0.7143, 0.0, 0.8333, 1.0, 0.1, 1.0, 0.0, 0.8, 0.8571, 0.8333, 0.7778, 0.875, 0.0, 0.7, 0.0, 0.9167, 0.8571, 0.9091, 0.8333, 0.6667, 0.0, 0.7778, 0.5, 1.0, 0.8889, 0.875, 1.0, 0.75, 0.0, 1.0, 0.8571, 0.8333, 0.8889, 0.8333, 0.9, 0.7143, 0.1818, 1.0, 1.0]"
line_manager_first,17,line_manager_first,0.424,0.424,0.424,-0.0,34,True,848,0,277,875,0,"[0.05, 0.067, 0.079, 0.091, 0.099, 0.11, 0.119, 0.1325, 0.147, 0.1625, 0.1775, 0.19, 0.2045, 0.2195, 0.237, 0.2535, 0.2655, 0.277, 0.2895, 0.2995, 0.311, 0.3275, 0.3485, 0.3625, 0.375, 0.3825, 0.3855, 0.3915, 0.4005, 0.4065, 0.412, 0.4185, 0.422, 0.424, 0.424, 0.424, 0.424, 0.424, 0.424, 0.424, 0.424, 0.424, 0.424, 0.424, 0.424, 0.424, 0.424, 0.424, 0.424, 0.424, 0.424, 0.424, 0.424, 0.424, 0.424, 0.424, 0.424, 0.424, 0.424, 0.424, 0.424, 0.424, 0.424, 0.424, 0.424, 0.424, 0.424, 0.424, 0.424, 0.424, 0.424, 0.424, 0.424, 0.424, 0.424, 0.424, 0.424, 0.424, 0.424, 0.424, 0.424, 0.424, 0.424, 0.424, 0.424, 0.424, 0.424, 0.424, 0.424, 0.424, 0.424, 0.424, 0.424, 0.424, 0.424, 0.424, 0.424, 0.424, 0.424, 0.424, 0.424]","{""0"": 0.3926, ""1"": 0.4153, ""2"": 0.2355, ""3"": 0.3968, ""4"": 0.8765, ""5"": 0.5124, ""6"": 0.4869, ""7"": 0.076}","[0.8889, 0.1667, 0.0833, 0.0, 0.9231, 1.0, 1.0, 0.0909, 0.1429, 0.0, 0.1111, 0.1, 0.8571, 1.0, 1.0, 0.0, 0.0, 0.0, 0.2, 0.0, 0.9, 1.0, 1.0, 0.0, 0.0833, 0.1, 0.25, 1.0, 0.9091, 1.0, 1.0, 0.0, 0.125, 0.6, 0.0, 1.0, 0.875, 1.0, 0.7778, 0.1, 0.0, 0.8571, 0.1667, 0.875, 1.0, 0.8889, 0.0, 0.0, 0.0, 0.9091, 0.2, 0.8571, 0.75, 0.7778, 0.0, 0.0, 0.2, 1.0, 0.7143, 0.8571, 0.8333, 0.8333, 0.0, 0.8, 0.0, 1.0, 0.8333, 0.75, 0.7, 1.0, 0.1429, 1.0, 0.125, 1.0, 0.8, 0.0, 0.8889, 1.0, 0.0, 1.0, 0.2857, 0.8333, 0.875, 0.0833, 0.25, 0.7143, 0.0, 1.0, 0.25, 1.0, 1.0, 0.0, 0.4, 0.875, 0.1429, 0.875, 0.0, 1.0, 1.0, 0.0, 0.125, 0.8, 0.0, 0.875, 0.0, 0.6667, 0.7778, 0.0, 0.0, 0.8571, 0.0, 1.0, 0.0, 0.7778, 0.8333, 0.0, 0.0, 0.6, 0.0, 0.8889, 0.2, 1.0, 1.0, 0.0, 0.1429, 0.8, 0.0, 1.0, 0.0769, 1.0, 0.7143, 0.0833, 0.2, 0.9167, 0.0, 0.9091, 0.0, 0.8333, 0.8571, 0.2222, 0.2, 1.0, 0.25, 0.9167, 0.0, 0.0, 0.7273, 0.0, 0.0, 1.0, 0.8571, 0.8, 0.0, 0.1667, 0.7, 0.25, 0.0, 0.8571, 0.875, 0.9091, 0.0, 0.0, 0.5, 0.875, 0.0, 1.0, 0.875, 1.0, 0.0, 0.0, 0.0, 1.0, 0.1429, 0.8889, 0.6364, 0.8571, 0.0, 0.0, 0.0, 0.0, 0.0, 0.8333, 0.8571, 0.7143, 0.0, 0.125, 0.1667, 0.1429, 0.0833, 0.625, 1.0, 0.9, 0.1, 0.0, 0.0, 0.0, 0.125, 0.7778, 0.8, 0.0833, 0.1429, 0.1667, 0.125, 0.125, 0.0, 0.75, 1.0, 0.0, 0.3333, 0.125, 0.0, 0.0, 0.0, 0.9231, 0.7, 0.0, 0.0, 0.0, 0.3333, 0.1, 0.0714, 1.0, 0.8, 0.0, 0.1, 0.1667, 0.0, 0.0, 0.0, 0.8, 1.0, 0.0, 0.0, 0.0, 0.125, 0.0, 0.5556, 0.9, 0.7143, 0.1667, 0.0, 0.1111, 0.0, 0.0, 0.8, 0.75, 0.8571, 0.0833, 0.2, 0.0]"
line_manager_first,18,line_manager_first,0.756,0.756,0.756,0.0,56,True,1512,0,265,223,0,"[0.05, 0.073, 0.089, 0.1045, 0.125, 0.1505, 0.179, 0.203, 0.232, 0.2545, 0.2795, 0.3015, 0.3215, 0.344, 0.3665, 0.3805, 0.3925, 0.4095, 0.4305, 0.4505, 0.4715, 0.4855, 0.508, 0.534, 0.55, 0.563, 0.579, 0.5845, 0.5945, 0.6085, 0.623, 0.6315, 0.64, 0.649, 0.657, 0.664, 0.676, 0.688, 0.6995, 0.709, 0.712, 0.7155, 0.718, 0.7235, 0.7265, 0.7275, 0.729, 0.731, 0.734, 0.7375, 0.7405, 0.746, 0.7495, 0.7545, 0.7555, 0.756, 0.756, 0.756, 0.756, 0.756, 0.756, 0.756, 0.756, 0.756, 0.756, 0.756, 0.756, 0.756, 0.756, 0.756, 0.756, 0.756, 0.756, 0.756, 0.756, 0.756, 0.756, 0.756, 0.756, 0.756, 0.756, 0.756, 0.756, 0.756, 0.756, 0.756, 0.756, 0.756, 0.756, 0.756, 0.756, 0.756, 0.756, 0.756, 0.756, 0.756, 0.756, 0.756, 0.756, 0.756, 0.756]","{""0"": 0.9011, ""1"": 0.8333, ""2"": 0.6397, ""3"": 0.6, ""4"": 0.8423, ""5"": 0.8761, ""6"": 0.5257, ""7"": 0.8436}","[0.6667, 1.0, 0.8, 1.0, 1.0, 0.625, 0.8, 0.0, 0.8333, 1.0, 0.875, 0.8, 0.6667, 0.7778, 1.0, 0.2, 0.7778, 0.8889, 1.0, 0.8333, 1.0, 1.0, 0.7778, 0.0, 1.0, 1.0, 0.75, 0.875, 0.8571, 0.75, 1.0, 0.3333, 0.9167, 0.8889, 0.8, 0.9, 0.8571, 0.9231, 0.875, 0.75, 0.7778, 1.0, 1.0, 0.7143, 1.0, 1.0, 0.5714, 0.9, 1.0, 1.0, 1.0, 1.0, 0.875, 1.0, 0.7143, 0.875, 0.8, 1.0, 0.6667, 0.8333, 0.8889, 0.7778, 0.8571, 0.875, 0.9, 0.9091, 0.875, 0.8, 0.625, 0.75, 1.0, 0.8, 1.0, 0.7143, 1.0, 1.0, 1.0, 0.9231, 1.0, 0.8889, 1.0, 1.0, 0.5556, 1.0, 1.0, 1.0, 1.0, 0.8571, 0.5714, 0.8571, 0.7778, 0.8333, 0.875, 0.6667, 1.0, 0.0, 0.8571, 0.7778, 1.0, 0.5, 0.9167, 0.75, 1.0, 0.0, 0.6667, 0.8889, 0.9, 1.0, 0.7273, 0.7778, 0.8, 0.2, 0.8889, 1.0, 0.875, 1.0, 0.6667, 0.7143, 1.0, 0.5, 1.0, 0.7143, 1.0, 0.875, 1.0, 0.7778, 1.0, 0.0, 0.875, 0.8889, 0.5714, 1.0, 0.4444, 0.625, 0.75, 0.0, 1.0, 1.0, 0.8571, 0.0, 0.0714, 0.5, 1.0, 0.0, 1.0, 1.0, 0.1429, 0.0, 0.0, 1.0, 0.5714, 0.3333, 0.8333, 0.7778, 0.0, 0.0, 0.0, 1.0, 0.6667, 0.8, 0.75, 0.8462, 0.875, 0.0, 0.0, 0.8, 1.0, 0.8889, 0.9091, 0.875, 1.0, 0.1667, 0.125, 0.8333, 1.0, 0.8889, 1.0, 0.7143, 0.875, 0.1429, 0.1429, 1.0, 0.9231, 1.0, 0.5556, 0.8571, 0.8571, 0.0, 0.0, 0.75, 0.9091, 0.8571, 0.7, 1.0, 1.0, 0.0833, 0.0, 1.0, 1.0, 0.875, 1.0, 0.8571, 1.0, 0.0, 0.6, 0.8571, 0.8, 1.0, 1.0, 0.7778, 0.875, 1.0, 1.0, 1.0, 1.0, 1.0, 0.7143, 1.0, 1.0, 1.0, 1.0, 1.0, 0.75, 0.8333, 0.8182, 0.8, 0.9231, 0.8889, 0.9, 0.8889, 0.6667, 0.5714, 0.7778, 0.9, 0.875, 0.8889, 0.8333, 0.8182, 0.8, 0.2, 0.75, 1.0, 0.7143, 0.8333, 0.875, 0.8333, 1.0, 0.1, 0.7143, 1.0]"
line_manager_first,19,line_manager_first,0.576,0.576,0.576,0.0,31,True,1152,0,293,555,0,"[0.05, 0.071, 0.088, 0.1055, 0.1285, 0.1545, 0.183, 0.2205, 0.2655, 0.295, 0.3175, 0.3405, 0.365, 0.3845, 0.4065, 0.423, 0.443, 0.4645, 0.4795, 0.489, 0.5025, 0.514, 0.523, 0.531, 0.539, 0.545, 0.5535, 0.5615, 0.567, 0.573, 0.576, 0.576, 0.576, 0.576, 0.576, 0.576, 0.576, 0.576, 0.576, 0.576, 0.576, 0.576, 0.576, 0.576, 0.576, 0.576, 0.576, 0.576, 0.576, 0.576, 0.576, 0.576, 0.576, 0.576, 0.576, 0.576, 0.576, 0.576, 0.576, 0.576, 0.576, 0.576, 0.576, 0.576, 0.576, 0.576, 0.576, 0.576, 0.576, 0.576, 0.576, 0.576, 0.576, 0.576, 0.576, 0.576, 0.576, 0.576, 0.576, 0.576, 0.576, 0.576, 0.576, 0.576, 0.576, 0.576, 0.576, 0.576, 0.576, 0.576, 0.576, 0.576, 0.576, 0.576, 0.576, 0.576, 0.576, 0.576, 0.576, 0.576, 0.576]","{""0"": 0.5911, ""1"": 0.8526, ""2"": 0.7878, ""3"": 0.3605, ""4"": 0.6102, ""5"": 0.4694, ""6"": 0.8721, ""7"": 0.0811}","[0.8889, 1.0, 0.6667, 0.3333, 0.8, 0.8333, 0.8333, 0.75, 0.0, 0.0, 0.8, 0.875, 0.6364, 0.8333, 0.8333, 1.0, 0.1667, 0.0, 0.8, 0.7143, 0.0, 0.7, 0.875, 1.0, 0.0, 0.6667, 0.8333, 0.8889, 0.0, 0.8333, 0.7778, 0.7778, 0.0, 0.1, 1.0, 0.6667, 0.0, 0.7143, 0.8, 1.0, 0.0, 0.0, 0.7, 0.6429, 0.0909, 0.8571, 0.6667, 1.0, 0.1111, 0.1111, 0.9091, 1.0, 0.25, 0.9, 1.0, 1.0, 0.1818, 0.0, 0.8, 1.0, 0.2222, 0.7778, 1.0, 0.7143, 0.2857, 0.0, 0.75, 1.0, 0.0, 0.8889, 0.5, 0.8, 0.0, 0.125, 1.0, 0.7143, 0.0, 0.9333, 0.8333, 1.0, 0.125, 0.0, 0.8571, 1.0, 0.0, 1.0, 0.8333, 0.9, 0.5, 0.0, 0.8889, 1.0, 0.0, 1.0, 0.9167, 1.0, 0.0, 1.0, 0.8889, 1.0, 0.0, 0.8333, 1.0, 0.7778, 0.0769, 0.7143, 1.0, 1.0, 0.0, 1.0, 0.8889, 0.75, 0.0, 1.0, 0.875, 0.8333, 0.1429, 0.75, 1.0, 0.8333, 0.0, 0.8333, 0.8333, 0.4, 0.1429, 1.0, 0.1111, 0.875, 0.1111, 0.8571, 0.7778, 0.0, 0.25, 0.8, 0.1, 0.7143, 0.0, 0.8889, 0.6667, 0.1667, 0.0, 1.0, 0.0, 1.0, 0.1111, 0.7778, 0.75, 0.875, 0.0, 0.9091, 0.0, 0.9091, 0.1667, 0.8, 0.8333, 0.8889, 0.0, 0.2727, 0.0, 0.9091, 0.0, 1.0, 1.0, 0.7778, 0.0, 0.0, 0.0, 1.0, 0.1, 0.7, 0.9091, 1.0, 0.0667, 0.1667, 0.2, 0.8182, 0.0, 0.75, 0.875, 0.9, 0.8, 0.25, 0.2308, 0.7, 0.2, 0.8571, 1.0, 0.875, 1.0, 0.0, 0.0, 0.625, 0.0909, 1.0, 0.8889, 0.5, 1.0, 0.1429, 0.0, 0.7143, 0.1429, 0.8333, 1.0, 0.8333, 0.6667, 0.0, 0.0, 0.875, 0.0, 1.0, 1.0, 0.8462, 0.8889, 0.0, 0.0, 1.0, 0.1111, 0.9, 0.8571, 0.8889, 1.0, 0.0, 0.1429, 1.0, 0.0833, 1.0, 1.0, 0.8333, 0.9, 0.0, 0.1, 1.0, 0.0, 1.0, 1.0, 0.875, 1.0, 0.5, 0.0, 0.8, 0.0, 0.8571, 0.375, 1.0, 0.8571, 0.9, 1.0, 0.8462, 0.0, 0.625]"
