dynamics.broadcast_steps,rep,strategy,final_rate,peak_rate,plateau,relapse,steps_to_fixed_point,converged,n_adopted,n_not_able,n_not_willing,n_not_ready,n_relapsed,curve,dept_rates,team_rates
1,0,broadcast,0.1295,0.1295,0.1295,0.0,37,True,259,0,286,1455,0,"[0.0, 0.021, 0.024, 0.0255, 0.027, 0.029, 0.0305, 0.0315, 0.034, 0.038, 0.0405, 0.044, 0.048, 0.052, 0.058, 0.0625, 0.067, 0.075, 0.079, 0.0835, 0.0895, 0.0945, 0.1, 0.106, 0.108, 0.111, 0.113, 0.115, 0.119, 0.122, 0.1235, 0.1255, 0.1275, 0.128, 0.1285, 0.129, 0.1295, 0.1295, 0.1295, 0.1295, 0.1295, 0.1295, 0.1295, 0.1295, 0.1295, 0.1295, 0.1295, 0.1295, 0.1295, 0.1295, 0.1295, 0.1295, 0.1295, 0.1295, 0.1295, 0.1295, 0.1295, 0.1295, 0.1295, 0.1295, 0.1295, 0.1295, 0.1295, 0.1295, 0.1295, 0.1295, 0.1295, 0.1295, 0.1295, 0.1295, 0.1295, 0.1295, 0.1295, 0.1295, 0.1295, 0.1295, 0.1295, 0.1295, 0.1295, 0.1295, 0.1295, 0.1295, 0.1295, 0.1295, 0.1295, 0.1295, 0.1295, 0.1295, 0.1295, 0.1295, 0.1295, 0.1295, 0.1295, 0.1295, 0.1295, 0.1295, 0.1295, 0.1295, 0.1295, 0.1295, 0.1295]","{""0"": 0.1805, ""1"": 0.0201, ""2"": 0.0154, ""3"": 0.0167, ""4"": 0.0198, ""5"": 0.0212, ""6"": 0.716, ""7"": 0.0364}","[0.1111, 0.0, 0.1, 0.1, 0.0, 0.0, 0.0, 1.0, 0.0, 0.0, 0.0, 0.0, 0.1429, 0.0, 0.0, 0.8182, 0.0, 0.0769, 0.0, 0.0, 0.0, 0.0, 0.0, 0.8182, 0.0, 0.0, 0.0, 0.0, 0.0, 0.0, 0.0, 1.0, 0.0, 0.0, 0.0, 0.0, 0.0, 0.125, 0.0, 0.5714, 0.0, 0.0, 0.0, 0.0, 0.1667, 0.0, 0.0833, 1.0, 0.1818, 0.0, 0.0, 0.0, 0.1667, 0.0, 0.0, 0.875, 0.0, 0.0, 0.1429, 0.0, 0.0, 0.0, 0.0, 0.6667, 0.0, 0.0, 0.0, 0.0, 0.0, 0.0, 0.0, 0.0, 0.0, 0.0, 0.0, 0.0, 0.0, 0.0769, 0.0, 0.0, 0.0, 1.0, 0.0, 0.0, 0.0, 0.1667, 0.0, 0.0, 0.125, 0.8333, 0.0, 0.0, 0.0, 0.0, 0.0, 0.1111, 0.0, 1.0, 0.0, 0.0, 0.0, 0.0, 0.0, 0.2, 0.1429, 1.0, 0.0, 0.0, 0.0, 0.0, 0.125, 0.375, 0.0, 1.0, 0.1667, 0.0, 0.0, 0.0, 0.0, 1.0, 0.0, 1.0, 0.0, 0.25, 0.0, 0.0, 0.0, 1.0, 0.0, 1.0, 0.0, 0.0, 0.0, 0.0, 0.0, 0.8571, 0.125, 0.0, 0.1429, 0.0, 0.0, 0.0, 0.0833, 0.8, 0.0, 0.0, 0.0, 0.0, 0.0, 0.0, 0.0, 0.6667, 0.0, 0.0, 0.0, 0.0, 0.0, 0.0, 0.0, 1.0, 0.0, 0.0, 0.0, 0.0, 0.0, 0.0, 0.0, 0.75, 0.0769, 0.0, 0.0, 0.0, 0.0, 0.0, 0.0, 0.8, 0.0, 0.0, 0.0, 0.0, 0.0909, 0.0, 0.2, 0.7, 0.0, 0.0, 0.0, 0.0, 0.0, 0.0, 0.0, 0.8571, 0.0, 0.0, 0.0, 0.0, 0.0, 0.0, 0.0, 0.8, 0.1667, 0.0, 0.0, 0.0, 0.0, 0.0, 0.0, 1.0, 0.25, 0.0, 0.1429, 0.0, 0.0, 0.0, 0.0, 0.8, 0.0, 0.0, 0.0, 0.0, 0.0, 0.0, 0.0, 1.0, 0.0, 0.1667, 0.0, 0.1111, 0.0, 0.0, 0.0, 0.8182, 0.0, 0.0, 0.0, 0.0, 0.0, 0.1111, 0.1667, 1.0, 0.0, 0.0, 0.0, 0.0, 0.0, 0.1, 0.0, 1.0, 0.0, 0.0]"
1,1,broadcast,0.088,0.088,0.088,0.0,33,True,176,0,290,1534,0,"[0.0, 0.0255, 0.0275, 0.0305, 0.035, 0.039, 0.0425, 0.0465, 0.0535, 0.0575, 0.06, 0.063, 0.065, 0.0665, 0.068, 0.0695, 0.07, 0.0705, 0.071, 0.0715, 0.0725, 0.074, 0.075, 0.076, 0.078, 0.0805, 0.0815, 0.0835, 0.0845, 0.085, 0.0855, 0.0865, 0.088, 0.088, 0.088, 0.088, 0.088, 0.088, 0.088, 0.088, 0.088, 0.088, 0.088, 0.088, 0.088, 0.088, 0.088, 0.088, 0.088, 0.088, 0.088, 0.088, 0.088, 0.088, 0.088, 0.088, 0.088, 0.088, 0.088, 0.088, 0.088, 0.088, 0.088, 0.088, 0.088, 0.088, 0.088, 0.088, 0.088, 0.088, 0.088, 0.088, 0.088, 0.088, 0.088, 0.088, 0.088, 0.088, 0.088, 0.088, 0.088, 0.088, 0.088, 0.088, 0.088, 0.088, 0.088, 0.088, 0.088, 0.088, 0.088, 0.088, 0.088, 0.088, 0.088, 0.088, 0.088, 0.088, 0.088, 0.088, 0.088]","{""0"": 0.0423, ""1"": 0.0202, ""2"": 0.0282, ""3"": 0.4269, ""4"": 0.0127, ""5"": 0.0409, ""6"": 0.0043, ""7"": 0.1093}","[0.1111, 0.125, 0.0, 0.0, 0.0, 0.0, 0.0909, 0.0, 0.125, 0.0, 0.0, 0.0, 0.0, 0.0, 0.1111, 0.0, 0.0, 0.125, 0.0, 0.1667, 0.2, 0.0, 0.0, 0.0, 0.7778, 0.125, 0.0, 0.0, 0.5, 0.0, 0.0, 0.0, 1.0, 0.0, 0.0, 0.1111, 1.0, 0.1111, 0.0, 0.0, 0.875, 0.8, 0.0, 0.0, 0.5714, 0.0, 0.2, 0.0, 0.0, 0.0, 0.0, 0.0, 1.0, 0.0, 0.0, 0.0, 0.0, 0.0, 0.0, 0.0, 1.0, 0.0, 0.0, 0.0, 0.0, 0.0, 0.0, 0.0769, 0.8, 0.0, 0.0, 0.0, 0.0, 0.0, 0.0, 0.0, 0.875, 0.0, 0.1, 0.0, 0.0, 0.0, 0.0, 0.0, 1.0, 0.0, 0.0833, 0.0, 0.0, 0.0, 0.0, 0.0, 0.7143, 0.0, 0.0, 0.0, 0.0, 0.0, 0.1111, 0.0, 1.0, 0.0, 0.0, 0.0, 0.0, 0.0, 0.0, 0.0, 0.75, 0.0, 0.0, 0.0, 0.0, 0.0, 0.125, 0.1429, 0.9, 0.0, 0.1, 0.0, 0.0, 0.0, 0.0, 0.0, 1.0, 0.0, 0.0667, 0.0, 0.0, 0.1429, 0.0, 0.1667, 0.8462, 0.0, 0.0, 0.1667, 0.0, 0.0, 0.0, 0.0, 0.875, 0.0, 0.0, 0.0, 0.0, 0.0, 0.0, 0.0, 0.0, 0.0, 0.0, 0.0, 0.0, 0.0, 0.0, 0.125, 0.0, 0.0, 0.0, 0.0, 0.0909, 0.0, 0.0, 0.0, 0.0, 0.0, 0.0, 0.0, 0.0, 0.0, 0.0, 0.1111, 0.0, 0.0, 0.0, 0.0, 0.0, 0.0, 0.0, 0.0, 0.25, 0.2857, 0.1818, 0.0, 0.0, 0.125, 0.0, 0.0, 0.0, 0.0, 0.0, 0.0, 0.0, 0.1429, 0.0, 0.0, 0.0, 0.0, 0.0, 0.0, 0.1429, 0.0909, 0.1111, 0.0, 0.0769, 0.0, 0.1111, 0.0, 0.0, 0.0, 0.0, 0.0, 0.0, 0.0, 0.0, 0.0, 0.0, 0.0, 0.0, 0.0, 0.0, 0.0, 0.0, 0.0, 0.0, 0.0, 0.1667, 0.0, 0.0, 0.0, 0.0, 0.0, 0.0, 0.0, 0.0, 0.0, 0.0, 0.0, 0.0, 0.0, 0.0, 0.0, 0.1, 0.0, 0.0, 0.0, 0.0, 0.0, 0.0, 0.0]"
1,2,broadcast,0.025,0.025,0.025,0.0,9,True,50,0,307,1643,0,"[0.0, 0.0185, 0.02, 0.021, 0.022, 0.023, 0.0235, 0.024, 0.025, 0.025, 0.025, 0.025, 0.025, 0.025, 0.025, 0.025, 0.025, 0.025, 0.025, 0.025, 0.025, 0.025, 0.025, 0.025, 0.025, 0.025, 0.025, 0.025, 0.025, 0.025, 0.025, 0.025, 0.025, 0.025, 0.025, 0.025, 0.025, 0.025, 0.025, 0.025, 0.025, 0.025, 0.025, 0.025, 0.025, 0.025, 0.025, 0.025, 0.025, 0.025, 0.025, 0.025, 0.025, 0.025, 0.025, 0.025, 0.025, 0.025, 0.025, 0.025, 0.025, 0.025, 0.025, 0.025, 0.025, 0.025, 0.025, 0.025, 0.025, 0.025, 0.025, 0.025, 0.025, 0.025, 0.025, 0.025, 0.025, 0.025, 0.025, 0.025, 0.025, 0.025, 0.025, 0.025, 0.025, 0.025, 0.025, 0.025, 0.025, 0.025, 0.025, 0.025, 0.025, 0.025, 0.025, 0.025, 0.025, 0.025, 0.025, 0.025, 0.025]","{""0"": 0.0228, ""1"": 0.0538, ""2"": 0.0206, ""3"": 0.0078, ""4"": 0.0279, ""5"": 0.0245, ""6"": 0.0338, ""7"": 0.0082}","[0.0, 0.0, 0.5, 0.0, 0.0, 0.0, 0.0, 0.0, 0.0, 0.0, 0.0, 0.0, 0.0, 0.0, 0.1111, 0.0, 0.0, 0.0, 0.0, 0.125, 0.0, 0.1111, 0.0, 0.0, 0.0, 0.0, 0.0, 0.0, 0.0, 0.0, 0.0, 0.0, 0.0, 0.0, 0.0, 0.0, 0.0, 0.0, 0.0, 0.0, 0.0, 0.0, 0.0, 0.0, 0.0, 0.1667, 0.0, 0.0, 0.0, 0.2, 0.0, 0.0, 0.0, 0.0, 0.0, 0.0, 0.1111, 0.0, 0.0, 0.0, 0.0, 0.0, 0.0909, 0.0, 0.0, 0.1429, 0.0, 0.0, 0.0, 0.0, 0.0, 0.1, 0.0, 0.0, 0.0, 0.0, 0.0, 0.1111, 0.0, 0.125, 0.0, 0.0, 0.0, 0.2, 0.0, 0.0, 0.0, 0.0, 0.0, 0.125, 0.0, 0.0, 0.0, 0.0, 0.0, 0.0, 0.0, 0.0, 0.0, 0.0, 0.0, 0.0, 0.125, 0.0, 0.0, 0.0, 0.0, 0.0, 0.1429, 0.0, 0.0, 0.0, 0.0, 0.0, 0.0, 0.0, 0.0, 0.0, 0.0, 0.0, 0.0, 0.0, 0.0, 0.0, 0.0, 0.0, 0.0, 0.0, 0.0, 0.0, 0.0, 0.0, 0.0, 0.0, 0.0, 0.0, 0.0, 0.0, 0.0, 0.0, 0.0, 0.0, 0.0, 0.0, 0.0, 0.0, 0.1667, 0.0, 0.0, 0.1, 0.0, 0.1, 0.0, 0.0, 0.0, 0.0, 0.0, 0.0, 0.0, 0.0, 0.0, 0.0, 0.0, 0.0, 0.0, 0.0, 0.0, 0.0, 0.0, 0.0, 0.0, 0.0, 0.0, 0.0, 0.0, 0.2, 0.0, 0.1667, 0.0, 0.1429, 0.0, 0.0833, 0.0, 0.0, 0.0, 0.0, 0.0, 0.1111, 0.0, 0.0, 0.0, 0.0, 0.0, 0.0, 0.0, 0.0, 0.1111, 0.0, 0.0909, 0.0, 0.125, 0.0, 0.0, 0.0, 0.0, 0.1429, 0.0, 0.0, 0.0, 0.0, 0.0, 0.0, 0.0, 0.0, 0.125, 0.0909, 0.0, 0.0, 0.0, 0.0, 0.0, 0.0, 0.1111, 0.0, 0.0, 0.0, 0.0, 0.0, 0.0, 0.0, 0.0, 0.2857, 0.0, 0.0, 0.0769, 0.1667, 0.0, 0.0, 0.0, 0.0, 0.0, 0.0, 0.8182, 0.0, 0.0, 0.1429, 0.0, 0.1111, 0.0, 0.0]"
1,3,broadcast,0.03,0.03,0.03,-0.0,4,True,60,0,302,1638,0,"[0.0, 0.0255, 0.028, 0.03, 0.03, 0.03, 0.03, 0.03, 0.03, 0.03, 0.03, 0.03, 0.03, 0.03, 0.03, 0.03, 0.03, 0.03, 0.03, 0.03, 0.03, 0.03, 0.03, 0.03, 0.03, 0.03, 0.03, 0.03, 0.03, 0.03, 0.03, 0.03, 0.03, 0.03, 0.03, 0.03, 0.03, 0.03, 0.03, 0.03, 0.03, 0.03, 0.03, 0.03, 0.03, 0.03, 0.03, 0.03, 0.03, 0.03, 0.03, 0.03, 0.03, 0.03, 0.03, 0.03, 0.03, 0.03, 0.03, 0.03, 0.03, 0.03, 0.03, 0.03, 0.03, 0.03, 0.03, 0.03, 0.03, 0.03, 0.03, 0.03, 0.03, 0.03, 0.03, 0.03, 0.03, 0.03, 0.03, 0.03, 0.03, 0.03, 0.03, 0.03, 0.03, 0.03, 0.03, 0.03, 0.03, 0.03, 0.03, 0.03, 0.03, 0.03, 0.03, 0.03, 0.03, 0.03, 0.03, 0.03, 0.03]","{""0"": 0.0257, ""1"": 0.0224, ""2"": 0.0591, ""3"": 0.024, ""4"": 0.0261, ""5"": 0.0444, ""6"": 0.0238, ""7"": 0.0121}","[0.0, 0.0, 0.0909, 0.0, 0.0, 0.0, 0.125, 0.0, 0.0, 0.0, 0.1667, 0.0, 0.1111, 0.0, 0.1667, 0.0, 0.0, 0.0, 0.0, 0.0, 0.0, 0.0, 0.0, 0.0, 0.0, 0.0, 0.0, 0.0, 0.0, 0.0, 0.125, 0.0, 0.0, 0.0, 0.0, 0.0769, 0.2857, 0.0, 0.0, 0.0, 0.0, 0.0, 0.0, 0.0, 0.0, 0.1111, 0.0, 0.0, 0.1429, 0.0, 0.0, 0.0, 0.0, 0.0, 0.0, 0.0, 0.1667, 0.0, 0.0, 0.0, 0.0, 0.0, 0.0, 0.25, 0.1, 0.0, 0.0, 0.4, 0.0, 0.0, 0.0, 0.0, 0.0, 0.0625, 0.0, 0.625, 0.0, 0.0, 0.0, 0.0, 0.0, 0.0769, 0.0, 0.0, 0.125, 0.1429, 0.2, 0.125, 0.0, 0.0, 0.0, 0.0, 0.0, 0.0, 0.0, 0.0, 0.0, 0.125, 0.0, 0.0, 0.0, 0.0, 0.125, 0.0, 0.0, 0.2222, 0.0, 0.0, 0.0, 0.0, 0.0, 0.0, 0.0, 0.0, 0.0, 0.0, 0.0, 0.0, 0.0, 0.0, 0.0, 0.0, 0.0, 0.25, 0.0, 0.0, 0.0, 0.0, 0.0, 0.0, 0.0, 0.1, 0.0, 0.0, 0.5, 0.0, 0.0, 0.0, 0.0, 0.125, 0.0, 0.0, 0.0, 0.0, 0.0, 0.1, 0.2857, 0.0, 0.0, 0.3333, 0.0, 0.0833, 0.0, 0.0, 0.0, 0.1667, 0.0, 0.0, 0.0, 0.0, 0.0, 0.0714, 0.0, 0.0, 0.0, 0.0, 0.0, 0.0, 0.0, 0.0, 0.1667, 0.0, 0.0714, 0.0, 0.0, 0.0, 0.0, 0.0, 0.0, 0.1111, 0.0, 0.1667, 0.0, 0.0, 0.0, 0.0, 0.0, 0.0, 0.0, 0.0, 0.0, 0.0, 0.0, 0.0, 0.0, 0.0, 0.0, 0.0, 0.0, 0.0, 0.0, 0.0, 0.0, 0.0, 0.1429, 0.125, 0.0556, 0.1, 0.0, 0.0, 0.0, 0.1111, 0.0, 0.0, 0.0, 0.0, 0.0, 0.0, 0.0, 0.0, 0.0, 0.0, 0.125, 0.25, 0.0, 0.0, 0.0, 0.0, 0.0, 0.125, 0.0, 0.0, 0.0, 0.0, 0.0, 0.0, 0.0, 0.0, 0.0, 0.1111, 0.0, 0.0, 0.0, 0.0, 0.0, 0.0, 0.1111, 0.0, 0.0, 0.0]"
1,4,broadcast,0.0235,0.0235,0.0235,0.0,3,True,47,0,298,1655,0,"[0.0, 0.0205, 0.0235, 0.0235, 0.0235, 0.0235, 0.0235, 0.0235, 0.0235, 0.0235, 0.0235, 0.0235, 0.0235, 0.0235, 0.0235, 0.0235, 0.0235, 0.0235, 0.0235, 0.0235, 0.0235, 0.0235, 0.0235, 0.0235, 0.0235, 0.0235, 0.0235, 0.0235, 0.0235, 0.0235, 0.0235, 0.0235, 0.0235, 0.0235, 0.0235, 0.0235, 0.0235, 0.0235, 0.0235, 0.0235, 0.0235, 0.0235, 0.0235, 0.0235, 0.0235, 0.0235, 0.0235, 0.0235, 0.0235, 0.0235, 0.0235, 0.0235, 0.0235, 0.0235, 0.0235, 0.0235, 0.0235, 0.0235, 0.0235, 0.0235, 0.0235, 0.0235, 0.0235, 0.0235, 0.0235, 0.0235, 0.0235, 0.0235, 0.0235, 0.0235, 0.0235, 0.0235, 0.0235, 0.0235, 0.0235, 0.0235, 0.0235, 0.0235, 0.0235, 0.0235, 0.0235, 0.0235, 0.0235, 0.0235, 0.0235, 0.0235, 0.0235, 0.0235, 0.0235, 0.0235, 0.0235, 0.0235, 0.0235, 0.0235, 0.0235, 0.0235, 0.0235, 0.0235, 0.0235, 0.0235, 0.0235]","{""0"": 0.0152, ""1"": 0.0126, ""2"": 0.0349, ""3"": 0.0041, ""4"": 0.0551, ""5"": 0.0282, ""6"": 0.012, ""7"": 0.0247}","[0.0, 0.0, 0.0, 0.0, 0.0, 0.0, 0.0, 0.125, 0.0, 0.1667, 0.0, 0.1111, 0.0, 0.1429, 0.1111, 0.0, 0.0, 0.0, 0.0, 0.0, 0.0, 0.0909, 0.0, 0.0, 0.0, 0.0, 0.0, 0.0, 0.0, 0.0, 0.1111, 0.0, 0.0, 0.0, 0.0, 0.0833, 0.0, 0.1429, 0.0, 0.0, 0.0, 0.0, 0.0, 0.0, 0.0, 0.0, 0.0, 0.0, 0.0, 0.1667, 0.0, 0.0, 0.0, 0.0, 0.0, 0.0, 0.0, 0.0, 0.0, 0.0, 0.0, 0.0, 0.0, 0.0, 0.1, 0.0, 0.1667, 0.1667, 0.0, 0.0, 0.0, 0.0, 0.0, 0.0, 0.125, 0.1667, 0.0, 0.0, 0.0, 0.0, 0.0, 0.0, 0.0, 0.0, 0.0, 0.0, 0.0, 0.0, 0.0, 0.0, 0.0, 0.1, 0.0, 0.0, 0.0, 0.0, 0.0, 0.0, 0.1429, 0.0, 0.0, 0.0, 0.0, 0.0, 0.1667, 0.0, 0.0, 0.0, 0.0, 0.1429, 0.0, 0.0, 0.0, 0.0, 0.0, 0.0, 0.0, 0.1, 0.0, 0.0, 0.0, 0.0, 0.0, 0.0, 0.0, 0.0, 0.0, 0.0, 0.0, 0.0, 0.0, 0.0, 0.0, 0.1667, 0.0, 0.0, 0.0, 0.0, 0.0, 0.0, 0.0, 0.0, 0.0, 0.0, 0.0, 0.0, 0.0, 0.0, 0.0, 0.1429, 0.0, 0.1, 0.1429, 0.1, 0.0, 0.0, 0.0833, 0.0, 0.0, 0.0, 0.0, 0.0, 0.0, 0.0, 0.0, 0.0, 0.0, 0.0, 0.0, 0.0, 0.0, 0.0, 0.0, 0.0, 0.2857, 0.125, 0.0, 0.0, 0.0, 0.0, 0.0, 0.0833, 0.1667, 0.0, 0.0, 0.0, 0.0, 0.0, 0.0, 0.0769, 0.0, 0.0, 0.0, 0.0, 0.0, 0.0, 0.0, 0.0, 0.0, 0.0, 0.125, 0.0, 0.0, 0.0, 0.0, 0.0, 0.0, 0.0, 0.0, 0.0, 0.0, 0.0, 0.0, 0.1, 0.0, 0.0, 0.1667, 0.0, 0.0, 0.0, 0.0, 0.2727, 0.1667, 0.0, 0.0, 0.0, 0.0, 0.0, 0.0, 0.0, 0.0, 0.0, 0.1429, 0.0, 0.0, 0.0, 0.0, 0.0, 0.0, 0.0, 0.0, 0.0, 0.0, 0.6, 0.0, 0.0, 0.1111, 0.0, 0.0, 0.0]"
1,5,broadcast,0.0255,0.0255,0.0255,-0.0,8,True,51,0,282,1667,0,"[0.0, 0.016, 0.017, 0.0185, 0.021, 0.0225, 0.025, 0.0255, 0.0255, 0.0255, 0.0255, 0.0255, 0.0255, 0.0255, 0.0255, 0.0255, 0.0255, 0.0255, 0.0255, 0.0255, 0.0255, 0.0255, 0.0255, 0.0255, 0.0255, 0.0255, 0.0255, 0.0255, 0.0255, 0.0255, 0.0255, 0.0255, 0.0255, 0.0255, 0.0255, 0.0255, 0.0255, 0.0255, 0.0255, 0.0255, 0.0255, 0.0255, 0.0255, 0.0255, 0.0255, 0.0255, 0.0255, 0.0255, 0.0255, 0.0255, 0.0255, 0.0255, 0.0255, 0.0255, 0.0255, 0.0255, 0.0255, 0.0255, 0.0255, 0.0255, 0.0255, 0.0255, 0.0255, 0.0255, 0.0255, 0.0255, 0.0255, 0.0255, 0.0255, 0.0255, 0.0255, 0.0255, 0.0255, 0.0255, 0.0255, 0.0255, 0.0255, 0.0255, 0.0255, 0.0255, 0.0255, 0.0255, 0.0255, 0.0255, 0.0255, 0.0255, 0.0255, 0.0255, 0.0255, 0.0255, 0.0255, 0.0255, 0.0255, 0.0255, 0.0255, 0.0255, 0.0255, 0.0255, 0.0255, 0.0255, 0.0255]","{""0"": 0.0159, ""1"": 0.0216, ""2"": 0.0225, ""3"": 0.0167, ""4"": 0.0402, ""5"": 0.0083, ""6"": 0.0151, ""7"": 0.0625}","[0.0, 0.0, 0.0, 0.0, 0.125, 0.0, 0.0, 0.0, 0.0, 0.0, 0.0, 0.0, 0.0, 0.0, 0.0, 0.0, 0.0, 0.0, 0.0, 0.0, 0.0, 0.0, 0.0, 0.125, 0.1667, 0.0, 0.0, 0.1667, 0.0, 0.875, 0.0, 0.0, 0.0, 0.0, 0.0, 0.0, 0.0909, 0.4, 0.0, 0.0, 0.0, 0.0, 0.0, 0.0, 0.0, 0.0, 0.0, 0.0, 0.0, 0.0, 0.0, 0.1111, 0.2, 0.0, 0.1111, 0.0, 0.0, 0.0, 0.0, 0.0, 0.0, 0.0, 0.0, 0.0, 0.0, 0.0, 0.0, 0.0, 0.0, 0.0, 0.0, 0.0, 0.0, 0.0, 0.0, 0.1111, 0.0, 0.0, 0.0909, 0.0625, 0.0, 0.3333, 0.0, 0.0, 0.0, 0.0, 0.0, 0.0, 0.1667, 0.0, 0.1667, 0.0, 0.0, 0.0, 0.0, 0.0, 0.0, 0.0, 0.0, 0.0, 0.0, 0.0909, 0.0, 0.0, 0.0, 0.0, 0.0, 0.1, 0.0, 0.0, 0.0, 0.0, 0.0, 0.0, 0.0, 0.0, 0.0, 0.0, 0.0, 0.0, 1.0, 0.0, 0.0, 0.0, 0.0, 0.0, 0.0, 0.0, 0.1667, 0.0, 0.1667, 0.0, 0.0, 0.0, 0.0, 0.0, 0.0, 0.0769, 0.0, 0.0, 0.0, 0.0, 0.0, 0.0, 0.1111, 0.0, 0.0, 0.0, 0.0, 0.0, 0.0, 0.1, 0.0, 0.0, 0.0, 0.0, 0.0, 0.0, 0.0, 0.0, 0.0, 0.0, 0.1, 0.0, 0.0, 0.0, 0.0, 0.0, 0.0, 0.0, 0.0, 0.0, 0.0, 0.0, 0.0, 0.0, 0.0, 0.0, 0.0, 0.0, 0.0, 0.0, 0.0, 0.0, 0.0, 0.0, 0.0, 0.0, 0.0, 0.0, 0.0, 0.0, 0.0, 0.25, 0.0, 0.0, 0.0, 0.0, 0.0, 0.0, 0.0, 0.0, 0.0, 0.2, 0.0, 0.0, 0.0, 0.0, 0.0, 0.0, 0.125, 0.0, 0.0, 0.0, 0.0, 0.0, 0.0, 0.0, 0.0, 0.0, 0.0, 0.0, 0.0, 0.0, 0.0, 0.0, 0.0, 0.0, 0.0769, 0.0, 0.0, 0.0714, 0.0, 0.1667, 0.1429, 0.0, 0.0, 0.0, 0.0, 0.0, 0.0, 0.0, 0.0, 0.0, 0.0, 0.0, 0.0, 0.0, 0.125, 0.0]"
1,6,broadcast,0.085,0.085,0.085,0.0,25,True,170,0,302,1528,0,"[0.0, 0.024, 0.026, 0.028, 0.031, 0.034, 0.037, 0.041, 0.047, 0.0505, 0.055, 0.058, 0.0605, 0.064, 0.067, 0.0705, 0.0735, 0.0755, 0.0765, 0.078, 0.079, 0.08, 0.083, 0.084, 0.085, 0.085, 0.085, 0.085, 0.085, 0.085, 0.085, 0.085, 0.085, 0.085, 0.085, 0.085, 0.085, 0.085, 0.085, 0.085, 0.085, 0.085, 0.085, 0.085, 0.085, 0.085, 0.085, 0.085, 0.085, 0.085, 0.085, 0.085, 0.085, 0.085, 0.085, 0.085, 0.085, 0.085, 0.085, 0.085, 0.085, 0.085, 0.085, 0.085, 0.085, 0.085, 0.085, 0.085, 0.085, 0.085, 0.085, 0.085, 0.085, 0.085, 0.085, 0.085, 0.085, 0.085, 0.085, 0.085, 0.085, 0.085, 0.085, 0.085, 0.085, 0.085, 0.085, 0.085, 0.085, 0.085, 0.085, 0.085, 0.085, 0.085, 0.085, 0.085, 0.085, 0.085, 0.085, 0.085, 0.085]","{""0"": 0.0311, ""1"": 0.0114, ""2"": 0.0294, ""3"": 0.5079, ""4"": 0.012, ""5"": 0.0308, ""6"": 0.0272, ""7"": 0.0227}","[0.0, 0.0, 0.0, 0.0, 0.9, 0.0, 0.0, 0.0, 0.0, 0.0, 0.0, 0.0, 1.0, 0.0, 0.0, 0.1111, 0.0, 0.1111, 0.0, 0.0, 1.0, 0.0, 0.0714, 0.0769, 0.0, 0.0, 0.0, 0.0, 1.0, 0.0, 0.0909, 0.1429, 0.0, 0.0, 0.0909, 0.0, 0.8571, 0.0, 0.1429, 0.0, 0.0, 0.0, 0.0, 0.0, 0.75, 0.0, 0.0, 0.0, 0.0, 0.0, 0.0, 0.1111, 0.0, 0.0, 0.0, 0.0, 0.0, 0.0, 0.0, 0.0, 0.0769, 0.1429, 0.0, 0.0, 0.0, 0.0, 0.0, 0.0, 0.0, 0.0, 0.1111, 0.0, 0.0, 0.0, 0.1, 0.0, 0.0, 0.0, 0.0, 0.0, 0.0, 0.0, 0.0, 0.0, 0.0833, 0.0833, 0.0, 0.0, 0.0, 0.0, 0.0, 0.0, 0.1429, 0.0, 0.0, 0.0, 0.0, 0.0, 0.0, 0.0, 0.0, 0.0, 0.1429, 0.0, 0.1, 0.125, 0.0, 0.125, 0.0, 0.0, 0.0, 0.2, 0.0, 0.0, 0.0, 0.1111, 0.0, 0.0, 0.1, 0.0, 0.0, 0.1, 0.0, 0.0, 0.5, 0.0, 0.0, 0.0, 0.0, 0.2222, 0.0, 0.25, 0.875, 0.0, 0.0, 0.0, 0.1429, 0.1429, 0.0, 0.0, 0.8571, 0.0, 0.0, 0.0, 0.125, 0.0, 0.0769, 0.0, 1.0, 0.0, 0.0, 0.0, 0.0, 0.0, 0.0, 0.0, 0.7692, 0.0, 0.0, 0.0, 0.0, 0.0, 0.0, 0.0, 0.8333, 0.0, 0.0, 0.0, 0.0, 0.0, 0.0, 0.0, 0.8, 0.0, 0.0, 0.4, 0.0, 0.0, 0.0, 0.0, 1.0, 0.0, 0.1111, 0.0, 0.0, 0.0, 0.0, 0.0, 0.7143, 0.0, 0.1429, 0.0, 0.0, 0.0667, 0.0, 0.0, 1.0, 0.0, 0.0, 0.0, 0.0909, 0.0, 0.0, 0.0, 0.0, 0.0, 0.0, 0.0, 0.1, 0.0, 0.0, 0.0, 0.0, 0.0, 0.0, 0.0, 0.0, 0.0, 0.0, 0.1538, 0.0, 0.0, 0.0, 0.0, 0.0, 0.0, 0.0, 0.0, 0.0, 0.0, 0.0, 0.1, 0.0, 0.125, 0.0, 0.0, 0.8889, 0.0, 0.0, 0.0, 0.0, 0.0, 0.0, 0.0, 0.8889, 0.0909, 0.0, 0.0, 0.0, 0.0]"
1,7,broadcast,0.0325,0.0325,0.0325,0.0,8,True,65,0,280,1655,0,"[0.0, 0.0255, 0.0285, 0.03, 0.0305, 0.031, 0.032, 0.0325, 0.0325, 0.0325, 0.0325, 0.0325, 0.0325, 0.0325, 0.0325, 0.0325, 0.0325, 0.0325, 0.0325, 0.0325, 0.0325, 0.0325, 0.0325, 0.0325, 0.0325, 0.0325, 0.0325, 0.0325, 0.0325, 0.0325, 0.0325, 0.0325, 0.0325, 0.0325, 0.0325, 0.0325, 0.0325, 0.0325, 0.0325, 0.0325, 0.0325, 0.0325, 0.0325, 0.0325, 0.0325, 0.0325, 0.0325, 0.0325, 0.0325, 0.0325, 0.0325, 0.0325, 0.0325, 0.0325, 0.0325, 0.0325, 0.0325, 0.0325, 0.0325, 0.0325, 0.0325, 0.0325, 0.0325, 0.0325, 0.0325, 0.0325, 0.0325, 0.0325, 0.0325, 0.0325, 0.0325, 0.0325, 0.0325, 0.0325, 0.0325, 0.0325, 0.0325, 0.0325, 0.0325, 0.0325, 0.0325, 0.0325, 0.0325, 0.0325, 0.0325, 0.0325, 0.0325, 0.0325, 0.0325, 0.0325, 0.0325, 0.0325, 0.0325, 0.0325, 0.0325, 0.0325, 0.0325, 0.0325, 0.0325, 0.0325, 0.0325]","{""0"": 0.0118, ""1"": 0.0198, ""2"": 0.0335, ""3"": 0.0263, ""4"": 0.0591, ""5"": 0.0484, ""6"": 0.0361, ""7"": 0.0255}","[0.1111, 0.0, 0.0, 0.0, 0.0, 0.0, 0.0, 0.0, 0.0, 0.0, 0.125, 0.0, 0.0, 0.0, 0.0, 0.0, 0.3333, 0.0, 0.0, 0.0, 0.0, 0.0, 0.0, 0.2, 0.0, 0.0, 0.125, 0.0, 0.0, 0.0, 0.0, 0.1, 0.0, 0.0, 0.0, 0.0, 0.0, 0.0, 0.0, 0.1429, 0.0, 0.0, 0.0, 0.0, 0.0, 0.0, 0.1111, 0.2857, 0.0, 0.0, 0.0, 0.2, 0.1, 0.1, 0.0, 0.1111, 0.0, 0.0, 0.0, 0.0, 0.0, 0.0, 0.5, 0.0, 0.0, 0.0, 0.0, 0.0, 0.1667, 0.0, 0.25, 0.1111, 0.0, 0.0, 0.0, 0.0, 0.0, 0.0, 0.0, 0.0, 0.0, 0.0, 0.0, 0.1429, 0.0, 0.0, 0.0, 0.0, 0.0, 0.0, 0.0, 0.0, 0.1, 0.0, 0.0, 0.1429, 0.0, 0.0, 0.0, 0.0, 0.0, 0.0, 0.0, 0.0, 0.0, 0.0, 0.0, 0.0, 0.1, 0.0, 0.0, 0.0, 0.1429, 0.0, 0.0, 0.0833, 0.0, 0.3333, 0.1111, 0.0, 0.0, 0.0, 0.25, 0.0, 0.0, 0.0, 0.0, 0.0, 0.0, 0.0, 0.0, 0.0, 0.0, 0.0, 0.0, 0.0, 0.0, 0.0, 0.0, 0.125, 0.0, 0.0, 0.25, 0.0, 0.0, 0.0, 0.0, 0.0, 0.0, 0.0, 0.1111, 0.0, 0.0, 0.0, 0.1429, 0.1667, 0.0, 0.0, 0.0, 0.0, 0.0, 0.0, 0.0, 0.0, 0.125, 0.4, 0.0, 0.0769, 0.1667, 0.1, 0.0833, 0.0, 0.0, 0.0, 0.0, 0.0, 0.0, 0.0, 0.0, 0.1429, 0.0, 0.0, 0.1111, 0.0, 0.0, 0.0, 0.0, 0.0909, 0.0, 0.0, 0.0, 0.0, 0.0, 0.0, 0.0, 0.0, 0.0, 0.1667, 0.0833, 0.0, 0.0, 0.0, 0.0, 0.0, 0.0769, 0.0, 0.0, 0.0, 0.0, 0.0, 0.0, 0.1429, 0.0, 0.0, 0.0, 0.0, 0.0, 0.0, 0.0, 0.0, 0.0, 0.0, 0.0, 0.0, 0.0, 0.1111, 0.0, 0.0, 0.0, 0.0, 0.0, 0.0, 0.0, 0.0, 0.0, 0.0, 0.0, 0.0, 0.0, 0.0, 0.0769, 0.0, 0.0, 0.0, 0.0, 1.0, 0.1, 0.0, 0.0, 0.1111]"
1,8,broadcast,0.0265,0.0265,0.0265,-0.0,7,True,53,0,305,1642,0,"[0.0, 0.0195, 0.022, 0.0245, 0.025, 0.026, 0.0265, 0.0265, 0.0265, 0.0265, 0.0265, 0.0265, 0.0265, 0.0265, 0.0265, 0.0265, 0.0265, 0.0265, 0.0265, 0.0265, 0.0265, 0.0265, 0.0265, 0.0265, 0.0265, 0.0265, 0.0265, 0.0265, 0.0265, 0.0265, 0.0265, 0.0265, 0.0265, 0.0265, 0.0265, 0.0265, 0.0265, 0.0265, 0.0265, 0.0265, 0.0265, 0.0265, 0.0265, 0.0265, 0.0265, 0.0265, 0.0265, 0.0265, 0.0265, 0.0265, 0.0265, 0.0265, 0.0265, 0.0265, 0.0265, 0.0265, 0.0265, 0.0265, 0.0265, 0.0265, 0.0265, 0.0265, 0.0265, 0.0265, 0.0265, 0.0265, 0.0265, 0.0265, 0.0265, 0.0265, 0.0265, 0.0265, 0.0265, 0.0265, 0.0265, 0.0265, 0.0265, 0.0265, 0.0265, 0.0265, 0.0265, 0.0265, 0.0265, 0.0265, 0.0265, 0.0265, 0.0265, 0.0265, 0.0265, 0.0265, 0.0265, 0.0265, 0.0265, 0.0265, 0.0265, 0.0265, 0.0265, 0.0265, 0.0265, 0.0265, 0.0265]","{""0"": 0.0129, ""1"": 0.0656, ""2"": 0.0154, ""3"": 0.0234, ""4"": 0.0357, ""5"": 0.0159, ""6"": 0.0163, ""7"": 0.026}","[0.0, 0.0, 0.0, 0.0, 0.0, 0.1429, 0.0, 0.0, 0.1667, 0.0, 0.0, 0.0, 0.2222, 0.0, 0.0, 0.0, 0.0, 0.0, 0.0, 0.0, 0.0, 0.0, 0.0909, 0.0, 0.0, 0.0, 0.0, 0.125, 0.0, 0.0, 0.0, 0.0, 0.0909, 0.0, 0.5, 0.0, 0.0, 0.2, 0.0, 0.0, 0.0, 0.0, 0.75, 0.0769, 0.0909, 0.1, 0.0, 0.0, 0.0, 0.0, 0.2, 0.0, 0.0, 0.125, 0.0, 0.0, 0.0, 0.0, 0.0, 0.0, 0.0, 0.0, 0.0, 0.0, 0.0, 0.0, 0.0, 0.0, 0.0, 0.1667, 0.1429, 0.0, 0.0, 0.0, 0.0, 0.0, 0.0, 0.0, 0.1111, 0.0, 0.0, 0.0, 0.0, 0.0, 0.0, 0.0, 0.0, 0.0, 0.0, 0.0, 0.25, 0.0, 0.0714, 0.1111, 0.0, 0.0, 0.0, 0.0, 0.125, 0.0, 0.0, 0.0, 0.0, 0.0, 0.0, 0.0, 0.0, 0.0, 0.0, 0.0, 0.0, 0.0, 0.0, 0.0, 0.0, 0.1429, 0.0, 0.0, 0.0, 0.0, 0.0, 0.0, 0.0, 0.0, 0.0, 0.0, 0.0, 0.3333, 0.0, 0.2, 0.0, 0.0, 0.0, 0.0, 0.0, 0.0, 0.0, 0.2857, 0.0, 0.0, 0.1, 0.0, 0.0, 0.0, 0.0, 0.0, 0.0, 0.0, 0.0, 0.0, 0.0, 0.0, 0.0, 0.0, 0.0909, 0.0, 0.0, 0.0, 0.0, 0.0, 0.0, 0.0, 0.0, 0.0, 0.0, 0.0, 0.0, 0.0, 0.0909, 0.0, 0.0, 0.0, 0.0, 0.0, 0.0, 0.0, 0.0, 0.0, 0.0, 0.0, 0.0, 0.0, 0.0, 0.0, 0.3333, 0.0, 0.0833, 0.0, 0.0, 0.1111, 0.0, 0.0, 0.0, 0.0, 0.0, 0.0, 0.0, 0.0, 0.0, 0.0, 0.0, 0.0, 0.0, 0.0, 0.0, 0.0, 0.0, 0.0, 0.0, 0.0, 0.0, 0.0, 0.0, 0.1667, 0.0, 0.0, 0.2, 0.0, 0.1667, 0.1429, 0.1429, 0.0, 0.0, 0.0, 0.0, 0.0, 0.0, 0.0, 0.0, 0.0, 0.0, 0.0, 0.0, 0.0, 0.0, 0.0, 0.0, 0.0714, 0.125, 0.125, 0.0, 0.0, 0.0, 0.0, 0.0, 0.0, 0.0, 0.0, 0.0, 0.0]"
1,9,broadcast,0.0635,0.0635,0.0635,0.0,24,True,127,0,297,1576,0,"[0.0, 0.0175, 0.0195, 0.021, 0.023, 0.026, 0.0275, 0.0305, 0.0335, 0.036, 0.0385, 0.0425, 0.046, 0.049, 0.052, 0.0535, 0.0545, 0.0555, 0.0565, 0.0585, 0.06, 0.061, 0.0625, 0.0635, 0.0635, 0.0635, 0.0635, 0.0635, 0.0635, 0.0635, 0.0635, 0.0635, 0.0635, 0.0635, 0.0635, 0.0635, 0.0635, 0.0635, 0.0635, 0.0635, 0.0635, 0.0635, 0.0635, 0.0635, 0.0635, 0.0635, 0.0635, 0.0635, 0.0635, 0.0635, 0.0635, 0.0635, 0.0635, 0.0635, 0.0635, 0.0635, 0.0635, 0.0635, 0.0635, 0.0635, 0.0635, 0.0635, 0.0635, 0.0635, 0.0635, 0.0635, 0.0635, 0.0635, 0.0635, 0.0635, 0.0635, 0.0635, 0.0635, 0.0635, 0.0635, 0.0635, 0.0635, 0.0635, 0.0635, 0.0635, 0.0635, 0.0635, 0.0635, 0.0635, 0.0635, 0.0635, 0.0635, 0.0635, 0.0635, 0.0635, 0.0635, 0.0635, 0.0635, 0.0635, 0.0635, 0.0635, 0.0635, 0.0635, 0.0635, 0.0635, 0.0635]","{""0"": 0.0314, ""1"": 0.3467, ""2"": 0.0267, ""3"": 0.0395, ""4"": 0.0, ""5"": 0.008, ""6"": 0.0158, ""7"": 0.008}","[0.1111, 0.0, 0.8571, 0.0, 0.0, 0.0, 0.0, 0.0, 0.0, 0.0, 0.25, 0.0, 0.0, 0.0, 0.0, 0.0, 0.0, 0.0, 1.0, 0.0, 0.0, 0.0, 0.0, 0.2, 0.125, 0.0, 0.8889, 0.125, 0.0, 0.0, 0.0, 0.0, 0.0, 0.0, 0.8571, 0.0, 0.0, 0.0, 0.0, 0.0, 0.0, 0.0, 0.0, 0.0, 0.0, 0.0, 0.0, 0.0, 0.0, 0.0667, 0.0, 0.0, 0.0833, 0.0, 0.0, 0.0, 0.0, 0.0, 0.0, 0.0, 0.0, 0.0, 0.0, 0.0, 0.0, 0.0, 0.0, 0.0, 0.0, 0.0, 0.0, 0.0, 0.0, 0.0, 0.0, 0.1429, 0.0, 0.0, 0.0, 0.2, 0.0, 0.0, 0.0, 0.0, 0.0, 0.0, 0.0, 0.0, 0.0, 0.0, 0.0, 0.0, 0.0, 0.0, 0.0, 0.0, 0.0, 0.0, 0.1, 0.0, 0.1667, 0.0, 0.0, 0.0, 0.0, 0.0, 0.0, 0.0, 0.0, 0.0, 0.0, 0.0, 0.0, 0.0, 0.0833, 0.2, 0.0, 0.0, 0.0, 0.0, 0.0, 0.0, 0.0625, 0.0, 0.0769, 0.0, 0.0, 0.0, 0.0, 0.0, 0.0, 0.0, 0.0909, 0.0, 0.0, 0.0, 0.0, 0.0, 0.0, 0.0, 0.0, 0.0, 0.0, 0.0, 0.0, 0.0, 0.0, 0.0, 0.0, 0.0, 0.0, 0.0714, 0.0, 0.0, 0.0, 0.125, 0.0, 0.0, 0.0, 0.0, 0.0, 0.125, 0.0, 0.1111, 0.125, 0.0, 0.0, 0.0, 0.0, 0.1429, 0.0, 0.0, 0.0, 0.0, 0.0, 0.0, 0.0, 0.0909, 0.0, 0.0, 0.0, 0.0, 0.1111, 0.0, 0.0, 0.0, 1.0, 0.0, 0.0, 0.0, 0.0, 0.0, 0.0, 0.0, 0.75, 0.0, 0.0714, 0.0, 0.0, 0.0, 0.0, 0.0, 1.0, 0.0, 0.0714, 0.0, 0.0, 0.0, 0.125, 0.0, 0.8462, 0.1, 0.125, 0.0, 0.0, 0.0, 0.0, 0.0, 0.8333, 0.0, 0.0, 0.0, 0.1111, 0.0, 0.0, 0.1429, 0.8571, 0.0, 0.1429, 0.0, 0.0, 0.0, 0.0, 0.3333, 1.0, 0.0, 0.0, 0.0, 0.0, 0.0, 0.0, 0.0, 0.8333, 0.0, 0.2, 0.0, 0.0, 0.0, 0.0, 0.0]"
1,10,broadcast,0.09,0.09,0.09,0.0,29,True,180,0,314,1506,0,"[0.0, 0.025, 0.028, 0.0305, 0.0345, 0.0375, 0.039, 0.0425, 0.0455, 0.0485, 0.05, 0.051, 0.0545, 0.056, 0.058, 0.0595, 0.062, 0.0645, 0.066, 0.068, 0.0705, 0.0725, 0.074, 0.0765, 0.0805, 0.0845, 0.0865, 0.0875, 0.09, 0.09, 0.09, 0.09, 0.09, 0.09, 0.09, 0.09, 0.09, 0.09, 0.09, 0.09, 0.09, 0.09, 0.09, 0.09, 0.09, 0.09, 0.09, 0.09, 0.09, 0.09, 0.09, 0.09, 0.09, 0.09, 0.09, 0.09, 0.09, 0.09, 0.09, 0.09, 0.09, 0.09, 0.09, 0.09, 0.09, 0.09, 0.09, 0.09, 0.09, 0.09, 0.09, 0.09, 0.09, 0.09, 0.09, 0.09, 0.09, 0.09, 0.09, 0.09, 0.09, 0.09, 0.09, 0.09, 0.09, 0.09, 0.09, 0.09, 0.09, 0.09, 0.09, 0.09, 0.09, 0.09, 0.09, 0.09, 0.09, 0.09, 0.09, 0.09, 0.09]","{""0"": 0.1346, ""1"": 0.3858, ""2"": 0.0128, ""3"": 0.0435, ""4"": 0.0615, ""5"": 0.0367, ""6"": 0.023, ""7"": 0.0081}","[0.3333, 0.0, 0.0, 0.0, 0.0, 0.0, 0.1667, 0.0, 0.0, 0.125, 0.0, 0.0, 0.0, 0.0, 0.0, 0.0, 0.125, 0.0, 0.1429, 0.0, 0.0, 0.0, 0.0, 0.0, 0.0, 0.0, 0.0, 0.0, 0.0, 0.0, 0.0, 0.0, 0.0, 0.0, 0.0909, 0.0, 0.0, 0.0, 0.0, 0.0, 0.0, 0.2, 0.1429, 0.0, 0.0, 0.0, 0.1111, 0.1, 0.0, 0.0, 0.0, 0.0, 0.125, 0.0, 0.0, 0.0, 0.0, 0.0, 0.1111, 0.125, 0.0, 0.1429, 0.0, 0.0, 0.0, 0.0, 0.0, 0.0, 0.0, 0.0, 0.125, 0.1667, 0.0, 0.0, 0.0, 0.1667, 0.0, 0.0, 0.0, 0.0, 0.0, 0.0, 0.0, 0.0, 0.0, 0.0, 0.0, 0.0, 0.0, 0.0, 0.8, 0.0, 0.1667, 0.0, 0.0, 0.0, 0.0, 0.0, 1.0, 0.0, 0.0, 0.0, 0.0, 0.1429, 0.0, 0.0, 0.8333, 0.0, 0.0, 0.0, 0.1429, 0.1667, 0.0, 0.0, 0.875, 0.0, 0.0, 0.0, 0.0, 0.0, 0.0, 0.0, 0.8333, 0.0, 0.0, 0.0, 0.0, 0.0, 0.0, 0.0, 1.0, 0.0, 0.0, 0.0, 0.0833, 0.0, 0.0, 0.125, 0.8571, 0.0, 0.1429, 0.0, 0.0, 0.0, 0.0, 1.0, 0.8182, 0.0, 0.0, 0.1, 0.0, 0.0, 0.0, 1.0, 0.8571, 0.0, 0.0, 0.0, 0.0, 0.0, 0.0, 0.8571, 0.9, 0.0, 0.0909, 0.0, 0.0, 0.0, 0.0, 0.9, 0.8571, 0.0, 0.1429, 0.0, 0.1667, 0.0, 0.0, 0.7778, 0.9091, 0.0, 0.0, 0.0, 0.0, 0.0, 0.0, 0.0, 1.0, 0.0, 0.375, 0.0, 0.0, 0.0, 0.2, 0.0, 0.0, 0.0, 0.1667, 0.8, 0.0, 0.0, 0.0, 0.0, 0.0, 0.125, 0.0, 0.8333, 0.1111, 0.0, 0.0, 0.0, 0.0, 0.0, 0.0909, 0.0, 0.0, 0.125, 0.0, 0.0, 0.125, 0.0, 0.0, 0.0, 0.0, 0.0, 0.0, 0.0, 0.0, 0.0, 0.0, 0.0, 0.1667, 0.0, 0.0, 0.0, 0.1667, 0.0, 0.0, 0.0, 0.125, 0.0, 0.0, 0.0, 0.0, 0.0, 0.0, 0.0, 0.0, 0.125, 0.0, 0.0833]"
1,11,broadcast,0.028,0.028,0.028,-0.0,8,True,56,0,318,1626,0,"[0.0, 0.0225, 0.0245, 0.0255, 0.0265, 0.027, 0.0275, 0.028, 0.028, 0.028, 0.028, 0.028, 0.028, 0.028, 0.028, 0.028, 0.028, 0.028, 0.028, 0.028, 0.028, 0.028, 0.028, 0.028, 0.028, 0.028, 0.028, 0.028, 0.028, 0.028, 0.028, 0.028, 0.028, 0.028, 0.028, 0.028, 0.028, 0.028, 0.028, 0.028, 0.028, 0.028, 0.028, 0.028, 0.028, 0.028, 0.028, 0.028, 0.028, 0.028, 0.028, 0.028, 0.028, 0.028, 0.028, 0.028, 0.028, 0.028, 0.028, 0.028, 0.028, 0.028, 0.028, 0.028, 0.028, 0.028, 0.028, 0.028, 0.028, 0.028, 0.028, 0.028, 0.028, 0.028, 0.028, 0.028, 0.028, 0.028, 0.028, 0.028, 0.028, 0.028, 0.028, 0.028, 0.028, 0.028, 0.028, 0.028, 0.028, 0.028, 0.028, 0.028, 0.028, 0.028, 0.028, 0.028, 0.028, 0.028, 0.028, 0.028, 0.028]","{""0"": 0.0191, ""1"": 0.0681, ""2"": 0.0078, ""3"": 0.0233, ""4"": 0.0472, ""5"": 0.0202, ""6"": 0.0081, ""7"": 0.0333}","[0.0, 0.0, 0.0, 0.0, 0.0, 0.1429, 0.0, 0.0, 0.1111, 0.0, 0.0833, 0.125, 0.0, 0.1, 0.0, 0.0, 0.0, 0.0, 0.0, 0.0, 0.0, 0.0, 0.0, 0.0, 0.0, 0.0, 0.0, 0.0, 0.0, 0.0, 0.0, 0.0, 0.0, 0.0667, 0.0, 0.0, 0.0, 0.1111, 0.0, 0.0, 0.125, 0.1667, 0.0, 0.0, 0.0, 0.0, 0.0, 0.0, 0.0, 0.0, 0.1667, 0.0, 0.0, 0.0, 0.0, 0.0, 0.0, 0.0909, 0.0, 0.0, 0.1667, 0.0, 0.0, 0.0, 0.0, 0.0, 0.0, 0.0, 0.0909, 0.0, 0.0, 0.0, 0.0, 0.0, 0.0, 0.0, 0.0, 0.0, 0.0, 0.0, 0.0, 0.0, 0.1111, 0.0, 0.0, 0.0, 0.0909, 0.0, 0.0, 0.0, 0.0, 0.0, 0.0, 0.3333, 0.0, 0.0, 0.0, 0.0, 0.0, 0.0, 0.0, 0.0, 0.0, 0.2, 0.0, 0.0, 0.0, 0.0, 0.0, 0.0, 0.0, 0.0, 0.0, 0.1, 0.0, 0.0, 0.1, 0.1429, 0.0, 0.0, 0.0, 0.0, 0.0, 0.0, 0.1, 0.0625, 0.0, 0.0, 0.125, 0.0, 0.0, 0.0, 0.0, 0.0, 0.0, 0.0, 0.0, 0.1, 0.0, 0.0, 0.0, 0.0, 0.0, 0.0, 0.0, 0.0, 0.0, 0.0, 0.0, 0.0, 0.0, 0.0, 0.0, 0.0, 0.0, 0.0, 0.0, 0.0, 0.0, 0.1429, 0.2, 0.0, 0.0, 0.0, 0.0, 0.0, 0.1, 0.0, 0.0, 0.0, 0.0, 0.0, 0.0, 0.4286, 0.0, 0.0, 0.0, 0.0, 0.4286, 0.0, 0.0, 0.2, 0.0, 0.0, 0.0, 0.0, 0.5, 0.0, 0.0, 0.1, 0.0, 0.0, 0.0, 0.0, 0.0, 0.1429, 0.1667, 0.0, 0.1429, 0.0, 0.3333, 0.0, 0.0, 0.0, 0.0, 0.0, 0.0, 0.0, 0.1111, 0.0, 0.2, 0.0, 0.0, 0.0, 0.1818, 0.0, 0.0, 0.0, 0.0, 0.0, 0.0, 0.0, 0.0, 0.0, 0.0, 0.0, 0.0, 0.0, 0.0, 0.0, 0.0, 0.0, 0.0, 0.0, 0.125, 0.0, 0.1111, 0.0, 0.0, 0.0, 0.0, 0.0, 0.8, 0.0, 0.0, 0.0, 0.0, 0.0, 0.1429, 0.0]"
1,12,broadcast,0.05,0.05,0.05,0.0,15,True,100,0,264,1636,0,"[0.0, 0.022, 0.0235, 0.0255, 0.0265, 0.029, 0.0325, 0.0365, 0.039, 0.0405, 0.0415, 0.043, 0.0455, 0.0485, 0.05, 0.05, 0.05, 0.05, 0.05, 0.05, 0.05, 0.05, 0.05, 0.05, 0.05, 0.05, 0.05, 0.05, 0.05, 0.05, 0.05, 0.05, 0.05, 0.05, 0.05, 0.05, 0.05, 0.05, 0.05, 0.05, 0.05, 0.05, 0.05, 0.05, 0.05, 0.05, 0.05, 0.05, 0.05, 0.05, 0.05, 0.05, 0.05, 0.05, 0.05, 0.05, 0.05, 0.05, 0.05, 0.05, 0.05, 0.05, 0.05, 0.05, 0.05, 0.05, 0.05, 0.05, 0.05, 0.05, 0.05, 0.05, 0.05, 0.05, 0.05, 0.05, 0.05, 0.05, 0.05, 0.05, 0.05, 0.05, 0.05, 0.05, 0.05, 0.05, 0.05, 0.05, 0.05, 0.05, 0.05, 0.05, 0.05, 0.05, 0.05, 0.05, 0.05, 0.05, 0.05, 0.05, 0.05]","{""0"": 0.0158, ""1"": 0.027, ""2"": 0.0124, ""3"": 0.0283, ""4"": 0.2417, ""5"": 0.0397, ""6"": 0.0229, ""7"": 0.0205}","[0.0, 0.0, 0.0, 0.0, 0.0, 0.0, 0.0, 0.0, 0.0, 0.0, 0.0, 0.0, 0.0, 0.0, 0.2, 0.1667, 0.0, 0.0, 0.0, 0.0, 0.0, 0.0, 0.0, 0.0, 0.0, 0.0, 0.1667, 0.0, 0.0909, 0.0, 0.0, 0.0, 0.125, 0.0, 0.0, 0.0, 0.1111, 0.0, 0.0, 0.0, 0.0, 0.0, 0.0, 0.0, 0.1667, 0.0, 0.1111, 0.0, 0.0909, 0.0, 0.0, 0.0, 0.0, 0.0, 0.0, 0.0, 0.0, 0.0, 0.0, 0.1111, 0.0, 0.0, 0.0, 0.0, 0.0909, 0.0, 0.0833, 0.0, 0.0, 0.1429, 0.0, 0.0, 0.0, 0.0, 0.0, 0.0, 0.0, 0.0714, 0.0, 0.0, 0.0, 0.0, 0.0, 0.1429, 0.0, 0.0, 0.0, 0.0, 0.0, 0.0, 0.1111, 0.1111, 0.0, 1.0, 0.0, 0.0, 0.0, 0.0, 0.0, 0.0, 0.0, 1.0, 0.0, 0.0, 0.1, 0.0, 0.1, 0.0, 0.0, 0.7143, 0.0, 0.0, 0.0, 0.0, 0.0, 0.0, 0.0, 0.7143, 0.0, 0.1667, 0.0, 0.0, 0.0, 0.0, 0.0, 1.0, 0.0, 0.0, 0.1, 0.0, 0.0, 0.0, 0.0, 1.0, 0.0, 0.0, 0.0, 0.0, 0.0833, 0.0, 0.0, 0.8889, 0.7143, 0.0, 0.0, 0.0909, 0.1538, 0.0, 0.0, 0.8333, 0.2857, 0.125, 0.0, 0.0, 0.0, 0.0, 0.0, 0.2, 0.0, 0.1, 0.0, 0.0, 0.0, 0.0, 0.0769, 0.0, 0.0, 0.0, 0.0, 0.0, 0.0, 0.0, 0.0, 0.0, 0.0, 0.125, 0.0, 0.0, 0.0, 0.0, 0.0, 0.0, 0.0, 0.0, 0.0, 0.1429, 0.0, 0.0, 0.1111, 0.0, 0.0, 0.0, 0.0, 0.0, 0.0, 0.0, 0.1429, 0.0, 0.0, 0.0, 0.0, 0.0, 0.0, 0.0, 0.1111, 0.0, 0.1667, 0.0, 0.0, 0.0, 0.0, 0.0, 0.0, 0.0, 0.0, 0.0, 0.0, 0.0, 0.0, 0.0, 0.0, 0.0, 0.0, 0.125, 0.0, 0.0, 0.0, 0.0, 0.0, 0.0, 0.0, 0.0, 0.0, 0.1111, 0.0, 0.0, 0.0, 0.0, 0.0, 0.0, 0.0, 0.0, 0.0, 0.0, 0.0, 0.0, 0.0, 0.0, 0.0, 0.1111]"
1,13,broadcast,0.0395,0.0395,0.0395,0.0,12,True,79,0,307,1614,0,"[0.0, 0.021, 0.023, 0.0245, 0.0255, 0.0275, 0.0305, 0.033, 0.0365, 0.038, 0.039, 0.0395, 0.0395, 0.0395, 0.0395, 0.0395, 0.0395, 0.0395, 0.0395, 0.0395, 0.0395, 0.0395, 0.0395, 0.0395, 0.0395, 0.0395, 0.0395, 0.0395, 0.0395, 0.0395, 0.0395, 0.0395, 0.0395, 0.0395, 0.0395, 0.0395, 0.0395, 0.0395, 0.0395, 0.0395, 0.0395, 0.0395, 0.0395, 0.0395, 0.0395, 0.0395, 0.0395, 0.0395, 0.0395, 0.0395, 0.0395, 0.0395, 0.0395, 0.0395, 0.0395, 0.0395, 0.0395, 0.0395, 0.0395, 0.0395, 0.0395, 0.0395, 0.0395, 0.0395, 0.0395, 0.0395, 0.0395, 0.0395, 0.0395, 0.0395, 0.0395, 0.0395, 0.0395, 0.0395, 0.0395, 0.0395, 0.0395, 0.0395, 0.0395, 0.0395, 0.0395, 0.0395, 0.0395, 0.0395, 0.0395, 0.0395, 0.0395, 0.0395, 0.0395, 0.0395, 0.0395, 0.0395, 0.0395, 0.0395, 0.0395, 0.0395, 0.0395, 0.0395, 0.0395, 0.0395, 0.0395]","{""0"": 0.1475, ""1"": 0.0319, ""2"": 0.0187, ""3"": 0.026, ""4"": 0.0169, ""5"": 0.0282, ""6"": 0.0317, ""7"": 0.0}","[0.0, 0.0, 0.0, 0.0, 0.0, 0.0, 0.0, 0.0, 0.0, 0.0, 0.0, 0.125, 0.0, 0.0833, 0.0, 0.0, 0.0, 0.0, 0.0, 0.0, 0.0, 0.0, 0.0, 0.1429, 0.0, 0.1667, 0.0, 0.0, 0.0, 0.0, 0.1429, 0.1429, 0.0, 0.0, 0.0, 0.0, 0.0, 0.0, 0.0, 0.0, 0.0, 0.125, 0.0, 0.0, 0.0, 0.0909, 0.0, 0.0, 0.0, 0.0, 0.0, 0.0, 0.1818, 0.0, 0.0, 0.0, 0.0, 0.0, 0.0, 0.125, 0.125, 0.0, 0.0, 0.0, 0.0, 0.1111, 0.0, 0.0, 0.0, 0.0, 0.1111, 0.0, 0.0, 0.0, 0.0, 0.0, 0.0, 0.0, 0.125, 0.1667, 0.0, 0.0, 0.0, 0.1111, 0.125, 0.0, 0.0, 0.0, 0.0, 0.0, 0.0, 0.0, 0.0, 0.0, 0.0, 0.0, 0.0, 0.0, 0.0, 0.0, 0.0, 0.0, 0.0, 0.0, 0.0, 0.1111, 0.0, 0.0, 0.1, 0.0, 0.0, 0.125, 0.0, 0.0, 0.125, 0.0, 0.0, 0.0, 0.0, 0.0, 0.0, 0.0, 0.3333, 0.0, 0.1667, 0.0, 0.0, 0.0, 0.0, 0.0, 0.125, 0.0, 0.1, 0.0, 0.0, 0.0, 0.0, 0.0, 0.0, 0.0, 0.0, 0.1429, 0.1429, 0.1429, 0.0, 0.0, 0.0, 0.0, 0.0, 0.0, 0.0, 0.0, 0.0, 0.0, 0.1111, 0.0, 0.0, 0.0, 0.0, 0.125, 0.0, 0.0, 0.0, 0.0, 0.0, 0.0, 0.0, 0.0, 0.0, 0.0, 0.0, 0.1429, 0.0, 0.2, 0.0, 0.0, 0.0, 0.6667, 0.1111, 0.0, 0.0, 0.0, 0.125, 0.0, 0.0, 0.875, 0.0, 0.2, 0.0, 0.0, 0.0, 0.0, 0.0, 1.0, 0.0, 0.0, 0.0, 0.0, 0.1, 0.0909, 0.0, 0.875, 0.0909, 0.0, 0.0, 0.0, 0.0, 0.0, 0.0, 0.875, 0.0, 0.0, 0.0, 0.0, 0.1, 0.0, 0.0, 0.8571, 0.1429, 0.0, 0.0, 0.0, 0.0, 0.0, 0.0, 0.0, 0.0, 0.0, 0.0, 0.0, 0.0, 0.0, 0.0, 0.0, 0.0, 0.0, 0.0, 0.0, 0.0, 0.0, 0.0, 0.0, 0.0, 0.0, 0.0, 0.0, 0.0, 0.0, 0.0, 0.0]"
1,14,broadcast,0.0695,0.0695,0.0695,0.0,21,True,139,0,301,1560,0,"[0.0, 0.0195, 0.021, 0.0225, 0.0255, 0.0285, 0.032, 0.037, 0.0435, 0.0495, 0.053, 0.055, 0.0575, 0.0605, 0.064, 0.066, 0.067, 0.068, 0.0685, 0.069, 0.0695, 0.0695, 0.0695, 0.0695, 0.0695, 0.0695, 0.0695, 0.0695, 0.0695, 0.0695, 0.0695, 0.0695, 0.0695, 0.0695, 0.0695, 0.0695, 0.0695, 0.0695, 0.0695, 0.0695, 0.0695, 0.0695, 0.0695, 0.0695, 0.0695, 0.0695, 0.0695, 0.0695, 0.0695, 0.0695, 0.0695, 0.0695, 0.0695, 0.0695, 0.0695, 0.0695, 0.0695, 0.0695, 0.0695, 0.0695, 0.0695, 0.0695, 0.0695, 0.0695, 0.0695, 0.0695, 0.0695, 0.0695, 0.0695, 0.0695, 0.0695, 0.0695, 0.0695, 0.0695, 0.0695, 0.0695, 0.0695, 0.0695, 0.0695, 0.0695, 0.0695, 0.0695, 0.0695, 0.0695, 0.0695, 0.0695, 0.0695, 0.0695, 0.0695, 0.0695, 0.0695, 0.0695, 0.0695, 0.0695, 0.0695, 0.0695, 0.0695, 0.0695, 0.0695, 0.0695, 0.0695]","{""0"": 0.0039, ""1"": 0.0248, ""2"": 0.022, ""3"": 0.0203, ""4"": 0.2236, ""5"": 0.041, ""6"": 0.1971, ""7"": 0.0078}","[0.0, 0.0, 0.1, 0.0, 0.1111, 0.0, 0.0, 0.1, 0.0, 0.0, 0.0, 0.0, 0.0, 0.8, 0.0, 0.1429, 0.0, 0.0, 0.0, 0.1429, 0.0, 1.0, 0.1111, 0.0, 0.0, 0.0, 0.0, 0.0, 0.0, 0.8333, 0.0, 0.1429, 0.0, 0.0, 0.0, 0.0, 0.0, 1.0, 0.0, 0.0, 0.0, 0.0, 0.0, 0.0, 0.0, 1.0, 0.0, 0.0833, 0.0, 0.0, 0.0, 0.0, 0.0, 0.8571, 0.0, 0.0, 0.0, 0.0, 0.0, 0.125, 0.0, 1.0, 0.0, 0.0, 0.0, 0.0, 0.0, 0.0, 0.0, 0.8333, 0.0, 0.3333, 0.0, 0.0, 0.0, 0.0, 0.0, 0.0, 0.0, 0.7, 0.0, 0.0, 0.3333, 0.0, 0.125, 0.0, 0.0, 0.7143, 0.0, 0.0, 0.0, 0.0, 0.0, 0.0, 0.0, 0.8667, 0.0, 0.0, 0.1, 0.0, 0.0, 0.0, 0.0, 1.0, 0.0, 0.0, 0.0, 0.0, 0.0, 0.0, 0.0, 0.8, 0.0, 0.0, 0.0, 0.0, 0.1429, 0.0, 0.0, 0.8571, 0.0, 0.0, 0.0909, 0.0, 0.0, 0.0, 0.0, 0.0, 0.0909, 0.0, 0.0, 0.0, 0.1111, 0.1429, 0.1111, 0.0833, 0.0, 0.0, 0.0, 0.0, 0.0, 0.0, 0.0909, 0.0, 0.0, 0.125, 0.0, 0.0, 0.0, 0.0, 0.8571, 0.0, 0.0, 0.0, 0.125, 0.0, 0.0, 0.0, 0.0, 0.0, 0.0, 0.0, 0.1429, 0.0, 0.0, 0.0, 0.0, 0.0, 0.0, 0.0, 0.0, 0.0, 0.0, 0.0, 0.0, 0.0, 0.0, 0.0, 0.0, 0.0, 0.0, 0.0, 0.0, 0.1111, 0.0, 0.0, 0.0, 0.0, 0.0, 0.0, 0.0, 0.0, 0.0, 0.0, 0.0, 0.0, 0.1429, 0.1429, 0.0, 0.0, 0.0, 0.0, 0.0, 0.0, 0.0, 0.0, 0.0, 0.0, 0.0, 0.0, 0.0, 0.0, 0.0, 0.0, 0.0, 0.0, 0.0, 0.0, 0.0, 0.0, 0.0, 0.0, 0.0, 0.0, 0.0, 0.0, 0.0, 0.0, 0.0, 0.1111, 0.125, 0.0, 0.0, 0.0, 0.0, 0.5, 0.0, 0.0, 0.0, 0.0, 0.125, 0.0, 0.0, 0.0, 0.0, 0.1111, 0.0, 0.0, 0.0, 0.0]"
1,15,broadcast,0.123,0.123,0.123,0.0,34,True,246,0,320,1434,0,"[0.0, 0.0245, 0.0275, 0.03, 0.0345, 0.0385, 0.044, 0.0495, 0.054, 0.0585, 0.064, 0.067, 0.07, 0.0715, 0.074, 0.076, 0.08, 0.085, 0.089, 0.0925, 0.0975, 0.101, 0.104, 0.109, 0.113, 0.115, 0.1165, 0.118, 0.119, 0.1195, 0.12, 0.1205, 0.122, 0.123, 0.123, 0.123, 0.123, 0.123, 0.123, 0.123, 0.123, 0.123, 0.123, 0.123, 0.123, 0.123, 0.123, 0.123, 0.123, 0.123, 0.123, 0.123, 0.123, 0.123, 0.123, 0.123, 0.123, 0.123, 0.123, 0.123, 0.123, 0.123, 0.123, 0.123, 0.123, 0.123, 0.123, 0.123, 0.123, 0.123, 0.123, 0.123, 0.123, 0.123, 0.123, 0.123, 0.123, 0.123, 0.123, 0.123, 0.123, 0.123, 0.123, 0.123, 0.123, 0.123, 0.123, 0.123, 0.123, 0.123, 0.123, 0.123, 0.123, 0.123, 0.123, 0.123, 0.123, 0.123, 0.123, 0.123, 0.123]","{""0"": 0.0201, ""1"": 0.197, ""2"": 0.032, ""3"": 0.0162, ""4"": 0.0363, ""5"": 0.0244, ""6"": 0.012, ""7"": 0.6463}","[0.0, 0.0, 0.0, 0.0, 0.0, 0.0, 0.0, 0.0, 0.0, 0.0, 0.0, 0.0, 0.1429, 0.0, 0.0, 0.0, 0.0, 0.0, 0.0, 0.0, 0.0, 0.0, 0.0, 0.125, 0.0, 0.0, 0.4286, 0.0, 0.0, 0.0, 0.0, 0.0, 0.0, 0.0, 0.0, 0.0, 0.0, 0.1429, 0.0, 0.0, 0.0, 0.0, 0.0, 0.125, 0.0, 0.0, 0.0, 0.0, 0.7273, 0.2, 0.0, 0.0, 0.0, 0.0, 0.0, 0.0, 0.8571, 0.2, 0.0, 0.0, 0.0, 0.1, 0.0, 0.0, 0.8, 0.0, 0.0, 0.0, 0.0, 0.1667, 0.0, 0.0, 1.0, 0.0, 0.0, 0.0, 0.0, 0.0, 0.0, 0.0, 1.0, 0.0, 0.25, 0.1667, 0.0, 0.0, 0.0, 0.0, 0.875, 0.0, 1.0, 0.0, 0.0, 0.0, 0.0, 0.1, 0.9286, 0.0, 1.0, 0.0, 0.1667, 0.0833, 0.0, 0.0, 1.0, 0.0, 0.7, 0.1667, 0.0, 0.0, 0.1, 0.0, 0.75, 0.0, 1.0, 0.0, 0.0, 0.1111, 0.2857, 0.0, 0.875, 0.1, 0.8889, 0.1667, 0.0, 0.0, 0.0, 0.2, 0.9, 0.0, 0.7778, 0.0, 0.0, 0.0, 0.0, 0.0, 1.0, 0.0909, 0.0, 0.0, 0.0, 0.1667, 0.0, 0.0, 0.875, 0.0, 0.0, 0.0, 0.0, 0.0, 0.0, 0.0, 1.0, 0.0769, 0.0833, 0.0, 0.0, 0.0, 0.0, 0.0, 0.875, 0.0, 0.0, 0.125, 0.0, 0.1111, 0.0, 0.0, 1.0, 0.0, 0.0, 0.0909, 0.0, 0.0, 0.0, 0.0, 1.0, 0.0, 0.0, 0.0, 0.0, 0.1667, 0.0, 0.0, 1.0, 0.0, 0.0, 0.0, 0.125, 0.0, 0.0, 0.0, 1.0, 0.0, 0.0, 0.0, 0.1, 0.0, 0.0, 0.0, 0.875, 0.0, 0.0, 0.0, 0.0, 0.0, 0.125, 0.0, 1.0, 0.0, 0.0, 0.0, 0.0, 0.0, 0.0, 0.0, 0.6, 0.0, 0.0, 0.0, 0.0, 0.0, 0.0, 0.0, 0.2, 0.0, 0.1, 0.1111, 0.0, 0.0, 0.0, 0.0, 0.0, 0.0, 0.0, 0.0, 0.0, 0.1429, 0.1429, 0.0, 0.0, 0.0, 0.0, 0.125, 0.0, 0.0, 0.125, 0.0, 0.0, 0.0]"
1,16,broadcast,0.084,0.084,0.084,0.0,22,True,168,0,287,1545,0,"[0.0, 0.024, 0.0275, 0.032, 0.0365, 0.041, 0.0465, 0.049, 0.0505, 0.053, 0.0565, 0.059, 0.0615, 0.0675, 0.07, 0.073, 0.0745, 0.0755, 0.078, 0.08, 0.0825, 0.084, 0.084, 0.084, 0.084, 0.084, 0.084, 0.084, 0.084, 0.084, 0.084, 0.084, 0.084, 0.084, 0.084, 0.084, 0.084, 0.084, 0.084, 0.084, 0.084, 0.084, 0.084, 0.084, 0.084, 0.084, 0.084, 0.084, 0.084, 0.084, 0.084, 0.084, 0.084, 0.084, 0.084, 0.084, 0.084, 0.084, 0.084, 0.084, 0.084, 0.084, 0.084, 0.084, 0.084, 0.084, 0.084, 0.084, 0.084, 0.084, 0.084, 0.084, 0.084, 0.084, 0.084, 0.084, 0.084, 0.084, 0.084, 0.084, 0.084, 0.084, 0.084, 0.084, 0.084, 0.084, 0.084, 0.084, 0.084, 0.084, 0.084, 0.084, 0.084, 0.084, 0.084, 0.084, 0.084, 0.084, 0.084, 0.084, 0.084]","{""0"": 0.0041, ""1"": 0.3574, ""2"": 0.0286, ""3"": 0.0268, ""4"": 0.017, ""5"": 0.02, ""6"": 0.1825, ""7"": 0.0162}","[0.0, 0.0, 0.0, 0.0, 0.0, 0.0, 0.0, 0.0769, 0.0, 0.0, 0.0, 0.0, 0.0, 0.0, 0.0, 0.8, 0.0, 0.0, 0.0, 0.1111, 0.1538, 0.0, 0.0, 1.0, 0.0, 0.0, 0.0, 0.0, 0.1429, 0.0, 0.0, 0.6364, 0.0, 0.0, 0.0, 0.0, 0.0, 0.1, 0.0, 1.0, 0.0, 0.0, 0.2, 0.0, 0.0, 0.0, 0.0, 0.8, 0.1111, 0.0, 0.0, 0.0, 0.0, 0.0, 0.0, 0.0, 0.0, 0.0, 0.0, 0.0, 0.0, 0.0, 0.1429, 0.125, 0.0, 0.0, 0.0, 0.0, 0.0, 0.0, 0.0, 0.1111, 0.0, 0.0, 0.0, 0.0, 0.0, 0.0, 0.0, 0.0, 0.0769, 0.0, 0.0, 0.0, 0.0, 0.125, 0.0, 0.0, 0.0, 0.0, 0.125, 0.0, 0.0, 0.0, 0.0, 0.0, 0.0, 0.0, 0.6, 0.0, 0.0, 0.0, 0.0, 0.0833, 0.0, 0.0, 1.0, 0.125, 0.0, 0.0, 0.0, 0.0, 0.0, 0.0, 1.0, 0.0, 0.0, 0.0, 0.0, 0.1, 0.0, 0.0, 0.8889, 0.0, 0.0, 0.0, 0.1111, 0.1429, 0.0, 0.0, 1.0, 0.0, 0.1667, 0.1667, 0.0, 0.0, 0.0, 0.0, 0.9231, 0.0, 0.125, 0.1, 0.0, 0.0, 0.0, 0.0, 0.9167, 0.0, 0.0, 0.0, 0.0, 0.1667, 0.1111, 0.0, 1.0, 0.0, 0.0909, 0.0, 0.0, 0.0, 0.0, 0.0, 0.8571, 0.0, 0.1, 0.0, 0.0, 0.1429, 0.0, 0.0, 1.0, 0.3333, 0.0, 0.0, 0.0, 0.1111, 0.0, 0.0, 0.8571, 0.1667, 0.0, 0.0, 0.0, 0.0, 0.0, 0.0, 1.0, 0.0, 0.0, 0.0, 0.0, 0.0, 0.0, 0.1111, 0.0, 0.1429, 0.0, 0.0, 0.1667, 0.0, 0.0, 0.0, 0.0, 0.0, 0.0, 0.0, 0.0, 0.0, 0.0, 0.0, 0.0, 0.0, 0.0, 0.0, 0.0909, 0.0, 0.0, 0.0, 0.0, 0.125, 0.0, 0.0, 0.0, 0.0, 0.0, 0.0, 0.0, 0.0, 0.0, 0.0, 0.0, 0.125, 0.125, 0.0, 0.0, 0.0, 0.0, 0.0, 0.0, 0.1667, 0.0, 0.0, 0.0833, 0.0, 0.0, 0.0, 0.1111, 0.0833, 0.0, 0.0]"
1,17,broadcast,0.032,0.032,0.032,-0.0,6,True,64,0,310,1626,0,"[0.0, 0.025, 0.027, 0.029, 0.0305, 0.032, 0.032, 0.032, 0.032, 0.032, 0.032, 0.032, 0.032, 0.032, 0.032, 0.032, 0.032, 0.032, 0.032, 0.032, 0.032, 0.032, 0.032, 0.032, 0.032, 0.032, 0.032, 0.032, 0.032, 0.032, 0.032, 0.032, 0.032, 0.032, 0.032, 0.032, 0.032, 0.032, 0.032, 0.032, 0.032, 0.032, 0.032, 0.032, 0.032, 0.032, 0.032, 0.032, 0.032, 0.032, 0.032, 0.032, 0.032, 0.032, 0.032, 0.032, 0.032, 0.032, 0.032, 0.032, 0.032, 0.032, 0.032, 0.032, 0.032, 0.032, 0.032, 0.032, 0.032, 0.032, 0.032, 0.032, 0.032, 0.032, 0.032, 0.032, 0.032, 0.032, 0.032, 0.032, 0.032, 0.032, 0.032, 0.032, 0.032, 0.032, 0.032, 0.032, 0.032, 0.032, 0.032, 0.032, 0.032, 0.032, 0.032, 0.032, 0.032, 0.032, 0.032, 0.032, 0.032]","{""0"": 0.0282, ""1"": 0.0217, ""2"": 0.047, ""3"": 0.0236, ""4"": 0.0328, ""5"": 0.0165, ""6"": 0.0447, ""7"": 0.0431}","[0.0, 0.0, 0.0, 0.1667, 0.1429, 0.0, 0.0, 0.0, 0.0, 0.2, 0.0, 0.0, 0.0, 0.1667, 0.0, 0.0, 0.0, 0.0, 0.0, 0.125, 0.0, 0.0, 0.0, 0.0, 0.0, 0.0, 0.0, 0.0, 0.0, 0.0, 0.0, 0.0, 0.0, 0.0, 0.0, 0.0, 0.0909, 0.125, 0.0, 0.1111, 0.0, 0.1667, 0.0, 0.0, 0.0, 0.0, 0.0, 0.0, 0.0, 0.0, 0.0, 0.0, 0.0909, 0.1667, 0.0, 0.0, 0.0, 0.0, 0.0833, 0.0, 0.0, 0.0, 0.1111, 0.0, 0.0, 0.0, 0.3333, 0.0909, 0.0, 0.0, 0.0, 0.1429, 0.0, 0.0, 0.0, 0.0, 0.0, 0.0, 0.0, 0.1667, 0.0, 0.1667, 0.0, 0.0, 0.0, 0.0, 0.0, 0.1429, 0.0, 0.0, 0.0, 0.0, 0.0, 0.0, 0.0, 0.125, 0.0, 0.0, 0.0, 0.0, 0.0, 0.0833, 0.0, 0.0, 0.0, 0.0, 0.0, 0.0, 0.0, 0.0, 0.0, 0.125, 0.0, 0.0, 0.25, 0.0, 0.0, 0.0, 0.0, 0.0, 0.1111, 0.0, 0.0, 0.0, 0.0, 0.0769, 0.0, 0.1667, 0.0, 0.125, 0.0, 0.0, 0.0, 0.0, 0.1111, 0.2857, 0.1, 0.0, 0.0, 0.0, 0.1429, 0.2857, 0.0, 0.0, 0.0, 0.0, 0.0, 0.0, 0.1, 0.0, 0.0, 0.0, 0.0, 0.0, 0.0, 0.0, 0.0, 0.0, 0.0, 0.0, 0.0, 0.0, 0.0, 0.0, 0.0, 0.0, 0.0, 0.0769, 0.0, 0.0, 0.0, 0.0, 0.0, 0.0, 0.0, 0.0, 0.0, 0.0, 0.0, 0.0, 0.0, 0.0, 0.1, 0.0, 0.0, 0.0, 0.0, 0.0, 0.0, 0.0, 0.0, 0.0, 0.0, 0.125, 0.0, 0.2, 0.0, 0.1, 0.125, 0.0, 0.7778, 0.125, 0.0, 0.7143, 0.0, 0.0, 0.0, 0.0, 0.125, 0.0, 0.0, 0.1429, 0.0, 0.0, 0.0, 0.0, 0.0, 0.0, 0.0, 0.0, 0.0, 0.0, 0.0, 0.0, 0.0, 0.0, 0.0667, 0.0, 0.0, 0.0, 0.0, 0.1111, 0.0, 0.0, 0.0, 0.0769, 0.0909, 0.0, 0.0, 0.0, 0.1667, 0.0, 0.0, 0.0, 0.0, 0.0, 0.0, 0.0, 0.0, 0.0]"
1,18,broadcast,0.0295,0.0295,0.0295,0.0,4,True,59,0,290,1651,0,"[0.0, 0.0275, 0.029, 0.0295, 0.0295, 0.0295, 0.0295, 0.0295, 0.0295, 0.0295, 0.0295, 0.0295, 0.0295, 0.0295, 0.0295, 0.0295, 0.0295, 0.0295, 0.0295, 0.0295, 0.0295, 0.0295, 0.0295, 0.0295, 0.0295, 0.0295, 0.0295, 0.0295, 0.0295, 0.0295, 0.0295, 0.0295, 0.0295, 0.0295, 0.0295, 0.0295, 0.0295, 0.0295, 0.0295, 0.0295, 0.0295, 0.0295, 0.0295, 0.0295, 0.0295, 0.0295, 0.0295, 0.0295, 0.0295, 0.0295, 0.0295, 0.0295, 0.0295, 0.0295, 0.0295, 0.0295, 0.0295, 0.0295, 0.0295, 0.0295, 0.0295, 0.0295, 0.0295, 0.0295, 0.0295, 0.0295, 0.0295, 0.0295, 0.0295, 0.0295, 0.0295, 0.0295, 0.0295, 0.0295, 0.0295, 0.0295, 0.0295, 0.0295, 0.0295, 0.0295, 0.0295, 0.0295, 0.0295, 0.0295, 0.0295, 0.0295, 0.0295, 0.0295, 0.0295, 0.0295, 0.0295, 0.0295, 0.0295, 0.0295, 0.0295, 0.0295, 0.0295, 0.0295, 0.0295, 0.0295, 0.0295]","{""0"": 0.0337, ""1"": 0.0282, ""2"": 0.0211, ""3"": 0.0225, ""4"": 0.0123, ""5"": 0.042, ""6"": 0.0488, ""7"": 0.0277}","[0.0, 0.3333, 0.0, 0.0, 0.0, 0.0, 0.0, 0.0, 0.1429, 0.25, 0.0, 0.0, 0.0, 0.0, 0.0, 0.0, 0.0, 0.1111, 0.0, 0.0, 0.0, 0.1429, 0.0, 0.0, 0.0, 0.0, 0.1111, 0.0, 0.0, 0.0, 0.0, 0.0, 0.0, 0.2222, 0.0, 0.0, 0.0, 0.0, 0.1667, 0.125, 0.0, 0.0, 0.0, 0.0, 0.0, 0.0, 0.0, 0.1667, 0.0, 0.1, 0.0, 0.0, 0.0, 0.0, 0.125, 0.0, 0.0, 0.0, 0.0, 0.1429, 0.0, 0.0, 0.0909, 0.0, 0.0, 0.1, 0.0, 0.0, 0.0, 0.0, 0.0, 0.0, 0.0, 0.0, 0.1429, 0.0, 0.125, 0.0, 0.2, 0.0, 0.0, 0.0, 0.0, 0.0, 0.1667, 0.0, 0.0, 0.1429, 0.0, 0.0, 0.1, 0.0, 0.0, 0.0, 0.1429, 0.1429, 0.125, 0.0, 0.0, 0.0, 0.1111, 0.0, 0.1429, 0.0, 0.0, 0.0, 0.0, 0.0, 0.0, 0.0, 0.0, 0.0, 0.25, 0.0, 0.0, 0.0, 0.0, 0.0, 0.0, 0.0, 0.0, 0.0, 0.0, 0.1111, 0.0909, 0.0, 0.0, 0.1667, 0.0, 0.0, 0.125, 0.2, 0.0, 0.125, 0.0, 0.0, 0.0, 0.0, 0.0, 0.0, 0.0833, 0.0, 0.0, 0.0, 0.0, 0.0, 0.0, 0.0, 0.0, 0.0, 0.0, 0.0, 0.0, 0.0, 0.0, 0.25, 0.0, 0.0, 0.0, 0.0, 0.0, 0.0, 0.0, 0.0, 0.0, 0.0, 0.0, 0.0, 0.125, 0.0, 0.1, 0.0, 0.0, 0.0, 0.0, 0.1667, 0.0, 0.1429, 0.0, 0.0, 0.0, 0.0, 0.1, 0.0, 0.0, 0.0, 0.0, 0.0, 0.0, 0.0, 0.0, 0.0, 0.0, 0.0, 0.0, 0.0, 0.0, 0.1667, 0.0, 0.0, 0.0, 0.0, 0.1, 0.0, 0.0, 0.0, 0.0, 0.1429, 0.3333, 0.0, 0.0, 0.0, 0.0, 0.0, 0.0, 0.0, 0.0, 0.0, 0.1429, 0.125, 0.2, 0.0, 0.1111, 0.2857, 0.0, 0.0, 0.0, 0.0, 0.0, 0.0, 0.0, 0.0, 0.0, 0.0, 0.0, 0.0, 0.0, 0.0, 0.0, 0.2, 0.125, 0.0, 0.0, 0.0, 0.0, 0.0, 0.1429, 0.0909, 0.0, 0.0]"
1,19,broadcast,0.079,0.079,0.079,0.0,21,True,158,0,302,1540,0,"[0.0, 0.022, 0.0255, 0.028, 0.032, 0.0365, 0.0405, 0.046, 0.0495, 0.052, 0.0555, 0.0585, 0.064, 0.069, 0.072, 0.073, 0.0745, 0.076, 0.0775, 0.0785, 0.079, 0.079, 0.079, 0.079, 0.079, 0.079, 0.079, 0.079, 0.079, 0.079, 0.079, 0.079, 0.079, 0.079, 0.079, 0.079, 0.079, 0.079, 0.079, 0.079, 0.079, 0.079, 0.079, 0.079, 0.079, 0.079, 0.079, 0.079, 0.079, 0.079, 0.079, 0.079, 0.079, 0.079, 0.079, 0.079, 0.079, 0.079, 0.079, 0.079, 0.079, 0.079, 0.079, 0.079, 0.079, 0.079, 0.079, 0.079, 0.079, 0.079, 0.079, 0.079, 0.079, 0.079, 0.079, 0.079, 0.079, 0.079, 0.079, 0.079, 0.079, 0.079, 0.079, 0.079, 0.079, 0.079, 0.079, 0.079, 0.079, 0.079, 0.079, 0.079, 0.079, 0.079, 0.079, 0.079, 0.079, 0.079, 0.079, 0.079, 0.079]","{""0"": 0.0114, ""1"": 0.0598, ""2"": 0.0086, ""3"": 0.4215, ""4"": 0.0333, ""5"": 0.0782, ""6"": 0.0225, ""7"": 0.0115}","[0.1111, 0.0, 0.0, 0.0, 0.0, 0.3333, 0.0, 0.0, 0.0, 0.0, 0.1429, 0.0, 0.0, 0.0, 0.0, 0.0, 0.0, 0.0, 1.0, 0.0, 0.5, 0.0, 0.0, 0.0, 0.0, 0.0, 0.25, 0.0, 0.125, 0.0, 0.0, 0.0, 0.0, 0.0, 0.4, 0.0, 0.1818, 0.1429, 0.25, 0.0, 0.0, 0.0, 0.0, 0.0, 1.0, 0.0, 0.8571, 0.1429, 0.0, 0.0, 0.0, 0.0, 0.75, 0.0, 0.125, 0.6, 0.0, 0.0, 0.0, 0.0, 0.8462, 0.0, 0.0, 0.0, 0.0, 0.1429, 0.0, 0.0, 1.0, 0.0, 0.0, 0.1429, 0.0, 0.0, 0.0, 0.0, 0.8571, 0.1111, 0.0, 0.0, 0.0, 0.0, 0.0, 0.0, 1.0, 0.0, 0.0, 0.0, 0.0, 0.0, 0.0769, 0.0, 1.0, 0.125, 0.0, 0.0, 0.0, 0.0, 0.0, 0.0, 1.0, 0.0, 0.0, 0.0, 0.0, 0.0, 0.0, 0.0, 0.875, 0.0, 0.0, 0.0, 0.2, 0.0, 0.1667, 0.0, 0.8, 0.0714, 0.0, 0.0, 0.0, 0.0, 0.0, 0.0, 1.0, 0.0, 0.0, 0.0, 0.0, 0.0, 0.0, 0.0, 0.7778, 0.0, 0.0, 0.0, 0.0, 0.0, 0.0, 0.0, 0.8571, 0.0, 0.0, 0.0, 0.0, 0.0, 0.0, 0.0, 0.8333, 0.0, 0.0, 0.0, 0.0, 0.0, 0.0, 0.0, 0.6667, 0.125, 0.0, 0.0, 0.0, 0.0, 0.125, 0.0, 0.0, 0.0, 0.0, 0.0, 0.0, 0.0, 0.0, 0.0, 0.0, 0.0, 0.0, 0.0, 0.0, 0.1, 0.0, 0.0, 0.0, 0.0, 0.2, 0.0, 0.0, 0.0, 0.0, 0.0, 0.0, 0.0833, 0.0, 0.0, 0.0, 0.0, 0.0, 0.1429, 0.0, 0.0, 0.125, 0.0, 0.0, 0.0, 0.0, 0.0, 0.0, 0.0, 0.0, 0.0, 0.0, 0.0, 0.0, 0.0, 0.0, 0.0, 0.0, 0.0, 0.1, 0.0, 0.0, 0.125, 0.0, 0.0, 0.1429, 0.0909, 0.0, 0.0, 0.0, 0.0, 0.0, 0.0, 0.1111, 0.0, 0.0, 0.0, 0.1429, 0.0, 0.0, 0.0, 0.0, 0.0, 0.1111, 0.0, 0.0, 0.0, 0.0, 0.1429, 0.0, 0.0, 0.0, 0.0769]"
1,20,broadcast,0.029,0.029,0.029,-0.0,5,True,58,0,277,1665,0,"[0.0, 0.0235, 0.027, 0.0285, 0.029, 0.029, 0.029, 0.029, 0.029, 0.029, 0.029, 0.029, 0.029, 0.029, 0.029, 0.029, 0.029, 0.029, 0.029, 0.029, 0.029, 0.029, 0.029, 0.029, 0.029, 0.029, 0.029, 0.029, 0.029, 0.029, 0.029, 0.029, 0.029, 0.029, 0.029, 0.029, 0.029, 0.029, 0.029, 0.029, 0.029, 0.029, 0.029, 0.029, 0.029, 0.029, 0.029, 0.029, 0.029, 0.029, 0.029, 0.029, 0.029, 0.029, 0.029, 0.029, 0.029, 0.029, 0.029, 0.029, 0.029, 0.029, 0.029, 0.029, 0.029, 0.029, 0.029, 0.029, 0.029, 0.029, 0.029, 0.029, 0.029, 0.029, 0.029, 0.029, 0.029, 0.029, 0.029, 0.029, 0.029, 0.029, 0.029, 0.029, 0.029, 0.029, 0.029, 0.029, 0.029, 0.029, 0.029, 0.029, 0.029, 0.029, 0.029, 0.029, 0.029, 0.029, 0.029, 0.029, 0.029]","{""0"": 0.015, ""1"": 0.0233, ""2"": 0.03, ""3"": 0.0367, ""4"": 0.0415, ""5"": 0.0275, ""6"": 0.0208, ""7"": 0.0385}","[0.0, 0.0, 0.0, 0.1429, 0.0, 0.0, 0.0, 0.0, 0.0, 0.0, 0.1667, 0.0, 0.0, 0.1111, 0.0, 0.0, 0.0909, 0.0, 0.1429, 0.1429, 0.0, 0.0, 0.0, 0.0, 0.125, 0.0, 0.0, 0.0, 0.1111, 0.1667, 0.0, 0.0, 0.0, 0.0, 0.0, 0.0, 0.0, 0.0, 0.0, 0.0, 0.0, 0.0, 0.0, 0.0, 0.125, 0.125, 0.0, 0.0, 0.1429, 0.0, 0.0, 0.0, 0.0, 0.0, 0.25, 0.0, 0.0, 0.0, 0.0, 0.0, 0.0, 0.0, 0.1667, 0.1429, 0.0, 0.0, 0.0, 0.0, 0.0, 0.0, 0.1, 0.0, 0.0, 0.0, 0.0, 0.0, 0.0, 0.0, 0.1429, 0.0, 0.0, 0.0, 0.25, 0.0, 0.0, 0.0, 0.1429, 0.0, 0.0, 0.0, 0.0, 0.0, 0.0, 0.0, 0.0, 0.0, 0.0, 0.0, 0.125, 0.0, 0.0, 0.0, 0.0, 0.0, 0.1818, 0.2222, 0.0, 0.0, 0.0, 0.0, 0.0, 0.0, 0.1667, 0.0, 0.0, 0.0, 0.0, 0.0, 0.0, 0.0, 0.1667, 0.0, 0.0, 0.0, 0.0, 0.2857, 0.2, 0.0, 0.0, 0.0, 0.1429, 0.0, 0.0, 0.0, 0.0, 0.0, 0.1667, 0.0, 0.0, 0.0, 0.0, 0.0, 0.0, 0.0, 0.0, 0.0, 0.0, 0.0, 0.0, 0.0, 0.0, 0.0, 0.0, 0.0909, 0.0, 0.0, 0.0, 0.1667, 0.0, 0.1429, 0.0, 0.0, 0.1667, 0.125, 0.0, 0.2222, 0.0, 0.0, 0.0, 0.0, 0.0, 0.0, 0.0, 0.0, 0.0, 0.0, 0.0909, 0.0, 0.0, 0.1111, 0.0, 0.125, 0.0, 0.0, 0.0, 0.0, 0.0, 0.0, 0.0, 0.0, 0.0, 0.0, 0.0, 0.1111, 0.0, 0.0, 0.1, 0.0, 0.0, 0.0, 0.0, 0.0, 0.0, 0.0, 0.1111, 0.0, 0.1, 0.0, 0.0, 0.0, 0.0, 0.0, 0.0, 0.125, 0.0, 0.0, 0.0, 0.0, 0.0, 0.2, 0.0, 0.0, 0.0, 0.0, 0.0, 0.0, 0.0, 0.2, 0.0, 0.0, 0.0, 0.4286, 0.0, 0.0, 0.0, 0.0, 0.625, 0.0, 0.0, 0.0, 0.0, 0.0, 0.0, 0.0, 0.0, 0.0, 0.0, 0.0, 0.0, 0.0]"
1,21,broadcast,0.08,0.08,0.08,0.0,24,True,160,0,312,1528,0,"[0.0, 0.0235, 0.0255, 0.028, 0.0315, 0.0355, 0.0415, 0.047, 0.05, 0.0525, 0.054, 0.0555, 0.059, 0.0635, 0.066, 0.0695, 0.0715, 0.072, 0.073, 0.0745, 0.0765, 0.078, 0.079, 0.08, 0.08, 0.08, 0.08, 0.08, 0.08, 0.08, 0.08, 0.08, 0.08, 0.08, 0.08, 0.08, 0.08, 0.08, 0.08, 0.08, 0.08, 0.08, 0.08, 0.08, 0.08, 0.08, 0.08, 0.08, 0.08, 0.08, 0.08, 0.08, 0.08, 0.08, 0.08, 0.08, 0.08, 0.08, 0.08, 0.08, 0.08, 0.08, 0.08, 0.08, 0.08, 0.08, 0.08, 0.08, 0.08, 0.08, 0.08, 0.08, 0.08, 0.08, 0.08, 0.08, 0.08, 0.08, 0.08, 0.08, 0.08, 0.08, 0.08, 0.08, 0.08, 0.08, 0.08, 0.08, 0.08, 0.08, 0.08, 0.08, 0.08, 0.08, 0.08, 0.08, 0.08, 0.08, 0.08, 0.08, 0.08]","{""0"": 0.4978, ""1"": 0.0491, ""2"": 0.0347, ""3"": 0.0299, ""4"": 0.0221, ""5"": 0.012, ""6"": 0.0359, ""7"": 0.0082}","[0.1111, 0.8333, 0.0, 0.0, 0.0, 0.0833, 0.0, 0.0, 0.0, 0.8889, 0.0, 0.0, 0.1, 0.0, 0.0, 0.0, 0.0, 1.0, 0.0, 0.0, 0.0, 0.0, 0.0, 0.0, 0.0, 1.0, 0.0, 0.0, 0.0, 0.0, 0.0, 0.0, 0.0, 1.0, 0.0, 0.6667, 0.1, 0.0, 0.0, 0.1429, 0.1667, 1.0, 0.0, 0.1429, 0.125, 0.0, 0.1111, 0.0, 0.0, 1.0, 0.0, 0.0, 0.0, 0.0, 0.0, 0.0, 0.0, 0.8333, 0.0, 0.0, 0.0, 0.1111, 0.0, 0.0, 0.1667, 0.7143, 0.0, 0.0, 0.0, 0.0, 0.0, 0.0, 0.0, 1.0, 0.0833, 0.0, 0.0, 0.0, 0.0, 0.0, 0.0, 0.75, 0.0, 0.0, 0.0, 0.0, 0.0, 0.0, 0.0, 1.0, 0.0, 0.0, 0.0, 0.1667, 0.0, 0.0, 0.0, 0.6667, 0.0, 0.0, 0.1667, 0.0, 0.0, 0.125, 0.0, 1.0, 0.0, 0.0909, 0.0, 0.0, 0.1429, 0.1429, 0.0, 0.1667, 0.1429, 0.0, 0.0, 0.0, 0.0, 0.0, 0.0, 0.0, 0.6667, 0.0, 0.0, 0.0, 0.0, 0.0, 0.0, 0.0, 0.0, 0.0, 0.0, 0.0, 0.0, 0.0667, 0.0, 0.0, 0.0, 0.0, 0.0, 0.0, 0.0909, 0.0, 0.0, 0.0, 0.0, 0.0, 0.1, 0.0, 0.0, 0.0, 0.0, 0.0, 0.0, 0.125, 0.0, 0.1, 0.0, 0.1111, 0.0, 0.0, 0.0, 0.0, 0.0, 0.0, 0.0, 0.1667, 0.0, 0.0, 0.0, 0.0, 0.0, 0.0, 0.0, 0.0, 0.0, 0.0, 0.1, 0.1, 0.0, 0.0, 0.0, 0.1111, 0.0, 0.1667, 0.0, 0.0, 0.0, 0.0, 0.0, 0.0, 0.0, 0.0, 0.0909, 0.0, 0.0, 0.0909, 0.0, 0.0, 0.0, 0.0, 0.0, 0.0, 0.0, 0.0, 0.0, 0.25, 0.0, 0.0, 0.4, 0.1, 0.1667, 0.0, 0.0, 0.0, 0.0, 0.8571, 0.0, 0.0, 0.0769, 0.0, 0.0, 0.0, 0.0, 0.75, 0.0, 0.0, 0.0, 0.0, 0.0, 0.0, 0.0, 0.7143, 0.0, 0.0, 0.0, 0.0, 0.0, 0.0, 0.0, 0.6, 0.0909, 0.0, 0.0, 0.25, 0.0, 0.125, 0.0, 1.0]"
1,22,broadcast,0.109,0.109,0.109,-0.0,65,True,218,0,310,1472,0,"[0.0, 0.022, 0.024, 0.026, 0.0285, 0.031, 0.0325, 0.0345, 0.0365, 0.039, 0.04, 0.0405, 0.041, 0.042, 0.0425, 0.0435, 0.044, 0.045, 0.0455, 0.046, 0.047, 0.048, 0.0505, 0.053, 0.055, 0.0565, 0.0585, 0.0615, 0.0625, 0.0635, 0.0645, 0.065, 0.0665, 0.0685, 0.07, 0.072, 0.0735, 0.0745, 0.075, 0.077, 0.0775, 0.078, 0.0795, 0.081, 0.083, 0.0845, 0.0855, 0.0865, 0.087, 0.0875, 0.088, 0.09, 0.0915, 0.094, 0.0955, 0.0965, 0.097, 0.098, 0.1, 0.1025, 0.1045, 0.107, 0.1075, 0.1085, 0.109, 0.109, 0.109, 0.109, 0.109, 0.109, 0.109, 0.109, 0.109, 0.109, 0.109, 0.109, 0.109, 0.109, 0.109, 0.109, 0.109, 0.109, 0.109, 0.109, 0.109, 0.109, 0.109, 0.109, 0.109, 0.109, 0.109, 0.109, 0.109, 0.109, 0.109, 0.109, 0.109, 0.109, 0.109, 0.109, 0.109]","{""0"": 0.6598, ""1"": 0.0147, ""2"": 0.0241, ""3"": 0.0183, ""4"": 0.1143, ""5"": 0.0237, ""6"": 0.0184, ""7"": 0.0242}","[0.2222, 0.8, 0.0, 0.0, 0.0, 0.4286, 0.0, 0.0, 0.125, 0.8889, 0.0, 0.125, 0.0, 0.1429, 0.0, 0.0, 0.0, 0.8889, 0.0, 0.0, 0.0, 0.0, 0.0, 0.0, 0.0, 0.9, 0.0, 0.125, 0.0, 0.25, 0.0, 0.0, 0.0, 0.9, 0.0, 0.0, 0.0, 1.0, 0.2, 0.0, 0.0, 0.8, 0.0, 0.0, 0.0, 0.875, 0.1429, 0.0, 0.0, 0.8571, 0.0, 0.0, 0.1667, 0.8, 0.0, 0.1667, 0.0, 0.6667, 0.0, 0.0, 0.0, 0.1667, 0.0, 0.0, 0.0, 0.8333, 0.0, 0.0, 0.0, 0.0, 0.0, 0.0, 0.0, 0.8571, 0.0, 0.0, 0.0, 0.0, 0.0, 0.1667, 0.0, 0.75, 0.0, 0.0, 0.0, 0.0, 0.0, 0.0, 0.0, 1.0, 0.0, 0.0, 0.0, 0.0, 0.1111, 0.0, 0.0, 0.875, 0.1111, 0.1667, 0.0, 0.5, 0.0, 0.0, 0.1111, 1.0, 0.1, 0.1667, 0.0, 0.0, 0.0, 0.0, 0.0, 1.0, 0.0, 0.0, 0.0, 0.0, 0.0, 0.0, 0.1111, 0.8, 0.0, 0.0, 0.0, 0.0, 0.0, 0.0, 0.0, 1.0, 0.0, 0.0, 0.0, 0.125, 0.0, 0.0, 0.0, 1.0, 0.1111, 0.0, 0.0, 0.0, 0.0, 0.0, 0.0, 0.7273, 0.0, 0.0, 0.0, 0.0, 0.0, 0.0, 0.0, 0.7, 0.0, 0.0, 0.0, 0.0, 0.0, 0.0, 0.1111, 0.8571, 0.0, 0.0, 0.0714, 0.0, 0.0, 0.0, 0.0, 1.0, 0.0, 0.0833, 0.2, 0.0, 0.0, 0.0, 0.1429, 0.8571, 0.0, 0.0, 0.1111, 0.0, 0.0, 0.0, 0.0, 0.8, 0.0, 0.0, 0.0, 0.0, 0.0, 0.0, 0.0, 0.0, 0.0, 0.0, 0.0, 0.0, 0.0, 0.0, 0.0, 0.0, 0.0, 0.0, 0.0, 0.0, 0.0, 0.0, 0.0, 0.0, 0.0, 0.0, 0.0, 0.0, 0.0, 0.0, 0.0, 0.0, 0.0, 0.0, 0.0, 0.0, 0.0, 0.0, 0.0, 0.0, 0.0, 0.0, 0.0, 0.0, 0.0769, 0.0, 0.0909, 0.1667, 0.1429, 0.0, 0.0, 0.0, 0.2, 0.0, 0.0, 0.0, 0.0, 0.1667, 0.0, 0.0, 0.0, 0.125, 0.0, 0.8]"
1,23,broadcast,0.025,0.025,0.025,0.0,7,True,50,0,284,1666,0,"[0.0, 0.02, 0.023, 0.0235, 0.024, 0.0245, 0.025, 0.025, 0.025, 0.025, 0.025, 0.025, 0.025, 0.025, 0.025, 0.025, 0.025, 0.025, 0.025, 0.025, 0.025, 0.025, 0.025, 0.025, 0.025, 0.025, 0.025, 0.025, 0.025, 0.025, 0.025, 0.025, 0.025, 0.025, 0.025, 0.025, 0.025, 0.025, 0.025, 0.025, 0.025, 0.025, 0.025, 0.025, 0.025, 0.025, 0.025, 0.025, 0.025, 0.025, 0.025, 0.025, 0.025, 0.025, 0.025, 0.025, 0.025, 0.025, 0.025, 0.025, 0.025, 0.025, 0.025, 0.025, 0.025, 0.025, 0.025, 0.025, 0.025, 0.025, 0.025, 0.025, 0.025, 0.025, 0.025, 0.025, 0.025, 0.025, 0.025, 0.025, 0.025, 0.025, 0.025, 0.025, 0.025, 0.025, 0.025, 0.025, 0.025, 0.025, 0.025, 0.025, 0.025, 0.025, 0.025, 0.025, 0.025, 0.025, 0.025, 0.025, 0.025]","{""0"": 0.0222, ""1"": 0.0241, ""2"": 0.0363, ""3"": 0.027, ""4"": 0.0229, ""5"": 0.0285, ""6"": 0.0117, ""7"": 0.0276}","[0.0, 0.0, 0.0, 0.0, 0.0, 0.0, 0.0, 0.0, 0.0, 0.0, 0.0, 0.0, 0.0, 0.0, 0.0, 0.0, 0.0714, 0.0, 0.2857, 0.0, 0.0, 0.0, 0.0, 0.0, 0.0, 0.0, 0.0, 0.0, 0.0, 0.0, 0.0, 0.0, 0.0, 0.0, 0.0, 0.0, 0.0, 0.0, 0.0, 0.0, 0.0, 0.0, 0.0, 0.0, 0.0, 0.0, 0.0, 0.0, 0.0, 0.0909, 0.0, 0.1667, 0.0, 0.0, 0.0, 0.0, 0.0, 0.0, 0.0, 0.125, 0.0, 0.0, 0.0, 0.0, 0.0, 0.1429, 0.25, 0.0, 0.1429, 0.0, 0.0, 0.0, 0.0, 0.0, 0.0, 0.0, 0.0, 0.0, 0.0, 0.0, 0.0, 0.0, 0.0, 0.0, 0.125, 0.0, 0.0, 0.0, 0.0769, 0.0, 0.0, 0.0, 0.0, 0.0, 0.0, 0.0, 0.0, 0.0, 0.0, 0.1429, 0.0, 0.0, 0.0, 0.0, 0.0, 0.0, 0.0, 0.0, 0.125, 0.0, 0.0, 0.0, 0.375, 0.0, 0.0, 0.1, 0.1111, 0.0, 0.6667, 0.0, 0.0, 0.0, 0.1111, 0.125, 0.0, 0.0, 0.125, 0.1111, 0.0, 0.0, 0.0, 0.0, 0.0, 0.0, 0.0, 0.1, 0.125, 0.0, 0.0, 0.0, 0.0, 0.0, 0.0, 0.0, 0.0, 0.1429, 0.0, 0.0909, 0.0, 0.0, 0.0, 0.125, 0.0, 0.0, 0.0, 0.1, 0.0, 0.3, 0.0, 0.0, 0.1667, 0.0, 0.0, 0.0, 0.1, 0.125, 0.0, 0.0, 0.0, 0.0, 0.0, 0.0, 0.0, 0.0833, 0.0, 0.0, 0.0, 0.0, 0.0, 0.0, 0.0, 0.0, 0.0, 0.0, 0.0, 0.0, 0.0, 0.0, 0.0, 0.0, 0.0, 0.0, 0.0, 0.0, 0.0, 0.0, 0.0, 0.0, 0.0, 0.0, 0.0, 0.0, 0.0, 0.1667, 0.1818, 0.0833, 0.0, 0.0, 0.0, 0.0, 0.0, 0.0, 0.0, 0.0, 0.0, 0.0, 0.0, 0.0, 0.0, 0.0, 0.0, 0.0, 0.0, 0.0, 0.0, 0.2857, 0.0, 0.1, 0.0, 0.0, 0.0, 0.0, 0.0, 0.0, 0.125, 0.0, 0.0, 0.0, 0.0, 0.0, 0.0, 0.0, 0.0, 0.0, 0.0, 0.0, 0.0, 0.0, 0.0, 0.0]"
1,24,broadcast,0.019,0.019,0.019,0.0,3,True,38,0,297,1665,0,"[0.0, 0.0175, 0.019, 0.019, 0.019, 0.019, 0.019, 0.019, 0.019, 0.019, 0.019, 0.019, 0.019, 0.019, 0.019, 0.019, 0.019, 0.019, 0.019, 0.019, 0.019, 0.019, 0.019, 0.019, 0.019, 0.019, 0.019, 0.019, 0.019, 0.019, 0.019, 0.019, 0.019, 0.019, 0.019, 0.019, 0.019, 0.019, 0.019, 0.019, 0.019, 0.019, 0.019, 0.019, 0.019, 0.019, 0.019, 0.019, 0.019, 0.019, 0.019, 0.019, 0.019, 0.019, 0.019, 0.019, 0.019, 0.019, 0.019, 0.019, 0.019, 0.019, 0.019, 0.019, 0.019, 0.019, 0.019, 0.019, 0.019, 0.019, 0.019, 0.019, 0.019, 0.019, 0.019, 0.019, 0.019, 0.019, 0.019, 0.019, 0.019, 0.019, 0.019, 0.019, 0.019, 0.019, 0.019, 0.019, 0.019, 0.019, 0.019, 0.019, 0.019, 0.019, 0.019, 0.019, 0.019, 0.019, 0.019, 0.019, 0.019]","{""0"": 0.0152, ""1"": 0.0122, ""2"": 0.0296, ""3"": 0.0437, ""4"": 0.0042, ""5"": 0.0243, ""6"": 0.0172, ""7"": 0.004}","[0.0, 0.0, 0.0, 0.0, 0.0, 0.0, 0.0, 0.0, 0.0, 0.0, 0.0, 0.0, 0.0, 0.0, 0.0, 0.0, 0.0, 0.0, 0.0, 0.0, 0.0, 0.0, 0.0909, 0.0, 0.0, 0.0, 0.0, 0.125, 0.0, 0.0, 0.0, 0.0, 0.0, 0.0, 0.0, 0.0, 0.0, 0.0, 0.0, 0.0, 0.0, 0.0, 0.0, 0.0, 0.0, 0.0, 0.0, 0.0, 0.0, 0.0, 0.0, 0.0, 0.0, 0.0, 0.0909, 0.0, 0.0, 0.0, 0.0, 0.3, 0.0, 0.0, 0.2, 0.0, 0.0, 0.0, 0.0, 0.0, 0.0, 0.0, 0.0, 0.0, 0.0, 0.0, 0.0, 0.0, 0.0, 0.25, 0.0, 0.0, 0.0, 0.0, 0.0, 0.0, 0.0, 0.0, 0.0, 0.125, 0.0, 0.0, 0.0, 0.0, 0.0, 0.0, 0.0, 0.0, 0.0, 0.0909, 0.0, 0.0, 0.0, 0.0, 0.0, 0.0, 0.0, 0.0, 0.0, 0.0, 0.1429, 0.0, 0.0, 0.0909, 0.0, 0.0, 0.0, 0.0, 0.0, 0.0, 0.0, 0.0, 0.0, 0.0909, 0.0, 0.0, 0.0, 0.0, 0.0, 0.0, 0.0, 0.0, 0.0, 0.0, 0.0, 0.0, 0.125, 0.0, 0.1111, 0.0, 0.0, 0.0, 0.0, 0.0, 0.0, 0.0, 0.0, 0.1667, 0.0, 0.0, 0.0714, 0.0, 0.0, 0.1429, 0.0, 0.1111, 0.0, 0.0, 0.0, 0.0, 0.1111, 0.0, 0.0, 0.0, 0.0, 0.1667, 0.25, 0.0, 0.0, 0.0, 0.0, 0.0, 0.0, 0.0909, 0.0, 0.0, 0.0, 0.0, 0.0, 0.0, 0.0, 0.0, 0.0, 0.0, 0.0, 0.0, 0.0, 0.0, 0.0, 0.0, 0.2, 0.0, 0.0, 0.0, 0.0, 0.0, 0.0, 0.0, 0.0, 0.0, 0.0, 0.0, 0.0, 0.0, 0.1111, 0.1, 0.0, 0.0, 0.0, 0.0, 0.0, 0.0, 0.0909, 0.0, 0.2143, 0.0, 0.0909, 0.0, 0.0, 0.0, 0.0, 0.0, 0.0, 0.0, 0.0, 0.0, 0.0, 0.0, 0.0, 0.0, 0.25, 0.0, 0.0, 0.0, 0.0, 0.0, 0.1429, 0.0, 0.0, 0.0, 0.0, 0.0, 0.0, 0.0, 0.0, 0.0, 0.0, 0.0, 0.0, 0.0909, 0.0, 0.0]"
1,25,broadcast,0.024,0.024,0.024,0.0,7,True,48,0,295,1657,0,"[0.0, 0.0175, 0.0185, 0.019, 0.0205, 0.023, 0.024, 0.024, 0.024, 0.024, 0.024, 0.024, 0.024, 0.024, 0.024, 0.024, 0.024, 0.024, 0.024, 0.024, 0.024, 0.024, 0.024, 0.024, 0.024, 0.024, 0.024, 0.024, 0.024, 0.024, 0.024, 0.024, 0.024, 0.024, 0.024, 0.024, 0.024, 0.024, 0.024, 0.024, 0.024, 0.024, 0.024, 0.024, 0.024, 0.024, 0.024, 0.024, 0.024, 0.024, 0.024, 0.024, 0.024, 0.024, 0.024, 0.024, 0.024, 0.024, 0.024, 0.024, 0.024, 0.024, 0.024, 0.024, 0.024, 0.024, 0.024, 0.024, 0.024, 0.024, 0.024, 0.024, 0.024, 0.024, 0.024, 0.024, 0.024, 0.024, 0.024, 0.024, 0.024, 0.024, 0.024, 0.024, 0.024, 0.024, 0.024, 0.024, 0.024, 0.024, 0.024, 0.024, 0.024, 0.024, 0.024, 0.024, 0.024, 0.024, 0.024, 0.024, 0.024]","{""0"": 0.0271, ""1"": 0.0132, ""2"": 0.0077, ""3"": 0.0163, ""4"": 0.0677, ""5"": 0.0121, ""6"": 0.0154, ""7"": 0.0319}","[0.0, 0.125, 0.0, 0.0, 0.0, 0.0, 0.0, 0.0, 0.0, 0.1667, 0.0, 0.0, 0.0, 0.0, 0.0, 0.0, 0.0, 0.0, 0.0, 0.0, 0.0, 0.0, 0.1111, 0.0, 0.0, 0.0, 0.0, 0.0, 0.0, 0.0, 0.0, 0.0, 0.0, 0.0, 0.0, 0.0, 0.1111, 0.0, 0.0, 0.0, 0.0, 0.0, 0.0, 0.0, 0.0, 0.0, 0.0, 0.1429, 0.0, 0.0, 0.1429, 0.0, 0.1429, 0.0, 0.0, 0.0, 0.0, 0.0, 0.0, 0.0, 0.0, 0.0, 0.0, 0.0, 0.0, 0.0, 0.1111, 0.0, 0.0, 0.0, 0.0, 0.0, 0.0, 0.0, 0.0, 0.0, 0.0, 0.0, 0.0, 0.0, 0.0, 0.0, 0.0, 0.0, 0.0, 0.0, 0.0, 0.0, 0.1, 0.0833, 0.0, 0.0, 0.0, 0.0, 0.0, 0.0, 0.0, 0.0, 0.0667, 0.0, 0.0, 0.0, 0.0, 0.0, 0.0, 0.0, 0.0, 0.0833, 0.2, 0.1111, 0.0, 0.0, 0.0, 0.25, 0.0, 0.0, 0.0, 0.0, 0.0, 0.0, 0.0, 0.0909, 0.0, 0.0, 0.0, 0.0, 0.0, 0.0, 0.2222, 0.0, 0.0, 0.0, 0.0, 0.0, 0.0, 0.0, 0.1111, 0.125, 0.0, 0.0, 0.0909, 0.0, 0.0, 0.0, 0.0, 0.0, 0.0, 0.125, 0.0, 1.0, 0.0, 0.0, 0.1, 0.0, 0.0, 0.0, 0.0, 0.8333, 0.1429, 0.0, 0.0, 0.0, 0.0, 0.0, 0.0, 0.0, 0.0, 0.0, 0.0, 0.0, 0.0, 0.0, 0.0, 0.0, 0.0, 0.1, 0.0, 0.0, 0.0, 0.0, 0.0, 0.0, 0.0, 0.0, 0.0, 0.0, 0.0, 0.0, 0.0, 0.0, 0.0, 0.0, 0.0, 0.0, 0.0, 0.0, 0.0, 0.0, 0.0, 0.1111, 0.0, 0.0, 0.0, 0.0, 0.0, 0.0, 0.0, 0.0, 0.0, 0.0, 0.0, 0.0, 0.0, 0.1, 0.125, 0.0, 0.0, 0.1667, 0.0, 0.0, 0.0, 0.0, 0.0, 0.0, 0.2, 0.0, 0.0, 0.0, 0.0, 0.125, 0.0, 0.1, 0.1, 0.0, 0.0, 0.0, 0.0, 0.0, 0.0, 0.0, 0.0, 0.0, 0.0, 0.0, 0.0, 0.0, 0.0, 0.0, 0.0, 0.0]"
1,26,broadcast,0.0265,0.0265,0.0265,-0.0,8,True,53,0,279,1668,0,"[0.0, 0.0185, 0.0215, 0.023, 0.0235, 0.024, 0.0255, 0.0265, 0.0265, 0.0265, 0.0265, 0.0265, 0.0265, 0.0265, 0.0265, 0.0265, 0.0265, 0.0265, 0.0265, 0.0265, 0.0265, 0.0265, 0.0265, 0.0265, 0.0265, 0.0265, 0.0265, 0.0265, 0.0265, 0.0265, 0.0265, 0.0265, 0.0265, 0.0265, 0.0265, 0.0265, 0.0265, 0.0265, 0.0265, 0.0265, 0.0265, 0.0265, 0.0265, 0.0265, 0.0265, 0.0265, 0.0265, 0.0265, 0.0265, 0.0265, 0.0265, 0.0265, 0.0265, 0.0265, 0.0265, 0.0265, 0.0265, 0.0265, 0.0265, 0.0265, 0.0265, 0.0265, 0.0265, 0.0265, 0.0265, 0.0265, 0.0265, 0.0265, 0.0265, 0.0265, 0.0265, 0.0265, 0.0265, 0.0265, 0.0265, 0.0265, 0.0265, 0.0265, 0.0265, 0.0265, 0.0265, 0.0265, 0.0265, 0.0265, 0.0265, 0.0265, 0.0265, 0.0265, 0.0265, 0.0265, 0.0265, 0.0265, 0.0265, 0.0265, 0.0265, 0.0265, 0.0265, 0.0265, 0.0265, 0.0265, 0.0265]","{""0"": 0.0084, ""1"": 0.0173, ""2"": 0.0231, ""3"": 0.0157, ""4"": 0.0394, ""5"": 0.0625, ""6"": 0.0159, ""7"": 0.0275}","[0.0, 0.0, 0.0, 0.0909, 0.0, 0.0, 0.0, 0.0, 0.1, 0.0, 0.0, 0.0, 0.1111, 0.0, 0.0, 0.1111, 0.125, 0.0, 0.0, 0.0, 0.0909, 0.0, 0.0, 0.0, 0.0, 0.0, 0.0, 0.0769, 0.1111, 0.0, 0.0, 0.0, 0.0, 0.0, 0.0, 0.0, 0.0, 0.1667, 0.125, 0.0, 0.0, 0.0, 0.0, 0.0, 0.0, 0.0, 1.0, 0.0, 0.1111, 0.0, 0.0, 0.0, 0.0, 0.0, 1.0, 0.0, 0.1429, 0.0, 0.0, 0.0, 0.0, 0.0, 0.0, 0.0, 0.0, 0.1429, 0.0, 0.0, 0.0, 0.0, 0.0, 0.0, 0.0, 0.0, 0.0, 0.0, 0.0, 0.0, 0.0, 0.0, 0.0, 0.0, 0.0, 0.0, 0.0, 0.0, 0.0, 0.0, 0.0, 0.0, 0.0, 0.0, 0.0, 0.0, 0.1111, 0.0, 0.0, 0.0, 0.0, 0.0, 0.0, 0.0, 0.0, 0.125, 0.0, 0.0, 0.0, 0.0, 0.0, 0.0, 0.0, 0.0, 0.1111, 0.0, 0.0, 0.0, 0.0, 0.0, 0.0, 0.0, 0.1111, 0.0, 0.0, 0.0, 0.0, 0.0, 0.0, 0.0, 0.0, 0.0, 0.0, 0.1, 0.0, 0.0, 0.0, 0.0, 0.0, 0.0, 0.2, 0.0, 0.0, 0.0, 0.0, 0.0, 0.0, 0.0, 0.0, 0.0, 0.0, 0.0, 0.0, 0.0, 0.0, 0.0, 0.0, 0.0, 0.0, 0.0, 0.0, 0.0, 0.0, 0.0, 0.0, 0.0, 0.1, 0.0, 0.0, 0.0, 0.0, 0.0, 0.0, 0.0, 0.0, 0.0, 0.0, 0.0, 0.0, 0.0, 0.0, 0.0, 0.0, 0.1111, 0.0, 0.0, 0.0, 0.0, 0.0, 0.0, 0.0, 0.2222, 0.0, 0.0909, 0.0, 0.0, 0.0, 0.0, 0.0, 0.0, 0.0, 0.1111, 0.0, 0.0, 0.0, 0.0, 0.0, 0.0, 0.0, 0.0, 0.125, 0.1429, 0.0, 0.0, 0.0, 0.2222, 0.0, 0.0, 0.0, 0.0, 0.0, 0.2308, 0.0, 0.2, 0.1, 0.0, 0.0, 0.0, 0.0, 0.0, 0.0, 0.2857, 0.0, 0.0, 0.0, 0.0, 0.1667, 0.0, 0.0, 0.0, 0.0769, 0.0, 0.0, 0.0, 0.25, 0.0, 0.0, 0.1, 0.0, 0.0, 0.0, 0.0]"
1,27,broadcast,0.0185,0.0185,0.0185,0.0,4,True,37,0,309,1654,0,"[0.0, 0.0175, 0.018, 0.0185, 0.0185, 0.0185, 0.0185, 0.0185, 0.0185, 0.0185, 0.0185, 0.0185, 0.0185, 0.0185, 0.0185, 0.0185, 0.0185, 0.0185, 0.0185, 0.0185, 0.0185, 0.0185, 0.0185, 0.0185, 0.0185, 0.0185, 0.0185, 0.0185, 0.0185, 0.0185, 0.0185, 0.0185, 0.0185, 0.0185, 0.0185, 0.0185, 0.0185, 0.0185, 0.0185, 0.0185, 0.0185, 0.0185, 0.0185, 0.0185, 0.0185, 0.0185, 0.0185, 0.0185, 0.0185, 0.0185, 0.0185, 0.0185, 0.0185, 0.0185, 0.0185, 0.0185, 0.0185, 0.0185, 0.0185, 0.0185, 0.0185, 0.0185, 0.0185, 0.0185, 0.0185, 0.0185, 0.0185, 0.0185, 0.0185, 0.0185, 0.0185, 0.0185, 0.0185, 0.0185, 0.0185, 0.0185, 0.0185, 0.0185, 0.0185, 0.0185, 0.0185, 0.0185, 0.0185, 0.0185, 0.0185, 0.0185, 0.0185, 0.0185, 0.0185, 0.0185, 0.0185, 0.0185, 0.0185, 0.0185, 0.0185, 0.0185, 0.0185, 0.0185, 0.0185, 0.0185, 0.0185]","{""0"": 0.038, ""1"": 0.0165, ""2"": 0.0159, ""3"": 0.0127, ""4"": 0.0224, ""5"": 0.0077, ""6"": 0.0189, ""7"": 0.0156}","[0.1111, 0.0, 0.0, 0.1429, 0.0, 0.0, 0.0, 0.0, 0.0, 0.0, 0.0, 0.0, 0.0, 0.0, 0.0, 0.0, 0.0, 0.0, 0.0, 0.0, 0.0, 0.125, 0.0, 0.0, 0.0, 0.1667, 0.125, 0.0, 0.0, 0.0, 0.0, 0.0, 0.1111, 0.0, 0.0, 0.0, 0.0, 0.0, 0.0, 0.0, 0.0, 0.0, 0.0, 0.0, 0.0, 0.0, 0.0, 0.0, 0.1111, 0.0, 0.125, 0.1429, 0.0, 0.1111, 0.0, 0.1667, 0.0, 0.0, 0.0, 0.0, 0.0, 0.0, 0.0, 0.0, 0.0, 0.0, 0.0, 0.0, 0.0, 0.25, 0.0, 0.1111, 0.0, 0.1111, 0.0, 0.0, 0.1429, 0.0, 0.0, 0.0, 0.0, 0.0, 0.0, 0.0, 0.0, 0.0, 0.0, 0.0, 0.0, 0.0, 0.1, 0.0, 0.0, 0.0, 0.0, 0.0, 0.0, 0.0, 0.0, 0.0, 0.0, 0.0, 0.0, 0.0769, 0.0, 0.0, 0.0909, 0.0, 0.0, 0.0, 0.0, 0.0, 0.0, 0.0, 0.0, 0.0, 0.0, 0.0, 0.0, 0.0, 0.0, 0.0, 0.0, 0.0, 0.0, 0.0, 0.0, 0.0, 0.0, 0.0, 0.0, 0.0, 0.0, 0.0, 0.0, 0.0, 0.0, 0.125, 0.0, 0.0, 0.0, 0.0, 0.0, 0.0, 0.0, 0.0, 0.0, 0.0, 0.0, 0.0, 0.0, 0.0, 0.0, 0.0, 0.0, 0.0909, 0.1667, 0.0, 0.0, 0.0, 0.0, 0.0, 0.0, 0.0, 0.0, 0.0, 0.0, 0.0, 0.0, 0.1667, 0.0, 0.0, 0.0, 0.1, 0.0, 0.0909, 0.0, 0.0, 0.0, 0.0, 0.0833, 0.0, 0.0, 0.0, 0.0, 0.0, 0.0, 0.0, 0.0, 0.0, 0.0, 0.0, 0.0, 0.0, 0.0, 0.0, 0.0, 0.0, 0.0909, 0.0, 0.0, 0.0, 0.0, 0.0, 0.0, 0.0, 0.0, 0.0, 0.0, 0.0, 0.0, 0.0, 0.0, 0.0, 0.0, 0.0, 0.0, 0.2, 0.0, 0.0, 0.0, 0.0, 0.0833, 0.0, 0.1111, 0.0, 0.0, 0.0, 0.0, 0.0, 0.0, 0.0, 0.0, 0.0, 0.0, 0.0, 0.0, 0.0, 0.0, 0.125, 0.125, 0.5, 0.0, 0.0, 0.0, 0.0833, 0.0, 0.0, 0.0, 0.1429]"
1,28,broadcast,0.112,0.112,0.112,-0.0,33,True,224,0,287,1489,0,"[0.0, 0.0225, 0.025, 0.027, 0.029, 0.0315, 0.0365, 0.041, 0.0455, 0.0485, 0.0545, 0.063, 0.068, 0.076, 0.082, 0.087, 0.0895, 0.093, 0.0945, 0.0955, 0.0965, 0.0985, 0.1, 0.102, 0.1025, 0.104, 0.1045, 0.105, 0.1055, 0.1065, 0.109, 0.1115, 0.112, 0.112, 0.112, 0.112, 0.112, 0.112, 0.112, 0.112, 0.112, 0.112, 0.112, 0.112, 0.112, 0.112, 0.112, 0.112, 0.112, 0.112, 0.112, 0.112, 0.112, 0.112, 0.112, 0.112, 0.112, 0.112, 0.112, 0.112, 0.112, 0.112, 0.112, 0.112, 0.112, 0.112, 0.112, 0.112, 0.112, 0.112, 0.112, 0.112, 0.112, 0.112, 0.112, 0.112, 0.112, 0.112, 0.112, 0.112, 0.112, 0.112, 0.112, 0.112, 0.112, 0.112, 0.112, 0.112, 0.112, 0.112, 0.112, 0.112, 0.112, 0.112, 0.112, 0.112, 0.112, 0.112, 0.112, 0.112, 0.112]","{""0"": 0.0199, ""1"": 0.0256, ""2"": 0.0159, ""3"": 0.0303, ""4"": 0.012, ""5"": 0.0195, ""6"": 0.4032, ""7"": 0.3808}","[0.2222, 0.0, 0.0, 0.0, 0.0, 0.0769, 0.0, 1.0, 0.0, 0.0, 0.0, 0.0, 0.0, 0.0, 0.0, 0.9, 0.1111, 0.0, 0.0, 0.1667, 0.0, 0.0, 0.0, 1.0, 0.0, 0.0, 0.0, 0.0, 0.0, 0.0, 0.0, 0.7143, 0.0, 0.0, 0.0, 0.0, 0.0, 0.0, 0.0, 1.0, 0.0, 0.125, 0.1429, 0.0, 0.0, 0.0, 0.0, 0.5, 1.0, 0.0, 0.0, 0.0, 0.0, 0.0, 0.0, 0.0, 1.0, 0.0, 0.1667, 0.0, 0.0, 0.0, 0.0, 0.0, 0.8889, 0.0, 0.0, 0.0, 0.0, 0.0, 0.1667, 0.1111, 0.8889, 0.0, 0.0, 0.0, 0.1818, 0.0, 0.0, 0.0, 0.9, 0.1429, 0.0, 0.0, 0.0, 0.0, 0.0, 0.0, 0.7143, 0.0, 0.0, 0.0, 0.0, 0.0667, 0.0, 0.0, 1.0, 0.0, 0.0, 0.0, 0.0, 0.0, 0.0, 0.0, 0.9091, 0.125, 0.0, 0.0, 0.0, 0.0, 0.0, 0.1667, 1.0, 0.0, 0.0, 0.0, 0.0, 0.0, 0.0, 0.125, 0.7143, 0.0, 0.0, 0.1429, 0.0909, 0.0, 0.0, 0.0, 0.8333, 0.0, 0.0, 0.0, 0.0, 0.0, 0.0, 0.1667, 0.7143, 0.0, 0.0, 0.0, 0.0, 0.0, 0.0, 0.0, 0.1429, 0.0, 0.0, 0.0, 0.0, 0.0, 0.0, 0.0, 0.1429, 0.0, 0.1429, 0.0769, 0.0, 0.0, 0.3, 0.0, 0.0, 0.0, 0.0, 0.0, 0.1429, 0.0, 0.0, 0.0, 0.0, 0.0, 0.0, 0.0, 0.0, 0.0, 0.0, 0.0, 0.0, 0.1111, 0.0, 0.1667, 0.4, 0.0, 0.0, 0.75, 0.0, 0.0, 0.0, 0.0, 0.0, 0.125, 0.0, 0.6, 0.0, 0.0909, 0.0, 0.0, 0.0, 0.0, 0.0, 1.0, 0.0, 0.0, 0.0, 0.0, 0.0, 0.0, 0.0, 0.7143, 0.0, 0.0, 0.0, 0.0, 0.0, 0.0, 0.0, 0.9167, 0.0, 0.0, 0.0, 0.0, 0.0, 0.0, 0.0, 1.0, 0.0, 0.0, 0.1111, 0.0, 0.0909, 0.0, 0.0, 1.0, 0.0, 0.0, 0.0, 0.0, 0.0625, 0.0, 0.0, 0.875, 0.0, 0.0, 0.0909, 0.0, 0.0, 0.0, 0.1667, 1.0, 0.0, 0.0]"
1,29,broadcast,0.037,0.037,0.037,0.0,14,True,74,0,290,1636,0,"[0.0, 0.021, 0.023, 0.024, 0.025, 0.027, 0.029, 0.0305, 0.0325, 0.0345, 0.035, 0.036, 0.0365, 0.037, 0.037, 0.037, 0.037, 0.037, 0.037, 0.037, 0.037, 0.037, 0.037, 0.037, 0.037, 0.037, 0.037, 0.037, 0.037, 0.037, 0.037, 0.037, 0.037, 0.037, 0.037, 0.037, 0.037, 0.037, 0.037, 0.037, 0.037, 0.037, 0.037, 0.037, 0.037, 0.037, 0.037, 0.037, 0.037, 0.037, 0.037, 0.037, 0.037, 0.037, 0.037, 0.037, 0.037, 0.037, 0.037, 0.037, 0.037, 0.037, 0.037, 0.037, 0.037, 0.037, 0.037, 0.037, 0.037, 0.037, 0.037, 0.037, 0.037, 0.037, 0.037, 0.037, 0.037, 0.037, 0.037, 0.037, 0.037, 0.037, 0.037, 0.037, 0.037, 0.037, 0.037, 0.037, 0.037, 0.037, 0.037, 0.037, 0.037, 0.037, 0.037, 0.037, 0.037, 0.037, 0.037, 0.037, 0.037]","{""0"": 0.1328, ""1"": 0.0167, ""2"": 0.0221, ""3"": 0.0165, ""4"": 0.0271, ""5"": 0.0352, ""6"": 0.0287, ""7"": 0.0202}","[0.0, 0.0, 0.0, 0.0, 0.0, 0.2, 0.0, 0.0, 0.0, 0.0, 0.0, 0.0, 0.0, 0.0, 0.0, 0.1667, 0.0, 0.0, 0.0, 0.0, 0.0, 0.0, 0.0, 0.1667, 0.0, 0.0, 0.1111, 0.0, 0.0, 0.0, 0.0, 0.0, 0.0, 0.0, 0.1667, 0.0, 0.0, 0.3333, 0.0, 0.0, 0.0, 0.0, 0.0769, 0.0, 0.0, 0.0, 0.0, 0.125, 0.0, 0.0, 0.0, 0.0, 0.1667, 0.0, 0.1, 0.0, 0.0, 0.0, 0.0, 0.1, 0.0, 0.0, 0.2, 0.0, 0.0, 0.0, 0.1, 0.0, 0.0, 0.0, 0.1111, 0.0, 0.0769, 0.0, 0.0, 0.0, 0.0, 0.0, 0.0, 0.2, 0.0, 0.0, 0.0, 0.0, 0.0833, 0.1111, 0.0, 0.0, 0.0, 0.0, 0.0, 0.0, 0.0, 0.0, 0.0, 0.0, 0.0, 0.0, 0.0, 0.0, 0.0, 0.0, 0.0, 0.0, 0.0833, 0.0, 0.0, 0.0, 0.0, 0.0, 0.2, 0.0, 0.0, 0.8333, 0.0, 0.0, 0.0, 0.0, 0.0, 0.0, 0.1111, 0.8, 0.0, 0.0, 0.0769, 0.1, 0.0, 0.0, 0.1667, 0.125, 0.0, 0.0, 0.0, 0.0, 0.0, 0.1111, 0.0, 1.0, 0.0, 0.0, 0.0, 0.0, 0.0, 0.0, 0.0, 1.0, 0.0, 0.0, 0.0, 0.1, 0.0769, 0.0, 0.0, 0.8889, 0.0, 0.1667, 0.0, 0.125, 0.0, 0.1, 0.0, 0.0, 0.0, 0.0, 0.0, 0.0, 0.0, 0.0, 0.0, 0.0, 0.0, 0.0, 0.0, 0.0, 0.1111, 0.0, 0.0, 0.0, 0.0, 0.1, 0.0, 0.0, 0.1667, 0.0, 0.0, 0.0, 0.0, 0.0, 0.0, 0.0, 0.1429, 0.0, 0.0, 0.0, 0.0, 0.25, 0.0, 0.0, 0.0, 0.0, 0.0, 0.0, 0.0, 0.0714, 0.0, 0.0, 0.0, 0.0, 0.0, 0.0, 0.0, 0.0, 0.0, 0.0, 0.0, 0.0, 0.0, 0.0, 0.0, 0.0, 0.0, 0.0, 0.0, 0.0, 0.0, 0.0, 0.0, 0.0, 0.0, 0.0, 0.0, 0.0, 0.0, 0.0, 0.0, 0.0, 0.0, 0.0, 0.125, 0.1111, 0.0, 0.0, 0.0, 0.0, 0.1429, 0.0, 0.0, 0.0, 0.2, 0.0]"
1,30,broadcast,0.018,0.018,0.018,0.0,3,True,36,0,293,1671,0,"[0.0, 0.017, 0.018, 0.018, 0.018, 0.018, 0.018, 0.018, 0.018, 0.018, 0.018, 0.018, 0.018, 0.018, 0.018, 0.018, 0.018, 0.018, 0.018, 0.018, 0.018, 0.018, 0.018, 0.018, 0.018, 0.018, 0.018, 0.018, 0.018, 0.018, 0.018, 0.018, 0.018, 0.018, 0.018, 0.018, 0.018, 0.018, 0.018, 0.018, 0.018, 0.018, 0.018, 0.018, 0.018, 0.018, 0.018, 0.018, 0.018, 0.018, 0.018, 0.018, 0.018, 0.018, 0.018, 0.018, 0.018, 0.018, 0.018, 0.018, 0.018, 0.018, 0.018, 0.018, 0.018, 0.018, 0.018, 0.018, 0.018, 0.018, 0.018, 0.018, 0.018, 0.018, 0.018, 0.018, 0.018, 0.018, 0.018, 0.018, 0.018, 0.018, 0.018, 0.018, 0.018, 0.018, 0.018, 0.018, 0.018, 0.018, 0.018, 0.018, 0.018, 0.018, 0.018, 0.018, 0.018, 0.018, 0.018, 0.018, 0.018]","{""0"": 0.0196, ""1"": 0.021, ""2"": 0.0164, ""3"": 0.0228, ""4"": 0.017, ""5"": 0.0195, ""6"": 0.0154, ""7"": 0.0121}","[0.0, 0.0, 0.0, 0.0, 0.0, 0.0, 0.0, 0.0, 0.0, 0.0, 0.0, 0.1, 0.0, 0.0, 0.0, 0.0, 0.0, 0.0, 0.0, 0.0, 0.0, 0.0, 0.0, 0.1, 0.0, 0.0, 0.0, 0.0, 0.0, 0.0, 0.0, 0.0, 0.0, 0.0, 0.0, 0.0, 0.0, 0.0, 0.1429, 0.0, 0.2222, 0.0, 0.0, 0.1667, 0.0, 0.0, 0.0, 0.0, 0.0, 0.0, 0.0, 0.0, 0.0, 0.0, 0.0, 0.0, 0.0, 0.0, 0.0, 0.0, 0.0, 0.0, 0.1111, 0.0, 0.0, 0.0, 0.0, 0.0, 0.0, 0.0, 0.0, 0.0, 0.0, 0.0, 0.0, 0.0, 0.0, 0.0, 0.0, 0.0, 0.0, 0.0, 0.0, 0.0, 0.375, 0.1429, 0.0, 0.0, 0.0, 0.2, 0.0, 0.1111, 0.0, 0.0, 0.0, 0.0, 0.0, 0.1429, 0.0, 0.0, 0.1, 0.0, 0.0, 0.0, 0.0, 0.0, 0.0, 0.0, 0.1111, 0.1111, 0.0, 0.0, 0.0, 0.0, 0.25, 0.0, 0.0, 0.0, 0.0, 0.0, 0.0, 0.0, 0.0, 0.0, 0.1, 0.0, 0.0, 0.0, 0.0, 0.0, 0.0, 0.0, 0.0, 0.0, 0.0, 0.0, 0.0, 0.0909, 0.2, 0.0, 0.0, 0.0, 0.1667, 0.0, 0.0, 0.0, 0.2, 0.0, 0.0, 0.0, 0.1111, 0.0, 0.0, 0.0, 0.0, 0.0, 0.0, 0.0, 0.0, 0.0, 0.0, 0.0, 0.1667, 0.0, 0.0, 0.0, 0.0, 0.1667, 0.0, 0.1, 0.0, 0.0, 0.0, 0.0, 0.0, 0.0, 0.0, 0.0, 0.0, 0.0, 0.0, 0.0, 0.2, 0.0, 0.0, 0.1, 0.0, 0.0, 0.0, 0.0, 0.0, 0.0, 0.0, 0.0, 0.0, 0.0, 0.0, 0.0, 0.0, 0.0, 0.0, 0.0, 0.0, 0.1429, 0.0, 0.0, 0.0, 0.1111, 0.0, 0.0, 0.0, 0.0, 0.0, 0.0, 0.0, 0.1111, 0.0, 0.0, 0.0, 0.0, 0.0, 0.0, 0.0, 0.0, 0.0, 0.0, 0.0, 0.0, 0.0, 0.0, 0.0, 0.0, 0.0, 0.0, 0.0, 0.0, 0.0, 0.0, 0.0, 0.0, 0.2, 0.0, 0.0, 0.0, 0.0, 0.2222, 0.0, 0.0, 0.0, 0.0]"
1,31,broadcast,0.061,0.061,0.061,0.0,18,True,122,0,308,1570,0,"[0.0, 0.025, 0.0275, 0.029, 0.0305, 0.033, 0.0345, 0.0365, 0.04, 0.043, 0.0475, 0.05, 0.052, 0.054, 0.057, 0.058, 0.06, 0.061, 0.061, 0.061, 0.061, 0.061, 0.061, 0.061, 0.061, 0.061, 0.061, 0.061, 0.061, 0.061, 0.061, 0.061, 0.061, 0.061, 0.061, 0.061, 0.061, 0.061, 0.061, 0.061, 0.061, 0.061, 0.061, 0.061, 0.061, 0.061, 0.061, 0.061, 0.061, 0.061, 0.061, 0.061, 0.061, 0.061, 0.061, 0.061, 0.061, 0.061, 0.061, 0.061, 0.061, 0.061, 0.061, 0.061, 0.061, 0.061, 0.061, 0.061, 0.061, 0.061, 0.061, 0.061, 0.061, 0.061, 0.061, 0.061, 0.061, 0.061, 0.061, 0.061, 0.061, 0.061, 0.061, 0.061, 0.061, 0.061, 0.061, 0.061, 0.061, 0.061, 0.061, 0.061, 0.061, 0.061, 0.061, 0.061, 0.061, 0.061, 0.061, 0.061, 0.061]","{""0"": 0.0264, ""1"": 0.0237, ""2"": 0.0157, ""3"": 0.0209, ""4"": 0.0285, ""5"": 0.2879, ""6"": 0.0433, ""7"": 0.0268}","[0.1111, 0.1111, 0.1429, 0.0, 0.0, 0.0, 0.0, 0.0, 0.0, 0.0, 0.2, 0.0, 0.0, 0.0, 0.0, 0.0, 0.0, 0.0, 0.0, 0.0, 0.0, 0.0, 0.0, 0.1111, 0.1, 0.0, 0.125, 0.0909, 0.0, 0.0, 0.0, 0.0, 0.0, 0.0, 0.0, 0.0, 0.0, 0.0, 0.0, 0.0, 0.1429, 0.0, 0.0, 0.0, 0.0, 0.0, 0.0, 0.0, 0.1111, 0.0, 0.0, 0.0, 0.0, 0.0, 0.0, 0.0, 0.0, 0.0, 0.0, 0.0, 0.0, 0.0, 0.1, 0.0833, 0.0, 0.0, 0.0, 0.0, 0.1429, 0.4, 0.125, 0.0, 0.1, 0.1111, 0.0, 0.0, 0.0, 0.0, 0.0, 0.0, 0.0, 0.0, 0.0, 0.0, 0.0, 0.0, 0.0, 0.0, 0.1111, 0.1429, 0.1429, 0.0, 0.1111, 0.125, 0.0, 0.0, 0.0, 0.0, 0.0, 0.0833, 0.0, 0.0, 0.1111, 0.0714, 0.0, 0.0, 0.0, 0.0, 0.0, 0.0, 0.0, 0.0, 0.0, 0.0, 0.0, 0.0, 0.1429, 0.0, 0.1111, 0.6667, 0.0, 0.0, 0.0, 0.0, 0.0, 0.0, 1.0, 0.4, 0.0, 0.0, 0.0, 0.1667, 0.1667, 0.0, 0.6667, 0.0, 0.125, 0.0, 0.0, 0.1, 0.0, 0.0, 1.0, 0.1667, 0.0, 0.0, 0.0, 0.0, 0.0, 0.0, 0.7273, 0.0, 0.0, 0.0, 0.0, 0.0, 0.0, 0.0, 0.7778, 0.0, 0.0, 0.0, 0.0, 0.0, 0.0, 0.0, 0.9167, 0.0, 0.1429, 0.0, 0.125, 0.0, 0.0, 0.1429, 1.0, 0.0, 0.0, 0.0, 0.0909, 0.0, 0.0, 0.0, 0.8571, 0.1429, 0.0, 0.0, 0.0, 0.0, 0.0, 0.0, 0.9, 0.0, 0.0, 0.1429, 0.0, 0.0, 0.0, 0.0, 0.6, 0.0, 0.0, 0.125, 0.0, 0.0, 0.0, 0.0833, 0.125, 0.0, 0.0, 0.0, 0.0, 0.0, 0.0, 0.1, 0.0, 0.0, 0.0, 0.0, 0.0, 0.0, 0.0, 0.0, 0.0, 0.0, 0.0, 0.1, 0.0, 0.0, 0.0, 0.0, 0.0, 0.0, 0.0, 0.0, 0.0, 0.0, 0.1667, 0.1, 0.0, 0.0, 0.0, 0.0, 0.0, 0.0, 0.0, 0.0, 0.2, 0.0, 0.0, 0.0]"
1,32,broadcast,0.033,0.033,0.033,-0.0,9,True,66,0,315,1619,0,"[0.0, 0.0195, 0.024, 0.026, 0.0275, 0.029, 0.031, 0.0325, 0.033, 0.033, 0.033, 0.033, 0.033, 0.033, 0.033, 0.033, 0.033, 0.033, 0.033, 0.033, 0.033, 0.033, 0.033, 0.033, 0.033, 0.033, 0.033, 0.033, 0.033, 0.033, 0.033, 0.033, 0.033, 0.033, 0.033, 0.033, 0.033, 0.033, 0.033, 0.033, 0.033, 0.033, 0.033, 0.033, 0.033, 0.033, 0.033, 0.033, 0.033, 0.033, 0.033, 0.033, 0.033, 0.033, 0.033, 0.033, 0.033, 0.033, 0.033, 0.033, 0.033, 0.033, 0.033, 0.033, 0.033, 0.033, 0.033, 0.033, 0.033, 0.033, 0.033, 0.033, 0.033, 0.033, 0.033, 0.033, 0.033, 0.033, 0.033, 0.033, 0.033, 0.033, 0.033, 0.033, 0.033, 0.033, 0.033, 0.033, 0.033, 0.033, 0.033, 0.033, 0.033, 0.033, 0.033, 0.033, 0.033, 0.033, 0.033, 0.033, 0.033]","{""0"": 0.0273, ""1"": 0.0076, ""2"": 0.0171, ""3"": 0.0286, ""4"": 0.0372, ""5"": 0.0615, ""6"": 0.0444, ""7"": 0.0397}","[0.0, 0.0, 0.0, 0.0, 0.0, 0.0, 0.0, 0.0, 0.0, 0.0, 0.0, 0.125, 0.0, 0.0, 0.0, 0.0, 0.0, 0.1667, 0.0, 0.0, 0.0, 0.2857, 0.1667, 0.0, 0.0, 0.2857, 0.0, 0.0, 0.0, 0.1429, 0.0, 0.0, 0.0, 0.0, 0.0, 0.125, 0.0, 0.2, 0.0, 0.0, 0.0, 0.0909, 0.0, 0.0, 0.0, 0.0, 0.0, 0.0, 0.0, 0.0, 0.0, 0.0, 0.0, 0.0, 0.0, 0.0, 0.0, 0.0, 0.0, 0.0, 0.0, 0.0, 0.0, 0.0, 0.0, 0.0, 0.0, 0.0, 0.0, 0.25, 0.1111, 0.0, 0.0, 0.0, 0.0, 0.125, 0.0833, 0.0, 0.0, 0.0, 0.0, 0.0833, 0.0, 0.0, 0.0, 0.0, 0.0, 0.0, 0.1429, 0.0, 0.0, 0.0, 0.1667, 0.0, 0.0, 0.0, 0.0, 0.0, 0.0, 0.0, 0.0, 0.0, 0.0, 0.1111, 0.0, 0.0, 0.0, 0.0, 0.0909, 0.1, 0.5714, 0.0, 0.0, 0.0, 0.0, 0.1429, 0.0, 0.0, 0.7778, 0.0, 0.0, 0.0, 0.0, 0.0, 0.0, 0.0, 0.2857, 0.0, 0.0, 0.0, 0.1, 0.0, 0.0, 0.0, 0.0, 0.0, 0.0, 0.0, 0.0, 0.0, 0.0, 0.0, 0.0, 0.0, 0.0, 0.0, 0.0909, 0.0, 0.0, 0.0, 0.0, 0.4, 0.0, 0.0, 0.0, 0.0, 0.5714, 0.0, 0.0, 0.625, 0.0, 0.0, 0.0, 0.0, 0.0, 0.0, 0.0, 0.0, 0.0, 0.0, 0.0, 0.0, 0.0, 0.0, 0.0, 0.0, 0.0714, 0.1667, 0.0, 0.0, 0.0, 0.1111, 0.0, 0.0, 0.0, 0.0, 0.0, 0.0, 0.0, 0.0, 0.0, 0.0, 0.1667, 0.0, 0.0, 0.0, 0.0, 0.1429, 0.0, 0.0, 0.8571, 0.0, 0.0, 0.0, 0.0, 0.0, 0.0, 0.0, 0.0, 0.1667, 0.0, 0.0, 0.0, 0.0, 0.2, 0.0769, 0.0, 0.0, 0.0, 0.0, 0.0, 0.1, 0.0, 0.1429, 0.0, 0.0, 0.0, 0.0, 0.0, 0.0, 0.0, 0.1429, 0.0, 0.0, 0.0, 0.0, 0.0, 0.0, 0.0, 0.0, 0.0, 0.0, 0.0, 0.0, 0.0, 0.0, 0.0, 0.0, 0.1111, 0.0]"
1,33,broadcast,0.035,0.035,0.035,-0.0,9,True,70,0,306,1624,0,"[0.0, 0.022, 0.024, 0.025, 0.027, 0.03, 0.0325, 0.0335, 0.035, 0.035, 0.035, 0.035, 0.035, 0.035, 0.035, 0.035, 0.035, 0.035, 0.035, 0.035, 0.035, 0.035, 0.035, 0.035, 0.035, 0.035, 0.035, 0.035, 0.035, 0.035, 0.035, 0.035, 0.035, 0.035, 0.035, 0.035, 0.035, 0.035, 0.035, 0.035, 0.035, 0.035, 0.035, 0.035, 0.035, 0.035, 0.035, 0.035, 0.035, 0.035, 0.035, 0.035, 0.035, 0.035, 0.035, 0.035, 0.035, 0.035, 0.035, 0.035, 0.035, 0.035, 0.035, 0.035, 0.035, 0.035, 0.035, 0.035, 0.035, 0.035, 0.035, 0.035, 0.035, 0.035, 0.035, 0.035, 0.035, 0.035, 0.035, 0.035, 0.035, 0.035, 0.035, 0.035, 0.035, 0.035, 0.035, 0.035, 0.035, 0.035, 0.035, 0.035, 0.035, 0.035, 0.035, 0.035, 0.035, 0.035, 0.035, 0.035, 0.035]","{""0"": 0.0123, ""1"": 0.0407, ""2"": 0.0154, ""3"": 0.0207, ""4"": 0.126, ""5"": 0.0238, ""6"": 0.0181, ""7"": 0.0215}","[0.1111, 0.0, 0.0, 0.0, 0.0, 0.0, 0.1818, 0.0, 0.0, 0.0, 0.0, 0.125, 0.1429, 0.0, 0.0, 0.0769, 0.0, 0.0, 0.0, 0.0, 0.0, 0.0, 0.0, 0.3333, 0.0, 0.0, 0.0, 0.0, 0.0, 0.0, 0.0, 0.0, 0.0, 0.0, 0.0, 0.0, 0.0, 0.8333, 0.0, 0.0, 0.0, 0.0, 0.0, 0.0, 0.0, 0.75, 0.0, 0.0, 0.0, 0.0, 0.0, 0.0, 0.0, 0.875, 0.1111, 0.0, 0.0, 0.0, 0.1, 0.0, 0.0, 0.8333, 0.0, 0.0, 0.0, 0.0, 0.0, 0.0, 0.1429, 0.0, 0.1667, 0.0, 0.0, 0.0, 0.25, 0.5, 0.0, 0.0, 0.0, 0.0, 0.0, 0.0, 0.2, 0.0, 0.1, 0.0, 0.0, 0.0, 0.0, 0.0, 0.0, 0.0, 0.0, 0.0, 0.0, 0.0, 0.0, 0.0, 0.0, 0.0, 0.0, 0.0, 0.0, 0.0, 0.1667, 0.0, 0.0, 0.0, 0.0, 0.0, 0.0, 0.0, 0.0, 0.0, 0.0, 0.0, 0.0, 0.0, 0.0, 0.0, 0.0, 0.0, 0.0, 0.0, 0.2, 0.0, 0.0, 0.0, 0.1667, 0.0, 0.125, 0.0, 0.0, 0.0, 0.0, 0.0, 0.0, 0.2, 0.125, 0.0, 0.0, 0.0, 0.0, 0.0, 0.0, 0.0, 0.0, 0.0, 0.0, 0.0, 0.0, 0.0667, 0.0, 0.0, 0.0, 0.0, 0.0, 0.0, 0.0, 0.0909, 0.0, 0.0, 0.0, 0.0, 0.0, 0.0, 0.0, 0.0, 0.0, 0.0, 0.0, 0.0, 0.0, 0.0, 0.0, 0.0, 0.0769, 0.0769, 0.0, 0.0, 0.0, 0.0, 0.0, 0.0, 0.0, 0.125, 0.125, 0.0, 0.1, 0.1111, 0.2, 0.0, 0.0, 0.0, 0.1429, 0.0, 0.0, 0.1111, 0.0, 0.0, 0.1429, 0.0, 0.1818, 0.0833, 0.0, 0.0, 0.0, 0.0, 0.0, 0.0, 0.0, 0.0, 0.0, 0.0909, 0.0, 0.0, 0.0, 0.0, 0.0, 0.0, 0.0, 0.0, 0.0, 0.0, 0.0, 0.0, 0.125, 0.0, 0.0, 0.0, 0.0, 0.0, 0.1, 0.0, 0.0, 0.0, 0.0, 0.0, 0.1429, 0.0, 0.0, 0.0, 0.0, 0.0, 0.0, 0.0, 0.0, 0.0, 0.0, 0.0]"
1,34,broadcast,0.079,0.079,0.079,0.0,16,True,158,0,322,1520,0,"[0.0, 0.025, 0.031, 0.0345, 0.039, 0.0455, 0.0545, 0.062, 0.0675, 0.0715, 0.075, 0.076, 0.0765, 0.0775, 0.0785, 0.079, 0.079, 0.079, 0.079, 0.079, 0.079, 0.079, 0.079, 0.079, 0.079, 0.079, 0.079, 0.079, 0.079, 0.079, 0.079, 0.079, 0.079, 0.079, 0.079, 0.079, 0.079, 0.079, 0.079, 0.079, 0.079, 0.079, 0.079, 0.079, 0.079, 0.079, 0.079, 0.079, 0.079, 0.079, 0.079, 0.079, 0.079, 0.079, 0.079, 0.079, 0.079, 0.079, 0.079, 0.079, 0.079, 0.079, 0.079, 0.079, 0.079, 0.079, 0.079, 0.079, 0.079, 0.079, 0.079, 0.079, 0.079, 0.079, 0.079, 0.079, 0.079, 0.079, 0.079, 0.079, 0.079, 0.079, 0.079, 0.079, 0.079, 0.079, 0.079, 0.079, 0.079, 0.079, 0.079, 0.079, 0.079, 0.079, 0.079, 0.079, 0.079, 0.079, 0.079, 0.079, 0.079]","{""0"": 0.1612, ""1"": 0.0333, ""2"": 0.0246, ""3"": 0.0201, ""4"": 0.0664, ""5"": 0.136, ""6"": 0.0192, ""7"": 0.1712}","[0.0, 0.0, 0.0, 0.1111, 0.0, 0.0, 0.3333, 0.0, 0.5714, 0.7143, 0.0, 0.1429, 0.0, 0.0, 0.0, 0.0, 1.0, 0.7143, 0.0, 0.0, 0.0, 0.1, 0.0, 0.0, 0.0, 1.0, 0.0, 0.0, 0.1667, 0.0, 0.0, 0.125, 0.0, 1.0, 0.1667, 0.0, 0.0, 0.0, 0.0, 0.0, 0.0, 0.9, 0.0, 0.0, 0.0, 0.0, 0.1111, 0.0, 0.0, 0.6, 0.0, 0.0, 0.1, 0.0, 0.0, 0.0, 0.0769, 0.0, 0.0, 0.0, 0.0, 0.0, 0.0, 0.0, 0.0, 0.0, 0.0909, 0.125, 0.0, 0.0, 0.0, 0.0, 0.0, 0.0, 0.0, 0.0, 0.0, 0.1667, 0.0, 0.0, 0.0, 0.0, 0.0, 0.0, 0.0, 0.1111, 0.0, 0.0, 0.0, 0.0, 0.0, 0.0, 0.0, 0.0, 0.0, 0.0, 0.125, 0.0, 0.0, 0.0, 0.0, 0.0, 0.0, 0.1429, 0.1538, 0.1429, 0.0, 0.0, 0.2, 0.3333, 0.0, 0.1667, 0.0, 0.0, 0.0, 0.0, 0.0, 0.0, 0.0, 0.0, 0.0, 0.0, 0.0, 0.0, 0.0, 0.0, 0.0, 0.0, 0.0, 0.0, 0.0, 0.0, 0.0, 0.0, 0.1429, 0.0, 0.0, 0.0, 0.0, 0.125, 0.0, 0.0, 0.0, 0.0, 0.125, 0.0, 0.0, 0.1429, 0.0, 0.6667, 0.1429, 0.0, 0.125, 0.0, 0.0909, 0.1667, 0.0, 0.5455, 0.2857, 0.0, 0.0, 0.0, 0.2222, 0.0, 0.1, 0.0, 0.0, 0.1, 0.0, 0.0, 0.0, 0.0, 0.0, 0.0, 0.0, 0.0, 0.0, 0.0, 0.0, 0.0, 0.0, 0.0, 0.0, 0.0, 0.1429, 0.0, 0.0, 0.0, 0.0, 0.0, 0.0, 0.0, 0.0, 0.0, 0.0, 0.0, 0.0, 0.0, 0.0, 0.0, 0.0, 0.0, 0.2857, 0.0, 0.0, 0.0, 0.0, 0.0, 0.0, 0.0, 0.0, 0.0, 0.0, 0.0, 0.1111, 0.0, 0.0, 0.0, 0.0, 0.0, 0.0, 0.0, 1.0, 0.0, 0.8, 0.0, 0.125, 0.0, 0.1429, 0.0, 0.8889, 0.0, 0.875, 0.0, 0.0, 0.0, 0.0, 0.1667, 0.8, 0.0, 1.0, 0.0, 0.0, 0.0, 0.0, 0.0, 0.75, 0.0, 1.0, 0.0]"
1,35,broadcast,0.053,0.053,0.053,-0.0,20,True,106,0,298,1596,0,"[0.0, 0.0165, 0.0185, 0.0195, 0.021, 0.023, 0.026, 0.029, 0.031, 0.035, 0.038, 0.04, 0.041, 0.045, 0.0475, 0.0495, 0.0505, 0.051, 0.0525, 0.053, 0.053, 0.053, 0.053, 0.053, 0.053, 0.053, 0.053, 0.053, 0.053, 0.053, 0.053, 0.053, 0.053, 0.053, 0.053, 0.053, 0.053, 0.053, 0.053, 0.053, 0.053, 0.053, 0.053, 0.053, 0.053, 0.053, 0.053, 0.053, 0.053, 0.053, 0.053, 0.053, 0.053, 0.053, 0.053, 0.053, 0.053, 0.053, 0.053, 0.053, 0.053, 0.053, 0.053, 0.053, 0.053, 0.053, 0.053, 0.053, 0.053, 0.053, 0.053, 0.053, 0.053, 0.053, 0.053, 0.053, 0.053, 0.053, 0.053, 0.053, 0.053, 0.053, 0.053, 0.053, 0.053, 0.053, 0.053, 0.053, 0.053, 0.053, 0.053, 0.053, 0.053, 0.053, 0.053, 0.053, 0.053, 0.053, 0.053, 0.053, 0.053]","{""0"": 0.0074, ""1"": 0.0247, ""2"": 0.0159, ""3"": 0.0117, ""4"": 0.0233, ""5"": 0.0165, ""6"": 0.0889, ""7"": 0.2402}","[0.0, 0.0, 0.0, 0.0, 0.0, 0.0, 0.0, 0.0, 0.0, 0.0, 0.0, 0.0, 0.0, 0.125, 0.0, 0.0, 0.0, 0.0, 0.0, 0.0, 0.0, 0.0, 0.0, 0.0, 0.0, 0.0, 0.0, 0.0, 0.125, 0.0, 0.0, 0.0, 0.0, 0.0, 0.0, 0.0, 0.0, 0.0, 0.0, 0.0, 0.0, 0.0, 0.0, 0.0, 0.0, 0.0, 0.0, 0.1429, 0.0, 0.0, 0.0909, 0.1429, 0.0, 0.0, 0.0, 0.0, 0.0, 0.0, 0.0, 0.0, 0.0, 0.1667, 0.0, 0.0, 0.0, 0.0, 0.0, 0.0, 0.0, 0.0, 0.0, 0.0, 0.0, 0.0, 0.0, 0.0, 0.0, 0.0, 0.0, 0.0, 0.0, 0.0, 0.0, 0.0, 0.0, 0.0, 0.0, 0.0, 0.0, 0.0, 0.0, 0.0, 0.0, 0.0, 0.0, 0.25, 0.5556, 0.1, 0.0, 0.0, 0.0, 0.125, 0.0, 0.0, 0.875, 0.0, 0.0, 0.0, 0.0, 0.0, 0.0, 0.0, 1.0, 0.0, 0.0, 0.0, 0.0, 0.0, 0.0, 0.0, 1.0, 0.0, 0.0, 0.1111, 0.0, 0.0, 0.0, 0.0, 1.0, 0.0, 0.25, 0.0, 0.1111, 0.1429, 0.0, 0.0, 1.0, 0.0, 0.0, 0.0, 0.0, 0.0, 0.125, 0.0, 1.0, 0.0, 0.0, 0.125, 0.0, 0.0, 0.0, 0.0, 0.8571, 0.0, 0.0, 0.0, 0.125, 0.0, 0.0, 0.0, 0.0, 0.1111, 0.0, 0.0, 0.0, 0.0, 0.0, 0.0, 0.1667, 0.0, 0.0, 0.0, 0.0, 0.0, 0.125, 0.0, 0.0, 0.0, 0.0, 0.0, 0.0, 0.0, 0.0, 0.0, 0.0, 0.0, 0.0, 0.0, 0.0, 0.0, 0.0, 0.0, 0.0, 0.0, 0.4286, 0.0, 0.0, 0.0, 0.0, 0.1111, 0.1429, 0.0, 0.0, 0.0, 0.0, 0.0, 0.0, 0.4, 0.0, 0.0, 0.0, 0.0, 0.0, 0.0, 0.0833, 1.0, 0.0, 0.0, 0.0, 0.0, 0.0, 0.0, 0.125, 1.0, 0.1111, 0.0, 0.0, 0.0, 0.0, 0.0, 0.0, 0.0, 0.0, 0.0, 0.0, 0.1429, 0.0, 0.1667, 0.0, 0.0, 0.0, 0.0, 0.0, 0.0, 0.0, 0.1111, 0.0, 0.0, 0.0, 0.0]"
1,36,broadcast,0.018,0.018,0.018,0.0,4,True,36,0,273,1691,0,"[0.0, 0.0165, 0.0175, 0.018, 0.018, 0.018, 0.018, 0.018, 0.018, 0.018, 0.018, 0.018, 0.018, 0.018, 0.018, 0.018, 0.018, 0.018, 0.018, 0.018, 0.018, 0.018, 0.018, 0.018, 0.018, 0.018, 0.018, 0.018, 0.018, 0.018, 0.018, 0.018, 0.018, 0.018, 0.018, 0.018, 0.018, 0.018, 0.018, 0.018, 0.018, 0.018, 0.018, 0.018, 0.018, 0.018, 0.018, 0.018, 0.018, 0.018, 0.018, 0.018, 0.018, 0.018, 0.018, 0.018, 0.018, 0.018, 0.018, 0.018, 0.018, 0.018, 0.018, 0.018, 0.018, 0.018, 0.018, 0.018, 0.018, 0.018, 0.018, 0.018, 0.018, 0.018, 0.018, 0.018, 0.018, 0.018, 0.018, 0.018, 0.018, 0.018, 0.018, 0.018, 0.018, 0.018, 0.018, 0.018, 0.018, 0.018, 0.018, 0.018, 0.018, 0.018, 0.018, 0.018, 0.018, 0.018, 0.018, 0.018, 0.018]","{""0"": 0.0076, ""1"": 0.0123, ""2"": 0.0331, ""3"": 0.025, ""4"": 0.0039, ""5"": 0.0081, ""6"": 0.02, ""7"": 0.0347}","[0.0, 0.0, 0.0, 0.0, 0.125, 0.0, 0.0, 0.0, 0.0, 0.0, 0.0, 0.0, 0.0, 0.0, 0.0, 0.0, 0.0, 0.125, 0.1, 0.0, 0.0, 0.0, 0.0, 0.0, 0.0, 0.0, 0.1111, 0.0, 0.0, 0.0, 0.0, 0.0, 0.0, 0.0, 0.0, 0.0, 0.0, 0.0, 0.0, 0.0, 0.0, 0.0, 0.0, 0.0, 0.1111, 0.0, 0.0, 0.0, 0.0, 0.0, 0.0, 0.0, 0.1429, 0.0, 0.0, 0.0, 0.0769, 0.125, 0.0, 0.0, 0.0, 0.0, 0.0, 0.0, 0.0, 0.0, 0.0, 0.0, 0.0, 0.0, 0.0, 0.0, 0.1429, 0.0, 0.0, 0.125, 0.0, 0.0, 0.0, 0.0909, 0.0, 0.0, 0.0, 0.0, 0.0, 0.0, 0.0, 0.0, 0.0, 0.0, 0.0, 0.0, 0.2, 0.0, 0.0, 0.0, 0.0, 0.0, 0.0, 0.1111, 0.0, 0.0, 0.0, 0.0, 0.0, 0.0, 0.0833, 0.0833, 0.0, 0.0, 0.0, 0.0, 0.0, 0.0, 0.0, 0.0, 0.0, 0.0, 0.0, 0.1, 0.0, 0.0, 0.0, 0.0, 0.1, 0.0, 0.0, 0.0, 0.0, 0.0, 0.0, 0.0, 0.0, 0.0, 0.0, 0.0, 0.0, 0.0, 0.0, 0.0, 0.0, 0.0, 0.0, 0.0, 0.0, 0.0, 0.0, 0.0, 0.0, 0.0, 0.0, 0.0, 0.0769, 0.0, 0.0, 0.0, 0.0, 0.0, 0.0, 0.0, 0.0, 0.0, 0.0, 0.1, 0.0, 0.0, 0.0, 0.2857, 0.0, 0.0, 0.0, 0.2, 0.0, 0.0, 0.0, 0.0, 0.0, 0.0, 0.0, 0.1, 0.0, 0.0, 0.0, 0.1, 0.0909, 0.0, 0.0, 0.1667, 0.0, 0.0, 0.0, 0.0, 0.0, 0.0, 0.0, 0.0, 0.0, 0.0, 0.0, 0.0, 0.0, 0.0, 0.0, 0.1667, 0.0, 0.0, 0.0, 0.0, 0.1, 0.0, 0.0, 0.0, 0.0, 0.0, 0.0, 0.0, 0.0, 0.0, 0.0, 0.0, 0.0, 0.0, 0.0, 0.0, 0.3636, 0.0, 0.0, 0.0, 0.0, 0.0, 0.125, 0.0, 0.0, 0.0, 0.0, 0.0, 0.1, 0.0, 0.1, 0.0, 0.0, 0.0, 0.0, 0.0, 0.0, 0.1111, 0.0, 0.0, 0.0, 0.0]"
1,37,broadcast,0.0705,0.0705,0.0705,0.0,27,True,141,0,329,1530,0,"[0.0, 0.028, 0.0315, 0.0335, 0.035, 0.0365, 0.038, 0.0405, 0.043, 0.0455, 0.047, 0.0495, 0.0525, 0.0545, 0.0565, 0.058, 0.06, 0.061, 0.0625, 0.0635, 0.0645, 0.065, 0.0665, 0.067, 0.068, 0.0695, 0.0705, 0.0705, 0.0705, 0.0705, 0.0705, 0.0705, 0.0705, 0.0705, 0.0705, 0.0705, 0.0705, 0.0705, 0.0705, 0.0705, 0.0705, 0.0705, 0.0705, 0.0705, 0.0705, 0.0705, 0.0705, 0.0705, 0.0705, 0.0705, 0.0705, 0.0705, 0.0705, 0.0705, 0.0705, 0.0705, 0.0705, 0.0705, 0.0705, 0.0705, 0.0705, 0.0705, 0.0705, 0.0705, 0.0705, 0.0705, 0.0705, 0.0705, 0.0705, 0.0705, 0.0705, 0.0705, 0.0705, 0.0705, 0.0705, 0.0705, 0.0705, 0.0705, 0.0705, 0.0705, 0.0705, 0.0705, 0.0705, 0.0705, 0.0705, 0.0705, 0.0705, 0.0705, 0.0705, 0.0705, 0.0705, 0.0705, 0.0705, 0.0705, 0.0705, 0.0705, 0.0705, 0.0705, 0.0705, 0.0705, 0.0705]","{""0"": 0.3236, ""1"": 0.0163, ""2"": 0.0314, ""3"": 0.0234, ""4"": 0.0531, ""5"": 0.0081, ""6"": 0.0243, ""7"": 0.0567}","[0.0, 0.1111, 0.0, 0.0, 0.0, 0.0, 0.0, 0.0, 0.0, 0.0, 0.0, 0.0, 0.0, 0.0, 0.0, 0.0, 0.0, 0.0, 0.0, 0.0, 0.0, 0.0, 0.0, 0.0, 0.0, 0.0, 0.0, 0.0, 0.0, 0.1, 0.0, 0.0, 0.0, 0.1429, 0.0, 0.1667, 0.0, 0.25, 0.0, 0.0769, 0.0, 0.6, 0.1111, 0.0, 0.0, 0.1429, 0.0, 0.0, 0.1429, 0.8889, 0.0, 0.0, 0.0, 0.0, 0.0, 0.0, 0.1111, 0.7143, 0.125, 0.0, 0.0, 0.0, 0.0, 0.0, 0.0909, 0.7692, 0.1111, 0.1667, 0.0, 0.0, 0.0, 0.0, 0.0, 1.0, 0.0, 0.1429, 0.1111, 0.0, 0.0, 0.0, 0.0, 1.0, 0.0, 0.0, 0.1, 0.0, 0.0, 0.0, 0.125, 1.0, 0.0, 0.0, 0.0, 0.0, 0.0, 0.0, 0.0, 0.7778, 0.0, 0.0, 0.0, 0.1, 0.25, 0.25, 0.0, 1.0, 0.0, 0.0, 0.0, 0.0, 0.0, 0.0, 0.0, 1.0, 0.0, 0.0, 0.0, 0.0, 0.0, 0.0, 0.125, 1.0, 0.0, 0.0909, 0.0, 0.0, 0.0, 0.0, 0.0, 0.75, 0.0, 0.0, 0.0, 0.0, 0.0, 0.0, 0.0, 0.6667, 0.0, 0.0, 0.1, 0.125, 0.0, 0.0, 0.0, 0.1667, 0.0, 0.0, 0.0, 0.0, 0.0, 0.0, 0.0, 0.0, 0.0, 0.2, 0.0, 0.0, 0.0, 0.0909, 0.0, 0.0, 0.1, 0.0, 0.0, 0.0, 0.0, 0.0, 0.0, 0.0, 0.0, 0.0, 0.0, 0.1429, 0.0, 0.0, 0.0, 0.0, 0.0, 0.0, 0.1111, 0.2, 0.0, 0.0, 0.0833, 0.0, 0.0, 0.0, 0.0, 0.1667, 0.0, 0.125, 0.0, 0.125, 0.0, 0.0, 0.0, 0.0833, 0.0, 0.0, 0.5, 0.0, 0.0, 0.1429, 0.25, 0.0, 0.0, 0.0, 0.2857, 0.125, 0.0, 0.0, 0.0, 0.1818, 0.0, 0.0, 0.2, 0.0, 0.0, 0.0, 0.0909, 0.0, 0.0, 0.0, 0.3333, 0.125, 0.0, 0.1429, 0.0, 0.0, 0.0, 0.0, 0.0, 0.0, 0.0, 0.0, 0.0, 0.0, 0.0, 0.25, 0.0, 0.0, 0.0, 0.0, 0.0, 0.0, 0.0, 0.0, 0.0, 0.0]"
1,38,broadcast,0.108,0.108,0.108,-0.0,27,True,216,0,275,1509,0,"[0.0, 0.025, 0.0295, 0.0335, 0.037, 0.043, 0.0485, 0.054, 0.061, 0.065, 0.069, 0.073, 0.0785, 0.083, 0.09, 0.0925, 0.094, 0.0945, 0.095, 0.0965, 0.097, 0.0975, 0.0985, 0.1005, 0.105, 0.1075, 0.108, 0.108, 0.108, 0.108, 0.108, 0.108, 0.108, 0.108, 0.108, 0.108, 0.108, 0.108, 0.108, 0.108, 0.108, 0.108, 0.108, 0.108, 0.108, 0.108, 0.108, 0.108, 0.108, 0.108, 0.108, 0.108, 0.108, 0.108, 0.108, 0.108, 0.108, 0.108, 0.108, 0.108, 0.108, 0.108, 0.108, 0.108, 0.108, 0.108, 0.108, 0.108, 0.108, 0.108, 0.108, 0.108, 0.108, 0.108, 0.108, 0.108, 0.108, 0.108, 0.108, 0.108, 0.108, 0.108, 0.108, 0.108, 0.108, 0.108, 0.108, 0.108, 0.108, 0.108, 0.108, 0.108, 0.108, 0.108, 0.108, 0.108, 0.108, 0.108, 0.108, 0.108, 0.108]","{""0"": 0.0299, ""1"": 0.2214, ""2"": 0.2624, ""3"": 0.034, ""4"": 0.2085, ""5"": 0.0258, ""6"": 0.0504, ""7"": 0.0189}","[0.4444, 0.0, 0.0, 0.0, 0.0, 0.8, 0.0, 0.1111, 0.0, 0.0, 0.0, 0.0, 0.0, 1.0, 0.0, 0.0, 0.125, 0.0, 0.0, 0.0, 0.75, 0.75, 0.0, 0.0, 0.0, 0.1111, 0.0, 0.0, 0.4, 0.5, 0.0, 0.1111, 0.0, 0.0, 0.0, 0.2, 0.0, 0.0, 0.0, 0.1111, 0.0, 0.0, 0.8571, 0.75, 0.0, 0.0, 0.0, 0.0, 0.0, 0.0, 1.0, 0.8333, 0.0, 0.0, 0.0, 0.0, 0.0, 0.0, 1.0, 0.7857, 0.0, 0.0, 0.0, 0.0, 0.0, 0.1, 0.7, 1.0, 0.0, 0.0, 0.125, 0.3333, 0.0, 0.0909, 1.0, 0.875, 0.0, 0.0, 0.3, 0.4, 0.0, 0.1111, 0.9, 0.7143, 0.0, 0.0, 0.0, 0.0, 0.1429, 0.1111, 0.4, 0.8889, 0.0, 0.0, 0.0, 0.0, 0.0, 0.0, 0.0, 1.0, 0.0, 0.0, 0.0, 0.375, 0.0, 0.0, 0.0, 0.7778, 0.0, 0.0, 0.0, 0.0, 0.1667, 0.0, 0.0, 0.0, 0.0, 0.0909, 0.0, 0.0, 0.0, 0.0, 0.0, 0.0, 0.0, 0.0, 0.0, 0.0, 0.0, 0.0, 0.4286, 0.0, 0.1, 0.0, 0.2, 0.0, 0.0, 0.0, 0.0, 0.2, 0.0, 0.1429, 0.0, 0.0, 0.0, 0.0, 0.0, 0.0, 0.0, 0.0, 0.0, 0.0, 0.0, 0.0, 0.0, 0.0, 0.0, 0.0, 0.0, 0.0, 0.0, 0.0833, 0.0, 0.1, 0.0, 0.0, 0.0, 0.0, 0.0, 0.0, 0.0, 0.0, 0.0, 0.0, 0.0, 0.0, 0.1111, 0.0, 0.0, 0.0, 0.1, 0.0, 0.0, 0.0, 0.0, 0.0, 0.0, 0.0, 0.0, 0.0, 0.0, 0.0, 0.0, 0.0, 0.0, 0.1, 0.0, 0.0, 0.1, 0.0, 0.2, 0.0, 0.0, 0.0, 0.0, 0.0, 0.0, 0.0, 0.0, 0.0, 0.0, 0.0, 0.0909, 0.3333, 0.0, 0.0, 0.0, 0.0, 0.0, 0.0, 0.0, 1.0, 0.0, 0.0, 0.0, 0.0, 0.0, 0.0, 0.0, 0.875, 0.0, 0.0, 0.0, 0.0, 0.0, 0.1111, 0.0, 1.0, 0.0, 0.1111, 0.0, 0.0, 0.1, 0.0, 0.0, 0.875, 0.0, 0.0, 0.0, 0.4]"
1,39,broadcast,0.074,0.074,0.074,0.0,17,True,148,0,289,1563,0,"[0.0, 0.02, 0.022, 0.0245, 0.0275, 0.0335, 0.0405, 0.047, 0.0505, 0.0545, 0.059, 0.0635, 0.0665, 0.0685, 0.0715, 0.0735, 0.074, 0.074, 0.074, 0.074, 0.074, 0.074, 0.074, 0.074, 0.074, 0.074, 0.074, 0.074, 0.074, 0.074, 0.074, 0.074, 0.074, 0.074, 0.074, 0.074, 0.074, 0.074, 0.074, 0.074, 0.074, 0.074, 0.074, 0.074, 0.074, 0.074, 0.074, 0.074, 0.074, 0.074, 0.074, 0.074, 0.074, 0.074, 0.074, 0.074, 0.074, 0.074, 0.074, 0.074, 0.074, 0.074, 0.074, 0.074, 0.074, 0.074, 0.074, 0.074, 0.074, 0.074, 0.074, 0.074, 0.074, 0.074, 0.074, 0.074, 0.074, 0.074, 0.074, 0.074, 0.074, 0.074, 0.074, 0.074, 0.074, 0.074, 0.074, 0.074, 0.074, 0.074, 0.074, 0.074, 0.074, 0.074, 0.074, 0.074, 0.074, 0.074, 0.074, 0.074, 0.074]","{""0"": 0.0332, ""1"": 0.0161, ""2"": 0.2576, ""3"": 0.0117, ""4"": 0.1339, ""5"": 0.0156, ""6"": 0.1091, ""7"": 0.0116}","[0.0, 0.1667, 0.0, 0.0, 0.2, 1.0, 0.0, 0.0, 0.0, 0.0, 0.0, 0.0, 0.0, 0.4, 0.0, 0.0, 0.0, 0.0, 0.0, 0.0, 0.0, 0.0, 0.0, 0.0, 0.0, 0.0, 0.0, 0.0, 0.0909, 0.0, 0.0, 0.0, 0.0769, 0.0, 0.0, 0.25, 0.0, 0.0833, 0.0, 0.0, 0.0, 0.0, 0.0, 0.0, 0.0, 0.0, 0.3333, 0.0, 0.0, 0.1111, 0.0, 0.0, 0.0, 0.0, 0.1, 0.0, 0.0, 0.0, 0.0, 0.1667, 0.0, 0.0, 0.0, 0.0, 0.0, 0.2, 0.0, 0.0, 0.0, 0.0, 0.0, 0.0, 0.0, 0.4, 0.0909, 0.0, 0.0, 0.0, 0.0, 0.0, 0.0, 0.0, 0.0, 0.0, 0.0, 0.0, 0.0, 0.0, 0.1667, 0.0, 0.0, 0.0, 0.0, 0.0, 0.0, 0.1667, 0.0, 0.0, 0.0, 0.1111, 0.1429, 0.0, 0.0, 0.0, 0.0, 0.0, 0.0, 0.0, 0.0, 0.0, 0.0, 0.0, 0.0, 0.0, 0.0, 0.0, 0.0, 0.0, 0.0, 0.0, 0.0, 0.0, 0.0, 0.125, 0.0, 0.0667, 0.0, 0.6, 0.0, 0.0, 0.0, 0.0833, 0.0, 0.0, 0.1, 1.0, 0.0, 0.0, 0.0, 0.6364, 0.0, 0.0, 0.0, 0.75, 0.0, 0.0, 0.0833, 0.8, 0.0, 0.0, 0.0, 0.8571, 0.0, 0.0, 0.1111, 1.0, 0.0, 0.0, 0.0, 0.0, 0.0, 0.0, 0.0, 1.0, 0.0, 0.0, 0.0, 0.1667, 0.0, 0.0, 0.0, 1.0, 0.0, 0.0, 0.0909, 0.0, 0.0, 0.0, 0.0, 0.7692, 0.0, 0.0, 0.0, 0.0, 0.0, 0.0, 0.0, 0.7778, 0.0, 0.0, 0.0, 0.1111, 0.0, 0.1667, 0.0, 0.25, 0.0, 0.125, 0.0, 0.0, 0.0, 0.0, 0.0, 0.0, 0.0, 0.0, 0.0, 0.0, 0.0, 0.0, 0.0, 0.0833, 0.0, 0.0, 0.0, 0.125, 0.0769, 0.0, 0.0, 0.0, 0.0, 0.125, 0.0, 0.0, 0.0, 0.0, 0.1429, 0.0, 0.0, 0.8333, 0.0, 0.0, 0.0, 0.0, 0.0, 0.1111, 0.0, 1.0, 0.0, 0.0, 0.0, 0.0, 0.0, 0.0, 0.0, 0.875, 0.0, 0.0, 0.0, 0.1111]"
1,40,broadcast,0.0845,0.0845,0.0845,0.0,31,True,169,0,282,1549,0,"[0.0, 0.02, 0.0235, 0.028, 0.033, 0.0355, 0.038, 0.0405, 0.0425, 0.044, 0.045, 0.047, 0.05, 0.0525, 0.056, 0.0595, 0.0635, 0.068, 0.0685, 0.069, 0.07, 0.071, 0.0725, 0.0735, 0.0765, 0.0785, 0.08, 0.081, 0.083, 0.084, 0.0845, 0.0845, 0.0845, 0.0845, 0.0845, 0.0845, 0.0845, 0.0845, 0.0845, 0.0845, 0.0845, 0.0845, 0.0845, 0.0845, 0.0845, 0.0845, 0.0845, 0.0845, 0.0845, 0.0845, 0.0845, 0.0845, 0.0845, 0.0845, 0.0845, 0.0845, 0.0845, 0.0845, 0.0845, 0.0845, 0.0845, 0.0845, 0.0845, 0.0845, 0.0845, 0.0845, 0.0845, 0.0845, 0.0845, 0.0845, 0.0845, 0.0845, 0.0845, 0.0845, 0.0845, 0.0845, 0.0845, 0.0845, 0.0845, 0.0845, 0.0845, 0.0845, 0.0845, 0.0845, 0.0845, 0.0845, 0.0845, 0.0845, 0.0845, 0.0845, 0.0845, 0.0845, 0.0845, 0.0845, 0.0845, 0.0845, 0.0845, 0.0845, 0.0845, 0.0845, 0.0845]","{""0"": 0.0113, ""1"": 0.3244, ""2"": 0.023, ""3"": 0.0164, ""4"": 0.2519, ""5"": 0.0128, ""6"": 0.046, ""7"": 0.012}","[0.0, 0.0, 0.0, 0.0, 0.0, 0.0, 0.0, 0.0, 0.0, 0.0, 0.0, 0.0, 0.0, 0.1429, 0.0, 0.0, 0.0, 0.0, 0.0, 0.0, 0.0, 0.0, 0.0, 0.0, 0.0, 0.0, 0.0, 0.0, 0.0, 0.0833, 0.0, 0.0, 0.0, 0.0, 0.0, 0.0, 0.0, 0.0, 0.0, 0.0, 0.1429, 0.0, 0.0, 0.0, 0.0, 0.0, 0.0, 0.0, 0.0, 0.0, 0.0, 0.1667, 0.0, 0.0, 0.0, 0.1111, 0.1, 0.0, 0.0, 0.0, 0.0, 0.0, 0.0, 0.0, 0.0, 0.0, 0.0, 0.0, 0.0, 0.0, 0.0, 0.0, 0.0, 0.0, 0.0, 0.125, 0.0, 0.0, 0.125, 0.0, 0.0, 0.1667, 0.0, 0.0, 0.0, 0.0, 0.0, 0.0, 0.0, 0.0, 0.0, 0.0, 0.0, 0.0, 0.1429, 0.125, 0.0, 0.0, 1.0, 0.0, 0.0, 0.0, 0.0, 0.1111, 0.0, 0.0, 1.0, 0.0, 0.0, 0.1111, 0.0, 0.0, 0.0, 0.0, 0.75, 0.0, 0.0, 0.0, 0.0, 0.0, 0.0, 0.0, 1.0, 0.0, 0.0, 0.0, 0.0, 0.0, 0.0, 0.0, 1.0, 0.0, 0.0, 0.125, 0.0, 0.0, 0.0, 0.0, 0.875, 0.0, 0.0, 0.0, 0.0, 0.0, 0.0, 0.0, 0.875, 0.0, 0.1667, 0.0, 0.0, 0.0, 0.0, 0.0, 0.8889, 0.0, 0.0, 0.1429, 0.0, 0.0, 0.0, 0.0, 1.0, 0.0, 0.0833, 0.0, 0.0, 0.0, 0.0, 0.0, 1.0, 0.0, 0.0833, 0.0, 0.0, 0.0, 0.0, 0.0, 0.7778, 0.0, 0.0, 0.8333, 0.0, 0.0, 0.0, 0.0, 0.2222, 0.0, 0.0, 1.0, 0.0, 0.7, 0.0, 0.0, 0.0, 0.1667, 0.0, 1.0, 0.0, 0.0833, 0.0, 0.0, 0.0, 0.0, 0.0, 0.875, 0.0, 0.0, 0.0, 0.1429, 0.0, 0.0909, 0.0, 1.0, 0.0, 0.1, 0.0, 0.0, 0.0, 0.0, 0.0, 0.75, 0.1, 0.0, 0.0, 0.0, 0.0, 0.0, 0.1111, 0.7778, 0.0, 0.0, 0.0, 0.0, 0.0, 0.0909, 0.0, 1.0, 0.0, 0.0, 0.0, 0.0, 0.0, 0.0, 0.0, 0.0, 0.0, 0.0, 0.1429, 0.1]"
1,41,broadcast,0.0915,0.0915,0.0915,0.0,27,True,183,0,313,1504,0,"[0.0, 0.0245, 0.028, 0.0305, 0.0335, 0.0375, 0.041, 0.044, 0.047, 0.0535, 0.0625, 0.0685, 0.072, 0.0735, 0.075, 0.076, 0.079, 0.0805, 0.082, 0.084, 0.0865, 0.089, 0.0895, 0.09, 0.0905, 0.091, 0.0915, 0.0915, 0.0915, 0.0915, 0.0915, 0.0915, 0.0915, 0.0915, 0.0915, 0.0915, 0.0915, 0.0915, 0.0915, 0.0915, 0.0915, 0.0915, 0.0915, 0.0915, 0.0915, 0.0915, 0.0915, 0.0915, 0.0915, 0.0915, 0.0915, 0.0915, 0.0915, 0.0915, 0.0915, 0.0915, 0.0915, 0.0915, 0.0915, 0.0915, 0.0915, 0.0915, 0.0915, 0.0915, 0.0915, 0.0915, 0.0915, 0.0915, 0.0915, 0.0915, 0.0915, 0.0915, 0.0915, 0.0915, 0.0915, 0.0915, 0.0915, 0.0915, 0.0915, 0.0915, 0.0915, 0.0915, 0.0915, 0.0915, 0.0915, 0.0915, 0.0915, 0.0915, 0.0915, 0.0915, 0.0915, 0.0915, 0.0915, 0.0915, 0.0915, 0.0915, 0.0915, 0.0915, 0.0915, 0.0915, 0.0915]","{""0"": 0.0128, ""1"": 0.3943, ""2"": 0.0547, ""3"": 0.2056, ""4"": 0.0268, ""5"": 0.0162, ""6"": 0.0164, ""7"": 0.0115}","[0.0, 0.0, 0.0, 0.0, 1.0, 0.0, 0.0, 0.0, 0.0, 0.0, 0.0, 0.0, 1.0, 0.0, 0.0, 0.0, 0.0, 0.0, 0.7143, 0.0, 0.6, 0.3333, 0.0, 0.0, 0.125, 0.0, 0.8889, 0.0, 0.0, 0.25, 0.0, 0.2857, 0.0, 0.0, 1.0, 0.0909, 0.0, 0.1, 0.0, 0.0, 0.0, 0.125, 1.0, 0.1429, 0.0, 0.0, 0.0, 0.0, 0.0, 0.0, 1.0, 0.2, 0.0, 0.0, 0.0, 0.0, 0.0, 0.0, 0.8, 0.1429, 0.0, 0.0, 0.0, 0.0, 0.0, 0.0, 1.0, 0.0, 0.0, 0.0, 0.0, 0.0, 0.0, 0.0, 0.2222, 0.0, 0.0, 0.0, 0.0, 0.0, 0.0, 0.0, 0.25, 0.1, 0.0, 0.0, 0.0, 0.0, 0.0, 0.0, 0.125, 0.1, 0.0, 0.0, 0.2, 0.0, 0.0, 0.125, 0.0, 0.125, 0.0, 0.0, 0.125, 0.0, 0.0, 0.0, 0.25, 0.0, 0.0, 0.0, 0.0, 0.0, 0.0, 0.0, 0.1429, 0.0, 0.0, 0.0, 0.0, 0.0, 0.1429, 0.0, 0.0, 0.0, 0.0, 0.0, 0.0, 0.0909, 0.0, 0.0, 0.0714, 0.0, 0.0, 0.0, 0.0, 0.0, 0.0, 0.0, 1.0, 0.1111, 0.0, 0.0, 0.0, 0.0, 0.0, 0.0, 1.0, 0.4444, 0.125, 0.0909, 0.0, 0.0, 0.0, 0.0, 0.8333, 0.0, 0.0, 0.1429, 0.125, 0.0, 0.0, 0.0, 1.0, 0.0, 0.0, 0.0, 0.0, 0.0, 0.0, 0.0, 1.0, 0.0, 0.0, 0.0, 0.0, 0.0, 0.0, 0.0, 1.0, 0.0, 0.0, 0.0, 0.0, 0.0, 0.0, 0.0, 0.2222, 0.1, 0.0, 0.1111, 0.0, 0.1111, 0.0, 0.0, 0.0909, 0.0, 0.1, 0.0, 0.0, 0.0, 0.0, 0.125, 0.0, 0.0, 0.0, 0.0, 0.0, 0.0, 0.125, 0.0, 0.0, 0.0, 1.0, 0.0, 0.0, 0.0, 0.0, 0.0, 0.0, 0.1111, 1.0, 0.0, 0.0, 0.0, 0.0, 0.0, 0.0, 0.0, 0.6, 0.0, 0.0, 0.0, 0.0, 0.0, 0.0, 0.0, 0.8571, 0.0, 0.0, 0.0, 0.0, 0.0, 0.0, 0.0, 0.875, 0.0, 0.0, 0.0, 0.0, 0.0]"
1,42,broadcast,0.041,0.041,0.041,0.0,17,True,82,0,292,1626,0,"[0.0, 0.021, 0.0235, 0.026, 0.0265, 0.027, 0.028, 0.0295, 0.03, 0.031, 0.033, 0.034, 0.036, 0.0375, 0.0395, 0.0405, 0.041, 0.041, 0.041, 0.041, 0.041, 0.041, 0.041, 0.041, 0.041, 0.041, 0.041, 0.041, 0.041, 0.041, 0.041, 0.041, 0.041, 0.041, 0.041, 0.041, 0.041, 0.041, 0.041, 0.041, 0.041, 0.041, 0.041, 0.041, 0.041, 0.041, 0.041, 0.041, 0.041, 0.041, 0.041, 0.041, 0.041, 0.041, 0.041, 0.041, 0.041, 0.041, 0.041, 0.041, 0.041, 0.041, 0.041, 0.041, 0.041, 0.041, 0.041, 0.041, 0.041, 0.041, 0.041, 0.041, 0.041, 0.041, 0.041, 0.041, 0.041, 0.041, 0.041, 0.041, 0.041, 0.041, 0.041, 0.041, 0.041, 0.041, 0.041, 0.041, 0.041, 0.041, 0.041, 0.041, 0.041, 0.041, 0.041, 0.041, 0.041, 0.041, 0.041, 0.041, 0.041]","{""0"": 0.0153, ""1"": 0.1633, ""2"": 0.0325, ""3"": 0.0608, ""4"": 0.0174, ""5"": 0.0195, ""6"": 0.0161, ""7"": 0.004}","[0.0, 0.0, 0.1538, 0.0, 0.375, 0.0, 0.0, 0.0, 0.0, 0.0769, 0.0, 0.1429, 0.0, 0.0, 0.125, 0.0, 0.0, 0.0, 0.0, 0.0, 0.0, 0.0, 0.2, 0.125, 0.0, 0.0, 0.2857, 0.0, 0.0, 0.1, 0.0, 0.0, 0.0, 0.0, 0.0, 0.0, 0.0, 0.0, 0.0, 0.0, 0.0, 0.0, 0.0, 0.1429, 0.0, 0.0, 0.0, 0.0, 0.0, 0.125, 0.0, 0.0, 0.0, 0.0, 0.0, 0.0, 0.1111, 0.0, 0.0, 0.0, 0.0, 0.0, 0.0, 0.0, 0.0, 0.0, 0.0, 0.0, 0.0, 0.1, 0.0, 0.0, 0.0, 0.0, 0.0, 0.1111, 0.0, 0.0, 0.0, 0.0, 0.0, 0.0, 0.1429, 0.0, 0.0, 0.0714, 0.1, 0.0, 0.0, 0.0, 0.0, 0.0, 0.0, 0.0, 0.0, 0.0, 0.0, 0.1111, 0.0, 0.0, 0.0, 0.0, 0.0, 0.0, 0.0, 0.0, 0.0, 0.0, 0.1111, 0.0, 0.0, 0.0, 0.0, 0.0, 0.0, 0.0, 0.1, 0.1111, 0.0, 0.2, 0.0, 0.0, 0.0, 0.1, 0.0, 0.0, 0.0, 0.0, 0.0, 0.0, 0.0, 0.0, 0.0, 0.0, 0.0, 0.1111, 0.0, 0.0, 0.0, 0.0, 0.0909, 0.0, 0.0, 0.0, 0.0, 0.0, 0.0, 0.0, 0.5714, 0.0, 0.0, 0.0, 0.0, 0.0, 0.1667, 0.0, 0.1111, 0.0, 0.0, 0.0, 0.0, 0.1429, 0.0, 0.0, 0.0, 0.0, 0.1429, 0.0, 0.0, 0.0, 0.0, 0.0, 0.0, 0.0, 0.0, 0.0, 0.0, 0.0, 0.0, 0.0, 0.0, 0.0, 0.0, 0.0, 0.0, 0.0, 0.0833, 0.0, 0.0909, 0.0, 0.0, 0.0, 0.0, 0.0, 0.8889, 0.0, 0.0, 0.0, 0.0, 0.0, 0.0, 0.0, 1.0, 0.0, 0.0, 0.0, 0.0, 0.0, 0.0, 0.0, 0.8889, 0.0, 0.125, 0.0, 0.0, 0.0, 0.0, 0.0, 0.8889, 0.0, 0.0, 0.0, 0.0, 0.0, 0.0, 0.0, 0.125, 0.0909, 0.1667, 0.0, 0.0, 0.1667, 0.0, 0.0, 0.0, 0.3333, 0.0, 0.0, 0.0, 0.0, 0.0, 0.0, 0.0, 0.0, 0.2222, 0.0, 0.0667, 0.0, 0.0, 0.0]"
1,43,broadcast,0.018,0.018,0.018,0.0,3,True,36,0,271,1693,0,"[0.0, 0.0175, 0.018, 0.018, 0.018, 0.018, 0.018, 0.018, 0.018, 0.018, 0.018, 0.018, 0.018, 0.018, 0.018, 0.018, 0.018, 0.018, 0.018, 0.018, 0.018, 0.018, 0.018, 0.018, 0.018, 0.018, 0.018, 0.018, 0.018, 0.018, 0.018, 0.018, 0.018, 0.018, 0.018, 0.018, 0.018, 0.018, 0.018, 0.018, 0.018, 0.018, 0.018, 0.018, 0.018, 0.018, 0.018, 0.018, 0.018, 0.018, 0.018, 0.018, 0.018, 0.018, 0.018, 0.018, 0.018, 0.018, 0.018, 0.018, 0.018, 0.018, 0.018, 0.018, 0.018, 0.018, 0.018, 0.018, 0.018, 0.018, 0.018, 0.018, 0.018, 0.018, 0.018, 0.018, 0.018, 0.018, 0.018, 0.018, 0.018, 0.018, 0.018, 0.018, 0.018, 0.018, 0.018, 0.018, 0.018, 0.018, 0.018, 0.018, 0.018, 0.018, 0.018, 0.018, 0.018, 0.018, 0.018, 0.018, 0.018]","{""0"": 0.0123, ""1"": 0.0039, ""2"": 0.0207, ""3"": 0.0243, ""4"": 0.0194, ""5"": 0.013, ""6"": 0.0236, ""7"": 0.026}","[0.0, 0.0, 0.0, 0.0, 0.0, 0.0, 0.0, 0.0, 0.0, 0.0, 0.0, 0.0, 0.0, 0.0, 0.3333, 0.0, 0.0, 0.0, 0.0, 0.1667, 0.0, 0.0, 0.0, 0.0, 0.0, 0.125, 0.0, 0.0, 0.0, 0.0, 0.0, 0.0909, 0.0, 0.0, 0.0, 0.0, 0.0, 0.0, 0.0, 0.0, 0.0, 0.0, 0.0, 0.0, 0.0, 0.0, 0.0, 0.0, 0.0, 0.0, 0.0, 0.0, 0.0, 0.0, 0.0588, 0.0, 0.0, 0.0, 0.0, 0.0, 0.0, 0.0, 0.0, 0.0, 0.0, 0.0, 0.0, 0.0, 0.0, 0.0, 0.0, 0.0, 0.0, 0.0, 0.0, 0.0, 0.0, 0.0, 0.0, 0.0, 0.0, 0.0, 0.0, 0.0, 0.0, 0.0, 0.0, 0.0, 0.0, 0.0, 0.0, 0.0, 0.1111, 0.0, 0.0, 0.0, 0.0, 0.0, 0.0, 0.1667, 0.0833, 0.0, 0.0, 0.125, 0.0714, 0.0, 0.0, 0.0, 0.0, 0.1, 0.0, 0.0, 0.0, 0.0, 0.1, 0.0, 0.1429, 0.0, 0.0, 0.0, 0.3333, 0.0, 0.0, 0.125, 0.0, 0.0, 0.0, 0.0, 0.0, 0.0, 0.0, 0.0, 0.0, 0.0, 0.0, 0.1429, 0.0, 0.0, 0.0, 0.0, 0.0, 0.0, 0.0, 0.125, 0.0, 0.0, 0.0, 0.0, 0.0, 0.0, 0.0909, 0.0, 0.0, 0.0, 0.0, 0.0, 0.0, 0.0, 0.0, 0.0, 0.0, 0.0, 0.0, 0.0, 0.1111, 0.0769, 0.0, 0.0, 0.1818, 0.1429, 0.0, 0.1429, 0.0, 0.0, 0.0, 0.0, 0.0, 0.0, 0.0, 0.0, 0.0, 0.0, 0.0, 0.0, 0.0, 0.125, 0.0, 0.0, 0.0, 0.0, 0.0, 0.0, 0.0, 0.0, 0.0, 0.0, 0.0, 0.125, 0.0, 0.0, 0.125, 0.0, 0.0, 0.0667, 0.1, 0.0, 0.0, 0.0, 0.0909, 0.0, 0.0, 0.0, 0.0, 0.0, 0.0, 0.0, 0.0, 0.0, 0.0, 0.0, 0.1429, 0.0, 0.0, 0.0, 0.0, 0.0, 0.0, 0.0, 0.0, 0.2222, 0.0, 0.1111, 0.0, 0.0, 0.0, 0.0, 0.0, 0.0, 0.0, 0.0909, 0.0, 0.0, 0.0, 0.0, 0.0, 0.0, 0.0, 0.0, 0.0, 0.0]"
1,44,broadcast,0.0265,0.0265,0.0265,-0.0,5,True,53,0,315,1632,0,"[0.0, 0.0205, 0.0245, 0.026, 0.0265, 0.0265, 0.0265, 0.0265, 0.0265, 0.0265, 0.0265, 0.0265, 0.0265, 0.0265, 0.0265, 0.0265, 0.0265, 0.0265, 0.0265, 0.0265, 0.0265, 0.0265, 0.0265, 0.0265, 0.0265, 0.0265, 0.0265, 0.0265, 0.0265, 0.0265, 0.0265, 0.0265, 0.0265, 0.0265, 0.0265, 0.0265, 0.0265, 0.0265, 0.0265, 0.0265, 0.0265, 0.0265, 0.0265, 0.0265, 0.0265, 0.0265, 0.0265, 0.0265, 0.0265, 0.0265, 0.0265, 0.0265, 0.0265, 0.0265, 0.0265, 0.0265, 0.0265, 0.0265, 0.0265, 0.0265, 0.0265, 0.0265, 0.0265, 0.0265, 0.0265, 0.0265, 0.0265, 0.0265, 0.0265, 0.0265, 0.0265, 0.0265, 0.0265, 0.0265, 0.0265, 0.0265, 0.0265, 0.0265, 0.0265, 0.0265, 0.0265, 0.0265, 0.0265, 0.0265, 0.0265, 0.0265, 0.0265, 0.0265, 0.0265, 0.0265, 0.0265, 0.0265, 0.0265, 0.0265, 0.0265, 0.0265, 0.0265, 0.0265, 0.0265, 0.0265, 0.0265]","{""0"": 0.0423, ""1"": 0.0199, ""2"": 0.02, ""3"": 0.0173, ""4"": 0.0352, ""5"": 0.0213, ""6"": 0.0112, ""7"": 0.0442}","[0.1111, 0.125, 0.0, 0.0, 0.0, 0.0, 0.0, 0.0, 0.0833, 0.0, 0.0, 0.4, 0.1111, 0.0, 0.0, 0.0, 0.0, 0.0909, 0.0, 0.0, 0.0, 0.0, 0.1111, 0.1111, 0.0, 0.125, 0.125, 0.0, 0.0, 0.0, 0.0, 0.0, 0.0, 0.0, 0.0, 0.0, 0.1429, 0.0, 0.0, 0.0, 0.0, 0.0, 0.1111, 0.0, 0.0, 0.0, 0.0, 0.0, 0.0, 0.0, 0.0, 0.0, 0.0, 0.0, 0.0, 0.1111, 0.0, 0.0, 0.0, 0.0, 0.0, 0.0, 0.0, 0.0, 0.0, 0.0, 0.0, 0.0, 0.0, 0.0833, 0.0, 0.1429, 0.0, 0.0, 0.0, 0.0, 0.0, 0.0, 0.0, 0.0, 0.0, 0.0, 0.1111, 0.0, 0.0, 0.0, 0.0, 0.0, 0.0, 0.0, 0.1, 0.0, 0.0, 0.0, 0.0, 0.0, 0.0, 0.0, 0.0, 0.1429, 0.0, 0.0, 0.0, 0.0, 0.0, 0.0, 0.0, 0.0, 0.0, 0.0, 0.125, 0.0, 0.0, 0.125, 0.0, 0.0, 0.0, 0.0, 0.0, 0.0, 0.0, 0.0, 0.0, 0.0, 0.0, 0.1667, 0.0, 0.0, 0.5714, 0.0, 0.0, 0.0, 0.0, 0.0, 0.0, 0.0, 0.1667, 0.0, 0.0, 0.0, 0.0, 0.0, 0.0, 0.0, 0.0, 0.0, 0.0, 0.0, 0.0, 0.0, 0.0, 0.0, 0.0, 0.0, 0.0, 0.0, 0.0, 0.0, 0.0, 0.0, 0.0, 0.2, 0.0, 0.0, 0.0, 0.0, 0.0, 0.0, 0.0, 0.1111, 0.0, 0.0, 0.0, 0.0, 0.0, 0.0, 0.0, 0.0, 0.0, 0.0, 0.0, 0.0, 0.1429, 0.0, 0.4286, 0.0, 0.0, 0.0, 0.0, 0.0, 0.0, 0.0, 0.0, 0.0, 0.0, 0.0, 0.0, 0.1667, 0.0, 0.0, 0.125, 0.0, 0.125, 0.0, 0.0, 0.0, 0.0, 0.0, 0.125, 0.0, 0.0, 0.0, 0.0, 0.0909, 0.0, 0.0, 0.0, 0.1, 0.0, 0.0, 0.0, 0.0, 0.0, 0.0, 0.0, 0.0, 0.0, 0.0, 0.0, 0.1111, 0.3333, 0.0, 0.0, 0.1, 0.0, 0.0, 0.0714, 0.8, 0.0, 0.0, 0.0, 0.0, 0.0, 0.0, 0.0, 0.0, 0.0, 0.0, 0.0, 0.375]"
1,45,broadcast,0.022,0.022,0.022,0.0,2,True,44,0,291,1665,0,"[0.0, 0.022, 0.022, 0.022, 0.022, 0.022, 0.022, 0.022, 0.022, 0.022, 0.022, 0.022, 0.022, 0.022, 0.022, 0.022, 0.022, 0.022, 0.022, 0.022, 0.022, 0.022, 0.022, 0.022, 0.022, 0.022, 0.022, 0.022, 0.022, 0.022, 0.022, 0.022, 0.022, 0.022, 0.022, 0.022, 0.022, 0.022, 0.022, 0.022, 0.022, 0.022, 0.022, 0.022, 0.022, 0.022, 0.022, 0.022, 0.022, 0.022, 0.022, 0.022, 0.022, 0.022, 0.022, 0.022, 0.022, 0.022, 0.022, 0.022, 0.022, 0.022, 0.022, 0.022, 0.022, 0.022, 0.022, 0.022, 0.022, 0.022, 0.022, 0.022, 0.022, 0.022, 0.022, 0.022, 0.022, 0.022, 0.022, 0.022, 0.022, 0.022, 0.022, 0.022, 0.022, 0.022, 0.022, 0.022, 0.022, 0.022, 0.022, 0.022, 0.022, 0.022, 0.022, 0.022, 0.022, 0.022, 0.022, 0.022, 0.022]","{""0"": 0.028, ""1"": 0.0233, ""2"": 0.0199, ""3"": 0.0352, ""4"": 0.0246, ""5"": 0.0117, ""6"": 0.0169, ""7"": 0.0163}","[0.0, 0.0, 0.0, 0.0, 0.0, 0.0, 0.0, 0.0, 0.0, 0.0, 0.1, 0.0, 0.0, 0.0, 0.0, 0.0, 0.0, 0.0, 0.0, 0.0, 0.0, 0.0, 0.0, 0.0, 0.0909, 0.0909, 0.0, 0.0, 0.0, 0.0625, 0.0, 0.0, 0.0, 0.1111, 0.0, 0.0, 0.0, 0.1667, 0.0, 0.0, 0.0, 0.0, 0.0, 0.0, 0.0, 0.0, 0.0, 0.0, 0.0, 0.0, 0.0, 0.0, 0.0, 0.0, 0.0, 0.1667, 0.0, 0.0, 0.0, 0.0, 0.0, 0.0, 0.0, 0.0, 0.125, 0.0909, 0.0, 0.0, 0.0, 0.125, 0.0, 0.0, 0.0, 0.0, 0.0, 0.0, 0.1667, 0.0, 0.0, 0.0, 0.0, 0.0, 0.0, 0.1111, 0.0, 0.1111, 0.1, 0.0, 0.0, 0.0, 0.0, 0.0, 0.1429, 0.0, 0.0, 0.1667, 0.0, 0.0, 0.0, 0.0, 0.0909, 0.1667, 0.0, 0.0, 0.0, 0.125, 0.0, 0.0, 0.0, 0.0, 0.0769, 0.0, 0.0, 0.0, 0.0, 0.0, 0.125, 0.0, 0.0, 0.0, 0.0, 0.0, 0.0, 0.0, 0.0, 0.0, 0.0, 0.0, 0.0, 0.0, 0.0833, 0.0, 0.0, 0.0, 0.0, 0.0, 0.0, 0.0, 0.0, 0.1429, 0.1, 0.0, 0.0, 0.0, 0.0, 0.0, 0.0, 0.0, 0.0, 0.0, 0.0, 0.0, 0.0, 0.125, 0.0, 0.125, 0.0, 0.0, 0.0, 0.0, 0.0, 0.0, 0.0, 0.0, 0.0, 0.0, 0.0, 0.0, 0.0, 0.0, 0.0833, 0.0, 0.0, 0.0, 0.1111, 0.1111, 0.0, 0.0, 0.1111, 0.0, 0.1667, 0.0, 0.0, 0.0, 0.0, 0.0, 0.1, 0.0, 0.1429, 0.0, 0.0, 0.0, 0.0, 0.0909, 0.0, 0.0, 0.0, 0.0, 0.0, 0.0, 0.0, 0.0, 0.0, 0.0, 0.0, 0.0, 0.0, 0.0, 0.0, 0.0909, 0.0, 0.0, 0.0, 0.0, 0.0, 0.0, 0.0, 0.0, 0.1, 0.1667, 0.0, 0.1429, 0.0, 0.2, 0.0, 0.0, 0.0, 0.0, 0.0, 0.0, 0.0, 0.0, 0.0, 0.0, 0.0, 0.125, 0.0, 0.0, 0.0, 0.0, 0.0909, 0.0, 0.0, 0.0, 0.0, 0.0, 0.0, 0.0, 0.1, 0.0]"
1,46,broadcast,0.058,0.058,0.058,-0.0,15,True,116,0,284,1600,0,"[0.0, 0.0235, 0.027, 0.029, 0.0315, 0.0335, 0.0355, 0.04, 0.044, 0.048, 0.0505, 0.053, 0.0555, 0.057, 0.058, 0.058, 0.058, 0.058, 0.058, 0.058, 0.058, 0.058, 0.058, 0.058, 0.058, 0.058, 0.058, 0.058, 0.058, 0.058, 0.058, 0.058, 0.058, 0.058, 0.058, 0.058, 0.058, 0.058, 0.058, 0.058, 0.058, 0.058, 0.058, 0.058, 0.058, 0.058, 0.058, 0.058, 0.058, 0.058, 0.058, 0.058, 0.058, 0.058, 0.058, 0.058, 0.058, 0.058, 0.058, 0.058, 0.058, 0.058, 0.058, 0.058, 0.058, 0.058, 0.058, 0.058, 0.058, 0.058, 0.058, 0.058, 0.058, 0.058, 0.058, 0.058, 0.058, 0.058, 0.058, 0.058, 0.058, 0.058, 0.058, 0.058, 0.058, 0.058, 0.058, 0.058, 0.058, 0.058, 0.058, 0.058, 0.058, 0.058, 0.058, 0.058, 0.058, 0.058, 0.058, 0.058, 0.058]","{""0"": 0.0195, ""1"": 0.0382, ""2"": 0.1216, ""3"": 0.0154, ""4"": 0.0244, ""5"": 0.0246, ""6"": 0.1974, ""7"": 0.0361}","[0.1111, 0.0, 0.0, 0.0, 0.0, 0.0, 0.0, 0.0, 0.0, 0.0, 0.4, 0.0, 0.0, 0.2222, 0.0, 0.1111, 0.0, 0.1667, 0.0, 0.0, 0.0, 0.0833, 0.0, 0.4286, 0.1429, 0.1667, 0.0, 0.0, 0.0, 0.0, 0.0, 0.0, 0.0, 0.0, 0.0, 0.0, 0.0, 0.0, 0.0, 0.0, 0.0, 0.0, 0.2, 0.0, 0.0, 0.0, 0.0, 0.0, 0.0, 0.0, 0.0, 0.0, 0.0, 0.0, 0.0, 0.0, 0.0, 0.0, 0.0, 0.0, 0.0, 0.0, 0.0, 0.0, 0.0, 0.0, 0.0, 0.0, 0.0, 0.0, 0.0, 0.0, 0.1818, 0.0909, 0.1, 0.0, 0.0, 0.0, 0.0, 0.0, 0.0, 0.0, 0.0, 0.0, 0.2, 0.0, 0.0, 0.0, 0.0, 0.0, 0.0, 0.1, 0.0, 0.0, 0.0, 0.0, 0.0, 0.0, 0.1, 0.1667, 0.0, 0.0, 0.0, 0.0, 0.3333, 0.0, 0.0, 0.0, 0.0, 0.0, 0.0, 0.0, 0.0, 0.0, 0.1111, 0.5714, 0.0, 0.0, 0.0909, 0.0, 0.0, 0.0, 0.0, 0.8571, 0.0, 0.0, 0.0, 0.0, 0.0, 0.0, 0.0, 1.0, 0.0, 0.0, 0.0, 0.0, 0.0, 0.0909, 0.0, 0.8333, 0.0, 0.0, 0.25, 0.0, 0.0, 0.0, 0.0, 0.8571, 0.3333, 0.0, 0.0, 0.0, 0.0, 0.0, 0.0, 0.0, 0.0, 0.0, 0.0, 0.125, 0.0, 0.0, 0.0, 0.0, 0.0, 0.0, 0.0909, 0.0, 0.0, 0.0, 0.0, 0.0, 0.0, 0.0, 0.0, 0.0, 0.0, 0.0, 0.125, 0.0, 0.0, 0.0, 0.0, 0.6667, 0.0, 0.0, 0.0, 0.0, 0.0, 0.0, 0.0, 1.0, 0.0, 0.0, 0.0, 0.0, 0.0, 0.1429, 0.0, 0.8889, 0.0, 0.0909, 0.0, 0.0909, 0.0, 0.0, 0.1667, 0.8571, 0.0, 0.0, 0.0, 0.0833, 0.0, 0.1429, 0.1, 0.9091, 0.0, 0.0, 0.0, 0.0, 0.0, 0.1, 0.0, 0.5714, 0.1667, 0.0, 0.0, 0.0, 0.0, 0.0, 0.0, 0.0, 0.0, 0.0, 0.1, 0.0, 0.0, 0.0, 0.1429, 0.1111, 0.1111, 0.0, 0.0, 0.0, 0.1429, 0.0, 0.0, 0.1667, 0.1667, 0.0]"
1,47,broadcast,0.024,0.024,0.024,0.0,4,True,48,0,310,1642,0,"[0.0, 0.0225, 0.0235, 0.024, 0.024, 0.024, 0.024, 0.024, 0.024, 0.024, 0.024, 0.024, 0.024, 0.024, 0.024, 0.024, 0.024, 0.024, 0.024, 0.024, 0.024, 0.024, 0.024, 0.024, 0.024, 0.024, 0.024, 0.024, 0.024, 0.024, 0.024, 0.024, 0.024, 0.024, 0.024, 0.024, 0.024, 0.024, 0.024, 0.024, 0.024, 0.024, 0.024, 0.024, 0.024, 0.024, 0.024, 0.024, 0.024, 0.024, 0.024, 0.024, 0.024, 0.024, 0.024, 0.024, 0.024, 0.024, 0.024, 0.024, 0.024, 0.024, 0.024, 0.024, 0.024, 0.024, 0.024, 0.024, 0.024, 0.024, 0.024, 0.024, 0.024, 0.024, 0.024, 0.024, 0.024, 0.024, 0.024, 0.024, 0.024, 0.024, 0.024, 0.024, 0.024, 0.024, 0.024, 0.024, 0.024, 0.024, 0.024, 0.024, 0.024, 0.024, 0.024, 0.024, 0.024, 0.024, 0.024, 0.024, 0.024]","{""0"": 0.0202, ""1"": 0.0207, ""2"": 0.0321, ""3"": 0.0196, ""4"": 0.0182, ""5"": 0.0246, ""6"": 0.0286, ""7"": 0.0288}","[0.0, 0.0, 0.0, 0.0, 0.0909, 0.0714, 0.0, 0.0, 0.0909, 0.1111, 0.0, 0.0, 0.0833, 0.0, 0.0, 0.0, 0.0, 0.0, 0.1818, 0.0, 0.0, 0.0, 0.0, 0.1111, 0.0, 0.0, 0.0, 0.0, 0.0, 0.0, 0.0, 0.1, 0.0, 0.1429, 0.0, 0.0, 0.0, 0.0, 0.0, 0.0, 0.0, 0.0, 0.0, 0.0, 0.0, 0.0, 0.0, 0.0, 0.125, 0.0, 0.0, 0.0, 0.0, 0.1111, 0.125, 0.0, 0.0, 0.0, 0.0, 0.0, 0.0, 0.0, 0.0, 0.0, 0.0, 0.0, 0.0, 0.0, 0.0, 0.0, 0.0833, 0.0, 0.0769, 0.0, 0.1667, 0.0, 0.0, 0.0, 0.0, 0.0, 0.0, 0.0, 0.0, 0.0, 0.0, 0.0, 0.0, 0.0, 0.0, 0.0, 0.0, 0.0, 0.0, 0.0, 0.0, 0.0, 0.0, 0.0, 0.0, 0.0, 0.0, 0.0, 0.1667, 0.0, 0.0, 0.0, 0.0, 0.0, 0.0, 0.0, 0.0, 0.0, 0.0, 0.0, 0.0, 0.0, 0.0, 0.0, 0.0, 0.0, 0.0, 0.1667, 0.0, 0.3, 0.0, 0.0, 0.0, 0.0, 0.0909, 0.0, 0.0, 0.125, 0.125, 0.0, 0.0, 0.3333, 0.1111, 0.0, 0.1111, 0.0, 0.0, 0.0, 0.0, 0.125, 0.0, 0.0909, 0.0, 0.0, 0.0, 0.0, 0.0, 0.0, 0.0, 0.0769, 0.0, 0.1429, 0.0, 0.0, 0.0, 0.0, 0.0, 0.0, 0.0, 0.0, 0.0, 0.0, 0.0, 0.125, 0.0, 0.0, 0.0, 0.0, 0.0, 0.25, 0.0, 0.0, 0.0, 0.0, 0.0, 0.2, 0.0, 0.0, 0.0, 0.0, 0.0, 0.0, 0.0, 0.0, 0.1429, 0.0, 0.0, 0.0, 0.0, 0.0, 0.0, 0.0, 0.0, 0.1111, 0.2, 0.0, 0.0, 0.0, 0.0, 0.0, 0.0, 0.0, 0.0, 0.0, 0.1429, 0.0, 0.0, 0.0, 0.0, 0.0, 0.0, 0.1, 0.0, 0.0, 0.0, 0.1111, 0.0, 0.0, 0.0, 0.0, 0.0, 0.0, 0.1, 0.0, 0.1, 0.0, 0.0, 0.0, 0.0, 0.0, 0.0, 0.0, 0.0, 0.0, 0.125, 0.0, 0.0, 0.0, 0.0, 0.125, 0.0, 0.0, 0.125, 0.0, 0.1, 0.0]"
1,48,broadcast,0.054,0.054,0.054,-0.0,22,True,108,0,297,1595,0,"[0.0, 0.02, 0.024, 0.025, 0.0275, 0.029, 0.0325, 0.036, 0.038, 0.039, 0.0395, 0.04, 0.041, 0.042, 0.044, 0.0455, 0.047, 0.049, 0.051, 0.053, 0.0535, 0.054, 0.054, 0.054, 0.054, 0.054, 0.054, 0.054, 0.054, 0.054, 0.054, 0.054, 0.054, 0.054, 0.054, 0.054, 0.054, 0.054, 0.054, 0.054, 0.054, 0.054, 0.054, 0.054, 0.054, 0.054, 0.054, 0.054, 0.054, 0.054, 0.054, 0.054, 0.054, 0.054, 0.054, 0.054, 0.054, 0.054, 0.054, 0.054, 0.054, 0.054, 0.054, 0.054, 0.054, 0.054, 0.054, 0.054, 0.054, 0.054, 0.054, 0.054, 0.054, 0.054, 0.054, 0.054, 0.054, 0.054, 0.054, 0.054, 0.054, 0.054, 0.054, 0.054, 0.054, 0.054, 0.054, 0.054, 0.054, 0.054, 0.054, 0.054, 0.054, 0.054, 0.054, 0.054, 0.054, 0.054, 0.054, 0.054, 0.054]","{""0"": 0.0154, ""1"": 0.0167, ""2"": 0.0152, ""3"": 0.249, ""4"": 0.0234, ""5"": 0.0467, ""6"": 0.0126, ""7"": 0.0482}","[0.1111, 0.0, 0.0, 0.0, 1.0, 0.0, 0.0, 0.0, 0.0, 0.0769, 0.0, 0.0, 0.0, 0.0, 0.0, 0.0, 0.1, 0.0, 0.0, 0.0, 0.0, 0.0, 0.0, 0.0, 0.0, 0.0, 0.0, 0.0, 0.0, 0.0, 0.0, 0.0, 0.0, 0.0, 0.0, 0.0, 0.0, 0.0, 0.1111, 0.0, 0.0, 0.0, 0.0, 0.0, 0.0, 0.0, 0.0, 0.0, 0.0, 0.0, 0.0, 0.0, 0.0, 0.0769, 0.0, 0.0, 0.1111, 0.1111, 0.0, 0.0, 0.0, 0.0, 0.0, 0.0, 0.0, 0.0, 0.0, 0.0, 0.0, 0.0, 0.1111, 0.0, 0.0, 0.0, 0.0, 0.0, 0.0, 0.0, 0.0, 0.0, 0.0, 0.0, 0.0, 0.0, 0.1111, 0.0, 0.0, 0.0, 0.0, 0.0, 0.0, 0.0, 0.3333, 0.125, 0.2308, 0.0, 0.0, 0.0, 0.0, 0.0, 0.0, 0.0, 0.0, 0.0, 0.2, 0.0, 0.0, 0.0, 0.0, 0.0, 0.0, 0.0, 0.125, 0.0, 0.0, 0.0, 0.0, 0.0, 0.0, 0.0, 0.0, 0.0, 0.0, 0.1, 0.0, 0.0, 0.0, 0.0, 0.0, 0.0, 0.0, 0.0, 0.0, 0.0, 0.0, 0.0, 0.1111, 0.0, 0.0, 0.0, 0.0, 0.0, 0.0, 0.0, 0.4286, 0.0, 0.375, 0.0, 0.0, 0.0, 0.3333, 0.0769, 0.0, 0.0, 0.0, 0.0, 0.0, 0.0, 0.2222, 0.1667, 0.1667, 0.0, 0.0, 0.0, 0.0, 0.0, 0.2, 0.0, 0.0, 0.0, 0.0, 0.0, 0.0, 0.0, 0.0, 0.125, 0.0, 0.0, 0.0, 0.0833, 0.0909, 0.1429, 0.0, 0.0, 0.0, 0.1111, 0.0, 0.0, 1.0, 0.25, 0.0, 0.0, 0.0, 0.1429, 0.1429, 0.0, 0.8, 0.0, 0.0909, 0.0, 0.0833, 0.0, 0.0, 0.5, 0.7778, 0.1111, 0.0, 0.0, 0.0, 0.0, 0.0, 0.0, 0.8571, 0.0, 0.0, 0.0, 0.0, 0.0, 0.0, 0.0, 0.8571, 0.0, 0.0, 0.0, 0.0, 0.0, 0.0, 0.0, 1.0, 0.0, 0.0, 0.0, 0.0, 0.0, 0.0, 0.0, 0.8333, 0.0, 0.0, 0.0, 0.1111, 0.0, 0.0, 0.0, 0.8333, 0.0, 0.0, 0.0, 0.0, 0.0]"
1,49,broadcast,0.145,0.145,0.145,0.0,44,True,290,0,263,1447,0,"[0.0, 0.0235, 0.0255, 0.028, 0.0295, 0.031, 0.032, 0.033, 0.0335, 0.035, 0.0375, 0.0415, 0.046, 0.049, 0.0505, 0.0515, 0.053, 0.055, 0.0565, 0.058, 0.0605, 0.062, 0.066, 0.069, 0.0725, 0.0745, 0.0755, 0.078, 0.0835, 0.089, 0.0945, 0.0985, 0.1025, 0.107, 0.112, 0.1155, 0.119, 0.123, 0.1275, 0.133, 0.1365, 0.14, 0.1435, 0.145, 0.145, 0.145, 0.145, 0.145, 0.145, 0.145, 0.145, 0.145, 0.145, 0.145, 0.145, 0.145, 0.145, 0.145, 0.145, 0.145, 0.145, 0.145, 0.145, 0.145, 0.145, 0.145, 0.145, 0.145, 0.145, 0.145, 0.145, 0.145, 0.145, 0.145, 0.145, 0.145, 0.145, 0.145, 0.145, 0.145, 0.145, 0.145, 0.145, 0.145, 0.145, 0.145, 0.145, 0.145, 0.145, 0.145, 0.145, 0.145, 0.145, 0.145, 0.145, 0.145, 0.145, 0.145, 0.145, 0.145, 0.145]","{""0"": 0.0077, ""1"": 0.0193, ""2"": 0.212, ""3"": 0.037, ""4"": 0.0199, ""5"": 0.8388, ""6"": 0.0375, ""7"": 0.0119}","[0.2222, 0.0, 0.1111, 0.0, 0.0, 0.1111, 0.875, 0.2222, 0.0, 0.0, 0.0, 0.0, 0.2, 0.0, 0.6, 0.0, 0.0, 0.0667, 0.0, 0.0, 0.2222, 0.125, 0.875, 0.2, 0.0, 0.0, 0.0, 0.2, 0.0, 0.0, 0.8, 0.125, 0.0, 0.0, 0.0, 0.0, 0.1429, 0.0, 1.0, 0.125, 0.0, 0.0, 0.0, 0.1111, 0.0, 0.0, 1.0, 0.0, 0.0, 0.0, 0.0, 0.0, 0.0, 0.0, 1.0, 0.0, 0.0, 0.0, 0.0, 0.0, 0.0, 0.0, 0.75, 0.1, 0.0, 0.0, 0.0, 0.0, 0.0, 0.0, 0.8889, 0.0, 0.1667, 0.0, 0.0, 0.0, 0.0, 0.0, 0.9091, 0.0, 0.0, 0.0, 0.0, 0.0, 0.0, 0.0, 0.9091, 0.0, 0.0, 0.0, 0.0909, 0.0, 0.1, 0.0, 0.5556, 0.0, 0.0, 0.0, 0.0, 0.8571, 0.0, 0.0, 0.5714, 0.0, 0.0, 0.0, 0.1429, 1.0, 0.0, 0.25, 0.875, 0.0, 0.0, 0.0, 0.0, 0.6667, 0.0, 0.0, 0.7, 0.0, 0.125, 0.0, 0.0, 1.0, 0.0, 0.1667, 1.0, 0.0, 0.0, 0.0, 0.0, 0.8333, 0.0, 0.0, 0.7143, 0.0, 0.0, 0.0, 0.1111, 0.9167, 0.0909, 0.0, 0.9167, 0.0, 0.0, 0.0, 0.0, 0.7143, 0.0, 0.0, 0.5, 0.0, 0.0, 0.0, 0.0, 0.1111, 0.0, 0.0, 1.0, 0.0, 0.0, 0.0, 0.0, 0.0, 0.125, 0.0, 0.8, 0.0, 0.0, 0.0, 0.0, 0.0, 0.0, 0.0, 0.8889, 0.0, 0.0, 0.0, 0.0, 0.0, 0.0, 0.0, 0.6667, 0.0, 0.0, 0.0, 0.0, 0.1667, 0.0, 0.0, 1.0, 0.0, 0.0, 0.0, 0.0, 0.0, 0.0, 0.0, 1.0, 0.0, 0.0, 0.0, 0.0, 0.0, 0.0, 0.0, 0.8889, 0.0, 0.25, 0.1111, 0.0, 0.0, 0.0, 0.0, 1.0, 0.0, 0.0, 0.0, 0.1, 0.0, 0.0, 0.0, 0.8, 0.0909, 0.0, 0.0, 0.0, 0.0, 0.0, 0.0, 1.0, 0.0, 0.0, 0.0, 0.0, 0.0, 0.1, 0.0, 0.5, 0.125, 0.0, 0.0, 0.0, 0.1111, 0.0, 0.0, 0.875, 0.1429, 0.0, 0.0]"
5,0,broadcast,0.197,0.197,0.197,0.0,37,True,394,0,279,1327,0,"[0.0, 0.0275, 0.0365, 0.0445, 0.0555, 0.0655, 0.0715, 0.0765, 0.0845, 0.0975, 0.106, 0.116, 0.121, 0.1245, 0.128, 0.1305, 0.1345, 0.1375, 0.1405, 0.1465, 0.1505, 0.1535, 0.1575, 0.162, 0.166, 0.17, 0.175, 0.1815, 0.185, 0.1885, 0.191, 0.1915, 0.192, 0.1935, 0.1955, 0.1965, 0.197, 0.197, 0.197, 0.197, 0.197, 0.197, 0.197, 0.197, 0.197, 0.197, 0.197, 0.197, 0.197, 0.197, 0.197, 0.197, 0.197, 0.197, 0.197, 0.197, 0.197, 0.197, 0.197, 0.197, 0.197, 0.197, 0.197, 0.197, 0.197, 0.197, 0.197, 0.197, 0.197, 0.197, 0.197, 0.197, 0.197, 0.197, 0.197, 0.197, 0.197, 0.197, 0.197, 0.197, 0.197, 0.197, 0.197, 0.197, 0.197, 0.197, 0.197, 0.197, 0.197, 0.197, 0.197, 0.197, 0.197, 0.197, 0.197, 0.197, 0.197, 0.197, 0.197, 0.197, 0.197]","{""0"": 0.223, ""1"": 0.4549, ""2"": 0.1875, ""3"": 0.1516, ""4"": 0.0413, ""5"": 0.0321, ""6"": 0.0684, ""7"": 0.4487}","[0.0, 0.0, 0.0, 0.0, 0.0, 0.1, 0.0, 0.0, 0.0, 0.0, 0.0, 0.1667, 0.5714, 0.0, 0.4, 0.0, 0.0, 0.0, 0.8333, 0.0, 1.0, 0.1667, 0.0, 0.0, 0.1429, 0.125, 1.0, 0.125, 1.0, 0.1, 0.0, 0.0, 0.0, 0.6, 1.0, 0.0, 0.625, 0.0, 0.0, 0.1, 0.0, 0.9, 0.8889, 0.0, 1.0, 0.0, 0.1667, 0.0, 0.0, 1.0, 0.9, 0.0, 1.0, 0.0, 0.0, 0.0, 0.0, 1.0, 1.0, 0.1429, 0.0, 0.3333, 0.0, 0.0909, 0.0, 1.0, 0.8571, 1.0, 0.125, 0.2857, 0.0, 0.0, 0.0, 1.0, 1.0, 1.0, 0.0, 0.0714, 0.0, 0.0, 0.0, 1.0, 1.0, 0.75, 0.0, 0.0, 0.0, 0.0, 0.0, 1.0, 0.8462, 1.0, 0.0, 0.0, 0.1667, 0.0, 0.25, 0.1429, 0.625, 0.7, 0.0, 0.0, 0.0, 0.2, 1.0, 0.0, 0.9, 0.5, 0.0, 0.0, 0.0909, 0.0, 0.8889, 0.0, 0.875, 0.0, 0.0, 0.1429, 0.0, 0.7143, 1.0, 0.0, 0.8571, 0.0, 0.0, 0.0, 0.0, 0.8571, 0.8333, 0.0, 0.8333, 0.0, 0.1111, 0.0, 0.0, 0.1111, 0.8333, 0.0, 0.4286, 0.0, 0.0, 0.0, 0.0, 0.0, 1.0, 0.0, 0.0833, 0.0, 0.0, 0.0, 0.0, 0.0, 0.875, 0.0, 0.0, 0.0, 0.1111, 0.2, 0.0, 0.2, 0.875, 0.1429, 0.0, 0.0, 0.0, 0.0, 0.0, 0.0, 0.7143, 0.0, 0.0, 0.0, 0.0, 0.0, 0.0, 0.0, 0.8571, 0.0, 0.0, 1.0, 0.0, 0.0, 0.25, 0.0, 0.7143, 0.0, 0.0, 0.0, 0.0, 0.0, 0.0, 0.0, 0.7778, 0.1538, 0.0, 0.0, 0.0, 0.0, 0.1111, 0.0, 1.0, 0.0, 0.0, 0.0, 0.0, 0.0, 0.0, 0.0, 0.8571, 0.0, 0.0, 0.0, 0.0, 0.0, 0.0, 0.0, 0.875, 0.0, 0.0, 0.125, 0.0, 0.0, 0.0, 0.0, 0.0, 0.0, 0.0, 0.0, 0.25, 0.0, 0.0, 0.0909, 0.0, 0.0, 0.0, 0.0, 0.0, 0.0, 0.0, 0.0, 0.0, 0.0, 0.0, 0.0, 0.0, 0.0, 0.0, 0.0, 0.0, 0.1538]"
5,1,broadcast,0.102,0.102,0.102,-0.0,35,True,204,0,302,1494,0,"[0.0, 0.0195, 0.025, 0.0285, 0.0325, 0.039, 0.045, 0.0515, 0.0595, 0.066, 0.0715, 0.077, 0.0815, 0.0825, 0.0835, 0.084, 0.085, 0.0855, 0.086, 0.0865, 0.087, 0.088, 0.0885, 0.0895, 0.09, 0.0905, 0.091, 0.0915, 0.093, 0.094, 0.0955, 0.0975, 0.099, 0.101, 0.102, 0.102, 0.102, 0.102, 0.102, 0.102, 0.102, 0.102, 0.102, 0.102, 0.102, 0.102, 0.102, 0.102, 0.102, 0.102, 0.102, 0.102, 0.102, 0.102, 0.102, 0.102, 0.102, 0.102, 0.102, 0.102, 0.102, 0.102, 0.102, 0.102, 0.102, 0.102, 0.102, 0.102, 0.102, 0.102, 0.102, 0.102, 0.102, 0.102, 0.102, 0.102, 0.102, 0.102, 0.102, 0.102, 0.102, 0.102, 0.102, 0.102, 0.102, 0.102, 0.102, 0.102, 0.102, 0.102, 0.102, 0.102, 0.102, 0.102, 0.102, 0.102, 0.102, 0.102, 0.102, 0.102, 0.102]","{""0"": 0.034, ""1"": 0.0173, ""2"": 0.1445, ""3"": 0.0478, ""4"": 0.2957, ""5"": 0.2698, ""6"": 0.0075, ""7"": 0.0161}","[0.0, 0.8, 0.0, 0.0, 0.0, 0.0, 0.0, 0.0, 0.0, 0.2222, 0.0, 0.0, 0.0, 0.0, 0.0, 0.0, 0.0, 0.0, 0.0, 0.0, 0.1, 0.1111, 0.0, 0.0, 0.0, 0.0, 0.1, 0.0, 0.7778, 0.0, 0.0, 0.0, 0.0, 0.0909, 0.0, 0.0, 0.0, 0.2, 0.0, 0.0, 0.0, 0.0, 0.0, 0.0, 0.0, 0.6, 0.0, 0.0, 0.0, 0.0, 0.0, 0.4, 0.0, 1.0, 0.0, 0.0, 0.0, 0.0, 0.0, 1.0, 0.0, 1.0, 0.0, 0.0, 0.0, 0.0, 0.0, 1.0, 0.0, 0.625, 0.0, 0.0, 0.0, 0.0, 0.0, 0.7778, 0.0, 0.8333, 0.0, 0.0, 0.0, 0.0, 0.0, 0.625, 0.0, 0.8, 0.0, 0.0, 0.0, 0.0, 0.0, 0.0, 0.0, 1.0, 0.0, 0.0, 0.0, 0.0, 0.0, 0.0, 0.0, 0.75, 0.0, 0.0, 0.0, 0.0, 0.0, 0.0, 0.0, 1.0, 0.3333, 0.0, 0.0, 0.0, 0.0, 0.0, 0.0, 1.0, 0.7, 0.0, 0.0, 0.0, 0.1111, 0.0, 0.0833, 0.0909, 0.875, 0.0, 0.0, 0.0, 0.0, 0.0, 0.0, 0.0, 0.75, 0.0, 0.0, 0.0, 0.0, 0.0, 0.125, 0.0, 0.8, 0.125, 0.0, 0.0, 0.1, 0.125, 0.0, 0.0, 0.9167, 0.1111, 0.0, 0.0, 0.0, 0.0833, 0.0, 0.0, 1.0, 0.0, 0.0, 0.0, 0.0, 0.0, 0.0, 0.1, 1.0, 0.0, 0.0, 0.0, 0.0, 0.0, 0.0, 0.0, 0.8182, 0.0, 0.0, 0.0, 0.0, 0.1667, 0.125, 0.0, 1.0, 0.0, 0.2222, 0.0, 0.0, 0.2, 0.0, 0.0, 0.0, 0.0, 0.0, 0.1111, 0.0, 0.0, 0.0, 0.0, 0.0, 0.0, 0.0, 0.0, 0.0, 0.0, 0.0, 0.0, 0.0, 0.0, 0.0, 0.0, 0.125, 0.0, 0.0, 0.0, 0.0, 0.0, 0.0, 0.0, 0.0, 0.1667, 0.0, 0.1, 0.0, 0.0, 0.0, 0.0, 0.0, 0.0, 0.0, 0.0, 0.0, 0.0, 0.125, 0.0, 0.0, 0.0, 0.0, 0.0, 0.0, 0.0, 0.1667, 0.0, 0.0, 0.1429, 0.0833, 0.0, 0.0, 0.0, 0.0, 0.1429]"
5,2,broadcast,0.2035,0.2035,0.2035,0.0,39,True,407,0,301,1292,0,"[0.0, 0.0225, 0.0305, 0.039, 0.049, 0.0635, 0.072, 0.08, 0.0875, 0.094, 0.101, 0.108, 0.1125, 0.1195, 0.1245, 0.13, 0.1375, 0.144, 0.15, 0.153, 0.157, 0.1625, 0.1665, 0.171, 0.1745, 0.1765, 0.18, 0.1835, 0.1855, 0.1905, 0.1935, 0.195, 0.196, 0.197, 0.198, 0.1995, 0.2015, 0.2025, 0.2035, 0.2035, 0.2035, 0.2035, 0.2035, 0.2035, 0.2035, 0.2035, 0.2035, 0.2035, 0.2035, 0.2035, 0.2035, 0.2035, 0.2035, 0.2035, 0.2035, 0.2035, 0.2035, 0.2035, 0.2035, 0.2035, 0.2035, 0.2035, 0.2035, 0.2035, 0.2035, 0.2035, 0.2035, 0.2035, 0.2035, 0.2035, 0.2035, 0.2035, 0.2035, 0.2035, 0.2035, 0.2035, 0.2035, 0.2035, 0.2035, 0.2035, 0.2035, 0.2035, 0.2035, 0.2035, 0.2035, 0.2035, 0.2035, 0.2035, 0.2035, 0.2035, 0.2035, 0.2035, 0.2035, 0.2035, 0.2035, 0.2035, 0.2035, 0.2035, 0.2035, 0.2035, 0.2035]","{""0"": 0.0227, ""1"": 0.4402, ""2"": 0.0233, ""3"": 0.1115, ""4"": 0.211, ""5"": 0.1265, ""6"": 0.557, ""7"": 0.1625}","[0.2222, 0.0, 0.7143, 0.0, 0.0, 1.0, 0.125, 0.9, 0.0, 0.0, 0.7692, 0.0, 0.0, 0.0909, 0.0, 0.875, 0.0, 0.0, 0.8333, 0.0, 0.0, 0.0, 0.0, 1.0, 0.0, 0.0, 0.875, 0.0, 0.1429, 0.0, 0.0, 1.0, 0.0, 0.0, 0.75, 0.0, 0.0, 0.0, 0.0, 0.8571, 0.0, 0.0, 0.9, 0.0, 0.0, 0.0, 0.0, 1.0, 0.8182, 0.1429, 0.8182, 0.0, 0.0, 0.0, 0.0, 1.0, 1.0, 0.0, 1.0, 0.1429, 0.0, 0.0, 0.0, 1.0, 0.7778, 0.0, 0.7143, 0.0, 0.1429, 0.1111, 0.0, 0.75, 0.8571, 0.0833, 0.8571, 0.0, 0.0, 0.0, 0.0, 1.0, 0.9, 0.0, 0.7778, 0.0, 0.0, 0.0, 0.0, 1.0, 0.0, 0.2, 0.6667, 0.0, 0.0, 0.0, 0.1, 0.75, 0.0, 0.2, 0.7778, 0.0, 0.0, 0.0, 0.0, 0.8, 0.0, 0.0, 0.9091, 0.125, 0.0, 0.0, 0.0, 1.0, 0.0, 0.0, 1.0, 0.0, 0.0, 0.0, 0.0, 0.8571, 0.0, 0.0, 0.7, 0.0, 0.0, 0.1111, 0.0, 0.7778, 0.0, 0.0, 0.125, 0.0, 0.0, 0.0, 0.0, 0.6, 0.0, 0.0, 0.0, 0.0, 0.0714, 0.0, 0.1667, 0.0, 0.0, 0.0, 0.0, 0.0, 0.0, 0.0, 0.0, 0.0, 0.0, 0.0, 0.0, 0.0, 0.1111, 0.0, 0.0, 0.125, 0.0, 0.1111, 0.0, 0.0, 0.0, 0.0, 0.0, 0.0, 0.0833, 0.0, 0.0, 0.0, 0.0, 0.0, 0.6667, 0.0, 0.125, 0.0, 0.0, 0.0, 0.8571, 0.0, 0.875, 0.0, 0.0, 0.0, 0.0, 0.0, 1.0, 0.0, 1.0, 0.0, 0.0, 0.0, 0.0909, 0.0, 0.6, 0.25, 1.0, 0.0, 0.0, 0.0, 0.0, 0.2222, 0.0, 1.0, 0.6667, 0.0, 0.0, 0.0, 0.0, 0.125, 0.0, 0.8333, 0.0, 0.125, 0.1111, 0.0, 0.0, 0.0, 0.1111, 0.9231, 0.0, 0.0, 0.0, 0.0, 0.0, 0.0, 0.0, 0.7143, 0.0, 0.0, 0.0, 0.0, 0.0, 0.0, 0.2222, 0.8571, 0.0, 0.8, 0.0, 0.0, 0.0, 0.1111, 0.6, 1.0, 0.0, 1.0, 0.0, 0.0]"
5,3,broadcast,0.15,0.15,0.15,0.0,44,True,300,0,300,1400,0,"[0.0, 0.0205, 0.026, 0.0305, 0.0365, 0.045, 0.056, 0.0635, 0.0725, 0.081, 0.088, 0.097, 0.1035, 0.108, 0.111, 0.114, 0.115, 0.117, 0.1175, 0.1185, 0.1205, 0.122, 0.1235, 0.1245, 0.1255, 0.1265, 0.128, 0.129, 0.1305, 0.1325, 0.134, 0.1355, 0.1375, 0.139, 0.1395, 0.14, 0.1405, 0.141, 0.1415, 0.143, 0.145, 0.148, 0.149, 0.15, 0.15, 0.15, 0.15, 0.15, 0.15, 0.15, 0.15, 0.15, 0.15, 0.15, 0.15, 0.15, 0.15, 0.15, 0.15, 0.15, 0.15, 0.15, 0.15, 0.15, 0.15, 0.15, 0.15, 0.15, 0.15, 0.15, 0.15, 0.15, 0.15, 0.15, 0.15, 0.15, 0.15, 0.15, 0.15, 0.15, 0.15, 0.15, 0.15, 0.15, 0.15, 0.15, 0.15, 0.15, 0.15, 0.15, 0.15, 0.15, 0.15, 0.15, 0.15, 0.15, 0.15, 0.15, 0.15, 0.15, 0.15]","{""0"": 0.0272, ""1"": 0.1352, ""2"": 0.2209, ""3"": 0.4683, ""4"": 0.0165, ""5"": 0.0038, ""6"": 0.1004, ""7"": 0.2331}","[0.1111, 0.0, 0.0, 0.8571, 1.0, 0.0, 0.0, 0.0, 0.0, 0.0, 0.0, 0.6667, 1.0, 0.0833, 0.0, 0.0, 0.0, 0.0, 0.0, 0.875, 1.0, 0.0, 0.0, 0.0, 0.0, 0.0, 0.0, 0.0, 0.75, 0.0, 0.0, 0.0, 0.0, 0.0, 0.0, 0.0, 1.0, 0.0, 0.0, 0.0, 0.0, 0.1429, 0.0, 0.0, 0.8889, 0.0, 0.0, 0.0, 0.1667, 0.0, 0.0, 0.0, 1.0, 0.1429, 0.0, 0.0, 0.1429, 0.0, 0.0, 0.0, 0.7778, 0.0, 0.0769, 0.0, 0.0, 0.0, 0.1429, 0.0, 0.8125, 0.0, 0.0, 0.0, 0.0, 0.0, 0.125, 0.0, 0.3, 0.0, 0.0, 0.0, 0.0, 0.0, 0.0, 0.0, 0.0, 0.125, 0.0, 0.0, 0.0, 0.0, 0.0, 0.0, 0.0, 0.0, 0.0, 0.0, 0.0, 0.0, 0.0, 0.0, 0.1111, 0.1429, 0.0, 0.0, 0.0, 0.0, 0.0, 0.0833, 0.0, 0.0, 0.0, 0.0, 0.2, 0.0, 0.25, 0.0, 0.0, 0.0, 0.0, 0.2, 0.0833, 0.0, 0.0, 0.0, 0.0, 0.0, 0.0, 0.0, 0.75, 0.1667, 0.0, 0.0, 0.0, 0.0, 0.0, 0.0, 1.0, 0.0, 0.0, 0.0, 0.0, 0.0, 0.0, 0.0, 1.0, 0.0, 0.2222, 0.0, 0.1, 0.0, 0.0, 0.0, 0.7143, 0.0909, 0.8571, 0.0, 0.1, 0.0, 0.0, 0.0, 0.8, 0.0, 1.0, 0.0, 0.0, 0.0, 0.0, 0.0, 1.0, 0.0, 0.8333, 0.0, 0.1, 0.0, 0.0, 0.0, 0.8333, 0.1111, 0.1429, 0.125, 0.0, 0.0, 0.0, 0.0, 1.0, 0.0, 0.0, 0.0, 0.0, 0.0, 0.0, 0.0, 0.6667, 0.1111, 0.0, 0.1111, 0.0, 0.0, 0.0, 0.8571, 0.0, 0.0, 0.2, 0.0, 0.875, 0.0, 0.0, 0.8889, 0.0, 0.0, 0.2, 0.75, 1.0, 0.0, 0.0, 1.0, 0.0, 0.1, 0.0, 1.0, 1.0, 0.0, 0.0, 0.0769, 0.0, 0.0, 0.2857, 1.0, 0.8571, 0.0, 0.0, 0.1667, 0.1111, 0.0, 0.0, 0.8571, 1.0, 0.0, 0.0, 0.0, 0.0, 0.0, 0.0, 0.8182, 1.0, 0.0, 0.0, 0.1667, 0.0, 0.0]"
5,4,broadcast,0.086,0.086,0.086,0.0,20,True,172,0,273,1555,0,"[0.0, 0.016, 0.019, 0.024, 0.029, 0.0325, 0.037, 0.041, 0.0455, 0.053, 0.0585, 0.0665, 0.0715, 0.075, 0.076, 0.0775, 0.08, 0.0815, 0.0845, 0.086, 0.086, 0.086, 0.086, 0.086, 0.086, 0.086, 0.086, 0.086, 0.086, 0.086, 0.086, 0.086, 0.086, 0.086, 0.086, 0.086, 0.086, 0.086, 0.086, 0.086, 0.086, 0.086, 0.086, 0.086, 0.086, 0.086, 0.086, 0.086, 0.086, 0.086, 0.086, 0.086, 0.086, 0.086, 0.086, 0.086, 0.086, 0.086, 0.086, 0.086, 0.086, 0.086, 0.086, 0.086, 0.086, 0.086, 0.086, 0.086, 0.086, 0.086, 0.086, 0.086, 0.086, 0.086, 0.086, 0.086, 0.086, 0.086, 0.086, 0.086, 0.086, 0.086, 0.086, 0.086, 0.086, 0.086, 0.086, 0.086, 0.086, 0.086, 0.086, 0.086, 0.086, 0.086, 0.086, 0.086, 0.086, 0.086, 0.086, 0.086, 0.086]","{""0"": 0.0115, ""1"": 0.0112, ""2"": 0.3871, ""3"": 0.0, ""4"": 0.2193, ""5"": 0.0289, ""6"": 0.0456, ""7"": 0.008}","[0.2222, 0.0, 0.0, 0.25, 0.0, 1.0, 0.0, 0.0, 0.0, 0.0, 0.0, 0.8, 0.0, 0.8333, 0.0, 0.0, 0.0, 0.0, 0.0, 1.0, 0.0, 1.0, 0.0, 0.0, 0.0, 0.0, 0.0, 1.0, 0.0, 0.8182, 0.0, 0.1429, 0.0, 0.0, 0.0, 0.7143, 0.0, 0.8, 0.0, 0.0, 0.0, 0.0, 0.0, 0.8889, 0.0, 0.1, 0.0, 0.0, 0.0, 0.0, 0.1111, 1.0, 0.0, 0.0, 0.0833, 0.0, 0.0833, 0.0, 0.0, 1.0, 0.0, 0.0, 0.0, 0.0, 0.0, 0.0, 0.0, 1.0, 0.0, 0.0, 0.0, 0.0, 0.0, 0.0, 0.0, 0.9, 0.0, 0.1667, 0.0, 0.0, 0.0, 0.125, 0.0, 0.9091, 0.0, 0.0, 0.0, 0.0, 0.1, 0.0, 0.0, 0.6667, 0.0, 0.0, 0.0, 0.0, 0.0, 0.1, 0.0, 1.0, 0.0, 0.0, 0.0, 0.0, 0.0, 0.0, 0.0, 0.8571, 0.0, 0.0, 0.2857, 0.0, 0.0, 0.0, 0.1, 0.7143, 0.0, 0.0, 0.0, 0.875, 0.0, 0.0, 0.0, 0.0, 0.0, 0.0, 0.0, 0.1111, 0.0, 0.0, 0.0, 0.0909, 0.0, 0.0, 0.1, 0.0, 0.0, 0.0, 0.0, 0.0, 0.0, 0.0, 0.0, 0.0, 0.0, 0.0, 0.0, 0.0, 0.0, 0.0, 0.1429, 0.0, 0.0, 0.0, 0.0, 0.4286, 0.0, 0.0, 0.0, 0.0, 0.0, 0.0, 0.0, 0.0, 0.0, 0.0, 0.0, 0.0, 0.0, 0.0, 0.1429, 0.0714, 0.0, 0.0, 0.0, 0.0, 0.0, 0.0, 0.0, 0.0, 0.0, 0.0, 0.0, 0.0, 0.0, 0.0, 0.0, 0.0, 0.0, 0.0, 0.0, 0.0, 0.0, 0.0, 0.0, 0.0, 0.0, 0.0, 0.0, 0.0, 0.0, 0.0, 0.0, 0.0, 0.0, 0.0, 0.0, 0.125, 0.0, 0.0, 0.0, 0.0, 0.0, 0.0, 0.1111, 0.0, 0.0, 0.0, 0.0, 0.0, 0.0, 0.0, 0.125, 0.0, 0.0, 0.0, 0.0, 0.0, 0.0, 0.0, 0.0, 0.0, 0.0, 0.0, 0.0, 0.0, 0.0, 1.0, 0.0, 0.1429, 0.0, 0.0833, 0.0, 0.0, 0.0, 0.9, 0.0, 0.0, 0.0, 0.0]"
5,5,broadcast,0.1385,0.1385,0.1385,0.0,30,True,277,0,279,1444,0,"[0.0, 0.0195, 0.0245, 0.027, 0.033, 0.038, 0.0455, 0.055, 0.0635, 0.0705, 0.0755, 0.0775, 0.08, 0.084, 0.088, 0.0925, 0.096, 0.0985, 0.1015, 0.106, 0.1115, 0.1165, 0.1185, 0.1215, 0.1255, 0.131, 0.135, 0.137, 0.138, 0.1385, 0.1385, 0.1385, 0.1385, 0.1385, 0.1385, 0.1385, 0.1385, 0.1385, 0.1385, 0.1385, 0.1385, 0.1385, 0.1385, 0.1385, 0.1385, 0.1385, 0.1385, 0.1385, 0.1385, 0.1385, 0.1385, 0.1385, 0.1385, 0.1385, 0.1385, 0.1385, 0.1385, 0.1385, 0.1385, 0.1385, 0.1385, 0.1385, 0.1385, 0.1385, 0.1385, 0.1385, 0.1385, 0.1385, 0.1385, 0.1385, 0.1385, 0.1385, 0.1385, 0.1385, 0.1385, 0.1385, 0.1385, 0.1385, 0.1385, 0.1385, 0.1385, 0.1385, 0.1385, 0.1385, 0.1385, 0.1385, 0.1385, 0.1385, 0.1385, 0.1385, 0.1385, 0.1385, 0.1385, 0.1385, 0.1385, 0.1385, 0.1385, 0.1385, 0.1385, 0.1385, 0.1385]","{""0"": 0.3984, ""1"": 0.0084, ""2"": 0.0195, ""3"": 0.5064, ""4"": 0.0267, ""5"": 0.0395, ""6"": 0.1331, ""7"": 0.0152}","[0.2222, 0.0, 0.0, 0.0, 0.8889, 0.0, 0.0, 0.0, 0.0, 0.0, 0.0, 0.0, 0.75, 0.0, 0.0, 0.0, 0.0, 0.0, 0.0, 0.0, 0.9, 0.0, 0.0, 0.0, 0.0, 0.0, 0.0, 0.0, 0.9, 0.0, 0.0769, 0.0, 0.1667, 0.0, 0.0, 0.0, 0.8571, 0.3333, 0.0, 0.1667, 0.0, 0.0, 0.0, 0.0, 0.0, 0.0, 0.0, 0.0909, 0.0, 0.0, 0.1667, 0.0, 0.0, 0.0, 0.125, 0.0, 0.0, 0.0, 0.0, 0.0, 0.0, 0.0, 0.0, 0.0, 0.0, 0.0, 0.0, 0.0, 0.0, 0.1111, 0.0, 0.1667, 0.0, 0.25, 0.0, 0.0, 0.0, 0.125, 0.0, 0.0, 0.0, 0.8571, 0.1111, 0.0, 0.125, 0.0, 0.125, 0.0, 0.0, 0.8571, 0.0, 0.0, 0.0, 0.0, 0.1, 0.0, 0.0, 1.0, 0.0, 0.0, 0.0, 0.0, 0.0, 0.0, 0.1429, 0.6667, 0.0, 0.0, 0.0, 0.0, 0.0, 0.0, 0.0, 0.7, 0.0, 0.0, 0.0, 0.0, 0.125, 0.0, 0.0, 0.875, 0.0, 0.0, 0.0, 0.0, 0.0, 0.0, 0.125, 1.0, 0.0, 0.0, 0.0, 0.0, 0.1111, 0.1667, 0.0, 0.5714, 0.0, 0.0, 0.0, 0.0, 0.0, 0.0, 0.0, 1.0, 0.0, 0.3333, 0.1667, 0.0, 0.0, 0.0, 0.0, 0.9, 0.0, 0.1429, 0.6, 0.1, 0.0, 0.0, 0.0, 1.0, 0.0, 0.0, 0.9, 0.0, 0.2, 0.2, 0.0, 0.8571, 0.0, 0.0909, 0.8571, 0.0, 0.0, 0.0, 0.0, 1.0, 0.0, 0.0, 0.9091, 0.0, 0.1111, 0.0, 0.0, 0.625, 0.0, 0.1, 0.875, 0.1111, 0.0, 0.2, 0.0, 0.1, 0.0, 0.0, 1.0, 0.0, 0.0, 0.75, 0.0, 0.0, 0.0, 0.0, 0.6, 0.0, 0.0, 1.0, 0.0, 0.0, 0.0, 0.0, 1.0, 0.0, 0.0, 1.0, 0.0769, 0.0, 0.0, 0.0, 1.0, 0.0, 0.1, 1.0, 0.0, 0.0, 0.0, 0.0833, 1.0, 0.0, 0.0, 0.0, 0.0, 0.0, 0.0, 0.0, 1.0, 0.0, 0.0, 0.0, 0.0, 0.0, 0.0, 0.0, 1.0, 0.0, 0.1429, 0.0, 0.0, 0.0]"
5,6,broadcast,0.049,0.049,0.049,0.0,10,True,98,0,314,1588,0,"[0.0, 0.017, 0.021, 0.0255, 0.0315, 0.0385, 0.044, 0.0465, 0.048, 0.049, 0.049, 0.049, 0.049, 0.049, 0.049, 0.049, 0.049, 0.049, 0.049, 0.049, 0.049, 0.049, 0.049, 0.049, 0.049, 0.049, 0.049, 0.049, 0.049, 0.049, 0.049, 0.049, 0.049, 0.049, 0.049, 0.049, 0.049, 0.049, 0.049, 0.049, 0.049, 0.049, 0.049, 0.049, 0.049, 0.049, 0.049, 0.049, 0.049, 0.049, 0.049, 0.049, 0.049, 0.049, 0.049, 0.049, 0.049, 0.049, 0.049, 0.049, 0.049, 0.049, 0.049, 0.049, 0.049, 0.049, 0.049, 0.049, 0.049, 0.049, 0.049, 0.049, 0.049, 0.049, 0.049, 0.049, 0.049, 0.049, 0.049, 0.049, 0.049, 0.049, 0.049, 0.049, 0.049, 0.049, 0.049, 0.049, 0.049, 0.049, 0.049, 0.049, 0.049, 0.049, 0.049, 0.049, 0.049, 0.049, 0.049, 0.049, 0.049]","{""0"": 0.0145, ""1"": 0.0781, ""2"": 0.0244, ""3"": 0.0117, ""4"": 0.0124, ""5"": 0.0204, ""6"": 0.0164, ""7"": 0.2342}","[0.1111, 0.0, 0.0, 0.0, 0.0, 0.0, 0.2857, 0.0, 0.2, 0.0, 0.0, 0.0, 0.0, 0.0, 0.0833, 0.0, 0.0833, 0.0, 0.0, 0.4286, 0.0, 0.0, 0.0, 0.0, 0.1111, 0.0, 0.0, 0.0, 0.0, 0.0, 0.1111, 0.0, 1.0, 0.0, 0.5714, 0.0, 0.0, 0.0, 0.0, 0.0, 1.0, 0.1, 0.8333, 0.0, 0.1, 0.0, 0.0, 0.0, 0.875, 0.0, 0.3333, 0.0, 0.0, 0.0, 0.0, 0.0, 1.0, 0.0, 0.0, 0.0, 0.0, 0.0, 0.0, 0.125, 0.875, 0.0, 0.0, 0.0, 0.0, 0.0, 0.0, 0.0, 1.0, 0.0, 0.0909, 0.0, 0.0, 0.0, 0.0, 0.0, 0.6, 0.0, 0.0, 0.0, 0.0, 0.0, 0.0, 0.0, 1.0, 0.0, 0.125, 0.0, 0.2, 0.0, 0.0, 0.0, 0.0, 0.0, 0.0, 0.0, 0.1429, 0.0, 0.0, 0.0, 0.0, 0.0, 0.0, 0.5, 0.0, 0.0, 0.0, 0.1, 0.0, 0.0, 0.0, 0.0, 0.0, 0.0, 0.0, 0.0, 0.0, 0.125, 0.0, 0.0, 0.0, 0.0, 0.0, 0.0, 0.0, 0.0, 0.0, 0.0, 0.0, 0.1111, 0.0, 0.0, 0.0, 0.0, 0.0, 0.0, 0.0, 0.1111, 0.0, 0.0, 0.0909, 0.0, 0.0, 0.125, 0.0, 0.0, 0.0, 0.0, 0.0, 0.0, 0.1111, 0.0, 0.0, 0.0, 0.0, 0.1667, 0.0, 0.1429, 0.0833, 0.0, 0.0, 0.0, 0.0, 0.1429, 0.0, 0.0, 0.0, 0.0, 0.0, 0.0, 0.0, 0.0, 0.0, 0.0, 0.0, 0.0, 0.0, 0.1, 0.0, 0.0, 0.0, 0.0, 0.0, 0.0, 0.0, 0.0, 0.0, 0.0, 0.0, 0.0, 0.125, 0.0, 0.0, 0.0, 0.0, 0.0, 0.0, 0.1111, 0.4444, 0.0, 0.0, 0.0, 0.0, 0.0, 0.0, 0.0, 0.125, 0.0, 0.0, 0.0, 0.125, 0.0, 0.0, 0.0, 0.0, 0.0, 0.0, 0.0, 0.0, 0.0, 0.0, 0.0, 0.0, 0.0, 0.0, 0.0, 0.0, 0.0, 0.0, 0.0, 0.0, 0.0, 0.0, 0.0, 0.0, 0.0, 0.0, 0.0, 0.0, 0.0, 0.0, 0.0, 0.0, 0.0, 0.0, 0.0]"
5,7,broadcast,0.144,0.144,0.144,0.0,28,True,288,0,319,1393,0,"[0.0, 0.0215, 0.0285, 0.038, 0.0475, 0.06, 0.07, 0.0755, 0.082, 0.086, 0.09, 0.0945, 0.1, 0.1045, 0.1085, 0.1125, 0.117, 0.122, 0.13, 0.138, 0.1405, 0.141, 0.1415, 0.142, 0.1425, 0.143, 0.1435, 0.144, 0.144, 0.144, 0.144, 0.144, 0.144, 0.144, 0.144, 0.144, 0.144, 0.144, 0.144, 0.144, 0.144, 0.144, 0.144, 0.144, 0.144, 0.144, 0.144, 0.144, 0.144, 0.144, 0.144, 0.144, 0.144, 0.144, 0.144, 0.144, 0.144, 0.144, 0.144, 0.144, 0.144, 0.144, 0.144, 0.144, 0.144, 0.144, 0.144, 0.144, 0.144, 0.144, 0.144, 0.144, 0.144, 0.144, 0.144, 0.144, 0.144, 0.144, 0.144, 0.144, 0.144, 0.144, 0.144, 0.144, 0.144, 0.144, 0.144, 0.144, 0.144, 0.144, 0.144, 0.144, 0.144, 0.144, 0.144, 0.144, 0.144, 0.144, 0.144, 0.144, 0.144]","{""0"": 0.2148, ""1"": 0.3151, ""2"": 0.0237, ""3"": 0.016, ""4"": 0.0238, ""5"": 0.214, ""6"": 0.0516, ""7"": 0.302}","[0.2222, 0.375, 1.0, 0.0, 0.125, 0.0, 0.0, 0.0, 0.0, 0.0, 0.8889, 0.0, 0.0, 0.1, 0.0, 0.0, 0.0, 0.0, 0.6667, 0.0, 0.0, 0.0, 0.0, 0.0, 0.0, 0.0, 0.8571, 0.1111, 0.0, 0.0, 0.0, 0.0, 0.0, 0.125, 1.0, 0.0, 0.0, 0.0, 0.0, 0.0, 0.0, 0.0, 0.6, 0.0, 0.0, 0.1429, 0.0, 0.0, 0.0, 0.0, 0.75, 0.0, 0.0, 0.0, 0.0, 0.0, 0.1429, 0.0, 0.0, 0.0, 0.0, 0.0, 0.0, 0.1429, 0.75, 0.0, 0.0, 0.0, 0.0, 0.0, 0.1667, 0.0, 0.1111, 0.0, 0.0, 0.0, 0.0, 0.0, 0.0, 0.0, 0.0, 0.0, 0.0, 0.0, 0.0, 0.0, 0.0, 0.0, 0.0, 0.0, 0.0, 0.25, 0.0, 0.125, 0.125, 0.0, 0.0, 0.1429, 0.0, 0.0, 0.0, 0.0, 0.0, 0.0, 0.0, 0.0, 0.0, 0.0, 0.0, 0.0, 0.0, 0.0, 0.0, 0.0, 0.0, 0.0, 0.0, 0.0, 0.0, 0.1667, 0.0, 0.0, 0.0, 0.0, 0.1, 0.0, 0.0, 0.0, 0.0, 0.0, 0.0, 0.0, 0.0, 0.1111, 0.0, 0.0, 0.0, 0.0, 0.0, 0.0, 0.0, 0.0, 0.0, 0.1667, 0.0, 0.0, 0.0, 0.0, 0.125, 0.0, 0.0, 0.0, 0.0, 0.0, 0.0, 0.0, 0.0, 0.0, 0.1429, 0.0, 0.75, 0.0, 0.0, 0.0, 0.0, 0.125, 0.6667, 0.0, 0.6, 0.0, 0.0, 0.0909, 0.0, 0.0, 0.9, 0.0, 1.0, 0.0, 0.0, 0.0, 0.0, 0.0, 1.0, 0.0, 0.7273, 0.0, 0.0, 0.0, 0.0, 0.0, 0.6667, 0.75, 1.0, 1.0, 0.0, 0.0, 0.0, 0.0, 0.7778, 0.1, 1.0, 0.8889, 0.0, 0.0, 0.0, 0.0, 0.8333, 0.0, 0.875, 0.7778, 0.8333, 0.0909, 0.125, 0.0, 0.8333, 0.0, 1.0, 1.0, 0.6667, 0.0, 0.0, 0.0909, 0.125, 0.0, 0.7143, 1.0, 0.8889, 0.0, 0.0, 0.0, 0.0, 0.4, 0.5714, 0.9091, 0.8571, 0.2, 0.0, 0.0, 0.0, 0.0, 0.0909, 0.7143, 0.875, 0.1, 0.0, 0.0, 0.0, 0.0, 0.0, 0.7778]"
5,8,broadcast,0.053,0.053,0.053,-0.0,11,True,106,0,306,1588,0,"[0.0, 0.019, 0.0255, 0.03, 0.034, 0.0395, 0.0435, 0.046, 0.0485, 0.051, 0.053, 0.053, 0.053, 0.053, 0.053, 0.053, 0.053, 0.053, 0.053, 0.053, 0.053, 0.053, 0.053, 0.053, 0.053, 0.053, 0.053, 0.053, 0.053, 0.053, 0.053, 0.053, 0.053, 0.053, 0.053, 0.053, 0.053, 0.053, 0.053, 0.053, 0.053, 0.053, 0.053, 0.053, 0.053, 0.053, 0.053, 0.053, 0.053, 0.053, 0.053, 0.053, 0.053, 0.053, 0.053, 0.053, 0.053, 0.053, 0.053, 0.053, 0.053, 0.053, 0.053, 0.053, 0.053, 0.053, 0.053, 0.053, 0.053, 0.053, 0.053, 0.053, 0.053, 0.053, 0.053, 0.053, 0.053, 0.053, 0.053, 0.053, 0.053, 0.053, 0.053, 0.053, 0.053, 0.053, 0.053, 0.053, 0.053, 0.053, 0.053, 0.053, 0.053, 0.053, 0.053, 0.053, 0.053, 0.053, 0.053, 0.053, 0.053]","{""0"": 0.0249, ""1"": 0.0656, ""2"": 0.1174, ""3"": 0.0079, ""4"": 0.0277, ""5"": 0.0381, ""6"": 0.0202, ""7"": 0.1333}","[0.0, 0.0, 0.0, 0.0, 0.0, 0.0, 0.0, 0.0, 0.0, 0.0, 0.1111, 0.8, 0.0, 0.0, 0.0, 0.0, 0.0, 0.0, 0.0, 0.8571, 0.0, 0.0, 0.0, 0.0, 0.0, 0.0, 0.0, 1.0, 0.0, 0.1818, 0.5556, 0.0, 0.0, 0.0, 0.0, 0.0, 0.0, 0.125, 0.0, 0.0, 0.0, 0.0, 0.125, 0.0, 0.0, 0.0, 0.0, 0.0, 0.0, 0.0, 0.0, 0.0, 0.0, 0.0, 0.0, 0.0, 0.0, 0.1111, 0.0, 0.0, 0.0, 0.0, 0.0909, 0.0, 0.0, 0.0, 0.0, 0.0, 0.0, 0.0, 0.0, 0.0, 0.0, 0.0, 0.0, 0.0, 0.0, 0.2857, 0.0, 0.125, 0.0, 0.0, 0.0, 0.0, 0.0, 0.0, 0.0, 0.0, 0.0, 0.0, 0.0, 0.0, 0.0, 0.0, 0.0, 0.1111, 0.0, 0.0, 0.1, 0.0, 0.0, 0.0, 0.0, 0.0, 0.0, 0.0, 0.0, 0.0, 0.125, 0.0, 0.0, 0.0714, 0.0, 0.0, 0.0, 0.1667, 0.0, 0.0, 0.0, 0.0, 0.0, 0.0, 0.0, 0.0, 0.0, 0.0, 0.0, 0.0, 0.875, 0.2857, 0.0, 0.0, 0.0, 0.0, 0.0, 0.0, 1.0, 0.125, 0.1667, 0.0, 0.0, 0.0, 0.0, 0.0, 1.0, 0.0, 0.0, 0.1, 0.0, 0.1, 0.0, 0.0, 1.0, 0.0, 1.0, 0.0, 0.0, 0.0, 0.0, 0.0, 0.6667, 0.0, 0.1429, 0.25, 0.0, 0.0, 0.0, 0.0, 0.125, 0.0, 0.0, 0.5, 0.0, 0.0, 0.125, 0.0, 0.0, 0.0, 0.0, 0.0, 0.1111, 0.0, 0.0, 0.0, 0.0, 0.0, 0.0, 0.0, 0.0, 0.0, 0.0, 0.0, 0.0, 0.0, 0.0, 0.0, 0.0, 0.0, 0.0, 0.0, 0.0, 0.0, 0.0, 0.0, 0.0, 0.1111, 0.0, 0.0, 0.0, 0.0833, 0.2, 0.125, 0.0, 0.0, 0.0, 0.0, 0.0, 0.0, 0.0, 0.0, 0.0, 0.0, 0.1667, 0.1667, 0.0, 0.0, 0.1, 0.0, 0.0, 0.0, 0.1667, 0.25, 0.0, 0.2222, 0.0, 0.0, 0.0, 0.0, 0.0, 0.0, 0.0, 0.0, 0.1111, 0.0, 0.0, 0.0, 0.0, 0.0, 0.0, 0.0]"
5,9,broadcast,0.028,0.028,0.028,-0.0,6,True,56,0,290,1654,0,"[0.0, 0.0185, 0.021, 0.0235, 0.0265, 0.028, 0.028, 0.028, 0.028, 0.028, 0.028, 0.028, 0.028, 0.028, 0.028, 0.028, 0.028, 0.028, 0.028, 0.028, 0.028, 0.028, 0.028, 0.028, 0.028, 0.028, 0.028, 0.028, 0.028, 0.028, 0.028, 0.028, 0.028, 0.028, 0.028, 0.028, 0.028, 0.028, 0.028, 0.028, 0.028, 0.028, 0.028, 0.028, 0.028, 0.028, 0.028, 0.028, 0.028, 0.028, 0.028, 0.028, 0.028, 0.028, 0.028, 0.028, 0.028, 0.028, 0.028, 0.028, 0.028, 0.028, 0.028, 0.028, 0.028, 0.028, 0.028, 0.028, 0.028, 0.028, 0.028, 0.028, 0.028, 0.028, 0.028, 0.028, 0.028, 0.028, 0.028, 0.028, 0.028, 0.028, 0.028, 0.028, 0.028, 0.028, 0.028, 0.028, 0.028, 0.028, 0.028, 0.028, 0.028, 0.028, 0.028, 0.028, 0.028, 0.028, 0.028, 0.028, 0.028]","{""0"": 0.0285, ""1"": 0.0205, ""2"": 0.0233, ""3"": 0.008, ""4"": 0.063, ""5"": 0.021, ""6"": 0.0264, ""7"": 0.0323}","[0.1111, 0.1111, 0.2, 0.0, 0.0, 0.0, 0.0, 0.0, 0.2, 0.0, 0.0, 0.0, 0.0, 0.0833, 0.0, 0.0, 0.4444, 0.0, 0.0, 0.1429, 0.0, 0.0, 0.0, 0.0, 0.1667, 0.0, 0.1111, 0.0, 0.0, 0.0, 0.0, 0.0, 0.0, 0.0909, 0.0, 0.125, 0.0, 0.0, 0.0, 0.0, 0.0, 0.0, 0.0, 0.0, 0.0, 0.0, 0.0, 0.0, 0.0, 0.0, 0.0, 0.1667, 0.0, 0.0, 0.0, 0.0, 0.0, 0.0, 0.0, 0.0, 0.0, 0.0833, 0.0, 0.0, 0.0, 0.2857, 0.0, 0.0, 0.0, 0.0, 0.0, 0.0, 0.0, 0.0, 0.0, 0.0, 0.0, 0.0833, 0.0, 0.0, 0.0, 0.0, 0.0, 0.0, 0.0, 1.0, 0.0, 0.0, 0.0, 0.0, 0.0, 0.0, 0.0, 0.4286, 0.1111, 0.0, 0.0, 0.0, 0.1, 0.0, 0.0, 0.0, 0.0, 0.0, 0.0, 0.0, 0.0, 0.0, 0.0, 0.0, 0.0, 0.0, 0.0, 0.0, 0.0, 0.0, 0.0, 0.0, 0.0, 0.3333, 0.0, 0.0, 0.0, 0.0, 0.0, 0.0, 0.0, 0.0, 0.0, 0.0, 0.0, 0.0, 0.0, 0.0, 0.0, 0.0, 0.0, 0.0667, 0.0, 0.0, 0.125, 0.0, 0.0, 0.0, 0.0, 0.2, 0.0, 0.0, 0.0, 0.0, 0.0, 0.1111, 0.0, 0.0, 0.1111, 0.0, 0.0, 0.0, 0.0, 0.0, 0.0, 0.0, 0.0, 0.0, 0.0, 0.0, 0.0, 0.0, 0.1, 0.0, 0.1429, 0.0, 0.0, 0.0, 0.0, 0.0, 0.0, 0.0, 0.0, 0.2222, 0.0, 0.0, 0.0, 0.1, 0.0, 0.0, 0.0, 0.0, 0.1429, 0.0, 0.0, 0.0, 0.0, 0.0833, 0.0, 0.0, 0.0, 0.0, 0.0, 0.0, 0.0, 0.0, 0.0, 0.0, 0.0, 0.0, 0.0, 0.0, 0.0, 0.0, 0.0, 0.0, 0.0, 0.0, 0.0, 0.0, 0.0, 0.0, 0.0, 0.0, 0.0, 0.0, 0.1429, 0.0, 0.0, 0.0, 0.0, 0.0, 0.0, 0.0, 0.1429, 0.0, 0.0, 0.1667, 0.0, 0.0, 0.0, 0.0, 0.1429, 0.1667, 0.0, 0.0, 0.0, 0.0, 0.0, 0.0, 0.0, 0.1429, 0.0, 0.0]"
5,10,broadcast,0.0775,0.0775,0.0775,0.0,15,True,155,0,300,1545,0,"[0.0, 0.0225, 0.0275, 0.0315, 0.0385, 0.046, 0.0495, 0.0555, 0.0605, 0.065, 0.0675, 0.0705, 0.074, 0.076, 0.0775, 0.0775, 0.0775, 0.0775, 0.0775, 0.0775, 0.0775, 0.0775, 0.0775, 0.0775, 0.0775, 0.0775, 0.0775, 0.0775, 0.0775, 0.0775, 0.0775, 0.0775, 0.0775, 0.0775, 0.0775, 0.0775, 0.0775, 0.0775, 0.0775, 0.0775, 0.0775, 0.0775, 0.0775, 0.0775, 0.0775, 0.0775, 0.0775, 0.0775, 0.0775, 0.0775, 0.0775, 0.0775, 0.0775, 0.0775, 0.0775, 0.0775, 0.0775, 0.0775, 0.0775, 0.0775, 0.0775, 0.0775, 0.0775, 0.0775, 0.0775, 0.0775, 0.0775, 0.0775, 0.0775, 0.0775, 0.0775, 0.0775, 0.0775, 0.0775, 0.0775, 0.0775, 0.0775, 0.0775, 0.0775, 0.0775, 0.0775, 0.0775, 0.0775, 0.0775, 0.0775, 0.0775, 0.0775, 0.0775, 0.0775, 0.0775, 0.0775, 0.0775, 0.0775, 0.0775, 0.0775, 0.0775, 0.0775, 0.0775, 0.0775, 0.0775, 0.0775]","{""0"": 0.0122, ""1"": 0.2308, ""2"": 0.0171, ""3"": 0.0283, ""4"": 0.0154, ""5"": 0.2903, ""6"": 0.0247, ""7"": 0.0247}","[0.3333, 0.0909, 0.8571, 0.0, 0.0, 0.0, 0.0, 0.0, 0.0, 0.0, 0.8462, 0.0, 0.0, 0.0, 0.8333, 0.0769, 0.0, 0.0, 0.8889, 0.0, 0.0, 0.0, 0.2857, 0.0, 0.0, 0.0, 0.875, 0.1667, 0.0, 0.0, 0.0667, 0.0, 0.0, 0.0, 1.0, 0.0, 0.0, 0.0, 0.1429, 0.0, 0.0, 0.0, 0.8, 0.0, 0.25, 0.1111, 0.0, 0.0, 0.0, 0.0, 0.0, 0.0, 0.0, 0.0, 0.1, 0.0, 0.0, 0.0, 0.0, 0.0, 0.0, 0.0, 0.0, 0.0, 0.0, 0.1, 0.0, 0.0, 0.0, 0.0, 0.0, 0.0, 0.0, 0.0, 0.2, 0.0, 0.0, 0.0, 0.0, 0.0, 0.0, 0.0909, 0.0, 0.0, 0.1111, 0.0, 0.0, 0.0, 0.0, 0.0, 0.0, 0.0, 0.0, 0.0, 0.0, 0.0, 0.0, 0.0, 0.0, 0.0, 0.0, 0.0, 0.0, 0.0, 0.0, 0.0, 0.0, 0.0, 0.0, 0.0, 0.0, 0.0, 0.0, 0.0, 0.125, 0.0, 0.0, 0.1667, 0.0, 0.0, 0.1111, 0.0, 0.0, 0.0, 0.0, 0.0, 0.0588, 0.0, 0.0, 0.0, 0.0, 0.0, 0.0, 0.1, 0.6667, 0.0, 0.0, 0.0, 0.0, 0.0, 0.0, 0.0, 1.0, 0.0, 0.0, 0.0, 0.0, 0.0, 0.0, 0.0, 1.0, 0.0, 0.25, 0.0, 0.0, 0.1111, 0.0, 0.0, 0.875, 0.0, 0.1, 0.0, 0.0, 0.0, 0.1667, 0.0, 0.5714, 0.1429, 0.0, 0.0, 0.0, 0.0, 0.0, 0.0, 0.8, 0.0, 0.0, 0.0, 0.0, 0.0, 0.0, 0.0, 1.0, 0.1, 0.0, 0.0, 0.0, 0.3333, 0.0, 0.0, 0.7, 0.0, 0.0, 0.0, 0.0, 0.0, 0.0, 0.1111, 1.0, 0.0, 0.0, 0.0, 0.0, 0.0, 0.2222, 0.0, 0.4, 0.0833, 0.0, 0.0, 0.0, 0.0, 0.1111, 0.0, 0.0, 0.0, 0.2, 0.0, 0.125, 0.0, 0.0, 0.0, 0.0, 0.1, 0.0, 0.0, 0.1429, 0.0, 0.0, 0.0, 0.0, 0.1667, 0.0, 0.0, 0.0, 0.1667, 0.0, 0.0, 0.0, 0.0, 0.1, 0.0, 0.7143, 0.0, 0.0, 0.0, 0.2, 0.0, 0.0, 0.0]"
5,11,broadcast,0.1,0.1,0.1,0.0,20,True,200,0,303,1497,0,"[0.0, 0.0215, 0.029, 0.0325, 0.041, 0.0485, 0.0545, 0.059, 0.0645, 0.0705, 0.0735, 0.0795, 0.0845, 0.088, 0.091, 0.0945, 0.097, 0.098, 0.099, 0.1, 0.1, 0.1, 0.1, 0.1, 0.1, 0.1, 0.1, 0.1, 0.1, 0.1, 0.1, 0.1, 0.1, 0.1, 0.1, 0.1, 0.1, 0.1, 0.1, 0.1, 0.1, 0.1, 0.1, 0.1, 0.1, 0.1, 0.1, 0.1, 0.1, 0.1, 0.1, 0.1, 0.1, 0.1, 0.1, 0.1, 0.1, 0.1, 0.1, 0.1, 0.1, 0.1, 0.1, 0.1, 0.1, 0.1, 0.1, 0.1, 0.1, 0.1, 0.1, 0.1, 0.1, 0.1, 0.1, 0.1, 0.1, 0.1, 0.1, 0.1, 0.1, 0.1, 0.1, 0.1, 0.1, 0.1, 0.1, 0.1, 0.1, 0.1, 0.1, 0.1, 0.1, 0.1, 0.1, 0.1, 0.1, 0.1, 0.1, 0.1, 0.1]","{""0"": 0.0273, ""1"": 0.0781, ""2"": 0.0395, ""3"": 0.3198, ""4"": 0.0081, ""5"": 0.0281, ""6"": 0.008, ""7"": 0.3004}","[0.0, 0.0, 0.0, 0.0, 0.7778, 0.0, 0.0, 0.0, 0.0, 0.0, 0.0769, 0.0, 0.0, 0.0, 0.0, 0.0, 0.0, 0.0, 0.0, 0.0, 0.0, 0.0, 0.0, 0.0, 0.0, 0.0, 0.0, 0.0, 0.0, 0.0, 0.0, 0.0, 0.0, 0.0, 0.0, 0.0, 0.0, 0.0, 0.0, 0.0, 0.0, 0.2222, 0.1429, 0.0, 0.0, 0.0, 0.0, 0.0, 0.2, 0.0, 0.7, 0.0, 0.0, 0.0, 0.0909, 0.0, 0.0, 0.125, 0.8889, 0.0, 0.0, 0.0, 0.0, 0.0, 0.0, 0.0, 0.0, 0.2857, 0.0, 0.0, 0.0769, 0.1111, 0.0, 0.0, 0.0, 0.125, 0.7778, 0.0, 0.0, 0.0833, 0.0, 0.0, 0.0, 0.0, 1.0, 0.0, 0.0, 0.0, 0.125, 0.0, 0.0, 0.1667, 0.7273, 0.0, 0.0, 0.0, 0.0, 0.0, 0.0, 0.1111, 0.8182, 0.0, 0.0, 0.0, 0.0, 0.0, 0.0, 0.0, 1.0, 0.0, 0.0, 0.0, 0.0, 0.0, 0.0, 0.0, 0.875, 0.0, 0.0, 0.0, 0.1429, 0.0, 0.0, 0.2222, 0.75, 0.0, 0.0, 0.0, 0.75, 0.0, 0.0909, 0.0, 0.3333, 0.0, 0.0, 0.0, 0.8571, 0.0, 0.0667, 0.0, 0.0, 0.0, 0.0, 0.0, 0.8333, 0.0, 0.0, 0.0, 0.0, 0.0, 0.0, 0.0, 0.7273, 0.0, 0.0, 0.0, 0.0, 0.0, 0.1111, 0.0, 0.7, 0.1429, 0.0, 0.0714, 0.1667, 0.0, 0.0, 0.0, 0.8333, 0.1667, 0.0, 0.0, 0.1818, 0.0, 0.0, 0.0, 1.0, 0.0, 0.0, 0.0, 0.1667, 0.0, 0.0, 0.0, 0.875, 0.0, 0.0, 0.0, 0.0, 0.0, 0.0, 0.0, 1.0, 0.0, 0.0, 0.0, 0.0, 0.0, 0.125, 0.0, 0.8571, 0.0, 0.0, 0.0, 0.0, 0.0, 0.2857, 0.0, 0.8, 0.0, 0.0, 0.0833, 0.0, 0.0, 0.0, 0.0, 0.1667, 0.0909, 0.0, 0.0, 0.0, 0.0, 0.0, 0.0, 0.0, 0.0, 0.0, 0.0, 0.0, 0.0, 0.0, 0.0, 0.0, 0.0, 0.1429, 0.0, 1.0, 0.0, 0.0, 0.0, 0.0, 0.0, 0.0, 0.0, 1.0, 0.1818, 0.1111, 0.0, 0.0, 0.125]"
5,12,broadcast,0.093,0.093,0.093,0.0,22,True,186,0,302,1512,0,"[0.0, 0.023, 0.028, 0.033, 0.039, 0.046, 0.053, 0.059, 0.062, 0.064, 0.0685, 0.072, 0.0745, 0.08, 0.084, 0.086, 0.0885, 0.09, 0.0915, 0.092, 0.0925, 0.093, 0.093, 0.093, 0.093, 0.093, 0.093, 0.093, 0.093, 0.093, 0.093, 0.093, 0.093, 0.093, 0.093, 0.093, 0.093, 0.093, 0.093, 0.093, 0.093, 0.093, 0.093, 0.093, 0.093, 0.093, 0.093, 0.093, 0.093, 0.093, 0.093, 0.093, 0.093, 0.093, 0.093, 0.093, 0.093, 0.093, 0.093, 0.093, 0.093, 0.093, 0.093, 0.093, 0.093, 0.093, 0.093, 0.093, 0.093, 0.093, 0.093, 0.093, 0.093, 0.093, 0.093, 0.093, 0.093, 0.093, 0.093, 0.093, 0.093, 0.093, 0.093, 0.093, 0.093, 0.093, 0.093, 0.093, 0.093, 0.093, 0.093, 0.093, 0.093, 0.093, 0.093, 0.093, 0.093, 0.093, 0.093, 0.093, 0.093]","{""0"": 0.0152, ""1"": 0.0363, ""2"": 0.0135, ""3"": 0.2892, ""4"": 0.0382, ""5"": 0.276, ""6"": 0.0684, ""7"": 0.0111}","[0.1111, 0.0, 0.0, 0.0, 0.4286, 0.3333, 0.1111, 0.0, 0.0, 0.0, 0.1429, 0.0, 1.0, 0.1111, 0.0, 0.0, 0.0, 0.0, 0.0, 0.0, 0.8571, 0.1667, 0.0, 0.1111, 0.0, 0.0, 0.0, 0.0, 0.8182, 0.1, 0.0, 0.0, 0.0, 0.0, 0.25, 0.0, 1.0, 0.0, 0.0, 0.0, 0.0909, 0.0, 0.0, 0.0, 0.75, 0.0, 0.0, 0.0, 0.0, 0.2, 0.0, 0.0, 0.6667, 0.0, 0.0, 0.0, 0.0, 0.0, 0.0, 0.0, 1.0, 0.0, 0.125, 0.0, 0.0, 0.0, 0.0, 0.0, 0.0, 0.1, 0.0, 0.0, 0.0, 0.0, 0.0, 0.0, 0.0, 0.0, 0.1111, 0.2, 0.0, 0.0, 0.0, 0.0, 0.0, 0.0, 0.0, 1.0, 0.0, 0.0, 0.0, 0.0, 0.0, 0.0, 0.0, 0.875, 0.0, 0.1667, 0.0, 0.0, 0.0, 0.0, 0.1429, 0.0, 0.0, 0.0833, 0.0, 0.0, 0.0, 0.0, 0.0, 0.0, 0.0, 0.0, 0.0833, 0.0, 0.0, 0.0, 0.0769, 0.0, 0.0, 0.0, 0.0, 0.0, 0.0, 0.0, 0.1, 0.0, 0.0, 0.0, 0.0909, 0.0, 0.0, 0.1429, 0.0, 0.0, 0.0, 0.0, 0.0, 0.0, 0.0, 0.0, 0.0, 0.0, 0.0, 0.0, 0.1429, 0.125, 1.0, 0.0, 1.0, 0.0, 0.0, 0.0, 0.0, 0.0, 0.4444, 0.1, 0.8333, 0.0, 0.0, 0.0, 0.1, 0.0, 0.0, 0.0, 1.0, 0.0, 0.0, 0.0, 0.0, 0.0, 0.0, 0.0, 0.8571, 0.0, 0.1667, 0.0, 0.0, 0.0, 0.0, 0.0833, 0.8333, 0.0, 0.0769, 0.0, 0.0, 0.1429, 0.0, 0.0, 0.75, 0.0, 0.0, 0.0, 0.0833, 0.0, 0.0, 0.0833, 1.0, 0.0, 0.0, 0.0, 0.0, 0.0, 0.0, 0.0, 1.0, 0.0, 0.0, 0.0, 0.0, 0.0, 0.0, 0.0, 0.7143, 0.0, 0.0, 0.0, 0.0, 0.1429, 0.0, 0.0, 0.0, 0.0, 0.0, 0.0, 0.0, 0.0, 0.0, 0.0, 0.3333, 0.0, 0.0, 0.0, 0.0, 0.0, 0.0, 0.0, 0.3333, 0.0, 0.0, 0.0, 0.0769, 0.0, 0.8889, 0.0, 0.1667, 0.0, 0.0, 0.0]"
5,13,broadcast,0.0365,0.0365,0.0365,0.0,9,True,73,0,319,1608,0,"[0.0, 0.0185, 0.023, 0.0255, 0.029, 0.033, 0.035, 0.0355, 0.0365, 0.0365, 0.0365, 0.0365, 0.0365, 0.0365, 0.0365, 0.0365, 0.0365, 0.0365, 0.0365, 0.0365, 0.0365, 0.0365, 0.0365, 0.0365, 0.0365, 0.0365, 0.0365, 0.0365, 0.0365, 0.0365, 0.0365, 0.0365, 0.0365, 0.0365, 0.0365, 0.0365, 0.0365, 0.0365, 0.0365, 0.0365, 0.0365, 0.0365, 0.0365, 0.0365, 0.0365, 0.0365, 0.0365, 0.0365, 0.0365, 0.0365, 0.0365, 0.0365, 0.0365, 0.0365, 0.0365, 0.0365, 0.0365, 0.0365, 0.0365, 0.0365, 0.0365, 0.0365, 0.0365, 0.0365, 0.0365, 0.0365, 0.0365, 0.0365, 0.0365, 0.0365, 0.0365, 0.0365, 0.0365, 0.0365, 0.0365, 0.0365, 0.0365, 0.0365, 0.0365, 0.0365, 0.0365, 0.0365, 0.0365, 0.0365, 0.0365, 0.0365, 0.0365, 0.0365, 0.0365, 0.0365, 0.0365, 0.0365, 0.0365, 0.0365, 0.0365, 0.0365, 0.0365, 0.0365, 0.0365, 0.0365, 0.0365]","{""0"": 0.0155, ""1"": 0.0154, ""2"": 0.0269, ""3"": 0.0231, ""4"": 0.016, ""5"": 0.0894, ""6"": 0.0402, ""7"": 0.0749}","[0.0, 0.0, 0.0, 0.0833, 0.0, 0.0, 0.0, 0.0, 0.0, 0.0, 0.0, 0.1429, 0.0, 0.0, 0.0, 0.0, 0.0, 0.0, 0.1, 0.0, 0.0, 0.0, 0.2, 0.0, 0.0, 0.0, 0.0, 0.0, 0.1, 0.0, 0.0, 0.0, 0.0, 0.0, 0.0, 0.1111, 0.0, 0.0, 0.0, 0.0, 0.125, 0.0, 0.0, 0.0, 0.2, 0.0, 0.3333, 0.0, 0.0, 0.0, 0.0, 0.0, 0.0, 0.0, 0.0, 0.0, 0.0, 0.25, 0.0, 0.1, 0.0, 0.1, 0.0, 0.0, 0.0, 0.0, 0.1111, 0.0, 0.0, 0.0, 0.0, 0.0, 0.0, 0.0, 0.0, 0.0, 0.0, 0.1429, 0.0, 0.0, 0.0, 0.0, 0.0, 0.0, 0.1667, 0.0, 0.0, 0.0, 0.0, 0.0, 0.0, 0.0, 0.125, 0.0, 0.1111, 0.0, 0.0, 0.0, 0.0, 0.0, 0.0, 0.0, 0.25, 0.0, 0.0, 0.0, 0.0, 0.0, 0.0, 0.0, 0.0, 0.0, 0.0, 0.0, 0.0, 0.0, 0.0, 0.0, 0.0, 0.0, 0.2, 0.0, 0.1, 0.0769, 0.125, 0.0, 0.0, 0.1429, 0.9091, 0.0, 0.0, 0.3333, 0.0, 0.0, 0.0, 0.0, 0.6, 0.2, 0.0, 0.125, 0.0, 0.1429, 0.0, 0.0, 0.25, 0.0, 0.0, 0.0, 0.125, 0.0, 0.0, 0.0, 0.0, 0.0, 0.0, 0.0, 0.0, 0.0, 0.0, 0.125, 0.0, 0.0, 0.0, 0.0, 0.0, 0.0, 0.0, 0.0, 0.0, 0.0, 0.0, 0.0, 0.0, 0.1, 0.0, 0.0, 0.0, 0.0, 0.0, 0.0, 0.0, 0.0, 0.0, 0.1111, 0.0, 0.0, 0.0, 0.0, 0.0, 0.0, 0.0, 0.2222, 0.0, 0.0, 0.0667, 0.0, 0.0, 0.0, 0.1, 0.375, 0.0, 0.0, 0.0, 0.0, 0.0, 0.0, 0.1111, 0.0, 0.0, 0.0, 0.0, 0.0, 0.0, 0.0, 0.1111, 0.0, 0.0, 0.0, 0.0, 0.0, 0.0, 0.0, 1.0, 0.1111, 0.0, 0.0909, 0.0, 0.0, 0.0, 0.0, 0.5714, 0.125, 0.0, 0.0, 0.0, 0.0, 0.0, 0.0, 0.1429, 0.0, 0.0, 0.125, 0.0, 0.0, 0.0, 0.0, 0.25, 0.0, 0.0, 0.0]"
5,14,broadcast,0.0625,0.0625,0.0625,0.0,17,True,125,0,305,1570,0,"[0.0, 0.0245, 0.0315, 0.037, 0.0425, 0.0485, 0.052, 0.0535, 0.055, 0.0555, 0.056, 0.0565, 0.0575, 0.059, 0.061, 0.062, 0.0625, 0.0625, 0.0625, 0.0625, 0.0625, 0.0625, 0.0625, 0.0625, 0.0625, 0.0625, 0.0625, 0.0625, 0.0625, 0.0625, 0.0625, 0.0625, 0.0625, 0.0625, 0.0625, 0.0625, 0.0625, 0.0625, 0.0625, 0.0625, 0.0625, 0.0625, 0.0625, 0.0625, 0.0625, 0.0625, 0.0625, 0.0625, 0.0625, 0.0625, 0.0625, 0.0625, 0.0625, 0.0625, 0.0625, 0.0625, 0.0625, 0.0625, 0.0625, 0.0625, 0.0625, 0.0625, 0.0625, 0.0625, 0.0625, 0.0625, 0.0625, 0.0625, 0.0625, 0.0625, 0.0625, 0.0625, 0.0625, 0.0625, 0.0625, 0.0625, 0.0625, 0.0625, 0.0625, 0.0625, 0.0625, 0.0625, 0.0625, 0.0625, 0.0625, 0.0625, 0.0625, 0.0625, 0.0625, 0.0625, 0.0625, 0.0625, 0.0625, 0.0625, 0.0625, 0.0625, 0.0625, 0.0625, 0.0625, 0.0625, 0.0625]","{""0"": 0.0187, ""1"": 0.0156, ""2"": 0.0126, ""3"": 0.189, ""4"": 0.1516, ""5"": 0.041, ""6"": 0.0287, ""7"": 0.0438}","[0.1111, 0.125, 0.0833, 0.0, 0.0909, 0.0, 0.0, 0.0, 0.2, 0.1, 0.0, 0.0, 0.0, 0.1, 0.0, 0.1818, 0.2, 0.0, 0.0, 0.0, 0.0, 0.1, 0.0, 0.0, 0.0, 0.0, 0.0909, 0.0, 0.0, 0.1, 0.0, 0.0, 0.0, 0.0, 0.0, 0.0, 0.0, 0.0, 0.0, 0.0, 0.0, 0.0, 0.125, 0.0, 0.0, 0.0, 0.0, 0.0, 0.0, 0.0, 0.0, 0.0, 0.125, 0.1111, 0.125, 0.0, 0.0, 0.0, 0.0, 0.0, 0.0, 0.0, 0.0, 0.0, 0.0, 0.0, 0.0, 0.0, 0.0, 0.0, 0.0, 0.0, 0.0, 0.0, 0.0, 0.0, 0.0, 0.0, 0.0, 0.0, 0.0, 0.1429, 0.125, 0.0, 0.0, 0.1818, 0.0, 0.0, 0.0, 0.0, 0.0, 0.0, 0.0, 0.0, 0.0, 0.0, 0.125, 0.0, 0.0, 0.0, 0.0, 0.0, 0.0, 0.0, 0.0, 0.0, 0.0, 0.0, 0.0909, 0.0, 0.0, 0.25, 0.0, 0.0, 0.0, 0.0, 0.5714, 0.0, 0.0, 0.125, 0.1, 0.0, 0.0, 0.0, 1.0, 0.1111, 0.0, 0.0, 0.0, 0.0, 0.0, 0.0, 0.9, 0.1111, 0.0, 0.0, 0.0, 0.0, 0.0, 0.0, 0.8571, 0.125, 0.0, 0.0, 0.0, 0.0, 0.0, 0.0, 0.75, 0.1667, 0.1, 0.0, 0.0, 0.1429, 0.0, 0.0, 0.8, 0.0, 0.0, 0.0, 0.0, 0.0, 0.0, 0.0, 0.7778, 0.5, 0.125, 0.1667, 0.0, 0.0, 0.0, 0.2, 0.1111, 1.0, 0.4286, 0.125, 0.1667, 0.0, 0.0, 0.0, 0.0, 0.9, 0.3333, 0.0, 0.0, 0.0, 0.0, 0.0, 0.0, 1.0, 0.0909, 0.0, 0.0, 0.0, 0.0, 0.0, 0.0, 0.5714, 0.0, 0.0, 0.1, 0.0, 0.0, 0.0, 0.0, 0.0, 0.0, 0.0, 0.0, 0.0, 0.0, 0.0, 0.0, 0.0, 0.0, 0.0, 0.2, 0.0, 0.0, 0.0, 0.1429, 0.0, 0.0, 0.0, 0.0, 0.0, 0.0, 0.0, 0.0, 0.1818, 0.0, 0.0, 0.0, 0.0, 0.0, 0.0, 0.0, 0.0909, 0.0909, 0.0, 0.1429, 0.0, 0.0, 0.125, 0.0, 0.0, 0.0, 0.0, 0.0, 0.0625]"
5,15,broadcast,0.128,0.128,0.128,-0.0,30,True,256,0,312,1432,0,"[0.0, 0.0175, 0.0255, 0.0335, 0.043, 0.057, 0.067, 0.0765, 0.0835, 0.091, 0.0955, 0.1, 0.104, 0.107, 0.109, 0.1105, 0.1115, 0.113, 0.115, 0.1165, 0.1185, 0.1195, 0.121, 0.1225, 0.1235, 0.1245, 0.1255, 0.1265, 0.127, 0.128, 0.128, 0.128, 0.128, 0.128, 0.128, 0.128, 0.128, 0.128, 0.128, 0.128, 0.128, 0.128, 0.128, 0.128, 0.128, 0.128, 0.128, 0.128, 0.128, 0.128, 0.128, 0.128, 0.128, 0.128, 0.128, 0.128, 0.128, 0.128, 0.128, 0.128, 0.128, 0.128, 0.128, 0.128, 0.128, 0.128, 0.128, 0.128, 0.128, 0.128, 0.128, 0.128, 0.128, 0.128, 0.128, 0.128, 0.128, 0.128, 0.128, 0.128, 0.128, 0.128, 0.128, 0.128, 0.128, 0.128, 0.128, 0.128, 0.128, 0.128, 0.128, 0.128, 0.128, 0.128, 0.128, 0.128, 0.128, 0.128, 0.128, 0.128, 0.128]","{""0"": 0.007, ""1"": 0.1255, ""2"": 0.3361, ""3"": 0.1365, ""4"": 0.0119, ""5"": 0.004, ""6"": 0.4142, ""7"": 0.0211}","[0.0, 0.0, 0.0, 0.0, 0.0, 0.0, 0.0, 0.375, 0.0, 0.0, 0.0, 0.0, 0.0, 0.0667, 0.0, 0.6, 0.0, 0.0, 0.0, 0.0, 0.0, 0.0, 0.0, 1.0, 0.0, 0.0, 0.7143, 0.0, 0.0, 0.0, 0.0, 0.875, 0.0, 0.0, 0.8182, 0.0, 0.0, 0.0, 0.0, 0.8, 0.0, 0.0, 0.8571, 0.0, 0.0, 0.0, 0.0, 1.0, 0.0, 0.0, 0.5, 0.0, 0.0, 0.0, 0.0, 0.8333, 0.0, 0.0, 0.125, 0.0, 0.75, 0.0, 0.0, 0.9, 0.1667, 0.0, 0.0, 0.0, 0.8571, 0.0, 0.0, 0.7273, 0.0909, 0.0, 0.0, 0.0, 1.0, 0.0833, 0.0, 1.0, 0.0, 0.0, 0.2857, 0.0, 0.7, 0.0, 0.0, 0.8333, 0.0, 0.0, 0.0, 0.0, 0.8571, 0.0, 0.0, 0.8, 0.0, 0.0, 0.0, 0.0, 0.0, 0.0, 0.0, 0.1111, 0.0, 0.0, 0.0, 0.0, 0.0, 0.0, 0.0, 0.0, 0.0833, 0.0, 0.0, 0.0, 0.0, 0.0, 0.125, 0.0, 0.0, 0.0, 0.0, 0.0, 0.2, 0.0, 0.0, 0.0, 0.1667, 0.0, 0.0, 0.0, 0.0, 0.0769, 0.0, 0.0, 0.0, 0.0, 0.0, 0.0, 0.0, 0.0, 0.0, 0.0, 0.0, 0.0, 0.0, 0.0, 0.0, 0.0, 0.0, 0.0, 0.0, 0.0, 0.0, 0.0, 0.0, 0.0, 0.0, 0.1, 0.0, 0.0, 0.0, 1.0, 0.0, 0.0, 0.0, 0.0, 0.0, 0.0, 0.0, 0.8333, 0.0, 0.0, 0.0, 0.0, 0.0, 0.0, 0.0, 1.0, 0.0, 0.0, 0.0, 0.0, 0.0, 0.0, 0.0, 1.0, 0.0833, 0.0, 0.0, 0.8333, 0.0, 0.0, 0.4444, 0.7778, 0.0, 0.0, 0.0, 0.8333, 0.0, 0.0, 0.0, 1.0, 0.0, 0.0, 0.0, 1.0, 0.1667, 0.0, 0.0, 1.0, 0.0, 0.0, 0.0, 0.8889, 0.0, 0.0, 0.0, 1.0, 0.0, 0.0, 0.0, 0.3333, 0.0, 0.0, 0.0, 0.75, 0.0, 0.0, 0.0, 0.0, 0.0, 0.0, 0.2, 0.75, 0.0, 0.0, 0.0, 0.0, 0.0, 0.0, 0.0, 0.7778, 0.0, 0.0, 0.0, 0.0, 0.0, 0.1538]"
5,16,broadcast,0.0505,0.0505,0.0505,0.0,16,True,101,0,315,1584,0,"[0.0, 0.018, 0.0245, 0.029, 0.0315, 0.0355, 0.037, 0.039, 0.04, 0.041, 0.0425, 0.045, 0.048, 0.0495, 0.05, 0.0505, 0.0505, 0.0505, 0.0505, 0.0505, 0.0505, 0.0505, 0.0505, 0.0505, 0.0505, 0.0505, 0.0505, 0.0505, 0.0505, 0.0505, 0.0505, 0.0505, 0.0505, 0.0505, 0.0505, 0.0505, 0.0505, 0.0505, 0.0505, 0.0505, 0.0505, 0.0505, 0.0505, 0.0505, 0.0505, 0.0505, 0.0505, 0.0505, 0.0505, 0.0505, 0.0505, 0.0505, 0.0505, 0.0505, 0.0505, 0.0505, 0.0505, 0.0505, 0.0505, 0.0505, 0.0505, 0.0505, 0.0505, 0.0505, 0.0505, 0.0505, 0.0505, 0.0505, 0.0505, 0.0505, 0.0505, 0.0505, 0.0505, 0.0505, 0.0505, 0.0505, 0.0505, 0.0505, 0.0505, 0.0505, 0.0505, 0.0505, 0.0505, 0.0505, 0.0505, 0.0505, 0.0505, 0.0505, 0.0505, 0.0505, 0.0505, 0.0505, 0.0505, 0.0505, 0.0505, 0.0505, 0.0505, 0.0505, 0.0505, 0.0505, 0.0505]","{""0"": 0.0352, ""1"": 0.2093, ""2"": 0.0201, ""3"": 0.0248, ""4"": 0.0683, ""5"": 0.0078, ""6"": 0.0289, ""7"": 0.004}","[0.0, 0.0, 0.0, 0.125, 0.0, 0.0, 0.0, 0.125, 0.0, 0.0, 0.0, 0.0, 0.1111, 0.1, 0.0, 0.1429, 0.0, 0.0, 0.0, 0.0, 0.0, 0.4, 0.0, 0.0, 0.0, 0.0, 0.0, 0.0, 0.0, 0.1, 0.0, 0.0, 0.0, 0.0, 0.0, 0.375, 0.0, 0.0, 0.0, 0.0, 0.0, 0.0, 0.0, 0.0, 0.0, 0.125, 0.0, 0.0, 0.0, 0.0, 0.0, 0.0, 0.0, 0.0, 0.0, 0.0, 0.0, 0.0, 0.0, 0.0, 0.0, 0.1667, 0.1429, 0.0, 0.0, 0.0, 0.0, 0.0, 0.1429, 0.625, 0.0, 0.0, 0.0, 0.1111, 0.0, 0.0, 0.1667, 0.2, 0.0, 0.0, 0.0, 0.0, 0.0, 0.0, 0.0, 0.0, 0.0, 0.125, 0.0, 0.0, 0.1111, 0.0, 0.1429, 0.0, 0.0, 0.1818, 0.0, 0.0, 0.0, 0.0, 0.25, 0.0, 0.0, 0.0, 0.0, 0.0, 0.0, 0.0, 0.0, 0.0, 0.0, 0.0, 0.0, 0.0, 0.75, 0.0, 0.0, 0.0, 0.125, 0.0, 0.0, 0.0, 0.7273, 0.0, 0.0, 0.0, 0.0, 0.0, 0.0, 0.1429, 0.875, 0.0, 0.0, 0.0, 0.0, 0.0, 0.0, 0.0909, 0.875, 0.0, 0.0, 0.0, 0.0, 0.0, 0.1111, 0.1111, 0.75, 0.0, 0.0, 0.0, 0.0, 0.0, 0.0, 0.0, 0.7143, 0.0, 0.0, 0.0, 0.0, 0.0, 0.0, 0.0, 1.0, 0.125, 0.0, 0.0, 0.0, 0.0, 0.0, 0.0, 0.8, 0.0, 0.0, 0.0, 0.0, 0.0, 0.0, 0.1, 0.0, 0.0, 0.0, 0.0, 0.0, 0.0, 0.0, 0.0, 0.0, 0.0, 0.0, 0.0, 0.0, 0.1429, 0.0, 0.0, 0.0, 0.0, 0.0, 0.1, 0.0, 0.0, 0.0, 0.0, 0.0, 0.0, 0.0, 0.5, 0.0, 0.0, 0.0, 0.1667, 0.0, 0.0, 0.0, 0.0909, 0.0, 0.0, 0.0, 0.3333, 0.0, 0.0, 0.0, 0.0, 0.0, 0.0, 0.0, 0.0, 0.0, 0.0, 0.0, 0.0, 0.0, 0.125, 0.0, 0.0, 0.0, 0.0, 0.0, 0.0, 0.0, 0.0, 0.0, 0.0, 0.1111, 0.0, 0.0, 0.0, 0.0, 0.0, 0.0, 0.0]"
5,17,broadcast,0.0595,0.0595,0.0595,0.0,14,True,119,0,300,1581,0,"[0.0, 0.022, 0.0295, 0.033, 0.0375, 0.044, 0.05, 0.052, 0.0535, 0.055, 0.0565, 0.058, 0.059, 0.0595, 0.0595, 0.0595, 0.0595, 0.0595, 0.0595, 0.0595, 0.0595, 0.0595, 0.0595, 0.0595, 0.0595, 0.0595, 0.0595, 0.0595, 0.0595, 0.0595, 0.0595, 0.0595, 0.0595, 0.0595, 0.0595, 0.0595, 0.0595, 0.0595, 0.0595, 0.0595, 0.0595, 0.0595, 0.0595, 0.0595, 0.0595, 0.0595, 0.0595, 0.0595, 0.0595, 0.0595, 0.0595, 0.0595, 0.0595, 0.0595, 0.0595, 0.0595, 0.0595, 0.0595, 0.0595, 0.0595, 0.0595, 0.0595, 0.0595, 0.0595, 0.0595, 0.0595, 0.0595, 0.0595, 0.0595, 0.0595, 0.0595, 0.0595, 0.0595, 0.0595, 0.0595, 0.0595, 0.0595, 0.0595, 0.0595, 0.0595, 0.0595, 0.0595, 0.0595, 0.0595, 0.0595, 0.0595, 0.0595, 0.0595, 0.0595, 0.0595, 0.0595, 0.0595, 0.0595, 0.0595, 0.0595, 0.0595, 0.0595, 0.0595, 0.0595, 0.0595, 0.0595]","{""0"": 0.0465, ""1"": 0.0158, ""2"": 0.0302, ""3"": 0.0088, ""4"": 0.2869, ""5"": 0.0412, ""6"": 0.0325, ""7"": 0.0243}","[0.2222, 0.2857, 0.0, 0.0, 0.0, 0.25, 0.0, 0.0, 0.0, 0.0, 0.0, 0.0, 0.0, 0.0, 0.0, 0.0, 0.0, 0.0, 0.0, 0.0833, 0.0, 0.0, 0.0, 0.0, 0.0, 0.25, 0.0, 0.0, 0.0, 0.1429, 0.0, 0.0, 0.0, 0.0, 0.0, 0.0, 0.0, 1.0, 0.1429, 0.0, 0.0, 0.0, 0.0, 0.1667, 0.0, 1.0, 0.0714, 0.1, 0.0, 0.0, 0.0, 0.0, 0.0, 0.8889, 0.0, 0.0, 0.1111, 0.0, 0.1429, 0.0, 0.0, 0.9091, 0.625, 0.4286, 0.0, 0.0556, 0.0, 0.0909, 0.0, 0.7778, 0.0, 0.0, 0.0, 0.0, 0.0, 0.0, 0.1429, 0.25, 0.1111, 0.0, 0.0, 0.0, 0.0, 0.0, 0.0, 0.0, 0.0, 0.0, 0.2222, 0.0, 0.0, 0.0, 0.0, 0.0, 0.0, 0.0, 0.0, 0.0, 0.0, 0.0, 0.0, 0.0, 0.0, 0.0, 0.0, 0.0909, 0.0, 0.0, 0.0, 0.0, 0.0, 0.0, 0.0909, 0.0, 0.0, 0.0, 0.0, 0.0, 0.0, 0.2, 0.1, 0.0, 0.0, 0.0, 0.1111, 0.0, 0.0833, 0.25, 0.0, 0.1429, 0.0, 0.1111, 0.0, 0.0, 0.0, 0.0, 0.0, 0.0, 0.0, 0.0, 0.0, 0.0, 0.0, 0.0, 0.0, 0.1667, 0.1111, 0.0, 0.0, 0.0, 0.0, 0.0, 0.0, 0.1667, 0.0, 0.0, 0.0, 0.0, 0.0, 0.0, 0.0, 0.1, 0.125, 0.0, 0.0, 0.0, 0.0, 0.0, 0.0, 0.0, 0.0, 0.0, 0.0, 0.0, 0.0, 0.0, 0.0, 0.0, 0.1429, 0.0, 0.0, 0.0, 0.0, 0.0, 0.0, 0.0, 0.0, 0.0, 0.0, 0.125, 0.0, 0.0, 0.0, 0.0, 0.0, 0.0, 0.0, 0.9, 0.0, 0.0, 0.0, 0.0, 0.0, 0.0, 0.0, 1.0, 0.0, 0.0, 0.0, 0.1, 0.0, 0.0, 0.0, 1.0, 0.0714, 0.0, 0.125, 0.0, 0.0, 0.1111, 0.0, 0.8889, 0.1, 0.0, 0.0, 0.1667, 0.0, 0.0, 0.0, 0.0, 0.0, 0.0, 0.0, 0.0, 0.0, 0.0, 0.0, 0.0, 0.0, 0.0, 0.0, 0.0, 0.0, 0.2, 0.0, 0.0, 0.0, 0.0, 0.0, 0.0]"
5,18,broadcast,0.1905,0.1905,0.1905,-0.0,43,True,381,0,295,1324,0,"[0.0, 0.019, 0.0235, 0.029, 0.034, 0.0415, 0.048, 0.0575, 0.068, 0.077, 0.086, 0.0945, 0.1035, 0.111, 0.1215, 0.1295, 0.1335, 0.1385, 0.145, 0.1475, 0.151, 0.1555, 0.161, 0.1645, 0.1695, 0.1705, 0.171, 0.1715, 0.1725, 0.174, 0.1745, 0.1755, 0.178, 0.179, 0.18, 0.1815, 0.1825, 0.1835, 0.186, 0.1875, 0.189, 0.19, 0.1905, 0.1905, 0.1905, 0.1905, 0.1905, 0.1905, 0.1905, 0.1905, 0.1905, 0.1905, 0.1905, 0.1905, 0.1905, 0.1905, 0.1905, 0.1905, 0.1905, 0.1905, 0.1905, 0.1905, 0.1905, 0.1905, 0.1905, 0.1905, 0.1905, 0.1905, 0.1905, 0.1905, 0.1905, 0.1905, 0.1905, 0.1905, 0.1905, 0.1905, 0.1905, 0.1905, 0.1905, 0.1905, 0.1905, 0.1905, 0.1905, 0.1905, 0.1905, 0.1905, 0.1905, 0.1905, 0.1905, 0.1905, 0.1905, 0.1905, 0.1905, 0.1905, 0.1905, 0.1905, 0.1905, 0.1905, 0.1905, 0.1905, 0.1905]","{""0"": 0.3516, ""1"": 0.009, ""2"": 0.2817, ""3"": 0.2679, ""4"": 0.0081, ""5"": 0.015, ""6"": 0.016, ""7"": 0.5756}","[0.3333, 0.0, 0.0, 0.0, 0.0, 0.0, 0.0, 0.0, 0.7143, 0.4286, 0.0, 0.125, 0.0, 0.0, 0.0, 0.0, 0.0909, 0.0, 0.0, 0.625, 0.0, 0.0, 0.0, 0.0, 0.0, 0.0, 0.0, 0.9091, 0.0, 0.0, 0.1111, 0.0, 0.0, 0.7143, 0.0, 1.0, 0.0, 0.0, 0.0, 0.0, 0.0, 0.8571, 0.0, 1.0, 0.0, 0.0, 0.1667, 0.0, 0.0, 0.625, 0.0, 0.8, 0.0, 0.0, 0.0, 0.0, 0.0, 0.8333, 0.0, 1.0, 0.0, 0.0, 0.0, 0.0, 0.1429, 1.0, 0.0, 1.0, 0.0, 0.0, 0.0, 0.0, 0.0, 1.0, 0.0, 1.0, 0.0, 0.0, 0.0, 0.0, 0.0, 0.875, 0.0, 1.0, 0.1, 0.0, 0.0, 0.0, 0.1667, 1.0, 0.0, 0.0, 0.0, 0.0, 0.0, 0.1429, 0.7778, 0.8889, 0.0, 0.0, 0.0, 0.0, 0.0, 0.0, 1.0, 0.8889, 0.0, 0.0, 0.0, 0.0, 0.0, 0.1429, 0.9, 0.8571, 0.0, 0.0, 0.0, 0.0, 0.0, 0.0, 0.8571, 1.0, 0.0, 0.0, 0.5, 0.0, 0.0, 0.0, 0.625, 0.625, 0.0, 0.0, 0.6667, 0.0, 0.0, 0.0, 0.8571, 0.0, 0.0, 0.1667, 1.0, 0.0, 0.2222, 0.0, 0.7692, 0.1, 0.125, 0.0, 0.8889, 0.0, 0.0, 0.0, 1.0, 0.0, 0.0, 0.0, 0.875, 0.0, 0.0, 0.0, 1.0, 0.125, 0.0, 0.0, 1.0, 0.0, 0.0, 0.0, 1.0, 0.0, 0.125, 0.0, 0.75, 0.0, 0.0, 0.0, 1.0, 0.0, 0.0, 0.0, 1.0, 0.1, 0.0, 0.0909, 1.0, 0.0, 0.0, 0.0, 0.9091, 0.0, 0.0, 0.0, 1.0, 0.0714, 0.0, 0.0, 0.0, 0.0, 0.0, 0.0, 1.0, 0.0, 0.0, 0.1429, 0.0, 0.0, 0.0, 0.0, 0.8571, 0.0, 0.0, 0.0, 0.1667, 0.0, 0.0, 0.0, 0.75, 0.0, 0.0, 0.1, 0.0, 0.0, 0.0, 0.0, 0.7778, 0.125, 0.0, 0.0, 0.0, 0.0, 0.0, 0.0625, 1.0, 0.0, 0.0, 0.0, 0.0, 0.125, 0.0, 0.0, 1.0, 0.0, 0.0, 0.0, 0.0, 0.0, 0.0, 0.0, 0.8333, 0.0]"
5,19,broadcast,0.0365,0.0365,0.0365,0.0,11,True,73,0,316,1611,0,"[0.0, 0.0175, 0.0215, 0.0245, 0.0275, 0.0285, 0.029, 0.03, 0.0315, 0.0335, 0.0365, 0.0365, 0.0365, 0.0365, 0.0365, 0.0365, 0.0365, 0.0365, 0.0365, 0.0365, 0.0365, 0.0365, 0.0365, 0.0365, 0.0365, 0.0365, 0.0365, 0.0365, 0.0365, 0.0365, 0.0365, 0.0365, 0.0365, 0.0365, 0.0365, 0.0365, 0.0365, 0.0365, 0.0365, 0.0365, 0.0365, 0.0365, 0.0365, 0.0365, 0.0365, 0.0365, 0.0365, 0.0365, 0.0365, 0.0365, 0.0365, 0.0365, 0.0365, 0.0365, 0.0365, 0.0365, 0.0365, 0.0365, 0.0365, 0.0365, 0.0365, 0.0365, 0.0365, 0.0365, 0.0365, 0.0365, 0.0365, 0.0365, 0.0365, 0.0365, 0.0365, 0.0365, 0.0365, 0.0365, 0.0365, 0.0365, 0.0365, 0.0365, 0.0365, 0.0365, 0.0365, 0.0365, 0.0365, 0.0365, 0.0365, 0.0365, 0.0365, 0.0365, 0.0365, 0.0365, 0.0365, 0.0365, 0.0365, 0.0365, 0.0365, 0.0365, 0.0365, 0.0365, 0.0365, 0.0365, 0.0365]","{""0"": 0.0114, ""1"": 0.0202, ""2"": 0.0393, ""3"": 0.0162, ""4"": 0.1374, ""5"": 0.0157, ""6"": 0.0197, ""7"": 0.029}","[0.0, 0.0, 0.0, 0.0, 0.0, 0.0, 0.0, 0.0, 0.1111, 0.0, 0.0, 0.0, 0.0, 0.0, 0.0, 0.0, 0.1, 0.0, 0.0, 0.125, 0.0, 0.0, 0.0, 0.0, 0.0769, 0.0, 0.0, 0.0, 0.0, 0.0, 0.0, 0.0, 0.0, 0.0, 0.0, 0.0, 0.0, 0.0, 0.0, 0.0, 0.1429, 0.0, 0.0, 0.0, 0.0, 0.0, 0.0, 0.0, 0.0, 0.0, 0.0, 0.0, 0.0, 0.0, 0.0, 0.0, 0.0, 0.0, 0.0, 0.0, 0.0, 0.0, 0.0, 0.0, 0.0, 0.0, 0.0, 0.0, 0.0, 0.1111, 0.0, 0.1, 0.0, 0.0, 0.0, 0.1111, 0.0, 0.0, 0.0, 0.0, 0.0, 0.0, 0.0, 0.0, 0.0, 0.1111, 0.0, 0.0, 0.0, 0.0, 0.0, 0.0, 0.0, 0.0, 0.0, 0.0833, 0.1111, 0.0, 0.0, 0.0, 0.0, 0.125, 0.0, 0.0, 0.0, 0.0, 0.0, 0.0, 0.0, 0.0, 0.25, 0.0, 0.0, 0.0, 0.0, 0.0, 0.0, 0.0, 0.0, 0.0909, 0.0, 0.0, 0.0, 0.0, 0.0, 0.0, 0.0, 0.0833, 0.0, 0.0, 0.0, 0.0, 0.0, 0.0, 0.0, 0.0, 0.0, 0.0, 0.1111, 0.0, 0.0, 1.0, 0.0, 0.0, 0.0, 0.0, 0.0, 0.0, 0.0909, 0.75, 0.0, 0.0, 0.2, 0.0, 0.0, 0.2, 0.3333, 0.8889, 0.0, 0.0, 0.0, 0.0909, 0.1429, 0.0, 0.0909, 0.1111, 0.0, 0.0, 0.0, 0.0, 0.1667, 0.8333, 0.0, 0.8333, 0.0, 0.0, 0.0, 0.0, 0.0, 0.0, 0.0, 0.7143, 0.0, 0.0, 0.1667, 0.0, 0.0, 0.0, 0.0, 0.1429, 0.1111, 0.0, 0.0, 0.25, 0.0, 0.0, 0.0, 0.0, 0.1667, 0.0, 0.0, 0.0, 0.0, 0.0, 0.0, 0.0, 0.0, 0.0, 0.0, 0.0, 0.0, 0.0909, 0.0, 0.0, 0.0, 0.0, 0.0, 0.0, 0.0, 0.0, 0.0, 0.0, 0.0, 0.1111, 0.0, 0.0, 0.1667, 0.0, 0.0, 0.0, 0.0, 0.0, 0.0, 0.0, 0.0, 0.0, 0.0, 0.0, 0.0, 0.0, 0.0, 0.0, 0.1111, 0.0, 0.0, 0.0, 0.0, 0.0, 0.0, 0.0]"
5,20,broadcast,0.0185,0.0185,0.0185,0.0,4,True,37,0,306,1657,0,"[0.0, 0.016, 0.0175, 0.0185, 0.0185, 0.0185, 0.0185, 0.0185, 0.0185, 0.0185, 0.0185, 0.0185, 0.0185, 0.0185, 0.0185, 0.0185, 0.0185, 0.0185, 0.0185, 0.0185, 0.0185, 0.0185, 0.0185, 0.0185, 0.0185, 0.0185, 0.0185, 0.0185, 0.0185, 0.0185, 0.0185, 0.0185, 0.0185, 0.0185, 0.0185, 0.0185, 0.0185, 0.0185, 0.0185, 0.0185, 0.0185, 0.0185, 0.0185, 0.0185, 0.0185, 0.0185, 0.0185, 0.0185, 0.0185, 0.0185, 0.0185, 0.0185, 0.0185, 0.0185, 0.0185, 0.0185, 0.0185, 0.0185, 0.0185, 0.0185, 0.0185, 0.0185, 0.0185, 0.0185, 0.0185, 0.0185, 0.0185, 0.0185, 0.0185, 0.0185, 0.0185, 0.0185, 0.0185, 0.0185, 0.0185, 0.0185, 0.0185, 0.0185, 0.0185, 0.0185, 0.0185, 0.0185, 0.0185, 0.0185, 0.0185, 0.0185, 0.0185, 0.0185, 0.0185, 0.0185, 0.0185, 0.0185, 0.0185, 0.0185, 0.0185, 0.0185, 0.0185, 0.0185, 0.0185, 0.0185, 0.0185]","{""0"": 0.0076, ""1"": 0.0233, ""2"": 0.0163, ""3"": 0.0189, ""4"": 0.0268, ""5"": 0.0087, ""6"": 0.016, ""7"": 0.0304}","[0.1111, 0.0, 0.0, 0.0, 0.0, 0.0, 0.0, 0.0, 0.1667, 0.0, 0.0, 0.0, 0.0, 0.0, 0.0, 0.0, 0.0, 0.0, 0.0, 0.0, 0.0909, 0.1, 0.0, 0.0, 0.0, 0.0, 0.0, 0.0, 0.0, 0.0, 0.0, 0.0, 0.0, 0.0, 0.0, 0.0, 0.0, 0.0, 0.0, 0.0, 0.1, 0.0, 0.0, 0.0, 0.0, 0.1111, 0.0, 0.0, 0.1429, 0.0, 0.0, 0.0, 0.0, 0.0, 0.0, 0.0, 0.0, 0.0, 0.0, 0.0, 0.0, 0.0, 0.0, 0.0, 0.0, 0.0, 0.0, 0.0, 0.0, 0.1667, 0.0, 0.0, 0.0, 0.0833, 0.0, 0.0, 0.0, 0.0, 0.0, 0.0, 0.0, 0.0, 0.1429, 0.0, 0.0, 0.0, 0.0, 0.0, 0.0, 0.0, 0.0, 0.0, 0.0, 0.0, 0.0, 0.0, 0.0, 0.125, 0.0, 0.0, 0.0, 0.0, 0.0, 0.0, 0.0, 0.0, 0.0, 0.0, 0.0, 0.0, 0.0, 0.0, 0.1, 0.0, 0.0, 0.0, 0.125, 0.0, 0.0, 0.0, 0.0, 0.0, 0.0, 0.0, 0.0, 0.0833, 0.0, 0.0, 0.0, 0.0, 0.0, 0.0, 0.0, 0.0, 0.0, 0.0, 0.0, 0.0, 0.0, 0.0, 0.0, 0.0, 0.0, 0.0, 0.0, 0.0, 0.125, 0.0, 0.0, 0.0, 0.1667, 0.0, 0.0, 0.0, 0.0, 0.0, 0.1429, 0.0, 0.0, 0.0, 0.1111, 0.0, 0.0, 0.0, 0.0, 0.0, 0.0, 0.0, 0.0, 0.0, 0.0, 0.0, 0.0, 0.0, 0.0, 0.5, 0.0, 0.0, 0.1111, 0.0, 0.0, 0.0, 0.1, 0.1667, 0.0, 0.0, 0.125, 0.0, 0.0, 0.0, 0.0, 0.0, 0.0, 0.0, 0.1111, 0.1111, 0.0, 0.0, 0.0, 0.0, 0.0, 0.0, 0.0, 0.0, 0.0, 0.0, 0.0, 0.0, 0.0, 0.0, 0.0, 0.0, 0.0, 0.1, 0.0, 0.0, 0.2222, 0.0, 0.0, 0.0, 0.0, 0.0909, 0.0, 0.0, 0.0, 0.0, 0.0, 0.0, 0.0, 0.0, 0.0, 0.0, 0.0, 0.0, 0.0, 0.5, 0.1667, 0.0, 0.0, 0.0, 0.0, 0.0, 0.1, 0.0, 0.0909, 0.0, 0.0, 0.0, 0.0, 0.0]"
5,21,broadcast,0.0475,0.0475,0.0475,0.0,20,True,95,0,307,1598,0,"[0.0, 0.0135, 0.018, 0.0205, 0.0235, 0.0265, 0.0295, 0.0315, 0.034, 0.036, 0.038, 0.0385, 0.039, 0.04, 0.0415, 0.0435, 0.0445, 0.0455, 0.047, 0.0475, 0.0475, 0.0475, 0.0475, 0.0475, 0.0475, 0.0475, 0.0475, 0.0475, 0.0475, 0.0475, 0.0475, 0.0475, 0.0475, 0.0475, 0.0475, 0.0475, 0.0475, 0.0475, 0.0475, 0.0475, 0.0475, 0.0475, 0.0475, 0.0475, 0.0475, 0.0475, 0.0475, 0.0475, 0.0475, 0.0475, 0.0475, 0.0475, 0.0475, 0.0475, 0.0475, 0.0475, 0.0475, 0.0475, 0.0475, 0.0475, 0.0475, 0.0475, 0.0475, 0.0475, 0.0475, 0.0475, 0.0475, 0.0475, 0.0475, 0.0475, 0.0475, 0.0475, 0.0475, 0.0475, 0.0475, 0.0475, 0.0475, 0.0475, 0.0475, 0.0475, 0.0475, 0.0475, 0.0475, 0.0475, 0.0475, 0.0475, 0.0475, 0.0475, 0.0475, 0.0475, 0.0475, 0.0475, 0.0475, 0.0475, 0.0475, 0.0475, 0.0475, 0.0475, 0.0475, 0.0475, 0.0475]","{""0"": 0.0304, ""1"": 0.0169, ""2"": 0.0116, ""3"": 0.0445, ""4"": 0.0163, ""5"": 0.0267, ""6"": 0.2254, ""7"": 0.0124}","[0.0, 0.0, 0.0, 0.0, 0.0, 0.0, 0.0, 0.0, 0.0, 0.625, 0.0, 0.0, 0.0, 0.0, 0.0, 0.0, 0.0, 0.0, 0.0, 0.1429, 0.0, 0.0, 0.0, 0.0, 0.0, 0.0, 0.0, 0.0, 0.0, 0.0, 0.0, 0.125, 0.0, 0.0, 0.0, 0.0, 0.0, 0.2222, 0.0, 0.0, 0.0, 0.0, 0.0, 0.0, 0.1667, 0.0, 0.0, 0.0, 0.0, 0.0, 0.0, 0.0, 0.7778, 0.1111, 0.0, 0.0, 0.0, 0.0, 0.0, 0.0, 0.1429, 0.0, 0.0, 0.0, 0.0, 0.0, 0.0, 0.0, 0.0, 0.0, 0.0, 0.0, 0.0, 0.0, 0.0, 0.0, 0.0, 0.0, 0.0, 0.0, 0.0, 0.0, 0.0, 0.0, 0.0, 0.0, 0.0, 0.0, 0.0, 0.0, 0.0, 0.0, 0.0, 0.0, 0.0, 0.0, 0.0, 0.0, 0.0, 0.0, 0.0, 0.0, 0.0, 0.0, 0.0909, 0.125, 0.0, 0.0, 0.0, 0.0, 0.0, 0.0, 0.0, 0.0, 0.0, 0.0, 0.0, 0.0, 0.0, 0.0, 0.0, 0.0, 0.0909, 0.0, 0.0, 0.0, 0.0, 0.0, 0.0, 0.0, 0.0, 0.0, 0.0, 0.0, 0.0, 0.0, 0.0, 0.0, 0.0, 0.0, 0.0, 0.0, 0.0, 0.0, 0.0, 0.0, 0.0, 0.125, 0.1111, 0.0, 0.0, 0.25, 0.0, 0.0, 0.0, 0.0, 0.0, 0.0, 0.0, 0.1111, 0.0, 0.0, 0.0, 0.0, 0.0, 0.0, 0.0, 0.8571, 0.0, 0.0, 0.1111, 0.1111, 0.0, 0.0, 0.0, 0.8571, 0.0, 0.0, 0.0, 0.0, 0.0, 0.0, 0.0, 1.0, 0.0833, 0.0, 0.0, 0.0, 0.0, 0.0, 0.0, 0.8333, 0.1111, 0.0625, 0.125, 0.0, 0.125, 0.0, 0.0, 0.6667, 0.0, 0.1667, 0.0, 0.0, 0.0, 0.1429, 0.0, 0.75, 0.0, 0.0, 0.0, 0.0, 0.0, 0.0, 0.75, 0.8333, 0.0, 0.0, 0.1667, 0.0, 0.0, 0.0, 0.125, 1.0, 0.0, 0.0, 0.0, 0.0, 0.0, 0.0, 0.0, 0.6667, 0.0, 0.0, 0.0, 0.0, 0.0, 0.0, 0.0, 0.1818, 0.0, 0.0, 0.0, 0.0, 0.0, 0.0, 0.0, 0.0, 0.0, 0.0]"
5,22,broadcast,0.1085,0.1085,0.1085,0.0,28,True,217,0,278,1505,0,"[0.0, 0.022, 0.026, 0.028, 0.031, 0.034, 0.0375, 0.0425, 0.0475, 0.053, 0.057, 0.063, 0.067, 0.0705, 0.073, 0.0745, 0.0775, 0.081, 0.0835, 0.0895, 0.093, 0.096, 0.0985, 0.1005, 0.103, 0.1065, 0.108, 0.1085, 0.1085, 0.1085, 0.1085, 0.1085, 0.1085, 0.1085, 0.1085, 0.1085, 0.1085, 0.1085, 0.1085, 0.1085, 0.1085, 0.1085, 0.1085, 0.1085, 0.1085, 0.1085, 0.1085, 0.1085, 0.1085, 0.1085, 0.1085, 0.1085, 0.1085, 0.1085, 0.1085, 0.1085, 0.1085, 0.1085, 0.1085, 0.1085, 0.1085, 0.1085, 0.1085, 0.1085, 0.1085, 0.1085, 0.1085, 0.1085, 0.1085, 0.1085, 0.1085, 0.1085, 0.1085, 0.1085, 0.1085, 0.1085, 0.1085, 0.1085, 0.1085, 0.1085, 0.1085, 0.1085, 0.1085, 0.1085, 0.1085, 0.1085, 0.1085, 0.1085, 0.1085, 0.1085, 0.1085, 0.1085, 0.1085, 0.1085, 0.1085, 0.1085, 0.1085, 0.1085, 0.1085, 0.1085, 0.1085]","{""0"": 0.0162, ""1"": 0.0286, ""2"": 0.0233, ""3"": 0.4394, ""4"": 0.2845, ""5"": 0.0238, ""6"": 0.0276, ""7"": 0.0202}","[0.2222, 0.0, 0.2222, 0.0, 1.0, 0.0, 0.1, 0.0, 0.1538, 0.0, 0.0, 0.1111, 0.8889, 0.0, 0.0, 0.0, 0.0, 0.0, 0.0, 0.1667, 0.125, 0.0, 0.0, 0.0, 0.0, 0.0, 0.0, 0.0, 0.1, 0.0, 0.0, 0.0, 0.0, 0.0, 0.0, 0.0, 0.0, 0.1, 0.0, 0.0, 0.0, 0.1538, 0.0, 0.0, 0.0, 0.0, 0.0, 0.0, 0.0, 0.0, 0.0, 0.1818, 0.0, 0.1667, 0.1667, 0.0, 0.2, 0.0, 0.1, 0.0, 0.0, 0.0, 0.0, 0.0, 0.0, 0.0, 0.1111, 0.0, 0.0, 0.0, 0.0, 0.0, 0.0, 0.0, 0.0, 0.0, 0.0, 0.0, 0.0, 0.0, 0.0, 0.0, 0.0, 0.0, 0.0, 0.7778, 0.0, 0.1667, 0.0, 0.0, 0.0, 0.0, 0.1111, 1.0, 0.0, 0.1429, 0.0, 0.0, 0.1111, 0.0, 0.0, 0.7778, 0.0, 0.0769, 0.1667, 0.1111, 0.0, 0.0, 0.0, 1.0, 0.0909, 0.0, 0.0, 0.0, 0.0, 0.0, 0.0, 0.8333, 0.0, 0.0, 0.1111, 0.0, 0.0, 0.0, 0.0, 0.8571, 0.0, 0.0, 0.0, 0.0, 0.0, 0.0, 0.0, 1.0, 0.0, 0.0, 0.0, 0.0, 0.0, 0.0, 0.1667, 0.75, 0.125, 0.0833, 0.0, 0.0, 0.0, 0.0, 0.8571, 0.875, 0.0, 0.0, 0.0, 0.0, 0.0, 0.0, 1.0, 1.0, 0.0, 0.0, 0.0, 0.0, 0.0, 0.0, 1.0, 0.0, 0.0, 0.0, 0.0, 0.0, 0.0, 0.0, 0.875, 0.0, 0.0, 0.0, 0.0, 0.0, 0.1111, 0.0, 1.0, 0.1667, 0.0, 0.0, 0.0, 0.0, 0.1429, 0.0, 1.0, 0.0, 0.0, 0.0, 0.0, 0.0, 0.0, 0.0, 0.7778, 0.0, 0.0, 0.0, 0.0, 0.125, 0.0, 0.0, 0.9, 0.0, 0.2, 0.0, 0.0, 0.0, 0.0, 0.0714, 0.6667, 0.0, 0.0, 0.0, 0.0, 0.0, 0.0, 0.0, 0.8, 0.0, 0.0, 0.125, 0.0, 0.0, 0.0, 0.0, 0.9, 0.0, 0.0, 0.0909, 0.0, 0.0, 0.0, 0.1667, 1.0, 0.0, 0.1429, 0.0769, 0.0, 0.0, 0.0, 0.0, 1.0, 0.0, 0.0, 0.0, 0.0, 0.0]"
5,23,broadcast,0.0715,0.0715,0.0715,0.0,13,True,143,0,313,1544,0,"[0.0, 0.0285, 0.0355, 0.0425, 0.0475, 0.052, 0.059, 0.062, 0.0635, 0.0655, 0.068, 0.07, 0.0715, 0.0715, 0.0715, 0.0715, 0.0715, 0.0715, 0.0715, 0.0715, 0.0715, 0.0715, 0.0715, 0.0715, 0.0715, 0.0715, 0.0715, 0.0715, 0.0715, 0.0715, 0.0715, 0.0715, 0.0715, 0.0715, 0.0715, 0.0715, 0.0715, 0.0715, 0.0715, 0.0715, 0.0715, 0.0715, 0.0715, 0.0715, 0.0715, 0.0715, 0.0715, 0.0715, 0.0715, 0.0715, 0.0715, 0.0715, 0.0715, 0.0715, 0.0715, 0.0715, 0.0715, 0.0715, 0.0715, 0.0715, 0.0715, 0.0715, 0.0715, 0.0715, 0.0715, 0.0715, 0.0715, 0.0715, 0.0715, 0.0715, 0.0715, 0.0715, 0.0715, 0.0715, 0.0715, 0.0715, 0.0715, 0.0715, 0.0715, 0.0715, 0.0715, 0.0715, 0.0715, 0.0715, 0.0715, 0.0715, 0.0715, 0.0715, 0.0715, 0.0715, 0.0715, 0.0715, 0.0715, 0.0715, 0.0715, 0.0715, 0.0715, 0.0715, 0.0715, 0.0715, 0.0715]","{""0"": 0.2529, ""1"": 0.0169, ""2"": 0.042, ""3"": 0.0256, ""4"": 0.008, ""5"": 0.0239, ""6"": 0.0328, ""7"": 0.1553}","[0.0, 0.0, 0.0, 0.1429, 0.125, 0.0, 0.0, 0.1429, 0.0, 0.0, 0.0, 0.0, 0.0, 0.0, 0.1667, 0.0, 0.0, 0.0, 0.125, 0.0, 0.0, 0.0, 0.0, 0.0, 0.0, 0.0, 0.0, 0.0, 0.0, 0.0, 0.0, 0.0, 0.1429, 0.0769, 0.1667, 0.0, 0.0, 0.0, 0.0, 0.0, 0.0, 0.125, 0.0, 0.0, 0.1111, 0.0, 0.0, 0.0833, 0.0, 0.4, 0.0, 0.0, 0.0, 0.0, 0.0, 0.0, 0.0, 0.0, 0.0, 0.0, 0.125, 0.0, 0.0, 0.2222, 0.1429, 0.0, 0.0, 0.0, 0.0, 0.0, 0.0, 0.1111, 0.3636, 0.0, 0.0, 0.0, 0.0, 0.1429, 0.0, 0.0, 0.1111, 0.0, 0.0, 0.3333, 0.0, 0.0, 0.0, 0.0, 0.0, 0.0, 0.0, 0.0, 0.0, 0.0, 0.0, 0.0, 0.125, 0.0, 0.0, 0.125, 0.0, 0.0, 0.0, 0.0, 0.8889, 0.125, 0.0, 0.0, 0.0, 0.0, 0.0, 0.0, 1.0, 0.0, 0.0, 0.0, 0.0, 0.0, 0.0, 0.0, 0.8333, 0.2, 0.0, 0.0, 0.1, 0.0, 0.0, 0.0, 0.7, 0.6, 0.0, 0.0, 0.125, 0.0, 0.0, 0.0, 0.0, 1.0, 0.0, 0.0, 0.0, 0.0, 0.125, 0.125, 0.0, 1.0, 0.1667, 0.0, 0.0, 0.125, 0.0, 0.0, 0.2857, 0.5, 0.0833, 0.0, 0.0, 0.0, 0.0, 0.0, 0.0, 1.0, 0.0, 0.0, 0.0, 0.0, 0.1111, 0.0, 0.0, 1.0, 0.0, 0.1538, 0.0, 0.0, 0.0, 0.0, 0.0, 0.8571, 0.0, 0.0909, 0.0, 0.0, 0.0, 0.0, 0.0714, 0.8889, 0.0, 0.0, 0.1, 0.0, 0.0, 0.0, 0.0, 0.8571, 0.0, 0.1429, 0.0, 0.0, 0.0714, 0.0, 0.0, 0.0, 0.0, 0.0, 0.0, 0.0, 0.125, 0.0, 0.1, 0.0, 0.0, 0.0, 0.0, 0.0, 0.0, 0.0, 0.0, 0.0, 0.0, 0.0, 0.0, 0.0, 0.0, 0.0, 0.0, 0.0, 0.0, 0.0, 0.0, 0.0, 0.0, 0.0, 0.1111, 0.1667, 0.0, 0.125, 0.0, 0.0, 0.0, 0.0, 0.0, 0.0, 0.0, 0.0, 0.0, 0.0, 0.1111, 0.2222, 0.1111, 0.0]"
5,24,broadcast,0.059,0.059,0.059,0.0,13,True,118,0,276,1606,0,"[0.0, 0.024, 0.0285, 0.033, 0.0385, 0.042, 0.0455, 0.048, 0.051, 0.0535, 0.0555, 0.0575, 0.059, 0.059, 0.059, 0.059, 0.059, 0.059, 0.059, 0.059, 0.059, 0.059, 0.059, 0.059, 0.059, 0.059, 0.059, 0.059, 0.059, 0.059, 0.059, 0.059, 0.059, 0.059, 0.059, 0.059, 0.059, 0.059, 0.059, 0.059, 0.059, 0.059, 0.059, 0.059, 0.059, 0.059, 0.059, 0.059, 0.059, 0.059, 0.059, 0.059, 0.059, 0.059, 0.059, 0.059, 0.059, 0.059, 0.059, 0.059, 0.059, 0.059, 0.059, 0.059, 0.059, 0.059, 0.059, 0.059, 0.059, 0.059, 0.059, 0.059, 0.059, 0.059, 0.059, 0.059, 0.059, 0.059, 0.059, 0.059, 0.059, 0.059, 0.059, 0.059, 0.059, 0.059, 0.059, 0.059, 0.059, 0.059, 0.059, 0.059, 0.059, 0.059, 0.059, 0.059, 0.059, 0.059, 0.059, 0.059, 0.059]","{""0"": 0.0291, ""1"": 0.025, ""2"": 0.1201, ""3"": 0.1907, ""4"": 0.0413, ""5"": 0.0287, ""6"": 0.0289, ""7"": 0.0042}","[0.0, 0.2, 0.0, 0.0, 1.0, 0.0, 0.0, 0.0, 0.0, 0.0, 0.0, 0.0909, 0.9, 0.0, 0.0, 0.0, 0.0, 0.0, 0.0, 0.0, 0.8333, 0.0, 0.0, 0.0, 0.0, 0.0, 0.0, 0.1, 0.0, 0.1818, 0.125, 0.0, 0.0, 0.0, 0.0, 0.1111, 0.0, 0.0, 0.0, 0.0667, 0.0, 0.0, 0.0, 0.0, 0.0, 0.0, 0.0, 0.0, 0.0, 0.0, 0.1429, 0.0, 0.0, 0.0, 0.0, 0.0714, 0.0, 0.0, 0.0, 0.125, 0.0, 0.0, 0.0, 0.0, 0.0, 0.0, 0.0, 0.1667, 0.0, 0.0, 0.0, 0.0, 0.0, 0.0, 0.0, 0.1, 0.0, 0.0, 0.1111, 0.1429, 0.0, 0.0, 0.0, 0.0, 0.0, 0.0, 0.1111, 0.0, 0.0, 0.0, 0.0, 0.0, 0.3333, 0.0, 0.0, 0.2857, 0.0, 0.0, 0.0, 0.0, 0.0, 0.0, 0.0, 0.0, 0.0, 0.0, 0.0909, 0.0, 0.0, 0.0, 0.0, 0.0, 0.0, 0.0, 0.0, 0.0, 0.0, 0.1, 0.1, 0.0, 0.0, 0.1429, 0.0, 0.0, 0.0, 0.0, 0.0, 0.0, 0.0, 0.0, 0.0, 0.0, 0.0, 0.0, 0.0769, 0.1667, 0.0, 0.2, 0.0, 0.0, 0.0, 0.0, 0.0, 0.0, 0.0, 0.0, 0.0, 0.375, 0.0, 0.0, 0.0, 0.0, 0.0, 0.0, 0.0, 0.875, 0.0, 0.0, 0.0, 0.0, 0.0, 0.0, 0.1111, 0.8889, 0.1111, 0.0, 0.0, 0.0, 0.1, 0.0, 0.0, 0.8, 0.0, 0.125, 0.125, 0.0, 0.0, 0.0, 0.1429, 0.1, 0.0, 0.0, 0.0, 0.0, 0.0, 0.3333, 0.1538, 0.0, 0.0, 0.0, 0.0, 0.1429, 0.0, 0.0, 0.0, 0.0, 0.0, 0.0, 0.1429, 0.0, 0.0, 0.0, 0.0, 0.0833, 0.0, 0.1667, 0.0, 0.0, 0.0, 0.0, 0.0, 0.0, 0.0, 0.2222, 0.0, 0.0, 0.0, 0.0, 0.0, 0.0, 0.5714, 0.125, 0.0, 0.0, 0.0, 0.0, 0.0, 0.0, 0.625, 0.0, 0.0, 0.0, 0.0, 0.0, 0.0, 0.0, 0.7143, 0.0, 0.0, 0.0, 0.0, 0.0, 0.0, 0.0, 0.9, 0.3333, 0.0, 0.0, 0.0, 0.0]"
5,25,broadcast,0.075,0.075,0.075,0.0,18,True,150,0,288,1562,0,"[0.0, 0.02, 0.025, 0.029, 0.034, 0.0405, 0.0465, 0.0515, 0.055, 0.0585, 0.061, 0.066, 0.0675, 0.0695, 0.072, 0.074, 0.0745, 0.075, 0.075, 0.075, 0.075, 0.075, 0.075, 0.075, 0.075, 0.075, 0.075, 0.075, 0.075, 0.075, 0.075, 0.075, 0.075, 0.075, 0.075, 0.075, 0.075, 0.075, 0.075, 0.075, 0.075, 0.075, 0.075, 0.075, 0.075, 0.075, 0.075, 0.075, 0.075, 0.075, 0.075, 0.075, 0.075, 0.075, 0.075, 0.075, 0.075, 0.075, 0.075, 0.075, 0.075, 0.075, 0.075, 0.075, 0.075, 0.075, 0.075, 0.075, 0.075, 0.075, 0.075, 0.075, 0.075, 0.075, 0.075, 0.075, 0.075, 0.075, 0.075, 0.075, 0.075, 0.075, 0.075, 0.075, 0.075, 0.075, 0.075, 0.075, 0.075, 0.075, 0.075, 0.075, 0.075, 0.075, 0.075, 0.075, 0.075, 0.075, 0.075, 0.075, 0.075]","{""0"": 0.0153, ""1"": 0.1796, ""2"": 0.0219, ""3"": 0.0934, ""4"": 0.2448, ""5"": 0.0083, ""6"": 0.0087, ""7"": 0.0357}","[0.0, 0.0, 0.7143, 0.125, 0.0, 0.0, 0.0, 0.0, 0.0, 0.0, 1.0, 0.0, 0.0, 0.0, 0.0, 0.0, 0.0, 0.0, 0.6667, 0.0, 0.0, 0.0, 0.0, 0.0, 0.0, 0.0, 1.0, 0.0, 0.0, 0.1111, 0.0, 0.0, 0.0, 0.0, 0.6667, 0.0, 0.0, 0.4, 0.0, 0.1429, 0.4, 0.0, 0.8, 0.0, 0.0, 0.1429, 0.0, 0.0, 0.0, 0.0, 0.6667, 0.0, 0.0, 0.0, 0.0, 0.0, 0.0769, 0.0, 0.0769, 0.1111, 0.0, 0.0769, 0.0, 0.0, 0.0, 0.0909, 0.0, 0.0, 0.0, 0.0, 0.0, 0.0, 0.0, 0.0, 0.0, 0.0, 0.0, 0.0, 0.0, 0.0, 0.0, 0.1429, 0.0, 0.0, 0.0, 0.0, 0.0, 0.0, 0.0, 0.0, 0.0, 0.0, 0.2857, 0.0, 0.0, 0.0, 0.125, 0.0, 0.0, 0.0, 0.0, 0.0, 0.0, 0.0, 0.0, 0.0, 0.0, 0.2222, 0.0, 0.0, 0.0, 0.0, 0.0, 0.0, 0.0, 0.0, 0.0, 1.0, 0.0, 0.0, 0.0, 0.0, 0.0, 0.125, 0.0, 1.0, 0.0, 0.0, 0.0, 0.0, 0.0, 0.0, 0.0, 0.875, 0.0, 0.0, 0.0, 0.0, 0.0, 0.25, 0.0, 0.75, 0.0909, 0.0, 0.0, 0.0, 0.0, 0.0, 0.0, 1.0, 0.0, 0.0, 0.0, 0.0, 0.0, 0.0, 0.0, 1.0, 0.0, 0.0, 0.0, 0.0, 0.0, 0.0, 0.0, 0.7778, 0.0, 0.0, 0.1, 0.0, 0.0, 0.0, 0.0, 0.8333, 0.0, 0.0, 0.0833, 0.1, 0.0, 0.0, 0.0, 0.2, 0.0, 0.1667, 0.0, 0.0, 0.0, 0.0, 0.125, 0.0, 0.0, 0.0, 0.0, 0.0, 0.0, 0.0, 0.0, 0.0, 0.0, 0.0, 0.0, 0.0, 0.0, 0.0, 0.8462, 0.0, 0.0769, 0.0, 0.1, 0.0, 0.25, 0.0, 0.8571, 0.0, 0.0, 0.0, 0.0, 0.0, 0.0, 0.0, 0.5, 0.0, 0.0, 0.0, 0.125, 0.1, 0.5, 0.0, 0.0, 0.0, 0.0, 0.0, 0.0, 0.0, 0.0, 0.0, 0.0, 0.0, 0.0, 0.0, 0.1429, 0.0, 0.0, 0.0, 0.0, 0.0, 0.0, 0.0, 0.0, 0.0]"
5,26,broadcast,0.094,0.094,0.094,0.0,16,True,188,0,323,1489,0,"[0.0, 0.023, 0.027, 0.031, 0.0375, 0.0445, 0.052, 0.057, 0.064, 0.0725, 0.0795, 0.0845, 0.088, 0.0915, 0.0925, 0.094, 0.094, 0.094, 0.094, 0.094, 0.094, 0.094, 0.094, 0.094, 0.094, 0.094, 0.094, 0.094, 0.094, 0.094, 0.094, 0.094, 0.094, 0.094, 0.094, 0.094, 0.094, 0.094, 0.094, 0.094, 0.094, 0.094, 0.094, 0.094, 0.094, 0.094, 0.094, 0.094, 0.094, 0.094, 0.094, 0.094, 0.094, 0.094, 0.094, 0.094, 0.094, 0.094, 0.094, 0.094, 0.094, 0.094, 0.094, 0.094, 0.094, 0.094, 0.094, 0.094, 0.094, 0.094, 0.094, 0.094, 0.094, 0.094, 0.094, 0.094, 0.094, 0.094, 0.094, 0.094, 0.094, 0.094, 0.094, 0.094, 0.094, 0.094, 0.094, 0.094, 0.094, 0.094, 0.094, 0.094, 0.094, 0.094, 0.094, 0.094, 0.094, 0.094, 0.094, 0.094, 0.094]","{""0"": 0.0202, ""1"": 0.4151, ""2"": 0.013, ""3"": 0.0232, ""4"": 0.1878, ""5"": 0.0266, ""6"": 0.0203, ""7"": 0.0247}","[0.0, 0.0, 0.8571, 0.0, 0.0, 0.0, 0.0, 0.0, 0.0, 0.1, 1.0, 0.1429, 0.0, 0.0, 0.0, 0.1111, 0.0, 0.0, 0.75, 0.0, 0.0, 0.0, 0.0, 0.0, 0.0, 0.0, 0.8333, 0.0, 0.0, 0.0, 0.0, 0.1818, 0.0, 0.0, 1.0, 0.0, 0.0, 0.1667, 0.0, 0.0, 0.2, 0.0, 0.8, 0.0, 0.0, 0.0, 0.0, 0.0, 0.0, 0.2857, 0.8182, 0.0, 0.0, 0.125, 0.1429, 0.0, 0.0, 0.0, 0.7778, 0.0, 0.0, 0.0, 0.0, 0.1111, 0.0, 0.0, 0.875, 0.0, 0.1, 0.0, 0.0, 0.0, 0.0, 0.0, 0.875, 0.1667, 0.0769, 0.0, 0.0, 0.0, 0.0, 0.0, 0.0, 0.0, 0.3333, 0.0, 0.0, 0.0, 0.0, 0.0, 0.4444, 0.0, 0.125, 0.0, 0.125, 0.0, 0.0, 0.0, 0.6667, 0.0, 0.0, 0.0, 0.0833, 0.0, 0.0, 0.0, 1.0, 0.0, 0.0, 0.0, 0.0, 0.0, 0.0, 0.0, 0.8571, 0.0, 0.0, 0.0, 0.1429, 0.0, 0.0, 0.0, 0.9167, 0.0, 0.0, 0.0, 0.1111, 0.125, 0.0, 0.0, 0.0, 0.0, 0.125, 0.0, 0.0, 0.0, 0.0, 0.0, 0.0, 0.0, 0.0, 0.0, 0.0, 0.0, 0.0, 0.0, 0.0, 0.0, 0.0, 0.0, 0.0, 0.0, 0.0, 0.0, 0.0, 0.0, 0.0, 0.6667, 0.0, 0.0, 0.0, 0.0, 0.0, 0.0, 0.0, 1.0, 0.0, 0.0, 0.0, 0.1111, 0.0, 0.0, 0.0, 0.8571, 0.1429, 0.0, 0.0, 0.125, 0.0, 0.0, 0.0, 1.0, 0.0, 0.0, 0.0, 0.0, 0.0, 0.0, 0.0, 0.8571, 0.0, 0.0, 0.0, 0.0, 0.0, 0.1111, 0.0, 1.0, 0.0, 0.0, 0.0, 0.0, 0.25, 0.0, 0.0, 0.1429, 0.0, 0.0, 0.1111, 0.0, 0.0, 0.0, 0.0, 0.0, 0.0, 0.0, 0.0, 0.0, 0.0, 0.0, 0.0, 0.1667, 0.0, 0.0, 0.0, 0.0, 0.0, 0.0, 0.0, 0.0, 0.1111, 0.0, 0.2, 0.0, 0.0, 0.0, 0.0, 0.0, 0.0, 0.0, 0.1111, 0.0, 0.1429, 0.0, 0.0833, 0.0, 0.0, 0.0, 0.1667, 0.0]"
5,27,broadcast,0.0325,0.0325,0.0325,0.0,7,True,65,0,269,1666,0,"[0.0, 0.0215, 0.0255, 0.028, 0.0305, 0.032, 0.0325, 0.0325, 0.0325, 0.0325, 0.0325, 0.0325, 0.0325, 0.0325, 0.0325, 0.0325, 0.0325, 0.0325, 0.0325, 0.0325, 0.0325, 0.0325, 0.0325, 0.0325, 0.0325, 0.0325, 0.0325, 0.0325, 0.0325, 0.0325, 0.0325, 0.0325, 0.0325, 0.0325, 0.0325, 0.0325, 0.0325, 0.0325, 0.0325, 0.0325, 0.0325, 0.0325, 0.0325, 0.0325, 0.0325, 0.0325, 0.0325, 0.0325, 0.0325, 0.0325, 0.0325, 0.0325, 0.0325, 0.0325, 0.0325, 0.0325, 0.0325, 0.0325, 0.0325, 0.0325, 0.0325, 0.0325, 0.0325, 0.0325, 0.0325, 0.0325, 0.0325, 0.0325, 0.0325, 0.0325, 0.0325, 0.0325, 0.0325, 0.0325, 0.0325, 0.0325, 0.0325, 0.0325, 0.0325, 0.0325, 0.0325, 0.0325, 0.0325, 0.0325, 0.0325, 0.0325, 0.0325, 0.0325, 0.0325, 0.0325, 0.0325, 0.0325, 0.0325, 0.0325, 0.0325, 0.0325, 0.0325, 0.0325, 0.0325, 0.0325, 0.0325]","{""0"": 0.0163, ""1"": 0.0124, ""2"": 0.0571, ""3"": 0.0333, ""4"": 0.0036, ""5"": 0.087, ""6"": 0.0293, ""7"": 0.0229}","[0.1111, 0.0, 0.0, 0.0, 0.0, 0.0, 0.0, 0.0, 0.0, 0.0, 0.0, 0.0, 0.0, 0.0, 0.0, 0.125, 0.0, 0.0, 0.0, 0.1818, 0.0, 0.0, 0.0, 0.0, 0.125, 0.0, 0.0, 0.25, 0.0, 0.0, 0.0, 0.1667, 0.0, 0.125, 0.1111, 0.0, 0.1667, 0.0, 0.0, 0.0, 0.0, 0.2, 0.0, 0.125, 0.0833, 0.0, 0.0, 0.0, 0.0, 0.0, 0.0, 0.625, 0.0, 0.0, 0.0, 0.0, 0.0, 0.0, 0.0, 0.0, 0.0, 0.1429, 0.1111, 0.0, 0.0, 0.0, 0.0, 0.0, 0.125, 0.0, 1.0, 0.0909, 0.0, 0.0, 0.0, 0.0, 0.1111, 0.0, 0.7778, 0.0, 0.0, 0.0, 0.0, 0.0, 0.0, 0.0, 0.1, 0.0, 0.0, 0.0, 0.0, 0.0, 0.0, 0.0, 0.1111, 0.0, 0.0, 0.1429, 0.0, 0.0, 0.1, 0.0, 0.0, 0.0, 0.0, 0.0, 0.0, 0.1, 0.0, 0.0, 0.0667, 0.0, 0.0, 0.0, 0.0, 0.0, 0.1111, 0.0, 0.0, 0.0, 0.0, 0.0, 0.0, 0.0, 0.0, 0.0, 0.0, 0.0, 0.0, 0.0, 0.0, 0.0833, 0.0, 0.0, 0.0, 0.0, 0.125, 0.0, 0.0, 0.0, 0.0, 0.0, 0.0, 0.0, 0.0, 0.0, 0.0, 0.1667, 0.0, 0.0, 0.0, 0.0, 0.1667, 0.0, 0.0, 0.0, 0.0, 0.0, 0.25, 0.0, 0.0, 0.0, 0.0, 0.0, 0.0, 0.0, 0.2857, 0.0, 0.0, 0.0, 0.0, 0.0, 0.0, 0.0, 0.0, 0.0, 0.25, 0.0, 0.0, 0.0, 0.0, 0.0, 0.0, 0.0, 0.0, 0.0, 0.0, 0.1, 0.1429, 0.0, 0.125, 0.3333, 0.0, 0.0, 0.0, 0.0, 0.0, 0.0, 0.125, 0.0, 0.0, 0.0, 0.0, 0.0, 0.25, 0.0, 0.0, 0.0, 0.0, 0.0, 0.0, 0.0, 0.0, 0.0, 0.0, 0.0, 0.0, 0.0, 0.0, 0.0, 0.0, 0.0, 0.0, 0.1111, 0.0, 0.125, 0.0, 0.0, 0.0, 0.0, 0.0, 0.0, 0.0, 0.0, 0.1429, 0.0, 0.0, 0.0, 0.0, 0.2857, 0.0, 0.0, 0.0, 0.0, 0.0, 0.0, 0.0, 0.0, 0.0833, 0.0]"
5,28,broadcast,0.0715,0.0715,0.0715,0.0,16,True,143,0,288,1569,0,"[0.0, 0.0205, 0.026, 0.0315, 0.0375, 0.0455, 0.049, 0.0505, 0.054, 0.0575, 0.06, 0.062, 0.065, 0.0695, 0.071, 0.0715, 0.0715, 0.0715, 0.0715, 0.0715, 0.0715, 0.0715, 0.0715, 0.0715, 0.0715, 0.0715, 0.0715, 0.0715, 0.0715, 0.0715, 0.0715, 0.0715, 0.0715, 0.0715, 0.0715, 0.0715, 0.0715, 0.0715, 0.0715, 0.0715, 0.0715, 0.0715, 0.0715, 0.0715, 0.0715, 0.0715, 0.0715, 0.0715, 0.0715, 0.0715, 0.0715, 0.0715, 0.0715, 0.0715, 0.0715, 0.0715, 0.0715, 0.0715, 0.0715, 0.0715, 0.0715, 0.0715, 0.0715, 0.0715, 0.0715, 0.0715, 0.0715, 0.0715, 0.0715, 0.0715, 0.0715, 0.0715, 0.0715, 0.0715, 0.0715, 0.0715, 0.0715, 0.0715, 0.0715, 0.0715, 0.0715, 0.0715, 0.0715, 0.0715, 0.0715, 0.0715, 0.0715, 0.0715, 0.0715, 0.0715, 0.0715, 0.0715, 0.0715, 0.0715, 0.0715, 0.0715, 0.0715, 0.0715, 0.0715, 0.0715, 0.0715]","{""0"": 0.0962, ""1"": 0.0458, ""2"": 0.0539, ""3"": 0.017, ""4"": 0.0123, ""5"": 0.2891, ""6"": 0.0261, ""7"": 0.0184}","[0.3333, 0.0, 0.4286, 0.0, 0.0, 0.0, 1.0, 0.0, 0.0, 0.0, 0.5, 0.0, 0.0, 0.0, 1.0, 0.2, 0.0, 0.0, 0.2857, 0.0, 0.0, 0.0, 0.8333, 0.0, 0.0, 0.1111, 0.0, 0.0, 0.0, 0.0, 0.9231, 0.0, 0.0, 0.2857, 0.0, 0.0, 0.0, 0.0, 1.0, 0.0, 0.0, 0.0, 0.125, 0.0, 0.0, 0.0, 0.8889, 0.0, 0.0, 0.0, 0.0, 0.0, 0.0833, 0.0, 0.0909, 0.2, 0.0, 0.3, 0.125, 0.0, 0.0, 0.0, 0.0, 0.0, 0.0, 0.125, 0.1, 0.1, 0.0769, 0.0, 0.0, 0.0, 0.0, 0.0, 0.0, 0.0, 0.0, 0.0, 0.0, 0.0, 0.0, 0.0, 0.0, 0.0, 0.0, 0.0, 0.0, 0.0, 0.0, 0.0, 0.0, 0.0, 0.0, 0.0, 0.0833, 0.125, 0.0769, 0.0, 0.1667, 0.0, 0.0, 0.0, 0.0, 0.0, 0.0, 0.0, 0.0, 0.0, 0.0, 0.0, 0.0, 0.0, 0.0, 0.0, 0.0, 0.0, 0.1429, 0.0, 0.0833, 0.0, 0.0, 0.0, 0.0, 0.1, 0.0, 0.0, 0.0, 0.0, 0.0, 0.0, 0.0, 0.0, 0.0, 0.125, 0.0, 0.0, 0.125, 0.0, 0.0, 0.0, 0.0, 0.0, 0.0, 0.0, 0.0, 0.0, 0.0, 0.0, 0.0, 0.0, 0.0, 0.0, 0.0, 0.0, 0.0, 0.0, 0.0, 0.0, 0.0, 0.0, 0.0769, 0.0, 0.0, 0.0, 0.0, 0.0909, 0.0, 0.0, 0.0, 0.9091, 0.0, 0.8571, 0.0, 0.0, 0.1667, 0.0, 0.0, 0.75, 0.0, 0.7143, 0.1111, 0.0, 0.0, 0.125, 0.0, 0.0, 0.0, 0.0, 0.0, 0.0, 0.0, 0.0, 0.0, 0.0, 0.0, 0.0, 0.0, 0.0, 0.0, 0.0909, 0.0, 0.0, 0.0, 0.0, 0.0, 0.0, 0.0, 0.0, 0.0, 0.0, 0.0, 0.0, 0.0, 0.0, 0.0, 0.0, 0.0, 0.0, 0.0, 0.0, 0.0, 0.0, 0.6667, 0.0, 0.0, 0.0, 0.0, 0.0, 0.0, 0.1111, 0.875, 0.0, 0.0714, 0.0, 0.1, 0.0, 0.0, 0.0, 1.0, 0.1, 0.0, 0.0, 0.0, 0.0, 0.0, 0.0, 0.8571, 0.0, 0.125, 0.1111]"
5,29,broadcast,0.1865,0.1865,0.1865,-0.0,31,True,373,0,290,1337,0,"[0.0, 0.027, 0.0355, 0.0445, 0.0535, 0.0655, 0.0765, 0.085, 0.0915, 0.099, 0.106, 0.116, 0.1235, 0.1295, 0.133, 0.1375, 0.141, 0.1465, 0.1525, 0.157, 0.164, 0.1685, 0.173, 0.1775, 0.1795, 0.1805, 0.182, 0.183, 0.185, 0.186, 0.1865, 0.1865, 0.1865, 0.1865, 0.1865, 0.1865, 0.1865, 0.1865, 0.1865, 0.1865, 0.1865, 0.1865, 0.1865, 0.1865, 0.1865, 0.1865, 0.1865, 0.1865, 0.1865, 0.1865, 0.1865, 0.1865, 0.1865, 0.1865, 0.1865, 0.1865, 0.1865, 0.1865, 0.1865, 0.1865, 0.1865, 0.1865, 0.1865, 0.1865, 0.1865, 0.1865, 0.1865, 0.1865, 0.1865, 0.1865, 0.1865, 0.1865, 0.1865, 0.1865, 0.1865, 0.1865, 0.1865, 0.1865, 0.1865, 0.1865, 0.1865, 0.1865, 0.1865, 0.1865, 0.1865, 0.1865, 0.1865, 0.1865, 0.1865, 0.1865, 0.1865, 0.1865, 0.1865, 0.1865, 0.1865, 0.1865, 0.1865, 0.1865, 0.1865, 0.1865, 0.1865]","{""0"": 0.0711, ""1"": 0.3219, ""2"": 0.0409, ""3"": 0.2213, ""4"": 0.3918, ""5"": 0.2694, ""6"": 0.0262, ""7"": 0.1434}","[0.4444, 0.0, 0.0, 0.0, 0.9167, 0.875, 0.0, 0.0, 0.0, 0.0, 0.0, 0.0, 0.8182, 0.9167, 0.0, 0.0, 0.0, 0.0769, 0.0, 0.1111, 0.0833, 1.0, 0.0, 0.1667, 0.0, 0.0, 0.0, 0.0, 0.0, 1.0, 0.0, 0.0, 0.0, 0.0, 0.0, 0.0, 0.0, 0.8, 0.125, 0.0, 0.0, 0.0, 0.0, 0.0, 0.2857, 1.0, 0.6667, 0.0, 0.0909, 0.0, 0.0, 0.0, 0.0, 0.8889, 1.0, 0.0, 0.0, 0.3, 0.1, 0.0, 0.0, 0.8889, 1.0, 0.0, 0.0, 0.2857, 0.0, 0.0, 0.0, 0.8571, 0.8889, 0.0, 0.0, 0.0, 0.0, 0.3333, 0.0, 0.7143, 0.625, 0.0, 0.1429, 0.0, 0.875, 0.0, 0.25, 1.0, 0.8333, 0.0, 0.0, 0.0, 1.0, 0.0, 0.0, 0.8333, 1.0, 0.0, 0.0, 0.0, 1.0, 0.0, 0.0, 0.8571, 1.0, 0.0, 0.0, 0.0, 0.6667, 0.0, 0.0, 0.8, 1.0, 0.0, 0.0, 0.0, 0.8333, 0.0, 0.125, 0.0, 1.0, 0.0, 0.0, 0.0, 0.875, 0.0769, 0.0, 0.0, 0.0, 0.1429, 0.0, 0.0, 0.625, 0.0, 0.0, 0.0, 0.0, 0.0, 0.0, 0.0, 1.0, 0.0, 0.0, 0.0, 0.0, 0.0, 0.0, 0.0, 0.8333, 0.0, 0.0, 0.0, 0.0, 0.0, 0.0, 0.25, 0.7778, 0.0, 0.0, 0.0, 0.0, 0.0, 0.0, 0.1429, 0.1, 0.5, 0.0, 0.0, 0.0, 0.0909, 0.0, 0.6667, 0.0, 0.0, 0.125, 0.0, 0.1, 0.0, 0.0833, 0.0833, 0.0, 0.0, 0.0, 0.0, 0.0, 0.1429, 0.8889, 0.0, 0.1429, 0.0, 0.0, 0.0833, 0.0, 0.0, 0.8333, 0.0, 0.0, 0.1429, 0.0, 0.0, 0.0, 0.1, 1.0, 0.0, 0.0, 0.0, 0.0, 0.0, 0.0, 0.0, 0.8, 0.0, 0.0, 0.0, 0.0, 0.0, 0.0, 0.0, 0.1429, 0.0, 0.3333, 0.0, 0.4286, 0.0, 0.0, 0.0, 0.2857, 0.1429, 1.0, 0.0, 1.0, 0.0, 0.0, 0.0, 0.0, 0.1538, 0.0, 0.1, 0.9091, 0.0, 0.0, 0.0, 0.2, 0.1111, 0.75, 0.0, 1.0, 0.8889, 0.0, 0.0, 0.1, 0.0]"
5,30,broadcast,0.057,0.057,0.057,-0.0,13,True,114,0,303,1583,0,"[0.0, 0.02, 0.026, 0.0295, 0.035, 0.041, 0.046, 0.0485, 0.0505, 0.052, 0.055, 0.0565, 0.057, 0.057, 0.057, 0.057, 0.057, 0.057, 0.057, 0.057, 0.057, 0.057, 0.057, 0.057, 0.057, 0.057, 0.057, 0.057, 0.057, 0.057, 0.057, 0.057, 0.057, 0.057, 0.057, 0.057, 0.057, 0.057, 0.057, 0.057, 0.057, 0.057, 0.057, 0.057, 0.057, 0.057, 0.057, 0.057, 0.057, 0.057, 0.057, 0.057, 0.057, 0.057, 0.057, 0.057, 0.057, 0.057, 0.057, 0.057, 0.057, 0.057, 0.057, 0.057, 0.057, 0.057, 0.057, 0.057, 0.057, 0.057, 0.057, 0.057, 0.057, 0.057, 0.057, 0.057, 0.057, 0.057, 0.057, 0.057, 0.057, 0.057, 0.057, 0.057, 0.057, 0.057, 0.057, 0.057, 0.057, 0.057, 0.057, 0.057, 0.057, 0.057, 0.057, 0.057, 0.057, 0.057, 0.057, 0.057, 0.057]","{""0"": 0.004, ""1"": 0.0518, ""2"": 0.0333, ""3"": 0.0398, ""4"": 0.0258, ""5"": 0.0165, ""6"": 0.0115, ""7"": 0.2565}","[0.1111, 0.0, 0.0, 0.0, 0.25, 0.0, 0.0, 0.0, 0.9, 0.0, 0.0, 0.0, 0.0, 0.0, 0.0, 0.0, 0.9, 0.0, 0.0, 0.0, 0.0, 0.0, 0.1667, 0.0, 1.0, 0.0, 0.6667, 0.0, 0.0, 0.0, 0.0, 0.0, 1.0, 0.0, 0.0, 1.0, 0.0, 0.0625, 0.0, 0.0, 0.9, 0.0, 0.1667, 0.0, 0.0, 0.1, 0.0, 0.0, 0.875, 0.0, 0.0, 0.0, 0.0, 0.0, 0.0, 0.0, 0.8333, 0.125, 0.0, 0.0, 0.0, 0.0, 0.0, 0.0, 0.8889, 0.0, 0.0, 0.0, 0.0, 0.0, 0.0, 0.0, 0.5, 0.0, 0.0, 0.0, 0.0, 0.0, 0.0, 0.0, 0.0, 0.0, 0.0833, 0.0, 0.0, 0.0, 0.0, 0.0, 0.0, 0.0, 0.0, 0.0, 0.1, 0.0, 0.0, 0.0, 0.0, 0.0, 0.0, 0.2, 0.0, 0.0, 0.0, 0.0, 0.0, 0.0, 0.0, 0.0, 0.0, 0.0, 0.0, 0.0, 0.0, 0.0, 0.0, 0.0, 0.0, 0.0, 0.0, 0.125, 0.0, 0.0, 0.0, 0.0, 0.0, 0.0, 0.0, 0.0, 0.0, 0.0, 0.0, 0.0, 0.0, 0.2857, 0.0, 0.0, 0.1, 0.0, 0.0, 0.0, 0.0, 0.0, 0.0, 0.0, 0.0, 0.0, 0.1111, 0.0, 0.125, 0.0, 0.0, 0.0, 0.0, 0.0, 0.1429, 0.0, 0.0909, 0.0, 0.0, 0.0, 0.0, 0.0, 0.0833, 0.0, 0.0, 0.0, 0.0, 0.0, 0.0, 0.0, 0.0, 0.0, 0.0, 0.0, 0.0, 0.1111, 0.0, 0.0, 0.0, 0.0, 0.25, 0.0, 0.0, 0.0, 0.1429, 0.0, 0.0, 0.0, 0.0, 0.0, 0.0909, 0.0, 0.1, 0.0, 0.0, 0.0, 0.125, 0.0, 0.0, 0.0, 0.0833, 0.0, 0.0, 0.0, 0.0, 0.1429, 0.0909, 0.0, 0.0, 0.0, 0.0, 0.0, 0.0, 0.0, 0.0, 0.1, 0.0, 0.0, 0.0, 0.0, 0.0, 0.0, 0.0, 0.0, 0.0, 0.0, 0.0, 0.0, 0.0, 0.0, 0.0, 0.0, 0.0, 0.0, 0.0, 0.0, 0.0, 0.0, 0.0, 0.0, 0.0, 0.0, 0.0, 0.0, 0.25, 0.0, 0.1429, 0.0, 0.1, 0.0]"
5,31,broadcast,0.042,0.042,0.042,0.0,10,True,84,0,310,1606,0,"[0.0, 0.023, 0.0265, 0.0315, 0.0335, 0.037, 0.0395, 0.0405, 0.0415, 0.042, 0.042, 0.042, 0.042, 0.042, 0.042, 0.042, 0.042, 0.042, 0.042, 0.042, 0.042, 0.042, 0.042, 0.042, 0.042, 0.042, 0.042, 0.042, 0.042, 0.042, 0.042, 0.042, 0.042, 0.042, 0.042, 0.042, 0.042, 0.042, 0.042, 0.042, 0.042, 0.042, 0.042, 0.042, 0.042, 0.042, 0.042, 0.042, 0.042, 0.042, 0.042, 0.042, 0.042, 0.042, 0.042, 0.042, 0.042, 0.042, 0.042, 0.042, 0.042, 0.042, 0.042, 0.042, 0.042, 0.042, 0.042, 0.042, 0.042, 0.042, 0.042, 0.042, 0.042, 0.042, 0.042, 0.042, 0.042, 0.042, 0.042, 0.042, 0.042, 0.042, 0.042, 0.042, 0.042, 0.042, 0.042, 0.042, 0.042, 0.042, 0.042, 0.042, 0.042, 0.042, 0.042, 0.042, 0.042, 0.042, 0.042, 0.042, 0.042]","{""0"": 0.0116, ""1"": 0.1016, ""2"": 0.0211, ""3"": 0.0616, ""4"": 0.0312, ""5"": 0.0202, ""6"": 0.016, ""7"": 0.0742}","[0.0, 0.0, 0.0, 0.0, 0.4, 0.0, 0.125, 0.0, 0.0, 0.0, 0.0, 0.0, 0.2222, 0.5, 0.0, 0.0, 0.125, 0.0, 0.1429, 0.1111, 0.0833, 0.0, 0.0, 0.0, 0.0, 0.0, 0.0, 0.0, 0.0, 0.0, 0.0, 0.0, 0.0, 0.0909, 0.0, 0.0, 0.0, 0.0, 0.0, 0.0, 0.0, 0.0, 0.0, 0.0, 0.0, 0.0667, 0.0, 0.0, 0.1429, 0.0, 0.0, 0.1429, 0.0, 0.0, 0.125, 0.0, 0.625, 0.0, 0.0, 0.0, 0.0, 0.0, 0.0, 0.0, 0.7143, 0.0, 0.0, 0.0, 0.0, 0.0, 0.0, 0.0, 0.0, 0.0, 0.0, 0.0, 0.125, 0.2, 0.0, 0.0, 0.125, 0.0, 0.1667, 0.0, 0.8571, 0.0, 0.0, 0.0, 0.0, 0.0, 0.0, 0.0, 0.0, 0.0, 0.0, 0.125, 0.0, 0.1111, 0.0, 0.0, 0.0, 0.0, 0.0, 0.0, 0.0, 0.0, 0.1, 0.1429, 0.0, 0.1111, 0.0, 0.0, 0.0, 0.0, 0.0, 0.0, 0.0909, 0.0, 0.0, 0.0, 0.1429, 0.0, 0.5, 0.0, 0.1, 0.0, 0.0833, 0.0, 0.0, 0.0, 0.1429, 0.0, 0.0, 0.0, 0.0, 0.0, 0.0, 0.1, 0.0, 0.1429, 0.0, 0.0, 0.0, 0.0, 0.1111, 0.0, 0.75, 0.0, 0.0833, 0.0, 0.1111, 0.1429, 0.0, 0.0, 0.6667, 0.0, 0.0, 0.0, 0.0, 0.0, 0.0, 0.0, 0.9, 0.125, 0.0, 0.0, 0.0, 0.0, 0.1667, 0.0, 0.5, 0.0, 0.0, 0.0, 0.0, 0.1667, 0.0, 0.0, 0.0, 0.0, 0.0, 0.0, 0.0, 0.0, 0.1, 0.0, 0.0, 0.0, 0.0, 0.0, 0.0, 0.0, 0.0, 0.0, 0.0, 0.0, 0.0833, 0.1111, 0.0, 0.0, 0.0, 0.0, 0.0, 0.0, 0.0, 0.0, 0.1429, 0.0, 0.0, 0.0, 0.0, 0.0, 0.0, 0.0, 0.0, 0.0, 0.0, 0.0, 0.0, 0.0, 0.0, 0.0, 0.0, 0.125, 0.0, 0.0, 0.0, 0.0, 0.1667, 0.0, 0.0, 0.0, 0.0, 0.0, 0.0, 0.0, 0.0, 0.0, 0.0, 0.0, 0.0, 0.0, 0.0, 0.0, 0.0, 0.0, 0.0, 0.0, 0.0, 0.0]"
5,32,broadcast,0.062,0.062,0.062,-0.0,13,True,124,0,311,1565,0,"[0.0, 0.0215, 0.0255, 0.0295, 0.0355, 0.0425, 0.0455, 0.048, 0.0515, 0.055, 0.059, 0.0615, 0.062, 0.062, 0.062, 0.062, 0.062, 0.062, 0.062, 0.062, 0.062, 0.062, 0.062, 0.062, 0.062, 0.062, 0.062, 0.062, 0.062, 0.062, 0.062, 0.062, 0.062, 0.062, 0.062, 0.062, 0.062, 0.062, 0.062, 0.062, 0.062, 0.062, 0.062, 0.062, 0.062, 0.062, 0.062, 0.062, 0.062, 0.062, 0.062, 0.062, 0.062, 0.062, 0.062, 0.062, 0.062, 0.062, 0.062, 0.062, 0.062, 0.062, 0.062, 0.062, 0.062, 0.062, 0.062, 0.062, 0.062, 0.062, 0.062, 0.062, 0.062, 0.062, 0.062, 0.062, 0.062, 0.062, 0.062, 0.062, 0.062, 0.062, 0.062, 0.062, 0.062, 0.062, 0.062, 0.062, 0.062, 0.062, 0.062, 0.062, 0.062, 0.062, 0.062, 0.062, 0.062, 0.062, 0.062, 0.062, 0.062]","{""0"": 0.0338, ""1"": 0.0204, ""2"": 0.0269, ""3"": 0.216, ""4"": 0.0667, ""5"": 0.0223, ""6"": 0.0166, ""7"": 0.095}","[0.0, 0.0, 0.0, 0.0, 0.0, 0.0, 0.0, 0.1667, 0.0, 0.0, 0.0, 0.0, 0.0, 0.0, 0.0, 0.0, 0.0, 0.25, 0.0, 0.0, 0.0, 0.0, 0.0, 0.0, 0.0, 0.0, 0.0, 0.0, 0.0, 0.0, 0.0, 0.0, 0.0, 0.0, 0.0909, 0.0, 0.0, 0.0, 0.0, 0.0, 0.0, 0.1429, 0.0, 0.0, 0.0, 0.0, 0.0, 0.0, 0.0, 0.0, 0.0, 0.0, 0.0, 0.0, 0.0, 0.0, 0.0, 0.0, 0.0, 0.0, 0.0, 0.0, 0.0833, 0.0, 0.0, 0.125, 0.0, 0.2857, 0.1429, 0.0, 0.0, 0.0833, 0.0, 0.0, 0.0, 0.0, 0.0, 0.0, 0.0, 0.0, 0.0, 0.125, 0.0, 0.125, 0.125, 0.0, 0.2, 0.0, 0.0, 0.0, 0.0, 0.0, 0.0, 0.0, 0.0, 0.0, 0.0, 0.0, 0.0, 0.0, 0.0, 0.0, 0.0, 0.0, 0.0, 0.0, 0.0, 0.1429, 0.0, 0.0, 0.0, 0.0, 0.0, 0.0, 0.0, 0.0, 0.0, 0.0, 0.0, 0.0, 0.0, 0.0, 0.1429, 0.0, 0.5, 0.8, 0.0, 0.0, 0.0, 0.0, 0.1111, 0.0, 0.9, 1.0, 0.0, 0.0, 0.0, 0.0, 0.1667, 0.1111, 0.8333, 0.8, 0.0, 0.0, 0.0, 0.1429, 0.0, 0.0, 0.8889, 0.0, 0.0, 0.0, 0.0, 0.1667, 0.0, 0.0, 0.75, 0.0, 0.0, 0.0, 0.0, 0.0, 0.0, 0.0, 0.8571, 0.0, 0.0, 0.0, 0.0, 0.2, 0.0, 0.1429, 0.875, 0.1667, 0.0, 0.0, 0.0, 0.1429, 0.0, 0.0, 1.0, 0.0, 0.0, 0.0, 0.2222, 0.0, 0.0, 0.0, 0.0, 0.0, 0.0, 0.0, 0.0, 0.0, 0.0, 0.0, 0.0, 0.0, 0.0833, 0.0, 0.1429, 0.0, 0.0, 0.0, 0.0, 0.0, 0.1, 0.0, 0.0, 0.0, 0.0, 0.0, 0.0, 0.0, 0.1111, 0.0, 0.0, 0.0, 0.0, 0.0, 0.0, 0.0, 0.0, 0.0, 0.9, 0.0, 0.0, 0.0, 0.0, 0.0, 0.0, 0.1, 0.6667, 0.0, 0.1667, 0.0769, 0.0833, 0.0, 0.0, 0.0, 0.8333, 0.0, 0.0, 0.0, 0.0, 0.0, 0.0, 0.1429, 0.25, 0.0]"
5,33,broadcast,0.1625,0.1625,0.1625,-0.0,48,True,325,0,288,1387,0,"[0.0, 0.0225, 0.0275, 0.032, 0.039, 0.045, 0.0515, 0.0595, 0.0685, 0.0755, 0.0805, 0.086, 0.09, 0.092, 0.096, 0.099, 0.103, 0.106, 0.1085, 0.1105, 0.1125, 0.114, 0.1145, 0.116, 0.117, 0.1175, 0.118, 0.12, 0.1215, 0.123, 0.1255, 0.129, 0.1355, 0.139, 0.14, 0.1415, 0.1435, 0.1465, 0.1505, 0.1545, 0.1565, 0.1575, 0.158, 0.1585, 0.159, 0.1605, 0.162, 0.1625, 0.1625, 0.1625, 0.1625, 0.1625, 0.1625, 0.1625, 0.1625, 0.1625, 0.1625, 0.1625, 0.1625, 0.1625, 0.1625, 0.1625, 0.1625, 0.1625, 0.1625, 0.1625, 0.1625, 0.1625, 0.1625, 0.1625, 0.1625, 0.1625, 0.1625, 0.1625, 0.1625, 0.1625, 0.1625, 0.1625, 0.1625, 0.1625, 0.1625, 0.1625, 0.1625, 0.1625, 0.1625, 0.1625, 0.1625, 0.1625, 0.1625, 0.1625, 0.1625, 0.1625, 0.1625, 0.1625, 0.1625, 0.1625, 0.1625, 0.1625, 0.1625, 0.1625, 0.1625]","{""0"": 0.8, ""1"": 0.2653, ""2"": 0.0156, ""3"": 0.015, ""4"": 0.0149, ""5"": 0.0195, ""6"": 0.2055, ""7"": 0.0242}","[0.1111, 0.8889, 0.0, 0.0, 0.0, 0.0, 0.0, 0.0, 0.0, 0.6429, 0.0, 0.0, 0.0, 0.0, 0.0, 0.0, 0.0, 0.0, 0.0, 0.0, 0.0, 0.0, 0.0, 0.0, 0.0, 0.0, 0.0667, 0.0, 0.0, 0.0, 0.0, 0.0, 0.0, 0.0, 0.0, 0.0, 0.125, 0.0, 0.0, 0.0, 0.0, 0.8889, 0.0, 0.0, 0.0, 0.0, 0.0, 0.0, 0.0, 0.7778, 0.0, 0.0, 0.0, 0.1111, 0.0, 0.0, 0.1429, 0.8571, 0.1429, 0.0, 0.0, 0.0, 0.1667, 0.0, 0.0, 1.0, 0.2857, 0.0, 0.0, 0.0, 0.0, 0.0, 0.0, 0.9, 0.0, 0.1, 0.0, 0.0, 0.0, 0.0, 0.1111, 1.0, 0.0, 0.0, 0.0, 0.0, 0.1667, 0.0, 0.0, 0.6667, 0.0, 0.1111, 0.0, 0.0, 0.0, 0.0, 0.0, 0.7143, 0.1, 0.0, 0.0909, 0.0, 0.0, 0.0, 0.0, 1.0, 0.0, 0.0, 0.1, 0.0, 0.1429, 0.0, 0.0, 1.0, 0.2222, 0.0, 0.0, 0.0, 0.0, 0.0, 0.0909, 0.7778, 0.1667, 0.0, 0.0, 0.125, 0.0, 0.0, 0.0, 1.0, 0.0, 0.0, 0.0, 0.0, 0.0, 0.0, 0.0, 1.0, 0.0, 0.0, 0.0, 0.0, 0.1429, 0.0, 0.0, 0.625, 1.0, 0.0, 0.0, 0.0, 0.0, 0.0, 0.0, 1.0, 0.875, 0.0, 0.0, 0.0, 0.0, 0.0, 0.1429, 0.7143, 0.7778, 0.0, 0.0, 0.0769, 0.0, 0.0, 0.0, 0.75, 1.0, 0.2857, 0.0, 0.1111, 0.0, 0.0, 0.0, 1.0, 1.0, 0.0, 0.0, 0.0, 0.0, 0.0, 0.1, 0.9, 1.0, 0.0, 0.0, 0.0, 0.0, 0.6, 0.0, 1.0, 0.6667, 0.0, 0.1111, 0.0, 0.0, 0.8889, 0.0, 0.8571, 0.8333, 0.0, 0.0, 0.0, 0.0, 0.7778, 0.0, 1.0, 0.125, 0.0, 0.0, 0.0, 0.0, 1.0, 0.0, 1.0, 0.125, 0.0, 0.0, 0.0, 0.1429, 1.0, 0.1429, 0.8889, 0.1111, 0.0, 0.0, 0.0, 0.0, 1.0, 0.0, 1.0, 0.0, 0.0, 0.0, 0.0, 0.0, 0.6667, 0.0, 0.875, 0.0, 0.0, 0.0, 0.0, 0.0, 0.0, 0.0, 1.0]"
5,34,broadcast,0.1255,0.1255,0.1255,0.0,27,True,251,0,301,1448,0,"[0.0, 0.0175, 0.0215, 0.0275, 0.0375, 0.0495, 0.0555, 0.0625, 0.0685, 0.074, 0.078, 0.083, 0.086, 0.09, 0.0945, 0.1, 0.1025, 0.104, 0.1075, 0.112, 0.118, 0.1205, 0.122, 0.1225, 0.124, 0.125, 0.1255, 0.1255, 0.1255, 0.1255, 0.1255, 0.1255, 0.1255, 0.1255, 0.1255, 0.1255, 0.1255, 0.1255, 0.1255, 0.1255, 0.1255, 0.1255, 0.1255, 0.1255, 0.1255, 0.1255, 0.1255, 0.1255, 0.1255, 0.1255, 0.1255, 0.1255, 0.1255, 0.1255, 0.1255, 0.1255, 0.1255, 0.1255, 0.1255, 0.1255, 0.1255, 0.1255, 0.1255, 0.1255, 0.1255, 0.1255, 0.1255, 0.1255, 0.1255, 0.1255, 0.1255, 0.1255, 0.1255, 0.1255, 0.1255, 0.1255, 0.1255, 0.1255, 0.1255, 0.1255, 0.1255, 0.1255, 0.1255, 0.1255, 0.1255, 0.1255, 0.1255, 0.1255, 0.1255, 0.1255, 0.1255, 0.1255, 0.1255, 0.1255, 0.1255, 0.1255, 0.1255, 0.1255, 0.1255, 0.1255, 0.1255]","{""0"": 0.2275, ""1"": 0.0081, ""2"": 0.0162, ""3"": 0.3583, ""4"": 0.3012, ""5"": 0.0533, ""6"": 0.0282, ""7"": 0.0039}","[0.2222, 1.0, 0.0, 0.0, 1.0, 0.6667, 0.5, 0.0, 0.0, 0.875, 0.0, 0.0, 0.7778, 0.5, 0.2857, 0.25, 0.0, 0.8, 0.0, 0.0, 1.0, 0.2, 0.2222, 0.0, 0.0, 0.0, 0.1429, 0.0, 0.8571, 0.0, 0.0, 0.1111, 0.0, 0.0, 0.0, 0.0, 0.7778, 0.0, 0.0, 0.0, 0.0, 0.0, 0.0, 0.0, 1.0, 0.0, 0.0, 0.0, 0.0, 0.0, 0.0909, 0.0, 1.0, 0.0, 0.0, 0.0, 0.0, 0.0, 0.0, 0.0, 1.0, 0.0, 0.1, 0.0714, 0.0, 0.0, 0.0, 0.0, 0.7778, 0.0, 0.0, 0.0, 0.0, 0.0, 0.0, 0.1429, 0.7143, 0.0, 0.0, 0.0, 0.0, 0.0, 0.0, 0.0, 0.1, 0.0, 0.0, 0.1, 0.0, 0.0, 0.0, 0.0909, 0.0, 0.9, 0.0, 0.0, 0.0, 0.0, 0.0, 0.0, 0.0, 0.9167, 0.0, 0.0, 0.0, 0.0, 0.0, 0.0, 0.0, 0.75, 0.0, 0.0, 0.0, 0.0, 0.0, 0.0, 0.0, 1.0, 0.1, 0.0, 0.0, 0.0, 0.0, 0.0, 0.1, 0.8889, 0.0, 0.0, 0.0, 0.0, 0.0, 0.0, 0.0, 0.6, 0.0, 0.125, 0.0, 0.0, 0.0, 0.0, 0.0, 0.0, 0.1, 0.125, 0.0, 0.0, 0.0, 0.0, 0.0, 0.0, 0.0, 0.0, 0.0, 0.0, 0.0, 0.0, 0.0, 0.0, 0.0, 0.0, 0.0, 0.0, 0.0, 0.0, 0.1, 0.0, 0.0, 0.0, 0.0, 0.0, 0.0, 0.0, 0.0, 0.0, 0.125, 0.0, 0.0, 0.0, 0.0, 0.0, 0.0, 0.0, 0.0, 0.0, 0.0, 0.0, 0.0, 0.0, 0.0, 0.0, 0.0, 0.0, 0.0, 0.0, 0.0, 0.0, 0.0, 0.0, 0.0, 0.0, 0.0, 0.0, 0.0, 0.125, 0.0, 0.0, 0.0, 0.1111, 0.0909, 1.0, 0.0, 0.0, 0.0909, 0.2, 0.0, 0.0, 0.0, 0.8571, 0.0, 0.0, 0.1667, 0.875, 0.0, 0.0, 0.0, 1.0, 0.0, 0.0, 0.625, 0.8333, 0.25, 0.0, 0.0, 0.6667, 0.0, 0.1429, 1.0, 1.0, 0.0, 0.0, 0.0, 0.8889, 0.0, 0.0, 0.75, 0.4, 0.0, 0.0, 0.0, 1.0]"
5,35,broadcast,0.0655,0.0655,0.0655,0.0,21,True,131,0,300,1569,0,"[0.0, 0.021, 0.023, 0.025, 0.0285, 0.0345, 0.039, 0.0415, 0.043, 0.044, 0.046, 0.0475, 0.0495, 0.052, 0.053, 0.0545, 0.058, 0.062, 0.0635, 0.065, 0.0655, 0.0655, 0.0655, 0.0655, 0.0655, 0.0655, 0.0655, 0.0655, 0.0655, 0.0655, 0.0655, 0.0655, 0.0655, 0.0655, 0.0655, 0.0655, 0.0655, 0.0655, 0.0655, 0.0655, 0.0655, 0.0655, 0.0655, 0.0655, 0.0655, 0.0655, 0.0655, 0.0655, 0.0655, 0.0655, 0.0655, 0.0655, 0.0655, 0.0655, 0.0655, 0.0655, 0.0655, 0.0655, 0.0655, 0.0655, 0.0655, 0.0655, 0.0655, 0.0655, 0.0655, 0.0655, 0.0655, 0.0655, 0.0655, 0.0655, 0.0655, 0.0655, 0.0655, 0.0655, 0.0655, 0.0655, 0.0655, 0.0655, 0.0655, 0.0655, 0.0655, 0.0655, 0.0655, 0.0655, 0.0655, 0.0655, 0.0655, 0.0655, 0.0655, 0.0655, 0.0655, 0.0655, 0.0655, 0.0655, 0.0655, 0.0655, 0.0655, 0.0655, 0.0655, 0.0655, 0.0655]","{""0"": 0.0195, ""1"": 0.2944, ""2"": 0.0077, ""3"": 0.0314, ""4"": 0.1046, ""5"": 0.0415, ""6"": 0.0246, ""7"": 0.0078}","[0.0, 0.0, 1.0, 0.0, 0.0, 0.0, 0.0, 0.0, 0.0, 0.0, 1.0, 0.0, 0.0, 0.125, 0.0, 0.0, 0.0, 0.0, 0.0, 0.0, 0.0, 0.0, 0.0, 0.0, 0.0, 0.0909, 0.0, 0.0, 0.0, 0.0769, 0.0, 0.0, 0.0, 0.0, 0.0, 0.0, 0.0, 0.1429, 0.0, 0.0833, 0.0, 0.0, 0.0, 0.0, 0.0909, 0.1667, 0.0, 0.0, 0.0, 0.0, 0.0, 0.0, 0.1111, 0.0909, 0.1429, 0.0, 0.0, 0.0, 0.0, 0.0, 0.0, 0.0, 0.0, 0.0, 0.0, 0.0, 0.0, 0.0, 0.0, 0.0, 0.0, 0.0, 0.0, 0.0, 0.1111, 0.0, 0.0, 0.0, 0.125, 0.0, 0.0, 0.0, 0.0, 0.0, 0.0, 0.0, 0.0, 0.0, 0.0833, 0.1429, 0.0, 0.0, 0.0, 0.1429, 0.625, 0.2, 0.0, 0.0, 0.0, 0.0, 0.0, 0.0, 0.0, 0.0, 0.0, 0.0, 0.0, 0.0, 0.0, 0.0, 0.0, 0.0, 0.0, 0.0909, 0.0, 0.0, 0.1111, 0.0, 0.0, 0.0, 0.0, 0.0, 0.0, 0.0, 0.0, 0.0, 0.0, 0.0, 0.0, 0.0, 0.125, 0.0, 0.0, 0.0, 0.0, 0.0, 0.0, 0.0, 0.0, 0.0, 0.0, 0.125, 0.1818, 0.0, 0.0, 0.0, 0.1, 0.1111, 0.0, 0.6, 0.0, 0.0, 0.0, 0.0, 0.0, 0.0, 0.0, 0.8333, 0.0, 0.0, 0.0, 0.0, 0.0, 0.0, 0.0, 1.0, 0.0, 0.0, 0.0, 0.0, 0.0, 0.0, 0.2222, 0.8, 0.0, 0.0, 0.1, 0.0909, 0.0, 0.1667, 0.0, 0.0, 0.0, 0.0, 0.0, 0.0, 0.1429, 0.0, 0.0, 0.0, 0.0, 0.0, 0.0, 0.0, 0.9, 0.0, 0.2857, 0.0, 0.0, 0.0, 0.0, 0.0, 1.0, 0.0, 0.0, 0.0, 0.0, 0.125, 0.0, 0.0, 1.0, 0.0, 0.0, 0.0, 0.0, 0.0, 0.0, 0.1429, 1.0, 0.0, 0.0, 0.0, 0.0, 0.1429, 0.0, 0.0, 0.7778, 0.0, 0.1111, 0.0, 0.0909, 0.0833, 0.0, 0.0, 0.8333, 0.0, 0.0, 0.0, 0.0, 0.1429, 0.0, 0.0, 0.8333, 0.0, 0.0, 0.0, 0.0, 0.0, 0.0, 0.0]"
5,36,broadcast,0.052,0.052,0.052,-0.0,9,True,104,0,294,1602,0,"[0.0, 0.0275, 0.032, 0.036, 0.039, 0.043, 0.047, 0.0505, 0.052, 0.052, 0.052, 0.052, 0.052, 0.052, 0.052, 0.052, 0.052, 0.052, 0.052, 0.052, 0.052, 0.052, 0.052, 0.052, 0.052, 0.052, 0.052, 0.052, 0.052, 0.052, 0.052, 0.052, 0.052, 0.052, 0.052, 0.052, 0.052, 0.052, 0.052, 0.052, 0.052, 0.052, 0.052, 0.052, 0.052, 0.052, 0.052, 0.052, 0.052, 0.052, 0.052, 0.052, 0.052, 0.052, 0.052, 0.052, 0.052, 0.052, 0.052, 0.052, 0.052, 0.052, 0.052, 0.052, 0.052, 0.052, 0.052, 0.052, 0.052, 0.052, 0.052, 0.052, 0.052, 0.052, 0.052, 0.052, 0.052, 0.052, 0.052, 0.052, 0.052, 0.052, 0.052, 0.052, 0.052, 0.052, 0.052, 0.052, 0.052, 0.052, 0.052, 0.052, 0.052, 0.052, 0.052, 0.052, 0.052, 0.052, 0.052, 0.052, 0.052]","{""0"": 0.1057, ""1"": 0.0478, ""2"": 0.125, ""3"": 0.0165, ""4"": 0.0241, ""5"": 0.0346, ""6"": 0.0252, ""7"": 0.0262}","[0.1111, 0.0, 0.0, 0.0, 0.0, 0.25, 0.0, 0.1667, 0.0, 0.0, 0.0, 0.0, 0.0, 0.0, 0.0, 0.0, 0.0, 0.2, 0.125, 0.0, 0.0, 0.0, 0.0, 0.0, 0.0, 0.0, 0.0, 0.0, 0.0, 0.0, 0.0769, 0.0, 0.0, 0.0, 0.0, 0.0, 0.0, 0.0, 0.0, 0.0, 0.0, 0.1111, 0.0, 0.0, 0.125, 0.0, 0.0, 0.0, 0.0, 0.0, 0.0, 0.1, 0.0, 0.0, 0.0, 0.0, 0.0, 0.0, 0.0, 0.8333, 0.0, 0.0, 0.0, 0.0, 0.0, 0.0, 0.0769, 1.0, 0.0, 0.0, 0.0, 0.0, 0.0, 0.0, 0.0, 0.8571, 0.0, 0.0, 0.0, 0.1111, 0.1667, 0.0, 0.0, 0.75, 0.125, 0.0, 0.0, 0.0, 0.0, 0.0, 0.0, 0.0, 0.0, 0.0, 0.0, 0.0, 0.0, 0.0909, 0.0, 0.2222, 0.0, 0.0, 0.2222, 0.0, 0.2, 0.0, 0.0, 0.1, 0.0, 0.0, 0.0, 0.2, 0.0, 0.0, 0.875, 0.0, 0.0, 0.0, 0.0, 0.1, 0.0, 0.0, 0.0, 0.0, 0.0, 0.0, 0.0, 0.0, 0.1, 0.0, 0.0, 0.0, 0.0, 0.0, 0.0, 0.0, 0.0, 0.8333, 0.0, 0.125, 0.0, 0.125, 0.0, 0.0, 0.0833, 0.9, 0.0, 0.0, 0.1429, 0.0, 0.0, 0.0, 0.0, 1.0, 0.0, 0.0, 0.0, 0.0, 0.0, 0.0, 0.0, 0.0, 0.0, 0.1429, 0.0, 0.1111, 0.0909, 0.0, 0.1111, 0.0, 0.0, 0.0, 0.0, 0.0, 0.0909, 0.0, 0.0, 0.0, 0.0, 0.0, 0.0, 0.0833, 0.0, 0.0, 0.125, 0.0, 0.0, 0.0, 0.0, 0.0, 0.0, 0.1818, 0.0, 0.0, 0.0, 0.0, 0.0, 0.0, 0.1818, 0.0, 0.0, 0.0, 0.1111, 0.0, 0.0, 0.0, 0.0, 0.0, 0.0, 0.0, 0.0, 0.0, 0.125, 0.0, 0.2, 0.0, 0.0, 0.0, 0.0, 0.2857, 0.0, 0.0, 0.0, 0.0, 0.0, 0.0, 0.1667, 0.0, 0.0, 0.0, 0.0, 0.0, 0.0, 0.0, 0.0, 0.0909, 0.0, 0.0, 0.0, 0.0, 0.0, 0.1111, 0.1429, 0.0, 0.0, 0.2, 0.0, 0.0, 0.0, 0.125]"
5,37,broadcast,0.207,0.207,0.207,0.0,44,True,414,0,280,1306,0,"[0.0, 0.021, 0.024, 0.028, 0.033, 0.038, 0.044, 0.0495, 0.054, 0.06, 0.0685, 0.074, 0.0775, 0.079, 0.082, 0.0855, 0.0895, 0.097, 0.103, 0.1065, 0.1085, 0.1115, 0.115, 0.118, 0.1205, 0.1255, 0.133, 0.1375, 0.141, 0.144, 0.1485, 0.1555, 0.1605, 0.165, 0.1685, 0.171, 0.1755, 0.181, 0.1865, 0.1915, 0.2005, 0.2045, 0.2065, 0.207, 0.207, 0.207, 0.207, 0.207, 0.207, 0.207, 0.207, 0.207, 0.207, 0.207, 0.207, 0.207, 0.207, 0.207, 0.207, 0.207, 0.207, 0.207, 0.207, 0.207, 0.207, 0.207, 0.207, 0.207, 0.207, 0.207, 0.207, 0.207, 0.207, 0.207, 0.207, 0.207, 0.207, 0.207, 0.207, 0.207, 0.207, 0.207, 0.207, 0.207, 0.207, 0.207, 0.207, 0.207, 0.207, 0.207, 0.207, 0.207, 0.207, 0.207, 0.207, 0.207, 0.207, 0.207, 0.207, 0.207, 0.207]","{""0"": 0.015, ""1"": 0.0124, ""2"": 0.0294, ""3"": 0.5494, ""4"": 0.0583, ""5"": 0.0336, ""6"": 0.0195, ""7"": 0.8797}","[0.1111, 0.0, 0.0, 0.0, 0.8333, 0.0, 0.0, 0.0, 0.8889, 0.1111, 0.0, 0.25, 0.0, 0.0, 0.0, 0.0, 0.8462, 0.0, 0.0, 0.0, 0.0, 0.0, 0.1429, 0.0, 1.0, 0.0, 0.0, 0.0, 0.0, 0.0, 0.0, 0.0, 1.0, 0.0, 0.0, 0.0, 0.0, 0.0, 0.125, 0.0, 0.8333, 0.1111, 0.0, 0.1667, 0.0833, 0.0, 0.0, 0.0, 0.7778, 0.0, 0.0, 0.2222, 0.0, 0.125, 0.0, 0.0, 1.0, 0.0, 0.0, 0.0, 0.0, 0.1538, 0.4286, 0.0, 1.0, 0.0, 0.0, 0.0, 0.0, 0.1429, 0.2, 0.125, 0.9286, 0.125, 0.0, 0.0, 0.0, 0.5, 0.0, 0.0, 0.8889, 0.0, 0.0, 0.0, 0.0, 0.0, 0.0, 0.0, 0.6667, 0.0, 0.0, 0.0, 0.1667, 0.0, 0.0, 0.0, 1.0, 0.0, 0.0, 0.0, 0.0, 0.0, 0.0, 0.0, 0.75, 0.0, 0.0, 0.0, 1.0, 0.0, 0.0, 0.3, 0.5455, 0.0, 0.0, 0.0, 0.9091, 0.0, 0.0, 0.0, 0.9091, 0.0, 0.0, 0.0, 0.8571, 0.0, 0.0, 0.0, 0.8182, 0.0, 0.0, 0.0, 0.8889, 0.0, 0.0, 0.0, 1.0, 0.0, 0.0, 0.0, 0.625, 0.625, 0.0, 0.0, 0.9, 0.0, 0.0, 0.0, 1.0, 0.1429, 0.0, 0.0, 1.0, 0.0, 0.0, 0.0, 1.0, 0.0, 0.0, 0.0, 0.875, 0.0, 0.0, 0.0, 0.8889, 0.0, 0.0, 0.1429, 0.8571, 0.1111, 0.0, 0.0, 0.75, 0.0, 0.0, 0.0, 1.0, 0.0, 0.0, 0.0, 1.0, 0.0, 0.0, 0.0, 0.5556, 0.0, 0.0, 0.0, 0.8571, 0.0, 0.0, 0.0, 1.0, 0.0, 0.0, 0.1, 1.0, 0.0, 0.0, 0.0, 1.0, 0.0, 0.0, 0.0, 1.0, 0.0, 0.1429, 0.0, 1.0, 0.0, 0.0, 0.0, 0.8333, 0.1111, 0.0, 0.0, 0.8571, 0.0, 0.0, 0.1111, 0.8889, 0.0, 0.0, 0.0, 1.0, 0.0, 0.0, 0.0, 0.875, 0.0, 0.0, 0.0, 0.6667, 0.0, 0.1429, 0.0, 0.8333, 0.0, 0.0, 0.0, 0.8889, 0.0, 0.2857, 0.0, 1.0, 0.0, 0.0, 0.0, 1.0, 0.0]"
5,38,broadcast,0.0305,0.0305,0.0305,0.0,7,True,61,0,314,1625,0,"[0.0, 0.0185, 0.023, 0.026, 0.028, 0.0295, 0.0305, 0.0305, 0.0305, 0.0305, 0.0305, 0.0305, 0.0305, 0.0305, 0.0305, 0.0305, 0.0305, 0.0305, 0.0305, 0.0305, 0.0305, 0.0305, 0.0305, 0.0305, 0.0305, 0.0305, 0.0305, 0.0305, 0.0305, 0.0305, 0.0305, 0.0305, 0.0305, 0.0305, 0.0305, 0.0305, 0.0305, 0.0305, 0.0305, 0.0305, 0.0305, 0.0305, 0.0305, 0.0305, 0.0305, 0.0305, 0.0305, 0.0305, 0.0305, 0.0305, 0.0305, 0.0305, 0.0305, 0.0305, 0.0305, 0.0305, 0.0305, 0.0305, 0.0305, 0.0305, 0.0305, 0.0305, 0.0305, 0.0305, 0.0305, 0.0305, 0.0305, 0.0305, 0.0305, 0.0305, 0.0305, 0.0305, 0.0305, 0.0305, 0.0305, 0.0305, 0.0305, 0.0305, 0.0305, 0.0305, 0.0305, 0.0305, 0.0305, 0.0305, 0.0305, 0.0305, 0.0305, 0.0305, 0.0305, 0.0305, 0.0305, 0.0305, 0.0305, 0.0305, 0.0305, 0.0305, 0.0305, 0.0305, 0.0305, 0.0305, 0.0305]","{""0"": 0.0215, ""1"": 0.0664, ""2"": 0.0286, ""3"": 0.0381, ""4"": 0.0123, ""5"": 0.0456, ""6"": 0.0315, ""7"": 0.0}","[0.0, 0.0, 0.0, 0.0, 0.0, 0.0, 0.0, 0.0, 0.0, 0.0, 0.0, 0.0909, 0.0, 0.0, 0.0, 0.0, 0.0, 0.0, 0.0, 0.2, 0.0, 0.0, 0.0, 0.1, 0.0, 0.0, 0.375, 0.1111, 0.0909, 0.0, 0.0, 0.0, 0.0, 0.25, 0.0, 0.0, 0.0, 0.0, 0.0, 0.0, 0.0, 0.0, 0.0909, 0.0, 0.0, 0.0, 0.0, 0.0, 0.0, 0.0, 0.0, 0.125, 0.0, 0.0, 0.0, 0.0, 0.0, 0.0, 0.1, 0.0, 0.0, 0.0, 0.1, 0.0, 0.0, 0.125, 0.0, 0.0, 0.2, 0.0, 0.0, 0.0, 0.0, 0.0, 0.875, 0.0, 0.0, 0.0, 0.0, 0.0, 0.0, 0.0, 0.0, 0.0, 0.0769, 0.1667, 0.0, 0.0, 0.0, 0.1111, 0.0, 0.1, 0.4286, 0.0, 0.0, 0.0, 0.0, 0.0, 0.0, 0.0, 0.0, 0.0, 0.2, 0.1667, 0.0, 0.0, 0.0, 0.0, 0.0, 0.0, 0.0, 0.0, 0.0, 0.0, 0.0, 0.0, 0.0, 0.1111, 0.0, 0.0769, 0.0, 0.0, 0.0, 0.0, 0.1667, 0.1429, 0.0, 0.0, 0.0, 0.0, 0.0, 0.0, 0.1429, 0.0, 0.0, 0.0, 0.0, 0.0, 0.0, 0.0, 0.0, 0.0, 0.0, 0.0, 0.0, 0.0, 0.3333, 0.0, 0.0, 0.0, 0.0, 0.0, 0.0, 0.1429, 0.0, 0.0, 0.0, 0.0, 0.0, 0.0, 0.0, 0.0, 0.0, 0.0, 0.0, 0.0, 0.2, 0.0, 0.0, 0.0, 0.0, 0.0, 0.1667, 0.0, 0.1333, 0.0, 0.0, 0.0, 0.0, 0.0, 0.0, 0.0, 0.8333, 0.0, 0.0, 0.0, 0.0, 0.125, 0.0, 0.0, 0.0, 0.0, 0.0, 0.0, 0.0, 0.0, 0.0, 0.0, 0.0, 0.1111, 0.0, 0.0, 0.0, 0.0, 0.0, 0.0, 0.0, 0.25, 0.0, 0.0, 0.0, 0.0, 0.0, 0.0, 0.0, 0.3333, 0.0, 0.0, 0.1429, 0.0, 0.0, 0.0, 0.0, 0.0, 0.0, 0.0, 0.125, 0.0, 0.0, 0.0, 0.1429, 0.0, 0.0, 0.0, 0.0, 0.0667, 0.0, 0.0, 0.0, 0.0, 0.0, 0.0, 0.0, 0.0, 0.0, 0.0, 0.0, 0.0, 0.0, 0.1667]"
5,39,broadcast,0.0695,0.0695,0.0695,0.0,16,True,139,0,304,1557,0,"[0.0, 0.0205, 0.024, 0.0275, 0.031, 0.034, 0.0365, 0.04, 0.045, 0.0515, 0.056, 0.06, 0.063, 0.0655, 0.0685, 0.0695, 0.0695, 0.0695, 0.0695, 0.0695, 0.0695, 0.0695, 0.0695, 0.0695, 0.0695, 0.0695, 0.0695, 0.0695, 0.0695, 0.0695, 0.0695, 0.0695, 0.0695, 0.0695, 0.0695, 0.0695, 0.0695, 0.0695, 0.0695, 0.0695, 0.0695, 0.0695, 0.0695, 0.0695, 0.0695, 0.0695, 0.0695, 0.0695, 0.0695, 0.0695, 0.0695, 0.0695, 0.0695, 0.0695, 0.0695, 0.0695, 0.0695, 0.0695, 0.0695, 0.0695, 0.0695, 0.0695, 0.0695, 0.0695, 0.0695, 0.0695, 0.0695, 0.0695, 0.0695, 0.0695, 0.0695, 0.0695, 0.0695, 0.0695, 0.0695, 0.0695, 0.0695, 0.0695, 0.0695, 0.0695, 0.0695, 0.0695, 0.0695, 0.0695, 0.0695, 0.0695, 0.0695, 0.0695, 0.0695, 0.0695, 0.0695, 0.0695, 0.0695, 0.0695, 0.0695, 0.0695, 0.0695, 0.0695, 0.0695, 0.0695, 0.0695]","{""0"": 0.0238, ""1"": 0.0078, ""2"": 0.1561, ""3"": 0.0395, ""4"": 0.042, ""5"": 0.0157, ""6"": 0.2461, ""7"": 0.0277}","[0.0, 0.0, 0.0, 0.0, 0.0, 0.0, 0.0, 0.375, 0.0, 0.1111, 0.1, 0.0, 0.0, 0.0, 0.0, 0.0, 0.1, 0.0, 0.0, 0.0, 0.0, 0.0, 0.0, 0.4444, 0.0, 0.0833, 0.0, 0.0, 0.3333, 0.0, 0.0, 0.125, 0.0, 0.0, 0.0, 0.0, 0.0, 0.0, 0.0, 0.0, 0.0, 0.0, 0.0, 0.0, 0.0, 0.1, 0.0, 0.0909, 0.0, 0.0, 0.0, 0.0, 0.0, 0.0, 0.0, 0.0, 0.0, 0.0, 0.0, 0.0, 0.0, 0.0, 0.0, 0.0, 0.0, 0.0, 0.0, 0.0, 0.1, 0.1667, 0.0, 0.0, 0.0, 0.0, 0.0, 0.0, 0.0, 0.0909, 0.0, 0.0833, 0.0, 0.0, 0.0, 0.1111, 0.0, 0.0, 0.0, 0.0, 0.0769, 0.0, 0.0, 0.0, 0.125, 0.0, 0.0, 0.0, 0.0, 0.1667, 0.0, 0.0, 0.0, 0.8333, 0.0, 0.0, 0.0, 0.0, 0.0, 0.0, 0.0, 0.0, 0.1, 0.0, 0.2, 0.0, 0.0, 0.0, 0.0, 0.0, 0.0, 0.0, 0.1429, 0.0, 0.0, 0.0, 0.0, 0.0, 0.0, 0.0, 0.0, 0.0, 0.0, 0.0, 0.1667, 0.1111, 0.0, 0.0, 0.0, 0.0, 0.0, 0.0, 0.0, 0.0, 0.25, 0.0, 0.0, 0.0, 0.0, 0.1429, 0.2, 0.0, 0.0, 0.0, 0.0, 0.0, 0.0, 1.0, 0.25, 0.0, 0.0, 0.0, 0.0, 0.0, 0.0, 1.0, 0.0, 0.0, 0.0, 1.0, 0.0, 0.0, 0.0, 1.0, 0.0, 0.0, 0.0, 0.7778, 0.0, 0.0, 0.0, 0.7143, 0.0, 0.0, 0.0, 0.9231, 0.0, 0.1111, 0.0, 1.0, 0.0, 0.0, 0.0, 0.8889, 0.1, 0.1, 0.0, 0.5, 0.0, 0.0, 0.0833, 1.0, 0.0, 0.0, 0.0, 0.0, 0.0, 0.0, 0.0, 0.8571, 0.0, 0.0, 0.0, 0.0, 0.0, 0.1, 0.125, 1.0, 0.0, 0.0, 0.125, 0.0, 0.0, 0.0, 0.0, 0.0, 0.0, 0.0, 0.0, 0.0, 0.0, 0.0, 0.0, 0.0, 0.0, 0.1429, 0.0, 0.0, 0.0, 0.0, 0.0, 0.0, 0.2, 0.0, 0.0, 0.0, 0.125, 0.0, 0.0, 0.0, 0.0, 0.0]"
5,40,broadcast,0.0395,0.0395,0.0395,0.0,9,True,79,0,294,1627,0,"[0.0, 0.023, 0.027, 0.03, 0.0325, 0.0345, 0.037, 0.0385, 0.0395, 0.0395, 0.0395, 0.0395, 0.0395, 0.0395, 0.0395, 0.0395, 0.0395, 0.0395, 0.0395, 0.0395, 0.0395, 0.0395, 0.0395, 0.0395, 0.0395, 0.0395, 0.0395, 0.0395, 0.0395, 0.0395, 0.0395, 0.0395, 0.0395, 0.0395, 0.0395, 0.0395, 0.0395, 0.0395, 0.0395, 0.0395, 0.0395, 0.0395, 0.0395, 0.0395, 0.0395, 0.0395, 0.0395, 0.0395, 0.0395, 0.0395, 0.0395, 0.0395, 0.0395, 0.0395, 0.0395, 0.0395, 0.0395, 0.0395, 0.0395, 0.0395, 0.0395, 0.0395, 0.0395, 0.0395, 0.0395, 0.0395, 0.0395, 0.0395, 0.0395, 0.0395, 0.0395, 0.0395, 0.0395, 0.0395, 0.0395, 0.0395, 0.0395, 0.0395, 0.0395, 0.0395, 0.0395, 0.0395, 0.0395, 0.0395, 0.0395, 0.0395, 0.0395, 0.0395, 0.0395, 0.0395, 0.0395, 0.0395, 0.0395, 0.0395, 0.0395, 0.0395, 0.0395, 0.0395, 0.0395, 0.0395, 0.0395]","{""0"": 0.0193, ""1"": 0.1162, ""2"": 0.0353, ""3"": 0.0241, ""4"": 0.0241, ""5"": 0.0163, ""6"": 0.0321, ""7"": 0.0478}","[0.2222, 0.0, 0.0, 0.0, 0.0, 0.0, 0.0, 0.0, 0.125, 0.0, 0.0, 0.1538, 0.0, 0.0, 0.0, 0.0, 0.0, 0.0, 0.125, 0.0667, 0.0, 0.0, 0.0, 0.0, 0.0, 0.0, 0.1429, 0.1667, 0.0, 0.1429, 0.0, 0.0, 0.0, 0.0, 0.2, 0.0, 0.0, 0.0, 0.125, 0.0, 0.0, 0.0, 0.0, 0.0, 0.0, 0.0, 0.0, 0.0, 0.0, 0.2, 0.0, 0.0, 0.0, 0.0, 0.0, 0.0, 0.0, 0.0, 0.0, 0.0, 0.0, 0.1667, 0.0, 0.0, 0.0, 0.1, 0.0, 0.1111, 0.2727, 0.2, 0.125, 0.0, 0.0, 0.0, 0.0, 0.0, 0.25, 0.0, 0.0, 0.125, 0.5455, 0.0, 0.0, 0.0, 0.0, 0.0833, 0.0, 0.0, 0.125, 0.0, 0.0, 0.0, 0.1, 0.0, 0.0, 0.0, 0.1111, 0.0, 0.0, 0.0, 0.0, 0.0, 0.0, 0.0, 0.0, 0.0, 0.0909, 0.0, 0.0, 0.0, 0.0, 0.0, 0.0, 0.0, 0.0, 0.0, 0.0, 0.0, 0.0, 0.0, 0.0, 0.0, 0.0, 0.0, 0.0, 0.0, 0.0, 0.0, 0.0, 0.0, 0.0, 0.2, 0.0, 0.0, 0.0, 0.0, 0.0, 0.0, 0.0, 0.0, 0.0, 0.0, 0.0, 0.4, 0.0, 0.0, 0.8889, 0.0, 0.0, 0.0, 0.0, 0.0, 0.0, 0.0, 1.0, 0.0, 0.0, 0.0, 0.0, 0.0, 0.0, 0.0, 0.8, 0.0, 0.0, 0.0, 0.0, 0.0, 0.0, 0.0, 0.0, 0.0, 0.0, 0.0, 0.0, 0.0, 0.0, 0.0, 0.0, 0.0, 0.0, 0.125, 0.0, 0.25, 0.0, 0.0, 0.0, 0.0, 0.0, 0.0, 0.0, 0.0, 0.1111, 0.0, 0.0, 0.0, 0.0, 0.0909, 0.0, 0.0, 0.0, 0.0, 0.0, 0.1429, 0.1, 0.0, 0.0, 0.0, 0.0, 0.0, 0.0, 0.0, 0.0, 0.0, 0.0, 0.1, 0.125, 0.0, 0.0, 0.0, 0.0, 0.0, 0.0769, 0.0, 0.125, 0.2222, 0.0, 0.125, 0.0, 0.0, 0.0, 0.0, 0.0, 0.0, 0.0, 0.0, 0.0, 0.0, 0.1111, 0.1667, 0.0, 0.0, 0.0, 0.0, 0.0, 0.0, 0.0, 0.1111, 0.0, 0.0]"
5,41,broadcast,0.1185,0.1185,0.1185,-0.0,19,True,237,0,345,1418,0,"[0.0, 0.02, 0.0265, 0.0315, 0.0385, 0.046, 0.054, 0.0605, 0.07, 0.0795, 0.0865, 0.094, 0.101, 0.1075, 0.113, 0.116, 0.1165, 0.1175, 0.1185, 0.1185, 0.1185, 0.1185, 0.1185, 0.1185, 0.1185, 0.1185, 0.1185, 0.1185, 0.1185, 0.1185, 0.1185, 0.1185, 0.1185, 0.1185, 0.1185, 0.1185, 0.1185, 0.1185, 0.1185, 0.1185, 0.1185, 0.1185, 0.1185, 0.1185, 0.1185, 0.1185, 0.1185, 0.1185, 0.1185, 0.1185, 0.1185, 0.1185, 0.1185, 0.1185, 0.1185, 0.1185, 0.1185, 0.1185, 0.1185, 0.1185, 0.1185, 0.1185, 0.1185, 0.1185, 0.1185, 0.1185, 0.1185, 0.1185, 0.1185, 0.1185, 0.1185, 0.1185, 0.1185, 0.1185, 0.1185, 0.1185, 0.1185, 0.1185, 0.1185, 0.1185, 0.1185, 0.1185, 0.1185, 0.1185, 0.1185, 0.1185, 0.1185, 0.1185, 0.1185, 0.1185, 0.1185, 0.1185, 0.1185, 0.1185, 0.1185, 0.1185, 0.1185, 0.1185, 0.1185, 0.1185, 0.1185]","{""0"": 0.0236, ""1"": 0.0164, ""2"": 0.2105, ""3"": 0.1779, ""4"": 0.4208, ""5"": 0.0268, ""6"": 0.0354, ""7"": 0.0227}","[0.0, 0.0, 0.0, 0.8333, 0.7273, 1.0, 0.2, 0.1429, 0.0, 0.0, 0.0, 0.6667, 0.6667, 0.7143, 0.125, 0.0, 0.0, 0.0, 0.0, 0.8, 0.0, 0.8889, 0.0, 0.0, 0.0, 0.0, 0.25, 0.6667, 0.0, 0.75, 0.0, 0.0, 0.1, 0.0, 0.0, 0.8571, 0.0, 0.8889, 0.0, 0.0, 0.2222, 0.25, 0.0, 1.0, 0.0, 0.6, 0.0, 0.0, 0.0, 0.0, 0.0, 0.1, 0.0, 0.0909, 0.0, 0.0, 0.0, 0.0, 0.0, 0.0, 0.0, 0.0, 0.0, 0.0, 0.0, 0.0, 0.0, 0.0, 0.0, 0.0, 0.0, 0.0, 0.0, 0.0, 0.1111, 0.0, 0.0, 0.0, 0.0, 0.0, 0.0, 0.0, 0.0, 0.0, 0.0, 0.1667, 0.0, 0.0, 0.0, 0.0, 0.0, 0.125, 0.0, 0.8182, 0.0, 0.0, 0.0, 0.0, 0.0, 0.0, 0.1667, 0.9, 0.0, 0.125, 0.0, 0.0, 0.0, 0.1429, 0.125, 0.9, 0.0, 0.2, 0.0, 0.0, 0.0, 0.1111, 0.0, 1.0, 0.0, 0.0, 0.0, 0.0, 0.0, 0.0, 0.0, 0.875, 0.0, 0.0714, 0.0, 0.0, 0.0, 0.1, 0.0, 0.75, 0.0, 0.0, 0.0, 0.5714, 0.0, 0.0, 0.0, 0.0, 0.125, 0.1667, 0.0, 0.1111, 0.0, 0.0, 0.0, 0.0, 0.0, 0.0, 0.0, 0.0, 0.0, 0.0, 0.0909, 0.0, 0.125, 0.1667, 0.0, 0.0, 0.0, 0.0, 0.9091, 0.0, 0.1667, 0.0, 0.0, 0.0, 0.0, 0.0, 0.0, 0.0, 0.1667, 0.2, 0.0, 0.0, 0.0909, 0.0, 0.2222, 0.0, 0.0, 0.0, 0.1111, 0.0, 0.0, 0.0, 0.0, 0.0, 0.0, 0.0, 0.0, 0.0, 0.125, 0.0, 0.0, 0.0, 0.0, 0.125, 0.0, 0.0, 0.0, 0.0, 0.0, 0.0, 0.0, 0.0, 0.0, 0.0, 0.0, 0.0, 0.0, 0.0, 0.0, 0.0, 0.0, 0.0, 0.0, 0.0, 0.0769, 1.0, 0.0, 0.0, 0.1, 0.0, 0.0, 0.0, 0.75, 0.8889, 0.0, 0.0, 0.0833, 0.0, 0.0, 1.0, 0.875, 0.875, 0.0, 0.0, 0.0, 0.0, 0.0, 0.8889, 0.8571, 0.7143, 0.0, 0.0, 0.0, 0.0]"
5,42,broadcast,0.0555,0.0555,0.0555,-0.0,14,True,111,0,292,1597,0,"[0.0, 0.018, 0.0215, 0.025, 0.0295, 0.036, 0.0415, 0.0445, 0.046, 0.0485, 0.052, 0.0535, 0.055, 0.0555, 0.0555, 0.0555, 0.0555, 0.0555, 0.0555, 0.0555, 0.0555, 0.0555, 0.0555, 0.0555, 0.0555, 0.0555, 0.0555, 0.0555, 0.0555, 0.0555, 0.0555, 0.0555, 0.0555, 0.0555, 0.0555, 0.0555, 0.0555, 0.0555, 0.0555, 0.0555, 0.0555, 0.0555, 0.0555, 0.0555, 0.0555, 0.0555, 0.0555, 0.0555, 0.0555, 0.0555, 0.0555, 0.0555, 0.0555, 0.0555, 0.0555, 0.0555, 0.0555, 0.0555, 0.0555, 0.0555, 0.0555, 0.0555, 0.0555, 0.0555, 0.0555, 0.0555, 0.0555, 0.0555, 0.0555, 0.0555, 0.0555, 0.0555, 0.0555, 0.0555, 0.0555, 0.0555, 0.0555, 0.0555, 0.0555, 0.0555, 0.0555, 0.0555, 0.0555, 0.0555, 0.0555, 0.0555, 0.0555, 0.0555, 0.0555, 0.0555, 0.0555, 0.0555, 0.0555, 0.0555, 0.0555, 0.0555, 0.0555, 0.0555, 0.0555, 0.0555, 0.0555]","{""0"": 0.0151, ""1"": 0.0149, ""2"": 0.0122, ""3"": 0.1446, ""4"": 0.0868, ""5"": 0.1464, ""6"": 0.0237, ""7"": 0.0084}","[0.1111, 0.125, 0.1667, 0.0, 0.0, 0.8571, 0.0, 0.0, 0.0, 0.0, 0.0, 0.0, 0.0, 0.1111, 0.0, 0.0, 0.0, 0.0, 0.0, 0.0, 0.1429, 0.0, 0.0, 0.0, 0.0, 0.0, 0.0, 0.0, 0.1111, 0.0, 0.0, 0.0, 0.1, 0.0, 0.0, 0.0, 0.1429, 0.0, 0.1111, 0.0, 0.0, 0.0, 0.0, 0.0, 0.0, 0.0769, 0.0, 0.0, 0.0, 0.0, 0.0, 0.0, 0.0, 0.0, 0.0, 0.125, 0.0, 0.0, 0.0, 0.0, 0.1667, 0.0, 0.0, 0.125, 0.0, 0.0, 0.0, 0.1, 0.125, 0.0, 0.0, 0.0, 0.0, 0.0, 0.0, 0.0, 0.75, 0.0, 0.0, 0.125, 0.0, 0.0, 0.0, 0.0, 0.875, 0.0, 0.0, 0.0, 0.0, 0.0, 0.0, 0.0, 1.0, 0.0, 0.125, 0.0, 0.0, 0.0, 0.0, 0.0, 0.8571, 0.0, 0.0, 0.0, 0.0, 0.0, 0.0, 0.0, 0.5, 0.1111, 0.0, 0.0, 0.0, 0.0, 0.0, 0.0, 0.0, 0.0, 0.0, 0.0, 0.0, 0.0, 0.0, 0.1429, 0.0, 0.0, 0.0, 0.0, 0.0, 0.0, 0.1, 0.0, 0.0, 0.0, 0.0, 0.0, 0.0, 0.0, 0.0, 0.0, 0.0, 0.0, 0.0, 0.0, 0.0, 0.0, 0.0, 0.0, 0.0, 0.0, 0.1111, 0.1, 0.0, 0.0, 0.0, 0.0, 0.0, 0.0, 0.75, 0.0, 0.0, 0.0, 0.0, 0.0, 0.2, 0.0, 1.0, 0.0, 0.0, 0.0, 0.0, 0.0, 0.0, 0.0, 1.0, 0.0714, 0.0, 0.0, 0.0, 0.0, 0.0, 0.0, 0.9, 0.0, 0.0, 0.0, 0.0, 0.0, 0.0, 0.0, 0.7143, 0.0, 0.0, 0.25, 0.0, 0.0, 0.1667, 0.0, 0.0, 0.0, 0.0, 0.0769, 0.0, 0.1667, 0.0, 0.0, 0.0, 0.0, 0.0, 0.0, 0.2, 0.0, 0.0, 0.0, 0.0, 0.1667, 0.0, 0.0, 0.0, 0.0, 0.1111, 0.0, 0.0, 0.0, 0.0, 0.0, 0.0, 0.0, 0.0, 0.1111, 0.0, 0.0, 0.0, 0.0, 0.0, 0.0, 0.0, 1.0, 0.0, 0.0, 0.1429, 0.0, 0.1, 0.0, 0.0, 0.6667, 0.0, 0.0, 0.0, 0.0833]"
5,43,broadcast,0.096,0.096,0.096,0.0,14,True,192,0,309,1499,0,"[0.0, 0.0275, 0.0365, 0.041, 0.047, 0.0535, 0.0595, 0.066, 0.072, 0.079, 0.0855, 0.0915, 0.095, 0.096, 0.096, 0.096, 0.096, 0.096, 0.096, 0.096, 0.096, 0.096, 0.096, 0.096, 0.096, 0.096, 0.096, 0.096, 0.096, 0.096, 0.096, 0.096, 0.096, 0.096, 0.096, 0.096, 0.096, 0.096, 0.096, 0.096, 0.096, 0.096, 0.096, 0.096, 0.096, 0.096, 0.096, 0.096, 0.096, 0.096, 0.096, 0.096, 0.096, 0.096, 0.096, 0.096, 0.096, 0.096, 0.096, 0.096, 0.096, 0.096, 0.096, 0.096, 0.096, 0.096, 0.096, 0.096, 0.096, 0.096, 0.096, 0.096, 0.096, 0.096, 0.096, 0.096, 0.096, 0.096, 0.096, 0.096, 0.096, 0.096, 0.096, 0.096, 0.096, 0.096, 0.096, 0.096, 0.096, 0.096, 0.096, 0.096, 0.096, 0.096, 0.096, 0.096, 0.096, 0.096, 0.096, 0.096, 0.096]","{""0"": 0.0146, ""1"": 0.029, ""2"": 0.0202, ""3"": 0.1468, ""4"": 0.0194, ""5"": 0.0084, ""6"": 0.3045, ""7"": 0.2348}","[0.1111, 0.0, 0.0, 0.0, 0.0, 0.0, 0.0, 0.8889, 1.0, 0.0, 0.0, 0.0, 0.0, 0.0, 0.0, 0.7778, 1.0, 0.0, 0.0, 0.0, 0.0, 0.0, 0.0, 0.9091, 0.9, 0.0, 0.25, 0.0, 0.1429, 0.0, 0.0, 0.5714, 1.0, 0.0, 0.1429, 0.0, 0.1, 0.0, 0.0, 1.0, 1.0, 0.25, 0.0, 0.0, 0.25, 0.125, 0.0, 0.8333, 0.6, 0.1667, 0.0, 0.0, 0.0, 0.0, 0.0, 0.1429, 0.0, 0.0, 0.0, 0.0, 0.0, 0.0, 0.0, 0.0, 0.0, 0.0, 0.0, 0.0, 0.0, 0.0, 0.0, 0.1429, 0.125, 0.0, 0.0, 0.0, 0.0, 0.0, 0.0, 0.0, 0.0, 0.0, 0.0, 0.0, 0.0, 0.0, 0.0, 0.1667, 0.0, 0.0, 0.0, 0.0, 0.0909, 0.0, 0.0, 0.0, 0.0, 0.1111, 0.0, 0.0, 0.125, 0.0, 0.0, 0.0, 0.0909, 0.0, 0.0, 0.0, 0.1538, 0.0, 0.0, 0.0, 0.0, 0.0, 0.0, 0.0, 0.0, 0.0, 0.0, 0.125, 0.0, 0.0, 0.0, 0.125, 0.875, 0.0, 0.0, 0.1, 0.0, 0.0, 0.0, 0.0, 1.0, 0.0, 0.0, 0.3333, 0.0, 0.0833, 0.0, 0.0, 0.8333, 0.0, 0.0, 0.0, 0.0, 0.0, 0.0, 0.0, 0.0, 0.3333, 0.0, 0.125, 0.0, 0.0, 0.0, 0.0, 0.1667, 0.0, 0.0, 0.0, 0.1667, 0.0, 0.0, 0.0, 0.0, 0.2857, 0.0, 0.0, 0.0, 0.0, 0.0, 0.0, 0.1429, 0.0, 0.0, 0.0, 0.0, 0.0, 0.0, 0.0909, 0.0, 0.0, 0.0, 0.125, 0.0, 0.0, 0.1429, 0.0, 0.0, 0.0, 0.0, 0.0769, 0.0, 0.0, 0.0, 0.0, 0.0833, 0.0, 0.0, 0.1667, 0.1429, 0.0, 0.1, 0.0, 0.0, 0.0, 0.0833, 0.0, 0.0, 0.0, 0.0, 0.1818, 0.0, 0.0, 0.1111, 0.0, 0.0, 0.0, 0.0, 0.1111, 0.0, 0.0, 0.0, 0.25, 0.0, 0.0, 0.1429, 0.0, 0.0, 0.0, 0.0, 0.25, 0.1111, 0.0, 0.0, 0.0, 0.0, 0.0, 0.0, 0.9091, 0.0, 0.0, 0.0, 0.0, 0.7778, 0.0, 0.0, 0.8182, 0.8889, 0.0]"
5,44,broadcast,0.0235,0.0235,0.0235,0.0,3,True,47,0,315,1638,0,"[0.0, 0.021, 0.0235, 0.0235, 0.0235, 0.0235, 0.0235, 0.0235, 0.0235, 0.0235, 0.0235, 0.0235, 0.0235, 0.0235, 0.0235, 0.0235, 0.0235, 0.0235, 0.0235, 0.0235, 0.0235, 0.0235, 0.0235, 0.0235, 0.0235, 0.0235, 0.0235, 0.0235, 0.0235, 0.0235, 0.0235, 0.0235, 0.0235, 0.0235, 0.0235, 0.0235, 0.0235, 0.0235, 0.0235, 0.0235, 0.0235, 0.0235, 0.0235, 0.0235, 0.0235, 0.0235, 0.0235, 0.0235, 0.0235, 0.0235, 0.0235, 0.0235, 0.0235, 0.0235, 0.0235, 0.0235, 0.0235, 0.0235, 0.0235, 0.0235, 0.0235, 0.0235, 0.0235, 0.0235, 0.0235, 0.0235, 0.0235, 0.0235, 0.0235, 0.0235, 0.0235, 0.0235, 0.0235, 0.0235, 0.0235, 0.0235, 0.0235, 0.0235, 0.0235, 0.0235, 0.0235, 0.0235, 0.0235, 0.0235, 0.0235, 0.0235, 0.0235, 0.0235, 0.0235, 0.0235, 0.0235, 0.0235, 0.0235, 0.0235, 0.0235, 0.0235, 0.0235, 0.0235, 0.0235, 0.0235, 0.0235]","{""0"": 0.0248, ""1"": 0.0232, ""2"": 0.0215, ""3"": 0.0266, ""4"": 0.0227, ""5"": 0.0119, ""6"": 0.0289, ""7"": 0.0288}","[0.1111, 0.0, 0.0, 0.0, 0.0, 0.0, 0.0, 0.0, 0.0, 0.0, 0.0, 0.0, 0.1111, 0.0833, 0.0, 0.0, 0.0, 0.0, 0.0, 0.0, 0.0, 0.0, 0.0, 0.2, 0.0, 0.0, 0.0, 0.0, 0.0, 0.0, 0.0, 0.1818, 0.1111, 0.0, 0.0, 0.0, 0.0, 0.1111, 0.0, 0.0, 0.0833, 0.1, 0.0, 0.0, 0.0, 0.0, 0.0, 0.0, 0.0, 0.0, 0.0, 0.0, 0.0, 0.0, 0.0, 0.0909, 0.0769, 0.0, 0.0, 0.25, 0.0, 0.0, 0.0, 0.0, 0.0, 0.2, 0.0, 0.0, 0.0, 0.0, 0.0, 0.2, 0.0, 0.0, 0.0, 0.0, 0.0, 0.0, 0.1111, 0.0, 0.0, 0.0, 0.0, 0.0, 0.0, 0.0, 0.0, 0.0, 0.0, 0.0, 0.125, 0.0, 0.0, 0.0, 0.0, 0.0, 0.0, 0.0, 0.1667, 0.0, 0.0, 0.0, 0.125, 0.0, 0.0, 0.125, 0.0, 0.0, 0.0, 0.0, 0.0, 0.1, 0.0, 0.0, 0.0, 0.0, 0.125, 0.125, 0.0, 0.0, 0.125, 0.0, 0.0, 0.0, 0.0, 0.2, 0.0, 0.0, 0.0, 0.1667, 0.0, 0.0, 0.25, 0.0, 0.0, 0.0, 0.0, 0.0, 0.0, 0.1667, 0.0, 0.0, 0.0, 0.0, 0.1667, 0.0, 0.0, 0.0, 0.0, 0.0, 0.0, 0.0, 0.0, 0.1111, 0.1111, 0.0, 0.0, 0.0, 0.0, 0.0, 0.0, 0.0, 0.0, 0.0, 0.0, 0.0, 0.0, 0.0, 0.1111, 0.0, 0.125, 0.0, 0.0, 0.0, 0.0, 0.0, 0.0, 0.0, 0.0, 0.0, 0.1538, 0.0667, 0.0, 0.0, 0.0, 0.0, 0.0, 0.0, 0.0, 0.0, 0.0, 0.0, 0.1429, 0.0, 0.0, 0.0, 0.0, 0.0, 0.0, 0.0, 0.0, 0.0, 0.2, 0.0, 0.0, 0.0, 0.0, 0.0, 0.0, 0.0, 0.0, 0.0, 0.0, 0.0, 0.0, 0.0, 0.0, 0.0, 0.0, 0.0, 0.0, 0.0, 0.0, 0.0, 0.0, 0.1111, 0.0, 0.1111, 0.4, 0.1429, 0.0, 0.0, 0.0, 0.0, 0.0, 0.1667, 0.0, 0.0, 0.0, 0.0, 0.0, 0.0, 0.0, 0.0, 0.0, 0.0, 0.0, 0.0, 0.0, 0.0]"
5,45,broadcast,0.056,0.056,0.056,-0.0,17,True,112,0,314,1574,0,"[0.0, 0.0165, 0.0205, 0.0245, 0.028, 0.032, 0.036, 0.039, 0.042, 0.045, 0.046, 0.0475, 0.049, 0.0505, 0.0525, 0.0545, 0.056, 0.056, 0.056, 0.056, 0.056, 0.056, 0.056, 0.056, 0.056, 0.056, 0.056, 0.056, 0.056, 0.056, 0.056, 0.056, 0.056, 0.056, 0.056, 0.056, 0.056, 0.056, 0.056, 0.056, 0.056, 0.056, 0.056, 0.056, 0.056, 0.056, 0.056, 0.056, 0.056, 0.056, 0.056, 0.056, 0.056, 0.056, 0.056, 0.056, 0.056, 0.056, 0.056, 0.056, 0.056, 0.056, 0.056, 0.056, 0.056, 0.056, 0.056, 0.056, 0.056, 0.056, 0.056, 0.056, 0.056, 0.056, 0.056, 0.056, 0.056, 0.056, 0.056, 0.056, 0.056, 0.056, 0.056, 0.056, 0.056, 0.056, 0.056, 0.056, 0.056, 0.056, 0.056, 0.056, 0.056, 0.056, 0.056, 0.056, 0.056, 0.056, 0.056, 0.056, 0.056]","{""0"": 0.1299, ""1"": 0.0234, ""2"": 0.25, ""3"": 0.0119, ""4"": 0.0206, ""5"": 0.0076, ""6"": 0.0, ""7"": 0.0083}","[0.0, 0.0, 0.0, 0.0, 0.0833, 0.0, 0.0, 0.0, 0.0, 0.75, 0.0, 0.0, 0.0, 0.1, 0.0, 0.0, 0.0, 0.8, 0.0, 0.0, 0.0909, 0.0, 0.0, 0.0, 0.0, 0.0, 0.0, 0.0, 0.0, 0.0, 0.0, 0.0, 0.0, 0.0, 0.0, 0.1111, 0.0, 0.0, 0.0, 0.0, 0.0, 0.0, 0.0, 0.0, 0.0, 0.0, 0.0, 0.0, 0.0, 0.0, 0.0, 0.0, 0.0, 0.0, 0.0, 0.0, 0.0, 0.1111, 0.0, 0.0, 0.0, 0.0, 0.0, 0.0, 0.0, 0.0, 0.0, 0.8571, 0.0, 0.0, 0.0, 0.0, 0.0, 0.1111, 0.0, 0.6667, 0.0, 0.0, 0.0, 0.0, 0.0, 0.3333, 0.0, 0.9, 0.0, 0.0, 0.0769, 0.0, 0.0, 0.1667, 0.2, 0.7778, 0.0, 0.0, 0.0, 0.0, 0.0, 0.0, 0.0, 0.9091, 0.0, 0.0, 0.0, 0.0, 0.0, 0.0, 0.0, 0.8, 0.0, 0.125, 0.0, 0.0, 0.0, 0.0, 0.0, 1.0, 0.0, 0.0, 0.0, 0.0, 0.0, 0.25, 0.0, 1.0, 0.0, 0.0, 0.0, 0.0, 0.0, 0.0, 0.0, 0.3333, 0.0, 0.0, 0.0, 0.0, 0.0, 0.0, 0.0833, 0.0, 0.0, 0.1111, 0.0, 0.0, 0.0, 0.0, 0.0, 0.0, 0.0, 0.0, 0.0, 0.0, 0.0, 0.7, 0.0, 0.1429, 0.0, 0.0, 0.0, 0.0, 0.0, 0.4, 0.0, 0.0, 0.0, 0.0, 0.0, 0.0, 0.0, 0.0, 0.0, 0.0, 0.0, 0.0, 0.0, 0.0, 0.0, 0.0, 0.0, 0.0, 0.0, 0.0, 0.0, 0.0, 0.0, 0.0, 0.0909, 0.1429, 0.0, 0.0, 0.0, 0.0, 0.0833, 0.125, 0.0, 0.0, 0.0, 0.0, 0.0, 0.0, 0.0, 0.0, 0.0, 0.0, 0.0, 0.0, 0.0, 0.0, 0.2, 0.0, 0.0, 0.0, 0.0, 0.0, 0.1429, 0.0, 0.0, 0.125, 0.0, 0.0, 0.125, 0.1, 0.0, 0.0, 0.0, 0.0, 0.0, 0.0, 0.0, 0.0, 0.0, 0.0, 0.0, 0.0, 0.2857, 0.2222, 0.0, 0.1667, 0.0, 0.0, 0.0, 0.125, 0.25, 0.0909, 0.0, 0.0, 0.0, 0.0, 0.0, 0.0]"
5,46,broadcast,0.315,0.315,0.315,0.0,42,True,630,0,299,1071,0,"[0.0, 0.024, 0.0335, 0.041, 0.0485, 0.0565, 0.063, 0.0695, 0.0775, 0.09, 0.1015, 0.11, 0.1195, 0.1305, 0.144, 0.1585, 0.173, 0.1855, 0.195, 0.2035, 0.2105, 0.2165, 0.2235, 0.23, 0.238, 0.2465, 0.2535, 0.2585, 0.2615, 0.2665, 0.2725, 0.2815, 0.2915, 0.296, 0.3, 0.3045, 0.3095, 0.311, 0.312, 0.3135, 0.3145, 0.315, 0.315, 0.315, 0.315, 0.315, 0.315, 0.315, 0.315, 0.315, 0.315, 0.315, 0.315, 0.315, 0.315, 0.315, 0.315, 0.315, 0.315, 0.315, 0.315, 0.315, 0.315, 0.315, 0.315, 0.315, 0.315, 0.315, 0.315, 0.315, 0.315, 0.315, 0.315, 0.315, 0.315, 0.315, 0.315, 0.315, 0.315, 0.315, 0.315, 0.315, 0.315, 0.315, 0.315, 0.315, 0.315, 0.315, 0.315, 0.315, 0.315, 0.315, 0.315, 0.315, 0.315, 0.315, 0.315, 0.315, 0.315, 0.315, 0.315]","{""0"": 0.5633, ""1"": 0.7066, ""2"": 0.0159, ""3"": 0.0266, ""4"": 0.0124, ""5"": 0.296, ""6"": 0.0494, ""7"": 0.8421}","[0.5556, 0.0, 0.9167, 0.0833, 0.0, 0.0, 0.125, 0.0, 0.75, 0.0, 0.625, 0.0, 0.0, 0.0, 0.0, 0.25, 0.5833, 1.0, 0.8571, 0.0, 0.0, 0.0, 0.0, 0.0, 0.6, 0.8, 1.0, 0.0, 0.1429, 0.1, 0.0, 0.0, 0.875, 0.8, 0.75, 0.0, 0.1111, 0.0, 0.0, 0.0, 1.0, 1.0, 0.8333, 0.0, 0.0, 0.0, 0.0, 0.2, 0.75, 0.6667, 1.0, 0.0, 0.0909, 0.0, 0.0, 0.0, 0.7778, 0.0, 0.6667, 0.0, 0.0, 0.0, 0.0, 0.0, 1.0, 0.75, 0.25, 0.0, 0.0, 0.0, 0.0, 0.0, 0.75, 1.0, 0.0, 0.1, 0.0, 0.0, 0.0, 0.0, 0.875, 0.875, 0.0, 0.0, 0.0, 0.0, 0.0, 0.0, 0.875, 0.8, 0.0, 0.0, 0.0, 0.0, 0.0, 0.1429, 1.0, 0.8333, 0.0, 0.0, 0.0, 0.0, 0.0, 0.0, 0.625, 1.0, 0.0, 0.0, 0.1538, 0.0, 0.0, 0.125, 0.875, 0.8889, 0.2857, 0.0, 0.0, 0.0909, 0.0, 0.5, 0.875, 1.0, 0.8571, 0.0, 0.0, 0.0, 0.25, 0.25, 0.6875, 0.7, 1.0, 0.0, 0.0, 0.0, 0.0, 0.0, 1.0, 1.0, 1.0, 0.0, 0.0, 0.125, 0.0, 0.0, 0.9, 1.0, 0.8, 0.1111, 0.0, 0.0, 0.125, 0.0, 0.8889, 1.0, 1.0, 0.0, 0.0, 0.0, 0.75, 0.0, 1.0, 0.75, 0.8571, 0.0, 0.0, 0.0, 0.8333, 0.0, 0.875, 1.0, 0.9091, 0.0, 0.0, 0.0, 0.8571, 0.0, 1.0, 0.9, 0.7778, 0.0, 0.0, 0.0, 0.8333, 0.0, 1.0, 1.0, 1.0, 0.0, 0.0, 0.0, 0.8571, 0.0, 0.75, 0.0, 1.0, 0.0, 0.0, 0.0, 1.0, 0.0, 0.875, 0.0, 1.0, 0.0, 0.0, 0.0, 0.75, 0.0, 1.0, 0.0, 0.8889, 0.0, 0.0, 0.0, 1.0, 0.1, 1.0, 0.0, 0.8, 0.0, 0.1667, 0.0, 0.875, 0.0, 0.7, 0.0, 0.9167, 0.0, 0.0, 0.0, 0.6667, 0.0, 0.7778, 0.0, 0.8889, 0.1111, 0.0, 0.0, 0.75, 0.0, 1.0, 0.0, 0.8333, 0.0, 0.1667, 0.0, 0.7143, 0.0909, 1.0, 0.0]"
5,47,broadcast,0.0285,0.0285,0.0285,-0.0,11,True,57,0,292,1651,0,"[0.0, 0.0145, 0.0185, 0.021, 0.0225, 0.0245, 0.0255, 0.0265, 0.0275, 0.028, 0.0285, 0.0285, 0.0285, 0.0285, 0.0285, 0.0285, 0.0285, 0.0285, 0.0285, 0.0285, 0.0285, 0.0285, 0.0285, 0.0285, 0.0285, 0.0285, 0.0285, 0.0285, 0.0285, 0.0285, 0.0285, 0.0285, 0.0285, 0.0285, 0.0285, 0.0285, 0.0285, 0.0285, 0.0285, 0.0285, 0.0285, 0.0285, 0.0285, 0.0285, 0.0285, 0.0285, 0.0285, 0.0285, 0.0285, 0.0285, 0.0285, 0.0285, 0.0285, 0.0285, 0.0285, 0.0285, 0.0285, 0.0285, 0.0285, 0.0285, 0.0285, 0.0285, 0.0285, 0.0285, 0.0285, 0.0285, 0.0285, 0.0285, 0.0285, 0.0285, 0.0285, 0.0285, 0.0285, 0.0285, 0.0285, 0.0285, 0.0285, 0.0285, 0.0285, 0.0285, 0.0285, 0.0285, 0.0285, 0.0285, 0.0285, 0.0285, 0.0285, 0.0285, 0.0285, 0.0285, 0.0285, 0.0285, 0.0285, 0.0285, 0.0285, 0.0285, 0.0285, 0.0285, 0.0285, 0.0285, 0.0285]","{""0"": 0.0207, ""1"": 0.0254, ""2"": 0.0077, ""3"": 0.0119, ""4"": 0.012, ""5"": 0.0207, ""6"": 0.1161, ""7"": 0.008}","[0.0, 0.1667, 0.0, 0.0, 0.0769, 0.0, 0.0, 0.0, 0.0, 0.1818, 0.0, 0.0, 0.0, 0.0, 0.0, 0.0, 0.0, 0.0, 0.0, 0.0, 0.0, 0.0, 0.125, 0.0, 0.0, 0.0, 0.0, 0.0, 0.0, 0.0, 0.0, 0.0, 0.0, 0.2, 0.0, 0.0, 0.0, 0.0, 0.0, 0.0, 0.0, 0.0, 0.0, 0.0, 0.0, 0.0, 0.0, 0.0, 0.0, 0.0, 0.0, 0.0, 0.0, 0.0, 0.0, 0.0, 0.1, 0.0, 0.0, 0.0, 0.0, 0.0, 0.0, 0.0, 0.0, 0.0, 0.0, 0.0, 0.0, 0.0, 0.0, 0.0, 0.0, 0.0, 0.0, 0.0, 0.0, 0.0, 0.0, 0.1429, 0.0, 0.0, 0.0, 0.0, 0.0, 0.0, 0.0, 0.0, 0.0, 0.0, 0.0, 0.0, 0.0, 0.0, 0.0, 0.0, 0.0, 0.0, 0.0, 0.0, 0.0, 0.0, 0.0, 0.0, 0.0, 0.0, 0.0, 0.0, 0.0, 0.0, 0.0, 0.0, 0.0, 0.0, 0.0, 0.0, 0.0, 0.0, 0.0, 0.0, 0.0, 0.0, 0.0, 0.0, 0.0, 0.0, 0.0, 0.8, 0.0, 0.0, 0.0, 0.0, 0.0, 0.0, 0.0, 0.2727, 0.0, 0.0, 0.0, 0.1111, 0.0, 0.0, 0.125, 0.0, 0.0, 0.0, 0.0909, 0.0, 0.0, 0.0, 0.2857, 0.0, 0.0, 0.1667, 0.1, 0.0, 0.0, 0.0, 0.0, 0.0, 0.0, 0.0, 0.0, 0.0, 0.0, 0.2857, 0.0, 0.0, 0.0, 0.0, 0.0, 0.125, 0.0, 0.0, 0.0, 0.8571, 0.0, 0.0, 0.0, 0.0, 0.0, 0.0, 0.0, 0.7143, 0.0, 0.0, 0.0, 0.0, 0.0833, 0.0, 0.0, 0.9, 0.1, 0.0, 0.0, 0.0, 0.125, 0.0, 0.0, 0.0833, 0.0, 0.0, 0.0, 0.0, 0.0, 0.0, 0.0, 0.0, 0.0, 0.0, 0.0, 0.0, 0.0, 0.0, 0.0, 0.1111, 0.0, 0.0, 0.6667, 0.0, 0.0, 0.0, 0.0, 0.0, 0.0, 0.0, 0.0, 0.0, 0.0, 0.0, 0.0, 0.0, 0.0, 0.0, 0.0, 0.0, 0.0, 0.1, 0.0, 0.0, 0.0, 0.0, 0.0, 0.0, 0.0, 0.0, 0.1429, 0.0833, 0.0, 0.0]"
5,48,broadcast,0.09,0.09,0.09,0.0,17,True,180,0,279,1541,0,"[0.0, 0.017, 0.0225, 0.0275, 0.035, 0.046, 0.0555, 0.0625, 0.0685, 0.0725, 0.0775, 0.081, 0.083, 0.085, 0.0865, 0.088, 0.09, 0.09, 0.09, 0.09, 0.09, 0.09, 0.09, 0.09, 0.09, 0.09, 0.09, 0.09, 0.09, 0.09, 0.09, 0.09, 0.09, 0.09, 0.09, 0.09, 0.09, 0.09, 0.09, 0.09, 0.09, 0.09, 0.09, 0.09, 0.09, 0.09, 0.09, 0.09, 0.09, 0.09, 0.09, 0.09, 0.09, 0.09, 0.09, 0.09, 0.09, 0.09, 0.09, 0.09, 0.09, 0.09, 0.09, 0.09, 0.09, 0.09, 0.09, 0.09, 0.09, 0.09, 0.09, 0.09, 0.09, 0.09, 0.09, 0.09, 0.09, 0.09, 0.09, 0.09, 0.09, 0.09, 0.09, 0.09, 0.09, 0.09, 0.09, 0.09, 0.09, 0.09, 0.09, 0.09, 0.09, 0.09, 0.09, 0.09, 0.09, 0.09, 0.09, 0.09, 0.09]","{""0"": 0.1825, ""1"": 0.1838, ""2"": 0.0162, ""3"": 0.1472, ""4"": 0.0346, ""5"": 0.1154, ""6"": 0.0158, ""7"": 0.0247}","[0.0, 1.0, 0.8, 0.0, 0.0, 0.0, 0.0, 0.0, 0.0, 1.0, 0.875, 0.2, 0.0, 0.0, 0.0, 0.0, 0.0, 0.0, 1.0, 0.0, 0.0, 0.0, 0.0, 0.0, 0.0, 0.0, 0.75, 0.0, 0.0, 0.0, 0.1429, 0.1111, 0.0, 0.0, 0.8, 0.0, 0.0, 0.0, 0.0, 0.0, 0.0, 0.0, 1.0, 0.0, 0.0, 0.0, 0.0, 0.0, 0.0, 0.0, 1.0, 0.0, 0.0, 0.0, 0.0, 0.0, 0.0, 0.125, 0.6667, 0.0, 0.0, 0.0, 0.0, 0.0, 0.1, 0.0, 0.0, 0.0, 0.625, 0.0, 0.1667, 0.0, 0.2857, 0.0, 0.0, 0.0, 1.0, 0.0, 0.0, 0.0, 0.0, 0.0, 0.0, 0.0, 0.8571, 0.2, 0.0, 0.0, 0.0, 0.0, 0.1111, 0.0, 0.875, 0.0, 0.0, 0.0, 0.0, 0.0, 0.0, 0.0, 0.9167, 0.0, 0.0, 0.0, 0.0, 0.0, 0.0, 0.0, 0.0, 0.1111, 0.0, 0.0, 0.0, 0.125, 0.0, 0.0, 0.0, 0.0, 0.125, 0.0, 0.0, 0.0, 0.0, 0.0, 0.0, 0.0, 0.125, 0.0, 0.125, 0.0, 0.0, 0.3333, 0.0, 0.0, 0.75, 0.0, 0.0, 0.0, 0.0, 0.0, 0.0, 0.0, 1.0, 0.0, 0.0, 0.0, 0.0, 0.0, 0.0, 0.1111, 0.5714, 0.0, 0.0, 0.0, 0.0, 0.0, 0.0, 0.0, 0.5, 0.3, 0.0, 0.0769, 0.125, 0.0, 0.0, 0.0, 0.0, 0.0, 0.0, 0.0, 0.0, 0.1667, 0.0, 0.0833, 0.0, 0.0, 0.0, 0.0, 0.0, 0.0, 0.0, 0.0, 0.0, 0.0, 0.0, 0.0, 0.0, 0.0, 0.0, 0.0, 0.0, 0.0, 0.0, 0.0, 0.0, 0.0, 0.0, 0.0909, 0.0, 0.0, 0.1429, 0.1429, 0.0, 0.0, 0.0, 0.5714, 0.0, 0.0, 0.1429, 0.0, 0.0, 0.0, 0.1429, 0.0, 0.0, 0.0, 0.0, 1.0, 0.1667, 0.0, 0.0, 0.0, 0.0, 0.0, 0.0, 0.8, 0.0, 0.0, 0.0, 0.0, 0.0, 0.0, 0.0, 0.9, 0.0, 0.0, 0.0, 0.0, 0.0, 0.0, 0.0, 1.0, 0.0, 0.0, 0.0, 0.0, 0.1111, 0.0, 0.0, 1.0]"
5,49,broadcast,0.065,0.065,0.065,0.0,14,True,130,0,314,1556,0,"[0.0, 0.0195, 0.025, 0.029, 0.034, 0.038, 0.0425, 0.0465, 0.051, 0.055, 0.059, 0.063, 0.0645, 0.065, 0.065, 0.065, 0.065, 0.065, 0.065, 0.065, 0.065, 0.065, 0.065, 0.065, 0.065, 0.065, 0.065, 0.065, 0.065, 0.065, 0.065, 0.065, 0.065, 0.065, 0.065, 0.065, 0.065, 0.065, 0.065, 0.065, 0.065, 0.065, 0.065, 0.065, 0.065, 0.065, 0.065, 0.065, 0.065, 0.065, 0.065, 0.065, 0.065, 0.065, 0.065, 0.065, 0.065, 0.065, 0.065, 0.065, 0.065, 0.065, 0.065, 0.065, 0.065, 0.065, 0.065, 0.065, 0.065, 0.065, 0.065, 0.065, 0.065, 0.065, 0.065, 0.065, 0.065, 0.065, 0.065, 0.065, 0.065, 0.065, 0.065, 0.065, 0.065, 0.065, 0.065, 0.065, 0.065, 0.065, 0.065, 0.065, 0.065, 0.065, 0.065, 0.065, 0.065, 0.065, 0.065, 0.065, 0.065]","{""0"": 0.0688, ""1"": 0.1952, ""2"": 0.1551, ""3"": 0.0233, ""4"": 0.0127, ""5"": 0.0163, ""6"": 0.0233, ""7"": 0.027}","[0.0, 0.0, 0.0, 0.0, 0.2, 0.1667, 0.0, 0.0, 0.0, 0.0, 0.2, 0.0, 0.0, 0.0, 0.0, 0.0, 0.0, 0.0, 0.0, 0.0, 0.0, 0.1, 0.0, 0.0, 0.0, 0.0, 0.0, 0.0, 0.0, 0.0, 0.0, 0.2222, 0.0, 0.0, 0.0, 0.0, 0.0, 0.0, 0.1, 0.0, 0.0, 0.0, 0.0, 0.0714, 0.0909, 0.0, 0.0, 0.0, 0.1111, 0.0, 0.5455, 0.125, 0.0, 0.0, 0.2857, 0.0, 0.0909, 0.0, 0.4, 0.0, 0.0, 0.0, 0.0, 0.0, 0.0, 0.0, 0.0833, 0.0, 0.0, 0.0, 0.0, 0.0, 0.125, 0.0, 0.0, 0.0, 0.0, 0.0, 0.0, 0.0, 0.0, 0.0, 0.0, 0.1667, 0.0, 0.0, 0.0, 0.1, 0.0, 0.0, 0.0, 1.0, 0.0, 0.0, 0.0833, 0.0, 0.0, 0.4, 0.1111, 1.0, 0.0, 0.0, 0.0, 0.0, 0.0, 0.7143, 0.0, 1.0, 0.0, 0.0, 0.0, 0.0833, 0.0, 0.8571, 0.0, 0.8333, 0.0, 0.0, 0.0, 0.0, 0.0, 0.3333, 0.0, 0.3, 0.0, 0.0, 0.0, 0.0, 0.1111, 0.0, 0.0, 0.0, 0.0, 0.0, 0.0, 0.0, 0.0, 0.0, 0.0, 0.0, 0.0, 0.0, 0.0, 0.0, 0.0, 0.0, 0.25, 0.0, 0.0, 0.0, 0.0, 0.0, 0.0, 0.0, 0.6667, 0.0, 0.0, 0.0, 0.0, 0.0909, 0.0, 0.0, 1.0, 0.0, 0.0, 0.0, 0.0, 0.0, 0.1, 0.0, 0.9091, 0.0, 0.0, 0.0, 0.0, 0.0, 0.0, 0.0, 0.875, 0.1, 0.0, 0.25, 0.0, 0.0, 0.0, 0.0, 1.0, 0.0, 0.0, 0.0, 0.0, 0.0, 0.0909, 0.125, 0.0, 0.0, 0.0, 0.0, 0.0, 0.0, 0.1429, 0.0, 0.0, 0.0, 0.0, 0.0, 0.0, 0.0, 0.0, 0.1111, 0.0, 0.0769, 0.1111, 0.0, 0.0, 0.0, 0.0, 0.0, 0.0, 0.0, 0.0, 0.0, 0.0, 0.1111, 0.0, 0.0, 0.0, 0.0, 0.0, 0.0, 0.0, 0.0, 0.0, 0.0, 0.0, 0.0, 0.1, 0.0, 0.0, 0.0, 0.0, 0.0, 0.0, 0.0, 0.1429, 0.0, 0.0, 0.0, 0.0, 0.0]"
20,0,broadcast,0.132,0.132,0.132,-0.0,24,True,264,0,312,1424,0,"[0.0, 0.02, 0.024, 0.0275, 0.0335, 0.0415, 0.048, 0.056, 0.0655, 0.0745, 0.081, 0.09, 0.0975, 0.1045, 0.1115, 0.114, 0.1155, 0.118, 0.12, 0.123, 0.127, 0.129, 0.131, 0.132, 0.132, 0.132, 0.132, 0.132, 0.132, 0.132, 0.132, 0.132, 0.132, 0.132, 0.132, 0.132, 0.132, 0.132, 0.132, 0.132, 0.132, 0.132, 0.132, 0.132, 0.132, 0.132, 0.132, 0.132, 0.132, 0.132, 0.132, 0.132, 0.132, 0.132, 0.132, 0.132, 0.132, 0.132, 0.132, 0.132, 0.132, 0.132, 0.132, 0.132, 0.132, 0.132, 0.132, 0.132, 0.132, 0.132, 0.132, 0.132, 0.132, 0.132, 0.132, 0.132, 0.132, 0.132, 0.132, 0.132, 0.132, 0.132, 0.132, 0.132, 0.132, 0.132, 0.132, 0.132, 0.132, 0.132, 0.132, 0.132, 0.132, 0.132, 0.132, 0.132, 0.132, 0.132, 0.132, 0.132, 0.132]","{""0"": 0.008, ""1"": 0.6092, ""2"": 0.0079, ""3"": 0.0316, ""4"": 0.3529, ""5"": 0.0115, ""6"": 0.038, ""7"": 0.0372}","[0.4444, 0.0, 0.0, 0.0, 0.0, 0.0, 0.0, 0.3333, 0.0, 0.0, 0.2, 0.0, 0.1429, 0.0, 0.0, 0.0, 0.1429, 0.0, 0.875, 0.0909, 0.0, 0.8889, 0.0, 0.0, 0.0, 0.0, 1.0, 0.0, 0.125, 0.7143, 0.0, 0.0, 0.0, 0.0, 0.875, 0.0, 0.0, 0.9, 0.0, 0.0, 0.0, 0.0, 0.8333, 0.0, 0.0, 0.8, 0.0909, 0.0, 0.0, 0.0, 0.7, 0.0, 0.0, 1.0, 0.0, 0.0, 0.5556, 0.1667, 0.8333, 0.0, 0.0, 0.8333, 0.0, 0.0, 0.0909, 0.0, 0.7778, 0.0, 0.0, 1.0, 0.0, 0.0, 0.0, 0.0, 0.8, 0.0, 0.0, 0.6667, 0.1, 0.25, 0.0, 0.0, 1.0, 0.0, 0.0, 0.625, 0.0, 0.0, 0.1111, 0.0, 1.0, 0.0, 0.0, 0.8889, 0.0, 0.0, 0.0, 0.0, 0.9091, 0.0, 0.0, 0.7778, 0.0, 0.0, 0.0, 0.0, 0.6, 0.0, 0.1, 1.0, 0.0, 0.0, 0.0, 0.0, 0.8571, 0.0, 0.0, 0.3333, 0.0, 0.0, 0.0, 0.0, 0.8, 0.0, 0.0, 0.0, 0.0, 0.1, 0.0, 0.0, 1.0, 0.0, 0.0, 0.0, 0.0, 0.0, 0.0, 0.0, 0.875, 0.1667, 0.0, 0.0, 0.0, 0.0, 0.0, 0.0, 1.0, 0.0, 0.1429, 0.0, 0.0, 0.0, 0.0, 0.0, 1.0, 0.0, 0.1111, 0.2, 0.0, 0.0, 0.0, 0.1429, 1.0, 0.0, 0.1111, 0.0, 0.0, 0.0, 0.0, 0.0, 1.0, 0.0, 0.0, 0.0, 0.0, 0.0, 0.0, 0.0, 1.0, 0.0, 0.0, 0.0, 0.0, 0.0, 0.0, 0.0, 0.5714, 0.0, 0.0, 0.0, 0.0, 0.0, 0.0, 0.0, 0.0, 0.0, 0.0, 0.0, 0.125, 0.0, 0.0, 0.0, 0.0, 0.0, 0.1111, 0.0, 0.0, 0.1, 0.125, 0.0, 0.0, 0.0, 0.0, 0.1111, 0.0, 0.0, 0.0, 0.0, 0.0, 0.0, 0.1111, 0.1429, 0.0, 0.0, 0.0, 0.0, 0.0, 0.0, 0.0, 0.0, 0.0, 0.2857, 0.0, 0.0, 0.0, 0.0, 0.0, 0.0, 0.0, 0.0, 0.0, 0.0, 0.0, 0.0, 0.0, 0.0, 0.0, 0.1429, 0.0, 0.0]"
20,1,broadcast,0.1275,0.1275,0.1275,0.0,44,True,255,0,298,1447,0,"[0.0, 0.023, 0.028, 0.0315, 0.0335, 0.0365, 0.0385, 0.0415, 0.0465, 0.0535, 0.0605, 0.068, 0.072, 0.0765, 0.0805, 0.0825, 0.0835, 0.0845, 0.0865, 0.091, 0.095, 0.0965, 0.0985, 0.0995, 0.1005, 0.1015, 0.102, 0.1035, 0.1045, 0.106, 0.109, 0.1125, 0.1145, 0.1175, 0.1185, 0.1195, 0.121, 0.122, 0.1235, 0.124, 0.1245, 0.125, 0.127, 0.1275, 0.1275, 0.1275, 0.1275, 0.1275, 0.1275, 0.1275, 0.1275, 0.1275, 0.1275, 0.1275, 0.1275, 0.1275, 0.1275, 0.1275, 0.1275, 0.1275, 0.1275, 0.1275, 0.1275, 0.1275, 0.1275, 0.1275, 0.1275, 0.1275, 0.1275, 0.1275, 0.1275, 0.1275, 0.1275, 0.1275, 0.1275, 0.1275, 0.1275, 0.1275, 0.1275, 0.1275, 0.1275, 0.1275, 0.1275, 0.1275, 0.1275, 0.1275, 0.1275, 0.1275, 0.1275, 0.1275, 0.1275, 0.1275, 0.1275, 0.1275, 0.1275, 0.1275, 0.1275, 0.1275, 0.1275, 0.1275, 0.1275]","{""0"": 0.126, ""1"": 0.6826, ""2"": 0.0214, ""3"": 0.0366, ""4"": 0.0285, ""5"": 0.0079, ""6"": 0.1377, ""7"": 0.0275}","[0.0, 0.0769, 0.0, 0.0, 0.0, 0.2, 0.0, 0.0, 0.0, 0.0, 0.0, 0.1, 0.0, 0.1667, 0.0, 0.0, 0.0909, 0.0, 0.0, 0.0, 0.0, 0.0, 0.0, 0.0, 0.0, 0.0, 0.0, 0.0, 0.0, 0.0, 0.0, 0.0, 0.0, 0.0, 0.0, 0.0, 0.0, 0.0, 0.0, 0.0, 0.1111, 0.0, 0.3333, 0.0, 0.0, 0.0, 0.0, 0.0, 0.0, 0.2, 0.7778, 0.0, 0.0, 0.0, 0.0, 0.0, 0.0, 0.0, 0.9, 0.0, 0.0, 0.125, 0.0, 0.0, 0.0, 0.0, 1.0, 0.0, 0.0769, 0.0, 0.0, 0.0, 0.0, 0.0, 0.8571, 0.0, 0.0, 0.0, 0.0, 0.0, 0.0, 0.0, 0.8889, 0.0, 0.5714, 0.0, 0.0, 0.0, 0.1429, 0.0, 1.0, 0.0, 0.1429, 0.0, 0.0, 0.0, 0.0, 0.0, 1.0, 0.0, 0.0, 0.1111, 0.0, 0.0, 0.0, 0.0, 1.0, 0.0, 0.0, 0.0, 0.0, 0.8333, 0.0909, 0.0, 0.875, 0.0, 0.0, 0.1111, 0.0, 0.8571, 0.0, 0.0, 1.0, 0.1, 0.0, 0.0, 0.0, 0.8889, 0.125, 0.7778, 0.8333, 0.1429, 0.0, 0.0, 0.0, 0.8571, 0.0, 1.0, 0.875, 0.0, 0.0, 0.0, 0.0, 1.0, 0.0, 0.8, 0.8333, 0.0, 0.0, 0.0, 0.0, 0.0, 0.0, 0.875, 0.8571, 0.0, 0.0, 0.0, 0.0, 0.0, 0.0, 1.0, 0.8, 0.0, 0.0, 0.1429, 0.0, 0.0, 0.0, 0.0, 1.0, 0.0, 0.0714, 0.0, 0.1, 0.0, 0.0, 0.0, 0.8, 0.0, 0.0, 0.0, 0.0, 0.1429, 0.0, 0.0, 1.0, 0.0, 0.0, 0.0, 0.0, 0.0, 0.0, 0.0, 0.8889, 0.0, 0.3333, 0.0, 0.0, 0.2857, 0.0, 0.0, 0.7778, 0.125, 0.0, 0.0, 0.0, 0.2222, 0.0909, 0.0, 1.0, 0.0, 0.0, 0.1429, 0.0, 0.0, 0.0, 0.0, 1.0, 0.1667, 0.0, 0.0, 0.125, 0.0, 0.0, 0.0, 0.8571, 0.0, 0.0, 0.0, 0.0, 0.1429, 0.1111, 0.0, 0.6667, 0.0, 0.0, 0.0, 0.0, 0.0, 0.0, 0.0, 0.0, 0.0, 0.1, 0.0, 0.0, 0.0, 0.0, 0.0909]"
20,2,broadcast,0.162,0.162,0.162,0.0,41,True,324,0,318,1358,0,"[0.0, 0.0225, 0.028, 0.0335, 0.0395, 0.0465, 0.054, 0.0655, 0.073, 0.081, 0.0885, 0.096, 0.099, 0.1015, 0.103, 0.106, 0.109, 0.113, 0.116, 0.121, 0.1245, 0.126, 0.1275, 0.1305, 0.1345, 0.138, 0.1425, 0.145, 0.147, 0.1485, 0.1505, 0.1515, 0.1525, 0.1535, 0.1555, 0.1575, 0.1585, 0.1595, 0.161, 0.1615, 0.162, 0.162, 0.162, 0.162, 0.162, 0.162, 0.162, 0.162, 0.162, 0.162, 0.162, 0.162, 0.162, 0.162, 0.162, 0.162, 0.162, 0.162, 0.162, 0.162, 0.162, 0.162, 0.162, 0.162, 0.162, 0.162, 0.162, 0.162, 0.162, 0.162, 0.162, 0.162, 0.162, 0.162, 0.162, 0.162, 0.162, 0.162, 0.162, 0.162, 0.162, 0.162, 0.162, 0.162, 0.162, 0.162, 0.162, 0.162, 0.162, 0.162, 0.162, 0.162, 0.162, 0.162, 0.162, 0.162, 0.162, 0.162, 0.162, 0.162, 0.162]","{""0"": 0.0239, ""1"": 0.0229, ""2"": 0.2727, ""3"": 0.2823, ""4"": 0.0354, ""5"": 0.0163, ""6"": 0.0169, ""7"": 0.6077}","[0.3333, 0.0, 0.0, 0.8571, 0.875, 0.1111, 0.25, 0.0, 0.75, 0.0, 0.0, 0.9, 0.875, 0.0, 0.4, 0.0, 0.6, 0.0, 0.0, 0.125, 0.8889, 0.0, 0.0, 0.0, 0.8571, 0.0, 0.0769, 0.0, 1.0, 0.1667, 0.0, 0.0, 0.8571, 0.0, 0.0, 0.0, 0.8571, 0.0, 0.0, 0.1429, 0.8571, 0.0, 0.0, 0.0, 0.8, 0.0, 0.0, 0.0, 0.8, 0.0, 0.0, 0.0, 0.1111, 0.0, 0.0, 0.0, 1.0, 0.1, 0.0, 0.0, 0.0, 0.1111, 0.0, 0.0, 0.9, 0.0, 0.0, 0.0, 0.0, 0.0, 0.0, 0.0, 0.9091, 0.0, 0.0909, 0.0, 0.0, 0.0, 0.0, 0.0, 1.0, 0.1, 0.0, 0.0, 0.0, 0.1429, 0.0, 0.0, 0.7143, 0.0, 0.0, 0.0, 0.0, 0.4286, 0.0714, 0.0, 0.875, 0.0, 0.0, 0.0, 0.1429, 0.0, 0.0, 0.0, 0.8571, 0.0, 0.0, 0.0, 0.0, 0.0, 0.0, 0.0, 0.0833, 0.0, 0.0, 0.0, 0.1667, 0.0, 0.0, 0.0, 0.0, 0.0, 0.0, 0.0, 0.0, 0.0, 0.0, 0.0, 0.125, 0.0, 0.0, 0.0, 0.0, 0.0, 0.0, 0.0, 0.1429, 0.1, 0.25, 0.1429, 0.0, 0.0, 0.0, 0.0, 0.0909, 0.0, 0.0, 0.0, 0.1111, 0.0, 0.0, 0.0, 0.0, 0.0, 0.0, 0.0833, 0.0, 0.1429, 0.0, 0.0, 0.0, 0.25, 0.1429, 0.0, 0.0, 0.0, 0.0, 0.0, 0.0, 0.0, 0.0, 0.0, 0.1111, 0.0, 0.0, 0.0, 0.6, 0.0, 0.0, 0.4444, 0.0, 0.0, 0.0, 0.125, 0.8571, 0.0, 0.0, 1.0, 0.0, 0.0, 0.0, 0.0, 0.6, 0.0, 0.0, 1.0, 0.0, 0.0, 0.0, 0.0, 0.9231, 0.0, 0.0, 1.0, 0.0, 0.0, 0.0, 0.0, 1.0, 0.0, 0.1, 1.0, 0.2, 0.0, 0.0, 0.1667, 0.75, 0.0, 0.0, 0.9, 0.0, 0.0, 0.0, 0.0, 0.8889, 0.0, 0.0, 1.0, 1.0, 0.0, 0.0, 0.0, 1.0, 0.1, 0.0, 0.8333, 1.0, 0.0, 0.0, 0.0, 1.0, 0.0, 0.0, 0.75, 0.8571, 0.0909, 0.0, 0.1111, 1.0, 0.1667]"
20,3,broadcast,0.0325,0.0325,0.0325,0.0,15,True,65,0,295,1640,0,"[0.0, 0.015, 0.0175, 0.02, 0.0235, 0.0245, 0.025, 0.0255, 0.026, 0.0265, 0.027, 0.0285, 0.03, 0.031, 0.0325, 0.0325, 0.0325, 0.0325, 0.0325, 0.0325, 0.0325, 0.0325, 0.0325, 0.0325, 0.0325, 0.0325, 0.0325, 0.0325, 0.0325, 0.0325, 0.0325, 0.0325, 0.0325, 0.0325, 0.0325, 0.0325, 0.0325, 0.0325, 0.0325, 0.0325, 0.0325, 0.0325, 0.0325, 0.0325, 0.0325, 0.0325, 0.0325, 0.0325, 0.0325, 0.0325, 0.0325, 0.0325, 0.0325, 0.0325, 0.0325, 0.0325, 0.0325, 0.0325, 0.0325, 0.0325, 0.0325, 0.0325, 0.0325, 0.0325, 0.0325, 0.0325, 0.0325, 0.0325, 0.0325, 0.0325, 0.0325, 0.0325, 0.0325, 0.0325, 0.0325, 0.0325, 0.0325, 0.0325, 0.0325, 0.0325, 0.0325, 0.0325, 0.0325, 0.0325, 0.0325, 0.0325, 0.0325, 0.0325, 0.0325, 0.0325, 0.0325, 0.0325, 0.0325, 0.0325, 0.0325, 0.0325, 0.0325, 0.0325, 0.0325, 0.0325, 0.0325]","{""0"": 0.0077, ""1"": 0.0412, ""2"": 0.0325, ""3"": 0.0044, ""4"": 0.0437, ""5"": 0.0119, ""6"": 0.0146, ""7"": 0.1019}","[0.1111, 0.0, 0.0, 0.0, 0.0, 0.0, 0.0, 0.0, 0.0, 0.0, 0.0909, 0.0, 0.0, 0.0, 0.0, 0.0, 0.0, 0.0, 0.0, 0.0, 0.0, 0.0, 0.0, 0.0, 0.1429, 0.0, 0.0, 0.0, 0.0, 0.0, 0.0, 0.0, 0.0, 0.0, 0.0, 0.0, 0.0, 0.0, 0.0, 0.0, 0.0, 0.0, 0.0, 0.0, 0.0, 0.1, 0.0, 0.0, 0.0, 0.0, 0.0, 0.0, 0.0, 0.0, 0.0, 0.0, 0.1667, 0.0, 0.0, 0.0, 0.0, 0.0, 0.0, 0.0, 0.8571, 0.0, 0.0, 0.0, 0.0, 0.6667, 0.0, 0.0909, 1.0, 0.0, 0.0, 0.0, 0.0, 0.1, 0.0, 0.0, 0.7143, 0.0, 0.0, 0.0, 0.0, 0.0, 0.0, 0.0, 0.0, 0.0, 0.1429, 0.1429, 0.0, 0.0, 0.125, 0.0, 0.0, 0.0, 0.2222, 0.6667, 0.0, 0.3333, 0.0833, 0.0, 0.0, 0.0, 0.625, 0.0, 0.0, 0.0, 0.0, 0.0, 0.0, 0.0, 0.0, 0.0, 0.0, 0.0, 0.0, 0.0, 0.0, 0.0, 0.0, 0.0, 0.0, 0.0, 0.0, 0.0, 0.0, 0.0, 0.0, 0.0, 0.0, 0.0833, 0.0, 0.0, 0.0, 0.0, 0.0, 0.0, 0.1429, 0.0, 0.0, 0.0, 0.0, 0.0, 0.1, 0.0, 0.0, 0.0, 0.0, 0.0, 0.0, 0.0, 0.0, 0.0, 0.0, 0.0, 0.0, 0.0, 0.0, 0.0, 0.0, 0.0, 0.0, 0.0, 0.0, 0.0, 0.0769, 0.0, 0.0, 0.0, 0.0, 0.0, 0.0, 0.0, 0.0, 0.0, 0.0, 0.0, 0.0, 0.0, 0.1429, 0.0, 0.0, 0.0, 0.0, 0.0, 0.0, 0.0, 0.0, 0.0, 0.0, 0.0, 0.0, 0.0, 0.0, 0.0, 0.0, 0.0, 0.1111, 0.2, 0.0, 0.0, 0.0, 0.1, 0.0, 0.0, 0.0, 0.0, 0.0, 0.0, 0.0, 0.0, 0.0, 0.0, 0.0, 0.125, 0.0, 0.125, 0.0, 0.0, 0.0, 0.1429, 0.0, 0.0, 0.0, 0.0909, 0.0, 0.0, 0.0, 0.0667, 0.0, 0.0, 0.0, 0.0, 0.0, 0.0, 0.0, 0.0, 0.0, 0.0, 0.0, 0.0, 0.0, 0.0, 0.0, 0.1111, 0.0, 0.0]"
20,4,broadcast,0.111,0.111,0.111,-0.0,33,True,222,0,331,1447,0,"[0.0, 0.021, 0.024, 0.025, 0.0265, 0.0295, 0.0325, 0.036, 0.0385, 0.042, 0.046, 0.0495, 0.053, 0.057, 0.0625, 0.0675, 0.073, 0.0785, 0.0855, 0.09, 0.093, 0.096, 0.0975, 0.098, 0.099, 0.1, 0.101, 0.1035, 0.1055, 0.1065, 0.109, 0.1105, 0.111, 0.111, 0.111, 0.111, 0.111, 0.111, 0.111, 0.111, 0.111, 0.111, 0.111, 0.111, 0.111, 0.111, 0.111, 0.111, 0.111, 0.111, 0.111, 0.111, 0.111, 0.111, 0.111, 0.111, 0.111, 0.111, 0.111, 0.111, 0.111, 0.111, 0.111, 0.111, 0.111, 0.111, 0.111, 0.111, 0.111, 0.111, 0.111, 0.111, 0.111, 0.111, 0.111, 0.111, 0.111, 0.111, 0.111, 0.111, 0.111, 0.111, 0.111, 0.111, 0.111, 0.111, 0.111, 0.111, 0.111, 0.111, 0.111, 0.111, 0.111, 0.111, 0.111, 0.111, 0.111, 0.111, 0.111, 0.111, 0.111]","{""0"": 0.0305, ""1"": 0.0255, ""2"": 0.2551, ""3"": 0.0165, ""4"": 0.0159, ""5"": 0.3284, ""6"": 0.1818, ""7"": 0.0198}","[0.0, 0.0, 0.0, 0.0, 0.0, 0.0, 1.0, 0.0, 0.0, 0.0, 0.0, 0.0, 0.0, 0.0, 0.1429, 0.0, 0.0, 0.0, 0.0, 0.0, 0.0, 0.0, 0.1, 0.0, 0.0, 0.0, 0.0, 0.0, 0.0, 0.0, 0.0, 0.0, 0.25, 0.0, 0.0, 0.0, 0.0, 0.0, 0.0, 0.0, 0.0, 0.0, 0.0, 0.0, 0.0, 0.0, 0.0, 0.0, 0.0, 0.1429, 0.0, 0.0, 0.1429, 0.0, 0.0, 0.0, 0.0, 0.1429, 0.1111, 0.0, 0.0, 0.0, 0.0, 0.0, 0.0, 0.0, 0.0, 0.0, 0.0, 0.0, 0.0, 0.0, 0.0, 0.125, 0.0, 0.3333, 0.0, 0.0, 0.0, 0.0, 0.0, 0.0, 0.0, 0.0, 0.0, 0.0, 0.1, 0.1111, 0.0, 0.0, 0.0769, 0.0, 0.0, 0.0, 0.0, 0.5, 0.0, 0.0, 0.0, 0.0, 0.0769, 0.0, 0.0, 0.8182, 0.0, 0.0, 0.0, 0.0, 0.0, 0.125, 0.0, 0.2857, 0.0, 0.0, 0.0, 0.0, 0.0, 0.0, 0.0, 0.1429, 0.1, 0.0, 0.0909, 0.1, 0.0, 0.0, 0.0, 0.0, 0.0, 0.0, 0.0, 0.0, 0.0, 0.0, 0.0, 0.0909, 0.0, 0.0, 0.0, 0.0, 0.125, 0.0, 0.1, 0.75, 0.0, 0.0, 0.0, 0.0, 0.0, 0.0, 0.0, 0.7778, 0.0, 0.0, 0.0, 0.0, 0.0, 0.0, 0.0, 0.7143, 0.0, 0.0, 0.0, 0.0833, 0.125, 0.1, 0.1111, 0.875, 0.0, 0.0, 0.0, 0.2, 0.0, 0.0, 0.8, 0.0, 0.0, 0.1, 0.0, 0.5, 0.0, 0.0, 0.875, 0.0, 0.0, 0.0, 0.125, 0.8571, 0.0, 0.1667, 0.8462, 0.0, 0.0, 0.0, 0.0, 0.9167, 0.0, 0.0, 0.9, 0.0, 0.0, 0.0, 0.0, 1.0, 0.0, 0.0, 0.7778, 0.0, 0.0, 0.0, 0.0, 0.625, 0.0, 0.1667, 0.9, 0.0, 0.0, 0.2857, 0.1, 1.0, 0.0, 0.0, 0.7692, 0.0, 0.0, 0.0, 0.0, 0.8, 0.0, 0.0, 1.0, 0.125, 0.2, 0.0, 0.1667, 0.8182, 0.0, 0.0, 0.875, 0.0, 0.0, 0.0769, 0.0, 0.8333, 0.0, 0.0, 0.8571, 0.0, 0.0, 0.0833]"
20,5,broadcast,0.209,0.209,0.209,0.0,25,True,418,0,269,1313,0,"[0.0, 0.0195, 0.027, 0.035, 0.0455, 0.0575, 0.0665, 0.079, 0.0905, 0.1015, 0.114, 0.1275, 0.1435, 0.154, 0.162, 0.1695, 0.1755, 0.1795, 0.1845, 0.1885, 0.1935, 0.1975, 0.2025, 0.207, 0.209, 0.209, 0.209, 0.209, 0.209, 0.209, 0.209, 0.209, 0.209, 0.209, 0.209, 0.209, 0.209, 0.209, 0.209, 0.209, 0.209, 0.209, 0.209, 0.209, 0.209, 0.209, 0.209, 0.209, 0.209, 0.209, 0.209, 0.209, 0.209, 0.209, 0.209, 0.209, 0.209, 0.209, 0.209, 0.209, 0.209, 0.209, 0.209, 0.209, 0.209, 0.209, 0.209, 0.209, 0.209, 0.209, 0.209, 0.209, 0.209, 0.209, 0.209, 0.209, 0.209, 0.209, 0.209, 0.209, 0.209, 0.209, 0.209, 0.209, 0.209, 0.209, 0.209, 0.209, 0.209, 0.209, 0.209, 0.209, 0.209, 0.209, 0.209, 0.209, 0.209, 0.209, 0.209, 0.209, 0.209]","{""0"": 0.3137, ""1"": 0.0082, ""2"": 0.5147, ""3"": 0.0161, ""4"": 0.0154, ""5"": 0.0127, ""6"": 0.6147, ""7"": 0.1925}","[0.1111, 0.0, 0.0, 0.0714, 0.0, 0.0, 0.0, 0.0, 0.0, 0.0, 0.0, 0.0, 0.0, 0.0, 0.0, 0.4286, 0.0, 0.0, 0.0, 0.75, 0.0, 0.0, 0.0, 0.8571, 0.0, 0.0, 0.0, 1.0, 0.0, 0.25, 0.0, 0.625, 0.0, 0.0, 0.0, 0.875, 0.0, 0.0, 0.0, 0.8333, 0.0, 0.0, 0.0, 1.0, 0.0, 0.0, 0.0909, 0.875, 0.0, 0.0, 0.0, 0.8333, 0.0, 0.0, 0.0, 0.875, 0.0, 0.875, 0.0, 0.8889, 0.125, 0.0, 0.0, 1.0, 0.1, 0.8, 0.0, 1.0, 0.0, 0.0, 0.0, 1.0, 0.8889, 0.7273, 0.1111, 1.0, 0.0, 0.0, 0.0, 0.8571, 0.6667, 0.8333, 0.0, 0.8889, 0.0, 0.0, 0.0, 0.7778, 0.9231, 0.875, 0.0, 0.7778, 0.0, 0.0, 0.0, 1.0, 1.0, 0.875, 0.0, 1.0, 0.0, 0.0, 0.0, 0.7778, 1.0, 1.0, 0.0, 0.7143, 0.0, 0.0, 0.0, 0.875, 0.7778, 1.0, 0.0, 0.8182, 0.0, 0.0, 0.125, 1.0, 0.0, 0.8571, 0.0, 1.0, 0.0, 0.0625, 0.0, 0.75, 0.0, 1.0, 0.0, 1.0, 0.0, 0.0, 0.0, 0.8889, 0.0, 0.8, 0.0, 0.9091, 0.0, 0.0, 0.0, 1.0, 0.0, 0.5, 0.0, 0.9167, 0.0, 0.0, 0.0, 0.8, 0.0, 0.1111, 0.0, 0.2, 0.1667, 0.0909, 0.0, 1.0, 0.0, 0.0, 0.0, 0.0, 0.0, 0.0, 0.0, 0.6, 0.1, 0.0, 0.0, 0.0, 0.125, 0.0, 0.0, 0.8889, 0.0, 0.0, 0.0, 0.0, 0.1, 0.0, 0.0, 0.7143, 0.0, 0.0, 0.0, 0.0909, 0.0, 0.0, 0.0909, 0.3333, 0.0, 0.0, 0.0, 0.0, 0.0, 0.0, 0.0, 0.125, 0.0, 0.0, 0.0, 0.0, 0.0, 0.0, 0.0, 0.0, 0.0, 0.0, 0.0, 0.1111, 0.0, 0.0, 0.0, 0.0, 0.0, 0.0, 0.0, 0.0, 0.0, 0.0, 0.0, 0.0, 0.0, 0.0, 0.0, 0.0, 0.0, 0.0, 0.0, 0.0, 0.125, 0.0, 0.125, 0.0, 0.0, 0.125, 0.0, 0.0, 0.1429, 0.0909, 0.0, 0.0, 0.0, 0.0, 0.0, 0.0, 0.125, 0.0]"
20,6,broadcast,0.2125,0.2125,0.2125,0.0,29,True,425,0,274,1301,0,"[0.0, 0.0205, 0.028, 0.0385, 0.053, 0.065, 0.078, 0.0925, 0.105, 0.1145, 0.1235, 0.134, 0.142, 0.15, 0.1565, 0.1605, 0.168, 0.1775, 0.1855, 0.1925, 0.1975, 0.201, 0.202, 0.2035, 0.206, 0.2085, 0.211, 0.212, 0.2125, 0.2125, 0.2125, 0.2125, 0.2125, 0.2125, 0.2125, 0.2125, 0.2125, 0.2125, 0.2125, 0.2125, 0.2125, 0.2125, 0.2125, 0.2125, 0.2125, 0.2125, 0.2125, 0.2125, 0.2125, 0.2125, 0.2125, 0.2125, 0.2125, 0.2125, 0.2125, 0.2125, 0.2125, 0.2125, 0.2125, 0.2125, 0.2125, 0.2125, 0.2125, 0.2125, 0.2125, 0.2125, 0.2125, 0.2125, 0.2125, 0.2125, 0.2125, 0.2125, 0.2125, 0.2125, 0.2125, 0.2125, 0.2125, 0.2125, 0.2125, 0.2125, 0.2125, 0.2125, 0.2125, 0.2125, 0.2125, 0.2125, 0.2125, 0.2125, 0.2125, 0.2125, 0.2125, 0.2125, 0.2125, 0.2125, 0.2125, 0.2125, 0.2125, 0.2125, 0.2125, 0.2125, 0.2125]","{""0"": 0.0202, ""1"": 0.0283, ""2"": 0.1713, ""3"": 0.3307, ""4"": 0.3142, ""5"": 0.004, ""6"": 0.4896, ""7"": 0.3386}","[0.0, 0.0, 0.0, 0.1, 1.0, 0.0833, 0.0, 0.0, 0.0, 0.0, 0.0, 0.0, 0.8889, 0.2857, 0.0, 0.125, 0.0, 0.0, 0.0, 0.125, 1.0, 0.375, 0.0, 1.0, 0.0, 0.0, 0.0, 0.0, 0.8571, 0.875, 0.0, 1.0, 0.0, 0.0, 0.0, 0.0, 0.8333, 0.8571, 0.0, 0.7778, 0.0, 0.0, 0.6667, 0.0, 1.0, 0.7143, 0.0, 0.7778, 0.0, 0.0, 0.0, 0.0, 1.0, 0.9091, 0.0, 1.0, 0.0, 0.1429, 0.0, 0.1429, 0.875, 0.8182, 0.0, 1.0, 0.0, 0.0, 0.0, 0.0, 0.0, 1.0, 0.0, 1.0, 0.0, 0.0, 0.0, 0.0, 0.0, 1.0, 0.0, 1.0, 0.0, 0.0, 0.0, 0.0, 0.0, 0.7778, 0.0, 0.9, 1.0, 0.0, 0.0, 0.1667, 0.0, 0.8, 0.0, 0.625, 0.8571, 0.0, 0.0, 0.0, 0.1667, 0.7778, 0.0, 0.875, 1.0, 0.0, 0.0, 0.75, 0.0, 0.0, 0.0, 0.875, 0.8, 0.0, 0.0, 1.0, 0.0, 0.0, 0.0, 1.0, 1.0, 0.0, 0.0, 0.8889, 0.0, 0.0, 0.0, 0.8, 0.8, 0.1429, 0.0, 0.8571, 0.0, 0.0, 0.0, 0.8333, 1.0, 0.125, 0.0, 1.0, 0.0, 0.0, 0.0, 0.6667, 0.8182, 0.0, 0.0, 0.875, 0.0909, 0.0, 0.0, 0.0, 0.8333, 0.0, 0.0, 0.0, 0.0, 0.0, 0.0, 0.0, 1.0, 0.1667, 0.0, 0.0, 0.0, 0.0, 0.1111, 0.0, 0.7778, 0.0, 0.0, 0.0, 0.1667, 0.0, 0.0, 0.0, 0.8333, 0.0, 0.0, 0.0, 0.0, 0.0, 0.0, 0.1, 0.1111, 0.0, 0.0, 0.0, 0.1667, 0.0, 0.0, 0.0, 0.0, 0.0, 0.0, 0.0, 0.3, 0.0, 0.0, 0.5, 0.0, 0.0, 0.0, 0.0, 0.0, 0.1111, 0.0, 0.0, 0.0, 0.0, 0.0, 0.0, 0.1429, 0.0, 0.0, 0.0, 0.0, 0.0, 0.0, 0.0, 0.0, 0.0, 0.0, 0.0, 0.0, 0.0, 0.1667, 0.0, 0.1111, 0.0, 0.0, 0.0, 0.0, 0.1667, 0.0, 0.0, 0.7778, 0.1, 0.0, 0.0, 0.0, 0.0, 0.0, 0.0, 1.0, 0.7143, 0.0, 0.0, 0.0, 0.0]"
20,7,broadcast,0.104,0.104,0.104,-0.0,18,True,208,0,295,1497,0,"[0.0, 0.0275, 0.0335, 0.037, 0.041, 0.048, 0.052, 0.056, 0.06, 0.065, 0.0695, 0.076, 0.083, 0.088, 0.0955, 0.101, 0.103, 0.104, 0.104, 0.104, 0.104, 0.104, 0.104, 0.104, 0.104, 0.104, 0.104, 0.104, 0.104, 0.104, 0.104, 0.104, 0.104, 0.104, 0.104, 0.104, 0.104, 0.104, 0.104, 0.104, 0.104, 0.104, 0.104, 0.104, 0.104, 0.104, 0.104, 0.104, 0.104, 0.104, 0.104, 0.104, 0.104, 0.104, 0.104, 0.104, 0.104, 0.104, 0.104, 0.104, 0.104, 0.104, 0.104, 0.104, 0.104, 0.104, 0.104, 0.104, 0.104, 0.104, 0.104, 0.104, 0.104, 0.104, 0.104, 0.104, 0.104, 0.104, 0.104, 0.104, 0.104, 0.104, 0.104, 0.104, 0.104, 0.104, 0.104, 0.104, 0.104, 0.104, 0.104, 0.104, 0.104, 0.104, 0.104, 0.104, 0.104, 0.104, 0.104, 0.104, 0.104]","{""0"": 0.3689, ""1"": 0.023, ""2"": 0.0331, ""3"": 0.0489, ""4"": 0.0242, ""5"": 0.0079, ""6"": 0.0466, ""7"": 0.284}","[0.3333, 1.0, 0.0, 0.0, 0.0833, 0.0, 0.0, 0.0, 0.0, 1.0, 0.0, 0.0, 0.0, 0.1111, 0.0, 0.1667, 0.0, 0.5, 0.0, 0.1667, 0.0, 0.0, 0.0, 0.0, 0.0, 0.0, 0.0, 0.0, 0.0, 0.0, 0.0909, 0.1429, 0.125, 0.0, 0.0, 0.0, 0.125, 0.0, 0.0, 0.125, 0.0, 0.1111, 0.0, 0.0, 0.0, 0.0, 0.0, 0.0, 0.0, 0.0, 0.0, 0.125, 0.0, 0.0, 0.0, 0.1667, 0.0, 0.0, 0.0, 0.0, 0.0, 0.1111, 0.0, 0.0, 0.2, 0.0, 0.1, 0.0, 0.5, 0.0, 0.0, 0.1667, 0.8333, 0.0, 0.0, 0.0, 0.1111, 0.0, 0.0, 0.1111, 0.8889, 0.0, 0.0, 0.25, 0.0, 0.0, 0.0, 0.0, 0.8889, 0.0, 0.0, 0.0, 0.0, 0.0, 0.0, 0.0, 0.9, 0.0, 0.0, 0.125, 0.0, 0.0, 0.0, 0.0, 0.5, 0.0, 0.0, 0.0, 0.0, 0.1111, 0.0, 0.0, 0.1111, 0.0, 0.0, 0.0, 0.0, 0.0, 0.0, 0.0, 0.0, 0.0, 0.0, 0.0, 0.1, 0.0, 0.0, 0.0, 0.5, 0.0, 0.0, 0.0909, 0.0, 0.0, 0.125, 0.0, 0.2, 0.0, 0.0, 0.0, 0.0, 0.0, 0.0, 0.0, 0.0, 0.1429, 0.0, 0.0, 0.0, 0.0, 0.0, 0.0, 0.0, 0.0, 0.0, 0.0, 0.1, 0.0, 0.0, 0.0, 0.0, 0.1429, 0.0, 0.0, 0.1429, 0.0, 0.0, 0.6, 0.1429, 0.0, 0.125, 0.0909, 0.3333, 0.0, 0.0, 0.0, 0.0, 1.0, 0.1111, 0.0, 0.0, 0.1818, 0.0, 0.0, 0.0, 0.7778, 0.0, 0.0, 0.0, 0.0, 0.0, 0.1, 0.0, 1.0, 0.0, 0.0, 0.0, 0.0, 0.0, 0.0, 0.0, 0.8889, 0.1429, 0.0, 0.0, 0.0, 0.0, 0.0, 0.8182, 1.0, 0.2222, 0.0, 0.0, 0.0, 0.0, 0.0, 1.0, 1.0, 0.0, 0.1, 0.0, 0.0, 0.0, 0.0, 0.8889, 0.7143, 0.0, 0.0, 0.1, 0.0, 0.0, 0.125, 0.75, 1.0, 0.0, 0.0, 0.0, 0.0, 0.0, 0.0, 0.125, 0.5714, 0.0, 0.1111, 0.0, 0.1111, 0.0, 0.0, 0.0, 1.0]"
20,8,broadcast,0.0985,0.0985,0.0985,0.0,28,True,197,0,324,1479,0,"[0.0, 0.0205, 0.0295, 0.0355, 0.0405, 0.046, 0.051, 0.055, 0.0605, 0.0655, 0.07, 0.0745, 0.0765, 0.0795, 0.082, 0.0845, 0.0865, 0.0875, 0.0885, 0.089, 0.0895, 0.09, 0.0915, 0.0945, 0.096, 0.0965, 0.0975, 0.0985, 0.0985, 0.0985, 0.0985, 0.0985, 0.0985, 0.0985, 0.0985, 0.0985, 0.0985, 0.0985, 0.0985, 0.0985, 0.0985, 0.0985, 0.0985, 0.0985, 0.0985, 0.0985, 0.0985, 0.0985, 0.0985, 0.0985, 0.0985, 0.0985, 0.0985, 0.0985, 0.0985, 0.0985, 0.0985, 0.0985, 0.0985, 0.0985, 0.0985, 0.0985, 0.0985, 0.0985, 0.0985, 0.0985, 0.0985, 0.0985, 0.0985, 0.0985, 0.0985, 0.0985, 0.0985, 0.0985, 0.0985, 0.0985, 0.0985, 0.0985, 0.0985, 0.0985, 0.0985, 0.0985, 0.0985, 0.0985, 0.0985, 0.0985, 0.0985, 0.0985, 0.0985, 0.0985, 0.0985, 0.0985, 0.0985, 0.0985, 0.0985, 0.0985, 0.0985, 0.0985, 0.0985, 0.0985, 0.0985]","{""0"": 0.0228, ""1"": 0.0455, ""2"": 0.1602, ""3"": 0.0205, ""4"": 0.033, ""5"": 0.0295, ""6"": 0.1641, ""7"": 0.3333}","[0.3333, 0.0, 0.0, 0.0, 0.0, 0.0, 0.0, 0.0, 0.0, 0.0, 0.25, 0.0, 0.0, 0.0, 0.0, 0.0, 0.0, 0.0, 0.1111, 0.5, 0.125, 0.0, 0.0, 0.0, 0.0, 0.0, 0.0, 1.0, 0.0, 0.0, 0.0, 0.8333, 0.125, 0.0, 0.0, 0.6667, 0.0, 0.0, 0.0, 1.0, 0.8, 0.0, 0.0, 0.75, 0.0, 0.1, 0.0, 0.7273, 1.0, 0.0, 0.0667, 1.0, 0.0, 0.0, 0.0, 0.9333, 0.8571, 0.125, 0.0, 0.75, 0.0, 0.2, 0.0, 0.7778, 1.0, 0.0, 0.0, 1.0, 0.0, 1.0, 0.0, 0.0, 0.8889, 0.0, 0.0, 0.0, 0.0, 0.0, 0.0, 0.0, 0.8571, 0.1429, 0.0, 0.0, 0.0, 0.0, 0.0, 0.0, 0.8, 0.0, 0.0, 0.0, 0.0, 0.0, 0.0, 0.0, 0.8, 0.0909, 0.0, 0.0, 0.0, 0.0, 0.0, 0.0, 1.0, 0.0, 0.0, 0.0, 0.0, 0.0, 0.0833, 0.0, 0.6667, 0.0, 0.0, 0.1, 0.0, 0.0, 0.0, 0.0, 1.0, 0.0, 0.0, 0.0, 0.0, 0.0, 0.0, 0.4, 0.7143, 0.1429, 0.0, 0.0, 0.0, 0.0, 0.0, 0.0, 0.3, 0.0, 0.0, 0.1, 0.0, 0.0, 0.0, 0.0, 0.1429, 0.0, 0.0, 0.0, 0.0, 0.0, 0.3, 0.0, 0.0, 0.0769, 0.0, 0.0, 0.0, 0.0, 0.0, 0.0, 0.0, 0.0, 0.0, 0.0, 0.1111, 0.0, 0.1111, 0.0, 0.125, 0.0, 0.1667, 0.0, 0.0, 0.0, 0.0, 0.0, 0.0, 0.0, 0.0, 0.0, 0.0769, 0.0, 0.0, 0.0, 0.0, 0.0, 0.0, 0.0, 0.1, 0.0, 0.0, 0.0, 0.0, 0.0, 0.0, 0.4286, 0.1, 0.0, 0.0, 0.0, 0.0, 0.0, 0.1111, 0.1, 0.0, 0.0, 0.1667, 0.0, 0.0, 0.0, 0.125, 0.0, 0.0, 0.0, 0.0, 0.0, 0.0, 0.0, 0.1818, 0.0, 0.0, 0.0, 0.0, 0.0, 0.0, 0.0, 0.0, 0.0, 0.0, 0.0, 0.0, 0.0, 0.0, 0.125, 0.3, 0.0, 0.0, 0.0, 0.0, 0.0, 0.1667, 0.0, 0.0, 0.0, 0.0, 0.1, 0.0833, 0.0, 0.0, 0.0]"
20,9,broadcast,0.1555,0.1555,0.1555,0.0,36,True,311,0,320,1369,0,"[0.0, 0.02, 0.0245, 0.0275, 0.0285, 0.0305, 0.0335, 0.039, 0.0475, 0.056, 0.0645, 0.0715, 0.0755, 0.08, 0.086, 0.0935, 0.099, 0.107, 0.1135, 0.121, 0.1255, 0.127, 0.1295, 0.1335, 0.1365, 0.138, 0.14, 0.1425, 0.1445, 0.1485, 0.1515, 0.153, 0.154, 0.1545, 0.155, 0.1555, 0.1555, 0.1555, 0.1555, 0.1555, 0.1555, 0.1555, 0.1555, 0.1555, 0.1555, 0.1555, 0.1555, 0.1555, 0.1555, 0.1555, 0.1555, 0.1555, 0.1555, 0.1555, 0.1555, 0.1555, 0.1555, 0.1555, 0.1555, 0.1555, 0.1555, 0.1555, 0.1555, 0.1555, 0.1555, 0.1555, 0.1555, 0.1555, 0.1555, 0.1555, 0.1555, 0.1555, 0.1555, 0.1555, 0.1555, 0.1555, 0.1555, 0.1555, 0.1555, 0.1555, 0.1555, 0.1555, 0.1555, 0.1555, 0.1555, 0.1555, 0.1555, 0.1555, 0.1555, 0.1555, 0.1555, 0.1555, 0.1555, 0.1555, 0.1555, 0.1555, 0.1555, 0.1555, 0.1555, 0.1555, 0.1555]","{""0"": 0.0158, ""1"": 0.0163, ""2"": 0.0185, ""3"": 0.444, ""4"": 0.0236, ""5"": 0.0302, ""6"": 0.6412, ""7"": 0.0259}","[0.2222, 0.0, 0.0, 0.0, 0.1111, 0.0, 0.0, 0.0, 0.0, 0.0909, 0.0, 0.0, 0.0, 0.0, 0.0, 0.0, 0.0, 0.0, 0.0, 0.0, 0.1, 0.0, 0.0, 0.1429, 0.0, 0.0, 0.0, 0.0, 0.0, 0.0, 0.0, 0.0, 0.0, 0.0, 0.0, 0.0, 0.0, 0.0, 0.0, 0.0, 0.0, 0.0, 0.0, 0.0, 0.0, 0.0, 0.0, 0.0, 0.0, 0.0, 0.0, 0.0, 0.0, 0.1667, 0.1111, 0.1429, 0.1667, 0.0, 0.0, 0.0, 0.0, 0.0, 0.0, 0.6667, 0.0, 0.0, 0.0, 0.1429, 0.8571, 0.125, 0.0, 0.8333, 0.0, 0.0, 0.25, 0.0, 1.0, 0.1, 0.0, 1.0, 0.0, 0.0, 0.0, 0.0, 0.8, 0.0, 0.0, 0.8, 0.0, 0.0714, 0.2, 0.0, 1.0, 0.0, 0.2727, 1.0, 0.0, 0.0, 0.0, 0.0, 0.7143, 0.0, 0.1429, 0.6667, 0.0, 0.0, 0.2222, 0.0, 0.7273, 0.0, 0.0, 1.0, 0.0, 0.0, 0.0, 0.0, 0.7778, 0.2222, 0.0, 0.8462, 0.0, 0.0, 0.0, 0.0, 0.8571, 0.0, 0.25, 1.0, 0.0, 0.0, 0.0, 0.0, 1.0, 0.0, 0.0, 0.875, 0.0, 0.0909, 0.0, 0.4, 0.8333, 0.0, 0.0, 0.9091, 0.0, 0.0, 0.0, 0.0, 0.75, 0.0, 0.0, 1.0, 0.0, 0.0, 0.0, 0.0, 0.8333, 0.0, 0.0, 0.6667, 0.0, 0.0, 0.0, 0.0833, 0.8333, 0.0, 0.0, 1.0, 0.0, 0.0, 0.0, 0.0, 1.0, 0.0, 0.0, 0.8333, 0.0, 0.1429, 0.0, 0.0, 1.0, 0.0, 0.0, 1.0, 0.1111, 0.0, 0.0, 0.0, 0.6, 0.0, 0.0, 0.8, 0.0, 0.0, 0.0, 0.0, 0.0, 0.0, 0.0, 0.7143, 0.0, 0.0, 0.0, 0.0, 0.125, 0.0, 0.0, 1.0, 0.0, 0.0, 0.0, 0.0, 0.0, 0.0, 0.0, 0.8889, 0.0, 0.0, 0.0, 0.0, 0.1111, 0.1, 0.0, 0.8889, 0.0, 0.0, 0.0, 0.0, 0.0, 0.0, 0.0, 0.8333, 0.125, 0.0, 0.0, 0.1429, 0.0, 0.0, 0.0, 0.0, 0.3333, 0.0, 0.0, 0.0, 0.0, 0.0, 0.0, 0.0, 0.1429, 0.0]"
20,10,broadcast,0.232,0.232,0.232,-0.0,31,True,464,0,319,1217,0,"[0.0, 0.021, 0.026, 0.0305, 0.036, 0.042, 0.048, 0.0545, 0.062, 0.0685, 0.0755, 0.086, 0.0975, 0.108, 0.117, 0.1225, 0.131, 0.142, 0.157, 0.1755, 0.193, 0.2045, 0.2135, 0.218, 0.221, 0.224, 0.227, 0.228, 0.229, 0.2305, 0.232, 0.232, 0.232, 0.232, 0.232, 0.232, 0.232, 0.232, 0.232, 0.232, 0.232, 0.232, 0.232, 0.232, 0.232, 0.232, 0.232, 0.232, 0.232, 0.232, 0.232, 0.232, 0.232, 0.232, 0.232, 0.232, 0.232, 0.232, 0.232, 0.232, 0.232, 0.232, 0.232, 0.232, 0.232, 0.232, 0.232, 0.232, 0.232, 0.232, 0.232, 0.232, 0.232, 0.232, 0.232, 0.232, 0.232, 0.232, 0.232, 0.232, 0.232, 0.232, 0.232, 0.232, 0.232, 0.232, 0.232, 0.232, 0.232, 0.232, 0.232, 0.232, 0.232, 0.232, 0.232, 0.232, 0.232, 0.232, 0.232, 0.232, 0.232]","{""0"": 0.0231, ""1"": 0.7371, ""2"": 0.0482, ""3"": 0.0636, ""4"": 0.0195, ""5"": 0.1984, ""6"": 0.0217, ""7"": 0.7143}","[0.3333, 0.0, 0.7143, 0.0, 0.0, 0.0, 0.0, 0.0, 0.0, 0.0, 1.0, 0.0, 0.0, 0.0, 0.0, 0.0, 0.4444, 0.0, 1.0, 0.0, 0.0, 0.1111, 0.0, 0.0769, 0.7778, 0.0, 0.8, 0.0, 0.0, 0.0, 0.0, 0.25, 0.1, 0.0, 0.9231, 0.0, 0.0, 0.0, 0.0, 0.0, 0.0, 0.0, 0.8333, 0.0, 0.0, 0.0, 0.125, 0.1429, 0.0, 0.0, 1.0, 0.0, 0.3333, 0.2, 0.0, 0.0, 0.0, 0.0, 0.8333, 0.0, 0.5, 0.1111, 0.0, 0.0, 0.8333, 0.0, 0.8889, 0.5714, 0.8571, 0.0, 0.0, 0.0, 1.0, 0.0, 0.9091, 0.0, 0.0, 0.0, 0.1429, 0.1667, 1.0, 0.0, 0.6667, 0.0, 0.0, 0.0, 0.0, 0.0, 0.8889, 0.0, 0.8, 0.0, 0.1818, 0.0, 0.0, 0.0, 0.8571, 0.0, 0.0, 0.0, 0.0, 0.0, 0.0, 0.0, 0.8, 0.0, 0.0, 0.125, 0.0, 0.0, 0.0, 0.0, 0.6667, 0.0, 0.0, 0.0, 0.0, 0.0, 0.0, 0.0, 0.8182, 0.0, 0.0, 0.125, 0.0, 0.0, 0.0, 0.0, 1.0, 0.3333, 0.875, 0.25, 0.0, 0.0714, 0.0, 0.1429, 1.0, 0.0909, 1.0, 0.0, 0.0, 0.0, 0.0, 0.0, 0.9091, 0.1111, 0.7, 0.0, 0.0, 0.0, 0.0, 0.0, 0.8, 0.0, 0.9231, 0.0, 0.0, 0.0, 0.1429, 0.0, 0.9286, 0.0, 1.0, 0.0909, 0.0, 0.1667, 0.0, 0.0, 1.0, 0.0, 0.8462, 0.0, 0.0, 0.0, 0.0, 0.0, 0.875, 0.0, 0.9091, 0.1818, 0.0, 0.0, 0.0, 0.0, 0.8333, 0.0, 1.0, 0.0, 0.0, 0.0, 0.0, 0.0, 1.0, 0.0, 0.8, 0.1111, 0.0, 0.0, 0.8889, 0.0, 1.0, 0.0, 1.0, 0.0, 0.0, 0.0, 0.8182, 0.0, 0.7143, 0.1111, 0.6667, 0.0, 0.0, 0.0, 0.8571, 0.0, 1.0, 0.0, 0.8889, 0.0, 0.2, 0.0, 0.875, 0.0, 1.0, 0.0, 0.6667, 0.0, 0.0, 0.0, 1.0, 0.0, 1.0, 0.1, 0.5, 0.0, 0.0, 0.0, 1.0, 0.0, 0.8571, 0.0, 1.0, 0.0, 0.0, 0.0, 0.75, 0.0, 0.0, 0.0]"
20,11,broadcast,0.036,0.036,0.036,0.0,10,True,72,0,298,1630,0,"[0.0, 0.0165, 0.0185, 0.0205, 0.0235, 0.0275, 0.031, 0.0345, 0.0355, 0.036, 0.036, 0.036, 0.036, 0.036, 0.036, 0.036, 0.036, 0.036, 0.036, 0.036, 0.036, 0.036, 0.036, 0.036, 0.036, 0.036, 0.036, 0.036, 0.036, 0.036, 0.036, 0.036, 0.036, 0.036, 0.036, 0.036, 0.036, 0.036, 0.036, 0.036, 0.036, 0.036, 0.036, 0.036, 0.036, 0.036, 0.036, 0.036, 0.036, 0.036, 0.036, 0.036, 0.036, 0.036, 0.036, 0.036, 0.036, 0.036, 0.036, 0.036, 0.036, 0.036, 0.036, 0.036, 0.036, 0.036, 0.036, 0.036, 0.036, 0.036, 0.036, 0.036, 0.036, 0.036, 0.036, 0.036, 0.036, 0.036, 0.036, 0.036, 0.036, 0.036, 0.036, 0.036, 0.036, 0.036, 0.036, 0.036, 0.036, 0.036, 0.036, 0.036, 0.036, 0.036, 0.036, 0.036, 0.036, 0.036, 0.036, 0.036, 0.036]","{""0"": 0.0192, ""1"": 0.012, ""2"": 0.0161, ""3"": 0.0166, ""4"": 0.1591, ""5"": 0.0232, ""6"": 0.0207, ""7"": 0.0128}","[0.0, 0.0, 0.0, 0.0, 0.0, 0.0, 0.0, 0.0, 0.1111, 0.1, 0.0, 0.0, 0.0, 0.7143, 0.0, 0.0, 0.0, 0.0, 0.0, 0.0, 0.0, 1.0, 0.0, 0.125, 0.0, 0.0, 0.0, 0.0, 0.0, 1.0, 0.0, 0.1429, 0.0, 0.0, 0.0, 0.0, 0.0, 1.0, 0.0, 0.0, 0.0, 0.0, 0.0, 0.0, 0.0, 1.0, 0.0, 0.2, 0.0, 0.125, 0.125, 0.0, 0.0, 0.1429, 0.0, 0.0, 0.0, 0.0, 0.0, 0.0, 0.0, 0.1111, 0.0, 0.0, 0.0, 0.0, 0.0, 0.0, 0.0, 0.0, 0.0, 0.0, 0.0, 0.3333, 0.0, 0.0, 0.0, 0.0, 0.0, 0.0, 0.0, 0.0, 0.0833, 0.1429, 0.1429, 0.1, 0.0, 0.0, 0.0, 0.0, 0.0, 0.0, 0.0, 0.0, 0.125, 0.0, 0.0, 0.0, 0.0, 0.1667, 0.0, 0.0, 0.0, 0.0, 0.0, 0.0, 0.0, 0.1, 0.0, 0.0, 0.0, 0.0, 0.0, 0.1, 0.0, 0.0, 0.0, 0.0, 0.0, 0.0, 0.1667, 0.0, 0.0, 0.0, 0.0, 0.0, 0.0, 0.0, 0.0, 0.0, 0.0, 0.0, 0.0, 0.0, 0.0, 0.0, 0.0, 0.0, 0.0, 0.0, 0.0, 0.1429, 0.0, 0.2, 0.0, 0.0, 0.1429, 0.0, 0.2, 0.0, 0.0, 0.0, 0.0, 0.0, 0.0, 0.0, 0.0, 0.0, 0.25, 0.0, 0.0, 0.0, 0.0, 0.0, 0.1429, 0.0, 0.0, 0.0, 0.0, 0.0, 0.0, 0.0, 0.1667, 0.0, 0.0833, 0.0, 0.0, 0.0, 0.0, 0.0, 0.0, 0.0, 0.0, 0.1429, 0.0, 0.0, 0.0, 0.0, 0.0, 0.0, 0.0, 0.0, 0.125, 0.0, 0.0, 0.0, 0.0, 0.0, 0.0, 0.0, 0.0, 0.0, 0.0, 0.0, 0.0, 0.0, 0.0, 0.0, 0.0, 0.0, 0.0, 0.0, 0.0, 0.0, 0.0, 0.0, 0.0, 0.0, 0.0, 0.125, 0.0, 0.0, 0.0, 0.0, 0.0, 0.0, 0.0, 0.0, 0.0, 0.0, 0.1667, 0.0, 0.0, 0.0, 0.0, 0.0, 0.0, 0.0, 0.0, 0.0, 0.0, 0.0, 0.0, 0.0, 0.0, 0.0, 0.0, 0.0, 0.0, 0.0]"
20,12,broadcast,0.0635,0.0635,0.0635,0.0,20,True,127,0,306,1567,0,"[0.0, 0.023, 0.0285, 0.0315, 0.035, 0.039, 0.0425, 0.0455, 0.0485, 0.0505, 0.052, 0.0535, 0.0545, 0.0565, 0.058, 0.0605, 0.062, 0.0625, 0.063, 0.0635, 0.0635, 0.0635, 0.0635, 0.0635, 0.0635, 0.0635, 0.0635, 0.0635, 0.0635, 0.0635, 0.0635, 0.0635, 0.0635, 0.0635, 0.0635, 0.0635, 0.0635, 0.0635, 0.0635, 0.0635, 0.0635, 0.0635, 0.0635, 0.0635, 0.0635, 0.0635, 0.0635, 0.0635, 0.0635, 0.0635, 0.0635, 0.0635, 0.0635, 0.0635, 0.0635, 0.0635, 0.0635, 0.0635, 0.0635, 0.0635, 0.0635, 0.0635, 0.0635, 0.0635, 0.0635, 0.0635, 0.0635, 0.0635, 0.0635, 0.0635, 0.0635, 0.0635, 0.0635, 0.0635, 0.0635, 0.0635, 0.0635, 0.0635, 0.0635, 0.0635, 0.0635, 0.0635, 0.0635, 0.0635, 0.0635, 0.0635, 0.0635, 0.0635, 0.0635, 0.0635, 0.0635, 0.0635, 0.0635, 0.0635, 0.0635, 0.0635, 0.0635, 0.0635, 0.0635, 0.0635, 0.0635]","{""0"": 0.1142, ""1"": 0.0431, ""2"": 0.0197, ""3"": 0.2267, ""4"": 0.032, ""5"": 0.028, ""6"": 0.0339, ""7"": 0.0079}","[0.2222, 0.1429, 0.0833, 0.0, 0.0, 0.0, 0.0, 0.0, 0.0, 0.0, 0.0, 0.0, 0.0, 0.0, 0.0, 0.1818, 0.0, 0.0, 0.0, 0.0, 0.0, 0.0, 0.1818, 0.0, 0.0, 0.0, 0.0, 0.0, 0.0, 0.0, 0.0, 0.0, 0.0, 0.0, 0.0, 0.0, 0.0, 0.0, 0.0, 0.0, 0.0, 0.0, 0.0, 0.0, 0.0, 0.0, 0.1111, 0.0, 0.1429, 0.0, 0.0, 0.0, 0.0, 0.0, 0.0, 0.5, 0.0, 0.1111, 0.0, 0.0, 0.0, 0.0, 0.0, 0.0, 0.0, 0.2857, 0.0, 0.0, 0.1, 0.0, 0.0, 0.0, 0.0, 0.0, 0.0, 0.0, 0.0, 0.0, 0.1667, 0.0, 0.0, 0.0833, 0.0, 0.0, 0.0, 0.125, 0.0, 0.0, 0.0, 0.0, 0.0, 0.0, 0.0, 0.0, 0.0, 0.0, 0.0, 0.0, 0.0, 0.0, 0.1429, 0.0, 0.0, 0.0, 0.0, 0.0, 0.0, 0.0, 0.0, 0.0, 0.0, 0.1333, 0.0, 0.0, 0.0714, 0.0, 0.0, 0.0, 0.0, 0.0, 0.0, 0.0, 0.0, 0.0, 0.0, 0.0, 0.0, 0.0, 0.0, 0.0, 0.6667, 0.2, 0.1, 0.1667, 0.0, 0.0, 0.0, 0.0, 0.0, 0.0909, 0.0, 0.0, 0.0, 0.0, 0.0, 0.0, 0.0, 0.0, 0.0, 0.0, 0.0, 0.0, 0.0, 0.0, 0.0, 0.1111, 0.0, 0.0, 0.0, 0.0, 0.0, 0.0, 0.0, 0.125, 0.3333, 0.0, 0.1111, 0.0, 0.0, 0.125, 0.0, 0.0, 0.8333, 0.0, 0.0, 0.0, 0.0, 0.9091, 0.0, 0.0, 0.8889, 0.0909, 0.0, 0.0, 0.0, 0.8, 0.1429, 0.0, 0.75, 0.1, 0.0, 0.0, 0.0, 0.875, 0.0, 0.0, 0.875, 0.1667, 0.0, 0.0, 0.0, 0.1667, 0.0, 0.0, 0.7143, 0.0, 0.0833, 0.0, 0.1111, 0.0, 0.0, 0.0, 0.8889, 0.0, 0.0, 0.0, 0.0, 0.0, 0.0, 0.0, 0.8571, 0.0, 0.0, 0.0, 0.0, 0.0, 0.0833, 0.0, 1.0, 0.0, 0.0, 0.125, 0.0, 0.0, 0.1429, 0.0, 0.0769, 0.0, 0.0714, 0.0833, 0.0, 0.0, 0.0, 0.0, 0.0, 0.4, 0.0, 0.0, 0.0, 0.1]"
20,13,broadcast,0.19,0.19,0.19,0.0,27,True,380,0,303,1317,0,"[0.0, 0.0225, 0.0295, 0.0355, 0.0445, 0.0565, 0.065, 0.0735, 0.085, 0.0985, 0.1115, 0.121, 0.129, 0.138, 0.144, 0.1525, 0.1595, 0.1675, 0.1735, 0.177, 0.179, 0.182, 0.185, 0.187, 0.1885, 0.1895, 0.19, 0.19, 0.19, 0.19, 0.19, 0.19, 0.19, 0.19, 0.19, 0.19, 0.19, 0.19, 0.19, 0.19, 0.19, 0.19, 0.19, 0.19, 0.19, 0.19, 0.19, 0.19, 0.19, 0.19, 0.19, 0.19, 0.19, 0.19, 0.19, 0.19, 0.19, 0.19, 0.19, 0.19, 0.19, 0.19, 0.19, 0.19, 0.19, 0.19, 0.19, 0.19, 0.19, 0.19, 0.19, 0.19, 0.19, 0.19, 0.19, 0.19, 0.19, 0.19, 0.19, 0.19, 0.19, 0.19, 0.19, 0.19, 0.19, 0.19, 0.19, 0.19, 0.19, 0.19, 0.19, 0.19, 0.19, 0.19, 0.19, 0.19, 0.19, 0.19, 0.19, 0.19, 0.19]","{""0"": 0.2082, ""1"": 0.004, ""2"": 0.0193, ""3"": 0.0157, ""4"": 0.1844, ""5"": 0.7815, ""6"": 0.0235, ""7"": 0.3191}","[0.2222, 0.0, 0.0, 0.0, 0.0, 0.1667, 0.7143, 0.0, 0.8889, 0.0, 0.0, 0.0, 0.0, 0.8333, 0.625, 0.25, 0.8, 0.0, 0.0, 0.0, 0.0, 1.0, 1.0, 0.0, 1.0, 0.0, 0.0, 0.0, 0.0, 0.8, 0.7143, 0.0, 0.8571, 0.0, 0.0, 0.0, 0.0, 0.8333, 1.0, 0.0, 0.8889, 0.0, 0.0, 0.1, 0.0, 0.8889, 1.0, 0.2, 0.5556, 0.0, 0.0, 0.0, 0.0, 0.75, 1.0, 0.1111, 0.875, 0.0, 0.0, 0.0, 0.0, 0.0, 0.8571, 0.0, 0.0, 0.0, 0.0, 0.0909, 0.0, 0.0, 0.8333, 0.0, 0.0, 0.0, 0.0, 0.0, 0.0, 0.2, 0.5, 0.0, 0.25, 0.0, 0.0, 0.0, 0.0769, 0.2, 0.5714, 0.0, 0.0, 0.0, 0.0, 0.0, 0.0, 0.1, 0.8333, 0.0, 0.0, 0.0, 0.0, 0.0, 0.0, 0.0, 0.7143, 0.1667, 0.0, 0.1111, 0.0, 0.0, 0.0, 0.0, 0.9, 0.0, 0.0, 0.1111, 0.0, 0.0, 0.0, 0.0, 0.8889, 0.0, 0.0909, 0.0, 0.0, 0.0, 0.0, 0.0, 0.8571, 0.0, 0.0, 0.0, 0.0, 0.2, 0.0, 0.0, 0.8889, 0.0, 0.0, 0.1667, 0.0, 0.0, 0.0, 0.0, 0.0, 0.0, 0.0, 0.0, 0.0, 0.0, 0.0, 0.0, 0.0, 0.0, 0.0, 0.0, 0.0, 0.0, 0.0, 0.0833, 0.6, 0.0, 0.0, 0.8, 0.0, 0.0, 0.0, 0.0, 1.0, 0.0, 0.0, 1.0, 0.0, 0.0, 0.0, 0.125, 0.5556, 0.0, 0.0, 0.7778, 0.0, 0.0, 0.1667, 0.1, 1.0, 0.0, 0.0, 0.9, 0.0, 0.0, 0.0, 0.0, 0.9, 0.0, 0.0, 1.0, 0.0, 0.0, 0.0, 0.0, 0.8333, 0.0, 0.0, 0.8333, 0.0, 0.0, 0.0, 0.0, 0.9, 0.0, 0.0, 0.1, 0.0, 0.0, 0.0, 0.0, 0.8889, 0.125, 0.0, 0.0, 0.0, 0.0, 0.0, 0.1429, 0.7143, 0.0, 0.8333, 0.0, 0.0, 0.0, 0.0909, 0.0, 0.8333, 0.0, 1.0, 0.0, 0.0, 0.0909, 0.0, 0.0, 0.8571, 0.0, 0.8889, 0.0, 0.1111, 0.0, 0.0769, 0.0, 1.0, 0.0, 0.7273, 0.0]"
20,14,broadcast,0.169,0.169,0.169,0.0,32,True,338,0,301,1361,0,"[0.0, 0.0265, 0.035, 0.043, 0.048, 0.054, 0.0595, 0.065, 0.071, 0.077, 0.083, 0.086, 0.091, 0.097, 0.103, 0.11, 0.115, 0.1235, 0.132, 0.1395, 0.144, 0.1485, 0.152, 0.154, 0.1555, 0.158, 0.1595, 0.1605, 0.161, 0.1625, 0.1655, 0.169, 0.169, 0.169, 0.169, 0.169, 0.169, 0.169, 0.169, 0.169, 0.169, 0.169, 0.169, 0.169, 0.169, 0.169, 0.169, 0.169, 0.169, 0.169, 0.169, 0.169, 0.169, 0.169, 0.169, 0.169, 0.169, 0.169, 0.169, 0.169, 0.169, 0.169, 0.169, 0.169, 0.169, 0.169, 0.169, 0.169, 0.169, 0.169, 0.169, 0.169, 0.169, 0.169, 0.169, 0.169, 0.169, 0.169, 0.169, 0.169, 0.169, 0.169, 0.169, 0.169, 0.169, 0.169, 0.169, 0.169, 0.169, 0.169, 0.169, 0.169, 0.169, 0.169, 0.169, 0.169, 0.169, 0.169, 0.169, 0.169, 0.169]","{""0"": 0.6654, ""1"": 0.1472, ""2"": 0.3333, ""3"": 0.0351, ""4"": 0.0198, ""5"": 0.0206, ""6"": 0.0732, ""7"": 0.0165}","[0.2222, 0.0, 0.0, 0.7143, 0.25, 0.0, 0.0, 0.3333, 0.1667, 0.0, 0.0, 0.7778, 0.0, 0.0, 0.0, 0.0, 0.0, 0.0, 0.125, 0.8, 0.0, 0.0, 0.0, 0.0, 0.0, 0.8889, 0.0, 0.875, 0.1667, 0.0, 0.0, 0.1667, 0.0, 1.0, 0.0, 0.9, 0.1111, 0.0, 0.0, 0.0, 0.0, 0.7273, 0.0, 0.8, 0.0, 0.0, 0.2, 0.0, 0.0, 0.875, 0.1111, 1.0, 0.0, 0.0, 0.0, 0.0, 0.0, 0.7143, 0.0, 0.875, 0.0, 0.0, 0.0, 0.0, 0.0, 0.0, 0.0, 1.0, 0.1111, 0.0, 0.25, 0.0, 0.0833, 0.0, 0.0, 0.7143, 0.0, 0.0, 0.0, 0.1667, 0.0, 0.0, 0.0, 0.875, 0.0, 0.0, 0.0, 0.0, 0.0, 0.8571, 0.0769, 1.0, 0.0, 0.0, 0.0, 0.0, 0.0, 0.8889, 0.0, 0.0, 0.1111, 0.0, 0.0, 0.0, 0.0, 0.9, 0.0, 0.0, 0.0, 0.0, 0.0, 0.6667, 0.0, 1.0, 0.5, 0.0, 0.0, 0.1, 0.0, 0.0, 0.125, 0.9091, 1.0, 0.0, 0.3333, 0.1429, 0.0, 0.0, 0.0, 0.9, 0.8571, 0.0, 0.0, 0.0, 0.0, 0.0, 0.0, 0.6667, 0.75, 0.0, 0.0, 0.0, 0.0, 0.0, 0.0, 0.8, 1.0, 0.0, 0.0, 0.0, 0.0, 0.0, 0.0, 0.8, 0.4444, 0.0, 0.0, 0.0, 0.1429, 0.0, 0.0, 1.0, 0.0, 0.0, 0.0, 0.1111, 0.0, 0.1, 0.0, 1.0, 0.0, 0.0, 0.0, 0.0, 0.0, 0.1667, 0.2, 1.0, 0.0, 0.1111, 0.0, 0.0, 0.0, 0.1429, 0.0, 1.0, 0.0769, 0.0, 0.0, 0.0, 0.2, 0.0, 0.0, 0.8571, 0.0, 0.0, 0.0, 0.0, 0.0, 0.0, 0.0, 0.8, 0.0, 0.0, 0.0, 0.0, 0.0, 0.0, 0.0, 0.7143, 0.0, 0.0, 0.0, 0.125, 0.0, 0.125, 0.0, 0.7778, 0.0, 0.0, 0.0, 0.1111, 0.0, 0.0, 0.0, 1.0, 0.0, 0.0, 0.1667, 0.0, 0.0, 0.0, 0.0, 0.8333, 0.0, 0.0, 0.0, 0.0, 0.0, 0.1, 0.0, 0.1, 0.0, 0.9, 0.0, 0.0, 0.0, 0.25, 0.0, 0.0909]"
20,15,broadcast,0.2485,0.2485,0.2485,0.0,39,True,497,0,280,1223,0,"[0.0, 0.026, 0.031, 0.0335, 0.0365, 0.042, 0.0475, 0.0535, 0.062, 0.07, 0.077, 0.086, 0.0975, 0.1095, 0.122, 0.131, 0.1435, 0.1525, 0.1585, 0.164, 0.17, 0.175, 0.1805, 0.1855, 0.188, 0.191, 0.197, 0.2035, 0.209, 0.2135, 0.22, 0.2265, 0.2335, 0.238, 0.241, 0.243, 0.2455, 0.2475, 0.2485, 0.2485, 0.2485, 0.2485, 0.2485, 0.2485, 0.2485, 0.2485, 0.2485, 0.2485, 0.2485, 0.2485, 0.2485, 0.2485, 0.2485, 0.2485, 0.2485, 0.2485, 0.2485, 0.2485, 0.2485, 0.2485, 0.2485, 0.2485, 0.2485, 0.2485, 0.2485, 0.2485, 0.2485, 0.2485, 0.2485, 0.2485, 0.2485, 0.2485, 0.2485, 0.2485, 0.2485, 0.2485, 0.2485, 0.2485, 0.2485, 0.2485, 0.2485, 0.2485, 0.2485, 0.2485, 0.2485, 0.2485, 0.2485, 0.2485, 0.2485, 0.2485, 0.2485, 0.2485, 0.2485, 0.2485, 0.2485, 0.2485, 0.2485, 0.2485, 0.2485, 0.2485, 0.2485]","{""0"": 0.0216, ""1"": 0.284, ""2"": 0.3333, ""3"": 0.0273, ""4"": 0.0345, ""5"": 0.0158, ""6"": 0.3388, ""7"": 0.8707}","[0.1111, 0.0, 0.0, 0.0, 0.0, 0.0, 0.0, 0.0, 0.9167, 0.1429, 0.1429, 0.0, 0.0, 0.0, 0.0, 0.0, 1.0, 0.0, 0.0, 0.0, 0.0, 0.0, 0.125, 0.0, 0.8571, 0.0, 0.0, 0.1111, 0.0, 0.1429, 0.0, 0.0, 0.9, 0.0, 0.1667, 0.0, 0.0, 0.0, 0.0, 0.0, 0.7778, 0.1, 0.125, 0.0, 0.3, 0.0, 0.0, 0.0, 0.8333, 0.0, 0.0, 0.125, 0.125, 0.0, 0.0, 0.25, 0.9, 0.0, 0.0, 0.0, 0.0, 0.0, 0.0, 0.0909, 1.0, 0.0, 0.0, 0.1667, 0.0, 0.0, 0.0, 0.0769, 0.9091, 0.0, 0.0, 0.8182, 0.125, 0.2, 0.0, 0.7143, 0.875, 0.0, 0.0, 0.6667, 0.0714, 0.2, 0.125, 0.75, 0.7778, 0.0, 1.0, 0.8889, 0.0, 0.0, 0.0, 0.6667, 0.8571, 0.0, 0.8889, 0.7, 0.0, 0.0, 0.0, 1.0, 0.75, 0.0, 0.75, 0.8333, 0.1111, 0.0, 0.0909, 1.0, 0.8333, 0.0, 1.0, 0.9091, 0.0, 0.0769, 0.0, 0.8889, 0.7778, 0.0, 1.0, 0.8, 0.0, 0.25, 0.0, 1.0, 0.875, 0.0, 0.7778, 0.9091, 0.0, 0.0, 0.0, 0.8571, 0.9091, 0.0, 1.0, 1.0, 0.0, 0.0, 0.0, 0.75, 1.0, 0.0, 0.8, 0.75, 0.0, 0.0, 0.0, 0.8571, 1.0, 0.0, 1.0, 0.8889, 0.0, 0.0, 0.0, 0.8571, 1.0, 0.0, 1.0, 0.0, 0.0, 0.0, 0.0, 0.9091, 0.4, 0.0, 0.0, 0.0, 0.0, 0.0, 0.0, 0.8889, 0.8182, 0.1667, 0.0, 0.0, 0.0, 0.2, 0.0, 0.1111, 0.875, 0.0909, 0.0, 0.0, 0.0, 0.0, 0.0, 0.0, 0.75, 0.0, 0.0, 0.0, 0.0, 0.0, 0.1, 0.0909, 0.5, 0.0, 0.0, 0.0, 0.0, 0.125, 0.0, 0.0, 1.0, 0.25, 0.0, 0.1111, 0.0, 0.0, 0.0, 0.0, 1.0, 0.0, 0.0, 0.0, 0.0, 0.0, 0.0, 0.0, 0.8889, 0.0, 0.0769, 0.0, 0.0, 0.0, 0.0, 0.0, 1.0, 0.0, 0.0, 0.0, 0.0, 0.0, 0.0, 0.1667, 0.8571, 0.0, 0.0, 0.0, 0.0, 0.0, 0.0, 0.0, 0.9167, 0.0]"
20,16,broadcast,0.1935,0.1935,0.1935,0.0,29,True,387,0,297,1316,0,"[0.0, 0.0275, 0.035, 0.04, 0.0465, 0.0555, 0.059, 0.0645, 0.072, 0.078, 0.085, 0.0925, 0.1, 0.11, 0.115, 0.1205, 0.125, 0.1305, 0.14, 0.1485, 0.1555, 0.163, 0.171, 0.177, 0.1805, 0.184, 0.1885, 0.193, 0.1935, 0.1935, 0.1935, 0.1935, 0.1935, 0.1935, 0.1935, 0.1935, 0.1935, 0.1935, 0.1935, 0.1935, 0.1935, 0.1935, 0.1935, 0.1935, 0.1935, 0.1935, 0.1935, 0.1935, 0.1935, 0.1935, 0.1935, 0.1935, 0.1935, 0.1935, 0.1935, 0.1935, 0.1935, 0.1935, 0.1935, 0.1935, 0.1935, 0.1935, 0.1935, 0.1935, 0.1935, 0.1935, 0.1935, 0.1935, 0.1935, 0.1935, 0.1935, 0.1935, 0.1935, 0.1935, 0.1935, 0.1935, 0.1935, 0.1935, 0.1935, 0.1935, 0.1935, 0.1935, 0.1935, 0.1935, 0.1935, 0.1935, 0.1935, 0.1935, 0.1935, 0.1935, 0.1935, 0.1935, 0.1935, 0.1935, 0.1935, 0.1935, 0.1935, 0.1935, 0.1935, 0.1935, 0.1935]","{""0"": 0.0565, ""1"": 0.0159, ""2"": 0.1447, ""3"": 0.2645, ""4"": 0.0316, ""5"": 0.5785, ""6"": 0.4327, ""7"": 0.0189}","[0.4444, 0.0, 0.0, 0.0, 1.0, 0.0, 0.125, 0.0, 0.0, 0.0, 0.0, 0.0, 0.3333, 0.0, 0.0, 0.8889, 0.0, 0.0, 0.0, 0.1111, 0.0, 0.0, 0.0, 0.75, 0.0, 0.0, 0.0, 0.0, 0.0, 0.0, 0.0, 1.0, 0.0, 0.0, 0.0, 0.0, 0.0, 0.0, 0.0, 0.875, 0.0, 0.0, 0.0, 0.1429, 0.0, 0.1667, 0.1429, 1.0, 0.0, 0.125, 0.0, 0.5, 0.2, 0.0, 0.0, 0.9167, 0.2, 0.0, 0.0, 0.8333, 0.0, 0.0, 0.0, 1.0, 0.0, 0.0, 0.0769, 1.0, 0.0, 0.0909, 0.0, 0.25, 0.0, 0.2, 0.0, 0.8, 0.0, 0.0, 0.75, 0.2308, 0.0, 0.0, 0.0, 0.1429, 0.0, 0.0833, 1.0, 0.0, 0.0, 0.0, 0.0, 0.125, 0.125, 0.0, 0.6, 0.0, 0.0, 0.0, 0.0, 0.0, 0.0, 0.0, 0.8571, 0.0, 0.0, 0.0, 0.1538, 0.0, 0.1667, 0.0, 0.8571, 0.1111, 0.0, 0.2, 0.0, 0.0, 0.1667, 0.0, 1.0, 0.0, 0.0, 0.0, 0.0, 0.0, 0.0, 0.0, 0.625, 0.0, 0.0, 0.0, 0.0, 0.0, 0.0, 0.0, 0.875, 0.0, 0.0, 0.0, 0.0, 0.0, 0.0, 0.0, 1.0, 0.7143, 0.0, 0.0, 0.0, 0.25, 0.0, 0.1429, 0.7, 1.0, 0.0, 0.1667, 0.0, 0.0, 0.0, 0.0, 1.0, 1.0, 0.125, 0.0, 0.0, 0.0, 0.1429, 0.1111, 1.0, 1.0, 0.0, 0.6, 0.0, 0.0, 0.0, 0.0, 0.8333, 0.875, 0.0, 0.5, 0.0, 0.0909, 0.0, 0.0, 0.875, 0.8333, 0.0, 0.1429, 0.0, 0.0, 0.0909, 0.0, 0.875, 1.0, 0.0, 0.0, 0.0, 0.0, 1.0, 0.1, 1.0, 1.0, 0.0, 0.1, 0.0, 0.0, 0.8182, 0.0, 1.0, 0.0, 0.0, 0.0, 0.0, 0.0, 0.8571, 0.1667, 0.8, 0.0, 0.0909, 0.0, 0.0, 0.7143, 0.7, 0.0, 0.75, 0.0, 0.0, 0.0, 0.0, 0.0, 1.0, 0.0, 0.8889, 0.0, 0.0, 0.0, 0.0, 0.1, 0.875, 0.1111, 0.9, 0.0, 0.0, 0.0, 0.125, 0.0, 0.7778, 0.0, 0.0, 0.0, 0.1667, 0.0714]"
20,17,broadcast,0.234,0.234,0.234,-0.0,21,True,468,0,256,1276,0,"[0.0, 0.024, 0.036, 0.048, 0.066, 0.091, 0.1075, 0.126, 0.145, 0.1595, 0.1755, 0.192, 0.204, 0.217, 0.2225, 0.2265, 0.2295, 0.23, 0.2305, 0.2325, 0.234, 0.234, 0.234, 0.234, 0.234, 0.234, 0.234, 0.234, 0.234, 0.234, 0.234, 0.234, 0.234, 0.234, 0.234, 0.234, 0.234, 0.234, 0.234, 0.234, 0.234, 0.234, 0.234, 0.234, 0.234, 0.234, 0.234, 0.234, 0.234, 0.234, 0.234, 0.234, 0.234, 0.234, 0.234, 0.234, 0.234, 0.234, 0.234, 0.234, 0.234, 0.234, 0.234, 0.234, 0.234, 0.234, 0.234, 0.234, 0.234, 0.234, 0.234, 0.234, 0.234, 0.234, 0.234, 0.234, 0.234, 0.234, 0.234, 0.234, 0.234, 0.234, 0.234, 0.234, 0.234, 0.234, 0.234, 0.234, 0.234, 0.234, 0.234, 0.234, 0.234, 0.234, 0.234, 0.234, 0.234, 0.234, 0.234, 0.234, 0.234]","{""0"": 0.1457, ""1"": 0.0325, ""2"": 0.0078, ""3"": 0.437, ""4"": 0.1086, ""5"": 0.569, ""6"": 0.4042, ""7"": 0.2032}","[0.5556, 0.0, 0.0, 0.0, 1.0, 0.0, 0.8333, 0.0, 0.0, 0.0, 0.0, 0.0, 0.8571, 0.0, 1.0, 0.0, 0.0, 0.0, 0.0, 0.0, 1.0, 0.0, 0.6667, 0.1111, 0.0, 0.0, 0.0714, 0.0, 0.5556, 0.0, 0.8571, 1.0, 0.0, 0.0, 0.0, 0.0909, 1.0, 0.1111, 0.8889, 1.0, 0.0, 0.0, 0.0, 0.0, 0.0909, 0.0, 0.8333, 0.7778, 0.125, 0.0, 0.0, 0.0, 0.3333, 0.0, 0.9091, 1.0, 0.1667, 0.8889, 0.2, 0.0, 0.0, 0.25, 0.8571, 0.9091, 0.0, 1.0, 0.0, 0.0, 0.1111, 0.0625, 0.9, 1.0, 0.0, 0.8333, 0.0, 0.0, 0.0, 0.0, 0.8333, 1.0, 0.1429, 0.7778, 0.0, 0.0, 0.0, 0.0, 0.625, 1.0, 0.0, 0.9, 0.0, 0.0, 0.0, 0.0769, 0.0, 0.75, 0.0, 0.0, 0.1111, 0.0, 0.0, 0.0, 0.0, 1.0, 0.0, 0.0, 0.0, 0.0, 0.0, 0.0, 0.0, 1.0, 0.6, 0.0, 0.0, 0.0, 0.0, 0.0, 0.0, 0.6, 1.0, 0.0, 0.0, 0.0, 0.0, 0.0, 0.0, 0.75, 0.8, 0.0, 0.0, 0.0, 0.1111, 0.0, 0.0, 0.8333, 0.0, 0.0, 0.0, 0.0, 0.125, 0.0, 0.0909, 0.0, 0.0, 0.0, 0.0, 0.0, 0.1429, 0.0, 0.0, 0.0, 0.1429, 0.0, 0.0, 0.0, 0.0, 0.0, 0.0, 0.0, 0.0, 0.0, 0.0, 0.0, 0.0, 0.0, 0.0, 0.0, 0.0, 0.0, 0.0, 0.0, 0.2, 0.0, 0.9, 0.0, 0.0, 0.0, 0.0, 0.0, 0.75, 0.0, 0.6667, 0.0, 0.0, 0.0, 0.0, 0.0909, 0.875, 0.0, 1.0, 0.0, 0.0, 0.0, 0.0, 0.0, 1.0, 0.8333, 0.8333, 0.0, 0.0, 0.0, 0.25, 0.0, 1.0, 1.0, 0.875, 0.0, 0.3333, 0.0, 0.3333, 0.0, 0.875, 1.0, 0.5, 0.0, 0.7143, 0.0, 0.1111, 0.0, 1.0, 0.0, 1.0, 0.0, 1.0, 0.75, 0.0, 0.0, 0.9167, 0.2, 1.0, 0.0, 1.0, 0.0, 0.0, 0.0, 0.8889, 0.0, 0.875, 0.0, 1.0, 0.0, 0.1429, 0.0, 1.0, 0.0, 0.5, 0.0, 0.0, 0.0909]"
20,18,broadcast,0.1435,0.1435,0.1435,0.0,27,True,287,0,295,1418,0,"[0.0, 0.0195, 0.024, 0.027, 0.031, 0.038, 0.0465, 0.0545, 0.061, 0.068, 0.0755, 0.0815, 0.089, 0.095, 0.098, 0.104, 0.107, 0.1125, 0.1175, 0.1245, 0.131, 0.1345, 0.1375, 0.139, 0.14, 0.1415, 0.1435, 0.1435, 0.1435, 0.1435, 0.1435, 0.1435, 0.1435, 0.1435, 0.1435, 0.1435, 0.1435, 0.1435, 0.1435, 0.1435, 0.1435, 0.1435, 0.1435, 0.1435, 0.1435, 0.1435, 0.1435, 0.1435, 0.1435, 0.1435, 0.1435, 0.1435, 0.1435, 0.1435, 0.1435, 0.1435, 0.1435, 0.1435, 0.1435, 0.1435, 0.1435, 0.1435, 0.1435, 0.1435, 0.1435, 0.1435, 0.1435, 0.1435, 0.1435, 0.1435, 0.1435, 0.1435, 0.1435, 0.1435, 0.1435, 0.1435, 0.1435, 0.1435, 0.1435, 0.1435, 0.1435, 0.1435, 0.1435, 0.1435, 0.1435, 0.1435, 0.1435, 0.1435, 0.1435, 0.1435, 0.1435, 0.1435, 0.1435, 0.1435, 0.1435, 0.1435, 0.1435, 0.1435, 0.1435, 0.1435, 0.1435]","{""0"": 0.0162, ""1"": 0.0083, ""2"": 0.0163, ""3"": 0.109, ""4"": 0.5184, ""5"": 0.0202, ""6"": 0.0197, ""7"": 0.4387}","[0.2222, 0.0, 0.1429, 0.1818, 0.0, 0.8333, 0.0, 0.0, 0.0, 0.0, 0.0, 0.0, 0.0, 0.7273, 0.125, 0.125, 0.0, 0.0, 0.0, 0.0909, 0.0, 0.8182, 0.0, 0.0909, 0.0, 0.0, 0.0, 0.1111, 0.0, 0.9231, 0.0, 0.0, 0.0, 0.0, 0.0, 0.0, 0.0, 0.7778, 0.0, 0.0, 0.0, 0.0, 0.0, 0.0, 0.0, 0.875, 0.0, 0.0, 0.0, 0.0, 0.0, 0.0, 0.0, 0.9231, 0.125, 0.0, 0.0, 0.0, 0.0, 0.0, 0.0, 0.6667, 0.0, 0.0625, 0.0, 0.0, 0.0, 0.0, 0.0, 0.9, 0.0, 0.0, 0.6, 0.0, 0.0, 0.0, 0.0, 1.0, 0.0, 0.0, 0.8889, 0.0, 0.0, 0.0, 0.0, 0.5, 0.1667, 0.0, 1.0, 0.0, 0.0, 0.0, 0.0, 0.8, 0.0, 0.0, 1.0, 0.0, 0.0, 0.0, 0.0, 0.6667, 0.0, 0.0909, 0.7778, 0.0, 0.0, 0.0, 0.0, 0.875, 0.0, 0.0, 0.8889, 0.125, 0.0, 0.0, 1.0, 1.0, 0.0, 0.0, 1.0, 0.0, 0.0, 0.0, 0.8571, 0.8333, 0.1111, 0.1, 0.875, 0.0, 0.0, 0.0, 0.7778, 0.7143, 0.0, 0.0, 0.75, 0.1111, 0.0, 0.0, 0.6667, 0.25, 0.0, 0.0, 1.0, 0.0, 0.125, 0.0, 0.125, 0.1429, 0.0, 0.0, 0.8571, 0.0, 0.0, 0.0, 0.0, 0.1667, 0.0, 0.0, 1.0, 0.1111, 0.0, 0.0, 0.0, 0.1111, 0.0, 0.0, 1.0, 0.0, 0.0, 0.0, 0.0, 0.0, 0.0, 0.0, 0.7273, 0.1, 0.0, 0.0, 0.0, 0.0, 0.0, 0.0, 0.875, 0.0, 0.0, 0.0, 0.0, 0.0, 0.0, 0.0, 0.25, 0.0, 0.0, 0.0, 0.1, 0.0, 0.0, 0.0, 0.0, 0.0, 0.0, 0.0, 0.0, 0.0, 0.0, 0.0, 0.0, 0.0, 0.0, 0.0, 0.0, 0.0, 0.0, 0.0, 0.1111, 0.0, 0.0, 0.0, 0.0, 0.0, 0.0, 0.0, 0.0, 0.0, 0.0, 0.0, 0.0, 0.0, 0.0, 0.0, 0.0909, 0.0, 0.0, 0.0, 0.1176, 0.0, 0.0, 0.0, 0.0, 0.0, 0.0, 0.0, 0.1429, 0.4, 0.0, 0.0, 0.0, 0.0]"
20,19,broadcast,0.0975,0.0975,0.0975,0.0,25,True,195,0,308,1497,0,"[0.0, 0.016, 0.018, 0.0195, 0.022, 0.0265, 0.0295, 0.0355, 0.0405, 0.0445, 0.049, 0.052, 0.055, 0.0585, 0.062, 0.065, 0.067, 0.069, 0.072, 0.076, 0.083, 0.087, 0.0915, 0.096, 0.0975, 0.0975, 0.0975, 0.0975, 0.0975, 0.0975, 0.0975, 0.0975, 0.0975, 0.0975, 0.0975, 0.0975, 0.0975, 0.0975, 0.0975, 0.0975, 0.0975, 0.0975, 0.0975, 0.0975, 0.0975, 0.0975, 0.0975, 0.0975, 0.0975, 0.0975, 0.0975, 0.0975, 0.0975, 0.0975, 0.0975, 0.0975, 0.0975, 0.0975, 0.0975, 0.0975, 0.0975, 0.0975, 0.0975, 0.0975, 0.0975, 0.0975, 0.0975, 0.0975, 0.0975, 0.0975, 0.0975, 0.0975, 0.0975, 0.0975, 0.0975, 0.0975, 0.0975, 0.0975, 0.0975, 0.0975, 0.0975, 0.0975, 0.0975, 0.0975, 0.0975, 0.0975, 0.0975, 0.0975, 0.0975, 0.0975, 0.0975, 0.0975, 0.0975, 0.0975, 0.0975, 0.0975, 0.0975, 0.0975, 0.0975, 0.0975, 0.0975]","{""0"": 0.0315, ""1"": 0.0038, ""2"": 0.0043, ""3"": 0.6445, ""4"": 0.0173, ""5"": 0.0192, ""6"": 0.0283, ""7"": 0.0158}","[0.1111, 0.0, 0.0, 0.0, 0.6667, 0.0, 0.1, 0.0, 0.0, 0.0, 0.0, 0.0, 0.6667, 0.0, 0.0, 0.1429, 0.0, 0.0, 0.0, 0.0, 0.8889, 0.0, 0.0, 0.125, 0.0, 0.1429, 0.0, 0.0, 0.8182, 0.0, 0.0, 0.0, 0.0, 0.0, 0.0, 0.0, 0.25, 0.1111, 0.0, 0.0, 0.0, 0.0, 0.0, 0.0, 0.0, 0.0, 0.0, 0.0, 0.0, 0.0, 0.0, 0.0, 0.0, 0.0, 0.1, 0.0, 0.0, 0.1667, 0.0, 0.0, 0.0, 0.0, 0.0, 0.0, 0.0, 0.0, 0.0, 0.1111, 0.0, 0.0, 0.0, 0.125, 0.1, 0.0, 0.0, 0.0, 0.0, 0.0, 0.0, 0.0, 0.0, 0.2, 0.0, 0.0, 0.0, 0.0, 0.0, 0.0, 0.0, 0.1667, 0.0, 0.0, 0.0, 0.0, 0.125, 0.0, 0.0, 0.0, 0.0, 0.0, 0.0, 0.0, 0.0, 0.0, 0.0, 0.0, 0.0, 0.0, 0.8889, 0.1, 0.0, 0.0, 0.0, 0.0, 0.0, 0.0, 0.9, 0.0, 0.0, 0.0, 0.0, 0.0, 0.0, 0.0, 0.75, 0.0, 0.0, 0.0, 0.0, 0.0, 0.0, 0.0, 1.0, 0.0, 0.0, 0.3333, 0.0, 0.0, 0.0, 0.0, 1.0, 0.0, 0.0, 0.0, 0.0, 0.0, 0.0, 0.0, 1.0, 0.0, 0.1111, 0.0, 0.1667, 0.1111, 0.0, 0.0, 1.0, 0.0, 0.0, 0.2, 0.125, 0.0, 0.0, 0.0, 1.0, 0.0, 0.0, 0.0, 0.1111, 0.0909, 0.0, 0.0, 0.8889, 0.1111, 0.0, 0.0, 0.0, 0.0, 0.0, 0.0, 1.0, 0.0, 0.0, 0.0, 0.0, 0.0, 0.0, 0.0, 1.0, 0.0, 0.0, 0.0, 0.0, 0.0, 0.0, 0.0, 0.75, 0.0, 0.0, 0.0, 0.0, 0.0, 0.0, 0.0, 1.0, 0.0, 0.0, 0.0, 0.0, 0.0, 0.0, 0.0, 0.7273, 0.0, 0.0, 0.125, 0.0, 0.0, 0.1667, 0.0, 0.7, 0.0, 0.1429, 0.0, 0.0, 0.0, 0.0, 0.0, 0.8571, 0.1429, 0.0, 0.0, 0.0, 0.0, 0.0, 0.0, 0.7, 0.0, 0.0, 0.0, 0.0, 0.1, 0.0, 0.0, 1.0, 0.0, 0.0, 0.1111, 0.0, 0.0]"
20,20,broadcast,0.177,0.177,0.177,0.0,31,True,354,0,291,1355,0,"[0.0, 0.0215, 0.0275, 0.033, 0.0415, 0.0495, 0.0605, 0.0725, 0.0835, 0.093, 0.1015, 0.1085, 0.114, 0.121, 0.1275, 0.137, 0.146, 0.1515, 0.154, 0.1565, 0.158, 0.1605, 0.1635, 0.166, 0.1685, 0.171, 0.1725, 0.1735, 0.174, 0.1765, 0.177, 0.177, 0.177, 0.177, 0.177, 0.177, 0.177, 0.177, 0.177, 0.177, 0.177, 0.177, 0.177, 0.177, 0.177, 0.177, 0.177, 0.177, 0.177, 0.177, 0.177, 0.177, 0.177, 0.177, 0.177, 0.177, 0.177, 0.177, 0.177, 0.177, 0.177, 0.177, 0.177, 0.177, 0.177, 0.177, 0.177, 0.177, 0.177, 0.177, 0.177, 0.177, 0.177, 0.177, 0.177, 0.177, 0.177, 0.177, 0.177, 0.177, 0.177, 0.177, 0.177, 0.177, 0.177, 0.177, 0.177, 0.177, 0.177, 0.177, 0.177, 0.177, 0.177, 0.177, 0.177, 0.177, 0.177, 0.177, 0.177, 0.177, 0.177]","{""0"": 0.0163, ""1"": 0.2597, ""2"": 0.0346, ""3"": 0.5821, ""4"": 0.3648, ""5"": 0.0174, ""6"": 0.1084, ""7"": 0.0078}","[0.2222, 0.0, 0.0, 0.0, 0.8, 0.0, 0.2, 0.0, 0.0, 0.0, 0.0, 0.0, 0.9091, 0.0, 0.0, 0.0, 0.0, 0.0, 0.75, 0.0, 0.7778, 0.0, 0.0, 0.0, 0.0, 0.0, 0.8571, 0.0, 0.8889, 0.0, 0.1111, 0.0, 0.0, 0.0, 1.0, 0.0, 0.875, 0.0, 0.0, 0.0, 0.0, 0.0, 0.75, 0.0909, 1.0, 0.0, 0.0, 0.0, 0.0, 0.0, 1.0, 0.0, 1.0, 0.1333, 0.0, 0.0, 0.0, 0.0, 0.6667, 0.1111, 1.0, 0.0, 0.0, 0.75, 0.0, 0.0, 0.9, 0.25, 1.0, 0.0, 0.0, 0.8333, 0.0, 0.0, 1.0, 0.0, 0.7, 0.0, 0.0, 1.0, 0.0, 0.0, 0.7778, 0.0, 0.6, 0.8333, 0.0, 1.0, 0.0, 0.0, 0.6667, 0.1, 0.7778, 1.0, 0.0, 0.4, 0.0, 0.0, 0.1111, 0.0, 1.0, 0.25, 0.0, 0.0, 0.0, 0.1667, 0.0, 0.0, 0.9091, 0.75, 0.0, 0.0, 0.0, 0.0, 0.0, 0.1111, 0.0, 1.0, 0.0, 0.1, 0.0, 0.125, 0.0, 0.0714, 0.0, 0.8333, 0.0, 0.0, 0.0, 0.1667, 0.0, 0.0, 0.1111, 1.0, 0.0, 0.0, 0.1429, 0.0, 0.0, 0.0, 0.0, 0.7143, 0.0, 0.0, 0.0909, 0.0, 0.0, 0.0, 0.0909, 1.0, 0.0, 0.0, 0.0, 0.2, 0.1667, 0.0, 0.0, 1.0, 0.0, 0.0, 0.0, 0.0, 0.0, 0.0, 0.0, 1.0, 0.0, 0.0, 0.0, 0.0, 0.0, 0.1, 0.0, 1.0, 0.0, 0.0, 0.0, 0.0, 0.0, 0.0, 0.0, 1.0, 0.0, 0.0, 0.0, 0.0, 0.0, 0.0, 0.7143, 0.0, 0.0, 0.0, 0.0, 0.0, 0.0, 0.0, 1.0, 0.0, 0.0, 0.0, 0.0, 0.0, 0.0, 0.1111, 0.9091, 0.0, 0.0, 0.0, 0.0, 0.0, 0.0, 0.1429, 1.0, 0.0, 0.0, 0.0, 0.0, 0.0, 0.1111, 0.0, 0.6, 0.0, 0.0, 0.0, 0.0, 0.0, 0.1429, 0.0, 0.7143, 0.0, 0.0, 0.0, 0.0, 0.0, 0.0909, 0.0, 1.0, 0.0, 0.0, 0.0, 0.0, 0.0, 0.0, 0.0, 1.0, 0.125, 0.0909, 0.0, 0.0, 0.0]"
20,21,broadcast,0.067,0.067,0.067,0.0,11,True,134,0,303,1563,0,"[0.0, 0.026, 0.0295, 0.032, 0.0375, 0.046, 0.0535, 0.061, 0.0645, 0.0665, 0.067, 0.067, 0.067, 0.067, 0.067, 0.067, 0.067, 0.067, 0.067, 0.067, 0.067, 0.067, 0.067, 0.067, 0.067, 0.067, 0.067, 0.067, 0.067, 0.067, 0.067, 0.067, 0.067, 0.067, 0.067, 0.067, 0.067, 0.067, 0.067, 0.067, 0.067, 0.067, 0.067, 0.067, 0.067, 0.067, 0.067, 0.067, 0.067, 0.067, 0.067, 0.067, 0.067, 0.067, 0.067, 0.067, 0.067, 0.067, 0.067, 0.067, 0.067, 0.067, 0.067, 0.067, 0.067, 0.067, 0.067, 0.067, 0.067, 0.067, 0.067, 0.067, 0.067, 0.067, 0.067, 0.067, 0.067, 0.067, 0.067, 0.067, 0.067, 0.067, 0.067, 0.067, 0.067, 0.067, 0.067, 0.067, 0.067, 0.067, 0.067, 0.067, 0.067, 0.067, 0.067, 0.067, 0.067, 0.067, 0.067, 0.067, 0.067]","{""0"": 0.1693, ""1"": 0.0403, ""2"": 0.0085, ""3"": 0.0204, ""4"": 0.2023, ""5"": 0.0329, ""6"": 0.0297, ""7"": 0.0233}","[0.0, 0.0909, 0.0714, 0.0, 0.0, 1.0, 0.0, 0.1111, 0.0, 0.0, 0.0, 0.0, 0.0, 0.9, 0.0, 0.0, 0.0, 0.2, 0.0, 0.0, 0.0, 0.7143, 0.0, 0.0, 0.0, 0.1111, 0.0, 0.0, 0.0, 0.125, 0.0, 0.1111, 0.1429, 0.6667, 0.0, 0.0, 0.0, 0.0, 0.0, 0.0, 0.0, 0.0, 0.0, 0.0, 0.1429, 0.0, 0.2, 0.1, 0.1, 0.0, 0.1111, 0.0, 0.0, 0.0, 0.0, 0.0, 0.1429, 0.0, 0.1, 0.0, 0.0, 0.0, 0.0, 0.0, 0.0, 0.0, 0.0, 0.0, 0.0, 0.0, 0.1429, 0.125, 0.0, 0.0, 0.125, 0.0, 0.0, 0.0, 0.1111, 0.0, 0.2, 0.0, 0.0, 0.0, 0.0, 0.0, 0.0, 0.0, 0.0, 0.0, 0.0, 0.0, 0.0, 0.0, 0.0, 0.0, 0.0, 0.0, 0.1429, 0.0, 0.0, 0.0, 0.0, 0.0, 0.0, 0.0, 0.0833, 0.0, 0.0, 0.0, 0.0, 0.0, 0.0, 0.125, 0.0, 0.1111, 0.0, 0.1429, 0.0, 0.0, 0.0, 1.0, 0.0, 0.0, 0.0, 0.0, 0.0, 0.0, 0.0, 0.8889, 0.0909, 0.1667, 0.0, 0.0, 0.1111, 0.0, 0.0, 0.9167, 0.0, 0.0, 0.0, 0.0, 0.0, 0.0, 0.0, 0.7778, 0.1667, 0.0, 0.1, 0.0, 0.0, 0.0, 0.0, 0.6, 0.0, 0.0, 0.0, 0.0, 0.0, 0.0, 0.0, 0.2, 0.1111, 0.0, 0.0, 0.1, 0.1429, 0.0, 0.0, 0.0, 0.0, 0.0, 0.0, 0.0, 0.0, 0.3333, 0.0, 0.0, 0.125, 0.0, 0.0, 0.0, 0.0, 0.0, 0.0, 0.0, 0.0, 0.0, 0.1667, 0.0, 0.0, 0.0, 0.0, 0.0, 0.0, 0.0, 0.0, 0.0, 0.0, 0.0, 0.0, 0.0, 0.0, 0.0, 0.125, 0.0833, 0.0, 0.0, 0.0, 0.0, 0.0769, 0.0, 0.0, 0.0, 0.0, 0.0, 0.0, 0.0, 0.0, 0.0, 0.0, 0.4, 0.0, 0.1429, 0.1429, 0.0, 0.0, 0.0, 0.1667, 1.0, 0.2, 0.0, 0.0, 0.0, 0.0, 0.0, 0.0, 0.7, 0.0, 0.0, 0.0, 0.0, 0.0, 0.0, 0.0, 0.8571, 0.0, 0.0, 0.0, 0.0]"
20,22,broadcast,0.1195,0.1195,0.1195,0.0,38,True,239,0,296,1465,0,"[0.0, 0.02, 0.0245, 0.0265, 0.028, 0.029, 0.03, 0.0305, 0.032, 0.0335, 0.036, 0.039, 0.0415, 0.045, 0.049, 0.052, 0.055, 0.0595, 0.063, 0.0655, 0.0685, 0.0745, 0.077, 0.079, 0.0825, 0.0865, 0.092, 0.096, 0.1, 0.106, 0.107, 0.1085, 0.11, 0.113, 0.116, 0.1175, 0.119, 0.1195, 0.1195, 0.1195, 0.1195, 0.1195, 0.1195, 0.1195, 0.1195, 0.1195, 0.1195, 0.1195, 0.1195, 0.1195, 0.1195, 0.1195, 0.1195, 0.1195, 0.1195, 0.1195, 0.1195, 0.1195, 0.1195, 0.1195, 0.1195, 0.1195, 0.1195, 0.1195, 0.1195, 0.1195, 0.1195, 0.1195, 0.1195, 0.1195, 0.1195, 0.1195, 0.1195, 0.1195, 0.1195, 0.1195, 0.1195, 0.1195, 0.1195, 0.1195, 0.1195, 0.1195, 0.1195, 0.1195, 0.1195, 0.1195, 0.1195, 0.1195, 0.1195, 0.1195, 0.1195, 0.1195, 0.1195, 0.1195, 0.1195, 0.1195, 0.1195, 0.1195, 0.1195, 0.1195, 0.1195]","{""0"": 0.0367, ""1"": 0.0364, ""2"": 0.791, ""3"": 0.0202, ""4"": 0.0204, ""5"": 0.0113, ""6"": 0.0323, ""7"": 0.0272}","[0.1111, 0.0, 0.0, 0.8571, 0.1667, 0.25, 0.0, 0.0, 0.0, 0.0, 0.0, 1.0, 0.0, 0.2857, 0.0769, 0.0, 0.0, 0.0, 0.0, 0.8571, 0.0, 0.0, 0.0, 0.1, 0.0, 0.0, 0.0, 0.875, 0.0, 0.0, 0.0, 0.1429, 0.0, 0.25, 0.0, 0.9, 0.0, 0.0, 0.0, 0.0, 0.0, 0.0, 0.0, 1.0, 0.0, 0.0, 0.0, 0.0, 0.0, 0.0, 0.0, 0.875, 0.0, 0.0, 0.0, 0.0, 0.0, 0.0, 0.0, 1.0, 0.0, 0.0, 0.0, 0.0, 0.0, 0.0, 0.0, 0.7143, 0.0, 0.0, 0.0, 0.0, 0.5, 0.1, 0.0, 1.0, 0.0, 0.0, 0.0, 0.0, 0.0, 0.5, 0.0, 0.75, 0.0, 0.0, 0.0667, 0.1111, 0.0, 0.1429, 0.0, 0.6, 0.0, 0.0, 0.0, 0.0, 0.0, 0.0, 0.125, 1.0, 0.0, 0.0, 0.0, 0.0, 0.0, 0.0, 0.0, 0.6667, 0.0, 0.0, 0.0, 0.0, 0.0, 0.0667, 0.0, 1.0, 0.0, 0.0, 0.0, 0.0, 0.0, 0.0, 0.0, 0.6667, 0.0, 0.0833, 0.0, 0.0, 0.0, 0.0, 0.0, 0.6, 0.1667, 0.0, 0.0, 0.0833, 0.0, 0.0, 0.125, 1.0, 0.2222, 0.0, 0.1111, 0.0, 0.0, 0.0, 0.0, 1.0, 0.2, 0.0, 0.0, 0.0, 0.0, 0.0, 0.0, 0.7143, 0.0, 0.0, 0.0, 0.0, 0.0, 0.0, 0.0, 0.0, 0.0, 0.0, 0.0, 0.0, 0.0, 0.0, 0.0, 0.2727, 0.0, 0.0, 0.0, 0.0, 0.0, 0.0, 0.1667, 0.0, 0.0, 0.0, 0.0, 0.0, 0.0, 0.0, 0.0, 0.6667, 0.0, 0.0, 0.0, 0.0, 0.1111, 0.0, 0.1429, 0.8571, 0.0, 0.0, 0.0, 0.0, 0.1111, 0.1, 0.1111, 0.875, 0.0, 0.0, 0.0, 0.0, 0.0, 0.1111, 0.375, 0.8333, 0.0, 0.0, 0.0, 0.5, 0.0, 0.0, 0.1429, 0.9, 0.0, 0.0, 0.0, 0.0, 0.0, 0.0, 0.0, 1.0, 0.0, 0.0, 0.0, 0.0, 0.0, 0.0, 0.0, 1.0, 0.0, 0.0, 0.0, 0.1667, 0.0, 0.0, 0.0, 0.8182, 0.0, 0.0833, 0.0, 0.0, 0.0, 0.0]"
20,23,broadcast,0.2165,0.2165,0.2165,0.0,45,True,433,0,259,1308,0,"[0.0, 0.0245, 0.029, 0.034, 0.042, 0.0535, 0.062, 0.066, 0.071, 0.0765, 0.085, 0.094, 0.102, 0.1105, 0.12, 0.129, 0.136, 0.141, 0.1465, 0.153, 0.157, 0.1625, 0.1675, 0.1715, 0.1755, 0.178, 0.182, 0.1845, 0.1865, 0.188, 0.1895, 0.1915, 0.1945, 0.1965, 0.1985, 0.1995, 0.2, 0.202, 0.2035, 0.205, 0.2075, 0.209, 0.211, 0.2145, 0.2165, 0.2165, 0.2165, 0.2165, 0.2165, 0.2165, 0.2165, 0.2165, 0.2165, 0.2165, 0.2165, 0.2165, 0.2165, 0.2165, 0.2165, 0.2165, 0.2165, 0.2165, 0.2165, 0.2165, 0.2165, 0.2165, 0.2165, 0.2165, 0.2165, 0.2165, 0.2165, 0.2165, 0.2165, 0.2165, 0.2165, 0.2165, 0.2165, 0.2165, 0.2165, 0.2165, 0.2165, 0.2165, 0.2165, 0.2165, 0.2165, 0.2165, 0.2165, 0.2165, 0.2165, 0.2165, 0.2165, 0.2165, 0.2165, 0.2165, 0.2165, 0.2165, 0.2165, 0.2165, 0.2165, 0.2165, 0.2165]","{""0"": 0.2441, ""1"": 0.0211, ""2"": 0.0283, ""3"": 0.0121, ""4"": 0.0199, ""5"": 0.6872, ""6"": 0.7366, ""7"": 0.0167}","[0.2222, 0.8333, 0.0, 0.0714, 0.0, 0.0, 0.7143, 0.875, 0.0, 0.1, 0.0, 0.1, 0.0, 0.0, 0.7778, 1.0, 0.0, 0.1111, 0.0, 0.0833, 0.0, 0.0, 1.0, 0.5833, 0.0, 0.0, 0.0, 0.125, 0.0, 0.0, 0.8571, 0.7143, 0.0, 0.0, 0.0, 0.0, 0.0, 0.125, 1.0, 1.0, 0.0, 0.0, 0.0, 0.0, 0.0, 0.0, 0.7143, 1.0, 0.0, 0.0833, 0.0, 0.0, 0.0, 0.0, 1.0, 1.0, 0.0, 0.0, 0.0, 0.0, 0.0, 0.125, 0.8571, 0.8571, 0.0, 0.0, 0.0, 0.0, 0.1111, 0.0, 0.8, 1.0, 0.0, 0.0, 0.125, 0.0, 0.0, 0.0, 0.8571, 0.9167, 0.0, 0.0, 0.0, 0.0, 0.0, 0.0, 1.0, 0.7143, 0.0, 0.0, 0.1, 0.0, 0.0, 0.0, 0.8571, 0.875, 0.0, 0.0, 0.0714, 0.0, 0.0, 0.0833, 0.7, 0.8571, 0.2857, 0.0, 0.0, 0.0, 0.0, 0.0, 1.0, 0.7778, 0.0, 0.0, 0.0, 0.0, 0.0, 0.0, 0.875, 0.875, 0.0, 0.0, 0.0, 0.0, 0.0, 0.0, 1.0, 0.1, 0.0, 0.0, 0.2, 0.0, 0.0, 0.0, 0.9, 0.0, 0.0, 0.0, 0.0, 0.0, 0.0, 0.0, 0.1, 0.0, 0.0, 0.0, 0.0, 0.0909, 0.25, 0.0, 0.0, 0.0, 0.0, 0.2, 0.0, 0.0667, 0.0, 0.0714, 0.0, 0.875, 0.0, 0.1, 0.0, 0.0, 0.0, 0.125, 0.0, 0.8333, 0.0, 0.0, 0.0, 0.0, 0.0, 0.0, 0.0, 0.8571, 0.125, 0.0, 0.0, 0.0, 0.0, 0.0, 0.3333, 0.6667, 0.0, 0.0, 0.0, 0.0, 0.0, 0.0, 0.0, 0.875, 0.0, 0.8571, 0.0, 0.0, 0.125, 0.0, 1.0, 1.0, 0.0, 0.8, 0.0, 0.0, 0.0, 0.0, 0.7778, 0.8, 0.0, 1.0, 0.0, 0.0, 0.0, 0.0, 1.0, 0.8889, 0.0, 0.8571, 0.0, 0.0, 0.0, 0.0, 1.0, 0.6667, 0.0909, 0.8, 0.0, 0.1111, 0.0, 0.0, 0.5, 1.0, 0.0, 0.7143, 0.0, 0.0, 0.0, 0.0, 1.0, 0.8333, 0.0, 0.875, 0.1667, 0.0, 0.0, 0.0, 1.0, 1.0, 0.0, 0.8889]"
20,24,broadcast,0.068,0.068,0.068,-0.0,21,True,136,0,297,1567,0,"[0.0, 0.02, 0.0225, 0.025, 0.0275, 0.0305, 0.0355, 0.04, 0.044, 0.0465, 0.049, 0.05, 0.052, 0.0535, 0.0545, 0.055, 0.0565, 0.059, 0.062, 0.066, 0.068, 0.068, 0.068, 0.068, 0.068, 0.068, 0.068, 0.068, 0.068, 0.068, 0.068, 0.068, 0.068, 0.068, 0.068, 0.068, 0.068, 0.068, 0.068, 0.068, 0.068, 0.068, 0.068, 0.068, 0.068, 0.068, 0.068, 0.068, 0.068, 0.068, 0.068, 0.068, 0.068, 0.068, 0.068, 0.068, 0.068, 0.068, 0.068, 0.068, 0.068, 0.068, 0.068, 0.068, 0.068, 0.068, 0.068, 0.068, 0.068, 0.068, 0.068, 0.068, 0.068, 0.068, 0.068, 0.068, 0.068, 0.068, 0.068, 0.068, 0.068, 0.068, 0.068, 0.068, 0.068, 0.068, 0.068, 0.068, 0.068, 0.068, 0.068, 0.068, 0.068, 0.068, 0.068, 0.068, 0.068, 0.068, 0.068, 0.068, 0.068]","{""0"": 0.0167, ""1"": 0.0816, ""2"": 0.2248, ""3"": 0.0179, ""4"": 0.0247, ""5"": 0.0202, ""6"": 0.0196, ""7"": 0.1341}","[0.0, 0.0, 0.0, 1.0, 0.0, 0.0, 0.0, 0.1429, 0.0, 0.0, 0.0, 0.2, 0.1111, 0.0, 0.0, 0.0, 0.0, 0.0, 1.0, 0.0, 0.0, 0.0, 0.0, 0.0, 0.0, 0.0, 0.7143, 0.0, 0.0, 0.0, 0.0, 0.0, 0.0, 0.0, 0.3333, 0.0, 0.1429, 0.0, 0.0, 0.0, 0.0, 0.0, 0.1429, 0.0, 0.0, 0.0714, 0.25, 0.125, 0.0, 0.0, 0.0, 0.0, 0.0, 0.0, 0.0, 0.0, 0.0, 0.0, 0.25, 0.0, 0.0, 0.0, 0.0, 0.0, 0.0, 0.0, 0.0, 0.0, 0.0909, 0.0, 0.0, 0.0, 0.0, 0.0, 0.0, 0.0, 0.0, 0.0, 0.1111, 0.0, 0.0, 0.0, 0.0, 0.0, 0.0, 0.0, 0.0, 0.0, 0.0, 0.0, 0.0, 0.0, 0.0, 0.0, 0.0714, 0.0, 0.0, 0.0, 0.0, 0.0, 0.0, 0.0, 0.0, 0.0, 0.1429, 0.25, 0.0, 0.0, 0.0, 0.0, 0.0, 0.0, 0.0, 0.0, 0.0, 0.0, 0.0, 0.0, 0.0, 0.0, 0.1, 0.0, 0.0909, 0.0, 0.0, 0.1111, 0.0, 0.1, 0.0, 0.0, 0.0, 0.0, 0.0, 0.2857, 0.0, 0.0, 0.0, 0.0, 0.0, 0.0, 0.0, 0.0, 0.0, 0.0, 0.0, 0.0, 0.0, 0.0, 0.0, 0.1429, 0.0, 0.1111, 0.0, 0.0, 0.1111, 0.0, 0.0, 0.0, 0.0, 0.0, 0.0, 0.1429, 0.1429, 0.0, 0.0, 0.0, 0.0, 0.0769, 0.0, 0.0, 0.1429, 0.0, 0.1429, 0.2, 0.0, 0.0, 0.0, 0.0, 0.0, 0.0, 0.0, 0.0, 0.0, 0.0, 1.0, 0.0, 0.0, 0.0, 0.0, 0.0, 0.125, 0.0, 0.8571, 0.0, 0.0, 1.0, 0.0, 0.0, 0.0, 0.0, 0.7143, 0.0, 0.0, 1.0, 0.0, 0.0, 0.0, 0.0, 1.0, 0.0, 0.0, 0.8889, 0.0, 0.0, 0.0, 0.0, 0.7, 0.0, 0.0, 0.625, 0.0, 0.0, 0.0, 0.0, 0.0, 0.1667, 0.0, 0.75, 0.0, 0.0, 0.0, 0.0, 0.0, 0.0, 0.1667, 1.0, 0.0, 0.0, 0.0, 0.0, 0.0833, 0.0, 0.0, 0.8571, 0.0, 0.0, 0.0, 0.0, 0.0, 0.0]"
20,25,broadcast,0.079,0.079,0.079,0.0,17,True,158,0,265,1577,0,"[0.0, 0.023, 0.0275, 0.033, 0.0395, 0.0445, 0.05, 0.0555, 0.057, 0.0595, 0.063, 0.0645, 0.0655, 0.069, 0.074, 0.076, 0.079, 0.079, 0.079, 0.079, 0.079, 0.079, 0.079, 0.079, 0.079, 0.079, 0.079, 0.079, 0.079, 0.079, 0.079, 0.079, 0.079, 0.079, 0.079, 0.079, 0.079, 0.079, 0.079, 0.079, 0.079, 0.079, 0.079, 0.079, 0.079, 0.079, 0.079, 0.079, 0.079, 0.079, 0.079, 0.079, 0.079, 0.079, 0.079, 0.079, 0.079, 0.079, 0.079, 0.079, 0.079, 0.079, 0.079, 0.079, 0.079, 0.079, 0.079, 0.079, 0.079, 0.079, 0.079, 0.079, 0.079, 0.079, 0.079, 0.079, 0.079, 0.079, 0.079, 0.079, 0.079, 0.079, 0.079, 0.079, 0.079, 0.079, 0.079, 0.079, 0.079, 0.079, 0.079, 0.079, 0.079, 0.079, 0.079, 0.079, 0.079, 0.079, 0.079, 0.079, 0.079]","{""0"": 0.0273, ""1"": 0.0152, ""2"": 0.0206, ""3"": 0.0349, ""4"": 0.3347, ""5"": 0.0205, ""6"": 0.0458, ""7"": 0.1429}","[0.0, 0.0, 0.0, 0.0, 0.0, 0.8571, 0.1, 0.0, 0.0, 0.0, 0.0, 0.0, 0.0, 1.0, 0.0, 0.0, 0.0, 0.0, 0.0, 0.0, 0.125, 1.0, 0.0, 0.0, 0.0, 0.0, 0.0, 0.0, 0.0, 0.8889, 0.0, 0.1, 0.0, 0.0, 0.0, 0.1667, 0.0, 0.875, 0.0, 0.0, 0.0, 0.0, 0.0909, 0.0, 0.0833, 0.75, 0.125, 0.1111, 0.0, 0.0, 0.0, 0.0, 0.0, 0.8182, 0.0, 0.0, 0.0, 0.0, 0.0, 0.0, 0.0, 1.0, 0.0, 0.0, 0.0, 0.1, 0.1429, 0.0, 0.0, 0.0, 0.0, 0.0, 0.0, 0.1111, 0.0, 0.0, 0.0, 0.0, 0.0, 0.0, 0.0, 0.0, 0.0, 0.1111, 0.125, 0.0, 0.0, 0.0, 0.0, 0.0, 0.0, 0.0, 0.0, 0.0, 0.0, 0.0, 0.0, 0.0, 0.0, 0.0, 0.0, 0.0, 0.0, 0.0, 0.0, 0.0, 0.0, 0.0, 0.0, 0.0, 0.0, 0.0, 0.0, 0.0, 0.0, 0.0, 0.0, 0.0, 0.0, 0.0, 0.0, 0.0, 0.0, 0.0, 0.1667, 0.0, 0.0, 0.0, 0.1111, 0.0, 0.0, 0.0, 0.0, 0.0, 0.0, 0.0, 0.0, 0.0, 0.0, 0.2857, 0.3333, 0.0, 0.0, 0.0, 0.0, 0.3333, 0.0, 0.125, 0.2222, 0.1, 0.0, 0.1667, 0.2, 0.0, 0.0, 0.0, 0.0, 0.1667, 0.0, 0.2, 0.8889, 0.1111, 0.0, 0.0, 0.0, 0.0, 0.0, 0.2, 0.6667, 0.0, 0.0, 0.0, 0.0, 0.0, 0.0, 0.2857, 0.9231, 0.0, 0.0909, 0.0, 0.0, 0.0, 0.0, 0.4286, 1.0, 0.2, 0.0, 0.0, 0.0, 0.1538, 0.0, 0.0, 0.0, 0.1429, 0.0, 0.0, 0.0, 0.0, 0.0, 0.1429, 0.0, 0.0, 0.0, 0.0, 0.0, 0.0, 0.1111, 0.0, 0.0, 0.0, 0.0, 0.0, 0.0, 0.0, 0.0, 0.0, 0.0, 0.0, 0.0, 0.0, 0.0, 0.1667, 0.0, 0.0, 0.0, 0.0, 0.125, 0.0, 0.0, 1.0, 0.125, 0.0, 0.0, 0.1111, 0.0, 0.0, 0.1111, 0.75, 0.0, 0.0, 0.1111, 0.0, 0.0, 0.0, 0.0, 1.0, 0.1, 0.0, 0.1, 0.0]"
20,26,broadcast,0.037,0.037,0.037,0.0,11,True,74,0,314,1612,0,"[0.0, 0.0185, 0.022, 0.0245, 0.028, 0.032, 0.034, 0.0345, 0.036, 0.0365, 0.037, 0.037, 0.037, 0.037, 0.037, 0.037, 0.037, 0.037, 0.037, 0.037, 0.037, 0.037, 0.037, 0.037, 0.037, 0.037, 0.037, 0.037, 0.037, 0.037, 0.037, 0.037, 0.037, 0.037, 0.037, 0.037, 0.037, 0.037, 0.037, 0.037, 0.037, 0.037, 0.037, 0.037, 0.037, 0.037, 0.037, 0.037, 0.037, 0.037, 0.037, 0.037, 0.037, 0.037, 0.037, 0.037, 0.037, 0.037, 0.037, 0.037, 0.037, 0.037, 0.037, 0.037, 0.037, 0.037, 0.037, 0.037, 0.037, 0.037, 0.037, 0.037, 0.037, 0.037, 0.037, 0.037, 0.037, 0.037, 0.037, 0.037, 0.037, 0.037, 0.037, 0.037, 0.037, 0.037, 0.037, 0.037, 0.037, 0.037, 0.037, 0.037, 0.037, 0.037, 0.037, 0.037, 0.037, 0.037, 0.037, 0.037, 0.037]","{""0"": 0.0129, ""1"": 0.122, ""2"": 0.0132, ""3"": 0.0271, ""4"": 0.0632, ""5"": 0.0187, ""6"": 0.0117, ""7"": 0.0206}","[0.1111, 0.0, 1.0, 0.0, 0.0, 0.0, 0.0, 0.0, 0.0, 0.0, 0.6667, 0.0, 0.0, 0.0, 0.0, 0.2, 0.0, 0.0, 0.0, 0.1667, 0.0, 0.0, 0.0, 0.0, 0.0, 0.0, 0.0, 0.0, 0.0, 0.0, 0.0, 0.0, 0.0, 0.0, 0.0, 0.0, 0.0, 0.0, 0.0, 0.0, 0.0, 0.0, 0.0, 0.0, 0.0, 0.0, 0.0, 0.0, 0.0, 0.0, 0.0, 0.0, 0.0, 0.0, 0.0, 0.0, 0.0, 0.0, 0.0, 0.0, 0.0, 0.0, 0.125, 0.0, 0.0909, 0.0, 0.0, 0.125, 0.0, 0.0, 0.0, 0.0, 0.0, 0.0, 0.0, 0.0, 0.0, 0.0769, 0.0, 0.0, 0.1667, 0.0, 0.1111, 0.0, 0.0, 0.0, 0.0, 0.0, 0.0, 0.0, 0.0, 0.0, 0.0, 0.0, 0.0, 0.0, 0.0, 0.0, 0.0, 0.0, 0.0, 0.3333, 0.0909, 0.0, 0.0, 0.0, 0.1667, 0.0, 0.2667, 0.0, 0.0, 0.1429, 0.0, 0.0, 0.0, 0.0, 0.0, 0.0, 0.1667, 0.1111, 0.125, 0.0, 0.0, 0.0, 0.1111, 0.0, 0.0, 0.0, 0.1, 0.0, 0.0, 0.0, 0.0, 0.1111, 0.0, 0.0, 0.125, 0.0, 0.0, 0.0, 0.0, 0.0, 0.0, 0.0, 0.0, 0.0, 0.1429, 0.0, 0.0, 0.0, 0.0, 0.0, 0.0, 0.0, 0.0, 0.0, 0.1111, 0.0, 0.1667, 0.0, 0.0, 0.0, 0.0, 0.0, 0.0, 0.0, 0.0, 0.0, 0.0, 0.0, 0.0, 0.0, 0.1429, 0.0, 0.0, 0.0, 0.0, 0.125, 0.0, 0.0, 0.0, 0.0, 0.0, 0.0, 0.0, 0.0, 0.0, 0.0, 0.0, 0.2, 0.0, 0.0, 0.0, 0.0, 0.0, 0.1429, 0.0, 0.0, 0.1667, 0.0, 0.0, 0.0, 0.0, 0.0, 0.0, 0.0, 0.0, 0.0, 0.0, 0.2857, 0.0, 0.0, 0.0, 1.0, 0.0, 0.0, 0.0, 0.0, 0.0, 0.0, 0.0, 0.75, 0.0, 0.0, 0.0, 0.0, 0.0714, 0.0, 0.0, 0.0, 0.0, 0.0, 0.0, 0.0, 0.75, 0.0, 0.0, 0.0, 0.0, 0.0, 0.0, 0.0, 0.875, 0.0, 0.0, 0.0, 0.0, 0.0, 0.0, 0.0]"
20,27,broadcast,0.1485,0.1485,0.1485,-0.0,31,True,297,0,318,1385,0,"[0.0, 0.0235, 0.029, 0.0355, 0.047, 0.0575, 0.063, 0.0695, 0.075, 0.082, 0.0875, 0.0905, 0.095, 0.0985, 0.1015, 0.108, 0.1135, 0.117, 0.1235, 0.128, 0.132, 0.135, 0.137, 0.1385, 0.139, 0.1405, 0.142, 0.1435, 0.1465, 0.148, 0.1485, 0.1485, 0.1485, 0.1485, 0.1485, 0.1485, 0.1485, 0.1485, 0.1485, 0.1485, 0.1485, 0.1485, 0.1485, 0.1485, 0.1485, 0.1485, 0.1485, 0.1485, 0.1485, 0.1485, 0.1485, 0.1485, 0.1485, 0.1485, 0.1485, 0.1485, 0.1485, 0.1485, 0.1485, 0.1485, 0.1485, 0.1485, 0.1485, 0.1485, 0.1485, 0.1485, 0.1485, 0.1485, 0.1485, 0.1485, 0.1485, 0.1485, 0.1485, 0.1485, 0.1485, 0.1485, 0.1485, 0.1485, 0.1485, 0.1485, 0.1485, 0.1485, 0.1485, 0.1485, 0.1485, 0.1485, 0.1485, 0.1485, 0.1485, 0.1485, 0.1485, 0.1485, 0.1485, 0.1485, 0.1485, 0.1485, 0.1485, 0.1485, 0.1485, 0.1485, 0.1485]","{""0"": 0.4783, ""1"": 0.0702, ""2"": 0.0193, ""3"": 0.0195, ""4"": 0.0256, ""5"": 0.164, ""6"": 0.123, ""7"": 0.2532}","[0.4444, 0.8571, 0.0, 0.0, 0.0, 0.0, 0.0, 0.0, 0.1429, 0.8889, 0.0, 0.0, 0.0, 0.0, 0.25, 0.0, 0.0, 1.0, 0.0, 0.0, 0.0, 0.0, 0.7778, 0.0, 0.1667, 1.0, 0.8889, 0.1429, 0.0, 0.0, 0.1667, 0.0, 0.0, 0.75, 0.75, 0.0, 0.0, 0.0, 0.0, 0.0, 0.0, 0.8571, 0.0, 0.0, 0.0, 0.0, 0.0, 0.0, 0.0, 0.8333, 0.0, 0.1, 0.0, 0.0833, 0.0, 0.0833, 0.1111, 0.8333, 0.0, 0.0, 0.0, 0.0, 0.0, 0.0, 0.0, 0.0, 0.0, 0.0, 0.1667, 0.1, 0.0, 0.125, 0.0, 0.0, 0.0, 0.0, 0.125, 0.0, 0.0, 0.0, 0.0, 0.0, 0.0, 0.1429, 0.0, 0.0, 0.0, 0.0, 0.0, 0.0, 0.0, 0.1111, 0.0, 0.0, 0.0833, 0.0, 0.0, 0.0, 0.0, 0.0, 0.0, 0.1, 0.0833, 0.0, 0.0, 0.0, 0.0, 0.0, 0.0, 0.0, 0.1667, 0.0, 0.0, 0.0, 0.1429, 0.0, 0.0, 0.0, 0.0, 0.2, 0.0, 0.0, 0.0, 0.0, 0.0, 0.1111, 0.0, 0.0, 0.0, 0.0, 0.0, 0.0, 0.1, 0.0, 0.0, 0.0, 0.0, 0.0, 0.0, 0.0, 0.0, 0.0, 0.3333, 0.0, 0.0, 0.0, 0.1429, 0.0, 0.1, 0.2, 0.0, 0.0, 0.0, 0.25, 0.0, 0.0, 0.0, 0.0, 0.0, 0.1429, 0.1429, 0.0, 0.0, 0.0, 0.0, 0.0, 0.1, 0.1111, 0.0, 0.0, 0.0, 0.0, 0.0, 0.0, 0.0, 0.0, 1.0, 0.0, 0.0, 0.1429, 0.0, 0.1, 0.0, 0.0, 0.75, 0.0769, 0.0, 0.0, 0.0, 0.0, 0.0, 0.0, 1.0, 0.8571, 0.0, 0.0, 0.0, 0.0, 0.0, 0.0, 0.9091, 0.8571, 0.125, 0.0, 0.0, 0.0, 0.0, 1.0, 0.8333, 1.0, 0.0, 0.0, 0.0, 0.0, 0.0, 1.0, 0.8571, 1.0, 0.0, 0.0, 0.0, 0.0, 1.0, 0.875, 0.8571, 1.0, 0.0, 0.0, 0.0, 0.0, 0.625, 0.5, 0.8333, 1.0, 0.0, 0.0, 0.0, 0.0, 0.75, 0.0, 0.0833, 0.8571, 0.0, 0.0, 0.0, 0.0, 0.3333, 0.0, 0.1667, 1.0]"
20,28,broadcast,0.086,0.086,0.086,0.0,28,True,172,0,291,1537,0,"[0.0, 0.0185, 0.0245, 0.032, 0.0385, 0.047, 0.053, 0.054, 0.055, 0.0565, 0.0575, 0.0585, 0.0595, 0.061, 0.064, 0.066, 0.0675, 0.0695, 0.0705, 0.0715, 0.073, 0.0735, 0.0755, 0.077, 0.0795, 0.0805, 0.083, 0.086, 0.086, 0.086, 0.086, 0.086, 0.086, 0.086, 0.086, 0.086, 0.086, 0.086, 0.086, 0.086, 0.086, 0.086, 0.086, 0.086, 0.086, 0.086, 0.086, 0.086, 0.086, 0.086, 0.086, 0.086, 0.086, 0.086, 0.086, 0.086, 0.086, 0.086, 0.086, 0.086, 0.086, 0.086, 0.086, 0.086, 0.086, 0.086, 0.086, 0.086, 0.086, 0.086, 0.086, 0.086, 0.086, 0.086, 0.086, 0.086, 0.086, 0.086, 0.086, 0.086, 0.086, 0.086, 0.086, 0.086, 0.086, 0.086, 0.086, 0.086, 0.086, 0.086, 0.086, 0.086, 0.086, 0.086, 0.086, 0.086, 0.086, 0.086, 0.086, 0.086, 0.086]","{""0"": 0.0286, ""1"": 0.0156, ""2"": 0.0078, ""3"": 0.0174, ""4"": 0.3471, ""5"": 0.0037, ""6"": 0.2353, ""7"": 0.041}","[0.1111, 0.0, 0.0, 0.0, 0.0, 1.0, 0.0, 0.875, 0.0, 0.0, 0.0, 0.0, 0.0, 0.0, 0.1, 0.0, 0.0, 0.0, 0.0, 0.0, 0.0, 0.0, 0.0, 0.0, 0.1667, 0.0, 0.1, 0.0, 0.0, 0.0, 0.0, 0.0, 0.0, 0.0, 0.0, 0.0, 0.0, 0.1429, 0.0, 0.0, 0.125, 0.0, 0.0, 0.0, 0.0, 0.0, 0.0, 0.0, 0.0, 0.1111, 0.0, 0.0, 0.0, 0.0, 0.0, 0.1667, 0.0, 0.2857, 0.0, 0.0, 0.0, 0.0, 0.0, 0.0, 0.0, 0.2857, 0.1, 0.0, 0.0, 0.0, 0.0, 0.0, 0.0, 0.0, 0.0, 0.0, 0.2, 0.0, 0.0, 0.0, 0.0, 0.0, 0.0, 0.0, 0.0, 0.0, 0.0, 0.0, 0.0, 0.0, 0.1, 0.0, 0.1111, 0.0, 0.0, 0.0, 0.0, 0.0, 0.0, 0.1429, 0.0, 0.125, 0.0, 0.0, 0.0, 0.0, 0.1429, 0.0, 0.0, 0.0, 0.0, 0.0, 0.0, 0.0, 0.0, 0.0, 0.1429, 0.0, 0.0, 0.0, 0.0, 0.0, 0.0, 0.0, 0.0, 0.0, 0.0, 0.2, 0.0, 0.0, 0.0, 0.0, 0.0, 0.0, 0.0, 0.1, 0.0, 0.0, 0.0, 0.0, 0.1667, 0.0, 0.0, 0.0, 0.0, 0.0, 0.0, 0.0, 0.0, 0.0, 0.0, 0.0, 0.0, 0.0, 0.0, 0.0, 0.0, 0.0, 0.0, 0.0714, 0.1429, 0.2, 0.0, 0.0, 0.0, 0.0, 0.0, 0.0, 0.1, 0.0, 0.0, 0.0, 0.0, 0.4, 0.0, 0.0, 0.0, 0.0, 0.0, 0.0909, 0.0, 1.0, 0.0, 0.1, 0.0, 0.0, 0.0, 0.0, 0.0, 0.9, 0.0, 0.0, 0.0, 0.0, 0.0, 0.0, 0.0, 1.0, 0.0, 0.5, 0.0, 0.0, 0.0, 0.0, 0.0, 1.0, 0.0, 0.7857, 0.0, 0.0, 0.0, 0.0, 0.0, 0.8571, 0.0, 1.0, 0.0, 0.2, 0.0, 0.0, 0.0, 1.0, 0.0, 0.8333, 0.0, 0.0, 0.0, 0.0, 0.0, 0.9231, 0.0, 1.0, 0.0, 0.0, 0.0, 0.0, 0.0, 0.875, 0.0, 1.0, 0.125, 0.0, 0.0, 0.0, 0.0, 1.0, 0.0, 0.8889, 0.6667, 0.0]"
20,29,broadcast,0.0445,0.0445,0.0445,0.0,16,True,89,0,316,1595,0,"[0.0, 0.022, 0.024, 0.0255, 0.026, 0.027, 0.028, 0.0295, 0.031, 0.0325, 0.035, 0.0365, 0.038, 0.04, 0.0425, 0.0445, 0.0445, 0.0445, 0.0445, 0.0445, 0.0445, 0.0445, 0.0445, 0.0445, 0.0445, 0.0445, 0.0445, 0.0445, 0.0445, 0.0445, 0.0445, 0.0445, 0.0445, 0.0445, 0.0445, 0.0445, 0.0445, 0.0445, 0.0445, 0.0445, 0.0445, 0.0445, 0.0445, 0.0445, 0.0445, 0.0445, 0.0445, 0.0445, 0.0445, 0.0445, 0.0445, 0.0445, 0.0445, 0.0445, 0.0445, 0.0445, 0.0445, 0.0445, 0.0445, 0.0445, 0.0445, 0.0445, 0.0445, 0.0445, 0.0445, 0.0445, 0.0445, 0.0445, 0.0445, 0.0445, 0.0445, 0.0445, 0.0445, 0.0445, 0.0445, 0.0445, 0.0445, 0.0445, 0.0445, 0.0445, 0.0445, 0.0445, 0.0445, 0.0445, 0.0445, 0.0445, 0.0445, 0.0445, 0.0445, 0.0445, 0.0445, 0.0445, 0.0445, 0.0445, 0.0445, 0.0445, 0.0445, 0.0445, 0.0445, 0.0445, 0.0445]","{""0"": 0.0188, ""1"": 0.0346, ""2"": 0.0239, ""3"": 0.0349, ""4"": 0.1791, ""5"": 0.0085, ""6"": 0.0335, ""7"": 0.012}","[0.0, 0.0, 0.125, 0.0, 0.0, 1.0, 0.0, 0.0, 0.1111, 0.0, 0.0, 0.0, 0.0, 1.0, 0.0, 0.0, 0.0, 0.0, 0.0, 0.1429, 0.0, 0.0, 0.0, 0.0, 0.0, 0.0, 0.2, 0.0, 0.0, 0.0, 0.0, 0.0909, 0.0, 0.0, 0.0714, 0.0, 0.0, 0.0, 0.0, 0.0, 0.0, 0.0, 0.125, 0.0, 0.0, 0.1429, 0.0, 0.0, 0.0, 0.0, 0.0, 0.0, 0.0, 0.0, 0.0, 0.0, 0.0, 0.0, 0.0, 0.25, 0.0, 0.0, 0.0, 0.0, 0.0, 0.0, 0.1111, 0.0, 0.0, 0.2, 0.0, 0.0, 0.0, 0.0, 0.0, 0.0, 0.25, 0.0, 0.0, 0.0, 0.0, 0.0, 0.0, 0.0, 0.2, 0.0, 0.0, 0.0, 0.1667, 0.0909, 0.0, 0.0, 0.0, 0.0, 0.0, 0.0, 0.0, 0.0, 0.0, 0.0909, 0.0, 0.0, 0.0, 0.0, 0.0, 0.0, 0.0, 0.0, 0.0, 0.0, 0.0, 0.0, 0.0, 0.0909, 0.0, 0.0, 0.0, 0.0, 0.0, 0.0, 0.0, 0.1111, 0.1667, 0.0, 0.0, 0.0, 0.0, 0.0, 0.0, 0.0, 0.0, 0.1, 0.0, 0.125, 0.0, 0.0, 0.0, 0.0, 0.0, 0.0, 0.0, 0.0, 0.0, 0.0, 0.1667, 0.0, 0.1667, 0.1429, 0.0, 0.0, 0.25, 0.125, 0.0, 0.0, 0.2, 0.0, 0.0, 0.0, 0.0, 0.0, 0.0, 0.0, 0.0, 0.0, 0.0, 0.1538, 0.0, 0.0, 0.0, 0.0, 0.0, 0.0, 0.0, 0.1111, 0.0, 0.0, 0.0, 0.0, 0.0, 0.0, 0.25, 0.0, 0.0, 0.3, 0.0, 0.0, 0.0, 0.0, 0.0, 0.0, 0.0, 0.1667, 0.0, 0.0, 0.0, 0.0, 0.0, 0.0, 0.0, 0.0833, 0.0, 0.0, 0.0, 0.0, 0.0, 0.0, 0.0, 0.0, 0.0, 0.0, 0.0, 0.0, 0.0833, 0.0, 0.0, 0.1111, 0.0, 0.0, 0.0, 0.0, 0.2308, 0.8, 0.0, 0.0, 0.0, 0.0, 0.0, 0.0, 0.0, 0.8889, 0.0, 0.0, 0.0, 0.2, 0.0, 0.0, 0.0, 1.0, 0.125, 0.0, 0.0, 0.0, 0.0, 0.0, 0.0, 1.0, 0.0, 0.1, 0.0, 0.0]"
20,30,broadcast,0.05,0.05,0.05,0.0,19,True,100,0,310,1590,0,"[0.0, 0.0215, 0.0245, 0.0255, 0.0275, 0.0285, 0.031, 0.0335, 0.036, 0.038, 0.04, 0.042, 0.0435, 0.0445, 0.045, 0.046, 0.047, 0.048, 0.05, 0.05, 0.05, 0.05, 0.05, 0.05, 0.05, 0.05, 0.05, 0.05, 0.05, 0.05, 0.05, 0.05, 0.05, 0.05, 0.05, 0.05, 0.05, 0.05, 0.05, 0.05, 0.05, 0.05, 0.05, 0.05, 0.05, 0.05, 0.05, 0.05, 0.05, 0.05, 0.05, 0.05, 0.05, 0.05, 0.05, 0.05, 0.05, 0.05, 0.05, 0.05, 0.05, 0.05, 0.05, 0.05, 0.05, 0.05, 0.05, 0.05, 0.05, 0.05, 0.05, 0.05, 0.05, 0.05, 0.05, 0.05, 0.05, 0.05, 0.05, 0.05, 0.05, 0.05, 0.05, 0.05, 0.05, 0.05, 0.05, 0.05, 0.05, 0.05, 0.05, 0.05, 0.05, 0.05, 0.05, 0.05, 0.05, 0.05, 0.05, 0.05, 0.05]","{""0"": 0.0301, ""1"": 0.0117, ""2"": 0.0286, ""3"": 0.0232, ""4"": 0.0173, ""5"": 0.0244, ""6"": 0.021, ""7"": 0.2374}","[0.0, 0.0, 0.0, 0.0, 0.0, 0.0, 0.0, 0.0, 0.2, 0.0, 0.0, 0.0833, 0.0, 0.0, 0.0, 0.0, 0.1667, 0.1667, 0.0, 0.0, 0.0, 0.1429, 0.1429, 0.0, 0.1, 0.0, 0.0, 0.0, 0.3333, 0.0, 0.0, 0.0, 0.0, 0.0, 0.0, 0.0, 0.0, 0.0, 0.0, 0.0, 0.0, 0.0, 0.0, 0.0, 0.0, 0.0, 0.0, 0.25, 0.0, 0.0, 0.0, 0.0, 0.0, 0.0, 0.0, 0.1, 0.0, 0.0, 0.0909, 0.1111, 0.0, 0.0, 0.0625, 0.0, 0.0, 0.0, 0.0, 0.0909, 0.0, 0.0, 0.0, 0.0, 0.0, 0.0, 0.0, 0.0, 0.0, 0.1111, 0.0, 0.0, 1.0, 0.0, 0.0, 0.0, 0.0, 0.0, 0.0, 0.0, 0.8889, 0.0, 0.0, 0.0, 0.0, 0.2, 0.0, 0.0, 1.0, 0.0, 0.0, 0.0, 0.0, 0.0, 0.0, 0.0, 0.7778, 0.0, 0.0, 0.0833, 0.0, 0.1667, 0.0, 0.0, 0.9, 0.0, 0.0, 0.0, 0.1111, 0.0, 0.0, 0.0, 0.8571, 0.0, 0.0, 0.0, 0.1111, 0.0, 0.0, 0.0, 1.0, 0.0, 0.0, 0.0, 0.0, 0.0, 0.0, 0.0, 0.7143, 0.0909, 0.0, 0.1, 0.0, 0.0, 0.0, 0.0, 0.875, 0.1, 0.0, 0.0, 0.1429, 0.0, 0.0, 0.0, 0.0, 0.0, 0.0, 0.0, 0.0, 0.0, 0.0, 0.0, 0.0, 0.1, 0.0, 0.0, 0.0, 0.0, 0.0, 0.0, 0.0, 0.0, 0.0, 0.1, 0.0, 0.0, 0.0, 0.0, 0.0, 0.0625, 0.0, 0.0, 0.0, 0.0, 0.2, 0.0, 0.0, 0.0, 0.1111, 0.0, 0.0, 0.0, 0.25, 0.0, 0.0, 0.0, 0.0, 0.0, 0.0, 0.0, 0.1111, 0.0, 0.0, 0.0, 0.1429, 0.0, 0.0, 0.0, 0.0, 0.0, 0.0, 0.1111, 0.0, 0.1429, 0.0, 0.0, 0.0, 0.0, 0.0, 0.0, 0.0, 0.0, 0.125, 0.0, 0.0, 0.0, 0.1667, 0.0, 0.0, 0.0, 0.0, 0.0, 0.0, 0.25, 0.0, 0.0, 0.0, 0.0, 0.0, 0.0, 0.0, 0.0, 0.0, 0.125, 0.0, 0.0, 0.0, 0.0, 0.0, 0.0, 0.0, 0.1111]"
20,31,broadcast,0.06,0.06,0.06,-0.0,17,True,120,0,309,1571,0,"[0.0, 0.0215, 0.0275, 0.031, 0.0375, 0.0435, 0.046, 0.0475, 0.05, 0.051, 0.0515, 0.054, 0.0555, 0.057, 0.058, 0.0595, 0.06, 0.06, 0.06, 0.06, 0.06, 0.06, 0.06, 0.06, 0.06, 0.06, 0.06, 0.06, 0.06, 0.06, 0.06, 0.06, 0.06, 0.06, 0.06, 0.06, 0.06, 0.06, 0.06, 0.06, 0.06, 0.06, 0.06, 0.06, 0.06, 0.06, 0.06, 0.06, 0.06, 0.06, 0.06, 0.06, 0.06, 0.06, 0.06, 0.06, 0.06, 0.06, 0.06, 0.06, 0.06, 0.06, 0.06, 0.06, 0.06, 0.06, 0.06, 0.06, 0.06, 0.06, 0.06, 0.06, 0.06, 0.06, 0.06, 0.06, 0.06, 0.06, 0.06, 0.06, 0.06, 0.06, 0.06, 0.06, 0.06, 0.06, 0.06, 0.06, 0.06, 0.06, 0.06, 0.06, 0.06, 0.06, 0.06, 0.06, 0.06, 0.06, 0.06, 0.06, 0.06]","{""0"": 0.0268, ""1"": 0.0169, ""2"": 0.0194, ""3"": 0.0324, ""4"": 0.209, ""5"": 0.0172, ""6"": 0.0364, ""7"": 0.1176}","[0.0, 0.1111, 0.0, 0.0, 0.0, 0.0, 0.25, 0.0714, 0.0, 0.1111, 0.0, 0.0, 0.0, 0.0, 0.0, 0.0, 0.0, 0.0, 0.0, 0.0, 0.1667, 0.1, 0.0, 0.0, 0.0, 0.0, 0.0, 0.0, 0.25, 0.0, 0.0, 0.0, 0.0, 0.25, 0.0, 0.0, 0.0, 0.0, 0.0, 0.0, 0.0, 0.0, 0.0, 0.1, 0.0, 0.0, 0.0, 0.0, 0.0, 0.0, 0.0, 0.0, 0.0, 0.0, 0.0, 0.0, 0.0, 0.0, 0.1111, 0.0909, 0.1, 0.0, 0.0, 0.0, 0.0, 0.0, 0.0, 0.0, 0.0, 1.0, 0.0, 0.0, 0.125, 0.1429, 0.0, 0.3333, 0.0, 1.0, 0.0, 0.1, 0.1667, 0.0, 0.125, 0.0, 0.125, 0.7778, 0.0, 0.0, 0.0, 0.0, 0.0, 0.0, 0.0769, 0.8889, 0.1111, 0.1111, 0.0, 0.0, 0.0, 0.0, 0.0909, 1.0, 0.25, 0.0, 0.0, 0.0714, 0.0, 0.0, 0.0, 1.0, 0.0, 0.0, 0.0, 0.1111, 0.0, 0.0, 0.0, 0.8, 0.0, 0.0, 0.0909, 0.0, 0.1667, 0.125, 0.0, 0.0, 0.0, 0.0, 0.2222, 0.0, 0.1111, 0.0, 0.0, 0.0, 0.0, 0.0, 0.0, 0.0, 0.0, 0.0, 0.0, 0.0, 0.0, 0.125, 0.0, 0.0, 0.0, 0.0, 0.0, 0.25, 0.0, 0.0, 0.0, 0.0, 0.0, 0.0, 0.0, 0.0, 0.0, 0.0, 0.0, 0.0, 0.0, 0.0, 0.1111, 0.0, 0.0, 0.0, 0.0, 0.0, 0.0, 0.0, 0.0, 0.0, 0.0, 0.0, 0.0, 0.0, 0.0, 0.0, 0.0, 0.0, 0.0, 0.0, 0.8571, 0.0, 0.0, 0.0, 0.0, 0.0, 0.0, 0.0, 1.0, 0.0, 0.0, 0.0, 0.0, 0.0, 0.0, 0.0, 1.0, 0.0, 0.0, 0.0, 0.0, 0.0, 0.0, 0.1429, 0.0909, 0.0, 0.0, 0.0, 0.0, 0.0, 0.0, 0.0, 0.0, 0.0, 0.0, 0.0, 0.0, 0.0, 0.0, 0.0, 0.0, 0.0, 0.0, 0.0, 0.0, 0.0, 0.1111, 0.3636, 0.2222, 0.0909, 0.0, 0.0, 0.0, 0.0, 0.0, 0.0, 0.0, 0.0, 0.0, 0.0, 0.0, 0.0, 0.0, 0.0, 0.0, 0.0]"
20,32,broadcast,0.034,0.034,0.034,-0.0,12,True,68,0,280,1652,0,"[0.0, 0.0175, 0.02, 0.021, 0.023, 0.026, 0.028, 0.03, 0.032, 0.033, 0.0335, 0.034, 0.034, 0.034, 0.034, 0.034, 0.034, 0.034, 0.034, 0.034, 0.034, 0.034, 0.034, 0.034, 0.034, 0.034, 0.034, 0.034, 0.034, 0.034, 0.034, 0.034, 0.034, 0.034, 0.034, 0.034, 0.034, 0.034, 0.034, 0.034, 0.034, 0.034, 0.034, 0.034, 0.034, 0.034, 0.034, 0.034, 0.034, 0.034, 0.034, 0.034, 0.034, 0.034, 0.034, 0.034, 0.034, 0.034, 0.034, 0.034, 0.034, 0.034, 0.034, 0.034, 0.034, 0.034, 0.034, 0.034, 0.034, 0.034, 0.034, 0.034, 0.034, 0.034, 0.034, 0.034, 0.034, 0.034, 0.034, 0.034, 0.034, 0.034, 0.034, 0.034, 0.034, 0.034, 0.034, 0.034, 0.034, 0.034, 0.034, 0.034, 0.034, 0.034, 0.034, 0.034, 0.034, 0.034, 0.034, 0.034, 0.034]","{""0"": 0.0118, ""1"": 0.0, ""2"": 0.0161, ""3"": 0.0153, ""4"": 0.1551, ""5"": 0.025, ""6"": 0.0155, ""7"": 0.0367}","[0.0, 0.0, 0.0, 0.0, 0.0, 0.1429, 0.0, 0.0, 0.0, 0.0, 0.0, 0.1429, 0.0, 0.0, 0.0, 0.0, 0.375, 0.1429, 0.0, 0.2857, 0.0, 0.0, 0.0, 0.0, 0.0, 0.0, 0.0, 0.0, 0.0, 0.0, 0.0, 0.0, 0.0, 0.0, 0.0, 0.0, 0.0, 0.0, 0.0, 0.1, 0.0, 0.0, 0.0, 0.0, 0.0, 0.0, 0.0, 0.0, 0.0, 0.0, 0.0, 0.0, 0.0, 0.0, 0.0, 0.0, 0.0, 0.0, 0.0, 0.0, 0.0, 0.0, 0.0909, 0.0, 0.2, 0.0, 0.0, 0.0, 0.0, 0.0769, 0.0, 0.0, 0.0, 0.0833, 0.0, 0.0, 0.0, 0.0, 0.1, 0.0, 0.1111, 0.0, 0.0, 0.0, 0.0, 0.0, 0.0, 0.125, 0.0, 0.0, 0.0, 0.0, 0.0, 0.8889, 0.2, 0.0, 0.0, 0.0, 0.0, 0.0, 0.0, 0.8889, 0.0, 0.0, 0.1111, 0.0, 0.0, 0.125, 0.0909, 0.8571, 0.0, 0.0, 0.0, 0.0, 0.0, 0.0, 0.0, 0.8182, 0.0, 0.0, 0.0, 0.0, 0.0, 0.0, 0.0, 0.6, 0.0, 0.0, 0.0, 0.0, 0.0, 0.0, 0.0, 0.0, 0.0, 0.0, 0.0, 0.0, 0.0, 0.0, 0.2857, 0.0, 0.0, 0.0, 0.0, 0.0, 0.0, 0.0, 0.0, 0.0, 0.0, 0.0, 0.0, 0.0, 0.0, 0.0, 0.0909, 0.0, 0.0, 0.0, 0.0909, 0.0, 0.0, 0.0, 0.0, 0.0, 0.0, 0.0, 0.0909, 0.125, 0.0, 0.0, 0.0, 0.0, 0.0, 0.0, 0.0, 0.0, 0.0, 0.0, 0.0, 0.125, 0.0, 0.0, 0.0, 0.0, 0.0, 0.0, 0.0, 0.1111, 0.0, 0.1429, 0.0, 0.0, 0.0, 0.0, 0.0, 0.0, 0.0, 0.0, 0.0, 0.0, 0.0, 0.0, 0.0, 0.0, 0.0, 0.0, 0.0, 0.0, 0.0, 0.0, 0.0, 0.0, 0.0, 0.1, 0.0, 0.0, 0.0, 0.0, 0.0, 0.0, 0.125, 0.0, 0.0, 0.0, 0.0, 0.0, 0.0, 0.0, 0.0, 0.0, 0.0, 0.0, 0.0, 0.0, 0.0, 0.0, 0.1667, 0.0, 0.0, 0.0, 0.0, 0.0, 0.0, 0.0, 0.125, 0.0, 0.1, 0.0]"
20,33,broadcast,0.02,0.02,0.02,0.0,6,True,40,0,317,1643,0,"[0.0, 0.017, 0.0185, 0.019, 0.0195, 0.02, 0.02, 0.02, 0.02, 0.02, 0.02, 0.02, 0.02, 0.02, 0.02, 0.02, 0.02, 0.02, 0.02, 0.02, 0.02, 0.02, 0.02, 0.02, 0.02, 0.02, 0.02, 0.02, 0.02, 0.02, 0.02, 0.02, 0.02, 0.02, 0.02, 0.02, 0.02, 0.02, 0.02, 0.02, 0.02, 0.02, 0.02, 0.02, 0.02, 0.02, 0.02, 0.02, 0.02, 0.02, 0.02, 0.02, 0.02, 0.02, 0.02, 0.02, 0.02, 0.02, 0.02, 0.02, 0.02, 0.02, 0.02, 0.02, 0.02, 0.02, 0.02, 0.02, 0.02, 0.02, 0.02, 0.02, 0.02, 0.02, 0.02, 0.02, 0.02, 0.02, 0.02, 0.02, 0.02, 0.02, 0.02, 0.02, 0.02, 0.02, 0.02, 0.02, 0.02, 0.02, 0.02, 0.02, 0.02, 0.02, 0.02, 0.02, 0.02, 0.02, 0.02, 0.02, 0.02]","{""0"": 0.0127, ""1"": 0.0042, ""2"": 0.0189, ""3"": 0.008, ""4"": 0.0232, ""5"": 0.0312, ""6"": 0.0403, ""7"": 0.0202}","[0.0, 0.0, 0.0, 0.0, 0.0, 0.0, 0.0, 0.0, 0.0, 0.0769, 0.0, 0.0, 0.0, 0.0, 0.0, 0.0769, 0.125, 0.0, 0.0, 0.0, 0.0, 0.0, 0.0, 0.0, 0.1429, 0.0, 0.0, 0.0909, 0.0, 0.0, 0.0, 0.75, 0.0, 0.0, 0.0, 0.0, 0.0, 0.0, 0.1, 0.0, 0.0, 0.0, 0.0, 0.0, 0.0, 0.0, 0.125, 0.0, 0.125, 0.0, 0.0, 0.0, 0.0, 0.1667, 0.0, 0.0, 0.0, 0.0, 0.0, 0.0, 0.0, 0.1176, 0.0, 0.0, 0.0, 0.0, 0.0, 0.1111, 0.0, 0.0, 0.0, 0.0, 0.0, 0.0, 0.0, 0.0, 0.0, 0.0, 0.1111, 0.0, 0.0, 0.0, 0.0, 0.0, 0.0, 0.0, 0.25, 0.0, 0.0, 0.0, 0.0, 0.0, 0.0, 0.1111, 0.125, 0.0, 0.0, 0.0, 0.0, 0.0, 0.0, 0.0, 0.0, 0.1429, 0.0, 0.0, 0.0, 0.0, 0.0, 0.0, 0.0, 0.0, 0.0, 0.0, 0.0, 0.2857, 0.1667, 0.0, 0.0, 0.0, 0.0, 0.0, 0.0, 0.0, 0.0, 0.0, 0.0, 0.0, 0.0, 0.25, 0.1111, 0.0, 0.0, 0.0, 0.1667, 0.0, 0.0, 0.0, 0.0, 0.0, 0.0, 0.0, 0.0, 0.0, 0.0, 0.0, 0.0, 0.0, 0.0, 0.125, 0.0, 0.0, 0.0, 0.125, 0.0, 0.0, 0.0, 0.0, 0.0, 0.0, 0.0, 0.0, 0.0, 0.0, 0.0, 0.0, 0.125, 0.0, 0.0, 0.0, 0.0, 0.0, 0.0, 0.0, 0.0, 0.0, 0.0, 0.0, 0.0, 0.0, 0.0, 0.0, 0.0, 0.0, 0.0, 0.0, 0.0, 0.2, 0.0, 0.0, 0.0, 0.0, 0.0, 0.0, 0.0, 0.0, 0.0, 0.0, 0.0, 0.0, 0.1429, 0.0, 0.0, 0.0, 0.0, 0.0, 0.0, 0.0, 0.0, 0.0, 0.0, 0.0, 0.0, 0.25, 0.0, 0.125, 0.0, 0.0, 0.0, 0.0, 0.1429, 0.0, 0.0, 0.1111, 0.0, 0.0, 0.0, 0.0, 0.0, 0.0, 0.0, 0.0, 0.1111, 0.0, 0.0, 0.0, 0.0, 0.0, 0.0, 0.0, 0.0, 0.0, 0.0, 0.0, 0.0, 0.0, 0.0, 0.0, 0.0, 0.0]"
20,34,broadcast,0.088,0.088,0.088,0.0,34,True,176,0,337,1487,0,"[0.0, 0.0225, 0.0255, 0.029, 0.034, 0.0415, 0.047, 0.0485, 0.05, 0.0505, 0.051, 0.0535, 0.0565, 0.058, 0.0595, 0.061, 0.0635, 0.065, 0.0655, 0.0665, 0.068, 0.0695, 0.0705, 0.072, 0.075, 0.0775, 0.079, 0.082, 0.084, 0.0845, 0.085, 0.0865, 0.0875, 0.088, 0.088, 0.088, 0.088, 0.088, 0.088, 0.088, 0.088, 0.088, 0.088, 0.088, 0.088, 0.088, 0.088, 0.088, 0.088, 0.088, 0.088, 0.088, 0.088, 0.088, 0.088, 0.088, 0.088, 0.088, 0.088, 0.088, 0.088, 0.088, 0.088, 0.088, 0.088, 0.088, 0.088, 0.088, 0.088, 0.088, 0.088, 0.088, 0.088, 0.088, 0.088, 0.088, 0.088, 0.088, 0.088, 0.088, 0.088, 0.088, 0.088, 0.088, 0.088, 0.088, 0.088, 0.088, 0.088, 0.088, 0.088, 0.088, 0.088, 0.088, 0.088, 0.088, 0.088, 0.088, 0.088, 0.088, 0.088]","{""0"": 0.1128, ""1"": 0.0333, ""2"": 0.272, ""3"": 0.02, ""4"": 0.2082, ""5"": 0.0232, ""6"": 0.0082, ""7"": 0.0129}","[0.0, 0.125, 0.0, 0.1667, 0.0, 0.0, 0.1111, 0.0, 0.0, 0.0, 0.0, 0.0, 0.0, 0.0, 0.0, 0.0, 0.0, 0.0, 0.0, 0.0, 0.0, 0.0, 0.0, 0.0, 0.0, 0.875, 0.0, 0.0, 0.0, 0.0, 0.0, 0.0, 0.0, 0.8333, 0.0, 0.0, 0.0, 0.0, 0.0, 0.0, 0.0, 0.875, 0.2, 0.0, 0.0, 0.0, 0.0, 0.125, 0.0, 0.3333, 0.0, 0.0, 0.1, 0.0, 0.0667, 0.0, 0.0, 0.0, 0.0, 0.1111, 0.125, 0.0, 0.0, 0.0, 0.0, 0.0, 0.1111, 0.0, 0.0, 0.8571, 0.0, 0.0, 0.0, 0.0, 0.0, 0.1111, 0.0, 0.8182, 0.0, 0.0, 0.0, 0.0, 0.1429, 0.0, 0.0, 0.7273, 0.0, 0.0, 0.0, 0.0833, 0.0, 0.0, 0.1429, 0.8571, 0.0, 0.0, 0.0, 0.0, 0.0, 0.0, 0.0, 0.8, 0.25, 0.0, 0.2, 0.0, 0.0, 0.0909, 0.1, 0.8333, 0.1667, 0.0, 0.125, 0.0769, 0.0, 0.4, 0.0, 1.0, 0.0, 0.0, 0.0, 0.0, 0.1, 0.8889, 0.2, 0.1, 0.0, 0.0, 0.0, 0.0833, 0.0, 0.6667, 0.0, 0.0, 0.0, 0.0, 0.0, 0.0, 0.0, 0.1, 0.0, 0.0, 0.2, 0.0, 0.0, 0.0, 0.0, 0.2, 0.0, 0.0833, 0.0, 0.0, 0.0, 0.125, 0.0, 0.8333, 0.0, 0.6, 0.0, 0.0, 0.0, 0.1111, 0.1667, 0.7143, 0.0, 0.0, 0.0, 0.0, 0.0, 0.0, 0.0, 0.75, 0.0, 0.0, 0.0, 0.0, 0.0, 0.0, 0.0, 0.8, 0.0, 0.0, 0.0, 0.0, 0.0, 0.1667, 0.0, 0.8, 0.0, 0.0, 0.0, 0.0, 0.0, 0.0, 0.0, 0.8889, 0.0, 0.0, 0.0, 0.0, 0.0, 0.0, 0.0, 1.0, 0.0, 0.0, 0.0, 0.0, 0.0, 0.0, 0.0, 0.4286, 0.0, 0.0, 0.0, 0.0, 0.0, 0.0, 0.125, 0.0, 0.0, 0.0, 0.0, 0.0, 0.0, 0.0, 0.0, 0.0, 0.0, 0.0, 0.0, 0.0, 0.0, 0.0909, 0.125, 0.0, 0.0, 0.0, 0.0, 0.0, 0.0, 0.0, 0.1429, 0.125, 0.0, 0.0, 0.0, 0.25, 0.0, 0.0]"
20,35,broadcast,0.072,0.072,0.072,0.0,27,True,144,0,301,1555,0,"[0.0, 0.022, 0.0275, 0.0305, 0.034, 0.039, 0.0415, 0.0445, 0.047, 0.05, 0.052, 0.0535, 0.055, 0.057, 0.0575, 0.059, 0.0605, 0.0615, 0.063, 0.064, 0.0645, 0.065, 0.0665, 0.069, 0.07, 0.071, 0.072, 0.072, 0.072, 0.072, 0.072, 0.072, 0.072, 0.072, 0.072, 0.072, 0.072, 0.072, 0.072, 0.072, 0.072, 0.072, 0.072, 0.072, 0.072, 0.072, 0.072, 0.072, 0.072, 0.072, 0.072, 0.072, 0.072, 0.072, 0.072, 0.072, 0.072, 0.072, 0.072, 0.072, 0.072, 0.072, 0.072, 0.072, 0.072, 0.072, 0.072, 0.072, 0.072, 0.072, 0.072, 0.072, 0.072, 0.072, 0.072, 0.072, 0.072, 0.072, 0.072, 0.072, 0.072, 0.072, 0.072, 0.072, 0.072, 0.072, 0.072, 0.072, 0.072, 0.072, 0.072, 0.072, 0.072, 0.072, 0.072, 0.072, 0.072, 0.072, 0.072, 0.072, 0.072]","{""0"": 0.0451, ""1"": 0.0208, ""2"": 0.0245, ""3"": 0.3657, ""4"": 0.0286, ""5"": 0.026, ""6"": 0.0292, ""7"": 0.0114}","[0.1111, 0.25, 0.0, 0.1111, 0.0, 0.0, 0.0, 0.0, 0.0, 0.0, 0.0, 0.0, 0.3333, 0.0, 0.0, 0.0, 0.0, 0.0, 0.5, 0.0, 0.75, 0.5, 0.0, 0.0, 0.0, 0.0, 0.1111, 0.0, 0.9, 0.0769, 0.0, 0.0, 0.0, 0.0, 0.0, 0.0, 1.0, 0.0, 0.0, 0.1429, 0.0667, 0.0, 0.0, 0.125, 0.7143, 0.0, 0.0, 0.0, 0.0, 0.0, 0.0, 0.0, 1.0, 0.0, 0.0, 0.0, 0.0, 0.0, 0.0, 0.0, 1.0, 0.0, 0.0, 0.1, 0.0, 0.0, 0.0, 0.125, 0.7143, 0.0, 0.0, 0.0, 0.0, 0.0714, 0.0, 0.0, 0.7, 0.0, 0.0, 0.0, 0.0, 0.6, 0.0, 0.1429, 0.75, 0.0, 0.0, 0.25, 0.0, 0.7143, 0.0, 0.0, 0.7778, 0.0, 0.0, 0.0, 0.1, 0.0, 0.0, 0.0, 0.8889, 0.1429, 0.0, 0.0, 0.0, 0.0, 0.0, 0.0, 1.0, 0.0, 0.0, 0.0, 0.0, 0.0, 0.0, 0.0, 0.7, 0.0, 0.0, 0.0, 0.0, 0.0, 0.0, 0.0, 0.0, 0.0, 0.2857, 0.1, 0.0, 0.0, 0.0, 0.1429, 0.125, 0.1111, 0.0, 0.0, 0.0, 0.0, 0.0, 0.0, 0.0, 0.0, 0.0, 0.1429, 0.0, 0.125, 0.0833, 0.0, 0.0, 0.0, 0.2222, 0.0, 0.0, 0.0, 0.0, 0.0, 0.1, 0.0833, 0.0, 0.1429, 0.0, 0.0, 0.0, 0.0, 0.0, 0.0, 0.0, 0.0, 0.0, 0.0, 0.0, 0.0, 0.0, 0.0, 0.0, 0.125, 0.0, 0.0, 0.0, 0.2, 0.0, 0.0, 0.1111, 0.0, 0.0909, 0.0, 0.0, 0.0, 0.0, 0.0, 0.0, 0.0, 0.0, 0.0, 0.0, 0.0, 0.0, 0.0, 0.0, 0.0, 0.0, 0.0, 0.125, 0.0, 0.0, 0.0, 0.0, 0.0, 0.0, 0.0909, 0.0, 0.0, 0.0, 0.0, 0.0, 0.0, 0.0, 0.0, 0.0, 0.0, 0.1667, 0.0, 0.0, 0.0, 0.0, 0.0, 0.0, 0.0, 0.0, 0.0, 0.125, 0.0, 0.0, 0.0, 0.0, 0.0, 0.0, 0.0, 0.0, 0.0, 0.0, 0.0, 0.0, 0.0, 0.0, 0.1429, 0.0, 0.0, 0.0, 0.0]"
20,36,broadcast,0.066,0.066,0.066,-0.0,17,True,132,0,270,1598,0,"[0.0, 0.02, 0.025, 0.0285, 0.0325, 0.038, 0.043, 0.047, 0.051, 0.053, 0.0565, 0.0595, 0.061, 0.0625, 0.063, 0.0645, 0.066, 0.066, 0.066, 0.066, 0.066, 0.066, 0.066, 0.066, 0.066, 0.066, 0.066, 0.066, 0.066, 0.066, 0.066, 0.066, 0.066, 0.066, 0.066, 0.066, 0.066, 0.066, 0.066, 0.066, 0.066, 0.066, 0.066, 0.066, 0.066, 0.066, 0.066, 0.066, 0.066, 0.066, 0.066, 0.066, 0.066, 0.066, 0.066, 0.066, 0.066, 0.066, 0.066, 0.066, 0.066, 0.066, 0.066, 0.066, 0.066, 0.066, 0.066, 0.066, 0.066, 0.066, 0.066, 0.066, 0.066, 0.066, 0.066, 0.066, 0.066, 0.066, 0.066, 0.066, 0.066, 0.066, 0.066, 0.066, 0.066, 0.066, 0.066, 0.066, 0.066, 0.066, 0.066, 0.066, 0.066, 0.066, 0.066, 0.066, 0.066, 0.066, 0.066, 0.066, 0.066]","{""0"": 0.0256, ""1"": 0.2529, ""2"": 0.0245, ""3"": 0.1116, ""4"": 0.0199, ""5"": 0.0577, ""6"": 0.0044, ""7"": 0.0211}","[0.0, 0.0, 0.3333, 0.0, 0.0, 0.125, 0.0, 0.0, 0.0, 0.0, 0.0, 0.1818, 0.0, 0.0, 0.0, 0.0, 0.0, 0.0, 0.0, 0.0, 0.0, 0.0, 0.0, 0.0, 0.0, 0.0, 0.0, 0.125, 0.0, 0.0, 0.875, 0.0625, 0.0, 0.1, 0.0, 0.0, 0.0, 0.0909, 0.8333, 0.0, 0.0, 0.0, 0.0, 0.0, 0.0, 0.0, 0.0, 0.0, 0.0, 0.0, 0.0, 0.0, 0.0, 0.0, 0.0, 0.0, 0.1, 0.0, 0.1667, 0.0, 0.0, 0.0, 0.0, 0.0, 0.1111, 0.0, 0.1, 0.0, 0.0, 0.0, 0.0, 0.0, 0.0, 0.0, 0.0, 0.25, 0.0, 0.0, 0.0, 0.0, 0.0, 0.0, 0.1429, 0.0, 0.0, 0.0, 0.0, 0.0, 0.1111, 0.0, 0.0, 0.0, 0.0, 0.0, 0.0, 0.0, 0.0, 0.0, 0.0, 0.0, 0.125, 0.0, 0.0, 0.0, 0.1667, 0.0, 0.0, 0.0, 1.0, 0.1111, 0.0, 0.0, 0.0, 0.1429, 0.0, 0.0, 1.0, 0.0, 0.0, 0.0, 0.125, 0.0, 0.0909, 0.1, 0.125, 0.0, 0.0, 0.0, 0.0, 0.0, 0.0, 0.0, 0.0, 0.0, 0.0, 0.0, 0.0, 0.0, 0.0, 0.0, 0.0, 0.0, 0.0, 0.0, 0.0, 0.0, 0.0, 0.0, 0.0, 0.0, 0.2222, 0.0, 0.0, 0.125, 0.0, 0.0, 0.0, 0.0, 0.0, 0.0, 0.0, 0.0, 0.0, 0.0, 0.0, 0.0, 0.0769, 0.0, 0.0, 0.25, 0.0, 0.0, 0.1429, 0.0, 0.0, 0.0, 0.0, 0.0, 0.0, 0.0, 0.0, 0.1, 0.0, 0.0, 0.0, 0.0, 0.3333, 0.0, 0.3333, 0.0, 0.0, 0.0, 0.0, 0.1667, 0.75, 0.0, 0.1, 0.0, 0.0, 0.0, 0.0, 0.0, 1.0, 0.0, 0.3333, 0.0, 0.0, 0.0, 0.0, 0.0, 1.0, 0.0, 0.1818, 0.0, 0.0, 0.0, 0.0, 0.0, 0.75, 0.0, 0.0, 0.0, 0.0, 0.0, 0.0, 0.0, 1.0, 0.0, 0.0, 0.0, 0.0, 0.0, 0.0, 0.2, 0.8, 0.1111, 0.0, 0.0, 0.0, 0.0, 0.0, 0.0, 0.75, 0.0, 0.0, 0.1667, 0.0, 0.0, 0.0, 0.0]"
20,37,broadcast,0.2445,0.2445,0.2445,0.0,37,True,489,0,279,1232,0,"[0.0, 0.02, 0.027, 0.0325, 0.042, 0.0505, 0.062, 0.0795, 0.09, 0.1, 0.11, 0.1215, 0.131, 0.1395, 0.149, 0.1585, 0.166, 0.174, 0.178, 0.1835, 0.1905, 0.198, 0.206, 0.2145, 0.219, 0.223, 0.226, 0.2295, 0.231, 0.234, 0.237, 0.238, 0.2385, 0.24, 0.242, 0.2435, 0.2445, 0.2445, 0.2445, 0.2445, 0.2445, 0.2445, 0.2445, 0.2445, 0.2445, 0.2445, 0.2445, 0.2445, 0.2445, 0.2445, 0.2445, 0.2445, 0.2445, 0.2445, 0.2445, 0.2445, 0.2445, 0.2445, 0.2445, 0.2445, 0.2445, 0.2445, 0.2445, 0.2445, 0.2445, 0.2445, 0.2445, 0.2445, 0.2445, 0.2445, 0.2445, 0.2445, 0.2445, 0.2445, 0.2445, 0.2445, 0.2445, 0.2445, 0.2445, 0.2445, 0.2445, 0.2445, 0.2445, 0.2445, 0.2445, 0.2445, 0.2445, 0.2445, 0.2445, 0.2445, 0.2445, 0.2445, 0.2445, 0.2445, 0.2445, 0.2445, 0.2445, 0.2445, 0.2445, 0.2445, 0.2445]","{""0"": 0.4436, ""1"": 0.019, ""2"": 0.3206, ""3"": 0.8016, ""4"": 0.0253, ""5"": 0.2754, ""6"": 0.0316, ""7"": 0.0369}","[0.2222, 1.0, 0.1667, 0.4, 1.0, 0.0, 0.0, 0.1429, 0.0, 0.8462, 0.0, 0.5714, 0.8462, 0.0, 0.3333, 0.25, 0.0, 1.0, 0.0, 0.9, 0.9, 0.0, 0.0, 0.0, 0.0, 1.0, 0.125, 0.7143, 0.8889, 0.0, 0.0, 0.0, 0.0, 1.0, 0.0, 1.0, 1.0, 0.0, 0.0, 0.0, 0.0, 1.0, 0.0, 1.0, 1.0, 0.0, 0.0, 0.0, 0.0, 0.6667, 0.0, 1.0, 0.875, 0.0, 0.0, 0.0, 0.0, 1.0, 0.0, 1.0, 1.0, 0.0, 0.0, 0.0, 0.0, 0.8333, 0.0, 0.8, 1.0, 0.0, 0.0, 0.2, 0.1429, 0.8333, 0.0, 0.8462, 0.9, 0.0, 0.0, 0.0, 0.0769, 1.0, 0.0, 0.8, 0.8571, 0.0, 0.0, 0.1818, 0.0, 0.875, 0.0, 0.1, 1.0, 0.0, 0.0, 0.0, 0.0, 0.9, 0.0, 0.0, 0.9, 0.0, 0.0, 0.1111, 0.0, 1.0, 0.0, 0.0, 0.7143, 0.0, 0.0, 0.0, 0.0, 0.6, 0.0, 0.0, 0.8571, 0.0, 0.0, 0.0, 0.0, 0.25, 0.0, 0.0, 0.8889, 0.0, 0.0, 0.0, 0.0, 0.1429, 0.0, 0.0, 1.0, 0.0, 0.0, 0.0, 0.0, 0.0, 0.0, 0.0, 1.0, 0.0, 0.0833, 0.0, 0.0, 0.0, 0.1, 0.0, 0.8, 0.0, 0.4, 0.0, 0.0, 0.0, 0.0, 0.0, 0.8889, 0.0, 1.0, 0.0, 0.0, 0.0, 0.0, 0.0, 0.9, 0.0, 0.9286, 0.0, 0.0, 0.0, 0.0, 0.0769, 1.0, 0.25, 1.0, 0.0, 0.0, 0.0, 0.0, 0.0, 0.8889, 0.0, 0.8, 0.0, 0.0, 0.0, 0.2, 0.0, 0.1111, 0.25, 0.7143, 0.0, 0.0, 0.0, 0.0769, 0.0, 0.0, 0.0, 1.0, 0.0, 0.0, 0.0, 0.0, 0.0, 0.0, 0.1, 0.875, 0.0833, 0.0, 0.0, 0.0, 0.0, 1.0, 0.0, 0.8333, 0.0, 0.0, 0.0, 0.0, 0.1111, 0.8, 0.1111, 0.0, 0.0, 1.0, 0.0, 0.0, 0.1, 1.0, 0.0, 0.0, 0.0833, 0.0, 0.0833, 0.0, 1.0, 0.875, 0.0, 0.0, 0.0, 0.1667, 0.2, 0.0, 0.8571, 0.7143, 0.0, 0.0, 0.0, 0.0, 0.7273]"
20,38,broadcast,0.106,0.106,0.106,-0.0,28,True,212,0,302,1486,0,"[0.0, 0.019, 0.0225, 0.025, 0.0285, 0.0335, 0.04, 0.046, 0.0555, 0.062, 0.0645, 0.0685, 0.073, 0.0785, 0.0815, 0.085, 0.0875, 0.0905, 0.0935, 0.095, 0.096, 0.097, 0.098, 0.0985, 0.1, 0.102, 0.1045, 0.106, 0.106, 0.106, 0.106, 0.106, 0.106, 0.106, 0.106, 0.106, 0.106, 0.106, 0.106, 0.106, 0.106, 0.106, 0.106, 0.106, 0.106, 0.106, 0.106, 0.106, 0.106, 0.106, 0.106, 0.106, 0.106, 0.106, 0.106, 0.106, 0.106, 0.106, 0.106, 0.106, 0.106, 0.106, 0.106, 0.106, 0.106, 0.106, 0.106, 0.106, 0.106, 0.106, 0.106, 0.106, 0.106, 0.106, 0.106, 0.106, 0.106, 0.106, 0.106, 0.106, 0.106, 0.106, 0.106, 0.106, 0.106, 0.106, 0.106, 0.106, 0.106, 0.106, 0.106, 0.106, 0.106, 0.106, 0.106, 0.106, 0.106, 0.106, 0.106, 0.106, 0.106]","{""0"": 0.0267, ""1"": 0.0336, ""2"": 0.312, ""3"": 0.0252, ""4"": 0.0081, ""5"": 0.4034, ""6"": 0.0169, ""7"": 0.0205}","[0.0, 0.0, 0.0, 0.0, 0.0, 0.1111, 0.0, 0.0, 0.0, 0.0, 0.0, 0.0, 0.0, 0.0, 0.0, 0.0, 0.0, 0.0, 0.0, 0.125, 0.0, 0.0, 0.0, 0.0, 0.0, 0.0, 0.0, 0.0, 0.0, 0.0, 0.0, 0.0, 0.2, 0.0, 0.0, 0.0, 0.0, 0.0, 0.0, 0.0, 0.0, 0.1429, 0.0, 0.0, 0.0, 0.0, 0.0, 0.0, 0.0, 0.0, 0.0, 0.125, 0.1, 0.0, 0.0, 0.0, 0.0, 0.0, 0.0, 0.0, 0.0769, 0.0, 0.1111, 0.1111, 0.0, 0.0, 0.0, 0.0, 0.0, 0.0, 0.0, 0.0, 0.0, 0.0, 0.0, 0.0, 0.0, 0.0, 0.0, 0.0, 0.1429, 0.0, 0.1, 0.7143, 0.0, 0.0, 0.0, 0.0, 0.0, 0.1429, 0.6, 0.9167, 0.0, 0.0, 0.0, 0.0, 0.0, 0.0, 0.0, 0.9167, 0.0, 0.0, 0.0, 0.0, 0.0, 0.2, 0.0, 0.6667, 0.1333, 0.0, 0.6667, 0.0, 0.0, 0.0909, 0.0, 0.8571, 0.0, 0.0, 0.6667, 0.0, 0.0, 0.0, 0.0, 1.0, 0.0, 0.0, 1.0, 0.0, 0.0, 0.0, 0.0, 1.0, 0.0, 0.0, 0.6667, 0.0, 0.0, 0.0, 0.0, 1.0, 0.0, 0.0, 1.0, 0.0, 0.0, 0.0, 0.0, 0.7778, 0.1667, 0.0, 1.0, 0.0909, 0.0, 0.0, 0.0, 0.8889, 0.0, 0.0, 0.875, 0.125, 0.0, 0.0, 0.0, 0.7273, 0.0, 0.0, 1.0, 0.1429, 0.0, 0.1111, 0.0, 0.0, 0.0, 0.0, 1.0, 0.0, 0.0, 0.0, 0.0, 0.0, 0.0, 0.0, 0.875, 0.0, 0.3, 0.0833, 0.0, 0.0, 0.0, 0.0769, 0.875, 0.0, 0.0, 0.0, 0.0, 0.0, 0.0, 0.0, 1.0, 0.0, 0.0, 0.1, 0.0, 0.0, 0.0, 0.0, 0.8889, 0.0, 0.0, 0.0, 0.0, 0.0, 0.0, 0.0, 0.1111, 0.0, 0.0, 0.0, 0.0, 0.0, 0.25, 0.0, 0.0, 0.0, 0.0, 0.0, 0.1, 0.0, 0.0, 0.0, 0.1429, 0.0, 0.0, 0.0, 0.1429, 0.0, 0.0, 0.0, 0.0, 0.0, 0.0, 0.0, 0.0, 0.0, 0.0, 0.0, 0.0, 0.0, 0.0, 0.0]"
20,39,broadcast,0.018,0.018,0.018,0.0,4,True,36,0,269,1695,0,"[0.0, 0.016, 0.0175, 0.018, 0.018, 0.018, 0.018, 0.018, 0.018, 0.018, 0.018, 0.018, 0.018, 0.018, 0.018, 0.018, 0.018, 0.018, 0.018, 0.018, 0.018, 0.018, 0.018, 0.018, 0.018, 0.018, 0.018, 0.018, 0.018, 0.018, 0.018, 0.018, 0.018, 0.018, 0.018, 0.018, 0.018, 0.018, 0.018, 0.018, 0.018, 0.018, 0.018, 0.018, 0.018, 0.018, 0.018, 0.018, 0.018, 0.018, 0.018, 0.018, 0.018, 0.018, 0.018, 0.018, 0.018, 0.018, 0.018, 0.018, 0.018, 0.018, 0.018, 0.018, 0.018, 0.018, 0.018, 0.018, 0.018, 0.018, 0.018, 0.018, 0.018, 0.018, 0.018, 0.018, 0.018, 0.018, 0.018, 0.018, 0.018, 0.018, 0.018, 0.018, 0.018, 0.018, 0.018, 0.018, 0.018, 0.018, 0.018, 0.018, 0.018, 0.018, 0.018, 0.018, 0.018, 0.018, 0.018, 0.018, 0.018]","{""0"": 0.008, ""1"": 0.0261, ""2"": 0.0153, ""3"": 0.0388, ""4"": 0.0243, ""5"": 0.0079, ""6"": 0.0161, ""7"": 0.0109}","[0.0, 0.0, 0.0, 0.0, 0.0, 0.0, 0.0, 0.0, 0.0, 0.0, 0.0, 0.0, 0.1429, 0.0, 0.0, 0.0, 0.0, 0.0, 0.0, 0.0, 0.0, 0.0, 0.0, 0.0, 0.0, 0.2857, 0.0, 0.0, 0.0, 0.0, 0.0, 0.0, 0.0, 0.0, 0.0, 0.0, 0.0, 0.0, 0.0, 0.0, 0.0, 0.0, 0.1111, 0.0, 0.0, 0.0, 0.0, 0.0, 0.1429, 0.0, 0.1429, 0.0, 0.0, 0.0, 0.0, 0.0, 0.0, 0.0, 0.0, 0.0, 0.0, 0.0, 0.1111, 0.0909, 0.0, 0.0, 0.0, 0.0, 0.0, 0.0, 0.0, 0.0, 0.0, 0.0, 0.0, 0.0, 0.1429, 0.25, 0.0, 0.0, 0.0, 0.0, 0.0, 0.1, 0.0, 0.0, 0.0, 0.0, 0.0, 0.0, 0.0, 0.0, 0.0, 0.0, 0.0, 0.0, 0.0, 0.0, 0.0, 0.0, 0.0, 0.0, 0.0, 0.0833, 0.0, 0.0, 0.2, 0.0, 0.2, 0.0, 0.0, 0.0, 0.0, 0.0, 0.0, 0.0, 0.0, 0.0, 0.0, 0.0, 0.0909, 0.0, 0.0, 0.0, 0.0, 0.0, 0.0, 0.0, 0.0, 0.0, 0.0, 0.0, 0.1667, 0.0, 0.0, 0.0, 0.0, 0.0, 0.0, 0.0, 0.0, 0.0, 0.0, 0.0, 0.0, 0.0, 0.0, 0.1, 0.0, 0.0, 0.0, 0.0, 0.0, 0.0, 0.125, 0.0, 0.0, 0.0, 0.0, 0.0, 0.1, 0.0, 0.0, 0.0, 0.0, 0.125, 0.1, 0.0, 0.0, 0.0, 0.0, 0.0, 0.0, 0.1111, 0.0, 0.0, 0.0, 0.0, 0.0, 0.3333, 0.5, 0.1111, 0.0, 0.0, 0.0, 0.0, 0.125, 0.0, 0.1429, 0.0, 0.0, 0.125, 0.0, 0.0, 0.0, 0.0, 0.0, 0.0, 0.0, 0.0, 0.0, 0.0, 0.0, 0.0, 0.0, 0.0, 0.0, 0.0, 0.0, 0.0, 0.0, 0.0, 0.1111, 0.0, 0.0, 0.1429, 0.0, 0.0, 0.0, 0.0, 0.0, 0.0, 0.0, 0.0, 0.0, 0.0, 0.0, 0.0, 0.0, 0.0, 0.0, 0.0, 0.0, 0.0, 0.1667, 0.0, 0.0, 0.0, 0.0, 0.0, 0.0, 0.0, 0.0, 0.0, 0.1667, 0.1, 0.0, 0.0, 0.0, 0.0]"
20,40,broadcast,0.0275,0.0275,0.0275,-0.0,6,True,55,0,286,1659,0,"[0.0, 0.0175, 0.0205, 0.0235, 0.0255, 0.0275, 0.0275, 0.0275, 0.0275, 0.0275, 0.0275, 0.0275, 0.0275, 0.0275, 0.0275, 0.0275, 0.0275, 0.0275, 0.0275, 0.0275, 0.0275, 0.0275, 0.0275, 0.0275, 0.0275, 0.0275, 0.0275, 0.0275, 0.0275, 0.0275, 0.0275, 0.0275, 0.0275, 0.0275, 0.0275, 0.0275, 0.0275, 0.0275, 0.0275, 0.0275, 0.0275, 0.0275, 0.0275, 0.0275, 0.0275, 0.0275, 0.0275, 0.0275, 0.0275, 0.0275, 0.0275, 0.0275, 0.0275, 0.0275, 0.0275, 0.0275, 0.0275, 0.0275, 0.0275, 0.0275, 0.0275, 0.0275, 0.0275, 0.0275, 0.0275, 0.0275, 0.0275, 0.0275, 0.0275, 0.0275, 0.0275, 0.0275, 0.0275, 0.0275, 0.0275, 0.0275, 0.0275, 0.0275, 0.0275, 0.0275, 0.0275, 0.0275, 0.0275, 0.0275, 0.0275, 0.0275, 0.0275, 0.0275, 0.0275, 0.0275, 0.0275, 0.0275, 0.0275, 0.0275, 0.0275, 0.0275, 0.0275, 0.0275, 0.0275, 0.0275, 0.0275]","{""0"": 0.0255, ""1"": 0.03, ""2"": 0.0169, ""3"": 0.0117, ""4"": 0.0853, ""5"": 0.0157, ""6"": 0.0079, ""7"": 0.0251}","[0.0, 0.0, 0.0, 0.0, 0.0, 0.875, 0.0, 0.1111, 0.0, 0.0, 0.0, 0.0909, 0.0, 0.125, 0.0833, 0.0, 0.0, 0.0, 0.0, 0.0, 0.0, 0.0, 0.0714, 0.0, 0.0833, 0.0, 0.0, 0.0, 0.0, 0.1667, 0.0, 0.0, 0.0, 0.0, 0.0, 0.0, 0.0, 0.0, 0.0, 0.0, 0.0, 0.1818, 0.0, 0.1, 0.0, 0.0, 0.0, 0.0, 0.0, 0.0, 0.0, 0.0, 0.0, 0.0, 0.0, 0.0, 0.0, 0.0, 0.1667, 0.0, 0.0, 0.0, 0.0, 0.0, 0.0, 0.0, 0.0, 0.125, 0.0, 0.0, 0.0, 0.0, 0.0, 0.0, 0.0, 0.0, 0.0, 0.0, 0.0, 0.0, 0.2, 0.0, 0.0, 0.0, 0.0, 0.1429, 0.0, 0.0, 0.6667, 0.125, 0.0, 0.0, 0.0, 0.0, 0.0, 0.0, 0.0, 0.0, 0.125, 0.0, 0.0, 0.0, 0.0, 0.0, 0.0, 0.0, 0.0, 0.1, 0.0, 0.0, 0.0, 0.0, 0.125, 0.125, 0.0, 0.0, 0.0, 0.0, 0.0, 0.0, 0.0, 0.1429, 0.0, 0.0, 0.0, 0.0, 0.0, 0.0, 0.0, 0.0, 0.0, 0.0, 0.0, 0.6, 0.0, 0.0, 0.0, 0.0, 0.0, 0.0, 0.0, 0.0, 0.125, 0.0, 0.0, 0.0, 0.0, 0.0, 0.0, 0.0, 0.0, 0.0, 0.0, 0.0, 0.0, 0.0, 0.1667, 1.0, 0.0, 0.0, 0.0, 0.0, 0.0, 0.0, 0.0, 0.0, 0.0, 0.0, 0.0, 0.0, 0.0833, 0.0, 0.0, 0.0, 0.0, 0.0, 0.0, 0.0, 0.1429, 0.0, 0.0, 0.0, 0.0, 0.0, 0.0, 0.0, 0.0, 0.0, 0.0, 0.0, 0.0, 0.0, 0.0, 0.0, 0.0, 0.0, 0.0, 0.0, 0.0, 0.0, 0.0, 0.0, 0.0, 0.0, 0.1429, 0.0, 0.125, 0.0714, 0.0, 0.0, 0.0, 0.0, 0.0, 0.1111, 0.0, 0.0, 0.0, 0.0, 0.25, 0.0, 0.0, 0.0, 0.0, 0.0, 0.1429, 0.0, 0.2, 0.0, 0.0, 0.0, 0.0, 0.0, 0.0, 0.0, 0.0, 0.0, 0.0, 0.0, 0.0, 0.0, 0.0, 0.0, 0.1667, 0.0, 0.0, 0.1, 0.0, 0.0, 0.0, 0.1111]"
20,41,broadcast,0.2505,0.2505,0.2505,-0.0,37,True,501,0,306,1193,0,"[0.0, 0.0275, 0.0355, 0.0435, 0.047, 0.0515, 0.0625, 0.074, 0.0865, 0.0965, 0.104, 0.1145, 0.1235, 0.13, 0.1405, 0.15, 0.159, 0.172, 0.1855, 0.1965, 0.2085, 0.2165, 0.2225, 0.227, 0.2315, 0.235, 0.238, 0.239, 0.24, 0.241, 0.2425, 0.244, 0.246, 0.248, 0.249, 0.25, 0.2505, 0.2505, 0.2505, 0.2505, 0.2505, 0.2505, 0.2505, 0.2505, 0.2505, 0.2505, 0.2505, 0.2505, 0.2505, 0.2505, 0.2505, 0.2505, 0.2505, 0.2505, 0.2505, 0.2505, 0.2505, 0.2505, 0.2505, 0.2505, 0.2505, 0.2505, 0.2505, 0.2505, 0.2505, 0.2505, 0.2505, 0.2505, 0.2505, 0.2505, 0.2505, 0.2505, 0.2505, 0.2505, 0.2505, 0.2505, 0.2505, 0.2505, 0.2505, 0.2505, 0.2505, 0.2505, 0.2505, 0.2505, 0.2505, 0.2505, 0.2505, 0.2505, 0.2505, 0.2505, 0.2505, 0.2505, 0.2505, 0.2505, 0.2505, 0.2505, 0.2505, 0.2505, 0.2505, 0.2505, 0.2505]","{""0"": 0.0383, ""1"": 0.3358, ""2"": 0.1642, ""3"": 0.02, ""4"": 0.1967, ""5"": 0.589, ""6"": 0.0349, ""7"": 0.6461}","[0.4444, 0.0, 0.7143, 0.0, 0.0909, 0.0, 0.1667, 0.0, 1.0, 0.1429, 0.7, 0.0, 0.0, 0.0, 0.4286, 0.0, 0.8889, 0.0, 0.8, 0.0, 0.0, 0.1111, 1.0, 0.0, 1.0, 0.0, 0.2857, 0.125, 0.0, 0.1111, 0.875, 0.125, 1.0, 0.0, 0.0, 0.8333, 0.0, 0.0, 0.9, 0.0, 1.0, 0.0, 0.1, 0.8, 0.0, 0.0, 1.0, 0.0, 0.6667, 0.0, 0.3333, 0.7, 0.0, 0.0, 0.8333, 0.0, 1.0, 0.0, 0.0, 0.8, 0.0, 0.0, 1.0, 0.0, 1.0, 0.0, 0.0, 1.0, 0.0, 0.0, 1.0, 0.0, 0.75, 0.0, 0.0, 0.0, 0.0, 0.0, 0.8, 0.0, 0.7778, 0.0, 0.0, 0.0, 0.0, 0.0, 0.8, 0.25, 0.8333, 0.0, 0.0, 0.1111, 0.0, 0.0, 0.875, 0.0, 0.7143, 0.0, 0.0, 0.2, 0.0909, 0.0, 0.9, 0.1429, 1.0, 0.0, 0.1429, 0.0, 0.0, 0.0, 0.8571, 0.0, 1.0, 0.0, 0.0, 0.0, 0.0, 0.0, 0.8333, 0.0, 1.0, 0.0, 0.0, 0.4, 0.0, 0.0, 0.75, 0.0, 0.8333, 0.0, 0.0, 0.1111, 0.0, 0.0, 0.8, 0.0, 0.9091, 0.0, 0.0, 0.1, 0.0, 0.0, 0.875, 0.0, 0.75, 0.0, 0.2, 0.125, 0.0, 0.0, 0.8333, 0.0833, 1.0, 0.0, 0.0, 0.0, 0.0, 0.0, 0.7778, 0.0, 0.8571, 0.0, 0.0, 0.0, 0.0, 0.0, 0.7143, 0.0, 0.7778, 0.0, 0.0, 0.0, 0.0, 0.0, 0.7143, 0.0, 0.7143, 0.0, 0.0, 0.0, 0.0, 0.0, 0.8, 0.0, 0.0833, 0.25, 0.9, 0.0, 0.0, 0.4, 0.0769, 0.0, 0.0, 0.3333, 0.8571, 0.0, 0.0, 0.0, 0.2, 0.0, 0.0, 0.0, 0.9167, 0.0, 0.0, 0.75, 0.0, 0.0, 0.0, 0.0, 0.8333, 0.0, 0.25, 0.8571, 0.0, 0.0, 0.0, 0.0, 0.9286, 0.0909, 0.1111, 0.9, 0.0, 0.0, 0.0, 0.0, 0.625, 0.0, 0.0, 1.0, 0.0, 0.0, 0.0769, 0.1667, 0.7, 0.0, 0.0, 0.8571, 0.0, 0.4444, 0.5, 0.4286, 0.8, 0.0, 0.0, 0.6667, 0.0, 0.0, 1.0, 0.0]"
20,42,broadcast,0.034,0.034,0.034,-0.0,7,True,68,0,317,1615,0,"[0.0, 0.022, 0.026, 0.027, 0.0295, 0.032, 0.034, 0.034, 0.034, 0.034, 0.034, 0.034, 0.034, 0.034, 0.034, 0.034, 0.034, 0.034, 0.034, 0.034, 0.034, 0.034, 0.034, 0.034, 0.034, 0.034, 0.034, 0.034, 0.034, 0.034, 0.034, 0.034, 0.034, 0.034, 0.034, 0.034, 0.034, 0.034, 0.034, 0.034, 0.034, 0.034, 0.034, 0.034, 0.034, 0.034, 0.034, 0.034, 0.034, 0.034, 0.034, 0.034, 0.034, 0.034, 0.034, 0.034, 0.034, 0.034, 0.034, 0.034, 0.034, 0.034, 0.034, 0.034, 0.034, 0.034, 0.034, 0.034, 0.034, 0.034, 0.034, 0.034, 0.034, 0.034, 0.034, 0.034, 0.034, 0.034, 0.034, 0.034, 0.034, 0.034, 0.034, 0.034, 0.034, 0.034, 0.034, 0.034, 0.034, 0.034, 0.034, 0.034, 0.034, 0.034, 0.034, 0.034, 0.034, 0.034, 0.034, 0.034, 0.034]","{""0"": 0.0781, ""1"": 0.0166, ""2"": 0.0293, ""3"": 0.0429, ""4"": 0.0153, ""5"": 0.0213, ""6"": 0.0305, ""7"": 0.0349}","[0.0, 0.0, 0.0, 0.0, 0.0, 0.0, 0.0, 0.0769, 0.0, 0.0, 0.0, 0.0, 0.0, 0.0, 0.0, 0.0, 0.0, 0.0, 0.0, 0.0, 0.0, 0.0, 0.0, 0.0, 0.1429, 0.0, 0.0, 0.0, 0.0, 0.0, 0.0, 0.0, 0.0, 0.0, 0.0, 0.0, 0.0, 0.0, 0.0, 0.0, 0.0, 0.0, 0.0, 0.0, 0.0, 0.0, 0.0, 0.1, 0.0, 0.0909, 0.0, 0.0, 0.0, 0.0909, 0.0, 0.25, 0.0, 0.0, 0.0, 0.0909, 0.3333, 0.0, 0.0, 0.0, 0.1111, 0.0, 0.1667, 0.0, 0.0, 0.1111, 0.0, 0.0, 0.0, 0.0, 0.0, 0.0, 0.0, 0.0, 0.0, 0.25, 0.0, 0.0, 0.1667, 0.2, 0.0, 0.0, 0.0, 0.0, 0.0, 1.0, 0.0, 0.0, 0.1, 0.0, 0.0, 0.0, 0.1111, 1.0, 0.0, 0.0, 0.0, 0.0, 0.0, 0.0, 0.1429, 0.6667, 0.1111, 0.0, 0.1, 0.0, 0.2, 0.0, 0.0, 0.0, 0.1, 0.0, 0.5714, 0.0, 0.0, 0.0, 0.0, 0.0, 0.0, 0.0, 0.0, 0.0, 0.0, 0.0, 0.0, 0.0, 0.0, 0.0, 0.0, 0.0, 0.0, 0.0, 0.0, 0.0, 0.0, 0.1667, 0.0, 0.0, 0.0, 0.0, 0.0, 0.0, 0.0, 0.0, 0.0, 0.0909, 0.1111, 0.0, 0.0, 0.0, 0.0, 0.0, 0.0, 0.0, 0.0, 0.0, 0.0, 0.0667, 0.0, 0.0, 0.0, 0.2, 0.0, 0.0, 0.0909, 0.0, 0.0, 0.0, 0.0, 0.0, 0.1, 0.0, 0.0, 0.125, 0.0, 0.0, 0.0, 0.0, 0.0, 0.0, 0.1818, 0.0, 0.0, 0.0, 0.0, 0.0, 0.0, 0.0, 0.0, 0.0, 0.0, 0.1429, 0.0, 0.0, 0.0, 0.0, 0.0, 0.0, 0.0, 0.0, 0.0, 0.0, 0.2222, 0.0, 0.3333, 0.0, 0.0, 0.3333, 0.2, 0.0, 0.0, 0.0, 0.0, 0.0, 0.0, 0.0, 0.0, 0.0, 0.0, 0.1, 0.0, 0.0, 0.0, 0.1429, 0.0, 0.0, 0.0, 0.0, 0.0, 0.0, 0.0, 0.0, 0.0, 0.0, 0.0, 0.0, 0.0, 0.0, 0.0, 0.0, 0.0, 0.0, 0.0, 0.1111, 0.0, 0.0]"
20,43,broadcast,0.126,0.126,0.126,0.0,33,True,252,0,286,1462,0,"[0.0, 0.0225, 0.027, 0.0305, 0.033, 0.037, 0.0425, 0.046, 0.05, 0.0545, 0.0585, 0.0615, 0.065, 0.069, 0.0745, 0.082, 0.086, 0.0895, 0.093, 0.0945, 0.097, 0.1025, 0.1035, 0.1045, 0.107, 0.11, 0.1125, 0.1155, 0.1185, 0.123, 0.1235, 0.125, 0.126, 0.126, 0.126, 0.126, 0.126, 0.126, 0.126, 0.126, 0.126, 0.126, 0.126, 0.126, 0.126, 0.126, 0.126, 0.126, 0.126, 0.126, 0.126, 0.126, 0.126, 0.126, 0.126, 0.126, 0.126, 0.126, 0.126, 0.126, 0.126, 0.126, 0.126, 0.126, 0.126, 0.126, 0.126, 0.126, 0.126, 0.126, 0.126, 0.126, 0.126, 0.126, 0.126, 0.126, 0.126, 0.126, 0.126, 0.126, 0.126, 0.126, 0.126, 0.126, 0.126, 0.126, 0.126, 0.126, 0.126, 0.126, 0.126, 0.126, 0.126, 0.126, 0.126, 0.126, 0.126, 0.126, 0.126, 0.126, 0.126]","{""0"": 0.2581, ""1"": 0.0155, ""2"": 0.0882, ""3"": 0.0383, ""4"": 0.168, ""5"": 0.4188, ""6"": 0.0214, ""7"": 0.0207}","[0.1111, 0.625, 0.0, 0.1, 0.0, 0.0, 0.0, 0.0, 0.0, 0.8571, 0.0, 0.0769, 0.125, 0.0, 0.0, 0.0, 0.0, 0.9167, 0.0, 0.0, 0.0, 0.0, 0.1429, 0.1111, 0.2, 0.8, 0.0, 0.0, 0.0, 0.0, 0.75, 0.0, 0.0, 1.0, 0.0, 0.0, 0.0, 0.1667, 1.0, 0.0, 0.1111, 0.8889, 0.0, 0.0, 0.0, 0.2, 1.0, 0.0, 0.1, 0.8, 0.0, 0.1111, 0.1111, 0.0833, 0.9, 0.0, 0.0, 0.6, 0.0, 0.0, 0.0, 0.0, 0.8571, 0.0, 0.1111, 0.0, 0.1111, 0.0, 0.0, 0.0, 0.875, 0.0, 0.0, 0.0, 0.0, 0.2857, 0.0, 0.0, 0.8, 0.0, 0.0, 0.0, 0.0, 0.0909, 0.0, 0.0, 0.7143, 0.0, 0.0, 0.0, 0.0, 0.0, 0.0, 0.0, 0.7778, 0.0, 0.0, 0.0, 0.0, 0.0, 0.1111, 0.0, 1.0, 0.0, 0.0, 0.0, 0.0, 0.0, 0.1818, 0.0, 1.0, 0.0, 0.0, 0.0, 0.0, 0.0, 0.1667, 0.0, 1.0, 0.1111, 0.0, 0.0, 0.0, 0.0, 0.0909, 0.0, 0.8889, 0.0, 0.0, 0.0, 0.1429, 0.0, 0.0, 0.0, 0.875, 0.1667, 0.0, 0.0, 0.0, 0.0, 0.0, 0.0, 0.1, 0.0, 0.0, 0.0, 0.0909, 0.0, 0.2, 0.0, 0.0, 0.0, 0.0, 0.0, 0.0, 0.0, 0.0, 0.0, 0.0, 0.0, 0.0, 0.0, 0.0, 0.1818, 0.0, 0.0, 0.0, 0.0, 0.0, 0.0, 0.0, 0.8889, 0.0, 0.0, 0.0, 0.0, 0.0, 0.0, 0.0, 0.4167, 0.0, 0.0833, 0.0, 0.1, 0.0, 0.0, 0.0, 0.0, 0.1429, 1.0, 0.1, 0.0, 0.0, 0.0, 0.0, 0.0, 0.0, 1.0, 0.0, 0.0, 0.0, 0.0, 0.0, 0.0, 0.0, 0.8889, 0.0, 0.0, 0.0, 0.0, 0.0, 0.0, 0.0, 1.0, 0.125, 0.125, 0.0, 0.1667, 0.1, 0.1429, 0.1, 0.7, 0.0, 0.0, 0.0, 0.0, 0.0, 0.1667, 0.0, 0.3333, 0.0, 0.0, 0.0, 0.0, 0.0, 0.0, 0.0, 0.1429, 0.0, 0.0, 0.0, 1.0, 0.0, 0.0, 0.0, 0.0, 0.125, 0.0, 0.0, 1.0]"
20,44,broadcast,0.1785,0.1785,0.1785,-0.0,34,True,357,0,285,1358,0,"[0.0, 0.023, 0.0265, 0.029, 0.0325, 0.0365, 0.04, 0.043, 0.0475, 0.055, 0.0665, 0.075, 0.0815, 0.088, 0.094, 0.098, 0.1025, 0.1065, 0.1095, 0.112, 0.1165, 0.122, 0.128, 0.134, 0.1405, 0.148, 0.1555, 0.1615, 0.17, 0.1745, 0.1755, 0.176, 0.1775, 0.1785, 0.1785, 0.1785, 0.1785, 0.1785, 0.1785, 0.1785, 0.1785, 0.1785, 0.1785, 0.1785, 0.1785, 0.1785, 0.1785, 0.1785, 0.1785, 0.1785, 0.1785, 0.1785, 0.1785, 0.1785, 0.1785, 0.1785, 0.1785, 0.1785, 0.1785, 0.1785, 0.1785, 0.1785, 0.1785, 0.1785, 0.1785, 0.1785, 0.1785, 0.1785, 0.1785, 0.1785, 0.1785, 0.1785, 0.1785, 0.1785, 0.1785, 0.1785, 0.1785, 0.1785, 0.1785, 0.1785, 0.1785, 0.1785, 0.1785, 0.1785, 0.1785, 0.1785, 0.1785, 0.1785, 0.1785, 0.1785, 0.1785, 0.1785, 0.1785, 0.1785, 0.1785, 0.1785, 0.1785, 0.1785, 0.1785, 0.1785, 0.1785]","{""0"": 0.015, ""1"": 0.0376, ""2"": 0.124, ""3"": 0.0137, ""4"": 0.0256, ""5"": 0.0183, ""6"": 0.2992, ""7"": 0.8858}","[0.2222, 0.0, 0.0, 0.0, 0.0, 0.0, 0.0, 0.1111, 1.0, 0.0, 0.0, 0.0, 0.0, 0.0, 0.0, 0.0, 0.8571, 0.0, 0.0, 0.0, 0.0, 0.1429, 0.0769, 0.1, 0.8571, 0.0, 0.0, 0.0, 0.0, 0.0, 0.0, 0.125, 0.8889, 0.0, 0.0, 0.0, 0.0, 0.0, 0.0, 0.0, 0.8, 0.0, 0.2857, 0.0, 0.0, 0.0909, 0.0, 0.0, 0.875, 0.0, 0.2, 0.0, 0.1111, 0.0, 0.125, 0.0, 1.0, 0.0, 0.2, 0.0, 0.0, 0.0, 0.0, 0.0, 0.75, 0.0, 0.1429, 0.0, 0.0, 0.0, 0.0, 0.0, 1.0, 0.0, 0.0, 0.1111, 0.0, 0.0, 0.1667, 0.0, 1.0, 0.0, 0.0, 0.0, 0.0, 0.0, 0.0, 0.0, 0.75, 0.0, 0.0, 0.0, 0.2, 0.0, 0.0, 0.0, 0.8889, 0.0, 0.0, 0.125, 0.0, 0.0, 0.0, 0.0, 0.625, 0.0, 0.0, 0.8571, 0.0, 0.125, 0.0, 0.0, 1.0, 0.0, 0.0, 1.0, 0.0, 0.1111, 0.0, 0.0, 0.7857, 0.0, 0.0833, 1.0, 0.0, 0.0, 0.0, 0.125, 1.0, 0.0, 0.0, 0.25, 0.0, 0.1, 0.0, 0.8182, 1.0, 0.1111, 0.2, 0.0, 0.0, 0.0, 0.0, 1.0, 0.8333, 0.0, 0.0, 0.0, 0.0, 0.0, 0.0, 1.0, 0.8333, 0.0, 0.0, 0.0, 0.0, 0.0, 0.0, 1.0, 0.8333, 0.0, 0.0, 0.0, 0.0, 0.0, 0.0667, 1.0, 1.0, 0.0, 0.0, 0.0, 0.125, 0.0, 0.0, 0.75, 0.8, 0.1111, 0.0769, 0.0, 0.0, 0.0, 0.0, 0.8571, 1.0, 0.0, 0.0, 0.0, 0.0, 0.0, 0.0, 0.8182, 0.875, 0.1111, 0.1, 0.0, 0.0, 0.0, 0.0, 0.7143, 0.7143, 0.0, 0.0, 0.0, 0.0, 0.0, 0.0, 0.6667, 0.75, 0.0, 0.0, 0.0, 0.0, 0.0, 0.0, 0.25, 0.8889, 0.1111, 0.1, 0.1818, 0.0, 0.0833, 0.125, 0.0, 1.0, 0.0, 0.0, 0.8333, 0.0, 0.0, 0.0, 0.0, 1.0, 0.0, 0.0, 0.0, 0.0, 0.0, 0.0, 0.0, 0.8571, 0.0, 0.0, 0.0, 0.0, 0.0, 0.0, 0.0, 1.0, 0.0]"
20,45,broadcast,0.1435,0.1435,0.1435,0.0,27,True,287,0,306,1407,0,"[0.0, 0.02, 0.0285, 0.034, 0.039, 0.048, 0.054, 0.0645, 0.074, 0.08, 0.0885, 0.096, 0.099, 0.104, 0.108, 0.1135, 0.119, 0.1245, 0.129, 0.131, 0.133, 0.136, 0.1395, 0.1405, 0.1415, 0.143, 0.1435, 0.1435, 0.1435, 0.1435, 0.1435, 0.1435, 0.1435, 0.1435, 0.1435, 0.1435, 0.1435, 0.1435, 0.1435, 0.1435, 0.1435, 0.1435, 0.1435, 0.1435, 0.1435, 0.1435, 0.1435, 0.1435, 0.1435, 0.1435, 0.1435, 0.1435, 0.1435, 0.1435, 0.1435, 0.1435, 0.1435, 0.1435, 0.1435, 0.1435, 0.1435, 0.1435, 0.1435, 0.1435, 0.1435, 0.1435, 0.1435, 0.1435, 0.1435, 0.1435, 0.1435, 0.1435, 0.1435, 0.1435, 0.1435, 0.1435, 0.1435, 0.1435, 0.1435, 0.1435, 0.1435, 0.1435, 0.1435, 0.1435, 0.1435, 0.1435, 0.1435, 0.1435, 0.1435, 0.1435, 0.1435, 0.1435, 0.1435, 0.1435, 0.1435, 0.1435, 0.1435, 0.1435, 0.1435, 0.1435, 0.1435]","{""0"": 0.279, ""1"": 0.1934, ""2"": 0.0041, ""3"": 0.008, ""4"": 0.3632, ""5"": 0.251, ""6"": 0.0188, ""7"": 0.0335}","[0.1111, 0.0, 0.0, 0.0, 0.0, 0.0, 0.0, 0.0833, 0.0, 0.0, 0.0, 0.0, 0.0, 0.1429, 0.2, 0.0, 0.0, 0.0, 0.0, 0.0, 0.0, 0.0, 0.25, 0.0, 0.0, 0.1111, 0.0, 0.0, 0.0, 0.0, 0.0, 0.0, 0.0, 0.1111, 0.1, 0.0, 0.0, 0.1429, 0.2, 0.0, 0.0, 0.0, 0.0, 0.0, 0.0, 0.0, 0.0, 0.0, 0.0, 0.0, 0.0, 0.0, 0.0, 0.7, 0.0, 0.0, 0.0, 0.0, 0.0, 0.0, 0.0, 0.8, 0.0, 0.0, 0.0, 0.0, 0.0, 0.0, 0.0, 0.875, 0.0, 0.0, 0.0, 0.0, 0.0, 0.0, 0.0, 1.0, 0.0, 0.0, 0.0, 0.0, 0.2222, 0.0, 0.0, 0.8, 0.0, 0.0, 0.0, 0.7778, 0.0, 0.0, 0.0, 0.6667, 0.0, 0.0, 0.25, 1.0, 0.0, 0.0, 0.1, 0.875, 0.0, 0.0, 0.0, 0.9, 0.0, 0.0, 0.0, 0.6667, 0.1667, 0.0, 0.0, 0.75, 0.0, 0.0, 0.0, 1.0, 0.0, 0.0769, 0.1429, 0.125, 0.0, 0.0, 0.0, 0.7778, 0.0, 0.0, 0.0, 0.0, 0.0, 0.1667, 0.0, 1.0, 0.0, 0.0, 0.1429, 0.0, 0.0, 0.0, 0.0, 0.625, 0.0, 0.0, 0.0, 0.0, 0.0, 0.0, 0.0, 0.0, 0.0, 0.0, 0.0, 0.0, 0.1, 0.0, 0.1111, 0.0, 0.0, 0.0, 0.0, 0.0, 0.0, 0.0, 0.0, 0.0, 0.125, 0.0, 0.2, 0.0, 0.7143, 0.0, 0.0, 0.0, 0.8571, 0.2, 0.125, 0.875, 0.8889, 0.0, 0.0, 0.2, 1.0, 0.0, 0.0, 1.0, 0.8571, 0.0, 0.0, 0.0, 1.0, 0.0, 0.0, 0.9, 1.0, 0.0, 0.0, 0.0, 0.8571, 0.1, 0.0, 0.9, 0.7778, 0.0, 0.0, 0.0, 0.6, 0.0833, 0.0, 0.9, 0.7143, 0.0, 0.0, 0.0, 0.9091, 0.0, 0.0, 0.0, 1.0, 0.0, 0.0, 0.1429, 1.0, 0.0, 0.0, 0.0, 0.125, 0.0, 0.0, 0.0, 0.7778, 0.0, 0.0, 0.0, 0.0, 0.0, 0.0, 0.0, 0.1667, 0.0, 0.25, 0.0, 0.0, 0.0, 0.0, 0.0, 0.0, 0.0, 0.1111, 0.0]"
20,46,broadcast,0.072,0.072,0.072,0.0,21,True,144,0,280,1576,0,"[0.0, 0.021, 0.024, 0.026, 0.0285, 0.0325, 0.0355, 0.039, 0.042, 0.0455, 0.049, 0.052, 0.054, 0.0575, 0.0605, 0.063, 0.0655, 0.068, 0.07, 0.0715, 0.072, 0.072, 0.072, 0.072, 0.072, 0.072, 0.072, 0.072, 0.072, 0.072, 0.072, 0.072, 0.072, 0.072, 0.072, 0.072, 0.072, 0.072, 0.072, 0.072, 0.072, 0.072, 0.072, 0.072, 0.072, 0.072, 0.072, 0.072, 0.072, 0.072, 0.072, 0.072, 0.072, 0.072, 0.072, 0.072, 0.072, 0.072, 0.072, 0.072, 0.072, 0.072, 0.072, 0.072, 0.072, 0.072, 0.072, 0.072, 0.072, 0.072, 0.072, 0.072, 0.072, 0.072, 0.072, 0.072, 0.072, 0.072, 0.072, 0.072, 0.072, 0.072, 0.072, 0.072, 0.072, 0.072, 0.072, 0.072, 0.072, 0.072, 0.072, 0.072, 0.072, 0.072, 0.072, 0.072, 0.072, 0.072, 0.072, 0.072, 0.072]","{""0"": 0.012, ""1"": 0.0158, ""2"": 0.3142, ""3"": 0.0153, ""4"": 0.0349, ""5"": 0.0455, ""6"": 0.1395, ""7"": 0.0233}","[0.0, 0.0, 0.0, 1.0, 0.0, 0.2, 0.0833, 0.0, 0.0, 0.0, 0.0, 1.0, 0.0, 0.0, 0.0, 0.0, 0.25, 0.0, 0.0, 0.5714, 0.0, 0.0, 0.0, 0.0, 0.0, 0.0, 0.1429, 0.2, 0.0, 0.0, 0.0, 0.0, 0.2222, 0.0, 0.0, 0.0, 0.0, 0.1429, 0.0, 0.25, 0.0, 0.0, 0.0, 0.0, 0.0, 0.0, 0.0, 0.0, 0.0, 0.0, 0.0, 0.0, 0.0, 0.0, 0.2857, 0.0, 0.1667, 0.0, 0.0, 0.0, 0.1, 0.0, 0.0, 0.0, 0.0, 0.0, 0.0, 0.0, 0.0, 0.0, 0.0, 0.1, 0.0, 0.0, 0.0, 0.0, 0.0, 0.0, 0.0, 0.8571, 0.0, 0.0, 0.0, 0.0, 0.0, 0.0, 0.0, 0.6667, 0.0, 0.0, 0.0, 0.0, 0.0, 0.0, 0.0, 1.0, 0.0, 0.0, 0.0, 0.0, 0.0, 0.0, 0.0, 0.8182, 0.0, 0.0, 0.0, 0.125, 0.0, 0.0, 0.0, 0.4, 0.0, 0.0, 0.1111, 0.0, 0.0, 0.0, 0.1818, 0.0, 0.0, 0.0, 0.0, 0.0, 0.0, 0.0, 0.0, 0.0, 0.0, 0.0, 0.0, 0.0, 0.0, 0.0, 0.0833, 0.0, 0.0, 0.0, 0.0, 0.0, 0.1667, 0.0, 0.0, 0.1429, 0.0, 0.0, 0.0, 0.0, 0.0, 0.0, 0.3333, 0.0833, 0.0, 0.0, 0.0, 0.0, 0.0, 0.0, 0.0909, 0.2222, 0.0, 0.0, 0.0, 0.0, 0.0, 0.125, 0.1429, 0.25, 0.0, 0.0, 0.0, 0.0, 0.0, 0.0909, 0.1, 0.0, 0.0, 0.0, 0.0, 0.0, 0.0, 0.0, 0.0, 0.0, 0.0, 0.0, 0.0909, 0.3333, 0.0909, 0.0, 0.0, 0.0, 0.1429, 0.0, 0.0, 0.8333, 0.0, 0.0, 0.0, 0.0, 0.0, 0.1111, 0.0, 1.0, 0.0, 0.0, 0.0, 0.0, 0.0, 0.0833, 0.0, 0.8, 0.0, 0.1667, 0.0, 0.125, 0.0, 0.0909, 0.0, 0.9091, 0.0, 0.0, 0.0, 0.0, 0.0, 0.0, 0.0625, 0.75, 0.0, 0.0, 0.0, 0.0714, 0.0, 0.0, 0.0, 0.8889, 0.0, 0.25, 0.125, 0.0, 0.0, 0.0, 0.0, 1.0, 0.0, 0.2222, 0.0, 0.0, 0.0, 0.0]"
20,47,broadcast,0.1785,0.1785,0.1785,-0.0,37,True,357,0,289,1354,0,"[0.0, 0.0215, 0.028, 0.033, 0.039, 0.0465, 0.0525, 0.0575, 0.0665, 0.0745, 0.0785, 0.082, 0.0875, 0.0925, 0.099, 0.106, 0.1105, 0.1155, 0.1205, 0.1285, 0.137, 0.1445, 0.1475, 0.151, 0.154, 0.157, 0.1585, 0.1595, 0.161, 0.162, 0.1635, 0.165, 0.1675, 0.1705, 0.173, 0.1765, 0.1785, 0.1785, 0.1785, 0.1785, 0.1785, 0.1785, 0.1785, 0.1785, 0.1785, 0.1785, 0.1785, 0.1785, 0.1785, 0.1785, 0.1785, 0.1785, 0.1785, 0.1785, 0.1785, 0.1785, 0.1785, 0.1785, 0.1785, 0.1785, 0.1785, 0.1785, 0.1785, 0.1785, 0.1785, 0.1785, 0.1785, 0.1785, 0.1785, 0.1785, 0.1785, 0.1785, 0.1785, 0.1785, 0.1785, 0.1785, 0.1785, 0.1785, 0.1785, 0.1785, 0.1785, 0.1785, 0.1785, 0.1785, 0.1785, 0.1785, 0.1785, 0.1785, 0.1785, 0.1785, 0.1785, 0.1785, 0.1785, 0.1785, 0.1785, 0.1785, 0.1785, 0.1785, 0.1785, 0.1785, 0.1785]","{""0"": 0.2087, ""1"": 0.8729, ""2"": 0.2346, ""3"": 0.0076, ""4"": 0.0196, ""5"": 0.0242, ""6"": 0.084, ""7"": 0.0312}","[0.1111, 1.0, 1.0, 0.0, 0.0, 0.0, 0.0, 0.0, 0.0, 0.875, 0.8333, 0.1333, 0.0, 0.0, 0.0, 0.0, 0.0, 0.8333, 1.0, 0.1667, 0.0, 0.0, 0.0, 0.0, 0.0, 0.0, 1.0, 0.0909, 0.0, 0.1333, 0.0, 0.0, 0.0, 0.0, 0.75, 0.3333, 0.0, 0.0, 0.1111, 0.0, 0.0, 0.0, 0.8571, 0.0, 0.0, 0.0, 0.0, 0.8571, 0.0, 0.0, 1.0, 0.0, 0.0, 0.0, 0.0, 0.3, 0.0, 0.0, 0.875, 0.0, 0.0, 0.0, 0.0, 0.0, 0.0, 0.0, 0.75, 0.0, 0.0, 0.0, 0.0, 0.8, 0.0, 0.0, 0.9167, 0.0, 0.0, 0.0, 0.1111, 0.5, 0.0, 0.0, 1.0, 0.1429, 0.0, 0.0, 0.0, 0.0, 0.0, 0.0, 1.0, 0.8, 0.0, 0.0, 0.0, 0.0, 0.0, 0.0, 0.7, 0.875, 0.0, 0.0, 0.0, 0.0, 0.0, 0.0, 0.8571, 1.0, 0.0, 0.0, 0.0, 0.0, 0.0, 0.125, 0.8889, 1.0, 0.0, 0.125, 0.0, 0.0, 0.1818, 0.0, 1.0, 0.0769, 0.0, 0.0, 0.125, 0.1667, 0.0, 0.0, 1.0, 0.0, 0.0, 0.0, 0.0, 0.0, 0.2, 0.0, 1.0, 0.0, 0.0, 0.0909, 0.0, 0.1111, 0.0, 0.0, 0.875, 0.0, 0.0, 0.0, 0.0, 0.0, 0.2, 0.125, 0.8, 0.0, 0.0, 0.0, 0.0, 0.0, 0.0, 0.0, 0.8889, 0.0, 0.0, 0.0, 0.0, 0.0, 0.0, 0.0, 0.8333, 0.0769, 0.0, 0.0909, 0.0, 0.0, 0.0, 0.0, 0.8889, 0.0, 0.1, 0.0, 0.125, 0.0, 0.0, 0.0, 1.0, 0.1429, 0.0, 0.0, 0.2857, 0.1111, 0.125, 0.0, 0.75, 0.2222, 0.0, 0.0, 0.0, 0.2222, 0.0, 0.0, 0.7, 0.6667, 0.0, 0.0, 0.0, 0.0, 0.0, 0.0, 1.0, 1.0, 0.0, 0.0, 0.0, 0.0, 0.0, 1.0, 0.6429, 0.7143, 0.0, 0.0, 0.0, 0.0, 0.0, 0.8, 0.875, 0.7143, 0.1667, 0.0, 0.0, 0.1111, 0.0, 1.0, 0.8571, 0.6667, 0.0, 0.0, 0.0, 0.0, 0.1111, 1.0, 0.8889, 0.0, 0.0, 0.0, 0.0, 0.0, 0.1667, 0.8571]"
20,48,broadcast,0.02,0.02,0.02,0.0,4,True,40,0,280,1680,0,"[0.0, 0.0165, 0.0195, 0.02, 0.02, 0.02, 0.02, 0.02, 0.02, 0.02, 0.02, 0.02, 0.02, 0.02, 0.02, 0.02, 0.02, 0.02, 0.02, 0.02, 0.02, 0.02, 0.02, 0.02, 0.02, 0.02, 0.02, 0.02, 0.02, 0.02, 0.02, 0.02, 0.02, 0.02, 0.02, 0.02, 0.02, 0.02, 0.02, 0.02, 0.02, 0.02, 0.02, 0.02, 0.02, 0.02, 0.02, 0.02, 0.02, 0.02, 0.02, 0.02, 0.02, 0.02, 0.02, 0.02, 0.02, 0.02, 0.02, 0.02, 0.02, 0.02, 0.02, 0.02, 0.02, 0.02, 0.02, 0.02, 0.02, 0.02, 0.02, 0.02, 0.02, 0.02, 0.02, 0.02, 0.02, 0.02, 0.02, 0.02, 0.02, 0.02, 0.02, 0.02, 0.02, 0.02, 0.02, 0.02, 0.02, 0.02, 0.02, 0.02, 0.02, 0.02, 0.02, 0.02, 0.02, 0.02, 0.02, 0.02, 0.02]","{""0"": 0.0203, ""1"": 0.0321, ""2"": 0.0042, ""3"": 0.024, ""4"": 0.0153, ""5"": 0.016, ""6"": 0.0203, ""7"": 0.0272}","[0.0, 0.0, 0.1111, 0.0, 0.0, 0.0, 0.0, 0.1667, 0.2, 0.0, 0.1111, 0.0, 0.0, 0.0, 0.0833, 0.0, 0.0, 0.0, 0.0, 0.0, 0.1111, 0.0, 0.0, 0.0, 0.0, 0.0, 0.0, 0.0, 0.0, 0.0, 0.0, 0.1667, 0.0769, 0.0, 0.0, 0.0, 0.0, 0.0, 0.0, 0.0, 0.0, 0.0, 0.1429, 0.0, 0.0, 0.0, 0.0, 0.0, 0.0, 0.0, 0.2857, 0.0, 0.0, 0.0, 0.1111, 0.0, 0.0, 0.0, 0.0, 0.0, 0.0, 0.0, 0.0, 0.1429, 0.0, 0.0, 0.0, 0.0, 0.125, 0.0, 0.0, 0.0, 0.0, 0.0, 0.0, 0.0, 0.0, 0.0, 0.0, 0.0, 0.0, 0.0, 0.0, 0.0, 0.0, 0.0, 0.0, 0.0, 0.0, 0.0, 0.0, 0.0, 0.0, 0.0, 0.0, 0.1667, 0.0, 0.0, 0.0, 0.0, 0.0, 0.0, 0.0, 0.0, 0.0, 0.0, 0.0, 0.1, 0.1429, 0.0, 0.0, 0.0, 0.125, 0.0, 0.0, 0.0, 0.0, 0.0769, 0.0, 0.0, 0.0, 0.0, 0.1667, 0.0, 0.0, 0.0, 0.0, 0.0, 0.0, 0.0, 0.0833, 0.0, 0.0, 0.0, 0.0, 0.0, 0.0, 0.0, 0.0, 0.0, 0.0, 0.0, 0.0, 0.0, 0.0909, 0.0, 0.0, 0.0, 0.0, 0.3333, 0.0, 0.0, 0.0, 0.0, 0.0, 0.0, 0.1429, 0.125, 0.0, 0.0, 0.0, 0.0, 0.0, 0.0, 0.0909, 0.0, 0.0, 0.0, 0.0, 0.0, 0.0, 0.0, 0.0, 0.0, 0.0, 0.1, 0.0, 0.1429, 0.0, 0.0, 0.0, 0.0, 0.0, 0.0, 0.0, 0.1429, 0.0, 0.0, 0.0, 0.0, 0.0, 0.0, 0.0, 0.2222, 0.0909, 0.0, 0.1667, 0.0, 0.0, 0.0, 0.0, 0.0, 0.0, 0.0, 0.0, 0.0, 0.0, 0.0, 0.0, 0.0, 0.0, 0.0, 0.0, 0.0, 0.0, 0.0, 0.1429, 0.0, 0.0, 0.0, 0.0, 0.0, 0.0, 0.0, 0.0, 0.0, 0.0, 0.0, 0.0, 0.0, 0.1667, 0.0, 0.0, 0.0, 0.0, 0.0, 0.0, 0.0, 0.1429, 0.0, 0.2, 0.0, 0.0, 0.0, 0.0, 0.0, 0.0, 0.0, 0.2, 0.1429]"
20,49,broadcast,0.024,0.024,0.024,0.0,4,True,48,0,298,1654,0,"[0.0, 0.02, 0.0225, 0.024, 0.024, 0.024, 0.024, 0.024, 0.024, 0.024, 0.024, 0.024, 0.024, 0.024, 0.024, 0.024, 0.024, 0.024, 0.024, 0.024, 0.024, 0.024, 0.024, 0.024, 0.024, 0.024, 0.024, 0.024, 0.024, 0.024, 0.024, 0.024, 0.024, 0.024, 0.024, 0.024, 0.024, 0.024, 0.024, 0.024, 0.024, 0.024, 0.024, 0.024, 0.024, 0.024, 0.024, 0.024, 0.024, 0.024, 0.024, 0.024, 0.024, 0.024, 0.024, 0.024, 0.024, 0.024, 0.024, 0.024, 0.024, 0.024, 0.024, 0.024, 0.024, 0.024, 0.024, 0.024, 0.024, 0.024, 0.024, 0.024, 0.024, 0.024, 0.024, 0.024, 0.024, 0.024, 0.024, 0.024, 0.024, 0.024, 0.024, 0.024, 0.024, 0.024, 0.024, 0.024, 0.024, 0.024, 0.024, 0.024, 0.024, 0.024, 0.024, 0.024, 0.024, 0.024, 0.024, 0.024, 0.024]","{""0"": 0.0245, ""1"": 0.0385, ""2"": 0.0433, ""3"": 0.0043, ""4"": 0.0243, ""5"": 0.0234, ""6"": 0.0193, ""7"": 0.0121}","[0.0, 0.0, 0.0, 0.0, 0.0, 0.0, 0.0, 0.0, 0.0, 0.0, 0.1429, 0.0, 0.0, 0.0, 0.0, 0.0, 0.0, 0.0, 0.0, 0.0, 0.0, 0.0, 0.0, 0.0, 0.0, 0.0, 0.0, 0.125, 0.0, 0.0, 0.0, 0.125, 0.0, 0.0, 0.1429, 0.0, 0.0, 0.0, 0.0, 0.0, 0.0, 0.0, 0.0, 0.0, 0.0, 0.2, 0.0, 0.0, 0.0, 0.0, 0.0, 0.1429, 0.0, 0.0769, 0.0, 0.0, 0.125, 0.0, 0.2, 0.0, 0.0, 0.0, 0.0, 0.0, 0.0, 0.0, 0.0, 0.0, 0.0, 0.0, 0.0, 0.0, 0.1, 0.0, 0.0, 0.0, 0.0, 0.0, 0.0, 0.0, 0.0, 0.0, 0.0, 0.0, 0.0, 0.0, 0.0, 0.0, 0.0, 0.0, 0.0, 0.0, 0.0, 0.0, 0.0, 0.0, 0.0, 0.0, 0.0, 0.1667, 0.0, 0.0, 0.0, 0.0, 0.0, 0.1111, 0.0, 0.0, 0.0, 0.1667, 0.0, 0.0769, 0.0, 0.0, 0.0, 0.0, 0.0, 0.0, 0.0, 0.0, 0.0, 0.0, 0.0, 0.0, 0.0, 0.0, 0.1667, 0.0, 0.0, 0.0, 0.0, 0.0, 0.0, 0.0, 0.0, 0.125, 0.0, 0.0, 0.0, 0.0, 0.0, 0.0, 0.2, 0.0, 0.0, 0.0, 0.0, 0.0, 0.0, 0.0, 0.2, 0.0, 0.0, 0.0, 0.0, 0.2857, 0.0, 0.0, 0.0, 0.0, 0.0, 0.1429, 0.0, 0.1, 0.0, 0.25, 0.1667, 0.0, 0.0, 0.2727, 0.0, 0.0, 0.0, 0.0, 0.0, 0.0, 0.0, 0.0, 0.0, 0.0, 0.0, 0.1111, 0.0, 0.0, 0.0, 0.0, 0.0, 0.0, 0.0, 0.0, 0.0, 0.0, 0.1, 0.0, 0.0909, 0.125, 0.0, 0.0, 0.0, 0.0, 0.0, 0.0, 0.3333, 0.0, 0.0, 0.0, 0.0, 0.125, 0.0, 0.0, 0.0909, 0.0, 0.0, 0.0, 0.0, 0.0, 0.0, 0.0, 0.0, 0.0, 0.0909, 0.0, 0.1667, 0.1429, 0.0, 0.0, 0.1, 0.0, 0.0, 0.0, 0.0, 0.0, 0.0, 0.2, 0.0, 0.5714, 0.0, 0.0, 0.0, 0.0, 0.0, 0.0, 0.0, 0.0, 0.0, 0.0, 0.0, 0.0, 0.0, 0.0]"
