seeding.strategy,agents.visibility,rep,strategy,final_rate,peak_rate,plateau,relapse,steps_to_fixed_point,converged,n_adopted,n_not_able,n_not_willing,n_not_ready,n_relapsed,curve,dept_rates,team_rates
cluster,0.4,0,cluster,0.0805,0.0805,0.0805,0.0,4,True,161,0,273,1566,0,"[0.05, 0.0705, 0.078, 0.0805, 0.0805, 0.0805, 0.0805, 0.0805, 0.0805, 0.0805, 0.0805, 0.0805, 0.0805, 0.0805, 0.0805, 0.0805, 0.0805, 0.0805, 0.0805, 0.0805, 0.0805, 0.0805, 0.0805, 0.0805, 0.0805, 0.0805, 0.0805, 0.0805, 0.0805, 0.0805, 0.0805, 0.0805, 0.0805, 0.0805, 0.0805, 0.0805, 0.0805, 0.0805, 0.0805, 0.0805, 0.0805, 0.0805, 0.0805, 0.0805, 0.0805, 0.0805, 0.0805, 0.0805, 0.0805, 0.0805, 0.0805, 0.0805, 0.0805, 0.0805, 0.0805, 0.0805, 0.0805, 0.0805, 0.0805, 0.0805, 0.0805, 0.0805, 0.0805, 0.0805, 0.0805, 0.0805, 0.0805, 0.0805, 0.0805, 0.0805, 0.0805, 0.0805, 0.0805, 0.0805, 0.0805, 0.0805, 0.0805, 0.0805, 0.0805, 0.0805, 0.0805, 0.0805, 0.0805, 0.0805, 0.0805, 0.0805, 0.0805, 0.0805, 0.0805, 0.0805, 0.0805, 0.0805, 0.0805, 0.0805, 0.0805, 0.0805, 0.0805, 0.0805, 0.0805, 0.0805, 0.0805]","{""0"": 0.0564, ""1"": 0.1406, ""2"": 0.1423, ""3"": 0.0502, ""4"": 0.1429, ""5"": 0.0847, ""6"": 0.0, ""7"": 0.0243}","[0.0, 0.0, 0.1, 0.0, 0.0, 0.1, 0.0, 0.0, 0.0, 0.0, 0.0, 0.0, 0.0, 0.3, 0.0, 0.0, 0.0, 0.0, 0.0, 0.0, 0.0, 0.0, 0.0, 0.0, 0.0, 0.0, 0.0, 0.0, 0.5714, 0.0, 0.0, 0.0, 0.0, 0.0, 0.0, 0.0, 1.0, 0.0, 0.0, 0.0, 0.0, 0.0, 0.0, 0.0, 0.3333, 0.0, 0.0, 0.0, 0.0, 0.0, 0.0, 0.0, 0.1667, 0.0, 0.0, 0.0, 0.0, 0.0, 0.1429, 0.0, 0.0, 0.0, 0.0, 0.0, 0.0, 0.0, 0.1667, 0.0, 0.0, 0.0, 0.1667, 0.0, 0.0, 0.0, 1.0, 0.0, 0.0, 0.0, 1.0, 0.0, 0.0, 0.0, 0.0, 0.0, 0.0, 0.0, 0.2, 0.0, 0.0, 0.0, 0.0, 0.125, 0.0, 0.0, 0.0, 0.0, 0.0, 0.0, 0.0, 1.0, 0.0, 0.0, 0.0, 0.0, 0.0, 0.0, 0.0, 0.5556, 0.0, 0.0, 0.0, 0.0, 0.0, 0.0, 1.0, 0.0, 0.0, 0.0, 0.0, 0.0, 0.0, 0.0, 0.4, 0.75, 0.0, 0.0, 0.0, 0.0, 0.0, 0.0, 0.0, 1.0, 0.0, 0.0, 0.0, 0.0, 0.0, 0.0, 0.1429, 0.6667, 0.0, 0.0, 0.0833, 0.0, 0.0, 0.0, 0.0, 0.0, 0.0, 0.0, 0.0, 0.0, 0.0, 0.0, 0.0, 0.0, 0.0, 0.0, 0.0, 0.0, 0.0, 0.0, 0.0, 0.0, 0.0, 0.0, 0.0, 0.0, 0.0, 0.0, 0.0, 0.0, 0.0, 0.0, 0.0, 0.0, 0.0, 0.5, 0.0, 0.0, 0.0, 0.0, 0.0, 0.0, 0.0, 1.0, 0.0, 0.0, 0.0, 0.0, 0.0, 0.0, 0.0, 0.1111, 1.0, 0.0, 0.0, 0.0, 0.0, 0.0, 0.0, 0.0, 0.5, 0.0, 0.0, 0.0, 0.0, 0.0, 0.0, 0.0, 0.1429, 0.0, 0.0, 0.0, 0.0, 0.0, 0.0, 0.0, 0.0, 0.0, 0.0, 1.0, 0.0, 0.0, 0.0, 0.0, 0.0, 0.0, 0.0, 0.875, 0.0, 0.0, 1.0, 0.0, 0.0, 0.0, 0.0, 1.0, 1.0, 0.0, 0.0, 0.0, 0.0, 0.0, 0.0, 0.6, 0.8, 0.0, 0.0, 0.0]"
cluster,0.4,1,cluster,0.093,0.093,0.093,0.0,7,True,186,0,277,1537,0,"[0.05, 0.071, 0.0835, 0.0885, 0.0915, 0.0925, 0.093, 0.093, 0.093, 0.093, 0.093, 0.093, 0.093, 0.093, 0.093, 0.093, 0.093, 0.093, 0.093, 0.093, 0.093, 0.093, 0.093, 0.093, 0.093, 0.093, 0.093, 0.093, 0.093, 0.093, 0.093, 0.093, 0.093, 0.093, 0.093, 0.093, 0.093, 0.093, 0.093, 0.093, 0.093, 0.093, 0.093, 0.093, 0.093, 0.093, 0.093, 0.093, 0.093, 0.093, 0.093, 0.093, 0.093, 0.093, 0.093, 0.093, 0.093, 0.093, 0.093, 0.093, 0.093, 0.093, 0.093, 0.093, 0.093, 0.093, 0.093, 0.093, 0.093, 0.093, 0.093, 0.093, 0.093, 0.093, 0.093, 0.093, 0.093, 0.093, 0.093, 0.093, 0.093, 0.093, 0.093, 0.093, 0.093, 0.093, 0.093, 0.093, 0.093, 0.093, 0.093, 0.093, 0.093, 0.093, 0.093, 0.093, 0.093, 0.093, 0.093, 0.093, 0.093]","{""0"": 0.05, ""1"": 0.1134, ""2"": 0.129, ""3"": 0.0077, ""4"": 0.2924, ""5"": 0.0818, ""6"": 0.0862, ""7"": 0.0}","[0.0, 0.75, 0.0, 1.0, 0.0, 0.375, 1.0, 0.0, 0.0, 0.1429, 0.0, 1.0, 0.0, 0.0, 0.1111, 0.0, 0.0, 0.0, 0.0, 0.1667, 0.0, 0.0, 0.0, 0.0, 0.0, 0.0, 0.0, 0.0, 0.0, 0.0, 0.0, 0.0, 0.0, 0.0, 0.0, 0.0, 0.0, 0.0, 0.0, 0.0, 0.0, 0.0, 0.2857, 0.0, 0.0, 0.0, 0.2, 0.0, 0.0, 0.0, 1.0, 0.0, 0.0, 0.0, 0.0, 0.0, 0.0, 0.0, 1.0, 0.0, 0.0, 0.0, 0.8, 0.0, 0.0, 0.0, 0.1111, 0.0769, 0.0, 0.0, 0.1429, 0.0, 0.0, 0.0, 0.0, 0.0, 0.0, 0.0, 0.0, 0.0, 0.0, 0.0, 0.0, 0.0, 0.0, 0.0, 0.0833, 0.0, 0.0, 0.0, 0.0, 0.0, 0.0, 0.0, 0.0, 0.0, 0.0, 0.0, 0.1111, 0.0, 0.0, 0.0, 0.0, 0.0, 0.0, 0.0, 0.0, 0.0, 0.0, 0.0, 0.0, 0.0, 0.0, 0.0, 0.125, 0.8571, 0.0, 0.2, 0.0, 0.0, 0.0, 0.0, 0.0, 1.0, 0.0, 1.0, 0.0, 0.0, 0.0, 0.0, 0.0, 0.3333, 0.0, 0.8333, 0.0, 0.8333, 0.0, 0.0, 0.0, 0.0, 0.0, 0.0, 0.0, 1.0, 0.0, 0.0, 0.1111, 0.0, 0.0, 0.0, 0.0, 0.4444, 0.0, 0.0, 1.0, 0.0, 0.0, 0.1111, 0.0, 0.0, 0.0, 0.0, 0.25, 0.0, 0.0, 1.0, 0.0, 0.0, 0.0, 0.0, 0.0, 0.0, 0.0, 1.0, 0.0, 0.0, 0.0, 0.0, 0.0, 0.0, 0.1667, 0.7143, 0.1818, 0.0, 0.0, 0.0, 0.0, 0.0, 0.0, 1.0, 0.0, 0.0, 0.0, 0.1429, 0.0, 0.0, 0.0, 0.1429, 0.0, 0.0, 0.0, 0.0, 0.0, 0.0, 0.0, 0.0, 0.0, 0.0, 0.0, 0.0, 0.0, 0.0, 0.0, 0.1429, 0.0, 0.0, 0.0, 0.0, 0.0, 0.0, 0.0, 1.0, 0.0, 0.0, 0.0, 0.0, 0.0, 0.0, 0.0, 0.2, 0.0, 0.0, 0.0, 0.0, 0.0, 0.0, 0.0, 0.5714, 0.0, 0.0, 0.0, 0.0, 0.0, 0.1111, 0.0, 1.0, 0.0, 0.0, 0.0, 1.0]"
cluster,0.4,2,cluster,0.0905,0.0905,0.0905,0.0,9,True,181,0,297,1522,0,"[0.05, 0.0715, 0.0805, 0.0855, 0.0885, 0.089, 0.0895, 0.09, 0.0905, 0.0905, 0.0905, 0.0905, 0.0905, 0.0905, 0.0905, 0.0905, 0.0905, 0.0905, 0.0905, 0.0905, 0.0905, 0.0905, 0.0905, 0.0905, 0.0905, 0.0905, 0.0905, 0.0905, 0.0905, 0.0905, 0.0905, 0.0905, 0.0905, 0.0905, 0.0905, 0.0905, 0.0905, 0.0905, 0.0905, 0.0905, 0.0905, 0.0905, 0.0905, 0.0905, 0.0905, 0.0905, 0.0905, 0.0905, 0.0905, 0.0905, 0.0905, 0.0905, 0.0905, 0.0905, 0.0905, 0.0905, 0.0905, 0.0905, 0.0905, 0.0905, 0.0905, 0.0905, 0.0905, 0.0905, 0.0905, 0.0905, 0.0905, 0.0905, 0.0905, 0.0905, 0.0905, 0.0905, 0.0905, 0.0905, 0.0905, 0.0905, 0.0905, 0.0905, 0.0905, 0.0905, 0.0905, 0.0905, 0.0905, 0.0905, 0.0905, 0.0905, 0.0905, 0.0905, 0.0905, 0.0905, 0.0905, 0.0905, 0.0905, 0.0905, 0.0905, 0.0905, 0.0905, 0.0905, 0.0905, 0.0905, 0.0905]","{""0"": 0.0608, ""1"": 0.0, ""2"": 0.0576, ""3"": 0.0549, ""4"": 0.0319, ""5"": 0.1837, ""6"": 0.1519, ""7"": 0.1959}","[0.0, 0.0, 0.0, 0.0, 0.0, 0.0, 0.0, 0.0, 0.0, 0.0, 0.0, 0.0, 0.0, 0.0, 0.0, 0.0, 0.0, 0.0, 0.0, 0.0, 0.0, 0.7778, 0.25, 0.0, 0.0, 0.0, 0.0, 0.0, 0.0, 0.2, 1.0, 0.0, 0.0, 0.0, 0.0, 0.0, 0.0, 0.0, 0.125, 0.0, 0.1667, 0.0, 0.0, 0.0, 0.0, 0.0, 0.0, 0.0, 0.0, 0.0, 0.0, 0.0, 0.0, 0.0, 0.625, 0.0, 0.0, 0.0, 0.0, 0.0, 0.0, 0.0, 1.0, 1.0, 0.1429, 0.0, 0.0, 0.0, 0.0, 0.0, 0.2, 1.0, 1.0, 0.0, 0.0, 0.0, 0.0, 0.0, 0.0, 0.75, 0.6, 0.0, 0.0, 0.2, 0.0, 0.0, 0.0, 0.0, 0.0, 0.0, 0.0, 0.0, 0.0, 0.0, 0.0, 1.0, 0.6, 0.0, 0.0, 0.1667, 0.0, 0.0, 0.0, 0.25, 1.0, 0.0, 0.0, 0.8, 0.0, 0.0, 0.1111, 0.0, 0.2727, 0.0, 0.0, 1.0, 0.0, 0.0, 1.0, 0.0, 0.0, 0.0, 0.0, 0.1667, 1.0, 0.0, 0.6667, 0.0, 0.0, 0.0, 0.0, 0.0, 0.8, 0.0, 0.0, 0.0, 0.0, 0.0, 0.0, 0.0, 0.2857, 0.0, 0.0, 0.0, 0.0, 0.5714, 0.0, 0.0, 0.0, 0.0, 0.0, 0.0, 0.0, 1.0, 0.0, 0.0, 0.0, 0.0, 0.0, 0.0, 0.0, 0.1667, 0.0, 0.0, 0.0, 0.0, 0.0, 0.2, 0.0, 0.0, 0.0, 0.0, 0.0, 0.0, 0.0, 1.0, 0.0, 0.0, 0.0, 0.0, 0.0, 0.0, 0.0, 0.0, 0.0, 0.0, 0.0, 0.0, 0.0, 0.0, 0.0, 0.1429, 1.0, 0.0, 0.0, 0.0, 0.0, 0.0, 0.0, 0.0, 1.0, 0.0, 0.0, 0.0, 0.0, 0.0, 0.0, 0.0, 0.8333, 0.0, 0.0, 0.0, 0.0, 0.0, 0.0, 0.0, 1.0, 0.0, 0.0, 0.0, 0.0, 0.0, 0.1111, 0.0, 0.0, 0.0, 0.0, 0.0, 0.0, 0.0, 0.0, 0.0, 0.0, 0.0, 0.0, 0.1667, 0.0, 0.0, 0.0, 0.0, 0.0, 0.0, 0.0, 0.0, 0.0, 0.0, 0.0, 0.0, 0.0, 0.0]"
cluster,0.4,3,cluster,0.0905,0.0905,0.0905,0.0,5,True,181,0,282,1537,0,"[0.05, 0.0735, 0.0845, 0.0895, 0.0905, 0.0905, 0.0905, 0.0905, 0.0905, 0.0905, 0.0905, 0.0905, 0.0905, 0.0905, 0.0905, 0.0905, 0.0905, 0.0905, 0.0905, 0.0905, 0.0905, 0.0905, 0.0905, 0.0905, 0.0905, 0.0905, 0.0905, 0.0905, 0.0905, 0.0905, 0.0905, 0.0905, 0.0905, 0.0905, 0.0905, 0.0905, 0.0905, 0.0905, 0.0905, 0.0905, 0.0905, 0.0905, 0.0905, 0.0905, 0.0905, 0.0905, 0.0905, 0.0905, 0.0905, 0.0905, 0.0905, 0.0905, 0.0905, 0.0905, 0.0905, 0.0905, 0.0905, 0.0905, 0.0905, 0.0905, 0.0905, 0.0905, 0.0905, 0.0905, 0.0905, 0.0905, 0.0905, 0.0905, 0.0905, 0.0905, 0.0905, 0.0905, 0.0905, 0.0905, 0.0905, 0.0905, 0.0905, 0.0905, 0.0905, 0.0905, 0.0905, 0.0905, 0.0905, 0.0905, 0.0905, 0.0905, 0.0905, 0.0905, 0.0905, 0.0905, 0.0905, 0.0905, 0.0905, 0.0905, 0.0905, 0.0905, 0.0905, 0.0905, 0.0905, 0.0905, 0.0905]","{""0"": 0.125, ""1"": 0.0717, ""2"": 0.0984, ""3"": 0.144, ""4"": 0.1087, ""5"": 0.0222, ""6"": 0.0397, ""7"": 0.1169}","[0.0, 0.0, 0.0909, 1.0, 0.1429, 0.0, 0.125, 0.0, 0.0, 0.0, 0.0, 0.0, 0.1111, 0.0, 0.0, 0.0, 0.0, 0.0, 0.0, 0.0, 0.0, 0.0, 0.0, 0.0, 0.0, 0.0, 0.0, 0.0, 0.0, 0.0, 0.125, 0.0, 0.0, 0.0, 0.0, 0.0769, 0.0, 0.0, 0.0, 0.0, 0.0, 0.0, 0.0, 0.0, 0.0, 0.1111, 0.0, 0.0, 0.0, 0.0, 0.0, 0.0, 0.0, 0.2, 0.0, 0.0, 0.0, 0.0, 0.0, 0.0, 0.0, 1.0, 0.0, 0.0, 0.0, 0.5, 0.0, 0.0, 0.0, 1.0, 0.0, 0.0, 0.0, 1.0, 0.0, 0.375, 0.0, 0.3333, 0.0, 0.25, 0.0, 0.9231, 0.0, 0.0, 0.0, 0.1429, 0.2, 1.0, 0.0, 0.0, 0.0, 0.0, 0.0, 0.0, 0.0, 0.0, 0.0, 0.125, 0.0, 0.0, 0.0, 1.0, 0.125, 0.0, 0.0, 0.1111, 0.0, 0.0, 0.0, 0.1429, 0.0, 0.0, 0.0, 0.0, 0.0, 0.0, 1.0, 0.0, 0.0, 0.0, 0.0, 0.0, 0.0, 0.25, 0.6, 0.0, 0.0, 0.0, 0.6923, 0.0, 0.0, 0.0, 1.0, 0.0, 0.0, 0.0, 1.0, 0.0, 0.0, 0.0, 0.0, 0.0, 0.0, 0.0, 1.0, 0.0, 0.2857, 0.0, 0.0, 0.0, 0.0, 0.0, 0.5, 0.0, 0.0, 0.0, 0.0, 0.0, 0.0, 0.0, 0.0, 0.0, 0.0, 0.0, 0.0, 0.0, 0.0, 0.0, 0.0, 0.0, 0.0, 0.0, 0.0, 0.0, 0.0, 0.0, 0.0, 0.0, 0.0, 0.0, 0.0, 0.0, 0.0, 0.0, 0.0, 0.0, 0.0, 0.0, 0.0, 0.0, 0.0, 0.0, 0.0, 0.0, 0.4, 0.2857, 0.0, 0.0, 0.0, 0.0, 0.0, 0.0, 1.0, 1.0, 0.0, 0.0, 0.0, 0.0, 0.0, 0.0, 0.7143, 0.3333, 0.0, 0.0, 0.0, 0.0, 0.0, 0.0, 0.0, 0.0, 0.0, 0.0, 0.0, 0.0, 0.0, 0.0, 0.0, 0.0, 0.0, 0.0, 0.0, 0.0, 0.0, 0.0, 0.0, 0.0, 0.8333, 0.0, 0.0, 0.0, 0.0, 0.0, 0.0, 0.0, 1.0, 0.0, 0.1111, 0.0, 0.0, 0.0]"
cluster,0.4,4,cluster,0.0905,0.0905,0.0905,0.0,5,True,181,0,283,1536,0,"[0.05, 0.069, 0.083, 0.0895, 0.0905, 0.0905, 0.0905, 0.0905, 0.0905, 0.0905, 0.0905, 0.0905, 0.0905, 0.0905, 0.0905, 0.0905, 0.0905, 0.0905, 0.0905, 0.0905, 0.0905, 0.0905, 0.0905, 0.0905, 0.0905, 0.0905, 0.0905, 0.0905, 0.0905, 0.0905, 0.0905, 0.0905, 0.0905, 0.0905, 0.0905, 0.0905, 0.0905, 0.0905, 0.0905, 0.0905, 0.0905, 0.0905, 0.0905, 0.0905, 0.0905, 0.0905, 0.0905, 0.0905, 0.0905, 0.0905, 0.0905, 0.0905, 0.0905, 0.0905, 0.0905, 0.0905, 0.0905, 0.0905, 0.0905, 0.0905, 0.0905, 0.0905, 0.0905, 0.0905, 0.0905, 0.0905, 0.0905, 0.0905, 0.0905, 0.0905, 0.0905, 0.0905, 0.0905, 0.0905, 0.0905, 0.0905, 0.0905, 0.0905, 0.0905, 0.0905, 0.0905, 0.0905, 0.0905, 0.0905, 0.0905, 0.0905, 0.0905, 0.0905, 0.0905, 0.0905, 0.0905, 0.0905, 0.0905, 0.0905, 0.0905, 0.0905, 0.0905, 0.0905, 0.0905, 0.0905, 0.0905]","{""0"": 0.0606, ""1"": 0.1255, ""2"": 0.0736, ""3"": 0.0, ""4"": 0.0827, ""5"": 0.1331, ""6"": 0.0402, ""7"": 0.214}","[0.0, 0.0, 0.0, 0.0, 0.0, 0.0, 0.0, 0.0, 0.0, 0.1667, 0.0, 0.0, 0.0, 0.1429, 0.0, 0.0, 0.0, 0.0, 0.0, 0.0, 0.0, 0.0909, 0.0, 0.0, 0.3333, 0.3333, 0.0, 0.0, 0.0, 0.3, 0.0, 0.0, 1.0, 1.0, 0.0, 0.0, 0.0, 1.0, 0.0, 0.0, 1.0, 0.1818, 0.0, 0.0, 0.0, 0.8333, 0.0, 0.0, 0.0, 0.1667, 0.1429, 0.0, 0.0, 0.0, 0.0, 0.0, 0.5, 0.0, 1.0, 0.0, 0.0, 0.0, 0.0, 0.0, 1.0, 0.0, 0.3333, 0.0, 0.0, 0.0, 0.0, 0.0, 0.1111, 0.0, 0.125, 0.0, 0.0, 0.0, 0.0, 0.0, 0.0, 0.0, 0.0, 0.0, 0.0, 0.0, 0.0, 0.0, 0.0, 0.0, 0.0, 0.1, 0.0, 0.0, 0.0, 0.0, 0.0, 0.0, 0.0, 0.0, 0.0, 0.0, 0.0, 0.0, 0.0, 0.0, 0.0, 0.0, 0.0, 0.0, 0.6, 0.0, 0.0, 0.0, 0.0, 0.1111, 0.0, 0.0, 1.0, 0.0, 0.0, 0.0, 0.0, 0.8333, 0.0, 0.0, 0.6667, 0.0, 0.0, 0.0, 0.0, 1.0, 0.0, 0.0, 0.0, 0.0, 0.0, 0.0, 0.0, 0.1538, 0.0, 0.0, 0.0, 0.0, 0.0, 0.0, 0.0, 0.0, 0.0, 0.1429, 0.0, 0.0, 0.1429, 0.0, 0.0, 0.0, 0.0, 0.0, 0.0, 0.0, 0.2, 0.0, 0.0, 0.0, 0.0, 0.0, 0.1429, 0.7692, 1.0, 0.0, 0.0, 0.0, 0.0, 0.0, 1.0, 0.0, 0.4, 0.0, 0.0, 0.0, 0.0, 0.0833, 0.3333, 0.0, 0.0, 0.0, 0.0, 0.0, 0.0, 0.0769, 0.0, 0.0, 0.0, 0.0, 0.0, 0.0, 0.0, 0.0, 0.0, 0.0, 0.0, 0.0, 0.0, 0.0, 0.0, 0.0, 0.0, 0.0, 0.0, 0.0, 0.6667, 0.0, 0.0, 0.1, 0.1667, 0.0, 0.1667, 0.0, 1.0, 0.0, 0.0, 0.0, 1.0, 0.0, 0.0, 0.0, 0.1667, 0.0, 0.0, 0.0, 0.0, 0.0, 0.0, 0.0, 0.0, 0.0, 0.0, 0.0, 0.0, 0.0, 0.0, 0.0, 0.0, 0.4, 0.0, 0.0, 0.0, 0.0, 0.0, 0.0]"
cluster,0.4,5,cluster,0.0815,0.0815,0.0815,0.0,8,True,163,0,267,1570,0,"[0.05, 0.068, 0.075, 0.078, 0.0795, 0.08, 0.0805, 0.0815, 0.0815, 0.0815, 0.0815, 0.0815, 0.0815, 0.0815, 0.0815, 0.0815, 0.0815, 0.0815, 0.0815, 0.0815, 0.0815, 0.0815, 0.0815, 0.0815, 0.0815, 0.0815, 0.0815, 0.0815, 0.0815, 0.0815, 0.0815, 0.0815, 0.0815, 0.0815, 0.0815, 0.0815, 0.0815, 0.0815, 0.0815, 0.0815, 0.0815, 0.0815, 0.0815, 0.0815, 0.0815, 0.0815, 0.0815, 0.0815, 0.0815, 0.0815, 0.0815, 0.0815, 0.0815, 0.0815, 0.0815, 0.0815, 0.0815, 0.0815, 0.0815, 0.0815, 0.0815, 0.0815, 0.0815, 0.0815, 0.0815, 0.0815, 0.0815, 0.0815, 0.0815, 0.0815, 0.0815, 0.0815, 0.0815, 0.0815, 0.0815, 0.0815, 0.0815, 0.0815, 0.0815, 0.0815, 0.0815, 0.0815, 0.0815, 0.0815, 0.0815, 0.0815, 0.0815, 0.0815, 0.0815, 0.0815, 0.0815, 0.0815, 0.0815, 0.0815, 0.0815, 0.0815, 0.0815, 0.0815, 0.0815, 0.0815, 0.0815]","{""0"": 0.0, ""1"": 0.0302, ""2"": 0.1049, ""3"": 0.2176, ""4"": 0.2731, ""5"": 0.0042, ""6"": 0.0, ""7"": 0.0273}","[0.0, 0.0, 0.0, 0.0, 0.375, 0.0, 0.0, 0.0, 0.0, 0.0, 0.0, 0.0, 0.0, 0.0, 0.0, 0.0, 0.0, 0.0, 0.0, 0.0, 0.0, 0.0, 0.0, 0.0, 0.0, 0.0, 0.0, 0.0, 0.0, 0.875, 0.0, 0.0, 0.0, 0.0, 0.0, 0.0, 0.0909, 1.0, 0.0, 0.0, 0.0, 0.0, 0.0, 0.0, 0.0, 0.0, 0.0, 0.0, 0.0, 0.0, 0.1429, 0.1111, 0.0, 0.0, 0.0, 0.0, 0.0, 0.0, 1.0, 0.2222, 0.0, 0.0, 0.0, 0.0, 0.0, 0.0, 0.0, 1.0, 0.0, 0.0, 0.0, 0.0, 0.0, 0.0, 0.0, 0.4444, 0.0, 1.0, 0.0909, 0.0, 0.0, 0.0, 0.0, 0.0, 0.0, 0.5714, 0.0, 0.0, 0.0, 0.0, 0.0, 0.0, 0.0, 0.0, 0.0, 0.0, 0.0, 0.0, 0.0, 0.0, 0.0, 0.0909, 0.0, 0.0, 0.0, 0.0, 0.0, 0.2, 0.0, 0.0, 0.0, 0.0, 0.0, 0.0, 0.0, 0.0, 0.0, 0.0, 0.0, 0.0, 0.0, 0.0, 0.0, 1.0, 0.0, 0.0, 0.0, 0.0, 0.0, 0.0, 0.0, 0.1429, 0.2857, 0.0, 0.0, 0.0, 0.0, 0.0, 0.0, 0.0, 1.0, 0.3, 0.0, 0.0, 0.0, 0.0, 0.0, 0.0, 0.6, 1.0, 0.0, 0.0, 0.0, 0.0, 0.0, 0.0, 1.0, 0.125, 0.0, 0.0, 0.0, 0.0, 0.0, 0.0, 0.1667, 0.0, 0.0, 0.0, 0.0, 0.0, 0.0, 0.0, 0.0, 0.0, 0.0, 0.0, 0.0, 0.0, 0.0, 0.0, 0.0, 0.0, 0.0, 0.0, 0.0, 0.0, 0.0, 0.0, 0.0, 0.0, 0.0, 0.0, 0.0, 0.0, 0.0, 0.0, 0.0, 0.0, 0.0, 0.0, 0.75, 0.0, 0.0, 0.0, 0.0, 0.6667, 0.0, 0.0, 0.125, 0.0, 0.0, 0.0, 0.0, 1.0, 0.0, 0.0, 0.0, 0.0, 0.0, 0.0, 0.0909, 1.0, 0.0, 0.0, 0.0, 0.0, 0.0, 0.0, 1.0, 1.0, 0.0, 0.0, 0.0, 0.0, 0.0, 0.0, 0.5556, 1.0, 0.0, 0.0, 0.0, 0.0, 0.0, 0.0, 1.0, 0.0, 0.0, 0.0, 0.0, 0.0]"
cluster,0.4,6,cluster,0.084,0.084,0.084,0.0,10,True,168,0,280,1552,0,"[0.05, 0.0685, 0.077, 0.08, 0.081, 0.082, 0.0825, 0.083, 0.0835, 0.084, 0.084, 0.084, 0.084, 0.084, 0.084, 0.084, 0.084, 0.084, 0.084, 0.084, 0.084, 0.084, 0.084, 0.084, 0.084, 0.084, 0.084, 0.084, 0.084, 0.084, 0.084, 0.084, 0.084, 0.084, 0.084, 0.084, 0.084, 0.084, 0.084, 0.084, 0.084, 0.084, 0.084, 0.084, 0.084, 0.084, 0.084, 0.084, 0.084, 0.084, 0.084, 0.084, 0.084, 0.084, 0.084, 0.084, 0.084, 0.084, 0.084, 0.084, 0.084, 0.084, 0.084, 0.084, 0.084, 0.084, 0.084, 0.084, 0.084, 0.084, 0.084, 0.084, 0.084, 0.084, 0.084, 0.084, 0.084, 0.084, 0.084, 0.084, 0.084, 0.084, 0.084, 0.084, 0.084, 0.084, 0.084, 0.084, 0.084, 0.084, 0.084, 0.084, 0.084, 0.084, 0.084, 0.084, 0.084, 0.084, 0.084, 0.084, 0.084]","{""0"": 0.0311, ""1"": 0.0038, ""2"": 0.0924, ""3"": 0.0827, ""4"": 0.0281, ""5"": 0.1615, ""6"": 0.0778, ""7"": 0.2136}","[0.0, 0.0, 0.0, 0.0, 0.1, 0.0, 0.0, 0.0, 0.0, 0.0, 0.0, 0.0, 0.125, 0.0, 0.0, 0.0, 0.0, 0.1111, 0.0, 0.0, 0.0, 0.0, 0.0, 0.0, 0.0, 1.0, 0.0, 0.7778, 0.0, 0.0, 0.0, 0.0, 0.0, 0.1111, 0.0, 0.0, 0.0, 0.0, 0.0, 0.0, 0.0, 0.0, 0.0, 0.0, 0.0, 0.0, 0.0, 0.0, 0.0, 0.0, 0.0, 0.0, 1.0, 0.0, 0.0, 0.0, 0.3333, 0.0, 0.0, 0.0, 0.0, 0.0, 0.0, 0.0, 1.0, 0.0, 0.0, 0.0, 0.0, 0.0, 0.0, 0.0, 0.4, 0.0, 0.1, 0.0, 0.0, 0.0, 0.0, 0.0, 0.0, 0.0, 0.0, 0.0, 0.0, 0.0, 0.0, 0.0, 0.0, 0.0, 0.0, 0.0, 0.0, 0.0, 0.0, 0.0, 0.0, 0.0, 0.0, 0.5, 0.0, 0.0, 0.4286, 0.0, 0.1, 0.0, 0.0, 1.0, 0.0, 0.0, 1.0, 0.2, 1.0, 0.0, 0.0, 0.2222, 0.0, 0.0, 0.4, 0.0, 1.0, 0.0, 0.0, 0.0, 0.0, 0.0, 0.0, 0.0, 1.0, 0.0, 0.0, 0.0, 0.0, 0.125, 0.0, 0.0, 0.7143, 0.0, 0.0, 0.0, 0.0, 1.0, 0.0, 0.0, 1.0, 0.0, 0.0, 0.0, 0.1667, 0.0, 0.0, 0.0, 0.5, 0.0, 0.0, 0.0, 0.0, 0.0, 0.1429, 0.0, 0.0, 0.0, 0.0, 0.0, 0.0, 0.0, 1.0, 0.0, 0.0, 0.0, 0.0, 0.0, 0.0, 0.0, 1.0, 0.0, 0.0, 0.0, 0.0, 0.0, 0.0, 0.0, 0.5556, 0.0, 0.0, 0.0, 0.0, 0.0, 0.0, 0.0, 0.1429, 0.0, 0.0, 0.0, 0.0, 0.0, 0.25, 0.0, 0.0, 0.0, 0.0, 0.0, 0.0, 0.0, 0.125, 0.0, 0.0, 0.0, 0.0, 0.0, 0.0, 0.0, 1.0, 0.0, 0.0, 0.0909, 0.0, 0.0, 0.0, 0.1538, 0.0, 0.0, 0.0, 1.0, 0.0, 0.0, 0.0, 0.0, 0.0, 0.0, 1.0, 1.0, 0.0, 0.0, 0.0, 0.0, 0.0, 0.0, 0.4, 0.0, 0.0, 0.0, 0.0, 0.0, 0.0, 0.0, 0.0, 0.0, 0.0, 0.0]"
cluster,0.4,7,cluster,0.079,0.079,0.079,0.0,5,True,158,0,266,1576,0,"[0.05, 0.071, 0.077, 0.0785, 0.079, 0.079, 0.079, 0.079, 0.079, 0.079, 0.079, 0.079, 0.079, 0.079, 0.079, 0.079, 0.079, 0.079, 0.079, 0.079, 0.079, 0.079, 0.079, 0.079, 0.079, 0.079, 0.079, 0.079, 0.079, 0.079, 0.079, 0.079, 0.079, 0.079, 0.079, 0.079, 0.079, 0.079, 0.079, 0.079, 0.079, 0.079, 0.079, 0.079, 0.079, 0.079, 0.079, 0.079, 0.079, 0.079, 0.079, 0.079, 0.079, 0.079, 0.079, 0.079, 0.079, 0.079, 0.079, 0.079, 0.079, 0.079, 0.079, 0.079, 0.079, 0.079, 0.079, 0.079, 0.079, 0.079, 0.079, 0.079, 0.079, 0.079, 0.079, 0.079, 0.079, 0.079, 0.079, 0.079, 0.079, 0.079, 0.079, 0.079, 0.079, 0.079, 0.079, 0.079, 0.079, 0.079, 0.079, 0.079, 0.079, 0.079, 0.079, 0.079, 0.079, 0.079, 0.079, 0.079, 0.079]","{""0"": 0.1294, ""1"": 0.0238, ""2"": 0.0711, ""3"": 0.0833, ""4"": 0.122, ""5"": 0.0806, ""6"": 0.0723, ""7"": 0.0511}","[0.1111, 0.0, 0.0, 0.0, 0.0, 0.0, 0.0, 0.0, 0.0, 0.0, 0.0, 0.0, 1.0, 0.0, 0.0, 0.1111, 0.0, 0.0, 0.0, 1.0, 0.1429, 0.0, 0.0, 1.0, 0.0, 0.0, 0.0, 0.0833, 0.0, 0.0, 0.0, 0.0, 0.0, 0.0, 0.0, 0.0, 0.375, 0.0, 0.0, 0.0, 0.0, 0.0, 0.0, 0.0, 1.0, 0.0, 0.0, 0.0, 0.0, 0.0, 0.0, 0.0, 0.2, 0.0, 0.0, 0.0, 0.0, 0.0, 0.0, 0.0, 0.0, 0.0, 0.0, 0.0, 0.0, 0.0, 0.0, 0.0, 0.1667, 0.3, 0.0, 0.0, 0.0, 0.0, 0.0, 0.0, 0.0, 1.0, 0.0, 0.0, 0.0, 0.0, 0.0, 0.0, 0.0, 0.375, 0.0, 0.0, 0.0, 0.0, 0.0, 0.0, 0.0, 0.1429, 0.0, 0.4286, 0.0, 0.25, 0.0, 0.0, 0.0, 0.0, 0.0, 1.0, 0.0, 1.0, 0.0, 0.0, 0.0, 0.0, 0.0, 0.125, 0.0, 0.75, 0.3333, 0.0, 0.0, 0.0, 0.0, 0.0, 0.0, 0.0, 1.0, 0.0, 0.0, 0.0, 0.0, 0.0, 0.1, 0.0, 0.0, 0.0, 0.0, 0.0, 0.0, 0.0, 1.0, 0.0, 0.0, 0.125, 0.0, 0.0, 0.0, 0.0, 0.2222, 0.0, 0.0, 0.0, 0.0, 0.25, 0.0, 0.0, 0.0, 0.0, 0.0, 0.1667, 0.0, 0.6, 0.0, 0.0, 0.0, 0.0, 0.0, 0.2222, 0.0, 1.0, 0.0, 0.0, 0.0, 0.0, 0.0, 1.0, 0.0, 0.1, 0.0, 0.0, 0.0, 0.0, 0.0, 0.1429, 0.0, 0.0, 0.0, 0.0, 0.0, 0.1667, 0.0, 0.0, 0.0, 0.0, 0.0, 0.0, 0.0, 0.1, 0.0, 0.0, 0.0, 0.0, 0.25, 0.0, 0.0, 1.0, 0.0, 0.0, 0.0, 0.0, 1.0, 0.0, 0.0, 0.5455, 0.0, 0.0, 0.0, 0.0, 0.0, 0.0, 0.0, 0.0, 0.0, 0.0, 0.0, 0.0, 0.0, 0.0, 0.0, 0.0, 0.0, 0.0, 0.0, 0.0, 0.2857, 0.0, 1.0, 0.0, 0.0, 0.0, 0.0, 0.0, 1.0, 0.0, 0.0769, 0.0, 0.0, 0.0, 0.0, 0.0, 0.3, 0.0, 0.0, 0.0]"
cluster,0.4,8,cluster,0.0785,0.0785,0.0785,0.0,5,True,157,0,289,1554,0,"[0.05, 0.0705, 0.076, 0.078, 0.0785, 0.0785, 0.0785, 0.0785, 0.0785, 0.0785, 0.0785, 0.0785, 0.0785, 0.0785, 0.0785, 0.0785, 0.0785, 0.0785, 0.0785, 0.0785, 0.0785, 0.0785, 0.0785, 0.0785, 0.0785, 0.0785, 0.0785, 0.0785, 0.0785, 0.0785, 0.0785, 0.0785, 0.0785, 0.0785, 0.0785, 0.0785, 0.0785, 0.0785, 0.0785, 0.0785, 0.0785, 0.0785, 0.0785, 0.0785, 0.0785, 0.0785, 0.0785, 0.0785, 0.0785, 0.0785, 0.0785, 0.0785, 0.0785, 0.0785, 0.0785, 0.0785, 0.0785, 0.0785, 0.0785, 0.0785, 0.0785, 0.0785, 0.0785, 0.0785, 0.0785, 0.0785, 0.0785, 0.0785, 0.0785, 0.0785, 0.0785, 0.0785, 0.0785, 0.0785, 0.0785, 0.0785, 0.0785, 0.0785, 0.0785, 0.0785, 0.0785, 0.0785, 0.0785, 0.0785, 0.0785, 0.0785, 0.0785, 0.0785, 0.0785, 0.0785, 0.0785, 0.0785, 0.0785, 0.0785, 0.0785, 0.0785, 0.0785, 0.0785, 0.0785, 0.0785, 0.0785]","{""0"": 0.0, ""1"": 0.1475, ""2"": 0.0, ""3"": 0.1367, ""4"": 0.0786, ""5"": 0.0916, ""6"": 0.0813, ""7"": 0.0909}","[0.0, 0.0, 0.0, 0.0, 0.0, 0.1429, 0.0, 0.0, 0.1667, 0.0, 0.0, 0.0, 0.4444, 1.0, 0.0, 0.0, 0.0, 0.0, 0.0, 0.0, 1.0, 0.0, 0.0, 0.0, 0.0, 0.0, 0.0, 0.0, 1.0, 0.0, 0.0, 0.0, 0.0, 0.0, 0.0, 0.0, 0.0, 0.0, 0.0, 0.0, 0.0, 0.0, 0.375, 0.0, 0.0909, 0.0, 0.0, 0.0, 0.0, 0.0, 1.0, 0.0, 0.0, 0.0, 0.0, 0.0, 0.0, 0.0, 0.1111, 0.0, 0.0, 0.0, 0.0, 0.0, 0.0, 0.0, 0.0, 0.0, 0.0, 0.0, 0.0, 0.0, 0.0, 0.0, 0.0, 0.0, 0.0, 0.0, 0.1111, 0.0, 0.0, 0.0, 0.0, 0.0, 0.0, 0.0, 0.0, 1.0, 0.0, 0.0, 0.0, 0.0, 0.0714, 0.0, 0.0, 0.5714, 0.0, 0.0, 0.0, 0.0, 1.0, 0.0, 0.0, 1.0, 0.0, 0.0, 0.0, 0.0, 0.0, 0.0, 0.0, 0.125, 0.0, 0.0, 0.0, 0.0, 0.0, 0.0, 0.5714, 0.0, 0.0, 0.0, 0.0, 0.0, 0.0, 0.3636, 1.0, 0.0, 0.0, 0.0, 0.0, 0.0, 0.0, 1.0, 0.0833, 0.0, 0.0, 0.0, 0.0, 0.0, 0.0, 0.1111, 0.0, 0.0, 0.0, 0.0, 0.0, 0.0, 0.0, 0.0, 0.0, 0.0, 0.0, 0.0, 0.0, 0.0, 0.0, 0.0, 0.0, 0.0, 0.0, 0.0, 0.0, 0.0, 0.0, 0.0, 0.0, 0.0, 0.0909, 0.0, 0.0, 0.0, 0.0, 0.0, 1.0, 0.0, 0.0, 0.0, 0.0, 0.0, 0.0, 0.0, 0.5714, 0.0, 1.0, 0.0, 0.0, 0.0, 0.0, 0.0, 0.0, 0.0, 0.5, 0.0, 0.4, 0.0, 0.0, 0.0, 0.0, 0.0, 0.0, 0.0, 1.0, 0.0, 0.0, 0.0, 0.0, 0.0, 0.5714, 0.0, 0.6667, 0.0, 1.0, 0.0, 0.0, 0.0, 1.0, 0.0, 0.5, 0.0, 0.2857, 0.0, 0.0, 0.0, 0.0, 0.0, 0.0, 0.0, 0.0, 0.0, 0.0, 0.0, 0.0, 0.0, 1.0, 0.0, 0.0, 0.0, 0.0, 0.0, 0.0, 0.0, 0.1111, 0.0, 0.0, 0.0, 0.0, 0.0, 0.0, 0.0]"
cluster,0.4,9,cluster,0.092,0.092,0.092,0.0,6,True,184,0,288,1528,0,"[0.05, 0.0715, 0.083, 0.089, 0.091, 0.092, 0.092, 0.092, 0.092, 0.092, 0.092, 0.092, 0.092, 0.092, 0.092, 0.092, 0.092, 0.092, 0.092, 0.092, 0.092, 0.092, 0.092, 0.092, 0.092, 0.092, 0.092, 0.092, 0.092, 0.092, 0.092, 0.092, 0.092, 0.092, 0.092, 0.092, 0.092, 0.092, 0.092, 0.092, 0.092, 0.092, 0.092, 0.092, 0.092, 0.092, 0.092, 0.092, 0.092, 0.092, 0.092, 0.092, 0.092, 0.092, 0.092, 0.092, 0.092, 0.092, 0.092, 0.092, 0.092, 0.092, 0.092, 0.092, 0.092, 0.092, 0.092, 0.092, 0.092, 0.092, 0.092, 0.092, 0.092, 0.092, 0.092, 0.092, 0.092, 0.092, 0.092, 0.092, 0.092, 0.092, 0.092, 0.092, 0.092, 0.092, 0.092, 0.092, 0.092, 0.092, 0.092, 0.092, 0.092, 0.092, 0.092, 0.092, 0.092, 0.092, 0.092, 0.092, 0.092]","{""0"": 0.0431, ""1"": 0.1058, ""2"": 0.1422, ""3"": 0.0395, ""4"": 0.0667, ""5"": 0.0, ""6"": 0.1779, ""7"": 0.164}","[0.0, 0.0, 0.0, 1.0, 0.0, 0.8, 0.0, 0.0, 0.6, 0.0, 0.0, 0.0, 0.0, 0.0, 0.0, 0.0, 0.7143, 0.0, 0.0, 0.0, 0.0, 0.0, 0.0, 0.0, 1.0, 0.0, 0.0, 0.125, 0.0, 0.0, 0.0, 0.0, 0.8571, 0.0, 0.0, 0.0909, 0.0, 0.0, 0.0, 0.0, 0.0, 0.0, 0.0, 1.0, 0.0, 0.0, 0.0, 0.0, 0.0, 0.0667, 0.0, 0.0, 0.0, 0.0, 0.0, 0.0, 0.0, 0.0, 0.0, 0.0, 0.0, 0.0, 0.0, 0.0, 0.0, 0.2857, 0.0, 0.0, 0.0, 0.0, 0.0, 0.0, 0.0, 1.0, 0.0, 0.0, 0.0, 0.0, 0.0, 0.0, 0.0, 0.6, 0.0, 0.0, 0.0, 0.0, 0.0, 0.0, 0.0, 0.0, 0.0, 0.0, 0.0, 0.0, 0.0, 0.0, 0.3333, 0.0, 0.1, 0.0, 0.5, 0.0, 0.0, 0.0, 1.0, 0.0, 0.0, 0.0, 1.0, 0.0, 0.0, 0.0, 0.0, 0.0, 0.3333, 0.0, 0.0, 0.0, 0.0, 0.0, 0.0, 0.0, 1.0, 0.0, 0.0, 0.0, 0.0, 0.0, 0.0, 0.0, 0.8889, 0.0, 0.0909, 0.0, 0.0, 0.2222, 0.0, 0.0, 0.0, 0.0, 0.0, 0.0, 0.0, 1.0, 0.0, 0.0, 0.0, 0.0, 0.0, 0.0, 0.0, 0.6429, 0.0, 0.0, 0.0, 0.25, 0.0, 0.0, 0.0, 1.0, 0.0, 0.0, 0.0, 0.3333, 0.0, 0.0, 0.0, 0.6667, 0.0, 0.0, 0.0, 1.0, 0.0, 0.0, 0.0, 0.3333, 0.0, 0.0, 0.0, 0.2, 0.0, 0.0, 0.0, 0.8, 0.0, 0.0, 0.0, 0.0, 0.0, 0.0, 0.0, 1.0, 0.0, 0.0, 0.0, 0.0, 0.0, 0.0, 0.0, 0.6, 0.0, 0.0, 0.0, 0.0, 0.0, 0.0, 0.0, 0.0, 0.0, 0.0, 0.0, 0.0, 0.0, 0.0, 0.0, 0.0, 0.0, 0.0, 0.0, 0.0, 0.0, 0.0, 0.0, 0.0, 0.0, 0.0, 0.0, 0.0, 0.0, 0.0, 0.0, 0.0, 0.0, 0.0, 0.0, 0.1429, 0.0, 0.125, 0.0, 0.0, 0.2, 0.0, 0.0, 0.3333, 0.0, 1.0, 0.0, 0.0, 1.0, 0.0]"
cluster,0.4,10,cluster,0.0815,0.0815,0.0815,0.0,6,True,163,0,304,1533,0,"[0.05, 0.0695, 0.0765, 0.0795, 0.081, 0.0815, 0.0815, 0.0815, 0.0815, 0.0815, 0.0815, 0.0815, 0.0815, 0.0815, 0.0815, 0.0815, 0.0815, 0.0815, 0.0815, 0.0815, 0.0815, 0.0815, 0.0815, 0.0815, 0.0815, 0.0815, 0.0815, 0.0815, 0.0815, 0.0815, 0.0815, 0.0815, 0.0815, 0.0815, 0.0815, 0.0815, 0.0815, 0.0815, 0.0815, 0.0815, 0.0815, 0.0815, 0.0815, 0.0815, 0.0815, 0.0815, 0.0815, 0.0815, 0.0815, 0.0815, 0.0815, 0.0815, 0.0815, 0.0815, 0.0815, 0.0815, 0.0815, 0.0815, 0.0815, 0.0815, 0.0815, 0.0815, 0.0815, 0.0815, 0.0815, 0.0815, 0.0815, 0.0815, 0.0815, 0.0815, 0.0815, 0.0815, 0.0815, 0.0815, 0.0815, 0.0815, 0.0815, 0.0815, 0.0815, 0.0815, 0.0815, 0.0815, 0.0815, 0.0815, 0.0815, 0.0815, 0.0815, 0.0815, 0.0815, 0.0815, 0.0815, 0.0815, 0.0815, 0.0815, 0.0815, 0.0815, 0.0815, 0.0815, 0.0815, 0.0815, 0.0815]","{""0"": 0.0808, ""1"": 0.0591, ""2"": 0.1111, ""3"": 0.0079, ""4"": 0.1393, ""5"": 0.0531, ""6"": 0.1188, ""7"": 0.0847}","[0.0, 0.0, 0.0, 0.0, 0.0, 0.0, 0.0, 0.0, 0.0, 0.0, 0.0, 0.0, 0.0, 0.0, 0.0, 0.1667, 0.0, 0.0, 0.0, 0.0, 0.0, 0.0, 0.0, 0.0, 0.0, 0.0, 0.0, 0.0, 0.0, 0.0, 0.0, 0.0, 0.0, 0.0, 0.0, 1.0, 0.0, 0.0, 0.0, 0.0, 0.0, 0.0, 0.0, 0.5714, 0.0, 0.0, 0.0, 1.0, 0.0, 0.0, 0.0, 0.0, 0.125, 0.0, 0.0, 0.2, 0.0, 0.0, 0.0, 0.0, 0.0, 0.1429, 0.0, 0.0, 0.0, 0.0, 0.0, 0.0, 0.0, 0.0, 0.0, 0.1667, 0.0, 0.0, 0.0, 0.0, 0.0, 0.0, 0.0, 0.0, 0.0, 0.0, 0.0, 0.0, 0.0, 0.0, 0.0, 0.0, 0.0, 0.0, 0.0, 0.0, 0.0, 0.0, 1.0, 0.0, 0.0, 0.0, 0.0, 0.0, 0.0, 0.25, 0.4286, 0.0, 0.0, 0.0, 1.0, 0.0, 0.0, 1.0, 0.0, 0.0, 0.0, 0.0, 0.0, 0.0, 0.0, 0.25, 0.0, 0.0, 0.0, 0.0, 0.0, 0.0, 0.0, 0.0, 0.0, 0.0, 0.0, 0.0, 0.1111, 0.0, 0.0, 0.1667, 0.0, 0.0, 1.0, 0.0, 0.0, 0.0, 0.1429, 0.4286, 0.0, 0.0, 0.1667, 0.0, 0.0, 0.0, 0.0, 1.0, 0.0, 0.0, 0.1111, 0.0, 0.0, 0.0, 0.0, 0.7143, 0.0, 0.0, 0.3333, 0.0, 0.0, 0.0, 0.0, 0.0, 0.0, 0.0, 1.0, 0.0, 0.0, 0.0, 0.0, 0.0, 0.0, 0.0, 0.3, 0.1111, 0.0909, 0.4, 0.0, 0.0, 0.0, 0.0, 0.0, 0.0, 1.0, 1.0, 0.0, 0.0, 0.0, 0.0, 0.0, 0.3333, 0.0, 0.25, 0.0, 0.3, 0.0, 0.0, 0.0, 1.0, 0.0, 0.0, 0.0, 0.0, 0.0, 0.0, 0.0, 0.5, 0.0, 0.0, 0.0, 0.0, 0.0, 0.25, 0.0, 0.0, 0.0, 0.0, 0.0, 0.0, 0.0, 0.0, 0.0, 0.0, 0.0, 0.0, 0.0, 0.0, 0.0, 0.5, 0.0, 0.0, 0.0, 0.0, 0.0, 0.0, 0.0, 1.0, 0.0, 0.0, 0.0, 0.0, 0.0, 0.0, 0.0, 0.625, 0.0, 0.0]"
cluster,0.4,11,cluster,0.071,0.071,0.071,0.0,7,True,142,0,293,1565,0,"[0.05, 0.0595, 0.0635, 0.066, 0.0685, 0.07, 0.071, 0.071, 0.071, 0.071, 0.071, 0.071, 0.071, 0.071, 0.071, 0.071, 0.071, 0.071, 0.071, 0.071, 0.071, 0.071, 0.071, 0.071, 0.071, 0.071, 0.071, 0.071, 0.071, 0.071, 0.071, 0.071, 0.071, 0.071, 0.071, 0.071, 0.071, 0.071, 0.071, 0.071, 0.071, 0.071, 0.071, 0.071, 0.071, 0.071, 0.071, 0.071, 0.071, 0.071, 0.071, 0.071, 0.071, 0.071, 0.071, 0.071, 0.071, 0.071, 0.071, 0.071, 0.071, 0.071, 0.071, 0.071, 0.071, 0.071, 0.071, 0.071, 0.071, 0.071, 0.071, 0.071, 0.071, 0.071, 0.071, 0.071, 0.071, 0.071, 0.071, 0.071, 0.071, 0.071, 0.071, 0.071, 0.071, 0.071, 0.071, 0.071, 0.071, 0.071, 0.071, 0.071, 0.071, 0.071, 0.071, 0.071, 0.071, 0.071, 0.071, 0.071, 0.071]","{""0"": 0.1336, ""1"": 0.0979, ""2"": 0.0, ""3"": 0.0349, ""4"": 0.1378, ""5"": 0.0891, ""6"": 0.0732, ""7"": 0.0}","[0.0, 0.0, 0.0, 0.0, 0.0, 1.0, 0.0, 0.0, 0.0, 0.0, 0.0833, 0.0, 0.0, 0.9, 0.0, 0.0, 0.0, 0.0, 0.0, 0.0, 0.0, 0.0, 0.0, 0.0, 0.0, 0.6667, 0.0, 0.0, 0.0, 0.0, 0.0, 0.0, 0.0, 1.0, 0.0, 0.0, 0.0, 0.1111, 0.0, 0.0, 0.0, 1.0, 0.0, 0.0, 0.0, 0.0, 0.0, 0.0, 0.0, 0.0, 0.1667, 0.0, 0.0, 0.0, 0.0, 0.0, 0.0, 0.0, 0.0, 0.0, 0.0, 0.0, 0.0, 0.0, 0.0, 0.0, 1.0, 0.0, 0.0, 0.0, 0.0, 0.0, 0.0, 0.0, 0.4, 0.0, 0.0, 0.0, 0.0, 0.0, 0.0, 0.0, 0.1111, 0.0, 0.0, 0.0, 0.0, 0.0, 0.0, 0.0, 0.0, 0.0, 0.0, 0.5, 0.0, 0.0, 0.0, 0.0, 0.0, 0.0, 0.0, 1.0, 0.25, 0.2, 0.0, 0.0, 0.0, 0.0, 0.0, 0.3636, 0.0, 0.0, 0.0, 0.0, 0.0, 0.0, 0.0, 0.1429, 1.0, 0.0, 0.0, 0.0, 0.0, 0.0, 0.0, 0.0625, 0.0, 0.0, 0.0, 0.0, 0.0, 0.0, 0.0, 0.0, 0.0, 0.0, 0.0, 0.0, 0.0, 0.0, 0.0, 0.0, 1.0, 0.0, 0.0, 0.0, 0.0, 0.0, 1.0, 0.0, 0.0, 0.0, 0.0, 0.0, 0.1111, 0.0, 0.0, 0.0, 0.0, 0.0, 0.0, 0.0, 1.0, 0.0, 0.0, 0.0, 0.1, 0.0, 0.0, 0.0, 0.0, 0.0, 0.0, 0.0, 1.0, 0.0, 0.0, 0.0, 0.0, 0.0, 0.0, 0.0, 0.1429, 0.0, 0.0, 0.0, 0.0, 0.0, 0.0, 0.0, 0.0, 0.0, 0.0, 0.0, 0.0, 0.0, 0.0, 0.0, 0.0, 0.0, 0.0, 0.0, 0.0, 0.0, 0.0, 0.0, 0.0, 0.0769, 0.0, 0.0, 0.0, 0.0, 0.0, 0.0, 0.0, 1.0, 0.0, 0.2222, 0.0, 0.0, 0.0, 0.0, 0.0, 1.0, 0.0, 1.0, 0.0, 0.0, 0.0, 0.0, 0.0, 0.1111, 0.0, 0.0, 0.0, 0.0, 0.0, 0.0, 0.0, 0.0, 0.0, 0.0, 0.0, 0.0, 0.0, 0.1429, 0.0, 0.0, 0.0, 0.0]"
cluster,0.6,0,cluster,0.092,0.092,0.092,0.0,9,True,184,0,253,1563,0,"[0.05, 0.068, 0.08, 0.0855, 0.0875, 0.0885, 0.0895, 0.0905, 0.092, 0.092, 0.092, 0.092, 0.092, 0.092, 0.092, 0.092, 0.092, 0.092, 0.092, 0.092, 0.092, 0.092, 0.092, 0.092, 0.092, 0.092, 0.092, 0.092, 0.092, 0.092, 0.092, 0.092, 0.092, 0.092, 0.092, 0.092, 0.092, 0.092, 0.092, 0.092, 0.092, 0.092, 0.092, 0.092, 0.092, 0.092, 0.092, 0.092, 0.092, 0.092, 0.092, 0.092, 0.092, 0.092, 0.092, 0.092, 0.092, 0.092, 0.092, 0.092, 0.092, 0.092, 0.092, 0.092, 0.092, 0.092, 0.092, 0.092, 0.092, 0.092, 0.092, 0.092, 0.092, 0.092, 0.092, 0.092, 0.092, 0.092, 0.092, 0.092, 0.092, 0.092, 0.092, 0.092, 0.092, 0.092, 0.092, 0.092, 0.092, 0.092, 0.092, 0.092, 0.092, 0.092, 0.092, 0.092, 0.092, 0.092, 0.092, 0.092, 0.092]","{""0"": 0.0949, ""1"": 0.2432, ""2"": 0.0661, ""3"": 0.166, ""4"": 0.0, ""5"": 0.0675, ""6"": 0.0878, ""7"": 0.0}","[0.0, 1.0, 0.0, 0.0, 0.0, 0.0, 0.0, 0.0, 0.0, 0.8, 0.0, 0.0, 0.0, 0.0, 0.0, 0.0, 0.0, 1.0, 0.0, 0.0, 0.0, 0.0, 0.0, 0.0, 0.0, 0.0, 0.0, 0.0, 0.0, 0.0, 0.0, 0.0, 0.0, 0.0, 0.0, 0.0, 0.0, 0.0, 0.0, 0.0, 0.0, 0.0, 0.0, 0.0, 0.0, 0.0, 0.2222, 0.0, 0.0, 0.0, 0.0, 0.0, 0.0, 0.0, 0.1, 0.0, 0.0, 0.0, 0.0, 0.0, 0.0, 0.0, 1.0, 0.0, 0.0, 0.0, 0.0833, 0.0, 0.0, 0.0, 0.7143, 0.0, 0.0, 0.0, 0.0, 0.0, 0.8571, 0.0, 0.0, 0.0, 0.0, 0.0, 0.0, 0.0, 1.0, 0.0, 0.0, 0.0, 0.0, 0.0, 0.0, 0.0, 0.75, 0.0, 0.0, 0.5, 0.0, 0.0, 0.0, 0.0, 0.0, 0.0, 0.0, 1.0, 0.0, 0.0, 0.0, 0.0, 0.0, 0.0, 0.0, 0.0, 0.0, 0.0, 0.0, 0.0, 0.0, 0.0, 0.0, 0.0, 0.0, 0.0, 0.0, 0.0, 1.0, 0.0, 0.0, 0.0, 0.0, 0.0, 0.0, 0.0, 1.0, 0.0, 0.0, 0.0, 0.0, 0.0, 1.0, 0.0, 0.4, 0.0, 0.2857, 0.0, 0.0, 0.0, 1.0, 0.0, 0.0, 0.0, 0.1429, 0.0, 0.0, 0.0, 1.0, 0.0, 0.0, 0.0, 0.0, 0.0, 0.0, 0.0, 0.9, 0.0, 0.0769, 0.0, 0.0, 0.0, 0.0, 0.0, 0.6, 0.0, 0.0, 0.0, 0.0, 0.0, 0.0, 0.0, 0.8571, 0.0, 0.0, 0.0, 0.0, 0.0, 0.0, 0.0, 1.0, 0.0, 0.0, 0.0, 0.0, 0.0, 0.0, 0.0, 1.0, 0.0, 0.0, 0.0, 0.0, 1.0, 0.0, 0.0, 0.0, 0.0, 0.0, 0.0, 0.0, 0.0, 0.0, 0.0, 0.0, 0.0, 0.0, 0.0, 0.0, 0.0, 0.0, 0.0, 0.0, 0.25, 0.0, 0.0, 0.0, 0.5, 0.0, 0.0, 0.0, 1.0, 0.0, 0.0, 0.0, 1.0, 0.0, 0.1111, 0.0, 0.5714, 0.0, 0.0, 0.0, 0.0, 0.0, 0.0, 0.0, 0.0, 0.0, 0.0, 0.0, 0.0, 0.0, 0.1111]"
cluster,0.6,1,cluster,0.0965,0.0965,0.0965,0.0,8,True,193,0,291,1516,0,"[0.05, 0.0665, 0.0785, 0.0875, 0.0915, 0.095, 0.096, 0.0965, 0.0965, 0.0965, 0.0965, 0.0965, 0.0965, 0.0965, 0.0965, 0.0965, 0.0965, 0.0965, 0.0965, 0.0965, 0.0965, 0.0965, 0.0965, 0.0965, 0.0965, 0.0965, 0.0965, 0.0965, 0.0965, 0.0965, 0.0965, 0.0965, 0.0965, 0.0965, 0.0965, 0.0965, 0.0965, 0.0965, 0.0965, 0.0965, 0.0965, 0.0965, 0.0965, 0.0965, 0.0965, 0.0965, 0.0965, 0.0965, 0.0965, 0.0965, 0.0965, 0.0965, 0.0965, 0.0965, 0.0965, 0.0965, 0.0965, 0.0965, 0.0965, 0.0965, 0.0965, 0.0965, 0.0965, 0.0965, 0.0965, 0.0965, 0.0965, 0.0965, 0.0965, 0.0965, 0.0965, 0.0965, 0.0965, 0.0965, 0.0965, 0.0965, 0.0965, 0.0965, 0.0965, 0.0965, 0.0965, 0.0965, 0.0965, 0.0965, 0.0965, 0.0965, 0.0965, 0.0965, 0.0965, 0.0965, 0.0965, 0.0965, 0.0965, 0.0965, 0.0965, 0.0965, 0.0965, 0.0965, 0.0965, 0.0965, 0.0965]","{""0"": 0.2338, ""1"": 0.0916, ""2"": 0.0597, ""3"": 0.1487, ""4"": 0.0633, ""5"": 0.1048, ""6"": 0.0362, ""7"": 0.0}","[0.0, 0.2857, 0.0, 0.0, 0.0, 0.0, 0.0, 0.0, 0.0, 0.0, 0.0, 0.0, 0.0, 0.0, 0.0, 0.0, 0.0, 0.0, 0.0, 0.0, 0.0, 0.0, 0.0, 0.0, 0.0, 0.0, 0.8571, 0.0, 0.0, 0.0, 0.0, 0.0, 0.0, 0.0, 1.0, 0.0, 0.0, 0.0, 0.0, 0.0, 0.0, 0.0, 0.7143, 0.0, 0.0, 0.0, 0.0, 0.0, 0.0, 0.0, 0.0, 0.0, 0.0, 0.0, 0.0, 0.0, 0.0, 0.0, 0.0, 0.0, 0.0, 0.0, 0.0, 1.0, 0.0, 1.0, 0.0, 0.0, 0.0, 0.0, 0.0, 0.1667, 0.0, 1.0, 0.0, 0.0, 0.0, 0.0, 0.0, 0.0, 0.0, 0.8333, 0.0, 0.1111, 0.375, 0.0, 0.0, 0.0, 0.0, 0.2857, 0.0, 0.0, 1.0, 0.0, 0.0, 0.0, 0.0, 0.0, 0.0, 0.0, 0.2222, 0.0, 0.0, 0.0, 0.0, 0.1111, 0.0, 0.0, 0.1, 0.0, 0.0, 0.0, 0.0, 0.0, 0.0, 0.0, 0.75, 0.0, 0.8, 0.0, 0.0, 1.0, 0.0, 0.0, 1.0, 0.0, 1.0, 0.0, 0.0, 0.0, 0.0, 0.0, 0.2, 0.0, 1.0, 0.0, 0.0, 0.0, 0.0, 0.0, 0.0, 0.0, 0.7143, 0.0, 0.0, 0.0, 0.0, 0.0, 0.0, 0.0, 0.1333, 0.0, 0.0, 0.0, 0.0, 0.0, 0.0, 0.0, 0.0, 0.0, 0.0, 0.0, 0.0, 0.0, 0.0, 0.0, 0.0, 0.0, 0.0, 0.0, 0.0, 0.0, 0.0, 0.6, 0.0, 0.0, 0.0, 0.0, 0.1111, 0.0, 0.0, 1.0, 0.0, 0.0, 0.0, 0.0, 0.0, 0.2, 0.0, 1.0, 0.0, 0.0, 0.0, 0.0, 0.0, 0.0, 0.7143, 0.0, 0.0, 0.0, 0.0, 0.0, 0.0, 1.0, 1.0, 0.0, 0.0, 0.0, 0.0, 0.0, 0.0, 0.5556, 0.0, 0.0, 0.0, 0.0, 0.0, 0.0, 0.0, 0.0, 0.0, 0.0, 0.0, 0.0, 0.0, 0.0, 0.0, 0.0, 0.0, 0.0, 0.0, 0.0, 0.0, 1.0, 0.0, 0.0, 0.0, 0.0, 0.0, 0.0, 0.0, 1.0, 0.0, 0.0, 0.0, 0.0, 0.0, 0.0, 0.0, 1.0]"
cluster,0.6,2,cluster,0.09,0.09,0.09,0.0,10,True,180,0,291,1529,0,"[0.05, 0.066, 0.0735, 0.078, 0.08, 0.0815, 0.083, 0.085, 0.088, 0.09, 0.09, 0.09, 0.09, 0.09, 0.09, 0.09, 0.09, 0.09, 0.09, 0.09, 0.09, 0.09, 0.09, 0.09, 0.09, 0.09, 0.09, 0.09, 0.09, 0.09, 0.09, 0.09, 0.09, 0.09, 0.09, 0.09, 0.09, 0.09, 0.09, 0.09, 0.09, 0.09, 0.09, 0.09, 0.09, 0.09, 0.09, 0.09, 0.09, 0.09, 0.09, 0.09, 0.09, 0.09, 0.09, 0.09, 0.09, 0.09, 0.09, 0.09, 0.09, 0.09, 0.09, 0.09, 0.09, 0.09, 0.09, 0.09, 0.09, 0.09, 0.09, 0.09, 0.09, 0.09, 0.09, 0.09, 0.09, 0.09, 0.09, 0.09, 0.09, 0.09, 0.09, 0.09, 0.09, 0.09, 0.09, 0.09, 0.09, 0.09, 0.09, 0.09, 0.09, 0.09, 0.09, 0.09, 0.09, 0.09, 0.09, 0.09, 0.09]","{""0"": 0.1124, ""1"": 0.0868, ""2"": 0.0, ""3"": 0.1098, ""4"": 0.0041, ""5"": 0.1189, ""6"": 0.2616, ""7"": 0.0}","[0.0, 0.0, 0.0, 0.0, 0.0, 0.0, 0.0, 0.0, 0.0, 0.0, 0.0, 0.0, 0.0, 0.0, 0.0, 0.0, 0.0, 0.0, 0.0, 0.0, 0.0, 0.0, 0.1111, 0.1429, 0.0, 0.0, 0.0, 0.0, 0.0, 0.1667, 0.0, 1.0, 0.0, 0.0, 0.0, 0.0, 0.1667, 0.0, 0.0, 1.0, 0.0, 0.0, 0.0, 0.0, 1.0, 0.0, 1.0, 0.0833, 0.0, 0.0, 0.0, 0.0, 0.75, 0.0, 0.0, 0.0, 0.0, 0.0, 0.0, 0.0, 0.0, 0.0, 0.0, 0.0, 0.0, 0.0, 1.0, 0.0, 0.0, 0.0, 0.0, 0.0, 0.0, 1.0, 1.0, 0.0, 0.0, 0.0, 0.0, 0.2, 0.0, 0.75, 0.6667, 0.0, 0.125, 0.0, 0.0, 1.0, 0.0, 1.0, 0.0, 0.0, 0.0, 0.0, 0.0, 0.8, 0.0, 0.0, 0.1, 0.0, 0.0, 0.0, 0.0, 0.875, 0.0, 0.0, 0.0, 0.0, 0.0, 0.0, 0.0, 0.8, 0.0, 0.0, 0.0, 0.0, 0.0, 0.0, 0.0, 1.0, 0.0, 0.0, 0.0, 0.0, 0.0, 0.0, 0.0, 0.0, 0.0, 0.0, 0.0, 0.0, 0.0, 0.0, 0.0, 0.0833, 0.0, 0.0, 0.0, 0.0, 0.0, 0.0, 0.0, 0.0, 0.0, 0.0, 0.0, 0.0, 0.0, 0.0, 0.0, 0.0, 0.0, 0.0, 0.125, 0.0, 0.0, 0.0, 0.0, 0.0, 0.0, 0.5, 0.0, 0.0, 0.2222, 0.0, 0.0, 0.0, 0.0, 1.0, 0.0, 0.0, 1.0, 0.0, 0.0, 0.0, 0.0, 0.25, 0.0, 0.0, 0.3, 0.0, 1.0, 0.1111, 0.0, 0.0, 0.0, 0.0, 0.0, 0.0, 1.0, 0.0, 0.0, 0.0, 0.0, 0.0, 0.1429, 0.0, 1.0, 0.0, 0.0, 0.0, 0.0, 0.0, 0.0, 0.0, 0.25, 0.0, 0.0, 0.0, 0.0, 0.0, 0.0, 0.0, 0.0, 0.0909, 0.0, 0.0, 0.0, 0.0, 0.0, 0.0, 0.0, 1.0, 0.0, 0.0, 0.0, 0.0, 0.0, 0.0, 0.0, 0.0, 0.0, 0.0, 0.0, 0.0, 0.0, 0.0, 0.0, 0.0, 0.0, 0.0, 0.0, 0.0, 0.0, 0.0, 0.0, 0.0, 0.0, 0.0]"
cluster,0.6,3,cluster,0.1195,0.1195,0.1195,0.0,9,True,239,0,300,1461,0,"[0.05, 0.074, 0.0925, 0.104, 0.111, 0.1155, 0.118, 0.119, 0.1195, 0.1195, 0.1195, 0.1195, 0.1195, 0.1195, 0.1195, 0.1195, 0.1195, 0.1195, 0.1195, 0.1195, 0.1195, 0.1195, 0.1195, 0.1195, 0.1195, 0.1195, 0.1195, 0.1195, 0.1195, 0.1195, 0.1195, 0.1195, 0.1195, 0.1195, 0.1195, 0.1195, 0.1195, 0.1195, 0.1195, 0.1195, 0.1195, 0.1195, 0.1195, 0.1195, 0.1195, 0.1195, 0.1195, 0.1195, 0.1195, 0.1195, 0.1195, 0.1195, 0.1195, 0.1195, 0.1195, 0.1195, 0.1195, 0.1195, 0.1195, 0.1195, 0.1195, 0.1195, 0.1195, 0.1195, 0.1195, 0.1195, 0.1195, 0.1195, 0.1195, 0.1195, 0.1195, 0.1195, 0.1195, 0.1195, 0.1195, 0.1195, 0.1195, 0.1195, 0.1195, 0.1195, 0.1195, 0.1195, 0.1195, 0.1195, 0.1195, 0.1195, 0.1195, 0.1195, 0.1195, 0.1195, 0.1195, 0.1195, 0.1195, 0.1195, 0.1195, 0.1195, 0.1195, 0.1195, 0.1195, 0.1195, 0.1195]","{""0"": 0.012, ""1"": 0.0114, ""2"": 0.112, ""3"": 0.3401, ""4"": 0.1694, ""5"": 0.0, ""6"": 0.0, ""7"": 0.3211}","[0.0, 0.0, 0.0, 0.0, 0.0, 0.2, 0.0, 0.0, 1.0, 0.0, 0.0, 0.0, 0.0, 0.4, 0.0, 0.0, 0.8182, 0.0, 0.0, 0.0, 0.0, 0.8333, 0.0, 0.0, 0.1429, 0.0, 0.4286, 0.0, 0.0, 1.0, 0.0, 0.0, 0.1, 0.0, 0.0, 0.0, 0.0, 0.5714, 0.0, 0.0, 1.0, 0.0, 0.0, 0.0, 0.0, 0.0, 0.0, 0.0, 0.0, 0.0, 0.0, 0.0, 0.4286, 0.0, 0.0, 0.0, 0.0, 0.0, 0.0, 0.0, 1.0, 1.0, 0.0, 0.0, 0.0, 0.0, 0.0, 0.0, 0.0, 0.8333, 0.0, 0.0, 0.0, 0.0, 0.0, 0.0, 0.0, 0.0, 0.0, 0.0, 0.0, 0.0, 0.0, 0.0, 0.0, 0.0, 0.0, 0.0, 0.0, 0.0, 0.0, 0.0, 0.0, 0.0, 0.0, 0.0, 0.0, 0.0, 0.0, 0.0, 0.8333, 0.0833, 0.0, 0.0, 0.0, 0.0, 0.0, 0.0, 1.0, 0.0, 0.0, 0.0, 0.0, 0.0, 0.0, 0.0, 1.0, 0.1111, 0.0, 0.0, 0.0, 0.0, 0.0, 0.0, 0.0, 0.0, 0.0, 0.0, 0.8, 0.0, 0.0, 0.0, 0.0, 0.0, 0.0, 0.0, 1.0, 0.0, 0.0, 0.0, 0.0, 0.0, 0.0, 0.0, 0.875, 0.5, 0.0, 0.0, 0.0, 0.0, 0.0, 0.0, 0.4, 0.0769, 0.0, 0.0, 0.1111, 0.0, 0.0, 0.0, 0.0, 0.0, 0.0, 0.125, 1.0, 0.0, 0.0, 0.0, 0.8571, 0.0, 0.0, 0.0909, 1.0, 0.0, 0.0, 0.0, 1.0, 0.0, 0.0, 0.0, 0.6667, 0.1667, 0.0, 0.0, 0.0, 0.0, 0.0, 0.0, 0.75, 0.0, 0.0, 0.0, 0.0, 0.0, 0.0, 0.0, 0.8, 0.0, 0.0, 0.0, 0.0, 0.0, 0.0, 0.0, 1.0, 0.0, 0.0, 0.0, 0.2, 0.0, 0.0, 0.0, 0.8, 0.0, 0.0, 0.0, 0.0, 0.0, 0.0, 0.0, 0.0, 0.0, 0.0, 0.0, 0.2, 0.0, 0.0, 0.8889, 0.0, 0.0, 0.0, 0.0, 0.3333, 0.0, 0.0, 1.0, 0.0, 0.0, 0.0, 0.0, 0.4286, 0.0, 0.0, 1.0, 0.0, 0.0, 0.0, 0.0, 1.0, 0.0]"
cluster,0.6,4,cluster,0.0915,0.0915,0.0915,0.0,9,True,183,0,270,1547,0,"[0.05, 0.0675, 0.074, 0.079, 0.0835, 0.088, 0.0905, 0.091, 0.0915, 0.0915, 0.0915, 0.0915, 0.0915, 0.0915, 0.0915, 0.0915, 0.0915, 0.0915, 0.0915, 0.0915, 0.0915, 0.0915, 0.0915, 0.0915, 0.0915, 0.0915, 0.0915, 0.0915, 0.0915, 0.0915, 0.0915, 0.0915, 0.0915, 0.0915, 0.0915, 0.0915, 0.0915, 0.0915, 0.0915, 0.0915, 0.0915, 0.0915, 0.0915, 0.0915, 0.0915, 0.0915, 0.0915, 0.0915, 0.0915, 0.0915, 0.0915, 0.0915, 0.0915, 0.0915, 0.0915, 0.0915, 0.0915, 0.0915, 0.0915, 0.0915, 0.0915, 0.0915, 0.0915, 0.0915, 0.0915, 0.0915, 0.0915, 0.0915, 0.0915, 0.0915, 0.0915, 0.0915, 0.0915, 0.0915, 0.0915, 0.0915, 0.0915, 0.0915, 0.0915, 0.0915, 0.0915, 0.0915, 0.0915, 0.0915, 0.0915, 0.0915, 0.0915, 0.0915, 0.0915, 0.0915, 0.0915, 0.0915, 0.0915, 0.0915, 0.0915, 0.0915, 0.0915, 0.0915, 0.0915, 0.0915, 0.0915]","{""0"": 0.0, ""1"": 0.0038, ""2"": 0.0408, ""3"": 0.0651, ""4"": 0.1915, ""5"": 0.204, ""6"": 0.2341, ""7"": 0.0}","[0.0, 0.0, 0.0, 0.0, 0.0, 0.0, 0.0, 1.0, 0.0, 0.0, 0.0, 0.0, 0.0, 0.0, 0.0, 1.0, 0.0, 0.0, 0.0, 0.0, 0.0769, 0.6, 0.0, 0.0, 0.0, 0.0, 0.0, 0.0, 0.0, 1.0, 0.0, 0.0, 0.0, 0.0, 0.0, 0.0, 0.0, 0.4, 0.0, 0.0, 0.0, 0.0, 0.0, 0.0, 0.0, 0.0, 0.0, 0.2, 0.0, 0.0, 0.0, 0.0, 0.0, 0.0, 0.7143, 0.0, 0.0, 0.0, 0.0, 0.0, 0.0, 0.0, 1.0, 0.0, 0.0, 0.0, 0.0, 0.0, 1.0, 0.0, 0.9, 0.3333, 0.0, 0.0, 0.0, 0.0, 0.7143, 1.0, 0.6, 1.0, 0.0, 0.0, 0.0, 0.0, 0.2857, 0.0, 0.0, 0.0, 0.0, 0.0, 0.0, 0.0, 0.0, 0.0, 0.0, 0.0, 0.0, 0.0, 0.0, 0.2857, 0.0, 0.0, 0.0, 0.0, 0.0, 0.0, 0.0, 1.0, 0.0, 0.0, 1.0, 0.0, 0.0, 0.0, 0.0, 0.0, 0.0, 0.0, 0.1, 0.0, 0.0, 0.0, 0.0, 0.0, 0.0, 0.0, 0.0, 0.0, 0.0, 0.0, 0.1667, 0.0, 0.0, 0.0, 0.0, 0.0, 0.0, 0.0, 0.0, 0.0, 0.0, 0.1, 0.0, 0.0, 0.0, 0.0, 0.0, 0.0, 0.0, 0.0, 0.0, 0.0, 0.0, 0.0, 0.0, 0.0, 0.0, 0.0, 0.0, 0.0, 0.0, 0.0, 0.0, 0.0, 0.0, 0.0, 0.0, 0.0, 0.0, 0.0, 0.0, 0.0, 0.0, 0.0, 0.0, 0.0, 0.0, 0.0, 0.0, 0.0, 0.0, 0.0, 0.0, 0.0, 0.0, 0.0, 0.0, 0.0, 0.0, 0.125, 0.0, 0.0, 0.0, 0.0, 0.0, 0.0, 0.0, 0.0, 0.1667, 0.0, 0.0, 0.0, 0.0, 0.0, 0.0, 0.8571, 0.8333, 0.0, 0.0, 0.0, 0.0, 0.0, 0.0, 1.0, 1.0, 0.0, 0.0, 0.0, 0.0, 0.0, 0.0, 0.125, 0.0, 0.8333, 0.0, 0.0, 0.0, 0.0, 0.0, 0.0, 0.0, 1.0, 0.0, 0.0, 0.0, 0.0, 0.0, 0.0, 0.0, 0.6667, 0.0, 0.0, 0.0, 0.0, 0.0, 0.4286, 0.0, 1.0, 0.0, 0.0]"
cluster,0.6,5,cluster,0.084,0.084,0.084,0.0,10,True,168,0,300,1532,0,"[0.05, 0.061, 0.0685, 0.074, 0.077, 0.079, 0.0805, 0.082, 0.0835, 0.084, 0.084, 0.084, 0.084, 0.084, 0.084, 0.084, 0.084, 0.084, 0.084, 0.084, 0.084, 0.084, 0.084, 0.084, 0.084, 0.084, 0.084, 0.084, 0.084, 0.084, 0.084, 0.084, 0.084, 0.084, 0.084, 0.084, 0.084, 0.084, 0.084, 0.084, 0.084, 0.084, 0.084, 0.084, 0.084, 0.084, 0.084, 0.084, 0.084, 0.084, 0.084, 0.084, 0.084, 0.084, 0.084, 0.084, 0.084, 0.084, 0.084, 0.084, 0.084, 0.084, 0.084, 0.084, 0.084, 0.084, 0.084, 0.084, 0.084, 0.084, 0.084, 0.084, 0.084, 0.084, 0.084, 0.084, 0.084, 0.084, 0.084, 0.084, 0.084, 0.084, 0.084, 0.084, 0.084, 0.084, 0.084, 0.084, 0.084, 0.084, 0.084, 0.084, 0.084, 0.084, 0.084, 0.084, 0.084, 0.084, 0.084, 0.084, 0.084]","{""0"": 0.0, ""1"": 0.0, ""2"": 0.1624, ""3"": 0.1417, ""4"": 0.1311, ""5"": 0.0207, ""6"": 0.1911, ""7"": 0.0392}","[0.0, 0.0, 0.0, 0.1667, 0.1429, 0.0, 0.0, 1.0, 0.0, 0.0, 0.0, 0.0, 0.0, 0.5, 0.0, 0.25, 0.0, 0.0, 0.0, 0.125, 0.0, 1.0, 0.0, 0.0, 0.0, 0.0, 0.0, 1.0, 0.0, 0.1111, 0.0, 0.0, 0.0, 0.0, 0.0, 1.0, 0.0, 0.125, 0.0, 0.0, 0.0, 0.0, 0.0, 1.0, 0.0, 0.0, 0.0, 0.0, 0.0, 0.0, 0.0, 0.875, 0.0, 0.0, 0.0, 0.0, 0.0, 0.0, 0.0, 1.0, 0.0, 0.0, 0.0, 0.0, 0.0, 0.0, 0.0, 0.0909, 0.0, 0.0, 0.0, 0.0, 0.0, 0.0, 0.0, 0.0, 0.0, 0.0, 0.0, 0.0, 0.0, 0.0, 0.0, 0.0, 0.0, 0.0, 0.0, 0.0, 0.0, 0.0, 0.0, 0.0, 0.0, 0.0, 0.0, 0.0, 0.0, 0.0, 0.0, 0.0, 0.0, 0.0, 0.0, 0.0, 0.0, 0.0, 0.0, 0.0, 0.1667, 0.0, 0.0, 0.0, 0.0, 0.0, 0.0, 0.0, 1.0, 0.0, 0.0, 0.0, 0.0, 0.0, 0.0, 0.0, 1.0, 0.0, 0.0, 0.1667, 0.0, 0.0, 0.0, 0.0, 1.0, 0.0, 0.0, 0.5714, 0.0, 0.0, 0.0, 0.0, 0.1429, 0.7143, 0.0, 0.7778, 0.0, 0.0, 0.0, 0.0, 0.1, 1.0, 0.0, 1.0, 0.0, 0.0, 0.0, 0.0, 0.0, 0.2, 0.0, 1.0, 0.0, 0.0, 0.0, 0.0, 0.0, 0.0, 0.0, 0.5385, 0.0, 0.0, 0.0, 0.0, 0.0, 0.0, 0.0, 0.0, 0.0, 0.0, 0.0, 0.0, 0.0, 0.0, 0.0, 0.0, 0.0, 0.0, 0.0, 0.0, 0.0, 0.0, 0.0, 0.0, 0.0, 0.0, 0.0, 0.0, 0.0, 0.0, 0.0, 0.0, 0.0, 0.0, 0.0, 0.0, 0.0, 0.0, 0.0, 0.0, 0.0, 0.0, 0.0, 0.0, 0.0, 0.0, 0.0, 0.0, 0.1111, 0.0, 0.0, 0.0, 0.0, 0.0, 0.0, 0.0, 1.0, 0.0, 0.0, 0.0, 1.0, 0.0, 1.0, 0.0, 0.0, 0.0, 0.0, 0.0, 0.1818, 0.0, 0.1429, 0.0, 0.0, 0.0, 0.0, 0.0, 0.0, 1.0, 0.0, 0.25, 0.0, 0.0]"
cluster,0.6,6,cluster,0.1025,0.1025,0.1025,0.0,9,True,205,0,271,1524,0,"[0.05, 0.068, 0.0775, 0.085, 0.091, 0.0955, 0.0985, 0.101, 0.1025, 0.1025, 0.1025, 0.1025, 0.1025, 0.1025, 0.1025, 0.1025, 0.1025, 0.1025, 0.1025, 0.1025, 0.1025, 0.1025, 0.1025, 0.1025, 0.1025, 0.1025, 0.1025, 0.1025, 0.1025, 0.1025, 0.1025, 0.1025, 0.1025, 0.1025, 0.1025, 0.1025, 0.1025, 0.1025, 0.1025, 0.1025, 0.1025, 0.1025, 0.1025, 0.1025, 0.1025, 0.1025, 0.1025, 0.1025, 0.1025, 0.1025, 0.1025, 0.1025, 0.1025, 0.1025, 0.1025, 0.1025, 0.1025, 0.1025, 0.1025, 0.1025, 0.1025, 0.1025, 0.1025, 0.1025, 0.1025, 0.1025, 0.1025, 0.1025, 0.1025, 0.1025, 0.1025, 0.1025, 0.1025, 0.1025, 0.1025, 0.1025, 0.1025, 0.1025, 0.1025, 0.1025, 0.1025, 0.1025, 0.1025, 0.1025, 0.1025, 0.1025, 0.1025, 0.1025, 0.1025, 0.1025, 0.1025, 0.1025, 0.1025, 0.1025, 0.1025, 0.1025, 0.1025, 0.1025, 0.1025, 0.1025, 0.1025]","{""0"": 0.0562, ""1"": 0.0484, ""2"": 0.1519, ""3"": 0.0824, ""4"": 0.037, ""5"": 0.0126, ""6"": 0.1098, ""7"": 0.3202}","[0.1111, 0.0, 0.0, 0.0, 0.125, 0.0, 0.0, 0.0, 0.1429, 0.0, 0.0, 0.0, 0.7143, 0.0, 0.0, 0.0, 0.25, 0.1111, 0.0, 0.0, 1.0, 0.0, 0.0, 0.0, 1.0, 0.0, 0.1111, 0.125, 0.6667, 0.0, 0.0, 0.0, 1.0, 0.0, 0.0, 0.6667, 0.0, 0.0, 0.0, 0.0, 1.0, 0.0, 0.0, 1.0, 0.0, 0.0, 0.0, 0.0, 1.0, 0.1, 0.0, 0.6667, 0.0, 0.0, 0.0, 0.0, 0.9, 0.0, 0.0, 0.4286, 0.0, 0.0, 0.0, 0.0, 0.875, 0.0, 0.0, 0.2857, 0.0, 0.0, 0.0, 0.0, 1.0, 0.0, 0.1429, 1.0, 0.0, 0.0, 0.0, 0.0, 1.0, 0.0, 0.0, 0.1429, 0.0, 0.0, 0.0, 0.0, 0.0, 0.0, 0.0, 0.0909, 0.0, 0.0, 0.1429, 0.0, 0.125, 0.0, 0.0, 0.0, 0.0, 0.0, 0.0, 0.0, 0.0, 0.0, 0.0, 0.0, 0.0, 0.0, 0.0, 0.0, 0.125, 1.0, 0.0, 0.0, 0.0, 0.0, 0.0, 0.0, 0.0, 0.8, 0.0, 0.1111, 0.0, 0.0, 0.0, 0.0, 0.0, 0.2857, 0.125, 0.2, 0.0, 0.0, 0.0, 0.0, 0.0, 0.0, 0.0, 0.0, 0.0, 0.0, 0.3333, 0.0, 0.0, 0.0, 0.0, 0.0, 0.0, 0.0, 0.0, 0.0, 0.0, 0.0, 0.0, 0.0, 0.0, 0.0667, 0.0, 0.2222, 0.625, 0.0, 0.0, 0.0, 0.0, 1.0, 0.0, 1.0, 1.0, 0.0, 0.2, 0.0, 0.0, 0.0, 0.0, 1.0, 0.0, 0.0, 1.0, 0.0, 0.0, 0.0, 0.0, 0.1429, 0.0, 0.0, 0.1667, 0.0, 0.0, 0.0, 0.0, 0.0, 0.0, 0.0, 0.0, 0.0, 0.0, 0.0, 0.0, 0.0, 0.0, 0.0, 0.0, 0.0, 0.0, 0.0, 0.0, 1.0, 0.3333, 0.0, 0.0, 0.0, 0.0, 0.0, 0.0, 0.0, 0.0, 0.0, 0.0, 0.0, 0.0, 0.0, 0.0, 0.0, 0.0, 0.0, 0.0, 0.0, 0.0, 0.0, 0.0, 0.0, 0.0, 0.0, 0.0, 0.0, 0.0, 0.0, 0.0, 0.1, 0.125, 0.0, 0.0, 0.0, 0.0, 0.0, 0.0, 0.0, 0.0, 0.0]"
cluster,0.6,7,cluster,0.102,0.102,0.102,-0.0,11,True,204,0,281,1515,0,"[0.05, 0.0725, 0.0825, 0.089, 0.0945, 0.097, 0.098, 0.099, 0.1005, 0.1015, 0.102, 0.102, 0.102, 0.102, 0.102, 0.102, 0.102, 0.102, 0.102, 0.102, 0.102, 0.102, 0.102, 0.102, 0.102, 0.102, 0.102, 0.102, 0.102, 0.102, 0.102, 0.102, 0.102, 0.102, 0.102, 0.102, 0.102, 0.102, 0.102, 0.102, 0.102, 0.102, 0.102, 0.102, 0.102, 0.102, 0.102, 0.102, 0.102, 0.102, 0.102, 0.102, 0.102, 0.102, 0.102, 0.102, 0.102, 0.102, 0.102, 0.102, 0.102, 0.102, 0.102, 0.102, 0.102, 0.102, 0.102, 0.102, 0.102, 0.102, 0.102, 0.102, 0.102, 0.102, 0.102, 0.102, 0.102, 0.102, 0.102, 0.102, 0.102, 0.102, 0.102, 0.102, 0.102, 0.102, 0.102, 0.102, 0.102, 0.102, 0.102, 0.102, 0.102, 0.102, 0.102, 0.102, 0.102, 0.102, 0.102, 0.102, 0.102]","{""0"": 0.1901, ""1"": 0.1873, ""2"": 0.069, ""3"": 0.1116, ""4"": 0.0958, ""5"": 0.0782, ""6"": 0.0824, ""7"": 0.0}","[0.0, 0.0, 0.0, 0.0, 0.0, 0.0, 0.0, 0.8, 0.0, 0.0, 0.0, 0.0, 0.0, 0.0, 0.0, 1.0, 0.0, 0.0, 0.0, 0.0, 1.0, 0.0, 0.0, 1.0, 0.0, 0.0, 0.125, 0.0, 0.125, 1.0, 0.0, 0.0, 0.0, 0.0, 0.0, 0.0, 0.0, 0.5714, 0.0, 0.0, 0.0, 0.0, 0.0, 0.0, 0.1667, 0.1667, 0.0, 0.0, 0.0, 0.0, 0.0, 0.0, 0.0, 0.0, 0.0, 0.0, 0.0, 0.0, 0.0, 0.0, 0.3846, 0.0, 0.0, 0.0, 0.0, 0.0, 0.0, 0.0, 1.0, 0.0, 0.0, 0.0, 0.0, 0.0, 0.0, 0.0, 0.8571, 1.0, 0.0, 0.0, 0.0, 0.0, 0.0, 0.0, 0.6667, 0.0, 0.0, 0.0, 0.0, 0.0, 0.0, 0.0, 0.0, 0.0, 0.0, 0.0, 0.0, 0.0, 0.0, 0.0, 0.0, 0.0, 0.0, 0.0, 0.0, 0.4545, 0.0, 0.0, 0.0, 0.0, 0.0, 0.0, 0.0, 1.0, 1.0, 0.0, 0.0, 0.0, 0.0, 0.0, 0.0, 0.5714, 1.0, 0.0, 0.0, 0.0, 0.0, 0.1, 0.0, 0.0, 1.0, 0.0, 0.0, 0.0, 0.0, 1.0, 0.0, 0.5, 1.0, 0.0, 0.0, 0.0, 0.0, 0.0, 0.0, 1.0, 0.1667, 0.5714, 0.0, 0.0, 0.0, 0.0, 0.0, 0.9286, 0.0, 1.0, 0.1111, 0.0, 0.0, 0.0, 0.0, 0.2857, 0.125, 0.2727, 0.0, 0.0, 0.0, 0.0, 0.0, 0.0, 0.0, 0.0, 0.0, 0.0, 0.0, 0.0, 0.0, 0.1, 0.0, 0.0, 0.0, 0.0, 1.0, 0.0, 0.0, 0.0, 0.0, 0.0, 0.0, 0.0, 1.0, 0.0, 0.0, 0.0, 0.0, 0.0, 0.0, 0.0, 0.5, 0.0, 0.0, 0.0, 0.0, 0.0, 0.0, 0.0, 0.1, 0.0, 0.0, 0.0, 1.0, 0.0, 0.0, 0.0, 0.0, 0.0, 0.0, 0.0, 0.2857, 0.0, 0.0, 0.0, 0.0, 0.0, 0.0, 0.0, 0.0, 0.0, 0.0, 0.0, 0.0, 0.0, 0.0, 0.0, 0.1429, 0.0, 0.0, 0.0, 0.0, 0.0, 0.0, 0.0, 0.0, 0.0, 0.0, 0.0, 0.0, 0.0, 0.0, 0.0]"
cluster,0.6,8,cluster,0.109,0.109,0.109,-0.0,14,True,218,0,268,1514,0,"[0.05, 0.066, 0.0785, 0.0905, 0.0965, 0.0975, 0.0985, 0.1, 0.102, 0.1045, 0.105, 0.107, 0.1085, 0.109, 0.109, 0.109, 0.109, 0.109, 0.109, 0.109, 0.109, 0.109, 0.109, 0.109, 0.109, 0.109, 0.109, 0.109, 0.109, 0.109, 0.109, 0.109, 0.109, 0.109, 0.109, 0.109, 0.109, 0.109, 0.109, 0.109, 0.109, 0.109, 0.109, 0.109, 0.109, 0.109, 0.109, 0.109, 0.109, 0.109, 0.109, 0.109, 0.109, 0.109, 0.109, 0.109, 0.109, 0.109, 0.109, 0.109, 0.109, 0.109, 0.109, 0.109, 0.109, 0.109, 0.109, 0.109, 0.109, 0.109, 0.109, 0.109, 0.109, 0.109, 0.109, 0.109, 0.109, 0.109, 0.109, 0.109, 0.109, 0.109, 0.109, 0.109, 0.109, 0.109, 0.109, 0.109, 0.109, 0.109, 0.109, 0.109, 0.109, 0.109, 0.109, 0.109, 0.109, 0.109, 0.109, 0.109, 0.109]","{""0"": 0.0562, ""1"": 0.0581, ""2"": 0.2618, ""3"": 0.0, ""4"": 0.2324, ""5"": 0.2078, ""6"": 0.075, ""7"": 0.0}","[0.0, 0.0, 1.0, 1.0, 0.0, 0.0, 0.875, 0.0, 0.0, 0.0, 0.3333, 0.8889, 0.0, 0.0, 0.25, 0.0, 0.0, 0.0, 0.0, 0.1429, 0.0, 0.0, 0.0, 0.0, 0.0, 0.0, 0.0, 0.0, 0.0, 0.0, 0.0, 0.0, 0.0, 0.0, 0.0, 0.0, 0.0, 0.0, 0.0, 0.0, 0.0, 0.0, 0.0, 0.0, 0.0, 0.25, 0.0, 0.0, 0.0, 0.0, 0.0, 0.0, 0.0, 0.0, 0.25, 0.0, 0.0, 1.0, 0.0, 0.0, 0.0, 0.5, 0.8333, 0.0, 0.0, 0.2857, 0.0, 0.0, 0.0, 0.8, 1.0, 0.0, 0.0, 0.0, 0.0, 0.0, 0.0, 1.0, 1.0, 0.0, 0.0, 0.0, 0.0, 0.0, 0.0, 1.0, 1.0, 0.1538, 0.0, 0.0, 0.0, 0.0, 0.0, 0.8333, 0.0909, 1.0, 0.0, 0.0, 0.0, 0.0, 0.0, 0.75, 0.0, 1.0, 0.0, 0.0, 0.0, 0.0, 0.0, 1.0, 0.0, 0.1667, 0.0, 0.0, 0.0, 0.0, 0.0, 1.0, 0.0, 0.0, 0.0, 0.0, 0.0, 0.0, 0.0, 0.2857, 0.0, 0.0, 0.0, 0.0, 0.0, 0.0, 0.0, 0.0, 0.0, 0.0, 0.0, 0.0, 0.0, 0.0, 0.0, 0.0, 0.0, 0.0, 0.0, 0.0, 0.0, 0.0, 0.0, 0.0, 0.0, 0.0, 0.0, 0.0, 0.0, 0.0, 0.0, 0.0, 0.0, 0.0, 0.0, 0.0, 0.0, 0.5, 0.0, 0.0, 0.0, 0.0, 0.0, 1.0, 0.0, 1.0, 0.0, 0.0, 0.0, 0.0, 0.0, 0.0, 0.0, 0.5556, 0.0, 0.0, 0.0, 0.0, 0.0, 0.0, 0.0, 0.25, 0.0, 0.0, 0.0, 0.0, 0.0, 0.0, 0.0, 0.1667, 0.0, 0.0, 0.0, 0.0, 0.0, 0.0, 0.0, 0.0, 0.0, 0.0, 0.0, 0.0, 0.0, 0.0, 0.0, 0.2857, 0.0, 0.0, 0.0, 0.0, 0.0, 0.0, 0.0, 1.0, 0.0, 0.0, 0.0, 0.0, 0.0, 0.0, 0.0, 0.2, 0.0, 0.0, 0.0, 0.0, 0.0, 0.0, 0.0, 0.0, 0.0, 0.0, 0.875, 0.0, 0.0, 0.0, 0.8571, 0.7778, 0.0, 0.0, 1.0, 0.0, 0.0, 0.0]"
cluster,0.6,9,cluster,0.111,0.111,0.111,-0.0,14,True,222,0,297,1481,0,"[0.05, 0.069, 0.0795, 0.0875, 0.0955, 0.0985, 0.1005, 0.1035, 0.106, 0.107, 0.108, 0.109, 0.11, 0.111, 0.111, 0.111, 0.111, 0.111, 0.111, 0.111, 0.111, 0.111, 0.111, 0.111, 0.111, 0.111, 0.111, 0.111, 0.111, 0.111, 0.111, 0.111, 0.111, 0.111, 0.111, 0.111, 0.111, 0.111, 0.111, 0.111, 0.111, 0.111, 0.111, 0.111, 0.111, 0.111, 0.111, 0.111, 0.111, 0.111, 0.111, 0.111, 0.111, 0.111, 0.111, 0.111, 0.111, 0.111, 0.111, 0.111, 0.111, 0.111, 0.111, 0.111, 0.111, 0.111, 0.111, 0.111, 0.111, 0.111, 0.111, 0.111, 0.111, 0.111, 0.111, 0.111, 0.111, 0.111, 0.111, 0.111, 0.111, 0.111, 0.111, 0.111, 0.111, 0.111, 0.111, 0.111, 0.111, 0.111, 0.111, 0.111, 0.111, 0.111, 0.111, 0.111, 0.111, 0.111, 0.111, 0.111, 0.111]","{""0"": 0.1121, ""1"": 0.0642, ""2"": 0.2201, ""3"": 0.1496, ""4"": 0.0, ""5"": 0.2191, ""6"": 0.0757, ""7"": 0.0571}","[0.0, 0.0, 0.0, 0.0, 0.0, 0.0, 0.0, 0.0, 0.0, 0.0, 0.0, 0.375, 0.0, 0.0, 0.0, 0.0, 0.0, 0.5714, 0.0, 1.0, 0.0, 0.0, 0.0, 0.0, 0.0, 1.0, 0.0, 0.8, 0.0, 0.0, 0.0, 1.0, 0.0, 0.875, 0.0, 0.6667, 0.0, 0.0, 0.0, 0.8571, 0.0, 0.3333, 0.0, 0.1429, 0.0, 0.0, 0.1111, 0.0, 0.0, 0.2857, 0.0, 0.0, 0.0, 0.0, 0.0, 0.0, 0.0, 0.0, 0.0, 0.0, 0.0, 0.0, 0.2857, 0.0, 1.0, 0.0, 0.0, 0.0, 1.0, 0.0, 1.0, 0.0, 1.0, 0.0, 0.0, 0.0, 1.0, 0.0, 0.8571, 0.0, 0.0, 0.0, 0.0, 0.0, 1.0, 0.0, 0.1667, 0.0, 0.0, 0.0, 0.0, 0.0, 1.0, 0.0, 0.0, 0.0, 0.0, 0.0, 0.0, 0.0, 1.0, 0.0, 0.0, 0.0, 0.0, 0.0, 0.0, 1.0, 0.0, 0.0, 0.0, 0.0, 0.0, 0.0, 0.0, 0.0, 0.0, 0.0, 0.6364, 0.0, 0.0, 0.0, 0.0, 0.0, 0.0, 0.0, 0.9091, 0.0, 0.0, 0.0, 0.0, 0.0, 0.0, 0.0, 1.0, 0.0, 0.0, 0.0, 0.0, 0.0, 0.0, 0.0, 0.7273, 0.0, 0.0, 0.0, 0.0, 0.0, 0.0, 0.0, 0.0, 0.0, 0.0, 0.0, 0.0, 0.125, 0.0, 0.0, 0.0, 0.0, 0.0, 0.0, 0.0, 0.4, 0.0, 0.0, 0.0, 0.0, 0.0, 0.0, 0.0, 1.0, 0.0, 0.0, 0.0, 0.0, 0.0, 0.0, 0.0, 1.0, 0.0, 0.0, 0.0, 0.0, 0.0, 0.0, 0.25, 0.0, 0.0, 0.0, 0.0, 0.0, 0.0, 0.0, 1.0, 0.0, 0.0, 0.0, 0.0, 0.0, 0.0, 0.0, 0.75, 0.0, 0.0, 0.0, 0.0, 0.0, 0.0, 0.0, 0.4, 0.0, 0.1667, 0.0, 0.0, 0.0, 0.0, 0.0, 0.0, 0.0, 0.0769, 0.0, 0.0, 0.0, 0.0, 0.0, 0.0, 0.0, 0.0, 0.0, 0.0, 0.0, 0.0, 0.0, 0.0, 0.0, 0.0, 0.0, 0.0, 0.0, 0.0, 0.0, 0.0, 0.0, 0.0, 0.0, 0.0, 0.25, 0.0, 0.0]"
cluster,0.6,10,cluster,0.0825,0.0825,0.0825,0.0,8,True,165,0,293,1542,0,"[0.05, 0.0635, 0.071, 0.0745, 0.0785, 0.08, 0.082, 0.0825, 0.0825, 0.0825, 0.0825, 0.0825, 0.0825, 0.0825, 0.0825, 0.0825, 0.0825, 0.0825, 0.0825, 0.0825, 0.0825, 0.0825, 0.0825, 0.0825, 0.0825, 0.0825, 0.0825, 0.0825, 0.0825, 0.0825, 0.0825, 0.0825, 0.0825, 0.0825, 0.0825, 0.0825, 0.0825, 0.0825, 0.0825, 0.0825, 0.0825, 0.0825, 0.0825, 0.0825, 0.0825, 0.0825, 0.0825, 0.0825, 0.0825, 0.0825, 0.0825, 0.0825, 0.0825, 0.0825, 0.0825, 0.0825, 0.0825, 0.0825, 0.0825, 0.0825, 0.0825, 0.0825, 0.0825, 0.0825, 0.0825, 0.0825, 0.0825, 0.0825, 0.0825, 0.0825, 0.0825, 0.0825, 0.0825, 0.0825, 0.0825, 0.0825, 0.0825, 0.0825, 0.0825, 0.0825, 0.0825, 0.0825, 0.0825, 0.0825, 0.0825, 0.0825, 0.0825, 0.0825, 0.0825, 0.0825, 0.0825, 0.0825, 0.0825, 0.0825, 0.0825, 0.0825, 0.0825, 0.0825, 0.0825, 0.0825, 0.0825]","{""0"": 0.0249, ""1"": 0.1245, ""2"": 0.0964, ""3"": 0.011, ""4"": 0.2163, ""5"": 0.0435, ""6"": 0.0968, ""7"": 0.0524}","[0.1111, 0.0, 0.0, 0.1111, 0.0, 0.0, 0.0, 0.0, 0.125, 0.0, 0.0, 1.0, 0.0, 0.0, 0.0, 0.0, 0.625, 0.0, 0.0, 0.0, 0.0, 0.0, 0.0, 0.0, 1.0, 0.0, 0.0, 0.0, 0.0, 0.0, 0.0, 0.0, 0.0, 0.0, 0.125, 0.0, 0.0, 0.375, 0.2, 0.0, 0.0, 0.0, 1.0, 0.0, 0.0, 0.0, 0.0, 0.0, 0.0, 0.0, 0.4286, 0.0, 0.0, 0.0, 0.0, 0.1667, 0.0, 0.0, 0.0, 1.0, 0.0, 0.0, 0.1667, 0.0, 0.0, 1.0, 0.0, 1.0, 0.0, 0.0, 1.0, 0.0, 0.0, 0.0, 0.0, 0.0, 0.0, 0.0, 0.25, 0.0, 0.0, 0.0, 0.0, 0.0, 0.0, 0.6667, 0.0, 0.0, 0.0, 0.0, 0.0, 0.0, 0.0, 1.0, 0.0, 0.0, 0.0, 0.0, 0.0, 0.1667, 0.0, 1.0, 0.0, 0.0, 0.0, 0.0, 0.1, 0.0, 0.0, 0.8182, 0.0, 0.0, 0.0, 0.0, 0.0, 0.0, 0.0, 1.0, 0.0, 0.0, 0.0, 0.0, 0.1111, 0.0, 0.0, 1.0, 0.0, 0.0, 0.0, 0.0, 1.0, 0.0, 0.0, 1.0, 0.0, 0.0, 0.0, 0.0, 0.4444, 0.0, 0.0, 0.1, 0.0, 1.0, 0.0, 0.0, 0.0, 0.0, 0.0, 0.0, 0.0, 0.7143, 0.0, 0.0, 0.0, 0.0, 0.0, 0.0, 0.0, 0.0, 0.0, 0.0, 0.0, 0.0, 0.0714, 0.0, 0.0, 0.0, 0.0, 0.0, 0.0, 0.0, 0.2, 0.0, 0.0, 1.0, 0.0, 0.0, 0.0, 0.0, 0.0, 0.0, 0.0, 0.0, 0.0, 0.0, 0.0, 0.0, 0.0, 0.0, 0.0, 0.0, 0.0, 0.0, 0.0, 0.0, 0.0, 0.0, 0.0, 0.0, 0.0, 0.0, 0.0, 0.0, 0.0, 0.0, 0.0, 0.0, 0.0, 0.0, 0.0, 0.0, 0.0, 0.0, 0.0, 0.0, 0.0, 0.0, 0.0, 0.0, 0.0, 0.0, 0.0, 0.0, 0.0, 0.0, 0.0, 0.0, 0.0, 0.0, 0.0, 0.0, 0.0, 0.0, 0.0, 0.0, 0.0, 0.0, 0.0, 0.0, 0.0, 0.0, 0.0, 0.1667, 0.0, 0.0, 0.0, 0.0, 0.0, 0.0]"
cluster,0.6,11,cluster,0.0905,0.0905,0.0905,0.0,8,True,181,0,271,1548,0,"[0.05, 0.068, 0.079, 0.083, 0.0855, 0.088, 0.089, 0.0905, 0.0905, 0.0905, 0.0905, 0.0905, 0.0905, 0.0905, 0.0905, 0.0905, 0.0905, 0.0905, 0.0905, 0.0905, 0.0905, 0.0905, 0.0905, 0.0905, 0.0905, 0.0905, 0.0905, 0.0905, 0.0905, 0.0905, 0.0905, 0.0905, 0.0905, 0.0905, 0.0905, 0.0905, 0.0905, 0.0905, 0.0905, 0.0905, 0.0905, 0.0905, 0.0905, 0.0905, 0.0905, 0.0905, 0.0905, 0.0905, 0.0905, 0.0905, 0.0905, 0.0905, 0.0905, 0.0905, 0.0905, 0.0905, 0.0905, 0.0905, 0.0905, 0.0905, 0.0905, 0.0905, 0.0905, 0.0905, 0.0905, 0.0905, 0.0905, 0.0905, 0.0905, 0.0905, 0.0905, 0.0905, 0.0905, 0.0905, 0.0905, 0.0905, 0.0905, 0.0905, 0.0905, 0.0905, 0.0905, 0.0905, 0.0905, 0.0905, 0.0905, 0.0905, 0.0905, 0.0905, 0.0905, 0.0905, 0.0905, 0.0905, 0.0905, 0.0905, 0.0905, 0.0905, 0.0905, 0.0905, 0.0905, 0.0905, 0.0905]","{""0"": 0.0578, ""1"": 0.0643, ""2"": 0.1653, ""3"": 0.1853, ""4"": 0.0725, ""5"": 0.0935, ""6"": 0.0781, ""7"": 0.0039}","[0.0, 0.0, 0.0, 0.0, 0.0, 0.0, 0.0, 0.0, 0.0, 0.0, 0.0, 0.0, 0.0, 0.0, 0.0, 0.0, 0.0, 0.0, 0.0, 0.0, 0.0, 0.0, 0.0, 0.0, 0.0, 0.0, 0.0, 0.0, 0.0, 0.0, 0.0, 0.0, 0.0, 0.0, 0.0, 0.0, 0.0, 0.0, 1.0, 0.2, 0.0, 0.0, 0.0, 0.0, 0.0, 0.0, 1.0, 0.875, 0.0, 0.0, 0.0, 0.0, 0.0, 0.0, 0.0, 1.0, 0.0, 0.0, 0.0, 0.0, 0.0, 0.0, 0.0, 0.125, 0.0, 0.0, 0.0, 0.0, 0.0, 0.0, 0.0, 0.0, 0.0, 0.0, 0.0, 0.0, 0.0, 0.0, 0.0, 0.0, 0.0, 0.0, 0.0, 0.0, 0.0, 0.0, 0.0, 0.0, 0.0, 0.0, 0.0, 0.0, 0.0, 0.0, 0.0, 0.0, 0.0, 0.0, 0.0, 0.0, 0.0, 0.0, 0.0, 0.0, 0.0, 0.0, 0.0, 0.0, 0.0, 0.0, 0.0, 0.0, 0.0, 0.0, 0.0, 0.1, 0.1111, 0.0, 0.0, 0.0, 0.0, 0.0, 0.1111, 0.125, 0.0, 0.0, 0.0, 0.0, 0.0, 0.0, 0.0, 0.1667, 1.0, 0.0, 0.0, 0.1, 0.125, 0.0, 0.0, 1.0, 0.8, 0.0, 0.0, 0.0, 0.0, 0.0, 0.0, 1.0, 0.8, 0.0, 0.0, 0.0, 0.0, 0.0, 0.0, 0.8, 0.8, 0.0, 0.0, 0.0, 0.0, 0.0, 0.0, 1.0, 1.0, 0.0, 0.0, 0.0, 0.0, 0.0, 0.0, 0.6, 0.0, 0.0, 0.0, 0.0, 0.0, 1.0, 0.0, 0.0, 0.0, 0.0, 0.0, 0.0, 0.0, 1.0, 1.0, 0.0, 0.0, 0.0, 0.0, 0.0, 0.0, 0.0, 0.8889, 0.0, 0.0, 0.0, 0.0, 0.0, 0.0, 0.0, 0.0, 0.1667, 1.0, 0.0, 0.0, 0.0, 0.0, 0.0, 0.0, 0.0, 0.8571, 0.25, 0.0, 0.0, 0.0, 0.0, 0.0, 0.0, 0.1429, 1.0, 0.0, 0.0, 0.0, 0.0, 0.0, 0.0, 0.0, 0.6923, 0.0, 0.0, 0.0, 0.0, 0.0, 0.0, 0.0, 0.0, 0.125, 0.0, 0.0, 0.0, 0.0, 0.0, 0.0, 0.0, 1.0, 0.0, 0.0, 0.0]"
cluster,0.8,0,cluster,0.137,0.137,0.137,0.0,16,True,274,0,285,1441,0,"[0.05, 0.063, 0.0775, 0.093, 0.102, 0.107, 0.1135, 0.119, 0.1225, 0.125, 0.1265, 0.129, 0.131, 0.132, 0.135, 0.137, 0.137, 0.137, 0.137, 0.137, 0.137, 0.137, 0.137, 0.137, 0.137, 0.137, 0.137, 0.137, 0.137, 0.137, 0.137, 0.137, 0.137, 0.137, 0.137, 0.137, 0.137, 0.137, 0.137, 0.137, 0.137, 0.137, 0.137, 0.137, 0.137, 0.137, 0.137, 0.137, 0.137, 0.137, 0.137, 0.137, 0.137, 0.137, 0.137, 0.137, 0.137, 0.137, 0.137, 0.137, 0.137, 0.137, 0.137, 0.137, 0.137, 0.137, 0.137, 0.137, 0.137, 0.137, 0.137, 0.137, 0.137, 0.137, 0.137, 0.137, 0.137, 0.137, 0.137, 0.137, 0.137, 0.137, 0.137, 0.137, 0.137, 0.137, 0.137, 0.137, 0.137, 0.137, 0.137, 0.137, 0.137, 0.137, 0.137, 0.137, 0.137, 0.137, 0.137, 0.137, 0.137]","{""0"": 0.2273, ""1"": 0.1626, ""2"": 0.0296, ""3"": 0.2937, ""4"": 0.1561, ""5"": 0.0, ""6"": 0.1974, ""7"": 0.036}","[0.1111, 0.0, 0.0, 0.0, 0.0, 0.0, 0.0, 1.0, 0.0, 0.0, 1.0, 0.0, 0.0, 0.1667, 0.0, 1.0, 0.0, 0.0, 0.0, 0.0, 0.0, 1.0, 0.0, 0.0, 0.0, 0.0, 0.0, 0.0, 0.0, 1.0, 0.0, 0.0, 0.0, 0.0, 0.0, 0.0, 0.0, 0.8, 0.0, 0.0, 0.0, 0.0, 0.0, 0.0, 0.0, 1.0, 0.0, 0.0, 0.375, 0.0, 0.0, 0.0, 0.0, 0.875, 0.0, 0.0, 1.0, 0.0, 0.0, 0.3, 0.0, 0.0, 0.0, 0.0, 0.0, 0.0, 0.0, 0.0, 0.0, 0.0, 0.0, 0.0, 0.0, 0.0, 0.0, 0.0, 0.0, 0.0, 0.0, 0.0, 0.0, 0.0, 0.0, 0.0, 0.0, 0.0, 0.0, 0.0, 0.0, 0.0, 0.0, 0.0, 0.0, 0.0, 0.0, 0.0, 0.0, 0.0, 0.0, 0.0, 0.0, 0.0, 0.0, 0.0, 0.0, 0.0, 0.0, 0.0, 0.0, 0.0, 0.0, 0.0, 0.0, 0.0, 0.0, 0.0, 0.0, 0.0, 0.0, 0.0, 0.0, 0.0, 0.0, 0.0, 0.0, 0.0, 0.0, 0.0, 0.0, 0.0, 0.0, 0.0, 1.0, 0.0, 0.0, 0.0, 0.0, 0.0833, 0.0, 0.0, 1.0, 0.0, 0.0, 0.0, 0.0, 0.8333, 0.0, 0.0, 1.0, 0.0, 0.0, 0.0, 0.0, 1.0, 0.0, 0.0, 0.625, 0.0, 0.0, 0.0, 0.0, 1.0, 0.0, 0.0, 0.875, 0.0, 0.0, 0.0, 0.0, 1.0, 0.0, 0.0, 0.6667, 0.0, 0.0, 0.0, 0.0, 0.8182, 0.2, 0.0, 0.75, 0.0, 0.0, 0.0, 0.0, 0.8889, 0.6, 0.0, 1.0, 0.0, 0.0, 0.0, 0.0, 0.0, 0.8, 0.0, 1.0, 0.0, 0.0, 0.0, 0.0, 0.0, 0.8889, 0.1, 1.0, 0.0, 0.0, 0.0, 0.0, 0.0, 1.0, 0.0, 0.2857, 0.0, 0.0, 0.7143, 0.0, 0.0, 0.0, 0.0, 0.0, 0.0, 0.0, 0.8333, 0.0, 1.0, 0.0, 0.0, 0.0, 0.0, 0.0, 1.0, 0.0, 0.0, 0.1429, 0.0, 0.0, 0.0, 0.0, 1.0, 0.0, 0.0, 0.0, 0.4444, 0.0, 0.0, 0.0, 1.0, 0.0, 0.0]"
cluster,0.8,1,cluster,0.1505,0.1505,0.1505,-0.0,20,True,301,0,281,1418,0,"[0.05, 0.0695, 0.0835, 0.0975, 0.1075, 0.1145, 0.121, 0.13, 0.136, 0.1405, 0.142, 0.1435, 0.1445, 0.1455, 0.1465, 0.1475, 0.1485, 0.149, 0.1495, 0.1505, 0.1505, 0.1505, 0.1505, 0.1505, 0.1505, 0.1505, 0.1505, 0.1505, 0.1505, 0.1505, 0.1505, 0.1505, 0.1505, 0.1505, 0.1505, 0.1505, 0.1505, 0.1505, 0.1505, 0.1505, 0.1505, 0.1505, 0.1505, 0.1505, 0.1505, 0.1505, 0.1505, 0.1505, 0.1505, 0.1505, 0.1505, 0.1505, 0.1505, 0.1505, 0.1505, 0.1505, 0.1505, 0.1505, 0.1505, 0.1505, 0.1505, 0.1505, 0.1505, 0.1505, 0.1505, 0.1505, 0.1505, 0.1505, 0.1505, 0.1505, 0.1505, 0.1505, 0.1505, 0.1505, 0.1505, 0.1505, 0.1505, 0.1505, 0.1505, 0.1505, 0.1505, 0.1505, 0.1505, 0.1505, 0.1505, 0.1505, 0.1505, 0.1505, 0.1505, 0.1505, 0.1505, 0.1505, 0.1505, 0.1505, 0.1505, 0.1505, 0.1505, 0.1505, 0.1505, 0.1505, 0.1505]","{""0"": 0.3527, ""1"": 0.0441, ""2"": 0.1004, ""3"": 0.126, ""4"": 0.1355, ""5"": 0.1815, ""6"": 0.0039, ""7"": 0.251}","[0.1111, 1.0, 0.0, 0.0, 0.0, 0.0, 1.0, 0.0, 0.7143, 0.8333, 0.0, 0.0, 0.0, 0.0, 1.0, 0.0, 0.7143, 0.0, 0.0, 0.0, 0.0, 0.0, 0.7778, 0.0, 1.0, 0.0, 0.0, 0.0, 0.0, 0.0, 0.6667, 0.0, 0.1111, 0.0, 0.0, 0.0, 0.0, 0.0, 0.0, 0.0, 0.0, 0.0, 0.0, 0.0, 0.0, 0.0, 0.0, 0.0, 0.0, 0.0, 0.0, 0.0, 0.1429, 0.0, 0.0, 0.0, 1.0, 0.0, 0.0, 0.0, 0.0, 0.0, 0.0, 0.0, 0.0, 0.0, 0.0, 0.0, 0.0, 0.0, 0.0, 0.0, 0.0, 0.0, 1.0, 0.0, 0.0, 0.0, 0.0, 0.0, 0.0, 0.0, 0.0, 0.0, 0.0, 0.0, 0.0, 0.0, 0.1, 0.0, 0.0, 0.0, 0.0, 0.0, 0.4444, 0.0, 0.0, 0.0, 0.0, 0.0909, 0.0, 0.7778, 1.0, 0.0, 0.0, 0.0, 0.0, 0.0833, 0.0, 0.0, 0.0, 0.0, 0.0, 0.25, 0.0, 0.75, 0.0, 0.0, 0.0, 0.0, 0.0, 0.0, 0.0, 1.0, 0.0, 0.0, 0.0, 0.0, 0.0, 0.5, 0.0, 0.8, 0.0, 0.0, 0.0, 0.0, 0.1111, 1.0, 0.0, 0.0909, 0.0909, 0.0, 0.0, 0.0, 0.0, 0.125, 0.0, 0.125, 0.0, 1.0, 0.0, 0.0, 0.1, 0.0, 0.0, 0.0, 0.0, 0.8333, 0.0, 0.0, 0.0, 0.0, 0.0, 0.0, 0.0, 0.6667, 0.0, 0.0, 0.0, 0.8333, 0.0, 0.0, 0.4286, 1.0, 0.0, 0.0, 0.0, 1.0, 0.0, 0.0, 1.0, 0.1818, 0.0, 0.0, 0.0, 0.8, 0.0, 0.0, 0.75, 0.0, 0.0, 0.0, 0.0, 1.0, 0.0, 0.0, 1.0, 0.0, 0.0, 0.1111, 0.0, 0.875, 0.0, 0.0, 0.1818, 0.0, 0.0, 0.0, 0.0, 0.5, 0.0, 0.0, 0.0, 0.0, 0.0, 0.0, 0.8571, 0.6667, 0.0, 0.0, 0.0, 0.0, 0.125, 0.0, 1.0, 0.8333, 0.0, 0.0, 0.0, 0.0, 0.0, 0.0, 0.9, 0.7778, 0.0, 0.0, 0.0, 0.0, 0.375, 0.0, 1.0, 1.0, 0.0, 0.0, 0.0, 0.0, 0.875, 0.0, 0.8571, 0.9]"
cluster,0.8,2,cluster,0.173,0.173,0.173,0.0,14,True,346,0,265,1389,0,"[0.05, 0.072, 0.0955, 0.114, 0.1295, 0.1455, 0.1575, 0.162, 0.165, 0.1685, 0.1705, 0.172, 0.1725, 0.173, 0.173, 0.173, 0.173, 0.173, 0.173, 0.173, 0.173, 0.173, 0.173, 0.173, 0.173, 0.173, 0.173, 0.173, 0.173, 0.173, 0.173, 0.173, 0.173, 0.173, 0.173, 0.173, 0.173, 0.173, 0.173, 0.173, 0.173, 0.173, 0.173, 0.173, 0.173, 0.173, 0.173, 0.173, 0.173, 0.173, 0.173, 0.173, 0.173, 0.173, 0.173, 0.173, 0.173, 0.173, 0.173, 0.173, 0.173, 0.173, 0.173, 0.173, 0.173, 0.173, 0.173, 0.173, 0.173, 0.173, 0.173, 0.173, 0.173, 0.173, 0.173, 0.173, 0.173, 0.173, 0.173, 0.173, 0.173, 0.173, 0.173, 0.173, 0.173, 0.173, 0.173, 0.173, 0.173, 0.173, 0.173, 0.173, 0.173, 0.173, 0.173, 0.173, 0.173, 0.173, 0.173, 0.173, 0.173]","{""0"": 0.1603, ""1"": 0.2554, ""2"": 0.0846, ""3"": 0.0039, ""4"": 0.2598, ""5"": 0.3164, ""6"": 0.1594, ""7"": 0.1529}","[0.0, 0.0, 0.375, 0.0, 0.0, 0.0, 1.0, 0.0, 0.0, 0.0, 0.0, 0.0, 0.0, 0.0, 1.0, 0.0, 0.0, 0.0, 0.0, 0.0, 0.0, 0.0, 0.6667, 0.0, 0.0, 0.0, 0.0, 0.0, 0.0, 0.0, 0.7143, 0.0, 0.0, 0.0, 0.0, 0.0, 0.0, 0.0, 1.0, 0.0, 0.0, 0.0, 0.0, 0.0, 0.0, 0.0, 1.0, 0.0, 0.1111, 0.0, 0.0, 0.0, 0.0, 0.0, 1.0, 0.0, 0.1429, 0.0, 0.0, 0.0, 0.0, 1.0, 0.0, 0.0, 0.0, 0.0, 0.0, 0.0, 0.0, 0.0, 0.0, 0.0, 0.0, 0.0, 0.0, 0.0, 0.0, 0.0, 0.0, 0.0, 0.0, 0.0, 0.0, 0.4286, 0.0, 0.0, 0.0, 0.875, 0.0, 0.0, 0.0, 0.8571, 0.0, 0.0, 0.0, 1.0, 0.0, 0.0, 0.0, 0.8571, 0.0, 0.0, 0.0, 0.75, 0.0, 0.0, 0.0, 1.0, 0.0, 0.0, 0.0, 0.7778, 0.0, 0.0, 0.0, 0.2857, 0.0, 0.0, 0.0, 1.0, 0.1111, 0.0, 0.0, 0.0, 0.0, 0.1667, 0.0, 0.75, 0.0, 0.0, 0.0, 0.0, 0.0, 0.9, 0.0, 0.0, 0.8571, 0.0, 0.2, 0.0, 0.0, 0.875, 0.0, 0.0, 0.8333, 0.1429, 0.5, 0.0, 0.0, 0.0833, 0.0, 0.0, 0.875, 1.0, 1.0, 0.0, 0.0, 0.0, 0.0, 0.0, 1.0, 1.0, 0.3333, 0.0, 0.1, 0.0, 0.1111, 0.0, 0.875, 1.0, 0.1111, 0.0, 0.0, 0.0, 1.0, 0.0, 0.0, 1.0, 0.0, 0.0, 0.0, 0.7778, 1.0, 0.0, 0.0, 0.7778, 0.0, 0.0, 0.0, 1.0, 0.4286, 0.0, 0.0, 0.1, 0.0, 0.0, 0.0, 1.0, 0.0, 0.0, 0.0, 0.1111, 1.0, 0.0, 0.0, 1.0, 0.0, 0.0, 0.0, 0.0, 1.0, 0.0, 0.0, 0.7778, 0.0, 0.0, 0.0, 0.0, 1.0, 0.0, 0.0, 0.2, 0.0, 0.0, 0.0, 0.0, 1.0, 0.0, 0.0, 0.2857, 0.0, 0.0, 0.0, 0.0, 0.8333, 0.0, 0.0, 0.0, 0.0769, 0.0, 0.0, 0.0, 0.875, 0.0, 0.0, 0.0, 0.5714, 0.0, 0.0, 0.0]"
cluster,0.8,3,cluster,0.1585,0.1585,0.1585,-0.0,18,True,317,0,294,1389,0,"[0.05, 0.066, 0.0805, 0.0895, 0.098, 0.1065, 0.111, 0.115, 0.1215, 0.1275, 0.1345, 0.137, 0.14, 0.1425, 0.147, 0.1505, 0.155, 0.1585, 0.1585, 0.1585, 0.1585, 0.1585, 0.1585, 0.1585, 0.1585, 0.1585, 0.1585, 0.1585, 0.1585, 0.1585, 0.1585, 0.1585, 0.1585, 0.1585, 0.1585, 0.1585, 0.1585, 0.1585, 0.1585, 0.1585, 0.1585, 0.1585, 0.1585, 0.1585, 0.1585, 0.1585, 0.1585, 0.1585, 0.1585, 0.1585, 0.1585, 0.1585, 0.1585, 0.1585, 0.1585, 0.1585, 0.1585, 0.1585, 0.1585, 0.1585, 0.1585, 0.1585, 0.1585, 0.1585, 0.1585, 0.1585, 0.1585, 0.1585, 0.1585, 0.1585, 0.1585, 0.1585, 0.1585, 0.1585, 0.1585, 0.1585, 0.1585, 0.1585, 0.1585, 0.1585, 0.1585, 0.1585, 0.1585, 0.1585, 0.1585, 0.1585, 0.1585, 0.1585, 0.1585, 0.1585, 0.1585, 0.1585, 0.1585, 0.1585, 0.1585, 0.1585, 0.1585, 0.1585, 0.1585, 0.1585, 0.1585]","{""0"": 0.5894, ""1"": 0.0658, ""2"": 0.0319, ""3"": 0.1017, ""4"": 0.1794, ""5"": 0.0038, ""6"": 0.234, ""7"": 0.0428}","[0.2222, 0.0, 0.0, 0.0, 0.0, 0.0, 0.0, 0.0, 0.0, 0.0, 0.0, 0.0, 0.0, 0.8333, 0.0, 0.0, 0.0, 0.0, 0.0, 0.0, 0.0, 1.0, 0.0, 0.0, 0.0, 0.6667, 0.125, 0.0, 0.0, 0.375, 0.0, 0.0, 0.0, 1.0, 0.0, 0.0, 0.0, 0.6667, 0.0, 0.0, 0.0, 0.9091, 0.0, 0.0, 0.0, 0.0, 0.0, 0.0, 0.0, 0.875, 0.0, 0.0, 0.0, 0.0, 0.0, 0.0, 0.0, 1.0, 0.0, 0.0, 0.0, 0.0, 0.0, 0.0, 0.1111, 0.7143, 0.0, 0.0, 0.0, 0.25, 0.0, 0.0, 0.0, 1.0, 0.0, 0.0, 1.0, 0.0, 0.0, 0.0, 0.0, 1.0, 0.0, 0.0, 1.0, 0.0, 0.0, 0.0, 0.0, 0.8571, 0.0, 0.0, 0.6667, 0.0, 0.0, 0.0, 0.0, 0.875, 0.0, 0.0, 1.0, 1.0, 0.0, 0.0, 0.0, 1.0, 0.0, 0.0, 0.0, 0.875, 0.0, 0.0, 0.0, 0.0, 0.0, 0.0, 0.0, 0.1, 0.0, 0.0, 0.0, 0.1667, 0.0, 0.0, 0.0, 0.0, 0.0, 0.0, 0.0, 0.0, 0.0, 0.0, 0.0, 0.1667, 0.0, 0.0, 0.0, 0.0, 0.0, 0.0, 0.0, 1.0, 0.0, 0.0, 0.0, 0.0, 0.0, 0.0, 0.0, 0.0, 0.0, 0.0, 0.0, 0.0, 0.0, 0.0, 0.0, 0.0, 0.0, 0.0, 0.0, 0.1429, 0.0, 0.0, 0.0, 0.0, 0.0, 0.0, 0.0, 0.8333, 0.0, 0.0, 0.0, 0.0, 0.0, 0.1818, 0.0, 1.0, 0.0, 0.25, 0.0, 0.0, 0.0, 1.0, 0.0, 0.8, 1.0, 1.0, 0.0, 0.0, 0.0, 0.8571, 0.0, 0.7143, 0.8571, 0.0, 0.0, 0.0, 0.0909, 0.75, 0.2857, 0.7143, 0.0, 0.0, 0.0, 0.0, 0.0, 0.875, 1.0, 0.7143, 0.0, 0.0, 0.0, 0.0, 0.0, 1.0, 0.0, 0.8, 0.0, 0.0, 0.0, 0.0, 0.0, 1.0, 0.0, 1.0, 0.0, 0.0, 0.0, 0.0, 0.0, 1.0, 0.0, 0.7, 0.0, 0.0, 0.0, 0.0, 0.0, 1.0, 0.125, 1.0, 0.0, 0.0, 0.0, 0.0, 0.0, 0.6667, 0.0, 1.0]"
cluster,0.8,4,cluster,0.139,0.139,0.139,0.0,16,True,278,0,270,1452,0,"[0.05, 0.069, 0.0855, 0.095, 0.1035, 0.1115, 0.1175, 0.1245, 0.1275, 0.1305, 0.1345, 0.1365, 0.1375, 0.138, 0.1385, 0.139, 0.139, 0.139, 0.139, 0.139, 0.139, 0.139, 0.139, 0.139, 0.139, 0.139, 0.139, 0.139, 0.139, 0.139, 0.139, 0.139, 0.139, 0.139, 0.139, 0.139, 0.139, 0.139, 0.139, 0.139, 0.139, 0.139, 0.139, 0.139, 0.139, 0.139, 0.139, 0.139, 0.139, 0.139, 0.139, 0.139, 0.139, 0.139, 0.139, 0.139, 0.139, 0.139, 0.139, 0.139, 0.139, 0.139, 0.139, 0.139, 0.139, 0.139, 0.139, 0.139, 0.139, 0.139, 0.139, 0.139, 0.139, 0.139, 0.139, 0.139, 0.139, 0.139, 0.139, 0.139, 0.139, 0.139, 0.139, 0.139, 0.139, 0.139, 0.139, 0.139, 0.139, 0.139, 0.139, 0.139, 0.139, 0.139, 0.139, 0.139, 0.139, 0.139, 0.139, 0.139, 0.139]","{""0"": 0.3426, ""1"": 0.2009, ""2"": 0.0598, ""3"": 0.0, ""4"": 0.0996, ""5"": 0.0039, ""6"": 0.3202, ""7"": 0.0962}","[0.0, 0.0, 0.0, 0.0, 0.0, 0.0, 0.0, 1.0, 0.0, 0.0, 0.0, 0.0, 0.0, 0.0, 0.0, 1.0, 0.0, 0.0, 0.0, 0.0, 0.0, 0.0, 0.0, 0.6667, 0.0, 0.0, 0.0, 0.0, 0.0, 0.0, 0.0, 0.0, 0.0, 0.0, 0.0, 0.0, 0.0, 0.0, 0.0, 0.0, 0.0, 0.0, 0.0, 0.0, 0.0, 0.0, 0.0, 0.0, 0.0, 0.0, 0.0, 0.0, 0.0, 0.0, 0.0, 0.0, 0.0, 0.0, 0.1667, 0.0, 0.0, 0.0, 0.0, 0.0, 0.0, 0.0, 0.0, 0.0, 0.0, 0.0, 0.0, 0.1111, 0.0, 0.0, 0.0, 0.0, 0.0, 0.0, 0.0, 0.0, 0.1, 0.1429, 0.0, 0.0, 0.0, 0.0, 0.0, 0.8333, 0.0, 0.2, 0.0, 0.0, 0.0, 0.0, 0.0, 1.0, 0.0, 0.3333, 0.0, 0.0, 0.0, 0.0, 0.0, 1.0, 0.9091, 0.875, 0.0, 0.0, 0.0, 0.0, 0.0, 0.8333, 1.0, 1.0, 0.0, 0.0, 0.0, 0.0, 0.0, 1.0, 0.1429, 0.4, 0.0, 0.0, 0.0, 0.0, 0.0, 0.8182, 0.0833, 0.0, 0.0, 0.0, 0.0, 0.25, 0.0, 0.6667, 0.0, 0.0, 0.0, 0.0, 0.0, 1.0, 0.0, 0.1667, 0.0, 0.2222, 0.0, 0.2, 0.0, 1.0, 0.0, 0.0, 0.1429, 1.0, 0.0, 1.0, 0.0, 1.0, 0.0, 0.0, 0.0, 0.8571, 0.0, 0.0, 0.0, 0.0, 0.0, 0.0, 0.0, 0.7143, 0.0, 0.0, 0.0, 0.0, 0.0, 0.0, 0.0, 0.7778, 0.0, 0.0, 0.0, 0.0, 0.0, 0.0, 0.0, 0.75, 0.0, 0.0, 0.0, 0.0, 0.0, 0.0, 0.3333, 0.9091, 0.0, 0.0, 0.0, 0.0, 0.0, 0.0, 0.0, 1.0, 0.2, 0.0, 0.0, 0.0, 0.0, 0.0, 0.0, 1.0, 1.0, 0.0, 0.0, 0.0, 0.0, 0.0, 0.0, 0.8333, 1.0, 0.0, 0.0, 0.0, 0.0, 0.0, 0.0, 0.1667, 0.8889, 0.0, 0.0, 0.0, 0.1, 0.0, 0.0, 0.0, 1.0, 0.0, 0.0, 0.0, 0.0, 0.0, 0.0, 0.0, 0.9091, 0.0, 0.0, 0.0, 0.0, 1.0, 0.0, 0.0]"
cluster,0.8,5,cluster,0.1165,0.1165,0.1165,0.0,14,True,233,0,278,1489,0,"[0.05, 0.0675, 0.08, 0.088, 0.0945, 0.1025, 0.107, 0.1085, 0.111, 0.112, 0.113, 0.114, 0.1155, 0.1165, 0.1165, 0.1165, 0.1165, 0.1165, 0.1165, 0.1165, 0.1165, 0.1165, 0.1165, 0.1165, 0.1165, 0.1165, 0.1165, 0.1165, 0.1165, 0.1165, 0.1165, 0.1165, 0.1165, 0.1165, 0.1165, 0.1165, 0.1165, 0.1165, 0.1165, 0.1165, 0.1165, 0.1165, 0.1165, 0.1165, 0.1165, 0.1165, 0.1165, 0.1165, 0.1165, 0.1165, 0.1165, 0.1165, 0.1165, 0.1165, 0.1165, 0.1165, 0.1165, 0.1165, 0.1165, 0.1165, 0.1165, 0.1165, 0.1165, 0.1165, 0.1165, 0.1165, 0.1165, 0.1165, 0.1165, 0.1165, 0.1165, 0.1165, 0.1165, 0.1165, 0.1165, 0.1165, 0.1165, 0.1165, 0.1165, 0.1165, 0.1165, 0.1165, 0.1165, 0.1165, 0.1165, 0.1165, 0.1165, 0.1165, 0.1165, 0.1165, 0.1165, 0.1165, 0.1165, 0.1165, 0.1165, 0.1165, 0.1165, 0.1165, 0.1165, 0.1165, 0.1165]","{""0"": 0.0, ""1"": 0.1423, ""2"": 0.0738, ""3"": 0.2025, ""4"": 0.031, ""5"": 0.2344, ""6"": 0.1475, ""7"": 0.1048}","[0.0, 0.0, 0.0, 0.0, 0.0, 0.0, 0.0, 0.0, 0.0, 0.0, 0.0, 0.0, 0.0, 0.0, 0.0, 0.0, 0.0, 0.0, 0.0, 0.0, 0.0, 0.0, 0.0, 0.1667, 0.625, 0.0, 0.2222, 0.0, 0.0, 0.0, 0.0, 0.0, 0.9231, 0.0, 0.3333, 0.0, 0.0, 0.1667, 0.0, 0.0, 1.0, 0.0, 1.0, 0.0, 0.4286, 0.0, 0.0, 0.0, 0.2, 0.0, 0.6, 0.0, 1.0, 0.0, 0.0, 0.0, 0.0, 0.0, 0.6667, 0.0, 0.875, 1.0, 0.2, 0.0, 0.0, 0.0, 0.1, 0.0, 1.0, 0.0, 0.0, 0.0, 0.0, 0.0, 0.0, 0.0, 0.25, 0.0, 0.0, 1.0, 0.0, 0.0, 0.0, 1.0, 0.0833, 0.0, 0.0, 0.375, 0.0, 0.0, 0.0, 0.8889, 0.0, 0.0, 1.0, 0.0, 0.0, 0.0, 0.0, 1.0, 0.0, 0.0, 1.0, 0.0, 0.0, 0.0, 0.0, 0.2857, 0.0, 0.0, 1.0, 0.0, 0.0, 0.0, 0.0, 0.0, 0.0, 0.0, 1.0, 0.0, 0.0, 0.0, 0.0, 0.0, 0.0, 0.0, 0.6, 0.0, 0.0, 0.0, 0.0, 0.0, 0.0, 0.0, 0.0, 1.0, 0.0, 0.0, 0.0, 0.0, 0.0, 0.0, 0.0, 0.4444, 0.0, 0.0, 1.0, 0.0, 0.0, 0.0, 0.0, 0.0, 0.0, 0.0, 0.1667, 0.0, 0.0, 0.0, 0.0, 0.1, 0.0, 0.0, 0.0, 0.0, 0.0, 0.0, 0.0, 0.0, 0.0, 0.0, 0.0, 0.0, 0.0, 0.0, 0.0, 0.1111, 0.0, 0.0, 0.0, 0.0, 0.0, 0.0, 0.0, 0.8571, 0.0, 0.0, 0.0, 0.0, 0.0, 0.0, 0.0, 1.0, 0.0, 0.0, 0.0, 0.125, 0.0, 0.0, 0.0, 0.0, 0.0, 0.0, 0.0, 0.0, 0.1111, 0.0, 0.0, 0.0, 0.0, 0.0, 0.0, 0.0, 0.6667, 0.0, 0.4286, 0.0, 0.0, 0.0, 0.0, 0.0, 0.8571, 0.0, 0.875, 0.0, 0.0, 0.0, 0.0, 0.0, 1.0, 0.0, 1.0, 0.0, 0.0, 0.0, 0.0, 0.0, 0.1111, 0.0, 1.0, 0.0, 0.0, 0.0, 0.0, 0.0, 0.1429, 0.0, 0.0, 0.0, 0.0, 0.0]"
cluster,0.8,6,cluster,0.16,0.16,0.16,0.0,17,True,320,0,282,1398,0,"[0.05, 0.071, 0.092, 0.106, 0.117, 0.128, 0.136, 0.139, 0.1415, 0.1455, 0.148, 0.152, 0.1545, 0.157, 0.1585, 0.1595, 0.16, 0.16, 0.16, 0.16, 0.16, 0.16, 0.16, 0.16, 0.16, 0.16, 0.16, 0.16, 0.16, 0.16, 0.16, 0.16, 0.16, 0.16, 0.16, 0.16, 0.16, 0.16, 0.16, 0.16, 0.16, 0.16, 0.16, 0.16, 0.16, 0.16, 0.16, 0.16, 0.16, 0.16, 0.16, 0.16, 0.16, 0.16, 0.16, 0.16, 0.16, 0.16, 0.16, 0.16, 0.16, 0.16, 0.16, 0.16, 0.16, 0.16, 0.16, 0.16, 0.16, 0.16, 0.16, 0.16, 0.16, 0.16, 0.16, 0.16, 0.16, 0.16, 0.16, 0.16, 0.16, 0.16, 0.16, 0.16, 0.16, 0.16, 0.16, 0.16, 0.16, 0.16, 0.16, 0.16, 0.16, 0.16, 0.16, 0.16, 0.16, 0.16, 0.16, 0.16, 0.16]","{""0"": 0.1098, ""1"": 0.1218, ""2"": 0.2746, ""3"": 0.0, ""4"": 0.0255, ""5"": 0.0272, ""6"": 0.2385, ""7"": 0.4899}","[0.1111, 0.0, 0.0, 0.0, 0.0, 0.0, 0.0, 0.0, 0.0, 0.0, 0.0, 0.1, 0.0, 0.0, 0.0, 0.0, 0.0, 0.0, 0.0, 1.0, 0.0, 0.0, 1.0, 0.9, 0.0, 0.0, 0.0, 1.0, 0.0, 0.0, 0.125, 1.0, 1.0, 0.0, 0.0, 1.0, 0.0, 0.0, 0.0, 0.6, 0.7778, 0.0, 0.0, 1.0, 0.0, 0.0, 0.0, 1.0, 0.8333, 0.0, 0.0, 0.8889, 0.0, 0.0, 0.0, 0.7778, 1.0, 0.0, 0.0, 0.7778, 0.0, 0.0, 0.0, 0.375, 1.0, 0.0, 0.0, 0.625, 0.0, 0.0, 0.0, 0.0, 1.0, 0.0, 0.0, 0.0, 0.0, 0.0, 0.0, 0.0, 1.0, 0.0, 0.0, 0.0, 0.0, 0.0, 0.0, 0.0, 0.6667, 0.2, 0.0, 0.0, 0.0, 0.0, 0.0, 0.0, 0.8889, 0.1429, 0.0, 0.0, 0.0, 0.0, 0.0, 0.0, 1.0, 0.0, 0.0, 0.0, 0.0, 0.0, 0.0, 0.0, 1.0, 0.0, 0.0, 0.0, 0.0, 0.0, 0.0, 0.7778, 1.0, 0.0, 0.0, 1.0, 0.0, 0.0, 0.0, 1.0, 0.8889, 0.0, 0.0, 0.0, 0.0, 0.0, 0.0, 0.6923, 0.8, 0.0, 0.0, 0.6364, 0.0, 0.1429, 0.0, 0.1667, 0.7778, 0.0, 0.0, 1.0, 0.0, 1.0, 0.0, 0.0, 0.8889, 0.0, 0.0, 0.4444, 0.0, 0.0, 0.0, 0.0, 0.8571, 0.0, 0.6667, 0.0, 0.0, 0.0, 0.0, 0.1667, 0.875, 0.0, 0.625, 0.0, 0.0, 0.0, 0.0, 0.0, 0.0, 0.0, 1.0, 0.0, 0.0, 0.0, 0.0, 0.0, 0.0, 0.5, 1.0, 0.0, 0.0, 0.0, 0.0, 0.0, 0.0, 1.0, 0.8333, 0.0, 0.0, 0.0, 0.0, 0.0, 0.0, 0.3333, 0.125, 0.0, 0.0, 0.0, 0.0, 0.0, 0.0, 0.0, 0.0, 0.0, 0.0, 0.0, 0.0, 0.0, 0.0, 0.0, 0.0, 0.0, 0.0, 0.0, 0.0, 0.0, 0.0, 1.0, 0.0, 0.0, 0.0, 0.0, 0.0, 0.0, 0.0, 1.0, 0.0, 0.0, 0.0, 0.0, 0.0, 0.0, 0.2, 0.0, 0.0, 0.0, 0.0, 0.0, 0.0, 0.0, 0.0, 0.0]"
cluster,0.8,7,cluster,0.148,0.148,0.148,0.0,14,True,296,0,297,1407,0,"[0.05, 0.0675, 0.0815, 0.096, 0.1085, 0.1165, 0.121, 0.125, 0.13, 0.1345, 0.141, 0.1455, 0.1475, 0.148, 0.148, 0.148, 0.148, 0.148, 0.148, 0.148, 0.148, 0.148, 0.148, 0.148, 0.148, 0.148, 0.148, 0.148, 0.148, 0.148, 0.148, 0.148, 0.148, 0.148, 0.148, 0.148, 0.148, 0.148, 0.148, 0.148, 0.148, 0.148, 0.148, 0.148, 0.148, 0.148, 0.148, 0.148, 0.148, 0.148, 0.148, 0.148, 0.148, 0.148, 0.148, 0.148, 0.148, 0.148, 0.148, 0.148, 0.148, 0.148, 0.148, 0.148, 0.148, 0.148, 0.148, 0.148, 0.148, 0.148, 0.148, 0.148, 0.148, 0.148, 0.148, 0.148, 0.148, 0.148, 0.148, 0.148, 0.148, 0.148, 0.148, 0.148, 0.148, 0.148, 0.148, 0.148, 0.148, 0.148, 0.148, 0.148, 0.148, 0.148, 0.148, 0.148, 0.148, 0.148, 0.148, 0.148, 0.148]","{""0"": 0.0529, ""1"": 0.3992, ""2"": 0.1882, ""3"": 0.0669, ""4"": 0.0041, ""5"": 0.0303, ""6"": 0.1575, ""7"": 0.2682}","[0.0, 0.0, 1.0, 0.0, 0.0, 0.0, 0.0, 0.0, 0.5, 0.0, 1.0, 0.0, 0.0, 0.0, 0.0, 0.0, 1.0, 0.0, 0.5, 0.0, 0.0, 0.0, 0.0, 0.1111, 0.8, 0.0, 1.0, 0.0, 0.0, 0.0, 0.0, 0.0, 0.1538, 0.0, 1.0, 0.0, 0.0, 0.0, 0.0, 0.0, 0.5714, 0.0, 0.5, 0.0, 0.0, 0.0, 0.0, 0.0, 1.0, 0.0, 0.8, 0.0, 0.0, 0.0, 0.0, 0.0, 1.0, 0.0, 0.8571, 0.0, 0.0, 0.0, 0.0, 0.0, 0.375, 0.0, 1.0, 0.0, 0.0, 0.0, 1.0, 0.0, 0.2, 0.0, 1.0, 0.0, 0.0, 0.0, 0.0, 0.0, 0.2, 0.0, 1.0, 0.0, 0.0, 0.0, 0.0, 0.0, 0.0, 0.1429, 0.8571, 0.7143, 0.0, 0.0, 0.0, 0.0, 0.0, 0.0, 1.0, 1.0, 0.0, 0.0, 0.0, 0.0714, 0.0, 0.0, 1.0, 1.0, 0.0, 0.0, 0.0, 0.0, 0.0, 0.0, 0.2857, 0.8571, 0.0, 0.0, 0.0, 0.8333, 0.0, 0.0, 0.125, 1.0, 0.0, 0.0, 0.0, 1.0, 0.0, 0.0, 0.0, 1.0, 0.1667, 0.0, 0.0, 0.0, 0.125, 0.0, 0.0, 0.6, 0.0, 0.0, 0.0, 0.1667, 0.0, 0.0, 0.0, 0.0, 0.0, 0.0, 0.0, 0.0, 0.0, 0.0, 0.0, 0.0, 1.0, 0.0, 0.0, 0.0, 0.0, 0.0, 0.0, 0.0, 0.75, 0.0, 0.0, 0.0, 0.0, 0.0, 0.0, 0.0, 0.125, 0.0, 0.0, 0.0, 0.0, 0.0, 0.0, 0.0, 0.0, 0.0, 0.0, 0.0, 0.0, 0.0, 0.0, 0.0, 0.0, 0.0, 0.0, 0.0, 0.25, 0.0, 0.0, 0.0, 0.0, 0.0, 0.0, 0.0, 1.0, 0.0, 0.0, 0.0, 0.0, 0.0833, 0.0, 0.0, 0.5556, 0.0, 0.0, 0.0, 0.0, 0.0, 0.0, 0.0, 0.6, 0.0, 0.0, 0.0, 0.0, 0.0, 0.0, 1.0, 0.1111, 1.0, 0.0, 0.0, 0.0, 0.0, 0.0, 1.0, 0.0, 0.125, 0.0, 0.0, 0.1667, 0.0, 0.0, 1.0, 0.0, 0.0, 0.1111, 0.0, 0.0, 0.0, 0.0, 0.2, 0.0, 0.0]"
cluster,0.8,8,cluster,0.1265,0.1265,0.1265,0.0,10,True,253,0,297,1450,0,"[0.05, 0.07, 0.0895, 0.105, 0.1135, 0.1185, 0.123, 0.1245, 0.126, 0.1265, 0.1265, 0.1265, 0.1265, 0.1265, 0.1265, 0.1265, 0.1265, 0.1265, 0.1265, 0.1265, 0.1265, 0.1265, 0.1265, 0.1265, 0.1265, 0.1265, 0.1265, 0.1265, 0.1265, 0.1265, 0.1265, 0.1265, 0.1265, 0.1265, 0.1265, 0.1265, 0.1265, 0.1265, 0.1265, 0.1265, 0.1265, 0.1265, 0.1265, 0.1265, 0.1265, 0.1265, 0.1265, 0.1265, 0.1265, 0.1265, 0.1265, 0.1265, 0.1265, 0.1265, 0.1265, 0.1265, 0.1265, 0.1265, 0.1265, 0.1265, 0.1265, 0.1265, 0.1265, 0.1265, 0.1265, 0.1265, 0.1265, 0.1265, 0.1265, 0.1265, 0.1265, 0.1265, 0.1265, 0.1265, 0.1265, 0.1265, 0.1265, 0.1265, 0.1265, 0.1265, 0.1265, 0.1265, 0.1265, 0.1265, 0.1265, 0.1265, 0.1265, 0.1265, 0.1265, 0.1265, 0.1265, 0.1265, 0.1265, 0.1265, 0.1265, 0.1265, 0.1265, 0.1265, 0.1265, 0.1265, 0.1265]","{""0"": 0.082, ""1"": 0.0305, ""2"": 0.3504, ""3"": 0.0, ""4"": 0.0207, ""5"": 0.0, ""6"": 0.121, ""7"": 0.4246}","[0.2222, 0.0, 0.0, 0.0, 0.0, 0.1111, 0.0, 0.0, 1.0, 0.0, 0.0, 0.125, 0.0, 0.0, 0.0, 0.0, 0.7143, 0.0, 0.0, 0.0, 0.0, 0.2857, 0.0, 0.0, 0.2, 0.1429, 0.0, 0.0, 0.0, 0.0, 0.0, 0.0, 1.0, 0.0, 0.0, 0.0, 0.0, 0.0, 0.0, 0.0, 0.8889, 0.0, 0.0, 0.0, 0.0, 0.0, 0.0, 0.0, 0.0, 0.0, 1.0, 0.8571, 0.0, 0.0, 0.0, 0.0, 0.0, 0.0, 0.0, 1.0, 0.0, 0.0, 0.0, 0.0, 0.0, 0.0, 0.0, 1.0, 0.0, 0.0, 0.0, 0.0, 0.0, 0.0, 0.0, 0.75, 0.0, 0.0, 0.0, 0.0, 0.0, 1.0, 0.0, 0.0, 0.0, 0.0, 0.0, 0.125, 0.0, 1.0, 0.0, 0.0, 0.0, 0.0, 0.0, 0.5, 0.0, 0.0, 0.0, 0.0, 0.0, 0.0, 0.0, 1.0, 0.0, 0.0, 0.0, 0.0, 0.0, 0.0, 0.0, 1.0, 0.3333, 0.0, 0.0, 1.0, 0.0, 0.0, 0.0, 0.0769, 1.0, 0.0, 0.0, 1.0, 0.0, 0.0, 0.0, 0.0, 0.75, 0.0, 0.1, 1.0, 0.0, 0.0, 0.0, 0.0, 0.0, 0.0, 0.0, 0.0, 0.0, 0.0, 0.0, 0.0, 0.0, 0.0, 0.0, 0.9, 0.0, 0.0, 0.0, 1.0, 0.0, 0.0, 0.0, 1.0, 0.0, 0.0, 0.0, 0.625, 0.0, 0.0, 0.0, 0.8333, 0.0, 0.0, 0.0, 0.0, 0.0, 0.0, 0.0, 1.0, 0.0, 0.0, 0.0, 0.0, 0.0714, 0.0, 0.0, 0.8, 0.0, 0.1111, 0.0, 0.0, 0.0, 0.0, 0.0, 0.2, 0.0, 0.0, 0.0, 0.0, 0.1667, 0.0, 0.0, 0.0, 0.0, 0.1429, 0.0, 0.0, 1.0, 0.0, 0.0, 0.0, 0.0, 0.0, 0.0, 0.0, 1.0, 0.0, 0.0, 0.0, 0.0, 0.0, 0.0, 0.0, 0.875, 0.0, 0.0, 0.0, 0.0, 0.0, 0.0, 0.0, 0.6364, 0.0, 0.0, 0.0, 0.0, 0.0, 0.0, 0.0, 1.0, 0.0, 0.0, 0.0, 0.0, 0.0, 0.0, 0.0, 0.9286, 0.0, 0.0, 0.0, 0.0, 0.0, 0.0, 0.0, 1.0, 0.0]"
cluster,0.8,9,cluster,0.164,0.164,0.164,0.0,24,True,328,0,290,1382,0,"[0.05, 0.063, 0.075, 0.0835, 0.092, 0.1, 0.1075, 0.114, 0.119, 0.1265, 0.131, 0.1345, 0.1395, 0.1465, 0.1495, 0.152, 0.1565, 0.159, 0.16, 0.1605, 0.1615, 0.162, 0.1635, 0.164, 0.164, 0.164, 0.164, 0.164, 0.164, 0.164, 0.164, 0.164, 0.164, 0.164, 0.164, 0.164, 0.164, 0.164, 0.164, 0.164, 0.164, 0.164, 0.164, 0.164, 0.164, 0.164, 0.164, 0.164, 0.164, 0.164, 0.164, 0.164, 0.164, 0.164, 0.164, 0.164, 0.164, 0.164, 0.164, 0.164, 0.164, 0.164, 0.164, 0.164, 0.164, 0.164, 0.164, 0.164, 0.164, 0.164, 0.164, 0.164, 0.164, 0.164, 0.164, 0.164, 0.164, 0.164, 0.164, 0.164, 0.164, 0.164, 0.164, 0.164, 0.164, 0.164, 0.164, 0.164, 0.164, 0.164, 0.164, 0.164, 0.164, 0.164, 0.164, 0.164, 0.164, 0.164, 0.164, 0.164, 0.164]","{""0"": 0.0779, ""1"": 0.0081, ""2"": 0.3938, ""3"": 0.0455, ""4"": 0.2927, ""5"": 0.373, ""6"": 0.0758, ""7"": 0.0258}","[0.3333, 0.0, 0.0, 0.0, 0.0, 1.0, 0.0909, 0.0, 0.0, 0.0, 0.0, 0.0, 0.0, 0.9091, 0.0, 0.0769, 0.0, 0.0, 0.0, 0.0, 0.0, 0.75, 0.0, 0.5, 0.0, 0.0, 0.0, 0.0, 0.0, 0.0, 0.0, 0.7, 0.0, 0.0, 0.0, 0.0, 0.0, 0.0, 0.0, 1.0, 0.0, 0.0, 0.0, 0.0, 0.0, 0.125, 0.0, 0.0, 0.0, 0.0, 0.0, 0.0, 0.0, 0.125, 0.1111, 0.0, 0.0, 0.0, 0.1, 0.0, 0.1667, 0.1667, 0.4286, 0.0, 0.0, 0.0, 0.0, 0.0, 1.0, 0.0, 0.8333, 0.0, 0.0, 0.0, 0.25, 0.5, 0.25, 0.0, 0.9, 0.0, 0.0, 0.0, 0.0, 0.0, 0.1, 0.0, 1.0, 0.0, 0.0, 0.0, 0.0, 0.0, 0.0, 0.0, 0.4286, 0.0, 0.0, 0.0, 0.0, 0.0, 0.0, 0.0, 0.5714, 0.0, 0.0, 0.0, 0.0, 0.0, 0.0, 0.0, 0.8571, 0.0, 0.0, 0.0, 0.0, 0.0, 0.0, 0.0, 0.8, 0.0, 0.0, 0.0, 0.0, 0.5714, 0.0, 0.0, 1.0, 0.0, 1.0, 0.3333, 0.0, 0.75, 0.0, 0.0, 1.0, 0.0, 0.0, 0.4, 0.0, 1.0, 0.0, 0.0, 0.875, 0.0, 0.0, 0.0, 0.0, 1.0, 0.0, 0.0, 1.0, 0.0667, 0.0, 1.0, 0.0, 1.0, 0.0, 0.0, 0.7778, 0.0, 0.0, 0.2857, 0.0, 1.0, 0.0, 0.0, 0.4444, 0.0, 0.0, 0.0, 0.0, 0.7778, 0.0, 0.0, 0.0, 0.0, 0.0, 0.0, 0.0, 1.0, 0.0, 0.0, 0.0, 0.0, 0.0, 0.0, 0.0, 0.8571, 0.0, 0.1111, 0.2, 0.0, 0.0, 0.0, 0.0, 0.8571, 0.0, 0.2222, 0.0, 0.0, 0.0, 0.0, 0.0, 1.0, 0.0, 1.0, 0.0, 0.0, 0.0, 0.0, 0.0, 1.0, 0.0, 1.0, 0.0, 0.0, 0.0, 0.0, 0.0, 0.8571, 0.0, 0.8, 0.0, 0.0, 0.0, 0.0, 0.0, 0.875, 0.0, 0.8333, 0.0, 0.0, 0.0, 0.0, 0.0, 0.0, 0.0, 1.0, 0.1429, 0.0, 0.0, 0.0, 0.0, 0.0, 0.0, 1.0, 0.0, 0.0, 0.0, 1.0]"
cluster,0.8,10,cluster,0.145,0.145,0.145,0.0,15,True,290,0,305,1405,0,"[0.05, 0.068, 0.085, 0.099, 0.109, 0.1175, 0.125, 0.131, 0.135, 0.137, 0.138, 0.14, 0.1415, 0.144, 0.145, 0.145, 0.145, 0.145, 0.145, 0.145, 0.145, 0.145, 0.145, 0.145, 0.145, 0.145, 0.145, 0.145, 0.145, 0.145, 0.145, 0.145, 0.145, 0.145, 0.145, 0.145, 0.145, 0.145, 0.145, 0.145, 0.145, 0.145, 0.145, 0.145, 0.145, 0.145, 0.145, 0.145, 0.145, 0.145, 0.145, 0.145, 0.145, 0.145, 0.145, 0.145, 0.145, 0.145, 0.145, 0.145, 0.145, 0.145, 0.145, 0.145, 0.145, 0.145, 0.145, 0.145, 0.145, 0.145, 0.145, 0.145, 0.145, 0.145, 0.145, 0.145, 0.145, 0.145, 0.145, 0.145, 0.145, 0.145, 0.145, 0.145, 0.145, 0.145, 0.145, 0.145, 0.145, 0.145, 0.145, 0.145, 0.145, 0.145, 0.145, 0.145, 0.145, 0.145, 0.145, 0.145, 0.145]","{""0"": 0.405, ""1"": 0.0208, ""2"": 0.1025, ""3"": 0.0402, ""4"": 0.1914, ""5"": 0.144, ""6"": 0.1379, ""7"": 0.1206}","[0.1111, 0.0, 0.0, 0.1111, 0.0, 0.0, 0.1667, 0.0, 0.0, 0.7143, 0.0, 0.0, 0.0, 0.0, 0.0, 0.0, 0.0, 1.0, 0.0, 0.0, 0.0, 0.0, 0.0, 0.0, 0.0, 1.0, 0.0, 1.0, 0.0, 0.0, 0.0, 0.375, 0.0, 1.0, 0.0, 0.0, 0.0, 0.0, 0.0, 1.0, 0.0, 0.9, 0.0, 0.0, 0.0, 0.0, 0.1111, 0.0, 0.0, 0.2, 0.0, 0.5, 0.0, 0.0, 1.0, 0.0, 0.0769, 0.0, 0.0, 0.8571, 0.0, 0.0, 0.75, 0.0, 0.1, 0.1429, 0.0, 1.0, 0.0, 0.0, 0.875, 0.0, 0.6, 0.3333, 1.0, 0.6667, 0.0, 0.0, 0.1429, 0.0, 1.0, 1.0, 0.0, 0.1429, 0.0, 0.0, 0.0, 0.0, 1.0, 1.0, 0.0, 0.0, 0.0, 0.0, 0.0, 0.0, 0.75, 1.0, 0.0, 0.0, 0.0, 0.0, 0.0, 0.1429, 0.1538, 0.7143, 0.0, 0.0, 0.0, 0.4444, 0.0, 0.1667, 0.0, 0.6, 0.0, 0.0, 0.0, 0.8333, 0.0, 0.0, 0.0, 1.0, 0.0, 0.0, 0.0, 1.0, 0.0, 1.0, 0.0, 0.375, 0.0, 0.0, 0.0, 0.8, 0.0, 0.75, 0.0, 0.3333, 0.0, 0.0, 0.0, 1.0, 0.0, 0.0, 0.0, 0.0, 0.0, 0.0, 1.0, 1.0, 0.0, 0.0, 0.0, 0.0, 0.0, 0.0, 0.1111, 0.6364, 0.0, 0.0, 0.0, 0.0, 0.0, 0.0, 0.0, 0.1, 0.0, 0.0, 0.0, 0.0, 0.0, 0.0, 0.0, 0.0, 0.0, 0.0, 0.0, 0.0, 0.0, 0.0, 0.0, 0.0, 0.0, 0.0, 0.0, 0.0, 0.0, 0.0, 0.0, 0.0, 0.0, 0.0, 0.0, 0.375, 0.0, 0.0, 0.0, 0.2, 0.0, 0.0, 0.0, 1.0, 0.0, 0.0, 0.0, 0.0, 1.0, 1.0, 0.0, 0.125, 0.0, 0.0, 0.0, 0.0, 0.0, 0.5, 0.0, 0.1667, 0.0, 0.0, 0.0, 0.0, 0.0, 0.0, 0.0, 0.0, 0.125, 0.0, 0.0, 0.0, 0.2222, 0.0, 0.125, 0.0, 0.0, 0.0, 0.0, 0.0, 0.8, 0.0, 0.0, 0.0, 0.0, 0.0, 0.0, 0.0, 0.625, 0.0, 0.0, 0.0]"
cluster,0.8,11,cluster,0.1625,0.1625,0.1625,-0.0,18,True,325,0,281,1394,0,"[0.05, 0.0695, 0.0875, 0.099, 0.109, 0.118, 0.125, 0.1335, 0.139, 0.145, 0.1495, 0.1515, 0.1535, 0.1545, 0.156, 0.1585, 0.1615, 0.1625, 0.1625, 0.1625, 0.1625, 0.1625, 0.1625, 0.1625, 0.1625, 0.1625, 0.1625, 0.1625, 0.1625, 0.1625, 0.1625, 0.1625, 0.1625, 0.1625, 0.1625, 0.1625, 0.1625, 0.1625, 0.1625, 0.1625, 0.1625, 0.1625, 0.1625, 0.1625, 0.1625, 0.1625, 0.1625, 0.1625, 0.1625, 0.1625, 0.1625, 0.1625, 0.1625, 0.1625, 0.1625, 0.1625, 0.1625, 0.1625, 0.1625, 0.1625, 0.1625, 0.1625, 0.1625, 0.1625, 0.1625, 0.1625, 0.1625, 0.1625, 0.1625, 0.1625, 0.1625, 0.1625, 0.1625, 0.1625, 0.1625, 0.1625, 0.1625, 0.1625, 0.1625, 0.1625, 0.1625, 0.1625, 0.1625, 0.1625, 0.1625, 0.1625, 0.1625, 0.1625, 0.1625, 0.1625, 0.1625, 0.1625, 0.1625, 0.1625, 0.1625, 0.1625, 0.1625, 0.1625, 0.1625, 0.1625, 0.1625]","{""0"": 0.0, ""1"": 0.1358, ""2"": 0.0757, ""3"": 0.1206, ""4"": 0.0661, ""5"": 0.1612, ""6"": 0.5289, ""7"": 0.2638}","[0.1111, 0.0, 1.0, 0.0, 0.0, 0.0, 0.0, 0.0, 0.0, 0.0, 1.0, 0.0, 0.0, 0.0, 0.0, 0.0909, 0.0, 0.0, 0.8, 0.0, 0.0, 0.0, 0.0, 0.0, 0.0, 0.0, 0.0, 0.0, 0.0, 0.0, 0.0, 0.0, 0.0, 0.0, 0.0, 0.0, 0.0, 0.0, 0.0, 0.2222, 1.0, 0.0, 0.0, 0.0, 0.0, 0.0, 0.0, 1.0, 0.0, 0.0, 0.0909, 0.0, 0.0, 0.0, 0.0, 1.0, 0.0, 0.0, 0.0, 0.0, 0.0, 0.0, 0.0, 0.0, 0.0, 0.0, 0.0, 0.0, 0.0, 0.0, 0.0, 0.0, 0.0, 0.0, 0.0, 0.0, 0.0, 0.0, 0.0, 0.0, 0.0, 0.0, 0.0, 0.0, 0.0, 0.0, 0.0, 0.0, 0.0, 0.0, 0.0, 0.0, 0.0, 0.2, 0.0, 0.25, 0.5556, 0.0, 0.0, 0.0, 0.0, 0.625, 0.0, 0.4, 0.875, 0.0, 0.0, 0.0, 0.0, 1.0, 0.0, 1.0, 1.0, 0.0, 0.0, 0.0, 0.0, 0.0909, 0.0, 1.0, 1.0, 0.0, 0.0, 0.1111, 0.0, 0.0, 0.0, 0.8, 1.0, 0.0, 0.0, 1.0, 0.3333, 0.0, 0.0, 0.0, 1.0, 0.0, 0.0, 0.1667, 0.8, 0.0, 0.0, 0.0, 1.0, 0.0, 0.0, 0.125, 1.0, 0.0, 0.0, 0.1667, 0.8571, 0.0, 0.0, 0.0, 1.0, 0.0, 0.0, 0.1429, 0.0, 0.0, 0.0, 0.0, 1.0, 0.0, 0.0, 1.0, 0.1667, 0.0, 0.0, 0.0, 0.0, 0.0, 0.25, 0.8, 0.0, 0.0, 0.0, 0.0, 0.0, 0.0, 0.2857, 0.8333, 0.0, 0.0, 0.0, 0.0, 0.0, 0.0, 0.8, 0.9091, 0.0, 0.0, 0.0, 0.0, 0.0, 0.0, 1.0, 1.0, 0.1429, 0.0, 0.0, 0.0, 0.0, 0.0, 0.75, 0.8, 0.0, 0.0, 0.0, 0.0, 0.0, 0.0, 0.8333, 1.0, 0.0, 0.0, 0.0, 1.0, 0.0, 0.0, 0.875, 1.0, 0.1111, 0.0, 0.0, 0.0, 0.0, 0.0, 1.0, 1.0, 0.0, 0.0, 0.8333, 0.1429, 0.0, 0.0, 0.0, 1.0, 0.0, 0.0, 1.0, 0.0, 0.0, 0.0, 0.0, 0.9, 0.0, 0.0]"
random,0.4,0,random,0.0805,0.0805,0.0805,0.0,6,True,161,0,261,1578,0,"[0.05, 0.0715, 0.0765, 0.079, 0.08, 0.0805, 0.0805, 0.0805, 0.0805, 0.0805, 0.0805, 0.0805, 0.0805, 0.0805, 0.0805, 0.0805, 0.0805, 0.0805, 0.0805, 0.0805, 0.0805, 0.0805, 0.0805, 0.0805, 0.0805, 0.0805, 0.0805, 0.0805, 0.0805, 0.0805, 0.0805, 0.0805, 0.0805, 0.0805, 0.0805, 0.0805, 0.0805, 0.0805, 0.0805, 0.0805, 0.0805, 0.0805, 0.0805, 0.0805, 0.0805, 0.0805, 0.0805, 0.0805, 0.0805, 0.0805, 0.0805, 0.0805, 0.0805, 0.0805, 0.0805, 0.0805, 0.0805, 0.0805, 0.0805, 0.0805, 0.0805, 0.0805, 0.0805, 0.0805, 0.0805, 0.0805, 0.0805, 0.0805, 0.0805, 0.0805, 0.0805, 0.0805, 0.0805, 0.0805, 0.0805, 0.0805, 0.0805, 0.0805, 0.0805, 0.0805, 0.0805, 0.0805, 0.0805, 0.0805, 0.0805, 0.0805, 0.0805, 0.0805, 0.0805, 0.0805, 0.0805, 0.0805, 0.0805, 0.0805, 0.0805, 0.0805, 0.0805, 0.0805, 0.0805, 0.0805, 0.0805]","{""0"": 0.0989, ""1"": 0.0494, ""2"": 0.0744, ""3"": 0.0583, ""4"": 0.051, ""5"": 0.0891, ""6"": 0.064, ""7"": 0.1544}","[0.1111, 0.2222, 0.0, 0.0, 0.0, 0.0, 0.0769, 0.0833, 0.0, 0.1111, 0.0, 0.0, 0.125, 0.125, 0.375, 0.125, 0.0, 0.125, 0.0, 0.375, 0.0, 0.0, 0.125, 0.0, 0.0, 0.1429, 0.0, 0.0, 0.0, 0.125, 0.1667, 0.0, 0.0, 0.0, 0.0, 0.0, 0.0, 0.0, 0.0, 0.0, 0.0, 0.0, 0.0, 0.0, 0.1111, 0.1111, 0.0, 0.0, 0.0, 0.1, 0.0, 0.0, 0.0, 0.0, 0.1429, 0.1667, 0.1538, 0.125, 0.4, 0.0, 0.0, 0.0, 0.0, 0.0, 0.0, 0.0, 0.0, 0.0, 0.0, 0.125, 0.0, 0.0, 0.4286, 0.25, 0.0, 0.5, 0.1667, 0.0, 0.0, 0.0, 0.1111, 0.0, 0.0, 0.0, 0.0, 0.0, 0.0, 0.0, 0.7143, 0.0, 0.0, 0.0, 0.0, 0.1111, 0.0, 0.0, 0.1667, 0.0, 0.1667, 0.1111, 0.0, 0.1111, 0.0, 0.125, 0.0, 0.0, 0.0, 0.0, 0.0, 0.4, 0.2, 0.0, 0.0, 0.125, 0.0, 0.1667, 0.2222, 0.0, 0.0, 0.1, 0.1429, 0.0, 0.0, 0.0, 0.4, 0.0, 0.0, 0.0, 0.0, 0.0, 0.125, 0.0, 0.1, 0.0, 0.1667, 0.0, 0.1111, 0.0, 0.0, 0.0, 0.0, 0.0, 0.25, 0.0, 0.1667, 0.0, 0.0, 0.125, 0.0, 0.0, 0.0909, 0.0, 0.2308, 0.0, 0.0, 0.0, 0.0, 0.0, 0.0, 0.1667, 0.0769, 0.2, 0.1, 0.1, 0.0, 0.4286, 0.2, 0.1429, 0.0, 0.5, 0.0, 0.4, 0.0, 0.1818, 0.0909, 0.1429, 0.0, 0.2222, 0.25, 0.1, 0.0, 0.0, 0.125, 0.0, 0.1818, 0.1667, 0.1429, 0.1667, 0.1667, 0.0, 0.0, 0.4, 0.0, 0.0, 0.0, 0.0, 0.1429, 0.0, 0.3636, 0.0, 0.0833, 0.0, 0.125, 0.1667, 0.0, 0.0, 0.0, 0.0, 0.8, 0.6, 0.1111, 0.125, 0.0, 0.0, 0.0, 0.0833, 0.2222, 0.3, 0.0, 0.1429, 0.0, 0.0, 0.0, 0.1818, 0.1818, 0.0769, 0.1, 0.0, 0.0, 0.0, 0.0, 0.0, 0.2222, 0.0, 0.1429, 0.0, 0.0, 0.0, 0.2, 0.0, 0.5714, 0.0, 0.0, 0.0, 0.0, 0.0, 0.0, 0.3333, 0.0, 0.0]"
random,0.4,1,random,0.085,0.085,0.085,0.0,5,True,170,0,314,1516,0,"[0.05, 0.074, 0.082, 0.0835, 0.085, 0.085, 0.085, 0.085, 0.085, 0.085, 0.085, 0.085, 0.085, 0.085, 0.085, 0.085, 0.085, 0.085, 0.085, 0.085, 0.085, 0.085, 0.085, 0.085, 0.085, 0.085, 0.085, 0.085, 0.085, 0.085, 0.085, 0.085, 0.085, 0.085, 0.085, 0.085, 0.085, 0.085, 0.085, 0.085, 0.085, 0.085, 0.085, 0.085, 0.085, 0.085, 0.085, 0.085, 0.085, 0.085, 0.085, 0.085, 0.085, 0.085, 0.085, 0.085, 0.085, 0.085, 0.085, 0.085, 0.085, 0.085, 0.085, 0.085, 0.085, 0.085, 0.085, 0.085, 0.085, 0.085, 0.085, 0.085, 0.085, 0.085, 0.085, 0.085, 0.085, 0.085, 0.085, 0.085, 0.085, 0.085, 0.085, 0.085, 0.085, 0.085, 0.085, 0.085, 0.085, 0.085, 0.085, 0.085, 0.085, 0.085, 0.085, 0.085, 0.085, 0.085, 0.085, 0.085, 0.085]","{""0"": 0.0582, ""1"": 0.0939, ""2"": 0.1059, ""3"": 0.0625, ""4"": 0.0575, ""5"": 0.0887, ""6"": 0.1377, ""7"": 0.0769}","[0.0, 0.0, 0.0, 0.1538, 0.1667, 0.0, 0.0, 0.0, 0.0, 0.0909, 0.6, 0.1, 0.0, 0.0, 0.0, 0.0, 0.0, 0.0, 0.5, 0.1429, 0.0, 0.125, 0.0, 0.25, 0.1, 0.0, 0.0, 1.0, 0.0, 0.2, 0.0, 0.125, 0.2, 0.0, 0.0, 0.3333, 0.0, 0.25, 0.0, 0.5385, 0.0, 0.0, 0.0, 0.4, 0.0, 0.1429, 0.0, 0.2857, 0.1429, 0.0, 0.0, 0.0, 0.0, 0.3333, 0.1429, 0.3333, 0.1111, 0.0, 0.0, 0.0, 0.0909, 0.0, 0.0, 0.0, 0.0, 0.2308, 0.0, 0.0, 0.0, 0.0, 0.0, 0.0, 0.625, 0.1429, 0.125, 0.0, 0.1111, 0.1429, 0.0, 0.0, 0.1, 0.2, 0.1111, 0.1111, 0.1, 0.0, 0.0, 0.25, 0.125, 0.0, 0.0, 0.0, 0.2, 0.0, 0.25, 0.0, 0.0, 0.0, 0.0, 0.0, 0.0, 0.2, 0.75, 0.375, 0.0, 0.1429, 0.0, 0.0, 0.0, 0.0, 0.1429, 0.1111, 0.0, 0.0, 0.0, 0.1, 0.0714, 0.0, 0.1429, 0.0, 0.0, 0.125, 0.0, 0.1818, 0.0, 0.1667, 0.0, 0.0, 0.1429, 0.0, 0.5, 0.2222, 0.125, 0.1429, 0.1538, 0.0, 0.0, 0.0, 0.0, 0.0, 0.0, 0.0, 0.0, 0.0, 0.0, 0.0, 0.0, 0.1667, 0.0, 0.0, 0.125, 0.0, 0.1429, 0.0, 0.1111, 0.2, 0.1111, 0.0, 0.0, 0.0, 0.0, 0.1111, 0.2, 0.0, 0.0, 0.0, 0.0, 0.0, 0.0, 0.0, 0.4, 0.1667, 0.2222, 0.0, 0.2857, 0.3, 0.0, 0.0, 0.0, 0.0, 0.0, 0.0, 0.125, 0.125, 0.0, 0.0, 0.0, 0.0, 0.0, 0.0, 0.0, 0.125, 0.0, 0.0, 0.125, 0.0, 0.1111, 0.0, 0.1429, 0.3, 0.0, 0.0, 0.0, 0.2857, 0.25, 0.0, 0.1111, 0.0, 0.1429, 0.375, 0.0, 0.0769, 0.0769, 0.0, 0.0, 0.25, 0.0, 0.25, 0.1429, 0.0, 0.1818, 0.0, 0.0, 0.375, 0.1667, 0.125, 0.0, 0.0, 0.0, 0.0, 0.125, 0.375, 0.1429, 0.0909, 0.0, 0.0, 0.0, 0.1429, 0.0, 0.25, 0.0, 0.0, 0.0, 0.0, 0.0, 0.0, 0.2, 0.0, 0.2857, 0.0]"
random,0.4,2,random,0.087,0.087,0.087,0.0,6,True,174,0,262,1564,0,"[0.05, 0.0735, 0.0815, 0.0855, 0.0865, 0.087, 0.087, 0.087, 0.087, 0.087, 0.087, 0.087, 0.087, 0.087, 0.087, 0.087, 0.087, 0.087, 0.087, 0.087, 0.087, 0.087, 0.087, 0.087, 0.087, 0.087, 0.087, 0.087, 0.087, 0.087, 0.087, 0.087, 0.087, 0.087, 0.087, 0.087, 0.087, 0.087, 0.087, 0.087, 0.087, 0.087, 0.087, 0.087, 0.087, 0.087, 0.087, 0.087, 0.087, 0.087, 0.087, 0.087, 0.087, 0.087, 0.087, 0.087, 0.087, 0.087, 0.087, 0.087, 0.087, 0.087, 0.087, 0.087, 0.087, 0.087, 0.087, 0.087, 0.087, 0.087, 0.087, 0.087, 0.087, 0.087, 0.087, 0.087, 0.087, 0.087, 0.087, 0.087, 0.087, 0.087, 0.087, 0.087, 0.087, 0.087, 0.087, 0.087, 0.087, 0.087, 0.087, 0.087, 0.087, 0.087, 0.087, 0.087, 0.087, 0.087, 0.087, 0.087, 0.087]","{""0"": 0.0597, ""1"": 0.0916, ""2"": 0.0951, ""3"": 0.0851, ""4"": 0.0979, ""5"": 0.0944, ""6"": 0.1218, ""7"": 0.0566}","[0.2222, 0.2, 0.0, 0.1429, 0.0, 0.0, 0.25, 0.2222, 0.0, 0.2, 0.0, 0.1111, 0.0, 0.2222, 0.0, 0.0, 0.0, 0.1429, 0.0, 0.0, 0.0, 0.5, 0.0, 0.0, 0.1429, 0.0, 0.2, 0.2, 0.0, 0.25, 0.0, 0.2222, 0.0, 0.0, 0.0, 0.0, 0.1, 0.0, 0.25, 0.0, 0.0, 0.125, 0.0, 0.125, 0.3333, 0.0, 0.0, 0.0, 0.0, 0.0, 0.1667, 0.0, 0.0, 0.0, 0.0, 0.0, 0.0, 0.0, 0.2308, 0.0, 0.0, 0.0, 0.0, 0.0, 0.0, 0.0, 0.0, 0.0, 0.2, 0.1, 0.0, 0.0, 0.0909, 0.1818, 0.0, 0.0, 0.0, 0.0, 0.2, 0.2, 0.0, 0.2222, 0.0, 0.0, 0.0, 0.0769, 0.0, 0.1429, 0.2857, 0.0, 0.0, 0.0, 0.0, 0.125, 0.1, 0.2857, 0.0, 0.0, 0.0, 0.1429, 0.0, 0.0, 0.1, 0.375, 0.0, 0.0, 0.0, 0.3333, 0.0, 0.0, 0.0, 0.75, 0.3333, 0.0, 0.0, 0.0909, 0.0, 0.6364, 0.0, 0.125, 0.0, 0.0, 0.3333, 0.2727, 0.125, 0.0, 0.6667, 0.125, 0.0, 0.1, 0.0, 0.7778, 0.3, 0.1429, 0.4, 0.0, 0.0, 0.0, 0.0, 0.0, 0.0, 0.1429, 0.125, 0.0, 0.25, 0.0, 0.1111, 0.0, 0.0, 0.1667, 0.0, 0.0, 0.1667, 0.0, 0.6, 0.0, 0.0, 0.0, 0.0, 0.0, 0.0, 0.0, 0.0, 0.0, 0.1111, 0.0, 0.0, 0.0, 0.0, 0.0, 0.1111, 0.0, 0.3, 0.0, 0.0, 0.0, 0.1111, 0.0, 0.125, 0.0, 0.0, 0.1111, 0.0, 0.0, 0.0909, 0.0, 0.1, 0.1, 0.0, 0.0, 0.0, 0.0, 0.0, 0.0, 0.1111, 0.2, 0.1, 0.0, 0.0, 0.0, 0.2, 0.125, 0.1429, 0.125, 0.0, 0.0, 0.0, 0.0, 0.0714, 0.0, 0.1, 0.0, 0.1818, 0.2222, 0.0833, 0.0909, 0.0, 0.1429, 0.0, 0.0, 0.1, 0.0, 0.2, 0.4, 0.1667, 0.0, 0.1818, 0.0909, 0.5, 0.0, 0.0, 0.2308, 0.0, 0.0, 0.1429, 0.0, 0.125, 0.0, 0.1429, 0.0, 0.0, 0.0909, 0.2, 0.0, 0.0, 0.25, 0.3333, 0.0, 0.0, 0.8]"
random,0.4,3,random,0.08,0.08,0.08,0.0,3,True,160,0,276,1564,0,"[0.05, 0.0745, 0.08, 0.08, 0.08, 0.08, 0.08, 0.08, 0.08, 0.08, 0.08, 0.08, 0.08, 0.08, 0.08, 0.08, 0.08, 0.08, 0.08, 0.08, 0.08, 0.08, 0.08, 0.08, 0.08, 0.08, 0.08, 0.08, 0.08, 0.08, 0.08, 0.08, 0.08, 0.08, 0.08, 0.08, 0.08, 0.08, 0.08, 0.08, 0.08, 0.08, 0.08, 0.08, 0.08, 0.08, 0.08, 0.08, 0.08, 0.08, 0.08, 0.08, 0.08, 0.08, 0.08, 0.08, 0.08, 0.08, 0.08, 0.08, 0.08, 0.08, 0.08, 0.08, 0.08, 0.08, 0.08, 0.08, 0.08, 0.08, 0.08, 0.08, 0.08, 0.08, 0.08, 0.08, 0.08, 0.08, 0.08, 0.08, 0.08, 0.08, 0.08, 0.08, 0.08, 0.08, 0.08, 0.08, 0.08, 0.08, 0.08, 0.08, 0.08, 0.08, 0.08, 0.08, 0.08, 0.08, 0.08, 0.08, 0.08]","{""0"": 0.112, ""1"": 0.0726, ""2"": 0.0947, ""3"": 0.1012, ""4"": 0.0591, ""5"": 0.043, ""6"": 0.0682, ""7"": 0.0849}","[0.2222, 0.0, 0.0, 0.125, 0.4, 0.0, 0.1, 0.0, 0.1429, 0.0, 0.6, 1.0, 0.0, 0.0, 0.0, 0.0, 0.0, 0.0, 0.1667, 0.25, 0.0, 0.0, 0.0769, 0.2, 0.0, 0.0, 0.1667, 0.2, 0.0909, 0.0, 0.2, 0.0, 0.0769, 0.0, 0.0, 0.0, 0.0, 0.3333, 0.1111, 0.0, 0.0, 0.0, 0.0, 0.0, 0.1, 0.0, 0.0, 0.0, 0.0, 0.1111, 0.0, 0.0, 0.0, 0.3333, 0.0, 0.0, 0.0, 0.0, 0.0, 0.3333, 0.2727, 0.25, 0.0, 0.0, 0.0, 0.4, 0.0, 0.0, 0.5, 0.0, 0.0, 0.25, 0.0, 0.6, 0.1818, 0.1667, 0.1111, 0.0, 0.0, 0.3333, 0.2, 0.0, 0.0, 0.0, 0.0, 0.0, 0.0, 0.1111, 0.6667, 0.1667, 0.2, 0.0, 0.0, 0.0, 0.125, 0.1667, 0.1429, 0.0, 0.0, 0.0, 0.1429, 0.0, 0.0, 0.2, 0.0909, 0.1667, 0.125, 0.0, 0.0, 0.0, 0.0, 0.0, 0.125, 0.1, 0.0, 0.0, 0.3333, 0.0, 0.0, 0.0, 0.0, 0.0, 0.0, 0.125, 0.8, 0.2, 0.0, 0.0, 0.0, 0.0, 0.1429, 0.1667, 0.0, 0.0, 0.0, 0.0, 0.0, 0.3333, 0.0, 0.0, 0.0, 0.0, 0.0, 0.125, 0.0, 0.125, 0.0, 0.1, 0.2308, 0.0, 0.25, 0.1429, 0.0909, 0.1667, 0.0, 0.0, 0.0, 0.0, 0.0, 0.0, 0.125, 0.125, 0.3333, 0.1818, 0.0, 0.1111, 0.0, 0.0, 0.0, 0.0, 0.0, 0.125, 0.1429, 0.0, 0.0, 0.0, 0.0, 0.0, 0.0, 0.0769, 0.0, 0.0, 0.0, 0.0, 0.1111, 0.0, 0.0, 0.0, 0.0, 0.125, 0.0, 0.2222, 0.0, 0.5, 0.0, 0.0, 0.0, 0.0, 0.0, 0.0, 0.4, 0.0, 0.0, 0.1111, 0.0, 0.0, 0.2857, 0.0, 0.0, 0.0, 0.0, 0.1667, 0.0, 0.0, 0.0909, 0.25, 0.3846, 0.2, 0.25, 0.0769, 0.0, 0.0, 0.0, 0.1667, 0.0, 0.0, 0.2857, 0.0909, 0.0, 0.0, 0.0, 0.0, 0.0, 0.0, 0.0, 0.1111, 0.1667, 0.0, 0.0769, 0.0909, 0.0, 0.0, 0.0, 0.0, 0.0, 0.375, 0.1111, 0.0, 0.0, 0.4444]"
random,0.4,4,random,0.079,0.079,0.079,0.0,5,True,158,0,271,1571,0,"[0.05, 0.0675, 0.0735, 0.078, 0.079, 0.079, 0.079, 0.079, 0.079, 0.079, 0.079, 0.079, 0.079, 0.079, 0.079, 0.079, 0.079, 0.079, 0.079, 0.079, 0.079, 0.079, 0.079, 0.079, 0.079, 0.079, 0.079, 0.079, 0.079, 0.079, 0.079, 0.079, 0.079, 0.079, 0.079, 0.079, 0.079, 0.079, 0.079, 0.079, 0.079, 0.079, 0.079, 0.079, 0.079, 0.079, 0.079, 0.079, 0.079, 0.079, 0.079, 0.079, 0.079, 0.079, 0.079, 0.079, 0.079, 0.079, 0.079, 0.079, 0.079, 0.079, 0.079, 0.079, 0.079, 0.079, 0.079, 0.079, 0.079, 0.079, 0.079, 0.079, 0.079, 0.079, 0.079, 0.079, 0.079, 0.079, 0.079, 0.079, 0.079, 0.079, 0.079, 0.079, 0.079, 0.079, 0.079, 0.079, 0.079, 0.079, 0.079, 0.079, 0.079, 0.079, 0.079, 0.079, 0.079, 0.079, 0.079, 0.079, 0.079]","{""0"": 0.0528, ""1"": 0.0444, ""2"": 0.069, ""3"": 0.0738, ""4"": 0.0698, ""5"": 0.0681, ""6"": 0.1418, ""7"": 0.108}","[0.0, 0.0, 0.0, 0.1667, 0.1429, 0.0, 0.2222, 0.0, 0.0, 0.0, 0.0, 0.0, 0.0, 0.0, 0.1111, 0.0, 0.3, 0.0909, 0.0909, 0.125, 0.0, 0.0, 0.0, 0.1111, 0.125, 0.0, 0.0, 0.0, 0.0, 0.1667, 0.0, 0.0, 0.0, 0.0, 0.1, 0.0, 0.125, 0.0, 0.125, 0.1111, 0.0, 0.0, 0.0, 0.0, 0.0, 0.1, 0.0, 0.0833, 0.0, 0.0, 0.0, 0.0, 0.1667, 0.1111, 0.0, 0.4444, 0.0, 0.0, 0.0, 0.125, 0.0, 0.0, 0.0, 0.2, 0.0, 0.0, 0.25, 0.0, 0.0769, 0.0, 0.0, 0.7778, 0.0, 0.0, 0.0909, 0.0, 0.1429, 0.0, 0.125, 0.4286, 0.125, 0.1667, 0.0, 0.0, 0.0, 0.0, 0.0909, 0.1667, 0.0, 0.2, 0.1, 0.1429, 0.0, 0.1429, 0.0, 0.125, 0.0, 0.0, 0.0, 0.0, 0.0, 0.1111, 0.0, 0.2222, 0.3333, 0.1, 0.0, 0.1111, 0.0, 0.0, 0.0, 0.6, 0.3333, 0.125, 0.0, 0.0, 0.25, 0.1111, 0.1111, 0.0, 0.0, 0.0, 0.0, 0.125, 0.0, 0.0, 0.1111, 0.0, 0.0, 0.0, 0.0, 0.0, 0.0, 0.0, 0.0, 0.2, 0.0, 0.0, 0.0, 0.0, 0.1667, 0.0, 0.0, 0.125, 0.0, 0.0, 0.0, 0.1429, 0.1667, 0.0, 0.0, 0.0, 0.1429, 0.1429, 0.0, 0.0, 0.125, 0.0, 0.0, 0.0, 0.875, 0.0, 0.1111, 0.0, 0.1667, 0.1538, 0.0, 0.2222, 0.0, 0.0, 0.1429, 0.1, 0.1667, 0.0, 0.0, 0.125, 0.125, 0.1429, 0.0, 0.0, 0.1429, 0.0, 0.25, 0.0, 0.0, 0.1429, 0.0, 0.1429, 0.0, 0.0, 0.0, 0.2, 0.1429, 0.0, 0.0, 0.1667, 0.0, 0.0, 0.0, 0.0, 0.4, 0.1538, 0.1429, 0.1, 0.0, 0.125, 0.0, 0.0, 0.5, 0.1429, 0.0, 0.1818, 0.0, 0.4, 0.0, 0.0, 0.0, 0.0, 0.0, 0.25, 0.0, 0.0, 0.2, 0.1429, 0.0833, 0.1, 0.2, 0.125, 0.2222, 0.4444, 0.2, 0.0, 0.0, 0.0, 0.0, 0.0909, 0.0, 0.25, 0.1429, 0.0, 0.0, 0.0, 0.0, 0.0, 0.0, 0.0, 0.125, 0.0, 0.0, 0.2]"
random,0.4,5,random,0.0845,0.0845,0.0845,0.0,7,True,169,0,299,1532,0,"[0.05, 0.073, 0.0795, 0.0815, 0.083, 0.0835, 0.0845, 0.0845, 0.0845, 0.0845, 0.0845, 0.0845, 0.0845, 0.0845, 0.0845, 0.0845, 0.0845, 0.0845, 0.0845, 0.0845, 0.0845, 0.0845, 0.0845, 0.0845, 0.0845, 0.0845, 0.0845, 0.0845, 0.0845, 0.0845, 0.0845, 0.0845, 0.0845, 0.0845, 0.0845, 0.0845, 0.0845, 0.0845, 0.0845, 0.0845, 0.0845, 0.0845, 0.0845, 0.0845, 0.0845, 0.0845, 0.0845, 0.0845, 0.0845, 0.0845, 0.0845, 0.0845, 0.0845, 0.0845, 0.0845, 0.0845, 0.0845, 0.0845, 0.0845, 0.0845, 0.0845, 0.0845, 0.0845, 0.0845, 0.0845, 0.0845, 0.0845, 0.0845, 0.0845, 0.0845, 0.0845, 0.0845, 0.0845, 0.0845, 0.0845, 0.0845, 0.0845, 0.0845, 0.0845, 0.0845, 0.0845, 0.0845, 0.0845, 0.0845, 0.0845, 0.0845, 0.0845, 0.0845, 0.0845, 0.0845, 0.0845, 0.0845, 0.0845, 0.0845, 0.0845, 0.0845, 0.0845, 0.0845, 0.0845, 0.0845, 0.0845]","{""0"": 0.0936, ""1"": 0.1016, ""2"": 0.082, ""3"": 0.125, ""4"": 0.069, ""5"": 0.0324, ""6"": 0.0943, ""7"": 0.0802}","[0.0, 0.125, 0.2, 0.0, 0.0, 0.0, 0.0909, 0.125, 0.0, 0.0, 0.0, 0.0, 0.2, 0.0, 0.1, 0.1111, 0.1111, 0.0, 0.0, 0.0, 0.2, 0.3333, 0.0, 0.0, 0.0, 0.0, 0.2222, 0.0909, 0.0, 0.25, 0.0, 0.0, 0.25, 0.0, 0.1667, 0.1818, 0.1429, 0.0, 0.0, 0.0, 0.2222, 0.25, 0.2, 0.2857, 0.0, 0.0, 0.0, 0.0, 0.0, 0.5, 0.0, 0.0, 0.0, 0.0, 0.0, 0.1429, 0.1111, 0.0, 0.0, 0.2857, 0.0, 0.1111, 0.0, 0.1667, 0.2, 0.2222, 0.25, 0.0, 0.0, 0.1429, 0.0, 0.0, 0.0, 0.0, 0.0, 0.3, 0.0, 0.0, 0.0, 0.0, 0.0, 0.1111, 0.125, 0.2, 0.125, 0.0, 0.0, 0.4286, 0.0769, 0.0, 0.25, 0.1, 0.0, 0.0, 0.1, 0.5714, 0.1667, 0.0, 0.2222, 0.25, 0.3333, 0.125, 0.0, 0.1429, 0.3636, 0.125, 0.25, 0.0, 0.1, 0.1, 0.0, 0.6667, 0.25, 0.0, 0.0, 0.125, 0.0, 0.0, 0.0, 0.0667, 0.1429, 0.2, 0.0, 0.1, 0.0, 0.0, 0.1667, 0.0909, 0.0, 0.1, 0.0, 0.0, 0.0, 0.1, 0.0, 0.0, 0.0, 0.0, 0.1818, 0.0, 0.0, 0.0, 0.0, 0.125, 0.0, 0.4, 0.375, 0.0, 0.0, 0.1818, 0.0, 0.1, 0.1667, 0.4, 0.0, 0.0, 0.0, 0.4286, 0.0, 0.0, 0.0, 0.0, 0.0, 0.0, 0.0, 0.1667, 0.125, 0.0, 0.0, 0.0, 0.1429, 0.0, 0.0, 0.1667, 0.1429, 0.0, 0.0, 0.0, 0.0, 0.0, 0.1818, 0.0, 0.0, 0.0, 0.0, 0.0, 0.3333, 0.2, 0.0, 0.0, 0.0, 0.1111, 0.1429, 0.1667, 0.1818, 0.0, 0.5, 0.1667, 0.0, 0.2, 0.0, 0.0, 0.0, 0.0, 0.1429, 0.0, 0.0, 0.0, 0.125, 0.0, 0.1111, 0.0, 1.0, 0.0, 0.0, 0.1111, 0.1429, 0.0, 0.0, 0.0, 1.0, 0.0, 0.0, 0.0, 0.0, 0.2857, 0.0, 0.0, 0.2, 0.0, 0.25, 0.0, 0.0909, 0.1667, 0.0, 0.1429, 0.1429, 0.0, 0.0, 0.0, 0.0, 0.0, 0.0, 0.1429, 0.0, 0.0, 0.0, 0.0, 0.0, 0.25]"
random,0.4,6,random,0.0965,0.0965,0.0965,0.0,7,True,193,0,280,1527,0,"[0.05, 0.074, 0.0855, 0.0905, 0.0945, 0.096, 0.0965, 0.0965, 0.0965, 0.0965, 0.0965, 0.0965, 0.0965, 0.0965, 0.0965, 0.0965, 0.0965, 0.0965, 0.0965, 0.0965, 0.0965, 0.0965, 0.0965, 0.0965, 0.0965, 0.0965, 0.0965, 0.0965, 0.0965, 0.0965, 0.0965, 0.0965, 0.0965, 0.0965, 0.0965, 0.0965, 0.0965, 0.0965, 0.0965, 0.0965, 0.0965, 0.0965, 0.0965, 0.0965, 0.0965, 0.0965, 0.0965, 0.0965, 0.0965, 0.0965, 0.0965, 0.0965, 0.0965, 0.0965, 0.0965, 0.0965, 0.0965, 0.0965, 0.0965, 0.0965, 0.0965, 0.0965, 0.0965, 0.0965, 0.0965, 0.0965, 0.0965, 0.0965, 0.0965, 0.0965, 0.0965, 0.0965, 0.0965, 0.0965, 0.0965, 0.0965, 0.0965, 0.0965, 0.0965, 0.0965, 0.0965, 0.0965, 0.0965, 0.0965, 0.0965, 0.0965, 0.0965, 0.0965, 0.0965, 0.0965, 0.0965, 0.0965, 0.0965, 0.0965, 0.0965, 0.0965, 0.0965, 0.0965, 0.0965, 0.0965, 0.0965]","{""0"": 0.1188, ""1"": 0.1184, ""2"": 0.1341, ""3"": 0.0875, ""4"": 0.1217, ""5"": 0.0703, ""6"": 0.0323, ""7"": 0.088}","[0.1111, 0.1, 0.3077, 0.0, 0.0, 0.0, 0.0, 0.0, 0.0, 0.1538, 0.1667, 0.0, 0.0, 0.125, 0.125, 0.0, 0.0, 0.0909, 0.25, 0.0, 0.0, 0.0, 0.2, 0.0, 0.1111, 0.0, 0.0, 0.1667, 0.0, 0.0, 0.0, 0.0, 0.0, 0.1, 0.0, 0.0, 0.0, 0.0, 0.0, 0.0, 0.0, 0.0, 0.0, 0.0, 0.0833, 0.2, 0.0, 0.0, 0.0, 0.0, 0.0, 0.0, 0.0909, 0.0, 0.0, 0.0, 0.2222, 0.1429, 0.0, 0.0, 0.0, 0.0, 0.0, 0.25, 0.0, 0.1429, 0.0769, 0.0, 0.0, 0.2, 0.2, 0.0, 0.0, 0.0, 0.0, 0.1111, 0.0, 0.6, 0.0, 0.0, 0.0, 0.0, 0.1429, 0.0, 0.0, 0.2857, 0.1, 0.0, 0.0, 0.0, 0.2222, 0.1111, 0.0, 0.0909, 0.0, 0.0, 0.0, 0.2222, 0.375, 0.0, 0.0, 0.0, 0.1, 0.0833, 0.0, 0.0, 0.0, 0.0, 0.1111, 0.0, 0.0, 0.1667, 0.3333, 0.1111, 0.0, 0.0, 0.4, 0.1111, 0.0, 0.2, 0.0, 0.1429, 0.0, 0.0, 0.625, 0.0, 0.0, 0.0, 0.0588, 0.7, 0.0, 0.0, 0.0, 0.1667, 0.0, 0.0, 0.4444, 0.3333, 0.2, 0.0, 0.0, 0.0, 0.25, 0.1429, 0.5, 0.1667, 0.0, 0.5, 0.0, 0.0, 0.0, 0.0, 0.5, 0.125, 0.6667, 0.6364, 0.0, 0.0, 0.0, 0.0, 0.3333, 0.1429, 0.0, 0.4286, 0.0, 0.8889, 0.4286, 0.0, 0.0, 0.0, 0.0, 0.2857, 0.0, 1.0, 0.2222, 0.0, 0.1538, 0.0, 0.0, 0.0, 0.0, 0.0, 0.0, 0.0, 0.0, 0.0, 0.0833, 0.2, 0.0, 0.0, 0.1, 0.1111, 0.0, 0.1429, 0.0, 0.1429, 0.125, 0.1667, 0.0, 0.0, 0.0, 0.0, 0.25, 0.0, 0.0, 0.0, 0.1111, 0.0, 0.1, 0.0, 0.1111, 0.2, 0.125, 0.0, 0.0, 0.125, 0.0, 0.2, 0.6667, 0.2, 0.2, 0.0, 0.0, 0.0, 0.0, 0.1111, 0.125, 0.8182, 0.5, 0.0, 0.0, 0.0, 0.0, 0.25, 0.0, 0.1111, 0.375, 0.0, 0.2222, 0.0, 0.0, 0.25, 0.0, 0.0, 0.2222, 0.1667, 0.1333, 0.0, 0.0, 0.0]"
random,0.4,7,random,0.078,0.078,0.078,0.0,6,True,156,0,260,1584,0,"[0.05, 0.0695, 0.075, 0.0765, 0.0775, 0.078, 0.078, 0.078, 0.078, 0.078, 0.078, 0.078, 0.078, 0.078, 0.078, 0.078, 0.078, 0.078, 0.078, 0.078, 0.078, 0.078, 0.078, 0.078, 0.078, 0.078, 0.078, 0.078, 0.078, 0.078, 0.078, 0.078, 0.078, 0.078, 0.078, 0.078, 0.078, 0.078, 0.078, 0.078, 0.078, 0.078, 0.078, 0.078, 0.078, 0.078, 0.078, 0.078, 0.078, 0.078, 0.078, 0.078, 0.078, 0.078, 0.078, 0.078, 0.078, 0.078, 0.078, 0.078, 0.078, 0.078, 0.078, 0.078, 0.078, 0.078, 0.078, 0.078, 0.078, 0.078, 0.078, 0.078, 0.078, 0.078, 0.078, 0.078, 0.078, 0.078, 0.078, 0.078, 0.078, 0.078, 0.078, 0.078, 0.078, 0.078, 0.078, 0.078, 0.078, 0.078, 0.078, 0.078, 0.078, 0.078, 0.078, 0.078, 0.078, 0.078, 0.078, 0.078, 0.078]","{""0"": 0.0492, ""1"": 0.0745, ""2"": 0.0785, ""3"": 0.1296, ""4"": 0.0775, ""5"": 0.0783, ""6"": 0.0472, ""7"": 0.0892}","[0.0, 0.0, 0.1667, 0.0, 0.0, 0.0, 0.0, 0.0, 0.125, 0.0, 0.0, 0.0, 0.0, 0.1667, 0.0, 0.0, 0.1667, 0.0, 0.0, 0.1667, 0.0, 0.0, 0.0, 0.0, 0.0, 0.125, 0.0, 0.0, 0.0, 0.1429, 0.4444, 0.0, 0.0, 0.1429, 0.0, 0.0, 0.25, 0.0, 0.1667, 0.0, 0.0, 0.0769, 0.25, 0.0, 0.0, 0.0, 0.1667, 0.0, 0.0, 0.1429, 0.0, 0.1, 0.0, 0.0, 0.2353, 0.0, 0.0, 0.0, 0.0, 0.0, 0.0, 0.1, 0.0, 0.125, 0.0, 0.0, 0.0, 0.0, 0.0, 0.0, 0.0, 0.0, 0.0, 0.0, 0.0, 0.0, 0.1429, 0.0, 0.0, 0.0, 0.0, 0.0, 0.0, 0.1667, 0.0, 0.5, 0.1429, 0.0, 0.1429, 0.0, 0.1667, 0.0, 0.6667, 0.1429, 0.0, 0.125, 0.0, 0.0, 0.1667, 0.1667, 0.4167, 0.0, 0.0, 0.0, 0.0714, 0.0, 0.0, 0.0, 0.1, 0.2, 0.0, 0.0, 0.0, 0.0, 0.2, 0.1, 0.1429, 0.0, 0.0, 0.1667, 0.3333, 0.0, 0.0, 0.0, 0.125, 0.1111, 0.125, 0.0, 0.0, 0.1, 0.0, 0.0, 0.2, 0.1, 0.0, 0.1429, 0.1111, 0.0, 0.1667, 0.1429, 0.0, 0.0, 0.0, 0.0, 0.0, 0.0, 0.0, 0.5833, 0.1111, 0.0, 0.0909, 0.0, 0.3333, 0.0, 0.0, 0.2222, 0.0, 0.1111, 0.2, 0.0, 0.1, 0.0, 0.0, 0.0, 0.4444, 0.0769, 0.0, 0.3333, 0.3636, 0.0, 0.0833, 0.0, 0.0, 0.0, 0.0, 0.0, 0.125, 0.0, 0.0, 0.0, 0.1111, 0.25, 0.0, 0.0, 0.0, 0.0, 0.0, 0.0, 0.1429, 0.0, 0.0, 0.0, 0.2222, 0.1667, 0.1429, 0.0, 0.0, 0.125, 0.0, 0.1667, 0.375, 0.1111, 0.0, 0.0667, 0.1, 0.1429, 0.0, 0.1429, 0.2727, 0.0, 0.0, 0.1667, 0.0, 0.0, 0.1667, 0.0, 0.0, 0.2308, 0.1111, 0.0, 0.0, 0.375, 0.0, 0.0, 0.0, 0.0, 0.5833, 0.0, 0.0, 0.0, 0.125, 0.2222, 0.0, 0.25, 0.0, 0.0, 0.5, 0.0, 0.1667, 0.1818, 0.0, 0.0, 0.0, 0.2857, 0.5, 0.0833, 0.1667, 0.0, 0.0, 0.0]"
random,0.4,8,random,0.0785,0.0785,0.0785,0.0,5,True,157,0,301,1542,0,"[0.05, 0.0695, 0.075, 0.078, 0.0785, 0.0785, 0.0785, 0.0785, 0.0785, 0.0785, 0.0785, 0.0785, 0.0785, 0.0785, 0.0785, 0.0785, 0.0785, 0.0785, 0.0785, 0.0785, 0.0785, 0.0785, 0.0785, 0.0785, 0.0785, 0.0785, 0.0785, 0.0785, 0.0785, 0.0785, 0.0785, 0.0785, 0.0785, 0.0785, 0.0785, 0.0785, 0.0785, 0.0785, 0.0785, 0.0785, 0.0785, 0.0785, 0.0785, 0.0785, 0.0785, 0.0785, 0.0785, 0.0785, 0.0785, 0.0785, 0.0785, 0.0785, 0.0785, 0.0785, 0.0785, 0.0785, 0.0785, 0.0785, 0.0785, 0.0785, 0.0785, 0.0785, 0.0785, 0.0785, 0.0785, 0.0785, 0.0785, 0.0785, 0.0785, 0.0785, 0.0785, 0.0785, 0.0785, 0.0785, 0.0785, 0.0785, 0.0785, 0.0785, 0.0785, 0.0785, 0.0785, 0.0785, 0.0785, 0.0785, 0.0785, 0.0785, 0.0785, 0.0785, 0.0785, 0.0785, 0.0785, 0.0785, 0.0785, 0.0785, 0.0785, 0.0785, 0.0785, 0.0785, 0.0785, 0.0785, 0.0785]","{""0"": 0.1115, ""1"": 0.0677, ""2"": 0.072, ""3"": 0.0736, ""4"": 0.0898, ""5"": 0.0766, ""6"": 0.0824, ""7"": 0.0482}","[0.2222, 0.125, 0.125, 0.0, 0.2308, 0.1, 0.0, 0.1111, 0.0, 0.0, 0.0, 0.3, 0.0, 0.0909, 0.0833, 0.4, 0.1429, 0.0, 0.1, 0.0, 0.0, 0.0, 0.1111, 0.1111, 0.0714, 0.25, 0.0, 0.0909, 0.0, 0.0909, 0.0, 0.0769, 0.1667, 0.0, 0.0, 0.0, 0.1429, 0.1, 0.2, 0.0833, 0.0, 0.0, 0.1111, 0.125, 0.2, 0.0, 0.0, 0.0, 0.0, 0.0, 0.0, 0.0, 0.1667, 0.0, 0.2222, 0.2222, 0.2222, 0.0, 0.2857, 0.1, 0.0, 0.0, 0.0, 0.1429, 0.0, 0.0, 0.0, 0.0, 0.0, 0.0, 0.125, 0.0, 0.0, 0.1667, 0.0, 0.0, 0.0, 0.0, 0.125, 0.0, 0.0, 0.0, 0.1111, 0.0, 0.0, 0.0, 0.1111, 0.0, 0.1429, 0.25, 0.1, 0.0, 0.0, 0.2857, 0.1, 0.1667, 0.0, 0.1818, 0.0, 0.2857, 0.0, 0.8333, 0.0, 0.0, 0.0, 0.0, 0.1111, 0.0, 0.0, 0.7143, 0.0, 0.0, 0.0, 0.0, 0.0, 0.2, 0.0, 0.0, 0.0, 0.0, 0.0, 0.0, 0.0, 0.0, 0.0, 0.1667, 0.125, 0.0, 0.0, 0.0, 0.0, 0.1429, 0.0, 0.0, 0.0, 0.0, 0.0, 0.2, 0.0, 0.0, 0.0, 0.0, 0.125, 0.0, 0.0, 0.0, 0.0, 0.0, 0.4444, 0.125, 0.2, 0.0, 0.1429, 0.0, 0.1429, 0.0, 0.4, 0.1429, 0.0, 0.0, 0.0, 0.4, 0.0, 0.0, 0.0, 0.25, 0.0, 0.0, 0.0, 0.3333, 0.0, 0.7, 0.0, 0.1429, 0.0, 0.1111, 0.0, 0.0, 0.2222, 0.1429, 0.0, 0.0, 0.0, 0.2222, 0.0, 0.1429, 0.0, 0.0, 0.0, 0.0, 0.125, 0.0, 0.0, 0.1111, 0.2857, 0.0, 0.0, 0.0, 0.0, 0.2857, 0.0, 0.0, 0.25, 0.0, 0.0, 0.0, 0.0, 0.625, 0.25, 0.2857, 0.0, 0.0, 0.0, 0.0, 0.0, 0.0, 0.0, 0.7, 0.1111, 0.0, 0.125, 0.0, 0.0, 0.0, 0.0, 0.0, 0.0, 0.0, 0.1667, 0.0, 0.3333, 0.1429, 0.0, 0.2, 0.0714, 0.0, 0.0714, 0.0, 0.0, 0.0, 0.125, 0.0, 0.0, 0.0, 0.0, 0.0833, 0.2857, 0.0, 0.4, 0.125]"
random,0.4,9,random,0.0815,0.0815,0.0815,0.0,6,True,163,0,278,1559,0,"[0.05, 0.0695, 0.0745, 0.078, 0.0805, 0.0815, 0.0815, 0.0815, 0.0815, 0.0815, 0.0815, 0.0815, 0.0815, 0.0815, 0.0815, 0.0815, 0.0815, 0.0815, 0.0815, 0.0815, 0.0815, 0.0815, 0.0815, 0.0815, 0.0815, 0.0815, 0.0815, 0.0815, 0.0815, 0.0815, 0.0815, 0.0815, 0.0815, 0.0815, 0.0815, 0.0815, 0.0815, 0.0815, 0.0815, 0.0815, 0.0815, 0.0815, 0.0815, 0.0815, 0.0815, 0.0815, 0.0815, 0.0815, 0.0815, 0.0815, 0.0815, 0.0815, 0.0815, 0.0815, 0.0815, 0.0815, 0.0815, 0.0815, 0.0815, 0.0815, 0.0815, 0.0815, 0.0815, 0.0815, 0.0815, 0.0815, 0.0815, 0.0815, 0.0815, 0.0815, 0.0815, 0.0815, 0.0815, 0.0815, 0.0815, 0.0815, 0.0815, 0.0815, 0.0815, 0.0815, 0.0815, 0.0815, 0.0815, 0.0815, 0.0815, 0.0815, 0.0815, 0.0815, 0.0815, 0.0815, 0.0815, 0.0815, 0.0815, 0.0815, 0.0815, 0.0815, 0.0815, 0.0815, 0.0815, 0.0815, 0.0815]","{""0"": 0.048, ""1"": 0.062, ""2"": 0.0637, ""3"": 0.0625, ""4"": 0.1557, ""5"": 0.1089, ""6"": 0.0759, ""7"": 0.0772}","[0.0, 0.0, 0.1111, 0.0714, 0.0, 0.125, 0.1538, 0.0, 0.1, 0.0, 0.3, 0.0, 0.0, 0.1667, 0.0, 0.0, 0.0, 0.0, 0.1429, 0.0, 0.0, 0.0, 0.0, 0.0, 0.3636, 0.2727, 0.0, 0.0, 0.0, 0.0625, 0.1667, 0.0, 0.0, 0.2222, 0.0, 0.0, 0.3333, 0.1667, 0.125, 0.1429, 0.25, 0.3333, 0.1429, 0.0, 0.0, 0.7, 0.0, 0.0, 0.0, 0.0, 0.0, 0.0, 0.125, 0.1429, 0.2, 0.3333, 0.1429, 0.0, 0.0, 0.0, 0.0, 0.0, 0.1429, 0.2, 0.125, 0.0909, 0.1667, 0.1111, 0.0, 0.125, 0.0, 0.0, 0.0, 0.0, 0.1429, 0.0, 0.0, 0.0, 0.0, 0.0, 0.1667, 0.0, 0.0, 0.3333, 0.0, 0.1111, 0.2, 0.1111, 0.3333, 0.0, 0.0, 0.0, 0.1429, 0.0, 0.0, 0.0, 0.1429, 0.0, 0.0, 0.0, 0.7273, 0.0, 0.25, 0.0, 0.3333, 0.0, 0.0, 0.0, 0.0, 0.0, 0.6923, 0.1429, 0.0, 0.0, 0.1667, 0.0909, 0.125, 0.1667, 0.1111, 0.0, 0.0, 0.1667, 0.0, 0.0, 0.0, 0.0, 0.0, 0.0, 0.0, 0.0, 0.1667, 0.0, 0.0, 0.0, 0.1429, 0.0, 0.0, 0.1429, 0.0, 0.1429, 0.0, 0.1429, 0.0, 0.0, 0.0, 0.0, 0.0, 0.0, 0.0, 0.4286, 0.0, 0.0, 0.0, 0.0, 0.0, 0.25, 0.0, 0.4286, 0.0, 0.1667, 0.0, 0.0, 0.1429, 0.25, 0.0, 1.0, 0.0, 0.0, 0.1111, 0.0, 0.0, 0.2, 0.0, 0.25, 0.2222, 0.2222, 0.0, 0.0, 0.0, 0.0, 0.0, 0.0833, 0.0, 0.1, 0.0, 0.0, 0.0, 0.0, 0.0, 0.0, 0.1111, 0.1667, 0.1, 0.1818, 0.0, 0.2, 0.0, 0.0, 0.1667, 0.3333, 0.0, 0.0, 0.2, 0.0, 0.0, 0.1, 0.0, 0.0, 0.0, 0.0, 0.0, 0.0, 0.0, 0.1111, 0.0, 0.1429, 0.0, 0.0, 0.2, 0.3333, 0.0, 0.0, 0.0, 0.4, 0.0, 0.0, 0.0833, 0.1111, 0.0, 0.0, 0.0, 0.0, 0.0, 0.125, 0.0, 0.0, 0.0, 0.0, 0.2, 0.1111, 0.0, 0.0, 0.0, 0.0, 0.0, 0.0, 0.1, 0.0, 0.1, 0.0]"
random,0.4,10,random,0.0825,0.0825,0.0825,0.0,8,True,165,0,268,1567,0,"[0.05, 0.0705, 0.0765, 0.08, 0.081, 0.0815, 0.082, 0.0825, 0.0825, 0.0825, 0.0825, 0.0825, 0.0825, 0.0825, 0.0825, 0.0825, 0.0825, 0.0825, 0.0825, 0.0825, 0.0825, 0.0825, 0.0825, 0.0825, 0.0825, 0.0825, 0.0825, 0.0825, 0.0825, 0.0825, 0.0825, 0.0825, 0.0825, 0.0825, 0.0825, 0.0825, 0.0825, 0.0825, 0.0825, 0.0825, 0.0825, 0.0825, 0.0825, 0.0825, 0.0825, 0.0825, 0.0825, 0.0825, 0.0825, 0.0825, 0.0825, 0.0825, 0.0825, 0.0825, 0.0825, 0.0825, 0.0825, 0.0825, 0.0825, 0.0825, 0.0825, 0.0825, 0.0825, 0.0825, 0.0825, 0.0825, 0.0825, 0.0825, 0.0825, 0.0825, 0.0825, 0.0825, 0.0825, 0.0825, 0.0825, 0.0825, 0.0825, 0.0825, 0.0825, 0.0825, 0.0825, 0.0825, 0.0825, 0.0825, 0.0825, 0.0825, 0.0825, 0.0825, 0.0825, 0.0825, 0.0825, 0.0825, 0.0825, 0.0825, 0.0825, 0.0825, 0.0825, 0.0825, 0.0825, 0.0825, 0.0825]","{""0"": 0.0586, ""1"": 0.0344, ""2"": 0.1294, ""3"": 0.0656, ""4"": 0.0894, ""5"": 0.1434, ""6"": 0.0746, ""7"": 0.0683}","[0.0, 0.1667, 0.0, 0.0, 0.0, 0.0, 0.1667, 0.0, 0.0, 0.0, 0.0, 0.0, 0.0, 0.1111, 0.2857, 0.1111, 0.0, 0.0, 0.0, 0.6875, 0.0, 0.1667, 0.6667, 0.0, 0.2857, 0.0, 0.0, 0.1111, 0.1111, 0.0, 0.1429, 0.0, 0.0833, 0.0, 0.0, 0.0, 0.0, 0.0, 0.4, 0.0, 0.0, 0.0, 0.0, 0.0, 0.0, 0.0, 0.125, 0.0, 0.0, 0.1429, 0.0, 0.0, 0.0, 0.0, 0.0, 0.0, 0.2, 0.1667, 0.1667, 0.0, 0.1667, 0.0, 0.1111, 0.0, 0.1667, 0.3333, 0.0, 0.4, 0.0, 0.0, 0.0, 0.0, 0.1818, 0.3636, 0.0, 0.0, 0.0, 0.2, 0.0, 0.0, 0.0, 0.0, 0.1111, 0.7143, 0.0, 0.0, 0.2857, 0.2, 0.0, 0.0, 0.1667, 0.2, 0.1667, 0.4, 0.1667, 0.25, 0.0, 0.1667, 0.2, 0.5, 0.125, 0.2, 0.0, 0.0, 0.0, 0.0, 0.0, 0.1111, 0.2857, 0.1111, 0.0, 0.0, 0.0, 0.0, 0.0, 0.0, 0.2222, 0.0, 0.0909, 0.1111, 0.0, 0.0, 0.125, 0.0, 0.1111, 0.0, 0.3, 0.125, 0.1667, 0.0, 0.0, 0.0, 0.0, 0.0, 0.1111, 0.0, 0.3333, 0.0, 0.0, 0.0, 0.0, 0.0833, 0.25, 0.0, 0.0, 0.0, 0.0, 0.0, 0.0, 0.1111, 0.2, 0.0, 0.0, 0.0909, 0.0, 0.0, 0.0, 0.1, 0.0, 0.125, 0.0, 0.1, 0.1429, 0.1, 0.0, 0.0, 0.0909, 0.2, 0.0, 0.0, 0.0, 0.125, 0.3125, 0.0, 0.3077, 0.0, 0.0, 0.0, 0.0, 0.0, 0.1429, 0.1, 0.0, 0.1667, 0.0, 0.0, 0.125, 0.0, 0.0, 0.0, 0.125, 0.4, 0.0, 0.125, 0.0, 0.0, 0.125, 0.4286, 0.4286, 0.1111, 0.0, 0.0, 0.0, 0.1818, 0.0, 0.4, 0.5, 0.1429, 0.0, 0.2, 0.0, 0.3333, 0.125, 0.2857, 0.0, 0.0, 0.125, 0.0833, 0.0, 0.0, 0.0, 0.1, 0.0, 0.1429, 0.1667, 0.0, 0.0, 0.0, 0.0, 0.1111, 0.0, 0.0, 0.0, 0.0, 0.0, 0.0, 0.0, 0.1429, 0.0, 0.2222, 0.1111, 0.0, 0.25, 0.0, 0.0, 0.0, 0.0, 0.1667, 0.3333, 0.0]"
random,0.4,11,random,0.088,0.088,0.088,0.0,6,True,176,0,291,1533,0,"[0.05, 0.072, 0.08, 0.084, 0.086, 0.088, 0.088, 0.088, 0.088, 0.088, 0.088, 0.088, 0.088, 0.088, 0.088, 0.088, 0.088, 0.088, 0.088, 0.088, 0.088, 0.088, 0.088, 0.088, 0.088, 0.088, 0.088, 0.088, 0.088, 0.088, 0.088, 0.088, 0.088, 0.088, 0.088, 0.088, 0.088, 0.088, 0.088, 0.088, 0.088, 0.088, 0.088, 0.088, 0.088, 0.088, 0.088, 0.088, 0.088, 0.088, 0.088, 0.088, 0.088, 0.088, 0.088, 0.088, 0.088, 0.088, 0.088, 0.088, 0.088, 0.088, 0.088, 0.088, 0.088, 0.088, 0.088, 0.088, 0.088, 0.088, 0.088, 0.088, 0.088, 0.088, 0.088, 0.088, 0.088, 0.088, 0.088, 0.088, 0.088, 0.088, 0.088, 0.088, 0.088, 0.088, 0.088, 0.088, 0.088, 0.088, 0.088, 0.088, 0.088, 0.088, 0.088, 0.088, 0.088, 0.088, 0.088, 0.088, 0.088]","{""0"": 0.1048, ""1"": 0.0871, ""2"": 0.0683, ""3"": 0.0941, ""4"": 0.1131, ""5"": 0.0902, ""6"": 0.0776, ""7"": 0.0658}","[0.1111, 0.0, 0.1111, 0.0, 0.1818, 0.1429, 0.0, 0.0, 0.1818, 0.1111, 0.1667, 0.0909, 0.0833, 0.0, 0.0, 0.0, 0.1429, 0.1111, 0.3636, 0.0, 0.0833, 0.0, 0.1429, 0.0, 0.0, 0.2222, 0.5833, 0.0, 0.3846, 0.1, 0.0909, 0.1, 0.0, 0.5714, 0.0, 0.0, 0.2222, 0.0, 0.0, 0.0, 0.0, 0.0, 0.1667, 0.1111, 0.0, 0.2, 0.0, 0.125, 0.0, 0.0, 0.0, 0.0, 0.0, 0.3333, 0.0, 0.9091, 0.0, 0.3333, 0.0, 0.0, 0.0, 0.6667, 0.0, 0.1, 0.1111, 0.1429, 0.0, 0.1429, 0.0, 0.5556, 0.0, 0.0, 0.0, 0.1667, 0.3333, 0.1429, 0.0833, 0.1429, 0.0, 0.0, 0.0, 0.0, 0.0, 0.0, 0.0, 0.2857, 0.0, 0.125, 0.5, 0.1667, 0.0833, 0.0, 0.0, 0.0, 0.1, 0.1111, 0.2857, 0.0, 0.0, 0.0, 0.0, 0.0, 0.1667, 0.0, 0.0, 0.0, 0.0, 0.2, 0.0, 0.0, 0.1429, 0.0, 0.0, 0.0, 0.0, 0.0, 0.0, 0.0, 0.3333, 0.0, 0.0, 0.1667, 0.0, 0.1, 0.0, 0.0, 1.0, 0.0, 0.0909, 0.0, 0.0, 0.125, 0.0, 0.0, 0.8333, 0.0, 0.2222, 0.125, 0.0, 0.25, 0.125, 0.0, 0.3333, 0.0, 0.0, 0.0, 0.0, 0.1667, 0.0, 0.0, 0.1429, 0.0, 0.0833, 0.2308, 0.0, 0.2857, 0.0, 0.25, 0.0, 0.0, 0.2, 0.0, 0.1111, 0.0, 0.0, 0.0, 0.0, 0.0, 0.0, 0.4167, 0.0, 0.0, 0.0, 0.25, 0.125, 0.0, 0.0, 0.0, 0.0, 0.0, 0.1, 0.125, 0.0, 0.0, 0.0, 0.0, 0.0, 0.0, 0.2857, 0.0, 0.0, 0.0, 0.0, 0.1667, 0.0, 0.0, 0.1111, 0.1111, 0.0, 0.0, 0.0, 0.0, 0.0, 0.0833, 0.0, 0.0, 0.1, 0.0, 0.0, 0.0, 0.0, 0.0, 0.0, 0.1111, 0.0, 0.2, 0.0, 0.1111, 0.1667, 0.0, 0.0, 0.0, 0.0, 0.0, 0.2, 0.0, 0.2, 0.0, 0.1, 0.0, 0.0, 0.0, 0.0, 0.0, 0.0, 0.0, 0.5, 0.0, 0.0, 0.125, 0.0, 0.0, 0.0, 0.125, 0.75, 0.0, 0.0, 0.125, 0.2, 0.0]"
random,0.6,0,random,0.112,0.112,0.112,-0.0,11,True,224,0,287,1489,0,"[0.05, 0.075, 0.0895, 0.095, 0.0985, 0.102, 0.104, 0.1055, 0.109, 0.111, 0.112, 0.112, 0.112, 0.112, 0.112, 0.112, 0.112, 0.112, 0.112, 0.112, 0.112, 0.112, 0.112, 0.112, 0.112, 0.112, 0.112, 0.112, 0.112, 0.112, 0.112, 0.112, 0.112, 0.112, 0.112, 0.112, 0.112, 0.112, 0.112, 0.112, 0.112, 0.112, 0.112, 0.112, 0.112, 0.112, 0.112, 0.112, 0.112, 0.112, 0.112, 0.112, 0.112, 0.112, 0.112, 0.112, 0.112, 0.112, 0.112, 0.112, 0.112, 0.112, 0.112, 0.112, 0.112, 0.112, 0.112, 0.112, 0.112, 0.112, 0.112, 0.112, 0.112, 0.112, 0.112, 0.112, 0.112, 0.112, 0.112, 0.112, 0.112, 0.112, 0.112, 0.112, 0.112, 0.112, 0.112, 0.112, 0.112, 0.112, 0.112, 0.112, 0.112, 0.112, 0.112, 0.112, 0.112, 0.112, 0.112, 0.112, 0.112]","{""0"": 0.2846, ""1"": 0.0962, ""2"": 0.0342, ""3"": 0.0934, ""4"": 0.0312, ""5"": 0.0895, ""6"": 0.0502, ""7"": 0.2237}","[0.2222, 0.0, 0.2857, 0.0, 0.0, 0.0, 0.1, 0.0, 0.0, 0.0, 0.125, 0.1429, 0.0, 0.0, 0.0, 0.1429, 0.1, 0.0, 0.0, 0.0, 0.0, 0.0, 0.1667, 0.0, 0.1111, 0.1, 0.0, 0.0, 0.0, 0.0, 0.3333, 0.0, 0.0, 0.2222, 0.2857, 0.0, 0.0, 0.0, 0.3333, 0.0, 0.0, 0.0, 0.1667, 0.0, 0.0, 0.0, 0.1111, 0.0, 0.0, 0.8889, 0.0, 0.0, 0.1667, 0.0, 0.0, 0.0, 0.3333, 0.7778, 0.25, 0.0, 0.3333, 0.0, 0.0, 0.0, 0.25, 1.0, 0.0, 0.0, 0.0, 0.1, 0.2222, 0.2, 0.0, 0.75, 0.0, 0.0, 0.0, 0.0, 0.0833, 0.0, 0.0, 1.0, 0.0, 0.0, 0.0, 0.0, 0.0, 0.0, 0.0, 0.1818, 0.0, 0.0, 0.1667, 0.0, 0.0, 0.0, 0.1111, 0.0, 0.0, 0.0, 0.6, 0.0, 0.0, 0.25, 1.0, 0.0, 0.1111, 0.1429, 0.8571, 0.0, 0.0, 0.0, 0.25, 0.0, 0.125, 0.0909, 0.0, 0.0, 0.2222, 0.0, 0.0, 0.0, 0.0, 0.1, 0.0, 0.0909, 0.1667, 0.0, 0.0, 0.0, 0.0, 0.0, 0.25, 0.0, 0.0, 0.0, 0.1111, 0.8571, 0.0, 0.0, 0.0, 0.0, 0.2, 0.0, 0.2857, 0.8182, 0.0, 0.0, 0.0, 0.0, 0.0, 0.0769, 0.0, 0.6, 0.0, 0.0, 0.0, 0.0, 0.4444, 0.0, 0.3333, 0.6, 0.1429, 0.125, 0.0909, 0.0, 0.0, 0.0, 0.0, 0.75, 0.1429, 0.0, 0.0, 0.0, 0.0, 0.375, 0.1667, 0.0, 0.25, 0.0, 0.0909, 0.0, 0.0, 0.1, 0.75, 0.0, 0.8, 0.1667, 0.1, 0.0, 0.0, 0.0, 0.6667, 0.0, 0.2857, 0.0, 0.0, 0.3, 0.0, 0.0, 0.9167, 0.0, 0.0, 0.25, 0.0, 0.1111, 0.0, 0.0, 0.8889, 0.1667, 0.2857, 0.0833, 0.0, 0.0, 0.1111, 0.1429, 0.3333, 0.125, 0.0, 0.0, 0.0, 0.0, 0.0, 0.1, 0.1667, 0.0, 0.0, 0.0909, 0.4444, 0.125, 0.0, 0.25, 0.0, 0.0, 0.0, 0.0, 0.1667, 0.25, 0.0, 0.0, 0.0, 0.1667, 0.1111, 0.0, 0.0, 0.0, 0.1, 0.0, 0.0, 0.0]"
random,0.6,1,random,0.1515,0.1515,0.1515,0.0,14,True,303,0,252,1445,0,"[0.05, 0.075, 0.0885, 0.098, 0.108, 0.119, 0.125, 0.13, 0.136, 0.1415, 0.1465, 0.1495, 0.151, 0.1515, 0.1515, 0.1515, 0.1515, 0.1515, 0.1515, 0.1515, 0.1515, 0.1515, 0.1515, 0.1515, 0.1515, 0.1515, 0.1515, 0.1515, 0.1515, 0.1515, 0.1515, 0.1515, 0.1515, 0.1515, 0.1515, 0.1515, 0.1515, 0.1515, 0.1515, 0.1515, 0.1515, 0.1515, 0.1515, 0.1515, 0.1515, 0.1515, 0.1515, 0.1515, 0.1515, 0.1515, 0.1515, 0.1515, 0.1515, 0.1515, 0.1515, 0.1515, 0.1515, 0.1515, 0.1515, 0.1515, 0.1515, 0.1515, 0.1515, 0.1515, 0.1515, 0.1515, 0.1515, 0.1515, 0.1515, 0.1515, 0.1515, 0.1515, 0.1515, 0.1515, 0.1515, 0.1515, 0.1515, 0.1515, 0.1515, 0.1515, 0.1515, 0.1515, 0.1515, 0.1515, 0.1515, 0.1515, 0.1515, 0.1515, 0.1515, 0.1515, 0.1515, 0.1515, 0.1515, 0.1515, 0.1515, 0.1515, 0.1515, 0.1515, 0.1515, 0.1515, 0.1515]","{""0"": 0.1111, ""1"": 0.0502, ""2"": 0.128, ""3"": 0.0576, ""4"": 0.247, ""5"": 0.314, ""6"": 0.2292, ""7"": 0.083}","[0.2222, 0.1818, 0.0, 0.0, 0.0, 0.1111, 0.875, 0.3333, 0.0, 0.25, 0.0, 0.0, 0.0, 0.0, 0.4, 0.0, 0.0833, 0.1333, 0.0, 1.0, 0.2222, 0.125, 0.0, 0.0, 0.3333, 0.0, 0.25, 0.8, 0.0, 0.0, 0.2, 0.125, 0.0, 0.0, 0.0, 0.0, 0.1429, 0.0, 0.0, 0.0, 0.0, 0.0, 0.0, 0.1111, 0.0, 0.1, 0.0, 0.0, 0.0, 0.0, 0.1667, 0.0, 0.0, 0.25, 0.0, 0.1429, 0.0, 0.0, 0.0833, 0.0, 0.0, 0.0909, 0.0, 0.8, 0.0, 0.75, 0.2222, 0.0, 0.0, 0.0, 0.0, 0.8571, 0.0, 0.0, 0.0, 0.0, 0.0, 0.0, 0.0, 1.0, 0.0, 0.1333, 0.1667, 0.0909, 0.0, 0.0, 0.1818, 0.8, 0.0, 0.0, 0.0909, 0.0, 0.0, 0.1667, 0.1111, 0.6667, 0.125, 0.0, 0.0, 0.0, 0.0, 0.3333, 0.2857, 0.3333, 0.0, 0.0, 0.0, 0.0, 0.0, 0.875, 0.375, 0.0714, 0.0, 0.0, 0.0, 0.3333, 0.0, 0.8571, 0.1, 0.2222, 0.0, 0.0, 0.1, 0.8571, 0.0, 1.0, 0.0, 0.1, 0.2, 0.0, 0.0, 0.1667, 0.0, 1.0, 0.0, 0.0833, 0.0, 0.0, 0.0, 0.0833, 0.0, 0.8889, 0.0833, 0.1429, 0.0, 0.0, 0.0, 0.1429, 0.0, 0.625, 0.25, 0.0, 0.1, 0.0, 0.0, 0.0, 0.0, 0.4, 0.2222, 0.1429, 0.0, 0.1111, 0.0, 0.0, 0.125, 0.1111, 0.0, 0.1667, 0.1667, 0.0, 0.0, 0.0, 0.0, 0.0, 0.1111, 0.0, 0.0, 0.375, 0.0, 0.2222, 0.0, 0.0, 0.0, 0.0, 0.1429, 0.2, 0.0, 0.1667, 0.0, 0.0, 0.5, 0.0, 0.375, 0.0, 0.2222, 0.0, 0.0, 0.0, 1.0, 0.2, 0.7143, 0.1111, 0.0, 0.0, 0.0, 0.0, 0.8889, 0.0, 0.75, 0.1111, 0.0909, 0.1429, 0.0, 0.0, 1.0, 0.0, 0.0, 0.2857, 0.2, 0.0, 0.125, 0.0, 0.8, 0.1818, 0.1111, 0.1667, 0.0, 0.0, 0.6667, 0.2857, 1.0, 0.0, 0.0909, 0.3333, 0.0, 0.0, 0.1, 0.8889, 0.6667, 0.125, 0.0, 0.0, 0.0, 0.1111, 0.0, 0.0909, 0.875, 0.1429, 0.0, 0.125]"
random,0.6,2,random,0.1095,0.1095,0.1095,0.0,10,True,219,0,267,1514,0,"[0.05, 0.0715, 0.085, 0.092, 0.097, 0.101, 0.1045, 0.107, 0.109, 0.1095, 0.1095, 0.1095, 0.1095, 0.1095, 0.1095, 0.1095, 0.1095, 0.1095, 0.1095, 0.1095, 0.1095, 0.1095, 0.1095, 0.1095, 0.1095, 0.1095, 0.1095, 0.1095, 0.1095, 0.1095, 0.1095, 0.1095, 0.1095, 0.1095, 0.1095, 0.1095, 0.1095, 0.1095, 0.1095, 0.1095, 0.1095, 0.1095, 0.1095, 0.1095, 0.1095, 0.1095, 0.1095, 0.1095, 0.1095, 0.1095, 0.1095, 0.1095, 0.1095, 0.1095, 0.1095, 0.1095, 0.1095, 0.1095, 0.1095, 0.1095, 0.1095, 0.1095, 0.1095, 0.1095, 0.1095, 0.1095, 0.1095, 0.1095, 0.1095, 0.1095, 0.1095, 0.1095, 0.1095, 0.1095, 0.1095, 0.1095, 0.1095, 0.1095, 0.1095, 0.1095, 0.1095, 0.1095, 0.1095, 0.1095, 0.1095, 0.1095, 0.1095, 0.1095, 0.1095, 0.1095, 0.1095, 0.1095, 0.1095, 0.1095, 0.1095, 0.1095, 0.1095, 0.1095, 0.1095, 0.1095, 0.1095]","{""0"": 0.1583, ""1"": 0.2532, ""2"": 0.0664, ""3"": 0.1148, ""4"": 0.0579, ""5"": 0.0683, ""6"": 0.0722, ""7"": 0.0897}","[0.0, 0.75, 0.0, 0.0, 0.2857, 0.1, 0.0, 0.0, 0.0, 0.2857, 0.0, 0.3333, 0.0, 0.0, 0.2, 0.0, 0.2, 0.0833, 0.0, 0.0, 0.0, 0.1667, 0.1667, 0.0, 0.2857, 0.125, 0.0, 0.0, 0.0, 0.1, 0.0, 0.1, 0.0, 0.0, 0.1429, 0.1111, 0.375, 0.0, 0.0, 0.1, 0.0, 0.2, 0.0, 0.25, 0.125, 0.0, 0.25, 0.1111, 0.125, 0.0, 0.0, 0.0, 0.1667, 0.0, 0.0, 0.0, 0.0, 0.0, 0.0, 0.0, 0.1, 0.3333, 0.0, 0.1818, 0.0, 0.1429, 0.1429, 0.2, 0.125, 0.1429, 0.1, 0.0, 0.0, 0.5, 0.3333, 0.1667, 0.0, 0.0714, 0.0, 0.0, 0.2, 0.8, 0.1667, 0.0, 0.0, 0.0, 0.0, 0.0, 0.0, 0.125, 0.8462, 0.0, 0.0, 0.0, 0.0, 0.0, 0.0, 0.1429, 0.5, 0.0, 0.125, 0.1429, 0.0, 0.2, 0.0, 0.0714, 0.6, 0.0, 0.0, 0.1667, 0.0, 0.0, 0.1111, 0.1, 0.0, 0.0, 0.0, 0.1429, 0.25, 0.1429, 0.0833, 0.0, 0.1429, 0.0, 0.125, 0.0, 0.0, 0.1429, 0.0, 0.0833, 0.1667, 0.1, 0.4444, 0.0, 0.5, 0.0, 0.25, 0.0, 0.2857, 0.0, 0.0, 0.1111, 0.0, 0.7143, 0.0, 0.0, 0.75, 0.0, 0.0, 0.0, 0.0, 0.0, 0.0, 0.125, 1.0, 0.0, 0.0, 0.0, 0.0, 0.2, 0.0, 0.1429, 1.0, 0.0, 0.0, 0.1111, 0.0, 0.0, 0.4286, 0.1, 0.0, 0.0, 0.0, 0.0, 0.125, 0.125, 0.2857, 0.2, 0.0, 0.2727, 0.4286, 0.0, 0.5, 0.0, 0.0, 0.0909, 0.2, 0.0, 0.1429, 0.0, 0.0, 0.0, 0.2222, 0.2308, 0.0, 0.0, 0.0, 0.0, 0.0, 0.1429, 0.0, 0.5455, 0.0, 0.1111, 0.0, 0.125, 0.1111, 0.0, 0.1429, 0.0, 0.0, 0.0, 0.0, 0.0, 0.0, 0.25, 0.125, 0.0, 0.2, 0.0, 0.0909, 0.0, 0.0, 0.0, 0.1111, 0.0, 0.1429, 0.1429, 0.75, 0.0, 0.0, 0.0, 0.0, 0.0, 0.3333, 0.1818, 0.1, 0.125, 0.1429, 0.0, 0.0, 0.0, 0.0, 0.2, 0.1111, 0.0, 0.1667, 0.1, 0.1, 0.1538]"
random,0.6,3,random,0.093,0.093,0.093,0.0,8,True,186,0,286,1528,0,"[0.05, 0.0705, 0.0785, 0.0855, 0.089, 0.091, 0.092, 0.093, 0.093, 0.093, 0.093, 0.093, 0.093, 0.093, 0.093, 0.093, 0.093, 0.093, 0.093, 0.093, 0.093, 0.093, 0.093, 0.093, 0.093, 0.093, 0.093, 0.093, 0.093, 0.093, 0.093, 0.093, 0.093, 0.093, 0.093, 0.093, 0.093, 0.093, 0.093, 0.093, 0.093, 0.093, 0.093, 0.093, 0.093, 0.093, 0.093, 0.093, 0.093, 0.093, 0.093, 0.093, 0.093, 0.093, 0.093, 0.093, 0.093, 0.093, 0.093, 0.093, 0.093, 0.093, 0.093, 0.093, 0.093, 0.093, 0.093, 0.093, 0.093, 0.093, 0.093, 0.093, 0.093, 0.093, 0.093, 0.093, 0.093, 0.093, 0.093, 0.093, 0.093, 0.093, 0.093, 0.093, 0.093, 0.093, 0.093, 0.093, 0.093, 0.093, 0.093, 0.093, 0.093, 0.093, 0.093, 0.093, 0.093, 0.093, 0.093, 0.093, 0.093]","{""0"": 0.0717, ""1"": 0.0649, ""2"": 0.1016, ""3"": 0.0438, ""4"": 0.1, ""5"": 0.0873, ""6"": 0.0868, ""7"": 0.1888}","[0.0, 0.4, 0.1111, 0.0, 0.0, 0.0, 0.0, 0.0, 0.0909, 0.0, 0.0, 0.0, 0.0, 0.0, 0.0, 0.0, 0.1429, 0.0, 0.0, 0.0, 0.1, 0.2222, 0.0, 0.0, 0.0, 0.0, 0.5, 0.0, 0.0, 0.6667, 0.1429, 0.0, 0.1111, 0.0, 0.0, 0.0, 0.0, 0.4, 0.0, 0.0, 0.0909, 0.0833, 0.2, 0.0, 0.1429, 0.0, 0.0, 0.0, 0.25, 0.0909, 0.0, 0.0, 0.0, 0.0, 0.0, 0.1818, 0.0, 0.0, 0.0, 0.0, 0.125, 0.0, 0.0, 0.0909, 0.1429, 0.1111, 0.0, 0.5, 0.1429, 0.0, 0.6, 0.0, 0.7778, 0.0, 0.0, 0.1111, 0.1111, 0.0, 0.6364, 0.0, 1.0, 0.0, 0.0, 0.0, 0.0, 0.2, 0.0, 0.0714, 0.1111, 0.0, 0.0, 0.0833, 0.0, 0.0, 0.0, 0.2222, 0.125, 0.0, 0.1667, 0.0, 0.0, 0.0, 0.1, 0.2857, 0.125, 0.2, 0.0, 0.0, 0.0, 0.25, 0.0, 0.0, 0.0, 0.25, 0.0, 0.0, 0.0, 0.7778, 0.2, 0.0, 0.0, 0.0, 0.0, 0.2, 0.0833, 0.0, 0.25, 0.0, 0.0, 0.0, 0.1429, 0.0, 0.125, 0.375, 0.0, 0.1111, 0.125, 0.0, 0.0, 0.0, 0.25, 0.1429, 0.0, 0.375, 0.1429, 0.0, 0.1, 0.25, 0.0, 0.0, 0.0, 0.1111, 0.125, 0.5714, 0.1111, 0.5833, 0.125, 0.0, 0.0, 0.0, 0.0, 0.0, 0.0, 0.1111, 0.0, 0.0, 0.0, 0.0, 0.0, 0.0, 0.1429, 0.3333, 0.0, 0.0, 0.0, 0.0, 0.0909, 0.0, 0.1, 0.3333, 0.0, 0.2, 0.0, 0.0, 0.4444, 0.1111, 0.0, 0.3, 0.0, 0.0, 0.0, 0.25, 0.0, 0.2222, 0.1, 0.0, 0.0, 0.2857, 0.0, 0.0, 0.0, 0.0, 0.0, 0.0, 0.1667, 0.0, 0.0909, 0.1, 0.2, 0.0, 0.0, 0.0, 0.0, 0.0, 0.25, 0.125, 0.1667, 0.0667, 0.0, 0.1667, 0.0, 0.0, 0.0, 0.1429, 0.125, 0.0, 0.0, 0.0, 0.0, 0.0, 0.0, 0.0, 0.125, 0.0, 0.0, 0.1667, 0.0, 0.0, 0.0, 0.2222, 0.1667, 0.0, 0.1111, 0.0, 0.0, 0.0, 0.0, 0.6667, 0.7778, 0.2857]"
random,0.6,4,random,0.1215,0.1215,0.1215,0.0,14,True,243,0,286,1471,0,"[0.05, 0.073, 0.0845, 0.094, 0.103, 0.11, 0.1135, 0.1155, 0.1175, 0.118, 0.1185, 0.12, 0.121, 0.1215, 0.1215, 0.1215, 0.1215, 0.1215, 0.1215, 0.1215, 0.1215, 0.1215, 0.1215, 0.1215, 0.1215, 0.1215, 0.1215, 0.1215, 0.1215, 0.1215, 0.1215, 0.1215, 0.1215, 0.1215, 0.1215, 0.1215, 0.1215, 0.1215, 0.1215, 0.1215, 0.1215, 0.1215, 0.1215, 0.1215, 0.1215, 0.1215, 0.1215, 0.1215, 0.1215, 0.1215, 0.1215, 0.1215, 0.1215, 0.1215, 0.1215, 0.1215, 0.1215, 0.1215, 0.1215, 0.1215, 0.1215, 0.1215, 0.1215, 0.1215, 0.1215, 0.1215, 0.1215, 0.1215, 0.1215, 0.1215, 0.1215, 0.1215, 0.1215, 0.1215, 0.1215, 0.1215, 0.1215, 0.1215, 0.1215, 0.1215, 0.1215, 0.1215, 0.1215, 0.1215, 0.1215, 0.1215, 0.1215, 0.1215, 0.1215, 0.1215, 0.1215, 0.1215, 0.1215, 0.1215, 0.1215, 0.1215, 0.1215, 0.1215, 0.1215, 0.1215, 0.1215]","{""0"": 0.0985, ""1"": 0.0502, ""2"": 0.1051, ""3"": 0.2385, ""4"": 0.0549, ""5"": 0.2, ""6"": 0.0591, ""7"": 0.1625}","[0.0, 0.1667, 0.0, 0.1, 0.5556, 0.0, 0.375, 0.1, 0.0, 0.1429, 0.0, 0.5, 0.0, 0.0909, 0.8, 0.125, 0.0, 0.0, 0.0, 1.0, 1.0, 0.0, 0.25, 0.125, 0.0, 0.2222, 0.0, 0.0, 1.0, 0.2, 0.0, 0.0, 0.0, 1.0, 0.0, 0.0833, 0.6, 0.0, 0.0, 0.0, 0.1429, 0.0, 0.0, 0.0909, 0.0, 0.25, 0.1111, 0.0, 0.0, 0.2857, 0.0, 0.125, 0.1429, 0.0, 0.0, 0.0, 0.0, 0.0, 0.0, 0.1429, 0.0, 0.0909, 0.0, 0.25, 0.1111, 0.0, 0.0, 0.0, 0.1429, 0.0, 0.1429, 0.0, 0.2857, 0.0, 0.1429, 0.0, 0.0, 0.0, 0.5, 0.0, 0.1, 0.0, 0.1111, 0.1429, 0.0833, 0.0, 0.3, 0.0, 0.1429, 0.1, 0.1667, 0.1429, 0.0, 0.0, 0.3, 0.1667, 0.4444, 0.2, 0.1111, 0.0, 0.3333, 0.1, 0.0, 0.0, 0.0, 0.1, 0.0909, 0.25, 0.8182, 0.0, 0.1, 0.1111, 0.0, 0.3333, 0.4286, 0.0909, 0.2857, 0.0, 0.0, 0.0, 0.0, 0.1429, 0.0, 0.0, 0.1, 0.0, 0.125, 0.0, 0.2, 0.0, 0.0, 0.0, 0.0, 0.0, 0.0, 0.2, 0.0, 0.0909, 0.4286, 0.0, 0.0, 0.0, 0.3333, 0.0, 0.0, 0.125, 0.0, 0.0, 0.1111, 0.1, 0.0, 0.1111, 0.0, 0.0, 0.0833, 0.0, 0.0, 0.0, 0.0714, 0.125, 0.0, 0.0, 0.0, 0.0, 0.0833, 0.0, 0.0, 0.0, 0.0833, 0.0, 0.0, 0.0, 0.1667, 0.1429, 0.8333, 0.0, 0.0, 0.0, 0.0, 0.0, 0.2857, 0.0, 0.875, 0.0, 0.1667, 0.1111, 0.0, 0.0, 1.0, 0.0, 0.2, 0.0, 0.5, 0.0, 0.0, 0.0, 0.4, 0.0, 0.1429, 0.1667, 0.0, 0.1429, 0.1429, 0.0, 0.0, 0.1429, 0.0, 0.0, 0.0, 0.125, 0.0, 0.0, 0.0, 0.0, 0.0, 0.0, 1.0, 0.0, 0.0, 0.0, 0.1111, 0.1538, 0.0, 0.0769, 0.8182, 0.0, 0.0, 0.0, 0.4545, 0.4286, 0.0, 0.2, 0.4444, 0.0, 0.0, 0.1, 0.2222, 0.0, 0.0833, 0.0, 0.1667, 0.0, 0.0, 0.2222, 0.0, 0.0, 0.375, 0.1429, 0.0, 0.1667]"
random,0.6,5,random,0.125,0.125,0.125,0.0,20,True,250,0,287,1463,0,"[0.05, 0.074, 0.0865, 0.0965, 0.1025, 0.108, 0.11, 0.1135, 0.1155, 0.1175, 0.118, 0.119, 0.1195, 0.1205, 0.1215, 0.123, 0.1235, 0.124, 0.1245, 0.125, 0.125, 0.125, 0.125, 0.125, 0.125, 0.125, 0.125, 0.125, 0.125, 0.125, 0.125, 0.125, 0.125, 0.125, 0.125, 0.125, 0.125, 0.125, 0.125, 0.125, 0.125, 0.125, 0.125, 0.125, 0.125, 0.125, 0.125, 0.125, 0.125, 0.125, 0.125, 0.125, 0.125, 0.125, 0.125, 0.125, 0.125, 0.125, 0.125, 0.125, 0.125, 0.125, 0.125, 0.125, 0.125, 0.125, 0.125, 0.125, 0.125, 0.125, 0.125, 0.125, 0.125, 0.125, 0.125, 0.125, 0.125, 0.125, 0.125, 0.125, 0.125, 0.125, 0.125, 0.125, 0.125, 0.125, 0.125, 0.125, 0.125, 0.125, 0.125, 0.125, 0.125, 0.125, 0.125, 0.125, 0.125, 0.125, 0.125, 0.125, 0.125]","{""0"": 0.0623, ""1"": 0.127, ""2"": 0.2481, ""3"": 0.1349, ""4"": 0.177, ""5"": 0.1654, ""6"": 0.0402, ""7"": 0.0381}","[0.2222, 0.0, 0.6667, 0.1429, 0.0, 0.4286, 0.0, 0.0, 0.0, 0.125, 0.0, 0.5556, 0.0, 0.1667, 0.0, 0.0, 0.1, 0.0, 0.7273, 0.875, 0.0, 0.0, 0.2, 0.125, 0.0, 0.0833, 0.125, 0.125, 0.125, 0.0, 0.1111, 0.0, 0.125, 0.0, 0.0, 0.0, 0.0, 1.0, 0.2222, 0.0, 0.0833, 0.2857, 0.0, 0.0, 0.0, 1.0, 0.1111, 0.0, 0.1667, 0.0, 0.0, 0.3333, 0.0909, 0.5714, 0.0833, 0.0, 0.1429, 0.1667, 0.3333, 0.0, 0.0, 0.125, 0.1538, 0.0, 0.125, 0.0, 0.2857, 0.0, 0.0625, 0.1111, 0.0, 0.0, 0.0, 0.0, 0.25, 0.0, 0.0, 0.125, 0.0, 0.2, 0.0, 0.0, 0.1667, 0.0, 0.0, 0.25, 0.0, 0.1429, 0.0, 0.0, 0.2222, 0.7143, 0.0, 0.0, 0.125, 0.0, 0.0, 0.0, 0.0, 0.5556, 0.1111, 0.1429, 0.0, 0.125, 0.0, 0.0, 0.0, 0.0833, 0.3333, 0.25, 0.1111, 0.0, 0.2, 0.0, 0.0, 0.0, 0.1667, 0.0, 0.1667, 0.0, 0.0833, 0.0, 0.0, 0.0, 0.0, 0.0, 0.0909, 0.1, 0.0, 0.0, 0.0, 0.0, 0.0, 0.0, 0.8333, 0.0, 0.0, 0.0, 0.2857, 0.0, 0.0, 0.1429, 0.25, 0.0769, 0.0, 0.1111, 0.2222, 0.0, 0.1, 0.1667, 0.0, 0.0, 0.0, 0.0909, 0.1429, 0.0, 0.0, 0.125, 0.0, 0.0, 0.0, 0.0, 0.5556, 0.7143, 0.1, 0.1111, 0.0, 0.2222, 0.0, 0.0, 0.0, 1.0, 0.0, 0.3333, 0.0, 0.0, 0.1667, 0.1111, 0.1429, 0.125, 0.2, 0.2857, 0.8889, 0.0, 0.0, 0.0, 0.0, 0.0, 0.1667, 0.0, 1.0, 0.0, 0.0, 0.3333, 0.0, 0.2222, 0.0, 0.1111, 1.0, 0.0, 0.0, 0.3333, 0.0, 0.0, 0.875, 0.0, 0.2, 0.1111, 0.0, 0.0, 0.0, 0.125, 1.0, 0.0, 0.0, 0.1667, 0.0, 0.1, 0.0, 0.7, 1.0, 0.0, 0.0, 0.0, 0.0, 0.2, 0.0, 0.75, 0.1429, 0.25, 0.0, 0.0, 0.0, 0.0, 0.0, 0.8571, 0.1429, 0.0, 0.0909, 0.0, 0.0, 0.0, 0.0, 0.3636, 0.0, 0.0833, 0.0, 0.0, 0.0, 0.0]"
random,0.6,6,random,0.103,0.103,0.103,-0.0,10,True,206,0,260,1534,0,"[0.05, 0.0705, 0.0795, 0.0865, 0.0925, 0.0985, 0.1005, 0.1015, 0.1025, 0.103, 0.103, 0.103, 0.103, 0.103, 0.103, 0.103, 0.103, 0.103, 0.103, 0.103, 0.103, 0.103, 0.103, 0.103, 0.103, 0.103, 0.103, 0.103, 0.103, 0.103, 0.103, 0.103, 0.103, 0.103, 0.103, 0.103, 0.103, 0.103, 0.103, 0.103, 0.103, 0.103, 0.103, 0.103, 0.103, 0.103, 0.103, 0.103, 0.103, 0.103, 0.103, 0.103, 0.103, 0.103, 0.103, 0.103, 0.103, 0.103, 0.103, 0.103, 0.103, 0.103, 0.103, 0.103, 0.103, 0.103, 0.103, 0.103, 0.103, 0.103, 0.103, 0.103, 0.103, 0.103, 0.103, 0.103, 0.103, 0.103, 0.103, 0.103, 0.103, 0.103, 0.103, 0.103, 0.103, 0.103, 0.103, 0.103, 0.103, 0.103, 0.103, 0.103, 0.103, 0.103, 0.103, 0.103, 0.103, 0.103, 0.103, 0.103, 0.103]","{""0"": 0.1762, ""1"": 0.0743, ""2"": 0.1371, ""3"": 0.0654, ""4"": 0.1009, ""5"": 0.1777, ""6"": 0.0332, ""7"": 0.06}","[0.0, 0.1, 0.0, 0.0, 0.0, 0.0, 1.0, 0.0, 0.0, 0.1429, 0.0, 0.8, 0.2857, 0.1667, 0.8, 0.0, 0.0, 0.0, 0.0, 1.0, 0.3333, 0.0, 1.0, 0.0, 0.1667, 0.0, 0.0, 0.6, 0.0, 0.0909, 1.0, 0.0, 0.1429, 0.0, 0.0, 0.0, 0.0, 0.0, 0.0, 0.0, 0.1667, 0.0, 0.0, 0.0, 0.4, 0.0, 0.0833, 0.0, 0.0, 0.5714, 0.2222, 0.2, 0.0, 0.0, 0.0833, 0.0, 0.1667, 0.1429, 0.0, 0.0, 0.0, 0.0, 0.0, 0.0833, 0.125, 0.1429, 0.0, 0.125, 0.0, 0.0, 0.0, 0.25, 0.0, 0.5, 0.0833, 0.1, 0.0, 0.1667, 0.3333, 0.0, 0.3333, 0.25, 0.1667, 0.0, 0.0, 0.3333, 0.0, 0.0, 0.1, 0.2222, 0.1111, 0.0, 0.1111, 0.0, 0.0, 0.0, 0.0, 0.1, 0.0, 0.0, 0.0, 0.2, 0.1429, 0.1111, 0.0, 0.0, 0.4615, 0.0, 0.2, 0.0, 0.0, 0.0, 0.0, 0.1667, 0.1, 0.0, 0.125, 0.0, 0.0, 0.0, 0.1, 0.0909, 0.1111, 0.0, 0.0, 0.1111, 0.0, 0.1111, 0.0, 0.0, 0.0, 0.0909, 0.0, 0.0, 0.1, 0.0, 0.1667, 0.0, 0.0, 0.0769, 0.0, 0.0, 0.0, 0.0, 0.125, 0.0, 0.2222, 0.75, 0.0, 0.2, 0.0, 0.0, 0.1818, 0.0, 0.3, 0.7143, 0.1111, 0.0, 0.0, 0.0, 0.0, 0.0, 0.0, 0.0, 0.0, 0.0, 0.1667, 0.0833, 0.0, 0.125, 0.0, 0.0714, 0.0, 0.1111, 0.0, 0.0, 0.125, 0.0, 0.0, 0.0, 0.0, 0.0, 0.0, 0.0, 0.0, 0.0, 0.0, 0.1667, 0.0, 0.1667, 0.1667, 0.0, 0.0, 0.0, 0.0, 0.2, 0.125, 0.1429, 0.1111, 0.0, 0.0, 0.1, 0.0667, 0.0, 0.0, 0.6, 0.0, 0.0, 0.0, 0.1111, 0.0, 0.0833, 0.0833, 0.1111, 0.2222, 0.0, 0.0, 0.0, 0.0, 0.0, 0.0, 0.1667, 0.25, 0.0, 0.0, 0.8333, 0.125, 0.1111, 0.1667, 0.25, 0.0, 0.0, 0.0, 0.875, 0.0, 0.0, 0.1111, 0.1429, 0.0, 0.2857, 0.0, 0.9167, 0.0, 0.0, 0.125, 0.3, 0.5, 0.1667, 0.1, 0.0]"
random,0.6,7,random,0.1305,0.1305,0.1305,0.0,14,True,261,0,261,1478,0,"[0.05, 0.0765, 0.089, 0.0975, 0.1055, 0.1125, 0.1185, 0.1225, 0.1235, 0.1245, 0.1265, 0.129, 0.13, 0.1305, 0.1305, 0.1305, 0.1305, 0.1305, 0.1305, 0.1305, 0.1305, 0.1305, 0.1305, 0.1305, 0.1305, 0.1305, 0.1305, 0.1305, 0.1305, 0.1305, 0.1305, 0.1305, 0.1305, 0.1305, 0.1305, 0.1305, 0.1305, 0.1305, 0.1305, 0.1305, 0.1305, 0.1305, 0.1305, 0.1305, 0.1305, 0.1305, 0.1305, 0.1305, 0.1305, 0.1305, 0.1305, 0.1305, 0.1305, 0.1305, 0.1305, 0.1305, 0.1305, 0.1305, 0.1305, 0.1305, 0.1305, 0.1305, 0.1305, 0.1305, 0.1305, 0.1305, 0.1305, 0.1305, 0.1305, 0.1305, 0.1305, 0.1305, 0.1305, 0.1305, 0.1305, 0.1305, 0.1305, 0.1305, 0.1305, 0.1305, 0.1305, 0.1305, 0.1305, 0.1305, 0.1305, 0.1305, 0.1305, 0.1305, 0.1305, 0.1305, 0.1305, 0.1305, 0.1305, 0.1305, 0.1305, 0.1305, 0.1305, 0.1305, 0.1305, 0.1305, 0.1305]","{""0"": 0.0488, ""1"": 0.0844, ""2"": 0.0547, ""3"": 0.1845, ""4"": 0.229, ""5"": 0.2055, ""6"": 0.1573, ""7"": 0.0795}","[0.0, 0.125, 0.0, 0.0, 0.7778, 1.0, 0.0, 0.125, 0.0, 0.0, 0.0, 0.0, 0.75, 0.5556, 0.1667, 0.1818, 0.1111, 0.0, 0.0, 0.0909, 0.9, 0.0, 0.0, 0.0, 0.0, 0.0, 0.1429, 0.0, 0.9, 0.0, 0.3846, 0.0, 0.0, 0.0714, 0.0, 0.0, 0.2857, 0.2222, 0.0, 0.3333, 0.0, 0.0, 0.0, 0.25, 0.0, 0.1111, 0.2, 0.1818, 0.0, 0.0, 0.0, 0.0, 0.1667, 1.0, 0.125, 0.0, 0.0, 0.0, 0.0, 0.0, 0.0, 0.875, 0.125, 0.3636, 0.0, 0.0, 0.0, 0.0, 0.0, 0.1111, 0.1111, 0.5, 0.2, 0.25, 0.2857, 0.0, 0.0, 0.0, 0.0, 0.0, 0.0, 0.7143, 0.0, 0.2222, 0.125, 0.0, 0.125, 0.0, 0.0, 0.1429, 0.0, 0.1667, 0.0, 0.0, 0.0, 0.2, 0.0, 0.0, 0.0, 0.4, 0.0, 0.1429, 0.0909, 0.0, 0.0, 0.0, 0.0, 0.0, 0.0, 0.1667, 0.0, 0.125, 0.1, 0.0, 0.0, 0.1111, 0.0, 0.0, 0.125, 0.0, 0.0, 0.0, 0.25, 0.0, 0.0, 0.0, 0.8, 0.0, 0.125, 0.0, 0.0, 0.1111, 0.0, 0.0, 0.8889, 0.0, 0.2, 0.1429, 0.1, 0.0, 0.0, 0.0, 1.0, 0.1667, 0.6667, 0.25, 0.4286, 0.0, 0.0, 0.0, 0.625, 0.1429, 0.0, 0.0, 0.2, 0.0, 0.0, 0.2, 0.5, 0.0, 0.0, 0.0, 0.0, 0.0, 0.1, 0.1, 0.6, 0.4, 0.0, 0.0, 0.1667, 0.0, 0.1429, 0.6, 0.0, 0.2857, 0.0, 0.0, 0.5714, 0.0, 0.0, 0.8889, 0.1111, 0.0, 0.0, 0.0, 0.4, 0.2, 0.0, 0.7778, 0.2, 0.0, 0.1667, 0.0, 0.0, 0.1429, 0.0, 0.0, 0.0, 0.25, 0.1111, 0.0, 0.0, 0.0, 0.0, 0.0, 0.1111, 0.6667, 0.0, 0.0, 0.0, 0.0769, 0.0, 0.0, 0.0, 1.0, 0.0, 0.0, 0.0, 0.0, 0.0, 0.0, 0.2, 0.1667, 0.8333, 0.0, 0.0, 0.0, 0.0, 0.0, 0.0, 0.0, 0.0769, 0.0, 0.1667, 0.0, 0.1111, 0.0, 0.125, 0.0, 0.0, 0.0, 0.1, 0.0, 0.8333, 0.6, 0.0, 0.1667, 0.0, 0.0]"
random,0.6,8,random,0.1195,0.1195,0.1195,0.0,10,True,239,0,300,1461,0,"[0.05, 0.0705, 0.0845, 0.0915, 0.0995, 0.105, 0.108, 0.1135, 0.1185, 0.1195, 0.1195, 0.1195, 0.1195, 0.1195, 0.1195, 0.1195, 0.1195, 0.1195, 0.1195, 0.1195, 0.1195, 0.1195, 0.1195, 0.1195, 0.1195, 0.1195, 0.1195, 0.1195, 0.1195, 0.1195, 0.1195, 0.1195, 0.1195, 0.1195, 0.1195, 0.1195, 0.1195, 0.1195, 0.1195, 0.1195, 0.1195, 0.1195, 0.1195, 0.1195, 0.1195, 0.1195, 0.1195, 0.1195, 0.1195, 0.1195, 0.1195, 0.1195, 0.1195, 0.1195, 0.1195, 0.1195, 0.1195, 0.1195, 0.1195, 0.1195, 0.1195, 0.1195, 0.1195, 0.1195, 0.1195, 0.1195, 0.1195, 0.1195, 0.1195, 0.1195, 0.1195, 0.1195, 0.1195, 0.1195, 0.1195, 0.1195, 0.1195, 0.1195, 0.1195, 0.1195, 0.1195, 0.1195, 0.1195, 0.1195, 0.1195, 0.1195, 0.1195, 0.1195, 0.1195, 0.1195, 0.1195, 0.1195, 0.1195, 0.1195, 0.1195, 0.1195, 0.1195, 0.1195, 0.1195, 0.1195, 0.1195]","{""0"": 0.0436, ""1"": 0.1413, ""2"": 0.061, ""3"": 0.2148, ""4"": 0.0744, ""5"": 0.0694, ""6"": 0.0574, ""7"": 0.3153}","[0.1111, 0.0, 0.0, 0.0, 0.0, 0.0, 0.4286, 0.0, 0.4, 0.0, 0.0, 0.0, 0.0, 0.0, 0.1667, 0.0, 1.0, 0.0, 0.0, 0.5714, 0.0, 0.0833, 0.0, 0.0, 1.0, 0.125, 0.0769, 0.0, 0.2857, 0.0, 0.1111, 0.3333, 1.0, 0.1429, 0.0, 0.0, 0.1, 0.0, 0.1, 0.0, 1.0, 0.1, 0.1667, 0.1667, 0.2, 0.0, 0.0909, 0.0, 0.875, 0.1, 0.0, 0.1, 0.0, 0.125, 0.0, 0.0, 1.0, 0.0, 0.1111, 0.0, 0.0, 0.1429, 0.0, 0.0, 0.875, 0.0, 0.2, 0.0, 0.0, 0.0, 0.0, 0.0, 1.0, 0.0, 0.4545, 0.0, 0.0, 0.2, 0.0, 0.0, 0.0, 0.0, 0.0, 0.0, 0.0, 0.1429, 0.0, 0.0, 0.0, 0.0, 0.125, 0.2, 0.0, 0.0, 0.1111, 0.1818, 0.0, 0.125, 0.1429, 0.0, 0.0, 0.0, 0.0, 0.0, 0.0, 0.0, 0.0, 0.25, 0.1429, 0.0, 0.0, 0.0, 0.0, 0.0, 0.1, 0.125, 0.0, 0.5, 0.1111, 0.0, 0.0, 0.0, 0.125, 0.0, 0.0, 0.125, 0.1, 0.0, 0.0, 0.0714, 0.1, 0.0, 0.0, 0.1111, 0.0, 0.0, 0.0, 0.0, 0.0, 0.0, 0.0, 0.1111, 0.0, 0.1, 0.0, 0.0, 0.125, 0.0, 0.1111, 0.0, 0.1111, 0.0, 0.0, 0.1429, 0.5556, 0.0, 0.9167, 0.0, 0.0, 0.1667, 0.0, 0.1429, 0.25, 0.0, 1.0, 0.0, 0.0, 0.2857, 0.125, 0.0, 0.1, 0.1111, 1.0, 0.4, 0.0, 0.25, 0.0, 0.0, 0.0, 0.25, 0.8333, 0.0, 0.0, 0.0, 0.0, 0.0, 0.0, 0.0, 1.0, 0.0, 0.2222, 0.125, 0.0, 0.1667, 0.75, 0.0, 0.6, 0.0, 0.0, 0.1111, 0.1, 0.2222, 0.4444, 0.0833, 0.0, 0.2857, 0.2222, 0.0, 0.0, 0.0, 0.0, 0.0, 0.125, 0.0, 0.125, 0.0, 0.25, 0.0, 0.0, 0.0, 0.0, 0.0, 0.0, 0.0, 0.4, 0.0, 0.0, 0.2857, 0.0, 0.0, 0.0, 0.2, 0.0909, 0.0, 0.6, 0.0, 0.0, 0.0, 0.0, 0.0, 0.2, 0.0, 0.0, 0.0, 0.0, 0.0, 0.0, 0.0, 0.125, 0.1111]"
random,0.6,9,random,0.1145,0.1145,0.1145,0.0,10,True,229,0,301,1470,0,"[0.05, 0.0705, 0.082, 0.0885, 0.094, 0.1005, 0.106, 0.11, 0.1125, 0.1145, 0.1145, 0.1145, 0.1145, 0.1145, 0.1145, 0.1145, 0.1145, 0.1145, 0.1145, 0.1145, 0.1145, 0.1145, 0.1145, 0.1145, 0.1145, 0.1145, 0.1145, 0.1145, 0.1145, 0.1145, 0.1145, 0.1145, 0.1145, 0.1145, 0.1145, 0.1145, 0.1145, 0.1145, 0.1145, 0.1145, 0.1145, 0.1145, 0.1145, 0.1145, 0.1145, 0.1145, 0.1145, 0.1145, 0.1145, 0.1145, 0.1145, 0.1145, 0.1145, 0.1145, 0.1145, 0.1145, 0.1145, 0.1145, 0.1145, 0.1145, 0.1145, 0.1145, 0.1145, 0.1145, 0.1145, 0.1145, 0.1145, 0.1145, 0.1145, 0.1145, 0.1145, 0.1145, 0.1145, 0.1145, 0.1145, 0.1145, 0.1145, 0.1145, 0.1145, 0.1145, 0.1145, 0.1145, 0.1145, 0.1145, 0.1145, 0.1145, 0.1145, 0.1145, 0.1145, 0.1145, 0.1145, 0.1145, 0.1145, 0.1145, 0.1145, 0.1145, 0.1145, 0.1145, 0.1145, 0.1145, 0.1145]","{""0"": 0.0704, ""1"": 0.1008, ""2"": 0.2213, ""3"": 0.048, ""4"": 0.0873, ""5"": 0.1397, ""6"": 0.1587, ""7"": 0.0941}","[0.0, 0.0, 0.5, 0.0, 0.0, 0.0, 0.125, 0.0, 0.0, 0.0, 0.1111, 0.0, 0.0, 0.0, 0.0909, 0.375, 0.0909, 0.0, 0.3333, 0.1111, 0.0, 0.0909, 0.0, 0.6667, 0.0, 0.0, 0.0, 0.3333, 0.0, 0.0, 0.0, 0.25, 0.0, 0.125, 0.0, 0.1667, 0.0833, 0.0, 0.0, 0.0, 0.0, 0.1667, 0.0, 0.0, 0.4286, 0.4286, 0.0, 0.0, 0.0, 0.0, 0.125, 0.2, 0.0, 0.1, 0.1667, 0.0, 0.0, 0.1667, 0.1111, 0.0, 0.1111, 0.6, 0.2222, 0.2857, 0.125, 0.0, 0.0, 0.0, 0.0, 0.0, 0.0, 0.1429, 0.0, 0.0, 0.2222, 0.0, 0.0, 0.0, 0.0, 0.2857, 0.0, 0.0, 0.0, 0.0, 0.0, 0.0, 0.25, 0.0769, 0.0, 0.1111, 0.1111, 0.25, 0.1667, 0.25, 0.25, 0.0, 0.0, 0.1429, 0.0, 0.2, 0.0, 0.0, 0.0, 0.0, 0.0, 0.0, 0.1111, 0.125, 0.25, 0.0, 0.0, 0.0, 0.0, 0.0, 0.0, 0.0, 0.0, 0.0, 0.0, 0.0, 0.0, 0.1111, 0.0, 0.1111, 0.0, 0.0, 0.0, 0.0, 0.75, 0.25, 0.0, 0.1667, 0.0, 0.2222, 0.0, 0.0, 0.3333, 0.5455, 0.1, 0.9167, 0.0, 0.0, 0.0, 0.1667, 0.7778, 0.0, 0.4444, 0.7, 0.0, 0.0833, 1.0, 0.0, 0.0, 0.1111, 0.1111, 0.0, 0.0, 0.0, 1.0, 0.3333, 0.0, 0.1429, 0.0, 0.0, 0.125, 0.125, 0.1111, 0.0, 0.0, 0.0, 0.1, 0.0909, 0.0, 0.0, 0.1, 0.0, 0.2857, 0.0, 0.0, 0.0, 0.0, 0.4286, 0.1111, 0.1111, 0.0909, 0.0, 0.0, 0.0, 0.0909, 0.3077, 0.6667, 0.75, 0.0, 0.25, 0.0, 0.125, 0.0, 0.2, 0.0, 0.9, 0.0, 0.0, 0.1429, 0.375, 0.0, 0.0, 0.3333, 0.0, 0.0, 0.1111, 0.0, 0.1818, 0.25, 0.0, 0.0, 0.0, 0.4, 0.0, 0.1667, 0.8182, 0.0, 0.0, 0.0, 0.0, 0.0, 0.2, 0.0, 0.875, 0.0, 0.0, 0.0, 0.0, 0.0, 0.0, 0.0, 0.6, 0.1667, 0.0, 0.0, 0.0, 0.0, 0.1429, 0.25, 0.1, 0.0, 0.0, 0.0, 0.4286, 0.0, 0.0]"
random,0.6,10,random,0.088,0.088,0.088,0.0,14,True,176,0,289,1535,0,"[0.05, 0.0655, 0.071, 0.073, 0.075, 0.0775, 0.0795, 0.081, 0.083, 0.085, 0.0865, 0.087, 0.0875, 0.088, 0.088, 0.088, 0.088, 0.088, 0.088, 0.088, 0.088, 0.088, 0.088, 0.088, 0.088, 0.088, 0.088, 0.088, 0.088, 0.088, 0.088, 0.088, 0.088, 0.088, 0.088, 0.088, 0.088, 0.088, 0.088, 0.088, 0.088, 0.088, 0.088, 0.088, 0.088, 0.088, 0.088, 0.088, 0.088, 0.088, 0.088, 0.088, 0.088, 0.088, 0.088, 0.088, 0.088, 0.088, 0.088, 0.088, 0.088, 0.088, 0.088, 0.088, 0.088, 0.088, 0.088, 0.088, 0.088, 0.088, 0.088, 0.088, 0.088, 0.088, 0.088, 0.088, 0.088, 0.088, 0.088, 0.088, 0.088, 0.088, 0.088, 0.088, 0.088, 0.088, 0.088, 0.088, 0.088, 0.088, 0.088, 0.088, 0.088, 0.088, 0.088, 0.088, 0.088, 0.088, 0.088, 0.088, 0.088]","{""0"": 0.1423, ""1"": 0.0965, ""2"": 0.1609, ""3"": 0.0553, ""4"": 0.0791, ""5"": 0.072, ""6"": 0.0486, ""7"": 0.0458}","[0.1111, 0.0, 0.25, 0.0, 0.1111, 0.0, 0.0, 0.0, 0.0, 0.125, 0.1111, 0.0, 0.0, 0.1429, 0.0, 0.0, 0.0, 0.0, 0.1429, 0.1429, 0.0, 0.0, 0.0, 0.0, 0.0, 0.0, 0.3333, 0.2, 0.0, 0.0909, 0.5556, 0.0, 0.0, 0.0, 0.375, 0.0, 0.2222, 0.25, 0.0769, 0.0, 0.0, 0.0, 0.125, 0.0, 0.0, 0.0, 0.0, 0.0833, 0.0, 0.0, 0.0, 0.1111, 0.0, 0.1111, 0.0, 0.25, 0.0, 1.0, 0.1429, 0.0, 0.0, 0.0, 0.0909, 0.0, 0.0, 0.4286, 0.0, 0.0, 0.1429, 0.1429, 0.25, 0.0, 0.0, 0.0, 0.1429, 0.1111, 0.0, 0.0, 0.0, 0.125, 0.0, 0.1429, 0.0, 0.0, 0.0, 0.0, 0.0, 0.0, 0.0, 0.1111, 0.0, 0.0, 0.0, 0.1667, 0.0, 0.0, 0.375, 0.0, 0.0, 0.0, 0.1111, 0.0, 0.0, 0.2, 0.0, 0.0, 0.0, 0.0, 0.0, 0.0833, 0.2727, 0.1429, 0.0, 0.0, 0.0, 0.1667, 0.0, 0.2727, 0.0, 0.0, 0.125, 0.2, 0.0, 0.6, 0.0, 0.0, 0.0, 0.0, 0.0, 0.2857, 0.0, 0.875, 0.2, 0.0, 0.0, 0.0909, 0.0, 0.25, 0.0, 1.0, 0.1, 0.0, 0.0, 0.0, 0.0, 0.5455, 0.1, 0.7, 0.2, 0.0, 0.0, 0.0, 0.0, 0.7143, 0.0, 0.2222, 0.0, 0.0, 0.0, 0.0, 0.3333, 0.0, 0.0, 0.0, 0.125, 0.1429, 0.2, 0.1, 0.125, 0.0, 0.1, 0.0, 0.0, 0.0, 0.0, 0.0, 0.125, 0.0, 0.1, 0.1111, 0.0, 0.0, 0.0, 0.0, 0.0, 0.2857, 0.1538, 0.0, 0.0, 0.1111, 0.0, 0.0, 0.0, 0.0, 0.1, 0.125, 0.0, 0.0, 0.0, 0.0, 0.0, 0.1429, 0.0909, 0.1111, 0.0, 0.4444, 0.2857, 0.1429, 0.0, 0.1667, 0.0, 0.125, 0.125, 0.2, 0.0, 0.125, 0.0, 0.2222, 0.0, 0.0, 0.125, 0.1111, 0.0, 0.1667, 0.0, 0.0, 0.2, 0.0, 0.0, 0.0, 0.0, 0.0, 0.1429, 0.2222, 0.125, 0.0, 0.1429, 0.0, 0.1429, 0.0, 0.0909, 0.0, 0.4444, 0.0, 0.1, 0.0, 0.1111, 0.0, 0.25, 0.0]"
random,0.6,11,random,0.104,0.104,0.104,-0.0,14,True,208,0,280,1512,0,"[0.05, 0.066, 0.077, 0.0845, 0.088, 0.0905, 0.0915, 0.0935, 0.095, 0.0965, 0.0995, 0.102, 0.1035, 0.104, 0.104, 0.104, 0.104, 0.104, 0.104, 0.104, 0.104, 0.104, 0.104, 0.104, 0.104, 0.104, 0.104, 0.104, 0.104, 0.104, 0.104, 0.104, 0.104, 0.104, 0.104, 0.104, 0.104, 0.104, 0.104, 0.104, 0.104, 0.104, 0.104, 0.104, 0.104, 0.104, 0.104, 0.104, 0.104, 0.104, 0.104, 0.104, 0.104, 0.104, 0.104, 0.104, 0.104, 0.104, 0.104, 0.104, 0.104, 0.104, 0.104, 0.104, 0.104, 0.104, 0.104, 0.104, 0.104, 0.104, 0.104, 0.104, 0.104, 0.104, 0.104, 0.104, 0.104, 0.104, 0.104, 0.104, 0.104, 0.104, 0.104, 0.104, 0.104, 0.104, 0.104, 0.104, 0.104, 0.104, 0.104, 0.104, 0.104, 0.104, 0.104, 0.104, 0.104, 0.104, 0.104, 0.104, 0.104]","{""0"": 0.0854, ""1"": 0.0656, ""2"": 0.1907, ""3"": 0.08, ""4"": 0.0827, ""5"": 0.1765, ""6"": 0.0661, ""7"": 0.0847}","[0.2222, 0.1111, 0.2, 0.0, 0.0, 0.0, 1.0, 0.1667, 0.0, 0.0, 0.0, 0.2222, 0.1, 0.1667, 0.7778, 0.0, 0.4444, 0.0, 0.125, 0.7857, 0.0, 0.0, 0.75, 0.0, 0.0833, 0.0, 0.7778, 0.6667, 0.0, 0.125, 0.1, 0.0, 0.0, 0.0, 0.1818, 1.0, 0.0, 0.0, 0.1818, 0.0, 0.0, 0.1, 0.0, 1.0, 0.1, 0.125, 0.0, 0.0, 0.1667, 0.125, 0.0, 0.5, 0.1429, 0.0, 0.1111, 0.0, 0.2857, 0.2222, 0.0, 0.875, 0.1429, 0.0, 0.2, 0.0, 0.0, 0.1429, 0.0625, 0.0625, 0.25, 0.0, 0.2857, 0.0, 0.0, 0.1, 0.0, 0.1111, 0.0, 0.0, 0.0, 0.125, 0.0909, 0.0, 0.0, 0.1, 0.125, 0.7, 0.0, 0.0, 0.0, 0.0, 0.1429, 0.0909, 0.0, 0.4286, 0.4444, 0.0, 0.0, 0.1, 0.1, 0.0, 0.0, 0.0, 0.0, 0.0, 0.0, 0.125, 0.0, 0.2, 0.0, 0.0, 0.0, 0.1429, 0.1667, 0.2, 0.0, 0.0, 0.4, 0.0, 0.0, 0.1667, 0.5, 0.1429, 0.0, 0.0, 0.0, 0.0, 0.0, 0.0, 0.0, 0.1111, 0.0, 0.0, 0.125, 0.125, 0.8889, 0.0833, 0.0, 0.0, 0.0, 0.0, 0.375, 0.1, 0.0, 0.0, 0.0, 0.2, 0.0, 0.0, 0.3333, 0.0, 0.125, 0.0, 0.0, 0.1667, 0.2222, 0.0, 0.1429, 0.1667, 0.0, 0.0, 0.0, 0.0, 0.0, 0.0, 0.0, 0.25, 0.0, 0.1429, 0.1, 0.0, 0.0, 0.0, 0.0, 0.0, 0.0, 0.0, 0.2, 0.0, 0.0, 0.0, 0.0, 0.0, 0.0, 0.1, 0.0, 0.1429, 0.0, 0.0, 0.0, 0.1111, 0.0, 0.1111, 0.0, 0.0, 0.0, 0.0714, 0.1111, 0.0, 0.0, 0.0, 0.0, 0.0, 0.0, 0.0, 0.0, 0.0, 0.0, 0.0, 0.0, 0.0, 0.0, 0.0, 0.1429, 0.1429, 0.1667, 0.0, 0.0, 0.0, 0.0, 0.0, 0.0, 0.0, 0.0, 0.125, 0.0, 0.0, 0.0, 0.1667, 0.0, 0.0, 0.1429, 0.0, 0.1429, 0.6667, 0.0, 0.1, 0.0769, 0.0, 0.1429, 0.8333, 0.1667, 0.5, 0.0, 0.125, 0.0, 0.0, 0.2, 0.1429, 0.1111, 0.0833]"
random,0.8,0,random,0.312,0.312,0.312,0.0,23,True,624,0,283,1093,0,"[0.05, 0.071, 0.0865, 0.107, 0.1275, 0.145, 0.1625, 0.1795, 0.1925, 0.2095, 0.2285, 0.2405, 0.2505, 0.262, 0.271, 0.2805, 0.2905, 0.3, 0.3045, 0.3075, 0.3095, 0.311, 0.312, 0.312, 0.312, 0.312, 0.312, 0.312, 0.312, 0.312, 0.312, 0.312, 0.312, 0.312, 0.312, 0.312, 0.312, 0.312, 0.312, 0.312, 0.312, 0.312, 0.312, 0.312, 0.312, 0.312, 0.312, 0.312, 0.312, 0.312, 0.312, 0.312, 0.312, 0.312, 0.312, 0.312, 0.312, 0.312, 0.312, 0.312, 0.312, 0.312, 0.312, 0.312, 0.312, 0.312, 0.312, 0.312, 0.312, 0.312, 0.312, 0.312, 0.312, 0.312, 0.312, 0.312, 0.312, 0.312, 0.312, 0.312, 0.312, 0.312, 0.312, 0.312, 0.312, 0.312, 0.312, 0.312, 0.312, 0.312, 0.312, 0.312, 0.312, 0.312, 0.312, 0.312, 0.312, 0.312, 0.312, 0.312, 0.312]","{""0"": 0.0325, ""1"": 0.2941, ""2"": 0.4418, ""3"": 0.3765, ""4"": 0.3707, ""5"": 0.504, ""6"": 0.358, ""7"": 0.0823}","[0.5556, 0.0, 0.1429, 0.0, 0.125, 0.0, 0.0, 0.0, 0.0833, 0.0, 0.0769, 0.1429, 0.0, 0.1818, 0.6667, 0.0, 0.0, 0.0, 0.6667, 0.375, 0.0, 0.0, 0.0, 0.3333, 0.0, 0.25, 0.0, 0.1667, 0.0, 0.125, 0.0667, 0.0, 0.0, 0.0, 0.0, 0.0, 0.8, 0.0, 0.0, 0.0, 0.0, 0.0, 0.4, 0.0, 1.0, 0.0, 0.0, 0.0, 0.0, 0.0, 0.8889, 0.0833, 1.0, 0.1, 0.9, 0.2857, 0.0, 0.0, 1.0, 0.0, 0.0, 0.0, 0.8571, 0.0, 0.0, 0.1, 0.875, 0.1111, 0.0, 0.2, 1.0, 0.0, 0.0, 0.0, 1.0, 0.75, 0.0, 0.0, 0.8889, 0.0, 0.2, 0.0, 0.75, 1.0, 0.1111, 0.0, 1.0, 0.0, 0.2, 0.1429, 1.0, 0.9167, 0.0, 0.5385, 1.0, 0.0833, 0.0, 0.0, 0.8, 0.7778, 0.2222, 0.5, 0.75, 0.0, 0.375, 0.0, 0.75, 0.8889, 0.0, 1.0, 0.8, 0.0, 0.0, 0.0, 0.375, 0.9, 1.0, 0.5, 0.5, 0.0, 0.1111, 0.0, 0.2222, 0.0833, 1.0, 0.8571, 0.0588, 0.0, 0.0, 0.0, 0.0, 0.0, 1.0, 1.0, 0.6667, 0.0, 0.0, 0.1111, 0.0, 0.1, 0.9091, 1.0, 1.0, 0.2857, 0.0, 0.0, 0.0, 0.3333, 1.0, 1.0, 1.0, 0.0, 0.0, 0.0, 0.0, 1.0, 0.8333, 0.8333, 0.875, 1.0, 0.0, 0.0, 0.0909, 1.0, 0.5, 1.0, 0.5714, 1.0, 0.1667, 0.1429, 0.0, 0.7692, 0.3333, 0.8333, 0.8, 1.0, 0.0, 0.0, 0.0, 0.8571, 0.3333, 1.0, 1.0, 1.0, 0.1, 0.1, 0.0, 1.0, 0.2, 0.8333, 0.7, 0.875, 0.0, 0.0, 0.2, 1.0, 1.0, 0.1111, 1.0, 0.875, 0.0, 0.0, 0.0, 0.8, 0.7778, 0.0, 0.4, 0.9167, 0.0, 0.0, 0.0, 0.0, 1.0, 0.2222, 0.1818, 0.8571, 0.0, 0.0, 0.0, 0.0, 0.0909, 0.0, 0.0, 0.9, 0.0, 0.0, 0.0, 0.125, 0.0769, 0.3333, 0.0, 0.6667, 0.0, 0.25, 0.0, 0.1667, 0.0, 0.0, 0.0, 0.6, 0.8, 0.0, 0.1429, 0.0833, 0.0, 0.0, 0.4, 0.0, 0.5, 0.0]"
random,0.8,1,random,0.22,0.22,0.22,-0.0,17,True,440,0,291,1269,0,"[0.05, 0.0765, 0.0965, 0.114, 0.133, 0.1495, 0.1665, 0.1805, 0.188, 0.194, 0.1985, 0.204, 0.211, 0.216, 0.2175, 0.219, 0.22, 0.22, 0.22, 0.22, 0.22, 0.22, 0.22, 0.22, 0.22, 0.22, 0.22, 0.22, 0.22, 0.22, 0.22, 0.22, 0.22, 0.22, 0.22, 0.22, 0.22, 0.22, 0.22, 0.22, 0.22, 0.22, 0.22, 0.22, 0.22, 0.22, 0.22, 0.22, 0.22, 0.22, 0.22, 0.22, 0.22, 0.22, 0.22, 0.22, 0.22, 0.22, 0.22, 0.22, 0.22, 0.22, 0.22, 0.22, 0.22, 0.22, 0.22, 0.22, 0.22, 0.22, 0.22, 0.22, 0.22, 0.22, 0.22, 0.22, 0.22, 0.22, 0.22, 0.22, 0.22, 0.22, 0.22, 0.22, 0.22, 0.22, 0.22, 0.22, 0.22, 0.22, 0.22, 0.22, 0.22, 0.22, 0.22, 0.22, 0.22, 0.22, 0.22, 0.22, 0.22]","{""0"": 0.1875, ""1"": 0.1758, ""2"": 0.2767, ""3"": 0.2632, ""4"": 0.2358, ""5"": 0.257, ""6"": 0.0442, ""7"": 0.321}","[0.5556, 0.0, 0.375, 0.0, 0.0, 0.875, 0.25, 0.0, 0.0, 0.0, 0.1538, 0.0, 0.0, 0.25, 0.1429, 0.0, 0.0, 0.0, 0.0909, 0.0, 0.1, 0.0, 0.0, 0.0, 0.0, 0.0, 0.7143, 0.0, 0.8333, 0.0, 0.0, 0.1111, 0.0, 0.0, 0.8889, 0.1818, 0.875, 0.1667, 0.0, 0.0, 0.0, 0.7778, 0.7143, 0.5, 0.0, 0.0, 0.7143, 0.0, 0.2, 0.1429, 0.8, 1.0, 0.0, 0.0, 0.9091, 0.0, 0.0, 0.125, 0.8889, 0.8889, 0.0, 0.0909, 1.0, 0.0, 0.4286, 0.0, 0.0, 0.8571, 0.0, 0.0, 0.2308, 0.0, 0.6667, 0.25, 0.1111, 0.75, 0.0, 0.0, 0.125, 0.0833, 0.1429, 0.5, 0.0, 0.0909, 1.0, 0.4, 0.1429, 0.0, 0.125, 0.125, 0.0, 0.0833, 0.1818, 0.8889, 0.1429, 0.0, 0.0, 0.375, 0.0, 0.1111, 0.2727, 0.125, 0.0, 0.0, 0.125, 0.0, 0.0, 0.0, 1.0, 0.1111, 0.25, 0.0, 0.0, 0.0, 0.0, 0.0, 1.0, 0.0, 0.0, 0.0, 0.1429, 0.0, 0.0, 0.0, 0.75, 0.1, 0.0, 0.0, 0.875, 0.0, 0.0, 0.0, 0.3333, 0.0, 0.1667, 0.0, 0.4286, 0.1111, 0.0, 0.0, 0.3333, 0.125, 0.0, 0.0, 0.8333, 0.1, 0.0, 0.125, 0.0, 0.0, 0.0, 0.0, 0.7273, 0.0, 0.125, 0.0, 0.125, 0.0, 0.2222, 0.2, 0.7, 0.1429, 0.0, 0.0, 0.1667, 0.0833, 0.0, 0.0, 0.8333, 0.6667, 0.0, 0.0, 0.0909, 0.0, 0.1429, 0.0, 1.0, 0.8889, 0.0, 0.1429, 0.1667, 0.0, 0.5, 0.5, 0.875, 0.1667, 0.2, 0.0, 0.0, 0.0, 1.0, 0.125, 1.0, 0.125, 0.0, 0.25, 0.0, 0.0, 0.875, 0.0, 0.1429, 0.0, 0.0, 1.0, 0.0, 0.1111, 0.7143, 0.0, 0.0, 0.0, 0.0, 0.9167, 0.0, 0.1, 0.0, 0.0, 0.0, 0.4545, 0.1667, 1.0, 0.0, 1.0, 0.0, 0.0, 0.25, 0.5556, 0.1, 0.75, 0.0, 1.0, 0.25, 0.0, 0.0, 0.1429, 0.0, 0.1111, 0.875, 1.0, 0.0, 0.1, 0.1818, 0.0, 0.0, 0.0, 0.4286, 1.0, 0.1111, 0.1111, 0.0, 0.125]"
random,0.8,2,random,0.1745,0.1745,0.1745,-0.0,18,True,349,0,288,1363,0,"[0.05, 0.072, 0.086, 0.095, 0.104, 0.113, 0.122, 0.133, 0.1435, 0.152, 0.1575, 0.163, 0.167, 0.171, 0.173, 0.1735, 0.174, 0.1745, 0.1745, 0.1745, 0.1745, 0.1745, 0.1745, 0.1745, 0.1745, 0.1745, 0.1745, 0.1745, 0.1745, 0.1745, 0.1745, 0.1745, 0.1745, 0.1745, 0.1745, 0.1745, 0.1745, 0.1745, 0.1745, 0.1745, 0.1745, 0.1745, 0.1745, 0.1745, 0.1745, 0.1745, 0.1745, 0.1745, 0.1745, 0.1745, 0.1745, 0.1745, 0.1745, 0.1745, 0.1745, 0.1745, 0.1745, 0.1745, 0.1745, 0.1745, 0.1745, 0.1745, 0.1745, 0.1745, 0.1745, 0.1745, 0.1745, 0.1745, 0.1745, 0.1745, 0.1745, 0.1745, 0.1745, 0.1745, 0.1745, 0.1745, 0.1745, 0.1745, 0.1745, 0.1745, 0.1745, 0.1745, 0.1745, 0.1745, 0.1745, 0.1745, 0.1745, 0.1745, 0.1745, 0.1745, 0.1745, 0.1745, 0.1745, 0.1745, 0.1745, 0.1745, 0.1745, 0.1745, 0.1745, 0.1745, 0.1745]","{""0"": 0.0342, ""1"": 0.3266, ""2"": 0.1757, ""3"": 0.1486, ""4"": 0.2214, ""5"": 0.36, ""6"": 0.0769, ""7"": 0.0627}","[0.2222, 0.0, 0.3333, 0.0, 0.1429, 0.5, 1.0, 0.0, 0.0, 0.0, 0.1429, 0.25, 0.1111, 0.0, 0.4286, 0.2857, 0.1818, 0.0, 0.6, 0.2, 0.1429, 0.1667, 0.1667, 0.0, 0.0, 0.0, 0.7778, 0.0, 0.8182, 0.1, 0.0, 0.0, 0.0, 0.0, 0.875, 0.0, 1.0, 0.0, 0.0, 0.25, 0.2727, 0.0, 1.0, 0.1111, 0.75, 0.0, 0.1429, 0.0, 0.0, 0.0, 1.0, 0.0, 0.0, 0.2222, 0.2222, 0.1111, 0.0, 0.0, 0.8889, 0.0, 0.0, 0.0, 0.125, 0.0, 0.125, 0.0, 0.6667, 0.0, 0.0, 0.1, 0.0, 0.0, 0.0769, 0.1111, 0.0, 0.0, 0.0, 0.0, 0.4444, 0.2, 0.1667, 0.1, 0.125, 0.0, 0.0, 0.0, 0.6, 0.1429, 0.0, 0.0, 0.0, 0.0, 0.0, 0.0, 0.0, 0.125, 0.0, 0.3333, 0.0909, 0.25, 0.0, 0.0, 0.0, 0.0, 0.1429, 0.0, 0.0769, 0.2, 0.0, 0.0, 0.0, 0.125, 0.0, 0.0, 0.1667, 0.0, 0.3333, 0.0, 0.0769, 0.0, 0.0, 0.1429, 0.6667, 0.0, 0.1818, 0.0, 0.0, 0.1111, 0.0, 0.125, 0.8182, 0.0, 0.0, 0.4286, 0.0, 0.0, 0.125, 0.0, 0.6667, 0.0, 0.0, 0.1111, 0.1667, 0.1429, 0.1429, 0.1429, 0.8571, 0.125, 0.0, 0.1429, 0.0, 0.0, 0.0, 0.0, 1.0, 0.0, 0.0, 0.2, 0.0, 0.0, 0.0, 0.0, 0.2, 0.7143, 0.0, 0.0, 0.625, 0.1111, 0.0, 0.0, 0.0, 1.0, 0.2857, 0.0, 0.8571, 0.0, 0.0, 0.0, 0.0, 0.8333, 0.1111, 0.9167, 0.8333, 0.0, 0.0, 0.0, 0.1, 1.0, 0.2, 0.8182, 0.75, 0.1, 0.0, 0.1111, 0.0, 0.0, 0.3333, 0.9167, 1.0, 0.1667, 0.6, 0.0, 0.0, 0.0, 0.0, 1.0, 1.0, 0.0, 0.0, 0.0, 0.125, 0.0, 0.0, 0.625, 0.7143, 0.3333, 0.0, 0.0, 0.0, 0.1429, 0.0, 0.0, 0.5556, 0.1111, 0.0, 0.0, 0.0, 0.0, 0.0, 0.0, 0.8333, 0.0, 0.125, 0.0, 0.0, 0.0, 0.125, 0.0, 1.0, 0.0, 0.125, 0.0, 0.0769, 0.0, 0.1111, 0.0, 0.8333, 0.1429, 0.1429, 0.2]"
random,0.8,3,random,0.238,0.238,0.238,0.0,27,True,476,0,302,1222,0,"[0.05, 0.0675, 0.082, 0.095, 0.1075, 0.1185, 0.1295, 0.137, 0.145, 0.155, 0.168, 0.18, 0.19, 0.1965, 0.2025, 0.209, 0.213, 0.218, 0.2225, 0.229, 0.2305, 0.2315, 0.2325, 0.2335, 0.235, 0.2365, 0.238, 0.238, 0.238, 0.238, 0.238, 0.238, 0.238, 0.238, 0.238, 0.238, 0.238, 0.238, 0.238, 0.238, 0.238, 0.238, 0.238, 0.238, 0.238, 0.238, 0.238, 0.238, 0.238, 0.238, 0.238, 0.238, 0.238, 0.238, 0.238, 0.238, 0.238, 0.238, 0.238, 0.238, 0.238, 0.238, 0.238, 0.238, 0.238, 0.238, 0.238, 0.238, 0.238, 0.238, 0.238, 0.238, 0.238, 0.238, 0.238, 0.238, 0.238, 0.238, 0.238, 0.238, 0.238, 0.238, 0.238, 0.238, 0.238, 0.238, 0.238, 0.238, 0.238, 0.238, 0.238, 0.238, 0.238, 0.238, 0.238, 0.238, 0.238, 0.238, 0.238, 0.238, 0.238]","{""0"": 0.3295, ""1"": 0.1423, ""2"": 0.0808, ""3"": 0.4077, ""4"": 0.084, ""5"": 0.434, ""6"": 0.3494, ""7"": 0.0749}","[0.2222, 0.0, 0.1429, 0.1667, 0.0, 0.1, 0.8333, 0.125, 0.125, 0.0, 0.1111, 1.0, 0.125, 0.625, 1.0, 0.0, 0.0, 0.8, 0.0, 0.2857, 0.0, 0.1111, 0.8, 0.0, 0.4, 0.9, 0.0, 0.0, 0.2, 0.0, 1.0, 0.1111, 0.7143, 1.0, 0.0, 0.2222, 1.0, 0.1429, 1.0, 0.0, 0.125, 0.8333, 0.0, 0.1111, 0.8, 0.1111, 0.6667, 0.1111, 0.1111, 0.8, 0.0, 0.0, 0.4444, 0.2727, 0.0, 0.0, 0.0833, 1.0, 0.0, 0.1, 0.0909, 0.2, 0.0, 0.0, 0.0, 0.8571, 0.0, 0.125, 0.0, 0.0, 0.0, 0.0, 0.0909, 1.0, 0.0, 0.0, 0.0, 0.0, 0.0, 0.0, 0.0, 0.875, 0.1429, 0.0, 0.3333, 0.0, 1.0, 0.0, 0.0, 0.9231, 0.0, 0.0, 0.75, 0.0, 0.8889, 0.0, 0.0, 0.2222, 0.0, 0.0, 1.0, 0.0, 1.0, 0.1429, 0.0, 0.0, 0.0, 0.0, 0.8889, 0.0, 0.3, 0.0, 0.0, 0.0, 0.25, 0.0, 0.5, 0.1, 0.1667, 0.125, 0.1, 0.0, 0.0, 0.0769, 0.75, 0.0, 0.0, 0.7143, 0.0, 0.0, 0.125, 0.0, 0.9231, 0.0, 0.1429, 0.875, 0.0, 0.0, 0.375, 0.0, 0.75, 0.1429, 0.0, 0.4286, 0.0, 0.0, 0.0, 0.0833, 0.875, 0.0, 0.25, 0.0, 0.0, 0.0, 0.0, 0.0, 0.8333, 0.0, 0.1667, 0.0, 0.0, 0.125, 0.0833, 0.2222, 0.875, 0.1111, 0.1667, 0.0, 0.0, 0.0, 0.0, 0.0, 0.1667, 0.0, 0.0, 0.1111, 0.0, 0.0, 0.1, 0.0, 0.0, 0.0, 0.0, 0.8889, 0.125, 0.7143, 0.9, 0.0, 0.0, 0.0, 0.0, 0.8889, 0.1667, 0.0, 0.9333, 0.0, 0.0, 0.0, 1.0, 1.0, 0.0, 0.125, 0.75, 0.0, 0.0909, 0.25, 0.8889, 0.5714, 0.1429, 0.0, 0.0, 0.0, 0.2, 0.1429, 0.1111, 1.0, 0.1429, 0.0, 0.0, 0.0, 0.7, 0.0, 1.0, 1.0, 0.0, 0.0909, 0.0, 0.0833, 0.2, 0.1429, 0.7143, 0.875, 0.0, 0.0, 0.0, 0.0, 0.0, 0.0, 0.8571, 0.75, 0.0, 0.0, 0.0909, 0.0, 0.0, 0.0, 0.75, 1.0, 0.0, 0.0]"
random,0.8,4,random,0.303,0.303,0.303,0.0,24,True,606,0,294,1100,0,"[0.05, 0.076, 0.0915, 0.108, 0.1235, 0.1395, 0.157, 0.1765, 0.197, 0.215, 0.227, 0.2405, 0.256, 0.27, 0.279, 0.2835, 0.288, 0.292, 0.295, 0.298, 0.2995, 0.3015, 0.3025, 0.303, 0.303, 0.303, 0.303, 0.303, 0.303, 0.303, 0.303, 0.303, 0.303, 0.303, 0.303, 0.303, 0.303, 0.303, 0.303, 0.303, 0.303, 0.303, 0.303, 0.303, 0.303, 0.303, 0.303, 0.303, 0.303, 0.303, 0.303, 0.303, 0.303, 0.303, 0.303, 0.303, 0.303, 0.303, 0.303, 0.303, 0.303, 0.303, 0.303, 0.303, 0.303, 0.303, 0.303, 0.303, 0.303, 0.303, 0.303, 0.303, 0.303, 0.303, 0.303, 0.303, 0.303, 0.303, 0.303, 0.303, 0.303, 0.303, 0.303, 0.303, 0.303, 0.303, 0.303, 0.303, 0.303, 0.303, 0.303, 0.303, 0.303, 0.303, 0.303, 0.303, 0.303, 0.303, 0.303, 0.303, 0.303]","{""0"": 0.194, ""1"": 0.3516, ""2"": 0.063, ""3"": 0.2874, ""4"": 0.4959, ""5"": 0.0574, ""6"": 0.3033, ""7"": 0.6653}","[0.4444, 0.75, 0.75, 0.0, 0.0, 1.0, 0.0, 0.0, 0.8, 0.8, 0.0, 0.0, 0.0, 0.9, 0.0, 0.8182, 1.0, 0.8333, 0.0, 0.0, 0.0, 1.0, 0.0, 0.8571, 1.0, 0.0909, 0.0, 0.1667, 0.1111, 1.0, 0.0, 0.0, 0.75, 0.0, 0.125, 0.0, 0.1429, 1.0, 0.0, 0.0, 1.0, 0.0, 0.5, 0.2, 0.1, 1.0, 0.0, 0.0, 0.75, 0.1429, 0.8, 0.0, 0.125, 0.7778, 0.125, 0.1818, 0.0, 0.1111, 1.0, 0.0, 0.0, 0.5, 0.0, 0.0, 0.0, 0.0, 0.875, 0.0, 0.0, 0.0, 0.0, 0.0, 0.7, 0.0, 0.8571, 0.0, 0.0, 0.3333, 0.0, 0.25, 0.8889, 0.2857, 0.75, 0.0, 0.0, 0.9091, 0.0, 0.25, 1.0, 0.3333, 0.6364, 0.1429, 0.0, 0.6, 0.0, 0.3333, 1.0, 0.5, 1.0, 0.0, 0.0, 0.1, 0.0, 0.0, 0.8571, 0.0, 1.0, 0.1667, 0.1818, 0.1, 0.3333, 0.0, 1.0, 0.0, 0.7778, 0.0, 0.5714, 0.0, 0.0, 0.0, 0.9, 0.0, 0.5714, 0.0, 1.0, 0.2222, 0.1, 0.1, 0.7143, 0.0, 1.0, 0.0, 0.9, 0.1111, 0.0, 0.3333, 0.2222, 0.0, 0.25, 0.0, 0.8571, 0.0, 0.1429, 0.8, 0.0, 0.0, 0.2222, 0.0833, 0.75, 0.3333, 0.0, 0.7778, 0.1667, 0.1429, 0.0, 0.0, 0.8, 0.0, 0.2, 0.8571, 0.0, 0.1667, 0.0, 0.1111, 0.7778, 0.0, 0.125, 0.8333, 0.25, 0.0, 0.125, 0.0, 0.1111, 0.0, 0.0, 1.0, 0.6667, 0.0, 0.125, 0.0714, 0.1, 0.0, 0.0, 1.0, 0.75, 0.0, 0.0, 0.0, 0.125, 0.0, 0.1818, 1.0, 1.0, 0.0, 0.0, 0.0, 0.0, 0.0, 0.0, 0.3333, 1.0, 0.0, 0.0, 0.0, 0.0, 0.0, 0.0, 0.0, 1.0, 0.0, 0.0, 0.1, 0.2308, 1.0, 0.0, 0.0, 0.8, 0.1, 0.0, 0.2857, 0.8571, 0.75, 0.0, 0.0, 0.8333, 0.0, 0.0, 0.0, 0.9091, 1.0, 0.0, 0.1429, 0.1667, 0.0, 0.0, 0.1667, 0.3333, 0.8182, 0.2727, 0.0, 0.8571, 1.0, 0.0714, 0.375, 0.0, 0.8571, 0.1667, 0.0, 0.0, 0.875]"
random,0.8,5,random,0.2145,0.2145,0.2145,0.0,20,True,429,0,301,1270,0,"[0.05, 0.0725, 0.087, 0.102, 0.12, 0.1375, 0.145, 0.153, 0.1585, 0.1645, 0.1715, 0.1785, 0.1845, 0.191, 0.1995, 0.2055, 0.209, 0.2115, 0.2135, 0.2145, 0.2145, 0.2145, 0.2145, 0.2145, 0.2145, 0.2145, 0.2145, 0.2145, 0.2145, 0.2145, 0.2145, 0.2145, 0.2145, 0.2145, 0.2145, 0.2145, 0.2145, 0.2145, 0.2145, 0.2145, 0.2145, 0.2145, 0.2145, 0.2145, 0.2145, 0.2145, 0.2145, 0.2145, 0.2145, 0.2145, 0.2145, 0.2145, 0.2145, 0.2145, 0.2145, 0.2145, 0.2145, 0.2145, 0.2145, 0.2145, 0.2145, 0.2145, 0.2145, 0.2145, 0.2145, 0.2145, 0.2145, 0.2145, 0.2145, 0.2145, 0.2145, 0.2145, 0.2145, 0.2145, 0.2145, 0.2145, 0.2145, 0.2145, 0.2145, 0.2145, 0.2145, 0.2145, 0.2145, 0.2145, 0.2145, 0.2145, 0.2145, 0.2145, 0.2145, 0.2145, 0.2145, 0.2145, 0.2145, 0.2145, 0.2145, 0.2145, 0.2145, 0.2145, 0.2145, 0.2145, 0.2145]","{""0"": 0.2351, ""1"": 0.2267, ""2"": 0.4564, ""3"": 0.3936, ""4"": 0.0553, ""5"": 0.0645, ""6"": 0.2469, ""7"": 0.038}","[0.0, 0.0, 0.1667, 0.125, 0.1667, 0.1429, 0.2222, 0.0, 0.0, 0.0, 0.0, 0.0, 0.0, 0.1333, 0.0, 0.0, 0.0, 0.6667, 0.0, 0.0, 0.0, 0.0, 0.1429, 0.0, 0.0, 0.75, 0.0, 0.0, 0.1667, 0.0, 0.125, 0.125, 0.2857, 0.7143, 0.0909, 0.0, 0.0, 0.0, 0.0, 0.0, 0.0, 0.9091, 0.0, 0.0, 0.1818, 0.1111, 0.6, 0.1429, 0.0, 1.0, 0.1667, 0.0, 0.0, 0.25, 0.0, 0.6667, 0.0, 1.0, 0.0, 0.2, 0.0, 0.0, 0.0, 0.9, 0.0, 0.9, 0.0, 0.125, 0.4286, 0.0, 0.1667, 0.8182, 0.0, 0.1111, 0.125, 0.1111, 0.5, 0.0, 0.1111, 1.0, 0.1667, 0.2, 0.0, 0.0, 0.0, 0.0, 0.0, 0.8333, 0.0, 0.0769, 0.0909, 0.0, 0.0, 0.2, 0.0, 0.8, 0.0, 0.0, 0.1111, 0.1, 0.0, 0.1667, 0.0, 0.0, 0.0, 0.0, 0.1429, 0.0, 0.0, 0.0, 0.0, 0.0, 0.0, 0.0, 0.0, 0.0, 0.0, 0.0, 0.0, 0.125, 0.1429, 0.0, 0.0, 0.25, 0.0, 0.1667, 0.0, 0.0, 0.1667, 0.0, 0.0, 0.6667, 0.0, 0.0769, 0.1, 0.1111, 0.0, 0.0, 0.0, 0.8, 0.0, 0.0, 0.0, 0.0, 0.125, 0.0, 0.1667, 0.9, 0.0909, 0.0, 0.125, 0.0, 0.0, 0.0909, 0.0, 0.7143, 0.1111, 0.0, 0.0, 0.1, 0.0, 0.0, 0.8571, 1.0, 0.5, 0.0, 0.0, 0.125, 0.1, 0.0, 1.0, 0.8333, 1.0, 0.0, 0.0, 0.0, 0.0, 0.1111, 0.8182, 1.0, 1.0, 0.0, 0.0, 0.0, 0.1111, 0.125, 0.8, 1.0, 0.9167, 0.2, 0.3, 0.1667, 0.0, 0.0, 0.7778, 0.7778, 1.0, 0.0, 0.1667, 0.0, 0.0, 0.6667, 0.8571, 1.0, 1.0, 0.0, 0.0, 0.0, 0.0, 0.1429, 1.0, 1.0, 1.0, 0.0, 0.1111, 0.8889, 0.0, 0.0909, 0.0, 1.0, 0.875, 0.1111, 0.0, 0.5, 0.0, 0.0, 0.0, 0.75, 1.0, 0.0833, 0.0, 0.2857, 0.0, 0.0, 0.2, 0.75, 0.8889, 0.0, 0.0, 0.1111, 0.0909, 0.1111, 0.0, 0.1111, 0.75, 0.0909, 0.0, 0.125, 0.0, 0.1538]"
random,0.8,6,random,0.222,0.222,0.222,-0.0,24,True,444,0,297,1259,0,"[0.05, 0.069, 0.0865, 0.1055, 0.1225, 0.139, 0.149, 0.161, 0.174, 0.183, 0.1875, 0.1905, 0.1935, 0.1985, 0.203, 0.2075, 0.2105, 0.214, 0.216, 0.2165, 0.2175, 0.2185, 0.221, 0.222, 0.222, 0.222, 0.222, 0.222, 0.222, 0.222, 0.222, 0.222, 0.222, 0.222, 0.222, 0.222, 0.222, 0.222, 0.222, 0.222, 0.222, 0.222, 0.222, 0.222, 0.222, 0.222, 0.222, 0.222, 0.222, 0.222, 0.222, 0.222, 0.222, 0.222, 0.222, 0.222, 0.222, 0.222, 0.222, 0.222, 0.222, 0.222, 0.222, 0.222, 0.222, 0.222, 0.222, 0.222, 0.222, 0.222, 0.222, 0.222, 0.222, 0.222, 0.222, 0.222, 0.222, 0.222, 0.222, 0.222, 0.222, 0.222, 0.222, 0.222, 0.222, 0.222, 0.222, 0.222, 0.222, 0.222, 0.222, 0.222, 0.222, 0.222, 0.222, 0.222, 0.222, 0.222, 0.222, 0.222, 0.222]","{""0"": 0.5469, ""1"": 0.1628, ""2"": 0.1365, ""3"": 0.3306, ""4"": 0.2972, ""5"": 0.0586, ""6"": 0.095, ""7"": 0.1417}","[0.4444, 0.0, 0.1, 0.375, 0.0769, 0.8333, 0.0, 0.0, 0.0769, 0.0, 0.0, 0.2, 0.1111, 1.0, 0.0, 0.0, 0.0, 0.0, 0.0, 0.0, 0.1667, 1.0, 0.1, 0.0, 0.0, 0.0, 0.0909, 0.0, 0.0, 0.9, 0.0, 0.0, 0.0, 0.0, 0.125, 0.375, 0.0, 0.8889, 0.0, 0.0, 0.0833, 0.1667, 0.0, 0.0, 1.0, 1.0, 0.0, 0.0, 0.0, 0.8333, 0.0, 0.0, 0.8, 0.8182, 0.0, 0.0, 0.0, 0.8182, 0.1429, 0.1, 0.9091, 1.0, 0.1429, 0.0, 0.0, 1.0, 0.0, 0.0, 1.0, 0.625, 0.0909, 0.0, 0.1667, 0.7778, 0.1111, 0.0, 1.0, 0.2, 0.0, 0.25, 0.1429, 1.0, 0.0, 0.0, 1.0, 0.0, 0.0833, 1.0, 0.2857, 0.75, 0.0, 0.5, 1.0, 0.0, 0.0, 0.1818, 0.0, 1.0, 0.125, 0.0833, 0.875, 0.1, 0.125, 0.0, 0.1667, 1.0, 0.0, 0.2, 1.0, 0.0, 0.1111, 0.2, 0.125, 0.875, 0.0, 0.1, 0.5, 0.1818, 0.125, 0.0, 0.0, 1.0, 0.0909, 0.0, 0.0, 0.0, 0.0, 0.0, 0.3, 0.5714, 0.125, 0.1111, 0.0, 0.0, 0.1818, 0.0, 0.0, 0.9091, 0.75, 0.0, 0.0, 0.1111, 0.0, 0.0, 0.3333, 1.0, 0.75, 0.0, 0.0, 0.0, 0.1111, 0.0, 0.1, 1.0, 0.7143, 0.375, 0.0, 0.0, 0.0, 0.0, 0.1667, 0.6667, 1.0, 1.0, 0.0, 0.0, 0.0, 0.0, 0.0, 0.8, 0.6, 0.0, 0.0, 0.1111, 0.0, 0.5, 1.0, 0.9, 0.1111, 0.0, 0.0, 0.0, 0.0, 0.6667, 0.8571, 1.0, 0.0, 0.0, 0.1429, 0.1429, 0.1667, 0.5714, 0.6667, 1.0, 0.0, 0.0, 0.0, 0.0, 0.0909, 0.0, 0.1429, 0.0, 0.0, 0.8333, 0.2, 0.1667, 0.0, 0.0, 0.0, 0.5, 0.1429, 0.0, 0.1429, 0.0, 0.25, 0.0, 0.0, 0.1111, 0.0833, 0.0, 0.0, 0.0, 0.0, 0.0, 0.0, 0.0, 0.0, 0.0, 0.0, 0.0, 0.0, 0.25, 0.0, 0.0, 0.125, 0.1111, 0.0, 0.0, 0.0769, 0.0, 0.3333, 0.0, 0.1111, 0.0714, 0.0, 0.0, 0.0, 0.0, 0.1, 0.25]"
random,0.8,7,random,0.2595,0.2595,0.2595,0.0,20,True,519,0,289,1192,0,"[0.05, 0.072, 0.0875, 0.1055, 0.1265, 0.146, 0.166, 0.1825, 0.194, 0.206, 0.218, 0.2285, 0.2355, 0.24, 0.2435, 0.2465, 0.2515, 0.256, 0.259, 0.2595, 0.2595, 0.2595, 0.2595, 0.2595, 0.2595, 0.2595, 0.2595, 0.2595, 0.2595, 0.2595, 0.2595, 0.2595, 0.2595, 0.2595, 0.2595, 0.2595, 0.2595, 0.2595, 0.2595, 0.2595, 0.2595, 0.2595, 0.2595, 0.2595, 0.2595, 0.2595, 0.2595, 0.2595, 0.2595, 0.2595, 0.2595, 0.2595, 0.2595, 0.2595, 0.2595, 0.2595, 0.2595, 0.2595, 0.2595, 0.2595, 0.2595, 0.2595, 0.2595, 0.2595, 0.2595, 0.2595, 0.2595, 0.2595, 0.2595, 0.2595, 0.2595, 0.2595, 0.2595, 0.2595, 0.2595, 0.2595, 0.2595, 0.2595, 0.2595, 0.2595, 0.2595, 0.2595, 0.2595, 0.2595, 0.2595, 0.2595, 0.2595, 0.2595, 0.2595, 0.2595, 0.2595, 0.2595, 0.2595, 0.2595, 0.2595, 0.2595, 0.2595, 0.2595, 0.2595, 0.2595, 0.2595]","{""0"": 0.6008, ""1"": 0.1739, ""2"": 0.0755, ""3"": 0.0619, ""4"": 0.3797, ""5"": 0.4757, ""6"": 0.1179, ""7"": 0.1579}","[0.5556, 1.0, 0.3333, 0.0, 0.0, 0.75, 0.25, 0.0, 0.1429, 0.8571, 0.1111, 0.0, 0.0, 0.6667, 0.9, 0.0833, 0.0, 0.8571, 0.0, 0.25, 0.125, 0.7778, 0.5, 0.0, 0.0, 0.875, 0.0, 0.0, 0.0, 0.7143, 0.0, 0.125, 0.0, 1.0, 0.0, 0.0, 0.3333, 1.0, 0.1429, 0.0, 0.0, 1.0, 0.0, 0.0, 0.3333, 1.0, 0.0714, 0.3, 0.0, 1.0, 0.0, 0.1111, 0.0, 0.8889, 0.0, 0.125, 0.0, 1.0, 0.2857, 0.125, 0.0, 0.9091, 1.0, 0.2857, 0.0, 0.8333, 0.1, 0.0909, 0.1429, 0.7778, 1.0, 0.0, 0.0, 1.0, 0.0, 0.1818, 0.1429, 0.125, 0.7778, 0.1429, 0.1667, 0.9, 0.0, 0.3333, 0.1111, 0.0, 0.8889, 0.125, 0.2222, 0.9, 0.0, 0.1667, 0.0, 0.0, 1.0, 0.1, 0.125, 0.8333, 0.1, 0.0, 0.1667, 0.0, 1.0, 0.0, 0.2857, 0.8182, 0.125, 0.0909, 0.1, 0.3333, 1.0, 0.1111, 0.0, 0.7143, 0.0, 0.0, 0.0, 0.0, 0.8, 0.0, 0.0, 0.625, 0.0, 0.1429, 0.1111, 0.0, 0.8333, 0.125, 0.0, 0.4286, 0.0, 0.0, 0.0833, 0.0, 0.8333, 0.1111, 0.0, 1.0, 0.0, 0.0, 0.0, 0.0, 1.0, 0.0909, 0.0, 1.0, 0.2222, 0.0, 0.0, 0.0, 0.6667, 0.0, 0.0, 0.8333, 0.7143, 0.0, 0.0, 0.1818, 1.0, 0.0, 0.0, 0.2, 0.875, 0.0, 0.0, 0.0, 0.1, 0.0, 0.0, 0.0, 0.8333, 0.1111, 0.1429, 0.2, 0.7778, 0.0, 0.0, 0.0, 0.8571, 0.0, 0.1667, 0.0, 0.5455, 0.0, 0.0, 0.0769, 1.0, 0.125, 0.0, 0.25, 0.0, 0.125, 0.0, 0.0, 0.0, 0.0, 0.0, 0.9, 0.1429, 0.75, 0.0, 0.125, 0.0, 0.0, 0.0, 1.0, 0.0, 0.8, 0.7778, 0.0, 0.0, 0.0, 0.0, 1.0, 0.0, 0.0, 0.875, 0.0, 0.0, 0.2222, 0.0, 0.8889, 0.0, 0.0, 0.6364, 0.3333, 0.3, 0.5, 0.0, 0.0, 0.0, 0.0, 0.9, 0.0, 0.0, 0.0, 0.0, 0.2857, 0.0769, 0.0, 0.125, 0.3333, 0.0, 0.0, 0.1, 0.0, 0.0, 0.125, 0.0909, 1.0]"
random,0.8,8,random,0.285,0.285,0.285,-0.0,52,True,570,0,276,1154,0,"[0.05, 0.078, 0.0975, 0.1155, 0.1285, 0.1375, 0.1435, 0.1515, 0.1575, 0.1615, 0.1645, 0.1665, 0.169, 0.1725, 0.175, 0.179, 0.1815, 0.184, 0.186, 0.188, 0.1895, 0.19, 0.1905, 0.191, 0.192, 0.1945, 0.1975, 0.201, 0.2055, 0.211, 0.216, 0.2195, 0.2235, 0.228, 0.233, 0.238, 0.2445, 0.2505, 0.2585, 0.263, 0.2665, 0.27, 0.273, 0.277, 0.279, 0.281, 0.2815, 0.282, 0.283, 0.284, 0.2845, 0.285, 0.285, 0.285, 0.285, 0.285, 0.285, 0.285, 0.285, 0.285, 0.285, 0.285, 0.285, 0.285, 0.285, 0.285, 0.285, 0.285, 0.285, 0.285, 0.285, 0.285, 0.285, 0.285, 0.285, 0.285, 0.285, 0.285, 0.285, 0.285, 0.285, 0.285, 0.285, 0.285, 0.285, 0.285, 0.285, 0.285, 0.285, 0.285, 0.285, 0.285, 0.285, 0.285, 0.285, 0.285, 0.285, 0.285, 0.285, 0.285, 0.285]","{""0"": 0.4375, ""1"": 0.0493, ""2"": 0.3452, ""3"": 0.5509, ""4"": 0.0887, ""5"": 0.2734, ""6"": 0.244, ""7"": 0.2437}","[0.2222, 1.0, 0.0, 0.0, 0.1, 0.0, 0.0, 0.1111, 0.0, 0.8571, 0.1, 0.125, 0.0, 0.0, 0.0, 0.0, 0.0, 0.0, 0.0, 0.0, 0.125, 0.0, 0.0, 0.0, 0.0, 0.0, 0.1667, 0.0909, 0.25, 0.1667, 0.0, 0.0, 0.0, 0.0, 0.0, 1.0, 0.1429, 0.25, 0.0, 0.0, 0.0, 0.0, 0.0, 1.0, 0.0, 0.3333, 0.0, 0.0, 0.0, 0.0, 0.0, 0.8, 0.0, 0.0, 0.0, 0.0, 0.0, 0.1667, 0.0, 1.0, 0.1, 0.1429, 0.1667, 0.1667, 0.0, 0.0, 0.0, 1.0, 0.0769, 0.375, 0.6, 0.0, 0.1429, 1.0, 0.0, 1.0, 0.8333, 0.0, 0.1667, 0.0, 0.0, 0.875, 0.0, 0.8, 0.9, 0.0, 0.0, 0.0, 0.0, 1.0, 0.1667, 0.0, 0.8, 0.0, 0.3333, 0.5714, 0.1111, 0.8889, 0.0, 0.125, 0.6923, 0.0833, 0.0833, 0.8333, 0.0, 1.0, 0.0, 0.0, 0.2, 0.0, 0.0, 0.7143, 0.0, 0.8571, 0.0, 0.0, 0.1111, 0.0, 0.0, 0.0, 0.0, 1.0, 0.0, 0.7143, 0.3333, 0.0, 0.0, 0.0, 0.0, 0.75, 0.0, 0.9091, 0.6667, 0.0, 0.0, 0.0, 0.2857, 1.0, 0.1429, 1.0, 1.0, 0.0, 0.3333, 0.0, 0.0, 0.9, 0.0, 0.6667, 0.8889, 0.0, 0.1429, 0.6, 0.8, 0.0833, 0.0, 0.1111, 0.875, 0.6667, 0.0, 0.625, 1.0, 0.25, 0.125, 0.0, 1.0, 0.0, 0.0909, 0.0, 1.0, 0.0, 0.125, 0.2, 0.75, 0.0, 0.6, 0.0, 1.0, 0.0, 0.4, 0.0, 1.0, 0.3, 0.9167, 0.2727, 1.0, 0.0, 0.0, 0.125, 0.9091, 0.0, 0.8333, 1.0, 1.0, 0.0714, 0.0, 0.0, 1.0, 0.25, 1.0, 1.0, 1.0, 0.0, 0.0, 0.1429, 1.0, 0.0, 0.875, 1.0, 0.8571, 0.1111, 0.3333, 0.1111, 1.0, 0.0, 1.0, 0.125, 0.5, 0.2, 0.125, 0.2, 0.875, 0.0, 1.0, 0.1667, 0.0, 0.125, 0.0, 0.0, 0.875, 0.0, 0.5556, 0.1875, 0.1667, 0.1429, 0.0, 0.1111, 0.0, 0.0, 0.0909, 0.0, 0.0, 0.8182, 0.0, 0.1429, 0.0, 0.1111, 0.0833, 0.3333, 0.0, 0.8889]"
random,0.8,9,random,0.1375,0.1375,0.1375,0.0,14,True,275,0,298,1427,0,"[0.05, 0.07, 0.0815, 0.088, 0.097, 0.104, 0.1135, 0.12, 0.125, 0.1285, 0.132, 0.1365, 0.137, 0.1375, 0.1375, 0.1375, 0.1375, 0.1375, 0.1375, 0.1375, 0.1375, 0.1375, 0.1375, 0.1375, 0.1375, 0.1375, 0.1375, 0.1375, 0.1375, 0.1375, 0.1375, 0.1375, 0.1375, 0.1375, 0.1375, 0.1375, 0.1375, 0.1375, 0.1375, 0.1375, 0.1375, 0.1375, 0.1375, 0.1375, 0.1375, 0.1375, 0.1375, 0.1375, 0.1375, 0.1375, 0.1375, 0.1375, 0.1375, 0.1375, 0.1375, 0.1375, 0.1375, 0.1375, 0.1375, 0.1375, 0.1375, 0.1375, 0.1375, 0.1375, 0.1375, 0.1375, 0.1375, 0.1375, 0.1375, 0.1375, 0.1375, 0.1375, 0.1375, 0.1375, 0.1375, 0.1375, 0.1375, 0.1375, 0.1375, 0.1375, 0.1375, 0.1375, 0.1375, 0.1375, 0.1375, 0.1375, 0.1375, 0.1375, 0.1375, 0.1375, 0.1375, 0.1375, 0.1375, 0.1375, 0.1375, 0.1375, 0.1375, 0.1375, 0.1375, 0.1375, 0.1375]","{""0"": 0.1667, ""1"": 0.0565, ""2"": 0.0349, ""3"": 0.166, ""4"": 0.2176, ""5"": 0.0512, ""6"": 0.0433, ""7"": 0.361}","[0.1111, 1.0, 0.0, 0.0, 0.0, 0.0, 0.0909, 0.0, 1.0, 0.0, 0.0, 0.0, 0.2222, 0.5, 0.0, 0.0, 0.8, 0.25, 0.0, 0.0, 0.0, 0.0, 0.0, 0.0, 1.0, 0.0, 0.0, 0.0, 0.25, 0.0, 0.2, 0.0, 1.0, 0.0, 0.125, 0.0, 0.375, 0.1667, 0.0, 0.0, 0.7143, 0.2857, 0.1429, 0.0, 0.0, 0.0, 0.0, 0.0, 0.25, 0.5714, 0.1, 0.1429, 0.8571, 0.0909, 0.0, 0.0, 0.0, 0.0833, 0.0, 0.0, 0.875, 0.0, 0.2222, 0.0, 0.0, 0.1429, 0.0, 0.0, 0.6, 0.1111, 0.0, 0.2, 0.0, 0.0, 0.0, 0.1111, 1.0, 0.125, 0.0, 0.0, 0.1111, 0.0, 0.0, 0.0833, 0.2857, 0.1111, 0.0833, 0.0, 0.0, 0.0, 0.1667, 0.0, 0.0, 0.0, 0.0, 0.0, 0.0, 0.125, 0.0, 0.0, 0.0, 0.375, 0.1429, 0.0, 0.0, 0.0, 0.0, 0.0, 0.0, 0.0833, 0.125, 0.0, 0.0, 0.125, 0.0, 0.1429, 0.1111, 0.0, 0.0, 0.0, 0.0, 0.0, 0.0, 0.0, 0.125, 0.0, 0.0833, 0.0, 0.0, 0.0, 0.0, 0.1429, 0.0, 0.1, 0.0, 0.0, 1.0, 0.1111, 0.0, 0.0, 0.1111, 0.1429, 0.0909, 0.0, 1.0, 0.0, 0.0, 0.25, 0.0909, 0.0, 0.1818, 0.1429, 1.0, 0.0, 0.0909, 0.0, 0.0, 0.3333, 0.0, 0.0, 0.8333, 0.1818, 0.0, 0.1, 0.0, 0.2222, 0.0, 0.0, 0.8889, 0.4444, 0.5, 0.0, 0.0, 0.8333, 0.0, 0.1667, 1.0, 0.2222, 0.0, 0.0, 0.1429, 0.7143, 0.0, 0.0, 0.6667, 0.0, 0.0, 0.1429, 0.0, 0.8571, 0.0, 0.0, 0.1429, 0.125, 0.1429, 0.0, 0.25, 0.875, 0.1667, 0.1, 0.0, 0.0769, 0.125, 0.0, 0.0, 0.875, 0.0, 0.0, 0.0, 0.125, 0.0, 0.0, 0.0, 0.4444, 0.0, 0.5, 0.0, 0.0, 0.0, 0.0, 0.1429, 0.125, 0.0, 0.2222, 0.5, 0.0833, 0.1667, 0.0, 0.0, 0.1667, 0.0, 0.0, 0.0, 0.0909, 0.1818, 0.0, 0.0, 0.0, 0.0, 0.0, 0.0, 0.875, 0.1111, 0.0, 0.0, 0.25, 0.1111, 0.0, 0.0, 0.8333]"
random,0.8,10,random,0.137,0.137,0.137,0.0,14,True,274,0,293,1433,0,"[0.05, 0.0655, 0.075, 0.0855, 0.0975, 0.106, 0.113, 0.121, 0.126, 0.1275, 0.1305, 0.1335, 0.1355, 0.137, 0.137, 0.137, 0.137, 0.137, 0.137, 0.137, 0.137, 0.137, 0.137, 0.137, 0.137, 0.137, 0.137, 0.137, 0.137, 0.137, 0.137, 0.137, 0.137, 0.137, 0.137, 0.137, 0.137, 0.137, 0.137, 0.137, 0.137, 0.137, 0.137, 0.137, 0.137, 0.137, 0.137, 0.137, 0.137, 0.137, 0.137, 0.137, 0.137, 0.137, 0.137, 0.137, 0.137, 0.137, 0.137, 0.137, 0.137, 0.137, 0.137, 0.137, 0.137, 0.137, 0.137, 0.137, 0.137, 0.137, 0.137, 0.137, 0.137, 0.137, 0.137, 0.137, 0.137, 0.137, 0.137, 0.137, 0.137, 0.137, 0.137, 0.137, 0.137, 0.137, 0.137, 0.137, 0.137, 0.137, 0.137, 0.137, 0.137, 0.137, 0.137, 0.137, 0.137, 0.137, 0.137, 0.137, 0.137]","{""0"": 0.0687, ""1"": 0.4903, ""2"": 0.0408, ""3"": 0.178, ""4"": 0.0766, ""5"": 0.0652, ""6"": 0.084, ""7"": 0.0739}","[0.2222, 0.2, 1.0, 0.1111, 0.0, 0.1111, 0.0, 0.0, 0.0, 0.0909, 0.75, 0.0, 0.0, 0.0, 0.1667, 0.0, 0.1667, 0.0, 0.8571, 0.0, 0.0909, 0.0, 0.0, 0.0, 0.125, 0.2222, 0.6667, 0.0, 0.0, 0.0, 0.0, 0.0, 0.0, 0.0, 0.875, 0.0, 0.0833, 0.0, 0.0, 0.0, 0.1, 0.0, 0.8571, 0.0, 0.0, 0.1111, 0.0, 0.1429, 0.2857, 0.0, 0.875, 0.0, 0.0, 0.0, 0.1, 0.6, 0.0, 0.0, 0.0, 0.0, 0.0909, 0.1111, 0.0, 0.5, 0.0, 0.0, 0.0714, 0.0, 0.0, 0.1667, 0.0, 0.0, 0.0, 0.1667, 0.0, 0.0, 0.0, 0.1, 0.0, 0.0, 0.1667, 0.0, 0.0, 0.0, 0.0, 0.0, 0.0, 0.0, 0.0, 0.1111, 0.0, 0.1111, 0.0, 0.1, 0.0, 0.1, 0.0, 0.0, 0.0, 0.125, 0.0, 0.2222, 0.25, 0.1429, 0.0, 0.0, 0.0, 0.0, 0.0, 0.0, 0.4286, 0.0909, 0.0, 0.2222, 0.0, 0.0, 0.0, 0.0, 0.25, 0.125, 0.0, 0.0, 0.1429, 0.25, 0.0, 0.0, 0.125, 0.0, 0.0, 0.125, 0.8, 0.0, 0.0, 0.0, 0.0, 0.0, 0.0, 0.0, 1.0, 0.0, 0.2, 0.0, 0.0, 0.0, 0.0, 0.2222, 0.875, 0.0, 0.0, 0.0769, 0.1667, 0.1429, 0.2, 0.1, 1.0, 0.1667, 0.0, 0.0, 0.0, 0.0769, 0.2222, 0.0, 0.8889, 0.0833, 0.0, 0.0, 0.0, 0.0, 0.4, 0.0, 0.7143, 0.1429, 0.0, 0.5, 0.0, 0.0, 0.0, 0.1429, 0.7778, 0.0, 0.0, 0.125, 0.2, 0.0, 0.1429, 0.0, 0.875, 0.125, 0.0, 0.0, 0.0, 0.0, 0.0, 0.0, 1.0, 0.0, 0.7, 0.0, 0.0, 0.1667, 0.0, 0.0, 0.1, 0.125, 1.0, 0.0, 0.0, 0.0, 0.2222, 0.2, 0.125, 0.1, 1.0, 0.3, 0.1111, 0.0, 0.0, 0.0, 0.0909, 0.0, 0.6667, 0.1818, 0.0, 0.0, 0.0, 0.0909, 0.0, 0.0, 1.0, 0.0, 0.1111, 0.0, 0.0, 0.0909, 0.8333, 0.0, 0.8333, 0.0, 0.0, 0.25, 0.6, 0.0, 0.9, 0.0, 0.1818, 0.2, 0.0, 0.3333, 0.0, 0.125]"
random,0.8,11,random,0.147,0.147,0.147,0.0,19,True,294,0,294,1412,0,"[0.05, 0.0695, 0.0805, 0.09, 0.0955, 0.103, 0.108, 0.1125, 0.1165, 0.121, 0.126, 0.132, 0.1365, 0.14, 0.1425, 0.144, 0.145, 0.1455, 0.147, 0.147, 0.147, 0.147, 0.147, 0.147, 0.147, 0.147, 0.147, 0.147, 0.147, 0.147, 0.147, 0.147, 0.147, 0.147, 0.147, 0.147, 0.147, 0.147, 0.147, 0.147, 0.147, 0.147, 0.147, 0.147, 0.147, 0.147, 0.147, 0.147, 0.147, 0.147, 0.147, 0.147, 0.147, 0.147, 0.147, 0.147, 0.147, 0.147, 0.147, 0.147, 0.147, 0.147, 0.147, 0.147, 0.147, 0.147, 0.147, 0.147, 0.147, 0.147, 0.147, 0.147, 0.147, 0.147, 0.147, 0.147, 0.147, 0.147, 0.147, 0.147, 0.147, 0.147, 0.147, 0.147, 0.147, 0.147, 0.147, 0.147, 0.147, 0.147, 0.147, 0.147, 0.147, 0.147, 0.147, 0.147, 0.147, 0.147, 0.147, 0.147, 0.147]","{""0"": 0.0875, ""1"": 0.3559, ""2"": 0.0425, ""3"": 0.4696, ""4"": 0.065, ""5"": 0.0954, ""6"": 0.0328, ""7"": 0.0413}","[0.3333, 0.0, 0.0, 0.0, 0.0, 0.2, 0.1818, 0.0, 0.0, 0.625, 0.1429, 0.0, 0.0, 0.2727, 0.0, 0.0, 0.0, 0.25, 0.1429, 0.0, 0.0, 0.0, 0.0, 0.0, 0.0, 0.1818, 0.0, 0.0, 0.0, 0.0, 0.0, 0.0, 0.0, 0.0, 0.0, 0.0, 0.1818, 0.0, 0.0, 0.125, 0.1, 0.0, 0.0, 0.0, 0.8333, 0.0, 0.0, 0.0, 0.1667, 0.1667, 0.0, 0.1667, 0.8889, 0.1111, 0.1, 0.1429, 0.0, 0.1, 0.1, 0.0, 0.8571, 0.0, 0.0, 0.0, 0.1667, 0.0, 0.0, 0.0, 0.8333, 0.1429, 0.1, 0.0, 0.1429, 0.0, 0.0, 0.0, 1.0, 0.1429, 0.0, 0.0, 0.1667, 0.0, 0.0, 0.0, 1.0, 0.25, 0.1667, 0.0, 0.0, 0.0, 0.0, 0.1667, 0.75, 0.0, 0.0, 0.0, 0.0, 0.125, 0.4286, 0.0, 1.0, 0.1111, 0.0833, 0.0, 0.0, 0.25, 1.0, 0.1, 1.0, 0.1, 0.1111, 0.0, 0.0909, 0.0, 1.0, 0.0, 0.5, 0.0, 0.0, 0.0, 0.0, 0.25, 0.9091, 0.0, 0.1, 0.0, 0.1111, 0.0, 0.0, 0.1429, 0.8333, 0.0, 0.0769, 0.1667, 0.1, 0.0, 0.0, 0.0, 0.75, 0.1, 0.0, 0.0, 0.1, 0.1, 0.0, 0.0, 0.0, 0.0, 0.3333, 0.0, 0.0, 0.375, 0.1, 0.1111, 0.0, 0.25, 0.75, 0.0, 0.2857, 0.1111, 0.0, 0.0, 0.0, 0.1667, 1.0, 0.0, 0.2222, 0.0, 0.0, 0.0, 0.5556, 0.0, 0.6667, 0.0, 0.0, 0.0, 0.0, 0.0, 0.8889, 0.0, 0.8333, 0.0, 0.0, 0.0, 0.0833, 0.0, 0.7778, 0.0, 0.8571, 0.0, 0.3333, 0.0, 0.2222, 0.0625, 0.75, 0.0667, 0.875, 0.0, 0.2222, 0.0, 0.0, 0.0, 1.0, 0.0, 1.0, 0.0, 0.4286, 0.125, 0.0, 0.0, 0.75, 0.1111, 0.4, 0.0909, 0.5, 0.0, 0.0, 0.1111, 0.6667, 0.1667, 0.1111, 0.0, 0.0, 0.0, 0.0, 0.25, 0.0, 0.0, 0.0909, 0.1111, 0.0, 0.0, 0.0, 0.0, 0.0, 0.125, 0.0, 0.0, 0.0, 0.0, 0.0, 0.0, 0.1429, 0.0, 0.1667, 0.0, 0.0, 0.0, 0.0, 0.0]"
champions,0.4,0,champions,0.1205,0.1205,0.1205,-0.0,8,True,241,0,265,1494,0,"[0.05, 0.088, 0.102, 0.111, 0.115, 0.1175, 0.12, 0.1205, 0.1205, 0.1205, 0.1205, 0.1205, 0.1205, 0.1205, 0.1205, 0.1205, 0.1205, 0.1205, 0.1205, 0.1205, 0.1205, 0.1205, 0.1205, 0.1205, 0.1205, 0.1205, 0.1205, 0.1205, 0.1205, 0.1205, 0.1205, 0.1205, 0.1205, 0.1205, 0.1205, 0.1205, 0.1205, 0.1205, 0.1205, 0.1205, 0.1205, 0.1205, 0.1205, 0.1205, 0.1205, 0.1205, 0.1205, 0.1205, 0.1205, 0.1205, 0.1205, 0.1205, 0.1205, 0.1205, 0.1205, 0.1205, 0.1205, 0.1205, 0.1205, 0.1205, 0.1205, 0.1205, 0.1205, 0.1205, 0.1205, 0.1205, 0.1205, 0.1205, 0.1205, 0.1205, 0.1205, 0.1205, 0.1205, 0.1205, 0.1205, 0.1205, 0.1205, 0.1205, 0.1205, 0.1205, 0.1205, 0.1205, 0.1205, 0.1205, 0.1205, 0.1205, 0.1205, 0.1205, 0.1205, 0.1205, 0.1205, 0.1205, 0.1205, 0.1205, 0.1205, 0.1205, 0.1205, 0.1205, 0.1205, 0.1205, 0.1205]","{""0"": 0.0364, ""1"": 0.0531, ""2"": 0.1318, ""3"": 0.1098, ""4"": 0.0991, ""5"": 0.1627, ""6"": 0.2165, ""7"": 0.1457}","[1.0, 0.0909, 0.0, 0.0, 0.1429, 0.0, 0.1, 0.0, 0.1538, 0.0, 0.0, 0.0, 0.2222, 0.0, 0.2143, 0.0, 0.0, 0.0, 0.0, 0.0, 0.125, 0.5, 0.1, 0.1429, 0.0, 0.0, 0.0, 0.0, 0.1, 0.0, 0.1667, 0.0, 0.0, 0.0, 0.0, 0.0, 0.0, 0.1, 0.5455, 0.1, 0.0, 0.2308, 0.0, 0.0, 0.125, 0.0, 0.125, 0.1667, 0.0, 0.0, 0.0, 0.0, 0.0, 0.1667, 0.3333, 0.0909, 0.0, 0.0, 0.2, 0.0, 0.0769, 0.0, 0.0, 0.1667, 0.0, 0.0, 0.1111, 0.0, 0.1429, 0.0, 0.0, 0.1667, 0.0, 0.0, 0.0, 0.0, 0.0, 0.1667, 0.0, 0.0, 0.0, 0.0, 0.0, 0.0, 0.0, 0.7778, 0.0, 0.1667, 0.0833, 0.0, 0.0, 0.0, 0.1111, 0.3333, 0.0, 0.1429, 0.0, 0.0, 0.1111, 0.0, 0.0, 0.0, 0.0, 0.9231, 0.1667, 0.0, 0.1111, 0.1111, 0.3571, 0.1429, 0.1818, 0.7273, 0.125, 0.0, 0.0, 0.25, 0.0, 0.0, 0.0, 0.1, 0.1111, 0.0, 0.1429, 1.0, 0.0, 0.1429, 0.0, 0.0, 0.1429, 0.1667, 0.0, 1.0, 0.2222, 0.0, 0.0, 0.125, 0.3333, 0.0, 0.0, 0.0909, 0.0, 0.0, 0.0, 0.4167, 0.1667, 0.0, 0.0, 0.125, 0.0, 0.0, 0.0, 0.5, 0.0, 0.0, 0.0, 0.0, 0.1667, 0.0, 0.0, 0.1, 0.0, 0.0, 0.0, 0.0, 0.0, 0.1111, 0.1111, 0.125, 0.0, 0.0, 0.2222, 0.0, 0.0, 0.1111, 0.9091, 0.0, 0.8, 0.0, 0.3333, 0.0, 0.0, 0.1667, 0.8333, 0.0, 0.7143, 0.0, 0.1429, 0.4286, 0.0, 0.0, 0.0, 0.0, 0.8333, 0.0, 0.0, 0.0, 0.2222, 0.125, 0.0, 0.0, 0.1, 0.125, 0.0, 0.0, 0.3, 0.0, 0.2, 0.0, 0.0, 0.0, 0.0, 0.4286, 0.0, 0.0, 0.0, 0.0, 0.0, 0.0, 0.0, 0.0, 0.5, 0.0, 0.0, 0.125, 0.0, 0.0, 0.0, 0.0, 0.0, 0.0, 0.0, 0.2727, 0.0, 0.125, 0.0, 0.0, 0.1, 0.0, 0.1429, 0.8462, 0.0, 0.1429, 0.0, 0.0, 0.0, 0.0, 0.0, 0.0, 0.0833, 0.0]"
champions,0.4,1,champions,0.1495,0.1495,0.1495,0.0,6,True,299,0,303,1398,0,"[0.05, 0.102, 0.1315, 0.1425, 0.1475, 0.1495, 0.1495, 0.1495, 0.1495, 0.1495, 0.1495, 0.1495, 0.1495, 0.1495, 0.1495, 0.1495, 0.1495, 0.1495, 0.1495, 0.1495, 0.1495, 0.1495, 0.1495, 0.1495, 0.1495, 0.1495, 0.1495, 0.1495, 0.1495, 0.1495, 0.1495, 0.1495, 0.1495, 0.1495, 0.1495, 0.1495, 0.1495, 0.1495, 0.1495, 0.1495, 0.1495, 0.1495, 0.1495, 0.1495, 0.1495, 0.1495, 0.1495, 0.1495, 0.1495, 0.1495, 0.1495, 0.1495, 0.1495, 0.1495, 0.1495, 0.1495, 0.1495, 0.1495, 0.1495, 0.1495, 0.1495, 0.1495, 0.1495, 0.1495, 0.1495, 0.1495, 0.1495, 0.1495, 0.1495, 0.1495, 0.1495, 0.1495, 0.1495, 0.1495, 0.1495, 0.1495, 0.1495, 0.1495, 0.1495, 0.1495, 0.1495, 0.1495, 0.1495, 0.1495, 0.1495, 0.1495, 0.1495, 0.1495, 0.1495, 0.1495, 0.1495, 0.1495, 0.1495, 0.1495, 0.1495, 0.1495, 0.1495, 0.1495, 0.1495, 0.1495, 0.1495]","{""0"": 0.2335, ""1"": 0.0295, ""2"": 0.2252, ""3"": 0.1111, ""4"": 0.1, ""5"": 0.1952, ""6"": 0.0574, ""7"": 0.2235}","[0.8889, 0.0, 0.0, 0.1429, 0.0, 0.375, 0.1, 0.2857, 0.0, 0.25, 0.1, 0.2, 0.0, 0.0, 0.0, 0.0, 0.0, 0.0, 0.0, 0.0, 0.0, 0.0, 0.0, 0.0, 0.0, 0.5, 0.0, 0.0, 0.0, 0.0, 0.0, 0.0, 0.2857, 1.0, 0.0, 0.125, 0.0, 0.0, 0.0, 0.0, 0.0, 0.125, 0.0, 0.0, 0.1111, 0.0, 0.0, 0.0, 0.1429, 0.4, 0.0, 0.0, 0.3333, 0.0, 0.0, 0.0, 0.0, 0.1111, 0.0, 0.0, 0.375, 0.0, 0.0, 0.2222, 0.1429, 0.0, 0.0, 0.0, 0.1667, 0.0, 0.0, 0.1111, 0.2727, 0.0, 0.0, 0.0, 0.0, 0.0, 0.0, 0.0, 0.2222, 0.0, 0.0, 0.4444, 0.0, 0.0, 0.0, 0.0, 0.0, 0.0, 0.1, 0.0, 0.0, 0.0, 0.0, 0.0, 0.0, 0.0, 0.0, 0.125, 0.0, 0.0, 0.0, 0.0, 0.1111, 1.0, 0.0, 0.0, 0.0, 0.0, 0.0, 0.0, 0.0, 0.7692, 0.0, 0.0, 0.0, 0.0, 0.1111, 0.0, 0.1667, 0.4, 0.0, 0.1818, 0.0, 0.0, 0.0, 0.0, 0.0, 0.4, 0.0, 1.0, 0.0, 0.1, 0.0, 0.0, 0.0, 0.125, 0.1429, 0.4286, 0.0, 0.0909, 0.375, 0.25, 0.0, 0.25, 0.1667, 0.0, 0.0, 0.125, 0.1111, 0.1429, 0.0, 0.0, 0.1667, 0.0, 0.0, 0.0, 0.0, 0.0, 0.0, 0.0, 0.0, 0.2, 0.0, 0.0, 0.1111, 0.1, 0.0, 0.1429, 0.0, 0.3846, 0.1111, 0.0, 0.5, 0.0, 0.1818, 0.1429, 0.0, 0.1818, 0.6667, 0.0, 1.0, 0.0, 1.0, 0.1111, 0.0, 0.0, 0.8, 0.0, 0.8333, 0.0, 0.75, 0.0, 0.0, 0.2857, 0.3846, 0.4167, 0.8571, 0.0, 0.375, 0.0, 0.0, 0.0, 0.0, 0.5455, 0.875, 0.0, 1.0, 0.0, 0.0, 0.0, 0.0, 0.3333, 0.3, 0.25, 0.8889, 0.0, 0.0, 0.4, 0.0, 0.2222, 0.0833, 0.0, 0.25, 0.0, 0.0, 0.2, 0.0, 0.0, 0.0, 0.0833, 0.0, 0.0, 0.0, 1.0, 0.0, 0.0, 0.0, 0.1667, 0.0, 0.0, 0.0, 0.7778, 0.0, 0.1667, 0.0, 0.0, 0.0, 0.3636]"
champions,0.4,2,champions,0.133,0.133,0.133,0.0,8,True,266,0,261,1473,0,"[0.05, 0.0915, 0.113, 0.1205, 0.125, 0.128, 0.131, 0.133, 0.133, 0.133, 0.133, 0.133, 0.133, 0.133, 0.133, 0.133, 0.133, 0.133, 0.133, 0.133, 0.133, 0.133, 0.133, 0.133, 0.133, 0.133, 0.133, 0.133, 0.133, 0.133, 0.133, 0.133, 0.133, 0.133, 0.133, 0.133, 0.133, 0.133, 0.133, 0.133, 0.133, 0.133, 0.133, 0.133, 0.133, 0.133, 0.133, 0.133, 0.133, 0.133, 0.133, 0.133, 0.133, 0.133, 0.133, 0.133, 0.133, 0.133, 0.133, 0.133, 0.133, 0.133, 0.133, 0.133, 0.133, 0.133, 0.133, 0.133, 0.133, 0.133, 0.133, 0.133, 0.133, 0.133, 0.133, 0.133, 0.133, 0.133, 0.133, 0.133, 0.133, 0.133, 0.133, 0.133, 0.133, 0.133, 0.133, 0.133, 0.133, 0.133, 0.133, 0.133, 0.133, 0.133, 0.133, 0.133, 0.133, 0.133, 0.133, 0.133, 0.133]","{""0"": 0.1309, ""1"": 0.0417, ""2"": 0.311, ""3"": 0.0805, ""4"": 0.0413, ""5"": 0.1885, ""6"": 0.219, ""7"": 0.0127}","[1.0, 0.1, 0.0, 0.6364, 0.0, 0.0, 0.0, 0.0, 0.0, 0.0, 0.5, 0.4545, 0.0, 0.0, 0.0, 0.0, 0.0, 0.1, 0.125, 0.25, 0.0, 0.0, 0.0, 0.1429, 0.0, 0.0, 0.0, 0.1, 0.0, 0.4545, 0.0, 0.8333, 0.0, 0.0, 0.0, 0.3333, 0.1111, 0.125, 0.0, 0.6, 0.0, 0.125, 0.0, 0.0, 0.1818, 0.0909, 0.0, 0.6923, 0.0, 0.0833, 0.1429, 0.0, 0.0, 0.0, 0.0, 0.7857, 0.0, 0.0, 0.125, 0.0, 0.0, 0.0, 0.0, 1.0, 0.0, 0.0, 0.125, 0.0, 0.0, 0.1, 0.0, 0.8571, 0.0, 0.1429, 0.0, 0.0, 0.0, 0.0, 0.1111, 0.2857, 0.0, 0.1, 0.0, 0.0, 0.0, 0.0, 0.1111, 0.0, 0.0, 0.0, 0.0, 0.0, 0.0, 0.0, 0.0, 0.0, 0.0, 0.1429, 0.0, 0.0, 0.0, 0.0, 0.0, 0.1111, 0.0, 0.0, 0.0909, 0.0, 0.0, 0.0, 0.5, 0.0, 0.0, 0.0, 0.0, 0.0, 0.0769, 0.1, 0.7, 0.0, 0.0, 0.1429, 0.0, 0.0, 0.0, 0.0, 1.0, 0.0, 0.0, 0.0, 0.0, 0.0, 0.0, 0.0, 0.9231, 0.0, 0.0, 1.0, 0.0, 0.0769, 0.2, 0.0, 0.5714, 0.0, 0.0, 0.9091, 0.0, 0.0, 0.1111, 0.0, 0.125, 0.0, 0.0, 0.1818, 0.0, 0.125, 0.3636, 0.0, 0.0, 0.0, 0.0, 0.0, 0.0, 0.3333, 0.2222, 0.0, 0.0, 0.0, 0.1, 0.0, 0.25, 0.7, 0.0, 0.0, 0.125, 0.0, 0.125, 0.0, 0.0, 0.9, 0.0, 0.0, 0.0, 0.25, 0.0, 0.3333, 0.0, 1.0, 0.0, 0.0, 0.3333, 0.0, 0.0, 0.0909, 0.0, 0.9375, 0.0, 0.0, 0.4286, 0.0, 0.0, 0.0909, 0.0, 1.0, 0.0, 0.0, 0.0, 0.0, 0.0, 0.0, 0.0, 0.5, 0.1111, 0.0, 0.0, 0.0, 0.0, 0.0, 0.0, 0.0, 0.1429, 0.0, 0.0909, 0.0, 0.0, 0.0, 0.0, 0.0, 0.0, 0.0, 0.0, 0.0, 0.0, 0.1667, 0.0, 0.4286, 0.2857, 0.0, 0.0, 0.0909, 0.0, 0.0909, 0.0, 0.5, 0.2, 0.0, 0.0, 0.0, 0.0, 0.2]"
champions,0.4,3,champions,0.128,0.128,0.128,-0.0,12,True,256,0,271,1473,0,"[0.05, 0.091, 0.1105, 0.1185, 0.122, 0.1235, 0.125, 0.1255, 0.126, 0.1265, 0.127, 0.128, 0.128, 0.128, 0.128, 0.128, 0.128, 0.128, 0.128, 0.128, 0.128, 0.128, 0.128, 0.128, 0.128, 0.128, 0.128, 0.128, 0.128, 0.128, 0.128, 0.128, 0.128, 0.128, 0.128, 0.128, 0.128, 0.128, 0.128, 0.128, 0.128, 0.128, 0.128, 0.128, 0.128, 0.128, 0.128, 0.128, 0.128, 0.128, 0.128, 0.128, 0.128, 0.128, 0.128, 0.128, 0.128, 0.128, 0.128, 0.128, 0.128, 0.128, 0.128, 0.128, 0.128, 0.128, 0.128, 0.128, 0.128, 0.128, 0.128, 0.128, 0.128, 0.128, 0.128, 0.128, 0.128, 0.128, 0.128, 0.128, 0.128, 0.128, 0.128, 0.128, 0.128, 0.128, 0.128, 0.128, 0.128, 0.128, 0.128, 0.128, 0.128, 0.128, 0.128, 0.128, 0.128, 0.128, 0.128, 0.128, 0.128]","{""0"": 0.069, ""1"": 0.2816, ""2"": 0.1825, ""3"": 0.07, ""4"": 0.1494, ""5"": 0.0583, ""6"": 0.0175, ""7"": 0.1825}","[1.0, 0.0, 0.1429, 0.125, 0.1, 0.0, 0.0, 0.0, 0.0, 0.0, 0.2222, 0.125, 0.0, 0.0, 0.0, 0.125, 0.1667, 0.0, 0.3333, 0.0, 0.0, 0.0, 0.0, 0.0, 0.0, 0.0, 0.6667, 0.0, 0.0, 0.0, 0.0, 0.1111, 0.0, 0.0, 0.6667, 0.0, 0.0, 0.2, 0.0, 0.1429, 0.2, 0.0, 0.0, 0.0, 0.0, 0.0, 0.0, 0.0, 0.0, 0.0, 0.0, 0.0, 0.1429, 0.6667, 0.0, 0.0, 0.3077, 0.125, 0.9231, 0.3333, 0.0, 0.6923, 0.0, 0.0, 0.1429, 0.1818, 1.0, 0.5556, 0.0, 0.5, 0.0, 0.0, 0.1429, 0.0, 0.0, 0.9167, 0.0909, 0.0, 0.0, 0.0, 0.0, 0.0, 0.125, 0.75, 0.0, 0.0, 0.25, 0.0, 0.1429, 0.0769, 0.1429, 0.4286, 0.2857, 0.0, 0.1111, 0.0, 0.25, 0.0, 0.25, 0.3, 0.125, 0.2308, 0.0, 0.0, 0.0909, 0.0, 0.4444, 0.1111, 0.0, 0.0, 0.0, 0.0, 0.0, 0.0, 0.5, 0.0, 0.0, 0.0, 0.1, 0.0, 0.2, 0.0, 0.1818, 0.125, 0.0, 0.75, 0.0, 0.0, 0.0, 0.1, 0.0, 0.0, 0.1, 0.125, 0.2, 0.0, 0.0, 0.0, 0.0, 0.25, 0.0, 0.0, 0.0, 0.0, 0.0, 0.0, 0.0, 0.0909, 0.0, 0.1667, 0.0, 0.0, 0.0, 0.0, 0.0, 0.2222, 0.0, 0.2222, 0.1429, 0.0, 0.0, 0.0, 0.0, 0.3846, 0.0, 0.0, 0.2, 0.0, 0.3, 0.25, 0.0, 0.3333, 0.0, 0.0, 0.0, 0.0, 0.3333, 0.2, 0.0, 0.0, 0.0, 0.0, 0.0909, 0.0, 0.0, 0.2857, 0.0, 0.0, 0.0, 0.0, 0.1111, 0.0, 0.0, 0.0833, 0.5, 0.0, 0.0, 0.0, 0.1111, 0.0, 0.0, 0.0, 0.0, 0.1667, 0.0769, 0.0, 0.1538, 0.0, 0.2, 0.0, 0.375, 0.0, 0.2857, 0.0, 0.0, 0.0, 0.6667, 0.0, 0.0, 0.0, 0.0, 0.0, 0.0, 0.0, 0.875, 0.5, 0.5, 0.0, 0.2, 0.0, 0.0, 0.0, 0.9167, 0.0, 0.7857, 0.0, 0.3333, 0.125, 0.0, 0.0, 0.1429, 0.1111, 0.375, 0.0, 0.1429, 0.0, 0.0, 0.0, 0.0, 0.0]"
champions,0.4,4,champions,0.113,0.113,0.113,-0.0,7,True,226,0,308,1466,0,"[0.05, 0.0835, 0.0985, 0.107, 0.111, 0.112, 0.113, 0.113, 0.113, 0.113, 0.113, 0.113, 0.113, 0.113, 0.113, 0.113, 0.113, 0.113, 0.113, 0.113, 0.113, 0.113, 0.113, 0.113, 0.113, 0.113, 0.113, 0.113, 0.113, 0.113, 0.113, 0.113, 0.113, 0.113, 0.113, 0.113, 0.113, 0.113, 0.113, 0.113, 0.113, 0.113, 0.113, 0.113, 0.113, 0.113, 0.113, 0.113, 0.113, 0.113, 0.113, 0.113, 0.113, 0.113, 0.113, 0.113, 0.113, 0.113, 0.113, 0.113, 0.113, 0.113, 0.113, 0.113, 0.113, 0.113, 0.113, 0.113, 0.113, 0.113, 0.113, 0.113, 0.113, 0.113, 0.113, 0.113, 0.113, 0.113, 0.113, 0.113, 0.113, 0.113, 0.113, 0.113, 0.113, 0.113, 0.113, 0.113, 0.113, 0.113, 0.113, 0.113, 0.113, 0.113, 0.113, 0.113, 0.113, 0.113, 0.113, 0.113, 0.113]","{""0"": 0.085, ""1"": 0.0717, ""2"": 0.0303, ""3"": 0.1197, ""4"": 0.1551, ""5"": 0.2357, ""6"": 0.0894, ""7"": 0.1029}","[1.0, 0.0, 0.1429, 0.0, 0.0, 0.0833, 0.0, 0.0, 0.1429, 0.4, 0.0833, 0.0, 0.0, 0.0, 0.0, 0.2222, 0.1, 0.0, 0.0, 0.0, 0.0, 0.0, 0.0, 0.0, 0.2, 0.0, 0.3333, 0.0, 0.0, 0.0, 0.0, 0.0, 0.0, 0.0909, 0.1667, 0.0, 0.2, 0.3333, 0.0, 0.0, 0.5, 0.0, 0.1, 0.0, 0.0, 0.0, 0.0, 0.0, 0.0, 0.0, 0.0, 0.0, 0.0, 0.25, 0.1429, 0.1, 0.125, 0.0, 0.0, 0.0, 0.0, 0.2222, 0.9, 0.1111, 0.3333, 0.0, 0.125, 0.0, 0.1, 0.75, 1.0, 0.0, 0.2, 0.0, 0.0, 0.0, 0.3846, 0.25, 0.9091, 0.125, 0.0, 0.0, 0.0, 0.0, 0.3333, 0.0, 1.0, 0.0909, 0.25, 0.0, 0.0, 0.0, 0.375, 0.1667, 0.625, 0.0, 0.375, 0.0, 0.0, 0.0, 0.2, 0.0, 0.5833, 0.0, 0.1429, 0.0, 0.0, 0.0, 0.0, 0.0, 0.2, 0.0, 0.0, 0.0, 0.0, 0.0, 0.0, 0.0, 0.1429, 0.0, 0.0, 0.0, 0.1667, 0.0, 0.0, 0.0, 0.1111, 0.25, 0.0, 0.1429, 0.0, 0.0, 0.0, 0.0, 0.1429, 0.0, 0.0, 0.7273, 0.0, 0.0, 0.0, 0.0, 0.0, 0.125, 0.0, 0.2727, 0.0, 0.2, 0.0, 0.0, 0.0, 0.0, 0.0, 0.125, 0.2143, 0.0, 0.0, 0.0, 0.1, 0.0, 0.0, 0.0, 0.2222, 0.0, 0.3636, 0.1111, 0.0, 0.0, 0.0, 0.0, 0.125, 0.0, 0.3636, 0.2857, 0.0, 0.2857, 0.0, 0.125, 0.1, 0.0, 0.0, 0.625, 0.0, 0.1, 0.0, 0.0, 0.1429, 0.0, 0.0, 0.0, 0.1111, 0.0, 0.0, 0.0, 0.0, 0.1111, 0.0, 0.7778, 0.0, 0.0, 0.0, 0.0, 0.25, 0.0, 0.0, 0.2857, 0.1667, 0.0, 0.1111, 0.0, 0.0, 0.1429, 0.0909, 0.0, 0.0, 0.0, 0.0, 0.1, 0.0, 0.0, 0.1, 0.1667, 0.1667, 0.0, 0.0, 0.0, 0.0, 0.0, 0.0833, 0.0, 0.2222, 0.5, 0.4, 0.0, 0.0, 0.2222, 0.5, 0.0, 0.0, 0.25, 0.1111, 0.0, 0.0, 0.1, 0.1667, 0.0, 0.0, 0.5714, 0.1667, 0.0]"
champions,0.4,5,champions,0.1325,0.1325,0.1325,0.0,9,True,265,0,261,1474,0,"[0.05, 0.1, 0.1165, 0.1275, 0.13, 0.1305, 0.131, 0.132, 0.1325, 0.1325, 0.1325, 0.1325, 0.1325, 0.1325, 0.1325, 0.1325, 0.1325, 0.1325, 0.1325, 0.1325, 0.1325, 0.1325, 0.1325, 0.1325, 0.1325, 0.1325, 0.1325, 0.1325, 0.1325, 0.1325, 0.1325, 0.1325, 0.1325, 0.1325, 0.1325, 0.1325, 0.1325, 0.1325, 0.1325, 0.1325, 0.1325, 0.1325, 0.1325, 0.1325, 0.1325, 0.1325, 0.1325, 0.1325, 0.1325, 0.1325, 0.1325, 0.1325, 0.1325, 0.1325, 0.1325, 0.1325, 0.1325, 0.1325, 0.1325, 0.1325, 0.1325, 0.1325, 0.1325, 0.1325, 0.1325, 0.1325, 0.1325, 0.1325, 0.1325, 0.1325, 0.1325, 0.1325, 0.1325, 0.1325, 0.1325, 0.1325, 0.1325, 0.1325, 0.1325, 0.1325, 0.1325, 0.1325, 0.1325, 0.1325, 0.1325, 0.1325, 0.1325, 0.1325, 0.1325, 0.1325, 0.1325, 0.1325, 0.1325, 0.1325, 0.1325, 0.1325, 0.1325, 0.1325, 0.1325, 0.1325, 0.1325]","{""0"": 0.0857, ""1"": 0.0664, ""2"": 0.151, ""3"": 0.0958, ""4"": 0.2153, ""5"": 0.1897, ""6"": 0.046, ""7"": 0.1908}","[0.8889, 0.3333, 0.0, 0.0, 0.0, 0.0, 0.0, 0.0, 0.8889, 0.6154, 0.0, 0.0, 0.0, 0.1111, 0.0, 0.25, 1.0, 0.1111, 0.0, 0.0909, 0.0, 0.1429, 0.0, 0.0, 0.75, 0.1, 0.0, 0.125, 0.8333, 0.0, 0.1111, 0.0, 0.0, 0.0, 0.1111, 0.2, 0.5, 0.0, 0.2222, 0.0, 0.0, 0.2, 0.2727, 0.125, 0.1667, 0.1, 0.0, 0.0, 0.0, 0.0, 0.3333, 0.375, 0.0, 0.1429, 0.0, 0.0, 0.0, 0.0, 0.1429, 0.0, 0.0, 0.2857, 0.1111, 0.0, 0.0, 0.0, 0.0, 0.0, 0.125, 0.1429, 0.0, 0.0, 0.0, 0.0, 0.0, 0.0, 0.2222, 0.1, 0.2222, 0.0, 0.0, 0.0909, 0.0, 0.0, 0.0, 0.0, 0.0, 0.0, 0.0, 0.0, 0.0, 0.0, 0.1111, 0.0, 0.2222, 0.0, 0.0, 0.2857, 0.0, 0.0, 0.0, 0.0, 0.9, 0.0, 0.125, 0.0, 0.0, 0.0, 0.0, 0.1111, 0.9333, 0.0, 0.1, 0.0, 0.0909, 0.0, 0.0, 0.1429, 0.2222, 0.0, 0.0, 0.0, 0.125, 0.0, 0.0, 0.0, 0.0, 0.0, 0.0, 0.0, 0.0, 0.1667, 0.1667, 0.0, 0.0, 0.125, 0.0, 0.0, 0.1429, 0.0, 0.0, 0.0, 0.0, 0.0, 0.0769, 0.0, 0.1111, 0.1667, 0.0, 0.0909, 0.2, 0.0, 0.1667, 0.0, 0.0, 0.0, 0.0, 0.0, 0.1667, 0.0, 0.0, 0.0, 0.0, 0.6667, 0.0, 0.3, 0.0, 0.0, 0.0, 0.0, 0.0, 0.8182, 0.0, 0.6429, 0.0, 0.0, 0.25, 0.0, 0.0, 0.8333, 0.0, 1.0, 0.0, 0.0, 0.0, 0.0, 0.0, 0.1, 0.1429, 0.9412, 0.125, 0.3333, 0.0909, 0.0, 0.0, 0.0, 0.0, 1.0, 0.125, 0.0, 0.0, 0.0, 0.0, 0.25, 0.25, 0.25, 0.5833, 0.0, 0.0, 0.0, 0.0, 0.0, 0.0, 0.1, 0.0, 0.3, 0.2, 0.0, 0.0, 0.0, 0.0, 0.1111, 0.2857, 0.1111, 0.0, 0.0, 0.0, 0.0, 0.0, 0.0, 0.0, 0.3333, 0.2222, 0.0, 0.1429, 0.0, 0.0, 0.0769, 0.0, 0.1429, 0.2, 0.0, 0.2222, 0.0, 0.0, 0.0, 0.0, 0.0, 0.9167, 0.4286]"
champions,0.4,6,champions,0.128,0.128,0.128,-0.0,7,True,256,0,270,1474,0,"[0.05, 0.0885, 0.106, 0.117, 0.123, 0.127, 0.128, 0.128, 0.128, 0.128, 0.128, 0.128, 0.128, 0.128, 0.128, 0.128, 0.128, 0.128, 0.128, 0.128, 0.128, 0.128, 0.128, 0.128, 0.128, 0.128, 0.128, 0.128, 0.128, 0.128, 0.128, 0.128, 0.128, 0.128, 0.128, 0.128, 0.128, 0.128, 0.128, 0.128, 0.128, 0.128, 0.128, 0.128, 0.128, 0.128, 0.128, 0.128, 0.128, 0.128, 0.128, 0.128, 0.128, 0.128, 0.128, 0.128, 0.128, 0.128, 0.128, 0.128, 0.128, 0.128, 0.128, 0.128, 0.128, 0.128, 0.128, 0.128, 0.128, 0.128, 0.128, 0.128, 0.128, 0.128, 0.128, 0.128, 0.128, 0.128, 0.128, 0.128, 0.128, 0.128, 0.128, 0.128, 0.128, 0.128, 0.128, 0.128, 0.128, 0.128, 0.128, 0.128, 0.128, 0.128, 0.128, 0.128, 0.128, 0.128, 0.128, 0.128, 0.128]","{""0"": 0.1154, ""1"": 0.1794, ""2"": 0.0207, ""3"": 0.1277, ""4"": 0.0494, ""5"": 0.0781, ""6"": 0.0261, ""7"": 0.386}","[1.0, 0.0, 0.0, 0.0, 0.0, 0.0, 0.4, 0.0, 0.8889, 0.0, 0.25, 0.0, 0.0, 0.2, 0.0, 0.0, 0.0, 0.0, 0.2857, 0.0, 0.0, 0.125, 0.0, 0.0, 0.0, 0.0, 0.1667, 0.0, 0.0, 0.0, 0.0769, 0.0, 0.0, 0.0, 0.0, 0.0, 0.0, 0.0, 0.0, 0.0, 0.0, 0.0, 0.0, 0.0, 0.6, 0.0, 0.2222, 0.0, 0.0, 0.0, 0.0, 0.0, 0.5, 0.0, 0.0909, 0.0, 0.0, 0.2, 0.0, 0.0, 0.25, 0.0, 0.0, 0.0909, 0.0, 0.25, 0.1, 0.2, 0.9231, 0.0, 0.0, 0.0, 0.3636, 0.0, 0.2, 0.0, 0.0, 0.0, 0.4, 0.0, 0.375, 0.0, 0.0, 0.0, 0.0, 0.0, 0.0, 0.0, 0.7273, 0.0, 0.1, 0.0, 0.0909, 0.0, 0.0, 0.0, 1.0, 0.0, 0.1667, 0.0, 0.0, 0.0, 0.0, 0.0, 0.875, 0.0, 0.0, 0.0, 0.1538, 0.125, 0.0, 0.0, 0.0, 0.0, 0.0769, 0.0, 0.1429, 0.0, 0.25, 0.0, 0.7273, 0.0, 0.0, 0.1, 0.0, 0.0, 0.0, 0.0, 0.3, 0.0, 0.0, 0.0, 0.0, 0.125, 0.0, 0.0, 0.25, 0.0, 0.0, 0.0, 0.0, 0.1, 0.0, 0.0, 0.0, 0.0, 0.0, 0.0, 0.1111, 0.1, 0.0, 0.0, 0.25, 0.1111, 0.0, 0.0, 0.1667, 0.0, 0.0, 0.0, 0.7692, 0.1538, 0.1, 0.0, 0.0, 0.0909, 0.0, 0.0, 0.8333, 0.1818, 0.2, 0.0, 0.0, 0.1111, 0.1667, 0.0, 0.25, 0.0, 0.3333, 0.0, 0.0, 0.1, 0.0, 0.0, 0.0, 0.0, 0.75, 0.0, 0.0, 0.0, 0.0, 0.0, 0.0, 0.0909, 1.0, 0.0, 0.0, 0.0, 0.0, 0.1818, 0.0, 0.6, 0.8571, 0.0, 0.0, 0.0, 0.0, 0.0, 0.1429, 0.7143, 0.5, 0.3333, 0.0, 0.0, 0.0, 0.0, 0.0, 0.1429, 0.0833, 0.0, 0.0, 0.0, 0.0, 0.0, 0.1429, 0.0, 0.1111, 0.0, 0.0, 0.2222, 0.25, 0.0, 0.7857, 0.0, 0.2, 0.0, 0.0, 0.0, 0.3333, 0.2, 0.9, 0.0, 0.0, 0.0, 0.0, 0.0, 0.1429, 0.0, 1.0, 0.2222]"
champions,0.4,7,champions,0.144,0.144,0.144,0.0,6,True,288,0,273,1439,0,"[0.05, 0.1035, 0.126, 0.1355, 0.1415, 0.144, 0.144, 0.144, 0.144, 0.144, 0.144, 0.144, 0.144, 0.144, 0.144, 0.144, 0.144, 0.144, 0.144, 0.144, 0.144, 0.144, 0.144, 0.144, 0.144, 0.144, 0.144, 0.144, 0.144, 0.144, 0.144, 0.144, 0.144, 0.144, 0.144, 0.144, 0.144, 0.144, 0.144, 0.144, 0.144, 0.144, 0.144, 0.144, 0.144, 0.144, 0.144, 0.144, 0.144, 0.144, 0.144, 0.144, 0.144, 0.144, 0.144, 0.144, 0.144, 0.144, 0.144, 0.144, 0.144, 0.144, 0.144, 0.144, 0.144, 0.144, 0.144, 0.144, 0.144, 0.144, 0.144, 0.144, 0.144, 0.144, 0.144, 0.144, 0.144, 0.144, 0.144, 0.144, 0.144, 0.144, 0.144, 0.144, 0.144, 0.144, 0.144, 0.144, 0.144, 0.144, 0.144, 0.144, 0.144, 0.144, 0.144, 0.144, 0.144, 0.144, 0.144, 0.144, 0.144]","{""0"": 0.0711, ""1"": 0.103, ""2"": 0.2565, ""3"": 0.0943, ""4"": 0.1754, ""5"": 0.1469, ""6"": 0.048, ""7"": 0.2287}","[1.0, 0.0, 0.0, 0.0, 0.75, 0.0, 0.0, 0.0, 0.125, 0.0, 0.0, 0.0, 0.0, 0.0, 0.0909, 0.0, 0.125, 0.1538, 0.0, 0.3333, 0.0, 0.1429, 0.0, 0.1667, 0.1111, 0.0, 0.0, 0.0, 0.0, 0.4444, 0.0, 0.0, 0.7778, 0.1818, 0.0, 0.0, 0.0, 0.0, 0.25, 0.0, 0.9, 0.375, 0.0, 0.0, 0.1429, 0.0, 0.0, 0.0, 0.8182, 0.0, 0.0, 0.0, 0.0, 0.0, 0.0, 0.25, 0.2222, 0.1, 0.0, 0.0, 0.0, 0.0, 0.0, 0.0, 0.125, 0.0, 0.0, 0.0, 0.0, 0.0, 0.1111, 0.0, 0.125, 0.0, 0.1, 0.5, 0.0, 0.0, 0.0, 0.0, 0.2857, 0.0, 0.125, 0.1429, 0.0, 0.0, 0.3333, 0.1111, 0.0, 0.0, 0.0, 0.0, 0.0, 0.0, 0.0, 0.1, 0.0, 0.0, 0.1429, 0.0, 0.0, 0.1429, 0.0, 0.0, 0.0, 0.0, 0.0, 0.5, 0.0, 0.2, 0.0, 0.0, 0.0, 0.0, 0.0, 0.6667, 0.0, 0.1111, 0.375, 0.0, 0.0, 0.0, 0.25, 1.0, 0.0, 0.2727, 0.9412, 0.1429, 0.0, 0.0, 0.125, 0.625, 0.0, 0.2857, 0.7, 0.0, 0.0, 0.0909, 0.0, 0.0, 0.0, 0.5714, 0.0, 0.0, 0.0, 0.4, 0.0, 0.1429, 0.0, 0.75, 0.0, 0.0, 0.0, 0.25, 0.1111, 0.1, 0.0, 0.4545, 0.0, 0.0, 0.875, 0.2857, 0.0, 0.5, 0.0, 0.1818, 0.0, 0.0909, 1.0, 0.0, 0.0, 0.5, 0.125, 0.4286, 0.1, 0.0, 0.1667, 0.0, 0.0, 0.8125, 0.0, 0.7, 0.0, 0.1429, 0.0, 0.0, 0.7143, 0.0, 0.0, 0.1667, 0.1667, 0.1667, 0.25, 0.0, 0.5385, 0.2857, 0.0, 0.0, 0.0, 0.0, 0.4286, 0.0, 0.1667, 0.25, 0.2222, 0.1111, 0.0, 0.0, 0.0, 0.0, 0.0, 0.1111, 0.0, 0.0, 0.0, 0.0, 0.1429, 0.0, 0.0, 0.0, 0.0, 0.0, 0.0, 0.0, 0.0, 0.0, 0.3333, 0.0, 0.2857, 0.0, 0.0, 0.0, 0.0, 0.1538, 0.0, 0.2, 0.2727, 0.1, 0.0, 0.0, 0.0, 0.0, 0.0, 0.0, 0.5, 0.0, 0.1429, 0.0, 0.1, 0.0]"
champions,0.4,8,champions,0.122,0.122,0.122,0.0,9,True,244,0,282,1474,0,"[0.05, 0.0835, 0.098, 0.1085, 0.1145, 0.117, 0.1195, 0.1215, 0.122, 0.122, 0.122, 0.122, 0.122, 0.122, 0.122, 0.122, 0.122, 0.122, 0.122, 0.122, 0.122, 0.122, 0.122, 0.122, 0.122, 0.122, 0.122, 0.122, 0.122, 0.122, 0.122, 0.122, 0.122, 0.122, 0.122, 0.122, 0.122, 0.122, 0.122, 0.122, 0.122, 0.122, 0.122, 0.122, 0.122, 0.122, 0.122, 0.122, 0.122, 0.122, 0.122, 0.122, 0.122, 0.122, 0.122, 0.122, 0.122, 0.122, 0.122, 0.122, 0.122, 0.122, 0.122, 0.122, 0.122, 0.122, 0.122, 0.122, 0.122, 0.122, 0.122, 0.122, 0.122, 0.122, 0.122, 0.122, 0.122, 0.122, 0.122, 0.122, 0.122, 0.122, 0.122, 0.122, 0.122, 0.122, 0.122, 0.122, 0.122, 0.122, 0.122, 0.122, 0.122, 0.122, 0.122, 0.122, 0.122, 0.122, 0.122, 0.122, 0.122]","{""0"": 0.2055, ""1"": 0.0956, ""2"": 0.0667, ""3"": 0.0598, ""4"": 0.1373, ""5"": 0.1281, ""6"": 0.0462, ""7"": 0.2268}","[1.0, 0.0, 0.0, 0.3333, 0.125, 0.0, 0.0, 0.0, 0.1, 0.0, 0.0, 0.1111, 0.0, 0.0, 0.1111, 0.0, 0.1, 0.0, 0.0, 0.0, 0.0, 0.0, 0.0, 0.0, 0.0, 0.0, 0.75, 0.0, 0.1, 0.4, 0.0, 0.0, 0.0, 0.0, 0.0, 0.0, 0.0, 0.9375, 0.0, 0.0, 0.0, 0.0909, 0.1667, 0.0, 0.0, 0.7, 0.0, 0.1, 0.0, 0.0, 0.0, 0.0909, 0.0, 0.4444, 0.0, 0.1111, 0.0, 0.0, 0.0, 0.0, 0.0, 0.1667, 0.0, 0.0, 0.0, 0.0, 0.0, 0.0, 0.0, 0.0, 0.0, 0.0, 0.0, 0.0, 0.0, 0.0, 0.0, 0.0, 0.3077, 0.1, 0.0, 0.0, 0.25, 0.25, 0.0, 0.0, 0.25, 0.0, 0.0, 0.0, 0.1429, 0.0, 0.0, 0.125, 0.4286, 0.0, 0.0, 0.0, 0.0, 0.3, 0.0, 0.0, 0.75, 0.0, 0.3333, 0.0, 0.2222, 0.2308, 0.1667, 0.0, 0.1, 0.0, 0.7273, 0.0, 0.0, 0.125, 0.0, 0.0, 0.2, 0.125, 0.7, 0.5, 0.0, 0.0, 0.0, 0.0, 0.0, 0.0, 0.4, 0.8571, 0.125, 0.1111, 0.0, 0.0, 0.1, 0.1667, 0.2, 0.5556, 0.0, 0.0, 0.1667, 0.0, 0.0, 0.0909, 0.0769, 0.2857, 0.1111, 0.0, 0.375, 0.0, 0.1667, 0.0, 0.1667, 0.8333, 0.2857, 0.0, 0.4545, 0.0, 0.0, 0.0, 0.0, 0.5455, 0.0833, 0.0, 0.0, 0.0, 0.0, 0.0, 0.0, 0.75, 0.1429, 0.0, 0.0, 0.0, 0.0, 0.1111, 0.0, 0.875, 0.0, 0.0, 0.0, 0.0, 0.0, 0.0, 0.2857, 0.0, 0.0, 0.0, 0.0, 0.0, 0.0909, 0.0, 0.9, 0.0, 0.0, 0.0, 0.0, 0.0, 0.0, 0.0, 0.75, 0.0, 0.0, 0.1111, 0.0, 0.0, 0.2727, 0.2222, 0.7273, 0.0, 0.1429, 0.0, 0.0, 0.0, 0.25, 0.1, 0.5, 0.2, 0.0, 0.0, 0.0, 0.0, 0.0, 0.0, 0.0, 0.0, 0.0, 0.0, 0.0, 0.0, 0.0, 0.0, 0.0, 0.0, 0.0, 0.1111, 0.0, 0.0, 0.0, 0.1111, 0.1, 0.0, 0.0, 0.0, 0.125, 0.0, 0.1429, 0.0, 0.1, 0.0]"
champions,0.4,9,champions,0.123,0.123,0.123,0.0,7,True,246,0,294,1460,0,"[0.05, 0.0855, 0.1065, 0.1155, 0.12, 0.1225, 0.123, 0.123, 0.123, 0.123, 0.123, 0.123, 0.123, 0.123, 0.123, 0.123, 0.123, 0.123, 0.123, 0.123, 0.123, 0.123, 0.123, 0.123, 0.123, 0.123, 0.123, 0.123, 0.123, 0.123, 0.123, 0.123, 0.123, 0.123, 0.123, 0.123, 0.123, 0.123, 0.123, 0.123, 0.123, 0.123, 0.123, 0.123, 0.123, 0.123, 0.123, 0.123, 0.123, 0.123, 0.123, 0.123, 0.123, 0.123, 0.123, 0.123, 0.123, 0.123, 0.123, 0.123, 0.123, 0.123, 0.123, 0.123, 0.123, 0.123, 0.123, 0.123, 0.123, 0.123, 0.123, 0.123, 0.123, 0.123, 0.123, 0.123, 0.123, 0.123, 0.123, 0.123, 0.123, 0.123, 0.123, 0.123, 0.123, 0.123, 0.123, 0.123, 0.123, 0.123, 0.123, 0.123, 0.123, 0.123, 0.123, 0.123, 0.123, 0.123, 0.123, 0.123, 0.123]","{""0"": 0.0775, ""1"": 0.0813, ""2"": 0.038, ""3"": 0.2246, ""4"": 0.1211, ""5"": 0.1741, ""6"": 0.172, ""7"": 0.0742}","[1.0, 0.0, 0.0, 0.0, 0.2, 0.1, 0.375, 0.0, 0.1429, 0.125, 0.0, 0.0, 0.1111, 0.0, 0.1429, 0.0, 0.25, 0.0, 0.0, 0.0, 0.1667, 0.0, 0.0909, 0.1111, 0.0, 0.0, 0.0, 0.0, 0.625, 0.2, 0.7692, 0.0, 0.0, 1.0, 0.0, 0.0, 0.375, 0.5, 0.4, 0.0, 0.0, 0.1818, 0.125, 0.0, 0.2222, 0.9333, 0.0, 0.0, 0.0, 0.0, 0.0, 0.2857, 0.3, 0.1667, 0.125, 0.0, 0.0, 0.0, 0.2222, 0.2, 0.2, 0.0, 0.0, 0.0, 0.1429, 0.0, 0.0, 0.0, 0.2, 0.0, 0.1111, 0.0, 0.1429, 0.0, 0.0, 0.0, 0.0, 0.0, 0.5, 0.0, 0.0, 0.0, 0.1667, 0.0, 0.4286, 0.0, 0.4615, 0.1111, 0.1667, 0.0, 0.0, 0.0, 0.0, 0.0, 0.0, 0.125, 0.0, 0.0, 0.0909, 0.0, 0.0, 0.1538, 0.0, 0.2857, 0.0, 0.0, 0.3, 0.1429, 0.1111, 0.0, 0.0, 0.9167, 0.0, 0.0, 0.5, 0.0, 0.0909, 0.0, 0.0, 0.4444, 0.2857, 0.0, 0.3333, 0.0909, 0.1, 0.0, 0.3333, 0.9, 0.0, 0.0, 0.0, 0.0, 0.0, 0.1818, 0.0, 0.7857, 0.125, 0.0, 0.0, 0.0, 0.2222, 0.0, 0.0, 0.0, 0.2222, 0.0, 0.0, 0.0, 0.8333, 0.0, 0.0, 0.1429, 0.0, 0.0, 0.0, 0.0, 0.9091, 0.0, 0.0, 0.0, 0.1429, 0.0833, 0.0, 0.0, 0.7143, 0.0, 0.0, 0.0, 0.0, 0.0, 0.0, 0.0, 0.0, 0.0, 0.0, 0.0, 0.2, 0.0, 0.0769, 0.0769, 0.0, 0.0, 0.0, 0.0, 0.3, 0.125, 0.0, 0.0, 0.0, 0.0, 0.0, 0.0, 0.0, 0.0, 0.0, 0.1, 0.1667, 0.0, 0.0, 0.0833, 0.0, 0.0, 0.1111, 0.0, 0.0, 0.0, 0.0, 0.0, 0.0, 0.0, 0.2, 0.0, 0.0, 0.0, 0.0, 0.0, 0.0, 0.0, 0.0, 0.0, 0.0, 0.0, 0.0, 0.0, 0.0, 0.0, 0.0, 0.0, 0.0, 0.0, 0.0, 0.0, 0.0, 0.0, 0.0, 0.0, 0.0, 0.125, 0.2, 0.0, 0.0, 0.1429, 0.0, 0.0, 0.0, 0.0, 0.6429, 0.0, 0.0, 0.1538]"
champions,0.4,10,champions,0.1245,0.1245,0.1245,-0.0,10,True,249,0,292,1459,0,"[0.05, 0.0865, 0.102, 0.1105, 0.114, 0.1165, 0.1185, 0.1215, 0.123, 0.1245, 0.1245, 0.1245, 0.1245, 0.1245, 0.1245, 0.1245, 0.1245, 0.1245, 0.1245, 0.1245, 0.1245, 0.1245, 0.1245, 0.1245, 0.1245, 0.1245, 0.1245, 0.1245, 0.1245, 0.1245, 0.1245, 0.1245, 0.1245, 0.1245, 0.1245, 0.1245, 0.1245, 0.1245, 0.1245, 0.1245, 0.1245, 0.1245, 0.1245, 0.1245, 0.1245, 0.1245, 0.1245, 0.1245, 0.1245, 0.1245, 0.1245, 0.1245, 0.1245, 0.1245, 0.1245, 0.1245, 0.1245, 0.1245, 0.1245, 0.1245, 0.1245, 0.1245, 0.1245, 0.1245, 0.1245, 0.1245, 0.1245, 0.1245, 0.1245, 0.1245, 0.1245, 0.1245, 0.1245, 0.1245, 0.1245, 0.1245, 0.1245, 0.1245, 0.1245, 0.1245, 0.1245, 0.1245, 0.1245, 0.1245, 0.1245, 0.1245, 0.1245, 0.1245, 0.1245, 0.1245, 0.1245, 0.1245, 0.1245, 0.1245, 0.1245, 0.1245, 0.1245, 0.1245, 0.1245, 0.1245, 0.1245]","{""0"": 0.038, ""1"": 0.1551, ""2"": 0.1346, ""3"": 0.132, ""4"": 0.0824, ""5"": 0.1859, ""6"": 0.0581, ""7"": 0.1983}","[1.0, 0.0, 0.0, 0.0, 0.4286, 0.0, 0.0, 0.0, 0.0, 0.1111, 0.0, 0.0, 0.2, 0.0, 0.0, 0.0, 0.0, 0.5, 0.0, 0.0, 0.0, 0.0, 0.0, 0.0, 0.0, 0.0, 0.0, 0.0, 0.0, 0.0, 0.0, 0.0, 0.0, 0.125, 0.0909, 0.0, 0.0, 0.0, 0.0, 0.0, 0.0, 0.0, 0.0, 0.0, 0.0, 0.1, 0.0, 0.0, 0.0, 0.0, 0.0, 0.125, 0.0, 0.1667, 0.0, 0.0, 0.0, 0.0, 0.0, 0.9333, 0.0, 0.4444, 0.6667, 0.4167, 0.0, 0.0, 0.1, 0.8571, 0.0, 0.2308, 0.8889, 0.1667, 0.0, 0.0, 0.0, 0.1, 0.0, 0.1111, 0.375, 0.1111, 0.0, 0.125, 0.0, 0.5, 0.0, 0.0, 0.2, 0.0, 0.0, 0.0, 0.0, 0.0, 0.0, 0.0, 0.0, 0.0, 0.0, 0.0, 0.0, 0.0, 0.0, 0.0, 0.0, 0.0, 0.0, 0.0, 0.0, 0.0, 0.0, 0.0, 0.0, 0.0, 0.0, 0.0, 0.0, 0.0, 0.0, 0.0, 0.9333, 0.0, 0.0, 0.0, 0.1429, 0.1111, 0.125, 0.0, 0.6667, 0.0, 0.0, 0.0, 0.1111, 0.0, 0.0, 0.0, 0.0, 0.0, 0.7143, 0.0, 0.0, 0.0, 0.0, 0.0, 0.1, 0.0, 0.8, 0.1429, 0.2, 0.0, 0.0, 0.0, 0.0, 0.0, 0.8333, 0.0, 0.0, 0.0, 0.0, 0.0, 0.0, 0.0, 1.0, 0.0, 0.6154, 0.0, 0.0, 0.0, 0.0, 0.1, 0.7778, 0.0, 0.875, 0.0, 0.0, 0.1667, 0.0909, 0.2727, 0.5714, 0.0, 0.7143, 0.0, 0.1667, 0.1667, 0.125, 0.0, 0.2222, 0.0, 0.5, 0.0, 0.2308, 0.125, 0.1, 0.0, 0.0, 0.0, 0.4444, 0.1, 0.0, 0.4286, 0.0, 0.0, 0.1429, 0.0, 0.3, 0.0, 0.0, 0.0, 0.1, 0.0, 0.0, 0.125, 0.0, 0.1111, 0.0, 0.0, 0.0, 0.0, 0.0, 0.0, 0.0769, 0.0, 0.2857, 0.0, 0.0, 0.0, 0.0, 0.0833, 0.0, 0.0, 1.0, 0.0, 0.0, 0.0, 0.0, 0.0, 0.1667, 0.3846, 0.8333, 0.0, 0.0, 0.0, 0.0, 0.0, 0.0, 0.0, 0.5, 0.1667, 0.3, 0.1429, 0.0, 0.0]"
champions,0.4,11,champions,0.1505,0.1505,0.1505,-0.0,9,True,301,0,277,1422,0,"[0.05, 0.0965, 0.117, 0.1305, 0.1405, 0.144, 0.1465, 0.149, 0.1505, 0.1505, 0.1505, 0.1505, 0.1505, 0.1505, 0.1505, 0.1505, 0.1505, 0.1505, 0.1505, 0.1505, 0.1505, 0.1505, 0.1505, 0.1505, 0.1505, 0.1505, 0.1505, 0.1505, 0.1505, 0.1505, 0.1505, 0.1505, 0.1505, 0.1505, 0.1505, 0.1505, 0.1505, 0.1505, 0.1505, 0.1505, 0.1505, 0.1505, 0.1505, 0.1505, 0.1505, 0.1505, 0.1505, 0.1505, 0.1505, 0.1505, 0.1505, 0.1505, 0.1505, 0.1505, 0.1505, 0.1505, 0.1505, 0.1505, 0.1505, 0.1505, 0.1505, 0.1505, 0.1505, 0.1505, 0.1505, 0.1505, 0.1505, 0.1505, 0.1505, 0.1505, 0.1505, 0.1505, 0.1505, 0.1505, 0.1505, 0.1505, 0.1505, 0.1505, 0.1505, 0.1505, 0.1505, 0.1505, 0.1505, 0.1505, 0.1505, 0.1505, 0.1505, 0.1505, 0.1505, 0.1505, 0.1505, 0.1505, 0.1505, 0.1505, 0.1505, 0.1505, 0.1505, 0.1505, 0.1505, 0.1505, 0.1505]","{""0"": 0.0667, ""1"": 0.1918, ""2"": 0.1128, ""3"": 0.1767, ""4"": 0.1231, ""5"": 0.1641, ""6"": 0.0411, ""7"": 0.3105}","[1.0, 0.1111, 0.0, 0.0909, 0.0, 0.2222, 0.1429, 0.0, 0.9231, 0.1429, 0.0, 0.0, 0.0, 0.0, 0.6667, 0.0, 1.0, 0.0, 0.0, 0.0, 0.0, 0.0, 0.3333, 0.0, 0.2857, 0.125, 0.5333, 0.0833, 0.25, 0.0, 0.8571, 0.0, 0.1429, 0.2, 0.0, 0.4286, 0.625, 0.0, 0.2727, 0.0, 0.0, 0.0, 0.0, 0.0, 0.6364, 0.0, 0.1667, 0.0, 0.1429, 0.0, 0.0, 0.0909, 0.0, 0.1111, 0.1667, 0.0, 0.1429, 0.2857, 0.1429, 0.6, 0.0, 0.0833, 0.1667, 0.0, 0.0, 0.2, 0.0, 0.8462, 0.0, 0.0, 0.0, 0.0, 0.0, 0.0, 0.0, 0.2, 0.0, 0.1538, 0.0, 0.0, 0.0, 0.0, 0.0, 0.0, 0.0, 0.0, 0.1667, 0.0, 0.0, 0.0, 0.0, 0.1111, 0.0, 0.1538, 0.1818, 0.0, 0.0, 0.1429, 0.0, 0.0, 0.0909, 0.1, 0.0, 0.0, 0.0, 0.0, 0.0, 0.1, 0.1, 0.0, 0.1429, 0.5556, 0.0, 0.375, 0.2222, 0.0, 0.1429, 0.0, 0.0, 0.1667, 0.0909, 0.0, 0.3333, 0.0, 0.8462, 0.125, 0.0, 0.0, 0.0, 0.0, 0.0, 0.0, 0.8182, 0.1, 0.0, 0.0, 0.0, 0.1667, 0.0, 0.0, 0.25, 0.125, 0.0, 0.0, 0.6, 0.0, 0.0, 0.0, 0.0833, 0.8889, 0.0, 0.0, 0.0, 0.0, 0.375, 0.0, 0.0, 0.0, 0.0, 0.0, 0.2857, 0.0, 0.6667, 0.0, 0.0, 0.1538, 0.0, 0.0, 0.75, 0.0, 0.9231, 0.0, 0.0, 0.0, 0.0, 0.0, 0.875, 0.0, 1.0, 0.1429, 0.0, 0.2, 0.0, 0.0, 0.6, 0.0, 0.6, 0.0, 0.0, 0.0, 0.0, 0.0, 0.8889, 0.0, 0.0, 0.0, 0.2222, 0.0, 0.0, 0.0, 0.25, 0.0, 0.0, 0.0, 0.0, 0.0, 0.0, 0.0, 0.0, 0.0, 0.0, 0.1538, 0.0, 0.2857, 0.0909, 0.2222, 0.0, 0.0, 0.125, 0.0, 0.0, 0.6667, 0.2857, 0.0, 0.1429, 0.0, 0.1111, 0.0, 0.0, 0.0, 0.1538, 0.0, 0.0, 0.2, 0.0, 0.1, 0.25, 0.0, 0.0833, 0.0, 0.3333, 0.0, 0.0, 0.0, 0.0, 0.0, 0.2, 0.0, 0.7692, 0.0]"
champions,0.6,0,champions,0.1855,0.1855,0.1855,0.0,12,True,371,0,290,1339,0,"[0.05, 0.0895, 0.1125, 0.1285, 0.144, 0.152, 0.1605, 0.1685, 0.1745, 0.1805, 0.185, 0.1855, 0.1855, 0.1855, 0.1855, 0.1855, 0.1855, 0.1855, 0.1855, 0.1855, 0.1855, 0.1855, 0.1855, 0.1855, 0.1855, 0.1855, 0.1855, 0.1855, 0.1855, 0.1855, 0.1855, 0.1855, 0.1855, 0.1855, 0.1855, 0.1855, 0.1855, 0.1855, 0.1855, 0.1855, 0.1855, 0.1855, 0.1855, 0.1855, 0.1855, 0.1855, 0.1855, 0.1855, 0.1855, 0.1855, 0.1855, 0.1855, 0.1855, 0.1855, 0.1855, 0.1855, 0.1855, 0.1855, 0.1855, 0.1855, 0.1855, 0.1855, 0.1855, 0.1855, 0.1855, 0.1855, 0.1855, 0.1855, 0.1855, 0.1855, 0.1855, 0.1855, 0.1855, 0.1855, 0.1855, 0.1855, 0.1855, 0.1855, 0.1855, 0.1855, 0.1855, 0.1855, 0.1855, 0.1855, 0.1855, 0.1855, 0.1855, 0.1855, 0.1855, 0.1855, 0.1855, 0.1855, 0.1855, 0.1855, 0.1855, 0.1855, 0.1855, 0.1855, 0.1855, 0.1855, 0.1855]","{""0"": 0.1843, ""1"": 0.2339, ""2"": 0.2915, ""3"": 0.1969, ""4"": 0.1004, ""5"": 0.127, ""6"": 0.1653, ""7"": 0.1811}","[1.0, 0.0, 0.0, 0.8, 0.0, 0.0, 0.3333, 0.0833, 0.0, 0.0, 0.0, 0.7143, 0.0, 0.0, 0.0, 0.0, 0.0, 0.0, 0.0, 0.7143, 0.0, 0.0, 0.0, 0.0, 0.0, 0.1818, 0.2857, 0.1667, 0.0, 0.0, 0.7, 0.1111, 0.0, 0.0, 0.0, 0.0, 0.1111, 0.0, 0.3333, 0.1429, 0.0, 0.0, 0.0, 0.0, 0.0, 0.0, 0.0, 0.5556, 0.125, 0.0, 0.2727, 0.0, 0.0, 0.0, 0.0, 0.8571, 0.0, 0.0, 0.4167, 0.0, 0.1818, 0.0833, 0.1, 0.9286, 0.0, 0.0, 0.5556, 0.0, 0.0, 0.0909, 0.0, 0.8571, 0.0, 0.4545, 0.25, 0.0, 0.0, 0.1429, 0.0, 0.3, 0.0, 0.9, 0.0, 0.0, 0.1, 0.1818, 0.0, 0.1, 0.0909, 1.0, 0.0, 0.0909, 0.0, 0.4, 0.2727, 0.0, 0.0, 0.9167, 0.0, 0.0909, 0.0, 0.9167, 0.0, 0.0, 0.1111, 0.75, 0.0, 0.0, 0.1111, 0.25, 0.0, 0.0, 0.0909, 0.25, 0.0, 0.0, 0.8, 0.0, 0.1, 0.0, 0.2222, 0.0, 0.0, 0.0, 0.9, 0.0, 0.0, 0.0, 0.125, 0.0, 0.0, 0.0833, 0.7143, 0.0, 0.0, 0.25, 0.2, 0.0, 0.2, 0.0, 0.4, 0.0, 0.1, 0.125, 0.1667, 0.0, 0.1, 0.0, 0.0, 0.0, 0.0, 0.0, 0.2727, 0.0, 0.0, 0.0, 0.5, 0.0, 0.0, 0.0, 0.0, 0.0, 0.2222, 0.0, 0.7, 0.0, 0.0, 0.0, 0.0, 0.0, 0.625, 0.0, 0.2, 0.0, 0.0, 0.0, 0.0, 0.3333, 0.875, 0.0, 0.0, 0.0, 0.0, 0.0, 0.3333, 0.125, 1.0, 0.0, 0.0, 0.0, 0.0, 0.0, 0.125, 0.5, 0.7857, 0.7778, 0.0, 0.3, 0.0, 0.0, 0.875, 0.0, 0.8571, 1.0, 0.0833, 0.0, 0.0, 0.0, 0.8182, 0.0, 0.0, 1.0, 0.5455, 0.0, 0.2, 0.0, 0.875, 0.0, 0.0, 0.8889, 0.0, 0.0, 1.0, 0.0, 0.8571, 0.0, 0.0, 0.8, 0.0, 0.0, 0.75, 0.0, 0.0, 0.0, 0.0, 0.8571, 0.3333, 0.0, 0.1111, 0.0, 0.0, 0.0, 0.0, 0.75, 0.0, 0.0, 0.0, 0.0, 0.0, 0.0]"
champions,0.6,1,champions,0.1855,0.1855,0.1855,0.0,12,True,371,0,283,1346,0,"[0.05, 0.091, 0.118, 0.1365, 0.1495, 0.1625, 0.171, 0.1755, 0.18, 0.183, 0.1845, 0.1855, 0.1855, 0.1855, 0.1855, 0.1855, 0.1855, 0.1855, 0.1855, 0.1855, 0.1855, 0.1855, 0.1855, 0.1855, 0.1855, 0.1855, 0.1855, 0.1855, 0.1855, 0.1855, 0.1855, 0.1855, 0.1855, 0.1855, 0.1855, 0.1855, 0.1855, 0.1855, 0.1855, 0.1855, 0.1855, 0.1855, 0.1855, 0.1855, 0.1855, 0.1855, 0.1855, 0.1855, 0.1855, 0.1855, 0.1855, 0.1855, 0.1855, 0.1855, 0.1855, 0.1855, 0.1855, 0.1855, 0.1855, 0.1855, 0.1855, 0.1855, 0.1855, 0.1855, 0.1855, 0.1855, 0.1855, 0.1855, 0.1855, 0.1855, 0.1855, 0.1855, 0.1855, 0.1855, 0.1855, 0.1855, 0.1855, 0.1855, 0.1855, 0.1855, 0.1855, 0.1855, 0.1855, 0.1855, 0.1855, 0.1855, 0.1855, 0.1855, 0.1855, 0.1855, 0.1855, 0.1855, 0.1855, 0.1855, 0.1855, 0.1855, 0.1855, 0.1855, 0.1855, 0.1855, 0.1855]","{""0"": 0.0389, ""1"": 0.375, ""2"": 0.0654, ""3"": 0.3608, ""4"": 0.1506, ""5"": 0.1328, ""6"": 0.3033, ""7"": 0.0627}","[1.0, 0.0, 1.0, 0.1818, 0.0, 0.0, 0.25, 1.0, 0.2, 0.1667, 1.0, 0.2222, 0.0, 0.0, 0.5714, 0.9167, 0.0, 0.0, 1.0, 0.0, 0.0, 0.0, 0.75, 1.0, 0.0, 0.0909, 0.0, 0.0, 0.0, 0.3077, 0.9, 0.7143, 0.0, 0.0, 0.0, 0.1111, 0.0, 0.2857, 0.1111, 1.0, 0.0, 0.0, 0.125, 0.0, 0.0, 0.5, 0.0, 1.0, 0.25, 0.0, 0.0, 0.125, 0.0, 0.1818, 0.0, 0.8889, 0.0, 0.0, 0.0, 0.0, 0.0, 0.8462, 0.0, 0.625, 0.0833, 0.0, 0.4, 0.0, 0.0, 0.0, 0.0, 0.125, 0.0, 0.0, 0.8889, 0.2308, 0.0, 0.0, 0.25, 0.0, 0.0, 0.1429, 0.9, 0.1, 0.1, 0.0, 0.0, 0.0, 0.25, 0.1429, 0.6667, 0.0, 1.0, 0.0, 0.0, 0.0, 0.0, 0.0, 0.0, 0.0833, 1.0, 0.0, 0.0, 0.0, 0.0, 0.0, 0.0, 0.0, 0.875, 0.0, 0.0, 0.0, 0.0, 0.1818, 0.0, 0.0, 1.0, 0.0, 0.0, 0.0, 0.0, 0.0, 0.0, 0.0, 0.9, 0.0, 0.0, 0.0, 0.4, 0.0, 0.0, 0.0, 0.5833, 0.0, 0.0, 0.0, 0.0, 0.0, 0.0, 0.0, 1.0, 0.125, 0.3636, 0.0, 0.0, 0.0, 0.3, 0.0, 0.875, 0.8, 0.0, 0.0, 0.0, 0.0, 0.2, 0.0, 0.7143, 0.8333, 0.0, 0.0909, 0.0, 0.0, 0.0, 0.0, 0.4545, 0.5, 0.0, 0.0, 0.0, 0.1429, 0.0, 0.2222, 0.8889, 0.0, 0.0, 0.0, 0.1, 0.0, 0.0, 0.0, 0.3, 0.0, 0.0, 0.0, 0.0, 0.0, 0.0, 0.0, 0.2857, 0.0, 0.0, 0.0, 0.0, 0.0, 0.9, 0.0, 0.2857, 0.0, 0.0, 0.0, 0.0, 0.1429, 1.0, 0.0, 0.0, 0.0, 0.0, 0.125, 0.0, 0.0, 0.75, 0.0, 0.0, 0.0, 0.0, 0.0, 0.0, 0.0, 0.0, 0.0, 0.0, 0.0, 0.1538, 0.2857, 0.1429, 0.0, 0.0, 0.1667, 0.1111, 0.0, 0.0, 0.3333, 0.0909, 0.0833, 0.3333, 0.1429, 0.0, 0.0, 0.0, 0.1429, 0.1429, 0.0, 0.6667, 0.1, 0.0, 0.0, 0.0, 0.2222, 0.0, 0.0]"
champions,0.6,2,champions,0.1675,0.1675,0.1675,0.0,12,True,335,0,279,1386,0,"[0.05, 0.0855, 0.1115, 0.1325, 0.1445, 0.1515, 0.1565, 0.1625, 0.1655, 0.1665, 0.167, 0.1675, 0.1675, 0.1675, 0.1675, 0.1675, 0.1675, 0.1675, 0.1675, 0.1675, 0.1675, 0.1675, 0.1675, 0.1675, 0.1675, 0.1675, 0.1675, 0.1675, 0.1675, 0.1675, 0.1675, 0.1675, 0.1675, 0.1675, 0.1675, 0.1675, 0.1675, 0.1675, 0.1675, 0.1675, 0.1675, 0.1675, 0.1675, 0.1675, 0.1675, 0.1675, 0.1675, 0.1675, 0.1675, 0.1675, 0.1675, 0.1675, 0.1675, 0.1675, 0.1675, 0.1675, 0.1675, 0.1675, 0.1675, 0.1675, 0.1675, 0.1675, 0.1675, 0.1675, 0.1675, 0.1675, 0.1675, 0.1675, 0.1675, 0.1675, 0.1675, 0.1675, 0.1675, 0.1675, 0.1675, 0.1675, 0.1675, 0.1675, 0.1675, 0.1675, 0.1675, 0.1675, 0.1675, 0.1675, 0.1675, 0.1675, 0.1675, 0.1675, 0.1675, 0.1675, 0.1675, 0.1675, 0.1675, 0.1675, 0.1675, 0.1675, 0.1675, 0.1675, 0.1675, 0.1675, 0.1675]","{""0"": 0.2792, ""1"": 0.1673, ""2"": 0.1818, ""3"": 0.0535, ""4"": 0.0763, ""5"": 0.1923, ""6"": 0.1261, ""7"": 0.2533}","[1.0, 0.0, 1.0, 0.7143, 0.0, 0.0, 0.0, 0.1667, 0.0, 0.0, 0.8333, 0.4167, 0.0, 0.0, 0.0, 0.0, 0.0, 0.3, 0.375, 0.0, 0.2143, 0.125, 0.0, 0.0, 0.1667, 0.0769, 0.0, 0.0, 0.0, 0.0909, 0.1538, 0.0, 0.0, 0.0, 0.0, 0.0, 0.0, 0.0, 0.0, 0.0, 0.0, 0.0, 0.0, 0.1818, 0.0, 0.0, 0.0, 0.0, 0.0, 0.0, 0.0, 0.0, 0.0, 0.0, 0.0, 0.125, 0.0, 0.0, 0.0, 0.0, 0.0, 0.2857, 0.0, 0.0, 0.0, 0.0, 0.5385, 0.0, 0.0, 0.0, 0.0, 0.0, 0.0, 0.0, 0.0, 0.1429, 0.0, 0.0, 0.0, 0.0, 0.1667, 0.0, 0.0, 0.125, 0.125, 0.1429, 0.1667, 0.0, 0.0, 0.6, 0.0, 0.0, 0.0, 0.0, 0.1429, 0.0, 0.0, 0.9091, 0.1, 0.1111, 0.3, 0.0, 0.2222, 0.0, 0.0, 0.8571, 0.0, 0.1, 0.2857, 0.0, 0.125, 0.2, 0.5, 1.0, 0.25, 0.0, 0.0, 0.0, 0.0, 0.4, 0.6667, 1.0, 0.0, 0.0, 0.1, 0.5714, 0.1, 0.0, 0.8, 0.8, 0.0, 0.0, 0.0, 0.1, 0.0, 0.0, 0.75, 0.8333, 0.0, 0.125, 0.1, 0.125, 0.0, 0.0, 1.0, 0.7, 0.0, 0.0909, 0.1429, 0.0, 0.0, 0.1111, 1.0, 0.0, 0.0, 0.0, 0.0, 0.0, 0.0833, 0.8333, 1.0, 0.0, 0.0, 0.0, 0.0, 0.2222, 0.6364, 0.4, 0.5556, 0.0, 0.0, 0.0, 0.0, 0.0, 0.9091, 0.0, 0.0, 0.0, 0.0, 0.0, 0.0, 0.1667, 1.0, 0.0, 0.125, 0.125, 0.125, 0.0, 0.0, 0.0, 0.1429, 0.3636, 0.0, 0.0, 0.0, 0.1, 0.0, 0.1429, 0.2727, 0.0, 0.0, 0.125, 0.2222, 0.0, 0.0, 0.0, 0.1111, 0.0, 0.0, 0.3333, 0.0, 0.0909, 0.0, 0.0, 0.5, 0.0, 0.0, 0.1667, 0.0, 0.4286, 0.0, 0.0, 0.4, 0.1, 0.1667, 0.0, 0.1667, 0.7143, 0.0, 0.0, 0.0, 0.0909, 0.0769, 0.0, 0.0, 0.8182, 0.0, 0.0, 0.2857, 0.1, 0.0, 0.1111, 1.0, 0.8333, 0.0, 0.0, 0.3333, 0.0, 0.0, 0.0]"
champions,0.6,3,champions,0.1885,0.1885,0.1885,0.0,21,True,377,0,265,1358,0,"[0.05, 0.091, 0.1155, 0.135, 0.1525, 0.1635, 0.17, 0.1735, 0.176, 0.1785, 0.1795, 0.1805, 0.1815, 0.182, 0.183, 0.1845, 0.1855, 0.186, 0.1875, 0.188, 0.1885, 0.1885, 0.1885, 0.1885, 0.1885, 0.1885, 0.1885, 0.1885, 0.1885, 0.1885, 0.1885, 0.1885, 0.1885, 0.1885, 0.1885, 0.1885, 0.1885, 0.1885, 0.1885, 0.1885, 0.1885, 0.1885, 0.1885, 0.1885, 0.1885, 0.1885, 0.1885, 0.1885, 0.1885, 0.1885, 0.1885, 0.1885, 0.1885, 0.1885, 0.1885, 0.1885, 0.1885, 0.1885, 0.1885, 0.1885, 0.1885, 0.1885, 0.1885, 0.1885, 0.1885, 0.1885, 0.1885, 0.1885, 0.1885, 0.1885, 0.1885, 0.1885, 0.1885, 0.1885, 0.1885, 0.1885, 0.1885, 0.1885, 0.1885, 0.1885, 0.1885, 0.1885, 0.1885, 0.1885, 0.1885, 0.1885, 0.1885, 0.1885, 0.1885, 0.1885, 0.1885, 0.1885, 0.1885, 0.1885, 0.1885, 0.1885, 0.1885, 0.1885, 0.1885, 0.1885, 0.1885]","{""0"": 0.2406, ""1"": 0.1074, ""2"": 0.0924, ""3"": 0.0435, ""4"": 0.0667, ""5"": 0.1471, ""6"": 0.2305, ""7"": 0.5376}","[1.0, 0.3, 0.0, 0.0, 0.1667, 0.0, 0.4286, 0.0, 0.8889, 0.2222, 0.0, 0.0, 0.0833, 0.0, 0.2222, 0.4, 0.8462, 0.0, 0.1111, 0.0, 0.0, 0.0, 0.4286, 0.6, 1.0, 0.0, 0.0, 0.0, 0.0909, 0.0, 0.0, 0.125, 1.0, 0.0, 0.0, 0.0, 0.0, 0.0, 0.0, 0.0, 0.8333, 0.0, 0.0, 0.1667, 0.0, 0.0, 0.0, 0.0, 0.7778, 0.0, 0.0, 0.2222, 0.2222, 0.125, 0.0, 0.0, 1.0, 0.1429, 0.0, 0.0, 0.0, 0.0769, 0.0, 0.3333, 1.0, 0.0909, 0.1429, 0.2857, 0.0, 0.2857, 0.0, 0.75, 0.9286, 0.0, 0.0, 0.9, 0.0, 0.3333, 0.0, 0.9091, 0.8889, 0.0, 0.0, 0.2, 0.0, 0.0, 0.0, 0.8889, 0.6667, 0.0, 0.0, 0.0, 0.0, 0.1, 0.0, 0.9091, 0.2222, 0.0, 0.0, 0.0, 0.0, 0.0, 0.3, 0.3333, 0.0, 0.0, 0.125, 0.0, 0.0, 0.0, 0.25, 0.2, 0.0909, 0.0, 0.0, 0.0, 0.0, 0.0, 0.0, 0.0, 0.7273, 0.0, 0.9167, 0.0, 0.0, 0.0, 0.0, 0.1429, 0.3636, 0.0, 0.3333, 0.0, 0.0, 0.0, 0.125, 0.1667, 1.0, 0.0, 0.2222, 0.0, 0.125, 0.5, 0.1111, 0.0, 0.9, 0.1111, 0.2857, 0.1111, 0.0, 0.1429, 0.0, 0.0, 0.875, 0.1111, 0.0, 0.0, 0.0, 0.1429, 1.0, 0.0, 0.0, 0.2857, 0.1, 0.0, 0.0, 0.0, 0.8, 0.1429, 0.1429, 0.1111, 0.0, 0.0, 0.0, 0.0, 0.0769, 0.0, 0.0, 0.0, 0.0, 0.0, 0.0, 0.0, 0.0, 0.1, 0.0, 0.0, 0.1, 0.0, 0.0, 0.0, 0.0, 0.1667, 0.2, 0.0, 0.0, 0.1, 0.0833, 0.0, 0.0, 0.1, 0.0, 0.6667, 0.0, 0.1111, 0.2, 0.0, 0.0, 0.0, 0.0, 0.9167, 0.0, 0.0, 0.0, 0.1111, 0.0, 0.0, 0.0, 0.8889, 0.0, 0.2222, 0.0, 0.2, 0.0, 0.125, 0.0, 0.625, 0.0, 0.0, 0.0, 0.0, 0.1667, 0.0, 0.0, 0.7778, 0.1429, 0.0, 0.1667, 0.0, 0.0, 0.0, 0.0, 0.8889, 0.2857, 0.0, 0.0, 0.0, 0.2222, 0.0, 1.0, 0.7273]"
champions,0.6,4,champions,0.1505,0.1505,0.1505,-0.0,11,True,301,0,296,1403,0,"[0.05, 0.0865, 0.1115, 0.128, 0.135, 0.1405, 0.144, 0.146, 0.1475, 0.1485, 0.1505, 0.1505, 0.1505, 0.1505, 0.1505, 0.1505, 0.1505, 0.1505, 0.1505, 0.1505, 0.1505, 0.1505, 0.1505, 0.1505, 0.1505, 0.1505, 0.1505, 0.1505, 0.1505, 0.1505, 0.1505, 0.1505, 0.1505, 0.1505, 0.1505, 0.1505, 0.1505, 0.1505, 0.1505, 0.1505, 0.1505, 0.1505, 0.1505, 0.1505, 0.1505, 0.1505, 0.1505, 0.1505, 0.1505, 0.1505, 0.1505, 0.1505, 0.1505, 0.1505, 0.1505, 0.1505, 0.1505, 0.1505, 0.1505, 0.1505, 0.1505, 0.1505, 0.1505, 0.1505, 0.1505, 0.1505, 0.1505, 0.1505, 0.1505, 0.1505, 0.1505, 0.1505, 0.1505, 0.1505, 0.1505, 0.1505, 0.1505, 0.1505, 0.1505, 0.1505, 0.1505, 0.1505, 0.1505, 0.1505, 0.1505, 0.1505, 0.1505, 0.1505, 0.1505, 0.1505, 0.1505, 0.1505, 0.1505, 0.1505, 0.1505, 0.1505, 0.1505, 0.1505, 0.1505, 0.1505, 0.1505]","{""0"": 0.0386, ""1"": 0.0859, ""2"": 0.3357, ""3"": 0.0424, ""4"": 0.0943, ""5"": 0.332, ""6"": 0.1654, ""7"": 0.0784}","[1.0, 0.0, 0.0, 0.5, 0.0, 0.0, 0.0, 0.0, 0.2, 0.0, 0.0, 0.7273, 0.0, 0.1818, 0.0, 0.0, 0.0, 0.1111, 0.1667, 1.0, 0.0, 0.125, 0.0, 0.1, 0.0, 0.0, 0.5, 0.7778, 0.1818, 0.0, 0.0909, 0.0909, 0.0, 0.0, 0.4444, 0.0, 0.0, 0.1, 0.0, 0.3333, 0.1667, 0.2, 0.2727, 0.0, 0.0, 0.0, 0.1429, 0.0909, 0.0, 0.0, 0.0, 0.375, 0.0, 0.0, 1.0, 0.0, 0.0833, 0.0714, 0.1, 0.0, 0.0, 0.0, 1.0, 0.0, 0.4444, 0.0, 0.0, 0.0833, 0.0, 0.0, 0.7143, 0.0, 0.0, 0.0, 0.375, 0.0, 0.125, 0.0, 1.0, 0.0, 0.0, 0.0, 0.0, 0.25, 0.1538, 0.0, 1.0, 0.0, 0.0, 0.2222, 0.0909, 0.8, 0.0, 0.0, 0.8, 0.0, 0.3333, 0.0, 0.0, 1.0, 0.0, 0.0, 0.4, 0.1667, 0.0, 0.0, 0.0, 0.6667, 0.0, 0.0, 0.0, 0.0, 0.0, 0.0, 0.1, 0.75, 0.0, 0.2222, 0.0, 0.2308, 0.1, 0.0, 0.0, 0.4, 0.0, 0.2857, 0.0, 0.0, 0.0, 0.0, 0.0, 0.0, 0.0, 0.25, 0.0, 0.0, 0.0, 0.0, 0.0, 0.0, 0.0, 0.0, 0.0909, 0.1667, 0.0, 0.0, 0.2222, 0.0, 0.0, 0.125, 0.0, 0.0, 0.0, 0.1429, 0.0, 0.0, 0.0, 0.1111, 0.2857, 0.1429, 0.0, 0.0, 0.0, 0.0, 0.0, 0.3333, 0.6, 0.2222, 0.0, 0.0, 0.0, 0.0769, 0.1667, 0.0, 0.8, 0.0, 0.0, 0.0, 0.0, 0.0909, 0.0, 0.0, 0.8333, 0.1429, 0.0, 0.0, 0.0, 0.125, 0.0, 0.0, 0.0, 1.0, 0.1111, 0.1111, 0.0, 0.0, 0.0, 0.0, 0.0, 0.8889, 0.3333, 0.0, 0.0, 0.125, 0.0, 0.0, 0.0, 0.5, 0.125, 0.0, 0.0, 0.0, 0.0, 0.0, 0.1429, 0.3333, 0.0, 0.0, 0.1429, 0.0, 0.0, 0.0, 0.0, 0.0, 0.1111, 0.0, 0.0, 0.2, 0.0, 0.8571, 0.0, 0.0, 0.0909, 0.0, 0.0, 0.8, 0.25, 0.25, 0.0, 0.0, 0.1429, 0.0, 0.0, 0.4286, 0.0, 0.0, 0.1667, 0.0, 0.0, 0.1667]"
champions,0.6,5,champions,0.1775,0.1775,0.1775,0.0,17,True,355,0,288,1357,0,"[0.05, 0.0925, 0.1145, 0.1345, 0.15, 0.1605, 0.166, 0.1675, 0.1695, 0.1715, 0.172, 0.1725, 0.173, 0.1735, 0.175, 0.1765, 0.1775, 0.1775, 0.1775, 0.1775, 0.1775, 0.1775, 0.1775, 0.1775, 0.1775, 0.1775, 0.1775, 0.1775, 0.1775, 0.1775, 0.1775, 0.1775, 0.1775, 0.1775, 0.1775, 0.1775, 0.1775, 0.1775, 0.1775, 0.1775, 0.1775, 0.1775, 0.1775, 0.1775, 0.1775, 0.1775, 0.1775, 0.1775, 0.1775, 0.1775, 0.1775, 0.1775, 0.1775, 0.1775, 0.1775, 0.1775, 0.1775, 0.1775, 0.1775, 0.1775, 0.1775, 0.1775, 0.1775, 0.1775, 0.1775, 0.1775, 0.1775, 0.1775, 0.1775, 0.1775, 0.1775, 0.1775, 0.1775, 0.1775, 0.1775, 0.1775, 0.1775, 0.1775, 0.1775, 0.1775, 0.1775, 0.1775, 0.1775, 0.1775, 0.1775, 0.1775, 0.1775, 0.1775, 0.1775, 0.1775, 0.1775, 0.1775, 0.1775, 0.1775, 0.1775, 0.1775, 0.1775, 0.1775, 0.1775, 0.1775, 0.1775]","{""0"": 0.2738, ""1"": 0.1961, ""2"": 0.038, ""3"": 0.3004, ""4"": 0.0588, ""5"": 0.2118, ""6"": 0.2266, ""7"": 0.0988}","[0.8889, 1.0, 0.0, 0.0, 1.0, 0.0, 1.0, 0.125, 0.0, 0.6667, 0.0, 0.0, 1.0, 0.0, 0.8571, 0.0, 0.1, 0.7273, 0.5, 0.125, 1.0, 0.0, 1.0, 0.6667, 0.0, 0.9167, 0.6667, 0.0, 1.0, 0.0, 0.1, 0.25, 0.0, 1.0, 0.3, 0.0, 0.9, 0.0, 0.3333, 0.1111, 0.0909, 0.8, 0.0, 0.0, 0.6667, 0.2, 0.0, 0.0909, 0.2857, 0.2, 0.9091, 0.0, 0.6154, 0.0, 0.0, 0.1, 0.0, 0.0, 1.0, 0.1429, 0.0, 0.0, 0.0, 0.1667, 0.0833, 0.0, 0.8462, 0.0, 0.0, 0.1667, 0.1429, 0.0, 0.125, 0.0, 0.0, 0.0, 0.0, 0.1818, 0.0, 0.3333, 0.75, 0.0, 0.0, 0.0, 0.0, 0.2, 0.0, 0.8, 0.4615, 0.0, 0.0, 0.0, 0.25, 0.0, 0.2, 0.0, 0.1, 0.0, 0.0, 0.0, 0.0, 0.0, 0.1667, 0.0, 0.125, 0.0, 0.0, 0.0, 0.0, 0.1667, 0.3, 0.0, 0.2, 0.0, 0.0, 0.0, 0.3077, 0.0, 0.2, 0.0, 0.0, 0.0, 0.0, 0.0, 0.0769, 0.0, 0.0, 0.0, 0.0, 0.1111, 0.0, 0.0, 0.3333, 0.0, 0.0, 0.0, 0.0, 0.125, 0.0, 0.0, 0.0, 0.0, 0.0, 0.0, 0.0, 0.0, 0.0, 0.0, 0.1, 0.0, 0.0, 0.0, 0.0, 0.0, 0.0, 0.25, 0.375, 0.0, 0.0, 0.0, 0.0, 0.0, 0.0909, 0.4, 0.0, 0.0, 0.0, 0.1429, 0.1667, 0.0, 0.0, 0.0, 0.0909, 0.0, 0.0, 0.4444, 0.1, 0.0, 0.1111, 0.0, 0.0, 0.0, 0.0, 1.0, 0.1111, 0.1111, 0.0, 0.0, 0.0, 0.2857, 0.0, 0.8889, 0.2, 0.0, 0.2, 0.0, 0.0, 0.0, 0.0833, 0.8333, 0.0, 0.0, 0.0, 0.0, 0.0, 0.0, 0.0, 0.1429, 0.0, 0.0, 0.0, 0.1111, 0.0, 0.2, 0.125, 0.0, 0.0, 0.0, 0.125, 0.0, 0.0, 0.0, 0.0, 0.0, 0.0, 0.0, 0.5, 0.0769, 0.0, 0.2, 0.0, 0.0, 0.0, 0.1429, 0.0, 0.0, 0.0, 0.0, 0.0, 0.0, 0.0, 0.25, 0.2, 0.0, 0.875, 0.0, 0.9167, 0.0, 0.0, 1.0]"
champions,0.6,6,champions,0.162,0.162,0.162,0.0,14,True,324,0,276,1400,0,"[0.05, 0.095, 0.1165, 0.1265, 0.133, 0.139, 0.1475, 0.154, 0.156, 0.1575, 0.159, 0.161, 0.1615, 0.162, 0.162, 0.162, 0.162, 0.162, 0.162, 0.162, 0.162, 0.162, 0.162, 0.162, 0.162, 0.162, 0.162, 0.162, 0.162, 0.162, 0.162, 0.162, 0.162, 0.162, 0.162, 0.162, 0.162, 0.162, 0.162, 0.162, 0.162, 0.162, 0.162, 0.162, 0.162, 0.162, 0.162, 0.162, 0.162, 0.162, 0.162, 0.162, 0.162, 0.162, 0.162, 0.162, 0.162, 0.162, 0.162, 0.162, 0.162, 0.162, 0.162, 0.162, 0.162, 0.162, 0.162, 0.162, 0.162, 0.162, 0.162, 0.162, 0.162, 0.162, 0.162, 0.162, 0.162, 0.162, 0.162, 0.162, 0.162, 0.162, 0.162, 0.162, 0.162, 0.162, 0.162, 0.162, 0.162, 0.162, 0.162, 0.162, 0.162, 0.162, 0.162, 0.162, 0.162, 0.162, 0.162, 0.162, 0.162]","{""0"": 0.0116, ""1"": 0.0622, ""2"": 0.2824, ""3"": 0.2289, ""4"": 0.1687, ""5"": 0.2073, ""6"": 0.0964, ""7"": 0.2351}","[1.0, 0.0, 0.2222, 0.9091, 0.5, 0.0, 0.4, 0.3636, 0.5, 0.0, 0.125, 0.7692, 0.0, 0.0, 0.0, 0.125, 0.3, 0.0, 0.0, 0.9333, 0.0, 0.0, 0.0, 0.0, 0.4444, 0.0, 0.0, 1.0, 0.0, 0.0, 0.0, 0.0, 0.0, 0.0, 0.2, 0.9286, 0.0, 0.0, 0.0, 0.375, 0.0, 0.0, 0.0, 0.7143, 0.0, 0.0, 0.0, 0.0, 0.1667, 0.0, 0.0, 0.1667, 0.0, 0.0, 0.0, 0.1429, 0.5556, 0.0, 0.1667, 0.0, 0.0, 0.5, 0.0, 0.0, 1.0, 0.0, 0.1111, 0.1111, 0.2727, 1.0, 0.125, 0.125, 1.0, 0.0, 0.0, 0.0, 0.0, 0.9091, 0.0, 0.125, 0.8182, 0.0, 0.1667, 0.0, 0.0, 0.9167, 0.0, 0.0, 0.125, 0.0, 0.0, 0.0, 0.0, 0.7778, 0.0, 0.0, 0.1111, 0.0, 0.0, 0.0, 0.0, 0.0, 0.1111, 0.1111, 0.0, 0.0, 0.2727, 0.0, 0.0, 0.2, 0.1111, 0.0, 0.0, 0.0, 0.0, 0.0, 0.0, 0.2, 0.0, 0.0, 0.1429, 0.0, 0.0, 0.0, 0.2, 0.1667, 0.0, 0.0, 0.0, 0.0, 0.0, 0.0, 0.25, 0.1111, 0.0, 0.0, 0.0, 0.0, 0.0, 0.0, 0.125, 0.1, 0.0, 0.4, 0.0, 0.0, 0.0, 0.0, 0.0, 0.0, 0.0, 0.0, 0.0, 0.125, 0.0, 0.0, 0.0, 0.0, 0.0, 0.0, 0.125, 0.0, 0.0, 0.0, 0.0, 0.0, 0.0, 0.3636, 0.1429, 0.25, 0.0, 0.0, 0.0, 0.0, 0.0, 0.0, 0.25, 0.0, 0.0, 0.0, 0.1111, 0.0, 0.0, 0.25, 0.0, 0.0, 0.1, 0.0, 0.3333, 0.0, 0.0, 0.0, 0.0, 0.0, 0.25, 0.0, 0.9286, 0.0, 0.2308, 0.0, 0.0, 0.0, 0.0, 0.1429, 0.9, 0.0, 0.6, 0.0, 0.0, 0.0, 0.1, 0.0, 0.6667, 0.0, 1.0, 0.0, 0.125, 0.0, 0.0, 0.1111, 0.6, 0.0, 1.0, 0.0, 0.125, 0.0, 0.0, 0.125, 0.75, 0.0, 1.0, 0.1111, 0.0, 0.0, 0.0, 0.0, 0.125, 0.0, 1.0, 0.0, 0.0, 0.0, 0.0, 0.25, 0.2, 0.0, 1.0, 0.2222, 0.1818, 0.0]"
champions,0.6,7,champions,0.1575,0.1575,0.1575,0.0,10,True,315,0,328,1357,0,"[0.05, 0.0915, 0.122, 0.1365, 0.1455, 0.1505, 0.1525, 0.154, 0.1565, 0.1575, 0.1575, 0.1575, 0.1575, 0.1575, 0.1575, 0.1575, 0.1575, 0.1575, 0.1575, 0.1575, 0.1575, 0.1575, 0.1575, 0.1575, 0.1575, 0.1575, 0.1575, 0.1575, 0.1575, 0.1575, 0.1575, 0.1575, 0.1575, 0.1575, 0.1575, 0.1575, 0.1575, 0.1575, 0.1575, 0.1575, 0.1575, 0.1575, 0.1575, 0.1575, 0.1575, 0.1575, 0.1575, 0.1575, 0.1575, 0.1575, 0.1575, 0.1575, 0.1575, 0.1575, 0.1575, 0.1575, 0.1575, 0.1575, 0.1575, 0.1575, 0.1575, 0.1575, 0.1575, 0.1575, 0.1575, 0.1575, 0.1575, 0.1575, 0.1575, 0.1575, 0.1575, 0.1575, 0.1575, 0.1575, 0.1575, 0.1575, 0.1575, 0.1575, 0.1575, 0.1575, 0.1575, 0.1575, 0.1575, 0.1575, 0.1575, 0.1575, 0.1575, 0.1575, 0.1575, 0.1575, 0.1575, 0.1575, 0.1575, 0.1575, 0.1575, 0.1575, 0.1575, 0.1575, 0.1575, 0.1575, 0.1575]","{""0"": 0.0945, ""1"": 0.0779, ""2"": 0.1579, ""3"": 0.2213, ""4"": 0.2201, ""5"": 0.0402, ""6"": 0.2638, ""7"": 0.1629}","[1.0, 0.0, 0.0, 0.0, 0.1818, 0.0, 0.2, 0.1429, 0.0, 0.0, 0.0, 0.0, 0.0, 0.0, 0.125, 0.0, 0.0, 0.0, 0.0, 0.0, 0.1429, 0.3333, 0.0, 0.0, 0.0, 0.375, 0.25, 0.0, 0.0, 0.0, 0.0, 0.0, 0.0, 0.5833, 0.0, 0.0, 0.0, 0.0, 0.0, 0.0, 0.3333, 1.0, 0.0, 0.0, 0.0, 0.0, 0.0, 0.0, 0.0, 0.0, 0.0, 0.0, 0.0769, 0.0909, 0.0, 0.0, 0.4, 0.0, 0.0, 0.0, 0.0, 0.1818, 0.0, 0.0, 0.3636, 0.3, 0.0, 0.0, 0.0, 0.2222, 0.0, 0.5714, 0.3333, 0.0909, 0.1111, 0.0, 0.0, 0.1, 0.0, 0.4545, 0.4545, 0.0, 0.0, 0.0, 0.0, 0.5, 0.0, 0.8182, 0.0, 0.0, 0.0, 0.125, 0.0, 0.9091, 0.0, 0.8889, 0.0, 0.0, 0.0, 0.0, 0.3333, 1.0, 0.0, 0.75, 0.2857, 0.0, 0.0833, 0.0, 0.875, 0.9, 0.3333, 0.8, 1.0, 0.0, 0.0, 0.4444, 0.9231, 1.0, 0.0833, 1.0, 0.2, 0.1, 0.0, 0.1111, 0.9, 0.875, 0.0, 0.8571, 0.0, 0.0, 0.625, 0.3, 0.8571, 0.0, 0.0, 0.4, 0.0, 0.1429, 0.75, 0.0, 0.0, 0.0, 0.0, 0.3333, 0.0, 0.0, 0.1111, 0.0, 0.0, 0.0, 0.0, 0.0, 0.0, 0.1429, 0.0, 0.0, 0.0909, 0.0, 0.0, 0.1667, 0.0, 0.1111, 0.0, 0.1667, 0.1818, 0.0, 0.0, 0.0, 0.0, 0.1, 0.0, 0.0, 0.0, 0.0833, 0.0, 0.0, 0.0, 0.0, 0.0909, 0.0, 0.1111, 0.0, 0.0, 0.0, 0.2222, 0.0, 0.0, 0.0, 0.25, 0.1, 0.0, 0.0, 0.0, 0.0, 0.25, 0.4286, 0.1429, 0.125, 0.0, 0.0, 0.0, 0.0, 0.0, 0.7143, 0.2, 0.1667, 0.0, 0.0, 0.0, 0.0, 0.0, 1.0, 0.0, 0.0, 0.0, 0.0, 0.125, 0.0, 0.0, 0.0, 0.1538, 0.0, 0.0, 0.0, 0.1, 0.0, 0.0, 0.0, 0.25, 0.0, 0.0, 0.3333, 0.1667, 0.0, 0.0, 0.625, 0.125, 0.0, 0.1111, 0.0909, 0.0, 0.0, 0.0, 0.5556, 0.0, 0.0, 0.0, 0.0, 0.0909, 0.0]"
champions,0.6,8,champions,0.177,0.177,0.177,0.0,16,True,354,0,276,1370,0,"[0.05, 0.087, 0.109, 0.1295, 0.1415, 0.148, 0.154, 0.1565, 0.1585, 0.162, 0.165, 0.1705, 0.1735, 0.1755, 0.1765, 0.177, 0.177, 0.177, 0.177, 0.177, 0.177, 0.177, 0.177, 0.177, 0.177, 0.177, 0.177, 0.177, 0.177, 0.177, 0.177, 0.177, 0.177, 0.177, 0.177, 0.177, 0.177, 0.177, 0.177, 0.177, 0.177, 0.177, 0.177, 0.177, 0.177, 0.177, 0.177, 0.177, 0.177, 0.177, 0.177, 0.177, 0.177, 0.177, 0.177, 0.177, 0.177, 0.177, 0.177, 0.177, 0.177, 0.177, 0.177, 0.177, 0.177, 0.177, 0.177, 0.177, 0.177, 0.177, 0.177, 0.177, 0.177, 0.177, 0.177, 0.177, 0.177, 0.177, 0.177, 0.177, 0.177, 0.177, 0.177, 0.177, 0.177, 0.177, 0.177, 0.177, 0.177, 0.177, 0.177, 0.177, 0.177, 0.177, 0.177, 0.177, 0.177, 0.177, 0.177, 0.177, 0.177]","{""0"": 0.0981, ""1"": 0.3619, ""2"": 0.2114, ""3"": 0.2289, ""4"": 0.095, ""5"": 0.0586, ""6"": 0.1304, ""7"": 0.2152}","[1.0, 0.0, 0.0, 0.0909, 0.0909, 0.0, 0.0, 0.0, 0.125, 0.0, 0.0, 0.4444, 0.3, 0.1111, 0.0, 0.1538, 0.5556, 0.0, 0.0, 0.6364, 0.0, 0.0, 0.375, 0.1, 0.8571, 0.0, 0.0, 0.9231, 0.2222, 0.0, 0.0, 0.8, 0.9, 0.0, 0.1111, 1.0, 0.2857, 0.0, 0.1111, 0.8571, 1.0, 0.0, 0.0, 0.0, 0.0, 0.9231, 0.0833, 0.0, 0.875, 0.0, 0.0, 0.0, 0.0, 0.1429, 0.0, 0.125, 0.0909, 0.0, 0.0, 0.0, 0.25, 0.0, 0.0, 0.125, 0.0, 1.0, 0.0, 0.2, 0.0, 0.0, 0.0, 0.0, 0.125, 0.8571, 0.0, 0.875, 0.0, 0.2222, 0.0, 0.0, 0.0, 0.5, 0.0, 0.7143, 0.0, 0.1111, 0.0, 0.0, 0.1111, 0.0, 0.0, 0.2, 0.0, 0.0, 0.0, 0.0, 0.0, 0.0, 0.0, 0.1429, 0.0, 0.0, 0.0, 0.0, 0.0, 0.0, 0.0, 0.0, 0.0, 0.1111, 0.0, 0.0, 0.0, 0.0, 0.8333, 0.2, 0.0, 0.125, 0.0, 0.0, 0.0, 0.0, 0.5, 0.0, 0.0, 0.0, 0.0, 0.0, 0.0, 0.0, 0.9, 0.0, 0.0, 0.0769, 0.0, 0.0, 0.0, 0.0, 0.8, 0.0, 0.0, 0.0, 0.0, 0.0, 0.0, 0.0, 0.875, 0.0, 0.0, 0.0, 0.1111, 0.0, 0.0, 0.0, 0.7778, 0.0, 0.0, 0.0, 0.0, 0.0, 0.0, 0.1667, 1.0, 0.0, 0.0, 0.0, 0.0, 0.0, 0.0, 0.0, 0.8889, 0.0, 0.0, 0.0, 0.0, 0.2143, 0.1111, 0.0, 0.75, 0.0, 0.0, 0.0, 0.1, 0.0, 0.0, 0.0, 0.9286, 0.0, 0.1667, 0.0, 0.2857, 0.0, 0.0, 0.0, 0.8333, 0.0, 0.3333, 0.0, 0.1111, 0.0, 0.0, 0.0, 0.8182, 0.0, 0.0, 0.0, 0.0, 0.1, 0.0, 0.0, 1.0, 0.0, 0.75, 0.0, 0.2857, 0.3333, 0.1, 0.0, 0.1429, 0.0, 0.8889, 0.0, 0.0, 0.0, 0.0, 0.1667, 0.0, 0.0, 1.0, 0.1111, 0.1, 0.0, 0.1429, 0.0, 0.0, 0.0, 0.8889, 0.2, 0.0, 0.0, 0.4286, 0.0, 0.0, 0.0, 0.2727, 0.0, 0.0, 0.2, 0.0, 0.0]"
champions,0.6,9,champions,0.1605,0.1605,0.1605,-0.0,20,True,321,0,297,1382,0,"[0.05, 0.094, 0.1155, 0.132, 0.1405, 0.144, 0.1455, 0.1475, 0.1485, 0.149, 0.15, 0.151, 0.1515, 0.152, 0.1525, 0.154, 0.1555, 0.1575, 0.159, 0.1605, 0.1605, 0.1605, 0.1605, 0.1605, 0.1605, 0.1605, 0.1605, 0.1605, 0.1605, 0.1605, 0.1605, 0.1605, 0.1605, 0.1605, 0.1605, 0.1605, 0.1605, 0.1605, 0.1605, 0.1605, 0.1605, 0.1605, 0.1605, 0.1605, 0.1605, 0.1605, 0.1605, 0.1605, 0.1605, 0.1605, 0.1605, 0.1605, 0.1605, 0.1605, 0.1605, 0.1605, 0.1605, 0.1605, 0.1605, 0.1605, 0.1605, 0.1605, 0.1605, 0.1605, 0.1605, 0.1605, 0.1605, 0.1605, 0.1605, 0.1605, 0.1605, 0.1605, 0.1605, 0.1605, 0.1605, 0.1605, 0.1605, 0.1605, 0.1605, 0.1605, 0.1605, 0.1605, 0.1605, 0.1605, 0.1605, 0.1605, 0.1605, 0.1605, 0.1605, 0.1605, 0.1605, 0.1605, 0.1605, 0.1605, 0.1605, 0.1605, 0.1605, 0.1605, 0.1605, 0.1605, 0.1605]","{""0"": 0.1058, ""1"": 0.0996, ""2"": 0.1377, ""3"": 0.1468, ""4"": 0.2636, ""5"": 0.2785, ""6"": 0.0864, ""7"": 0.166}","[1.0, 0.0, 0.0, 0.0, 0.0, 0.0, 0.0, 0.0, 0.1111, 0.0, 0.0, 0.0, 0.0, 0.0, 0.0, 0.4444, 0.4444, 0.125, 0.25, 0.0, 0.0, 0.0, 0.0, 0.0909, 0.0, 0.1429, 0.4167, 0.0, 0.2857, 0.1111, 0.0, 0.2857, 0.1429, 0.0, 0.2857, 0.2727, 0.0, 0.0, 0.0, 0.0, 0.25, 0.0, 0.0, 0.125, 0.25, 0.125, 0.0, 0.0, 0.0, 0.1667, 0.0, 0.0, 0.0, 0.0, 0.0, 0.0, 0.0, 0.0, 0.0, 0.1, 0.0, 0.0, 0.0, 0.0, 0.0, 0.0909, 0.125, 0.0, 0.5385, 0.1111, 0.0, 0.1429, 0.0, 0.1, 0.1, 0.0, 0.1429, 0.0909, 0.0, 0.0, 0.0, 0.1667, 0.0, 0.0, 0.0, 0.0, 0.0, 0.1667, 0.0, 0.0909, 0.0, 0.0, 0.0909, 0.0, 0.0, 0.0, 0.0, 0.1111, 0.2, 0.0, 0.375, 0.0, 0.0, 0.3, 0.0, 0.0, 0.0, 0.0, 0.8462, 0.0, 0.0, 0.0, 0.0, 0.0, 0.0, 0.0, 0.0, 0.0, 0.0, 0.125, 0.0, 0.0, 0.0, 0.125, 0.125, 0.0, 0.0909, 0.2, 0.0, 0.0, 0.0, 0.0909, 0.125, 0.0, 0.9, 0.1667, 0.125, 0.25, 0.125, 0.1111, 0.0, 0.0, 0.7778, 0.0, 0.1, 0.5385, 0.2222, 0.0, 0.0, 1.0, 0.8333, 0.0, 0.0, 0.0, 0.2727, 0.0, 0.0, 0.8571, 0.25, 0.0, 0.0, 0.0, 0.0, 0.0, 0.0, 1.0, 0.0, 0.0, 0.0, 0.0, 0.0, 0.0, 0.2857, 0.8889, 0.0, 0.0, 0.0, 0.0909, 0.0, 0.0909, 0.0, 0.8667, 0.0, 0.125, 0.0, 0.1667, 0.1429, 0.0, 0.0, 1.0, 0.0, 0.1538, 0.0, 0.5714, 0.0, 0.3333, 0.0, 0.75, 0.9167, 0.1667, 0.1429, 0.0, 0.1, 0.6, 0.0, 0.0, 0.9167, 0.0, 0.1429, 0.1538, 0.0, 1.0, 0.125, 0.0, 0.7778, 0.0, 1.0, 0.1, 0.1818, 0.4444, 0.1429, 0.1, 0.8571, 0.0, 0.8571, 0.0, 0.1429, 0.0, 0.0, 0.2727, 0.1429, 0.0, 1.0, 0.0, 0.0, 0.0, 0.1667, 0.1667, 0.0, 0.0, 0.5714, 0.0, 0.0, 0.0, 0.2222, 0.2, 0.0, 0.0, 0.2222, 0.0]"
champions,0.6,10,champions,0.2175,0.2175,0.2175,0.0,17,True,435,0,299,1266,0,"[0.05, 0.0915, 0.1245, 0.1515, 0.168, 0.181, 0.1905, 0.197, 0.2015, 0.205, 0.2085, 0.2105, 0.212, 0.2135, 0.2155, 0.2165, 0.2175, 0.2175, 0.2175, 0.2175, 0.2175, 0.2175, 0.2175, 0.2175, 0.2175, 0.2175, 0.2175, 0.2175, 0.2175, 0.2175, 0.2175, 0.2175, 0.2175, 0.2175, 0.2175, 0.2175, 0.2175, 0.2175, 0.2175, 0.2175, 0.2175, 0.2175, 0.2175, 0.2175, 0.2175, 0.2175, 0.2175, 0.2175, 0.2175, 0.2175, 0.2175, 0.2175, 0.2175, 0.2175, 0.2175, 0.2175, 0.2175, 0.2175, 0.2175, 0.2175, 0.2175, 0.2175, 0.2175, 0.2175, 0.2175, 0.2175, 0.2175, 0.2175, 0.2175, 0.2175, 0.2175, 0.2175, 0.2175, 0.2175, 0.2175, 0.2175, 0.2175, 0.2175, 0.2175, 0.2175, 0.2175, 0.2175, 0.2175, 0.2175, 0.2175, 0.2175, 0.2175, 0.2175, 0.2175, 0.2175, 0.2175, 0.2175, 0.2175, 0.2175, 0.2175, 0.2175, 0.2175, 0.2175, 0.2175, 0.2175, 0.2175]","{""0"": 0.0372, ""1"": 0.2317, ""2"": 0.0601, ""3"": 0.3346, ""4"": 0.4508, ""5"": 0.2134, ""6"": 0.0868, ""7"": 0.284}","[1.0, 0.0, 0.0, 0.1667, 0.0, 0.9231, 1.0, 0.0, 0.0909, 0.4, 0.0, 0.0, 0.8889, 0.8333, 0.4, 0.125, 0.0, 0.0833, 0.125, 0.0, 0.0, 0.75, 1.0, 0.8, 0.6, 0.0, 0.875, 0.0, 0.0, 0.9, 1.0, 0.2727, 0.6667, 0.0, 0.7778, 0.0, 0.0, 0.6667, 0.8889, 0.4286, 1.0, 0.0, 0.0, 0.0, 0.0, 0.4286, 0.0, 0.0, 0.75, 0.0, 0.0, 0.1, 0.0, 0.125, 0.0, 0.0, 0.8462, 0.0, 0.0, 0.25, 0.0, 0.0, 0.1429, 0.0, 1.0, 0.0, 0.0, 0.0, 0.0, 0.0, 0.0, 0.2, 0.7778, 0.0909, 0.0, 0.0, 0.0, 0.0, 0.5556, 0.0, 0.8571, 0.0, 0.0, 0.0, 0.0, 0.0833, 0.0, 0.0, 0.2857, 0.0, 0.0, 0.0, 0.0, 0.0, 0.0, 0.0, 0.125, 0.0, 0.1667, 0.0, 0.0, 0.0, 0.0, 0.0, 0.25, 0.0, 0.0, 0.2, 0.0, 0.0, 0.0, 0.0, 0.0, 0.0, 0.6667, 0.0, 0.0, 0.0, 0.0, 0.0, 0.125, 0.0, 0.7692, 0.0833, 0.0, 0.2, 0.0, 0.0, 0.0, 0.3333, 0.875, 0.0, 0.5, 0.0, 0.1, 0.0909, 0.0, 0.0, 0.4444, 0.1667, 0.0, 0.0, 0.0909, 0.0909, 0.1667, 0.0, 0.0, 0.0, 0.0, 0.0, 0.0, 0.0, 0.125, 0.0, 0.1111, 0.0, 0.0, 0.7273, 0.0, 0.0, 0.0, 0.0, 0.0, 0.2, 0.8571, 0.8889, 0.0, 0.0, 0.0, 0.0, 0.125, 0.0, 1.0, 0.7143, 0.0, 0.0, 0.0, 0.0, 0.1667, 0.1429, 0.9231, 0.9333, 0.0, 0.0, 0.0, 0.2, 0.0, 0.0, 0.9231, 0.3333, 0.0, 0.1667, 0.1429, 0.0, 0.1429, 0.0, 1.0, 0.0, 0.0, 0.0, 0.0, 0.0, 0.5, 0.0909, 0.375, 0.0, 0.0, 0.0, 0.0, 0.0, 0.0, 0.0, 0.4286, 0.0, 0.0, 0.0, 0.0, 0.0, 0.2, 0.0, 0.0, 0.7, 0.0, 0.1667, 0.0, 0.0, 0.3333, 0.1111, 0.4, 1.0, 0.0, 0.0, 0.0, 0.0, 0.2, 0.1667, 0.6667, 0.9167, 0.0909, 0.0, 0.0, 0.1429, 0.2, 0.0, 0.8, 1.0, 0.5, 0.0, 0.0, 0.0]"
champions,0.6,11,champions,0.1805,0.1805,0.1805,0.0,18,True,361,0,295,1344,0,"[0.05, 0.082, 0.1065, 0.127, 0.143, 0.156, 0.1645, 0.1685, 0.1705, 0.172, 0.1735, 0.174, 0.175, 0.176, 0.1765, 0.1785, 0.18, 0.1805, 0.1805, 0.1805, 0.1805, 0.1805, 0.1805, 0.1805, 0.1805, 0.1805, 0.1805, 0.1805, 0.1805, 0.1805, 0.1805, 0.1805, 0.1805, 0.1805, 0.1805, 0.1805, 0.1805, 0.1805, 0.1805, 0.1805, 0.1805, 0.1805, 0.1805, 0.1805, 0.1805, 0.1805, 0.1805, 0.1805, 0.1805, 0.1805, 0.1805, 0.1805, 0.1805, 0.1805, 0.1805, 0.1805, 0.1805, 0.1805, 0.1805, 0.1805, 0.1805, 0.1805, 0.1805, 0.1805, 0.1805, 0.1805, 0.1805, 0.1805, 0.1805, 0.1805, 0.1805, 0.1805, 0.1805, 0.1805, 0.1805, 0.1805, 0.1805, 0.1805, 0.1805, 0.1805, 0.1805, 0.1805, 0.1805, 0.1805, 0.1805, 0.1805, 0.1805, 0.1805, 0.1805, 0.1805, 0.1805, 0.1805, 0.1805, 0.1805, 0.1805, 0.1805, 0.1805, 0.1805, 0.1805, 0.1805, 0.1805]","{""0"": 0.2244, ""1"": 0.1953, ""2"": 0.2213, ""3"": 0.1937, ""4"": 0.07, ""5"": 0.2328, ""6"": 0.0567, ""7"": 0.2417}","[1.0, 0.0, 0.8, 0.8571, 1.0, 0.0, 0.0, 0.7273, 0.0, 0.75, 0.75, 1.0, 0.9167, 0.2, 0.0, 0.0, 0.0, 0.8, 0.4167, 0.125, 0.7273, 0.1818, 0.0, 0.0, 0.0, 0.7857, 0.0, 0.0, 0.3, 0.0, 0.0, 0.1111, 0.2222, 0.8, 0.0, 0.1111, 0.0, 0.0, 0.0, 0.0, 0.8889, 0.7, 0.1111, 0.0, 0.0, 0.0, 0.0, 0.0, 0.9, 1.0, 0.0, 0.1667, 0.0, 0.0, 0.0, 0.0, 0.5714, 0.6667, 0.0, 0.0909, 0.1, 0.0, 0.1429, 0.0, 0.0909, 0.0, 0.0, 0.1429, 0.0, 0.0, 0.2308, 0.0, 0.0, 0.0, 0.0, 0.0, 0.0, 0.0, 0.1429, 0.0, 0.0, 0.1667, 0.0, 0.0, 0.0, 0.0, 0.1538, 0.125, 0.0, 0.0, 0.0, 0.1111, 0.125, 0.1429, 0.125, 0.0, 0.0, 0.0, 0.0, 0.5455, 0.0, 0.0, 0.6667, 0.0, 0.0, 0.0, 0.0, 0.6, 0.0, 0.0, 0.9231, 0.0, 0.1667, 0.0, 0.0, 0.1667, 0.0, 0.0, 1.0, 0.0, 0.125, 0.0, 0.0, 0.1667, 0.0, 0.0, 0.1667, 0.0, 0.0, 0.0, 0.0, 0.0, 0.0, 0.0, 0.0, 0.0, 0.4286, 0.0, 0.3333, 0.0, 0.0, 0.1111, 0.0, 0.0833, 0.8571, 0.0, 0.5556, 0.125, 0.0909, 0.0, 0.0, 0.0, 0.875, 0.0, 0.6667, 0.0, 0.4286, 0.0, 0.0, 0.0, 1.0, 0.0, 0.2, 0.0, 0.0, 0.0, 0.0, 0.125, 0.2, 0.0, 0.0, 0.0, 0.0, 0.0, 0.0, 0.0, 0.125, 0.0, 0.125, 0.0, 0.0, 0.0, 0.0, 0.0, 0.0, 0.0, 0.3636, 0.0, 0.0, 0.0, 0.0, 0.0, 0.0, 0.125, 0.0909, 0.0, 0.0, 0.25, 0.0, 0.0, 0.0, 0.0, 0.0, 0.0, 0.0, 0.375, 0.25, 0.1, 0.0, 0.0, 0.0769, 0.0, 0.0, 0.0, 0.1429, 0.0, 0.0, 0.0, 0.0, 0.0, 0.0, 0.2, 0.8333, 0.0, 0.0, 0.0, 0.3333, 0.0, 0.0, 0.0, 1.0, 0.0, 0.0, 0.1429, 0.2857, 0.8889, 0.1111, 0.0, 0.3333, 0.0, 0.1111, 0.125, 0.75, 1.0, 0.875, 0.0, 0.1818, 0.0, 0.0, 0.0]"
champions,0.8,0,champions,0.338,0.338,0.338,0.0,35,True,676,0,287,1037,0,"[0.05, 0.094, 0.1345, 0.1735, 0.1945, 0.216, 0.231, 0.2395, 0.249, 0.2555, 0.2625, 0.2705, 0.2795, 0.2875, 0.293, 0.299, 0.3025, 0.3055, 0.3095, 0.313, 0.3165, 0.32, 0.322, 0.323, 0.325, 0.327, 0.329, 0.331, 0.3315, 0.332, 0.334, 0.335, 0.336, 0.3365, 0.338, 0.338, 0.338, 0.338, 0.338, 0.338, 0.338, 0.338, 0.338, 0.338, 0.338, 0.338, 0.338, 0.338, 0.338, 0.338, 0.338, 0.338, 0.338, 0.338, 0.338, 0.338, 0.338, 0.338, 0.338, 0.338, 0.338, 0.338, 0.338, 0.338, 0.338, 0.338, 0.338, 0.338, 0.338, 0.338, 0.338, 0.338, 0.338, 0.338, 0.338, 0.338, 0.338, 0.338, 0.338, 0.338, 0.338, 0.338, 0.338, 0.338, 0.338, 0.338, 0.338, 0.338, 0.338, 0.338, 0.338, 0.338, 0.338, 0.338, 0.338, 0.338, 0.338, 0.338, 0.338, 0.338, 0.338]","{""0"": 0.5714, ""1"": 0.0811, ""2"": 0.0518, ""3"": 0.5741, ""4"": 0.5809, ""5"": 0.248, ""6"": 0.0658, ""7"": 0.5344}","[1.0, 0.0, 0.0, 0.3333, 0.0, 1.0, 0.125, 0.0, 0.0, 0.0, 0.0, 0.0, 0.25, 0.8571, 0.875, 0.125, 0.0, 0.0, 0.0, 0.0, 0.875, 1.0, 0.9444, 0.0, 0.1, 0.0, 0.2, 0.1429, 1.0, 0.2, 0.875, 0.0, 1.0, 0.0, 0.0, 0.1429, 0.8889, 0.0, 0.9, 0.0, 1.0, 0.0, 0.1667, 0.0, 0.9167, 0.0, 0.7778, 0.0, 0.75, 0.3333, 0.0, 0.0, 1.0, 0.0, 0.0, 0.0, 0.7778, 0.0, 0.0, 0.1429, 0.8571, 0.0, 0.0, 0.0, 1.0, 0.125, 0.5, 0.0, 0.625, 0.0, 0.0, 0.0, 0.75, 0.0, 0.0, 0.0, 0.0, 0.0, 0.0833, 0.0909, 0.875, 0.875, 0.8, 0.0, 0.2222, 0.5, 0.0, 0.0, 0.875, 0.8, 0.0, 0.0, 0.4, 0.9, 0.0, 0.0, 1.0, 0.9167, 0.0, 0.0, 0.8333, 0.6667, 0.0, 0.0, 0.625, 1.0, 0.0, 0.0, 0.9231, 0.8571, 0.0, 0.0, 0.875, 0.8889, 0.0, 0.0, 0.8571, 1.0, 0.0, 0.0, 0.875, 1.0, 0.0, 0.0, 1.0, 0.875, 0.0, 0.0, 0.75, 0.7, 0.2, 0.0, 1.0, 1.0, 0.0, 0.0, 1.0, 1.0, 0.0, 0.0, 1.0, 1.0, 0.0, 0.0, 1.0, 1.0, 0.1, 0.1111, 1.0, 1.0, 0.0, 0.0, 0.8889, 1.0, 0.125, 0.0, 1.0, 0.875, 0.5, 0.0, 1.0, 0.75, 0.0, 0.0, 0.9091, 1.0, 0.8333, 0.0, 0.875, 1.0, 0.1818, 0.0, 0.8889, 0.7778, 0.5714, 0.0, 0.0, 0.9, 0.0, 0.0, 0.0, 0.0, 0.0, 0.1111, 0.0, 1.0, 0.0, 0.0769, 0.0, 0.0, 0.0, 0.0, 0.0, 0.75, 0.0, 0.0, 0.1429, 0.0, 0.0, 0.0, 0.25, 0.6667, 0.0, 0.1111, 0.0, 0.1111, 0.0, 0.1111, 0.0, 1.0, 0.0, 0.0, 0.0, 0.3333, 0.2, 0.6, 0.0, 0.6667, 0.0, 0.0, 0.0, 0.7778, 0.0, 0.5, 0.0, 0.0, 0.0833, 0.0, 0.0, 0.8333, 0.0, 0.0, 0.3333, 0.1667, 0.0, 0.1111, 0.0, 1.0, 0.0, 0.0, 0.0, 0.0, 0.0, 0.1111, 0.1667, 0.9, 0.0, 0.0, 0.0, 0.0]"
champions,0.8,1,champions,0.2985,0.2985,0.2985,0.0,16,True,597,0,271,1132,0,"[0.05, 0.094, 0.1295, 0.161, 0.1915, 0.217, 0.2395, 0.2595, 0.278, 0.2895, 0.2925, 0.2945, 0.295, 0.296, 0.298, 0.2985, 0.2985, 0.2985, 0.2985, 0.2985, 0.2985, 0.2985, 0.2985, 0.2985, 0.2985, 0.2985, 0.2985, 0.2985, 0.2985, 0.2985, 0.2985, 0.2985, 0.2985, 0.2985, 0.2985, 0.2985, 0.2985, 0.2985, 0.2985, 0.2985, 0.2985, 0.2985, 0.2985, 0.2985, 0.2985, 0.2985, 0.2985, 0.2985, 0.2985, 0.2985, 0.2985, 0.2985, 0.2985, 0.2985, 0.2985, 0.2985, 0.2985, 0.2985, 0.2985, 0.2985, 0.2985, 0.2985, 0.2985, 0.2985, 0.2985, 0.2985, 0.2985, 0.2985, 0.2985, 0.2985, 0.2985, 0.2985, 0.2985, 0.2985, 0.2985, 0.2985, 0.2985, 0.2985, 0.2985, 0.2985, 0.2985, 0.2985, 0.2985, 0.2985, 0.2985, 0.2985, 0.2985, 0.2985, 0.2985, 0.2985, 0.2985, 0.2985, 0.2985, 0.2985, 0.2985, 0.2985, 0.2985, 0.2985, 0.2985, 0.2985, 0.2985]","{""0"": 0.2397, ""1"": 0.2627, ""2"": 0.39, ""3"": 0.4524, ""4"": 0.2032, ""5"": 0.1116, ""6"": 0.5543, ""7"": 0.14}","[1.0, 1.0, 0.0, 1.0, 1.0, 0.0, 0.0, 0.0909, 0.1429, 1.0, 0.0, 0.7, 0.7143, 0.0, 0.0, 0.0, 0.1429, 1.0, 0.0, 1.0, 0.9, 0.0, 0.0, 0.1429, 0.1667, 1.0, 0.0, 1.0, 1.0, 0.1429, 0.0, 0.9167, 0.0, 0.6, 0.0, 1.0, 0.875, 0.0, 0.0, 0.9, 0.0, 0.0, 0.3333, 0.875, 0.875, 0.0, 0.0, 0.9091, 0.0, 0.0909, 0.2, 0.8571, 0.625, 0.1111, 0.0, 0.5714, 0.3, 0.0, 0.0, 0.8571, 0.8333, 0.0, 0.0, 0.2, 0.1667, 0.25, 0.0, 0.75, 0.7, 0.0, 0.0, 0.0, 0.125, 0.0, 0.0, 0.0, 0.8889, 0.0, 0.1, 0.1429, 0.0, 0.0, 0.125, 0.0833, 0.125, 0.0, 0.0, 0.0, 0.0, 0.0, 1.0, 0.0, 0.0, 0.0, 0.0, 0.875, 0.0, 0.1667, 1.0, 0.0, 0.0, 0.0, 0.0, 0.875, 0.0, 0.2222, 0.8889, 0.0, 0.0, 0.0, 0.0, 1.0, 0.0, 0.0, 0.8333, 0.0, 0.125, 0.0, 0.0, 0.8889, 0.0, 0.0, 1.0, 0.125, 0.0, 0.0, 0.0, 1.0, 0.1538, 0.0, 0.7143, 0.9167, 0.0, 0.0, 0.0, 0.9091, 0.0, 0.0, 0.8571, 0.1111, 0.0, 0.0, 0.125, 0.9167, 0.2727, 0.0, 0.1818, 0.6154, 0.0, 0.0, 0.8571, 0.0, 0.0, 0.0, 0.1, 0.125, 0.0, 0.0, 0.875, 0.0, 0.125, 0.1, 0.0, 0.0, 0.2, 0.0, 0.875, 0.0, 0.0, 0.0, 0.0, 0.125, 0.0, 0.0, 0.0909, 0.8571, 0.0, 0.0, 0.0, 0.0, 0.1818, 0.0, 0.0, 0.7143, 0.0, 0.0, 0.0, 0.0, 0.4167, 0.125, 0.0, 0.9, 0.1, 0.0, 0.0, 0.0, 0.125, 0.0, 0.2, 1.0, 0.0, 0.0, 0.0, 0.0, 0.0, 0.625, 0.0, 1.0, 0.5556, 0.0, 0.1111, 0.0, 0.0, 0.9231, 0.1, 0.7778, 1.0, 0.1667, 0.6667, 0.0, 0.8571, 1.0, 0.0, 0.8571, 0.0, 0.0, 0.0, 0.0, 0.5714, 0.8, 0.0, 0.0, 0.0, 0.0, 0.125, 1.0, 0.5556, 1.0, 0.0, 0.0, 0.0, 0.0, 0.0, 0.9231, 0.8, 0.625, 0.1429, 0.0833, 0.0, 0.9167]"
champions,0.8,2,champions,0.357,0.357,0.357,-0.0,25,True,714,0,262,1024,0,"[0.05, 0.0855, 0.1215, 0.1575, 0.188, 0.2095, 0.229, 0.2435, 0.2575, 0.2675, 0.276, 0.286, 0.297, 0.3065, 0.3145, 0.3185, 0.3255, 0.3325, 0.3375, 0.3435, 0.348, 0.3525, 0.3545, 0.356, 0.357, 0.357, 0.357, 0.357, 0.357, 0.357, 0.357, 0.357, 0.357, 0.357, 0.357, 0.357, 0.357, 0.357, 0.357, 0.357, 0.357, 0.357, 0.357, 0.357, 0.357, 0.357, 0.357, 0.357, 0.357, 0.357, 0.357, 0.357, 0.357, 0.357, 0.357, 0.357, 0.357, 0.357, 0.357, 0.357, 0.357, 0.357, 0.357, 0.357, 0.357, 0.357, 0.357, 0.357, 0.357, 0.357, 0.357, 0.357, 0.357, 0.357, 0.357, 0.357, 0.357, 0.357, 0.357, 0.357, 0.357, 0.357, 0.357, 0.357, 0.357, 0.357, 0.357, 0.357, 0.357, 0.357, 0.357, 0.357, 0.357, 0.357, 0.357, 0.357, 0.357, 0.357, 0.357, 0.357, 0.357]","{""0"": 0.6958, ""1"": 0.2564, ""2"": 0.2146, ""3"": 0.6151, ""4"": 0.55, ""5"": 0.0641, ""6"": 0.1818, ""7"": 0.2058}","[1.0, 1.0, 0.0, 1.0, 0.0, 0.0, 0.2, 0.9091, 0.0, 1.0, 0.0, 0.8, 0.0, 0.3333, 0.1111, 0.9, 0.1111, 0.8889, 0.0, 0.8333, 0.0, 1.0, 0.2222, 0.875, 0.2, 1.0, 0.0, 0.875, 0.0, 1.0, 0.1429, 0.1111, 0.0833, 0.8889, 0.0, 1.0, 0.0, 0.9231, 0.0, 0.0, 0.7778, 1.0, 0.0, 0.5714, 0.0, 1.0, 0.0, 0.0, 1.0, 1.0, 0.0, 0.0, 0.0, 1.0, 0.2857, 0.0, 0.8, 1.0, 0.0, 0.0, 0.0, 0.7778, 0.0, 0.125, 0.9, 0.8182, 0.125, 0.0, 0.625, 0.75, 0.0, 0.0, 1.0, 0.7143, 0.0, 0.0909, 1.0, 0.9231, 0.0, 0.0, 1.0, 1.0, 0.5556, 0.1, 0.8571, 1.0, 0.1, 0.0, 0.0, 0.5714, 0.7778, 0.0, 0.875, 0.6667, 0.0, 0.0, 0.0, 0.0, 1.0, 0.0, 0.9167, 0.9167, 0.0, 0.0, 0.0, 0.0, 1.0, 0.0, 0.8182, 0.7778, 0.0, 0.0, 0.0, 0.125, 0.875, 0.0, 0.6667, 0.7143, 0.0, 0.0, 0.0, 0.0, 1.0, 0.0, 1.0, 0.7778, 0.0, 0.0, 0.0, 0.1111, 0.5714, 0.0, 0.6667, 0.5, 0.0, 0.0, 0.0, 0.0, 0.8571, 0.0, 0.9286, 0.0, 0.0, 0.0, 0.0, 0.125, 0.0, 0.1, 0.9, 0.1111, 0.0, 0.0, 0.0, 0.1111, 0.0, 0.1429, 0.9231, 0.0, 0.0, 0.1, 0.0, 0.8462, 0.0, 0.1429, 1.0, 0.1, 0.0, 0.0, 0.0, 0.875, 0.0, 0.5, 0.875, 0.0833, 0.2, 0.0, 0.0, 0.7143, 0.0, 0.1429, 1.0, 0.0, 0.0769, 0.0, 0.0, 0.8571, 0.1429, 0.1111, 0.9, 0.0, 0.0, 0.0, 0.0, 1.0, 0.0, 0.0, 0.9286, 0.0909, 0.1667, 0.0, 0.2857, 0.8571, 0.0, 0.0, 0.6, 0.8571, 0.0, 0.0, 0.1429, 0.8889, 0.0, 0.0, 1.0, 1.0, 0.0, 0.0, 0.0, 1.0, 0.0, 0.0, 0.8889, 1.0, 0.0, 0.1667, 0.1818, 0.8, 0.0, 0.0, 0.0, 0.0, 0.0, 0.2857, 0.0, 0.9, 0.0, 0.4444, 0.0, 0.0909, 0.0, 1.0, 0.0, 1.0, 0.0, 0.0833, 0.0, 0.1667, 0.2222, 0.8, 0.0, 1.0]"
champions,0.8,3,champions,0.4095,0.4095,0.4095,0.0,32,True,819,0,294,887,0,"[0.05, 0.0865, 0.1175, 0.1435, 0.1685, 0.198, 0.224, 0.248, 0.2715, 0.2915, 0.311, 0.33, 0.3405, 0.347, 0.3505, 0.354, 0.3585, 0.3655, 0.373, 0.379, 0.3855, 0.3905, 0.395, 0.398, 0.4, 0.403, 0.405, 0.406, 0.408, 0.4085, 0.409, 0.4095, 0.4095, 0.4095, 0.4095, 0.4095, 0.4095, 0.4095, 0.4095, 0.4095, 0.4095, 0.4095, 0.4095, 0.4095, 0.4095, 0.4095, 0.4095, 0.4095, 0.4095, 0.4095, 0.4095, 0.4095, 0.4095, 0.4095, 0.4095, 0.4095, 0.4095, 0.4095, 0.4095, 0.4095, 0.4095, 0.4095, 0.4095, 0.4095, 0.4095, 0.4095, 0.4095, 0.4095, 0.4095, 0.4095, 0.4095, 0.4095, 0.4095, 0.4095, 0.4095, 0.4095, 0.4095, 0.4095, 0.4095, 0.4095, 0.4095, 0.4095, 0.4095, 0.4095, 0.4095, 0.4095, 0.4095, 0.4095, 0.4095, 0.4095, 0.4095, 0.4095, 0.4095, 0.4095, 0.4095, 0.4095, 0.4095, 0.4095, 0.4095, 0.4095, 0.4095]","{""0"": 0.5466, ""1"": 0.6215, ""2"": 0.6, ""3"": 0.5659, ""4"": 0.1186, ""5"": 0.049, ""6"": 0.5078, ""7"": 0.2432}","[1.0, 0.0, 0.6667, 0.0, 0.8, 0.1667, 0.0, 0.0, 0.0, 0.0, 0.8, 0.0, 0.6364, 0.0, 0.0, 0.0, 0.6667, 0.0, 0.8, 0.0, 0.8182, 0.0, 0.125, 0.0, 0.3333, 0.6667, 0.8333, 0.0, 1.0, 0.0, 0.1111, 0.0, 0.0, 0.1, 1.0, 0.0, 0.1111, 0.0, 0.1, 0.25, 0.0, 0.0909, 0.7, 0.2143, 0.1818, 0.0, 0.0, 0.0, 0.0, 0.0, 0.9091, 0.25, 0.0, 0.0, 0.1429, 0.0, 0.0, 0.0, 0.8, 0.0, 0.1111, 0.0, 0.0, 0.0, 0.0, 0.0, 0.75, 0.0, 0.0, 0.0, 0.0, 0.8, 0.0, 0.125, 0.8333, 0.0, 0.0, 0.9333, 0.0, 1.0, 0.0, 0.0, 0.0, 0.1667, 0.0, 1.0, 0.0, 0.9, 0.5, 0.0, 0.0, 1.0, 0.0, 0.0, 0.1667, 1.0, 0.8333, 0.4, 0.0, 1.0, 0.2, 0.0, 0.0, 0.8889, 0.9231, 0.7143, 0.0, 1.0, 0.0, 0.0, 0.0, 0.9167, 0.8889, 1.0, 0.0, 0.8333, 0.0, 0.0, 0.0, 0.8333, 0.1429, 0.8333, 0.0833, 0.7, 0.0, 0.0, 0.0, 0.875, 0.1111, 0.8571, 0.0, 1.0, 1.0, 0.0, 0.1, 0.7143, 0.0, 0.8889, 0.0, 0.8333, 0.75, 0.0, 0.0, 1.0, 0.0, 0.7778, 0.25, 0.875, 1.0, 0.0, 0.0, 0.9091, 0.0, 0.8, 0.8333, 0.8889, 0.875, 0.0909, 0.0, 0.9091, 0.0, 1.0, 1.0, 0.7778, 0.75, 0.3, 0.0, 1.0, 0.0, 0.7, 1.0, 1.0, 1.0, 0.1667, 0.0, 0.8182, 0.0, 0.75, 0.875, 0.9, 0.8, 0.5, 0.2308, 0.7, 0.0, 0.8571, 1.0, 0.875, 1.0, 0.0, 0.0, 0.75, 0.0909, 1.0, 0.8889, 0.5, 1.0, 0.0, 0.0, 0.0, 0.7143, 0.8333, 1.0, 0.8333, 0.6667, 0.0, 0.0, 0.125, 0.9231, 1.0, 1.0, 0.9231, 0.8889, 0.0, 0.0, 0.1111, 0.8889, 0.9, 0.8571, 0.8889, 0.875, 0.0, 0.0, 0.2222, 0.0, 0.8571, 1.0, 0.8333, 0.9, 0.0, 0.1, 0.0909, 0.0, 1.0, 1.0, 0.875, 0.9, 0.0, 0.0, 0.0, 0.0, 0.8571, 0.375, 1.0, 0.8571, 0.0, 0.0, 0.0, 0.0, 0.125]"
champions,0.8,4,champions,0.472,0.472,0.472,0.0,55,True,944,0,305,751,0,"[0.05, 0.083, 0.1185, 0.1575, 0.19, 0.224, 0.252, 0.272, 0.29, 0.3065, 0.318, 0.333, 0.342, 0.35, 0.359, 0.37, 0.376, 0.3815, 0.386, 0.3895, 0.393, 0.396, 0.3995, 0.404, 0.4085, 0.4115, 0.4125, 0.415, 0.4165, 0.4175, 0.4185, 0.419, 0.42, 0.421, 0.422, 0.4235, 0.424, 0.426, 0.4275, 0.428, 0.4285, 0.429, 0.4305, 0.4325, 0.4355, 0.4395, 0.444, 0.448, 0.453, 0.4575, 0.461, 0.465, 0.468, 0.471, 0.472, 0.472, 0.472, 0.472, 0.472, 0.472, 0.472, 0.472, 0.472, 0.472, 0.472, 0.472, 0.472, 0.472, 0.472, 0.472, 0.472, 0.472, 0.472, 0.472, 0.472, 0.472, 0.472, 0.472, 0.472, 0.472, 0.472, 0.472, 0.472, 0.472, 0.472, 0.472, 0.472, 0.472, 0.472, 0.472, 0.472, 0.472, 0.472, 0.472, 0.472, 0.472, 0.472, 0.472, 0.472, 0.472, 0.472]","{""0"": 0.3092, ""1"": 0.7857, ""2"": 0.4646, ""3"": 0.3597, ""4"": 0.584, ""5"": 0.2863, ""6"": 0.5932, ""7"": 0.4132}","[1.0, 0.8333, 0.9091, 0.8333, 0.8889, 1.0, 0.1, 0.6667, 1.0, 1.0, 0.7, 0.7143, 1.0, 0.8333, 0.1818, 0.8462, 1.0, 0.8889, 0.875, 1.0, 0.7, 0.8889, 0.1111, 0.8889, 1.0, 0.8333, 1.0, 0.7, 0.75, 0.7143, 0.0, 0.0, 0.75, 0.7273, 0.875, 0.4, 0.8889, 0.9, 1.0, 0.0, 0.7143, 0.875, 0.8333, 0.2857, 0.8889, 0.8, 1.0, 0.0, 0.6667, 0.875, 0.7, 0.0, 0.7778, 1.0, 1.0, 0.0, 0.7778, 1.0, 0.8333, 0.0, 0.9167, 0.8333, 0.875, 0.0, 1.0, 0.1667, 0.7778, 0.0, 0.9, 1.0, 0.0, 0.0, 0.8571, 0.0, 0.8, 0.0, 0.8, 0.6667, 0.1, 0.125, 0.6, 0.0, 1.0, 0.0, 0.4, 0.5, 0.0, 0.0, 0.2222, 0.0, 1.0, 0.0, 0.0, 0.8889, 0.0, 0.0, 0.0, 0.0909, 0.9091, 0.0, 0.0, 0.7778, 0.0, 0.0, 0.0, 0.125, 0.8, 0.0909, 0.4, 1.0, 0.6, 0.7143, 0.0, 0.0, 0.8571, 0.0, 0.3333, 0.3333, 0.7, 0.8, 0.0, 0.0, 0.8, 0.0, 0.0, 0.0, 0.7857, 0.8, 0.1111, 0.0, 1.0, 0.0, 0.0, 0.5, 0.7857, 0.9091, 0.1429, 0.0, 0.875, 0.1667, 0.0, 0.0, 0.8, 0.8889, 0.0, 0.0, 1.0, 0.0, 0.1429, 0.0, 0.1538, 1.0, 0.0, 0.0, 1.0, 0.9231, 0.0, 0.0, 0.0, 0.875, 0.0, 0.2857, 1.0, 0.625, 0.0, 0.0, 0.1111, 0.8, 0.0, 0.0, 1.0, 0.7273, 0.0, 0.0, 0.0, 0.8, 0.0, 0.0, 1.0, 0.875, 0.1429, 0.0, 0.0, 1.0, 0.5714, 0.1429, 0.2857, 0.75, 0.0, 0.0, 0.0, 0.9, 1.0, 0.5, 0.0, 0.6, 0.0, 0.0, 0.0, 1.0, 0.8889, 0.125, 0.0, 0.8571, 0.1111, 0.8, 0.0, 0.8, 0.5, 0.0, 0.3333, 0.7143, 0.0, 1.0, 0.0, 0.8889, 0.5714, 0.125, 0.5714, 1.0, 0.0, 0.5714, 0.0, 0.5455, 0.1, 0.0, 1.0, 1.0, 0.0, 0.8333, 0.0, 0.7143, 0.0, 0.0, 0.7778, 0.8333, 0.0, 0.9091, 0.0, 0.625, 0.0, 0.0, 0.8889, 0.8889, 0.2857, 0.75, 0.0, 1.0, 0.0, 0.625]"
champions,0.8,5,champions,0.329,0.329,0.329,-0.0,22,True,658,0,283,1059,0,"[0.05, 0.097, 0.1425, 0.175, 0.2015, 0.2195, 0.2345, 0.249, 0.258, 0.2645, 0.2715, 0.278, 0.287, 0.2975, 0.311, 0.316, 0.3205, 0.3255, 0.327, 0.328, 0.3285, 0.329, 0.329, 0.329, 0.329, 0.329, 0.329, 0.329, 0.329, 0.329, 0.329, 0.329, 0.329, 0.329, 0.329, 0.329, 0.329, 0.329, 0.329, 0.329, 0.329, 0.329, 0.329, 0.329, 0.329, 0.329, 0.329, 0.329, 0.329, 0.329, 0.329, 0.329, 0.329, 0.329, 0.329, 0.329, 0.329, 0.329, 0.329, 0.329, 0.329, 0.329, 0.329, 0.329, 0.329, 0.329, 0.329, 0.329, 0.329, 0.329, 0.329, 0.329, 0.329, 0.329, 0.329, 0.329, 0.329, 0.329, 0.329, 0.329, 0.329, 0.329, 0.329, 0.329, 0.329, 0.329, 0.329, 0.329, 0.329, 0.329, 0.329, 0.329, 0.329, 0.329, 0.329, 0.329, 0.329, 0.329, 0.329, 0.329, 0.329]","{""0"": 0.313, ""1"": 0.213, ""2"": 0.1496, ""3"": 0.359, ""4"": 0.5813, ""5"": 0.2619, ""6"": 0.2955, ""7"": 0.4353}","[1.0, 0.8462, 0.875, 0.1429, 0.5714, 1.0, 0.0, 0.8182, 0.8, 1.0, 0.8889, 0.2, 0.0, 0.8333, 0.0769, 1.0, 0.8182, 1.0, 0.8333, 0.0, 0.0, 0.875, 0.0, 0.125, 1.0, 0.9, 0.8571, 0.0, 0.0, 0.9167, 0.0, 0.0, 0.8182, 0.625, 1.0, 0.0, 0.0, 0.9333, 0.2, 0.0, 1.0, 0.8, 0.3333, 0.0, 0.0833, 0.75, 0.9, 0.0, 0.8, 0.2, 0.0, 0.0, 0.8571, 0.75, 0.8571, 0.0, 0.1667, 0.0, 0.0, 0.0, 0.8462, 0.875, 0.5714, 0.1667, 0.0, 0.0, 0.0, 0.0, 0.7692, 0.8889, 0.9231, 0.0, 0.0, 0.0, 0.0, 0.1667, 1.0, 0.75, 0.8, 0.5, 0.0, 0.0, 0.3333, 0.0, 0.8571, 0.75, 0.8667, 0.7273, 0.1429, 0.0, 0.0, 0.0, 0.1429, 1.0, 1.0, 0.125, 0.2, 0.0, 0.0, 0.0, 0.1, 1.0, 0.0, 0.0, 0.7778, 0.0, 0.0, 0.0, 0.1111, 0.75, 0.0, 0.1667, 0.9091, 0.0, 0.0, 0.5, 0.0, 0.1111, 0.0, 0.1429, 0.75, 0.0, 0.0, 0.9, 0.0, 0.0, 0.0, 0.3333, 0.875, 0.1111, 0.0, 1.0, 0.0, 0.0, 0.0, 0.1429, 0.7778, 0.0, 0.0, 0.0, 0.0, 0.0, 0.0, 0.6667, 0.9, 0.0, 0.1667, 0.3, 0.0, 0.0, 0.0833, 0.0, 0.1, 0.0, 0.1429, 0.0, 0.0, 0.0, 0.0, 0.0, 0.0, 0.0, 0.0, 0.1667, 0.0909, 0.1429, 0.0, 0.125, 0.0, 0.0, 0.0, 0.0, 0.2143, 0.0, 0.1, 0.0, 0.0, 0.0, 0.0, 0.0, 0.0, 0.0, 0.0, 0.1429, 0.0, 0.0, 0.0, 0.1667, 0.0, 0.0, 0.125, 0.0, 0.0, 0.0, 0.0, 0.3333, 0.3333, 0.2857, 0.0, 0.2857, 0.0, 0.0, 0.1111, 0.25, 0.1111, 0.1667, 0.0, 0.2222, 0.0, 0.0, 0.0, 0.0, 1.0, 0.8571, 0.0, 0.0, 0.125, 0.0, 0.1667, 0.1667, 0.8571, 0.8, 0.125, 0.0909, 0.0909, 0.2857, 0.0, 0.0, 0.9, 0.8333, 0.0, 0.8571, 0.1111, 1.0, 0.2222, 0.0, 0.8182, 1.0, 0.0, 0.9231, 0.6, 1.0, 0.2222, 0.1429, 0.8, 1.0, 0.0, 0.8, 0.7273, 0.9091]"
champions,0.8,6,champions,0.3595,0.3595,0.3595,-0.0,32,True,719,0,298,983,0,"[0.05, 0.0905, 0.1235, 0.152, 0.178, 0.1965, 0.214, 0.23, 0.243, 0.253, 0.262, 0.268, 0.2715, 0.2765, 0.284, 0.2925, 0.3, 0.31, 0.316, 0.319, 0.321, 0.323, 0.328, 0.336, 0.341, 0.344, 0.3475, 0.3535, 0.356, 0.358, 0.359, 0.3595, 0.3595, 0.3595, 0.3595, 0.3595, 0.3595, 0.3595, 0.3595, 0.3595, 0.3595, 0.3595, 0.3595, 0.3595, 0.3595, 0.3595, 0.3595, 0.3595, 0.3595, 0.3595, 0.3595, 0.3595, 0.3595, 0.3595, 0.3595, 0.3595, 0.3595, 0.3595, 0.3595, 0.3595, 0.3595, 0.3595, 0.3595, 0.3595, 0.3595, 0.3595, 0.3595, 0.3595, 0.3595, 0.3595, 0.3595, 0.3595, 0.3595, 0.3595, 0.3595, 0.3595, 0.3595, 0.3595, 0.3595, 0.3595, 0.3595, 0.3595, 0.3595, 0.3595, 0.3595, 0.3595, 0.3595, 0.3595, 0.3595, 0.3595, 0.3595, 0.3595, 0.3595, 0.3595, 0.3595, 0.3595, 0.3595, 0.3595, 0.3595, 0.3595, 0.3595]","{""0"": 0.1633, ""1"": 0.4771, ""2"": 0.2438, ""3"": 0.2903, ""4"": 0.3819, ""5"": 0.1714, ""6"": 0.5148, ""7"": 0.6154}","[1.0, 0.0, 0.1, 0.8571, 0.875, 0.7778, 0.0, 0.875, 0.75, 0.0, 0.0, 0.9, 0.875, 0.5, 0.0, 1.0, 0.6, 0.0, 0.0, 0.125, 0.2222, 0.0, 0.0, 0.0, 0.8571, 0.0, 0.0769, 0.0, 0.0, 0.3333, 0.0, 0.0909, 0.8571, 0.0, 0.0, 0.1111, 0.0, 0.0, 0.0, 0.0, 0.8571, 0.0, 0.2, 0.0, 0.0, 0.0, 0.0, 0.0, 0.8, 0.0, 0.5, 0.0, 0.1111, 0.0, 0.0, 0.0, 1.0, 0.0, 0.9167, 0.0, 0.0769, 0.1111, 0.0, 0.0, 0.9, 0.0, 1.0, 0.0, 0.0, 0.3333, 0.0, 0.0, 0.9091, 0.0, 0.8182, 0.75, 0.0, 0.0, 1.0, 0.0, 1.0, 0.1, 0.875, 0.9167, 0.0, 0.1429, 1.0, 0.0, 0.7143, 0.0, 1.0, 1.0, 0.0, 0.2857, 0.7857, 0.125, 0.0, 0.0833, 0.8571, 0.875, 0.1429, 0.0, 1.0, 0.0, 0.2857, 0.5714, 0.75, 0.0, 0.0, 0.0, 1.0, 0.1818, 0.0, 0.8462, 1.0, 0.1, 0.1667, 0.1111, 0.0, 0.7692, 0.0, 0.7143, 0.8889, 0.1667, 0.0, 0.0, 0.1818, 1.0, 0.125, 0.0, 1.0, 0.0, 0.0, 0.0, 0.1, 0.7778, 0.1429, 0.0, 1.0, 0.1429, 0.0, 0.125, 0.0, 0.8571, 0.0909, 0.0, 0.8333, 0.0, 0.1111, 0.0, 0.0, 1.0, 0.1, 0.0, 1.0, 0.0833, 0.0, 0.1429, 0.1, 0.6, 0.0, 0.25, 1.0, 0.0, 0.1429, 0.0, 0.0, 0.6667, 0.8667, 0.0, 0.5714, 0.0, 0.1111, 0.1818, 0.0, 1.0, 0.8, 0.0, 0.125, 0.0, 0.0, 0.5, 0.0, 1.0, 0.8571, 0.0, 0.0, 0.0, 0.0, 0.8333, 0.0, 0.7, 0.6, 0.0, 0.1, 0.0, 0.0, 0.8462, 0.0833, 0.2857, 0.9231, 0.2857, 0.1111, 0.0, 0.8333, 1.0, 0.0, 0.6, 1.0, 0.0, 0.2, 0.0, 0.9333, 1.0, 0.3333, 1.0, 0.625, 0.0, 0.0, 0.0, 0.9231, 0.7273, 0.0909, 1.0, 0.8889, 0.6667, 0.0, 0.0, 1.0, 0.9167, 0.0, 0.8571, 1.0, 0.8, 0.0, 0.0, 1.0, 0.875, 0.0, 0.7, 1.0, 0.0, 0.1429, 0.0, 0.8571, 1.0, 0.0, 0.8889, 1.0, 0.1667]"
champions,0.8,7,champions,0.335,0.335,0.335,0.0,23,True,670,0,290,1040,0,"[0.05, 0.0905, 0.125, 0.153, 0.1735, 0.1915, 0.2115, 0.228, 0.2435, 0.26, 0.2745, 0.287, 0.297, 0.307, 0.3135, 0.32, 0.325, 0.329, 0.33, 0.3315, 0.3325, 0.334, 0.335, 0.335, 0.335, 0.335, 0.335, 0.335, 0.335, 0.335, 0.335, 0.335, 0.335, 0.335, 0.335, 0.335, 0.335, 0.335, 0.335, 0.335, 0.335, 0.335, 0.335, 0.335, 0.335, 0.335, 0.335, 0.335, 0.335, 0.335, 0.335, 0.335, 0.335, 0.335, 0.335, 0.335, 0.335, 0.335, 0.335, 0.335, 0.335, 0.335, 0.335, 0.335, 0.335, 0.335, 0.335, 0.335, 0.335, 0.335, 0.335, 0.335, 0.335, 0.335, 0.335, 0.335, 0.335, 0.335, 0.335, 0.335, 0.335, 0.335, 0.335, 0.335, 0.335, 0.335, 0.335, 0.335, 0.335, 0.335, 0.335, 0.335, 0.335, 0.335, 0.335, 0.335, 0.335, 0.335, 0.335, 0.335, 0.335]","{""0"": 0.2, ""1"": 0.2222, ""2"": 0.0691, ""3"": 0.2096, ""4"": 0.69, ""5"": 0.2925, ""6"": 0.4781, ""7"": 0.5132}","[0.8889, 0.0, 0.1429, 0.0, 0.0, 0.6, 0.0, 0.625, 0.1429, 0.0, 0.3636, 0.0909, 0.0, 0.8333, 0.0, 0.875, 0.0, 0.0, 1.0, 0.0, 0.0, 0.8, 0.0, 0.6, 0.1429, 0.0, 1.0, 0.0, 0.0, 1.0, 0.7778, 0.0, 0.0, 0.0, 1.0, 0.0, 0.0, 0.75, 1.0, 0.0, 0.0, 0.1429, 0.0, 0.1667, 0.0, 0.9, 1.0, 0.0, 0.0, 0.0, 0.1667, 0.0, 0.0, 0.75, 0.8, 0.0, 0.1667, 0.1111, 0.0909, 0.0, 0.1111, 0.0, 0.8182, 0.3333, 0.8571, 0.0, 0.0, 0.0, 0.0, 0.5, 0.6667, 1.0, 1.0, 0.0, 0.0, 0.0, 0.0, 0.0, 0.8333, 1.0, 0.7143, 0.0909, 0.0, 0.0, 0.0, 0.0, 0.9, 0.1667, 1.0, 0.0, 0.0, 0.0, 0.0, 0.0, 0.875, 0.0, 0.8571, 0.0, 0.1111, 0.0, 0.0, 0.0, 0.6667, 0.0, 1.0, 0.1, 0.5, 0.0909, 0.0, 0.0, 0.0, 0.0, 0.8182, 0.0, 0.5714, 0.2, 0.0, 0.5, 0.0, 0.0, 0.7143, 0.1429, 0.0, 0.0, 0.0, 0.8571, 0.0, 0.0, 0.7273, 0.1111, 0.1429, 0.1111, 0.125, 1.0, 0.0, 0.0, 1.0, 0.0, 0.0, 0.1429, 0.0, 1.0, 0.0, 0.0, 1.0, 0.0, 0.1, 0.0, 0.0, 0.9, 0.25, 0.3, 1.0, 0.3333, 0.125, 0.1, 0.0, 0.7143, 0.0, 0.0, 1.0, 0.8333, 0.0, 0.0, 0.1429, 1.0, 0.0, 0.0, 0.8462, 1.0, 0.0, 0.0, 0.0, 0.875, 0.0, 0.0909, 1.0, 1.0, 0.2222, 0.0, 0.5, 1.0, 0.0, 0.9091, 1.0, 0.7778, 0.3333, 0.0, 1.0, 0.8, 0.0833, 1.0, 0.25, 1.0, 0.0, 0.0, 0.7778, 0.8333, 0.0, 0.8571, 0.0, 0.2, 0.0, 0.0, 0.9167, 0.9, 0.0, 1.0, 0.0, 0.0, 0.3333, 0.0, 1.0, 0.8889, 0.0, 0.5556, 0.0, 0.25, 0.375, 0.125, 0.5455, 1.0, 0.0909, 1.0, 0.0, 0.0, 0.1667, 0.1818, 1.0, 1.0, 0.0, 0.9333, 0.0, 0.0, 0.125, 0.2, 0.0, 1.0, 0.0, 0.875, 0.0, 0.0, 0.0, 0.5714, 0.0, 0.7143, 0.0, 1.0, 0.0, 0.0]"
champions,0.8,8,champions,0.4045,0.4045,0.4045,0.0,32,True,809,0,314,877,0,"[0.05, 0.0915, 0.127, 0.159, 0.188, 0.215, 0.242, 0.267, 0.29, 0.3135, 0.326, 0.3405, 0.354, 0.362, 0.3675, 0.3725, 0.3785, 0.3835, 0.387, 0.3885, 0.389, 0.3905, 0.3925, 0.394, 0.3945, 0.395, 0.3955, 0.396, 0.3975, 0.4005, 0.4035, 0.4045, 0.4045, 0.4045, 0.4045, 0.4045, 0.4045, 0.4045, 0.4045, 0.4045, 0.4045, 0.4045, 0.4045, 0.4045, 0.4045, 0.4045, 0.4045, 0.4045, 0.4045, 0.4045, 0.4045, 0.4045, 0.4045, 0.4045, 0.4045, 0.4045, 0.4045, 0.4045, 0.4045, 0.4045, 0.4045, 0.4045, 0.4045, 0.4045, 0.4045, 0.4045, 0.4045, 0.4045, 0.4045, 0.4045, 0.4045, 0.4045, 0.4045, 0.4045, 0.4045, 0.4045, 0.4045, 0.4045, 0.4045, 0.4045, 0.4045, 0.4045, 0.4045, 0.4045, 0.4045, 0.4045, 0.4045, 0.4045, 0.4045, 0.4045, 0.4045, 0.4045, 0.4045, 0.4045, 0.4045, 0.4045, 0.4045, 0.4045, 0.4045, 0.4045, 0.4045]","{""0"": 0.2176, ""1"": 0.3574, ""2"": 0.3745, ""3"": 0.4774, ""4"": 0.239, ""5"": 0.4613, ""6"": 0.2603, ""7"": 0.8413}","[1.0, 1.0, 0.7143, 0.0, 0.8333, 0.0, 0.2857, 0.8, 0.7, 0.8182, 0.8571, 0.0, 0.0, 0.0, 0.0, 1.0, 0.8889, 1.0, 0.1429, 0.0, 0.0, 0.1667, 0.1, 0.6, 1.0, 0.0, 0.0, 0.1111, 0.0, 0.1667, 0.0, 0.3333, 0.875, 0.0, 0.0, 0.1, 0.0, 0.125, 0.375, 0.0, 1.0, 0.0, 0.0, 0.1, 0.0, 0.3333, 0.8182, 0.0, 0.8, 0.0, 0.0, 0.8, 0.1429, 0.9333, 0.75, 0.0, 1.0, 0.0, 0.0, 1.0, 0.1667, 0.8182, 0.625, 0.0, 0.9167, 0.0, 0.0, 1.0, 0.6667, 1.0, 0.1111, 0.125, 1.0, 0.125, 0.0, 0.8889, 0.8889, 0.8333, 0.0, 0.0, 1.0, 0.125, 0.0, 0.9091, 1.0, 0.9091, 0.1, 0.0, 0.8, 0.0, 0.0, 0.1667, 1.0, 0.0, 0.0, 0.0, 0.8333, 0.0, 0.1, 0.0, 0.9231, 0.0, 1.0, 0.0909, 0.875, 0.0, 0.0, 0.0, 0.5, 0.25, 1.0, 0.2857, 1.0, 0.0909, 0.0, 0.0, 0.0, 0.0, 0.9091, 0.2857, 0.8, 0.0, 0.0, 0.0, 0.125, 0.0, 0.8, 0.0, 0.625, 0.0, 0.0, 0.0, 0.0, 0.0, 1.0, 0.0, 0.875, 0.0, 0.0, 0.0, 0.75, 0.0, 0.8, 0.0, 0.7778, 0.0, 0.1, 0.0, 0.0, 0.0, 0.3333, 0.0, 0.75, 0.0, 0.0, 0.0, 0.0, 0.0, 0.0, 0.0, 0.875, 0.0, 0.25, 0.1667, 0.25, 0.1, 0.0, 0.0, 0.7143, 0.0, 0.0, 0.2, 0.8, 0.125, 0.2, 0.0, 0.7778, 0.1, 1.0, 0.25, 0.9167, 0.0, 0.875, 0.0, 0.8889, 0.0, 0.875, 0.8571, 0.75, 0.3333, 0.8462, 0.1818, 0.8571, 0.0, 1.0, 1.0, 1.0, 0.3, 0.9, 0.0, 0.6667, 0.0, 0.9286, 1.0, 0.0, 0.0, 0.7778, 0.0, 0.9286, 0.0, 1.0, 0.625, 0.0, 0.0, 0.9, 0.75, 0.5, 0.4286, 0.8, 1.0, 0.0, 0.0, 0.0, 1.0, 0.8182, 0.0, 1.0, 0.0, 0.8571, 0.0, 0.0, 0.75, 0.8, 0.0, 0.8333, 0.0, 0.9333, 0.0, 0.0, 0.8, 0.8571, 1.0, 1.0, 0.0, 0.8333, 0.0, 0.1429, 1.0, 0.8, 0.9167]"
champions,0.8,9,champions,0.3905,0.3905,0.3905,0.0,21,True,781,0,259,960,0,"[0.05, 0.0925, 0.1345, 0.1715, 0.2055, 0.235, 0.2525, 0.271, 0.289, 0.305, 0.323, 0.334, 0.342, 0.3545, 0.366, 0.3765, 0.383, 0.3875, 0.389, 0.3895, 0.3905, 0.3905, 0.3905, 0.3905, 0.3905, 0.3905, 0.3905, 0.3905, 0.3905, 0.3905, 0.3905, 0.3905, 0.3905, 0.3905, 0.3905, 0.3905, 0.3905, 0.3905, 0.3905, 0.3905, 0.3905, 0.3905, 0.3905, 0.3905, 0.3905, 0.3905, 0.3905, 0.3905, 0.3905, 0.3905, 0.3905, 0.3905, 0.3905, 0.3905, 0.3905, 0.3905, 0.3905, 0.3905, 0.3905, 0.3905, 0.3905, 0.3905, 0.3905, 0.3905, 0.3905, 0.3905, 0.3905, 0.3905, 0.3905, 0.3905, 0.3905, 0.3905, 0.3905, 0.3905, 0.3905, 0.3905, 0.3905, 0.3905, 0.3905, 0.3905, 0.3905, 0.3905, 0.3905, 0.3905, 0.3905, 0.3905, 0.3905, 0.3905, 0.3905, 0.3905, 0.3905, 0.3905, 0.3905, 0.3905, 0.3905, 0.3905, 0.3905, 0.3905, 0.3905, 0.3905, 0.3905]","{""0"": 0.4745, ""1"": 0.3745, ""2"": 0.7316, ""3"": 0.1566, ""4"": 0.5269, ""5"": 0.2236, ""6"": 0.0413, ""7"": 0.4943}","[1.0, 0.0, 0.0, 0.8571, 0.0, 0.0, 0.0, 0.0, 0.0, 0.1111, 0.0, 1.0, 0.0, 0.0, 0.0, 0.1429, 0.0, 0.0, 0.3333, 0.75, 0.0, 0.25, 0.0, 0.8571, 0.0, 0.5, 1.0, 1.0, 0.0, 0.75, 0.25, 0.0, 0.0, 0.75, 1.0, 0.875, 0.3077, 1.0, 0.6667, 0.0, 0.1, 1.0, 0.8889, 1.0, 0.0, 0.9091, 0.9091, 0.0, 0.0, 1.0, 1.0, 0.8333, 0.125, 1.0, 1.0, 0.0, 0.0, 0.875, 1.0, 0.8889, 0.625, 1.0, 1.0, 0.0, 0.1, 0.2, 0.9, 1.0, 0.9286, 0.4286, 1.0, 0.0, 0.8889, 0.0, 0.3333, 1.0, 0.7778, 0.0, 0.7, 0.0, 0.6667, 0.0, 0.0, 0.8889, 0.0, 0.75, 0.1429, 0.0, 0.9231, 0.875, 0.0, 0.7778, 0.0, 0.8571, 0.0, 0.0, 1.0, 0.875, 0.0, 0.1111, 0.0, 1.0, 0.0, 0.0, 1.0, 1.0, 0.0, 0.1429, 0.0, 0.875, 0.0, 0.0, 0.7778, 1.0, 0.25, 0.0909, 0.125, 1.0, 0.0, 0.0, 0.5, 0.0, 1.0, 1.0, 0.0, 1.0, 0.0, 0.0, 1.0, 0.0, 0.7143, 1.0, 0.0, 0.9, 0.0, 0.0, 1.0, 0.0, 0.8, 0.9091, 0.0, 0.875, 0.0, 0.0, 0.8333, 0.0, 0.9167, 1.0, 0.0, 0.8333, 0.0, 0.0, 0.8333, 0.1111, 0.1, 0.2, 0.5, 0.9091, 0.0, 0.0, 0.8333, 0.8, 0.0, 0.0, 0.1429, 1.0, 0.1, 0.1, 1.0, 0.8, 0.0, 0.0, 0.125, 0.0769, 0.2, 0.0, 0.8571, 0.9231, 0.2, 0.0, 0.1, 0.0, 0.125, 0.0, 0.9091, 0.875, 0.0, 1.0, 0.0, 0.0, 0.0, 0.0, 0.5714, 0.875, 0.0, 1.0, 0.0, 0.0, 0.0, 0.0, 0.0, 0.875, 0.0, 0.9167, 0.0, 0.0, 0.0, 0.0, 0.0, 0.6667, 0.0, 0.5556, 0.0, 0.0, 0.0, 0.0, 0.0, 0.8, 0.0, 0.8889, 0.1429, 0.0, 0.0, 0.0, 0.0, 0.1429, 0.0, 1.0, 0.0, 0.0, 0.2, 0.0, 0.125, 0.0, 0.0, 1.0, 0.0, 0.0, 0.0, 0.0, 0.0, 0.0, 0.0, 0.6, 0.0, 0.0, 0.0, 0.0, 0.0, 0.0]"
champions,0.8,10,champions,0.3745,0.3745,0.3745,0.0,18,True,749,0,259,992,0,"[0.05, 0.0885, 0.13, 0.181, 0.218, 0.249, 0.274, 0.294, 0.313, 0.326, 0.335, 0.343, 0.351, 0.3585, 0.364, 0.368, 0.3735, 0.3745, 0.3745, 0.3745, 0.3745, 0.3745, 0.3745, 0.3745, 0.3745, 0.3745, 0.3745, 0.3745, 0.3745, 0.3745, 0.3745, 0.3745, 0.3745, 0.3745, 0.3745, 0.3745, 0.3745, 0.3745, 0.3745, 0.3745, 0.3745, 0.3745, 0.3745, 0.3745, 0.3745, 0.3745, 0.3745, 0.3745, 0.3745, 0.3745, 0.3745, 0.3745, 0.3745, 0.3745, 0.3745, 0.3745, 0.3745, 0.3745, 0.3745, 0.3745, 0.3745, 0.3745, 0.3745, 0.3745, 0.3745, 0.3745, 0.3745, 0.3745, 0.3745, 0.3745, 0.3745, 0.3745, 0.3745, 0.3745, 0.3745, 0.3745, 0.3745, 0.3745, 0.3745, 0.3745, 0.3745, 0.3745, 0.3745, 0.3745, 0.3745, 0.3745, 0.3745, 0.3745, 0.3745, 0.3745, 0.3745, 0.3745, 0.3745, 0.3745, 0.3745, 0.3745, 0.3745, 0.3745, 0.3745, 0.3745, 0.3745]","{""0"": 0.0607, ""1"": 0.417, ""2"": 0.4741, ""3"": 0.3227, ""4"": 0.4981, ""5"": 0.5506, ""6"": 0.3444, ""7"": 0.3228}","[0.8889, 0.1111, 0.8462, 0.8, 1.0, 0.75, 0.9091, 0.0, 0.0, 0.1, 0.0, 0.75, 0.8889, 0.7143, 0.8333, 0.0, 0.0, 0.2222, 0.0, 0.875, 1.0, 0.375, 0.8, 0.1429, 0.0, 0.0, 0.0, 1.0, 0.8571, 0.625, 1.0, 0.0, 0.0, 0.0, 0.0, 0.125, 0.8333, 0.8571, 1.0, 0.0, 0.0, 0.0, 0.0, 0.0, 1.0, 0.7143, 1.0, 0.0, 0.0, 0.0, 0.0, 0.0, 1.0, 0.9091, 1.0, 0.0, 0.0, 0.0, 0.0, 0.0, 0.0, 0.8182, 1.0, 1.0, 0.0, 0.0, 0.0, 0.0, 0.0, 1.0, 0.7778, 1.0, 0.0, 0.0, 0.0, 0.0, 0.0, 1.0, 1.0, 1.0, 0.1111, 0.0, 0.0, 0.1429, 0.0, 0.1111, 1.0, 0.9, 1.0, 0.0, 0.0, 1.0, 0.0, 0.0, 1.0, 0.0, 0.8571, 0.0, 0.0, 0.8, 0.1667, 0.0, 0.9231, 0.0, 1.0, 0.0909, 0.0, 0.75, 0.0, 0.0, 1.0, 0.0, 0.9, 0.0, 0.1667, 1.0, 0.0, 0.0, 0.0, 0.0, 1.0, 0.0, 0.0, 0.8889, 0.0, 0.0, 0.0, 0.0, 0.8, 0.1429, 0.0, 0.8571, 0.1429, 0.0, 0.0, 0.1667, 1.0, 0.125, 0.0909, 1.0, 0.0, 0.0, 0.0, 0.3333, 0.8182, 0.0, 0.6667, 0.875, 0.2727, 0.0, 0.0, 0.0, 0.8333, 0.0, 0.8571, 1.0, 0.0, 0.0, 0.1111, 0.0, 1.0, 0.1667, 1.0, 0.9, 0.0, 0.0, 0.0, 0.0, 0.0, 0.0, 0.9091, 0.8889, 0.1667, 0.0, 0.0, 0.0, 0.0, 0.0, 0.8571, 0.0, 0.0, 0.1667, 0.0, 0.5, 0.0, 0.0, 1.0, 0.0, 0.0, 0.25, 0.0, 1.0, 0.0, 0.0, 0.8462, 0.0, 0.2, 0.75, 0.1111, 0.8, 0.0, 0.0, 1.0, 0.0, 0.1667, 0.7778, 0.0, 0.8571, 0.0, 0.0, 0.6, 0.0, 0.4286, 1.0, 0.1111, 0.6667, 0.0, 0.0, 0.6667, 0.0, 0.1111, 1.0, 0.25, 0.75, 0.2, 0.0, 0.8333, 0.3333, 0.0, 1.0, 0.8571, 0.625, 0.1667, 0.1667, 0.7778, 0.0, 0.6667, 0.8, 0.875, 0.125, 0.125, 0.1667, 1.0, 0.1429, 1.0, 0.8571, 1.0, 0.0, 0.2727, 0.5714]"
champions,0.8,11,champions,0.393,0.393,0.393,0.0,26,True,786,0,279,935,0,"[0.05, 0.0935, 0.1365, 0.175, 0.202, 0.2315, 0.2555, 0.2725, 0.2865, 0.299, 0.3095, 0.3195, 0.3285, 0.3385, 0.35, 0.359, 0.369, 0.3745, 0.378, 0.382, 0.3855, 0.389, 0.3905, 0.392, 0.3925, 0.393, 0.393, 0.393, 0.393, 0.393, 0.393, 0.393, 0.393, 0.393, 0.393, 0.393, 0.393, 0.393, 0.393, 0.393, 0.393, 0.393, 0.393, 0.393, 0.393, 0.393, 0.393, 0.393, 0.393, 0.393, 0.393, 0.393, 0.393, 0.393, 0.393, 0.393, 0.393, 0.393, 0.393, 0.393, 0.393, 0.393, 0.393, 0.393, 0.393, 0.393, 0.393, 0.393, 0.393, 0.393, 0.393, 0.393, 0.393, 0.393, 0.393, 0.393, 0.393, 0.393, 0.393, 0.393, 0.393, 0.393, 0.393, 0.393, 0.393, 0.393, 0.393, 0.393, 0.393, 0.393, 0.393, 0.393, 0.393, 0.393, 0.393, 0.393, 0.393, 0.393, 0.393, 0.393, 0.393]","{""0"": 0.4262, ""1"": 0.4636, ""2"": 0.157, ""3"": 0.8835, ""4"": 0.5, ""5"": 0.377, ""6"": 0.0932, ""7"": 0.184}","[1.0, 0.1429, 0.8571, 0.0, 0.9167, 0.6, 1.0, 0.7778, 0.0, 0.2857, 0.8333, 0.0, 1.0, 0.2222, 1.0, 0.3333, 0.1111, 0.0, 0.9091, 0.1667, 0.8889, 0.0, 1.0, 0.0, 0.0, 0.0, 0.6667, 0.0, 1.0, 0.0, 0.9091, 0.1429, 0.0, 0.0, 0.125, 0.0, 0.75, 0.0, 1.0, 0.0, 0.0, 0.0, 0.0, 0.0, 0.9333, 0.0, 1.0, 0.0, 0.0, 0.0, 0.0, 0.125, 0.8889, 0.2, 0.875, 0.1667, 0.0, 0.0, 0.1429, 0.0, 0.9167, 0.8889, 0.6667, 0.0, 0.0, 0.0, 0.0, 0.0769, 0.75, 0.8, 0.0, 0.1667, 0.0, 0.0, 0.1538, 0.0, 1.0, 0.6667, 0.0, 0.1111, 0.3333, 0.0, 0.0, 0.0, 0.8571, 0.1667, 0.1429, 0.0, 0.3333, 0.1, 0.0, 0.0, 0.7778, 0.1429, 0.125, 0.0, 0.4, 0.0, 0.0, 0.0, 1.0, 0.1429, 0.0, 0.0, 0.3333, 0.2, 0.0, 0.0, 1.0, 0.0, 0.0, 0.0, 0.0, 0.0, 0.0, 0.0, 0.8333, 0.0, 0.0, 0.0909, 0.0, 0.6667, 0.3, 0.1111, 0.9, 0.0, 0.0, 0.125, 0.1667, 0.8, 0.1667, 0.1818, 0.75, 0.0, 0.25, 0.0, 0.0, 0.9231, 0.0, 0.0, 1.0, 1.0, 0.0, 0.0833, 0.0, 0.8571, 0.6667, 0.0, 0.8889, 0.7778, 0.0, 0.0, 0.0, 0.6667, 0.6, 0.5, 0.8, 0.6667, 0.1, 0.0, 0.2, 0.8571, 0.9, 0.9, 0.8571, 1.0, 0.0, 0.2, 0.1429, 0.8333, 1.0, 0.7273, 1.0, 0.8, 0.0, 0.0, 0.0, 1.0, 0.7778, 1.0, 0.8571, 0.8182, 0.0, 0.0, 0.0, 0.7778, 0.7273, 0.0, 1.0, 0.7273, 0.3333, 0.2, 0.0, 1.0, 1.0, 0.0, 0.5714, 1.0, 0.0, 0.0, 0.0, 0.8889, 1.0, 0.0, 0.9091, 1.0, 0.1, 0.0, 0.8182, 1.0, 0.8889, 0.5, 1.0, 1.0, 0.0, 0.0, 1.0, 1.0, 0.1667, 0.1, 0.6667, 0.8, 0.375, 0.0, 0.8889, 0.7143, 0.0, 0.0, 0.8, 1.0, 0.8571, 0.0, 0.75, 0.0, 0.25, 0.0, 1.0, 0.9, 0.875, 0.0, 0.0, 0.0, 0.625, 0.0, 0.875, 0.7778, 1.0, 0.3333, 0.0, 0.0]"
