seeding.strategy,agents.visibility,rep,strategy,final_rate,peak_rate,plateau,relapse,steps_to_fixed_point,converged,n_adopted,n_not_able,n_not_willing,n_not_ready,n_relapsed,curve,dept_rates,team_rates
broadcast,0.4,0,broadcast,0.021,0.021,0.021,0.0,2,True,42,0,286,1672,0,"[0.0, 0.021, 0.021, 0.021, 0.021, 0.021, 0.021, 0.021, 0.021, 0.021, 0.021, 0.021, 0.021, 0.021, 0.021, 0.021, 0.021, 0.021, 0.021, 0.021, 0.021, 0.021, 0.021, 0.021, 0.021, 0.021, 0.021, 0.021, 0.021, 0.021, 0.021, 0.021, 0.021, 0.021, 0.021, 0.021, 0.021, 0.021, 0.021, 0.021, 0.021, 0.021, 0.021, 0.021, 0.021, 0.021, 0.021, 0.021, 0.021, 0.021, 0.021, 0.021, 0.021, 0.021, 0.021, 0.021, 0.021, 0.021, 0.021, 0.021, 0.021, 0.021, 0.021, 0.021, 0.021, 0.021, 0.021, 0.021, 0.021, 0.021, 0.021, 0.021, 0.021, 0.021, 0.021, 0.021, 0.021, 0.021, 0.021, 0.021, 0.021, 0.021, 0.021, 0.021, 0.021, 0.021, 0.021, 0.021, 0.021, 0.021, 0.021, 0.021, 0.021, 0.021, 0.021, 0.021, 0.021, 0.021, 0.021, 0.021, 0.021]","{""0"": 0.015, ""1"": 0.0201, ""2"": 0.0154, ""3"": 0.0167, ""4"": 0.0198, ""5"": 0.0212, ""6"": 0.028, ""7"": 0.0324}","[0.0, 0.0, 0.1, 0.1, 0.0, 0.0, 0.0, 0.0, 0.0, 0.0, 0.0, 0.0, 0.1429, 0.0, 0.0, 0.0, 0.0, 0.0769, 0.0, 0.0, 0.0, 0.0, 0.0, 0.0, 0.0, 0.0, 0.0, 0.0, 0.0, 0.0, 0.0, 0.0, 0.0, 0.0, 0.0, 0.0, 0.0, 0.125, 0.0, 0.0, 0.0, 0.0, 0.0, 0.0, 0.1667, 0.0, 0.0833, 0.0, 0.1818, 0.0, 0.0, 0.0, 0.1667, 0.0, 0.0, 0.0, 0.0, 0.0, 0.1429, 0.0, 0.0, 0.0, 0.0, 0.0, 0.0, 0.0, 0.0, 0.0, 0.0, 0.0, 0.0, 0.0, 0.0, 0.0, 0.0, 0.0, 0.0, 0.0769, 0.0, 0.0, 0.0, 0.125, 0.0, 0.0, 0.0, 0.1667, 0.0, 0.0, 0.125, 0.0, 0.0, 0.0, 0.0, 0.0, 0.0, 0.0, 0.0, 0.0, 0.0, 0.0, 0.0, 0.0, 0.0, 0.0, 0.1429, 0.0, 0.0, 0.0, 0.0, 0.0, 0.125, 0.0, 0.0, 0.0, 0.1667, 0.0, 0.0, 0.0, 0.0, 0.0, 0.0, 0.1429, 0.0, 0.25, 0.0, 0.0, 0.0, 0.1, 0.0, 0.0, 0.0, 0.0, 0.0, 0.0, 0.0, 0.0, 0.125, 0.0, 0.1429, 0.0, 0.0, 0.0, 0.0833, 0.0, 0.0, 0.0, 0.0, 0.0, 0.0, 0.0, 0.0, 0.0, 0.0, 0.0, 0.0, 0.0, 0.0, 0.0, 0.0, 0.0, 0.0, 0.0, 0.0, 0.0, 0.0, 0.0, 0.0, 0.125, 0.0769, 0.0, 0.0, 0.0, 0.0, 0.0, 0.0, 0.0, 0.0, 0.0, 0.0, 0.0, 0.0909, 0.0, 0.2, 0.0, 0.0, 0.0, 0.0, 0.0, 0.0, 0.0, 0.0, 0.0, 0.0, 0.0, 0.0, 0.0, 0.0, 0.0, 0.0, 0.2, 0.1667, 0.0, 0.0, 0.0, 0.0, 0.0, 0.0, 0.25, 0.125, 0.0, 0.1429, 0.0, 0.0, 0.0, 0.0, 0.0, 0.0, 0.0, 0.0, 0.0, 0.0, 0.0, 0.0, 0.0, 0.0, 0.1667, 0.0, 0.1111, 0.0, 0.0, 0.0, 0.0, 0.0, 0.0, 0.0, 0.0, 0.0, 0.1111, 0.1667, 0.0, 0.0, 0.0, 0.0, 0.0, 0.0, 0.1, 0.0, 0.1667, 0.0, 0.0]"
broadcast,0.4,1,broadcast,0.0255,0.0255,0.0255,-0.0,2,True,51,0,290,1659,0,"[0.0, 0.0255, 0.0255, 0.0255, 0.0255, 0.0255, 0.0255, 0.0255, 0.0255, 0.0255, 0.0255, 0.0255, 0.0255, 0.0255, 0.0255, 0.0255, 0.0255, 0.0255, 0.0255, 0.0255, 0.0255, 0.0255, 0.0255, 0.0255, 0.0255, 0.0255, 0.0255, 0.0255, 0.0255, 0.0255, 0.0255, 0.0255, 0.0255, 0.0255, 0.0255, 0.0255, 0.0255, 0.0255, 0.0255, 0.0255, 0.0255, 0.0255, 0.0255, 0.0255, 0.0255, 0.0255, 0.0255, 0.0255, 0.0255, 0.0255, 0.0255, 0.0255, 0.0255, 0.0255, 0.0255, 0.0255, 0.0255, 0.0255, 0.0255, 0.0255, 0.0255, 0.0255, 0.0255, 0.0255, 0.0255, 0.0255, 0.0255, 0.0255, 0.0255, 0.0255, 0.0255, 0.0255, 0.0255, 0.0255, 0.0255, 0.0255, 0.0255, 0.0255, 0.0255, 0.0255, 0.0255, 0.0255, 0.0255, 0.0255, 0.0255, 0.0255, 0.0255, 0.0255, 0.0255, 0.0255, 0.0255, 0.0255, 0.0255, 0.0255, 0.0255, 0.0255, 0.0255, 0.0255, 0.0255, 0.0255, 0.0255]","{""0"": 0.0346, ""1"": 0.0202, ""2"": 0.0282, ""3"": 0.0385, ""4"": 0.0127, ""5"": 0.0409, ""6"": 0.0043, ""7"": 0.0202}","[0.0, 0.125, 0.0, 0.0, 0.0, 0.0, 0.0909, 0.0, 0.125, 0.0, 0.0, 0.0, 0.0, 0.0, 0.1111, 0.0, 0.0, 0.125, 0.0, 0.1667, 0.0, 0.0, 0.0, 0.0, 0.0, 0.125, 0.0, 0.0, 0.0, 0.0, 0.0, 0.0, 0.1, 0.0, 0.0, 0.1111, 0.0, 0.1111, 0.0, 0.0, 0.125, 0.4, 0.0, 0.0, 0.0, 0.0, 0.2, 0.0, 0.0, 0.0, 0.0, 0.0, 0.0, 0.0, 0.0, 0.0, 0.0, 0.0, 0.0, 0.0, 0.0, 0.0, 0.0, 0.0, 0.0, 0.0, 0.0, 0.0769, 0.0, 0.0, 0.0, 0.0, 0.0, 0.0, 0.0, 0.0, 0.0, 0.0, 0.1, 0.0, 0.0, 0.0, 0.0, 0.0, 0.125, 0.0, 0.0833, 0.0, 0.0, 0.0, 0.0, 0.0, 0.1429, 0.0, 0.0, 0.0, 0.0, 0.0, 0.1111, 0.0, 0.0, 0.0, 0.0, 0.0, 0.0, 0.0, 0.0, 0.0, 0.0, 0.0, 0.0, 0.0, 0.0, 0.0, 0.125, 0.1429, 0.1, 0.0, 0.1, 0.0, 0.0, 0.0, 0.0, 0.0, 0.2, 0.0, 0.0667, 0.0, 0.0, 0.1429, 0.0, 0.1667, 0.0, 0.0, 0.0, 0.1667, 0.0, 0.0, 0.0, 0.0, 0.25, 0.0, 0.0, 0.0, 0.0, 0.0, 0.0, 0.0, 0.0, 0.0, 0.0, 0.0, 0.0, 0.0, 0.0, 0.125, 0.0, 0.0, 0.0, 0.0, 0.0909, 0.0, 0.0, 0.0, 0.0, 0.0, 0.0, 0.0, 0.0, 0.0, 0.0, 0.1111, 0.0, 0.0, 0.0, 0.0, 0.0, 0.0, 0.0, 0.0, 0.1667, 0.2857, 0.1818, 0.0, 0.0, 0.125, 0.0, 0.0, 0.0, 0.0, 0.0, 0.0, 0.0, 0.1429, 0.0, 0.0, 0.0, 0.0, 0.0, 0.0, 0.1429, 0.0909, 0.1111, 0.0, 0.0769, 0.0, 0.1111, 0.0, 0.0, 0.0, 0.0, 0.0, 0.0, 0.0, 0.0, 0.0, 0.0, 0.0, 0.0, 0.0, 0.0, 0.0, 0.0, 0.0, 0.0, 0.0, 0.1667, 0.0, 0.0, 0.0, 0.0, 0.0, 0.0, 0.0, 0.0, 0.0, 0.0, 0.0, 0.0, 0.0, 0.0, 0.0, 0.1, 0.0, 0.0, 0.0, 0.0, 0.0, 0.0, 0.0]"
broadcast,0.4,2,broadcast,0.0185,0.0185,0.0185,0.0,2,True,37,0,307,1656,0,"[0.0, 0.0185, 0.0185, 0.0185, 0.0185, 0.0185, 0.0185, 0.0185, 0.0185, 0.0185, 0.0185, 0.0185, 0.0185, 0.0185, 0.0185, 0.0185, 0.0185, 0.0185, 0.0185, 0.0185, 0.0185, 0.0185, 0.0185, 0.0185, 0.0185, 0.0185, 0.0185, 0.0185, 0.0185, 0.0185, 0.0185, 0.0185, 0.0185, 0.0185, 0.0185, 0.0185, 0.0185, 0.0185, 0.0185, 0.0185, 0.0185, 0.0185, 0.0185, 0.0185, 0.0185, 0.0185, 0.0185, 0.0185, 0.0185, 0.0185, 0.0185, 0.0185, 0.0185, 0.0185, 0.0185, 0.0185, 0.0185, 0.0185, 0.0185, 0.0185, 0.0185, 0.0185, 0.0185, 0.0185, 0.0185, 0.0185, 0.0185, 0.0185, 0.0185, 0.0185, 0.0185, 0.0185, 0.0185, 0.0185, 0.0185, 0.0185, 0.0185, 0.0185, 0.0185, 0.0185, 0.0185, 0.0185, 0.0185, 0.0185, 0.0185, 0.0185, 0.0185, 0.0185, 0.0185, 0.0185, 0.0185, 0.0185, 0.0185, 0.0185, 0.0185, 0.0185, 0.0185, 0.0185, 0.0185, 0.0185, 0.0185]","{""0"": 0.0228, ""1"": 0.0115, ""2"": 0.0206, ""3"": 0.0078, ""4"": 0.0239, ""5"": 0.0245, ""6"": 0.0295, ""7"": 0.0082}","[0.0, 0.0, 0.0, 0.0, 0.0, 0.0, 0.0, 0.0, 0.0, 0.0, 0.0, 0.0, 0.0, 0.0, 0.1111, 0.0, 0.0, 0.0, 0.0, 0.125, 0.0, 0.1111, 0.0, 0.0, 0.0, 0.0, 0.0, 0.0, 0.0, 0.0, 0.0, 0.0, 0.0, 0.0, 0.0, 0.0, 0.0, 0.0, 0.0, 0.0, 0.0, 0.0, 0.0, 0.0, 0.0, 0.1667, 0.0, 0.0, 0.0, 0.2, 0.0, 0.0, 0.0, 0.0, 0.0, 0.0, 0.1111, 0.0, 0.0, 0.0, 0.0, 0.0, 0.0909, 0.0, 0.0, 0.1429, 0.0, 0.0, 0.0, 0.0, 0.0, 0.1, 0.0, 0.0, 0.0, 0.0, 0.0, 0.1111, 0.0, 0.125, 0.0, 0.0, 0.0, 0.2, 0.0, 0.0, 0.0, 0.0, 0.0, 0.125, 0.0, 0.0, 0.0, 0.0, 0.0, 0.0, 0.0, 0.0, 0.0, 0.0, 0.0, 0.0, 0.125, 0.0, 0.0, 0.0, 0.0, 0.0, 0.1429, 0.0, 0.0, 0.0, 0.0, 0.0, 0.0, 0.0, 0.0, 0.0, 0.0, 0.0, 0.0, 0.0, 0.0, 0.0, 0.0, 0.0, 0.0, 0.0, 0.0, 0.0, 0.0, 0.0, 0.0, 0.0, 0.0, 0.0, 0.0, 0.0, 0.0, 0.0, 0.0, 0.0, 0.0, 0.0, 0.0, 0.0, 0.1667, 0.0, 0.0, 0.1, 0.0, 0.1, 0.0, 0.0, 0.0, 0.0, 0.0, 0.0, 0.0, 0.0, 0.0, 0.0, 0.0, 0.0, 0.0, 0.0, 0.0, 0.0, 0.0, 0.0, 0.0, 0.0, 0.0, 0.0, 0.0, 0.2, 0.0, 0.1667, 0.0, 0.1429, 0.0, 0.0833, 0.0, 0.0, 0.0, 0.0, 0.0, 0.1111, 0.0, 0.0, 0.0, 0.0, 0.0, 0.0, 0.0, 0.0, 0.1111, 0.0, 0.0909, 0.0, 0.125, 0.0, 0.0, 0.0, 0.0, 0.1429, 0.0, 0.0, 0.0, 0.0, 0.0, 0.0, 0.0, 0.0, 0.125, 0.0909, 0.0, 0.0, 0.0, 0.0, 0.0, 0.0, 0.1111, 0.0, 0.0, 0.0, 0.0, 0.0, 0.0, 0.0, 0.0, 0.1429, 0.0, 0.0, 0.0769, 0.1667, 0.0, 0.0, 0.0, 0.0, 0.0, 0.0, 0.0909, 0.0, 0.0, 0.0, 0.0, 0.1111, 0.0, 0.0]"
broadcast,0.4,3,broadcast,0.026,0.026,0.026,-0.0,3,True,52,0,302,1646,0,"[0.0, 0.0255, 0.026, 0.026, 0.026, 0.026, 0.026, 0.026, 0.026, 0.026, 0.026, 0.026, 0.026, 0.026, 0.026, 0.026, 0.026, 0.026, 0.026, 0.026, 0.026, 0.026, 0.026, 0.026, 0.026, 0.026, 0.026, 0.026, 0.026, 0.026, 0.026, 0.026, 0.026, 0.026, 0.026, 0.026, 0.026, 0.026, 0.026, 0.026, 0.026, 0.026, 0.026, 0.026, 0.026, 0.026, 0.026, 0.026, 0.026, 0.026, 0.026, 0.026, 0.026, 0.026, 0.026, 0.026, 0.026, 0.026, 0.026, 0.026, 0.026, 0.026, 0.026, 0.026, 0.026, 0.026, 0.026, 0.026, 0.026, 0.026, 0.026, 0.026, 0.026, 0.026, 0.026, 0.026, 0.026, 0.026, 0.026, 0.026, 0.026, 0.026, 0.026, 0.026, 0.026, 0.026, 0.026, 0.026, 0.026, 0.026, 0.026, 0.026, 0.026, 0.026, 0.026, 0.026, 0.026, 0.026, 0.026, 0.026, 0.026]","{""0"": 0.0184, ""1"": 0.0224, ""2"": 0.0433, ""3"": 0.024, ""4"": 0.0261, ""5"": 0.037, ""6"": 0.0238, ""7"": 0.0121}","[0.0, 0.0, 0.0909, 0.0, 0.0, 0.0, 0.125, 0.0, 0.0, 0.0, 0.1667, 0.0, 0.1111, 0.0, 0.1667, 0.0, 0.0, 0.0, 0.0, 0.0, 0.0, 0.0, 0.0, 0.0, 0.0, 0.0, 0.0, 0.0, 0.0, 0.0, 0.125, 0.0, 0.0, 0.0, 0.0, 0.0769, 0.2857, 0.0, 0.0, 0.0, 0.0, 0.0, 0.0, 0.0, 0.0, 0.1111, 0.0, 0.0, 0.1429, 0.0, 0.0, 0.0, 0.0, 0.0, 0.0, 0.0, 0.1667, 0.0, 0.0, 0.0, 0.0, 0.0, 0.0, 0.25, 0.1, 0.0, 0.0, 0.2, 0.0, 0.0, 0.0, 0.0, 0.0, 0.0625, 0.0, 0.5, 0.0, 0.0, 0.0, 0.0, 0.0, 0.0769, 0.0, 0.0, 0.125, 0.1429, 0.2, 0.125, 0.0, 0.0, 0.0, 0.0, 0.0, 0.0, 0.0, 0.0, 0.0, 0.0, 0.0, 0.0, 0.0, 0.0, 0.125, 0.0, 0.0, 0.1111, 0.0, 0.0, 0.0, 0.0, 0.0, 0.0, 0.0, 0.0, 0.0, 0.0, 0.0, 0.0, 0.0, 0.0, 0.0, 0.0, 0.0, 0.25, 0.0, 0.0, 0.0, 0.0, 0.0, 0.0, 0.0, 0.0, 0.0, 0.0, 0.1667, 0.0, 0.0, 0.0, 0.0, 0.0, 0.0, 0.0, 0.0, 0.0, 0.0, 0.1, 0.2857, 0.0, 0.0, 0.3333, 0.0, 0.0833, 0.0, 0.0, 0.0, 0.1667, 0.0, 0.0, 0.0, 0.0, 0.0, 0.0714, 0.0, 0.0, 0.0, 0.0, 0.0, 0.0, 0.0, 0.0, 0.1667, 0.0, 0.0714, 0.0, 0.0, 0.0, 0.0, 0.0, 0.0, 0.1111, 0.0, 0.1667, 0.0, 0.0, 0.0, 0.0, 0.0, 0.0, 0.0, 0.0, 0.0, 0.0, 0.0, 0.0, 0.0, 0.0, 0.0, 0.0, 0.0, 0.0, 0.0, 0.0, 0.0, 0.0, 0.1429, 0.125, 0.0556, 0.1, 0.0, 0.0, 0.0, 0.1111, 0.0, 0.0, 0.0, 0.0, 0.0, 0.0, 0.0, 0.0, 0.0, 0.0, 0.125, 0.25, 0.0, 0.0, 0.0, 0.0, 0.0, 0.125, 0.0, 0.0, 0.0, 0.0, 0.0, 0.0, 0.0, 0.0, 0.0, 0.1111, 0.0, 0.0, 0.0, 0.0, 0.0, 0.0, 0.1111, 0.0, 0.0, 0.0]"
broadcast,0.4,4,broadcast,0.021,0.021,0.021,0.0,3,True,42,0,298,1660,0,"[0.0, 0.0205, 0.021, 0.021, 0.021, 0.021, 0.021, 0.021, 0.021, 0.021, 0.021, 0.021, 0.021, 0.021, 0.021, 0.021, 0.021, 0.021, 0.021, 0.021, 0.021, 0.021, 0.021, 0.021, 0.021, 0.021, 0.021, 0.021, 0.021, 0.021, 0.021, 0.021, 0.021, 0.021, 0.021, 0.021, 0.021, 0.021, 0.021, 0.021, 0.021, 0.021, 0.021, 0.021, 0.021, 0.021, 0.021, 0.021, 0.021, 0.021, 0.021, 0.021, 0.021, 0.021, 0.021, 0.021, 0.021, 0.021, 0.021, 0.021, 0.021, 0.021, 0.021, 0.021, 0.021, 0.021, 0.021, 0.021, 0.021, 0.021, 0.021, 0.021, 0.021, 0.021, 0.021, 0.021, 0.021, 0.021, 0.021, 0.021, 0.021, 0.021, 0.021, 0.021, 0.021, 0.021, 0.021, 0.021, 0.021, 0.021, 0.021, 0.021, 0.021, 0.021, 0.021, 0.021, 0.021, 0.021, 0.021, 0.021, 0.021]","{""0"": 0.0152, ""1"": 0.0126, ""2"": 0.0271, ""3"": 0.0041, ""4"": 0.0472, ""5"": 0.0242, ""6"": 0.012, ""7"": 0.0247}","[0.0, 0.0, 0.0, 0.0, 0.0, 0.0, 0.0, 0.125, 0.0, 0.1667, 0.0, 0.1111, 0.0, 0.0, 0.1111, 0.0, 0.0, 0.0, 0.0, 0.0, 0.0, 0.0909, 0.0, 0.0, 0.0, 0.0, 0.0, 0.0, 0.0, 0.0, 0.1111, 0.0, 0.0, 0.0, 0.0, 0.0833, 0.0, 0.1429, 0.0, 0.0, 0.0, 0.0, 0.0, 0.0, 0.0, 0.0, 0.0, 0.0, 0.0, 0.1667, 0.0, 0.0, 0.0, 0.0, 0.0, 0.0, 0.0, 0.0, 0.0, 0.0, 0.0, 0.0, 0.0, 0.0, 0.1, 0.0, 0.1667, 0.1667, 0.0, 0.0, 0.0, 0.0, 0.0, 0.0, 0.125, 0.0833, 0.0, 0.0, 0.0, 0.0, 0.0, 0.0, 0.0, 0.0, 0.0, 0.0, 0.0, 0.0, 0.0, 0.0, 0.0, 0.1, 0.0, 0.0, 0.0, 0.0, 0.0, 0.0, 0.1429, 0.0, 0.0, 0.0, 0.0, 0.0, 0.1667, 0.0, 0.0, 0.0, 0.0, 0.1429, 0.0, 0.0, 0.0, 0.0, 0.0, 0.0, 0.0, 0.1, 0.0, 0.0, 0.0, 0.0, 0.0, 0.0, 0.0, 0.0, 0.0, 0.0, 0.0, 0.0, 0.0, 0.0, 0.0, 0.1667, 0.0, 0.0, 0.0, 0.0, 0.0, 0.0, 0.0, 0.0, 0.0, 0.0, 0.0, 0.0, 0.0, 0.0, 0.0, 0.1429, 0.0, 0.1, 0.1429, 0.1, 0.0, 0.0, 0.0833, 0.0, 0.0, 0.0, 0.0, 0.0, 0.0, 0.0, 0.0, 0.0, 0.0, 0.0, 0.0, 0.0, 0.0, 0.0, 0.0, 0.0, 0.1429, 0.125, 0.0, 0.0, 0.0, 0.0, 0.0, 0.0833, 0.1667, 0.0, 0.0, 0.0, 0.0, 0.0, 0.0, 0.0769, 0.0, 0.0, 0.0, 0.0, 0.0, 0.0, 0.0, 0.0, 0.0, 0.0, 0.125, 0.0, 0.0, 0.0, 0.0, 0.0, 0.0, 0.0, 0.0, 0.0, 0.0, 0.0, 0.0, 0.1, 0.0, 0.0, 0.1667, 0.0, 0.0, 0.0, 0.0, 0.1818, 0.1667, 0.0, 0.0, 0.0, 0.0, 0.0, 0.0, 0.0, 0.0, 0.0, 0.1429, 0.0, 0.0, 0.0, 0.0, 0.0, 0.0, 0.0, 0.0, 0.0, 0.0, 0.4, 0.0, 0.0, 0.1111, 0.0, 0.0, 0.0]"
broadcast,0.4,5,broadcast,0.016,0.016,0.016,-0.0,2,True,32,0,282,1686,0,"[0.0, 0.016, 0.016, 0.016, 0.016, 0.016, 0.016, 0.016, 0.016, 0.016, 0.016, 0.016, 0.016, 0.016, 0.016, 0.016, 0.016, 0.016, 0.016, 0.016, 0.016, 0.016, 0.016, 0.016, 0.016, 0.016, 0.016, 0.016, 0.016, 0.016, 0.016, 0.016, 0.016, 0.016, 0.016, 0.016, 0.016, 0.016, 0.016, 0.016, 0.016, 0.016, 0.016, 0.016, 0.016, 0.016, 0.016, 0.016, 0.016, 0.016, 0.016, 0.016, 0.016, 0.016, 0.016, 0.016, 0.016, 0.016, 0.016, 0.016, 0.016, 0.016, 0.016, 0.016, 0.016, 0.016, 0.016, 0.016, 0.016, 0.016, 0.016, 0.016, 0.016, 0.016, 0.016, 0.016, 0.016, 0.016, 0.016, 0.016, 0.016, 0.016, 0.016, 0.016, 0.016, 0.016, 0.016, 0.016, 0.016, 0.016, 0.016, 0.016, 0.016, 0.016, 0.016, 0.016, 0.016, 0.016, 0.016, 0.016, 0.016]","{""0"": 0.0159, ""1"": 0.0216, ""2"": 0.0225, ""3"": 0.0167, ""4"": 0.008, ""5"": 0.0083, ""6"": 0.0151, ""7"": 0.0195}","[0.0, 0.0, 0.0, 0.0, 0.125, 0.0, 0.0, 0.0, 0.0, 0.0, 0.0, 0.0, 0.0, 0.0, 0.0, 0.0, 0.0, 0.0, 0.0, 0.0, 0.0, 0.0, 0.0, 0.125, 0.1667, 0.0, 0.0, 0.1667, 0.0, 0.125, 0.0, 0.0, 0.0, 0.0, 0.0, 0.0, 0.0909, 0.0, 0.0, 0.0, 0.0, 0.0, 0.0, 0.0, 0.0, 0.0, 0.0, 0.0, 0.0, 0.0, 0.0, 0.1111, 0.2, 0.0, 0.1111, 0.0, 0.0, 0.0, 0.0, 0.0, 0.0, 0.0, 0.0, 0.0, 0.0, 0.0, 0.0, 0.0, 0.0, 0.0, 0.0, 0.0, 0.0, 0.0, 0.0, 0.1111, 0.0, 0.0, 0.0909, 0.0625, 0.0, 0.3333, 0.0, 0.0, 0.0, 0.0, 0.0, 0.0, 0.1667, 0.0, 0.1667, 0.0, 0.0, 0.0, 0.0, 0.0, 0.0, 0.0, 0.0, 0.0, 0.0, 0.0909, 0.0, 0.0, 0.0, 0.0, 0.0, 0.1, 0.0, 0.0, 0.0, 0.0, 0.0, 0.0, 0.0, 0.0, 0.0, 0.0, 0.0, 0.0, 0.0909, 0.0, 0.0, 0.0, 0.0, 0.0, 0.0, 0.0, 0.0, 0.0, 0.1667, 0.0, 0.0, 0.0, 0.0, 0.0, 0.0, 0.0769, 0.0, 0.0, 0.0, 0.0, 0.0, 0.0, 0.1111, 0.0, 0.0, 0.0, 0.0, 0.0, 0.0, 0.1, 0.0, 0.0, 0.0, 0.0, 0.0, 0.0, 0.0, 0.0, 0.0, 0.0, 0.1, 0.0, 0.0, 0.0, 0.0, 0.0, 0.0, 0.0, 0.0, 0.0, 0.0, 0.0, 0.0, 0.0, 0.0, 0.0, 0.0, 0.0, 0.0, 0.0, 0.0, 0.0, 0.0, 0.0, 0.0, 0.0, 0.0, 0.0, 0.0, 0.0, 0.0, 0.25, 0.0, 0.0, 0.0, 0.0, 0.0, 0.0, 0.0, 0.0, 0.0, 0.2, 0.0, 0.0, 0.0, 0.0, 0.0, 0.0, 0.125, 0.0, 0.0, 0.0, 0.0, 0.0, 0.0, 0.0, 0.0, 0.0, 0.0, 0.0, 0.0, 0.0, 0.0, 0.0, 0.0, 0.0, 0.0769, 0.0, 0.0, 0.0714, 0.0, 0.1667, 0.1429, 0.0, 0.0, 0.0, 0.0, 0.0, 0.0, 0.0, 0.0, 0.0, 0.0, 0.0, 0.0, 0.0, 0.125, 0.0]"
broadcast,0.4,6,broadcast,0.0245,0.0245,0.0245,0.0,3,True,49,0,302,1649,0,"[0.0, 0.024, 0.0245, 0.0245, 0.0245, 0.0245, 0.0245, 0.0245, 0.0245, 0.0245, 0.0245, 0.0245, 0.0245, 0.0245, 0.0245, 0.0245, 0.0245, 0.0245, 0.0245, 0.0245, 0.0245, 0.0245, 0.0245, 0.0245, 0.0245, 0.0245, 0.0245, 0.0245, 0.0245, 0.0245, 0.0245, 0.0245, 0.0245, 0.0245, 0.0245, 0.0245, 0.0245, 0.0245, 0.0245, 0.0245, 0.0245, 0.0245, 0.0245, 0.0245, 0.0245, 0.0245, 0.0245, 0.0245, 0.0245, 0.0245, 0.0245, 0.0245, 0.0245, 0.0245, 0.0245, 0.0245, 0.0245, 0.0245, 0.0245, 0.0245, 0.0245, 0.0245, 0.0245, 0.0245, 0.0245, 0.0245, 0.0245, 0.0245, 0.0245, 0.0245, 0.0245, 0.0245, 0.0245, 0.0245, 0.0245, 0.0245, 0.0245, 0.0245, 0.0245, 0.0245, 0.0245, 0.0245, 0.0245, 0.0245, 0.0245, 0.0245, 0.0245, 0.0245, 0.0245, 0.0245, 0.0245, 0.0245, 0.0245, 0.0245, 0.0245, 0.0245, 0.0245, 0.0245, 0.0245, 0.0245, 0.0245]","{""0"": 0.0233, ""1"": 0.0114, ""2"": 0.0252, ""3"": 0.0433, ""4"": 0.012, ""5"": 0.0308, ""6"": 0.0272, ""7"": 0.0227}","[0.0, 0.0, 0.0, 0.0, 0.2, 0.0, 0.0, 0.0, 0.0, 0.0, 0.0, 0.0, 0.125, 0.0, 0.0, 0.1111, 0.0, 0.1111, 0.0, 0.0, 0.125, 0.0, 0.0714, 0.0769, 0.0, 0.0, 0.0, 0.0, 0.1111, 0.0, 0.0909, 0.1429, 0.0, 0.0, 0.0909, 0.0, 0.0, 0.0, 0.1429, 0.0, 0.0, 0.0, 0.0, 0.0, 0.0, 0.0, 0.0, 0.0, 0.0, 0.0, 0.0, 0.1111, 0.0, 0.0, 0.0, 0.0, 0.0, 0.0, 0.0, 0.0, 0.0769, 0.1429, 0.0, 0.0, 0.0, 0.0, 0.0, 0.0, 0.0, 0.0, 0.1111, 0.0, 0.0, 0.0, 0.1, 0.0, 0.0, 0.0, 0.0, 0.0, 0.0, 0.0, 0.0, 0.0, 0.0833, 0.0833, 0.0, 0.0, 0.0, 0.0, 0.0, 0.0, 0.1429, 0.0, 0.0, 0.0, 0.0, 0.0, 0.0, 0.0, 0.0, 0.0, 0.1429, 0.0, 0.1, 0.125, 0.0, 0.125, 0.0, 0.0, 0.0, 0.2, 0.0, 0.0, 0.0, 0.1111, 0.0, 0.0, 0.1, 0.0, 0.0, 0.1, 0.0, 0.0, 0.0, 0.0, 0.0, 0.0, 0.0, 0.0, 0.0, 0.125, 0.0, 0.0, 0.0, 0.0, 0.1429, 0.1429, 0.0, 0.0, 0.0, 0.0, 0.0, 0.0, 0.125, 0.0, 0.0769, 0.0, 0.1667, 0.0, 0.0, 0.0, 0.0, 0.0, 0.0, 0.0, 0.0, 0.0, 0.0, 0.0, 0.0, 0.0, 0.0, 0.0, 0.0, 0.0, 0.0, 0.0, 0.0, 0.0, 0.0, 0.0, 0.0, 0.0, 0.0, 0.4, 0.0, 0.0, 0.0, 0.0, 0.0, 0.0, 0.1111, 0.0, 0.0, 0.0, 0.0, 0.0, 0.0, 0.0, 0.1429, 0.0, 0.0, 0.0667, 0.0, 0.0, 0.25, 0.0, 0.0, 0.0, 0.0909, 0.0, 0.0, 0.0, 0.0, 0.0, 0.0, 0.0, 0.1, 0.0, 0.0, 0.0, 0.0, 0.0, 0.0, 0.0, 0.0, 0.0, 0.0, 0.1538, 0.0, 0.0, 0.0, 0.0, 0.0, 0.0, 0.0, 0.0, 0.0, 0.0, 0.0, 0.1, 0.0, 0.125, 0.0, 0.0, 0.0, 0.0, 0.0, 0.0, 0.0, 0.0, 0.0, 0.0, 0.0, 0.0909, 0.0, 0.0, 0.0, 0.0]"
broadcast,0.4,7,broadcast,0.0255,0.0255,0.0255,-0.0,2,True,51,0,280,1669,0,"[0.0, 0.0255, 0.0255, 0.0255, 0.0255, 0.0255, 0.0255, 0.0255, 0.0255, 0.0255, 0.0255, 0.0255, 0.0255, 0.0255, 0.0255, 0.0255, 0.0255, 0.0255, 0.0255, 0.0255, 0.0255, 0.0255, 0.0255, 0.0255, 0.0255, 0.0255, 0.0255, 0.0255, 0.0255, 0.0255, 0.0255, 0.0255, 0.0255, 0.0255, 0.0255, 0.0255, 0.0255, 0.0255, 0.0255, 0.0255, 0.0255, 0.0255, 0.0255, 0.0255, 0.0255, 0.0255, 0.0255, 0.0255, 0.0255, 0.0255, 0.0255, 0.0255, 0.0255, 0.0255, 0.0255, 0.0255, 0.0255, 0.0255, 0.0255, 0.0255, 0.0255, 0.0255, 0.0255, 0.0255, 0.0255, 0.0255, 0.0255, 0.0255, 0.0255, 0.0255, 0.0255, 0.0255, 0.0255, 0.0255, 0.0255, 0.0255, 0.0255, 0.0255, 0.0255, 0.0255, 0.0255, 0.0255, 0.0255, 0.0255, 0.0255, 0.0255, 0.0255, 0.0255, 0.0255, 0.0255, 0.0255, 0.0255, 0.0255, 0.0255, 0.0255, 0.0255, 0.0255, 0.0255, 0.0255, 0.0255, 0.0255]","{""0"": 0.0118, ""1"": 0.0198, ""2"": 0.0335, ""3"": 0.0263, ""4"": 0.0315, ""5"": 0.0363, ""6"": 0.0281, ""7"": 0.0182}","[0.1111, 0.0, 0.0, 0.0, 0.0, 0.0, 0.0, 0.0, 0.0, 0.0, 0.125, 0.0, 0.0, 0.0, 0.0, 0.0, 0.1111, 0.0, 0.0, 0.0, 0.0, 0.0, 0.0, 0.2, 0.0, 0.0, 0.125, 0.0, 0.0, 0.0, 0.0, 0.1, 0.0, 0.0, 0.0, 0.0, 0.0, 0.0, 0.0, 0.0, 0.0, 0.0, 0.0, 0.0, 0.0, 0.0, 0.1111, 0.1429, 0.0, 0.0, 0.0, 0.2, 0.1, 0.1, 0.0, 0.1111, 0.0, 0.0, 0.0, 0.0, 0.0, 0.0, 0.1667, 0.0, 0.0, 0.0, 0.0, 0.0, 0.1667, 0.0, 0.125, 0.1111, 0.0, 0.0, 0.0, 0.0, 0.0, 0.0, 0.0, 0.0, 0.0, 0.0, 0.0, 0.1429, 0.0, 0.0, 0.0, 0.0, 0.0, 0.0, 0.0, 0.0, 0.1, 0.0, 0.0, 0.1429, 0.0, 0.0, 0.0, 0.0, 0.0, 0.0, 0.0, 0.0, 0.0, 0.0, 0.0, 0.0, 0.1, 0.0, 0.0, 0.0, 0.1429, 0.0, 0.0, 0.0833, 0.0, 0.3333, 0.1111, 0.0, 0.0, 0.0, 0.25, 0.0, 0.0, 0.0, 0.0, 0.0, 0.0, 0.0, 0.0, 0.0, 0.0, 0.0, 0.0, 0.0, 0.0, 0.0, 0.0, 0.125, 0.0, 0.0, 0.25, 0.0, 0.0, 0.0, 0.0, 0.0, 0.0, 0.0, 0.1111, 0.0, 0.0, 0.0, 0.1429, 0.1667, 0.0, 0.0, 0.0, 0.0, 0.0, 0.0, 0.0, 0.0, 0.125, 0.4, 0.0, 0.0769, 0.1667, 0.1, 0.0833, 0.0, 0.0, 0.0, 0.0, 0.0, 0.0, 0.0, 0.0, 0.1429, 0.0, 0.0, 0.1111, 0.0, 0.0, 0.0, 0.0, 0.0909, 0.0, 0.0, 0.0, 0.0, 0.0, 0.0, 0.0, 0.0, 0.0, 0.1667, 0.0833, 0.0, 0.0, 0.0, 0.0, 0.0, 0.0769, 0.0, 0.0, 0.0, 0.0, 0.0, 0.0, 0.1429, 0.0, 0.0, 0.0, 0.0, 0.0, 0.0, 0.0, 0.0, 0.0, 0.0, 0.0, 0.0, 0.0, 0.1111, 0.0, 0.0, 0.0, 0.0, 0.0, 0.0, 0.0, 0.0, 0.0, 0.0, 0.0, 0.0, 0.0, 0.0, 0.0769, 0.0, 0.0, 0.0, 0.0, 0.125, 0.1, 0.0, 0.0, 0.1111]"
broadcast,0.4,8,broadcast,0.0195,0.0195,0.0195,0.0,2,True,39,0,305,1656,0,"[0.0, 0.0195, 0.0195, 0.0195, 0.0195, 0.0195, 0.0195, 0.0195, 0.0195, 0.0195, 0.0195, 0.0195, 0.0195, 0.0195, 0.0195, 0.0195, 0.0195, 0.0195, 0.0195, 0.0195, 0.0195, 0.0195, 0.0195, 0.0195, 0.0195, 0.0195, 0.0195, 0.0195, 0.0195, 0.0195, 0.0195, 0.0195, 0.0195, 0.0195, 0.0195, 0.0195, 0.0195, 0.0195, 0.0195, 0.0195, 0.0195, 0.0195, 0.0195, 0.0195, 0.0195, 0.0195, 0.0195, 0.0195, 0.0195, 0.0195, 0.0195, 0.0195, 0.0195, 0.0195, 0.0195, 0.0195, 0.0195, 0.0195, 0.0195, 0.0195, 0.0195, 0.0195, 0.0195, 0.0195, 0.0195, 0.0195, 0.0195, 0.0195, 0.0195, 0.0195, 0.0195, 0.0195, 0.0195, 0.0195, 0.0195, 0.0195, 0.0195, 0.0195, 0.0195, 0.0195, 0.0195, 0.0195, 0.0195, 0.0195, 0.0195, 0.0195, 0.0195, 0.0195, 0.0195, 0.0195, 0.0195, 0.0195, 0.0195, 0.0195, 0.0195, 0.0195, 0.0195, 0.0195, 0.0195, 0.0195, 0.0195]","{""0"": 0.0043, ""1"": 0.0287, ""2"": 0.0154, ""3"": 0.0234, ""4"": 0.0357, ""5"": 0.0159, ""6"": 0.0081, ""7"": 0.0216}","[0.0, 0.0, 0.0, 0.0, 0.0, 0.1429, 0.0, 0.0, 0.1667, 0.0, 0.0, 0.0, 0.2222, 0.0, 0.0, 0.0, 0.0, 0.0, 0.0, 0.0, 0.0, 0.0, 0.0909, 0.0, 0.0, 0.0, 0.0, 0.125, 0.0, 0.0, 0.0, 0.0, 0.0909, 0.0, 0.0, 0.0, 0.0, 0.2, 0.0, 0.0, 0.0, 0.0, 0.25, 0.0769, 0.0909, 0.1, 0.0, 0.0, 0.0, 0.0, 0.0, 0.0, 0.0, 0.125, 0.0, 0.0, 0.0, 0.0, 0.0, 0.0, 0.0, 0.0, 0.0, 0.0, 0.0, 0.0, 0.0, 0.0, 0.0, 0.1667, 0.1429, 0.0, 0.0, 0.0, 0.0, 0.0, 0.0, 0.0, 0.1111, 0.0, 0.0, 0.0, 0.0, 0.0, 0.0, 0.0, 0.0, 0.0, 0.0, 0.0, 0.25, 0.0, 0.0714, 0.1111, 0.0, 0.0, 0.0, 0.0, 0.0, 0.0, 0.0, 0.0, 0.0, 0.0, 0.0, 0.0, 0.0, 0.0, 0.0, 0.0, 0.0, 0.0, 0.0, 0.0, 0.0, 0.1429, 0.0, 0.0, 0.0, 0.0, 0.0, 0.0, 0.0, 0.0, 0.0, 0.0, 0.0, 0.1111, 0.0, 0.2, 0.0, 0.0, 0.0, 0.0, 0.0, 0.0, 0.0, 0.0, 0.0, 0.0, 0.1, 0.0, 0.0, 0.0, 0.0, 0.0, 0.0, 0.0, 0.0, 0.0, 0.0, 0.0, 0.0, 0.0, 0.0909, 0.0, 0.0, 0.0, 0.0, 0.0, 0.0, 0.0, 0.0, 0.0, 0.0, 0.0, 0.0, 0.0, 0.0909, 0.0, 0.0, 0.0, 0.0, 0.0, 0.0, 0.0, 0.0, 0.0, 0.0, 0.0, 0.0, 0.0, 0.0, 0.0, 0.1667, 0.0, 0.0833, 0.0, 0.0, 0.1111, 0.0, 0.0, 0.0, 0.0, 0.0, 0.0, 0.0, 0.0, 0.0, 0.0, 0.0, 0.0, 0.0, 0.0, 0.0, 0.0, 0.0, 0.0, 0.0, 0.0, 0.0, 0.0, 0.0, 0.1667, 0.0, 0.0, 0.2, 0.0, 0.1667, 0.1429, 0.1429, 0.0, 0.0, 0.0, 0.0, 0.0, 0.0, 0.0, 0.0, 0.0, 0.0, 0.0, 0.0, 0.0, 0.0, 0.0, 0.0, 0.0714, 0.125, 0.125, 0.0, 0.0, 0.0, 0.0, 0.0, 0.0, 0.0, 0.0, 0.0, 0.0]"
broadcast,0.4,9,broadcast,0.0175,0.0175,0.0175,-0.0,2,True,35,0,297,1668,0,"[0.0, 0.0175, 0.0175, 0.0175, 0.0175, 0.0175, 0.0175, 0.0175, 0.0175, 0.0175, 0.0175, 0.0175, 0.0175, 0.0175, 0.0175, 0.0175, 0.0175, 0.0175, 0.0175, 0.0175, 0.0175, 0.0175, 0.0175, 0.0175, 0.0175, 0.0175, 0.0175, 0.0175, 0.0175, 0.0175, 0.0175, 0.0175, 0.0175, 0.0175, 0.0175, 0.0175, 0.0175, 0.0175, 0.0175, 0.0175, 0.0175, 0.0175, 0.0175, 0.0175, 0.0175, 0.0175, 0.0175, 0.0175, 0.0175, 0.0175, 0.0175, 0.0175, 0.0175, 0.0175, 0.0175, 0.0175, 0.0175, 0.0175, 0.0175, 0.0175, 0.0175, 0.0175, 0.0175, 0.0175, 0.0175, 0.0175, 0.0175, 0.0175, 0.0175, 0.0175, 0.0175, 0.0175, 0.0175, 0.0175, 0.0175, 0.0175, 0.0175, 0.0175, 0.0175, 0.0175, 0.0175, 0.0175, 0.0175, 0.0175, 0.0175, 0.0175, 0.0175, 0.0175, 0.0175, 0.0175, 0.0175, 0.0175, 0.0175, 0.0175, 0.0175, 0.0175, 0.0175, 0.0175, 0.0175, 0.0175, 0.0175]","{""0"": 0.0196, ""1"": 0.0255, ""2"": 0.0267, ""3"": 0.0356, ""4"": 0.0, ""5"": 0.008, ""6"": 0.0158, ""7"": 0.008}","[0.0, 0.0, 0.0, 0.0, 0.0, 0.0, 0.0, 0.0, 0.0, 0.0, 0.0, 0.0, 0.0, 0.0, 0.0, 0.0, 0.0, 0.0, 0.0, 0.0, 0.0, 0.0, 0.0, 0.2, 0.125, 0.0, 0.0, 0.125, 0.0, 0.0, 0.0, 0.0, 0.0, 0.0, 0.0, 0.0, 0.0, 0.0, 0.0, 0.0, 0.0, 0.0, 0.0, 0.0, 0.0, 0.0, 0.0, 0.0, 0.0, 0.0667, 0.0, 0.0, 0.0833, 0.0, 0.0, 0.0, 0.0, 0.0, 0.0, 0.0, 0.0, 0.0, 0.0, 0.0, 0.0, 0.0, 0.0, 0.0, 0.0, 0.0, 0.0, 0.0, 0.0, 0.0, 0.0, 0.1429, 0.0, 0.0, 0.0, 0.2, 0.0, 0.0, 0.0, 0.0, 0.0, 0.0, 0.0, 0.0, 0.0, 0.0, 0.0, 0.0, 0.0, 0.0, 0.0, 0.0, 0.0, 0.0, 0.1, 0.0, 0.1667, 0.0, 0.0, 0.0, 0.0, 0.0, 0.0, 0.0, 0.0, 0.0, 0.0, 0.0, 0.0, 0.0, 0.0833, 0.2, 0.0, 0.0, 0.0, 0.0, 0.0, 0.0, 0.0625, 0.0, 0.0, 0.0, 0.0, 0.0, 0.0, 0.0, 0.0, 0.0, 0.0909, 0.0, 0.0, 0.0, 0.0, 0.0, 0.0, 0.0, 0.0, 0.0, 0.0, 0.0, 0.0, 0.0, 0.0, 0.0, 0.0, 0.0, 0.0, 0.0714, 0.0, 0.0, 0.0, 0.125, 0.0, 0.0, 0.0, 0.0, 0.0, 0.125, 0.0, 0.1111, 0.125, 0.0, 0.0, 0.0, 0.0, 0.1429, 0.0, 0.0, 0.0, 0.0, 0.0, 0.0, 0.0, 0.0909, 0.0, 0.0, 0.0, 0.0, 0.1111, 0.0, 0.0, 0.0, 0.0, 0.0, 0.0, 0.0, 0.0, 0.0, 0.0, 0.0, 0.0833, 0.0, 0.0714, 0.0, 0.0, 0.0, 0.0, 0.0, 0.0, 0.0, 0.0714, 0.0, 0.0, 0.0, 0.125, 0.0, 0.0769, 0.1, 0.125, 0.0, 0.0, 0.0, 0.0, 0.0, 0.1667, 0.0, 0.0, 0.0, 0.1111, 0.0, 0.0, 0.0, 0.0, 0.0, 0.1429, 0.0, 0.0, 0.0, 0.0, 0.1111, 0.0, 0.0, 0.0, 0.0, 0.0, 0.0, 0.0, 0.0, 0.0, 0.0, 0.2, 0.0, 0.0, 0.0, 0.0, 0.0]"
broadcast,0.4,10,broadcast,0.025,0.025,0.025,0.0,2,True,50,0,314,1636,0,"[0.0, 0.025, 0.025, 0.025, 0.025, 0.025, 0.025, 0.025, 0.025, 0.025, 0.025, 0.025, 0.025, 0.025, 0.025, 0.025, 0.025, 0.025, 0.025, 0.025, 0.025, 0.025, 0.025, 0.025, 0.025, 0.025, 0.025, 0.025, 0.025, 0.025, 0.025, 0.025, 0.025, 0.025, 0.025, 0.025, 0.025, 0.025, 0.025, 0.025, 0.025, 0.025, 0.025, 0.025, 0.025, 0.025, 0.025, 0.025, 0.025, 0.025, 0.025, 0.025, 0.025, 0.025, 0.025, 0.025, 0.025, 0.025, 0.025, 0.025, 0.025, 0.025, 0.025, 0.025, 0.025, 0.025, 0.025, 0.025, 0.025, 0.025, 0.025, 0.025, 0.025, 0.025, 0.025, 0.025, 0.025, 0.025, 0.025, 0.025, 0.025, 0.025, 0.025, 0.025, 0.025, 0.025, 0.025, 0.025, 0.025, 0.025, 0.025, 0.025, 0.025, 0.025, 0.025, 0.025, 0.025, 0.025, 0.025, 0.025, 0.025]","{""0"": 0.0269, ""1"": 0.0433, ""2"": 0.0128, ""3"": 0.0356, ""4"": 0.0164, ""5"": 0.0367, ""6"": 0.0192, ""7"": 0.0081}","[0.1111, 0.0, 0.0, 0.0, 0.0, 0.0, 0.1667, 0.0, 0.0, 0.125, 0.0, 0.0, 0.0, 0.0, 0.0, 0.0, 0.125, 0.0, 0.1429, 0.0, 0.0, 0.0, 0.0, 0.0, 0.0, 0.0, 0.0, 0.0, 0.0, 0.0, 0.0, 0.0, 0.0, 0.0, 0.0909, 0.0, 0.0, 0.0, 0.0, 0.0, 0.0, 0.2, 0.1429, 0.0, 0.0, 0.0, 0.1111, 0.1, 0.0, 0.0, 0.0, 0.0, 0.125, 0.0, 0.0, 0.0, 0.0, 0.0, 0.1111, 0.125, 0.0, 0.1429, 0.0, 0.0, 0.0, 0.0, 0.0, 0.0, 0.0, 0.0, 0.125, 0.1667, 0.0, 0.0, 0.0, 0.1667, 0.0, 0.0, 0.0, 0.0, 0.0, 0.0, 0.0, 0.0, 0.0, 0.0, 0.0, 0.0, 0.0, 0.0, 0.1, 0.0, 0.1667, 0.0, 0.0, 0.0, 0.0, 0.0, 0.0, 0.0, 0.0, 0.0, 0.0, 0.0, 0.0, 0.0, 0.0, 0.0, 0.0, 0.0, 0.1429, 0.1667, 0.0, 0.0, 0.0, 0.0, 0.0, 0.0, 0.0, 0.0, 0.0, 0.0, 0.0, 0.0, 0.0, 0.0, 0.0, 0.0, 0.0, 0.0, 0.1111, 0.0, 0.0, 0.0, 0.0833, 0.0, 0.0, 0.0, 0.0, 0.0, 0.1429, 0.0, 0.0, 0.0, 0.0, 0.0, 0.0, 0.0, 0.0, 0.1, 0.0, 0.0, 0.0, 0.0, 0.1429, 0.0, 0.0, 0.0, 0.0, 0.0, 0.0, 0.1429, 0.2, 0.0, 0.0909, 0.0, 0.0, 0.0, 0.0, 0.1, 0.0, 0.0, 0.1429, 0.0, 0.1667, 0.0, 0.0, 0.1111, 0.0, 0.0, 0.0, 0.0, 0.0, 0.0, 0.0, 0.0, 0.0, 0.0, 0.125, 0.0, 0.0, 0.0, 0.2, 0.0, 0.0, 0.0, 0.1667, 0.2, 0.0, 0.0, 0.0, 0.0, 0.0, 0.125, 0.0, 0.0, 0.1111, 0.0, 0.0, 0.0, 0.0, 0.0, 0.0909, 0.0, 0.0, 0.125, 0.0, 0.0, 0.125, 0.0, 0.0, 0.0, 0.0, 0.0, 0.0, 0.0, 0.0, 0.0, 0.0, 0.0, 0.1667, 0.0, 0.0, 0.0, 0.1667, 0.0, 0.0, 0.0, 0.125, 0.0, 0.0, 0.0, 0.0, 0.0, 0.0, 0.0, 0.0, 0.125, 0.0, 0.0833]"
broadcast,0.4,11,broadcast,0.0225,0.0225,0.0225,0.0,2,True,45,0,318,1637,0,"[0.0, 0.0225, 0.0225, 0.0225, 0.0225, 0.0225, 0.0225, 0.0225, 0.0225, 0.0225, 0.0225, 0.0225, 0.0225, 0.0225, 0.0225, 0.0225, 0.0225, 0.0225, 0.0225, 0.0225, 0.0225, 0.0225, 0.0225, 0.0225, 0.0225, 0.0225, 0.0225, 0.0225, 0.0225, 0.0225, 0.0225, 0.0225, 0.0225, 0.0225, 0.0225, 0.0225, 0.0225, 0.0225, 0.0225, 0.0225, 0.0225, 0.0225, 0.0225, 0.0225, 0.0225, 0.0225, 0.0225, 0.0225, 0.0225, 0.0225, 0.0225, 0.0225, 0.0225, 0.0225, 0.0225, 0.0225, 0.0225, 0.0225, 0.0225, 0.0225, 0.0225, 0.0225, 0.0225, 0.0225, 0.0225, 0.0225, 0.0225, 0.0225, 0.0225, 0.0225, 0.0225, 0.0225, 0.0225, 0.0225, 0.0225, 0.0225, 0.0225, 0.0225, 0.0225, 0.0225, 0.0225, 0.0225, 0.0225, 0.0225, 0.0225, 0.0225, 0.0225, 0.0225, 0.0225, 0.0225, 0.0225, 0.0225, 0.0225, 0.0225, 0.0225, 0.0225, 0.0225, 0.0225, 0.0225, 0.0225, 0.0225]","{""0"": 0.0191, ""1"": 0.0298, ""2"": 0.0078, ""3"": 0.0233, ""4"": 0.0433, ""5"": 0.0202, ""6"": 0.0081, ""7"": 0.0292}","[0.0, 0.0, 0.0, 0.0, 0.0, 0.1429, 0.0, 0.0, 0.1111, 0.0, 0.0833, 0.125, 0.0, 0.1, 0.0, 0.0, 0.0, 0.0, 0.0, 0.0, 0.0, 0.0, 0.0, 0.0, 0.0, 0.0, 0.0, 0.0, 0.0, 0.0, 0.0, 0.0, 0.0, 0.0667, 0.0, 0.0, 0.0, 0.1111, 0.0, 0.0, 0.125, 0.1667, 0.0, 0.0, 0.0, 0.0, 0.0, 0.0, 0.0, 0.0, 0.1667, 0.0, 0.0, 0.0, 0.0, 0.0, 0.0, 0.0909, 0.0, 0.0, 0.1667, 0.0, 0.0, 0.0, 0.0, 0.0, 0.0, 0.0, 0.0909, 0.0, 0.0, 0.0, 0.0, 0.0, 0.0, 0.0, 0.0, 0.0, 0.0, 0.0, 0.0, 0.0, 0.1111, 0.0, 0.0, 0.0, 0.0909, 0.0, 0.0, 0.0, 0.0, 0.0, 0.0, 0.3333, 0.0, 0.0, 0.0, 0.0, 0.0, 0.0, 0.0, 0.0, 0.0, 0.2, 0.0, 0.0, 0.0, 0.0, 0.0, 0.0, 0.0, 0.0, 0.0, 0.1, 0.0, 0.0, 0.1, 0.1429, 0.0, 0.0, 0.0, 0.0, 0.0, 0.0, 0.1, 0.0625, 0.0, 0.0, 0.125, 0.0, 0.0, 0.0, 0.0, 0.0, 0.0, 0.0, 0.0, 0.1, 0.0, 0.0, 0.0, 0.0, 0.0, 0.0, 0.0, 0.0, 0.0, 0.0, 0.0, 0.0, 0.0, 0.0, 0.0, 0.0, 0.0, 0.0, 0.0, 0.0, 0.0, 0.1429, 0.2, 0.0, 0.0, 0.0, 0.0, 0.0, 0.1, 0.0, 0.0, 0.0, 0.0, 0.0, 0.0, 0.2857, 0.0, 0.0, 0.0, 0.0, 0.0, 0.0, 0.0, 0.2, 0.0, 0.0, 0.0, 0.0, 0.125, 0.0, 0.0, 0.1, 0.0, 0.0, 0.0, 0.0, 0.0, 0.1429, 0.1667, 0.0, 0.1429, 0.0, 0.1667, 0.0, 0.0, 0.0, 0.0, 0.0, 0.0, 0.0, 0.1111, 0.0, 0.2, 0.0, 0.0, 0.0, 0.1818, 0.0, 0.0, 0.0, 0.0, 0.0, 0.0, 0.0, 0.0, 0.0, 0.0, 0.0, 0.0, 0.0, 0.0, 0.0, 0.0, 0.0, 0.0, 0.0, 0.125, 0.0, 0.1111, 0.0, 0.0, 0.0, 0.0, 0.0, 0.2, 0.0, 0.0, 0.0, 0.0, 0.0, 0.1429, 0.0]"
broadcast,0.6,0,broadcast,0.0225,0.0225,0.0225,0.0,3,True,45,0,264,1691,0,"[0.0, 0.022, 0.0225, 0.0225, 0.0225, 0.0225, 0.0225, 0.0225, 0.0225, 0.0225, 0.0225, 0.0225, 0.0225, 0.0225, 0.0225, 0.0225, 0.0225, 0.0225, 0.0225, 0.0225, 0.0225, 0.0225, 0.0225, 0.0225, 0.0225, 0.0225, 0.0225, 0.0225, 0.0225, 0.0225, 0.0225, 0.0225, 0.0225, 0.0225, 0.0225, 0.0225, 0.0225, 0.0225, 0.0225, 0.0225, 0.0225, 0.0225, 0.0225, 0.0225, 0.0225, 0.0225, 0.0225, 0.0225, 0.0225, 0.0225, 0.0225, 0.0225, 0.0225, 0.0225, 0.0225, 0.0225, 0.0225, 0.0225, 0.0225, 0.0225, 0.0225, 0.0225, 0.0225, 0.0225, 0.0225, 0.0225, 0.0225, 0.0225, 0.0225, 0.0225, 0.0225, 0.0225, 0.0225, 0.0225, 0.0225, 0.0225, 0.0225, 0.0225, 0.0225, 0.0225, 0.0225, 0.0225, 0.0225, 0.0225, 0.0225, 0.0225, 0.0225, 0.0225, 0.0225, 0.0225, 0.0225, 0.0225, 0.0225, 0.0225, 0.0225, 0.0225, 0.0225, 0.0225, 0.0225, 0.0225, 0.0225]","{""0"": 0.0158, ""1"": 0.027, ""2"": 0.0124, ""3"": 0.0283, ""4"": 0.0333, ""5"": 0.0238, ""6"": 0.0191, ""7"": 0.0205}","[0.0, 0.0, 0.0, 0.0, 0.0, 0.0, 0.0, 0.0, 0.0, 0.0, 0.0, 0.0, 0.0, 0.0, 0.2, 0.1667, 0.0, 0.0, 0.0, 0.0, 0.0, 0.0, 0.0, 0.0, 0.0, 0.0, 0.1667, 0.0, 0.0909, 0.0, 0.0, 0.0, 0.125, 0.0, 0.0, 0.0, 0.1111, 0.0, 0.0, 0.0, 0.0, 0.0, 0.0, 0.0, 0.1667, 0.0, 0.1111, 0.0, 0.0909, 0.0, 0.0, 0.0, 0.0, 0.0, 0.0, 0.0, 0.0, 0.0, 0.0, 0.1111, 0.0, 0.0, 0.0, 0.0, 0.0909, 0.0, 0.0833, 0.0, 0.0, 0.1429, 0.0, 0.0, 0.0, 0.0, 0.0, 0.0, 0.0, 0.0714, 0.0, 0.0, 0.0, 0.0, 0.0, 0.1429, 0.0, 0.0, 0.0, 0.0, 0.0, 0.0, 0.1111, 0.1111, 0.0, 0.0, 0.0, 0.0, 0.0, 0.0, 0.0, 0.0, 0.0, 0.0, 0.0, 0.0, 0.1, 0.0, 0.1, 0.0, 0.0, 0.1429, 0.0, 0.0, 0.0, 0.0, 0.0, 0.0, 0.0, 0.0, 0.0, 0.1667, 0.0, 0.0, 0.0, 0.0, 0.0, 0.1667, 0.0, 0.0, 0.1, 0.0, 0.0, 0.0, 0.0, 0.25, 0.0, 0.0, 0.0, 0.0, 0.0833, 0.0, 0.0, 0.1111, 0.2857, 0.0, 0.0, 0.0909, 0.1538, 0.0, 0.0, 0.1667, 0.1429, 0.125, 0.0, 0.0, 0.0, 0.0, 0.0, 0.0, 0.0, 0.0, 0.0, 0.0, 0.0, 0.0, 0.0769, 0.0, 0.0, 0.0, 0.0, 0.0, 0.0, 0.0, 0.0, 0.0, 0.0, 0.125, 0.0, 0.0, 0.0, 0.0, 0.0, 0.0, 0.0, 0.0, 0.0, 0.1429, 0.0, 0.0, 0.1111, 0.0, 0.0, 0.0, 0.0, 0.0, 0.0, 0.0, 0.1429, 0.0, 0.0, 0.0, 0.0, 0.0, 0.0, 0.0, 0.1111, 0.0, 0.1667, 0.0, 0.0, 0.0, 0.0, 0.0, 0.0, 0.0, 0.0, 0.0, 0.0, 0.0, 0.0, 0.0, 0.0, 0.0, 0.0, 0.125, 0.0, 0.0, 0.0, 0.0, 0.0, 0.0, 0.0, 0.0, 0.0, 0.1111, 0.0, 0.0, 0.0, 0.0, 0.0, 0.0, 0.0, 0.0, 0.0, 0.0, 0.0, 0.0, 0.0, 0.0, 0.0, 0.1111]"
broadcast,0.6,1,broadcast,0.0215,0.0215,0.0215,0.0,3,True,43,0,307,1650,0,"[0.0, 0.021, 0.0215, 0.0215, 0.0215, 0.0215, 0.0215, 0.0215, 0.0215, 0.0215, 0.0215, 0.0215, 0.0215, 0.0215, 0.0215, 0.0215, 0.0215, 0.0215, 0.0215, 0.0215, 0.0215, 0.0215, 0.0215, 0.0215, 0.0215, 0.0215, 0.0215, 0.0215, 0.0215, 0.0215, 0.0215, 0.0215, 0.0215, 0.0215, 0.0215, 0.0215, 0.0215, 0.0215, 0.0215, 0.0215, 0.0215, 0.0215, 0.0215, 0.0215, 0.0215, 0.0215, 0.0215, 0.0215, 0.0215, 0.0215, 0.0215, 0.0215, 0.0215, 0.0215, 0.0215, 0.0215, 0.0215, 0.0215, 0.0215, 0.0215, 0.0215, 0.0215, 0.0215, 0.0215, 0.0215, 0.0215, 0.0215, 0.0215, 0.0215, 0.0215, 0.0215, 0.0215, 0.0215, 0.0215, 0.0215, 0.0215, 0.0215, 0.0215, 0.0215, 0.0215, 0.0215, 0.0215, 0.0215, 0.0215, 0.0215, 0.0215, 0.0215, 0.0215, 0.0215, 0.0215, 0.0215, 0.0215, 0.0215, 0.0215, 0.0215, 0.0215, 0.0215, 0.0215, 0.0215, 0.0215, 0.0215]","{""0"": 0.0252, ""1"": 0.0279, ""2"": 0.0187, ""3"": 0.0223, ""4"": 0.0169, ""5"": 0.0282, ""6"": 0.0317, ""7"": 0.0}","[0.0, 0.0, 0.0, 0.0, 0.0, 0.0, 0.0, 0.0, 0.0, 0.0, 0.0, 0.125, 0.0, 0.0833, 0.0, 0.0, 0.0, 0.0, 0.0, 0.0, 0.0, 0.0, 0.0, 0.1429, 0.0, 0.1667, 0.0, 0.0, 0.0, 0.0, 0.1429, 0.1429, 0.0, 0.0, 0.0, 0.0, 0.0, 0.0, 0.0, 0.0, 0.0, 0.125, 0.0, 0.0, 0.0, 0.0909, 0.0, 0.0, 0.0, 0.0, 0.0, 0.0, 0.0909, 0.0, 0.0, 0.0, 0.0, 0.0, 0.0, 0.125, 0.125, 0.0, 0.0, 0.0, 0.0, 0.1111, 0.0, 0.0, 0.0, 0.0, 0.1111, 0.0, 0.0, 0.0, 0.0, 0.0, 0.0, 0.0, 0.125, 0.1667, 0.0, 0.0, 0.0, 0.1111, 0.125, 0.0, 0.0, 0.0, 0.0, 0.0, 0.0, 0.0, 0.0, 0.0, 0.0, 0.0, 0.0, 0.0, 0.0, 0.0, 0.0, 0.0, 0.0, 0.0, 0.0, 0.1111, 0.0, 0.0, 0.1, 0.0, 0.0, 0.125, 0.0, 0.0, 0.125, 0.0, 0.0, 0.0, 0.0, 0.0, 0.0, 0.0, 0.3333, 0.0, 0.1667, 0.0, 0.0, 0.0, 0.0, 0.0, 0.0, 0.0, 0.1, 0.0, 0.0, 0.0, 0.0, 0.0, 0.0, 0.0, 0.0, 0.1429, 0.1429, 0.1429, 0.0, 0.0, 0.0, 0.0, 0.0, 0.0, 0.0, 0.0, 0.0, 0.0, 0.1111, 0.0, 0.0, 0.0, 0.0, 0.125, 0.0, 0.0, 0.0, 0.0, 0.0, 0.0, 0.0, 0.0, 0.0, 0.0, 0.0, 0.1429, 0.0, 0.2, 0.0, 0.0, 0.0, 0.0, 0.1111, 0.0, 0.0, 0.0, 0.125, 0.0, 0.0, 0.125, 0.0, 0.2, 0.0, 0.0, 0.0, 0.0, 0.0, 0.1667, 0.0, 0.0, 0.0, 0.0, 0.1, 0.0909, 0.0, 0.125, 0.0909, 0.0, 0.0, 0.0, 0.0, 0.0, 0.0, 0.0, 0.0, 0.0, 0.0, 0.0, 0.1, 0.0, 0.0, 0.0, 0.1429, 0.0, 0.0, 0.0, 0.0, 0.0, 0.0, 0.0, 0.0, 0.0, 0.0, 0.0, 0.0, 0.0, 0.0, 0.0, 0.0, 0.0, 0.0, 0.0, 0.0, 0.0, 0.0, 0.0, 0.0, 0.0, 0.0, 0.0, 0.0, 0.0, 0.0, 0.0]"
broadcast,0.6,2,broadcast,0.0195,0.0195,0.0195,0.0,2,True,39,0,301,1660,0,"[0.0, 0.0195, 0.0195, 0.0195, 0.0195, 0.0195, 0.0195, 0.0195, 0.0195, 0.0195, 0.0195, 0.0195, 0.0195, 0.0195, 0.0195, 0.0195, 0.0195, 0.0195, 0.0195, 0.0195, 0.0195, 0.0195, 0.0195, 0.0195, 0.0195, 0.0195, 0.0195, 0.0195, 0.0195, 0.0195, 0.0195, 0.0195, 0.0195, 0.0195, 0.0195, 0.0195, 0.0195, 0.0195, 0.0195, 0.0195, 0.0195, 0.0195, 0.0195, 0.0195, 0.0195, 0.0195, 0.0195, 0.0195, 0.0195, 0.0195, 0.0195, 0.0195, 0.0195, 0.0195, 0.0195, 0.0195, 0.0195, 0.0195, 0.0195, 0.0195, 0.0195, 0.0195, 0.0195, 0.0195, 0.0195, 0.0195, 0.0195, 0.0195, 0.0195, 0.0195, 0.0195, 0.0195, 0.0195, 0.0195, 0.0195, 0.0195, 0.0195, 0.0195, 0.0195, 0.0195, 0.0195, 0.0195, 0.0195, 0.0195, 0.0195, 0.0195, 0.0195, 0.0195, 0.0195, 0.0195, 0.0195, 0.0195, 0.0195, 0.0195, 0.0195, 0.0195, 0.0195, 0.0195, 0.0195, 0.0195, 0.0195]","{""0"": 0.0039, ""1"": 0.0207, ""2"": 0.022, ""3"": 0.0203, ""4"": 0.0285, ""5"": 0.0164, ""6"": 0.0358, ""7"": 0.0078}","[0.0, 0.0, 0.1, 0.0, 0.1111, 0.0, 0.0, 0.1, 0.0, 0.0, 0.0, 0.0, 0.0, 0.0, 0.0, 0.1429, 0.0, 0.0, 0.0, 0.1429, 0.0, 0.0, 0.1111, 0.0, 0.0, 0.0, 0.0, 0.0, 0.0, 0.0, 0.0, 0.1429, 0.0, 0.0, 0.0, 0.0, 0.0, 0.2222, 0.0, 0.0, 0.0, 0.0, 0.0, 0.0, 0.0, 0.25, 0.0, 0.0833, 0.0, 0.0, 0.0, 0.0, 0.0, 0.0, 0.0, 0.0, 0.0, 0.0, 0.0, 0.125, 0.0, 0.0, 0.0, 0.0, 0.0, 0.0, 0.0, 0.0, 0.0, 0.0, 0.0, 0.0, 0.0, 0.0, 0.0, 0.0, 0.0, 0.0, 0.0, 0.1, 0.0, 0.0, 0.3333, 0.0, 0.125, 0.0, 0.0, 0.0, 0.0, 0.0, 0.0, 0.0, 0.0, 0.0, 0.0, 0.0667, 0.0, 0.0, 0.1, 0.0, 0.0, 0.0, 0.0, 0.0, 0.0, 0.0, 0.0, 0.0, 0.0, 0.0, 0.0, 0.1, 0.0, 0.0, 0.0, 0.0, 0.1429, 0.0, 0.0, 0.1429, 0.0, 0.0, 0.0909, 0.0, 0.0, 0.0, 0.0, 0.0, 0.0909, 0.0, 0.0, 0.0, 0.1111, 0.1429, 0.1111, 0.0833, 0.0, 0.0, 0.0, 0.0, 0.0, 0.0, 0.0, 0.0, 0.0, 0.125, 0.0, 0.0, 0.0, 0.0, 0.1429, 0.0, 0.0, 0.0, 0.125, 0.0, 0.0, 0.0, 0.0, 0.0, 0.0, 0.0, 0.0, 0.0, 0.0, 0.0, 0.0, 0.0, 0.0, 0.0, 0.0, 0.0, 0.0, 0.0, 0.0, 0.0, 0.0, 0.0, 0.0, 0.0, 0.0, 0.0, 0.0, 0.1111, 0.0, 0.0, 0.0, 0.0, 0.0, 0.0, 0.0, 0.0, 0.0, 0.0, 0.0, 0.0, 0.1429, 0.1429, 0.0, 0.0, 0.0, 0.0, 0.0, 0.0, 0.0, 0.0, 0.0, 0.0, 0.0, 0.0, 0.0, 0.0, 0.0, 0.0, 0.0, 0.0, 0.0, 0.0, 0.0, 0.0, 0.0, 0.0, 0.0, 0.0, 0.0, 0.0, 0.0, 0.0, 0.0, 0.1111, 0.125, 0.0, 0.0, 0.0, 0.0, 0.5, 0.0, 0.0, 0.0, 0.0, 0.125, 0.0, 0.0, 0.0, 0.0, 0.1111, 0.0, 0.0, 0.0, 0.0]"
broadcast,0.6,3,broadcast,0.0255,0.0255,0.0255,-0.0,3,True,51,0,320,1629,0,"[0.0, 0.0245, 0.0255, 0.0255, 0.0255, 0.0255, 0.0255, 0.0255, 0.0255, 0.0255, 0.0255, 0.0255, 0.0255, 0.0255, 0.0255, 0.0255, 0.0255, 0.0255, 0.0255, 0.0255, 0.0255, 0.0255, 0.0255, 0.0255, 0.0255, 0.0255, 0.0255, 0.0255, 0.0255, 0.0255, 0.0255, 0.0255, 0.0255, 0.0255, 0.0255, 0.0255, 0.0255, 0.0255, 0.0255, 0.0255, 0.0255, 0.0255, 0.0255, 0.0255, 0.0255, 0.0255, 0.0255, 0.0255, 0.0255, 0.0255, 0.0255, 0.0255, 0.0255, 0.0255, 0.0255, 0.0255, 0.0255, 0.0255, 0.0255, 0.0255, 0.0255, 0.0255, 0.0255, 0.0255, 0.0255, 0.0255, 0.0255, 0.0255, 0.0255, 0.0255, 0.0255, 0.0255, 0.0255, 0.0255, 0.0255, 0.0255, 0.0255, 0.0255, 0.0255, 0.0255, 0.0255, 0.0255, 0.0255, 0.0255, 0.0255, 0.0255, 0.0255, 0.0255, 0.0255, 0.0255, 0.0255, 0.0255, 0.0255, 0.0255, 0.0255, 0.0255, 0.0255, 0.0255, 0.0255, 0.0255, 0.0255]","{""0"": 0.0161, ""1"": 0.0379, ""2"": 0.032, ""3"": 0.0162, ""4"": 0.0363, ""5"": 0.0203, ""6"": 0.012, ""7"": 0.0325}","[0.0, 0.0, 0.0, 0.0, 0.0, 0.0, 0.0, 0.0, 0.0, 0.0, 0.0, 0.0, 0.1429, 0.0, 0.0, 0.0, 0.0, 0.0, 0.0, 0.0, 0.0, 0.0, 0.0, 0.125, 0.0, 0.0, 0.4286, 0.0, 0.0, 0.0, 0.0, 0.0, 0.0, 0.0, 0.0, 0.0, 0.0, 0.1429, 0.0, 0.0, 0.0, 0.0, 0.0, 0.125, 0.0, 0.0, 0.0, 0.0, 0.0, 0.0, 0.0, 0.0, 0.0, 0.0, 0.0, 0.0, 0.0, 0.2, 0.0, 0.0, 0.0, 0.1, 0.0, 0.0, 0.0, 0.0, 0.0, 0.0, 0.0, 0.1667, 0.0, 0.0, 0.1111, 0.0, 0.0, 0.0, 0.0, 0.0, 0.0, 0.0, 0.0, 0.0, 0.0, 0.1667, 0.0, 0.0, 0.0, 0.0, 0.0, 0.0, 0.0, 0.0, 0.0, 0.0, 0.0, 0.1, 0.0, 0.0, 0.0, 0.0, 0.1667, 0.0833, 0.0, 0.0, 0.0, 0.0, 0.0, 0.1667, 0.0, 0.0, 0.1, 0.0, 0.0, 0.0, 0.1, 0.0, 0.0, 0.1111, 0.1429, 0.0, 0.0, 0.1, 0.3333, 0.1667, 0.0, 0.0, 0.0, 0.2, 0.2, 0.0, 0.1111, 0.0, 0.0, 0.0, 0.0, 0.0, 0.2, 0.0909, 0.0, 0.0, 0.0, 0.1667, 0.0, 0.0, 0.0, 0.0, 0.0, 0.0, 0.0, 0.0, 0.0, 0.0, 0.0, 0.0769, 0.0833, 0.0, 0.0, 0.0, 0.0, 0.0, 0.0, 0.0, 0.0, 0.125, 0.0, 0.1111, 0.0, 0.0, 0.1429, 0.0, 0.0, 0.0909, 0.0, 0.0, 0.0, 0.0, 0.0, 0.0, 0.0, 0.0, 0.0, 0.1667, 0.0, 0.0, 0.0, 0.0, 0.0, 0.0, 0.125, 0.0, 0.0, 0.0, 0.0, 0.0, 0.0, 0.0, 0.1, 0.0, 0.0, 0.0, 0.0, 0.0, 0.0, 0.0, 0.0, 0.0, 0.125, 0.0, 0.2, 0.0, 0.0, 0.0, 0.0, 0.0, 0.0, 0.0, 0.0, 0.0, 0.0, 0.0, 0.0, 0.0, 0.0, 0.0, 0.2, 0.0, 0.1, 0.1111, 0.0, 0.0, 0.0, 0.0, 0.0, 0.0, 0.0, 0.0, 0.0, 0.1429, 0.1429, 0.0, 0.0, 0.0, 0.0, 0.125, 0.0, 0.0, 0.125, 0.0, 0.0, 0.0]"
broadcast,0.6,4,broadcast,0.0245,0.0245,0.0245,0.0,3,True,49,0,287,1664,0,"[0.0, 0.024, 0.0245, 0.0245, 0.0245, 0.0245, 0.0245, 0.0245, 0.0245, 0.0245, 0.0245, 0.0245, 0.0245, 0.0245, 0.0245, 0.0245, 0.0245, 0.0245, 0.0245, 0.0245, 0.0245, 0.0245, 0.0245, 0.0245, 0.0245, 0.0245, 0.0245, 0.0245, 0.0245, 0.0245, 0.0245, 0.0245, 0.0245, 0.0245, 0.0245, 0.0245, 0.0245, 0.0245, 0.0245, 0.0245, 0.0245, 0.0245, 0.0245, 0.0245, 0.0245, 0.0245, 0.0245, 0.0245, 0.0245, 0.0245, 0.0245, 0.0245, 0.0245, 0.0245, 0.0245, 0.0245, 0.0245, 0.0245, 0.0245, 0.0245, 0.0245, 0.0245, 0.0245, 0.0245, 0.0245, 0.0245, 0.0245, 0.0245, 0.0245, 0.0245, 0.0245, 0.0245, 0.0245, 0.0245, 0.0245, 0.0245, 0.0245, 0.0245, 0.0245, 0.0245, 0.0245, 0.0245, 0.0245, 0.0245, 0.0245, 0.0245, 0.0245, 0.0245, 0.0245, 0.0245, 0.0245, 0.0245, 0.0245, 0.0245, 0.0245, 0.0245, 0.0245, 0.0245, 0.0245, 0.0245, 0.0245]","{""0"": 0.0041, ""1"": 0.038, ""2"": 0.0286, ""3"": 0.023, ""4"": 0.017, ""5"": 0.02, ""6"": 0.0476, ""7"": 0.0162}","[0.0, 0.0, 0.0, 0.0, 0.0, 0.0, 0.0, 0.0, 0.0, 0.0, 0.0, 0.0, 0.0, 0.0, 0.0, 0.2, 0.0, 0.0, 0.0, 0.1111, 0.0769, 0.0, 0.0, 0.0, 0.0, 0.0, 0.0, 0.0, 0.1429, 0.0, 0.0, 0.0, 0.0, 0.0, 0.0, 0.0, 0.0, 0.1, 0.0, 0.0, 0.0, 0.0, 0.2, 0.0, 0.0, 0.0, 0.0, 0.2, 0.1111, 0.0, 0.0, 0.0, 0.0, 0.0, 0.0, 0.0, 0.0, 0.0, 0.0, 0.0, 0.0, 0.0, 0.1429, 0.0, 0.0, 0.0, 0.0, 0.0, 0.0, 0.0, 0.0, 0.1111, 0.0, 0.0, 0.0, 0.0, 0.0, 0.0, 0.0, 0.0, 0.0769, 0.0, 0.0, 0.0, 0.0, 0.125, 0.0, 0.0, 0.0, 0.0, 0.0, 0.0, 0.0, 0.0, 0.0, 0.0, 0.0, 0.0, 0.0, 0.0, 0.0, 0.0, 0.0, 0.0833, 0.0, 0.0, 0.3333, 0.125, 0.0, 0.0, 0.0, 0.0, 0.0, 0.0, 0.0, 0.0, 0.0, 0.0, 0.0, 0.1, 0.0, 0.0, 0.1111, 0.0, 0.0, 0.0, 0.1111, 0.1429, 0.0, 0.0, 0.1667, 0.0, 0.1667, 0.1667, 0.0, 0.0, 0.0, 0.0, 0.0769, 0.0, 0.125, 0.1, 0.0, 0.0, 0.0, 0.0, 0.0, 0.0, 0.0, 0.0, 0.0, 0.1667, 0.1111, 0.0, 0.125, 0.0, 0.0909, 0.0, 0.0, 0.0, 0.0, 0.0, 0.0, 0.0, 0.1, 0.0, 0.0, 0.1429, 0.0, 0.0, 0.0, 0.3333, 0.0, 0.0, 0.0, 0.1111, 0.0, 0.0, 0.0, 0.1667, 0.0, 0.0, 0.0, 0.0, 0.0, 0.0, 0.0, 0.0, 0.0, 0.0, 0.0, 0.0, 0.0, 0.1111, 0.0, 0.1429, 0.0, 0.0, 0.1667, 0.0, 0.0, 0.0, 0.0, 0.0, 0.0, 0.0, 0.0, 0.0, 0.0, 0.0, 0.0, 0.0, 0.0, 0.0, 0.0909, 0.0, 0.0, 0.0, 0.0, 0.125, 0.0, 0.0, 0.0, 0.0, 0.0, 0.0, 0.0, 0.0, 0.0, 0.0, 0.0, 0.125, 0.125, 0.0, 0.0, 0.0, 0.0, 0.0, 0.0, 0.1667, 0.0, 0.0, 0.0833, 0.0, 0.0, 0.0, 0.1111, 0.0, 0.0, 0.0]"
broadcast,0.6,5,broadcast,0.025,0.025,0.025,0.0,2,True,50,0,310,1640,0,"[0.0, 0.025, 0.025, 0.025, 0.025, 0.025, 0.025, 0.025, 0.025, 0.025, 0.025, 0.025, 0.025, 0.025, 0.025, 0.025, 0.025, 0.025, 0.025, 0.025, 0.025, 0.025, 0.025, 0.025, 0.025, 0.025, 0.025, 0.025, 0.025, 0.025, 0.025, 0.025, 0.025, 0.025, 0.025, 0.025, 0.025, 0.025, 0.025, 0.025, 0.025, 0.025, 0.025, 0.025, 0.025, 0.025, 0.025, 0.025, 0.025, 0.025, 0.025, 0.025, 0.025, 0.025, 0.025, 0.025, 0.025, 0.025, 0.025, 0.025, 0.025, 0.025, 0.025, 0.025, 0.025, 0.025, 0.025, 0.025, 0.025, 0.025, 0.025, 0.025, 0.025, 0.025, 0.025, 0.025, 0.025, 0.025, 0.025, 0.025, 0.025, 0.025, 0.025, 0.025, 0.025, 0.025, 0.025, 0.025, 0.025, 0.025, 0.025, 0.025, 0.025, 0.025, 0.025, 0.025, 0.025, 0.025, 0.025, 0.025, 0.025]","{""0"": 0.0282, ""1"": 0.0145, ""2"": 0.0256, ""3"": 0.0236, ""4"": 0.0328, ""5"": 0.0165, ""6"": 0.0447, ""7"": 0.0157}","[0.0, 0.0, 0.0, 0.1667, 0.1429, 0.0, 0.0, 0.0, 0.0, 0.2, 0.0, 0.0, 0.0, 0.1667, 0.0, 0.0, 0.0, 0.0, 0.0, 0.125, 0.0, 0.0, 0.0, 0.0, 0.0, 0.0, 0.0, 0.0, 0.0, 0.0, 0.0, 0.0, 0.0, 0.0, 0.0, 0.0, 0.0909, 0.125, 0.0, 0.1111, 0.0, 0.1667, 0.0, 0.0, 0.0, 0.0, 0.0, 0.0, 0.0, 0.0, 0.0, 0.0, 0.0909, 0.1667, 0.0, 0.0, 0.0, 0.0, 0.0833, 0.0, 0.0, 0.0, 0.1111, 0.0, 0.0, 0.0, 0.1111, 0.0909, 0.0, 0.0, 0.0, 0.1429, 0.0, 0.0, 0.0, 0.0, 0.0, 0.0, 0.0, 0.1667, 0.0, 0.1667, 0.0, 0.0, 0.0, 0.0, 0.0, 0.1429, 0.0, 0.0, 0.0, 0.0, 0.0, 0.0, 0.0, 0.125, 0.0, 0.0, 0.0, 0.0, 0.0, 0.0833, 0.0, 0.0, 0.0, 0.0, 0.0, 0.0, 0.0, 0.0, 0.0, 0.125, 0.0, 0.0, 0.25, 0.0, 0.0, 0.0, 0.0, 0.0, 0.1111, 0.0, 0.0, 0.0, 0.0, 0.0769, 0.0, 0.1667, 0.0, 0.125, 0.0, 0.0, 0.0, 0.0, 0.1111, 0.2857, 0.1, 0.0, 0.0, 0.0, 0.1429, 0.2857, 0.0, 0.0, 0.0, 0.0, 0.0, 0.0, 0.1, 0.0, 0.0, 0.0, 0.0, 0.0, 0.0, 0.0, 0.0, 0.0, 0.0, 0.0, 0.0, 0.0, 0.0, 0.0, 0.0, 0.0, 0.0, 0.0769, 0.0, 0.0, 0.0, 0.0, 0.0, 0.0, 0.0, 0.0, 0.0, 0.0, 0.0, 0.0, 0.0, 0.0, 0.1, 0.0, 0.0, 0.0, 0.0, 0.0, 0.0, 0.0, 0.0, 0.0, 0.0, 0.125, 0.0, 0.0, 0.0, 0.1, 0.125, 0.0, 0.1111, 0.125, 0.0, 0.2857, 0.0, 0.0, 0.0, 0.0, 0.0, 0.0, 0.0, 0.0, 0.0, 0.0, 0.0, 0.0, 0.0, 0.0, 0.0, 0.0, 0.0, 0.0, 0.0, 0.0, 0.0, 0.0, 0.0667, 0.0, 0.0, 0.0, 0.0, 0.1111, 0.0, 0.0, 0.0, 0.0769, 0.0909, 0.0, 0.0, 0.0, 0.1667, 0.0, 0.0, 0.0, 0.0, 0.0, 0.0, 0.0, 0.0, 0.0]"
broadcast,0.6,6,broadcast,0.0275,0.0275,0.0275,-0.0,2,True,55,0,290,1655,0,"[0.0, 0.0275, 0.0275, 0.0275, 0.0275, 0.0275, 0.0275, 0.0275, 0.0275, 0.0275, 0.0275, 0.0275, 0.0275, 0.0275, 0.0275, 0.0275, 0.0275, 0.0275, 0.0275, 0.0275, 0.0275, 0.0275, 0.0275, 0.0275, 0.0275, 0.0275, 0.0275, 0.0275, 0.0275, 0.0275, 0.0275, 0.0275, 0.0275, 0.0275, 0.0275, 0.0275, 0.0275, 0.0275, 0.0275, 0.0275, 0.0275, 0.0275, 0.0275, 0.0275, 0.0275, 0.0275, 0.0275, 0.0275, 0.0275, 0.0275, 0.0275, 0.0275, 0.0275, 0.0275, 0.0275, 0.0275, 0.0275, 0.0275, 0.0275, 0.0275, 0.0275, 0.0275, 0.0275, 0.0275, 0.0275, 0.0275, 0.0275, 0.0275, 0.0275, 0.0275, 0.0275, 0.0275, 0.0275, 0.0275, 0.0275, 0.0275, 0.0275, 0.0275, 0.0275, 0.0275, 0.0275, 0.0275, 0.0275, 0.0275, 0.0275, 0.0275, 0.0275, 0.0275, 0.0275, 0.0275, 0.0275, 0.0275, 0.0275, 0.0275, 0.0275, 0.0275, 0.0275, 0.0275, 0.0275, 0.0275, 0.0275]","{""0"": 0.03, ""1"": 0.0282, ""2"": 0.0211, ""3"": 0.0225, ""4"": 0.0123, ""5"": 0.042, ""6"": 0.0407, ""7"": 0.0237}","[0.0, 0.3333, 0.0, 0.0, 0.0, 0.0, 0.0, 0.0, 0.1429, 0.0, 0.0, 0.0, 0.0, 0.0, 0.0, 0.0, 0.0, 0.1111, 0.0, 0.0, 0.0, 0.1429, 0.0, 0.0, 0.0, 0.0, 0.1111, 0.0, 0.0, 0.0, 0.0, 0.0, 0.0, 0.2222, 0.0, 0.0, 0.0, 0.0, 0.1667, 0.125, 0.0, 0.0, 0.0, 0.0, 0.0, 0.0, 0.0, 0.1667, 0.0, 0.1, 0.0, 0.0, 0.0, 0.0, 0.125, 0.0, 0.0, 0.0, 0.0, 0.1429, 0.0, 0.0, 0.0909, 0.0, 0.0, 0.1, 0.0, 0.0, 0.0, 0.0, 0.0, 0.0, 0.0, 0.0, 0.1429, 0.0, 0.125, 0.0, 0.2, 0.0, 0.0, 0.0, 0.0, 0.0, 0.1667, 0.0, 0.0, 0.1429, 0.0, 0.0, 0.1, 0.0, 0.0, 0.0, 0.1429, 0.1429, 0.125, 0.0, 0.0, 0.0, 0.1111, 0.0, 0.1429, 0.0, 0.0, 0.0, 0.0, 0.0, 0.0, 0.0, 0.0, 0.0, 0.125, 0.0, 0.0, 0.0, 0.0, 0.0, 0.0, 0.0, 0.0, 0.0, 0.0, 0.1111, 0.0909, 0.0, 0.0, 0.1667, 0.0, 0.0, 0.125, 0.2, 0.0, 0.125, 0.0, 0.0, 0.0, 0.0, 0.0, 0.0, 0.0833, 0.0, 0.0, 0.0, 0.0, 0.0, 0.0, 0.0, 0.0, 0.0, 0.0, 0.0, 0.0, 0.0, 0.0, 0.25, 0.0, 0.0, 0.0, 0.0, 0.0, 0.0, 0.0, 0.0, 0.0, 0.0, 0.0, 0.0, 0.125, 0.0, 0.1, 0.0, 0.0, 0.0, 0.0, 0.1667, 0.0, 0.1429, 0.0, 0.0, 0.0, 0.0, 0.1, 0.0, 0.0, 0.0, 0.0, 0.0, 0.0, 0.0, 0.0, 0.0, 0.0, 0.0, 0.0, 0.0, 0.0, 0.1667, 0.0, 0.0, 0.0, 0.0, 0.1, 0.0, 0.0, 0.0, 0.0, 0.1429, 0.3333, 0.0, 0.0, 0.0, 0.0, 0.0, 0.0, 0.0, 0.0, 0.0, 0.1429, 0.125, 0.2, 0.0, 0.1111, 0.1429, 0.0, 0.0, 0.0, 0.0, 0.0, 0.0, 0.0, 0.0, 0.0, 0.0, 0.0, 0.0, 0.0, 0.0, 0.0, 0.1, 0.125, 0.0, 0.0, 0.0, 0.0, 0.0, 0.1429, 0.0909, 0.0, 0.0]"
broadcast,0.6,7,broadcast,0.023,0.023,0.023,0.0,3,True,46,0,302,1652,0,"[0.0, 0.022, 0.023, 0.023, 0.023, 0.023, 0.023, 0.023, 0.023, 0.023, 0.023, 0.023, 0.023, 0.023, 0.023, 0.023, 0.023, 0.023, 0.023, 0.023, 0.023, 0.023, 0.023, 0.023, 0.023, 0.023, 0.023, 0.023, 0.023, 0.023, 0.023, 0.023, 0.023, 0.023, 0.023, 0.023, 0.023, 0.023, 0.023, 0.023, 0.023, 0.023, 0.023, 0.023, 0.023, 0.023, 0.023, 0.023, 0.023, 0.023, 0.023, 0.023, 0.023, 0.023, 0.023, 0.023, 0.023, 0.023, 0.023, 0.023, 0.023, 0.023, 0.023, 0.023, 0.023, 0.023, 0.023, 0.023, 0.023, 0.023, 0.023, 0.023, 0.023, 0.023, 0.023, 0.023, 0.023, 0.023, 0.023, 0.023, 0.023, 0.023, 0.023, 0.023, 0.023, 0.023, 0.023, 0.023, 0.023, 0.023, 0.023, 0.023, 0.023, 0.023, 0.023, 0.023, 0.023, 0.023, 0.023, 0.023, 0.023]","{""0"": 0.0114, ""1"": 0.0319, ""2"": 0.0086, ""3"": 0.0496, ""4"": 0.0333, ""5"": 0.0247, ""6"": 0.015, ""7"": 0.0115}","[0.0, 0.0, 0.0, 0.0, 0.0, 0.3333, 0.0, 0.0, 0.0, 0.0, 0.1429, 0.0, 0.0, 0.0, 0.0, 0.0, 0.0, 0.0, 0.0, 0.0, 0.25, 0.0, 0.0, 0.0, 0.0, 0.0, 0.125, 0.0, 0.125, 0.0, 0.0, 0.0, 0.0, 0.0, 0.4, 0.0, 0.0, 0.1429, 0.0, 0.0, 0.0, 0.0, 0.0, 0.0, 0.1667, 0.0, 0.1429, 0.1429, 0.0, 0.0, 0.0, 0.0, 0.0, 0.0, 0.125, 0.2, 0.0, 0.0, 0.0, 0.0, 0.1538, 0.0, 0.0, 0.0, 0.0, 0.1429, 0.0, 0.0, 0.0, 0.0, 0.0, 0.1429, 0.0, 0.0, 0.0, 0.0, 0.1429, 0.1111, 0.0, 0.0, 0.0, 0.0, 0.0, 0.0, 0.3333, 0.0, 0.0, 0.0, 0.0, 0.0, 0.0769, 0.0, 0.0, 0.125, 0.0, 0.0, 0.0, 0.0, 0.0, 0.0, 0.3333, 0.0, 0.0, 0.0, 0.0, 0.0, 0.0, 0.0, 0.125, 0.0, 0.0, 0.0, 0.2, 0.0, 0.1667, 0.0, 0.0, 0.0714, 0.0, 0.0, 0.0, 0.0, 0.0, 0.0, 0.0, 0.0, 0.0, 0.0, 0.0, 0.0, 0.0, 0.0, 0.0, 0.0, 0.0, 0.0, 0.0, 0.0, 0.0, 0.0, 0.1429, 0.0, 0.0, 0.0, 0.0, 0.0, 0.0, 0.0, 0.0, 0.0, 0.0, 0.0, 0.0, 0.0, 0.0, 0.0, 0.1111, 0.125, 0.0, 0.0, 0.0, 0.0, 0.125, 0.0, 0.0, 0.0, 0.0, 0.0, 0.0, 0.0, 0.0, 0.0, 0.0, 0.0, 0.0, 0.0, 0.0, 0.1, 0.0, 0.0, 0.0, 0.0, 0.2, 0.0, 0.0, 0.0, 0.0, 0.0, 0.0, 0.0833, 0.0, 0.0, 0.0, 0.0, 0.0, 0.1429, 0.0, 0.0, 0.125, 0.0, 0.0, 0.0, 0.0, 0.0, 0.0, 0.0, 0.0, 0.0, 0.0, 0.0, 0.0, 0.0, 0.0, 0.0, 0.0, 0.0, 0.1, 0.0, 0.0, 0.125, 0.0, 0.0, 0.0, 0.0909, 0.0, 0.0, 0.0, 0.0, 0.0, 0.0, 0.1111, 0.0, 0.0, 0.0, 0.1429, 0.0, 0.0, 0.0, 0.0, 0.0, 0.1111, 0.0, 0.0, 0.0, 0.0, 0.1429, 0.0, 0.0, 0.0, 0.0769]"
broadcast,0.6,8,broadcast,0.0235,0.0235,0.0235,0.0,2,True,47,0,277,1676,0,"[0.0, 0.0235, 0.0235, 0.0235, 0.0235, 0.0235, 0.0235, 0.0235, 0.0235, 0.0235, 0.0235, 0.0235, 0.0235, 0.0235, 0.0235, 0.0235, 0.0235, 0.0235, 0.0235, 0.0235, 0.0235, 0.0235, 0.0235, 0.0235, 0.0235, 0.0235, 0.0235, 0.0235, 0.0235, 0.0235, 0.0235, 0.0235, 0.0235, 0.0235, 0.0235, 0.0235, 0.0235, 0.0235, 0.0235, 0.0235, 0.0235, 0.0235, 0.0235, 0.0235, 0.0235, 0.0235, 0.0235, 0.0235, 0.0235, 0.0235, 0.0235, 0.0235, 0.0235, 0.0235, 0.0235, 0.0235, 0.0235, 0.0235, 0.0235, 0.0235, 0.0235, 0.0235, 0.0235, 0.0235, 0.0235, 0.0235, 0.0235, 0.0235, 0.0235, 0.0235, 0.0235, 0.0235, 0.0235, 0.0235, 0.0235, 0.0235, 0.0235, 0.0235, 0.0235, 0.0235, 0.0235, 0.0235, 0.0235, 0.0235, 0.0235, 0.0235, 0.0235, 0.0235, 0.0235, 0.0235, 0.0235, 0.0235, 0.0235, 0.0235, 0.0235, 0.0235, 0.0235, 0.0235, 0.0235, 0.0235, 0.0235]","{""0"": 0.015, ""1"": 0.0233, ""2"": 0.03, ""3"": 0.0204, ""4"": 0.0373, ""5"": 0.0196, ""6"": 0.0167, ""7"": 0.0269}","[0.0, 0.0, 0.0, 0.1429, 0.0, 0.0, 0.0, 0.0, 0.0, 0.0, 0.1667, 0.0, 0.0, 0.1111, 0.0, 0.0, 0.0, 0.0, 0.1429, 0.1429, 0.0, 0.0, 0.0, 0.0, 0.125, 0.0, 0.0, 0.0, 0.1111, 0.1667, 0.0, 0.0, 0.0, 0.0, 0.0, 0.0, 0.0, 0.0, 0.0, 0.0, 0.0, 0.0, 0.0, 0.0, 0.125, 0.125, 0.0, 0.0, 0.1429, 0.0, 0.0, 0.0, 0.0, 0.0, 0.25, 0.0, 0.0, 0.0, 0.0, 0.0, 0.0, 0.0, 0.0, 0.1429, 0.0, 0.0, 0.0, 0.0, 0.0, 0.0, 0.1, 0.0, 0.0, 0.0, 0.0, 0.0, 0.0, 0.0, 0.1429, 0.0, 0.0, 0.0, 0.25, 0.0, 0.0, 0.0, 0.0, 0.0, 0.0, 0.0, 0.0, 0.0, 0.0, 0.0, 0.0, 0.0, 0.0, 0.0, 0.125, 0.0, 0.0, 0.0, 0.0, 0.0, 0.0909, 0.2222, 0.0, 0.0, 0.0, 0.0, 0.0, 0.0, 0.0, 0.0, 0.0, 0.0, 0.0, 0.0, 0.0, 0.0, 0.1667, 0.0, 0.0, 0.0, 0.0, 0.2857, 0.2, 0.0, 0.0, 0.0, 0.1429, 0.0, 0.0, 0.0, 0.0, 0.0, 0.1667, 0.0, 0.0, 0.0, 0.0, 0.0, 0.0, 0.0, 0.0, 0.0, 0.0, 0.0, 0.0, 0.0, 0.0, 0.0, 0.0, 0.0909, 0.0, 0.0, 0.0, 0.1667, 0.0, 0.1429, 0.0, 0.0, 0.1667, 0.125, 0.0, 0.1111, 0.0, 0.0, 0.0, 0.0, 0.0, 0.0, 0.0, 0.0, 0.0, 0.0, 0.0909, 0.0, 0.0, 0.1111, 0.0, 0.125, 0.0, 0.0, 0.0, 0.0, 0.0, 0.0, 0.0, 0.0, 0.0, 0.0, 0.0, 0.1111, 0.0, 0.0, 0.1, 0.0, 0.0, 0.0, 0.0, 0.0, 0.0, 0.0, 0.1111, 0.0, 0.1, 0.0, 0.0, 0.0, 0.0, 0.0, 0.0, 0.125, 0.0, 0.0, 0.0, 0.0, 0.0, 0.2, 0.0, 0.0, 0.0, 0.0, 0.0, 0.0, 0.0, 0.2, 0.0, 0.0, 0.0, 0.2857, 0.0, 0.0, 0.0, 0.0, 0.125, 0.0, 0.0, 0.0, 0.0, 0.0, 0.0, 0.0, 0.0, 0.0, 0.0, 0.0, 0.0, 0.0]"
broadcast,0.6,9,broadcast,0.0235,0.0235,0.0235,0.0,2,True,47,0,312,1641,0,"[0.0, 0.0235, 0.0235, 0.0235, 0.0235, 0.0235, 0.0235, 0.0235, 0.0235, 0.0235, 0.0235, 0.0235, 0.0235, 0.0235, 0.0235, 0.0235, 0.0235, 0.0235, 0.0235, 0.0235, 0.0235, 0.0235, 0.0235, 0.0235, 0.0235, 0.0235, 0.0235, 0.0235, 0.0235, 0.0235, 0.0235, 0.0235, 0.0235, 0.0235, 0.0235, 0.0235, 0.0235, 0.0235, 0.0235, 0.0235, 0.0235, 0.0235, 0.0235, 0.0235, 0.0235, 0.0235, 0.0235, 0.0235, 0.0235, 0.0235, 0.0235, 0.0235, 0.0235, 0.0235, 0.0235, 0.0235, 0.0235, 0.0235, 0.0235, 0.0235, 0.0235, 0.0235, 0.0235, 0.0235, 0.0235, 0.0235, 0.0235, 0.0235, 0.0235, 0.0235, 0.0235, 0.0235, 0.0235, 0.0235, 0.0235, 0.0235, 0.0235, 0.0235, 0.0235, 0.0235, 0.0235, 0.0235, 0.0235, 0.0235, 0.0235, 0.0235, 0.0235, 0.0235, 0.0235, 0.0235, 0.0235, 0.0235, 0.0235, 0.0235, 0.0235, 0.0235, 0.0235, 0.0235, 0.0235, 0.0235, 0.0235]","{""0"": 0.0314, ""1"": 0.0264, ""2"": 0.0232, ""3"": 0.0299, ""4"": 0.0221, ""5"": 0.012, ""6"": 0.0359, ""7"": 0.0082}","[0.0, 0.0, 0.0, 0.0, 0.0, 0.0833, 0.0, 0.0, 0.0, 0.0, 0.0, 0.0, 0.1, 0.0, 0.0, 0.0, 0.0, 0.0, 0.0, 0.0, 0.0, 0.0, 0.0, 0.0, 0.0, 0.1111, 0.0, 0.0, 0.0, 0.0, 0.0, 0.0, 0.0, 0.125, 0.0, 0.1667, 0.1, 0.0, 0.0, 0.1429, 0.1667, 0.1111, 0.0, 0.1429, 0.125, 0.0, 0.1111, 0.0, 0.0, 0.1429, 0.0, 0.0, 0.0, 0.0, 0.0, 0.0, 0.0, 0.0, 0.0, 0.0, 0.0, 0.1111, 0.0, 0.0, 0.1667, 0.0, 0.0, 0.0, 0.0, 0.0, 0.0, 0.0, 0.0, 0.0, 0.0833, 0.0, 0.0, 0.0, 0.0, 0.0, 0.0, 0.0, 0.0, 0.0, 0.0, 0.0, 0.0, 0.0, 0.0, 0.0, 0.0, 0.0, 0.0, 0.1667, 0.0, 0.0, 0.0, 0.1111, 0.0, 0.0, 0.1667, 0.0, 0.0, 0.125, 0.0, 0.0, 0.0, 0.0909, 0.0, 0.0, 0.1429, 0.1429, 0.0, 0.0, 0.1429, 0.0, 0.0, 0.0, 0.0, 0.0, 0.0, 0.0, 0.1111, 0.0, 0.0, 0.0, 0.0, 0.0, 0.0, 0.0, 0.0, 0.0, 0.0, 0.0, 0.0, 0.0667, 0.0, 0.0, 0.0, 0.0, 0.0, 0.0, 0.0909, 0.0, 0.0, 0.0, 0.0, 0.0, 0.1, 0.0, 0.0, 0.0, 0.0, 0.0, 0.0, 0.125, 0.0, 0.1, 0.0, 0.1111, 0.0, 0.0, 0.0, 0.0, 0.0, 0.0, 0.0, 0.1667, 0.0, 0.0, 0.0, 0.0, 0.0, 0.0, 0.0, 0.0, 0.0, 0.0, 0.1, 0.1, 0.0, 0.0, 0.0, 0.1111, 0.0, 0.1667, 0.0, 0.0, 0.0, 0.0, 0.0, 0.0, 0.0, 0.0, 0.0909, 0.0, 0.0, 0.0909, 0.0, 0.0, 0.0, 0.0, 0.0, 0.0, 0.0, 0.0, 0.0, 0.25, 0.0, 0.0, 0.2, 0.1, 0.1667, 0.0, 0.0, 0.0, 0.0, 0.0, 0.0, 0.0, 0.0769, 0.0, 0.0, 0.0, 0.0, 0.125, 0.0, 0.0, 0.0, 0.0, 0.0, 0.0, 0.0, 0.0, 0.0, 0.0, 0.0, 0.0, 0.0, 0.0, 0.0, 0.0, 0.0909, 0.0, 0.0, 0.25, 0.0, 0.125, 0.0, 0.0]"
broadcast,0.6,10,broadcast,0.022,0.022,0.022,0.0,2,True,44,0,310,1646,0,"[0.0, 0.022, 0.022, 0.022, 0.022, 0.022, 0.022, 0.022, 0.022, 0.022, 0.022, 0.022, 0.022, 0.022, 0.022, 0.022, 0.022, 0.022, 0.022, 0.022, 0.022, 0.022, 0.022, 0.022, 0.022, 0.022, 0.022, 0.022, 0.022, 0.022, 0.022, 0.022, 0.022, 0.022, 0.022, 0.022, 0.022, 0.022, 0.022, 0.022, 0.022, 0.022, 0.022, 0.022, 0.022, 0.022, 0.022, 0.022, 0.022, 0.022, 0.022, 0.022, 0.022, 0.022, 0.022, 0.022, 0.022, 0.022, 0.022, 0.022, 0.022, 0.022, 0.022, 0.022, 0.022, 0.022, 0.022, 0.022, 0.022, 0.022, 0.022, 0.022, 0.022, 0.022, 0.022, 0.022, 0.022, 0.022, 0.022, 0.022, 0.022, 0.022, 0.022, 0.022, 0.022, 0.022, 0.022, 0.022, 0.022, 0.022, 0.022, 0.022, 0.022, 0.022, 0.022, 0.022, 0.022, 0.022, 0.022, 0.022, 0.022]","{""0"": 0.029, ""1"": 0.0147, ""2"": 0.0241, ""3"": 0.0147, ""4"": 0.0327, ""5"": 0.0198, ""6"": 0.0184, ""7"": 0.0242}","[0.1111, 0.0, 0.0, 0.0, 0.0, 0.1429, 0.0, 0.0, 0.125, 0.0, 0.0, 0.125, 0.0, 0.0, 0.0, 0.0, 0.0, 0.0, 0.0, 0.0, 0.0, 0.0, 0.0, 0.0, 0.0, 0.0, 0.0, 0.125, 0.0, 0.0, 0.0, 0.0, 0.0, 0.1, 0.0, 0.0, 0.0, 0.375, 0.2, 0.0, 0.0, 0.0, 0.0, 0.0, 0.0, 0.125, 0.1429, 0.0, 0.0, 0.1429, 0.0, 0.0, 0.1667, 0.0, 0.0, 0.1667, 0.0, 0.0, 0.0, 0.0, 0.0, 0.0, 0.0, 0.0, 0.0, 0.0, 0.0, 0.0, 0.0, 0.0, 0.0, 0.0, 0.0, 0.0, 0.0, 0.0, 0.0, 0.0, 0.0, 0.1667, 0.0, 0.0, 0.0, 0.0, 0.0, 0.0, 0.0, 0.0, 0.0, 0.0, 0.0, 0.0, 0.0, 0.0, 0.1111, 0.0, 0.0, 0.0, 0.1111, 0.1667, 0.0, 0.5, 0.0, 0.0, 0.1111, 0.0, 0.1, 0.1667, 0.0, 0.0, 0.0, 0.0, 0.0, 0.0, 0.0, 0.0, 0.0, 0.0, 0.0, 0.0, 0.1111, 0.0, 0.0, 0.0, 0.0, 0.0, 0.0, 0.0, 0.0, 0.0, 0.0, 0.0, 0.0, 0.125, 0.0, 0.0, 0.0, 0.0, 0.1111, 0.0, 0.0, 0.0, 0.0, 0.0, 0.0, 0.0909, 0.0, 0.0, 0.0, 0.0, 0.0, 0.0, 0.0, 0.1, 0.0, 0.0, 0.0, 0.0, 0.0, 0.0, 0.1111, 0.0, 0.0, 0.0, 0.0714, 0.0, 0.0, 0.0, 0.0, 0.1667, 0.0, 0.0833, 0.2, 0.0, 0.0, 0.0, 0.1429, 0.1429, 0.0, 0.0, 0.0, 0.0, 0.0, 0.0, 0.0, 0.0, 0.0, 0.0, 0.0, 0.0, 0.0, 0.0, 0.0, 0.0, 0.0, 0.0, 0.0, 0.0, 0.0, 0.0, 0.0, 0.0, 0.0, 0.0, 0.0, 0.0, 0.0, 0.0, 0.0, 0.0, 0.0, 0.0, 0.0, 0.0, 0.0, 0.0, 0.0, 0.0, 0.0, 0.0, 0.0, 0.0, 0.0, 0.0, 0.0, 0.0, 0.0, 0.0, 0.0, 0.0, 0.0769, 0.0, 0.0909, 0.1667, 0.1429, 0.0, 0.0, 0.0, 0.0, 0.0, 0.0, 0.0, 0.0, 0.1667, 0.0, 0.0, 0.0, 0.125, 0.0, 0.0]"
broadcast,0.6,11,broadcast,0.02,0.02,0.02,0.0,2,True,40,0,284,1676,0,"[0.0, 0.02, 0.02, 0.02, 0.02, 0.02, 0.02, 0.02, 0.02, 0.02, 0.02, 0.02, 0.02, 0.02, 0.02, 0.02, 0.02, 0.02, 0.02, 0.02, 0.02, 0.02, 0.02, 0.02, 0.02, 0.02, 0.02, 0.02, 0.02, 0.02, 0.02, 0.02, 0.02, 0.02, 0.02, 0.02, 0.02, 0.02, 0.02, 0.02, 0.02, 0.02, 0.02, 0.02, 0.02, 0.02, 0.02, 0.02, 0.02, 0.02, 0.02, 0.02, 0.02, 0.02, 0.02, 0.02, 0.02, 0.02, 0.02, 0.02, 0.02, 0.02, 0.02, 0.02, 0.02, 0.02, 0.02, 0.02, 0.02, 0.02, 0.02, 0.02, 0.02, 0.02, 0.02, 0.02, 0.02, 0.02, 0.02, 0.02, 0.02, 0.02, 0.02, 0.02, 0.02, 0.02, 0.02, 0.02, 0.02, 0.02, 0.02, 0.02, 0.02, 0.02, 0.02, 0.02, 0.02, 0.02, 0.02, 0.02, 0.02]","{""0"": 0.0222, ""1"": 0.0201, ""2"": 0.0323, ""3"": 0.0232, ""4"": 0.0191, ""5"": 0.0081, ""6"": 0.0117, ""7"": 0.0236}","[0.0, 0.0, 0.0, 0.0, 0.0, 0.0, 0.0, 0.0, 0.0, 0.0, 0.0, 0.0, 0.0, 0.0, 0.0, 0.0, 0.0714, 0.0, 0.1429, 0.0, 0.0, 0.0, 0.0, 0.0, 0.0, 0.0, 0.0, 0.0, 0.0, 0.0, 0.0, 0.0, 0.0, 0.0, 0.0, 0.0, 0.0, 0.0, 0.0, 0.0, 0.0, 0.0, 0.0, 0.0, 0.0, 0.0, 0.0, 0.0, 0.0, 0.0909, 0.0, 0.1667, 0.0, 0.0, 0.0, 0.0, 0.0, 0.0, 0.0, 0.125, 0.0, 0.0, 0.0, 0.0, 0.0, 0.1429, 0.25, 0.0, 0.1429, 0.0, 0.0, 0.0, 0.0, 0.0, 0.0, 0.0, 0.0, 0.0, 0.0, 0.0, 0.0, 0.0, 0.0, 0.0, 0.125, 0.0, 0.0, 0.0, 0.0769, 0.0, 0.0, 0.0, 0.0, 0.0, 0.0, 0.0, 0.0, 0.0, 0.0, 0.1429, 0.0, 0.0, 0.0, 0.0, 0.0, 0.0, 0.0, 0.0, 0.125, 0.0, 0.0, 0.0, 0.25, 0.0, 0.0, 0.0, 0.1111, 0.0, 0.1111, 0.0, 0.0, 0.0, 0.1111, 0.125, 0.0, 0.0, 0.125, 0.1111, 0.0, 0.0, 0.0, 0.0, 0.0, 0.0, 0.0, 0.1, 0.125, 0.0, 0.0, 0.0, 0.0, 0.0, 0.0, 0.0, 0.0, 0.1429, 0.0, 0.0909, 0.0, 0.0, 0.0, 0.125, 0.0, 0.0, 0.0, 0.1, 0.0, 0.2, 0.0, 0.0, 0.1667, 0.0, 0.0, 0.0, 0.1, 0.125, 0.0, 0.0, 0.0, 0.0, 0.0, 0.0, 0.0, 0.0833, 0.0, 0.0, 0.0, 0.0, 0.0, 0.0, 0.0, 0.0, 0.0, 0.0, 0.0, 0.0, 0.0, 0.0, 0.0, 0.0, 0.0, 0.0, 0.0, 0.0, 0.0, 0.0, 0.0, 0.0, 0.0, 0.0, 0.0, 0.0, 0.0, 0.1667, 0.0909, 0.0833, 0.0, 0.0, 0.0, 0.0, 0.0, 0.0, 0.0, 0.0, 0.0, 0.0, 0.0, 0.0, 0.0, 0.0, 0.0, 0.0, 0.0, 0.0, 0.0, 0.2857, 0.0, 0.1, 0.0, 0.0, 0.0, 0.0, 0.0, 0.0, 0.125, 0.0, 0.0, 0.0, 0.0, 0.0, 0.0, 0.0, 0.0, 0.0, 0.0, 0.0, 0.0, 0.0, 0.0, 0.0]"
broadcast,0.8,0,broadcast,0.018,0.018,0.018,0.0,3,True,36,0,297,1667,0,"[0.0, 0.0175, 0.018, 0.018, 0.018, 0.018, 0.018, 0.018, 0.018, 0.018, 0.018, 0.018, 0.018, 0.018, 0.018, 0.018, 0.018, 0.018, 0.018, 0.018, 0.018, 0.018, 0.018, 0.018, 0.018, 0.018, 0.018, 0.018, 0.018, 0.018, 0.018, 0.018, 0.018, 0.018, 0.018, 0.018, 0.018, 0.018, 0.018, 0.018, 0.018, 0.018, 0.018, 0.018, 0.018, 0.018, 0.018, 0.018, 0.018, 0.018, 0.018, 0.018, 0.018, 0.018, 0.018, 0.018, 0.018, 0.018, 0.018, 0.018, 0.018, 0.018, 0.018, 0.018, 0.018, 0.018, 0.018, 0.018, 0.018, 0.018, 0.018, 0.018, 0.018, 0.018, 0.018, 0.018, 0.018, 0.018, 0.018, 0.018, 0.018, 0.018, 0.018, 0.018, 0.018, 0.018, 0.018, 0.018, 0.018, 0.018, 0.018, 0.018, 0.018, 0.018, 0.018, 0.018, 0.018, 0.018, 0.018, 0.018, 0.018]","{""0"": 0.0152, ""1"": 0.0122, ""2"": 0.0296, ""3"": 0.0357, ""4"": 0.0042, ""5"": 0.0243, ""6"": 0.0172, ""7"": 0.004}","[0.0, 0.0, 0.0, 0.0, 0.0, 0.0, 0.0, 0.0, 0.0, 0.0, 0.0, 0.0, 0.0, 0.0, 0.0, 0.0, 0.0, 0.0, 0.0, 0.0, 0.0, 0.0, 0.0909, 0.0, 0.0, 0.0, 0.0, 0.125, 0.0, 0.0, 0.0, 0.0, 0.0, 0.0, 0.0, 0.0, 0.0, 0.0, 0.0, 0.0, 0.0, 0.0, 0.0, 0.0, 0.0, 0.0, 0.0, 0.0, 0.0, 0.0, 0.0, 0.0, 0.0, 0.0, 0.0909, 0.0, 0.0, 0.0, 0.0, 0.3, 0.0, 0.0, 0.2, 0.0, 0.0, 0.0, 0.0, 0.0, 0.0, 0.0, 0.0, 0.0, 0.0, 0.0, 0.0, 0.0, 0.0, 0.25, 0.0, 0.0, 0.0, 0.0, 0.0, 0.0, 0.0, 0.0, 0.0, 0.125, 0.0, 0.0, 0.0, 0.0, 0.0, 0.0, 0.0, 0.0, 0.0, 0.0909, 0.0, 0.0, 0.0, 0.0, 0.0, 0.0, 0.0, 0.0, 0.0, 0.0, 0.1429, 0.0, 0.0, 0.0909, 0.0, 0.0, 0.0, 0.0, 0.0, 0.0, 0.0, 0.0, 0.0, 0.0909, 0.0, 0.0, 0.0, 0.0, 0.0, 0.0, 0.0, 0.0, 0.0, 0.0, 0.0, 0.0, 0.125, 0.0, 0.1111, 0.0, 0.0, 0.0, 0.0, 0.0, 0.0, 0.0, 0.0, 0.1667, 0.0, 0.0, 0.0714, 0.0, 0.0, 0.1429, 0.0, 0.1111, 0.0, 0.0, 0.0, 0.0, 0.1111, 0.0, 0.0, 0.0, 0.0, 0.1667, 0.25, 0.0, 0.0, 0.0, 0.0, 0.0, 0.0, 0.0909, 0.0, 0.0, 0.0, 0.0, 0.0, 0.0, 0.0, 0.0, 0.0, 0.0, 0.0, 0.0, 0.0, 0.0, 0.0, 0.0, 0.2, 0.0, 0.0, 0.0, 0.0, 0.0, 0.0, 0.0, 0.0, 0.0, 0.0, 0.0, 0.0, 0.0, 0.1111, 0.1, 0.0, 0.0, 0.0, 0.0, 0.0, 0.0, 0.0909, 0.0, 0.1429, 0.0, 0.0909, 0.0, 0.0, 0.0, 0.0, 0.0, 0.0, 0.0, 0.0, 0.0, 0.0, 0.0, 0.0, 0.0, 0.1667, 0.0, 0.0, 0.0, 0.0, 0.0, 0.1429, 0.0, 0.0, 0.0, 0.0, 0.0, 0.0, 0.0, 0.0, 0.0, 0.0, 0.0, 0.0, 0.0909, 0.0, 0.0]"
broadcast,0.8,1,broadcast,0.0185,0.0185,0.0185,0.0,3,True,37,0,295,1668,0,"[0.0, 0.0175, 0.0185, 0.0185, 0.0185, 0.0185, 0.0185, 0.0185, 0.0185, 0.0185, 0.0185, 0.0185, 0.0185, 0.0185, 0.0185, 0.0185, 0.0185, 0.0185, 0.0185, 0.0185, 0.0185, 0.0185, 0.0185, 0.0185, 0.0185, 0.0185, 0.0185, 0.0185, 0.0185, 0.0185, 0.0185, 0.0185, 0.0185, 0.0185, 0.0185, 0.0185, 0.0185, 0.0185, 0.0185, 0.0185, 0.0185, 0.0185, 0.0185, 0.0185, 0.0185, 0.0185, 0.0185, 0.0185, 0.0185, 0.0185, 0.0185, 0.0185, 0.0185, 0.0185, 0.0185, 0.0185, 0.0185, 0.0185, 0.0185, 0.0185, 0.0185, 0.0185, 0.0185, 0.0185, 0.0185, 0.0185, 0.0185, 0.0185, 0.0185, 0.0185, 0.0185, 0.0185, 0.0185, 0.0185, 0.0185, 0.0185, 0.0185, 0.0185, 0.0185, 0.0185, 0.0185, 0.0185, 0.0185, 0.0185, 0.0185, 0.0185, 0.0185, 0.0185, 0.0185, 0.0185, 0.0185, 0.0185, 0.0185, 0.0185, 0.0185, 0.0185, 0.0185, 0.0185, 0.0185, 0.0185, 0.0185]","{""0"": 0.0271, ""1"": 0.0132, ""2"": 0.0077, ""3"": 0.0163, ""4"": 0.0239, ""5"": 0.0121, ""6"": 0.0154, ""7"": 0.0319}","[0.0, 0.125, 0.0, 0.0, 0.0, 0.0, 0.0, 0.0, 0.0, 0.1667, 0.0, 0.0, 0.0, 0.0, 0.0, 0.0, 0.0, 0.0, 0.0, 0.0, 0.0, 0.0, 0.1111, 0.0, 0.0, 0.0, 0.0, 0.0, 0.0, 0.0, 0.0, 0.0, 0.0, 0.0, 0.0, 0.0, 0.1111, 0.0, 0.0, 0.0, 0.0, 0.0, 0.0, 0.0, 0.0, 0.0, 0.0, 0.1429, 0.0, 0.0, 0.1429, 0.0, 0.1429, 0.0, 0.0, 0.0, 0.0, 0.0, 0.0, 0.0, 0.0, 0.0, 0.0, 0.0, 0.0, 0.0, 0.1111, 0.0, 0.0, 0.0, 0.0, 0.0, 0.0, 0.0, 0.0, 0.0, 0.0, 0.0, 0.0, 0.0, 0.0, 0.0, 0.0, 0.0, 0.0, 0.0, 0.0, 0.0, 0.1, 0.0833, 0.0, 0.0, 0.0, 0.0, 0.0, 0.0, 0.0, 0.0, 0.0667, 0.0, 0.0, 0.0, 0.0, 0.0, 0.0, 0.0, 0.0, 0.0833, 0.2, 0.1111, 0.0, 0.0, 0.0, 0.25, 0.0, 0.0, 0.0, 0.0, 0.0, 0.0, 0.0, 0.0909, 0.0, 0.0, 0.0, 0.0, 0.0, 0.0, 0.2222, 0.0, 0.0, 0.0, 0.0, 0.0, 0.0, 0.0, 0.1111, 0.125, 0.0, 0.0, 0.0909, 0.0, 0.0, 0.0, 0.0, 0.0, 0.0, 0.125, 0.0, 0.1111, 0.0, 0.0, 0.1, 0.0, 0.0, 0.0, 0.0, 0.3333, 0.1429, 0.0, 0.0, 0.0, 0.0, 0.0, 0.0, 0.0, 0.0, 0.0, 0.0, 0.0, 0.0, 0.0, 0.0, 0.0, 0.0, 0.1, 0.0, 0.0, 0.0, 0.0, 0.0, 0.0, 0.0, 0.0, 0.0, 0.0, 0.0, 0.0, 0.0, 0.0, 0.0, 0.0, 0.0, 0.0, 0.0, 0.0, 0.0, 0.0, 0.0, 0.1111, 0.0, 0.0, 0.0, 0.0, 0.0, 0.0, 0.0, 0.0, 0.0, 0.0, 0.0, 0.0, 0.0, 0.1, 0.125, 0.0, 0.0, 0.1667, 0.0, 0.0, 0.0, 0.0, 0.0, 0.0, 0.2, 0.0, 0.0, 0.0, 0.0, 0.125, 0.0, 0.1, 0.1, 0.0, 0.0, 0.0, 0.0, 0.0, 0.0, 0.0, 0.0, 0.0, 0.0, 0.0, 0.0, 0.0, 0.0, 0.0, 0.0, 0.0]"
broadcast,0.8,2,broadcast,0.0215,0.0215,0.0215,0.0,4,True,43,0,279,1678,0,"[0.0, 0.0185, 0.021, 0.0215, 0.0215, 0.0215, 0.0215, 0.0215, 0.0215, 0.0215, 0.0215, 0.0215, 0.0215, 0.0215, 0.0215, 0.0215, 0.0215, 0.0215, 0.0215, 0.0215, 0.0215, 0.0215, 0.0215, 0.0215, 0.0215, 0.0215, 0.0215, 0.0215, 0.0215, 0.0215, 0.0215, 0.0215, 0.0215, 0.0215, 0.0215, 0.0215, 0.0215, 0.0215, 0.0215, 0.0215, 0.0215, 0.0215, 0.0215, 0.0215, 0.0215, 0.0215, 0.0215, 0.0215, 0.0215, 0.0215, 0.0215, 0.0215, 0.0215, 0.0215, 0.0215, 0.0215, 0.0215, 0.0215, 0.0215, 0.0215, 0.0215, 0.0215, 0.0215, 0.0215, 0.0215, 0.0215, 0.0215, 0.0215, 0.0215, 0.0215, 0.0215, 0.0215, 0.0215, 0.0215, 0.0215, 0.0215, 0.0215, 0.0215, 0.0215, 0.0215, 0.0215, 0.0215, 0.0215, 0.0215, 0.0215, 0.0215, 0.0215, 0.0215, 0.0215, 0.0215, 0.0215, 0.0215, 0.0215, 0.0215, 0.0215, 0.0215, 0.0215, 0.0215, 0.0215, 0.0215, 0.0215]","{""0"": 0.0084, ""1"": 0.0173, ""2"": 0.0231, ""3"": 0.0157, ""4"": 0.0394, ""5"": 0.0273, ""6"": 0.012, ""7"": 0.0275}","[0.0, 0.0, 0.0, 0.0909, 0.0, 0.0, 0.0, 0.0, 0.1, 0.0, 0.0, 0.0, 0.1111, 0.0, 0.0, 0.1111, 0.125, 0.0, 0.0, 0.0, 0.0909, 0.0, 0.0, 0.0, 0.0, 0.0, 0.0, 0.0769, 0.1111, 0.0, 0.0, 0.0, 0.0, 0.0, 0.0, 0.0, 0.0, 0.1667, 0.0, 0.0, 0.0, 0.0, 0.0, 0.0, 0.0, 0.0, 0.4286, 0.0, 0.1111, 0.0, 0.0, 0.0, 0.0, 0.0, 0.2, 0.0, 0.1429, 0.0, 0.0, 0.0, 0.0, 0.0, 0.0, 0.0, 0.0, 0.1429, 0.0, 0.0, 0.0, 0.0, 0.0, 0.0, 0.0, 0.0, 0.0, 0.0, 0.0, 0.0, 0.0, 0.0, 0.0, 0.0, 0.0, 0.0, 0.0, 0.0, 0.0, 0.0, 0.0, 0.0, 0.0, 0.0, 0.0, 0.0, 0.1111, 0.0, 0.0, 0.0, 0.0, 0.0, 0.0, 0.0, 0.0, 0.125, 0.0, 0.0, 0.0, 0.0, 0.0, 0.0, 0.0, 0.0, 0.1111, 0.0, 0.0, 0.0, 0.0, 0.0, 0.0, 0.0, 0.1111, 0.0, 0.0, 0.0, 0.0, 0.0, 0.0, 0.0, 0.0, 0.0, 0.0, 0.1, 0.0, 0.0, 0.0, 0.0, 0.0, 0.0, 0.2, 0.0, 0.0, 0.0, 0.0, 0.0, 0.0, 0.0, 0.0, 0.0, 0.0, 0.0, 0.0, 0.0, 0.0, 0.0, 0.0, 0.0, 0.0, 0.0, 0.0, 0.0, 0.0, 0.0, 0.0, 0.0, 0.1, 0.0, 0.0, 0.0, 0.0, 0.0, 0.0, 0.0, 0.0, 0.0, 0.0, 0.0, 0.0, 0.0, 0.0, 0.0, 0.0, 0.1111, 0.0, 0.0, 0.0, 0.0, 0.0, 0.0, 0.0, 0.2222, 0.0, 0.0909, 0.0, 0.0, 0.0, 0.0, 0.0, 0.0, 0.0, 0.0, 0.0, 0.0, 0.0, 0.0, 0.0, 0.0, 0.0, 0.0, 0.125, 0.1429, 0.0, 0.0, 0.0, 0.2222, 0.0, 0.0, 0.0, 0.0, 0.0, 0.2308, 0.0, 0.2, 0.1, 0.0, 0.0, 0.0, 0.0, 0.0, 0.0, 0.2857, 0.0, 0.0, 0.0, 0.0, 0.1667, 0.0, 0.0, 0.0, 0.0769, 0.0, 0.0, 0.0, 0.25, 0.0, 0.0, 0.1, 0.0, 0.0, 0.0, 0.0]"
broadcast,0.8,3,broadcast,0.018,0.018,0.018,0.0,3,True,36,0,309,1655,0,"[0.0, 0.0175, 0.018, 0.018, 0.018, 0.018, 0.018, 0.018, 0.018, 0.018, 0.018, 0.018, 0.018, 0.018, 0.018, 0.018, 0.018, 0.018, 0.018, 0.018, 0.018, 0.018, 0.018, 0.018, 0.018, 0.018, 0.018, 0.018, 0.018, 0.018, 0.018, 0.018, 0.018, 0.018, 0.018, 0.018, 0.018, 0.018, 0.018, 0.018, 0.018, 0.018, 0.018, 0.018, 0.018, 0.018, 0.018, 0.018, 0.018, 0.018, 0.018, 0.018, 0.018, 0.018, 0.018, 0.018, 0.018, 0.018, 0.018, 0.018, 0.018, 0.018, 0.018, 0.018, 0.018, 0.018, 0.018, 0.018, 0.018, 0.018, 0.018, 0.018, 0.018, 0.018, 0.018, 0.018, 0.018, 0.018, 0.018, 0.018, 0.018, 0.018, 0.018, 0.018, 0.018, 0.018, 0.018, 0.018, 0.018, 0.018, 0.018, 0.018, 0.018, 0.018, 0.018, 0.018, 0.018, 0.018, 0.018, 0.018, 0.018]","{""0"": 0.0342, ""1"": 0.0165, ""2"": 0.0159, ""3"": 0.0127, ""4"": 0.0224, ""5"": 0.0077, ""6"": 0.0189, ""7"": 0.0156}","[0.1111, 0.0, 0.0, 0.1429, 0.0, 0.0, 0.0, 0.0, 0.0, 0.0, 0.0, 0.0, 0.0, 0.0, 0.0, 0.0, 0.0, 0.0, 0.0, 0.0, 0.0, 0.125, 0.0, 0.0, 0.0, 0.1667, 0.125, 0.0, 0.0, 0.0, 0.0, 0.0, 0.1111, 0.0, 0.0, 0.0, 0.0, 0.0, 0.0, 0.0, 0.0, 0.0, 0.0, 0.0, 0.0, 0.0, 0.0, 0.0, 0.1111, 0.0, 0.125, 0.1429, 0.0, 0.1111, 0.0, 0.1667, 0.0, 0.0, 0.0, 0.0, 0.0, 0.0, 0.0, 0.0, 0.0, 0.0, 0.0, 0.0, 0.0, 0.25, 0.0, 0.1111, 0.0, 0.1111, 0.0, 0.0, 0.1429, 0.0, 0.0, 0.0, 0.0, 0.0, 0.0, 0.0, 0.0, 0.0, 0.0, 0.0, 0.0, 0.0, 0.1, 0.0, 0.0, 0.0, 0.0, 0.0, 0.0, 0.0, 0.0, 0.0, 0.0, 0.0, 0.0, 0.0769, 0.0, 0.0, 0.0909, 0.0, 0.0, 0.0, 0.0, 0.0, 0.0, 0.0, 0.0, 0.0, 0.0, 0.0, 0.0, 0.0, 0.0, 0.0, 0.0, 0.0, 0.0, 0.0, 0.0, 0.0, 0.0, 0.0, 0.0, 0.0, 0.0, 0.0, 0.0, 0.0, 0.0, 0.125, 0.0, 0.0, 0.0, 0.0, 0.0, 0.0, 0.0, 0.0, 0.0, 0.0, 0.0, 0.0, 0.0, 0.0, 0.0, 0.0, 0.0, 0.0909, 0.1667, 0.0, 0.0, 0.0, 0.0, 0.0, 0.0, 0.0, 0.0, 0.0, 0.0, 0.0, 0.0, 0.1667, 0.0, 0.0, 0.0, 0.1, 0.0, 0.0909, 0.0, 0.0, 0.0, 0.0, 0.0833, 0.0, 0.0, 0.0, 0.0, 0.0, 0.0, 0.0, 0.0, 0.0, 0.0, 0.0, 0.0, 0.0, 0.0, 0.0, 0.0, 0.0, 0.0909, 0.0, 0.0, 0.0, 0.0, 0.0, 0.0, 0.0, 0.0, 0.0, 0.0, 0.0, 0.0, 0.0, 0.0, 0.0, 0.0, 0.0, 0.0, 0.2, 0.0, 0.0, 0.0, 0.0, 0.0833, 0.0, 0.1111, 0.0, 0.0, 0.0, 0.0, 0.0, 0.0, 0.0, 0.0, 0.0, 0.0, 0.0, 0.0, 0.0, 0.0, 0.125, 0.125, 0.375, 0.0, 0.0, 0.0, 0.0833, 0.0, 0.0, 0.0, 0.1429]"
broadcast,0.8,4,broadcast,0.0265,0.0265,0.0265,-0.0,9,True,53,0,287,1660,0,"[0.0, 0.0225, 0.0235, 0.024, 0.0245, 0.025, 0.0255, 0.026, 0.0265, 0.0265, 0.0265, 0.0265, 0.0265, 0.0265, 0.0265, 0.0265, 0.0265, 0.0265, 0.0265, 0.0265, 0.0265, 0.0265, 0.0265, 0.0265, 0.0265, 0.0265, 0.0265, 0.0265, 0.0265, 0.0265, 0.0265, 0.0265, 0.0265, 0.0265, 0.0265, 0.0265, 0.0265, 0.0265, 0.0265, 0.0265, 0.0265, 0.0265, 0.0265, 0.0265, 0.0265, 0.0265, 0.0265, 0.0265, 0.0265, 0.0265, 0.0265, 0.0265, 0.0265, 0.0265, 0.0265, 0.0265, 0.0265, 0.0265, 0.0265, 0.0265, 0.0265, 0.0265, 0.0265, 0.0265, 0.0265, 0.0265, 0.0265, 0.0265, 0.0265, 0.0265, 0.0265, 0.0265, 0.0265, 0.0265, 0.0265, 0.0265, 0.0265, 0.0265, 0.0265, 0.0265, 0.0265, 0.0265, 0.0265, 0.0265, 0.0265, 0.0265, 0.0265, 0.0265, 0.0265, 0.0265, 0.0265, 0.0265, 0.0265, 0.0265, 0.0265, 0.0265, 0.0265, 0.0265, 0.0265, 0.0265, 0.0265]","{""0"": 0.0199, ""1"": 0.0256, ""2"": 0.0159, ""3"": 0.0265, ""4"": 0.012, ""5"": 0.0156, ""6"": 0.0435, ""7"": 0.0544}","[0.0, 0.0, 0.0, 0.0, 0.0, 0.0769, 0.0, 0.125, 0.0, 0.0, 0.0, 0.0, 0.0, 0.0, 0.0, 0.0, 0.1111, 0.0, 0.0, 0.1667, 0.0, 0.0, 0.0, 0.0, 0.0, 0.0, 0.0, 0.0, 0.0, 0.0, 0.0, 0.0, 0.0, 0.0, 0.0, 0.0, 0.0, 0.0, 0.0, 0.0, 0.0, 0.125, 0.1429, 0.0, 0.0, 0.0, 0.0, 0.0, 0.0, 0.0, 0.0, 0.0, 0.0, 0.0, 0.0, 0.0, 0.0, 0.0, 0.1667, 0.0, 0.0, 0.0, 0.0, 0.0, 0.0, 0.0, 0.0, 0.0, 0.0, 0.0, 0.1667, 0.1111, 0.1111, 0.0, 0.0, 0.0, 0.1818, 0.0, 0.0, 0.0, 0.1, 0.1429, 0.0, 0.0, 0.0, 0.0, 0.0, 0.0, 0.0, 0.0, 0.0, 0.0, 0.0, 0.0667, 0.0, 0.0, 0.0, 0.0, 0.0, 0.0, 0.0, 0.0, 0.0, 0.0, 0.7273, 0.125, 0.0, 0.0, 0.0, 0.0, 0.0, 0.1667, 0.1429, 0.0, 0.0, 0.0, 0.0, 0.0, 0.0, 0.125, 0.0, 0.0, 0.0, 0.1429, 0.0909, 0.0, 0.0, 0.0, 0.0, 0.0, 0.0, 0.0, 0.0, 0.0, 0.0, 0.1667, 0.0, 0.0, 0.0, 0.0, 0.0, 0.0, 0.0, 0.0, 0.0, 0.0, 0.0, 0.0, 0.0, 0.0, 0.0, 0.0, 0.1429, 0.0, 0.1429, 0.0769, 0.0, 0.0, 0.2, 0.0, 0.0, 0.0, 0.0, 0.0, 0.1429, 0.0, 0.0, 0.0, 0.0, 0.0, 0.0, 0.0, 0.0, 0.0, 0.0, 0.0, 0.0, 0.1111, 0.0, 0.1667, 0.2, 0.0, 0.0, 0.0, 0.0, 0.0, 0.0, 0.0, 0.0, 0.125, 0.0, 0.0, 0.0, 0.0909, 0.0, 0.0, 0.0, 0.0, 0.0, 0.1, 0.0, 0.0, 0.0, 0.0, 0.0, 0.0, 0.0, 0.0, 0.0, 0.0, 0.0, 0.0, 0.0, 0.0, 0.0, 0.0833, 0.0, 0.0, 0.0, 0.0, 0.0, 0.0, 0.0, 0.0, 0.0, 0.0, 0.1111, 0.0, 0.0909, 0.0, 0.0, 0.4286, 0.0, 0.0, 0.0, 0.0, 0.0625, 0.0, 0.0, 0.0, 0.0, 0.0, 0.0909, 0.0, 0.0, 0.0, 0.1667, 0.1667, 0.0, 0.0]"
broadcast,0.8,5,broadcast,0.0215,0.0215,0.0215,0.0,3,True,43,0,290,1667,0,"[0.0, 0.021, 0.0215, 0.0215, 0.0215, 0.0215, 0.0215, 0.0215, 0.0215, 0.0215, 0.0215, 0.0215, 0.0215, 0.0215, 0.0215, 0.0215, 0.0215, 0.0215, 0.0215, 0.0215, 0.0215, 0.0215, 0.0215, 0.0215, 0.0215, 0.0215, 0.0215, 0.0215, 0.0215, 0.0215, 0.0215, 0.0215, 0.0215, 0.0215, 0.0215, 0.0215, 0.0215, 0.0215, 0.0215, 0.0215, 0.0215, 0.0215, 0.0215, 0.0215, 0.0215, 0.0215, 0.0215, 0.0215, 0.0215, 0.0215, 0.0215, 0.0215, 0.0215, 0.0215, 0.0215, 0.0215, 0.0215, 0.0215, 0.0215, 0.0215, 0.0215, 0.0215, 0.0215, 0.0215, 0.0215, 0.0215, 0.0215, 0.0215, 0.0215, 0.0215, 0.0215, 0.0215, 0.0215, 0.0215, 0.0215, 0.0215, 0.0215, 0.0215, 0.0215, 0.0215, 0.0215, 0.0215, 0.0215, 0.0215, 0.0215, 0.0215, 0.0215, 0.0215, 0.0215, 0.0215, 0.0215, 0.0215, 0.0215, 0.0215, 0.0215, 0.0215, 0.0215, 0.0215, 0.0215, 0.0215, 0.0215]","{""0"": 0.0124, ""1"": 0.0126, ""2"": 0.0221, ""3"": 0.0165, ""4"": 0.0271, ""5"": 0.0312, ""6"": 0.0287, ""7"": 0.0202}","[0.0, 0.0, 0.0, 0.0, 0.0, 0.2, 0.0, 0.0, 0.0, 0.0, 0.0, 0.0, 0.0, 0.0, 0.0, 0.1667, 0.0, 0.0, 0.0, 0.0, 0.0, 0.0, 0.0, 0.1667, 0.0, 0.0, 0.0, 0.0, 0.0, 0.0, 0.0, 0.0, 0.0, 0.0, 0.1667, 0.0, 0.0, 0.3333, 0.0, 0.0, 0.0, 0.0, 0.0769, 0.0, 0.0, 0.0, 0.0, 0.125, 0.0, 0.0, 0.0, 0.0, 0.1667, 0.0, 0.1, 0.0, 0.0, 0.0, 0.0, 0.1, 0.0, 0.0, 0.2, 0.0, 0.0, 0.0, 0.1, 0.0, 0.0, 0.0, 0.1111, 0.0, 0.0769, 0.0, 0.0, 0.0, 0.0, 0.0, 0.0, 0.2, 0.0, 0.0, 0.0, 0.0, 0.0833, 0.1111, 0.0, 0.0, 0.0, 0.0, 0.0, 0.0, 0.0, 0.0, 0.0, 0.0, 0.0, 0.0, 0.0, 0.0, 0.0, 0.0, 0.0, 0.0, 0.0833, 0.0, 0.0, 0.0, 0.0, 0.0, 0.2, 0.0, 0.0, 0.1667, 0.0, 0.0, 0.0, 0.0, 0.0, 0.0, 0.1111, 0.0, 0.0, 0.0, 0.0769, 0.1, 0.0, 0.0, 0.1667, 0.0, 0.0, 0.0, 0.0, 0.0, 0.0, 0.1111, 0.0, 0.1667, 0.0, 0.0, 0.0, 0.0, 0.0, 0.0, 0.0, 0.125, 0.0, 0.0, 0.0, 0.1, 0.0769, 0.0, 0.0, 0.0, 0.0, 0.1667, 0.0, 0.125, 0.0, 0.1, 0.0, 0.0, 0.0, 0.0, 0.0, 0.0, 0.0, 0.0, 0.0, 0.0, 0.0, 0.0, 0.0, 0.0, 0.1111, 0.0, 0.0, 0.0, 0.0, 0.1, 0.0, 0.0, 0.0, 0.0, 0.0, 0.0, 0.0, 0.0, 0.0, 0.0, 0.1429, 0.0, 0.0, 0.0, 0.0, 0.25, 0.0, 0.0, 0.0, 0.0, 0.0, 0.0, 0.0, 0.0714, 0.0, 0.0, 0.0, 0.0, 0.0, 0.0, 0.0, 0.0, 0.0, 0.0, 0.0, 0.0, 0.0, 0.0, 0.0, 0.0, 0.0, 0.0, 0.0, 0.0, 0.0, 0.0, 0.0, 0.0, 0.0, 0.0, 0.0, 0.0, 0.0, 0.0, 0.0, 0.0, 0.0, 0.0, 0.125, 0.1111, 0.0, 0.0, 0.0, 0.0, 0.1429, 0.0, 0.0, 0.0, 0.2, 0.0]"
broadcast,0.8,6,broadcast,0.0175,0.0175,0.0175,-0.0,3,True,35,0,293,1672,0,"[0.0, 0.017, 0.0175, 0.0175, 0.0175, 0.0175, 0.0175, 0.0175, 0.0175, 0.0175, 0.0175, 0.0175, 0.0175, 0.0175, 0.0175, 0.0175, 0.0175, 0.0175, 0.0175, 0.0175, 0.0175, 0.0175, 0.0175, 0.0175, 0.0175, 0.0175, 0.0175, 0.0175, 0.0175, 0.0175, 0.0175, 0.0175, 0.0175, 0.0175, 0.0175, 0.0175, 0.0175, 0.0175, 0.0175, 0.0175, 0.0175, 0.0175, 0.0175, 0.0175, 0.0175, 0.0175, 0.0175, 0.0175, 0.0175, 0.0175, 0.0175, 0.0175, 0.0175, 0.0175, 0.0175, 0.0175, 0.0175, 0.0175, 0.0175, 0.0175, 0.0175, 0.0175, 0.0175, 0.0175, 0.0175, 0.0175, 0.0175, 0.0175, 0.0175, 0.0175, 0.0175, 0.0175, 0.0175, 0.0175, 0.0175, 0.0175, 0.0175, 0.0175, 0.0175, 0.0175, 0.0175, 0.0175, 0.0175, 0.0175, 0.0175, 0.0175, 0.0175, 0.0175, 0.0175, 0.0175, 0.0175, 0.0175, 0.0175, 0.0175, 0.0175, 0.0175, 0.0175, 0.0175, 0.0175, 0.0175, 0.0175]","{""0"": 0.0196, ""1"": 0.021, ""2"": 0.0164, ""3"": 0.0228, ""4"": 0.017, ""5"": 0.0195, ""6"": 0.0154, ""7"": 0.0081}","[0.0, 0.0, 0.0, 0.0, 0.0, 0.0, 0.0, 0.0, 0.0, 0.0, 0.0, 0.1, 0.0, 0.0, 0.0, 0.0, 0.0, 0.0, 0.0, 0.0, 0.0, 0.0, 0.0, 0.1, 0.0, 0.0, 0.0, 0.0, 0.0, 0.0, 0.0, 0.0, 0.0, 0.0, 0.0, 0.0, 0.0, 0.0, 0.1429, 0.0, 0.1111, 0.0, 0.0, 0.1667, 0.0, 0.0, 0.0, 0.0, 0.0, 0.0, 0.0, 0.0, 0.0, 0.0, 0.0, 0.0, 0.0, 0.0, 0.0, 0.0, 0.0, 0.0, 0.1111, 0.0, 0.0, 0.0, 0.0, 0.0, 0.0, 0.0, 0.0, 0.0, 0.0, 0.0, 0.0, 0.0, 0.0, 0.0, 0.0, 0.0, 0.0, 0.0, 0.0, 0.0, 0.375, 0.1429, 0.0, 0.0, 0.0, 0.2, 0.0, 0.1111, 0.0, 0.0, 0.0, 0.0, 0.0, 0.1429, 0.0, 0.0, 0.1, 0.0, 0.0, 0.0, 0.0, 0.0, 0.0, 0.0, 0.1111, 0.1111, 0.0, 0.0, 0.0, 0.0, 0.25, 0.0, 0.0, 0.0, 0.0, 0.0, 0.0, 0.0, 0.0, 0.0, 0.1, 0.0, 0.0, 0.0, 0.0, 0.0, 0.0, 0.0, 0.0, 0.0, 0.0, 0.0, 0.0, 0.0909, 0.2, 0.0, 0.0, 0.0, 0.1667, 0.0, 0.0, 0.0, 0.2, 0.0, 0.0, 0.0, 0.1111, 0.0, 0.0, 0.0, 0.0, 0.0, 0.0, 0.0, 0.0, 0.0, 0.0, 0.0, 0.1667, 0.0, 0.0, 0.0, 0.0, 0.1667, 0.0, 0.1, 0.0, 0.0, 0.0, 0.0, 0.0, 0.0, 0.0, 0.0, 0.0, 0.0, 0.0, 0.0, 0.2, 0.0, 0.0, 0.1, 0.0, 0.0, 0.0, 0.0, 0.0, 0.0, 0.0, 0.0, 0.0, 0.0, 0.0, 0.0, 0.0, 0.0, 0.0, 0.0, 0.0, 0.1429, 0.0, 0.0, 0.0, 0.1111, 0.0, 0.0, 0.0, 0.0, 0.0, 0.0, 0.0, 0.1111, 0.0, 0.0, 0.0, 0.0, 0.0, 0.0, 0.0, 0.0, 0.0, 0.0, 0.0, 0.0, 0.0, 0.0, 0.0, 0.0, 0.0, 0.0, 0.0, 0.0, 0.0, 0.0, 0.0, 0.0, 0.2, 0.0, 0.0, 0.0, 0.0, 0.2222, 0.0, 0.0, 0.0, 0.0]"
broadcast,0.8,7,broadcast,0.0265,0.0265,0.0265,-0.0,4,True,53,0,308,1639,0,"[0.0, 0.025, 0.026, 0.0265, 0.0265, 0.0265, 0.0265, 0.0265, 0.0265, 0.0265, 0.0265, 0.0265, 0.0265, 0.0265, 0.0265, 0.0265, 0.0265, 0.0265, 0.0265, 0.0265, 0.0265, 0.0265, 0.0265, 0.0265, 0.0265, 0.0265, 0.0265, 0.0265, 0.0265, 0.0265, 0.0265, 0.0265, 0.0265, 0.0265, 0.0265, 0.0265, 0.0265, 0.0265, 0.0265, 0.0265, 0.0265, 0.0265, 0.0265, 0.0265, 0.0265, 0.0265, 0.0265, 0.0265, 0.0265, 0.0265, 0.0265, 0.0265, 0.0265, 0.0265, 0.0265, 0.0265, 0.0265, 0.0265, 0.0265, 0.0265, 0.0265, 0.0265, 0.0265, 0.0265, 0.0265, 0.0265, 0.0265, 0.0265, 0.0265, 0.0265, 0.0265, 0.0265, 0.0265, 0.0265, 0.0265, 0.0265, 0.0265, 0.0265, 0.0265, 0.0265, 0.0265, 0.0265, 0.0265, 0.0265, 0.0265, 0.0265, 0.0265, 0.0265, 0.0265, 0.0265, 0.0265, 0.0265, 0.0265, 0.0265, 0.0265, 0.0265, 0.0265, 0.0265, 0.0265, 0.0265, 0.0265]","{""0"": 0.022, ""1"": 0.0237, ""2"": 0.0157, ""3"": 0.0209, ""4"": 0.0244, ""5"": 0.0341, ""6"": 0.0433, ""7"": 0.0268}","[0.0, 0.1111, 0.1429, 0.0, 0.0, 0.0, 0.0, 0.0, 0.0, 0.0, 0.2, 0.0, 0.0, 0.0, 0.0, 0.0, 0.0, 0.0, 0.0, 0.0, 0.0, 0.0, 0.0, 0.1111, 0.1, 0.0, 0.125, 0.0909, 0.0, 0.0, 0.0, 0.0, 0.0, 0.0, 0.0, 0.0, 0.0, 0.0, 0.0, 0.0, 0.1429, 0.0, 0.0, 0.0, 0.0, 0.0, 0.0, 0.0, 0.1111, 0.0, 0.0, 0.0, 0.0, 0.0, 0.0, 0.0, 0.0, 0.0, 0.0, 0.0, 0.0, 0.0, 0.1, 0.0833, 0.0, 0.0, 0.0, 0.0, 0.1429, 0.2, 0.125, 0.0, 0.1, 0.1111, 0.0, 0.0, 0.0, 0.0, 0.0, 0.0, 0.0, 0.0, 0.0, 0.0, 0.0, 0.0, 0.0, 0.0, 0.1111, 0.1429, 0.1429, 0.0, 0.1111, 0.125, 0.0, 0.0, 0.0, 0.0, 0.0, 0.0833, 0.0, 0.0, 0.1111, 0.0714, 0.0, 0.0, 0.0, 0.0, 0.0, 0.0, 0.0, 0.0, 0.0, 0.0, 0.0, 0.0, 0.1429, 0.0, 0.0, 0.6667, 0.0, 0.0, 0.0, 0.0, 0.0, 0.0, 0.0, 0.4, 0.0, 0.0, 0.0, 0.1667, 0.1667, 0.0, 0.1667, 0.0, 0.125, 0.0, 0.0, 0.1, 0.0, 0.0, 0.0, 0.1667, 0.0, 0.0, 0.0, 0.0, 0.0, 0.0, 0.0, 0.0, 0.0, 0.0, 0.0, 0.0, 0.0, 0.0, 0.0, 0.0, 0.0, 0.0, 0.0, 0.0, 0.0, 0.0, 0.0833, 0.0, 0.1429, 0.0, 0.125, 0.0, 0.0, 0.1429, 0.1111, 0.0, 0.0, 0.0, 0.0909, 0.0, 0.0, 0.0, 0.1429, 0.1429, 0.0, 0.0, 0.0, 0.0, 0.0, 0.0, 0.0, 0.0, 0.0, 0.1429, 0.0, 0.0, 0.0, 0.0, 0.2, 0.0, 0.0, 0.0, 0.0, 0.0, 0.0, 0.0833, 0.0, 0.0, 0.0, 0.0, 0.0, 0.0, 0.0, 0.1, 0.0, 0.0, 0.0, 0.0, 0.0, 0.0, 0.0, 0.0, 0.0, 0.0, 0.0, 0.1, 0.0, 0.0, 0.0, 0.0, 0.0, 0.0, 0.0, 0.0, 0.0, 0.0, 0.1667, 0.1, 0.0, 0.0, 0.0, 0.0, 0.0, 0.0, 0.0, 0.0, 0.2, 0.0, 0.0, 0.0]"
broadcast,0.8,8,broadcast,0.0225,0.0225,0.0225,0.0,4,True,45,0,315,1640,0,"[0.0, 0.0195, 0.0215, 0.0225, 0.0225, 0.0225, 0.0225, 0.0225, 0.0225, 0.0225, 0.0225, 0.0225, 0.0225, 0.0225, 0.0225, 0.0225, 0.0225, 0.0225, 0.0225, 0.0225, 0.0225, 0.0225, 0.0225, 0.0225, 0.0225, 0.0225, 0.0225, 0.0225, 0.0225, 0.0225, 0.0225, 0.0225, 0.0225, 0.0225, 0.0225, 0.0225, 0.0225, 0.0225, 0.0225, 0.0225, 0.0225, 0.0225, 0.0225, 0.0225, 0.0225, 0.0225, 0.0225, 0.0225, 0.0225, 0.0225, 0.0225, 0.0225, 0.0225, 0.0225, 0.0225, 0.0225, 0.0225, 0.0225, 0.0225, 0.0225, 0.0225, 0.0225, 0.0225, 0.0225, 0.0225, 0.0225, 0.0225, 0.0225, 0.0225, 0.0225, 0.0225, 0.0225, 0.0225, 0.0225, 0.0225, 0.0225, 0.0225, 0.0225, 0.0225, 0.0225, 0.0225, 0.0225, 0.0225, 0.0225, 0.0225, 0.0225, 0.0225, 0.0225, 0.0225, 0.0225, 0.0225, 0.0225, 0.0225, 0.0225, 0.0225, 0.0225, 0.0225, 0.0225, 0.0225, 0.0225, 0.0225]","{""0"": 0.0195, ""1"": 0.0076, ""2"": 0.0171, ""3"": 0.0245, ""4"": 0.0331, ""5"": 0.0192, ""6"": 0.0323, ""7"": 0.0278}","[0.0, 0.0, 0.0, 0.0, 0.0, 0.0, 0.0, 0.0, 0.0, 0.0, 0.0, 0.125, 0.0, 0.0, 0.0, 0.0, 0.0, 0.0, 0.0, 0.0, 0.0, 0.2857, 0.1667, 0.0, 0.0, 0.1429, 0.0, 0.0, 0.0, 0.1429, 0.0, 0.0, 0.0, 0.0, 0.0, 0.125, 0.0, 0.0, 0.0, 0.0, 0.0, 0.0909, 0.0, 0.0, 0.0, 0.0, 0.0, 0.0, 0.0, 0.0, 0.0, 0.0, 0.0, 0.0, 0.0, 0.0, 0.0, 0.0, 0.0, 0.0, 0.0, 0.0, 0.0, 0.0, 0.0, 0.0, 0.0, 0.0, 0.0, 0.25, 0.1111, 0.0, 0.0, 0.0, 0.0, 0.125, 0.0833, 0.0, 0.0, 0.0, 0.0, 0.0833, 0.0, 0.0, 0.0, 0.0, 0.0, 0.0, 0.1429, 0.0, 0.0, 0.0, 0.1667, 0.0, 0.0, 0.0, 0.0, 0.0, 0.0, 0.0, 0.0, 0.0, 0.0, 0.1111, 0.0, 0.0, 0.0, 0.0, 0.0909, 0.1, 0.1429, 0.0, 0.0, 0.0, 0.0, 0.1429, 0.0, 0.0, 0.0, 0.0, 0.0, 0.0, 0.0, 0.0, 0.0, 0.0, 0.1429, 0.0, 0.0, 0.0, 0.1, 0.0, 0.0, 0.0, 0.0, 0.0, 0.0, 0.0, 0.0, 0.0, 0.0, 0.0, 0.0, 0.0, 0.0, 0.0, 0.0909, 0.0, 0.0, 0.0, 0.0, 0.2, 0.0, 0.0, 0.0, 0.0, 0.4286, 0.0, 0.0, 0.375, 0.0, 0.0, 0.0, 0.0, 0.0, 0.0, 0.0, 0.0, 0.0, 0.0, 0.0, 0.0, 0.0, 0.0, 0.0, 0.0, 0.0714, 0.1667, 0.0, 0.0, 0.0, 0.1111, 0.0, 0.0, 0.0, 0.0, 0.0, 0.0, 0.0, 0.0, 0.0, 0.0, 0.0, 0.0, 0.0, 0.0, 0.0, 0.1429, 0.0, 0.0, 0.5714, 0.0, 0.0, 0.0, 0.0, 0.0, 0.0, 0.0, 0.0, 0.1667, 0.0, 0.0, 0.0, 0.0, 0.2, 0.0769, 0.0, 0.0, 0.0, 0.0, 0.0, 0.1, 0.0, 0.1429, 0.0, 0.0, 0.0, 0.0, 0.0, 0.0, 0.0, 0.1429, 0.0, 0.0, 0.0, 0.0, 0.0, 0.0, 0.0, 0.0, 0.0, 0.0, 0.0, 0.0, 0.0, 0.0, 0.0, 0.0, 0.1111, 0.0]"
broadcast,0.8,9,broadcast,0.0225,0.0225,0.0225,0.0,3,True,45,0,306,1649,0,"[0.0, 0.022, 0.0225, 0.0225, 0.0225, 0.0225, 0.0225, 0.0225, 0.0225, 0.0225, 0.0225, 0.0225, 0.0225, 0.0225, 0.0225, 0.0225, 0.0225, 0.0225, 0.0225, 0.0225, 0.0225, 0.0225, 0.0225, 0.0225, 0.0225, 0.0225, 0.0225, 0.0225, 0.0225, 0.0225, 0.0225, 0.0225, 0.0225, 0.0225, 0.0225, 0.0225, 0.0225, 0.0225, 0.0225, 0.0225, 0.0225, 0.0225, 0.0225, 0.0225, 0.0225, 0.0225, 0.0225, 0.0225, 0.0225, 0.0225, 0.0225, 0.0225, 0.0225, 0.0225, 0.0225, 0.0225, 0.0225, 0.0225, 0.0225, 0.0225, 0.0225, 0.0225, 0.0225, 0.0225, 0.0225, 0.0225, 0.0225, 0.0225, 0.0225, 0.0225, 0.0225, 0.0225, 0.0225, 0.0225, 0.0225, 0.0225, 0.0225, 0.0225, 0.0225, 0.0225, 0.0225, 0.0225, 0.0225, 0.0225, 0.0225, 0.0225, 0.0225, 0.0225, 0.0225, 0.0225, 0.0225, 0.0225, 0.0225, 0.0225, 0.0225, 0.0225, 0.0225, 0.0225, 0.0225, 0.0225, 0.0225]","{""0"": 0.0123, ""1"": 0.0407, ""2"": 0.0154, ""3"": 0.0207, ""4"": 0.0285, ""5"": 0.0238, ""6"": 0.0144, ""7"": 0.0215}","[0.1111, 0.0, 0.0, 0.0, 0.0, 0.0, 0.1818, 0.0, 0.0, 0.0, 0.0, 0.125, 0.1429, 0.0, 0.0, 0.0769, 0.0, 0.0, 0.0, 0.0, 0.0, 0.0, 0.0, 0.1667, 0.0, 0.0, 0.0, 0.0, 0.0, 0.0, 0.0, 0.0, 0.0, 0.0, 0.0, 0.0, 0.0, 0.0, 0.0, 0.0, 0.0, 0.0, 0.0, 0.0, 0.0, 0.125, 0.0, 0.0, 0.0, 0.0, 0.0, 0.0, 0.0, 0.125, 0.1111, 0.0, 0.0, 0.0, 0.1, 0.0, 0.0, 0.1667, 0.0, 0.0, 0.0, 0.0, 0.0, 0.0, 0.1429, 0.0, 0.1667, 0.0, 0.0, 0.0, 0.25, 0.5, 0.0, 0.0, 0.0, 0.0, 0.0, 0.0, 0.2, 0.0, 0.1, 0.0, 0.0, 0.0, 0.0, 0.0, 0.0, 0.0, 0.0, 0.0, 0.0, 0.0, 0.0, 0.0, 0.0, 0.0, 0.0, 0.0, 0.0, 0.0, 0.1667, 0.0, 0.0, 0.0, 0.0, 0.0, 0.0, 0.0, 0.0, 0.0, 0.0, 0.0, 0.0, 0.0, 0.0, 0.0, 0.0, 0.0, 0.0, 0.0, 0.2, 0.0, 0.0, 0.0, 0.1667, 0.0, 0.125, 0.0, 0.0, 0.0, 0.0, 0.0, 0.0, 0.2, 0.125, 0.0, 0.0, 0.0, 0.0, 0.0, 0.0, 0.0, 0.0, 0.0, 0.0, 0.0, 0.0, 0.0667, 0.0, 0.0, 0.0, 0.0, 0.0, 0.0, 0.0, 0.0909, 0.0, 0.0, 0.0, 0.0, 0.0, 0.0, 0.0, 0.0, 0.0, 0.0, 0.0, 0.0, 0.0, 0.0, 0.0, 0.0, 0.0769, 0.0769, 0.0, 0.0, 0.0, 0.0, 0.0, 0.0, 0.0, 0.125, 0.125, 0.0, 0.1, 0.1111, 0.2, 0.0, 0.0, 0.0, 0.1429, 0.0, 0.0, 0.1111, 0.0, 0.0, 0.1429, 0.0, 0.1818, 0.0833, 0.0, 0.0, 0.0, 0.0, 0.0, 0.0, 0.0, 0.0, 0.0, 0.0909, 0.0, 0.0, 0.0, 0.0, 0.0, 0.0, 0.0, 0.0, 0.0, 0.0, 0.0, 0.0, 0.125, 0.0, 0.0, 0.0, 0.0, 0.0, 0.1, 0.0, 0.0, 0.0, 0.0, 0.0, 0.1429, 0.0, 0.0, 0.0, 0.0, 0.0, 0.0, 0.0, 0.0, 0.0, 0.0, 0.0]"
broadcast,0.8,10,broadcast,0.028,0.028,0.028,-0.0,4,True,56,0,322,1622,0,"[0.0, 0.025, 0.0275, 0.028, 0.028, 0.028, 0.028, 0.028, 0.028, 0.028, 0.028, 0.028, 0.028, 0.028, 0.028, 0.028, 0.028, 0.028, 0.028, 0.028, 0.028, 0.028, 0.028, 0.028, 0.028, 0.028, 0.028, 0.028, 0.028, 0.028, 0.028, 0.028, 0.028, 0.028, 0.028, 0.028, 0.028, 0.028, 0.028, 0.028, 0.028, 0.028, 0.028, 0.028, 0.028, 0.028, 0.028, 0.028, 0.028, 0.028, 0.028, 0.028, 0.028, 0.028, 0.028, 0.028, 0.028, 0.028, 0.028, 0.028, 0.028, 0.028, 0.028, 0.028, 0.028, 0.028, 0.028, 0.028, 0.028, 0.028, 0.028, 0.028, 0.028, 0.028, 0.028, 0.028, 0.028, 0.028, 0.028, 0.028, 0.028, 0.028, 0.028, 0.028, 0.028, 0.028, 0.028, 0.028, 0.028, 0.028, 0.028, 0.028, 0.028, 0.028, 0.028, 0.028, 0.028, 0.028, 0.028, 0.028, 0.028]","{""0"": 0.0289, ""1"": 0.0292, ""2"": 0.0205, ""3"": 0.0201, ""4"": 0.0273, ""5"": 0.032, ""6"": 0.0192, ""7"": 0.0467}","[0.0, 0.0, 0.0, 0.1111, 0.0, 0.0, 0.0, 0.0, 0.2857, 0.1429, 0.0, 0.0, 0.0, 0.0, 0.0, 0.0, 0.1667, 0.0, 0.0, 0.0, 0.0, 0.1, 0.0, 0.0, 0.0, 0.0, 0.0, 0.0, 0.1667, 0.0, 0.0, 0.125, 0.0, 0.4545, 0.1667, 0.0, 0.0, 0.0, 0.0, 0.0, 0.0, 0.0, 0.0, 0.0, 0.0, 0.0, 0.1111, 0.0, 0.0, 0.0, 0.0, 0.0, 0.1, 0.0, 0.0, 0.0, 0.0769, 0.0, 0.0, 0.0, 0.0, 0.0, 0.0, 0.0, 0.0, 0.0, 0.0909, 0.125, 0.0, 0.0, 0.0, 0.0, 0.0, 0.0, 0.0, 0.0, 0.0, 0.1667, 0.0, 0.0, 0.0, 0.0, 0.0, 0.0, 0.0, 0.1111, 0.0, 0.0, 0.0, 0.0, 0.0, 0.0, 0.0, 0.0, 0.0, 0.0, 0.125, 0.0, 0.0, 0.0, 0.0, 0.0, 0.0, 0.1429, 0.1538, 0.1429, 0.0, 0.0, 0.2, 0.1111, 0.0, 0.1667, 0.0, 0.0, 0.0, 0.0, 0.0, 0.0, 0.0, 0.0, 0.0, 0.0, 0.0, 0.0, 0.0, 0.0, 0.0, 0.0, 0.0, 0.0, 0.0, 0.0, 0.0, 0.0, 0.1429, 0.0, 0.0, 0.0, 0.0, 0.125, 0.0, 0.0, 0.0, 0.0, 0.125, 0.0, 0.0, 0.1429, 0.0, 0.1667, 0.0, 0.0, 0.125, 0.0, 0.0909, 0.1667, 0.0, 0.0909, 0.2857, 0.0, 0.0, 0.0, 0.1111, 0.0, 0.1, 0.0, 0.0, 0.1, 0.0, 0.0, 0.0, 0.0, 0.0, 0.0, 0.0, 0.0, 0.0, 0.0, 0.0, 0.0, 0.0, 0.0, 0.0, 0.0, 0.1429, 0.0, 0.0, 0.0, 0.0, 0.0, 0.0, 0.0, 0.0, 0.0, 0.0, 0.0, 0.0, 0.0, 0.0, 0.0, 0.0, 0.0, 0.2857, 0.0, 0.0, 0.0, 0.0, 0.0, 0.0, 0.0, 0.0, 0.0, 0.0, 0.0, 0.0, 0.0, 0.0, 0.0, 0.0, 0.0, 0.0, 0.0, 0.0, 0.0, 0.0, 0.0, 0.125, 0.0, 0.1429, 0.0, 0.1111, 0.0, 0.125, 0.0, 0.0, 0.0, 0.0, 0.1667, 0.4, 0.0, 0.0, 0.0, 0.0, 0.0, 0.0, 0.0, 0.125, 0.0, 0.1111, 0.0]"
broadcast,0.8,11,broadcast,0.0175,0.0175,0.0175,-0.0,4,True,35,0,298,1667,0,"[0.0, 0.0165, 0.017, 0.0175, 0.0175, 0.0175, 0.0175, 0.0175, 0.0175, 0.0175, 0.0175, 0.0175, 0.0175, 0.0175, 0.0175, 0.0175, 0.0175, 0.0175, 0.0175, 0.0175, 0.0175, 0.0175, 0.0175, 0.0175, 0.0175, 0.0175, 0.0175, 0.0175, 0.0175, 0.0175, 0.0175, 0.0175, 0.0175, 0.0175, 0.0175, 0.0175, 0.0175, 0.0175, 0.0175, 0.0175, 0.0175, 0.0175, 0.0175, 0.0175, 0.0175, 0.0175, 0.0175, 0.0175, 0.0175, 0.0175, 0.0175, 0.0175, 0.0175, 0.0175, 0.0175, 0.0175, 0.0175, 0.0175, 0.0175, 0.0175, 0.0175, 0.0175, 0.0175, 0.0175, 0.0175, 0.0175, 0.0175, 0.0175, 0.0175, 0.0175, 0.0175, 0.0175, 0.0175, 0.0175, 0.0175, 0.0175, 0.0175, 0.0175, 0.0175, 0.0175, 0.0175, 0.0175, 0.0175, 0.0175, 0.0175, 0.0175, 0.0175, 0.0175, 0.0175, 0.0175, 0.0175, 0.0175, 0.0175, 0.0175, 0.0175, 0.0175, 0.0175, 0.0175, 0.0175, 0.0175, 0.0175]","{""0"": 0.0074, ""1"": 0.0206, ""2"": 0.0159, ""3"": 0.0117, ""4"": 0.0233, ""5"": 0.0165, ""6"": 0.0222, ""7"": 0.0236}","[0.0, 0.0, 0.0, 0.0, 0.0, 0.0, 0.0, 0.0, 0.0, 0.0, 0.0, 0.0, 0.0, 0.125, 0.0, 0.0, 0.0, 0.0, 0.0, 0.0, 0.0, 0.0, 0.0, 0.0, 0.0, 0.0, 0.0, 0.0, 0.125, 0.0, 0.0, 0.0, 0.0, 0.0, 0.0, 0.0, 0.0, 0.0, 0.0, 0.0, 0.0, 0.0, 0.0, 0.0, 0.0, 0.0, 0.0, 0.1429, 0.0, 0.0, 0.0909, 0.1429, 0.0, 0.0, 0.0, 0.0, 0.0, 0.0, 0.0, 0.0, 0.0, 0.1667, 0.0, 0.0, 0.0, 0.0, 0.0, 0.0, 0.0, 0.0, 0.0, 0.0, 0.0, 0.0, 0.0, 0.0, 0.0, 0.0, 0.0, 0.0, 0.0, 0.0, 0.0, 0.0, 0.0, 0.0, 0.0, 0.0, 0.0, 0.0, 0.0, 0.0, 0.0, 0.0, 0.0, 0.25, 0.0, 0.1, 0.0, 0.0, 0.0, 0.125, 0.0, 0.0, 0.0, 0.0, 0.0, 0.0, 0.0, 0.0, 0.0, 0.0, 0.0, 0.0, 0.0, 0.0, 0.0, 0.0, 0.0, 0.0, 0.0, 0.0, 0.0, 0.1111, 0.0, 0.0, 0.0, 0.0, 0.3333, 0.0, 0.25, 0.0, 0.1111, 0.1429, 0.0, 0.0, 0.0, 0.0, 0.0, 0.0, 0.0, 0.0, 0.125, 0.0, 0.0, 0.0, 0.0, 0.125, 0.0, 0.0, 0.0, 0.0, 0.0, 0.0, 0.0, 0.0, 0.125, 0.0, 0.0, 0.0, 0.0, 0.1111, 0.0, 0.0, 0.0, 0.0, 0.0, 0.0, 0.1667, 0.0, 0.0, 0.0, 0.0, 0.0, 0.125, 0.0, 0.0, 0.0, 0.0, 0.0, 0.0, 0.0, 0.0, 0.0, 0.0, 0.0, 0.0, 0.0, 0.0, 0.0, 0.0, 0.0, 0.0, 0.0, 0.2857, 0.0, 0.0, 0.0, 0.0, 0.1111, 0.1429, 0.0, 0.0, 0.0, 0.0, 0.0, 0.0, 0.0, 0.0, 0.0, 0.0, 0.0, 0.0, 0.0, 0.0833, 0.1429, 0.0, 0.0, 0.0, 0.0, 0.0, 0.0, 0.125, 0.125, 0.1111, 0.0, 0.0, 0.0, 0.0, 0.0, 0.0, 0.0, 0.0, 0.0, 0.0, 0.1429, 0.0, 0.1667, 0.0, 0.0, 0.0, 0.0, 0.0, 0.0, 0.0, 0.1111, 0.0, 0.0, 0.0, 0.0]"
broadcast,1.0,0,broadcast,0.018,0.018,0.018,0.0,4,True,36,0,273,1691,0,"[0.0, 0.0165, 0.0175, 0.018, 0.018, 0.018, 0.018, 0.018, 0.018, 0.018, 0.018, 0.018, 0.018, 0.018, 0.018, 0.018, 0.018, 0.018, 0.018, 0.018, 0.018, 0.018, 0.018, 0.018, 0.018, 0.018, 0.018, 0.018, 0.018, 0.018, 0.018, 0.018, 0.018, 0.018, 0.018, 0.018, 0.018, 0.018, 0.018, 0.018, 0.018, 0.018, 0.018, 0.018, 0.018, 0.018, 0.018, 0.018, 0.018, 0.018, 0.018, 0.018, 0.018, 0.018, 0.018, 0.018, 0.018, 0.018, 0.018, 0.018, 0.018, 0.018, 0.018, 0.018, 0.018, 0.018, 0.018, 0.018, 0.018, 0.018, 0.018, 0.018, 0.018, 0.018, 0.018, 0.018, 0.018, 0.018, 0.018, 0.018, 0.018, 0.018, 0.018, 0.018, 0.018, 0.018, 0.018, 0.018, 0.018, 0.018, 0.018, 0.018, 0.018, 0.018, 0.018, 0.018, 0.018, 0.018, 0.018, 0.018, 0.018]","{""0"": 0.0076, ""1"": 0.0123, ""2"": 0.0331, ""3"": 0.025, ""4"": 0.0039, ""5"": 0.0081, ""6"": 0.02, ""7"": 0.0347}","[0.0, 0.0, 0.0, 0.0, 0.125, 0.0, 0.0, 0.0, 0.0, 0.0, 0.0, 0.0, 0.0, 0.0, 0.0, 0.0, 0.0, 0.125, 0.1, 0.0, 0.0, 0.0, 0.0, 0.0, 0.0, 0.0, 0.1111, 0.0, 0.0, 0.0, 0.0, 0.0, 0.0, 0.0, 0.0, 0.0, 0.0, 0.0, 0.0, 0.0, 0.0, 0.0, 0.0, 0.0, 0.1111, 0.0, 0.0, 0.0, 0.0, 0.0, 0.0, 0.0, 0.1429, 0.0, 0.0, 0.0, 0.0769, 0.125, 0.0, 0.0, 0.0, 0.0, 0.0, 0.0, 0.0, 0.0, 0.0, 0.0, 0.0, 0.0, 0.0, 0.0, 0.1429, 0.0, 0.0, 0.125, 0.0, 0.0, 0.0, 0.0909, 0.0, 0.0, 0.0, 0.0, 0.0, 0.0, 0.0, 0.0, 0.0, 0.0, 0.0, 0.0, 0.2, 0.0, 0.0, 0.0, 0.0, 0.0, 0.0, 0.1111, 0.0, 0.0, 0.0, 0.0, 0.0, 0.0, 0.0833, 0.0833, 0.0, 0.0, 0.0, 0.0, 0.0, 0.0, 0.0, 0.0, 0.0, 0.0, 0.0, 0.1, 0.0, 0.0, 0.0, 0.0, 0.1, 0.0, 0.0, 0.0, 0.0, 0.0, 0.0, 0.0, 0.0, 0.0, 0.0, 0.0, 0.0, 0.0, 0.0, 0.0, 0.0, 0.0, 0.0, 0.0, 0.0, 0.0, 0.0, 0.0, 0.0, 0.0, 0.0, 0.0, 0.0769, 0.0, 0.0, 0.0, 0.0, 0.0, 0.0, 0.0, 0.0, 0.0, 0.0, 0.1, 0.0, 0.0, 0.0, 0.2857, 0.0, 0.0, 0.0, 0.2, 0.0, 0.0, 0.0, 0.0, 0.0, 0.0, 0.0, 0.1, 0.0, 0.0, 0.0, 0.1, 0.0909, 0.0, 0.0, 0.1667, 0.0, 0.0, 0.0, 0.0, 0.0, 0.0, 0.0, 0.0, 0.0, 0.0, 0.0, 0.0, 0.0, 0.0, 0.0, 0.1667, 0.0, 0.0, 0.0, 0.0, 0.1, 0.0, 0.0, 0.0, 0.0, 0.0, 0.0, 0.0, 0.0, 0.0, 0.0, 0.0, 0.0, 0.0, 0.0, 0.0, 0.3636, 0.0, 0.0, 0.0, 0.0, 0.0, 0.125, 0.0, 0.0, 0.0, 0.0, 0.0, 0.1, 0.0, 0.1, 0.0, 0.0, 0.0, 0.0, 0.0, 0.0, 0.1111, 0.0, 0.0, 0.0, 0.0]"
broadcast,1.0,1,broadcast,0.0705,0.0705,0.0705,0.0,27,True,141,0,329,1530,0,"[0.0, 0.028, 0.0315, 0.0335, 0.035, 0.0365, 0.038, 0.0405, 0.043, 0.0455, 0.047, 0.0495, 0.0525, 0.0545, 0.0565, 0.058, 0.06, 0.061, 0.0625, 0.0635, 0.0645, 0.065, 0.0665, 0.067, 0.068, 0.0695, 0.0705, 0.0705, 0.0705, 0.0705, 0.0705, 0.0705, 0.0705, 0.0705, 0.0705, 0.0705, 0.0705, 0.0705, 0.0705, 0.0705, 0.0705, 0.0705, 0.0705, 0.0705, 0.0705, 0.0705, 0.0705, 0.0705, 0.0705, 0.0705, 0.0705, 0.0705, 0.0705, 0.0705, 0.0705, 0.0705, 0.0705, 0.0705, 0.0705, 0.0705, 0.0705, 0.0705, 0.0705, 0.0705, 0.0705, 0.0705, 0.0705, 0.0705, 0.0705, 0.0705, 0.0705, 0.0705, 0.0705, 0.0705, 0.0705, 0.0705, 0.0705, 0.0705, 0.0705, 0.0705, 0.0705, 0.0705, 0.0705, 0.0705, 0.0705, 0.0705, 0.0705, 0.0705, 0.0705, 0.0705, 0.0705, 0.0705, 0.0705, 0.0705, 0.0705, 0.0705, 0.0705, 0.0705, 0.0705, 0.0705, 0.0705]","{""0"": 0.3236, ""1"": 0.0163, ""2"": 0.0314, ""3"": 0.0234, ""4"": 0.0531, ""5"": 0.0081, ""6"": 0.0243, ""7"": 0.0567}","[0.0, 0.1111, 0.0, 0.0, 0.0, 0.0, 0.0, 0.0, 0.0, 0.0, 0.0, 0.0, 0.0, 0.0, 0.0, 0.0, 0.0, 0.0, 0.0, 0.0, 0.0, 0.0, 0.0, 0.0, 0.0, 0.0, 0.0, 0.0, 0.0, 0.1, 0.0, 0.0, 0.0, 0.1429, 0.0, 0.1667, 0.0, 0.25, 0.0, 0.0769, 0.0, 0.6, 0.1111, 0.0, 0.0, 0.1429, 0.0, 0.0, 0.1429, 0.8889, 0.0, 0.0, 0.0, 0.0, 0.0, 0.0, 0.1111, 0.7143, 0.125, 0.0, 0.0, 0.0, 0.0, 0.0, 0.0909, 0.7692, 0.1111, 0.1667, 0.0, 0.0, 0.0, 0.0, 0.0, 1.0, 0.0, 0.1429, 0.1111, 0.0, 0.0, 0.0, 0.0, 1.0, 0.0, 0.0, 0.1, 0.0, 0.0, 0.0, 0.125, 1.0, 0.0, 0.0, 0.0, 0.0, 0.0, 0.0, 0.0, 0.7778, 0.0, 0.0, 0.0, 0.1, 0.25, 0.25, 0.0, 1.0, 0.0, 0.0, 0.0, 0.0, 0.0, 0.0, 0.0, 1.0, 0.0, 0.0, 0.0, 0.0, 0.0, 0.0, 0.125, 1.0, 0.0, 0.0909, 0.0, 0.0, 0.0, 0.0, 0.0, 0.75, 0.0, 0.0, 0.0, 0.0, 0.0, 0.0, 0.0, 0.6667, 0.0, 0.0, 0.1, 0.125, 0.0, 0.0, 0.0, 0.1667, 0.0, 0.0, 0.0, 0.0, 0.0, 0.0, 0.0, 0.0, 0.0, 0.2, 0.0, 0.0, 0.0, 0.0909, 0.0, 0.0, 0.1, 0.0, 0.0, 0.0, 0.0, 0.0, 0.0, 0.0, 0.0, 0.0, 0.0, 0.1429, 0.0, 0.0, 0.0, 0.0, 0.0, 0.0, 0.1111, 0.2, 0.0, 0.0, 0.0833, 0.0, 0.0, 0.0, 0.0, 0.1667, 0.0, 0.125, 0.0, 0.125, 0.0, 0.0, 0.0, 0.0833, 0.0, 0.0, 0.5, 0.0, 0.0, 0.1429, 0.25, 0.0, 0.0, 0.0, 0.2857, 0.125, 0.0, 0.0, 0.0, 0.1818, 0.0, 0.0, 0.2, 0.0, 0.0, 0.0, 0.0909, 0.0, 0.0, 0.0, 0.3333, 0.125, 0.0, 0.1429, 0.0, 0.0, 0.0, 0.0, 0.0, 0.0, 0.0, 0.0, 0.0, 0.0, 0.0, 0.25, 0.0, 0.0, 0.0, 0.0, 0.0, 0.0, 0.0, 0.0, 0.0, 0.0]"
broadcast,1.0,2,broadcast,0.108,0.108,0.108,-0.0,27,True,216,0,275,1509,0,"[0.0, 0.025, 0.0295, 0.0335, 0.037, 0.043, 0.0485, 0.054, 0.061, 0.065, 0.069, 0.073, 0.0785, 0.083, 0.09, 0.0925, 0.094, 0.0945, 0.095, 0.0965, 0.097, 0.0975, 0.0985, 0.1005, 0.105, 0.1075, 0.108, 0.108, 0.108, 0.108, 0.108, 0.108, 0.108, 0.108, 0.108, 0.108, 0.108, 0.108, 0.108, 0.108, 0.108, 0.108, 0.108, 0.108, 0.108, 0.108, 0.108, 0.108, 0.108, 0.108, 0.108, 0.108, 0.108, 0.108, 0.108, 0.108, 0.108, 0.108, 0.108, 0.108, 0.108, 0.108, 0.108, 0.108, 0.108, 0.108, 0.108, 0.108, 0.108, 0.108, 0.108, 0.108, 0.108, 0.108, 0.108, 0.108, 0.108, 0.108, 0.108, 0.108, 0.108, 0.108, 0.108, 0.108, 0.108, 0.108, 0.108, 0.108, 0.108, 0.108, 0.108, 0.108, 0.108, 0.108, 0.108, 0.108, 0.108, 0.108, 0.108, 0.108, 0.108]","{""0"": 0.0299, ""1"": 0.2214, ""2"": 0.2624, ""3"": 0.034, ""4"": 0.2085, ""5"": 0.0258, ""6"": 0.0504, ""7"": 0.0189}","[0.4444, 0.0, 0.0, 0.0, 0.0, 0.8, 0.0, 0.1111, 0.0, 0.0, 0.0, 0.0, 0.0, 1.0, 0.0, 0.0, 0.125, 0.0, 0.0, 0.0, 0.75, 0.75, 0.0, 0.0, 0.0, 0.1111, 0.0, 0.0, 0.4, 0.5, 0.0, 0.1111, 0.0, 0.0, 0.0, 0.2, 0.0, 0.0, 0.0, 0.1111, 0.0, 0.0, 0.8571, 0.75, 0.0, 0.0, 0.0, 0.0, 0.0, 0.0, 1.0, 0.8333, 0.0, 0.0, 0.0, 0.0, 0.0, 0.0, 1.0, 0.7857, 0.0, 0.0, 0.0, 0.0, 0.0, 0.1, 0.7, 1.0, 0.0, 0.0, 0.125, 0.3333, 0.0, 0.0909, 1.0, 0.875, 0.0, 0.0, 0.3, 0.4, 0.0, 0.1111, 0.9, 0.7143, 0.0, 0.0, 0.0, 0.0, 0.1429, 0.1111, 0.4, 0.8889, 0.0, 0.0, 0.0, 0.0, 0.0, 0.0, 0.0, 1.0, 0.0, 0.0, 0.0, 0.375, 0.0, 0.0, 0.0, 0.7778, 0.0, 0.0, 0.0, 0.0, 0.1667, 0.0, 0.0, 0.0, 0.0, 0.0909, 0.0, 0.0, 0.0, 0.0, 0.0, 0.0, 0.0, 0.0, 0.0, 0.0, 0.0, 0.0, 0.4286, 0.0, 0.1, 0.0, 0.2, 0.0, 0.0, 0.0, 0.0, 0.2, 0.0, 0.1429, 0.0, 0.0, 0.0, 0.0, 0.0, 0.0, 0.0, 0.0, 0.0, 0.0, 0.0, 0.0, 0.0, 0.0, 0.0, 0.0, 0.0, 0.0, 0.0, 0.0833, 0.0, 0.1, 0.0, 0.0, 0.0, 0.0, 0.0, 0.0, 0.0, 0.0, 0.0, 0.0, 0.0, 0.0, 0.1111, 0.0, 0.0, 0.0, 0.1, 0.0, 0.0, 0.0, 0.0, 0.0, 0.0, 0.0, 0.0, 0.0, 0.0, 0.0, 0.0, 0.0, 0.0, 0.1, 0.0, 0.0, 0.1, 0.0, 0.2, 0.0, 0.0, 0.0, 0.0, 0.0, 0.0, 0.0, 0.0, 0.0, 0.0, 0.0, 0.0909, 0.3333, 0.0, 0.0, 0.0, 0.0, 0.0, 0.0, 0.0, 1.0, 0.0, 0.0, 0.0, 0.0, 0.0, 0.0, 0.0, 0.875, 0.0, 0.0, 0.0, 0.0, 0.0, 0.1111, 0.0, 1.0, 0.0, 0.1111, 0.0, 0.0, 0.1, 0.0, 0.0, 0.875, 0.0, 0.0, 0.0, 0.4]"
broadcast,1.0,3,broadcast,0.074,0.074,0.074,0.0,17,True,148,0,289,1563,0,"[0.0, 0.02, 0.022, 0.0245, 0.0275, 0.0335, 0.0405, 0.047, 0.0505, 0.0545, 0.059, 0.0635, 0.0665, 0.0685, 0.0715, 0.0735, 0.074, 0.074, 0.074, 0.074, 0.074, 0.074, 0.074, 0.074, 0.074, 0.074, 0.074, 0.074, 0.074, 0.074, 0.074, 0.074, 0.074, 0.074, 0.074, 0.074, 0.074, 0.074, 0.074, 0.074, 0.074, 0.074, 0.074, 0.074, 0.074, 0.074, 0.074, 0.074, 0.074, 0.074, 0.074, 0.074, 0.074, 0.074, 0.074, 0.074, 0.074, 0.074, 0.074, 0.074, 0.074, 0.074, 0.074, 0.074, 0.074, 0.074, 0.074, 0.074, 0.074, 0.074, 0.074, 0.074, 0.074, 0.074, 0.074, 0.074, 0.074, 0.074, 0.074, 0.074, 0.074, 0.074, 0.074, 0.074, 0.074, 0.074, 0.074, 0.074, 0.074, 0.074, 0.074, 0.074, 0.074, 0.074, 0.074, 0.074, 0.074, 0.074, 0.074, 0.074, 0.074]","{""0"": 0.0332, ""1"": 0.0161, ""2"": 0.2576, ""3"": 0.0117, ""4"": 0.1339, ""5"": 0.0156, ""6"": 0.1091, ""7"": 0.0116}","[0.0, 0.1667, 0.0, 0.0, 0.2, 1.0, 0.0, 0.0, 0.0, 0.0, 0.0, 0.0, 0.0, 0.4, 0.0, 0.0, 0.0, 0.0, 0.0, 0.0, 0.0, 0.0, 0.0, 0.0, 0.0, 0.0, 0.0, 0.0, 0.0909, 0.0, 0.0, 0.0, 0.0769, 0.0, 0.0, 0.25, 0.0, 0.0833, 0.0, 0.0, 0.0, 0.0, 0.0, 0.0, 0.0, 0.0, 0.3333, 0.0, 0.0, 0.1111, 0.0, 0.0, 0.0, 0.0, 0.1, 0.0, 0.0, 0.0, 0.0, 0.1667, 0.0, 0.0, 0.0, 0.0, 0.0, 0.2, 0.0, 0.0, 0.0, 0.0, 0.0, 0.0, 0.0, 0.4, 0.0909, 0.0, 0.0, 0.0, 0.0, 0.0, 0.0, 0.0, 0.0, 0.0, 0.0, 0.0, 0.0, 0.0, 0.1667, 0.0, 0.0, 0.0, 0.0, 0.0, 0.0, 0.1667, 0.0, 0.0, 0.0, 0.1111, 0.1429, 0.0, 0.0, 0.0, 0.0, 0.0, 0.0, 0.0, 0.0, 0.0, 0.0, 0.0, 0.0, 0.0, 0.0, 0.0, 0.0, 0.0, 0.0, 0.0, 0.0, 0.0, 0.0, 0.125, 0.0, 0.0667, 0.0, 0.6, 0.0, 0.0, 0.0, 0.0833, 0.0, 0.0, 0.1, 1.0, 0.0, 0.0, 0.0, 0.6364, 0.0, 0.0, 0.0, 0.75, 0.0, 0.0, 0.0833, 0.8, 0.0, 0.0, 0.0, 0.8571, 0.0, 0.0, 0.1111, 1.0, 0.0, 0.0, 0.0, 0.0, 0.0, 0.0, 0.0, 1.0, 0.0, 0.0, 0.0, 0.1667, 0.0, 0.0, 0.0, 1.0, 0.0, 0.0, 0.0909, 0.0, 0.0, 0.0, 0.0, 0.7692, 0.0, 0.0, 0.0, 0.0, 0.0, 0.0, 0.0, 0.7778, 0.0, 0.0, 0.0, 0.1111, 0.0, 0.1667, 0.0, 0.25, 0.0, 0.125, 0.0, 0.0, 0.0, 0.0, 0.0, 0.0, 0.0, 0.0, 0.0, 0.0, 0.0, 0.0, 0.0, 0.0833, 0.0, 0.0, 0.0, 0.125, 0.0769, 0.0, 0.0, 0.0, 0.0, 0.125, 0.0, 0.0, 0.0, 0.0, 0.1429, 0.0, 0.0, 0.8333, 0.0, 0.0, 0.0, 0.0, 0.0, 0.1111, 0.0, 1.0, 0.0, 0.0, 0.0, 0.0, 0.0, 0.0, 0.0, 0.875, 0.0, 0.0, 0.0, 0.1111]"
broadcast,1.0,4,broadcast,0.0845,0.0845,0.0845,0.0,31,True,169,0,282,1549,0,"[0.0, 0.02, 0.0235, 0.028, 0.033, 0.0355, 0.038, 0.0405, 0.0425, 0.044, 0.045, 0.047, 0.05, 0.0525, 0.056, 0.0595, 0.0635, 0.068, 0.0685, 0.069, 0.07, 0.071, 0.0725, 0.0735, 0.0765, 0.0785, 0.08, 0.081, 0.083, 0.084, 0.0845, 0.0845, 0.0845, 0.0845, 0.0845, 0.0845, 0.0845, 0.0845, 0.0845, 0.0845, 0.0845, 0.0845, 0.0845, 0.0845, 0.0845, 0.0845, 0.0845, 0.0845, 0.0845, 0.0845, 0.0845, 0.0845, 0.0845, 0.0845, 0.0845, 0.0845, 0.0845, 0.0845, 0.0845, 0.0845, 0.0845, 0.0845, 0.0845, 0.0845, 0.0845, 0.0845, 0.0845, 0.0845, 0.0845, 0.0845, 0.0845, 0.0845, 0.0845, 0.0845, 0.0845, 0.0845, 0.0845, 0.0845, 0.0845, 0.0845, 0.0845, 0.0845, 0.0845, 0.0845, 0.0845, 0.0845, 0.0845, 0.0845, 0.0845, 0.0845, 0.0845, 0.0845, 0.0845, 0.0845, 0.0845, 0.0845, 0.0845, 0.0845, 0.0845, 0.0845, 0.0845]","{""0"": 0.0113, ""1"": 0.3244, ""2"": 0.023, ""3"": 0.0164, ""4"": 0.2519, ""5"": 0.0128, ""6"": 0.046, ""7"": 0.012}","[0.0, 0.0, 0.0, 0.0, 0.0, 0.0, 0.0, 0.0, 0.0, 0.0, 0.0, 0.0, 0.0, 0.1429, 0.0, 0.0, 0.0, 0.0, 0.0, 0.0, 0.0, 0.0, 0.0, 0.0, 0.0, 0.0, 0.0, 0.0, 0.0, 0.0833, 0.0, 0.0, 0.0, 0.0, 0.0, 0.0, 0.0, 0.0, 0.0, 0.0, 0.1429, 0.0, 0.0, 0.0, 0.0, 0.0, 0.0, 0.0, 0.0, 0.0, 0.0, 0.1667, 0.0, 0.0, 0.0, 0.1111, 0.1, 0.0, 0.0, 0.0, 0.0, 0.0, 0.0, 0.0, 0.0, 0.0, 0.0, 0.0, 0.0, 0.0, 0.0, 0.0, 0.0, 0.0, 0.0, 0.125, 0.0, 0.0, 0.125, 0.0, 0.0, 0.1667, 0.0, 0.0, 0.0, 0.0, 0.0, 0.0, 0.0, 0.0, 0.0, 0.0, 0.0, 0.0, 0.1429, 0.125, 0.0, 0.0, 1.0, 0.0, 0.0, 0.0, 0.0, 0.1111, 0.0, 0.0, 1.0, 0.0, 0.0, 0.1111, 0.0, 0.0, 0.0, 0.0, 0.75, 0.0, 0.0, 0.0, 0.0, 0.0, 0.0, 0.0, 1.0, 0.0, 0.0, 0.0, 0.0, 0.0, 0.0, 0.0, 1.0, 0.0, 0.0, 0.125, 0.0, 0.0, 0.0, 0.0, 0.875, 0.0, 0.0, 0.0, 0.0, 0.0, 0.0, 0.0, 0.875, 0.0, 0.1667, 0.0, 0.0, 0.0, 0.0, 0.0, 0.8889, 0.0, 0.0, 0.1429, 0.0, 0.0, 0.0, 0.0, 1.0, 0.0, 0.0833, 0.0, 0.0, 0.0, 0.0, 0.0, 1.0, 0.0, 0.0833, 0.0, 0.0, 0.0, 0.0, 0.0, 0.7778, 0.0, 0.0, 0.8333, 0.0, 0.0, 0.0, 0.0, 0.2222, 0.0, 0.0, 1.0, 0.0, 0.7, 0.0, 0.0, 0.0, 0.1667, 0.0, 1.0, 0.0, 0.0833, 0.0, 0.0, 0.0, 0.0, 0.0, 0.875, 0.0, 0.0, 0.0, 0.1429, 0.0, 0.0909, 0.0, 1.0, 0.0, 0.1, 0.0, 0.0, 0.0, 0.0, 0.0, 0.75, 0.1, 0.0, 0.0, 0.0, 0.0, 0.0, 0.1111, 0.7778, 0.0, 0.0, 0.0, 0.0, 0.0, 0.0909, 0.0, 1.0, 0.0, 0.0, 0.0, 0.0, 0.0, 0.0, 0.0, 0.0, 0.0, 0.0, 0.1429, 0.1]"
broadcast,1.0,5,broadcast,0.0915,0.0915,0.0915,0.0,27,True,183,0,313,1504,0,"[0.0, 0.0245, 0.028, 0.0305, 0.0335, 0.0375, 0.041, 0.044, 0.047, 0.0535, 0.0625, 0.0685, 0.072, 0.0735, 0.075, 0.076, 0.079, 0.0805, 0.082, 0.084, 0.0865, 0.089, 0.0895, 0.09, 0.0905, 0.091, 0.0915, 0.0915, 0.0915, 0.0915, 0.0915, 0.0915, 0.0915, 0.0915, 0.0915, 0.0915, 0.0915, 0.0915, 0.0915, 0.0915, 0.0915, 0.0915, 0.0915, 0.0915, 0.0915, 0.0915, 0.0915, 0.0915, 0.0915, 0.0915, 0.0915, 0.0915, 0.0915, 0.0915, 0.0915, 0.0915, 0.0915, 0.0915, 0.0915, 0.0915, 0.0915, 0.0915, 0.0915, 0.0915, 0.0915, 0.0915, 0.0915, 0.0915, 0.0915, 0.0915, 0.0915, 0.0915, 0.0915, 0.0915, 0.0915, 0.0915, 0.0915, 0.0915, 0.0915, 0.0915, 0.0915, 0.0915, 0.0915, 0.0915, 0.0915, 0.0915, 0.0915, 0.0915, 0.0915, 0.0915, 0.0915, 0.0915, 0.0915, 0.0915, 0.0915, 0.0915, 0.0915, 0.0915, 0.0915, 0.0915, 0.0915]","{""0"": 0.0128, ""1"": 0.3943, ""2"": 0.0547, ""3"": 0.2056, ""4"": 0.0268, ""5"": 0.0162, ""6"": 0.0164, ""7"": 0.0115}","[0.0, 0.0, 0.0, 0.0, 1.0, 0.0, 0.0, 0.0, 0.0, 0.0, 0.0, 0.0, 1.0, 0.0, 0.0, 0.0, 0.0, 0.0, 0.7143, 0.0, 0.6, 0.3333, 0.0, 0.0, 0.125, 0.0, 0.8889, 0.0, 0.0, 0.25, 0.0, 0.2857, 0.0, 0.0, 1.0, 0.0909, 0.0, 0.1, 0.0, 0.0, 0.0, 0.125, 1.0, 0.1429, 0.0, 0.0, 0.0, 0.0, 0.0, 0.0, 1.0, 0.2, 0.0, 0.0, 0.0, 0.0, 0.0, 0.0, 0.8, 0.1429, 0.0, 0.0, 0.0, 0.0, 0.0, 0.0, 1.0, 0.0, 0.0, 0.0, 0.0, 0.0, 0.0, 0.0, 0.2222, 0.0, 0.0, 0.0, 0.0, 0.0, 0.0, 0.0, 0.25, 0.1, 0.0, 0.0, 0.0, 0.0, 0.0, 0.0, 0.125, 0.1, 0.0, 0.0, 0.2, 0.0, 0.0, 0.125, 0.0, 0.125, 0.0, 0.0, 0.125, 0.0, 0.0, 0.0, 0.25, 0.0, 0.0, 0.0, 0.0, 0.0, 0.0, 0.0, 0.1429, 0.0, 0.0, 0.0, 0.0, 0.0, 0.1429, 0.0, 0.0, 0.0, 0.0, 0.0, 0.0, 0.0909, 0.0, 0.0, 0.0714, 0.0, 0.0, 0.0, 0.0, 0.0, 0.0, 0.0, 1.0, 0.1111, 0.0, 0.0, 0.0, 0.0, 0.0, 0.0, 1.0, 0.4444, 0.125, 0.0909, 0.0, 0.0, 0.0, 0.0, 0.8333, 0.0, 0.0, 0.1429, 0.125, 0.0, 0.0, 0.0, 1.0, 0.0, 0.0, 0.0, 0.0, 0.0, 0.0, 0.0, 1.0, 0.0, 0.0, 0.0, 0.0, 0.0, 0.0, 0.0, 1.0, 0.0, 0.0, 0.0, 0.0, 0.0, 0.0, 0.0, 0.2222, 0.1, 0.0, 0.1111, 0.0, 0.1111, 0.0, 0.0, 0.0909, 0.0, 0.1, 0.0, 0.0, 0.0, 0.0, 0.125, 0.0, 0.0, 0.0, 0.0, 0.0, 0.0, 0.125, 0.0, 0.0, 0.0, 1.0, 0.0, 0.0, 0.0, 0.0, 0.0, 0.0, 0.1111, 1.0, 0.0, 0.0, 0.0, 0.0, 0.0, 0.0, 0.0, 0.6, 0.0, 0.0, 0.0, 0.0, 0.0, 0.0, 0.0, 0.8571, 0.0, 0.0, 0.0, 0.0, 0.0, 0.0, 0.0, 0.875, 0.0, 0.0, 0.0, 0.0, 0.0]"
broadcast,1.0,6,broadcast,0.041,0.041,0.041,0.0,17,True,82,0,292,1626,0,"[0.0, 0.021, 0.0235, 0.026, 0.0265, 0.027, 0.028, 0.0295, 0.03, 0.031, 0.033, 0.034, 0.036, 0.0375, 0.0395, 0.0405, 0.041, 0.041, 0.041, 0.041, 0.041, 0.041, 0.041, 0.041, 0.041, 0.041, 0.041, 0.041, 0.041, 0.041, 0.041, 0.041, 0.041, 0.041, 0.041, 0.041, 0.041, 0.041, 0.041, 0.041, 0.041, 0.041, 0.041, 0.041, 0.041, 0.041, 0.041, 0.041, 0.041, 0.041, 0.041, 0.041, 0.041, 0.041, 0.041, 0.041, 0.041, 0.041, 0.041, 0.041, 0.041, 0.041, 0.041, 0.041, 0.041, 0.041, 0.041, 0.041, 0.041, 0.041, 0.041, 0.041, 0.041, 0.041, 0.041, 0.041, 0.041, 0.041, 0.041, 0.041, 0.041, 0.041, 0.041, 0.041, 0.041, 0.041, 0.041, 0.041, 0.041, 0.041, 0.041, 0.041, 0.041, 0.041, 0.041, 0.041, 0.041, 0.041, 0.041, 0.041, 0.041]","{""0"": 0.0153, ""1"": 0.1633, ""2"": 0.0325, ""3"": 0.0608, ""4"": 0.0174, ""5"": 0.0195, ""6"": 0.0161, ""7"": 0.004}","[0.0, 0.0, 0.1538, 0.0, 0.375, 0.0, 0.0, 0.0, 0.0, 0.0769, 0.0, 0.1429, 0.0, 0.0, 0.125, 0.0, 0.0, 0.0, 0.0, 0.0, 0.0, 0.0, 0.2, 0.125, 0.0, 0.0, 0.2857, 0.0, 0.0, 0.1, 0.0, 0.0, 0.0, 0.0, 0.0, 0.0, 0.0, 0.0, 0.0, 0.0, 0.0, 0.0, 0.0, 0.1429, 0.0, 0.0, 0.0, 0.0, 0.0, 0.125, 0.0, 0.0, 0.0, 0.0, 0.0, 0.0, 0.1111, 0.0, 0.0, 0.0, 0.0, 0.0, 0.0, 0.0, 0.0, 0.0, 0.0, 0.0, 0.0, 0.1, 0.0, 0.0, 0.0, 0.0, 0.0, 0.1111, 0.0, 0.0, 0.0, 0.0, 0.0, 0.0, 0.1429, 0.0, 0.0, 0.0714, 0.1, 0.0, 0.0, 0.0, 0.0, 0.0, 0.0, 0.0, 0.0, 0.0, 0.0, 0.1111, 0.0, 0.0, 0.0, 0.0, 0.0, 0.0, 0.0, 0.0, 0.0, 0.0, 0.1111, 0.0, 0.0, 0.0, 0.0, 0.0, 0.0, 0.0, 0.1, 0.1111, 0.0, 0.2, 0.0, 0.0, 0.0, 0.1, 0.0, 0.0, 0.0, 0.0, 0.0, 0.0, 0.0, 0.0, 0.0, 0.0, 0.0, 0.1111, 0.0, 0.0, 0.0, 0.0, 0.0909, 0.0, 0.0, 0.0, 0.0, 0.0, 0.0, 0.0, 0.5714, 0.0, 0.0, 0.0, 0.0, 0.0, 0.1667, 0.0, 0.1111, 0.0, 0.0, 0.0, 0.0, 0.1429, 0.0, 0.0, 0.0, 0.0, 0.1429, 0.0, 0.0, 0.0, 0.0, 0.0, 0.0, 0.0, 0.0, 0.0, 0.0, 0.0, 0.0, 0.0, 0.0, 0.0, 0.0, 0.0, 0.0, 0.0, 0.0833, 0.0, 0.0909, 0.0, 0.0, 0.0, 0.0, 0.0, 0.8889, 0.0, 0.0, 0.0, 0.0, 0.0, 0.0, 0.0, 1.0, 0.0, 0.0, 0.0, 0.0, 0.0, 0.0, 0.0, 0.8889, 0.0, 0.125, 0.0, 0.0, 0.0, 0.0, 0.0, 0.8889, 0.0, 0.0, 0.0, 0.0, 0.0, 0.0, 0.0, 0.125, 0.0909, 0.1667, 0.0, 0.0, 0.1667, 0.0, 0.0, 0.0, 0.3333, 0.0, 0.0, 0.0, 0.0, 0.0, 0.0, 0.0, 0.0, 0.2222, 0.0, 0.0667, 0.0, 0.0, 0.0]"
broadcast,1.0,7,broadcast,0.018,0.018,0.018,0.0,3,True,36,0,271,1693,0,"[0.0, 0.0175, 0.018, 0.018, 0.018, 0.018, 0.018, 0.018, 0.018, 0.018, 0.018, 0.018, 0.018, 0.018, 0.018, 0.018, 0.018, 0.018, 0.018, 0.018, 0.018, 0.018, 0.018, 0.018, 0.018, 0.018, 0.018, 0.018, 0.018, 0.018, 0.018, 0.018, 0.018, 0.018, 0.018, 0.018, 0.018, 0.018, 0.018, 0.018, 0.018, 0.018, 0.018, 0.018, 0.018, 0.018, 0.018, 0.018, 0.018, 0.018, 0.018, 0.018, 0.018, 0.018, 0.018, 0.018, 0.018, 0.018, 0.018, 0.018, 0.018, 0.018, 0.018, 0.018, 0.018, 0.018, 0.018, 0.018, 0.018, 0.018, 0.018, 0.018, 0.018, 0.018, 0.018, 0.018, 0.018, 0.018, 0.018, 0.018, 0.018, 0.018, 0.018, 0.018, 0.018, 0.018, 0.018, 0.018, 0.018, 0.018, 0.018, 0.018, 0.018, 0.018, 0.018, 0.018, 0.018, 0.018, 0.018, 0.018, 0.018]","{""0"": 0.0123, ""1"": 0.0039, ""2"": 0.0207, ""3"": 0.0243, ""4"": 0.0194, ""5"": 0.013, ""6"": 0.0236, ""7"": 0.026}","[0.0, 0.0, 0.0, 0.0, 0.0, 0.0, 0.0, 0.0, 0.0, 0.0, 0.0, 0.0, 0.0, 0.0, 0.3333, 0.0, 0.0, 0.0, 0.0, 0.1667, 0.0, 0.0, 0.0, 0.0, 0.0, 0.125, 0.0, 0.0, 0.0, 0.0, 0.0, 0.0909, 0.0, 0.0, 0.0, 0.0, 0.0, 0.0, 0.0, 0.0, 0.0, 0.0, 0.0, 0.0, 0.0, 0.0, 0.0, 0.0, 0.0, 0.0, 0.0, 0.0, 0.0, 0.0, 0.0588, 0.0, 0.0, 0.0, 0.0, 0.0, 0.0, 0.0, 0.0, 0.0, 0.0, 0.0, 0.0, 0.0, 0.0, 0.0, 0.0, 0.0, 0.0, 0.0, 0.0, 0.0, 0.0, 0.0, 0.0, 0.0, 0.0, 0.0, 0.0, 0.0, 0.0, 0.0, 0.0, 0.0, 0.0, 0.0, 0.0, 0.0, 0.1111, 0.0, 0.0, 0.0, 0.0, 0.0, 0.0, 0.1667, 0.0833, 0.0, 0.0, 0.125, 0.0714, 0.0, 0.0, 0.0, 0.0, 0.1, 0.0, 0.0, 0.0, 0.0, 0.1, 0.0, 0.1429, 0.0, 0.0, 0.0, 0.3333, 0.0, 0.0, 0.125, 0.0, 0.0, 0.0, 0.0, 0.0, 0.0, 0.0, 0.0, 0.0, 0.0, 0.0, 0.1429, 0.0, 0.0, 0.0, 0.0, 0.0, 0.0, 0.0, 0.125, 0.0, 0.0, 0.0, 0.0, 0.0, 0.0, 0.0909, 0.0, 0.0, 0.0, 0.0, 0.0, 0.0, 0.0, 0.0, 0.0, 0.0, 0.0, 0.0, 0.0, 0.1111, 0.0769, 0.0, 0.0, 0.1818, 0.1429, 0.0, 0.1429, 0.0, 0.0, 0.0, 0.0, 0.0, 0.0, 0.0, 0.0, 0.0, 0.0, 0.0, 0.0, 0.0, 0.125, 0.0, 0.0, 0.0, 0.0, 0.0, 0.0, 0.0, 0.0, 0.0, 0.0, 0.0, 0.125, 0.0, 0.0, 0.125, 0.0, 0.0, 0.0667, 0.1, 0.0, 0.0, 0.0, 0.0909, 0.0, 0.0, 0.0, 0.0, 0.0, 0.0, 0.0, 0.0, 0.0, 0.0, 0.0, 0.1429, 0.0, 0.0, 0.0, 0.0, 0.0, 0.0, 0.0, 0.0, 0.2222, 0.0, 0.1111, 0.0, 0.0, 0.0, 0.0, 0.0, 0.0, 0.0, 0.0909, 0.0, 0.0, 0.0, 0.0, 0.0, 0.0, 0.0, 0.0, 0.0, 0.0]"
broadcast,1.0,8,broadcast,0.0265,0.0265,0.0265,-0.0,5,True,53,0,315,1632,0,"[0.0, 0.0205, 0.0245, 0.026, 0.0265, 0.0265, 0.0265, 0.0265, 0.0265, 0.0265, 0.0265, 0.0265, 0.0265, 0.0265, 0.0265, 0.0265, 0.0265, 0.0265, 0.0265, 0.0265, 0.0265, 0.0265, 0.0265, 0.0265, 0.0265, 0.0265, 0.0265, 0.0265, 0.0265, 0.0265, 0.0265, 0.0265, 0.0265, 0.0265, 0.0265, 0.0265, 0.0265, 0.0265, 0.0265, 0.0265, 0.0265, 0.0265, 0.0265, 0.0265, 0.0265, 0.0265, 0.0265, 0.0265, 0.0265, 0.0265, 0.0265, 0.0265, 0.0265, 0.0265, 0.0265, 0.0265, 0.0265, 0.0265, 0.0265, 0.0265, 0.0265, 0.0265, 0.0265, 0.0265, 0.0265, 0.0265, 0.0265, 0.0265, 0.0265, 0.0265, 0.0265, 0.0265, 0.0265, 0.0265, 0.0265, 0.0265, 0.0265, 0.0265, 0.0265, 0.0265, 0.0265, 0.0265, 0.0265, 0.0265, 0.0265, 0.0265, 0.0265, 0.0265, 0.0265, 0.0265, 0.0265, 0.0265, 0.0265, 0.0265, 0.0265, 0.0265, 0.0265, 0.0265, 0.0265, 0.0265, 0.0265]","{""0"": 0.0423, ""1"": 0.0199, ""2"": 0.02, ""3"": 0.0173, ""4"": 0.0352, ""5"": 0.0213, ""6"": 0.0112, ""7"": 0.0442}","[0.1111, 0.125, 0.0, 0.0, 0.0, 0.0, 0.0, 0.0, 0.0833, 0.0, 0.0, 0.4, 0.1111, 0.0, 0.0, 0.0, 0.0, 0.0909, 0.0, 0.0, 0.0, 0.0, 0.1111, 0.1111, 0.0, 0.125, 0.125, 0.0, 0.0, 0.0, 0.0, 0.0, 0.0, 0.0, 0.0, 0.0, 0.1429, 0.0, 0.0, 0.0, 0.0, 0.0, 0.1111, 0.0, 0.0, 0.0, 0.0, 0.0, 0.0, 0.0, 0.0, 0.0, 0.0, 0.0, 0.0, 0.1111, 0.0, 0.0, 0.0, 0.0, 0.0, 0.0, 0.0, 0.0, 0.0, 0.0, 0.0, 0.0, 0.0, 0.0833, 0.0, 0.1429, 0.0, 0.0, 0.0, 0.0, 0.0, 0.0, 0.0, 0.0, 0.0, 0.0, 0.1111, 0.0, 0.0, 0.0, 0.0, 0.0, 0.0, 0.0, 0.1, 0.0, 0.0, 0.0, 0.0, 0.0, 0.0, 0.0, 0.0, 0.1429, 0.0, 0.0, 0.0, 0.0, 0.0, 0.0, 0.0, 0.0, 0.0, 0.0, 0.125, 0.0, 0.0, 0.125, 0.0, 0.0, 0.0, 0.0, 0.0, 0.0, 0.0, 0.0, 0.0, 0.0, 0.0, 0.1667, 0.0, 0.0, 0.5714, 0.0, 0.0, 0.0, 0.0, 0.0, 0.0, 0.0, 0.1667, 0.0, 0.0, 0.0, 0.0, 0.0, 0.0, 0.0, 0.0, 0.0, 0.0, 0.0, 0.0, 0.0, 0.0, 0.0, 0.0, 0.0, 0.0, 0.0, 0.0, 0.0, 0.0, 0.0, 0.0, 0.2, 0.0, 0.0, 0.0, 0.0, 0.0, 0.0, 0.0, 0.1111, 0.0, 0.0, 0.0, 0.0, 0.0, 0.0, 0.0, 0.0, 0.0, 0.0, 0.0, 0.0, 0.1429, 0.0, 0.4286, 0.0, 0.0, 0.0, 0.0, 0.0, 0.0, 0.0, 0.0, 0.0, 0.0, 0.0, 0.0, 0.1667, 0.0, 0.0, 0.125, 0.0, 0.125, 0.0, 0.0, 0.0, 0.0, 0.0, 0.125, 0.0, 0.0, 0.0, 0.0, 0.0909, 0.0, 0.0, 0.0, 0.1, 0.0, 0.0, 0.0, 0.0, 0.0, 0.0, 0.0, 0.0, 0.0, 0.0, 0.0, 0.1111, 0.3333, 0.0, 0.0, 0.1, 0.0, 0.0, 0.0714, 0.8, 0.0, 0.0, 0.0, 0.0, 0.0, 0.0, 0.0, 0.0, 0.0, 0.0, 0.0, 0.375]"
broadcast,1.0,9,broadcast,0.022,0.022,0.022,0.0,2,True,44,0,291,1665,0,"[0.0, 0.022, 0.022, 0.022, 0.022, 0.022, 0.022, 0.022, 0.022, 0.022, 0.022, 0.022, 0.022, 0.022, 0.022, 0.022, 0.022, 0.022, 0.022, 0.022, 0.022, 0.022, 0.022, 0.022, 0.022, 0.022, 0.022, 0.022, 0.022, 0.022, 0.022, 0.022, 0.022, 0.022, 0.022, 0.022, 0.022, 0.022, 0.022, 0.022, 0.022, 0.022, 0.022, 0.022, 0.022, 0.022, 0.022, 0.022, 0.022, 0.022, 0.022, 0.022, 0.022, 0.022, 0.022, 0.022, 0.022, 0.022, 0.022, 0.022, 0.022, 0.022, 0.022, 0.022, 0.022, 0.022, 0.022, 0.022, 0.022, 0.022, 0.022, 0.022, 0.022, 0.022, 0.022, 0.022, 0.022, 0.022, 0.022, 0.022, 0.022, 0.022, 0.022, 0.022, 0.022, 0.022, 0.022, 0.022, 0.022, 0.022, 0.022, 0.022, 0.022, 0.022, 0.022, 0.022, 0.022, 0.022, 0.022, 0.022, 0.022]","{""0"": 0.028, ""1"": 0.0233, ""2"": 0.0199, ""3"": 0.0352, ""4"": 0.0246, ""5"": 0.0117, ""6"": 0.0169, ""7"": 0.0163}","[0.0, 0.0, 0.0, 0.0, 0.0, 0.0, 0.0, 0.0, 0.0, 0.0, 0.1, 0.0, 0.0, 0.0, 0.0, 0.0, 0.0, 0.0, 0.0, 0.0, 0.0, 0.0, 0.0, 0.0, 0.0909, 0.0909, 0.0, 0.0, 0.0, 0.0625, 0.0, 0.0, 0.0, 0.1111, 0.0, 0.0, 0.0, 0.1667, 0.0, 0.0, 0.0, 0.0, 0.0, 0.0, 0.0, 0.0, 0.0, 0.0, 0.0, 0.0, 0.0, 0.0, 0.0, 0.0, 0.0, 0.1667, 0.0, 0.0, 0.0, 0.0, 0.0, 0.0, 0.0, 0.0, 0.125, 0.0909, 0.0, 0.0, 0.0, 0.125, 0.0, 0.0, 0.0, 0.0, 0.0, 0.0, 0.1667, 0.0, 0.0, 0.0, 0.0, 0.0, 0.0, 0.1111, 0.0, 0.1111, 0.1, 0.0, 0.0, 0.0, 0.0, 0.0, 0.1429, 0.0, 0.0, 0.1667, 0.0, 0.0, 0.0, 0.0, 0.0909, 0.1667, 0.0, 0.0, 0.0, 0.125, 0.0, 0.0, 0.0, 0.0, 0.0769, 0.0, 0.0, 0.0, 0.0, 0.0, 0.125, 0.0, 0.0, 0.0, 0.0, 0.0, 0.0, 0.0, 0.0, 0.0, 0.0, 0.0, 0.0, 0.0, 0.0833, 0.0, 0.0, 0.0, 0.0, 0.0, 0.0, 0.0, 0.0, 0.1429, 0.1, 0.0, 0.0, 0.0, 0.0, 0.0, 0.0, 0.0, 0.0, 0.0, 0.0, 0.0, 0.0, 0.125, 0.0, 0.125, 0.0, 0.0, 0.0, 0.0, 0.0, 0.0, 0.0, 0.0, 0.0, 0.0, 0.0, 0.0, 0.0, 0.0, 0.0833, 0.0, 0.0, 0.0, 0.1111, 0.1111, 0.0, 0.0, 0.1111, 0.0, 0.1667, 0.0, 0.0, 0.0, 0.0, 0.0, 0.1, 0.0, 0.1429, 0.0, 0.0, 0.0, 0.0, 0.0909, 0.0, 0.0, 0.0, 0.0, 0.0, 0.0, 0.0, 0.0, 0.0, 0.0, 0.0, 0.0, 0.0, 0.0, 0.0, 0.0909, 0.0, 0.0, 0.0, 0.0, 0.0, 0.0, 0.0, 0.0, 0.1, 0.1667, 0.0, 0.1429, 0.0, 0.2, 0.0, 0.0, 0.0, 0.0, 0.0, 0.0, 0.0, 0.0, 0.0, 0.0, 0.0, 0.125, 0.0, 0.0, 0.0, 0.0, 0.0909, 0.0, 0.0, 0.0, 0.0, 0.0, 0.0, 0.0, 0.1, 0.0]"
broadcast,1.0,10,broadcast,0.058,0.058,0.058,-0.0,15,True,116,0,284,1600,0,"[0.0, 0.0235, 0.027, 0.029, 0.0315, 0.0335, 0.0355, 0.04, 0.044, 0.048, 0.0505, 0.053, 0.0555, 0.057, 0.058, 0.058, 0.058, 0.058, 0.058, 0.058, 0.058, 0.058, 0.058, 0.058, 0.058, 0.058, 0.058, 0.058, 0.058, 0.058, 0.058, 0.058, 0.058, 0.058, 0.058, 0.058, 0.058, 0.058, 0.058, 0.058, 0.058, 0.058, 0.058, 0.058, 0.058, 0.058, 0.058, 0.058, 0.058, 0.058, 0.058, 0.058, 0.058, 0.058, 0.058, 0.058, 0.058, 0.058, 0.058, 0.058, 0.058, 0.058, 0.058, 0.058, 0.058, 0.058, 0.058, 0.058, 0.058, 0.058, 0.058, 0.058, 0.058, 0.058, 0.058, 0.058, 0.058, 0.058, 0.058, 0.058, 0.058, 0.058, 0.058, 0.058, 0.058, 0.058, 0.058, 0.058, 0.058, 0.058, 0.058, 0.058, 0.058, 0.058, 0.058, 0.058, 0.058, 0.058, 0.058, 0.058, 0.058]","{""0"": 0.0195, ""1"": 0.0382, ""2"": 0.1216, ""3"": 0.0154, ""4"": 0.0244, ""5"": 0.0246, ""6"": 0.1974, ""7"": 0.0361}","[0.1111, 0.0, 0.0, 0.0, 0.0, 0.0, 0.0, 0.0, 0.0, 0.0, 0.4, 0.0, 0.0, 0.2222, 0.0, 0.1111, 0.0, 0.1667, 0.0, 0.0, 0.0, 0.0833, 0.0, 0.4286, 0.1429, 0.1667, 0.0, 0.0, 0.0, 0.0, 0.0, 0.0, 0.0, 0.0, 0.0, 0.0, 0.0, 0.0, 0.0, 0.0, 0.0, 0.0, 0.2, 0.0, 0.0, 0.0, 0.0, 0.0, 0.0, 0.0, 0.0, 0.0, 0.0, 0.0, 0.0, 0.0, 0.0, 0.0, 0.0, 0.0, 0.0, 0.0, 0.0, 0.0, 0.0, 0.0, 0.0, 0.0, 0.0, 0.0, 0.0, 0.0, 0.1818, 0.0909, 0.1, 0.0, 0.0, 0.0, 0.0, 0.0, 0.0, 0.0, 0.0, 0.0, 0.2, 0.0, 0.0, 0.0, 0.0, 0.0, 0.0, 0.1, 0.0, 0.0, 0.0, 0.0, 0.0, 0.0, 0.1, 0.1667, 0.0, 0.0, 0.0, 0.0, 0.3333, 0.0, 0.0, 0.0, 0.0, 0.0, 0.0, 0.0, 0.0, 0.0, 0.1111, 0.5714, 0.0, 0.0, 0.0909, 0.0, 0.0, 0.0, 0.0, 0.8571, 0.0, 0.0, 0.0, 0.0, 0.0, 0.0, 0.0, 1.0, 0.0, 0.0, 0.0, 0.0, 0.0, 0.0909, 0.0, 0.8333, 0.0, 0.0, 0.25, 0.0, 0.0, 0.0, 0.0, 0.8571, 0.3333, 0.0, 0.0, 0.0, 0.0, 0.0, 0.0, 0.0, 0.0, 0.0, 0.0, 0.125, 0.0, 0.0, 0.0, 0.0, 0.0, 0.0, 0.0909, 0.0, 0.0, 0.0, 0.0, 0.0, 0.0, 0.0, 0.0, 0.0, 0.0, 0.0, 0.125, 0.0, 0.0, 0.0, 0.0, 0.6667, 0.0, 0.0, 0.0, 0.0, 0.0, 0.0, 0.0, 1.0, 0.0, 0.0, 0.0, 0.0, 0.0, 0.1429, 0.0, 0.8889, 0.0, 0.0909, 0.0, 0.0909, 0.0, 0.0, 0.1667, 0.8571, 0.0, 0.0, 0.0, 0.0833, 0.0, 0.1429, 0.1, 0.9091, 0.0, 0.0, 0.0, 0.0, 0.0, 0.1, 0.0, 0.5714, 0.1667, 0.0, 0.0, 0.0, 0.0, 0.0, 0.0, 0.0, 0.0, 0.0, 0.1, 0.0, 0.0, 0.0, 0.1429, 0.1111, 0.1111, 0.0, 0.0, 0.0, 0.1429, 0.0, 0.0, 0.1667, 0.1667, 0.0]"
broadcast,1.0,11,broadcast,0.024,0.024,0.024,0.0,4,True,48,0,310,1642,0,"[0.0, 0.0225, 0.0235, 0.024, 0.024, 0.024, 0.024, 0.024, 0.024, 0.024, 0.024, 0.024, 0.024, 0.024, 0.024, 0.024, 0.024, 0.024, 0.024, 0.024, 0.024, 0.024, 0.024, 0.024, 0.024, 0.024, 0.024, 0.024, 0.024, 0.024, 0.024, 0.024, 0.024, 0.024, 0.024, 0.024, 0.024, 0.024, 0.024, 0.024, 0.024, 0.024, 0.024, 0.024, 0.024, 0.024, 0.024, 0.024, 0.024, 0.024, 0.024, 0.024, 0.024, 0.024, 0.024, 0.024, 0.024, 0.024, 0.024, 0.024, 0.024, 0.024, 0.024, 0.024, 0.024, 0.024, 0.024, 0.024, 0.024, 0.024, 0.024, 0.024, 0.024, 0.024, 0.024, 0.024, 0.024, 0.024, 0.024, 0.024, 0.024, 0.024, 0.024, 0.024, 0.024, 0.024, 0.024, 0.024, 0.024, 0.024, 0.024, 0.024, 0.024, 0.024, 0.024, 0.024, 0.024, 0.024, 0.024, 0.024, 0.024]","{""0"": 0.0202, ""1"": 0.0207, ""2"": 0.0321, ""3"": 0.0196, ""4"": 0.0182, ""5"": 0.0246, ""6"": 0.0286, ""7"": 0.0288}","[0.0, 0.0, 0.0, 0.0, 0.0909, 0.0714, 0.0, 0.0, 0.0909, 0.1111, 0.0, 0.0, 0.0833, 0.0, 0.0, 0.0, 0.0, 0.0, 0.1818, 0.0, 0.0, 0.0, 0.0, 0.1111, 0.0, 0.0, 0.0, 0.0, 0.0, 0.0, 0.0, 0.1, 0.0, 0.1429, 0.0, 0.0, 0.0, 0.0, 0.0, 0.0, 0.0, 0.0, 0.0, 0.0, 0.0, 0.0, 0.0, 0.0, 0.125, 0.0, 0.0, 0.0, 0.0, 0.1111, 0.125, 0.0, 0.0, 0.0, 0.0, 0.0, 0.0, 0.0, 0.0, 0.0, 0.0, 0.0, 0.0, 0.0, 0.0, 0.0, 0.0833, 0.0, 0.0769, 0.0, 0.1667, 0.0, 0.0, 0.0, 0.0, 0.0, 0.0, 0.0, 0.0, 0.0, 0.0, 0.0, 0.0, 0.0, 0.0, 0.0, 0.0, 0.0, 0.0, 0.0, 0.0, 0.0, 0.0, 0.0, 0.0, 0.0, 0.0, 0.0, 0.1667, 0.0, 0.0, 0.0, 0.0, 0.0, 0.0, 0.0, 0.0, 0.0, 0.0, 0.0, 0.0, 0.0, 0.0, 0.0, 0.0, 0.0, 0.0, 0.1667, 0.0, 0.3, 0.0, 0.0, 0.0, 0.0, 0.0909, 0.0, 0.0, 0.125, 0.125, 0.0, 0.0, 0.3333, 0.1111, 0.0, 0.1111, 0.0, 0.0, 0.0, 0.0, 0.125, 0.0, 0.0909, 0.0, 0.0, 0.0, 0.0, 0.0, 0.0, 0.0, 0.0769, 0.0, 0.1429, 0.0, 0.0, 0.0, 0.0, 0.0, 0.0, 0.0, 0.0, 0.0, 0.0, 0.0, 0.125, 0.0, 0.0, 0.0, 0.0, 0.0, 0.25, 0.0, 0.0, 0.0, 0.0, 0.0, 0.2, 0.0, 0.0, 0.0, 0.0, 0.0, 0.0, 0.0, 0.0, 0.1429, 0.0, 0.0, 0.0, 0.0, 0.0, 0.0, 0.0, 0.0, 0.1111, 0.2, 0.0, 0.0, 0.0, 0.0, 0.0, 0.0, 0.0, 0.0, 0.0, 0.1429, 0.0, 0.0, 0.0, 0.0, 0.0, 0.0, 0.1, 0.0, 0.0, 0.0, 0.1111, 0.0, 0.0, 0.0, 0.0, 0.0, 0.0, 0.1, 0.0, 0.1, 0.0, 0.0, 0.0, 0.0, 0.0, 0.0, 0.0, 0.0, 0.0, 0.125, 0.0, 0.0, 0.0, 0.0, 0.125, 0.0, 0.0, 0.125, 0.0, 0.1, 0.0]"
random,0.4,0,random,0.0585,0.0585,0.0585,-0.0,4,True,117,0,287,1596,0,"[0.05, 0.0565, 0.058, 0.0585, 0.0585, 0.0585, 0.0585, 0.0585, 0.0585, 0.0585, 0.0585, 0.0585, 0.0585, 0.0585, 0.0585, 0.0585, 0.0585, 0.0585, 0.0585, 0.0585, 0.0585, 0.0585, 0.0585, 0.0585, 0.0585, 0.0585, 0.0585, 0.0585, 0.0585, 0.0585, 0.0585, 0.0585, 0.0585, 0.0585, 0.0585, 0.0585, 0.0585, 0.0585, 0.0585, 0.0585, 0.0585, 0.0585, 0.0585, 0.0585, 0.0585, 0.0585, 0.0585, 0.0585, 0.0585, 0.0585, 0.0585, 0.0585, 0.0585, 0.0585, 0.0585, 0.0585, 0.0585, 0.0585, 0.0585, 0.0585, 0.0585, 0.0585, 0.0585, 0.0585, 0.0585, 0.0585, 0.0585, 0.0585, 0.0585, 0.0585, 0.0585, 0.0585, 0.0585, 0.0585, 0.0585, 0.0585, 0.0585, 0.0585, 0.0585, 0.0585, 0.0585, 0.0585, 0.0585, 0.0585, 0.0585, 0.0585, 0.0585, 0.0585, 0.0585, 0.0585, 0.0585, 0.0585, 0.0585, 0.0585, 0.0585, 0.0585, 0.0585, 0.0585, 0.0585, 0.0585, 0.0585]","{""0"": 0.0808, ""1"": 0.0628, ""2"": 0.0342, ""3"": 0.0545, ""4"": 0.0273, ""5"": 0.0739, ""6"": 0.046, ""7"": 0.0921}","[0.2222, 0.0, 0.1429, 0.0, 0.0, 0.0, 0.1, 0.0, 0.0, 0.0, 0.125, 0.1429, 0.0, 0.0, 0.0, 0.1429, 0.1, 0.0, 0.0, 0.0, 0.0, 0.0, 0.1667, 0.0, 0.1111, 0.1, 0.0, 0.0, 0.0, 0.0, 0.1111, 0.0, 0.0, 0.1111, 0.1429, 0.0, 0.0, 0.0, 0.3333, 0.0, 0.0, 0.0, 0.1667, 0.0, 0.0, 0.0, 0.1111, 0.0, 0.0, 0.2222, 0.0, 0.0, 0.1667, 0.0, 0.0, 0.0, 0.2222, 0.3333, 0.125, 0.0, 0.2222, 0.0, 0.0, 0.0, 0.125, 0.125, 0.0, 0.0, 0.0, 0.1, 0.2222, 0.2, 0.0, 0.0, 0.0, 0.0, 0.0, 0.0, 0.0833, 0.0, 0.0, 0.1667, 0.0, 0.0, 0.0, 0.0, 0.0, 0.0, 0.0, 0.0909, 0.0, 0.0, 0.0, 0.0, 0.0, 0.0, 0.0, 0.0, 0.0, 0.0, 0.2, 0.0, 0.0, 0.25, 0.6, 0.0, 0.1111, 0.1429, 0.2857, 0.0, 0.0, 0.0, 0.25, 0.0, 0.125, 0.0909, 0.0, 0.0, 0.1111, 0.0, 0.0, 0.0, 0.0, 0.1, 0.0, 0.0909, 0.1667, 0.0, 0.0, 0.0, 0.0, 0.0, 0.25, 0.0, 0.0, 0.0, 0.1111, 0.1429, 0.0, 0.0, 0.0, 0.0, 0.2, 0.0, 0.2857, 0.1818, 0.0, 0.0, 0.0, 0.0, 0.0, 0.0769, 0.0, 0.2, 0.0, 0.0, 0.0, 0.0, 0.3333, 0.0, 0.3333, 0.2, 0.1429, 0.125, 0.0909, 0.0, 0.0, 0.0, 0.0, 0.125, 0.1429, 0.0, 0.0, 0.0, 0.0, 0.25, 0.0, 0.0, 0.125, 0.0, 0.0909, 0.0, 0.0, 0.1, 0.25, 0.0, 0.4, 0.1667, 0.1, 0.0, 0.0, 0.0, 0.0, 0.0, 0.0, 0.0, 0.0, 0.2, 0.0, 0.0, 0.1667, 0.0, 0.0, 0.25, 0.0, 0.1111, 0.0, 0.0, 0.1111, 0.1667, 0.2857, 0.0833, 0.0, 0.0, 0.1111, 0.1429, 0.1667, 0.125, 0.0, 0.0, 0.0, 0.0, 0.0, 0.1, 0.0, 0.0, 0.0, 0.0909, 0.2222, 0.125, 0.0, 0.25, 0.0, 0.0, 0.0, 0.0, 0.1667, 0.25, 0.0, 0.0, 0.0, 0.1667, 0.1111, 0.0, 0.0, 0.0, 0.1, 0.0, 0.0, 0.0]"
random,0.4,1,random,0.06,0.06,0.06,-0.0,3,True,120,0,252,1628,0,"[0.05, 0.0595, 0.06, 0.06, 0.06, 0.06, 0.06, 0.06, 0.06, 0.06, 0.06, 0.06, 0.06, 0.06, 0.06, 0.06, 0.06, 0.06, 0.06, 0.06, 0.06, 0.06, 0.06, 0.06, 0.06, 0.06, 0.06, 0.06, 0.06, 0.06, 0.06, 0.06, 0.06, 0.06, 0.06, 0.06, 0.06, 0.06, 0.06, 0.06, 0.06, 0.06, 0.06, 0.06, 0.06, 0.06, 0.06, 0.06, 0.06, 0.06, 0.06, 0.06, 0.06, 0.06, 0.06, 0.06, 0.06, 0.06, 0.06, 0.06, 0.06, 0.06, 0.06, 0.06, 0.06, 0.06, 0.06, 0.06, 0.06, 0.06, 0.06, 0.06, 0.06, 0.06, 0.06, 0.06, 0.06, 0.06, 0.06, 0.06, 0.06, 0.06, 0.06, 0.06, 0.06, 0.06, 0.06, 0.06, 0.06, 0.06, 0.06, 0.06, 0.06, 0.06, 0.06, 0.06, 0.06, 0.06, 0.06, 0.06, 0.06]","{""0"": 0.0613, ""1"": 0.0425, ""2"": 0.048, ""3"": 0.0329, ""4"": 0.0757, ""5"": 0.095, ""6"": 0.075, ""7"": 0.0474}","[0.1111, 0.1818, 0.0, 0.0, 0.0, 0.1111, 0.125, 0.2222, 0.0, 0.125, 0.0, 0.0, 0.0, 0.0, 0.0, 0.0, 0.0833, 0.1333, 0.0, 0.1, 0.2222, 0.125, 0.0, 0.0, 0.3333, 0.0, 0.25, 0.6, 0.0, 0.0, 0.2, 0.0, 0.0, 0.0, 0.0, 0.0, 0.1429, 0.0, 0.0, 0.0, 0.0, 0.0, 0.0, 0.0, 0.0, 0.1, 0.0, 0.0, 0.0, 0.0, 0.1667, 0.0, 0.0, 0.25, 0.0, 0.0, 0.0, 0.0, 0.0, 0.0, 0.0, 0.0909, 0.0, 0.2, 0.0, 0.1667, 0.2222, 0.0, 0.0, 0.0, 0.0, 0.1429, 0.0, 0.0, 0.0, 0.0, 0.0, 0.0, 0.0, 0.0, 0.0, 0.1333, 0.1667, 0.0909, 0.0, 0.0, 0.0909, 0.2, 0.0, 0.0, 0.0909, 0.0, 0.0, 0.0833, 0.0, 0.0, 0.125, 0.0, 0.0, 0.0, 0.0, 0.1667, 0.1429, 0.0, 0.0, 0.0, 0.0, 0.0, 0.0, 0.375, 0.125, 0.0714, 0.0, 0.0, 0.0, 0.1667, 0.0, 0.1429, 0.1, 0.1111, 0.0, 0.0, 0.1, 0.0, 0.0, 0.1667, 0.0, 0.1, 0.2, 0.0, 0.0, 0.0, 0.0, 0.0, 0.0, 0.0833, 0.0, 0.0, 0.0, 0.0833, 0.0, 0.2222, 0.0833, 0.1429, 0.0, 0.0, 0.0, 0.1429, 0.0, 0.125, 0.25, 0.0, 0.1, 0.0, 0.0, 0.0, 0.0, 0.0, 0.2222, 0.1429, 0.0, 0.1111, 0.0, 0.0, 0.125, 0.1111, 0.0, 0.1667, 0.1667, 0.0, 0.0, 0.0, 0.0, 0.0, 0.1111, 0.0, 0.0, 0.125, 0.0, 0.2222, 0.0, 0.0, 0.0, 0.0, 0.1429, 0.2, 0.0, 0.1667, 0.0, 0.0, 0.3333, 0.0, 0.125, 0.0, 0.1111, 0.0, 0.0, 0.0, 0.0, 0.2, 0.1429, 0.1111, 0.0, 0.0, 0.0, 0.0, 0.1111, 0.0, 0.0, 0.1111, 0.0909, 0.1429, 0.0, 0.0, 0.3333, 0.0, 0.0, 0.1429, 0.2, 0.0, 0.125, 0.0, 0.2, 0.1818, 0.1111, 0.0, 0.0, 0.0, 0.1667, 0.1429, 0.125, 0.0, 0.0909, 0.0, 0.0, 0.0, 0.1, 0.2222, 0.3333, 0.0, 0.0, 0.0, 0.0, 0.0, 0.0, 0.0, 0.25, 0.1429, 0.0, 0.125]"
random,0.4,2,random,0.0695,0.0695,0.0695,0.0,4,True,139,0,267,1594,0,"[0.05, 0.065, 0.0685, 0.0695, 0.0695, 0.0695, 0.0695, 0.0695, 0.0695, 0.0695, 0.0695, 0.0695, 0.0695, 0.0695, 0.0695, 0.0695, 0.0695, 0.0695, 0.0695, 0.0695, 0.0695, 0.0695, 0.0695, 0.0695, 0.0695, 0.0695, 0.0695, 0.0695, 0.0695, 0.0695, 0.0695, 0.0695, 0.0695, 0.0695, 0.0695, 0.0695, 0.0695, 0.0695, 0.0695, 0.0695, 0.0695, 0.0695, 0.0695, 0.0695, 0.0695, 0.0695, 0.0695, 0.0695, 0.0695, 0.0695, 0.0695, 0.0695, 0.0695, 0.0695, 0.0695, 0.0695, 0.0695, 0.0695, 0.0695, 0.0695, 0.0695, 0.0695, 0.0695, 0.0695, 0.0695, 0.0695, 0.0695, 0.0695, 0.0695, 0.0695, 0.0695, 0.0695, 0.0695, 0.0695, 0.0695, 0.0695, 0.0695, 0.0695, 0.0695, 0.0695, 0.0695, 0.0695, 0.0695, 0.0695, 0.0695, 0.0695, 0.0695, 0.0695, 0.0695, 0.0695, 0.0695, 0.0695, 0.0695, 0.0695, 0.0695, 0.0695, 0.0695, 0.0695, 0.0695, 0.0695, 0.0695]","{""0"": 0.0971, ""1"": 0.0773, ""2"": 0.0508, ""3"": 0.0902, ""4"": 0.0579, ""5"": 0.0562, ""6"": 0.0494, ""7"": 0.0769}","[0.0, 0.125, 0.0, 0.0, 0.1429, 0.1, 0.0, 0.0, 0.0, 0.2857, 0.0, 0.3333, 0.0, 0.0, 0.2, 0.0, 0.2, 0.0833, 0.0, 0.0, 0.0, 0.1667, 0.1667, 0.0, 0.2857, 0.125, 0.0, 0.0, 0.0, 0.1, 0.0, 0.1, 0.0, 0.0, 0.1429, 0.1111, 0.125, 0.0, 0.0, 0.1, 0.0, 0.2, 0.0, 0.125, 0.125, 0.0, 0.1667, 0.1111, 0.125, 0.0, 0.0, 0.0, 0.1667, 0.0, 0.0, 0.0, 0.0, 0.0, 0.0, 0.0, 0.1, 0.3333, 0.0, 0.1818, 0.0, 0.1429, 0.1429, 0.2, 0.125, 0.1429, 0.1, 0.0, 0.0, 0.3, 0.3333, 0.1667, 0.0, 0.0714, 0.0, 0.0, 0.2, 0.0, 0.0, 0.0, 0.0, 0.0, 0.0, 0.0, 0.0, 0.125, 0.1538, 0.0, 0.0, 0.0, 0.0, 0.0, 0.0, 0.1429, 0.0, 0.0, 0.125, 0.1429, 0.0, 0.0, 0.0, 0.0714, 0.2, 0.0, 0.0, 0.1667, 0.0, 0.0, 0.1111, 0.1, 0.0, 0.0, 0.0, 0.1429, 0.25, 0.0, 0.0833, 0.0, 0.1429, 0.0, 0.0, 0.0, 0.0, 0.1429, 0.0, 0.0833, 0.0, 0.1, 0.4444, 0.0, 0.25, 0.0, 0.25, 0.0, 0.0, 0.0, 0.0, 0.1111, 0.0, 0.2857, 0.0, 0.0, 0.25, 0.0, 0.0, 0.0, 0.0, 0.0, 0.0, 0.125, 0.125, 0.0, 0.0, 0.0, 0.0, 0.2, 0.0, 0.1429, 0.25, 0.0, 0.0, 0.1111, 0.0, 0.0, 0.2857, 0.0, 0.0, 0.0, 0.0, 0.0, 0.125, 0.125, 0.0, 0.2, 0.0, 0.1818, 0.4286, 0.0, 0.5, 0.0, 0.0, 0.0, 0.2, 0.0, 0.0, 0.0, 0.0, 0.0, 0.2222, 0.0769, 0.0, 0.0, 0.0, 0.0, 0.0, 0.1429, 0.0, 0.3636, 0.0, 0.1111, 0.0, 0.125, 0.1111, 0.0, 0.1429, 0.0, 0.0, 0.0, 0.0, 0.0, 0.0, 0.25, 0.125, 0.0, 0.2, 0.0, 0.0909, 0.0, 0.0, 0.0, 0.1111, 0.0, 0.1429, 0.1429, 0.625, 0.0, 0.0, 0.0, 0.0, 0.0, 0.1667, 0.0909, 0.1, 0.125, 0.1429, 0.0, 0.0, 0.0, 0.0, 0.1, 0.1111, 0.0, 0.1667, 0.1, 0.1, 0.1538]"
random,0.4,3,random,0.0605,0.0605,0.0605,0.0,3,True,121,0,286,1593,0,"[0.05, 0.0595, 0.0605, 0.0605, 0.0605, 0.0605, 0.0605, 0.0605, 0.0605, 0.0605, 0.0605, 0.0605, 0.0605, 0.0605, 0.0605, 0.0605, 0.0605, 0.0605, 0.0605, 0.0605, 0.0605, 0.0605, 0.0605, 0.0605, 0.0605, 0.0605, 0.0605, 0.0605, 0.0605, 0.0605, 0.0605, 0.0605, 0.0605, 0.0605, 0.0605, 0.0605, 0.0605, 0.0605, 0.0605, 0.0605, 0.0605, 0.0605, 0.0605, 0.0605, 0.0605, 0.0605, 0.0605, 0.0605, 0.0605, 0.0605, 0.0605, 0.0605, 0.0605, 0.0605, 0.0605, 0.0605, 0.0605, 0.0605, 0.0605, 0.0605, 0.0605, 0.0605, 0.0605, 0.0605, 0.0605, 0.0605, 0.0605, 0.0605, 0.0605, 0.0605, 0.0605, 0.0605, 0.0605, 0.0605, 0.0605, 0.0605, 0.0605, 0.0605, 0.0605, 0.0605, 0.0605, 0.0605, 0.0605, 0.0605, 0.0605, 0.0605, 0.0605, 0.0605, 0.0605, 0.0605, 0.0605, 0.0605, 0.0605, 0.0605, 0.0605, 0.0605, 0.0605, 0.0605, 0.0605, 0.0605, 0.0605]","{""0"": 0.0528, ""1"": 0.0563, ""2"": 0.0742, ""3"": 0.0438, ""4"": 0.0565, ""5"": 0.0476, ""6"": 0.0717, ""7"": 0.0803}","[0.0, 0.0, 0.1111, 0.0, 0.0, 0.0, 0.0, 0.0, 0.0, 0.0, 0.0, 0.0, 0.0, 0.0, 0.0, 0.0, 0.1429, 0.0, 0.0, 0.0, 0.1, 0.2222, 0.0, 0.0, 0.0, 0.0, 0.3, 0.0, 0.0, 0.3333, 0.1429, 0.0, 0.1111, 0.0, 0.0, 0.0, 0.0, 0.2, 0.0, 0.0, 0.0, 0.0833, 0.2, 0.0, 0.1429, 0.0, 0.0, 0.0, 0.125, 0.0909, 0.0, 0.0, 0.0, 0.0, 0.0, 0.1818, 0.0, 0.0, 0.0, 0.0, 0.125, 0.0, 0.0, 0.0909, 0.0, 0.1111, 0.0, 0.5, 0.1429, 0.0, 0.2, 0.0, 0.2222, 0.0, 0.0, 0.1111, 0.1111, 0.0, 0.1818, 0.0, 0.2222, 0.0, 0.0, 0.0, 0.0, 0.2, 0.0, 0.0714, 0.0, 0.0, 0.0, 0.0833, 0.0, 0.0, 0.0, 0.1111, 0.125, 0.0, 0.1667, 0.0, 0.0, 0.0, 0.1, 0.2857, 0.125, 0.2, 0.0, 0.0, 0.0, 0.25, 0.0, 0.0, 0.0, 0.1667, 0.0, 0.0, 0.0, 0.2222, 0.1, 0.0, 0.0, 0.0, 0.0, 0.2, 0.0833, 0.0, 0.25, 0.0, 0.0, 0.0, 0.1429, 0.0, 0.125, 0.125, 0.0, 0.1111, 0.125, 0.0, 0.0, 0.0, 0.25, 0.1429, 0.0, 0.375, 0.0, 0.0, 0.1, 0.125, 0.0, 0.0, 0.0, 0.0, 0.125, 0.2857, 0.1111, 0.25, 0.125, 0.0, 0.0, 0.0, 0.0, 0.0, 0.0, 0.0, 0.0, 0.0, 0.0, 0.0, 0.0, 0.0, 0.1429, 0.1667, 0.0, 0.0, 0.0, 0.0, 0.0909, 0.0, 0.1, 0.3333, 0.0, 0.2, 0.0, 0.0, 0.2222, 0.1111, 0.0, 0.3, 0.0, 0.0, 0.0, 0.25, 0.0, 0.2222, 0.1, 0.0, 0.0, 0.1429, 0.0, 0.0, 0.0, 0.0, 0.0, 0.0, 0.1667, 0.0, 0.0909, 0.1, 0.2, 0.0, 0.0, 0.0, 0.0, 0.0, 0.25, 0.125, 0.0, 0.0667, 0.0, 0.1667, 0.0, 0.0, 0.0, 0.1429, 0.125, 0.0, 0.0, 0.0, 0.0, 0.0, 0.0, 0.0, 0.0, 0.0, 0.0, 0.1667, 0.0, 0.0, 0.0, 0.1111, 0.0, 0.0, 0.1111, 0.0, 0.0, 0.0, 0.0, 0.5, 0.3333, 0.2857]"
random,0.4,4,random,0.062,0.062,0.062,-0.0,3,True,124,0,286,1590,0,"[0.05, 0.0605, 0.062, 0.062, 0.062, 0.062, 0.062, 0.062, 0.062, 0.062, 0.062, 0.062, 0.062, 0.062, 0.062, 0.062, 0.062, 0.062, 0.062, 0.062, 0.062, 0.062, 0.062, 0.062, 0.062, 0.062, 0.062, 0.062, 0.062, 0.062, 0.062, 0.062, 0.062, 0.062, 0.062, 0.062, 0.062, 0.062, 0.062, 0.062, 0.062, 0.062, 0.062, 0.062, 0.062, 0.062, 0.062, 0.062, 0.062, 0.062, 0.062, 0.062, 0.062, 0.062, 0.062, 0.062, 0.062, 0.062, 0.062, 0.062, 0.062, 0.062, 0.062, 0.062, 0.062, 0.062, 0.062, 0.062, 0.062, 0.062, 0.062, 0.062, 0.062, 0.062, 0.062, 0.062, 0.062, 0.062, 0.062, 0.062, 0.062, 0.062, 0.062, 0.062, 0.062, 0.062, 0.062, 0.062, 0.062, 0.062, 0.062, 0.062, 0.062, 0.062, 0.062, 0.062, 0.062, 0.062, 0.062, 0.062, 0.062]","{""0"": 0.072, ""1"": 0.0386, ""2"": 0.0506, ""3"": 0.0923, ""4"": 0.0464, ""5"": 0.0735, ""6"": 0.0591, ""7"": 0.0625}","[0.0, 0.1667, 0.0, 0.0, 0.1111, 0.0, 0.125, 0.1, 0.0, 0.1429, 0.0, 0.25, 0.0, 0.0909, 0.2, 0.125, 0.0, 0.0, 0.0, 0.0833, 0.0, 0.0, 0.0, 0.125, 0.0, 0.1111, 0.0, 0.0, 0.4286, 0.2, 0.0, 0.0, 0.0, 0.1429, 0.0, 0.0833, 0.2, 0.0, 0.0, 0.0, 0.1429, 0.0, 0.0, 0.0909, 0.0, 0.25, 0.1111, 0.0, 0.0, 0.2857, 0.0, 0.125, 0.1429, 0.0, 0.0, 0.0, 0.0, 0.0, 0.0, 0.1429, 0.0, 0.0909, 0.0, 0.25, 0.1111, 0.0, 0.0, 0.0, 0.0, 0.0, 0.0, 0.0, 0.1429, 0.0, 0.1429, 0.0, 0.0, 0.0, 0.125, 0.0, 0.1, 0.0, 0.1111, 0.1429, 0.0833, 0.0, 0.2, 0.0, 0.1429, 0.1, 0.1667, 0.1429, 0.0, 0.0, 0.2, 0.1667, 0.2222, 0.2, 0.1111, 0.0, 0.0, 0.1, 0.0, 0.0, 0.0, 0.1, 0.0909, 0.25, 0.1818, 0.0, 0.1, 0.1111, 0.0, 0.3333, 0.1429, 0.0, 0.1429, 0.0, 0.0, 0.0, 0.0, 0.1429, 0.0, 0.0, 0.1, 0.0, 0.0, 0.0, 0.2, 0.0, 0.0, 0.0, 0.0, 0.0, 0.0, 0.2, 0.0, 0.0909, 0.2857, 0.0, 0.0, 0.0, 0.25, 0.0, 0.0, 0.125, 0.0, 0.0, 0.1111, 0.1, 0.0, 0.1111, 0.0, 0.0, 0.0833, 0.0, 0.0, 0.0, 0.0714, 0.125, 0.0, 0.0, 0.0, 0.0, 0.0833, 0.0, 0.0, 0.0, 0.0, 0.0, 0.0, 0.0, 0.1667, 0.1429, 0.3333, 0.0, 0.0, 0.0, 0.0, 0.0, 0.0, 0.0, 0.125, 0.0, 0.0, 0.1111, 0.0, 0.0, 0.2, 0.0, 0.0, 0.0, 0.3333, 0.0, 0.0, 0.0, 0.2, 0.0, 0.0, 0.1667, 0.0, 0.1429, 0.1429, 0.0, 0.0, 0.1429, 0.0, 0.0, 0.0, 0.125, 0.0, 0.0, 0.0, 0.0, 0.0, 0.0, 0.2222, 0.0, 0.0, 0.0, 0.1111, 0.1538, 0.0, 0.0769, 0.1818, 0.0, 0.0, 0.0, 0.3636, 0.1429, 0.0, 0.2, 0.0, 0.0, 0.0, 0.1, 0.2222, 0.0, 0.0833, 0.0, 0.1667, 0.0, 0.0, 0.2222, 0.0, 0.0, 0.0, 0.1429, 0.0, 0.1667]"
random,0.4,5,random,0.0635,0.0635,0.0635,0.0,3,True,127,0,287,1586,0,"[0.05, 0.0625, 0.0635, 0.0635, 0.0635, 0.0635, 0.0635, 0.0635, 0.0635, 0.0635, 0.0635, 0.0635, 0.0635, 0.0635, 0.0635, 0.0635, 0.0635, 0.0635, 0.0635, 0.0635, 0.0635, 0.0635, 0.0635, 0.0635, 0.0635, 0.0635, 0.0635, 0.0635, 0.0635, 0.0635, 0.0635, 0.0635, 0.0635, 0.0635, 0.0635, 0.0635, 0.0635, 0.0635, 0.0635, 0.0635, 0.0635, 0.0635, 0.0635, 0.0635, 0.0635, 0.0635, 0.0635, 0.0635, 0.0635, 0.0635, 0.0635, 0.0635, 0.0635, 0.0635, 0.0635, 0.0635, 0.0635, 0.0635, 0.0635, 0.0635, 0.0635, 0.0635, 0.0635, 0.0635, 0.0635, 0.0635, 0.0635, 0.0635, 0.0635, 0.0635, 0.0635, 0.0635, 0.0635, 0.0635, 0.0635, 0.0635, 0.0635, 0.0635, 0.0635, 0.0635, 0.0635, 0.0635, 0.0635, 0.0635, 0.0635, 0.0635, 0.0635, 0.0635, 0.0635, 0.0635, 0.0635, 0.0635, 0.0635, 0.0635, 0.0635, 0.0635, 0.0635, 0.0635, 0.0635, 0.0635, 0.0635]","{""0"": 0.0506, ""1"": 0.0697, ""2"": 0.093, ""3"": 0.0556, ""4"": 0.0905, ""5"": 0.0692, ""6"": 0.0402, ""7"": 0.0381}","[0.1111, 0.0, 0.6667, 0.0, 0.0, 0.1429, 0.0, 0.0, 0.0, 0.125, 0.0, 0.2222, 0.0, 0.1667, 0.0, 0.0, 0.1, 0.0, 0.0909, 0.25, 0.0, 0.0, 0.2, 0.125, 0.0, 0.0833, 0.125, 0.125, 0.125, 0.0, 0.1111, 0.0, 0.125, 0.0, 0.0, 0.0, 0.0, 0.2, 0.2222, 0.0, 0.0833, 0.2857, 0.0, 0.0, 0.0, 0.25, 0.1111, 0.0, 0.1667, 0.0, 0.0, 0.2222, 0.0909, 0.2857, 0.0, 0.0, 0.1429, 0.1667, 0.3333, 0.0, 0.0, 0.125, 0.1538, 0.0, 0.125, 0.0, 0.2857, 0.0, 0.0, 0.1111, 0.0, 0.0, 0.0, 0.0, 0.0, 0.0, 0.0, 0.0, 0.0, 0.2, 0.0, 0.0, 0.1667, 0.0, 0.0, 0.25, 0.0, 0.1429, 0.0, 0.0, 0.1111, 0.1429, 0.0, 0.0, 0.125, 0.0, 0.0, 0.0, 0.0, 0.2222, 0.1111, 0.1429, 0.0, 0.125, 0.0, 0.0, 0.0, 0.0, 0.1667, 0.125, 0.1111, 0.0, 0.2, 0.0, 0.0, 0.0, 0.1667, 0.0, 0.0, 0.0, 0.0833, 0.0, 0.0, 0.0, 0.0, 0.0, 0.0, 0.1, 0.0, 0.0, 0.0, 0.0, 0.0, 0.0, 0.5, 0.0, 0.0, 0.0, 0.2857, 0.0, 0.0, 0.1429, 0.0, 0.0769, 0.0, 0.1111, 0.2222, 0.0, 0.1, 0.0, 0.0, 0.0, 0.0, 0.0909, 0.0, 0.0, 0.0, 0.125, 0.0, 0.0, 0.0, 0.0, 0.2222, 0.1429, 0.1, 0.1111, 0.0, 0.2222, 0.0, 0.0, 0.0, 0.5714, 0.0, 0.1667, 0.0, 0.0, 0.1667, 0.0, 0.1429, 0.125, 0.2, 0.2857, 0.3333, 0.0, 0.0, 0.0, 0.0, 0.0, 0.1667, 0.0, 0.125, 0.0, 0.0, 0.2222, 0.0, 0.2222, 0.0, 0.1111, 0.0, 0.0, 0.0, 0.2222, 0.0, 0.0, 0.0, 0.0, 0.0, 0.1111, 0.0, 0.0, 0.0, 0.0, 0.2857, 0.0, 0.0, 0.1667, 0.0, 0.1, 0.0, 0.2, 0.2857, 0.0, 0.0, 0.0, 0.0, 0.2, 0.0, 0.25, 0.0, 0.0, 0.0, 0.0, 0.0, 0.0, 0.0, 0.1429, 0.1429, 0.0, 0.0909, 0.0, 0.0, 0.0, 0.0, 0.1818, 0.0, 0.0833, 0.0, 0.0, 0.0, 0.0]"
random,0.4,6,random,0.0605,0.0605,0.0605,0.0,3,True,121,0,260,1619,0,"[0.05, 0.0595, 0.0605, 0.0605, 0.0605, 0.0605, 0.0605, 0.0605, 0.0605, 0.0605, 0.0605, 0.0605, 0.0605, 0.0605, 0.0605, 0.0605, 0.0605, 0.0605, 0.0605, 0.0605, 0.0605, 0.0605, 0.0605, 0.0605, 0.0605, 0.0605, 0.0605, 0.0605, 0.0605, 0.0605, 0.0605, 0.0605, 0.0605, 0.0605, 0.0605, 0.0605, 0.0605, 0.0605, 0.0605, 0.0605, 0.0605, 0.0605, 0.0605, 0.0605, 0.0605, 0.0605, 0.0605, 0.0605, 0.0605, 0.0605, 0.0605, 0.0605, 0.0605, 0.0605, 0.0605, 0.0605, 0.0605, 0.0605, 0.0605, 0.0605, 0.0605, 0.0605, 0.0605, 0.0605, 0.0605, 0.0605, 0.0605, 0.0605, 0.0605, 0.0605, 0.0605, 0.0605, 0.0605, 0.0605, 0.0605, 0.0605, 0.0605, 0.0605, 0.0605, 0.0605, 0.0605, 0.0605, 0.0605, 0.0605, 0.0605, 0.0605, 0.0605, 0.0605, 0.0605, 0.0605, 0.0605, 0.0605, 0.0605, 0.0605, 0.0605, 0.0605, 0.0605, 0.0605, 0.0605, 0.0605, 0.0605]","{""0"": 0.0805, ""1"": 0.0483, ""2"": 0.0726, ""3"": 0.0462, ""4"": 0.0789, ""5"": 0.0785, ""6"": 0.029, ""7"": 0.052}","[0.0, 0.1, 0.0, 0.0, 0.0, 0.0, 0.4, 0.0, 0.0, 0.1429, 0.0, 0.2, 0.1429, 0.0, 0.2, 0.0, 0.0, 0.0, 0.0, 0.1667, 0.1111, 0.0, 0.25, 0.0, 0.1667, 0.0, 0.0, 0.4, 0.0, 0.0909, 0.1111, 0.0, 0.0, 0.0, 0.0, 0.0, 0.0, 0.0, 0.0, 0.0, 0.1667, 0.0, 0.0, 0.0, 0.2, 0.0, 0.0833, 0.0, 0.0, 0.2857, 0.2222, 0.2, 0.0, 0.0, 0.0833, 0.0, 0.1667, 0.1429, 0.0, 0.0, 0.0, 0.0, 0.0, 0.0833, 0.125, 0.0714, 0.0, 0.125, 0.0, 0.0, 0.0, 0.25, 0.0, 0.25, 0.0833, 0.1, 0.0, 0.1667, 0.1667, 0.0, 0.3333, 0.125, 0.1667, 0.0, 0.0, 0.3333, 0.0, 0.0, 0.1, 0.2222, 0.0, 0.0, 0.1111, 0.0, 0.0, 0.0, 0.0, 0.1, 0.0, 0.0, 0.0, 0.2, 0.1429, 0.1111, 0.0, 0.0, 0.1538, 0.0, 0.1, 0.0, 0.0, 0.0, 0.0, 0.1667, 0.1, 0.0, 0.125, 0.0, 0.0, 0.0, 0.1, 0.0909, 0.1111, 0.0, 0.0, 0.1111, 0.0, 0.1111, 0.0, 0.0, 0.0, 0.0909, 0.0, 0.0, 0.1, 0.0, 0.1667, 0.0, 0.0, 0.0769, 0.0, 0.0, 0.0, 0.0, 0.0, 0.0, 0.1111, 0.25, 0.0, 0.2, 0.0, 0.0, 0.1818, 0.0, 0.2, 0.2857, 0.1111, 0.0, 0.0, 0.0, 0.0, 0.0, 0.0, 0.0, 0.0, 0.0, 0.1667, 0.0833, 0.0, 0.125, 0.0, 0.0714, 0.0, 0.1111, 0.0, 0.0, 0.125, 0.0, 0.0, 0.0, 0.0, 0.0, 0.0, 0.0, 0.0, 0.0, 0.0, 0.1667, 0.0, 0.0, 0.1667, 0.0, 0.0, 0.0, 0.0, 0.2, 0.125, 0.1429, 0.1111, 0.0, 0.0, 0.1, 0.0667, 0.0, 0.0, 0.4, 0.0, 0.0, 0.0, 0.1111, 0.0, 0.0833, 0.0833, 0.1111, 0.2222, 0.0, 0.0, 0.0, 0.0, 0.0, 0.0, 0.0833, 0.25, 0.0, 0.0, 0.0, 0.125, 0.1111, 0.1667, 0.25, 0.0, 0.0, 0.0, 0.25, 0.0, 0.0, 0.1111, 0.1429, 0.0, 0.1429, 0.0, 0.1667, 0.0, 0.0, 0.125, 0.2, 0.125, 0.1667, 0.1, 0.0]"
random,0.4,7,random,0.0605,0.0605,0.0605,0.0,3,True,121,0,261,1618,0,"[0.05, 0.06, 0.0605, 0.0605, 0.0605, 0.0605, 0.0605, 0.0605, 0.0605, 0.0605, 0.0605, 0.0605, 0.0605, 0.0605, 0.0605, 0.0605, 0.0605, 0.0605, 0.0605, 0.0605, 0.0605, 0.0605, 0.0605, 0.0605, 0.0605, 0.0605, 0.0605, 0.0605, 0.0605, 0.0605, 0.0605, 0.0605, 0.0605, 0.0605, 0.0605, 0.0605, 0.0605, 0.0605, 0.0605, 0.0605, 0.0605, 0.0605, 0.0605, 0.0605, 0.0605, 0.0605, 0.0605, 0.0605, 0.0605, 0.0605, 0.0605, 0.0605, 0.0605, 0.0605, 0.0605, 0.0605, 0.0605, 0.0605, 0.0605, 0.0605, 0.0605, 0.0605, 0.0605, 0.0605, 0.0605, 0.0605, 0.0605, 0.0605, 0.0605, 0.0605, 0.0605, 0.0605, 0.0605, 0.0605, 0.0605, 0.0605, 0.0605, 0.0605, 0.0605, 0.0605, 0.0605, 0.0605, 0.0605, 0.0605, 0.0605, 0.0605, 0.0605, 0.0605, 0.0605, 0.0605, 0.0605, 0.0605, 0.0605, 0.0605, 0.0605, 0.0605, 0.0605, 0.0605, 0.0605, 0.0605, 0.0605]","{""0"": 0.0325, ""1"": 0.0549, ""2"": 0.0469, ""3"": 0.0558, ""4"": 0.0611, ""5"": 0.087, ""6"": 0.1048, ""7"": 0.0417}","[0.0, 0.125, 0.0, 0.0, 0.2222, 0.1818, 0.0, 0.125, 0.0, 0.0, 0.0, 0.0, 0.25, 0.1111, 0.1667, 0.1818, 0.1111, 0.0, 0.0, 0.0909, 0.1, 0.0, 0.0, 0.0, 0.0, 0.0, 0.1429, 0.0, 0.1, 0.0, 0.2308, 0.0, 0.0, 0.0714, 0.0, 0.0, 0.1429, 0.0, 0.0, 0.1667, 0.0, 0.0, 0.0, 0.25, 0.0, 0.0, 0.2, 0.1818, 0.0, 0.0, 0.0, 0.0, 0.1667, 0.3333, 0.125, 0.0, 0.0, 0.0, 0.0, 0.0, 0.0, 0.25, 0.125, 0.1818, 0.0, 0.0, 0.0, 0.0, 0.0, 0.0, 0.1111, 0.5, 0.2, 0.25, 0.1429, 0.0, 0.0, 0.0, 0.0, 0.0, 0.0, 0.2857, 0.0, 0.1111, 0.125, 0.0, 0.125, 0.0, 0.0, 0.1429, 0.0, 0.1667, 0.0, 0.0, 0.0, 0.2, 0.0, 0.0, 0.0, 0.2, 0.0, 0.1429, 0.0909, 0.0, 0.0, 0.0, 0.0, 0.0, 0.0, 0.0833, 0.0, 0.125, 0.1, 0.0, 0.0, 0.1111, 0.0, 0.0, 0.125, 0.0, 0.0, 0.0, 0.25, 0.0, 0.0, 0.0, 0.0, 0.0, 0.125, 0.0, 0.0, 0.1111, 0.0, 0.0, 0.2222, 0.0, 0.0, 0.1429, 0.1, 0.0, 0.0, 0.0, 0.2222, 0.1667, 0.1667, 0.125, 0.2857, 0.0, 0.0, 0.0, 0.0, 0.1429, 0.0, 0.0, 0.1, 0.0, 0.0, 0.2, 0.0, 0.0, 0.0, 0.0, 0.0, 0.0, 0.1, 0.1, 0.2, 0.3, 0.0, 0.0, 0.1667, 0.0, 0.1429, 0.0, 0.0, 0.2857, 0.0, 0.0, 0.1429, 0.0, 0.0, 0.2222, 0.0, 0.0, 0.0, 0.0, 0.2, 0.2, 0.0, 0.2222, 0.2, 0.0, 0.1667, 0.0, 0.0, 0.1429, 0.0, 0.0, 0.0, 0.125, 0.1111, 0.0, 0.0, 0.0, 0.0, 0.0, 0.1111, 0.2222, 0.0, 0.0, 0.0, 0.0769, 0.0, 0.0, 0.0, 0.2, 0.0, 0.0, 0.0, 0.0, 0.0, 0.0, 0.2, 0.1667, 0.5, 0.0, 0.0, 0.0, 0.0, 0.0, 0.0, 0.0, 0.0, 0.0, 0.1667, 0.0, 0.0, 0.0, 0.125, 0.0, 0.0, 0.0, 0.1, 0.0, 0.3333, 0.0, 0.0, 0.1667, 0.0, 0.0]"
random,0.4,8,random,0.0625,0.0625,0.0625,0.0,4,True,125,0,300,1575,0,"[0.05, 0.0605, 0.062, 0.0625, 0.0625, 0.0625, 0.0625, 0.0625, 0.0625, 0.0625, 0.0625, 0.0625, 0.0625, 0.0625, 0.0625, 0.0625, 0.0625, 0.0625, 0.0625, 0.0625, 0.0625, 0.0625, 0.0625, 0.0625, 0.0625, 0.0625, 0.0625, 0.0625, 0.0625, 0.0625, 0.0625, 0.0625, 0.0625, 0.0625, 0.0625, 0.0625, 0.0625, 0.0625, 0.0625, 0.0625, 0.0625, 0.0625, 0.0625, 0.0625, 0.0625, 0.0625, 0.0625, 0.0625, 0.0625, 0.0625, 0.0625, 0.0625, 0.0625, 0.0625, 0.0625, 0.0625, 0.0625, 0.0625, 0.0625, 0.0625, 0.0625, 0.0625, 0.0625, 0.0625, 0.0625, 0.0625, 0.0625, 0.0625, 0.0625, 0.0625, 0.0625, 0.0625, 0.0625, 0.0625, 0.0625, 0.0625, 0.0625, 0.0625, 0.0625, 0.0625, 0.0625, 0.0625, 0.0625, 0.0625, 0.0625, 0.0625, 0.0625, 0.0625, 0.0625, 0.0625, 0.0625, 0.0625, 0.0625, 0.0625, 0.0625, 0.0625, 0.0625, 0.0625, 0.0625, 0.0625, 0.0625]","{""0"": 0.0436, ""1"": 0.0967, ""2"": 0.0528, ""3"": 0.0547, ""4"": 0.0579, ""5"": 0.0653, ""6"": 0.0492, ""7"": 0.0811}","[0.0, 0.0, 0.0, 0.0, 0.0, 0.0, 0.4286, 0.0, 0.2, 0.0, 0.0, 0.0, 0.0, 0.0, 0.1667, 0.0, 0.1667, 0.0, 0.0, 0.2857, 0.0, 0.0833, 0.0, 0.0, 0.0, 0.125, 0.0769, 0.0, 0.1429, 0.0, 0.1111, 0.2222, 0.0, 0.1429, 0.0, 0.0, 0.1, 0.0, 0.1, 0.0, 0.5, 0.1, 0.1667, 0.1667, 0.1, 0.0, 0.0909, 0.0, 0.125, 0.1, 0.0, 0.1, 0.0, 0.125, 0.0, 0.0, 0.3333, 0.0, 0.1111, 0.0, 0.0, 0.1429, 0.0, 0.0, 0.125, 0.0, 0.2, 0.0, 0.0, 0.0, 0.0, 0.0, 0.5, 0.0, 0.3636, 0.0, 0.0, 0.2, 0.0, 0.0, 0.0, 0.0, 0.0, 0.0, 0.0, 0.1429, 0.0, 0.0, 0.0, 0.0, 0.125, 0.2, 0.0, 0.0, 0.1111, 0.1818, 0.0, 0.125, 0.1429, 0.0, 0.0, 0.0, 0.0, 0.0, 0.0, 0.0, 0.0, 0.25, 0.1429, 0.0, 0.0, 0.0, 0.0, 0.0, 0.1, 0.125, 0.0, 0.25, 0.1111, 0.0, 0.0, 0.0, 0.125, 0.0, 0.0, 0.125, 0.1, 0.0, 0.0, 0.0714, 0.1, 0.0, 0.0, 0.1111, 0.0, 0.0, 0.0, 0.0, 0.0, 0.0, 0.0, 0.1111, 0.0, 0.1, 0.0, 0.0, 0.125, 0.0, 0.0, 0.0, 0.1111, 0.0, 0.0, 0.1429, 0.1111, 0.0, 0.1667, 0.0, 0.0, 0.1667, 0.0, 0.1429, 0.1667, 0.0, 0.2, 0.0, 0.0, 0.2857, 0.125, 0.0, 0.1, 0.1111, 0.2857, 0.2, 0.0, 0.125, 0.0, 0.0, 0.0, 0.25, 0.0, 0.0, 0.0, 0.0, 0.0, 0.0, 0.0, 0.0, 0.1818, 0.0, 0.2222, 0.125, 0.0, 0.1667, 0.375, 0.0, 0.2, 0.0, 0.0, 0.1111, 0.1, 0.2222, 0.3333, 0.0833, 0.0, 0.2857, 0.1111, 0.0, 0.0, 0.0, 0.0, 0.0, 0.125, 0.0, 0.125, 0.0, 0.0, 0.0, 0.0, 0.0, 0.0, 0.0, 0.0, 0.0, 0.4, 0.0, 0.0, 0.2857, 0.0, 0.0, 0.0, 0.2, 0.0909, 0.0, 0.2, 0.0, 0.0, 0.0, 0.0, 0.0, 0.0, 0.0, 0.0, 0.0, 0.0, 0.0, 0.0, 0.0, 0.0, 0.1111]"
random,0.4,9,random,0.06,0.06,0.06,-0.0,3,True,120,0,301,1579,0,"[0.05, 0.059, 0.06, 0.06, 0.06, 0.06, 0.06, 0.06, 0.06, 0.06, 0.06, 0.06, 0.06, 0.06, 0.06, 0.06, 0.06, 0.06, 0.06, 0.06, 0.06, 0.06, 0.06, 0.06, 0.06, 0.06, 0.06, 0.06, 0.06, 0.06, 0.06, 0.06, 0.06, 0.06, 0.06, 0.06, 0.06, 0.06, 0.06, 0.06, 0.06, 0.06, 0.06, 0.06, 0.06, 0.06, 0.06, 0.06, 0.06, 0.06, 0.06, 0.06, 0.06, 0.06, 0.06, 0.06, 0.06, 0.06, 0.06, 0.06, 0.06, 0.06, 0.06, 0.06, 0.06, 0.06, 0.06, 0.06, 0.06, 0.06, 0.06, 0.06, 0.06, 0.06, 0.06, 0.06, 0.06, 0.06, 0.06, 0.06, 0.06, 0.06, 0.06, 0.06, 0.06, 0.06, 0.06, 0.06, 0.06, 0.06, 0.06, 0.06, 0.06, 0.06, 0.06, 0.06, 0.06, 0.06, 0.06, 0.06, 0.06]","{""0"": 0.0481, ""1"": 0.063, ""2"": 0.083, ""3"": 0.04, ""4"": 0.0556, ""5"": 0.0611, ""6"": 0.0794, ""7"": 0.051}","[0.0, 0.0, 0.125, 0.0, 0.0, 0.0, 0.125, 0.0, 0.0, 0.0, 0.0, 0.0, 0.0, 0.0, 0.0909, 0.125, 0.0909, 0.0, 0.3333, 0.1111, 0.0, 0.0909, 0.0, 0.2222, 0.0, 0.0, 0.0, 0.2222, 0.0, 0.0, 0.0, 0.0, 0.0, 0.125, 0.0, 0.1667, 0.0833, 0.0, 0.0, 0.0, 0.0, 0.1667, 0.0, 0.0, 0.2857, 0.2857, 0.0, 0.0, 0.0, 0.0, 0.125, 0.2, 0.0, 0.0, 0.0, 0.0, 0.0, 0.1667, 0.1111, 0.0, 0.1111, 0.4, 0.2222, 0.2857, 0.125, 0.0, 0.0, 0.0, 0.0, 0.0, 0.0, 0.0, 0.0, 0.0, 0.1111, 0.0, 0.0, 0.0, 0.0, 0.2857, 0.0, 0.0, 0.0, 0.0, 0.0, 0.0, 0.125, 0.0769, 0.0, 0.1111, 0.1111, 0.25, 0.1667, 0.25, 0.25, 0.0, 0.0, 0.0, 0.0, 0.2, 0.0, 0.0, 0.0, 0.0, 0.0, 0.0, 0.1111, 0.125, 0.25, 0.0, 0.0, 0.0, 0.0, 0.0, 0.0, 0.0, 0.0, 0.0, 0.0, 0.0, 0.0, 0.1111, 0.0, 0.1111, 0.0, 0.0, 0.0, 0.0, 0.25, 0.0, 0.0, 0.1667, 0.0, 0.2222, 0.0, 0.0, 0.1667, 0.1818, 0.1, 0.0833, 0.0, 0.0, 0.0, 0.1667, 0.3333, 0.0, 0.1111, 0.2, 0.0, 0.0833, 0.4286, 0.0, 0.0, 0.1111, 0.1111, 0.0, 0.0, 0.0, 0.0, 0.3333, 0.0, 0.1429, 0.0, 0.0, 0.125, 0.125, 0.1111, 0.0, 0.0, 0.0, 0.1, 0.0, 0.0, 0.0, 0.0, 0.0, 0.2857, 0.0, 0.0, 0.0, 0.0, 0.1429, 0.0, 0.1111, 0.0909, 0.0, 0.0, 0.0, 0.0909, 0.1538, 0.3333, 0.25, 0.0, 0.25, 0.0, 0.125, 0.0, 0.0, 0.0, 0.2, 0.0, 0.0, 0.1429, 0.25, 0.0, 0.0, 0.1667, 0.0, 0.0, 0.1111, 0.0, 0.0, 0.125, 0.0, 0.0, 0.0, 0.2, 0.0, 0.1667, 0.0909, 0.0, 0.0, 0.0, 0.0, 0.0, 0.2, 0.0, 0.25, 0.0, 0.0, 0.0, 0.0, 0.0, 0.0, 0.0, 0.2, 0.1667, 0.0, 0.0, 0.0, 0.0, 0.1429, 0.125, 0.1, 0.0, 0.0, 0.0, 0.2857, 0.0, 0.0]"
random,0.4,10,random,0.0595,0.0595,0.0595,0.0,3,True,119,0,289,1592,0,"[0.05, 0.059, 0.0595, 0.0595, 0.0595, 0.0595, 0.0595, 0.0595, 0.0595, 0.0595, 0.0595, 0.0595, 0.0595, 0.0595, 0.0595, 0.0595, 0.0595, 0.0595, 0.0595, 0.0595, 0.0595, 0.0595, 0.0595, 0.0595, 0.0595, 0.0595, 0.0595, 0.0595, 0.0595, 0.0595, 0.0595, 0.0595, 0.0595, 0.0595, 0.0595, 0.0595, 0.0595, 0.0595, 0.0595, 0.0595, 0.0595, 0.0595, 0.0595, 0.0595, 0.0595, 0.0595, 0.0595, 0.0595, 0.0595, 0.0595, 0.0595, 0.0595, 0.0595, 0.0595, 0.0595, 0.0595, 0.0595, 0.0595, 0.0595, 0.0595, 0.0595, 0.0595, 0.0595, 0.0595, 0.0595, 0.0595, 0.0595, 0.0595, 0.0595, 0.0595, 0.0595, 0.0595, 0.0595, 0.0595, 0.0595, 0.0595, 0.0595, 0.0595, 0.0595, 0.0595, 0.0595, 0.0595, 0.0595, 0.0595, 0.0595, 0.0595, 0.0595, 0.0595, 0.0595, 0.0595, 0.0595, 0.0595, 0.0595, 0.0595, 0.0595, 0.0595, 0.0595, 0.0595, 0.0595, 0.0595, 0.0595]","{""0"": 0.0712, ""1"": 0.0772, ""2"": 0.0609, ""3"": 0.0514, ""4"": 0.0711, ""5"": 0.0551, ""6"": 0.0486, ""7"": 0.0375}","[0.1111, 0.0, 0.0, 0.0, 0.1111, 0.0, 0.0, 0.0, 0.0, 0.125, 0.1111, 0.0, 0.0, 0.1429, 0.0, 0.0, 0.0, 0.0, 0.1429, 0.1429, 0.0, 0.0, 0.0, 0.0, 0.0, 0.0, 0.3333, 0.2, 0.0, 0.0909, 0.3333, 0.0, 0.0, 0.0, 0.125, 0.0, 0.2222, 0.25, 0.0769, 0.0, 0.0, 0.0, 0.125, 0.0, 0.0, 0.0, 0.0, 0.0833, 0.0, 0.0, 0.0, 0.1111, 0.0, 0.1111, 0.0, 0.25, 0.0, 0.2222, 0.1429, 0.0, 0.0, 0.0, 0.0909, 0.0, 0.0, 0.1429, 0.0, 0.0, 0.1429, 0.1429, 0.25, 0.0, 0.0, 0.0, 0.1429, 0.1111, 0.0, 0.0, 0.0, 0.125, 0.0, 0.1429, 0.0, 0.0, 0.0, 0.0, 0.0, 0.0, 0.0, 0.1111, 0.0, 0.0, 0.0, 0.1667, 0.0, 0.0, 0.25, 0.0, 0.0, 0.0, 0.1111, 0.0, 0.0, 0.2, 0.0, 0.0, 0.0, 0.0, 0.0, 0.0833, 0.1818, 0.1429, 0.0, 0.0, 0.0, 0.0, 0.0, 0.1818, 0.0, 0.0, 0.125, 0.2, 0.0, 0.0, 0.0, 0.0, 0.0, 0.0, 0.0, 0.0, 0.0, 0.125, 0.2, 0.0, 0.0, 0.0909, 0.0, 0.25, 0.0, 0.25, 0.1, 0.0, 0.0, 0.0, 0.0, 0.0, 0.1, 0.1, 0.2, 0.0, 0.0, 0.0, 0.0, 0.2857, 0.0, 0.1111, 0.0, 0.0, 0.0, 0.0, 0.1667, 0.0, 0.0, 0.0, 0.125, 0.1429, 0.2, 0.1, 0.125, 0.0, 0.1, 0.0, 0.0, 0.0, 0.0, 0.0, 0.125, 0.0, 0.1, 0.1111, 0.0, 0.0, 0.0, 0.0, 0.0, 0.2857, 0.1538, 0.0, 0.0, 0.1111, 0.0, 0.0, 0.0, 0.0, 0.1, 0.125, 0.0, 0.0, 0.0, 0.0, 0.0, 0.1429, 0.0909, 0.1111, 0.0, 0.3333, 0.1429, 0.1429, 0.0, 0.1667, 0.0, 0.125, 0.125, 0.2, 0.0, 0.125, 0.0, 0.2222, 0.0, 0.0, 0.125, 0.1111, 0.0, 0.1667, 0.0, 0.0, 0.2, 0.0, 0.0, 0.0, 0.0, 0.0, 0.1429, 0.2222, 0.0, 0.0, 0.1429, 0.0, 0.1429, 0.0, 0.0909, 0.0, 0.3333, 0.0, 0.0, 0.0, 0.1111, 0.0, 0.25, 0.0]"
random,0.4,11,random,0.0595,0.0595,0.0595,0.0,3,True,119,0,280,1601,0,"[0.05, 0.059, 0.0595, 0.0595, 0.0595, 0.0595, 0.0595, 0.0595, 0.0595, 0.0595, 0.0595, 0.0595, 0.0595, 0.0595, 0.0595, 0.0595, 0.0595, 0.0595, 0.0595, 0.0595, 0.0595, 0.0595, 0.0595, 0.0595, 0.0595, 0.0595, 0.0595, 0.0595, 0.0595, 0.0595, 0.0595, 0.0595, 0.0595, 0.0595, 0.0595, 0.0595, 0.0595, 0.0595, 0.0595, 0.0595, 0.0595, 0.0595, 0.0595, 0.0595, 0.0595, 0.0595, 0.0595, 0.0595, 0.0595, 0.0595, 0.0595, 0.0595, 0.0595, 0.0595, 0.0595, 0.0595, 0.0595, 0.0595, 0.0595, 0.0595, 0.0595, 0.0595, 0.0595, 0.0595, 0.0595, 0.0595, 0.0595, 0.0595, 0.0595, 0.0595, 0.0595, 0.0595, 0.0595, 0.0595, 0.0595, 0.0595, 0.0595, 0.0595, 0.0595, 0.0595, 0.0595, 0.0595, 0.0595, 0.0595, 0.0595, 0.0595, 0.0595, 0.0595, 0.0595, 0.0595, 0.0595, 0.0595, 0.0595, 0.0595, 0.0595, 0.0595, 0.0595, 0.0595, 0.0595, 0.0595, 0.0595]","{""0"": 0.0676, ""1"": 0.0451, ""2"": 0.0661, ""3"": 0.068, ""4"": 0.0551, ""5"": 0.063, ""6"": 0.0529, ""7"": 0.0565}","[0.1111, 0.1111, 0.2, 0.0, 0.0, 0.0, 0.1429, 0.1667, 0.0, 0.0, 0.0, 0.0, 0.1, 0.1667, 0.2222, 0.0, 0.2222, 0.0, 0.125, 0.2857, 0.0, 0.0, 0.25, 0.0, 0.0, 0.0, 0.3333, 0.0, 0.0, 0.125, 0.0, 0.0, 0.0, 0.0, 0.0909, 0.25, 0.0, 0.0, 0.0909, 0.0, 0.0, 0.1, 0.0, 0.0, 0.1, 0.125, 0.0, 0.0, 0.1667, 0.125, 0.0, 0.3333, 0.1429, 0.0, 0.1111, 0.0, 0.1429, 0.2222, 0.0, 0.0, 0.1429, 0.0, 0.0, 0.0, 0.0, 0.1429, 0.0625, 0.0625, 0.1667, 0.0, 0.2857, 0.0, 0.0, 0.1, 0.0, 0.1111, 0.0, 0.0, 0.0, 0.125, 0.0909, 0.0, 0.0, 0.1, 0.125, 0.3, 0.0, 0.0, 0.0, 0.0, 0.1429, 0.0909, 0.0, 0.1429, 0.3333, 0.0, 0.0, 0.1, 0.1, 0.0, 0.0, 0.0, 0.0, 0.0, 0.0, 0.125, 0.0, 0.2, 0.0, 0.0, 0.0, 0.1429, 0.1667, 0.1, 0.0, 0.0, 0.4, 0.0, 0.0, 0.1667, 0.125, 0.1429, 0.0, 0.0, 0.0, 0.0, 0.0, 0.0, 0.0, 0.1111, 0.0, 0.0, 0.125, 0.125, 0.2222, 0.0833, 0.0, 0.0, 0.0, 0.0, 0.125, 0.1, 0.0, 0.0, 0.0, 0.2, 0.0, 0.0, 0.3333, 0.0, 0.125, 0.0, 0.0, 0.1667, 0.2222, 0.0, 0.1429, 0.0, 0.0, 0.0, 0.0, 0.0, 0.0, 0.0, 0.0, 0.25, 0.0, 0.1429, 0.1, 0.0, 0.0, 0.0, 0.0, 0.0, 0.0, 0.0, 0.2, 0.0, 0.0, 0.0, 0.0, 0.0, 0.0, 0.0, 0.0, 0.1429, 0.0, 0.0, 0.0, 0.1111, 0.0, 0.1111, 0.0, 0.0, 0.0, 0.0714, 0.1111, 0.0, 0.0, 0.0, 0.0, 0.0, 0.0, 0.0, 0.0, 0.0, 0.0, 0.0, 0.0, 0.0, 0.0, 0.0, 0.1429, 0.1429, 0.1667, 0.0, 0.0, 0.0, 0.0, 0.0, 0.0, 0.0, 0.0, 0.125, 0.0, 0.0, 0.0, 0.1667, 0.0, 0.0, 0.0, 0.0, 0.1429, 0.3333, 0.0, 0.1, 0.0769, 0.0, 0.0, 0.5, 0.1667, 0.1667, 0.0, 0.125, 0.0, 0.0, 0.0, 0.1429, 0.1111, 0.0833]"
random,0.6,0,random,0.061,0.061,0.061,0.0,3,True,122,0,283,1595,0,"[0.05, 0.06, 0.061, 0.061, 0.061, 0.061, 0.061, 0.061, 0.061, 0.061, 0.061, 0.061, 0.061, 0.061, 0.061, 0.061, 0.061, 0.061, 0.061, 0.061, 0.061, 0.061, 0.061, 0.061, 0.061, 0.061, 0.061, 0.061, 0.061, 0.061, 0.061, 0.061, 0.061, 0.061, 0.061, 0.061, 0.061, 0.061, 0.061, 0.061, 0.061, 0.061, 0.061, 0.061, 0.061, 0.061, 0.061, 0.061, 0.061, 0.061, 0.061, 0.061, 0.061, 0.061, 0.061, 0.061, 0.061, 0.061, 0.061, 0.061, 0.061, 0.061, 0.061, 0.061, 0.061, 0.061, 0.061, 0.061, 0.061, 0.061, 0.061, 0.061, 0.061, 0.061, 0.061, 0.061, 0.061, 0.061, 0.061, 0.061, 0.061, 0.061, 0.061, 0.061, 0.061, 0.061, 0.061, 0.061, 0.061, 0.061, 0.061, 0.061, 0.061, 0.061, 0.061, 0.061, 0.061, 0.061, 0.061, 0.061, 0.061]","{""0"": 0.0325, ""1"": 0.0724, ""2"": 0.0685, ""3"": 0.085, ""4"": 0.0849, ""5"": 0.0605, ""6"": 0.0494, ""7"": 0.0329}","[0.3333, 0.0, 0.1429, 0.0, 0.125, 0.0, 0.0, 0.0, 0.0833, 0.0, 0.0, 0.0714, 0.0, 0.1818, 0.1667, 0.0, 0.0, 0.0, 0.3333, 0.125, 0.0, 0.0, 0.0, 0.1667, 0.0, 0.25, 0.0, 0.1667, 0.0, 0.125, 0.0, 0.0, 0.0, 0.0, 0.0, 0.0, 0.2, 0.0, 0.0, 0.0, 0.0, 0.0, 0.0, 0.0, 0.0, 0.0, 0.0, 0.0, 0.0, 0.0, 0.1111, 0.0833, 0.0, 0.1, 0.2, 0.2857, 0.0, 0.0, 0.1429, 0.0, 0.0, 0.0, 0.2857, 0.0, 0.0, 0.1, 0.25, 0.1111, 0.0, 0.2, 0.2, 0.0, 0.0, 0.0, 0.2, 0.0, 0.0, 0.0, 0.0, 0.0, 0.2, 0.0, 0.125, 0.3333, 0.0, 0.0, 0.1429, 0.0, 0.2, 0.1429, 0.25, 0.0, 0.0, 0.1538, 0.1111, 0.0833, 0.0, 0.0, 0.2, 0.1111, 0.1111, 0.0, 0.0, 0.0, 0.125, 0.0, 0.0, 0.1111, 0.0, 0.3333, 0.2, 0.0, 0.0, 0.0, 0.0, 0.0, 0.2, 0.1667, 0.0, 0.0, 0.0, 0.0, 0.1111, 0.0, 0.1667, 0.0, 0.0, 0.0, 0.0, 0.0, 0.0, 0.0, 0.0, 0.2, 0.0, 0.0, 0.0, 0.1111, 0.0, 0.1, 0.0909, 0.1667, 0.0, 0.1429, 0.0, 0.0, 0.0, 0.0, 0.4, 0.0, 0.2857, 0.0, 0.0, 0.0, 0.0, 0.0, 0.1667, 0.0, 0.125, 0.0, 0.0, 0.0, 0.0909, 0.1111, 0.3333, 0.25, 0.0, 0.0, 0.1667, 0.1429, 0.0, 0.0769, 0.0, 0.0, 0.0, 0.0, 0.0, 0.0, 0.0, 0.2857, 0.1111, 0.0769, 0.0, 0.2, 0.1, 0.1, 0.0, 0.0, 0.0, 0.1667, 0.0, 0.125, 0.0, 0.0, 0.2, 0.0, 0.2, 0.1111, 0.0, 0.0, 0.0, 0.0, 0.0, 0.0, 0.2222, 0.0, 0.0, 0.1667, 0.0, 0.0, 0.0, 0.0, 0.3333, 0.1111, 0.0909, 0.0, 0.0, 0.0, 0.0, 0.0, 0.0, 0.0, 0.0, 0.2, 0.0, 0.0, 0.0, 0.125, 0.0769, 0.3333, 0.0, 0.0, 0.0, 0.25, 0.0, 0.1667, 0.0, 0.0, 0.0, 0.0, 0.2, 0.0, 0.1429, 0.0833, 0.0, 0.0, 0.2, 0.0, 0.0, 0.0]"
random,0.6,1,random,0.0695,0.0695,0.0695,0.0,5,True,139,0,291,1570,0,"[0.05, 0.062, 0.067, 0.069, 0.0695, 0.0695, 0.0695, 0.0695, 0.0695, 0.0695, 0.0695, 0.0695, 0.0695, 0.0695, 0.0695, 0.0695, 0.0695, 0.0695, 0.0695, 0.0695, 0.0695, 0.0695, 0.0695, 0.0695, 0.0695, 0.0695, 0.0695, 0.0695, 0.0695, 0.0695, 0.0695, 0.0695, 0.0695, 0.0695, 0.0695, 0.0695, 0.0695, 0.0695, 0.0695, 0.0695, 0.0695, 0.0695, 0.0695, 0.0695, 0.0695, 0.0695, 0.0695, 0.0695, 0.0695, 0.0695, 0.0695, 0.0695, 0.0695, 0.0695, 0.0695, 0.0695, 0.0695, 0.0695, 0.0695, 0.0695, 0.0695, 0.0695, 0.0695, 0.0695, 0.0695, 0.0695, 0.0695, 0.0695, 0.0695, 0.0695, 0.0695, 0.0695, 0.0695, 0.0695, 0.0695, 0.0695, 0.0695, 0.0695, 0.0695, 0.0695, 0.0695, 0.0695, 0.0695, 0.0695, 0.0695, 0.0695, 0.0695, 0.0695, 0.0695, 0.0695, 0.0695, 0.0695, 0.0695, 0.0695, 0.0695, 0.0695, 0.0695, 0.0695, 0.0695, 0.0695, 0.0695]","{""0"": 0.0898, ""1"": 0.0508, ""2"": 0.0672, ""3"": 0.1215, ""4"": 0.0528, ""5"": 0.0763, ""6"": 0.0241, ""7"": 0.0741}","[0.2222, 0.0, 0.125, 0.0, 0.0, 0.125, 0.25, 0.0, 0.0, 0.0, 0.1538, 0.0, 0.0, 0.0, 0.0, 0.0, 0.0, 0.0, 0.0909, 0.0, 0.1, 0.0, 0.0, 0.0, 0.0, 0.0, 0.2857, 0.0, 0.3333, 0.0, 0.0, 0.1111, 0.0, 0.0, 0.1111, 0.1818, 0.125, 0.1667, 0.0, 0.0, 0.0, 0.3333, 0.0, 0.0, 0.0, 0.0, 0.1429, 0.0, 0.2, 0.1429, 0.1, 0.1667, 0.0, 0.0, 0.1818, 0.0, 0.0, 0.125, 0.0, 0.2222, 0.0, 0.0909, 0.125, 0.0, 0.2143, 0.0, 0.0, 0.5714, 0.0, 0.0, 0.0769, 0.0, 0.1111, 0.125, 0.1111, 0.0, 0.0, 0.0, 0.125, 0.0, 0.0, 0.5, 0.0, 0.0, 0.0, 0.0, 0.0, 0.0, 0.0, 0.0, 0.0, 0.0, 0.0909, 0.3333, 0.1429, 0.0, 0.0, 0.25, 0.0, 0.0, 0.1818, 0.0, 0.0, 0.0, 0.0, 0.0, 0.0, 0.0, 0.5714, 0.0, 0.125, 0.0, 0.0, 0.0, 0.0, 0.0, 0.875, 0.0, 0.0, 0.0, 0.0, 0.0, 0.0, 0.0, 0.0, 0.1, 0.0, 0.0, 0.125, 0.0, 0.0, 0.0, 0.0, 0.0, 0.1667, 0.0, 0.0, 0.1111, 0.0, 0.0, 0.1667, 0.125, 0.0, 0.0, 0.0, 0.1, 0.0, 0.125, 0.0, 0.0, 0.0, 0.0, 0.1818, 0.0, 0.125, 0.0, 0.125, 0.0, 0.2222, 0.1, 0.0, 0.0, 0.0, 0.0, 0.1667, 0.0833, 0.0, 0.0, 0.1667, 0.0, 0.0, 0.0, 0.0909, 0.0, 0.0, 0.0, 0.5, 0.2222, 0.0, 0.1429, 0.1667, 0.0, 0.0, 0.125, 0.125, 0.0, 0.2, 0.0, 0.0, 0.0, 0.125, 0.125, 0.1429, 0.125, 0.0, 0.0, 0.0, 0.0, 0.0, 0.0, 0.0, 0.0, 0.0, 0.125, 0.0, 0.0, 0.4286, 0.0, 0.0, 0.0, 0.0, 0.0833, 0.0, 0.0, 0.0, 0.0, 0.0, 0.2727, 0.1667, 0.25, 0.0, 0.2, 0.0, 0.0, 0.25, 0.2222, 0.1, 0.0, 0.0, 0.0, 0.25, 0.0, 0.0, 0.1429, 0.0, 0.1111, 0.5, 0.0, 0.0, 0.1, 0.1818, 0.0, 0.0, 0.0, 0.2857, 0.1818, 0.1111, 0.1111, 0.0, 0.0]"
random,0.6,2,random,0.069,0.069,0.069,0.0,4,True,138,0,288,1574,0,"[0.05, 0.064, 0.0685, 0.069, 0.069, 0.069, 0.069, 0.069, 0.069, 0.069, 0.069, 0.069, 0.069, 0.069, 0.069, 0.069, 0.069, 0.069, 0.069, 0.069, 0.069, 0.069, 0.069, 0.069, 0.069, 0.069, 0.069, 0.069, 0.069, 0.069, 0.069, 0.069, 0.069, 0.069, 0.069, 0.069, 0.069, 0.069, 0.069, 0.069, 0.069, 0.069, 0.069, 0.069, 0.069, 0.069, 0.069, 0.069, 0.069, 0.069, 0.069, 0.069, 0.069, 0.069, 0.069, 0.069, 0.069, 0.069, 0.069, 0.069, 0.069, 0.069, 0.069, 0.069, 0.069, 0.069, 0.069, 0.069, 0.069, 0.069, 0.069, 0.069, 0.069, 0.069, 0.069, 0.069, 0.069, 0.069, 0.069, 0.069, 0.069, 0.069, 0.069, 0.069, 0.069, 0.069, 0.069, 0.069, 0.069, 0.069, 0.069, 0.069, 0.069, 0.069, 0.069, 0.069, 0.069, 0.069, 0.069, 0.069, 0.069]","{""0"": 0.0342, ""1"": 0.0927, ""2"": 0.0811, ""3"": 0.0683, ""4"": 0.084, ""5"": 0.08, ""6"": 0.0726, ""7"": 0.0443}","[0.1111, 0.0, 0.3333, 0.0, 0.0, 0.5, 0.1111, 0.0, 0.0, 0.0, 0.1429, 0.25, 0.1111, 0.0, 0.1429, 0.2857, 0.1818, 0.0, 0.2, 0.2, 0.1429, 0.1667, 0.0, 0.0, 0.0, 0.0, 0.4444, 0.0, 0.0909, 0.1, 0.0, 0.0, 0.0, 0.0, 0.25, 0.0, 0.0, 0.0, 0.0, 0.25, 0.0909, 0.0, 0.0, 0.1111, 0.25, 0.0, 0.1429, 0.0, 0.0, 0.0, 0.1429, 0.0, 0.0, 0.2222, 0.1111, 0.1111, 0.0, 0.0, 0.1111, 0.0, 0.0, 0.0, 0.0, 0.0, 0.125, 0.0, 0.1667, 0.0, 0.0, 0.1, 0.0, 0.0, 0.0, 0.1111, 0.0, 0.0, 0.0, 0.0, 0.1111, 0.2, 0.1667, 0.1, 0.125, 0.0, 0.0, 0.0, 0.4, 0.1429, 0.0, 0.0, 0.0, 0.0, 0.0, 0.0, 0.0, 0.125, 0.0, 0.3333, 0.0, 0.125, 0.0, 0.0, 0.0, 0.0, 0.1429, 0.0, 0.0769, 0.2, 0.0, 0.0, 0.0, 0.125, 0.0, 0.0, 0.0833, 0.0, 0.3333, 0.0, 0.0769, 0.0, 0.0, 0.1429, 0.0, 0.0, 0.1818, 0.0, 0.0, 0.1111, 0.0, 0.125, 0.1818, 0.0, 0.0, 0.2857, 0.0, 0.0, 0.125, 0.0, 0.1667, 0.0, 0.0, 0.1111, 0.1667, 0.1429, 0.1429, 0.1429, 0.1429, 0.125, 0.0, 0.1429, 0.0, 0.0, 0.0, 0.0, 0.25, 0.0, 0.0, 0.2, 0.0, 0.0, 0.0, 0.0, 0.0, 0.2857, 0.0, 0.0, 0.125, 0.1111, 0.0, 0.0, 0.0, 0.7143, 0.2857, 0.0, 0.0, 0.0, 0.0, 0.0, 0.0, 0.1667, 0.0, 0.3333, 0.1667, 0.0, 0.0, 0.0, 0.1, 0.2857, 0.2, 0.0, 0.0, 0.1, 0.0, 0.1111, 0.0, 0.0, 0.1667, 0.1667, 0.0, 0.1667, 0.4, 0.0, 0.0, 0.0, 0.0, 0.1429, 0.1, 0.0, 0.0, 0.0, 0.125, 0.0, 0.0, 0.125, 0.2857, 0.1667, 0.0, 0.0, 0.0, 0.0, 0.0, 0.0, 0.0, 0.1111, 0.0, 0.0, 0.0, 0.0, 0.0, 0.0, 0.1667, 0.0, 0.125, 0.0, 0.0, 0.0, 0.125, 0.0, 0.3333, 0.0, 0.0, 0.0, 0.0769, 0.0, 0.1111, 0.0, 0.1667, 0.1429, 0.1429, 0.2]"
random,0.6,3,random,0.065,0.065,0.065,0.0,5,True,130,0,302,1568,0,"[0.05, 0.0595, 0.0625, 0.064, 0.065, 0.065, 0.065, 0.065, 0.065, 0.065, 0.065, 0.065, 0.065, 0.065, 0.065, 0.065, 0.065, 0.065, 0.065, 0.065, 0.065, 0.065, 0.065, 0.065, 0.065, 0.065, 0.065, 0.065, 0.065, 0.065, 0.065, 0.065, 0.065, 0.065, 0.065, 0.065, 0.065, 0.065, 0.065, 0.065, 0.065, 0.065, 0.065, 0.065, 0.065, 0.065, 0.065, 0.065, 0.065, 0.065, 0.065, 0.065, 0.065, 0.065, 0.065, 0.065, 0.065, 0.065, 0.065, 0.065, 0.065, 0.065, 0.065, 0.065, 0.065, 0.065, 0.065, 0.065, 0.065, 0.065, 0.065, 0.065, 0.065, 0.065, 0.065, 0.065, 0.065, 0.065, 0.065, 0.065, 0.065, 0.065, 0.065, 0.065, 0.065, 0.065, 0.065, 0.065, 0.065, 0.065, 0.065, 0.065, 0.065, 0.065, 0.065, 0.065, 0.065, 0.065, 0.065, 0.065, 0.065]","{""0"": 0.0698, ""1"": 0.0538, ""2"": 0.05, ""3"": 0.0885, ""4"": 0.052, ""5"": 0.1021, ""6"": 0.0602, ""7"": 0.0441}","[0.0, 0.0, 0.1429, 0.0833, 0.0, 0.1, 0.1667, 0.0, 0.125, 0.0, 0.1111, 0.4286, 0.125, 0.125, 0.1, 0.0, 0.0, 0.3, 0.0, 0.0, 0.0, 0.1111, 0.0, 0.0, 0.0, 0.7, 0.0, 0.0, 0.0, 0.0, 0.1667, 0.0, 0.1429, 0.1, 0.0, 0.2222, 0.2727, 0.0, 0.0, 0.0, 0.125, 0.1667, 0.0, 0.1111, 0.2, 0.1111, 0.3333, 0.1111, 0.1111, 0.0, 0.0, 0.0, 0.1111, 0.0909, 0.0, 0.0, 0.0833, 0.0, 0.0, 0.1, 0.0909, 0.2, 0.0, 0.0, 0.0, 0.1429, 0.0, 0.125, 0.0, 0.0, 0.0, 0.0, 0.0909, 0.0, 0.0, 0.0, 0.0, 0.0, 0.0, 0.0, 0.0, 0.0, 0.1429, 0.0, 0.1667, 0.0, 0.125, 0.0, 0.0, 0.0769, 0.0, 0.0, 0.375, 0.0, 0.2222, 0.0, 0.0, 0.0, 0.0, 0.0, 0.1429, 0.0, 0.25, 0.1429, 0.0, 0.0, 0.0, 0.0, 0.1111, 0.0, 0.3, 0.0, 0.0, 0.0, 0.25, 0.0, 0.0, 0.1, 0.1667, 0.125, 0.1, 0.0, 0.0, 0.0, 0.0, 0.0, 0.0, 0.2857, 0.0, 0.0, 0.125, 0.0, 0.0769, 0.0, 0.1429, 0.125, 0.0, 0.0, 0.25, 0.0, 0.0, 0.1429, 0.0, 0.0, 0.0, 0.0, 0.0, 0.0833, 0.125, 0.0, 0.125, 0.0, 0.0, 0.0, 0.0, 0.0, 0.1667, 0.0, 0.1667, 0.0, 0.0, 0.125, 0.0833, 0.2222, 0.125, 0.1111, 0.1667, 0.0, 0.0, 0.0, 0.0, 0.0, 0.0, 0.0, 0.0, 0.0, 0.0, 0.0, 0.0, 0.0, 0.0, 0.0, 0.0, 0.2222, 0.125, 0.1429, 0.2, 0.0, 0.0, 0.0, 0.0, 0.0, 0.1667, 0.0, 0.2, 0.0, 0.0, 0.0, 0.2, 0.0, 0.0, 0.125, 0.0, 0.0, 0.0909, 0.125, 0.2222, 0.0, 0.0, 0.0, 0.0, 0.0, 0.2, 0.1429, 0.0, 0.2222, 0.1429, 0.0, 0.0, 0.0, 0.3, 0.0, 0.125, 0.1111, 0.0, 0.0909, 0.0, 0.0833, 0.1, 0.1429, 0.4286, 0.375, 0.0, 0.0, 0.0, 0.0, 0.0, 0.0, 0.0, 0.0, 0.0, 0.0, 0.0909, 0.0, 0.0, 0.0, 0.0, 0.1667, 0.0, 0.0]"
random,0.6,4,random,0.0725,0.0725,0.0725,0.0,8,True,145,0,294,1561,0,"[0.05, 0.0665, 0.069, 0.0695, 0.07, 0.0705, 0.071, 0.0725, 0.0725, 0.0725, 0.0725, 0.0725, 0.0725, 0.0725, 0.0725, 0.0725, 0.0725, 0.0725, 0.0725, 0.0725, 0.0725, 0.0725, 0.0725, 0.0725, 0.0725, 0.0725, 0.0725, 0.0725, 0.0725, 0.0725, 0.0725, 0.0725, 0.0725, 0.0725, 0.0725, 0.0725, 0.0725, 0.0725, 0.0725, 0.0725, 0.0725, 0.0725, 0.0725, 0.0725, 0.0725, 0.0725, 0.0725, 0.0725, 0.0725, 0.0725, 0.0725, 0.0725, 0.0725, 0.0725, 0.0725, 0.0725, 0.0725, 0.0725, 0.0725, 0.0725, 0.0725, 0.0725, 0.0725, 0.0725, 0.0725, 0.0725, 0.0725, 0.0725, 0.0725, 0.0725, 0.0725, 0.0725, 0.0725, 0.0725, 0.0725, 0.0725, 0.0725, 0.0725, 0.0725, 0.0725, 0.0725, 0.0725, 0.0725, 0.0725, 0.0725, 0.0725, 0.0725, 0.0725, 0.0725, 0.0725, 0.0725, 0.0725, 0.0725, 0.0725, 0.0725, 0.0725, 0.0725, 0.0725, 0.0725, 0.0725, 0.0725]","{""0"": 0.0634, ""1"": 0.0664, ""2"": 0.0546, ""3"": 0.0669, ""4"": 0.0738, ""5"": 0.041, ""6"": 0.1066, ""7"": 0.1076}","[0.1111, 0.125, 0.1667, 0.0, 0.0, 0.125, 0.0, 0.0, 0.2, 0.2, 0.0, 0.0, 0.0, 0.2, 0.0, 0.1818, 0.4, 0.0, 0.0, 0.0, 0.0, 0.0, 0.0, 0.4286, 0.0, 0.0, 0.0, 0.1667, 0.1111, 0.0, 0.0, 0.0, 0.25, 0.0, 0.0, 0.0, 0.1429, 0.0, 0.0, 0.0, 0.0909, 0.0, 0.25, 0.2, 0.0, 0.0, 0.0, 0.0, 0.0, 0.1429, 0.0, 0.0, 0.125, 0.0, 0.0, 0.1818, 0.0, 0.1111, 0.0, 0.0, 0.0, 0.0, 0.0, 0.0, 0.0, 0.0, 0.125, 0.0, 0.0, 0.0, 0.0, 0.0, 0.0, 0.0, 0.1429, 0.0, 0.0, 0.0, 0.0, 0.0, 0.2222, 0.2857, 0.25, 0.0, 0.0, 0.2727, 0.0, 0.125, 0.0, 0.3333, 0.0, 0.1429, 0.0, 0.2, 0.0, 0.1111, 0.125, 0.3333, 0.2857, 0.0, 0.0, 0.0, 0.0, 0.0, 0.1429, 0.0, 0.1111, 0.1667, 0.1818, 0.1, 0.3333, 0.0, 0.25, 0.0, 0.0, 0.0, 0.0, 0.0, 0.0, 0.0, 0.1, 0.0, 0.1429, 0.0, 0.0, 0.2222, 0.1, 0.0, 0.0, 0.0, 0.1429, 0.0, 0.0, 0.1111, 0.0, 0.0, 0.0, 0.0, 0.0, 0.0, 0.1429, 0.0, 0.1429, 0.0, 0.0, 0.0, 0.1111, 0.0833, 0.25, 0.1667, 0.0, 0.1111, 0.0, 0.1429, 0.0, 0.0, 0.2, 0.0, 0.2, 0.1429, 0.0, 0.1667, 0.0, 0.1111, 0.0, 0.0, 0.0, 0.5, 0.125, 0.0, 0.125, 0.0, 0.0, 0.0, 0.0, 0.875, 0.3333, 0.0, 0.125, 0.0714, 0.1, 0.0, 0.0, 0.6, 0.0, 0.0, 0.0, 0.0, 0.125, 0.0, 0.1818, 0.125, 0.0833, 0.0, 0.0, 0.0, 0.0, 0.0, 0.0, 0.0, 0.2, 0.0, 0.0, 0.0, 0.0, 0.0, 0.0, 0.0, 0.1667, 0.0, 0.0, 0.0, 0.0769, 0.3333, 0.0, 0.0, 0.0, 0.1, 0.0, 0.2857, 0.2857, 0.0, 0.0, 0.0, 0.0, 0.0, 0.0, 0.0, 0.0909, 0.2727, 0.0, 0.1429, 0.0, 0.0, 0.0, 0.0, 0.0, 0.0, 0.1818, 0.0, 0.5714, 0.0, 0.0714, 0.375, 0.0, 0.1429, 0.0, 0.0, 0.0, 0.1875]"
random,0.6,5,random,0.066,0.066,0.066,-0.0,7,True,132,0,301,1567,0,"[0.05, 0.0605, 0.0635, 0.0645, 0.065, 0.0655, 0.066, 0.066, 0.066, 0.066, 0.066, 0.066, 0.066, 0.066, 0.066, 0.066, 0.066, 0.066, 0.066, 0.066, 0.066, 0.066, 0.066, 0.066, 0.066, 0.066, 0.066, 0.066, 0.066, 0.066, 0.066, 0.066, 0.066, 0.066, 0.066, 0.066, 0.066, 0.066, 0.066, 0.066, 0.066, 0.066, 0.066, 0.066, 0.066, 0.066, 0.066, 0.066, 0.066, 0.066, 0.066, 0.066, 0.066, 0.066, 0.066, 0.066, 0.066, 0.066, 0.066, 0.066, 0.066, 0.066, 0.066, 0.066, 0.066, 0.066, 0.066, 0.066, 0.066, 0.066, 0.066, 0.066, 0.066, 0.066, 0.066, 0.066, 0.066, 0.066, 0.066, 0.066, 0.066, 0.066, 0.066, 0.066, 0.066, 0.066, 0.066, 0.066, 0.066, 0.066, 0.066, 0.066, 0.066, 0.066, 0.066, 0.066, 0.066, 0.066, 0.066, 0.066, 0.066]","{""0"": 0.0596, ""1"": 0.0648, ""2"": 0.1203, ""3"": 0.0602, ""4"": 0.0514, ""5"": 0.0444, ""6"": 0.0962, ""7"": 0.0338}","[0.0, 0.0, 0.1667, 0.125, 0.0, 0.1429, 0.1111, 0.0, 0.0, 0.0, 0.0, 0.0, 0.0, 0.1333, 0.0, 0.0, 0.0, 0.3333, 0.0, 0.0, 0.0, 0.0, 0.1429, 0.0, 0.0, 0.0, 0.0, 0.0, 0.1667, 0.0, 0.125, 0.125, 0.1429, 0.1429, 0.0, 0.0, 0.0, 0.0, 0.0, 0.0, 0.0, 0.0909, 0.0, 0.0, 0.1818, 0.1111, 0.2, 0.0, 0.0, 0.1111, 0.0, 0.0, 0.0, 0.125, 0.0, 0.0, 0.0, 0.1111, 0.0, 0.2, 0.0, 0.0, 0.0, 0.5, 0.0, 0.0, 0.0, 0.125, 0.0, 0.0, 0.1667, 0.0909, 0.0, 0.0, 0.0, 0.1111, 0.0, 0.0, 0.1111, 0.1667, 0.1667, 0.1, 0.0, 0.0, 0.0, 0.0, 0.0, 0.1667, 0.0, 0.0769, 0.0909, 0.0, 0.0, 0.2, 0.0, 0.4, 0.0, 0.0, 0.1111, 0.1, 0.0, 0.1667, 0.0, 0.0, 0.0, 0.0, 0.1429, 0.0, 0.0, 0.0, 0.0, 0.0, 0.0, 0.0, 0.0, 0.0, 0.0, 0.0, 0.0, 0.125, 0.1429, 0.0, 0.0, 0.125, 0.0, 0.1667, 0.0, 0.0, 0.1667, 0.0, 0.0, 0.0, 0.0, 0.0769, 0.1, 0.1111, 0.0, 0.0, 0.0, 0.0, 0.0, 0.0, 0.0, 0.0, 0.125, 0.0, 0.1667, 0.3, 0.0909, 0.0, 0.125, 0.0, 0.0, 0.0909, 0.0, 0.0, 0.0, 0.0, 0.0, 0.1, 0.0, 0.0, 0.0, 0.125, 0.0, 0.0, 0.0, 0.125, 0.1, 0.0, 0.625, 0.1667, 0.1667, 0.0, 0.0, 0.0, 0.0, 0.1111, 0.0909, 0.3333, 0.1, 0.0, 0.0, 0.0, 0.1111, 0.125, 0.2, 0.125, 0.0833, 0.2, 0.1, 0.1667, 0.0, 0.0, 0.2222, 0.1111, 0.125, 0.0, 0.1667, 0.0, 0.0, 0.3333, 0.0, 0.5714, 0.1, 0.0, 0.0, 0.0, 0.0, 0.0, 0.1429, 0.9, 0.2857, 0.0, 0.1111, 0.3333, 0.0, 0.0909, 0.0, 0.0, 0.125, 0.1111, 0.0, 0.1667, 0.0, 0.0, 0.0, 0.0, 0.25, 0.0833, 0.0, 0.1429, 0.0, 0.0, 0.2, 0.0833, 0.1111, 0.0, 0.0, 0.1111, 0.0909, 0.1111, 0.0, 0.0, 0.0, 0.0909, 0.0, 0.125, 0.0, 0.0769]"
random,0.6,6,random,0.066,0.066,0.066,-0.0,5,True,132,0,297,1571,0,"[0.05, 0.0605, 0.063, 0.065, 0.066, 0.066, 0.066, 0.066, 0.066, 0.066, 0.066, 0.066, 0.066, 0.066, 0.066, 0.066, 0.066, 0.066, 0.066, 0.066, 0.066, 0.066, 0.066, 0.066, 0.066, 0.066, 0.066, 0.066, 0.066, 0.066, 0.066, 0.066, 0.066, 0.066, 0.066, 0.066, 0.066, 0.066, 0.066, 0.066, 0.066, 0.066, 0.066, 0.066, 0.066, 0.066, 0.066, 0.066, 0.066, 0.066, 0.066, 0.066, 0.066, 0.066, 0.066, 0.066, 0.066, 0.066, 0.066, 0.066, 0.066, 0.066, 0.066, 0.066, 0.066, 0.066, 0.066, 0.066, 0.066, 0.066, 0.066, 0.066, 0.066, 0.066, 0.066, 0.066, 0.066, 0.066, 0.066, 0.066, 0.066, 0.066, 0.066, 0.066, 0.066, 0.066, 0.066, 0.066, 0.066, 0.066, 0.066, 0.066, 0.066, 0.066, 0.066, 0.066, 0.066, 0.066, 0.066, 0.066, 0.066]","{""0"": 0.1016, ""1"": 0.0814, ""2"": 0.0643, ""3"": 0.0579, ""4"": 0.0482, ""5"": 0.0547, ""6"": 0.0372, ""7"": 0.081}","[0.2222, 0.0, 0.1, 0.25, 0.0769, 0.0, 0.0, 0.0, 0.0769, 0.0, 0.0, 0.2, 0.1111, 0.0, 0.0, 0.0, 0.0, 0.0, 0.0, 0.0, 0.1667, 0.4, 0.1, 0.0, 0.0, 0.0, 0.0909, 0.0, 0.0, 0.2, 0.0, 0.0, 0.0, 0.0, 0.125, 0.0, 0.0, 0.0, 0.0, 0.0, 0.0833, 0.1667, 0.0, 0.0, 0.2222, 0.125, 0.0, 0.0, 0.0, 0.1667, 0.0, 0.0, 0.1, 0.0, 0.0, 0.0, 0.0, 0.0, 0.1429, 0.1, 0.1818, 0.0, 0.1429, 0.0, 0.0, 0.1667, 0.0, 0.0, 0.1429, 0.0, 0.0909, 0.0, 0.0, 0.2222, 0.1111, 0.0, 0.0, 0.0, 0.0, 0.25, 0.1429, 0.0, 0.0, 0.0, 0.0, 0.0, 0.0833, 0.25, 0.2857, 0.125, 0.0, 0.3333, 0.0, 0.0, 0.0, 0.0, 0.0, 0.0, 0.125, 0.0, 0.125, 0.1, 0.0, 0.0, 0.1667, 0.8571, 0.0, 0.2, 0.0, 0.0, 0.1111, 0.1, 0.125, 0.125, 0.0, 0.1, 0.1667, 0.0909, 0.125, 0.0, 0.0, 0.1, 0.0, 0.0, 0.0, 0.0, 0.0, 0.0, 0.3, 0.0, 0.0, 0.1111, 0.0, 0.0, 0.1818, 0.0, 0.0, 0.0, 0.25, 0.0, 0.0, 0.1111, 0.0, 0.0, 0.2222, 0.2222, 0.625, 0.0, 0.0, 0.0, 0.1111, 0.0, 0.0, 0.125, 0.1429, 0.0, 0.0, 0.0, 0.0, 0.0, 0.0833, 0.0, 0.1111, 0.375, 0.0, 0.0, 0.0, 0.0, 0.0, 0.2, 0.2, 0.0, 0.0, 0.1111, 0.0, 0.25, 0.25, 0.2, 0.1111, 0.0, 0.0, 0.0, 0.0, 0.0, 0.2857, 0.1111, 0.0, 0.0, 0.1429, 0.1429, 0.1667, 0.2857, 0.1667, 0.2, 0.0, 0.0, 0.0, 0.0, 0.0909, 0.0, 0.1429, 0.0, 0.0, 0.1667, 0.0, 0.1667, 0.0, 0.0, 0.0, 0.3333, 0.1429, 0.0, 0.1429, 0.0, 0.25, 0.0, 0.0, 0.1111, 0.0833, 0.0, 0.0, 0.0, 0.0, 0.0, 0.0, 0.0, 0.0, 0.0, 0.0, 0.0, 0.0, 0.25, 0.0, 0.0, 0.125, 0.1111, 0.0, 0.0, 0.0769, 0.0, 0.1667, 0.0, 0.1111, 0.0714, 0.0, 0.0, 0.0, 0.0, 0.1, 0.25]"
random,0.6,7,random,0.0665,0.0665,0.0665,0.0,4,True,133,0,289,1578,0,"[0.05, 0.0645, 0.066, 0.0665, 0.0665, 0.0665, 0.0665, 0.0665, 0.0665, 0.0665, 0.0665, 0.0665, 0.0665, 0.0665, 0.0665, 0.0665, 0.0665, 0.0665, 0.0665, 0.0665, 0.0665, 0.0665, 0.0665, 0.0665, 0.0665, 0.0665, 0.0665, 0.0665, 0.0665, 0.0665, 0.0665, 0.0665, 0.0665, 0.0665, 0.0665, 0.0665, 0.0665, 0.0665, 0.0665, 0.0665, 0.0665, 0.0665, 0.0665, 0.0665, 0.0665, 0.0665, 0.0665, 0.0665, 0.0665, 0.0665, 0.0665, 0.0665, 0.0665, 0.0665, 0.0665, 0.0665, 0.0665, 0.0665, 0.0665, 0.0665, 0.0665, 0.0665, 0.0665, 0.0665, 0.0665, 0.0665, 0.0665, 0.0665, 0.0665, 0.0665, 0.0665, 0.0665, 0.0665, 0.0665, 0.0665, 0.0665, 0.0665, 0.0665, 0.0665, 0.0665, 0.0665, 0.0665, 0.0665, 0.0665, 0.0665, 0.0665, 0.0665, 0.0665, 0.0665, 0.0665, 0.0665, 0.0665, 0.0665, 0.0665, 0.0665, 0.0665, 0.0665, 0.0665, 0.0665, 0.0665, 0.0665]","{""0"": 0.0775, ""1"": 0.0553, ""2"": 0.0604, ""3"": 0.0575, ""4"": 0.0886, ""5"": 0.0824, ""6"": 0.065, ""7"": 0.0445}","[0.2222, 0.5714, 0.3333, 0.0, 0.0, 0.5, 0.0, 0.0, 0.0, 0.1429, 0.1111, 0.0, 0.0, 0.3333, 0.2, 0.0833, 0.0, 0.0, 0.0, 0.1667, 0.125, 0.1111, 0.1, 0.0, 0.0, 0.0, 0.0, 0.0, 0.0, 0.1429, 0.0, 0.125, 0.0, 0.1, 0.0, 0.0, 0.3333, 0.2, 0.0, 0.0, 0.0, 0.0, 0.0, 0.0, 0.3333, 0.1667, 0.0, 0.2, 0.0, 0.0, 0.0, 0.1111, 0.0, 0.0, 0.0, 0.0, 0.0, 0.0, 0.2857, 0.125, 0.0, 0.0, 0.125, 0.2857, 0.0, 0.1111, 0.1, 0.0909, 0.1429, 0.2222, 0.0, 0.0, 0.0, 0.2222, 0.0, 0.1818, 0.0, 0.0, 0.3333, 0.0, 0.1667, 0.1, 0.0, 0.1667, 0.1111, 0.0, 0.0, 0.125, 0.2222, 0.0, 0.0, 0.1667, 0.0, 0.0, 0.1429, 0.1, 0.125, 0.0, 0.0, 0.0, 0.1667, 0.0, 0.0, 0.0, 0.1429, 0.0909, 0.125, 0.0909, 0.1, 0.3333, 0.1667, 0.1111, 0.0, 0.0, 0.0, 0.0, 0.0, 0.0, 0.1, 0.0, 0.0, 0.125, 0.0, 0.1429, 0.1111, 0.0, 0.1667, 0.125, 0.0, 0.0, 0.0, 0.0, 0.0833, 0.0, 0.1667, 0.1111, 0.0, 0.0, 0.0, 0.0, 0.0, 0.0, 0.2857, 0.0909, 0.0, 0.3333, 0.0, 0.0, 0.0, 0.0, 0.1111, 0.0, 0.0, 0.3333, 0.0, 0.0, 0.0, 0.1818, 0.0, 0.0, 0.0, 0.1, 0.25, 0.0, 0.0, 0.0, 0.0, 0.0, 0.0, 0.0, 0.0, 0.1111, 0.1429, 0.2, 0.1111, 0.0, 0.0, 0.0, 0.2857, 0.0, 0.1667, 0.0, 0.2727, 0.0, 0.0, 0.0769, 0.0, 0.125, 0.0, 0.25, 0.0, 0.0, 0.0, 0.0, 0.0, 0.0, 0.0, 0.2, 0.1429, 0.0, 0.0, 0.125, 0.0, 0.0, 0.0, 0.1667, 0.0, 0.2, 0.1111, 0.0, 0.0, 0.0, 0.0, 0.0, 0.0, 0.0, 0.25, 0.0, 0.0, 0.1111, 0.0, 0.1111, 0.0, 0.0, 0.0909, 0.0, 0.3, 0.25, 0.0, 0.0, 0.0, 0.0, 0.1, 0.0, 0.0, 0.0, 0.0, 0.1429, 0.0769, 0.0, 0.0, 0.0, 0.0, 0.0, 0.1, 0.0, 0.0, 0.125, 0.0909, 0.0]"
random,0.6,8,random,0.0685,0.0685,0.0685,0.0,6,True,137,0,276,1587,0,"[0.05, 0.0625, 0.0655, 0.0675, 0.068, 0.0685, 0.0685, 0.0685, 0.0685, 0.0685, 0.0685, 0.0685, 0.0685, 0.0685, 0.0685, 0.0685, 0.0685, 0.0685, 0.0685, 0.0685, 0.0685, 0.0685, 0.0685, 0.0685, 0.0685, 0.0685, 0.0685, 0.0685, 0.0685, 0.0685, 0.0685, 0.0685, 0.0685, 0.0685, 0.0685, 0.0685, 0.0685, 0.0685, 0.0685, 0.0685, 0.0685, 0.0685, 0.0685, 0.0685, 0.0685, 0.0685, 0.0685, 0.0685, 0.0685, 0.0685, 0.0685, 0.0685, 0.0685, 0.0685, 0.0685, 0.0685, 0.0685, 0.0685, 0.0685, 0.0685, 0.0685, 0.0685, 0.0685, 0.0685, 0.0685, 0.0685, 0.0685, 0.0685, 0.0685, 0.0685, 0.0685, 0.0685, 0.0685, 0.0685, 0.0685, 0.0685, 0.0685, 0.0685, 0.0685, 0.0685, 0.0685, 0.0685, 0.0685, 0.0685, 0.0685, 0.0685, 0.0685, 0.0685, 0.0685, 0.0685, 0.0685, 0.0685, 0.0685, 0.0685, 0.0685, 0.0685, 0.0685, 0.0685, 0.0685, 0.0685, 0.0685]","{""0"": 0.0469, ""1"": 0.0404, ""2"": 0.1111, ""3"": 0.0868, ""4"": 0.0766, ""5"": 0.0749, ""6"": 0.068, ""7"": 0.0378}","[0.1111, 0.0, 0.0, 0.0, 0.1, 0.0, 0.0, 0.1111, 0.0, 0.2857, 0.1, 0.125, 0.0, 0.0, 0.0, 0.0, 0.0, 0.0, 0.0, 0.0, 0.125, 0.0, 0.0, 0.0, 0.0, 0.0, 0.1667, 0.0, 0.25, 0.1667, 0.0, 0.0, 0.0, 0.0, 0.0, 0.1111, 0.1429, 0.125, 0.0, 0.0, 0.0, 0.0, 0.0, 0.3333, 0.0, 0.3333, 0.0, 0.0, 0.0, 0.0, 0.0, 0.0, 0.0, 0.0, 0.0, 0.0, 0.0, 0.0, 0.0, 0.2, 0.1, 0.1429, 0.0, 0.0833, 0.0, 0.0, 0.0, 0.3333, 0.0769, 0.125, 0.2, 0.0, 0.1429, 0.0, 0.0, 0.5714, 0.0, 0.0, 0.1667, 0.0, 0.0, 0.0, 0.0, 0.0, 0.2, 0.0, 0.0, 0.0, 0.0, 0.0, 0.1667, 0.0, 0.1, 0.0, 0.3333, 0.1429, 0.1111, 0.0, 0.0, 0.125, 0.0769, 0.0833, 0.0833, 0.25, 0.0, 0.1111, 0.0, 0.0, 0.0, 0.0, 0.0, 0.1429, 0.0, 0.0, 0.0, 0.0, 0.1111, 0.0, 0.0, 0.0, 0.0, 0.0, 0.0, 0.0, 0.0, 0.0, 0.0, 0.0, 0.0, 0.125, 0.0, 0.3636, 0.0, 0.0, 0.0, 0.0, 0.2857, 0.0, 0.1429, 0.3333, 0.0, 0.0, 0.3333, 0.0, 0.0, 0.3, 0.0, 0.0, 0.1111, 0.0, 0.0, 0.2, 0.0, 0.0833, 0.0, 0.1111, 0.0, 0.6667, 0.0, 0.125, 0.0, 0.25, 0.125, 0.0, 0.75, 0.0, 0.0, 0.0, 0.0, 0.0, 0.125, 0.2, 0.0, 0.0, 0.2, 0.0, 0.0, 0.0, 0.2, 0.0, 0.125, 0.3, 0.25, 0.1818, 0.125, 0.0, 0.0, 0.125, 0.1818, 0.0, 0.0, 0.25, 0.1111, 0.0, 0.0, 0.0, 0.0, 0.25, 0.3, 0.125, 0.0, 0.0, 0.0, 0.1429, 0.1429, 0.0, 0.125, 0.0, 0.2857, 0.1111, 0.1667, 0.1111, 0.0, 0.0, 0.0, 0.0, 0.25, 0.0, 0.125, 0.2, 0.125, 0.0, 0.1, 0.1667, 0.0, 0.0, 0.0, 0.0, 0.0, 0.0, 0.0, 0.125, 0.0, 0.0, 0.0, 0.1111, 0.0, 0.0, 0.0909, 0.0, 0.0, 0.0909, 0.0, 0.1429, 0.0, 0.1111, 0.0833, 0.1667, 0.0, 0.0]"
random,0.6,9,random,0.064,0.064,0.064,-0.0,5,True,128,0,298,1574,0,"[0.05, 0.0615, 0.063, 0.0635, 0.064, 0.064, 0.064, 0.064, 0.064, 0.064, 0.064, 0.064, 0.064, 0.064, 0.064, 0.064, 0.064, 0.064, 0.064, 0.064, 0.064, 0.064, 0.064, 0.064, 0.064, 0.064, 0.064, 0.064, 0.064, 0.064, 0.064, 0.064, 0.064, 0.064, 0.064, 0.064, 0.064, 0.064, 0.064, 0.064, 0.064, 0.064, 0.064, 0.064, 0.064, 0.064, 0.064, 0.064, 0.064, 0.064, 0.064, 0.064, 0.064, 0.064, 0.064, 0.064, 0.064, 0.064, 0.064, 0.064, 0.064, 0.064, 0.064, 0.064, 0.064, 0.064, 0.064, 0.064, 0.064, 0.064, 0.064, 0.064, 0.064, 0.064, 0.064, 0.064, 0.064, 0.064, 0.064, 0.064, 0.064, 0.064, 0.064, 0.064, 0.064, 0.064, 0.064, 0.064, 0.064, 0.064, 0.064, 0.064, 0.064, 0.064, 0.064, 0.064, 0.064, 0.064, 0.064, 0.064, 0.064]","{""0"": 0.0871, ""1"": 0.0524, ""2"": 0.0349, ""3"": 0.0486, ""4"": 0.1183, ""5"": 0.0512, ""6"": 0.0354, ""7"": 0.0788}","[0.0, 0.1429, 0.0, 0.0, 0.0, 0.0, 0.0909, 0.0, 0.3333, 0.0, 0.0, 0.0, 0.1111, 0.3333, 0.0, 0.0, 0.0, 0.25, 0.0, 0.0, 0.0, 0.0, 0.0, 0.0, 0.0769, 0.0, 0.0, 0.0, 0.25, 0.0, 0.2, 0.0, 0.1429, 0.0, 0.125, 0.0, 0.0, 0.1667, 0.0, 0.0, 0.5714, 0.0, 0.1429, 0.0, 0.0, 0.0, 0.0, 0.0, 0.0, 0.5714, 0.1, 0.1429, 0.0, 0.0909, 0.0, 0.0, 0.0, 0.0, 0.0, 0.0, 0.125, 0.0, 0.2222, 0.0, 0.0, 0.1429, 0.0, 0.0, 0.1, 0.1111, 0.0, 0.2, 0.0, 0.0, 0.0, 0.1111, 0.1429, 0.125, 0.0, 0.0, 0.1111, 0.0, 0.0, 0.0833, 0.0, 0.1111, 0.0833, 0.0, 0.0, 0.0, 0.1667, 0.0, 0.0, 0.0, 0.0, 0.0, 0.0, 0.125, 0.0, 0.0, 0.0, 0.25, 0.1429, 0.0, 0.0, 0.0, 0.0, 0.0, 0.0, 0.0833, 0.125, 0.0, 0.0, 0.125, 0.0, 0.1429, 0.1111, 0.0, 0.0, 0.0, 0.0, 0.0, 0.0, 0.0, 0.125, 0.0, 0.0833, 0.0, 0.0, 0.0, 0.0, 0.1429, 0.0, 0.1, 0.0, 0.0, 0.2, 0.1111, 0.0, 0.0, 0.1111, 0.1429, 0.0909, 0.0, 0.0, 0.0, 0.0, 0.25, 0.0909, 0.0, 0.1818, 0.1429, 0.2, 0.0, 0.0909, 0.0, 0.0, 0.0, 0.0, 0.0, 0.1667, 0.1818, 0.0, 0.1, 0.0, 0.2222, 0.0, 0.0, 0.1111, 0.3333, 0.3333, 0.0, 0.0, 0.0, 0.0, 0.1667, 0.0, 0.1111, 0.0, 0.0, 0.1429, 0.1429, 0.0, 0.0, 0.3333, 0.0, 0.0, 0.1429, 0.0, 0.5714, 0.0, 0.0, 0.0, 0.125, 0.1429, 0.0, 0.25, 0.375, 0.1667, 0.1, 0.0, 0.0769, 0.125, 0.0, 0.0, 0.625, 0.0, 0.0, 0.0, 0.125, 0.0, 0.0, 0.0, 0.1111, 0.0, 0.25, 0.0, 0.0, 0.0, 0.0, 0.1429, 0.125, 0.0, 0.2222, 0.375, 0.0833, 0.1667, 0.0, 0.0, 0.1667, 0.0, 0.0, 0.0, 0.0909, 0.1818, 0.0, 0.0, 0.0, 0.0, 0.0, 0.0, 0.25, 0.1111, 0.0, 0.0, 0.125, 0.1111, 0.0, 0.0, 0.0]"
random,0.6,10,random,0.0595,0.0595,0.0595,0.0,3,True,119,0,293,1588,0,"[0.05, 0.0585, 0.0595, 0.0595, 0.0595, 0.0595, 0.0595, 0.0595, 0.0595, 0.0595, 0.0595, 0.0595, 0.0595, 0.0595, 0.0595, 0.0595, 0.0595, 0.0595, 0.0595, 0.0595, 0.0595, 0.0595, 0.0595, 0.0595, 0.0595, 0.0595, 0.0595, 0.0595, 0.0595, 0.0595, 0.0595, 0.0595, 0.0595, 0.0595, 0.0595, 0.0595, 0.0595, 0.0595, 0.0595, 0.0595, 0.0595, 0.0595, 0.0595, 0.0595, 0.0595, 0.0595, 0.0595, 0.0595, 0.0595, 0.0595, 0.0595, 0.0595, 0.0595, 0.0595, 0.0595, 0.0595, 0.0595, 0.0595, 0.0595, 0.0595, 0.0595, 0.0595, 0.0595, 0.0595, 0.0595, 0.0595, 0.0595, 0.0595, 0.0595, 0.0595, 0.0595, 0.0595, 0.0595, 0.0595, 0.0595, 0.0595, 0.0595, 0.0595, 0.0595, 0.0595, 0.0595, 0.0595, 0.0595, 0.0595, 0.0595, 0.0595, 0.0595, 0.0595, 0.0595, 0.0595, 0.0595, 0.0595, 0.0595, 0.0595, 0.0595, 0.0595, 0.0595, 0.0595, 0.0595, 0.0595, 0.0595]","{""0"": 0.0649, ""1"": 0.0895, ""2"": 0.0408, ""3"": 0.0492, ""4"": 0.069, ""5"": 0.0522, ""6"": 0.052, ""7"": 0.0565}","[0.1111, 0.2, 0.25, 0.1111, 0.0, 0.1111, 0.0, 0.0, 0.0, 0.0909, 0.0, 0.0, 0.0, 0.0, 0.1667, 0.0, 0.1667, 0.0, 0.1429, 0.0, 0.0909, 0.0, 0.0, 0.0, 0.125, 0.2222, 0.1667, 0.0, 0.0, 0.0, 0.0, 0.0, 0.0, 0.0, 0.0, 0.0, 0.0833, 0.0, 0.0, 0.0, 0.1, 0.0, 0.1429, 0.0, 0.0, 0.1111, 0.0, 0.0, 0.2857, 0.0, 0.5, 0.0, 0.0, 0.0, 0.1, 0.2, 0.0, 0.0, 0.0, 0.0, 0.0909, 0.1111, 0.0, 0.3, 0.0, 0.0, 0.0714, 0.0, 0.0, 0.1667, 0.0, 0.0, 0.0, 0.1667, 0.0, 0.0, 0.0, 0.1, 0.0, 0.0, 0.1667, 0.0, 0.0, 0.0, 0.0, 0.0, 0.0, 0.0, 0.0, 0.1111, 0.0, 0.1111, 0.0, 0.1, 0.0, 0.1, 0.0, 0.0, 0.0, 0.125, 0.0, 0.2222, 0.125, 0.1429, 0.0, 0.0, 0.0, 0.0, 0.0, 0.0, 0.2857, 0.0909, 0.0, 0.1111, 0.0, 0.0, 0.0, 0.0, 0.125, 0.125, 0.0, 0.0, 0.0, 0.25, 0.0, 0.0, 0.125, 0.0, 0.0, 0.125, 0.1, 0.0, 0.0, 0.0, 0.0, 0.0, 0.0, 0.0, 0.0769, 0.0, 0.2, 0.0, 0.0, 0.0, 0.0, 0.2222, 0.25, 0.0, 0.0, 0.0769, 0.1667, 0.0, 0.0, 0.1, 0.0, 0.1667, 0.0, 0.0, 0.0, 0.0769, 0.1111, 0.0, 0.1111, 0.0833, 0.0, 0.0, 0.0, 0.0, 0.2, 0.0, 0.2857, 0.1429, 0.0, 0.25, 0.0, 0.0, 0.0, 0.1429, 0.1111, 0.0, 0.0, 0.125, 0.2, 0.0, 0.1429, 0.0, 0.125, 0.125, 0.0, 0.0, 0.0, 0.0, 0.0, 0.0, 0.1111, 0.0, 0.1, 0.0, 0.0, 0.1667, 0.0, 0.0, 0.1, 0.125, 0.0, 0.0, 0.0, 0.0, 0.2222, 0.2, 0.0, 0.1, 0.1667, 0.2, 0.1111, 0.0, 0.0, 0.0, 0.0909, 0.0, 0.0, 0.1818, 0.0, 0.0, 0.0, 0.0909, 0.0, 0.0, 0.2222, 0.0, 0.1111, 0.0, 0.0, 0.0909, 0.0, 0.0, 0.5, 0.0, 0.0, 0.0833, 0.4, 0.0, 0.2, 0.0, 0.0909, 0.2, 0.0, 0.3333, 0.0, 0.125]"
random,0.6,11,random,0.0635,0.0635,0.0635,0.0,5,True,127,0,294,1579,0,"[0.05, 0.0585, 0.062, 0.063, 0.0635, 0.0635, 0.0635, 0.0635, 0.0635, 0.0635, 0.0635, 0.0635, 0.0635, 0.0635, 0.0635, 0.0635, 0.0635, 0.0635, 0.0635, 0.0635, 0.0635, 0.0635, 0.0635, 0.0635, 0.0635, 0.0635, 0.0635, 0.0635, 0.0635, 0.0635, 0.0635, 0.0635, 0.0635, 0.0635, 0.0635, 0.0635, 0.0635, 0.0635, 0.0635, 0.0635, 0.0635, 0.0635, 0.0635, 0.0635, 0.0635, 0.0635, 0.0635, 0.0635, 0.0635, 0.0635, 0.0635, 0.0635, 0.0635, 0.0635, 0.0635, 0.0635, 0.0635, 0.0635, 0.0635, 0.0635, 0.0635, 0.0635, 0.0635, 0.0635, 0.0635, 0.0635, 0.0635, 0.0635, 0.0635, 0.0635, 0.0635, 0.0635, 0.0635, 0.0635, 0.0635, 0.0635, 0.0635, 0.0635, 0.0635, 0.0635, 0.0635, 0.0635, 0.0635, 0.0635, 0.0635, 0.0635, 0.0635, 0.0635, 0.0635, 0.0635, 0.0635, 0.0635, 0.0635, 0.0635, 0.0635, 0.0635, 0.0635, 0.0635, 0.0635, 0.0635, 0.0635]","{""0"": 0.0646, ""1"": 0.1271, ""2"": 0.0425, ""3"": 0.0972, ""4"": 0.0528, ""5"": 0.0649, ""6"": 0.0246, ""7"": 0.0331}","[0.1111, 0.0, 0.0, 0.0, 0.0, 0.1, 0.1818, 0.0, 0.0, 0.625, 0.1429, 0.0, 0.0, 0.1818, 0.0, 0.0, 0.0, 0.125, 0.1429, 0.0, 0.0, 0.0, 0.0, 0.0, 0.0, 0.0909, 0.0, 0.0, 0.0, 0.0, 0.0, 0.0, 0.0, 0.0, 0.0, 0.0, 0.0909, 0.0, 0.0, 0.125, 0.1, 0.0, 0.0, 0.0, 0.0, 0.0, 0.0, 0.0, 0.1667, 0.1667, 0.0, 0.1667, 0.0, 0.1111, 0.1, 0.1429, 0.0, 0.1, 0.1, 0.0, 0.0, 0.0, 0.0, 0.0, 0.1667, 0.0, 0.0, 0.0, 0.0, 0.1429, 0.1, 0.0, 0.1429, 0.0, 0.0, 0.0, 0.5714, 0.1429, 0.0, 0.0, 0.1667, 0.0, 0.0, 0.0, 0.1429, 0.1667, 0.1667, 0.0, 0.0, 0.0, 0.0, 0.1667, 0.0, 0.0, 0.0, 0.0, 0.0, 0.0, 0.1429, 0.0, 0.75, 0.1111, 0.0833, 0.0, 0.0, 0.25, 0.0, 0.1, 0.1667, 0.1, 0.1111, 0.0, 0.0909, 0.0, 0.0, 0.0, 0.0, 0.0, 0.0, 0.0, 0.0, 0.25, 0.1818, 0.0, 0.1, 0.0, 0.1111, 0.0, 0.0, 0.1429, 0.0, 0.0, 0.0769, 0.1667, 0.1, 0.0, 0.0, 0.0, 0.25, 0.1, 0.0, 0.0, 0.1, 0.1, 0.0, 0.0, 0.0, 0.0, 0.2222, 0.0, 0.0, 0.125, 0.1, 0.1111, 0.0, 0.25, 0.0, 0.0, 0.1429, 0.1111, 0.0, 0.0, 0.0, 0.1667, 0.1429, 0.0, 0.1111, 0.0, 0.0, 0.0, 0.3333, 0.0, 0.0, 0.0, 0.0, 0.0, 0.0, 0.0, 0.3333, 0.0, 0.1667, 0.0, 0.0, 0.0, 0.0, 0.0, 0.7778, 0.0, 0.1429, 0.0, 0.3333, 0.0, 0.1111, 0.0625, 0.625, 0.0667, 0.0, 0.0, 0.1111, 0.0, 0.0, 0.0, 0.2, 0.0, 0.0, 0.0, 0.1429, 0.125, 0.0, 0.0, 0.125, 0.1111, 0.0, 0.0909, 0.125, 0.0, 0.0, 0.1111, 0.1667, 0.1667, 0.1111, 0.0, 0.0, 0.0, 0.0, 0.0, 0.0, 0.0, 0.0909, 0.1111, 0.0, 0.0, 0.0, 0.0, 0.0, 0.125, 0.0, 0.0, 0.0, 0.0, 0.0, 0.0, 0.1429, 0.0, 0.1667, 0.0, 0.0, 0.0, 0.0, 0.0]"
random,0.8,0,random,0.1235,0.1235,0.1235,0.0,23,True,247,0,269,1484,0,"[0.05, 0.0645, 0.0745, 0.0855, 0.092, 0.096, 0.0995, 0.1025, 0.105, 0.106, 0.107, 0.109, 0.1105, 0.1125, 0.1145, 0.117, 0.119, 0.1195, 0.12, 0.1205, 0.1215, 0.123, 0.1235, 0.1235, 0.1235, 0.1235, 0.1235, 0.1235, 0.1235, 0.1235, 0.1235, 0.1235, 0.1235, 0.1235, 0.1235, 0.1235, 0.1235, 0.1235, 0.1235, 0.1235, 0.1235, 0.1235, 0.1235, 0.1235, 0.1235, 0.1235, 0.1235, 0.1235, 0.1235, 0.1235, 0.1235, 0.1235, 0.1235, 0.1235, 0.1235, 0.1235, 0.1235, 0.1235, 0.1235, 0.1235, 0.1235, 0.1235, 0.1235, 0.1235, 0.1235, 0.1235, 0.1235, 0.1235, 0.1235, 0.1235, 0.1235, 0.1235, 0.1235, 0.1235, 0.1235, 0.1235, 0.1235, 0.1235, 0.1235, 0.1235, 0.1235, 0.1235, 0.1235, 0.1235, 0.1235, 0.1235, 0.1235, 0.1235, 0.1235, 0.1235, 0.1235, 0.1235, 0.1235, 0.1235, 0.1235, 0.1235, 0.1235, 0.1235, 0.1235, 0.1235, 0.1235]","{""0"": 0.1377, ""1"": 0.0571, ""2"": 0.0736, ""3"": 0.0644, ""4"": 0.2112, ""5"": 0.1468, ""6"": 0.0197, ""7"": 0.2915}","[0.2222, 0.0, 0.1111, 0.1111, 0.1429, 0.0, 0.2, 0.0, 0.9231, 0.0, 0.2857, 0.1111, 0.0, 0.0, 0.0, 0.0, 1.0, 0.1429, 0.125, 0.1667, 0.0, 0.0, 0.0, 0.0, 0.8571, 0.0, 0.0, 0.1429, 0.1, 0.1111, 0.0, 0.0, 1.0, 0.2, 0.1111, 0.1818, 0.1, 0.1, 0.0909, 0.0, 1.0, 0.8462, 0.0, 0.2, 0.125, 0.0, 0.0, 0.0, 1.0, 1.0, 0.0, 0.1818, 0.1429, 0.1667, 0.1667, 0.0, 1.0, 0.875, 0.0, 0.0, 0.0, 0.0, 0.2, 0.1667, 0.8571, 0.2, 0.2222, 0.0, 0.0, 0.1, 0.0, 0.1667, 0.0, 0.0, 0.0, 0.0, 0.0, 0.0833, 0.0, 0.0, 0.0, 0.0, 0.0, 0.0, 0.0, 0.6667, 0.1667, 0.0, 0.0, 0.0, 0.1429, 0.0, 0.0, 1.0, 0.0, 0.0, 0.0, 0.0, 0.0, 0.0, 0.0, 0.7778, 0.0, 0.0, 0.0, 0.2222, 0.0, 0.1111, 0.1429, 1.0, 0.9091, 0.0, 0.0, 0.0, 0.0, 0.125, 0.0, 0.8333, 1.0, 0.0, 0.2222, 0.0, 0.0, 0.0, 0.125, 0.5714, 0.8333, 0.0, 0.0, 0.1667, 0.1818, 0.0, 0.1111, 0.5, 0.3333, 0.0, 0.3333, 0.2, 0.0, 0.0, 0.0, 0.0, 0.125, 0.0, 0.0, 0.0, 0.0, 0.0, 0.2857, 0.0, 0.0, 0.25, 0.1111, 0.0, 0.0, 0.1, 0.0, 0.4286, 0.1429, 0.0, 0.0, 0.1429, 0.1429, 0.0, 0.0, 0.0, 0.0, 0.0, 0.0, 0.0, 0.0, 0.0, 0.0, 0.0, 0.0909, 0.0, 0.2, 0.0, 0.1111, 0.1111, 0.0, 0.1667, 0.0, 0.0, 0.0714, 0.1429, 0.0, 0.0, 0.0, 0.0, 0.0, 0.0, 0.0833, 0.0, 0.0, 0.0909, 0.1111, 0.0, 0.0, 0.0, 0.0, 0.0, 0.0, 0.0, 0.2, 0.0, 0.2, 0.0, 0.0, 0.0, 0.0, 0.1429, 0.0, 0.0, 0.0, 0.0, 0.1667, 0.0, 0.0, 0.0, 0.2, 0.0, 0.1667, 0.0, 0.0, 0.0, 0.0, 0.125, 0.0, 0.3333, 0.0, 0.0, 0.0, 0.0, 0.1667, 0.0, 0.1, 0.0, 0.2857, 0.0769, 0.2222, 0.0, 0.1, 0.25, 0.0, 0.0, 0.0, 0.125, 0.75, 0.0]"
random,0.8,1,random,0.155,0.155,0.155,0.0,16,True,310,0,295,1395,0,"[0.05, 0.0665, 0.079, 0.088, 0.097, 0.1085, 0.118, 0.1245, 0.1295, 0.138, 0.1425, 0.147, 0.1495, 0.152, 0.154, 0.155, 0.155, 0.155, 0.155, 0.155, 0.155, 0.155, 0.155, 0.155, 0.155, 0.155, 0.155, 0.155, 0.155, 0.155, 0.155, 0.155, 0.155, 0.155, 0.155, 0.155, 0.155, 0.155, 0.155, 0.155, 0.155, 0.155, 0.155, 0.155, 0.155, 0.155, 0.155, 0.155, 0.155, 0.155, 0.155, 0.155, 0.155, 0.155, 0.155, 0.155, 0.155, 0.155, 0.155, 0.155, 0.155, 0.155, 0.155, 0.155, 0.155, 0.155, 0.155, 0.155, 0.155, 0.155, 0.155, 0.155, 0.155, 0.155, 0.155, 0.155, 0.155, 0.155, 0.155, 0.155, 0.155, 0.155, 0.155, 0.155, 0.155, 0.155, 0.155, 0.155, 0.155, 0.155, 0.155, 0.155, 0.155, 0.155, 0.155, 0.155, 0.155, 0.155, 0.155, 0.155, 0.155]","{""0"": 0.1323, ""1"": 0.0506, ""2"": 0.0649, ""3"": 0.1453, ""4"": 0.176, ""5"": 0.243, ""6"": 0.0984, ""7"": 0.3182}","[0.0, 0.0, 0.0, 0.0, 0.5, 0.125, 0.7, 0.4286, 0.2, 0.0, 0.0, 0.0, 0.75, 0.0, 0.8333, 0.7, 0.125, 0.0, 0.0, 0.0, 1.0, 0.125, 1.0, 0.1111, 0.0, 0.0, 0.0, 0.0, 0.875, 0.0, 0.7143, 0.0, 0.0714, 0.1538, 0.0, 0.0, 0.0, 0.0, 0.4, 0.0, 0.0, 0.125, 0.0, 0.0, 0.0, 0.0, 0.125, 0.0833, 0.5714, 0.4, 0.125, 0.0, 0.0, 0.2, 0.0, 0.0, 0.9, 0.0, 0.0, 0.0, 0.0, 0.0, 0.0, 0.2222, 0.8571, 0.0, 0.1667, 0.0, 0.0, 0.0, 0.0, 0.1111, 0.8182, 0.1429, 0.1429, 0.0, 0.125, 0.2857, 0.0, 0.0, 1.0, 0.0, 0.0, 0.0, 0.0, 0.125, 0.0, 0.0, 0.5556, 0.0, 0.2, 0.0, 0.0, 0.1667, 0.1111, 0.0, 1.0, 0.0, 0.1429, 0.25, 0.1111, 0.0, 0.0, 0.0, 0.8889, 0.0, 0.0, 0.125, 0.0, 0.0, 0.4444, 0.0, 1.0, 0.0769, 0.1429, 0.125, 0.2, 0.0, 0.0, 0.0909, 0.6667, 0.2, 0.0, 0.0909, 0.1, 0.1429, 0.0, 0.0, 0.1, 0.4, 0.0, 0.0, 0.125, 0.0, 0.0, 0.1667, 0.0, 1.0, 0.0, 0.0, 0.4286, 0.2727, 0.25, 0.125, 0.0, 1.0, 0.0, 0.125, 0.3333, 0.875, 0.0, 0.1429, 0.0, 0.0, 0.0, 0.0, 0.0, 0.8889, 0.1429, 0.0, 0.1111, 0.0, 0.0, 0.1, 0.0, 1.0, 0.0, 0.0, 0.1429, 0.1429, 0.25, 0.3077, 0.0, 1.0, 0.0, 0.1667, 0.0909, 0.0, 0.0, 0.0909, 0.1667, 0.4, 0.1667, 0.0, 0.1429, 0.1111, 0.0, 0.0, 0.0, 0.0, 0.0833, 0.0, 0.125, 0.0, 0.0, 0.0, 0.0, 0.0, 0.0, 0.0, 0.25, 0.0, 0.0, 0.0, 0.0, 0.0909, 0.875, 0.0, 0.1, 0.0, 0.125, 0.0, 0.0, 0.0833, 0.2, 0.0, 0.0, 0.0, 0.0, 0.2, 0.0, 0.1111, 0.0833, 0.1, 0.0, 0.2, 0.1667, 0.0, 0.0, 0.0, 0.2, 0.0, 0.3333, 0.0, 0.0, 0.25, 0.1667, 0.1111, 0.5, 0.0, 0.0, 0.1667, 0.2, 0.1111, 0.0, 0.0, 1.0, 0.3333, 0.0, 0.0]"
random,0.8,2,random,0.11,0.11,0.11,-0.0,12,True,220,0,266,1514,0,"[0.05, 0.069, 0.0765, 0.085, 0.0895, 0.094, 0.0995, 0.103, 0.107, 0.109, 0.1095, 0.11, 0.11, 0.11, 0.11, 0.11, 0.11, 0.11, 0.11, 0.11, 0.11, 0.11, 0.11, 0.11, 0.11, 0.11, 0.11, 0.11, 0.11, 0.11, 0.11, 0.11, 0.11, 0.11, 0.11, 0.11, 0.11, 0.11, 0.11, 0.11, 0.11, 0.11, 0.11, 0.11, 0.11, 0.11, 0.11, 0.11, 0.11, 0.11, 0.11, 0.11, 0.11, 0.11, 0.11, 0.11, 0.11, 0.11, 0.11, 0.11, 0.11, 0.11, 0.11, 0.11, 0.11, 0.11, 0.11, 0.11, 0.11, 0.11, 0.11, 0.11, 0.11, 0.11, 0.11, 0.11, 0.11, 0.11, 0.11, 0.11, 0.11, 0.11, 0.11, 0.11, 0.11, 0.11, 0.11, 0.11, 0.11, 0.11, 0.11, 0.11, 0.11, 0.11, 0.11, 0.11, 0.11, 0.11, 0.11, 0.11, 0.11]","{""0"": 0.0873, ""1"": 0.075, ""2"": 0.1802, ""3"": 0.1186, ""4"": 0.0579, ""5"": 0.1107, ""6"": 0.1818, ""7"": 0.0591}","[0.1111, 0.4, 0.0, 0.0, 0.6, 0.0, 0.0, 0.0, 0.0, 0.0, 0.0, 0.5455, 0.0, 0.0, 0.0, 0.0, 0.0, 0.2, 0.125, 0.125, 0.0, 0.0, 0.0, 0.0, 0.0, 0.0, 0.0, 0.7, 0.0, 0.0909, 0.0, 0.0, 0.125, 0.0, 0.0, 0.1111, 0.0, 0.0, 0.0, 0.0667, 0.1111, 0.0, 0.1111, 0.0, 0.0, 0.0, 0.0, 0.0, 0.0, 0.0, 0.4286, 0.0, 0.0, 0.0, 0.0, 0.0, 0.0, 0.0, 0.0, 0.25, 0.0, 0.0, 0.25, 0.0, 0.1429, 0.0, 0.0, 0.0, 0.3333, 0.0, 0.1111, 0.1429, 0.1429, 0.2857, 0.0, 0.0, 0.0, 0.0, 0.8889, 0.1429, 0.1429, 0.1, 0.1429, 0.0, 0.0, 0.1667, 1.0, 0.0, 0.0, 0.0, 0.0, 0.0, 1.0, 0.0, 0.4286, 0.0, 0.1, 0.0, 0.25, 0.0, 0.0, 0.0, 0.0, 0.0, 0.0, 0.0, 0.0909, 0.125, 0.0, 0.0, 0.0, 0.0, 0.0, 0.0, 0.0, 0.1429, 0.0, 0.2, 0.0, 0.125, 0.0, 0.2857, 0.0, 0.1, 0.0, 0.0, 0.0, 0.0, 0.1111, 0.1111, 0.0, 0.0, 0.1429, 0.0, 0.1538, 0.0, 0.0, 0.2, 0.0, 0.0, 0.2, 0.25, 0.0, 0.0, 0.0, 0.0, 0.1111, 0.125, 0.1111, 0.125, 0.0, 0.0, 0.0, 0.0909, 0.0, 0.875, 0.0, 0.0, 0.0, 0.0, 0.0, 0.1667, 0.0, 1.0, 0.0, 0.125, 0.125, 0.2, 0.1, 0.0, 0.0, 0.9, 0.0, 0.0, 0.0, 0.0, 0.125, 0.0, 0.2857, 0.0, 0.0, 0.0, 0.0, 0.0, 0.0, 0.1667, 0.0769, 0.0, 0.1667, 0.0, 0.0, 0.5714, 0.0, 0.0, 0.0, 0.0, 0.0, 0.0, 0.0, 1.0, 0.0, 0.0909, 0.25, 0.0, 0.0, 0.0, 0.0, 1.0, 0.1667, 0.5, 0.2857, 0.0, 0.1111, 0.1111, 0.0, 0.8, 0.1429, 0.0, 0.0, 0.125, 0.1429, 0.0, 0.0, 0.9, 0.2, 0.1429, 0.125, 0.0833, 0.125, 0.0, 0.1667, 0.875, 0.125, 0.0, 0.0, 0.2857, 0.1429, 0.2222, 0.1429, 0.0, 0.0, 0.0909, 0.0, 0.1667, 0.9, 0.5, 0.0, 0.2, 0.0, 0.1]"
random,0.8,3,random,0.15,0.15,0.15,0.0,30,True,300,0,280,1420,0,"[0.05, 0.0635, 0.0705, 0.0765, 0.0825, 0.09, 0.098, 0.107, 0.1125, 0.115, 0.1165, 0.1185, 0.1215, 0.124, 0.126, 0.128, 0.1295, 0.131, 0.1335, 0.1365, 0.1375, 0.139, 0.141, 0.1415, 0.142, 0.1435, 0.145, 0.1465, 0.149, 0.15, 0.15, 0.15, 0.15, 0.15, 0.15, 0.15, 0.15, 0.15, 0.15, 0.15, 0.15, 0.15, 0.15, 0.15, 0.15, 0.15, 0.15, 0.15, 0.15, 0.15, 0.15, 0.15, 0.15, 0.15, 0.15, 0.15, 0.15, 0.15, 0.15, 0.15, 0.15, 0.15, 0.15, 0.15, 0.15, 0.15, 0.15, 0.15, 0.15, 0.15, 0.15, 0.15, 0.15, 0.15, 0.15, 0.15, 0.15, 0.15, 0.15, 0.15, 0.15, 0.15, 0.15, 0.15, 0.15, 0.15, 0.15, 0.15, 0.15, 0.15, 0.15, 0.15, 0.15, 0.15, 0.15, 0.15, 0.15, 0.15, 0.15, 0.15, 0.15]","{""0"": 0.069, ""1"": 0.0327, ""2"": 0.0803, ""3"": 0.2179, ""4"": 0.6349, ""5"": 0.05, ""6"": 0.0655, ""7"": 0.0635}","[0.2222, 0.1, 0.0, 0.125, 0.0, 0.0, 0.0, 0.1429, 0.0, 0.0, 0.1111, 0.125, 0.0, 0.125, 0.0, 0.0, 0.3333, 0.0, 0.0, 0.0, 0.0, 1.0, 0.1429, 0.0, 0.0, 0.125, 0.0, 0.1111, 0.0, 1.0, 0.125, 0.0, 0.0, 0.0, 0.1667, 0.2, 0.1111, 0.8, 0.1667, 0.0, 0.0, 0.0, 0.1, 0.0, 0.0, 1.0, 0.0, 0.0, 0.0, 0.0, 0.0, 0.0, 0.0, 0.9167, 0.0, 0.0, 0.0769, 0.0, 0.0769, 0.1111, 0.1111, 1.0, 0.1429, 0.0, 0.0, 0.1818, 0.1667, 0.0, 0.0, 0.8333, 0.0, 0.0, 0.0, 0.0, 0.0, 0.0, 0.3636, 0.0, 0.0, 0.0, 0.1667, 0.2857, 0.0, 0.125, 0.0, 0.125, 0.125, 0.0, 0.0, 0.0769, 0.0, 0.0, 0.2857, 1.0, 0.0, 0.0, 0.0, 0.0, 0.0, 0.1, 0.0, 0.7692, 0.0, 0.0, 0.0, 0.0, 0.0, 0.0, 0.0, 1.0, 0.0833, 0.0, 0.0, 0.1111, 0.125, 0.0, 0.0, 1.0, 0.0, 0.1111, 0.0, 0.0, 0.0, 0.125, 0.0, 1.0, 0.0769, 0.0, 0.0, 0.0, 0.0, 0.2727, 0.0, 0.875, 0.0, 0.0, 0.1111, 0.0, 0.0, 0.0, 0.0, 0.75, 0.0, 0.0, 0.0, 0.1667, 0.0, 0.0909, 0.0, 0.8333, 0.125, 0.2, 0.0, 0.0, 0.125, 0.0, 0.0, 0.1111, 0.0, 0.0, 0.0, 0.2727, 0.0, 0.1538, 0.1667, 0.0, 0.0, 0.0, 0.2, 0.0, 0.0, 0.0, 0.9, 0.3333, 0.2, 0.3333, 0.4167, 0.0, 0.0, 0.25, 1.0, 0.8, 0.0, 0.1667, 0.0, 0.0, 0.0, 0.0, 0.75, 0.9, 0.0, 0.0, 0.1, 0.0833, 0.0, 0.0, 0.8333, 1.0, 0.1111, 0.1111, 0.0, 0.0, 0.0, 0.1667, 0.7692, 0.8571, 0.1538, 0.1111, 0.0, 0.0, 0.0, 0.0, 0.7143, 0.75, 0.0, 0.0, 0.0, 0.0, 0.0, 0.1429, 0.375, 1.0, 0.0, 0.0, 0.25, 0.3, 0.0, 0.0, 0.1, 0.0, 0.0, 0.0, 0.0, 0.0, 0.0714, 0.3333, 0.0, 0.0, 0.0, 0.1, 0.0, 0.1111, 0.0, 0.0833, 0.2857, 0.1429, 0.0, 0.7143, 0.125, 0.125]"
random,0.8,4,random,0.0835,0.0835,0.0835,0.0,14,True,167,0,299,1534,0,"[0.05, 0.063, 0.067, 0.0705, 0.0725, 0.074, 0.0755, 0.0765, 0.077, 0.0775, 0.0785, 0.0795, 0.081, 0.0835, 0.0835, 0.0835, 0.0835, 0.0835, 0.0835, 0.0835, 0.0835, 0.0835, 0.0835, 0.0835, 0.0835, 0.0835, 0.0835, 0.0835, 0.0835, 0.0835, 0.0835, 0.0835, 0.0835, 0.0835, 0.0835, 0.0835, 0.0835, 0.0835, 0.0835, 0.0835, 0.0835, 0.0835, 0.0835, 0.0835, 0.0835, 0.0835, 0.0835, 0.0835, 0.0835, 0.0835, 0.0835, 0.0835, 0.0835, 0.0835, 0.0835, 0.0835, 0.0835, 0.0835, 0.0835, 0.0835, 0.0835, 0.0835, 0.0835, 0.0835, 0.0835, 0.0835, 0.0835, 0.0835, 0.0835, 0.0835, 0.0835, 0.0835, 0.0835, 0.0835, 0.0835, 0.0835, 0.0835, 0.0835, 0.0835, 0.0835, 0.0835, 0.0835, 0.0835, 0.0835, 0.0835, 0.0835, 0.0835, 0.0835, 0.0835, 0.0835, 0.0835, 0.0835, 0.0835, 0.0835, 0.0835, 0.0835, 0.0835, 0.0835, 0.0835, 0.0835, 0.0835]","{""0"": 0.0607, ""1"": 0.2, ""2"": 0.0606, ""3"": 0.0425, ""4"": 0.0653, ""5"": 0.0913, ""6"": 0.061, ""7"": 0.0782}","[0.0, 0.0, 0.8571, 0.0, 0.0, 0.0833, 0.0, 0.0, 0.0, 0.0, 1.0, 0.1429, 0.1111, 0.0, 0.125, 0.0, 0.1, 0.0, 0.75, 0.4, 0.0, 0.1429, 0.0, 0.0, 0.2, 0.0, 1.0, 0.0, 0.0, 0.0, 0.0, 0.0, 0.1818, 0.0, 1.0, 0.0, 0.0, 0.0, 0.1, 0.2222, 0.2, 0.25, 0.1, 0.2, 0.0, 0.1818, 0.0, 0.2, 0.0, 0.0, 0.5455, 0.1667, 0.0, 0.125, 0.0, 0.1, 0.0, 0.0, 0.0, 0.0, 0.1, 0.2222, 0.0, 0.3333, 0.0, 0.0, 0.125, 0.1111, 0.0, 0.0833, 0.0714, 0.0, 0.0, 0.0, 0.0, 0.0, 0.0769, 0.0, 0.1818, 0.0, 0.1111, 0.125, 0.0909, 0.0, 0.3333, 0.0, 0.0, 0.0, 0.0, 0.3333, 0.1111, 0.0, 0.125, 0.1667, 0.0, 0.0, 0.0, 0.0, 0.0, 0.1111, 0.0, 0.0, 0.0, 0.0, 0.0, 0.0, 0.0, 0.0, 0.0, 0.0, 0.2, 0.1667, 0.1111, 0.0, 0.1429, 0.0, 0.0, 0.0, 0.1429, 0.1111, 0.0, 0.1429, 0.1667, 0.0, 0.0, 0.2, 0.2222, 0.125, 0.125, 0.1429, 0.1667, 0.1667, 0.0, 0.0, 0.0, 0.0, 0.0, 0.1818, 0.0, 0.2222, 0.0, 0.2222, 0.1, 0.125, 0.0, 0.0, 0.125, 0.0, 0.0, 0.0, 0.5556, 0.1, 0.7143, 0.125, 0.0, 0.0, 0.0, 0.0, 0.1, 0.0, 0.0, 0.1111, 0.0, 0.0, 0.0909, 0.0, 0.1429, 0.0, 0.0, 0.0, 0.0, 0.1111, 0.0, 0.0, 0.1429, 0.0, 0.0, 0.125, 0.0, 0.0, 0.0, 0.0, 0.125, 0.0, 0.0, 0.0, 0.0, 0.0, 0.125, 0.0, 0.1111, 0.1111, 0.0, 0.125, 0.0, 0.0, 0.0, 0.1111, 0.0, 0.0, 0.1667, 0.0, 0.0, 0.0, 0.0, 0.0, 0.0, 0.25, 0.1111, 0.0, 0.0, 0.0, 0.0909, 0.0, 0.0909, 0.0, 0.0, 0.2, 0.0, 0.1667, 0.0, 0.0, 0.0, 0.0, 0.1429, 0.1429, 0.0909, 0.0, 0.1667, 0.0, 0.2222, 0.0, 0.2, 0.0, 0.1667, 0.0, 0.1, 0.1818, 0.1429, 0.0, 0.0, 0.0, 0.0, 0.0, 0.0, 0.0, 0.0, 0.1429, 0.1667, 0.0]"
random,0.8,5,random,0.07,0.07,0.07,-0.0,4,True,140,0,261,1599,0,"[0.05, 0.063, 0.066, 0.07, 0.07, 0.07, 0.07, 0.07, 0.07, 0.07, 0.07, 0.07, 0.07, 0.07, 0.07, 0.07, 0.07, 0.07, 0.07, 0.07, 0.07, 0.07, 0.07, 0.07, 0.07, 0.07, 0.07, 0.07, 0.07, 0.07, 0.07, 0.07, 0.07, 0.07, 0.07, 0.07, 0.07, 0.07, 0.07, 0.07, 0.07, 0.07, 0.07, 0.07, 0.07, 0.07, 0.07, 0.07, 0.07, 0.07, 0.07, 0.07, 0.07, 0.07, 0.07, 0.07, 0.07, 0.07, 0.07, 0.07, 0.07, 0.07, 0.07, 0.07, 0.07, 0.07, 0.07, 0.07, 0.07, 0.07, 0.07, 0.07, 0.07, 0.07, 0.07, 0.07, 0.07, 0.07, 0.07, 0.07, 0.07, 0.07, 0.07, 0.07, 0.07, 0.07, 0.07, 0.07, 0.07, 0.07, 0.07, 0.07, 0.07, 0.07, 0.07, 0.07, 0.07, 0.07, 0.07, 0.07, 0.07]","{""0"": 0.0898, ""1"": 0.0913, ""2"": 0.049, ""3"": 0.1, ""4"": 0.062, ""5"": 0.0395, ""6"": 0.0502, ""7"": 0.0802}","[0.1111, 0.0, 0.1667, 0.1429, 0.2222, 0.0, 0.1429, 0.0, 0.1111, 0.0769, 0.0, 0.1429, 0.1, 0.0, 0.0, 0.0, 0.0, 0.0, 0.0, 0.0, 0.0, 0.0, 0.0, 0.0, 0.25, 0.0, 0.0, 0.125, 0.0833, 0.2, 0.0, 0.3333, 0.25, 0.125, 0.2222, 0.0, 0.0, 0.2727, 0.0, 0.1111, 0.0, 0.4, 0.0, 0.125, 0.0, 0.1, 0.125, 0.0, 0.0, 0.1, 0.1111, 0.75, 0.0, 0.0, 0.0, 0.0, 0.0, 0.0, 0.0, 0.0, 0.0, 0.0, 0.0, 0.0, 0.1111, 0.0, 0.0, 0.0, 0.25, 0.0, 0.0, 0.0909, 0.0, 0.0, 0.0, 0.0, 0.0, 0.1, 0.0, 0.0, 0.125, 0.0909, 0.0, 0.125, 0.0, 0.0, 0.1, 0.0, 0.0, 0.0, 0.0, 0.0, 0.3333, 0.125, 0.1111, 0.0, 0.0, 0.0, 0.2857, 0.0, 0.1, 0.0, 0.1, 0.0, 0.0, 0.0, 0.2, 0.0, 0.25, 0.0, 0.1333, 0.0, 0.0, 0.0, 0.0, 0.0, 0.1111, 0.1429, 0.0, 0.2, 0.4286, 0.0, 0.125, 0.0, 0.0, 0.0, 0.0, 0.1111, 0.5, 0.7143, 0.2222, 0.0, 0.1667, 0.1111, 0.0, 0.0, 0.25, 0.0, 0.2857, 0.0, 0.1, 0.0, 0.0, 0.0, 0.0769, 0.1111, 0.1111, 0.0, 0.0, 0.0, 0.0, 0.0, 0.3333, 0.25, 0.0, 0.0, 0.1429, 0.0, 0.0, 0.0, 0.0, 0.2222, 0.125, 0.0, 0.0, 0.1, 0.0, 0.0, 0.0, 0.4, 0.1111, 0.0, 0.0, 0.0714, 0.1667, 0.0, 0.0, 0.1111, 0.1, 0.0, 0.3333, 0.0, 0.0, 0.0, 0.0, 0.25, 0.0, 0.1, 0.1429, 0.0588, 0.0, 0.6667, 0.1818, 0.0, 0.0909, 0.0, 0.2857, 0.0, 0.0, 0.1667, 0.0, 0.0, 0.0, 0.0, 0.5, 0.125, 0.0833, 0.0, 0.0, 0.0, 0.0, 0.0, 0.125, 0.1, 0.0, 0.0, 0.0, 0.0, 0.0, 0.0, 0.1429, 0.1111, 0.1429, 0.0, 0.0, 0.0, 0.1111, 0.0, 0.0, 0.1, 0.0, 0.0, 0.0, 0.1429, 0.2857, 0.0, 0.0, 0.0, 0.0, 0.2857, 0.0, 0.0, 0.0, 0.0, 0.0, 0.0, 0.0, 0.1111, 0.0833, 0.1429]"
random,0.8,6,random,0.2265,0.2265,0.2265,0.0,27,True,453,0,274,1273,0,"[0.05, 0.066, 0.0785, 0.0885, 0.0995, 0.11, 0.1205, 0.1305, 0.1385, 0.1475, 0.155, 0.1645, 0.1725, 0.1815, 0.1885, 0.195, 0.201, 0.2045, 0.21, 0.2145, 0.219, 0.222, 0.2235, 0.224, 0.2245, 0.226, 0.2265, 0.2265, 0.2265, 0.2265, 0.2265, 0.2265, 0.2265, 0.2265, 0.2265, 0.2265, 0.2265, 0.2265, 0.2265, 0.2265, 0.2265, 0.2265, 0.2265, 0.2265, 0.2265, 0.2265, 0.2265, 0.2265, 0.2265, 0.2265, 0.2265, 0.2265, 0.2265, 0.2265, 0.2265, 0.2265, 0.2265, 0.2265, 0.2265, 0.2265, 0.2265, 0.2265, 0.2265, 0.2265, 0.2265, 0.2265, 0.2265, 0.2265, 0.2265, 0.2265, 0.2265, 0.2265, 0.2265, 0.2265, 0.2265, 0.2265, 0.2265, 0.2265, 0.2265, 0.2265, 0.2265, 0.2265, 0.2265, 0.2265, 0.2265, 0.2265, 0.2265, 0.2265, 0.2265, 0.2265, 0.2265, 0.2265, 0.2265, 0.2265, 0.2265, 0.2265, 0.2265, 0.2265, 0.2265, 0.2265, 0.2265]","{""0"": 0.3538, ""1"": 0.1985, ""2"": 0.0498, ""3"": 0.2766, ""4"": 0.1934, ""5"": 0.3164, ""6"": 0.0565, ""7"": 0.3309}","[0.4444, 0.75, 0.2857, 0.125, 0.0, 0.625, 1.0, 0.0, 0.2222, 0.1667, 0.75, 0.0, 0.0, 1.0, 1.0, 0.0, 0.0, 0.0, 0.1429, 0.125, 0.0833, 1.0, 0.8333, 0.0, 0.0, 0.0, 0.0, 0.0, 1.0, 1.0, 0.9231, 0.2, 0.0, 0.0, 0.8333, 0.0, 1.0, 0.6667, 1.0, 0.0, 0.0, 0.0, 0.875, 0.0, 1.0, 0.0, 0.8889, 0.0, 1.0, 0.1429, 1.0, 0.0, 1.0, 0.0, 0.1818, 0.2, 0.9091, 0.3, 0.75, 0.125, 0.5, 0.0, 0.0, 0.0909, 1.0, 0.25, 0.9, 0.0, 0.9231, 0.1111, 0.0, 0.0, 1.0, 0.0, 0.8, 0.125, 0.8571, 0.0, 0.3, 0.0, 0.875, 0.0, 0.0, 0.0, 0.8333, 0.0, 0.0, 0.0, 0.7273, 0.0, 0.0, 0.0, 0.0, 0.0, 0.1667, 0.375, 1.0, 0.125, 0.0, 0.1429, 0.1111, 0.1429, 0.0, 0.0, 0.875, 0.8, 0.0, 0.0, 0.0, 0.0, 0.0, 0.0, 0.0, 0.875, 0.0769, 0.0, 0.2857, 0.0, 0.1667, 0.0, 0.0, 1.0, 0.0, 0.3, 0.0, 0.0, 0.0, 0.125, 0.0, 0.9, 0.0, 0.0, 0.0, 0.0, 0.0, 0.0, 0.125, 1.0, 0.0, 0.1111, 0.1429, 0.0, 0.0, 0.125, 0.4444, 1.0, 0.0, 0.0, 0.1111, 0.0, 0.0, 0.0, 0.0, 0.8889, 0.0, 0.1111, 0.0, 0.1111, 0.0, 0.1429, 0.0769, 0.8462, 0.0, 0.0, 0.0, 0.1818, 0.0, 0.0, 0.0, 0.9091, 0.0, 0.1429, 0.0, 0.0, 0.1667, 0.125, 0.0, 0.75, 0.0, 0.0, 0.4444, 0.1, 0.0, 0.0, 0.1111, 0.2, 0.0, 0.0, 0.0, 0.0, 0.0, 0.0, 0.0, 0.0, 0.0, 0.0, 0.0, 0.1429, 0.0, 0.0, 0.0, 0.0, 0.2143, 0.0, 0.0, 0.0, 0.1, 0.0, 0.0, 0.0, 0.0, 0.0, 0.0, 0.8889, 0.0, 0.1429, 0.2, 0.0, 0.0, 0.0, 0.0, 0.0, 0.6667, 0.0, 0.0, 0.0, 0.1111, 0.0, 0.1667, 0.1111, 0.875, 0.1667, 0.1429, 0.1111, 0.1, 0.0, 0.1111, 0.0, 1.0, 0.0, 0.1, 0.0, 0.0, 0.0909, 0.0, 0.125, 0.8571, 0.0, 0.375, 0.2222]"
random,0.8,7,random,0.145,0.145,0.145,0.0,16,True,290,0,275,1435,0,"[0.05, 0.0665, 0.074, 0.0805, 0.0905, 0.0975, 0.103, 0.113, 0.123, 0.1275, 0.1325, 0.135, 0.1385, 0.143, 0.144, 0.145, 0.145, 0.145, 0.145, 0.145, 0.145, 0.145, 0.145, 0.145, 0.145, 0.145, 0.145, 0.145, 0.145, 0.145, 0.145, 0.145, 0.145, 0.145, 0.145, 0.145, 0.145, 0.145, 0.145, 0.145, 0.145, 0.145, 0.145, 0.145, 0.145, 0.145, 0.145, 0.145, 0.145, 0.145, 0.145, 0.145, 0.145, 0.145, 0.145, 0.145, 0.145, 0.145, 0.145, 0.145, 0.145, 0.145, 0.145, 0.145, 0.145, 0.145, 0.145, 0.145, 0.145, 0.145, 0.145, 0.145, 0.145, 0.145, 0.145, 0.145, 0.145, 0.145, 0.145, 0.145, 0.145, 0.145, 0.145, 0.145, 0.145, 0.145, 0.145, 0.145, 0.145, 0.145, 0.145, 0.145, 0.145, 0.145, 0.145, 0.145, 0.145, 0.145, 0.145, 0.145, 0.145]","{""0"": 0.0553, ""1"": 0.3476, ""2"": 0.0669, ""3"": 0.0492, ""4"": 0.0597, ""5"": 0.4776, ""6"": 0.0655, ""7"": 0.0659}","[0.2222, 0.0, 0.6, 0.0, 0.1667, 0.0, 0.1111, 0.0, 0.0, 0.0, 1.0, 0.0, 0.0, 0.0833, 0.0909, 0.125, 0.0, 0.0769, 0.7778, 0.0, 0.0, 0.0, 0.25, 0.0, 0.1111, 0.375, 1.0, 0.0, 0.0, 0.0, 0.1667, 0.125, 0.0, 0.0909, 0.0, 0.0, 0.0, 0.0, 0.125, 0.0, 0.1, 0.125, 0.0, 0.0, 0.2857, 0.0, 0.5, 0.0, 0.0, 0.0, 0.0, 0.0, 0.0, 0.0, 1.0, 0.0, 0.0, 0.1, 0.2, 0.0, 0.0, 0.0, 1.0, 0.0, 0.0, 0.0, 0.125, 0.0, 0.0, 0.0, 0.8889, 0.3333, 0.25, 0.0, 0.0, 0.4167, 0.0, 0.0, 0.625, 0.125, 0.4286, 0.0, 0.5, 0.0, 0.5, 0.0, 0.8333, 0.2222, 0.1111, 0.1667, 1.0, 0.0, 0.0, 0.0, 1.0, 0.0, 0.0, 0.0, 1.0, 0.1, 0.1, 0.1429, 1.0, 0.0, 0.1, 0.0, 0.6667, 0.0, 0.0, 0.0, 1.0, 0.1429, 0.1429, 0.1818, 1.0, 0.25, 0.25, 0.0, 1.0, 0.125, 0.0, 0.0, 0.875, 0.0769, 0.0, 0.0, 0.1176, 0.1429, 0.0, 0.0, 0.625, 0.0, 0.0, 0.1429, 0.0, 0.0, 0.125, 0.0, 0.5, 0.0, 0.0, 0.0, 0.0909, 0.0, 0.0, 0.0, 0.0, 0.0, 0.0, 0.0, 0.1429, 0.0, 0.0, 0.0, 0.1111, 0.1, 0.0, 0.0909, 1.0, 0.1111, 0.0, 0.0, 0.0, 0.0, 0.0, 0.1818, 1.0, 0.1818, 0.0, 0.0, 0.0, 0.0, 0.0, 0.0, 1.0, 0.3333, 0.0, 0.0, 0.0, 0.0, 0.1, 0.1, 1.0, 0.0, 0.0, 0.125, 0.0, 0.0, 0.0, 0.0833, 0.8333, 0.0, 0.1667, 0.1429, 0.0769, 0.1429, 0.0, 0.1818, 0.8889, 0.0, 0.0, 0.0, 0.3333, 0.1667, 0.1111, 0.0, 0.0, 0.0, 0.0, 0.0, 0.0, 0.0, 0.0, 0.1111, 0.0, 0.0, 0.0, 0.2857, 0.3333, 0.125, 0.0, 0.0, 0.1429, 0.1111, 0.0, 0.0, 1.0, 0.0, 0.0, 0.125, 0.0, 0.0, 0.1111, 0.0, 0.0, 0.2, 0.0, 0.0, 0.1, 0.2, 0.2, 0.0, 0.75, 0.1, 0.125, 0.3333, 0.0, 0.0, 0.2, 0.0]"
random,0.8,8,random,0.1305,0.1305,0.1305,0.0,14,True,261,0,286,1453,0,"[0.05, 0.068, 0.0805, 0.0905, 0.099, 0.106, 0.1105, 0.1145, 0.1185, 0.123, 0.126, 0.1275, 0.13, 0.1305, 0.1305, 0.1305, 0.1305, 0.1305, 0.1305, 0.1305, 0.1305, 0.1305, 0.1305, 0.1305, 0.1305, 0.1305, 0.1305, 0.1305, 0.1305, 0.1305, 0.1305, 0.1305, 0.1305, 0.1305, 0.1305, 0.1305, 0.1305, 0.1305, 0.1305, 0.1305, 0.1305, 0.1305, 0.1305, 0.1305, 0.1305, 0.1305, 0.1305, 0.1305, 0.1305, 0.1305, 0.1305, 0.1305, 0.1305, 0.1305, 0.1305, 0.1305, 0.1305, 0.1305, 0.1305, 0.1305, 0.1305, 0.1305, 0.1305, 0.1305, 0.1305, 0.1305, 0.1305, 0.1305, 0.1305, 0.1305, 0.1305, 0.1305, 0.1305, 0.1305, 0.1305, 0.1305, 0.1305, 0.1305, 0.1305, 0.1305, 0.1305, 0.1305, 0.1305, 0.1305, 0.1305, 0.1305, 0.1305, 0.1305, 0.1305, 0.1305, 0.1305, 0.1305, 0.1305, 0.1305, 0.1305, 0.1305, 0.1305, 0.1305, 0.1305, 0.1305, 0.1305]","{""0"": 0.1779, ""1"": 0.251, ""2"": 0.0833, ""3"": 0.0757, ""4"": 0.0773, ""5"": 0.0661, ""6"": 0.0808, ""7"": 0.2193}","[0.1111, 0.0, 0.1667, 0.0, 0.25, 0.0, 0.125, 0.1111, 0.1, 0.1429, 0.0, 0.0, 0.125, 0.0, 0.0, 0.0, 0.2, 0.0, 0.0, 0.4, 0.0, 0.0, 0.0, 0.125, 1.0, 1.0, 0.5833, 0.4286, 0.0, 0.2, 0.125, 0.625, 1.0, 1.0, 0.0, 0.5, 0.0, 0.1875, 0.0, 0.0909, 0.9, 1.0, 0.0, 0.0, 0.2, 0.3, 0.25, 0.1, 0.875, 0.5, 0.0, 0.0, 0.125, 0.0, 0.3333, 0.0, 0.8333, 1.0, 0.0, 0.0, 0.0, 0.0, 0.1667, 0.0, 0.7778, 0.7143, 0.0909, 0.0, 0.0, 0.0, 0.0, 0.25, 0.5, 0.1111, 0.5714, 0.0, 0.0, 0.0, 0.0, 0.1, 0.25, 0.0, 0.9167, 0.0, 0.0, 0.0, 0.25, 0.125, 0.0, 0.0, 0.7143, 0.0909, 0.3, 0.0, 0.2857, 0.0, 0.125, 0.0, 0.0, 0.2, 0.0, 0.125, 0.0833, 0.0, 0.0, 0.1, 0.0, 0.0769, 0.0, 0.0, 0.0, 0.1111, 0.0, 0.0, 0.0, 0.0, 0.0, 0.0, 0.0, 0.0, 0.0, 0.0, 0.0, 0.0769, 0.0, 0.0, 0.2222, 0.0, 0.0, 0.0, 0.125, 0.0, 0.0, 0.4286, 0.1, 0.0, 0.2, 0.0, 0.0, 0.125, 0.0, 0.0, 0.0, 0.0909, 0.0769, 0.0, 0.0, 0.0, 0.125, 0.0, 0.0, 0.0, 0.0, 0.0, 0.0, 0.1429, 0.1818, 0.0, 0.0, 0.0, 0.0, 0.1818, 0.0, 0.1111, 0.1111, 0.1111, 0.0, 0.0, 0.1818, 0.125, 0.1429, 0.0, 0.0, 0.0, 0.0, 0.2222, 0.0, 0.125, 0.0, 0.2, 0.25, 0.0, 0.0, 0.2857, 0.0, 0.0833, 0.0, 0.0, 0.2857, 0.0, 0.0, 0.125, 0.0, 0.0, 0.0, 0.0, 0.0, 0.0, 0.125, 0.0, 0.1667, 0.0, 0.0, 0.0, 0.0, 0.0, 0.0909, 0.0, 0.0, 0.1429, 1.0, 0.0, 0.0, 0.0, 0.0, 0.0, 0.0, 0.0, 1.0, 0.125, 0.1429, 0.0, 0.0, 0.0833, 0.0, 0.0, 1.0, 0.0, 0.0, 0.2857, 0.0, 0.0, 0.0, 0.0, 1.0, 0.0, 0.0, 0.4, 0.0, 0.0, 0.1, 0.0, 0.5714, 0.3333, 0.25, 0.1, 0.1429, 0.0, 0.0, 0.0]"
random,0.8,9,random,0.0995,0.0995,0.0995,0.0,16,True,199,0,293,1508,0,"[0.05, 0.066, 0.0735, 0.0795, 0.0845, 0.0865, 0.088, 0.0895, 0.091, 0.092, 0.093, 0.095, 0.097, 0.0985, 0.099, 0.0995, 0.0995, 0.0995, 0.0995, 0.0995, 0.0995, 0.0995, 0.0995, 0.0995, 0.0995, 0.0995, 0.0995, 0.0995, 0.0995, 0.0995, 0.0995, 0.0995, 0.0995, 0.0995, 0.0995, 0.0995, 0.0995, 0.0995, 0.0995, 0.0995, 0.0995, 0.0995, 0.0995, 0.0995, 0.0995, 0.0995, 0.0995, 0.0995, 0.0995, 0.0995, 0.0995, 0.0995, 0.0995, 0.0995, 0.0995, 0.0995, 0.0995, 0.0995, 0.0995, 0.0995, 0.0995, 0.0995, 0.0995, 0.0995, 0.0995, 0.0995, 0.0995, 0.0995, 0.0995, 0.0995, 0.0995, 0.0995, 0.0995, 0.0995, 0.0995, 0.0995, 0.0995, 0.0995, 0.0995, 0.0995, 0.0995, 0.0995, 0.0995, 0.0995, 0.0995, 0.0995, 0.0995, 0.0995, 0.0995, 0.0995, 0.0995, 0.0995, 0.0995, 0.0995, 0.0995, 0.0995, 0.0995, 0.0995, 0.0995, 0.0995, 0.0995]","{""0"": 0.0388, ""1"": 0.0569, ""2"": 0.1139, ""3"": 0.0978, ""4"": 0.1328, ""5"": 0.0526, ""6"": 0.072, ""7"": 0.2445}","[0.0, 0.0, 0.0, 0.0, 0.0, 0.4, 0.625, 0.0, 0.0, 0.0, 0.0, 0.0, 0.0, 0.875, 0.0, 0.0, 0.25, 0.0, 0.0, 0.4444, 0.1667, 0.6667, 0.0, 0.2222, 0.1667, 0.0909, 0.0909, 1.0, 0.125, 0.0, 0.0, 0.0, 0.0, 0.0909, 0.0, 0.8333, 0.125, 0.0833, 0.0, 0.1, 0.125, 0.0, 0.0, 0.0, 0.0, 0.2, 0.25, 0.0, 0.2857, 0.0, 0.0, 0.7143, 0.0, 0.0, 0.0, 0.0, 0.75, 0.1429, 0.0, 0.0, 0.0, 0.0, 0.0, 0.0, 0.8571, 0.0, 0.0, 0.3333, 0.0, 0.1667, 0.0, 0.0, 0.8571, 0.0, 0.125, 0.0, 0.125, 0.2, 0.0, 0.0, 1.0, 0.0, 0.0, 0.0, 0.2857, 0.0, 0.0, 0.0, 0.6667, 0.2222, 0.0, 0.0, 0.0, 0.3333, 0.0, 0.25, 0.8571, 0.0, 0.0909, 0.2, 0.0, 0.0, 0.0, 0.0, 0.5, 0.0, 0.2, 0.0, 0.1111, 0.1111, 0.0, 0.0833, 0.0, 0.2, 0.1, 0.0, 0.0909, 0.0, 0.0, 0.0, 0.0, 0.0, 0.6667, 0.0, 0.2, 0.1429, 0.0, 0.0, 0.0, 0.0, 0.0, 0.0, 0.1111, 0.0, 0.0, 0.0, 0.125, 0.1, 0.0, 0.0, 0.0, 0.0, 0.0, 0.25, 0.0, 0.0909, 0.0, 0.0, 0.1667, 0.0, 0.0, 0.4286, 0.0, 0.1111, 0.0, 0.0, 0.0, 0.1429, 0.0, 0.0, 0.0, 0.0, 0.1, 0.0, 0.0714, 0.0, 0.2, 0.0, 0.1667, 0.0, 0.0, 0.0, 0.0, 0.0, 0.0, 0.0, 0.2, 0.1111, 0.0769, 0.0, 0.0, 0.1667, 0.1429, 0.0, 0.1, 0.0, 0.0, 0.0, 0.0, 0.0, 0.3333, 0.1111, 0.1111, 0.0, 0.0, 0.0, 0.1667, 0.2222, 0.0, 0.0, 0.1111, 0.0, 0.0, 0.0, 1.0, 0.0, 0.0, 0.2, 0.0, 0.0, 0.1, 0.0, 0.1111, 0.2857, 0.0, 0.1429, 0.2222, 0.0, 0.125, 0.0, 0.125, 0.25, 0.0, 0.25, 0.1111, 0.0, 0.0, 0.0, 0.0, 0.0, 0.1429, 0.0, 0.0, 0.0, 0.0, 0.2222, 0.0, 0.0, 0.0, 0.2222, 0.5, 0.0, 0.0, 0.0, 0.0, 0.1111, 0.0714, 0.125, 0.1111, 0.0]"
random,0.8,10,random,0.0885,0.0885,0.0885,0.0,9,True,177,0,289,1534,0,"[0.05, 0.0675, 0.0725, 0.077, 0.081, 0.085, 0.087, 0.0875, 0.0885, 0.0885, 0.0885, 0.0885, 0.0885, 0.0885, 0.0885, 0.0885, 0.0885, 0.0885, 0.0885, 0.0885, 0.0885, 0.0885, 0.0885, 0.0885, 0.0885, 0.0885, 0.0885, 0.0885, 0.0885, 0.0885, 0.0885, 0.0885, 0.0885, 0.0885, 0.0885, 0.0885, 0.0885, 0.0885, 0.0885, 0.0885, 0.0885, 0.0885, 0.0885, 0.0885, 0.0885, 0.0885, 0.0885, 0.0885, 0.0885, 0.0885, 0.0885, 0.0885, 0.0885, 0.0885, 0.0885, 0.0885, 0.0885, 0.0885, 0.0885, 0.0885, 0.0885, 0.0885, 0.0885, 0.0885, 0.0885, 0.0885, 0.0885, 0.0885, 0.0885, 0.0885, 0.0885, 0.0885, 0.0885, 0.0885, 0.0885, 0.0885, 0.0885, 0.0885, 0.0885, 0.0885, 0.0885, 0.0885, 0.0885, 0.0885, 0.0885, 0.0885, 0.0885, 0.0885, 0.0885, 0.0885, 0.0885, 0.0885, 0.0885, 0.0885, 0.0885, 0.0885, 0.0885, 0.0885, 0.0885, 0.0885, 0.0885]","{""0"": 0.1181, ""1"": 0.0939, ""2"": 0.0846, ""3"": 0.06, ""4"": 0.0588, ""5"": 0.0483, ""6"": 0.1037, ""7"": 0.1488}","[0.0, 0.0, 0.0, 0.0, 0.0, 0.0, 0.25, 0.0, 0.25, 0.1111, 0.0, 0.0, 0.0, 0.0, 0.0, 0.0, 0.0, 0.25, 0.0, 0.0, 0.0909, 0.0, 0.1667, 0.0, 0.2222, 0.125, 0.0, 0.1667, 0.1111, 0.0, 0.0, 0.0, 0.1111, 0.0, 0.1818, 0.0, 0.0, 0.1667, 0.0, 0.0, 0.0, 0.1429, 0.0, 0.25, 0.125, 0.0, 0.0, 0.0, 0.0, 0.1429, 0.0, 0.0, 0.0, 0.0, 0.0, 0.1429, 0.0, 0.25, 0.0, 0.0, 0.125, 0.1111, 0.0, 0.0, 0.0, 0.125, 0.2, 0.4286, 0.1429, 0.0769, 0.0, 0.1667, 0.25, 0.0, 0.0, 0.1, 0.0, 0.1111, 0.0, 0.0, 0.0, 0.0, 0.0, 0.125, 0.25, 0.0, 0.2, 0.6667, 0.0, 0.0, 0.0, 0.125, 0.0, 0.6, 0.1429, 0.8333, 0.0, 0.0, 0.0, 0.0, 0.1111, 0.0, 0.0, 0.2857, 0.125, 0.125, 0.0, 0.2857, 0.2857, 0.0, 0.1429, 0.0, 0.0, 0.1, 0.0, 0.0, 0.0, 0.0, 0.0667, 0.1111, 0.0, 0.125, 0.2857, 0.0, 0.0, 0.0, 0.1111, 0.3333, 0.0, 0.0, 0.1111, 0.1, 0.1, 0.0, 0.0, 0.1667, 0.0, 0.0, 0.5, 0.6667, 0.0, 0.0, 0.0, 0.1429, 0.0667, 0.1429, 0.2, 0.2857, 0.0, 0.0, 0.0, 0.0, 0.0833, 0.0, 0.0, 0.0, 0.125, 0.0, 0.1111, 0.2857, 0.0, 0.0, 0.0, 0.0, 0.0, 0.0, 0.0, 0.0, 0.1111, 0.2, 0.0, 0.2857, 0.0, 0.1667, 0.0, 0.0909, 0.0, 0.0, 0.1429, 0.0, 0.0, 0.0833, 0.0, 0.0, 0.3333, 0.0, 0.1667, 0.0, 0.0769, 0.125, 0.1, 0.0, 0.0, 0.0, 0.6667, 0.0, 0.0, 0.0, 0.1667, 0.0, 0.2857, 0.5, 0.0, 0.0, 0.1111, 0.0, 0.0, 0.0, 0.0, 0.875, 0.0, 0.0, 0.1111, 0.25, 0.0, 0.0, 0.0, 0.1, 0.1538, 0.0, 0.0, 0.125, 0.0, 0.0, 0.9, 0.0833, 0.0, 0.0, 0.0, 0.0, 0.0, 0.0, 0.6667, 0.1667, 0.1667, 0.0, 0.0, 0.1, 0.0, 0.1111, 1.0, 0.0, 0.1, 0.125, 0.0, 0.1667, 0.0, 0.2857, 0.375, 0.0]"
random,0.8,11,random,0.129,0.129,0.129,0.0,21,True,258,0,276,1466,0,"[0.05, 0.0635, 0.0705, 0.0745, 0.0795, 0.0865, 0.0905, 0.0945, 0.098, 0.1025, 0.1065, 0.1105, 0.113, 0.1165, 0.121, 0.124, 0.126, 0.1275, 0.128, 0.1285, 0.129, 0.129, 0.129, 0.129, 0.129, 0.129, 0.129, 0.129, 0.129, 0.129, 0.129, 0.129, 0.129, 0.129, 0.129, 0.129, 0.129, 0.129, 0.129, 0.129, 0.129, 0.129, 0.129, 0.129, 0.129, 0.129, 0.129, 0.129, 0.129, 0.129, 0.129, 0.129, 0.129, 0.129, 0.129, 0.129, 0.129, 0.129, 0.129, 0.129, 0.129, 0.129, 0.129, 0.129, 0.129, 0.129, 0.129, 0.129, 0.129, 0.129, 0.129, 0.129, 0.129, 0.129, 0.129, 0.129, 0.129, 0.129, 0.129, 0.129, 0.129, 0.129, 0.129, 0.129, 0.129, 0.129, 0.129, 0.129, 0.129, 0.129, 0.129, 0.129, 0.129, 0.129, 0.129, 0.129, 0.129, 0.129, 0.129, 0.129, 0.129]","{""0"": 0.0875, ""1"": 0.2857, ""2"": 0.0545, ""3"": 0.0301, ""4"": 0.0746, ""5"": 0.2109, ""6"": 0.21, ""7"": 0.1008}","[0.0, 0.1111, 0.0, 0.0, 0.0, 0.0, 0.4286, 0.125, 0.0, 0.0, 0.0, 0.0, 0.0, 0.1111, 0.1667, 0.0, 0.0, 0.0, 0.1, 0.0, 0.0, 0.1667, 0.0, 0.0, 0.1429, 0.125, 0.1333, 0.0, 0.0, 0.1667, 0.0714, 0.125, 0.0714, 0.0, 0.0909, 0.0, 0.0, 0.1111, 0.0, 0.125, 0.2, 0.3333, 0.2, 0.1429, 0.0, 0.0, 0.0, 0.0, 0.0, 0.0, 0.0, 0.0, 0.1429, 0.0, 0.0, 0.0, 0.2857, 0.1429, 0.1429, 0.0, 0.0, 0.0833, 0.0, 0.0, 0.1667, 0.0, 0.5714, 0.0769, 0.0, 0.0, 0.0909, 0.1667, 0.0, 0.0, 0.875, 0.1, 0.0, 0.0, 0.0, 0.0909, 0.2222, 0.0, 0.8333, 0.25, 0.0, 0.125, 0.1667, 0.0, 0.2222, 0.0, 1.0, 0.0, 0.0, 0.0, 0.0, 0.0, 0.1667, 0.1429, 0.9, 0.0, 0.0909, 0.0, 0.1111, 0.0, 0.0, 0.0, 0.75, 0.1, 0.2, 0.0, 0.2857, 0.0, 0.0, 0.375, 0.8889, 0.0, 0.0, 0.0, 0.5, 0.0, 0.1818, 0.0, 0.6667, 0.0, 0.0, 0.25, 0.75, 0.2, 0.0, 0.0, 0.0833, 0.0, 0.0, 0.0, 1.0, 0.0, 0.125, 0.25, 0.0, 0.25, 0.0, 0.0, 0.8571, 0.0, 0.1, 0.0, 0.0, 0.2222, 0.0, 0.8889, 0.8333, 0.0, 0.0, 0.0, 0.25, 0.0, 0.1111, 0.0, 0.875, 0.0, 0.0, 0.0, 0.4444, 0.1111, 0.0, 0.0769, 0.8333, 0.1667, 0.125, 0.25, 0.0769, 0.0, 0.2857, 0.0, 0.2857, 0.0, 0.0, 0.0, 0.1429, 0.0, 0.0, 0.0, 0.0, 0.0, 0.0, 0.1, 0.6, 0.0, 0.125, 0.125, 0.0, 0.4, 0.1111, 0.0, 0.1667, 0.125, 0.0, 0.1429, 0.0, 0.8889, 0.0, 0.0, 0.1667, 0.2222, 0.0, 0.0, 0.0, 0.8889, 0.0, 0.0, 0.0, 0.0769, 0.0, 0.0, 0.0, 1.0, 0.7143, 0.1667, 0.0, 0.0, 0.0, 0.1111, 0.0, 1.0, 0.1429, 0.2222, 0.0, 0.0, 0.0, 0.0, 0.2308, 1.0, 0.1111, 0.2, 0.0, 0.0, 0.0, 0.0, 0.0, 0.0, 0.0, 0.125, 0.0, 0.0, 0.0, 0.0, 0.0, 0.0, 0.0769, 0.0]"
random,1.0,0,random,0.6275,0.6275,0.6275,0.0,46,True,1255,0,283,462,0,"[0.05, 0.0715, 0.0905, 0.1185, 0.15, 0.1825, 0.21, 0.2435, 0.28, 0.307, 0.334, 0.3615, 0.3865, 0.409, 0.4345, 0.453, 0.4635, 0.4755, 0.486, 0.4985, 0.5105, 0.5215, 0.5305, 0.5415, 0.5485, 0.5545, 0.5615, 0.568, 0.5745, 0.579, 0.584, 0.5895, 0.5925, 0.599, 0.601, 0.6025, 0.6065, 0.6095, 0.613, 0.6145, 0.6155, 0.6165, 0.618, 0.622, 0.6265, 0.6275, 0.6275, 0.6275, 0.6275, 0.6275, 0.6275, 0.6275, 0.6275, 0.6275, 0.6275, 0.6275, 0.6275, 0.6275, 0.6275, 0.6275, 0.6275, 0.6275, 0.6275, 0.6275, 0.6275, 0.6275, 0.6275, 0.6275, 0.6275, 0.6275, 0.6275, 0.6275, 0.6275, 0.6275, 0.6275, 0.6275, 0.6275, 0.6275, 0.6275, 0.6275, 0.6275, 0.6275, 0.6275, 0.6275, 0.6275, 0.6275, 0.6275, 0.6275, 0.6275, 0.6275, 0.6275, 0.6275, 0.6275, 0.6275, 0.6275, 0.6275, 0.6275, 0.6275, 0.6275, 0.6275, 0.6275]","{""0"": 0.7137, ""1"": 0.5766, ""2"": 0.749, ""3"": 0.6457, ""4"": 0.8474, ""5"": 0.5369, ""6"": 0.0645, ""7"": 0.874}","[0.7778, 1.0, 0.0, 0.8, 1.0, 0.6667, 0.8333, 0.0, 1.0, 0.875, 0.0, 0.7143, 0.7778, 0.6667, 0.0, 0.5, 0.6, 0.8, 0.0, 0.8571, 1.0, 1.0, 0.1111, 0.0, 1.0, 0.1818, 1.0, 1.0, 0.8571, 0.75, 0.0, 0.1111, 0.8889, 0.1, 1.0, 0.8, 0.7778, 1.0, 0.0, 0.0, 0.8333, 0.0, 1.0, 1.0, 1.0, 0.8889, 0.3, 0.0, 0.875, 0.0, 0.9091, 1.0, 1.0, 0.8889, 0.0, 0.0, 1.0, 0.0, 0.8333, 0.9, 1.0, 1.0, 0.0, 0.0714, 1.0, 0.125, 0.8889, 1.0, 0.7778, 0.8182, 0.0, 0.4286, 1.0, 0.7273, 0.875, 0.5714, 0.8571, 0.7143, 0.0, 0.1, 1.0, 0.9, 0.75, 1.0, 1.0, 0.8182, 0.0, 0.2, 0.8182, 1.0, 1.0, 1.0, 0.7143, 0.9, 0.0, 0.0, 0.8333, 0.9167, 0.8889, 0.7273, 0.8889, 0.9167, 0.125, 0.0, 0.7778, 0.875, 0.875, 0.8889, 0.8889, 0.75, 1.0, 0.0, 0.9091, 1.0, 0.8333, 0.2857, 0.8, 1.0, 0.9, 0.2857, 0.7778, 0.7143, 1.0, 0.1429, 0.9, 0.8889, 0.8333, 0.0, 0.875, 1.0, 1.0, 0.0, 0.7143, 0.6, 1.0, 0.0, 0.8, 1.0, 1.0, 0.125, 0.4, 0.75, 1.0, 0.125, 1.0, 0.7778, 0.8, 0.625, 0.1, 0.8571, 0.8333, 0.0, 1.0, 1.0, 1.0, 0.7143, 0.0, 1.0, 0.8333, 0.0, 1.0, 0.625, 0.7778, 0.8, 0.2, 1.0, 0.8571, 0.0, 0.6667, 0.7, 0.625, 0.8, 0.0, 0.8182, 0.875, 0.1111, 0.8182, 1.0, 0.0, 0.7778, 0.0, 0.8889, 0.9, 0.0, 0.8889, 0.75, 0.0, 1.0, 0.0, 0.7778, 1.0, 0.1, 1.0, 1.0, 0.0714, 0.7778, 0.0, 0.8, 0.75, 0.0, 0.875, 1.0, 0.0, 1.0, 0.0833, 0.8889, 0.7778, 0.1111, 0.8182, 1.0, 0.0, 1.0, 0.6364, 0.6, 0.6, 0.0, 0.875, 0.8571, 0.0, 0.7778, 0.9167, 0.875, 1.0, 0.0, 0.7143, 1.0, 0.1667, 0.8, 0.75, 0.8333, 0.75, 0.0, 0.875, 0.6667, 0.0, 0.8571, 1.0, 1.0, 1.0, 0.0, 0.8889, 0.8889, 0.0, 1.0, 0.75, 0.4, 0.625, 0.0, 0.6667, 1.0]"
random,1.0,1,random,0.7905,0.7905,0.7905,0.0,56,True,1581,0,283,136,0,"[0.05, 0.0755, 0.096, 0.12, 0.141, 0.1635, 0.197, 0.2285, 0.2605, 0.295, 0.3265, 0.3625, 0.399, 0.438, 0.4705, 0.5035, 0.5395, 0.5655, 0.5875, 0.6135, 0.634, 0.6465, 0.657, 0.6725, 0.687, 0.697, 0.704, 0.714, 0.722, 0.7265, 0.732, 0.7355, 0.7405, 0.745, 0.751, 0.752, 0.753, 0.754, 0.7555, 0.757, 0.758, 0.7605, 0.761, 0.762, 0.764, 0.7655, 0.7665, 0.7675, 0.7685, 0.7725, 0.7765, 0.7795, 0.7845, 0.7875, 0.7895, 0.7905, 0.7905, 0.7905, 0.7905, 0.7905, 0.7905, 0.7905, 0.7905, 0.7905, 0.7905, 0.7905, 0.7905, 0.7905, 0.7905, 0.7905, 0.7905, 0.7905, 0.7905, 0.7905, 0.7905, 0.7905, 0.7905, 0.7905, 0.7905, 0.7905, 0.7905, 0.7905, 0.7905, 0.7905, 0.7905, 0.7905, 0.7905, 0.7905, 0.7905, 0.7905, 0.7905, 0.7905, 0.7905, 0.7905, 0.7905, 0.7905, 0.7905, 0.7905, 0.7905, 0.7905, 0.7905]","{""0"": 0.8521, ""1"": 0.3266, ""2"": 0.8308, ""3"": 0.8549, ""4"": 0.8577, ""5"": 0.8589, ""6"": 0.873, ""7"": 0.8667}","[0.7778, 0.6667, 0.1, 0.7273, 0.75, 0.8333, 0.8333, 1.0, 0.8, 0.8333, 0.0, 0.7778, 1.0, 1.0, 0.8571, 0.9167, 0.8, 1.0, 0.0667, 0.875, 1.0, 0.8889, 0.625, 1.0, 0.8, 0.8182, 0.1111, 0.7143, 1.0, 0.8462, 0.9, 0.7143, 0.8571, 1.0, 0.0, 0.7778, 1.0, 0.8571, 0.6667, 0.9167, 0.75, 1.0, 0.125, 1.0, 0.8182, 1.0, 1.0, 1.0, 0.75, 0.8, 0.2222, 1.0, 0.6667, 0.9091, 0.8571, 0.8889, 0.6667, 0.6, 0.1111, 1.0, 0.7143, 0.8462, 1.0, 1.0, 0.9167, 0.75, 0.0, 1.0, 0.875, 0.875, 1.0, 0.875, 0.8571, 1.0, 0.0, 0.7692, 0.8571, 0.8889, 0.875, 0.6667, 1.0, 0.8571, 0.0, 0.7, 0.8, 0.8333, 1.0, 0.8889, 0.75, 0.8571, 0.1111, 0.7143, 1.0, 1.0, 0.75, 1.0, 0.75, 1.0, 1.0, 0.9167, 1.0, 0.875, 0.75, 1.0, 0.7778, 0.7143, 1.0, 0.8, 0.875, 0.7778, 0.875, 0.7143, 0.8571, 1.0, 0.7143, 0.8889, 0.8889, 1.0, 0.875, 0.875, 1.0, 1.0, 1.0, 0.8571, 1.0, 0.6667, 0.8333, 0.8889, 0.9, 0.6667, 0.875, 0.8571, 0.5833, 0.8889, 0.75, 0.875, 0.8, 0.7143, 0.6667, 1.0, 0.6667, 0.875, 0.9091, 1.0, 1.0, 0.875, 0.9, 0.8889, 0.875, 0.6, 0.6667, 0.75, 0.9, 1.0, 0.8, 1.0, 0.7143, 0.8333, 0.7143, 0.8182, 1.0, 0.9091, 0.8889, 0.875, 0.9091, 1.0, 1.0, 0.8571, 0.7143, 1.0, 1.0, 0.8889, 0.7778, 0.8, 1.0, 1.0, 1.0, 0.7273, 1.0, 0.5, 0.9, 0.8, 1.0, 1.0, 1.0, 0.8571, 0.1429, 0.8571, 0.7143, 0.75, 0.75, 0.75, 0.8571, 0.7778, 0.1, 0.5, 1.0, 0.75, 0.7143, 0.8571, 0.875, 0.8571, 0.0833, 0.8571, 1.0, 0.5, 0.875, 0.75, 0.9091, 1.0, 0.0, 0.875, 0.75, 1.0, 0.8571, 1.0, 1.0, 0.8571, 0.1, 1.0, 0.8571, 1.0, 0.7692, 0.5714, 0.8571, 0.8889, 0.0, 0.6667, 0.8889, 1.0, 1.0, 0.9167, 1.0, 0.8333, 0.0, 1.0, 0.7778, 0.7778, 1.0, 1.0, 0.7143, 0.5714, 0.0, 0.6, 1.0, 0.8889, 1.0, 0.6667, 1.0, 0.8333]"
random,1.0,2,random,0.7105,0.7105,0.7105,0.0,30,True,1421,0,280,299,0,"[0.05, 0.0725, 0.0925, 0.116, 0.1415, 0.168, 0.1955, 0.224, 0.26, 0.2975, 0.3365, 0.385, 0.4475, 0.4985, 0.5395, 0.571, 0.593, 0.608, 0.6265, 0.643, 0.6525, 0.6605, 0.669, 0.6755, 0.6825, 0.69, 0.6975, 0.704, 0.709, 0.7105, 0.7105, 0.7105, 0.7105, 0.7105, 0.7105, 0.7105, 0.7105, 0.7105, 0.7105, 0.7105, 0.7105, 0.7105, 0.7105, 0.7105, 0.7105, 0.7105, 0.7105, 0.7105, 0.7105, 0.7105, 0.7105, 0.7105, 0.7105, 0.7105, 0.7105, 0.7105, 0.7105, 0.7105, 0.7105, 0.7105, 0.7105, 0.7105, 0.7105, 0.7105, 0.7105, 0.7105, 0.7105, 0.7105, 0.7105, 0.7105, 0.7105, 0.7105, 0.7105, 0.7105, 0.7105, 0.7105, 0.7105, 0.7105, 0.7105, 0.7105, 0.7105, 0.7105, 0.7105, 0.7105, 0.7105, 0.7105, 0.7105, 0.7105, 0.7105, 0.7105, 0.7105, 0.7105, 0.7105, 0.7105, 0.7105, 0.7105, 0.7105, 0.7105, 0.7105, 0.7105, 0.7105]","{""0"": 0.8906, ""1"": 0.8765, ""2"": 0.8788, ""3"": 0.6091, ""4"": 0.8635, ""5"": 0.0538, ""6"": 0.7647, ""7"": 0.7555}","[0.8889, 0.8, 1.0, 0.8571, 0.7143, 1.0, 0.0, 1.0, 1.0, 1.0, 0.8333, 1.0, 0.875, 0.875, 0.1429, 1.0, 0.9, 1.0, 0.625, 0.8333, 1.0, 1.0, 0.0, 0.7143, 0.6667, 1.0, 0.8889, 1.0, 0.8571, 1.0, 0.0, 1.0, 1.0, 1.0, 0.8889, 0.75, 1.0, 0.875, 0.0, 0.7143, 0.875, 0.7778, 0.8571, 0.9091, 1.0, 0.6667, 0.1667, 0.8, 0.0, 0.8333, 1.0, 0.9, 1.0, 0.875, 0.0, 1.0, 0.0, 0.8889, 1.0, 0.8333, 0.875, 0.8571, 0.0, 0.875, 0.0, 0.75, 0.8462, 1.0, 0.8333, 1.0, 0.0, 0.875, 0.3333, 1.0, 1.0, 0.8571, 0.75, 0.8333, 0.2, 0.7778, 1.0, 1.0, 0.8, 0.75, 0.75, 0.7143, 0.0, 0.8, 0.7778, 0.6, 1.0, 1.0, 0.8571, 0.9091, 0.0, 0.8571, 1.0, 1.0, 0.9, 0.7778, 0.3, 0.7143, 0.2222, 0.8571, 0.6, 0.8571, 0.9091, 0.9, 0.0, 0.8333, 0.125, 0.8, 0.8333, 0.9091, 0.875, 1.0, 0.0, 0.875, 0.0, 1.0, 0.6667, 1.0, 1.0, 1.0, 0.0, 1.0, 0.0, 0.8571, 0.8, 0.8, 1.0, 0.7, 0.0, 1.0, 0.0, 0.6667, 0.625, 0.8333, 1.0, 0.75, 0.0, 0.875, 0.125, 1.0, 1.0, 0.9, 0.75, 0.8182, 0.2857, 0.8571, 0.0, 0.0, 1.0, 1.0, 0.8889, 0.6667, 0.1667, 0.625, 0.0833, 0.0, 1.0, 0.8182, 0.8571, 1.0, 0.1429, 0.8889, 0.0, 0.8, 0.8889, 0.8571, 0.875, 1.0, 0.1429, 1.0, 0.0909, 0.875, 0.5, 1.0, 0.75, 1.0, 0.5, 0.8333, 0.0, 0.75, 1.0, 0.75, 0.75, 0.8333, 1.0, 0.8571, 0.0, 0.9091, 0.3333, 1.0, 0.8182, 1.0, 0.7143, 0.7143, 0.1818, 0.8, 1.0, 0.875, 0.7778, 0.8571, 1.0, 0.8, 0.0, 1.0, 0.8333, 0.8333, 0.7143, 0.8182, 1.0, 1.0, 0.2, 0.8333, 0.7778, 1.0, 0.7778, 1.0, 0.8571, 0.7143, 0.0, 0.9, 0.5, 0.7143, 1.0, 1.0, 1.0, 1.0, 0.0909, 0.8182, 1.0, 0.9, 0.75, 0.9091, 0.875, 0.7, 0.0, 0.7, 0.8889, 0.7778, 1.0, 0.75, 0.25, 0.8, 0.0, 0.4286, 0.8333, 0.875]"
random,1.0,3,random,0.827,0.827,0.827,0.0,61,True,1654,0,264,82,0,"[0.05, 0.07, 0.094, 0.1205, 0.141, 0.1695, 0.203, 0.2365, 0.269, 0.2995, 0.3415, 0.3815, 0.4145, 0.444, 0.47, 0.4935, 0.514, 0.539, 0.558, 0.5695, 0.5825, 0.596, 0.617, 0.6315, 0.6455, 0.659, 0.668, 0.6745, 0.683, 0.6885, 0.6965, 0.707, 0.713, 0.7165, 0.7205, 0.723, 0.7265, 0.7305, 0.733, 0.737, 0.7435, 0.748, 0.7525, 0.7575, 0.7605, 0.7635, 0.767, 0.772, 0.776, 0.7785, 0.782, 0.7865, 0.7945, 0.802, 0.807, 0.8105, 0.8125, 0.8155, 0.821, 0.825, 0.827, 0.827, 0.827, 0.827, 0.827, 0.827, 0.827, 0.827, 0.827, 0.827, 0.827, 0.827, 0.827, 0.827, 0.827, 0.827, 0.827, 0.827, 0.827, 0.827, 0.827, 0.827, 0.827, 0.827, 0.827, 0.827, 0.827, 0.827, 0.827, 0.827, 0.827, 0.827, 0.827, 0.827, 0.827, 0.827, 0.827, 0.827, 0.827, 0.827, 0.827]","{""0"": 0.8571, ""1"": 0.8554, ""2"": 0.8866, ""3"": 0.8814, ""4"": 0.8917, ""5"": 0.4706, ""6"": 0.875, ""7"": 0.8797}","[0.7778, 0.9, 1.0, 1.0, 0.8333, 1.0, 0.0, 0.8571, 0.8889, 0.8889, 0.6667, 0.875, 0.75, 0.75, 0.1111, 0.9, 0.8462, 1.0, 0.5556, 1.0, 0.8571, 1.0, 0.5714, 0.8, 1.0, 0.7778, 0.8333, 0.6667, 0.8182, 0.7143, 1.0, 0.875, 1.0, 0.7778, 0.8, 0.8, 1.0, 0.7143, 1.0, 0.875, 0.8333, 0.8889, 1.0, 0.3333, 0.8333, 0.75, 0.8, 0.7778, 0.7778, 0.6, 1.0, 0.8889, 0.7778, 0.875, 1.0, 1.0, 1.0, 1.0, 0.875, 0.8333, 1.0, 0.8462, 0.8571, 0.6667, 1.0, 0.9091, 0.8571, 0.8571, 1.0, 0.8571, 0.8, 0.75, 0.9286, 0.875, 0.8571, 0.9, 0.875, 1.0, 0.8889, 0.9091, 0.8889, 1.0, 0.8, 0.9, 0.8, 1.0, 0.8, 0.8889, 0.6667, 0.8889, 0.875, 1.0, 1.0, 0.9, 0.5, 0.9091, 1.0, 0.625, 1.0, 1.0, 0.8, 0.75, 0.8, 0.8333, 0.75, 0.8, 0.5, 0.75, 1.0, 1.0, 0.875, 1.0, 0.5455, 0.8333, 0.9, 1.0, 0.9091, 1.0, 0.8, 0.75, 0.9091, 0.625, 0.8333, 0.8, 0.8571, 0.9, 1.0, 1.0, 0.8182, 0.75, 0.8333, 1.0, 0.8889, 1.0, 1.0, 1.0, 1.0, 0.8333, 1.0, 1.0, 0.625, 1.0, 0.7778, 0.8, 0.9, 0.8889, 1.0, 0.7778, 1.0, 0.7143, 0.4286, 0.6667, 1.0, 1.0, 0.8571, 0.875, 1.0, 1.0, 0.0909, 1.0, 0.875, 0.8571, 0.8, 0.8571, 0.8889, 0.75, 0.0, 1.0, 0.8571, 0.7778, 1.0, 0.8571, 0.75, 1.0, 0.0, 0.7778, 1.0, 1.0, 0.8571, 0.8, 1.0, 0.7143, 0.125, 0.8, 0.5556, 1.0, 0.9, 0.8333, 0.8571, 1.0, 0.0, 0.8333, 1.0, 0.5, 0.8571, 1.0, 1.0, 1.0, 0.0, 0.8, 1.0, 0.8333, 1.0, 1.0, 1.0, 1.0, 0.4286, 0.9231, 1.0, 0.9167, 0.7143, 0.8333, 0.8333, 1.0, 0.0, 1.0, 0.8571, 1.0, 0.625, 1.0, 0.8889, 0.4, 0.1, 0.875, 1.0, 0.75, 0.875, 1.0, 0.875, 1.0, 0.0, 1.0, 0.6667, 0.7778, 0.8571, 0.8333, 0.8333, 1.0, 0.0, 0.8, 0.8889, 0.8889, 1.0, 1.0, 1.0, 0.75, 0.1111, 1.0, 1.0, 0.9091]"
random,1.0,4,random,0.5875,0.5875,0.5875,-0.0,27,True,1175,0,301,524,0,"[0.05, 0.0725, 0.097, 0.1315, 0.161, 0.1955, 0.234, 0.2755, 0.3135, 0.341, 0.364, 0.3845, 0.408, 0.425, 0.437, 0.4535, 0.4685, 0.481, 0.4975, 0.5105, 0.5305, 0.548, 0.5595, 0.5675, 0.576, 0.583, 0.5875, 0.5875, 0.5875, 0.5875, 0.5875, 0.5875, 0.5875, 0.5875, 0.5875, 0.5875, 0.5875, 0.5875, 0.5875, 0.5875, 0.5875, 0.5875, 0.5875, 0.5875, 0.5875, 0.5875, 0.5875, 0.5875, 0.5875, 0.5875, 0.5875, 0.5875, 0.5875, 0.5875, 0.5875, 0.5875, 0.5875, 0.5875, 0.5875, 0.5875, 0.5875, 0.5875, 0.5875, 0.5875, 0.5875, 0.5875, 0.5875, 0.5875, 0.5875, 0.5875, 0.5875, 0.5875, 0.5875, 0.5875, 0.5875, 0.5875, 0.5875, 0.5875, 0.5875, 0.5875, 0.5875, 0.5875, 0.5875, 0.5875, 0.5875, 0.5875, 0.5875, 0.5875, 0.5875, 0.5875, 0.5875, 0.5875, 0.5875, 0.5875, 0.5875, 0.5875, 0.5875, 0.5875, 0.5875, 0.5875, 0.5875]","{""0"": 0.7554, ""1"": 0.7539, ""2"": 0.8571, ""3"": 0.7712, ""4"": 0.3525, ""5"": 0.8672, ""6"": 0.063, ""7"": 0.2824}","[0.6667, 0.5, 1.0, 0.875, 1.0, 0.0, 0.9, 0.0, 0.0, 0.1667, 0.8333, 0.7273, 0.875, 0.0, 0.8, 0.0, 0.0, 0.1111, 1.0, 1.0, 0.7143, 0.0, 0.875, 0.3, 0.0, 0.0, 1.0, 0.8889, 0.8182, 0.375, 1.0, 0.0, 0.0, 0.75, 0.7778, 1.0, 0.8889, 0.2, 0.8333, 0.0, 0.0833, 1.0, 0.7273, 0.875, 0.8571, 0.0, 0.7143, 0.0909, 0.1429, 0.875, 0.8571, 0.875, 0.8333, 0.0, 0.8333, 0.0, 0.0, 0.8571, 0.7, 0.8571, 0.8, 0.0, 0.9, 0.0, 0.1111, 0.875, 0.875, 0.8333, 1.0, 0.75, 0.7143, 0.0, 0.25, 0.6667, 1.0, 0.8889, 0.75, 1.0, 1.0, 0.1, 0.8889, 1.0, 0.125, 0.9167, 0.9231, 0.8333, 1.0, 0.0, 1.0, 0.8889, 0.1818, 0.8, 0.7143, 0.75, 0.8, 0.0, 1.0, 0.7778, 0.0, 0.9231, 0.8889, 0.8571, 1.0, 0.1667, 0.625, 0.7778, 0.1111, 0.7778, 0.6, 0.875, 0.6667, 0.1429, 0.7143, 1.0, 0.1, 0.75, 1.0, 0.8889, 0.7778, 0.0769, 0.7, 0.5714, 1.0, 0.8, 1.0, 0.8571, 1.0, 0.25, 1.0, 1.0, 0.875, 0.8889, 0.5714, 0.875, 0.7778, 0.0, 0.7143, 0.7143, 0.8, 1.0, 0.0, 1.0, 0.7273, 0.0, 1.0, 0.8333, 1.0, 0.875, 0.0, 0.125, 1.0, 0.0, 0.5556, 0.7143, 1.0, 1.0, 1.0, 0.0, 0.8571, 0.0, 0.8571, 0.8889, 0.8333, 0.7778, 0.6667, 0.1667, 1.0, 0.0, 0.0, 1.0, 0.9, 0.8462, 0.8333, 0.7, 0.8, 0.0, 0.0, 1.0, 0.8889, 0.7273, 0.8571, 0.875, 1.0, 0.0, 0.0, 0.8889, 0.8889, 0.75, 1.0, 0.0, 0.5, 0.1667, 0.0, 0.7778, 1.0, 0.75, 1.0, 0.0, 0.8889, 0.1111, 0.0833, 1.0, 1.0, 0.875, 1.0, 0.2, 0.8, 0.25, 0.0, 0.6, 1.0, 1.0, 0.875, 0.0, 0.7143, 0.3333, 0.0, 0.8, 0.8571, 0.8, 0.8333, 0.0, 1.0, 0.0, 0.1111, 0.875, 0.625, 1.0, 0.8571, 0.0, 1.0, 0.0, 0.0, 0.625, 0.8333, 0.8667, 0.75, 0.0, 0.8333, 0.0, 0.0, 0.8571, 1.0, 0.8571, 0.9, 0.0, 1.0, 0.0, 0.0909, 0.8333]"
random,1.0,5,random,0.755,0.755,0.755,0.0,38,True,1510,0,289,201,0,"[0.05, 0.0715, 0.093, 0.12, 0.1555, 0.197, 0.2405, 0.2825, 0.3175, 0.3455, 0.373, 0.402, 0.437, 0.465, 0.494, 0.5305, 0.5675, 0.5975, 0.62, 0.636, 0.6485, 0.6645, 0.685, 0.7, 0.7115, 0.7155, 0.7205, 0.7245, 0.728, 0.7325, 0.738, 0.744, 0.7465, 0.75, 0.753, 0.754, 0.7545, 0.755, 0.755, 0.755, 0.755, 0.755, 0.755, 0.755, 0.755, 0.755, 0.755, 0.755, 0.755, 0.755, 0.755, 0.755, 0.755, 0.755, 0.755, 0.755, 0.755, 0.755, 0.755, 0.755, 0.755, 0.755, 0.755, 0.755, 0.755, 0.755, 0.755, 0.755, 0.755, 0.755, 0.755, 0.755, 0.755, 0.755, 0.755, 0.755, 0.755, 0.755, 0.755, 0.755, 0.755, 0.755, 0.755, 0.755, 0.755, 0.755, 0.755, 0.755, 0.755, 0.755, 0.755, 0.755, 0.755, 0.755, 0.755, 0.755, 0.755, 0.755, 0.755, 0.755, 0.755]","{""0"": 0.8611, ""1"": 0.8627, ""2"": 0.6203, ""3"": 0.8735, ""4"": 0.8487, ""5"": 0.4902, ""6"": 0.6445, ""7"": 0.8419}","[0.7778, 1.0, 0.625, 1.0, 1.0, 0.75, 0.0667, 0.875, 0.8333, 0.6667, 0.9, 1.0, 1.0, 0.75, 0.0, 0.9, 1.0, 0.7273, 0.875, 1.0, 1.0, 0.875, 0.0, 0.7778, 1.0, 0.9167, 0.8889, 0.8889, 1.0, 0.875, 0.0, 0.875, 1.0, 1.0, 0.9, 0.8571, 0.9, 0.4545, 0.0, 1.0, 0.8182, 0.9, 0.6667, 0.125, 0.8889, 0.8, 1.0, 0.9091, 0.8571, 0.4, 0.9091, 0.0, 0.6154, 1.0, 1.0, 0.9, 0.75, 0.8571, 1.0, 0.0, 0.8, 0.8571, 0.5556, 1.0, 0.75, 0.7778, 0.9231, 0.1111, 0.8, 0.8333, 0.2857, 0.0, 0.875, 0.8333, 1.0, 0.0, 1.0, 0.9091, 0.0, 0.0, 0.75, 0.875, 0.8182, 0.1111, 0.7778, 1.0, 0.4286, 0.0, 0.6154, 1.0, 0.75, 0.0, 0.75, 1.0, 0.1, 0.0, 0.8, 1.0, 0.8, 0.0, 1.0, 0.8333, 0.0, 0.0, 0.875, 1.0, 0.8889, 0.2222, 0.8571, 0.8333, 0.2, 0.125, 0.8, 0.8333, 1.0, 0.5714, 0.9231, 0.8571, 0.8, 1.0, 0.8571, 0.6667, 0.9, 1.0, 0.7692, 0.875, 0.8571, 1.0, 0.8889, 0.6667, 0.8889, 1.0, 1.0, 1.0, 0.7778, 1.0, 0.5714, 0.875, 1.0, 1.0, 0.9, 0.8, 1.0, 0.0, 0.8, 1.0, 1.0, 0.8571, 0.9, 1.0, 0.625, 0.0, 0.8, 1.0, 0.75, 1.0, 1.0, 0.7143, 0.7778, 0.0, 0.7778, 1.0, 0.9091, 1.0, 0.8, 0.7778, 1.0, 1.0, 1.0, 0.6667, 1.0, 1.0, 0.8182, 0.6667, 0.6667, 0.7778, 0.8, 0.8571, 0.7778, 0.7143, 0.8571, 0.8333, 0.8889, 0.9231, 1.0, 0.8889, 0.5714, 1.0, 1.0, 0.8571, 0.75, 0.8889, 0.9, 0.9, 1.0, 0.5, 0.6667, 0.7143, 0.9167, 1.0, 1.0, 0.8333, 0.8889, 1.0, 0.8571, 0.8182, 0.5714, 0.8571, 1.0, 0.8889, 1.0, 0.8889, 0.8, 0.9, 0.75, 1.0, 0.7143, 0.8333, 0.625, 0.7143, 0.7143, 0.8571, 1.0, 0.8, 0.8571, 0.8889, 1.0, 0.9231, 1.0, 1.0, 1.0, 0.9, 0.8333, 0.8571, 0.5, 0.625, 1.0, 0.9, 0.0, 0.8571, 1.0, 0.625, 1.0, 0.75, 0.875, 1.0, 0.0833, 1.0, 0.75, 1.0]"
random,1.0,6,random,0.757,0.757,0.757,0.0,45,True,1514,0,281,205,0,"[0.05, 0.069, 0.0895, 0.108, 0.1295, 0.1615, 0.196, 0.229, 0.263, 0.2965, 0.3255, 0.349, 0.3705, 0.39, 0.411, 0.431, 0.4505, 0.4675, 0.4865, 0.507, 0.533, 0.551, 0.565, 0.581, 0.5965, 0.614, 0.635, 0.6495, 0.666, 0.68, 0.691, 0.7025, 0.718, 0.7295, 0.7385, 0.7425, 0.7465, 0.749, 0.7495, 0.7505, 0.7515, 0.753, 0.7545, 0.7555, 0.757, 0.757, 0.757, 0.757, 0.757, 0.757, 0.757, 0.757, 0.757, 0.757, 0.757, 0.757, 0.757, 0.757, 0.757, 0.757, 0.757, 0.757, 0.757, 0.757, 0.757, 0.757, 0.757, 0.757, 0.757, 0.757, 0.757, 0.757, 0.757, 0.757, 0.757, 0.757, 0.757, 0.757, 0.757, 0.757, 0.757, 0.757, 0.757, 0.757, 0.757, 0.757, 0.757, 0.757, 0.757, 0.757, 0.757, 0.757, 0.757, 0.757, 0.757, 0.757, 0.757, 0.757, 0.757, 0.757, 0.757]","{""0"": 0.8263, ""1"": 0.8465, ""2"": 0.3804, ""3"": 0.8394, ""4"": 0.5863, ""5"": 0.8659, ""6"": 0.8675, ""7"": 0.8526}","[0.7778, 1.0, 1.0, 0.0909, 1.0, 1.0, 1.0, 0.5455, 0.875, 0.9, 0.625, 0.1538, 1.0, 0.875, 0.75, 0.875, 0.8, 0.6364, 0.75, 0.0, 0.8182, 0.75, 1.0, 0.8889, 0.5556, 1.0, 0.7143, 0.1667, 1.0, 0.7143, 1.0, 1.0, 0.4286, 1.0, 0.8, 0.1429, 0.625, 1.0, 0.875, 0.875, 1.0, 0.8571, 1.0, 0.0, 0.6, 0.8, 1.0, 0.6667, 1.0, 1.0, 1.0, 0.0, 0.8571, 0.75, 0.8571, 1.0, 0.8889, 1.0, 0.6667, 0.2, 0.8571, 0.8333, 0.875, 0.8333, 0.8, 0.9, 0.8889, 0.1111, 0.8182, 0.2, 0.75, 0.875, 1.0, 0.7778, 0.75, 0.125, 0.75, 0.0, 0.7778, 0.875, 0.8182, 0.7778, 0.8333, 0.125, 0.6667, 0.0, 1.0, 0.7778, 0.625, 0.875, 1.0, 0.0, 0.8, 0.0, 0.7143, 0.8571, 1.0, 1.0, 0.7778, 0.0, 0.8, 0.75, 0.6667, 0.8889, 0.75, 1.0, 0.9091, 0.0, 1.0, 0.8, 0.7778, 0.8889, 1.0, 1.0, 1.0, 0.0, 0.875, 1.0, 0.8, 0.8571, 0.7143, 0.5, 1.0, 1.0, 0.9, 0.6667, 0.9, 0.8571, 0.8, 1.0, 0.8571, 1.0, 0.75, 0.7778, 0.8, 0.8889, 0.75, 0.0, 0.875, 0.9, 1.0, 1.0, 0.8889, 1.0, 0.8333, 0.0, 0.8889, 0.8571, 0.8571, 0.8889, 0.875, 0.6667, 0.8889, 0.0, 1.0, 1.0, 0.8889, 0.7143, 0.8571, 1.0, 0.625, 1.0, 0.8, 1.0, 0.8333, 1.0, 0.9, 0.9091, 1.0, 1.0, 0.6667, 0.8571, 1.0, 0.5714, 0.4286, 0.9091, 1.0, 1.0, 1.0, 0.8, 0.5556, 1.0, 0.8333, 0.875, 0.875, 1.0, 0.9, 0.8571, 0.6667, 0.8889, 0.8, 1.0, 1.0, 1.0, 0.875, 1.0, 0.8571, 0.9091, 0.8462, 1.0, 0.875, 1.0, 0.6667, 1.0, 1.0, 0.75, 0.8, 0.8889, 0.8333, 1.0, 1.0, 0.6, 0.6667, 0.8, 1.0, 0.8, 1.0, 0.8, 0.6667, 0.1111, 0.8, 0.0, 1.0, 0.875, 1.0, 1.0, 0.75, 0.25, 1.0, 0.0, 1.0, 0.8889, 1.0, 0.8, 1.0, 0.0, 0.75, 0.0, 1.0, 1.0, 0.8333, 0.8571, 0.625, 0.0, 1.0, 0.0833, 1.0, 0.8889, 0.8182, 0.6667]"
random,1.0,7,random,0.672,0.672,0.672,0.0,33,True,1344,0,322,334,0,"[0.05, 0.0745, 0.099, 0.1265, 0.1605, 0.2, 0.2415, 0.291, 0.3375, 0.387, 0.4275, 0.4615, 0.492, 0.524, 0.5505, 0.569, 0.5805, 0.595, 0.6075, 0.6185, 0.6305, 0.6395, 0.6505, 0.656, 0.6605, 0.664, 0.6665, 0.668, 0.6685, 0.669, 0.67, 0.6715, 0.672, 0.672, 0.672, 0.672, 0.672, 0.672, 0.672, 0.672, 0.672, 0.672, 0.672, 0.672, 0.672, 0.672, 0.672, 0.672, 0.672, 0.672, 0.672, 0.672, 0.672, 0.672, 0.672, 0.672, 0.672, 0.672, 0.672, 0.672, 0.672, 0.672, 0.672, 0.672, 0.672, 0.672, 0.672, 0.672, 0.672, 0.672, 0.672, 0.672, 0.672, 0.672, 0.672, 0.672, 0.672, 0.672, 0.672, 0.672, 0.672, 0.672, 0.672, 0.672, 0.672, 0.672, 0.672, 0.672, 0.672, 0.672, 0.672, 0.672, 0.672, 0.672, 0.672, 0.672, 0.672, 0.672, 0.672, 0.672, 0.672]","{""0"": 0.5157, ""1"": 0.6721, ""2"": 0.5951, ""3"": 0.8419, ""4"": 0.888, ""5"": 0.8304, ""6"": 0.7362, ""7"": 0.322}","[0.7778, 0.8571, 1.0, 0.8333, 0.7273, 1.0, 1.0, 0.7143, 0.25, 1.0, 0.8333, 0.6667, 1.0, 0.7143, 0.875, 0.7, 0.1111, 0.6667, 0.8889, 0.9, 0.7143, 0.8889, 0.6, 1.0, 0.0, 0.875, 0.25, 0.6667, 0.875, 0.75, 0.9091, 0.7143, 0.0, 0.75, 0.8571, 0.8571, 1.0, 0.8889, 1.0, 0.7778, 0.0, 1.0, 0.8571, 1.0, 1.0, 0.8, 0.75, 0.8, 0.0, 0.3333, 0.875, 1.0, 0.9231, 0.9091, 1.0, 0.8889, 0.2, 0.0909, 1.0, 0.9091, 0.7143, 0.9091, 0.75, 1.0, 0.0, 0.0, 0.6364, 0.7143, 0.7143, 1.0, 0.8571, 0.8571, 0.0, 0.0909, 0.7778, 1.0, 0.8, 0.9, 0.8571, 0.6364, 0.0, 0.1667, 0.875, 1.0, 1.0, 1.0, 0.8333, 0.8182, 0.0, 0.2222, 0.7143, 1.0, 0.8, 0.8182, 0.8571, 0.8889, 0.0, 0.0, 0.9091, 1.0, 0.6667, 0.9, 0.6667, 0.875, 0.0, 0.1, 0.25, 1.0, 0.875, 0.9, 0.8333, 0.8, 0.0, 0.0, 0.0, 0.8889, 0.9231, 1.0, 0.8333, 1.0, 0.1, 0.0, 0.0, 0.7778, 0.9, 0.875, 1.0, 0.7857, 0.0, 0.0, 0.0, 1.0, 0.8571, 0.875, 0.8571, 0.7, 0.0, 0.8571, 0.0, 0.875, 0.5, 0.5, 0.625, 0.6667, 0.125, 0.6667, 0.2222, 0.8571, 0.8571, 1.0, 0.7143, 1.0, 0.0, 0.8571, 0.8, 0.0, 0.9091, 1.0, 0.875, 0.6667, 0.0, 0.7778, 0.75, 0.0, 0.9091, 1.0, 0.6667, 0.8333, 0.7778, 0.6, 0.8571, 0.0, 0.75, 0.9167, 0.8333, 0.9, 0.875, 0.7, 0.9091, 0.0, 1.0, 0.8889, 0.8, 0.75, 1.0, 0.5, 1.0, 0.0, 0.8333, 0.9, 0.75, 0.2, 0.875, 0.75, 0.75, 0.0, 0.8571, 0.875, 0.8, 0.125, 1.0, 0.8571, 0.6, 0.0, 0.7, 0.8333, 0.8, 0.0, 0.8889, 1.0, 0.8571, 0.0, 1.0, 0.8182, 1.0, 0.0, 1.0, 0.8571, 1.0, 0.0, 0.7692, 1.0, 0.7143, 0.6667, 0.7, 0.625, 0.8333, 0.0, 0.75, 0.8889, 1.0, 0.7778, 0.9167, 0.8, 0.75, 1.0, 0.875, 0.875, 0.8889, 0.9091, 0.7778, 0.7143, 0.8571, 1.0, 0.8571, 0.7143, 0.6667, 0.9091, 0.0, 0.6667]"
random,1.0,8,random,0.6955,0.6955,0.6955,0.0,39,True,1391,0,277,332,0,"[0.05, 0.0765, 0.1065, 0.1445, 0.1895, 0.2335, 0.2705, 0.295, 0.316, 0.336, 0.365, 0.391, 0.416, 0.442, 0.4685, 0.4985, 0.5315, 0.5555, 0.574, 0.5895, 0.6, 0.6055, 0.612, 0.6225, 0.632, 0.6425, 0.6515, 0.6565, 0.666, 0.674, 0.679, 0.682, 0.6845, 0.686, 0.6885, 0.6905, 0.6915, 0.6945, 0.6955, 0.6955, 0.6955, 0.6955, 0.6955, 0.6955, 0.6955, 0.6955, 0.6955, 0.6955, 0.6955, 0.6955, 0.6955, 0.6955, 0.6955, 0.6955, 0.6955, 0.6955, 0.6955, 0.6955, 0.6955, 0.6955, 0.6955, 0.6955, 0.6955, 0.6955, 0.6955, 0.6955, 0.6955, 0.6955, 0.6955, 0.6955, 0.6955, 0.6955, 0.6955, 0.6955, 0.6955, 0.6955, 0.6955, 0.6955, 0.6955, 0.6955, 0.6955, 0.6955, 0.6955, 0.6955, 0.6955, 0.6955, 0.6955, 0.6955, 0.6955, 0.6955, 0.6955, 0.6955, 0.6955, 0.6955, 0.6955, 0.6955, 0.6955, 0.6955, 0.6955, 0.6955, 0.6955]","{""0"": 0.3774, ""1"": 0.3545, ""2"": 0.8577, ""3"": 0.8313, ""4"": 0.876, ""5"": 0.8661, ""6"": 0.8854, ""7"": 0.5654}","[0.8889, 0.875, 0.3333, 0.7273, 1.0, 0.8571, 0.7778, 0.75, 0.0, 1.0, 0.1429, 0.7778, 0.9, 0.8889, 0.6667, 0.8462, 0.0, 0.5714, 0.1, 0.8182, 1.0, 0.6, 1.0, 0.8, 0.1429, 0.125, 0.0, 0.9231, 1.0, 0.7143, 1.0, 0.9, 0.1, 0.1667, 0.0, 1.0, 0.8571, 0.8889, 0.8889, 0.8571, 0.0769, 0.8889, 0.0, 0.9, 0.7778, 0.8462, 0.8333, 0.8571, 0.0, 1.0, 0.5, 0.8889, 0.375, 0.8571, 0.875, 1.0, 0.0, 0.0, 0.875, 0.8, 0.8333, 0.9, 0.8, 1.0, 0.0, 0.0, 0.8571, 0.9, 1.0, 0.8333, 0.6667, 0.6667, 0.75, 0.0, 1.0, 1.0, 0.75, 0.8889, 0.625, 1.0, 0.7778, 0.1667, 0.7143, 0.7143, 0.875, 1.0, 1.0, 0.8, 0.7778, 0.0, 0.8889, 0.9, 1.0, 1.0, 1.0, 0.75, 0.9167, 0.0, 0.6667, 1.0, 0.8571, 1.0, 0.6667, 0.7143, 0.6667, 0.0, 0.8889, 0.8, 0.75, 0.7778, 1.0, 1.0, 0.75, 0.0, 1.0, 1.0, 1.0, 1.0, 0.875, 1.0, 1.0, 0.0, 0.8333, 0.7143, 0.3333, 0.8889, 0.875, 1.0, 1.0, 0.1429, 0.9, 0.75, 0.875, 0.8462, 1.0, 1.0, 0.875, 0.0, 0.8, 1.0, 0.6667, 0.875, 1.0, 0.9, 0.8333, 0.0, 0.0, 0.75, 1.0, 1.0, 0.8889, 1.0, 1.0, 0.0, 0.0, 1.0, 0.8333, 1.0, 0.75, 0.6667, 1.0, 0.0, 0.0, 0.4286, 1.0, 0.7273, 1.0, 0.7143, 0.8, 0.0, 0.0, 0.7778, 0.7778, 0.8571, 1.0, 1.0, 0.8889, 0.0909, 0.0, 0.8333, 0.8571, 1.0, 0.9, 1.0, 1.0, 0.0, 0.0, 0.8571, 0.6667, 0.6667, 0.8571, 0.75, 0.8, 1.0, 0.1667, 1.0, 0.6667, 0.75, 1.0, 0.7778, 1.0, 0.7692, 0.0, 1.0, 0.5714, 1.0, 0.7778, 0.9, 0.6, 0.8333, 0.2, 1.0, 0.75, 1.0, 0.5714, 0.8333, 0.7, 0.7, 0.2857, 0.8, 0.8889, 1.0, 1.0, 1.0, 0.75, 1.0, 0.0, 0.7143, 0.9286, 0.8889, 1.0, 1.0, 0.5714, 0.9, 0.125, 1.0, 0.6667, 1.0, 0.75, 1.0, 0.8571, 0.75, 0.3, 1.0, 0.8182, 0.6667, 0.8333, 0.8, 0.1, 1.0]"
random,1.0,9,random,0.559,0.559,0.559,0.0,46,True,1118,0,294,588,0,"[0.05, 0.072, 0.0915, 0.1125, 0.138, 0.168, 0.1975, 0.228, 0.2545, 0.2785, 0.2955, 0.3095, 0.327, 0.3375, 0.3435, 0.351, 0.356, 0.3615, 0.3705, 0.383, 0.3935, 0.4015, 0.409, 0.4125, 0.415, 0.419, 0.422, 0.426, 0.4335, 0.4445, 0.4555, 0.461, 0.467, 0.4755, 0.484, 0.4915, 0.502, 0.517, 0.5305, 0.539, 0.5465, 0.551, 0.5545, 0.5555, 0.5585, 0.559, 0.559, 0.559, 0.559, 0.559, 0.559, 0.559, 0.559, 0.559, 0.559, 0.559, 0.559, 0.559, 0.559, 0.559, 0.559, 0.559, 0.559, 0.559, 0.559, 0.559, 0.559, 0.559, 0.559, 0.559, 0.559, 0.559, 0.559, 0.559, 0.559, 0.559, 0.559, 0.559, 0.559, 0.559, 0.559, 0.559, 0.559, 0.559, 0.559, 0.559, 0.559, 0.559, 0.559, 0.559, 0.559, 0.559, 0.559, 0.559, 0.559, 0.559, 0.559, 0.559, 0.559, 0.559, 0.559]","{""0"": 0.8796, ""1"": 0.8589, ""2"": 0.2429, ""3"": 0.6865, ""4"": 0.0543, ""5"": 0.2954, ""6"": 0.8436, ""7"": 0.5951}","[0.5556, 1.0, 1.0, 0.0, 1.0, 0.0, 0.4, 0.8889, 1.0, 1.0, 0.75, 0.1667, 0.875, 0.0, 0.1111, 0.8889, 1.0, 0.75, 0.875, 0.0, 0.5, 0.0, 0.2, 0.9091, 0.9, 0.8571, 0.75, 0.1, 0.8571, 0.1111, 0.0, 0.7143, 1.0, 0.8333, 0.8571, 0.0, 0.8, 0.0, 0.0, 1.0, 1.0, 1.0, 0.8889, 0.0, 0.75, 0.125, 0.0, 0.8333, 0.6, 0.8333, 0.8, 0.0, 0.7778, 0.0, 0.1818, 0.8571, 0.0, 0.8571, 1.0, 0.0, 0.8333, 0.0, 0.0, 0.6, 0.0, 0.9091, 0.875, 0.1667, 0.8462, 0.2222, 0.0, 1.0, 0.125, 0.8, 0.8, 0.2857, 0.8571, 0.0, 0.0, 1.0, 0.0, 1.0, 1.0, 0.0, 0.9091, 0.1429, 0.0, 1.0, 0.1111, 0.9091, 1.0, 0.0, 0.8182, 0.2857, 0.0, 0.8571, 0.8571, 0.7778, 0.8, 0.0, 0.875, 0.0, 0.0, 0.8, 0.8182, 1.0, 0.8571, 0.0, 0.9231, 0.125, 0.0, 0.8571, 0.5, 1.0, 1.0, 0.0, 0.1667, 0.0, 0.0, 0.875, 0.7, 0.9091, 0.75, 0.125, 0.125, 0.0, 0.0, 0.7, 0.875, 1.0, 1.0, 0.0909, 0.125, 0.1111, 0.0, 0.6667, 1.0, 0.9167, 0.875, 0.0, 0.0, 0.0, 0.0, 0.6667, 0.8, 0.7692, 0.7778, 0.0, 0.0, 0.1667, 0.0, 0.875, 0.9091, 1.0, 0.9091, 0.0909, 0.1667, 0.0, 0.125, 1.0, 1.0, 0.7, 0.875, 0.0, 0.0, 0.2857, 0.0, 0.8333, 0.875, 0.7778, 0.7143, 0.0, 0.8571, 0.0, 0.0, 1.0, 0.7143, 1.0, 1.0, 0.9091, 1.0, 0.0, 0.875, 0.875, 0.8571, 1.0, 0.8571, 0.4, 0.8571, 0.0, 1.0, 0.6923, 0.6667, 0.7143, 0.5, 0.8889, 0.75, 0.0, 0.9167, 0.6667, 0.2857, 0.6, 0.9, 0.9, 0.875, 0.125, 1.0, 0.8889, 0.1429, 0.7692, 0.6667, 1.0, 0.75, 0.0, 0.7778, 0.875, 0.0, 0.9, 0.9091, 0.8889, 0.5714, 0.0, 0.8571, 0.875, 0.0, 1.0, 0.8571, 0.5, 1.0, 0.0909, 1.0, 0.75, 0.2222, 1.0, 1.0, 0.0909, 0.9167, 0.0, 0.8, 0.9091, 0.0, 1.0, 0.8571, 0.0, 0.7778, 0.0, 0.5, 0.8182, 0.8889, 0.9]"
random,1.0,10,random,0.5935,0.5935,0.5935,0.0,45,True,1187,0,303,510,0,"[0.05, 0.0735, 0.094, 0.1255, 0.158, 0.189, 0.22, 0.252, 0.278, 0.289, 0.3015, 0.314, 0.3275, 0.3405, 0.357, 0.3795, 0.4015, 0.426, 0.442, 0.4595, 0.472, 0.487, 0.509, 0.527, 0.546, 0.5555, 0.5635, 0.5645, 0.566, 0.5675, 0.57, 0.5735, 0.5755, 0.578, 0.5805, 0.581, 0.5815, 0.582, 0.5835, 0.5845, 0.5865, 0.5885, 0.5905, 0.593, 0.5935, 0.5935, 0.5935, 0.5935, 0.5935, 0.5935, 0.5935, 0.5935, 0.5935, 0.5935, 0.5935, 0.5935, 0.5935, 0.5935, 0.5935, 0.5935, 0.5935, 0.5935, 0.5935, 0.5935, 0.5935, 0.5935, 0.5935, 0.5935, 0.5935, 0.5935, 0.5935, 0.5935, 0.5935, 0.5935, 0.5935, 0.5935, 0.5935, 0.5935, 0.5935, 0.5935, 0.5935, 0.5935, 0.5935, 0.5935, 0.5935, 0.5935, 0.5935, 0.5935, 0.5935, 0.5935, 0.5935, 0.5935, 0.5935, 0.5935, 0.5935, 0.5935, 0.5935, 0.5935, 0.5935, 0.5935, 0.5935]","{""0"": 0.4959, ""1"": 0.0541, ""2"": 0.8498, ""3"": 0.711, ""4"": 0.8712, ""5"": 0.83, ""6"": 0.0826, ""7"": 0.8519}","[0.6667, 0.0, 0.1111, 0.6667, 1.0, 0.8462, 1.0, 0.125, 0.9091, 0.0, 0.0909, 0.75, 0.8889, 0.8333, 0.5, 0.0, 0.8333, 0.0833, 0.0, 0.8333, 0.7143, 0.75, 0.8462, 0.1, 0.7, 0.0, 0.125, 0.875, 0.75, 0.9, 1.0, 0.0, 0.6667, 0.0, 0.0, 1.0, 0.75, 0.8889, 1.0, 0.0, 1.0, 0.1, 0.0, 0.6667, 0.6667, 0.8571, 1.0, 0.0, 0.75, 0.2, 0.0, 1.0, 0.8571, 0.875, 0.8889, 0.0909, 1.0, 0.0, 0.0, 0.875, 0.125, 1.0, 0.8571, 0.1429, 1.0, 0.0, 0.0, 0.7, 0.0, 1.0, 0.7273, 0.4, 0.7778, 0.0909, 0.1667, 0.6667, 0.2857, 1.0, 1.0, 0.25, 1.0, 0.7143, 0.1111, 0.8571, 0.0, 0.9167, 1.0, 0.0, 1.0, 0.625, 0.125, 0.8571, 0.0, 0.7143, 0.875, 0.0, 0.5, 0.6, 0.1667, 1.0, 0.0909, 0.7143, 0.75, 0.0, 0.75, 1.0, 0.0, 1.0, 1.0, 0.7143, 0.75, 0.7, 0.8571, 0.8, 0.0, 0.7143, 1.0, 1.0, 0.8333, 0.125, 1.0, 0.8571, 0.0, 0.75, 1.0, 1.0, 0.8889, 0.125, 0.6667, 1.0, 0.125, 1.0, 1.0, 1.0, 0.9, 0.0, 1.0, 0.7143, 0.0, 1.0, 1.0, 0.875, 0.4545, 0.0, 0.8333, 0.8, 0.0, 1.0, 0.8889, 0.8, 1.0, 0.0, 0.875, 0.7778, 0.1111, 1.0, 0.8571, 0.8182, 0.6667, 0.0, 1.0, 0.8571, 0.0, 0.6, 0.8571, 0.8889, 0.8, 0.0, 0.8889, 0.6667, 0.25, 0.8333, 1.0, 0.7143, 1.0, 0.0, 0.8333, 1.0, 0.0, 0.8571, 0.9231, 0.8, 0.875, 0.0, 0.75, 1.0, 0.0, 0.7143, 0.8462, 0.8889, 0.6, 0.0, 0.8571, 1.0, 0.0, 1.0, 1.0, 0.8889, 0.7143, 0.0, 0.8, 0.8333, 0.1, 1.0, 0.875, 1.0, 0.5714, 0.0, 0.8571, 0.6667, 0.1429, 0.7143, 0.8571, 0.875, 0.875, 0.125, 0.8571, 1.0, 0.0, 0.875, 0.625, 0.8, 1.0, 0.1667, 0.875, 0.8889, 0.0833, 0.7778, 0.8, 1.0, 0.7143, 0.0, 0.8571, 0.0, 0.0, 1.0, 0.6667, 0.9167, 0.9091, 0.0, 1.0, 0.0, 0.0, 0.875, 0.6667, 1.0, 0.8333, 0.1111, 0.625, 0.0]"
random,1.0,11,random,0.75,0.75,0.75,0.0,45,True,1500,0,296,204,0,"[0.05, 0.068, 0.0835, 0.101, 0.1195, 0.1425, 0.1685, 0.199, 0.2265, 0.25, 0.2735, 0.3015, 0.3265, 0.351, 0.3805, 0.402, 0.4215, 0.445, 0.476, 0.4985, 0.5185, 0.54, 0.56, 0.5785, 0.6, 0.6205, 0.64, 0.6545, 0.666, 0.6795, 0.693, 0.6995, 0.7045, 0.713, 0.7195, 0.729, 0.7345, 0.738, 0.742, 0.745, 0.747, 0.748, 0.7485, 0.749, 0.75, 0.75, 0.75, 0.75, 0.75, 0.75, 0.75, 0.75, 0.75, 0.75, 0.75, 0.75, 0.75, 0.75, 0.75, 0.75, 0.75, 0.75, 0.75, 0.75, 0.75, 0.75, 0.75, 0.75, 0.75, 0.75, 0.75, 0.75, 0.75, 0.75, 0.75, 0.75, 0.75, 0.75, 0.75, 0.75, 0.75, 0.75, 0.75, 0.75, 0.75, 0.75, 0.75, 0.75, 0.75, 0.75, 0.75, 0.75, 0.75, 0.75, 0.75, 0.75, 0.75, 0.75, 0.75, 0.75, 0.75]","{""0"": 0.7362, ""1"": 0.7734, ""2"": 0.8566, ""3"": 0.6047, ""4"": 0.572, ""5"": 0.7214, ""6"": 0.8623, ""7"": 0.8792}","[0.8889, 1.0, 0.8, 0.8571, 1.0, 0.7143, 0.7778, 0.9091, 1.0, 0.75, 1.0, 0.9, 0.75, 1.0, 1.0, 0.7778, 0.8333, 0.8, 0.8333, 0.875, 0.7273, 0.7273, 0.8889, 0.8889, 1.0, 0.7857, 1.0, 0.75, 0.7, 1.0, 1.0, 0.6667, 1.0, 0.8, 0.8889, 0.7778, 0.8, 0.75, 0.7, 1.0, 0.8889, 0.7, 0.7778, 1.0, 1.0, 0.125, 1.0, 0.8, 0.9, 1.0, 0.8571, 1.0, 0.7778, 0.1111, 1.0, 0.7143, 0.7143, 0.7778, 0.8333, 0.8182, 0.7, 0.125, 1.0, 0.8571, 0.9091, 1.0, 0.1667, 0.8571, 0.75, 0.0, 0.8462, 0.8, 0.8571, 1.0, 0.1111, 0.6667, 0.6667, 0.0, 1.0, 1.0, 0.8333, 1.0, 0.0, 0.9, 0.7778, 0.0, 0.6923, 0.875, 0.75, 0.8333, 0.4, 0.7778, 1.0, 0.0, 0.0, 0.7, 0.9, 1.0, 1.0, 0.9091, 1.0, 0.0, 0.0, 1.0, 0.8, 0.0, 0.8889, 0.8, 0.75, 0.25, 0.0769, 0.6, 0.8333, 0.0, 1.0, 1.0, 1.0, 0.1667, 0.0, 1.0, 0.75, 0.25, 1.0, 1.0, 1.0, 0.0, 0.0, 1.0, 0.9, 0.125, 1.0, 0.6667, 0.75, 0.0, 0.8333, 1.0, 0.8571, 0.0, 0.6667, 1.0, 0.1667, 0.6667, 0.875, 0.75, 1.0, 0.6667, 0.7778, 0.625, 0.0, 0.7143, 1.0, 0.8571, 0.875, 0.8, 0.5, 0.8571, 0.0, 0.8333, 1.0, 0.8889, 1.0, 0.4, 0.9, 0.6, 0.0, 0.8889, 0.7778, 1.0, 0.8, 0.9, 0.7143, 0.75, 0.0, 1.0, 0.8333, 1.0, 1.0, 1.0, 1.0, 0.8571, 0.0, 0.6667, 0.7273, 1.0, 0.6, 1.0, 0.8182, 0.8571, 0.0, 1.0, 1.0, 0.8571, 0.9167, 0.875, 0.8182, 1.0, 0.0, 0.75, 0.75, 1.0, 1.0, 1.0, 1.0, 0.75, 0.0, 0.8125, 0.875, 0.9, 1.0, 0.5, 1.0, 0.875, 0.8571, 0.875, 0.8571, 0.75, 1.0, 0.75, 0.7778, 0.9091, 0.5, 1.0, 0.8333, 0.75, 1.0, 0.7778, 1.0, 0.8, 0.875, 0.8571, 1.0, 0.75, 1.0, 0.8571, 0.8571, 0.8889, 0.7778, 1.0, 0.75, 0.8889, 0.6667, 1.0, 0.75, 1.0, 0.875, 0.7143, 0.7273, 0.8889, 0.7143, 0.9]"
champions,0.4,0,champions,0.068,0.068,0.068,-0.0,3,True,136,0,287,1577,0,"[0.05, 0.0645, 0.068, 0.068, 0.068, 0.068, 0.068, 0.068, 0.068, 0.068, 0.068, 0.068, 0.068, 0.068, 0.068, 0.068, 0.068, 0.068, 0.068, 0.068, 0.068, 0.068, 0.068, 0.068, 0.068, 0.068, 0.068, 0.068, 0.068, 0.068, 0.068, 0.068, 0.068, 0.068, 0.068, 0.068, 0.068, 0.068, 0.068, 0.068, 0.068, 0.068, 0.068, 0.068, 0.068, 0.068, 0.068, 0.068, 0.068, 0.068, 0.068, 0.068, 0.068, 0.068, 0.068, 0.068, 0.068, 0.068, 0.068, 0.068, 0.068, 0.068, 0.068, 0.068, 0.068, 0.068, 0.068, 0.068, 0.068, 0.068, 0.068, 0.068, 0.068, 0.068, 0.068, 0.068, 0.068, 0.068, 0.068, 0.068, 0.068, 0.068, 0.068, 0.068, 0.068, 0.068, 0.068, 0.068, 0.068, 0.068, 0.068, 0.068, 0.068, 0.068, 0.068, 0.068, 0.068, 0.068, 0.068, 0.068, 0.068]","{""0"": 0.0531, ""1"": 0.0541, ""2"": 0.0319, ""3"": 0.1141, ""4"": 0.0581, ""5"": 0.072, ""6"": 0.0329, ""7"": 0.1215}","[1.0, 0.0, 0.0, 0.0833, 0.0, 0.0, 0.0, 0.0, 0.0, 0.0, 0.0, 0.0, 0.0, 0.1429, 0.0, 0.125, 0.0, 0.0, 0.0, 0.0, 0.0, 0.2222, 0.7222, 0.0, 0.0, 0.0, 0.2, 0.0, 0.1429, 0.1, 0.0, 0.0, 0.125, 0.0, 0.0, 0.1429, 0.1111, 0.0, 0.1, 0.0, 0.0, 0.0, 0.1667, 0.0, 0.3333, 0.0, 0.1111, 0.0, 0.25, 0.0, 0.0, 0.0, 0.2727, 0.0, 0.0, 0.0, 0.1111, 0.0, 0.0, 0.1429, 0.0, 0.0, 0.0, 0.0, 0.0, 0.0, 0.25, 0.0, 0.0, 0.0, 0.0, 0.0, 0.0, 0.0, 0.0, 0.0, 0.0, 0.0, 0.0833, 0.0909, 0.0, 0.0, 0.2, 0.0, 0.0, 0.1667, 0.0, 0.0, 0.0, 0.0, 0.0, 0.0, 0.0, 0.0, 0.0, 0.0, 0.0, 0.25, 0.0, 0.0, 0.0, 0.0, 0.0, 0.0, 0.125, 0.1818, 0.0, 0.0, 0.4615, 0.0, 0.0, 0.0, 0.125, 0.2222, 0.0, 0.0, 0.2857, 0.3636, 0.0, 0.0, 0.375, 0.0, 0.0, 0.0, 0.1667, 0.0, 0.0, 0.0, 0.5, 0.0, 0.2, 0.0, 0.0909, 0.1, 0.0, 0.0, 0.4444, 0.0, 0.0, 0.0, 0.25, 0.0, 0.0, 0.0, 0.5, 0.0, 0.1, 0.0, 0.1, 0.0, 0.0, 0.0, 0.1111, 0.0, 0.125, 0.0, 0.4, 0.0, 0.0, 0.0, 0.0, 0.0, 0.0, 0.0, 0.0909, 0.0, 0.0, 0.0, 0.0, 0.0, 0.1818, 0.0, 0.1111, 0.0, 0.0, 0.0, 0.0, 0.0, 0.0, 0.0, 0.0, 0.0, 0.0, 0.1111, 0.0, 0.125, 0.0, 0.0769, 0.0, 0.0, 0.0, 0.0, 0.0, 0.0, 0.0, 0.0, 0.0, 0.0, 0.0, 0.0, 0.0, 0.0833, 0.0, 0.1111, 0.0, 0.0, 0.0, 0.1111, 0.0, 0.1429, 0.0, 0.0, 0.0, 0.1667, 0.2, 0.2, 0.0, 0.1667, 0.0, 0.0, 0.0, 0.0, 0.0, 0.1, 0.0, 0.0, 0.0833, 0.0, 0.0, 0.0, 0.0, 0.0, 0.3333, 0.0, 0.0, 0.1111, 0.0, 0.1667, 0.0, 0.0, 0.0, 0.0, 0.0, 0.1111, 0.1667, 0.1, 0.0, 0.0, 0.0, 0.0]"
champions,0.4,1,champions,0.062,0.062,0.062,-0.0,3,True,124,0,271,1605,0,"[0.05, 0.061, 0.062, 0.062, 0.062, 0.062, 0.062, 0.062, 0.062, 0.062, 0.062, 0.062, 0.062, 0.062, 0.062, 0.062, 0.062, 0.062, 0.062, 0.062, 0.062, 0.062, 0.062, 0.062, 0.062, 0.062, 0.062, 0.062, 0.062, 0.062, 0.062, 0.062, 0.062, 0.062, 0.062, 0.062, 0.062, 0.062, 0.062, 0.062, 0.062, 0.062, 0.062, 0.062, 0.062, 0.062, 0.062, 0.062, 0.062, 0.062, 0.062, 0.062, 0.062, 0.062, 0.062, 0.062, 0.062, 0.062, 0.062, 0.062, 0.062, 0.062, 0.062, 0.062, 0.062, 0.062, 0.062, 0.062, 0.062, 0.062, 0.062, 0.062, 0.062, 0.062, 0.062, 0.062, 0.062, 0.062, 0.062, 0.062, 0.062, 0.062, 0.062, 0.062, 0.062, 0.062, 0.062, 0.062, 0.062, 0.062, 0.062, 0.062, 0.062, 0.062, 0.062, 0.062, 0.062, 0.062, 0.062, 0.062, 0.062]","{""0"": 0.0413, ""1"": 0.0551, ""2"": 0.0734, ""3"": 0.0714, ""4"": 0.0598, ""5"": 0.0289, ""6"": 0.0899, ""7"": 0.068}","[1.0, 0.0, 0.0, 0.0, 0.2308, 0.0, 0.0, 0.0909, 0.1429, 0.0909, 0.0, 0.1, 0.0, 0.0, 0.0, 0.0, 0.0, 0.0, 0.0, 0.0, 0.1, 0.0, 0.0, 0.0, 0.1667, 0.1, 0.0, 0.125, 0.0909, 0.0, 0.0, 0.25, 0.0, 0.0, 0.0, 0.0, 0.0, 0.0, 0.0, 0.1, 0.0, 0.0, 0.1667, 0.0, 0.0, 0.0, 0.0, 0.0909, 0.0, 0.0909, 0.1, 0.1429, 0.0, 0.1111, 0.0, 0.0, 0.1, 0.0, 0.0, 0.0, 0.1667, 0.0, 0.0, 0.0, 0.1667, 0.25, 0.0, 0.0, 0.2, 0.0, 0.0, 0.0, 0.0, 0.0, 0.0, 0.0, 0.1111, 0.0, 0.1, 0.0, 0.0, 0.0, 0.0, 0.0833, 0.0, 0.0, 0.0, 0.0, 0.0, 0.0, 0.1, 0.0, 0.0, 0.0, 0.0, 0.0, 0.0, 0.0, 0.1, 0.0, 0.0, 0.0, 0.0, 0.0, 0.0, 0.1111, 0.2222, 0.0, 0.0, 0.0, 0.0, 0.125, 0.0, 0.0, 0.0, 0.0, 0.125, 0.0, 0.0, 0.1111, 0.0, 0.0, 0.0, 0.125, 0.0, 0.0, 0.0, 0.4, 0.1538, 0.0, 0.0, 0.1667, 0.0, 0.0, 0.0, 0.1818, 0.0, 0.0, 0.1429, 0.1111, 0.0, 0.0, 0.125, 0.0, 0.0909, 0.0, 0.0, 0.3846, 0.0, 0.0, 0.1429, 0.0, 0.0, 0.0, 0.1, 0.0, 0.0, 0.0, 0.0, 0.0, 0.125, 0.1, 0.0, 0.0, 0.0, 0.0, 0.0, 0.0, 0.0, 0.0, 0.0, 0.125, 0.0, 0.0, 0.0909, 0.1429, 0.0, 0.0, 0.0, 0.0, 0.0909, 0.0, 0.0, 0.0, 0.0, 0.0, 0.0, 0.0, 0.25, 0.125, 0.0, 0.3, 0.1, 0.0, 0.0, 0.0, 0.125, 0.0, 0.0, 0.4167, 0.0, 0.0, 0.0, 0.0, 0.0, 0.0, 0.0, 0.0, 0.1111, 0.0, 0.1111, 0.0, 0.0, 0.5385, 0.1, 0.1111, 0.3333, 0.1667, 0.3333, 0.0, 0.1429, 0.0, 0.0, 0.0, 0.0, 0.0, 0.0, 0.0, 0.0, 0.1, 0.0, 0.0, 0.0, 0.0, 0.125, 0.1667, 0.0, 0.4, 0.0, 0.0, 0.0, 0.0, 0.0, 0.2308, 0.0, 0.0, 0.1429, 0.0833, 0.0, 0.0833]"
champions,0.4,2,champions,0.0595,0.0595,0.0595,0.0,3,True,119,0,262,1619,0,"[0.05, 0.059, 0.0595, 0.0595, 0.0595, 0.0595, 0.0595, 0.0595, 0.0595, 0.0595, 0.0595, 0.0595, 0.0595, 0.0595, 0.0595, 0.0595, 0.0595, 0.0595, 0.0595, 0.0595, 0.0595, 0.0595, 0.0595, 0.0595, 0.0595, 0.0595, 0.0595, 0.0595, 0.0595, 0.0595, 0.0595, 0.0595, 0.0595, 0.0595, 0.0595, 0.0595, 0.0595, 0.0595, 0.0595, 0.0595, 0.0595, 0.0595, 0.0595, 0.0595, 0.0595, 0.0595, 0.0595, 0.0595, 0.0595, 0.0595, 0.0595, 0.0595, 0.0595, 0.0595, 0.0595, 0.0595, 0.0595, 0.0595, 0.0595, 0.0595, 0.0595, 0.0595, 0.0595, 0.0595, 0.0595, 0.0595, 0.0595, 0.0595, 0.0595, 0.0595, 0.0595, 0.0595, 0.0595, 0.0595, 0.0595, 0.0595, 0.0595, 0.0595, 0.0595, 0.0595, 0.0595, 0.0595, 0.0595, 0.0595, 0.0595, 0.0595, 0.0595, 0.0595, 0.0595, 0.0595, 0.0595, 0.0595, 0.0595, 0.0595, 0.0595, 0.0595, 0.0595, 0.0595, 0.0595, 0.0595, 0.0595]","{""0"": 0.0837, ""1"": 0.0427, ""2"": 0.0445, ""3"": 0.0792, ""4"": 0.0885, ""5"": 0.0513, ""6"": 0.0435, ""7"": 0.0329}","[1.0, 0.0, 0.0, 0.0, 0.0, 0.0, 0.1, 0.2727, 0.0, 0.0, 0.0, 0.2, 0.0, 0.0, 0.1111, 0.1, 0.1111, 0.0, 0.0, 0.0, 0.0, 0.0, 0.2222, 0.125, 0.2, 0.1429, 0.0, 0.0, 0.0, 0.25, 0.1429, 0.1111, 0.0, 0.0, 0.0, 0.1, 0.0, 0.1538, 0.0, 0.0, 0.0, 0.0, 0.0, 0.0, 0.0, 0.1818, 0.0, 0.0, 0.0, 0.0, 0.0, 0.0, 0.0, 0.125, 0.1429, 0.0, 0.1, 0.0, 0.0, 0.0, 0.0, 0.0, 0.0, 0.125, 0.2, 0.0909, 0.0, 0.0, 0.0, 0.0833, 0.0, 0.0, 0.0, 0.0, 0.0, 0.0909, 0.0, 0.2308, 0.0, 0.0, 0.0, 0.2222, 0.0, 0.1, 0.0, 0.2, 0.1, 0.0, 0.0, 0.0, 0.2222, 0.0, 0.125, 0.0, 0.0, 0.0, 0.0, 0.0, 0.1538, 0.0, 0.0833, 0.25, 0.0, 0.0, 0.0, 0.0, 0.3, 0.0, 0.1818, 0.0, 0.0, 0.0, 0.0, 0.125, 0.125, 0.0, 0.2222, 0.1429, 0.0, 0.0, 0.0, 0.0, 0.0, 0.0, 0.1111, 0.0, 0.0, 0.0, 0.0, 0.1111, 0.0, 0.0, 0.1111, 0.0, 0.0, 0.0, 0.0, 0.0, 0.0, 0.0, 0.3571, 0.0, 0.0, 0.0, 0.0, 0.0, 0.0, 0.1, 0.1, 0.1111, 0.0, 0.0, 0.0, 0.0, 0.0, 0.0, 0.1538, 0.0, 0.0, 0.0, 0.0, 0.1538, 0.0, 0.1429, 0.0, 0.1, 0.0, 0.0, 0.0, 0.0, 0.0, 0.1667, 0.0, 0.0833, 0.2, 0.0, 0.0, 0.1429, 0.0, 0.1429, 0.0, 0.0, 0.0769, 0.0, 0.0, 0.0, 0.1429, 0.1111, 0.0, 0.0, 0.0, 0.0, 0.0, 0.3077, 0.0, 0.0, 0.2143, 0.0909, 0.0, 0.0, 0.0, 0.2857, 0.0, 0.0, 0.2, 0.1429, 0.0, 0.0, 0.1429, 0.3333, 0.0, 0.0, 0.0, 0.0, 0.0, 0.0, 0.0, 0.0, 0.0, 0.0, 0.0, 0.0, 0.0, 0.0, 0.0909, 0.0, 0.0, 0.0, 0.0, 0.0, 0.0, 0.0, 0.0, 0.2, 0.0, 0.1111, 0.0, 0.0909, 0.0, 0.0, 0.0, 0.0, 0.0, 0.0, 0.0, 0.1667, 0.2222, 0.3, 0.0, 0.1667]"
champions,0.4,3,champions,0.058,0.058,0.058,-0.0,2,True,116,0,294,1590,0,"[0.05, 0.058, 0.058, 0.058, 0.058, 0.058, 0.058, 0.058, 0.058, 0.058, 0.058, 0.058, 0.058, 0.058, 0.058, 0.058, 0.058, 0.058, 0.058, 0.058, 0.058, 0.058, 0.058, 0.058, 0.058, 0.058, 0.058, 0.058, 0.058, 0.058, 0.058, 0.058, 0.058, 0.058, 0.058, 0.058, 0.058, 0.058, 0.058, 0.058, 0.058, 0.058, 0.058, 0.058, 0.058, 0.058, 0.058, 0.058, 0.058, 0.058, 0.058, 0.058, 0.058, 0.058, 0.058, 0.058, 0.058, 0.058, 0.058, 0.058, 0.058, 0.058, 0.058, 0.058, 0.058, 0.058, 0.058, 0.058, 0.058, 0.058, 0.058, 0.058, 0.058, 0.058, 0.058, 0.058, 0.058, 0.058, 0.058, 0.058, 0.058, 0.058, 0.058, 0.058, 0.058, 0.058, 0.058, 0.058, 0.058, 0.058, 0.058, 0.058, 0.058, 0.058, 0.058, 0.058, 0.058, 0.058, 0.058, 0.058, 0.058]","{""0"": 0.0526, ""1"": 0.0478, ""2"": 0.0735, ""3"": 0.0736, ""4"": 0.0424, ""5"": 0.0327, ""6"": 0.0775, ""7"": 0.0618}","[0.8889, 0.0, 0.0, 0.0, 0.1, 0.0, 0.0, 0.0, 0.0, 0.0, 0.3, 0.0, 0.0909, 0.0, 0.0, 0.0, 0.0, 0.0, 0.0, 0.0, 0.0909, 0.0, 0.125, 0.0, 0.3333, 0.3333, 0.1667, 0.0, 0.0, 0.0, 0.0, 0.0, 0.0, 0.0, 0.0, 0.0, 0.1111, 0.0, 0.0, 0.125, 0.0, 0.0909, 0.0, 0.2143, 0.0909, 0.0, 0.0, 0.0, 0.0, 0.0, 0.0, 0.25, 0.0, 0.0, 0.0, 0.0, 0.0, 0.0, 0.0, 0.0, 0.1111, 0.0, 0.0, 0.0, 0.0, 0.0, 0.0, 0.0, 0.0, 0.0, 0.0, 0.2, 0.0, 0.125, 0.0, 0.0, 0.0, 0.3333, 0.0, 0.0, 0.0, 0.0, 0.0, 0.0, 0.0, 0.2, 0.0, 0.1, 0.0, 0.0, 0.0, 0.0, 0.0, 0.0, 0.1667, 0.1111, 0.0, 0.0, 0.0, 0.0, 0.2, 0.0, 0.0, 0.1111, 0.2308, 0.0, 0.0, 0.0, 0.0, 0.0, 0.0, 0.4167, 0.1111, 0.0, 0.0, 0.0833, 0.0, 0.0, 0.0, 0.25, 0.0, 0.0, 0.0833, 0.2, 0.0, 0.0, 0.0, 0.0, 0.1111, 0.0, 0.0, 0.0, 0.0, 0.0, 0.1, 0.0, 0.0, 0.1111, 0.0, 0.1667, 0.1667, 0.0, 0.0, 0.0, 0.0, 0.0, 0.0, 0.0, 0.0, 0.0, 0.0, 0.0, 0.0, 0.3, 0.0, 0.1111, 0.0, 0.0909, 0.0, 0.0, 0.0, 0.0, 0.125, 0.0, 0.0, 0.2, 0.0, 0.0, 0.0, 0.0, 0.2727, 0.0, 0.4, 0.0, 0.0, 0.0909, 0.0, 0.1667, 0.0, 0.2, 0.2, 0.0, 0.1538, 0.1, 0.0, 0.0, 0.0, 0.125, 0.0, 0.0, 0.0, 0.125, 0.0909, 0.125, 0.0, 0.0, 0.0, 0.0, 0.0, 0.0, 0.2857, 0.1667, 0.2, 0.0, 0.0, 0.0, 0.0, 0.0, 0.3077, 0.0, 0.0, 0.3077, 0.0, 0.0, 0.0, 0.1111, 0.1111, 0.0, 0.0, 0.0, 0.0, 0.0, 0.0, 0.1111, 0.0, 0.0, 0.0, 0.0, 0.1, 0.0, 0.1, 0.0909, 0.0, 0.0, 0.0, 0.0, 0.0, 0.0, 0.0, 0.0, 0.0, 0.0, 0.0, 0.0, 0.0, 0.0, 0.0, 0.0, 0.0, 0.0]"
champions,0.4,4,champions,0.0625,0.0625,0.0625,0.0,4,True,125,0,305,1570,0,"[0.05, 0.061, 0.062, 0.0625, 0.0625, 0.0625, 0.0625, 0.0625, 0.0625, 0.0625, 0.0625, 0.0625, 0.0625, 0.0625, 0.0625, 0.0625, 0.0625, 0.0625, 0.0625, 0.0625, 0.0625, 0.0625, 0.0625, 0.0625, 0.0625, 0.0625, 0.0625, 0.0625, 0.0625, 0.0625, 0.0625, 0.0625, 0.0625, 0.0625, 0.0625, 0.0625, 0.0625, 0.0625, 0.0625, 0.0625, 0.0625, 0.0625, 0.0625, 0.0625, 0.0625, 0.0625, 0.0625, 0.0625, 0.0625, 0.0625, 0.0625, 0.0625, 0.0625, 0.0625, 0.0625, 0.0625, 0.0625, 0.0625, 0.0625, 0.0625, 0.0625, 0.0625, 0.0625, 0.0625, 0.0625, 0.0625, 0.0625, 0.0625, 0.0625, 0.0625, 0.0625, 0.0625, 0.0625, 0.0625, 0.0625, 0.0625, 0.0625, 0.0625, 0.0625, 0.0625, 0.0625, 0.0625, 0.0625, 0.0625, 0.0625, 0.0625, 0.0625, 0.0625, 0.0625, 0.0625, 0.0625, 0.0625, 0.0625, 0.0625, 0.0625, 0.0625, 0.0625, 0.0625, 0.0625, 0.0625, 0.0625]","{""0"": 0.0522, ""1"": 0.0504, ""2"": 0.0472, ""3"": 0.0593, ""4"": 0.0588, ""5"": 0.0611, ""6"": 0.1065, ""7"": 0.0579}","[1.0, 0.0, 0.1818, 0.0, 0.1111, 0.125, 0.0, 0.1667, 0.2, 0.2857, 0.0, 0.0, 0.2857, 0.0, 0.0909, 0.1538, 0.1429, 0.1111, 0.0, 0.1818, 0.0, 0.2222, 0.1111, 0.3333, 0.125, 0.0, 0.0, 0.1, 0.25, 0.0, 0.0, 0.0, 0.0, 0.0, 0.0, 0.1, 0.0, 0.3, 0.0, 0.0, 0.1429, 0.0, 0.0, 0.0, 0.0, 0.0, 0.3636, 0.0, 0.0, 0.0, 0.0, 0.0, 0.0, 0.0, 0.0, 0.0, 0.3333, 0.3333, 0.1667, 0.0, 0.0833, 0.0, 0.0, 0.0, 0.1818, 0.0, 0.1111, 0.0, 0.2, 0.25, 0.0, 0.0, 0.0, 0.0, 0.0, 0.0, 0.2, 0.0, 0.0, 0.0, 0.0, 0.0, 0.0909, 0.0, 0.2, 0.0, 0.0, 0.0, 0.0, 0.0, 0.125, 0.0, 0.0, 0.1111, 0.0, 0.0, 0.0, 0.0909, 0.2727, 0.0, 0.0, 0.1111, 0.0, 0.0, 0.0, 0.125, 0.2, 0.0909, 0.2, 0.0, 0.1, 0.0, 0.0, 0.0, 0.0, 0.0, 0.0833, 0.0, 0.1, 0.0, 0.0, 0.0, 0.0, 0.0, 0.0, 0.0, 0.1429, 0.2, 0.1111, 0.0, 0.0, 0.0, 0.0, 0.1667, 0.2143, 0.1818, 0.0, 0.0, 0.0, 0.1667, 0.0, 0.0, 0.0, 0.1111, 0.0, 0.0, 0.0, 0.0, 0.1429, 0.0, 0.0769, 0.0, 0.0, 0.0, 0.0, 0.2308, 0.0, 0.0, 0.0, 0.0, 0.0, 0.0, 0.0, 0.125, 0.0, 0.0, 0.1111, 0.0, 0.0, 0.0, 0.0, 0.0909, 0.0, 0.0, 0.0, 0.0, 0.0, 0.0, 0.0, 0.0, 0.0, 0.0, 0.0, 0.3077, 0.0, 0.1429, 0.1429, 0.0, 0.0, 0.0, 0.0, 0.0, 0.0833, 0.0, 0.0, 0.0, 0.0, 0.0, 0.0, 0.0, 0.1111, 0.125, 0.0, 0.0, 0.0, 0.0, 0.0, 0.2, 0.125, 0.0, 0.0, 0.0, 0.0, 0.0, 0.0, 0.0, 0.0, 0.125, 0.0, 0.0, 0.0, 0.0, 0.0, 0.0909, 0.0, 0.0, 0.0, 0.0, 0.0, 0.1667, 0.0, 0.4286, 0.0, 0.0, 0.0, 0.0, 0.0, 0.0909, 0.0, 0.3125, 0.0, 0.0, 0.0, 0.0, 0.0, 0.0, 0.0, 0.1429, 0.0, 0.0]"
champions,0.4,5,champions,0.067,0.067,0.067,0.0,3,True,134,0,283,1583,0,"[0.05, 0.066, 0.067, 0.067, 0.067, 0.067, 0.067, 0.067, 0.067, 0.067, 0.067, 0.067, 0.067, 0.067, 0.067, 0.067, 0.067, 0.067, 0.067, 0.067, 0.067, 0.067, 0.067, 0.067, 0.067, 0.067, 0.067, 0.067, 0.067, 0.067, 0.067, 0.067, 0.067, 0.067, 0.067, 0.067, 0.067, 0.067, 0.067, 0.067, 0.067, 0.067, 0.067, 0.067, 0.067, 0.067, 0.067, 0.067, 0.067, 0.067, 0.067, 0.067, 0.067, 0.067, 0.067, 0.067, 0.067, 0.067, 0.067, 0.067, 0.067, 0.067, 0.067, 0.067, 0.067, 0.067, 0.067, 0.067, 0.067, 0.067, 0.067, 0.067, 0.067, 0.067, 0.067, 0.067, 0.067, 0.067, 0.067, 0.067, 0.067, 0.067, 0.067, 0.067, 0.067, 0.067, 0.067, 0.067, 0.067, 0.067, 0.067, 0.067, 0.067, 0.067, 0.067, 0.067, 0.067, 0.067, 0.067, 0.067, 0.067]","{""0"": 0.0725, ""1"": 0.0348, ""2"": 0.0513, ""3"": 0.0806, ""4"": 0.0854, ""5"": 0.0754, ""6"": 0.0648, ""7"": 0.0627}","[1.0, 0.3846, 0.125, 0.0, 0.0, 0.0, 0.0, 0.0, 0.1, 0.2857, 0.0, 0.2, 0.0, 0.0, 0.0769, 0.0909, 0.1818, 0.0909, 0.1667, 0.0, 0.0, 0.125, 0.0, 0.0, 0.3, 0.2, 0.1429, 0.0, 0.0, 0.0833, 0.0, 0.0, 0.1818, 0.0, 0.0, 0.0, 0.0, 0.2667, 0.0, 0.0, 0.1111, 0.0, 0.1667, 0.0, 0.0, 0.0, 0.1, 0.0, 0.0, 0.2, 0.0, 0.0, 0.0, 0.0, 0.0, 0.0, 0.0, 0.0, 0.0, 0.0, 0.2308, 0.0, 0.1429, 0.1667, 0.0, 0.0, 0.0, 0.0, 0.3077, 0.0, 0.1538, 0.0, 0.0, 0.0, 0.0, 0.1667, 0.1, 0.25, 0.2, 0.0, 0.0, 0.0, 0.0, 0.0, 0.1429, 0.375, 0.4, 0.2727, 0.0, 0.0, 0.0, 0.0, 0.0, 0.3, 0.3333, 0.0, 0.0, 0.0, 0.0, 0.0, 0.0, 0.1111, 0.0, 0.0, 0.1111, 0.0, 0.0, 0.0, 0.1111, 0.0, 0.0, 0.1667, 0.0, 0.0, 0.0, 0.0, 0.0, 0.1111, 0.0, 0.0, 0.0, 0.0, 0.0, 0.2, 0.0, 0.0, 0.0, 0.1111, 0.125, 0.1111, 0.0, 0.1429, 0.0, 0.0, 0.0, 0.0, 0.1111, 0.0, 0.0, 0.0, 0.0, 0.0, 0.0, 0.6667, 0.0, 0.0, 0.0, 0.1, 0.0, 0.0, 0.0833, 0.0, 0.1, 0.0, 0.0, 0.0, 0.0, 0.0, 0.0, 0.0, 0.0, 0.0, 0.0, 0.0, 0.0909, 0.1429, 0.0, 0.0, 0.0, 0.0, 0.0, 0.0, 0.2143, 0.0, 0.1, 0.0, 0.0, 0.0, 0.0, 0.0, 0.0, 0.0, 0.0, 0.0, 0.0, 0.0, 0.0, 0.0, 0.0, 0.0, 0.0, 0.0, 0.0, 0.0, 0.0, 0.1111, 0.0, 0.0, 0.0, 0.0, 0.0, 0.0, 0.1111, 0.25, 0.0, 0.0, 0.0, 0.2222, 0.0, 0.0, 0.0, 0.0, 0.0, 0.2857, 0.0, 0.0, 0.0, 0.0, 0.1667, 0.0, 0.0, 0.0, 0.125, 0.0909, 0.0909, 0.0, 0.0, 0.0, 0.0, 0.0, 0.0, 0.1429, 0.0, 0.1111, 0.1111, 0.0, 0.1818, 0.0, 0.0, 0.1538, 0.0, 0.1429, 0.0, 0.1429, 0.5, 0.0, 0.0, 0.0, 0.0909, 0.3636]"
champions,0.4,6,champions,0.064,0.064,0.064,-0.0,3,True,128,0,298,1574,0,"[0.05, 0.0625, 0.064, 0.064, 0.064, 0.064, 0.064, 0.064, 0.064, 0.064, 0.064, 0.064, 0.064, 0.064, 0.064, 0.064, 0.064, 0.064, 0.064, 0.064, 0.064, 0.064, 0.064, 0.064, 0.064, 0.064, 0.064, 0.064, 0.064, 0.064, 0.064, 0.064, 0.064, 0.064, 0.064, 0.064, 0.064, 0.064, 0.064, 0.064, 0.064, 0.064, 0.064, 0.064, 0.064, 0.064, 0.064, 0.064, 0.064, 0.064, 0.064, 0.064, 0.064, 0.064, 0.064, 0.064, 0.064, 0.064, 0.064, 0.064, 0.064, 0.064, 0.064, 0.064, 0.064, 0.064, 0.064, 0.064, 0.064, 0.064, 0.064, 0.064, 0.064, 0.064, 0.064, 0.064, 0.064, 0.064, 0.064, 0.064, 0.064, 0.064, 0.064, 0.064, 0.064, 0.064, 0.064, 0.064, 0.064, 0.064, 0.064, 0.064, 0.064, 0.064, 0.064, 0.064, 0.064, 0.064, 0.064, 0.064, 0.064]","{""0"": 0.0398, ""1"": 0.0725, ""2"": 0.062, ""3"": 0.0806, ""4"": 0.063, ""5"": 0.049, ""6"": 0.0591, ""7"": 0.0808}","[1.0, 0.0, 0.1, 0.0, 0.0, 0.2222, 0.0, 0.125, 0.0, 0.0, 0.0, 0.2, 0.125, 0.0, 0.0, 0.2, 0.0, 0.0, 0.0, 0.0, 0.0, 0.0, 0.0, 0.0, 0.0, 0.0, 0.0769, 0.0, 0.0, 0.1667, 0.0, 0.0, 0.2857, 0.0, 0.0, 0.1111, 0.0, 0.0, 0.0, 0.0, 0.0, 0.0, 0.1, 0.0, 0.0, 0.0, 0.0, 0.0, 0.0, 0.0, 0.0, 0.0, 0.1111, 0.0, 0.0, 0.0, 0.0, 0.0, 0.0833, 0.0, 0.0769, 0.0, 0.0, 0.0, 0.1, 0.0, 0.0, 0.0, 0.0, 0.0, 0.0, 0.0, 0.2727, 0.0, 0.1818, 0.1667, 0.0, 0.0, 0.0, 0.0, 0.0, 0.0, 0.125, 0.4167, 0.0, 0.1429, 0.0, 0.0, 0.0, 0.0, 0.0, 0.2, 0.0, 0.2857, 0.3571, 0.125, 0.0, 0.0833, 0.0, 0.0, 0.1429, 0.0, 0.0, 0.0, 0.1429, 0.0, 0.0, 0.0, 0.0, 0.0, 0.0, 0.0909, 0.0, 0.1538, 0.25, 0.0, 0.0, 0.1111, 0.0, 0.2308, 0.0, 0.0, 0.1111, 0.1667, 0.0, 0.0, 0.1818, 0.0, 0.0, 0.0, 0.0, 0.0, 0.0, 0.0, 0.1, 0.0, 0.0, 0.0, 0.25, 0.1429, 0.0, 0.125, 0.0, 0.1429, 0.0, 0.0, 0.0, 0.0, 0.1111, 0.0, 0.0, 0.0, 0.1, 0.0, 0.0, 0.0, 0.0, 0.1429, 0.1, 0.1, 0.0, 0.25, 0.1429, 0.0, 0.1429, 0.0, 0.0, 0.0, 0.4667, 0.0, 0.1429, 0.0, 0.1111, 0.0909, 0.0, 0.0, 0.0, 0.0, 0.0, 0.0, 0.0, 0.0, 0.0, 0.125, 0.0, 0.0, 0.0, 0.0, 0.0, 0.0, 0.0, 0.1, 0.0, 0.0, 0.1, 0.0, 0.0, 0.2308, 0.0833, 0.0, 0.0769, 0.1429, 0.1111, 0.0, 0.1667, 0.0, 0.0, 0.0, 0.3, 0.0, 0.1, 0.0, 0.5333, 0.0, 0.0, 0.0, 0.0, 0.0, 0.0, 0.0, 0.2308, 0.0, 0.0909, 0.0, 0.0, 0.0, 0.0, 0.0, 0.0, 0.0833, 0.0, 0.0, 0.0, 0.3, 0.0, 0.0, 0.0, 0.0, 0.0, 0.1, 0.1, 0.0, 0.0, 0.0, 0.0, 0.0909, 0.0, 0.1111, 0.0, 0.1667]"
champions,0.4,7,champions,0.0575,0.0575,0.0575,-0.0,3,True,115,0,290,1595,0,"[0.05, 0.057, 0.0575, 0.0575, 0.0575, 0.0575, 0.0575, 0.0575, 0.0575, 0.0575, 0.0575, 0.0575, 0.0575, 0.0575, 0.0575, 0.0575, 0.0575, 0.0575, 0.0575, 0.0575, 0.0575, 0.0575, 0.0575, 0.0575, 0.0575, 0.0575, 0.0575, 0.0575, 0.0575, 0.0575, 0.0575, 0.0575, 0.0575, 0.0575, 0.0575, 0.0575, 0.0575, 0.0575, 0.0575, 0.0575, 0.0575, 0.0575, 0.0575, 0.0575, 0.0575, 0.0575, 0.0575, 0.0575, 0.0575, 0.0575, 0.0575, 0.0575, 0.0575, 0.0575, 0.0575, 0.0575, 0.0575, 0.0575, 0.0575, 0.0575, 0.0575, 0.0575, 0.0575, 0.0575, 0.0575, 0.0575, 0.0575, 0.0575, 0.0575, 0.0575, 0.0575, 0.0575, 0.0575, 0.0575, 0.0575, 0.0575, 0.0575, 0.0575, 0.0575, 0.0575, 0.0575, 0.0575, 0.0575, 0.0575, 0.0575, 0.0575, 0.0575, 0.0575, 0.0575, 0.0575, 0.0575, 0.0575, 0.0575, 0.0575, 0.0575, 0.0575, 0.0575, 0.0575, 0.0575, 0.0575, 0.0575]","{""0"": 0.0346, ""1"": 0.0535, ""2"": 0.0407, ""3"": 0.0262, ""4"": 0.0611, ""5"": 0.0474, ""6"": 0.1022, ""7"": 0.0868}","[0.8889, 0.0, 0.0, 0.0, 0.0, 0.0, 0.0, 0.0, 0.1429, 0.0, 0.0, 0.0909, 0.0, 0.0, 0.0, 0.125, 0.0, 0.0, 0.0, 0.0, 0.0, 0.0, 0.0, 0.0, 0.0, 0.0, 0.125, 0.0, 0.0, 0.1, 0.1111, 0.0, 0.0, 0.0, 0.0, 0.0, 0.0, 0.125, 0.0, 0.0, 0.0, 0.1429, 0.0, 0.1667, 0.0, 0.0, 0.2, 0.0, 0.0, 0.0, 0.0, 0.0, 0.0, 0.0, 0.0, 0.0, 0.0, 0.1111, 0.0909, 0.0, 0.1111, 0.0, 0.0909, 0.0, 0.1429, 0.0, 0.0, 0.0, 0.0, 0.0, 0.1111, 0.2727, 0.0833, 0.0, 0.0, 0.0, 0.0, 0.0, 0.0, 0.0, 0.0, 0.0, 0.0, 0.0, 0.0, 0.0, 0.1, 0.0, 0.2727, 0.0, 0.0, 0.0, 0.0, 0.0, 0.125, 0.0, 0.0, 0.0, 0.1111, 0.0, 0.0, 0.0, 0.1667, 0.0, 0.0, 0.1, 0.25, 0.0909, 0.0, 0.0, 0.0, 0.0, 0.0909, 0.0, 0.1429, 0.0, 0.0, 0.0, 0.0, 0.0, 0.4286, 0.1429, 0.0, 0.0, 0.0, 0.0, 0.0, 0.0, 0.0, 0.0, 0.0, 0.0, 0.125, 0.3333, 0.0, 0.0, 0.0, 0.0, 0.0, 0.1429, 0.0, 0.1429, 0.0, 0.0, 0.0, 0.0, 0.1, 0.0, 0.0, 0.2, 0.125, 0.2, 0.0, 0.0, 0.125, 0.0, 0.0, 0.0, 0.0, 0.0, 0.25, 0.0833, 0.0, 0.0, 0.1429, 0.1667, 0.0, 0.0, 0.4615, 0.1818, 0.0, 0.0, 0.0, 0.0, 0.0, 0.0909, 0.0, 0.0, 0.1111, 0.0, 0.0, 0.0, 0.0, 0.0, 0.0, 0.0, 0.0, 0.0, 0.0, 0.0, 0.0833, 0.3077, 0.0833, 0.0, 0.0, 0.0, 0.1111, 0.0, 0.0, 0.2143, 0.0, 0.0, 0.0, 0.0, 0.0, 0.2, 0.0, 0.0, 0.0, 0.0, 0.1111, 0.0, 0.25, 0.1111, 0.0, 0.0, 0.0, 0.125, 0.125, 0.125, 0.0, 0.0, 0.0909, 0.1429, 0.0, 0.0, 0.0833, 0.1818, 0.0, 0.0, 0.0, 0.4667, 0.0, 0.0, 0.0, 0.1, 0.0, 0.0, 0.0, 0.25, 0.0, 0.0, 0.0, 0.1429, 0.0, 0.0, 0.0, 0.3333, 0.0, 0.0]"
champions,0.4,8,champions,0.063,0.063,0.063,0.0,3,True,126,0,314,1560,0,"[0.05, 0.061, 0.063, 0.063, 0.063, 0.063, 0.063, 0.063, 0.063, 0.063, 0.063, 0.063, 0.063, 0.063, 0.063, 0.063, 0.063, 0.063, 0.063, 0.063, 0.063, 0.063, 0.063, 0.063, 0.063, 0.063, 0.063, 0.063, 0.063, 0.063, 0.063, 0.063, 0.063, 0.063, 0.063, 0.063, 0.063, 0.063, 0.063, 0.063, 0.063, 0.063, 0.063, 0.063, 0.063, 0.063, 0.063, 0.063, 0.063, 0.063, 0.063, 0.063, 0.063, 0.063, 0.063, 0.063, 0.063, 0.063, 0.063, 0.063, 0.063, 0.063, 0.063, 0.063, 0.063, 0.063, 0.063, 0.063, 0.063, 0.063, 0.063, 0.063, 0.063, 0.063, 0.063, 0.063, 0.063, 0.063, 0.063, 0.063, 0.063, 0.063, 0.063, 0.063, 0.063, 0.063, 0.063, 0.063, 0.063, 0.063, 0.063, 0.063, 0.063, 0.063, 0.063, 0.063, 0.063, 0.063, 0.063, 0.063, 0.063]","{""0"": 0.0611, ""1"": 0.034, ""2"": 0.0576, ""3"": 0.0658, ""4"": 0.0837, ""5"": 0.0701, ""6"": 0.0537, ""7"": 0.0714}","[1.0, 0.3333, 0.0, 0.0, 0.0, 0.0, 0.2857, 0.0, 0.1, 0.0, 0.0, 0.0, 0.0, 0.0, 0.0, 0.0, 0.1111, 0.1, 0.0, 0.0, 0.0, 0.0, 0.0, 0.1, 0.1111, 0.0, 0.0, 0.1111, 0.0, 0.0, 0.0, 0.0, 0.125, 0.0, 0.0, 0.1, 0.0, 0.0, 0.0, 0.0, 0.0, 0.0, 0.0, 0.0, 0.0, 0.0, 0.0, 0.0, 0.0, 0.0, 0.0, 0.1, 0.1429, 0.6, 0.25, 0.0, 0.0, 0.0, 0.0, 0.2308, 0.0, 0.2727, 0.125, 0.0, 0.0, 0.0, 0.0, 0.0, 0.0, 0.1429, 0.0, 0.125, 0.0, 0.0, 0.0, 0.0, 0.0, 0.3333, 0.0, 0.0, 0.0, 0.125, 0.0, 0.0909, 0.0, 0.0909, 0.0, 0.0, 0.0, 0.0, 0.0, 0.0, 0.0, 0.0, 0.0, 0.0, 0.0833, 0.0, 0.1, 0.0, 0.3846, 0.0, 0.0, 0.0909, 0.0, 0.0, 0.0, 0.0, 0.0, 0.0, 0.0, 0.2857, 0.0833, 0.0909, 0.0, 0.0, 0.0, 0.0, 0.0909, 0.0, 0.0, 0.0, 0.0, 0.0, 0.0, 0.0, 0.1, 0.0, 0.125, 0.0, 0.0, 0.0, 0.0, 0.0, 0.1111, 0.0, 0.125, 0.0, 0.0, 0.0, 0.0, 0.0, 0.2, 0.0, 0.1111, 0.0, 0.1, 0.0, 0.0, 0.0, 0.0, 0.0, 0.0, 0.0, 0.0, 0.0, 0.0, 0.0, 0.0, 0.0, 0.0, 0.0, 0.0, 0.1667, 0.125, 0.1, 0.0, 0.0, 0.0, 0.0, 0.0, 0.0, 0.1, 0.0, 0.0, 0.0, 0.2222, 0.1, 0.0, 0.0, 0.1667, 0.0, 0.125, 0.0, 0.1111, 0.0, 0.0, 0.0, 0.0, 0.1667, 0.2308, 0.1818, 0.0, 0.0, 0.0, 0.25, 0.0, 0.2, 0.2, 0.0, 0.0, 0.0, 0.1429, 0.0, 0.0, 0.0, 0.1111, 0.0, 0.2143, 0.0, 0.0, 0.0, 0.0, 0.0, 0.1, 0.0, 0.0, 0.1429, 0.2, 0.1429, 0.0, 0.0, 0.0, 0.1, 0.0, 0.0, 0.0909, 0.0, 0.0, 0.0, 0.0, 0.125, 0.2, 0.0, 0.0, 0.0, 0.3333, 0.0, 0.0, 0.0, 0.0, 0.3077, 0.0, 0.0, 0.0, 0.0, 0.0, 0.2727, 0.0, 0.3333]"
champions,0.4,9,champions,0.0645,0.0645,0.0645,0.0,3,True,129,0,259,1612,0,"[0.05, 0.0625, 0.0645, 0.0645, 0.0645, 0.0645, 0.0645, 0.0645, 0.0645, 0.0645, 0.0645, 0.0645, 0.0645, 0.0645, 0.0645, 0.0645, 0.0645, 0.0645, 0.0645, 0.0645, 0.0645, 0.0645, 0.0645, 0.0645, 0.0645, 0.0645, 0.0645, 0.0645, 0.0645, 0.0645, 0.0645, 0.0645, 0.0645, 0.0645, 0.0645, 0.0645, 0.0645, 0.0645, 0.0645, 0.0645, 0.0645, 0.0645, 0.0645, 0.0645, 0.0645, 0.0645, 0.0645, 0.0645, 0.0645, 0.0645, 0.0645, 0.0645, 0.0645, 0.0645, 0.0645, 0.0645, 0.0645, 0.0645, 0.0645, 0.0645, 0.0645, 0.0645, 0.0645, 0.0645, 0.0645, 0.0645, 0.0645, 0.0645, 0.0645, 0.0645, 0.0645, 0.0645, 0.0645, 0.0645, 0.0645, 0.0645, 0.0645, 0.0645, 0.0645, 0.0645, 0.0645, 0.0645, 0.0645, 0.0645, 0.0645, 0.0645, 0.0645, 0.0645, 0.0645, 0.0645, 0.0645, 0.0645, 0.0645, 0.0645, 0.0645, 0.0645, 0.0645, 0.0645, 0.0645, 0.0645, 0.0645]","{""0"": 0.0588, ""1"": 0.037, ""2"": 0.1287, ""3"": 0.0522, ""4"": 0.0885, ""5"": 0.038, ""6"": 0.0183, ""7"": 0.0755}","[1.0, 0.0, 0.0, 0.4286, 0.0, 0.0, 0.0, 0.0, 0.0, 0.1111, 0.0, 0.0, 0.0, 0.0, 0.0, 0.0, 0.0, 0.0, 0.0, 0.0, 0.0, 0.0, 0.0, 0.2857, 0.0, 0.0, 0.0, 0.1667, 0.0, 0.0, 0.0, 0.0, 0.0, 0.25, 0.1, 0.25, 0.1538, 0.0, 0.0, 0.0, 0.1, 0.0, 0.0, 0.0, 0.0, 0.2727, 0.1818, 0.0, 0.0, 0.3077, 0.0, 0.1667, 0.0, 0.0, 0.0, 0.0, 0.0, 0.125, 0.0, 0.0, 0.125, 0.0, 0.0, 0.0, 0.1, 0.0, 0.2, 0.0833, 0.2143, 0.0, 0.0, 0.0, 0.0, 0.0, 0.1111, 0.4, 0.0, 0.0, 0.1, 0.0, 0.0, 0.0, 0.0, 0.0, 0.0, 0.0, 0.1429, 0.0, 0.4615, 0.0, 0.0, 0.0, 0.0, 0.1429, 0.0, 0.0, 0.1429, 0.125, 0.0, 0.0, 0.0, 0.0909, 0.0, 0.0, 0.25, 0.1667, 0.0, 0.0, 0.0, 0.0, 0.0, 0.0, 0.0, 0.125, 0.0, 0.0, 0.125, 0.1111, 0.0, 0.0, 0.0, 0.0, 0.0, 0.0, 0.0, 0.625, 0.0, 0.0, 0.0909, 0.0, 0.1429, 0.3846, 0.0, 0.2, 0.0, 0.0, 0.0, 0.0, 0.1, 0.3636, 0.0, 0.0, 0.0, 0.0, 0.0, 0.0, 0.0833, 0.3333, 0.0, 0.0, 0.0, 0.0, 0.25, 0.0, 0.0, 0.0, 0.3333, 0.1818, 0.0, 0.0, 0.0833, 0.0, 0.0, 0.0, 0.0, 0.125, 0.1, 0.1, 0.0, 0.0, 0.0, 0.0, 0.125, 0.0769, 0.0, 0.0, 0.0, 0.0769, 0.2, 0.0, 0.1, 0.0, 0.125, 0.0, 0.1818, 0.0, 0.0, 0.0909, 0.0, 0.0, 0.0, 0.0, 0.1429, 0.0, 0.0, 0.0, 0.0, 0.0, 0.0, 0.0, 0.0, 0.0, 0.0, 0.25, 0.0, 0.0, 0.0, 0.0, 0.0, 0.1111, 0.0, 0.2222, 0.0, 0.0, 0.0, 0.0, 0.0, 0.2, 0.0, 0.1111, 0.1429, 0.0, 0.0, 0.0, 0.0, 0.0, 0.0, 0.0, 0.0, 0.0, 0.2, 0.0, 0.0, 0.0, 0.0, 0.0, 0.0, 0.0, 0.0, 0.0, 0.0, 0.0, 0.0, 0.0, 0.0, 0.0, 0.0, 0.0, 0.0, 0.0]"
champions,0.4,10,champions,0.0665,0.0665,0.0665,0.0,3,True,133,0,259,1608,0,"[0.05, 0.064, 0.0665, 0.0665, 0.0665, 0.0665, 0.0665, 0.0665, 0.0665, 0.0665, 0.0665, 0.0665, 0.0665, 0.0665, 0.0665, 0.0665, 0.0665, 0.0665, 0.0665, 0.0665, 0.0665, 0.0665, 0.0665, 0.0665, 0.0665, 0.0665, 0.0665, 0.0665, 0.0665, 0.0665, 0.0665, 0.0665, 0.0665, 0.0665, 0.0665, 0.0665, 0.0665, 0.0665, 0.0665, 0.0665, 0.0665, 0.0665, 0.0665, 0.0665, 0.0665, 0.0665, 0.0665, 0.0665, 0.0665, 0.0665, 0.0665, 0.0665, 0.0665, 0.0665, 0.0665, 0.0665, 0.0665, 0.0665, 0.0665, 0.0665, 0.0665, 0.0665, 0.0665, 0.0665, 0.0665, 0.0665, 0.0665, 0.0665, 0.0665, 0.0665, 0.0665, 0.0665, 0.0665, 0.0665, 0.0665, 0.0665, 0.0665, 0.0665, 0.0665, 0.0665, 0.0665, 0.0665, 0.0665, 0.0665, 0.0665, 0.0665, 0.0665, 0.0665, 0.0665, 0.0665, 0.0665, 0.0665, 0.0665, 0.0665, 0.0665, 0.0665, 0.0665, 0.0665, 0.0665, 0.0665, 0.0665]","{""0"": 0.0405, ""1"": 0.0688, ""2"": 0.1076, ""3"": 0.0518, ""4"": 0.0843, ""5"": 0.0607, ""6"": 0.0705, ""7"": 0.0472}","[0.8889, 0.1111, 0.0769, 0.2, 0.0, 0.25, 0.1818, 0.0, 0.0, 0.1, 0.0, 0.125, 0.0, 0.1429, 0.0, 0.0, 0.0, 0.2222, 0.0, 0.25, 0.0, 0.125, 0.0, 0.1429, 0.0, 0.0, 0.0, 0.0, 0.0, 0.125, 0.0, 0.0, 0.0, 0.0, 0.0, 0.125, 0.0, 0.1429, 0.0, 0.0, 0.0, 0.0, 0.0, 0.0, 0.2, 0.2857, 0.0, 0.0, 0.0, 0.0, 0.0, 0.0, 0.0, 0.0909, 0.125, 0.0, 0.0, 0.0, 0.0, 0.0, 0.0, 0.0909, 0.0, 0.2857, 0.0, 0.0, 0.0, 0.0, 0.0, 0.0, 0.0, 0.25, 0.0, 0.0, 0.0, 0.0, 0.0, 0.0, 0.2, 0.0, 0.1111, 0.0, 0.0, 0.0, 0.0, 0.1111, 0.0, 0.1, 0.1667, 0.0, 0.0, 0.0, 0.0, 0.0, 0.1429, 0.0, 0.0, 0.0, 0.0, 0.2, 0.1667, 0.0, 0.2308, 0.0, 0.2222, 0.0909, 0.0, 0.0, 0.0, 0.0, 0.2222, 0.0, 0.1, 0.0, 0.1667, 0.0, 0.0, 0.0, 0.0, 0.0, 0.0, 0.0, 0.0, 0.3333, 0.0, 0.0, 0.0, 0.0, 0.0, 0.0, 0.0, 0.0, 0.1429, 0.0, 0.0, 0.1667, 0.0, 0.125, 0.0909, 0.0, 0.0, 0.0, 0.0, 0.1667, 0.2727, 0.0, 0.0, 0.125, 0.2727, 0.0, 0.0, 0.0, 0.0, 0.0, 0.1429, 0.6875, 0.0, 0.0, 0.1111, 0.0, 0.1667, 0.1667, 0.0, 0.0, 0.0, 0.0, 0.0, 0.0, 0.0, 0.0, 0.1818, 0.2222, 0.0, 0.0, 0.0, 0.0, 0.0, 0.0, 0.0, 0.0, 0.0, 0.0, 0.0, 0.2, 0.0, 0.0, 0.25, 0.0, 0.0, 0.0, 0.0, 0.1, 0.0, 0.0, 0.1538, 0.0, 0.2, 0.125, 0.1111, 0.2, 0.0, 0.0, 0.0, 0.0, 0.0833, 0.0, 0.0, 0.0, 0.0, 0.0, 0.0, 0.0, 0.2857, 0.2727, 0.1111, 0.1667, 0.0, 0.0, 0.0, 0.0, 0.0, 0.1429, 0.0, 0.125, 0.2, 0.0, 0.1667, 0.1667, 0.0, 0.0909, 0.0, 0.125, 0.0, 0.1667, 0.3333, 0.0, 0.0, 0.1, 0.0, 0.0, 0.0, 0.0, 0.25, 0.0, 0.0, 0.1429, 0.0, 0.0, 0.0909, 0.1429]"
champions,0.4,11,champions,0.0685,0.0685,0.0685,0.0,3,True,137,0,279,1584,0,"[0.05, 0.0675, 0.0685, 0.0685, 0.0685, 0.0685, 0.0685, 0.0685, 0.0685, 0.0685, 0.0685, 0.0685, 0.0685, 0.0685, 0.0685, 0.0685, 0.0685, 0.0685, 0.0685, 0.0685, 0.0685, 0.0685, 0.0685, 0.0685, 0.0685, 0.0685, 0.0685, 0.0685, 0.0685, 0.0685, 0.0685, 0.0685, 0.0685, 0.0685, 0.0685, 0.0685, 0.0685, 0.0685, 0.0685, 0.0685, 0.0685, 0.0685, 0.0685, 0.0685, 0.0685, 0.0685, 0.0685, 0.0685, 0.0685, 0.0685, 0.0685, 0.0685, 0.0685, 0.0685, 0.0685, 0.0685, 0.0685, 0.0685, 0.0685, 0.0685, 0.0685, 0.0685, 0.0685, 0.0685, 0.0685, 0.0685, 0.0685, 0.0685, 0.0685, 0.0685, 0.0685, 0.0685, 0.0685, 0.0685, 0.0685, 0.0685, 0.0685, 0.0685, 0.0685, 0.0685, 0.0685, 0.0685, 0.0685, 0.0685, 0.0685, 0.0685, 0.0685, 0.0685, 0.0685, 0.0685, 0.0685, 0.0685, 0.0685, 0.0685, 0.0685, 0.0685, 0.0685, 0.0685, 0.0685, 0.0685, 0.0685]","{""0"": 0.0697, ""1"": 0.0766, ""2"": 0.0455, ""3"": 0.1391, ""4"": 0.0565, ""5"": 0.0516, ""6"": 0.0424, ""7"": 0.056}","[1.0, 0.1429, 0.2857, 0.0, 0.25, 0.2, 0.0, 0.1111, 0.0, 0.0, 0.0833, 0.0, 0.0, 0.0, 0.0, 0.0, 0.1111, 0.0, 0.0909, 0.1667, 0.0, 0.0, 0.0909, 0.0, 0.0, 0.0, 0.0, 0.0, 0.0, 0.0, 0.1818, 0.0, 0.0, 0.0, 0.0, 0.0, 0.25, 0.0, 0.125, 0.0, 0.0, 0.0, 0.0, 0.0, 0.8, 0.0, 0.1111, 0.0, 0.0, 0.0, 0.0, 0.0, 0.4444, 0.0, 0.0, 0.1667, 0.0, 0.0, 0.0, 0.0, 0.25, 0.1111, 0.0, 0.0, 0.0, 0.0, 0.0, 0.0769, 0.0, 0.2, 0.0, 0.1667, 0.0, 0.0, 0.1538, 0.0, 0.1111, 0.0, 0.0, 0.1111, 0.1111, 0.0, 0.0, 0.0, 0.1429, 0.0, 0.1429, 0.0, 0.1111, 0.1, 0.0, 0.0, 0.1111, 0.0, 0.0, 0.0, 0.1, 0.0, 0.0, 0.0, 0.0, 0.0, 0.0, 0.0, 0.3333, 0.1, 0.0, 0.0, 0.0909, 0.0, 0.0, 0.0, 0.0, 0.0, 0.0, 0.0, 0.3333, 0.0, 0.0, 0.0909, 0.0, 0.0, 0.1, 0.0, 0.1, 0.0, 0.0, 0.125, 0.1667, 0.2, 0.0, 0.1818, 0.0, 0.0, 0.25, 0.0, 0.0, 0.0, 0.0, 0.0, 0.0, 0.0, 0.0, 0.0833, 0.0, 0.1429, 0.0, 0.0, 0.0, 0.0, 0.0, 0.0, 0.0, 0.0, 0.0, 0.0, 0.0, 0.0, 0.1, 0.0, 0.1, 0.0, 0.0, 0.0, 0.0, 0.0, 0.0, 0.0, 0.1429, 0.1667, 0.0, 0.1818, 0.1667, 0.0, 0.0, 0.0, 0.0, 0.0, 0.2222, 0.0, 0.0, 0.2727, 0.0, 0.0, 0.0, 0.1111, 0.1818, 0.0, 0.2, 0.1818, 0.1111, 0.2, 0.0, 0.3333, 0.1, 0.0, 0.0, 0.2, 0.0, 0.0, 0.0, 0.1111, 0.2857, 0.0, 0.0909, 0.6667, 0.1, 0.0, 0.3636, 0.25, 0.3333, 0.3, 0.1667, 0.0, 0.0, 0.0, 0.0, 0.2, 0.0, 0.1, 0.0, 0.0, 0.0, 0.0, 0.0, 0.0, 0.0, 0.0, 0.0, 0.0, 0.0, 0.0, 0.0, 0.0, 0.0, 0.0, 0.0, 0.0, 0.0, 0.0, 0.0, 0.0, 0.0, 0.0, 0.0, 0.1111, 0.0, 0.0, 0.0, 0.0]"
champions,0.6,0,champions,0.092,0.092,0.092,0.0,8,True,184,0,311,1505,0,"[0.05, 0.0705, 0.078, 0.0835, 0.088, 0.09, 0.091, 0.092, 0.092, 0.092, 0.092, 0.092, 0.092, 0.092, 0.092, 0.092, 0.092, 0.092, 0.092, 0.092, 0.092, 0.092, 0.092, 0.092, 0.092, 0.092, 0.092, 0.092, 0.092, 0.092, 0.092, 0.092, 0.092, 0.092, 0.092, 0.092, 0.092, 0.092, 0.092, 0.092, 0.092, 0.092, 0.092, 0.092, 0.092, 0.092, 0.092, 0.092, 0.092, 0.092, 0.092, 0.092, 0.092, 0.092, 0.092, 0.092, 0.092, 0.092, 0.092, 0.092, 0.092, 0.092, 0.092, 0.092, 0.092, 0.092, 0.092, 0.092, 0.092, 0.092, 0.092, 0.092, 0.092, 0.092, 0.092, 0.092, 0.092, 0.092, 0.092, 0.092, 0.092, 0.092, 0.092, 0.092, 0.092, 0.092, 0.092, 0.092, 0.092, 0.092, 0.092, 0.092, 0.092, 0.092, 0.092, 0.092, 0.092, 0.092, 0.092, 0.092, 0.092]","{""0"": 0.0837, ""1"": 0.1074, ""2"": 0.1094, ""3"": 0.0328, ""4"": 0.1136, ""5"": 0.038, ""6"": 0.1908, ""7"": 0.0405}","[1.0, 0.0, 0.0, 0.0, 0.0, 0.0, 0.0, 0.0, 0.0, 0.125, 0.0, 0.0, 0.0, 0.0, 0.0, 0.0, 0.0, 0.0, 0.1111, 0.0, 0.0, 0.0, 0.0, 0.0, 0.0, 0.0, 0.0, 0.0, 0.0, 0.0, 0.0, 0.0, 0.0, 0.0909, 0.0, 0.0, 0.0, 0.0, 0.0, 1.0, 0.0, 0.0, 0.0, 0.0, 0.0, 0.1, 0.0, 0.6364, 0.0, 0.0, 0.4, 0.0, 0.0, 0.0, 0.125, 0.9333, 0.0, 0.375, 0.25, 0.0, 0.0, 0.6, 0.0, 0.0, 0.0, 0.125, 0.0, 0.1667, 0.0, 1.0, 0.0, 0.0, 0.1111, 0.1, 0.0, 0.2667, 0.0, 0.4444, 0.0, 0.0, 0.0, 0.0, 0.0, 0.1429, 0.0, 0.25, 0.0, 0.0, 0.0, 0.0, 0.0, 0.0, 0.0, 0.0, 0.0, 0.0, 0.0, 0.1818, 0.125, 0.0, 0.0, 0.125, 0.0, 0.0, 0.0, 0.0, 0.0909, 0.0, 0.0, 0.0, 0.0, 0.0, 0.0, 0.0, 0.0, 0.2, 0.0, 0.0, 0.0, 0.0, 0.1429, 0.0, 0.0, 0.0769, 0.0, 0.0, 0.0, 0.0, 0.0, 0.2857, 0.0, 0.0, 0.0, 0.0, 0.0, 0.0, 0.1, 0.0, 0.0, 0.0, 0.0, 0.0833, 0.1429, 0.0, 0.1429, 0.0, 0.0, 0.2, 0.0, 0.2222, 0.3, 0.0, 0.0, 0.0769, 0.0, 0.1111, 0.0, 0.0714, 0.0, 0.0, 0.1667, 0.0, 0.0, 0.9, 0.1111, 0.125, 0.0, 0.1, 0.125, 0.1, 0.0, 0.3333, 0.125, 0.0909, 0.0, 0.9231, 0.0909, 0.1818, 0.0, 0.0833, 0.1538, 0.1818, 0.0, 0.25, 0.1111, 0.2308, 0.0, 0.0, 0.0, 0.0, 0.0, 0.0, 0.0, 0.0, 0.0, 0.1429, 0.1, 0.1429, 0.0, 0.0, 0.0, 0.0, 0.1111, 0.1, 0.0, 0.0, 0.1667, 0.0, 0.0, 0.0, 0.125, 0.0, 0.0, 0.0, 0.0, 0.1818, 0.0, 0.0, 0.2727, 0.1, 0.1429, 0.0, 0.0, 0.1538, 0.0, 0.1818, 0.2857, 0.0, 0.0833, 0.0, 0.0, 0.0, 0.0, 0.125, 0.8, 0.0, 0.0, 0.0, 0.0, 0.0833, 0.0, 0.0, 0.0, 0.0, 0.0, 0.2, 0.1667, 0.0, 0.0, 0.0]"
champions,0.6,1,champions,0.106,0.106,0.106,-0.0,12,True,212,0,310,1478,0,"[0.05, 0.0705, 0.0775, 0.0835, 0.0875, 0.092, 0.0955, 0.1, 0.1035, 0.104, 0.105, 0.106, 0.106, 0.106, 0.106, 0.106, 0.106, 0.106, 0.106, 0.106, 0.106, 0.106, 0.106, 0.106, 0.106, 0.106, 0.106, 0.106, 0.106, 0.106, 0.106, 0.106, 0.106, 0.106, 0.106, 0.106, 0.106, 0.106, 0.106, 0.106, 0.106, 0.106, 0.106, 0.106, 0.106, 0.106, 0.106, 0.106, 0.106, 0.106, 0.106, 0.106, 0.106, 0.106, 0.106, 0.106, 0.106, 0.106, 0.106, 0.106, 0.106, 0.106, 0.106, 0.106, 0.106, 0.106, 0.106, 0.106, 0.106, 0.106, 0.106, 0.106, 0.106, 0.106, 0.106, 0.106, 0.106, 0.106, 0.106, 0.106, 0.106, 0.106, 0.106, 0.106, 0.106, 0.106, 0.106, 0.106, 0.106, 0.106, 0.106, 0.106, 0.106, 0.106, 0.106, 0.106, 0.106, 0.106, 0.106, 0.106, 0.106]","{""0"": 0.1146, ""1"": 0.0408, ""2"": 0.107, ""3"": 0.092, ""4"": 0.1693, ""5"": 0.0345, ""6"": 0.2099, ""7"": 0.0603}","[1.0, 0.0, 0.0, 0.6667, 0.1111, 0.0909, 0.0, 0.0, 0.0, 0.0909, 0.0, 0.1818, 0.0, 0.0, 0.0, 0.0, 0.0, 0.0, 0.0, 0.1, 0.0, 0.0, 0.1111, 0.2857, 0.0, 0.0, 0.0, 0.0, 0.0, 0.0, 0.1, 0.125, 0.1429, 0.0, 0.0, 0.0, 0.1667, 0.0, 0.0, 0.1111, 0.0769, 0.0, 0.0, 0.0, 0.1667, 0.0, 0.0, 0.0, 0.0, 0.0, 0.0, 0.0, 0.0909, 0.3333, 0.0, 0.1429, 0.1667, 0.0, 0.0, 0.0, 0.1, 0.0, 0.0, 0.1667, 0.0, 0.1111, 0.0, 0.0, 0.0, 0.375, 0.0, 0.0, 0.0, 0.0, 0.25, 0.0, 0.0, 0.2, 0.0, 0.2222, 0.0, 0.0, 0.0, 0.0, 0.0, 0.0, 0.0, 0.7, 0.0, 0.3571, 0.2, 0.0, 0.0, 0.0, 0.0, 0.5, 0.0, 0.0, 0.0, 0.0, 0.0, 0.0, 0.0, 0.1667, 0.0, 0.0, 0.2222, 0.3, 0.3636, 0.8, 0.0, 1.0, 0.0, 0.0, 0.0, 0.0, 0.3333, 0.7778, 0.0, 0.7692, 0.2727, 0.0, 0.0, 0.1111, 0.0, 0.8667, 0.0, 0.8182, 0.0, 0.0, 0.2857, 0.0833, 0.0, 0.1429, 0.0, 0.125, 0.0, 0.0, 0.1667, 0.0, 0.0, 0.0833, 0.0, 0.0909, 0.0, 0.0, 0.0, 0.1, 0.25, 0.2, 0.0, 0.0, 0.0, 0.1111, 0.0, 0.0909, 0.0, 0.25, 0.0, 0.0, 0.0, 0.0, 0.0, 0.4167, 0.0, 0.1111, 0.0, 0.0, 0.0, 0.0, 0.0, 0.1111, 0.2, 0.0, 0.0, 0.1667, 0.0, 0.1429, 0.0, 0.0, 0.0, 0.0, 0.1667, 0.0, 0.0, 0.0, 0.0, 0.0, 0.2, 0.0, 0.1429, 0.0, 0.0, 0.0, 0.0, 0.0, 0.0, 0.0, 0.1, 0.0, 0.0, 0.1667, 0.0, 0.0, 0.125, 0.0, 0.1, 0.1111, 0.1, 0.0, 0.0, 0.0, 0.125, 0.0, 0.2, 0.0, 0.0, 0.0, 0.0, 0.0, 0.2222, 0.2, 0.0, 0.0, 0.0, 1.0, 0.0, 0.0, 0.0, 0.0, 0.0, 0.0, 0.125, 0.9, 0.125, 0.1429, 0.0, 0.1111, 0.0, 0.0, 0.5, 1.0, 0.0, 0.3571, 0.0, 0.0, 0.0, 0.0, 0.2857, 0.0833]"
champions,0.6,2,champions,0.0725,0.0725,0.0725,0.0,5,True,145,0,308,1547,0,"[0.05, 0.0665, 0.07, 0.072, 0.0725, 0.0725, 0.0725, 0.0725, 0.0725, 0.0725, 0.0725, 0.0725, 0.0725, 0.0725, 0.0725, 0.0725, 0.0725, 0.0725, 0.0725, 0.0725, 0.0725, 0.0725, 0.0725, 0.0725, 0.0725, 0.0725, 0.0725, 0.0725, 0.0725, 0.0725, 0.0725, 0.0725, 0.0725, 0.0725, 0.0725, 0.0725, 0.0725, 0.0725, 0.0725, 0.0725, 0.0725, 0.0725, 0.0725, 0.0725, 0.0725, 0.0725, 0.0725, 0.0725, 0.0725, 0.0725, 0.0725, 0.0725, 0.0725, 0.0725, 0.0725, 0.0725, 0.0725, 0.0725, 0.0725, 0.0725, 0.0725, 0.0725, 0.0725, 0.0725, 0.0725, 0.0725, 0.0725, 0.0725, 0.0725, 0.0725, 0.0725, 0.0725, 0.0725, 0.0725, 0.0725, 0.0725, 0.0725, 0.0725, 0.0725, 0.0725, 0.0725, 0.0725, 0.0725, 0.0725, 0.0725, 0.0725, 0.0725, 0.0725, 0.0725, 0.0725, 0.0725, 0.0725, 0.0725, 0.0725, 0.0725, 0.0725, 0.0725, 0.0725, 0.0725, 0.0725, 0.0725]","{""0"": 0.0808, ""1"": 0.0637, ""2"": 0.0442, ""3"": 0.0551, ""4"": 0.0856, ""5"": 0.0623, ""6"": 0.0522, ""7"": 0.1313}","[0.8889, 0.1111, 0.0, 0.0, 0.2727, 0.0, 0.0, 0.0, 0.0, 0.0, 0.0, 0.0, 0.1, 0.0, 0.0, 0.0, 0.1111, 0.0, 0.1667, 0.0, 0.6, 0.0, 0.0, 0.3077, 0.2222, 0.0, 0.0, 0.0, 0.0, 0.0, 0.0, 0.0, 0.0, 0.0, 0.1538, 0.0, 0.0, 0.0, 0.0, 0.0, 0.0, 0.0, 0.0, 0.0909, 0.0, 0.0, 0.125, 0.0, 0.0, 0.0, 0.0, 0.0, 0.0, 0.0, 0.1111, 0.0, 0.0, 0.0, 0.0, 0.0, 0.0, 0.1111, 0.0, 0.0, 0.0, 0.0, 0.0, 0.0, 0.0, 0.0, 0.0909, 0.0, 0.0, 0.1, 0.0, 0.0, 0.0, 0.2857, 0.1429, 0.0, 0.0, 0.125, 0.0, 0.0, 0.1111, 0.1, 0.0, 0.0, 0.0, 0.4, 0.0, 0.0, 0.1818, 0.0, 0.0909, 0.1429, 0.0, 0.1538, 0.0, 0.0, 0.0, 0.0, 0.0, 0.2, 0.0, 0.2857, 0.0, 0.0, 0.0, 0.0, 0.0, 0.0, 0.2222, 0.0, 0.0, 0.0, 0.0, 0.2727, 0.0833, 0.0, 0.0909, 0.0, 0.0909, 0.25, 0.0, 0.3333, 0.0, 0.0, 0.3846, 0.1667, 0.0, 0.125, 0.0, 0.2857, 0.1111, 0.1429, 0.0, 0.2727, 0.0, 0.0, 0.0, 0.2, 0.125, 0.0909, 0.0909, 0.0, 0.1, 0.0, 0.0, 0.1818, 0.0, 0.125, 0.5, 0.0, 0.2308, 0.1111, 0.0, 0.0, 0.1429, 0.0, 0.7143, 0.0, 0.0, 0.1818, 0.0, 0.0, 0.0, 0.0, 0.0, 0.0, 0.1538, 0.0, 0.0, 0.0, 0.0, 0.0, 0.0, 0.0, 0.0, 0.0, 0.0, 0.0, 0.0909, 0.0, 0.25, 0.0, 0.125, 0.0, 0.0, 0.0, 0.1111, 0.0, 0.1667, 0.0, 0.2, 0.2222, 0.0909, 0.375, 0.0, 0.0, 0.0, 0.0, 0.1429, 0.1429, 0.0, 0.0, 0.1818, 0.1429, 0.0, 0.1111, 0.1667, 0.0, 0.0, 0.1, 0.0, 0.0, 0.0, 0.0, 0.0, 0.0, 0.0, 0.0, 0.125, 0.0, 0.0, 0.0, 0.0, 0.0, 0.0, 0.0, 0.0, 0.0, 0.0, 0.2, 0.0, 0.0, 0.0, 0.0, 0.0, 0.0, 0.1429, 0.1111, 0.0, 0.0, 0.125, 0.0, 0.125, 0.0, 0.0, 0.1]"
champions,0.6,3,champions,0.084,0.084,0.084,0.0,15,True,168,0,282,1550,0,"[0.05, 0.0655, 0.07, 0.0735, 0.076, 0.0785, 0.0795, 0.0805, 0.081, 0.0815, 0.082, 0.0825, 0.083, 0.0835, 0.084, 0.084, 0.084, 0.084, 0.084, 0.084, 0.084, 0.084, 0.084, 0.084, 0.084, 0.084, 0.084, 0.084, 0.084, 0.084, 0.084, 0.084, 0.084, 0.084, 0.084, 0.084, 0.084, 0.084, 0.084, 0.084, 0.084, 0.084, 0.084, 0.084, 0.084, 0.084, 0.084, 0.084, 0.084, 0.084, 0.084, 0.084, 0.084, 0.084, 0.084, 0.084, 0.084, 0.084, 0.084, 0.084, 0.084, 0.084, 0.084, 0.084, 0.084, 0.084, 0.084, 0.084, 0.084, 0.084, 0.084, 0.084, 0.084, 0.084, 0.084, 0.084, 0.084, 0.084, 0.084, 0.084, 0.084, 0.084, 0.084, 0.084, 0.084, 0.084, 0.084, 0.084, 0.084, 0.084, 0.084, 0.084, 0.084, 0.084, 0.084, 0.084, 0.084, 0.084, 0.084, 0.084, 0.084]","{""0"": 0.0766, ""1"": 0.0723, ""2"": 0.0884, ""3"": 0.0581, ""4"": 0.1629, ""5"": 0.0541, ""6"": 0.0992, ""7"": 0.0513}","[1.0, 0.1, 0.125, 0.1667, 0.0, 0.0, 0.0, 0.0, 0.2222, 0.1, 0.1667, 0.1667, 0.0, 0.2857, 0.1667, 0.1111, 0.0, 0.0, 0.0, 0.0, 0.0, 0.625, 0.0, 0.125, 0.0, 0.0, 0.0, 0.0, 0.0, 0.9, 0.1667, 0.1429, 0.0909, 0.1538, 0.0, 0.1429, 0.0, 0.0, 0.0, 0.0, 0.0, 0.1, 0.0, 0.1111, 0.0, 0.0, 0.0, 0.0, 0.0, 0.125, 0.0, 0.0, 0.0, 0.0, 0.0, 0.0, 0.2857, 0.0, 0.0, 0.0, 0.0, 0.0, 0.0, 0.1667, 0.0, 0.0, 0.0, 0.0, 0.0, 0.0909, 0.0, 0.8571, 0.0, 0.3333, 0.0, 0.0, 0.0, 0.0, 0.0, 0.0, 0.0, 0.0, 0.1667, 0.1429, 0.1429, 0.0, 0.0, 0.0, 0.0, 0.2308, 0.0, 0.0, 0.0, 0.0, 0.125, 0.0, 0.0, 0.0, 0.1429, 0.0, 0.1, 0.0, 0.1429, 0.1818, 0.0, 0.0, 0.1111, 0.0, 0.0, 0.0, 0.0714, 0.1111, 0.0, 0.4, 0.0, 0.0, 0.1, 0.0, 0.125, 0.2, 0.1667, 0.0, 0.1667, 0.0, 0.0, 0.0, 0.1, 0.0, 0.0, 0.1818, 0.0, 0.0, 0.0, 0.0, 0.125, 0.0, 0.1, 0.0, 0.0, 0.0, 0.0, 1.0, 0.1, 0.2, 0.1111, 0.0, 0.1429, 0.0, 0.6, 0.7, 0.0, 0.0, 0.0, 0.0, 0.2857, 0.0, 0.0, 0.4444, 0.0, 0.0, 0.0, 0.0, 0.0, 0.0, 0.0, 0.0, 0.0, 0.0, 0.0, 0.0, 0.0, 0.1667, 0.1667, 0.0, 0.0, 0.0, 0.1818, 0.0, 0.0, 0.0, 0.2143, 0.0833, 0.0, 0.0, 0.0, 0.0, 0.0, 0.0, 0.0, 0.0, 0.0, 0.0, 0.125, 0.0, 0.0, 0.0, 0.0, 0.0, 0.0, 0.0, 0.0, 0.0, 0.0, 0.0, 0.1, 0.1538, 0.0, 0.0, 0.0, 0.0, 0.0, 0.0833, 0.0, 0.0, 0.0, 0.1429, 0.0, 0.0, 0.0, 0.25, 0.0, 0.1429, 0.0, 0.0, 0.0, 0.0, 0.2, 0.0, 0.0, 0.1429, 0.1667, 0.0, 0.0, 0.0, 0.0, 0.7333, 0.1667, 0.1667, 0.1111, 0.0, 0.0, 0.0, 0.1818, 0.1, 0.0, 0.0, 0.0, 0.0, 0.0, 0.2222]"
champions,0.6,4,champions,0.075,0.075,0.075,0.0,6,True,150,0,286,1564,0,"[0.05, 0.0675, 0.0725, 0.0735, 0.074, 0.075, 0.075, 0.075, 0.075, 0.075, 0.075, 0.075, 0.075, 0.075, 0.075, 0.075, 0.075, 0.075, 0.075, 0.075, 0.075, 0.075, 0.075, 0.075, 0.075, 0.075, 0.075, 0.075, 0.075, 0.075, 0.075, 0.075, 0.075, 0.075, 0.075, 0.075, 0.075, 0.075, 0.075, 0.075, 0.075, 0.075, 0.075, 0.075, 0.075, 0.075, 0.075, 0.075, 0.075, 0.075, 0.075, 0.075, 0.075, 0.075, 0.075, 0.075, 0.075, 0.075, 0.075, 0.075, 0.075, 0.075, 0.075, 0.075, 0.075, 0.075, 0.075, 0.075, 0.075, 0.075, 0.075, 0.075, 0.075, 0.075, 0.075, 0.075, 0.075, 0.075, 0.075, 0.075, 0.075, 0.075, 0.075, 0.075, 0.075, 0.075, 0.075, 0.075, 0.075, 0.075, 0.075, 0.075, 0.075, 0.075, 0.075, 0.075, 0.075, 0.075, 0.075, 0.075, 0.075]","{""0"": 0.0669, ""1"": 0.0706, ""2"": 0.0787, ""3"": 0.0688, ""4"": 0.076, ""5"": 0.112, ""6"": 0.072, ""7"": 0.0514}","[1.0, 0.0, 0.0833, 0.0, 0.0, 0.0, 0.0, 0.0, 0.2727, 0.0, 0.1429, 0.0, 0.0, 0.0, 0.0, 0.2727, 0.1, 0.1818, 0.0, 0.125, 0.1111, 0.0, 0.0, 0.0, 0.0, 0.2222, 0.1111, 0.1, 0.125, 0.0, 0.0, 0.1667, 0.0, 0.0, 0.0, 0.0, 0.0, 0.0, 0.0, 0.1667, 0.1, 0.0, 0.0, 0.0, 0.0, 0.4286, 0.1111, 0.0, 0.0, 0.0, 0.0909, 0.0, 0.0, 0.1, 0.0, 0.25, 0.0, 0.1111, 0.1111, 0.1111, 0.0, 0.0, 0.0, 0.0, 0.0, 0.1429, 0.0, 0.125, 0.0, 0.0, 0.0, 0.0, 0.0, 0.1, 0.1111, 0.5, 0.0, 0.0, 0.0, 0.0, 0.125, 0.25, 0.0, 0.3636, 0.0, 0.125, 0.0, 0.0, 0.2857, 0.2308, 0.0, 0.0, 0.0, 0.0, 0.0, 0.0, 0.0, 0.0, 0.0, 0.0, 0.1429, 0.0, 0.0, 0.0, 0.0, 0.0, 0.0, 0.0, 0.0, 0.0, 0.0, 0.1333, 0.0, 0.0, 0.2857, 0.0, 0.0909, 0.125, 0.0, 0.0, 0.0, 0.125, 0.0, 0.0, 0.0, 0.0, 0.0, 0.0, 0.0, 0.0, 0.0, 0.2, 0.1, 0.0, 0.0, 0.0, 0.0, 0.0, 0.0909, 0.2727, 0.25, 0.0833, 0.0, 0.125, 0.0, 0.0, 0.125, 0.0, 0.4444, 0.0, 0.0, 0.25, 0.0, 0.0, 0.0, 0.0, 0.0, 0.1, 0.0, 0.2, 0.0, 0.0, 0.0, 0.125, 0.0, 0.0, 0.1111, 0.0, 0.0, 0.0, 0.0, 0.0, 0.0, 0.2, 0.3, 0.0, 0.0, 0.0, 0.0, 0.0, 0.0, 0.2727, 0.0833, 0.0769, 0.0, 0.0, 0.1429, 0.0, 0.0, 0.2, 0.1, 0.0, 0.0, 0.125, 0.0, 0.0, 0.0, 0.1667, 0.0, 0.0, 0.0, 0.1667, 0.0, 0.0, 0.1429, 0.1429, 0.25, 0.0, 0.0, 0.0, 0.0, 0.0, 0.0, 0.0, 0.1, 0.0, 0.0, 0.0, 0.0, 0.125, 0.0, 0.0, 0.5385, 0.0, 0.0, 0.0, 0.25, 0.0, 0.0, 0.0, 0.2, 0.0, 0.0, 0.0, 0.1429, 0.0, 0.2308, 0.0, 0.3571, 0.0833, 0.1, 0.0, 0.0, 0.0, 0.1429, 0.2, 0.375, 0.0, 0.1111, 0.0]"
champions,0.6,5,champions,0.0875,0.0875,0.0875,0.0,8,True,175,0,287,1538,0,"[0.05, 0.066, 0.075, 0.0795, 0.083, 0.0855, 0.087, 0.0875, 0.0875, 0.0875, 0.0875, 0.0875, 0.0875, 0.0875, 0.0875, 0.0875, 0.0875, 0.0875, 0.0875, 0.0875, 0.0875, 0.0875, 0.0875, 0.0875, 0.0875, 0.0875, 0.0875, 0.0875, 0.0875, 0.0875, 0.0875, 0.0875, 0.0875, 0.0875, 0.0875, 0.0875, 0.0875, 0.0875, 0.0875, 0.0875, 0.0875, 0.0875, 0.0875, 0.0875, 0.0875, 0.0875, 0.0875, 0.0875, 0.0875, 0.0875, 0.0875, 0.0875, 0.0875, 0.0875, 0.0875, 0.0875, 0.0875, 0.0875, 0.0875, 0.0875, 0.0875, 0.0875, 0.0875, 0.0875, 0.0875, 0.0875, 0.0875, 0.0875, 0.0875, 0.0875, 0.0875, 0.0875, 0.0875, 0.0875, 0.0875, 0.0875, 0.0875, 0.0875, 0.0875, 0.0875, 0.0875, 0.0875, 0.0875, 0.0875, 0.0875, 0.0875, 0.0875, 0.0875, 0.0875, 0.0875, 0.0875, 0.0875, 0.0875, 0.0875, 0.0875, 0.0875, 0.0875, 0.0875, 0.0875, 0.0875, 0.0875]","{""0"": 0.0939, ""1"": 0.0567, ""2"": 0.1197, ""3"": 0.0551, ""4"": 0.0779, ""5"": 0.0462, ""6"": 0.0745, ""7"": 0.1673}","[1.0, 0.0, 0.0, 0.0, 0.0, 0.0, 0.1429, 0.0, 0.2222, 0.0, 0.0, 0.0, 0.0, 0.0, 0.0, 0.25, 0.2, 0.0, 0.0, 0.0909, 0.0, 0.0, 0.0, 0.0, 0.2, 0.0, 0.0, 0.0, 0.0, 0.0, 0.0, 0.0, 0.2143, 0.0, 0.0, 0.2, 0.0, 0.0, 0.0, 0.0, 0.1111, 0.0, 0.0, 0.9, 0.2, 0.0, 0.0, 0.0, 0.1111, 0.0, 0.0, 0.6, 0.0769, 0.0, 0.0, 0.0, 0.0, 0.0, 0.125, 0.3077, 0.2, 0.0, 0.0, 0.0, 0.0, 0.0, 0.0, 0.3636, 0.0, 0.0, 0.0, 0.125, 0.0, 0.2, 0.0, 0.2, 0.0, 0.2, 0.0, 0.6429, 0.25, 0.0, 0.0, 0.0, 0.1538, 0.0, 0.0, 0.2, 0.125, 0.0, 0.0, 0.0, 0.1667, 0.2, 0.1667, 0.0, 0.1667, 0.0, 0.0, 0.0, 0.1, 0.0, 0.1429, 0.1667, 0.0, 0.1111, 0.0, 0.0, 0.1429, 0.0, 0.1, 0.0, 0.0, 0.0, 0.0, 0.0, 0.0, 0.0, 0.1111, 0.0, 0.0, 0.0, 0.1, 0.0, 0.1, 0.0, 0.1429, 0.0, 0.0, 0.0, 0.1429, 0.1, 0.0, 0.1, 0.0, 0.0, 0.0, 0.0, 0.2857, 0.125, 0.0, 0.1111, 0.0, 0.0, 0.0, 0.0, 0.0, 0.0, 0.0, 0.0, 0.0, 0.1, 0.0, 0.0, 0.2308, 0.0, 0.0, 0.1667, 0.0, 0.0, 0.0, 0.2, 0.0, 0.0, 0.0, 0.1429, 0.0, 0.0, 0.0, 0.0, 0.0, 0.0, 0.0, 0.125, 0.0, 0.0, 0.0, 0.2222, 0.0, 0.0, 0.0, 0.4, 0.1818, 0.0, 0.0, 0.2, 0.1, 0.0, 0.0, 0.2727, 0.0, 0.0, 0.0, 0.25, 0.0, 0.0, 0.0, 0.0769, 0.1667, 0.1667, 0.0, 0.0, 0.2, 0.0, 0.0, 0.125, 0.0, 0.0909, 0.9231, 0.2, 0.0, 0.0, 0.0, 0.0, 0.1111, 0.0, 1.0, 0.4, 0.0, 0.0, 0.0, 0.0, 0.0, 0.0, 0.6667, 0.3333, 0.0, 0.0, 0.0909, 0.0, 0.0, 0.0, 0.0, 0.2857, 0.0, 0.0909, 0.0, 0.0, 0.0, 0.0, 0.1111, 0.0, 0.2222, 0.0, 0.0769, 0.0, 0.0, 0.0, 0.0909, 0.0]"
champions,0.6,6,champions,0.0965,0.0965,0.0965,0.0,9,True,193,0,281,1526,0,"[0.05, 0.07, 0.082, 0.089, 0.0925, 0.0945, 0.0955, 0.096, 0.0965, 0.0965, 0.0965, 0.0965, 0.0965, 0.0965, 0.0965, 0.0965, 0.0965, 0.0965, 0.0965, 0.0965, 0.0965, 0.0965, 0.0965, 0.0965, 0.0965, 0.0965, 0.0965, 0.0965, 0.0965, 0.0965, 0.0965, 0.0965, 0.0965, 0.0965, 0.0965, 0.0965, 0.0965, 0.0965, 0.0965, 0.0965, 0.0965, 0.0965, 0.0965, 0.0965, 0.0965, 0.0965, 0.0965, 0.0965, 0.0965, 0.0965, 0.0965, 0.0965, 0.0965, 0.0965, 0.0965, 0.0965, 0.0965, 0.0965, 0.0965, 0.0965, 0.0965, 0.0965, 0.0965, 0.0965, 0.0965, 0.0965, 0.0965, 0.0965, 0.0965, 0.0965, 0.0965, 0.0965, 0.0965, 0.0965, 0.0965, 0.0965, 0.0965, 0.0965, 0.0965, 0.0965, 0.0965, 0.0965, 0.0965, 0.0965, 0.0965, 0.0965, 0.0965, 0.0965, 0.0965, 0.0965, 0.0965, 0.0965, 0.0965, 0.0965, 0.0965, 0.0965, 0.0965, 0.0965, 0.0965, 0.0965, 0.0965]","{""0"": 0.0778, ""1"": 0.1698, ""2"": 0.1856, ""3"": 0.0088, ""4"": 0.0672, ""5"": 0.0453, ""6"": 0.1585, ""7"": 0.037}","[1.0, 0.0, 0.0, 0.0, 0.25, 0.0, 0.0, 0.0, 0.1667, 0.0, 0.0, 0.2222, 0.0, 0.0, 0.0, 0.0, 0.0, 0.0, 0.0, 0.0, 0.0, 0.0, 0.0, 0.0, 0.0, 0.1111, 0.0, 0.0, 0.0, 0.0, 0.0, 0.1667, 0.0, 0.0, 0.0, 0.0, 0.0, 0.0909, 0.0, 0.0, 0.2222, 0.1818, 0.0, 0.0, 0.0, 0.0, 0.0, 0.0, 0.1111, 0.0, 0.1111, 0.0, 0.0, 0.0, 0.0, 0.0, 0.0, 0.0, 0.0909, 0.0, 0.0, 0.0909, 0.0, 0.0, 0.0, 0.0, 0.0, 0.0833, 0.0, 0.5, 0.25, 0.0, 0.0833, 0.0, 0.0, 0.0, 0.0, 0.1667, 0.0, 0.1667, 0.0, 0.0, 0.1111, 0.0, 0.0, 0.125, 0.0, 0.0, 0.0, 0.0, 0.0, 0.1667, 0.0, 0.0, 0.1111, 0.0, 0.0, 0.0, 0.0, 0.0, 0.0, 0.0, 0.0, 0.0, 0.0, 0.0, 0.0, 0.0, 0.0, 0.0, 0.0833, 0.5556, 0.0, 0.2, 0.0, 0.0, 0.0, 0.0, 0.1667, 0.6667, 0.0, 0.0909, 0.2857, 0.0, 0.0, 0.0, 0.0, 0.9286, 0.0, 0.3, 0.5714, 0.0, 0.0, 0.0, 0.0, 0.375, 0.0, 0.2222, 0.625, 0.0, 0.0, 0.0, 0.0, 0.1111, 0.0, 0.4, 0.1429, 0.0, 0.0, 0.0, 0.0833, 0.0, 0.0, 0.2, 0.0, 0.0, 0.0, 0.0, 0.0, 0.0, 0.0, 0.2, 0.0, 0.25, 0.0, 0.0, 0.1818, 0.0, 0.0909, 0.0, 0.0, 0.9474, 0.0, 0.125, 0.0, 0.4167, 0.2, 0.2, 0.0, 0.3333, 0.0, 0.0, 0.0, 0.1429, 0.0909, 0.1, 0.6923, 0.1429, 0.0, 0.0, 0.0, 0.0, 0.0, 0.0, 1.0, 0.1111, 0.0, 0.0, 0.0, 0.0, 0.0, 0.0, 0.25, 0.5833, 0.0, 0.1429, 0.1429, 0.0, 0.0, 0.0, 0.25, 0.8333, 0.0, 0.25, 0.1111, 0.0, 0.0, 0.0, 0.0833, 0.125, 0.0, 0.0, 0.0, 0.0, 0.0, 0.0, 0.0, 0.0, 0.0, 0.1111, 0.0, 0.1429, 0.0, 0.0, 0.1111, 0.0, 0.0, 0.0, 0.0, 0.0, 0.0, 0.0, 0.0, 0.1, 0.0, 0.0, 0.0, 0.125, 0.0, 0.0]"
champions,0.6,7,champions,0.0715,0.0715,0.0715,0.0,6,True,143,0,267,1590,0,"[0.05, 0.065, 0.0685, 0.07, 0.071, 0.0715, 0.0715, 0.0715, 0.0715, 0.0715, 0.0715, 0.0715, 0.0715, 0.0715, 0.0715, 0.0715, 0.0715, 0.0715, 0.0715, 0.0715, 0.0715, 0.0715, 0.0715, 0.0715, 0.0715, 0.0715, 0.0715, 0.0715, 0.0715, 0.0715, 0.0715, 0.0715, 0.0715, 0.0715, 0.0715, 0.0715, 0.0715, 0.0715, 0.0715, 0.0715, 0.0715, 0.0715, 0.0715, 0.0715, 0.0715, 0.0715, 0.0715, 0.0715, 0.0715, 0.0715, 0.0715, 0.0715, 0.0715, 0.0715, 0.0715, 0.0715, 0.0715, 0.0715, 0.0715, 0.0715, 0.0715, 0.0715, 0.0715, 0.0715, 0.0715, 0.0715, 0.0715, 0.0715, 0.0715, 0.0715, 0.0715, 0.0715, 0.0715, 0.0715, 0.0715, 0.0715, 0.0715, 0.0715, 0.0715, 0.0715, 0.0715, 0.0715, 0.0715, 0.0715, 0.0715, 0.0715, 0.0715, 0.0715, 0.0715, 0.0715, 0.0715, 0.0715, 0.0715, 0.0715, 0.0715, 0.0715, 0.0715, 0.0715, 0.0715, 0.0715, 0.0715]","{""0"": 0.0303, ""1"": 0.07, ""2"": 0.0761, ""3"": 0.0703, ""4"": 0.0647, ""5"": 0.0553, ""6"": 0.0857, ""7"": 0.1141}","[0.8889, 0.0, 0.0, 0.0, 0.0, 0.0, 0.0, 0.1, 0.5, 0.1429, 0.0, 0.0, 0.0, 0.0, 0.0769, 0.0, 0.125, 0.0, 0.0, 0.0, 0.1429, 0.125, 0.0, 0.1667, 0.0, 0.0, 0.0, 0.0, 0.0, 0.4286, 0.0, 0.0, 0.1, 0.0, 0.0, 0.0, 0.0, 0.0, 0.0, 0.0, 0.3333, 0.0, 0.125, 0.1, 0.1, 0.0, 0.0, 0.0, 0.1667, 0.0, 0.1, 0.0, 0.125, 0.0, 0.0, 0.0, 0.0, 0.0, 0.0833, 0.0, 0.1667, 0.0, 0.0, 0.1818, 0.2, 0.0, 0.1111, 0.0, 0.0, 0.0, 0.0, 0.3846, 0.1818, 0.0, 0.1429, 0.0, 0.125, 0.0, 0.0, 0.1429, 0.125, 0.0, 0.0, 0.0, 0.1429, 0.0, 0.0, 0.0, 0.2222, 0.0, 0.1111, 0.0, 0.0, 0.0, 0.0, 0.1667, 0.0, 0.125, 0.3333, 0.1, 0.0, 0.0, 0.0, 0.0, 0.125, 0.0, 0.3333, 0.0833, 0.0, 0.0, 0.0, 0.4, 0.0, 0.0, 0.1111, 0.5455, 0.0, 0.2308, 0.0, 0.0, 0.0, 0.25, 0.0, 0.0, 0.0, 0.0, 0.1, 0.0, 0.0, 0.0909, 0.0, 0.1818, 0.0, 0.0, 0.0, 0.0, 0.1818, 0.0, 0.0, 0.25, 0.0, 0.0, 0.25, 0.0, 0.0, 0.0, 0.0, 0.25, 0.0, 0.1111, 0.0, 0.1429, 0.1, 0.1667, 0.0, 0.0, 0.1667, 0.1818, 0.1, 0.1429, 0.0, 0.0, 0.0, 0.0, 0.125, 0.0, 0.25, 0.0909, 0.2, 0.0, 0.0, 0.2308, 0.0, 0.0, 0.0, 0.0, 0.1818, 0.0, 0.0, 0.0, 0.0, 0.0, 0.0, 0.0, 0.0, 0.0, 0.0, 0.0, 0.0909, 0.0, 0.0, 0.0, 0.0, 0.0, 0.0, 0.0, 0.0, 0.1667, 0.1, 0.0, 0.0, 0.0, 0.1111, 0.0, 0.1, 0.125, 0.0, 0.125, 0.0, 0.0, 0.0, 0.1111, 0.0, 0.2222, 0.1429, 0.0833, 0.0, 0.0, 0.0, 0.0, 0.0, 0.0, 0.0833, 0.0, 0.0, 0.0, 0.0769, 0.125, 0.0, 0.0, 0.1429, 0.1111, 0.1, 0.0, 0.0, 0.0, 0.1429, 0.0, 0.1667, 0.0, 0.1429, 0.0, 0.0, 0.0, 0.4444, 0.0, 0.0, 0.0, 0.0833, 0.0]"
champions,0.6,8,champions,0.089,0.089,0.089,0.0,13,True,178,0,283,1539,0,"[0.05, 0.0695, 0.0755, 0.0795, 0.0815, 0.0825, 0.084, 0.085, 0.0855, 0.087, 0.088, 0.0885, 0.089, 0.089, 0.089, 0.089, 0.089, 0.089, 0.089, 0.089, 0.089, 0.089, 0.089, 0.089, 0.089, 0.089, 0.089, 0.089, 0.089, 0.089, 0.089, 0.089, 0.089, 0.089, 0.089, 0.089, 0.089, 0.089, 0.089, 0.089, 0.089, 0.089, 0.089, 0.089, 0.089, 0.089, 0.089, 0.089, 0.089, 0.089, 0.089, 0.089, 0.089, 0.089, 0.089, 0.089, 0.089, 0.089, 0.089, 0.089, 0.089, 0.089, 0.089, 0.089, 0.089, 0.089, 0.089, 0.089, 0.089, 0.089, 0.089, 0.089, 0.089, 0.089, 0.089, 0.089, 0.089, 0.089, 0.089, 0.089, 0.089, 0.089, 0.089, 0.089, 0.089, 0.089, 0.089, 0.089, 0.089, 0.089, 0.089, 0.089, 0.089, 0.089, 0.089, 0.089, 0.089, 0.089, 0.089, 0.089, 0.089]","{""0"": 0.0323, ""1"": 0.0717, ""2"": 0.0511, ""3"": 0.0455, ""4"": 0.1858, ""5"": 0.0536, ""6"": 0.0816, ""7"": 0.178}","[1.0, 0.0, 0.1429, 0.2, 0.0, 0.0, 0.125, 0.3, 0.0, 0.0, 0.0, 0.0909, 0.0, 0.0, 0.0, 0.0, 0.0, 0.0, 0.0, 0.0, 0.0, 0.0, 0.0, 0.5, 0.1111, 0.0, 0.0, 0.0, 0.0, 0.0, 0.1667, 0.2857, 0.0, 0.0, 0.0, 0.0, 0.0, 0.0, 0.0, 0.0, 0.0, 0.0, 0.0, 0.0, 0.0, 0.0, 0.0, 0.2, 0.0, 0.0, 0.0, 0.0, 0.2, 0.0, 0.0, 0.1667, 0.2, 0.0, 0.0, 0.0, 0.0, 0.0, 0.0, 0.0, 0.0, 0.0, 0.0769, 0.0, 0.0833, 0.1818, 0.0714, 0.25, 0.0, 0.0, 0.1818, 0.2, 0.0, 0.2727, 0.0, 0.1538, 0.0, 0.0, 0.0, 0.0, 0.0, 0.3333, 0.0, 0.0, 0.0, 0.0, 0.2857, 0.0, 0.0, 0.0, 0.0, 0.0, 0.0, 0.0, 0.3333, 0.0, 0.0, 0.0, 0.0, 0.0, 0.0, 0.0, 0.2308, 0.1, 0.0, 0.5, 0.0, 0.1111, 0.0, 0.0, 0.0, 0.0, 0.0, 0.9375, 0.0, 0.0, 0.0, 0.0, 0.0, 0.0, 0.0, 0.8889, 0.0, 0.1667, 0.0, 0.0, 0.0, 0.1, 0.2, 0.1667, 0.0, 0.0, 0.0, 0.0, 0.0, 0.0, 0.0, 0.25, 0.0, 0.0, 0.125, 0.0, 0.0, 0.0, 0.0, 0.4286, 0.1, 0.3, 0.0, 0.1667, 0.0, 0.0, 0.0, 0.125, 0.2308, 0.0, 0.0, 0.0, 0.0909, 0.0, 0.0, 0.1111, 0.25, 0.0, 0.0, 0.0, 0.0, 0.1111, 0.0, 0.0, 0.0, 0.0, 0.0, 0.0, 0.0, 0.1818, 0.2, 0.0, 0.0, 0.0, 0.0, 0.0, 0.0, 0.125, 0.0909, 0.0, 0.125, 0.0, 0.0, 0.0, 0.125, 0.0, 0.2222, 0.1, 0.0, 0.0, 0.1111, 0.0, 0.0, 0.1111, 0.1818, 0.0, 0.125, 0.0, 0.5455, 0.0, 0.0, 0.0, 0.1429, 0.0, 0.0, 0.0, 0.9091, 0.0, 0.0, 0.1429, 0.0, 0.1, 0.0, 0.0, 1.0, 0.125, 0.1, 0.0, 0.0, 0.0, 0.0, 0.0909, 0.25, 0.0, 0.0, 0.0, 0.0, 0.0, 0.0, 0.0, 0.3, 0.0, 0.0, 0.0, 0.0, 0.0, 0.2, 0.0, 0.25, 0.3571]"
champions,0.6,9,champions,0.094,0.094,0.094,0.0,9,True,188,0,240,1572,0,"[0.05, 0.069, 0.0765, 0.081, 0.0855, 0.09, 0.092, 0.0935, 0.094, 0.094, 0.094, 0.094, 0.094, 0.094, 0.094, 0.094, 0.094, 0.094, 0.094, 0.094, 0.094, 0.094, 0.094, 0.094, 0.094, 0.094, 0.094, 0.094, 0.094, 0.094, 0.094, 0.094, 0.094, 0.094, 0.094, 0.094, 0.094, 0.094, 0.094, 0.094, 0.094, 0.094, 0.094, 0.094, 0.094, 0.094, 0.094, 0.094, 0.094, 0.094, 0.094, 0.094, 0.094, 0.094, 0.094, 0.094, 0.094, 0.094, 0.094, 0.094, 0.094, 0.094, 0.094, 0.094, 0.094, 0.094, 0.094, 0.094, 0.094, 0.094, 0.094, 0.094, 0.094, 0.094, 0.094, 0.094, 0.094, 0.094, 0.094, 0.094, 0.094, 0.094, 0.094, 0.094, 0.094, 0.094, 0.094, 0.094, 0.094, 0.094, 0.094, 0.094, 0.094, 0.094, 0.094, 0.094, 0.094, 0.094, 0.094, 0.094, 0.094]","{""0"": 0.0354, ""1"": 0.0813, ""2"": 0.051, ""3"": 0.1378, ""4"": 0.1948, ""5"": 0.0259, ""6"": 0.1583, ""7"": 0.0558}","[1.0, 0.0, 0.0, 0.0, 0.0, 0.0, 0.0, 0.0, 0.0, 0.0, 0.0, 0.0, 0.0, 0.0, 0.0, 0.1667, 0.0, 0.0, 0.0, 0.0, 0.0, 0.0, 0.0, 0.0, 0.0, 0.0, 0.2857, 0.0, 0.0, 0.0, 0.1429, 0.0, 0.0, 0.0, 0.25, 0.0, 0.0, 0.1111, 0.0, 0.0, 0.0, 0.0, 0.0, 0.0, 0.1818, 0.2143, 0.0, 0.0, 0.125, 0.0, 0.125, 0.0, 0.1667, 0.4545, 0.0, 0.0, 0.1667, 0.0, 0.2, 0.0, 0.0, 1.0, 0.0, 0.0909, 0.1111, 0.0, 0.0, 0.0, 0.0, 1.0, 0.0, 0.4, 0.0, 0.0, 0.2143, 0.0, 0.0, 0.3333, 0.0, 0.9, 0.0, 0.0, 0.4, 0.0, 0.0, 0.0, 0.0, 0.2, 0.0, 0.3, 0.1, 0.1538, 0.1818, 0.2308, 0.0, 0.0, 0.0909, 0.0, 0.2222, 0.0909, 0.0, 0.2, 0.0, 0.0, 0.0, 0.0, 0.2, 0.0, 0.0, 0.0, 0.0, 0.0, 0.0, 0.0, 0.0, 0.0, 0.2857, 0.0, 0.0, 0.1, 0.0, 0.0, 0.0, 0.0, 0.0, 0.0, 0.0, 0.0, 0.0, 0.0, 0.0, 0.0, 0.2222, 0.0, 0.0, 0.0, 0.0, 0.0, 0.0, 0.0, 0.6875, 0.0, 0.1818, 0.125, 0.0, 0.0, 0.0, 0.0, 0.8571, 0.0, 0.1, 0.0, 0.1429, 0.2, 0.0, 0.0, 0.0, 0.0, 0.0, 0.1111, 0.0, 0.0, 0.0909, 0.1, 0.0, 0.0, 0.1111, 0.25, 0.0, 0.1, 0.0, 0.1429, 0.0, 0.1111, 0.0, 1.0, 0.1111, 0.25, 0.0, 0.3636, 0.0, 0.0, 0.0, 0.6, 0.0, 0.0, 0.2, 0.1818, 0.0, 0.0, 0.0, 0.6667, 0.1667, 0.0, 0.0, 0.0, 0.0, 0.0, 0.0, 0.0, 0.0, 0.0, 0.0, 0.0, 0.0, 0.1429, 0.0, 0.0, 0.0, 0.0, 0.0, 0.0, 0.125, 0.2, 0.0, 0.0, 0.0, 0.0, 0.0, 0.0, 0.2857, 0.0714, 0.0, 0.125, 0.0, 0.0, 0.0, 0.0, 0.3333, 0.2, 0.0, 0.0, 0.1111, 0.0, 0.0, 0.1, 0.0, 0.0, 0.0, 0.0, 0.25, 0.0, 0.0, 0.0, 0.1111, 0.1, 0.0, 0.0, 0.1538, 0.0]"
champions,0.6,10,champions,0.112,0.112,0.112,-0.0,14,True,224,0,279,1497,0,"[0.05, 0.072, 0.0855, 0.0935, 0.0995, 0.1035, 0.105, 0.1055, 0.106, 0.107, 0.1085, 0.11, 0.1115, 0.112, 0.112, 0.112, 0.112, 0.112, 0.112, 0.112, 0.112, 0.112, 0.112, 0.112, 0.112, 0.112, 0.112, 0.112, 0.112, 0.112, 0.112, 0.112, 0.112, 0.112, 0.112, 0.112, 0.112, 0.112, 0.112, 0.112, 0.112, 0.112, 0.112, 0.112, 0.112, 0.112, 0.112, 0.112, 0.112, 0.112, 0.112, 0.112, 0.112, 0.112, 0.112, 0.112, 0.112, 0.112, 0.112, 0.112, 0.112, 0.112, 0.112, 0.112, 0.112, 0.112, 0.112, 0.112, 0.112, 0.112, 0.112, 0.112, 0.112, 0.112, 0.112, 0.112, 0.112, 0.112, 0.112, 0.112, 0.112, 0.112, 0.112, 0.112, 0.112, 0.112, 0.112, 0.112, 0.112, 0.112, 0.112, 0.112, 0.112, 0.112, 0.112, 0.112, 0.112, 0.112, 0.112, 0.112, 0.112]","{""0"": 0.0364, ""1"": 0.0373, ""2"": 0.049, ""3"": 0.1654, ""4"": 0.2816, ""5"": 0.0524, ""6"": 0.2205, ""7"": 0.0435}","[1.0, 0.0833, 0.0, 0.1818, 0.0, 0.0, 0.0, 0.2143, 0.0, 0.0, 0.0, 0.375, 0.0, 0.0909, 0.125, 0.125, 0.0, 0.0, 0.0909, 0.0909, 0.0, 0.6364, 0.0, 0.2727, 0.0, 0.1111, 0.0, 0.1111, 0.0, 0.9231, 0.0, 0.0, 0.0, 0.0, 0.0, 0.0833, 0.2727, 0.7778, 0.0, 0.2, 0.0909, 0.0, 0.1111, 0.0, 0.2222, 1.0, 0.0, 0.1667, 0.1111, 0.0, 0.0, 0.0, 0.0, 1.0, 0.125, 0.1429, 0.1667, 0.0, 0.0, 0.0, 0.0, 0.8333, 0.1111, 0.625, 0.0, 0.0, 0.0, 0.1, 0.0, 0.8, 0.25, 0.6667, 0.0, 0.0, 0.0, 0.0, 0.0, 0.6667, 0.0, 0.25, 0.0, 0.0, 0.0, 0.0, 0.0, 0.0, 0.3333, 1.0, 0.1429, 0.1667, 0.1667, 0.0, 0.0, 0.0, 0.6667, 0.9167, 0.0, 0.0, 0.0, 0.0, 0.0, 0.0, 0.0, 0.8182, 0.0, 0.1, 0.0, 0.1, 0.0, 0.125, 0.0, 0.0, 0.0, 0.0, 0.0, 0.0, 0.0, 0.0, 0.0, 0.0, 0.0, 0.1111, 0.0, 0.0, 0.0, 0.0, 0.0, 0.1, 0.0, 0.1111, 0.0, 0.0, 0.0, 0.0, 0.0, 0.0, 0.25, 0.1111, 0.0, 0.0, 0.0, 0.0, 0.0, 0.0, 0.0, 0.0, 0.125, 0.0, 0.0, 0.0, 0.0, 0.0833, 0.0, 0.0, 0.0, 0.1, 0.0, 0.0, 0.0, 0.0, 0.0, 0.0, 0.1429, 0.0, 0.0, 0.0, 0.0, 0.1667, 0.25, 0.0, 0.0, 0.0, 0.0, 0.0, 0.0, 0.0, 0.1818, 0.0, 0.0, 0.0, 0.0, 0.0, 0.0909, 0.0, 0.0, 0.0, 0.0, 0.0, 0.0, 0.0, 0.1, 0.0, 0.0, 0.1111, 0.0, 0.0, 0.2, 0.0, 0.0, 0.0, 0.0, 0.0, 0.0833, 0.0, 0.125, 0.0, 0.0, 0.0, 0.0, 0.0, 0.0, 0.0, 0.0, 0.0, 0.0, 0.0, 0.0, 0.0, 0.0, 0.0, 0.6667, 0.0, 0.0, 0.0, 0.0, 0.0, 0.2, 0.0, 0.8333, 0.0, 0.0, 0.0, 0.0, 0.0, 0.0, 0.0, 1.0, 0.0, 0.0, 0.0, 0.0, 0.0, 0.0, 0.0, 0.7143, 0.0, 0.0, 0.0, 0.0, 0.0]"
champions,0.6,11,champions,0.072,0.072,0.072,0.0,7,True,144,0,294,1562,0,"[0.05, 0.063, 0.0675, 0.0695, 0.071, 0.0715, 0.072, 0.072, 0.072, 0.072, 0.072, 0.072, 0.072, 0.072, 0.072, 0.072, 0.072, 0.072, 0.072, 0.072, 0.072, 0.072, 0.072, 0.072, 0.072, 0.072, 0.072, 0.072, 0.072, 0.072, 0.072, 0.072, 0.072, 0.072, 0.072, 0.072, 0.072, 0.072, 0.072, 0.072, 0.072, 0.072, 0.072, 0.072, 0.072, 0.072, 0.072, 0.072, 0.072, 0.072, 0.072, 0.072, 0.072, 0.072, 0.072, 0.072, 0.072, 0.072, 0.072, 0.072, 0.072, 0.072, 0.072, 0.072, 0.072, 0.072, 0.072, 0.072, 0.072, 0.072, 0.072, 0.072, 0.072, 0.072, 0.072, 0.072, 0.072, 0.072, 0.072, 0.072, 0.072, 0.072, 0.072, 0.072, 0.072, 0.072, 0.072, 0.072, 0.072, 0.072, 0.072, 0.072, 0.072, 0.072, 0.072, 0.072, 0.072, 0.072, 0.072, 0.072, 0.072]","{""0"": 0.0669, ""1"": 0.0752, ""2"": 0.0431, ""3"": 0.125, ""4"": 0.0563, ""5"": 0.0385, ""6"": 0.0972, ""7"": 0.0672}","[1.0, 0.0, 0.0, 0.0, 0.0, 0.0, 0.0, 0.0, 0.0, 0.0, 0.0, 0.1667, 0.1667, 0.0, 0.0, 0.0, 0.0, 0.1, 0.0769, 0.0, 0.0, 0.1111, 0.0, 0.25, 0.0, 0.1429, 0.1429, 0.0, 0.0909, 0.1818, 0.0, 0.1111, 0.75, 0.0, 0.0, 0.0909, 0.0, 0.0, 0.0, 0.0, 0.1667, 0.0, 0.0, 0.0, 0.0, 0.2, 0.0, 0.0, 0.0, 0.0, 0.125, 0.0, 0.0, 0.0, 0.0, 0.1429, 0.0, 0.3333, 0.1429, 0.0, 0.0, 0.0, 0.0, 0.0, 0.0, 0.0, 0.3077, 0.0, 0.0, 0.0, 0.0, 0.5, 0.0, 0.0, 0.1667, 0.0, 0.0, 0.0, 0.0, 0.125, 0.0, 0.0, 0.1429, 0.1111, 0.0, 0.0, 0.0, 0.4286, 0.0833, 0.0, 0.0, 0.1667, 0.4444, 0.0, 0.0, 0.2727, 0.1111, 0.0, 0.0, 0.2, 0.9286, 0.0, 0.0, 0.0, 0.0, 0.0, 0.0, 0.1538, 0.0, 0.2, 0.0, 0.0, 0.0, 0.0, 0.0, 0.0, 0.0, 0.0, 0.125, 0.125, 0.0, 0.125, 0.0, 0.1, 0.125, 0.0, 0.0, 0.0, 0.0, 0.1, 0.0, 0.0, 0.0, 0.0, 0.1111, 0.0, 0.0, 0.0833, 0.0, 0.0, 0.0, 0.0, 0.1429, 0.0, 0.0, 0.0, 0.1111, 0.0, 0.1, 0.0, 0.1111, 0.0, 0.0, 0.1111, 0.1111, 0.0, 0.1111, 0.0, 0.0, 0.0, 0.0, 0.0, 0.0, 0.0, 0.0, 0.0, 0.1111, 0.0, 0.2222, 0.3636, 0.1429, 0.0, 0.0, 0.2222, 0.0, 0.125, 0.1, 0.0, 0.0, 0.0, 0.1429, 0.1111, 0.125, 0.0, 0.0, 0.0, 0.0, 0.0, 0.2857, 0.125, 0.0, 0.0, 0.0, 0.0, 0.0, 0.0, 0.25, 0.0, 0.0, 0.0909, 0.0, 0.0, 0.0769, 0.1667, 0.0, 0.1, 0.0, 0.0, 0.0, 0.0, 0.0, 0.0, 0.0, 0.0, 0.0, 0.125, 0.0, 0.0, 0.1667, 0.0, 0.2, 0.0, 0.4286, 0.0, 0.0, 0.0, 0.2, 0.0, 0.1429, 0.0, 0.0, 0.0769, 0.0, 0.0, 0.0833, 0.0, 0.1, 0.0, 0.0, 0.0, 0.1, 0.1, 0.0, 0.0, 0.0, 0.0, 0.0, 0.0, 0.0, 0.1]"
champions,0.8,0,champions,0.258,0.258,0.258,0.0,27,True,516,0,272,1212,0,"[0.05, 0.0725, 0.086, 0.101, 0.119, 0.137, 0.1575, 0.1775, 0.1955, 0.207, 0.2155, 0.226, 0.235, 0.239, 0.243, 0.2455, 0.2475, 0.249, 0.25, 0.2515, 0.252, 0.253, 0.254, 0.2555, 0.2565, 0.2575, 0.258, 0.258, 0.258, 0.258, 0.258, 0.258, 0.258, 0.258, 0.258, 0.258, 0.258, 0.258, 0.258, 0.258, 0.258, 0.258, 0.258, 0.258, 0.258, 0.258, 0.258, 0.258, 0.258, 0.258, 0.258, 0.258, 0.258, 0.258, 0.258, 0.258, 0.258, 0.258, 0.258, 0.258, 0.258, 0.258, 0.258, 0.258, 0.258, 0.258, 0.258, 0.258, 0.258, 0.258, 0.258, 0.258, 0.258, 0.258, 0.258, 0.258, 0.258, 0.258, 0.258, 0.258, 0.258, 0.258, 0.258, 0.258, 0.258, 0.258, 0.258, 0.258, 0.258, 0.258, 0.258, 0.258, 0.258, 0.258, 0.258, 0.258, 0.258, 0.258, 0.258, 0.258, 0.258]","{""0"": 0.0285, ""1"": 0.469, ""2"": 0.1654, ""3"": 0.2985, ""4"": 0.133, ""5"": 0.2652, ""6"": 0.4337, ""7"": 0.2549}","[0.8889, 0.0, 0.25, 0.1111, 0.0, 0.0, 1.0, 0.875, 0.0, 0.0, 0.1111, 0.0, 0.0, 0.125, 1.0, 1.0, 0.0, 0.0, 0.0, 0.0, 0.0, 0.0, 0.9091, 0.875, 0.0, 0.0, 0.0, 0.0, 0.1111, 0.0, 1.0, 1.0, 0.0, 0.0, 0.0, 0.0, 0.0, 0.0833, 1.0, 0.7143, 0.0, 0.0, 0.75, 0.1818, 0.1, 1.0, 0.75, 0.4286, 0.0, 0.0, 1.0, 0.0, 0.75, 1.0, 0.0, 0.0, 0.0, 0.0, 0.6667, 0.2222, 0.0, 0.6, 0.0, 0.75, 0.0, 0.1111, 1.0, 0.0, 0.2, 0.0, 0.0833, 0.8333, 0.0, 0.0, 1.0, 0.0, 0.1, 0.0, 0.0, 1.0, 0.0, 0.0, 0.7778, 0.2, 0.0, 0.0, 0.6667, 1.0, 0.0, 0.0, 0.6667, 0.1, 0.0, 0.0, 0.0, 0.6, 0.0, 0.0, 1.0, 0.125, 1.0, 0.25, 0.0, 0.3333, 0.3077, 0.1667, 0.9091, 0.8333, 0.9091, 0.0, 0.0, 0.0, 0.7143, 0.0, 0.9, 0.7778, 0.4167, 0.1, 0.0, 0.0, 0.8, 0.125, 1.0, 1.0, 0.0, 0.0, 0.0, 0.0, 0.7, 0.0, 0.7778, 0.5714, 0.1111, 0.0, 0.0, 0.1429, 1.0, 0.0, 1.0, 0.0, 0.0, 0.0, 0.0, 0.0, 1.0, 0.0, 0.8182, 0.25, 0.8182, 0.0, 0.0, 0.0, 0.6667, 0.2, 1.0, 0.0, 0.8182, 0.0, 0.0, 0.0, 0.5714, 0.0, 0.0, 0.0, 0.8462, 0.0, 0.0, 0.0, 0.8333, 0.0, 0.0, 0.0, 1.0, 0.0, 0.0, 0.0, 0.6364, 0.0, 0.1667, 0.0, 0.0, 0.0, 0.0, 0.0, 0.125, 0.0, 0.0, 0.0, 0.0, 0.0, 0.0, 0.0, 0.0, 0.1667, 0.0, 0.0, 0.0, 0.0, 0.0, 0.0, 0.0, 0.0, 0.0, 0.0, 0.0909, 0.0, 0.0, 0.0, 0.0, 0.0, 0.0, 0.0, 0.3333, 0.0, 0.0, 0.125, 0.0, 0.0, 0.2222, 0.0, 0.0, 0.0, 0.0, 0.875, 0.0, 0.0, 0.0, 0.0, 0.0, 0.0, 0.0, 0.875, 0.1, 0.0, 0.0, 0.1, 0.0, 0.1667, 0.0, 0.875, 0.0, 0.0, 0.0, 0.0769, 0.2, 0.125, 1.0, 0.7, 0.0, 0.125]"
champions,0.8,1,champions,0.2465,0.2465,0.2465,-0.0,18,True,493,0,288,1219,0,"[0.05, 0.08, 0.102, 0.1255, 0.1435, 0.162, 0.177, 0.192, 0.1985, 0.2045, 0.214, 0.225, 0.233, 0.2375, 0.241, 0.244, 0.246, 0.2465, 0.2465, 0.2465, 0.2465, 0.2465, 0.2465, 0.2465, 0.2465, 0.2465, 0.2465, 0.2465, 0.2465, 0.2465, 0.2465, 0.2465, 0.2465, 0.2465, 0.2465, 0.2465, 0.2465, 0.2465, 0.2465, 0.2465, 0.2465, 0.2465, 0.2465, 0.2465, 0.2465, 0.2465, 0.2465, 0.2465, 0.2465, 0.2465, 0.2465, 0.2465, 0.2465, 0.2465, 0.2465, 0.2465, 0.2465, 0.2465, 0.2465, 0.2465, 0.2465, 0.2465, 0.2465, 0.2465, 0.2465, 0.2465, 0.2465, 0.2465, 0.2465, 0.2465, 0.2465, 0.2465, 0.2465, 0.2465, 0.2465, 0.2465, 0.2465, 0.2465, 0.2465, 0.2465, 0.2465, 0.2465, 0.2465, 0.2465, 0.2465, 0.2465, 0.2465, 0.2465, 0.2465, 0.2465, 0.2465, 0.2465, 0.2465, 0.2465, 0.2465, 0.2465, 0.2465, 0.2465, 0.2465, 0.2465, 0.2465]","{""0"": 0.3228, ""1"": 0.4066, ""2"": 0.0385, ""3"": 0.0653, ""4"": 0.3774, ""5"": 0.1358, ""6"": 0.25, ""7"": 0.3307}","[1.0, 0.1818, 0.9286, 0.0, 0.3, 1.0, 0.2308, 0.6667, 0.7778, 0.0, 1.0, 0.0, 0.0, 0.9, 0.25, 1.0, 0.75, 0.2, 0.6364, 0.0909, 0.0, 0.7143, 0.0833, 1.0, 0.8889, 0.2222, 1.0, 0.125, 0.0, 0.625, 0.1111, 1.0, 0.8571, 0.8333, 0.8462, 0.0, 0.0, 1.0, 0.0, 0.8, 0.875, 0.0, 0.0, 0.0, 0.0, 1.0, 0.9, 0.8, 0.7, 0.0, 0.0, 0.0, 0.0, 0.9167, 0.625, 0.0, 0.8571, 0.0, 0.1, 0.0, 0.0, 0.6667, 0.0, 0.0, 1.0, 0.0, 0.0, 0.0, 0.0, 0.0, 0.1429, 0.0, 1.0, 0.0, 0.25, 0.0, 0.0, 0.0, 0.0, 0.1667, 1.0, 0.0769, 0.25, 0.0, 0.0, 0.0, 0.0, 0.0, 0.0909, 0.2, 0.0909, 0.0, 0.0, 0.0, 0.0, 0.0, 0.0909, 0.1, 0.1429, 0.375, 0.0, 0.0, 0.0, 0.0, 0.2, 0.0, 0.25, 0.0833, 0.0, 0.0, 0.0, 0.0, 0.5, 0.125, 0.2222, 0.1111, 0.0, 0.0, 0.0, 0.0, 0.2222, 1.0, 0.0, 0.0, 0.1429, 0.0, 0.0, 0.0, 0.0, 0.8889, 0.0909, 0.0, 0.0, 0.0, 0.2222, 0.0, 0.1, 1.0, 0.0, 0.0, 0.0, 0.0, 0.25, 0.0, 0.0, 0.7778, 0.1667, 0.1111, 0.0, 0.0, 0.0, 0.0, 0.0, 0.6, 0.0, 0.0, 0.0909, 0.1429, 0.1111, 0.1111, 0.0, 0.0, 0.0, 0.0, 0.0, 0.0, 0.0, 0.0, 0.0, 0.1667, 0.0, 0.0, 0.25, 0.0, 0.0, 0.1667, 0.0, 0.0, 0.125, 0.0, 0.4286, 0.0, 0.0, 0.0, 0.0, 0.5556, 0.0, 0.0, 0.1667, 0.0, 0.0, 0.0, 0.0, 0.8333, 0.1667, 0.0, 0.0, 0.1429, 0.0, 0.0, 0.0, 0.9231, 1.0, 0.0, 0.0, 0.3333, 0.2, 0.0, 0.0, 0.75, 0.9231, 0.0, 0.0, 0.0, 0.0, 0.0909, 0.0, 0.5714, 1.0, 0.0, 0.0, 0.4, 0.0, 0.1429, 0.0, 0.25, 1.0, 0.0, 0.1667, 1.0, 0.2, 0.0, 0.0, 0.125, 1.0, 0.0, 0.2222, 0.7, 0.0, 0.125, 0.0, 0.0, 0.8333, 0.0, 0.1111, 0.8571, 0.1429, 1.0, 0.2, 0.0]"
champions,0.8,2,champions,0.1975,0.1975,0.1975,0.0,18,True,395,0,280,1325,0,"[0.05, 0.077, 0.101, 0.1235, 0.142, 0.1595, 0.1705, 0.1755, 0.1785, 0.182, 0.184, 0.1865, 0.1905, 0.193, 0.195, 0.196, 0.197, 0.1975, 0.1975, 0.1975, 0.1975, 0.1975, 0.1975, 0.1975, 0.1975, 0.1975, 0.1975, 0.1975, 0.1975, 0.1975, 0.1975, 0.1975, 0.1975, 0.1975, 0.1975, 0.1975, 0.1975, 0.1975, 0.1975, 0.1975, 0.1975, 0.1975, 0.1975, 0.1975, 0.1975, 0.1975, 0.1975, 0.1975, 0.1975, 0.1975, 0.1975, 0.1975, 0.1975, 0.1975, 0.1975, 0.1975, 0.1975, 0.1975, 0.1975, 0.1975, 0.1975, 0.1975, 0.1975, 0.1975, 0.1975, 0.1975, 0.1975, 0.1975, 0.1975, 0.1975, 0.1975, 0.1975, 0.1975, 0.1975, 0.1975, 0.1975, 0.1975, 0.1975, 0.1975, 0.1975, 0.1975, 0.1975, 0.1975, 0.1975, 0.1975, 0.1975, 0.1975, 0.1975, 0.1975, 0.1975, 0.1975, 0.1975, 0.1975, 0.1975, 0.1975, 0.1975, 0.1975, 0.1975, 0.1975, 0.1975, 0.1975]","{""0"": 0.1551, ""1"": 0.0283, ""2"": 0.2336, ""3"": 0.2348, ""4"": 0.049, ""5"": 0.3534, ""6"": 0.1653, ""7"": 0.3385}","[1.0, 0.0, 0.0, 0.0, 0.0, 0.0, 1.0, 0.0, 0.0, 0.0, 0.0, 0.125, 0.0, 0.0, 0.9231, 0.0, 0.0, 0.0, 0.1667, 0.4286, 0.0, 0.0, 0.5, 0.1, 0.0, 0.1667, 0.0, 0.25, 0.0, 0.0, 0.8571, 0.2857, 0.1818, 0.875, 0.1429, 0.0, 0.0, 0.0, 0.8, 0.125, 0.8182, 1.0, 0.0, 0.0, 0.0, 0.0, 0.0, 0.8, 0.8571, 0.5556, 0.0, 0.0, 0.0, 0.125, 0.0, 0.875, 1.0, 0.0, 0.0, 0.1667, 0.0, 0.125, 0.2222, 0.8571, 0.7778, 0.0, 0.0, 0.5714, 0.0, 0.2, 0.6, 0.1, 1.0, 0.1, 0.125, 1.0, 0.0, 0.0, 0.8333, 0.0, 0.0, 0.0, 0.0, 0.75, 0.0, 0.0, 0.9333, 0.1111, 0.0909, 0.0, 0.0, 0.8, 0.0, 0.0, 0.875, 0.0, 0.0, 0.0, 0.0, 1.0, 0.625, 0.0, 1.0, 0.0, 0.0, 0.0, 0.0, 0.3333, 0.9, 0.25, 0.8889, 0.0, 0.1667, 0.3333, 0.0, 0.1667, 1.0, 0.0, 0.0, 0.0, 0.1, 0.5, 0.0, 0.0, 0.8333, 0.1667, 0.0, 0.125, 0.0, 0.0, 0.0, 0.0, 1.0, 0.0, 0.0, 0.1667, 0.0, 0.0, 0.0, 0.1429, 0.7778, 0.0, 0.0, 0.0, 0.0, 0.0, 0.0, 0.1, 0.2, 0.0, 0.0, 0.0, 0.0, 0.0, 0.0, 0.0, 0.1818, 0.1667, 0.0, 0.0, 0.0, 0.0, 0.0, 0.0, 0.0, 0.0, 0.0, 0.1111, 1.0, 0.0, 0.0, 0.0909, 0.2, 0.0, 0.0, 0.0, 0.875, 0.0, 0.0, 0.0, 0.0, 0.0, 0.0, 0.0, 0.75, 0.0, 0.0, 0.0, 0.2, 0.0, 0.0, 0.0, 0.8889, 0.1429, 0.1429, 0.0, 0.0, 0.0, 0.0, 0.0, 1.0, 0.0, 0.1111, 0.0, 0.25, 0.0, 0.0, 0.0, 0.1429, 0.0, 0.0, 0.25, 0.125, 0.1667, 0.0, 0.5, 0.0, 0.0, 0.0, 0.2, 0.0909, 0.0, 0.0, 0.2, 0.0, 0.2143, 0.0, 0.2, 0.0, 0.0, 0.0, 0.0, 0.0, 0.1111, 0.0, 0.0, 0.0, 0.0, 0.0, 0.0, 0.0, 0.0, 0.0, 0.0909, 0.0, 0.0833, 0.0, 0.1429, 0.0, 0.0]"
champions,0.8,3,champions,0.165,0.165,0.165,0.0,16,True,330,0,252,1418,0,"[0.05, 0.0785, 0.0965, 0.1105, 0.122, 0.134, 0.1465, 0.151, 0.154, 0.1575, 0.1595, 0.1605, 0.1615, 0.1625, 0.1645, 0.165, 0.165, 0.165, 0.165, 0.165, 0.165, 0.165, 0.165, 0.165, 0.165, 0.165, 0.165, 0.165, 0.165, 0.165, 0.165, 0.165, 0.165, 0.165, 0.165, 0.165, 0.165, 0.165, 0.165, 0.165, 0.165, 0.165, 0.165, 0.165, 0.165, 0.165, 0.165, 0.165, 0.165, 0.165, 0.165, 0.165, 0.165, 0.165, 0.165, 0.165, 0.165, 0.165, 0.165, 0.165, 0.165, 0.165, 0.165, 0.165, 0.165, 0.165, 0.165, 0.165, 0.165, 0.165, 0.165, 0.165, 0.165, 0.165, 0.165, 0.165, 0.165, 0.165, 0.165, 0.165, 0.165, 0.165, 0.165, 0.165, 0.165, 0.165, 0.165, 0.165, 0.165, 0.165, 0.165, 0.165, 0.165, 0.165, 0.165, 0.165, 0.165, 0.165, 0.165, 0.165, 0.165]","{""0"": 0.2087, ""1"": 0.0506, ""2"": 0.4523, ""3"": 0.1855, ""4"": 0.0637, ""5"": 0.0247, ""6"": 0.0905, ""7"": 0.1917}","[1.0, 0.0, 0.0, 0.7857, 0.2, 0.0, 0.0, 0.0, 0.0, 0.0, 0.0, 0.9, 0.0, 0.0, 0.1111, 0.125, 0.0, 0.2222, 0.0, 0.9167, 0.0, 0.0, 0.1, 0.0833, 0.7778, 0.1818, 0.0, 1.0, 0.0, 0.0, 0.0, 0.1429, 1.0, 0.8182, 0.0, 0.8333, 0.0, 0.125, 0.1667, 0.0, 0.9091, 0.8571, 0.1, 0.8333, 0.0, 0.0, 0.1429, 0.0, 0.6, 0.0833, 0.0833, 0.1, 0.1, 0.0, 0.0, 0.0909, 1.0, 0.0, 0.0, 0.0, 0.0, 0.25, 0.0, 0.0, 0.1429, 0.0, 0.0, 0.0, 0.0, 0.1111, 0.0, 0.3333, 0.0, 0.0, 0.0, 0.0, 0.0, 0.0, 0.0, 0.0833, 0.0, 0.0, 0.0, 0.0, 0.0, 0.25, 0.0, 0.0, 0.0, 0.0, 0.4, 0.1, 0.0, 0.0, 0.0, 0.0, 0.0, 0.0, 0.2143, 0.25, 0.0, 0.0833, 0.0, 0.0, 0.0, 0.0, 0.0, 0.0, 0.2, 0.0, 0.0, 0.1111, 0.0, 0.0, 0.0, 0.0, 1.0, 0.0, 0.0, 0.0, 0.0, 0.0, 0.0, 0.0, 0.8889, 0.0, 0.0, 0.1, 0.0, 0.0, 0.0, 0.0, 0.875, 0.0, 0.0, 0.1667, 0.0909, 0.1429, 0.0, 0.0, 1.0, 0.0, 0.0, 0.0, 0.0, 0.1667, 0.0, 0.0909, 1.0, 0.0, 0.0, 0.0, 0.0, 0.4, 0.0, 0.8667, 0.125, 0.3571, 0.0, 0.125, 0.0, 0.0, 0.0, 0.8333, 0.0, 0.125, 0.0, 0.0, 0.0, 0.0, 0.0, 1.0, 0.1, 0.1111, 0.1111, 0.0, 0.125, 0.0, 0.0, 0.1111, 0.0, 0.1111, 0.0, 0.1667, 0.0, 0.0, 0.0, 0.0, 0.0, 0.0, 0.0, 0.0, 0.0, 0.8571, 0.0, 0.0, 0.125, 0.0, 0.0, 0.1429, 0.0, 0.8, 0.0, 0.0, 0.0, 0.0, 0.0, 0.5, 0.0, 1.0, 0.0, 0.0, 0.0769, 0.0, 0.0, 0.2222, 0.0, 0.8571, 0.0, 0.6667, 0.0, 0.0, 0.0, 0.0, 0.0909, 0.2, 0.0, 0.8889, 0.0, 0.0, 0.0, 0.0, 0.0, 0.1429, 0.1, 0.8571, 0.1, 0.0833, 0.0, 0.0, 0.0, 0.0, 0.1667, 0.9231, 0.2727, 0.0, 0.0, 0.0, 0.0, 0.1111]"
champions,0.8,4,champions,0.214,0.214,0.214,-0.0,22,True,428,0,284,1288,0,"[0.05, 0.077, 0.0975, 0.119, 0.138, 0.1525, 0.1645, 0.1735, 0.178, 0.181, 0.185, 0.187, 0.19, 0.195, 0.199, 0.204, 0.2075, 0.2085, 0.21, 0.211, 0.2135, 0.214, 0.214, 0.214, 0.214, 0.214, 0.214, 0.214, 0.214, 0.214, 0.214, 0.214, 0.214, 0.214, 0.214, 0.214, 0.214, 0.214, 0.214, 0.214, 0.214, 0.214, 0.214, 0.214, 0.214, 0.214, 0.214, 0.214, 0.214, 0.214, 0.214, 0.214, 0.214, 0.214, 0.214, 0.214, 0.214, 0.214, 0.214, 0.214, 0.214, 0.214, 0.214, 0.214, 0.214, 0.214, 0.214, 0.214, 0.214, 0.214, 0.214, 0.214, 0.214, 0.214, 0.214, 0.214, 0.214, 0.214, 0.214, 0.214, 0.214, 0.214, 0.214, 0.214, 0.214, 0.214, 0.214, 0.214, 0.214, 0.214, 0.214, 0.214, 0.214, 0.214, 0.214, 0.214, 0.214, 0.214, 0.214, 0.214, 0.214]","{""0"": 0.1542, ""1"": 0.0776, ""2"": 0.2209, ""3"": 0.0357, ""4"": 0.2862, ""5"": 0.4637, ""6"": 0.1922, ""7"": 0.252}","[0.8889, 0.7857, 0.0, 0.125, 0.0, 0.0, 0.0, 0.1429, 0.0, 0.1667, 0.0, 0.0, 0.0, 0.0, 0.8571, 0.0, 0.0, 0.0, 0.2, 0.0909, 0.0, 0.1, 0.6667, 0.0, 0.0, 0.0, 0.2857, 0.8, 0.0, 0.1818, 1.0, 0.0, 0.0, 0.0, 0.3333, 0.7692, 0.1429, 0.3, 0.875, 0.0, 0.0, 0.0, 0.8571, 0.8889, 0.0, 0.9286, 0.875, 0.0, 0.0, 0.0, 0.1, 0.8, 0.0, 0.8571, 0.875, 0.0, 0.0, 0.1667, 0.125, 0.9, 0.0, 0.5714, 0.8, 0.0, 0.0, 0.0, 0.0, 0.8889, 0.0909, 0.0, 1.0, 0.0, 0.0, 0.0, 0.0, 0.5, 0.1, 0.0, 1.0, 0.0, 0.0, 0.0, 0.1429, 0.0, 0.0, 0.0, 0.8889, 0.0, 0.6, 0.0714, 0.0, 0.0, 0.0, 0.0, 1.0, 0.0, 0.75, 0.1111, 0.0, 0.0, 0.1667, 0.0, 0.8889, 0.0, 0.8571, 0.25, 0.0, 0.0, 0.0909, 0.0, 1.0, 0.125, 0.9, 0.0, 0.0, 0.125, 0.0, 0.0, 0.875, 0.125, 0.9, 0.125, 0.0909, 0.0909, 0.1, 0.0, 0.0, 0.1, 1.0, 0.0, 0.0, 0.0, 0.0, 0.1429, 0.0, 0.0, 0.625, 0.0, 0.0, 0.0, 0.0, 0.0, 0.0, 0.1667, 0.0, 0.0, 0.0, 0.0, 0.0, 0.1429, 0.0, 1.0, 0.1111, 0.0, 0.0, 0.0, 0.0, 0.1111, 0.0, 0.9231, 0.2, 0.0, 0.1429, 0.0, 0.0, 0.0, 0.0, 0.8462, 0.0, 0.0909, 0.0, 0.0, 0.0, 0.2, 0.0, 0.6364, 0.125, 0.0, 0.0, 0.0, 0.0, 0.0, 0.0, 0.125, 0.0, 0.0, 0.0, 0.0, 0.0, 0.0, 0.25, 0.0, 0.1429, 0.0, 0.0, 0.0, 0.0, 0.8333, 0.0, 0.0, 0.0, 0.0, 0.0, 0.1429, 0.0, 0.7778, 0.0, 0.0, 0.1429, 0.0, 0.2222, 0.0, 0.0, 0.8571, 0.0, 0.0, 0.1, 0.0, 0.0, 0.0, 0.0, 1.0, 0.1667, 0.1667, 0.0, 0.1667, 0.0, 0.0, 0.0, 0.1538, 0.1818, 0.0833, 0.0, 0.25, 0.0, 0.0, 0.0, 0.2222, 0.0, 0.0, 0.1667, 1.0, 0.0, 0.1429, 0.0, 0.0833, 0.1111, 0.1, 0.0, 1.0]"
champions,0.8,5,champions,0.2345,0.2345,0.2345,-0.0,17,True,469,0,254,1277,0,"[0.05, 0.0845, 0.1115, 0.129, 0.1485, 0.165, 0.184, 0.2005, 0.211, 0.2145, 0.218, 0.2215, 0.2265, 0.2295, 0.231, 0.233, 0.2345, 0.2345, 0.2345, 0.2345, 0.2345, 0.2345, 0.2345, 0.2345, 0.2345, 0.2345, 0.2345, 0.2345, 0.2345, 0.2345, 0.2345, 0.2345, 0.2345, 0.2345, 0.2345, 0.2345, 0.2345, 0.2345, 0.2345, 0.2345, 0.2345, 0.2345, 0.2345, 0.2345, 0.2345, 0.2345, 0.2345, 0.2345, 0.2345, 0.2345, 0.2345, 0.2345, 0.2345, 0.2345, 0.2345, 0.2345, 0.2345, 0.2345, 0.2345, 0.2345, 0.2345, 0.2345, 0.2345, 0.2345, 0.2345, 0.2345, 0.2345, 0.2345, 0.2345, 0.2345, 0.2345, 0.2345, 0.2345, 0.2345, 0.2345, 0.2345, 0.2345, 0.2345, 0.2345, 0.2345, 0.2345, 0.2345, 0.2345, 0.2345, 0.2345, 0.2345, 0.2345, 0.2345, 0.2345, 0.2345, 0.2345, 0.2345, 0.2345, 0.2345, 0.2345, 0.2345, 0.2345, 0.2345, 0.2345, 0.2345, 0.2345]","{""0"": 0.2188, ""1"": 0.2159, ""2"": 0.0864, ""3"": 0.3643, ""4"": 0.3554, ""5"": 0.1721, ""6"": 0.2958, ""7"": 0.1627}","[1.0, 0.4, 0.0, 0.2, 1.0, 0.8571, 0.1, 0.125, 0.0, 0.0, 0.0, 0.0, 1.0, 0.0909, 0.1, 0.0909, 0.0, 0.0, 0.0, 0.0, 0.875, 0.0, 0.0, 0.0, 0.0, 0.0, 0.1667, 0.0, 0.9091, 0.0, 0.0, 0.5, 0.1, 0.0, 0.1667, 0.0, 0.8889, 0.125, 0.0, 0.9091, 0.0909, 0.1538, 1.0, 0.0, 0.8333, 0.0, 0.0, 0.8889, 0.0, 0.875, 1.0, 0.0, 0.875, 0.2727, 0.0, 1.0, 0.0, 1.0, 0.8889, 0.0, 0.8333, 0.0, 0.0, 0.8, 0.0, 1.0, 0.8571, 0.0, 0.375, 0.1111, 0.0, 0.75, 0.0909, 0.7778, 0.6667, 0.0, 0.0769, 0.0, 0.0, 0.8571, 0.0, 0.9, 0.0, 0.1111, 0.125, 0.0, 0.0, 0.8462, 0.0, 0.0, 0.0, 0.8333, 0.0, 0.0, 0.125, 0.4286, 0.0, 0.0, 0.0, 0.2308, 0.0, 0.0, 0.1429, 0.0, 0.0, 0.0, 0.1538, 0.0769, 0.125, 0.0, 0.0, 0.0, 0.0, 0.0, 0.3333, 0.0, 0.0, 0.0, 0.0, 0.0, 0.0, 0.0, 0.0, 0.0, 0.1667, 0.0, 0.0, 0.0, 0.2222, 0.0, 0.0, 0.0, 0.0, 0.0, 0.0, 0.0, 0.0, 0.0, 0.0, 0.2857, 0.1667, 0.0, 0.0, 0.0, 0.0, 0.3333, 0.0, 0.0, 0.0, 0.0, 0.8, 0.0, 0.2, 0.1, 0.2222, 0.0, 0.0, 0.0, 0.875, 0.0, 0.7778, 0.0, 0.1111, 0.0, 0.0, 0.0, 0.9, 0.0, 0.6667, 0.1, 0.0, 0.0, 0.0, 0.8571, 0.7778, 0.0, 0.9231, 0.0, 0.2727, 0.125, 0.0, 0.9, 0.1429, 0.1429, 1.0, 0.2, 0.0, 0.0833, 0.1, 0.9231, 0.0, 0.0, 0.0, 0.1429, 0.0, 0.0, 0.0, 0.6667, 0.0, 0.2857, 0.0, 0.1, 0.0, 0.0, 0.0, 0.75, 0.1111, 0.1111, 0.2, 0.125, 0.0, 0.0, 0.1667, 1.0, 0.1111, 0.0, 0.0, 0.1429, 0.0, 0.0, 0.0, 0.8333, 0.1667, 0.0, 0.0, 0.0, 0.0, 0.0, 0.5, 1.0, 0.25, 0.0, 0.0, 0.1111, 0.0, 0.1429, 0.2222, 0.75, 0.25, 0.0, 0.0, 0.0, 0.0, 0.3, 0.875, 1.0, 0.2, 0.0, 0.2, 0.1111]"
champions,0.8,6,champions,0.255,0.255,0.255,0.0,30,True,510,0,298,1192,0,"[0.05, 0.076, 0.1015, 0.125, 0.146, 0.1635, 0.177, 0.187, 0.1935, 0.199, 0.204, 0.207, 0.2105, 0.2115, 0.213, 0.2155, 0.219, 0.2225, 0.227, 0.2305, 0.236, 0.2395, 0.2435, 0.2475, 0.2495, 0.2505, 0.2515, 0.252, 0.253, 0.255, 0.255, 0.255, 0.255, 0.255, 0.255, 0.255, 0.255, 0.255, 0.255, 0.255, 0.255, 0.255, 0.255, 0.255, 0.255, 0.255, 0.255, 0.255, 0.255, 0.255, 0.255, 0.255, 0.255, 0.255, 0.255, 0.255, 0.255, 0.255, 0.255, 0.255, 0.255, 0.255, 0.255, 0.255, 0.255, 0.255, 0.255, 0.255, 0.255, 0.255, 0.255, 0.255, 0.255, 0.255, 0.255, 0.255, 0.255, 0.255, 0.255, 0.255, 0.255, 0.255, 0.255, 0.255, 0.255, 0.255, 0.255, 0.255, 0.255, 0.255, 0.255, 0.255, 0.255, 0.255, 0.255, 0.255, 0.255, 0.255, 0.255, 0.255, 0.255]","{""0"": 0.0601, ""1"": 0.2642, ""2"": 0.0176, ""3"": 0.3217, ""4"": 0.6059, ""5"": 0.3333, ""6"": 0.1719, ""7"": 0.1934}","[1.0, 0.0, 1.0, 0.0, 0.0, 0.0, 0.0, 0.0, 0.8333, 0.0, 0.3333, 0.0, 0.0, 0.0, 0.0, 0.2, 0.875, 0.0, 0.0, 0.0, 0.0, 0.0, 0.0, 0.0833, 0.1429, 0.0, 0.0, 0.0, 0.0, 0.0, 0.1, 0.0, 0.0, 0.0, 0.0, 0.0, 0.0909, 0.0, 0.8571, 0.0, 0.0, 0.0, 0.1667, 0.0, 0.0909, 0.125, 1.0, 0.0, 0.0, 0.0, 0.0, 0.0, 0.8333, 0.5, 1.0, 0.0, 0.0, 0.0, 0.0, 0.0, 0.75, 0.0, 0.875, 0.0833, 0.7273, 0.0, 0.0, 0.0, 0.7273, 1.0, 0.2, 0.25, 1.0, 0.0, 0.0, 0.0, 0.6, 1.0, 0.0, 0.0, 0.6667, 0.0, 0.0, 0.0, 1.0, 0.75, 0.1818, 0.0, 0.0, 0.625, 0.0, 0.0, 1.0, 0.8889, 0.2308, 0.0, 0.0, 0.0, 0.125, 0.0, 0.8462, 0.8333, 0.0909, 0.0, 0.1111, 0.0, 0.1667, 0.0, 0.8667, 0.8182, 0.0, 0.0, 0.0, 0.0, 0.0, 0.0, 0.8333, 0.8333, 0.0, 0.0, 0.25, 0.2222, 0.0, 0.1111, 0.8889, 0.8571, 1.0, 0.0, 0.0, 0.1667, 0.0, 0.0, 0.1429, 1.0, 1.0, 0.0, 0.0, 0.0, 0.0, 0.0, 0.0, 0.7143, 0.75, 0.0, 0.0, 0.0, 0.0, 0.25, 0.0, 0.7857, 1.0, 0.1111, 0.0, 0.0, 0.0, 0.0, 0.2222, 1.0, 1.0, 0.0, 0.0, 0.0, 0.0, 0.125, 0.0, 0.8333, 1.0, 0.4444, 0.0, 0.0, 0.0, 0.0, 0.0, 0.9333, 0.0, 0.8333, 0.0, 0.0, 0.0, 0.0, 0.0, 0.8571, 0.0, 0.875, 0.0, 0.1667, 0.0, 0.0, 0.0, 0.7, 0.0, 1.0, 0.0, 0.0, 0.3333, 0.0, 0.0, 0.0, 0.0, 0.6, 0.0, 0.0, 0.7143, 0.0, 0.0, 0.0, 0.0, 0.1667, 0.0, 0.4286, 0.6667, 0.0, 0.0, 1.0, 0.0, 0.0, 0.0, 0.0, 1.0, 0.0, 0.0, 0.75, 0.1667, 0.0, 0.1111, 0.0, 0.9286, 0.0, 0.0, 1.0, 0.1111, 0.0, 0.1429, 0.0, 0.75, 0.0, 0.1667, 0.6429, 0.1111, 0.0909, 0.0, 0.0, 0.875, 0.0, 0.0, 0.75, 0.0, 0.0, 0.1429, 0.0]"
champions,0.8,7,champions,0.286,0.286,0.286,0.0,21,True,572,0,306,1122,0,"[0.05, 0.0795, 0.1, 0.118, 0.137, 0.1545, 0.174, 0.1925, 0.205, 0.217, 0.2295, 0.2405, 0.2505, 0.261, 0.2675, 0.273, 0.277, 0.282, 0.2835, 0.285, 0.286, 0.286, 0.286, 0.286, 0.286, 0.286, 0.286, 0.286, 0.286, 0.286, 0.286, 0.286, 0.286, 0.286, 0.286, 0.286, 0.286, 0.286, 0.286, 0.286, 0.286, 0.286, 0.286, 0.286, 0.286, 0.286, 0.286, 0.286, 0.286, 0.286, 0.286, 0.286, 0.286, 0.286, 0.286, 0.286, 0.286, 0.286, 0.286, 0.286, 0.286, 0.286, 0.286, 0.286, 0.286, 0.286, 0.286, 0.286, 0.286, 0.286, 0.286, 0.286, 0.286, 0.286, 0.286, 0.286, 0.286, 0.286, 0.286, 0.286, 0.286, 0.286, 0.286, 0.286, 0.286, 0.286, 0.286, 0.286, 0.286, 0.286, 0.286, 0.286, 0.286, 0.286, 0.286, 0.286, 0.286, 0.286, 0.286, 0.286, 0.286]","{""0"": 0.1884, ""1"": 0.0537, ""2"": 0.4479, ""3"": 0.4397, ""4"": 0.265, ""5"": 0.448, ""6"": 0.1311, ""7"": 0.2996}","[1.0, 0.0, 0.0, 0.9, 0.0, 0.0, 0.0, 0.0, 0.0, 0.0, 0.0, 0.8333, 0.0909, 0.0, 0.0, 0.0, 0.0, 0.0, 0.0, 1.0, 0.0, 0.8333, 0.1111, 0.0, 0.0, 0.2, 0.0, 1.0, 0.3333, 1.0, 0.6667, 0.0, 0.0, 0.0, 0.0, 1.0, 0.8571, 0.6667, 1.0, 0.1111, 0.0, 0.0, 0.0, 0.8889, 0.8889, 0.9091, 0.7143, 0.0, 0.0, 0.1667, 0.1667, 1.0, 1.0, 0.8333, 1.0, 0.1667, 0.1111, 0.0, 0.1111, 0.8889, 1.0, 0.4286, 0.875, 0.0, 0.1818, 0.0, 0.0, 0.7778, 0.75, 0.8, 1.0, 0.0, 0.0, 0.0, 0.1111, 0.75, 0.75, 0.7143, 0.8889, 0.0, 0.0, 0.0, 0.1667, 0.8571, 1.0, 0.1, 0.8333, 0.1, 0.0, 0.0, 0.1, 0.2222, 0.25, 0.1429, 0.75, 0.0, 0.0, 0.1667, 0.0, 0.0, 0.0, 0.1, 0.9167, 0.0, 1.0, 0.0, 0.0, 0.0, 0.0, 0.0, 1.0, 0.0, 1.0, 0.0, 0.0, 0.0, 0.7, 0.0, 0.875, 0.2, 1.0, 0.1667, 0.0, 0.0, 0.3846, 0.1111, 0.8889, 0.0, 0.9, 0.0909, 0.0, 0.0, 0.1, 0.0, 1.0, 0.0, 0.6667, 0.0, 0.0, 0.0, 0.0, 0.0, 0.8333, 0.0833, 0.7692, 0.0, 0.1429, 0.1667, 0.1, 0.2, 0.4286, 0.0, 0.8889, 0.75, 0.0, 0.0, 0.0, 0.1, 0.0, 0.5714, 0.1429, 0.8, 0.0, 0.0, 0.0, 0.0, 0.1, 0.2222, 0.0, 1.0, 0.0, 0.2, 0.7143, 0.0, 0.2857, 0.0, 0.8333, 1.0, 0.1667, 0.8571, 0.8889, 0.0, 0.0833, 0.3333, 0.5, 0.7692, 0.0, 0.9286, 0.8571, 0.0, 0.0, 0.25, 0.3333, 0.0, 0.0, 0.7778, 0.9333, 0.0, 0.0, 0.0, 0.0909, 0.0, 0.375, 0.0, 1.0, 0.0, 0.0, 0.8333, 0.0, 0.2308, 0.1, 0.0, 0.0, 0.0, 0.0, 1.0, 0.0, 0.0909, 0.0, 0.0, 0.0, 0.0, 0.0, 0.0, 0.0, 0.0, 0.0, 0.0, 0.0, 0.0, 0.0, 0.0, 0.0, 0.0, 0.0, 0.0, 0.0, 0.0, 0.0, 0.0, 0.1667, 0.1429, 0.0, 0.3333, 0.0, 0.0, 0.0, 0.0, 0.1667, 0.0]"
champions,0.8,8,champions,0.1725,0.1725,0.1725,0.0,14,True,345,0,286,1369,0,"[0.05, 0.0765, 0.0945, 0.1135, 0.129, 0.1395, 0.1485, 0.1535, 0.158, 0.161, 0.165, 0.1705, 0.172, 0.1725, 0.1725, 0.1725, 0.1725, 0.1725, 0.1725, 0.1725, 0.1725, 0.1725, 0.1725, 0.1725, 0.1725, 0.1725, 0.1725, 0.1725, 0.1725, 0.1725, 0.1725, 0.1725, 0.1725, 0.1725, 0.1725, 0.1725, 0.1725, 0.1725, 0.1725, 0.1725, 0.1725, 0.1725, 0.1725, 0.1725, 0.1725, 0.1725, 0.1725, 0.1725, 0.1725, 0.1725, 0.1725, 0.1725, 0.1725, 0.1725, 0.1725, 0.1725, 0.1725, 0.1725, 0.1725, 0.1725, 0.1725, 0.1725, 0.1725, 0.1725, 0.1725, 0.1725, 0.1725, 0.1725, 0.1725, 0.1725, 0.1725, 0.1725, 0.1725, 0.1725, 0.1725, 0.1725, 0.1725, 0.1725, 0.1725, 0.1725, 0.1725, 0.1725, 0.1725, 0.1725, 0.1725, 0.1725, 0.1725, 0.1725, 0.1725, 0.1725, 0.1725, 0.1725, 0.1725, 0.1725, 0.1725, 0.1725, 0.1725, 0.1725, 0.1725, 0.1725, 0.1725]","{""0"": 0.0857, ""1"": 0.2763, ""2"": 0.1882, ""3"": 0.0348, ""4"": 0.0455, ""5"": 0.1624, ""6"": 0.4706, ""7"": 0.0861}","[1.0, 0.0, 0.0, 0.0, 0.0, 0.4545, 0.0, 0.875, 0.0, 0.0, 0.0, 0.0, 0.0, 0.0, 0.0, 0.0, 0.0, 0.0, 0.1538, 0.0, 0.0, 0.0, 0.0, 0.0, 0.0, 0.0, 0.1, 0.0, 0.0, 0.0, 0.0, 0.0, 0.0909, 0.2667, 0.1429, 0.0, 0.0, 0.0, 0.0, 0.0, 0.125, 0.0, 0.0, 0.0, 0.0, 0.0, 0.0, 0.125, 0.0, 0.0, 0.0, 0.0, 0.0, 0.0, 0.125, 0.5, 0.1, 0.1429, 0.1111, 0.0, 0.0, 0.0, 0.0, 1.0, 0.0, 0.2857, 0.1, 0.0, 0.0, 0.0, 0.0, 0.75, 0.4, 0.0, 0.9167, 0.0, 0.0, 0.0, 0.2143, 0.875, 0.0909, 0.0, 1.0, 0.0909, 0.0, 0.0, 0.1667, 0.75, 0.25, 0.0833, 0.9, 0.0, 0.0, 0.25, 0.0833, 0.0, 0.25, 0.0, 1.0, 0.0, 0.0, 0.25, 0.0, 0.0, 0.1667, 0.0, 1.0, 0.0, 0.0, 0.0, 0.0, 0.0, 0.1, 0.2222, 1.0, 0.2857, 0.1429, 0.0, 0.0909, 0.1, 0.1667, 0.1111, 0.5, 0.0, 0.0, 0.0, 0.0, 0.2, 0.0, 0.1667, 0.8182, 0.0, 0.0, 0.0, 0.0, 0.2, 0.0, 0.0, 0.0909, 0.0, 0.0, 0.0, 0.0, 0.1111, 0.0, 0.0, 0.0, 0.0833, 0.0, 0.0, 0.2727, 0.75, 0.0, 0.0, 0.0, 0.0909, 0.0, 0.0, 0.9, 0.9286, 0.4286, 0.2, 0.0, 0.5556, 0.0, 0.0, 0.6667, 0.6667, 0.1, 0.0909, 0.0, 1.0, 0.0, 0.0, 1.0, 0.5, 0.0, 0.25, 0.0, 1.0, 0.0, 0.0, 0.2727, 0.2, 0.0, 0.1111, 0.0, 0.9167, 0.1667, 0.1, 0.0, 0.0, 0.0, 0.0, 0.0, 1.0, 0.1429, 0.0, 0.0, 0.125, 0.0, 0.0, 0.0, 0.3333, 0.1, 0.0, 0.0, 0.7143, 0.0, 0.1667, 0.0, 0.1429, 0.0909, 0.0, 0.0, 1.0, 0.0769, 0.2, 0.0, 0.0, 0.0, 0.0, 0.1667, 0.8333, 0.0, 0.0, 0.0, 0.0, 0.0, 0.0769, 0.0, 1.0, 0.0, 0.0, 0.0, 0.0, 0.25, 0.0, 0.0, 1.0, 0.0, 0.0, 0.0, 0.0, 0.0, 0.0, 0.0, 0.8889, 0.3333, 0.0]"
champions,0.8,9,champions,0.2385,0.2385,0.2385,-0.0,25,True,477,0,300,1223,0,"[0.05, 0.0755, 0.0925, 0.1105, 0.125, 0.1415, 0.1545, 0.165, 0.1775, 0.186, 0.195, 0.2, 0.2025, 0.206, 0.2095, 0.2135, 0.216, 0.221, 0.223, 0.226, 0.2315, 0.2345, 0.2355, 0.2375, 0.2385, 0.2385, 0.2385, 0.2385, 0.2385, 0.2385, 0.2385, 0.2385, 0.2385, 0.2385, 0.2385, 0.2385, 0.2385, 0.2385, 0.2385, 0.2385, 0.2385, 0.2385, 0.2385, 0.2385, 0.2385, 0.2385, 0.2385, 0.2385, 0.2385, 0.2385, 0.2385, 0.2385, 0.2385, 0.2385, 0.2385, 0.2385, 0.2385, 0.2385, 0.2385, 0.2385, 0.2385, 0.2385, 0.2385, 0.2385, 0.2385, 0.2385, 0.2385, 0.2385, 0.2385, 0.2385, 0.2385, 0.2385, 0.2385, 0.2385, 0.2385, 0.2385, 0.2385, 0.2385, 0.2385, 0.2385, 0.2385, 0.2385, 0.2385, 0.2385, 0.2385, 0.2385, 0.2385, 0.2385, 0.2385, 0.2385, 0.2385, 0.2385, 0.2385, 0.2385, 0.2385, 0.2385, 0.2385, 0.2385, 0.2385, 0.2385, 0.2385]","{""0"": 0.2556, ""1"": 0.4329, ""2"": 0.2869, ""3"": 0.1747, ""4"": 0.3134, ""5"": 0.1702, ""6"": 0.2342, ""7"": 0.04}","[0.8889, 0.1111, 0.875, 0.1111, 0.1, 0.1, 0.0, 0.0, 0.0, 0.9091, 1.0, 0.0, 0.0, 0.2, 0.0, 0.3, 0.0, 0.9286, 0.875, 0.7143, 0.1111, 0.0833, 0.1, 0.0, 0.0, 1.0, 0.8, 0.0, 0.0, 0.0, 0.0, 0.0, 0.0909, 0.8182, 0.8571, 0.0, 0.0, 0.0, 0.0, 0.0, 0.0, 0.8889, 0.875, 0.0, 0.8889, 0.0, 0.0, 0.1818, 0.0, 1.0, 0.8333, 0.1429, 1.0, 0.0, 0.1667, 0.0909, 0.0, 0.25, 1.0, 0.25, 0.7273, 0.0, 0.1, 0.1429, 0.0, 0.0, 1.0, 0.0, 0.8, 0.0, 0.875, 0.0, 0.0, 0.0, 0.5714, 0.0, 0.25, 0.0909, 0.8, 0.0, 0.0, 0.0, 1.0, 0.0, 0.0, 0.1111, 0.875, 0.0, 0.0, 0.0909, 0.8333, 0.0, 0.0, 0.0, 0.75, 0.0, 0.0, 0.0, 0.0, 0.0909, 0.0, 0.0, 0.6667, 0.0, 0.0, 0.0, 0.0, 0.0, 0.0, 0.0, 0.0, 0.0, 0.0, 0.2727, 0.0, 0.1111, 0.0, 0.0, 0.25, 0.0, 0.0, 0.2222, 0.0, 0.1667, 0.0, 0.0909, 0.0, 0.125, 0.0, 0.0, 0.0, 0.1, 0.0, 0.125, 0.2, 0.125, 0.0, 0.0, 0.0, 0.8333, 0.0, 0.0, 0.0, 0.1, 0.1667, 0.1667, 0.0, 1.0, 0.0, 0.8333, 0.0, 0.25, 0.0, 0.1, 0.2, 1.0, 0.0, 1.0, 0.0, 0.1667, 0.0, 0.0, 0.0, 0.8889, 0.0, 1.0, 0.25, 0.0, 0.0, 0.0, 0.0, 0.8, 0.0, 0.2222, 0.1667, 0.0, 0.1429, 0.0, 0.0, 1.0, 0.25, 0.0, 0.1667, 0.9, 0.3333, 0.0, 0.0, 1.0, 0.0, 0.0, 0.0, 0.6667, 0.0, 0.0909, 0.0, 0.6, 0.0, 0.125, 0.0, 0.9167, 0.0, 0.0, 0.25, 0.0, 0.0, 0.9, 0.0, 1.0, 0.0, 0.0, 0.0, 0.0, 0.0833, 0.7647, 0.0, 0.8889, 0.0, 0.0, 0.0, 0.0769, 0.2308, 0.8, 0.0, 0.8571, 0.1429, 0.0, 0.0, 0.0, 0.0, 0.8889, 0.0, 0.2, 0.0, 0.0, 0.2, 0.0, 0.0, 1.0, 0.0, 0.0, 0.0, 0.0, 1.0, 0.0, 0.0833, 0.2, 0.0, 0.1, 0.0, 0.2]"
champions,0.8,10,champions,0.148,0.148,0.148,0.0,14,True,296,0,292,1412,0,"[0.05, 0.0735, 0.092, 0.103, 0.1135, 0.1205, 0.1255, 0.129, 0.1315, 0.1355, 0.141, 0.145, 0.1475, 0.148, 0.148, 0.148, 0.148, 0.148, 0.148, 0.148, 0.148, 0.148, 0.148, 0.148, 0.148, 0.148, 0.148, 0.148, 0.148, 0.148, 0.148, 0.148, 0.148, 0.148, 0.148, 0.148, 0.148, 0.148, 0.148, 0.148, 0.148, 0.148, 0.148, 0.148, 0.148, 0.148, 0.148, 0.148, 0.148, 0.148, 0.148, 0.148, 0.148, 0.148, 0.148, 0.148, 0.148, 0.148, 0.148, 0.148, 0.148, 0.148, 0.148, 0.148, 0.148, 0.148, 0.148, 0.148, 0.148, 0.148, 0.148, 0.148, 0.148, 0.148, 0.148, 0.148, 0.148, 0.148, 0.148, 0.148, 0.148, 0.148, 0.148, 0.148, 0.148, 0.148, 0.148, 0.148, 0.148, 0.148, 0.148, 0.148, 0.148, 0.148, 0.148, 0.148, 0.148, 0.148, 0.148, 0.148, 0.148]","{""0"": 0.1429, ""1"": 0.2296, ""2"": 0.3224, ""3"": 0.0425, ""4"": 0.1082, ""5"": 0.1707, ""6"": 0.0462, ""7"": 0.1167}","[1.0, 0.0, 0.0, 0.0, 0.0, 0.1667, 0.0, 0.0, 0.2, 0.0, 0.0, 0.1667, 0.0, 0.0, 0.1429, 0.0, 0.1667, 0.1667, 0.0, 0.0, 0.0, 0.0, 0.0, 0.0, 0.3, 0.0, 0.0, 0.0, 0.0, 0.0, 0.1429, 0.0, 0.25, 0.0, 0.0, 0.0, 0.0, 0.0, 0.6667, 0.0, 0.1111, 0.0, 0.0, 0.0, 0.0, 0.0, 1.0, 0.25, 0.0, 0.0, 0.0, 0.1, 0.0, 0.1, 0.8889, 0.0, 0.0, 0.0, 0.5455, 0.1111, 0.25, 0.125, 0.9375, 0.0, 0.0, 0.0, 0.9231, 0.2727, 0.0769, 0.25, 0.8571, 0.0, 0.0, 0.0, 0.8889, 0.0, 0.0, 0.1111, 0.0, 0.0, 0.0, 0.125, 0.9, 0.0, 0.0, 0.0, 0.0, 0.0, 0.2222, 0.0, 0.75, 0.0, 0.0, 0.0, 0.0, 0.0, 1.0, 0.0, 0.25, 0.0, 0.0, 0.0, 0.0, 0.0, 0.0, 0.0, 0.0, 0.0833, 0.0, 0.0, 0.0, 0.0, 0.0, 0.0, 0.0, 0.0, 0.0, 0.0, 0.0, 0.0, 0.1429, 0.0, 0.0, 0.0, 0.1111, 0.0, 0.0, 0.0, 0.0, 0.0, 0.0, 0.125, 0.0, 0.0, 0.0, 0.1667, 0.0, 0.1818, 0.1, 0.8, 0.0, 0.0, 0.0, 0.0, 0.125, 0.1, 0.0, 1.0, 0.1429, 0.0, 0.0, 0.0, 0.0, 0.0, 0.1818, 0.75, 0.125, 0.0909, 0.0, 0.0909, 0.2308, 0.8, 0.2143, 0.9091, 0.1538, 0.8462, 0.0, 0.0, 0.0, 0.7, 0.0, 1.0, 0.1, 0.8333, 0.0, 0.0, 0.1818, 1.0, 0.125, 1.0, 0.1429, 0.0, 0.0, 0.0, 0.0, 0.0, 0.2222, 1.0, 0.0, 0.0, 0.0, 0.0, 0.0, 0.0, 0.1111, 0.3333, 0.0, 0.0, 0.0, 0.1111, 0.1429, 0.0, 0.1429, 0.6667, 0.0, 0.0, 0.1, 0.25, 0.0, 0.0, 0.0, 0.1429, 0.0, 0.0, 0.125, 0.2222, 0.0, 0.1, 0.1, 0.125, 0.0, 0.0, 0.0, 0.0, 0.0, 0.0, 0.0, 0.25, 0.0, 0.0, 0.0, 0.0, 0.0, 0.0, 0.0, 0.1, 0.0, 0.0, 0.0909, 0.0, 0.0, 0.0, 0.0, 0.0, 0.0, 0.1, 0.0, 0.0833, 0.1667, 0.0]"
champions,0.8,11,champions,0.241,0.241,0.241,-0.0,22,True,482,0,294,1224,0,"[0.05, 0.076, 0.094, 0.1075, 0.127, 0.1475, 0.164, 0.18, 0.193, 0.204, 0.211, 0.2145, 0.2205, 0.2245, 0.227, 0.229, 0.2305, 0.2325, 0.235, 0.238, 0.2405, 0.241, 0.241, 0.241, 0.241, 0.241, 0.241, 0.241, 0.241, 0.241, 0.241, 0.241, 0.241, 0.241, 0.241, 0.241, 0.241, 0.241, 0.241, 0.241, 0.241, 0.241, 0.241, 0.241, 0.241, 0.241, 0.241, 0.241, 0.241, 0.241, 0.241, 0.241, 0.241, 0.241, 0.241, 0.241, 0.241, 0.241, 0.241, 0.241, 0.241, 0.241, 0.241, 0.241, 0.241, 0.241, 0.241, 0.241, 0.241, 0.241, 0.241, 0.241, 0.241, 0.241, 0.241, 0.241, 0.241, 0.241, 0.241, 0.241, 0.241, 0.241, 0.241, 0.241, 0.241, 0.241, 0.241, 0.241, 0.241, 0.241, 0.241, 0.241, 0.241, 0.241, 0.241, 0.241, 0.241, 0.241, 0.241, 0.241, 0.241]","{""0"": 0.5096, ""1"": 0.1013, ""2"": 0.3411, ""3"": 0.17, ""4"": 0.0574, ""5"": 0.0472, ""6"": 0.1579, ""7"": 0.4779}","[1.0, 0.0, 0.0, 0.5, 0.0, 0.0, 0.0, 0.9286, 0.0, 0.0, 0.0, 0.0, 0.0, 0.2143, 0.0, 1.0, 0.0, 0.0, 0.0, 0.0, 0.0, 0.1, 0.0, 0.0, 0.0, 0.0, 0.125, 0.0, 0.0, 0.0, 0.0, 0.0, 0.0, 0.5, 0.0, 0.0, 0.0, 0.0, 0.0, 0.0, 0.2, 0.1667, 0.125, 0.0, 0.0, 0.0, 0.0, 0.0, 1.0, 1.0, 0.1111, 0.0, 0.0, 0.0, 0.0, 0.125, 0.125, 0.75, 0.2222, 0.0, 0.0, 0.0, 0.1538, 0.1, 0.0, 0.8667, 0.125, 0.0, 0.0, 0.1429, 0.7143, 0.0, 0.625, 0.8571, 0.2308, 0.0, 0.0, 0.0, 0.0, 0.0, 1.0, 0.8571, 0.25, 0.0, 0.125, 0.1111, 0.0, 0.0, 0.6667, 0.8571, 0.0, 0.0, 0.2308, 0.0, 0.0, 0.0, 0.7143, 1.0, 0.0, 0.0, 0.0909, 0.0, 0.0, 0.0, 0.8571, 0.7857, 0.125, 0.2, 0.0, 0.0, 0.0, 0.0, 1.0, 0.8889, 0.25, 0.8333, 0.0, 0.0, 0.0, 0.0, 0.9091, 0.9, 0.3333, 0.75, 0.0, 0.0, 0.0, 0.0, 0.8889, 1.0, 0.2222, 0.8889, 0.0, 0.0, 0.0, 0.1111, 0.8333, 1.0, 0.0, 0.7778, 0.0909, 0.125, 0.0, 0.125, 0.9091, 0.0909, 0.1, 1.0, 0.2222, 0.25, 0.0, 0.2, 0.8571, 0.0, 0.0909, 0.9, 0.8, 0.0, 0.0, 0.1, 0.0, 0.125, 0.0, 0.7692, 0.6667, 0.0, 0.0, 0.0, 0.0, 0.0, 0.0, 0.9, 0.8571, 0.0, 0.0, 0.0, 0.1667, 0.0, 0.0, 0.9, 1.0, 0.0, 0.0, 0.0, 0.8571, 0.0, 0.2222, 0.1111, 0.375, 0.0, 0.0, 0.0, 1.0, 0.0, 0.0, 0.1429, 0.0, 0.0, 0.0, 0.0, 1.0, 0.1429, 0.0, 0.0, 0.0, 0.0, 0.0, 0.1429, 0.0909, 0.0833, 0.1, 0.0, 0.0, 0.1, 0.0, 0.0, 0.0, 0.9167, 0.0, 0.0, 0.0, 0.3333, 0.0, 0.1667, 0.0, 1.0, 0.0, 0.0, 0.0, 0.1, 0.3333, 0.3636, 0.0, 0.9091, 0.0, 0.1818, 0.0, 0.0, 0.0, 0.0, 0.0, 0.8333, 0.0, 0.3, 0.0, 0.0, 0.0, 1.0, 0.0, 0.0]"
champions,1.0,0,champions,0.719,0.719,0.719,-0.0,50,True,1438,0,271,291,0,"[0.05, 0.0875, 0.1255, 0.169, 0.2245, 0.2785, 0.3185, 0.352, 0.392, 0.4355, 0.4725, 0.4955, 0.5175, 0.5365, 0.555, 0.5765, 0.5925, 0.6055, 0.612, 0.617, 0.6225, 0.628, 0.636, 0.6425, 0.6495, 0.6545, 0.656, 0.659, 0.6625, 0.666, 0.67, 0.673, 0.6765, 0.6785, 0.679, 0.6795, 0.681, 0.684, 0.685, 0.6865, 0.6875, 0.6905, 0.693, 0.695, 0.696, 0.698, 0.7045, 0.713, 0.7185, 0.719, 0.719, 0.719, 0.719, 0.719, 0.719, 0.719, 0.719, 0.719, 0.719, 0.719, 0.719, 0.719, 0.719, 0.719, 0.719, 0.719, 0.719, 0.719, 0.719, 0.719, 0.719, 0.719, 0.719, 0.719, 0.719, 0.719, 0.719, 0.719, 0.719, 0.719, 0.719, 0.719, 0.719, 0.719, 0.719, 0.719, 0.719, 0.719, 0.719, 0.719, 0.719, 0.719, 0.719, 0.719, 0.719, 0.719, 0.719, 0.719, 0.719, 0.719, 0.719]","{""0"": 0.3765, ""1"": 0.8826, ""2"": 0.6048, ""3"": 0.8697, ""4"": 0.8531, ""5"": 0.6542, ""6"": 0.655, ""7"": 0.8612}","[1.0, 0.0, 0.7143, 0.75, 0.7143, 1.0, 0.8571, 0.3077, 0.8571, 0.0, 0.75, 1.0, 1.0, 0.7778, 0.8333, 0.0, 0.625, 0.0, 0.8571, 1.0, 0.8571, 0.9, 0.9091, 0.0, 0.875, 0.0, 1.0, 0.7273, 0.9286, 1.0, 1.0, 0.0, 0.6667, 0.0, 0.9, 1.0, 0.8571, 0.8571, 0.6667, 0.0, 1.0, 0.0, 1.0, 1.0, 0.7143, 0.7, 0.875, 0.3333, 0.8333, 0.0, 0.7143, 0.7, 1.0, 0.8571, 0.8333, 0.75, 0.8333, 0.0, 0.8333, 1.0, 0.8889, 0.8333, 0.9091, 0.6667, 0.6, 0.875, 1.0, 0.7778, 0.8333, 0.8462, 0.8, 1.0, 1.0, 0.8333, 0.8571, 0.75, 0.6667, 0.8889, 0.8, 0.8, 0.8889, 1.0, 1.0, 0.7143, 0.6667, 0.8571, 1.0, 0.875, 0.8333, 0.7143, 0.7778, 0.7143, 1.0, 0.8889, 1.0, 0.8, 1.0, 0.1, 0.8889, 0.75, 0.8571, 0.8889, 1.0, 0.8889, 0.7778, 0.1, 1.0, 0.5, 0.9091, 0.8571, 0.9167, 0.9, 0.7143, 0.0, 0.6667, 0.8182, 1.0, 0.8182, 0.0, 0.9091, 0.8333, 0.0, 0.8571, 0.8571, 0.9, 0.8, 0.0, 0.875, 0.6667, 0.0, 1.0, 0.9091, 0.7778, 0.75, 0.0, 0.6667, 0.6667, 0.0, 1.0, 1.0, 1.0, 0.8571, 0.0, 0.8, 0.7692, 0.0, 1.0, 1.0, 1.0, 0.8889, 0.0, 1.0, 1.0, 0.0, 0.75, 0.7143, 0.8182, 0.875, 0.0, 1.0, 0.9091, 1.0, 0.7143, 0.9375, 1.0, 0.875, 0.1111, 0.6667, 0.9091, 1.0, 0.9167, 0.5714, 0.9167, 1.0, 0.1429, 0.8889, 1.0, 0.75, 1.0, 0.0, 0.7143, 1.0, 0.7273, 1.0, 1.0, 1.0, 0.75, 0.0, 0.8, 0.8889, 1.0, 1.0, 0.9091, 1.0, 1.0, 0.0, 0.8182, 0.75, 0.8333, 0.8462, 1.0, 1.0, 0.875, 0.0, 0.8889, 0.8571, 0.75, 0.7273, 0.9091, 0.8571, 0.75, 0.0, 0.8333, 0.7143, 0.8571, 0.9, 0.8889, 1.0, 0.8571, 0.1429, 1.0, 1.0, 1.0, 1.0, 1.0, 0.875, 0.8, 0.0, 0.75, 0.5, 0.7143, 0.1111, 1.0, 0.0, 1.0, 0.1667, 0.8889, 0.7273, 1.0, 0.0, 0.7778, 0.0, 1.0, 0.0, 0.9167, 0.8571, 0.875, 0.25, 1.0, 0.0]"
champions,1.0,1,champions,0.5785,0.5785,0.5785,0.0,37,True,1157,0,304,539,0,"[0.05, 0.087, 0.1215, 0.155, 0.188, 0.2145, 0.2435, 0.274, 0.3015, 0.329, 0.3525, 0.3765, 0.399, 0.417, 0.4305, 0.444, 0.454, 0.4635, 0.4755, 0.489, 0.503, 0.514, 0.524, 0.535, 0.545, 0.552, 0.555, 0.558, 0.561, 0.564, 0.566, 0.5675, 0.569, 0.5705, 0.572, 0.576, 0.5785, 0.5785, 0.5785, 0.5785, 0.5785, 0.5785, 0.5785, 0.5785, 0.5785, 0.5785, 0.5785, 0.5785, 0.5785, 0.5785, 0.5785, 0.5785, 0.5785, 0.5785, 0.5785, 0.5785, 0.5785, 0.5785, 0.5785, 0.5785, 0.5785, 0.5785, 0.5785, 0.5785, 0.5785, 0.5785, 0.5785, 0.5785, 0.5785, 0.5785, 0.5785, 0.5785, 0.5785, 0.5785, 0.5785, 0.5785, 0.5785, 0.5785, 0.5785, 0.5785, 0.5785, 0.5785, 0.5785, 0.5785, 0.5785, 0.5785, 0.5785, 0.5785, 0.5785, 0.5785, 0.5785, 0.5785, 0.5785, 0.5785, 0.5785, 0.5785, 0.5785, 0.5785, 0.5785, 0.5785, 0.5785]","{""0"": 0.5847, ""1"": 0.0458, ""2"": 0.8598, ""3"": 0.6546, ""4"": 0.6795, ""5"": 0.8281, ""6"": 0.8589, ""7"": 0.0648}","[1.0, 0.8, 0.0, 1.0, 0.2, 0.8, 0.875, 0.8, 0.0, 0.8462, 0.0, 1.0, 0.0, 0.9286, 0.7778, 1.0, 0.125, 0.8571, 0.0, 1.0, 0.0, 0.7143, 1.0, 0.8571, 0.1429, 0.7273, 0.2, 0.9091, 0.0, 0.9, 0.8, 0.875, 0.0, 1.0, 0.0, 0.8889, 0.1111, 0.75, 0.9, 0.7, 0.0, 1.0, 0.0, 0.8, 1.0, 1.0, 0.625, 0.7273, 0.125, 0.8889, 0.0, 1.0, 0.8571, 0.6667, 0.8182, 1.0, 0.1, 0.8889, 0.0, 0.75, 0.6667, 0.8235, 0.7, 1.0, 0.4545, 0.8889, 0.0909, 0.8889, 0.875, 0.8571, 1.0, 0.8889, 0.0, 1.0, 0.1111, 0.9444, 0.6, 1.0, 1.0, 1.0, 0.0, 1.0, 0.0, 0.9, 0.9231, 0.875, 0.75, 0.8889, 0.125, 0.0, 0.0, 1.0, 0.9, 0.8889, 0.875, 1.0, 0.0, 0.0, 0.0, 0.7143, 0.8889, 0.6, 0.875, 1.0, 0.0, 0.0, 0.3333, 0.7778, 0.8571, 0.8889, 0.875, 0.8333, 0.0, 0.1111, 0.0, 0.8571, 1.0, 0.5714, 0.7778, 0.9, 0.0, 0.0, 0.0, 0.8889, 1.0, 0.0, 0.7778, 0.6, 0.0, 0.0, 0.1111, 0.8, 0.0, 0.0, 0.8333, 0.8571, 0.0, 0.0, 0.0, 0.9091, 0.0, 0.0, 0.8, 0.875, 0.0, 0.0, 0.0, 0.5714, 0.2222, 0.125, 0.8571, 0.8, 0.0, 0.125, 0.0, 0.5714, 0.7143, 0.0, 0.8571, 0.5, 0.0, 0.0, 0.0, 1.0, 0.875, 0.0, 1.0, 1.0, 0.0, 0.0, 0.0, 0.6667, 0.75, 0.0, 0.8, 0.75, 0.0, 0.0, 0.0, 0.8333, 0.9167, 0.2, 0.625, 1.0, 0.0, 1.0, 0.0, 1.0, 0.8333, 1.0, 0.7, 0.8333, 0.0, 1.0, 0.2, 0.6667, 1.0, 1.0, 1.0, 1.0, 0.1429, 0.6667, 0.0, 0.6667, 1.0, 0.8, 1.0, 0.7778, 0.0, 1.0, 0.0, 0.8889, 1.0, 1.0, 0.5, 0.75, 0.0, 0.8571, 0.125, 0.8889, 1.0, 0.7857, 0.8333, 0.8889, 0.0, 1.0, 0.0, 0.8571, 0.8571, 1.0, 0.7273, 0.7, 0.1111, 0.8, 0.0, 0.875, 1.0, 1.0, 0.9, 1.0, 0.2222, 1.0, 0.0, 0.875, 1.0, 0.8889, 0.8333, 1.0, 0.1, 0.875]"
champions,1.0,2,champions,0.5805,0.5805,0.5805,0.0,37,True,1161,0,320,519,0,"[0.05, 0.094, 0.1445, 0.204, 0.254, 0.2955, 0.3335, 0.361, 0.381, 0.406, 0.4305, 0.4455, 0.466, 0.4835, 0.497, 0.5025, 0.508, 0.5115, 0.516, 0.521, 0.5265, 0.5295, 0.5325, 0.538, 0.5425, 0.5465, 0.55, 0.5545, 0.558, 0.56, 0.565, 0.5685, 0.571, 0.5745, 0.576, 0.58, 0.5805, 0.5805, 0.5805, 0.5805, 0.5805, 0.5805, 0.5805, 0.5805, 0.5805, 0.5805, 0.5805, 0.5805, 0.5805, 0.5805, 0.5805, 0.5805, 0.5805, 0.5805, 0.5805, 0.5805, 0.5805, 0.5805, 0.5805, 0.5805, 0.5805, 0.5805, 0.5805, 0.5805, 0.5805, 0.5805, 0.5805, 0.5805, 0.5805, 0.5805, 0.5805, 0.5805, 0.5805, 0.5805, 0.5805, 0.5805, 0.5805, 0.5805, 0.5805, 0.5805, 0.5805, 0.5805, 0.5805, 0.5805, 0.5805, 0.5805, 0.5805, 0.5805, 0.5805, 0.5805, 0.5805, 0.5805, 0.5805, 0.5805, 0.5805, 0.5805, 0.5805, 0.5805, 0.5805, 0.5805, 0.5805]","{""0"": 0.8722, ""1"": 0.3917, ""2"": 0.8314, ""3"": 0.032, ""4"": 0.3673, ""5"": 0.861, ""6"": 0.5469, ""7"": 0.6953}","[1.0, 0.75, 0.3333, 0.5, 0.0, 0.0, 0.7778, 0.7778, 0.75, 1.0, 1.0, 0.8889, 0.1111, 0.1, 0.7143, 1.0, 0.6667, 0.9167, 1.0, 0.8462, 0.0, 0.0, 0.75, 1.0, 0.6667, 0.875, 1.0, 0.8, 0.0, 0.0, 0.5, 0.5455, 0.8, 0.8333, 1.0, 0.8, 0.0, 0.1429, 0.8, 1.0, 1.0, 0.875, 1.0, 0.75, 0.0, 0.0, 1.0, 1.0, 0.7778, 0.8889, 0.0, 0.7, 0.1, 0.0, 1.0, 0.8462, 0.6667, 0.7778, 0.0, 0.8889, 0.0, 0.0, 0.8182, 0.8571, 0.75, 0.8571, 0.1111, 1.0, 0.0, 0.8571, 0.75, 1.0, 0.7778, 0.8, 0.0, 1.0, 0.0, 0.8182, 0.7778, 0.8571, 0.75, 1.0, 0.1429, 0.8889, 0.0909, 0.8182, 0.75, 0.8571, 0.875, 0.75, 0.0, 0.875, 0.2857, 0.8571, 0.8889, 0.2222, 0.8, 0.5, 0.0, 0.625, 0.0, 0.8, 1.0, 0.0, 0.9, 0.6667, 0.0833, 0.9091, 0.1, 0.8333, 0.8333, 0.0, 0.75, 0.8462, 0.8, 0.6, 0.0, 1.0, 0.8182, 0.0, 1.0, 1.0, 0.9, 0.8889, 0.0, 0.8, 0.7778, 0.0, 0.75, 1.0, 1.0, 0.6667, 0.0, 0.9231, 0.7273, 0.0, 0.8, 1.0, 1.0, 1.0, 0.0, 0.7143, 1.0, 0.0, 0.8, 0.8333, 1.0, 0.8, 0.0, 0.8333, 1.0, 0.0, 0.0, 1.0, 0.6667, 0.8333, 0.0, 0.8, 1.0, 0.0, 0.0, 0.8889, 0.8333, 0.7143, 0.0, 0.0, 1.0, 0.0, 0.0, 1.0, 1.0, 0.75, 0.0, 0.0, 0.7778, 0.1, 0.0, 0.8571, 0.1429, 0.8, 0.0, 0.0, 0.8, 0.1667, 0.2, 1.0, 0.0, 0.8, 0.0, 0.0, 0.9, 0.8, 0.9091, 1.0, 0.0, 0.8889, 0.0, 0.0, 1.0, 0.6, 0.8, 0.8889, 0.0, 1.0, 0.0, 0.1111, 1.0, 1.0, 0.8, 0.8, 0.0, 0.5714, 0.0, 0.0, 1.0, 1.0, 0.75, 0.8, 0.125, 0.7778, 0.0, 0.0, 1.0, 0.7692, 0.7143, 1.0, 0.0, 0.875, 0.1429, 0.0, 0.6667, 1.0, 0.8333, 0.8182, 0.125, 1.0, 0.0, 0.0, 0.8333, 1.0, 1.0, 1.0, 0.1429, 0.875, 0.0, 0.0, 1.0, 1.0, 0.8571, 0.6]"
champions,1.0,3,champions,0.8155,0.8155,0.8155,0.0,28,True,1631,0,288,81,0,"[0.05, 0.0925, 0.137, 0.1835, 0.2315, 0.2795, 0.324, 0.3725, 0.416, 0.4525, 0.4915, 0.522, 0.55, 0.574, 0.598, 0.625, 0.647, 0.667, 0.6925, 0.7165, 0.733, 0.7515, 0.7695, 0.7855, 0.794, 0.8055, 0.8145, 0.8155, 0.8155, 0.8155, 0.8155, 0.8155, 0.8155, 0.8155, 0.8155, 0.8155, 0.8155, 0.8155, 0.8155, 0.8155, 0.8155, 0.8155, 0.8155, 0.8155, 0.8155, 0.8155, 0.8155, 0.8155, 0.8155, 0.8155, 0.8155, 0.8155, 0.8155, 0.8155, 0.8155, 0.8155, 0.8155, 0.8155, 0.8155, 0.8155, 0.8155, 0.8155, 0.8155, 0.8155, 0.8155, 0.8155, 0.8155, 0.8155, 0.8155, 0.8155, 0.8155, 0.8155, 0.8155, 0.8155, 0.8155, 0.8155, 0.8155, 0.8155, 0.8155, 0.8155, 0.8155, 0.8155, 0.8155, 0.8155, 0.8155, 0.8155, 0.8155, 0.8155, 0.8155, 0.8155, 0.8155, 0.8155, 0.8155, 0.8155, 0.8155, 0.8155, 0.8155, 0.8155, 0.8155, 0.8155, 0.8155]","{""0"": 0.8722, ""1"": 0.85, ""2"": 0.7878, ""3"": 0.6082, ""4"": 0.8653, ""5"": 0.8485, ""6"": 0.8542, ""7"": 0.8523}","[1.0, 1.0, 0.875, 0.8889, 0.8889, 0.875, 1.0, 0.6667, 0.625, 0.7143, 0.8, 1.0, 0.6667, 0.5714, 1.0, 0.75, 0.8, 1.0, 1.0, 0.125, 0.75, 1.0, 0.6667, 0.5714, 0.9167, 0.7143, 0.6667, 0.0, 0.9, 0.7692, 1.0, 0.75, 0.8333, 1.0, 0.7778, 0.0, 1.0, 1.0, 0.8333, 0.8571, 0.8667, 0.9231, 0.9091, 0.75, 0.7143, 0.7143, 1.0, 0.9, 0.8333, 0.875, 0.875, 1.0, 1.0, 0.625, 0.9, 0.9091, 0.8571, 0.8889, 1.0, 0.8571, 1.0, 0.875, 1.0, 0.8, 1.0, 0.8, 0.9231, 0.75, 0.7143, 0.6667, 0.7, 1.0, 0.9167, 0.8571, 0.6667, 0.9, 0.7, 1.0, 0.8, 0.875, 0.8571, 0.8, 0.75, 1.0, 0.0, 1.0, 0.8571, 1.0, 0.8333, 0.7143, 0.9, 0.7, 0.0, 0.8, 0.6667, 1.0, 0.9, 0.8182, 0.9, 0.6667, 0.0, 0.8571, 0.8889, 0.8333, 0.8, 0.8, 0.75, 0.75, 0.0, 1.0, 1.0, 1.0, 1.0, 0.8333, 1.0, 0.8333, 0.0, 1.0, 1.0, 1.0, 0.8571, 0.875, 0.75, 0.8333, 0.0, 1.0, 0.7143, 1.0, 1.0, 1.0, 0.8333, 1.0, 0.125, 0.8889, 0.5714, 0.9, 0.8889, 0.75, 1.0, 1.0, 0.0, 1.0, 0.875, 0.7143, 1.0, 0.875, 1.0, 1.0, 0.0, 0.875, 1.0, 0.4, 0.75, 0.8333, 0.75, 0.8, 0.2, 0.75, 0.5, 1.0, 0.8889, 0.9, 0.8889, 0.875, 0.6, 0.75, 0.8571, 0.6364, 1.0, 0.8889, 0.8571, 0.875, 1.0, 0.875, 0.8889, 1.0, 1.0, 0.9167, 1.0, 0.8, 0.8571, 1.0, 0.8889, 0.7143, 0.4545, 0.8, 0.75, 0.9091, 0.8333, 1.0, 1.0, 0.8571, 0.8571, 1.0, 0.5, 0.6667, 1.0, 0.8889, 0.7273, 0.9167, 0.6667, 1.0, 0.875, 0.8, 1.0, 0.6667, 0.75, 1.0, 0.7778, 0.9091, 0.7, 1.0, 0.6923, 0.8333, 0.9167, 0.75, 1.0, 1.0, 1.0, 1.0, 1.0, 0.8889, 0.625, 0.8, 1.0, 0.8571, 0.75, 0.875, 1.0, 0.875, 0.875, 1.0, 1.0, 1.0, 1.0, 0.75, 0.9091, 0.8571, 0.875, 0.8889, 0.75, 0.7778, 0.7778, 0.8571, 1.0, 1.0, 0.6667, 0.9, 0.7778, 0.6667]"
champions,1.0,4,champions,0.76,0.76,0.76,0.0,53,True,1520,0,262,218,0,"[0.05, 0.094, 0.143, 0.19, 0.25, 0.294, 0.334, 0.361, 0.3845, 0.4075, 0.4355, 0.4645, 0.493, 0.5185, 0.5385, 0.5505, 0.5655, 0.5835, 0.598, 0.609, 0.6145, 0.6205, 0.6275, 0.6335, 0.641, 0.6495, 0.656, 0.662, 0.671, 0.6785, 0.684, 0.6905, 0.697, 0.7015, 0.707, 0.712, 0.7185, 0.723, 0.7255, 0.729, 0.732, 0.733, 0.7345, 0.7375, 0.742, 0.7445, 0.7455, 0.746, 0.7475, 0.75, 0.754, 0.759, 0.76, 0.76, 0.76, 0.76, 0.76, 0.76, 0.76, 0.76, 0.76, 0.76, 0.76, 0.76, 0.76, 0.76, 0.76, 0.76, 0.76, 0.76, 0.76, 0.76, 0.76, 0.76, 0.76, 0.76, 0.76, 0.76, 0.76, 0.76, 0.76, 0.76, 0.76, 0.76, 0.76, 0.76, 0.76, 0.76, 0.76, 0.76, 0.76, 0.76, 0.76, 0.76, 0.76, 0.76, 0.76, 0.76, 0.76, 0.76, 0.76]","{""0"": 0.8462, ""1"": 0.8482, ""2"": 0.8082, ""3"": 0.8924, ""4"": 0.8765, ""5"": 0.4423, ""6"": 0.8844, ""7"": 0.481}","[1.0, 0.5833, 0.6667, 1.0, 0.8333, 0.875, 0.0, 0.8, 1.0, 1.0, 0.8333, 1.0, 0.8333, 0.875, 0.0, 0.8889, 0.9, 0.8, 0.8571, 0.875, 1.0, 0.875, 0.0, 1.0, 0.9, 1.0, 1.0, 0.875, 1.0, 1.0, 0.0, 1.0, 0.4444, 1.0, 1.0, 0.8571, 1.0, 0.8182, 0.0, 1.0, 1.0, 1.0, 0.5, 1.0, 0.75, 0.8571, 0.0, 0.8889, 0.75, 0.8571, 1.0, 0.875, 0.8333, 0.9091, 0.1429, 0.8, 1.0, 0.9231, 0.8333, 1.0, 0.8333, 0.8571, 0.0, 0.8571, 0.6667, 0.8889, 0.9, 0.7778, 1.0, 0.9, 0.0, 0.9, 1.0, 1.0, 0.5714, 0.75, 0.8889, 0.8571, 0.0, 0.75, 1.0, 0.6, 1.0, 0.9167, 1.0, 0.6, 0.0, 0.8889, 0.8889, 1.0, 0.75, 0.9091, 0.75, 0.9091, 0.1667, 1.0, 0.7143, 0.8889, 0.625, 0.8571, 0.75, 1.0, 1.0, 0.8889, 1.0, 0.7857, 1.0, 1.0, 1.0, 1.0, 0.9091, 1.0, 0.8333, 0.7143, 0.8333, 1.0, 1.0, 0.8333, 0.8333, 0.8571, 0.625, 0.8, 0.9091, 1.0, 0.75, 1.0, 0.8, 0.8333, 0.0, 0.75, 0.8, 1.0, 0.75, 1.0, 0.9167, 0.8571, 0.0, 1.0, 0.6667, 1.0, 1.0, 0.7143, 0.8889, 0.875, 0.0, 0.8182, 0.7778, 0.6667, 1.0, 0.8889, 0.7778, 1.0, 0.0, 0.875, 0.9, 1.0, 1.0, 0.75, 0.6667, 0.875, 0.0, 0.5556, 1.0, 1.0, 0.75, 0.875, 1.0, 1.0, 0.0, 0.625, 0.9375, 1.0, 1.0, 0.9, 0.8, 0.5, 0.0, 0.8182, 0.8182, 0.8889, 1.0, 0.9, 0.6667, 0.5714, 0.0, 1.0, 0.6667, 0.2, 0.7778, 0.8571, 0.75, 0.8, 0.125, 1.0, 0.75, 0.0, 0.7, 0.8182, 0.8889, 0.8333, 0.0, 0.8333, 1.0, 0.0, 1.0, 1.0, 0.9091, 1.0, 0.25, 0.75, 1.0, 0.0, 0.9091, 0.7778, 0.0, 0.8, 0.0, 0.7143, 0.75, 0.8, 1.0, 0.7692, 0.0, 1.0, 0.0, 0.8, 1.0, 0.875, 1.0, 1.0, 0.0, 1.0, 0.0, 0.8, 0.8, 0.8889, 0.9167, 1.0, 0.2143, 0.875, 0.125, 1.0, 0.75, 0.9, 0.8, 0.8333, 0.0, 0.75, 1.0, 1.0]"
champions,1.0,5,champions,0.7225,0.7225,0.7225,0.0,37,True,1445,0,263,292,0,"[0.05, 0.0865, 0.1325, 0.183, 0.228, 0.277, 0.322, 0.3665, 0.4075, 0.4425, 0.471, 0.497, 0.53, 0.556, 0.579, 0.602, 0.617, 0.632, 0.6475, 0.6575, 0.6635, 0.669, 0.674, 0.682, 0.6885, 0.6905, 0.694, 0.697, 0.7, 0.703, 0.7035, 0.7045, 0.707, 0.712, 0.717, 0.7195, 0.7225, 0.7225, 0.7225, 0.7225, 0.7225, 0.7225, 0.7225, 0.7225, 0.7225, 0.7225, 0.7225, 0.7225, 0.7225, 0.7225, 0.7225, 0.7225, 0.7225, 0.7225, 0.7225, 0.7225, 0.7225, 0.7225, 0.7225, 0.7225, 0.7225, 0.7225, 0.7225, 0.7225, 0.7225, 0.7225, 0.7225, 0.7225, 0.7225, 0.7225, 0.7225, 0.7225, 0.7225, 0.7225, 0.7225, 0.7225, 0.7225, 0.7225, 0.7225, 0.7225, 0.7225, 0.7225, 0.7225, 0.7225, 0.7225, 0.7225, 0.7225, 0.7225, 0.7225, 0.7225, 0.7225, 0.7225, 0.7225, 0.7225, 0.7225, 0.7225, 0.7225, 0.7225, 0.7225, 0.7225, 0.7225]","{""0"": 0.6304, ""1"": 0.8631, ""2"": 0.855, ""3"": 0.9028, ""4"": 0.0633, ""5"": 0.6907, ""6"": 0.8696, ""7"": 0.8648}","[0.8889, 1.0, 1.0, 0.4, 1.0, 0.125, 1.0, 0.8571, 0.7143, 0.8462, 0.7778, 0.7143, 0.8462, 0.0, 0.6667, 1.0, 1.0, 1.0, 1.0, 1.0, 0.9, 0.0, 0.8, 0.8333, 0.8, 1.0, 1.0, 0.7143, 0.8889, 0.0, 0.7143, 1.0, 1.0, 1.0, 0.9167, 1.0, 1.0, 0.4286, 0.8571, 1.0, 0.7143, 1.0, 0.8182, 1.0, 1.0, 0.0, 1.0, 1.0, 0.75, 0.6667, 1.0, 1.0, 0.875, 0.0, 0.6, 1.0, 1.0, 1.0, 1.0, 1.0, 1.0, 0.0, 0.875, 1.0, 0.8333, 0.8333, 0.7778, 0.8, 1.0, 0.0, 0.8, 0.6, 0.7143, 0.8333, 1.0, 0.8462, 0.9, 0.0, 1.0, 1.0, 0.9231, 1.0, 1.0, 0.8, 0.8571, 0.0, 1.0, 0.9091, 0.8889, 0.875, 0.8889, 0.9, 1.0, 0.0, 0.8333, 0.7143, 1.0, 0.9, 1.0, 0.9286, 0.9, 0.0909, 0.75, 0.7778, 0.625, 1.0, 0.8571, 1.0, 0.7143, 0.0, 0.1, 1.0, 1.0, 0.7, 0.7143, 0.8333, 0.8571, 0.0, 0.0, 1.0, 0.9091, 0.25, 1.0, 0.875, 0.8889, 0.0, 0.0, 0.8333, 0.8, 0.2857, 0.6667, 0.9091, 1.0, 0.0, 0.0, 0.8333, 1.0, 0.0, 0.9, 0.9231, 1.0, 0.0, 0.0833, 1.0, 1.0, 0.0833, 0.8, 1.0, 0.8, 0.1429, 0.4, 1.0, 0.8333, 0.0, 0.875, 1.0, 0.8889, 0.0909, 1.0, 0.7778, 1.0, 0.0, 0.5, 1.0, 0.9, 0.25, 0.9286, 0.5, 0.8889, 0.0, 0.8889, 0.6923, 1.0, 0.25, 1.0, 0.8, 0.8889, 0.0, 0.8667, 0.4286, 0.8889, 0.0, 0.8, 0.9167, 1.0, 0.0, 1.0, 0.9167, 0.8889, 0.0, 0.7143, 0.625, 0.6667, 0.75, 0.9231, 1.0, 1.0, 0.125, 1.0, 0.8182, 0.8, 0.8333, 0.8571, 0.6, 0.75, 0.0, 0.875, 0.9167, 0.8182, 0.6, 0.8333, 0.8571, 1.0, 0.0, 0.8333, 0.7778, 0.75, 0.8182, 0.7143, 0.7778, 0.8, 0.1111, 0.7, 0.75, 1.0, 0.8182, 0.4286, 0.6, 1.0, 0.0, 0.6, 1.0, 1.0, 0.8333, 0.8333, 1.0, 0.875, 0.0909, 0.8333, 0.9091, 0.8333, 1.0, 1.0, 0.8571, 0.8571, 0.0, 0.6667, 0.8, 0.8333, 0.7273]"
champions,1.0,6,champions,0.6825,0.6825,0.6825,0.0,36,True,1365,0,289,346,0,"[0.05, 0.0905, 0.1425, 0.1915, 0.2335, 0.284, 0.3295, 0.37, 0.413, 0.439, 0.457, 0.473, 0.4865, 0.4995, 0.5105, 0.527, 0.5415, 0.5555, 0.5695, 0.588, 0.6, 0.61, 0.6185, 0.627, 0.6425, 0.656, 0.665, 0.667, 0.669, 0.671, 0.673, 0.6745, 0.6765, 0.679, 0.6815, 0.6825, 0.6825, 0.6825, 0.6825, 0.6825, 0.6825, 0.6825, 0.6825, 0.6825, 0.6825, 0.6825, 0.6825, 0.6825, 0.6825, 0.6825, 0.6825, 0.6825, 0.6825, 0.6825, 0.6825, 0.6825, 0.6825, 0.6825, 0.6825, 0.6825, 0.6825, 0.6825, 0.6825, 0.6825, 0.6825, 0.6825, 0.6825, 0.6825, 0.6825, 0.6825, 0.6825, 0.6825, 0.6825, 0.6825, 0.6825, 0.6825, 0.6825, 0.6825, 0.6825, 0.6825, 0.6825, 0.6825, 0.6825, 0.6825, 0.6825, 0.6825, 0.6825, 0.6825, 0.6825, 0.6825, 0.6825, 0.6825, 0.6825, 0.6825, 0.6825, 0.6825, 0.6825, 0.6825, 0.6825, 0.6825, 0.6825]","{""0"": 0.8817, ""1"": 0.8433, ""2"": 0.6842, ""3"": 0.3445, ""4"": 0.8664, ""5"": 0.8655, ""6"": 0.6949, ""7"": 0.2418}","[1.0, 1.0, 0.8889, 0.0, 0.0, 0.7778, 1.0, 0.4, 0.0, 0.5, 0.75, 0.0, 0.0, 0.8889, 1.0, 0.1429, 0.1429, 0.8, 1.0, 0.0, 0.0, 1.0, 0.75, 0.0, 0.0, 1.0, 1.0, 0.0, 0.0, 1.0, 0.8571, 0.6, 0.6, 0.8571, 1.0, 0.0, 0.75, 0.8571, 0.6, 0.875, 0.7143, 0.8571, 1.0, 0.0, 0.7143, 1.0, 1.0, 1.0, 0.7, 0.875, 0.8333, 0.5, 0.7, 0.75, 0.7143, 0.75, 1.0, 0.9091, 0.7692, 0.0, 0.8462, 0.75, 0.7778, 0.6667, 1.0, 0.9, 1.0, 1.0, 0.7143, 1.0, 0.8889, 1.0, 1.0, 1.0, 0.5714, 1.0, 1.0, 0.8333, 0.8333, 0.8333, 0.8571, 0.8333, 0.6, 0.7143, 1.0, 0.75, 1.0, 0.5714, 0.875, 1.0, 0.7, 0.9167, 0.8889, 1.0, 1.0, 0.875, 0.7143, 0.9, 0.8, 0.9167, 1.0, 0.7778, 0.6667, 0.8571, 0.0, 1.0, 1.0, 0.6667, 0.8667, 0.8571, 0.6667, 1.0, 0.0, 1.0, 1.0, 0.8571, 0.7778, 0.5833, 0.6667, 1.0, 0.0, 0.6, 0.8889, 1.0, 0.0, 1.0, 1.0, 0.75, 0.0, 0.7692, 0.75, 1.0, 0.0, 0.9167, 0.6667, 0.6, 0.0, 0.8571, 0.9231, 1.0, 0.0, 1.0, 1.0, 0.7778, 0.0, 0.7143, 0.5714, 0.7778, 0.1667, 0.7143, 1.0, 0.9091, 0.0, 0.875, 0.8571, 0.8889, 0.0, 0.8571, 0.875, 1.0, 0.0, 1.0, 1.0, 0.7273, 0.0, 0.8889, 1.0, 1.0, 0.0, 1.0, 0.7778, 0.9231, 0.0, 0.8182, 1.0, 0.8, 0.0, 0.75, 0.75, 1.0, 0.0, 0.8, 0.875, 0.8571, 0.1, 0.8333, 0.7143, 0.875, 0.0, 0.9231, 0.875, 1.0, 0.0, 0.7778, 0.6, 0.8571, 0.0, 0.8182, 1.0, 0.875, 0.0, 1.0, 1.0, 0.9167, 0.0, 1.0, 0.8889, 1.0, 0.0, 0.75, 0.875, 0.9091, 0.0, 0.9, 1.0, 0.75, 0.0, 1.0, 0.8571, 1.0, 0.25, 1.0, 0.3, 0.3333, 0.0, 0.8182, 0.8, 1.0, 0.0, 1.0, 0.8571, 0.0, 0.0, 1.0, 1.0, 0.625, 0.1429, 0.9, 1.0, 0.0, 0.125, 0.8333, 0.9286, 0.6, 0.0, 0.5, 1.0, 0.1111, 0.3, 0.8889]"
champions,1.0,7,champions,0.823,0.823,0.823,-0.0,25,True,1646,0,252,102,0,"[0.05, 0.0805, 0.114, 0.159, 0.2095, 0.2675, 0.3215, 0.364, 0.3995, 0.439, 0.474, 0.513, 0.5575, 0.5945, 0.637, 0.671, 0.699, 0.722, 0.747, 0.7765, 0.7955, 0.81, 0.8175, 0.821, 0.823, 0.823, 0.823, 0.823, 0.823, 0.823, 0.823, 0.823, 0.823, 0.823, 0.823, 0.823, 0.823, 0.823, 0.823, 0.823, 0.823, 0.823, 0.823, 0.823, 0.823, 0.823, 0.823, 0.823, 0.823, 0.823, 0.823, 0.823, 0.823, 0.823, 0.823, 0.823, 0.823, 0.823, 0.823, 0.823, 0.823, 0.823, 0.823, 0.823, 0.823, 0.823, 0.823, 0.823, 0.823, 0.823, 0.823, 0.823, 0.823, 0.823, 0.823, 0.823, 0.823, 0.823, 0.823, 0.823, 0.823, 0.823, 0.823, 0.823, 0.823, 0.823, 0.823, 0.823, 0.823, 0.823, 0.823, 0.823, 0.823, 0.823, 0.823, 0.823, 0.823, 0.823, 0.823, 0.823, 0.823]","{""0"": 0.432, ""1"": 0.8913, ""2"": 0.8435, ""3"": 0.9095, ""4"": 0.8583, ""5"": 0.8543, ""6"": 0.871, ""7"": 0.9239}","[1.0, 0.6667, 1.0, 1.0, 1.0, 1.0, 1.0, 0.6667, 1.0, 0.8889, 0.8571, 0.5556, 1.0, 0.8, 0.8571, 1.0, 0.9286, 1.0, 1.0, 1.0, 1.0, 0.8571, 0.7778, 1.0, 0.9091, 0.7143, 0.875, 0.8889, 0.8, 0.8571, 1.0, 0.8889, 0.9091, 0.3333, 0.8889, 1.0, 0.7143, 0.6667, 0.8, 0.875, 0.8571, 0.25, 0.8889, 0.8333, 1.0, 1.0, 0.3333, 0.875, 1.0, 0.125, 0.8571, 0.9091, 0.9091, 0.625, 0.8889, 1.0, 0.9231, 0.0, 1.0, 0.75, 1.0, 0.7, 0.8889, 0.9091, 0.8, 0.0, 1.0, 0.8333, 1.0, 0.7143, 1.0, 0.8889, 0.8571, 0.0, 1.0, 0.7143, 1.0, 1.0, 0.5, 0.875, 1.0, 0.0, 0.8571, 0.8, 1.0, 0.8333, 1.0, 0.8182, 1.0, 0.0, 0.8, 0.75, 1.0, 0.875, 0.8333, 1.0, 0.8571, 0.0, 1.0, 0.75, 0.75, 0.7143, 0.8, 0.8333, 1.0, 0.0, 0.8, 0.8462, 1.0, 0.875, 0.8571, 0.8889, 1.0, 0.0, 0.8571, 0.5, 0.75, 0.875, 0.7778, 1.0, 0.8182, 0.0, 0.7778, 0.9091, 1.0, 0.6667, 0.625, 0.9, 1.0, 0.0, 0.75, 1.0, 0.8333, 0.8, 0.6, 0.4, 1.0, 0.125, 1.0, 1.0, 0.8889, 0.8571, 1.0, 1.0, 0.75, 0.0, 0.8, 0.8, 0.9091, 0.6, 0.8571, 0.5714, 1.0, 0.1667, 1.0, 1.0, 1.0, 1.0, 0.75, 0.6667, 0.9, 0.0, 1.0, 0.75, 0.8571, 0.75, 1.0, 0.7143, 0.9, 0.9091, 0.5714, 0.875, 0.8571, 0.8889, 1.0, 1.0, 0.8333, 0.7778, 1.0, 1.0, 0.75, 0.8889, 0.8333, 1.0, 1.0, 0.7778, 0.875, 0.7778, 0.8571, 0.875, 0.8333, 0.75, 0.8333, 0.8182, 0.6667, 1.0, 0.8889, 0.8571, 0.8889, 0.7143, 1.0, 0.75, 1.0, 0.9, 0.7778, 0.875, 1.0, 0.8182, 1.0, 0.7778, 1.0, 1.0, 1.0, 1.0, 1.0, 1.0, 1.0, 0.7143, 1.0, 0.6, 1.0, 0.875, 0.875, 0.8, 1.0, 0.9091, 0.75, 0.8, 0.8462, 1.0, 0.9231, 0.8571, 0.8333, 1.0, 0.8333, 1.0, 1.0, 1.0, 1.0, 0.9, 0.875, 0.875, 0.8571, 0.8, 0.8333, 1.0, 0.7778, 1.0, 0.8571, 0.8]"
champions,1.0,8,champions,0.607,0.607,0.607,0.0,39,True,1214,0,276,510,0,"[0.05, 0.092, 0.14, 0.191, 0.236, 0.272, 0.306, 0.3465, 0.383, 0.417, 0.4375, 0.457, 0.4805, 0.498, 0.512, 0.52, 0.524, 0.5295, 0.5345, 0.5375, 0.5415, 0.546, 0.5495, 0.554, 0.561, 0.566, 0.568, 0.5705, 0.5745, 0.5775, 0.583, 0.589, 0.5935, 0.5965, 0.5975, 0.5995, 0.603, 0.6065, 0.607, 0.607, 0.607, 0.607, 0.607, 0.607, 0.607, 0.607, 0.607, 0.607, 0.607, 0.607, 0.607, 0.607, 0.607, 0.607, 0.607, 0.607, 0.607, 0.607, 0.607, 0.607, 0.607, 0.607, 0.607, 0.607, 0.607, 0.607, 0.607, 0.607, 0.607, 0.607, 0.607, 0.607, 0.607, 0.607, 0.607, 0.607, 0.607, 0.607, 0.607, 0.607, 0.607, 0.607, 0.607, 0.607, 0.607, 0.607, 0.607, 0.607, 0.607, 0.607, 0.607, 0.607, 0.607, 0.607, 0.607, 0.607, 0.607, 0.607, 0.607, 0.607, 0.607]","{""0"": 0.3106, ""1"": 0.5993, ""2"": 0.2966, ""3"": 0.4688, ""4"": 0.5194, ""5"": 0.8824, ""6"": 0.8538, ""7"": 0.8996}","[1.0, 0.0, 0.0769, 0.0, 0.9231, 1.0, 0.8, 1.0, 0.8, 1.0, 0.0, 0.1818, 0.75, 0.25, 0.8333, 1.0, 1.0, 0.8182, 0.0, 0.8182, 0.7273, 0.0, 0.9286, 0.75, 0.8333, 1.0, 0.1667, 1.0, 0.5, 0.1667, 0.8889, 0.8333, 1.0, 0.8333, 0.1111, 1.0, 0.0, 0.0, 0.875, 0.7143, 0.8, 1.0, 0.8571, 0.8, 0.0, 0.0, 1.0, 1.0, 0.8889, 0.8333, 0.7778, 0.8889, 0.0, 0.0, 0.8, 1.0, 0.7143, 0.875, 0.8333, 1.0, 0.0, 0.0, 1.0, 0.875, 0.9, 0.75, 0.9231, 0.875, 0.0, 0.1, 0.875, 0.9, 1.0, 0.875, 0.875, 0.8571, 0.0, 0.0, 0.8333, 0.8, 0.8, 0.0, 0.7, 0.625, 0.0, 0.0, 0.8889, 1.0, 1.0, 0.0, 0.875, 0.25, 0.0, 0.0, 0.8333, 0.625, 1.0, 0.0, 0.75, 0.1667, 0.0, 0.0, 0.8333, 0.5455, 0.8333, 0.0, 0.8333, 0.1, 0.0, 0.0, 0.9, 1.0, 1.0, 0.0, 0.8462, 0.0909, 0.0, 0.0, 1.0, 1.0, 1.0, 0.1429, 0.6, 0.0, 0.0, 1.0, 0.875, 1.0, 1.0, 0.0, 0.8, 0.0, 0.0, 1.0, 1.0, 1.0, 0.8571, 0.0, 0.6667, 0.0, 0.0, 0.8182, 1.0, 0.8333, 0.8889, 0.0, 0.6667, 0.0, 0.0, 0.7143, 1.0, 0.8333, 0.8333, 0.0, 1.0, 0.0, 0.5, 1.0, 0.7143, 0.8, 0.875, 0.0, 0.6667, 0.0, 0.6667, 0.8, 1.0, 0.875, 0.8571, 0.0, 0.8333, 0.0, 0.7143, 0.875, 0.9, 0.75, 1.0, 0.0, 1.0, 0.0, 0.7778, 0.8182, 0.9, 0.8, 1.0, 0.0, 0.875, 0.0, 0.8333, 0.75, 0.5, 0.8571, 0.8571, 0.0, 0.0, 0.0, 0.7273, 1.0, 0.8182, 0.875, 1.0, 0.0, 0.0, 0.0, 0.9286, 0.75, 0.75, 1.0, 1.0, 0.0, 0.0, 0.0, 1.0, 0.7778, 1.0, 0.6667, 0.7778, 0.25, 0.625, 0.0, 1.0, 0.9231, 1.0, 0.7778, 0.8571, 0.0, 1.0, 0.1429, 0.9, 1.0, 0.75, 0.8, 0.875, 0.0, 1.0, 0.0, 1.0, 0.6667, 0.8182, 0.6667, 0.9, 0.0, 0.1667, 0.0, 0.8571, 0.9, 0.9167, 0.8889, 1.0, 0.0]"
champions,1.0,9,champions,0.7085,0.7085,0.7085,0.0,36,True,1417,0,296,287,0,"[0.05, 0.097, 0.145, 0.196, 0.244, 0.2945, 0.3305, 0.3615, 0.3915, 0.4225, 0.452, 0.474, 0.4935, 0.509, 0.5235, 0.5365, 0.55, 0.5635, 0.5735, 0.58, 0.586, 0.5925, 0.6005, 0.61, 0.6245, 0.639, 0.65, 0.6605, 0.6705, 0.679, 0.692, 0.7025, 0.7045, 0.7065, 0.708, 0.7085, 0.7085, 0.7085, 0.7085, 0.7085, 0.7085, 0.7085, 0.7085, 0.7085, 0.7085, 0.7085, 0.7085, 0.7085, 0.7085, 0.7085, 0.7085, 0.7085, 0.7085, 0.7085, 0.7085, 0.7085, 0.7085, 0.7085, 0.7085, 0.7085, 0.7085, 0.7085, 0.7085, 0.7085, 0.7085, 0.7085, 0.7085, 0.7085, 0.7085, 0.7085, 0.7085, 0.7085, 0.7085, 0.7085, 0.7085, 0.7085, 0.7085, 0.7085, 0.7085, 0.7085, 0.7085, 0.7085, 0.7085, 0.7085, 0.7085, 0.7085, 0.7085, 0.7085, 0.7085, 0.7085, 0.7085, 0.7085, 0.7085, 0.7085, 0.7085, 0.7085, 0.7085, 0.7085, 0.7085, 0.7085, 0.7085]","{""0"": 0.8979, ""1"": 0.8377, ""2"": 0.847, ""3"": 0.832, ""4"": 0.5082, ""5"": 0.8559, ""6"": 0.8295, ""7"": 0.0329}","[1.0, 0.6667, 0.7143, 0.7778, 0.9091, 0.9091, 0.8333, 0.8182, 0.0, 0.8571, 0.8, 0.75, 1.0, 0.5714, 0.4286, 0.9091, 0.0, 0.8889, 0.8, 1.0, 0.8889, 1.0, 1.0, 0.5, 0.0, 1.0, 0.5714, 0.875, 0.875, 1.0, 0.875, 0.875, 0.0, 0.6667, 0.875, 0.8333, 0.7143, 0.9, 0.9, 0.75, 0.125, 1.0, 1.0, 0.8, 0.75, 0.6667, 1.0, 1.0, 0.0, 1.0, 0.6667, 0.8, 1.0, 0.0, 0.8333, 0.875, 0.0, 0.75, 1.0, 0.8, 0.8571, 0.1429, 1.0, 0.7143, 0.0, 0.8571, 0.8889, 1.0, 0.7143, 0.0, 1.0, 1.0, 0.0, 1.0, 0.625, 0.8, 0.9167, 0.0, 0.8, 0.8, 0.0, 0.8333, 0.7778, 0.75, 1.0, 0.0, 0.8, 0.75, 0.1667, 1.0, 0.8, 0.7778, 0.8, 0.0, 0.875, 1.0, 0.0, 0.8, 1.0, 1.0, 0.6364, 0.0, 0.9, 1.0, 0.1429, 1.0, 0.4286, 0.8571, 0.7143, 0.0, 0.8571, 0.5714, 0.1667, 0.7778, 0.7143, 0.8333, 0.8889, 0.0, 0.8333, 0.5714, 0.0, 1.0, 1.0, 0.8, 1.0, 0.0, 0.75, 0.7778, 0.1667, 0.9, 1.0, 0.8889, 0.8, 1.0, 0.8, 0.5714, 0.0, 0.8889, 0.8, 0.9, 1.0, 0.8182, 0.875, 0.7, 0.0, 1.0, 1.0, 0.625, 0.8, 0.2, 0.8333, 0.9167, 0.0, 0.9, 0.8889, 0.7273, 0.5, 0.0, 0.7778, 0.7778, 0.0, 0.8889, 0.8, 0.8333, 0.8, 0.0, 0.7143, 0.9167, 0.0, 0.6667, 1.0, 1.0, 0.6364, 0.0, 0.7143, 1.0, 0.0, 0.7143, 1.0, 0.6, 1.0, 0.6667, 0.8, 0.8, 0.0833, 0.875, 0.9, 1.0, 0.75, 0.6, 0.8462, 0.7778, 0.0, 1.0, 0.8571, 1.0, 0.8571, 0.7692, 1.0, 0.8, 0.0, 1.0, 0.9167, 0.9231, 0.8571, 0.75, 1.0, 1.0, 0.0, 1.0, 0.8333, 0.7143, 0.625, 0.8571, 0.8, 0.8, 0.0, 0.9, 0.9286, 0.9091, 0.8889, 0.9, 0.7143, 0.875, 0.0, 1.0, 0.625, 0.8, 1.0, 1.0, 1.0, 1.0, 0.0, 1.0, 0.7, 0.9091, 0.9, 0.8571, 0.8889, 0.8889, 0.125, 1.0, 0.8, 0.875, 0.7692, 0.6667, 1.0, 0.75, 0.0, 1.0]"
champions,1.0,10,champions,0.678,0.678,0.678,0.0,39,True,1356,0,302,342,0,"[0.05, 0.0935, 0.139, 0.1915, 0.252, 0.3035, 0.349, 0.3785, 0.4145, 0.4415, 0.461, 0.475, 0.4805, 0.4875, 0.5, 0.5135, 0.5295, 0.5415, 0.554, 0.564, 0.5715, 0.582, 0.592, 0.604, 0.613, 0.6225, 0.6305, 0.634, 0.639, 0.647, 0.654, 0.659, 0.664, 0.6705, 0.673, 0.674, 0.676, 0.6775, 0.678, 0.678, 0.678, 0.678, 0.678, 0.678, 0.678, 0.678, 0.678, 0.678, 0.678, 0.678, 0.678, 0.678, 0.678, 0.678, 0.678, 0.678, 0.678, 0.678, 0.678, 0.678, 0.678, 0.678, 0.678, 0.678, 0.678, 0.678, 0.678, 0.678, 0.678, 0.678, 0.678, 0.678, 0.678, 0.678, 0.678, 0.678, 0.678, 0.678, 0.678, 0.678, 0.678, 0.678, 0.678, 0.678, 0.678, 0.678, 0.678, 0.678, 0.678, 0.678, 0.678, 0.678, 0.678, 0.678, 0.678, 0.678, 0.678, 0.678, 0.678, 0.678, 0.678]","{""0"": 0.8253, ""1"": 0.8506, ""2"": 0.6109, ""3"": 0.8541, ""4"": 0.8359, ""5"": 0.4383, ""6"": 0.6183, ""7"": 0.3837}","[1.0, 1.0, 0.7143, 0.7143, 1.0, 0.8889, 0.1111, 0.6923, 0.0, 1.0, 1.0, 0.8, 0.75, 0.8182, 0.1429, 0.9091, 0.0833, 1.0, 0.9, 1.0, 0.8333, 0.7143, 0.0, 1.0, 0.1429, 1.0, 0.9167, 0.9091, 0.8889, 0.6667, 0.0, 0.8333, 0.0, 0.875, 1.0, 0.7273, 1.0, 0.8571, 0.0, 0.875, 0.0, 1.0, 1.0, 0.8889, 0.7143, 0.875, 0.0, 0.6, 0.0, 0.8182, 1.0, 1.0, 0.75, 0.9091, 0.2857, 0.625, 0.0, 0.9, 0.75, 0.8182, 1.0, 0.875, 0.0, 0.8889, 0.0, 0.1429, 1.0, 0.8, 0.6667, 0.4444, 0.0, 0.5714, 0.0, 0.1429, 0.8571, 1.0, 0.8889, 0.7692, 0.2, 0.875, 0.0, 0.0, 1.0, 1.0, 1.0, 0.75, 0.1, 0.0, 0.0, 1.0, 0.6667, 0.1429, 0.9, 0.75, 0.0, 0.0, 0.1111, 1.0, 0.8571, 0.0, 1.0, 1.0, 0.0, 0.0, 0.1429, 0.8333, 0.6667, 0.0, 0.8, 1.0, 0.6, 0.0, 0.0, 0.8571, 0.9, 0.0, 1.0, 0.8667, 0.8333, 0.0, 0.0, 0.6, 0.8333, 0.1667, 0.7143, 1.0, 1.0, 0.0, 0.0, 0.8571, 1.0, 0.0, 0.6667, 0.8571, 0.75, 0.0, 0.0, 0.8571, 1.0, 0.1667, 0.75, 0.5556, 0.8889, 0.0, 0.0, 0.8, 0.8571, 0.0, 0.7778, 0.9091, 0.8889, 0.8, 0.2857, 0.7778, 0.8, 0.0, 0.8, 0.8, 1.0, 0.8333, 0.875, 0.9333, 0.75, 0.4, 0.8333, 0.6, 0.8, 0.75, 0.8182, 1.0, 0.8, 0.1, 0.75, 1.0, 0.7, 0.8889, 0.8889, 0.75, 1.0, 1.0, 0.7778, 1.0, 1.0, 1.0, 1.0, 0.6667, 0.875, 1.0, 0.5714, 0.8182, 0.8571, 0.875, 0.8571, 0.75, 1.0, 1.0, 0.8333, 0.75, 1.0, 0.75, 0.8889, 1.0, 0.6, 0.8125, 1.0, 0.875, 1.0, 0.75, 0.8333, 1.0, 0.75, 0.8333, 1.0, 1.0, 1.0, 0.6, 0.7778, 1.0, 0.8182, 0.8333, 0.8571, 1.0, 1.0, 1.0, 0.9167, 0.7778, 0.6667, 0.7143, 0.8571, 0.8889, 0.0, 0.8889, 0.875, 0.875, 0.8462, 0.8, 0.9167, 0.7, 0.0, 0.75, 0.8571, 0.9231, 0.625, 0.8333, 1.0, 0.8571, 0.0, 0.7778, 0.5, 0.7692]"
champions,1.0,11,champions,0.7045,0.7045,0.7045,-0.0,26,True,1409,0,272,319,0,"[0.05, 0.0845, 0.126, 0.171, 0.2105, 0.252, 0.2965, 0.339, 0.384, 0.42, 0.4505, 0.4805, 0.526, 0.5575, 0.5825, 0.6025, 0.6175, 0.6325, 0.65, 0.665, 0.675, 0.6825, 0.692, 0.7005, 0.704, 0.7045, 0.7045, 0.7045, 0.7045, 0.7045, 0.7045, 0.7045, 0.7045, 0.7045, 0.7045, 0.7045, 0.7045, 0.7045, 0.7045, 0.7045, 0.7045, 0.7045, 0.7045, 0.7045, 0.7045, 0.7045, 0.7045, 0.7045, 0.7045, 0.7045, 0.7045, 0.7045, 0.7045, 0.7045, 0.7045, 0.7045, 0.7045, 0.7045, 0.7045, 0.7045, 0.7045, 0.7045, 0.7045, 0.7045, 0.7045, 0.7045, 0.7045, 0.7045, 0.7045, 0.7045, 0.7045, 0.7045, 0.7045, 0.7045, 0.7045, 0.7045, 0.7045, 0.7045, 0.7045, 0.7045, 0.7045, 0.7045, 0.7045, 0.7045, 0.7045, 0.7045, 0.7045, 0.7045, 0.7045, 0.7045, 0.7045, 0.7045, 0.7045, 0.7045, 0.7045, 0.7045, 0.7045, 0.7045, 0.7045, 0.7045, 0.7045]","{""0"": 0.75, ""1"": 0.876, ""2"": 0.6912, ""3"": 0.8621, ""4"": 0.78, ""5"": 0.1496, ""6"": 0.6111, ""7"": 0.8719}","[0.8889, 0.625, 0.9167, 0.9, 1.0, 0.0, 0.1818, 0.8, 1.0, 0.8571, 0.7692, 0.8462, 0.875, 0.0, 0.0, 1.0, 0.8333, 0.9167, 0.875, 0.8889, 1.0, 0.0, 0.0, 0.6667, 1.0, 0.8, 0.8, 0.875, 1.0, 1.0, 0.0, 0.8333, 1.0, 1.0, 1.0, 0.6667, 1.0, 0.8333, 0.0, 1.0, 0.8889, 0.8889, 0.8333, 0.75, 1.0, 1.0, 0.0, 1.0, 0.7, 0.8, 1.0, 1.0, 0.6667, 0.9167, 0.0, 0.8889, 0.5714, 0.8, 0.625, 0.8571, 0.7, 0.8571, 0.0, 0.875, 0.7778, 1.0, 1.0, 0.625, 0.8462, 0.8571, 0.0, 0.9, 0.875, 1.0, 0.9091, 1.0, 0.8182, 1.0, 0.2, 1.0, 0.75, 1.0, 0.75, 0.9091, 0.6364, 0.8333, 0.2857, 0.6, 0.875, 0.8571, 0.75, 0.8333, 1.0, 1.0, 0.1111, 1.0, 0.75, 0.6667, 0.8182, 0.0, 1.0, 1.0, 0.0, 0.8889, 0.875, 0.75, 0.9091, 0.0, 0.8182, 0.6, 0.0, 0.7143, 0.7143, 1.0, 0.7143, 0.0, 0.8333, 1.0, 0.2, 0.8889, 1.0, 0.8333, 1.0, 0.0, 0.7273, 0.75, 0.0, 0.7, 1.0, 1.0, 1.0, 0.0, 0.8, 1.0, 0.0, 0.1667, 1.0, 1.0, 1.0, 0.0, 0.8333, 0.75, 0.2, 0.0, 0.9091, 0.0, 1.0, 0.8571, 0.8, 1.0, 0.0, 0.0, 0.8889, 0.0, 0.9, 0.8571, 0.9, 1.0, 0.0, 0.0, 0.6, 0.1111, 0.8333, 0.9091, 0.7778, 0.9, 1.0, 0.0, 1.0, 0.0, 0.8571, 0.8889, 0.75, 1.0, 1.0, 0.0, 0.8182, 0.125, 0.8571, 0.75, 0.875, 0.8333, 1.0, 0.1, 0.75, 1.0, 1.0, 0.875, 1.0, 1.0, 0.1, 0.0, 1.0, 0.75, 0.8889, 0.6667, 0.8, 1.0, 0.0, 0.0, 1.0, 0.625, 0.6, 0.5, 1.0, 0.8889, 0.1429, 0.25, 0.7778, 0.8333, 0.8, 0.7778, 0.9167, 1.0, 0.125, 0.375, 0.875, 1.0, 0.8, 0.8571, 0.7, 0.8, 0.0, 0.8, 1.0, 0.8333, 1.0, 1.0, 1.0, 0.5, 0.0, 0.875, 0.8333, 0.7778, 1.0, 1.0, 1.0, 0.8571, 0.0, 0.8, 0.8333, 1.0, 0.9, 0.9, 0.8, 0.3333, 0.125, 0.8889, 1.0, 1.0]"
cluster,0.4,0,cluster,0.0555,0.0555,0.0555,-0.0,3,True,111,0,277,1612,0,"[0.05, 0.055, 0.0555, 0.0555, 0.0555, 0.0555, 0.0555, 0.0555, 0.0555, 0.0555, 0.0555, 0.0555, 0.0555, 0.0555, 0.0555, 0.0555, 0.0555, 0.0555, 0.0555, 0.0555, 0.0555, 0.0555, 0.0555, 0.0555, 0.0555, 0.0555, 0.0555, 0.0555, 0.0555, 0.0555, 0.0555, 0.0555, 0.0555, 0.0555, 0.0555, 0.0555, 0.0555, 0.0555, 0.0555, 0.0555, 0.0555, 0.0555, 0.0555, 0.0555, 0.0555, 0.0555, 0.0555, 0.0555, 0.0555, 0.0555, 0.0555, 0.0555, 0.0555, 0.0555, 0.0555, 0.0555, 0.0555, 0.0555, 0.0555, 0.0555, 0.0555, 0.0555, 0.0555, 0.0555, 0.0555, 0.0555, 0.0555, 0.0555, 0.0555, 0.0555, 0.0555, 0.0555, 0.0555, 0.0555, 0.0555, 0.0555, 0.0555, 0.0555, 0.0555, 0.0555, 0.0555, 0.0555, 0.0555, 0.0555, 0.0555, 0.0555, 0.0555, 0.0555, 0.0555, 0.0555, 0.0555, 0.0555, 0.0555, 0.0555, 0.0555, 0.0555, 0.0555, 0.0555, 0.0555, 0.0555, 0.0555]","{""0"": 0.1049, ""1"": 0.0038, ""2"": 0.062, ""3"": 0.0548, ""4"": 0.0641, ""5"": 0.0293, ""6"": 0.127, ""7"": 0.0039}","[0.0, 1.0, 0.0, 0.0, 0.0, 0.0, 0.0, 0.0, 0.0, 0.0, 0.0, 0.0, 0.0, 0.0, 0.0, 0.0, 0.0, 0.0, 0.0, 0.0, 0.0, 0.0, 0.0, 0.0, 0.0, 0.0, 0.0, 0.0, 0.0, 0.0, 0.0, 1.0, 0.0, 0.0, 0.0, 0.0, 0.0, 0.0, 0.0, 0.0, 0.0, 0.0, 0.0, 0.0, 0.0, 0.0, 0.0, 0.0, 0.0, 0.0, 0.0, 0.0, 0.0, 0.0, 0.0, 0.0, 0.0, 0.0, 0.0, 0.0, 0.0, 0.0, 0.0, 0.0, 0.0, 0.0, 0.1429, 0.0, 0.0, 0.0, 0.0, 0.0, 0.0, 1.0, 0.0, 0.0, 0.0, 0.0, 0.0, 0.0, 0.0, 0.0, 0.0, 0.0, 0.0, 0.0, 0.0, 0.0, 0.0, 0.0, 0.0, 0.0, 0.2, 0.0, 0.0, 0.0, 0.0, 0.0, 0.0, 0.0, 0.0, 0.0, 0.0, 0.0, 0.0, 0.0, 0.0, 0.0, 1.0, 0.0, 0.0, 1.0, 0.0, 0.0, 0.0, 0.0, 0.0, 0.1111, 0.0, 0.0, 0.0, 0.0, 0.0, 0.0, 0.0, 1.0, 0.0, 0.0, 0.0, 0.0, 0.0, 0.0, 0.0, 0.0, 0.0, 0.0, 0.0, 0.0, 0.0, 0.0, 0.0, 0.0, 0.0, 0.0, 0.0, 0.0, 0.0, 0.0, 0.0, 0.0, 1.0, 0.0, 0.0, 0.0, 0.0, 0.0, 0.0, 0.0, 0.0, 0.0, 0.1667, 1.0, 0.0, 0.0, 0.0, 0.0, 0.0, 0.0, 0.0, 0.0, 0.0, 1.0, 0.0, 0.0, 0.0, 0.0, 0.0, 0.1111, 0.0, 0.0, 0.0, 0.8333, 0.0, 0.0, 0.0, 0.0, 0.0, 0.0, 0.0, 0.0, 0.0, 0.0, 0.0, 0.0, 0.0, 0.0, 0.0, 0.0, 0.0, 0.0, 0.0, 0.0, 0.0, 0.0, 0.0, 0.0, 0.0, 0.0, 0.0, 0.0, 0.0, 0.0, 0.0, 0.0, 0.0, 0.25, 0.0, 0.1111, 0.0, 0.0, 0.0, 0.0, 0.0, 1.0, 0.0, 0.0, 0.0, 0.5, 0.0, 0.0, 0.0, 0.0, 0.0, 0.0, 0.0, 1.0, 0.0, 0.0, 0.0, 0.0, 0.0, 0.0, 0.0, 0.0, 0.0, 0.0, 0.0, 0.0, 0.0, 0.0]"
cluster,0.4,1,cluster,0.0565,0.0565,0.0565,-0.0,4,True,113,0,289,1598,0,"[0.05, 0.055, 0.056, 0.0565, 0.0565, 0.0565, 0.0565, 0.0565, 0.0565, 0.0565, 0.0565, 0.0565, 0.0565, 0.0565, 0.0565, 0.0565, 0.0565, 0.0565, 0.0565, 0.0565, 0.0565, 0.0565, 0.0565, 0.0565, 0.0565, 0.0565, 0.0565, 0.0565, 0.0565, 0.0565, 0.0565, 0.0565, 0.0565, 0.0565, 0.0565, 0.0565, 0.0565, 0.0565, 0.0565, 0.0565, 0.0565, 0.0565, 0.0565, 0.0565, 0.0565, 0.0565, 0.0565, 0.0565, 0.0565, 0.0565, 0.0565, 0.0565, 0.0565, 0.0565, 0.0565, 0.0565, 0.0565, 0.0565, 0.0565, 0.0565, 0.0565, 0.0565, 0.0565, 0.0565, 0.0565, 0.0565, 0.0565, 0.0565, 0.0565, 0.0565, 0.0565, 0.0565, 0.0565, 0.0565, 0.0565, 0.0565, 0.0565, 0.0565, 0.0565, 0.0565, 0.0565, 0.0565, 0.0565, 0.0565, 0.0565, 0.0565, 0.0565, 0.0565, 0.0565, 0.0565, 0.0565, 0.0565, 0.0565, 0.0565, 0.0565, 0.0565, 0.0565, 0.0565, 0.0565, 0.0565, 0.0565]","{""0"": 0.087, ""1"": 0.0741, ""2"": 0.0, ""3"": 0.0402, ""4"": 0.1111, ""5"": 0.0364, ""6"": 0.0714, ""7"": 0.0293}","[0.1111, 0.0, 0.0, 0.0, 0.0, 0.0, 0.0, 1.0, 1.0, 0.0, 0.0, 0.0, 0.0, 1.0, 0.0, 0.0, 0.0, 0.0, 0.0, 0.0, 0.0, 0.0, 0.0, 1.0, 0.0, 0.1111, 0.0, 0.0, 0.0, 0.0, 0.0, 0.0, 0.0, 0.0, 0.0, 0.0, 0.0, 0.0, 0.0, 0.0, 0.0, 0.0, 0.0, 0.0, 0.0, 0.0, 0.0, 0.0, 0.0, 0.0, 0.0, 0.0, 0.0, 0.0, 0.0, 0.0, 0.0, 0.0, 0.0, 0.0, 0.0, 0.0, 0.0, 0.0, 0.0, 0.0, 0.0, 0.0, 0.0, 0.0, 0.0, 0.0, 0.0, 0.0, 0.0, 0.0, 1.0, 0.125, 0.0, 0.0, 0.0, 0.0, 0.0, 0.0, 0.0, 0.0, 0.0, 0.0, 0.0, 0.0, 0.0, 0.0, 0.0, 0.1667, 0.0, 0.0, 0.0, 0.0, 0.0, 0.0, 0.1, 1.0, 0.0, 0.0, 0.0, 0.0, 0.0, 0.0, 0.0, 0.1111, 0.0, 0.0, 0.0, 0.0, 0.0, 0.0, 0.0, 0.0, 0.0, 0.0, 0.0, 0.0, 0.0, 0.0, 0.0, 0.0, 1.0, 0.0, 0.0, 0.0, 0.0, 0.0, 0.0, 0.0, 0.0, 0.0, 0.0, 0.0, 0.0, 0.0, 0.0, 0.0, 0.0, 0.0, 0.0, 1.0, 0.0, 0.0, 0.0, 0.0, 0.0, 0.0, 0.0, 0.1429, 0.0, 0.0, 0.1111, 0.0, 0.0, 0.0, 0.0, 1.0, 0.0, 0.0, 0.0, 1.0, 0.0, 0.0, 0.0, 0.0, 0.0, 0.0, 0.0, 0.0, 0.0, 0.0, 0.0, 0.0, 0.0, 0.0, 1.0, 0.0, 0.0, 0.0, 0.0, 0.0, 0.0, 0.0, 0.0, 0.0, 0.0, 0.0, 0.0, 0.0, 0.0, 0.0, 0.0, 0.0, 0.1429, 0.0, 0.0, 0.0, 0.3333, 0.0, 0.0, 0.0, 0.0, 0.0, 0.0, 0.0, 1.0, 0.0, 0.0, 0.0, 0.0, 0.0, 0.0, 0.0, 0.0, 0.0, 0.0, 0.0, 0.0, 0.0, 0.0, 0.0, 1.0, 0.0, 0.0, 0.0, 0.0, 0.0, 0.0, 0.0, 0.0, 0.0, 0.0, 0.0, 0.0, 0.3333, 0.0, 1.0, 0.0, 0.0, 0.0, 0.0, 0.0, 0.0, 0.1111, 0.0]"
cluster,0.4,2,cluster,0.056,0.056,0.056,-0.0,6,True,112,0,268,1620,0,"[0.05, 0.053, 0.0535, 0.054, 0.055, 0.056, 0.056, 0.056, 0.056, 0.056, 0.056, 0.056, 0.056, 0.056, 0.056, 0.056, 0.056, 0.056, 0.056, 0.056, 0.056, 0.056, 0.056, 0.056, 0.056, 0.056, 0.056, 0.056, 0.056, 0.056, 0.056, 0.056, 0.056, 0.056, 0.056, 0.056, 0.056, 0.056, 0.056, 0.056, 0.056, 0.056, 0.056, 0.056, 0.056, 0.056, 0.056, 0.056, 0.056, 0.056, 0.056, 0.056, 0.056, 0.056, 0.056, 0.056, 0.056, 0.056, 0.056, 0.056, 0.056, 0.056, 0.056, 0.056, 0.056, 0.056, 0.056, 0.056, 0.056, 0.056, 0.056, 0.056, 0.056, 0.056, 0.056, 0.056, 0.056, 0.056, 0.056, 0.056, 0.056, 0.056, 0.056, 0.056, 0.056, 0.056, 0.056, 0.056, 0.056, 0.056, 0.056, 0.056, 0.056, 0.056, 0.056, 0.056, 0.056, 0.056, 0.056, 0.056, 0.056]","{""0"": 0.0482, ""1"": 0.0237, ""2"": 0.0973, ""3"": 0.0, ""4"": 0.083, ""5"": 0.053, ""6"": 0.124, ""7"": 0.0271}","[0.0, 0.0, 0.0, 1.0, 0.0, 0.0, 0.0, 0.0, 0.0, 0.0, 0.0, 0.3333, 0.0, 0.0, 0.0, 0.0, 0.0, 0.0, 0.0, 0.0, 0.0, 0.0, 0.0, 0.0, 0.0, 0.0, 0.0, 0.0, 0.0, 0.0, 0.0, 0.0, 0.0, 0.0, 0.0, 0.0, 0.0, 0.0, 0.0, 0.0, 0.0, 0.0, 0.0, 0.0, 0.0, 0.0, 0.0, 0.0, 0.0, 0.0, 0.0, 0.0, 0.0, 0.0, 0.0, 0.0, 0.0, 0.0, 0.0, 0.0, 0.0, 0.0, 1.0, 0.0, 0.0, 0.0, 1.0, 0.0, 0.0, 0.0, 0.0, 0.0, 0.0, 0.0, 0.0, 0.0, 0.0, 0.0, 0.0, 1.0, 0.0, 0.0, 0.0, 0.0, 0.0, 0.1429, 0.0, 0.0, 0.0, 0.0, 0.0, 0.0, 0.0, 1.0, 0.0, 0.0, 0.0, 0.0, 0.0, 0.0, 0.0, 0.0, 0.0, 0.0909, 0.0, 0.0, 0.0, 0.0, 0.0, 0.0, 1.0, 0.0, 0.0, 0.3333, 0.0, 0.0, 0.0, 1.0, 0.0909, 1.0, 1.0, 0.0, 0.0, 0.0, 0.0, 0.0, 0.0, 0.0, 0.0, 1.0, 0.0, 0.0, 0.0, 0.0, 0.0, 0.0, 0.0, 0.0, 0.0, 0.0, 0.0, 0.0, 0.0, 1.0, 0.0, 0.0, 0.0, 0.0, 0.0, 0.0, 0.0, 0.0833, 0.0, 0.0, 0.0, 0.0, 0.0, 0.0, 0.0, 0.0, 0.0, 0.0, 0.0, 1.0, 0.0, 0.0, 0.0, 0.0, 0.0, 0.0, 0.0, 0.0, 0.0, 0.0, 0.0, 0.0, 0.0, 0.0, 0.0, 0.0, 0.0, 0.0, 0.0, 0.0, 0.0, 0.0, 0.0, 0.0, 0.0, 0.0, 0.0, 0.0, 0.0, 0.0, 0.0, 0.0, 0.0, 0.0, 0.0, 0.0, 0.0, 0.0, 0.0, 0.0, 0.0, 0.0, 0.0, 0.0, 0.0, 0.0, 0.0, 0.0, 0.0, 0.0, 0.0, 1.0, 0.0, 0.0, 0.0, 0.0, 0.0, 0.0, 0.0, 0.0, 0.0, 0.0, 0.0, 0.0, 0.0, 0.0, 0.0, 0.0714, 0.0, 0.0, 0.0, 0.0, 0.0, 0.0, 0.0, 0.0, 0.0, 0.0, 0.0, 1.0, 0.0, 0.0, 0.0, 0.0, 0.0, 0.0]"
cluster,0.4,3,cluster,0.059,0.059,0.059,0.0,3,True,118,0,279,1603,0,"[0.05, 0.0585, 0.059, 0.059, 0.059, 0.059, 0.059, 0.059, 0.059, 0.059, 0.059, 0.059, 0.059, 0.059, 0.059, 0.059, 0.059, 0.059, 0.059, 0.059, 0.059, 0.059, 0.059, 0.059, 0.059, 0.059, 0.059, 0.059, 0.059, 0.059, 0.059, 0.059, 0.059, 0.059, 0.059, 0.059, 0.059, 0.059, 0.059, 0.059, 0.059, 0.059, 0.059, 0.059, 0.059, 0.059, 0.059, 0.059, 0.059, 0.059, 0.059, 0.059, 0.059, 0.059, 0.059, 0.059, 0.059, 0.059, 0.059, 0.059, 0.059, 0.059, 0.059, 0.059, 0.059, 0.059, 0.059, 0.059, 0.059, 0.059, 0.059, 0.059, 0.059, 0.059, 0.059, 0.059, 0.059, 0.059, 0.059, 0.059, 0.059, 0.059, 0.059, 0.059, 0.059, 0.059, 0.059, 0.059, 0.059, 0.059, 0.059, 0.059, 0.059, 0.059, 0.059, 0.059, 0.059, 0.059, 0.059, 0.059, 0.059]","{""0"": 0.0565, ""1"": 0.0339, ""2"": 0.0654, ""3"": 0.0606, ""4"": 0.0745, ""5"": 0.0403, ""6"": 0.1, ""7"": 0.0391}","[0.0, 0.0, 0.0, 0.0, 0.0, 0.0, 0.0, 0.0, 0.0, 0.0, 0.0, 0.0, 0.0, 0.0, 0.0, 0.0, 0.0, 0.0, 0.0, 0.0, 0.0, 0.0, 0.0, 0.0, 0.0, 0.0, 0.0, 0.0, 0.0, 0.0667, 0.0, 0.0, 0.0, 0.0, 0.0, 0.1667, 0.0, 0.0, 0.0, 0.0, 0.0, 0.0, 1.0, 0.0, 0.0, 0.0, 0.0, 0.0, 0.0, 0.0, 0.0, 1.0, 0.0, 0.0, 0.0, 0.0, 0.0, 0.0, 0.0, 0.0, 0.0, 0.0, 0.0, 0.0, 0.0, 0.0, 0.0, 0.0, 0.0, 0.0, 0.0, 0.0, 0.0, 1.0, 0.0, 0.0, 0.0, 0.0, 0.0, 0.0, 0.0, 0.0, 0.0, 0.0, 0.0, 0.0, 0.0, 0.0, 0.0, 0.0, 0.0, 0.0, 0.0, 1.0, 0.0, 0.0, 0.0, 1.0, 0.0, 1.0, 0.0, 0.0, 0.0, 0.0, 0.0, 0.0, 0.0, 0.1429, 0.0, 0.0, 0.0, 0.0, 0.0, 0.125, 0.0, 0.0, 0.0, 0.0, 0.0, 0.0, 0.0, 0.0, 0.0, 0.0, 0.0, 0.0, 0.0, 0.0, 0.0, 0.0, 0.0, 0.0, 0.0, 0.0, 0.0, 0.0, 0.0, 0.0, 0.0, 0.0, 0.0, 0.0909, 0.0, 0.1111, 0.0, 0.0, 0.0, 0.0, 0.0, 0.0, 0.0, 1.0, 0.0, 0.0, 0.0, 0.0, 0.0, 1.0, 0.0, 0.1429, 0.0, 0.0, 0.0, 0.0, 0.6667, 0.0, 0.0, 0.0, 0.0, 0.0, 0.0, 0.0, 1.0, 0.0, 0.0, 0.25, 0.8182, 0.0, 0.0, 0.0, 0.1, 0.0, 1.0, 1.0, 0.1111, 0.0, 0.0, 0.0, 0.0, 0.0, 0.2857, 0.1111, 0.0, 0.0, 0.125, 0.0, 0.0, 0.0, 0.0, 0.1111, 0.0, 0.0, 0.0, 0.0, 0.0, 0.0, 0.0, 0.0, 0.0, 0.0, 0.0, 0.0, 0.0, 0.0, 0.0, 0.0, 0.0, 0.0, 0.0, 0.0, 0.0, 0.0, 0.0, 0.0, 0.0, 0.0, 0.0, 0.0, 0.0, 0.0, 0.0, 0.0, 0.0, 0.0, 0.0, 0.0, 0.0, 0.0, 0.0, 0.0, 0.0, 0.0, 0.0, 0.0, 0.0, 0.0, 0.0, 0.0, 0.0, 0.0]"
cluster,0.4,4,cluster,0.053,0.053,0.053,-0.0,2,True,106,0,267,1627,0,"[0.05, 0.053, 0.053, 0.053, 0.053, 0.053, 0.053, 0.053, 0.053, 0.053, 0.053, 0.053, 0.053, 0.053, 0.053, 0.053, 0.053, 0.053, 0.053, 0.053, 0.053, 0.053, 0.053, 0.053, 0.053, 0.053, 0.053, 0.053, 0.053, 0.053, 0.053, 0.053, 0.053, 0.053, 0.053, 0.053, 0.053, 0.053, 0.053, 0.053, 0.053, 0.053, 0.053, 0.053, 0.053, 0.053, 0.053, 0.053, 0.053, 0.053, 0.053, 0.053, 0.053, 0.053, 0.053, 0.053, 0.053, 0.053, 0.053, 0.053, 0.053, 0.053, 0.053, 0.053, 0.053, 0.053, 0.053, 0.053, 0.053, 0.053, 0.053, 0.053, 0.053, 0.053, 0.053, 0.053, 0.053, 0.053, 0.053, 0.053, 0.053, 0.053, 0.053, 0.053, 0.053, 0.053, 0.053, 0.053, 0.053, 0.053, 0.053, 0.053, 0.053, 0.053, 0.053, 0.053, 0.053, 0.053, 0.053, 0.053, 0.053]","{""0"": 0.0, ""1"": 0.0, ""2"": 0.0962, ""3"": 0.032, ""4"": 0.0802, ""5"": 0.068, ""6"": 0.1057, ""7"": 0.0428}","[0.0, 0.0, 0.0, 1.0, 0.0, 0.0, 0.0, 0.3333, 0.0, 0.0, 0.0, 0.0, 0.0, 0.0, 0.0, 1.0, 0.0, 0.0, 0.0, 0.0, 0.0, 0.0, 0.0, 0.0, 0.0, 0.0, 0.0, 0.0, 0.0, 0.0, 0.0, 0.0, 0.0, 0.0, 0.0, 0.0, 0.0, 0.0, 0.0, 0.0, 0.0, 0.0, 0.0, 0.0, 1.0, 0.0, 0.0, 0.0, 0.0, 0.0, 0.0, 0.0, 0.0, 0.0, 1.0, 0.0, 0.0, 0.0, 0.0, 1.0, 0.0, 0.0, 0.0, 0.1429, 0.0, 0.0, 0.0, 0.0, 0.0, 0.0, 0.0, 1.0, 0.0, 0.0, 0.0, 0.0, 0.0, 0.0, 0.0, 0.0, 0.0, 0.0, 0.0, 0.0, 0.0, 0.0, 0.0, 0.0, 1.0, 0.0, 0.0, 0.0, 0.0, 0.0, 0.0, 1.0, 0.0, 0.0, 0.0, 0.0, 0.0, 0.0, 0.6364, 0.0, 0.0, 0.0, 0.0, 0.0, 0.0, 0.0, 0.0, 0.0, 0.0, 0.0, 0.0, 0.0, 0.0, 0.0, 0.0, 0.0, 0.0, 0.0, 0.0, 0.0, 0.0, 0.0, 0.0, 0.0, 0.0, 0.0, 0.0, 0.0, 0.0, 0.0, 0.0, 0.0, 0.0, 0.0, 0.0, 0.0, 0.0, 0.0, 0.0, 0.0, 0.0909, 0.0, 0.0, 0.0, 0.0, 0.1667, 0.0, 0.0, 0.0, 0.0, 0.0, 1.0, 0.0, 0.0, 0.0, 0.0, 0.0, 0.0, 0.0, 0.0, 0.0, 0.0, 0.0, 0.0, 0.0, 0.0, 0.0, 0.0, 0.0, 1.0, 0.0, 0.0, 0.0, 0.0, 0.0, 0.0, 0.0, 0.0, 0.0, 0.0, 0.0, 0.0, 0.0, 0.0, 0.0, 0.0, 0.0, 0.0, 0.0, 0.0, 0.0, 0.0, 0.0, 0.0, 0.0, 0.0, 0.0, 0.0, 0.0, 0.0, 0.0, 0.0, 0.0, 0.0, 0.0, 0.0, 0.0, 0.0, 0.0, 0.0, 0.0, 0.0, 0.0, 0.0, 0.0, 0.0, 0.0, 0.0, 0.0, 0.0, 0.0, 0.0, 0.0, 0.0, 0.0, 0.0, 0.0, 0.0, 0.0, 0.0, 0.0, 0.0, 0.0, 1.0, 0.1429, 0.0, 0.0, 0.0, 0.0, 0.0, 0.0, 0.0, 0.0, 0.0, 0.0, 0.0]"
cluster,0.4,5,cluster,0.0555,0.0555,0.0555,-0.0,4,True,111,0,283,1606,0,"[0.05, 0.0535, 0.0545, 0.0555, 0.0555, 0.0555, 0.0555, 0.0555, 0.0555, 0.0555, 0.0555, 0.0555, 0.0555, 0.0555, 0.0555, 0.0555, 0.0555, 0.0555, 0.0555, 0.0555, 0.0555, 0.0555, 0.0555, 0.0555, 0.0555, 0.0555, 0.0555, 0.0555, 0.0555, 0.0555, 0.0555, 0.0555, 0.0555, 0.0555, 0.0555, 0.0555, 0.0555, 0.0555, 0.0555, 0.0555, 0.0555, 0.0555, 0.0555, 0.0555, 0.0555, 0.0555, 0.0555, 0.0555, 0.0555, 0.0555, 0.0555, 0.0555, 0.0555, 0.0555, 0.0555, 0.0555, 0.0555, 0.0555, 0.0555, 0.0555, 0.0555, 0.0555, 0.0555, 0.0555, 0.0555, 0.0555, 0.0555, 0.0555, 0.0555, 0.0555, 0.0555, 0.0555, 0.0555, 0.0555, 0.0555, 0.0555, 0.0555, 0.0555, 0.0555, 0.0555, 0.0555, 0.0555, 0.0555, 0.0555, 0.0555, 0.0555, 0.0555, 0.0555, 0.0555, 0.0555, 0.0555, 0.0555, 0.0555, 0.0555, 0.0555, 0.0555, 0.0555, 0.0555, 0.0555, 0.0555, 0.0555]","{""0"": 0.0898, ""1"": 0.0, ""2"": 0.0709, ""3"": 0.0652, ""4"": 0.1296, ""5"": 0.0391, ""6"": 0.0, ""7"": 0.0565}","[0.0, 0.0, 0.0, 0.0, 0.0, 0.0, 1.0, 0.0, 0.0, 0.0, 0.0, 0.0, 0.0, 0.0, 0.0, 0.0, 0.0, 0.0, 0.0, 0.0, 0.0, 0.0, 0.0, 0.0, 0.0, 0.0, 0.0, 0.0, 0.0, 0.0, 0.0, 0.0, 0.0, 0.0, 0.0, 0.0, 0.0, 0.5556, 0.0, 0.0, 0.0, 0.0, 0.0, 0.0, 0.0, 0.4, 0.0, 0.0, 1.0, 0.0, 0.0, 0.0, 0.0, 1.0, 0.0, 0.0, 0.125, 0.0, 0.0, 0.0, 0.0, 0.0, 0.0, 0.0, 0.0, 0.0, 0.0, 0.0, 0.0, 0.0, 0.0, 0.0, 0.0, 0.0, 0.0, 0.0, 0.0, 0.0, 0.0, 0.0, 0.0, 0.0, 0.0, 0.0, 0.0, 0.0, 0.0, 0.0, 0.0, 0.0, 0.0, 0.0, 0.0, 0.0, 0.0, 0.0, 0.0, 0.0, 0.0, 0.0, 0.0, 1.0, 0.0, 0.0, 0.0, 0.0, 0.0, 0.0, 0.0, 1.0, 0.0, 0.0, 0.0, 0.0, 0.0, 0.0, 0.0, 0.0, 0.0, 0.0, 0.0, 0.0, 0.0, 0.0, 0.0, 0.0, 0.1667, 0.0, 0.0, 0.0, 0.0, 0.0, 0.0, 0.0, 0.0, 0.0, 0.0, 0.0, 0.0, 0.0, 1.0, 0.0, 0.0, 0.0, 0.0, 0.0, 0.0, 0.0, 1.0, 0.0, 0.0, 0.0, 0.0, 1.0, 0.0, 0.0, 0.0, 0.0, 0.0, 0.0, 0.0, 0.1429, 0.0, 0.0, 0.0, 0.0, 0.0, 0.0, 0.0, 0.2727, 0.0, 0.0, 0.0, 0.0, 0.0, 0.0, 0.0, 0.0, 0.0, 0.0, 0.0, 0.0, 0.0, 0.0, 0.0, 0.0, 0.0, 0.0, 0.0, 0.0, 0.0, 0.0, 0.0, 0.0, 0.0, 1.0, 0.0, 0.0, 0.0, 0.0, 0.0, 0.0, 0.0, 0.0, 0.0, 0.0, 0.0, 0.0, 0.0, 0.0, 0.0, 0.0, 0.0, 0.0, 0.0, 0.0, 0.0, 0.0, 0.0, 1.0, 0.0, 0.0, 0.0, 0.0, 0.0, 0.0, 0.0, 0.0, 0.0, 0.0, 0.0, 0.0, 0.0, 0.2, 0.0, 0.1429, 0.0, 0.0, 0.0, 0.0, 1.0, 1.0, 0.0, 0.0, 0.0, 0.0, 0.0, 0.0, 0.0, 0.1429]"
cluster,0.4,6,cluster,0.055,0.055,0.055,-0.0,3,True,110,0,310,1580,0,"[0.05, 0.054, 0.055, 0.055, 0.055, 0.055, 0.055, 0.055, 0.055, 0.055, 0.055, 0.055, 0.055, 0.055, 0.055, 0.055, 0.055, 0.055, 0.055, 0.055, 0.055, 0.055, 0.055, 0.055, 0.055, 0.055, 0.055, 0.055, 0.055, 0.055, 0.055, 0.055, 0.055, 0.055, 0.055, 0.055, 0.055, 0.055, 0.055, 0.055, 0.055, 0.055, 0.055, 0.055, 0.055, 0.055, 0.055, 0.055, 0.055, 0.055, 0.055, 0.055, 0.055, 0.055, 0.055, 0.055, 0.055, 0.055, 0.055, 0.055, 0.055, 0.055, 0.055, 0.055, 0.055, 0.055, 0.055, 0.055, 0.055, 0.055, 0.055, 0.055, 0.055, 0.055, 0.055, 0.055, 0.055, 0.055, 0.055, 0.055, 0.055, 0.055, 0.055, 0.055, 0.055, 0.055, 0.055, 0.055, 0.055, 0.055, 0.055, 0.055, 0.055, 0.055, 0.055, 0.055, 0.055, 0.055, 0.055, 0.055, 0.055]","{""0"": 0.0, ""1"": 0.0267, ""2"": 0.0732, ""3"": 0.0376, ""4"": 0.0041, ""5"": 0.1107, ""6"": 0.125, ""7"": 0.0744}","[0.0, 0.0, 0.0, 0.0, 0.0, 0.0, 0.0, 0.0, 0.0, 0.0, 0.0, 0.0, 1.0, 0.0, 0.0, 0.0, 0.0, 0.0, 0.0, 0.0, 0.0, 0.0, 0.0, 1.0, 0.0, 0.0, 0.0, 0.0, 0.0, 0.0, 1.0, 0.0, 0.0, 0.0, 0.0, 0.0, 0.0, 0.0, 0.4, 0.0, 0.0, 0.0, 0.0, 0.0, 0.0, 0.0, 0.0, 0.0, 0.0, 0.0, 0.0, 0.0, 0.0, 0.0, 0.0, 0.0, 0.0, 0.0, 0.0, 0.0, 0.0, 0.0, 0.0, 0.0, 0.0, 0.0, 0.0, 0.0, 0.0, 0.0, 0.0, 0.0, 0.0, 0.0, 0.0, 0.0, 0.0, 0.0, 1.0, 0.0, 0.0, 0.0, 0.0, 0.0, 0.0, 0.0, 0.0, 0.0, 0.0, 0.0, 0.0, 0.0, 0.0, 0.0, 0.0, 0.0, 0.0, 0.0, 0.0, 0.0, 0.0, 0.0, 0.8, 0.0, 0.0, 0.0, 0.0, 0.0, 0.0, 0.0, 0.0, 0.0, 0.0, 0.0, 0.0, 0.0, 0.0, 0.0, 0.0, 0.0, 0.0, 0.0, 0.0, 0.0, 0.0, 0.0, 0.0, 0.0, 0.0, 0.0, 0.0, 0.0, 0.0, 0.0, 0.0, 0.0, 0.0, 0.0, 0.0, 0.0, 0.0, 0.0, 0.0, 0.0, 0.1111, 0.0, 0.0, 0.1111, 0.0, 0.0, 0.0, 0.0, 0.0, 0.0, 0.0, 1.0, 0.0, 0.0, 0.0, 1.0, 0.0, 0.0, 0.0, 0.1429, 0.0, 0.25, 0.0, 0.0, 0.0, 0.0, 0.0, 0.0, 0.0, 0.0, 0.0, 0.1, 1.0, 0.0, 0.0, 1.0, 0.0, 0.0, 0.0, 0.0, 0.2, 0.0, 0.0, 0.0, 0.0, 0.0, 0.0, 0.0, 1.0, 0.0, 0.0, 0.0, 0.0, 0.0, 0.0, 1.0, 0.0, 0.0, 0.0, 0.0, 0.0, 0.0, 0.0, 0.5, 0.0, 0.0, 0.0, 0.0, 0.0, 0.0, 0.0, 0.0, 0.0, 0.0, 1.0, 0.0, 0.0, 0.0, 0.0, 0.0, 0.0, 0.0, 0.0, 0.0, 0.0, 0.0, 0.0, 0.0, 0.0, 0.0, 0.0, 0.0, 0.0, 0.0, 0.0, 0.0, 0.0, 0.0, 0.0, 0.0, 0.0, 0.0, 0.0, 0.0, 0.0, 0.0]"
cluster,0.4,7,cluster,0.055,0.055,0.055,-0.0,3,True,110,0,297,1593,0,"[0.05, 0.0535, 0.055, 0.055, 0.055, 0.055, 0.055, 0.055, 0.055, 0.055, 0.055, 0.055, 0.055, 0.055, 0.055, 0.055, 0.055, 0.055, 0.055, 0.055, 0.055, 0.055, 0.055, 0.055, 0.055, 0.055, 0.055, 0.055, 0.055, 0.055, 0.055, 0.055, 0.055, 0.055, 0.055, 0.055, 0.055, 0.055, 0.055, 0.055, 0.055, 0.055, 0.055, 0.055, 0.055, 0.055, 0.055, 0.055, 0.055, 0.055, 0.055, 0.055, 0.055, 0.055, 0.055, 0.055, 0.055, 0.055, 0.055, 0.055, 0.055, 0.055, 0.055, 0.055, 0.055, 0.055, 0.055, 0.055, 0.055, 0.055, 0.055, 0.055, 0.055, 0.055, 0.055, 0.055, 0.055, 0.055, 0.055, 0.055, 0.055, 0.055, 0.055, 0.055, 0.055, 0.055, 0.055, 0.055, 0.055, 0.055, 0.055, 0.055, 0.055, 0.055, 0.055, 0.055, 0.055, 0.055, 0.055, 0.055, 0.055]","{""0"": 0.0598, ""1"": 0.0435, ""2"": 0.0247, ""3"": 0.1811, ""4"": 0.0425, ""5"": 0.0248, ""6"": 0.0321, ""7"": 0.0267}","[0.0, 0.0, 0.0, 0.0, 0.0, 0.0, 0.0, 0.0, 0.0, 0.0, 0.0, 0.0, 0.0, 0.0, 0.0, 0.0, 0.0, 0.0, 0.0, 0.0, 0.0, 0.0, 0.0, 0.0, 0.0, 0.0, 0.0, 0.0, 0.0, 0.0, 0.0, 1.0, 0.0, 0.0, 0.0, 0.0, 0.0, 0.0, 0.0, 0.0, 0.0, 0.0, 0.0, 0.0, 0.0, 0.0, 0.0, 0.0, 0.0, 1.0, 0.0, 0.0, 1.0, 0.0, 0.0, 0.0, 0.0, 0.125, 0.0, 0.0, 0.125, 0.0, 0.0, 0.0, 0.0, 0.0, 0.0, 1.0, 0.0, 0.0, 0.0, 0.0, 0.0, 0.0, 0.0, 0.0, 1.0, 0.0, 0.0, 0.0, 0.6667, 0.0, 0.0, 0.0, 1.0, 0.0, 0.0, 0.0, 0.0, 1.0, 0.0, 0.0, 0.1667, 0.0, 0.0, 0.0, 0.0, 0.0, 0.0, 0.0, 1.0, 0.0, 0.0, 0.0, 0.0, 0.0, 0.0, 0.0, 0.0, 0.0, 0.0, 0.0, 0.0, 0.0, 0.0, 0.0, 0.0, 0.0, 0.0, 0.0, 0.0, 0.0, 0.0, 0.0, 0.0, 0.0, 0.0, 0.0, 0.0, 0.0, 0.0, 0.0, 0.0, 0.0, 0.0, 0.0, 0.0, 0.0, 0.0, 0.0, 0.0, 0.0, 0.0, 0.0, 0.0, 0.0, 0.0, 0.0, 0.0, 0.0, 0.2857, 0.0, 0.0, 0.0, 0.0, 0.0, 1.0, 0.0, 0.0, 0.0, 0.0, 0.0, 0.0, 0.0, 0.0, 0.0, 1.0, 0.0, 0.0, 0.0, 0.0, 0.0, 0.0, 0.0, 0.0, 0.0, 0.0, 0.0, 0.0, 0.0, 1.0, 0.0, 0.0, 0.0, 0.0, 0.0, 0.0, 0.0, 0.1667, 0.0, 0.0, 0.0, 0.0, 0.0, 0.0, 0.0, 0.0, 1.0, 0.0, 0.0, 0.1818, 0.0, 0.0, 0.0, 0.0, 0.1667, 0.0, 0.0, 0.0, 0.0, 0.0, 0.0, 0.0, 0.1111, 0.0, 0.0, 0.0, 0.0, 0.0, 0.0, 0.0, 0.0, 0.0, 0.0, 0.0, 0.0, 0.0, 0.0, 0.0, 0.0, 0.0, 0.0, 0.0, 0.0, 1.0, 0.0, 0.0, 0.0, 0.0, 0.0, 0.0, 0.0, 0.0, 0.0, 0.0, 0.0, 0.0, 0.0, 0.0, 0.0]"
cluster,0.4,8,cluster,0.056,0.056,0.056,-0.0,3,True,112,0,286,1602,0,"[0.05, 0.055, 0.056, 0.056, 0.056, 0.056, 0.056, 0.056, 0.056, 0.056, 0.056, 0.056, 0.056, 0.056, 0.056, 0.056, 0.056, 0.056, 0.056, 0.056, 0.056, 0.056, 0.056, 0.056, 0.056, 0.056, 0.056, 0.056, 0.056, 0.056, 0.056, 0.056, 0.056, 0.056, 0.056, 0.056, 0.056, 0.056, 0.056, 0.056, 0.056, 0.056, 0.056, 0.056, 0.056, 0.056, 0.056, 0.056, 0.056, 0.056, 0.056, 0.056, 0.056, 0.056, 0.056, 0.056, 0.056, 0.056, 0.056, 0.056, 0.056, 0.056, 0.056, 0.056, 0.056, 0.056, 0.056, 0.056, 0.056, 0.056, 0.056, 0.056, 0.056, 0.056, 0.056, 0.056, 0.056, 0.056, 0.056, 0.056, 0.056, 0.056, 0.056, 0.056, 0.056, 0.056, 0.056, 0.056, 0.056, 0.056, 0.056, 0.056, 0.056, 0.056, 0.056, 0.056, 0.056, 0.056, 0.056, 0.056, 0.056]","{""0"": 0.0695, ""1"": 0.0736, ""2"": 0.0494, ""3"": 0.0486, ""4"": 0.038, ""5"": 0.0, ""6"": 0.0395, ""7"": 0.1265}","[0.0, 0.3333, 0.0, 0.0, 0.0, 0.0, 0.0, 0.0, 0.0, 0.1111, 1.0, 0.0, 0.0, 0.0, 0.0, 0.0, 0.0, 1.0, 0.0, 0.0, 0.0, 1.0, 0.0, 0.0, 0.0, 0.0, 0.0, 0.0, 0.0, 0.0, 0.0, 0.0, 0.0, 0.0, 0.0, 0.0, 0.0, 0.0, 0.0, 0.0, 0.0, 0.0, 0.0, 0.0, 0.0, 0.0, 0.0, 1.0, 0.0, 0.0, 0.0, 0.0, 0.0, 0.0, 0.0, 0.0, 0.0, 1.0, 0.0, 0.0, 0.0, 0.0, 0.0, 0.0, 0.0, 0.0, 1.0, 0.0, 0.0, 0.0, 0.0, 0.0, 0.0, 0.0, 0.0, 0.0, 0.0, 0.0, 0.0, 0.0, 1.0, 0.0, 0.1667, 0.0, 0.0, 0.0, 0.0, 0.0, 0.0, 0.0, 0.0, 0.1, 0.0, 0.0, 0.0, 0.0, 0.0, 0.0, 0.0, 1.0, 0.0, 0.0, 0.0, 0.0, 0.0, 0.0, 0.0, 0.0, 0.0, 0.0, 0.0, 0.0, 0.0, 0.0, 0.0, 0.0, 0.0, 0.0, 0.0, 0.0, 0.0, 0.0, 0.0, 0.0, 0.0, 0.0, 0.0, 0.0, 0.0, 0.0, 0.0, 0.0, 0.0, 0.0, 0.0, 0.0, 0.0, 0.0, 0.0, 0.0, 0.2, 0.0, 0.0, 0.0, 1.0, 0.0, 0.0, 0.0, 0.0, 0.0, 0.0, 0.0, 0.1111, 0.0, 0.0, 0.0, 0.1667, 0.0, 0.0, 0.0, 0.0, 0.0, 0.0, 0.0, 1.0, 0.0, 0.0, 0.0, 0.375, 0.0, 0.0, 0.0, 0.1111, 0.0, 0.0, 0.0, 0.0909, 0.0, 0.0, 0.0, 0.0, 0.0, 0.0, 0.0, 0.125, 0.0, 0.0, 0.0, 0.0, 0.0, 0.0, 0.0, 1.0, 0.0, 0.0, 0.0, 0.0, 0.0, 0.0, 0.0, 0.0, 0.0, 0.0, 0.0, 0.0, 0.0, 0.0, 0.0, 0.0, 0.1111, 0.0, 0.0, 0.0, 0.0, 0.0, 0.0, 0.0, 0.0, 0.0, 0.0, 0.0, 0.0, 0.0, 0.0, 0.0, 0.0, 0.0, 0.0, 0.0, 1.0, 0.0, 0.0, 0.0, 0.0, 0.0, 0.0, 0.0, 0.0, 0.0, 0.0, 0.0, 0.0, 0.0, 0.0, 0.0, 0.0, 0.0, 0.0, 0.0, 0.0]"
cluster,0.4,9,cluster,0.0535,0.0535,0.0535,-0.0,3,True,107,0,261,1632,0,"[0.05, 0.053, 0.0535, 0.0535, 0.0535, 0.0535, 0.0535, 0.0535, 0.0535, 0.0535, 0.0535, 0.0535, 0.0535, 0.0535, 0.0535, 0.0535, 0.0535, 0.0535, 0.0535, 0.0535, 0.0535, 0.0535, 0.0535, 0.0535, 0.0535, 0.0535, 0.0535, 0.0535, 0.0535, 0.0535, 0.0535, 0.0535, 0.0535, 0.0535, 0.0535, 0.0535, 0.0535, 0.0535, 0.0535, 0.0535, 0.0535, 0.0535, 0.0535, 0.0535, 0.0535, 0.0535, 0.0535, 0.0535, 0.0535, 0.0535, 0.0535, 0.0535, 0.0535, 0.0535, 0.0535, 0.0535, 0.0535, 0.0535, 0.0535, 0.0535, 0.0535, 0.0535, 0.0535, 0.0535, 0.0535, 0.0535, 0.0535, 0.0535, 0.0535, 0.0535, 0.0535, 0.0535, 0.0535, 0.0535, 0.0535, 0.0535, 0.0535, 0.0535, 0.0535, 0.0535, 0.0535, 0.0535, 0.0535, 0.0535, 0.0535, 0.0535, 0.0535, 0.0535, 0.0535, 0.0535, 0.0535, 0.0535, 0.0535, 0.0535, 0.0535, 0.0535, 0.0535, 0.0535, 0.0535, 0.0535, 0.0535]","{""0"": 0.1328, ""1"": 0.0758, ""2"": 0.0378, ""3"": 0.0356, ""4"": 0.076, ""5"": 0.0, ""6"": 0.07, ""7"": 0.0}","[0.0, 1.0, 0.0, 0.0, 0.0, 0.0, 0.0, 0.0, 0.0, 0.0, 0.0, 0.0, 0.0, 0.0, 0.0, 1.0, 0.0, 0.0, 0.0, 0.0, 0.0, 0.0, 0.0, 0.0, 0.0, 0.0, 0.2, 0.0, 0.0, 0.0, 0.0, 0.0, 0.0, 0.0, 0.2308, 0.0, 0.0, 0.0, 0.0, 0.0, 0.0, 0.0, 1.0, 0.0, 0.0, 0.1111, 0.0, 0.0, 0.0, 1.0, 0.0, 0.0, 0.0, 1.0, 0.0, 1.0, 0.0, 0.0, 0.0, 0.0, 0.0, 0.125, 0.0, 0.0, 0.0, 0.0, 0.0, 0.0, 1.0, 0.1667, 0.0, 0.0, 0.0, 0.0, 0.0, 0.0, 0.0, 0.0, 0.0, 0.0, 0.0, 0.0, 0.0, 0.0, 0.0, 0.0, 0.0, 0.0, 0.0, 0.0, 0.0, 0.0, 0.0, 0.0, 0.0, 0.0, 0.0, 0.0, 1.0, 0.0, 0.0, 0.0, 0.0, 0.0, 0.0, 0.0, 0.1, 0.0, 0.0, 0.0, 0.0, 0.0, 0.0, 0.0, 0.0, 0.0, 0.0, 0.0, 0.0, 0.0, 0.0, 0.0, 0.0, 1.0, 0.0, 0.0, 0.0, 0.0, 0.0, 0.0, 0.0, 0.0, 0.0, 0.0, 0.0, 0.0, 0.0, 0.0, 0.0, 0.0, 0.0, 0.0, 0.0, 0.0909, 0.0, 0.0, 0.0, 0.0, 0.0, 0.0, 0.0, 0.0, 0.0, 0.0, 0.0, 0.0, 0.0, 0.0, 0.0, 0.0, 0.0, 0.0, 0.0, 0.0, 0.0, 0.0, 0.0, 0.0, 0.0, 1.0, 0.0, 0.0, 0.0, 0.0, 0.0, 0.0, 0.0, 0.0, 0.0, 0.0, 0.2, 0.0, 0.0, 0.0, 0.0, 0.0, 0.0, 0.0, 0.0, 0.0, 0.0, 0.0, 0.0, 0.0, 0.0, 0.0, 0.0, 0.0, 0.0, 0.0, 0.0, 0.0, 0.0, 0.0, 0.0, 0.0, 0.0, 0.0, 0.0, 0.0, 0.0, 0.0, 0.0, 0.0, 0.0, 0.0, 0.0, 0.0, 0.0, 0.0, 0.0, 1.0, 0.0, 0.0, 0.0, 0.0, 0.0, 0.0, 0.0, 0.0, 0.0, 0.0, 0.0, 0.0, 0.0, 0.0, 0.0, 0.0, 0.0, 0.0, 0.0, 0.0, 0.0, 0.0, 0.0, 0.0, 0.0, 0.0, 0.0, 0.0]"
cluster,0.4,10,cluster,0.0585,0.0585,0.0585,-0.0,3,True,117,0,261,1622,0,"[0.05, 0.057, 0.0585, 0.0585, 0.0585, 0.0585, 0.0585, 0.0585, 0.0585, 0.0585, 0.0585, 0.0585, 0.0585, 0.0585, 0.0585, 0.0585, 0.0585, 0.0585, 0.0585, 0.0585, 0.0585, 0.0585, 0.0585, 0.0585, 0.0585, 0.0585, 0.0585, 0.0585, 0.0585, 0.0585, 0.0585, 0.0585, 0.0585, 0.0585, 0.0585, 0.0585, 0.0585, 0.0585, 0.0585, 0.0585, 0.0585, 0.0585, 0.0585, 0.0585, 0.0585, 0.0585, 0.0585, 0.0585, 0.0585, 0.0585, 0.0585, 0.0585, 0.0585, 0.0585, 0.0585, 0.0585, 0.0585, 0.0585, 0.0585, 0.0585, 0.0585, 0.0585, 0.0585, 0.0585, 0.0585, 0.0585, 0.0585, 0.0585, 0.0585, 0.0585, 0.0585, 0.0585, 0.0585, 0.0585, 0.0585, 0.0585, 0.0585, 0.0585, 0.0585, 0.0585, 0.0585, 0.0585, 0.0585, 0.0585, 0.0585, 0.0585, 0.0585, 0.0585, 0.0585, 0.0585, 0.0585, 0.0585, 0.0585, 0.0585, 0.0585, 0.0585, 0.0585, 0.0585, 0.0585, 0.0585, 0.0585]","{""0"": 0.0282, ""1"": 0.1861, ""2"": 0.0, ""3"": 0.0285, ""4"": 0.0816, ""5"": 0.0463, ""6"": 0.0311, ""7"": 0.0772}","[0.0, 0.0, 0.0, 0.0, 0.0, 0.0, 0.0, 0.0, 0.25, 0.0, 0.0, 0.0, 0.0, 0.0, 0.0, 0.0, 0.0, 0.0, 0.0, 0.0, 0.0, 1.0, 0.0, 0.0, 0.0, 0.0, 0.0, 0.0, 0.0, 0.0, 0.0, 0.0, 0.0, 0.0, 0.0, 0.0, 0.0, 0.0, 0.0, 0.0, 0.0, 0.0, 0.0, 0.0, 0.0, 0.0, 0.0, 0.0, 0.0, 0.0, 0.0, 0.0, 1.0, 0.0, 0.0, 0.0, 0.0, 0.125, 0.0, 0.0, 0.0, 0.0, 0.0, 0.0, 0.0, 0.0, 0.0, 0.0, 0.0, 0.0, 0.0, 0.0, 0.0, 0.0, 0.0, 0.0, 0.0, 0.0, 0.0, 0.0, 0.0, 0.0, 1.0, 0.0, 0.0, 1.0, 0.0, 0.0, 0.0, 0.0, 0.125, 0.0, 0.0, 0.375, 0.0, 0.0769, 0.0, 0.125, 0.0, 0.0, 0.0, 0.0, 0.0, 0.0, 0.0, 0.0, 0.0, 0.0, 0.0, 0.0, 0.0, 0.0, 0.0, 0.0, 0.0, 0.0, 0.0, 0.0, 0.0, 0.0, 0.0, 0.2, 1.0, 0.0, 0.0, 0.0, 0.0833, 0.0, 0.0, 0.2857, 1.0, 0.0, 0.0, 0.0, 0.0, 0.0, 0.0, 0.0, 0.2, 0.0, 0.0, 0.0, 0.0, 0.0, 0.0, 0.0, 0.0, 0.0, 0.0, 0.0, 0.0, 0.0, 0.0, 0.25, 0.0, 0.0, 0.0, 0.0, 1.0, 0.0, 0.0, 0.0, 0.0, 0.0, 0.0, 0.0, 0.1429, 0.1429, 0.0, 0.0, 0.0, 0.0, 0.0, 0.0, 0.0, 1.0, 0.1, 0.0, 0.0, 0.0, 0.0, 0.0, 0.0, 0.0, 1.0, 0.0, 0.0, 0.0, 0.0, 0.0, 0.0, 0.0, 0.0, 0.0, 1.0, 0.0, 0.0, 0.0, 0.0, 0.0, 0.0, 0.0, 0.0, 0.0, 0.0, 0.0, 0.0, 0.0, 1.0, 0.0, 0.0, 0.0, 0.0, 0.0, 0.0, 0.0, 0.0, 0.0, 0.0, 0.0, 0.0, 0.0, 0.0, 0.0, 0.0, 0.0, 0.0, 0.0, 0.0, 0.0, 0.0, 0.0, 0.0, 0.0, 1.0, 0.0, 0.0, 0.0, 0.0, 0.0, 0.0, 0.0, 0.0, 0.0, 0.0, 0.0, 0.0, 0.0, 0.0, 0.0]"
cluster,0.4,11,cluster,0.058,0.058,0.058,-0.0,3,True,116,0,244,1640,0,"[0.05, 0.057, 0.058, 0.058, 0.058, 0.058, 0.058, 0.058, 0.058, 0.058, 0.058, 0.058, 0.058, 0.058, 0.058, 0.058, 0.058, 0.058, 0.058, 0.058, 0.058, 0.058, 0.058, 0.058, 0.058, 0.058, 0.058, 0.058, 0.058, 0.058, 0.058, 0.058, 0.058, 0.058, 0.058, 0.058, 0.058, 0.058, 0.058, 0.058, 0.058, 0.058, 0.058, 0.058, 0.058, 0.058, 0.058, 0.058, 0.058, 0.058, 0.058, 0.058, 0.058, 0.058, 0.058, 0.058, 0.058, 0.058, 0.058, 0.058, 0.058, 0.058, 0.058, 0.058, 0.058, 0.058, 0.058, 0.058, 0.058, 0.058, 0.058, 0.058, 0.058, 0.058, 0.058, 0.058, 0.058, 0.058, 0.058, 0.058, 0.058, 0.058, 0.058, 0.058, 0.058, 0.058, 0.058, 0.058, 0.058, 0.058, 0.058, 0.058, 0.058, 0.058, 0.058, 0.058, 0.058, 0.058, 0.058, 0.058, 0.058]","{""0"": 0.1031, ""1"": 0.0591, ""2"": 0.0234, ""3"": 0.0308, ""4"": 0.0691, ""5"": 0.044, ""6"": 0.0837, ""7"": 0.05}","[0.1111, 0.0, 0.0, 0.0, 0.0, 0.0, 0.0, 1.0, 0.0, 0.0909, 0.0, 0.0, 0.0, 0.0, 0.0, 0.0, 0.0, 0.8889, 0.0, 0.0, 0.0, 0.0, 0.0, 0.0, 0.0, 0.0, 0.1111, 0.0, 0.0, 0.0, 0.0, 0.0, 0.0, 0.0, 0.0, 0.0, 0.0, 0.0, 0.0, 0.0, 0.0, 0.0, 1.0, 0.0, 0.0, 0.0, 0.0, 0.0, 0.0, 0.0, 0.0, 0.0, 0.0, 0.0, 0.0, 0.0, 0.0, 0.0, 0.0, 0.0, 0.0, 0.0, 0.0, 0.0, 0.0, 0.0, 0.0, 0.0, 0.0, 0.0, 0.0, 0.0, 0.0, 0.0, 0.0, 0.0, 0.0, 0.0, 1.0, 0.0, 0.0, 0.2, 0.0, 0.0, 0.0, 0.0, 0.0, 0.0, 0.0, 0.0, 0.0, 0.0, 0.0, 0.0, 0.125, 0.0, 0.0, 0.125, 0.0, 0.0, 0.0, 0.0, 0.0, 0.0, 0.0, 1.0, 0.0, 0.0, 0.0, 0.0, 0.0, 0.0, 0.0, 1.0, 0.0, 0.0, 0.0, 0.0, 0.0, 0.0, 0.0, 0.1429, 0.0, 0.0, 0.0, 0.0, 0.0, 0.0, 0.0, 0.0, 1.0, 0.0, 0.0, 0.0, 0.0, 0.0, 0.0, 0.0, 0.0, 0.0, 0.0, 0.0, 0.0, 0.0, 0.0, 0.0, 0.0, 0.0, 0.0, 0.0, 0.0, 0.0, 0.0, 0.0, 0.0, 0.0, 0.0, 0.0, 0.0, 0.0, 0.0, 0.0, 0.0, 0.0, 0.0, 0.0, 0.0, 0.0, 1.0, 0.0, 0.0, 0.0, 0.0, 0.0, 0.0, 0.0, 0.2857, 0.0, 0.0, 1.0, 0.0, 0.0, 0.0, 0.0, 0.0, 0.0, 0.0, 0.0, 0.0, 0.0, 0.0, 0.0, 0.0, 0.0, 0.0, 0.0, 0.0, 0.0909, 0.0, 0.0, 0.1429, 0.0, 0.0, 0.0, 0.0, 1.0, 0.0, 0.0, 0.0, 0.0, 0.0, 0.0, 0.0, 0.0, 0.0, 0.2, 0.0, 0.0, 0.0, 0.0, 0.0, 0.0, 0.0, 1.0, 0.0, 0.0, 0.0, 0.0, 0.0, 0.0, 0.0, 0.1667, 0.0, 0.125, 0.0, 0.0, 1.0, 0.0, 0.0, 0.0, 0.0, 0.0, 0.0, 0.0, 0.0, 1.0, 0.0, 0.0, 0.0, 0.0]"
cluster,0.6,0,cluster,0.0675,0.0675,0.0675,0.0,9,True,135,0,286,1579,0,"[0.05, 0.0575, 0.0595, 0.061, 0.062, 0.064, 0.0655, 0.0665, 0.0675, 0.0675, 0.0675, 0.0675, 0.0675, 0.0675, 0.0675, 0.0675, 0.0675, 0.0675, 0.0675, 0.0675, 0.0675, 0.0675, 0.0675, 0.0675, 0.0675, 0.0675, 0.0675, 0.0675, 0.0675, 0.0675, 0.0675, 0.0675, 0.0675, 0.0675, 0.0675, 0.0675, 0.0675, 0.0675, 0.0675, 0.0675, 0.0675, 0.0675, 0.0675, 0.0675, 0.0675, 0.0675, 0.0675, 0.0675, 0.0675, 0.0675, 0.0675, 0.0675, 0.0675, 0.0675, 0.0675, 0.0675, 0.0675, 0.0675, 0.0675, 0.0675, 0.0675, 0.0675, 0.0675, 0.0675, 0.0675, 0.0675, 0.0675, 0.0675, 0.0675, 0.0675, 0.0675, 0.0675, 0.0675, 0.0675, 0.0675, 0.0675, 0.0675, 0.0675, 0.0675, 0.0675, 0.0675, 0.0675, 0.0675, 0.0675, 0.0675, 0.0675, 0.0675, 0.0675, 0.0675, 0.0675, 0.0675, 0.0675, 0.0675, 0.0675, 0.0675, 0.0675, 0.0675, 0.0675, 0.0675, 0.0675, 0.0675]","{""0"": 0.0235, ""1"": 0.03, ""2"": 0.0537, ""3"": 0.0717, ""4"": 0.1055, ""5"": 0.0042, ""6"": 0.2073, ""7"": 0.0432}","[0.0, 0.0, 0.0, 0.0, 0.0, 1.0, 0.0, 0.0, 0.0, 0.0, 0.0, 0.0, 0.0, 0.4286, 0.0, 0.0, 0.0, 0.0, 0.0, 0.0, 0.0, 1.0, 0.0, 0.0, 0.0, 0.0, 0.0, 0.0, 0.0, 0.8333, 0.0, 0.0, 0.0, 0.0, 0.0, 0.0, 0.0, 0.0, 0.0, 0.0, 0.0, 0.0, 0.0, 0.0, 0.0, 0.0, 0.0, 0.0, 0.0, 0.0, 0.0, 0.0, 0.0, 0.0, 0.0, 0.0, 0.0, 0.0, 0.0, 0.0, 0.0, 0.0, 0.1, 0.0, 0.0, 0.0, 0.0, 0.0, 0.0, 0.0, 0.0, 1.0, 0.0, 0.0, 0.0, 0.0, 0.0, 0.0, 0.0, 0.0, 0.0, 0.0, 0.0, 0.0, 1.0, 0.0, 0.0, 0.0, 0.0, 0.0, 0.0, 0.0, 0.0, 0.0, 0.0, 0.0, 0.0, 0.0, 0.0, 0.0, 0.0, 0.0, 0.0, 0.0, 0.0, 0.0, 0.0, 0.0, 0.0, 0.0, 0.0, 0.0, 0.0, 0.0, 0.0, 0.0, 0.0, 0.0, 0.0, 0.1429, 0.0, 0.0, 0.0, 0.0, 0.0, 0.0, 0.0, 1.0, 0.0, 0.0, 0.0, 0.0, 0.0, 0.0, 0.0, 0.75, 0.0, 0.0, 0.0, 0.0, 0.0, 0.0, 0.0, 0.9091, 0.0, 0.0, 0.0, 0.0, 0.0, 0.0, 0.0, 1.0, 0.0, 0.0, 0.0, 0.0, 0.0, 0.0, 0.0, 0.0, 0.0, 0.0, 0.0, 0.0, 1.0, 0.0, 0.0, 0.0, 0.0, 0.0, 0.2, 0.0, 0.0, 0.0, 0.0, 0.0, 0.0, 0.0, 0.0, 0.0, 0.0, 0.0, 0.0, 0.0, 0.0, 0.0, 0.0, 0.0, 0.0, 0.0, 0.0, 0.0, 0.0, 0.0, 0.0, 0.0, 0.0833, 0.0, 0.0, 0.6667, 0.1, 1.0, 0.1429, 1.0, 0.0, 0.0, 0.0, 1.0, 1.0, 0.0, 1.0, 0.25, 0.0, 0.0, 0.0, 0.0, 0.0, 0.0, 0.0, 0.0, 0.0, 0.0, 0.0, 0.0, 0.0, 0.0, 0.0, 0.0, 0.0, 0.0, 0.0, 0.0, 0.0, 0.0, 0.0, 0.0, 0.0, 0.0, 0.0, 0.0, 0.0, 0.0, 0.0, 0.0, 0.0, 0.0, 0.0, 0.0, 0.0, 0.0]"
cluster,0.6,1,cluster,0.0605,0.0605,0.0605,0.0,3,True,121,0,279,1600,0,"[0.05, 0.057, 0.0605, 0.0605, 0.0605, 0.0605, 0.0605, 0.0605, 0.0605, 0.0605, 0.0605, 0.0605, 0.0605, 0.0605, 0.0605, 0.0605, 0.0605, 0.0605, 0.0605, 0.0605, 0.0605, 0.0605, 0.0605, 0.0605, 0.0605, 0.0605, 0.0605, 0.0605, 0.0605, 0.0605, 0.0605, 0.0605, 0.0605, 0.0605, 0.0605, 0.0605, 0.0605, 0.0605, 0.0605, 0.0605, 0.0605, 0.0605, 0.0605, 0.0605, 0.0605, 0.0605, 0.0605, 0.0605, 0.0605, 0.0605, 0.0605, 0.0605, 0.0605, 0.0605, 0.0605, 0.0605, 0.0605, 0.0605, 0.0605, 0.0605, 0.0605, 0.0605, 0.0605, 0.0605, 0.0605, 0.0605, 0.0605, 0.0605, 0.0605, 0.0605, 0.0605, 0.0605, 0.0605, 0.0605, 0.0605, 0.0605, 0.0605, 0.0605, 0.0605, 0.0605, 0.0605, 0.0605, 0.0605, 0.0605, 0.0605, 0.0605, 0.0605, 0.0605, 0.0605, 0.0605, 0.0605, 0.0605, 0.0605, 0.0605, 0.0605, 0.0605, 0.0605, 0.0605, 0.0605, 0.0605, 0.0605]","{""0"": 0.0519, ""1"": 0.1379, ""2"": 0.0248, ""3"": 0.0484, ""4"": 0.0, ""5"": 0.0084, ""6"": 0.1417, ""7"": 0.0638}","[0.0, 0.0, 0.0, 0.0, 0.0, 0.0, 0.0, 0.0, 0.0, 0.0, 0.0, 0.0, 0.0, 0.0, 0.0, 0.0, 0.0, 0.25, 0.0, 0.0, 0.0, 0.0, 0.0, 0.0, 0.0, 1.0, 0.125, 0.0, 0.0, 0.0, 0.0, 0.0, 0.0, 0.0, 0.0, 0.0, 0.0, 0.0, 0.0, 0.0, 0.0, 0.0, 0.0, 0.0, 0.0, 0.0, 0.0, 0.0, 0.0, 0.0, 0.0, 0.0, 0.0, 0.0, 0.0, 0.0, 0.3333, 0.0, 0.0, 0.0, 0.0, 0.0, 0.0, 0.0, 1.0, 0.0, 1.0, 0.0, 0.0, 0.0, 0.0, 0.0, 0.0, 0.0, 0.5714, 0.0, 0.0, 0.0, 0.0, 0.0, 0.0, 0.0, 0.0, 0.0, 0.0, 0.0, 0.0, 0.0, 0.0, 0.0, 0.0, 0.0, 0.0, 0.0, 0.0, 0.0, 0.0, 0.0, 0.0, 0.0, 0.0, 0.0, 0.0, 0.0, 0.0, 0.0, 0.0, 0.0, 0.0, 0.0, 0.0, 0.0, 0.0, 0.0, 0.0, 0.0, 0.0, 0.0, 0.0, 0.0, 0.0, 0.0, 0.0, 0.0, 0.0, 0.0, 0.0, 0.0, 0.0, 0.0, 0.0, 0.0, 0.0, 0.0, 0.0, 0.0, 0.0, 0.0, 0.0, 0.0, 0.0, 0.0, 0.0, 0.0, 0.0, 0.0, 0.0, 0.0, 0.25, 0.0, 0.0, 0.0, 1.0, 0.0, 1.0, 0.0, 1.0, 0.0, 0.0, 0.2, 0.0, 0.0, 0.0, 0.0, 0.1667, 0.0, 0.0, 1.0, 0.0, 0.0, 0.0, 0.0, 0.0, 0.0, 0.0, 0.1667, 0.0, 0.0, 0.0, 0.0, 0.0, 0.0, 0.1429, 0.0, 0.0, 0.0, 0.0, 0.0, 0.0, 0.0, 0.2, 0.0, 0.0, 0.0, 0.0, 0.6667, 0.0, 0.0, 0.0, 0.0, 0.0, 1.0, 1.0, 0.0, 0.125, 0.0, 0.0, 0.0, 0.0, 0.0, 0.2222, 0.0, 0.0, 0.0, 0.0, 1.0, 0.0, 0.0, 0.0, 0.0, 0.0, 0.0, 0.0, 1.0, 0.0, 0.0, 0.0, 0.0, 0.0, 0.0, 0.0, 0.1818, 0.0, 0.0, 0.0, 0.0, 0.0, 0.0, 0.0, 0.0, 0.0, 0.0, 0.0, 0.0, 0.0, 0.0, 0.0, 0.0, 0.0, 0.0]"
cluster,0.6,2,cluster,0.06,0.06,0.06,-0.0,4,True,120,0,287,1593,0,"[0.05, 0.0565, 0.0595, 0.06, 0.06, 0.06, 0.06, 0.06, 0.06, 0.06, 0.06, 0.06, 0.06, 0.06, 0.06, 0.06, 0.06, 0.06, 0.06, 0.06, 0.06, 0.06, 0.06, 0.06, 0.06, 0.06, 0.06, 0.06, 0.06, 0.06, 0.06, 0.06, 0.06, 0.06, 0.06, 0.06, 0.06, 0.06, 0.06, 0.06, 0.06, 0.06, 0.06, 0.06, 0.06, 0.06, 0.06, 0.06, 0.06, 0.06, 0.06, 0.06, 0.06, 0.06, 0.06, 0.06, 0.06, 0.06, 0.06, 0.06, 0.06, 0.06, 0.06, 0.06, 0.06, 0.06, 0.06, 0.06, 0.06, 0.06, 0.06, 0.06, 0.06, 0.06, 0.06, 0.06, 0.06, 0.06, 0.06, 0.06, 0.06, 0.06, 0.06, 0.06, 0.06, 0.06, 0.06, 0.06, 0.06, 0.06, 0.06, 0.06, 0.06, 0.06, 0.06, 0.06, 0.06, 0.06, 0.06, 0.06, 0.06]","{""0"": 0.0482, ""1"": 0.0581, ""2"": 0.0466, ""3"": 0.0888, ""4"": 0.0615, ""5"": 0.1, ""6"": 0.0448, ""7"": 0.0317}","[0.0, 0.0, 0.0, 0.0, 1.0, 0.0, 0.0, 0.0, 0.0, 0.0, 0.0, 0.0, 0.3, 1.0, 0.0, 0.0, 0.0, 0.0, 0.0, 0.0, 0.0, 0.0, 0.0, 0.0, 0.0, 0.0, 0.0, 0.0, 0.0, 0.0, 0.0, 0.0, 0.0, 0.0, 0.0, 0.0, 0.0, 0.0, 0.0, 0.0, 0.0, 0.0, 0.0, 0.0, 0.0, 0.0, 0.0, 0.0, 0.0, 0.2222, 0.1111, 0.0, 0.0, 0.0, 0.0, 0.0, 0.0, 0.0, 0.1667, 0.0, 0.0, 0.0, 0.0, 0.0, 0.0, 1.0, 0.0, 0.0, 0.0, 0.0, 1.0, 0.0, 0.0, 0.125, 1.0, 0.0, 0.0, 0.0, 0.0, 0.0, 0.0, 0.0, 0.0, 0.0, 0.0, 0.0, 0.0, 0.0, 0.0, 0.0, 0.0, 0.0, 0.0, 1.0, 0.0, 0.0, 0.0, 0.0, 0.0, 0.0, 0.0, 0.0, 0.0, 0.0, 1.0, 0.0, 0.0, 0.0, 0.0, 0.0, 0.0, 0.0, 0.0, 0.0, 0.0, 0.0, 0.0, 0.0, 0.0, 0.0, 0.0, 0.0, 0.0, 0.0, 0.0, 0.0, 0.0, 0.0, 0.0, 0.0, 0.0, 0.0, 0.0, 0.0, 0.0, 0.0, 0.0, 0.0, 0.0, 0.0, 0.0, 0.0, 0.0, 0.0, 0.0, 0.0, 0.0, 0.0, 0.0, 0.0, 0.0, 0.0, 0.0, 0.0, 0.0, 0.0, 0.0, 0.0, 1.0, 0.0, 0.0, 0.0, 0.0, 0.0, 0.0, 0.0, 0.0, 0.1818, 0.0, 0.0, 0.0, 0.0, 0.0, 0.0, 0.0, 1.0, 0.0, 0.0, 0.0, 0.0, 0.0, 0.0, 0.0, 0.0, 0.0, 0.0, 0.25, 0.0, 0.0, 0.0, 1.0, 0.0, 0.0, 0.0, 0.0, 0.0, 0.0, 0.0, 0.0, 0.0, 0.0, 0.0, 0.0, 0.0, 0.0, 0.0, 0.0, 0.0, 0.0, 0.0, 0.0, 1.0, 0.0, 0.0, 0.0, 0.0, 0.0, 0.0, 0.0, 0.6667, 0.9091, 0.0, 0.0, 0.0, 0.0, 0.0, 0.0, 0.0, 0.2222, 0.0, 0.0, 0.0, 0.0, 0.0, 0.0, 0.0, 0.0, 0.0, 0.0, 0.0, 0.0, 0.0, 0.0, 0.0, 0.0, 0.0, 0.0, 1.0, 0.0, 0.0]"
cluster,0.6,3,cluster,0.062,0.062,0.062,-0.0,5,True,124,0,294,1582,0,"[0.05, 0.0575, 0.061, 0.0615, 0.062, 0.062, 0.062, 0.062, 0.062, 0.062, 0.062, 0.062, 0.062, 0.062, 0.062, 0.062, 0.062, 0.062, 0.062, 0.062, 0.062, 0.062, 0.062, 0.062, 0.062, 0.062, 0.062, 0.062, 0.062, 0.062, 0.062, 0.062, 0.062, 0.062, 0.062, 0.062, 0.062, 0.062, 0.062, 0.062, 0.062, 0.062, 0.062, 0.062, 0.062, 0.062, 0.062, 0.062, 0.062, 0.062, 0.062, 0.062, 0.062, 0.062, 0.062, 0.062, 0.062, 0.062, 0.062, 0.062, 0.062, 0.062, 0.062, 0.062, 0.062, 0.062, 0.062, 0.062, 0.062, 0.062, 0.062, 0.062, 0.062, 0.062, 0.062, 0.062, 0.062, 0.062, 0.062, 0.062, 0.062, 0.062, 0.062, 0.062, 0.062, 0.062, 0.062, 0.062, 0.062, 0.062, 0.062, 0.062, 0.062, 0.062, 0.062, 0.062, 0.062, 0.062, 0.062, 0.062, 0.062]","{""0"": 0.0579, ""1"": 0.0996, ""2"": 0.0, ""3"": 0.092, ""4"": 0.0725, ""5"": 0.0375, ""6"": 0.0973, ""7"": 0.035}","[0.0, 0.0, 0.0, 0.0, 0.0, 0.0, 0.0, 0.0, 0.0, 0.0, 0.0, 0.0, 0.0, 1.0, 0.0, 0.0, 0.0, 0.0, 0.0, 0.0, 0.0, 0.0, 0.0, 0.0, 0.0, 0.0, 1.0, 0.0, 0.0, 0.0, 0.0, 0.0, 0.0, 0.0, 1.0, 0.0, 0.0, 0.0, 0.0, 0.0, 0.0, 0.0, 1.0, 0.0, 0.0, 0.0, 0.0, 0.0, 0.0, 0.0, 0.0, 0.0, 0.0, 0.0, 0.0, 0.0, 0.0, 0.0, 0.0, 0.0, 0.0, 0.0, 0.0, 0.0, 0.0, 0.0, 0.0, 0.0, 0.0, 0.0, 0.0, 0.0, 0.0, 0.0, 0.0, 0.0, 0.0, 0.0, 0.0, 0.0, 0.0, 0.0, 0.0, 0.0, 0.4286, 0.0, 0.0, 0.0, 0.0, 0.0, 0.0, 0.0, 0.125, 0.0, 0.0, 0.0, 0.0, 0.0, 0.0, 0.0, 0.0, 0.0, 0.0769, 0.0, 0.0, 0.125, 0.0, 0.0, 0.0, 0.0, 1.0, 0.1818, 0.0, 1.0, 0.0, 0.0, 0.0, 0.0, 0.0, 0.0, 0.0, 0.0, 0.0, 0.0, 0.0, 0.0, 0.0, 0.0, 0.0, 0.0, 0.0, 0.0, 0.0, 0.0, 0.0, 0.0, 0.0, 0.0, 0.0, 0.0, 0.0, 0.0, 0.1111, 0.0, 0.0, 0.0, 0.0, 0.0, 0.1429, 0.0, 0.0, 0.0, 0.0, 0.0, 0.0, 0.0, 0.0, 0.0, 0.0, 0.0, 0.0, 0.0, 0.0, 0.0, 0.1, 0.0, 0.0, 0.0, 0.0, 0.0, 0.0, 0.0, 0.0, 0.0, 0.0, 0.0, 0.0, 0.0, 0.0, 0.0, 0.0, 0.0, 0.0, 0.0, 0.0, 0.0, 0.0, 0.0, 0.1429, 1.0, 0.0, 0.0, 0.0, 0.0, 0.0, 0.0, 1.0, 0.0, 0.0, 1.0, 0.0, 0.0, 0.0, 0.0, 0.6667, 0.0, 0.0, 0.2857, 0.0, 0.0, 0.0, 0.0, 0.1111, 0.0, 0.0, 0.2857, 0.0, 0.0, 0.0, 0.0, 0.0, 0.0, 0.0, 1.0, 0.0, 0.0, 0.0, 0.0, 0.0, 0.0, 0.0, 0.0909, 1.0, 1.0, 0.0, 0.0, 0.0, 0.0, 0.0, 0.0, 0.2857, 0.0, 0.0, 0.0, 0.0, 0.0, 0.0, 0.0, 0.0, 0.0]"
cluster,0.6,4,cluster,0.063,0.063,0.063,0.0,14,True,126,0,270,1604,0,"[0.05, 0.0555, 0.057, 0.0575, 0.058, 0.0585, 0.059, 0.0595, 0.06, 0.061, 0.0615, 0.062, 0.0625, 0.063, 0.063, 0.063, 0.063, 0.063, 0.063, 0.063, 0.063, 0.063, 0.063, 0.063, 0.063, 0.063, 0.063, 0.063, 0.063, 0.063, 0.063, 0.063, 0.063, 0.063, 0.063, 0.063, 0.063, 0.063, 0.063, 0.063, 0.063, 0.063, 0.063, 0.063, 0.063, 0.063, 0.063, 0.063, 0.063, 0.063, 0.063, 0.063, 0.063, 0.063, 0.063, 0.063, 0.063, 0.063, 0.063, 0.063, 0.063, 0.063, 0.063, 0.063, 0.063, 0.063, 0.063, 0.063, 0.063, 0.063, 0.063, 0.063, 0.063, 0.063, 0.063, 0.063, 0.063, 0.063, 0.063, 0.063, 0.063, 0.063, 0.063, 0.063, 0.063, 0.063, 0.063, 0.063, 0.063, 0.063, 0.063, 0.063, 0.063, 0.063, 0.063, 0.063, 0.063, 0.063, 0.063, 0.063, 0.063]","{""0"": 0.0453, ""1"": 0.1694, ""2"": 0.0423, ""3"": 0.0288, ""4"": 0.0849, ""5"": 0.0302, ""6"": 0.0304, ""7"": 0.068}","[0.0, 0.0, 0.0, 0.0, 0.0, 0.0, 0.0, 0.0, 0.0, 0.0, 0.0, 0.0, 0.0, 0.0, 0.0, 0.0, 0.0, 0.0, 0.0, 0.0, 0.0, 0.0, 0.0, 0.0, 0.0, 0.1818, 0.125, 0.1111, 0.0, 0.0, 0.0, 0.0, 0.0, 1.0, 1.0, 0.0, 0.0, 0.0, 0.0, 0.0, 0.0, 0.0, 0.0, 0.0, 0.0, 0.0, 0.0, 0.0, 0.0, 0.0, 0.0, 0.0, 0.0, 0.0, 0.0, 0.0, 0.0, 0.0, 0.0, 0.0, 0.0, 0.0, 0.1667, 0.0, 0.0, 0.0, 0.0, 0.0, 0.0, 1.0, 1.0, 0.0, 0.0, 0.0, 0.0, 0.0, 0.0, 0.0, 0.0, 0.0, 1.0, 0.0, 0.0, 0.0, 0.0, 0.0, 0.0, 0.0, 0.0, 0.0, 0.0, 0.0, 0.0, 0.0, 0.0, 0.0, 0.0, 0.0, 0.0, 0.0, 0.0, 0.0, 0.0, 0.0, 0.0, 0.0, 0.0, 0.0, 0.0, 0.0, 0.0, 0.0, 0.0, 0.0, 0.0909, 0.0, 0.0, 0.0, 0.0, 0.0, 0.1111, 0.0, 1.0, 0.0, 0.0, 1.0, 0.0, 0.0, 0.1, 0.0, 0.8, 0.0, 0.0, 0.0, 0.0, 0.0, 0.0, 0.0, 1.0, 0.0, 0.0, 0.0, 0.0, 0.0, 1.0, 0.0, 1.0, 0.0, 0.0, 0.0, 0.0, 0.0, 0.1667, 0.0, 0.25, 0.0, 0.0, 0.0, 0.0, 0.0, 0.0, 0.0, 0.0, 0.0, 0.0, 0.0, 0.0, 0.0, 0.0, 0.0, 0.0, 0.0, 0.0, 0.0, 0.0, 0.0, 0.0, 0.0, 0.0, 0.0, 0.0, 0.0, 0.0, 0.0, 0.0, 0.0, 0.0, 0.0, 0.1111, 0.0, 0.0, 0.0, 0.0, 0.0, 0.0, 0.0, 0.0, 0.0, 0.0, 0.0, 0.0, 0.0, 0.0, 0.0, 1.0, 0.375, 0.0, 1.0, 0.0, 0.0, 0.0, 1.0, 0.0, 0.0, 0.0, 0.0, 0.0, 0.0, 0.0, 0.0, 0.0, 0.0, 0.0, 0.0, 0.0, 0.0, 0.0, 0.0, 0.0, 0.0, 0.0, 0.0, 0.0, 0.0, 0.0, 0.0, 0.0, 0.0, 0.0, 0.0, 0.0, 0.0, 0.0, 0.0, 0.0, 0.0, 0.0, 0.0, 0.0, 0.0]"
cluster,0.6,5,cluster,0.059,0.059,0.059,0.0,6,True,118,0,277,1605,0,"[0.05, 0.056, 0.0575, 0.058, 0.0585, 0.059, 0.059, 0.059, 0.059, 0.059, 0.059, 0.059, 0.059, 0.059, 0.059, 0.059, 0.059, 0.059, 0.059, 0.059, 0.059, 0.059, 0.059, 0.059, 0.059, 0.059, 0.059, 0.059, 0.059, 0.059, 0.059, 0.059, 0.059, 0.059, 0.059, 0.059, 0.059, 0.059, 0.059, 0.059, 0.059, 0.059, 0.059, 0.059, 0.059, 0.059, 0.059, 0.059, 0.059, 0.059, 0.059, 0.059, 0.059, 0.059, 0.059, 0.059, 0.059, 0.059, 0.059, 0.059, 0.059, 0.059, 0.059, 0.059, 0.059, 0.059, 0.059, 0.059, 0.059, 0.059, 0.059, 0.059, 0.059, 0.059, 0.059, 0.059, 0.059, 0.059, 0.059, 0.059, 0.059, 0.059, 0.059, 0.059, 0.059, 0.059, 0.059, 0.059, 0.059, 0.059, 0.059, 0.059, 0.059, 0.059, 0.059, 0.059, 0.059, 0.059, 0.059, 0.059, 0.059]","{""0"": 0.0, ""1"": 0.083, ""2"": 0.057, ""3"": 0.1036, ""4"": 0.03, ""5"": 0.0692, ""6"": 0.1069, ""7"": 0.0243}","[0.0, 0.0, 0.0, 0.0, 0.0, 0.0, 0.0, 0.0, 0.0, 0.0, 0.0, 0.0, 0.0, 0.0, 0.0, 0.0, 0.0, 0.0, 0.1, 0.4444, 0.0, 0.0, 1.0, 1.0, 0.0, 0.0, 0.1429, 1.0, 0.0, 0.0, 0.0, 0.0, 0.0, 0.0, 1.0, 0.0, 0.0, 1.0, 0.0, 0.0, 0.0, 0.0, 1.0, 0.0, 0.0, 0.0, 0.0, 0.0, 0.0, 0.0, 0.1667, 0.0, 0.0, 0.0, 0.0, 0.0, 0.0, 0.0, 0.0, 0.0, 0.0, 0.0, 0.0, 0.0, 0.0, 0.0, 0.0, 0.0, 0.0, 0.0, 0.0, 0.0, 0.0, 0.0, 0.0, 0.0, 0.0, 0.0, 0.0, 0.0, 0.0, 0.0, 0.0, 0.0, 0.0, 0.0, 0.0, 0.0, 0.0, 0.0, 0.0, 0.0, 0.0, 0.0, 0.0, 1.0, 0.0, 0.0, 0.0, 0.0, 1.0, 0.0, 0.0, 0.0833, 0.0, 0.0, 0.1429, 0.0, 1.0, 0.0, 0.0, 0.0, 0.0, 0.0, 0.0, 0.0, 0.0, 0.0, 0.0, 0.0, 0.0, 0.0, 0.0, 0.0, 0.1111, 0.0, 0.0, 0.0, 1.0, 0.0, 0.0, 0.0, 0.0, 0.0, 0.0, 0.0, 0.0, 0.0, 0.0, 0.0, 0.0, 0.0, 0.0, 0.0, 0.0, 0.0, 0.0, 0.0, 0.0, 0.0, 0.25, 0.0, 0.0, 0.0, 0.0, 0.0, 0.0, 0.0, 0.7778, 0.0, 0.0, 0.0, 0.0, 0.0, 0.0, 0.0, 0.0, 0.0, 0.0, 0.0, 0.0, 0.0, 0.0, 0.0, 0.0, 1.0, 0.0, 0.0, 0.0, 0.0, 0.0, 0.0, 0.0, 0.0, 0.0, 0.0, 0.0, 0.0, 0.0, 0.0, 0.0, 0.0, 0.0, 0.0, 0.0, 0.0, 0.0, 0.0, 0.0, 0.0, 0.0, 0.0, 0.0, 0.0, 0.0, 0.0, 0.0, 0.0, 0.0, 0.0, 0.0, 0.0, 0.0, 0.0, 0.0, 0.0, 0.0, 0.0, 0.0, 0.0, 0.0, 0.0, 0.0, 0.0, 0.0, 0.0, 0.0, 0.0, 1.0, 0.0, 0.0, 0.0, 0.0, 0.0, 0.0, 0.0, 0.0, 0.0, 0.0, 0.0, 0.0, 0.0, 0.0, 0.0, 0.0, 0.0, 0.0, 0.0, 0.0, 0.0]"
cluster,0.6,6,cluster,0.064,0.064,0.064,-0.0,5,True,128,0,293,1579,0,"[0.05, 0.058, 0.061, 0.063, 0.064, 0.064, 0.064, 0.064, 0.064, 0.064, 0.064, 0.064, 0.064, 0.064, 0.064, 0.064, 0.064, 0.064, 0.064, 0.064, 0.064, 0.064, 0.064, 0.064, 0.064, 0.064, 0.064, 0.064, 0.064, 0.064, 0.064, 0.064, 0.064, 0.064, 0.064, 0.064, 0.064, 0.064, 0.064, 0.064, 0.064, 0.064, 0.064, 0.064, 0.064, 0.064, 0.064, 0.064, 0.064, 0.064, 0.064, 0.064, 0.064, 0.064, 0.064, 0.064, 0.064, 0.064, 0.064, 0.064, 0.064, 0.064, 0.064, 0.064, 0.064, 0.064, 0.064, 0.064, 0.064, 0.064, 0.064, 0.064, 0.064, 0.064, 0.064, 0.064, 0.064, 0.064, 0.064, 0.064, 0.064, 0.064, 0.064, 0.064, 0.064, 0.064, 0.064, 0.064, 0.064, 0.064, 0.064, 0.064, 0.064, 0.064, 0.064, 0.064, 0.064, 0.064, 0.064, 0.064, 0.064]","{""0"": 0.0697, ""1"": 0.0, ""2"": 0.1235, ""3"": 0.0851, ""4"": 0.0972, ""5"": 0.0496, ""6"": 0.0357, ""7"": 0.0657}","[0.0, 0.0, 0.0, 1.0, 0.0, 1.0, 1.0, 0.0, 0.0, 0.0, 0.0, 0.0, 0.0, 0.2, 0.0, 0.0, 0.0, 0.0, 0.0, 1.0, 0.0, 0.1667, 0.0, 0.0, 0.1429, 0.0, 0.0, 0.1667, 0.0, 0.0, 0.0, 0.0, 0.1429, 0.0, 0.0, 0.0, 0.1111, 0.0, 0.0, 0.0, 0.0, 0.0, 0.0, 0.0, 0.2857, 0.0, 1.0, 0.0, 0.0, 0.0, 0.0, 0.0, 1.0, 0.0, 0.0, 0.0, 0.0, 0.1, 0.0, 0.0, 0.0, 0.0, 0.0, 0.0, 0.0, 0.0, 0.0, 0.1429, 0.0, 0.0, 0.0, 0.0, 0.0, 0.0, 0.0, 0.0, 0.0, 0.0, 0.0, 0.0, 0.0, 0.0, 0.0, 0.0, 0.0, 0.0, 0.0, 0.0, 0.0909, 0.0, 0.0, 0.0, 0.0, 0.0, 0.0, 0.0, 1.0, 0.0, 0.0, 0.0, 0.0, 0.0, 0.0, 0.0, 1.0, 0.0, 0.0, 0.0, 0.0, 0.5, 0.0, 0.0, 0.0, 0.0, 0.0, 0.0, 0.0, 1.0, 0.0, 0.0, 0.0, 0.0, 0.0, 0.0, 0.0, 0.0, 0.0, 0.0, 0.0, 0.0, 0.0, 0.0, 0.0, 0.0, 0.0, 0.0, 0.0, 0.0, 0.0, 0.0, 0.0, 0.0, 0.0, 0.0, 0.0, 0.0, 0.0, 0.0, 0.0, 0.0, 0.0, 0.0, 0.0, 1.0, 0.0, 0.0, 0.0, 0.0, 0.0, 0.0, 0.0, 0.1111, 0.0, 1.0, 0.0, 0.0, 0.0, 0.0, 0.0, 0.0, 0.0, 0.0, 0.0, 0.0, 0.0, 0.0, 0.0, 0.0, 0.0, 0.125, 0.0, 0.0, 0.0, 0.0, 0.0, 0.0, 0.0, 0.0, 0.0, 0.0, 0.0, 0.0, 0.0, 1.0, 0.0, 0.0, 0.0, 0.0, 0.0, 0.0, 0.0, 0.0, 0.0, 0.0, 1.0, 0.0, 0.0, 0.125, 0.0, 0.0, 0.0, 0.0, 0.0, 0.0, 0.0, 1.0, 0.0, 0.0, 0.0, 0.0, 0.25, 0.0, 0.0, 0.0, 0.0, 0.0, 0.0, 0.0, 0.0, 0.0, 0.0, 0.0, 0.0, 0.0, 0.0, 0.0, 0.0, 0.0, 0.0, 0.0, 0.0, 0.0, 0.0, 0.0, 0.0, 0.4, 0.0, 0.0, 0.0, 0.0]"
cluster,0.6,7,cluster,0.063,0.063,0.063,0.0,4,True,126,0,285,1589,0,"[0.05, 0.057, 0.0615, 0.063, 0.063, 0.063, 0.063, 0.063, 0.063, 0.063, 0.063, 0.063, 0.063, 0.063, 0.063, 0.063, 0.063, 0.063, 0.063, 0.063, 0.063, 0.063, 0.063, 0.063, 0.063, 0.063, 0.063, 0.063, 0.063, 0.063, 0.063, 0.063, 0.063, 0.063, 0.063, 0.063, 0.063, 0.063, 0.063, 0.063, 0.063, 0.063, 0.063, 0.063, 0.063, 0.063, 0.063, 0.063, 0.063, 0.063, 0.063, 0.063, 0.063, 0.063, 0.063, 0.063, 0.063, 0.063, 0.063, 0.063, 0.063, 0.063, 0.063, 0.063, 0.063, 0.063, 0.063, 0.063, 0.063, 0.063, 0.063, 0.063, 0.063, 0.063, 0.063, 0.063, 0.063, 0.063, 0.063, 0.063, 0.063, 0.063, 0.063, 0.063, 0.063, 0.063, 0.063, 0.063, 0.063, 0.063, 0.063, 0.063, 0.063, 0.063, 0.063, 0.063, 0.063, 0.063, 0.063, 0.063, 0.063]","{""0"": 0.0, ""1"": 0.1216, ""2"": 0.0, ""3"": 0.1405, ""4"": 0.0543, ""5"": 0.1162, ""6"": 0.0418, ""7"": 0.038}","[0.0, 0.0, 0.0, 0.0, 0.0, 0.0, 0.2857, 0.0, 0.2, 0.0, 0.0, 0.0, 0.0, 0.0, 0.0, 0.0, 0.3333, 0.0, 1.0, 0.0, 0.0, 0.0, 0.0, 0.0, 0.0, 0.0, 0.0, 0.0, 0.0, 0.0, 1.0, 0.0, 0.0, 0.0, 0.0, 0.0, 0.0, 0.0, 0.0, 0.0, 0.0, 0.0, 0.0, 0.0, 0.0, 0.0, 0.0, 0.0, 0.0, 0.0, 1.0, 0.0, 1.0, 0.0, 0.0, 0.0, 0.0, 0.0, 0.125, 0.0, 0.5714, 0.0909, 0.0, 0.0, 0.0, 0.0, 0.0, 0.0, 0.0, 0.0, 0.0, 0.0, 0.0, 0.0, 0.0, 0.0, 0.0, 0.0, 0.0, 0.0, 0.0, 0.0, 0.0, 0.0, 0.0, 0.0, 0.0, 0.0, 0.0, 0.0, 0.0, 0.0, 0.0, 0.1, 0.1667, 0.0, 0.0, 0.0, 0.0, 0.0, 0.0, 1.0, 1.0, 0.0, 0.0, 0.0, 0.0, 0.0, 0.0, 0.6667, 0.0, 0.0, 0.0, 0.0, 0.0, 0.0, 0.0, 0.0, 0.0, 0.0, 0.0, 0.0, 0.0, 0.0, 0.0, 0.0, 0.0, 0.125, 0.0, 0.0, 0.0, 0.0, 0.0, 0.0, 0.0, 0.0, 0.0, 0.0, 0.0, 0.0, 0.0, 0.0, 0.0, 0.0, 0.0, 0.0, 0.0, 0.0, 0.0, 0.0, 0.0, 0.0, 0.0, 0.0, 0.0, 0.0, 0.0, 0.0, 0.0, 0.0, 0.0, 0.0, 0.0, 0.0, 0.0, 0.0, 0.0, 0.0, 0.0, 0.0, 0.0, 0.0, 0.1667, 0.0, 0.0, 0.0, 1.0, 0.0, 0.0, 0.0, 1.0, 0.0, 0.0, 0.0, 0.0, 0.0, 0.0, 0.0, 0.0, 0.0, 0.0, 0.0, 0.0, 0.0, 0.0, 0.0, 0.0, 0.0, 0.0, 0.0, 0.0, 0.0, 0.0, 0.0, 0.0, 0.0, 0.0, 0.0, 0.0, 0.0, 0.5714, 0.0, 1.0, 0.0, 0.0, 0.0, 0.0, 0.0, 1.0, 0.0, 0.0, 0.0, 0.125, 1.0, 0.0, 0.0, 0.0, 0.0, 0.0, 0.0, 0.3, 0.0, 0.0, 0.0, 0.0, 0.0, 0.0, 0.0, 0.125, 0.0, 0.0, 0.0, 0.0, 0.0, 0.0, 0.0, 1.0, 0.0, 0.0, 0.0]"
cluster,0.6,8,cluster,0.0565,0.0565,0.0565,-0.0,3,True,113,0,311,1576,0,"[0.05, 0.055, 0.0565, 0.0565, 0.0565, 0.0565, 0.0565, 0.0565, 0.0565, 0.0565, 0.0565, 0.0565, 0.0565, 0.0565, 0.0565, 0.0565, 0.0565, 0.0565, 0.0565, 0.0565, 0.0565, 0.0565, 0.0565, 0.0565, 0.0565, 0.0565, 0.0565, 0.0565, 0.0565, 0.0565, 0.0565, 0.0565, 0.0565, 0.0565, 0.0565, 0.0565, 0.0565, 0.0565, 0.0565, 0.0565, 0.0565, 0.0565, 0.0565, 0.0565, 0.0565, 0.0565, 0.0565, 0.0565, 0.0565, 0.0565, 0.0565, 0.0565, 0.0565, 0.0565, 0.0565, 0.0565, 0.0565, 0.0565, 0.0565, 0.0565, 0.0565, 0.0565, 0.0565, 0.0565, 0.0565, 0.0565, 0.0565, 0.0565, 0.0565, 0.0565, 0.0565, 0.0565, 0.0565, 0.0565, 0.0565, 0.0565, 0.0565, 0.0565, 0.0565, 0.0565, 0.0565, 0.0565, 0.0565, 0.0565, 0.0565, 0.0565, 0.0565, 0.0565, 0.0565, 0.0565, 0.0565, 0.0565, 0.0565, 0.0565, 0.0565, 0.0565, 0.0565, 0.0565, 0.0565, 0.0565, 0.0565]","{""0"": 0.1293, ""1"": 0.0402, ""2"": 0.0332, ""3"": 0.0428, ""4"": 0.0317, ""5"": 0.1051, ""6"": 0.0, ""7"": 0.0667}","[0.1111, 0.0, 0.0, 0.0, 0.0, 0.0, 0.0, 0.0, 1.0, 0.0, 1.0, 0.0, 0.0, 0.0, 0.0, 0.0, 0.0, 0.0, 0.0, 0.0, 0.0, 0.0, 0.0, 0.0, 0.1111, 1.0, 0.0, 0.0, 0.0, 0.0, 0.0, 0.0, 0.0, 0.0, 0.0, 0.0, 0.0, 0.0, 0.0, 0.0, 0.0, 0.0, 0.0, 0.0, 0.0, 0.0, 0.0, 0.0, 0.0, 0.0, 0.0, 0.0, 0.0, 0.0, 0.0, 0.0, 0.0, 0.5, 0.0, 0.0, 0.0, 0.125, 0.0, 0.0, 0.0, 1.0, 1.0, 0.0, 0.0, 0.0, 0.0, 0.0, 0.0, 0.0, 0.0, 0.0, 0.0, 0.0, 0.0, 0.0, 0.0, 0.0, 0.0, 0.0, 0.0, 1.0, 0.0, 0.0, 0.0, 1.0, 0.0, 0.0, 0.0, 0.0, 0.0, 0.0, 0.0, 0.0, 0.0, 0.0, 0.0, 0.0, 1.0, 0.0, 0.0, 0.0, 0.0, 0.0, 0.0, 0.0, 0.25, 0.0, 0.0, 0.0, 0.0, 0.0, 1.0, 0.2, 0.1667, 0.0, 0.0, 0.0, 0.0, 1.0, 0.0, 0.0, 0.0, 0.0, 0.0, 0.0, 0.0, 0.0, 0.0, 0.0, 0.0, 0.0, 0.0, 0.0, 0.0, 0.0, 0.0, 0.0, 0.0, 0.0, 0.0, 0.0, 0.0, 0.0, 0.0, 0.0, 0.0, 0.0, 0.0, 0.0, 0.0, 0.0, 0.0, 0.0, 0.0, 0.0, 0.0, 0.0, 0.0, 0.0, 0.0, 0.0, 0.0, 0.0, 0.0, 0.0, 0.0, 0.0, 0.0, 0.0, 0.0, 0.0, 0.0, 0.0, 0.0, 0.0, 0.0, 0.0, 0.0, 0.0, 0.0, 0.0, 0.0, 0.0, 0.0, 0.0, 0.125, 0.0, 0.0, 0.0, 0.0, 0.0, 0.0, 0.0, 0.0, 0.0, 0.0, 0.0, 0.0, 0.0, 0.0, 0.0, 1.0, 0.0, 0.0, 0.0, 0.0, 0.0, 0.0, 0.0, 0.0, 0.0, 0.0, 0.0, 0.0, 0.0, 0.0, 0.0, 0.1429, 0.0, 0.0, 0.0, 0.0, 0.0, 0.0, 0.0, 0.0, 0.0, 0.0, 0.0, 0.0, 0.0, 0.0, 0.0, 1.0, 0.0, 1.0, 0.0, 0.0, 0.0, 0.0, 0.0, 0.2222, 0.0, 0.0, 0.0]"
cluster,0.6,9,cluster,0.0605,0.0605,0.0605,0.0,3,True,121,0,284,1595,0,"[0.05, 0.0575, 0.0605, 0.0605, 0.0605, 0.0605, 0.0605, 0.0605, 0.0605, 0.0605, 0.0605, 0.0605, 0.0605, 0.0605, 0.0605, 0.0605, 0.0605, 0.0605, 0.0605, 0.0605, 0.0605, 0.0605, 0.0605, 0.0605, 0.0605, 0.0605, 0.0605, 0.0605, 0.0605, 0.0605, 0.0605, 0.0605, 0.0605, 0.0605, 0.0605, 0.0605, 0.0605, 0.0605, 0.0605, 0.0605, 0.0605, 0.0605, 0.0605, 0.0605, 0.0605, 0.0605, 0.0605, 0.0605, 0.0605, 0.0605, 0.0605, 0.0605, 0.0605, 0.0605, 0.0605, 0.0605, 0.0605, 0.0605, 0.0605, 0.0605, 0.0605, 0.0605, 0.0605, 0.0605, 0.0605, 0.0605, 0.0605, 0.0605, 0.0605, 0.0605, 0.0605, 0.0605, 0.0605, 0.0605, 0.0605, 0.0605, 0.0605, 0.0605, 0.0605, 0.0605, 0.0605, 0.0605, 0.0605, 0.0605, 0.0605, 0.0605, 0.0605, 0.0605, 0.0605, 0.0605, 0.0605, 0.0605, 0.0605, 0.0605, 0.0605, 0.0605, 0.0605, 0.0605, 0.0605, 0.0605, 0.0605]","{""0"": 0.0285, ""1"": 0.1067, ""2"": 0.0385, ""3"": 0.0, ""4"": 0.0536, ""5"": 0.0, ""6"": 0.1383, ""7"": 0.1218}","[0.0, 0.0, 0.0, 0.0769, 0.0, 0.0, 0.0, 0.0, 0.0, 0.0, 0.0, 0.0, 0.0, 0.125, 0.0, 0.0, 0.0, 0.0, 0.0, 0.0, 0.0, 0.0, 0.0, 0.0, 0.0, 0.0, 0.1429, 0.0, 0.0, 0.0, 0.0, 0.0, 1.0, 0.0, 0.0, 0.0, 0.0, 1.0, 0.0, 0.0, 1.0, 0.0, 0.0, 0.0, 0.0, 0.0, 0.0, 0.0, 0.0, 0.0, 0.0, 0.0, 0.0, 0.0, 0.0, 0.0, 0.0, 0.0, 1.0, 0.0, 0.0, 0.0, 0.0, 1.0, 0.0, 0.0, 0.0, 0.0, 0.0, 0.0, 0.0, 0.0, 0.4, 0.0, 0.0, 0.0, 0.0, 0.0, 0.0, 0.1111, 0.0, 0.0, 0.0, 0.0, 0.0, 0.0, 0.0, 1.0, 0.0, 0.0, 0.0, 0.0, 0.0, 0.0, 0.0, 0.0, 0.0, 0.0, 0.0, 0.0, 0.0, 0.0, 0.0, 0.0, 0.0, 0.0, 1.0, 0.0, 0.0, 0.0, 0.0, 0.0, 0.1, 0.0, 0.0833, 0.0, 0.0, 0.0, 0.0, 0.0, 0.0, 0.0, 0.1429, 0.0, 0.0, 0.0, 0.0, 0.0, 0.0, 0.0, 0.0, 0.0, 0.0, 0.0, 0.0, 0.25, 0.0, 0.0, 0.0, 0.0, 0.0, 0.0, 0.0, 1.0, 0.0, 0.0, 0.0, 0.0, 0.0, 0.0, 0.0, 1.0, 0.0, 1.0, 0.0, 0.0, 0.0, 0.0, 0.0, 0.0, 0.0, 0.0, 0.0, 0.0, 0.0, 0.0, 0.0, 0.0, 0.0, 0.0, 0.0, 0.0, 0.0, 0.1429, 0.0, 0.0, 0.0, 0.0, 0.0, 0.0, 0.0, 0.0, 0.0, 0.0, 0.0, 0.0, 0.125, 0.0, 0.0, 0.0, 0.0, 0.0, 0.1429, 0.0, 0.1111, 0.0, 0.0, 0.0, 0.0, 0.0, 0.6, 0.0, 0.0, 0.0, 0.0, 0.0, 0.0, 0.0, 1.0, 0.2727, 0.0, 0.0, 0.0, 0.0, 0.0, 0.0, 0.0, 0.0, 1.0, 0.0, 0.0, 0.0, 0.0, 0.0, 0.0, 0.0, 0.0, 0.3333, 0.0, 0.0, 0.0, 0.0, 0.0, 0.0, 0.0, 1.0, 0.0, 0.0, 0.0, 0.0, 0.0, 0.0, 0.0, 0.0, 0.0, 0.0, 0.0, 0.0, 0.0, 0.0]"
cluster,0.6,10,cluster,0.066,0.066,0.066,-0.0,7,True,132,0,288,1580,0,"[0.05, 0.058, 0.0605, 0.0625, 0.064, 0.0655, 0.066, 0.066, 0.066, 0.066, 0.066, 0.066, 0.066, 0.066, 0.066, 0.066, 0.066, 0.066, 0.066, 0.066, 0.066, 0.066, 0.066, 0.066, 0.066, 0.066, 0.066, 0.066, 0.066, 0.066, 0.066, 0.066, 0.066, 0.066, 0.066, 0.066, 0.066, 0.066, 0.066, 0.066, 0.066, 0.066, 0.066, 0.066, 0.066, 0.066, 0.066, 0.066, 0.066, 0.066, 0.066, 0.066, 0.066, 0.066, 0.066, 0.066, 0.066, 0.066, 0.066, 0.066, 0.066, 0.066, 0.066, 0.066, 0.066, 0.066, 0.066, 0.066, 0.066, 0.066, 0.066, 0.066, 0.066, 0.066, 0.066, 0.066, 0.066, 0.066, 0.066, 0.066, 0.066, 0.066, 0.066, 0.066, 0.066, 0.066, 0.066, 0.066, 0.066, 0.066, 0.066, 0.066, 0.066, 0.066, 0.066, 0.066, 0.066, 0.066, 0.066, 0.066, 0.066]","{""0"": 0.0, ""1"": 0.0936, ""2"": 0.0923, ""3"": 0.0, ""4"": 0.1082, ""5"": 0.0388, ""6"": 0.063, ""7"": 0.1392}","[0.0, 0.0, 0.0, 0.0, 0.0, 0.0, 0.0, 0.0, 0.0, 0.0, 0.0, 0.0, 0.0, 0.0, 0.0, 0.0, 0.0, 0.0, 0.0, 0.0, 0.0, 0.0, 0.0, 1.0, 1.0, 0.0, 0.0, 0.0, 0.0, 0.0, 0.0, 0.1, 0.6667, 0.0, 0.0, 0.0, 0.0, 0.0, 0.0, 0.1667, 0.0, 0.0, 0.0, 0.0, 0.0, 0.2857, 0.0, 1.0, 0.0, 0.0, 0.0, 0.0, 0.0, 0.875, 0.0, 0.0, 0.0, 0.0, 0.0, 0.0, 0.0, 1.0, 0.0, 0.0, 0.25, 0.0, 0.0, 0.0, 0.0, 0.0, 0.0, 0.0, 1.0, 0.0, 0.0, 0.0, 0.0, 0.0, 0.0, 0.0, 0.4, 0.0, 1.0, 0.2, 0.0, 0.0, 0.0, 0.0, 0.125, 0.0, 0.0, 0.1429, 0.0, 0.0, 0.0, 0.0, 0.0, 0.0, 0.0, 0.8889, 0.0, 0.0, 0.0, 0.0, 0.0, 0.0, 0.0, 0.0, 0.0, 0.0, 0.0, 0.0, 0.0, 0.0, 0.0, 0.0, 0.0, 0.0, 0.0, 0.0, 0.0, 0.0, 0.0, 0.0, 0.0, 0.0, 0.0, 0.0, 0.0, 0.0, 1.0, 0.0, 0.0, 0.0, 0.1333, 0.0, 0.0, 0.0, 0.0, 0.0, 0.0, 0.0, 1.0, 0.0, 1.0, 0.0, 0.0, 0.0, 0.0, 0.0, 0.2, 0.0, 0.0, 0.0, 0.0, 0.0, 0.0, 0.0, 0.0, 0.0, 0.0, 0.0, 0.0, 0.0, 0.0, 0.0, 0.0, 0.0, 0.0, 0.0, 0.1667, 0.0, 0.0, 0.0, 0.0, 0.0, 0.0, 0.0, 0.0, 0.0, 0.0, 0.0, 0.0, 0.0, 0.0, 0.0, 1.0, 0.0, 0.0, 0.0, 0.0, 0.0, 0.0, 0.0, 0.0, 0.0, 0.0, 0.0, 0.0, 0.0, 0.0, 0.0, 0.0, 0.0, 0.0, 0.0, 0.0, 0.0, 0.0, 0.0, 0.0, 0.0, 0.0, 0.0, 0.0, 0.0, 0.0, 0.0, 0.0, 0.0, 0.0, 0.0, 0.0, 0.0, 0.0, 0.0, 0.0, 0.1429, 0.0, 1.0, 0.0, 0.0, 0.0, 0.0, 0.0, 1.0, 0.0, 0.1429, 0.0, 0.0, 0.0, 0.0, 0.0, 0.3333, 0.0, 0.0, 0.0, 0.0, 0.0, 0.0]"
cluster,0.6,11,cluster,0.0615,0.0615,0.0615,0.0,4,True,123,0,294,1583,0,"[0.05, 0.057, 0.06, 0.0615, 0.0615, 0.0615, 0.0615, 0.0615, 0.0615, 0.0615, 0.0615, 0.0615, 0.0615, 0.0615, 0.0615, 0.0615, 0.0615, 0.0615, 0.0615, 0.0615, 0.0615, 0.0615, 0.0615, 0.0615, 0.0615, 0.0615, 0.0615, 0.0615, 0.0615, 0.0615, 0.0615, 0.0615, 0.0615, 0.0615, 0.0615, 0.0615, 0.0615, 0.0615, 0.0615, 0.0615, 0.0615, 0.0615, 0.0615, 0.0615, 0.0615, 0.0615, 0.0615, 0.0615, 0.0615, 0.0615, 0.0615, 0.0615, 0.0615, 0.0615, 0.0615, 0.0615, 0.0615, 0.0615, 0.0615, 0.0615, 0.0615, 0.0615, 0.0615, 0.0615, 0.0615, 0.0615, 0.0615, 0.0615, 0.0615, 0.0615, 0.0615, 0.0615, 0.0615, 0.0615, 0.0615, 0.0615, 0.0615, 0.0615, 0.0615, 0.0615, 0.0615, 0.0615, 0.0615, 0.0615, 0.0615, 0.0615, 0.0615, 0.0615, 0.0615, 0.0615, 0.0615, 0.0615, 0.0615, 0.0615, 0.0615, 0.0615, 0.0615, 0.0615, 0.0615, 0.0615, 0.0615]","{""0"": 0.0643, ""1"": 0.0863, ""2"": 0.0927, ""3"": 0.0361, ""4"": 0.0, ""5"": 0.0763, ""6"": 0.0955, ""7"": 0.0425}","[0.0, 0.0, 0.2308, 0.0, 0.0, 0.0, 0.0, 0.0, 0.0, 0.0, 0.0, 0.0, 1.0, 0.0, 0.0, 0.0, 0.0, 0.0, 0.0, 0.0, 0.0, 0.0, 0.0, 0.0, 0.0, 0.0, 0.0, 0.0, 0.0, 0.0, 0.0, 0.0, 0.0, 0.0, 0.0, 0.0, 0.0, 0.0, 0.0, 0.0, 0.0, 0.0, 0.0, 0.0, 0.0, 0.0, 0.0, 0.0, 0.0, 0.0, 0.0, 1.0, 0.0, 0.0, 0.0, 0.0, 0.0, 0.0, 0.0, 0.0, 0.0, 0.0, 0.0, 0.0, 0.0, 1.0, 0.0, 0.0, 0.0, 0.0, 0.0, 0.0, 0.0, 0.0, 0.0, 0.0, 0.0, 0.0, 0.0, 0.0, 0.0, 0.0, 0.0, 0.0, 0.0, 0.0, 0.0, 0.0, 0.0, 0.0, 0.0, 0.0, 0.0, 0.0, 0.0, 0.0, 0.0, 0.0, 0.0, 0.0, 0.0, 0.0, 0.0, 0.0, 0.0, 1.0, 0.0, 0.0, 0.0, 0.0, 0.0, 0.0, 0.1429, 0.0, 0.0, 0.0, 0.0, 0.0, 0.0, 0.0, 0.0, 0.0, 0.0, 0.0, 0.0, 0.0, 0.0, 0.0, 0.0, 0.0, 0.0, 0.0, 0.0, 0.0, 0.0, 0.0, 1.0, 0.0, 0.0, 0.0, 0.0, 0.0, 0.2308, 0.8333, 0.0, 0.0, 0.0, 0.0, 0.0, 0.0, 1.0, 1.0, 0.0, 0.0, 0.0, 0.0, 0.0, 0.0, 0.0, 0.2857, 0.0, 0.0, 0.0, 0.0, 0.0, 0.0, 0.0, 0.0, 0.0, 0.0, 0.0, 0.0, 0.0, 0.0, 0.0, 0.0, 0.0, 0.0, 0.0, 0.0, 0.1111, 0.0, 0.0, 1.0, 0.0, 0.0, 0.0, 0.0, 0.0, 0.0, 1.0, 0.0, 0.0, 0.0, 0.0, 0.0, 0.0, 0.0, 0.0, 0.0, 0.0, 0.0, 0.0, 0.0, 0.0, 0.0, 0.0, 0.0, 0.0, 0.0, 0.1, 0.0, 0.0, 0.0, 0.0, 0.0, 0.0, 0.0, 0.0, 0.2857, 0.0, 0.0, 0.0, 0.0, 0.0, 0.0, 1.0, 1.0, 0.0, 0.0, 0.0, 0.0, 0.0, 0.0, 0.4, 0.25, 0.0, 0.0, 0.0, 0.0, 0.0, 0.0, 1.0, 0.0, 0.0, 0.0, 0.0, 0.0, 0.0, 0.0]"
cluster,0.8,0,cluster,0.104,0.104,0.104,-0.0,10,True,208,0,285,1507,0,"[0.05, 0.066, 0.075, 0.0825, 0.0895, 0.0935, 0.0975, 0.1, 0.1025, 0.104, 0.104, 0.104, 0.104, 0.104, 0.104, 0.104, 0.104, 0.104, 0.104, 0.104, 0.104, 0.104, 0.104, 0.104, 0.104, 0.104, 0.104, 0.104, 0.104, 0.104, 0.104, 0.104, 0.104, 0.104, 0.104, 0.104, 0.104, 0.104, 0.104, 0.104, 0.104, 0.104, 0.104, 0.104, 0.104, 0.104, 0.104, 0.104, 0.104, 0.104, 0.104, 0.104, 0.104, 0.104, 0.104, 0.104, 0.104, 0.104, 0.104, 0.104, 0.104, 0.104, 0.104, 0.104, 0.104, 0.104, 0.104, 0.104, 0.104, 0.104, 0.104, 0.104, 0.104, 0.104, 0.104, 0.104, 0.104, 0.104, 0.104, 0.104, 0.104, 0.104, 0.104, 0.104, 0.104, 0.104, 0.104, 0.104, 0.104, 0.104, 0.104, 0.104, 0.104, 0.104, 0.104, 0.104, 0.104, 0.104, 0.104, 0.104, 0.104]","{""0"": 0.1583, ""1"": 0.25, ""2"": 0.0756, ""3"": 0.0428, ""4"": 0.0435, ""5"": 0.0388, ""6"": 0.1639, ""7"": 0.0423}","[0.0, 0.0, 1.0, 0.0, 0.0, 1.0, 0.0, 0.0, 0.0, 0.0, 0.8182, 0.0, 0.1667, 0.0, 0.0, 0.25, 0.0, 0.0, 1.0, 0.0, 0.0, 0.0, 0.0, 1.0, 0.0, 0.0, 1.0, 0.0, 0.0, 0.0, 0.0, 0.8571, 0.0, 0.0, 0.8333, 0.0, 0.0, 0.0, 0.0, 1.0, 0.4, 0.0, 1.0, 0.0, 0.0, 0.0, 0.0, 1.0, 1.0, 0.3333, 0.8333, 0.0, 0.0, 0.0, 0.0, 0.0833, 0.0, 0.8333, 0.0, 0.0, 0.0, 0.0, 0.0, 0.0, 0.1, 1.0, 0.0, 0.0, 0.0, 0.0, 0.0, 0.0, 0.0, 1.0, 0.0, 0.0, 0.0, 0.0, 0.0, 0.0, 0.0, 1.0, 0.0, 0.0, 0.0, 0.0, 0.0, 0.0, 0.0, 0.0, 0.0, 0.0, 0.0, 0.0, 1.0, 0.0, 0.0, 0.0, 0.0, 0.0, 0.0, 0.0, 0.2857, 0.0, 0.0, 0.0, 0.1111, 0.0, 0.0, 0.0, 0.2, 0.0, 0.0, 0.0, 0.0, 0.0, 1.0, 0.0, 0.0, 0.0, 0.0, 0.0, 1.0, 0.0, 0.0, 0.0, 0.0, 0.0, 0.0, 0.0, 0.0, 0.0, 0.0, 0.0, 0.0, 0.1, 0.0, 0.0, 0.0, 0.0, 0.0, 0.0, 0.0, 0.0, 0.0, 0.0, 0.0, 0.0, 0.0, 0.0, 0.0, 0.0, 0.0, 0.0, 0.0, 0.0, 0.0, 0.0, 0.0, 0.0, 0.0, 0.0, 0.0, 0.0, 0.0, 0.0, 0.0, 0.0, 0.0, 0.0, 0.0, 0.0, 0.0, 0.0, 0.0, 0.0, 0.0, 0.0, 0.0, 0.0, 0.0, 0.0, 0.0, 0.0, 0.0, 1.0, 0.0, 0.0, 0.0, 0.0, 0.0, 0.0, 0.0, 0.0909, 0.0, 0.0, 0.0, 0.0, 0.0, 1.0, 0.0, 0.0, 0.0, 0.0, 0.0, 0.0, 0.0, 0.1667, 0.0, 0.0, 0.0, 0.8333, 0.4, 0.0, 0.0, 0.0, 0.0, 0.0, 0.1667, 1.0, 0.0, 0.0, 0.0, 0.0, 0.0, 0.0, 0.0, 1.0, 0.0, 0.0, 0.0, 0.0, 0.0, 0.0, 0.0, 0.0, 0.0, 0.1429, 0.0, 0.0, 0.0, 0.0, 0.1, 0.0, 0.0, 0.2857, 0.0, 0.0, 0.0, 0.0]"
cluster,0.8,1,cluster,0.109,0.109,0.109,-0.0,14,True,218,0,277,1505,0,"[0.05, 0.063, 0.0705, 0.0785, 0.0855, 0.0915, 0.0945, 0.098, 0.101, 0.104, 0.1065, 0.1075, 0.1085, 0.109, 0.109, 0.109, 0.109, 0.109, 0.109, 0.109, 0.109, 0.109, 0.109, 0.109, 0.109, 0.109, 0.109, 0.109, 0.109, 0.109, 0.109, 0.109, 0.109, 0.109, 0.109, 0.109, 0.109, 0.109, 0.109, 0.109, 0.109, 0.109, 0.109, 0.109, 0.109, 0.109, 0.109, 0.109, 0.109, 0.109, 0.109, 0.109, 0.109, 0.109, 0.109, 0.109, 0.109, 0.109, 0.109, 0.109, 0.109, 0.109, 0.109, 0.109, 0.109, 0.109, 0.109, 0.109, 0.109, 0.109, 0.109, 0.109, 0.109, 0.109, 0.109, 0.109, 0.109, 0.109, 0.109, 0.109, 0.109, 0.109, 0.109, 0.109, 0.109, 0.109, 0.109, 0.109, 0.109, 0.109, 0.109, 0.109, 0.109, 0.109, 0.109, 0.109, 0.109, 0.109, 0.109, 0.109, 0.109]","{""0"": 0.0714, ""1"": 0.0287, ""2"": 0.0556, ""3"": 0.1969, ""4"": 0.1872, ""5"": 0.1016, ""6"": 0.1623, ""7"": 0.0664}","[0.0, 0.0, 0.0, 0.0, 0.0, 0.0, 0.0, 0.0, 0.0, 0.0, 0.0, 0.0, 0.0, 0.0, 0.0, 0.0, 0.0, 0.1667, 0.0, 0.0, 0.0, 0.0, 0.0, 0.0, 0.0, 1.0, 0.0, 0.0, 0.0, 0.0, 0.0, 0.0, 0.0, 0.1111, 0.0, 0.0, 0.0, 0.0, 0.0, 0.0, 0.1429, 0.2, 0.0, 0.875, 0.0, 0.0, 0.0, 0.0, 1.0, 0.0, 0.0, 1.0, 1.0, 0.0, 0.0, 0.0, 0.1429, 0.0, 0.0, 0.0, 1.0, 0.0, 0.0, 0.0, 0.0, 1.0, 0.0, 0.125, 0.9091, 0.5, 0.0, 0.0, 0.0, 0.0, 0.0, 0.0, 0.875, 0.7778, 0.0, 0.0, 0.0, 0.0, 0.0, 0.0, 0.6, 0.8333, 0.0, 0.0, 0.0, 0.0, 0.0, 0.0, 0.0, 1.0, 0.0, 0.0, 0.0, 0.0, 0.0, 0.0, 0.0, 1.0, 0.0, 0.0, 0.0, 0.0, 0.0, 0.0, 0.0, 1.0, 0.0, 1.0, 0.0, 0.0, 0.0, 0.0, 0.0, 1.0, 0.0, 0.1429, 0.0, 0.0, 0.0, 0.0, 0.0, 0.1429, 0.0, 0.0, 0.0, 0.0, 0.0, 0.0, 0.0, 0.0, 1.0, 0.0, 0.0, 0.0, 0.0, 0.0, 0.0, 0.0, 0.8571, 0.0, 0.0, 0.0, 0.1111, 0.0, 0.0, 0.0, 1.0, 0.0, 0.0, 0.0, 0.0, 0.0, 0.0, 0.0, 0.3333, 0.1667, 0.0, 0.0, 1.0, 0.0, 0.0, 0.0, 0.0, 0.7143, 0.0, 0.0, 0.0, 0.0, 0.0, 0.0, 0.0, 1.0, 1.0, 0.0, 0.0, 0.0, 0.0, 0.0, 0.0, 1.0, 0.0, 0.0, 0.0, 0.0, 0.0, 0.0, 0.0, 0.8, 0.0, 0.0, 0.0, 0.0, 0.1111, 0.0, 0.0, 1.0, 0.0, 0.0, 0.0, 0.0, 0.9, 0.0, 0.0, 0.1429, 0.0, 0.0, 0.0, 0.0, 0.0, 0.0, 0.0, 0.0, 0.0, 0.0, 0.0, 0.0, 0.0, 0.0, 0.0, 0.0, 0.0, 0.0, 0.0, 0.0, 0.0, 0.0, 0.0, 0.0, 0.0, 0.0, 0.0, 0.0, 0.0, 0.0, 0.0, 0.0, 0.0, 0.0, 0.0, 0.0, 0.0, 0.0, 0.0, 0.0, 0.0, 0.0833]"
cluster,0.8,2,cluster,0.1085,0.1085,0.1085,0.0,11,True,217,0,288,1495,0,"[0.05, 0.062, 0.07, 0.077, 0.084, 0.088, 0.093, 0.0985, 0.104, 0.108, 0.1085, 0.1085, 0.1085, 0.1085, 0.1085, 0.1085, 0.1085, 0.1085, 0.1085, 0.1085, 0.1085, 0.1085, 0.1085, 0.1085, 0.1085, 0.1085, 0.1085, 0.1085, 0.1085, 0.1085, 0.1085, 0.1085, 0.1085, 0.1085, 0.1085, 0.1085, 0.1085, 0.1085, 0.1085, 0.1085, 0.1085, 0.1085, 0.1085, 0.1085, 0.1085, 0.1085, 0.1085, 0.1085, 0.1085, 0.1085, 0.1085, 0.1085, 0.1085, 0.1085, 0.1085, 0.1085, 0.1085, 0.1085, 0.1085, 0.1085, 0.1085, 0.1085, 0.1085, 0.1085, 0.1085, 0.1085, 0.1085, 0.1085, 0.1085, 0.1085, 0.1085, 0.1085, 0.1085, 0.1085, 0.1085, 0.1085, 0.1085, 0.1085, 0.1085, 0.1085, 0.1085, 0.1085, 0.1085, 0.1085, 0.1085, 0.1085, 0.1085, 0.1085, 0.1085, 0.1085, 0.1085, 0.1085, 0.1085, 0.1085, 0.1085, 0.1085, 0.1085, 0.1085, 0.1085, 0.1085, 0.1085]","{""0"": 0.0841, ""1"": 0.0294, ""2"": 0.0515, ""3"": 0.2587, ""4"": 0.1082, ""5"": 0.0394, ""6"": 0.0466, ""7"": 0.243}","[0.0, 0.0, 0.0, 0.0, 0.0, 0.0, 0.0, 0.0, 1.0, 0.0, 0.0, 0.0, 0.0, 0.0, 0.0, 0.0, 0.2857, 0.0, 0.0, 0.0, 0.8571, 0.0, 0.0, 0.0, 0.0, 0.0, 0.0, 0.0, 1.0, 0.0, 0.0, 0.0, 0.0, 0.0, 0.0, 0.0, 0.0, 0.0, 0.0, 0.0, 0.0, 0.0, 0.0, 0.0, 0.0, 0.0, 0.0, 0.0, 0.0, 0.0, 0.0, 0.0, 0.0, 0.0, 0.0, 0.0, 0.0, 0.0, 0.0, 0.0, 0.125, 0.0, 0.0, 0.0, 0.0, 0.0, 0.0, 0.0, 0.0, 0.0, 0.0, 0.0, 0.0, 0.0, 0.0, 0.0, 0.0, 0.0, 0.0, 0.0, 0.0, 0.0, 0.0, 0.0, 0.0, 0.0, 0.0, 0.0, 0.0, 0.0, 0.0, 0.0, 0.0, 0.0, 0.0, 0.0, 0.0, 0.0, 0.0, 0.0, 0.0, 0.0, 0.0, 0.0, 0.0, 0.0, 0.0, 0.0, 0.0, 0.0, 0.0, 0.0, 0.0, 0.0, 0.0, 0.0, 0.0, 0.0, 0.0, 0.0, 0.0, 0.0, 0.0, 0.0, 0.0, 0.0, 0.0, 0.0, 0.0, 0.0, 1.0, 0.0, 0.0, 0.2222, 0.0, 0.0, 0.0, 0.0, 0.0, 0.0, 0.0, 0.625, 0.1429, 0.0, 0.0, 0.0, 0.0, 0.0, 0.0, 1.0, 0.0, 0.0, 0.0, 0.0, 0.0, 0.0, 0.0, 1.0, 0.0, 0.0, 0.0, 0.0, 0.0, 0.1667, 0.2857, 0.8571, 0.0, 0.0, 0.0, 0.0, 0.0, 0.0, 1.0, 0.0, 0.0, 0.125, 1.0, 1.0, 0.0, 0.6, 1.0, 0.0, 0.0, 0.0, 0.1818, 0.1111, 0.0, 1.0, 0.8889, 0.0, 1.0, 0.0, 0.0, 0.0, 0.0, 0.0, 0.875, 0.0, 0.0, 0.0, 0.0, 0.2, 0.0, 0.0, 0.625, 0.0, 0.0, 1.0, 0.8889, 1.0, 0.0, 0.0, 0.8571, 0.0, 0.1111, 0.125, 1.0, 1.0, 0.0, 0.0, 1.0, 0.0, 0.0, 0.1429, 0.8, 0.0, 0.0, 0.0, 0.0, 0.0, 0.0, 0.2857, 1.0, 0.0, 0.0, 0.0, 0.1, 0.0, 0.0, 0.0833, 0.8, 0.0, 0.0, 0.0, 0.0, 0.0, 0.0, 0.0, 0.9, 0.0]"
cluster,0.8,3,cluster,0.092,0.092,0.092,0.0,8,True,184,0,272,1544,0,"[0.05, 0.0645, 0.073, 0.077, 0.0825, 0.085, 0.089, 0.092, 0.092, 0.092, 0.092, 0.092, 0.092, 0.092, 0.092, 0.092, 0.092, 0.092, 0.092, 0.092, 0.092, 0.092, 0.092, 0.092, 0.092, 0.092, 0.092, 0.092, 0.092, 0.092, 0.092, 0.092, 0.092, 0.092, 0.092, 0.092, 0.092, 0.092, 0.092, 0.092, 0.092, 0.092, 0.092, 0.092, 0.092, 0.092, 0.092, 0.092, 0.092, 0.092, 0.092, 0.092, 0.092, 0.092, 0.092, 0.092, 0.092, 0.092, 0.092, 0.092, 0.092, 0.092, 0.092, 0.092, 0.092, 0.092, 0.092, 0.092, 0.092, 0.092, 0.092, 0.092, 0.092, 0.092, 0.092, 0.092, 0.092, 0.092, 0.092, 0.092, 0.092, 0.092, 0.092, 0.092, 0.092, 0.092, 0.092, 0.092, 0.092, 0.092, 0.092, 0.092, 0.092, 0.092, 0.092, 0.092, 0.092, 0.092, 0.092, 0.092, 0.092]","{""0"": 0.0077, ""1"": 0.064, ""2"": 0.1089, ""3"": 0.2717, ""4"": 0.0083, ""5"": 0.0, ""6"": 0.0944, ""7"": 0.1875}","[0.0, 0.0, 0.0, 0.0, 0.0, 0.0, 0.0, 0.0, 0.0, 0.0, 0.0, 0.0, 0.0, 0.0, 0.0, 0.375, 0.0, 0.0, 0.0, 0.0, 0.4, 0.0, 0.0, 0.1667, 0.0, 0.0, 1.0, 0.0, 1.0, 0.0, 0.0, 1.0, 0.0, 0.0, 0.0, 0.0, 1.0, 0.0, 0.0, 1.0, 0.0, 0.0, 0.0, 0.0, 1.0, 0.0, 0.0, 0.0, 0.0, 0.0, 0.0, 0.0, 0.1, 0.0, 0.0, 0.0, 0.0, 0.1429, 0.0, 0.0, 0.0, 0.0, 0.0, 0.0, 0.0, 0.125, 0.0, 0.0, 0.0, 0.0, 0.0, 0.0, 0.0, 0.0, 0.0, 0.0, 0.0, 0.0, 0.0, 0.0, 0.0, 0.0, 0.2222, 0.0, 0.25, 0.0, 0.0, 0.0, 0.0, 0.0, 0.0, 0.0, 1.0, 0.0, 0.0, 0.0, 0.0, 0.0, 0.0, 0.0, 0.0, 0.0, 0.0, 0.0, 0.0, 0.0, 0.0, 0.125, 0.0, 0.0, 0.0, 0.0, 0.0, 0.0, 0.1, 1.0, 0.0, 0.0, 0.0, 0.0, 0.0, 0.0, 0.0, 0.0, 0.0, 0.1111, 0.0, 1.0, 0.0, 0.0, 0.0, 0.1667, 0.8333, 0.0, 0.0, 0.1111, 0.0, 0.0, 0.0, 0.0, 1.0, 0.0, 0.0, 0.0909, 0.0, 0.0, 0.0, 0.0, 1.0, 0.0, 0.0, 0.0, 0.0, 0.0, 0.0, 0.0, 1.0, 0.0, 0.0, 0.0, 0.0, 0.0, 0.1, 0.0, 0.0, 0.0, 0.0, 0.0, 0.0, 0.0, 1.0, 0.0, 0.0, 0.0, 0.0, 0.0, 0.0, 0.0, 0.2222, 0.0, 0.0, 0.0, 0.0, 0.0, 0.0, 0.0, 0.0, 0.0, 0.0, 0.125, 0.0, 0.0, 0.0, 0.0, 0.0, 0.0, 0.0, 0.0, 0.0, 0.0, 1.0, 0.0, 0.0, 0.0, 0.0, 0.0, 0.0, 0.0, 1.0, 0.0, 0.0, 0.0, 0.0, 0.0, 0.0, 0.0, 1.0, 0.0, 0.0, 0.1667, 0.0, 0.0, 0.0, 0.0, 0.5, 0.0, 0.0, 1.0, 0.0, 0.0, 0.0, 0.0, 1.0, 0.0, 0.0, 0.2727, 0.0, 0.0, 0.0, 0.0, 0.6667, 0.0, 0.0, 0.0, 0.0, 0.0, 0.0, 0.0, 0.1818, 0.0]"
cluster,0.8,4,cluster,0.1025,0.1025,0.1025,0.0,16,True,205,0,268,1527,0,"[0.05, 0.063, 0.071, 0.075, 0.0775, 0.0805, 0.0825, 0.085, 0.0865, 0.0875, 0.0895, 0.092, 0.096, 0.1, 0.1015, 0.1025, 0.1025, 0.1025, 0.1025, 0.1025, 0.1025, 0.1025, 0.1025, 0.1025, 0.1025, 0.1025, 0.1025, 0.1025, 0.1025, 0.1025, 0.1025, 0.1025, 0.1025, 0.1025, 0.1025, 0.1025, 0.1025, 0.1025, 0.1025, 0.1025, 0.1025, 0.1025, 0.1025, 0.1025, 0.1025, 0.1025, 0.1025, 0.1025, 0.1025, 0.1025, 0.1025, 0.1025, 0.1025, 0.1025, 0.1025, 0.1025, 0.1025, 0.1025, 0.1025, 0.1025, 0.1025, 0.1025, 0.1025, 0.1025, 0.1025, 0.1025, 0.1025, 0.1025, 0.1025, 0.1025, 0.1025, 0.1025, 0.1025, 0.1025, 0.1025, 0.1025, 0.1025, 0.1025, 0.1025, 0.1025, 0.1025, 0.1025, 0.1025, 0.1025, 0.1025, 0.1025, 0.1025, 0.1025, 0.1025, 0.1025, 0.1025, 0.1025, 0.1025, 0.1025, 0.1025, 0.1025, 0.1025, 0.1025, 0.1025, 0.1025, 0.1025]","{""0"": 0.0, ""1"": 0.1457, ""2"": 0.0702, ""3"": 0.0039, ""4"": 0.2941, ""5"": 0.1264, ""6"": 0.1808, ""7"": 0.0}","[0.0, 0.0, 0.0, 0.0, 0.0, 0.0, 0.0, 0.0, 0.0, 0.0, 0.0, 0.0, 0.0, 0.0, 0.0, 0.0, 0.0, 0.0, 0.0, 0.0, 0.0, 0.125, 0.75, 0.0, 0.0, 0.0, 0.0, 0.0, 0.0, 0.0, 1.0, 0.0, 0.0, 0.0, 0.0, 0.0, 0.0, 0.0, 0.5, 0.125, 0.0, 0.0, 0.0, 0.0, 0.0, 0.0, 0.0, 0.0, 0.0, 0.0, 0.0, 0.0, 0.0, 1.0, 0.0, 0.0, 0.0, 0.0, 0.0, 0.0, 0.0, 0.5, 0.0, 0.0, 0.0, 0.0, 0.0, 0.0, 0.0, 0.0, 0.0, 0.0, 0.0, 0.0, 0.0, 0.25, 0.0, 0.0, 0.0, 0.0, 0.0, 0.0, 0.0, 1.0, 0.0, 0.7778, 0.0, 0.0, 0.0, 0.0, 0.0, 0.8571, 0.0, 0.8333, 0.0, 0.0, 0.0, 0.0, 0.0, 0.0, 0.0, 0.8571, 0.0, 0.1429, 0.0, 0.0, 0.0, 0.0, 0.0, 1.0, 0.0, 1.0, 0.0, 0.0, 0.0, 0.0, 0.0, 1.0, 0.0, 0.0833, 0.0, 0.0, 0.0, 0.0, 0.0, 1.0, 0.0, 0.0, 0.0, 0.0, 0.8333, 0.0, 0.0, 1.0, 0.125, 0.0, 0.0, 0.0, 1.0, 0.0, 0.0, 0.6667, 1.0, 0.0, 0.0, 0.0, 0.7778, 0.0, 0.0, 0.0, 0.125, 0.0, 0.0, 0.0, 1.0, 0.0, 0.0, 0.0, 0.0, 0.0, 0.0, 0.0, 0.2, 0.0, 0.0, 0.0, 0.0909, 0.0, 0.0, 0.0, 0.0, 0.1429, 0.0, 0.0, 0.0, 0.0, 0.0, 0.0, 0.0, 0.0, 0.0, 0.0, 0.0, 1.0, 0.0, 0.0, 0.0, 0.0, 0.0, 0.0, 0.0, 0.0, 0.0, 0.0, 1.0, 0.0, 0.0, 0.0, 0.0, 0.0, 0.0, 0.0, 0.2857, 0.0, 0.0, 0.0, 0.1429, 0.0, 0.0, 0.0, 0.0769, 0.0, 0.0, 0.0, 0.0, 0.5714, 0.0, 0.0, 0.0, 0.0, 0.1, 0.0, 0.0, 1.0, 0.0, 0.0, 0.0, 0.0, 0.0, 0.0, 0.0, 0.75, 0.0, 0.0, 0.0, 0.0, 0.0, 0.0, 0.0, 0.2857, 0.0, 0.0, 0.0, 0.0, 0.0, 0.0, 0.0, 0.0, 0.0, 0.0]"
cluster,0.8,5,cluster,0.082,0.082,0.082,0.0,7,True,164,0,290,1546,0,"[0.05, 0.062, 0.0715, 0.078, 0.0795, 0.0815, 0.082, 0.082, 0.082, 0.082, 0.082, 0.082, 0.082, 0.082, 0.082, 0.082, 0.082, 0.082, 0.082, 0.082, 0.082, 0.082, 0.082, 0.082, 0.082, 0.082, 0.082, 0.082, 0.082, 0.082, 0.082, 0.082, 0.082, 0.082, 0.082, 0.082, 0.082, 0.082, 0.082, 0.082, 0.082, 0.082, 0.082, 0.082, 0.082, 0.082, 0.082, 0.082, 0.082, 0.082, 0.082, 0.082, 0.082, 0.082, 0.082, 0.082, 0.082, 0.082, 0.082, 0.082, 0.082, 0.082, 0.082, 0.082, 0.082, 0.082, 0.082, 0.082, 0.082, 0.082, 0.082, 0.082, 0.082, 0.082, 0.082, 0.082, 0.082, 0.082, 0.082, 0.082, 0.082, 0.082, 0.082, 0.082, 0.082, 0.082, 0.082, 0.082, 0.082, 0.082, 0.082, 0.082, 0.082, 0.082, 0.082, 0.082, 0.082, 0.082, 0.082, 0.082, 0.082]","{""0"": 0.0392, ""1"": 0.1215, ""2"": 0.0264, ""3"": 0.1727, ""4"": 0.0282, ""5"": 0.0, ""6"": 0.0947, ""7"": 0.1434}","[0.0, 1.0, 0.0, 0.0, 0.4, 0.0, 0.0, 0.0, 0.0, 0.0, 0.0, 0.0, 1.0, 0.0, 0.0, 0.0, 0.0, 0.0, 0.8, 0.0, 0.7778, 0.0, 0.0, 0.0, 0.1667, 0.0, 1.0, 0.0, 1.0, 0.0, 0.0, 0.0, 0.1429, 0.0, 0.5, 0.0, 0.6154, 0.0, 0.0, 0.0, 0.75, 0.0, 0.0, 0.0, 0.0, 0.0, 0.0, 0.0, 1.0, 0.0, 0.0, 0.0, 0.0, 0.0, 0.0, 0.0, 0.7, 0.0, 0.0, 0.0, 0.0, 0.0, 0.0, 0.0, 0.0, 0.0, 0.0, 0.0, 0.0, 1.0, 0.0, 0.1, 0.25, 0.0, 0.0, 0.0, 0.0, 0.0, 0.0, 0.0, 0.0, 0.0, 0.0, 0.0, 0.0, 0.0, 0.0, 0.0, 0.0, 0.0, 0.0, 0.0, 0.0, 0.0, 0.0, 1.0, 0.0, 0.0, 0.1429, 1.0, 0.0, 0.0, 0.0, 1.0, 0.0, 0.0, 0.0, 0.0, 0.0, 0.0, 0.0, 0.1111, 0.0, 0.0, 0.0, 0.0, 0.0, 0.0, 0.0, 0.0, 0.0, 0.0, 1.0, 0.0, 0.0, 0.0, 0.0, 0.0, 0.1, 0.0, 0.8571, 0.0, 0.0, 0.0, 0.0, 0.0, 0.0, 0.0, 0.0, 0.0, 0.0, 0.0, 0.0, 0.0, 0.0, 0.0, 0.0, 0.0, 0.0, 0.0, 0.0, 0.0, 0.0, 0.0, 0.0, 0.0, 0.0, 0.0, 0.0, 0.0, 0.0, 0.0, 0.0, 0.0, 0.0, 0.0, 0.0, 0.0, 0.0, 0.0, 0.0, 0.0, 1.0, 0.0, 0.0, 0.0, 0.0, 0.0, 0.0, 0.0, 0.6667, 0.0, 0.0, 0.1, 0.4, 0.0, 0.0, 0.0, 0.0, 0.0, 0.0, 1.0, 1.0, 0.0, 0.0, 0.0, 0.0, 0.0, 0.0, 0.0, 0.0, 0.0, 0.0, 0.0, 0.1818, 0.0, 0.0, 0.0, 0.0, 0.0, 0.0, 0.0, 0.0, 0.0, 0.0, 0.0, 0.0, 0.0, 0.0, 0.0, 0.0, 0.0, 0.0, 0.0, 0.0, 0.1667, 0.0, 0.0, 0.0, 0.0, 0.0, 0.0, 0.0, 0.0, 0.0, 0.0, 0.0, 0.0, 0.0, 0.0, 0.0, 0.0, 0.0, 0.0, 0.0, 0.0, 0.0, 0.0, 0.0, 0.2857]"
cluster,0.8,6,cluster,0.0995,0.0995,0.0995,0.0,14,True,199,0,253,1548,0,"[0.05, 0.059, 0.0685, 0.0735, 0.0765, 0.0805, 0.084, 0.087, 0.091, 0.0935, 0.097, 0.0985, 0.099, 0.0995, 0.0995, 0.0995, 0.0995, 0.0995, 0.0995, 0.0995, 0.0995, 0.0995, 0.0995, 0.0995, 0.0995, 0.0995, 0.0995, 0.0995, 0.0995, 0.0995, 0.0995, 0.0995, 0.0995, 0.0995, 0.0995, 0.0995, 0.0995, 0.0995, 0.0995, 0.0995, 0.0995, 0.0995, 0.0995, 0.0995, 0.0995, 0.0995, 0.0995, 0.0995, 0.0995, 0.0995, 0.0995, 0.0995, 0.0995, 0.0995, 0.0995, 0.0995, 0.0995, 0.0995, 0.0995, 0.0995, 0.0995, 0.0995, 0.0995, 0.0995, 0.0995, 0.0995, 0.0995, 0.0995, 0.0995, 0.0995, 0.0995, 0.0995, 0.0995, 0.0995, 0.0995, 0.0995, 0.0995, 0.0995, 0.0995, 0.0995, 0.0995, 0.0995, 0.0995, 0.0995, 0.0995, 0.0995, 0.0995, 0.0995, 0.0995, 0.0995, 0.0995, 0.0995, 0.0995, 0.0995, 0.0995, 0.0995, 0.0995, 0.0995, 0.0995, 0.0995, 0.0995]","{""0"": 0.1183, ""1"": 0.0448, ""2"": 0.0, ""3"": 0.2627, ""4"": 0.0, ""5"": 0.1931, ""6"": 0.0392, ""7"": 0.1423}","[0.1111, 0.1429, 0.0, 0.0, 0.0, 0.0, 0.0, 0.0, 0.1667, 0.0, 0.0, 0.0, 0.0, 0.0, 0.0, 0.0, 0.0, 0.0, 0.0, 0.0, 0.0, 0.0, 0.0833, 0.0, 0.0, 0.1111, 0.0, 0.0, 0.0, 0.0, 0.9231, 0.0, 0.0, 0.0, 0.0, 0.0, 0.0, 0.0, 1.0, 0.0, 0.0, 0.0, 0.0, 0.0, 0.0, 0.0, 1.0, 0.0, 0.0, 0.0, 0.0, 0.0, 0.0, 0.0, 1.0, 0.0, 0.0, 0.0, 0.0, 0.0, 0.0, 0.0, 0.0, 0.1, 0.0, 0.0, 0.0, 0.0, 0.0, 0.0, 0.1, 0.2857, 0.0, 0.0, 0.0, 0.0, 0.0, 0.0, 1.0, 0.0, 0.0, 0.0, 0.0, 0.0, 0.75, 0.0, 0.25, 0.0, 0.0, 0.0, 0.0, 0.0, 0.8571, 0.0, 0.0, 0.125, 0.0, 0.0, 0.0, 0.0, 1.0, 0.0, 0.0, 1.0, 0.0, 0.0, 0.0, 0.0, 0.125, 0.0, 0.0, 0.0, 0.0, 0.0, 0.0, 0.0, 0.0, 0.0, 0.0, 0.0, 0.0, 0.0, 0.0, 0.0, 1.0, 0.0, 0.0, 0.0, 0.0, 0.0, 0.0, 0.0, 0.875, 0.0, 0.0, 0.0, 0.1667, 0.0, 0.0, 0.0, 0.8333, 0.0, 0.0, 0.0, 1.0, 0.0, 0.0, 0.0, 1.0, 0.0, 0.0, 0.0, 0.8, 0.0, 0.0, 0.0, 0.8, 0.0, 0.0, 0.0, 0.0, 0.0, 0.0, 0.0, 0.8571, 0.0, 0.0, 0.0, 0.0, 0.0, 0.0, 0.0, 0.2, 0.0, 0.0, 0.0, 0.0, 0.0, 0.0, 0.0, 0.0, 0.0, 0.0, 0.0, 0.2, 0.0, 0.0, 0.0, 0.0, 0.0, 0.0, 0.0, 1.0, 0.0, 0.125, 0.0, 0.0, 0.0, 0.0, 0.0, 0.2, 0.0, 1.0, 0.0, 0.0, 0.0, 0.0, 0.0, 0.0, 0.0, 1.0, 0.0, 0.0, 0.0, 0.0, 0.0, 0.0, 1.0, 0.0, 0.0, 0.0, 0.0, 0.0, 0.0, 0.1429, 1.0, 0.0, 0.0, 0.0, 0.0, 0.0, 0.0, 0.0, 1.0, 0.0, 0.0, 0.0, 0.0, 0.0, 0.0, 0.5714, 0.1667, 0.0, 0.0, 0.0, 0.0, 0.0, 0.0, 1.0, 0.0]"
cluster,0.8,7,cluster,0.0985,0.0985,0.0985,0.0,10,True,197,0,283,1520,0,"[0.05, 0.065, 0.074, 0.083, 0.09, 0.0925, 0.0945, 0.097, 0.098, 0.0985, 0.0985, 0.0985, 0.0985, 0.0985, 0.0985, 0.0985, 0.0985, 0.0985, 0.0985, 0.0985, 0.0985, 0.0985, 0.0985, 0.0985, 0.0985, 0.0985, 0.0985, 0.0985, 0.0985, 0.0985, 0.0985, 0.0985, 0.0985, 0.0985, 0.0985, 0.0985, 0.0985, 0.0985, 0.0985, 0.0985, 0.0985, 0.0985, 0.0985, 0.0985, 0.0985, 0.0985, 0.0985, 0.0985, 0.0985, 0.0985, 0.0985, 0.0985, 0.0985, 0.0985, 0.0985, 0.0985, 0.0985, 0.0985, 0.0985, 0.0985, 0.0985, 0.0985, 0.0985, 0.0985, 0.0985, 0.0985, 0.0985, 0.0985, 0.0985, 0.0985, 0.0985, 0.0985, 0.0985, 0.0985, 0.0985, 0.0985, 0.0985, 0.0985, 0.0985, 0.0985, 0.0985, 0.0985, 0.0985, 0.0985, 0.0985, 0.0985, 0.0985, 0.0985, 0.0985, 0.0985, 0.0985, 0.0985, 0.0985, 0.0985, 0.0985, 0.0985, 0.0985, 0.0985, 0.0985, 0.0985, 0.0985]","{""0"": 0.0686, ""1"": 0.0447, ""2"": 0.0315, ""3"": 0.0847, ""4"": 0.1138, ""5"": 0.1555, ""6"": 0.2591, ""7"": 0.0392}","[0.0, 0.1538, 0.0, 0.0, 0.0, 0.0, 0.0, 0.0, 0.0, 0.0, 0.0, 0.0, 0.0, 0.0, 0.0, 0.0, 0.0, 0.0, 0.0, 0.0, 0.0, 0.0, 0.0, 0.0, 0.0, 0.0, 0.0, 0.0, 0.1111, 0.0, 0.0, 0.0, 0.0, 0.0, 0.0, 0.0, 1.0, 0.0714, 0.0, 0.2, 0.0, 0.0, 0.0, 0.0, 0.0, 0.0, 0.0, 0.8, 0.0, 0.0, 0.0, 0.0, 0.0, 1.0, 0.0, 1.0, 0.0, 0.0, 0.0, 0.0, 0.0, 0.2, 0.0, 0.5, 0.0, 0.0, 0.0, 0.0, 0.0, 0.0, 0.0, 0.1429, 0.0, 0.0, 0.0, 0.0, 0.0, 0.0, 0.0, 0.0, 0.0, 0.0, 0.0, 0.0, 0.0, 0.0, 0.0, 0.0, 0.0, 0.0, 0.0, 1.0, 0.0, 0.0, 0.0, 0.8889, 0.0, 0.0, 0.1, 0.0, 0.0, 0.0, 0.0, 1.0, 0.0, 0.0, 0.1111, 0.0, 0.0, 0.0, 0.25, 1.0, 0.0, 0.0, 0.0, 0.0, 0.0, 0.0, 1.0, 1.0, 0.0, 0.0, 0.0, 0.0, 0.0, 0.0, 0.0, 0.9, 0.0, 0.0, 0.0, 0.0, 0.0, 0.0, 0.0, 0.375, 0.0, 0.0, 0.0, 0.0, 0.0, 0.0, 0.2, 0.1111, 0.0, 0.0, 0.0, 0.0, 0.0, 0.1667, 0.0, 0.125, 0.2222, 0.0, 0.0, 0.0, 0.0, 1.0, 1.0, 0.0, 1.0, 0.0, 0.0, 0.0, 0.0, 1.0, 0.375, 0.0, 0.0, 1.0, 0.0, 0.0, 0.0, 1.0, 0.0909, 0.1111, 0.0, 0.125, 0.0, 0.0, 0.0, 0.1667, 0.0, 0.0, 0.0, 0.0, 0.0, 0.0, 0.75, 0.0, 0.0909, 0.0, 0.0, 0.0, 0.0, 0.0, 1.0, 0.0, 1.0, 0.0, 0.0, 0.0, 0.0, 0.0, 0.4, 0.0, 0.8889, 0.0, 0.0, 0.0, 0.2, 0.0, 0.0, 0.0, 0.6, 0.0, 0.0, 0.0, 1.0, 0.0, 0.0, 0.0, 0.0, 0.0, 0.0, 0.0, 0.2222, 0.0, 0.0, 0.0, 0.0, 0.0, 0.0, 0.0, 0.0, 0.0, 0.0, 0.0, 0.0, 0.0, 0.0, 0.1333, 0.0, 0.0, 0.0, 0.0, 0.0, 0.0, 0.0, 1.0]"
cluster,0.8,8,cluster,0.1175,0.1175,0.1175,0.0,15,True,235,0,302,1463,0,"[0.05, 0.06, 0.0685, 0.076, 0.0815, 0.087, 0.094, 0.1, 0.1045, 0.107, 0.11, 0.113, 0.115, 0.117, 0.1175, 0.1175, 0.1175, 0.1175, 0.1175, 0.1175, 0.1175, 0.1175, 0.1175, 0.1175, 0.1175, 0.1175, 0.1175, 0.1175, 0.1175, 0.1175, 0.1175, 0.1175, 0.1175, 0.1175, 0.1175, 0.1175, 0.1175, 0.1175, 0.1175, 0.1175, 0.1175, 0.1175, 0.1175, 0.1175, 0.1175, 0.1175, 0.1175, 0.1175, 0.1175, 0.1175, 0.1175, 0.1175, 0.1175, 0.1175, 0.1175, 0.1175, 0.1175, 0.1175, 0.1175, 0.1175, 0.1175, 0.1175, 0.1175, 0.1175, 0.1175, 0.1175, 0.1175, 0.1175, 0.1175, 0.1175, 0.1175, 0.1175, 0.1175, 0.1175, 0.1175, 0.1175, 0.1175, 0.1175, 0.1175, 0.1175, 0.1175, 0.1175, 0.1175, 0.1175, 0.1175, 0.1175, 0.1175, 0.1175, 0.1175, 0.1175, 0.1175, 0.1175, 0.1175, 0.1175, 0.1175, 0.1175, 0.1175, 0.1175, 0.1175, 0.1175, 0.1175]","{""0"": 0.3074, ""1"": 0.0656, ""2"": 0.1781, ""3"": 0.0287, ""4"": 0.1134, ""5"": 0.1377, ""6"": 0.0706, ""7"": 0.0043}","[0.0, 0.0, 0.0, 0.0, 0.0, 1.0, 0.0, 0.0, 0.0, 0.0714, 0.0, 0.0, 0.0, 0.1667, 0.0, 0.0, 0.0, 0.0, 0.0, 0.0, 0.0, 0.0, 0.0, 0.0, 0.0, 0.0, 0.0, 0.0, 0.0, 0.0, 0.0, 0.0, 0.0, 0.0, 0.0, 0.0, 0.0, 0.0, 0.1, 0.0, 0.0, 0.5, 0.0, 0.0, 0.0, 0.0, 0.875, 0.0, 0.0, 1.0, 0.0, 0.0, 0.0, 0.0, 0.8889, 0.0, 0.0, 1.0, 0.0, 0.0, 0.0, 0.0, 0.75, 0.0, 0.25, 1.0, 0.0, 0.0, 0.0, 0.0, 1.0, 0.0, 0.0, 0.75, 0.0, 0.0, 0.0, 0.0, 1.0, 0.0, 0.0, 0.1111, 0.0, 0.0, 0.0, 0.0, 0.1667, 0.0, 0.0, 0.0, 0.0, 1.0, 0.0, 0.0, 0.0, 0.1111, 0.0, 0.0, 0.0, 0.8571, 0.0, 0.0, 0.0, 1.0, 0.0, 0.0, 0.0, 0.0, 0.0, 0.0, 0.0, 0.75, 0.0, 0.0, 0.0, 0.0, 0.0, 0.0, 0.0, 0.0, 0.0, 0.0769, 1.0, 0.0, 0.0, 0.25, 0.0, 0.0, 0.0, 0.0, 0.0, 0.0, 1.0, 1.0, 0.0, 0.0, 0.0, 0.0, 0.0, 0.0, 0.1667, 0.7143, 0.0, 0.0, 0.0, 0.0, 0.0, 0.0, 0.0, 0.1667, 0.0, 0.0, 0.0, 0.0, 0.0, 0.0, 0.0, 0.0, 0.0, 0.0, 0.0, 0.0, 0.0, 0.0, 0.0, 0.0, 0.0, 0.0, 0.0, 0.0, 0.0, 0.0, 0.0, 0.0, 0.0, 0.0, 0.0, 0.0, 0.0, 0.1, 0.0, 0.0, 0.0, 0.0, 0.0, 0.0, 0.0, 0.0, 0.0, 0.0, 0.0, 0.0, 0.0, 0.1111, 0.0, 0.0, 0.0, 0.0, 0.0, 0.0, 0.0, 0.0, 0.0, 0.8, 0.0, 0.0, 0.0, 0.0, 0.0, 0.8333, 0.0, 1.0, 0.0, 0.0, 0.0, 0.0, 0.0, 0.8889, 0.0, 0.9091, 0.0, 0.0, 0.0, 0.0, 0.0, 0.9231, 0.0, 0.8571, 0.0, 1.0, 0.0, 0.0, 0.0, 0.875, 1.0, 0.0, 0.0, 0.0, 0.0, 0.0, 0.0, 1.0, 0.0, 0.0, 0.0, 0.0, 0.0, 0.0, 0.0, 1.0]"
cluster,0.8,9,cluster,0.1525,0.1525,0.1525,-0.0,21,True,305,0,259,1436,0,"[0.05, 0.066, 0.08, 0.0925, 0.102, 0.1105, 0.1215, 0.128, 0.131, 0.135, 0.1375, 0.139, 0.1395, 0.141, 0.142, 0.1435, 0.145, 0.1475, 0.1505, 0.152, 0.1525, 0.1525, 0.1525, 0.1525, 0.1525, 0.1525, 0.1525, 0.1525, 0.1525, 0.1525, 0.1525, 0.1525, 0.1525, 0.1525, 0.1525, 0.1525, 0.1525, 0.1525, 0.1525, 0.1525, 0.1525, 0.1525, 0.1525, 0.1525, 0.1525, 0.1525, 0.1525, 0.1525, 0.1525, 0.1525, 0.1525, 0.1525, 0.1525, 0.1525, 0.1525, 0.1525, 0.1525, 0.1525, 0.1525, 0.1525, 0.1525, 0.1525, 0.1525, 0.1525, 0.1525, 0.1525, 0.1525, 0.1525, 0.1525, 0.1525, 0.1525, 0.1525, 0.1525, 0.1525, 0.1525, 0.1525, 0.1525, 0.1525, 0.1525, 0.1525, 0.1525, 0.1525, 0.1525, 0.1525, 0.1525, 0.1525, 0.1525, 0.1525, 0.1525, 0.1525, 0.1525, 0.1525, 0.1525, 0.1525, 0.1525, 0.1525, 0.1525, 0.1525, 0.1525, 0.1525, 0.1525]","{""0"": 0.0, ""1"": 0.155, ""2"": 0.0342, ""3"": 0.3806, ""4"": 0.0037, ""5"": 0.2232, ""6"": 0.128, ""7"": 0.2874}","[0.4444, 0.0, 0.0, 0.0, 0.0, 0.0, 0.0, 0.0, 0.0, 0.0, 0.0, 0.0, 0.0, 0.0, 0.0, 0.0, 0.0, 0.0, 0.0, 0.2, 0.0, 0.0, 0.0, 0.0, 0.0, 0.0, 0.0, 0.0, 0.0, 0.0, 0.0, 0.1, 0.1818, 0.0, 0.0, 0.0, 0.0, 0.0, 0.0, 0.0, 0.0, 0.0, 1.0, 0.0, 0.0, 0.0, 0.0, 0.0, 1.0, 0.0, 0.5, 0.0, 0.0, 0.0, 0.0, 0.0, 1.0, 0.0, 0.75, 0.0, 0.0, 0.0, 0.0, 0.0, 1.0, 0.0, 0.0, 0.0, 0.0, 0.0, 0.0, 0.0, 0.9, 0.0, 0.0, 0.0, 0.0, 0.0, 0.0, 0.0, 1.0, 0.0, 0.0, 0.0, 0.0, 0.0, 0.0, 0.0, 1.0, 0.0, 0.0, 0.0, 0.0, 0.0, 0.8333, 0.0, 1.0, 0.0, 0.0, 1.0, 0.0, 0.0, 1.0, 0.0, 1.0, 0.0, 0.0, 0.0, 0.2222, 0.0, 0.6667, 0.0, 0.0, 0.0, 0.0, 0.1, 1.0, 0.0909, 1.0, 0.0, 0.0, 0.0, 0.0, 0.0, 0.9231, 0.0, 0.9, 0.0, 0.0, 0.0, 0.1429, 0.0, 1.0, 0.0, 1.0, 0.4286, 0.0, 0.0, 0.1667, 0.0, 1.0, 0.0, 1.0, 1.0, 0.0, 0.0, 0.6, 0.0, 1.0, 0.0, 0.5714, 0.125, 0.0, 0.0, 1.0, 0.0, 0.5, 0.0, 0.0, 0.0, 0.0, 0.0, 0.0833, 0.0, 0.125, 0.0, 0.0, 0.0, 0.0, 0.0, 0.0, 0.0, 0.0909, 0.0, 0.0, 0.0, 0.0, 0.0, 0.0, 0.0, 0.0, 0.0, 0.0, 0.0, 0.125, 0.0, 0.0, 0.0, 0.0, 0.0, 0.1667, 0.0, 0.0833, 0.0, 0.0, 0.0, 0.1667, 0.0, 0.0, 0.0, 0.875, 0.0, 0.0, 0.0, 0.2857, 0.0, 0.0, 0.0, 0.0769, 0.0, 0.0, 0.0, 0.7778, 0.0, 0.0, 0.0, 0.0, 0.0, 0.0, 0.0, 1.0, 0.0, 0.0, 0.7778, 0.0, 0.0, 0.0, 0.0, 1.0, 0.0, 0.0, 1.0, 0.0, 0.0, 0.0, 0.0, 0.8889, 0.0, 0.0, 0.2222, 0.0, 0.0, 0.125, 0.0, 0.7778, 0.0, 0.0, 0.0, 0.0, 0.0]"
cluster,0.8,10,cluster,0.1395,0.1395,0.1395,0.0,20,True,279,0,287,1434,0,"[0.05, 0.0645, 0.0745, 0.0845, 0.092, 0.0955, 0.0995, 0.1035, 0.106, 0.1105, 0.115, 0.119, 0.1225, 0.1275, 0.1315, 0.134, 0.136, 0.1375, 0.139, 0.1395, 0.1395, 0.1395, 0.1395, 0.1395, 0.1395, 0.1395, 0.1395, 0.1395, 0.1395, 0.1395, 0.1395, 0.1395, 0.1395, 0.1395, 0.1395, 0.1395, 0.1395, 0.1395, 0.1395, 0.1395, 0.1395, 0.1395, 0.1395, 0.1395, 0.1395, 0.1395, 0.1395, 0.1395, 0.1395, 0.1395, 0.1395, 0.1395, 0.1395, 0.1395, 0.1395, 0.1395, 0.1395, 0.1395, 0.1395, 0.1395, 0.1395, 0.1395, 0.1395, 0.1395, 0.1395, 0.1395, 0.1395, 0.1395, 0.1395, 0.1395, 0.1395, 0.1395, 0.1395, 0.1395, 0.1395, 0.1395, 0.1395, 0.1395, 0.1395, 0.1395, 0.1395, 0.1395, 0.1395, 0.1395, 0.1395, 0.1395, 0.1395, 0.1395, 0.1395, 0.1395, 0.1395, 0.1395, 0.1395, 0.1395, 0.1395, 0.1395, 0.1395, 0.1395, 0.1395, 0.1395, 0.1395]","{""0"": 0.0735, ""1"": 0.004, ""2"": 0.2284, ""3"": 0.0692, ""4"": 0.3745, ""5"": 0.2231, ""6"": 0.1223, ""7"": 0.0292}","[0.0, 0.0, 0.0, 0.4, 0.0, 0.0, 1.0, 0.0, 0.0, 0.0, 0.0, 1.0, 0.0, 0.0, 0.0, 0.0, 0.0, 0.0, 0.0, 0.7778, 0.0, 0.0, 0.0, 0.0, 0.0, 0.0, 0.0, 0.1429, 0.0, 0.0, 0.0, 0.0, 0.0, 0.0, 0.0, 0.1, 0.0, 0.0, 0.0, 0.0, 0.0, 0.0, 0.0, 0.1667, 0.0, 0.0, 0.0, 0.0, 0.0, 0.0, 0.0, 0.0, 0.0, 0.0, 0.0, 0.0, 0.0, 0.0, 0.0, 0.0, 0.0, 0.0, 0.0, 0.0, 0.0, 0.0, 0.0, 0.3333, 0.0, 0.0, 0.0, 0.0833, 0.0, 0.0, 0.0, 0.6667, 0.0, 0.0, 0.0, 0.0, 0.0, 0.0, 0.0, 0.7143, 0.0, 0.0, 0.0, 0.0, 0.0, 0.0, 0.0, 1.0, 0.0, 0.0, 0.25, 0.0, 0.0, 0.0, 0.0, 0.8571, 0.0, 0.5, 0.0909, 0.0, 0.0, 0.75, 0.0, 1.0, 0.0, 0.8333, 0.0, 0.0, 1.0, 1.0, 0.0, 0.8333, 0.0, 1.0, 0.0, 0.0, 0.125, 0.8, 0.0, 0.0, 0.0, 0.875, 0.0, 0.0, 0.0, 0.125, 0.0, 0.0, 0.0, 1.0, 0.0, 0.0, 0.0, 0.0, 0.0, 0.0, 0.0, 0.8333, 0.0, 0.0, 0.0, 0.0, 0.0, 0.0, 0.0, 1.0, 0.0, 0.0, 0.0, 0.0, 0.0, 0.0, 0.0, 0.0, 0.0, 0.0, 0.0, 0.0, 0.0, 0.0, 0.0, 0.1111, 0.1, 0.0, 0.0, 0.0, 0.0, 0.0, 0.0, 0.0, 0.0, 0.0, 0.0, 0.0, 0.0, 0.0, 0.0, 0.7778, 0.0, 0.5, 0.0, 0.0, 0.0, 0.0, 1.0, 1.0, 0.0, 0.7143, 0.0, 0.0, 0.0909, 0.0, 0.0, 0.8889, 0.7, 1.0, 0.0, 0.0, 0.0, 0.0, 0.0, 0.8889, 1.0, 0.0, 0.0, 0.0, 0.0, 0.0, 0.1111, 0.8889, 0.8333, 0.0, 0.0, 0.0, 0.0, 0.0, 1.0, 1.0, 1.0, 0.0, 0.0, 0.0, 0.0, 0.0, 0.1111, 0.2222, 0.8571, 0.0, 0.0, 0.0, 0.0, 0.0, 0.0, 0.0, 1.0, 1.0, 0.0, 0.0, 0.0, 0.0, 0.0, 0.0, 0.875, 0.125, 0.0, 0.0]"
cluster,0.8,11,cluster,0.097,0.097,0.097,0.0,9,True,194,0,286,1520,0,"[0.05, 0.067, 0.0755, 0.0815, 0.087, 0.0895, 0.0915, 0.0935, 0.097, 0.097, 0.097, 0.097, 0.097, 0.097, 0.097, 0.097, 0.097, 0.097, 0.097, 0.097, 0.097, 0.097, 0.097, 0.097, 0.097, 0.097, 0.097, 0.097, 0.097, 0.097, 0.097, 0.097, 0.097, 0.097, 0.097, 0.097, 0.097, 0.097, 0.097, 0.097, 0.097, 0.097, 0.097, 0.097, 0.097, 0.097, 0.097, 0.097, 0.097, 0.097, 0.097, 0.097, 0.097, 0.097, 0.097, 0.097, 0.097, 0.097, 0.097, 0.097, 0.097, 0.097, 0.097, 0.097, 0.097, 0.097, 0.097, 0.097, 0.097, 0.097, 0.097, 0.097, 0.097, 0.097, 0.097, 0.097, 0.097, 0.097, 0.097, 0.097, 0.097, 0.097, 0.097, 0.097, 0.097, 0.097, 0.097, 0.097, 0.097, 0.097, 0.097, 0.097, 0.097, 0.097, 0.097, 0.097, 0.097, 0.097, 0.097, 0.097, 0.097]","{""0"": 0.0782, ""1"": 0.0687, ""2"": 0.0081, ""3"": 0.0583, ""4"": 0.2802, ""5"": 0.0251, ""6"": 0.1504, ""7"": 0.0939}","[0.1111, 0.0, 0.0, 0.0, 0.0, 0.0, 0.0, 0.0, 0.0, 0.0, 0.0, 0.0, 0.0, 0.0, 0.0, 0.0, 0.0, 0.0, 0.0, 0.0, 0.0, 0.0, 0.0, 0.0, 0.0, 0.0, 0.0, 0.0, 0.0, 0.0, 0.0, 0.0, 0.0, 0.1667, 0.0, 0.4, 0.0, 0.0, 0.0, 0.0, 0.0, 1.0, 0.0, 0.0, 0.0, 0.0, 0.0, 0.0, 0.0, 0.0, 0.0, 0.0, 0.0, 0.0, 0.0, 0.0, 0.0, 0.125, 0.0, 0.0, 0.0, 0.0, 0.0, 0.0, 1.0, 0.0, 0.0, 0.0, 0.0, 0.0, 0.0, 0.0, 0.0, 0.0, 0.0, 0.0, 0.0, 0.0, 0.0, 0.0, 0.0, 0.0, 0.0, 0.0, 0.0, 0.0, 0.0, 0.0, 0.2, 0.0, 0.0, 0.0, 0.0, 0.0, 0.0, 0.0, 0.0833, 0.0, 0.0, 0.0, 0.0, 0.0, 0.0, 0.0, 0.0, 0.0, 0.0909, 0.0, 0.0, 0.0, 0.0, 0.0, 0.0, 0.0, 0.0, 0.0, 0.0, 0.0, 0.0, 0.0, 0.0, 0.0, 0.0, 0.0, 0.0, 1.0, 0.0, 0.6667, 0.0, 0.0, 0.0, 0.0, 0.0, 1.0, 0.0, 1.0, 0.0, 0.0, 0.1111, 0.0, 0.0909, 1.0, 0.0, 0.8333, 0.0, 0.0, 0.0909, 0.0, 1.0, 1.0, 0.0, 1.0, 0.25, 0.0, 1.0, 0.0, 0.1667, 1.0, 0.0, 0.4, 1.0, 0.0, 0.8889, 0.0, 0.0, 0.8571, 0.0, 0.1429, 1.0, 0.0, 0.0, 0.0, 0.0, 0.875, 0.0, 0.0, 0.3333, 0.6667, 0.0, 0.0, 0.0, 0.8571, 0.0, 0.0, 0.0, 1.0, 0.0, 0.0, 0.0, 0.9333, 0.0, 0.0, 0.0, 0.1667, 0.0, 0.0, 0.0, 0.0, 0.0, 0.0, 0.0, 0.0, 0.0, 0.0, 0.0, 0.0, 0.0, 0.0, 0.0, 0.0, 0.0, 0.0, 0.0, 0.0, 0.0, 0.0, 0.0, 0.0, 0.0, 0.0, 0.0, 0.0, 0.0, 0.0, 0.0, 0.0, 0.0, 0.0, 0.0, 0.0, 0.125, 0.0, 0.0, 0.0, 0.0, 0.0, 0.0, 0.0, 1.0, 0.0, 0.0, 0.0, 0.0, 0.0, 0.0, 0.0, 0.1111, 0.0, 0.0, 0.0]"
cluster,1.0,0,cluster,0.32,0.32,0.32,0.0,18,True,640,0,272,1088,0,"[0.05, 0.0655, 0.0865, 0.1085, 0.133, 0.159, 0.18, 0.197, 0.219, 0.2405, 0.261, 0.2785, 0.2885, 0.298, 0.308, 0.3145, 0.3175, 0.32, 0.32, 0.32, 0.32, 0.32, 0.32, 0.32, 0.32, 0.32, 0.32, 0.32, 0.32, 0.32, 0.32, 0.32, 0.32, 0.32, 0.32, 0.32, 0.32, 0.32, 0.32, 0.32, 0.32, 0.32, 0.32, 0.32, 0.32, 0.32, 0.32, 0.32, 0.32, 0.32, 0.32, 0.32, 0.32, 0.32, 0.32, 0.32, 0.32, 0.32, 0.32, 0.32, 0.32, 0.32, 0.32, 0.32, 0.32, 0.32, 0.32, 0.32, 0.32, 0.32, 0.32, 0.32, 0.32, 0.32, 0.32, 0.32, 0.32, 0.32, 0.32, 0.32, 0.32, 0.32, 0.32, 0.32, 0.32, 0.32, 0.32, 0.32, 0.32, 0.32, 0.32, 0.32, 0.32, 0.32, 0.32, 0.32, 0.32, 0.32, 0.32, 0.32, 0.32]","{""0"": 0.1439, ""1"": 0.0, ""2"": 0.336, ""3"": 0.1667, ""4"": 0.4405, ""5"": 0.5344, ""6"": 0.5339, ""7"": 0.4202}","[0.5556, 0.0, 0.0, 0.0, 0.0, 1.0, 0.9091, 0.0, 0.0, 0.0, 0.0, 0.0, 0.0, 0.1429, 0.8571, 0.0, 0.0, 0.0, 0.0, 0.0, 0.0, 0.0, 0.8, 0.0, 0.0, 0.0, 0.0, 0.0, 0.0, 0.0, 1.0, 0.0, 0.0, 0.0, 0.0, 0.0, 0.0, 0.0, 1.0, 0.0, 0.0, 0.0, 0.0, 0.0, 0.0, 0.0, 1.0, 0.0, 0.0, 0.0, 0.0, 0.0, 0.0, 0.0, 0.75, 0.0, 0.0, 0.0, 0.0, 0.0, 0.0, 0.0, 0.8333, 0.0, 0.0, 0.0, 0.0, 0.0, 0.0, 0.0, 1.0, 0.0, 0.0, 0.0, 0.0, 0.0, 0.0, 0.0, 0.8, 0.75, 0.0, 0.0, 0.0, 0.1, 0.0, 0.0, 0.8182, 0.875, 0.0, 0.0, 0.0, 0.0, 0.0, 0.0, 0.8571, 0.9, 0.0, 0.0, 0.0, 0.0, 1.0, 0.0, 0.8333, 1.0, 0.0, 0.0, 0.0, 0.0, 0.8571, 0.1111, 1.0, 0.875, 0.0, 0.1667, 0.0, 0.0, 1.0, 0.0, 0.8, 1.0, 1.0, 0.0, 0.0, 0.0, 0.625, 0.0, 1.0, 0.8333, 0.8571, 0.0, 0.0, 0.0, 0.0, 0.0, 1.0, 0.8333, 1.0, 0.0, 0.0, 0.0, 0.0, 1.0, 0.6154, 1.0, 0.6667, 0.0, 0.0, 0.4, 0.0, 1.0, 0.1111, 0.8571, 1.0, 0.0, 0.0, 0.8333, 0.0, 0.8333, 0.0, 1.0, 0.5, 0.0, 0.0, 0.8, 0.0, 0.8571, 0.0, 1.0, 1.0, 0.0, 0.0, 1.0, 0.0, 1.0, 0.0, 1.0, 1.0, 0.0, 0.0, 1.0, 0.0, 1.0, 0.0, 0.8571, 0.7143, 0.0, 0.0, 1.0, 0.0, 1.0, 0.0, 1.0, 0.8, 0.0, 0.0, 1.0, 0.0, 0.8571, 0.0, 1.0, 1.0, 0.25, 0.0, 0.8889, 0.0, 1.0, 0.0, 1.0, 1.0, 0.7857, 0.0, 1.0, 0.0, 0.875, 0.0, 0.75, 1.0, 0.75, 0.0, 1.0, 0.4, 1.0, 0.2, 1.0, 1.0, 1.0, 0.0, 0.8571, 0.8182, 0.8333, 0.0, 0.5556, 0.0, 1.0, 0.0, 0.5556, 0.0833, 1.0, 0.0, 0.3333, 0.0, 0.75, 0.0, 0.0, 0.0, 1.0, 0.1429, 0.0, 0.0, 0.1111]"
cluster,1.0,1,cluster,0.171,0.171,0.171,0.0,15,True,342,0,270,1388,0,"[0.05, 0.068, 0.0825, 0.097, 0.1105, 0.121, 0.1305, 0.1375, 0.1435, 0.151, 0.1565, 0.162, 0.1685, 0.17, 0.171, 0.171, 0.171, 0.171, 0.171, 0.171, 0.171, 0.171, 0.171, 0.171, 0.171, 0.171, 0.171, 0.171, 0.171, 0.171, 0.171, 0.171, 0.171, 0.171, 0.171, 0.171, 0.171, 0.171, 0.171, 0.171, 0.171, 0.171, 0.171, 0.171, 0.171, 0.171, 0.171, 0.171, 0.171, 0.171, 0.171, 0.171, 0.171, 0.171, 0.171, 0.171, 0.171, 0.171, 0.171, 0.171, 0.171, 0.171, 0.171, 0.171, 0.171, 0.171, 0.171, 0.171, 0.171, 0.171, 0.171, 0.171, 0.171, 0.171, 0.171, 0.171, 0.171, 0.171, 0.171, 0.171, 0.171, 0.171, 0.171, 0.171, 0.171, 0.171, 0.171, 0.171, 0.171, 0.171, 0.171, 0.171, 0.171, 0.171, 0.171, 0.171, 0.171, 0.171, 0.171, 0.171, 0.171]","{""0"": 0.5788, ""1"": 0.0044, ""2"": 0.0667, ""3"": 0.0811, ""4"": 0.0236, ""5"": 0.075, ""6"": 0.3398, ""7"": 0.1338}","[0.2222, 1.0, 0.0, 0.0, 0.0, 0.0, 0.0, 0.0, 0.375, 1.0, 0.125, 0.0, 0.0, 0.0, 0.0, 0.0, 1.0, 0.9, 0.0, 0.0, 1.0, 0.0, 0.0, 1.0, 0.25, 0.6667, 0.0, 0.0, 0.3333, 0.0, 0.0, 0.8571, 0.0, 1.0, 0.0, 1.0, 0.0, 0.0, 0.0, 0.875, 0.0, 0.625, 0.0, 0.1111, 0.0, 0.0, 0.0, 0.75, 0.0, 0.0, 0.0, 0.0, 0.0, 0.0, 0.0, 1.0, 0.0, 0.0, 0.0, 0.0, 0.0, 0.0, 0.0, 0.7692, 0.0, 0.0, 0.0, 0.0, 0.0, 0.0, 0.0, 1.0, 0.0, 0.0909, 0.0, 0.0, 0.0, 0.1667, 0.0, 0.875, 0.0, 0.1, 0.0, 0.0, 0.0, 0.0, 0.0, 1.0, 0.0, 0.0, 0.0, 0.125, 0.1111, 0.0, 0.2, 0.9091, 0.0, 0.0, 0.0, 0.0, 1.0, 0.0, 0.0, 1.0, 0.0, 0.0, 0.0, 0.0, 0.0, 0.0, 0.0, 0.0, 0.0, 0.0, 0.0, 0.0, 0.0, 0.0, 0.0, 0.0, 0.0, 0.0, 0.0, 0.0, 0.0, 0.0, 0.0, 0.0, 0.0, 0.125, 0.0, 0.0, 0.0, 0.0, 0.0, 0.0, 0.0, 0.8571, 0.0, 0.0, 0.0, 0.0, 1.0, 0.0, 0.0, 0.9, 0.0, 0.0, 0.0, 0.0, 0.8333, 0.0, 0.0, 1.0, 0.0, 0.0, 0.0, 0.0, 0.6667, 1.0, 0.0, 0.8889, 0.0, 0.0, 0.0, 0.0, 0.0, 0.1111, 1.0, 1.0, 0.0, 0.0, 0.0, 0.0, 0.0, 0.0, 1.0, 0.875, 0.0, 0.0, 0.0, 0.0, 0.0, 0.0, 1.0, 0.8889, 0.0, 0.0, 0.0, 0.0, 0.0, 0.0, 0.0, 0.875, 0.0, 0.0, 0.0, 0.0, 0.1, 0.0, 0.0, 0.8333, 0.0, 0.0, 0.0, 0.1111, 0.0, 0.0, 0.0, 0.6667, 0.0, 0.0, 0.0, 0.0, 0.0, 0.0, 0.0, 1.0, 0.0, 0.0, 0.0, 1.0, 0.0, 0.0, 0.0, 1.0, 0.0, 1.0, 0.0, 0.0, 0.1, 0.0, 0.0, 0.95, 0.0, 0.25, 0.0, 0.0, 0.0, 0.0, 0.0, 0.8, 0.0, 0.0, 0.0, 0.0, 0.0, 0.0, 0.0, 1.0]"
cluster,1.0,2,cluster,0.318,0.318,0.318,0.0,41,True,636,0,297,1067,0,"[0.05, 0.067, 0.088, 0.108, 0.125, 0.1415, 0.153, 0.1655, 0.1795, 0.1925, 0.2015, 0.209, 0.2185, 0.229, 0.2385, 0.2465, 0.2525, 0.2565, 0.261, 0.2645, 0.27, 0.276, 0.282, 0.291, 0.2955, 0.297, 0.299, 0.3005, 0.3025, 0.303, 0.304, 0.3065, 0.3085, 0.31, 0.3125, 0.315, 0.3155, 0.316, 0.317, 0.3175, 0.318, 0.318, 0.318, 0.318, 0.318, 0.318, 0.318, 0.318, 0.318, 0.318, 0.318, 0.318, 0.318, 0.318, 0.318, 0.318, 0.318, 0.318, 0.318, 0.318, 0.318, 0.318, 0.318, 0.318, 0.318, 0.318, 0.318, 0.318, 0.318, 0.318, 0.318, 0.318, 0.318, 0.318, 0.318, 0.318, 0.318, 0.318, 0.318, 0.318, 0.318, 0.318, 0.318, 0.318, 0.318, 0.318, 0.318, 0.318, 0.318, 0.318, 0.318, 0.318, 0.318, 0.318, 0.318, 0.318, 0.318, 0.318, 0.318, 0.318, 0.318]","{""0"": 0.0563, ""1"": 0.0081, ""2"": 0.5079, ""3"": 0.3137, ""4"": 0.6198, ""5"": 0.5533, ""6"": 0.3051, ""7"": 0.2143}","[0.6667, 0.0, 0.1429, 0.0, 0.5714, 0.0, 0.0, 0.8889, 0.0, 0.0, 0.0, 0.3333, 1.0, 0.125, 0.0, 0.6667, 0.0, 0.0, 0.0, 0.1429, 1.0, 0.875, 0.8571, 0.8, 0.0, 0.0, 0.0, 0.0, 0.75, 0.5714, 1.0, 1.0, 0.0, 0.0, 0.0, 0.0, 1.0, 0.8571, 0.7, 1.0, 0.0, 0.0, 0.0, 0.0, 0.875, 1.0, 1.0, 1.0, 0.0, 0.0, 0.0, 0.0, 0.6667, 0.8889, 1.0, 1.0, 0.0, 0.0, 0.0, 0.0, 1.0, 0.8333, 1.0, 1.0, 0.0, 0.1, 0.0, 0.0, 1.0, 0.6667, 1.0, 0.0, 0.0, 0.0, 0.0, 0.0, 1.0, 0.875, 1.0, 0.0, 0.0, 0.0, 0.0, 0.0, 0.8571, 1.0, 0.75, 0.0, 0.0, 0.0, 0.0, 1.0, 0.0, 1.0, 0.875, 0.0, 0.0, 0.0, 0.0, 0.8571, 0.0, 0.7143, 0.8462, 0.0, 0.0, 0.1, 0.0, 0.7778, 0.0, 1.0, 1.0, 0.0, 0.0, 0.1111, 0.0, 0.875, 0.0, 0.8571, 0.9, 0.0, 0.0, 0.0909, 0.0, 0.8889, 0.0, 1.0, 1.0, 0.0, 0.0, 0.0, 0.0, 0.7143, 0.0, 1.0, 0.875, 0.0, 0.0, 0.0, 0.0, 0.8889, 0.0, 0.9167, 0.8182, 0.0, 1.0, 0.1667, 0.0, 1.0, 0.0, 1.0, 1.0, 0.0, 1.0, 1.0, 0.0, 1.0, 0.0, 0.7778, 0.8889, 0.0, 0.6667, 0.0588, 0.1111, 1.0, 0.0, 0.7778, 0.7778, 0.0, 1.0, 0.0, 0.0, 1.0, 0.0, 0.125, 0.0769, 0.0, 1.0, 0.0769, 0.0, 0.6667, 0.0, 0.0, 0.0, 0.0, 0.8, 0.0, 0.0, 0.7273, 0.0, 0.0, 0.0, 0.0, 0.6667, 0.0, 0.0, 1.0, 0.0, 0.0, 0.0, 0.0, 1.0, 0.0, 0.0, 0.8571, 0.0, 0.0, 0.0, 0.0, 0.1111, 0.0, 0.0, 0.875, 0.0, 0.5, 0.0, 0.0, 0.0, 0.0, 0.0, 0.7778, 0.0, 0.8, 0.0, 0.0, 0.0, 0.0, 0.0, 0.0, 0.0, 0.6667, 0.0, 0.0, 0.0, 0.0, 0.0, 0.25, 0.1429, 0.7273, 0.0, 0.7, 0.0, 0.0, 0.0, 0.1111, 0.25, 0.0, 0.0, 1.0, 0.0, 0.0]"
cluster,1.0,3,cluster,0.2455,0.2455,0.2455,0.0,37,True,491,0,287,1222,0,"[0.05, 0.065, 0.083, 0.1035, 0.1165, 0.127, 0.1385, 0.145, 0.151, 0.158, 0.1635, 0.1675, 0.172, 0.176, 0.1795, 0.183, 0.185, 0.1875, 0.191, 0.1935, 0.1955, 0.199, 0.206, 0.2095, 0.2135, 0.2175, 0.2235, 0.232, 0.234, 0.235, 0.2365, 0.237, 0.2385, 0.24, 0.2425, 0.2445, 0.2455, 0.2455, 0.2455, 0.2455, 0.2455, 0.2455, 0.2455, 0.2455, 0.2455, 0.2455, 0.2455, 0.2455, 0.2455, 0.2455, 0.2455, 0.2455, 0.2455, 0.2455, 0.2455, 0.2455, 0.2455, 0.2455, 0.2455, 0.2455, 0.2455, 0.2455, 0.2455, 0.2455, 0.2455, 0.2455, 0.2455, 0.2455, 0.2455, 0.2455, 0.2455, 0.2455, 0.2455, 0.2455, 0.2455, 0.2455, 0.2455, 0.2455, 0.2455, 0.2455, 0.2455, 0.2455, 0.2455, 0.2455, 0.2455, 0.2455, 0.2455, 0.2455, 0.2455, 0.2455, 0.2455, 0.2455, 0.2455, 0.2455, 0.2455, 0.2455, 0.2455, 0.2455, 0.2455, 0.2455, 0.2455]","{""0"": 0.2586, ""1"": 0.1632, ""2"": 0.0415, ""3"": 0.0847, ""4"": 0.0, ""5"": 0.349, ""6"": 0.2937, ""7"": 0.718}","[0.1111, 0.0, 0.0, 0.0, 0.0, 0.0, 0.0, 1.0, 1.0, 0.0, 0.375, 0.0, 0.0, 0.0, 0.0, 0.8182, 1.0, 0.0, 0.375, 0.0, 0.0, 0.0, 0.0833, 0.8, 1.0, 0.0, 0.0, 0.0, 0.0, 0.0, 0.0833, 0.9, 0.9231, 0.0, 0.0, 0.0, 0.0, 0.0, 0.7778, 0.3333, 0.75, 0.0, 0.0, 0.0, 0.0, 0.0, 1.0, 0.0769, 0.8889, 0.8889, 0.0, 0.0, 0.75, 0.0, 1.0, 0.0, 0.9286, 0.8, 0.0, 0.0, 1.0, 0.0, 0.0, 0.0, 1.0, 0.9231, 0.0, 0.0, 0.0, 0.0, 0.0, 0.0, 1.0, 0.8, 0.0, 0.0, 0.0, 0.0, 0.0, 0.0, 0.8, 1.0, 0.6, 0.0, 0.0, 0.0, 0.0, 0.0, 0.75, 1.0, 0.8, 0.0, 0.0, 0.0, 0.0, 0.125, 0.875, 0.875, 0.875, 0.0, 0.0, 0.0, 0.0, 0.0, 0.7143, 0.8889, 1.0, 0.0, 0.0, 0.0, 0.0, 0.0, 0.8182, 0.75, 0.7143, 0.0, 0.0, 0.0, 0.1667, 0.0, 1.0, 0.125, 0.7143, 0.0, 0.0, 0.0, 0.0, 0.0, 0.75, 0.0, 0.0, 0.0, 1.0, 0.0, 0.0, 0.0, 0.625, 0.0, 0.0909, 0.0, 0.0, 0.0, 0.0, 0.0, 1.0, 0.0, 0.0, 0.0, 0.0, 0.0, 0.0, 0.0, 0.8571, 0.0, 0.0, 0.0, 0.0, 0.0, 0.6667, 0.0, 0.0, 0.0, 0.0, 0.0, 0.0, 0.0, 1.0, 0.0, 0.0, 0.0, 0.0, 0.0, 0.0, 0.0, 1.0, 0.0, 0.0, 0.0, 0.0, 0.0, 0.0, 0.0, 1.0, 0.0, 0.0, 0.0, 0.0, 0.0, 0.0, 0.0, 0.8571, 0.0, 0.1667, 0.0, 0.0, 0.0, 0.0, 0.0, 1.0, 0.0, 0.0, 0.0, 0.0, 0.0, 0.0, 0.0, 0.8889, 0.0, 0.1111, 0.0, 0.0, 0.0, 0.0, 0.0, 0.8333, 0.8571, 0.8333, 0.0, 0.0, 0.0, 0.0, 0.0, 0.75, 0.8333, 0.7143, 0.0, 0.0, 0.0, 0.0, 0.0, 0.625, 0.7143, 0.8889, 0.0, 0.0, 0.6667, 0.0, 0.0, 0.125, 0.8889, 0.8571, 0.0, 0.0, 1.0, 0.0, 0.0, 0.0, 1.0, 1.0, 0.0]"
cluster,1.0,4,cluster,0.352,0.352,0.352,0.0,50,True,704,0,280,1016,0,"[0.05, 0.071, 0.094, 0.114, 0.13, 0.147, 0.1615, 0.18, 0.192, 0.202, 0.2115, 0.221, 0.233, 0.2475, 0.263, 0.278, 0.2865, 0.2935, 0.2975, 0.3015, 0.305, 0.3075, 0.312, 0.3135, 0.316, 0.3165, 0.3175, 0.3195, 0.321, 0.3235, 0.3275, 0.329, 0.33, 0.331, 0.332, 0.3325, 0.3335, 0.3355, 0.3385, 0.34, 0.3415, 0.343, 0.3435, 0.345, 0.346, 0.3475, 0.35, 0.351, 0.3515, 0.352, 0.352, 0.352, 0.352, 0.352, 0.352, 0.352, 0.352, 0.352, 0.352, 0.352, 0.352, 0.352, 0.352, 0.352, 0.352, 0.352, 0.352, 0.352, 0.352, 0.352, 0.352, 0.352, 0.352, 0.352, 0.352, 0.352, 0.352, 0.352, 0.352, 0.352, 0.352, 0.352, 0.352, 0.352, 0.352, 0.352, 0.352, 0.352, 0.352, 0.352, 0.352, 0.352, 0.352, 0.352, 0.352, 0.352, 0.352, 0.352, 0.352, 0.352, 0.352]","{""0"": 0.0035, ""1"": 0.5513, ""2"": 0.0, ""3"": 0.2763, ""4"": 0.2908, ""5"": 0.8893, ""6"": 0.3833, ""7"": 0.5042}","[0.2222, 0.0, 0.8333, 0.0, 0.0, 1.0, 1.0, 0.0, 0.0, 0.0, 0.7143, 0.0, 0.0, 1.0, 1.0, 0.0, 0.0, 0.0, 1.0, 0.0, 0.0, 0.8333, 1.0, 0.0, 0.0, 0.0, 0.9, 0.0, 0.0, 0.8571, 0.8571, 0.0, 0.0, 0.0, 0.7143, 0.0, 0.0, 0.8333, 1.0, 0.0, 0.0, 0.0, 1.0, 0.0, 0.2222, 0.875, 0.8, 0.0, 0.0, 0.0, 1.0, 0.0, 0.6, 0.8182, 1.0, 0.0, 0.5, 0.0, 1.0, 0.0, 1.0, 0.8571, 0.8, 0.0, 1.0, 0.0, 0.8889, 0.0, 0.8889, 0.0, 1.0, 0.0, 0.7273, 0.0, 1.0, 0.0, 0.9286, 0.0, 0.8889, 0.1429, 0.875, 0.0, 1.0, 0.0, 1.0, 0.0, 0.8333, 0.6, 1.0, 0.0, 0.8889, 0.0, 0.9091, 0.0, 0.4, 0.7778, 1.0, 0.0, 0.5714, 0.0, 1.0, 0.0, 0.9167, 0.8571, 0.8182, 0.0, 0.875, 0.0, 1.0, 0.0, 0.75, 1.0, 0.875, 0.0, 1.0, 0.0, 0.8571, 0.0, 1.0, 0.9, 0.8571, 0.1111, 0.8571, 0.0, 0.1429, 0.0, 0.7143, 0.8333, 0.7692, 0.0, 1.0, 0.0, 0.0, 0.0, 1.0, 1.0, 0.9, 0.0, 1.0, 0.0, 0.0, 0.0, 0.7778, 0.8, 0.9091, 0.0, 0.0, 0.0, 0.125, 0.0, 1.0, 0.9, 0.875, 0.0, 0.0, 0.0, 0.0, 0.0, 0.875, 1.0, 0.6667, 0.0, 0.0, 0.0, 0.0, 0.0, 1.0, 1.0, 0.8333, 0.0, 0.0, 0.0, 0.0, 0.0, 1.0, 1.0, 1.0, 0.0, 0.0, 0.0, 0.0, 0.0, 1.0, 0.8571, 1.0, 0.0, 0.0, 0.0, 0.0, 0.0, 0.8571, 0.4, 0.625, 0.0, 0.0, 0.0, 0.0, 0.0, 0.9, 0.1667, 0.0, 0.0, 0.0, 0.0, 0.0, 0.0, 1.0, 0.0, 0.0, 0.0, 0.0, 0.0, 0.0, 0.0, 1.0, 0.0, 0.0, 0.0, 0.0, 0.0, 0.0, 0.0, 0.625, 0.0, 0.0, 0.0, 0.1429, 0.0, 0.0, 0.8571, 1.0, 0.0, 0.0, 0.0, 0.5714, 0.0, 0.0, 1.0, 0.6667, 0.0, 0.0, 0.0, 0.9, 0.0, 0.0, 1.0, 1.0, 0.0, 0.0, 0.0]"
cluster,1.0,5,cluster,0.252,0.252,0.252,0.0,32,True,504,0,294,1202,0,"[0.05, 0.066, 0.081, 0.0995, 0.123, 0.1375, 0.1465, 0.1555, 0.166, 0.1745, 0.1835, 0.1915, 0.2015, 0.208, 0.212, 0.215, 0.219, 0.222, 0.224, 0.226, 0.2285, 0.231, 0.2325, 0.234, 0.237, 0.24, 0.2445, 0.2465, 0.2475, 0.249, 0.2505, 0.252, 0.252, 0.252, 0.252, 0.252, 0.252, 0.252, 0.252, 0.252, 0.252, 0.252, 0.252, 0.252, 0.252, 0.252, 0.252, 0.252, 0.252, 0.252, 0.252, 0.252, 0.252, 0.252, 0.252, 0.252, 0.252, 0.252, 0.252, 0.252, 0.252, 0.252, 0.252, 0.252, 0.252, 0.252, 0.252, 0.252, 0.252, 0.252, 0.252, 0.252, 0.252, 0.252, 0.252, 0.252, 0.252, 0.252, 0.252, 0.252, 0.252, 0.252, 0.252, 0.252, 0.252, 0.252, 0.252, 0.252, 0.252, 0.252, 0.252, 0.252, 0.252, 0.252, 0.252, 0.252, 0.252, 0.252, 0.252, 0.252, 0.252]","{""0"": 0.0628, ""1"": 0.7843, ""2"": 0.004, ""3"": 0.4237, ""4"": 0.2769, ""5"": 0.0779, ""6"": 0.2899, ""7"": 0.0702}","[0.2222, 0.0, 1.0, 0.0, 0.0, 0.0, 0.0, 0.0, 1.0, 0.0, 0.8571, 0.0, 0.0, 0.0, 0.0, 0.0, 0.0, 0.0, 0.7778, 0.0, 0.0, 0.0, 0.0, 0.0, 0.0, 0.0, 0.8333, 0.0, 0.0, 0.0, 0.0, 0.0, 0.0, 0.0, 1.0, 0.0, 0.2, 0.0, 0.0, 0.0, 0.0, 0.0, 1.0, 0.0, 0.8333, 0.125, 0.0, 1.0, 0.0, 0.0, 0.8571, 0.0, 1.0, 0.0, 0.0, 1.0, 0.0, 0.0, 0.7143, 0.0, 0.75, 0.0, 0.1429, 0.6923, 0.0, 0.0, 0.9167, 0.0, 0.8333, 1.0, 1.0, 1.0, 0.0, 0.0, 1.0, 0.0, 1.0, 1.0, 0.1667, 0.4286, 0.0, 0.2857, 0.9167, 0.0, 0.8889, 1.0, 0.0, 0.0, 0.0, 1.0, 0.8889, 0.0, 1.0, 1.0, 0.0, 0.0, 0.0, 0.1667, 0.6667, 0.0, 0.8333, 1.0, 0.0, 0.0, 0.0, 0.0, 0.8889, 0.0, 1.0, 0.875, 0.0, 0.0, 0.0, 0.0, 0.5, 0.0, 1.0, 0.8571, 0.0, 0.0, 0.0, 0.0, 0.0, 0.0, 1.0, 0.7143, 0.0, 0.0, 0.0, 0.0, 0.0, 0.0, 0.8, 0.2, 0.0, 0.1, 0.0, 0.0, 0.0, 0.0, 0.8333, 0.0, 0.0, 0.0, 0.0, 0.0, 0.875, 0.0, 1.0, 0.0, 0.0, 0.0, 0.0, 0.0, 0.75, 0.0, 0.75, 0.0, 0.0, 0.0, 0.0, 0.0, 0.9, 0.0, 0.5714, 0.0, 0.0, 1.0, 0.0, 0.0, 0.8889, 0.0, 0.0, 0.0, 0.0, 0.8571, 0.0, 0.0, 0.7692, 0.0, 0.0, 0.0, 0.0, 1.0, 0.0, 0.0, 0.875, 0.0, 0.0, 0.0, 1.0, 0.75, 0.0, 0.0, 1.0, 0.0, 0.0, 0.0, 0.125, 1.0, 0.0, 0.0, 0.7143, 0.125, 0.0, 0.0, 0.0, 1.0, 0.0, 0.1111, 0.8571, 0.0, 0.0, 0.0, 0.0, 0.0, 0.0, 0.0, 0.8, 0.0, 0.0, 0.0, 0.0, 0.0, 0.0, 0.0, 1.0, 0.0, 0.0, 0.0, 0.0909, 0.0, 0.0, 0.0, 1.0, 0.0, 0.0, 0.0, 0.0, 0.0, 0.5714, 0.0, 0.75, 0.0, 0.0, 0.0, 0.0, 0.0, 1.0, 0.0]"
cluster,1.0,6,cluster,0.2895,0.2895,0.2895,0.0,29,True,579,0,278,1143,0,"[0.05, 0.071, 0.0915, 0.115, 0.1445, 0.167, 0.1865, 0.2015, 0.216, 0.2275, 0.235, 0.2445, 0.2515, 0.2595, 0.263, 0.2665, 0.2715, 0.274, 0.2755, 0.277, 0.279, 0.2815, 0.2825, 0.283, 0.284, 0.287, 0.288, 0.289, 0.2895, 0.2895, 0.2895, 0.2895, 0.2895, 0.2895, 0.2895, 0.2895, 0.2895, 0.2895, 0.2895, 0.2895, 0.2895, 0.2895, 0.2895, 0.2895, 0.2895, 0.2895, 0.2895, 0.2895, 0.2895, 0.2895, 0.2895, 0.2895, 0.2895, 0.2895, 0.2895, 0.2895, 0.2895, 0.2895, 0.2895, 0.2895, 0.2895, 0.2895, 0.2895, 0.2895, 0.2895, 0.2895, 0.2895, 0.2895, 0.2895, 0.2895, 0.2895, 0.2895, 0.2895, 0.2895, 0.2895, 0.2895, 0.2895, 0.2895, 0.2895, 0.2895, 0.2895, 0.2895, 0.2895, 0.2895, 0.2895, 0.2895, 0.2895, 0.2895, 0.2895, 0.2895, 0.2895, 0.2895, 0.2895, 0.2895, 0.2895, 0.2895, 0.2895, 0.2895, 0.2895, 0.2895, 0.2895]","{""0"": 0.1673, ""1"": 0.184, ""2"": 0.7443, ""3"": 0.0, ""4"": 0.557, ""5"": 0.0494, ""6"": 0.4798, ""7"": 0.1186}","[0.4444, 0.0, 0.0, 0.0, 0.0, 0.25, 0.0, 0.875, 0.0, 0.0, 0.0, 0.7143, 0.0, 0.0, 0.0, 1.0, 0.0, 0.0, 0.25, 0.9091, 0.0, 0.75, 0.0, 0.9, 0.0, 0.0, 0.0, 1.0, 0.0, 1.0, 0.0, 1.0, 0.0, 0.0, 0.0, 1.0, 0.0, 0.8462, 0.0, 0.8571, 1.0, 0.0, 0.0, 1.0, 0.0, 0.9091, 0.0, 0.6667, 0.875, 0.0, 0.1111, 0.875, 0.0, 1.0, 0.0, 1.0, 0.8, 0.0, 0.1667, 0.9231, 0.0, 1.0, 0.0, 0.8333, 0.0, 0.0, 0.0, 0.8824, 0.0, 0.8333, 0.0, 0.7, 0.0, 0.0, 0.0, 0.7143, 0.0, 0.7778, 0.0, 0.5, 0.1111, 0.0, 0.0, 1.0, 0.0, 0.6667, 0.0, 1.0, 0.0, 0.0, 0.0, 1.0, 0.0, 0.875, 0.7778, 1.0, 0.0, 0.7778, 0.0, 0.8333, 0.0, 1.0, 0.0, 0.875, 0.0, 1.0, 0.0, 0.7, 0.0, 0.75, 0.0, 0.7, 0.0, 1.0, 0.0, 0.8333, 0.0, 0.3333, 0.0, 1.0, 1.0, 1.0, 0.1, 0.9, 0.0, 0.0, 0.0, 0.9091, 0.125, 1.0, 0.0, 1.0, 0.0, 0.0, 0.0, 0.0, 0.1667, 1.0, 0.0, 1.0, 0.0, 0.0, 0.0, 0.0, 0.0, 0.0, 0.3333, 0.9333, 0.0, 0.1111, 0.0, 0.0, 0.0, 0.0, 0.7273, 1.0, 0.0, 0.4286, 0.0, 0.0, 0.0, 0.0, 1.0, 1.0, 0.0, 0.0, 0.0, 0.0, 0.0, 0.0, 0.8182, 1.0, 0.0, 0.75, 1.0, 0.0, 0.0, 0.0, 0.875, 0.875, 0.0, 0.8333, 0.0, 0.0, 0.0, 0.0, 1.0, 1.0, 0.0, 1.0, 0.0, 1.0, 0.0, 0.0, 0.0, 0.8, 0.0, 1.0, 0.0, 1.0, 0.0, 0.0, 0.0, 0.7778, 0.0, 0.8889, 0.0, 0.0, 0.0, 0.0, 0.0, 0.1111, 0.0, 0.8, 0.0, 0.1429, 0.0, 0.0, 0.0, 0.0, 0.0, 0.8571, 0.0, 0.0, 0.0, 0.0, 0.0, 0.0, 0.0, 0.0, 0.0, 0.125, 0.0, 0.0, 0.0, 0.0, 0.0, 0.0, 0.0, 0.0, 0.0, 0.0, 0.0, 0.0, 0.0, 0.0, 0.0, 0.2, 0.0, 0.0]"
cluster,1.0,7,cluster,0.298,0.298,0.298,0.0,31,True,596,0,285,1119,0,"[0.05, 0.0715, 0.0935, 0.1145, 0.129, 0.146, 0.1625, 0.175, 0.1895, 0.201, 0.211, 0.221, 0.234, 0.2395, 0.2465, 0.255, 0.2605, 0.264, 0.2665, 0.2705, 0.2775, 0.2825, 0.2845, 0.285, 0.2855, 0.2875, 0.29, 0.293, 0.2945, 0.2965, 0.298, 0.298, 0.298, 0.298, 0.298, 0.298, 0.298, 0.298, 0.298, 0.298, 0.298, 0.298, 0.298, 0.298, 0.298, 0.298, 0.298, 0.298, 0.298, 0.298, 0.298, 0.298, 0.298, 0.298, 0.298, 0.298, 0.298, 0.298, 0.298, 0.298, 0.298, 0.298, 0.298, 0.298, 0.298, 0.298, 0.298, 0.298, 0.298, 0.298, 0.298, 0.298, 0.298, 0.298, 0.298, 0.298, 0.298, 0.298, 0.298, 0.298, 0.298, 0.298, 0.298, 0.298, 0.298, 0.298, 0.298, 0.298, 0.298, 0.298, 0.298, 0.298, 0.298, 0.298, 0.298, 0.298, 0.298, 0.298, 0.298, 0.298, 0.298]","{""0"": 0.2772, ""1"": 0.8826, ""2"": 0.5481, ""3"": 0.2746, ""4"": 0.1526, ""5"": 0.293, ""6"": 0.0, ""7"": 0.0112}","[0.4444, 0.0, 1.0, 0.0, 1.0, 0.0, 0.0, 0.0, 0.3333, 0.0, 0.875, 0.0, 0.8333, 0.0, 0.0, 0.0, 0.0, 0.0, 0.7143, 0.0, 0.1, 0.0, 0.0, 0.0, 0.0, 0.0, 1.0, 0.0, 0.0, 0.0, 0.0, 0.0, 0.0, 0.0, 0.7143, 0.0, 0.0, 0.0, 0.0, 0.0, 0.0, 0.0, 0.75, 0.0, 0.0, 0.0, 0.0, 0.0, 0.1429, 0.0, 0.8333, 0.75, 0.1429, 0.8333, 0.0, 0.0, 0.0, 0.75, 0.6667, 0.75, 0.0, 1.0, 0.0, 0.0, 0.0, 0.9, 1.0, 0.8889, 0.0, 0.6, 0.0, 0.0, 0.0, 0.8462, 1.0, 0.9091, 0.0, 0.7273, 0.0, 0.0, 0.0, 0.7692, 0.6, 0.8889, 0.0, 0.7778, 0.0, 0.0, 0.0, 0.875, 1.0, 0.75, 0.0, 0.875, 0.0, 0.0, 0.0, 1.0, 1.0, 0.8333, 0.0, 0.4286, 0.0, 0.0, 0.0, 1.0, 0.5714, 0.7778, 0.0, 0.0, 0.0, 0.0, 0.0, 0.875, 0.875, 0.75, 0.0, 0.0, 0.0, 0.0, 0.0, 1.0, 1.0, 1.0, 0.0, 0.0, 0.0, 0.0, 0.0, 0.0, 0.7143, 0.7, 0.0, 0.0, 0.0, 0.0, 0.0, 0.0, 1.0, 1.0, 0.0, 0.0, 0.0, 0.0, 0.0, 0.0, 1.0, 1.0, 0.0, 0.0, 0.0, 0.0, 0.0, 0.0, 0.8571, 1.0, 0.0, 0.0, 0.8, 0.0, 0.0, 0.4, 1.0, 1.0, 0.0, 0.0, 1.0, 0.0, 0.0, 0.0, 1.0, 0.8571, 0.0, 0.0, 0.8571, 0.0, 0.0, 0.0, 0.75, 1.0, 0.0, 0.0, 1.0, 0.0, 0.0, 0.0, 0.8889, 1.0, 0.0, 0.0, 1.0, 0.0, 0.0, 0.0, 0.875, 0.8571, 0.6667, 0.0, 1.0, 0.0, 0.0, 0.0, 1.0, 0.2, 1.0, 0.0, 1.0, 0.0, 0.0, 0.0, 0.8571, 0.0, 1.0, 0.0, 0.9167, 0.0, 0.0, 0.0, 0.8889, 0.0, 0.8889, 0.0, 0.7273, 0.0, 0.0, 0.0, 0.7778, 0.0909, 1.0, 0.0, 0.0, 0.0, 0.0, 0.0, 0.9091, 0.0, 0.8889, 0.0, 0.0, 0.0, 0.0, 0.0, 1.0, 0.0, 0.8889, 0.0, 0.0, 0.0, 0.0, 0.0]"
cluster,1.0,8,cluster,0.3005,0.3005,0.3005,0.0,27,True,601,0,261,1138,0,"[0.05, 0.0655, 0.0815, 0.1015, 0.1125, 0.125, 0.1425, 0.1575, 0.1725, 0.1955, 0.2125, 0.228, 0.2425, 0.252, 0.2585, 0.263, 0.2695, 0.2725, 0.276, 0.2785, 0.281, 0.283, 0.2865, 0.2895, 0.2935, 0.298, 0.3005, 0.3005, 0.3005, 0.3005, 0.3005, 0.3005, 0.3005, 0.3005, 0.3005, 0.3005, 0.3005, 0.3005, 0.3005, 0.3005, 0.3005, 0.3005, 0.3005, 0.3005, 0.3005, 0.3005, 0.3005, 0.3005, 0.3005, 0.3005, 0.3005, 0.3005, 0.3005, 0.3005, 0.3005, 0.3005, 0.3005, 0.3005, 0.3005, 0.3005, 0.3005, 0.3005, 0.3005, 0.3005, 0.3005, 0.3005, 0.3005, 0.3005, 0.3005, 0.3005, 0.3005, 0.3005, 0.3005, 0.3005, 0.3005, 0.3005, 0.3005, 0.3005, 0.3005, 0.3005, 0.3005, 0.3005, 0.3005, 0.3005, 0.3005, 0.3005, 0.3005, 0.3005, 0.3005, 0.3005, 0.3005, 0.3005, 0.3005, 0.3005, 0.3005, 0.3005, 0.3005, 0.3005, 0.3005, 0.3005, 0.3005]","{""0"": 0.0042, ""1"": 0.2652, ""2"": 0.0431, ""3"": 0.687, ""4"": 0.3659, ""5"": 0.8884, ""6"": 0.0876, ""7"": 0.0556}","[0.3333, 0.0, 0.0, 0.1111, 1.0, 0.625, 0.75, 0.0, 1.0, 0.0, 0.0, 0.0, 0.7143, 1.0, 1.0, 0.0, 1.0, 0.0, 0.0, 0.0, 0.8, 0.8571, 1.0, 0.0, 0.75, 0.0, 0.8, 0.0, 0.75, 0.8333, 0.75, 0.0, 0.0, 0.0, 0.8, 0.0, 1.0, 1.0, 1.0, 0.0, 0.0, 0.0, 0.9091, 0.0, 0.9, 0.9, 0.9, 0.0, 0.0, 0.0, 0.8889, 0.0, 0.8333, 0.7778, 0.9, 0.0, 0.0, 0.0, 0.7143, 0.0, 1.0, 0.8571, 0.9, 0.0, 0.0, 0.0, 1.0, 0.0, 0.7143, 0.0, 0.7143, 0.0, 0.0, 0.0, 0.75, 0.0, 0.6, 0.0, 1.0, 0.0, 0.0, 0.0, 0.8889, 0.0, 0.8571, 0.0, 0.8889, 0.0, 0.0, 0.0, 0.0909, 0.0, 1.0, 0.0, 0.8, 0.0, 0.0, 0.0, 0.0, 0.0, 1.0, 0.2222, 0.8, 0.0, 0.0, 0.0, 0.5, 0.0, 0.8, 0.0, 0.8, 0.5, 0.0, 0.0, 0.1429, 0.0, 1.0, 0.0, 0.7143, 1.0, 0.0, 0.0, 0.1111, 0.0, 0.8, 0.0, 0.875, 0.75, 0.0, 0.0, 0.0, 0.0, 0.8571, 0.0, 0.8, 0.0, 0.0, 0.0, 0.0909, 0.0, 0.0, 0.0, 1.0, 0.0, 0.0, 0.0, 0.0, 0.0, 0.0, 1.0, 1.0, 0.0, 0.0, 0.0, 0.0, 0.0, 0.0, 0.6667, 0.75, 0.0, 0.0, 0.0, 0.0, 0.0, 0.0, 0.8182, 0.8571, 0.0, 0.0, 0.0, 0.0, 0.0, 0.0, 1.0, 0.8333, 0.0, 0.0, 0.0, 0.0, 0.0, 0.0, 0.0, 0.875, 0.0, 0.0, 0.0, 0.0, 0.0, 0.8333, 0.0, 0.875, 0.0, 0.0, 0.0, 0.0, 1.0, 1.0, 0.0, 0.9, 0.0, 0.0, 0.0, 0.0, 0.8333, 1.0, 0.0, 1.0, 0.0, 0.0, 0.1429, 0.0, 0.0, 0.9, 0.0, 1.0, 0.0, 0.0, 0.0, 0.0, 0.0, 1.0, 0.0, 1.0, 0.0, 0.0, 0.0, 0.0, 0.0, 1.0, 0.0, 0.9167, 0.0, 0.0, 0.0, 0.0, 0.0, 0.9, 0.0, 1.0, 0.0, 0.0, 0.0, 0.0, 0.0, 1.0, 0.1429, 1.0, 0.0, 0.0, 0.0]"
cluster,1.0,9,cluster,0.285,0.285,0.285,-0.0,32,True,570,0,279,1151,0,"[0.05, 0.0695, 0.0895, 0.117, 0.1425, 0.1595, 0.1775, 0.1875, 0.1975, 0.205, 0.211, 0.218, 0.225, 0.2315, 0.2355, 0.239, 0.2445, 0.251, 0.2565, 0.2605, 0.262, 0.264, 0.2665, 0.269, 0.272, 0.2755, 0.276, 0.277, 0.279, 0.2815, 0.284, 0.285, 0.285, 0.285, 0.285, 0.285, 0.285, 0.285, 0.285, 0.285, 0.285, 0.285, 0.285, 0.285, 0.285, 0.285, 0.285, 0.285, 0.285, 0.285, 0.285, 0.285, 0.285, 0.285, 0.285, 0.285, 0.285, 0.285, 0.285, 0.285, 0.285, 0.285, 0.285, 0.285, 0.285, 0.285, 0.285, 0.285, 0.285, 0.285, 0.285, 0.285, 0.285, 0.285, 0.285, 0.285, 0.285, 0.285, 0.285, 0.285, 0.285, 0.285, 0.285, 0.285, 0.285, 0.285, 0.285, 0.285, 0.285, 0.285, 0.285, 0.285, 0.285, 0.285, 0.285, 0.285, 0.285, 0.285, 0.285, 0.285, 0.285]","{""0"": 0.7529, ""1"": 0.004, ""2"": 0.5388, ""3"": 0.332, ""4"": 0.0163, ""5"": 0.3205, ""6"": 0.2638, ""7"": 0.0414}","[0.4444, 1.0, 0.0, 0.75, 1.0, 0.0, 0.0, 1.0, 0.0, 1.0, 0.0, 0.4286, 1.0, 0.0, 1.0, 0.0, 0.0, 0.8333, 0.0, 0.0, 0.7143, 0.0, 0.875, 0.0, 0.0, 0.9, 0.0, 0.0, 0.8, 0.0, 1.0, 0.0, 0.0, 1.0, 0.0, 0.0, 1.0, 0.0, 1.0, 0.0, 0.0, 0.6, 0.2, 0.0909, 1.0, 0.0, 1.0, 0.0, 1.0, 0.875, 0.0, 0.0, 1.0, 0.0, 0.8571, 0.0, 0.0, 1.0, 0.0, 0.0, 1.0, 0.0, 0.0769, 0.0, 0.0, 0.8333, 0.0, 0.0, 1.0, 0.0, 0.0, 0.0, 0.0, 1.0, 0.0, 0.0, 1.0, 0.0, 0.0, 0.0, 0.2222, 0.8182, 0.0, 0.0, 0.4, 0.1111, 0.0, 0.0, 0.0, 1.0, 0.0, 0.0, 0.1, 0.2857, 0.0, 0.0, 0.0, 0.8571, 0.0, 0.1667, 0.0, 0.0, 0.0, 0.0, 0.0, 0.0909, 0.0, 0.6667, 0.1333, 0.0, 0.0, 0.0, 0.0, 0.0, 0.0, 0.6667, 0.0, 0.0, 0.0, 0.0, 0.0, 0.0, 0.0, 0.8889, 0.0, 0.1, 0.0, 0.0, 0.0, 0.0714, 0.0, 0.8333, 0.0, 0.0, 0.2857, 0.0, 0.0, 0.8571, 0.0, 0.5, 0.0, 0.0, 0.75, 0.0, 0.0, 0.8889, 0.0, 1.0, 0.0, 0.0, 0.9, 0.0, 0.0, 1.0, 0.0, 1.0, 0.0, 0.0, 1.0, 0.0, 0.0, 0.6667, 0.0, 1.0, 0.0, 0.0, 0.6667, 0.0, 0.0, 1.0, 0.0, 1.0, 0.0, 0.0, 0.0, 0.6667, 0.0, 1.0, 0.0, 0.875, 0.0, 0.0, 0.0, 0.7143, 0.0, 1.0, 0.0, 0.8889, 0.0, 0.0, 0.0, 0.9091, 0.0, 1.0, 0.0, 0.75, 0.0, 0.0, 0.0, 1.0, 0.0, 1.0, 0.0, 0.9, 0.0, 0.0, 0.0, 1.0, 0.0, 1.0, 0.0, 1.0, 0.0, 0.0, 0.0, 0.7778, 0.0, 1.0, 0.0, 0.6667, 0.0, 0.0, 0.0, 0.875, 0.0, 0.5, 0.0, 1.0, 0.0, 0.0, 0.0, 0.875, 0.0, 0.8333, 0.0, 1.0, 0.8333, 0.0, 0.0, 0.75, 0.0, 1.0, 0.0, 0.7778, 0.875, 0.0, 0.3333, 0.1111, 0.0, 0.9]"
cluster,1.0,10,cluster,0.3875,0.3875,0.3875,-0.0,39,True,775,0,261,964,0,"[0.05, 0.0715, 0.091, 0.1095, 0.1375, 0.1625, 0.1825, 0.196, 0.2105, 0.224, 0.2385, 0.256, 0.2725, 0.288, 0.296, 0.303, 0.3095, 0.3175, 0.3255, 0.333, 0.341, 0.346, 0.356, 0.3595, 0.3615, 0.3625, 0.3645, 0.3655, 0.367, 0.3685, 0.3695, 0.3715, 0.3725, 0.3735, 0.3745, 0.3765, 0.381, 0.3855, 0.3875, 0.3875, 0.3875, 0.3875, 0.3875, 0.3875, 0.3875, 0.3875, 0.3875, 0.3875, 0.3875, 0.3875, 0.3875, 0.3875, 0.3875, 0.3875, 0.3875, 0.3875, 0.3875, 0.3875, 0.3875, 0.3875, 0.3875, 0.3875, 0.3875, 0.3875, 0.3875, 0.3875, 0.3875, 0.3875, 0.3875, 0.3875, 0.3875, 0.3875, 0.3875, 0.3875, 0.3875, 0.3875, 0.3875, 0.3875, 0.3875, 0.3875, 0.3875, 0.3875, 0.3875, 0.3875, 0.3875, 0.3875, 0.3875, 0.3875, 0.3875, 0.3875, 0.3875, 0.3875, 0.3875, 0.3875, 0.3875, 0.3875, 0.3875, 0.3875, 0.3875, 0.3875, 0.3875]","{""0"": 0.7218, ""1"": 0.0, ""2"": 0.0041, ""3"": 0.0267, ""4"": 0.3686, ""5"": 0.4056, ""6"": 0.8921, ""7"": 0.6979}","[0.6667, 0.8333, 0.0, 0.0, 0.0, 0.0, 0.9, 1.0, 0.8, 0.7273, 0.0, 0.0, 0.0, 0.0, 0.5, 0.8889, 0.8571, 1.0, 0.0, 0.0, 0.0, 0.0, 0.3333, 0.8182, 0.8889, 0.8182, 0.0, 0.0, 0.0, 0.0, 0.0, 1.0, 0.875, 0.0, 0.0, 0.0, 0.0, 0.0, 0.0, 1.0, 0.8333, 0.0, 0.0, 0.0, 0.0, 1.0, 0.0, 0.7143, 1.0, 0.0, 0.0, 0.0, 0.0, 1.0, 0.0, 0.75, 0.8571, 0.0, 0.0, 0.0, 0.0, 1.0, 0.0, 1.0, 1.0, 0.0, 0.0, 0.0, 0.0, 0.8571, 0.0, 1.0, 1.0, 0.0, 0.0, 0.0, 0.0, 0.75, 0.0, 1.0, 1.0, 0.75, 0.0, 0.0, 0.0, 0.8, 0.0, 1.0, 0.8333, 1.0, 0.0, 0.0, 1.0, 1.0, 0.0, 0.8, 0.5, 1.0, 0.0, 0.0, 0.0, 1.0, 0.0, 1.0, 0.0, 1.0, 0.0, 0.0, 0.0, 0.75, 0.0, 0.875, 0.2, 1.0, 0.0, 0.0, 0.0, 0.8889, 0.0, 0.7, 0.0, 1.0, 0.0, 0.0, 0.0, 0.875, 0.0, 1.0, 0.0, 1.0, 0.0, 0.1111, 0.0, 1.0, 0.0, 0.8571, 0.0, 0.75, 0.0, 0.0, 0.0, 0.8571, 0.0, 0.6667, 0.0, 1.0, 0.0, 0.0, 0.0, 0.1429, 0.0, 0.7143, 0.4286, 0.75, 0.0, 0.0, 0.0, 0.0, 0.0, 0.8889, 0.6667, 0.875, 0.0, 0.0, 0.0, 0.0, 0.8571, 0.8462, 0.75, 0.8182, 0.0, 0.0, 0.0, 0.0, 1.0, 0.8889, 1.0, 0.75, 0.0, 0.0, 0.0, 0.0, 0.875, 1.0, 0.8571, 0.75, 0.0, 0.0, 0.0, 0.0, 1.0, 0.8571, 0.8333, 0.8889, 0.0, 0.0, 0.0, 0.0, 0.9167, 1.0, 0.75, 0.7778, 0.0, 0.0, 0.0, 0.0, 1.0, 0.8571, 1.0, 0.875, 0.0, 0.0, 0.0, 0.0, 1.0, 1.0, 0.875, 0.8462, 0.0, 0.0, 0.0, 0.0, 0.875, 1.0, 0.8889, 1.0, 0.0, 0.0, 0.0, 0.0, 0.875, 1.0, 0.8, 1.0, 0.0, 0.0, 0.0, 0.0, 0.7778, 0.9231, 1.0, 0.8889, 0.0, 0.0, 0.0, 0.0, 1.0, 1.0, 1.0, 1.0]"
cluster,1.0,11,cluster,0.187,0.187,0.187,0.0,29,True,374,0,293,1333,0,"[0.05, 0.0665, 0.089, 0.1075, 0.127, 0.141, 0.1485, 0.1535, 0.157, 0.1605, 0.1655, 0.1675, 0.17, 0.171, 0.1715, 0.1735, 0.175, 0.176, 0.178, 0.179, 0.1795, 0.181, 0.183, 0.184, 0.1845, 0.185, 0.1855, 0.1865, 0.187, 0.187, 0.187, 0.187, 0.187, 0.187, 0.187, 0.187, 0.187, 0.187, 0.187, 0.187, 0.187, 0.187, 0.187, 0.187, 0.187, 0.187, 0.187, 0.187, 0.187, 0.187, 0.187, 0.187, 0.187, 0.187, 0.187, 0.187, 0.187, 0.187, 0.187, 0.187, 0.187, 0.187, 0.187, 0.187, 0.187, 0.187, 0.187, 0.187, 0.187, 0.187, 0.187, 0.187, 0.187, 0.187, 0.187, 0.187, 0.187, 0.187, 0.187, 0.187, 0.187, 0.187, 0.187, 0.187, 0.187, 0.187, 0.187, 0.187, 0.187, 0.187, 0.187, 0.187, 0.187, 0.187, 0.187, 0.187, 0.187, 0.187, 0.187, 0.187, 0.187]","{""0"": 0.5347, ""1"": 0.4511, ""2"": 0.0185, ""3"": 0.0591, ""4"": 0.1667, ""5"": 0.0, ""6"": 0.2683, ""7"": 0.0}","[0.1111, 0.0, 0.0, 0.0, 1.0, 0.0, 0.0, 0.9091, 0.0, 0.8, 0.1111, 0.0, 0.0, 0.0, 0.0, 0.8571, 0.0, 1.0, 0.0, 0.0, 0.0, 0.0, 0.0, 1.0, 0.0, 1.0, 0.0, 0.0, 0.0, 0.0, 0.0, 1.0, 0.0, 0.7143, 0.0, 0.0, 0.0, 0.0, 0.0, 1.0, 0.0, 0.75, 0.0, 0.0, 0.0, 0.0, 0.0, 0.7143, 0.0, 0.6667, 0.0, 0.0, 0.0, 0.0, 0.0, 0.25, 0.0, 0.6667, 0.0, 0.0, 0.0, 0.0, 0.0, 0.0769, 0.0, 1.0, 0.0, 0.0, 0.0, 0.0, 0.0, 0.0, 0.0, 0.875, 0.0, 0.0, 0.0, 0.0, 0.0, 0.0, 0.0, 0.8333, 0.9, 0.0, 0.0, 0.0, 0.0, 0.0, 0.0, 1.0, 1.0, 0.0, 0.0, 0.1667, 0.0, 0.0, 0.0, 0.8333, 0.8571, 0.0, 0.0, 0.0, 0.0, 0.0, 0.0, 1.0, 1.0, 0.0, 0.0, 0.0, 0.0, 0.0, 0.0, 0.875, 0.8571, 0.0, 0.0, 0.0, 0.0, 0.0, 0.0, 0.8333, 1.0, 0.0, 0.0, 0.0, 0.0, 0.1667, 0.0, 0.8889, 0.8571, 0.0, 0.0, 0.0, 0.0, 1.0, 0.0, 0.7143, 0.6, 0.0, 0.0, 0.0, 0.0, 1.0, 0.0, 0.7143, 1.0, 1.0, 0.0, 0.0, 0.0, 0.0, 0.0, 0.9, 1.0, 0.0, 0.0, 0.0, 0.0, 0.0, 0.0, 0.6667, 0.8, 0.0, 0.0, 0.0, 0.0, 0.0, 0.0, 0.7143, 0.1429, 0.0, 0.0, 0.0, 0.0, 0.0, 0.0, 0.0, 0.1, 0.0, 0.0, 0.0, 0.0, 0.0, 0.0, 0.0, 0.0, 0.0, 0.0, 1.0, 0.0, 0.0, 0.0, 0.0, 0.0, 0.0, 0.0, 1.0, 0.0, 0.0, 0.0, 0.0, 0.75, 0.0, 0.125, 0.8571, 0.0, 0.0, 0.0, 0.0, 1.0, 0.0, 0.0, 1.0, 0.0, 0.0, 0.0, 0.0, 1.0, 0.0, 0.0, 0.6667, 0.0, 0.0, 0.0, 0.0, 0.8889, 0.0, 0.0, 0.1429, 0.0, 0.0, 0.0, 0.0, 0.8571, 0.0, 0.0, 0.0, 0.0, 0.0, 0.0, 0.0, 0.0, 0.0, 1.0, 0.0, 0.0, 0.3333, 0.0, 0.0]"
line_manager_first,0.4,0,line_manager_first,0.062,0.062,0.062,-0.0,4,True,124,0,296,1580,0,"[0.05, 0.0595, 0.0615, 0.062, 0.062, 0.062, 0.062, 0.062, 0.062, 0.062, 0.062, 0.062, 0.062, 0.062, 0.062, 0.062, 0.062, 0.062, 0.062, 0.062, 0.062, 0.062, 0.062, 0.062, 0.062, 0.062, 0.062, 0.062, 0.062, 0.062, 0.062, 0.062, 0.062, 0.062, 0.062, 0.062, 0.062, 0.062, 0.062, 0.062, 0.062, 0.062, 0.062, 0.062, 0.062, 0.062, 0.062, 0.062, 0.062, 0.062, 0.062, 0.062, 0.062, 0.062, 0.062, 0.062, 0.062, 0.062, 0.062, 0.062, 0.062, 0.062, 0.062, 0.062, 0.062, 0.062, 0.062, 0.062, 0.062, 0.062, 0.062, 0.062, 0.062, 0.062, 0.062, 0.062, 0.062, 0.062, 0.062, 0.062, 0.062, 0.062, 0.062, 0.062, 0.062, 0.062, 0.062, 0.062, 0.062, 0.062, 0.062, 0.062, 0.062, 0.062, 0.062, 0.062, 0.062, 0.062, 0.062, 0.062, 0.062]","{""0"": 0.0442, ""1"": 0.0632, ""2"": 0.0634, ""3"": 0.0476, ""4"": 0.0623, ""5"": 0.0851, ""6"": 0.0748, ""7"": 0.0551}","[0.0, 0.25, 0.1667, 0.0, 0.1, 0.0714, 0.0, 0.1429, 0.0833, 0.0, 0.0, 0.2, 0.1429, 0.1429, 0.0, 0.0, 0.0, 0.1429, 0.0, 0.125, 0.0, 0.1429, 0.0, 0.1, 0.1111, 0.0, 0.1111, 0.1429, 0.0, 0.0, 0.1667, 0.1667, 0.0, 0.1111, 0.1667, 0.0, 0.0, 0.0, 0.125, 0.0, 0.0, 0.0, 0.0833, 0.0, 0.0, 0.0, 0.1667, 0.0, 0.0, 0.0, 0.1667, 0.1111, 0.0, 0.2, 0.1, 0.0, 0.0, 0.0, 0.1429, 0.125, 0.0, 0.0, 0.0, 0.0, 0.0833, 0.0, 0.1429, 0.0, 0.0, 0.0, 0.1667, 0.1111, 0.0, 0.1111, 0.0, 0.0, 0.0, 0.1111, 0.0, 0.0, 0.0, 0.0, 0.0, 0.0, 0.0, 0.0, 0.0, 0.0, 0.2, 0.2, 0.0, 0.0, 0.0, 0.0, 0.0, 0.0, 0.0, 0.25, 0.0909, 0.25, 0.0, 0.125, 0.5, 0.0769, 0.1111, 0.2, 0.1667, 0.0, 0.0, 0.0, 0.1, 0.5714, 0.0769, 0.0, 0.0833, 0.0, 0.0909, 0.0, 0.0, 0.25, 0.0909, 0.2, 0.0, 0.1429, 0.25, 0.0909, 0.0, 0.1667, 0.0, 0.0, 0.0, 0.1, 0.1667, 0.125, 0.1429, 0.0, 0.0, 0.0, 0.125, 0.0769, 0.0, 0.2, 0.0, 0.0, 0.1, 0.0, 0.0, 0.0909, 0.1111, 0.0, 0.125, 0.1667, 0.3333, 0.0, 0.0, 0.1429, 0.0, 0.1429, 0.25, 0.125, 0.0, 0.0, 0.0, 0.2, 0.1111, 0.0, 0.1667, 0.125, 0.1429, 0.0, 0.0, 0.0, 0.0, 0.0, 0.0, 0.0833, 0.0909, 0.0, 0.0, 0.0833, 0.0, 0.0, 0.125, 0.0, 0.125, 0.0, 0.0, 0.1429, 0.0, 0.0833, 0.0, 0.0, 0.0, 0.1667, 0.125, 0.0, 0.0, 0.125, 0.0, 0.1667, 0.0, 0.0, 0.125, 0.25, 0.1111, 0.0, 0.1111, 0.0, 0.0, 0.0, 0.3333, 0.0, 0.1111, 0.1111, 0.2, 0.1, 0.0, 0.2, 0.0833, 0.0, 0.2, 0.0, 0.0, 0.0, 0.1429, 0.0, 0.1, 0.0, 0.0833, 0.2, 0.2, 0.0, 0.0, 0.0, 0.0, 0.0, 0.0, 0.1429, 0.1667, 0.0, 0.0, 0.0, 0.0, 0.0, 0.0, 0.1429, 0.0, 0.0, 0.1667, 0.0]"
line_manager_first,0.4,1,line_manager_first,0.0605,0.0605,0.0605,0.0,3,True,121,0,289,1590,0,"[0.05, 0.06, 0.0605, 0.0605, 0.0605, 0.0605, 0.0605, 0.0605, 0.0605, 0.0605, 0.0605, 0.0605, 0.0605, 0.0605, 0.0605, 0.0605, 0.0605, 0.0605, 0.0605, 0.0605, 0.0605, 0.0605, 0.0605, 0.0605, 0.0605, 0.0605, 0.0605, 0.0605, 0.0605, 0.0605, 0.0605, 0.0605, 0.0605, 0.0605, 0.0605, 0.0605, 0.0605, 0.0605, 0.0605, 0.0605, 0.0605, 0.0605, 0.0605, 0.0605, 0.0605, 0.0605, 0.0605, 0.0605, 0.0605, 0.0605, 0.0605, 0.0605, 0.0605, 0.0605, 0.0605, 0.0605, 0.0605, 0.0605, 0.0605, 0.0605, 0.0605, 0.0605, 0.0605, 0.0605, 0.0605, 0.0605, 0.0605, 0.0605, 0.0605, 0.0605, 0.0605, 0.0605, 0.0605, 0.0605, 0.0605, 0.0605, 0.0605, 0.0605, 0.0605, 0.0605, 0.0605, 0.0605, 0.0605, 0.0605, 0.0605, 0.0605, 0.0605, 0.0605, 0.0605, 0.0605, 0.0605, 0.0605, 0.0605, 0.0605, 0.0605, 0.0605, 0.0605, 0.0605, 0.0605, 0.0605, 0.0605]","{""0"": 0.0648, ""1"": 0.0726, ""2"": 0.0406, ""3"": 0.0415, ""4"": 0.0658, ""5"": 0.0745, ""6"": 0.0601, ""7"": 0.0655}","[0.1111, 0.1429, 0.2, 0.0, 0.0, 0.5, 0.0, 0.0, 0.2, 0.125, 0.3333, 0.0, 0.0, 0.0, 0.0, 0.1818, 0.1667, 0.1667, 0.0, 0.2, 0.1667, 0.0, 0.1429, 0.0, 0.0, 0.2, 0.0, 0.0, 0.0, 0.0, 0.1667, 0.0, 0.1, 0.0, 0.1667, 0.1667, 0.0, 0.0, 0.1667, 0.1111, 0.25, 0.2, 0.0, 0.2, 0.0, 0.0, 0.0769, 0.0, 0.0, 0.0, 0.0, 0.0, 0.1, 0.0, 0.1667, 0.0833, 0.0, 0.1429, 0.0, 0.0, 0.2, 0.0, 0.2, 0.0, 0.2, 0.0, 0.2, 0.0909, 0.0, 0.1111, 0.0769, 0.0, 0.3333, 0.0, 0.0, 0.0, 0.0, 0.1111, 0.1429, 0.0, 0.1429, 0.0, 0.2, 0.0, 0.1667, 0.0909, 0.1818, 0.0, 0.0, 0.0, 0.2857, 0.0, 0.0, 0.1, 0.1111, 0.0, 0.0, 0.0, 0.1429, 0.0, 0.0, 0.0, 0.0, 0.0, 0.0, 0.0, 0.125, 0.0909, 0.0, 0.0, 0.0, 0.0, 0.0, 0.0, 0.1429, 0.0, 0.0, 0.0, 0.1, 0.0, 0.0, 0.0, 0.0909, 0.0909, 0.1111, 0.0, 0.125, 0.1667, 0.1429, 0.0833, 0.125, 0.0, 0.0833, 0.1, 0.0, 0.0, 0.0, 0.1667, 0.0, 0.0, 0.1429, 0.0, 0.0, 0.1429, 0.0625, 0.125, 0.0, 0.0, 0.0, 0.1429, 0.0, 0.1667, 0.0909, 0.0, 0.0, 0.125, 0.0, 0.0, 0.0, 0.0909, 0.1818, 0.0, 0.0, 0.0, 0.0, 0.0, 0.1, 0.2, 0.0, 0.1, 0.0, 0.2, 0.0, 0.125, 0.25, 0.0, 0.0, 0.1429, 0.0, 0.0, 0.0, 0.1667, 0.0, 0.0, 0.0, 0.1111, 0.0909, 0.0, 0.0, 0.0, 0.0, 0.0, 0.0833, 0.0, 0.1111, 0.0, 0.0, 0.0833, 0.0, 0.0, 0.125, 0.25, 0.0, 0.0, 0.0, 0.1667, 0.0, 0.2, 0.1, 0.0833, 0.0, 0.125, 0.0, 0.125, 0.1429, 0.0, 0.0, 0.0, 0.0, 0.0, 0.0, 0.1111, 0.1429, 0.3333, 0.0, 0.0, 0.1429, 0.1, 0.1429, 0.0, 0.125, 0.125, 0.0, 0.0, 0.0, 0.0, 0.0, 0.25, 0.0, 0.1667, 0.0, 0.0, 0.0, 0.0, 0.125, 0.0, 0.0, 0.0, 0.125, 0.1429]"
line_manager_first,0.4,2,line_manager_first,0.063,0.063,0.063,0.0,4,True,126,0,280,1594,0,"[0.05, 0.0595, 0.062, 0.063, 0.063, 0.063, 0.063, 0.063, 0.063, 0.063, 0.063, 0.063, 0.063, 0.063, 0.063, 0.063, 0.063, 0.063, 0.063, 0.063, 0.063, 0.063, 0.063, 0.063, 0.063, 0.063, 0.063, 0.063, 0.063, 0.063, 0.063, 0.063, 0.063, 0.063, 0.063, 0.063, 0.063, 0.063, 0.063, 0.063, 0.063, 0.063, 0.063, 0.063, 0.063, 0.063, 0.063, 0.063, 0.063, 0.063, 0.063, 0.063, 0.063, 0.063, 0.063, 0.063, 0.063, 0.063, 0.063, 0.063, 0.063, 0.063, 0.063, 0.063, 0.063, 0.063, 0.063, 0.063, 0.063, 0.063, 0.063, 0.063, 0.063, 0.063, 0.063, 0.063, 0.063, 0.063, 0.063, 0.063, 0.063, 0.063, 0.063, 0.063, 0.063, 0.063, 0.063, 0.063, 0.063, 0.063, 0.063, 0.063, 0.063, 0.063, 0.063, 0.063, 0.063, 0.063, 0.063, 0.063, 0.063]","{""0"": 0.0394, ""1"": 0.1008, ""2"": 0.063, ""3"": 0.0265, ""4"": 0.0958, ""5"": 0.0816, ""6"": 0.0433, ""7"": 0.0548}","[0.1111, 0.1111, 0.1111, 0.0, 0.0, 0.125, 0.0, 0.0, 0.1667, 0.1111, 0.2, 0.0, 0.0, 0.0, 0.1429, 0.1429, 0.125, 0.0714, 0.1667, 0.0833, 0.0, 0.1, 0.1667, 0.0, 0.0, 0.0, 0.1667, 0.125, 0.0, 0.125, 0.0, 0.0, 0.1111, 0.0, 0.0909, 0.1667, 0.0, 0.2, 0.0, 0.0, 0.0, 0.0, 0.1111, 0.0, 0.0, 0.1429, 0.0833, 0.0, 0.0, 0.1111, 0.1429, 0.0909, 0.0, 0.25, 0.1667, 0.0, 0.0, 0.0, 0.2, 0.25, 0.0, 0.1111, 0.0, 0.0, 0.25, 0.1111, 0.1538, 0.0, 0.0, 0.0, 0.0, 0.0, 0.0, 0.0, 0.0909, 0.0, 0.0, 0.0, 0.2857, 0.0, 0.1429, 0.0, 0.1429, 0.0, 0.1429, 0.5, 0.0, 0.0, 0.1667, 0.1111, 0.0, 0.1429, 0.0, 0.0, 0.0, 0.0, 0.0, 0.0, 0.3333, 0.0, 0.1667, 0.0909, 0.1667, 0.0, 0.0, 0.0, 0.0, 0.1429, 0.0, 0.25, 0.0, 0.0, 0.0, 0.0, 0.1429, 0.1429, 0.0, 0.0, 0.0, 0.3333, 0.2, 0.0, 0.125, 0.0909, 0.0, 0.0667, 0.1429, 0.0, 0.125, 0.0, 0.0, 0.25, 0.1429, 0.25, 0.0909, 0.1667, 0.0, 0.0, 0.0, 0.0, 0.0, 0.0, 0.0, 0.0, 0.0, 0.0, 0.0, 0.0, 0.0, 0.0, 0.0, 0.0, 0.0, 0.0, 0.4286, 0.1667, 0.0, 0.0909, 0.0, 0.1429, 0.1111, 0.0, 0.0833, 0.0, 0.0, 0.0, 0.0, 0.1429, 0.0, 0.0, 0.1111, 0.125, 0.1429, 0.2, 0.2857, 0.2, 0.0, 0.2, 0.0, 0.0, 0.0, 0.1, 0.1667, 0.0, 0.0, 0.0, 0.25, 0.0, 0.0, 0.0, 0.1111, 0.0, 0.0, 0.0, 0.0, 0.1111, 0.0, 0.2, 0.1429, 0.25, 0.0, 0.0, 0.0, 0.0, 0.0, 0.0, 0.2, 0.125, 0.0, 0.1429, 0.0909, 0.2, 0.0, 0.3333, 0.3333, 0.1111, 0.2, 0.0, 0.0, 0.0, 0.0, 0.125, 0.1667, 0.0, 0.0, 0.125, 0.1, 0.0833, 0.125, 0.0, 0.0909, 0.1111, 0.0, 0.0, 0.125, 0.0, 0.1111, 0.0, 0.125, 0.3333, 0.2, 0.1429, 0.0, 0.0, 0.1429, 0.1429, 0.0, 0.0, 0.1111, 0.0]"
line_manager_first,0.4,3,line_manager_first,0.06,0.06,0.06,-0.0,2,True,120,0,298,1582,0,"[0.05, 0.06, 0.06, 0.06, 0.06, 0.06, 0.06, 0.06, 0.06, 0.06, 0.06, 0.06, 0.06, 0.06, 0.06, 0.06, 0.06, 0.06, 0.06, 0.06, 0.06, 0.06, 0.06, 0.06, 0.06, 0.06, 0.06, 0.06, 0.06, 0.06, 0.06, 0.06, 0.06, 0.06, 0.06, 0.06, 0.06, 0.06, 0.06, 0.06, 0.06, 0.06, 0.06, 0.06, 0.06, 0.06, 0.06, 0.06, 0.06, 0.06, 0.06, 0.06, 0.06, 0.06, 0.06, 0.06, 0.06, 0.06, 0.06, 0.06, 0.06, 0.06, 0.06, 0.06, 0.06, 0.06, 0.06, 0.06, 0.06, 0.06, 0.06, 0.06, 0.06, 0.06, 0.06, 0.06, 0.06, 0.06, 0.06, 0.06, 0.06, 0.06, 0.06, 0.06, 0.06, 0.06, 0.06, 0.06, 0.06, 0.06, 0.06, 0.06, 0.06, 0.06, 0.06, 0.06, 0.06, 0.06, 0.06, 0.06, 0.06]","{""0"": 0.0464, ""1"": 0.0533, ""2"": 0.0702, ""3"": 0.0736, ""4"": 0.0692, ""5"": 0.0526, ""6"": 0.0618, ""7"": 0.0551}","[0.0, 0.0, 0.0, 0.0, 0.2, 0.0, 0.125, 0.0, 0.125, 0.0769, 0.125, 0.25, 0.1667, 0.2, 0.1, 0.1429, 0.25, 0.0, 0.0, 0.0, 0.0, 0.0, 0.2, 0.3, 0.0, 0.0, 0.0, 0.0, 0.0, 0.2222, 0.0, 0.0, 0.0, 0.125, 0.2, 0.1, 0.1667, 0.0, 0.0, 0.0, 0.0, 0.0, 0.0, 0.125, 0.1111, 0.0, 0.0, 0.125, 0.1111, 0.0, 0.0, 0.0, 0.0, 0.0, 0.0, 0.0, 0.0, 0.0, 0.1, 0.0909, 0.0, 0.125, 0.0, 0.1667, 0.0, 0.0, 0.1429, 0.0, 0.1111, 0.0, 0.0, 0.25, 0.0909, 0.0, 0.0, 0.0909, 0.0, 0.2222, 0.1, 0.0, 0.0, 0.0, 0.0, 0.0, 0.0, 0.0, 0.0, 0.0, 0.125, 0.0, 0.1429, 0.0909, 0.0, 0.0, 0.0, 0.0, 0.0, 0.1667, 0.0, 0.0, 0.0, 0.0, 0.0, 0.0, 0.0, 0.0, 0.0526, 0.0, 0.0, 0.1, 0.0, 0.0769, 0.0, 0.0, 0.0, 0.125, 0.125, 0.0, 0.2, 0.0, 0.125, 0.0, 0.0, 0.1429, 0.0, 0.0, 0.0, 0.0, 0.0, 0.1429, 0.0, 0.1429, 0.0, 0.0, 0.2, 0.0, 0.0, 0.0, 0.0, 0.125, 0.2, 0.125, 0.0, 0.2222, 0.0, 0.0769, 0.0, 0.1667, 0.1429, 0.0, 0.0, 0.0, 0.1429, 0.0, 0.1818, 0.0, 0.125, 0.0, 0.1667, 0.2857, 0.0, 0.1111, 0.0, 0.0, 0.1111, 0.2222, 0.125, 0.0909, 0.1667, 0.0, 0.1, 0.125, 0.25, 0.125, 0.2857, 0.1, 0.1429, 0.0, 0.0, 0.1667, 0.0, 0.0, 0.0, 0.0, 0.0, 0.2, 0.1667, 0.25, 0.1111, 0.0, 0.0, 0.2, 0.1667, 0.0, 0.0, 0.0, 0.1429, 0.0, 0.0833, 0.0, 0.1111, 0.0, 0.0, 0.0833, 0.1429, 0.0, 0.0, 0.0, 0.0, 0.0909, 0.0, 0.125, 0.0, 0.1429, 0.0833, 0.0, 0.0909, 0.2222, 0.1111, 0.0, 0.0, 0.125, 0.0, 0.1, 0.0, 0.0833, 0.0, 0.0, 0.2, 0.1667, 0.0, 0.0, 0.1111, 0.0, 0.1429, 0.0, 0.1111, 0.1111, 0.0909, 0.0, 0.0, 0.125, 0.1111, 0.0, 0.1111, 0.2857, 0.0, 0.0, 0.0, 0.1111]"
line_manager_first,0.4,4,line_manager_first,0.0665,0.0665,0.0665,0.0,3,True,133,0,309,1558,0,"[0.05, 0.064, 0.0665, 0.0665, 0.0665, 0.0665, 0.0665, 0.0665, 0.0665, 0.0665, 0.0665, 0.0665, 0.0665, 0.0665, 0.0665, 0.0665, 0.0665, 0.0665, 0.0665, 0.0665, 0.0665, 0.0665, 0.0665, 0.0665, 0.0665, 0.0665, 0.0665, 0.0665, 0.0665, 0.0665, 0.0665, 0.0665, 0.0665, 0.0665, 0.0665, 0.0665, 0.0665, 0.0665, 0.0665, 0.0665, 0.0665, 0.0665, 0.0665, 0.0665, 0.0665, 0.0665, 0.0665, 0.0665, 0.0665, 0.0665, 0.0665, 0.0665, 0.0665, 0.0665, 0.0665, 0.0665, 0.0665, 0.0665, 0.0665, 0.0665, 0.0665, 0.0665, 0.0665, 0.0665, 0.0665, 0.0665, 0.0665, 0.0665, 0.0665, 0.0665, 0.0665, 0.0665, 0.0665, 0.0665, 0.0665, 0.0665, 0.0665, 0.0665, 0.0665, 0.0665, 0.0665, 0.0665, 0.0665, 0.0665, 0.0665, 0.0665, 0.0665, 0.0665, 0.0665, 0.0665, 0.0665, 0.0665, 0.0665, 0.0665, 0.0665, 0.0665, 0.0665, 0.0665, 0.0665, 0.0665, 0.0665]","{""0"": 0.0471, ""1"": 0.0543, ""2"": 0.0723, ""3"": 0.0779, ""4"": 0.0474, ""5"": 0.0656, ""6"": 0.1048, ""7"": 0.0645}","[0.1111, 0.0, 0.0, 0.4, 0.0, 0.0, 0.1667, 0.1, 0.2222, 0.0, 0.0, 0.1111, 0.0, 0.0, 0.0, 0.125, 0.2, 0.0, 0.0, 0.1667, 0.0, 0.25, 0.125, 0.4, 0.0, 0.1111, 0.0, 0.1, 0.0, 0.1538, 0.0, 0.25, 0.0, 0.4, 0.0909, 0.1111, 0.1429, 0.0, 0.1, 0.2857, 0.2, 0.1, 0.1111, 0.1, 0.0, 0.0, 0.0, 0.125, 0.0, 0.0833, 0.0, 0.0, 0.0, 0.2222, 0.0, 0.0, 0.1111, 0.0909, 0.0, 0.0, 0.1429, 0.1111, 0.1429, 0.1667, 0.0, 0.0, 0.1111, 0.0, 0.0, 0.0, 0.0, 0.1111, 0.1, 0.1667, 0.0, 0.1667, 0.0, 0.0, 0.3333, 0.375, 0.125, 0.0, 0.0, 0.2, 0.25, 0.1, 0.0, 0.0, 0.0, 0.0, 0.0, 0.0, 0.0, 0.0, 0.0, 0.1667, 0.0, 0.1111, 0.0769, 0.1429, 0.1429, 0.0, 0.2727, 0.0, 0.0, 0.0, 0.0, 0.0, 0.25, 0.0, 0.0, 0.0, 0.2, 0.0, 0.0, 0.1667, 0.1111, 0.0, 0.0, 0.0, 0.0, 0.0, 0.0, 0.0, 0.0, 0.0, 0.0, 0.1, 0.0, 0.0, 0.0909, 0.0, 0.2222, 0.125, 0.0, 0.2, 0.1111, 0.1667, 0.1429, 0.0, 0.5, 0.1429, 0.125, 0.0, 0.0, 0.0, 0.1, 0.0, 0.1429, 0.0, 0.1667, 0.0, 0.25, 0.1111, 0.1429, 0.0, 0.125, 0.0, 0.0, 0.25, 0.0, 0.2, 0.0909, 0.0, 0.0, 0.0, 0.1111, 0.0909, 0.0, 0.0, 0.1111, 0.25, 0.1667, 0.0, 0.2857, 0.0, 0.0, 0.0, 0.0, 0.0, 0.0, 0.0, 0.0909, 0.0, 0.1429, 0.0, 0.0, 0.1429, 0.1111, 0.0, 0.0, 0.0, 0.1818, 0.0, 0.0, 0.125, 0.0, 0.1429, 0.0, 0.1, 0.0, 0.0, 0.1667, 0.1, 0.0, 0.1667, 0.1111, 0.125, 0.0, 0.0, 0.1111, 0.125, 0.0, 0.0, 0.0, 0.125, 0.0, 0.0, 0.0, 0.0, 0.0, 0.1111, 0.0, 0.1429, 0.0, 0.0, 0.0, 0.1111, 0.2222, 0.0, 0.0, 0.0, 0.0, 0.0, 0.1429, 0.1, 0.125, 0.0, 0.0, 0.0, 0.0, 0.0, 0.0, 0.0, 0.0, 0.0, 0.0, 0.125, 0.1429, 0.1429]"
line_manager_first,0.4,5,line_manager_first,0.0655,0.0655,0.0655,0.0,3,True,131,0,275,1594,0,"[0.05, 0.0645, 0.0655, 0.0655, 0.0655, 0.0655, 0.0655, 0.0655, 0.0655, 0.0655, 0.0655, 0.0655, 0.0655, 0.0655, 0.0655, 0.0655, 0.0655, 0.0655, 0.0655, 0.0655, 0.0655, 0.0655, 0.0655, 0.0655, 0.0655, 0.0655, 0.0655, 0.0655, 0.0655, 0.0655, 0.0655, 0.0655, 0.0655, 0.0655, 0.0655, 0.0655, 0.0655, 0.0655, 0.0655, 0.0655, 0.0655, 0.0655, 0.0655, 0.0655, 0.0655, 0.0655, 0.0655, 0.0655, 0.0655, 0.0655, 0.0655, 0.0655, 0.0655, 0.0655, 0.0655, 0.0655, 0.0655, 0.0655, 0.0655, 0.0655, 0.0655, 0.0655, 0.0655, 0.0655, 0.0655, 0.0655, 0.0655, 0.0655, 0.0655, 0.0655, 0.0655, 0.0655, 0.0655, 0.0655, 0.0655, 0.0655, 0.0655, 0.0655, 0.0655, 0.0655, 0.0655, 0.0655, 0.0655, 0.0655, 0.0655, 0.0655, 0.0655, 0.0655, 0.0655, 0.0655, 0.0655, 0.0655, 0.0655, 0.0655, 0.0655, 0.0655, 0.0655, 0.0655, 0.0655, 0.0655, 0.0655]","{""0"": 0.0751, ""1"": 0.0553, ""2"": 0.0827, ""3"": 0.064, ""4"": 0.0627, ""5"": 0.0455, ""6"": 0.0598, ""7"": 0.076}","[0.0, 0.4, 0.0, 0.0909, 0.1429, 0.0, 0.0, 0.1667, 0.1667, 0.0, 0.0, 0.25, 0.1111, 0.0, 0.1, 0.0667, 0.1818, 0.1429, 0.0, 0.0, 0.1667, 0.2, 0.0, 0.25, 0.0, 0.0, 0.125, 0.125, 0.1111, 0.1429, 0.0, 0.1111, 0.1, 0.1429, 0.0, 0.1667, 0.0, 0.1429, 0.1667, 0.1111, 0.0, 0.1429, 0.0, 0.0, 0.1429, 0.0, 0.0, 0.0, 0.125, 0.0, 0.3333, 0.0, 0.0, 0.1429, 0.1667, 0.0, 0.0, 0.0, 0.0, 0.1, 0.0, 0.0769, 0.0, 0.1667, 0.1429, 0.1111, 0.0, 0.0, 0.0833, 0.1429, 0.1429, 0.0, 0.0, 0.25, 0.0, 0.1111, 0.0, 0.0, 0.1, 0.0, 0.0, 0.0, 0.0833, 0.375, 0.0, 0.0, 0.0, 0.0, 0.0833, 0.0, 0.0, 0.25, 0.1429, 0.0, 0.0, 0.5, 0.2, 0.1, 0.1667, 0.0, 0.2222, 0.1, 0.0, 0.2857, 0.0, 0.0, 0.0909, 0.0909, 0.0, 0.2, 0.1667, 0.125, 0.0, 0.0, 0.0909, 0.0, 0.0, 0.0, 0.2, 0.0, 0.1667, 0.1429, 0.0, 0.0, 0.1429, 0.0, 0.0, 0.0, 0.0, 0.0, 0.0, 0.0, 0.0833, 0.1429, 0.0, 0.0, 0.1429, 0.0, 0.0, 0.0, 0.0, 0.0909, 0.0, 0.0, 0.1429, 0.0, 0.0, 0.0, 0.0, 0.2, 0.0, 0.0, 0.0, 0.2857, 0.0, 0.1, 0.0, 0.0, 0.0, 0.0, 0.125, 0.125, 0.1429, 0.2, 0.125, 0.0, 0.0, 0.0, 0.0909, 0.1667, 0.125, 0.1667, 0.125, 0.0, 0.0, 0.1429, 0.1, 0.0, 0.0833, 0.0, 0.0, 0.1429, 0.0, 0.1111, 0.2, 0.0, 0.0, 0.1111, 0.0, 0.0, 0.0, 0.0, 0.2, 0.0, 0.2, 0.1667, 0.0, 0.1, 0.0, 0.0, 0.0, 0.0, 0.1429, 0.0, 0.1, 0.1538, 0.0, 0.0, 0.2, 0.2, 0.1667, 0.0, 0.0, 0.1111, 0.1429, 0.0, 0.0, 0.0, 0.0, 0.1111, 0.0, 0.0, 0.0, 0.0, 0.0, 0.0909, 0.0625, 0.0625, 0.3333, 0.0, 0.125, 0.0, 0.0, 0.2857, 0.125, 0.0833, 0.0, 0.0, 0.1429, 0.25, 0.125, 0.0, 0.0, 0.0, 0.0, 0.0, 0.0, 0.0, 0.0, 0.1667]"
line_manager_first,0.4,6,line_manager_first,0.061,0.061,0.061,0.0,3,True,122,0,265,1613,0,"[0.05, 0.0595, 0.061, 0.061, 0.061, 0.061, 0.061, 0.061, 0.061, 0.061, 0.061, 0.061, 0.061, 0.061, 0.061, 0.061, 0.061, 0.061, 0.061, 0.061, 0.061, 0.061, 0.061, 0.061, 0.061, 0.061, 0.061, 0.061, 0.061, 0.061, 0.061, 0.061, 0.061, 0.061, 0.061, 0.061, 0.061, 0.061, 0.061, 0.061, 0.061, 0.061, 0.061, 0.061, 0.061, 0.061, 0.061, 0.061, 0.061, 0.061, 0.061, 0.061, 0.061, 0.061, 0.061, 0.061, 0.061, 0.061, 0.061, 0.061, 0.061, 0.061, 0.061, 0.061, 0.061, 0.061, 0.061, 0.061, 0.061, 0.061, 0.061, 0.061, 0.061, 0.061, 0.061, 0.061, 0.061, 0.061, 0.061, 0.061, 0.061, 0.061, 0.061, 0.061, 0.061, 0.061, 0.061, 0.061, 0.061, 0.061, 0.061, 0.061, 0.061, 0.061, 0.061, 0.061, 0.061, 0.061, 0.061, 0.061, 0.061]","{""0"": 0.0808, ""1"": 0.0323, ""2"": 0.0466, ""3"": 0.0742, ""4"": 0.0763, ""5"": 0.061, ""6"": 0.051, ""7"": 0.0643}","[0.0, 0.25, 0.0, 0.0, 0.1667, 0.0, 0.0, 0.0, 0.0, 0.0909, 0.0, 0.1429, 0.0, 0.0, 0.0, 0.1429, 0.0, 0.3333, 0.0, 0.1, 0.125, 0.0, 0.1111, 0.0, 0.1667, 0.0, 0.2, 0.0, 0.1, 0.1111, 0.0, 0.0, 0.0, 0.0, 0.0, 0.0, 0.0, 0.125, 0.0, 0.0, 0.0, 0.0769, 0.3333, 0.1429, 0.0, 0.0, 0.0, 0.1111, 0.0, 0.0, 0.0, 0.0, 0.1667, 0.0, 0.0, 0.0, 0.0, 0.0, 0.0, 0.0, 0.0, 0.0, 0.0, 0.0, 0.1667, 0.0, 0.1111, 0.0, 0.1, 0.1667, 0.0, 0.0714, 0.0, 0.0, 0.125, 0.0, 0.0, 0.0909, 0.0, 0.0, 0.0, 0.0, 0.1429, 0.0, 0.0714, 0.1429, 0.125, 0.25, 0.0, 0.3333, 0.2, 0.0, 0.0, 0.1667, 0.1667, 0.0, 0.0, 0.0, 0.0, 0.1667, 0.0, 0.1, 0.0, 0.0, 0.0, 0.125, 0.0769, 0.0, 0.0, 0.3333, 0.0714, 0.1111, 0.1, 0.125, 0.0, 0.4, 0.1111, 0.1, 0.125, 0.0, 0.1667, 0.0, 0.0, 0.1111, 0.0, 0.0, 0.2857, 0.0, 0.0, 0.1429, 0.0, 0.1429, 0.125, 0.0, 0.25, 0.0, 0.1111, 0.0909, 0.0, 0.1111, 0.6, 0.1818, 0.0909, 0.25, 0.0, 0.0, 0.0, 0.0, 0.1667, 0.0, 0.1111, 0.1667, 0.0, 0.0, 0.0, 0.0, 0.0909, 0.0, 0.0, 0.125, 0.0, 0.2, 0.0, 0.0, 0.1667, 0.0, 0.0, 0.0, 0.0, 0.1429, 0.0, 0.0, 0.0, 0.1667, 0.0, 0.1667, 0.1667, 0.0, 0.0, 0.0, 0.0, 0.0, 0.1429, 0.125, 0.2, 0.1667, 0.0, 0.0, 0.2, 0.1667, 0.0, 0.0, 0.2, 0.0, 0.0, 0.0, 0.0, 0.0, 0.0, 0.0, 0.125, 0.0, 0.0, 0.0, 0.125, 0.1667, 0.3333, 0.0, 0.0, 0.1429, 0.0, 0.1667, 0.0, 0.0, 0.1667, 0.0, 0.1818, 0.3333, 0.0, 0.0, 0.2222, 0.2, 0.1111, 0.1667, 0.1429, 0.0769, 0.0, 0.0, 0.0, 0.125, 0.0, 0.1429, 0.1, 0.0, 0.0, 0.0909, 0.0, 0.125, 0.0, 0.0, 0.0, 0.1, 0.0, 0.0, 0.1667, 0.1, 0.0, 0.0, 0.1667, 0.0]"
line_manager_first,0.4,7,line_manager_first,0.065,0.065,0.065,0.0,4,True,130,0,284,1586,0,"[0.05, 0.062, 0.0645, 0.065, 0.065, 0.065, 0.065, 0.065, 0.065, 0.065, 0.065, 0.065, 0.065, 0.065, 0.065, 0.065, 0.065, 0.065, 0.065, 0.065, 0.065, 0.065, 0.065, 0.065, 0.065, 0.065, 0.065, 0.065, 0.065, 0.065, 0.065, 0.065, 0.065, 0.065, 0.065, 0.065, 0.065, 0.065, 0.065, 0.065, 0.065, 0.065, 0.065, 0.065, 0.065, 0.065, 0.065, 0.065, 0.065, 0.065, 0.065, 0.065, 0.065, 0.065, 0.065, 0.065, 0.065, 0.065, 0.065, 0.065, 0.065, 0.065, 0.065, 0.065, 0.065, 0.065, 0.065, 0.065, 0.065, 0.065, 0.065, 0.065, 0.065, 0.065, 0.065, 0.065, 0.065, 0.065, 0.065, 0.065, 0.065, 0.065, 0.065, 0.065, 0.065, 0.065, 0.065, 0.065, 0.065, 0.065, 0.065, 0.065, 0.065, 0.065, 0.065, 0.065, 0.065, 0.065, 0.065, 0.065, 0.065]","{""0"": 0.0784, ""1"": 0.0375, ""2"": 0.0541, ""3"": 0.0813, ""4"": 0.0657, ""5"": 0.0736, ""6"": 0.0699, ""7"": 0.0578}","[0.3333, 0.5, 0.0, 0.0, 0.0, 0.0, 0.25, 0.0, 0.1111, 0.2, 0.0, 0.0, 0.0, 0.0833, 0.1429, 0.0833, 0.1, 0.1429, 0.0, 0.0, 0.125, 0.25, 0.1667, 0.1429, 0.0, 0.1429, 0.1429, 0.0, 0.1429, 0.0, 0.0, 0.0, 0.0, 0.0, 0.0, 0.25, 0.125, 0.0, 0.1111, 0.0, 0.0, 0.0, 0.125, 0.0833, 0.1111, 0.0, 0.0, 0.1, 0.0, 0.0, 0.1429, 0.0, 0.0833, 0.1, 0.6, 0.0, 0.0, 0.0, 0.0, 0.0, 0.1111, 0.0, 0.0, 0.1667, 0.1667, 0.1429, 0.0, 0.0, 0.125, 0.125, 0.0, 0.0, 0.125, 0.0, 0.1667, 0.1111, 0.0769, 0.0, 0.125, 0.0, 0.1111, 0.0, 0.0, 0.0, 0.0, 0.1429, 0.0, 0.0769, 0.1111, 0.1, 0.25, 0.0, 0.1429, 0.0, 0.1429, 0.0, 0.0, 0.0, 0.1667, 0.0, 0.1, 0.0, 0.0, 0.1667, 0.0, 0.1, 0.0, 0.1111, 0.0, 0.1429, 0.0, 0.0, 0.0, 0.2, 0.0, 0.125, 0.0909, 0.1429, 0.0, 0.2, 0.1111, 0.2, 0.0, 0.0, 0.0, 0.0, 0.0, 0.1667, 0.0, 0.0, 0.0, 0.0909, 0.0, 0.125, 0.0, 0.0, 0.0, 0.0833, 0.0, 0.0, 0.25, 0.0, 0.125, 0.125, 0.0, 0.0, 0.0, 0.375, 0.0, 0.1, 0.0, 0.125, 0.125, 0.0, 0.0, 0.0, 0.0, 0.2, 0.0909, 0.0, 0.0, 0.4, 0.0, 0.0, 0.0, 0.0, 0.1429, 0.0, 0.0, 0.1429, 0.0, 0.0, 0.0, 0.0, 0.0, 0.0, 0.125, 0.1111, 0.1429, 0.0, 0.0, 0.0, 0.0, 0.1667, 0.1667, 0.0, 0.0, 0.0, 0.0, 0.125, 0.25, 0.2, 0.1429, 0.1667, 0.0, 0.0, 0.1429, 0.125, 0.0, 0.0, 0.25, 0.0, 0.0, 0.1, 0.2222, 0.1111, 0.0, 0.2, 0.0, 0.0, 0.0, 0.2, 0.25, 0.1, 0.1111, 0.2, 0.25, 0.0, 0.0, 0.125, 0.1, 0.0909, 0.125, 0.0, 0.0, 0.0, 0.1818, 0.2, 0.2, 0.0, 0.1667, 0.1429, 0.0, 0.0, 0.0, 0.0, 0.0, 0.25, 0.25, 0.0, 0.0, 0.1429, 0.0, 0.0, 0.0, 0.0909, 0.0, 0.0, 0.0, 0.0]"
line_manager_first,0.4,8,line_manager_first,0.064,0.064,0.064,-0.0,3,True,128,0,295,1577,0,"[0.05, 0.0625, 0.064, 0.064, 0.064, 0.064, 0.064, 0.064, 0.064, 0.064, 0.064, 0.064, 0.064, 0.064, 0.064, 0.064, 0.064, 0.064, 0.064, 0.064, 0.064, 0.064, 0.064, 0.064, 0.064, 0.064, 0.064, 0.064, 0.064, 0.064, 0.064, 0.064, 0.064, 0.064, 0.064, 0.064, 0.064, 0.064, 0.064, 0.064, 0.064, 0.064, 0.064, 0.064, 0.064, 0.064, 0.064, 0.064, 0.064, 0.064, 0.064, 0.064, 0.064, 0.064, 0.064, 0.064, 0.064, 0.064, 0.064, 0.064, 0.064, 0.064, 0.064, 0.064, 0.064, 0.064, 0.064, 0.064, 0.064, 0.064, 0.064, 0.064, 0.064, 0.064, 0.064, 0.064, 0.064, 0.064, 0.064, 0.064, 0.064, 0.064, 0.064, 0.064, 0.064, 0.064, 0.064, 0.064, 0.064, 0.064, 0.064, 0.064, 0.064, 0.064, 0.064, 0.064, 0.064, 0.064, 0.064, 0.064, 0.064]","{""0"": 0.0805, ""1"": 0.0723, ""2"": 0.0647, ""3"": 0.0558, ""4"": 0.0567, ""5"": 0.0544, ""6"": 0.0696, ""7"": 0.0566}","[0.1111, 0.125, 0.0, 0.1, 0.1667, 0.0, 0.0, 0.0, 0.0, 0.1111, 0.125, 0.1429, 0.125, 0.0, 0.1, 0.0, 0.0, 0.0909, 0.0, 0.0, 0.0, 0.0, 0.0, 0.1111, 0.0, 0.125, 0.2222, 0.0, 0.0, 0.2222, 0.125, 0.0, 0.0, 0.0, 0.1667, 0.0, 0.1, 0.0, 0.0, 0.0, 0.0, 0.1429, 0.0909, 0.0, 0.1111, 0.0, 0.0, 0.2222, 0.1667, 0.1667, 0.2, 0.0, 0.0, 0.0, 0.0, 0.0, 0.0, 0.125, 0.1111, 0.0, 0.0, 0.0, 0.0, 0.1667, 0.1, 0.3333, 0.0, 0.0, 0.0, 0.1429, 0.0, 0.0, 0.0, 0.0, 0.0, 0.1, 0.0, 0.1, 0.0, 0.125, 0.1429, 0.0, 0.2222, 0.1, 0.0, 0.125, 0.0, 0.0, 0.0, 0.2, 0.2, 0.4, 0.1111, 0.125, 0.0, 0.0, 0.125, 0.0, 0.0, 0.0, 0.25, 0.2, 0.2, 0.2, 0.0, 0.25, 0.125, 0.0, 0.0, 0.0, 0.125, 0.1111, 0.1429, 0.0, 0.1429, 0.0, 0.0, 0.25, 0.0, 0.1, 0.0, 0.1, 0.0, 0.0, 0.0, 0.0, 0.0, 0.0, 0.0, 0.125, 0.0, 0.2857, 0.1667, 0.1429, 0.0, 0.0, 0.0, 0.0, 0.1429, 0.0, 0.0, 0.0, 0.1111, 0.0833, 0.1667, 0.0909, 0.0, 0.0, 0.0, 0.125, 0.0, 0.0714, 0.0769, 0.0, 0.0, 0.0, 0.0, 0.1, 0.0, 0.0714, 0.2, 0.125, 0.25, 0.25, 0.0, 0.0, 0.1429, 0.1111, 0.0, 0.1111, 0.125, 0.1429, 0.0, 0.0, 0.0833, 0.0, 0.0, 0.0, 0.0, 0.2857, 0.1111, 0.1667, 0.125, 0.0909, 0.1429, 0.0, 0.0, 0.125, 0.0, 0.1111, 0.125, 0.0, 0.0, 0.0, 0.0, 0.0, 0.1111, 0.0, 0.1111, 0.1667, 0.1, 0.1111, 0.0, 0.0, 0.0, 0.0, 0.0, 0.1667, 0.0, 0.0, 0.0, 0.2, 0.0, 0.0, 0.125, 0.2, 0.0, 0.1111, 0.0, 0.0833, 0.0, 0.0, 0.2, 0.125, 0.0714, 0.1, 0.2, 0.0, 0.1, 0.0, 0.0, 0.1667, 0.1, 0.0833, 0.0, 0.0, 0.1667, 0.0, 0.0, 0.0, 0.2222, 0.0, 0.1, 0.0, 0.4, 0.0, 0.0, 0.0, 0.1111, 0.0]"
line_manager_first,0.4,9,line_manager_first,0.0635,0.0635,0.0635,0.0,3,True,127,0,275,1598,0,"[0.05, 0.0625, 0.0635, 0.0635, 0.0635, 0.0635, 0.0635, 0.0635, 0.0635, 0.0635, 0.0635, 0.0635, 0.0635, 0.0635, 0.0635, 0.0635, 0.0635, 0.0635, 0.0635, 0.0635, 0.0635, 0.0635, 0.0635, 0.0635, 0.0635, 0.0635, 0.0635, 0.0635, 0.0635, 0.0635, 0.0635, 0.0635, 0.0635, 0.0635, 0.0635, 0.0635, 0.0635, 0.0635, 0.0635, 0.0635, 0.0635, 0.0635, 0.0635, 0.0635, 0.0635, 0.0635, 0.0635, 0.0635, 0.0635, 0.0635, 0.0635, 0.0635, 0.0635, 0.0635, 0.0635, 0.0635, 0.0635, 0.0635, 0.0635, 0.0635, 0.0635, 0.0635, 0.0635, 0.0635, 0.0635, 0.0635, 0.0635, 0.0635, 0.0635, 0.0635, 0.0635, 0.0635, 0.0635, 0.0635, 0.0635, 0.0635, 0.0635, 0.0635, 0.0635, 0.0635, 0.0635, 0.0635, 0.0635, 0.0635, 0.0635, 0.0635, 0.0635, 0.0635, 0.0635, 0.0635, 0.0635, 0.0635, 0.0635, 0.0635, 0.0635, 0.0635, 0.0635, 0.0635, 0.0635, 0.0635, 0.0635]","{""0"": 0.0485, ""1"": 0.0847, ""2"": 0.0547, ""3"": 0.0833, ""4"": 0.052, ""5"": 0.0661, ""6"": 0.0494, ""7"": 0.0702}","[0.0, 0.0, 0.2, 0.0, 0.125, 0.0, 0.1667, 0.0, 0.1111, 0.0, 0.1429, 0.25, 0.0, 0.0, 0.0, 0.0, 0.0, 0.0, 0.125, 0.125, 0.1429, 0.0, 0.0, 0.3333, 0.0, 0.0, 0.0, 0.0, 0.1429, 0.125, 0.1538, 0.0, 0.0, 0.0, 0.0, 0.0, 0.1429, 0.0, 0.1429, 0.1667, 0.0, 0.0, 0.1, 0.0, 0.0, 0.0, 0.1, 0.2, 0.3333, 0.125, 0.2857, 0.0, 0.2857, 0.0, 0.0, 0.0, 0.1429, 0.0, 0.1429, 0.0, 0.0, 0.0, 0.0, 0.0, 0.1429, 0.125, 0.1429, 0.0, 0.1111, 0.1429, 0.0, 0.1429, 0.125, 0.2222, 0.1111, 0.0, 0.0909, 0.1429, 0.2, 0.0, 0.0, 0.0, 0.0, 0.0833, 0.1429, 0.1429, 0.3333, 0.0, 0.1429, 0.0, 0.1667, 0.2, 0.125, 0.0, 0.0, 0.0, 0.25, 0.0, 0.0, 0.125, 0.1111, 0.0, 0.0, 0.1111, 0.1818, 0.0, 0.0, 0.0, 0.0, 0.125, 0.1429, 0.0, 0.125, 0.0, 0.1111, 0.0, 0.1111, 0.125, 0.0, 0.0, 0.0, 0.0, 0.0, 0.0, 0.0, 0.1429, 0.125, 0.0, 0.0, 0.25, 0.0, 0.125, 0.0, 0.0, 0.0909, 0.1429, 0.25, 0.0, 0.0, 0.0, 0.0, 0.0, 0.0, 0.0, 0.0, 0.0, 0.0, 0.0, 0.2, 0.0, 0.0, 0.0, 0.0, 0.0, 0.25, 0.2, 0.0, 0.0, 0.0, 0.1429, 0.1429, 0.0, 0.25, 0.1667, 0.0, 0.0, 0.0, 0.1667, 0.0, 0.125, 0.0, 0.0, 0.2, 0.0, 0.125, 0.0, 0.0, 0.2222, 0.1, 0.0, 0.0, 0.1, 0.0, 0.0, 0.1, 0.1429, 0.2, 0.0, 0.3333, 0.125, 0.1667, 0.0, 0.0, 0.0, 0.0, 0.0, 0.1429, 0.125, 0.0, 0.0, 0.0, 0.0, 0.0, 0.1111, 0.0, 0.0769, 0.1111, 0.0, 0.0, 0.2222, 0.0, 0.0, 0.1111, 0.0, 0.0, 0.0, 0.4, 0.0833, 0.125, 0.0, 0.0714, 0.0, 0.0, 0.0, 0.0, 0.0, 0.0, 0.0, 0.1, 0.0, 0.0, 0.0909, 0.0, 0.0, 0.0909, 0.1429, 0.0, 0.1111, 0.1, 0.1, 0.0, 0.1429, 0.0909, 0.2222, 0.2857, 0.1, 0.0, 0.0, 0.0, 0.0]"
line_manager_first,0.4,10,line_manager_first,0.061,0.061,0.061,0.0,3,True,122,0,313,1565,0,"[0.05, 0.06, 0.061, 0.061, 0.061, 0.061, 0.061, 0.061, 0.061, 0.061, 0.061, 0.061, 0.061, 0.061, 0.061, 0.061, 0.061, 0.061, 0.061, 0.061, 0.061, 0.061, 0.061, 0.061, 0.061, 0.061, 0.061, 0.061, 0.061, 0.061, 0.061, 0.061, 0.061, 0.061, 0.061, 0.061, 0.061, 0.061, 0.061, 0.061, 0.061, 0.061, 0.061, 0.061, 0.061, 0.061, 0.061, 0.061, 0.061, 0.061, 0.061, 0.061, 0.061, 0.061, 0.061, 0.061, 0.061, 0.061, 0.061, 0.061, 0.061, 0.061, 0.061, 0.061, 0.061, 0.061, 0.061, 0.061, 0.061, 0.061, 0.061, 0.061, 0.061, 0.061, 0.061, 0.061, 0.061, 0.061, 0.061, 0.061, 0.061, 0.061, 0.061, 0.061, 0.061, 0.061, 0.061, 0.061, 0.061, 0.061, 0.061, 0.061, 0.061, 0.061, 0.061, 0.061, 0.061, 0.061, 0.061, 0.061, 0.061]","{""0"": 0.0448, ""1"": 0.0444, ""2"": 0.0885, ""3"": 0.0675, ""4"": 0.0645, ""5"": 0.0549, ""6"": 0.0469, ""7"": 0.0795}","[0.0, 0.0, 0.125, 0.125, 0.0, 0.0, 0.0, 0.0, 0.0, 0.0, 0.0, 0.1667, 0.25, 0.0, 0.0, 0.1, 0.125, 0.0, 0.1667, 0.0, 0.125, 0.0, 0.0, 0.0, 0.125, 0.1111, 0.125, 0.1429, 0.0, 0.1429, 0.0, 0.0, 0.25, 0.0, 0.0, 0.0, 0.1, 0.1667, 0.0, 0.0, 0.2, 0.1429, 0.0, 0.0, 0.0, 0.1111, 0.0, 0.2, 0.0, 0.0, 0.1, 0.3333, 0.25, 0.0, 0.1667, 0.0, 0.25, 0.0833, 0.2, 0.1429, 0.1667, 0.0, 0.0769, 0.0, 0.0, 0.0, 0.0, 0.25, 0.1111, 0.0, 0.125, 0.1111, 0.0, 0.0, 0.1667, 0.0, 0.0, 0.0, 0.1429, 0.125, 0.2857, 0.0, 0.1111, 0.1667, 0.1111, 0.0, 0.0, 0.3333, 0.0, 0.0, 0.0, 0.0, 0.0, 0.0833, 0.0, 0.125, 0.2857, 0.0, 0.0, 0.0, 0.0, 0.2222, 0.125, 0.125, 0.0, 0.0, 0.0, 0.25, 0.0, 0.0, 0.1667, 0.1429, 0.1111, 0.0, 0.0, 0.1667, 0.0, 0.0, 0.1429, 0.1, 0.1429, 0.1429, 0.0, 0.125, 0.0, 0.0, 0.125, 0.0, 0.0, 0.0833, 0.0, 0.1, 0.0, 0.1429, 0.0, 0.0, 0.25, 0.1667, 0.0, 0.0, 0.25, 0.0, 0.1, 0.0, 0.0909, 0.0, 0.0, 0.0, 0.0, 0.1667, 0.2, 0.0, 0.0, 0.1, 0.0, 0.0, 0.0, 0.0, 0.1429, 0.0, 0.1667, 0.0, 0.0, 0.1667, 0.1429, 0.0, 0.0, 0.0, 0.0, 0.25, 0.0, 0.2, 0.0, 0.0, 0.2, 0.1, 0.0, 0.1667, 0.0, 0.125, 0.0, 0.2222, 0.0, 0.2, 0.0833, 0.0909, 0.0, 0.0, 0.0, 0.0, 0.0, 0.0, 0.0, 0.0, 0.25, 0.125, 0.1111, 0.125, 0.0, 0.0909, 0.0, 0.0, 0.1429, 0.0, 0.1667, 0.0, 0.0, 0.0, 0.0, 0.0, 0.1429, 0.125, 0.1667, 0.0, 0.0, 0.0, 0.2, 0.0, 0.0, 0.1429, 0.125, 0.0, 0.1667, 0.0, 0.0, 0.0, 0.2, 0.2, 0.0, 0.2857, 0.0, 0.0, 0.0, 0.0, 0.0, 0.125, 0.0, 0.2222, 0.0, 0.0, 0.1111, 0.1111, 0.0, 0.0, 0.3333, 0.1667, 0.0, 0.0, 0.0, 0.0]"
line_manager_first,0.4,11,line_manager_first,0.061,0.061,0.061,0.0,3,True,122,0,267,1611,0,"[0.05, 0.06, 0.061, 0.061, 0.061, 0.061, 0.061, 0.061, 0.061, 0.061, 0.061, 0.061, 0.061, 0.061, 0.061, 0.061, 0.061, 0.061, 0.061, 0.061, 0.061, 0.061, 0.061, 0.061, 0.061, 0.061, 0.061, 0.061, 0.061, 0.061, 0.061, 0.061, 0.061, 0.061, 0.061, 0.061, 0.061, 0.061, 0.061, 0.061, 0.061, 0.061, 0.061, 0.061, 0.061, 0.061, 0.061, 0.061, 0.061, 0.061, 0.061, 0.061, 0.061, 0.061, 0.061, 0.061, 0.061, 0.061, 0.061, 0.061, 0.061, 0.061, 0.061, 0.061, 0.061, 0.061, 0.061, 0.061, 0.061, 0.061, 0.061, 0.061, 0.061, 0.061, 0.061, 0.061, 0.061, 0.061, 0.061, 0.061, 0.061, 0.061, 0.061, 0.061, 0.061, 0.061, 0.061, 0.061, 0.061, 0.061, 0.061, 0.061, 0.061, 0.061, 0.061, 0.061, 0.061, 0.061, 0.061, 0.061, 0.061]","{""0"": 0.0492, ""1"": 0.0779, ""2"": 0.0463, ""3"": 0.056, ""4"": 0.068, ""5"": 0.073, ""6"": 0.0512, ""7"": 0.0698}","[0.2222, 0.0, 0.0, 0.1, 0.0, 0.0, 0.0, 0.1429, 0.1429, 0.125, 0.3333, 0.0, 0.0, 0.125, 0.0, 0.2, 0.1667, 0.0, 0.125, 0.0, 0.0833, 0.0, 0.4286, 0.0, 0.1, 0.0, 0.1111, 0.2308, 0.0, 0.0, 0.0, 0.0, 0.0, 0.0, 0.25, 0.0, 0.0833, 0.1111, 0.1667, 0.0, 0.1667, 0.0, 0.0, 0.0, 0.125, 0.0, 0.1667, 0.0, 0.1429, 0.1429, 0.2222, 0.125, 0.0, 0.0, 0.2, 0.0, 0.1111, 0.2, 0.0, 0.1, 0.0909, 0.125, 0.0, 0.0, 0.0, 0.0, 0.1111, 0.125, 0.0, 0.1667, 0.2, 0.0, 0.1111, 0.125, 0.2, 0.0, 0.1667, 0.0, 0.1667, 0.1667, 0.125, 0.0, 0.0, 0.0, 0.1429, 0.1538, 0.1429, 0.125, 0.0, 0.0, 0.0, 0.0, 0.1111, 0.1667, 0.125, 0.0, 0.2, 0.0, 0.1667, 0.0909, 0.0, 0.0, 0.0833, 0.0, 0.0, 0.125, 0.1, 0.0, 0.25, 0.0, 0.0, 0.1667, 0.0909, 0.0, 0.1111, 0.0, 0.1429, 0.0909, 0.1429, 0.0, 0.2, 0.2, 0.25, 0.0, 0.0, 0.0, 0.0, 0.0, 0.0, 0.1667, 0.1667, 0.0, 0.0, 0.0, 0.1818, 0.1667, 0.0, 0.125, 0.0, 0.0, 0.1667, 0.4, 0.0, 0.0, 0.1111, 0.0, 0.0, 0.0, 0.1667, 0.0, 0.1, 0.1429, 0.0, 0.0, 0.0, 0.0, 0.0, 0.0, 0.0, 0.0, 0.1667, 0.0, 0.0, 0.0, 0.0, 0.0, 0.1, 0.1, 0.0, 0.1538, 0.0, 0.0, 0.1, 0.1667, 0.0, 0.0, 0.0, 0.1429, 0.0, 0.0, 0.0, 0.2, 0.0, 0.0, 0.1111, 0.1111, 0.0, 0.1111, 0.0, 0.2, 0.0, 0.0833, 0.0, 0.0, 0.2, 0.2, 0.1111, 0.0, 0.1429, 0.1429, 0.0, 0.0, 0.0, 0.0909, 0.1667, 0.0, 0.0, 0.0, 0.0, 0.0, 0.0, 0.1667, 0.0, 0.0, 0.0, 0.0909, 0.1429, 0.1111, 0.0, 0.0, 0.0, 0.0, 0.0, 0.1111, 0.0, 0.0, 0.125, 0.0, 0.0, 0.1667, 0.0, 0.0, 0.0, 0.0, 0.0, 0.0, 0.0, 0.0909, 0.0, 0.0, 0.2857, 0.0, 0.0, 0.0, 0.0, 0.1429, 0.0, 0.0, 0.0, 0.0]"
line_manager_first,0.6,0,line_manager_first,0.0605,0.0605,0.0605,0.0,3,True,121,0,284,1595,0,"[0.05, 0.0595, 0.0605, 0.0605, 0.0605, 0.0605, 0.0605, 0.0605, 0.0605, 0.0605, 0.0605, 0.0605, 0.0605, 0.0605, 0.0605, 0.0605, 0.0605, 0.0605, 0.0605, 0.0605, 0.0605, 0.0605, 0.0605, 0.0605, 0.0605, 0.0605, 0.0605, 0.0605, 0.0605, 0.0605, 0.0605, 0.0605, 0.0605, 0.0605, 0.0605, 0.0605, 0.0605, 0.0605, 0.0605, 0.0605, 0.0605, 0.0605, 0.0605, 0.0605, 0.0605, 0.0605, 0.0605, 0.0605, 0.0605, 0.0605, 0.0605, 0.0605, 0.0605, 0.0605, 0.0605, 0.0605, 0.0605, 0.0605, 0.0605, 0.0605, 0.0605, 0.0605, 0.0605, 0.0605, 0.0605, 0.0605, 0.0605, 0.0605, 0.0605, 0.0605, 0.0605, 0.0605, 0.0605, 0.0605, 0.0605, 0.0605, 0.0605, 0.0605, 0.0605, 0.0605, 0.0605, 0.0605, 0.0605, 0.0605, 0.0605, 0.0605, 0.0605, 0.0605, 0.0605, 0.0605, 0.0605, 0.0605, 0.0605, 0.0605, 0.0605, 0.0605, 0.0605, 0.0605, 0.0605, 0.0605, 0.0605]","{""0"": 0.0792, ""1"": 0.0637, ""2"": 0.0556, ""3"": 0.0391, ""4"": 0.0468, ""5"": 0.0645, ""6"": 0.0579, ""7"": 0.072}","[0.2222, 0.0, 0.1111, 0.0, 0.0, 0.0, 0.1429, 0.0, 0.125, 0.1429, 0.125, 0.0, 0.0, 0.0769, 0.0, 0.0, 0.0, 0.0, 0.2222, 0.0, 0.0, 0.0, 0.2, 0.0, 0.0, 0.1111, 0.0, 0.125, 0.1111, 0.0, 0.1, 0.1111, 0.0, 0.0, 0.0, 0.1429, 0.0, 0.1667, 0.3333, 0.0, 0.0, 0.0, 0.0, 0.0, 0.0, 0.0, 0.0, 0.0, 0.0, 0.2, 0.1429, 0.1, 0.0, 0.0, 0.1667, 0.0, 0.125, 0.1, 0.1667, 0.0, 0.0, 0.1667, 0.0, 0.1667, 0.0, 0.125, 0.0, 0.3333, 0.0, 0.0, 0.0, 0.0, 0.1429, 0.125, 0.1667, 0.0, 0.0, 0.0, 0.25, 0.0, 0.2, 0.0, 0.0, 0.0, 0.0, 0.0, 0.0, 0.1111, 0.1111, 0.125, 0.0, 0.0, 0.0, 0.125, 0.0, 0.0, 0.0, 0.0, 0.0, 0.0909, 0.0, 0.3333, 0.0, 0.125, 0.0, 0.0909, 0.25, 0.1429, 0.0, 0.0, 0.0, 0.2, 0.1111, 0.1429, 0.0, 0.0909, 0.0, 0.0, 0.0, 0.125, 0.25, 0.1429, 0.0, 0.2, 0.0, 0.1818, 0.0909, 0.0, 0.125, 0.0, 0.0, 0.0, 0.0, 0.1667, 0.2, 0.0, 0.0, 0.0, 0.0, 0.0, 0.0, 0.0, 0.0, 0.0, 0.1111, 0.1111, 0.1429, 0.0, 0.1667, 0.0, 0.0, 0.125, 0.1111, 0.125, 0.1, 0.0, 0.1429, 0.0, 0.0, 0.2, 0.0833, 0.0, 0.1667, 0.0769, 0.0, 0.0, 0.0, 0.0, 0.0667, 0.125, 0.1667, 0.0, 0.25, 0.0, 0.0, 0.0, 0.1, 0.0, 0.1429, 0.0, 0.1, 0.0, 0.0, 0.1429, 0.0, 0.0, 0.2, 0.0, 0.125, 0.0, 0.2, 0.2857, 0.0, 0.2, 0.0, 0.0, 0.0, 0.0, 0.0, 0.0769, 0.125, 0.1111, 0.0, 0.0, 0.0, 0.0, 0.0, 0.0, 0.0, 0.0, 0.0, 0.1667, 0.1111, 0.2, 0.1111, 0.0, 0.0, 0.1538, 0.0, 0.1111, 0.25, 0.0, 0.0, 0.2, 0.1, 0.1667, 0.1429, 0.0, 0.0, 0.0, 0.1111, 0.125, 0.125, 0.0, 0.0, 0.0, 0.0, 0.0, 0.0, 0.0, 0.125, 0.0, 0.1111, 0.0, 0.1111, 0.2, 0.6667, 0.0, 0.2, 0.2]"
line_manager_first,0.6,1,line_manager_first,0.0655,0.0655,0.0655,0.0,4,True,131,0,291,1578,0,"[0.05, 0.062, 0.065, 0.0655, 0.0655, 0.0655, 0.0655, 0.0655, 0.0655, 0.0655, 0.0655, 0.0655, 0.0655, 0.0655, 0.0655, 0.0655, 0.0655, 0.0655, 0.0655, 0.0655, 0.0655, 0.0655, 0.0655, 0.0655, 0.0655, 0.0655, 0.0655, 0.0655, 0.0655, 0.0655, 0.0655, 0.0655, 0.0655, 0.0655, 0.0655, 0.0655, 0.0655, 0.0655, 0.0655, 0.0655, 0.0655, 0.0655, 0.0655, 0.0655, 0.0655, 0.0655, 0.0655, 0.0655, 0.0655, 0.0655, 0.0655, 0.0655, 0.0655, 0.0655, 0.0655, 0.0655, 0.0655, 0.0655, 0.0655, 0.0655, 0.0655, 0.0655, 0.0655, 0.0655, 0.0655, 0.0655, 0.0655, 0.0655, 0.0655, 0.0655, 0.0655, 0.0655, 0.0655, 0.0655, 0.0655, 0.0655, 0.0655, 0.0655, 0.0655, 0.0655, 0.0655, 0.0655, 0.0655, 0.0655, 0.0655, 0.0655, 0.0655, 0.0655, 0.0655, 0.0655, 0.0655, 0.0655, 0.0655, 0.0655, 0.0655, 0.0655, 0.0655, 0.0655, 0.0655, 0.0655, 0.0655]","{""0"": 0.0815, ""1"": 0.044, ""2"": 0.065, ""3"": 0.0717, ""4"": 0.0574, ""5"": 0.0868, ""6"": 0.0611, ""7"": 0.0565}","[0.2222, 0.0, 0.0, 0.2, 0.0, 0.1429, 0.0, 0.1, 0.0, 0.125, 0.0, 0.1429, 0.0, 0.0, 0.0, 0.0, 0.1667, 0.0, 0.2, 0.0, 0.1111, 0.0, 0.0833, 0.0, 0.125, 0.2, 0.0, 0.1429, 0.1667, 0.0, 0.0, 0.0, 0.0, 0.1, 0.1111, 0.0, 0.0, 0.0, 0.0833, 0.1, 0.1429, 0.0, 0.0, 0.0, 0.0, 0.25, 0.125, 0.0, 0.0, 0.0, 0.0, 0.125, 0.0, 0.0, 0.0, 0.0833, 0.2857, 0.1, 0.0, 0.1429, 0.0, 0.0, 0.1667, 0.1111, 0.0, 0.0833, 0.0, 0.0, 0.0, 0.1429, 0.0, 0.0, 0.0, 0.1, 0.0, 0.0, 0.0, 0.0, 0.0, 0.0, 0.0, 0.1111, 0.0, 0.125, 0.0, 0.0, 0.1111, 0.0, 0.0, 0.0, 0.1, 0.1429, 0.2, 0.0, 0.1111, 0.1429, 0.0, 0.0, 0.0, 0.0, 0.0909, 0.0, 0.0, 0.2, 0.0, 0.0, 0.0, 0.1429, 0.1, 0.0, 0.0, 0.25, 0.125, 0.1, 0.0, 0.125, 0.2, 0.2857, 0.1, 0.125, 0.0, 0.0, 0.25, 0.0, 0.0, 0.125, 0.25, 0.0, 0.0, 0.0, 0.125, 0.0, 0.1111, 0.1667, 0.5, 0.0, 0.0, 0.6667, 0.0, 0.0, 0.125, 0.0, 0.2857, 0.0833, 0.1429, 0.0, 0.0, 0.0, 0.0, 0.0, 0.0, 0.0, 0.0, 0.1429, 0.2857, 0.0, 0.125, 0.0833, 0.0, 0.0, 0.0, 0.25, 0.0, 0.1429, 0.5, 0.0909, 0.2, 0.0, 0.2222, 0.1111, 0.0, 0.0, 0.0, 0.0, 0.0, 0.125, 0.0, 0.2857, 0.1429, 0.1667, 0.0, 0.1, 0.4286, 0.0, 0.1, 0.1667, 0.0, 0.0, 0.0, 0.0, 0.0, 0.0, 0.3, 0.0, 0.0, 0.25, 0.4, 0.0, 0.0, 0.1429, 0.0, 0.125, 0.0, 0.0, 0.0, 0.2, 0.2, 0.0, 0.0, 0.0, 0.0, 0.1667, 0.2, 0.1111, 0.0, 0.2222, 0.0, 0.0, 0.125, 0.0, 0.0, 0.0, 0.0, 0.0, 0.0, 0.3333, 0.1429, 0.0769, 0.0, 0.1429, 0.1429, 0.0, 0.0, 0.0, 0.0, 0.0, 0.3333, 0.0, 0.0, 0.1111, 0.25, 0.0, 0.0, 0.1111, 0.0, 0.0, 0.1429, 0.1, 0.0, 0.0]"
line_manager_first,0.6,2,line_manager_first,0.0715,0.0715,0.0715,0.0,6,True,143,0,272,1585,0,"[0.05, 0.065, 0.0675, 0.07, 0.0705, 0.0715, 0.0715, 0.0715, 0.0715, 0.0715, 0.0715, 0.0715, 0.0715, 0.0715, 0.0715, 0.0715, 0.0715, 0.0715, 0.0715, 0.0715, 0.0715, 0.0715, 0.0715, 0.0715, 0.0715, 0.0715, 0.0715, 0.0715, 0.0715, 0.0715, 0.0715, 0.0715, 0.0715, 0.0715, 0.0715, 0.0715, 0.0715, 0.0715, 0.0715, 0.0715, 0.0715, 0.0715, 0.0715, 0.0715, 0.0715, 0.0715, 0.0715, 0.0715, 0.0715, 0.0715, 0.0715, 0.0715, 0.0715, 0.0715, 0.0715, 0.0715, 0.0715, 0.0715, 0.0715, 0.0715, 0.0715, 0.0715, 0.0715, 0.0715, 0.0715, 0.0715, 0.0715, 0.0715, 0.0715, 0.0715, 0.0715, 0.0715, 0.0715, 0.0715, 0.0715, 0.0715, 0.0715, 0.0715, 0.0715, 0.0715, 0.0715, 0.0715, 0.0715, 0.0715, 0.0715, 0.0715, 0.0715, 0.0715, 0.0715, 0.0715, 0.0715, 0.0715, 0.0715, 0.0715, 0.0715, 0.0715, 0.0715, 0.0715, 0.0715, 0.0715, 0.0715]","{""0"": 0.0635, ""1"": 0.0791, ""2"": 0.1617, ""3"": 0.0433, ""4"": 0.0664, ""5"": 0.0517, ""6"": 0.0642, ""7"": 0.0462}","[0.0, 0.1667, 0.0, 0.25, 0.0, 0.0, 0.0, 0.0, 0.2, 0.0, 0.1111, 0.0, 0.0, 0.0, 0.25, 0.0, 0.1111, 0.125, 0.0, 0.0, 0.0, 0.1429, 0.0, 0.0, 0.0, 0.2, 0.0, 0.3333, 0.25, 0.0, 0.0, 0.1, 0.0, 0.1, 0.0, 0.125, 0.0, 0.25, 0.0, 0.0, 0.1667, 0.2, 0.1, 0.6667, 0.0, 0.0, 0.1429, 0.0, 0.0, 0.0, 0.0, 0.6, 0.0, 0.2, 0.0, 0.0, 0.0, 0.0, 0.0, 0.2, 0.0, 0.0, 0.0, 0.0833, 0.0, 0.0, 0.1429, 0.5, 0.25, 0.0, 0.0, 0.1111, 0.0, 0.1429, 0.125, 0.1429, 0.25, 0.0, 0.0, 0.0, 0.0, 0.125, 0.25, 0.0, 0.125, 0.25, 0.0, 0.1429, 0.0, 0.1429, 0.25, 0.0, 0.0, 0.0, 0.0, 0.0, 0.1429, 0.2727, 0.125, 0.0, 0.0, 0.1667, 0.0, 0.0, 0.1111, 0.125, 0.1111, 0.0, 0.0, 0.1111, 0.0, 0.1429, 0.1, 0.0714, 0.3333, 0.125, 0.0, 0.0, 0.2, 0.0, 0.0, 0.0, 0.0, 0.25, 0.2, 0.0, 0.125, 0.0, 0.0, 0.0, 0.1429, 0.0, 0.0, 0.125, 0.1429, 0.0, 0.0, 0.1667, 0.0, 0.0, 0.0, 0.0, 0.2857, 0.0, 0.0, 0.0, 0.0, 0.1667, 0.0, 0.1111, 0.0, 0.0, 0.1429, 0.1667, 0.0, 0.5, 0.0, 0.0833, 0.125, 0.2, 0.1111, 0.0, 0.0, 0.125, 0.1429, 0.125, 0.0, 0.1818, 0.0, 0.0, 0.2, 0.0714, 0.0, 0.0, 0.0, 0.0, 0.0, 0.0, 0.0, 0.3333, 0.0, 0.0, 0.0, 0.1429, 0.0, 0.125, 0.0909, 0.1429, 0.0, 0.1111, 0.0, 0.1111, 0.2, 0.0, 0.1667, 0.1, 0.0, 0.0, 0.1429, 0.1111, 0.125, 0.0, 0.0909, 0.1111, 0.0, 0.125, 0.2857, 0.1111, 0.0, 0.0, 0.0, 0.1111, 0.0, 0.125, 0.0, 0.3333, 0.0714, 0.0, 0.0909, 0.0, 0.1667, 0.0, 0.0, 0.0, 0.0, 0.0, 0.0, 0.2222, 0.0, 0.1111, 0.0, 0.1667, 0.0909, 0.0, 0.0909, 0.125, 0.0, 0.0, 0.0, 0.1, 0.0, 0.0, 0.1667, 0.0, 0.1429, 0.0, 0.3333, 0.1111, 0.0, 0.0]"
line_manager_first,0.6,3,line_manager_first,0.078,0.078,0.078,0.0,10,True,156,0,316,1528,0,"[0.05, 0.067, 0.071, 0.0715, 0.072, 0.073, 0.0745, 0.076, 0.077, 0.078, 0.078, 0.078, 0.078, 0.078, 0.078, 0.078, 0.078, 0.078, 0.078, 0.078, 0.078, 0.078, 0.078, 0.078, 0.078, 0.078, 0.078, 0.078, 0.078, 0.078, 0.078, 0.078, 0.078, 0.078, 0.078, 0.078, 0.078, 0.078, 0.078, 0.078, 0.078, 0.078, 0.078, 0.078, 0.078, 0.078, 0.078, 0.078, 0.078, 0.078, 0.078, 0.078, 0.078, 0.078, 0.078, 0.078, 0.078, 0.078, 0.078, 0.078, 0.078, 0.078, 0.078, 0.078, 0.078, 0.078, 0.078, 0.078, 0.078, 0.078, 0.078, 0.078, 0.078, 0.078, 0.078, 0.078, 0.078, 0.078, 0.078, 0.078, 0.078, 0.078, 0.078, 0.078, 0.078, 0.078, 0.078, 0.078, 0.078, 0.078, 0.078, 0.078, 0.078, 0.078, 0.078, 0.078, 0.078, 0.078, 0.078, 0.078, 0.078]","{""0"": 0.1316, ""1"": 0.0669, ""2"": 0.0605, ""3"": 0.052, ""4"": 0.1033, ""5"": 0.062, ""6"": 0.0606, ""7"": 0.084}","[0.2222, 0.0833, 0.0, 0.0, 0.0, 0.0, 0.0, 0.0, 0.0, 0.0, 0.0, 0.0, 0.0, 0.1429, 0.0, 0.0, 0.0, 0.1111, 0.2, 0.3333, 0.0769, 0.125, 0.1111, 0.1111, 0.1429, 0.1429, 0.1667, 0.0, 0.0, 0.0, 0.2, 0.1, 0.2, 0.0, 0.1429, 0.0, 0.2, 0.0909, 0.0, 0.0, 0.0, 0.0, 0.2222, 0.0, 0.0, 0.0, 0.0, 0.0, 0.3333, 0.0, 0.125, 0.0, 0.1, 0.0, 0.0, 0.0, 0.0, 0.0, 0.0, 0.1818, 0.0909, 0.0, 0.0, 0.1, 0.0, 0.0, 0.1667, 0.1, 0.0, 0.2222, 0.0, 0.0, 0.2, 0.0, 0.0, 0.25, 0.0, 0.2857, 0.0, 0.2, 0.0, 0.0, 0.1111, 0.0, 0.2857, 0.125, 0.0, 0.0, 0.125, 0.5, 0.2857, 0.1667, 0.0909, 0.1111, 0.1, 0.0, 0.0909, 0.0, 0.125, 0.0, 0.125, 0.0, 0.0769, 0.0, 0.0, 0.0833, 0.0, 0.0, 0.125, 0.0, 0.1667, 0.1111, 0.2, 0.1111, 0.0, 0.0, 0.0, 0.1667, 0.3333, 0.0, 0.25, 0.0, 0.1111, 0.1111, 0.0, 0.125, 0.0, 0.0, 0.1429, 0.0, 0.125, 0.0, 0.0, 0.3333, 0.0, 0.0, 0.0, 0.0, 0.125, 0.0, 0.0, 0.0, 0.0833, 0.125, 0.0, 0.125, 0.0, 0.0, 0.0, 0.125, 0.0, 0.1538, 0.0, 0.1818, 0.0, 0.0, 0.0, 0.125, 0.1429, 0.2, 0.1429, 0.0, 0.0, 0.0, 0.0, 0.0, 0.0, 0.0, 0.1667, 0.0, 0.1111, 0.1111, 0.0, 0.0, 0.0, 0.0, 0.0, 0.0, 0.0, 0.0, 0.0, 0.0, 0.0, 0.25, 0.0, 0.0, 0.125, 0.0, 0.0, 0.0, 0.0, 0.0, 0.0, 1.0, 0.0, 0.1, 0.0, 0.1429, 0.0, 0.0, 0.2857, 0.8, 0.0, 0.0, 0.125, 0.0, 0.1111, 0.1429, 0.25, 1.0, 0.0, 0.1111, 0.1429, 0.4, 0.1429, 0.0, 0.0, 0.25, 0.125, 0.1429, 0.0, 0.6, 0.1111, 0.0, 0.3333, 0.1, 0.0, 0.0, 0.0, 0.1429, 0.25, 0.1429, 0.0, 0.1111, 0.0, 0.0909, 0.1429, 0.1667, 0.0833, 0.1429, 0.2, 0.125, 0.0, 0.2222, 0.1429, 0.0, 0.0, 0.1, 0.0, 0.0]"
line_manager_first,0.6,4,line_manager_first,0.071,0.071,0.071,0.0,6,True,142,0,305,1553,0,"[0.05, 0.063, 0.066, 0.068, 0.07, 0.071, 0.071, 0.071, 0.071, 0.071, 0.071, 0.071, 0.071, 0.071, 0.071, 0.071, 0.071, 0.071, 0.071, 0.071, 0.071, 0.071, 0.071, 0.071, 0.071, 0.071, 0.071, 0.071, 0.071, 0.071, 0.071, 0.071, 0.071, 0.071, 0.071, 0.071, 0.071, 0.071, 0.071, 0.071, 0.071, 0.071, 0.071, 0.071, 0.071, 0.071, 0.071, 0.071, 0.071, 0.071, 0.071, 0.071, 0.071, 0.071, 0.071, 0.071, 0.071, 0.071, 0.071, 0.071, 0.071, 0.071, 0.071, 0.071, 0.071, 0.071, 0.071, 0.071, 0.071, 0.071, 0.071, 0.071, 0.071, 0.071, 0.071, 0.071, 0.071, 0.071, 0.071, 0.071, 0.071, 0.071, 0.071, 0.071, 0.071, 0.071, 0.071, 0.071, 0.071, 0.071, 0.071, 0.071, 0.071, 0.071, 0.071, 0.071, 0.071, 0.071, 0.071, 0.071, 0.071]","{""0"": 0.0888, ""1"": 0.1102, ""2"": 0.0375, ""3"": 0.095, ""4"": 0.0672, ""5"": 0.0965, ""6"": 0.0389, ""7"": 0.0347}","[0.1111, 0.0, 0.0, 0.0, 0.1667, 0.0, 0.25, 0.0, 0.0, 0.1429, 0.0, 0.1667, 0.125, 0.0, 0.2857, 0.0, 0.0, 0.0, 0.0, 0.0, 0.1667, 0.0, 0.2857, 0.0, 0.1111, 0.1111, 0.1111, 0.2857, 0.0, 0.0, 0.6, 0.3333, 0.0, 0.0, 0.1429, 0.0, 0.1, 0.1429, 0.5, 0.0, 0.3333, 0.125, 0.2, 0.2, 0.1429, 0.1, 0.0, 0.0, 0.0, 0.2222, 0.0909, 0.0, 0.25, 0.0, 0.0, 0.0, 0.0, 0.0, 0.0, 0.2857, 0.1818, 0.0, 0.0, 0.125, 0.0, 0.125, 0.0, 0.0, 0.0, 0.1429, 0.0, 0.0, 0.0909, 0.0, 0.0, 0.0, 0.125, 0.125, 0.0714, 0.0, 0.0, 0.0, 0.0, 0.3333, 0.0, 0.0, 0.4, 0.0, 0.0, 0.0, 0.1429, 0.0, 0.1667, 0.0, 0.0, 0.0, 0.0, 0.1667, 0.0, 0.0, 0.1111, 0.1111, 0.0, 0.25, 0.1429, 0.2, 0.0833, 0.0, 0.1667, 0.0, 0.0, 0.0, 0.1, 0.2, 0.1429, 0.0, 0.125, 0.0, 0.1429, 0.0, 0.0, 0.1429, 0.1429, 0.0, 0.0, 0.0909, 0.0, 0.0, 0.0, 0.25, 0.0, 0.0, 0.0, 0.1818, 0.6, 0.0, 0.0, 0.2857, 0.1111, 0.0, 0.1111, 0.125, 0.0, 0.0, 0.0, 0.1, 0.0, 0.0, 0.0, 0.0833, 0.1667, 0.0, 0.0, 0.1429, 0.125, 0.0, 0.125, 0.3333, 0.1111, 0.0588, 0.0, 0.1111, 0.0833, 0.0, 0.1111, 0.1111, 0.0909, 0.4286, 0.0, 0.0, 0.0, 0.0909, 0.1667, 0.0, 0.0, 0.1429, 0.2, 0.2, 0.1429, 0.0, 0.0, 0.1429, 0.0, 0.1111, 0.0, 0.0, 0.8571, 0.0, 0.0, 0.0, 0.0, 0.1111, 0.0833, 0.0, 1.0, 0.0, 0.0, 0.0, 0.0, 0.0, 0.1667, 0.0, 0.2857, 0.0, 0.0, 0.0, 0.0, 0.0, 0.0, 0.1111, 0.2222, 0.0, 0.1, 0.1667, 0.0, 0.0, 0.0, 0.0, 0.2, 0.0, 0.125, 0.0, 0.0909, 0.0, 0.0, 0.6667, 0.0, 0.0, 0.1667, 0.0, 0.1, 0.0, 0.0, 0.0, 0.0, 0.0, 0.1429, 0.25, 0.1111, 0.0, 0.0, 0.125, 0.0, 0.0, 0.0, 0.0, 0.0, 0.0, 0.0, 0.0]"
line_manager_first,0.6,5,line_manager_first,0.062,0.062,0.062,-0.0,4,True,124,0,289,1587,0,"[0.05, 0.0605, 0.0615, 0.062, 0.062, 0.062, 0.062, 0.062, 0.062, 0.062, 0.062, 0.062, 0.062, 0.062, 0.062, 0.062, 0.062, 0.062, 0.062, 0.062, 0.062, 0.062, 0.062, 0.062, 0.062, 0.062, 0.062, 0.062, 0.062, 0.062, 0.062, 0.062, 0.062, 0.062, 0.062, 0.062, 0.062, 0.062, 0.062, 0.062, 0.062, 0.062, 0.062, 0.062, 0.062, 0.062, 0.062, 0.062, 0.062, 0.062, 0.062, 0.062, 0.062, 0.062, 0.062, 0.062, 0.062, 0.062, 0.062, 0.062, 0.062, 0.062, 0.062, 0.062, 0.062, 0.062, 0.062, 0.062, 0.062, 0.062, 0.062, 0.062, 0.062, 0.062, 0.062, 0.062, 0.062, 0.062, 0.062, 0.062, 0.062, 0.062, 0.062, 0.062, 0.062, 0.062, 0.062, 0.062, 0.062, 0.062, 0.062, 0.062, 0.062, 0.062, 0.062, 0.062, 0.062, 0.062, 0.062, 0.062, 0.062]","{""0"": 0.0593, ""1"": 0.0738, ""2"": 0.0554, ""3"": 0.0542, ""4"": 0.0706, ""5"": 0.0321, ""6"": 0.0535, ""7"": 0.1}","[0.4444, 0.0833, 0.0, 0.0, 0.0, 0.1111, 0.0, 0.0, 0.2, 0.0, 0.1111, 0.0, 0.0, 0.125, 0.0, 0.0909, 0.0, 0.0, 0.125, 0.0, 0.0, 0.1111, 0.0, 0.0, 0.25, 0.0, 0.2222, 0.0, 0.0, 0.25, 0.0, 0.0, 0.1111, 0.0, 0.1, 0.0833, 0.0, 0.0, 0.0, 0.0, 0.0, 0.0, 0.1429, 0.25, 0.0, 0.0, 0.0, 0.0, 0.2, 0.0, 0.1111, 0.1667, 0.0, 0.0, 0.0, 0.0, 0.0, 0.0, 0.1667, 0.1111, 0.125, 0.0, 0.0, 0.0, 0.0, 0.1429, 0.0, 0.0, 0.0, 0.0, 0.1429, 0.0, 0.0, 0.0, 0.0, 0.0769, 0.0, 0.0, 0.125, 0.125, 0.0, 0.1111, 0.125, 0.0, 0.0, 0.0, 0.1429, 0.1667, 0.2, 0.25, 0.0, 0.0909, 0.3, 0.0, 0.0, 0.1429, 0.0, 0.0, 0.125, 0.1667, 0.0909, 0.1111, 0.0909, 0.0, 0.3333, 0.0, 0.0, 0.1111, 0.0, 0.0, 0.125, 0.2, 0.1111, 0.1, 0.0, 0.2, 0.0, 0.4286, 0.0, 0.1, 0.1667, 0.1429, 0.125, 0.0, 0.0, 0.0625, 0.1667, 0.1111, 0.125, 0.0, 0.0, 0.0, 0.0, 0.1111, 0.0, 0.0, 0.1429, 0.0, 0.0, 0.1, 0.0, 0.0, 0.0, 0.0, 0.0, 0.1429, 0.1429, 0.125, 0.1, 0.0833, 0.0, 0.0, 0.2, 0.125, 0.1667, 0.1, 0.2, 0.1, 0.0, 0.0, 0.0, 0.0, 0.0, 0.0, 0.0, 0.0, 0.0, 0.0, 0.2, 0.125, 0.1429, 0.2, 0.1429, 0.2, 0.0, 0.1, 0.0, 0.0, 0.1818, 0.0, 0.0, 0.0833, 0.1667, 0.0, 0.125, 0.0769, 0.1, 0.0, 0.0, 0.125, 0.0, 0.2, 0.0, 0.0, 0.0, 0.0, 0.25, 0.0, 0.0, 0.0, 0.2, 0.0, 0.0, 0.0, 0.1667, 0.0, 0.0, 0.0, 0.1667, 0.0909, 0.0, 0.0, 0.0, 0.1111, 0.0, 0.1, 0.0, 0.0, 0.0, 0.0, 0.0, 0.125, 0.0, 0.125, 0.0, 0.1667, 0.0, 0.0, 0.0, 0.1429, 0.0, 0.3333, 0.0, 0.0, 0.125, 0.0, 0.1111, 0.0, 0.0, 0.1429, 0.25, 0.25, 0.0, 0.0, 0.1667, 0.0, 0.2, 0.0, 0.0909, 0.125]"
line_manager_first,0.6,6,line_manager_first,0.0675,0.0675,0.0675,0.0,5,True,135,0,312,1553,0,"[0.05, 0.064, 0.0665, 0.067, 0.0675, 0.0675, 0.0675, 0.0675, 0.0675, 0.0675, 0.0675, 0.0675, 0.0675, 0.0675, 0.0675, 0.0675, 0.0675, 0.0675, 0.0675, 0.0675, 0.0675, 0.0675, 0.0675, 0.0675, 0.0675, 0.0675, 0.0675, 0.0675, 0.0675, 0.0675, 0.0675, 0.0675, 0.0675, 0.0675, 0.0675, 0.0675, 0.0675, 0.0675, 0.0675, 0.0675, 0.0675, 0.0675, 0.0675, 0.0675, 0.0675, 0.0675, 0.0675, 0.0675, 0.0675, 0.0675, 0.0675, 0.0675, 0.0675, 0.0675, 0.0675, 0.0675, 0.0675, 0.0675, 0.0675, 0.0675, 0.0675, 0.0675, 0.0675, 0.0675, 0.0675, 0.0675, 0.0675, 0.0675, 0.0675, 0.0675, 0.0675, 0.0675, 0.0675, 0.0675, 0.0675, 0.0675, 0.0675, 0.0675, 0.0675, 0.0675, 0.0675, 0.0675, 0.0675, 0.0675, 0.0675, 0.0675, 0.0675, 0.0675, 0.0675, 0.0675, 0.0675, 0.0675, 0.0675, 0.0675, 0.0675, 0.0675, 0.0675, 0.0675, 0.0675, 0.0675, 0.0675]","{""0"": 0.0317, ""1"": 0.0972, ""2"": 0.0795, ""3"": 0.0729, ""4"": 0.084, ""5"": 0.0472, ""6"": 0.0502, ""7"": 0.0797}","[0.2222, 0.0, 0.0833, 0.0909, 0.0, 0.0, 0.0, 0.0, 0.25, 0.0, 0.0, 0.0, 0.0, 0.0, 0.1429, 0.1111, 0.0, 0.1, 0.0, 0.0909, 0.0909, 0.0, 0.0, 0.0, 0.0, 0.0, 0.0, 0.1111, 0.1, 0.0, 0.0, 0.0, 0.1111, 0.0, 0.0, 0.0, 0.0, 0.0, 0.1, 0.0, 0.1111, 0.0909, 0.0, 0.125, 0.1, 0.125, 0.0833, 0.0, 0.0909, 0.1429, 0.0, 0.1111, 0.0909, 0.0, 0.0, 0.0, 0.1, 0.0, 0.0, 0.0, 0.0, 0.3333, 0.0, 0.0, 0.0, 0.0769, 0.3333, 0.125, 0.25, 0.0, 0.0, 0.0, 0.1429, 0.0, 0.1667, 0.0, 0.1667, 0.2, 0.0, 0.0, 0.1667, 0.0, 0.1111, 0.2857, 0.0, 0.2857, 0.0, 0.1, 0.1, 0.0, 0.0833, 0.1429, 0.0, 0.0, 0.0, 0.0, 0.25, 0.0, 0.1429, 0.0, 0.2, 0.125, 0.0, 0.0, 0.0, 0.1, 0.3333, 0.0, 0.0, 0.2, 0.0, 0.125, 0.0, 0.0, 0.1667, 0.0, 0.0, 0.0, 0.125, 0.0833, 0.0, 0.0, 0.1111, 0.25, 0.0, 0.0, 0.0, 0.0909, 0.0, 0.0, 0.0, 0.0, 0.0, 0.0, 0.2857, 0.0, 0.125, 0.0, 0.1667, 0.5, 0.0, 0.0, 0.0909, 0.125, 0.0, 0.0, 0.1, 0.1667, 0.1429, 0.0, 0.1429, 0.0, 0.1111, 0.3333, 0.4444, 0.0769, 0.0, 0.0, 0.1429, 0.0, 0.0, 0.0, 0.5, 0.0, 0.1429, 0.1, 0.125, 0.0, 0.0909, 0.0, 0.1429, 0.125, 0.0, 0.25, 0.1667, 0.0, 0.5, 0.0, 0.0, 0.0, 0.0, 0.0, 0.0, 0.0, 0.0, 0.0, 0.0, 0.0, 0.125, 0.1667, 0.0, 0.1, 0.0, 0.0, 0.0, 0.125, 0.0, 0.0769, 0.1429, 0.0, 0.1111, 0.0, 0.25, 0.0, 0.1, 0.1, 0.0, 0.125, 0.125, 0.2, 0.1111, 0.1429, 0.4, 0.5, 0.0, 0.0, 0.1111, 0.0, 0.1111, 0.0, 0.25, 0.1667, 0.0, 0.1111, 0.0, 0.0, 0.0, 0.1667, 0.2857, 0.1667, 0.0, 0.125, 0.0, 0.1667, 0.0, 0.0, 0.0, 0.1667, 0.0, 0.25, 0.0, 0.0, 0.0, 0.0, 0.0, 0.0, 0.0, 0.2, 0.1667, 0.0]"
line_manager_first,0.6,7,line_manager_first,0.067,0.067,0.067,0.0,4,True,134,0,309,1557,0,"[0.05, 0.0625, 0.0655, 0.067, 0.067, 0.067, 0.067, 0.067, 0.067, 0.067, 0.067, 0.067, 0.067, 0.067, 0.067, 0.067, 0.067, 0.067, 0.067, 0.067, 0.067, 0.067, 0.067, 0.067, 0.067, 0.067, 0.067, 0.067, 0.067, 0.067, 0.067, 0.067, 0.067, 0.067, 0.067, 0.067, 0.067, 0.067, 0.067, 0.067, 0.067, 0.067, 0.067, 0.067, 0.067, 0.067, 0.067, 0.067, 0.067, 0.067, 0.067, 0.067, 0.067, 0.067, 0.067, 0.067, 0.067, 0.067, 0.067, 0.067, 0.067, 0.067, 0.067, 0.067, 0.067, 0.067, 0.067, 0.067, 0.067, 0.067, 0.067, 0.067, 0.067, 0.067, 0.067, 0.067, 0.067, 0.067, 0.067, 0.067, 0.067, 0.067, 0.067, 0.067, 0.067, 0.067, 0.067, 0.067, 0.067, 0.067, 0.067, 0.067, 0.067, 0.067, 0.067, 0.067, 0.067, 0.067, 0.067, 0.067, 0.067]","{""0"": 0.0421, ""1"": 0.0909, ""2"": 0.0545, ""3"": 0.0664, ""4"": 0.081, ""5"": 0.0493, ""6"": 0.0877, ""7"": 0.0711}","[0.3333, 0.0769, 0.0, 0.2, 0.2, 0.0, 0.0, 0.0, 0.0, 0.125, 0.1667, 0.0, 0.1111, 0.1429, 0.0, 0.0, 0.0909, 0.0, 0.0, 0.2857, 0.0, 0.0, 0.0, 0.1429, 0.0, 0.0, 0.0, 0.1111, 0.1111, 0.0, 0.0, 0.2, 0.0, 0.0, 0.0, 0.1429, 0.125, 0.0, 0.0, 0.0, 0.0, 0.0, 0.0, 0.0, 0.0, 0.1429, 0.0, 0.25, 0.0, 0.125, 0.0, 0.0, 0.0, 0.0, 0.0, 0.0714, 0.1, 0.125, 0.0, 0.125, 0.1429, 0.0, 0.0, 0.1429, 0.0, 0.0, 0.0, 0.125, 0.0, 0.0, 0.0, 0.25, 0.0, 0.0, 0.0, 0.0909, 0.0909, 0.1429, 0.1667, 0.125, 0.0, 0.0, 0.0, 0.125, 0.2857, 0.1111, 0.0, 0.1429, 0.0, 0.0, 0.1667, 0.0, 0.1667, 0.2857, 0.0, 0.0, 0.125, 0.0, 0.25, 0.0, 0.0, 0.1538, 0.0909, 0.0, 0.0, 0.0, 0.1111, 0.0, 0.2, 0.25, 0.0, 0.0, 0.0, 0.0, 0.0833, 0.125, 0.0, 0.3333, 0.0, 0.125, 0.0, 0.0, 0.3333, 0.125, 0.1429, 0.0, 0.125, 0.25, 0.2857, 0.0833, 0.1111, 0.0, 0.0, 0.0, 0.1111, 0.1429, 0.0, 0.1111, 0.2, 0.0, 0.0, 0.0909, 0.0, 0.0, 0.1667, 0.1667, 0.1667, 0.0, 0.0, 0.0, 0.0, 0.2857, 0.1667, 0.0, 0.0, 0.1429, 0.0, 0.0, 0.0, 0.0909, 0.0, 0.0, 0.2222, 0.0, 0.0, 0.25, 0.125, 0.0, 0.1667, 0.0, 0.4, 0.0, 0.1429, 0.0, 0.0833, 0.1667, 0.0, 0.0, 0.0, 0.0, 0.0, 0.0, 0.0, 0.25, 0.0, 0.1429, 0.0, 0.0, 0.125, 0.1429, 0.1, 0.0, 0.0, 0.125, 0.1429, 0.0, 0.25, 0.0, 0.2, 0.1, 0.5, 0.0, 0.0, 0.1429, 0.1667, 0.0833, 0.1111, 0.1429, 0.2, 0.125, 0.2, 0.0, 0.0, 0.1667, 0.1, 0.0, 0.1429, 0.0, 0.2, 0.1111, 0.0, 0.1667, 0.1111, 0.125, 0.125, 0.0, 0.0, 0.0, 0.0, 0.0, 0.0, 0.0, 0.0, 0.1667, 0.0, 0.0, 0.0, 0.0, 0.125, 0.0, 0.0, 0.0, 0.1667, 0.0, 0.0, 0.2, 0.1429, 0.0, 0.2, 0.0]"
line_manager_first,0.6,8,line_manager_first,0.0715,0.0715,0.0715,0.0,4,True,143,0,286,1571,0,"[0.05, 0.0655, 0.0695, 0.0715, 0.0715, 0.0715, 0.0715, 0.0715, 0.0715, 0.0715, 0.0715, 0.0715, 0.0715, 0.0715, 0.0715, 0.0715, 0.0715, 0.0715, 0.0715, 0.0715, 0.0715, 0.0715, 0.0715, 0.0715, 0.0715, 0.0715, 0.0715, 0.0715, 0.0715, 0.0715, 0.0715, 0.0715, 0.0715, 0.0715, 0.0715, 0.0715, 0.0715, 0.0715, 0.0715, 0.0715, 0.0715, 0.0715, 0.0715, 0.0715, 0.0715, 0.0715, 0.0715, 0.0715, 0.0715, 0.0715, 0.0715, 0.0715, 0.0715, 0.0715, 0.0715, 0.0715, 0.0715, 0.0715, 0.0715, 0.0715, 0.0715, 0.0715, 0.0715, 0.0715, 0.0715, 0.0715, 0.0715, 0.0715, 0.0715, 0.0715, 0.0715, 0.0715, 0.0715, 0.0715, 0.0715, 0.0715, 0.0715, 0.0715, 0.0715, 0.0715, 0.0715, 0.0715, 0.0715, 0.0715, 0.0715, 0.0715, 0.0715, 0.0715, 0.0715, 0.0715, 0.0715, 0.0715, 0.0715, 0.0715, 0.0715, 0.0715, 0.0715, 0.0715, 0.0715, 0.0715, 0.0715]","{""0"": 0.0448, ""1"": 0.0586, ""2"": 0.1174, ""3"": 0.1111, ""4"": 0.0677, ""5"": 0.0644, ""6"": 0.069, ""7"": 0.0494}","[0.3333, 0.0714, 0.125, 0.1111, 0.0, 0.1818, 0.0, 0.0, 0.0, 0.2, 0.0833, 0.2, 0.0, 0.0, 0.0, 0.1111, 0.0, 0.0, 0.0909, 0.6667, 0.0, 0.0, 0.125, 0.0, 0.0, 0.0, 0.0, 0.2, 0.2857, 0.0, 0.0833, 0.125, 0.0, 0.0, 0.0, 0.1429, 0.0, 0.0, 0.2, 0.0, 0.0, 0.0, 0.0, 0.5, 0.2, 0.1667, 0.0, 0.0, 0.0, 0.0, 0.1111, 0.0, 0.125, 0.25, 0.125, 0.0, 0.125, 0.2, 0.0714, 0.0, 1.0, 0.0, 0.0, 0.0, 0.2, 0.0, 0.3636, 0.0, 0.1429, 0.1111, 0.0, 0.0, 0.0, 0.0, 0.0, 0.1429, 0.1111, 0.125, 0.125, 0.0, 0.125, 0.0, 0.0, 0.0, 0.2, 0.0, 0.1, 0.0, 0.0, 0.0, 0.0, 0.1, 0.1429, 0.0, 0.0, 0.0, 0.1667, 0.125, 0.0, 0.0, 0.0, 0.0, 0.0, 0.1111, 0.0, 0.0, 0.0, 0.1667, 0.1667, 0.0, 0.0, 0.0, 0.0, 0.0, 0.0, 0.25, 0.1111, 0.1429, 0.1, 0.0, 0.0, 0.1429, 0.0, 0.2, 0.1111, 0.1111, 0.125, 0.2222, 0.0, 0.1111, 0.1, 0.1, 0.0, 0.0, 0.25, 0.0, 0.0, 0.0, 0.0, 0.0, 0.0, 0.0, 0.125, 0.1667, 0.0, 0.0, 0.0, 0.2, 0.2, 0.1818, 0.2, 0.1111, 0.0, 0.2, 0.0, 0.1111, 0.1667, 0.0, 0.1111, 0.2, 0.1667, 0.0909, 0.1111, 0.0, 0.0, 0.1, 0.1429, 0.0, 0.0, 0.1111, 0.0, 0.0909, 0.4286, 0.1, 0.0, 0.125, 0.125, 0.0, 0.0, 0.1667, 0.1, 0.0, 0.0, 0.0, 0.0, 0.0909, 0.1429, 0.3333, 0.0, 0.0, 0.0, 0.2857, 0.0, 0.0, 0.0, 0.0, 0.0, 0.4, 0.2, 0.0, 0.1667, 0.0, 0.0, 0.0, 0.0, 0.1111, 0.0, 0.125, 0.0, 0.0, 0.1111, 0.0, 0.0, 0.25, 0.0, 0.2, 0.0, 0.2, 0.0, 0.0, 0.0, 0.0, 0.0, 0.2, 0.2857, 0.0, 0.1111, 0.0909, 0.1667, 0.0, 0.0, 0.1, 0.0, 0.0, 0.1818, 0.0, 0.0, 0.125, 0.0, 0.1, 0.1429, 0.0, 0.0, 0.125, 0.0, 0.0909, 0.125, 0.125, 0.0, 0.0]"
line_manager_first,0.6,9,line_manager_first,0.0685,0.0685,0.0685,0.0,3,True,137,0,308,1555,0,"[0.05, 0.0655, 0.0685, 0.0685, 0.0685, 0.0685, 0.0685, 0.0685, 0.0685, 0.0685, 0.0685, 0.0685, 0.0685, 0.0685, 0.0685, 0.0685, 0.0685, 0.0685, 0.0685, 0.0685, 0.0685, 0.0685, 0.0685, 0.0685, 0.0685, 0.0685, 0.0685, 0.0685, 0.0685, 0.0685, 0.0685, 0.0685, 0.0685, 0.0685, 0.0685, 0.0685, 0.0685, 0.0685, 0.0685, 0.0685, 0.0685, 0.0685, 0.0685, 0.0685, 0.0685, 0.0685, 0.0685, 0.0685, 0.0685, 0.0685, 0.0685, 0.0685, 0.0685, 0.0685, 0.0685, 0.0685, 0.0685, 0.0685, 0.0685, 0.0685, 0.0685, 0.0685, 0.0685, 0.0685, 0.0685, 0.0685, 0.0685, 0.0685, 0.0685, 0.0685, 0.0685, 0.0685, 0.0685, 0.0685, 0.0685, 0.0685, 0.0685, 0.0685, 0.0685, 0.0685, 0.0685, 0.0685, 0.0685, 0.0685, 0.0685, 0.0685, 0.0685, 0.0685, 0.0685, 0.0685, 0.0685, 0.0685, 0.0685, 0.0685, 0.0685, 0.0685, 0.0685, 0.0685, 0.0685, 0.0685, 0.0685]","{""0"": 0.0615, ""1"": 0.0706, ""2"": 0.0772, ""3"": 0.051, ""4"": 0.062, ""5"": 0.046, ""6"": 0.0976, ""7"": 0.0812}","[0.3333, 0.0, 0.1, 0.0, 0.0, 0.0, 0.0, 0.0, 0.0833, 0.0, 0.0, 0.125, 0.25, 0.0, 0.125, 0.0, 0.0, 0.0, 0.125, 0.0, 0.0, 0.0, 0.0, 0.1429, 0.0, 0.0, 0.0, 0.2857, 0.0, 0.1111, 0.0, 0.1111, 0.0, 0.0, 0.0, 0.0, 0.1667, 0.0, 0.1, 0.2222, 0.0, 0.0, 0.0, 0.0833, 0.125, 0.0, 0.0667, 0.1, 0.0, 0.0, 0.3333, 0.0, 0.0, 0.0, 0.2, 0.2, 0.0, 0.2, 0.0, 0.0909, 0.0, 0.0, 0.0, 0.1667, 0.0, 0.125, 0.0, 0.0, 0.0, 0.0, 0.0, 0.0, 0.1818, 0.0909, 0.0, 0.0, 0.0, 0.0, 0.0, 0.0, 0.0, 0.0, 0.1667, 0.0909, 0.0, 0.1818, 0.1111, 0.0, 0.1111, 0.0, 0.0, 0.0, 0.0, 0.0, 0.0, 0.125, 0.0, 0.0, 0.0, 0.1111, 0.125, 0.0, 0.0, 0.125, 0.0909, 0.0833, 0.2, 0.0, 0.2, 0.0, 0.0, 0.0, 0.25, 0.1111, 0.1429, 0.0, 0.0, 0.1818, 0.1, 0.1, 0.0, 0.0, 0.0, 0.1667, 0.0, 0.0, 0.1667, 0.1667, 0.0, 0.0, 0.2727, 0.0, 0.1429, 0.4286, 0.0, 0.3333, 0.6, 0.125, 0.0, 0.125, 0.0, 0.0, 0.0, 0.125, 0.1429, 0.25, 0.1667, 0.0, 0.2, 0.0, 0.0, 0.0, 0.1111, 0.1667, 0.0, 0.2, 0.0, 0.1429, 0.125, 0.2, 0.0, 0.1667, 0.0, 0.1429, 0.2, 0.1667, 0.25, 0.2, 0.1111, 0.1429, 0.0, 0.0, 0.125, 0.1667, 0.0, 0.125, 0.0, 0.125, 0.0, 0.0, 0.0, 0.2, 0.2, 0.2857, 0.2857, 0.1111, 0.1429, 0.0, 0.0, 0.1429, 0.0833, 0.0, 0.0, 0.0, 0.0, 0.25, 0.0, 0.0, 0.0, 0.125, 0.0, 0.0, 0.375, 0.1667, 0.0, 0.2857, 0.0, 0.0, 0.0, 0.2, 0.0, 0.1667, 0.1111, 0.1, 0.0, 0.0, 0.5, 0.0, 0.125, 0.0909, 0.0833, 0.0, 0.0, 0.0, 0.0, 0.0, 0.0, 0.1429, 0.0, 0.0, 0.0, 0.125, 0.5, 0.0, 0.0, 0.1818, 0.0909, 0.0, 0.0, 0.1667, 0.0, 0.0, 0.1111, 0.0, 0.0, 0.0, 0.1429, 0.25, 0.0, 0.1667]"
line_manager_first,0.6,10,line_manager_first,0.068,0.068,0.068,-0.0,4,True,136,0,274,1590,0,"[0.05, 0.064, 0.0675, 0.068, 0.068, 0.068, 0.068, 0.068, 0.068, 0.068, 0.068, 0.068, 0.068, 0.068, 0.068, 0.068, 0.068, 0.068, 0.068, 0.068, 0.068, 0.068, 0.068, 0.068, 0.068, 0.068, 0.068, 0.068, 0.068, 0.068, 0.068, 0.068, 0.068, 0.068, 0.068, 0.068, 0.068, 0.068, 0.068, 0.068, 0.068, 0.068, 0.068, 0.068, 0.068, 0.068, 0.068, 0.068, 0.068, 0.068, 0.068, 0.068, 0.068, 0.068, 0.068, 0.068, 0.068, 0.068, 0.068, 0.068, 0.068, 0.068, 0.068, 0.068, 0.068, 0.068, 0.068, 0.068, 0.068, 0.068, 0.068, 0.068, 0.068, 0.068, 0.068, 0.068, 0.068, 0.068, 0.068, 0.068, 0.068, 0.068, 0.068, 0.068, 0.068, 0.068, 0.068, 0.068, 0.068, 0.068, 0.068, 0.068, 0.068, 0.068, 0.068, 0.068, 0.068, 0.068, 0.068, 0.068, 0.068]","{""0"": 0.0564, ""1"": 0.0854, ""2"": 0.0708, ""3"": 0.0569, ""4"": 0.0797, ""5"": 0.0738, ""6"": 0.0574, ""7"": 0.0649}","[0.2222, 0.0, 0.1667, 0.0, 0.0, 0.3333, 0.0, 0.0, 0.0, 0.1, 0.2, 0.2857, 0.1429, 0.4444, 0.0, 0.1111, 0.0, 0.2857, 0.0, 0.0, 0.0, 0.0, 0.0, 0.0, 0.3333, 0.0, 0.1429, 0.0, 0.1429, 0.0, 0.2857, 0.2, 0.1, 0.3333, 0.0, 0.0, 0.0833, 0.1429, 0.1, 0.0, 0.0, 0.0, 0.1429, 0.0, 0.1111, 0.25, 0.2, 0.0, 0.0, 0.0, 0.375, 0.25, 0.0, 0.1111, 0.1429, 0.0, 0.0, 0.1429, 0.0, 0.1111, 0.0, 0.125, 0.0, 0.0, 0.1429, 0.2857, 0.125, 0.1667, 0.0, 0.1429, 0.0, 0.0, 0.1429, 0.0, 0.0, 0.125, 0.1429, 0.0, 0.0, 0.0, 0.0, 0.0, 0.1667, 0.0, 0.2222, 0.0, 0.0, 0.0, 0.1429, 0.1111, 0.0, 0.0, 0.1667, 0.125, 0.0, 0.1667, 0.2222, 0.0, 0.0, 0.0, 0.2, 0.0, 0.2857, 0.0, 0.125, 0.125, 0.4286, 0.0, 0.0, 0.0, 0.0, 0.0, 0.0, 0.1111, 0.125, 0.0, 0.0, 0.0, 0.0, 0.0, 0.0, 0.0, 0.25, 0.1667, 0.0, 0.1111, 0.0, 0.0, 0.0, 0.0, 0.1111, 0.0, 0.0, 0.0, 0.1429, 0.1429, 0.0, 0.0, 0.0, 0.0, 0.125, 0.0, 0.1667, 0.0, 0.0909, 0.0, 0.0, 0.1, 0.0, 0.0, 0.0, 0.0, 0.0, 0.0, 0.1667, 0.125, 0.0, 0.0, 0.0769, 0.1111, 0.2857, 0.1429, 0.0, 0.1429, 0.0, 0.0833, 0.0909, 0.5, 0.25, 0.0, 0.0, 0.1429, 0.2, 0.0, 0.1429, 0.1429, 0.0, 0.0, 0.0, 0.0, 0.1, 0.0, 0.2, 0.0, 0.0, 0.1429, 0.0, 0.0, 0.0, 0.0, 0.0, 0.0, 0.0, 0.0, 0.0, 0.0, 0.0, 0.0, 0.1429, 0.1111, 0.2, 0.1111, 0.0833, 0.0, 0.0, 0.0, 0.1, 0.0, 0.1429, 0.1667, 0.2, 0.0, 0.1429, 0.0625, 0.0, 0.0, 0.0, 0.0, 0.1667, 0.1429, 0.0, 0.0, 0.0909, 0.125, 0.0, 0.0, 0.0, 0.2, 0.0, 0.3, 0.1111, 0.1667, 0.0, 0.0, 0.0909, 0.2857, 0.0, 0.3333, 0.0, 0.1429, 0.0, 0.0, 0.0, 0.0, 0.0, 0.1, 0.0, 0.0, 0.0769, 0.0]"
line_manager_first,0.6,11,line_manager_first,0.0655,0.0655,0.0655,0.0,3,True,131,0,300,1569,0,"[0.05, 0.0645, 0.0655, 0.0655, 0.0655, 0.0655, 0.0655, 0.0655, 0.0655, 0.0655, 0.0655, 0.0655, 0.0655, 0.0655, 0.0655, 0.0655, 0.0655, 0.0655, 0.0655, 0.0655, 0.0655, 0.0655, 0.0655, 0.0655, 0.0655, 0.0655, 0.0655, 0.0655, 0.0655, 0.0655, 0.0655, 0.0655, 0.0655, 0.0655, 0.0655, 0.0655, 0.0655, 0.0655, 0.0655, 0.0655, 0.0655, 0.0655, 0.0655, 0.0655, 0.0655, 0.0655, 0.0655, 0.0655, 0.0655, 0.0655, 0.0655, 0.0655, 0.0655, 0.0655, 0.0655, 0.0655, 0.0655, 0.0655, 0.0655, 0.0655, 0.0655, 0.0655, 0.0655, 0.0655, 0.0655, 0.0655, 0.0655, 0.0655, 0.0655, 0.0655, 0.0655, 0.0655, 0.0655, 0.0655, 0.0655, 0.0655, 0.0655, 0.0655, 0.0655, 0.0655, 0.0655, 0.0655, 0.0655, 0.0655, 0.0655, 0.0655, 0.0655, 0.0655, 0.0655, 0.0655, 0.0655, 0.0655, 0.0655, 0.0655, 0.0655, 0.0655, 0.0655, 0.0655, 0.0655, 0.0655, 0.0655]","{""0"": 0.0909, ""1"": 0.0455, ""2"": 0.0759, ""3"": 0.0708, ""4"": 0.087, ""5"": 0.0672, ""6"": 0.0539, ""7"": 0.0372}","[0.4444, 0.0833, 0.0, 0.0, 0.1111, 0.0, 0.0, 0.0714, 0.0, 0.1111, 0.0, 0.0, 0.0, 0.2222, 0.0, 0.1111, 0.0, 0.1667, 0.0, 0.0, 0.0, 0.0, 0.0, 0.0, 0.1667, 0.0, 0.2, 0.3333, 0.0, 0.1818, 0.1, 0.0, 0.2, 0.0, 0.1111, 0.1667, 0.0, 0.0, 0.0, 0.0, 0.0, 0.0, 0.0909, 0.125, 0.0, 0.0, 0.0, 0.0, 0.0, 0.0, 0.0, 0.0, 0.1667, 0.0, 0.3333, 0.0, 0.1667, 0.0, 0.0, 0.0, 0.125, 0.0, 0.0, 0.1429, 0.0, 0.125, 0.0, 0.0, 0.0, 0.0, 0.1667, 0.0, 0.3333, 0.0, 0.1111, 0.0, 0.0, 0.0, 0.1429, 0.1429, 0.0, 0.1429, 0.0, 0.0, 0.0, 0.0, 0.1429, 0.0, 0.0, 0.1, 0.0, 0.1429, 0.0, 0.0, 0.0, 0.1429, 0.0, 0.125, 0.0, 0.125, 0.1429, 0.0, 0.0, 0.4, 0.0, 0.0, 0.0, 0.2, 0.1667, 0.1, 0.0, 0.1111, 0.0, 0.0, 0.0, 0.1429, 0.1111, 0.1, 0.1667, 0.125, 0.0, 0.0, 0.125, 0.0, 0.0, 0.1111, 0.1111, 0.0, 0.0, 0.0, 0.1429, 0.1667, 0.0, 0.1429, 0.0, 0.0, 0.0, 0.3636, 0.0, 0.0, 0.0, 0.0, 0.1818, 0.0, 0.0, 0.0, 0.1429, 0.2222, 0.125, 0.1429, 0.125, 0.0, 0.0, 0.125, 0.0, 0.0, 0.1429, 0.0, 0.25, 0.25, 0.0, 0.0, 0.0, 0.0769, 0.0, 0.1667, 0.0, 0.0, 0.0, 0.4, 0.1667, 0.0, 0.0, 0.2857, 0.0, 0.25, 0.0, 0.1, 0.2, 0.2, 0.1111, 0.1111, 0.0, 0.0, 0.0, 0.2, 0.0, 0.1667, 0.1667, 0.1429, 0.0, 0.0, 0.1, 0.0, 0.0, 0.0909, 0.2857, 0.125, 0.0, 0.0, 0.0, 0.3333, 0.1, 0.1, 0.2, 0.1429, 0.0, 0.2, 0.0, 0.1667, 0.0, 0.0, 0.1667, 0.4286, 0.0, 0.0, 0.0, 0.0833, 0.1429, 0.0, 0.0, 0.1, 0.125, 0.0, 0.0, 0.0, 0.0, 0.0, 0.2, 0.0, 0.0, 0.0, 0.0, 0.0, 0.0, 0.0, 0.0, 0.0, 0.0833, 0.0, 0.2222, 0.0, 0.25, 0.1429, 0.0, 0.1111, 0.2857, 0.0, 0.2, 0.125]"
line_manager_first,0.8,0,line_manager_first,0.109,0.109,0.109,-0.0,10,True,218,0,304,1478,0,"[0.05, 0.07, 0.081, 0.087, 0.092, 0.096, 0.1005, 0.105, 0.1075, 0.109, 0.109, 0.109, 0.109, 0.109, 0.109, 0.109, 0.109, 0.109, 0.109, 0.109, 0.109, 0.109, 0.109, 0.109, 0.109, 0.109, 0.109, 0.109, 0.109, 0.109, 0.109, 0.109, 0.109, 0.109, 0.109, 0.109, 0.109, 0.109, 0.109, 0.109, 0.109, 0.109, 0.109, 0.109, 0.109, 0.109, 0.109, 0.109, 0.109, 0.109, 0.109, 0.109, 0.109, 0.109, 0.109, 0.109, 0.109, 0.109, 0.109, 0.109, 0.109, 0.109, 0.109, 0.109, 0.109, 0.109, 0.109, 0.109, 0.109, 0.109, 0.109, 0.109, 0.109, 0.109, 0.109, 0.109, 0.109, 0.109, 0.109, 0.109, 0.109, 0.109, 0.109, 0.109, 0.109, 0.109, 0.109, 0.109, 0.109, 0.109, 0.109, 0.109, 0.109, 0.109, 0.109, 0.109, 0.109, 0.109, 0.109, 0.109, 0.109]","{""0"": 0.1667, ""1"": 0.2115, ""2"": 0.113, ""3"": 0.0623, ""4"": 0.0802, ""5"": 0.0677, ""6"": 0.0928, ""7"": 0.0779}","[0.6667, 0.0, 0.0, 0.1111, 0.0909, 0.0, 0.0, 0.0, 0.1429, 0.0, 0.125, 0.0, 0.0, 0.0, 0.0, 0.0, 0.1, 1.0, 0.2222, 0.1111, 0.0, 0.0, 0.0, 0.5714, 0.0, 1.0, 0.0, 0.125, 0.1111, 0.0, 0.1111, 0.2, 0.0, 0.9, 0.0, 0.0, 0.0, 0.2222, 0.0, 0.125, 0.1429, 0.5, 0.0, 0.3333, 0.0909, 0.0, 0.0, 0.0, 0.1111, 0.1667, 0.0, 0.25, 0.0, 0.0, 0.0, 0.1111, 0.2857, 0.0, 0.1111, 0.2, 0.0, 0.0, 0.0, 0.0, 0.2, 0.1111, 0.1667, 0.0, 0.0, 0.1111, 0.0, 0.125, 0.0, 0.2, 0.1, 0.0, 0.0, 0.1667, 0.0, 0.125, 0.1, 0.1429, 0.1111, 0.125, 0.3333, 0.125, 0.0, 0.1111, 0.0, 0.0, 0.1667, 0.1667, 0.0, 0.2222, 0.2, 0.0, 0.0, 0.25, 0.0, 0.4, 0.1429, 0.0, 0.125, 0.2, 0.0, 0.2222, 0.0, 0.0, 0.2, 0.0909, 0.7143, 0.0, 0.0, 0.0, 0.125, 0.1111, 0.0, 0.1667, 0.2222, 0.125, 0.1429, 0.0, 0.0, 0.1667, 0.0, 0.0, 0.0, 0.0, 0.125, 0.0, 0.0, 0.0, 0.0, 0.0, 0.0, 0.0, 0.1667, 0.0, 0.0, 0.0, 0.0, 0.25, 0.1429, 0.0, 0.0, 0.0, 0.2857, 0.1111, 0.0, 0.0, 0.0, 0.0, 0.1667, 0.1667, 0.7143, 0.0909, 0.0, 0.0, 0.0, 0.0, 0.2727, 0.0, 0.7778, 0.25, 0.0, 0.125, 0.0769, 0.0, 0.2, 0.0, 1.0, 0.5, 0.0, 0.2, 0.0, 0.1111, 0.0, 0.0, 1.0, 0.0, 0.1667, 0.0, 0.0, 0.0, 0.0, 0.0, 0.25, 0.125, 0.0, 0.0, 0.2857, 0.1429, 0.0, 0.1111, 0.0909, 0.3636, 0.25, 0.0, 0.0909, 0.0, 0.0, 0.1667, 0.4, 0.0, 0.0, 0.0769, 0.0, 0.0, 0.0, 0.1429, 0.1, 0.0, 0.2, 0.2857, 0.1429, 0.1429, 0.0, 0.1667, 0.3333, 0.1111, 0.0, 0.6667, 0.0, 0.1667, 0.0, 0.3, 0.4, 0.0, 0.0, 0.25, 0.0, 0.125, 0.0, 0.25, 0.0, 0.1, 0.1667, 0.0, 0.0909, 0.2857, 0.0, 0.125, 0.1429, 0.0, 0.2727, 0.0, 0.0, 0.0833, 0.0, 0.0]"
line_manager_first,0.8,1,line_manager_first,0.0675,0.0675,0.0675,0.0,3,True,135,0,284,1581,0,"[0.05, 0.066, 0.0675, 0.0675, 0.0675, 0.0675, 0.0675, 0.0675, 0.0675, 0.0675, 0.0675, 0.0675, 0.0675, 0.0675, 0.0675, 0.0675, 0.0675, 0.0675, 0.0675, 0.0675, 0.0675, 0.0675, 0.0675, 0.0675, 0.0675, 0.0675, 0.0675, 0.0675, 0.0675, 0.0675, 0.0675, 0.0675, 0.0675, 0.0675, 0.0675, 0.0675, 0.0675, 0.0675, 0.0675, 0.0675, 0.0675, 0.0675, 0.0675, 0.0675, 0.0675, 0.0675, 0.0675, 0.0675, 0.0675, 0.0675, 0.0675, 0.0675, 0.0675, 0.0675, 0.0675, 0.0675, 0.0675, 0.0675, 0.0675, 0.0675, 0.0675, 0.0675, 0.0675, 0.0675, 0.0675, 0.0675, 0.0675, 0.0675, 0.0675, 0.0675, 0.0675, 0.0675, 0.0675, 0.0675, 0.0675, 0.0675, 0.0675, 0.0675, 0.0675, 0.0675, 0.0675, 0.0675, 0.0675, 0.0675, 0.0675, 0.0675, 0.0675, 0.0675, 0.0675, 0.0675, 0.0675, 0.0675, 0.0675, 0.0675, 0.0675, 0.0675, 0.0675, 0.0675, 0.0675, 0.0675, 0.0675]","{""0"": 0.0728, ""1"": 0.0924, ""2"": 0.0685, ""3"": 0.0331, ""4"": 0.0794, ""5"": 0.0766, ""6"": 0.0472, ""7"": 0.072}","[0.1111, 0.0, 0.0909, 0.0, 0.0, 0.0, 0.1, 0.0, 0.0909, 0.1111, 0.1429, 0.1, 0.0, 0.0833, 0.0, 0.0, 0.0, 0.0714, 0.0, 0.0, 0.0, 0.0, 0.1429, 0.2857, 0.1, 0.0, 0.0, 0.0, 0.0833, 0.1429, 0.0, 0.0, 0.3333, 0.0833, 0.2857, 0.0, 0.125, 0.1111, 0.0, 0.1111, 0.1429, 0.0, 0.0, 0.0, 0.0, 0.0, 0.0, 0.0, 0.0833, 0.0, 0.0, 0.1429, 0.0, 0.0, 0.3333, 0.0, 0.0, 0.0, 0.1429, 0.0, 0.0, 0.1429, 0.0, 0.0, 0.3333, 0.2222, 0.0, 0.0, 0.0769, 0.375, 0.25, 0.2, 0.0769, 0.0, 0.1429, 0.0, 0.0, 0.1111, 0.0, 0.1111, 0.0, 0.1429, 0.0, 0.125, 0.1, 0.0, 0.125, 0.1111, 0.25, 0.0, 0.1429, 0.2, 0.0, 0.0, 0.1667, 0.0, 0.0, 0.1429, 0.0, 0.0833, 0.0, 0.125, 0.1667, 0.0, 0.0, 0.0, 0.3333, 0.1111, 0.0, 0.0, 0.1111, 0.0, 0.0, 0.0, 0.0, 0.2, 0.0, 0.1429, 0.0, 0.0, 0.2, 0.0, 0.1111, 0.1429, 0.0, 0.4, 0.1111, 0.0, 0.125, 0.1, 0.1429, 0.0, 0.0, 0.0, 0.4, 0.125, 0.0, 0.0909, 0.0, 0.3333, 0.0, 0.0, 0.1111, 0.0, 0.1111, 0.2857, 0.1818, 0.0, 0.0, 0.0, 0.0, 0.0, 0.0, 0.0, 0.1429, 0.0, 0.0, 0.0, 0.1667, 0.25, 0.0, 0.0, 0.1429, 0.0, 0.0, 0.0, 0.1429, 0.0, 0.0, 0.0, 0.1111, 0.125, 0.1111, 0.1429, 0.0, 0.0, 0.0909, 0.0, 0.1667, 0.0, 0.0, 0.1111, 0.0, 0.0, 0.1111, 0.0, 0.25, 0.0909, 0.0, 0.0, 0.0, 0.125, 0.0, 0.1111, 0.125, 0.0, 0.2, 0.0, 0.0, 0.0, 0.0, 0.3333, 0.0, 0.1429, 0.125, 0.2, 0.0, 0.0, 0.0, 0.0, 0.125, 0.0, 0.1667, 0.125, 0.0, 0.2, 0.1, 0.1667, 0.0, 0.1, 0.1429, 0.3333, 0.1, 0.0, 0.0, 0.0, 0.0, 0.0, 0.0, 0.25, 0.125, 0.0, 0.0, 0.2222, 0.0909, 0.2, 0.0, 0.0, 0.0, 0.0, 0.0, 0.0, 0.0909, 0.125, 0.0, 0.0, 0.1111, 0.1429, 0.3333, 0.2222]"
line_manager_first,0.8,2,line_manager_first,0.102,0.102,0.102,-0.0,15,True,204,0,269,1527,0,"[0.05, 0.069, 0.0795, 0.0845, 0.087, 0.0885, 0.0915, 0.094, 0.096, 0.0975, 0.0985, 0.1, 0.101, 0.1015, 0.102, 0.102, 0.102, 0.102, 0.102, 0.102, 0.102, 0.102, 0.102, 0.102, 0.102, 0.102, 0.102, 0.102, 0.102, 0.102, 0.102, 0.102, 0.102, 0.102, 0.102, 0.102, 0.102, 0.102, 0.102, 0.102, 0.102, 0.102, 0.102, 0.102, 0.102, 0.102, 0.102, 0.102, 0.102, 0.102, 0.102, 0.102, 0.102, 0.102, 0.102, 0.102, 0.102, 0.102, 0.102, 0.102, 0.102, 0.102, 0.102, 0.102, 0.102, 0.102, 0.102, 0.102, 0.102, 0.102, 0.102, 0.102, 0.102, 0.102, 0.102, 0.102, 0.102, 0.102, 0.102, 0.102, 0.102, 0.102, 0.102, 0.102, 0.102, 0.102, 0.102, 0.102, 0.102, 0.102, 0.102, 0.102, 0.102, 0.102, 0.102, 0.102, 0.102, 0.102, 0.102, 0.102, 0.102]","{""0"": 0.1944, ""1"": 0.0898, ""2"": 0.085, ""3"": 0.1349, ""4"": 0.0471, ""5"": 0.0672, ""6"": 0.0622, ""7"": 0.1259}","[0.7778, 0.1429, 0.2222, 0.0, 0.7778, 0.25, 0.0, 0.25, 0.1667, 0.0833, 0.25, 0.0, 0.5714, 0.0, 0.0, 0.0, 0.4, 0.0, 0.0, 0.0, 0.8889, 0.0, 0.1667, 0.0, 0.2, 0.4, 0.0, 0.0, 0.0, 0.0, 0.0, 0.0, 0.125, 0.8333, 0.0, 0.0, 0.0, 0.0, 0.0909, 0.0, 0.0, 0.3333, 0.0, 0.0, 0.2, 0.0, 0.0, 0.0, 0.3, 0.0, 0.0, 0.1429, 0.0, 0.0, 0.0, 0.0, 0.1, 0.0, 0.0, 0.1667, 0.0, 0.0, 0.0, 0.0, 0.125, 0.3333, 0.0, 0.2, 0.1111, 0.125, 0.0, 0.4, 0.1111, 0.2, 0.1111, 0.125, 0.0909, 0.0, 0.0, 0.125, 0.3333, 0.0, 0.125, 0.0, 0.0, 0.0, 0.2222, 0.0, 0.0909, 0.0, 0.1667, 0.1429, 0.1, 0.1429, 0.6667, 0.0, 0.875, 0.0909, 0.1429, 0.0, 0.0, 0.0, 0.3333, 0.0, 0.0, 0.0, 0.0, 0.2222, 0.1111, 0.0, 0.0909, 0.0, 0.0, 0.0, 0.0, 0.0, 0.1429, 0.0, 0.0, 0.0, 0.1429, 0.1111, 0.0, 0.0, 0.0, 0.6, 0.1429, 0.0, 0.0, 0.0, 0.1111, 0.1111, 0.1111, 0.0, 0.0, 0.25, 0.0833, 0.1667, 0.1818, 0.0, 0.0, 0.0, 0.0, 0.25, 0.1111, 0.1818, 0.125, 0.2, 0.0, 0.0, 0.0, 0.1818, 0.125, 0.25, 0.1429, 0.0, 0.1429, 0.0, 0.1667, 0.0, 0.0, 0.0, 0.0, 0.0, 0.0, 0.0, 0.125, 0.0, 0.0909, 0.0833, 0.0, 0.2, 0.0, 0.0, 0.2857, 0.0, 0.1111, 0.0833, 0.3333, 0.1429, 0.125, 0.0, 0.0, 0.1667, 0.0, 0.0, 0.0, 0.125, 0.0, 0.0, 0.0, 0.0, 0.1, 0.3333, 0.0, 0.2857, 0.25, 0.1667, 0.0, 0.1429, 0.125, 0.8571, 0.0, 0.1111, 0.0, 0.0, 0.1111, 0.0, 0.0, 0.75, 0.1111, 0.2857, 0.0, 0.1818, 0.1667, 0.0, 0.0714, 1.0, 0.3333, 0.0, 0.1, 0.0, 0.125, 0.0, 0.1, 0.8, 0.1667, 0.0, 0.125, 0.1667, 0.0, 0.0, 0.1429, 0.0, 0.1, 0.0, 0.0, 0.0, 0.0, 0.0909, 0.1429, 0.0, 0.2857, 0.1667, 0.25, 0.2222, 0.0, 0.1667, 0.0, 0.125]"
line_manager_first,0.8,3,line_manager_first,0.1245,0.1245,0.1245,-0.0,28,True,249,0,319,1432,0,"[0.05, 0.0665, 0.0745, 0.0825, 0.09, 0.0955, 0.0995, 0.1025, 0.104, 0.1045, 0.105, 0.1055, 0.106, 0.107, 0.11, 0.113, 0.114, 0.1145, 0.116, 0.117, 0.118, 0.1195, 0.121, 0.122, 0.1225, 0.123, 0.1235, 0.1245, 0.1245, 0.1245, 0.1245, 0.1245, 0.1245, 0.1245, 0.1245, 0.1245, 0.1245, 0.1245, 0.1245, 0.1245, 0.1245, 0.1245, 0.1245, 0.1245, 0.1245, 0.1245, 0.1245, 0.1245, 0.1245, 0.1245, 0.1245, 0.1245, 0.1245, 0.1245, 0.1245, 0.1245, 0.1245, 0.1245, 0.1245, 0.1245, 0.1245, 0.1245, 0.1245, 0.1245, 0.1245, 0.1245, 0.1245, 0.1245, 0.1245, 0.1245, 0.1245, 0.1245, 0.1245, 0.1245, 0.1245, 0.1245, 0.1245, 0.1245, 0.1245, 0.1245, 0.1245, 0.1245, 0.1245, 0.1245, 0.1245, 0.1245, 0.1245, 0.1245, 0.1245, 0.1245, 0.1245, 0.1245, 0.1245, 0.1245, 0.1245, 0.1245, 0.1245, 0.1245, 0.1245, 0.1245, 0.1245]","{""0"": 0.0769, ""1"": 0.0818, ""2"": 0.3684, ""3"": 0.0651, ""4"": 0.0532, ""5"": 0.0569, ""6"": 0.1855, ""7"": 0.1162}","[0.8889, 0.0, 0.0, 0.2, 0.2, 0.0, 0.0, 0.1429, 0.0, 0.2, 0.0, 0.1667, 0.3333, 0.0, 0.0, 0.0, 0.0, 0.0, 0.0, 0.1, 0.3333, 0.25, 0.1667, 0.0, 0.0, 0.25, 0.0, 0.0, 0.0, 0.25, 0.0, 0.0, 0.0, 0.25, 0.0, 0.0, 0.125, 0.0, 0.0, 0.0, 0.1111, 0.125, 0.1667, 0.2, 0.0, 0.0, 0.125, 0.1, 0.875, 0.0, 0.0, 0.0, 0.0769, 0.0, 0.1, 0.1429, 0.1111, 0.0, 0.0, 0.1429, 0.1111, 0.125, 0.0, 0.0, 0.0, 0.0, 0.0, 0.0, 0.0769, 0.0, 0.0, 0.0, 0.0, 0.0, 0.0, 0.0, 0.0, 0.1667, 0.0, 0.2222, 0.1429, 0.1111, 0.0, 0.125, 0.125, 0.0, 0.1111, 0.8, 0.1111, 0.125, 0.1429, 0.0, 0.0, 0.0, 0.0, 0.8889, 0.1667, 0.0, 0.0, 0.2, 0.2, 0.0, 0.1, 0.6667, 0.0, 0.1111, 0.0, 0.1111, 0.1667, 0.0, 0.1667, 1.0, 0.0, 0.0, 0.0909, 0.0, 0.0, 0.0, 0.125, 0.8462, 0.3333, 0.1111, 0.2857, 0.75, 0.0, 0.0, 0.0, 0.0909, 0.5714, 0.1111, 0.1667, 1.0, 0.0, 0.0909, 0.1429, 0.125, 0.1429, 0.0, 0.1, 0.7143, 0.0, 0.0, 0.0, 0.0, 0.0833, 0.0909, 0.1667, 1.0, 0.0, 0.0909, 0.0, 0.1, 0.0, 0.0, 0.0, 0.8571, 0.0, 0.0, 0.1429, 0.0, 0.0, 0.1, 0.1667, 1.0, 0.0909, 0.1667, 0.1429, 0.0, 0.0, 0.0, 0.1111, 1.0, 0.0, 0.1111, 0.0909, 0.0, 0.125, 0.1667, 0.1, 1.0, 0.1, 0.0, 0.0, 0.0, 0.1667, 0.6, 0.0, 0.8889, 0.0, 0.0, 0.0, 0.0, 0.2727, 0.125, 0.25, 0.9091, 0.1667, 0.0909, 0.0, 0.0, 0.0, 0.0, 0.0, 0.8333, 0.0, 0.0, 0.0, 0.0, 0.125, 0.125, 0.0, 0.1111, 0.0, 0.0, 0.0, 0.1111, 0.1429, 0.0, 0.1429, 0.0, 0.0833, 0.0909, 0.0, 0.0, 0.0, 0.0, 0.125, 0.0, 0.0, 0.1, 0.1, 0.1111, 0.0, 0.125, 0.125, 0.0, 0.0, 0.125, 0.125, 0.1111, 0.1429, 0.0, 0.1667, 0.0, 0.0, 0.0833, 0.0, 0.1667, 0.0, 0.0]"
line_manager_first,0.8,4,line_manager_first,0.1165,0.1165,0.1165,0.0,20,True,233,0,263,1504,0,"[0.05, 0.0675, 0.076, 0.083, 0.0885, 0.0935, 0.096, 0.098, 0.1005, 0.104, 0.1065, 0.109, 0.11, 0.1115, 0.112, 0.113, 0.114, 0.1155, 0.116, 0.1165, 0.1165, 0.1165, 0.1165, 0.1165, 0.1165, 0.1165, 0.1165, 0.1165, 0.1165, 0.1165, 0.1165, 0.1165, 0.1165, 0.1165, 0.1165, 0.1165, 0.1165, 0.1165, 0.1165, 0.1165, 0.1165, 0.1165, 0.1165, 0.1165, 0.1165, 0.1165, 0.1165, 0.1165, 0.1165, 0.1165, 0.1165, 0.1165, 0.1165, 0.1165, 0.1165, 0.1165, 0.1165, 0.1165, 0.1165, 0.1165, 0.1165, 0.1165, 0.1165, 0.1165, 0.1165, 0.1165, 0.1165, 0.1165, 0.1165, 0.1165, 0.1165, 0.1165, 0.1165, 0.1165, 0.1165, 0.1165, 0.1165, 0.1165, 0.1165, 0.1165, 0.1165, 0.1165, 0.1165, 0.1165, 0.1165, 0.1165, 0.1165, 0.1165, 0.1165, 0.1165, 0.1165, 0.1165, 0.1165, 0.1165, 0.1165, 0.1165, 0.1165, 0.1165, 0.1165, 0.1165, 0.1165]","{""0"": 0.1094, ""1"": 0.3306, ""2"": 0.0233, ""3"": 0.1748, ""4"": 0.1089, ""5"": 0.0615, ""6"": 0.0415, ""7"": 0.0886}","[0.4444, 0.1, 1.0, 0.0, 0.1429, 0.0, 0.125, 0.0909, 0.0, 0.0, 1.0, 0.0, 0.0, 0.0, 0.0, 0.0, 0.0, 0.0, 0.8889, 0.0909, 0.0, 0.0714, 0.0, 0.1111, 0.0, 0.125, 0.6667, 0.0, 0.0, 0.1429, 0.0, 0.1429, 0.0, 0.0, 0.125, 0.0, 0.0, 0.2222, 0.1667, 0.0, 0.0, 0.0, 0.125, 0.0, 0.1667, 0.0909, 0.0, 0.0, 0.1667, 0.1111, 0.0, 0.0, 0.0, 0.1667, 0.0, 0.0833, 0.0, 0.1, 0.0, 0.0, 0.0909, 0.1111, 0.2, 0.0, 0.0, 0.0, 0.2857, 0.0, 0.7273, 0.0, 0.2, 0.0, 0.0, 0.2, 0.0, 0.0, 0.0769, 0.0, 0.0, 0.125, 0.0, 1.0, 0.125, 0.1667, 0.0, 0.0, 0.1667, 0.0, 0.2, 1.0, 0.0, 0.0, 0.0, 0.1111, 0.0, 0.0, 0.1667, 0.0, 0.0909, 0.1, 0.1667, 0.0, 0.0, 0.0, 0.0, 0.0, 0.2, 0.0, 0.75, 0.0, 0.0, 0.2, 0.0, 0.0, 0.0, 0.0, 0.875, 0.0, 0.0, 0.1429, 0.1, 0.1429, 0.25, 0.0, 0.8, 0.0909, 0.0, 0.0, 0.3333, 0.0, 0.1818, 0.0, 0.8333, 0.3333, 0.0, 0.0, 0.1429, 0.1667, 0.1, 0.0, 0.5, 0.8, 0.0, 0.0, 0.0, 0.0, 0.0, 0.0, 0.25, 0.2222, 0.0, 0.0, 0.0833, 0.0909, 0.1429, 0.0, 0.2, 0.1111, 0.0, 0.1667, 1.0, 0.0, 0.1, 0.0, 0.125, 0.0, 0.0, 0.0, 0.1, 0.2, 0.1429, 0.0, 0.0, 0.1667, 0.1667, 0.0909, 0.1667, 0.0, 0.0, 0.2, 0.0, 0.1818, 0.0, 0.0, 0.0, 0.0, 0.1111, 0.0, 0.1429, 0.2222, 0.25, 0.1, 0.0, 0.1, 0.1, 0.0, 0.0, 0.0, 0.0909, 0.0, 0.0769, 0.2, 0.4286, 0.0, 0.0, 0.1667, 0.0, 0.0, 0.0, 0.1, 0.7778, 0.0, 0.0, 0.0, 0.0, 0.0, 0.1667, 0.25, 1.0, 0.125, 0.0, 0.25, 0.1667, 0.0, 0.0, 0.0, 0.7273, 0.0, 0.0, 0.125, 0.2, 0.0, 0.1667, 0.1111, 1.0, 0.0, 0.0, 0.1, 0.125, 0.0, 0.0, 0.25, 0.875, 0.25, 0.0, 0.0, 0.4, 0.0, 0.1667, 0.1111]"
line_manager_first,0.8,5,line_manager_first,0.0695,0.0695,0.0695,0.0,10,True,139,0,284,1577,0,"[0.05, 0.0615, 0.0635, 0.0645, 0.0655, 0.066, 0.0665, 0.0675, 0.069, 0.0695, 0.0695, 0.0695, 0.0695, 0.0695, 0.0695, 0.0695, 0.0695, 0.0695, 0.0695, 0.0695, 0.0695, 0.0695, 0.0695, 0.0695, 0.0695, 0.0695, 0.0695, 0.0695, 0.0695, 0.0695, 0.0695, 0.0695, 0.0695, 0.0695, 0.0695, 0.0695, 0.0695, 0.0695, 0.0695, 0.0695, 0.0695, 0.0695, 0.0695, 0.0695, 0.0695, 0.0695, 0.0695, 0.0695, 0.0695, 0.0695, 0.0695, 0.0695, 0.0695, 0.0695, 0.0695, 0.0695, 0.0695, 0.0695, 0.0695, 0.0695, 0.0695, 0.0695, 0.0695, 0.0695, 0.0695, 0.0695, 0.0695, 0.0695, 0.0695, 0.0695, 0.0695, 0.0695, 0.0695, 0.0695, 0.0695, 0.0695, 0.0695, 0.0695, 0.0695, 0.0695, 0.0695, 0.0695, 0.0695, 0.0695, 0.0695, 0.0695, 0.0695, 0.0695, 0.0695, 0.0695, 0.0695, 0.0695, 0.0695, 0.0695, 0.0695, 0.0695, 0.0695, 0.0695, 0.0695, 0.0695, 0.0695]","{""0"": 0.0672, ""1"": 0.0544, ""2"": 0.0938, ""3"": 0.0583, ""4"": 0.0445, ""5"": 0.0656, ""6"": 0.0426, ""7"": 0.1304}","[0.1111, 0.0, 0.0, 0.3846, 0.0, 0.0, 0.0, 0.0, 0.125, 0.0, 0.0, 0.0, 0.1111, 0.125, 0.0, 0.0, 0.3333, 0.0, 0.0, 0.1667, 0.125, 0.1667, 0.0, 0.125, 0.0, 0.125, 0.0, 0.1429, 0.2, 0.1, 0.0, 0.0, 0.0, 0.1111, 0.2, 0.1111, 0.0, 0.0, 0.0, 0.0, 0.0, 0.0, 0.0, 0.0, 0.125, 0.0, 0.125, 0.1429, 0.0, 0.2, 0.0, 0.25, 0.1667, 0.0, 0.0, 0.2222, 0.0, 0.0, 0.0, 0.0, 0.0, 0.0, 0.0, 0.0, 0.1, 0.0, 0.0, 0.0, 0.1111, 0.3333, 0.0, 0.0, 0.0909, 0.25, 0.1429, 0.0, 0.25, 0.0, 0.1111, 0.1111, 0.25, 0.0, 0.0, 0.0, 0.0, 0.0, 0.1429, 0.125, 0.1429, 0.3333, 0.1429, 0.1667, 0.0, 0.0, 0.2, 0.0833, 0.0, 0.3333, 0.1429, 0.0, 0.0, 0.0, 0.0, 0.0769, 0.0, 0.0, 0.1667, 0.0, 0.1111, 0.0, 0.1111, 0.125, 0.0, 0.0833, 0.0, 0.1429, 0.0, 0.0, 0.0, 0.0, 0.0, 0.0, 0.1429, 0.0, 0.0, 0.0, 0.0, 0.2222, 0.1429, 0.0, 0.125, 0.0, 0.1429, 0.0, 0.125, 0.0, 0.1429, 0.1, 0.0, 0.0909, 0.0, 0.0, 0.0, 0.0, 0.0, 0.1429, 0.1429, 0.125, 0.0, 0.1429, 0.1667, 0.0769, 0.0, 0.0, 0.1, 0.1667, 0.0, 0.0, 0.0, 0.0, 0.3333, 0.1667, 0.0, 0.2, 0.0, 0.0, 0.1429, 0.0, 0.0, 0.0, 0.1667, 0.1667, 0.0, 0.1, 0.1, 0.0, 0.0, 0.125, 0.1111, 0.1, 0.0, 0.0, 0.1, 0.0, 0.0833, 0.0, 0.0, 0.125, 0.0, 0.1, 0.1111, 0.0, 0.0909, 0.1111, 0.125, 0.0, 0.2857, 0.1667, 0.2857, 0.0, 1.0, 0.2, 0.125, 0.25, 0.0833, 0.0, 0.0, 0.0, 1.0, 0.0, 0.0, 0.125, 0.2, 0.1667, 0.0, 0.0, 0.1111, 0.0, 0.0, 0.1, 0.0, 0.0, 0.1667, 0.0, 0.125, 0.0, 0.0, 0.0, 0.1667, 0.0, 0.2, 0.0, 0.0, 0.0, 0.0, 0.2, 0.0, 0.1111, 0.25, 0.0, 0.0, 0.0, 0.0, 0.0, 0.0, 0.0, 0.0, 0.0, 0.25, 0.1111]"
line_manager_first,0.8,6,line_manager_first,0.078,0.078,0.078,0.0,11,True,156,0,283,1561,0,"[0.05, 0.0615, 0.066, 0.0685, 0.0695, 0.07, 0.072, 0.074, 0.076, 0.077, 0.078, 0.078, 0.078, 0.078, 0.078, 0.078, 0.078, 0.078, 0.078, 0.078, 0.078, 0.078, 0.078, 0.078, 0.078, 0.078, 0.078, 0.078, 0.078, 0.078, 0.078, 0.078, 0.078, 0.078, 0.078, 0.078, 0.078, 0.078, 0.078, 0.078, 0.078, 0.078, 0.078, 0.078, 0.078, 0.078, 0.078, 0.078, 0.078, 0.078, 0.078, 0.078, 0.078, 0.078, 0.078, 0.078, 0.078, 0.078, 0.078, 0.078, 0.078, 0.078, 0.078, 0.078, 0.078, 0.078, 0.078, 0.078, 0.078, 0.078, 0.078, 0.078, 0.078, 0.078, 0.078, 0.078, 0.078, 0.078, 0.078, 0.078, 0.078, 0.078, 0.078, 0.078, 0.078, 0.078, 0.078, 0.078, 0.078, 0.078, 0.078, 0.078, 0.078, 0.078, 0.078, 0.078, 0.078, 0.078, 0.078, 0.078, 0.078]","{""0"": 0.0534, ""1"": 0.0711, ""2"": 0.0565, ""3"": 0.0628, ""4"": 0.1115, ""5"": 0.1566, ""6"": 0.0302, ""7"": 0.0781}","[0.3333, 0.0, 0.25, 0.0, 0.0, 0.3333, 0.75, 0.0, 0.0, 0.0, 0.0, 0.1, 0.125, 0.125, 1.0, 0.0, 0.0, 0.0, 0.0, 0.0, 0.0, 0.6, 0.875, 0.0, 0.1429, 0.1111, 0.0, 0.1429, 0.0, 0.25, 1.0, 0.1667, 0.0, 0.1667, 0.1429, 0.0, 0.0, 0.0, 0.2222, 0.0, 0.1429, 0.125, 0.0909, 0.0, 0.2, 0.0, 0.2, 0.0, 0.1429, 0.0, 0.0, 0.0, 0.1429, 0.1111, 0.0, 0.0, 0.2222, 0.0, 0.0, 0.1429, 0.0, 0.0, 0.1, 0.0, 0.5, 0.0714, 0.1429, 0.3333, 0.0, 0.0, 0.0, 0.0, 0.0, 0.2, 0.0, 0.0, 0.0, 0.1111, 0.0, 0.0, 0.3333, 0.0, 0.1429, 0.0, 0.125, 0.0, 0.1667, 0.0, 0.0, 0.0, 0.0, 0.0, 0.0, 0.0, 0.0, 0.2, 0.1111, 0.125, 0.1667, 0.0, 0.1429, 0.1111, 0.0909, 0.0, 0.0, 0.0, 0.0, 0.0, 0.0, 0.0, 0.0, 0.0, 0.0, 0.1667, 0.0, 0.0, 0.125, 0.0, 0.0769, 0.0, 0.0, 0.0, 0.0, 0.0, 0.1429, 0.4, 0.0, 0.0, 0.0, 0.0, 0.1, 0.0, 0.0, 0.0, 0.1667, 0.0, 0.0909, 0.1429, 0.0, 0.2222, 0.1667, 0.1667, 0.0, 0.0, 0.0, 0.0, 0.25, 0.125, 0.0, 0.0, 0.0, 0.125, 0.0, 0.0, 0.0, 0.1111, 0.0, 0.0, 0.0, 0.0, 0.0, 0.0, 0.0, 0.0, 0.0, 0.125, 0.125, 0.0, 0.25, 0.2222, 0.0, 0.1667, 0.0, 0.1111, 0.2, 0.2222, 0.2, 0.0, 0.1111, 0.0, 0.1667, 0.0, 0.0, 0.0, 0.1111, 0.0, 0.0, 0.125, 0.0, 0.0, 0.0, 0.0, 0.1, 0.125, 0.1111, 0.1667, 0.0, 0.0, 0.0, 0.25, 0.0, 0.0, 0.0, 0.0, 0.125, 0.2857, 0.1, 0.0, 0.0, 0.1, 0.1, 0.125, 0.0909, 0.5, 0.0, 0.0, 0.1667, 0.0, 0.0, 0.0, 0.0, 0.2, 0.0, 0.0, 0.1111, 0.1667, 0.2, 0.125, 0.1667, 0.0714, 0.1667, 0.1429, 0.0, 0.1667, 0.0, 0.0, 0.125, 0.0769, 0.0, 0.0, 0.25, 0.2, 0.1667, 0.0, 0.125, 0.5, 0.0833, 0.0, 0.0, 0.0]"
line_manager_first,0.8,7,line_manager_first,0.072,0.072,0.072,0.0,5,True,144,0,275,1581,0,"[0.05, 0.064, 0.068, 0.0715, 0.072, 0.072, 0.072, 0.072, 0.072, 0.072, 0.072, 0.072, 0.072, 0.072, 0.072, 0.072, 0.072, 0.072, 0.072, 0.072, 0.072, 0.072, 0.072, 0.072, 0.072, 0.072, 0.072, 0.072, 0.072, 0.072, 0.072, 0.072, 0.072, 0.072, 0.072, 0.072, 0.072, 0.072, 0.072, 0.072, 0.072, 0.072, 0.072, 0.072, 0.072, 0.072, 0.072, 0.072, 0.072, 0.072, 0.072, 0.072, 0.072, 0.072, 0.072, 0.072, 0.072, 0.072, 0.072, 0.072, 0.072, 0.072, 0.072, 0.072, 0.072, 0.072, 0.072, 0.072, 0.072, 0.072, 0.072, 0.072, 0.072, 0.072, 0.072, 0.072, 0.072, 0.072, 0.072, 0.072, 0.072, 0.072, 0.072, 0.072, 0.072, 0.072, 0.072, 0.072, 0.072, 0.072, 0.072, 0.072, 0.072, 0.072, 0.072, 0.072, 0.072, 0.072, 0.072, 0.072, 0.072]","{""0"": 0.0977, ""1"": 0.0638, ""2"": 0.094, ""3"": 0.0483, ""4"": 0.0757, ""5"": 0.0837, ""6"": 0.063, ""7"": 0.0494}","[0.2222, 0.0, 0.0, 0.0, 0.0, 0.1667, 0.0, 0.1667, 0.0, 0.1111, 0.1429, 0.0, 0.1111, 0.0, 0.0, 0.125, 0.0, 0.0, 0.0, 0.1429, 0.0, 0.0, 0.0, 0.0, 0.0833, 0.0, 0.1, 0.5, 0.0, 0.0, 0.0, 0.0, 0.1429, 0.0, 0.0, 0.1429, 0.0, 0.1111, 0.1111, 0.125, 0.0, 0.0, 0.3333, 0.1, 0.1111, 0.0, 0.0, 0.0, 0.1667, 0.1, 0.0, 0.2857, 0.1111, 0.0, 0.0, 0.0, 0.0, 0.0, 0.1667, 0.4286, 0.1111, 0.0, 0.0, 0.0, 0.0, 0.0, 0.2, 0.0, 0.3333, 0.0, 0.0, 0.0, 0.1667, 0.1, 0.0, 0.0, 0.2, 0.3333, 0.1429, 0.1429, 0.0, 0.1111, 0.0, 0.25, 0.0, 0.1667, 0.1, 0.1818, 0.0, 0.1, 0.0, 0.2, 0.0, 0.1429, 0.125, 0.125, 0.0, 0.1667, 0.0, 0.0, 0.0, 0.0, 0.1429, 0.0, 0.0, 0.0, 0.0, 0.0, 0.125, 0.25, 0.0, 0.1111, 0.0909, 0.125, 0.25, 0.1111, 0.1, 0.1111, 0.0, 0.1667, 0.0, 0.375, 0.2, 0.0, 0.2222, 0.125, 0.0, 0.0, 0.0, 0.2, 0.2, 0.1429, 0.0, 0.0, 0.1111, 0.0, 0.1111, 0.3333, 0.0, 0.1429, 0.0, 0.2857, 0.0, 0.0, 0.1111, 0.1111, 0.0, 0.0, 0.0, 0.3, 0.0, 0.1429, 0.0, 0.1111, 0.0, 0.1111, 0.0, 0.0, 0.0909, 0.1, 0.0, 0.25, 0.1429, 0.0, 0.0, 0.0, 1.0, 0.0, 0.0, 0.0, 0.2, 0.0, 0.0, 0.0, 0.25, 0.0, 0.0, 0.0, 0.0, 0.25, 0.0, 0.0, 0.0833, 0.0, 0.2857, 0.2, 0.0, 0.1429, 0.125, 0.0, 0.1111, 0.125, 0.0, 0.5, 0.0, 0.0, 0.0, 0.1667, 0.0, 0.25, 0.1667, 0.0, 0.0, 0.1111, 0.0, 0.0, 0.0, 0.1429, 0.0, 0.125, 0.0, 0.125, 0.0, 0.1429, 0.375, 0.0, 0.0, 0.0, 0.2, 0.0, 0.0, 0.0, 0.0909, 0.0, 0.1667, 0.1111, 0.2, 0.0, 0.0, 0.0909, 0.0909, 0.0, 0.1429, 0.1667, 0.0, 0.1667, 0.0, 0.0, 0.1667, 0.0, 0.0, 0.0769, 0.125, 0.1429, 0.0, 0.0, 0.0, 0.1429, 0.0, 0.0]"
line_manager_first,0.8,8,line_manager_first,0.1025,0.1025,0.1025,0.0,20,True,205,0,283,1512,0,"[0.05, 0.065, 0.0715, 0.076, 0.0775, 0.078, 0.0795, 0.082, 0.084, 0.086, 0.088, 0.0915, 0.0935, 0.0965, 0.0985, 0.099, 0.1005, 0.1015, 0.102, 0.1025, 0.1025, 0.1025, 0.1025, 0.1025, 0.1025, 0.1025, 0.1025, 0.1025, 0.1025, 0.1025, 0.1025, 0.1025, 0.1025, 0.1025, 0.1025, 0.1025, 0.1025, 0.1025, 0.1025, 0.1025, 0.1025, 0.1025, 0.1025, 0.1025, 0.1025, 0.1025, 0.1025, 0.1025, 0.1025, 0.1025, 0.1025, 0.1025, 0.1025, 0.1025, 0.1025, 0.1025, 0.1025, 0.1025, 0.1025, 0.1025, 0.1025, 0.1025, 0.1025, 0.1025, 0.1025, 0.1025, 0.1025, 0.1025, 0.1025, 0.1025, 0.1025, 0.1025, 0.1025, 0.1025, 0.1025, 0.1025, 0.1025, 0.1025, 0.1025, 0.1025, 0.1025, 0.1025, 0.1025, 0.1025, 0.1025, 0.1025, 0.1025, 0.1025, 0.1025, 0.1025, 0.1025, 0.1025, 0.1025, 0.1025, 0.1025, 0.1025, 0.1025, 0.1025, 0.1025, 0.1025, 0.1025]","{""0"": 0.0597, ""1"": 0.0697, ""2"": 0.3306, ""3"": 0.0661, ""4"": 0.0691, ""5"": 0.0584, ""6"": 0.056, ""7"": 0.1145}","[0.1111, 0.0667, 0.0, 0.1667, 0.0, 0.125, 0.0, 0.0909, 0.875, 0.0, 0.1667, 0.0833, 0.0, 0.0, 0.125, 0.0, 0.2, 0.0, 0.0, 0.0, 0.1429, 0.0, 0.1, 0.0, 0.0, 0.0, 0.2, 0.1429, 0.1667, 0.0, 0.0833, 0.0, 0.0, 0.1667, 0.25, 0.2, 0.0, 0.2, 0.0, 0.1111, 0.0, 0.1429, 0.0, 0.0, 0.0, 0.2, 0.0, 0.0, 0.0, 0.0, 0.125, 0.1667, 0.1429, 0.0, 0.0, 0.0, 0.0, 0.0, 0.1429, 0.1429, 0.0, 0.0, 0.0, 0.0, 0.0, 0.0, 0.0, 0.0, 0.0, 0.0, 0.1111, 0.0, 0.0, 0.0, 0.1667, 0.0, 0.5, 0.1429, 0.0833, 0.0909, 0.0, 0.0, 0.0, 1.0, 0.0, 0.1818, 0.0, 0.1429, 0.0909, 0.0, 0.0, 0.8571, 0.2, 0.0, 0.0, 0.2, 0.0909, 0.2222, 0.0, 1.0, 0.0, 0.0, 0.25, 0.0, 0.0, 0.1, 0.1, 1.0, 0.1429, 0.0909, 0.1, 0.125, 0.2, 0.0, 0.3333, 0.9, 0.0, 0.1, 0.0, 0.0, 0.25, 0.6667, 0.0, 0.8889, 0.0, 0.125, 0.0, 0.0, 0.0, 0.0, 0.125, 0.6667, 0.0, 0.0, 0.0, 0.2, 0.0, 0.0, 0.0, 0.7273, 0.1667, 0.0, 0.0, 0.1667, 0.0909, 0.0, 0.125, 1.0, 0.0, 0.1111, 0.1667, 0.0, 0.1111, 0.0, 0.1667, 1.0, 0.1667, 0.0, 0.0, 0.0, 0.1429, 0.0, 0.0, 0.125, 0.0, 0.0, 0.0, 0.125, 0.7778, 0.0, 0.0, 0.1667, 0.0, 0.25, 0.1111, 0.1429, 0.1111, 0.0, 0.0, 0.1111, 0.0, 0.3, 0.2, 0.0, 0.2222, 0.0, 0.0, 0.0, 0.0, 0.0, 0.1111, 0.0, 0.1429, 0.3333, 0.0, 0.0, 0.3333, 0.0, 0.1667, 0.0, 0.0, 0.1429, 0.125, 0.3, 0.2857, 0.0, 0.0, 0.0, 0.0, 0.1, 0.0, 0.0, 0.0, 0.0833, 0.0, 0.1, 0.1, 0.0, 0.25, 0.25, 0.0, 0.0, 0.0, 0.125, 0.125, 0.0, 0.1667, 0.0, 0.0, 0.0, 0.125, 0.0, 0.0, 0.0, 0.0, 0.1667, 0.0, 0.1667, 0.0, 0.2, 0.1429, 0.0, 0.0, 0.0, 0.1429, 0.0, 0.0769, 0.0, 0.0, 0.0]"
line_manager_first,0.8,9,line_manager_first,0.1265,0.1265,0.1265,0.0,20,True,253,0,281,1466,0,"[0.05, 0.066, 0.0745, 0.0795, 0.083, 0.0885, 0.095, 0.1035, 0.1095, 0.1135, 0.1175, 0.12, 0.1205, 0.1215, 0.123, 0.1235, 0.124, 0.1255, 0.126, 0.1265, 0.1265, 0.1265, 0.1265, 0.1265, 0.1265, 0.1265, 0.1265, 0.1265, 0.1265, 0.1265, 0.1265, 0.1265, 0.1265, 0.1265, 0.1265, 0.1265, 0.1265, 0.1265, 0.1265, 0.1265, 0.1265, 0.1265, 0.1265, 0.1265, 0.1265, 0.1265, 0.1265, 0.1265, 0.1265, 0.1265, 0.1265, 0.1265, 0.1265, 0.1265, 0.1265, 0.1265, 0.1265, 0.1265, 0.1265, 0.1265, 0.1265, 0.1265, 0.1265, 0.1265, 0.1265, 0.1265, 0.1265, 0.1265, 0.1265, 0.1265, 0.1265, 0.1265, 0.1265, 0.1265, 0.1265, 0.1265, 0.1265, 0.1265, 0.1265, 0.1265, 0.1265, 0.1265, 0.1265, 0.1265, 0.1265, 0.1265, 0.1265, 0.1265, 0.1265, 0.1265, 0.1265, 0.1265, 0.1265, 0.1265, 0.1265, 0.1265, 0.1265, 0.1265, 0.1265, 0.1265, 0.1265]","{""0"": 0.0441, ""1"": 0.0492, ""2"": 0.2119, ""3"": 0.1029, ""4"": 0.1888, ""5"": 0.0772, ""6"": 0.187, ""7"": 0.1559}","[0.5556, 0.1, 0.0, 0.0, 0.0909, 0.1667, 0.0, 0.0, 0.1429, 0.0, 0.1429, 0.1111, 0.0769, 0.0, 0.0, 0.0909, 0.0, 0.0, 0.1, 0.0, 0.0, 0.1667, 0.0625, 1.0, 0.1667, 0.2, 0.0, 0.1111, 0.0, 0.1111, 0.0833, 1.0, 0.0769, 0.0, 0.0, 0.0, 0.0, 0.1667, 0.0, 1.0, 0.0, 0.0, 0.0, 0.0, 0.5, 0.0, 0.0, 1.0, 0.0, 0.0, 0.0, 0.3333, 0.0, 0.0, 0.3333, 0.75, 0.0, 0.0909, 0.125, 1.0, 0.1429, 0.0, 0.125, 0.2, 0.0909, 0.0, 0.0, 0.875, 0.0, 0.0, 0.3333, 0.0, 0.25, 0.0714, 0.1111, 0.75, 0.0, 0.0, 0.2222, 0.0, 0.3, 0.0, 0.0, 0.7143, 0.2, 0.25, 0.1111, 0.125, 0.0, 0.0, 0.0, 0.7143, 0.2727, 0.8, 0.0, 0.0, 0.0, 0.1429, 0.25, 0.7778, 0.0909, 0.9, 0.1111, 0.0, 0.1, 0.0, 0.0, 0.1667, 0.2, 1.0, 0.125, 0.0, 1.0, 0.0, 0.0, 0.1667, 0.0, 0.7143, 0.1429, 0.1, 1.0, 0.2857, 0.0, 0.0, 0.1667, 0.2222, 0.0, 0.1111, 0.9, 0.0909, 0.0, 0.1818, 0.0, 0.1429, 0.0, 0.0833, 0.0667, 0.0, 0.1, 0.1429, 0.0, 0.0, 0.0, 0.0, 0.0, 0.0, 0.0, 0.1111, 0.0, 0.0, 0.0, 0.8, 0.0, 0.0, 0.0, 0.0, 0.1111, 0.0, 0.0, 0.0, 0.125, 0.0, 0.3333, 0.0, 0.0, 0.2, 0.0, 0.125, 0.0, 0.0, 0.0, 0.1667, 0.0, 0.0, 0.0, 0.0, 0.0, 0.0, 0.0, 0.125, 0.4444, 0.0909, 0.0, 0.0, 0.1429, 0.0, 0.25, 0.2, 0.2, 0.0, 0.1667, 0.0, 0.1429, 0.25, 0.0, 0.1667, 0.3333, 0.0, 0.1111, 0.2, 0.0, 0.0833, 0.0, 0.0, 0.125, 0.0909, 0.0, 0.0, 0.0, 0.0, 0.125, 0.0, 0.0, 0.0, 0.0, 0.0, 0.1429, 0.0, 0.1429, 0.0, 0.125, 0.0, 0.125, 0.0, 0.5, 0.0, 0.0, 0.0, 0.0, 0.0, 0.0, 0.0, 0.25, 0.2, 0.0, 0.1111, 0.0714, 0.2, 0.1667, 0.125, 0.0, 0.0, 0.0, 0.0833, 0.0, 0.3333, 0.1667, 0.1, 0.0, 0.1429]"
line_manager_first,0.8,10,line_manager_first,0.1155,0.1155,0.1155,0.0,15,True,231,0,276,1493,0,"[0.05, 0.0675, 0.073, 0.078, 0.0825, 0.087, 0.0915, 0.098, 0.104, 0.1075, 0.11, 0.111, 0.113, 0.115, 0.1155, 0.1155, 0.1155, 0.1155, 0.1155, 0.1155, 0.1155, 0.1155, 0.1155, 0.1155, 0.1155, 0.1155, 0.1155, 0.1155, 0.1155, 0.1155, 0.1155, 0.1155, 0.1155, 0.1155, 0.1155, 0.1155, 0.1155, 0.1155, 0.1155, 0.1155, 0.1155, 0.1155, 0.1155, 0.1155, 0.1155, 0.1155, 0.1155, 0.1155, 0.1155, 0.1155, 0.1155, 0.1155, 0.1155, 0.1155, 0.1155, 0.1155, 0.1155, 0.1155, 0.1155, 0.1155, 0.1155, 0.1155, 0.1155, 0.1155, 0.1155, 0.1155, 0.1155, 0.1155, 0.1155, 0.1155, 0.1155, 0.1155, 0.1155, 0.1155, 0.1155, 0.1155, 0.1155, 0.1155, 0.1155, 0.1155, 0.1155, 0.1155, 0.1155, 0.1155, 0.1155, 0.1155, 0.1155, 0.1155, 0.1155, 0.1155, 0.1155, 0.1155, 0.1155, 0.1155, 0.1155, 0.1155, 0.1155, 0.1155, 0.1155, 0.1155, 0.1155]","{""0"": 0.0403, ""1"": 0.0714, ""2"": 0.2016, ""3"": 0.0813, ""4"": 0.2531, ""5"": 0.07, ""6"": 0.0754, ""7"": 0.1362}","[0.5556, 0.0, 0.0, 0.0, 0.0, 0.0, 0.0, 0.1429, 0.1111, 0.0, 0.125, 0.0, 0.0, 0.1429, 0.25, 0.0, 0.0, 0.0, 0.0, 0.0, 0.125, 0.0, 0.0, 0.0714, 0.0, 0.1111, 0.1667, 0.0, 1.0, 0.0, 0.0, 0.1, 0.0, 0.1667, 0.1, 0.0, 0.6667, 0.1667, 0.1111, 0.0, 0.0, 0.2222, 0.0, 0.2, 0.0, 0.1111, 0.125, 0.0, 0.2, 0.0, 0.75, 0.2, 0.1667, 0.0, 0.1111, 0.2222, 0.25, 0.0, 0.0, 0.0, 0.0, 0.1429, 0.1667, 0.0833, 0.0, 0.0, 0.0, 0.0, 0.0, 0.0, 0.0, 0.0, 0.1, 0.125, 0.125, 0.0, 0.0, 0.1, 0.1429, 0.0, 0.0, 0.0, 0.1429, 0.0, 0.0, 0.1667, 0.0, 0.0, 0.1111, 0.125, 0.125, 0.1667, 0.25, 0.0, 0.0, 0.0, 0.2, 0.0, 0.0, 0.1, 0.125, 0.125, 0.0, 0.0, 0.0, 0.0, 0.0, 0.9167, 0.0, 0.75, 0.1667, 0.0, 0.0, 0.0, 0.0, 1.0, 0.0, 1.0, 0.125, 0.1667, 0.0, 0.0, 0.0, 0.875, 0.0, 1.0, 0.2857, 0.0, 0.2857, 0.125, 0.0, 1.0, 0.0, 1.0, 0.1111, 0.0, 0.3333, 0.0, 0.0, 0.375, 0.1429, 1.0, 0.1429, 0.125, 0.1111, 0.125, 0.5, 0.0, 0.0, 0.75, 0.0667, 0.0, 0.25, 0.0, 0.1, 0.0, 0.0, 1.0, 0.0, 0.1, 0.0, 0.0, 0.0909, 0.0833, 0.0, 0.25, 0.2222, 0.125, 0.8, 0.0, 0.0, 0.0, 0.1111, 0.0, 0.0, 0.1111, 1.0, 0.0, 0.1111, 0.1, 0.0, 0.0, 0.1429, 0.1111, 0.125, 0.0, 0.2, 0.2857, 0.0, 0.0, 0.0, 0.1, 0.3333, 0.0, 0.0, 0.0, 0.0, 0.1667, 0.0, 0.1111, 0.0, 0.0, 0.0909, 0.1667, 0.0, 0.125, 0.2, 0.1429, 0.0, 0.0, 0.1667, 0.0, 0.1111, 0.1667, 0.0, 0.0, 0.2, 0.0, 0.0, 0.1, 0.0, 0.0, 0.0, 0.0, 0.1667, 0.1111, 0.0, 0.0, 0.125, 0.0556, 0.0, 0.0, 0.1, 0.125, 0.1429, 0.125, 0.0, 0.25, 0.0, 0.1667, 0.0, 0.0, 0.0, 0.0, 0.125, 0.0, 0.0, 0.1667, 0.0, 0.0]"
line_manager_first,0.8,11,line_manager_first,0.109,0.109,0.109,-0.0,15,True,218,0,281,1501,0,"[0.05, 0.0645, 0.072, 0.078, 0.082, 0.0865, 0.092, 0.099, 0.1025, 0.1035, 0.105, 0.106, 0.1075, 0.1085, 0.109, 0.109, 0.109, 0.109, 0.109, 0.109, 0.109, 0.109, 0.109, 0.109, 0.109, 0.109, 0.109, 0.109, 0.109, 0.109, 0.109, 0.109, 0.109, 0.109, 0.109, 0.109, 0.109, 0.109, 0.109, 0.109, 0.109, 0.109, 0.109, 0.109, 0.109, 0.109, 0.109, 0.109, 0.109, 0.109, 0.109, 0.109, 0.109, 0.109, 0.109, 0.109, 0.109, 0.109, 0.109, 0.109, 0.109, 0.109, 0.109, 0.109, 0.109, 0.109, 0.109, 0.109, 0.109, 0.109, 0.109, 0.109, 0.109, 0.109, 0.109, 0.109, 0.109, 0.109, 0.109, 0.109, 0.109, 0.109, 0.109, 0.109, 0.109, 0.109, 0.109, 0.109, 0.109, 0.109, 0.109, 0.109, 0.109, 0.109, 0.109, 0.109, 0.109, 0.109, 0.109, 0.109, 0.109]","{""0"": 0.0584, ""1"": 0.113, ""2"": 0.068, ""3"": 0.098, ""4"": 0.1545, ""5"": 0.2655, ""6"": 0.0682, ""7"": 0.0649}","[0.6667, 0.0, 0.5833, 0.0, 0.0, 0.0, 0.0, 0.0, 0.0, 0.0, 0.1, 0.0, 0.0833, 0.1, 0.0, 0.0, 0.2, 0.0, 0.2222, 0.125, 0.0, 0.0, 0.0, 0.2, 0.0, 0.0, 0.1111, 0.25, 0.1429, 0.0, 0.125, 0.0, 0.25, 0.0, 0.0, 0.0, 0.2, 0.0, 0.125, 0.0, 0.1, 0.1, 0.1429, 0.1111, 0.1667, 0.0, 0.0, 0.2, 0.1667, 0.125, 0.3333, 0.1, 0.0, 0.2, 0.0, 0.0, 0.0, 0.0, 0.125, 0.0, 0.1, 0.0, 0.0, 0.0, 0.0, 0.0, 0.1111, 0.0, 0.2222, 0.0, 0.0, 0.0, 0.0, 0.0, 0.1667, 0.1429, 0.5714, 0.0, 0.8333, 0.0909, 0.1667, 0.2857, 0.0, 0.0, 0.0, 0.0, 1.0, 0.0, 0.0, 0.0, 0.0, 0.0, 0.1111, 0.1429, 1.0, 0.1429, 0.0, 0.0, 0.0, 0.1111, 0.0, 0.0, 0.8, 0.0909, 0.1, 0.0, 0.1667, 0.1111, 0.0, 0.0, 0.1818, 0.0, 0.1429, 0.1111, 0.1667, 0.1667, 0.0, 0.0, 0.1667, 0.0, 0.0, 0.0, 0.0, 0.0, 0.0, 0.1429, 0.0, 0.0, 0.0, 0.0, 0.0, 0.1429, 0.0667, 0.2, 0.25, 0.1429, 0.0, 0.1111, 0.0, 0.0, 0.0, 0.0, 0.125, 0.0833, 0.125, 0.2222, 0.0, 0.0, 0.0, 0.1111, 0.0, 0.0, 0.25, 0.0, 0.0, 0.125, 0.2, 0.25, 0.0, 0.0, 0.1429, 0.1429, 0.1429, 0.0, 0.0, 0.0, 0.0, 0.25, 0.1111, 0.0, 0.0, 0.1429, 0.0714, 0.1429, 0.1429, 0.2857, 0.0, 0.25, 0.1111, 0.1429, 0.2857, 0.0909, 0.0, 0.1333, 0.0909, 0.0, 0.1111, 0.0909, 0.5, 0.8571, 0.2727, 0.0, 0.1111, 0.0, 0.1667, 0.0, 0.0, 1.0, 0.75, 0.0, 0.1111, 0.0, 0.1667, 0.125, 0.0, 1.0, 0.8571, 0.0909, 0.1111, 0.2857, 0.0, 0.0, 0.0, 1.0, 1.0, 0.0, 0.0, 0.0, 0.2, 0.0, 0.0714, 0.0, 0.1429, 0.125, 0.0, 0.0, 0.1667, 0.1111, 0.1429, 0.0, 0.25, 0.0, 0.0, 0.0833, 0.0, 0.0, 0.2, 0.0, 0.0, 0.0909, 0.0, 0.0, 0.0, 0.0833, 0.2, 0.0, 0.1667, 0.0769, 0.0, 0.0]"
line_manager_first,1.0,0,line_manager_first,0.7225,0.7225,0.7225,0.0,76,True,1445,0,276,279,0,"[0.05, 0.0655, 0.077, 0.0875, 0.1035, 0.1215, 0.147, 0.173, 0.1975, 0.216, 0.2425, 0.267, 0.2895, 0.3185, 0.353, 0.386, 0.413, 0.4305, 0.4445, 0.4525, 0.462, 0.4705, 0.4815, 0.4975, 0.5095, 0.5155, 0.521, 0.5295, 0.54, 0.549, 0.5515, 0.5575, 0.5665, 0.5785, 0.595, 0.6105, 0.621, 0.634, 0.6455, 0.654, 0.659, 0.6625, 0.664, 0.6645, 0.6665, 0.668, 0.672, 0.676, 0.677, 0.678, 0.6785, 0.68, 0.6815, 0.682, 0.6825, 0.683, 0.685, 0.6865, 0.688, 0.6905, 0.6955, 0.7, 0.7005, 0.7015, 0.704, 0.7055, 0.7065, 0.7075, 0.7095, 0.711, 0.7135, 0.7155, 0.7175, 0.72, 0.722, 0.7225, 0.7225, 0.7225, 0.7225, 0.7225, 0.7225, 0.7225, 0.7225, 0.7225, 0.7225, 0.7225, 0.7225, 0.7225, 0.7225, 0.7225, 0.7225, 0.7225, 0.7225, 0.7225, 0.7225, 0.7225, 0.7225, 0.7225, 0.7225, 0.7225, 0.7225]","{""0"": 0.6302, ""1"": 0.7686, ""2"": 0.875, ""3"": 0.6902, ""4"": 0.8785, ""5"": 0.7097, ""6"": 0.4939, ""7"": 0.752}","[0.8889, 0.3, 0.9, 0.7, 0.8, 0.875, 0.625, 0.0, 0.9286, 0.0769, 1.0, 0.8182, 1.0, 0.9167, 0.875, 0.1, 1.0, 0.0, 0.7778, 1.0, 1.0, 0.8333, 0.8571, 0.0, 0.7143, 0.0833, 0.8571, 0.875, 0.8889, 0.6667, 0.8, 0.2222, 1.0, 0.0, 1.0, 1.0, 0.9231, 0.8333, 0.2, 0.0, 0.8333, 0.1667, 0.9412, 0.5, 0.5, 1.0, 0.0, 0.8, 0.8571, 0.0, 1.0, 0.7778, 1.0, 0.8571, 0.0, 0.7778, 0.625, 0.0, 1.0, 0.8333, 0.75, 1.0, 0.1667, 0.7, 1.0, 0.125, 1.0, 1.0, 1.0, 0.875, 0.0, 0.8333, 0.9167, 0.875, 0.75, 1.0, 1.0, 0.875, 0.0, 0.875, 1.0, 0.8, 1.0, 1.0, 0.875, 0.75, 0.1429, 0.8, 0.7273, 0.9, 0.6667, 0.8571, 0.5714, 0.7, 0.7143, 0.8, 1.0, 0.8571, 0.625, 0.75, 1.0, 0.9, 0.8, 0.6667, 1.0, 1.0, 1.0, 1.0, 0.9167, 0.75, 0.875, 1.0, 0.4286, 1.0, 1.0, 0.8571, 0.8571, 0.8889, 0.75, 0.7778, 0.0, 1.0, 0.875, 0.75, 1.0, 1.0, 0.8824, 1.0, 0.1429, 1.0, 0.0, 0.8571, 0.875, 0.8571, 0.75, 1.0, 0.0, 0.6, 0.0, 0.8889, 0.8889, 0.875, 0.8333, 0.75, 0.8, 0.8, 0.0667, 0.8571, 0.8333, 1.0, 0.9286, 0.8571, 0.9091, 0.9, 0.8, 0.9167, 0.6, 0.75, 1.0, 1.0, 0.8, 1.0, 0.75, 1.0, 1.0, 1.0, 0.9091, 0.8333, 0.5, 0.75, 1.0, 1.0, 0.0, 0.8, 0.8571, 0.8, 0.8182, 0.8, 0.8889, 0.75, 0.0, 0.8, 1.0, 0.6667, 0.7143, 0.8889, 0.8889, 1.0, 0.1, 0.8333, 0.9, 0.0, 0.875, 0.8571, 0.75, 0.8, 0.0, 1.0, 0.7778, 0.1667, 0.6667, 1.0, 1.0, 1.0, 0.1111, 0.9167, 1.0, 0.0, 0.7778, 1.0, 0.6667, 1.0, 0.0, 0.9, 0.875, 0.0, 0.75, 1.0, 0.8889, 1.0, 1.0, 0.8, 1.0, 0.0, 0.9091, 0.75, 0.7273, 1.0, 0.75, 1.0, 1.0, 0.0, 0.75, 0.8889, 0.6364, 0.75, 0.6, 1.0, 0.6667, 0.0, 0.8, 0.8889, 0.8333, 0.8, 1.0, 0.8889, 0.8889, 0.1, 1.0, 1.0]"
line_manager_first,1.0,1,line_manager_first,0.7355,0.7355,0.7355,0.0,41,True,1471,0,268,261,0,"[0.05, 0.0705, 0.0915, 0.1165, 0.1445, 0.1835, 0.222, 0.2625, 0.2985, 0.3295, 0.361, 0.3865, 0.4105, 0.4315, 0.457, 0.483, 0.503, 0.525, 0.5475, 0.571, 0.5885, 0.6015, 0.6175, 0.64, 0.6545, 0.662, 0.665, 0.671, 0.6765, 0.684, 0.689, 0.6965, 0.7035, 0.7075, 0.7095, 0.7145, 0.7225, 0.7275, 0.731, 0.7345, 0.7355, 0.7355, 0.7355, 0.7355, 0.7355, 0.7355, 0.7355, 0.7355, 0.7355, 0.7355, 0.7355, 0.7355, 0.7355, 0.7355, 0.7355, 0.7355, 0.7355, 0.7355, 0.7355, 0.7355, 0.7355, 0.7355, 0.7355, 0.7355, 0.7355, 0.7355, 0.7355, 0.7355, 0.7355, 0.7355, 0.7355, 0.7355, 0.7355, 0.7355, 0.7355, 0.7355, 0.7355, 0.7355, 0.7355, 0.7355, 0.7355, 0.7355, 0.7355, 0.7355, 0.7355, 0.7355, 0.7355, 0.7355, 0.7355, 0.7355, 0.7355, 0.7355, 0.7355, 0.7355, 0.7355, 0.7355, 0.7355, 0.7355, 0.7355, 0.7355, 0.7355]","{""0"": 0.8959, ""1"": 0.8525, ""2"": 0.2795, ""3"": 0.8417, ""4"": 0.4525, ""5"": 0.8361, ""6"": 0.878, ""7"": 0.8745}","[0.8889, 0.7778, 0.75, 0.0, 1.0, 0.0, 0.8333, 0.75, 1.0, 0.8182, 0.8333, 0.0, 1.0, 0.0, 0.6667, 0.8889, 0.6, 0.6667, 0.25, 0.0, 1.0, 0.0, 0.8462, 0.8889, 0.875, 0.875, 1.0, 0.0, 0.8333, 0.1111, 0.4, 1.0, 0.75, 1.0, 0.8571, 0.0, 0.8333, 0.0, 0.5714, 1.0, 0.8889, 0.8, 0.7143, 0.0833, 0.7143, 0.125, 0.8571, 0.875, 0.9091, 0.6667, 0.8, 0.8, 0.875, 0.0, 0.875, 0.875, 1.0, 0.8333, 0.8889, 1.0, 1.0, 0.1429, 0.8571, 0.8333, 1.0, 0.9167, 0.8333, 0.8333, 0.75, 0.0, 1.0, 1.0, 0.625, 0.8889, 0.8571, 1.0, 0.875, 0.0, 0.8571, 0.7143, 1.0, 1.0, 1.0, 1.0, 1.0, 0.25, 0.8, 0.9, 0.8889, 1.0, 1.0, 0.7143, 0.9, 0.8, 0.8889, 0.8824, 0.8, 1.0, 0.7778, 0.0, 0.6667, 0.8, 0.8889, 0.9091, 1.0, 1.0, 1.0, 0.0, 0.6667, 0.8182, 1.0, 1.0, 0.7143, 1.0, 0.8333, 0.0, 0.0, 0.7143, 0.8889, 0.6667, 1.0, 1.0, 1.0, 0.1111, 0.7778, 0.8571, 0.8333, 0.9, 0.8, 0.8, 0.7778, 0.5, 1.0, 0.8889, 0.9091, 0.75, 1.0, 1.0, 1.0, 0.8, 0.8889, 0.875, 1.0, 0.7273, 0.8889, 0.9, 0.8889, 1.0, 1.0, 0.0, 0.8889, 0.8889, 0.7778, 1.0, 0.875, 0.6667, 1.0, 0.0909, 1.0, 0.8182, 1.0, 0.875, 0.6, 0.1, 0.8889, 0.6, 0.9, 1.0, 1.0, 0.8889, 0.7692, 0.25, 0.5, 0.625, 0.7143, 0.8333, 1.0, 1.0, 0.8571, 0.0, 0.8333, 1.0, 0.6667, 0.8571, 0.9, 0.875, 0.9, 0.1667, 0.8889, 1.0, 0.8571, 1.0, 0.8571, 1.0, 0.8, 0.0, 1.0, 0.8333, 1.0, 1.0, 0.6667, 0.875, 0.7778, 0.0, 0.8889, 0.9, 0.75, 0.5, 0.75, 0.5714, 0.9, 0.0, 0.875, 1.0, 0.8571, 0.8571, 1.0, 1.0, 0.6667, 0.0, 0.8, 0.9167, 0.7, 0.8889, 0.8571, 1.0, 0.9, 0.1667, 1.0, 0.8889, 0.5, 1.0, 0.7778, 0.8889, 1.0, 0.0, 0.8889, 0.0, 0.8571, 0.8889, 0.9091, 1.0, 0.8571, 0.0, 1.0, 0.0, 0.8889, 1.0, 0.8182, 0.7778]"
line_manager_first,1.0,2,line_manager_first,0.717,0.717,0.717,0.0,48,True,1434,0,285,281,0,"[0.05, 0.0745, 0.0945, 0.1185, 0.143, 0.167, 0.1925, 0.2175, 0.2395, 0.2585, 0.2845, 0.307, 0.3325, 0.3515, 0.365, 0.377, 0.393, 0.4095, 0.43, 0.4455, 0.4595, 0.4765, 0.491, 0.5085, 0.5295, 0.5465, 0.568, 0.582, 0.594, 0.6135, 0.633, 0.6425, 0.652, 0.6645, 0.672, 0.679, 0.6845, 0.689, 0.692, 0.695, 0.7005, 0.7065, 0.709, 0.713, 0.7155, 0.716, 0.7165, 0.717, 0.717, 0.717, 0.717, 0.717, 0.717, 0.717, 0.717, 0.717, 0.717, 0.717, 0.717, 0.717, 0.717, 0.717, 0.717, 0.717, 0.717, 0.717, 0.717, 0.717, 0.717, 0.717, 0.717, 0.717, 0.717, 0.717, 0.717, 0.717, 0.717, 0.717, 0.717, 0.717, 0.717, 0.717, 0.717, 0.717, 0.717, 0.717, 0.717, 0.717, 0.717, 0.717, 0.717, 0.717, 0.717, 0.717, 0.717, 0.717, 0.717, 0.717, 0.717, 0.717, 0.717]","{""0"": 0.8481, ""1"": 0.5532, ""2"": 0.471, ""3"": 0.879, ""4"": 0.743, ""5"": 0.8745, ""6"": 0.8719, ""7"": 0.5219}","[1.0, 1.0, 0.8333, 0.8, 0.875, 1.0, 0.875, 0.8333, 0.0, 0.7778, 0.75, 0.8889, 1.0, 0.8333, 0.875, 0.875, 0.0, 1.0, 0.1111, 0.6667, 1.0, 1.0, 0.8571, 1.0, 0.125, 1.0, 0.0, 0.5, 0.9091, 1.0, 0.8889, 0.8571, 0.1667, 0.625, 0.0, 1.0, 0.6667, 0.6667, 0.8, 0.75, 0.1667, 0.7143, 0.25, 0.9, 0.8, 0.8333, 1.0, 1.0, 0.1, 0.8889, 0.0714, 0.875, 0.7778, 0.6667, 1.0, 0.8333, 0.0, 0.8889, 0.1667, 0.7143, 0.9091, 1.0, 0.8, 0.8333, 0.2, 1.0, 0.125, 0.0714, 0.7857, 0.7778, 0.6667, 0.9167, 0.0, 0.8571, 0.1429, 0.1667, 1.0, 0.9091, 0.9231, 0.8571, 0.0, 0.7273, 0.1429, 0.25, 0.8, 0.8571, 0.8889, 0.8571, 0.0, 1.0, 0.0, 0.2857, 1.0, 1.0, 1.0, 0.8571, 0.25, 0.8889, 0.1111, 0.2, 0.8333, 0.7143, 0.8889, 0.8333, 1.0, 0.875, 0.2, 0.0, 0.7778, 1.0, 0.8333, 0.75, 0.8667, 0.625, 1.0, 0.0, 1.0, 0.8, 0.8571, 1.0, 0.875, 1.0, 0.875, 0.0, 0.8889, 0.8333, 0.8889, 0.875, 0.5, 0.7143, 0.8, 0.1429, 0.8889, 0.8571, 0.7778, 1.0, 1.0, 0.8571, 1.0, 0.3333, 0.8333, 0.75, 0.625, 0.8333, 0.9091, 1.0, 1.0, 0.125, 0.875, 0.7143, 0.9, 0.875, 1.0, 1.0, 0.6, 0.6667, 1.0, 1.0, 1.0, 1.0, 1.0, 0.8, 0.8889, 0.0, 0.8333, 0.875, 0.8, 0.8333, 0.9, 0.6, 0.7, 0.1, 1.0, 1.0, 0.7143, 1.0, 0.7778, 0.6364, 0.8, 0.125, 1.0, 0.75, 0.9412, 0.8, 0.8333, 0.8, 1.0, 0.0, 0.8333, 0.8571, 1.0, 1.0, 1.0, 0.8333, 0.875, 0.1667, 1.0, 1.0, 0.875, 0.8889, 0.9231, 0.8333, 1.0, 0.7143, 0.5714, 0.8333, 1.0, 0.9, 1.0, 0.8889, 0.6, 0.6364, 0.8333, 0.0, 0.7778, 0.9, 0.8571, 1.0, 0.5, 1.0, 1.0, 0.3333, 1.0, 0.7778, 0.5556, 1.0, 1.0, 1.0, 0.875, 0.0, 0.8182, 0.7143, 0.25, 0.8571, 0.8889, 0.9, 1.0, 0.0, 1.0, 0.75, 0.0, 0.6, 0.7143, 0.9091, 0.7143, 0.8, 0.7778, 0.875, 0.1429, 0.8]"
line_manager_first,1.0,3,line_manager_first,0.425,0.425,0.425,0.0,32,True,850,0,297,853,0,"[0.05, 0.072, 0.0885, 0.103, 0.1215, 0.147, 0.1725, 0.199, 0.228, 0.2595, 0.281, 0.2965, 0.3115, 0.3275, 0.343, 0.353, 0.359, 0.3655, 0.3715, 0.3775, 0.3845, 0.3885, 0.39, 0.392, 0.3945, 0.398, 0.403, 0.4095, 0.415, 0.4185, 0.421, 0.425, 0.425, 0.425, 0.425, 0.425, 0.425, 0.425, 0.425, 0.425, 0.425, 0.425, 0.425, 0.425, 0.425, 0.425, 0.425, 0.425, 0.425, 0.425, 0.425, 0.425, 0.425, 0.425, 0.425, 0.425, 0.425, 0.425, 0.425, 0.425, 0.425, 0.425, 0.425, 0.425, 0.425, 0.425, 0.425, 0.425, 0.425, 0.425, 0.425, 0.425, 0.425, 0.425, 0.425, 0.425, 0.425, 0.425, 0.425, 0.425, 0.425, 0.425, 0.425, 0.425, 0.425, 0.425, 0.425, 0.425, 0.425, 0.425, 0.425, 0.425, 0.425, 0.425, 0.425, 0.425, 0.425, 0.425, 0.425, 0.425, 0.425]","{""0"": 0.4373, ""1"": 0.8771, ""2"": 0.255, ""3"": 0.0463, ""4"": 0.0714, ""5"": 0.5198, ""6"": 0.4089, ""7"": 0.841}","[0.7778, 0.0833, 0.875, 0.0, 0.0, 0.0, 0.8462, 0.0, 1.0, 0.1111, 1.0, 0.0, 0.0, 0.0, 1.0, 0.0, 0.8462, 0.0, 0.8, 0.1111, 0.0, 0.1111, 1.0, 0.125, 0.8333, 0.1111, 0.8, 0.0, 0.0, 0.2, 0.7778, 0.0, 0.7778, 0.0, 0.875, 0.125, 0.0, 0.2222, 0.75, 0.1667, 1.0, 0.1667, 0.9167, 0.0909, 0.1429, 0.1429, 0.7143, 1.0, 0.6667, 0.0, 0.875, 0.0, 0.0, 0.0, 0.5, 0.6667, 0.75, 0.1667, 1.0, 0.0, 0.0, 0.0, 1.0, 1.0, 1.0, 0.0, 0.875, 0.125, 0.0, 0.0, 1.0, 0.9231, 0.7778, 0.1429, 0.9, 0.0, 0.0, 0.1111, 0.8182, 1.0, 0.8333, 0.1111, 1.0, 0.0, 0.1111, 0.125, 1.0, 1.0, 0.7778, 0.0, 1.0, 0.0, 0.0, 0.0, 0.8333, 0.8333, 0.75, 0.1667, 0.7143, 0.2, 0.1111, 0.0, 1.0, 1.0, 1.0, 0.0, 1.0, 0.0, 0.1667, 0.1429, 0.8571, 0.875, 0.5714, 0.1111, 0.8333, 0.0, 0.1111, 0.0, 0.7778, 0.8, 0.625, 0.0, 1.0, 0.1429, 0.0, 0.2, 0.75, 1.0, 1.0, 0.1111, 0.7143, 0.1429, 0.0, 0.1667, 0.625, 1.0, 0.875, 1.0, 0.6667, 0.1111, 0.2, 0.1111, 0.0, 0.75, 0.75, 1.0, 1.0, 0.6667, 0.0, 0.0769, 0.0909, 0.75, 1.0, 0.8, 0.8, 0.5, 0.0833, 0.0, 0.0, 0.1111, 0.7778, 0.6667, 0.8571, 1.0, 0.0, 0.2, 0.0, 0.0, 0.6, 0.8125, 1.0, 0.875, 0.0, 0.0, 0.2, 0.0, 0.8, 0.9, 0.9167, 0.8182, 0.0, 0.2, 0.0, 0.125, 1.0, 1.0, 0.8, 0.7143, 0.1429, 0.0, 0.0, 0.0, 0.875, 1.0, 0.8571, 0.6667, 0.0, 0.0, 0.1429, 0.0, 1.0, 0.8, 1.0, 1.0, 0.0, 0.0, 0.0, 0.0909, 1.0, 0.7778, 0.8333, 0.6667, 0.25, 0.0, 0.1, 0.0, 0.8333, 0.8571, 0.8, 0.0, 0.0833, 0.0, 0.0, 0.0, 0.6667, 0.75, 1.0, 0.0, 0.0, 0.0, 0.0, 0.0, 1.0, 1.0, 0.8571, 0.2, 0.0, 0.1429, 1.0, 0.2, 0.75, 0.8889, 0.7273, 0.0909, 0.0, 0.0, 1.0, 0.125, 0.8182, 0.375]"
line_manager_first,1.0,4,line_manager_first,0.6675,0.6675,0.6675,-0.0,57,True,1335,0,288,377,0,"[0.05, 0.0705, 0.083, 0.1025, 0.127, 0.1525, 0.1765, 0.198, 0.213, 0.226, 0.246, 0.2645, 0.281, 0.305, 0.3265, 0.346, 0.3655, 0.3865, 0.407, 0.424, 0.44, 0.4555, 0.469, 0.483, 0.4945, 0.512, 0.5225, 0.534, 0.5465, 0.5565, 0.567, 0.5815, 0.5895, 0.595, 0.6005, 0.6065, 0.613, 0.6175, 0.6195, 0.623, 0.6275, 0.63, 0.632, 0.6365, 0.64, 0.643, 0.645, 0.646, 0.6475, 0.6495, 0.6515, 0.653, 0.6545, 0.6575, 0.66, 0.665, 0.6675, 0.6675, 0.6675, 0.6675, 0.6675, 0.6675, 0.6675, 0.6675, 0.6675, 0.6675, 0.6675, 0.6675, 0.6675, 0.6675, 0.6675, 0.6675, 0.6675, 0.6675, 0.6675, 0.6675, 0.6675, 0.6675, 0.6675, 0.6675, 0.6675, 0.6675, 0.6675, 0.6675, 0.6675, 0.6675, 0.6675, 0.6675, 0.6675, 0.6675, 0.6675, 0.6675, 0.6675, 0.6675, 0.6675, 0.6675, 0.6675, 0.6675, 0.6675, 0.6675, 0.6675]","{""0"": 0.8601, ""1"": 0.8631, ""2"": 0.2351, ""3"": 0.8498, ""4"": 0.6654, ""5"": 0.3427, ""6"": 0.6758, ""7"": 0.8583}","[1.0, 1.0, 1.0, 0.0, 0.6667, 1.0, 0.1429, 0.0, 1.0, 0.625, 1.0, 0.0, 0.8889, 0.9, 0.0, 0.0, 0.5714, 0.6364, 1.0, 0.0, 0.7, 1.0, 0.0, 0.0, 1.0, 1.0, 0.75, 0.125, 0.8, 1.0, 0.0, 0.0, 1.0, 0.625, 1.0, 0.3333, 0.8, 0.8333, 0.0, 0.0, 0.7143, 0.75, 1.0, 0.1111, 0.7143, 0.875, 0.0, 0.7273, 0.7273, 0.8889, 0.8889, 0.5, 0.7778, 0.8, 0.1111, 0.625, 0.9091, 1.0, 0.8, 0.0, 1.0, 0.8889, 0.3333, 0.7778, 0.7, 0.6667, 0.4286, 0.0, 1.0, 0.875, 0.625, 1.0, 0.9, 1.0, 0.7, 0.0, 0.875, 0.8, 0.8889, 1.0, 1.0, 0.9091, 0.8571, 0.1429, 0.7778, 1.0, 1.0, 0.6364, 0.8889, 0.7778, 0.8, 0.0, 1.0, 1.0, 0.6, 1.0, 0.8333, 1.0, 1.0, 0.0, 1.0, 0.625, 1.0, 0.6667, 1.0, 0.8571, 1.0, 0.0, 0.8571, 1.0, 0.8889, 0.8889, 0.8571, 0.7, 0.8462, 0.0, 1.0, 0.9, 0.7143, 0.75, 1.0, 0.625, 0.9, 0.0, 1.0, 0.6667, 0.8571, 1.0, 1.0, 0.8333, 0.7, 0.0, 1.0, 0.875, 1.0, 0.7143, 1.0, 1.0, 1.0, 0.0, 0.75, 0.9231, 0.9, 0.8333, 0.8571, 1.0, 0.8, 0.125, 0.8571, 0.8571, 1.0, 0.8, 1.0, 1.0, 0.9, 0.2, 1.0, 0.0, 0.1111, 0.75, 0.75, 0.875, 1.0, 0.0769, 0.8, 0.1111, 0.0, 0.75, 0.8889, 1.0, 0.8889, 0.125, 0.8, 0.0, 0.0, 1.0, 0.8889, 0.9, 0.7143, 0.125, 1.0, 0.0, 0.1, 1.0, 0.6, 0.6667, 0.8333, 0.5, 0.6667, 0.0, 0.0833, 1.0, 0.6667, 1.0, 0.875, 1.0, 0.9, 0.0769, 0.0, 0.8, 1.0, 0.8333, 0.7143, 1.0, 1.0, 0.0, 0.0, 0.8889, 1.0, 0.875, 1.0, 0.8333, 0.625, 0.0, 0.125, 1.0, 1.0, 0.8333, 0.8571, 1.0, 0.8889, 0.8333, 0.0, 1.0, 0.7143, 0.8333, 1.0, 1.0, 0.6154, 0.9, 0.1, 1.0, 0.8571, 1.0, 0.6667, 0.8, 0.9, 1.0, 0.1818, 0.8, 0.75, 1.0, 0.9, 0.0, 0.875, 0.8, 0.1429, 0.0, 0.8, 1.0]"
line_manager_first,1.0,5,line_manager_first,0.79,0.79,0.79,0.0,47,True,1580,0,262,158,0,"[0.05, 0.068, 0.086, 0.1025, 0.1245, 0.1525, 0.182, 0.2115, 0.2415, 0.2735, 0.3075, 0.3335, 0.3575, 0.384, 0.413, 0.4365, 0.457, 0.484, 0.5035, 0.519, 0.532, 0.543, 0.5545, 0.567, 0.5765, 0.5855, 0.604, 0.6195, 0.635, 0.6565, 0.6705, 0.68, 0.6915, 0.703, 0.7115, 0.719, 0.7265, 0.738, 0.75, 0.759, 0.7645, 0.769, 0.7725, 0.779, 0.782, 0.785, 0.79, 0.79, 0.79, 0.79, 0.79, 0.79, 0.79, 0.79, 0.79, 0.79, 0.79, 0.79, 0.79, 0.79, 0.79, 0.79, 0.79, 0.79, 0.79, 0.79, 0.79, 0.79, 0.79, 0.79, 0.79, 0.79, 0.79, 0.79, 0.79, 0.79, 0.79, 0.79, 0.79, 0.79, 0.79, 0.79, 0.79, 0.79, 0.79, 0.79, 0.79, 0.79, 0.79, 0.79, 0.79, 0.79, 0.79, 0.79, 0.79, 0.79, 0.79, 0.79, 0.79, 0.79, 0.79]","{""0"": 0.8856, ""1"": 0.5658, ""2"": 0.8638, ""3"": 0.8775, ""4"": 0.8779, ""5"": 0.8646, ""6"": 0.7311, ""7"": 0.6284}","[1.0, 1.0, 0.0, 0.7143, 0.8571, 0.75, 0.7143, 1.0, 0.6667, 1.0, 0.8889, 0.8333, 0.8889, 1.0, 1.0, 0.75, 0.9, 0.8333, 0.9091, 0.6, 0.8333, 0.6667, 0.9, 0.8571, 0.9167, 1.0, 0.8333, 0.8571, 1.0, 0.7778, 0.75, 1.0, 1.0, 0.7273, 1.0, 0.8, 1.0, 1.0, 0.9, 0.1667, 0.8333, 0.8889, 1.0, 1.0, 0.9, 1.0, 1.0, 0.1429, 0.8333, 1.0, 1.0, 0.8, 0.9167, 0.9, 1.0, 0.0, 0.8571, 0.7778, 0.6923, 0.8889, 0.8, 0.9, 1.0, 0.0, 0.8462, 0.75, 1.0, 0.9, 0.8, 0.9, 0.8333, 0.0, 1.0, 0.8, 0.75, 1.0, 1.0, 1.0, 1.0, 0.1, 1.0, 0.8571, 0.8889, 0.7143, 0.8, 0.8, 0.5, 0.875, 1.0, 1.0, 0.7143, 1.0, 1.0, 0.8333, 0.8571, 0.8333, 0.75, 0.9, 0.8333, 0.6667, 0.875, 1.0, 1.0, 1.0, 0.3333, 1.0, 0.8333, 1.0, 0.8333, 1.0, 0.7143, 0.875, 0.0, 0.8571, 0.875, 1.0, 1.0, 0.625, 1.0, 1.0, 0.0, 0.6667, 0.6667, 0.875, 0.75, 0.875, 0.9167, 1.0, 0.0, 0.8, 1.0, 0.7143, 0.8889, 0.875, 1.0, 1.0, 0.1429, 1.0, 0.8333, 0.875, 1.0, 0.8571, 1.0, 0.7143, 0.0, 1.0, 0.4, 0.8571, 1.0, 0.75, 0.8571, 0.9167, 0.0, 0.8571, 0.8889, 1.0, 0.9, 0.9, 1.0, 0.875, 0.0, 0.9, 1.0, 0.8571, 1.0, 0.875, 0.625, 0.9, 0.0, 0.8889, 0.1111, 0.8889, 1.0, 1.0, 0.6, 1.0, 0.8, 1.0, 0.0833, 0.8333, 0.6667, 0.7857, 1.0, 1.0, 0.6, 1.0, 0.1111, 0.8889, 0.875, 0.8333, 0.875, 1.0, 0.8, 0.8333, 0.1429, 0.7273, 0.5714, 0.625, 0.8571, 1.0, 0.8571, 0.9, 0.4, 1.0, 0.8571, 0.8, 0.8333, 0.5714, 1.0, 0.8571, 0.1667, 0.875, 0.8889, 1.0, 1.0, 0.9, 1.0, 0.7143, 0.0, 0.5714, 0.6667, 1.0, 0.8889, 0.875, 0.6667, 0.9231, 0.1667, 0.8889, 0.75, 1.0, 0.8571, 0.75, 0.8571, 1.0, 0.0, 0.9, 1.0, 1.0, 0.7857, 0.6667, 1.0, 0.7, 0.0, 1.0, 0.875, 1.0, 1.0, 0.8333, 0.875, 0.8889]"
line_manager_first,1.0,6,line_manager_first,0.637,0.637,0.637,-0.0,30,True,1274,0,269,457,0,"[0.05, 0.071, 0.089, 0.1095, 0.135, 0.1625, 0.191, 0.2265, 0.261, 0.2985, 0.33, 0.351, 0.3725, 0.3955, 0.4095, 0.4225, 0.436, 0.4555, 0.476, 0.4935, 0.5135, 0.5335, 0.5555, 0.5755, 0.5915, 0.606, 0.6215, 0.633, 0.636, 0.637, 0.637, 0.637, 0.637, 0.637, 0.637, 0.637, 0.637, 0.637, 0.637, 0.637, 0.637, 0.637, 0.637, 0.637, 0.637, 0.637, 0.637, 0.637, 0.637, 0.637, 0.637, 0.637, 0.637, 0.637, 0.637, 0.637, 0.637, 0.637, 0.637, 0.637, 0.637, 0.637, 0.637, 0.637, 0.637, 0.637, 0.637, 0.637, 0.637, 0.637, 0.637, 0.637, 0.637, 0.637, 0.637, 0.637, 0.637, 0.637, 0.637, 0.637, 0.637, 0.637, 0.637, 0.637, 0.637, 0.637, 0.637, 0.637, 0.637, 0.637, 0.637, 0.637, 0.637, 0.637, 0.637, 0.637, 0.637, 0.637, 0.637, 0.637, 0.637]","{""0"": 0.5946, ""1"": 0.0615, ""2"": 0.2955, ""3"": 0.7049, ""4"": 0.8717, ""5"": 0.8775, ""6"": 0.8566, ""7"": 0.905}","[1.0, 0.0909, 0.0, 0.9, 0.7, 1.0, 0.9091, 0.7, 0.8571, 0.0, 0.0, 0.8571, 0.8571, 1.0, 0.8889, 1.0, 1.0, 0.0769, 0.0, 0.8571, 0.8462, 0.8889, 1.0, 0.6667, 0.8, 0.0, 0.1667, 0.1, 0.8571, 0.8889, 1.0, 1.0, 1.0, 0.0, 0.0, 0.0, 1.0, 0.6, 0.6667, 0.8, 0.75, 0.0, 0.2, 0.0, 0.875, 0.9, 0.8462, 0.875, 0.6667, 0.125, 0.0, 0.125, 1.0, 0.8, 0.7143, 0.8, 0.9, 0.125, 0.0769, 0.9, 1.0, 1.0, 0.8333, 0.8889, 0.75, 0.0, 0.25, 1.0, 1.0, 1.0, 0.8333, 0.7143, 0.75, 0.8182, 0.0, 0.6, 0.8333, 0.7143, 1.0, 1.0, 1.0, 0.5, 0.0, 1.0, 0.4286, 1.0, 1.0, 1.0, 1.0, 0.9, 0.0, 0.25, 0.8571, 1.0, 1.0, 1.0, 1.0, 0.875, 0.0, 0.0769, 0.8333, 0.5, 0.9091, 0.8333, 1.0, 0.75, 0.1, 0.0, 0.7143, 0.75, 1.0, 1.0, 0.8889, 1.0, 0.1111, 0.0, 0.7778, 1.0, 0.7778, 0.75, 1.0, 0.8333, 0.0, 0.1667, 1.0, 1.0, 1.0, 0.8333, 1.0, 1.0, 0.0, 0.0, 0.8333, 0.7273, 0.8571, 0.6667, 0.7, 0.7778, 0.0, 0.375, 0.8571, 0.8889, 0.7143, 0.6667, 1.0, 1.0, 0.2, 0.6, 0.4444, 0.875, 0.875, 0.75, 0.8, 0.7778, 0.1818, 0.0, 0.0, 0.7778, 0.7778, 1.0, 0.8571, 0.875, 0.0, 0.0, 0.0, 1.0, 0.8333, 0.75, 0.8889, 1.0, 0.125, 0.0, 0.0, 1.0, 1.0, 1.0, 1.0, 1.0, 0.0, 0.0, 0.0833, 0.875, 0.4286, 0.875, 1.0, 0.875, 0.1, 0.0, 0.8182, 0.6, 0.8889, 1.0, 1.0, 1.0, 0.0, 0.0, 0.8889, 1.0, 1.0, 0.7857, 1.0, 0.75, 0.0, 0.0, 0.875, 0.8889, 1.0, 0.8182, 0.875, 0.8571, 0.0, 0.0, 0.75, 0.8333, 0.6, 0.8889, 1.0, 1.0, 0.125, 0.1111, 0.6667, 1.0, 0.9091, 0.8, 1.0, 0.8571, 0.0769, 0.8571, 1.0, 0.875, 0.9286, 0.7, 0.9, 0.7143, 0.0769, 1.0, 0.8571, 1.0, 1.0, 1.0, 0.9091, 1.0, 0.1429, 1.0, 0.8333, 1.0, 0.8571, 1.0, 0.8182, 0.75]"
line_manager_first,1.0,7,line_manager_first,0.6965,0.6965,0.6965,-0.0,53,True,1393,0,269,338,0,"[0.05, 0.069, 0.0835, 0.0955, 0.104, 0.1155, 0.131, 0.147, 0.1615, 0.1735, 0.1935, 0.214, 0.2305, 0.244, 0.2555, 0.267, 0.282, 0.3025, 0.3205, 0.34, 0.363, 0.3825, 0.403, 0.422, 0.4365, 0.455, 0.4815, 0.508, 0.5265, 0.553, 0.59, 0.6165, 0.634, 0.6465, 0.6555, 0.6615, 0.662, 0.663, 0.664, 0.666, 0.669, 0.6705, 0.671, 0.672, 0.674, 0.6775, 0.6805, 0.684, 0.688, 0.69, 0.6915, 0.6945, 0.6965, 0.6965, 0.6965, 0.6965, 0.6965, 0.6965, 0.6965, 0.6965, 0.6965, 0.6965, 0.6965, 0.6965, 0.6965, 0.6965, 0.6965, 0.6965, 0.6965, 0.6965, 0.6965, 0.6965, 0.6965, 0.6965, 0.6965, 0.6965, 0.6965, 0.6965, 0.6965, 0.6965, 0.6965, 0.6965, 0.6965, 0.6965, 0.6965, 0.6965, 0.6965, 0.6965, 0.6965, 0.6965, 0.6965, 0.6965, 0.6965, 0.6965, 0.6965, 0.6965, 0.6965, 0.6965, 0.6965, 0.6965, 0.6965]","{""0"": 0.8918, ""1"": 0.6091, ""2"": 0.7946, ""3"": 0.8792, ""4"": 0.7901, ""5"": 0.8635, ""6"": 0.7126, ""7"": 0.0549}","[0.8889, 0.75, 0.0, 0.75, 0.6667, 0.9, 1.0, 0.9, 0.0, 1.0, 0.0, 0.1111, 1.0, 0.8, 0.6667, 0.0, 0.125, 1.0, 1.0, 0.0, 1.0, 0.8333, 0.7143, 0.0, 0.2, 1.0, 0.75, 0.3333, 1.0, 0.875, 0.7778, 0.0, 0.1111, 1.0, 1.0, 0.6667, 0.75, 1.0, 0.875, 0.0, 0.0, 1.0, 0.6, 0.7143, 0.75, 1.0, 1.0, 0.0, 0.0909, 1.0, 0.7143, 0.8333, 1.0, 0.7778, 1.0, 0.0, 0.125, 0.875, 0.8182, 1.0, 1.0, 1.0, 1.0, 0.9, 0.0, 1.0, 0.8, 1.0, 0.8, 0.25, 0.625, 0.8571, 0.0, 1.0, 0.8889, 1.0, 1.0, 0.0, 0.7, 0.875, 0.0, 0.8, 0.8, 1.0, 1.0, 0.1111, 0.6667, 0.8182, 0.0, 1.0, 0.9, 1.0, 0.9, 0.75, 1.0, 1.0, 0.0, 0.625, 0.7778, 0.75, 1.0, 1.0, 0.9091, 1.0, 0.1429, 1.0, 0.8, 0.875, 0.6667, 0.8889, 0.7778, 0.7143, 0.0833, 0.75, 0.8333, 0.8571, 0.8889, 1.0, 1.0, 0.8571, 0.0, 1.0, 0.875, 0.8889, 0.8333, 0.625, 1.0, 0.8, 0.2, 0.8571, 0.9, 0.7778, 1.0, 0.8333, 0.75, 1.0, 0.0, 0.8571, 0.9, 0.75, 0.8571, 0.7143, 0.9091, 0.6667, 0.125, 0.6667, 0.6667, 1.0, 0.9, 0.8182, 0.875, 0.9167, 0.0, 1.0, 1.0, 1.0, 0.9231, 0.6667, 0.9167, 1.0, 0.1667, 0.875, 0.8571, 0.8182, 1.0, 0.9091, 1.0, 0.8, 0.0, 0.8333, 1.0, 0.875, 0.9091, 1.0, 0.8333, 0.6667, 0.0, 1.0, 0.6667, 0.75, 0.9, 0.8333, 0.8571, 0.9091, 0.0, 0.8571, 0.8889, 1.0, 1.0, 0.9167, 0.4, 1.0, 0.0, 1.0, 0.0, 0.7143, 0.75, 0.6667, 1.0, 1.0, 0.25, 0.8333, 0.0, 1.0, 0.8182, 1.0, 0.875, 1.0, 0.0, 1.0, 0.1429, 0.9, 0.875, 0.8, 0.8, 0.875, 0.0, 0.625, 0.0, 0.875, 0.8889, 0.9231, 1.0, 0.8182, 0.0, 0.9, 0.0, 0.7778, 0.5, 1.0, 0.7273, 1.0, 0.0, 1.0, 0.0, 0.8571, 1.0, 0.875, 1.0, 1.0, 0.0, 0.75, 0.0, 1.0, 0.6667, 0.6, 0.8889, 1.0, 0.0, 0.8333]"
line_manager_first,1.0,8,line_manager_first,0.573,0.573,0.573,-0.0,37,True,1146,0,317,537,0,"[0.05, 0.067, 0.0795, 0.0925, 0.112, 0.1415, 0.172, 0.1945, 0.2135, 0.2355, 0.2565, 0.2815, 0.3005, 0.317, 0.339, 0.3595, 0.382, 0.403, 0.4255, 0.4475, 0.466, 0.487, 0.503, 0.5135, 0.5235, 0.53, 0.536, 0.544, 0.5495, 0.554, 0.558, 0.565, 0.5665, 0.5685, 0.5705, 0.5725, 0.573, 0.573, 0.573, 0.573, 0.573, 0.573, 0.573, 0.573, 0.573, 0.573, 0.573, 0.573, 0.573, 0.573, 0.573, 0.573, 0.573, 0.573, 0.573, 0.573, 0.573, 0.573, 0.573, 0.573, 0.573, 0.573, 0.573, 0.573, 0.573, 0.573, 0.573, 0.573, 0.573, 0.573, 0.573, 0.573, 0.573, 0.573, 0.573, 0.573, 0.573, 0.573, 0.573, 0.573, 0.573, 0.573, 0.573, 0.573, 0.573, 0.573, 0.573, 0.573, 0.573, 0.573, 0.573, 0.573, 0.573, 0.573, 0.573, 0.573, 0.573, 0.573, 0.573, 0.573, 0.573]","{""0"": 0.8532, ""1"": 0.3475, ""2"": 0.5654, ""3"": 0.8354, ""4"": 0.8465, ""5"": 0.0528, ""6"": 0.8502, ""7"": 0.2336}","[0.7778, 0.875, 0.0, 0.8571, 0.75, 1.0, 0.1429, 0.8889, 0.125, 0.6, 0.1111, 0.9, 0.875, 0.75, 0.0, 0.625, 0.0, 0.5556, 0.0, 0.8571, 0.5714, 1.0, 0.0, 1.0, 0.0, 1.0, 0.0, 1.0, 0.7778, 1.0, 0.125, 0.875, 0.0, 0.9, 0.125, 1.0, 0.8571, 0.75, 0.125, 1.0, 0.0, 1.0, 0.0, 0.9091, 0.9091, 0.8333, 0.0, 0.9167, 0.0, 0.6667, 0.1111, 0.8889, 0.8, 0.8889, 0.2, 0.9, 0.0, 0.8889, 0.125, 0.6, 1.0, 0.7778, 0.0, 1.0, 0.0833, 1.0, 0.1111, 0.75, 0.8571, 0.9167, 0.0, 1.0, 0.1111, 1.0, 0.0, 1.0, 0.7, 0.8571, 0.0, 0.8, 0.125, 1.0, 0.0, 1.0, 0.8889, 0.75, 0.125, 0.8571, 0.0, 0.7778, 0.0, 0.8571, 0.8889, 0.8333, 0.1667, 0.75, 0.0, 0.9091, 0.0, 0.75, 1.0, 0.75, 0.0, 1.0, 0.0, 0.8, 0.0, 0.7778, 1.0, 0.7, 0.125, 0.875, 0.0, 0.6667, 1.0, 1.0, 0.875, 0.7778, 0.0, 0.8, 0.0, 0.8333, 0.7273, 1.0, 0.8571, 0.8, 0.0, 0.8571, 0.75, 0.8, 1.0, 1.0, 0.75, 0.75, 0.0, 0.7143, 0.9, 1.0, 0.6667, 0.8333, 0.875, 0.8889, 0.0, 1.0, 0.75, 0.8333, 1.0, 1.0, 1.0, 0.8571, 0.0, 0.9167, 0.75, 1.0, 0.75, 0.75, 0.8, 1.0, 0.2, 0.8182, 1.0, 0.8333, 0.875, 0.8, 0.6, 1.0, 0.1, 0.3333, 0.75, 0.9, 0.0714, 0.0, 0.5714, 0.9, 0.0, 0.8, 0.8333, 0.75, 0.5556, 0.125, 0.8333, 0.8333, 0.2, 0.8571, 0.0, 0.8333, 0.7273, 0.0, 0.8, 1.0, 0.125, 0.8333, 0.125, 0.875, 0.8571, 0.0, 1.0, 0.7778, 0.0, 0.8462, 0.0, 0.875, 0.8571, 0.0, 1.0, 0.7, 0.0, 0.7, 0.0, 0.8333, 0.75, 0.0, 0.8571, 0.9, 0.0, 1.0, 0.125, 0.6667, 0.125, 0.25, 0.7778, 0.875, 0.1429, 1.0, 0.0, 0.75, 0.1429, 0.0769, 0.5714, 0.75, 0.0, 0.8182, 0.0, 1.0, 0.1429, 0.0, 1.0, 0.8, 0.0, 0.8, 0.1538, 1.0, 0.0, 0.0833, 0.8333, 1.0, 0.0, 0.75, 0.1667, 1.0]"
line_manager_first,1.0,9,line_manager_first,0.231,0.231,0.231,0.0,18,True,462,0,295,1243,0,"[0.05, 0.068, 0.08, 0.092, 0.1095, 0.128, 0.146, 0.162, 0.1725, 0.183, 0.195, 0.2105, 0.22, 0.225, 0.2275, 0.229, 0.2305, 0.231, 0.231, 0.231, 0.231, 0.231, 0.231, 0.231, 0.231, 0.231, 0.231, 0.231, 0.231, 0.231, 0.231, 0.231, 0.231, 0.231, 0.231, 0.231, 0.231, 0.231, 0.231, 0.231, 0.231, 0.231, 0.231, 0.231, 0.231, 0.231, 0.231, 0.231, 0.231, 0.231, 0.231, 0.231, 0.231, 0.231, 0.231, 0.231, 0.231, 0.231, 0.231, 0.231, 0.231, 0.231, 0.231, 0.231, 0.231, 0.231, 0.231, 0.231, 0.231, 0.231, 0.231, 0.231, 0.231, 0.231, 0.231, 0.231, 0.231, 0.231, 0.231, 0.231, 0.231, 0.231, 0.231, 0.231, 0.231, 0.231, 0.231, 0.231, 0.231, 0.231, 0.231, 0.231, 0.231, 0.231, 0.231, 0.231, 0.231, 0.231, 0.231, 0.231, 0.231]","{""0"": 0.1316, ""1"": 0.0422, ""2"": 0.4962, ""3"": 0.068, ""4"": 0.1833, ""5"": 0.6691, ""6"": 0.1137, ""7"": 0.064}","[0.5556, 0.0, 0.0, 0.6364, 0.1111, 0.0, 0.6429, 0.25, 0.0, 0.25, 0.3333, 1.0, 0.1, 0.0, 0.2308, 1.0, 0.0, 0.0, 0.6, 1.0, 0.1429, 0.2, 0.1667, 0.8, 0.0, 0.0, 0.0, 1.0, 0.0, 0.1111, 0.1, 0.1667, 0.0, 0.0, 0.0, 0.8, 0.0, 0.0, 0.2857, 0.0, 0.0, 0.3333, 0.0, 1.0, 0.0, 0.0, 0.1429, 0.0, 0.0, 0.0, 0.0, 0.8889, 0.0, 0.0, 0.125, 0.125, 0.125, 0.25, 0.0, 1.0, 0.0, 0.6, 0.6, 0.0, 0.1, 0.0, 0.0, 0.8462, 0.0, 0.8571, 1.0, 0.25, 0.0, 0.0, 0.0, 0.3333, 0.0, 1.0, 0.9, 0.0, 0.3333, 0.0, 0.1, 0.0, 0.0, 0.75, 0.0, 0.0909, 0.0, 0.2, 0.0, 0.2, 0.0, 0.8889, 0.0, 0.0, 0.0, 0.6667, 0.0, 0.1, 0.1667, 0.75, 1.0, 0.0, 0.1429, 0.875, 0.125, 0.0, 0.0, 0.125, 1.0, 0.0, 0.1429, 0.8571, 0.0, 0.0769, 0.0, 0.2, 1.0, 0.1429, 0.0, 0.125, 0.0, 0.125, 0.0, 0.0, 0.9091, 0.125, 0.0, 0.1667, 0.125, 0.125, 0.2857, 0.2, 0.6667, 0.375, 0.0, 0.2, 0.1111, 0.0, 0.1111, 0.0, 0.8571, 0.0909, 0.1111, 0.1667, 0.0, 0.1429, 0.0, 0.0, 1.0, 0.5714, 0.0, 0.0, 0.0, 0.0909, 0.0, 0.2, 0.7, 0.125, 0.1429, 0.0, 0.0, 0.0, 0.0, 0.0, 1.0, 0.0, 0.125, 0.0, 0.0, 0.1429, 0.1, 0.1111, 0.8462, 0.0, 0.1429, 0.0, 0.1, 0.1, 0.1667, 0.2, 0.8571, 0.0, 0.0, 0.0, 0.0, 1.0, 0.1429, 0.0, 0.875, 0.2, 0.1429, 0.1667, 0.0, 0.6667, 0.1, 0.1429, 0.9091, 0.125, 0.1111, 0.0, 0.0, 0.7143, 0.0, 0.0, 1.0, 0.0, 0.0909, 0.0, 0.125, 0.75, 0.1111, 0.0, 0.8889, 0.2, 0.0, 0.0, 0.0, 0.8571, 0.2, 0.0, 0.75, 0.0, 0.1667, 0.1667, 0.0, 0.8, 0.1, 0.0, 0.8, 0.0833, 0.0, 0.0, 0.0, 0.7143, 0.125, 0.0, 1.0, 0.1111, 0.0, 0.0, 0.0, 0.8889, 0.0714, 0.0, 0.7778, 0.125, 0.1429, 0.0]"
line_manager_first,1.0,10,line_manager_first,0.6485,0.6485,0.6485,-0.0,49,True,1297,0,283,420,0,"[0.05, 0.069, 0.0825, 0.1005, 0.1265, 0.1565, 0.1825, 0.213, 0.242, 0.2775, 0.299, 0.32, 0.3445, 0.3675, 0.3855, 0.402, 0.4155, 0.4285, 0.44, 0.4505, 0.4605, 0.469, 0.48, 0.4915, 0.501, 0.5145, 0.527, 0.539, 0.5525, 0.5595, 0.5665, 0.572, 0.579, 0.588, 0.5955, 0.603, 0.6065, 0.6115, 0.616, 0.6205, 0.6255, 0.6295, 0.632, 0.635, 0.6375, 0.64, 0.643, 0.646, 0.6485, 0.6485, 0.6485, 0.6485, 0.6485, 0.6485, 0.6485, 0.6485, 0.6485, 0.6485, 0.6485, 0.6485, 0.6485, 0.6485, 0.6485, 0.6485, 0.6485, 0.6485, 0.6485, 0.6485, 0.6485, 0.6485, 0.6485, 0.6485, 0.6485, 0.6485, 0.6485, 0.6485, 0.6485, 0.6485, 0.6485, 0.6485, 0.6485, 0.6485, 0.6485, 0.6485, 0.6485, 0.6485, 0.6485, 0.6485, 0.6485, 0.6485, 0.6485, 0.6485, 0.6485, 0.6485, 0.6485, 0.6485, 0.6485, 0.6485, 0.6485, 0.6485, 0.6485]","{""0"": 0.8656, ""1"": 0.8854, ""2"": 0.405, ""3"": 0.6454, ""4"": 0.196, ""5"": 0.7258, ""6"": 0.5625, ""7"": 0.874}","[0.8889, 1.0, 0.6667, 1.0, 1.0, 0.1111, 0.3, 0.125, 0.7778, 0.9091, 1.0, 0.8333, 0.6667, 0.1111, 0.2, 0.3333, 1.0, 1.0, 0.8333, 0.6, 0.8571, 0.1667, 0.5, 0.0909, 0.8333, 0.8333, 0.9091, 0.8, 0.8571, 0.0, 0.0, 0.0, 0.8571, 0.8571, 0.7778, 0.2222, 0.9091, 0.1667, 0.0, 0.0, 0.75, 0.875, 0.6667, 0.0, 1.0, 0.0, 0.0, 0.0, 0.6667, 0.9, 1.0, 0.125, 1.0, 0.125, 0.8333, 0.25, 1.0, 0.8, 1.0, 0.2222, 0.6, 0.0, 0.8, 0.0, 0.875, 0.8571, 0.875, 0.125, 0.8333, 0.1667, 0.7857, 0.1818, 0.8889, 0.6667, 0.9167, 0.0, 0.9, 0.8, 0.7778, 0.1429, 0.8333, 0.9091, 0.7143, 0.0, 0.6667, 0.6667, 0.8333, 0.5556, 0.8333, 0.6667, 0.8333, 0.0, 0.7, 0.7143, 0.8333, 0.5, 0.8889, 0.8571, 0.8333, 0.1111, 0.8889, 0.7778, 1.0, 0.6667, 0.75, 0.9, 0.8571, 0.0, 1.0, 0.875, 0.9167, 1.0, 0.8889, 0.6667, 0.7857, 0.1111, 0.4444, 0.6667, 0.75, 0.8462, 1.0, 1.0, 0.8333, 0.0, 0.8333, 0.0769, 1.0, 1.0, 0.875, 0.875, 0.8571, 0.0, 0.8889, 0.0, 0.75, 0.8571, 0.8182, 0.8571, 0.9, 0.0, 0.0, 0.0, 0.875, 0.8333, 1.0, 1.0, 1.0, 0.0, 0.0, 0.0, 1.0, 1.0, 0.9167, 1.0, 1.0, 0.0, 0.0714, 0.1, 1.0, 0.8571, 1.0, 0.75, 0.7778, 0.0, 0.0, 0.0, 0.8333, 0.8333, 0.8571, 0.8333, 1.0, 0.0833, 0.0, 0.2, 0.875, 1.0, 1.0, 0.9091, 1.0, 1.0, 0.0, 0.0, 0.8571, 1.0, 0.875, 0.75, 0.8, 0.9, 0.6, 0.1, 0.7778, 0.75, 0.8, 1.0, 1.0, 0.6667, 1.0, 0.0, 1.0, 1.0, 1.0, 0.7647, 1.0, 0.8571, 1.0, 0.1429, 0.9, 0.9, 0.9091, 0.9, 0.8571, 1.0, 1.0, 0.1, 0.8333, 1.0, 0.875, 1.0, 0.8333, 0.9167, 0.8462, 0.0, 0.7778, 0.8, 0.9091, 1.0, 1.0, 0.9, 1.0, 0.0, 0.7778, 0.8889, 0.8571, 0.7778, 1.0, 0.7143, 0.5, 0.0, 0.6667, 0.25, 0.625, 0.9, 0.9, 1.0, 0.8571, 0.0, 0.5714, 0.0, 0.9, 0.875]"
line_manager_first,1.0,11,line_manager_first,0.764,0.764,0.764,0.0,66,True,1528,0,289,183,0,"[0.05, 0.069, 0.0835, 0.0985, 0.1195, 0.1425, 0.1645, 0.186, 0.202, 0.214, 0.225, 0.243, 0.261, 0.284, 0.3055, 0.319, 0.3365, 0.359, 0.379, 0.4025, 0.424, 0.4385, 0.4505, 0.4595, 0.471, 0.478, 0.4885, 0.501, 0.5085, 0.518, 0.528, 0.5335, 0.538, 0.549, 0.5635, 0.575, 0.586, 0.5955, 0.6035, 0.6135, 0.6285, 0.644, 0.655, 0.6655, 0.6745, 0.684, 0.696, 0.706, 0.7135, 0.7165, 0.7175, 0.7185, 0.7195, 0.722, 0.7245, 0.726, 0.7285, 0.7305, 0.732, 0.734, 0.739, 0.743, 0.748, 0.7545, 0.76, 0.764, 0.764, 0.764, 0.764, 0.764, 0.764, 0.764, 0.764, 0.764, 0.764, 0.764, 0.764, 0.764, 0.764, 0.764, 0.764, 0.764, 0.764, 0.764, 0.764, 0.764, 0.764, 0.764, 0.764, 0.764, 0.764, 0.764, 0.764, 0.764, 0.764, 0.764, 0.764, 0.764, 0.764, 0.764, 0.764]","{""0"": 0.8462, ""1"": 0.8456, ""2"": 0.8884, ""3"": 0.8502, ""4"": 0.8528, ""5"": 0.8645, ""6"": 0.8831, ""7"": 0.0766}","[0.6667, 0.9, 0.8571, 0.875, 0.7778, 0.875, 1.0, 0.8571, 0.0, 0.75, 0.8889, 1.0, 0.8, 0.9, 0.9091, 0.8, 0.0, 0.75, 0.8333, 0.8889, 1.0, 0.8571, 1.0, 0.8, 0.0, 0.875, 1.0, 0.7143, 0.9, 0.8333, 0.8571, 1.0, 0.0, 0.875, 0.6667, 1.0, 0.7143, 0.8571, 1.0, 0.8, 0.0, 0.8571, 0.75, 0.875, 0.6667, 0.8333, 0.8889, 0.8571, 0.25, 0.8889, 1.0, 1.0, 0.8333, 1.0, 1.0, 1.0, 0.1667, 0.5714, 0.8889, 1.0, 0.9091, 0.8, 0.8571, 0.6667, 0.0, 0.8462, 0.8333, 0.8333, 0.9286, 0.8, 0.7778, 0.6667, 0.0, 0.8571, 1.0, 0.8571, 1.0, 1.0, 0.6, 0.8889, 0.0, 1.0, 0.7778, 1.0, 0.7143, 1.0, 1.0, 1.0, 0.1, 0.75, 0.8889, 0.625, 0.625, 1.0, 0.8, 1.0, 0.0909, 0.8571, 0.8889, 0.7778, 0.7143, 1.0, 0.875, 0.875, 0.1, 1.0, 0.8333, 1.0, 0.75, 0.8571, 0.875, 1.0, 0.0, 0.8889, 0.8, 0.8, 1.0, 1.0, 1.0, 1.0, 0.0, 0.8571, 0.8889, 1.0, 0.875, 0.8333, 0.9, 0.625, 0.1111, 0.6, 0.7778, 0.8889, 0.8333, 0.8, 0.8, 1.0, 0.0, 0.9091, 0.9, 1.0, 0.875, 0.8333, 0.8182, 0.8571, 0.1111, 0.75, 0.5, 0.8, 1.0, 0.8, 0.75, 1.0, 0.1429, 1.0, 1.0, 0.8571, 0.8571, 0.8571, 0.7143, 1.0, 0.0, 0.7143, 0.7778, 1.0, 0.8571, 0.5714, 0.8889, 0.8571, 0.1111, 0.7778, 0.875, 0.7143, 1.0, 0.6667, 1.0, 0.875, 0.1429, 0.7778, 0.75, 0.7, 0.75, 1.0, 0.8333, 1.0, 0.0, 0.8571, 0.8333, 1.0, 0.8889, 0.8, 1.0, 0.6667, 0.1667, 0.8333, 0.9167, 0.8, 0.8, 0.875, 0.8182, 1.0, 0.1111, 1.0, 1.0, 1.0, 1.0, 0.8571, 0.9286, 1.0, 0.0, 1.0, 0.8333, 1.0, 0.75, 0.8182, 0.7143, 0.75, 0.0, 0.8571, 0.7, 1.0, 0.8571, 0.6, 0.75, 0.8889, 0.125, 0.6667, 0.7143, 0.8889, 0.8571, 0.8, 0.75, 0.875, 0.8571, 0.7778, 0.9091, 1.0, 0.8333, 0.75, 0.6667, 0.6667, 0.0, 0.8889, 0.9, 0.8571, 1.0, 1.0, 0.9167, 0.8571, 0.0, 1.0]"
